timestamp,UT,MET,altitude,radar_alt,vert_speed,orbital_vel,surface_vel,pitch,heading,roll,angle_prograde,dynamic_pressure,atmospheric_density,atmospheric_pressure_pa,g_force,apoapsis,periapsis,semi_major_axis,eccentricity,inclination,period,latitude,longitude,throttle,stage,solid_fuel,liquid_fuel,oxidizer,electric_charge
1791146552.67,1702723.9,0.0,79.1,6.5,0.0,0.0,0.0,89.95,270.4,0.0,90.0,0.0,1213.392209,100142.9,0.0,-600000.0,-600000.0,0.0,0.0,0.0,0.0,-0.0972,-74.55768,4.0,0,-1.0,-1.0,-1.0,-1.0
1791146553.18,1702723.9,0.5,79.1,6.5,0.0,0.0,0.0,89.95,270.4,0.0,90.0,0.0,1213.392209,100142.9,0.0,-600000.0,-600000.0,0.0,0.0,0.0,0.0,-0.0972,-74.55768,4.0,0,-1.0,-1.0,-1.0,-1.0
1791146553.68,1702723.9,1.0,79.1,6.5,0.0,0.0,0.0,89.95,270.4,0.0,90.0,0.0,1213.392209,100142.9,0.0,-600000.0,-600000.0,0.0,0.0,0.0,0.0,-0.0972,-74.55768,4.0,0,-1.0,-1.0,-1.0,-1.0
1791146554.18,1702723.9,1.5,79.1,6.5,0.0,0.0,0.0,89.95,270.4,0.0,90.0,0.0,1213.392209,100142.9,0.0,-600000.0,-600000.0,0.0,0.0,0.0,0.0,-0.0972,-74.55768,4.0,0,-1.0,-1.0,-1.0,-1.0
1791146554.68,1702723.9,2.0,79.1,6.5,0.0,0.0,0.0,89.95,270.4,0.0,90.0,0.0,1213.392209,100142.9,0.0,-600000.0,-600000.0,0.0,0.0,0.0,0.0,-0.0972,-74.55768,4.0,0,-1.0,-1.0,-1.0,-1.0
1791146555.18,1702723.9,2.5,79.1,6.5,0.0,0.0,0.0,89.95,270.4,0.0,90.0,0.0,1213.392209,100142.9,0.0,-600000.0,-600000.0,0.0,0.0,0.0,0.0,-0.0972,-74.55768,4.0,0,-1.0,-1.0,-1.0,-1.0
1791146555.69,1702723.9,3.0,79.1,6.5,0.0,0.0,0.0,89.95,270.4,0.0,90.0,0.0,1213.392209,100142.9,0.0,-600000.0,-600000.0,0.0,0.0,0.0,0.0,-0.0972,-74.55768,4.0,0,-1.0,-1.0,-1.0,-1.0
1791146556.19,1702723.9,3.5,79.1,6.5,0.0,0.0,0.0,89.95,270.4,0.0,90.0,0.0,1213.392209,100142.9,0.0,79.1,-600000.0,300039.5,1.0,90.097,549.5,-0.0972,-74.55768,4.0,0,-1.0,-1.0,-1.0,-1.0
1791146556.69,1702723.9,4.0,79.1,6.5,0.0,0.0,0.0,89.95,270.4,0.0,90.0,0.0,1213.392209,100142.9,0.0,79.1,-600000.0,300039.5,1.0,90.097,549.5,-0.0972,-74.55768,4.0,0,-1.0,-1.0,-1.0,-1.0
1791146557.2,1702723.9,4.5,79.1,6.5,0.0,0.0,0.0,89.95,270.4,0.0,90.0,0.0,1213.392209,100142.9,0.0,79.1,-600000.0,300039.5,1.0,90.097,549.5,-0.0972,-74.55768,4.0,0,-1.0,-1.0,-1.0,-1.0
1791146557.7,1702723.9,5.0,79.1,6.5,-0.0,175.0,0.0,89.96,270.4,0.0,315.73,0.0,1213.392209,100142.9,0.0,79.1,-598435.2,300821.9,0.9948,0.097,551.6,-0.0972,-74.55768,0.0,0,-1.0,-1.0,-1.0,-1.0
1791146558.2,1702723.9,5.5,79.1,6.5,-0.0,175.0,0.0,89.96,270.4,0.0,315.73,0.0,1213.392209,100142.9,0.0,79.1,-598435.2,300821.9,0.9948,0.097,551.6,-0.0972,-74.55768,0.0,0,-1.0,-1.0,-1.0,-1.0
1791146558.7,1702723.9,6.0,79.1,6.5,-0.0,175.0,0.0,89.96,270.4,0.0,315.73,0.0,1213.392209,100142.9,0.0,79.1,-598435.2,300821.9,0.9948,0.097,551.6,-0.0972,-74.55768,0.0,0,-1.0,-1.0,-1.0,-1.0
1791146559.21,1702724.0,6.5,79.1,6.5,0.0,175.0,0.0,89.96,270.4,0.0,315.73,0.0,1213.392209,100142.9,0.0,75.3,-598435.3,300820.0,0.9948,0.097,551.6,-0.0972,-74.55768,0.0,0,-1.0,-1.0,-1.0,-1.0
1791146559.71,1702724.0,7.0,79.1,6.5,0.0,175.0,0.0,89.96,270.4,0.0,315.73,0.0,1213.392209,100142.9,0.0,75.3,-598435.3,300820.0,0.9948,0.097,551.6,-0.0972,-74.55768,0.0,0,-1.0,-1.0,-1.0,-1.0
1791146560.37,1702724.0,7.7,79.1,6.5,0.0,175.0,0.0,89.96,270.4,0.0,315.73,0.0,1213.392209,100142.9,0.0,75.3,-598435.3,300820.0,0.9948,0.097,551.6,-0.0972,-74.55768,0.0,0,-1.0,-1.0,-1.0,-1.0
1791146560.87,1702724.0,8.2,79.1,6.5,0.0,175.0,0.0,89.96,270.4,0.0,315.73,0.0,1213.392209,100142.9,0.0,75.3,-598435.3,300820.0,0.9948,0.097,551.6,-0.0972,-74.55768,0.0,0,-1.0,-1.0,-1.0,-1.0
1791146561.38,1702724.3,8.7,79.1,6.5,-0.0,175.0,0.0,89.96,270.4,0.0,315.73,0.0,1213.392209,100142.9,0.0,75.3,-598435.3,300820.0,0.9948,0.097,551.6,-0.0972,-74.55768,0.0,0,-1.0,-1.0,-1.0,-1.0
1791146561.88,1702724.6,9.2,79.1,6.5,0.0,175.0,0.0,89.96,270.4,0.0,315.72,0.0,1213.392209,100142.9,0.0,75.3,-598435.3,300820.0,0.9948,0.097,551.6,-0.0972,-74.55768,0.0,0,-1.0,-1.0,-1.0,-1.0
1791146562.38,1702725.1,9.7,79.1,6.5,-0.0,175.0,0.0,89.96,270.4,0.0,315.72,0.0,1213.392209,100142.9,0.0,75.3,-598435.3,300820.0,0.9948,0.097,551.6,-0.0972,-74.55768,0.0,0,-1.0,-1.0,-1.0,-1.0
1791146562.89,1702725.5,10.2,79.0,6.5,-0.0,175.0,0.0,89.96,270.4,0.0,315.71,0.0,1213.408497,100144.6,0.0,75.2,-598435.3,300819.9,0.9948,0.097,551.6,-0.0972,-74.55768,0.0,0,-1.0,-1.0,-1.0,-1.0
1791146563.39,1702725.7,10.7,79.0,6.5,-0.0,175.0,0.0,89.96,270.4,0.0,315.71,0.0,1213.409719,100144.7,0.0,75.2,-598435.3,300819.9,0.9948,0.097,551.6,-0.0972,-74.55768,0.0,0,-1.0,-1.0,-1.0,-1.0
1791146563.89,1702725.7,11.2,79.0,6.5,-0.0,175.0,0.0,89.96,270.4,0.0,315.71,0.0,1213.409719,100144.7,0.0,75.2,-598435.3,300819.9,0.9948,0.097,551.6,-0.0972,-74.55768,0.0,0,-1.0,-1.0,-1.0,-1.0
1791146564.39,1702725.7,11.7,79.0,6.5,-0.0,175.0,0.0,89.96,270.4,0.0,315.7,0.0,1213.410181,100144.7,0.0,75.2,-598435.3,300819.9,0.9948,0.097,551.6,-0.0972,-74.55768,0.0,0,-1.0,-1.0,-1.0,-1.0
1791146564.89,1702725.7,12.2,79.0,6.5,-0.0,175.0,0.0,89.96,270.4,0.0,315.7,0.0,1213.410181,100144.7,0.0,75.2,-598435.3,300819.9,0.9948,0.097,551.6,-0.0972,-74.55768,0.0,0,-1.0,-1.0,-1.0,-1.0
1791146565.4,1702725.7,12.7,79.0,6.5,-0.0,175.0,0.0,89.96,270.4,0.0,315.7,0.0,1213.410422,100144.8,0.0,75.2,-598435.3,300819.9,0.9948,0.097,551.6,-0.0972,-74.55768,0.0,0,-1.0,-1.0,-1.0,-1.0
1791146565.9,1702726.0,13.2,79.0,6.5,0.0,175.0,0.0,89.96,270.4,0.0,315.7,0.0,1213.411033,100144.8,1.0,75.1,-598435.3,300819.9,0.9948,0.097,551.6,-0.0972,-74.55768,0.0,0,-1.0,-1.0,-1.0,-1.0
1791146566.4,1702726.5,13.7,79.0,6.5,0.0,175.0,0.0,89.96,270.4,0.0,315.69,0.0,1213.411125,100144.8,1.0,75.1,-598435.3,300819.9,0.9948,0.097,551.6,-0.0972,-74.55768,0.0,0,-1.0,-1.0,-1.0,-1.0
1791146566.91,1702727.0,14.2,79.0,6.5,0.0,175.0,0.0,89.96,270.4,0.0,315.68,0.0,1213.411125,100144.8,0.99,75.1,-598435.3,300819.9,0.9948,0.097,551.6,-0.0972,-74.55768,0.0,0,-1.0,-1.0,-1.0,-1.0
1791146567.41,1702727.5,14.7,79.0,6.5,0.0,175.0,0.0,89.96,270.4,0.0,315.67,0.0,1213.411125,100144.8,1.0,75.1,-598435.3,300819.9,0.9948,0.097,551.6,-0.0972,-74.55768,0.0,0,-1.0,-1.0,-1.0,-1.0
1791146567.91,1702728.0,15.2,79.0,6.5,0.0,175.0,0.0,89.96,270.4,0.0,315.67,0.0,1213.411125,100144.8,0.99,75.1,-598435.3,300819.9,0.9948,0.097,551.6,-0.0972,-74.55768,0.0,0,-1.0,-1.0,-1.0,-1.0
1791146568.42,1702728.5,15.7,79.0,6.5,0.0,175.0,0.0,89.96,270.4,0.0,315.66,0.0,1213.411125,100144.8,0.99,75.1,-598435.3,300819.9,0.9948,0.097,551.6,-0.0972,-74.55768,0.0,0,-1.0,-1.0,-1.0,-1.0
1791146568.92,1702729.0,16.2,79.0,6.5,0.0,175.0,0.0,89.96,270.4,0.0,315.65,0.0,1213.411125,100144.8,0.99,75.1,-598435.3,300819.9,0.9948,0.097,551.6,-0.0972,-74.55768,0.0,0,-1.0,-1.0,-1.0,-1.0
1791146569.42,1702729.5,16.7,79.0,6.5,0.0,175.0,0.0,89.96,270.4,0.0,315.64,0.0,1213.411125,100144.8,0.99,75.1,-598435.3,300819.9,0.9948,0.097,551.6,-0.0972,-74.55768,0.0,0,-1.0,-1.0,-1.0,-1.0
1791146569.92,1702730.0,17.3,79.0,6.5,0.0,175.0,0.0,89.96,270.4,0.0,315.63,0.0,1213.411125,100144.8,0.99,75.1,-598435.3,300819.9,0.9948,0.097,551.6,-0.0972,-74.55768,0.0,0,-1.0,-1.0,-1.0,-1.0
1791146570.42,1702730.6,17.8,79.0,6.5,0.0,175.0,0.0,89.96,270.4,0.0,315.62,0.0,1213.411125,100144.8,0.99,75.1,-598435.3,300819.9,0.9948,0.097,551.6,-0.0972,-74.55768,0.0,0,-1.0,-1.0,-1.0,-1.0
1791146570.93,1702731.1,18.3,79.0,6.5,0.0,175.0,0.0,89.96,270.4,0.0,315.62,0.0,1213.411125,100144.8,0.99,75.1,-598435.3,300819.9,0.9948,0.097,551.6,-0.0972,-74.55768,0.0,0,-1.0,-1.0,-1.0,-1.0
1791146571.43,1702731.6,18.8,79.0,6.5,0.0,175.0,0.0,89.96,270.4,0.0,315.61,0.0,1213.411125,100144.8,0.99,75.1,-598435.3,300819.9,0.9948,0.097,551.6,-0.0972,-74.55768,0.0,0,-1.0,-1.0,-1.0,-1.0
1791146571.93,1702732.1,19.3,79.0,6.5,0.0,175.0,0.0,89.96,270.4,0.0,315.6,0.0,1213.411125,100144.8,0.99,75.1,-598435.3,300819.9,0.9948,0.097,551.6,-0.0972,-74.55768,0.0,0,-1.0,-1.0,-1.0,-1.0
1791146572.44,1702732.6,19.8,79.0,6.5,0.0,175.0,0.0,89.96,270.4,0.0,315.59,0.0,1213.411125,100144.8,0.99,75.1,-598435.3,300819.9,0.9948,0.097,551.6,-0.0972,-74.55768,0.0,0,-1.0,-1.0,-1.0,-1.0
1791146572.94,1702733.1,20.3,79.0,6.5,0.0,175.0,0.0,89.96,270.4,0.0,315.58,0.0,1213.411125,100144.8,0.99,75.1,-598435.3,300819.9,0.9948,0.097,551.6,-0.0972,-74.55768,0.0,0,-1.0,-1.0,-1.0,-1.0
1791146573.44,1702733.5,20.8,79.0,6.5,0.0,175.0,0.0,89.96,270.4,0.0,315.57,0.0,1213.411125,100144.8,0.99,75.1,-598435.3,300819.9,0.9948,0.097,551.6,-0.0972,-74.55768,0.0,0,-1.0,-1.0,-1.0,-1.0
1791146573.94,1702734.0,21.3,79.0,6.5,0.0,175.0,0.0,89.96,270.4,0.0,315.57,0.0,1213.411125,100144.8,0.99,75.1,-598435.3,300819.9,0.9948,0.097,551.6,-0.0972,-74.55768,0.0,0,-1.0,-1.0,-1.0,-1.0
1791146574.44,1702734.5,21.8,79.0,6.5,0.0,175.0,0.0,89.96,270.4,0.0,315.56,0.0,1213.411125,100144.8,0.99,75.1,-598435.3,300819.9,0.9948,0.097,551.6,-0.0972,-74.55768,0.0,0,-1.0,-1.0,-1.0,-1.0
1791146574.94,1702735.0,22.3,79.0,6.5,0.0,175.0,0.0,89.96,270.4,0.0,315.55,0.0,1213.411125,100144.8,0.99,75.1,-598435.3,300819.9,0.9948,0.097,551.6,-0.0972,-74.55768,0.0,0,-1.0,-1.0,-1.0,-1.0
1791146575.45,1702735.5,22.8,79.0,6.5,0.0,175.0,0.0,89.96,270.4,0.0,315.54,0.0,1213.411125,100144.8,0.99,75.1,-598435.3,300819.9,0.9948,0.097,551.6,-0.0972,-74.55768,0.0,0,-1.0,-1.0,-1.0,-1.0
1791146575.95,1702736.0,23.3,79.0,6.5,0.0,175.0,0.0,89.96,270.4,0.0,315.53,0.0,1213.411125,100144.8,0.99,75.1,-598435.3,300819.9,0.9948,0.097,551.6,-0.0972,-74.55768,0.0,0,-1.0,-1.0,-1.0,-1.0
1791146576.45,1702736.5,23.8,79.0,6.5,0.0,175.0,0.0,89.96,270.4,0.0,315.52,0.0,1213.411125,100144.8,0.99,75.1,-598435.3,300819.9,0.9948,0.097,551.6,-0.0972,-74.55768,0.0,0,-1.0,-1.0,-1.0,-1.0
1791146576.95,1702737.0,24.3,79.0,6.5,0.0,175.0,0.0,89.96,270.4,0.0,315.52,0.0,1213.411125,100144.8,0.99,75.1,-598435.3,300819.9,0.9948,0.097,551.6,-0.0972,-74.55768,0.0,0,-1.0,-1.0,-1.0,-1.0
1791146577.45,1702737.5,24.8,79.0,6.5,0.0,175.0,0.0,89.96,270.4,0.0,315.51,0.0,1213.411125,100144.8,0.99,75.1,-598435.3,300819.9,0.9948,0.097,551.6,-0.0972,-74.55768,0.0,0,-1.0,-1.0,-1.0,-1.0
1791146577.95,1702738.0,25.3,79.0,6.5,0.0,175.0,0.0,89.96,270.4,0.0,315.5,0.0,1213.411125,100144.8,0.99,75.1,-598435.3,300819.9,0.9948,0.097,551.6,-0.0972,-74.55768,0.0,0,-1.0,-1.0,-1.0,-1.0
1791146578.45,1702738.5,25.8,79.0,6.5,0.0,175.0,0.0,89.96,270.4,0.0,315.49,0.0,1213.411125,100144.8,0.99,75.1,-598435.3,300819.9,0.9948,0.097,551.6,-0.0972,-74.55768,0.0,0,-1.0,-1.0,-1.0,-1.0
1791146578.96,1702739.0,26.3,79.0,6.5,0.0,175.0,0.0,89.96,270.4,0.0,315.48,0.0,1213.411125,100144.8,0.99,75.1,-598435.3,300819.9,0.9948,0.097,551.6,-0.0972,-74.55768,0.0,0,-1.0,-1.0,-1.0,-1.0
1791146579.46,1702739.5,26.8,79.0,6.5,0.0,175.0,0.0,89.96,270.4,0.0,315.48,0.0,1213.411125,100144.8,0.99,75.1,-598435.3,300819.9,0.9948,0.097,551.6,-0.0972,-74.55768,0.0,0,-1.0,-1.0,-1.0,-1.0
1791146579.96,1702740.0,27.3,79.0,6.5,0.0,175.0,0.0,89.96,270.4,0.0,315.47,0.0,1213.411125,100144.8,0.99,75.1,-598435.3,300819.9,0.9948,0.097,551.6,-0.0972,-74.55768,0.0,0,-1.0,-1.0,-1.0,-1.0
1791146580.46,1702740.5,27.8,79.0,6.5,0.0,175.0,0.0,89.96,270.4,0.0,315.46,0.0,1213.411125,100144.8,0.99,75.1,-598435.3,300819.9,0.9948,0.097,551.6,-0.0972,-74.55768,0.0,0,-1.0,-1.0,-1.0,-1.0
1791146581.01,1702741.0,28.3,79.0,6.5,0.0,175.0,0.0,89.96,270.4,0.0,315.45,0.0,1213.411125,100144.8,0.99,75.1,-598435.3,300819.9,0.9948,0.097,551.6,-0.0972,-74.55768,0.0,0,-1.0,-1.0,-1.0,-1.0
1791146581.51,1702741.5,28.8,79.0,6.5,0.0,175.0,0.0,89.96,270.4,0.0,315.44,0.0,1213.411125,100144.8,0.99,75.1,-598435.3,300819.9,0.9948,0.097,551.6,-0.0972,-74.55768,0.0,0,-1.0,-1.0,-1.0,-1.0
1791146582.02,1702742.0,29.3,79.0,6.5,0.0,175.0,0.0,89.96,270.4,0.0,315.43,0.0,1213.411125,100144.8,0.99,75.1,-598435.3,300819.9,0.9948,0.097,551.6,-0.0972,-74.55768,0.0,0,-1.0,-1.0,-1.0,-1.0
1791146582.52,1702742.5,29.8,79.0,6.5,0.0,175.0,0.0,89.96,270.4,0.0,315.42,0.0,1213.411125,100144.8,0.99,75.1,-598435.3,300819.9,0.9948,0.097,551.6,-0.0972,-74.55768,0.0,0,-1.0,-1.0,-1.0,-1.0
1791146583.02,1702743.0,30.4,79.0,6.5,0.0,175.0,0.0,89.96,270.4,0.0,315.42,0.0,1213.411125,100144.8,0.99,75.1,-598435.3,300819.9,0.9948,0.097,551.6,-0.0972,-74.55768,0.0,0,-1.0,-1.0,-1.0,-1.0
1791146583.52,1702743.5,30.9,79.0,6.5,0.0,175.0,0.0,89.96,270.4,0.0,315.41,0.0,1213.411125,100144.8,0.99,75.1,-598435.3,300819.9,0.9948,0.097,551.6,-0.0972,-74.55768,0.0,0,-1.0,-1.0,-1.0,-1.0
1791146584.03,1702744.0,31.4,79.0,6.5,0.0,175.0,0.0,89.96,270.4,0.0,315.4,0.0,1213.411125,100144.8,0.99,75.1,-598435.3,300819.9,0.9948,0.097,551.6,-0.0972,-74.55768,0.0,0,-1.0,-1.0,-1.0,-1.0
1791146584.53,1702744.5,31.9,79.0,6.5,0.0,175.0,0.0,89.96,270.4,0.0,315.39,0.0,1213.411125,100144.8,0.99,75.1,-598435.3,300819.9,0.9948,0.097,551.6,-0.0972,-74.55768,0.0,0,-1.0,-1.0,-1.0,-1.0
1791146585.03,1702745.0,32.4,79.0,6.5,0.0,175.0,0.0,89.96,270.4,0.0,315.38,0.0,1213.411125,100144.8,0.99,75.1,-598435.3,300819.9,0.9948,0.097,551.6,-0.0972,-74.55768,0.0,0,-1.0,-1.0,-1.0,-1.0
1791146585.53,1702745.1,32.9,79.0,6.5,0.0,175.0,0.0,89.96,270.4,0.0,315.38,0.0,1213.411125,100144.8,0.99,75.1,-598435.3,300819.9,0.9948,0.097,551.6,-0.0972,-74.55768,0.0,0,-1.0,-1.0,-1.0,-1.0
1791146586.03,1702745.1,33.4,79.0,6.5,0.0,175.0,0.0,89.96,270.4,0.0,315.38,0.0,1213.411125,100144.8,0.99,75.1,-598435.3,300819.9,0.9948,0.097,551.6,-0.0972,-74.55768,0.0,0,-1.0,-1.0,-1.0,-1.0
1791146586.53,1702745.2,33.9,79.0,6.5,0.0,175.0,0.0,89.96,270.4,0.0,315.38,0.0,1213.411125,100144.8,0.99,75.1,-598435.3,300819.9,0.9948,0.097,551.6,-0.0972,-74.55768,0.0,0,-1.0,-1.0,-1.0,-1.0
1791146587.03,1702745.2,34.4,79.0,6.5,0.0,175.0,0.0,89.96,270.4,0.0,315.38,0.0,1213.411125,100144.8,0.99,75.1,-598435.3,300819.9,0.9948,0.097,551.6,-0.0972,-74.55768,0.0,0,-1.0,-1.0,-1.0,-1.0
1791146587.54,1702745.2,34.9,79.0,6.5,0.0,175.0,0.0,89.96,270.4,0.0,315.38,0.0,1213.411125,100144.8,0.99,75.1,-598435.3,300819.9,0.9948,0.097,551.6,-0.0972,-74.55768,0.0,0,-1.0,-1.0,-1.0,-1.0
1791146588.04,1702745.2,35.4,79.0,6.5,0.0,175.0,0.0,89.96,270.4,0.0,315.38,0.0,1213.411125,100144.8,0.99,75.1,-598435.3,300819.9,0.9948,0.097,551.6,-0.0972,-74.55768,0.0,0,-1.0,-1.0,-1.0,-1.0
1791146588.54,1702745.2,35.9,79.0,6.5,0.0,175.0,0.0,89.96,270.4,0.0,315.38,0.0,1213.411125,100144.8,0.99,75.1,-598435.3,300819.9,0.9948,0.097,551.6,-0.0972,-74.55768,0.0,0,-1.0,-1.0,-1.0,-1.0
1791146589.04,1702745.2,36.4,79.0,6.5,0.0,175.0,0.0,89.96,270.4,0.0,315.38,0.0,1213.411125,100144.8,0.99,75.1,-598435.3,300819.9,0.9948,0.097,551.6,-0.0972,-74.55768,0.0,0,-1.0,-1.0,-1.0,-1.0
1791146589.54,1702745.3,36.9,79.0,6.5,0.0,175.0,0.0,89.96,270.4,0.0,315.38,0.0,1213.411125,100144.8,0.99,75.1,-598435.3,300819.9,0.9948,0.097,551.6,-0.0972,-74.55768,0.0,0,-1.0,-1.0,-1.0,-1.0
1791146590.04,1702745.3,37.4,79.0,6.5,0.0,175.0,0.0,89.96,270.4,0.0,315.38,0.0,1213.411125,100144.8,0.99,75.1,-598435.3,300819.9,0.9948,0.097,551.6,-0.0972,-74.55768,0.0,0,-1.0,-1.0,-1.0,-1.0
1791146590.54,1702745.3,37.9,79.0,6.5,0.0,175.0,0.0,89.96,270.4,0.0,315.38,0.0,1213.411125,100144.8,0.99,75.1,-598435.3,300819.9,0.9948,0.097,551.6,-0.0972,-74.55768,0.0,0,-1.0,-1.0,-1.0,-1.0
1791146591.05,1702745.3,38.4,79.0,6.5,0.0,175.0,0.0,89.96,270.4,0.0,315.38,0.0,1213.411125,100144.8,0.99,75.1,-598435.3,300819.9,0.9948,0.097,551.6,-0.0972,-74.55768,0.0,0,-1.0,-1.0,-1.0,-1.0
1791146591.55,1702745.4,38.9,79.0,6.5,0.0,175.0,0.0,89.96,270.4,0.0,315.38,0.0,1213.411125,100144.8,0.99,75.1,-598435.3,300819.9,0.9948,0.097,551.6,-0.0972,-74.55768,0.0,0,-1.0,-1.0,-1.0,-1.0
1791146592.05,1702745.4,39.4,79.0,6.5,0.0,175.0,0.0,89.96,270.4,0.0,315.38,0.0,1213.411125,100144.8,0.99,75.1,-598435.3,300819.9,0.9948,0.097,551.6,-0.0972,-74.55768,0.0,0,-1.0,-1.0,-1.0,-1.0
1791146592.55,1702745.4,39.9,79.0,6.5,0.0,175.0,0.0,89.96,270.4,0.0,315.38,0.0,1213.411125,100144.8,0.99,75.1,-598435.3,300819.9,0.9948,0.097,551.6,-0.0972,-74.55768,0.0,0,-1.0,-1.0,-1.0,-1.0
1791146593.05,1702745.4,40.4,79.0,6.5,0.0,175.0,0.0,89.96,270.4,0.0,315.38,0.0,1213.411125,100144.8,0.99,75.1,-598435.3,300819.9,0.9948,0.097,551.6,-0.0972,-74.55768,0.0,0,-1.0,-1.0,-1.0,-1.0
1791146593.55,1702745.4,40.9,79.0,6.5,0.0,175.0,0.0,89.96,270.4,0.0,315.38,0.0,1213.411125,100144.8,0.99,75.1,-598435.3,300819.9,0.9948,0.097,551.6,-0.0972,-74.55768,0.0,0,-1.0,-1.0,-1.0,-1.0
1791146594.05,1702745.4,41.4,79.0,6.5,0.0,175.0,0.0,89.96,270.4,0.0,315.38,0.0,1213.411125,100144.8,0.99,75.1,-598435.3,300819.9,0.9948,0.097,551.6,-0.0972,-74.55768,0.0,0,-1.0,-1.0,-1.0,-1.0
1791146594.56,1702745.5,41.9,79.0,6.5,0.0,175.0,0.0,89.96,270.4,0.0,315.38,0.0,1213.411125,100144.8,0.99,75.1,-598435.3,300819.9,0.9948,0.097,551.6,-0.0972,-74.55768,0.0,0,-1.0,-1.0,-1.0,-1.0
1791146595.06,1702745.5,42.4,79.0,6.5,0.0,175.0,0.0,89.96,270.4,0.0,315.38,0.0,1213.411125,100144.8,0.99,75.1,-598435.3,300819.9,0.9948,0.097,551.6,-0.0972,-74.55768,0.0,0,-1.0,-1.0,-1.0,-1.0
1791146595.56,1702745.5,42.9,79.0,6.5,0.0,175.0,0.0,89.96,270.4,0.0,315.37,0.0,1213.411125,100144.8,0.99,75.1,-598435.3,300819.9,0.9948,0.097,551.6,-0.0972,-74.55768,0.0,0,-1.0,-1.0,-1.0,-1.0
1791146596.06,1702745.5,43.4,79.0,6.5,0.0,175.0,0.0,89.96,270.4,0.0,315.37,0.0,1213.411125,100144.8,0.99,75.1,-598435.3,300819.9,0.9948,0.097,551.6,-0.0972,-74.55768,0.0,0,-1.0,-1.0,-1.0,-1.0
1791146596.56,1702745.6,43.9,79.0,6.5,0.0,175.0,0.0,89.96,270.4,0.0,315.37,0.0,1213.411125,100144.8,0.99,75.1,-598435.3,300819.9,0.9948,0.097,551.6,-0.0972,-74.55768,0.0,0,-1.0,-1.0,-1.0,-1.0
1791146597.06,1702745.6,44.4,79.0,6.5,0.0,175.0,0.0,89.96,270.4,0.0,315.37,0.0,1213.411125,100144.8,0.99,75.1,-598435.3,300819.9,0.9948,0.097,551.6,-0.0972,-74.55768,0.0,0,-1.0,-1.0,-1.0,-1.0
1791146597.56,1702745.6,44.9,79.0,6.5,0.0,175.0,0.0,89.96,270.4,0.0,315.37,0.0,1213.411125,100144.8,0.99,75.1,-598435.3,300819.9,0.9948,0.097,551.6,-0.0972,-74.55768,0.0,0,-1.0,-1.0,-1.0,-1.0
1791146598.07,1702745.6,45.4,79.0,6.5,0.0,175.0,0.0,89.96,270.4,0.0,315.37,0.0,1213.411125,100144.8,0.99,75.1,-598435.3,300819.9,0.9948,0.097,551.6,-0.0972,-74.55768,0.0,0,-1.0,-1.0,-1.0,-1.0
1791146598.57,1702745.6,45.9,79.0,6.5,0.0,175.0,0.0,89.96,270.4,0.0,315.37,0.0,1213.411125,100144.8,0.99,75.1,-598435.3,300819.9,0.9948,0.097,551.6,-0.0972,-74.55768,0.0,0,-1.0,-1.0,-1.0,-1.0
1791146599.07,1702745.6,46.4,79.0,6.5,0.0,175.0,0.0,89.96,270.4,0.0,315.37,0.0,1213.411125,100144.8,0.99,75.1,-598435.3,300819.9,0.9948,0.097,551.6,-0.0972,-74.55768,0.0,0,-1.0,-1.0,-1.0,-1.0
1791146599.57,1702745.7,46.9,79.0,6.5,0.0,175.0,0.0,89.96,270.4,0.0,315.37,0.0,1213.411125,100144.8,0.99,75.1,-598435.3,300819.9,0.9948,0.097,551.6,-0.0972,-74.55768,0.0,0,-1.0,-1.0,-1.0,-1.0
1791146600.07,1702745.7,47.4,79.0,6.5,0.0,175.0,0.0,89.96,270.4,0.0,315.37,0.0,1213.411125,100144.8,0.99,75.1,-598435.3,300819.9,0.9948,0.097,551.6,-0.0972,-74.55768,0.0,0,-1.0,-1.0,-1.0,-1.0
1791146600.57,1702745.7,47.9,79.0,6.5,0.0,175.0,0.0,89.96,270.4,0.0,315.37,0.0,1213.411125,100144.8,0.99,75.1,-598435.3,300819.9,0.9948,0.097,551.6,-0.0972,-74.55768,0.0,0,-1.0,-1.0,-1.0,-1.0
1791146601.08,1702745.8,48.4,79.0,6.5,0.0,175.0,0.0,89.96,270.4,0.0,315.37,0.0,1213.411125,100144.8,0.99,75.1,-598435.3,300819.9,0.9948,0.097,551.6,-0.0972,-74.55768,0.0,0,-1.0,-1.0,-1.0,-1.0
1791146601.58,1702746.2,48.9,79.0,6.5,0.0,175.0,0.0,89.96,270.4,0.0,315.36,0.0,1213.411125,100144.8,0.99,75.1,-598435.3,300819.9,0.9948,0.097,551.6,-0.0972,-74.55768,0.0,0,-1.0,-1.0,-1.0,-1.0
1791146602.08,1702746.7,49.4,79.0,6.5,0.0,175.0,0.0,89.96,270.4,0.0,315.35,0.0,1213.411125,100144.8,0.99,75.1,-598435.3,300819.9,0.9948,0.097,551.6,-0.0972,-74.55768,0.0,0,-1.0,-1.0,-1.0,-1.0
1791146602.58,1702747.2,49.9,79.0,6.5,0.0,175.0,0.0,89.96,270.4,0.0,315.35,0.0,1213.411125,100144.8,0.99,75.1,-598435.3,300819.9,0.9948,0.097,551.6,-0.0972,-74.55768,0.0,0,-1.0,-1.0,-1.0,-1.0
1791146603.08,1702747.7,50.4,79.0,6.5,0.0,175.0,0.0,89.96,270.4,0.0,315.34,0.0,1213.411125,100144.8,0.99,75.1,-598435.3,300819.9,0.9948,0.097,551.6,-0.0972,-74.55768,0.0,0,-1.0,-1.0,-1.0,-1.0
1791146603.58,1702748.2,50.9,79.0,6.5,0.0,175.0,0.0,89.96,270.4,0.0,315.33,0.0,1213.411125,100144.8,0.99,75.1,-598435.3,300819.9,0.9948,0.097,551.6,-0.0972,-74.55768,0.0,0,-1.0,-1.0,-1.0,-1.0
1791146604.08,1702748.8,51.4,79.0,6.5,0.0,175.0,0.0,89.96,270.4,0.0,315.32,0.0,1213.411125,100144.8,0.99,75.1,-598435.3,300819.9,0.9948,0.097,551.6,-0.0972,-74.55768,0.0,0,-1.0,-1.0,-1.0,-1.0
1791146604.59,1702749.2,51.9,79.0,6.5,0.0,175.0,0.0,89.96,270.4,0.0,315.31,0.0,1213.411125,100144.8,0.99,75.1,-598435.3,300819.9,0.9948,0.097,551.6,-0.0972,-74.55768,0.0,0,-1.0,-1.0,-1.0,-1.0
1791146605.09,1702749.7,52.4,79.0,6.5,0.0,175.0,0.0,89.96,270.4,0.0,315.3,0.0,1213.411125,100144.8,0.99,75.1,-598435.3,300819.9,0.9948,0.097,551.6,-0.0972,-74.55768,0.0,0,-1.0,-1.0,-1.0,-1.0
1791146605.59,1702750.2,52.9,79.0,6.5,0.0,175.0,0.0,89.96,270.4,0.0,315.3,0.0,1213.411125,100144.8,0.99,75.1,-598435.3,300819.9,0.9948,0.097,551.6,-0.0972,-74.55768,0.0,0,-1.0,-1.0,-1.0,-1.0
1791146606.09,1702750.7,53.4,79.0,6.5,0.0,175.0,0.0,89.96,270.4,0.0,315.29,0.0,1213.411125,100144.8,0.99,75.1,-598435.3,300819.9,0.9948,0.097,551.6,-0.0972,-74.55768,0.0,0,-1.0,-1.0,-1.0,-1.0
1791146606.6,1702751.2,53.9,79.0,6.5,0.0,175.0,0.0,89.96,270.4,0.0,315.28,0.0,1213.411125,100144.8,0.99,75.1,-598435.3,300819.9,0.9948,0.097,551.6,-0.0972,-74.55768,0.0,0,-1.0,-1.0,-1.0,-1.0
1791146607.1,1702751.7,54.4,79.0,6.5,0.0,175.0,0.0,89.96,270.4,0.0,315.27,0.0,1213.411125,100144.8,0.99,75.1,-598435.3,300819.9,0.9948,0.097,551.6,-0.0972,-74.55768,0.0,0,-1.0,-1.0,-1.0,-1.0
1791146607.6,1702751.7,54.9,79.0,6.5,0.0,175.0,0.0,89.96,270.4,0.0,315.27,0.0,1213.411125,100144.8,0.99,75.1,-598435.3,300819.9,0.9948,0.097,551.6,-0.0972,-74.55768,0.0,0,-1.0,-1.0,-1.0,-1.0
1791146608.12,1702752.0,55.4,79.0,6.5,0.0,175.0,0.0,89.96,270.4,0.0,315.27,0.0,1213.411125,100144.8,0.99,75.1,-598435.3,300819.9,0.9948,0.097,551.6,-0.0972,-74.55768,0.0,0,-1.0,-1.0,-1.0,-1.0
1791146608.62,1702752.5,55.9,79.0,6.5,0.0,175.0,0.0,89.96,270.4,0.0,315.26,0.0,1213.411125,100144.8,0.99,75.1,-598435.3,300819.9,0.9948,0.097,551.6,-0.0972,-74.55768,0.0,0,-1.0,-1.0,-1.0,-1.0
1791146609.12,1702753.0,56.4,79.0,6.5,0.0,175.0,0.0,89.96,270.4,0.0,315.25,0.0,1213.411125,100144.8,0.99,75.1,-598435.3,300819.9,0.9948,0.097,551.6,-0.0972,-74.55768,0.0,0,-1.0,-1.0,-1.0,-1.0
1791146609.62,1702753.3,57.0,79.0,6.5,0.0,175.0,0.0,89.96,270.4,0.0,315.24,0.0,1213.411125,100144.8,0.99,75.1,-598435.3,300819.9,0.9948,0.097,551.6,-0.0972,-74.55768,0.0,0,-1.0,-1.0,-1.0,-1.0
1791146610.12,1702753.3,57.5,79.0,6.5,0.0,175.0,0.0,89.96,270.4,0.0,315.24,0.0,1213.411125,100144.8,0.99,75.1,-598435.3,300819.9,0.9948,0.097,551.6,-0.0972,-74.55768,0.0,0,-1.0,-1.0,-1.0,-1.0
1791146610.62,1702753.3,58.0,79.0,6.5,0.0,175.0,0.0,89.96,270.4,0.0,315.24,0.0,1213.411125,100144.8,0.99,75.1,-598435.3,300819.9,0.9948,0.097,551.6,-0.0972,-74.55768,0.0,0,-1.0,-1.0,-1.0,-1.0
1791146611.13,1702753.3,58.5,79.0,6.5,0.0,175.0,0.0,89.96,270.4,0.0,315.24,0.0,1213.411125,100144.8,0.99,75.1,-598435.3,300819.9,0.9948,0.097,551.6,-0.0972,-74.55768,0.0,0,-1.0,-1.0,-1.0,-1.0
1791146611.63,1702753.4,59.0,79.0,6.5,0.0,175.0,0.0,89.96,270.4,0.0,315.24,0.0,1213.411125,100144.8,0.99,75.1,-598435.3,300819.9,0.9948,0.097,551.6,-0.0972,-74.55768,0.0,0,-1.0,-1.0,-1.0,-1.0
1791146612.13,1702753.4,59.5,79.0,6.5,0.0,175.0,0.0,89.96,270.4,0.0,315.24,0.0,1213.411125,100144.8,0.99,75.1,-598435.3,300819.9,0.9948,0.097,551.6,-0.0972,-74.55768,0.0,0,-1.0,-1.0,-1.0,-1.0
1791146612.63,1702753.4,60.0,79.0,6.5,0.0,175.0,0.0,89.96,270.4,0.0,315.24,0.0,1213.411125,100144.8,0.99,75.1,-598435.3,300819.9,0.9948,0.097,551.6,-0.0972,-74.55768,0.0,0,-1.0,-1.0,-1.0,-1.0
1791146613.13,1702753.4,60.5,79.0,6.5,0.0,175.0,0.0,89.96,270.4,0.0,315.24,0.0,1213.411125,100144.8,0.99,75.1,-598435.3,300819.9,0.9948,0.097,551.6,-0.0972,-74.55768,0.0,0,-1.0,-1.0,-1.0,-1.0
1791146613.63,1702753.5,61.0,79.0,6.5,0.0,175.0,0.0,89.96,270.4,0.0,315.24,0.0,1213.411125,100144.8,0.99,75.1,-598435.3,300819.9,0.9948,0.097,551.6,-0.0972,-74.55768,0.0,0,-1.0,-1.0,-1.0,-1.0
1791146614.14,1702753.5,61.5,79.0,6.5,0.0,175.0,0.0,89.96,270.4,0.0,315.24,0.0,1213.411125,100144.8,0.99,75.1,-598435.3,300819.9,0.9948,0.097,551.6,-0.0972,-74.55768,0.0,0,-1.0,-1.0,-1.0,-1.0
1791146614.64,1702753.5,62.0,79.0,6.5,0.0,175.0,0.0,89.96,270.4,0.0,315.24,0.0,1213.411125,100144.8,0.99,75.1,-598435.3,300819.9,0.9948,0.097,551.6,-0.0972,-74.55768,0.0,0,-1.0,-1.0,-1.0,-1.0
1791146615.14,1702753.5,62.5,79.0,6.5,0.0,175.0,0.0,89.96,270.4,0.0,315.24,0.0,1213.411125,100144.8,0.99,75.1,-598435.3,300819.9,0.9948,0.097,551.6,-0.0972,-74.55768,0.0,0,-1.0,-1.0,-1.0,-1.0
1791146615.64,1702753.5,63.0,79.0,6.5,0.0,175.0,0.0,89.96,270.4,0.0,315.24,0.0,1213.411125,100144.8,0.99,75.1,-598435.3,300819.9,0.9948,0.097,551.6,-0.0972,-74.55768,0.0,0,-1.0,-1.0,-1.0,-1.0
1791146616.14,1702753.5,63.5,79.0,6.5,0.0,175.0,0.0,89.96,270.4,0.0,315.24,0.0,1213.411125,100144.8,0.99,75.1,-598435.3,300819.9,0.9948,0.097,551.6,-0.0972,-74.55768,0.0,0,-1.0,-1.0,-1.0,-1.0
1791146616.65,1702753.6,64.0,79.0,6.5,0.0,175.0,0.0,89.96,270.4,0.0,315.24,0.0,1213.411125,100144.8,0.99,75.1,-598435.3,300819.9,0.9948,0.097,551.6,-0.0972,-74.55768,0.0,0,-1.0,-1.0,-1.0,-1.0
1791146617.15,1702753.6,64.5,79.0,6.5,0.0,175.0,0.0,89.96,270.4,0.0,315.24,0.0,1213.411125,100144.8,0.99,75.1,-598435.3,300819.9,0.9948,0.097,551.6,-0.0972,-74.55768,0.0,0,-1.0,-1.0,-1.0,-1.0
1791146617.65,1702753.6,65.0,79.0,6.5,0.0,175.0,0.0,89.96,270.4,0.0,315.24,0.0,1213.411125,100144.8,0.99,75.1,-598435.3,300819.9,0.9948,0.097,551.6,-0.0972,-74.55768,0.0,0,-1.0,-1.0,-1.0,-1.0
1791146618.15,1702753.6,65.5,79.0,6.5,0.0,175.0,0.0,89.96,270.4,0.0,315.24,0.0,1213.411125,100144.8,0.99,75.1,-598435.3,300819.9,0.9948,0.097,551.6,-0.0972,-74.55768,0.0,0,-1.0,-1.0,-1.0,-1.0
1791146618.65,1702753.7,66.0,79.0,6.5,0.0,175.0,0.0,89.96,270.4,0.0,315.24,0.0,1213.411125,100144.8,0.99,75.1,-598435.3,300819.9,0.9948,0.097,551.6,-0.0972,-74.55768,0.0,0,-1.0,-1.0,-1.0,-1.0
1791146619.15,1702753.7,66.5,79.0,6.5,0.0,175.0,0.0,89.96,270.4,0.0,315.24,0.0,1213.411125,100144.8,0.99,75.1,-598435.3,300819.9,0.9948,0.097,551.6,-0.0972,-74.55768,0.0,0,-1.0,-1.0,-1.0,-1.0
1791146619.65,1702753.7,67.0,79.0,6.5,0.0,175.0,0.0,89.96,270.4,0.0,315.24,0.0,1213.411125,100144.8,0.99,75.1,-598435.3,300819.9,0.9948,0.097,551.6,-0.0972,-74.55768,0.0,0,-1.0,-1.0,-1.0,-1.0
1791146620.16,1702753.7,67.5,79.0,6.5,0.0,175.0,0.0,89.96,270.4,0.0,315.24,0.0,1213.411125,100144.8,0.99,75.1,-598435.3,300819.9,0.9948,0.097,551.6,-0.0972,-74.55768,0.0,0,-1.0,-1.0,-1.0,-1.0
1791146620.66,1702753.7,68.0,79.0,6.5,0.0,175.0,0.0,89.96,270.4,0.0,315.24,0.0,1213.411125,100144.8,0.99,75.1,-598435.3,300819.9,0.9948,0.097,551.6,-0.0972,-74.55768,0.0,0,-1.0,-1.0,-1.0,-1.0
1791146621.16,1702753.7,68.5,79.0,6.5,0.0,175.0,0.0,89.96,270.4,0.0,315.24,0.0,1213.411125,100144.8,0.99,75.1,-598435.3,300819.9,0.9948,0.097,551.6,-0.0972,-74.55768,0.0,0,-1.0,-1.0,-1.0,-1.0
1791146621.66,1702753.8,69.0,79.0,6.5,0.0,175.0,0.0,89.96,270.4,0.0,315.24,0.0,1213.411125,100144.8,0.99,75.1,-598435.3,300819.9,0.9948,0.097,551.6,-0.0972,-74.55768,0.0,0,-1.0,-1.0,-1.0,-1.0
1791146622.16,1702753.8,69.5,79.0,6.5,0.0,175.0,0.0,89.96,270.4,0.0,315.24,0.0,1213.411125,100144.8,0.99,75.1,-598435.3,300819.9,0.9948,0.097,551.6,-0.0972,-74.55768,0.0,0,-1.0,-1.0,-1.0,-1.0
1791146622.66,1702753.8,70.0,79.0,6.5,0.0,175.0,0.0,89.96,270.4,0.0,315.24,0.0,1213.411125,100144.8,0.99,75.1,-598435.3,300819.9,0.9948,0.097,551.6,-0.0972,-74.55768,0.0,0,-1.0,-1.0,-1.0,-1.0
1791146623.16,1702753.8,70.5,79.0,6.5,0.0,175.0,0.0,89.96,270.4,0.0,315.24,0.0,1213.411125,100144.8,0.99,75.1,-598435.3,300819.9,0.9948,0.097,551.6,-0.0972,-74.55768,0.0,0,-1.0,-1.0,-1.0,-1.0
1791146623.67,1702753.9,71.0,79.0,6.5,0.0,175.0,0.0,89.96,270.4,0.0,315.24,0.0,1213.411125,100144.8,0.99,75.1,-598435.3,300819.9,0.9948,0.097,551.6,-0.0972,-74.55768,0.0,0,-1.0,-1.0,-1.0,-1.0
1791146624.17,1702753.9,71.5,79.0,6.5,0.0,175.0,0.0,89.96,270.4,0.0,315.24,0.0,1213.411125,100144.8,0.99,75.1,-598435.3,300819.9,0.9948,0.097,551.6,-0.0972,-74.55768,0.0,0,-1.0,-1.0,-1.0,-1.0
1791146624.67,1702753.9,72.0,79.0,6.5,0.0,175.0,0.0,89.96,270.4,0.0,315.23,0.0,1213.411125,100144.8,0.99,75.1,-598435.3,300819.9,0.9948,0.097,551.6,-0.0972,-74.55768,0.0,0,-1.0,-1.0,-1.0,-1.0
1791146625.17,1702753.9,72.5,79.0,6.5,0.0,175.0,0.0,89.96,270.4,0.0,315.23,0.0,1213.411125,100144.8,0.99,75.1,-598435.3,300819.9,0.9948,0.097,551.6,-0.0972,-74.55768,0.0,0,-1.0,-1.0,-1.0,-1.0
1791146625.67,1702753.9,73.0,79.0,6.5,0.0,175.0,0.0,89.96,270.4,0.0,315.23,0.0,1213.411125,100144.8,0.99,75.1,-598435.3,300819.9,0.9948,0.097,551.6,-0.0972,-74.55768,0.0,0,-1.0,-1.0,-1.0,-1.0
1791146626.17,1702753.9,73.5,79.0,6.5,0.0,175.0,0.0,89.96,270.4,0.0,315.23,0.0,1213.411125,100144.8,0.99,75.1,-598435.3,300819.9,0.9948,0.097,551.6,-0.0972,-74.55768,0.0,0,-1.0,-1.0,-1.0,-1.0
1791146626.68,1702754.0,74.0,79.0,6.5,0.0,175.0,0.0,89.96,270.4,0.0,315.23,0.0,1213.411125,100144.8,0.99,75.1,-598435.3,300819.9,0.9948,0.097,551.6,-0.0972,-74.55768,0.0,0,-1.0,-1.0,-1.0,-1.0
1791146627.18,1702754.0,74.5,79.0,6.5,0.0,175.0,0.0,89.96,270.4,0.0,315.23,0.0,1213.411125,100144.8,0.99,75.1,-598435.3,300819.9,0.9948,0.097,551.6,-0.0972,-74.55768,0.0,0,-1.0,-1.0,-1.0,-1.0
1791146627.68,1702754.0,75.0,79.0,6.5,0.0,175.0,0.0,89.96,270.4,0.0,315.23,0.0,1213.411125,100144.8,0.99,75.1,-598435.3,300819.9,0.9948,0.097,551.6,-0.0972,-74.55768,0.0,0,-1.0,-1.0,-1.0,-1.0
1791146628.18,1702754.1,75.5,79.0,6.5,0.0,175.0,0.0,89.96,270.4,0.0,315.23,0.0,1213.411125,100144.8,0.99,75.1,-598435.3,300819.9,0.9948,0.097,551.6,-0.0972,-74.55768,0.0,0,-1.0,-1.0,-1.0,-1.0
1791146628.68,1702754.5,76.0,79.0,6.5,0.0,175.0,0.0,89.96,270.4,0.0,315.22,0.0,1213.411125,100144.8,0.99,75.1,-598435.3,300819.9,0.9948,0.097,551.6,-0.0972,-74.55768,0.0,0,-1.0,-1.0,-1.0,-1.0
1791146629.18,1702755.0,76.5,79.0,6.5,0.0,175.0,0.0,89.96,270.4,0.0,315.22,0.0,1213.411125,100144.8,0.99,75.1,-598435.3,300819.9,0.9948,0.097,551.6,-0.0972,-74.55768,0.0,0,-1.0,-1.0,-1.0,-1.0
1791146629.68,1702755.5,77.0,79.0,6.5,0.0,175.0,0.0,89.96,270.4,0.0,315.21,0.0,1213.411125,100144.8,0.99,75.1,-598435.3,300819.9,0.9948,0.097,551.6,-0.0972,-74.55768,0.0,0,-1.0,-1.0,-1.0,-1.0
1791146630.19,1702756.0,77.5,79.0,6.5,0.0,175.0,0.0,89.96,270.4,0.0,315.2,0.0,1213.411125,100144.8,0.99,75.1,-598435.3,300819.9,0.9948,0.097,551.6,-0.0972,-74.55768,0.0,0,-1.0,-1.0,-1.0,-1.0
1791146630.69,1702756.5,78.0,79.0,6.5,0.0,175.0,0.0,89.96,270.4,0.0,315.19,0.0,1213.411125,100144.8,0.99,75.1,-598435.3,300819.9,0.9948,0.097,551.6,-0.0972,-74.55768,0.0,0,-1.0,-1.0,-1.0,-1.0
1791146631.24,1702757.1,78.6,79.0,6.5,0.0,175.0,0.0,89.96,270.4,0.0,315.18,0.0,1213.411125,100144.8,0.99,75.1,-598435.3,300819.9,0.9948,0.097,551.6,-0.0972,-74.55768,0.0,0,-1.0,-1.0,-1.0,-1.0
1791146631.75,1702757.6,79.1,79.0,6.5,0.0,175.0,0.0,89.96,270.4,0.0,315.17,0.0,1213.411125,100144.8,0.99,75.1,-598435.3,300819.9,0.9948,0.097,551.6,-0.0972,-74.55768,0.0,0,-1.0,-1.0,-1.0,-1.0
1791146632.25,1702758.1,79.6,79.0,6.5,0.0,175.0,0.0,89.96,270.4,0.0,315.17,0.0,1213.411125,100144.8,0.99,75.1,-598435.3,300819.9,0.9948,0.097,551.6,-0.0972,-74.55768,0.0,0,-1.0,-1.0,-1.0,-1.0
1791146632.75,1702758.6,80.1,79.0,6.5,0.0,175.0,0.0,89.96,270.4,0.0,315.16,0.0,1213.411125,100144.8,0.99,75.1,-598435.3,300819.9,0.9948,0.097,551.6,-0.0972,-74.55768,0.0,0,-1.0,-1.0,-1.0,-1.0
1791146633.25,1702759.1,80.6,79.0,6.5,0.0,175.0,0.0,89.96,270.4,0.0,315.15,0.0,1213.411125,100144.8,0.99,75.1,-598435.3,300819.9,0.9948,0.097,551.6,-0.0972,-74.55768,0.0,0,-1.0,-1.0,-1.0,-1.0
1791146633.75,1702759.5,81.1,79.0,6.5,0.0,175.0,0.0,89.96,270.4,0.0,315.14,0.0,1213.411125,100144.8,0.99,75.1,-598435.3,300819.9,0.9948,0.097,551.6,-0.0972,-74.55768,0.0,0,-1.0,-1.0,-1.0,-1.0
1791146634.25,1702759.6,81.6,79.0,6.5,0.0,175.0,0.0,89.96,270.4,0.0,315.14,0.0,1213.411125,100144.8,0.99,75.1,-598435.3,300819.9,0.9948,0.097,551.6,-0.0972,-74.55768,0.0,0,-1.0,-1.0,-1.0,-1.0
1791146634.75,1702759.6,82.1,79.0,6.5,0.0,175.0,0.0,89.96,270.4,0.0,315.14,0.0,1213.411125,100144.8,0.99,75.1,-598435.3,300819.9,0.9948,0.097,551.6,-0.0972,-74.55768,0.0,0,-1.0,-1.0,-1.0,-1.0
1791146635.26,1702760.0,82.6,79.0,6.5,0.0,175.0,0.0,89.96,270.4,0.0,315.13,0.0,1213.411125,100144.8,0.99,75.1,-598435.3,300819.9,0.9948,0.097,551.6,-0.0972,-74.55768,0.0,0,-1.0,-1.0,-1.0,-1.0
1791146635.76,1702760.5,83.1,79.0,6.5,0.0,175.0,0.0,89.96,270.4,0.0,315.12,0.0,1213.411125,100144.8,0.99,75.1,-598435.3,300819.9,0.9948,0.097,551.6,-0.0972,-74.55768,0.0,0,-1.0,-1.0,-1.0,-1.0
1791146636.26,1702761.1,83.6,79.0,6.5,0.0,175.0,0.0,89.96,270.4,0.0,315.12,0.0,1213.411125,100144.8,0.99,75.1,-598435.3,300819.9,0.9948,0.097,551.6,-0.0972,-74.55768,0.0,0,-1.0,-1.0,-1.0,-1.0
1791146636.76,1702761.6,84.1,79.0,6.5,0.0,175.0,0.0,89.96,270.4,0.0,315.11,0.0,1213.411125,100144.8,0.99,75.1,-598435.3,300819.9,0.9948,0.097,551.6,-0.0972,-74.55768,0.0,0,-1.0,-1.0,-1.0,-1.0
1791146637.26,1702762.1,84.6,79.0,6.5,0.0,175.0,0.0,89.96,270.4,0.0,315.1,0.0,1213.411125,100144.8,0.99,75.1,-598435.3,300819.9,0.9948,0.097,551.6,-0.0972,-74.55768,0.0,0,-1.0,-1.0,-1.0,-1.0
1791146637.77,1702762.6,85.1,79.0,6.5,0.0,175.0,0.0,89.96,270.4,0.0,315.09,0.0,1213.411125,100144.8,0.99,75.1,-598435.3,300819.9,0.9948,0.097,551.6,-0.0972,-74.55768,0.0,0,-1.0,-1.0,-1.0,-1.0
1791146638.27,1702763.1,85.6,79.0,6.5,0.0,175.0,0.0,89.96,270.4,0.0,315.08,0.0,1213.411125,100144.8,0.99,75.1,-598435.3,300819.9,0.9948,0.097,551.6,-0.0972,-74.55768,0.0,0,-1.0,-1.0,-1.0,-1.0
1791146638.77,1702763.5,86.1,79.0,6.5,0.0,175.0,0.0,89.96,270.4,0.0,315.07,0.0,1213.411125,100144.8,0.99,75.1,-598435.3,300819.9,0.9948,0.097,551.6,-0.0972,-74.55768,0.0,0,-1.0,-1.0,-1.0,-1.0
1791146639.27,1702763.8,86.6,79.0,6.5,0.0,175.0,0.0,89.96,270.4,0.0,315.07,0.0,1213.411125,100144.8,0.99,75.1,-598435.3,300819.9,0.9948,0.097,551.6,-0.0972,-74.55768,0.0,0,-1.0,-1.0,-1.0,-1.0
1791146639.77,1702764.0,87.1,79.0,6.5,0.0,175.0,0.0,89.96,270.4,0.0,315.07,0.0,1213.411125,100144.8,0.99,75.1,-598435.3,300819.9,0.9948,0.097,551.6,-0.0972,-74.55768,0.0,0,-1.0,-1.0,-1.0,-1.0
1791146640.27,1702764.1,87.6,79.0,6.5,0.0,175.0,0.0,89.96,270.4,0.0,315.06,0.0,1213.411125,100144.8,0.99,75.1,-598435.3,300819.9,0.9948,0.097,551.6,-0.0972,-74.55768,0.0,0,-1.0,-1.0,-1.0,-1.0
1791146640.78,1702764.6,88.1,79.0,6.5,0.0,175.0,0.0,89.96,270.4,0.0,315.06,0.0,1213.411125,100144.8,0.99,75.1,-598435.3,300819.9,0.9948,0.097,551.6,-0.0972,-74.55768,0.0,0,-1.0,-1.0,-1.0,-1.0
1791146641.28,1702765.1,88.6,79.0,6.5,0.0,175.0,0.0,89.96,270.4,0.0,315.05,0.0,1213.411125,100144.8,0.99,75.1,-598435.3,300819.9,0.9948,0.097,551.6,-0.0972,-74.55768,0.0,0,-1.0,-1.0,-1.0,-1.0
1791146641.78,1702765.6,89.1,79.0,6.5,0.0,175.0,0.0,89.96,270.4,0.0,315.04,0.0,1213.411125,100144.8,0.99,75.1,-598435.3,300819.9,0.9948,0.097,551.6,-0.0972,-74.55768,0.0,0,-1.0,-1.0,-1.0,-1.0
1791146642.29,1702766.1,89.6,79.0,6.5,0.0,175.0,0.0,89.96,270.4,0.0,315.03,0.0,1213.411125,100144.8,0.99,75.1,-598435.3,300819.9,0.9948,0.097,551.6,-0.0972,-74.55768,0.0,0,-1.0,-1.0,-1.0,-1.0
1791146642.79,1702766.5,90.1,79.0,6.5,0.0,175.0,0.0,89.96,270.4,0.0,315.02,0.0,1213.411125,100144.8,0.99,75.1,-598435.3,300819.9,0.9948,0.097,551.6,-0.0972,-74.55768,0.0,0,-1.0,-1.0,-1.0,-1.0
1791146643.29,1702766.5,90.6,79.0,6.5,0.0,175.0,0.0,89.96,270.4,0.0,315.02,0.0,1213.411125,100144.8,0.99,75.1,-598435.3,300819.9,0.9948,0.097,551.6,-0.0972,-74.55768,0.0,0,-1.0,-1.0,-1.0,-1.0
1791146643.79,1702767.0,91.1,79.0,6.5,0.0,175.0,0.0,89.96,270.4,0.0,315.02,0.0,1213.411125,100144.8,0.99,75.1,-598435.3,300819.9,0.9948,0.097,551.6,-0.0972,-74.55768,0.0,0,-1.0,-1.0,-1.0,-1.0
1791146644.29,1702767.5,91.6,79.0,6.5,0.0,175.0,0.0,89.96,270.4,0.0,315.01,0.0,1213.411125,100144.8,0.99,75.1,-598435.3,300819.9,0.9948,0.097,551.6,-0.0972,-74.55768,0.0,0,-1.0,-1.0,-1.0,-1.0
1791146644.8,1702768.0,92.1,79.0,6.5,0.0,175.0,0.0,89.96,270.4,0.0,315.0,0.0,1213.411125,100144.8,0.99,75.1,-598435.3,300819.9,0.9948,0.097,551.6,-0.0972,-74.55768,0.0,0,-1.0,-1.0,-1.0,-1.0
1791146645.3,1702768.5,92.6,79.0,6.5,0.0,175.0,0.0,89.96,270.4,0.0,314.99,0.0,1213.411125,100144.8,0.99,75.1,-598435.3,300819.9,0.9948,0.097,551.6,-0.0972,-74.55768,0.0,0,-1.0,-1.0,-1.0,-1.0
1791146645.8,1702769.0,93.1,79.0,6.5,0.0,175.0,0.0,89.96,270.4,0.0,314.98,0.0,1213.411125,100144.8,0.99,75.1,-598435.3,300819.9,0.9948,0.097,551.6,-0.0972,-74.55768,0.0,0,-1.0,-1.0,-1.0,-1.0
1791146646.3,1702769.5,93.6,79.0,6.5,0.0,175.0,0.0,89.96,270.4,0.0,314.98,0.0,1213.411125,100144.8,0.99,75.1,-598435.3,300819.9,0.9948,0.097,551.6,-0.0972,-74.55768,0.0,0,-1.0,-1.0,-1.0,-1.0
1791146646.8,1702770.0,94.1,79.0,6.5,0.0,175.0,0.0,89.96,270.4,0.0,314.97,0.0,1213.411125,100144.8,0.99,75.1,-598435.3,300819.9,0.9948,0.097,551.6,-0.0972,-74.55768,0.0,0,-1.0,-1.0,-1.0,-1.0
1791146647.31,1702770.5,94.6,79.0,6.5,0.0,175.0,0.0,89.96,270.4,0.0,314.96,0.0,1213.411125,100144.8,0.99,75.1,-598435.3,300819.9,0.9948,0.097,551.6,-0.0972,-74.55768,0.0,0,-1.0,-1.0,-1.0,-1.0
1791146647.81,1702771.0,95.1,79.0,6.5,0.0,175.0,0.0,89.96,270.4,0.0,314.95,0.0,1213.411125,100144.8,0.99,75.1,-598435.3,300819.9,0.9948,0.097,551.6,-0.0972,-74.55768,0.0,0,-1.0,-1.0,-1.0,-1.0
1791146648.31,1702771.5,95.6,79.0,6.5,0.0,175.0,0.0,89.96,270.4,0.0,314.94,0.0,1213.411125,100144.8,0.99,75.1,-598435.3,300819.9,0.9948,0.097,551.6,-0.0972,-74.55768,0.0,0,-1.0,-1.0,-1.0,-1.0
1791146648.81,1702771.9,96.1,79.0,6.5,0.0,175.0,0.0,89.96,270.4,0.0,314.93,0.0,1213.411125,100144.8,0.99,75.1,-598435.3,300819.9,0.9948,0.097,551.6,-0.0972,-74.55768,0.0,0,-1.0,-1.0,-1.0,-1.0
1791146649.31,1702772.0,96.6,79.0,6.5,0.0,175.0,0.0,89.96,270.4,0.0,314.93,0.0,1213.411125,100144.8,0.99,75.1,-598435.3,300819.9,0.9948,0.097,551.6,-0.0972,-74.55768,0.0,0,-1.0,-1.0,-1.0,-1.0
1791146649.81,1702772.3,97.1,79.0,6.5,0.0,175.0,0.0,89.96,270.4,0.0,314.93,0.0,1213.411125,100144.8,0.99,75.1,-598435.3,300819.9,0.9948,0.097,551.6,-0.0972,-74.55768,0.0,0,-1.0,-1.0,-1.0,-1.0
1791146650.31,1702772.8,97.6,79.0,6.5,0.0,175.0,0.0,89.96,270.4,0.0,314.92,0.0,1213.411125,100144.8,0.99,75.1,-598435.3,300819.9,0.9948,0.097,551.6,-0.0972,-74.55768,0.0,0,-1.0,-1.0,-1.0,-1.0
1791146650.82,1702773.3,98.2,79.0,6.5,0.0,175.0,0.0,89.96,270.4,0.0,314.91,0.0,1213.411125,100144.8,0.99,75.1,-598435.3,300819.9,0.9948,0.097,551.6,-0.0972,-74.55768,0.0,0,-1.0,-1.0,-1.0,-1.0
1791146651.32,1702773.8,98.7,79.0,6.5,0.0,175.0,0.0,89.96,270.4,0.0,314.9,0.0,1213.411125,100144.8,0.99,75.1,-598435.3,300819.9,0.9948,0.097,551.6,-0.0972,-74.55768,0.0,0,-1.0,-1.0,-1.0,-1.0
1791146651.82,1702774.3,99.2,79.0,6.5,0.0,175.0,0.0,89.96,270.4,0.0,314.9,0.0,1213.411125,100144.8,0.99,75.1,-598435.3,300819.9,0.9948,0.097,551.6,-0.0972,-74.55768,0.0,0,-1.0,-1.0,-1.0,-1.0
1791146652.33,1702774.8,99.7,79.0,6.5,0.0,175.0,0.0,89.96,270.4,0.0,314.89,0.0,1213.411125,100144.8,0.99,75.1,-598435.3,300819.9,0.9948,0.097,551.6,-0.0972,-74.55768,0.0,0,-1.0,-1.0,-1.0,-1.0
1791146652.83,1702775.3,100.2,79.0,6.5,0.0,175.0,0.0,89.96,270.4,0.0,314.88,0.0,1213.411125,100144.8,0.99,75.1,-598435.3,300819.9,0.9948,0.097,551.6,-0.0972,-74.55768,0.0,0,-1.0,-1.0,-1.0,-1.0
1791146653.34,1702775.7,100.7,79.0,6.5,0.0,175.0,0.0,89.96,270.4,0.0,314.87,0.0,1213.411125,100144.8,0.99,75.1,-598435.3,300819.9,0.9948,0.097,551.6,-0.0972,-74.55768,0.0,0,-1.0,-1.0,-1.0,-1.0
1791146653.84,1702775.7,101.2,79.0,6.5,0.0,175.0,0.0,89.96,270.4,0.0,314.87,0.0,1213.411125,100144.8,0.99,75.1,-598435.3,300819.9,0.9948,0.097,551.6,-0.0972,-74.55768,0.0,0,-1.0,-1.0,-1.0,-1.0
1791146654.34,1702775.9,101.7,79.0,6.5,0.0,175.0,0.0,89.96,270.4,0.0,314.87,0.0,1213.411125,100144.8,0.99,75.1,-598435.3,300819.9,0.9948,0.097,551.6,-0.0972,-74.55768,0.0,0,-1.0,-1.0,-1.0,-1.0
1791146654.84,1702776.4,102.2,79.0,6.5,0.0,175.0,0.0,89.96,270.4,0.0,314.86,0.0,1213.411125,100144.8,0.99,75.1,-598435.3,300819.9,0.9948,0.097,551.6,-0.0972,-74.55768,0.0,0,-1.0,-1.0,-1.0,-1.0
1791146655.34,1702776.9,102.7,79.0,6.5,0.0,175.0,0.0,89.96,270.4,0.0,314.85,0.0,1213.411125,100144.8,0.99,75.1,-598435.3,300819.9,0.9948,0.097,551.6,-0.0972,-74.55768,0.0,0,-1.0,-1.0,-1.0,-1.0
1791146655.84,1702777.4,103.2,79.0,6.5,0.0,175.0,0.0,89.96,270.4,0.0,314.84,0.0,1213.411125,100144.8,0.99,75.1,-598435.3,300819.9,0.9948,0.097,551.6,-0.0972,-74.55768,0.0,0,-1.0,-1.0,-1.0,-1.0
1791146656.35,1702777.9,103.7,79.0,6.5,0.0,175.0,0.0,89.96,270.4,0.0,314.83,0.0,1213.411125,100144.8,0.99,75.1,-598435.3,300819.9,0.9948,0.097,551.6,-0.0972,-74.55768,0.0,0,-1.0,-1.0,-1.0,-1.0
1791146656.85,1702778.4,104.2,79.0,6.5,0.0,175.0,0.0,89.96,270.4,0.0,314.83,0.0,1213.411125,100144.8,0.99,75.1,-598435.3,300819.9,0.9948,0.097,551.6,-0.0972,-74.55768,0.0,0,-1.0,-1.0,-1.0,-1.0
1791146657.35,1702778.9,104.7,79.0,6.5,0.0,175.0,0.0,89.96,270.4,0.0,314.82,0.0,1213.411125,100144.8,0.99,75.1,-598435.3,300819.9,0.9948,0.097,551.6,-0.0972,-74.55768,0.0,0,-1.0,-1.0,-1.0,-1.0
1791146657.85,1702779.4,105.2,79.0,6.5,0.0,175.0,0.0,89.96,270.4,0.0,314.81,0.0,1213.411125,100144.8,0.99,75.1,-598435.3,300819.9,0.9948,0.097,551.6,-0.0972,-74.55768,0.0,0,-1.0,-1.0,-1.0,-1.0
1791146658.35,1702779.5,105.7,79.0,6.5,0.0,175.0,0.0,89.96,270.4,0.0,314.81,0.0,1213.411125,100144.8,0.99,75.1,-598435.3,300819.9,0.9948,0.097,551.6,-0.0972,-74.55768,0.0,0,-1.0,-1.0,-1.0,-1.0
1791146658.86,1702779.6,106.2,79.0,6.5,0.0,175.0,0.0,89.96,270.4,0.0,314.81,0.0,1213.411125,100144.8,0.99,75.1,-598435.3,300819.9,0.9948,0.097,551.6,-0.0972,-74.55768,0.0,0,-1.0,-1.0,-1.0,-1.0
1791146659.36,1702780.1,106.7,79.0,6.5,0.0,175.0,0.0,89.96,270.4,0.0,314.8,0.0,1213.411125,100144.8,0.99,75.1,-598435.3,300819.9,0.9948,0.097,551.6,-0.0972,-74.55768,0.0,0,-1.0,-1.0,-1.0,-1.0
1791146659.86,1702780.6,107.2,79.0,6.5,0.0,175.0,0.0,89.96,270.4,0.0,314.79,0.0,1213.411125,100144.8,0.99,75.1,-598435.3,300819.9,0.9948,0.097,551.6,-0.0972,-74.55768,0.0,0,-1.0,-1.0,-1.0,-1.0
1791146660.37,1702781.1,107.7,79.0,6.5,0.0,175.0,0.0,89.96,270.4,0.0,314.78,0.0,1213.411125,100144.8,0.99,75.1,-598435.3,300819.9,0.9948,0.097,551.6,-0.0972,-74.55768,0.0,0,-1.0,-1.0,-1.0,-1.0
1791146660.87,1702781.6,108.2,79.0,6.5,0.0,175.0,0.0,89.96,270.4,0.0,314.77,0.0,1213.411125,100144.8,0.99,75.1,-598435.3,300819.9,0.9948,0.097,551.6,-0.0972,-74.55768,0.0,0,-1.0,-1.0,-1.0,-1.0
1791146661.37,1702782.1,108.7,79.0,6.5,0.0,175.0,0.0,89.96,270.4,0.0,314.76,0.0,1213.411125,100144.8,0.99,75.1,-598435.3,300819.9,0.9948,0.097,551.6,-0.0972,-74.55768,0.0,0,-1.0,-1.0,-1.0,-1.0
1791146661.88,1702782.6,109.2,79.0,6.5,0.0,175.0,0.0,89.96,270.4,0.0,314.76,0.0,1213.411125,100144.8,0.99,75.1,-598435.3,300819.9,0.9948,0.097,551.6,-0.0972,-74.55768,0.0,0,-1.0,-1.0,-1.0,-1.0
1791146662.38,1702783.1,109.7,79.0,6.5,0.0,175.0,0.0,89.96,270.4,0.0,314.75,0.0,1213.411125,100144.8,0.99,75.1,-598435.3,300819.9,0.9948,0.097,551.6,-0.0972,-74.55768,0.0,0,-1.0,-1.0,-1.0,-1.0
1791146662.89,1702783.6,110.2,79.0,6.5,0.0,175.0,0.0,89.96,270.4,0.0,314.74,0.0,1213.411125,100144.8,0.99,75.1,-598435.3,300819.9,0.9948,0.097,551.6,-0.0972,-74.55768,0.0,0,-1.0,-1.0,-1.0,-1.0
1791146663.39,1702783.8,110.7,79.0,6.5,0.0,175.0,0.0,89.96,270.4,0.0,314.74,0.0,1213.411125,100144.8,0.99,75.1,-598435.3,300819.9,0.9948,0.097,551.6,-0.0972,-74.55768,0.0,0,-1.0,-1.0,-1.0,-1.0
1791146663.89,1702783.8,111.2,79.0,6.5,0.0,175.0,0.0,89.96,270.4,0.0,314.74,0.0,1213.411125,100144.8,0.99,75.1,-598435.3,300819.9,0.9948,0.097,551.6,-0.0972,-74.55768,0.0,0,-1.0,-1.0,-1.0,-1.0
1791146664.39,1702784.2,111.7,79.0,6.5,0.0,175.0,0.0,89.96,270.4,0.0,314.73,0.0,1213.411125,100144.8,0.99,75.1,-598435.3,300819.9,0.9948,0.097,551.6,-0.0972,-74.55768,0.0,0,-1.0,-1.0,-1.0,-1.0
1791146664.89,1702784.7,112.2,79.0,6.5,0.0,175.0,0.0,89.96,270.4,0.0,314.72,0.0,1213.411125,100144.8,0.99,75.1,-598435.3,300819.9,0.9948,0.097,551.6,-0.0972,-74.55768,0.0,0,-1.0,-1.0,-1.0,-1.0
1791146665.41,1702785.2,112.7,79.0,6.5,0.0,175.0,0.0,89.96,270.4,0.0,314.71,0.0,1213.411125,100144.8,0.99,75.1,-598435.3,300819.9,0.9948,0.097,551.6,-0.0972,-74.55768,0.0,0,-1.0,-1.0,-1.0,-1.0
1791146665.91,1702785.7,113.2,79.0,6.5,0.0,175.0,0.0,89.96,270.4,0.0,314.71,0.0,1213.411125,100144.8,0.99,75.1,-598435.3,300819.9,0.9948,0.097,551.6,-0.0972,-74.55768,0.0,0,-1.0,-1.0,-1.0,-1.0
1791146666.41,1702786.2,113.7,79.0,6.5,0.0,175.0,0.0,89.96,270.4,0.0,314.7,0.0,1213.411125,100144.8,0.99,75.1,-598435.3,300819.9,0.9948,0.097,551.6,-0.0972,-74.55768,0.0,0,-1.0,-1.0,-1.0,-1.0
1791146666.91,1702786.7,114.2,79.0,6.5,0.0,175.0,0.0,89.96,270.4,0.0,314.69,0.0,1213.411125,100144.8,0.99,75.1,-598435.3,300819.9,0.9948,0.097,551.6,-0.0972,-74.55768,0.0,0,-1.0,-1.0,-1.0,-1.0
1791146667.41,1702787.2,114.7,79.0,6.5,0.0,175.0,0.0,89.96,270.4,0.0,314.68,0.0,1213.411125,100144.8,0.99,75.1,-598435.3,300819.9,0.9948,0.097,551.6,-0.0972,-74.55768,0.0,0,-1.0,-1.0,-1.0,-1.0
1791146667.91,1702787.7,115.2,79.0,6.5,0.0,175.0,0.0,89.96,270.4,0.0,314.67,0.0,1213.411125,100144.8,0.99,75.1,-598435.3,300819.9,0.9948,0.097,551.6,-0.0972,-74.55768,0.0,0,-1.0,-1.0,-1.0,-1.0
1791146668.42,1702788.2,115.7,79.0,6.5,0.0,175.0,0.0,89.96,270.4,0.0,314.66,0.0,1213.411125,100144.8,0.99,75.1,-598435.3,300819.9,0.9948,0.097,551.6,-0.0972,-74.55768,0.0,0,-1.0,-1.0,-1.0,-1.0
1791146668.92,1702788.7,116.2,79.0,6.5,0.0,175.0,0.0,89.96,270.4,0.0,314.66,0.0,1213.411125,100144.8,0.99,75.1,-598435.3,300819.9,0.9948,0.097,551.6,-0.0972,-74.55768,0.0,0,-1.0,-1.0,-1.0,-1.0
1791146669.42,1702789.2,116.7,79.0,6.5,0.0,175.0,0.0,89.96,270.4,0.0,314.65,0.0,1213.411125,100144.8,0.99,75.1,-598435.3,300819.9,0.9948,0.097,551.6,-0.0972,-74.55768,0.0,0,-1.0,-1.0,-1.0,-1.0
1791146669.92,1702789.7,117.3,79.0,6.5,0.0,175.0,0.0,89.96,270.4,0.0,314.64,0.0,1213.411125,100144.8,0.99,75.1,-598435.3,300819.9,0.9948,0.097,551.6,-0.0972,-74.55768,0.0,0,-1.0,-1.0,-1.0,-1.0
1791146670.42,1702790.2,117.8,79.0,6.5,0.0,175.0,0.0,89.96,270.4,0.0,314.63,0.0,1213.411125,100144.8,0.99,75.1,-598435.3,300819.9,0.9948,0.097,551.6,-0.0972,-74.55768,0.0,0,-1.0,-1.0,-1.0,-1.0
1791146670.92,1702790.7,118.3,79.0,6.5,0.0,175.0,0.0,89.96,270.4,0.0,314.62,0.0,1213.411125,100144.8,0.99,75.1,-598435.3,300819.9,0.9948,0.097,551.6,-0.0972,-74.55768,0.0,0,-1.0,-1.0,-1.0,-1.0
1791146671.43,1702791.2,118.8,79.0,6.5,0.0,175.0,0.0,89.96,270.4,0.0,314.61,0.0,1213.411125,100144.8,0.99,75.1,-598435.3,300819.9,0.9948,0.097,551.6,-0.0972,-74.55768,0.0,0,-1.0,-1.0,-1.0,-1.0
1791146671.93,1702791.7,119.3,79.0,6.5,0.0,175.0,0.0,89.96,270.4,0.0,314.61,0.0,1213.411125,100144.8,0.99,75.1,-598435.3,300819.9,0.9948,0.097,551.6,-0.0972,-74.55768,0.0,0,-1.0,-1.0,-1.0,-1.0
1791146672.43,1702792.2,119.8,79.0,6.5,0.0,175.0,0.0,89.96,270.4,0.0,314.6,0.0,1213.411125,100144.8,0.99,75.1,-598435.3,300819.9,0.9948,0.097,551.6,-0.0972,-74.55768,0.0,0,-1.0,-1.0,-1.0,-1.0
1791146672.93,1702792.7,120.3,79.0,6.5,0.0,175.0,0.0,89.96,270.4,0.0,314.59,0.0,1213.411125,100144.8,0.99,75.1,-598435.3,300819.9,0.9948,0.097,551.6,-0.0972,-74.55768,0.0,0,-1.0,-1.0,-1.0,-1.0
1791146673.44,1702793.2,120.8,79.0,6.5,0.0,175.0,0.0,89.96,270.4,0.0,314.58,0.0,1213.411125,100144.8,0.99,75.1,-598435.3,300819.9,0.9948,0.097,551.6,-0.0972,-74.55768,0.0,0,-1.0,-1.0,-1.0,-1.0
1791146673.94,1702793.7,121.3,79.0,6.5,0.0,175.0,0.0,89.96,270.4,0.0,314.57,0.0,1213.411125,100144.8,0.99,75.1,-598435.3,300819.9,0.9948,0.097,551.6,-0.0972,-74.55768,0.0,0,-1.0,-1.0,-1.0,-1.0
1791146674.44,1702794.2,121.8,79.0,6.5,0.0,175.0,0.0,89.96,270.4,0.0,314.56,0.0,1213.411125,100144.8,0.99,75.1,-598435.3,300819.9,0.9948,0.097,551.6,-0.0972,-74.55768,0.0,0,-1.0,-1.0,-1.0,-1.0
1791146674.94,1702794.7,122.3,79.0,6.5,0.0,175.0,0.0,89.96,270.4,0.0,314.56,0.0,1213.411125,100144.8,0.99,75.1,-598435.3,300819.9,0.9948,0.097,551.6,-0.0972,-74.55768,0.0,0,-1.0,-1.0,-1.0,-1.0
1791146675.44,1702795.2,122.8,79.0,6.5,0.0,175.0,0.0,89.96,270.4,0.0,314.55,0.0,1213.411125,100144.8,0.99,75.1,-598435.3,300819.9,0.9948,0.097,551.6,-0.0972,-74.55768,0.0,0,-1.0,-1.0,-1.0,-1.0
1791146675.95,1702795.7,123.3,79.0,6.5,0.0,175.0,0.0,89.96,270.4,0.0,314.54,0.0,1213.411125,100144.8,0.99,75.1,-598435.3,300819.9,0.9948,0.097,551.6,-0.0972,-74.55768,0.0,0,-1.0,-1.0,-1.0,-1.0
1791146676.45,1702796.2,123.8,79.0,6.5,0.0,175.0,0.0,89.96,270.4,0.0,314.53,0.0,1213.411125,100144.8,0.99,75.1,-598435.3,300819.9,0.9948,0.097,551.6,-0.0972,-74.55768,0.0,0,-1.0,-1.0,-1.0,-1.0
1791146676.95,1702796.7,124.3,79.0,6.5,0.0,175.0,0.0,89.96,270.4,0.0,314.52,0.0,1213.411125,100144.8,0.99,75.1,-598435.3,300819.9,0.9948,0.097,551.6,-0.0972,-74.55768,0.0,0,-1.0,-1.0,-1.0,-1.0
1791146677.46,1702797.2,124.8,79.0,6.5,0.0,175.0,0.0,89.96,270.4,0.0,314.51,0.0,1213.411125,100144.8,0.99,75.1,-598435.3,300819.9,0.9948,0.097,551.6,-0.0972,-74.55768,0.0,0,-1.0,-1.0,-1.0,-1.0
1791146677.96,1702797.7,125.3,79.0,6.5,0.0,175.0,0.0,89.96,270.4,0.0,314.51,0.0,1213.411125,100144.8,0.99,75.1,-598435.3,300819.9,0.9948,0.097,551.6,-0.0972,-74.55768,0.0,0,-1.0,-1.0,-1.0,-1.0
1791146678.46,1702798.2,125.8,79.0,6.5,0.0,175.0,0.0,89.96,270.4,0.0,314.5,0.0,1213.411125,100144.8,0.99,75.1,-598435.3,300819.9,0.9948,0.097,551.6,-0.0972,-74.55768,0.0,0,-1.0,-1.0,-1.0,-1.0
1791146678.96,1702798.7,126.3,79.0,6.5,0.0,175.0,0.0,89.96,270.4,0.0,314.49,0.0,1213.411125,100144.8,0.99,75.1,-598435.3,300819.9,0.9948,0.097,551.6,-0.0972,-74.55768,0.0,0,-1.0,-1.0,-1.0,-1.0
1791146679.46,1702799.2,126.8,79.0,6.5,0.0,175.0,0.0,89.96,270.4,0.0,314.48,0.0,1213.411125,100144.8,0.99,75.1,-598435.3,300819.9,0.9948,0.097,551.6,-0.0972,-74.55768,0.0,0,-1.0,-1.0,-1.0,-1.0
1791146679.96,1702799.7,127.3,79.0,6.5,0.0,175.0,0.0,89.96,270.4,0.0,314.47,0.0,1213.411125,100144.8,0.99,75.1,-598435.3,300819.9,0.9948,0.097,551.6,-0.0972,-74.55768,0.0,0,-1.0,-1.0,-1.0,-1.0
1791146680.46,1702800.2,127.8,79.0,6.5,0.0,175.0,0.0,89.96,270.4,0.0,314.46,0.0,1213.411125,100144.8,0.99,75.1,-598435.3,300819.9,0.9948,0.097,551.6,-0.0972,-74.55768,0.0,0,-1.0,-1.0,-1.0,-1.0
1791146680.97,1702800.7,128.3,79.0,6.5,0.0,175.0,0.0,89.96,270.4,0.0,314.45,0.0,1213.411125,100144.8,0.99,75.1,-598435.3,300819.9,0.9948,0.097,551.6,-0.0972,-74.55768,0.0,0,-1.0,-1.0,-1.0,-1.0
1791146681.47,1702801.2,128.8,79.0,6.5,0.0,175.0,0.0,89.96,270.4,0.0,314.45,0.0,1213.411125,100144.8,0.99,75.1,-598435.3,300819.9,0.9948,0.097,551.6,-0.0972,-74.55768,0.0,0,-1.0,-1.0,-1.0,-1.0
1791146681.97,1702801.7,129.3,79.0,6.5,0.0,175.0,0.0,89.96,270.4,0.0,314.44,0.0,1213.411125,100144.8,0.99,75.1,-598435.3,300819.9,0.9948,0.097,551.6,-0.0972,-74.55768,0.0,0,-1.0,-1.0,-1.0,-1.0
1791146682.47,1702802.2,129.8,79.0,6.5,0.0,175.0,0.0,89.96,270.4,0.0,314.43,0.0,1213.411125,100144.8,0.99,75.1,-598435.3,300819.9,0.9948,0.097,551.6,-0.0972,-74.55768,0.0,0,-1.0,-1.0,-1.0,-1.0
1791146682.97,1702802.7,130.3,79.0,6.5,0.0,175.0,0.0,89.96,270.4,0.0,314.42,0.0,1213.411125,100144.8,0.99,75.1,-598435.3,300819.9,0.9948,0.097,551.6,-0.0972,-74.55768,0.0,0,-1.0,-1.0,-1.0,-1.0
1791146683.47,1702803.2,130.8,79.0,6.5,0.0,175.0,0.0,89.96,270.4,0.0,314.41,0.0,1213.411125,100144.8,0.99,75.1,-598435.3,300819.9,0.9948,0.097,551.6,-0.0972,-74.55768,0.0,0,-1.0,-1.0,-1.0,-1.0
1791146683.98,1702803.7,131.3,79.0,6.5,0.0,175.0,0.0,89.96,270.4,0.0,314.41,0.0,1213.411125,100144.8,0.99,75.1,-598435.3,300819.9,0.9948,0.097,551.6,-0.0972,-74.55768,0.0,0,-1.0,-1.0,-1.0,-1.0
1791146684.48,1702804.2,131.8,79.0,6.5,0.0,175.0,0.0,89.96,270.4,0.0,314.4,0.0,1213.411125,100144.8,0.99,75.1,-598435.3,300819.9,0.9948,0.097,551.6,-0.0972,-74.55768,0.0,0,-1.0,-1.0,-1.0,-1.0
1791146684.98,1702804.7,132.3,79.0,6.5,0.0,175.0,0.0,89.96,270.4,0.0,314.39,0.0,1213.411125,100144.8,0.99,75.1,-598435.3,300819.9,0.9948,0.097,551.6,-0.0972,-74.55768,0.0,0,-1.0,-1.0,-1.0,-1.0
1791146685.48,1702805.2,132.8,79.0,6.5,0.0,175.0,0.0,89.96,270.4,0.0,314.38,0.0,1213.411125,100144.8,0.99,75.1,-598435.3,300819.9,0.9948,0.097,551.6,-0.0972,-74.55768,0.0,0,-1.0,-1.0,-1.0,-1.0
1791146685.98,1702805.7,133.3,79.0,6.5,0.0,175.0,0.0,89.96,270.4,0.0,314.37,0.0,1213.411125,100144.8,0.99,75.1,-598435.3,300819.9,0.9948,0.097,551.6,-0.0972,-74.55768,0.0,0,-1.0,-1.0,-1.0,-1.0
1791146686.48,1702806.2,133.8,79.0,6.5,0.0,175.0,0.0,89.96,270.4,0.0,314.36,0.0,1213.411125,100144.8,0.99,75.1,-598435.3,300819.9,0.9948,0.097,551.6,-0.0972,-74.55768,0.0,0,-1.0,-1.0,-1.0,-1.0
1791146686.99,1702806.7,134.3,79.0,6.5,0.0,175.0,0.0,89.96,270.4,0.0,314.36,0.0,1213.411125,100144.8,0.99,75.1,-598435.3,300819.9,0.9948,0.097,551.6,-0.0972,-74.55768,0.0,0,-1.0,-1.0,-1.0,-1.0
1791146687.49,1702807.2,134.8,79.0,6.5,0.0,175.0,0.0,89.96,270.4,0.0,314.35,0.0,1213.411125,100144.8,0.99,75.1,-598435.3,300819.9,0.9948,0.097,551.6,-0.0972,-74.55768,0.0,0,-1.0,-1.0,-1.0,-1.0
1791146687.99,1702807.7,135.3,79.0,6.5,0.0,175.0,0.0,89.96,270.4,0.0,314.34,0.0,1213.411125,100144.8,0.99,75.1,-598435.3,300819.9,0.9948,0.097,551.6,-0.0972,-74.55768,0.0,0,-1.0,-1.0,-1.0,-1.0
1791146688.49,1702808.2,135.8,79.0,6.5,0.0,175.0,0.0,89.96,270.4,0.0,314.33,0.0,1213.411125,100144.8,0.99,75.1,-598435.3,300819.9,0.9948,0.097,551.6,-0.0972,-74.55768,0.0,0,-1.0,-1.0,-1.0,-1.0
1791146688.99,1702808.7,136.3,79.0,6.5,0.0,175.0,0.0,89.96,270.4,0.0,314.32,0.0,1213.411125,100144.8,0.99,75.1,-598435.3,300819.9,0.9948,0.097,551.6,-0.0972,-74.55768,0.0,0,-1.0,-1.0,-1.0,-1.0
1791146689.5,1702809.2,136.8,79.0,6.5,0.0,175.0,0.0,89.96,270.4,0.0,314.31,0.0,1213.411125,100144.8,0.99,75.1,-598435.3,300819.9,0.9948,0.097,551.6,-0.0972,-74.55768,0.0,0,-1.0,-1.0,-1.0,-1.0
1791146690.0,1702809.7,137.3,79.0,6.5,0.0,175.0,0.0,89.96,270.4,0.0,314.31,0.0,1213.411125,100144.8,0.99,75.1,-598435.3,300819.9,0.9948,0.097,551.6,-0.0972,-74.55768,0.0,0,-1.0,-1.0,-1.0,-1.0
1791146690.5,1702810.2,137.8,79.0,6.5,0.0,175.0,0.0,89.96,270.4,0.0,314.3,0.0,1213.411125,100144.8,0.99,75.1,-598435.3,300819.9,0.9948,0.097,551.6,-0.0972,-74.55768,0.0,0,-1.0,-1.0,-1.0,-1.0
1791146691.0,1702810.7,138.3,79.0,6.5,0.0,175.0,0.0,89.96,270.4,0.0,314.29,0.0,1213.411125,100144.8,0.99,75.1,-598435.3,300819.9,0.9948,0.097,551.6,-0.0972,-74.55768,0.0,0,-1.0,-1.0,-1.0,-1.0
1791146691.51,1702811.2,138.8,79.0,6.5,0.0,175.0,0.0,89.96,270.4,0.0,314.28,0.0,1213.411125,100144.8,0.99,75.1,-598435.3,300819.9,0.9948,0.097,551.6,-0.0972,-74.55768,0.0,0,-1.0,-1.0,-1.0,-1.0
1791146692.01,1702811.7,139.3,79.0,6.5,0.0,175.0,0.0,89.96,270.4,0.0,314.27,0.0,1213.411125,100144.8,0.99,75.1,-598435.3,300819.9,0.9948,0.097,551.6,-0.0972,-74.55768,0.0,0,-1.0,-1.0,-1.0,-1.0
1791146692.51,1702812.2,139.8,79.0,6.5,0.0,175.0,0.0,89.96,270.4,0.0,314.26,0.0,1213.411125,100144.8,0.99,75.1,-598435.3,300819.9,0.9948,0.097,551.6,-0.0972,-74.55768,0.0,0,-1.0,-1.0,-1.0,-1.0
1791146693.01,1702812.7,140.3,79.0,6.5,0.0,175.0,0.0,89.96,270.4,0.0,314.26,0.0,1213.411125,100144.8,0.99,75.1,-598435.3,300819.9,0.9948,0.097,551.6,-0.0972,-74.55768,0.0,0,-1.0,-1.0,-1.0,-1.0
1791146693.51,1702813.2,140.8,79.0,6.5,0.0,175.0,0.0,89.96,270.4,0.0,314.25,0.0,1213.411125,100144.8,0.99,75.1,-598435.3,300819.9,0.9948,0.097,551.6,-0.0972,-74.55768,0.0,0,-1.0,-1.0,-1.0,-1.0
1791146694.01,1702813.7,141.3,79.0,6.5,0.0,175.0,0.0,89.96,270.4,0.0,314.24,0.0,1213.411125,100144.8,0.99,75.1,-598435.3,300819.9,0.9948,0.097,551.6,-0.0972,-74.55768,0.0,0,-1.0,-1.0,-1.0,-1.0
1791146694.52,1702814.2,141.8,79.0,6.5,0.0,175.0,0.0,89.96,270.4,0.0,314.23,0.0,1213.411125,100144.8,0.99,75.1,-598435.3,300819.9,0.9948,0.097,551.6,-0.0972,-74.55768,0.0,0,-1.0,-1.0,-1.0,-1.0
1791146695.02,1702814.7,142.3,79.0,6.5,0.0,175.0,0.0,89.96,270.4,0.0,314.22,0.0,1213.411125,100144.8,0.99,75.1,-598435.3,300819.9,0.9948,0.097,551.6,-0.0972,-74.55768,0.0,0,-1.0,-1.0,-1.0,-1.0
1791146695.52,1702815.2,142.9,79.0,6.5,0.0,175.0,0.0,89.96,270.4,0.0,314.21,0.0,1213.411125,100144.8,0.99,75.1,-598435.3,300819.9,0.9948,0.097,551.6,-0.0972,-74.55768,0.0,0,-1.0,-1.0,-1.0,-1.0
1791146696.02,1702815.7,143.4,79.0,6.5,0.0,175.0,0.0,89.96,270.4,0.0,314.21,0.0,1213.411125,100144.8,0.99,75.1,-598435.3,300819.9,0.9948,0.097,551.6,-0.0972,-74.55768,0.0,0,-1.0,-1.0,-1.0,-1.0
1791146696.52,1702816.2,143.9,79.0,6.5,0.0,175.0,0.0,89.96,270.4,0.0,314.2,0.0,1213.411125,100144.8,0.99,75.1,-598435.3,300819.9,0.9948,0.097,551.6,-0.0972,-74.55768,0.0,0,-1.0,-1.0,-1.0,-1.0
1791146697.03,1702816.7,144.4,79.0,6.5,0.0,175.0,0.0,89.96,270.4,0.0,314.19,0.0,1213.411125,100144.8,0.99,75.1,-598435.3,300819.9,0.9948,0.097,551.6,-0.0972,-74.55768,0.0,0,-1.0,-1.0,-1.0,-1.0
1791146697.53,1702817.2,144.9,79.0,6.5,0.0,175.0,0.0,89.96,270.4,0.0,314.18,0.0,1213.411125,100144.8,0.99,75.1,-598435.3,300819.9,0.9948,0.097,551.6,-0.0972,-74.55768,0.0,0,-1.0,-1.0,-1.0,-1.0
1791146698.03,1702817.7,145.4,79.0,6.5,0.0,175.0,0.0,89.96,270.4,0.0,314.17,0.0,1213.411125,100144.8,0.99,75.1,-598435.3,300819.9,0.9948,0.097,551.6,-0.0972,-74.55768,0.0,0,-1.0,-1.0,-1.0,-1.0
1791146698.53,1702818.2,145.9,79.0,6.5,0.0,175.0,0.0,89.96,270.4,0.0,314.16,0.0,1213.411125,100144.8,0.99,75.1,-598435.3,300819.9,0.9948,0.097,551.6,-0.0972,-74.55768,0.0,0,-1.0,-1.0,-1.0,-1.0
1791146699.03,1702818.7,146.4,79.0,6.5,0.0,175.0,0.0,89.96,270.4,0.0,314.16,0.0,1213.411125,100144.8,0.99,75.1,-598435.3,300819.9,0.9948,0.097,551.6,-0.0972,-74.55768,0.0,0,-1.0,-1.0,-1.0,-1.0
1791146699.54,1702819.2,146.9,79.0,6.5,0.0,175.0,0.0,89.96,270.4,0.0,314.15,0.0,1213.411125,100144.8,0.99,75.1,-598435.3,300819.9,0.9948,0.097,551.6,-0.0972,-74.55768,0.0,0,-1.0,-1.0,-1.0,-1.0
1791146700.04,1702819.7,147.4,79.0,6.5,0.0,175.0,0.0,89.96,270.4,0.0,314.14,0.0,1213.411125,100144.8,0.99,75.1,-598435.3,300819.9,0.9948,0.097,551.6,-0.0972,-74.55768,0.0,0,-1.0,-1.0,-1.0,-1.0
1791146700.54,1702820.2,147.9,79.0,6.5,0.0,175.0,0.0,89.96,270.4,0.0,314.13,0.0,1213.411125,100144.8,0.99,75.1,-598435.3,300819.9,0.9948,0.097,551.6,-0.0972,-74.55768,0.0,0,-1.0,-1.0,-1.0,-1.0
1791146701.04,1702820.7,148.4,79.0,6.5,0.0,175.0,0.0,89.96,270.4,0.0,314.12,0.0,1213.411125,100144.8,0.99,75.1,-598435.3,300819.9,0.9948,0.097,551.6,-0.0972,-74.55768,0.0,0,-1.0,-1.0,-1.0,-1.0
1791146701.54,1702821.2,148.9,79.0,6.5,0.0,175.0,0.0,89.96,270.4,0.0,314.11,0.0,1213.411125,100144.8,0.99,75.1,-598435.3,300819.9,0.9948,0.097,551.6,-0.0972,-74.55768,0.0,0,-1.0,-1.0,-1.0,-1.0
1791146702.05,1702821.6,149.4,79.0,6.5,0.0,175.0,0.0,89.96,270.4,0.0,314.11,0.0,1213.411125,100144.8,0.99,75.1,-598435.3,300819.9,0.9948,0.097,551.6,-0.0972,-74.55768,0.0,0,-1.0,-1.0,-1.0,-1.0
1791146702.55,1702822.2,149.9,79.0,6.5,0.0,175.0,0.0,89.96,270.4,0.0,314.1,0.0,1213.411125,100144.8,0.99,75.1,-598435.3,300819.9,0.9948,0.097,551.6,-0.0972,-74.55768,0.0,0,-1.0,-1.0,-1.0,-1.0
1791146703.05,1702822.7,150.4,79.0,6.5,0.0,175.0,0.0,89.96,270.4,0.0,314.09,0.0,1213.411125,100144.8,0.99,75.1,-598435.3,300819.9,0.9948,0.097,551.6,-0.0972,-74.55768,0.0,0,-1.0,-1.0,-1.0,-1.0
1791146703.55,1702823.2,150.9,79.0,6.5,0.0,175.0,0.0,89.96,270.4,0.0,314.08,0.0,1213.411125,100144.8,0.99,75.1,-598435.3,300819.9,0.9948,0.097,551.6,-0.0972,-74.55768,0.0,0,-1.0,-1.0,-1.0,-1.0
1791146704.05,1702823.7,151.4,79.0,6.5,0.0,175.0,0.0,89.96,270.4,0.0,314.07,0.0,1213.411125,100144.8,0.99,75.1,-598435.3,300819.9,0.9948,0.097,551.6,-0.0972,-74.55768,0.0,0,-1.0,-1.0,-1.0,-1.0
1791146704.55,1702824.2,151.9,79.0,6.5,0.0,175.0,0.0,89.96,270.4,0.0,314.06,0.0,1213.411125,100144.8,0.99,75.1,-598435.3,300819.9,0.9948,0.097,551.6,-0.0972,-74.55768,0.0,0,-1.0,-1.0,-1.0,-1.0
1791146705.06,1702824.7,152.4,79.0,6.5,0.0,175.0,0.0,89.96,270.4,0.0,314.06,0.0,1213.411125,100144.8,0.99,75.1,-598435.3,300819.9,0.9948,0.097,551.6,-0.0972,-74.55768,0.0,0,-1.0,-1.0,-1.0,-1.0
1791146705.56,1702825.2,152.9,79.0,6.5,0.0,175.0,0.0,89.96,270.4,0.0,314.05,0.0,1213.411125,100144.8,0.99,75.1,-598435.3,300819.9,0.9948,0.097,551.6,-0.0972,-74.55768,0.0,0,-1.0,-1.0,-1.0,-1.0
1791146706.06,1702825.7,153.4,79.0,6.5,0.0,175.0,0.0,89.96,270.4,0.0,314.04,0.0,1213.411125,100144.8,0.99,75.1,-598435.3,300819.9,0.9948,0.097,551.6,-0.0972,-74.55768,0.0,0,-1.0,-1.0,-1.0,-1.0
1791146706.56,1702826.2,153.9,79.0,6.5,0.0,175.0,0.0,89.96,270.4,0.0,314.03,0.0,1213.411125,100144.8,0.99,75.1,-598435.3,300819.9,0.9948,0.097,551.6,-0.0972,-74.55768,0.0,0,-1.0,-1.0,-1.0,-1.0
1791146707.06,1702826.7,154.4,79.0,6.5,0.0,175.0,0.0,89.96,270.4,0.0,314.02,0.0,1213.411125,100144.8,0.99,75.1,-598435.3,300819.9,0.9948,0.097,551.6,-0.0972,-74.55768,0.0,0,-1.0,-1.0,-1.0,-1.0
1791146707.56,1702827.2,154.9,79.0,6.5,0.0,175.0,0.0,89.96,270.4,0.0,314.01,0.0,1213.411125,100144.8,0.99,75.1,-598435.3,300819.9,0.9948,0.097,551.6,-0.0972,-74.55768,0.0,0,-1.0,-1.0,-1.0,-1.0
1791146708.07,1702827.7,155.4,79.0,6.5,0.0,175.0,0.0,89.96,270.4,0.0,314.01,0.0,1213.411125,100144.8,0.99,75.1,-598435.3,300819.9,0.9948,0.097,551.6,-0.0972,-74.55768,0.0,0,-1.0,-1.0,-1.0,-1.0
1791146708.57,1702828.2,155.9,79.0,6.5,0.0,175.0,0.0,89.96,270.4,0.0,314.0,0.0,1213.411125,100144.8,0.99,75.1,-598435.3,300819.9,0.9948,0.097,551.6,-0.0972,-74.55768,0.0,0,-1.0,-1.0,-1.0,-1.0
1791146709.07,1702828.7,156.4,79.0,6.5,0.0,175.0,0.0,89.96,270.4,0.0,313.99,0.0,1213.411125,100144.8,0.99,75.1,-598435.3,300819.9,0.9948,0.097,551.6,-0.0972,-74.55768,0.0,0,-1.0,-1.0,-1.0,-1.0
1791146709.57,1702829.2,156.9,79.0,6.5,0.0,175.0,0.0,89.96,270.4,0.0,313.98,0.0,1213.411125,100144.8,0.99,75.1,-598435.3,300819.9,0.9948,0.097,551.6,-0.0972,-74.55768,0.0,0,-1.0,-1.0,-1.0,-1.0
1791146710.07,1702829.7,157.4,79.0,6.5,0.0,175.0,0.0,89.96,270.4,0.0,313.97,0.0,1213.411125,100144.8,0.99,75.1,-598435.3,300819.9,0.9948,0.097,551.6,-0.0972,-74.55768,0.0,0,-1.0,-1.0,-1.0,-1.0
1791146710.58,1702830.2,157.9,79.0,6.5,0.0,175.0,0.0,89.96,270.4,0.0,313.96,0.0,1213.411125,100144.8,0.99,75.1,-598435.3,300819.9,0.9948,0.097,551.6,-0.0972,-74.55768,0.0,0,-1.0,-1.0,-1.0,-1.0
1791146711.08,1702830.7,158.4,79.0,6.5,0.0,175.0,0.0,89.96,270.4,0.0,313.96,0.0,1213.411125,100144.8,0.99,75.1,-598435.3,300819.9,0.9948,0.097,551.6,-0.0972,-74.55768,0.0,0,-1.0,-1.0,-1.0,-1.0
1791146711.58,1702831.2,158.9,79.0,6.5,0.0,175.0,0.0,89.96,270.4,0.0,313.95,0.0,1213.411125,100144.8,0.99,75.1,-598435.3,300819.9,0.9948,0.097,551.6,-0.0972,-74.55768,0.0,0,-1.0,-1.0,-1.0,-1.0
1791146712.08,1702831.7,159.4,79.0,6.5,0.0,175.0,0.0,89.96,270.4,0.0,313.94,0.0,1213.411125,100144.8,0.99,75.1,-598435.3,300819.9,0.9948,0.097,551.6,-0.0972,-74.55768,0.0,0,-1.0,-1.0,-1.0,-1.0
1791146712.59,1702832.2,159.9,79.0,6.5,0.0,175.0,0.0,89.96,270.4,0.0,313.93,0.0,1213.411125,100144.8,0.99,75.1,-598435.3,300819.9,0.9948,0.097,551.6,-0.0972,-74.55768,0.0,0,-1.0,-1.0,-1.0,-1.0
1791146713.09,1702832.7,160.4,79.0,6.5,0.0,175.0,0.0,89.96,270.4,0.0,313.92,0.0,1213.411125,100144.8,0.99,75.1,-598435.3,300819.9,0.9948,0.097,551.6,-0.0972,-74.55768,0.0,0,-1.0,-1.0,-1.0,-1.0
1791146713.59,1702833.2,160.9,79.0,6.5,0.0,175.0,0.0,89.96,270.4,0.0,313.91,0.0,1213.411125,100144.8,0.99,75.1,-598435.3,300819.9,0.9948,0.097,551.6,-0.0972,-74.55768,0.0,0,-1.0,-1.0,-1.0,-1.0
1791146714.09,1702833.7,161.4,79.0,6.5,0.0,175.0,0.0,89.96,270.4,0.0,313.91,0.0,1213.411125,100144.8,0.99,75.1,-598435.3,300819.9,0.9948,0.097,551.6,-0.0972,-74.55768,0.0,0,-1.0,-1.0,-1.0,-1.0
1791146714.59,1702834.2,161.9,79.0,6.5,0.0,175.0,0.0,89.96,270.4,0.0,313.9,0.0,1213.411125,100144.8,0.99,75.1,-598435.3,300819.9,0.9948,0.097,551.6,-0.0972,-74.55768,0.0,0,-1.0,-1.0,-1.0,-1.0
1791146715.09,1702834.7,162.4,79.0,6.5,0.0,175.0,0.0,89.96,270.4,0.0,313.89,0.0,1213.411125,100144.8,0.99,75.1,-598435.3,300819.9,0.9948,0.097,551.6,-0.0972,-74.55768,0.0,0,-1.0,-1.0,-1.0,-1.0
1791146715.59,1702835.2,162.9,79.0,6.5,0.0,175.0,0.0,89.96,270.4,0.0,313.88,0.0,1213.411125,100144.8,0.99,75.1,-598435.3,300819.9,0.9948,0.097,551.6,-0.0972,-74.55768,0.0,0,-1.0,-1.0,-1.0,-1.0
1791146716.09,1702835.7,163.4,79.0,6.5,0.0,175.0,0.0,89.96,270.4,0.0,313.87,0.0,1213.411125,100144.8,0.99,75.1,-598435.3,300819.9,0.9948,0.097,551.6,-0.0972,-74.55768,0.0,0,-1.0,-1.0,-1.0,-1.0
1791146716.6,1702836.2,163.9,79.0,6.5,0.0,175.0,0.0,89.96,270.4,0.0,313.86,0.0,1213.411125,100144.8,0.99,75.1,-598435.3,300819.9,0.9948,0.097,551.6,-0.0972,-74.55768,0.0,0,-1.0,-1.0,-1.0,-1.0
1791146717.1,1702836.7,164.4,79.0,6.5,0.0,175.0,0.0,89.96,270.4,0.0,313.86,0.0,1213.411125,100144.8,0.99,75.1,-598435.3,300819.9,0.9948,0.097,551.6,-0.0972,-74.55768,0.0,0,-1.0,-1.0,-1.0,-1.0
1791146717.6,1702837.2,164.9,79.0,6.5,0.0,175.0,0.0,89.96,270.4,0.0,313.85,0.0,1213.411125,100144.8,0.99,75.1,-598435.3,300819.9,0.9948,0.097,551.6,-0.0972,-74.55768,0.0,0,-1.0,-1.0,-1.0,-1.0
1791146718.1,1702837.7,165.4,79.0,6.5,0.0,175.0,0.0,89.96,270.4,0.0,313.84,0.0,1213.411125,100144.8,0.99,75.1,-598435.3,300819.9,0.9948,0.097,551.6,-0.0972,-74.55768,0.0,0,-1.0,-1.0,-1.0,-1.0
1791146718.6,1702838.2,165.9,79.0,6.5,0.0,175.0,0.0,89.96,270.4,0.0,313.83,0.0,1213.411125,100144.8,0.99,75.1,-598435.3,300819.9,0.9948,0.097,551.6,-0.0972,-74.55768,0.0,0,-1.0,-1.0,-1.0,-1.0
1791146719.11,1702838.7,166.4,79.0,6.5,0.0,175.0,0.0,89.96,270.4,0.0,313.82,0.0,1213.411125,100144.8,0.99,75.1,-598435.3,300819.9,0.9948,0.097,551.6,-0.0972,-74.55768,0.0,0,-1.0,-1.0,-1.0,-1.0
1791146719.61,1702839.2,166.9,79.0,6.5,0.0,175.0,0.0,89.96,270.4,0.0,313.81,0.0,1213.411125,100144.8,0.99,75.1,-598435.3,300819.9,0.9948,0.097,551.6,-0.0972,-74.55768,0.0,0,-1.0,-1.0,-1.0,-1.0
1791146720.11,1702839.7,167.4,79.0,6.5,0.0,175.0,0.0,89.96,270.4,0.0,313.81,0.0,1213.411125,100144.8,0.99,75.1,-598435.3,300819.9,0.9948,0.097,551.6,-0.0972,-74.55768,0.0,0,-1.0,-1.0,-1.0,-1.0
1791146720.61,1702840.2,167.9,79.0,6.5,0.0,175.0,0.0,89.96,270.4,0.0,313.8,0.0,1213.411125,100144.8,0.99,75.1,-598435.3,300819.9,0.9948,0.097,551.6,-0.0972,-74.55768,0.0,0,-1.0,-1.0,-1.0,-1.0
1791146721.11,1702840.6,168.4,79.0,6.5,0.0,175.0,0.0,89.96,270.4,0.0,313.79,0.0,1213.411125,100144.8,0.99,75.1,-598435.3,300819.9,0.9948,0.097,551.6,-0.0972,-74.55768,0.0,0,-1.0,-1.0,-1.0,-1.0
1791146721.62,1702841.1,168.9,79.0,6.5,0.0,175.0,0.0,89.96,270.4,0.0,313.78,0.0,1213.411125,100144.8,0.99,75.1,-598435.3,300819.9,0.9948,0.097,551.6,-0.0972,-74.55768,0.0,0,-1.0,-1.0,-1.0,-1.0
1791146722.12,1702841.7,169.4,79.0,6.5,0.0,175.0,0.0,89.96,270.4,0.0,313.77,0.0,1213.411125,100144.8,0.99,75.1,-598435.3,300819.9,0.9948,0.097,551.6,-0.0972,-74.55768,0.0,0,-1.0,-1.0,-1.0,-1.0
1791146722.62,1702842.1,170.0,79.0,6.5,0.0,175.0,0.0,89.96,270.4,0.0,313.76,0.0,1213.411125,100144.8,0.99,75.1,-598435.3,300819.9,0.9948,0.097,551.6,-0.0972,-74.55768,0.0,0,-1.0,-1.0,-1.0,-1.0
1791146723.12,1702842.7,170.5,79.0,6.5,0.0,175.0,0.0,89.96,270.4,0.0,313.76,0.0,1213.411125,100144.8,0.99,75.1,-598435.3,300819.9,0.9948,0.097,551.6,-0.0972,-74.55768,0.0,0,-1.0,-1.0,-1.0,-1.0
1791146723.62,1702843.2,171.0,79.0,6.5,0.0,175.0,0.0,89.96,270.4,0.0,313.75,0.0,1213.411125,100144.8,0.99,75.1,-598435.3,300819.9,0.9948,0.097,551.6,-0.0972,-74.55768,0.0,0,-1.0,-1.0,-1.0,-1.0
1791146724.13,1702843.7,171.5,79.0,6.5,0.0,175.0,0.0,89.96,270.4,0.0,313.74,0.0,1213.411125,100144.8,0.99,75.1,-598435.3,300819.9,0.9948,0.097,551.6,-0.0972,-74.55768,0.0,0,-1.0,-1.0,-1.0,-1.0
1791146724.63,1702844.2,172.0,79.0,6.5,0.0,175.0,0.0,89.96,270.4,0.0,313.73,0.0,1213.411125,100144.8,0.99,75.1,-598435.3,300819.9,0.9948,0.097,551.6,-0.0972,-74.55768,0.0,0,-1.0,-1.0,-1.0,-1.0
1791146725.13,1702844.7,172.5,79.0,6.5,0.0,175.0,0.0,89.96,270.4,0.0,313.72,0.0,1213.411125,100144.8,0.99,75.1,-598435.3,300819.9,0.9948,0.097,551.6,-0.0972,-74.55768,0.0,0,-1.0,-1.0,-1.0,-1.0
1791146725.63,1702845.2,173.0,79.0,6.5,0.0,175.0,0.0,89.96,270.4,0.0,313.71,0.0,1213.411125,100144.8,0.99,75.1,-598435.3,300819.9,0.9948,0.097,551.6,-0.0972,-74.55768,0.0,0,-1.0,-1.0,-1.0,-1.0
1791146726.13,1702845.7,173.5,79.0,6.5,0.0,175.0,0.0,89.96,270.4,0.0,313.71,0.0,1213.411125,100144.8,0.99,75.1,-598435.3,300819.9,0.9948,0.097,551.6,-0.0972,-74.55768,0.0,0,-1.0,-1.0,-1.0,-1.0
1791146726.64,1702846.2,174.0,79.0,6.5,0.0,175.0,0.0,89.96,270.4,0.0,313.7,0.0,1213.411125,100144.8,0.99,75.1,-598435.3,300819.9,0.9948,0.097,551.6,-0.0972,-74.55768,0.0,0,-1.0,-1.0,-1.0,-1.0
1791146727.14,1702846.7,174.5,79.0,6.5,0.0,175.0,0.0,89.96,270.4,0.0,313.69,0.0,1213.411125,100144.8,0.99,75.1,-598435.3,300819.9,0.9948,0.097,551.6,-0.0972,-74.55768,0.0,0,-1.0,-1.0,-1.0,-1.0
1791146727.64,1702847.2,175.0,79.0,6.5,0.0,175.0,0.0,89.96,270.4,0.0,313.68,0.0,1213.411125,100144.8,0.99,75.1,-598435.3,300819.9,0.9948,0.097,551.6,-0.0972,-74.55768,0.0,0,-1.0,-1.0,-1.0,-1.0
1791146728.14,1702847.7,175.5,79.0,6.5,0.0,175.0,0.0,89.96,270.4,0.0,313.67,0.0,1213.411125,100144.8,0.99,75.1,-598435.3,300819.9,0.9948,0.097,551.6,-0.0972,-74.55768,0.0,0,-1.0,-1.0,-1.0,-1.0
1791146728.64,1702848.2,176.0,79.0,6.5,0.0,175.0,0.0,89.96,270.4,0.0,313.66,0.0,1213.411125,100144.8,0.99,75.1,-598435.3,300819.9,0.9948,0.097,551.6,-0.0972,-74.55768,0.0,0,-1.0,-1.0,-1.0,-1.0
1791146729.14,1702848.7,176.5,79.0,6.5,0.0,175.0,0.0,89.96,270.4,0.0,313.66,0.0,1213.411125,100144.8,0.99,75.1,-598435.3,300819.9,0.9948,0.097,551.6,-0.0972,-74.55768,0.0,0,-1.0,-1.0,-1.0,-1.0
1791146729.64,1702849.2,177.0,79.0,6.5,0.0,175.0,0.0,89.96,270.4,0.0,313.65,0.0,1213.411125,100144.8,0.99,75.1,-598435.3,300819.9,0.9948,0.097,551.6,-0.0972,-74.55768,0.0,0,-1.0,-1.0,-1.0,-1.0
1791146730.15,1702849.7,177.5,79.0,6.5,0.0,175.0,0.0,89.96,270.4,0.0,313.64,0.0,1213.411125,100144.8,0.99,75.1,-598435.3,300819.9,0.9948,0.097,551.6,-0.0972,-74.55768,0.0,0,-1.0,-1.0,-1.0,-1.0
1791146730.65,1702850.2,178.0,79.0,6.5,0.0,175.0,0.0,89.96,270.4,0.0,313.63,0.0,1213.411125,100144.8,0.99,75.1,-598435.3,300819.9,0.9948,0.097,551.6,-0.0972,-74.55768,0.0,0,-1.0,-1.0,-1.0,-1.0
1791146731.15,1702850.7,178.5,79.0,6.5,0.0,175.0,0.0,89.96,270.4,0.0,313.62,0.0,1213.411125,100144.8,0.99,75.1,-598435.3,300819.9,0.9948,0.097,551.6,-0.0972,-74.55768,0.0,0,-1.0,-1.0,-1.0,-1.0
1791146731.65,1702851.1,179.0,79.0,6.5,0.0,175.0,0.0,89.96,270.4,0.0,313.61,0.0,1213.411125,100144.8,0.99,75.1,-598435.3,300819.9,0.9948,0.097,551.6,-0.0972,-74.55768,0.0,0,-1.0,-1.0,-1.0,-1.0
1791146732.15,1702851.6,179.5,79.0,6.5,0.0,175.0,0.0,89.96,270.4,0.0,313.61,0.0,1213.411125,100144.8,0.99,75.1,-598435.3,300819.9,0.9948,0.097,551.6,-0.0972,-74.55768,0.0,0,-1.0,-1.0,-1.0,-1.0
1791146732.66,1702852.1,180.0,79.0,6.5,0.0,175.0,0.0,89.96,270.4,0.0,313.6,0.0,1213.411125,100144.8,0.99,75.1,-598435.3,300819.9,0.9948,0.097,551.6,-0.0972,-74.55768,0.0,0,-1.0,-1.0,-1.0,-1.0
1791146733.16,1702852.6,180.5,79.0,6.5,0.0,175.0,0.0,89.96,270.4,0.0,313.59,0.0,1213.411125,100144.8,0.99,75.1,-598435.3,300819.9,0.9948,0.097,551.6,-0.0972,-74.55768,0.0,0,-1.0,-1.0,-1.0,-1.0
1791146733.66,1702853.1,181.0,79.0,6.5,0.0,175.0,0.0,89.96,270.4,0.0,313.58,0.0,1213.411125,100144.8,0.99,75.1,-598435.3,300819.9,0.9948,0.097,551.6,-0.0972,-74.55768,0.0,0,-1.0,-1.0,-1.0,-1.0
1791146734.16,1702853.6,181.5,79.0,6.5,0.0,175.0,0.0,89.96,270.4,0.0,313.57,0.0,1213.411125,100144.8,0.99,75.1,-598435.3,300819.9,0.9948,0.097,551.6,-0.0972,-74.55768,0.0,0,-1.0,-1.0,-1.0,-1.0
1791146734.66,1702854.1,182.0,79.0,6.5,0.0,175.0,0.0,89.96,270.4,0.0,313.56,0.0,1213.411125,100144.8,0.99,75.1,-598435.3,300819.9,0.9948,0.097,551.6,-0.0972,-74.55768,0.0,0,-1.0,-1.0,-1.0,-1.0
1791146735.16,1702854.6,182.5,79.0,6.5,0.0,175.0,0.0,89.96,270.4,0.0,313.56,0.0,1213.411125,100144.8,0.99,75.1,-598435.3,300819.9,0.9948,0.097,551.6,-0.0972,-74.55768,0.0,0,-1.0,-1.0,-1.0,-1.0
1791146735.67,1702855.1,183.0,79.0,6.5,0.0,175.0,0.0,89.96,270.4,0.0,313.55,0.0,1213.411125,100144.8,0.99,75.1,-598435.3,300819.9,0.9948,0.097,551.6,-0.0972,-74.55768,0.0,0,-1.0,-1.0,-1.0,-1.0
1791146736.17,1702855.6,183.5,79.0,6.5,0.0,175.0,0.0,89.96,270.4,0.0,313.54,0.0,1213.411125,100144.8,0.99,75.1,-598435.3,300819.9,0.9948,0.097,551.6,-0.0972,-74.55768,0.0,0,-1.0,-1.0,-1.0,-1.0
1791146736.67,1702856.1,184.0,79.0,6.5,0.0,175.0,0.0,89.96,270.4,0.0,313.53,0.0,1213.411125,100144.8,0.99,75.1,-598435.3,300819.9,0.9948,0.097,551.6,-0.0972,-74.55768,0.0,0,-1.0,-1.0,-1.0,-1.0
1791146737.17,1702856.6,184.5,79.0,6.5,0.0,175.0,0.0,89.96,270.4,0.0,313.52,0.0,1213.411125,100144.8,0.99,75.1,-598435.3,300819.9,0.9948,0.097,551.6,-0.0972,-74.55768,0.0,0,-1.0,-1.0,-1.0,-1.0
1791146737.67,1702857.1,185.0,79.0,6.5,0.0,175.0,0.0,89.96,270.4,0.0,313.51,0.0,1213.411125,100144.8,0.99,75.1,-598435.3,300819.9,0.9948,0.097,551.6,-0.0972,-74.55768,0.0,0,-1.0,-1.0,-1.0,-1.0
1791146738.17,1702857.6,185.5,79.0,6.5,0.0,175.0,0.0,89.96,270.4,0.0,313.51,0.0,1213.411125,100144.8,0.99,75.1,-598435.3,300819.9,0.9948,0.097,551.6,-0.0972,-74.55768,0.0,0,-1.0,-1.0,-1.0,-1.0
1791146738.68,1702858.1,186.0,79.0,6.5,0.0,175.0,0.0,89.96,270.4,0.0,313.5,0.0,1213.411125,100144.8,0.99,75.1,-598435.3,300819.9,0.9948,0.097,551.6,-0.0972,-74.55768,0.0,0,-1.0,-1.0,-1.0,-1.0
1791146739.18,1702858.6,186.5,79.0,6.5,0.0,175.0,0.0,89.96,270.4,0.0,313.49,0.0,1213.411125,100144.8,0.99,75.1,-598435.3,300819.9,0.9948,0.097,551.6,-0.0972,-74.55768,0.0,0,-1.0,-1.0,-1.0,-1.0
1791146739.68,1702859.2,187.0,79.0,6.5,0.0,175.0,0.0,89.96,270.4,0.0,313.48,0.0,1213.411125,100144.8,0.99,75.1,-598435.3,300819.9,0.9948,0.097,551.6,-0.0972,-74.55768,0.0,0,-1.0,-1.0,-1.0,-1.0
1791146740.18,1702859.7,187.5,79.0,6.5,0.0,175.0,0.0,89.96,270.4,0.0,313.47,0.0,1213.411125,100144.8,0.99,75.1,-598435.3,300819.9,0.9948,0.097,551.6,-0.0972,-74.55768,0.0,0,-1.0,-1.0,-1.0,-1.0
1791146740.69,1702860.2,188.0,79.0,6.5,0.0,175.0,0.0,89.96,270.4,0.0,313.46,0.0,1213.411125,100144.8,0.99,75.1,-598435.3,300819.9,0.9948,0.097,551.6,-0.0972,-74.55768,0.0,0,-1.0,-1.0,-1.0,-1.0
1791146741.19,1702860.7,188.5,79.0,6.5,0.0,175.0,0.0,89.96,270.4,0.0,313.46,0.0,1213.411125,100144.8,0.99,75.1,-598435.3,300819.9,0.9948,0.097,551.6,-0.0972,-74.55768,0.0,0,-1.0,-1.0,-1.0,-1.0
1791146741.69,1702861.2,189.0,79.0,6.5,0.0,175.0,0.0,89.96,270.4,0.0,313.45,0.0,1213.411125,100144.8,0.99,75.1,-598435.3,300819.9,0.9948,0.097,551.6,-0.0972,-74.55768,0.0,0,-1.0,-1.0,-1.0,-1.0
1791146742.19,1702861.6,189.5,79.0,6.5,0.0,175.0,0.0,89.96,270.4,0.0,313.44,0.0,1213.411125,100144.8,0.99,75.1,-598435.3,300819.9,0.9948,0.097,551.6,-0.0972,-74.55768,0.0,0,-1.0,-1.0,-1.0,-1.0
1791146742.7,1702862.1,190.0,79.0,6.5,0.0,175.0,0.0,89.96,270.4,0.0,313.43,0.0,1213.411125,100144.8,0.99,75.1,-598435.3,300819.9,0.9948,0.097,551.6,-0.0972,-74.55768,0.0,0,-1.0,-1.0,-1.0,-1.0
1791146743.2,1702862.6,190.5,79.0,6.5,0.0,175.0,0.0,89.96,270.4,0.0,313.42,0.0,1213.411125,100144.8,0.99,75.1,-598435.3,300819.9,0.9948,0.097,551.6,-0.0972,-74.55768,0.0,0,-1.0,-1.0,-1.0,-1.0
1791146743.7,1702863.1,191.0,79.0,6.5,0.0,175.0,0.0,89.96,270.4,0.0,313.41,0.0,1213.411125,100144.8,0.99,75.1,-598435.3,300819.9,0.9948,0.097,551.6,-0.0972,-74.55768,0.0,0,-1.0,-1.0,-1.0,-1.0
1791146744.2,1702863.6,191.5,79.0,6.5,0.0,175.0,0.0,89.96,270.4,0.0,313.41,0.0,1213.411125,100144.8,0.99,75.1,-598435.3,300819.9,0.9948,0.097,551.6,-0.0972,-74.55768,0.0,0,-1.0,-1.0,-1.0,-1.0
1791146744.71,1702864.1,192.0,79.0,6.5,0.0,175.0,0.0,89.96,270.4,0.0,313.4,0.0,1213.411125,100144.8,0.99,75.1,-598435.3,300819.9,0.9948,0.097,551.6,-0.0972,-74.55768,0.0,0,-1.0,-1.0,-1.0,-1.0
1791146745.21,1702864.6,192.5,79.0,6.5,0.0,175.0,0.0,89.96,270.4,0.0,313.39,0.0,1213.411125,100144.8,0.99,75.1,-598435.3,300819.9,0.9948,0.097,551.6,-0.0972,-74.55768,0.0,0,-1.0,-1.0,-1.0,-1.0
1791146745.71,1702865.1,193.0,79.0,6.5,0.0,175.0,0.0,89.96,270.4,0.0,313.38,0.0,1213.411125,100144.8,0.99,75.1,-598435.3,300819.9,0.9948,0.097,551.6,-0.0972,-74.55768,0.0,0,-1.0,-1.0,-1.0,-1.0
1791146746.21,1702865.6,193.5,79.0,6.5,0.0,175.0,0.0,89.96,270.4,0.0,313.37,0.0,1213.411125,100144.8,0.99,75.1,-598435.3,300819.9,0.9948,0.097,551.6,-0.0972,-74.55768,0.0,0,-1.0,-1.0,-1.0,-1.0
1791146746.71,1702866.1,194.0,79.0,6.5,0.0,175.0,0.0,89.96,270.4,0.0,313.36,0.0,1213.411125,100144.8,0.99,75.1,-598435.3,300819.9,0.9948,0.097,551.6,-0.0972,-74.55768,0.0,0,-1.0,-1.0,-1.0,-1.0
1791146747.21,1702866.6,194.5,79.0,6.5,0.0,175.0,0.0,89.96,270.4,0.0,313.36,0.0,1213.411125,100144.8,0.99,75.1,-598435.3,300819.9,0.9948,0.097,551.6,-0.0972,-74.55768,0.0,0,-1.0,-1.0,-1.0,-1.0
1791146747.72,1702867.1,195.0,79.0,6.5,0.0,175.0,0.0,89.96,270.4,0.0,313.35,0.0,1213.411125,100144.8,0.99,75.1,-598435.3,300819.9,0.9948,0.097,551.6,-0.0972,-74.55768,0.0,0,-1.0,-1.0,-1.0,-1.0
1791146748.22,1702867.6,195.5,79.0,6.5,0.0,175.0,0.0,89.96,270.4,0.0,313.34,0.0,1213.411125,100144.8,0.99,75.1,-598435.3,300819.9,0.9948,0.097,551.6,-0.0972,-74.55768,0.0,0,-1.0,-1.0,-1.0,-1.0
1791146748.72,1702868.1,196.1,79.0,6.5,0.0,175.0,0.0,89.96,270.4,0.0,313.33,0.0,1213.411125,100144.8,0.99,75.1,-598435.3,300819.9,0.9948,0.097,551.6,-0.0972,-74.55768,0.0,0,-1.0,-1.0,-1.0,-1.0
1791146749.22,1702868.6,196.6,79.0,6.5,0.0,175.0,0.0,89.96,270.4,0.0,313.32,0.0,1213.411125,100144.8,0.99,75.1,-598435.3,300819.9,0.9948,0.097,551.6,-0.0972,-74.55768,0.0,0,-1.0,-1.0,-1.0,-1.0
1791146749.72,1702869.1,197.1,79.0,6.5,0.0,175.0,0.0,89.96,270.4,0.0,313.31,0.0,1213.411125,100144.8,0.99,75.1,-598435.3,300819.9,0.9948,0.097,551.6,-0.0972,-74.55768,0.0,0,-1.0,-1.0,-1.0,-1.0
1791146750.22,1702869.6,197.6,79.0,6.5,0.0,175.0,0.0,89.96,270.4,0.0,313.31,0.0,1213.411125,100144.8,0.99,75.1,-598435.3,300819.9,0.9948,0.097,551.6,-0.0972,-74.55768,0.0,0,-1.0,-1.0,-1.0,-1.0
1791146750.73,1702870.1,198.1,79.0,6.5,0.0,175.0,0.0,89.96,270.4,0.0,313.3,0.0,1213.411125,100144.8,0.99,75.1,-598435.3,300819.9,0.9948,0.097,551.6,-0.0972,-74.55768,0.0,0,-1.0,-1.0,-1.0,-1.0
1791146751.23,1702870.6,198.6,79.0,6.5,0.0,175.0,0.0,89.96,270.4,0.0,313.29,0.0,1213.411125,100144.8,0.99,75.1,-598435.3,300819.9,0.9948,0.097,551.6,-0.0972,-74.55768,0.0,0,-1.0,-1.0,-1.0,-1.0
1791146751.73,1702870.6,199.1,79.0,6.5,0.0,175.0,0.0,89.96,270.4,0.0,313.29,0.0,1213.411125,100144.8,0.99,75.1,-598435.3,300819.9,0.9948,0.097,551.6,-0.0972,-74.55768,0.0,0,-1.0,-1.0,-1.0,-1.0
1791146752.23,1702870.6,199.6,79.0,6.5,0.0,175.0,0.0,89.96,270.4,0.0,313.29,0.0,1213.411125,100144.8,0.99,75.1,-598435.3,300819.9,0.9948,0.097,551.6,-0.0972,-74.55768,0.0,0,-1.0,-1.0,-1.0,-1.0
1791146752.73,1702870.6,200.1,79.0,6.5,0.0,175.0,0.0,89.96,270.4,0.0,313.29,0.0,1213.411125,100144.8,0.99,75.1,-598435.3,300819.9,0.9948,0.097,551.6,-0.0972,-74.55768,0.0,0,-1.0,-1.0,-1.0,-1.0
1791146753.23,1702870.6,200.6,79.0,6.5,0.0,175.0,0.0,89.96,270.4,0.0,313.29,0.0,1213.411125,100144.8,0.99,75.1,-598435.3,300819.9,0.9948,0.097,551.6,-0.0972,-74.55768,0.0,0,-1.0,-1.0,-1.0,-1.0
1791146753.74,1702870.7,201.1,79.0,6.5,0.0,175.0,0.0,89.96,270.4,0.0,313.29,0.0,1213.411125,100144.8,0.99,75.1,-598435.3,300819.9,0.9948,0.097,551.6,-0.0972,-74.55768,0.0,0,-1.0,-1.0,-1.0,-1.0
1791146754.24,1702870.7,201.6,79.0,6.5,0.0,175.0,0.0,89.96,270.4,0.0,313.29,0.0,1213.411125,100144.8,0.99,75.1,-598435.3,300819.9,0.9948,0.097,551.6,-0.0972,-74.55768,0.0,0,-1.0,-1.0,-1.0,-1.0
1791146754.74,1702870.7,202.1,79.0,6.5,0.0,175.0,0.0,89.96,270.4,0.0,313.29,0.0,1213.411125,100144.8,0.99,75.1,-598435.3,300819.9,0.9948,0.097,551.6,-0.0972,-74.55768,0.0,0,-1.0,-1.0,-1.0,-1.0
1791146755.24,1702870.7,202.6,79.0,6.5,0.0,175.0,0.0,89.96,270.4,0.0,313.29,0.0,1213.411125,100144.8,0.99,75.1,-598435.3,300819.9,0.9948,0.097,551.6,-0.0972,-74.55768,0.0,0,-1.0,-1.0,-1.0,-1.0
1791146755.74,1702870.8,203.1,79.0,6.5,0.0,175.0,0.0,89.96,270.4,0.0,313.29,0.0,1213.411125,100144.8,0.99,75.1,-598435.3,300819.9,0.9948,0.097,551.6,-0.0972,-74.55768,0.0,0,-1.0,-1.0,-1.0,-1.0
1791146756.24,1702870.8,203.6,79.0,6.5,0.0,175.0,0.0,89.96,270.4,0.0,313.29,0.0,1213.411125,100144.8,0.99,75.1,-598435.3,300819.9,0.9948,0.097,551.6,-0.0972,-74.55768,0.0,0,-1.0,-1.0,-1.0,-1.0
1791146756.74,1702870.8,204.1,79.0,6.5,0.0,175.0,0.0,89.96,270.4,0.0,313.29,0.0,1213.411125,100144.8,0.99,75.1,-598435.3,300819.9,0.9948,0.097,551.6,-0.0972,-74.55768,0.0,0,-1.0,-1.0,-1.0,-1.0
1791146757.25,1702870.8,204.6,79.0,6.5,0.0,175.0,0.0,89.96,270.4,0.0,313.29,0.0,1213.411125,100144.8,0.99,75.1,-598435.3,300819.9,0.9948,0.097,551.6,-0.0972,-74.55768,0.0,0,-1.0,-1.0,-1.0,-1.0
1791146757.75,1702870.8,205.1,79.0,6.5,0.0,175.0,0.0,89.96,270.4,0.0,313.29,0.0,1213.411125,100144.8,0.99,75.1,-598435.3,300819.9,0.9948,0.097,551.6,-0.0972,-74.55768,0.0,0,-1.0,-1.0,-1.0,-1.0
1791146758.25,1702870.8,205.6,79.0,6.5,0.0,175.0,0.0,89.96,270.4,0.0,313.29,0.0,1213.411125,100144.8,0.99,75.1,-598435.3,300819.9,0.9948,0.097,551.6,-0.0972,-74.55768,0.0,0,-1.0,-1.0,-1.0,-1.0
1791146758.75,1702870.9,206.1,79.0,6.5,0.0,175.0,0.0,89.96,270.4,0.0,313.29,0.0,1213.411125,100144.8,0.99,75.1,-598435.3,300819.9,0.9948,0.097,551.6,-0.0972,-74.55768,0.0,0,-1.0,-1.0,-1.0,-1.0
1791146759.25,1702870.9,206.6,79.0,6.5,0.0,175.0,0.0,89.96,270.4,0.0,313.29,0.0,1213.411125,100144.8,0.99,75.1,-598435.3,300819.9,0.9948,0.097,551.6,-0.0972,-74.55768,0.0,0,-1.0,-1.0,-1.0,-1.0
1791146759.75,1702870.9,207.1,79.0,6.5,0.0,175.0,0.0,89.96,270.4,0.0,313.28,0.0,1213.411125,100144.8,0.99,75.1,-598435.3,300819.9,0.9948,0.097,551.6,-0.0972,-74.55768,0.0,0,-1.0,-1.0,-1.0,-1.0
1791146760.25,1702870.9,207.6,79.0,6.5,0.0,175.0,0.0,89.96,270.4,0.0,313.28,0.0,1213.411125,100144.8,0.99,75.1,-598435.3,300819.9,0.9948,0.097,551.6,-0.0972,-74.55768,0.0,0,-1.0,-1.0,-1.0,-1.0
1791146760.76,1702871.0,208.1,79.0,6.5,0.0,175.0,0.0,89.96,270.4,0.0,313.28,0.0,1213.411125,100144.8,0.99,75.1,-598435.3,300819.9,0.9948,0.097,551.6,-0.0972,-74.55768,0.0,0,-1.0,-1.0,-1.0,-1.0
1791146761.26,1702871.0,208.6,79.0,6.5,0.0,175.0,0.0,89.96,270.4,0.0,313.28,0.0,1213.411125,100144.8,0.99,75.1,-598435.3,300819.9,0.9948,0.097,551.6,-0.0972,-74.55768,0.0,0,-1.0,-1.0,-1.0,-1.0
1791146761.76,1702871.0,209.1,79.0,6.5,0.0,175.0,0.0,89.96,270.4,0.0,313.28,0.0,1213.411125,100144.8,0.99,75.1,-598435.3,300819.9,0.9948,0.097,551.6,-0.0972,-74.55768,0.0,0,-1.0,-1.0,-1.0,-1.0
1791146762.26,1702871.0,209.6,79.0,6.5,0.0,175.0,0.0,89.96,270.4,0.0,313.28,0.0,1213.411125,100144.8,0.99,75.1,-598435.3,300819.9,0.9948,0.097,551.6,-0.0972,-74.55768,0.0,0,-1.0,-1.0,-1.0,-1.0
1791146762.76,1702871.0,210.1,79.0,6.5,0.0,175.0,0.0,89.96,270.4,0.0,313.28,0.0,1213.411125,100144.8,0.99,75.1,-598435.3,300819.9,0.9948,0.097,551.6,-0.0972,-74.55768,0.0,0,-1.0,-1.0,-1.0,-1.0
1791146763.26,1702871.0,210.6,79.0,6.5,0.0,175.0,0.0,89.96,270.4,0.0,313.28,0.0,1213.411125,100144.8,0.99,75.1,-598435.3,300819.9,0.9948,0.097,551.6,-0.0972,-74.55768,0.0,0,-1.0,-1.0,-1.0,-1.0
1791146763.77,1702871.1,211.1,79.0,6.5,0.0,175.0,0.0,89.96,270.4,0.0,313.28,0.0,1213.411125,100144.8,0.99,75.1,-598435.3,300819.9,0.9948,0.097,551.6,-0.0972,-74.55768,0.0,0,-1.0,-1.0,-1.0,-1.0
1791146764.27,1702871.2,211.6,79.0,6.5,0.0,175.0,0.0,89.96,270.4,0.0,313.28,0.0,1213.411125,100144.8,0.99,75.1,-598435.3,300819.9,0.9948,0.097,551.6,-0.0972,-74.55768,0.0,0,-1.0,-1.0,-1.0,-1.0
1791146764.77,1702871.7,212.1,79.0,6.5,0.0,175.0,0.0,89.96,270.4,0.0,313.27,0.0,1213.411125,100144.8,0.99,75.1,-598435.3,300819.9,0.9948,0.097,551.6,-0.0972,-74.55768,0.0,0,-1.0,-1.0,-1.0,-1.0
1791146765.27,1702872.1,212.6,79.0,6.5,0.0,175.0,0.0,89.96,270.4,0.0,313.26,0.0,1213.411125,100144.8,0.99,75.1,-598435.3,300819.9,0.9948,0.097,551.6,-0.0972,-74.55768,0.0,0,-1.0,-1.0,-1.0,-1.0
1791146765.77,1702872.6,213.1,79.0,6.5,0.0,175.0,0.0,89.96,270.4,0.0,313.26,0.0,1213.411125,100144.8,0.99,75.1,-598435.3,300819.9,0.9948,0.097,551.6,-0.0972,-74.55768,0.0,0,-1.0,-1.0,-1.0,-1.0
1791146766.28,1702873.1,213.6,79.0,6.5,0.0,175.0,0.0,89.96,270.4,0.0,313.25,0.0,1213.411125,100144.8,0.99,75.1,-598435.3,300819.9,0.9948,0.097,551.6,-0.0972,-74.55768,0.0,0,-1.0,-1.0,-1.0,-1.0
1791146766.78,1702873.6,214.1,79.0,6.5,0.0,175.0,0.0,89.96,270.4,0.0,313.24,0.0,1213.411125,100144.8,0.99,75.1,-598435.3,300819.9,0.9948,0.097,551.6,-0.0972,-74.55768,0.0,0,-1.0,-1.0,-1.0,-1.0
1791146767.28,1702874.1,214.6,79.0,6.5,0.0,175.0,0.0,89.96,270.4,0.0,313.23,0.0,1213.411125,100144.8,0.99,75.1,-598435.3,300819.9,0.9948,0.097,551.6,-0.0972,-74.55768,0.0,0,-1.0,-1.0,-1.0,-1.0
1791146767.78,1702874.6,215.1,79.0,6.5,0.0,175.0,0.0,89.96,270.4,0.0,313.22,0.0,1213.411125,100144.8,0.99,75.1,-598435.3,300819.9,0.9948,0.097,551.6,-0.0972,-74.55768,0.0,0,-1.0,-1.0,-1.0,-1.0
1791146768.28,1702875.0,215.6,79.0,6.5,0.0,175.0,0.0,89.96,270.4,0.0,313.22,0.0,1213.411125,100144.8,0.99,75.1,-598435.3,300819.9,0.9948,0.097,551.6,-0.0972,-74.55768,0.0,0,-1.0,-1.0,-1.0,-1.0
1791146768.78,1702875.4,216.1,79.0,6.5,0.0,175.0,0.0,89.96,270.4,0.0,313.21,0.0,1213.411125,100144.8,0.99,75.1,-598435.3,300819.9,0.9948,0.097,551.6,-0.0972,-74.55768,0.0,0,-1.0,-1.0,-1.0,-1.0
1791146769.28,1702875.7,216.6,79.0,6.5,0.0,175.0,0.0,89.96,270.4,0.0,313.2,0.0,1213.411125,100144.8,0.99,75.1,-598435.3,300819.9,0.9948,0.097,551.6,-0.0972,-74.55768,0.0,0,-1.0,-1.0,-1.0,-1.0
1791146769.79,1702875.7,217.1,79.0,6.5,0.0,175.0,0.0,89.96,270.4,0.0,313.2,0.0,1213.411125,100144.8,0.99,75.1,-598435.3,300819.9,0.9948,0.097,551.6,-0.0972,-74.55768,0.0,0,-1.0,-1.0,-1.0,-1.0
1791146770.3,1702875.8,217.6,79.0,6.5,0.0,175.0,0.0,89.96,270.4,0.0,313.2,0.0,1213.411125,100144.8,0.99,75.1,-598435.3,300819.9,0.9948,0.097,551.6,-0.0972,-74.55768,0.0,0,-1.0,-1.0,-1.0,-1.0
1791146770.81,1702875.9,218.1,79.0,6.5,0.0,175.0,0.0,89.96,270.4,0.0,313.2,0.0,1213.411125,100144.8,0.99,75.1,-598435.3,300819.9,0.9948,0.097,551.6,-0.0972,-74.55768,0.0,0,-1.0,-1.0,-1.0,-1.0
1791146771.31,1702876.4,218.6,79.0,6.5,0.0,175.0,0.0,89.96,270.4,0.0,313.19,0.0,1213.411125,100144.8,0.99,75.1,-598435.3,300819.9,0.9948,0.097,551.6,-0.0972,-74.55768,0.0,0,-1.0,-1.0,-1.0,-1.0
1791146771.81,1702876.9,219.1,79.0,6.5,0.0,175.0,0.0,89.96,270.4,0.0,313.18,0.0,1213.411125,100144.8,0.99,75.1,-598435.3,300819.9,0.9948,0.097,551.6,-0.0972,-74.55768,0.0,0,-1.0,-1.0,-1.0,-1.0
1791146772.31,1702877.4,219.6,79.0,6.5,0.0,175.0,0.0,89.96,270.4,0.0,313.18,0.0,1213.411125,100144.8,0.99,75.1,-598435.3,300819.9,0.9948,0.097,551.6,-0.0972,-74.55768,0.0,0,-1.0,-1.0,-1.0,-1.0
1791146772.82,1702877.9,220.1,79.0,6.5,0.0,175.0,0.0,89.96,270.4,0.0,313.17,0.0,1213.411125,100144.8,0.99,75.1,-598435.3,300819.9,0.9948,0.097,551.6,-0.0972,-74.55768,0.0,0,-1.0,-1.0,-1.0,-1.0
1791146773.32,1702878.4,220.6,79.0,6.5,0.0,175.0,0.0,89.96,270.4,0.0,313.16,0.0,1213.411125,100144.8,0.99,75.1,-598435.3,300819.9,0.9948,0.097,551.6,-0.0972,-74.55768,0.0,0,-1.0,-1.0,-1.0,-1.0
1791146773.82,1702878.9,221.1,79.0,6.5,0.0,175.0,0.0,89.96,270.4,0.0,313.15,0.0,1213.411125,100144.8,0.99,75.1,-598435.3,300819.9,0.9948,0.097,551.6,-0.0972,-74.55768,0.0,0,-1.0,-1.0,-1.0,-1.0
1791146774.32,1702879.4,221.6,79.0,6.5,0.0,175.0,0.0,89.96,270.4,0.0,313.14,0.0,1213.411125,100144.8,0.99,75.1,-598435.3,300819.9,0.9948,0.097,551.6,-0.0972,-74.55768,0.0,0,-1.0,-1.0,-1.0,-1.0
1791146774.82,1702879.9,222.2,79.0,6.5,0.0,175.0,0.0,89.96,270.4,0.0,313.14,0.0,1213.411125,100144.8,0.99,75.1,-598435.3,300819.9,0.9948,0.097,551.6,-0.0972,-74.55768,0.0,0,-1.0,-1.0,-1.0,-1.0
1791146775.32,1702880.4,222.7,79.0,6.5,0.0,175.0,0.0,89.96,270.4,0.0,313.13,0.0,1213.411125,100144.8,0.99,75.1,-598435.3,300819.9,0.9948,0.097,551.6,-0.0972,-74.55768,0.0,0,-1.0,-1.0,-1.0,-1.0
1791146775.82,1702880.9,223.2,79.0,6.5,0.0,175.0,0.0,89.96,270.4,0.0,313.12,0.0,1213.411125,100144.8,0.99,75.1,-598435.3,300819.9,0.9948,0.097,551.6,-0.0972,-74.55768,0.0,0,-1.0,-1.0,-1.0,-1.0
1791146776.34,1702881.4,223.7,79.0,6.5,0.0,175.0,0.0,89.96,270.4,0.0,313.11,0.0,1213.411125,100144.8,0.99,75.1,-598435.3,300819.9,0.9948,0.097,551.6,-0.0972,-74.55768,0.0,0,-1.0,-1.0,-1.0,-1.0
1791146776.84,1702881.9,224.2,79.0,6.5,0.0,175.0,0.0,89.96,270.4,0.0,313.1,0.0,1213.411125,100144.8,0.99,75.1,-598435.3,300819.9,0.9948,0.097,551.6,-0.0972,-74.55768,0.0,0,-1.0,-1.0,-1.0,-1.0
1791146777.34,1702881.9,224.7,79.0,6.5,0.0,175.0,0.0,89.96,270.4,0.0,313.1,0.0,1213.411125,100144.8,0.99,75.1,-598435.3,300819.9,0.9948,0.097,551.6,-0.0972,-74.55768,0.0,0,-1.0,-1.0,-1.0,-1.0
1791146777.84,1702881.9,225.2,79.0,6.5,0.0,175.0,0.0,89.96,270.4,0.0,313.1,0.0,1213.411125,100144.8,0.99,75.1,-598435.3,300819.9,0.9948,0.097,551.6,-0.0972,-74.55768,0.0,0,-1.0,-1.0,-1.0,-1.0
1791146778.34,1702881.9,225.7,79.0,6.5,0.0,175.0,0.0,89.96,270.4,0.0,313.1,0.0,1213.411125,100144.8,0.99,75.1,-598435.3,300819.9,0.9948,0.097,551.6,-0.0972,-74.55768,0.0,0,-1.0,-1.0,-1.0,-1.0
1791146778.84,1702882.4,226.2,79.0,6.5,0.0,175.0,0.0,89.96,270.4,0.0,313.09,0.0,1213.411125,100144.8,0.99,75.1,-598435.3,300819.9,0.9948,0.097,551.6,-0.0972,-74.55768,0.0,0,-1.0,-1.0,-1.0,-1.0
1791146779.35,1702883.0,226.7,79.0,6.5,0.0,175.0,0.0,89.96,270.4,0.0,313.08,0.0,1213.411125,100144.8,0.99,75.1,-598435.3,300819.9,0.9948,0.097,551.6,-0.0972,-74.55768,0.0,0,-1.0,-1.0,-1.0,-1.0
1791146779.85,1702883.5,227.2,79.0,6.5,0.0,175.0,0.0,89.96,270.4,0.0,313.08,0.0,1213.411125,100144.8,0.99,75.1,-598435.3,300819.9,0.9948,0.097,551.6,-0.0972,-74.55768,0.0,0,-1.0,-1.0,-1.0,-1.0
1791146780.36,1702883.9,227.7,79.0,6.5,0.0,175.0,0.0,89.96,270.4,0.0,313.07,0.0,1213.411125,100144.8,0.99,75.1,-598435.3,300819.9,0.9948,0.097,551.6,-0.0972,-74.55768,0.0,0,-1.0,-1.0,-1.0,-1.0
1791146780.86,1702884.4,228.2,79.0,6.5,0.0,175.0,0.0,89.96,270.4,0.0,313.06,0.0,1213.411125,100144.8,0.99,75.1,-598435.3,300819.9,0.9948,0.097,551.6,-0.0972,-74.55768,0.0,0,-1.0,-1.0,-1.0,-1.0
1791146781.36,1702884.9,228.7,79.0,6.5,0.0,175.0,0.0,89.96,270.4,0.0,313.05,0.0,1213.411125,100144.8,0.99,75.1,-598435.3,300819.9,0.9948,0.097,551.6,-0.0972,-74.55768,0.0,0,-1.0,-1.0,-1.0,-1.0
1791146781.86,1702885.4,229.2,79.0,6.5,0.0,175.0,0.0,89.96,270.4,0.0,313.04,0.0,1213.411125,100144.8,0.99,75.1,-598435.3,300819.9,0.9948,0.097,551.6,-0.0972,-74.55768,0.0,0,-1.0,-1.0,-1.0,-1.0
1791146782.36,1702885.9,229.7,79.0,6.5,0.0,175.0,0.0,89.96,270.4,0.0,313.03,0.0,1213.411125,100144.8,0.99,75.1,-598435.3,300819.9,0.9948,0.097,551.6,-0.0972,-74.55768,0.0,0,-1.0,-1.0,-1.0,-1.0
1791146782.87,1702886.4,230.2,79.0,6.5,0.0,175.0,0.0,89.96,270.4,0.0,313.03,0.0,1213.411125,100144.8,0.99,75.1,-598435.3,300819.9,0.9948,0.097,551.6,-0.0972,-74.55768,0.0,0,-1.0,-1.0,-1.0,-1.0
1791146783.37,1702886.9,230.7,79.0,6.5,0.0,175.0,0.0,89.96,270.4,0.0,313.02,0.0,1213.411125,100144.8,0.99,75.1,-598435.3,300819.9,0.9948,0.097,551.6,-0.0972,-74.55768,0.0,0,-1.0,-1.0,-1.0,-1.0
1791146783.87,1702887.4,231.2,79.0,6.5,0.0,175.0,0.0,89.96,270.4,0.0,313.01,0.0,1213.411125,100144.8,0.99,75.1,-598435.3,300819.9,0.9948,0.097,551.6,-0.0972,-74.55768,0.0,0,-1.0,-1.0,-1.0,-1.0
1791146784.37,1702887.9,231.7,79.0,6.5,0.0,175.0,0.0,89.96,270.4,0.0,313.0,0.0,1213.411125,100144.8,0.99,75.1,-598435.3,300819.9,0.9948,0.097,551.6,-0.0972,-74.55768,0.0,0,-1.0,-1.0,-1.0,-1.0
1791146784.87,1702888.4,232.2,79.0,6.5,0.0,175.0,0.0,89.96,270.4,0.0,312.99,0.0,1213.411125,100144.8,0.99,75.1,-598435.3,300819.9,0.9948,0.097,551.6,-0.0972,-74.55768,0.0,0,-1.0,-1.0,-1.0,-1.0
1791146785.37,1702888.9,232.7,79.0,6.5,0.0,175.0,0.0,89.96,270.4,0.0,312.98,0.0,1213.411125,100144.8,0.99,75.1,-598435.3,300819.9,0.9948,0.097,551.6,-0.0972,-74.55768,0.0,0,-1.0,-1.0,-1.0,-1.0
1791146785.87,1702889.4,233.2,79.0,6.5,0.0,175.0,0.0,89.96,270.4,0.0,312.98,0.0,1213.411125,100144.8,0.99,75.1,-598435.3,300819.9,0.9948,0.097,551.6,-0.0972,-74.55768,0.0,0,-1.0,-1.0,-1.0,-1.0
1791146786.38,1702889.9,233.7,79.0,6.5,0.0,175.0,0.0,89.96,270.4,0.0,312.97,0.0,1213.411125,100144.8,0.99,75.1,-598435.3,300819.9,0.9948,0.097,551.6,-0.0972,-74.55768,0.0,0,-1.0,-1.0,-1.0,-1.0
1791146786.88,1702890.4,234.2,79.0,6.5,0.0,175.0,0.0,89.96,270.4,0.0,312.96,0.0,1213.411125,100144.8,0.99,75.1,-598435.3,300819.9,0.9948,0.097,551.6,-0.0972,-74.55768,0.0,0,-1.0,-1.0,-1.0,-1.0
1791146787.38,1702890.9,234.7,79.0,6.5,0.0,175.0,0.0,89.96,270.4,0.0,312.95,0.0,1213.411125,100144.8,0.99,75.1,-598435.3,300819.9,0.9948,0.097,551.6,-0.0972,-74.55768,0.0,0,-1.0,-1.0,-1.0,-1.0
1791146787.88,1702891.4,235.2,79.0,6.5,0.0,175.0,0.0,89.96,270.4,0.0,312.94,0.0,1213.411125,100144.8,0.99,75.1,-598435.3,300819.9,0.9948,0.097,551.6,-0.0972,-74.55768,0.0,0,-1.0,-1.0,-1.0,-1.0
1791146788.38,1702892.0,235.7,79.0,6.5,0.0,175.0,0.0,89.96,270.4,0.0,312.93,0.0,1213.411125,100144.8,0.99,75.1,-598435.3,300819.9,0.9948,0.097,551.6,-0.0972,-74.55768,0.0,0,-1.0,-1.0,-1.0,-1.0
1791146788.89,1702892.5,236.2,79.0,6.5,0.0,175.0,0.0,89.96,270.4,0.0,312.93,0.0,1213.411125,100144.8,0.99,75.1,-598435.3,300819.9,0.9948,0.097,551.6,-0.0972,-74.55768,0.0,0,-1.0,-1.0,-1.0,-1.0
1791146789.39,1702892.9,236.7,79.0,6.5,0.0,175.0,0.0,89.96,270.4,0.0,312.92,0.0,1213.411125,100144.8,0.99,75.1,-598435.3,300819.9,0.9948,0.097,551.6,-0.0972,-74.55768,0.0,0,-1.0,-1.0,-1.0,-1.0
1791146789.89,1702893.4,237.2,79.0,6.5,0.0,175.0,0.0,89.96,270.4,0.0,312.91,0.0,1213.411125,100144.8,0.99,75.1,-598435.3,300819.9,0.9948,0.097,551.6,-0.0972,-74.55768,0.0,0,-1.0,-1.0,-1.0,-1.0
1791146790.39,1702893.9,237.7,79.0,6.5,0.0,175.0,0.0,89.96,270.4,0.0,312.9,0.0,1213.411125,100144.8,0.99,75.1,-598435.3,300819.9,0.9948,0.097,551.6,-0.0972,-74.55768,0.0,0,-1.0,-1.0,-1.0,-1.0
1791146790.89,1702894.4,238.2,79.0,6.5,0.0,175.0,0.0,89.96,270.4,0.0,312.89,0.0,1213.411125,100144.8,0.99,75.1,-598435.3,300819.9,0.9948,0.097,551.6,-0.0972,-74.55768,0.0,0,-1.0,-1.0,-1.0,-1.0
1791146791.4,1702895.0,238.7,79.0,6.5,0.0,175.0,0.0,89.96,270.4,0.0,312.88,0.0,1213.411125,100144.8,0.99,75.1,-598435.3,300819.9,0.9948,0.097,551.6,-0.0972,-74.55768,0.0,0,-1.0,-1.0,-1.0,-1.0
1791146791.9,1702895.4,239.2,79.0,6.5,0.0,175.0,0.0,89.96,270.4,0.0,312.88,0.0,1213.411125,100144.8,0.99,75.1,-598435.3,300819.9,0.9948,0.097,551.6,-0.0972,-74.55768,0.0,0,-1.0,-1.0,-1.0,-1.0
1791146792.4,1702895.9,239.7,79.0,6.5,0.0,175.0,0.0,89.96,270.4,0.0,312.87,0.0,1213.411125,100144.8,0.99,75.1,-598435.3,300819.9,0.9948,0.097,551.6,-0.0972,-74.55768,0.0,0,-1.0,-1.0,-1.0,-1.0
1791146792.9,1702896.4,240.2,79.0,6.5,0.0,175.0,0.0,89.96,270.4,0.0,312.86,0.0,1213.411125,100144.8,0.99,75.1,-598435.3,300819.9,0.9948,0.097,551.6,-0.0972,-74.55768,0.0,0,-1.0,-1.0,-1.0,-1.0
1791146793.41,1702896.9,240.7,79.0,6.5,0.0,175.0,0.0,89.96,270.4,0.0,312.85,0.0,1213.411125,100144.8,0.99,75.1,-598435.3,300819.9,0.9948,0.097,551.6,-0.0972,-74.55768,0.0,0,-1.0,-1.0,-1.0,-1.0
1791146793.91,1702897.4,241.2,79.0,6.5,0.0,175.0,0.0,89.96,270.4,0.0,312.84,0.0,1213.411125,100144.8,0.99,75.1,-598435.3,300819.9,0.9948,0.097,551.6,-0.0972,-74.55768,0.0,0,-1.0,-1.0,-1.0,-1.0
1791146794.41,1702897.9,241.7,79.0,6.5,0.0,175.0,0.0,89.96,270.4,0.0,312.83,0.0,1213.411125,100144.8,0.99,75.1,-598435.3,300819.9,0.9948,0.097,551.6,-0.0972,-74.55768,0.0,0,-1.0,-1.0,-1.0,-1.0
1791146794.91,1702898.4,242.2,79.0,6.5,0.0,175.0,0.0,89.96,270.4,0.0,312.83,0.0,1213.411125,100144.8,0.99,75.1,-598435.3,300819.9,0.9948,0.097,551.6,-0.0972,-74.55768,0.0,0,-1.0,-1.0,-1.0,-1.0
1791146795.41,1702898.9,242.7,79.0,6.5,0.0,175.0,0.0,89.96,270.4,0.0,312.82,0.0,1213.411125,100144.8,0.99,75.1,-598435.3,300819.9,0.9948,0.097,551.6,-0.0972,-74.55768,0.0,0,-1.0,-1.0,-1.0,-1.0
1791146795.91,1702899.4,243.2,79.0,6.5,0.0,175.0,0.0,89.96,270.4,0.0,312.81,0.0,1213.411125,100144.8,0.99,75.1,-598435.3,300819.9,0.9948,0.097,551.6,-0.0972,-74.55768,0.0,0,-1.0,-1.0,-1.0,-1.0
1791146796.41,1702899.9,243.7,79.0,6.5,0.0,175.0,0.0,89.96,270.4,0.0,312.8,0.0,1213.411125,100144.8,0.99,75.1,-598435.3,300819.9,0.9948,0.097,551.6,-0.0972,-74.55768,0.0,0,-1.0,-1.0,-1.0,-1.0
1791146796.92,1702900.4,244.2,79.0,6.5,0.0,175.0,0.0,89.96,270.4,0.0,312.79,0.0,1213.411125,100144.8,0.99,75.1,-598435.3,300819.9,0.9948,0.097,551.6,-0.0972,-74.55768,0.0,0,-1.0,-1.0,-1.0,-1.0
1791146797.42,1702900.9,244.7,79.0,6.5,0.0,175.0,0.0,89.96,270.4,0.0,312.78,0.0,1213.411125,100144.8,0.99,75.1,-598435.3,300819.9,0.9948,0.097,551.6,-0.0972,-74.55768,0.0,0,-1.0,-1.0,-1.0,-1.0
1791146797.92,1702901.4,245.3,79.0,6.5,0.0,175.0,0.0,89.96,270.4,0.0,312.78,0.0,1213.411125,100144.8,0.99,75.1,-598435.3,300819.9,0.9948,0.097,551.6,-0.0972,-74.55768,0.0,0,-1.0,-1.0,-1.0,-1.0
1791146798.42,1702901.9,245.8,79.0,6.5,0.0,175.0,0.0,89.96,270.4,0.0,312.77,0.0,1213.411125,100144.8,0.99,75.1,-598435.3,300819.9,0.9948,0.097,551.6,-0.0972,-74.55768,0.0,0,-1.0,-1.0,-1.0,-1.0
1791146798.92,1702902.4,246.3,79.0,6.5,0.0,175.0,0.0,89.96,270.4,0.0,312.76,0.0,1213.411125,100144.8,0.99,75.1,-598435.3,300819.9,0.9948,0.097,551.6,-0.0972,-74.55768,0.0,0,-1.0,-1.0,-1.0,-1.0
1791146799.43,1702902.9,246.8,79.0,6.5,0.0,175.0,0.0,89.96,270.4,0.0,312.75,0.0,1213.411125,100144.8,0.99,75.1,-598435.3,300819.9,0.9948,0.097,551.6,-0.0972,-74.55768,0.0,0,-1.0,-1.0,-1.0,-1.0
1791146799.93,1702903.4,247.3,79.0,6.5,0.0,175.0,0.0,89.96,270.4,0.0,312.74,0.0,1213.411125,100144.8,0.99,75.1,-598435.3,300819.9,0.9948,0.097,551.6,-0.0972,-74.55768,0.0,0,-1.0,-1.0,-1.0,-1.0
1791146800.43,1702903.9,247.8,79.0,6.5,0.0,175.0,0.0,89.96,270.4,0.0,312.73,0.0,1213.411125,100144.8,0.99,75.1,-598435.3,300819.9,0.9948,0.097,551.6,-0.0972,-74.55768,0.0,0,-1.0,-1.0,-1.0,-1.0
1791146800.93,1702904.5,248.3,79.0,6.5,0.0,175.0,0.0,89.96,270.4,0.0,312.73,0.0,1213.411125,100144.8,0.99,75.1,-598435.3,300819.9,0.9948,0.097,551.6,-0.0972,-74.55768,0.0,0,-1.0,-1.0,-1.0,-1.0
1791146801.44,1702904.9,248.8,79.0,6.5,0.0,175.0,0.0,89.96,270.4,0.0,312.72,0.0,1213.411125,100144.8,0.99,75.1,-598435.3,300819.9,0.9948,0.097,551.6,-0.0972,-74.55768,0.0,0,-1.0,-1.0,-1.0,-1.0
1791146801.94,1702905.0,249.3,79.0,6.5,0.0,175.0,0.0,89.96,270.4,0.0,312.72,0.0,1213.411125,100144.8,0.99,75.1,-598435.3,300819.9,0.9948,0.097,551.6,-0.0972,-74.55768,0.0,0,-1.0,-1.0,-1.0,-1.0
1791146802.44,1702905.0,249.8,79.0,6.5,0.0,175.0,0.0,89.96,270.4,0.0,312.72,0.0,1213.411125,100144.8,0.99,75.1,-598435.3,300819.9,0.9948,0.097,551.6,-0.0972,-74.55768,0.0,0,-1.0,-1.0,-1.0,-1.0
1791146802.94,1702905.0,250.3,79.0,6.5,0.0,175.0,0.0,89.96,270.4,0.0,312.72,0.0,1213.411125,100144.8,0.99,75.1,-598435.3,300819.9,0.9948,0.097,551.6,-0.0972,-74.55768,0.0,0,-1.0,-1.0,-1.0,-1.0
1791146803.44,1702905.0,250.8,79.0,6.5,0.0,175.0,0.0,89.96,270.4,0.0,312.72,0.0,1213.411125,100144.8,0.99,75.1,-598435.3,300819.9,0.9948,0.097,551.6,-0.0972,-74.55768,0.0,0,-1.0,-1.0,-1.0,-1.0
1791146803.94,1702905.1,251.3,79.0,6.5,0.0,175.0,0.0,89.96,270.4,0.0,312.72,0.0,1213.411125,100144.8,0.99,75.1,-598435.3,300819.9,0.9948,0.097,551.6,-0.0972,-74.55768,0.0,0,-1.0,-1.0,-1.0,-1.0
1791146804.44,1702905.1,251.8,79.0,6.5,0.0,175.0,0.0,89.96,270.4,0.0,312.72,0.0,1213.411125,100144.8,0.99,75.1,-598435.3,300819.9,0.9948,0.097,551.6,-0.0972,-74.55768,0.0,0,-1.0,-1.0,-1.0,-1.0
1791146804.95,1702905.1,252.3,79.0,6.5,0.0,175.0,0.0,89.96,270.4,0.0,312.71,0.0,1213.411125,100144.8,0.99,75.1,-598435.3,300819.9,0.9948,0.097,551.6,-0.0972,-74.55768,0.0,0,-1.0,-1.0,-1.0,-1.0
1791146805.45,1702905.1,252.8,79.0,6.5,0.0,175.0,0.0,89.96,270.4,0.0,312.71,0.0,1213.411125,100144.8,0.99,75.1,-598435.3,300819.9,0.9948,0.097,551.6,-0.0972,-74.55768,0.0,0,-1.0,-1.0,-1.0,-1.0
1791146805.95,1702905.2,253.3,79.0,6.5,0.0,175.0,0.0,89.96,270.4,0.0,312.71,0.0,1213.411125,100144.8,0.99,75.1,-598435.3,300819.9,0.9948,0.097,551.6,-0.0972,-74.55768,0.0,0,-1.0,-1.0,-1.0,-1.0
1791146806.45,1702905.2,253.8,79.0,6.5,0.0,175.0,0.0,89.96,270.4,0.0,312.71,0.0,1213.411125,100144.8,0.99,75.1,-598435.3,300819.9,0.9948,0.097,551.6,-0.0972,-74.55768,0.0,0,-1.0,-1.0,-1.0,-1.0
1791146806.95,1702905.2,254.3,79.0,6.5,0.0,175.0,0.0,89.96,270.4,0.0,312.71,0.0,1213.411125,100144.8,0.99,75.1,-598435.3,300819.9,0.9948,0.097,551.6,-0.0972,-74.55768,0.0,0,-1.0,-1.0,-1.0,-1.0
1791146807.45,1702905.2,254.8,79.0,6.5,0.0,175.0,0.0,89.96,270.4,0.0,312.71,0.0,1213.411125,100144.8,0.99,75.1,-598435.3,300819.9,0.9948,0.097,551.6,-0.0972,-74.55768,0.0,0,-1.0,-1.0,-1.0,-1.0
1791146807.95,1702905.2,255.3,79.0,6.5,0.0,175.0,0.0,89.96,270.4,0.0,312.71,0.0,1213.411125,100144.8,0.99,75.1,-598435.3,300819.9,0.9948,0.097,551.6,-0.0972,-74.55768,0.0,0,-1.0,-1.0,-1.0,-1.0
1791146808.46,1702905.2,255.8,79.0,6.5,0.0,175.0,0.0,89.96,270.4,0.0,312.71,0.0,1213.411125,100144.8,0.99,75.1,-598435.3,300819.9,0.9948,0.097,551.6,-0.0972,-74.55768,0.0,0,-1.0,-1.0,-1.0,-1.0
1791146808.96,1702905.3,256.3,79.0,6.5,0.0,175.0,0.0,89.96,270.4,0.0,312.71,0.0,1213.411125,100144.8,0.99,75.1,-598435.3,300819.9,0.9948,0.097,551.6,-0.0972,-74.55768,0.0,0,-1.0,-1.0,-1.0,-1.0
1791146809.46,1702905.3,256.8,79.0,6.5,0.0,175.0,0.0,89.96,270.4,0.0,312.71,0.0,1213.411125,100144.8,0.99,75.1,-598435.3,300819.9,0.9948,0.097,551.6,-0.0972,-74.55768,0.0,0,-1.0,-1.0,-1.0,-1.0
1791146809.96,1702905.3,257.3,79.0,6.5,0.0,175.0,0.0,89.96,270.4,0.0,312.71,0.0,1213.411125,100144.8,0.99,75.1,-598435.3,300819.9,0.9948,0.097,551.6,-0.0972,-74.55768,0.0,0,-1.0,-1.0,-1.0,-1.0
1791146810.46,1702905.3,257.8,79.0,6.5,0.0,175.0,0.0,89.96,270.4,0.0,312.71,0.0,1213.411125,100144.8,0.99,75.1,-598435.3,300819.9,0.9948,0.097,551.6,-0.0972,-74.55768,0.0,0,-1.0,-1.0,-1.0,-1.0
1791146810.96,1702905.4,258.3,79.0,6.5,0.0,175.0,0.0,89.96,270.4,0.0,312.71,0.0,1213.411125,100144.8,0.99,75.1,-598435.3,300819.9,0.9948,0.097,551.6,-0.0972,-74.55768,0.0,0,-1.0,-1.0,-1.0,-1.0
1791146811.47,1702905.4,258.8,79.0,6.5,0.0,175.0,0.0,89.96,270.4,0.0,312.71,0.0,1213.411125,100144.8,0.99,75.1,-598435.3,300819.9,0.9948,0.097,551.6,-0.0972,-74.55768,0.0,0,-1.0,-1.0,-1.0,-1.0
1791146811.97,1702905.5,259.3,79.0,6.5,0.0,175.0,0.0,89.96,270.4,0.0,312.71,0.0,1213.411125,100144.8,0.99,75.1,-598435.3,300819.9,0.9948,0.097,551.6,-0.0972,-74.55768,0.0,0,-1.0,-1.0,-1.0,-1.0
1791146812.47,1702905.9,259.8,79.0,6.5,0.0,175.0,0.0,89.96,270.4,0.0,312.7,0.0,1213.411125,100144.8,0.99,75.1,-598435.3,300819.9,0.9948,0.097,551.6,-0.0972,-74.55768,0.0,0,-1.0,-1.0,-1.0,-1.0
1791146812.97,1702906.3,260.3,79.0,6.5,0.0,175.0,0.0,89.96,270.4,0.0,312.69,0.0,1213.411125,100144.8,0.99,75.1,-598435.3,300819.9,0.9948,0.097,551.6,-0.0972,-74.55768,0.0,0,-1.0,-1.0,-1.0,-1.0
1791146813.48,1702906.3,260.8,79.0,6.5,0.0,175.0,0.0,89.96,270.4,0.0,312.69,0.0,1213.411125,100144.8,0.99,75.1,-598435.3,300819.9,0.9948,0.097,551.6,-0.0972,-74.55768,0.0,0,-1.0,-1.0,-1.0,-1.0
1791146813.98,1702906.4,261.3,79.0,6.5,0.0,175.0,0.0,89.96,270.4,0.0,312.69,0.0,1213.411125,100144.8,0.99,75.1,-598435.3,300819.9,0.9948,0.097,551.6,-0.0972,-74.55768,0.0,0,-1.0,-1.0,-1.0,-1.0
1791146814.48,1702906.4,261.8,79.0,6.5,0.0,175.0,0.0,89.96,270.4,0.0,312.69,0.0,1213.411125,100144.8,0.99,75.1,-598435.3,300819.9,0.9948,0.097,551.6,-0.0972,-74.55768,0.0,0,-1.0,-1.0,-1.0,-1.0
1791146814.98,1702906.4,262.3,79.0,6.5,0.0,175.0,0.0,89.96,270.4,0.0,312.69,0.0,1213.411125,100144.8,0.99,75.1,-598435.3,300819.9,0.9948,0.097,551.6,-0.0972,-74.55768,0.0,0,-1.0,-1.0,-1.0,-1.0
1791146815.48,1702906.4,262.8,79.0,6.5,0.0,175.0,0.0,89.96,270.4,0.0,312.69,0.0,1213.411125,100144.8,0.99,75.1,-598435.3,300819.9,0.9948,0.097,551.6,-0.0972,-74.55768,0.0,0,-1.0,-1.0,-1.0,-1.0
1791146815.98,1702906.4,263.3,79.0,6.5,0.0,175.0,0.0,89.96,270.4,0.0,312.69,0.0,1213.411125,100144.8,0.99,75.1,-598435.3,300819.9,0.9948,0.097,551.6,-0.0972,-74.55768,0.0,0,-1.0,-1.0,-1.0,-1.0
1791146816.48,1702906.4,263.8,79.0,6.5,0.0,175.0,0.0,89.96,270.4,0.0,312.69,0.0,1213.411125,100144.8,0.99,75.1,-598435.3,300819.9,0.9948,0.097,551.6,-0.0972,-74.55768,0.0,0,-1.0,-1.0,-1.0,-1.0
1791146816.99,1702906.8,264.3,79.0,6.5,0.0,175.0,0.0,89.96,270.4,0.0,312.69,0.0,1213.411125,100144.8,0.99,75.1,-598435.3,300819.9,0.9948,0.097,551.6,-0.0972,-74.55768,0.0,0,-1.0,-1.0,-1.0,-1.0
1791146817.49,1702907.3,264.8,79.0,6.5,0.0,175.0,0.0,89.96,270.4,0.0,312.68,0.0,1213.411125,100144.8,0.99,75.1,-598435.3,300819.9,0.9948,0.097,551.6,-0.0972,-74.55768,0.0,0,-1.0,-1.0,-1.0,-1.0
1791146817.99,1702907.7,265.3,79.0,6.5,0.0,175.0,0.0,89.96,270.4,0.0,312.67,0.0,1213.411125,100144.8,0.99,75.1,-598435.3,300819.9,0.9948,0.097,551.6,-0.0972,-74.55768,0.0,0,-1.0,-1.0,-1.0,-1.0
1791146818.5,1702908.2,265.8,79.0,6.5,0.0,175.0,0.0,89.96,270.4,0.0,312.66,0.0,1213.411125,100144.8,0.99,75.1,-598435.3,300819.9,0.9948,0.097,551.6,-0.0972,-74.55768,0.0,0,-1.0,-1.0,-1.0,-1.0
1791146819.0,1702908.7,266.3,79.0,6.5,0.0,175.0,0.0,89.96,270.4,0.0,312.65,0.0,1213.411125,100144.8,0.99,75.1,-598435.3,300819.9,0.9948,0.097,551.6,-0.0972,-74.55768,0.0,0,-1.0,-1.0,-1.0,-1.0
1791146819.5,1702909.2,266.8,79.0,6.5,0.0,175.0,0.0,89.96,270.4,0.0,312.65,0.0,1213.411125,100144.8,0.99,75.1,-598435.3,300819.9,0.9948,0.097,551.6,-0.0972,-74.55768,0.0,0,-1.0,-1.0,-1.0,-1.0
1791146820.0,1702909.7,267.3,79.0,6.5,0.0,175.0,0.0,89.96,270.4,0.0,312.64,0.0,1213.411125,100144.8,0.99,75.1,-598435.3,300819.9,0.9948,0.097,551.6,-0.0972,-74.55768,0.0,0,-1.0,-1.0,-1.0,-1.0
1791146820.5,1702910.2,267.8,79.0,6.5,0.0,175.0,0.0,89.96,270.4,0.0,312.63,0.0,1213.411125,100144.8,0.99,75.1,-598435.3,300819.9,0.9948,0.097,551.6,-0.0972,-74.55768,0.0,0,-1.0,-1.0,-1.0,-1.0
1791146821.0,1702910.7,268.3,79.0,6.5,0.0,175.0,0.0,89.96,270.4,0.0,312.62,0.0,1213.411125,100144.8,0.99,75.1,-598435.3,300819.9,0.9948,0.097,551.6,-0.0972,-74.55768,0.0,0,-1.0,-1.0,-1.0,-1.0
1791146821.51,1702911.2,268.8,79.0,6.5,0.0,175.0,0.0,89.96,270.4,0.0,312.61,0.0,1213.411125,100144.8,0.99,75.1,-598435.3,300819.9,0.9948,0.097,551.6,-0.0972,-74.55768,0.0,0,-1.0,-1.0,-1.0,-1.0
1791146822.01,1702911.7,269.3,79.0,6.5,0.0,175.0,0.0,89.96,270.4,0.0,312.6,0.0,1213.411125,100144.8,0.99,75.1,-598435.3,300819.9,0.9948,0.097,551.6,-0.0972,-74.55768,0.0,0,-1.0,-1.0,-1.0,-1.0
1791146822.51,1702912.2,269.8,79.0,6.5,0.0,175.0,0.0,89.96,270.4,0.0,312.6,0.0,1213.411125,100144.8,0.99,75.1,-598435.3,300819.9,0.9948,0.097,551.6,-0.0972,-74.55768,0.0,0,-1.0,-1.0,-1.0,-1.0
1791146823.01,1702912.7,270.3,79.0,6.5,0.0,175.0,0.0,89.96,270.4,0.0,312.59,0.0,1213.411125,100144.8,0.99,75.1,-598435.3,300819.9,0.9948,0.097,551.6,-0.0972,-74.55768,0.0,0,-1.0,-1.0,-1.0,-1.0
1791146823.51,1702913.2,270.8,79.0,6.5,0.0,175.0,0.0,89.96,270.4,0.0,312.58,0.0,1213.411125,100144.8,0.99,75.1,-598435.3,300819.9,0.9948,0.097,551.6,-0.0972,-74.55768,0.0,0,-1.0,-1.0,-1.0,-1.0
1791146824.01,1702913.7,271.3,79.0,6.5,0.0,175.0,0.0,89.96,270.4,0.0,312.57,0.0,1213.411125,100144.8,0.99,75.1,-598435.3,300819.9,0.9948,0.097,551.6,-0.0972,-74.55768,0.0,0,-1.0,-1.0,-1.0,-1.0
1791146824.52,1702914.2,271.8,79.0,6.5,0.0,175.0,0.0,89.96,270.4,0.0,312.56,0.0,1213.411125,100144.8,0.99,75.1,-598435.3,300819.9,0.9948,0.097,551.6,-0.0972,-74.55768,0.0,0,-1.0,-1.0,-1.0,-1.0
1791146825.02,1702914.7,272.4,79.0,6.5,0.0,175.0,0.0,89.96,270.4,0.0,312.55,0.0,1213.411125,100144.8,0.99,75.1,-598435.3,300819.9,0.9948,0.097,551.6,-0.0972,-74.55768,0.0,0,-1.0,-1.0,-1.0,-1.0
1791146825.52,1702915.2,272.9,79.0,6.5,0.0,175.0,0.0,89.96,270.4,0.0,312.55,0.0,1213.411125,100144.8,0.99,75.1,-598435.3,300819.9,0.9948,0.097,551.6,-0.0972,-74.55768,0.0,0,-1.0,-1.0,-1.0,-1.0
1791146826.02,1702915.7,273.4,79.0,6.5,0.0,175.0,0.0,89.96,270.4,0.0,312.54,0.0,1213.411125,100144.8,0.99,75.1,-598435.3,300819.9,0.9948,0.097,551.6,-0.0972,-74.55768,0.0,0,-1.0,-1.0,-1.0,-1.0
1791146826.53,1702915.9,273.9,79.0,6.5,0.0,175.0,0.0,89.96,270.4,0.0,312.53,0.0,1213.411125,100144.8,0.99,75.1,-598435.3,300819.9,0.9948,0.097,551.6,-0.0972,-74.55768,0.0,0,-1.0,-1.0,-1.0,-1.0
1791146827.03,1702916.4,274.4,79.0,6.5,0.0,175.0,0.0,89.96,270.4,0.0,312.53,0.0,1213.411125,100144.8,0.99,75.1,-598435.3,300819.9,0.9948,0.097,551.6,-0.0972,-74.55768,0.0,0,-1.0,-1.0,-1.0,-1.0
1791146827.53,1702916.9,274.9,79.0,6.5,0.0,175.0,0.0,89.96,270.4,0.0,312.52,0.0,1213.411125,100144.8,0.99,75.1,-598435.3,300819.9,0.9948,0.097,551.6,-0.0972,-74.55768,0.0,0,-1.0,-1.0,-1.0,-1.0
1791146828.04,1702917.4,275.4,79.0,6.5,0.0,175.0,0.0,89.96,270.4,0.0,312.51,0.0,1213.411125,100144.8,0.99,75.1,-598435.3,300819.9,0.9948,0.097,551.6,-0.0972,-74.55768,0.0,0,-1.0,-1.0,-1.0,-1.0
1791146828.54,1702917.9,275.9,79.0,6.5,0.0,175.0,0.0,89.96,270.4,0.0,312.5,0.0,1213.411125,100144.8,0.99,75.1,-598435.3,300819.9,0.9948,0.097,551.6,-0.0972,-74.55768,0.0,0,-1.0,-1.0,-1.0,-1.0
1791146829.04,1702918.4,276.4,79.0,6.5,0.0,175.0,0.0,89.96,270.4,0.0,312.49,0.0,1213.411125,100144.8,0.99,75.1,-598435.3,300819.9,0.9948,0.097,551.6,-0.0972,-74.55768,0.0,0,-1.0,-1.0,-1.0,-1.0
1791146829.54,1702918.9,276.9,79.0,6.5,0.0,175.0,0.0,89.96,270.4,0.0,312.49,0.0,1213.411125,100144.8,0.99,75.1,-598435.3,300819.9,0.9948,0.097,551.6,-0.0972,-74.55768,0.0,0,-1.0,-1.0,-1.0,-1.0
1791146830.04,1702919.4,277.4,79.0,6.5,0.0,175.0,0.0,89.96,270.4,0.0,312.48,0.0,1213.411125,100144.8,0.99,75.1,-598435.3,300819.9,0.9948,0.097,551.6,-0.0972,-74.55768,0.0,0,-1.0,-1.0,-1.0,-1.0
1791146830.55,1702919.8,277.9,79.0,6.5,0.0,175.0,0.0,89.96,270.4,0.0,312.47,0.0,1213.411125,100144.8,0.99,75.1,-598435.3,300819.9,0.9948,0.097,551.6,-0.0972,-74.55768,0.0,0,-1.0,-1.0,-1.0,-1.0
1791146831.05,1702920.3,278.4,79.0,6.5,0.0,175.0,0.0,89.96,270.4,0.0,312.46,0.0,1213.411125,100144.8,0.99,75.1,-598435.3,300819.9,0.9948,0.097,551.6,-0.0972,-74.55768,0.0,0,-1.0,-1.0,-1.0,-1.0
1791146831.55,1702920.8,278.9,79.0,6.5,0.0,175.0,0.0,89.96,270.4,0.0,312.45,0.0,1213.411125,100144.8,0.99,75.1,-598435.3,300819.9,0.9948,0.097,551.6,-0.0972,-74.55768,0.0,0,-1.0,-1.0,-1.0,-1.0
1791146832.05,1702921.3,279.4,79.0,6.5,0.0,175.0,0.0,89.96,270.4,0.0,312.44,0.0,1213.411125,100144.8,0.99,75.1,-598435.3,300819.9,0.9948,0.097,551.6,-0.0972,-74.55768,0.0,0,-1.0,-1.0,-1.0,-1.0
1791146832.55,1702921.8,279.9,79.0,6.5,0.0,175.0,0.0,89.96,270.4,0.0,312.44,0.0,1213.411125,100144.8,0.99,75.1,-598435.3,300819.9,0.9948,0.097,551.6,-0.0972,-74.55768,0.0,0,-1.0,-1.0,-1.0,-1.0
1791146833.05,1702922.3,280.4,79.0,6.5,0.0,175.0,0.0,89.96,270.4,0.0,312.43,0.0,1213.411125,100144.8,0.99,75.1,-598435.3,300819.9,0.9948,0.097,551.6,-0.0972,-74.55768,0.0,0,-1.0,-1.0,-1.0,-1.0
1791146833.56,1702922.8,280.9,79.0,6.5,0.0,175.0,0.0,89.96,270.59,0.0,312.42,0.0,1213.411125,100144.8,1.0,75.1,-598435.3,300819.9,0.9948,0.097,551.6,-0.0972,-74.55768,1.0,0,-1.0,-1.0,-1.0,-1.0
1791146834.06,1702923.3,281.4,79.0,6.5,0.0,175.0,0.0,89.96,270.59,0.0,312.41,0.0,1213.411125,100144.8,0.99,75.1,-598435.3,300819.9,0.9948,0.097,551.6,-0.0972,-74.55768,1.0,0,-1.0,-1.0,-1.0,-1.0
1791146834.56,1702923.8,281.9,79.0,6.5,0.0,175.0,0.0,89.96,270.59,0.0,312.4,0.0,1213.411125,100144.8,0.99,75.1,-598435.3,300819.9,0.9948,0.097,551.6,-0.0972,-74.55768,1.0,0,-1.0,-1.0,-1.0,-1.0
1791146835.06,1702924.3,282.4,79.0,6.5,0.0,175.0,0.0,89.96,270.59,0.0,312.39,0.0,1213.411125,100144.8,0.99,75.1,-598435.3,300819.9,0.9948,0.097,551.6,-0.0972,-74.55768,1.0,0,-1.0,-1.0,-1.0,-1.0
1791146835.56,1702924.8,282.9,79.0,6.5,0.0,175.0,0.0,89.97,270.59,0.0,312.39,0.0,1213.411125,100144.8,0.99,75.1,-598435.3,300819.9,0.9948,0.097,551.6,-0.0972,-74.55768,1.0,0,-1.0,-1.0,-1.0,-1.0
1791146836.07,1702925.3,283.4,79.0,6.5,0.0,175.0,0.0,89.96,270.59,0.0,312.38,0.0,1213.411125,100144.8,0.99,75.1,-598435.3,300819.9,0.9948,0.097,551.6,-0.0972,-74.55768,1.0,0,-1.0,-1.0,-1.0,-1.0
1791146836.57,1702925.8,283.9,79.1,6.6,1.5,175.0,1.5,90.0,275.91,0.0,312.37,1.27,1213.385989,100142.3,1.38,75.4,-598435.4,300820.0,0.9948,0.097,551.6,-0.0972,-74.55768,1.0,0,-1.0,-1.0,-1.0,-1.0
1791146837.07,1702926.2,284.4,80.5,8.0,4.8,175.0,4.8,89.95,301.22,0.0,312.36,12.85,1213.193335,100122.6,1.79,77.8,-598435.3,300821.3,0.9948,0.097,551.6,-0.0972,-74.55768,1.0,0,-1.0,-1.0,-1.0,-1.0
1791146837.57,1702926.7,284.9,83.9,11.4,8.7,175.2,8.7,89.94,343.06,0.0,312.35,43.16,1212.694694,100071.8,1.81,84.0,-598435.0,300824.5,0.9948,0.097,551.7,-0.0972,-74.55768,1.0,0,-1.0,-1.0,-1.0,-1.0
1791146838.07,1702927.2,285.4,89.3,16.8,12.8,175.4,12.8,89.97,25.45,0.0,312.35,91.88,1211.904724,99991.3,1.82,93.9,-598434.9,300829.5,0.9948,0.097,551.7,-0.0972,-74.55768,1.0,0,-1.0,-1.0,-1.0,-1.0
1791146838.58,1702927.7,285.9,96.7,24.2,16.8,175.8,16.8,90.0,53.46,0.0,312.34,159.55,1210.820691,99880.9,1.82,107.5,-598434.9,300836.3,0.9948,0.097,551.7,-0.0972,-74.55767,1.0,0,-1.0,-1.0,-1.0,-1.0
1791146839.08,1702928.2,286.4,106.2,33.7,20.9,176.2,20.9,90.0,70.19,0.0,312.33,246.67,1209.439886,99740.2,1.83,124.9,-598434.9,300845.0,0.9948,0.097,551.7,-0.0972,-74.55767,1.0,0,-1.0,-1.0,-1.0,-1.0
1791146839.58,1702928.7,286.9,117.8,45.3,25.1,176.8,25.1,89.97,80.37,0.0,312.32,353.71,1207.759844,99569.1,1.84,146.3,-598435.0,300855.7,0.9948,0.097,551.7,-0.0972,-74.55767,1.0,0,-1.0,-1.0,-1.0,-1.0
1791146840.08,1702929.2,287.4,130.8,58.3,29.1,177.4,29.1,90.0,86.65,0.0,312.31,475.6,1205.863456,99376.1,1.85,170.5,-598435.0,300867.8,0.9948,0.097,551.8,-0.0972,-74.55768,0.0,0,-1.0,-1.0,-1.0,-1.0
1791146840.58,1702929.7,287.9,145.8,73.3,33.2,178.1,33.2,90.0,91.74,0.0,312.31,616.59,1203.687512,99154.7,1.86,198.5,-598435.0,300881.8,0.9948,0.097,551.8,-0.0972,-74.55768,0.0,0,-1.0,-1.0,-1.0,-1.0
1791146841.08,1702930.2,288.4,164.3,91.8,37.6,179.0,37.6,89.97,96.31,0.0,312.3,791.22,1201.013162,98882.7,1.87,233.1,-598435.0,300899.1,0.9948,0.097,551.9,-0.0972,-74.55768,0.0,0,-1.0,-1.0,-1.0,-1.0
1791146841.59,1702930.7,288.9,183.4,110.9,41.8,179.9,41.8,89.97,99.71,0.0,312.29,972.91,1198.250151,98601.8,1.88,269.1,-598435.1,300917.0,0.9948,0.097,551.9,-0.0972,-74.55768,0.0,0,-1.0,-1.0,-1.0,-1.0
1791146842.09,1702931.2,289.4,205.4,132.9,46.1,180.9,46.1,89.94,102.53,0.0,312.28,1183.36,1195.070502,98278.8,1.88,310.8,-598435.2,300937.8,0.9948,0.097,552.0,-0.0972,-74.55768,0.0,0,-1.0,-1.0,-1.0,-1.0
1791146842.59,1702931.7,289.9,229.6,157.1,50.5,182.1,50.5,89.91,104.72,0.0,312.27,1415.43,1191.582082,97924.7,1.89,356.9,-598435.4,300960.7,0.9948,0.097,552.0,-0.0972,-74.55769,0.0,0,-1.0,-1.0,-1.0,-1.0
1791146843.1,1702932.2,290.4,256.0,183.5,55.0,183.3,55.0,89.87,284.26,-177.87,312.26,1669.59,1187.784144,97539.3,1.9,407.3,-598435.7,300985.8,0.9948,0.097,552.1,-0.0972,-74.55769,0.0,0,-1.0,-1.0,-1.0,-1.0
1791146843.6,1702932.7,290.9,284.7,212.2,59.5,184.7,59.5,89.83,282.93,-175.31,312.26,1946.06,1183.676313,97122.9,1.91,462.3,-598436.1,301013.1,0.9948,0.098,552.2,-0.0972,-74.5577,0.0,0,-1.0,-1.0,-1.0,-1.0
1791146844.1,1702933.2,291.4,315.6,243.1,64.0,186.2,64.0,89.79,282.05,-173.52,312.25,2244.38,1179.258297,96675.4,1.92,521.8,-598436.6,301042.6,0.9948,0.098,552.3,-0.0972,-74.55771,0.0,0,-1.0,-1.0,-1.0,-1.0
1791146844.6,1702933.7,291.9,350.1,277.6,68.7,187.8,68.7,89.75,281.42,-172.21,312.24,2578.01,1174.334698,96177.2,1.92,588.6,-598437.4,301075.6,0.9948,0.098,552.3,-0.0972,-74.55772,0.0,0,-1.0,-1.0,-1.0,-1.0
1791146845.11,1702934.2,292.4,385.7,313.1,73.3,189.5,73.3,89.71,280.99,-171.32,312.23,2921.22,1169.284703,95666.7,1.93,657.7,-598438.2,301109.7,0.9948,0.099,552.4,-0.09719,-74.55774,0.0,0,-1.0,-1.0,-1.0,-1.0
1791146845.61,1702934.7,292.9,423.5,351.0,77.9,191.2,77.9,89.67,280.66,-170.66,312.22,3286.26,1163.925692,95125.5,1.94,731.5,-598439.2,301146.1,0.9948,0.1,552.5,-0.09719,-74.55775,0.0,0,-1.0,-1.0,-1.0,-1.0
1791146846.11,1702935.2,293.4,463.7,391.2,82.6,193.1,82.6,89.62,280.39,-170.17,312.21,3672.92,1158.25875,94553.9,1.94,810.1,-598440.3,301184.9,0.9948,0.101,552.6,-0.09719,-74.55778,0.0,0,-1.0,-1.0,-1.0,-1.0
1791146846.62,1702935.7,293.9,506.2,433.7,87.3,195.1,87.3,89.59,280.15,-169.77,312.2,4080.95,1152.285082,93952.0,1.95,893.6,-598441.5,301226.0,0.9948,0.102,552.8,-0.09718,-74.5578,0.0,0,-1.0,-1.0,-1.0,-1.0
1791146847.12,1702936.2,294.4,551.0,478.5,92.0,197.2,92.0,89.55,279.94,-169.45,312.2,4510.05,1146.006235,93320.2,1.96,982.1,-598442.9,301269.6,0.9948,0.104,552.9,-0.09718,-74.55783,0.0,0,-1.0,-1.0,-1.0,-1.0
1791146847.65,1702936.7,295.0,594.4,521.9,96.4,199.2,96.4,89.51,279.75,-169.2,312.19,4921.94,1139.961842,92712.7,1.96,1067.9,-598444.2,301311.9,0.9948,0.105,553.0,-0.09717,-74.55787,0.0,0,-1.0,-1.0,-1.0,-1.0
1791146848.16,1702937.2,295.5,647.9,575.4,101.5,201.6,101.5,89.47,279.54,-168.93,312.18,5429.93,1132.540646,91967.9,1.97,1174.1,-598445.8,301364.1,0.9948,0.108,553.1,-0.09717,-74.55791,0.0,0,-1.0,-1.0,-1.0,-1.0
1791146848.66,1702937.7,296.0,699.9,627.4,106.4,204.0,106.4,89.43,279.36,-168.72,312.17,5919.93,1125.358432,91248.1,1.98,1277.7,-598447.5,301415.1,0.9948,0.11,553.3,-0.09716,-74.55796,0.0,0,-1.0,-1.0,-1.0,-1.0
1791146849.16,1702938.2,296.5,754.4,681.8,111.2,206.5,111.2,89.38,279.18,-168.52,312.16,6429.45,1117.879726,90499.8,1.98,1386.6,-598449.3,301468.7,0.9949,0.113,553.4,-0.09715,-74.55801,0.0,0,-1.0,-1.0,-1.0,-1.0
1791146849.66,1702938.7,297.0,811.2,738.7,116.1,209.1,116.1,89.34,279.02,-168.34,312.16,6958.04,1110.107606,89723.4,1.99,1500.8,-598451.2,301524.8,0.9949,0.117,553.6,-0.09714,-74.55807,0.0,0,-1.0,-1.0,-1.0,-1.0
1791146850.16,1702939.2,297.5,870.6,798.1,121.0,211.7,121.0,89.29,278.87,-168.18,312.15,7505.26,1102.044894,88919.3,2.0,1620.3,-598453.3,301583.5,0.9949,0.121,553.7,-0.09713,-74.55814,0.0,0,-1.0,-1.0,-1.0,-1.0
1791146850.66,1702939.7,298.0,932.3,859.8,126.0,214.5,126.0,89.25,278.72,-168.03,312.14,8070.62,1093.694873,88088.0,2.0,1745.2,-598455.5,301644.8,0.9949,0.125,553.9,-0.09712,-74.55821,0.0,0,-1.0,-1.0,-1.0,-1.0
1791146851.17,1702940.2,298.5,996.6,924.1,130.9,217.3,131.0,89.2,278.59,-167.89,312.13,8653.62,1085.060822,87230.0,2.01,1875.7,-598457.9,301708.9,0.9949,0.13,554.1,-0.09711,-74.5583,0.0,0,-1.0,-1.0,-1.0,-1.0
1791146851.67,1702940.7,299.0,1063.4,990.9,136.0,220.2,136.0,89.15,278.46,-167.76,312.12,9253.74,1076.146338,86345.8,2.02,2011.7,-598460.5,301775.6,0.9949,0.135,554.3,-0.0971,-74.55839,0.0,0,-1.0,-1.0,-1.0,-1.0
1791146852.17,1702941.2,299.5,1135.5,1063.0,141.2,223.4,141.2,89.1,278.35,-167.64,312.11,9895.42,1066.58186,85399.1,2.02,2159.2,-598463.3,301848.0,0.9949,0.141,554.5,-0.09708,-74.55849,0.0,0,-1.0,-1.0,-1.0,-1.0
1791146852.67,1702941.7,300.0,1207.4,1134.9,146.3,226.5,146.3,89.05,278.24,-167.53,312.11,10528.68,1057.107234,84463.2,2.03,2307.0,-598466.1,301920.4,0.9949,0.147,554.7,-0.09707,-74.5586,0.0,0,-1.0,-1.0,-1.0,-1.0
1791146853.17,1702942.2,300.5,1281.9,1209.5,151.4,229.7,151.5,89.01,278.14,-167.43,312.1,11177.25,1047.364307,83502.9,2.04,2460.6,-598469.1,301995.8,0.9949,0.154,554.9,-0.09705,-74.55872,0.0,0,-1.0,-1.0,-1.0,-1.0
1791146853.67,1702942.7,301.0,1359.0,1286.5,156.6,233.0,156.6,88.96,278.05,-167.33,312.09,11840.46,1037.357284,82518.7,2.05,2620.2,-598472.2,302074.0,0.9949,0.161,555.1,-0.09703,-74.55885,0.0,0,-1.0,-1.0,-1.0,-1.0
1791146854.17,1702943.2,301.5,1438.7,1366.2,161.8,236.4,161.8,88.91,277.96,-167.24,312.08,12517.59,1027.09086,81511.3,2.05,2785.9,-598475.5,302155.2,0.995,0.168,555.3,-0.09701,-74.55899,0.0,0,-1.0,-1.0,-1.0,-1.0
1791146854.68,1702943.7,302.0,1520.9,1448.4,167.1,239.8,167.1,88.86,277.87,-167.15,312.07,13207.88,1016.569903,80481.4,2.06,2957.7,-598479.0,302239.4,0.995,0.176,555.5,-0.09699,-74.55914,0.0,0,-1.0,-1.0,-1.0,-1.0
1791146855.18,1702944.2,302.5,1605.8,1533.3,172.3,243.4,172.4,88.81,277.79,-167.06,312.06,13910.56,1005.799168,79429.6,2.07,3135.8,-598482.6,302326.6,0.995,0.185,555.8,-0.09697,-74.5593,0.0,0,-1.0,-1.0,-1.0,-1.0
1791146855.68,1702944.7,303.0,1693.4,1620.9,177.7,247.0,177.7,88.76,277.71,-166.98,312.06,14624.75,994.783933,78356.8,2.08,3320.3,-598486.5,302416.9,0.995,0.194,556.0,-0.09695,-74.55948,0.0,0,-1.0,-1.0,-1.0,-1.0
1791146856.18,1702945.2,303.5,1783.6,1711.1,183.0,250.7,183.1,88.71,277.64,-166.91,312.05,15349.56,983.52987,77263.5,2.08,3511.3,-598490.4,302510.4,0.995,0.204,556.3,-0.09692,-74.55967,0.0,0,-1.0,-1.0,-1.0,-1.0
1791146856.68,1702945.7,304.0,1876.5,1804.2,188.4,254.5,188.5,88.66,277.57,-166.84,312.04,16084.05,972.042448,76150.5,2.09,3708.8,-598494.6,302607.1,0.995,0.214,556.6,-0.0969,-74.55987,0.0,0,-1.0,-1.0,-1.0,-1.0
1791146857.19,1702946.2,304.5,1972.2,1900.1,193.9,258.4,193.9,88.6,277.5,-166.77,312.03,16827.23,960.327365,75018.7,2.1,3913.1,-598498.9,302707.1,0.995,0.224,556.8,-0.09687,-74.56008,0.0,0,-1.0,-1.0,-1.0,-1.0
1791146857.69,1702946.7,305.0,2070.5,1998.8,199.4,262.4,199.4,88.55,277.44,-166.7,312.02,17578.02,948.391048,73868.9,2.11,4124.1,-598503.4,302810.3,0.9951,0.235,557.1,-0.09684,-74.56031,0.0,0,-1.0,-1.0,-1.0,-1.0
1791146858.19,1702947.2,305.5,2171.6,2100.2,204.9,266.4,205.0,88.5,277.38,-166.64,312.02,18335.36,936.239642,72701.8,2.12,4342.0,-598508.1,302917.0,0.9951,0.247,557.4,-0.09681,-74.56056,0.0,0,-1.0,-1.0,-1.0,-1.0
1791146858.69,1702947.7,306.0,2275.5,2204.5,210.5,270.5,210.5,88.45,277.32,-166.57,312.01,19098.08,923.879626,71518.3,2.13,4566.9,-598512.9,303027.0,0.9951,0.259,557.7,-0.09677,-74.56082,0.0,0,-1.0,-1.0,-1.0,-1.0
1791146859.19,1702948.2,306.5,2386.5,2315.9,216.3,274.9,216.4,88.39,277.26,-166.51,312.0,19895.77,910.811063,70271.1,2.13,4808.4,-598518.2,303145.1,0.9951,0.272,558.0,-0.09674,-74.56111,0.0,0,-1.0,-1.0,-1.0,-1.0
1791146859.7,1702948.7,307.0,2496.2,2425.9,222.0,279.2,222.1,88.34,277.21,-166.46,311.99,20665.82,898.046726,69056.9,2.14,5047.9,-598523.4,303262.3,0.9951,0.285,558.4,-0.0967,-74.56141,0.0,0,-1.0,-1.0,-1.0,-1.0
1791146860.2,1702948.8,307.5,2514.0,2443.8,222.9,279.8,223.0,88.33,277.2,-166.45,311.99,20789.21,895.986938,68861.3,2.14,5086.9,-598524.2,303281.3,0.9951,0.287,558.4,-0.09669,-74.56145,0.0,0,-1.0,-1.0,-1.0,-1.0
1791146860.71,1702949.1,308.0,2581.4,2511.4,226.3,282.5,226.4,88.3,277.17,-166.41,311.99,21252.26,888.220128,68124.9,2.15,5234.8,-598527.5,303353.7,0.9951,0.295,558.6,-0.09667,-74.56164,0.0,0,-1.0,-1.0,-1.0,-1.0
1791146861.21,1702949.6,308.5,2686.7,2617.2,231.6,286.5,231.7,88.25,277.12,-166.37,311.98,21962.68,876.184793,66986.7,2.16,5466.8,-598532.5,303467.1,0.9952,0.308,558.9,-0.09663,-74.56194,0.0,0,-1.0,-1.0,-1.0,-1.0
1791146861.72,1702950.1,309.0,2799.3,2730.2,237.1,290.8,237.2,88.2,277.08,-166.32,311.97,22703.58,863.468511,65788.2,2.16,5715.8,-598538.0,303588.9,0.9952,0.322,559.3,-0.09659,-74.56227,0.0,0,-1.0,-1.0,-1.0,-1.0
1791146862.22,1702950.6,309.5,2919.3,2850.7,242.9,295.3,243.0,88.14,277.03,-166.27,311.96,23459.33,850.058625,64528.7,2.17,5982.5,-598543.9,303719.3,0.9952,0.336,559.6,-0.09655,-74.56263,0.0,0,-1.0,-1.0,-1.0,-1.0
1791146862.72,1702951.1,310.0,3042.3,2974.2,248.7,300.0,248.9,88.09,276.99,-166.22,311.95,24225.59,836.489778,63259.0,2.18,6257.0,-598550.0,303853.5,0.9952,0.352,560.0,-0.0965,-74.56301,0.0,0,-1.0,-1.0,-1.0,-1.0
1791146863.22,1702951.6,310.5,3168.2,3100.5,254.6,304.6,254.8,88.04,276.94,-166.17,311.95,24987.54,822.769937,61980.2,2.19,6539.5,-598556.2,303991.6,0.9953,0.368,560.4,-0.09646,-74.56341,0.0,0,-1.0,-1.0,-1.0,-1.0
1791146863.72,1702952.0,311.1,3286.6,3219.0,260.1,309.0,260.3,87.99,276.91,-166.13,311.94,25700.56,810.021479,60796.3,2.2,6806.4,-598562.2,304122.1,0.9953,0.383,560.7,-0.09641,-74.5638,0.0,0,-1.0,-1.0,-1.0,-1.0
1791146864.23,1702952.5,311.6,3418.2,3350.6,266.1,313.8,266.3,87.93,276.87,-166.09,311.93,26451.49,796.035229,59502.6,2.21,7104.3,-598568.8,304267.8,0.9953,0.4,561.1,-0.09636,-74.56424,0.0,0,-1.0,-1.0,-1.0,-1.0
1791146864.73,1702953.0,312.1,3552.8,3485.2,272.1,318.7,272.3,87.88,276.83,-166.05,311.92,27194.34,781.922589,58202.5,2.21,7410.5,-598575.6,304417.5,0.9953,0.417,561.6,-0.0963,-74.5647,0.0,0,-1.0,-1.0,-1.0,-1.0
1791146865.23,1702953.5,312.6,3690.5,3622.8,278.2,323.7,278.4,87.82,276.79,-166.01,311.92,27927.8,767.692462,56897.2,2.22,7725.2,-598582.6,304571.3,0.9953,0.435,562.0,-0.09625,-74.56519,0.0,0,-1.0,-1.0,-1.0,-1.0
1791146865.73,1702954.0,313.1,3831.1,3763.5,284.3,328.7,284.5,87.77,276.75,-165.97,311.91,28650.63,753.353556,55587.7,2.23,8048.6,-598589.8,304729.4,0.9954,0.454,562.4,-0.09619,-74.5657,0.0,0,-1.0,-1.0,-1.0,-1.0
1791146866.24,1702954.5,313.6,3980.7,3913.0,290.7,334.1,290.9,87.71,276.71,-165.93,311.9,29386.28,738.335916,54222.4,2.24,8393.6,-598597.5,304898.1,0.9954,0.474,562.9,-0.09612,-74.56626,0.0,0,-1.0,-1.0,-1.0,-1.0
1791146866.74,1702955.0,314.1,4127.6,4060.0,296.8,339.2,297.1,87.66,276.68,-165.9,311.89,30064.7,723.806312,52907.7,2.23,8732.2,-598605.0,305063.6,0.9954,0.493,563.4,-0.09606,-74.56681,0.0,0,-1.0,-1.0,-1.0,-1.0
1791146867.24,1702955.5,314.6,4277.6,4210.0,302.8,344.2,303.1,87.6,276.66,-165.87,311.88,30698.45,709.203858,51592.7,2.21,9074.9,-598612.6,305231.1,0.9955,0.513,563.8,-0.09599,-74.5674,0.0,0,-1.0,-1.0,-1.0,-1.0
1791146867.74,1702956.0,315.1,4430.5,4362.9,308.7,349.2,309.0,87.54,276.64,-165.85,311.88,31273.89,694.546149,50279.0,2.18,9419.5,-598620.3,305399.6,0.9955,0.534,564.3,-0.09592,-74.56801,0.0,0,-1.0,-1.0,-1.0,-1.0
1791146868.24,1702956.5,315.6,4580.1,4512.5,314.1,353.8,314.4,87.49,276.64,-165.84,311.87,31737.37,680.440838,49021.0,2.14,9750.6,-598627.7,305561.5,0.9955,0.554,564.7,-0.09585,-74.56862,0.0,0,-1.0,-1.0,-1.0,-1.0
1791146868.74,1702957.0,316.1,4745.0,4677.3,319.8,358.6,320.1,87.43,276.63,-165.84,311.86,32219.61,665.143627,47663.6,2.09,10108.3,-598635.7,305736.3,0.9955,0.576,565.2,-0.09577,-74.5693,0.0,0,-1.0,-1.0,-1.0,-1.0
1791146869.24,1702957.5,316.6,4899.7,4832.1,324.8,362.8,325.2,87.37,276.64,-165.84,311.85,32571.02,651.02707,46417.5,2.04,10437.0,-598643.1,305896.9,0.9956,0.597,565.7,-0.0957,-74.56996,0.0,0,-1.0,-1.0,-1.0,-1.0
1791146869.75,1702958.0,317.1,5063.5,4995.8,329.8,367.1,330.2,87.31,276.64,-165.84,311.85,32867.6,636.345428,45128.2,2.0,10777.5,-598650.9,306063.3,0.9956,0.619,566.1,-0.09562,-74.57067,0.0,0,-1.0,-1.0,-1.0,-1.0
1791146870.25,1702958.5,317.6,5229.6,5162.0,334.6,371.2,335.0,87.25,276.65,-165.85,311.84,33068.25,621.705378,43849.5,1.96,11116.3,-598658.7,306228.8,0.9956,0.642,566.6,-0.09554,-74.57141,0.0,0,-1.0,-1.0,-1.0,-1.0
1791146870.75,1702959.0,318.1,5405.0,5337.4,339.5,375.3,339.9,87.18,276.67,-165.86,311.83,33274.26,606.541164,42532.5,1.92,11467.7,-598666.8,306400.5,0.9956,0.666,567.1,-0.09545,-74.5722,0.0,0,-1.0,-1.0,-1.0,-1.0
1791146871.25,1702959.5,318.6,5575.9,5508.2,344.0,379.2,344.4,87.12,276.68,-165.87,311.82,33393.6,592.033753,41279.7,1.9,11806.0,-598674.7,306565.7,0.9957,0.691,567.5,-0.09536,-74.57299,0.0,0,-1.0,-1.0,-1.0,-1.0
1791146871.76,1702960.0,319.1,5749.0,5681.4,348.4,383.0,348.9,87.06,276.69,-165.88,311.82,33475.72,577.609515,40041.2,1.89,12146.8,-598682.8,306732.0,0.9957,0.716,568.0,-0.09527,-74.57381,0.0,0,-1.0,-1.0,-1.0,-1.0
1791146872.26,1702960.5,319.6,5924.4,5856.8,352.9,386.9,353.4,87.0,276.68,-165.87,311.81,33534.89,563.276297,38817.7,1.89,12492.6,-598691.0,306900.8,0.9957,0.742,568.4,-0.09517,-74.57466,0.0,0,-1.0,-1.0,-1.0,-1.0
1791146872.76,1702961.0,320.1,6102.0,6034.4,357.4,390.8,357.9,86.94,276.66,-165.85,311.8,33581.13,549.039184,37609.7,1.9,12845.8,-598699.3,307073.2,0.9958,0.769,568.9,-0.09507,-74.57553,0.0,0,-1.0,-1.0,-1.0,-1.0
1791146873.26,1702961.5,320.6,6281.9,6214.3,362.0,394.8,362.6,86.88,276.63,-165.82,311.79,33616.65,534.902133,36417.4,1.92,13207.0,-598707.9,307249.5,0.9958,0.796,569.4,-0.09497,-74.57643,0.0,0,-1.0,-1.0,-1.0,-1.0
1791146873.76,1702962.0,321.1,6464.1,6396.5,366.7,398.9,367.3,86.83,276.6,-165.79,311.79,33642.82,520.868495,35241.1,1.94,13577.0,-598716.7,307430.2,0.9958,0.824,569.9,-0.09487,-74.57736,0.0,0,-1.0,-1.0,-1.0,-1.0
1791146874.26,1702962.5,321.6,6648.8,6581.2,371.6,403.1,372.2,86.77,276.58,-165.76,311.78,33660.8,506.941316,34081.1,1.96,13956.5,-598725.6,307615.4,0.9959,0.852,570.4,-0.09476,-74.57832,0.0,0,-1.0,-1.0,-1.0,-1.0
1791146874.77,1702963.0,322.1,6820.8,6753.2,376.1,407.1,376.7,86.71,276.56,-165.74,311.77,33670.88,494.224567,33028.4,1.99,14314.7,-598734.1,307790.3,0.9959,0.879,570.9,-0.09466,-74.57924,0.0,0,-1.0,-1.0,-1.0,-1.0
1791146875.27,1702963.5,322.6,7002.5,6934.9,381.0,411.3,381.6,86.66,276.55,-165.73,311.76,33675.5,481.055483,31944.9,2.01,14698.4,-598743.2,307977.6,0.9959,0.908,571.4,-0.09455,-74.58022,0.0,0,-1.0,-1.0,-1.0,-1.0
1791146875.77,1702964.0,323.1,7202.1,7134.5,386.4,416.1,387.1,86.59,276.54,-165.71,311.76,33674.31,466.907401,30788.7,2.04,15126.3,-598753.3,308186.5,0.996,0.94,572.0,-0.09443,-74.58131,0.0,0,-1.0,-1.0,-1.0,-1.0
1791146876.27,1702964.5,323.6,7396.7,7329.1,391.8,420.8,392.5,86.53,276.51,-165.69,311.75,33667.55,453.422014,29694.3,2.07,15550.6,-598763.2,308393.7,0.996,0.973,572.6,-0.09431,-74.5824,0.0,0,-1.0,-1.0,-1.0,-1.0
1791146876.77,1702965.0,324.1,7594.0,7526.4,397.3,425.7,398.0,86.48,276.49,-165.66,311.74,33655.44,440.055083,28617.0,2.11,15988.5,-598773.5,308607.5,0.996,1.006,573.2,-0.09418,-74.58352,0.0,0,-1.0,-1.0,-1.0,-1.0
1791146877.28,1702965.5,324.6,7794.1,7726.7,403.0,430.8,403.8,86.42,276.47,-165.64,311.74,33637.75,426.808645,27556.9,2.14,16440.8,-598784.1,308828.4,0.9961,1.041,573.8,-0.09405,-74.58468,0.0,0,-1.0,-1.0,-1.0,-1.0
1791146877.78,1702966.0,325.1,7997.1,7930.0,408.9,436.1,409.7,86.36,276.45,-165.62,311.73,33613.82,413.68467,26514.3,2.18,16908.4,-598794.9,309056.7,0.9961,1.076,574.4,-0.09392,-74.58587,0.0,0,-1.0,-1.0,-1.0,-1.0
1791146878.28,1702966.5,325.6,8203.2,8136.4,415.0,441.6,415.9,86.3,276.43,-165.6,311.72,33582.56,400.685533,25489.2,2.22,17392.1,-598806.1,309293.0,0.9961,1.114,575.1,-0.09379,-74.5871,0.0,0,-1.0,-1.0,-1.0,-1.0
1791146878.78,1702967.0,326.1,8412.3,8345.9,421.3,447.2,422.2,86.24,276.41,-165.58,311.71,33542.38,387.814006,24481.8,2.26,17892.6,-598817.6,309537.5,0.9962,1.152,575.8,-0.09365,-74.58837,0.0,0,-1.0,-1.0,-1.0,-1.0
1791146879.29,1702967.5,326.6,8624.6,8558.5,427.8,453.1,428.7,86.18,276.39,-165.56,311.71,33491.24,375.072888,23492.4,2.3,18410.7,-598829.4,309790.7,0.9962,1.192,576.5,-0.0935,-74.58968,0.0,0,-1.0,-1.0,-1.0,-1.0
1791146879.79,1702968.0,327.1,8840.2,8774.5,434.5,459.1,435.5,86.12,276.36,-165.53,311.7,33411.91,362.126755,22521.1,2.34,18947.4,-598841.5,310052.9,0.9963,1.233,577.2,-0.09336,-74.59103,0.0,0,-1.0,-1.0,-1.0,-1.0
1791146880.29,1702968.5,327.6,9059.3,8994.0,441.4,465.4,442.4,86.06,276.34,-165.51,311.69,33080.44,346.874141,21572.5,2.39,19504.0,-598854.0,310325.0,0.9963,1.276,578.0,-0.0932,-74.59243,0.0,0,-1.0,-1.0,-1.0,-1.0
1791146880.79,1702969.0,328.1,9281.8,9216.9,448.6,472.0,449.7,86.0,276.32,-165.49,311.69,32749.21,332.032217,20649.5,2.44,20082.1,-598866.9,310607.6,0.9964,1.321,578.8,-0.09305,-74.59386,0.0,0,-1.0,-1.0,-1.0,-1.0
1791146881.29,1702969.5,328.6,9517.2,9452.3,456.3,479.0,457.4,85.94,276.31,-165.47,311.68,32405.24,317.030078,19716.5,2.49,20707.6,-598880.7,310913.5,0.9964,1.37,579.6,-0.09288,-74.5954,0.0,0,-1.0,-1.0,-1.0,-1.0
1791146881.79,1702970.0,329.1,9738.0,9673.2,463.7,485.8,464.9,85.89,276.29,-165.45,311.67,32088.27,303.571209,18879.4,2.54,21308.5,-598893.8,311207.4,0.9964,1.417,580.5,-0.09272,-74.59687,0.0,0,-1.0,-1.0,-1.0,-1.0
1791146882.3,1702970.5,329.6,9981.4,9916.5,472.0,493.4,473.2,85.83,276.26,-165.43,311.67,31745.4,289.407962,17998.6,2.6,21986.7,-598908.4,311539.2,0.9965,1.47,581.4,-0.09254,-74.59851,0.0,0,-1.0,-1.0,-1.0,-1.0
1791146882.8,1702970.8,330.1,10114.2,10049.3,476.6,497.6,477.8,85.8,276.25,-165.42,311.66,31560.88,281.95926,17535.4,2.64,22364.2,-598916.4,311723.9,0.9965,1.499,581.9,-0.09245,-74.59941,0.0,0,-1.0,-1.0,-1.0,-1.0
1791146883.3,1702971.3,330.6,10354.7,10289.8,485.0,505.4,486.3,85.74,276.23,-165.4,311.65,31231.16,268.962912,16727.1,2.7,23061.3,-598931.1,312065.1,0.9966,1.554,582.9,-0.09227,-74.60107,0.0,0,-1.0,-1.0,-1.0,-1.0
1791146883.8,1702971.8,331.1,10599.5,10534.6,493.8,513.6,495.2,85.68,276.21,-165.38,311.65,30900.39,256.350649,15942.7,2.76,23789.3,-598946.3,312421.5,0.9966,1.611,583.9,-0.09208,-74.60278,0.0,0,-1.0,-1.0,-1.0,-1.0
1791146884.3,1702972.3,331.6,10848.7,10782.2,502.9,522.0,504.3,85.63,276.19,-165.36,311.64,30567.26,244.113315,15181.7,2.83,24550.4,-598961.9,312794.2,0.9967,1.671,584.9,-0.09189,-74.60454,0.0,0,-1.0,-1.0,-1.0,-1.0
1791146884.81,1702972.8,332.1,11102.6,11035.0,512.3,530.8,513.8,85.57,276.17,-165.34,311.64,30230.78,232.247079,14443.7,2.9,25346.4,-598977.9,313184.2,0.9967,1.734,586.0,-0.0917,-74.60635,0.0,0,-1.0,-1.0,-1.0,-1.0
1791146885.31,1702973.3,332.6,11371.7,11304.2,522.5,540.3,524.1,85.51,276.15,-165.32,311.63,29876.28,220.298265,13700.6,2.97,26213.7,-598995.2,313609.3,0.9968,1.803,587.2,-0.09149,-74.6083,0.0,0,-1.0,-1.0,-1.0,-1.0
1791146885.81,1702973.8,333.1,11624.9,11557.4,532.2,549.5,533.9,85.46,276.13,-165.3,311.62,29543.51,209.620166,13036.5,3.05,27052.0,-599011.5,314020.2,0.9969,1.87,588.3,-0.0913,-74.61016,0.0,0,-1.0,-1.0,-1.0,-1.0
1791146886.31,1702974.3,333.6,11893.7,11826.2,542.7,559.3,544.5,85.4,276.11,-165.28,311.62,29189.31,198.851607,12366.8,3.12,27965.5,-599029.0,314468.2,0.9969,1.943,589.6,-0.09108,-74.61215,0.0,0,-1.0,-1.0,-1.0,-1.0
1791146886.81,1702974.8,334.1,12167.9,12100.4,553.6,569.6,555.4,85.35,276.09,-165.27,311.61,28824.9,188.438796,11719.2,3.19,28921.9,-599046.9,314937.5,0.997,2.019,590.9,-0.09087,-74.61421,0.0,0,-1.0,-1.0,-1.0,-1.0
1791146887.32,1702975.3,334.6,12447.6,12374.1,564.8,580.2,566.7,85.3,276.07,-165.25,311.6,28447.58,178.377192,11093.5,3.27,29922.8,-599065.3,315428.8,0.997,2.1,592.3,-0.09064,-74.61634,0.0,0,-1.0,-1.0,-1.0,-1.0
1791146887.82,1702975.8,335.1,12744.6,12649.6,576.9,591.6,578.9,85.24,276.06,-165.23,311.6,28038.67,168.283952,10465.8,3.34,31012.4,-599084.9,315963.8,0.9971,2.188,593.8,-0.0904,-74.61862,0.0,0,-1.0,-1.0,-1.0,-1.0
1791146888.32,1702976.3,335.7,13000.8,12905.8,587.3,601.5,589.4,85.19,276.04,-165.22,311.59,27676.91,160.037025,9952.9,3.4,31973.6,-599101.7,316435.9,0.9972,2.267,595.1,-0.09019,-74.62061,0.0,0,-1.0,-1.0,-1.0,-1.0
1791146888.82,1702976.8,336.2,13297.6,13230.0,599.5,613.1,601.7,85.14,276.02,-165.2,311.59,27245.17,150.988805,9390.2,3.46,33109.7,-599121.3,316994.2,0.9972,2.36,596.7,-0.08995,-74.62293,0.0,0,-1.0,-1.0,-1.0,-1.0
1791146889.32,1702977.3,336.7,13599.6,13532.0,602.8,616.2,605.0,85.09,276.0,-165.18,311.58,25996.21,142.306468,8850.2,1.17,33657.0,-599130.6,317263.2,0.9973,2.406,597.5,-0.0897,-74.62532,0.0,0,-1.0,-1.0,-1.0,-1.0
1791146889.83,1702977.8,337.2,13898.7,13816.4,594.1,607.7,596.4,85.05,275.93,-165.12,311.57,23838.41,134.188566,8345.3,0.82,33382.7,-599125.9,317128.4,0.9972,2.384,597.1,-0.08945,-74.62772,0.0,0,-1.0,-1.0,-1.0,-1.0
1791146890.33,1702978.3,337.7,14193.6,14126.0,585.8,599.6,588.0,85.0,275.91,-165.09,311.57,21889.83,126.635198,7875.6,0.75,33134.2,-599121.5,317006.4,0.9972,2.363,596.8,-0.0892,-74.6301,0.0,0,-1.0,-1.0,-1.0,-1.0
1791146890.83,1702978.8,338.2,14484.3,14416.7,577.7,591.8,579.9,84.94,275.92,-165.11,311.56,20126.69,119.603419,7438.3,0.69,32908.6,-599117.4,316895.6,0.9972,2.344,596.4,-0.08896,-74.63248,0.0,0,-1.0,-1.0,-1.0,-1.0
1791146891.33,1702979.3,338.7,14771.1,14703.5,569.9,584.2,572.1,84.88,275.92,-165.1,311.56,18527.81,113.053483,7030.9,0.64,32702.6,-599113.6,316794.5,0.9972,2.327,596.2,-0.08872,-74.63485,0.0,0,-1.0,-1.0,-1.0,-1.0
1791146891.83,1702979.8,339.2,15054.1,14986.5,562.3,576.8,564.6,84.83,275.88,-165.06,311.55,17075.08,106.948549,6651.3,0.6,32514.0,-599110.0,316702.0,0.9972,2.31,595.9,-0.08847,-74.63721,0.0,0,-1.0,-1.0,-1.0,-1.0
1791146892.34,1702980.3,339.7,15333.3,15265.6,554.9,569.7,557.2,84.78,275.84,-165.03,311.54,15752.72,101.254328,6297.1,0.56,32340.5,-599106.6,316617.0,0.9972,2.295,595.7,-0.08823,-74.63956,0.0,0,-1.0,-1.0,-1.0,-1.0
1791146892.84,1702980.8,340.2,15608.8,15541.1,547.7,562.7,550.0,84.72,275.83,-165.02,311.54,14546.93,95.938878,5966.6,0.52,32180.5,-599103.3,316538.6,0.9972,2.28,595.4,-0.08799,-74.64191,0.0,0,-1.0,-1.0,-1.0,-1.0
1791146893.34,1702981.2,340.7,15848.4,15759.1,541.2,556.5,543.6,84.65,275.85,-165.04,311.53,13558.01,91.551046,5693.7,0.55,32037.7,-599100.4,316468.7,0.9972,2.267,595.2,-0.08778,-74.64397,0.0,0,-1.0,-1.0,-1.0,-1.0
1791146893.84,1702981.7,341.2,16117.0,16031.8,533.6,549.1,536.0,84.57,275.9,-165.09,311.53,12503.33,86.840275,5402.8,0.61,31855.0,-599096.5,316379.2,0.9971,2.25,595.0,-0.08755,-74.64631,0.0,0,-1.0,-1.0,-1.0,-1.0
1791146894.34,1702982.2,341.7,16381.9,16292.1,526.2,541.9,528.5,84.51,275.88,-165.07,311.52,11528.64,82.342291,5130.7,0.57,31685.7,-599092.9,316296.4,0.9971,2.235,594.8,-0.08731,-74.64864,0.0,0,-1.0,-1.0,-1.0,-1.0
1791146894.84,1702982.7,342.2,16643.0,16557.7,518.9,534.9,521.3,84.46,275.82,-165.01,311.51,10640.63,78.13571,4875.9,0.54,31528.5,-599089.4,316219.6,0.9971,2.22,594.5,-0.08708,-74.65096,0.0,0,-1.0,-1.0,-1.0,-1.0
1791146895.35,1702983.2,342.7,16900.6,16832.8,511.7,528.0,514.2,84.41,275.77,-164.96,311.51,9809.84,74.195482,4636.8,0.51,31382.5,-599086.0,316148.2,0.9971,2.205,594.3,-0.08684,-74.65328,0.0,0,-1.0,-1.0,-1.0,-1.0
1791146895.85,1702983.7,343.2,17154.6,17086.8,504.7,521.3,507.2,84.34,275.76,-164.96,311.5,9070.7,70.502186,4412.4,0.48,31246.6,-599082.8,316081.9,0.9971,2.191,594.1,-0.08661,-74.65559,0.0,0,-1.0,-1.0,-1.0,-1.0
1791146896.35,1702984.2,343.7,17415.2,17347.4,497.6,514.4,500.1,84.29,277.32,-166.51,311.5,8385.34,66.905767,4193.5,0.46,31114.9,-599079.6,316017.6,0.9971,2.176,594.0,-0.08637,-74.65799,0.0,0,-1.0,-1.0,-1.0,-1.0
1791146896.85,1702984.7,344.2,17662.1,17594.3,490.5,507.6,493.0,79.41,349.06,122.24,311.49,7753.33,63.668268,3996.2,0.55,30973.8,-599074.0,315949.9,0.9971,2.308,593.8,-0.08612,-74.66028,0.0,0,-1.0,-1.0,-1.0,-1.0
1791146897.35,1702985.2,344.7,17905.2,17837.3,482.0,499.9,484.5,68.22,6.36,105.52,311.48,7131.87,60.638843,3811.3,1.06,30764.4,-599051.7,315856.3,0.997,3.458,593.5,-0.0858,-74.66253,0.0,0,-1.0,-1.0,-1.0,-1.0
1791146897.86,1702985.7,345.2,18143.8,18075.9,472.7,491.5,475.2,71.94,2.74,108.98,311.48,6539.48,57.809399,3638.4,1.24,30513.5,-599021.8,315745.8,0.9969,4.888,593.2,-0.08535,-74.66472,0.0,0,-1.0,-1.0,-1.0,-1.0
1791146898.36,1702986.2,345.7,18378.2,18313.1,465.4,484.6,467.8,83.93,306.62,164.41,311.47,6047.6,55.163414,3476.4,0.59,30366.5,-599008.4,315679.0,0.9969,5.415,593.0,-0.0848,-74.66686,0.0,0,-1.0,-1.0,-1.0,-1.0
1791146898.86,1702986.7,346.2,18609.1,18544.3,458.5,478.0,461.0,75.99,239.08,-128.43,311.47,5609.06,52.681053,3324.3,0.5,30251.1,-599009.7,315620.7,0.9969,5.158,592.8,-0.08424,-74.66899,0.0,0,-1.0,-1.0,-1.0,-1.0
1791146899.36,1702987.2,346.7,18836.5,18771.6,451.1,470.7,453.7,73.45,249.15,-138.04,311.46,5191.64,50.35257,3181.5,0.62,30106.0,-599019.2,315543.4,0.9969,4.715,592.6,-0.0837,-74.67113,0.0,0,-1.0,-1.0,-1.0,-1.0
1791146899.86,1702987.7,347.2,19060.5,18995.7,448.0,467.1,450.7,74.76,266.26,-154.4,311.45,4901.0,48.16426,3047.1,0.67,30176.3,-599046.0,315565.2,0.997,4.453,592.7,-0.0832,-74.67331,0.0,0,-1.0,-1.0,-1.0,-1.0
1791146900.36,1702988.2,347.7,19285.7,19220.9,452.6,470.7,455.7,76.82,292.87,179.88,311.45,4793.33,46.067038,2918.1,2.02,30646.4,-599092.5,315777.0,0.9971,4.769,593.3,-0.08271,-74.67563,0.0,0,-1.0,-1.0,-1.0,-1.0
1791146900.87,1702988.7,348.2,19513.3,19448.5,457.6,474.9,460.9,77.74,322.1,151.45,311.44,4688.2,44.045983,2793.6,2.03,31134.7,-599119.4,316007.7,0.9972,5.744,593.9,-0.08216,-74.67808,0.0,0,-1.0,-1.0,-1.0,-1.0
1791146901.37,1702989.2,348.7,19743.4,19678.5,462.5,479.6,466.0,78.26,346.22,127.97,311.44,4581.09,42.09884,2673.6,2.05,31632.6,-599123.4,316254.6,0.9972,7.119,594.6,-0.0815,-74.68059,0.0,0,-1.0,-1.0,-1.0,-1.0
1791146901.87,1702989.7,349.2,19985.3,19920.5,467.8,485.0,471.4,79.64,3.03,111.61,311.43,4469.2,40.149421,2553.2,2.08,32163.3,-599109.2,316527.1,0.9972,8.539,595.4,-0.08067,-74.68321,0.0,0,-1.0,-1.0,-1.0,-1.0
1791146902.38,1702990.2,349.7,20192.2,20127.4,472.5,489.7,476.0,79.34,339.71,134.7,311.42,4377.99,38.557863,2454.9,2.1,32628.2,-599097.2,316765.5,0.9971,9.575,596.1,-0.07984,-74.68542,0.0,0,-1.0,-1.0,-1.0,-1.0
1791146902.88,1702990.7,350.2,20429.9,20365.0,478.0,494.8,481.8,74.63,305.4,168.39,311.42,4280.92,36.810404,2346.7,2.13,33172.1,-599110.0,317031.0,0.9972,10.74,596.8,-0.0788,-74.68795,0.0,0,-1.0,-1.0,-1.0,-1.0
1791146903.38,1702991.2,350.7,20670.1,20605.2,482.7,498.3,487.2,65.97,298.03,175.6,311.41,4176.94,35.126365,2242.4,2.18,33680.4,-599163.8,317258.3,0.9974,12.215,597.5,-0.07764,-74.69062,0.0,0,-1.0,-1.0,-1.0,-1.0
1791146903.88,1702991.7,351.2,20912.5,20847.6,486.5,500.6,491.9,61.02,298.56,175.21,311.41,4061.72,33.505477,2141.8,2.25,34135.7,-599235.3,317450.2,0.9976,14.497,598.0,-0.07635,-74.69355,0.0,0,-1.0,-1.0,-1.0,-1.0
1791146904.38,1702992.2,351.7,21156.6,21091.7,489.9,502.6,496.5,61.57,295.95,177.56,311.4,3946.14,31.945797,2044.9,2.3,34578.8,-599308.6,317635.1,0.9978,17.171,598.5,-0.0749,-74.69679,0.0,0,-1.0,-1.0,-1.0,-1.0
1791146904.88,1702992.7,352.2,21402.7,21337.8,494.4,506.0,502.1,72.71,291.4,-178.24,311.4,3837.9,30.443305,1951.3,2.26,35089.0,-599364.9,317862.1,0.998,19.386,599.2,-0.07331,-74.70033,0.0,0,-1.0,-1.0,-1.0,-1.0
1791146905.39,1702993.2,352.7,21661.7,21596.8,501.2,512.4,508.9,85.5,106.14,6.79,311.39,3755.02,28.936344,1857.4,2.28,35743.1,-599375.1,318184.0,0.998,19.635,600.1,-0.07159,-74.70416,0.0,0,-1.0,-1.0,-1.0,-1.0
1791146905.89,1702993.7,353.2,21913.8,21848.9,506.8,518.9,513.6,71.77,100.08,12.69,311.39,3640.1,27.539477,1770.2,2.37,36336.3,-599323.0,318506.6,0.9979,18.003,601.0,-0.06998,-74.70775,0.0,0,-1.0,-1.0,-1.0,-1.0
1791146906.39,1702994.2,353.7,22168.5,22103.6,511.9,525.2,517.5,72.74,95.18,17.35,311.38,3515.96,26.195833,1686.2,2.45,36903.8,-599245.5,318829.2,0.9976,16.198,601.9,-0.06843,-74.71107,0.0,0,-1.0,-1.0,-1.0,-1.0
1791146906.89,1702994.7,354.2,22426.0,22361.1,517.9,532.0,522.8,84.33,69.79,42.4,311.38,3411.49,24.904283,1605.4,2.35,37532.3,-599187.5,319172.4,0.9975,15.268,602.9,-0.06694,-74.71413,0.0,0,-1.0,-1.0,-1.0,-1.0
1791146907.4,1702995.2,354.7,22686.7,22621.8,524.9,539.1,529.7,88.66,356.35,115.73,311.37,3327.32,23.66212,1527.5,2.38,38230.4,-599173.5,319528.5,0.9974,15.291,603.9,-0.06546,-74.71706,0.0,0,-1.0,-1.0,-1.0,-1.0
1791146907.9,1702995.7,355.2,22951.0,22886.2,532.1,546.3,536.6,82.13,119.38,-7.29,311.37,3241.8,22.467876,1452.5,2.41,38945.0,-599156.4,319894.3,0.9974,14.8,604.9,-0.064,-74.71994,0.0,0,-1.0,-1.0,-1.0,-1.0
1791146908.4,1702996.2,355.7,23218.8,23153.9,538.8,553.6,542.7,75.56,96.5,15.04,311.36,3140.95,21.321849,1380.5,2.47,39647.9,-599108.5,320269.7,0.9972,13.645,606.0,-0.06258,-74.72269,0.0,0,-1.0,-1.0,-1.0,-1.0
1791146908.9,1702996.7,356.2,23500.6,23435.7,544.6,560.9,547.9,62.99,69.86,40.0,311.36,3036.14,20.182233,1308.7,2.51,40319.5,-599008.0,320655.8,0.9969,13.112,607.1,-0.06113,-74.72529,0.0,0,-1.0,-1.0,-1.0,-1.0
1791146909.4,1702997.2,356.7,23774.0,23709.1,548.8,567.2,551.4,58.69,63.15,45.75,311.35,2916.61,19.138352,1242.9,2.58,40879.2,-598868.1,321005.6,0.9965,13.496,608.1,-0.05966,-74.72743,0.0,0,-1.0,-1.0,-1.0,-1.0
1791146909.91,1702997.7,357.2,24049.6,23984.7,553.5,573.9,555.8,65.46,70.59,39.07,311.34,2808.92,18.144665,1180.1,2.56,41482.8,-598730.3,321376.2,0.996,13.825,609.1,-0.05806,-74.7292,0.0,0,-1.0,-1.0,-1.0,-1.0
1791146910.41,1702998.2,357.7,24327.8,24263.0,559.4,581.4,561.2,67.54,100.56,11.52,311.34,2715.0,17.198058,1120.2,2.59,42166.8,-598609.4,321778.7,0.9957,13.226,610.3,-0.0564,-74.73063,0.0,0,-1.0,-1.0,-1.0,-1.0
1791146910.91,1702998.7,358.2,24609.1,24544.3,565.4,588.9,566.8,66.1,123.65,-9.68,311.33,2623.74,16.296011,1063.1,2.64,42870.3,-598503.7,322183.3,0.9954,11.594,611.4,-0.05482,-74.73174,0.0,0,-1.0,-1.0,-1.0,-1.0
1791146911.41,1702999.2,358.7,24882.0,24817.0,571.5,596.1,572.4,69.84,113.32,-0.02,311.32,2540.75,15.470405,1010.8,2.64,43569.4,-598409.8,322579.8,0.9951,10.016,612.6,-0.05344,-74.73254,0.0,0,-1.0,-1.0,-1.0,-1.0
1791146911.91,1702999.7,359.2,25181.1,25115.3,578.4,604.5,579.1,63.68,87.34,24.11,311.31,2457.16,14.618453,956.6,2.65,44362.4,-598285.1,323038.7,0.9947,9.175,613.9,-0.05207,-74.7331,0.0,0,-1.0,-1.0,-1.0,-1.0
1791146912.42,1703000.2,359.7,25471.6,25406.0,583.8,612.2,584.5,58.22,79.02,31.35,311.31,2369.55,13.839853,907.1,2.69,45053.8,-598111.6,323471.1,0.9942,8.935,615.1,-0.05077,-74.7333,0.0,0,-1.0,-1.0,-1.0,-1.0
1791146912.92,1703000.7,360.2,25764.8,25698.9,588.7,619.8,589.5,55.36,82.7,28.27,311.3,2281.01,13.095527,860.0,2.73,45719.3,-597911.5,323903.9,0.9936,8.806,616.3,-0.04943,-74.73309,0.0,0,-1.0,-1.0,-1.0,-1.0
1791146913.42,1703001.2,360.7,26060.3,25994.0,593.4,627.3,594.4,55.81,91.71,20.89,311.29,2188.6,12.357333,815.2,2.75,46380.7,-597695.5,324342.6,0.9929,8.357,617.6,-0.04808,-74.73244,0.0,0,-1.0,-1.0,-1.0,-1.0
1791146913.92,1703001.7,361.2,26358.5,26291.2,599.0,635.4,600.3,61.29,95.23,17.95,311.28,2100.19,11.656889,772.4,2.77,47107.5,-597489.9,324808.8,0.9923,7.702,618.9,-0.04675,-74.73138,0.0,0,-1.0,-1.0,-1.0,-1.0
1791146914.42,1703002.2,361.8,26659.7,26591.2,605.8,644.2,607.4,63.72,102.08,11.83,311.27,2031.63,10.990176,731.5,2.77,47931.0,-597314.5,325308.2,0.9917,7.089,620.3,-0.04549,-74.72994,0.0,0,-1.0,-1.0,-1.0,-1.0
1791146914.92,1703002.7,362.3,26964.3,26896.7,612.4,653.0,614.4,60.53,108.04,6.56,311.26,1958.22,10.353783,692.3,2.82,48758.9,-597130.0,325814.4,0.9912,6.205,621.8,-0.04431,-74.72816,0.0,0,-1.0,-1.0,-1.0,-1.0
1791146915.43,1703003.2,362.8,27284.6,27218.9,619.2,662.2,621.7,57.77,102.24,11.56,311.25,1882.16,9.722912,653.2,2.85,49619.3,-596917.1,326351.1,0.9906,5.307,623.3,-0.04322,-74.72594,0.0,0,-1.0,-1.0,-1.0,-1.0
1791146915.93,1703003.7,363.3,27595.7,27532.4,625.1,670.9,628.3,53.82,95.77,16.91,311.24,1807.84,9.146954,617.3,2.87,50412.4,-596670.1,326871.2,0.9898,4.679,624.8,-0.04227,-74.7234,0.0,0,-1.0,-1.0,-1.0,-1.0
1791146916.43,1703004.2,363.8,27909.6,27852.6,630.1,679.3,634.2,49.27,94.5,17.9,311.23,1731.77,8.601043,583.2,2.88,51150.8,-596380.6,327385.1,0.9889,4.192,626.3,-0.04139,-74.72042,0.0,0,-1.0,-1.0,-1.0,-1.0
1791146916.93,1703004.7,364.3,28187.8,28136.0,634.3,686.7,639.5,50.77,94.87,17.62,311.21,1666.66,8.145216,554.5,2.9,51795.8,-596107.3,327844.2,0.9881,3.803,627.6,-0.04067,-74.71741,0.0,0,-1.0,-1.0,-1.0,-1.0
1791146917.44,1703005.2,364.8,28506.3,28460.2,639.6,695.6,646.1,50.93,99.9,13.73,311.2,1597.93,7.654185,523.5,2.93,52578.3,-595794.7,328391.8,0.9872,3.316,629.2,-0.03992,-74.71355,0.0,0,-1.0,-1.0,-1.0,-1.0
1791146917.94,1703005.7,365.3,28827.7,28827.7,645.5,704.8,653.2,54.44,101.53,12.52,311.19,1533.83,7.190587,494.1,2.96,53410.7,-595486.4,328962.1,0.9863,2.705,630.8,-0.03925,-74.70924,0.0,0,-1.0,-1.0,-1.0,-1.0
1791146918.44,1703006.2,365.8,29152.0,29152.0,651.8,714.4,660.9,52.44,87.39,23.89,311.18,1473.85,6.753201,466.2,2.96,54287.8,-595170.1,329558.8,0.9853,2.398,632.5,-0.03867,-74.70449,0.0,0,-1.0,-1.0,-1.0,-1.0
1791146918.94,1703006.7,366.3,29479.4,29479.4,657.3,723.8,668.2,44.28,82.17,27.92,311.16,1413.54,6.341294,439.9,2.98,55115.8,-594807.1,330154.3,0.9843,2.504,634.3,-0.03809,-74.69929,0.0,0,-1.0,-1.0,-1.0,-1.0
1791146919.44,1703007.2,366.8,29808.9,29808.9,660.7,732.1,673.8,37.25,83.32,27.16,311.15,1349.09,5.954681,415.0,3.01,55788.5,-594366.9,330710.8,0.983,2.666,635.9,-0.03745,-74.69357,0.0,0,-1.0,-1.0,-1.0,-1.0
1791146919.94,1703007.7,367.3,30140.0,30140.0,663.4,740.2,679.1,38.21,87.51,24.64,311.13,1286.16,5.592886,391.6,3.03,56410.6,-593887.6,331261.5,0.9815,2.723,637.5,-0.03676,-74.6873,0.0,0,-1.0,-1.0,-1.0,-1.0
1791146920.44,1703008.2,367.8,30472.6,30472.5,666.8,748.9,685.1,38.75,96.76,18.87,311.12,1229.13,5.254531,369.7,3.05,57093.5,-593399.0,331847.3,0.9801,2.496,639.1,-0.03607,-74.68045,0.0,0,-1.0,-1.0,-1.0,-1.0
1791146920.95,1703008.7,368.3,30806.9,30806.9,670.6,757.8,691.6,41.09,102.12,15.51,311.1,1176.14,4.937988,349.0,3.08,57810.9,-592906.5,332452.2,0.9787,1.987,640.9,-0.03546,-74.67305,0.0,0,-1.0,-1.0,-1.0,-1.0
1791146921.45,1703009.2,368.8,31143.6,31143.6,675.8,767.7,699.4,47.62,104.38,13.97,311.09,1127.08,4.641504,329.6,3.13,58658.2,-592432.0,333113.1,0.9773,1.453,642.8,-0.03498,-74.66512,0.0,0,-1.0,-1.0,-1.0,-1.0
1791146921.95,1703009.7,369.3,31483.1,31483.1,682.2,778.2,708.3,47.99,109.82,9.93,311.07,1088.46,4.363249,311.3,3.16,59615.9,-591983.2,333816.3,0.976,0.882,644.8,-0.03464,-74.6567,0.0,0,-1.0,-1.0,-1.0,-1.0
1791146922.45,1703010.2,369.8,31812.1,31812.1,688.3,788.4,716.9,48.06,106.44,12.44,311.05,1050.13,4.111945,294.7,3.18,60548.0,-591536.2,334505.9,0.9747,0.305,646.8,-0.03448,-74.64819,0.0,0,-1.0,-1.0,-1.0,-1.0
1791146922.95,1703010.7,370.3,32158.0,32158.0,695.1,799.5,726.4,49.48,97.08,19.53,311.04,1012.78,3.865377,278.4,3.19,61570.5,-591051.7,335259.4,0.9733,0.081,649.0,-0.03444,-74.63886,0.0,0,-1.0,-1.0,-1.0,-1.0
1791146923.45,1703011.2,370.8,32507.3,32507.3,702.1,810.9,736.2,48.32,89.62,25.18,311.02,977.08,3.632976,262.9,3.2,62624.9,-590543.6,336040.6,0.9719,0.177,651.3,-0.03448,-74.62907,0.0,0,-1.0,-1.0,-1.0,-1.0
1791146923.96,1703011.7,371.3,32860.1,32860.1,708.6,822.2,745.8,44.85,86.9,27.16,311.0,941.66,3.413463,248.2,3.23,63657.8,-589989.4,336834.2,0.9703,0.131,653.6,-0.03453,-74.61878,0.0,0,-1.0,-1.0,-1.0,-1.0
1791146924.46,1703012.2,371.8,33216.0,33216.0,714.9,833.7,755.5,44.62,89.74,25.16,310.98,906.77,3.205539,234.2,3.26,64685.1,-589396.2,337644.5,0.9686,0.08,656.0,-0.03456,-74.60799,0.0,0,-1.0,-1.0,-1.0,-1.0
1791146924.96,1703012.7,372.3,33575.1,33575.1,721.3,845.2,765.3,44.54,95.3,21.28,310.96,872.67,3.007746,220.9,3.3,65733.8,-588776.0,338478.9,0.9668,0.158,658.4,-0.0346,-74.59667,0.0,0,-1.0,-1.0,-1.0,-1.0
1791146925.46,1703013.2,372.8,33937.5,33937.5,728.0,857.1,775.6,46.7,98.81,18.81,310.94,839.69,2.819472,208.0,3.33,66837.3,-588150.2,339343.6,0.9651,0.373,660.9,-0.0347,-74.58483,0.0,0,-1.0,-1.0,-1.0,-1.0
1791146925.96,1703013.7,373.3,34303.5,34303.5,735.6,869.4,786.5,48.76,96.15,20.85,310.92,808.41,2.641061,195.8,3.35,68032.3,-587539.8,340246.3,0.9634,0.595,663.6,-0.03487,-74.57248,0.0,0,-1.0,-1.0,-1.0,-1.0
1791146926.46,1703014.2,373.8,34673.2,34673.2,743.1,881.8,797.6,45.59,90.28,25.17,310.9,777.72,2.472215,184.2,3.38,69242.6,-586892.0,341175.3,0.9616,0.666,666.3,-0.03511,-74.55965,0.0,0,-1.0,-1.0,-1.0,-1.0
1791146926.96,1703014.7,374.3,35046.5,35046.5,749.9,894.2,808.4,42.38,87.7,26.95,310.88,747.02,2.31279,173.2,3.41,70408.6,-586175.5,342116.5,0.9596,0.625,669.0,-0.03535,-74.54629,0.0,0,-1.0,-1.0,-1.0,-1.0
1791146927.47,1703015.2,374.8,35423.2,35423.2,756.4,906.6,819.2,42.21,86.47,27.78,310.85,717.01,2.162619,162.8,3.44,71571.7,-585414.5,343078.6,0.9575,0.535,671.9,-0.03557,-74.53238,0.0,0,-1.0,-1.0,-1.0,-1.0
1791146927.97,1703015.7,375.3,35803.1,35803.1,763.2,919.3,830.3,43.62,86.92,27.49,310.83,686.41,2.021397,152.9,3.47,72781.2,-584633.4,344073.9,0.9553,0.437,674.8,-0.03577,-74.51791,0.0,0,-1.0,-1.0,-1.0,-1.0
1791146928.47,1703016.2,375.8,36202.1,36202.1,771.0,932.8,842.5,44.99,89.64,25.59,310.81,660.08,1.883606,143.2,3.5,74127.6,-583819.0,345154.3,0.9531,0.391,678.0,-0.03594,-74.50229,0.0,0,-1.0,-1.0,-1.0,-1.0
1791146928.97,1703016.7,376.3,36589.5,36589.5,778.5,946.1,854.4,42.92,87.99,26.73,310.78,633.93,1.759471,134.5,3.53,75448.8,-582999.7,346224.6,0.9509,0.355,681.1,-0.0361,-74.48671,0.0,0,-1.0,-1.0,-1.0,-1.0
1791146929.47,1703017.2,376.8,36980.6,36980.6,785.6,959.4,866.2,40.27,89.12,25.99,310.76,608.49,1.643229,126.2,3.57,76760.5,-582123.0,347318.8,0.9485,0.302,684.4,-0.03623,-74.47057,0.0,0,-1.0,-1.0,-1.0,-1.0
1791146929.98,1703017.7,377.3,37375.1,37375.1,792.1,972.6,877.9,37.65,91.44,24.51,310.73,583.64,1.534603,118.5,3.6,78030.6,-581168.7,348431.0,0.946,0.316,687.7,-0.03637,-74.45385,0.0,0,-1.0,-1.0,-1.0,-1.0
1791146930.48,1703018.2,377.8,37772.7,37772.7,798.2,985.9,889.6,36.58,90.77,24.91,310.71,559.68,1.433276,111.2,3.64,79284.3,-580151.3,349566.5,0.9432,0.344,691.0,-0.03652,-74.43651,0.0,0,-1.0,-1.0,-1.0,-1.0
1791146930.98,1703018.7,378.3,38173.5,38173.5,804.4,999.4,901.5,37.06,90.81,24.88,310.68,537.5,1.343863,104.4,3.67,80576.3,-579096.1,350740.1,0.9404,0.358,694.5,-0.03668,-74.41854,0.0,0,-1.0,-1.0,-1.0,-1.0
1791146931.48,1703019.1,378.8,38528.7,38528.7,810.1,1011.5,912.3,36.16,92.8,23.69,310.66,520.79,1.27154,98.8,3.7,81748.1,-578136.3,351805.9,0.9379,0.389,697.7,-0.03683,-74.40221,0.0,0,-1.0,-1.0,-1.0,-1.0
1791146931.99,1703019.6,379.3,38951.6,38951.7,816.5,1025.9,925.1,35.02,96.18,21.72,310.63,502.94,1.191332,92.6,3.74,83130.4,-576942.3,353094.1,0.9347,0.502,701.5,-0.03705,-74.38226,0.0,0,-1.0,-1.0,-1.0,-1.0
1791146932.49,1703020.1,379.8,39361.4,39361.4,822.5,1039.9,937.5,34.44,95.29,22.21,310.6,485.26,1.119231,87.0,3.78,84471.9,-575738.1,354366.9,0.9315,0.644,705.3,-0.03734,-74.36242,0.0,0,-1.0,-1.0,-1.0,-1.0
1791146932.99,1703020.6,380.3,39774.2,39774.2,828.2,1053.9,950.0,30.43,96.07,21.77,310.57,468.19,1.051659,81.7,3.82,85811.5,-574467.8,355671.9,0.9282,0.774,709.2,-0.0377,-74.34192,0.0,0,-1.0,-1.0,-1.0,-1.0
1791146933.49,1703021.1,380.8,40189.4,40189.4,832.5,1067.5,961.8,25.23,94.28,22.57,310.54,450.94,0.988258,76.8,3.85,87001.4,-573071.2,356965.1,0.9246,0.897,713.1,-0.03813,-74.32072,0.0,0,-1.0,-1.0,-1.0,-1.0
1791146933.99,1703021.6,381.3,40606.4,40606.4,835.6,1080.8,973.1,22.6,91.83,23.53,310.51,433.81,0.928656,72.1,3.89,88084.5,-571569.3,358257.6,0.9206,0.969,716.9,-0.03862,-74.29878,0.0,0,-1.0,-1.0,-1.0,-1.0
1791146934.49,1703022.1,381.8,41024.9,41024.9,838.3,1094.1,984.5,22.78,89.25,24.5,310.48,417.14,0.872403,67.8,3.93,89145.5,-569988.1,359578.7,0.9165,0.955,720.9,-0.03914,-74.27608,0.0,0,-1.0,-1.0,-1.0,-1.0
1791146935.0,1703022.7,382.3,41445.0,41445.0,841.8,1108.1,996.7,26.16,88.23,24.92,310.45,402.86,0.822269,63.6,3.97,90318.3,-568366.9,360975.7,0.9124,0.903,725.1,-0.03966,-74.25262,0.0,0,-1.0,-1.0,-1.0,-1.0
1791146935.5,1703023.1,382.8,41867.1,41867.1,846.4,1122.8,1009.8,27.89,89.48,24.34,310.42,389.76,0.775034,59.6,4.0,91645.1,-566722.5,362461.3,0.9082,0.852,729.6,-0.04016,-74.22841,0.0,0,-1.0,-1.0,-1.0,-1.0
1791146936.0,1703023.7,383.3,42291.6,42291.6,851.5,1138.0,1023.4,28.67,91.02,23.61,310.38,375.72,0.729143,55.8,4.04,93060.0,-565030.3,364014.8,0.9039,0.849,734.3,-0.04065,-74.20345,0.0,0,-1.0,-1.0,-1.0,-1.0
1791146936.5,1703024.2,383.8,42718.8,42718.8,857.1,1153.6,1037.6,29.58,91.78,23.23,310.35,362.89,0.685217,52.2,4.09,94567.7,-563292.1,365637.8,0.8996,0.86,739.2,-0.04116,-74.17774,0.0,0,-1.0,-1.0,-1.0,-1.0
1791146937.0,1703024.7,384.3,43148.9,43148.9,862.9,1169.5,1052.1,28.36,94.51,21.88,310.31,350.27,0.643356,48.7,4.13,96129.2,-561488.9,367320.2,0.8952,0.909,744.3,-0.04169,-74.1513,0.0,0,-1.0,-1.0,-1.0,-1.0
1791146937.51,1703025.2,384.8,43599.1,43599.1,868.5,1186.1,1067.2,27.11,96.54,20.91,310.28,338.05,0.601983,45.3,4.17,97743.8,-559515.7,369114.0,0.8903,1.032,749.8,-0.04232,-74.12299,0.0,0,-1.0,-1.0,-1.0,-1.0
1791146938.01,1703025.7,385.3,44034.7,44034.7,873.7,1202.2,1081.9,26.47,94.56,21.78,310.24,325.62,0.56425,42.2,4.22,99309.2,-557524.5,370892.3,0.8855,1.145,755.2,-0.04301,-74.09499,0.0,0,-1.0,-1.0,-1.0,-1.0
1791146938.51,1703026.2,385.8,44472.8,44472.8,878.8,1218.5,1096.8,25.13,90.23,23.67,310.21,313.44,0.528485,39.3,4.26,100907.0,-555439.7,372733.7,0.8804,1.174,760.8,-0.04376,-74.06621,0.0,0,-1.0,-1.0,-1.0,-1.0
1791146939.01,1703026.7,386.3,44913.4,44913.4,883.4,1234.9,1111.7,23.49,88.08,24.53,310.17,301.36,0.494647,36.6,4.3,102468.6,-553237.2,374615.7,0.8752,1.123,766.6,-0.04452,-74.03663,0.0,0,-1.0,-1.0,-1.0,-1.0
1791146939.51,1703027.2,386.8,45356.3,45356.3,888.0,1251.5,1126.9,24.67,88.45,24.37,310.13,289.63,0.462686,34.0,4.35,104082.7,-550946.1,376568.3,0.8697,1.06,772.6,-0.04526,-74.00623,0.0,0,-1.0,-1.0,-1.0,-1.0
1791146940.01,1703027.7,387.3,45801.7,45801.7,893.3,1268.7,1142.7,25.95,89.66,23.84,310.09,277.62,0.432523,31.6,4.4,105823.1,-548588.6,378617.3,0.8642,1.017,778.9,-0.04598,-73.97502,0.0,0,-1.0,-1.0,-1.0,-1.0
1791146940.52,1703028.2,387.8,46267.8,46267.8,899.6,1287.1,1159.8,28.73,91.03,23.21,310.05,267.18,0.402963,29.3,4.44,107805.0,-546081.0,380862.0,0.8584,1.003,785.9,-0.04672,-73.9417,0.0,0,-1.0,-1.0,-1.0,-1.0
1791146941.02,1703028.7,388.4,46719.5,46719.5,907.0,1305.5,1177.2,31.88,92.76,22.32,310.01,256.9,0.376174,27.1,4.49,109946.6,-543654.6,383146.0,0.8529,1.019,792.9,-0.04744,-73.90884,0.0,0,-1.0,-1.0,-1.0,-1.0
1791146941.52,1703029.2,388.9,47175.2,47175.2,915.3,1324.3,1195.1,32.04,96.33,20.38,309.96,246.97,0.350884,25.2,4.54,112283.8,-541200.6,385541.6,0.8475,1.083,800.4,-0.04821,-73.87521,0.0,0,-1.0,-1.0,-1.0,-1.0
1791146942.02,1703029.7,389.4,47634.8,47634.8,922.6,1343.0,1212.8,25.25,102.59,17.31,309.92,237.01,0.327019,23.3,4.6,114543.5,-538580.5,387981.5,0.8417,1.252,808.0,-0.04908,-73.84079,0.0,0,-1.0,-1.0,-1.0,-1.0
1791146942.53,1703030.2,389.9,48097.3,48097.3,927.2,1360.8,1229.3,17.62,105.01,16.35,309.88,226.74,0.304545,21.6,4.65,116460.1,-535711.7,390374.2,0.8353,1.528,815.5,-0.05014,-73.80554,0.0,0,-1.0,-1.0,-1.0,-1.0
1791146943.03,1703030.7,390.4,48561.8,48561.8,931.0,1378.5,1245.7,24.24,102.5,17.23,309.83,216.65,0.283401,19.9,4.7,118330.3,-532688.0,392821.2,0.8286,1.806,823.2,-0.05144,-73.76943,0.0,0,-1.0,-1.0,-1.0,-1.0
1791146943.53,1703031.2,390.9,49029.3,49029.3,939.1,1398.2,1264.5,34.24,93.56,21.74,309.79,207.52,0.263429,18.4,4.75,120925.6,-529764.7,395580.4,0.8225,1.934,831.9,-0.05293,-73.73247,0.0,0,-1.0,-1.0,-1.0,-1.0
1791146944.03,1703031.7,391.4,49501.4,49501.4,948.8,1418.7,1284.3,31.76,89.23,24.13,309.74,198.63,0.244462,17.0,4.81,123850.4,-526831.8,398509.3,0.8164,1.918,841.1,-0.05448,-73.69471,0.0,0,-1.0,-1.0,-1.0,-1.0
1791146944.53,1703032.2,391.9,49977.8,49977.8,956.5,1439.0,1303.6,24.11,88.21,24.56,309.7,189.6,0.226502,15.6,4.86,126588.0,-523597.1,401495.4,0.8097,1.855,850.6,-0.05603,-73.65612,0.0,0,-1.0,-1.0,-1.0,-1.0
1791146945.03,1703032.7,392.4,50457.5,50457.5,961.9,1458.8,1322.2,20.09,86.09,25.29,309.65,180.47,0.209586,14.4,4.92,129047.9,-520047.9,404500.0,0.8023,1.764,860.1,-0.05754,-73.61663,0.0,0,-1.0,-1.0,-1.0,-1.0
1791146945.54,1703033.2,392.9,50959.2,50959.2,967.8,1479.7,1341.9,25.09,83.33,26.26,309.6,171.25,0.193096,13.1,4.98,131753.4,-516236.7,407758.3,0.7946,1.6,870.6,-0.05902,-73.57459,0.0,0,-1.0,-1.0,-1.0,-1.0
1791146946.13,1703033.7,393.5,51464.7,51464.7,975.9,1501.7,1362.9,27.01,87.89,24.18,309.55,162.54,0.177673,12.0,5.05,134947.3,-512407.8,411269.7,0.787,1.467,881.8,-0.0604,-73.53156,0.0,0,-1.0,-1.0,-1.0,-1.0
1791146946.64,1703034.2,394.0,51954.7,51954.7,983.8,1523.2,1383.6,25.65,90.88,22.82,309.49,154.42,0.163807,11.0,5.11,138172.9,-508539.9,414816.5,0.7795,1.436,893.3,-0.06168,-73.48927,0.0,0,-1.0,-1.0,-1.0,-1.0
1791146947.14,1703034.7,394.5,52427.1,52427.1,982.8,1525.4,1385.4,24.2,92.09,22.29,309.45,143.06,0.151399,10.1,0.23,138788.9,-507752.1,415518.4,0.778,1.437,895.5,-0.06291,-73.44811,0.0,0,-1.0,-1.0,-1.0,-1.0
1791146947.64,1703035.2,395.0,52917.6,52917.6,979.6,1522.5,1382.3,23.21,93.14,21.84,309.39,131.17,0.13946,9.2,0.04,138753.5,-507770.1,415491.7,0.778,1.438,895.4,-0.0642,-73.4053,0.0,0,-1.0,-1.0,-1.0,-1.0
1791146948.14,1703035.7,395.5,53406.6,53406.6,976.3,1519.7,1379.2,22.79,94.02,21.48,309.34,120.27,0.128462,8.4,0.04,138720.7,-507786.5,415467.1,0.778,1.439,895.4,-0.06548,-73.36257,0.0,0,-1.0,-1.0,-1.0,-1.0
1791146948.64,1703036.2,396.0,53893.9,53893.9,973.1,1516.9,1376.1,18.49,83.67,25.09,309.29,110.28,0.118338,7.7,0.03,138689.5,-507802.5,415443.5,0.7781,1.439,895.3,-0.06676,-73.31992,0.0,0,-1.0,-1.0,-1.0,-1.0
1791146949.14,1703036.7,396.5,54379.6,54379.7,969.9,1514.1,1373.1,17.45,80.56,26.03,309.24,101.14,0.109022,7.0,0.04,138657.6,-507819.5,415419.0,0.7781,1.439,895.2,-0.06804,-73.27734,0.0,0,-1.0,-1.0,-1.0,-1.0
1791146949.65,1703037.2,397.0,54863.7,54863.7,966.7,1511.3,1370.0,18.59,81.23,25.82,309.19,92.45,0.100445,6.4,0.03,138628.5,-507835.3,415396.6,0.7781,1.439,895.1,-0.06932,-73.23485,0.0,0,-1.0,-1.0,-1.0,-1.0
1791146950.15,1703037.7,397.5,55365.5,55365.5,963.3,1508.4,1366.9,20.19,81.97,25.58,309.14,84.77,0.092235,5.9,0.03,138601.5,-507850.4,415375.5,0.7782,1.439,895.1,-0.07064,-73.19075,0.0,0,-1.0,-1.0,-1.0,-1.0
1791146950.65,1703038.2,398.0,55846.3,55846.3,960.1,1505.7,1363.9,22.09,82.72,25.31,309.09,77.72,0.084952,5.4,0.03,138578.3,-507863.8,415357.3,0.7782,1.439,895.0,-0.07191,-73.14841,0.0,0,-1.0,-1.0,-1.0,-1.0
1791146951.15,1703038.7,398.5,56325.5,56325.5,957.0,1502.9,1360.9,24.3,83.53,25.0,309.04,71.22,0.078198,4.9,0.02,138557.7,-507875.9,415340.9,0.7782,1.438,895.0,-0.07318,-73.10616,0.0,0,-1.0,-1.0,-1.0,-1.0
1791146951.66,1703039.2,399.0,56803.2,56803.2,953.8,1500.2,1357.9,26.76,84.38,24.63,308.99,65.2,0.071905,4.5,0.02,138539.6,-507886.9,415326.3,0.7782,1.438,894.9,-0.07445,-73.06398,0.0,0,-1.0,-1.0,-1.0,-1.0
1791146952.16,1703039.7,399.5,57279.2,57279.2,950.7,1497.6,1355.0,29.43,85.31,24.2,308.94,59.64,0.066068,4.1,0.02,138523.8,-507896.9,415313.4,0.7782,1.438,894.9,-0.07571,-73.02188,0.0,0,-1.0,-1.0,-1.0,-1.0
1791146952.66,1703040.2,400.0,57716.0,57716.0,948.5,1496.5,1353.7,31.84,86.26,23.7,308.89,54.95,0.061013,3.7,0.35,138705.9,-507690.0,415507.9,0.7778,1.432,895.5,-0.07687,-72.98319,0.0,0,-1.0,-1.0,-1.0,-1.0
1791146953.16,1703040.7,400.5,58170.5,58170.5,945.5,1494.0,1350.9,34.43,87.66,22.92,308.84,50.22,0.056088,3.4,0.01,138695.4,-507697.2,415499.1,0.7779,1.432,895.5,-0.07808,-72.94285,0.0,0,-1.0,-1.0,-1.0,-1.0
1791146953.66,1703041.2,401.0,58661.3,58661.3,942.3,1491.2,1347.9,37.34,89.35,21.9,308.79,45.46,0.051187,3.1,0.01,138685.7,-507704.1,415490.8,0.7779,1.432,895.4,-0.07938,-72.89924,0.0,0,-1.0,-1.0,-1.0,-1.0
1791146954.16,1703041.7,401.5,59131.7,59131.7,939.2,1488.6,1345.0,40.19,91.08,20.76,308.74,41.25,0.046874,2.8,0.01,138677.7,-507710.0,415483.9,0.7779,1.432,895.4,-0.08063,-72.85737,0.0,0,-1.0,-1.0,-1.0,-1.0
1791146954.67,1703042.2,402.0,59600.5,59600.5,936.2,1486.0,1342.2,43.05,92.91,19.48,308.69,37.39,0.042924,2.6,0.01,138671.1,-507715.2,415478.0,0.7779,1.432,895.4,-0.08188,-72.81558,0.0,0,-1.0,-1.0,-1.0,-1.0
1791146955.17,1703042.7,402.5,60067.7,60067.7,933.1,1483.4,1339.3,45.89,94.85,18.05,308.64,33.87,0.03931,2.3,0.01,138665.1,-507720.0,415472.6,0.7779,1.432,895.4,-0.08313,-72.77386,0.0,0,-1.0,-1.0,-1.0,-1.0
1791146955.67,1703043.2,403.0,60533.4,60533.4,930.0,1480.8,1336.5,48.69,96.88,16.48,308.59,30.66,0.036005,2.1,0.01,138659.2,-507725.1,415467.1,0.7779,1.432,895.4,-0.08438,-72.73221,0.0,0,-1.0,-1.0,-1.0,-1.0
1791146956.17,1703043.7,403.5,60997.6,60997.6,927.0,1478.3,1333.7,51.43,99.01,14.78,308.54,27.75,0.032981,1.9,0.01,138653.3,-507730.3,415461.5,0.7779,1.432,895.3,-0.08562,-72.69064,0.0,0,-1.0,-1.0,-1.0,-1.0
1791146956.67,1703044.2,404.0,61460.3,61460.3,923.9,1475.7,1330.8,54.11,101.21,12.96,308.49,25.11,0.030211,1.8,0.01,138647.5,-507735.6,415455.9,0.7779,1.432,895.3,-0.08687,-72.64913,0.0,0,-1.0,-1.0,-1.0,-1.0
1791146957.17,1703044.7,404.5,61921.4,61921.4,920.8,1473.1,1328.0,56.73,103.5,10.98,308.44,22.71,0.027667,1.6,0.01,138642.1,-507741.0,415450.5,0.7779,1.432,895.3,-0.08811,-72.6077,0.0,0,-1.0,-1.0,-1.0,-1.0
1791146957.67,1703045.2,405.0,62381.0,62381.0,917.8,1470.6,1325.2,59.27,105.97,8.76,308.39,20.54,0.02532,1.5,0.01,138636.7,-507746.4,415445.1,0.7779,1.432,895.3,-0.08935,-72.56634,0.0,0,-1.0,-1.0,-1.0,-1.0
1791146958.18,1703045.7,405.5,62839.1,62839.1,914.7,1468.0,1322.4,61.75,108.68,6.27,308.34,18.49,0.023047,1.3,0.01,138631.7,-507751.7,415440.0,0.778,1.432,895.3,-0.09059,-72.52504,0.0,0,-1.0,-1.0,-1.0,-1.0
1791146958.68,1703046.2,406.0,63295.7,63295.7,911.7,1465.5,1319.6,64.16,111.76,3.38,308.29,16.51,0.020803,1.2,0.01,138626.8,-507756.8,415435.0,0.778,1.432,895.3,-0.09182,-72.48382,0.0,0,-1.0,-1.0,-1.0,-1.0
1791146959.18,1703046.7,406.5,63768.9,63768.9,908.5,1462.9,1316.7,66.57,115.46,-0.17,308.24,14.54,0.018514,1.1,0.01,138622.1,-507761.8,415430.1,0.778,1.432,895.2,-0.09311,-72.44102,0.0,0,-1.0,-1.0,-1.0,-1.0
1791146959.68,1703047.2,407.0,64222.3,64222.3,905.5,1460.4,1314.0,68.78,119.63,-4.23,308.19,12.75,0.016371,0.9,0.01,138617.9,-507766.4,415425.7,0.778,1.432,895.2,-0.09434,-72.39994,0.0,0,-1.0,-1.0,-1.0,-1.0
1791146960.19,1703047.7,407.5,64674.3,64674.3,902.5,1457.8,1311.2,70.85,124.56,-9.08,308.14,11.04,0.014298,0.8,0.01,138614.0,-507770.6,415421.7,0.778,1.432,895.2,-0.09557,-72.35892,0.0,0,-1.0,-1.0,-1.0,-1.0
1791146960.69,1703048.2,408.0,65124.7,65124.7,899.5,1455.3,1308.4,72.68,130.58,-15.03,308.09,9.44,0.01231,0.7,0.01,138610.7,-507774.7,415418.0,0.778,1.432,895.2,-0.0968,-72.31798,0.0,0,-1.0,-1.0,-1.0,-1.0
1791146961.19,1703048.7,408.5,65573.7,65573.7,896.4,1452.9,1305.7,74.12,138.1,-22.39,308.04,7.93,0.010419,0.6,0.0,138607.6,-507778.2,415414.7,0.778,1.431,895.2,-0.09803,-72.2771,0.0,0,-1.0,-1.0,-1.0,-1.0
1791146961.69,1703049.1,409.0,65949.6,65949.6,893.9,1450.8,1303.4,75.02,145.56,-29.69,308.0,6.76,0.008918,0.5,0.0,138605.4,-507780.6,415412.4,0.778,1.431,895.2,-0.09906,-72.24281,0.0,0,-1.0,-1.0,-1.0,-1.0
1791146962.2,1703049.6,409.5,66395.8,66395.8,890.9,1448.3,1300.7,75.64,155.61,-39.5,307.95,5.46,0.007245,0.4,0.0,138603.0,-507783.3,415409.9,0.778,1.431,895.2,-0.10028,-72.20206,0.0,0,-1.0,-1.0,-1.0,-1.0
1791146962.7,1703050.1,410.0,66840.4,66840.4,887.9,1445.9,1298.0,75.74,166.04,-49.67,307.9,4.28,0.005709,0.3,0.0,138601.1,-507785.5,415407.8,0.778,1.431,895.2,-0.1015,-72.16137,0.0,0,-1.0,-1.0,-1.0,-1.0
1791146963.2,1703050.6,410.5,67301.3,67301.3,884.8,1443.3,1295.2,75.32,176.52,-59.85,307.85,3.19,0.004274,0.2,0.0,138599.4,-507787.3,415406.0,0.778,1.431,895.2,-0.10277,-72.11912,0.0,0,-1.0,-1.0,-1.0,-1.0
1791146963.7,1703051.1,411.0,67742.9,67742.9,881.8,1440.9,1292.5,74.48,185.68,-68.72,307.8,2.28,0.003063,0.2,0.0,138598.2,-507788.6,415404.8,0.778,1.431,895.2,-0.10399,-72.07856,0.0,0,-1.0,-1.0,-1.0,-1.0
1791146964.21,1703051.6,411.5,68183.0,68183.0,878.8,1438.5,1289.8,73.29,193.7,-76.44,307.75,1.51,0.002033,0.1,0.0,138597.2,-507789.7,415403.8,0.778,1.431,895.2,-0.10521,-72.03807,0.0,0,-1.0,-1.0,-1.0,-1.0
1791146964.71,1703052.1,412.0,68621.6,68621.6,875.8,1436.0,1287.1,71.83,200.54,-82.99,307.7,0.89,0.001198,0.1,0.0,138596.5,-507790.3,415403.1,0.778,1.431,895.2,-0.10642,-71.99764,0.0,0,-1.0,-1.0,-1.0,-1.0
1791146965.21,1703052.6,412.5,69058.7,69058.7,872.8,1433.6,1284.4,70.16,206.32,-88.49,307.66,0.43,0.00057,0.0,0.0,138596.0,-507790.7,415402.7,0.778,1.431,895.2,-0.10763,-71.95728,0.0,0,-1.0,-1.0,-1.0,-1.0
1791146965.71,1703053.1,413.0,69494.4,69494.4,869.8,1431.2,1281.8,68.33,211.18,-93.07,307.61,0.13,0.000167,0.0,0.0,138595.8,-507790.9,415402.5,0.778,1.431,895.2,-0.10885,-71.91698,0.0,0,-1.0,-1.0,-1.0,-1.0
1791146966.21,1703053.6,413.5,69928.5,69928.5,866.9,1428.8,1279.1,66.38,215.3,-96.89,307.56,0.0,3e-06,0.0,0.0,138595.7,-507790.9,415402.4,0.778,1.431,895.2,-0.11006,-71.87675,0.0,0,-1.0,-1.0,-1.0,-1.0
1791146966.71,1703054.0,414.0,70274.8,70274.8,864.5,1426.9,1277.0,64.75,218.14,-99.51,307.52,0.0,0.0,0.0,0.0,138595.6,-507790.9,415402.4,0.778,1.431,895.2,-0.11102,-71.8446,0.0,0,-1.0,-1.0,-1.0,-1.0
1791146967.21,1703054.5,414.5,70706.3,70706.3,861.5,1424.6,1274.4,62.65,221.24,-102.32,307.47,0.0,0.0,0.0,0.0,138595.6,-507790.9,415402.4,0.778,1.431,895.2,-0.11223,-71.80448,0.0,0,-1.0,-1.0,-1.0,-1.0
1791146967.72,1703055.1,415.0,71136.3,71136.3,858.6,1422.2,1271.7,60.48,223.92,-104.71,307.42,0.0,0.0,0.0,0.0,138595.6,-507790.9,415402.4,0.778,1.431,895.2,-0.11343,-71.76442,0.0,0,-1.0,-1.0,-1.0,-1.0
1791146968.22,1703055.6,415.5,71564.9,71564.9,855.6,1419.8,1269.1,58.17,226.35,-106.83,307.37,0.0,0.0,0.0,0.0,138595.6,-507790.9,415402.4,0.778,1.431,895.2,-0.11464,-71.72442,0.0,0,-1.0,-1.0,-1.0,-1.0
1791146968.72,1703056.1,416.1,72009.0,72009.0,852.5,1417.4,1266.4,55.91,228.39,-108.58,307.32,0.0,0.0,0.0,0.0,138595.6,-507790.8,415402.4,0.778,1.431,895.2,-0.11589,-71.68288,0.0,0,-1.0,-1.0,-1.0,-1.0
1791146969.22,1703056.6,416.6,72434.5,72434.5,849.6,1415.0,1263.8,53.62,230.21,-110.1,307.28,0.0,0.0,0.0,0.0,138595.6,-507790.8,415402.4,0.778,1.431,895.2,-0.11709,-71.64301,0.0,0,-1.0,-1.0,-1.0,-1.0
1791146969.72,1703057.1,417.1,72858.6,72858.6,846.6,1412.7,1261.2,51.3,231.84,-111.42,307.23,0.0,0.0,0.0,0.0,138595.5,-507790.8,415402.4,0.778,1.431,895.2,-0.11829,-71.6032,0.0,0,-1.0,-1.0,-1.0,-1.0
1791146970.23,1703057.6,417.6,73281.2,73281.2,843.7,1410.3,1258.6,48.95,233.31,-112.59,307.18,0.0,0.0,0.0,0.0,138595.5,-507790.8,415402.4,0.778,1.431,895.2,-0.11949,-71.56344,0.0,0,-1.0,-1.0,-1.0,-1.0
1791146970.73,1703058.1,418.1,73702.3,73702.3,840.7,1408.0,1256.0,46.59,234.64,-113.61,307.13,0.0,0.0,0.0,0.0,138595.5,-507790.8,415402.4,0.778,1.431,895.2,-0.12068,-71.52375,0.0,0,-1.0,-1.0,-1.0,-1.0
1791146971.23,1703058.6,418.6,74121.9,74121.9,837.8,1405.7,1253.4,44.21,235.87,-114.52,307.08,0.0,0.0,0.0,0.0,138595.5,-507790.8,415402.4,0.778,1.431,895.2,-0.12188,-71.48412,0.0,0,-1.0,-1.0,-1.0,-1.0
1791146971.73,1703059.1,419.1,74540.1,74540.1,834.8,1403.4,1250.8,41.82,236.99,-115.33,307.04,0.0,0.0,0.0,0.0,138595.5,-507790.7,415402.4,0.778,1.431,895.2,-0.12307,-71.44455,0.0,0,-1.0,-1.0,-1.0,-1.0
1791146972.23,1703059.6,419.6,74973.4,74973.4,831.8,1401.0,1248.2,39.32,238.07,-116.08,306.99,0.0,0.0,0.0,0.0,138595.5,-507790.7,415402.4,0.778,1.431,895.2,-0.12431,-71.40346,0.0,0,-1.0,-1.0,-1.0,-1.0
1791146972.74,1703060.0,420.1,75355.5,75355.4,829.1,1398.9,1245.8,37.1,238.96,-116.67,306.94,0.0,0.0,0.0,0.0,138595.5,-507790.7,415402.4,0.778,1.431,895.2,-0.1254,-71.36716,0.0,0,-1.0,-1.0,-1.0,-1.0
1791146973.24,1703060.5,420.6,75769.3,75769.3,826.2,1396.6,1243.3,34.67,239.87,-117.25,306.89,0.0,0.0,0.0,0.0,138595.5,-507790.7,415402.4,0.778,1.431,895.2,-0.12659,-71.32776,0.0,0,-1.0,-1.0,-1.0,-1.0
1791146973.74,1703061.0,421.1,76181.7,76181.7,823.2,1394.3,1240.7,32.24,240.73,-117.76,306.85,0.0,0.0,0.0,0.0,138595.5,-507790.7,415402.4,0.778,1.431,895.2,-0.12778,-71.28842,0.0,0,-1.0,-1.0,-1.0,-1.0
1791146974.24,1703061.5,421.6,76592.6,76592.6,820.3,1392.0,1238.2,29.8,241.54,-118.23,306.8,0.0,0.0,0.0,0.0,138595.5,-507790.6,415402.4,0.778,1.431,895.2,-0.12896,-71.24914,0.0,0,-1.0,-1.0,-1.0,-1.0
1791146974.74,1703062.0,422.1,77002.0,77002.0,817.4,1389.8,1235.6,27.35,242.31,-118.64,306.75,0.0,0.0,0.0,0.0,138595.5,-507790.6,415402.4,0.778,1.431,895.2,-0.13015,-71.20991,0.0,0,-1.0,-1.0,-1.0,-1.0
1791146975.24,1703062.5,422.6,77410.0,77410.0,814.5,1387.5,1233.1,24.9,243.04,-119.02,306.7,0.0,0.0,0.0,0.0,138595.4,-507790.6,415402.4,0.778,1.431,895.2,-0.13133,-71.17075,0.0,0,-1.0,-1.0,-1.0,-1.0
1791146975.75,1703063.1,423.1,77816.5,77816.5,811.6,1385.2,1230.6,22.44,243.74,-119.35,306.65,0.0,0.0,0.0,0.0,138595.4,-507790.6,415402.4,0.778,1.431,895.2,-0.13251,-71.13164,0.0,0,-1.0,-1.0,-1.0,-1.0
1791146976.25,1703063.6,423.6,78221.6,78221.6,808.6,1383.0,1228.1,20.0,244.42,-119.66,306.61,0.0,0.0,0.0,0.0,138595.1,-507790.5,415402.3,0.778,1.431,895.2,-0.13369,-71.09259,0.0,0,-1.0,-1.0,-1.0,-1.0
1791146976.75,1703064.1,424.1,78625.2,78625.1,805.7,1380.7,1225.6,17.47,245.11,-119.94,306.56,0.0,0.0,0.0,0.0,138595.1,-507790.5,415402.3,0.778,1.431,895.2,-0.13487,-71.05359,0.0,0,-1.0,-1.0,-1.0,-1.0
1791146977.25,1703064.5,424.6,78979.1,78979.1,803.2,1378.8,1223.4,15.43,245.64,-120.15,306.52,0.0,0.0,0.0,0.0,138595.1,-507790.5,415402.3,0.778,1.431,895.2,-0.1359,-71.01932,0.0,0,-1.0,-1.0,-1.0,-1.0
1791146977.75,1703065.0,425.1,79380.0,79380.0,800.3,1376.6,1220.9,13.0,246.26,-120.37,306.47,0.0,0.0,0.0,0.0,138595.0,-507790.4,415402.3,0.778,1.431,895.2,-0.13708,-70.98043,0.0,0,-1.0,-1.0,-1.0,-1.0
1791146978.25,1703065.5,425.6,79779.4,79779.4,797.4,1374.3,1218.4,10.47,246.89,-120.57,306.42,0.0,0.0,0.0,0.0,138595.0,-507790.4,415402.3,0.778,1.431,895.2,-0.13825,-70.9416,0.0,0,-1.0,-1.0,-1.0,-1.0
1791146978.75,1703066.0,426.1,80177.4,80177.4,794.5,1372.1,1215.9,8.13,247.47,-120.73,306.38,0.0,0.0,0.0,0.0,138595.0,-507790.4,415402.3,0.778,1.431,895.2,-0.13943,-70.90282,0.0,0,-1.0,-1.0,-1.0,-1.0
1791146979.26,1703066.5,426.6,80573.9,80573.9,791.6,1369.9,1213.4,5.7,248.04,-120.87,306.33,0.0,0.0,0.0,0.0,138595.0,-507790.3,415402.3,0.778,1.431,895.2,-0.1406,-70.8641,0.0,0,-1.0,-1.0,-1.0,-1.0
1791146979.76,1703067.0,427.1,80969.0,80969.0,788.7,1367.7,1211.0,3.27,248.61,-120.99,306.28,0.0,0.0,0.0,0.0,138594.9,-507790.3,415402.3,0.778,1.431,895.2,-0.14177,-70.82543,0.0,0,-1.0,-1.0,-1.0,-1.0
1791146980.26,1703067.5,427.6,81378.4,81378.4,785.7,1365.4,1208.4,0.74,249.2,-121.09,306.24,0.0,0.0,0.0,0.0,138594.9,-507790.3,415402.3,0.778,1.431,895.2,-0.14298,-70.78527,0.0,0,-1.0,-1.0,-1.0,-1.0
1791146980.76,1703068.0,428.1,81770.5,81770.5,782.8,1363.2,1206.0,-1.7,249.77,-121.16,306.19,0.0,0.0,0.0,0.0,138594.9,-507790.2,415402.3,0.778,1.431,895.2,-0.14415,-70.74671,0.0,0,-1.0,-1.0,-1.0,-1.0
1791146981.26,1703068.5,428.6,82161.2,82161.2,779.9,1361.1,1203.5,-4.12,250.33,-121.21,306.14,0.0,0.0,0.0,0.0,138594.9,-507790.2,415402.3,0.778,1.431,895.2,-0.14531,-70.7082,0.0,0,-1.0,-1.0,-1.0,-1.0
1791146981.76,1703069.0,429.1,82550.4,82550.4,777.0,1358.9,1201.1,-6.55,250.89,-121.24,306.1,0.0,0.0,0.0,0.0,138594.8,-507790.2,415402.3,0.778,1.431,895.2,-0.14648,-70.66975,0.0,0,-1.0,-1.0,-1.0,-1.0
1791146982.27,1703069.5,429.6,82938.2,82938.2,774.1,1356.7,1198.7,-8.98,251.46,-121.25,306.05,0.0,0.0,0.0,0.0,138594.8,-507790.1,415402.4,0.778,1.431,895.2,-0.14764,-70.63136,0.0,0,-1.0,-1.0,-1.0,-1.0
1791146982.77,1703070.0,430.1,83324.6,83324.6,771.3,1354.6,1196.2,-11.4,252.03,-121.23,306.0,0.0,0.0,0.0,0.0,138594.8,-507790.1,415402.4,0.778,1.431,895.2,-0.1488,-70.59301,0.0,0,-1.0,-1.0,-1.0,-1.0
1791146983.27,1703070.5,430.6,83709.6,83709.6,768.4,1352.4,1193.8,-13.81,252.61,-121.19,305.95,0.0,0.0,0.0,0.0,138594.8,-507790.0,415402.4,0.778,1.431,895.2,-0.14996,-70.55472,0.0,0,-1.0,-1.0,-1.0,-1.0
1791146983.77,1703071.0,431.1,84093.1,84093.1,765.5,1350.3,1191.4,-16.23,253.2,-121.13,305.91,0.0,0.0,0.0,0.0,138594.8,-507790.0,415402.4,0.778,1.431,895.2,-0.15112,-70.51648,0.0,0,-1.0,-1.0,-1.0,-1.0
1791146984.27,1703071.5,431.6,84490.4,84490.4,762.5,1348.1,1188.9,-18.73,253.82,-121.03,305.86,0.0,0.0,0.0,0.0,138594.8,-507789.9,415402.4,0.778,1.431,895.2,-0.15232,-70.47677,0.0,0,-1.0,-1.0,-1.0,-1.0
1791146984.77,1703072.0,432.1,84871.0,84870.9,759.7,1345.9,1186.5,-21.13,254.44,-120.92,305.81,0.0,0.0,0.0,0.0,138594.8,-507789.9,415402.5,0.778,1.431,895.2,-0.15348,-70.43863,0.0,0,-1.0,-1.0,-1.0,-1.0
1791146985.28,1703072.5,432.6,85250.1,85250.1,756.8,1343.8,1184.1,-23.53,255.07,-120.77,305.77,0.0,0.0,0.0,0.0,138594.8,-507789.8,415402.5,0.778,1.431,895.2,-0.15463,-70.40055,0.0,0,-1.0,-1.0,-1.0,-1.0
1791146985.78,1703073.0,433.1,85612.7,85612.7,754.1,1341.8,1181.8,-25.84,255.67,-120.59,305.72,0.0,0.0,0.0,0.0,138594.8,-507789.8,415402.5,0.778,1.431,895.2,-0.15574,-70.36404,0.0,0,-1.0,-1.0,-1.0,-1.0
1791146986.28,1703073.5,433.6,85989.1,85989.1,751.2,1339.7,1179.5,-28.24,256.32,-120.38,305.68,0.0,0.0,0.0,0.0,138594.8,-507789.7,415402.5,0.778,1.431,895.2,-0.15689,-70.32606,0.0,0,-1.0,-1.0,-1.0,-1.0
1791146986.78,1703074.0,434.1,86364.0,86364.0,748.4,1337.6,1177.1,-30.62,256.99,-120.13,305.63,0.0,0.0,0.0,0.0,138594.8,-507789.7,415402.5,0.778,1.431,895.2,-0.15804,-70.28813,0.0,0,-1.0,-1.0,-1.0,-1.0
1791146987.28,1703074.5,434.6,86737.4,86737.4,745.5,1335.5,1174.7,-33.1,257.74,-119.82,305.58,0.0,0.0,0.0,0.0,138594.8,-507789.6,415402.6,0.778,1.431,895.2,-0.15923,-70.24874,0.0,0,-1.0,-1.0,-1.0,-1.0
1791146987.79,1703075.0,435.1,87124.4,87124.4,742.5,1333.3,1172.3,-35.46,258.49,-119.48,305.54,0.0,0.0,0.0,0.0,138594.7,-507789.5,415402.6,0.778,1.431,895.2,-0.16038,-70.21091,0.0,0,-1.0,-1.0,-1.0,-1.0
1791146988.29,1703075.5,435.6,87494.9,87494.9,739.7,1331.2,1170.0,-37.83,259.28,-119.1,305.49,0.0,0.0,0.0,0.0,138594.8,-507789.4,415402.7,0.778,1.431,895.2,-0.16153,-70.17313,0.0,0,-1.0,-1.0,-1.0,-1.0
1791146988.79,1703076.0,436.1,87864.1,87864.1,736.9,1329.2,1167.6,-40.18,260.11,-118.66,305.44,0.0,0.0,0.0,0.0,138594.8,-507789.3,415402.7,0.778,1.431,895.2,-0.16267,-70.1354,0.0,0,-1.0,-1.0,-1.0,-1.0
1791146989.29,1703076.5,436.6,88231.8,88231.8,734.0,1327.1,1165.3,-42.53,261.0,-118.17,305.4,0.0,0.0,0.0,0.0,138594.8,-507789.3,415402.8,0.778,1.431,895.2,-0.16381,-70.09772,0.0,0,-1.0,-1.0,-1.0,-1.0
1791146989.79,1703077.0,437.1,88598.1,88598.1,731.2,1325.0,1163.0,-44.85,261.94,-117.61,305.35,0.0,0.0,0.0,0.0,138594.8,-507789.2,415402.8,0.778,1.431,895.2,-0.16496,-70.06009,0.0,0,-1.0,-1.0,-1.0,-1.0
1791146990.29,1703077.5,437.6,88963.0,88963.0,728.3,1323.0,1160.6,-47.17,262.95,-116.98,305.31,0.0,0.0,0.0,0.0,138594.8,-507789.1,415402.9,0.778,1.431,895.2,-0.1661,-70.02251,0.0,0,-1.0,-1.0,-1.0,-1.0
1791146990.79,1703078.0,438.1,89326.5,89326.5,725.5,1320.9,1158.3,-49.47,264.05,-116.27,305.26,0.0,0.0,0.0,0.0,138594.8,-507789.1,415402.9,0.778,1.431,895.2,-0.16724,-69.98498,0.0,0,-1.0,-1.0,-1.0,-1.0
1791146991.3,1703078.5,438.6,89688.6,89688.6,722.7,1318.9,1156.0,-51.76,265.25,-115.45,305.21,0.0,0.0,0.0,0.0,138594.9,-507789.0,415402.9,0.778,1.431,895.2,-0.16837,-69.9475,0.0,0,-1.0,-1.0,-1.0,-1.0
1791146991.8,1703079.0,439.1,90049.2,90049.2,719.8,1316.9,1153.7,-54.03,266.56,-114.51,305.17,0.0,0.0,0.0,0.0,138594.9,-507788.9,415403.0,0.778,1.431,895.2,-0.16951,-69.91006,0.0,0,-1.0,-1.0,-1.0,-1.0
1791146992.3,1703079.5,439.6,90408.4,90408.4,717.0,1314.9,1151.4,-56.37,268.07,-113.39,305.12,0.0,0.0,0.0,0.0,138594.9,-507788.8,415403.0,0.778,1.431,895.2,-0.17065,-69.87267,0.0,0,-1.0,-1.0,-1.0,-1.0
1791146992.8,1703080.0,440.1,90780.5,90780.5,714.1,1312.8,1149.0,-58.59,269.7,-112.13,305.08,0.0,0.0,0.0,0.0,138594.9,-507788.8,415403.1,0.778,1.431,895.2,-0.17182,-69.83384,0.0,0,-1.0,-1.0,-1.0,-1.0
1791146993.3,1703080.5,440.6,91079.9,91079.9,711.7,1311.1,1147.1,-60.44,271.22,-110.91,305.04,0.0,0.0,0.0,0.0,138594.9,-507788.7,415403.1,0.778,1.431,895.2,-0.17278,-69.80251,0.0,0,-1.0,-1.0,-1.0,-1.0
1791146993.8,1703081.0,441.1,91435.1,91435.1,708.9,1309.1,1144.9,-62.61,273.26,-109.23,304.99,0.0,0.0,0.0,0.0,138595.0,-507788.6,415403.2,0.778,1.431,895.2,-0.17391,-69.76526,0.0,0,-1.0,-1.0,-1.0,-1.0
1791146994.31,1703081.5,441.6,91788.8,91788.8,706.1,1307.1,1142.6,-64.74,275.61,-107.24,304.95,0.0,0.0,0.0,0.0,138595.0,-507788.6,415403.2,0.778,1.431,895.2,-0.17504,-69.72805,0.0,0,-1.0,-1.0,-1.0,-1.0
1791146994.81,1703082.0,442.1,92141.2,92141.2,703.3,1305.1,1140.3,-66.83,278.35,-104.86,304.9,0.0,0.0,0.0,0.0,138595.0,-507788.6,415403.2,0.778,1.431,895.2,-0.17617,-69.69089,0.0,0,-1.0,-1.0,-1.0,-1.0
1791146995.31,1703082.5,442.6,92492.1,92492.1,700.5,1303.1,1138.1,-68.87,281.59,-101.97,304.85,0.0,0.0,0.0,0.0,138595.0,-507788.6,415403.2,0.778,1.431,895.2,-0.17729,-69.65378,0.0,0,-1.0,-1.0,-1.0,-1.0
1791146995.81,1703083.0,443.1,92855.6,92855.6,697.5,1301.0,1135.8,-70.91,285.64,-98.29,304.81,0.0,0.0,0.0,0.0,138595.1,-507788.6,415403.2,0.778,1.431,895.2,-0.17847,-69.61523,0.0,0,-1.0,-1.0,-1.0,-1.0
1791146996.31,1703083.5,443.6,93189.8,93189.8,694.8,1299.2,1133.6,-72.69,290.12,-94.15,304.76,0.0,0.0,0.0,0.0,138595.1,-507788.4,415403.4,0.778,1.431,895.2,-0.17955,-69.57969,0.0,0,-1.0,-1.0,-1.0,-1.0
1791146996.81,1703084.0,444.1,93536.5,93536.5,692.0,1297.2,1131.4,-74.47,296.01,-88.62,304.72,0.0,0.0,0.0,0.0,138595.2,-507788.3,415403.4,0.778,1.431,895.2,-0.18067,-69.54272,0.0,0,-1.0,-1.0,-1.0,-1.0
1791146997.32,1703084.5,444.6,93895.6,93895.6,689.1,1295.2,1129.1,-76.01,302.98,-81.99,304.67,0.0,0.0,0.0,0.0,138595.2,-507788.3,415403.4,0.778,1.431,895.2,-0.18184,-69.50431,0.0,0,-1.0,-1.0,-1.0,-1.0
1791146997.82,1703085.0,445.1,94239.5,94239.4,686.3,1293.2,1126.8,-77.31,311.49,-73.83,304.63,0.0,0.0,0.0,0.0,138595.2,-507788.3,415403.4,0.778,1.431,895.2,-0.18296,-69.46743,0.0,0,-1.0,-1.0,-1.0,-1.0
1791146998.32,1703085.5,445.7,94581.9,94581.9,683.5,1291.3,1124.6,-78.28,321.62,-64.04,304.58,0.0,0.0,0.0,0.0,138595.2,-507788.3,415403.4,0.778,1.431,895.2,-0.18408,-69.43059,0.0,0,-1.0,-1.0,-1.0,-1.0
1791146998.82,1703086.0,446.2,94923.0,94923.0,680.7,1289.3,1122.4,-78.85,333.15,-52.85,304.54,0.0,0.0,0.0,0.0,138595.2,-507788.3,415403.4,0.778,1.431,895.2,-0.1852,-69.39379,0.0,0,-1.0,-1.0,-1.0,-1.0
1791146999.32,1703086.5,446.7,95249.1,95249.1,678.0,1287.5,1120.3,-78.94,344.88,-41.45,304.49,0.0,0.0,0.0,0.0,138595.2,-507788.3,415403.4,0.778,1.431,895.2,-0.18627,-69.35851,0.0,0,-1.0,-1.0,-1.0,-1.0
1791146999.83,1703087.0,447.2,95587.4,95587.4,675.3,1285.6,1118.1,-78.57,356.83,-29.85,304.45,0.0,0.0,0.0,0.0,138595.2,-507788.3,415403.4,0.778,1.431,895.2,-0.18739,-69.3218,0.0,0,-1.0,-1.0,-1.0,-1.0
1791147000.33,1703087.5,447.7,95910.9,95910.9,672.6,1283.7,1116.0,-77.8,7.21,-19.79,304.4,0.0,0.0,0.0,0.0,138595.2,-507788.3,415403.4,0.778,1.431,895.2,-0.18846,-69.2866,0.0,0,-1.0,-1.0,-1.0,-1.0
1791147000.83,1703088.0,448.2,96259.8,96259.8,669.7,1281.7,1113.8,-76.58,16.83,-10.54,304.36,0.0,0.0,0.0,0.0,138595.2,-507788.4,415403.4,0.778,1.431,895.2,-0.18962,-69.24852,0.0,0,-1.0,-1.0,-1.0,-1.0
1791147001.33,1703088.5,448.7,96594.0,96594.0,666.9,1279.8,1111.6,-75.13,24.43,-3.27,304.31,0.0,0.0,0.0,0.0,138595.2,-507788.4,415403.4,0.778,1.431,895.2,-0.19073,-69.21194,0.0,0,-1.0,-1.0,-1.0,-1.0
1791147001.83,1703089.0,449.2,96926.7,96926.7,664.1,1278.0,1109.4,-73.47,30.64,2.59,304.27,0.0,0.0,0.0,0.0,138595.3,-507788.4,415403.4,0.778,1.431,895.2,-0.19184,-69.17541,0.0,0,-1.0,-1.0,-1.0,-1.0
1791147002.33,1703089.5,449.7,97258.1,97258.1,661.3,1276.1,1107.3,-71.66,35.71,7.32,304.22,0.0,0.0,0.0,0.0,138595.3,-507788.4,415403.4,0.778,1.431,895.2,-0.19295,-69.13891,0.0,0,-1.0,-1.0,-1.0,-1.0
1791147002.83,1703090.0,450.2,97588.1,97588.1,658.6,1274.2,1105.1,-69.66,40.03,11.28,304.18,0.0,0.0,0.0,0.0,138595.3,-507788.4,415403.5,0.778,1.431,895.2,-0.19406,-69.10246,0.0,0,-1.0,-1.0,-1.0,-1.0
1791147003.34,1703090.5,450.7,97929.8,97929.8,655.7,1272.2,1102.9,-67.66,43.47,14.38,304.13,0.0,0.0,0.0,0.0,138595.3,-507788.4,415403.5,0.778,1.431,895.2,-0.19522,-69.0646,0.0,0,-1.0,-1.0,-1.0,-1.0
1791147003.84,1703091.0,451.2,98256.9,98256.9,652.9,1270.4,1100.8,-65.6,46.38,16.94,304.09,0.0,0.0,0.0,0.0,138595.3,-507788.4,415403.5,0.778,1.431,895.2,-0.19632,-69.02824,0.0,0,-1.0,-1.0,-1.0,-1.0
1791147004.34,1703091.5,451.7,98582.6,98582.6,650.1,1268.5,1098.7,-63.49,48.87,19.07,304.04,0.0,0.0,0.0,0.0,138595.3,-507788.4,415403.5,0.778,1.431,895.2,-0.19743,-68.99192,0.0,0,-1.0,-1.0,-1.0,-1.0
1791147004.84,1703092.0,452.2,98907.0,98907.0,647.4,1266.7,1096.5,-61.35,51.01,20.86,304.0,0.0,0.0,0.0,0.0,138595.3,-507788.4,415403.5,0.778,1.431,895.2,-0.19853,-68.95564,0.0,0,-1.0,-1.0,-1.0,-1.0
1791147005.34,1703092.5,452.7,99230.0,99230.0,644.6,1264.8,1094.4,-59.18,52.89,22.38,303.95,0.0,0.0,0.0,0.0,138595.3,-507788.4,415403.5,0.778,1.431,895.2,-0.19964,-68.9194,0.0,0,-1.0,-1.0,-1.0,-1.0
1791147005.85,1703093.0,453.2,99551.6,99551.6,641.8,1263.0,1092.3,-56.98,54.55,23.68,303.91,0.0,0.0,0.0,0.0,138595.4,-507788.4,415403.5,0.778,1.431,895.2,-0.20074,-68.8832,0.0,0,-1.0,-1.0,-1.0,-1.0
1791147006.35,1703093.5,453.7,99871.8,99871.8,639.1,1261.2,1090.2,-54.77,56.03,24.8,303.86,0.0,0.0,0.0,0.0,138595.4,-507788.5,415403.5,0.778,1.431,895.2,-0.20184,-68.84704,0.0,0,-1.0,-1.0,-1.0,-1.0
1791147006.85,1703094.0,454.2,100190.6,100190.6,636.3,1259.3,1088.1,-52.53,57.36,25.76,303.82,0.0,0.0,0.0,0.01,138596.7,-507789.9,415403.4,0.778,1.431,895.2,-0.20294,-68.81059,0.0,0,-1.0,-1.0,-1.0,-1.0
1791147007.35,1703094.5,454.7,100520.8,100520.8,633.5,1257.4,1086.0,-50.19,58.61,26.63,303.77,0.0,0.0,0.0,0.0,138596.7,-507789.9,415403.4,0.778,1.431,895.2,-0.20408,-68.77307,0.0,0,-1.0,-1.0,-1.0,-1.0
1791147007.85,1703095.0,455.2,100836.8,100836.8,630.7,1255.6,1083.9,-47.93,59.71,27.36,303.73,0.0,0.0,0.0,0.0,138596.7,-507789.9,415403.4,0.778,1.431,895.2,-0.20518,-68.73704,0.0,0,-1.0,-1.0,-1.0,-1.0
1791147008.36,1703095.5,455.7,101151.4,101151.5,628.0,1253.8,1081.8,-45.66,60.72,27.99,303.68,0.0,0.0,0.0,0.0,138596.7,-507789.9,415403.4,0.778,1.431,895.2,-0.20628,-68.70104,0.0,0,-1.0,-1.0,-1.0,-1.0
1791147008.86,1703096.0,456.2,101464.7,101464.7,625.2,1252.0,1079.7,-43.38,61.66,28.54,303.64,0.0,0.0,0.0,0.0,138596.7,-507789.9,415403.4,0.778,1.431,895.2,-0.20737,-68.66509,0.0,0,-1.0,-1.0,-1.0,-1.0
1791147009.36,1703096.4,456.7,101714.4,101714.4,623.0,1250.6,1078.1,-41.55,62.36,28.93,303.61,0.0,0.0,0.0,0.0,138596.7,-507790.0,415403.4,0.778,1.431,895.2,-0.20825,-68.63636,0.0,0,-1.0,-1.0,-1.0,-1.0
1791147009.87,1703096.9,457.2,102050.0,102050.0,620.0,1248.7,1075.9,-39.08,63.25,29.39,303.56,0.0,0.0,0.0,0.0,138596.7,-507790.0,415403.4,0.778,1.431,895.2,-0.20943,-68.5976,0.0,0,-1.0,-1.0,-1.0,-1.0
1791147010.37,1703097.4,457.7,102359.3,102359.3,617.3,1246.9,1073.8,-36.78,64.03,29.76,303.51,0.0,0.0,0.0,0.0,138596.7,-507790.0,415403.4,0.778,1.431,895.2,-0.21052,-68.56176,0.0,0,-1.0,-1.0,-1.0,-1.0
1791147010.87,1703097.9,458.2,102667.2,102667.2,614.5,1245.1,1071.8,-34.48,64.76,30.08,303.47,0.0,0.0,0.0,0.0,138596.7,-507790.0,415403.4,0.778,1.431,895.2,-0.21161,-68.52596,0.0,0,-1.0,-1.0,-1.0,-1.0
1791147011.37,1703098.4,458.7,102973.8,102973.8,611.8,1243.4,1069.8,-32.17,65.45,30.36,303.42,0.0,0.0,0.0,0.0,138596.7,-507790.0,415403.3,0.778,1.431,895.2,-0.2127,-68.49019,0.0,0,-1.0,-1.0,-1.0,-1.0
1791147011.87,1703098.9,459.2,103279.0,103279.0,609.1,1241.6,1067.7,-29.86,66.12,30.6,303.38,0.0,0.0,0.0,0.0,138596.7,-507790.1,415403.3,0.778,1.431,895.2,-0.21379,-68.45447,0.0,0,-1.0,-1.0,-1.0,-1.0
1791147012.38,1703099.4,459.7,103582.8,103582.8,606.3,1239.9,1065.7,-27.55,66.75,30.79,303.34,0.0,0.0,0.0,0.0,138596.7,-507790.1,415403.3,0.778,1.431,895.2,-0.21488,-68.41878,0.0,0,-1.0,-1.0,-1.0,-1.0
1791147012.88,1703099.9,460.2,103885.3,103885.3,603.6,1238.1,1063.7,-25.23,67.37,30.96,303.29,0.0,0.0,0.0,0.0,138596.7,-507790.1,415403.3,0.778,1.431,895.2,-0.21597,-68.38313,0.0,0,-1.0,-1.0,-1.0,-1.0
1791147013.38,1703100.4,460.7,104186.4,104186.4,600.9,1236.4,1061.7,-22.91,67.96,31.09,303.25,0.0,0.0,0.0,0.0,138596.7,-507790.1,415403.3,0.778,1.431,895.2,-0.21705,-68.34752,0.0,0,-1.0,-1.0,-1.0,-1.0
1791147013.88,1703100.9,461.2,104486.1,104486.1,598.1,1234.7,1059.7,-20.59,68.53,31.2,303.21,0.0,0.0,0.0,0.0,138596.7,-507790.1,415403.3,0.778,1.431,895.2,-0.21814,-68.31194,0.0,0,-1.0,-1.0,-1.0,-1.0
1791147014.38,1703101.5,461.7,104784.5,104784.5,595.4,1233.0,1057.7,-18.27,69.1,31.28,303.16,0.0,0.0,0.0,0.0,138596.7,-507790.2,415403.3,0.778,1.431,895.2,-0.21922,-68.2764,0.0,0,-1.0,-1.0,-1.0,-1.0
1791147014.88,1703102.0,462.2,105081.5,105081.5,592.7,1231.2,1055.8,-15.95,69.65,31.33,303.12,0.0,0.0,0.0,0.0,138596.7,-507790.2,415403.3,0.778,1.431,895.2,-0.2203,-68.2409,0.0,0,-1.0,-1.0,-1.0,-1.0
1791147015.39,1703102.4,462.7,105377.1,105377.1,590.0,1229.5,1053.8,-13.62,70.19,31.36,303.07,0.0,0.0,0.0,0.0,138596.7,-507790.2,415403.3,0.778,1.431,895.2,-0.22138,-68.20544,0.0,0,-1.0,-1.0,-1.0,-1.0
1791147015.89,1703103.0,463.2,105683.1,105683.1,587.1,1227.8,1051.7,-11.2,70.74,31.36,303.03,0.0,0.0,0.0,0.0,138596.7,-507790.2,415403.3,0.778,1.431,895.2,-0.22251,-68.1686,0.0,0,-1.0,-1.0,-1.0,-1.0
1791147016.39,1703103.5,463.7,105964.3,105964.3,584.5,1226.1,1049.9,-8.87,71.27,31.34,302.98,0.0,0.0,0.0,0.0,138596.7,-507790.2,415403.2,0.778,1.431,895.2,-0.22354,-68.13462,0.0,0,-1.0,-1.0,-1.0,-1.0
1791147016.89,1703104.0,464.2,106267.5,106267.5,581.7,1224.4,1047.8,-6.55,71.79,31.3,302.94,0.0,0.0,0.0,0.0,138596.7,-507790.3,415403.2,0.778,1.431,895.2,-0.22467,-68.09785,0.0,0,-1.0,-1.0,-1.0,-1.0
1791147017.39,1703104.5,464.7,106557.6,106557.6,579.0,1222.7,1045.9,-4.22,72.31,31.24,302.9,0.0,0.0,0.0,0.0,138596.7,-507790.3,415403.2,0.778,1.431,895.2,-0.22574,-68.06254,0.0,0,-1.0,-1.0,-1.0,-1.0
1791147017.9,1703105.0,465.2,106846.4,106846.4,576.2,1221.0,1043.9,-1.89,72.83,31.15,302.85,0.0,0.0,0.0,0.0,138596.7,-507790.3,415403.2,0.778,1.431,895.2,-0.22682,-68.02725,0.0,0,-1.0,-1.0,-1.0,-1.0
1791147018.4,1703105.5,465.7,107133.8,107133.8,573.5,1219.4,1042.0,0.44,73.36,31.05,302.81,0.0,0.0,0.0,0.0,138596.7,-507790.3,415403.2,0.778,1.431,895.2,-0.22789,-67.99201,0.0,0,-1.0,-1.0,-1.0,-1.0
1791147018.9,1703105.7,466.2,107271.3,107271.3,572.2,1218.6,1041.1,1.65,73.63,30.98,302.79,0.0,0.0,0.0,0.0,138596.7,-507790.3,415403.2,0.778,1.431,895.2,-0.22841,-67.97544,0.0,0,-1.0,-1.0,-1.0,-1.0
1791147019.4,1703106.2,466.7,107556.7,107556.7,569.5,1216.9,1039.2,3.89,74.14,30.85,302.74,0.0,0.0,0.0,0.0,138596.7,-507790.4,415403.2,0.778,1.431,895.2,-0.22948,-67.93991,0.0,0,-1.0,-1.0,-1.0,-1.0
1791147019.9,1703106.7,467.2,107852.1,107852.1,566.7,1215.2,1037.2,6.31,74.69,30.68,302.7,0.0,0.0,0.0,0.0,138596.7,-507790.4,415403.2,0.778,1.431,895.2,-0.2306,-67.90334,0.0,0,-1.0,-1.0,-1.0,-1.0
1791147020.41,1703107.2,467.7,108134.8,108134.8,564.0,1213.6,1035.3,8.63,75.23,30.49,302.66,0.0,0.0,0.0,0.0,138596.7,-507790.4,415403.2,0.778,1.431,895.2,-0.23167,-67.86822,0.0,0,-1.0,-1.0,-1.0,-1.0
1791147020.91,1703107.7,468.2,108404.9,108404.9,561.4,1212.0,1033.5,10.96,75.79,30.28,302.61,0.0,0.0,0.0,0.0,138596.7,-507790.4,415403.1,0.778,1.431,895.2,-0.2327,-67.83453,0.0,0,-1.0,-1.0,-1.0,-1.0
1791147021.41,1703108.2,468.7,108696.0,108696.0,558.6,1210.3,1031.5,13.29,76.35,30.04,302.57,0.0,0.0,0.0,0.0,138596.7,-507790.5,415403.1,0.778,1.431,895.2,-0.23381,-67.79808,0.0,0,-1.0,-1.0,-1.0,-1.0
1791147021.91,1703108.7,469.2,108974.6,108974.6,555.9,1208.7,1029.6,15.61,76.93,29.78,302.53,0.0,0.0,0.0,0.0,138596.7,-507790.5,415403.1,0.778,1.431,895.2,-0.23488,-67.76306,0.0,0,-1.0,-1.0,-1.0,-1.0
1791147022.41,1703109.2,469.7,109240.8,109240.8,553.3,1207.1,1027.8,17.93,77.53,29.48,302.48,0.0,0.0,0.0,0.0,138596.7,-507790.5,415403.1,0.778,1.431,895.2,-0.2359,-67.72947,0.0,0,-1.0,-1.0,-1.0,-1.0
1791147022.91,1703109.7,470.2,109527.8,109527.8,550.5,1205.5,1025.9,20.25,78.15,29.16,302.44,0.0,0.0,0.0,0.0,138596.7,-507790.5,415403.1,0.778,1.431,895.2,-0.23701,-67.69312,0.0,0,-1.0,-1.0,-1.0,-1.0
1791147023.42,1703110.2,470.7,109802.3,109802.3,547.8,1203.9,1024.0,22.57,78.78,28.8,302.4,0.0,0.0,0.0,0.0,138596.7,-507790.5,415403.1,0.778,1.431,895.2,-0.23808,-67.6582,0.0,0,-1.0,-1.0,-1.0,-1.0
1791147023.92,1703110.7,471.2,110075.5,110075.5,545.1,1202.3,1022.1,24.88,79.45,28.41,302.35,0.0,0.0,0.0,0.0,138596.7,-507790.6,415403.1,0.778,1.431,895.2,-0.23914,-67.62331,0.0,0,-1.0,-1.0,-1.0,-1.0
1791147024.42,1703111.2,471.7,110347.4,110347.4,542.4,1200.7,1020.3,27.19,80.14,27.98,302.31,0.0,0.0,0.0,0.0,138596.6,-507790.6,415403.0,0.778,1.431,895.2,-0.24021,-67.58846,0.0,0,-1.0,-1.0,-1.0,-1.0
1791147024.92,1703111.7,472.3,110617.9,110617.9,539.7,1199.1,1018.4,29.49,80.87,27.52,302.27,0.0,0.0,0.0,0.0,138596.6,-507790.6,415403.0,0.778,1.431,895.2,-0.24127,-67.55364,0.0,0,-1.0,-1.0,-1.0,-1.0
1791147025.42,1703112.2,472.8,110887.1,110887.1,537.0,1197.6,1016.6,31.79,81.63,27.0,302.22,0.0,0.0,0.0,0.0,138596.6,-507790.6,415403.0,0.778,1.431,895.2,-0.24233,-67.51885,0.0,0,-1.0,-1.0,-1.0,-1.0
1791147025.93,1703112.7,473.3,111154.9,111154.9,534.3,1196.0,1014.8,34.08,82.44,26.44,302.18,0.0,0.0,0.0,0.0,138596.6,-507790.6,415403.0,0.778,1.431,895.2,-0.24339,-67.4841,0.0,0,-1.0,-1.0,-1.0,-1.0
1791147026.43,1703113.2,473.8,111389.5,111389.5,532.0,1194.6,1013.2,36.09,83.19,25.89,302.14,0.0,0.0,0.0,0.0,138596.6,-507790.6,415403.0,0.778,1.431,895.2,-0.24432,-67.45354,0.0,0,-1.0,-1.0,-1.0,-1.0
1791147026.93,1703113.7,474.3,111654.8,111654.8,529.3,1193.1,1011.4,38.37,84.1,25.22,302.1,0.0,0.0,0.0,0.0,138596.6,-507790.7,415403.0,0.778,1.431,895.2,-0.24538,-67.41885,0.0,0,-1.0,-1.0,-1.0,-1.0
1791147027.43,1703114.2,474.8,111929.3,111929.3,526.5,1191.5,1009.5,40.73,85.11,24.44,302.06,0.0,0.0,0.0,0.0,138596.6,-507790.7,415403.0,0.778,1.431,895.2,-0.24648,-67.3828,0.0,0,-1.0,-1.0,-1.0,-1.0
1791147027.94,1703114.7,475.3,112191.8,112191.8,523.8,1189.9,1007.7,42.98,86.16,23.61,302.01,0.0,0.0,0.0,0.0,138596.6,-507790.7,415402.9,0.778,1.431,895.2,-0.24754,-67.34817,0.0,0,-1.0,-1.0,-1.0,-1.0
1791147028.44,1703115.2,475.8,112453.1,112453.1,521.1,1188.4,1005.9,45.23,87.29,22.7,301.97,0.0,0.0,0.0,0.0,138596.6,-507790.7,415402.9,0.778,1.431,895.2,-0.2486,-67.31358,0.0,0,-1.0,-1.0,-1.0,-1.0
1791147028.94,1703115.7,476.3,112712.9,112712.9,518.5,1186.9,1004.1,47.46,88.52,21.67,301.93,0.0,0.0,0.0,0.0,138596.6,-507790.7,415402.9,0.778,1.431,895.2,-0.24965,-67.27901,0.0,0,-1.0,-1.0,-1.0,-1.0
1791147029.44,1703116.2,476.8,112971.5,112971.5,515.8,1185.4,1002.3,49.67,89.87,20.53,301.88,0.0,0.0,0.0,0.0,138596.5,-507790.7,415402.9,0.778,1.431,895.2,-0.25071,-67.24448,0.0,0,-1.0,-1.0,-1.0,-1.0
1791147029.94,1703116.7,477.3,113218.4,113218.4,513.2,1183.9,1000.7,51.78,91.28,19.31,301.84,0.0,0.0,0.0,0.0,138596.5,-507790.8,415402.9,0.778,1.431,895.2,-0.25172,-67.21135,0.0,0,-1.0,-1.0,-1.0,-1.0
1791147030.44,1703117.2,477.8,113474.4,113474.4,510.5,1182.4,998.9,53.96,92.91,17.87,301.8,0.0,0.0,0.0,0.0,138596.5,-507790.8,415402.9,0.778,1.431,895.2,-0.25277,-67.17688,0.0,0,-1.0,-1.0,-1.0,-1.0
1791147030.94,1703117.7,478.3,113729.0,113729.0,507.9,1180.9,997.1,56.1,94.73,16.25,301.76,0.0,0.0,0.0,0.0,138596.5,-507790.8,415402.9,0.778,1.431,895.2,-0.25382,-67.14243,0.0,0,-1.0,-1.0,-1.0,-1.0
1791147031.44,1703118.2,478.8,113982.2,113982.2,505.2,1179.4,995.4,58.22,96.76,14.4,301.71,0.0,0.0,0.0,0.0,138596.5,-507790.8,415402.9,0.778,1.431,895.2,-0.25487,-67.10802,0.0,0,-1.0,-1.0,-1.0,-1.0
1791147031.95,1703118.7,479.3,114234.2,114234.2,502.5,1177.9,993.6,60.29,99.06,12.29,301.67,0.0,0.0,0.0,0.0,138596.5,-507790.8,415402.8,0.778,1.431,895.2,-0.25592,-67.07364,0.0,0,-1.0,-1.0,-1.0,-1.0
1791147032.45,1703119.2,479.8,114484.7,114484.8,499.9,1176.5,991.9,62.32,101.67,9.86,301.63,0.0,0.0,0.0,0.0,138596.5,-507790.8,415402.8,0.778,1.431,895.2,-0.25697,-67.03928,0.0,0,-1.0,-1.0,-1.0,-1.0
1791147032.95,1703119.7,480.3,114734.0,114734.0,497.2,1175.0,990.2,64.37,104.78,6.93,301.58,0.0,0.0,0.0,0.0,138596.5,-507790.8,415402.8,0.778,1.431,895.2,-0.25802,-67.00496,0.0,0,-1.0,-1.0,-1.0,-1.0
1791147033.45,1703120.2,480.8,114991.8,114991.8,494.4,1173.5,988.4,66.26,108.25,3.63,301.54,0.0,0.0,0.0,0.0,138596.4,-507790.8,415402.8,0.778,1.431,895.2,-0.25911,-66.9693,0.0,0,-1.0,-1.0,-1.0,-1.0
1791147033.95,1703120.7,481.3,115228.5,115228.5,491.9,1172.1,986.8,68.06,112.28,-0.22,301.5,0.0,0.0,0.0,0.0,138596.4,-507790.8,415402.8,0.778,1.431,895.2,-0.26011,-66.9364,0.0,0,-1.0,-1.0,-1.0,-1.0
1791147034.46,1703121.2,481.8,115483.6,115483.6,489.1,1170.6,985.0,69.74,116.97,-4.74,301.46,0.0,0.0,0.0,0.0,138596.4,-507790.8,415402.8,0.778,1.431,895.2,-0.2612,-66.9008,0.0,0,-1.0,-1.0,-1.0,-1.0
1791147034.96,1703121.7,482.3,115727.5,115727.5,486.5,1169.2,983.3,71.27,122.43,-10.04,301.41,0.0,0.0,0.0,0.0,138596.4,-507790.8,415402.8,0.778,1.431,895.2,-0.26224,-66.8666,0.0,0,-1.0,-1.0,-1.0,-1.0
1791147035.46,1703122.2,482.8,115970.0,115970.0,483.8,1167.7,981.6,72.62,128.78,-16.22,301.37,0.0,0.0,0.0,0.0,138596.4,-507790.8,415402.8,0.778,1.431,895.2,-0.26329,-66.83242,0.0,0,-1.0,-1.0,-1.0,-1.0
1791147035.96,1703122.7,483.3,116211.3,116211.3,481.1,1166.3,979.9,73.72,136.06,-23.34,301.33,0.0,0.0,0.0,0.0,138596.4,-507790.9,415402.8,0.778,1.431,895.2,-0.26433,-66.79827,0.0,0,-1.0,-1.0,-1.0,-1.0
1791147036.46,1703123.2,483.8,116451.2,116451.2,478.5,1164.9,978.3,74.54,144.23,-31.35,301.29,0.0,0.0,0.0,0.0,138596.4,-507790.9,415402.8,0.778,1.431,895.2,-0.26537,-66.76415,0.0,0,-1.0,-1.0,-1.0,-1.0
1791147036.96,1703123.7,484.3,116689.8,116689.8,475.8,1163.5,976.6,75.03,153.11,-40.07,301.24,0.0,0.0,0.0,0.0,138596.4,-507790.9,415402.8,0.778,1.431,895.2,-0.26641,-66.73006,0.0,0,-1.0,-1.0,-1.0,-1.0
1791147037.46,1703124.2,484.8,116927.0,116927.0,473.2,1162.1,974.9,75.15,162.35,-49.15,301.2,0.0,0.0,0.0,0.0,138596.4,-507790.9,415402.7,0.778,1.431,895.2,-0.26746,-66.696,0.0,0,-1.0,-1.0,-1.0,-1.0
1791147037.97,1703124.7,485.3,117163.0,117163.0,470.5,1160.7,973.3,74.9,171.49,-58.14,301.16,0.0,0.0,0.0,0.0,138596.3,-507790.9,415402.7,0.778,1.431,895.2,-0.26849,-66.66197,0.0,0,-1.0,-1.0,-1.0,-1.0
1791147038.47,1703125.2,485.8,117406.9,117406.9,467.8,1159.2,971.6,74.26,180.48,-66.97,301.12,0.0,0.0,0.0,0.0,138596.3,-507790.9,415402.7,0.778,1.431,895.2,-0.26958,-66.6266,0.0,0,-1.0,-1.0,-1.0,-1.0
1791147038.97,1703125.7,486.3,117640.2,117640.2,465.1,1157.9,970.0,73.33,188.31,-74.64,301.07,0.0,0.0,0.0,0.0,138596.3,-507790.8,415402.7,0.778,1.431,895.2,-0.27061,-66.59262,0.0,0,-1.0,-1.0,-1.0,-1.0
1791147039.47,1703126.2,486.8,117872.1,117872.1,462.5,1156.5,968.3,72.13,195.21,-81.39,301.03,0.0,0.0,0.0,0.0,138596.3,-507790.8,415402.7,0.778,1.431,895.2,-0.27165,-66.55867,0.0,0,-1.0,-1.0,-1.0,-1.0
1791147039.97,1703126.7,487.3,118102.7,118102.7,459.9,1155.1,966.7,70.71,201.19,-87.22,300.99,0.0,0.0,0.0,0.0,138596.3,-507790.8,415402.7,0.778,1.431,895.2,-0.27269,-66.52475,0.0,0,-1.0,-1.0,-1.0,-1.0
1791147040.47,1703127.2,487.8,118331.9,118331.9,457.2,1153.8,965.1,69.12,206.33,-92.2,300.95,0.0,0.0,0.0,0.0,138596.3,-507790.8,415402.7,0.778,1.431,895.2,-0.27372,-66.49086,0.0,0,-1.0,-1.0,-1.0,-1.0
1791147040.98,1703127.7,488.3,118559.9,118559.9,454.6,1152.4,963.5,67.4,210.74,-96.45,300.9,0.0,0.0,0.0,0.0,138596.3,-507790.8,415402.7,0.778,1.431,895.2,-0.27476,-66.45699,0.0,0,-1.0,-1.0,-1.0,-1.0
1791147041.48,1703128.2,488.8,118786.5,118786.5,451.9,1151.1,961.9,65.57,214.52,-100.08,300.86,0.0,0.0,0.0,0.0,138596.3,-507790.8,415402.7,0.778,1.431,895.2,-0.27579,-66.42315,0.0,0,-1.0,-1.0,-1.0,-1.0
1791147041.98,1703128.7,489.3,119011.8,119011.8,449.3,1149.7,960.3,63.66,217.78,-103.19,300.82,0.0,0.0,0.0,0.0,138596.3,-507790.8,415402.7,0.778,1.431,895.2,-0.27682,-66.38933,0.0,0,-1.0,-1.0,-1.0,-1.0
1791147042.48,1703129.1,489.8,119209.0,119209.0,447.0,1148.5,958.9,61.92,220.3,-105.57,300.78,0.0,0.0,0.0,0.0,138596.2,-507790.8,415402.7,0.778,1.431,895.2,-0.27773,-66.35959,0.0,0,-1.0,-1.0,-1.0,-1.0
1791147042.99,1703129.7,490.3,119440.7,119440.8,444.2,1147.2,957.3,59.81,222.91,-108.02,300.74,0.0,0.0,0.0,0.0,138596.2,-507790.8,415402.7,0.778,1.431,895.2,-0.27881,-66.32448,0.0,0,-1.0,-1.0,-1.0,-1.0
1791147043.49,1703130.2,490.8,119662.2,119662.2,441.6,1145.8,955.7,57.74,225.12,-110.06,300.7,0.0,0.0,0.0,0.0,138596.2,-507790.8,415402.7,0.778,1.431,895.2,-0.27984,-66.29074,0.0,0,-1.0,-1.0,-1.0,-1.0
1791147044.0,1703130.7,491.3,119891.1,119891.1,438.9,1144.5,954.1,55.55,227.15,-111.92,300.65,0.0,0.0,0.0,0.0,138596.2,-507790.8,415402.7,0.778,1.431,895.2,-0.28091,-66.25568,0.0,0,-1.0,-1.0,-1.0,-1.0
1791147044.5,1703131.2,491.8,120109.9,120109.9,436.2,1143.2,952.6,53.42,228.88,-113.5,300.61,0.0,0.0,0.0,0.0,138596.2,-507790.8,415402.7,0.778,1.431,895.2,-0.28194,-66.22199,0.0,0,-1.0,-1.0,-1.0,-1.0
1791147045.0,1703131.7,492.3,120327.4,120327.4,433.6,1141.9,951.0,51.26,230.44,-114.89,300.57,0.0,0.0,0.0,0.0,138596.2,-507790.7,415402.7,0.778,1.431,895.2,-0.28297,-66.18833,0.0,0,-1.0,-1.0,-1.0,-1.0
1791147045.5,1703132.2,492.8,120543.6,120543.6,431.0,1140.6,949.5,49.08,231.85,-116.14,300.53,0.0,0.0,0.0,0.0,138596.2,-507790.7,415402.7,0.778,1.431,895.2,-0.28399,-66.15469,0.0,0,-1.0,-1.0,-1.0,-1.0
1791147046.01,1703132.7,493.3,120758.4,120758.4,428.3,1139.3,948.0,46.88,233.14,-117.25,300.48,0.0,0.0,0.0,0.0,138596.2,-507790.7,415402.7,0.778,1.431,895.2,-0.28502,-66.12108,0.0,0,-1.0,-1.0,-1.0,-1.0
1791147046.51,1703133.2,493.8,120980.4,120980.4,425.6,1138.0,946.4,44.58,234.36,-118.29,300.44,0.0,0.0,0.0,0.0,138596.2,-507790.7,415402.7,0.778,1.431,895.2,-0.28609,-66.08615,0.0,0,-1.0,-1.0,-1.0,-1.0
1791147047.01,1703133.7,494.3,121184.2,121184.1,423.1,1136.8,944.9,42.44,235.39,-119.16,300.4,0.0,0.0,0.0,0.0,138596.2,-507790.7,415402.7,0.778,1.431,895.2,-0.28707,-66.05394,0.0,0,-1.0,-1.0,-1.0,-1.0
1791147047.51,1703134.2,494.8,121403.5,121403.5,420.4,1135.5,943.4,40.12,236.43,-120.02,300.36,0.0,0.0,0.0,0.0,138596.2,-507790.7,415402.8,0.778,1.431,895.2,-0.28814,-66.01906,0.0,0,-1.0,-1.0,-1.0,-1.0
1791147048.02,1703134.7,495.4,121613.0,121613.0,417.7,1134.2,941.9,37.87,237.36,-120.77,300.32,0.0,0.0,0.0,0.0,138596.2,-507790.6,415402.8,0.778,1.431,895.2,-0.28916,-65.98555,0.0,0,-1.0,-1.0,-1.0,-1.0
1791147048.52,1703135.2,495.9,121821.3,121821.3,415.1,1133.0,940.4,35.62,238.22,-121.45,300.27,0.0,0.0,0.0,0.0,138596.2,-507790.6,415402.8,0.778,1.431,895.2,-0.29019,-65.95206,0.0,0,-1.0,-1.0,-1.0,-1.0
1791147049.02,1703135.7,496.4,122028.2,122028.2,412.5,1131.7,938.9,33.36,239.03,-122.07,300.23,0.0,0.0,0.0,0.0,138596.2,-507790.6,415402.8,0.778,1.431,895.2,-0.29121,-65.9186,0.0,0,-1.0,-1.0,-1.0,-1.0
1791147049.53,1703136.2,496.9,122233.8,122233.8,409.9,1130.5,937.4,31.09,239.79,-122.65,300.19,0.0,0.0,0.0,0.0,138596.2,-507790.6,415402.8,0.778,1.431,895.2,-0.29223,-65.88516,0.0,0,-1.0,-1.0,-1.0,-1.0
1791147050.03,1703136.7,497.4,122438.1,122438.1,407.3,1129.3,936.0,28.81,240.51,-123.17,300.15,0.0,0.0,0.0,0.0,138596.1,-507790.6,415402.8,0.778,1.431,895.2,-0.29325,-65.85175,0.0,0,-1.0,-1.0,-1.0,-1.0
1791147050.54,1703137.2,497.9,122641.1,122641.1,404.7,1128.1,934.5,26.53,241.19,-123.66,300.11,0.0,0.0,0.0,0.0,138596.1,-507790.5,415402.8,0.778,1.431,895.2,-0.29427,-65.81835,0.0,0,-1.0,-1.0,-1.0,-1.0
1791147051.04,1703137.7,498.4,122834.8,122834.8,402.2,1126.9,933.1,24.34,241.82,-124.09,300.07,0.0,0.0,0.0,0.0,138596.1,-507790.5,415402.8,0.778,1.431,895.2,-0.29525,-65.78665,0.0,0,-1.0,-1.0,-1.0,-1.0
1791147051.54,1703138.1,498.9,123011.2,123011.2,399.9,1125.8,931.9,22.33,242.36,-124.46,300.03,0.0,0.0,0.0,0.0,138596.1,-507790.5,415402.8,0.778,1.431,895.2,-0.29615,-65.75698,0.0,0,-1.0,-1.0,-1.0,-1.0
1791147052.04,1703138.6,499.4,123210.5,123210.5,397.2,1124.6,930.4,20.04,242.96,-124.84,299.99,0.0,0.0,0.0,0.0,138596.1,-507790.5,415402.8,0.778,1.431,895.2,-0.29717,-65.72365,0.0,0,-1.0,-1.0,-1.0,-1.0
1791147052.54,1703139.1,499.9,123408.5,123408.5,394.6,1123.5,929.0,17.74,243.54,-125.2,299.95,0.0,0.0,0.0,0.0,138596.1,-507790.5,415402.8,0.778,1.431,895.2,-0.29819,-65.69035,0.0,0,-1.0,-1.0,-1.0,-1.0
1791147053.05,1703139.6,500.4,123605.2,123605.2,392.0,1122.3,927.6,15.45,244.09,-125.53,299.9,0.0,0.0,0.0,0.0,138596.1,-507790.4,415402.8,0.778,1.431,895.2,-0.2992,-65.65707,0.0,0,-1.0,-1.0,-1.0,-1.0
1791147053.55,1703140.1,500.9,123800.6,123800.6,389.4,1121.1,926.2,13.15,244.62,-125.83,299.86,0.0,0.0,0.0,0.0,138596.1,-507790.4,415402.9,0.778,1.431,895.2,-0.30022,-65.62381,0.0,0,-1.0,-1.0,-1.0,-1.0
1791147054.05,1703140.6,501.4,123994.6,123994.6,386.8,1119.9,924.8,10.84,245.14,-126.12,299.82,0.0,0.0,0.0,0.0,138596.1,-507790.4,415402.9,0.778,1.431,895.2,-0.30124,-65.59058,0.0,0,-1.0,-1.0,-1.0,-1.0
1791147054.55,1703141.1,501.9,124187.4,124187.4,384.2,1118.8,923.4,8.54,245.65,-126.38,299.78,0.0,0.0,0.0,0.0,138596.1,-507790.4,415402.9,0.778,1.431,895.2,-0.30225,-65.55736,0.0,0,-1.0,-1.0,-1.0,-1.0
1791147055.05,1703141.6,502.4,124386.5,124386.5,381.5,1117.6,921.9,6.14,246.16,-126.62,299.74,0.0,0.0,0.0,0.0,138596.1,-507790.3,415402.9,0.778,1.431,895.2,-0.30331,-65.52285,0.0,0,-1.0,-1.0,-1.0,-1.0
1791147055.55,1703142.1,502.9,124576.6,124576.6,378.9,1116.4,920.6,3.84,246.64,-126.84,299.7,0.0,0.0,0.0,0.0,138596.1,-507790.3,415402.9,0.778,1.431,895.2,-0.30432,-65.48968,0.0,0,-1.0,-1.0,-1.0,-1.0
1791147056.06,1703142.6,503.4,124765.5,124765.5,376.3,1115.3,919.2,1.53,247.12,-127.04,299.65,0.0,0.0,0.0,0.0,138596.1,-507790.3,415402.9,0.778,1.431,895.2,-0.30533,-65.45653,0.0,0,-1.0,-1.0,-1.0,-1.0
1791147056.56,1703143.1,503.9,124945.5,124945.5,373.8,1114.2,917.9,-0.69,247.56,-127.21,299.61,0.0,0.0,0.0,0.0,138596.1,-507790.3,415402.9,0.778,1.431,895.2,-0.30631,-65.42473,0.0,0,-1.0,-1.0,-1.0,-1.0
1791147057.06,1703143.1,504.4,124945.5,124945.5,373.8,1114.2,917.9,-0.69,247.56,-127.21,299.61,0.0,0.0,0.0,0.0,138596.1,-507790.3,415402.9,0.778,1.431,895.2,-0.30631,-65.42473,0.0,0,-1.0,-1.0,-1.0,-1.0
1791147057.56,1703143.2,504.9,124960.4,124960.4,373.6,1114.1,917.8,-0.87,247.6,-127.22,299.61,0.0,0.0,0.0,0.0,138596.1,-507790.3,415402.9,0.778,1.431,895.2,-0.30639,-65.42209,0.0,0,-1.0,-1.0,-1.0,-1.0
1791147058.06,1703143.2,505.4,124960.4,124960.4,373.6,1114.1,917.8,-0.87,247.6,-127.22,299.61,0.0,0.0,0.0,0.0,138596.1,-507790.3,415402.9,0.778,1.431,895.2,-0.30639,-65.42209,0.0,0,-1.0,-1.0,-1.0,-1.0
1791147058.56,1703143.2,505.9,124975.4,124975.4,373.4,1114.0,917.7,-1.06,247.64,-127.23,299.61,0.0,0.0,0.0,0.0,138596.1,-507790.3,415402.9,0.778,1.431,895.2,-0.30647,-65.41944,0.0,0,-1.0,-1.0,-1.0,-1.0
1791147059.07,1703143.2,506.4,124975.4,124975.4,373.4,1114.0,917.7,-1.06,247.64,-127.23,299.61,0.0,0.0,0.0,0.0,138596.1,-507790.3,415402.9,0.778,1.431,895.2,-0.30647,-65.41944,0.0,0,-1.0,-1.0,-1.0,-1.0
1791147059.57,1703143.2,506.9,124990.3,124990.3,373.2,1113.9,917.6,-1.24,247.68,-127.25,299.6,0.0,0.0,0.0,0.0,138596.1,-507790.3,415402.9,0.778,1.431,895.2,-0.30655,-65.41679,0.0,0,-1.0,-1.0,-1.0,-1.0
1791147060.07,1703143.2,507.4,124990.3,124990.3,373.2,1113.9,917.6,-1.24,247.68,-127.25,299.6,0.0,0.0,0.0,0.0,138596.1,-507790.3,415402.9,0.778,1.431,895.2,-0.30655,-65.41679,0.0,0,-1.0,-1.0,-1.0,-1.0
1791147060.57,1703143.7,507.9,125168.9,125168.9,370.7,1112.9,916.3,-3.46,248.12,-127.4,299.56,0.0,0.0,0.0,0.0,138596.1,-507790.2,415402.9,0.778,1.431,895.2,-0.30752,-65.38501,0.0,0,-1.0,-1.0,-1.0,-1.0
1791147061.07,1703144.1,508.4,125324.1,125324.1,368.5,1111.9,915.2,-5.41,248.5,-127.52,299.53,0.0,0.0,0.0,0.0,138596.1,-507790.2,415403.0,0.778,1.431,895.2,-0.30837,-65.35723,0.0,0,-1.0,-1.0,-1.0,-1.0
1791147061.58,1703144.6,508.9,125507.7,125507.7,365.9,1110.8,913.8,-7.72,248.96,-127.64,299.49,0.0,0.0,0.0,0.0,138596.1,-507790.2,415403.0,0.778,1.431,895.2,-0.30938,-65.32417,0.0,0,-1.0,-1.0,-1.0,-1.0
1791147062.08,1703145.1,509.4,125682.8,125682.8,363.4,1109.8,912.5,-9.94,249.39,-127.75,299.45,0.0,0.0,0.0,0.0,138596.1,-507790.2,415403.0,0.778,1.431,895.2,-0.31035,-65.29245,0.0,0,-1.0,-1.0,-1.0,-1.0
1791147062.58,1703145.6,509.9,125871.1,125871.1,360.7,1108.6,911.2,-12.34,249.87,-127.84,299.41,0.0,0.0,0.0,0.0,138596.1,-507790.2,415403.0,0.778,1.431,895.2,-0.3114,-65.25811,0.0,0,-1.0,-1.0,-1.0,-1.0
1791147063.08,1703146.1,510.4,126050.8,126050.8,358.1,1107.5,909.9,-14.66,250.32,-127.91,299.36,0.0,0.0,0.0,0.0,138596.2,-507790.1,415403.0,0.778,1.431,895.2,-0.31241,-65.22511,0.0,0,-1.0,-1.0,-1.0,-1.0
1791147063.58,1703146.6,510.9,126229.2,126229.2,355.5,1106.5,908.6,-16.97,250.79,-127.96,299.32,0.0,0.0,0.0,0.0,138596.2,-507790.1,415403.0,0.778,1.431,895.2,-0.31342,-65.19213,0.0,0,-1.0,-1.0,-1.0,-1.0
1791147064.08,1703147.1,511.4,126406.3,126406.3,352.9,1105.4,907.3,-19.29,251.25,-127.99,299.28,0.0,0.0,0.0,0.0,138596.2,-507790.1,415403.0,0.778,1.431,895.2,-0.31442,-65.15918,0.0,0,-1.0,-1.0,-1.0,-1.0
1791147064.59,1703147.6,511.9,126582.2,126582.2,350.3,1104.3,906.0,-21.6,251.73,-128.0,299.24,0.0,0.0,0.0,0.0,138596.2,-507790.1,415403.1,0.778,1.431,895.2,-0.31543,-65.12624,0.0,0,-1.0,-1.0,-1.0,-1.0
1791147065.09,1703148.1,512.4,126756.7,126756.7,347.7,1103.3,904.7,-23.92,252.21,-127.99,299.2,0.0,0.0,0.0,0.0,138596.2,-507790.0,415403.1,0.778,1.431,895.2,-0.31644,-65.09332,0.0,0,-1.0,-1.0,-1.0,-1.0
1791147065.59,1703148.6,512.9,126930.0,126930.0,345.2,1102.2,903.4,-26.23,252.7,-127.96,299.16,0.0,0.0,0.0,0.0,138596.2,-507790.0,415403.1,0.778,1.431,895.2,-0.31744,-65.06042,0.0,0,-1.0,-1.0,-1.0,-1.0
1791147066.09,1703149.1,513.4,127101.9,127101.9,342.6,1101.2,902.2,-28.54,253.21,-127.9,299.12,0.0,0.0,0.0,0.0,138596.2,-507790.0,415403.1,0.778,1.431,895.2,-0.31845,-65.02755,0.0,0,-1.0,-1.0,-1.0,-1.0
1791147066.59,1703149.4,513.9,127197.6,127197.6,341.1,1100.6,901.5,-29.84,253.5,-127.85,299.09,0.0,0.0,0.0,0.0,138596.2,-507790.0,415403.1,0.778,1.431,895.2,-0.31901,-65.00914,0.0,0,-1.0,-1.0,-1.0,-1.0
1791147067.1,1703149.4,514.4,127197.6,127197.6,341.1,1100.6,901.5,-29.84,253.5,-127.85,299.09,0.0,0.0,0.0,0.0,138596.2,-507790.0,415403.1,0.778,1.431,895.2,-0.31901,-65.00914,0.0,0,-1.0,-1.0,-1.0,-1.0
1791147067.6,1703149.5,514.9,127211.3,127211.3,340.9,1100.5,901.4,-30.02,253.55,-127.85,299.09,0.0,0.0,0.0,0.0,138596.2,-507790.0,415403.1,0.778,1.431,895.2,-0.31909,-65.00651,0.0,0,-1.0,-1.0,-1.0,-1.0
1791147068.1,1703149.5,515.4,127211.3,127211.3,340.9,1100.5,901.4,-30.02,253.55,-127.85,299.09,0.0,0.0,0.0,0.0,138596.2,-507790.0,415403.1,0.778,1.431,895.2,-0.31909,-65.00651,0.0,0,-1.0,-1.0,-1.0,-1.0
1791147068.6,1703149.5,515.9,127224.9,127224.9,340.7,1100.4,901.3,-30.21,253.59,-127.84,299.09,0.0,0.0,0.0,0.0,138596.2,-507790.0,415403.1,0.778,1.431,895.2,-0.31917,-65.00389,0.0,0,-1.0,-1.0,-1.0,-1.0
1791147069.1,1703149.5,516.4,127224.9,127224.9,340.7,1100.4,901.3,-30.21,253.59,-127.84,299.09,0.0,0.0,0.0,0.0,138596.2,-507790.0,415403.1,0.778,1.431,895.2,-0.31917,-65.00389,0.0,0,-1.0,-1.0,-1.0,-1.0
1791147069.6,1703149.5,516.9,127238.5,127238.5,340.5,1100.3,901.2,-30.39,253.63,-127.83,299.08,0.0,0.0,0.0,0.0,138596.2,-507790.0,415403.1,0.778,1.431,895.2,-0.31925,-65.00126,0.0,0,-1.0,-1.0,-1.0,-1.0
1791147070.1,1703149.5,517.4,127238.5,127238.5,340.5,1100.3,901.2,-30.39,253.63,-127.83,299.08,0.0,0.0,0.0,0.0,138596.2,-507790.0,415403.1,0.778,1.431,895.2,-0.31925,-65.00126,0.0,0,-1.0,-1.0,-1.0,-1.0
1791147070.61,1703149.6,517.9,127252.2,127252.2,340.3,1100.3,901.1,-30.58,253.67,-127.82,299.08,0.0,0.0,0.0,0.0,138596.2,-507790.0,415403.1,0.778,1.431,895.2,-0.31933,-64.99863,0.0,0,-1.0,-1.0,-1.0,-1.0
1791147071.11,1703149.6,518.4,127252.2,127252.2,340.3,1100.3,901.1,-30.58,253.67,-127.82,299.08,0.0,0.0,0.0,0.0,138596.2,-507790.0,415403.1,0.778,1.431,895.2,-0.31933,-64.99863,0.0,0,-1.0,-1.0,-1.0,-1.0
1791147071.61,1703149.6,518.9,127265.8,127265.8,340.1,1100.2,901.0,-30.76,253.72,-127.82,299.08,0.0,0.0,0.0,0.0,138596.2,-507790.0,415403.1,0.778,1.431,895.2,-0.31941,-64.996,0.0,0,-1.0,-1.0,-1.0,-1.0
1791147072.11,1703149.6,519.4,127265.8,127265.8,340.1,1100.2,901.0,-30.76,253.72,-127.82,299.08,0.0,0.0,0.0,0.0,138596.2,-507790.0,415403.1,0.778,1.431,895.2,-0.31941,-64.996,0.0,0,-1.0,-1.0,-1.0,-1.0
1791147072.61,1703149.7,519.9,127279.4,127279.4,339.9,1100.1,900.9,-30.95,253.76,-127.81,299.07,0.0,0.0,0.0,0.0,138596.2,-507790.0,415403.1,0.778,1.431,895.2,-0.31949,-64.99337,0.0,0,-1.0,-1.0,-1.0,-1.0
1791147073.11,1703149.7,520.4,127279.4,127279.4,339.9,1100.1,900.9,-30.95,253.76,-127.81,299.07,0.0,0.0,0.0,0.0,138596.2,-507790.0,415403.1,0.778,1.431,895.2,-0.31949,-64.99337,0.0,0,-1.0,-1.0,-1.0,-1.0
1791147073.61,1703149.7,520.9,127293.0,127293.0,339.7,1100.0,900.8,-31.13,253.8,-127.8,299.07,0.0,0.0,0.0,0.0,138596.2,-507790.0,415403.1,0.778,1.431,895.2,-0.31957,-64.99075,0.0,0,-1.0,-1.0,-1.0,-1.0
1791147074.12,1703149.7,521.4,127293.0,127293.0,339.7,1100.0,900.8,-31.13,253.8,-127.8,299.07,0.0,0.0,0.0,0.0,138596.2,-507790.0,415403.1,0.778,1.431,895.2,-0.31957,-64.99075,0.0,0,-1.0,-1.0,-1.0,-1.0
1791147074.62,1703149.7,521.9,127306.5,127306.5,339.5,1099.9,900.7,-31.32,253.84,-127.79,299.07,0.0,0.0,0.0,0.0,138596.2,-507790.0,415403.1,0.778,1.431,895.2,-0.31965,-64.98812,0.0,0,-1.0,-1.0,-1.0,-1.0
1791147075.12,1703149.7,522.4,127306.5,127306.5,339.5,1099.9,900.7,-31.32,253.84,-127.79,299.07,0.0,0.0,0.0,0.0,138596.2,-507790.0,415403.1,0.778,1.431,895.2,-0.31965,-64.98812,0.0,0,-1.0,-1.0,-1.0,-1.0
1791147075.62,1703149.8,522.9,127320.1,127320.1,339.3,1099.8,900.6,-31.5,253.89,-127.78,299.06,0.0,0.0,0.0,0.0,138596.2,-507790.0,415403.1,0.778,1.431,895.2,-0.31973,-64.98549,0.0,0,-1.0,-1.0,-1.0,-1.0
1791147076.12,1703149.8,523.5,127320.1,127320.1,339.3,1099.8,900.6,-31.5,253.89,-127.78,299.06,0.0,0.0,0.0,0.0,138596.2,-507790.0,415403.1,0.778,1.431,895.2,-0.31973,-64.98549,0.0,0,-1.0,-1.0,-1.0,-1.0
1791147076.62,1703149.8,524.0,127333.7,127333.7,339.1,1099.8,900.5,-31.69,253.93,-127.78,299.06,0.0,0.0,0.0,0.0,138596.2,-507790.0,415403.1,0.778,1.431,895.2,-0.31981,-64.98286,0.0,0,-1.0,-1.0,-1.0,-1.0
1791147077.12,1703149.8,524.5,127333.7,127333.7,339.1,1099.8,900.5,-31.69,253.93,-127.78,299.06,0.0,0.0,0.0,0.0,138596.2,-507790.0,415403.1,0.778,1.431,895.2,-0.31981,-64.98286,0.0,0,-1.0,-1.0,-1.0,-1.0
1791147077.63,1703149.9,525.0,127347.3,127347.3,338.8,1099.7,900.4,-31.87,253.97,-127.77,299.06,0.0,0.0,0.0,0.0,138596.2,-507790.0,415403.1,0.778,1.431,895.2,-0.31989,-64.98024,0.0,0,-1.0,-1.0,-1.0,-1.0
1791147078.13,1703149.9,525.5,127347.3,127347.3,338.8,1099.7,900.4,-31.87,253.97,-127.77,299.06,0.0,0.0,0.0,0.0,138596.2,-507790.0,415403.1,0.778,1.431,895.2,-0.31989,-64.98024,0.0,0,-1.0,-1.0,-1.0,-1.0
1791147078.63,1703149.9,526.0,127360.8,127360.8,338.6,1099.6,900.3,-32.06,254.02,-127.76,299.05,0.0,0.0,0.0,0.0,138596.2,-507790.0,415403.1,0.778,1.431,895.2,-0.31997,-64.97761,0.0,0,-1.0,-1.0,-1.0,-1.0
1791147079.13,1703149.9,526.5,127360.8,127360.8,338.6,1099.6,900.3,-32.06,254.02,-127.76,299.05,0.0,0.0,0.0,0.0,138596.2,-507790.0,415403.1,0.778,1.431,895.2,-0.31997,-64.97761,0.0,0,-1.0,-1.0,-1.0,-1.0
1791147079.63,1703149.9,527.0,127374.3,127374.3,338.4,1099.5,900.2,-32.24,254.06,-127.75,299.05,0.0,0.0,0.0,0.0,138596.2,-507790.0,415403.1,0.778,1.431,895.2,-0.32005,-64.97498,0.0,0,-1.0,-1.0,-1.0,-1.0
1791147080.13,1703149.9,527.5,127374.3,127374.3,338.4,1099.5,900.2,-32.24,254.06,-127.75,299.05,0.0,0.0,0.0,0.0,138596.2,-507790.0,415403.1,0.778,1.431,895.2,-0.32005,-64.97498,0.0,0,-1.0,-1.0,-1.0,-1.0
1791147080.63,1703150.0,528.0,127387.9,127387.9,338.2,1099.4,900.1,-32.43,254.11,-127.74,299.05,0.0,0.0,0.0,0.0,138596.2,-507790.0,415403.1,0.778,1.431,895.2,-0.32013,-64.97236,0.0,0,-1.0,-1.0,-1.0,-1.0
1791147081.14,1703150.0,528.5,127387.9,127387.9,338.2,1099.4,900.1,-32.43,254.11,-127.74,299.05,0.0,0.0,0.0,0.0,138596.2,-507790.0,415403.1,0.778,1.431,895.2,-0.32013,-64.97236,0.0,0,-1.0,-1.0,-1.0,-1.0
1791147081.64,1703150.0,529.0,127401.4,127401.4,338.0,1099.3,900.0,-32.61,254.15,-127.73,299.04,0.0,0.0,0.0,0.0,138596.2,-507790.0,415403.1,0.778,1.431,895.2,-0.32021,-64.96973,0.0,0,-1.0,-1.0,-1.0,-1.0
1791147082.14,1703150.0,529.5,127401.4,127401.4,338.0,1099.3,900.0,-32.61,254.15,-127.73,299.04,0.0,0.0,0.0,0.0,138596.2,-507790.0,415403.1,0.778,1.431,895.2,-0.32021,-64.96973,0.0,0,-1.0,-1.0,-1.0,-1.0
1791147082.64,1703150.1,530.0,127414.9,127414.9,337.8,1099.3,899.9,-32.8,254.19,-127.72,299.04,0.0,0.0,0.0,0.0,138596.2,-507790.0,415403.1,0.778,1.431,895.2,-0.32029,-64.9671,0.0,0,-1.0,-1.0,-1.0,-1.0
1791147083.14,1703150.1,530.5,127414.9,127414.9,337.8,1099.3,899.9,-32.8,254.19,-127.72,299.04,0.0,0.0,0.0,0.0,138596.2,-507790.0,415403.1,0.778,1.431,895.2,-0.32029,-64.9671,0.0,0,-1.0,-1.0,-1.0,-1.0
1791147083.64,1703150.1,531.0,127428.4,127428.4,337.6,1099.2,899.8,-32.98,254.24,-127.71,299.04,0.0,0.0,0.0,0.0,138596.2,-507790.0,415403.1,0.778,1.431,895.2,-0.32037,-64.96448,0.0,0,-1.0,-1.0,-1.0,-1.0
1791147084.14,1703150.1,531.5,127428.4,127428.4,337.6,1099.2,899.8,-32.98,254.24,-127.71,299.04,0.0,0.0,0.0,0.0,138596.2,-507790.0,415403.1,0.778,1.431,895.2,-0.32037,-64.96448,0.0,0,-1.0,-1.0,-1.0,-1.0
1791147084.65,1703150.1,532.0,127441.9,127441.9,337.4,1099.1,899.7,-33.17,254.28,-127.7,299.04,0.0,0.0,0.0,0.0,138596.2,-507790.0,415403.1,0.778,1.431,895.2,-0.32045,-64.96185,0.0,0,-1.0,-1.0,-1.0,-1.0
1791147085.15,1703150.1,532.5,127441.9,127441.9,337.4,1099.1,899.7,-33.17,254.28,-127.7,299.04,0.0,0.0,0.0,0.0,138596.2,-507790.0,415403.1,0.778,1.431,895.2,-0.32045,-64.96185,0.0,0,-1.0,-1.0,-1.0,-1.0
1791147085.65,1703150.2,533.0,127455.4,127455.4,337.2,1099.0,899.6,-33.35,254.33,-127.69,299.03,0.0,0.0,0.0,0.0,138596.2,-507790.0,415403.1,0.778,1.431,895.2,-0.32053,-64.95922,0.0,0,-1.0,-1.0,-1.0,-1.0
1791147086.15,1703150.2,533.5,127455.4,127455.4,337.2,1099.0,899.6,-33.35,254.33,-127.69,299.03,0.0,0.0,0.0,0.0,138596.2,-507790.0,415403.1,0.778,1.431,895.2,-0.32053,-64.95922,0.0,0,-1.0,-1.0,-1.0,-1.0
1791147086.65,1703150.2,534.0,127468.9,127468.9,337.0,1098.9,899.5,-33.54,254.37,-127.68,299.03,0.0,0.0,0.0,0.0,138596.2,-507790.0,415403.1,0.778,1.431,895.2,-0.32061,-64.9566,0.0,0,-1.0,-1.0,-1.0,-1.0
1791147087.15,1703150.2,534.5,127468.9,127468.9,337.0,1098.9,899.5,-33.54,254.37,-127.68,299.03,0.0,0.0,0.0,0.0,138596.2,-507790.0,415403.1,0.778,1.431,895.2,-0.32061,-64.9566,0.0,0,-1.0,-1.0,-1.0,-1.0
1791147087.65,1703150.3,535.0,127482.4,127482.4,336.8,1098.9,899.4,-33.72,254.42,-127.67,299.03,0.0,0.0,0.0,0.0,138596.2,-507790.0,415403.1,0.778,1.431,895.2,-0.3207,-64.95397,0.0,0,-1.0,-1.0,-1.0,-1.0
1791147088.16,1703150.3,535.5,127482.4,127482.4,336.8,1098.9,899.4,-33.72,254.42,-127.67,299.03,0.0,0.0,0.0,0.0,138596.2,-507790.0,415403.1,0.778,1.431,895.2,-0.3207,-64.95397,0.0,0,-1.0,-1.0,-1.0,-1.0
1791147088.66,1703150.3,536.0,127495.9,127495.9,336.6,1098.8,899.3,-33.91,254.46,-127.66,299.02,0.0,0.0,0.0,0.0,138596.2,-507790.0,415403.1,0.778,1.431,895.2,-0.32078,-64.95134,0.0,0,-1.0,-1.0,-1.0,-1.0
1791147089.16,1703150.3,536.5,127495.9,127495.9,336.6,1098.8,899.3,-33.91,254.46,-127.66,299.02,0.0,0.0,0.0,0.0,138596.2,-507790.0,415403.1,0.778,1.431,895.2,-0.32078,-64.95134,0.0,0,-1.0,-1.0,-1.0,-1.0
1791147089.66,1703150.3,537.0,127509.3,127509.3,336.4,1098.7,899.2,-34.09,254.51,-127.64,299.02,0.0,0.0,0.0,0.0,138596.2,-507790.0,415403.1,0.778,1.431,895.2,-0.32086,-64.94872,0.0,0,-1.0,-1.0,-1.0,-1.0
1791147090.16,1703150.3,537.5,127509.3,127509.3,336.4,1098.7,899.2,-34.09,254.51,-127.64,299.02,0.0,0.0,0.0,0.0,138596.2,-507790.0,415403.1,0.778,1.431,895.2,-0.32086,-64.94872,0.0,0,-1.0,-1.0,-1.0,-1.0
1791147090.66,1703150.4,538.0,127522.8,127522.8,336.2,1098.6,899.1,-34.28,254.55,-127.63,299.02,0.0,0.0,0.0,0.0,138596.2,-507789.9,415403.1,0.778,1.431,895.2,-0.32094,-64.94609,0.0,0,-1.0,-1.0,-1.0,-1.0
1791147091.16,1703150.4,538.5,127522.8,127522.8,336.2,1098.6,899.1,-34.28,254.55,-127.63,299.02,0.0,0.0,0.0,0.0,138596.2,-507789.9,415403.1,0.778,1.431,895.2,-0.32094,-64.94609,0.0,0,-1.0,-1.0,-1.0,-1.0
1791147091.67,1703150.4,539.0,127536.2,127536.2,336.0,1098.5,899.0,-34.46,254.6,-127.62,299.01,0.0,0.0,0.0,0.0,138596.2,-507789.9,415403.1,0.778,1.431,895.2,-0.32102,-64.94347,0.0,0,-1.0,-1.0,-1.0,-1.0
1791147092.17,1703150.4,539.5,127536.2,127536.2,336.0,1098.5,899.0,-34.46,254.6,-127.62,299.01,0.0,0.0,0.0,0.0,138596.2,-507789.9,415403.1,0.778,1.431,895.2,-0.32102,-64.94347,0.0,0,-1.0,-1.0,-1.0,-1.0
1791147092.67,1703150.5,540.0,127549.7,127549.6,335.7,1098.4,898.9,-34.65,254.64,-127.61,299.01,0.0,0.0,0.0,0.0,138596.2,-507789.9,415403.1,0.778,1.431,895.2,-0.3211,-64.94084,0.0,0,-1.0,-1.0,-1.0,-1.0
1791147093.17,1703150.5,540.5,127549.7,127549.6,335.7,1098.4,898.9,-34.65,254.64,-127.61,299.01,0.0,0.0,0.0,0.0,138596.2,-507789.9,415403.1,0.778,1.431,895.2,-0.3211,-64.94084,0.0,0,-1.0,-1.0,-1.0,-1.0
1791147093.67,1703150.5,541.0,127563.1,127563.1,335.5,1098.4,898.8,-34.83,254.69,-127.6,299.01,0.0,0.0,0.0,0.0,138596.2,-507789.9,415403.1,0.778,1.431,895.2,-0.32118,-64.93822,0.0,0,-1.0,-1.0,-1.0,-1.0
1791147094.17,1703150.5,541.5,127563.1,127563.1,335.5,1098.4,898.8,-34.83,254.69,-127.6,299.01,0.0,0.0,0.0,0.0,138596.2,-507789.9,415403.1,0.778,1.431,895.2,-0.32118,-64.93822,0.0,0,-1.0,-1.0,-1.0,-1.0
1791147094.67,1703150.5,542.0,127576.5,127576.5,335.3,1098.3,898.7,-35.02,254.73,-127.58,299.0,0.0,0.0,0.0,0.0,138596.2,-507789.9,415403.1,0.778,1.431,895.2,-0.32126,-64.93559,0.0,0,-1.0,-1.0,-1.0,-1.0
1791147095.18,1703150.5,542.5,127576.5,127576.5,335.3,1098.3,898.7,-35.02,254.73,-127.58,299.0,0.0,0.0,0.0,0.0,138596.2,-507789.9,415403.1,0.778,1.431,895.2,-0.32126,-64.93559,0.0,0,-1.0,-1.0,-1.0,-1.0
1791147095.68,1703150.6,543.0,127589.9,127589.9,335.1,1098.2,898.6,-35.2,254.78,-127.57,299.0,0.0,0.0,0.0,0.0,138596.2,-507789.9,415403.1,0.778,1.431,895.2,-0.32134,-64.93297,0.0,0,-1.0,-1.0,-1.0,-1.0
1791147096.18,1703150.6,543.5,127589.9,127589.9,335.1,1098.2,898.6,-35.2,254.78,-127.57,299.0,0.0,0.0,0.0,0.0,138596.2,-507789.9,415403.1,0.778,1.431,895.2,-0.32134,-64.93297,0.0,0,-1.0,-1.0,-1.0,-1.0
1791147096.68,1703150.6,544.0,127603.3,127603.3,334.9,1098.1,898.5,-35.38,254.83,-127.56,299.0,0.0,0.0,0.0,0.0,138596.2,-507789.9,415403.1,0.778,1.431,895.2,-0.32142,-64.93034,0.0,0,-1.0,-1.0,-1.0,-1.0
1791147097.18,1703150.6,544.5,127603.3,127603.3,334.9,1098.1,898.5,-35.38,254.83,-127.56,299.0,0.0,0.0,0.0,0.0,138596.2,-507789.9,415403.1,0.778,1.431,895.2,-0.32142,-64.93034,0.0,0,-1.0,-1.0,-1.0,-1.0
1791147097.68,1703150.7,545.0,127616.7,127616.7,334.7,1098.0,898.4,-35.57,254.87,-127.55,298.99,0.0,0.0,0.0,0.0,138596.2,-507789.9,415403.1,0.778,1.431,895.2,-0.3215,-64.92772,0.0,0,-1.0,-1.0,-1.0,-1.0
1791147098.18,1703150.7,545.5,127616.7,127616.7,334.7,1098.0,898.4,-35.57,254.87,-127.55,298.99,0.0,0.0,0.0,0.0,138596.2,-507789.9,415403.1,0.778,1.431,895.2,-0.3215,-64.92772,0.0,0,-1.0,-1.0,-1.0,-1.0
1791147098.69,1703150.7,546.0,127630.1,127630.1,334.5,1098.0,898.3,-35.75,254.92,-127.53,298.99,0.0,0.0,0.0,0.0,138596.2,-507789.9,415403.1,0.778,1.431,895.2,-0.32158,-64.92509,0.0,0,-1.0,-1.0,-1.0,-1.0
1791147099.19,1703150.7,546.5,127630.1,127630.1,334.5,1098.0,898.3,-35.75,254.92,-127.53,298.99,0.0,0.0,0.0,0.0,138596.2,-507789.9,415403.1,0.778,1.431,895.2,-0.32158,-64.92509,0.0,0,-1.0,-1.0,-1.0,-1.0
1791147099.69,1703150.9,547.0,127703.6,127703.6,333.4,1097.5,897.8,-36.77,255.18,-127.46,298.97,0.0,0.0,0.0,0.0,138596.2,-507789.9,415403.1,0.778,1.431,895.2,-0.32202,-64.91066,0.0,0,-1.0,-1.0,-1.0,-1.0
1791147100.19,1703151.4,547.5,127869.6,127869.6,330.8,1096.5,896.5,-39.08,255.79,-127.25,298.93,0.0,0.0,0.0,0.0,138596.2,-507789.9,415403.1,0.778,1.431,895.2,-0.32302,-64.87787,0.0,0,-1.0,-1.0,-1.0,-1.0
1791147100.69,1703151.9,548.0,128034.4,128034.4,328.2,1095.5,895.3,-41.38,256.44,-127.01,298.89,0.0,0.0,0.0,0.0,138596.2,-507789.9,415403.2,0.778,1.431,895.2,-0.32402,-64.8451,0.0,0,-1.0,-1.0,-1.0,-1.0
1791147101.2,1703152.4,548.5,128197.9,128197.9,325.6,1094.5,894.1,-43.69,257.12,-126.72,298.85,0.0,0.0,0.0,0.0,138596.2,-507789.9,415403.2,0.778,1.431,895.2,-0.32502,-64.81234,0.0,0,-1.0,-1.0,-1.0,-1.0
1791147101.7,1703152.8,549.0,128308.3,128308.3,323.9,1093.8,893.3,-45.25,257.62,-126.49,298.82,0.0,0.0,0.0,0.0,138596.2,-507789.9,415403.2,0.778,1.431,895.2,-0.3257,-64.79008,0.0,0,-1.0,-1.0,-1.0,-1.0
1791147102.2,1703153.3,549.5,128476.0,128476.0,321.2,1092.8,892.1,-47.64,258.42,-126.09,298.78,0.0,0.0,0.0,0.0,138596.2,-507789.8,415403.2,0.778,1.431,895.2,-0.32674,-64.75605,0.0,0,-1.0,-1.0,-1.0,-1.0
1791147102.7,1703153.8,550.0,128636.0,128636.0,318.6,1091.8,890.9,-49.93,259.26,-125.63,298.74,0.0,0.0,0.0,0.0,138596.2,-507789.8,415403.2,0.778,1.431,895.2,-0.32774,-64.72335,0.0,0,-1.0,-1.0,-1.0,-1.0
1791147103.2,1703154.3,550.5,128794.6,128794.6,316.0,1090.9,889.7,-52.22,260.17,-125.09,298.69,0.0,0.0,0.0,0.0,138596.2,-507789.8,415403.2,0.778,1.431,895.2,-0.32874,-64.69066,0.0,0,-1.0,-1.0,-1.0,-1.0
1791147103.71,1703154.8,551.0,128952.0,128952.0,313.5,1089.9,888.5,-54.5,261.17,-124.46,298.65,0.0,0.0,0.0,0.0,138596.3,-507789.8,415403.2,0.778,1.431,895.2,-0.32974,-64.658,0.0,0,-1.0,-1.0,-1.0,-1.0
1791147104.21,1703155.3,551.5,129108.1,129108.1,310.9,1089.0,887.4,-56.77,262.28,-123.71,298.61,0.0,0.0,0.0,0.0,138596.3,-507789.8,415403.2,0.778,1.431,895.2,-0.33074,-64.62535,0.0,0,-1.0,-1.0,-1.0,-1.0
1791147104.71,1703155.8,552.0,129262.9,129262.9,308.3,1088.0,886.2,-59.04,263.53,-122.82,298.57,0.0,0.0,0.0,0.0,138596.3,-507789.8,415403.2,0.778,1.431,895.2,-0.33173,-64.59271,0.0,0,-1.0,-1.0,-1.0,-1.0
1791147105.21,1703156.3,552.5,129410.3,129410.3,305.8,1087.1,885.1,-61.2,264.88,-121.81,298.53,0.0,0.0,0.0,0.0,138596.3,-507789.8,415403.3,0.778,1.431,895.2,-0.33269,-64.5614,0.0,0,-1.0,-1.0,-1.0,-1.0
1791147105.71,1703156.8,553.0,129568.7,129568.7,303.2,1086.2,884.0,-63.52,266.56,-120.5,298.49,0.0,0.0,0.0,0.0,138596.3,-507789.8,415403.3,0.778,1.431,895.2,-0.33372,-64.5275,0.0,0,-1.0,-1.0,-1.0,-1.0
1791147106.22,1703157.2,553.5,129695.6,129695.6,301.0,1085.4,883.0,-65.39,268.11,-119.24,298.46,0.0,0.0,0.0,0.0,138596.3,-507789.7,415403.3,0.778,1.431,895.2,-0.33456,-64.50013,0.0,0,-1.0,-1.0,-1.0,-1.0
1791147106.72,1703157.7,554.0,129845.4,129845.4,298.4,1084.5,881.9,-67.58,270.27,-117.42,298.41,0.0,0.0,0.0,0.0,138596.3,-507789.7,415403.3,0.778,1.431,895.2,-0.33555,-64.46757,0.0,0,-1.0,-1.0,-1.0,-1.0
1791147107.22,1703158.2,554.6,129994.0,129994.0,295.9,1083.6,880.8,-69.74,272.86,-115.18,298.37,0.0,0.0,0.0,0.0,138596.3,-507789.7,415403.3,0.778,1.431,895.2,-0.33655,-64.43502,0.0,0,-1.0,-1.0,-1.0,-1.0
1791147107.72,1703158.7,555.1,130141.3,130141.3,293.3,1082.7,879.7,-71.86,276.02,-112.37,298.33,0.0,0.0,0.0,0.0,138596.3,-507789.7,415403.3,0.778,1.431,895.2,-0.33754,-64.40248,0.0,0,-1.0,-1.0,-1.0,-1.0
1791147108.23,1703159.2,555.6,130287.3,130287.3,290.7,1081.8,878.6,-73.92,279.95,-108.78,298.29,0.0,0.0,0.0,0.0,138596.3,-507789.7,415403.3,0.778,1.431,895.2,-0.33853,-64.36997,0.0,0,-1.0,-1.0,-1.0,-1.0
1791147108.73,1703159.7,556.1,130432.0,130432.0,288.2,1080.9,877.5,-75.89,284.95,-104.11,298.25,0.0,0.0,0.0,0.0,138596.3,-507789.7,415403.3,0.778,1.431,895.2,-0.33953,-64.33747,0.0,0,-1.0,-1.0,-1.0,-1.0
1791147109.23,1703160.2,556.6,130575.5,130575.5,285.6,1080.0,876.5,-77.72,291.46,-97.94,298.21,0.0,0.0,0.0,0.0,138596.3,-507789.7,415403.3,0.778,1.431,895.2,-0.34052,-64.30498,0.0,0,-1.0,-1.0,-1.0,-1.0
1791147109.73,1703160.7,557.1,130717.6,130717.6,283.0,1079.1,875.4,-79.36,300.05,-89.69,298.17,0.0,0.0,0.0,0.0,138596.3,-507789.7,415403.3,0.778,1.431,895.2,-0.34151,-64.27251,0.0,0,-1.0,-1.0,-1.0,-1.0
1791147110.23,1703161.2,557.6,130858.5,130858.5,280.5,1078.3,874.3,-80.69,311.34,-78.73,298.13,0.0,0.0,0.0,0.0,138596.3,-507789.7,415403.3,0.778,1.431,895.2,-0.3425,-64.24006,0.0,0,-1.0,-1.0,-1.0,-1.0
1791147110.73,1703161.7,558.1,130998.1,130998.1,277.9,1077.4,873.3,-81.58,326.22,-64.2,298.09,0.0,0.0,0.0,0.0,138596.4,-507789.7,415403.3,0.778,1.431,895.2,-0.34349,-64.20762,0.0,0,-1.0,-1.0,-1.0,-1.0
1791147111.24,1703162.2,558.6,131141.9,131141.9,275.2,1076.5,872.2,-81.83,342.54,-48.21,298.05,0.0,0.0,0.0,0.0,138596.4,-507789.7,415403.3,0.778,1.431,895.2,-0.34452,-64.17391,0.0,0,-1.0,-1.0,-1.0,-1.0
1791147111.74,1703162.7,559.1,131278.9,131278.9,272.7,1075.7,871.2,-81.42,358.54,-32.54,298.0,0.0,0.0,0.0,0.0,138596.4,-507789.7,415403.3,0.778,1.431,895.2,-0.34551,-64.1415,0.0,0,-1.0,-1.0,-1.0,-1.0
1791147112.24,1703163.2,559.6,131414.6,131414.6,270.1,1074.8,870.2,-80.43,12.18,-19.23,297.96,0.0,0.0,0.0,0.0,138596.4,-507789.7,415403.3,0.778,1.431,895.2,-0.34649,-64.10911,0.0,0,-1.0,-1.0,-1.0,-1.0
1791147112.74,1703163.7,560.1,131549.0,131549.0,267.5,1074.0,869.2,-79.03,22.85,-8.9,297.92,0.0,0.0,0.0,0.0,138596.4,-507789.7,415403.3,0.778,1.431,895.2,-0.34748,-64.07674,0.0,0,-1.0,-1.0,-1.0,-1.0
1791147113.24,1703164.2,560.6,131682.1,131682.1,265.0,1073.2,868.1,-77.34,30.93,-1.15,297.88,0.0,0.0,0.0,0.0,138596.4,-507789.7,415403.3,0.778,1.431,895.2,-0.34847,-64.04438,0.0,0,-1.0,-1.0,-1.0,-1.0
1791147113.75,1703164.7,561.1,131814.0,131814.0,262.4,1072.4,867.2,-75.47,37.07,4.65,297.84,0.0,0.0,0.0,0.0,138596.4,-507789.7,415403.3,0.778,1.431,895.2,-0.34946,-64.01203,0.0,0,-1.0,-1.0,-1.0,-1.0
1791147114.25,1703165.2,561.6,131944.5,131944.5,259.9,1071.6,866.2,-73.48,41.81,9.06,297.8,0.0,0.0,0.0,0.0,138596.4,-507789.7,415403.3,0.778,1.431,895.2,-0.35044,-63.9797,0.0,0,-1.0,-1.0,-1.0,-1.0
1791147114.75,1703165.7,562.1,132073.8,132073.8,257.3,1070.8,865.2,-71.41,45.55,12.46,297.76,0.0,0.0,0.0,0.0,138596.4,-507789.7,415403.3,0.778,1.431,895.2,-0.35143,-63.94738,0.0,0,-1.0,-1.0,-1.0,-1.0
1791147115.25,1703166.2,562.6,132201.8,132201.8,254.8,1070.0,864.2,-69.27,48.56,15.13,297.72,0.0,0.0,0.0,0.0,138596.4,-507789.7,415403.3,0.778,1.431,895.2,-0.35241,-63.91508,0.0,0,-1.0,-1.0,-1.0,-1.0
1791147115.75,1703166.7,563.1,132328.6,132328.6,252.2,1069.2,863.3,-67.1,51.04,17.28,297.68,0.0,0.0,0.0,0.0,138596.4,-507789.7,415403.3,0.778,1.431,895.2,-0.3534,-63.88279,0.0,0,-1.0,-1.0,-1.0,-1.0
1791147116.26,1703167.2,563.6,132459.0,132459.0,249.5,1068.4,862.3,-64.81,53.19,19.07,297.64,0.0,0.0,0.0,0.0,138596.4,-507789.7,415403.3,0.778,1.431,895.2,-0.35442,-63.84923,0.0,0,-1.0,-1.0,-1.0,-1.0
1791147116.76,1703167.7,564.1,132583.2,132583.2,247.0,1067.7,861.3,-62.58,54.95,20.48,297.6,0.0,0.0,0.0,0.0,138596.4,-507789.8,415403.3,0.778,1.431,895.2,-0.3554,-63.81697,0.0,0,-1.0,-1.0,-1.0,-1.0
1791147117.26,1703168.2,564.6,132706.0,132706.0,244.4,1066.9,860.4,-60.34,56.47,21.65,297.56,0.0,0.0,0.0,0.0,138596.4,-507789.8,415403.3,0.778,1.431,895.2,-0.35639,-63.78472,0.0,0,-1.0,-1.0,-1.0,-1.0
1791147117.76,1703168.7,565.1,132822.7,132822.7,242.0,1066.2,859.5,-58.17,57.75,22.6,297.52,0.0,0.0,0.0,0.0,138596.4,-507789.8,415403.3,0.778,1.431,895.2,-0.35733,-63.75378,0.0,0,-1.0,-1.0,-1.0,-1.0
1791147118.27,1703169.2,565.6,132943.1,132943.1,239.4,1065.4,858.6,-55.9,58.93,23.43,297.48,0.0,0.0,0.0,0.0,138596.4,-507789.8,415403.3,0.778,1.431,895.2,-0.35831,-63.72156,0.0,0,-1.0,-1.0,-1.0,-1.0
1791147118.77,1703169.7,566.1,133062.1,133062.1,236.9,1064.7,857.7,-53.62,59.99,24.13,297.44,0.0,0.0,0.0,0.0,138596.5,-507789.8,415403.3,0.778,1.431,895.2,-0.35929,-63.68935,0.0,0,-1.0,-1.0,-1.0,-1.0
1791147119.27,1703170.2,566.6,133179.9,133179.9,234.3,1064.0,856.8,-51.33,60.94,24.73,297.4,0.0,0.0,0.0,0.0,138596.5,-507789.8,415403.3,0.778,1.431,895.2,-0.36027,-63.65716,0.0,0,-1.0,-1.0,-1.0,-1.0
1791147119.77,1703170.7,567.1,133296.5,133296.5,231.8,1063.3,855.9,-49.04,61.81,25.23,297.36,0.0,0.0,0.0,0.0,138596.5,-507789.8,415403.3,0.778,1.431,895.2,-0.36125,-63.62498,0.0,0,-1.0,-1.0,-1.0,-1.0
1791147120.27,1703171.2,567.6,133411.7,133411.7,229.2,1062.5,855.1,-46.74,62.61,25.66,297.31,0.0,0.0,0.0,0.0,138596.5,-507789.9,415403.3,0.778,1.431,895.2,-0.36223,-63.59281,0.0,0,-1.0,-1.0,-1.0,-1.0
1791147120.77,1703171.7,568.1,133525.7,133525.7,226.7,1061.8,854.2,-44.44,63.35,26.03,297.27,0.0,0.0,0.0,0.0,138596.5,-507789.9,415403.3,0.778,1.431,895.2,-0.36321,-63.56065,0.0,0,-1.0,-1.0,-1.0,-1.0
1791147121.27,1703172.2,568.6,133638.4,133638.4,224.1,1061.1,853.3,-42.13,64.04,26.34,297.23,0.0,0.0,0.0,0.0,138596.5,-507789.9,415403.3,0.778,1.431,895.2,-0.36419,-63.52851,0.0,0,-1.0,-1.0,-1.0,-1.0
1791147121.77,1703172.7,569.1,133749.8,133749.8,221.6,1060.5,852.5,-39.82,64.68,26.6,297.19,0.0,0.0,0.0,0.0,138596.5,-507789.9,415403.3,0.778,1.431,895.2,-0.36517,-63.49638,0.0,0,-1.0,-1.0,-1.0,-1.0
1791147122.28,1703173.2,569.6,133859.9,133859.9,219.0,1059.8,851.6,-37.51,65.29,26.81,297.15,0.0,0.0,0.0,0.0,138596.5,-507789.9,415403.3,0.778,1.431,895.2,-0.36615,-63.46426,0.0,0,-1.0,-1.0,-1.0,-1.0
1791147122.78,1703173.7,570.1,133968.8,133968.8,216.5,1059.1,850.8,-35.19,65.86,26.99,297.11,0.0,0.0,0.0,0.0,138596.5,-507789.9,415403.3,0.778,1.431,895.2,-0.36712,-63.43215,0.0,0,-1.0,-1.0,-1.0,-1.0
1791147123.28,1703174.2,570.6,134072.1,134072.1,214.1,1058.5,850.0,-32.97,66.39,27.13,297.07,0.0,0.0,0.0,0.0,138596.5,-507790.0,415403.3,0.778,1.431,895.2,-0.36806,-63.40134,0.0,0,-1.0,-1.0,-1.0,-1.0
1791147123.78,1703174.4,571.1,134119.1,134119.1,212.9,1058.2,849.7,-31.95,66.62,27.18,297.06,0.0,0.0,0.0,0.0,138596.5,-507790.0,415403.3,0.778,1.431,895.2,-0.36849,-63.38723,0.0,0,-1.0,-1.0,-1.0,-1.0
1791147124.28,1703174.4,571.6,134119.1,134119.1,212.9,1058.2,849.7,-31.95,66.62,27.18,297.06,0.0,0.0,0.0,0.0,138596.5,-507790.0,415403.3,0.778,1.431,895.2,-0.36849,-63.38723,0.0,0,-1.0,-1.0,-1.0,-1.0
1791147124.78,1703174.5,572.1,134127.6,134127.6,212.7,1058.1,849.6,-31.77,66.67,27.19,297.05,0.0,0.0,0.0,0.0,138596.5,-507790.0,415403.3,0.778,1.431,895.2,-0.36857,-63.38466,0.0,0,-1.0,-1.0,-1.0,-1.0
1791147125.29,1703174.5,572.6,134127.6,134127.6,212.7,1058.1,849.6,-31.77,66.67,27.19,297.05,0.0,0.0,0.0,0.0,138596.5,-507790.0,415403.3,0.778,1.431,895.2,-0.36857,-63.38466,0.0,0,-1.0,-1.0,-1.0,-1.0
1791147125.79,1703174.5,573.1,134136.1,134136.1,212.5,1058.1,849.5,-31.58,66.71,27.2,297.05,0.0,0.0,0.0,0.0,138596.5,-507790.0,415403.3,0.778,1.431,895.2,-0.36865,-63.38209,0.0,0,-1.0,-1.0,-1.0,-1.0
1791147126.29,1703174.5,573.6,134136.1,134136.1,212.5,1058.1,849.5,-31.58,66.71,27.2,297.05,0.0,0.0,0.0,0.0,138596.5,-507790.0,415403.3,0.778,1.431,895.2,-0.36865,-63.38209,0.0,0,-1.0,-1.0,-1.0,-1.0
1791147126.79,1703174.5,574.1,134144.6,134144.6,212.3,1058.0,849.5,-31.4,66.75,27.21,297.05,0.0,0.0,0.0,0.0,138596.5,-507790.0,415403.3,0.778,1.431,895.2,-0.36872,-63.37953,0.0,0,-1.0,-1.0,-1.0,-1.0
1791147127.29,1703174.5,574.6,134144.6,134144.6,212.3,1058.0,849.5,-31.4,66.75,27.21,297.05,0.0,0.0,0.0,0.0,138596.5,-507790.0,415403.3,0.778,1.431,895.2,-0.36872,-63.37953,0.0,0,-1.0,-1.0,-1.0,-1.0
1791147127.8,1703174.6,575.1,134153.1,134153.1,212.1,1058.0,849.4,-31.21,66.79,27.22,297.04,0.0,0.0,0.0,0.0,138596.5,-507790.0,415403.3,0.778,1.431,895.2,-0.3688,-63.37696,0.0,0,-1.0,-1.0,-1.0,-1.0
1791147128.3,1703174.6,575.6,134153.1,134153.1,212.1,1058.0,849.4,-31.21,66.79,27.22,297.04,0.0,0.0,0.0,0.0,138596.5,-507790.0,415403.3,0.778,1.431,895.2,-0.3688,-63.37696,0.0,0,-1.0,-1.0,-1.0,-1.0
1791147128.8,1703174.6,576.1,134161.5,134161.5,211.9,1057.9,849.3,-31.02,66.83,27.22,297.04,0.0,0.0,0.0,0.0,138596.5,-507790.0,415403.2,0.778,1.431,895.2,-0.36888,-63.37439,0.0,0,-1.0,-1.0,-1.0,-1.0
1791147129.3,1703174.6,576.6,134161.5,134161.5,211.9,1057.9,849.3,-31.02,66.83,27.22,297.04,0.0,0.0,0.0,0.0,138596.5,-507790.0,415403.2,0.778,1.431,895.2,-0.36888,-63.37439,0.0,0,-1.0,-1.0,-1.0,-1.0
1791147129.8,1703174.7,577.1,134170.0,134170.0,211.7,1057.8,849.3,-30.84,66.87,27.23,297.04,0.0,0.0,0.0,0.0,138596.5,-507790.0,415403.2,0.778,1.431,895.2,-0.36896,-63.37183,0.0,0,-1.0,-1.0,-1.0,-1.0
1791147130.31,1703174.7,577.6,134170.0,134170.0,211.7,1057.8,849.3,-30.84,66.87,27.23,297.04,0.0,0.0,0.0,0.0,138596.5,-507790.0,415403.2,0.778,1.431,895.2,-0.36896,-63.37183,0.0,0,-1.0,-1.0,-1.0,-1.0
1791147130.81,1703174.7,578.1,134178.5,134178.5,211.5,1057.8,849.2,-30.65,66.92,27.24,297.03,0.0,0.0,0.0,0.0,138596.5,-507790.0,415403.2,0.778,1.431,895.2,-0.36904,-63.36926,0.0,0,-1.0,-1.0,-1.0,-1.0
1791147131.31,1703174.7,578.6,134178.5,134178.5,211.5,1057.8,849.2,-30.65,66.92,27.24,297.03,0.0,0.0,0.0,0.0,138596.5,-507790.0,415403.2,0.778,1.431,895.2,-0.36904,-63.36926,0.0,0,-1.0,-1.0,-1.0,-1.0
1791147131.81,1703174.7,579.1,134186.9,134186.9,211.3,1057.7,849.1,-30.47,66.96,27.25,297.03,0.0,0.0,0.0,0.0,138596.5,-507790.0,415403.2,0.778,1.431,895.2,-0.36912,-63.36669,0.0,0,-1.0,-1.0,-1.0,-1.0
1791147132.32,1703174.7,579.6,134186.9,134186.9,211.3,1057.7,849.1,-30.47,66.96,27.25,297.03,0.0,0.0,0.0,0.0,138596.5,-507790.0,415403.2,0.778,1.431,895.2,-0.36912,-63.36669,0.0,0,-1.0,-1.0,-1.0,-1.0
1791147132.82,1703174.8,580.1,134195.4,134195.4,211.1,1057.7,849.1,-30.28,67.0,27.26,297.03,0.0,0.0,0.0,0.0,138596.5,-507790.0,415403.2,0.778,1.431,895.2,-0.36919,-63.36413,0.0,0,-1.0,-1.0,-1.0,-1.0
1791147133.32,1703174.8,580.6,134195.4,134195.4,211.1,1057.7,849.1,-30.28,67.0,27.26,297.03,0.0,0.0,0.0,0.0,138596.5,-507790.0,415403.2,0.778,1.431,895.2,-0.36919,-63.36413,0.0,0,-1.0,-1.0,-1.0,-1.0
1791147133.83,1703174.8,581.2,134203.8,134203.8,210.9,1057.6,849.0,-30.1,67.04,27.26,297.02,0.0,0.0,0.0,0.0,138596.5,-507790.0,415403.2,0.778,1.431,895.2,-0.36927,-63.36156,0.0,0,-1.0,-1.0,-1.0,-1.0
1791147134.33,1703174.8,581.7,134203.8,134203.8,210.9,1057.6,849.0,-30.1,67.04,27.26,297.02,0.0,0.0,0.0,0.0,138596.5,-507790.0,415403.2,0.778,1.431,895.2,-0.36927,-63.36156,0.0,0,-1.0,-1.0,-1.0,-1.0
1791147134.84,1703174.9,582.2,134212.2,134212.3,210.7,1057.6,849.0,-29.91,67.08,27.27,297.02,0.0,0.0,0.0,0.0,138596.5,-507790.0,415403.2,0.778,1.431,895.2,-0.36935,-63.359,0.0,0,-1.0,-1.0,-1.0,-1.0
1791147135.34,1703174.9,582.7,134212.2,134212.3,210.7,1057.6,849.0,-29.91,67.08,27.27,297.02,0.0,0.0,0.0,0.0,138596.5,-507790.0,415403.2,0.778,1.431,895.2,-0.36935,-63.359,0.0,0,-1.0,-1.0,-1.0,-1.0
1791147135.84,1703174.9,583.2,134220.7,134220.7,210.5,1057.5,848.9,-29.73,67.12,27.28,297.02,0.0,0.0,0.0,0.0,138596.5,-507790.0,415403.2,0.778,1.431,895.2,-0.36943,-63.35643,0.0,0,-1.0,-1.0,-1.0,-1.0
1791147136.34,1703174.9,583.7,134220.7,134220.7,210.5,1057.5,848.9,-29.73,67.12,27.28,297.02,0.0,0.0,0.0,0.0,138596.5,-507790.0,415403.2,0.778,1.431,895.2,-0.36943,-63.35643,0.0,0,-1.0,-1.0,-1.0,-1.0
1791147136.85,1703174.9,584.2,134229.1,134229.1,210.3,1057.5,848.8,-29.54,67.16,27.28,297.01,0.0,0.0,0.0,0.0,138596.5,-507790.0,415403.2,0.778,1.431,895.2,-0.36951,-63.35386,0.0,0,-1.0,-1.0,-1.0,-1.0
1791147137.35,1703174.9,584.7,134229.1,134229.1,210.3,1057.5,848.8,-29.54,67.16,27.28,297.01,0.0,0.0,0.0,0.0,138596.5,-507790.0,415403.2,0.778,1.431,895.2,-0.36951,-63.35386,0.0,0,-1.0,-1.0,-1.0,-1.0
1791147137.85,1703175.0,585.2,134237.5,134237.5,210.1,1057.4,848.8,-29.36,67.2,27.29,297.01,0.0,0.0,0.0,0.0,138596.5,-507790.0,415403.2,0.778,1.431,895.2,-0.36958,-63.3513,0.0,0,-1.0,-1.0,-1.0,-1.0
1791147138.35,1703175.0,585.7,134237.5,134237.5,210.1,1057.4,848.8,-29.36,67.2,27.29,297.01,0.0,0.0,0.0,0.0,138596.5,-507790.0,415403.2,0.778,1.431,895.2,-0.36958,-63.3513,0.0,0,-1.0,-1.0,-1.0,-1.0
1791147138.86,1703175.0,586.2,134245.9,134245.9,209.9,1057.4,848.7,-29.17,67.24,27.3,297.01,0.0,0.0,0.0,0.0,138596.5,-507790.0,415403.2,0.778,1.431,895.2,-0.36966,-63.34873,0.0,0,-1.0,-1.0,-1.0,-1.0
1791147139.36,1703175.0,586.7,134245.9,134245.9,209.9,1057.4,848.7,-29.17,67.24,27.3,297.01,0.0,0.0,0.0,0.0,138596.5,-507790.0,415403.2,0.778,1.431,895.2,-0.36966,-63.34873,0.0,0,-1.0,-1.0,-1.0,-1.0
1791147139.86,1703175.1,587.2,134254.3,134254.3,209.7,1057.3,848.6,-28.98,67.28,27.3,297.0,0.0,0.0,0.0,0.0,138596.5,-507790.0,415403.2,0.778,1.431,895.2,-0.36974,-63.34617,0.0,0,-1.0,-1.0,-1.0,-1.0
1791147140.36,1703175.1,587.7,134254.3,134254.3,209.7,1057.3,848.6,-28.98,67.28,27.3,297.0,0.0,0.0,0.0,0.0,138596.5,-507790.0,415403.2,0.778,1.431,895.2,-0.36974,-63.34617,0.0,0,-1.0,-1.0,-1.0,-1.0
1791147140.86,1703175.1,588.2,134262.7,134262.7,209.5,1057.3,848.6,-28.8,67.32,27.31,297.0,0.0,0.0,0.0,0.0,138596.5,-507790.0,415403.2,0.778,1.431,895.2,-0.36982,-63.3436,0.0,0,-1.0,-1.0,-1.0,-1.0
1791147141.37,1703175.1,588.7,134262.7,134262.7,209.5,1057.3,848.6,-28.8,67.32,27.31,297.0,0.0,0.0,0.0,0.0,138596.5,-507790.0,415403.2,0.778,1.431,895.2,-0.36982,-63.3436,0.0,0,-1.0,-1.0,-1.0,-1.0
1791147141.87,1703175.1,589.2,134271.0,134271.0,209.3,1057.2,848.5,-28.61,67.36,27.32,297.0,0.0,0.0,0.0,0.0,138596.5,-507790.0,415403.2,0.778,1.431,895.2,-0.3699,-63.34104,0.0,0,-1.0,-1.0,-1.0,-1.0
1791147142.37,1703175.1,589.7,134271.0,134271.0,209.3,1057.2,848.5,-28.61,67.36,27.32,297.0,0.0,0.0,0.0,0.0,138596.5,-507790.0,415403.2,0.778,1.431,895.2,-0.3699,-63.34104,0.0,0,-1.0,-1.0,-1.0,-1.0
1791147142.87,1703175.2,590.2,134279.4,134279.4,209.1,1057.2,848.4,-28.43,67.4,27.32,296.99,0.0,0.0,0.0,0.0,138596.5,-507790.0,415403.2,0.778,1.431,895.2,-0.36997,-63.33847,0.0,0,-1.0,-1.0,-1.0,-1.0
1791147143.37,1703175.2,590.7,134279.4,134279.4,209.1,1057.2,848.4,-28.43,67.4,27.32,296.99,0.0,0.0,0.0,0.0,138596.5,-507790.0,415403.2,0.778,1.431,895.2,-0.36997,-63.33847,0.0,0,-1.0,-1.0,-1.0,-1.0
1791147143.88,1703175.2,591.2,134287.8,134287.8,208.9,1057.1,848.4,-28.24,67.44,27.33,296.99,0.0,0.0,0.0,0.0,138596.5,-507790.0,415403.2,0.778,1.431,895.2,-0.37005,-63.33591,0.0,0,-1.0,-1.0,-1.0,-1.0
1791147144.38,1703175.2,591.7,134287.8,134287.8,208.9,1057.1,848.4,-28.24,67.44,27.33,296.99,0.0,0.0,0.0,0.0,138596.5,-507790.0,415403.2,0.778,1.431,895.2,-0.37005,-63.33591,0.0,0,-1.0,-1.0,-1.0,-1.0
1791147144.88,1703175.3,592.2,134296.1,134296.1,208.7,1057.1,848.3,-28.06,67.48,27.33,296.99,0.0,0.0,0.0,0.0,138596.5,-507790.0,415403.2,0.778,1.431,895.2,-0.37013,-63.33334,0.0,0,-1.0,-1.0,-1.0,-1.0
1791147145.38,1703175.3,592.7,134296.1,134296.1,208.7,1057.1,848.3,-28.06,67.48,27.33,296.99,0.0,0.0,0.0,0.0,138596.5,-507790.0,415403.2,0.778,1.431,895.2,-0.37013,-63.33334,0.0,0,-1.0,-1.0,-1.0,-1.0
1791147145.88,1703175.3,593.2,134304.4,134304.4,208.5,1057.0,848.3,-27.87,67.52,27.34,296.98,0.0,0.0,0.0,0.0,138596.5,-507790.0,415403.2,0.778,1.431,895.2,-0.37021,-63.33078,0.0,0,-1.0,-1.0,-1.0,-1.0
1791147146.39,1703175.3,593.7,134304.4,134304.4,208.5,1057.0,848.3,-27.87,67.52,27.34,296.98,0.0,0.0,0.0,0.0,138596.5,-507790.0,415403.2,0.778,1.431,895.2,-0.37021,-63.33078,0.0,0,-1.0,-1.0,-1.0,-1.0
1791147146.89,1703175.3,594.2,134312.8,134312.8,208.3,1057.0,848.2,-27.69,67.56,27.34,296.98,0.0,0.0,0.0,0.0,138596.5,-507790.0,415403.2,0.778,1.431,895.2,-0.37029,-63.32821,0.0,0,-1.0,-1.0,-1.0,-1.0
1791147147.39,1703175.3,594.7,134312.8,134312.8,208.3,1057.0,848.2,-27.69,67.56,27.34,296.98,0.0,0.0,0.0,0.0,138596.5,-507790.0,415403.2,0.778,1.431,895.2,-0.37029,-63.32821,0.0,0,-1.0,-1.0,-1.0,-1.0
1791147147.89,1703175.4,595.2,134321.1,134321.1,208.1,1056.9,848.1,-27.5,67.6,27.35,296.98,0.0,0.0,0.0,0.0,138596.5,-507790.0,415403.2,0.778,1.431,895.2,-0.37036,-63.32565,0.0,0,-1.0,-1.0,-1.0,-1.0
1791147148.39,1703175.4,595.7,134321.1,134321.1,208.1,1056.9,848.1,-27.5,67.6,27.35,296.98,0.0,0.0,0.0,0.0,138596.5,-507790.0,415403.2,0.778,1.431,895.2,-0.37036,-63.32565,0.0,0,-1.0,-1.0,-1.0,-1.0
1791147148.89,1703175.4,596.2,134329.4,134329.4,207.8,1056.9,848.1,-27.31,67.64,27.35,296.97,0.0,0.0,0.0,0.0,138596.5,-507790.0,415403.2,0.778,1.431,895.2,-0.37044,-63.32308,0.0,0,-1.0,-1.0,-1.0,-1.0
1791147149.4,1703175.4,596.7,134329.4,134329.4,207.8,1056.9,848.1,-27.31,67.64,27.35,296.97,0.0,0.0,0.0,0.0,138596.5,-507790.0,415403.2,0.778,1.431,895.2,-0.37044,-63.32308,0.0,0,-1.0,-1.0,-1.0,-1.0
1791147149.9,1703175.5,597.2,134337.7,134337.7,207.6,1056.8,848.0,-27.13,67.68,27.36,296.97,0.0,0.0,0.0,0.0,138596.5,-507790.0,415403.2,0.778,1.431,895.2,-0.37052,-63.32052,0.0,0,-1.0,-1.0,-1.0,-1.0
1791147150.4,1703175.5,597.7,134337.7,134337.7,207.6,1056.8,848.0,-27.13,67.68,27.36,296.97,0.0,0.0,0.0,0.0,138596.5,-507790.0,415403.2,0.778,1.431,895.2,-0.37052,-63.32052,0.0,0,-1.0,-1.0,-1.0,-1.0
1791147150.9,1703175.5,598.2,134346.0,134346.0,207.4,1056.8,847.9,-26.94,67.71,27.36,296.97,0.0,0.0,0.0,0.0,138596.5,-507790.0,415403.2,0.778,1.431,895.2,-0.3706,-63.31795,0.0,0,-1.0,-1.0,-1.0,-1.0
1791147151.4,1703175.5,598.7,134346.0,134346.0,207.4,1056.8,847.9,-26.94,67.71,27.36,296.97,0.0,0.0,0.0,0.0,138596.5,-507790.0,415403.2,0.778,1.431,895.2,-0.3706,-63.31795,0.0,0,-1.0,-1.0,-1.0,-1.0
1791147151.91,1703175.5,599.2,134354.3,134354.3,207.2,1056.7,847.9,-26.76,67.75,27.37,296.97,0.0,0.0,0.0,0.0,138596.5,-507790.0,415403.2,0.778,1.431,895.2,-0.37068,-63.31539,0.0,0,-1.0,-1.0,-1.0,-1.0
1791147152.41,1703175.5,599.7,134354.3,134354.3,207.2,1056.7,847.9,-26.76,67.75,27.37,296.97,0.0,0.0,0.0,0.0,138596.5,-507790.0,415403.2,0.778,1.431,895.2,-0.37068,-63.31539,0.0,0,-1.0,-1.0,-1.0,-1.0
1791147152.91,1703175.6,600.2,134362.6,134362.6,207.0,1056.7,847.8,-26.57,67.79,27.37,296.96,0.0,0.0,0.0,0.0,138596.5,-507790.0,415403.2,0.778,1.431,895.2,-0.37075,-63.31282,0.0,0,-1.0,-1.0,-1.0,-1.0
1791147153.41,1703175.6,600.7,134362.6,134362.6,207.0,1056.7,847.8,-26.57,67.79,27.37,296.96,0.0,0.0,0.0,0.0,138596.5,-507790.0,415403.2,0.778,1.431,895.2,-0.37075,-63.31282,0.0,0,-1.0,-1.0,-1.0,-1.0
1791147153.91,1703175.6,601.2,134370.9,134370.9,206.8,1056.6,847.7,-26.39,67.83,27.37,296.96,0.0,0.0,0.0,0.0,138596.5,-507790.0,415403.2,0.778,1.431,895.2,-0.37083,-63.31026,0.0,0,-1.0,-1.0,-1.0,-1.0
1791147154.41,1703175.6,601.7,134370.9,134370.9,206.8,1056.6,847.7,-26.39,67.83,27.37,296.96,0.0,0.0,0.0,0.0,138596.5,-507790.0,415403.2,0.778,1.431,895.2,-0.37083,-63.31026,0.0,0,-1.0,-1.0,-1.0,-1.0
1791147154.92,1703175.7,602.2,134379.1,134379.1,206.6,1056.6,847.7,-26.2,67.87,27.38,296.96,0.0,0.0,0.0,0.0,138596.5,-507790.0,415403.2,0.778,1.431,895.2,-0.37091,-63.30769,0.0,0,-1.0,-1.0,-1.0,-1.0
1791147155.42,1703175.7,602.7,134379.1,134379.1,206.6,1056.6,847.7,-26.2,67.87,27.38,296.96,0.0,0.0,0.0,0.0,138596.5,-507790.0,415403.2,0.778,1.431,895.2,-0.37091,-63.30769,0.0,0,-1.0,-1.0,-1.0,-1.0
1791147155.92,1703175.7,603.3,134387.4,134387.4,206.4,1056.5,847.6,-26.01,67.91,27.38,296.95,0.0,0.0,0.0,0.0,138596.5,-507790.0,415403.2,0.778,1.431,895.2,-0.37099,-63.30513,0.0,0,-1.0,-1.0,-1.0,-1.0
1791147156.42,1703175.7,603.8,134387.4,134387.4,206.4,1056.5,847.6,-26.01,67.91,27.38,296.95,0.0,0.0,0.0,0.0,138596.5,-507790.0,415403.2,0.778,1.431,895.2,-0.37099,-63.30513,0.0,0,-1.0,-1.0,-1.0,-1.0
1791147156.93,1703175.7,604.3,134395.7,134395.7,206.2,1056.5,847.6,-25.85,67.94,27.38,296.95,0.0,0.0,0.0,0.0,138596.5,-507790.1,415403.2,0.778,1.431,895.2,-0.37107,-63.30256,0.0,0,-1.0,-1.0,-1.0,-1.0
1791147157.43,1703175.7,604.8,134395.7,134395.7,206.2,1056.5,847.6,-25.85,67.94,27.38,296.95,0.0,0.0,0.0,0.0,138596.5,-507790.1,415403.2,0.778,1.431,895.2,-0.37107,-63.30256,0.0,0,-1.0,-1.0,-1.0,-1.0
1791147157.93,1703175.8,605.3,134403.9,134403.9,206.0,1056.4,847.5,-25.77,67.95,27.38,296.95,0.0,0.0,0.0,0.0,138596.5,-507790.1,415403.2,0.778,1.431,895.2,-0.37114,-63.3,0.0,0,-1.0,-1.0,-1.0,-1.0
1791147158.43,1703175.8,605.8,134403.9,134403.9,206.0,1056.4,847.5,-25.77,67.95,27.38,296.95,0.0,0.0,0.0,0.0,138596.5,-507790.1,415403.2,0.778,1.431,895.2,-0.37114,-63.3,0.0,0,-1.0,-1.0,-1.0,-1.0
1791147158.93,1703175.8,606.3,134412.1,134412.1,205.8,1056.3,847.4,-25.78,67.95,27.37,296.94,0.0,0.0,0.0,0.0,138596.5,-507790.2,415403.2,0.778,1.431,895.2,-0.37122,-63.29744,0.0,0,-1.0,-1.0,-1.0,-1.0
1791147159.44,1703175.8,606.8,134412.1,134412.1,205.8,1056.3,847.4,-25.78,67.95,27.37,296.94,0.0,0.0,0.0,0.0,138596.5,-507790.2,415403.2,0.778,1.431,895.2,-0.37122,-63.29744,0.0,0,-1.0,-1.0,-1.0,-1.0
1791147159.94,1703175.9,607.3,134420.4,134420.4,205.6,1056.3,847.4,-25.83,67.94,27.37,296.94,0.0,0.0,0.0,0.0,138596.5,-507790.2,415403.1,0.778,1.431,895.2,-0.3713,-63.29487,0.0,0,-1.0,-1.0,-1.0,-1.0
1791147160.44,1703175.9,607.8,134420.4,134420.4,205.6,1056.3,847.4,-25.83,67.94,27.37,296.94,0.0,0.0,0.0,0.0,138596.5,-507790.2,415403.1,0.778,1.431,895.2,-0.3713,-63.29487,0.0,0,-1.0,-1.0,-1.0,-1.0
1791147160.94,1703175.9,608.3,134428.6,134428.6,205.4,1056.2,847.3,-25.88,67.93,27.37,296.94,0.0,0.0,0.0,0.0,138596.5,-507790.2,415403.1,0.778,1.431,895.2,-0.37138,-63.29231,0.0,0,-1.0,-1.0,-1.0,-1.0
1791147161.44,1703175.9,608.8,134428.6,134428.6,205.4,1056.2,847.3,-25.88,67.93,27.37,296.94,0.0,0.0,0.0,0.0,138596.5,-507790.2,415403.1,0.778,1.431,895.2,-0.37138,-63.29231,0.0,0,-1.0,-1.0,-1.0,-1.0
1791147161.94,1703175.9,609.3,134436.8,134436.8,205.2,1056.2,847.2,-25.93,67.92,27.37,296.93,0.0,0.0,0.0,0.0,138596.5,-507790.4,415403.1,0.778,1.431,895.2,-0.37146,-63.28974,0.0,0,-1.0,-1.0,-1.0,-1.0
1791147162.45,1703175.9,609.8,134436.8,134436.8,205.2,1056.2,847.2,-25.93,67.92,27.37,296.93,0.0,0.0,0.0,0.0,138596.5,-507790.4,415403.1,0.778,1.431,895.2,-0.37146,-63.28974,0.0,0,-1.0,-1.0,-1.0,-1.0
1791147162.95,1703176.0,610.3,134445.0,134445.0,205.0,1056.1,847.2,-25.96,67.92,27.38,296.93,0.0,0.0,0.0,0.0,138596.5,-507790.4,415403.0,0.778,1.431,895.2,-0.37153,-63.28718,0.0,0,-1.0,-1.0,-1.0,-1.0
1791147163.45,1703176.0,610.8,134445.0,134445.0,205.0,1056.1,847.2,-25.96,67.92,27.38,296.93,0.0,0.0,0.0,0.0,138596.5,-507790.4,415403.0,0.778,1.431,895.2,-0.37153,-63.28718,0.0,0,-1.0,-1.0,-1.0,-1.0
1791147163.95,1703176.0,611.3,134453.2,134453.2,204.8,1056.1,847.1,-25.98,67.91,27.39,296.93,0.0,0.0,0.0,0.0,138596.5,-507790.4,415403.0,0.778,1.431,895.2,-0.37161,-63.28462,0.0,0,-1.0,-1.0,-1.0,-1.0
1791147164.46,1703176.0,611.8,134453.2,134453.2,204.8,1056.1,847.1,-25.98,67.91,27.39,296.93,0.0,0.0,0.0,0.0,138596.5,-507790.4,415403.0,0.778,1.431,895.2,-0.37161,-63.28462,0.0,0,-1.0,-1.0,-1.0,-1.0
1791147164.96,1703176.1,612.3,134461.4,134461.4,204.6,1056.0,847.0,-25.99,67.91,27.4,296.92,0.0,0.0,0.0,0.0,138596.5,-507790.4,415403.0,0.778,1.431,895.2,-0.37169,-63.28205,0.0,0,-1.0,-1.0,-1.0,-1.0
1791147165.46,1703176.1,612.8,134461.4,134461.4,204.6,1056.0,847.0,-25.99,67.91,27.4,296.92,0.0,0.0,0.0,0.0,138596.5,-507790.4,415403.0,0.778,1.431,895.2,-0.37169,-63.28205,0.0,0,-1.0,-1.0,-1.0,-1.0
1791147165.96,1703176.1,613.3,134469.6,134469.6,204.4,1056.0,847.0,-25.99,67.92,27.41,296.92,0.0,0.0,0.0,0.0,138596.5,-507790.4,415403.0,0.778,1.431,895.2,-0.37177,-63.27949,0.0,0,-1.0,-1.0,-1.0,-1.0
1791147166.46,1703176.1,613.8,134469.6,134469.6,204.4,1056.0,847.0,-25.99,67.92,27.41,296.92,0.0,0.0,0.0,0.0,138596.5,-507790.4,415403.0,0.778,1.431,895.2,-0.37177,-63.27949,0.0,0,-1.0,-1.0,-1.0,-1.0
1791147166.96,1703176.1,614.3,134477.7,134477.7,204.2,1055.9,846.9,-25.99,67.92,27.41,296.92,0.0,0.0,0.0,0.0,138596.5,-507790.4,415403.0,0.778,1.431,895.2,-0.37185,-63.27692,0.0,0,-1.0,-1.0,-1.0,-1.0
1791147167.46,1703176.1,614.8,134477.7,134477.7,204.2,1055.9,846.9,-25.99,67.92,27.41,296.92,0.0,0.0,0.0,0.0,138596.5,-507790.4,415403.0,0.778,1.431,895.2,-0.37185,-63.27692,0.0,0,-1.0,-1.0,-1.0,-1.0
1791147167.97,1703176.2,615.3,134485.9,134485.9,204.0,1055.9,846.9,-25.99,67.92,27.42,296.91,0.0,0.0,0.0,0.0,138596.5,-507790.4,415403.0,0.778,1.431,895.2,-0.37192,-63.27436,0.0,0,-1.0,-1.0,-1.0,-1.0
1791147168.47,1703176.2,615.8,134485.9,134485.9,204.0,1055.9,846.9,-25.99,67.92,27.42,296.91,0.0,0.0,0.0,0.0,138596.5,-507790.4,415403.0,0.778,1.431,895.2,-0.37192,-63.27436,0.0,0,-1.0,-1.0,-1.0,-1.0
1791147168.97,1703176.2,616.3,134494.1,134494.0,203.8,1055.8,846.8,-25.98,67.92,27.42,296.91,0.0,0.0,0.0,0.0,138596.5,-507790.4,415403.0,0.778,1.431,895.2,-0.372,-63.2718,0.0,0,-1.0,-1.0,-1.0,-1.0
1791147169.47,1703176.2,616.8,134494.1,134494.0,203.8,1055.8,846.8,-25.98,67.92,27.42,296.91,0.0,0.0,0.0,0.0,138596.5,-507790.4,415403.0,0.778,1.431,895.2,-0.372,-63.2718,0.0,0,-1.0,-1.0,-1.0,-1.0
1791147169.97,1703176.3,617.3,134502.2,134502.2,203.6,1055.8,846.7,-25.98,67.92,27.42,296.91,0.0,0.0,0.0,0.0,138596.5,-507790.4,415403.0,0.778,1.431,895.2,-0.37208,-63.26923,0.0,0,-1.0,-1.0,-1.0,-1.0
1791147170.47,1703176.3,617.8,134502.2,134502.2,203.6,1055.8,846.7,-25.98,67.92,27.42,296.91,0.0,0.0,0.0,0.0,138596.5,-507790.4,415403.0,0.778,1.431,895.2,-0.37208,-63.26923,0.0,0,-1.0,-1.0,-1.0,-1.0
1791147170.98,1703176.3,618.3,134510.3,134510.3,203.4,1055.7,846.7,-25.97,67.92,27.41,296.9,0.0,0.0,0.0,0.0,138596.5,-507790.4,415403.0,0.778,1.431,895.2,-0.37216,-63.26667,0.0,0,-1.0,-1.0,-1.0,-1.0
1791147171.48,1703176.3,618.8,134510.3,134510.3,203.4,1055.7,846.7,-25.97,67.92,27.41,296.9,0.0,0.0,0.0,0.0,138596.5,-507790.4,415403.0,0.778,1.431,895.2,-0.37216,-63.26667,0.0,0,-1.0,-1.0,-1.0,-1.0
1791147171.98,1703176.3,619.3,134518.5,134518.5,203.2,1055.7,846.6,-25.97,67.92,27.41,296.9,0.0,0.0,0.0,0.0,138596.5,-507790.4,415403.0,0.778,1.431,895.2,-0.37224,-63.26411,0.0,0,-1.0,-1.0,-1.0,-1.0
1791147172.48,1703176.3,619.8,134518.5,134518.5,203.2,1055.7,846.6,-25.97,67.92,27.41,296.9,0.0,0.0,0.0,0.0,138596.5,-507790.4,415403.0,0.778,1.431,895.2,-0.37224,-63.26411,0.0,0,-1.0,-1.0,-1.0,-1.0
1791147172.98,1703176.4,620.3,134526.6,134526.6,203.0,1055.6,846.5,-25.96,67.92,27.41,296.9,0.0,0.0,0.0,0.0,138596.5,-507790.4,415403.0,0.778,1.431,895.2,-0.37231,-63.26154,0.0,0,-1.0,-1.0,-1.0,-1.0
1791147173.48,1703176.4,620.8,134526.6,134526.6,203.0,1055.6,846.5,-25.96,67.92,27.41,296.9,0.0,0.0,0.0,0.0,138596.5,-507790.4,415403.0,0.778,1.431,895.2,-0.37231,-63.26154,0.0,0,-1.0,-1.0,-1.0,-1.0
1791147173.99,1703176.4,621.3,134534.7,134534.7,202.8,1055.6,846.5,-25.96,67.92,27.4,296.89,0.0,0.0,0.0,0.0,138596.5,-507790.4,415403.0,0.778,1.431,895.2,-0.37239,-63.25898,0.0,0,-1.0,-1.0,-1.0,-1.0
1791147174.49,1703176.4,621.8,134534.7,134534.7,202.8,1055.6,846.5,-25.96,67.92,27.4,296.89,0.0,0.0,0.0,0.0,138596.5,-507790.4,415403.0,0.778,1.431,895.2,-0.37239,-63.25898,0.0,0,-1.0,-1.0,-1.0,-1.0
1791147174.99,1703176.5,622.3,134542.8,134542.8,202.6,1055.5,846.4,-25.96,67.92,27.4,296.89,0.0,0.0,0.0,0.0,138596.5,-507790.4,415403.0,0.778,1.431,895.2,-0.37247,-63.25642,0.0,0,-1.0,-1.0,-1.0,-1.0
1791147175.49,1703176.5,622.8,134542.8,134542.8,202.6,1055.5,846.4,-25.96,67.92,27.4,296.89,0.0,0.0,0.0,0.0,138596.5,-507790.4,415403.0,0.778,1.431,895.2,-0.37247,-63.25642,0.0,0,-1.0,-1.0,-1.0,-1.0
1791147176.0,1703176.5,623.3,134550.9,134550.9,202.4,1055.5,846.4,-25.95,67.92,27.4,296.89,0.0,0.0,0.0,0.0,138596.5,-507790.4,415403.0,0.778,1.431,895.2,-0.37255,-63.25386,0.0,0,-1.0,-1.0,-1.0,-1.0
1791147176.61,1703176.5,623.9,134550.9,134550.9,202.4,1055.5,846.4,-25.95,67.92,27.4,296.89,0.0,0.0,0.0,0.0,138596.5,-507790.4,415403.0,0.778,1.431,895.2,-0.37255,-63.25386,0.0,0,-1.0,-1.0,-1.0,-1.0
1791147177.11,1703176.5,624.4,134559.0,134559.0,202.2,1055.4,846.3,-25.95,67.92,27.41,296.88,0.0,0.0,0.0,0.0,138596.5,-507790.4,415403.0,0.778,1.431,895.2,-0.37263,-63.25129,0.0,0,-1.0,-1.0,-1.0,-1.0
1791147177.61,1703176.5,624.9,134559.0,134559.0,202.2,1055.4,846.3,-25.95,67.92,27.41,296.88,0.0,0.0,0.0,0.0,138596.5,-507790.4,415403.0,0.778,1.431,895.2,-0.37263,-63.25129,0.0,0,-1.0,-1.0,-1.0,-1.0
1791147178.11,1703176.6,625.4,134567.1,134567.1,201.9,1055.4,846.2,-25.95,67.92,27.41,296.88,0.0,0.0,0.0,0.0,138596.5,-507790.4,415403.0,0.778,1.431,895.2,-0.3727,-63.24873,0.0,0,-1.0,-1.0,-1.0,-1.0
1791147178.61,1703176.6,625.9,134567.1,134567.1,201.9,1055.4,846.2,-25.95,67.92,27.41,296.88,0.0,0.0,0.0,0.0,138596.5,-507790.4,415403.0,0.778,1.431,895.2,-0.3727,-63.24873,0.0,0,-1.0,-1.0,-1.0,-1.0
1791147179.11,1703176.6,626.4,134575.2,134575.2,201.7,1055.3,846.2,-25.95,67.92,27.41,296.88,0.0,0.0,0.0,0.0,138596.5,-507790.4,415403.0,0.778,1.431,895.2,-0.37278,-63.24617,0.0,0,-1.0,-1.0,-1.0,-1.0
1791147179.62,1703176.6,626.9,134575.2,134575.2,201.7,1055.3,846.2,-25.95,67.92,27.41,296.88,0.0,0.0,0.0,0.0,138596.5,-507790.4,415403.0,0.778,1.431,895.2,-0.37278,-63.24617,0.0,0,-1.0,-1.0,-1.0,-1.0
1791147180.12,1703176.7,627.4,134583.2,134583.2,201.5,1055.3,846.1,-25.94,67.92,27.41,296.87,0.0,0.0,0.0,0.0,138596.4,-507790.5,415403.0,0.778,1.431,895.2,-0.37286,-63.2436,0.0,0,-1.0,-1.0,-1.0,-1.0
1791147180.62,1703176.7,627.9,134583.2,134583.2,201.5,1055.3,846.1,-25.94,67.92,27.41,296.87,0.0,0.0,0.0,0.0,138596.4,-507790.5,415403.0,0.778,1.431,895.2,-0.37286,-63.2436,0.0,0,-1.0,-1.0,-1.0,-1.0
1791147181.12,1703176.7,628.4,134591.3,134591.3,201.3,1055.2,846.1,-25.94,67.92,27.42,296.87,0.0,0.0,0.0,0.0,138596.4,-507790.5,415402.9,0.778,1.431,895.2,-0.37294,-63.24104,0.0,0,-1.0,-1.0,-1.0,-1.0
1791147181.62,1703176.7,629.0,134591.3,134591.3,201.3,1055.2,846.1,-25.94,67.92,27.42,296.87,0.0,0.0,0.0,0.0,138596.4,-507790.5,415402.9,0.778,1.431,895.2,-0.37294,-63.24104,0.0,0,-1.0,-1.0,-1.0,-1.0
1791147182.12,1703176.7,629.5,134599.3,134599.3,201.1,1055.2,846.0,-25.94,67.92,27.42,296.87,0.0,0.0,0.0,0.0,138596.4,-507790.5,415402.9,0.778,1.431,895.2,-0.37301,-63.23848,0.0,0,-1.0,-1.0,-1.0,-1.0
1791147182.62,1703176.7,630.0,134599.3,134599.3,201.1,1055.2,846.0,-25.94,67.92,27.42,296.87,0.0,0.0,0.0,0.0,138596.4,-507790.5,415402.9,0.778,1.431,895.2,-0.37301,-63.23848,0.0,0,-1.0,-1.0,-1.0,-1.0
1791147183.13,1703176.8,630.5,134607.4,134607.4,200.9,1055.1,845.9,-25.93,67.92,27.42,296.87,0.0,0.0,0.0,0.0,138596.4,-507790.5,415402.9,0.778,1.431,895.2,-0.37309,-63.23592,0.0,0,-1.0,-1.0,-1.0,-1.0
1791147183.63,1703176.8,631.0,134607.4,134607.4,200.9,1055.1,845.9,-25.93,67.92,27.42,296.87,0.0,0.0,0.0,0.0,138596.4,-507790.5,415402.9,0.778,1.431,895.2,-0.37309,-63.23592,0.0,0,-1.0,-1.0,-1.0,-1.0
1791147184.13,1703176.8,631.5,134615.4,134615.4,200.7,1055.1,845.9,-25.93,67.93,27.43,296.86,0.0,0.0,0.0,0.0,138596.4,-507790.5,415402.9,0.778,1.431,895.2,-0.37317,-63.23335,0.0,0,-1.0,-1.0,-1.0,-1.0
1791147184.63,1703176.8,632.0,134615.4,134615.4,200.7,1055.1,845.9,-25.93,67.93,27.43,296.86,0.0,0.0,0.0,0.0,138596.4,-507790.5,415402.9,0.778,1.431,895.2,-0.37317,-63.23335,0.0,0,-1.0,-1.0,-1.0,-1.0
1791147185.13,1703176.9,632.5,134623.4,134623.4,200.5,1055.0,845.8,-25.93,67.93,27.43,296.86,0.0,0.0,0.0,0.0,138596.4,-507790.5,415402.9,0.778,1.431,895.2,-0.37325,-63.23079,0.0,0,-1.0,-1.0,-1.0,-1.0
1791147185.63,1703176.9,633.0,134623.4,134623.4,200.5,1055.0,845.8,-25.93,67.93,27.43,296.86,0.0,0.0,0.0,0.0,138596.4,-507790.5,415402.9,0.778,1.431,895.2,-0.37325,-63.23079,0.0,0,-1.0,-1.0,-1.0,-1.0
1791147186.13,1703176.9,633.5,134631.4,134631.5,200.3,1055.0,845.7,-25.93,67.93,27.43,296.86,0.0,0.0,0.0,0.0,138596.4,-507790.5,415402.9,0.778,1.431,895.2,-0.37333,-63.22823,0.0,0,-1.0,-1.0,-1.0,-1.0
1791147186.64,1703176.9,634.0,134631.4,134631.5,200.3,1055.0,845.7,-25.93,67.93,27.43,296.86,0.0,0.0,0.0,0.0,138596.4,-507790.5,415402.9,0.778,1.431,895.2,-0.37333,-63.22823,0.0,0,-1.0,-1.0,-1.0,-1.0
1791147187.14,1703176.9,634.5,134639.5,134639.5,200.1,1054.9,845.7,-25.92,67.93,27.43,296.85,0.0,0.0,0.0,0.0,138596.4,-507790.5,415402.9,0.778,1.431,895.2,-0.3734,-63.22567,0.0,0,-1.0,-1.0,-1.0,-1.0
1791147187.64,1703176.9,635.0,134639.5,134639.5,200.1,1054.9,845.7,-25.92,67.93,27.43,296.85,0.0,0.0,0.0,0.0,138596.4,-507790.5,415402.9,0.778,1.431,895.2,-0.3734,-63.22567,0.0,0,-1.0,-1.0,-1.0,-1.0
1791147188.14,1703177.0,635.5,134647.5,134647.5,199.9,1054.9,845.6,-25.92,67.93,27.43,296.85,0.0,0.0,0.0,0.0,138596.4,-507790.5,415402.9,0.778,1.431,895.2,-0.37348,-63.2231,0.0,0,-1.0,-1.0,-1.0,-1.0
1791147188.64,1703177.0,636.0,134647.5,134647.5,199.9,1054.9,845.6,-25.92,67.93,27.43,296.85,0.0,0.0,0.0,0.0,138596.4,-507790.5,415402.9,0.778,1.431,895.2,-0.37348,-63.2231,0.0,0,-1.0,-1.0,-1.0,-1.0
1791147189.14,1703177.0,636.5,134655.4,134655.5,199.7,1054.8,845.6,-25.92,67.93,27.43,296.85,0.0,0.0,0.0,0.0,138596.4,-507790.5,415402.9,0.778,1.431,895.2,-0.37356,-63.22054,0.0,0,-1.0,-1.0,-1.0,-1.0
1791147189.64,1703177.0,637.0,134655.4,134655.5,199.7,1054.8,845.6,-25.92,67.93,27.43,296.85,0.0,0.0,0.0,0.0,138596.4,-507790.5,415402.9,0.778,1.431,895.2,-0.37356,-63.22054,0.0,0,-1.0,-1.0,-1.0,-1.0
1791147190.15,1703177.1,637.5,134663.4,134663.4,199.5,1054.8,845.5,-25.91,67.93,27.43,296.84,0.0,0.0,0.0,0.0,138596.4,-507790.5,415402.9,0.778,1.431,895.2,-0.37364,-63.21798,0.0,0,-1.0,-1.0,-1.0,-1.0
1791147190.65,1703177.1,638.0,134663.4,134663.4,199.5,1054.8,845.5,-25.91,67.93,27.43,296.84,0.0,0.0,0.0,0.0,138596.4,-507790.5,415402.9,0.778,1.431,895.2,-0.37364,-63.21798,0.0,0,-1.0,-1.0,-1.0,-1.0
1791147191.15,1703177.1,638.5,134671.4,134671.4,199.3,1054.7,845.4,-25.91,67.93,27.43,296.84,0.0,0.0,0.0,0.0,138596.4,-507790.5,415402.9,0.778,1.431,895.2,-0.37372,-63.21542,0.0,0,-1.0,-1.0,-1.0,-1.0
1791147191.65,1703177.1,639.0,134671.4,134671.4,199.3,1054.7,845.4,-25.91,67.93,27.43,296.84,0.0,0.0,0.0,0.0,138596.4,-507790.5,415402.9,0.778,1.431,895.2,-0.37372,-63.21542,0.0,0,-1.0,-1.0,-1.0,-1.0
1791147192.15,1703177.1,639.5,134679.4,134679.4,199.1,1054.7,845.4,-25.91,67.93,27.43,296.84,0.0,0.0,0.0,0.0,138596.4,-507790.5,415402.9,0.778,1.431,895.2,-0.37379,-63.21286,0.0,0,-1.0,-1.0,-1.0,-1.0
1791147192.65,1703177.1,640.0,134679.4,134679.4,199.1,1054.7,845.4,-25.91,67.93,27.43,296.84,0.0,0.0,0.0,0.0,138596.4,-507790.5,415402.9,0.778,1.431,895.2,-0.37379,-63.21286,0.0,0,-1.0,-1.0,-1.0,-1.0
1791147193.15,1703177.2,640.5,134687.3,134687.3,198.9,1054.6,845.3,-25.91,67.93,27.43,296.83,0.0,0.0,0.0,0.0,138596.4,-507790.5,415402.9,0.778,1.431,895.2,-0.37387,-63.21029,0.0,0,-1.0,-1.0,-1.0,-1.0
1791147193.66,1703177.2,641.0,134687.3,134687.3,198.9,1054.6,845.3,-25.91,67.93,27.43,296.83,0.0,0.0,0.0,0.0,138596.4,-507790.5,415402.9,0.778,1.431,895.2,-0.37387,-63.21029,0.0,0,-1.0,-1.0,-1.0,-1.0
1791147194.16,1703177.2,641.5,134695.3,134695.3,198.7,1054.6,845.3,-25.9,67.93,27.44,296.83,0.0,0.0,0.0,0.0,138596.4,-507790.5,415402.9,0.778,1.431,895.2,-0.37395,-63.20773,0.0,0,-1.0,-1.0,-1.0,-1.0
1791147194.66,1703177.2,642.0,134695.3,134695.3,198.7,1054.6,845.3,-25.9,67.93,27.44,296.83,0.0,0.0,0.0,0.0,138596.4,-507790.5,415402.9,0.778,1.431,895.2,-0.37395,-63.20773,0.0,0,-1.0,-1.0,-1.0,-1.0
1791147195.16,1703177.3,642.5,134703.2,134703.2,198.5,1054.5,845.2,-25.9,67.93,27.44,296.83,0.0,0.0,0.0,0.0,138596.4,-507790.5,415402.9,0.778,1.431,895.2,-0.37403,-63.20517,0.0,0,-1.0,-1.0,-1.0,-1.0
1791147195.66,1703177.3,643.0,134703.2,134703.2,198.5,1054.5,845.2,-25.9,67.93,27.44,296.83,0.0,0.0,0.0,0.0,138596.4,-507790.5,415402.9,0.778,1.431,895.2,-0.37403,-63.20517,0.0,0,-1.0,-1.0,-1.0,-1.0
1791147196.16,1703177.3,643.5,134711.2,134711.2,198.3,1054.5,845.1,-25.9,67.93,27.44,296.82,0.0,0.0,0.0,0.0,138596.4,-507790.6,415402.9,0.778,1.431,895.2,-0.37411,-63.20261,0.0,0,-1.0,-1.0,-1.0,-1.0
1791147196.67,1703177.3,644.0,134711.2,134711.2,198.3,1054.5,845.1,-25.9,67.93,27.44,296.82,0.0,0.0,0.0,0.0,138596.4,-507790.6,415402.9,0.778,1.431,895.2,-0.37411,-63.20261,0.0,0,-1.0,-1.0,-1.0,-1.0
1791147197.17,1703177.3,644.5,134719.1,134719.1,198.1,1054.4,845.1,-25.89,67.93,27.44,296.82,0.0,0.0,0.0,0.0,138596.4,-507790.6,415402.9,0.778,1.431,895.2,-0.37418,-63.20005,0.0,0,-1.0,-1.0,-1.0,-1.0
1791147197.67,1703177.3,645.0,134719.1,134719.1,198.1,1054.4,845.1,-25.89,67.93,27.44,296.82,0.0,0.0,0.0,0.0,138596.4,-507790.6,415402.9,0.778,1.431,895.2,-0.37418,-63.20005,0.0,0,-1.0,-1.0,-1.0,-1.0
1791147198.17,1703177.4,645.5,134727.0,134727.0,197.9,1054.4,845.0,-25.89,67.93,27.44,296.82,0.0,0.0,0.0,0.0,138596.4,-507790.6,415402.9,0.778,1.431,895.2,-0.37426,-63.19749,0.0,0,-1.0,-1.0,-1.0,-1.0
1791147198.67,1703177.4,646.0,134727.0,134727.0,197.9,1054.4,845.0,-25.89,67.93,27.44,296.82,0.0,0.0,0.0,0.0,138596.4,-507790.6,415402.9,0.778,1.431,895.2,-0.37426,-63.19749,0.0,0,-1.0,-1.0,-1.0,-1.0
1791147199.17,1703177.4,646.5,134734.9,134734.9,197.7,1054.3,845.0,-25.89,67.93,27.44,296.81,0.0,0.0,0.0,0.0,138596.4,-507790.6,415402.9,0.778,1.431,895.2,-0.37434,-63.19493,0.0,0,-1.0,-1.0,-1.0,-1.0
1791147199.67,1703177.4,647.0,134734.9,134734.9,197.7,1054.3,845.0,-25.89,67.93,27.44,296.81,0.0,0.0,0.0,0.0,138596.4,-507790.6,415402.9,0.778,1.431,895.2,-0.37434,-63.19493,0.0,0,-1.0,-1.0,-1.0,-1.0
1791147200.18,1703177.5,647.5,134742.8,134742.8,197.5,1054.3,844.9,-25.88,67.93,27.45,296.81,0.0,0.0,0.0,0.0,138596.4,-507790.6,415402.9,0.778,1.431,895.2,-0.37442,-63.19236,0.0,0,-1.0,-1.0,-1.0,-1.0
1791147200.68,1703177.8,648.0,134805.8,134805.8,195.8,1053.9,844.4,-25.86,67.94,27.46,296.78,0.0,0.0,0.0,0.0,138596.4,-507790.6,415402.9,0.778,1.431,895.2,-0.37504,-63.17188,0.0,0,-1.0,-1.0,-1.0,-1.0
1791147201.18,1703178.1,648.5,134860.4,134860.4,194.4,1053.6,844.0,-25.84,67.94,27.47,296.76,0.0,0.0,0.0,0.0,138596.4,-507790.6,415402.9,0.778,1.431,895.2,-0.37558,-63.15395,1.0,0,-1.0,-1.0,-1.0,-1.0
1791147201.69,1703178.1,649.0,134860.4,134860.4,194.4,1053.6,844.0,-25.84,67.94,27.47,296.76,0.0,0.0,0.0,0.0,138596.4,-507790.6,415402.9,0.778,1.431,895.2,-0.37558,-63.15395,1.0,0,-1.0,-1.0,-1.0,-1.0
1791147202.19,1703178.1,649.5,134860.4,134860.4,194.4,1053.6,844.0,-25.84,67.94,27.47,296.76,0.0,0.0,0.0,0.0,138596.4,-507790.6,415402.9,0.778,1.431,895.2,-0.37558,-63.15395,1.0,0,-1.0,-1.0,-1.0,-1.0
1791147202.69,1703178.1,650.0,134860.4,134860.4,194.4,1053.6,844.0,-25.84,67.94,27.47,296.76,0.0,0.0,0.0,0.0,138596.4,-507790.6,415402.9,0.778,1.431,895.2,-0.37558,-63.15395,1.0,0,-1.0,-1.0,-1.0,-1.0
1791147203.19,1703178.1,650.5,134860.4,134860.4,194.4,1053.6,844.0,-25.84,67.94,27.47,296.76,0.0,0.0,0.0,0.0,138596.4,-507790.6,415402.9,0.778,1.431,895.2,-0.37558,-63.15395,1.0,0,-1.0,-1.0,-1.0,-1.0
1791147203.7,1703178.1,651.0,134860.4,134860.4,194.4,1053.6,844.0,-25.84,67.94,27.47,296.76,0.0,0.0,0.0,0.0,138596.4,-507790.6,415402.9,0.778,1.431,895.2,-0.37558,-63.15395,1.0,0,-1.0,-1.0,-1.0,-1.0
1791147204.2,1703178.1,651.5,134860.4,134860.4,194.4,1053.6,844.0,-25.84,67.94,27.47,296.76,0.0,0.0,0.0,0.0,138596.4,-507790.6,415402.9,0.778,1.431,895.2,-0.37558,-63.15395,1.0,0,-1.0,-1.0,-1.0,-1.0
1791147204.7,1703178.1,652.0,134860.4,134860.4,194.4,1053.6,844.0,-25.84,67.94,27.47,296.76,0.0,0.0,0.0,0.0,138596.4,-507790.6,415402.9,0.778,1.431,895.2,-0.37558,-63.15395,1.0,0,-1.0,-1.0,-1.0,-1.0
1791147205.2,1703178.1,652.5,134860.4,134860.4,194.4,1053.6,844.0,-25.84,67.94,27.47,296.76,0.0,0.0,0.0,0.0,138596.4,-507790.6,415402.9,0.778,1.431,895.2,-0.37558,-63.15395,1.0,0,-1.0,-1.0,-1.0,-1.0
1791147205.7,1703178.2,653.0,134879.8,134879.8,193.9,1053.4,843.8,-25.83,67.95,27.47,296.75,0.0,0.0,0.0,0.0,138596.4,-507790.6,415402.9,0.778,1.431,895.2,-0.37578,-63.14755,0.0,0,-1.0,-1.0,-1.0,-1.0
1791147206.2,1703178.7,653.5,134976.1,134976.1,191.4,1052.8,843.1,-25.8,67.95,27.49,296.71,0.0,0.0,0.0,0.0,138596.4,-507790.6,415402.9,0.778,1.431,895.2,-0.37675,-63.11556,0.0,0,-1.0,-1.0,-1.0,-1.0
1791147206.71,1703179.2,654.0,135071.2,135071.2,188.8,1052.3,842.4,-25.76,67.96,27.51,296.67,0.0,0.0,0.0,0.0,138596.4,-507790.6,415402.9,0.778,1.431,895.2,-0.37772,-63.08357,0.0,0,-1.0,-1.0,-1.0,-1.0
1791147207.21,1703179.7,654.5,135165.0,135165.0,186.3,1051.7,841.6,-25.72,67.97,27.52,296.63,0.0,0.0,0.0,0.0,138596.4,-507790.6,415402.9,0.778,1.431,895.2,-0.3787,-63.0516,0.0,0,-1.0,-1.0,-1.0,-1.0
1791147207.71,1703180.2,655.0,135257.5,135257.5,183.8,1051.1,840.9,-25.68,67.97,27.54,296.59,0.0,0.0,0.0,0.0,138596.4,-507790.6,415402.9,0.778,1.431,895.2,-0.37967,-63.01963,0.0,0,-1.0,-1.0,-1.0,-1.0
1791147208.21,1703180.3,655.5,135279.5,135279.5,183.2,1051.0,840.8,-25.68,67.98,27.55,296.58,0.0,0.0,0.0,0.0,138596.4,-507790.6,415402.9,0.778,1.431,895.2,-0.3799,-63.01196,0.0,0,-1.0,-1.0,-1.0,-1.0
1791147208.71,1703180.3,656.0,135279.5,135279.5,183.2,1051.0,840.8,-25.68,67.98,27.55,296.58,0.0,0.0,0.0,0.0,138596.4,-507790.6,415402.9,0.778,1.431,895.2,-0.3799,-63.01196,0.0,0,-1.0,-1.0,-1.0,-1.0
1791147209.21,1703180.3,656.5,135286.8,135286.8,182.9,1050.9,840.7,-25.67,67.98,27.55,296.58,0.0,0.0,0.0,0.0,138596.4,-507790.6,415402.9,0.778,1.431,895.2,-0.37998,-63.00941,0.0,0,-1.0,-1.0,-1.0,-1.0
1791147209.71,1703180.3,657.0,135286.8,135286.8,182.9,1050.9,840.7,-25.67,67.98,27.55,296.58,0.0,0.0,0.0,0.0,138596.4,-507790.6,415402.9,0.778,1.431,895.2,-0.37998,-63.00941,0.0,0,-1.0,-1.0,-1.0,-1.0
1791147210.22,1703180.4,657.5,135294.1,135294.1,182.7,1050.9,840.7,-25.67,67.98,27.55,296.58,0.0,0.0,0.0,0.0,138596.4,-507790.6,415402.9,0.778,1.431,895.2,-0.38006,-63.00685,0.0,0,-1.0,-1.0,-1.0,-1.0
1791147210.72,1703180.4,658.0,135294.1,135294.1,182.7,1050.9,840.7,-25.67,67.98,27.55,296.58,0.0,0.0,0.0,0.0,138596.4,-507790.6,415402.9,0.778,1.431,895.2,-0.38006,-63.00685,0.0,0,-1.0,-1.0,-1.0,-1.0
1791147211.22,1703180.4,658.5,135301.4,135301.4,182.5,1050.8,840.6,-25.67,67.98,27.55,296.57,0.0,0.0,0.0,0.0,138596.4,-507790.6,415402.9,0.778,1.431,895.2,-0.38013,-63.00429,0.0,0,-1.0,-1.0,-1.0,-1.0
1791147211.72,1703180.4,659.0,135301.4,135301.4,182.5,1050.8,840.6,-25.67,67.98,27.55,296.57,0.0,0.0,0.0,0.0,138596.4,-507790.6,415402.9,0.778,1.431,895.2,-0.38013,-63.00429,0.0,0,-1.0,-1.0,-1.0,-1.0
1791147212.22,1703180.4,659.6,135308.7,135308.7,182.3,1050.8,840.5,-25.66,67.98,27.55,296.57,0.0,0.0,0.0,0.0,138596.4,-507790.6,415402.9,0.778,1.431,895.2,-0.38021,-63.00174,0.0,0,-1.0,-1.0,-1.0,-1.0
1791147212.72,1703180.4,660.1,135308.7,135308.7,182.3,1050.8,840.5,-25.66,67.98,27.55,296.57,0.0,0.0,0.0,0.0,138596.4,-507790.6,415402.9,0.778,1.431,895.2,-0.38021,-63.00174,0.0,0,-1.0,-1.0,-1.0,-1.0
1791147213.22,1703180.5,660.6,135316.0,135316.0,182.1,1050.7,840.5,-25.66,67.98,27.55,296.57,0.0,0.0,0.0,0.0,138596.4,-507790.6,415402.9,0.778,1.431,895.2,-0.38029,-62.99918,0.0,0,-1.0,-1.0,-1.0,-1.0
1791147213.73,1703180.5,661.1,135316.0,135316.0,182.1,1050.7,840.5,-25.66,67.98,27.55,296.57,0.0,0.0,0.0,0.0,138596.4,-507790.6,415402.9,0.778,1.431,895.2,-0.38029,-62.99918,0.0,0,-1.0,-1.0,-1.0,-1.0
1791147214.23,1703180.5,661.6,135323.3,135323.3,181.9,1050.7,840.4,-25.66,67.98,27.55,296.56,0.0,0.0,0.0,0.0,138596.4,-507790.6,415402.9,0.778,1.431,895.2,-0.38037,-62.99662,0.0,0,-1.0,-1.0,-1.0,-1.0
1791147214.73,1703180.5,662.1,135323.3,135323.3,181.9,1050.7,840.4,-25.66,67.98,27.55,296.56,0.0,0.0,0.0,0.0,138596.4,-507790.6,415402.9,0.778,1.431,895.2,-0.38037,-62.99662,0.0,0,-1.0,-1.0,-1.0,-1.0
1791147215.23,1703180.6,662.6,135330.6,135330.6,181.7,1050.6,840.4,-25.65,67.98,27.56,296.56,0.0,0.0,0.0,0.0,138596.4,-507790.6,415402.9,0.778,1.431,895.2,-0.38044,-62.99407,0.0,0,-1.0,-1.0,-1.0,-1.0
1791147215.73,1703180.6,663.1,135330.6,135330.6,181.7,1050.6,840.4,-25.65,67.98,27.56,296.56,0.0,0.0,0.0,0.0,138596.4,-507790.6,415402.9,0.778,1.431,895.2,-0.38044,-62.99407,0.0,0,-1.0,-1.0,-1.0,-1.0
1791147216.23,1703180.6,663.6,135337.9,135337.8,181.5,1050.6,840.3,-25.65,67.98,27.56,296.56,0.0,0.0,0.0,0.0,138596.4,-507790.6,415402.9,0.778,1.431,895.2,-0.38052,-62.99151,0.0,0,-1.0,-1.0,-1.0,-1.0
1791147216.73,1703180.6,664.1,135337.9,135337.8,181.5,1050.6,840.3,-25.65,67.98,27.56,296.56,0.0,0.0,0.0,0.0,138596.4,-507790.6,415402.9,0.778,1.431,895.2,-0.38052,-62.99151,0.0,0,-1.0,-1.0,-1.0,-1.0
1791147217.24,1703180.6,664.6,135345.1,135345.1,181.3,1050.6,840.3,-25.65,67.98,27.56,296.55,0.0,0.0,0.0,0.0,138596.4,-507790.6,415402.9,0.778,1.431,895.2,-0.3806,-62.98896,0.0,0,-1.0,-1.0,-1.0,-1.0
1791147217.74,1703180.6,665.1,135345.1,135345.1,181.3,1050.6,840.3,-25.65,67.98,27.56,296.55,0.0,0.0,0.0,0.0,138596.4,-507790.6,415402.9,0.778,1.431,895.2,-0.3806,-62.98896,0.0,0,-1.0,-1.0,-1.0,-1.0
1791147218.24,1703180.7,665.6,135352.4,135352.4,181.1,1050.5,840.2,-25.65,67.98,27.56,296.55,0.0,0.0,0.0,0.0,138596.4,-507790.6,415402.9,0.778,1.431,895.2,-0.38068,-62.9864,0.0,0,-1.0,-1.0,-1.0,-1.0
1791147218.74,1703180.7,666.1,135352.4,135352.4,181.1,1050.5,840.2,-25.65,67.98,27.56,296.55,0.0,0.0,0.0,0.0,138596.4,-507790.6,415402.9,0.778,1.431,895.2,-0.38068,-62.9864,0.0,0,-1.0,-1.0,-1.0,-1.0
1791147219.24,1703180.7,666.6,135359.6,135359.6,180.9,1050.5,840.2,-25.64,67.98,27.56,296.55,0.0,0.0,0.0,0.0,138596.4,-507790.6,415402.9,0.778,1.431,895.2,-0.38075,-62.98384,0.0,0,-1.0,-1.0,-1.0,-1.0
1791147219.74,1703180.7,667.1,135359.6,135359.6,180.9,1050.5,840.2,-25.64,67.98,27.56,296.55,0.0,0.0,0.0,0.0,138596.4,-507790.6,415402.9,0.778,1.431,895.2,-0.38075,-62.98384,0.0,0,-1.0,-1.0,-1.0,-1.0
1791147220.24,1703180.8,667.6,135366.8,135366.8,180.7,1050.4,840.1,-25.64,67.98,27.56,296.54,0.0,0.0,0.0,0.0,138596.4,-507790.6,415402.9,0.778,1.431,895.2,-0.38083,-62.98129,0.0,0,-1.0,-1.0,-1.0,-1.0
1791147220.75,1703180.8,668.1,135366.8,135366.8,180.7,1050.4,840.1,-25.64,67.98,27.56,296.54,0.0,0.0,0.0,0.0,138596.4,-507790.6,415402.9,0.778,1.431,895.2,-0.38083,-62.98129,0.0,0,-1.0,-1.0,-1.0,-1.0
1791147221.25,1703180.8,668.6,135374.1,135374.0,180.5,1050.4,840.0,-25.64,67.98,27.56,296.54,0.0,0.0,0.0,0.0,138596.4,-507790.6,415402.9,0.778,1.431,895.2,-0.38091,-62.97873,0.0,0,-1.0,-1.0,-1.0,-1.0
1791147221.75,1703180.8,669.1,135374.1,135374.0,180.5,1050.4,840.0,-25.64,67.98,27.56,296.54,0.0,0.0,0.0,0.0,138596.4,-507790.6,415402.9,0.778,1.431,895.2,-0.38091,-62.97873,0.0,0,-1.0,-1.0,-1.0,-1.0
1791147222.25,1703180.8,669.6,135381.3,135381.3,180.3,1050.3,840.0,-25.63,67.98,27.57,296.54,0.0,0.0,0.0,0.0,138596.4,-507790.6,415402.9,0.778,1.431,895.2,-0.38099,-62.97618,0.0,0,-1.0,-1.0,-1.0,-1.0
1791147222.75,1703180.8,670.1,135381.3,135381.3,180.3,1050.3,840.0,-25.63,67.98,27.57,296.54,0.0,0.0,0.0,0.0,138596.4,-507790.6,415402.9,0.778,1.431,895.2,-0.38099,-62.97618,0.0,0,-1.0,-1.0,-1.0,-1.0
1791147223.25,1703180.9,670.6,135388.5,135388.5,180.1,1050.3,839.9,-25.63,67.99,27.57,296.53,0.0,0.0,0.0,0.0,138596.4,-507790.6,415402.9,0.778,1.431,895.2,-0.38107,-62.97362,0.0,0,-1.0,-1.0,-1.0,-1.0
1791147223.75,1703180.9,671.1,135388.5,135388.5,180.1,1050.3,839.9,-25.63,67.99,27.57,296.53,0.0,0.0,0.0,0.0,138596.4,-507790.6,415402.9,0.778,1.431,895.2,-0.38107,-62.97362,0.0,0,-1.0,-1.0,-1.0,-1.0
1791147224.26,1703180.9,671.6,135395.7,135395.7,179.9,1050.2,839.9,-25.63,67.99,27.57,296.53,0.0,0.0,0.0,0.0,138596.4,-507790.6,415402.9,0.778,1.431,895.2,-0.38114,-62.97106,0.0,0,-1.0,-1.0,-1.0,-1.0
1791147224.76,1703180.9,672.1,135395.7,135395.7,179.9,1050.2,839.9,-25.63,67.99,27.57,296.53,0.0,0.0,0.0,0.0,138596.4,-507790.6,415402.9,0.778,1.431,895.2,-0.38114,-62.97106,0.0,0,-1.0,-1.0,-1.0,-1.0
1791147225.26,1703181.0,672.6,135402.9,135402.9,179.7,1050.2,839.8,-25.63,67.99,27.57,296.53,0.0,0.0,0.0,0.0,138596.4,-507790.6,415402.9,0.778,1.431,895.2,-0.38122,-62.96851,0.0,0,-1.0,-1.0,-1.0,-1.0
1791147225.76,1703181.0,673.1,135402.9,135402.9,179.7,1050.2,839.8,-25.63,67.99,27.57,296.53,0.0,0.0,0.0,0.0,138596.4,-507790.6,415402.9,0.778,1.431,895.2,-0.38122,-62.96851,0.0,0,-1.0,-1.0,-1.0,-1.0
1791147226.26,1703181.0,673.6,135410.1,135410.0,179.5,1050.1,839.8,-25.62,67.99,27.57,296.52,0.0,0.0,0.0,0.0,138596.4,-507790.6,415402.9,0.778,1.431,895.2,-0.3813,-62.96595,0.0,0,-1.0,-1.0,-1.0,-1.0
1791147226.76,1703181.0,674.1,135410.1,135410.0,179.5,1050.1,839.8,-25.62,67.99,27.57,296.52,0.0,0.0,0.0,0.0,138596.4,-507790.6,415402.9,0.778,1.431,895.2,-0.3813,-62.96595,0.0,0,-1.0,-1.0,-1.0,-1.0
1791147227.26,1703181.0,674.6,135417.2,135417.2,179.3,1050.1,839.7,-25.62,67.99,27.57,296.52,0.0,0.0,0.0,0.0,138596.4,-507790.6,415402.9,0.778,1.431,895.2,-0.38138,-62.9634,0.0,0,-1.0,-1.0,-1.0,-1.0
1791147227.77,1703181.0,675.1,135417.2,135417.2,179.3,1050.1,839.7,-25.62,67.99,27.57,296.52,0.0,0.0,0.0,0.0,138596.4,-507790.6,415402.9,0.778,1.431,895.2,-0.38138,-62.9634,0.0,0,-1.0,-1.0,-1.0,-1.0
1791147228.27,1703181.1,675.6,135424.4,135424.4,179.1,1050.1,839.7,-25.62,67.99,27.57,296.52,0.0,0.0,0.0,0.0,138596.4,-507790.6,415402.9,0.778,1.431,895.2,-0.38145,-62.96084,0.0,0,-1.0,-1.0,-1.0,-1.0
1791147228.77,1703181.1,676.1,135424.4,135424.4,179.1,1050.1,839.7,-25.62,67.99,27.57,296.52,0.0,0.0,0.0,0.0,138596.4,-507790.6,415402.9,0.778,1.431,895.2,-0.38145,-62.96084,0.0,0,-1.0,-1.0,-1.0,-1.0
1791147229.27,1703181.1,676.6,135431.6,135431.6,178.9,1050.0,839.6,-25.61,67.99,27.58,296.52,0.0,0.0,0.0,0.0,138596.4,-507790.6,415402.9,0.778,1.431,895.2,-0.38153,-62.95829,0.0,0,-1.0,-1.0,-1.0,-1.0
1791147229.77,1703181.1,677.1,135431.6,135431.6,178.9,1050.0,839.6,-25.61,67.99,27.58,296.52,0.0,0.0,0.0,0.0,138596.4,-507790.6,415402.9,0.778,1.431,895.2,-0.38153,-62.95829,0.0,0,-1.0,-1.0,-1.0,-1.0
1791147230.27,1703181.2,677.6,135438.7,135438.7,178.7,1050.0,839.5,-25.61,67.99,27.58,296.51,0.0,0.0,0.0,0.0,138596.4,-507790.6,415402.9,0.778,1.431,895.2,-0.38161,-62.95573,0.0,0,-1.0,-1.0,-1.0,-1.0
1791147230.77,1703181.2,678.1,135438.7,135438.7,178.7,1050.0,839.5,-25.61,67.99,27.58,296.51,0.0,0.0,0.0,0.0,138596.4,-507790.6,415402.9,0.778,1.431,895.2,-0.38161,-62.95573,0.0,0,-1.0,-1.0,-1.0,-1.0
1791147231.28,1703181.2,678.6,135445.9,135445.9,178.5,1049.9,839.5,-25.61,67.99,27.58,296.51,0.0,0.0,0.0,0.0,138596.4,-507790.6,415402.9,0.778,1.431,895.2,-0.38169,-62.95318,0.0,0,-1.0,-1.0,-1.0,-1.0
1791147231.78,1703181.2,679.1,135445.9,135445.9,178.5,1049.9,839.5,-25.61,67.99,27.58,296.51,0.0,0.0,0.0,0.0,138596.4,-507790.6,415402.9,0.778,1.431,895.2,-0.38169,-62.95318,0.0,0,-1.0,-1.0,-1.0,-1.0
1791147232.28,1703181.2,679.6,135453.0,135453.0,178.3,1049.9,839.4,-25.6,67.99,27.58,296.51,0.0,0.0,0.0,0.0,138596.4,-507790.6,415402.9,0.778,1.431,895.2,-0.38176,-62.95062,0.0,0,-1.0,-1.0,-1.0,-1.0
1791147232.78,1703181.2,680.1,135453.0,135453.0,178.3,1049.9,839.4,-25.6,67.99,27.58,296.51,0.0,0.0,0.0,0.0,138596.4,-507790.6,415402.9,0.778,1.431,895.2,-0.38176,-62.95062,0.0,0,-1.0,-1.0,-1.0,-1.0
1791147233.28,1703181.3,680.6,135460.1,135460.1,178.1,1049.8,839.4,-25.6,67.99,27.58,296.5,0.0,0.0,0.0,0.0,138596.4,-507790.6,415402.9,0.778,1.431,895.2,-0.38184,-62.94807,0.0,0,-1.0,-1.0,-1.0,-1.0
1791147233.78,1703181.3,681.1,135460.1,135460.1,178.1,1049.8,839.4,-25.6,67.99,27.58,296.5,0.0,0.0,0.0,0.0,138596.4,-507790.6,415402.9,0.778,1.431,895.2,-0.38184,-62.94807,0.0,0,-1.0,-1.0,-1.0,-1.0
1791147234.28,1703181.3,681.6,135467.2,135467.2,177.9,1049.8,839.3,-25.6,67.99,27.58,296.5,0.0,0.0,0.0,0.0,138596.4,-507790.6,415402.9,0.778,1.431,895.2,-0.38192,-62.94551,0.0,0,-1.0,-1.0,-1.0,-1.0
1791147234.79,1703181.3,682.1,135467.2,135467.2,177.9,1049.8,839.3,-25.6,67.99,27.58,296.5,0.0,0.0,0.0,0.0,138596.4,-507790.6,415402.9,0.778,1.431,895.2,-0.38192,-62.94551,0.0,0,-1.0,-1.0,-1.0,-1.0
1791147235.29,1703181.4,682.6,135474.3,135474.3,177.7,1049.7,839.3,-25.6,67.99,27.58,296.5,0.0,0.0,0.0,0.0,138596.4,-507790.6,415402.9,0.778,1.431,895.2,-0.382,-62.94296,0.0,0,-1.0,-1.0,-1.0,-1.0
1791147235.79,1703181.4,683.1,135474.3,135474.3,177.7,1049.7,839.3,-25.6,67.99,27.58,296.5,0.0,0.0,0.0,0.0,138596.4,-507790.6,415402.9,0.778,1.431,895.2,-0.382,-62.94296,0.0,0,-1.0,-1.0,-1.0,-1.0
1791147236.29,1703181.4,683.6,135481.4,135481.5,177.5,1049.7,839.2,-25.59,67.99,27.59,296.49,0.0,0.0,0.0,0.0,138596.4,-507790.6,415402.9,0.778,1.431,895.2,-0.38207,-62.9404,0.0,0,-1.0,-1.0,-1.0,-1.0
1791147236.79,1703181.4,684.1,135481.4,135481.5,177.5,1049.7,839.2,-25.59,67.99,27.59,296.49,0.0,0.0,0.0,0.0,138596.4,-507790.6,415402.9,0.778,1.431,895.2,-0.38207,-62.9404,0.0,0,-1.0,-1.0,-1.0,-1.0
1791147237.29,1703181.4,684.6,135488.5,135488.5,177.3,1049.7,839.2,-25.59,67.99,27.59,296.49,0.0,0.0,0.0,0.0,138596.4,-507790.6,415402.9,0.778,1.431,895.2,-0.38215,-62.93785,0.0,0,-1.0,-1.0,-1.0,-1.0
1791147237.79,1703181.4,685.1,135488.5,135488.5,177.3,1049.7,839.2,-25.59,67.99,27.59,296.49,0.0,0.0,0.0,0.0,138596.4,-507790.6,415402.9,0.778,1.431,895.2,-0.38215,-62.93785,0.0,0,-1.0,-1.0,-1.0,-1.0
1791147238.3,1703181.5,685.6,135495.6,135495.6,177.1,1049.6,839.1,-25.59,67.99,27.59,296.49,0.0,0.0,0.0,0.0,138596.4,-507790.6,415402.9,0.778,1.431,895.2,-0.38223,-62.93529,0.0,0,-1.0,-1.0,-1.0,-1.0
1791147238.8,1703181.5,686.1,135495.6,135495.6,177.1,1049.6,839.1,-25.59,67.99,27.59,296.49,0.0,0.0,0.0,0.0,138596.4,-507790.6,415402.9,0.778,1.431,895.2,-0.38223,-62.93529,0.0,0,-1.0,-1.0,-1.0,-1.0
1791147239.3,1703181.5,686.6,135502.7,135502.7,176.9,1049.6,839.0,-25.58,67.99,27.59,296.48,0.0,0.0,0.0,0.0,138596.4,-507790.6,415402.9,0.778,1.431,895.2,-0.38231,-62.93274,0.0,0,-1.0,-1.0,-1.0,-1.0
1791147239.8,1703181.5,687.1,135502.7,135502.7,176.9,1049.6,839.0,-25.58,67.99,27.59,296.48,0.0,0.0,0.0,0.0,138596.4,-507790.6,415402.9,0.778,1.431,895.2,-0.38231,-62.93274,0.0,0,-1.0,-1.0,-1.0,-1.0
1791147240.3,1703181.6,687.6,135509.8,135509.8,176.7,1049.5,839.0,-25.58,68.0,27.59,296.48,0.0,0.0,0.0,0.0,138596.4,-507790.6,415402.9,0.778,1.431,895.2,-0.38238,-62.93018,0.0,0,-1.0,-1.0,-1.0,-1.0
1791147240.8,1703181.6,688.1,135509.8,135509.8,176.7,1049.5,839.0,-25.58,68.0,27.59,296.48,0.0,0.0,0.0,0.0,138596.4,-507790.6,415402.9,0.778,1.431,895.2,-0.38238,-62.93018,0.0,0,-1.0,-1.0,-1.0,-1.0
1791147241.31,1703181.6,688.6,135516.8,135516.8,176.5,1049.5,838.9,-25.58,68.0,27.59,296.48,0.0,0.0,0.0,0.0,138596.4,-507790.6,415402.9,0.778,1.431,895.2,-0.38246,-62.92763,0.0,0,-1.0,-1.0,-1.0,-1.0
1791147241.81,1703181.6,689.1,135516.8,135516.8,176.5,1049.5,838.9,-25.58,68.0,27.59,296.48,0.0,0.0,0.0,0.0,138596.4,-507790.6,415402.9,0.778,1.431,895.2,-0.38246,-62.92763,0.0,0,-1.0,-1.0,-1.0,-1.0
1791147242.31,1703181.6,689.6,135523.9,135523.9,176.2,1049.4,838.9,-25.57,68.0,27.59,296.47,0.0,0.0,0.0,0.0,138596.4,-507790.6,415402.9,0.778,1.431,895.2,-0.38254,-62.92507,0.0,0,-1.0,-1.0,-1.0,-1.0
1791147242.81,1703181.6,690.1,135523.9,135523.9,176.2,1049.4,838.9,-25.57,68.0,27.59,296.47,0.0,0.0,0.0,0.0,138596.4,-507790.6,415402.9,0.778,1.431,895.2,-0.38254,-62.92507,0.0,0,-1.0,-1.0,-1.0,-1.0
1791147243.31,1703181.7,690.6,135530.9,135530.9,176.0,1049.4,838.8,-25.57,68.0,27.6,296.47,0.0,0.0,0.0,0.0,138596.4,-507790.6,415402.9,0.778,1.431,895.2,-0.38262,-62.92252,0.0,0,-1.0,-1.0,-1.0,-1.0
1791147243.81,1703181.7,691.1,135530.9,135530.9,176.0,1049.4,838.8,-25.57,68.0,27.6,296.47,0.0,0.0,0.0,0.0,138596.4,-507790.6,415402.9,0.778,1.431,895.2,-0.38262,-62.92252,0.0,0,-1.0,-1.0,-1.0,-1.0
1791147244.31,1703181.7,691.6,135538.0,135538.0,175.8,1049.4,838.8,-25.57,68.0,27.6,296.47,0.0,0.0,0.0,0.0,138596.4,-507790.6,415402.9,0.778,1.431,895.2,-0.38269,-62.91997,0.0,0,-1.0,-1.0,-1.0,-1.0
1791147244.82,1703181.7,692.1,135538.0,135538.0,175.8,1049.4,838.8,-25.57,68.0,27.6,296.47,0.0,0.0,0.0,0.0,138596.4,-507790.6,415402.9,0.778,1.431,895.2,-0.38269,-62.91997,0.0,0,-1.0,-1.0,-1.0,-1.0
1791147245.32,1703181.8,692.6,135545.0,135545.0,175.6,1049.3,838.7,-25.57,68.0,27.6,296.46,0.0,0.0,0.0,0.0,138596.4,-507790.6,415402.9,0.778,1.431,895.2,-0.38277,-62.91741,0.0,0,-1.0,-1.0,-1.0,-1.0
1791147245.82,1703181.8,693.1,135545.0,135545.0,175.6,1049.3,838.7,-25.57,68.0,27.6,296.46,0.0,0.0,0.0,0.0,138596.4,-507790.6,415402.9,0.778,1.431,895.2,-0.38277,-62.91741,0.0,0,-1.0,-1.0,-1.0,-1.0
1791147246.32,1703181.8,693.6,135552.0,135552.0,175.4,1049.3,838.7,-25.56,68.0,27.6,296.46,0.0,0.0,0.0,0.0,138596.4,-507790.6,415402.9,0.778,1.431,895.2,-0.38285,-62.91486,0.0,0,-1.0,-1.0,-1.0,-1.0
1791147246.82,1703181.8,694.2,135552.0,135552.0,175.4,1049.3,838.7,-25.56,68.0,27.6,296.46,0.0,0.0,0.0,0.0,138596.4,-507790.6,415402.9,0.778,1.431,895.2,-0.38285,-62.91486,0.0,0,-1.0,-1.0,-1.0,-1.0
1791147247.32,1703181.8,694.7,135559.0,135559.0,175.2,1049.2,838.6,-25.56,68.0,27.6,296.46,0.0,0.0,0.0,0.0,138596.4,-507790.6,415402.9,0.778,1.431,895.2,-0.38293,-62.9123,0.0,0,-1.0,-1.0,-1.0,-1.0
1791147247.82,1703181.8,695.2,135559.0,135559.0,175.2,1049.2,838.6,-25.56,68.0,27.6,296.46,0.0,0.0,0.0,0.0,138596.4,-507790.6,415402.9,0.778,1.431,895.2,-0.38293,-62.9123,0.0,0,-1.0,-1.0,-1.0,-1.0
1791147248.33,1703181.9,695.7,135566.0,135566.0,175.0,1049.2,838.6,-25.56,68.0,27.6,296.45,0.0,0.0,0.0,0.0,138596.4,-507790.6,415402.9,0.778,1.431,895.2,-0.38301,-62.90975,0.0,0,-1.0,-1.0,-1.0,-1.0
1791147248.83,1703181.9,696.2,135566.0,135566.0,175.0,1049.2,838.6,-25.56,68.0,27.6,296.45,0.0,0.0,0.0,0.0,138596.4,-507790.6,415402.9,0.778,1.431,895.2,-0.38301,-62.90975,0.0,0,-1.0,-1.0,-1.0,-1.0
1791147249.33,1703181.9,696.7,135573.0,135573.0,174.8,1049.1,838.5,-25.55,68.0,27.6,296.45,0.0,0.0,0.0,0.0,138596.4,-507790.6,415402.9,0.778,1.431,895.2,-0.38308,-62.9072,0.0,0,-1.0,-1.0,-1.0,-1.0
1791147249.83,1703181.9,697.2,135573.0,135573.0,174.8,1049.1,838.5,-25.55,68.0,27.6,296.45,0.0,0.0,0.0,0.0,138596.4,-507790.6,415402.9,0.778,1.431,895.2,-0.38308,-62.9072,0.0,0,-1.0,-1.0,-1.0,-1.0
1791147250.33,1703182.0,697.7,135580.0,135580.0,174.6,1049.1,838.5,-25.55,68.0,27.61,296.45,0.0,0.0,0.0,0.0,138596.4,-507790.6,415402.9,0.778,1.431,895.2,-0.38316,-62.90464,0.0,0,-1.0,-1.0,-1.0,-1.0
1791147250.83,1703182.0,698.2,135580.0,135580.0,174.6,1049.1,838.5,-25.55,68.0,27.61,296.45,0.0,0.0,0.0,0.0,138596.4,-507790.6,415402.9,0.778,1.431,895.2,-0.38316,-62.90464,0.0,0,-1.0,-1.0,-1.0,-1.0
1791147251.33,1703182.0,698.7,135587.0,135587.0,174.4,1049.0,838.4,-25.55,68.0,27.61,296.44,0.0,0.0,0.0,0.0,138596.4,-507790.6,415402.9,0.778,1.431,895.2,-0.38324,-62.90209,0.0,0,-1.0,-1.0,-1.0,-1.0
1791147251.84,1703182.0,699.2,135587.0,135587.0,174.4,1049.0,838.4,-25.55,68.0,27.61,296.44,0.0,0.0,0.0,0.0,138596.4,-507790.6,415402.9,0.778,1.431,895.2,-0.38324,-62.90209,0.0,0,-1.0,-1.0,-1.0,-1.0
1791147252.34,1703182.0,699.7,135594.0,135594.0,174.2,1049.0,838.3,-25.55,68.0,27.61,296.44,0.0,0.0,0.0,0.0,138596.4,-507790.7,415402.9,0.778,1.431,895.2,-0.38332,-62.89953,0.0,0,-1.0,-1.0,-1.0,-1.0
1791147252.84,1703182.0,700.2,135594.0,135594.0,174.2,1049.0,838.3,-25.55,68.0,27.61,296.44,0.0,0.0,0.0,0.0,138596.4,-507790.7,415402.9,0.778,1.431,895.2,-0.38332,-62.89953,0.0,0,-1.0,-1.0,-1.0,-1.0
1791147253.34,1703182.1,700.7,135601.0,135601.0,174.0,1049.0,838.3,-25.54,68.0,27.61,296.44,0.0,0.0,0.0,0.0,138596.4,-507790.7,415402.9,0.778,1.431,895.2,-0.38339,-62.89698,0.0,0,-1.0,-1.0,-1.0,-1.0
1791147253.84,1703182.1,701.2,135601.0,135601.0,174.0,1049.0,838.3,-25.54,68.0,27.61,296.44,0.0,0.0,0.0,0.0,138596.4,-507790.7,415402.9,0.778,1.431,895.2,-0.38339,-62.89698,0.0,0,-1.0,-1.0,-1.0,-1.0
1791147254.35,1703182.1,701.7,135607.9,135607.9,173.8,1048.9,838.2,-25.54,68.0,27.61,296.43,0.0,0.0,0.0,0.0,138596.4,-507790.7,415402.9,0.778,1.431,895.2,-0.38347,-62.89443,0.0,0,-1.0,-1.0,-1.0,-1.0
1791147254.85,1703182.1,702.2,135607.9,135607.9,173.8,1048.9,838.2,-25.54,68.0,27.61,296.43,0.0,0.0,0.0,0.0,138596.4,-507790.7,415402.9,0.778,1.431,895.2,-0.38347,-62.89443,0.0,0,-1.0,-1.0,-1.0,-1.0
1791147255.35,1703182.2,702.7,135614.9,135614.9,173.6,1048.9,838.2,-25.54,68.0,27.61,296.43,0.0,0.0,0.0,0.0,138596.4,-507790.7,415402.9,0.778,1.431,895.2,-0.38355,-62.89187,0.0,0,-1.0,-1.0,-1.0,-1.0
1791147255.85,1703182.2,703.2,135614.9,135614.9,173.6,1048.9,838.2,-25.54,68.0,27.61,296.43,0.0,0.0,0.0,0.0,138596.4,-507790.7,415402.9,0.778,1.431,895.2,-0.38355,-62.89187,0.0,0,-1.0,-1.0,-1.0,-1.0
1791147256.35,1703182.2,703.7,135621.8,135621.8,173.4,1048.8,838.1,-25.53,68.0,27.61,296.43,0.0,0.0,0.0,0.0,138596.4,-507790.7,415402.9,0.778,1.431,895.2,-0.38363,-62.88932,0.0,0,-1.0,-1.0,-1.0,-1.0
1791147256.85,1703182.2,704.2,135621.8,135621.8,173.4,1048.8,838.1,-25.53,68.0,27.61,296.43,0.0,0.0,0.0,0.0,138596.4,-507790.7,415402.9,0.778,1.431,895.2,-0.38363,-62.88932,0.0,0,-1.0,-1.0,-1.0,-1.0
1791147257.35,1703182.2,704.7,135628.7,135628.7,173.2,1048.8,838.1,-25.53,68.01,27.62,296.42,0.0,0.0,0.0,0.0,138596.4,-507790.7,415402.9,0.778,1.431,895.2,-0.3837,-62.88677,0.0,0,-1.0,-1.0,-1.0,-1.0
1791147257.86,1703182.2,705.2,135628.7,135628.7,173.2,1048.8,838.1,-25.53,68.01,27.62,296.42,0.0,0.0,0.0,0.0,138596.4,-507790.7,415402.9,0.778,1.431,895.2,-0.3837,-62.88677,0.0,0,-1.0,-1.0,-1.0,-1.0
1791147258.36,1703182.3,705.7,135635.7,135635.7,173.0,1048.7,838.0,-25.53,68.01,27.62,296.42,0.0,0.0,0.0,0.0,138596.4,-507790.7,415402.9,0.778,1.431,895.2,-0.38378,-62.88421,0.0,0,-1.0,-1.0,-1.0,-1.0
1791147258.86,1703182.3,706.2,135635.7,135635.7,173.0,1048.7,838.0,-25.53,68.01,27.62,296.42,0.0,0.0,0.0,0.0,138596.4,-507790.7,415402.9,0.778,1.431,895.2,-0.38378,-62.88421,0.0,0,-1.0,-1.0,-1.0,-1.0
1791147259.36,1703182.3,706.7,135642.6,135642.6,172.8,1048.7,838.0,-25.52,68.01,27.62,296.42,0.0,0.0,0.0,0.0,138596.4,-507790.7,415402.9,0.778,1.431,895.2,-0.38386,-62.88166,0.0,0,-1.0,-1.0,-1.0,-1.0
1791147259.86,1703182.3,707.2,135642.6,135642.6,172.8,1048.7,838.0,-25.52,68.01,27.62,296.42,0.0,0.0,0.0,0.0,138596.4,-507790.7,415402.9,0.778,1.431,895.2,-0.38386,-62.88166,0.0,0,-1.0,-1.0,-1.0,-1.0
1791147260.36,1703182.4,707.7,135649.5,135649.5,172.6,1048.7,837.9,-25.52,68.01,27.62,296.42,0.0,0.0,0.0,0.0,138596.4,-507790.7,415402.9,0.778,1.431,895.2,-0.38394,-62.8791,0.0,0,-1.0,-1.0,-1.0,-1.0
1791147260.86,1703182.4,708.2,135649.5,135649.5,172.6,1048.7,837.9,-25.52,68.01,27.62,296.42,0.0,0.0,0.0,0.0,138596.4,-507790.7,415402.9,0.778,1.431,895.2,-0.38394,-62.8791,0.0,0,-1.0,-1.0,-1.0,-1.0
1791147261.37,1703182.4,708.7,135656.4,135656.4,172.4,1048.6,837.9,-25.52,68.01,27.62,296.41,0.0,0.0,0.0,0.0,138596.4,-507790.7,415402.9,0.778,1.431,895.2,-0.38401,-62.87655,0.0,0,-1.0,-1.0,-1.0,-1.0
1791147261.87,1703182.4,709.2,135656.4,135656.4,172.4,1048.6,837.9,-25.52,68.01,27.62,296.41,0.0,0.0,0.0,0.0,138596.4,-507790.7,415402.9,0.778,1.431,895.2,-0.38401,-62.87655,0.0,0,-1.0,-1.0,-1.0,-1.0
1791147262.37,1703182.4,709.7,135663.3,135663.3,172.2,1048.6,837.8,-25.52,68.01,27.62,296.41,0.0,0.0,0.0,0.0,138596.4,-507790.7,415402.9,0.778,1.431,895.2,-0.38409,-62.874,0.0,0,-1.0,-1.0,-1.0,-1.0
1791147262.87,1703182.4,710.2,135663.3,135663.3,172.2,1048.6,837.8,-25.52,68.01,27.62,296.41,0.0,0.0,0.0,0.0,138596.4,-507790.7,415402.9,0.778,1.431,895.2,-0.38409,-62.874,0.0,0,-1.0,-1.0,-1.0,-1.0
1791147263.37,1703182.5,710.7,135670.2,135670.2,172.0,1048.5,837.8,-25.51,68.01,27.62,296.41,0.0,0.0,0.0,0.0,138596.4,-507790.7,415402.9,0.778,1.431,895.2,-0.38417,-62.87145,0.0,0,-1.0,-1.0,-1.0,-1.0
1791147263.87,1703182.5,711.2,135670.2,135670.2,172.0,1048.5,837.8,-25.51,68.01,27.62,296.41,0.0,0.0,0.0,0.0,138596.4,-507790.7,415402.9,0.778,1.431,895.2,-0.38417,-62.87145,0.0,0,-1.0,-1.0,-1.0,-1.0
1791147264.37,1703182.5,711.7,135677.0,135677.0,171.8,1048.5,837.7,-25.51,68.01,27.63,296.4,0.0,0.0,0.0,0.0,138596.4,-507790.7,415402.9,0.778,1.431,895.2,-0.38425,-62.86889,0.0,0,-1.0,-1.0,-1.0,-1.0
1791147264.88,1703182.5,712.2,135677.0,135677.0,171.8,1048.5,837.7,-25.51,68.01,27.63,296.4,0.0,0.0,0.0,0.0,138596.4,-507790.7,415402.9,0.778,1.431,895.2,-0.38425,-62.86889,0.0,0,-1.0,-1.0,-1.0,-1.0
1791147265.38,1703182.6,712.7,135683.9,135683.9,171.6,1048.4,837.7,-25.51,68.01,27.63,296.4,0.0,0.0,0.0,0.0,138596.4,-507790.7,415402.9,0.778,1.431,895.2,-0.38432,-62.86634,0.0,0,-1.0,-1.0,-1.0,-1.0
1791147265.88,1703182.6,713.2,135683.9,135683.9,171.6,1048.4,837.7,-25.51,68.01,27.63,296.4,0.0,0.0,0.0,0.0,138596.4,-507790.7,415402.9,0.778,1.431,895.2,-0.38432,-62.86634,0.0,0,-1.0,-1.0,-1.0,-1.0
1791147266.38,1703182.6,713.7,135690.8,135690.8,171.4,1048.4,837.6,-25.5,68.01,27.63,296.4,0.0,0.0,0.0,0.0,138596.4,-507790.7,415402.9,0.778,1.431,895.2,-0.3844,-62.86379,0.0,0,-1.0,-1.0,-1.0,-1.0
1791147266.88,1703182.6,714.2,135690.8,135690.8,171.4,1048.4,837.6,-25.5,68.01,27.63,296.4,0.0,0.0,0.0,0.0,138596.4,-507790.7,415402.9,0.778,1.431,895.2,-0.3844,-62.86379,0.0,0,-1.0,-1.0,-1.0,-1.0
1791147267.38,1703182.6,714.7,135697.6,135697.6,171.2,1048.4,837.5,-25.5,68.01,27.63,296.39,0.0,0.0,0.0,0.0,138596.4,-507790.7,415402.9,0.778,1.431,895.2,-0.38448,-62.86123,0.0,0,-1.0,-1.0,-1.0,-1.0
1791147267.89,1703182.6,715.2,135697.6,135697.6,171.2,1048.4,837.5,-25.5,68.01,27.63,296.39,0.0,0.0,0.0,0.0,138596.4,-507790.7,415402.9,0.778,1.431,895.2,-0.38448,-62.86123,0.0,0,-1.0,-1.0,-1.0,-1.0
1791147268.39,1703182.7,715.7,135704.4,135704.5,171.0,1048.3,837.5,-25.5,68.01,27.63,296.39,0.0,0.0,0.0,0.0,138596.4,-507790.7,415402.9,0.778,1.431,895.2,-0.38456,-62.85868,0.0,0,-1.0,-1.0,-1.0,-1.0
1791147268.89,1703182.7,716.2,135704.4,135704.5,171.0,1048.3,837.5,-25.5,68.01,27.63,296.39,0.0,0.0,0.0,0.0,138596.4,-507790.7,415402.9,0.778,1.431,895.2,-0.38456,-62.85868,0.0,0,-1.0,-1.0,-1.0,-1.0
1791147269.39,1703182.7,716.7,135711.3,135711.3,170.8,1048.3,837.4,-25.5,68.01,27.63,296.39,0.0,0.0,0.0,0.0,138596.4,-507790.7,415402.9,0.778,1.431,895.2,-0.38463,-62.85613,0.0,0,-1.0,-1.0,-1.0,-1.0
1791147269.89,1703182.7,717.2,135711.3,135711.3,170.8,1048.3,837.4,-25.5,68.01,27.63,296.39,0.0,0.0,0.0,0.0,138596.4,-507790.7,415402.9,0.778,1.431,895.2,-0.38463,-62.85613,0.0,0,-1.0,-1.0,-1.0,-1.0
1791147270.39,1703182.8,717.7,135718.1,135718.1,170.6,1048.2,837.4,-25.49,68.01,27.63,296.38,0.0,0.0,0.0,0.0,138596.4,-507790.7,415402.9,0.778,1.431,895.2,-0.38471,-62.85357,0.0,0,-1.0,-1.0,-1.0,-1.0
1791147270.89,1703182.8,718.2,135718.1,135718.1,170.6,1048.2,837.4,-25.49,68.01,27.63,296.38,0.0,0.0,0.0,0.0,138596.4,-507790.7,415402.9,0.778,1.431,895.2,-0.38471,-62.85357,0.0,0,-1.0,-1.0,-1.0,-1.0
1791147271.39,1703182.8,718.7,135724.9,135724.9,170.4,1048.2,837.3,-25.49,68.01,27.64,296.38,0.0,0.0,0.0,0.0,138596.4,-507790.7,415402.9,0.778,1.431,895.2,-0.38479,-62.85102,0.0,0,-1.0,-1.0,-1.0,-1.0
1791147271.9,1703182.8,719.2,135724.9,135724.9,170.4,1048.2,837.3,-25.49,68.01,27.64,296.38,0.0,0.0,0.0,0.0,138596.4,-507790.7,415402.9,0.778,1.431,895.2,-0.38479,-62.85102,0.0,0,-1.0,-1.0,-1.0,-1.0
1791147272.4,1703182.8,719.7,135731.7,135731.7,170.2,1048.1,837.3,-25.49,68.01,27.64,296.38,0.0,0.0,0.0,0.0,138596.4,-507790.7,415402.9,0.778,1.431,895.2,-0.38487,-62.84847,0.0,0,-1.0,-1.0,-1.0,-1.0
1791147272.9,1703182.8,720.2,135731.7,135731.7,170.2,1048.1,837.3,-25.49,68.01,27.64,296.38,0.0,0.0,0.0,0.0,138596.4,-507790.7,415402.9,0.778,1.431,895.2,-0.38487,-62.84847,0.0,0,-1.0,-1.0,-1.0,-1.0
1791147273.4,1703182.9,720.7,135738.5,135738.5,170.0,1048.1,837.2,-25.48,68.02,27.64,296.37,0.0,0.0,0.0,0.0,138596.4,-507790.7,415402.9,0.778,1.431,895.2,-0.38494,-62.84592,0.0,0,-1.0,-1.0,-1.0,-1.0
1791147273.9,1703182.9,721.2,135738.5,135738.5,170.0,1048.1,837.2,-25.48,68.02,27.64,296.37,0.0,0.0,0.0,0.0,138596.4,-507790.7,415402.9,0.778,1.431,895.2,-0.38494,-62.84592,0.0,0,-1.0,-1.0,-1.0,-1.0
1791147274.4,1703182.9,721.7,135745.3,135745.3,169.8,1048.1,837.2,-25.48,68.02,27.64,296.37,0.0,0.0,0.0,0.0,138596.4,-507790.7,415402.9,0.778,1.431,895.2,-0.38502,-62.84336,0.0,0,-1.0,-1.0,-1.0,-1.0
1791147274.91,1703182.9,722.2,135745.3,135745.3,169.8,1048.1,837.2,-25.48,68.02,27.64,296.37,0.0,0.0,0.0,0.0,138596.4,-507790.7,415402.9,0.778,1.431,895.2,-0.38502,-62.84336,0.0,0,-1.0,-1.0,-1.0,-1.0
1791147275.41,1703183.0,722.7,135752.1,135752.1,169.6,1048.0,837.1,-25.48,68.02,27.64,296.37,0.0,0.0,0.0,0.0,138596.4,-507790.7,415402.9,0.778,1.431,895.2,-0.3851,-62.84081,0.0,0,-1.0,-1.0,-1.0,-1.0
1791147275.91,1703183.0,723.2,135752.1,135752.1,169.6,1048.0,837.1,-25.48,68.02,27.64,296.37,0.0,0.0,0.0,0.0,138596.4,-507790.7,415402.9,0.778,1.431,895.2,-0.3851,-62.84081,0.0,0,-1.0,-1.0,-1.0,-1.0
1791147276.41,1703183.0,723.7,135758.9,135758.9,169.4,1048.0,837.1,-25.47,68.02,27.64,296.36,0.0,0.0,0.0,0.0,138596.4,-507790.7,415402.9,0.778,1.431,895.2,-0.38518,-62.83826,0.0,0,-1.0,-1.0,-1.0,-1.0
1791147276.91,1703183.0,724.2,135758.9,135758.9,169.4,1048.0,837.1,-25.47,68.02,27.64,296.36,0.0,0.0,0.0,0.0,138596.4,-507790.7,415402.9,0.778,1.431,895.2,-0.38518,-62.83826,0.0,0,-1.0,-1.0,-1.0,-1.0
1791147277.41,1703183.0,724.7,135765.7,135765.7,169.1,1047.9,837.0,-25.47,68.02,27.64,296.36,0.0,0.0,0.0,0.0,138596.4,-507790.7,415402.9,0.778,1.431,895.2,-0.38525,-62.83571,0.0,0,-1.0,-1.0,-1.0,-1.0
1791147277.91,1703183.0,725.2,135765.7,135765.7,169.1,1047.9,837.0,-25.47,68.02,27.64,296.36,0.0,0.0,0.0,0.0,138596.4,-507790.7,415402.9,0.778,1.431,895.2,-0.38525,-62.83571,0.0,0,-1.0,-1.0,-1.0,-1.0
1791147278.41,1703183.1,725.7,135772.4,135772.4,168.9,1047.9,837.0,-25.47,68.02,27.65,296.36,0.0,0.0,0.0,0.0,138596.4,-507790.7,415402.9,0.778,1.431,895.2,-0.38533,-62.83315,0.0,0,-1.0,-1.0,-1.0,-1.0
1791147278.92,1703183.1,726.2,135772.4,135772.4,168.9,1047.9,837.0,-25.47,68.02,27.65,296.36,0.0,0.0,0.0,0.0,138596.4,-507790.7,415402.9,0.778,1.431,895.2,-0.38533,-62.83315,0.0,0,-1.0,-1.0,-1.0,-1.0
1791147279.42,1703183.1,726.7,135779.2,135779.2,168.7,1047.9,836.9,-25.47,68.02,27.65,296.35,0.0,0.0,0.0,0.0,138596.4,-507790.7,415402.9,0.778,1.431,895.2,-0.38541,-62.8306,0.0,0,-1.0,-1.0,-1.0,-1.0
1791147279.92,1703183.1,727.2,135779.2,135779.2,168.7,1047.9,836.9,-25.47,68.02,27.65,296.35,0.0,0.0,0.0,0.0,138596.4,-507790.7,415402.9,0.778,1.431,895.2,-0.38541,-62.8306,0.0,0,-1.0,-1.0,-1.0,-1.0
1791147280.42,1703183.2,727.8,135785.9,135785.9,168.5,1047.8,836.9,-25.46,68.02,27.65,296.35,0.0,0.0,0.0,0.0,138596.4,-507790.7,415402.9,0.778,1.431,895.2,-0.38549,-62.82805,0.0,0,-1.0,-1.0,-1.0,-1.0
1791147280.92,1703183.2,728.3,135785.9,135785.9,168.5,1047.8,836.9,-25.46,68.02,27.65,296.35,0.0,0.0,0.0,0.0,138596.4,-507790.7,415402.9,0.778,1.431,895.2,-0.38549,-62.82805,0.0,0,-1.0,-1.0,-1.0,-1.0
1791147281.42,1703183.2,728.8,135792.7,135792.7,168.3,1047.8,836.8,-25.46,68.02,27.65,296.35,0.0,0.0,0.0,0.0,138596.4,-507790.7,415402.9,0.778,1.431,895.2,-0.38556,-62.8255,0.0,0,-1.0,-1.0,-1.0,-1.0
1791147281.93,1703183.2,729.3,135792.7,135792.7,168.3,1047.8,836.8,-25.46,68.02,27.65,296.35,0.0,0.0,0.0,0.0,138596.4,-507790.7,415402.9,0.778,1.431,895.2,-0.38556,-62.8255,0.0,0,-1.0,-1.0,-1.0,-1.0
1791147282.43,1703183.2,729.8,135799.4,135799.4,168.1,1047.7,836.8,-25.46,68.02,27.65,296.34,0.0,0.0,0.0,0.0,138596.4,-507790.7,415402.9,0.778,1.431,895.2,-0.38564,-62.82295,0.0,0,-1.0,-1.0,-1.0,-1.0
1791147282.93,1703183.2,730.3,135799.4,135799.4,168.1,1047.7,836.8,-25.46,68.02,27.65,296.34,0.0,0.0,0.0,0.0,138596.4,-507790.7,415402.9,0.778,1.431,895.2,-0.38564,-62.82295,0.0,0,-1.0,-1.0,-1.0,-1.0
1791147283.43,1703183.3,730.8,135806.1,135806.1,167.9,1047.7,836.7,-25.45,68.02,27.65,296.34,0.0,0.0,0.0,0.0,138596.4,-507790.7,415402.9,0.778,1.431,895.2,-0.38572,-62.82039,0.0,0,-1.0,-1.0,-1.0,-1.0
1791147283.93,1703183.3,731.3,135806.1,135806.1,167.9,1047.7,836.7,-25.45,68.02,27.65,296.34,0.0,0.0,0.0,0.0,138596.4,-507790.7,415402.9,0.778,1.431,895.2,-0.38572,-62.82039,0.0,0,-1.0,-1.0,-1.0,-1.0
1791147284.43,1703183.3,731.8,135812.8,135812.8,167.7,1047.6,836.7,-25.45,68.02,27.65,296.34,0.0,0.0,0.0,0.0,138596.4,-507790.7,415402.9,0.778,1.431,895.2,-0.3858,-62.81784,0.0,0,-1.0,-1.0,-1.0,-1.0
1791147284.93,1703183.3,732.3,135812.8,135812.8,167.7,1047.6,836.7,-25.45,68.02,27.65,296.34,0.0,0.0,0.0,0.0,138596.4,-507790.7,415402.9,0.778,1.431,895.2,-0.3858,-62.81784,0.0,0,-1.0,-1.0,-1.0,-1.0
1791147285.44,1703183.4,732.8,135819.5,135819.5,167.5,1047.6,836.6,-25.45,68.02,27.65,296.33,0.0,0.0,0.0,0.0,138596.4,-507790.7,415402.9,0.778,1.431,895.2,-0.38587,-62.81529,0.0,0,-1.0,-1.0,-1.0,-1.0
1791147285.94,1703183.4,733.3,135819.5,135819.5,167.5,1047.6,836.6,-25.45,68.02,27.65,296.33,0.0,0.0,0.0,0.0,138596.4,-507790.7,415402.9,0.778,1.431,895.2,-0.38587,-62.81529,0.0,0,-1.0,-1.0,-1.0,-1.0
1791147286.44,1703183.4,733.8,135826.2,135826.2,167.3,1047.6,836.6,-25.44,68.02,27.66,296.33,0.0,0.0,0.0,0.0,138596.4,-507790.7,415402.9,0.778,1.431,895.2,-0.38595,-62.81274,0.0,0,-1.0,-1.0,-1.0,-1.0
1791147286.94,1703183.4,734.3,135826.2,135826.2,167.3,1047.6,836.6,-25.44,68.02,27.66,296.33,0.0,0.0,0.0,0.0,138596.4,-507790.7,415402.9,0.778,1.431,895.2,-0.38595,-62.81274,0.0,0,-1.0,-1.0,-1.0,-1.0
1791147287.44,1703183.4,734.8,135832.9,135832.9,167.1,1047.5,836.5,-25.44,68.02,27.66,296.33,0.0,0.0,0.0,0.0,138596.4,-507790.7,415402.9,0.778,1.431,895.2,-0.38603,-62.81019,0.0,0,-1.0,-1.0,-1.0,-1.0
1791147287.94,1703183.4,735.3,135832.9,135832.9,167.1,1047.5,836.5,-25.44,68.02,27.66,296.33,0.0,0.0,0.0,0.0,138596.4,-507790.7,415402.9,0.778,1.431,895.2,-0.38603,-62.81019,0.0,0,-1.0,-1.0,-1.0,-1.0
1791147288.44,1703183.5,735.8,135839.6,135839.6,166.9,1047.5,836.4,-25.44,68.02,27.66,296.33,0.0,0.0,0.0,0.0,138596.4,-507790.7,415402.9,0.778,1.431,895.2,-0.38611,-62.80764,0.0,0,-1.0,-1.0,-1.0,-1.0
1791147288.95,1703183.5,736.3,135839.6,135839.6,166.9,1047.5,836.4,-25.44,68.02,27.66,296.33,0.0,0.0,0.0,0.0,138596.4,-507790.7,415402.9,0.778,1.431,895.2,-0.38611,-62.80764,0.0,0,-1.0,-1.0,-1.0,-1.0
1791147289.45,1703183.5,736.8,135846.3,135846.3,166.7,1047.4,836.4,-25.44,68.02,27.66,296.32,0.0,0.0,0.0,0.0,138596.4,-507790.7,415402.9,0.778,1.431,895.2,-0.38618,-62.80508,0.0,0,-1.0,-1.0,-1.0,-1.0
1791147289.95,1703183.5,737.3,135846.3,135846.3,166.7,1047.4,836.4,-25.44,68.02,27.66,296.32,0.0,0.0,0.0,0.0,138596.4,-507790.7,415402.9,0.778,1.431,895.2,-0.38618,-62.80508,0.0,0,-1.0,-1.0,-1.0,-1.0
1791147290.45,1703183.6,737.8,135852.9,135852.9,166.5,1047.4,836.3,-25.43,68.02,27.66,296.32,0.0,0.0,0.0,0.0,138596.4,-507790.7,415402.9,0.778,1.431,895.2,-0.38626,-62.80253,0.0,0,-1.0,-1.0,-1.0,-1.0
1791147290.95,1703183.6,738.3,135852.9,135852.9,166.5,1047.4,836.3,-25.43,68.02,27.66,296.32,0.0,0.0,0.0,0.0,138596.4,-507790.7,415402.9,0.778,1.431,895.2,-0.38626,-62.80253,0.0,0,-1.0,-1.0,-1.0,-1.0
1791147291.46,1703183.6,738.8,135859.6,135859.6,166.3,1047.4,836.3,-25.43,68.03,27.66,296.32,0.0,0.0,0.0,0.0,138596.4,-507790.7,415402.9,0.778,1.431,895.2,-0.38634,-62.79998,0.0,0,-1.0,-1.0,-1.0,-1.0
1791147291.96,1703183.6,739.3,135859.6,135859.6,166.3,1047.4,836.3,-25.43,68.03,27.66,296.32,0.0,0.0,0.0,0.0,138596.4,-507790.7,415402.9,0.778,1.431,895.2,-0.38634,-62.79998,0.0,0,-1.0,-1.0,-1.0,-1.0
1791147292.46,1703183.6,739.8,135866.2,135866.3,166.1,1047.3,836.2,-25.43,68.03,27.66,296.31,0.0,0.0,0.0,0.0,138596.4,-507790.7,415402.9,0.778,1.431,895.2,-0.38642,-62.79743,0.0,0,-1.0,-1.0,-1.0,-1.0
1791147292.96,1703183.6,740.3,135866.2,135866.3,166.1,1047.3,836.2,-25.43,68.03,27.66,296.31,0.0,0.0,0.0,0.0,138596.4,-507790.7,415402.9,0.778,1.431,895.2,-0.38642,-62.79743,0.0,0,-1.0,-1.0,-1.0,-1.0
1791147293.46,1703183.7,740.8,135866.2,135866.3,166.1,1047.3,836.2,-25.43,68.03,27.67,296.31,0.0,0.0,0.0,0.0,138596.4,-507790.7,415402.9,0.778,1.431,895.2,-0.38642,-62.79743,0.0,0,-1.0,-1.0,-1.0,-1.0
1791147293.96,1703183.7,741.3,135872.9,135872.9,165.9,1047.3,836.2,-25.42,68.03,27.67,296.31,0.0,0.0,0.0,0.0,138596.4,-507790.7,415402.9,0.778,1.431,895.2,-0.38649,-62.79488,0.0,0,-1.0,-1.0,-1.0,-1.0
1791147294.46,1703183.7,741.8,135872.9,135872.9,165.9,1047.3,836.2,-25.42,68.03,27.67,296.31,0.0,0.0,0.0,0.0,138596.4,-507790.7,415402.9,0.778,1.431,895.2,-0.38649,-62.79488,0.0,0,-1.0,-1.0,-1.0,-1.0
1791147294.97,1703183.7,742.3,135879.5,135879.5,165.7,1047.2,836.1,-25.42,68.03,27.67,296.31,0.0,0.0,0.0,0.0,138596.4,-507790.7,415402.9,0.778,1.431,895.2,-0.38657,-62.79233,0.0,0,-1.0,-1.0,-1.0,-1.0
1791147295.47,1703183.7,742.8,135879.5,135879.5,165.7,1047.2,836.1,-25.42,68.03,27.67,296.31,0.0,0.0,0.0,0.0,138596.4,-507790.7,415402.9,0.778,1.431,895.2,-0.38657,-62.79233,0.0,0,-1.0,-1.0,-1.0,-1.0
1791147295.97,1703183.8,743.3,135886.1,135886.1,165.5,1047.2,836.1,-25.42,68.03,27.67,296.3,0.0,0.0,0.0,0.0,138596.4,-507790.7,415402.9,0.778,1.431,895.2,-0.38665,-62.78977,0.0,0,-1.0,-1.0,-1.0,-1.0
1791147296.47,1703183.8,743.8,135886.1,135886.1,165.5,1047.2,836.1,-25.42,68.03,27.67,296.3,0.0,0.0,0.0,0.0,138596.4,-507790.7,415402.9,0.778,1.431,895.2,-0.38665,-62.78977,0.0,0,-1.0,-1.0,-1.0,-1.0
1791147296.97,1703183.8,744.3,135892.8,135892.8,165.3,1047.1,836.0,-25.42,68.03,27.67,296.3,0.0,0.0,0.0,0.0,138596.4,-507790.7,415402.9,0.778,1.431,895.2,-0.38673,-62.78722,0.0,0,-1.0,-1.0,-1.0,-1.0
1791147297.47,1703183.8,744.8,135892.8,135892.8,165.3,1047.1,836.0,-25.42,68.03,27.67,296.3,0.0,0.0,0.0,0.0,138596.4,-507790.7,415402.9,0.778,1.431,895.2,-0.38673,-62.78722,0.0,0,-1.0,-1.0,-1.0,-1.0
1791147297.97,1703183.8,745.3,135899.4,135899.4,165.1,1047.1,836.0,-25.41,68.03,27.67,296.3,0.0,0.0,0.0,0.0,138596.4,-507790.7,415402.9,0.778,1.431,895.2,-0.3868,-62.78467,0.0,0,-1.0,-1.0,-1.0,-1.0
1791147298.48,1703183.8,745.8,135899.4,135899.4,165.1,1047.1,836.0,-25.41,68.03,27.67,296.3,0.0,0.0,0.0,0.0,138596.4,-507790.7,415402.9,0.778,1.431,895.2,-0.3868,-62.78467,0.0,0,-1.0,-1.0,-1.0,-1.0
1791147298.98,1703183.9,746.3,135906.0,135906.0,164.9,1047.1,835.9,-25.41,68.03,27.67,296.29,0.0,0.0,0.0,0.0,138596.4,-507790.7,415402.9,0.778,1.431,895.2,-0.38688,-62.78212,0.0,0,-1.0,-1.0,-1.0,-1.0
1791147299.48,1703183.9,746.8,135906.0,135906.0,164.9,1047.1,835.9,-25.41,68.03,27.67,296.29,0.0,0.0,0.0,0.0,138596.4,-507790.7,415402.9,0.778,1.431,895.2,-0.38688,-62.78212,0.0,0,-1.0,-1.0,-1.0,-1.0
1791147299.98,1703183.9,747.3,135912.6,135912.6,164.7,1047.0,835.9,-25.41,68.03,27.67,296.29,0.0,0.0,0.0,0.0,138596.4,-507790.7,415402.9,0.778,1.431,895.2,-0.38696,-62.77957,0.0,0,-1.0,-1.0,-1.0,-1.0
1791147300.48,1703183.9,747.8,135912.6,135912.6,164.7,1047.0,835.9,-25.41,68.03,27.67,296.29,0.0,0.0,0.0,0.0,138596.4,-507790.7,415402.9,0.778,1.431,895.2,-0.38696,-62.77957,0.0,0,-1.0,-1.0,-1.0,-1.0
1791147300.98,1703184.0,748.3,135919.1,135919.1,164.5,1047.0,835.8,-25.4,68.03,27.68,296.29,0.0,0.0,0.0,0.0,138596.4,-507790.7,415402.9,0.778,1.431,895.2,-0.38703,-62.77702,0.0,0,-1.0,-1.0,-1.0,-1.0
1791147301.49,1703184.0,748.8,135919.1,135919.1,164.5,1047.0,835.8,-25.4,68.03,27.68,296.29,0.0,0.0,0.0,0.0,138596.4,-507790.7,415402.9,0.778,1.431,895.2,-0.38703,-62.77702,0.0,0,-1.0,-1.0,-1.0,-1.0
1791147301.99,1703184.0,749.3,135925.7,135925.7,164.3,1046.9,835.8,-25.4,68.03,27.68,296.28,0.0,0.0,0.0,0.0,138596.4,-507790.7,415402.9,0.778,1.431,895.2,-0.38711,-62.77447,0.0,0,-1.0,-1.0,-1.0,-1.0
1791147302.49,1703184.0,749.8,135925.7,135925.7,164.3,1046.9,835.8,-25.4,68.03,27.68,296.28,0.0,0.0,0.0,0.0,138596.4,-507790.7,415402.9,0.778,1.431,895.2,-0.38711,-62.77447,0.0,0,-1.0,-1.0,-1.0,-1.0
1791147302.99,1703184.0,750.3,135932.3,135932.3,164.1,1046.9,835.7,-25.4,68.03,27.68,296.28,0.0,0.0,0.0,0.0,138596.4,-507790.7,415402.9,0.778,1.431,895.2,-0.38719,-62.77192,0.0,0,-1.0,-1.0,-1.0,-1.0
1791147303.49,1703184.0,750.8,135932.3,135932.3,164.1,1046.9,835.7,-25.4,68.03,27.68,296.28,0.0,0.0,0.0,0.0,138596.4,-507790.7,415402.9,0.778,1.431,895.2,-0.38719,-62.77192,0.0,0,-1.0,-1.0,-1.0,-1.0
1791147303.99,1703184.1,751.3,135938.8,135938.8,163.9,1046.9,835.7,-25.39,68.03,27.68,296.28,0.0,0.0,0.0,0.0,138596.4,-507790.7,415402.9,0.778,1.431,895.2,-0.38727,-62.76937,0.0,0,-1.0,-1.0,-1.0,-1.0
1791147304.49,1703184.1,751.8,135938.8,135938.8,163.9,1046.9,835.7,-25.39,68.03,27.68,296.28,0.0,0.0,0.0,0.0,138596.4,-507790.7,415402.9,0.778,1.431,895.2,-0.38727,-62.76937,0.0,0,-1.0,-1.0,-1.0,-1.0
1791147305.0,1703184.1,752.3,135945.4,135945.4,163.7,1046.8,835.6,-25.39,68.03,27.68,296.27,0.0,0.0,0.0,0.0,138596.4,-507790.7,415402.9,0.778,1.431,895.2,-0.38734,-62.76682,0.0,0,-1.0,-1.0,-1.0,-1.0
1791147305.5,1703184.1,752.8,135945.4,135945.4,163.7,1046.8,835.6,-25.39,68.03,27.68,296.27,0.0,0.0,0.0,0.0,138596.4,-507790.7,415402.9,0.778,1.431,895.2,-0.38734,-62.76682,0.0,0,-1.0,-1.0,-1.0,-1.0
1791147306.0,1703184.2,753.3,135951.9,135951.9,163.5,1046.8,835.6,-25.39,68.03,27.68,296.27,0.0,0.0,0.0,0.0,138596.4,-507790.7,415402.9,0.778,1.431,895.2,-0.38742,-62.76427,0.0,0,-1.0,-1.0,-1.0,-1.0
1791147306.5,1703184.2,753.8,135951.9,135951.9,163.5,1046.8,835.6,-25.39,68.03,27.68,296.27,0.0,0.0,0.0,0.0,138596.4,-507790.7,415402.9,0.778,1.431,895.2,-0.38742,-62.76427,0.0,0,-1.0,-1.0,-1.0,-1.0
1791147307.0,1703184.2,754.3,135958.5,135958.5,163.3,1046.7,835.5,-25.39,68.03,27.68,296.27,0.0,0.0,0.0,0.0,138596.4,-507790.7,415402.9,0.778,1.431,895.2,-0.3875,-62.76171,0.0,0,-1.0,-1.0,-1.0,-1.0
1791147307.5,1703184.2,754.8,135958.5,135958.5,163.3,1046.7,835.5,-25.39,68.03,27.68,296.27,0.0,0.0,0.0,0.0,138596.4,-507790.7,415402.9,0.778,1.431,895.2,-0.3875,-62.76171,0.0,0,-1.0,-1.0,-1.0,-1.0
1791147308.0,1703184.2,755.3,135965.0,135965.0,163.1,1046.7,835.5,-25.38,68.03,27.69,296.26,0.0,0.0,0.0,0.0,138596.4,-507790.7,415402.9,0.778,1.431,895.2,-0.38758,-62.75916,0.0,0,-1.0,-1.0,-1.0,-1.0
1791147308.51,1703184.2,755.8,135965.0,135965.0,163.1,1046.7,835.5,-25.38,68.03,27.69,296.26,0.0,0.0,0.0,0.0,138596.4,-507790.7,415402.9,0.778,1.431,895.2,-0.38758,-62.75916,0.0,0,-1.0,-1.0,-1.0,-1.0
1791147309.01,1703184.3,756.3,135971.5,135971.5,162.9,1046.7,835.4,-25.38,68.04,27.69,296.26,0.0,0.0,0.0,0.0,138596.4,-507790.7,415402.9,0.778,1.431,895.2,-0.38765,-62.75661,0.0,0,-1.0,-1.0,-1.0,-1.0
1791147309.51,1703184.3,756.8,135971.5,135971.5,162.9,1046.7,835.4,-25.38,68.04,27.69,296.26,0.0,0.0,0.0,0.0,138596.4,-507790.7,415402.9,0.778,1.431,895.2,-0.38765,-62.75661,0.0,0,-1.0,-1.0,-1.0,-1.0
1791147310.01,1703184.3,757.3,135978.0,135978.0,162.7,1046.6,835.4,-25.38,68.04,27.69,296.26,0.0,0.0,0.0,0.0,138596.4,-507790.7,415402.9,0.778,1.431,895.2,-0.38773,-62.75406,0.0,0,-1.0,-1.0,-1.0,-1.0
1791147310.52,1703184.3,757.8,135978.0,135978.0,162.7,1046.6,835.4,-25.38,68.04,27.69,296.26,0.0,0.0,0.0,0.0,138596.4,-507790.7,415402.9,0.778,1.431,895.2,-0.38773,-62.75406,0.0,0,-1.0,-1.0,-1.0,-1.0
1791147311.02,1703184.4,758.3,135984.5,135984.5,162.5,1046.6,835.3,-25.37,68.04,27.69,296.25,0.0,0.0,0.0,0.0,138596.4,-507790.7,415402.9,0.778,1.431,895.2,-0.38781,-62.75151,0.0,0,-1.0,-1.0,-1.0,-1.0
1791147311.52,1703184.4,758.8,135984.5,135984.5,162.5,1046.6,835.3,-25.37,68.04,27.69,296.25,0.0,0.0,0.0,0.0,138596.4,-507790.7,415402.9,0.778,1.431,895.2,-0.38781,-62.75151,0.0,0,-1.0,-1.0,-1.0,-1.0
1791147312.02,1703184.4,759.3,135991.0,135991.0,162.3,1046.5,835.3,-25.37,68.04,27.69,296.25,0.0,0.0,0.0,0.0,138596.4,-507790.7,415402.9,0.778,1.431,895.2,-0.38789,-62.74896,0.0,0,-1.0,-1.0,-1.0,-1.0
1791147312.52,1703184.4,759.9,135991.0,135991.0,162.3,1046.5,835.3,-25.37,68.04,27.69,296.25,0.0,0.0,0.0,0.0,138596.4,-507790.7,415402.9,0.778,1.431,895.2,-0.38789,-62.74896,0.0,0,-1.0,-1.0,-1.0,-1.0
1791147313.02,1703184.4,760.4,135997.5,135997.5,162.1,1046.5,835.2,-25.37,68.04,27.69,296.25,0.0,0.0,0.0,0.0,138596.4,-507790.7,415402.9,0.778,1.431,895.2,-0.38796,-62.74641,0.0,0,-1.0,-1.0,-1.0,-1.0
1791147313.52,1703184.4,760.9,135997.5,135997.5,162.1,1046.5,835.2,-25.37,68.04,27.69,296.25,0.0,0.0,0.0,0.0,138596.4,-507790.7,415402.9,0.778,1.431,895.2,-0.38796,-62.74641,0.0,0,-1.0,-1.0,-1.0,-1.0
1791147314.03,1703184.5,761.4,136004.0,136004.0,161.8,1046.5,835.2,-25.36,68.04,27.69,296.24,0.0,0.0,0.0,0.0,138596.4,-507790.7,415402.9,0.778,1.431,895.2,-0.38804,-62.74386,0.0,0,-1.0,-1.0,-1.0,-1.0
1791147314.53,1703184.5,761.9,136004.0,136004.0,161.8,1046.5,835.2,-25.36,68.04,27.69,296.24,0.0,0.0,0.0,0.0,138596.4,-507790.7,415402.9,0.778,1.431,895.2,-0.38804,-62.74386,0.0,0,-1.0,-1.0,-1.0,-1.0
1791147315.03,1703184.5,762.4,136010.5,136010.5,161.6,1046.4,835.1,-25.36,68.04,27.7,296.24,0.0,0.0,0.0,0.0,138596.4,-507790.7,415402.9,0.778,1.431,895.2,-0.38812,-62.74131,0.0,0,-1.0,-1.0,-1.0,-1.0
1791147315.53,1703184.5,762.9,136010.5,136010.5,161.6,1046.4,835.1,-25.36,68.04,27.7,296.24,0.0,0.0,0.0,0.0,138596.4,-507790.7,415402.9,0.778,1.431,895.2,-0.38812,-62.74131,0.0,0,-1.0,-1.0,-1.0,-1.0
1791147316.03,1703184.6,763.4,136016.9,136016.9,161.4,1046.4,835.1,-25.36,68.04,27.7,296.24,0.0,0.0,0.0,0.0,138596.4,-507790.7,415402.9,0.778,1.431,895.2,-0.3882,-62.73876,0.0,0,-1.0,-1.0,-1.0,-1.0
1791147316.53,1703184.6,763.9,136016.9,136016.9,161.4,1046.4,835.1,-25.36,68.04,27.7,296.24,0.0,0.0,0.0,0.0,138596.4,-507790.7,415402.9,0.778,1.431,895.2,-0.3882,-62.73876,0.0,0,-1.0,-1.0,-1.0,-1.0
1791147317.03,1703184.6,764.4,136023.4,136023.4,161.2,1046.3,835.0,-25.36,68.04,27.7,296.23,0.0,0.0,0.0,0.0,138596.4,-507790.7,415402.9,0.778,1.431,895.2,-0.38827,-62.73621,0.0,0,-1.0,-1.0,-1.0,-1.0
1791147317.54,1703184.6,764.9,136023.4,136023.4,161.2,1046.3,835.0,-25.36,68.04,27.7,296.23,0.0,0.0,0.0,0.0,138596.4,-507790.7,415402.9,0.778,1.431,895.2,-0.38827,-62.73621,0.0,0,-1.0,-1.0,-1.0,-1.0
1791147318.04,1703184.6,765.4,136029.8,136029.8,161.0,1046.3,835.0,-25.35,68.04,27.7,296.23,0.0,0.0,0.0,0.0,138596.4,-507790.7,415402.9,0.778,1.431,895.2,-0.38835,-62.73366,0.0,0,-1.0,-1.0,-1.0,-1.0
1791147318.54,1703184.6,765.9,136029.8,136029.8,161.0,1046.3,835.0,-25.35,68.04,27.7,296.23,0.0,0.0,0.0,0.0,138596.4,-507790.7,415402.9,0.778,1.431,895.2,-0.38835,-62.73366,0.0,0,-1.0,-1.0,-1.0,-1.0
1791147319.04,1703184.7,766.4,136036.3,136036.3,160.8,1046.3,834.9,-25.35,68.04,27.7,296.23,0.0,0.0,0.0,0.0,138596.4,-507790.7,415402.9,0.778,1.431,895.2,-0.38843,-62.73111,0.0,0,-1.0,-1.0,-1.0,-1.0
1791147319.54,1703184.7,766.9,136036.3,136036.3,160.8,1046.3,834.9,-25.35,68.04,27.7,296.23,0.0,0.0,0.0,0.0,138596.4,-507790.7,415402.9,0.778,1.431,895.2,-0.38843,-62.73111,0.0,0,-1.0,-1.0,-1.0,-1.0
1791147320.05,1703184.7,767.4,136042.7,136042.7,160.6,1046.2,834.9,-25.35,68.04,27.7,296.23,0.0,0.0,0.0,0.0,138596.4,-507790.7,415402.9,0.778,1.431,895.2,-0.38851,-62.72856,0.0,0,-1.0,-1.0,-1.0,-1.0
1791147320.55,1703184.7,767.9,136042.7,136042.7,160.6,1046.2,834.9,-25.35,68.04,27.7,296.23,0.0,0.0,0.0,0.0,138596.4,-507790.7,415402.9,0.778,1.431,895.2,-0.38851,-62.72856,0.0,0,-1.0,-1.0,-1.0,-1.0
1791147321.05,1703184.8,768.4,136049.1,136049.1,160.4,1046.2,834.8,-25.34,68.04,27.7,296.22,0.0,0.0,0.0,0.0,138596.4,-507790.7,415402.9,0.778,1.431,895.2,-0.38858,-62.72601,0.0,0,-1.0,-1.0,-1.0,-1.0
1791147321.55,1703184.8,768.9,136049.1,136049.1,160.4,1046.2,834.8,-25.34,68.04,27.7,296.22,0.0,0.0,0.0,0.0,138596.4,-507790.7,415402.9,0.778,1.431,895.2,-0.38858,-62.72601,0.0,0,-1.0,-1.0,-1.0,-1.0
1791147322.05,1703184.8,769.4,136055.5,136055.5,160.2,1046.1,834.8,-25.34,68.04,27.71,296.22,0.0,0.0,0.0,0.0,138596.4,-507790.7,415402.9,0.778,1.431,895.2,-0.38866,-62.72346,0.0,0,-1.0,-1.0,-1.0,-1.0
1791147322.55,1703184.8,769.9,136055.5,136055.5,160.2,1046.1,834.8,-25.34,68.04,27.71,296.22,0.0,0.0,0.0,0.0,138596.4,-507790.7,415402.9,0.778,1.431,895.2,-0.38866,-62.72346,0.0,0,-1.0,-1.0,-1.0,-1.0
1791147323.06,1703184.8,770.4,136061.9,136061.9,160.0,1046.1,834.7,-25.34,68.04,27.71,296.22,0.0,0.0,0.0,0.0,138596.4,-507790.7,415402.9,0.778,1.431,895.2,-0.38874,-62.72091,0.0,0,-1.0,-1.0,-1.0,-1.0
1791147323.56,1703184.8,770.9,136061.9,136061.9,160.0,1046.1,834.7,-25.34,68.04,27.71,296.22,0.0,0.0,0.0,0.0,138596.4,-507790.7,415402.9,0.778,1.431,895.2,-0.38874,-62.72091,0.0,0,-1.0,-1.0,-1.0,-1.0
1791147324.06,1703184.9,771.4,136068.3,136068.3,159.8,1046.1,834.7,-25.34,68.04,27.71,296.21,0.0,0.0,0.0,0.0,138596.4,-507790.6,415402.9,0.778,1.431,895.2,-0.38882,-62.71836,0.0,0,-1.0,-1.0,-1.0,-1.0
1791147324.56,1703184.9,771.9,136068.3,136068.3,159.8,1046.1,834.7,-25.34,68.04,27.71,296.21,0.0,0.0,0.0,0.0,138596.4,-507790.6,415402.9,0.778,1.431,895.2,-0.38882,-62.71836,0.0,0,-1.0,-1.0,-1.0,-1.0
1791147325.06,1703184.9,772.4,136074.7,136074.7,159.6,1046.0,834.6,-25.33,68.04,27.71,296.21,0.0,0.0,0.0,0.0,138596.4,-507790.6,415402.9,0.778,1.431,895.2,-0.38889,-62.71581,0.0,0,-1.0,-1.0,-1.0,-1.0
1791147325.56,1703184.9,772.9,136074.7,136074.7,159.6,1046.0,834.6,-25.33,68.04,27.71,296.21,0.0,0.0,0.0,0.0,138596.4,-507790.6,415402.9,0.778,1.431,895.2,-0.38889,-62.71581,0.0,0,-1.0,-1.0,-1.0,-1.0
1791147326.06,1703185.0,773.4,136081.1,136081.1,159.4,1046.0,834.6,-25.33,68.05,27.71,296.21,0.0,0.0,0.0,0.0,138596.4,-507790.6,415402.9,0.778,1.431,895.2,-0.38897,-62.71326,0.0,0,-1.0,-1.0,-1.0,-1.0
1791147326.57,1703185.0,773.9,136081.1,136081.1,159.4,1046.0,834.6,-25.33,68.05,27.71,296.21,0.0,0.0,0.0,0.0,138596.4,-507790.6,415402.9,0.778,1.431,895.2,-0.38897,-62.71326,0.0,0,-1.0,-1.0,-1.0,-1.0
1791147327.07,1703185.0,774.4,136087.5,136087.5,159.2,1045.9,834.5,-25.33,68.05,27.71,296.2,0.0,0.0,0.0,0.0,138596.4,-507790.6,415402.9,0.778,1.431,895.2,-0.38905,-62.71071,0.0,0,-1.0,-1.0,-1.0,-1.0
1791147327.57,1703185.0,774.9,136087.5,136087.5,159.2,1045.9,834.5,-25.33,68.05,27.71,296.2,0.0,0.0,0.0,0.0,138596.4,-507790.6,415402.9,0.778,1.431,895.2,-0.38905,-62.71071,0.0,0,-1.0,-1.0,-1.0,-1.0
1791147328.07,1703185.0,775.4,136093.8,136093.8,159.0,1045.9,834.5,-25.32,68.05,27.71,296.2,0.0,0.0,0.0,0.0,138596.4,-507790.6,415402.9,0.778,1.431,895.2,-0.38912,-62.70816,0.0,0,-1.0,-1.0,-1.0,-1.0
1791147328.57,1703185.1,775.9,136109.7,136109.7,158.5,1045.8,834.4,-25.32,68.05,27.72,296.19,0.0,0.0,0.0,0.0,138596.4,-507790.6,415402.9,0.778,1.431,895.2,-0.38932,-62.70179,0.0,0,-1.0,-1.0,-1.0,-1.0
1791147329.08,1703185.6,776.4,136179.0,136179.0,156.3,1045.4,833.8,-25.28,68.05,27.73,296.16,0.0,0.0,0.0,0.0,138596.4,-507790.6,415402.9,0.778,1.431,895.2,-0.39017,-62.67375,0.0,0,-1.0,-1.0,-1.0,-1.0
1791147329.58,1703186.1,776.9,136256.5,136256.5,153.7,1044.9,833.2,-25.25,68.06,27.75,296.12,0.0,0.0,0.0,0.0,138596.4,-507790.6,415402.9,0.778,1.431,895.2,-0.39113,-62.6419,0.0,0,-1.0,-1.0,-1.0,-1.0
1791147330.08,1703186.6,777.4,136332.7,136332.7,151.2,1044.4,832.6,-25.21,68.07,27.77,296.08,0.0,0.0,0.0,0.0,138596.4,-507790.6,415402.9,0.778,1.431,895.2,-0.3921,-62.61005,0.0,0,-1.0,-1.0,-1.0,-1.0
1791147330.58,1703187.1,777.9,136407.7,136407.7,148.7,1043.9,832.1,-25.17,68.08,27.79,296.04,0.0,0.0,0.0,0.0,138596.4,-507790.6,415402.9,0.778,1.431,895.2,-0.39307,-62.57821,0.0,0,-1.0,-1.0,-1.0,-1.0
1791147331.08,1703187.6,778.4,136481.4,136481.4,146.1,1043.5,831.5,-25.14,68.08,27.8,296.0,0.0,0.0,0.0,0.0,138596.4,-507790.6,415402.9,0.778,1.431,895.2,-0.39403,-62.54638,0.0,0,-1.0,-1.0,-1.0,-1.0
1791147331.59,1703188.1,778.9,136556.7,136556.7,143.5,1043.0,830.9,-25.1,68.09,27.82,295.95,0.0,0.0,0.0,0.0,138596.4,-507790.6,415402.9,0.778,1.431,895.2,-0.39504,-62.51329,0.0,0,-1.0,-1.0,-1.0,-1.0
1791147332.09,1703188.6,779.4,136627.8,136627.8,141.0,1042.6,830.3,-25.06,68.1,27.84,295.91,0.0,0.0,0.0,0.0,138596.3,-507790.6,415402.9,0.778,1.431,895.2,-0.396,-62.48147,0.0,0,-1.0,-1.0,-1.0,-1.0
1791147332.59,1703189.1,779.9,136697.7,136697.7,138.5,1042.1,829.8,-25.02,68.1,27.86,295.87,0.0,0.0,0.0,0.0,138596.3,-507790.6,415402.9,0.778,1.431,895.2,-0.39696,-62.44967,0.0,0,-1.0,-1.0,-1.0,-1.0
1791147333.09,1703189.6,780.4,136766.3,136766.3,135.9,1041.7,829.3,-24.99,68.11,27.87,295.83,0.0,0.0,0.0,0.0,138596.3,-507790.6,415402.9,0.778,1.431,895.2,-0.39793,-62.41787,0.0,0,-1.0,-1.0,-1.0,-1.0
1791147333.59,1703190.1,780.9,136833.6,136833.6,133.4,1041.3,828.7,-24.95,68.12,27.89,295.79,0.0,0.0,0.0,0.0,138596.3,-507790.6,415402.9,0.778,1.431,895.2,-0.39889,-62.38608,0.0,0,-1.0,-1.0,-1.0,-1.0
1791147334.09,1703190.6,781.4,136899.7,136899.7,130.9,1040.9,828.2,-24.91,68.13,27.91,295.75,0.0,0.0,0.0,0.0,138596.3,-507790.6,415402.9,0.778,1.431,895.2,-0.39985,-62.35429,0.0,0,-1.0,-1.0,-1.0,-1.0
1791147334.59,1703191.1,781.9,136964.5,136964.5,128.3,1040.5,827.7,-24.88,68.13,27.93,295.71,0.0,0.0,0.0,0.0,138596.3,-507790.6,415402.9,0.778,1.431,895.2,-0.40082,-62.32252,0.0,0,-1.0,-1.0,-1.0,-1.0
1791147335.1,1703191.6,782.4,137028.0,137028.0,125.8,1040.1,827.2,-24.84,68.14,27.94,295.67,0.0,0.0,0.0,0.0,138596.3,-507790.6,415402.9,0.778,1.431,895.2,-0.40178,-62.29075,0.0,0,-1.0,-1.0,-1.0,-1.0
1791147335.6,1703192.1,782.9,137090.3,137090.3,123.3,1039.7,826.8,-24.8,68.15,27.96,295.63,0.0,0.0,0.0,0.0,138596.3,-507790.6,415402.9,0.778,1.431,895.2,-0.40274,-62.25898,0.0,0,-1.0,-1.0,-1.0,-1.0
1791147336.1,1703192.6,783.4,137153.7,137153.7,120.7,1039.3,826.3,-24.76,68.15,27.98,295.59,0.0,0.0,0.0,0.0,138596.3,-507790.6,415402.9,0.778,1.431,895.2,-0.40374,-62.22596,0.0,0,-1.0,-1.0,-1.0,-1.0
1791147336.61,1703193.1,783.9,137211.1,137211.0,118.2,1038.9,825.8,-24.73,68.16,28.0,295.55,0.0,0.0,0.0,0.0,138596.3,-507790.6,415402.9,0.778,1.431,895.2,-0.40466,-62.19548,0.0,0,-1.0,-1.0,-1.0,-1.0
1791147337.11,1703193.6,784.4,137269.5,137269.5,115.7,1038.6,825.4,-24.69,68.17,28.01,295.51,0.0,0.0,0.0,0.0,138596.3,-507790.6,415402.9,0.778,1.431,895.2,-0.40562,-62.16374,0.0,0,-1.0,-1.0,-1.0,-1.0
1791147337.61,1703194.0,784.9,137320.0,137320.0,113.5,1038.2,825.0,-24.66,68.17,28.03,295.48,0.0,0.0,0.0,0.0,138596.3,-507790.6,415402.9,0.778,1.431,895.2,-0.40647,-62.13581,0.0,0,-1.0,-1.0,-1.0,-1.0
1791147338.11,1703194.5,785.4,137376.1,137376.1,111.0,1037.9,824.5,-24.62,68.18,28.05,295.44,0.0,0.0,0.0,0.0,138596.3,-507790.5,415402.9,0.778,1.431,895.2,-0.40743,-62.10407,0.0,0,-1.0,-1.0,-1.0,-1.0
1791147338.61,1703195.0,785.9,137430.9,137430.9,108.4,1037.5,824.1,-24.59,68.19,28.06,295.4,0.0,0.0,0.0,0.0,138596.3,-507790.5,415402.9,0.778,1.431,895.2,-0.40839,-62.07235,0.0,0,-1.0,-1.0,-1.0,-1.0
1791147339.11,1703195.5,786.4,137484.5,137484.5,105.9,1037.2,823.7,-24.55,68.2,28.08,295.36,0.0,0.0,0.0,0.0,138596.3,-507790.5,415402.9,0.778,1.431,895.2,-0.40935,-62.04063,0.0,0,-1.0,-1.0,-1.0,-1.0
1791147339.62,1703196.0,786.9,137536.8,137536.8,103.4,1036.9,823.3,-24.51,68.2,28.1,295.32,0.0,0.0,0.0,0.0,138596.3,-507790.5,415402.9,0.778,1.431,895.2,-0.41031,-62.00892,0.0,0,-1.0,-1.0,-1.0,-1.0
1791147340.12,1703196.5,787.4,137587.9,137587.9,100.9,1036.6,822.9,-24.48,68.21,28.12,295.28,0.0,0.0,0.0,0.0,138596.3,-507790.5,415402.9,0.778,1.431,895.2,-0.41126,-61.97721,0.0,0,-1.0,-1.0,-1.0,-1.0
1791147340.62,1703197.0,787.9,137637.7,137637.7,98.3,1036.2,822.5,-24.44,68.22,28.13,295.24,0.0,0.0,0.0,0.0,138596.3,-507790.5,415402.9,0.778,1.431,895.2,-0.41222,-61.9455,0.0,0,-1.0,-1.0,-1.0,-1.0
1791147341.12,1703197.5,788.4,137686.2,137686.2,95.8,1035.9,822.1,-24.36,68.27,28.16,295.2,0.0,0.0,0.0,0.0,138596.4,-507790.2,415403.1,0.778,1.431,895.2,-0.41318,-61.91381,0.0,0,-1.0,-1.0,-1.0,-1.0
1791147341.62,1703198.0,789.0,137733.5,137733.5,93.3,1035.6,821.7,-24.37,68.23,28.17,295.16,0.0,0.0,0.0,0.0,138596.3,-507790.1,415403.1,0.778,1.431,895.2,-0.41414,-61.88211,0.0,0,-1.0,-1.0,-1.0,-1.0
1791147342.12,1703198.5,789.5,137779.5,137779.5,90.8,1035.4,821.4,-24.32,68.23,28.18,295.12,0.0,0.0,0.0,0.0,138596.4,-507790.3,415403.1,0.778,1.431,895.2,-0.4151,-61.85043,0.0,0,-1.0,-1.0,-1.0,-1.0
1791147342.62,1703199.0,790.0,137824.3,137824.3,88.2,1035.1,821.0,-24.29,68.24,28.2,295.08,0.0,0.0,0.0,0.0,138596.4,-507790.3,415403.1,0.778,1.431,895.2,-0.41605,-61.81874,0.0,0,-1.0,-1.0,-1.0,-1.0
1791147343.13,1703199.5,790.5,137867.8,137867.8,85.7,1034.8,820.7,-24.25,68.25,28.22,295.04,0.0,0.0,0.0,0.0,138596.4,-507790.3,415403.1,0.778,1.431,895.2,-0.41701,-61.78707,0.0,0,-1.0,-1.0,-1.0,-1.0
1791147343.63,1703200.0,791.0,137910.0,137910.0,83.2,1034.5,820.4,-24.22,68.26,28.24,295.0,0.0,0.0,0.0,0.0,138596.4,-507790.3,415403.1,0.778,1.431,895.2,-0.41797,-61.75539,0.0,0,-1.0,-1.0,-1.0,-1.0
1791147344.13,1703200.4,791.5,137938.0,137938.0,81.5,1034.4,820.1,-24.19,68.26,28.25,294.97,0.0,0.0,0.0,0.0,138596.4,-507790.3,415403.1,0.778,1.431,895.2,-0.41862,-61.73386,0.0,0,-1.0,-1.0,-1.0,-1.0
1791147344.63,1703200.4,792.0,137938.0,137938.0,81.5,1034.4,820.1,-24.19,68.26,28.25,294.97,0.0,0.0,0.0,0.0,138596.4,-507790.3,415403.1,0.778,1.431,895.2,-0.41862,-61.73386,0.0,0,-1.0,-1.0,-1.0,-1.0
1791147345.13,1703200.4,792.5,137941.2,137941.2,81.3,1034.3,820.1,-24.19,68.26,28.25,294.97,0.0,0.0,0.0,0.0,138596.4,-507790.3,415403.1,0.778,1.431,895.2,-0.41869,-61.73133,0.0,0,-1.0,-1.0,-1.0,-1.0
1791147345.63,1703200.4,793.0,137941.2,137941.2,81.3,1034.3,820.1,-24.19,68.26,28.25,294.97,0.0,0.0,0.0,0.0,138596.4,-507790.3,415403.1,0.778,1.431,895.2,-0.41869,-61.73133,0.0,0,-1.0,-1.0,-1.0,-1.0
1791147346.13,1703200.5,793.5,137944.5,137944.5,81.1,1034.3,820.1,-24.19,68.26,28.25,294.96,0.0,0.0,0.0,0.0,138596.4,-507790.3,415403.1,0.778,1.431,895.2,-0.41877,-61.72879,0.0,0,-1.0,-1.0,-1.0,-1.0
1791147346.64,1703200.5,794.0,137944.5,137944.5,81.1,1034.3,820.1,-24.19,68.26,28.25,294.96,0.0,0.0,0.0,0.0,138596.4,-507790.3,415403.1,0.778,1.431,895.2,-0.41877,-61.72879,0.0,0,-1.0,-1.0,-1.0,-1.0
1791147347.14,1703200.5,794.5,137947.7,137947.7,80.9,1034.3,820.1,-24.18,68.26,28.25,294.96,0.0,0.0,0.0,0.0,138596.4,-507790.3,415403.1,0.778,1.431,895.2,-0.41885,-61.72626,0.0,0,-1.0,-1.0,-1.0,-1.0
1791147347.64,1703200.5,795.0,137947.7,137947.7,80.9,1034.3,820.1,-24.18,68.26,28.25,294.96,0.0,0.0,0.0,0.0,138596.4,-507790.3,415403.1,0.778,1.431,895.2,-0.41885,-61.72626,0.0,0,-1.0,-1.0,-1.0,-1.0
1791147348.14,1703200.5,795.5,137951.0,137951.0,80.7,1034.3,820.0,-24.18,68.26,28.25,294.96,0.0,0.0,0.0,0.0,138596.4,-507790.3,415403.1,0.778,1.431,895.2,-0.41892,-61.72373,0.0,0,-1.0,-1.0,-1.0,-1.0
1791147348.64,1703200.5,796.0,137951.0,137951.0,80.7,1034.3,820.0,-24.18,68.26,28.25,294.96,0.0,0.0,0.0,0.0,138596.4,-507790.3,415403.1,0.778,1.431,895.2,-0.41892,-61.72373,0.0,0,-1.0,-1.0,-1.0,-1.0
1791147349.14,1703200.6,796.5,137954.2,137954.2,80.5,1034.3,820.0,-24.18,68.26,28.26,294.95,0.0,0.0,0.0,0.0,138596.4,-507790.3,415403.1,0.778,1.431,895.2,-0.419,-61.72119,0.0,0,-1.0,-1.0,-1.0,-1.0
1791147349.65,1703200.6,797.0,137954.2,137954.2,80.5,1034.3,820.0,-24.18,68.26,28.26,294.95,0.0,0.0,0.0,0.0,138596.4,-507790.3,415403.1,0.778,1.431,895.2,-0.419,-61.72119,0.0,0,-1.0,-1.0,-1.0,-1.0
1791147350.15,1703200.6,797.5,137957.4,137957.4,80.3,1034.2,820.0,-24.17,68.26,28.26,294.95,0.0,0.0,0.0,0.0,138596.4,-507790.3,415403.1,0.778,1.431,895.2,-0.41908,-61.71866,0.0,0,-1.0,-1.0,-1.0,-1.0
1791147350.65,1703200.6,798.0,137957.4,137957.4,80.3,1034.2,820.0,-24.17,68.26,28.26,294.95,0.0,0.0,0.0,0.0,138596.4,-507790.3,415403.1,0.778,1.431,895.2,-0.41908,-61.71866,0.0,0,-1.0,-1.0,-1.0,-1.0
1791147351.15,1703200.7,798.5,137960.6,137960.6,80.1,1034.2,820.0,-24.17,68.27,28.26,294.95,0.0,0.0,0.0,0.0,138596.4,-507790.3,415403.1,0.778,1.431,895.2,-0.41915,-61.71613,0.0,0,-1.0,-1.0,-1.0,-1.0
1791147351.65,1703200.7,799.0,137960.6,137960.6,80.1,1034.2,820.0,-24.17,68.27,28.26,294.95,0.0,0.0,0.0,0.0,138596.4,-507790.3,415403.1,0.778,1.431,895.2,-0.41915,-61.71613,0.0,0,-1.0,-1.0,-1.0,-1.0
1791147352.15,1703200.7,799.5,137963.8,137963.8,79.9,1034.2,819.9,-24.17,68.27,28.26,294.94,0.0,0.0,0.0,0.0,138596.4,-507790.3,415403.1,0.778,1.431,895.2,-0.41923,-61.71359,0.0,0,-1.0,-1.0,-1.0,-1.0
1791147352.65,1703200.7,800.0,137963.8,137963.8,79.9,1034.2,819.9,-24.17,68.27,28.26,294.94,0.0,0.0,0.0,0.0,138596.4,-507790.3,415403.1,0.778,1.431,895.2,-0.41923,-61.71359,0.0,0,-1.0,-1.0,-1.0,-1.0
1791147353.16,1703200.7,800.5,137967.0,137967.0,79.7,1034.2,819.9,-24.17,68.27,28.26,294.94,0.0,0.0,0.0,0.0,138596.4,-507790.3,415403.1,0.778,1.431,895.2,-0.41931,-61.71106,0.0,0,-1.0,-1.0,-1.0,-1.0
1791147353.66,1703200.7,801.0,137967.0,137967.0,79.7,1034.2,819.9,-24.17,68.27,28.26,294.94,0.0,0.0,0.0,0.0,138596.4,-507790.3,415403.1,0.778,1.431,895.2,-0.41931,-61.71106,0.0,0,-1.0,-1.0,-1.0,-1.0
1791147354.16,1703200.8,801.5,137970.2,137970.2,79.5,1034.2,819.9,-24.16,68.27,28.26,294.94,0.0,0.0,0.0,0.0,138596.4,-507790.3,415403.1,0.778,1.431,895.2,-0.41938,-61.70853,0.0,0,-1.0,-1.0,-1.0,-1.0
1791147354.66,1703200.8,802.0,137970.2,137970.2,79.5,1034.2,819.9,-24.16,68.27,28.26,294.94,0.0,0.0,0.0,0.0,138596.4,-507790.3,415403.1,0.778,1.431,895.2,-0.41938,-61.70853,0.0,0,-1.0,-1.0,-1.0,-1.0
1791147355.16,1703200.8,802.5,137973.3,137973.3,79.3,1034.1,819.9,-24.16,68.27,28.26,294.93,0.0,0.0,0.0,0.0,138596.4,-507790.3,415403.1,0.778,1.431,895.2,-0.41946,-61.70599,0.0,0,-1.0,-1.0,-1.0,-1.0
1791147355.66,1703200.8,803.0,137973.3,137973.3,79.3,1034.1,819.9,-24.16,68.27,28.26,294.93,0.0,0.0,0.0,0.0,138596.4,-507790.3,415403.1,0.778,1.431,895.2,-0.41946,-61.70599,0.0,0,-1.0,-1.0,-1.0,-1.0
1791147356.16,1703200.9,803.5,137976.5,137976.5,79.1,1034.1,819.8,-24.16,68.27,28.27,294.93,0.0,0.0,0.0,0.0,138596.4,-507790.3,415403.1,0.778,1.431,895.2,-0.41953,-61.70346,0.0,0,-1.0,-1.0,-1.0,-1.0
1791147356.67,1703200.9,804.0,137976.5,137976.5,79.1,1034.1,819.8,-24.16,68.27,28.27,294.93,0.0,0.0,0.0,0.0,138596.4,-507790.3,415403.1,0.778,1.431,895.2,-0.41953,-61.70346,0.0,0,-1.0,-1.0,-1.0,-1.0
1791147357.17,1703200.9,804.5,137979.7,137979.7,78.9,1034.1,819.8,-24.15,68.27,28.27,294.93,0.0,0.0,0.0,0.0,138596.4,-507790.3,415403.1,0.778,1.431,895.2,-0.41961,-61.70093,0.0,0,-1.0,-1.0,-1.0,-1.0
1791147357.67,1703200.9,805.0,137979.7,137979.7,78.9,1034.1,819.8,-24.15,68.27,28.27,294.93,0.0,0.0,0.0,0.0,138596.4,-507790.3,415403.1,0.778,1.431,895.2,-0.41961,-61.70093,0.0,0,-1.0,-1.0,-1.0,-1.0
1791147358.17,1703200.9,805.5,137982.8,137982.8,78.7,1034.1,819.8,-24.15,68.27,28.27,294.92,0.0,0.0,0.0,0.0,138596.4,-507790.3,415403.1,0.778,1.431,895.2,-0.41969,-61.69839,0.0,0,-1.0,-1.0,-1.0,-1.0
1791147358.67,1703200.9,806.0,137982.8,137982.8,78.7,1034.1,819.8,-24.15,68.27,28.27,294.92,0.0,0.0,0.0,0.0,138596.4,-507790.3,415403.1,0.778,1.431,895.2,-0.41969,-61.69839,0.0,0,-1.0,-1.0,-1.0,-1.0
1791147359.17,1703201.0,806.5,137986.0,137986.0,78.5,1034.1,819.8,-24.15,68.27,28.27,294.92,0.0,0.0,0.0,0.0,138596.4,-507790.3,415403.1,0.778,1.431,895.2,-0.41976,-61.69586,0.0,0,-1.0,-1.0,-1.0,-1.0
1791147359.67,1703201.0,807.0,137986.0,137986.0,78.5,1034.1,819.8,-24.15,68.27,28.27,294.92,0.0,0.0,0.0,0.0,138596.4,-507790.3,415403.1,0.778,1.431,895.2,-0.41976,-61.69586,0.0,0,-1.0,-1.0,-1.0,-1.0
1791147360.18,1703201.0,807.5,137989.1,137989.1,78.3,1034.0,819.7,-24.15,68.27,28.27,294.92,0.0,0.0,0.0,0.0,138596.4,-507790.3,415403.1,0.778,1.431,895.2,-0.41984,-61.69333,0.0,0,-1.0,-1.0,-1.0,-1.0
1791147360.68,1703201.0,808.0,137989.1,137989.1,78.3,1034.0,819.7,-24.15,68.27,28.27,294.92,0.0,0.0,0.0,0.0,138596.4,-507790.3,415403.1,0.778,1.431,895.2,-0.41984,-61.69333,0.0,0,-1.0,-1.0,-1.0,-1.0
1791147361.18,1703201.1,808.5,137992.2,137992.2,78.1,1034.0,819.7,-24.14,68.27,28.27,294.92,0.0,0.0,0.0,0.0,138596.4,-507790.2,415403.1,0.778,1.431,895.2,-0.41992,-61.69079,0.0,0,-1.0,-1.0,-1.0,-1.0
1791147361.68,1703201.1,809.0,137992.2,137992.2,78.1,1034.0,819.7,-24.14,68.27,28.27,294.92,0.0,0.0,0.0,0.0,138596.4,-507790.2,415403.1,0.778,1.431,895.2,-0.41992,-61.69079,0.0,0,-1.0,-1.0,-1.0,-1.0
1791147362.18,1703201.1,809.5,137995.3,137995.3,77.9,1034.0,819.7,-24.14,68.27,28.27,294.91,0.0,0.0,0.0,0.0,138596.4,-507790.2,415403.1,0.778,1.431,895.2,-0.41999,-61.68826,0.0,0,-1.0,-1.0,-1.0,-1.0
1791147362.69,1703201.1,810.0,137995.3,137995.3,77.9,1034.0,819.7,-24.14,68.27,28.27,294.91,0.0,0.0,0.0,0.0,138596.4,-507790.2,415403.1,0.778,1.431,895.2,-0.41999,-61.68826,0.0,0,-1.0,-1.0,-1.0,-1.0
1791147363.19,1703201.1,810.5,137998.4,137998.5,77.6,1034.0,819.7,-24.14,68.27,28.27,294.91,0.0,0.0,0.0,0.0,138596.4,-507790.2,415403.1,0.778,1.431,895.2,-0.42007,-61.68573,0.0,0,-1.0,-1.0,-1.0,-1.0
1791147363.69,1703201.1,811.0,137998.4,137998.5,77.6,1034.0,819.7,-24.14,68.27,28.27,294.91,0.0,0.0,0.0,0.0,138596.4,-507790.2,415403.1,0.778,1.431,895.2,-0.42007,-61.68573,0.0,0,-1.0,-1.0,-1.0,-1.0
1791147364.19,1703201.2,811.5,138001.5,138001.5,77.4,1034.0,819.6,-24.13,68.27,28.28,294.91,0.0,0.0,0.0,0.0,138596.4,-507790.2,415403.1,0.778,1.431,895.2,-0.42015,-61.6832,0.0,0,-1.0,-1.0,-1.0,-1.0
1791147364.69,1703201.2,812.0,138001.5,138001.5,77.4,1034.0,819.6,-24.13,68.27,28.28,294.91,0.0,0.0,0.0,0.0,138596.4,-507790.2,415403.1,0.778,1.431,895.2,-0.42015,-61.6832,0.0,0,-1.0,-1.0,-1.0,-1.0
1791147365.19,1703201.2,812.5,138004.6,138004.6,77.2,1033.9,819.6,-24.13,68.27,28.28,294.9,0.0,0.0,0.0,0.0,138596.4,-507790.2,415403.1,0.778,1.431,895.2,-0.42022,-61.68066,0.0,0,-1.0,-1.0,-1.0,-1.0
1791147365.69,1703201.2,813.0,138004.6,138004.6,77.2,1033.9,819.6,-24.13,68.27,28.28,294.9,0.0,0.0,0.0,0.0,138596.4,-507790.2,415403.1,0.778,1.431,895.2,-0.42022,-61.68066,0.0,0,-1.0,-1.0,-1.0,-1.0
1791147366.2,1703201.3,813.5,138007.7,138007.7,77.0,1033.9,819.6,-24.13,68.27,28.28,294.9,0.0,0.0,0.0,0.0,138596.4,-507790.2,415403.1,0.778,1.431,895.2,-0.4203,-61.67813,0.0,0,-1.0,-1.0,-1.0,-1.0
1791147366.7,1703201.3,814.0,138007.7,138007.7,77.0,1033.9,819.6,-24.13,68.27,28.28,294.9,0.0,0.0,0.0,0.0,138596.4,-507790.2,415403.1,0.778,1.431,895.2,-0.4203,-61.67813,0.0,0,-1.0,-1.0,-1.0,-1.0
1791147367.2,1703201.3,814.5,138010.8,138010.8,76.8,1033.9,819.6,-24.12,68.27,28.28,294.9,0.0,0.0,0.0,0.0,138596.4,-507790.2,415403.1,0.778,1.431,895.2,-0.42038,-61.6756,0.0,0,-1.0,-1.0,-1.0,-1.0
1791147367.7,1703201.3,815.0,138010.8,138010.8,76.8,1033.9,819.6,-24.12,68.27,28.28,294.9,0.0,0.0,0.0,0.0,138596.4,-507790.2,415403.1,0.778,1.431,895.2,-0.42038,-61.6756,0.0,0,-1.0,-1.0,-1.0,-1.0
1791147368.2,1703201.3,815.5,138010.8,138010.8,76.8,1033.9,819.6,-24.12,68.27,28.28,294.9,0.0,0.0,0.0,0.0,138596.4,-507790.2,415403.1,0.778,1.431,895.2,-0.42038,-61.6756,0.0,0,-1.0,-1.0,-1.0,-1.0
1791147368.7,1703201.8,816.0,138045.6,138045.6,74.5,1033.7,819.3,-24.09,68.28,28.3,294.86,0.0,0.0,0.0,0.0,138596.4,-507790.2,415403.1,0.778,1.431,895.2,-0.42125,-61.64647,0.0,0,-1.0,-1.0,-1.0,-1.0
1791147369.21,1703202.3,816.5,138083.7,138083.7,71.9,1033.5,819.0,-24.05,68.29,28.31,294.82,0.0,0.0,0.0,0.0,138596.4,-507790.2,415403.1,0.778,1.431,895.2,-0.42225,-61.61355,0.0,0,-1.0,-1.0,-1.0,-1.0
1791147369.71,1703202.8,817.0,138119.0,138119.0,69.4,1033.2,818.7,-24.02,68.29,28.33,294.78,0.0,0.0,0.0,0.0,138596.4,-507790.2,415403.1,0.778,1.431,895.2,-0.4232,-61.5819,0.0,0,-1.0,-1.0,-1.0,-1.0
1791147370.21,1703203.3,817.5,138153.1,138153.1,66.9,1033.0,818.4,-23.98,68.3,28.35,294.74,0.0,0.0,0.0,0.0,138596.4,-507790.2,415403.1,0.778,1.431,895.2,-0.42416,-61.55026,0.0,0,-1.0,-1.0,-1.0,-1.0
1791147370.71,1703203.8,818.0,138185.9,138185.9,64.3,1032.8,818.2,-23.94,68.31,28.37,294.7,0.0,0.0,0.0,0.0,138596.4,-507790.2,415403.1,0.778,1.431,895.2,-0.42511,-61.51861,0.0,0,-1.0,-1.0,-1.0,-1.0
1791147371.21,1703204.3,818.5,138217.4,138217.4,61.8,1032.6,817.9,-23.9,68.31,28.38,294.66,0.0,0.0,0.0,0.0,138596.4,-507790.2,415403.1,0.778,1.431,895.2,-0.42607,-61.48697,0.0,0,-1.0,-1.0,-1.0,-1.0
1791147371.72,1703204.8,819.0,138248.9,138248.9,59.2,1032.4,817.7,-23.87,68.32,28.4,294.62,0.0,0.0,0.0,0.0,138596.4,-507790.2,415403.1,0.778,1.431,895.2,-0.42706,-61.45407,0.0,0,-1.0,-1.0,-1.0,-1.0
1791147372.22,1703205.3,819.5,138276.7,138276.7,56.8,1032.2,817.5,-23.83,68.33,28.42,294.58,0.0,0.0,0.0,0.0,138596.4,-507790.2,415403.1,0.778,1.431,895.2,-0.42797,-61.42371,0.0,0,-1.0,-1.0,-1.0,-1.0
1791147372.72,1703205.8,820.1,138305.5,138305.5,54.2,1032.1,817.3,-23.79,68.33,28.43,294.54,0.0,0.0,0.0,0.0,138596.4,-507790.2,415403.1,0.778,1.431,895.2,-0.42896,-61.39081,0.0,0,-1.0,-1.0,-1.0,-1.0
1791147373.22,1703206.3,820.6,138332.0,138332.0,51.6,1031.9,817.0,-23.76,68.34,28.45,294.5,0.0,0.0,0.0,0.0,138596.4,-507790.2,415403.1,0.778,1.431,895.2,-0.42992,-61.35918,0.0,0,-1.0,-1.0,-1.0,-1.0
1791147373.72,1703206.8,821.1,138357.2,138357.2,49.1,1031.7,816.8,-23.72,68.35,28.47,294.46,0.0,0.0,0.0,0.0,138596.4,-507790.2,415403.1,0.778,1.431,895.2,-0.43087,-61.32756,0.0,0,-1.0,-1.0,-1.0,-1.0
1791147374.22,1703207.3,821.6,138381.1,138381.1,46.6,1031.6,816.7,-23.68,68.35,28.49,294.42,0.0,0.0,0.0,0.0,138596.4,-507790.2,415403.1,0.778,1.431,895.2,-0.43182,-61.29594,0.0,0,-1.0,-1.0,-1.0,-1.0
1791147374.73,1703207.7,822.1,138400.2,138400.2,44.5,1031.5,816.5,-23.65,68.36,28.5,294.38,0.0,0.0,0.0,0.0,138596.4,-507790.2,415403.1,0.778,1.431,895.2,-0.43262,-61.26938,0.0,0,-1.0,-1.0,-1.0,-1.0
1791147375.23,1703208.2,822.6,138422.7,138422.7,41.9,1031.3,816.3,-23.61,68.37,28.52,294.34,0.0,0.0,0.0,0.0,138596.4,-507790.2,415403.1,0.778,1.431,895.2,-0.43361,-61.2365,0.0,0,-1.0,-1.0,-1.0,-1.0
1791147375.73,1703208.7,823.1,138443.0,138443.0,39.3,1031.2,816.2,-23.58,68.37,28.54,294.3,0.0,0.0,0.0,0.0,138596.4,-507790.2,415403.1,0.778,1.431,895.2,-0.43456,-61.20488,0.0,0,-1.0,-1.0,-1.0,-1.0
1791147376.23,1703209.2,823.6,138462.0,138462.0,36.8,1031.1,816.0,-23.54,68.38,28.55,294.26,0.0,0.0,0.0,0.0,138596.4,-507790.2,415403.1,0.778,1.431,895.2,-0.43551,-61.17327,0.0,0,-1.0,-1.0,-1.0,-1.0
1791147376.73,1703209.8,824.1,138479.8,138479.8,34.3,1031.0,815.9,-23.5,68.39,28.57,294.22,0.0,0.0,0.0,0.0,138596.4,-507790.2,415403.1,0.778,1.431,895.2,-0.43646,-61.14166,0.0,0,-1.0,-1.0,-1.0,-1.0
1791147377.23,1703210.3,824.6,138496.3,138496.3,31.8,1030.9,815.8,-23.47,68.39,28.59,294.18,0.0,0.0,0.0,0.0,138596.4,-507790.2,415403.1,0.778,1.431,895.2,-0.43741,-61.11005,0.0,0,-1.0,-1.0,-1.0,-1.0
1791147377.74,1703210.8,825.1,138511.6,138511.6,29.3,1030.8,815.6,-23.43,68.4,28.6,294.14,0.0,0.0,0.0,0.0,138596.4,-507790.2,415403.1,0.778,1.431,895.2,-0.43836,-61.07845,0.0,0,-1.0,-1.0,-1.0,-1.0
1791147378.24,1703211.3,825.6,138526.1,138526.1,26.6,1030.7,815.5,-23.39,68.41,28.62,294.1,0.0,0.0,0.0,0.0,138596.4,-507790.2,415403.1,0.778,1.431,895.2,-0.43935,-61.04558,0.0,0,-1.0,-1.0,-1.0,-1.0
1791147378.74,1703211.8,826.1,138538.8,138538.8,24.1,1030.6,815.4,-23.35,68.41,28.64,294.06,0.0,0.0,0.0,0.0,138596.4,-507790.2,415403.1,0.778,1.431,895.2,-0.4403,-61.01397,0.0,0,-1.0,-1.0,-1.0,-1.0
1791147379.24,1703212.3,826.6,138550.2,138550.2,21.6,1030.5,815.3,-23.32,68.42,28.65,294.02,0.0,0.0,0.0,0.0,138596.4,-507790.2,415403.1,0.778,1.431,895.2,-0.44125,-60.98237,0.0,0,-1.0,-1.0,-1.0,-1.0
1791147379.74,1703212.8,827.1,138560.4,138560.4,19.1,1030.5,815.2,-23.29,68.43,28.67,293.98,0.0,0.0,0.0,0.0,138596.4,-507790.2,415403.1,0.778,1.431,895.2,-0.4422,-60.95077,0.0,0,-1.0,-1.0,-1.0,-1.0
1791147380.25,1703213.3,827.6,138569.6,138569.6,16.5,1030.4,815.2,-23.25,68.44,28.69,293.94,0.0,0.0,0.0,0.0,138596.4,-507790.2,415403.1,0.778,1.431,895.2,-0.44319,-60.91791,0.0,0,-1.0,-1.0,-1.0,-1.0
1791147380.8,1703213.7,828.1,138576.4,138576.4,14.3,1030.4,815.1,-23.21,68.44,28.71,293.9,0.0,0.0,0.0,0.0,138596.4,-507790.2,415403.1,0.778,1.431,895.2,-0.44402,-60.8901,0.0,0,-1.0,-1.0,-1.0,-1.0
1791147381.3,1703214.2,828.6,138583.1,138583.1,11.6,1030.3,815.1,-23.17,68.44,28.72,293.86,0.0,0.0,0.0,0.0,138596.4,-507790.2,415403.1,0.778,1.431,895.2,-0.44501,-60.85724,0.0,0,-1.0,-1.0,-1.0,-1.0
1791147381.81,1703214.7,829.1,138588.3,138588.3,9.1,1030.3,815.0,-23.14,68.45,28.74,293.82,0.0,0.0,0.0,0.0,138596.4,-507790.2,415403.1,0.778,1.431,895.2,-0.44596,-60.82564,0.0,0,-1.0,-1.0,-1.0,-1.0
1791147382.31,1703215.2,829.6,138592.2,138592.3,6.6,1030.3,815.0,-23.1,68.46,28.76,293.78,0.0,0.0,0.0,0.0,138596.4,-507790.2,415403.1,0.778,1.431,895.2,-0.44691,-60.79404,0.0,0,-1.0,-1.0,-1.0,-1.0
1791147382.81,1703215.7,830.1,138594.9,138594.9,4.1,1030.2,815.0,-23.06,68.46,28.77,293.74,0.0,0.0,0.0,0.0,138596.4,-507790.2,415403.1,0.778,1.431,895.2,-0.44786,-60.76244,0.0,0,-1.0,-1.0,-1.0,-1.0
1791147383.31,1703216.2,830.6,138596.3,138596.3,1.6,1030.2,815.0,-23.02,68.47,28.79,293.7,0.0,0.0,0.0,0.0,138596.4,-507790.2,415403.1,0.778,1.431,895.2,-0.4488,-60.73085,0.0,0,-1.0,-1.0,-1.0,-1.0
1791147383.81,1703216.7,831.1,138596.5,138596.5,-1.0,1030.2,815.0,-22.99,68.48,28.81,293.66,0.0,0.0,0.0,0.0,138596.4,-507790.2,415403.1,0.778,1.431,895.2,-0.44975,-60.69925,0.0,0,-1.0,-1.0,-1.0,-1.0
1791147384.31,1703217.3,831.6,138595.4,138595.4,-3.5,1030.2,815.0,-22.95,68.48,28.82,293.62,0.0,0.0,0.0,0.0,138596.4,-507790.2,415403.1,0.778,1.431,895.2,-0.4507,-60.66765,0.0,0,-1.0,-1.0,-1.0,-1.0
1791147384.81,1703217.8,832.1,138593.0,138593.0,-6.0,1030.3,815.0,-22.91,68.47,28.83,293.58,0.0,0.0,0.0,0.0,138596.4,-507790.3,415403.0,0.778,1.431,895.2,-0.45165,-60.63606,0.0,0,-1.0,-1.0,-1.0,-1.0
1791147385.32,1703218.3,832.6,138589.4,138589.4,-8.5,1030.3,815.0,-22.88,68.49,28.86,293.54,0.0,0.0,0.0,0.0,138596.4,-507790.3,415403.0,0.778,1.431,895.2,-0.45259,-60.60446,0.0,0,-1.0,-1.0,-1.0,-1.0
1791147385.82,1703218.8,833.1,138584.3,138584.3,-11.1,1030.3,815.1,-22.84,68.5,28.87,293.5,0.0,0.0,0.0,0.0,138596.4,-507790.3,415403.0,0.778,1.431,895.2,-0.45358,-60.5716,0.0,0,-1.0,-1.0,-1.0,-1.0
1791147386.32,1703219.3,833.7,138578.1,138578.1,-13.7,1030.3,815.1,-22.8,68.51,28.89,293.46,0.0,0.0,0.0,0.0,138596.4,-507790.3,415403.0,0.778,1.431,895.2,-0.45452,-60.54,0.0,0,-1.0,-1.0,-1.0,-1.0
1791147386.82,1703219.8,834.2,138570.6,138570.6,-16.2,1030.4,815.2,-22.77,68.51,28.91,293.42,0.0,0.0,0.0,0.0,138596.4,-507790.3,415403.0,0.778,1.431,895.2,-0.45547,-60.5084,0.0,0,-1.0,-1.0,-1.0,-1.0
1791147387.32,1703220.3,834.7,138561.9,138561.9,-18.7,1030.5,815.2,-22.73,68.52,28.92,293.38,0.0,0.0,0.0,0.0,138596.4,-507790.3,415403.0,0.778,1.431,895.2,-0.45642,-60.4768,0.0,0,-1.0,-1.0,-1.0,-1.0
1791147387.82,1703220.8,835.2,138551.9,138551.9,-21.2,1030.5,815.3,-22.69,68.52,28.94,293.34,0.0,0.0,0.0,0.0,138596.4,-507790.3,415403.0,0.778,1.431,895.2,-0.45736,-60.4452,0.0,0,-1.0,-1.0,-1.0,-1.0
1791147388.33,1703221.3,835.7,138540.7,138540.7,-23.7,1030.6,815.4,-22.66,68.53,28.96,293.3,0.0,0.0,0.0,0.0,138596.4,-507790.3,415403.0,0.778,1.431,895.2,-0.45831,-60.4136,0.0,0,-1.0,-1.0,-1.0,-1.0
1791147388.83,1703221.8,836.2,138528.7,138528.7,-26.1,1030.7,815.5,-22.62,68.54,28.97,293.26,0.0,0.0,0.0,0.0,138596.4,-507790.3,415403.0,0.778,1.431,895.2,-0.45921,-60.38326,0.0,0,-1.0,-1.0,-1.0,-1.0
1791147389.33,1703221.8,836.7,138527.1,138527.1,-26.4,1030.7,815.5,-22.62,68.54,28.98,293.26,0.0,0.0,0.0,0.0,138596.4,-507790.3,415403.0,0.778,1.431,895.2,-0.45933,-60.37947,0.0,0,-1.0,-1.0,-1.0,-1.0
1791147389.83,1703221.9,837.2,138523.9,138523.9,-27.1,1030.7,815.5,-22.61,68.54,28.98,293.25,0.0,0.0,0.0,0.0,138596.4,-507790.3,415403.0,0.778,1.431,895.2,-0.45955,-60.37188,0.0,0,-1.0,-1.0,-1.0,-1.0
1791147390.33,1703222.4,837.7,138509.2,138509.2,-29.7,1030.8,815.7,-22.57,68.55,29.0,293.21,0.0,0.0,0.0,0.0,138596.4,-507790.3,415403.0,0.778,1.431,895.2,-0.46054,-60.33901,0.0,0,-1.0,-1.0,-1.0,-1.0
1791147390.83,1703222.9,838.2,138493.7,138493.7,-32.2,1030.9,815.8,-22.53,68.55,29.01,293.17,0.0,0.0,0.0,0.0,138596.4,-507790.3,415403.0,0.778,1.431,895.2,-0.46148,-60.3074,0.0,0,-1.0,-1.0,-1.0,-1.0
1791147391.34,1703223.4,838.7,138477.0,138477.0,-34.7,1031.0,815.9,-22.49,68.56,29.03,293.13,0.0,0.0,0.0,0.0,138596.4,-507790.3,415403.0,0.778,1.431,895.2,-0.46243,-60.2758,0.0,0,-1.0,-1.0,-1.0,-1.0
1791147391.84,1703223.9,839.2,138459.0,138459.0,-37.2,1031.1,816.0,-22.46,68.56,29.05,293.09,0.0,0.0,0.0,0.0,138596.4,-507790.3,415403.0,0.778,1.431,895.2,-0.46337,-60.24418,0.0,0,-1.0,-1.0,-1.0,-1.0
1791147392.34,1703224.4,839.7,138439.7,138439.8,-39.7,1031.2,816.2,-22.42,68.57,29.07,293.05,0.0,0.0,0.0,0.0,138596.4,-507790.3,415403.0,0.778,1.431,895.2,-0.46432,-60.21257,0.0,0,-1.0,-1.0,-1.0,-1.0
1791147392.84,1703224.9,840.2,138419.2,138419.3,-42.3,1031.3,816.4,-22.38,68.58,29.08,293.01,0.0,0.0,0.0,0.0,138596.4,-507790.3,415403.0,0.778,1.431,895.2,-0.46526,-60.18096,0.0,0,-1.0,-1.0,-1.0,-1.0
1791147393.34,1703225.4,840.7,138397.5,138397.5,-44.8,1031.5,816.5,-22.35,68.58,29.1,292.97,0.0,0.0,0.0,0.0,138596.4,-507790.3,415403.0,0.778,1.431,895.2,-0.46621,-60.14934,0.0,0,-1.0,-1.0,-1.0,-1.0
1791147393.84,1703225.9,841.2,138374.5,138374.5,-47.3,1031.6,816.7,-22.31,68.59,29.12,292.93,0.0,0.0,0.0,0.0,138596.4,-507790.3,415403.0,0.778,1.431,895.2,-0.46715,-60.11772,0.0,0,-1.0,-1.0,-1.0,-1.0
1791147394.34,1703226.4,841.7,138352.2,138352.2,-49.6,1031.8,816.9,-22.28,68.6,29.13,292.89,0.0,0.0,0.0,0.0,138596.4,-507790.3,415403.0,0.778,1.431,895.2,-0.46802,-60.08863,0.0,0,-1.0,-1.0,-1.0,-1.0
1791147394.85,1703226.4,842.2,138350.2,138350.2,-49.8,1031.8,816.9,-22.28,68.6,29.13,292.89,0.0,0.0,0.0,0.0,138596.4,-507790.3,415403.0,0.778,1.431,895.2,-0.46809,-60.0861,0.0,0,-1.0,-1.0,-1.0,-1.0
1791147395.35,1703226.7,842.7,138336.0,138336.0,-51.2,1031.9,817.0,-22.25,68.6,29.14,292.86,0.0,0.0,0.0,0.0,138596.4,-507790.3,415403.0,0.778,1.431,895.2,-0.46862,-60.06839,0.0,0,-1.0,-1.0,-1.0,-1.0
1791147395.85,1703227.2,843.2,138308.7,138308.7,-53.9,1032.0,817.2,-22.21,68.6,29.16,292.82,0.0,0.0,0.0,0.0,138596.4,-507790.3,415403.0,0.778,1.431,895.2,-0.4696,-60.0355,0.0,0,-1.0,-1.0,-1.0,-1.0
1791147396.35,1703227.7,843.7,138281.1,138281.1,-56.4,1032.2,817.4,-22.18,68.61,29.18,292.78,0.0,0.0,0.0,0.0,138596.4,-507790.3,415403.0,0.778,1.431,895.2,-0.47055,-60.00387,0.0,0,-1.0,-1.0,-1.0,-1.0
1791147396.85,1703228.2,844.2,138252.3,138252.3,-58.9,1032.4,817.7,-22.14,68.62,29.19,292.74,0.0,0.0,0.0,0.0,138596.4,-507790.3,415403.0,0.778,1.431,895.2,-0.47149,-59.97223,0.0,0,-1.0,-1.0,-1.0,-1.0
1791147397.35,1703228.7,844.7,138222.2,138222.2,-61.4,1032.6,817.9,-22.1,68.62,29.21,292.7,0.0,0.0,0.0,0.0,138596.4,-507790.3,415403.0,0.778,1.431,895.2,-0.47243,-59.9406,0.0,0,-1.0,-1.0,-1.0,-1.0
1791147397.86,1703229.2,845.2,138190.9,138190.9,-63.9,1032.8,818.1,-22.07,68.63,29.23,292.66,0.0,0.0,0.0,0.0,138596.4,-507790.3,415403.0,0.778,1.431,895.2,-0.47338,-59.90896,0.0,0,-1.0,-1.0,-1.0,-1.0
1791147398.36,1703229.7,845.7,138162.3,138162.3,-66.2,1033.0,818.4,-22.03,68.63,29.24,292.63,0.0,0.0,0.0,0.0,138596.4,-507790.3,415403.0,0.778,1.431,895.2,-0.47421,-59.88111,0.0,0,-1.0,-1.0,-1.0,-1.0
1791147398.86,1703229.7,846.2,138162.3,138162.3,-66.2,1033.0,818.4,-22.03,68.63,29.24,292.63,0.0,0.0,0.0,0.0,138596.4,-507790.3,415403.0,0.778,1.431,895.2,-0.47421,-59.88111,0.0,0,-1.0,-1.0,-1.0,-1.0
1791147399.36,1703230.2,846.7,138128.6,138128.6,-68.7,1033.2,818.6,-22.0,68.64,29.26,292.59,0.0,0.0,0.0,0.0,138596.4,-507790.3,415403.0,0.778,1.431,895.2,-0.47515,-59.84947,0.0,0,-1.0,-1.0,-1.0,-1.0
1791147399.86,1703230.7,847.2,138093.6,138093.6,-71.2,1033.4,818.9,-21.96,68.64,29.27,292.55,0.0,0.0,0.0,0.0,138596.4,-507790.3,415403.0,0.778,1.431,895.2,-0.47609,-59.81782,0.0,0,-1.0,-1.0,-1.0,-1.0
1791147400.36,1703231.2,847.7,138057.4,138057.4,-73.7,1033.6,819.2,-21.92,68.65,29.29,292.51,0.0,0.0,0.0,0.0,138596.4,-507790.3,415403.0,0.778,1.431,895.2,-0.47703,-59.78617,0.0,0,-1.0,-1.0,-1.0,-1.0
1791147400.86,1703231.7,848.2,138019.9,138019.9,-76.2,1033.9,819.5,-21.89,68.66,29.31,292.47,0.0,0.0,0.0,0.0,138596.4,-507790.3,415403.0,0.778,1.431,895.2,-0.47798,-59.75451,0.0,0,-1.0,-1.0,-1.0,-1.0
1791147401.37,1703232.2,848.7,137981.1,137981.1,-78.8,1034.1,819.8,-21.85,68.66,29.32,292.43,0.0,0.0,0.0,0.0,138596.4,-507790.3,415403.0,0.778,1.431,895.2,-0.47892,-59.72285,0.0,0,-1.0,-1.0,-1.0,-1.0
1791147401.87,1703232.3,849.2,137973.2,137973.2,-79.3,1034.1,819.9,-21.84,68.66,29.33,292.42,0.0,0.0,0.0,0.0,138596.4,-507790.3,415403.0,0.778,1.431,895.2,-0.47911,-59.71651,0.0,0,-1.0,-1.0,-1.0,-1.0
1791147402.37,1703232.5,849.7,137955.7,137955.7,-80.4,1034.3,820.0,-21.83,68.67,29.33,292.4,0.0,0.0,0.0,0.0,138596.4,-507790.3,415403.0,0.778,1.431,895.2,-0.47952,-59.70258,0.0,0,-1.0,-1.0,-1.0,-1.0
1791147402.87,1703233.0,850.2,137914.8,137914.8,-82.9,1034.5,820.3,-21.79,68.67,29.35,292.36,0.0,0.0,0.0,0.0,138596.4,-507790.3,415403.0,0.778,1.431,895.2,-0.48046,-59.67091,0.0,0,-1.0,-1.0,-1.0,-1.0
1791147403.37,1703233.5,850.7,137872.8,137872.8,-85.4,1034.8,820.6,-21.75,68.68,29.37,292.32,0.0,0.0,0.0,0.0,138596.4,-507790.3,415403.0,0.778,1.431,895.2,-0.4814,-59.63924,0.0,0,-1.0,-1.0,-1.0,-1.0
1791147403.91,1703233.9,851.2,137834.7,137834.7,-87.6,1035.0,820.9,-21.72,68.68,29.38,292.29,0.0,0.0,0.0,0.0,138596.4,-507790.3,415403.0,0.778,1.431,895.2,-0.48223,-59.61136,0.0,0,-1.0,-1.0,-1.0,-1.0
1791147404.41,1703234.5,851.7,137788.4,137788.4,-90.3,1035.3,821.3,-21.68,68.69,29.4,292.25,0.0,0.0,0.0,0.0,138596.4,-507790.3,415403.0,0.778,1.431,895.2,-0.48321,-59.57841,0.0,0,-1.0,-1.0,-1.0,-1.0
1791147404.91,1703235.0,852.2,137742.7,137742.7,-92.8,1035.6,821.7,-21.64,68.69,29.42,292.21,0.0,0.0,0.0,0.0,138596.4,-507790.3,415403.0,0.778,1.431,895.2,-0.48415,-59.54673,0.0,0,-1.0,-1.0,-1.0,-1.0
1791147405.41,1703235.5,852.7,137695.6,137695.6,-95.3,1035.9,822.0,-21.61,68.7,29.43,292.17,0.0,0.0,0.0,0.0,138596.4,-507790.3,415403.0,0.778,1.431,895.2,-0.4851,-59.51503,0.0,0,-1.0,-1.0,-1.0,-1.0
1791147405.92,1703236.0,853.2,137647.3,137647.3,-97.8,1036.2,822.4,-21.57,68.71,29.45,292.13,0.0,0.0,0.0,0.0,138596.4,-507790.3,415403.0,0.778,1.431,895.2,-0.48604,-59.48334,0.0,0,-1.0,-1.0,-1.0,-1.0
1791147406.42,1703236.5,853.7,137597.8,137597.8,-100.4,1036.5,822.8,-21.53,68.71,29.47,292.09,0.0,0.0,0.0,0.0,138596.4,-507790.3,415403.0,0.778,1.431,895.2,-0.48698,-59.45163,0.0,0,-1.0,-1.0,-1.0,-1.0
1791147406.92,1703237.0,854.2,137547.0,137547.0,-102.9,1036.8,823.2,-21.5,68.72,29.48,292.05,0.0,0.0,0.0,0.0,138596.4,-507790.3,415403.0,0.778,1.431,895.2,-0.48792,-59.41993,0.0,0,-1.0,-1.0,-1.0,-1.0
1791147407.42,1703237.5,854.7,137494.9,137494.9,-105.4,1037.1,823.6,-21.46,68.72,29.5,292.01,0.0,0.0,0.0,0.0,138596.4,-507790.3,415403.0,0.778,1.431,895.2,-0.48886,-59.38821,0.0,0,-1.0,-1.0,-1.0,-1.0
1791147407.92,1703238.0,855.3,137441.6,137441.6,-107.9,1037.5,824.0,-21.42,68.73,29.52,291.97,0.0,0.0,0.0,0.0,138596.4,-507790.3,415403.0,0.778,1.431,895.2,-0.4898,-59.35649,0.0,0,-1.0,-1.0,-1.0,-1.0
1791147408.42,1703238.5,855.8,137387.0,137387.0,-110.5,1037.8,824.4,-21.39,68.73,29.53,291.93,0.0,0.0,0.0,0.0,138596.4,-507790.3,415403.0,0.778,1.431,895.2,-0.49074,-59.32477,0.0,0,-1.0,-1.0,-1.0,-1.0
1791147408.92,1703239.0,856.3,137328.8,137328.8,-113.1,1038.2,824.9,-21.35,68.74,29.55,291.88,0.0,0.0,0.0,0.0,138596.4,-507790.3,415403.0,0.778,1.431,895.2,-0.49172,-59.29177,0.0,0,-1.0,-1.0,-1.0,-1.0
1791147409.43,1703239.5,856.8,137274.0,137274.0,-115.5,1038.5,825.3,-21.31,68.75,29.57,291.85,0.0,0.0,0.0,0.0,138596.4,-507790.3,415403.0,0.778,1.431,895.2,-0.49262,-59.2613,0.0,0,-1.0,-1.0,-1.0,-1.0
1791147409.93,1703240.0,857.3,137215.6,137215.6,-118.0,1038.9,825.8,-21.27,68.75,29.58,291.81,0.0,0.0,0.0,0.0,138596.4,-507790.3,415403.0,0.778,1.431,895.2,-0.49356,-59.22955,0.0,0,-1.0,-1.0,-1.0,-1.0
1791147410.43,1703240.5,857.8,137155.9,137155.9,-120.6,1039.3,826.2,-21.24,68.76,29.6,291.76,0.0,0.0,0.0,0.0,138596.4,-507790.3,415403.0,0.778,1.431,895.2,-0.4945,-59.1978,0.0,0,-1.0,-1.0,-1.0,-1.0
1791147410.93,1703241.0,858.3,137095.0,137095.0,-123.1,1039.6,826.7,-21.2,68.76,29.62,291.72,0.0,0.0,0.0,0.0,138596.4,-507790.3,415403.0,0.778,1.431,895.2,-0.49544,-59.16605,0.0,0,-1.0,-1.0,-1.0,-1.0
1791147411.43,1703241.5,858.8,137032.8,137032.8,-125.6,1040.0,827.2,-21.16,68.77,29.63,291.68,0.0,0.0,0.0,0.0,138596.4,-507790.3,415403.0,0.778,1.431,895.2,-0.49638,-59.13428,0.0,0,-1.0,-1.0,-1.0,-1.0
1791147411.94,1703242.0,859.3,136966.8,136966.8,-128.2,1040.4,827.7,-21.12,68.77,29.65,291.64,0.0,0.0,0.0,0.0,138596.4,-507790.3,415403.0,0.778,1.431,895.2,-0.49736,-59.10124,0.0,0,-1.0,-1.0,-1.0,-1.0
1791147412.44,1703242.5,859.8,136902.1,136902.1,-130.8,1040.9,828.2,-21.09,68.78,29.66,291.6,0.0,0.0,0.0,0.0,138596.4,-507790.3,415403.0,0.778,1.431,895.2,-0.4983,-59.06947,0.0,0,-1.0,-1.0,-1.0,-1.0
1791147412.94,1703243.0,860.3,136836.1,136836.1,-133.3,1041.3,828.7,-21.05,68.79,29.68,291.56,0.0,0.0,0.0,0.0,138596.4,-507790.3,415403.0,0.778,1.431,895.2,-0.49924,-59.03768,0.0,0,-1.0,-1.0,-1.0,-1.0
1791147413.44,1703243.5,860.8,136768.8,136768.8,-135.8,1041.7,829.3,-21.01,68.79,29.7,291.52,0.0,0.0,0.0,0.0,138596.4,-507790.3,415403.0,0.778,1.431,895.2,-0.50018,-59.00589,0.0,0,-1.0,-1.0,-1.0,-1.0
1791147413.94,1703244.0,861.3,136700.2,136700.2,-138.4,1042.1,829.8,-20.98,68.8,29.71,291.48,0.0,0.0,0.0,0.0,138596.4,-507790.3,415403.0,0.778,1.431,895.2,-0.50112,-58.97409,0.0,0,-1.0,-1.0,-1.0,-1.0
1791147414.44,1703244.5,861.8,136630.4,136630.4,-140.9,1042.5,830.3,-20.94,68.8,29.73,291.44,0.0,0.0,0.0,0.0,138596.4,-507790.3,415403.0,0.778,1.431,895.2,-0.50206,-58.94228,0.0,0,-1.0,-1.0,-1.0,-1.0
1791147414.94,1703245.0,862.3,136559.3,136559.3,-143.4,1043.0,830.9,-20.9,68.81,29.75,291.4,0.0,0.0,0.0,0.0,138596.4,-507790.3,415403.0,0.778,1.431,895.2,-0.503,-58.91047,0.0,0,-1.0,-1.0,-1.0,-1.0
1791147415.45,1703245.5,862.8,136487.0,136487.0,-146.0,1043.4,831.4,-20.87,68.81,29.76,291.36,0.0,0.0,0.0,0.0,138596.4,-507790.3,415403.0,0.778,1.431,895.2,-0.50394,-58.87864,0.0,0,-1.0,-1.0,-1.0,-1.0
1791147415.95,1703246.0,863.3,136413.4,136413.4,-148.5,1043.9,832.0,-20.83,68.82,29.78,291.32,0.0,0.0,0.0,0.0,138596.4,-507790.3,415403.0,0.778,1.431,895.2,-0.50488,-58.84681,0.0,0,-1.0,-1.0,-1.0,-1.0
1791147416.45,1703246.5,863.8,136338.5,136338.5,-151.0,1044.4,832.6,-20.79,68.82,29.8,291.28,0.0,0.0,0.0,0.0,138596.4,-507790.3,415403.0,0.778,1.431,895.2,-0.50582,-58.81498,0.0,0,-1.0,-1.0,-1.0,-1.0
1791147416.95,1703247.0,864.3,136259.3,136259.3,-153.7,1044.9,833.2,-20.75,68.83,29.81,291.24,0.0,0.0,0.0,0.0,138596.4,-507790.3,415403.0,0.778,1.431,895.2,-0.50679,-58.78185,0.0,0,-1.0,-1.0,-1.0,-1.0
1791147417.45,1703247.5,864.8,136184.9,136185.0,-156.1,1045.3,833.8,-20.72,68.84,29.83,291.2,0.0,0.0,0.0,0.0,138596.4,-507790.3,415403.0,0.778,1.431,895.2,-0.5077,-58.75127,0.0,0,-1.0,-1.0,-1.0,-1.0
1791147417.95,1703248.0,865.3,136106.3,136106.3,-158.6,1045.8,834.4,-20.68,68.84,29.85,291.16,0.0,0.0,0.0,0.0,138596.4,-507790.3,415403.0,0.778,1.431,895.2,-0.50863,-58.71941,0.0,0,-1.0,-1.0,-1.0,-1.0
1791147418.46,1703248.5,865.8,136026.3,136026.3,-161.1,1046.3,835.0,-20.64,68.85,29.86,291.12,0.0,0.0,0.0,0.0,138596.4,-507790.3,415403.0,0.778,1.431,895.2,-0.50957,-58.68754,0.0,0,-1.0,-1.0,-1.0,-1.0
1791147418.96,1703249.0,866.3,135945.1,135945.1,-163.7,1046.8,835.6,-20.6,68.85,29.88,291.08,0.0,0.0,0.0,0.0,138596.4,-507790.3,415403.0,0.778,1.431,895.2,-0.51051,-58.65566,0.0,0,-1.0,-1.0,-1.0,-1.0
1791147419.46,1703249.5,866.8,135862.7,135862.7,-166.2,1047.3,836.3,-20.57,68.86,29.9,291.04,0.0,0.0,0.0,0.0,138596.4,-507790.3,415403.0,0.778,1.431,895.2,-0.51145,-58.62377,0.0,0,-1.0,-1.0,-1.0,-1.0
1791147419.96,1703249.9,867.3,135785.7,135785.7,-168.5,1047.8,836.9,-20.53,68.86,29.91,291.0,0.0,0.0,0.0,0.0,138596.4,-507790.3,415403.0,0.778,1.431,895.2,-0.51232,-58.59442,0.0,0,-1.0,-1.0,-1.0,-1.0
1791147420.46,1703250.5,867.8,135697.3,135697.3,-171.2,1048.4,837.5,-20.49,68.87,29.93,290.96,0.0,0.0,0.0,0.0,138596.4,-507790.3,415403.0,0.778,1.431,895.2,-0.51329,-58.56123,0.0,0,-1.0,-1.0,-1.0,-1.0
1791147420.96,1703251.0,868.3,135611.1,135611.1,-173.7,1048.9,838.2,-20.46,68.87,29.94,290.92,0.0,0.0,0.0,0.0,138596.4,-507790.3,415403.0,0.778,1.431,895.2,-0.51423,-58.52932,0.0,0,-1.0,-1.0,-1.0,-1.0
1791147421.47,1703251.5,868.8,135523.6,135523.6,-176.3,1049.4,838.9,-20.42,68.88,29.96,290.88,0.0,0.0,0.0,0.0,138596.4,-507790.3,415403.0,0.778,1.431,895.2,-0.51517,-58.49739,0.0,0,-1.0,-1.0,-1.0,-1.0
1791147421.97,1703252.0,869.3,135434.8,135434.8,-178.8,1050.0,839.6,-20.38,68.88,29.98,290.84,0.0,0.0,0.0,0.0,138596.4,-507790.3,415403.0,0.778,1.431,895.2,-0.51611,-58.46545,0.0,0,-1.0,-1.0,-1.0,-1.0
1791147422.47,1703252.5,869.8,135344.8,135344.8,-181.3,1050.6,840.3,-20.34,68.89,29.99,290.8,0.0,0.0,0.0,0.0,138596.4,-507790.3,415403.0,0.778,1.431,895.2,-0.51705,-58.43351,0.0,0,-1.0,-1.0,-1.0,-1.0
1791147422.97,1703253.0,870.3,135249.8,135249.8,-184.0,1051.1,841.0,-20.31,68.89,30.01,290.76,0.0,0.0,0.0,0.0,138596.4,-507790.3,415403.0,0.778,1.431,895.2,-0.51802,-58.40027,0.0,0,-1.0,-1.0,-1.0,-1.0
1791147423.47,1703253.5,870.8,135157.2,135157.2,-186.5,1051.7,841.7,-20.27,68.9,30.03,290.72,0.0,0.0,0.0,0.0,138596.4,-507790.3,415403.0,0.778,1.431,895.2,-0.51896,-58.3683,0.0,0,-1.0,-1.0,-1.0,-1.0
1791147423.98,1703254.0,871.3,135063.3,135063.3,-189.0,1052.3,842.4,-20.23,68.91,30.04,290.68,0.0,0.0,0.0,0.0,138596.4,-507790.3,415403.0,0.778,1.431,895.2,-0.5199,-58.33633,0.0,0,-1.0,-1.0,-1.0,-1.0
1791147424.48,1703254.5,871.8,134964.3,134964.3,-191.7,1052.9,843.2,-20.19,68.91,30.06,290.64,0.0,0.0,0.0,0.0,138596.4,-507790.3,415403.0,0.778,1.431,895.2,-0.52088,-58.30306,0.0,0,-1.0,-1.0,-1.0,-1.0
1791147424.98,1703254.9,872.3,134887.3,134887.3,-193.7,1053.4,843.8,-20.16,68.92,30.07,290.6,0.0,0.0,0.0,0.0,138596.4,-507790.3,415403.0,0.778,1.431,895.2,-0.52163,-58.27746,0.0,0,-1.0,-1.0,-1.0,-1.0
1791147425.48,1703255.4,872.8,134789.8,134789.8,-196.3,1054.0,844.5,-20.13,68.92,30.09,290.56,0.0,0.0,0.0,0.0,138596.4,-507790.3,415403.0,0.778,1.431,895.2,-0.52257,-58.24545,0.0,0,-1.0,-1.0,-1.0,-1.0
1791147425.98,1703255.9,873.3,134691.0,134691.0,-198.8,1054.6,845.3,-20.09,68.93,30.11,290.52,0.0,0.0,0.0,0.0,138596.4,-507790.3,415403.0,0.778,1.431,895.2,-0.52351,-58.21344,0.0,0,-1.0,-1.0,-1.0,-1.0
1791147426.48,1703256.4,873.8,134595.0,134595.0,-201.2,1055.2,846.0,-20.05,68.93,30.12,290.48,0.0,0.0,0.0,0.0,138596.4,-507790.3,415403.0,0.778,1.431,895.2,-0.52441,-58.18269,0.0,0,-1.0,-1.0,-1.0,-1.0
1791147426.99,1703256.5,874.3,134574.8,134574.8,-201.7,1055.3,846.2,-20.05,68.93,30.13,290.48,0.0,0.0,0.0,0.0,138596.4,-507790.3,415403.0,0.778,1.431,895.2,-0.5246,-58.17628,0.0,0,-1.0,-1.0,-1.0,-1.0
1791147427.49,1703256.5,874.8,134574.8,134574.8,-201.7,1055.3,846.2,-20.05,68.93,30.13,290.48,0.0,0.0,0.0,0.0,138596.4,-507790.3,415403.0,0.778,1.431,895.2,-0.5246,-58.17628,0.0,0,-1.0,-1.0,-1.0,-1.0
1791147427.99,1703256.5,875.3,134566.8,134566.8,-202.0,1055.4,846.2,-20.04,68.93,30.13,290.47,0.0,0.0,0.0,0.0,138596.4,-507790.3,415403.0,0.778,1.431,895.2,-0.52467,-58.17372,0.0,0,-1.0,-1.0,-1.0,-1.0
1791147428.49,1703256.5,875.8,134566.8,134566.8,-202.0,1055.4,846.2,-20.04,68.93,30.13,290.47,0.0,0.0,0.0,0.0,138596.4,-507790.3,415403.0,0.778,1.431,895.2,-0.52467,-58.17372,0.0,0,-1.0,-1.0,-1.0,-1.0
1791147428.99,1703256.6,876.3,134558.7,134558.7,-202.2,1055.4,846.3,-20.04,68.93,30.13,290.47,0.0,0.0,0.0,0.0,138596.4,-507790.3,415403.0,0.778,1.431,895.2,-0.52475,-58.17116,0.0,0,-1.0,-1.0,-1.0,-1.0
1791147429.49,1703256.6,876.8,134558.7,134558.7,-202.2,1055.4,846.3,-20.04,68.93,30.13,290.47,0.0,0.0,0.0,0.0,138596.4,-507790.3,415403.0,0.778,1.431,895.2,-0.52475,-58.17116,0.0,0,-1.0,-1.0,-1.0,-1.0
1791147429.99,1703256.6,877.3,134550.6,134550.6,-202.4,1055.5,846.4,-20.04,68.93,30.13,290.47,0.0,0.0,0.0,0.0,138596.4,-507790.3,415403.0,0.778,1.431,895.2,-0.52482,-58.16859,0.0,0,-1.0,-1.0,-1.0,-1.0
1791147430.5,1703256.7,877.8,134526.3,134526.3,-203.0,1055.6,846.5,-20.03,68.93,30.13,290.46,0.0,0.0,0.0,0.0,138596.4,-507790.3,415403.0,0.778,1.431,895.2,-0.52505,-58.1609,0.0,0,-1.0,-1.0,-1.0,-1.0
1791147431.0,1703257.2,878.3,134420.0,134420.0,-205.6,1056.3,847.4,-19.99,68.94,30.15,290.42,0.0,0.0,0.0,0.0,138596.4,-507790.3,415403.0,0.778,1.431,895.2,-0.52602,-58.12757,0.0,0,-1.0,-1.0,-1.0,-1.0
1791147431.5,1703257.7,878.8,134316.6,134316.6,-208.2,1056.9,848.2,-19.95,68.94,30.17,290.38,0.0,0.0,0.0,0.0,138596.4,-507790.3,415403.0,0.778,1.431,895.2,-0.52696,-58.09551,0.0,0,-1.0,-1.0,-1.0,-1.0
1791147432.0,1703258.2,879.3,134211.9,134211.9,-210.7,1057.6,849.0,-19.91,68.95,30.18,290.33,0.0,0.0,0.0,0.0,138596.4,-507790.3,415403.0,0.778,1.431,895.2,-0.5279,-58.06344,0.0,0,-1.0,-1.0,-1.0,-1.0
1791147432.5,1703258.7,879.8,134105.9,134105.9,-213.2,1058.2,849.8,-19.88,68.96,30.2,290.29,0.0,0.0,0.0,0.0,138596.4,-507790.3,415403.0,0.778,1.431,895.2,-0.52884,-58.03136,0.0,0,-1.0,-1.0,-1.0,-1.0
1791147433.0,1703259.2,880.3,133998.6,133998.6,-215.8,1058.9,850.6,-19.84,68.96,30.22,290.25,0.0,0.0,0.0,0.0,138596.4,-507790.3,415403.0,0.778,1.431,895.2,-0.52978,-57.99927,0.0,0,-1.0,-1.0,-1.0,-1.0
1791147433.5,1703259.7,880.8,133890.1,133890.1,-218.3,1059.6,851.4,-19.8,68.97,30.23,290.21,0.0,0.0,0.0,0.0,138596.4,-507790.3,415403.0,0.778,1.431,895.2,-0.53072,-57.96716,0.0,0,-1.0,-1.0,-1.0,-1.0
1791147434.01,1703260.2,881.3,133780.3,133780.3,-220.9,1060.3,852.2,-19.76,68.97,30.25,290.17,0.0,0.0,0.0,0.0,138596.4,-507790.3,415403.0,0.778,1.431,895.2,-0.53166,-57.93504,0.0,0,-1.0,-1.0,-1.0,-1.0
1791147434.51,1703260.7,881.8,133669.2,133669.2,-223.4,1060.9,853.1,-19.73,68.98,30.26,290.13,0.0,0.0,0.0,0.0,138596.4,-507790.3,415403.0,0.778,1.431,895.2,-0.53259,-57.90291,0.0,0,-1.0,-1.0,-1.0,-1.0
1791147435.01,1703261.2,882.3,133556.9,133556.9,-226.0,1061.6,854.0,-19.69,68.98,30.28,290.09,0.0,0.0,0.0,0.0,138596.4,-507790.3,415403.0,0.778,1.431,895.2,-0.53353,-57.87077,0.0,0,-1.0,-1.0,-1.0,-1.0
1791147435.51,1703261.7,882.8,133443.2,133443.2,-228.5,1062.3,854.8,-19.65,68.99,30.3,290.05,0.0,0.0,0.0,0.0,138596.4,-507790.3,415403.0,0.778,1.431,895.2,-0.53447,-57.83862,0.0,0,-1.0,-1.0,-1.0,-1.0
1791147436.01,1703262.2,883.3,133328.3,133328.3,-231.1,1063.1,855.7,-19.61,68.99,30.31,290.01,0.0,0.0,0.0,0.0,138596.4,-507790.3,415403.0,0.778,1.431,895.2,-0.53541,-57.80645,0.0,0,-1.0,-1.0,-1.0,-1.0
1791147436.51,1703262.7,883.8,133212.2,133212.2,-233.6,1063.8,856.6,-19.58,69.0,30.33,289.97,0.0,0.0,0.0,0.0,138596.4,-507790.3,415403.0,0.778,1.431,895.2,-0.53635,-57.77427,0.0,0,-1.0,-1.0,-1.0,-1.0
1791147437.02,1703263.2,884.3,133094.7,133094.7,-236.2,1064.5,857.5,-19.54,69.0,30.35,289.93,0.0,0.0,0.0,0.0,138596.4,-507790.3,415403.0,0.778,1.431,895.2,-0.53729,-57.74208,0.0,0,-1.0,-1.0,-1.0,-1.0
1791147437.52,1703263.8,884.8,132976.0,132976.0,-238.7,1065.2,858.4,-19.5,69.01,30.36,289.89,0.0,0.0,0.0,0.0,138596.4,-507790.3,415403.0,0.778,1.431,895.2,-0.53823,-57.70987,0.0,0,-1.0,-1.0,-1.0,-1.0
1791147438.02,1703264.3,885.3,132856.0,132856.0,-241.3,1066.0,859.3,-19.46,69.01,30.38,289.85,0.0,0.0,0.0,0.0,138596.4,-507790.3,415403.0,0.778,1.431,895.2,-0.53917,-57.67765,0.0,0,-1.0,-1.0,-1.0,-1.0
1791147438.52,1703264.8,885.9,132729.8,132729.8,-243.9,1066.7,860.2,-19.43,69.02,30.4,289.81,0.0,0.0,0.0,0.0,138596.4,-507790.3,415403.0,0.778,1.431,895.2,-0.54014,-57.64413,0.0,0,-1.0,-1.0,-1.0,-1.0
1791147439.02,1703265.3,886.4,132607.2,132607.2,-246.5,1067.5,861.2,-19.39,69.02,30.41,289.77,0.0,0.0,0.0,0.0,138596.4,-507790.3,415403.0,0.778,1.431,895.2,-0.54108,-57.61188,0.0,0,-1.0,-1.0,-1.0,-1.0
1791147439.52,1703265.8,886.9,132483.3,132483.3,-249.0,1068.3,862.1,-19.35,69.03,30.43,289.73,0.0,0.0,0.0,0.0,138596.4,-507790.3,415403.0,0.778,1.431,895.2,-0.54202,-57.57962,0.0,0,-1.0,-1.0,-1.0,-1.0
1791147440.03,1703266.3,887.4,132358.2,132358.2,-251.6,1069.0,863.0,-19.31,69.03,30.45,289.69,0.0,0.0,0.0,0.0,138596.4,-507790.3,415403.0,0.778,1.431,895.2,-0.54296,-57.54735,0.0,0,-1.0,-1.0,-1.0,-1.0
1791147440.53,1703266.8,887.9,132231.7,132231.8,-254.2,1069.8,864.0,-19.28,69.04,30.46,289.64,0.0,0.0,0.0,0.0,138596.4,-507790.3,415403.0,0.778,1.431,895.2,-0.5439,-57.51506,0.0,0,-1.0,-1.0,-1.0,-1.0
1791147441.03,1703267.3,888.4,132104.0,132104.0,-256.7,1070.6,865.0,-19.24,69.04,30.48,289.6,0.0,0.0,0.0,0.0,138596.4,-507790.3,415403.0,0.778,1.431,895.2,-0.54484,-57.48276,0.0,0,-1.0,-1.0,-1.0,-1.0
1791147441.53,1703267.8,888.9,131975.0,131975.0,-259.3,1071.4,865.9,-19.2,69.05,30.49,289.56,0.0,0.0,0.0,0.0,138596.4,-507790.3,415403.0,0.778,1.431,895.2,-0.54578,-57.45044,0.0,0,-1.0,-1.0,-1.0,-1.0
1791147442.03,1703268.3,889.4,131839.5,131839.5,-261.9,1072.2,867.0,-19.16,69.05,30.51,289.52,0.0,0.0,0.0,0.0,138596.4,-507790.3,415403.0,0.778,1.431,895.2,-0.54676,-57.41681,0.0,0,-1.0,-1.0,-1.0,-1.0
1791147442.54,1703268.8,889.9,131707.9,131707.9,-264.5,1073.0,867.9,-19.12,69.06,30.53,289.48,0.0,0.0,0.0,0.0,138596.4,-507790.3,415403.0,0.778,1.431,895.2,-0.54769,-57.38447,0.0,0,-1.0,-1.0,-1.0,-1.0
1791147443.04,1703269.3,890.4,131575.0,131575.0,-267.0,1073.9,868.9,-19.09,69.06,30.54,289.44,0.0,0.0,0.0,0.0,138596.4,-507790.3,415403.0,0.778,1.431,895.2,-0.54863,-57.35211,0.0,0,-1.0,-1.0,-1.0,-1.0
1791147443.54,1703269.8,890.9,131440.9,131440.9,-269.6,1074.7,870.0,-19.05,69.07,30.56,289.4,0.0,0.0,0.0,0.0,138596.4,-507790.3,415403.0,0.778,1.431,895.2,-0.54957,-57.31973,0.0,0,-1.0,-1.0,-1.0,-1.0
1791147444.04,1703270.3,891.4,131305.4,131305.4,-272.2,1075.5,871.0,-19.01,69.07,30.58,289.36,0.0,0.0,0.0,0.0,138596.4,-507790.3,415403.0,0.778,1.431,895.2,-0.55051,-57.28734,0.0,0,-1.0,-1.0,-1.0,-1.0
1791147444.54,1703270.6,891.9,131229.0,131229.0,-273.6,1076.0,871.5,-18.99,69.07,30.59,289.34,0.0,0.0,0.0,0.0,138596.4,-507790.3,415403.0,0.778,1.431,895.2,-0.55104,-57.26919,0.0,0,-1.0,-1.0,-1.0,-1.0
1791147445.04,1703270.6,892.4,131229.0,131229.0,-273.6,1076.0,871.5,-18.99,69.07,30.59,289.34,0.0,0.0,0.0,0.0,138596.4,-507790.3,415403.0,0.778,1.431,895.2,-0.55104,-57.26919,0.0,0,-1.0,-1.0,-1.0,-1.0
1791147445.54,1703270.6,892.9,131218.1,131218.1,-273.8,1076.0,871.6,-18.99,69.08,30.59,289.33,0.0,0.0,0.0,0.0,138596.4,-507790.3,415403.0,0.778,1.431,895.2,-0.55112,-57.2666,0.0,0,-1.0,-1.0,-1.0,-1.0
1791147446.05,1703271.0,893.4,131102.6,131102.6,-276.0,1076.8,872.5,-18.95,69.08,30.6,289.3,0.0,0.0,0.0,0.0,138596.4,-507790.3,415403.0,0.778,1.431,895.2,-0.5519,-57.23937,0.0,0,-1.0,-1.0,-1.0,-1.0
1791147446.55,1703271.5,893.9,130964.0,130964.0,-278.5,1077.6,873.5,-18.92,69.08,30.62,289.26,0.0,0.0,0.0,0.0,138596.4,-507790.3,415403.0,0.778,1.431,895.2,-0.55284,-57.20695,0.0,0,-1.0,-1.0,-1.0,-1.0
1791147447.05,1703272.0,894.4,130824.1,130824.1,-281.1,1078.5,874.6,-18.88,69.09,30.63,289.22,0.0,0.0,0.0,0.0,138596.4,-507790.3,415403.0,0.778,1.431,895.2,-0.55378,-57.1745,0.0,0,-1.0,-1.0,-1.0,-1.0
1791147447.55,1703272.5,894.9,130682.9,130682.9,-283.6,1079.3,875.6,-18.84,69.09,30.65,289.18,0.0,0.0,0.0,0.0,138596.4,-507790.3,415403.0,0.778,1.431,895.2,-0.55472,-57.14204,0.0,0,-1.0,-1.0,-1.0,-1.0
1791147448.05,1703273.0,895.4,130540.5,130540.5,-286.2,1080.2,876.7,-18.8,69.1,30.67,289.13,0.0,0.0,0.0,0.0,138596.4,-507790.3,415403.0,0.778,1.431,895.2,-0.55566,-57.10956,0.0,0,-1.0,-1.0,-1.0,-1.0
1791147448.56,1703273.5,895.9,130396.7,130396.7,-288.8,1081.1,877.8,-18.77,69.1,30.68,289.09,0.0,0.0,0.0,0.0,138596.4,-507790.3,415403.0,0.778,1.431,895.2,-0.5566,-57.07707,0.0,0,-1.0,-1.0,-1.0,-1.0
1791147449.06,1703274.0,896.4,130251.7,130251.7,-291.3,1082.0,878.9,-18.73,69.11,30.7,289.05,0.0,0.0,0.0,0.0,138596.4,-507790.3,415403.0,0.778,1.431,895.2,-0.55754,-57.04456,0.0,0,-1.0,-1.0,-1.0,-1.0
1791147449.56,1703274.5,896.9,130105.4,130105.4,-293.9,1082.9,880.0,-18.69,69.11,30.71,289.01,0.0,0.0,0.0,0.0,138596.4,-507790.3,415403.0,0.778,1.431,895.2,-0.55849,-57.01204,0.0,0,-1.0,-1.0,-1.0,-1.0
1791147450.07,1703275.0,897.4,129957.8,129957.8,-296.5,1083.8,881.1,-18.65,69.12,30.73,288.97,0.0,0.0,0.0,0.0,138596.4,-507790.3,415403.0,0.778,1.431,895.2,-0.55943,-56.9795,0.0,0,-1.0,-1.0,-1.0,-1.0
1791147450.57,1703275.5,897.9,129802.9,129802.9,-299.2,1084.7,882.2,-18.61,69.12,30.75,288.93,0.0,0.0,0.0,0.0,138596.4,-507790.3,415403.0,0.778,1.431,895.2,-0.5604,-56.94564,0.0,0,-1.0,-1.0,-1.0,-1.0
1791147451.07,1703276.0,898.4,129652.7,129652.7,-301.7,1085.6,883.3,-18.57,69.13,30.76,288.89,0.0,0.0,0.0,0.0,138596.4,-507790.3,415403.0,0.778,1.431,895.2,-0.56134,-56.91306,0.0,0,-1.0,-1.0,-1.0,-1.0
1791147451.57,1703276.4,898.9,129537.7,129537.7,-303.7,1086.3,884.2,-18.55,69.13,30.78,288.86,0.0,0.0,0.0,0.0,138596.4,-507790.3,415403.0,0.778,1.431,895.2,-0.56206,-56.8883,0.0,0,-1.0,-1.0,-1.0,-1.0
1791147452.07,1703276.6,899.4,129482.9,129482.9,-304.6,1086.7,884.6,-18.53,69.13,30.78,288.84,0.0,0.0,0.0,0.0,138596.4,-507790.3,415403.0,0.778,1.431,895.2,-0.5624,-56.87656,0.0,0,-1.0,-1.0,-1.0,-1.0
1791147452.58,1703276.6,899.9,129482.9,129482.9,-304.6,1086.7,884.6,-18.53,69.13,30.78,288.84,0.0,0.0,0.0,0.0,138596.4,-507790.3,415403.0,0.778,1.431,895.2,-0.5624,-56.87656,0.0,0,-1.0,-1.0,-1.0,-1.0
1791147453.08,1703276.8,900.4,129434.1,129434.1,-305.4,1087.0,885.0,-18.52,69.14,30.79,288.83,0.0,0.0,0.0,0.0,138596.4,-507790.3,415403.0,0.778,1.431,895.2,-0.5627,-56.86613,0.0,0,-1.0,-1.0,-1.0,-1.0
1791147453.58,1703277.3,900.9,129280.7,129280.7,-308.0,1087.9,886.1,-18.48,69.14,30.8,288.79,0.0,0.0,0.0,0.0,138596.4,-507790.3,415403.0,0.778,1.431,895.2,-0.56364,-56.83351,0.0,0,-1.0,-1.0,-1.0,-1.0
1791147454.08,1703277.8,901.4,129119.9,129119.9,-310.7,1088.9,887.3,-18.44,69.14,30.82,288.75,0.0,0.0,0.0,0.0,138596.4,-507790.3,415403.0,0.778,1.431,895.2,-0.56462,-56.79957,0.0,0,-1.0,-1.0,-1.0,-1.0
1791147454.58,1703278.3,901.9,128963.9,128963.9,-313.3,1089.8,888.4,-18.4,69.15,30.84,288.7,0.0,0.0,0.0,0.0,138596.4,-507790.3,415403.0,0.778,1.431,895.2,-0.56556,-56.76692,0.0,0,-1.0,-1.0,-1.0,-1.0
1791147455.09,1703278.8,902.4,128806.6,128806.6,-315.8,1090.8,889.6,-18.37,69.15,30.85,288.66,0.0,0.0,0.0,0.0,138596.4,-507790.3,415403.0,0.778,1.431,895.2,-0.5665,-56.73425,0.0,0,-1.0,-1.0,-1.0,-1.0
1791147455.59,1703279.3,902.9,128648.1,128648.1,-318.4,1091.8,890.8,-18.33,69.16,30.87,288.62,0.0,0.0,0.0,0.0,138596.4,-507790.3,415403.0,0.778,1.431,895.2,-0.56744,-56.70156,0.0,0,-1.0,-1.0,-1.0,-1.0
1791147456.09,1703279.8,903.4,128488.2,128488.2,-321.0,1092.7,892.0,-18.29,69.16,30.89,288.58,0.0,0.0,0.0,0.0,138596.4,-507790.3,415403.0,0.778,1.431,895.2,-0.56838,-56.66885,0.0,0,-1.0,-1.0,-1.0,-1.0
1791147456.59,1703280.3,903.9,128327.1,128327.1,-323.6,1093.7,893.2,-18.25,69.17,30.9,288.54,0.0,0.0,0.0,0.0,138596.4,-507790.3,415403.0,0.778,1.431,895.2,-0.56933,-56.63613,0.0,0,-1.0,-1.0,-1.0,-1.0
1791147457.09,1703280.6,904.4,128210.3,128210.3,-325.4,1094.4,894.0,-18.22,69.17,30.91,288.51,0.0,0.0,0.0,0.0,138596.4,-507790.3,415403.0,0.778,1.431,895.2,-0.57,-56.61256,0.0,0,-1.0,-1.0,-1.0,-1.0
1791147457.59,1703280.8,904.9,128151.6,128151.6,-326.4,1094.8,894.4,-18.21,69.17,30.92,288.49,0.0,0.0,0.0,0.0,138596.4,-507790.3,415403.0,0.778,1.431,895.2,-0.57034,-56.60077,0.0,0,-1.0,-1.0,-1.0,-1.0
1791147458.1,1703281.3,905.4,127981.2,127981.2,-329.0,1095.8,895.7,-18.17,69.18,30.94,288.45,0.0,0.0,0.0,0.0,138596.4,-507790.3,415403.0,0.778,1.431,895.2,-0.57132,-56.5667,0.0,0,-1.0,-1.0,-1.0,-1.0
1791147458.6,1703281.8,905.9,127816.0,127816.0,-331.6,1096.8,896.9,-18.13,69.18,30.95,288.41,0.0,0.0,0.0,0.0,138596.4,-507790.3,415403.0,0.778,1.431,895.2,-0.57226,-56.53392,0.0,0,-1.0,-1.0,-1.0,-1.0
1791147459.1,1703282.3,906.4,127649.6,127649.6,-334.2,1097.8,898.1,-18.1,69.19,30.97,288.37,0.0,0.0,0.0,0.0,138596.4,-507790.3,415403.0,0.778,1.431,895.2,-0.57321,-56.50112,0.0,0,-1.0,-1.0,-1.0,-1.0
1791147459.6,1703282.8,906.9,127481.8,127481.8,-336.8,1098.9,899.4,-18.06,69.19,30.99,288.33,0.0,0.0,0.0,0.0,138596.4,-507790.3,415403.0,0.778,1.431,895.2,-0.57415,-56.4683,0.0,0,-1.0,-1.0,-1.0,-1.0
1791147460.1,1703283.3,907.4,127312.8,127312.8,-339.4,1099.9,900.6,-18.02,69.2,31.0,288.29,0.0,0.0,0.0,0.0,138596.4,-507790.3,415403.0,0.778,1.431,895.2,-0.57509,-56.43546,0.0,0,-1.0,-1.0,-1.0,-1.0
1791147460.6,1703283.8,907.9,127142.4,127142.4,-342.0,1100.9,901.9,-17.98,69.2,31.02,288.25,0.0,0.0,0.0,0.0,138596.4,-507790.3,415403.0,0.778,1.431,895.2,-0.57603,-56.4026,0.0,0,-1.0,-1.0,-1.0,-1.0
1791147461.11,1703284.3,908.4,126970.8,126970.8,-344.5,1102.0,903.1,-17.94,69.21,31.04,288.21,0.0,0.0,0.0,0.0,138596.4,-507790.3,415403.0,0.778,1.431,895.2,-0.57698,-56.36973,0.0,0,-1.0,-1.0,-1.0,-1.0
1791147461.61,1703284.8,908.9,126797.9,126797.9,-347.1,1103.0,904.4,-17.9,69.21,31.05,288.16,0.0,0.0,0.0,0.0,138596.4,-507790.3,415403.0,0.778,1.431,895.2,-0.57792,-56.33683,0.0,0,-1.0,-1.0,-1.0,-1.0
1791147462.11,1703285.3,909.4,126623.7,126623.7,-349.7,1104.1,905.7,-17.87,69.22,31.07,288.12,0.0,0.0,0.0,0.0,138596.4,-507790.3,415403.0,0.778,1.431,895.2,-0.57886,-56.30391,0.0,0,-1.0,-1.0,-1.0,-1.0
1791147462.61,1703285.9,909.9,126448.2,126448.2,-352.3,1105.1,907.0,-17.83,69.22,31.08,288.08,0.0,0.0,0.0,0.0,138596.4,-507790.3,415403.0,0.778,1.431,895.2,-0.57981,-56.27098,0.0,0,-1.0,-1.0,-1.0,-1.0
1791147463.11,1703286.4,910.4,126271.4,126271.4,-354.9,1106.2,908.2,-17.79,69.22,31.1,288.04,0.0,0.0,0.0,0.0,138596.4,-507790.3,415403.0,0.778,1.431,895.2,-0.58075,-56.23802,0.0,0,-1.0,-1.0,-1.0,-1.0
1791147463.61,1703286.9,910.9,126093.3,126093.3,-357.5,1107.3,909.5,-17.75,69.23,31.12,288.0,0.0,0.0,0.0,0.0,138596.4,-507790.3,415403.0,0.778,1.431,895.2,-0.58169,-56.20505,0.0,0,-1.0,-1.0,-1.0,-1.0
1791147464.12,1703287.4,911.4,125906.7,125906.7,-360.2,1108.4,910.9,-17.71,69.23,31.13,287.96,0.0,0.0,0.0,0.0,138596.4,-507790.3,415403.0,0.778,1.431,895.2,-0.58267,-56.17073,0.0,0,-1.0,-1.0,-1.0,-1.0
1791147464.62,1703287.9,911.9,125725.9,125725.9,-362.8,1109.5,912.2,-17.67,69.24,31.15,287.92,0.0,0.0,0.0,0.0,138596.4,-507790.3,415403.0,0.778,1.431,895.2,-0.58362,-56.13771,0.0,0,-1.0,-1.0,-1.0,-1.0
1791147465.12,1703288.3,912.5,125551.2,125551.2,-365.3,1110.6,913.5,-17.64,69.24,31.17,287.88,0.0,0.0,0.0,0.0,138596.4,-507790.3,415403.0,0.778,1.431,895.2,-0.58452,-56.106,0.0,0,-1.0,-1.0,-1.0,-1.0
1791147465.62,1703288.9,913.0,125360.5,125360.5,-368.0,1111.7,914.9,-17.6,69.25,31.18,287.83,0.0,0.0,0.0,0.0,138596.4,-507790.3,415403.0,0.778,1.431,895.2,-0.58551,-56.07161,0.0,0,-1.0,-1.0,-1.0,-1.0
1791147466.12,1703289.4,913.5,125175.9,125175.9,-370.6,1112.8,916.2,-17.56,69.25,31.2,287.79,0.0,0.0,0.0,0.0,138596.4,-507790.3,415403.0,0.778,1.431,895.2,-0.58645,-56.03853,0.0,0,-1.0,-1.0,-1.0,-1.0
1791147466.63,1703289.9,914.0,124989.9,124989.9,-373.2,1113.9,917.6,-17.52,69.26,31.22,287.75,0.0,0.0,0.0,0.0,138596.4,-507790.3,415403.0,0.778,1.431,895.2,-0.58739,-56.00543,0.0,0,-1.0,-1.0,-1.0,-1.0
1791147467.13,1703290.4,914.5,124802.7,124802.7,-375.8,1115.1,918.9,-17.48,69.26,31.23,287.71,0.0,0.0,0.0,0.0,138596.4,-507790.3,415403.0,0.778,1.431,895.2,-0.58834,-55.97231,0.0,0,-1.0,-1.0,-1.0,-1.0
1791147467.63,1703290.9,915.0,124614.2,124614.2,-378.4,1116.2,920.3,-17.44,69.27,31.25,287.67,0.0,0.0,0.0,0.0,138596.4,-507790.3,415403.0,0.778,1.431,895.2,-0.58928,-55.93917,0.0,0,-1.0,-1.0,-1.0,-1.0
1791147468.13,1703291.4,915.5,124424.3,124424.3,-381.0,1117.3,921.7,-17.4,69.27,31.26,287.62,0.0,0.0,0.0,0.0,138596.4,-507790.3,415403.0,0.778,1.431,895.2,-0.59023,-55.906,0.0,0,-1.0,-1.0,-1.0,-1.0
1791147468.63,1703291.9,916.0,124233.2,124233.2,-383.6,1118.5,923.1,-17.36,69.27,31.28,287.58,0.0,0.0,0.0,0.0,138596.4,-507790.3,415403.0,0.778,1.431,895.2,-0.59117,-55.87281,0.0,0,-1.0,-1.0,-1.0,-1.0
1791147469.13,1703292.4,916.5,124040.7,124040.7,-386.2,1119.7,924.4,-17.33,69.28,31.3,287.54,0.0,0.0,0.0,0.0,138596.4,-507790.3,415403.0,0.778,1.431,895.2,-0.59212,-55.8396,0.0,0,-1.0,-1.0,-1.0,-1.0
1791147469.64,1703292.9,917.0,123839.2,123839.2,-388.9,1120.9,925.9,-17.29,69.28,31.31,287.5,0.0,0.0,0.0,0.0,138596.4,-507790.3,415403.0,0.778,1.431,895.2,-0.5931,-55.80504,0.0,0,-1.0,-1.0,-1.0,-1.0
1791147470.14,1703293.4,917.5,123644.1,123644.1,-391.5,1122.0,927.3,-17.25,69.29,31.33,287.46,0.0,0.0,0.0,0.0,138596.4,-507790.3,415403.0,0.778,1.431,895.2,-0.59405,-55.77178,0.0,0,-1.0,-1.0,-1.0,-1.0
1791147470.64,1703293.9,918.0,123447.7,123447.7,-394.1,1123.2,928.7,-17.21,69.29,31.35,287.42,0.0,0.0,0.0,0.0,138596.4,-507790.3,415403.0,0.778,1.431,895.2,-0.59499,-55.73851,0.0,0,-1.0,-1.0,-1.0,-1.0
1791147471.14,1703294.4,918.5,123250.0,123250.0,-396.7,1124.4,930.1,-17.17,69.3,31.36,287.37,0.0,0.0,0.0,0.0,138596.4,-507790.3,415403.0,0.778,1.431,895.2,-0.59594,-55.70521,0.0,0,-1.0,-1.0,-1.0,-1.0
1791147471.64,1703294.9,919.0,123051.0,123051.0,-399.3,1125.6,931.6,-17.13,69.3,31.38,287.33,0.0,0.0,0.0,0.0,138596.4,-507790.3,415403.0,0.778,1.431,895.2,-0.59689,-55.67188,0.0,0,-1.0,-1.0,-1.0,-1.0
1791147472.14,1703295.4,919.5,122850.6,122850.6,-402.0,1126.8,933.0,-17.09,69.31,31.4,287.29,0.0,0.0,0.0,0.0,138596.4,-507790.3,415403.0,0.778,1.431,895.2,-0.59783,-55.63854,0.0,0,-1.0,-1.0,-1.0,-1.0
1791147472.65,1703295.9,920.0,122649.0,122649.0,-404.6,1128.0,934.5,-17.06,69.31,31.41,287.25,0.0,0.0,0.0,0.0,138596.4,-507790.3,415403.0,0.778,1.431,895.2,-0.59878,-55.60517,0.0,0,-1.0,-1.0,-1.0,-1.0
1791147473.15,1703296.4,920.5,122446.1,122446.1,-407.2,1129.2,935.9,-17.02,69.31,31.43,287.21,0.0,0.0,0.0,0.0,138596.4,-507790.3,415403.0,0.778,1.431,895.2,-0.59973,-55.57177,0.0,0,-1.0,-1.0,-1.0,-1.0
1791147473.66,1703296.9,921.0,122241.8,122241.8,-409.8,1130.5,937.4,-16.98,69.32,31.44,287.17,0.0,0.0,0.0,0.0,138596.4,-507790.3,415403.0,0.778,1.431,895.2,-0.60067,-55.53836,0.0,0,-1.0,-1.0,-1.0,-1.0
1791147474.16,1703297.4,921.5,122028.0,122028.0,-412.5,1131.7,938.9,-16.94,69.32,31.46,287.12,0.0,0.0,0.0,0.0,138596.4,-507790.3,415403.0,0.778,1.431,895.2,-0.60166,-55.50358,0.0,0,-1.0,-1.0,-1.0,-1.0
1791147474.66,1703297.8,922.0,121862.6,121862.6,-414.6,1132.7,940.1,-16.91,69.33,31.47,287.09,0.0,0.0,0.0,0.0,138596.4,-507790.3,415403.0,0.778,1.431,895.2,-0.60242,-55.47681,0.0,0,-1.0,-1.0,-1.0,-1.0
1791147475.16,1703298.3,922.5,121654.6,121654.6,-417.2,1134.0,941.6,-16.87,69.33,31.49,287.05,0.0,0.0,0.0,0.0,138596.4,-507790.3,415403.0,0.778,1.431,895.2,-0.60337,-55.44332,0.0,0,-1.0,-1.0,-1.0,-1.0
1791147475.66,1703298.8,923.0,121445.3,121445.3,-419.9,1135.2,943.1,-16.83,69.34,31.51,287.0,0.0,0.0,0.0,0.0,138596.4,-507790.3,415403.0,0.778,1.431,895.2,-0.60431,-55.40981,0.0,0,-1.0,-1.0,-1.0,-1.0
1791147476.17,1703299.3,923.5,121234.8,121234.8,-422.5,1136.5,944.6,-16.79,69.34,31.52,286.96,0.0,0.0,0.0,0.0,138596.4,-507790.3,415403.0,0.778,1.431,895.2,-0.60526,-55.37628,0.0,0,-1.0,-1.0,-1.0,-1.0
1791147476.67,1703299.8,924.0,121014.4,121014.4,-425.2,1137.8,946.1,-16.75,69.34,31.54,286.92,0.0,0.0,0.0,0.0,138596.4,-507790.3,415403.0,0.778,1.431,895.2,-0.60625,-55.34138,0.0,0,-1.0,-1.0,-1.0,-1.0
1791147477.17,1703300.3,924.5,120801.1,120801.1,-427.8,1139.1,947.7,-16.71,69.35,31.56,286.88,0.0,0.0,0.0,0.0,138596.4,-507790.3,415403.0,0.778,1.431,895.2,-0.6072,-55.3078,0.0,0,-1.0,-1.0,-1.0,-1.0
1791147477.67,1703300.8,925.0,120586.5,120586.5,-430.5,1140.3,949.2,-16.67,69.35,31.57,286.84,0.0,0.0,0.0,0.0,138596.4,-507790.3,415403.0,0.778,1.431,895.2,-0.60815,-55.27419,0.0,0,-1.0,-1.0,-1.0,-1.0
1791147478.18,1703301.3,925.5,120370.6,120370.6,-433.1,1141.6,950.7,-16.63,69.36,31.59,286.79,0.0,0.0,0.0,0.0,138596.4,-507790.3,415403.0,0.778,1.431,895.2,-0.6091,-55.24056,0.0,0,-1.0,-1.0,-1.0,-1.0
1791147478.68,1703301.8,926.0,120153.4,120153.4,-435.7,1142.9,952.3,-16.59,69.36,31.61,286.75,0.0,0.0,0.0,0.0,138596.4,-507790.3,415403.0,0.778,1.431,895.2,-0.61005,-55.2069,0.0,0,-1.0,-1.0,-1.0,-1.0
1791147479.18,1703302.3,926.5,119934.9,119934.9,-438.3,1144.2,953.8,-16.55,69.36,31.62,286.71,0.0,0.0,0.0,0.0,138596.4,-507790.3,415403.0,0.778,1.431,895.2,-0.611,-55.17321,0.0,0,-1.0,-1.0,-1.0,-1.0
1791147479.68,1703302.8,927.0,119715.1,119715.1,-441.0,1145.5,955.4,-16.52,69.37,31.64,286.67,0.0,0.0,0.0,0.0,138596.4,-507790.3,415403.0,0.778,1.431,895.2,-0.61195,-55.1395,0.0,0,-1.0,-1.0,-1.0,-1.0
1791147480.18,1703303.3,927.5,119485.1,119485.1,-443.7,1146.9,957.0,-16.48,69.37,31.66,286.62,0.0,0.0,0.0,0.0,138596.4,-507790.3,415403.0,0.778,1.431,895.2,-0.61293,-55.10442,0.0,0,-1.0,-1.0,-1.0,-1.0
1791147480.69,1703303.8,928.0,119262.6,119262.6,-446.4,1148.2,958.6,-16.44,69.38,31.67,286.58,0.0,0.0,0.0,0.0,138596.4,-507790.3,415403.0,0.778,1.431,895.2,-0.61388,-55.07066,0.0,0,-1.0,-1.0,-1.0,-1.0
1791147481.19,1703304.3,928.5,119038.7,119038.7,-449.0,1149.6,960.1,-16.4,69.38,31.69,286.54,0.0,0.0,0.0,0.0,138596.4,-507790.3,415403.0,0.778,1.431,895.2,-0.61484,-55.03687,0.0,0,-1.0,-1.0,-1.0,-1.0
1791147481.69,1703304.8,929.0,118813.6,118813.6,-451.6,1150.9,961.7,-16.36,69.39,31.71,286.5,0.0,0.0,0.0,0.0,138596.4,-507790.3,415403.0,0.778,1.431,895.2,-0.61579,-55.00305,0.0,0,-1.0,-1.0,-1.0,-1.0
1791147482.19,1703305.3,929.5,118587.1,118587.1,-454.3,1152.2,963.3,-16.32,69.39,31.72,286.46,0.0,0.0,0.0,0.0,138596.4,-507790.3,415403.0,0.778,1.431,895.2,-0.61674,-54.96921,0.0,0,-1.0,-1.0,-1.0,-1.0
1791147482.69,1703305.8,930.0,118359.3,118359.3,-456.9,1153.6,964.9,-16.28,69.39,31.74,286.41,0.0,0.0,0.0,0.0,138596.4,-507790.3,415403.0,0.778,1.431,895.2,-0.61769,-54.93534,0.0,0,-1.0,-1.0,-1.0,-1.0
1791147483.19,1703306.3,930.5,118130.2,118130.2,-459.5,1155.0,966.5,-16.24,69.4,31.75,286.37,0.0,0.0,0.0,0.0,138596.4,-507790.3,415403.0,0.778,1.431,895.2,-0.61864,-54.90145,0.0,0,-1.0,-1.0,-1.0,-1.0
1791147483.7,1703306.8,931.0,117899.8,117899.8,-462.2,1156.3,968.1,-16.2,69.4,31.77,286.33,0.0,0.0,0.0,0.0,138596.4,-507790.3,415403.0,0.778,1.431,895.2,-0.61959,-54.86753,0.0,0,-1.0,-1.0,-1.0,-1.0
1791147484.2,1703307.3,931.5,117668.0,117668.0,-464.8,1157.7,969.8,-16.16,69.41,31.79,286.29,0.0,0.0,0.0,0.0,138596.4,-507790.3,415403.0,0.778,1.431,895.2,-0.62055,-54.83358,0.0,0,-1.0,-1.0,-1.0,-1.0
1791147484.7,1703307.8,932.0,117434.9,117434.9,-467.5,1159.1,971.4,-16.12,69.41,31.8,286.24,0.0,0.0,0.0,0.0,138596.4,-507790.3,415403.0,0.778,1.431,895.2,-0.6215,-54.7996,0.0,0,-1.0,-1.0,-1.0,-1.0
1791147485.2,1703308.3,932.5,117200.5,117200.5,-470.1,1160.5,973.0,-16.08,69.41,31.82,286.2,0.0,0.0,0.0,0.0,138596.4,-507790.3,415403.0,0.778,1.431,895.2,-0.62245,-54.7656,0.0,0,-1.0,-1.0,-1.0,-1.0
1791147485.7,1703308.8,933.0,116964.8,116964.8,-472.8,1161.9,974.7,-16.04,69.42,31.84,286.16,0.0,0.0,0.0,0.0,138596.4,-507790.3,415403.0,0.778,1.431,895.2,-0.6234,-54.73156,0.0,0,-1.0,-1.0,-1.0,-1.0
1791147486.21,1703309.3,933.5,116727.8,116727.8,-475.4,1163.3,976.3,-16.0,69.42,31.85,286.12,0.0,0.0,0.0,0.0,138596.4,-507790.3,415403.0,0.778,1.431,895.2,-0.62436,-54.6975,0.0,0,-1.0,-1.0,-1.0,-1.0
1791147486.71,1703309.7,934.0,116565.8,116565.8,-477.2,1164.2,977.5,-15.98,69.43,31.86,286.09,0.0,0.0,0.0,0.0,138596.4,-507790.3,415403.0,0.778,1.431,895.2,-0.62501,-54.67433,0.0,0,-1.0,-1.0,-1.0,-1.0
1791147487.21,1703309.7,934.5,116565.8,116565.8,-477.2,1164.2,977.5,-15.98,69.43,31.86,286.09,0.0,0.0,0.0,0.0,138596.4,-507790.3,415403.0,0.778,1.431,895.2,-0.62501,-54.67433,0.0,0,-1.0,-1.0,-1.0,-1.0
1791147487.71,1703309.7,935.0,116546.7,116546.7,-477.4,1164.3,977.6,-15.97,69.43,31.87,286.09,0.0,0.0,0.0,0.0,138596.4,-507790.3,415403.0,0.778,1.431,895.2,-0.62508,-54.6716,0.0,0,-1.0,-1.0,-1.0,-1.0
1791147488.21,1703309.7,935.5,116546.7,116546.7,-477.4,1164.3,977.6,-15.97,69.43,31.87,286.09,0.0,0.0,0.0,0.0,138596.4,-507790.3,415403.0,0.778,1.431,895.2,-0.62508,-54.6716,0.0,0,-1.0,-1.0,-1.0,-1.0
1791147488.71,1703309.8,936.0,116527.6,116527.6,-477.7,1164.4,977.7,-15.97,69.43,31.87,286.08,0.0,0.0,0.0,0.0,138596.4,-507790.3,415403.0,0.778,1.431,895.2,-0.62516,-54.66887,0.0,0,-1.0,-1.0,-1.0,-1.0
1791147489.21,1703309.8,936.5,116527.6,116527.6,-477.7,1164.4,977.7,-15.97,69.43,31.87,286.08,0.0,0.0,0.0,0.0,138596.4,-507790.3,415403.0,0.778,1.431,895.2,-0.62516,-54.66887,0.0,0,-1.0,-1.0,-1.0,-1.0
1791147489.72,1703309.8,937.0,116508.5,116508.5,-477.9,1164.6,977.9,-15.97,69.43,31.87,286.08,0.0,0.0,0.0,0.0,138596.4,-507790.3,415403.0,0.778,1.431,895.2,-0.62524,-54.66614,0.0,0,-1.0,-1.0,-1.0,-1.0
1791147490.22,1703309.8,937.5,116508.5,116508.5,-477.9,1164.6,977.9,-15.97,69.43,31.87,286.08,0.0,0.0,0.0,0.0,138596.4,-507790.3,415403.0,0.778,1.431,895.2,-0.62524,-54.66614,0.0,0,-1.0,-1.0,-1.0,-1.0
1791147490.72,1703309.8,938.0,116489.4,116489.4,-478.1,1164.7,978.0,-15.96,69.43,31.87,286.07,0.0,0.0,0.0,0.0,138596.4,-507790.3,415403.0,0.778,1.431,895.2,-0.62531,-54.66342,0.0,0,-1.0,-1.0,-1.0,-1.0
1791147491.22,1703309.8,938.6,116489.4,116489.4,-478.1,1164.7,978.0,-15.96,69.43,31.87,286.07,0.0,0.0,0.0,0.0,138596.4,-507790.3,415403.0,0.778,1.431,895.2,-0.62531,-54.66342,0.0,0,-1.0,-1.0,-1.0,-1.0
1791147491.72,1703309.9,939.1,116470.3,116470.3,-478.3,1164.8,978.1,-15.96,69.43,31.87,286.07,0.0,0.0,0.0,0.0,138596.4,-507790.3,415403.0,0.778,1.431,895.2,-0.62539,-54.66069,0.0,0,-1.0,-1.0,-1.0,-1.0
1791147492.22,1703309.9,939.6,116470.3,116470.3,-478.3,1164.8,978.1,-15.96,69.43,31.87,286.07,0.0,0.0,0.0,0.0,138596.4,-507790.3,415403.0,0.778,1.431,895.2,-0.62539,-54.66069,0.0,0,-1.0,-1.0,-1.0,-1.0
1791147492.73,1703309.9,940.1,116451.1,116451.1,-478.5,1164.9,978.3,-15.96,69.43,31.87,286.07,0.0,0.0,0.0,0.0,138596.4,-507790.3,415403.0,0.778,1.431,895.2,-0.62546,-54.65796,0.0,0,-1.0,-1.0,-1.0,-1.0
1791147493.23,1703309.9,940.6,116451.1,116451.1,-478.5,1164.9,978.3,-15.96,69.43,31.87,286.07,0.0,0.0,0.0,0.0,138596.4,-507790.3,415403.0,0.778,1.431,895.2,-0.62546,-54.65796,0.0,0,-1.0,-1.0,-1.0,-1.0
1791147493.73,1703310.0,941.1,116432.0,116432.0,-478.7,1165.0,978.4,-15.96,69.43,31.87,286.06,0.0,0.0,0.0,0.0,138596.4,-507790.3,415403.0,0.778,1.431,895.2,-0.62554,-54.65523,0.0,0,-1.0,-1.0,-1.0,-1.0
1791147494.23,1703310.0,941.6,116432.0,116432.0,-478.7,1165.0,978.4,-15.96,69.43,31.87,286.06,0.0,0.0,0.0,0.0,138596.4,-507790.3,415403.0,0.778,1.431,895.2,-0.62554,-54.65523,0.0,0,-1.0,-1.0,-1.0,-1.0
1791147494.73,1703310.0,942.1,116412.8,116412.8,-478.9,1165.1,978.5,-15.95,69.43,31.88,286.06,0.0,0.0,0.0,0.0,138596.4,-507790.3,415403.0,0.778,1.431,895.2,-0.62562,-54.6525,0.0,0,-1.0,-1.0,-1.0,-1.0
1791147495.23,1703310.0,942.6,116412.8,116412.8,-478.9,1165.1,978.5,-15.95,69.43,31.88,286.06,0.0,0.0,0.0,0.0,138596.4,-507790.3,415403.0,0.778,1.431,895.2,-0.62562,-54.6525,0.0,0,-1.0,-1.0,-1.0,-1.0
1791147495.74,1703310.0,943.1,116393.7,116393.7,-479.1,1165.2,978.7,-15.95,69.43,31.88,286.06,0.0,0.0,0.0,0.0,138596.4,-507790.3,415403.0,0.778,1.431,895.2,-0.62569,-54.64977,0.0,0,-1.0,-1.0,-1.0,-1.0
1791147496.24,1703310.0,943.6,116393.7,116393.7,-479.1,1165.2,978.7,-15.95,69.43,31.88,286.06,0.0,0.0,0.0,0.0,138596.4,-507790.3,415403.0,0.778,1.431,895.2,-0.62569,-54.64977,0.0,0,-1.0,-1.0,-1.0,-1.0
1791147496.74,1703310.1,944.1,116374.5,116374.5,-479.3,1165.3,978.8,-15.95,69.43,31.88,286.05,0.0,0.0,0.0,0.0,138596.4,-507790.3,415403.0,0.778,1.431,895.2,-0.62577,-54.64704,0.0,0,-1.0,-1.0,-1.0,-1.0
1791147497.24,1703310.1,944.6,116374.5,116374.5,-479.3,1165.3,978.8,-15.95,69.43,31.88,286.05,0.0,0.0,0.0,0.0,138596.4,-507790.3,415403.0,0.778,1.431,895.2,-0.62577,-54.64704,0.0,0,-1.0,-1.0,-1.0,-1.0
1791147497.74,1703310.1,945.1,116355.3,116355.3,-479.6,1165.5,978.9,-15.94,69.43,31.88,286.05,0.0,0.0,0.0,0.0,138596.4,-507790.3,415403.0,0.778,1.431,895.2,-0.62585,-54.64431,0.0,0,-1.0,-1.0,-1.0,-1.0
1791147498.24,1703310.1,945.6,116355.3,116355.3,-479.6,1165.5,978.9,-15.94,69.43,31.88,286.05,0.0,0.0,0.0,0.0,138596.4,-507790.3,415403.0,0.778,1.431,895.2,-0.62585,-54.64431,0.0,0,-1.0,-1.0,-1.0,-1.0
1791147498.74,1703310.2,946.1,116336.1,116336.1,-479.8,1165.6,979.1,-15.94,69.43,31.88,286.05,0.0,0.0,0.0,0.0,138596.4,-507790.3,415403.0,0.778,1.431,895.2,-0.62592,-54.64158,0.0,0,-1.0,-1.0,-1.0,-1.0
1791147499.25,1703310.2,946.6,116336.1,116336.1,-479.8,1165.6,979.1,-15.94,69.43,31.88,286.05,0.0,0.0,0.0,0.0,138596.4,-507790.3,415403.0,0.778,1.431,895.2,-0.62592,-54.64158,0.0,0,-1.0,-1.0,-1.0,-1.0
1791147499.75,1703310.2,947.1,116316.9,116316.9,-480.0,1165.7,979.2,-15.94,69.43,31.88,286.04,0.0,0.0,0.0,0.0,138596.4,-507790.3,415403.0,0.778,1.431,895.2,-0.626,-54.63885,0.0,0,-1.0,-1.0,-1.0,-1.0
1791147500.25,1703310.2,947.6,116316.9,116316.9,-480.0,1165.7,979.2,-15.94,69.43,31.88,286.04,0.0,0.0,0.0,0.0,138596.4,-507790.3,415403.0,0.778,1.431,895.2,-0.626,-54.63885,0.0,0,-1.0,-1.0,-1.0,-1.0
1791147500.75,1703310.2,948.1,116297.7,116297.7,-480.2,1165.8,979.3,-15.93,69.43,31.88,286.04,0.0,0.0,0.0,0.0,138596.4,-507790.3,415403.0,0.778,1.431,895.2,-0.62608,-54.63612,0.0,0,-1.0,-1.0,-1.0,-1.0
1791147501.25,1703310.2,948.6,116297.7,116297.7,-480.2,1165.8,979.3,-15.93,69.43,31.88,286.04,0.0,0.0,0.0,0.0,138596.4,-507790.3,415403.0,0.778,1.431,895.2,-0.62608,-54.63612,0.0,0,-1.0,-1.0,-1.0,-1.0
1791147501.75,1703310.3,949.1,116278.5,116278.5,-480.4,1165.9,979.5,-15.93,69.43,31.88,286.04,0.0,0.0,0.0,0.0,138596.4,-507790.3,415403.0,0.778,1.431,895.2,-0.62615,-54.63339,0.0,0,-1.0,-1.0,-1.0,-1.0
1791147502.25,1703310.3,949.6,116278.5,116278.5,-480.4,1165.9,979.5,-15.93,69.43,31.88,286.04,0.0,0.0,0.0,0.0,138596.4,-507790.3,415403.0,0.778,1.431,895.2,-0.62615,-54.63339,0.0,0,-1.0,-1.0,-1.0,-1.0
1791147502.77,1703310.3,950.1,116259.3,116259.3,-480.6,1166.0,979.6,-15.93,69.43,31.89,286.03,0.0,0.0,0.0,0.0,138596.4,-507790.3,415403.0,0.778,1.431,895.2,-0.62623,-54.63066,0.0,0,-1.0,-1.0,-1.0,-1.0
1791147503.27,1703310.3,950.6,116259.3,116259.3,-480.6,1166.0,979.6,-15.93,69.43,31.89,286.03,0.0,0.0,0.0,0.0,138596.4,-507790.3,415403.0,0.778,1.431,895.2,-0.62623,-54.63066,0.0,0,-1.0,-1.0,-1.0,-1.0
1791147503.77,1703310.4,951.1,116240.1,116240.1,-480.8,1166.1,979.7,-15.92,69.43,31.89,286.03,0.0,0.0,0.0,0.0,138596.4,-507790.3,415403.0,0.778,1.431,895.2,-0.6263,-54.62793,0.0,0,-1.0,-1.0,-1.0,-1.0
1791147504.27,1703310.4,951.6,116240.1,116240.1,-480.8,1166.1,979.7,-15.92,69.43,31.89,286.03,0.0,0.0,0.0,0.0,138596.4,-507790.3,415403.0,0.778,1.431,895.2,-0.6263,-54.62793,0.0,0,-1.0,-1.0,-1.0,-1.0
1791147504.77,1703310.4,952.1,116220.8,116220.8,-481.0,1166.3,979.9,-15.92,69.43,31.89,286.03,0.0,0.0,0.0,0.0,138596.4,-507790.3,415403.0,0.778,1.431,895.2,-0.62638,-54.6252,0.0,0,-1.0,-1.0,-1.0,-1.0
1791147505.27,1703310.4,952.6,116220.8,116220.8,-481.0,1166.3,979.9,-15.92,69.43,31.89,286.03,0.0,0.0,0.0,0.0,138596.4,-507790.3,415403.0,0.778,1.431,895.2,-0.62638,-54.6252,0.0,0,-1.0,-1.0,-1.0,-1.0
1791147505.77,1703310.4,953.1,116201.6,116201.6,-481.3,1166.4,980.0,-15.92,69.43,31.89,286.02,0.0,0.0,0.0,0.0,138596.4,-507790.3,415403.0,0.778,1.431,895.2,-0.62646,-54.62247,0.0,0,-1.0,-1.0,-1.0,-1.0
1791147506.28,1703310.4,953.6,116201.6,116201.6,-481.3,1166.4,980.0,-15.92,69.43,31.89,286.02,0.0,0.0,0.0,0.0,138596.4,-507790.3,415403.0,0.778,1.431,895.2,-0.62646,-54.62247,0.0,0,-1.0,-1.0,-1.0,-1.0
1791147506.78,1703310.5,954.1,116182.3,116182.3,-481.5,1166.5,980.1,-15.91,69.43,31.89,286.02,0.0,0.0,0.0,0.0,138596.4,-507790.3,415403.0,0.778,1.431,895.2,-0.62653,-54.61974,0.0,0,-1.0,-1.0,-1.0,-1.0
1791147507.28,1703310.5,954.6,116182.3,116182.3,-481.5,1166.5,980.1,-15.91,69.43,31.89,286.02,0.0,0.0,0.0,0.0,138596.4,-507790.3,415403.0,0.778,1.431,895.2,-0.62653,-54.61974,0.0,0,-1.0,-1.0,-1.0,-1.0
1791147507.78,1703310.5,955.1,116163.1,116163.1,-481.7,1166.6,980.3,-15.91,69.43,31.89,286.02,0.0,0.0,0.0,0.0,138596.4,-507790.3,415403.0,0.778,1.431,895.2,-0.62661,-54.61701,0.0,0,-1.0,-1.0,-1.0,-1.0
1791147508.28,1703310.5,955.6,116163.1,116163.1,-481.7,1166.6,980.3,-15.91,69.43,31.89,286.02,0.0,0.0,0.0,0.0,138596.4,-507790.3,415403.0,0.778,1.431,895.2,-0.62661,-54.61701,0.0,0,-1.0,-1.0,-1.0,-1.0
1791147508.78,1703310.6,956.1,116143.8,116143.8,-481.9,1166.7,980.4,-15.91,69.43,31.89,286.01,0.0,0.0,0.0,0.0,138596.4,-507790.3,415403.0,0.778,1.431,895.2,-0.62669,-54.61428,0.0,0,-1.0,-1.0,-1.0,-1.0
1791147509.29,1703310.6,956.6,116143.8,116143.8,-481.9,1166.7,980.4,-15.91,69.43,31.89,286.01,0.0,0.0,0.0,0.0,138596.4,-507790.3,415403.0,0.778,1.431,895.2,-0.62669,-54.61428,0.0,0,-1.0,-1.0,-1.0,-1.0
1791147509.79,1703310.6,957.1,116124.5,116124.5,-482.1,1166.8,980.5,-15.91,69.43,31.89,286.01,0.0,0.0,0.0,0.0,138596.4,-507790.3,415403.0,0.778,1.431,895.2,-0.62676,-54.61155,0.0,0,-1.0,-1.0,-1.0,-1.0
1791147510.29,1703310.6,957.6,116124.5,116124.5,-482.1,1166.8,980.5,-15.91,69.43,31.89,286.01,0.0,0.0,0.0,0.0,138596.4,-507790.3,415403.0,0.778,1.431,895.2,-0.62676,-54.61155,0.0,0,-1.0,-1.0,-1.0,-1.0
1791147510.79,1703310.6,958.1,116105.2,116105.2,-482.3,1166.9,980.7,-15.9,69.43,31.9,286.01,0.0,0.0,0.0,0.0,138596.4,-507790.3,415403.0,0.778,1.431,895.2,-0.62684,-54.60881,0.0,0,-1.0,-1.0,-1.0,-1.0
1791147511.29,1703310.6,958.6,116105.2,116105.2,-482.3,1166.9,980.7,-15.9,69.43,31.9,286.01,0.0,0.0,0.0,0.0,138596.4,-507790.3,415403.0,0.778,1.431,895.2,-0.62684,-54.60881,0.0,0,-1.0,-1.0,-1.0,-1.0
1791147511.79,1703310.7,959.1,116085.9,116085.9,-482.5,1167.0,980.8,-15.9,69.43,31.9,286.0,0.0,0.0,0.0,0.0,138596.4,-507790.3,415403.0,0.778,1.431,895.2,-0.62691,-54.60608,0.0,0,-1.0,-1.0,-1.0,-1.0
1791147512.29,1703310.7,959.6,116085.9,116085.9,-482.5,1167.0,980.8,-15.9,69.43,31.9,286.0,0.0,0.0,0.0,0.0,138596.4,-507790.3,415403.0,0.778,1.431,895.2,-0.62691,-54.60608,0.0,0,-1.0,-1.0,-1.0,-1.0
1791147512.8,1703310.7,960.1,116066.6,116066.6,-482.7,1167.2,980.9,-15.9,69.43,31.9,286.0,0.0,0.0,0.0,0.0,138596.4,-507790.3,415403.0,0.778,1.431,895.2,-0.62699,-54.60335,0.0,0,-1.0,-1.0,-1.0,-1.0
1791147513.3,1703310.7,960.6,116066.6,116066.6,-482.7,1167.2,980.9,-15.9,69.43,31.9,286.0,0.0,0.0,0.0,0.0,138596.4,-507790.3,415403.0,0.778,1.431,895.2,-0.62699,-54.60335,0.0,0,-1.0,-1.0,-1.0,-1.0
1791147513.8,1703310.8,961.1,116047.3,116047.3,-483.0,1167.3,981.1,-15.89,69.43,31.9,286.0,0.0,0.0,0.0,0.0,138596.4,-507790.3,415403.0,0.778,1.431,895.2,-0.62707,-54.60062,0.0,0,-1.0,-1.0,-1.0,-1.0
1791147514.3,1703310.8,961.6,116047.3,116047.3,-483.0,1167.3,981.1,-15.89,69.43,31.9,286.0,0.0,0.0,0.0,0.0,138596.4,-507790.3,415403.0,0.778,1.431,895.2,-0.62707,-54.60062,0.0,0,-1.0,-1.0,-1.0,-1.0
1791147514.8,1703310.8,962.1,116028.0,116028.0,-483.2,1167.4,981.2,-15.89,69.43,31.9,285.99,0.0,0.0,0.0,0.0,138596.4,-507790.3,415403.0,0.778,1.431,895.2,-0.62714,-54.59789,0.0,0,-1.0,-1.0,-1.0,-1.0
1791147515.3,1703310.8,962.6,116028.0,116028.0,-483.2,1167.4,981.2,-15.89,69.43,31.9,285.99,0.0,0.0,0.0,0.0,138596.4,-507790.3,415403.0,0.778,1.431,895.2,-0.62714,-54.59789,0.0,0,-1.0,-1.0,-1.0,-1.0
1791147515.81,1703310.8,963.1,116008.7,116008.6,-483.4,1167.5,981.4,-15.89,69.44,31.9,285.99,0.0,0.0,0.0,0.0,138596.4,-507790.3,415403.0,0.778,1.431,895.2,-0.62722,-54.59515,0.0,0,-1.0,-1.0,-1.0,-1.0
1791147516.31,1703310.8,963.6,116008.7,116008.6,-483.4,1167.5,981.4,-15.89,69.44,31.9,285.99,0.0,0.0,0.0,0.0,138596.4,-507790.3,415403.0,0.778,1.431,895.2,-0.62722,-54.59515,0.0,0,-1.0,-1.0,-1.0,-1.0
1791147516.81,1703310.9,964.1,115989.3,115989.3,-483.6,1167.6,981.5,-15.88,69.44,31.9,285.99,0.0,0.0,0.0,0.0,138596.4,-507790.3,415403.0,0.778,1.431,895.2,-0.6273,-54.59242,0.0,0,-1.0,-1.0,-1.0,-1.0
1791147517.31,1703310.9,964.6,115989.3,115989.3,-483.6,1167.6,981.5,-15.88,69.44,31.9,285.99,0.0,0.0,0.0,0.0,138596.4,-507790.3,415403.0,0.778,1.431,895.2,-0.6273,-54.59242,0.0,0,-1.0,-1.0,-1.0,-1.0
1791147517.81,1703310.9,965.1,115970.0,115970.0,-483.8,1167.7,981.6,-15.88,69.44,31.91,285.98,0.0,0.0,0.0,0.0,138596.4,-507790.3,415403.0,0.778,1.431,895.2,-0.62737,-54.58969,0.0,0,-1.0,-1.0,-1.0,-1.0
1791147518.31,1703310.9,965.6,115970.0,115970.0,-483.8,1167.7,981.6,-15.88,69.44,31.91,285.98,0.0,0.0,0.0,0.0,138596.4,-507790.3,415403.0,0.778,1.431,895.2,-0.62737,-54.58969,0.0,0,-1.0,-1.0,-1.0,-1.0
1791147518.81,1703311.0,966.1,115950.6,115950.6,-484.0,1167.8,981.8,-15.88,69.44,31.91,285.98,0.0,0.0,0.0,0.0,138596.4,-507790.3,415403.0,0.778,1.431,895.2,-0.62745,-54.58695,0.0,0,-1.0,-1.0,-1.0,-1.0
1791147519.32,1703311.0,966.6,115950.6,115950.6,-484.0,1167.8,981.8,-15.88,69.44,31.91,285.98,0.0,0.0,0.0,0.0,138596.4,-507790.3,415403.0,0.778,1.431,895.2,-0.62745,-54.58695,0.0,0,-1.0,-1.0,-1.0,-1.0
1791147519.82,1703311.0,967.1,115931.2,115931.2,-484.2,1168.0,981.9,-15.87,69.44,31.91,285.98,0.0,0.0,0.0,0.0,138596.4,-507790.3,415403.0,0.778,1.431,895.2,-0.62753,-54.58422,0.0,0,-1.0,-1.0,-1.0,-1.0
1791147520.32,1703311.2,967.6,115844.0,115844.0,-485.2,1168.5,982.5,-15.86,69.44,31.91,285.96,0.0,0.0,0.0,0.0,138596.4,-507790.3,415403.0,0.778,1.431,895.2,-0.62787,-54.57192,0.0,0,-1.0,-1.0,-1.0,-1.0
1791147520.82,1703311.7,968.2,115591.0,115591.0,-488.0,1170.0,984.3,-15.82,69.44,31.93,285.92,0.0,0.0,0.0,0.0,138596.4,-507790.3,415403.0,0.778,1.431,895.2,-0.62886,-54.53636,0.0,0,-1.0,-1.0,-1.0,-1.0
1791147521.33,1703312.2,968.7,115346.3,115346.3,-490.6,1171.4,986.0,-15.78,69.45,31.95,285.87,0.0,0.0,0.0,0.0,138596.4,-507790.3,415403.0,0.778,1.431,895.2,-0.62982,-54.50213,0.0,0,-1.0,-1.0,-1.0,-1.0
1791147521.83,1703312.7,969.2,115100.4,115100.4,-493.3,1172.9,987.7,-15.74,69.45,31.96,285.83,0.0,0.0,0.0,0.0,138596.4,-507790.3,415403.0,0.778,1.431,895.2,-0.63077,-54.46788,0.0,0,-1.0,-1.0,-1.0,-1.0
1791147522.33,1703313.2,969.7,114853.1,114853.1,-495.9,1174.3,989.4,-15.7,69.45,31.98,285.79,0.0,0.0,0.0,0.0,138596.4,-507790.3,415403.0,0.778,1.431,895.2,-0.63173,-54.4336,0.0,0,-1.0,-1.0,-1.0,-1.0
1791147522.83,1703313.7,970.2,114594.5,114594.5,-498.7,1175.8,991.2,-15.66,69.46,32.0,285.74,0.0,0.0,0.0,0.0,138596.4,-507790.3,415403.0,0.778,1.431,895.2,-0.63272,-54.39791,0.0,0,-1.0,-1.0,-1.0,-1.0
1791147523.34,1703314.2,970.7,114344.4,114344.4,-501.4,1177.3,992.9,-15.62,69.46,32.01,285.7,0.0,0.0,0.0,0.0,138596.4,-507790.3,415403.0,0.778,1.431,895.2,-0.63368,-54.36357,0.0,0,-1.0,-1.0,-1.0,-1.0
1791147523.84,1703314.7,971.2,114103.2,114103.2,-503.9,1178.7,994.6,-15.58,69.47,32.03,285.66,0.0,0.0,0.0,0.0,138596.4,-507790.3,415403.0,0.778,1.431,895.2,-0.6346,-54.33057,0.0,0,-1.0,-1.0,-1.0,-1.0
1791147524.34,1703315.0,971.7,113972.0,113972.0,-505.3,1179.5,995.5,-15.56,69.47,32.04,285.64,0.0,0.0,0.0,0.0,138596.4,-507790.3,415403.0,0.778,1.431,895.2,-0.6351,-54.31269,0.0,0,-1.0,-1.0,-1.0,-1.0
1791147524.84,1703315.0,972.2,113972.0,113972.0,-505.3,1179.5,995.5,-15.56,69.47,32.04,285.64,0.0,0.0,0.0,0.0,138596.4,-507790.3,415403.0,0.778,1.431,895.2,-0.6351,-54.31269,0.0,0,-1.0,-1.0,-1.0,-1.0
1791147525.34,1703315.0,972.7,113951.7,113951.7,-505.5,1179.6,995.6,-15.56,69.47,32.04,285.64,0.0,0.0,0.0,0.0,138596.4,-507790.3,415403.0,0.778,1.431,895.2,-0.63517,-54.30993,0.0,0,-1.0,-1.0,-1.0,-1.0
1791147525.84,1703315.0,973.2,113951.7,113951.7,-505.5,1179.6,995.6,-15.56,69.47,32.04,285.64,0.0,0.0,0.0,0.0,138596.4,-507790.3,415403.0,0.778,1.431,895.2,-0.63517,-54.30993,0.0,0,-1.0,-1.0,-1.0,-1.0
1791147526.34,1703315.0,973.7,113931.5,113931.5,-505.7,1179.7,995.7,-15.55,69.47,32.04,285.63,0.0,0.0,0.0,0.0,138596.4,-507790.3,415403.0,0.778,1.431,895.2,-0.63525,-54.30718,0.0,0,-1.0,-1.0,-1.0,-1.0
1791147526.85,1703315.0,974.2,113931.5,113931.5,-505.7,1179.7,995.7,-15.55,69.47,32.04,285.63,0.0,0.0,0.0,0.0,138596.4,-507790.3,415403.0,0.778,1.431,895.2,-0.63525,-54.30718,0.0,0,-1.0,-1.0,-1.0,-1.0
1791147527.35,1703315.1,974.7,113911.3,113911.3,-506.0,1179.8,995.9,-15.55,69.47,32.04,285.63,0.0,0.0,0.0,0.0,138596.4,-507790.3,415403.0,0.778,1.431,895.2,-0.63533,-54.30443,0.0,0,-1.0,-1.0,-1.0,-1.0
1791147527.85,1703315.1,975.2,113911.3,113911.3,-506.0,1179.8,995.9,-15.55,69.47,32.04,285.63,0.0,0.0,0.0,0.0,138596.4,-507790.3,415403.0,0.778,1.431,895.2,-0.63533,-54.30443,0.0,0,-1.0,-1.0,-1.0,-1.0
1791147528.35,1703315.1,975.7,113891.0,113891.0,-506.2,1180.0,996.0,-15.55,69.47,32.04,285.63,0.0,0.0,0.0,0.0,138596.4,-507790.3,415403.0,0.778,1.431,895.2,-0.6354,-54.30168,0.0,0,-1.0,-1.0,-1.0,-1.0
1791147528.85,1703315.1,976.2,113891.0,113891.0,-506.2,1180.0,996.0,-15.55,69.47,32.04,285.63,0.0,0.0,0.0,0.0,138596.4,-507790.3,415403.0,0.778,1.431,895.2,-0.6354,-54.30168,0.0,0,-1.0,-1.0,-1.0,-1.0
1791147529.35,1703315.2,976.7,113870.8,113870.8,-506.4,1180.1,996.2,-15.54,69.47,32.05,285.62,0.0,0.0,0.0,0.0,138596.4,-507790.3,415403.0,0.778,1.431,895.2,-0.63548,-54.29892,0.0,0,-1.0,-1.0,-1.0,-1.0
1791147529.85,1703315.2,977.2,113870.8,113870.8,-506.4,1180.1,996.2,-15.54,69.47,32.05,285.62,0.0,0.0,0.0,0.0,138596.4,-507790.3,415403.0,0.778,1.431,895.2,-0.63548,-54.29892,0.0,0,-1.0,-1.0,-1.0,-1.0
1791147530.36,1703315.2,977.7,113850.5,113850.5,-506.6,1180.2,996.3,-15.54,69.47,32.05,285.62,0.0,0.0,0.0,0.0,138596.4,-507790.3,415403.0,0.778,1.431,895.2,-0.63556,-54.29617,0.0,0,-1.0,-1.0,-1.0,-1.0
1791147530.86,1703315.2,978.2,113850.5,113850.5,-506.6,1180.2,996.3,-15.54,69.47,32.05,285.62,0.0,0.0,0.0,0.0,138596.4,-507790.3,415403.0,0.778,1.431,895.2,-0.63556,-54.29617,0.0,0,-1.0,-1.0,-1.0,-1.0
1791147531.36,1703315.2,978.7,113830.3,113830.3,-506.8,1180.3,996.4,-15.54,69.47,32.05,285.61,0.0,0.0,0.0,0.0,138596.4,-507790.3,415403.0,0.778,1.431,895.2,-0.63563,-54.29342,0.0,0,-1.0,-1.0,-1.0,-1.0
1791147531.86,1703315.2,979.2,113830.3,113830.3,-506.8,1180.3,996.4,-15.54,69.47,32.05,285.61,0.0,0.0,0.0,0.0,138596.4,-507790.3,415403.0,0.778,1.431,895.2,-0.63563,-54.29342,0.0,0,-1.0,-1.0,-1.0,-1.0
1791147532.36,1703315.3,979.7,113810.0,113810.0,-507.0,1180.4,996.6,-15.53,69.47,32.05,285.61,0.0,0.0,0.0,0.0,138596.4,-507790.3,415403.0,0.778,1.431,895.2,-0.63571,-54.29066,0.0,0,-1.0,-1.0,-1.0,-1.0
1791147532.86,1703315.3,980.2,113810.0,113810.0,-507.0,1180.4,996.6,-15.53,69.47,32.05,285.61,0.0,0.0,0.0,0.0,138596.4,-507790.3,415403.0,0.778,1.431,895.2,-0.63571,-54.29066,0.0,0,-1.0,-1.0,-1.0,-1.0
1791147533.36,1703315.3,980.7,113789.7,113789.7,-507.2,1180.6,996.7,-15.53,69.47,32.05,285.61,0.0,0.0,0.0,0.0,138596.4,-507790.3,415403.0,0.778,1.431,895.2,-0.63579,-54.28791,0.0,0,-1.0,-1.0,-1.0,-1.0
1791147533.87,1703315.3,981.2,113789.7,113789.7,-507.2,1180.6,996.7,-15.53,69.47,32.05,285.61,0.0,0.0,0.0,0.0,138596.4,-507790.3,415403.0,0.778,1.431,895.2,-0.63579,-54.28791,0.0,0,-1.0,-1.0,-1.0,-1.0
1791147534.37,1703315.4,981.7,113769.4,113769.4,-507.5,1180.7,996.9,-15.53,69.47,32.05,285.6,0.0,0.0,0.0,0.0,138596.4,-507790.3,415403.0,0.778,1.431,895.2,-0.63586,-54.28516,0.0,0,-1.0,-1.0,-1.0,-1.0
1791147534.87,1703315.4,982.2,113769.4,113769.4,-507.5,1180.7,996.9,-15.53,69.47,32.05,285.6,0.0,0.0,0.0,0.0,138596.4,-507790.3,415403.0,0.778,1.431,895.2,-0.63586,-54.28516,0.0,0,-1.0,-1.0,-1.0,-1.0
1791147535.37,1703315.4,982.7,113749.1,113749.1,-507.7,1180.8,997.0,-15.53,69.47,32.05,285.6,0.0,0.0,0.0,0.0,138596.4,-507790.3,415403.0,0.778,1.431,895.2,-0.63594,-54.2824,0.0,0,-1.0,-1.0,-1.0,-1.0
1791147535.87,1703315.4,983.2,113749.1,113749.1,-507.7,1180.8,997.0,-15.53,69.47,32.05,285.6,0.0,0.0,0.0,0.0,138596.4,-507790.3,415403.0,0.778,1.431,895.2,-0.63594,-54.2824,0.0,0,-1.0,-1.0,-1.0,-1.0
1791147536.37,1703315.4,983.7,113728.8,113728.8,-507.9,1180.9,997.1,-15.52,69.47,32.05,285.6,0.0,0.0,0.0,0.0,138596.4,-507790.3,415403.0,0.778,1.431,895.2,-0.63602,-54.27965,0.0,0,-1.0,-1.0,-1.0,-1.0
1791147536.87,1703315.4,984.2,113728.8,113728.8,-507.9,1180.9,997.1,-15.52,69.47,32.05,285.6,0.0,0.0,0.0,0.0,138596.4,-507790.3,415403.0,0.778,1.431,895.2,-0.63602,-54.27965,0.0,0,-1.0,-1.0,-1.0,-1.0
1791147537.38,1703315.5,984.7,113708.5,113708.5,-508.1,1181.0,997.3,-15.52,69.47,32.06,285.59,0.0,0.0,0.0,0.0,138596.4,-507790.3,415403.0,0.778,1.431,895.2,-0.63609,-54.27689,0.0,0,-1.0,-1.0,-1.0,-1.0
1791147537.88,1703315.5,985.2,113708.5,113708.5,-508.1,1181.0,997.3,-15.52,69.47,32.06,285.59,0.0,0.0,0.0,0.0,138596.4,-507790.3,415403.0,0.778,1.431,895.2,-0.63609,-54.27689,0.0,0,-1.0,-1.0,-1.0,-1.0
1791147538.38,1703315.6,985.7,113627.1,113627.1,-509.0,1181.5,997.8,-15.51,69.47,32.06,285.58,0.0,0.0,0.0,0.0,138596.4,-507790.3,415403.0,0.778,1.431,895.2,-0.6364,-54.26587,0.0,0,-1.0,-1.0,-1.0,-1.0
1791147538.88,1703315.9,986.2,113484.4,113484.4,-510.4,1182.4,998.8,-15.48,69.48,32.07,285.56,0.0,0.0,0.0,0.0,138596.4,-507790.3,415403.0,0.778,1.431,895.2,-0.63693,-54.24658,0.0,0,-1.0,-1.0,-1.0,-1.0
1791147539.38,1703315.9,986.7,113484.4,113484.4,-510.4,1182.4,998.8,-15.48,69.48,32.07,285.56,0.0,0.0,0.0,0.0,138596.4,-507790.3,415403.0,0.778,1.431,895.2,-0.63693,-54.24658,0.0,0,-1.0,-1.0,-1.0,-1.0
1791147539.88,1703316.0,987.2,113464.0,113464.0,-510.7,1182.5,999.0,-15.48,69.48,32.07,285.55,0.0,0.0,0.0,0.0,138596.4,-507790.3,415403.0,0.778,1.431,895.2,-0.63701,-54.24382,0.0,0,-1.0,-1.0,-1.0,-1.0
1791147540.39,1703316.0,987.7,113464.0,113464.0,-510.7,1182.5,999.0,-15.48,69.48,32.07,285.55,0.0,0.0,0.0,0.0,138596.4,-507790.3,415403.0,0.778,1.431,895.2,-0.63701,-54.24382,0.0,0,-1.0,-1.0,-1.0,-1.0
1791147540.89,1703316.0,988.2,113443.5,113443.5,-510.9,1182.6,999.1,-15.48,69.48,32.07,285.55,0.0,0.0,0.0,0.0,138596.4,-507790.3,415403.0,0.778,1.431,895.2,-0.63709,-54.24106,0.0,0,-1.0,-1.0,-1.0,-1.0
1791147541.39,1703316.0,988.7,113443.5,113443.5,-510.9,1182.6,999.1,-15.48,69.48,32.07,285.55,0.0,0.0,0.0,0.0,138596.4,-507790.3,415403.0,0.778,1.431,895.2,-0.63709,-54.24106,0.0,0,-1.0,-1.0,-1.0,-1.0
1791147541.89,1703316.0,989.2,113423.1,113423.1,-511.1,1182.7,999.2,-15.47,69.48,32.07,285.55,0.0,0.0,0.0,0.0,138596.4,-507790.3,415403.0,0.778,1.431,895.2,-0.63716,-54.23831,0.0,0,-1.0,-1.0,-1.0,-1.0
1791147542.39,1703316.0,989.7,113423.1,113423.1,-511.1,1182.7,999.2,-15.47,69.48,32.07,285.55,0.0,0.0,0.0,0.0,138596.4,-507790.3,415403.0,0.778,1.431,895.2,-0.63716,-54.23831,0.0,0,-1.0,-1.0,-1.0,-1.0
1791147542.89,1703316.1,990.2,113402.6,113402.6,-511.3,1182.8,999.4,-15.47,69.48,32.08,285.54,0.0,0.0,0.0,0.0,138596.4,-507790.3,415403.0,0.778,1.431,895.2,-0.63724,-54.23555,0.0,0,-1.0,-1.0,-1.0,-1.0
1791147543.4,1703316.1,990.7,113402.6,113402.6,-511.3,1182.8,999.4,-15.47,69.48,32.08,285.54,0.0,0.0,0.0,0.0,138596.4,-507790.3,415403.0,0.778,1.431,895.2,-0.63724,-54.23555,0.0,0,-1.0,-1.0,-1.0,-1.0
1791147543.9,1703316.1,991.2,113382.2,113382.2,-511.5,1183.0,999.5,-15.47,69.48,32.08,285.54,0.0,0.0,0.0,0.0,138596.4,-507790.3,415403.0,0.778,1.431,895.2,-0.63732,-54.23279,0.0,0,-1.0,-1.0,-1.0,-1.0
1791147544.4,1703316.1,991.7,113382.2,113382.2,-511.5,1183.0,999.5,-15.47,69.48,32.08,285.54,0.0,0.0,0.0,0.0,138596.4,-507790.3,415403.0,0.778,1.431,895.2,-0.63732,-54.23279,0.0,0,-1.0,-1.0,-1.0,-1.0
1791147544.9,1703316.2,992.2,113361.7,113361.7,-511.7,1183.1,999.7,-15.46,69.48,32.08,285.54,0.0,0.0,0.0,0.0,138596.4,-507790.3,415403.0,0.778,1.431,895.2,-0.63739,-54.23003,0.0,0,-1.0,-1.0,-1.0,-1.0
1791147545.4,1703316.2,992.7,113361.7,113361.7,-511.7,1183.1,999.7,-15.46,69.48,32.08,285.54,0.0,0.0,0.0,0.0,138596.4,-507790.3,415403.0,0.778,1.431,895.2,-0.63739,-54.23003,0.0,0,-1.0,-1.0,-1.0,-1.0
1791147545.9,1703316.2,993.2,113341.3,113341.3,-511.9,1183.2,999.8,-15.46,69.48,32.08,285.53,0.0,0.0,0.0,0.0,138596.4,-507790.3,415403.0,0.778,1.431,895.2,-0.63747,-54.22727,0.0,0,-1.0,-1.0,-1.0,-1.0
1791147546.4,1703316.2,993.7,113341.3,113341.3,-511.9,1183.2,999.8,-15.46,69.48,32.08,285.53,0.0,0.0,0.0,0.0,138596.4,-507790.3,415403.0,0.778,1.431,895.2,-0.63747,-54.22727,0.0,0,-1.0,-1.0,-1.0,-1.0
1791147546.91,1703316.2,994.2,113320.8,113320.8,-512.2,1183.3,999.9,-15.46,69.48,32.08,285.53,0.0,0.0,0.0,0.0,138596.4,-507790.3,415403.0,0.778,1.431,895.2,-0.63755,-54.22452,0.0,0,-1.0,-1.0,-1.0,-1.0
1791147547.41,1703316.2,994.7,113320.8,113320.8,-512.2,1183.3,999.9,-15.46,69.48,32.08,285.53,0.0,0.0,0.0,0.0,138596.4,-507790.3,415403.0,0.778,1.431,895.2,-0.63755,-54.22452,0.0,0,-1.0,-1.0,-1.0,-1.0
1791147547.91,1703316.3,995.2,113300.3,113300.3,-512.4,1183.4,1000.1,-15.46,69.48,32.08,285.53,0.0,0.0,0.0,0.0,138596.4,-507790.3,415403.0,0.778,1.431,895.2,-0.63762,-54.22176,0.0,0,-1.0,-1.0,-1.0,-1.0
1791147548.41,1703316.3,995.7,113300.3,113300.3,-512.4,1183.4,1000.1,-15.46,69.48,32.08,285.53,0.0,0.0,0.0,0.0,138596.4,-507790.3,415403.0,0.778,1.431,895.2,-0.63762,-54.22176,0.0,0,-1.0,-1.0,-1.0,-1.0
1791147548.91,1703316.3,996.2,113279.8,113279.8,-512.6,1183.6,1000.2,-15.45,69.48,32.08,285.52,0.0,0.0,0.0,0.0,138596.4,-507790.3,415403.0,0.778,1.431,895.2,-0.6377,-54.219,0.0,0,-1.0,-1.0,-1.0,-1.0
1791147549.41,1703316.3,996.7,113279.8,113279.8,-512.6,1183.6,1000.2,-15.45,69.48,32.08,285.52,0.0,0.0,0.0,0.0,138596.4,-507790.3,415403.0,0.778,1.431,895.2,-0.6377,-54.219,0.0,0,-1.0,-1.0,-1.0,-1.0
1791147549.91,1703316.4,997.2,113259.3,113259.3,-512.8,1183.7,1000.4,-15.45,69.48,32.08,285.52,0.0,0.0,0.0,0.0,138596.4,-507790.3,415403.0,0.778,1.431,895.2,-0.63778,-54.21624,0.0,0,-1.0,-1.0,-1.0,-1.0
1791147550.42,1703316.4,997.7,113259.3,113259.3,-512.8,1183.7,1000.4,-15.45,69.48,32.08,285.52,0.0,0.0,0.0,0.0,138596.4,-507790.3,415403.0,0.778,1.431,895.2,-0.63778,-54.21624,0.0,0,-1.0,-1.0,-1.0,-1.0
1791147550.92,1703316.4,998.2,113238.8,113238.8,-513.0,1183.8,1000.5,-15.45,69.48,32.09,285.52,0.0,0.0,0.0,0.0,138596.4,-507790.3,415403.0,0.778,1.431,895.2,-0.63785,-54.21348,0.0,0,-1.0,-1.0,-1.0,-1.0
1791147551.42,1703316.4,998.7,113238.8,113238.8,-513.0,1183.8,1000.5,-15.45,69.48,32.09,285.52,0.0,0.0,0.0,0.0,138596.4,-507790.3,415403.0,0.778,1.431,895.2,-0.63785,-54.21348,0.0,0,-1.0,-1.0,-1.0,-1.0
1791147551.92,1703316.4,999.2,113218.2,113218.2,-513.2,1183.9,1000.7,-15.44,69.48,32.09,285.51,0.0,0.0,0.0,0.0,138596.4,-507790.3,415403.0,0.778,1.431,895.2,-0.63793,-54.21072,0.0,0,-1.0,-1.0,-1.0,-1.0
1791147552.42,1703316.4,999.8,113218.2,113218.2,-513.2,1183.9,1000.7,-15.44,69.48,32.09,285.51,0.0,0.0,0.0,0.0,138596.4,-507790.3,415403.0,0.778,1.431,895.2,-0.63793,-54.21072,0.0,0,-1.0,-1.0,-1.0,-1.0
1791147552.92,1703316.5,1000.3,113197.7,113197.7,-513.4,1184.0,1000.8,-15.44,69.48,32.09,285.51,0.0,0.0,0.0,0.0,138596.4,-507790.3,415403.0,0.778,1.431,895.2,-0.63801,-54.20796,0.0,0,-1.0,-1.0,-1.0,-1.0
1791147553.42,1703316.5,1000.8,113197.7,113197.7,-513.4,1184.0,1000.8,-15.44,69.48,32.09,285.51,0.0,0.0,0.0,0.0,138596.4,-507790.3,415403.0,0.778,1.431,895.2,-0.63801,-54.20796,0.0,0,-1.0,-1.0,-1.0,-1.0
1791147553.93,1703316.5,1001.3,113177.2,113177.2,-513.7,1184.2,1000.9,-15.44,69.48,32.09,285.51,0.0,0.0,0.0,0.0,138596.4,-507790.3,415403.0,0.778,1.431,895.2,-0.63808,-54.2052,0.0,0,-1.0,-1.0,-1.0,-1.0
1791147554.43,1703316.5,1001.8,113177.2,113177.2,-513.7,1184.2,1000.9,-15.44,69.48,32.09,285.51,0.0,0.0,0.0,0.0,138596.4,-507790.3,415403.0,0.778,1.431,895.2,-0.63808,-54.2052,0.0,0,-1.0,-1.0,-1.0,-1.0
1791147554.93,1703316.6,1002.3,113156.6,113156.6,-513.9,1184.3,1001.1,-15.43,69.48,32.09,285.5,0.0,0.0,0.0,0.0,138596.4,-507790.3,415403.0,0.778,1.431,895.2,-0.63816,-54.20244,0.0,0,-1.0,-1.0,-1.0,-1.0
1791147555.43,1703316.6,1002.8,113156.6,113156.6,-513.9,1184.3,1001.1,-15.43,69.48,32.09,285.5,0.0,0.0,0.0,0.0,138596.4,-507790.3,415403.0,0.778,1.431,895.2,-0.63816,-54.20244,0.0,0,-1.0,-1.0,-1.0,-1.0
1791147555.93,1703316.6,1003.3,113136.0,113136.0,-514.1,1184.4,1001.2,-15.43,69.48,32.09,285.5,0.0,0.0,0.0,0.0,138596.4,-507790.3,415403.0,0.778,1.431,895.2,-0.63824,-54.19968,0.0,0,-1.0,-1.0,-1.0,-1.0
1791147556.43,1703316.6,1003.8,113136.0,113136.0,-514.1,1184.4,1001.2,-15.43,69.48,32.09,285.5,0.0,0.0,0.0,0.0,138596.4,-507790.3,415403.0,0.778,1.431,895.2,-0.63824,-54.19968,0.0,0,-1.0,-1.0,-1.0,-1.0
1791147556.93,1703316.6,1004.3,113115.5,113115.5,-514.3,1184.5,1001.4,-15.43,69.48,32.09,285.5,0.0,0.0,0.0,0.0,138596.4,-507790.3,415403.0,0.778,1.431,895.2,-0.63831,-54.19692,0.0,0,-1.0,-1.0,-1.0,-1.0
1791147557.44,1703317.0,1004.8,112919.7,112919.7,-516.3,1185.7,1002.7,-15.4,69.48,32.11,285.46,0.0,0.0,0.0,0.0,138596.4,-507790.3,415403.0,0.778,1.431,895.2,-0.63904,-54.17069,0.0,0,-1.0,-1.0,-1.0,-1.0
1791147557.94,1703317.5,1005.3,112660.8,112660.8,-519.0,1187.2,1004.5,-15.36,69.49,32.12,285.42,0.0,0.0,0.0,0.0,138596.4,-507790.3,415403.0,0.778,1.431,895.2,-0.64,-54.13614,0.0,0,-1.0,-1.0,-1.0,-1.0
1791147558.44,1703318.0,1005.8,112400.7,112400.7,-521.7,1188.7,1006.3,-15.32,69.49,32.14,285.38,0.0,0.0,0.0,0.0,138596.4,-507790.3,415403.0,0.778,1.431,895.2,-0.64096,-54.10157,0.0,0,-1.0,-1.0,-1.0,-1.0
1791147558.94,1703318.5,1006.3,112139.1,112139.1,-524.4,1190.2,1008.1,-15.28,69.5,32.16,285.33,0.0,0.0,0.0,0.0,138596.4,-507790.3,415403.0,0.778,1.431,895.2,-0.64192,-54.06696,0.0,0,-1.0,-1.0,-1.0,-1.0
1791147559.44,1703319.0,1006.8,111876.3,111876.3,-527.0,1191.8,1009.9,-15.24,69.5,32.17,285.29,0.0,0.0,0.0,0.0,138596.4,-507790.3,415403.0,0.778,1.431,895.2,-0.64288,-54.03232,0.0,0,-1.0,-1.0,-1.0,-1.0
1791147559.95,1703319.5,1007.3,111612.1,111612.1,-529.7,1193.3,1011.7,-15.2,69.5,32.19,285.25,0.0,0.0,0.0,0.0,138596.4,-507790.3,415403.0,0.778,1.431,895.2,-0.64384,-53.99765,0.0,0,-1.0,-1.0,-1.0,-1.0
1791147560.45,1703320.0,1007.8,111346.6,111346.6,-532.4,1194.9,1013.5,-15.16,69.51,32.21,285.2,0.0,0.0,0.0,0.0,138596.4,-507790.3,415403.0,0.778,1.431,895.2,-0.6448,-53.96295,0.0,0,-1.0,-1.0,-1.0,-1.0
1791147560.95,1703320.5,1008.3,111090.4,111090.4,-535.0,1196.4,1015.2,-15.12,69.51,32.22,285.16,0.0,0.0,0.0,0.0,138596.4,-507790.3,415403.0,0.778,1.431,895.2,-0.64572,-53.9296,0.0,0,-1.0,-1.0,-1.0,-1.0
1791147561.45,1703321.0,1008.8,110811.5,110811.5,-537.8,1198.0,1017.1,-15.08,69.52,32.24,285.12,0.0,0.0,0.0,0.0,138596.4,-507790.3,415403.0,0.778,1.431,895.2,-0.64672,-53.89345,0.0,0,-1.0,-1.0,-1.0,-1.0
1791147561.96,1703321.5,1009.3,110541.9,110541.9,-540.5,1199.6,1019.0,-15.04,69.52,32.26,285.08,0.0,0.0,0.0,0.0,138596.4,-507790.3,415403.0,0.778,1.431,895.2,-0.64768,-53.85865,0.0,0,-1.0,-1.0,-1.0,-1.0
1791147562.46,1703321.9,1009.8,110325.3,110325.3,-542.6,1200.8,1020.4,-15.0,69.52,32.27,285.04,0.0,0.0,0.0,0.0,138596.4,-507790.3,415403.0,0.778,1.431,895.2,-0.64845,-53.83078,0.0,0,-1.0,-1.0,-1.0,-1.0
1791147562.96,1703322.4,1010.3,110042.4,110042.4,-545.4,1202.5,1022.4,-14.96,69.53,32.29,285.0,0.0,0.0,0.0,0.0,138596.4,-507790.3,415403.0,0.778,1.431,895.2,-0.64945,-53.79453,0.0,0,-1.0,-1.0,-1.0,-1.0
1791147563.46,1703322.9,1010.8,109769.0,109769.0,-548.1,1204.1,1024.2,-14.92,69.53,32.3,284.95,0.0,0.0,0.0,0.0,138596.4,-507790.3,415403.0,0.778,1.431,895.2,-0.65042,-53.75964,0.0,0,-1.0,-1.0,-1.0,-1.0
1791147563.96,1703323.4,1011.3,109494.3,109494.3,-550.8,1205.7,1026.1,-14.88,69.53,32.32,284.91,0.0,0.0,0.0,0.0,138596.4,-507790.3,415403.0,0.778,1.431,895.2,-0.65138,-53.72471,0.0,0,-1.0,-1.0,-1.0,-1.0
1791147564.46,1703323.9,1011.8,109218.2,109218.2,-553.5,1207.3,1027.9,-14.84,69.54,32.34,284.87,0.0,0.0,0.0,0.0,138596.4,-507790.3,415403.0,0.778,1.431,895.2,-0.65234,-53.68975,0.0,0,-1.0,-1.0,-1.0,-1.0
1791147564.97,1703324.4,1012.3,108940.8,108940.8,-556.2,1208.9,1029.8,-14.8,69.54,32.35,284.82,0.0,0.0,0.0,0.0,138596.4,-507790.3,415403.0,0.778,1.431,895.2,-0.65331,-53.65475,0.0,0,-1.0,-1.0,-1.0,-1.0
1791147565.47,1703324.9,1012.8,108662.0,108662.0,-558.9,1210.5,1031.7,-14.76,69.54,32.37,284.78,0.0,0.0,0.0,0.0,138596.4,-507790.3,415403.0,0.778,1.431,895.2,-0.65427,-53.61972,0.0,0,-1.0,-1.0,-1.0,-1.0
1791147565.97,1703325.4,1013.3,108381.8,108381.8,-561.6,1212.1,1033.6,-14.72,69.55,32.39,284.74,0.0,0.0,0.0,0.0,138596.4,-507790.3,415403.0,0.778,1.431,895.2,-0.65523,-53.58466,0.0,0,-1.0,-1.0,-1.0,-1.0
1791147566.47,1703325.9,1013.8,108100.3,108100.4,-564.3,1213.8,1035.5,-14.68,69.55,32.4,284.69,0.0,0.0,0.0,0.0,138596.4,-507790.3,415403.0,0.778,1.431,895.2,-0.6562,-53.54956,0.0,0,-1.0,-1.0,-1.0,-1.0
1791147566.97,1703326.4,1014.3,107817.5,107817.5,-567.0,1215.4,1037.4,-14.64,69.56,32.42,284.65,0.0,0.0,0.0,0.0,138596.4,-507790.3,415403.0,0.778,1.431,895.2,-0.65716,-53.51443,0.0,0,-1.0,-1.0,-1.0,-1.0
1791147567.47,1703326.9,1014.8,107533.3,107533.3,-569.7,1217.1,1039.3,-14.6,69.56,32.44,284.61,0.0,0.0,0.0,0.0,138596.4,-507790.3,415403.0,0.778,1.431,895.2,-0.65813,-53.47926,0.0,0,-1.0,-1.0,-1.0,-1.0
1791147567.97,1703327.4,1015.3,107247.8,107247.8,-572.5,1218.7,1041.2,-14.56,69.56,32.45,284.56,0.0,0.0,0.0,0.0,138596.4,-507790.3,415403.0,0.778,1.431,895.2,-0.6591,-53.44406,0.0,0,-1.0,-1.0,-1.0,-1.0
1791147568.47,1703327.9,1015.8,106960.9,106960.9,-575.2,1220.4,1043.2,-14.52,69.57,32.47,284.52,0.0,0.0,0.0,0.0,138596.4,-507790.3,415403.0,0.778,1.431,895.2,-0.66006,-53.40882,0.0,0,-1.0,-1.0,-1.0,-1.0
1791147568.98,1703328.4,1016.3,106672.6,106672.6,-577.9,1222.0,1045.1,-14.48,69.57,32.49,284.47,0.0,0.0,0.0,0.0,138596.4,-507790.3,415403.0,0.778,1.431,895.2,-0.66103,-53.37355,0.0,0,-1.0,-1.0,-1.0,-1.0
1791147569.48,1703329.0,1016.8,106383.0,106383.0,-580.6,1223.7,1047.0,-14.44,69.57,32.5,284.43,0.0,0.0,0.0,0.0,138596.4,-507790.3,415403.0,0.778,1.431,895.2,-0.662,-53.33824,0.0,0,-1.0,-1.0,-1.0,-1.0
1791147569.98,1703329.5,1017.3,106092.0,106092.0,-583.3,1225.4,1049.0,-14.4,69.58,32.52,284.39,0.0,0.0,0.0,0.0,138596.4,-507790.3,415403.0,0.778,1.431,895.2,-0.66296,-53.3029,0.0,0,-1.0,-1.0,-1.0,-1.0
1791147570.48,1703330.0,1017.8,105799.7,105799.7,-586.0,1227.1,1051.0,-14.35,69.58,32.54,284.34,0.0,0.0,0.0,0.0,138596.4,-507790.3,415403.0,0.778,1.431,895.2,-0.66393,-53.26752,0.0,0,-1.0,-1.0,-1.0,-1.0
1791147570.98,1703330.5,1018.3,105494.2,105494.2,-588.9,1228.9,1053.0,-14.31,69.59,32.55,284.3,0.0,0.0,0.0,0.0,138596.4,-507790.3,415403.0,0.778,1.431,895.2,-0.66494,-53.23068,0.0,0,-1.0,-1.0,-1.0,-1.0
1791147571.49,1703331.0,1018.8,105199.1,105199.1,-591.6,1230.6,1055.0,-14.27,69.59,32.57,284.25,0.0,0.0,0.0,0.0,138596.4,-507790.3,415403.0,0.778,1.431,895.2,-0.66591,-53.19523,0.0,0,-1.0,-1.0,-1.0,-1.0
1791147571.99,1703331.5,1019.3,104902.6,104902.6,-594.3,1232.3,1056.9,-14.23,69.59,32.59,284.21,0.0,0.0,0.0,0.0,138596.4,-507790.3,415403.0,0.778,1.431,895.2,-0.66688,-53.15974,0.0,0,-1.0,-1.0,-1.0,-1.0
1791147572.49,1703332.0,1019.8,104604.8,104604.8,-597.0,1234.0,1058.9,-14.19,69.6,32.6,284.17,0.0,0.0,0.0,0.0,138596.4,-507790.3,415403.0,0.778,1.431,895.2,-0.66785,-53.12421,0.0,0,-1.0,-1.0,-1.0,-1.0
1791147572.99,1703332.5,1020.3,104305.5,104305.5,-599.8,1235.7,1060.9,-14.15,69.6,32.62,284.12,0.0,0.0,0.0,0.0,138596.4,-507790.3,415403.0,0.778,1.431,895.2,-0.66882,-53.08864,0.0,0,-1.0,-1.0,-1.0,-1.0
1791147573.49,1703333.0,1020.8,104005.0,104005.0,-602.5,1237.4,1062.9,-14.11,69.6,32.64,284.08,0.0,0.0,0.0,0.0,138596.4,-507790.3,415403.0,0.778,1.431,895.2,-0.66979,-53.05304,0.0,0,-1.0,-1.0,-1.0,-1.0
1791147573.99,1703333.5,1021.3,103703.0,103703.0,-605.2,1239.2,1064.9,-14.07,69.61,32.65,284.04,0.0,0.0,0.0,0.0,138596.4,-507790.3,415403.0,0.778,1.431,895.2,-0.67076,-53.0174,0.0,0,-1.0,-1.0,-1.0,-1.0
1791147574.49,1703334.0,1021.8,103399.7,103399.7,-608.0,1240.9,1066.9,-14.03,69.61,32.67,283.99,0.0,0.0,0.0,0.0,138596.4,-507790.3,415403.0,0.778,1.431,895.2,-0.67173,-52.98172,0.0,0,-1.0,-1.0,-1.0,-1.0
1791147575.0,1703334.5,1022.3,103095.1,103095.1,-610.7,1242.7,1069.0,-13.99,69.61,32.69,283.95,0.0,0.0,0.0,0.0,138596.4,-507790.3,415403.0,0.778,1.431,895.2,-0.6727,-52.946,0.0,0,-1.0,-1.0,-1.0,-1.0
1791147575.5,1703335.0,1022.8,102776.7,102776.7,-613.6,1244.5,1071.1,-13.94,69.62,32.7,283.9,0.0,0.0,0.0,0.0,138596.4,-507790.3,415403.0,0.778,1.431,895.2,-0.67371,-52.90881,0.0,0,-1.0,-1.0,-1.0,-1.0
1791147576.0,1703335.5,1023.3,102469.3,102469.3,-616.3,1246.3,1073.1,-13.9,69.62,32.72,283.86,0.0,0.0,0.0,0.0,138596.4,-507790.3,415403.0,0.778,1.431,895.2,-0.67469,-52.87302,0.0,0,-1.0,-1.0,-1.0,-1.0
1791147576.5,1703336.0,1023.8,102160.4,102160.4,-619.1,1248.0,1075.1,-13.86,69.62,32.74,283.81,0.0,0.0,0.0,0.0,138596.4,-507790.3,415403.0,0.778,1.431,895.2,-0.67566,-52.83718,0.0,0,-1.0,-1.0,-1.0,-1.0
1791147577.01,1703336.5,1024.3,101850.2,101850.2,-621.8,1249.8,1077.2,-13.82,69.63,32.75,283.77,0.0,0.0,0.0,0.0,138596.4,-507790.3,415403.0,0.778,1.431,895.2,-0.67663,-52.80131,0.0,0,-1.0,-1.0,-1.0,-1.0
1791147577.54,1703337.0,1024.9,101551.1,101551.1,-624.4,1251.5,1079.2,-13.78,69.63,32.77,283.73,0.0,0.0,0.0,0.0,138596.4,-507790.3,415403.0,0.778,1.431,895.2,-0.67757,-52.76683,0.0,0,-1.0,-1.0,-1.0,-1.0
1791147578.04,1703337.5,1025.4,101225.7,101225.7,-627.3,1253.4,1081.3,-13.74,69.64,32.79,283.68,0.0,0.0,0.0,0.0,138596.4,-507790.3,415403.0,0.778,1.431,895.2,-0.67858,-52.72945,0.0,0,-1.0,-1.0,-1.0,-1.0
1791147578.54,1703338.0,1025.9,100911.3,100911.3,-630.1,1255.2,1083.4,-13.7,69.64,32.8,283.64,0.0,0.0,0.0,0.0,138596.4,-507790.3,415403.0,0.778,1.431,895.2,-0.67956,-52.69345,0.0,0,-1.0,-1.0,-1.0,-1.0
1791147579.04,1703338.5,1026.4,100595.6,100595.6,-632.8,1257.0,1085.5,-13.66,69.64,32.82,283.59,0.0,0.0,0.0,0.0,138596.4,-507790.3,415403.0,0.778,1.431,895.2,-0.68053,-52.65742,0.0,0,-1.0,-1.0,-1.0,-1.0
1791147579.55,1703339.0,1026.9,100278.5,100278.5,-635.6,1258.8,1087.5,-13.62,69.65,32.84,283.55,0.0,0.0,0.0,0.0,138596.4,-507790.3,415403.0,0.778,1.431,895.2,-0.68151,-52.62135,0.0,0,-1.0,-1.0,-1.0,-1.0
1791147580.05,1703339.5,1027.4,99947.3,-1.0,-638.3,1260.6,1089.6,-13.57,69.65,32.86,283.5,0.0,0.0,0.0,0.03,138597.7,-507791.8,415402.9,0.778,1.431,895.2,-0.68252,-52.58413,0.0,0,-1.0,-1.0,-1.0,-1.0
1791147580.55,1703340.0,1027.9,99627.4,99627.4,-641.2,1262.6,1091.8,-13.54,69.65,32.87,283.46,0.0,0.0,0.0,0.0,138597.7,-507791.8,415402.9,0.778,1.431,895.2,-0.6835,-52.54797,0.0,0,-1.0,-1.0,-1.0,-1.0
1791147581.05,1703340.5,1028.4,99306.1,99306.1,-644.0,1264.4,1093.9,-13.51,69.65,32.88,283.41,0.0,0.0,0.0,0.0,138597.7,-507791.8,415402.9,0.778,1.431,895.2,-0.68448,-52.51178,0.0,0,-1.0,-1.0,-1.0,-1.0
1791147581.55,1703341.0,1028.9,98983.4,98983.4,-646.7,1266.2,1096.0,-13.47,69.66,32.9,283.37,0.0,0.0,0.0,0.0,138597.7,-507791.8,415402.9,0.778,1.431,895.2,-0.68546,-52.47554,0.0,0,-1.0,-1.0,-1.0,-1.0
1791147582.06,1703341.5,1029.4,98659.4,98659.4,-649.5,1268.1,1098.1,-13.44,69.66,32.91,283.32,0.0,0.0,0.0,0.0,138597.7,-507791.8,415402.9,0.778,1.431,895.2,-0.68643,-52.43927,0.0,0,-1.0,-1.0,-1.0,-1.0
1791147582.56,1703342.0,1029.9,98333.9,98333.9,-652.3,1269.9,1100.3,-13.41,69.66,32.93,283.28,0.0,0.0,0.0,0.0,138597.7,-507791.8,415402.9,0.778,1.431,895.2,-0.68741,-52.40295,0.0,0,-1.0,-1.0,-1.0,-1.0
1791147583.06,1703342.5,1030.4,98007.1,98007.1,-655.0,1271.8,1102.4,-13.37,69.67,32.94,283.23,0.0,0.0,0.0,0.0,138597.7,-507791.8,415402.9,0.778,1.431,895.2,-0.68839,-52.36659,0.0,0,-1.0,-1.0,-1.0,-1.0
1791147583.56,1703343.0,1030.9,97678.9,97678.9,-657.8,1273.7,1104.5,-13.34,69.67,32.95,283.19,0.0,0.0,0.0,0.0,138597.7,-507791.8,415402.9,0.778,1.431,895.2,-0.68937,-52.33018,0.0,0,-1.0,-1.0,-1.0,-1.0
1791147584.07,1703343.5,1031.4,97336.0,97336.0,-660.7,1275.6,1106.8,-13.3,69.67,32.97,283.14,0.0,0.0,0.0,0.0,138597.6,-507791.8,415402.9,0.778,1.431,895.2,-0.69039,-52.29228,0.0,0,-1.0,-1.0,-1.0,-1.0
1791147584.57,1703344.0,1031.9,97005.0,97005.0,-663.5,1277.5,1108.9,-13.27,69.67,32.98,283.1,0.0,0.0,0.0,0.0,138597.6,-507791.8,415402.9,0.778,1.431,895.2,-0.69137,-52.25579,0.0,0,-1.0,-1.0,-1.0,-1.0
1791147585.07,1703344.4,1032.4,96739.1,96739.1,-665.7,1279.0,1110.7,-13.24,69.68,32.99,283.06,0.0,0.0,0.0,0.0,138597.6,-507791.8,415402.9,0.778,1.431,895.2,-0.69216,-52.22657,0.0,0,-1.0,-1.0,-1.0,-1.0
1791147585.57,1703344.9,1032.9,96405.6,96405.6,-668.5,1280.9,1112.8,-13.21,69.68,33.01,283.02,0.0,0.0,0.0,0.0,138597.6,-507791.8,415402.9,0.778,1.431,895.2,-0.69314,-52.19,0.0,0,-1.0,-1.0,-1.0,-1.0
1791147586.08,1703345.4,1033.4,96070.6,96070.6,-671.3,1282.8,1115.0,-13.17,69.68,33.02,282.97,0.0,0.0,0.0,0.0,138597.6,-507791.8,415402.9,0.778,1.431,895.2,-0.69412,-52.1534,0.0,0,-1.0,-1.0,-1.0,-1.0
1791147586.58,1703345.9,1033.9,95734.3,95734.3,-674.1,1284.7,1117.2,-13.14,69.69,33.04,282.93,0.0,0.0,0.0,0.0,138597.6,-507791.8,415402.9,0.778,1.431,895.2,-0.69511,-52.11674,0.0,0,-1.0,-1.0,-1.0,-1.0
1791147587.08,1703346.4,1034.4,95396.6,95396.6,-676.9,1286.6,1119.4,-13.1,69.69,33.05,282.88,0.0,0.0,0.0,0.0,138597.6,-507791.8,415402.9,0.778,1.431,895.2,-0.69613,-52.07858,0.0,0,-1.0,-1.0,-1.0,-1.0
1791147587.58,1703346.9,1034.9,95043.8,95043.8,-679.8,1288.6,1121.6,-13.07,69.69,33.06,282.83,0.0,0.0,0.0,0.0,138597.6,-507791.8,415402.9,0.778,1.431,895.2,-0.69711,-52.04184,0.0,0,-1.0,-1.0,-1.0,-1.0
1791147588.08,1703347.4,1035.4,94703.3,94703.3,-682.5,1290.6,1123.8,-13.04,69.69,33.08,282.79,0.0,0.0,0.0,0.0,138597.6,-507791.8,415402.9,0.778,1.431,895.2,-0.6981,-52.00505,0.0,0,-1.0,-1.0,-1.0,-1.0
1791147588.59,1703347.9,1035.9,94375.0,94375.0,-685.2,1292.4,1126.0,-13.0,69.7,33.09,282.74,0.0,0.0,0.0,0.0,138597.6,-507791.8,415402.9,0.778,1.431,895.2,-0.69904,-51.96969,0.0,0,-1.0,-1.0,-1.0,-1.0
1791147589.09,1703348.4,1036.4,94017.9,94017.9,-688.1,1294.5,1128.3,-12.97,69.7,33.11,282.7,0.0,0.0,0.0,0.0,138597.6,-507791.8,415402.9,0.778,1.431,895.2,-0.70007,-51.93135,0.0,0,-1.0,-1.0,-1.0,-1.0
1791147589.59,1703348.9,1036.9,93673.1,93673.1,-690.9,1296.4,1130.5,-12.93,69.7,33.12,282.65,0.0,0.0,0.0,0.0,138597.6,-507791.8,415402.9,0.778,1.431,895.2,-0.70105,-51.89443,0.0,0,-1.0,-1.0,-1.0,-1.0
1791147590.1,1703349.4,1037.4,93327.0,93327.0,-693.7,1298.4,1132.7,-12.9,69.7,33.13,282.61,0.0,0.0,0.0,0.0,138597.6,-507791.8,415402.9,0.778,1.431,895.2,-0.70204,-51.85746,0.0,0,-1.0,-1.0,-1.0,-1.0
1791147590.6,1703349.9,1037.9,92979.4,92979.4,-696.6,1300.3,1135.0,-12.86,69.71,33.15,282.56,0.0,0.0,0.0,0.0,138597.6,-507791.8,415402.9,0.778,1.431,895.2,-0.70303,-51.82045,0.0,0,-1.0,-1.0,-1.0,-1.0
1791147591.1,1703350.5,1038.4,92616.4,92616.4,-699.5,1302.4,1137.3,-12.83,69.71,33.16,282.52,0.0,0.0,0.0,0.0,138597.6,-507791.8,415402.9,0.778,1.431,895.2,-0.70406,-51.78191,0.0,0,-1.0,-1.0,-1.0,-1.0
1791147591.6,1703350.9,1038.9,92280.0,92280.0,-702.2,1304.3,1139.4,-12.8,69.71,33.18,282.47,0.0,0.0,0.0,0.0,138597.6,-507791.8,415402.9,0.778,1.431,895.2,-0.705,-51.74629,0.0,0,-1.0,-1.0,-1.0,-1.0
1791147592.1,1703351.4,1039.4,91928.2,91928.2,-705.0,1306.3,1141.7,-12.76,69.71,33.19,282.43,0.0,0.0,0.0,0.0,138597.6,-507791.8,415402.9,0.778,1.431,895.2,-0.70599,-51.70915,0.0,0,-1.0,-1.0,-1.0,-1.0
1791147592.61,1703351.9,1039.9,91575.0,91575.0,-707.8,1308.3,1144.0,-12.73,69.72,33.2,282.38,0.0,0.0,0.0,0.0,138597.6,-507791.8,415402.9,0.778,1.431,895.2,-0.70698,-51.67195,0.0,0,-1.0,-1.0,-1.0,-1.0
1791147593.11,1703352.4,1040.4,91220.4,91220.4,-710.6,1310.3,1146.2,-12.69,69.72,33.22,282.34,0.0,0.0,0.0,0.0,138597.6,-507791.8,415402.9,0.778,1.431,895.2,-0.70797,-51.63471,0.0,0,-1.0,-1.0,-1.0,-1.0
1791147593.61,1703352.9,1040.9,90864.4,90864.4,-713.4,1312.3,1148.5,-12.66,69.72,33.23,282.29,0.0,0.0,0.0,0.0,138597.5,-507791.8,415402.9,0.778,1.431,895.2,-0.70896,-51.59742,0.0,0,-1.0,-1.0,-1.0,-1.0
1791147594.11,1703353.4,1041.4,90507.0,90507.0,-716.3,1314.3,1150.8,-12.62,69.73,33.25,282.24,0.0,0.0,0.0,0.0,138597.5,-507791.8,415402.9,0.778,1.431,895.2,-0.70996,-51.56009,0.0,0,-1.0,-1.0,-1.0,-1.0
1791147594.61,1703353.9,1041.9,90148.1,90148.1,-719.1,1316.3,1153.1,-12.59,69.73,33.26,282.2,0.0,0.0,0.0,0.0,138597.5,-507791.8,415402.9,0.778,1.431,895.2,-0.71095,-51.5227,0.0,0,-1.0,-1.0,-1.0,-1.0
1791147595.11,1703354.4,1042.4,89860.0,89860.0,-721.4,1317.9,1154.9,-12.56,69.73,33.27,282.16,0.0,0.0,0.0,0.0,138597.5,-507791.8,415402.9,0.778,1.431,895.2,-0.71174,-51.49276,0.0,0,-1.0,-1.0,-1.0,-1.0
1791147595.62,1703354.9,1042.9,89484.2,89484.2,-724.3,1320.1,1157.3,-12.52,69.73,33.29,282.11,0.0,0.0,0.0,0.0,138597.5,-507791.8,415402.9,0.778,1.431,895.2,-0.71277,-51.4538,0.0,0,-1.0,-1.0,-1.0,-1.0
1791147596.12,1703355.4,1043.4,89121.3,89121.3,-727.1,1322.1,1159.6,-12.49,69.74,33.3,282.07,0.0,0.0,0.0,0.0,138597.5,-507791.8,415402.9,0.778,1.431,895.2,-0.71377,-51.41628,0.0,0,-1.0,-1.0,-1.0,-1.0
1791147596.62,1703355.9,1043.9,88757.0,88757.0,-730.0,1324.1,1161.9,-12.45,69.74,33.32,282.02,0.0,0.0,0.0,0.0,138597.5,-507791.8,415402.9,0.778,1.431,895.2,-0.71476,-51.37871,0.0,0,-1.0,-1.0,-1.0,-1.0
1791147597.12,1703356.4,1044.5,88391.4,88391.4,-732.8,1326.2,1164.3,-12.42,69.74,33.33,281.98,0.0,0.0,0.0,0.0,138597.5,-507791.8,415402.9,0.778,1.431,895.2,-0.71576,-51.34109,0.0,0,-1.0,-1.0,-1.0,-1.0
1791147597.62,1703356.9,1045.0,88024.2,88024.2,-735.6,1328.3,1166.6,-12.38,69.74,33.34,281.93,0.0,0.0,0.0,0.0,138597.5,-507791.8,415402.9,0.778,1.431,895.2,-0.71675,-51.30343,0.0,0,-1.0,-1.0,-1.0,-1.0
1791147598.12,1703357.4,1045.5,87655.7,87655.7,-738.5,1330.3,1168.9,-12.35,69.75,33.36,281.89,0.0,0.0,0.0,0.0,138597.5,-507791.8,415402.9,0.778,1.431,895.2,-0.71775,-51.26571,0.0,0,-1.0,-1.0,-1.0,-1.0
1791147598.63,1703357.9,1046.0,87285.8,87285.8,-741.3,1332.4,1171.3,-12.31,69.75,33.37,281.84,0.0,0.0,0.0,0.0,138597.5,-507791.8,415402.9,0.778,1.431,895.2,-0.71874,-51.22795,0.0,0,-1.0,-1.0,-1.0,-1.0
1791147599.13,1703358.4,1046.5,86914.4,86914.4,-744.2,1334.5,1173.6,-12.28,69.75,33.39,281.79,0.0,0.0,0.0,0.0,138597.5,-507791.8,415402.9,0.778,1.431,895.2,-0.71974,-51.19014,0.0,0,-1.0,-1.0,-1.0,-1.0
1791147599.63,1703358.9,1047.0,86541.6,86541.6,-747.0,1336.6,1176.0,-12.24,69.75,33.4,281.74,0.0,0.0,0.0,0.0,138597.5,-507791.8,415402.9,0.778,1.431,895.2,-0.72074,-51.15227,0.0,0,-1.0,-1.0,-1.0,-1.0
1791147600.13,1703359.4,1047.5,86152.4,86152.4,-750.0,1338.8,1178.4,-12.21,69.76,33.42,281.7,0.0,0.0,0.0,0.0,138597.5,-507791.8,415402.9,0.778,1.431,895.2,-0.72178,-51.11284,0.0,0,-1.0,-1.0,-1.0,-1.0
1791147600.64,1703359.9,1048.0,85776.6,85776.6,-752.8,1340.9,1180.8,-12.17,69.76,33.43,281.65,0.0,0.0,0.0,0.0,138597.5,-507791.8,415402.9,0.778,1.431,895.2,-0.72277,-51.07488,0.0,0,-1.0,-1.0,-1.0,-1.0
1791147601.14,1703360.4,1048.5,85399.5,85399.5,-755.7,1343.0,1183.2,-12.14,69.76,33.45,281.61,0.0,0.0,0.0,0.0,138597.5,-507791.8,415402.9,0.778,1.431,895.2,-0.72377,-51.03686,0.0,0,-1.0,-1.0,-1.0,-1.0
1791147601.64,1703360.9,1049.0,85020.9,85020.9,-758.6,1345.1,1185.6,-12.1,69.76,33.46,281.56,0.0,0.0,0.0,0.0,138597.5,-507791.8,415402.8,0.778,1.431,895.2,-0.72477,-50.99879,0.0,0,-1.0,-1.0,-1.0,-1.0
1791147602.14,1703361.4,1049.5,84640.9,84640.9,-761.4,1347.2,1188.0,-12.07,69.77,33.47,281.51,0.0,0.0,0.0,0.0,138597.5,-507791.8,415402.8,0.778,1.431,895.2,-0.72578,-50.96067,0.0,0,-1.0,-1.0,-1.0,-1.0
1791147602.64,1703361.9,1050.0,84244.2,84244.2,-764.4,1349.4,1190.5,-12.03,69.77,33.49,281.46,0.0,0.0,0.0,0.0,138597.5,-507791.8,415402.8,0.778,1.431,895.2,-0.72682,-50.92097,0.0,0,-1.0,-1.0,-1.0,-1.0
1791147603.14,1703362.4,1050.5,83876.6,83876.6,-767.2,1351.5,1192.8,-12.0,69.77,33.5,281.42,0.0,0.0,0.0,0.0,138597.5,-507791.8,415402.8,0.778,1.431,895.2,-0.72778,-50.88427,0.0,0,-1.0,-1.0,-1.0,-1.0
1791147603.65,1703362.9,1051.0,83492.3,83492.3,-770.0,1353.6,1195.2,-11.96,69.77,33.52,281.37,0.0,0.0,0.0,0.0,138597.5,-507791.8,415402.8,0.778,1.431,895.2,-0.72878,-50.846,0.0,0,-1.0,-1.0,-1.0,-1.0
1791147604.15,1703363.4,1051.5,83106.6,83106.6,-772.9,1355.8,1197.6,-11.92,69.78,33.53,281.32,0.0,0.0,0.0,0.0,138597.5,-507791.8,415402.8,0.778,1.431,895.2,-0.72979,-50.80767,0.0,0,-1.0,-1.0,-1.0,-1.0
1791147604.65,1703363.9,1052.0,82703.9,82703.9,-775.9,1358.0,1200.1,-11.89,69.78,33.55,281.28,0.0,0.0,0.0,0.0,138597.5,-507791.8,415402.8,0.778,1.431,895.2,-0.73083,-50.76775,0.0,0,-1.0,-1.0,-1.0,-1.0
1791147605.15,1703364.4,1052.5,82315.2,82315.2,-778.8,1360.2,1202.6,-11.85,69.78,33.56,281.23,0.0,0.0,0.0,0.0,138597.5,-507791.8,415402.8,0.778,1.431,895.2,-0.73183,-50.72932,0.0,0,-1.0,-1.0,-1.0,-1.0
1791147605.65,1703364.9,1053.0,81925.1,81925.1,-781.7,1362.4,1205.0,-11.82,69.78,33.58,281.18,0.0,0.0,0.0,0.0,138597.5,-507791.8,415402.8,0.778,1.431,895.2,-0.73284,-50.69083,0.0,0,-1.0,-1.0,-1.0,-1.0
1791147606.15,1703365.4,1053.5,81533.5,81533.5,-784.6,1364.6,1207.5,-11.78,69.79,33.59,281.14,0.0,0.0,0.0,0.0,138597.5,-507791.8,415402.8,0.778,1.431,895.2,-0.73385,-50.65228,0.0,0,-1.0,-1.0,-1.0,-1.0
1791147606.66,1703365.9,1054.0,81140.5,81140.5,-787.4,1366.8,1209.9,-11.74,69.79,33.61,281.09,0.0,0.0,0.0,0.0,138597.5,-507791.8,415402.8,0.778,1.431,895.2,-0.73485,-50.61368,0.0,0,-1.0,-1.0,-1.0,-1.0
1791147607.16,1703366.4,1054.5,80746.1,80746.1,-790.3,1369.0,1212.4,-11.71,69.79,33.62,281.04,0.0,0.0,0.0,0.0,138597.4,-507791.8,415402.8,0.778,1.431,895.2,-0.73586,-50.57503,0.0,0,-1.0,-1.0,-1.0,-1.0
1791147607.66,1703366.9,1055.0,80350.2,80350.2,-793.2,1371.2,1214.8,-11.67,69.79,33.64,280.99,0.0,0.0,0.0,0.0,138597.4,-507791.8,415402.8,0.778,1.431,895.2,-0.73687,-50.53632,0.0,0,-1.0,-1.0,-1.0,-1.0
1791147608.16,1703367.3,1055.5,80032.4,80032.4,-795.5,1372.9,1216.8,-11.64,69.8,33.65,280.96,0.0,0.0,0.0,0.0,138597.4,-507791.8,415402.8,0.778,1.431,895.2,-0.73767,-50.50532,0.0,0,-1.0,-1.0,-1.0,-1.0
1791147608.67,1703367.8,1056.0,79633.9,79633.9,-798.4,1375.1,1219.3,-11.61,69.8,33.66,280.91,0.0,0.0,0.0,0.0,138597.4,-507791.8,415402.8,0.778,1.431,895.2,-0.73868,-50.46651,0.0,0,-1.0,-1.0,-1.0,-1.0
1791147609.17,1703368.3,1056.5,79234.0,79234.0,-801.3,1377.4,1221.8,-11.57,69.8,33.68,280.86,0.0,0.0,0.0,0.0,138597.4,-507791.8,415402.8,0.778,1.431,895.2,-0.73969,-50.42765,0.0,0,-1.0,-1.0,-1.0,-1.0
1791147609.67,1703368.8,1057.0,78832.6,78832.6,-804.3,1379.6,1224.3,-11.53,69.8,33.69,280.82,0.0,0.0,0.0,0.0,138597.4,-507791.8,415402.8,0.778,1.431,895.2,-0.7407,-50.38873,0.0,0,-1.0,-1.0,-1.0,-1.0
1791147610.17,1703369.3,1057.5,78429.7,78429.7,-807.2,1381.8,1226.8,-11.5,69.81,33.71,280.77,0.0,0.0,0.0,0.0,138597.4,-507791.8,415402.8,0.778,1.431,895.2,-0.74172,-50.34976,0.0,0,-1.0,-1.0,-1.0,-1.0
1791147610.67,1703369.8,1058.0,78025.4,78025.4,-810.1,1384.1,1229.3,-11.46,69.81,33.72,280.72,0.0,0.0,0.0,0.0,138597.4,-507791.8,415402.8,0.778,1.431,895.2,-0.74273,-50.31073,0.0,0,-1.0,-1.0,-1.0,-1.0
1791147611.17,1703370.3,1058.5,77603.4,77603.4,-813.1,1386.4,1231.9,-11.42,69.81,33.74,280.67,0.0,0.0,0.0,0.0,138597.4,-507791.8,415402.8,0.778,1.431,895.2,-0.74378,-50.27008,0.0,0,-1.0,-1.0,-1.0,-1.0
1791147611.68,1703370.8,1059.0,77196.1,77196.1,-816.0,1388.7,1234.4,-11.39,69.81,33.75,280.63,0.0,0.0,0.0,0.0,138597.4,-507791.8,415402.8,0.778,1.431,895.2,-0.74479,-50.23093,0.0,0,-1.0,-1.0,-1.0,-1.0
1791147612.18,1703371.3,1059.5,76803.7,76803.7,-818.8,1390.9,1236.9,-11.35,69.82,33.76,280.58,0.0,0.0,0.0,0.0,138597.4,-507791.8,415402.8,0.778,1.431,895.2,-0.74577,-50.1933,0.0,0,-1.0,-1.0,-1.0,-1.0
1791147612.68,1703371.8,1060.0,76393.6,76393.6,-821.7,1393.1,1239.4,-11.32,69.82,33.78,280.53,0.0,0.0,0.0,0.0,138597.4,-507791.8,415402.8,0.778,1.431,895.2,-0.74678,-50.15404,0.0,0,-1.0,-1.0,-1.0,-1.0
1791147613.18,1703372.3,1060.5,75982.0,75982.0,-824.7,1395.4,1241.9,-11.28,69.82,33.79,280.48,0.0,0.0,0.0,0.0,138597.4,-507791.8,415402.8,0.778,1.431,895.2,-0.7478,-50.11473,0.0,0,-1.0,-1.0,-1.0,-1.0
1791147613.68,1703372.8,1061.0,75568.9,75568.9,-827.6,1397.7,1244.5,-11.24,69.82,33.81,280.44,0.0,0.0,0.0,0.0,138597.4,-507791.8,415402.8,0.778,1.431,895.2,-0.74881,-50.07535,0.0,0,-1.0,-1.0,-1.0,-1.0
1791147614.18,1703373.3,1061.5,75154.4,75154.4,-830.5,1400.0,1247.1,-11.21,69.83,33.82,280.39,0.0,0.0,0.0,0.0,138597.4,-507791.8,415402.8,0.778,1.431,895.2,-0.74983,-50.03592,0.0,0,-1.0,-1.0,-1.0,-1.0
1791147614.69,1703373.8,1062.0,74721.7,74721.7,-833.6,1402.4,1249.7,-11.17,69.83,33.84,280.34,0.0,0.0,0.0,0.0,138597.4,-507791.8,415402.8,0.778,1.431,895.2,-0.75089,-49.99485,0.0,0,-1.0,-1.0,-1.0,-1.0
1791147615.19,1703374.3,1062.5,74304.2,74304.2,-836.5,1404.7,1252.3,-11.13,69.83,33.85,280.29,0.0,0.0,0.0,0.0,138597.4,-507791.8,415402.8,0.778,1.431,895.2,-0.75191,-49.95529,0.0,0,-1.0,-1.0,-1.0,-1.0
1791147615.69,1703374.8,1063.0,73885.2,73885.2,-839.5,1407.0,1254.9,-11.09,69.83,33.87,280.24,0.0,0.0,0.0,0.0,138597.4,-507791.8,415402.8,0.778,1.431,895.2,-0.75293,-49.91568,0.0,0,-1.0,-1.0,-1.0,-1.0
1791147616.19,1703375.3,1063.5,73464.7,73464.7,-842.4,1409.3,1257.5,-11.06,69.83,33.88,280.2,0.0,0.0,0.0,0.0,138597.4,-507791.8,415402.8,0.778,1.431,895.2,-0.75395,-49.87601,0.0,0,-1.0,-1.0,-1.0,-1.0
1791147616.69,1703375.8,1064.0,73042.8,73042.8,-845.3,1411.7,1260.0,-11.02,69.84,33.9,280.15,0.0,0.0,0.0,0.0,138597.4,-507791.8,415402.8,0.778,1.431,895.2,-0.75497,-49.83628,0.0,0,-1.0,-1.0,-1.0,-1.0
1791147617.2,1703376.3,1064.5,72619.4,72619.4,-848.3,1414.0,1262.6,-10.98,69.84,33.91,280.1,0.0,0.0,0.0,0.0,138597.4,-507791.8,415402.8,0.778,1.431,895.2,-0.75599,-49.79648,0.0,0,-1.0,-1.0,-1.0,-1.0
1791147617.7,1703376.8,1065.0,72194.5,72194.5,-851.3,1416.3,1265.3,-10.95,69.84,33.93,280.05,0.0,0.0,0.0,0.0,138597.4,-507791.8,415402.8,0.778,1.431,895.2,-0.75701,-49.75663,0.0,0,-1.0,-1.0,-1.0,-1.0
1791147618.2,1703377.3,1065.5,71768.1,71768.1,-854.2,1418.7,1267.9,-10.91,69.84,33.94,280.0,0.0,0.0,0.0,0.0,138597.4,-507791.8,415402.8,0.778,1.431,895.2,-0.75804,-49.71671,0.0,0,-1.0,-1.0,-1.0,-1.0
1791147618.7,1703377.8,1066.0,71340.3,71340.3,-857.2,1421.1,1270.5,-10.87,69.85,33.96,279.95,0.0,0.0,0.0,0.0,138597.4,-507791.8,415402.8,0.778,1.431,895.2,-0.75906,-49.67674,0.0,0,-1.0,-1.0,-1.0,-1.0
1791147619.2,1703378.3,1066.5,70893.7,70893.7,-860.3,1423.5,1273.2,-10.83,69.85,33.97,279.9,0.0,0.0,0.0,0.0,138597.4,-507791.8,415402.8,0.778,1.431,895.2,-0.76012,-49.6351,0.0,0,-1.0,-1.0,-1.0,-1.0
1791147619.71,1703378.8,1067.0,70462.9,70462.9,-863.2,1425.9,1275.9,-10.8,69.85,33.99,279.86,0.0,0.0,0.0,0.0,138597.4,-507791.8,415402.8,0.778,1.431,895.2,-0.76115,-49.59499,0.0,0,-1.0,-1.0,-1.0,-1.0
1791147620.21,1703379.3,1067.5,70030.5,70030.5,-866.2,1428.3,1278.5,-10.76,69.85,34.0,279.81,0.0,0.0,0.0,0.0,138597.4,-507791.8,415402.8,0.778,1.431,895.2,-0.76218,-49.55483,0.0,0,-1.0,-1.0,-1.0,-1.0
1791147620.71,1703379.8,1068.0,69596.7,69596.6,-869.2,1430.7,1281.1,-10.72,69.86,34.02,279.76,0.07,0.000107,0.0,0.0,138597.3,-507791.8,415402.7,0.778,1.431,895.2,-0.7632,-49.5146,0.0,0,-1.0,-1.0,-1.0,-1.0
1791147621.21,1703380.3,1068.5,69161.3,69161.3,-872.1,1433.1,1283.8,-10.68,69.86,34.03,279.71,0.31,0.000454,0.0,0.0,138597.1,-507791.9,415402.6,0.778,1.431,895.2,-0.76423,-49.47431,0.0,0,-1.0,-1.0,-1.0,-1.0
1791147621.71,1703380.9,1069.0,68724.4,68724.4,-875.1,1435.5,1286.5,-10.65,69.86,34.05,279.66,0.74,0.001031,0.1,0.0,138596.8,-507792.2,415402.3,0.778,1.431,895.2,-0.76526,-49.43395,0.0,0,-1.0,-1.0,-1.0,-1.0
1791147622.21,1703381.4,1069.5,68286.1,68286.1,-878.1,1437.9,1289.1,-10.61,69.86,34.07,279.61,1.31,0.001819,0.1,0.0,138596.2,-507792.6,415401.8,0.778,1.431,895.2,-0.76629,-49.39354,0.0,0,-1.0,-1.0,-1.0,-1.0
1791147622.71,1703381.9,1070.0,67846.3,67846.3,-881.1,1440.3,1291.8,-10.57,69.86,34.08,279.56,2.0,0.002805,0.2,0.0,138595.3,-507793.4,415401.0,0.778,1.431,895.1,-0.76732,-49.35305,0.0,0,-1.0,-1.0,-1.0,-1.0
1791147623.22,1703382.4,1070.5,67387.3,67387.3,-884.2,1442.8,1294.6,-10.53,69.87,34.1,279.51,2.9,0.004025,0.2,0.0,138594.1,-507794.4,415399.9,0.778,1.431,895.1,-0.76839,-49.31088,0.0,0,-1.0,-1.0,-1.0,-1.0
1791147623.72,1703382.9,1071.0,66944.4,66944.4,-887.2,1445.2,1297.3,-10.5,69.87,34.11,279.46,3.9,0.005371,0.3,0.0,138592.5,-507795.6,415398.5,0.778,1.431,895.1,-0.76942,-49.27027,0.0,0,-1.0,-1.0,-1.0,-1.0
1791147624.22,1703383.4,1071.6,66500.0,66500.0,-890.1,1447.7,1300.0,-10.46,69.87,34.13,279.42,5.03,0.006872,0.4,0.0,138590.6,-507797.2,415396.7,0.778,1.431,895.1,-0.77045,-49.22959,0.0,0,-1.0,-1.0,-1.0,-1.0
1791147624.72,1703383.9,1072.1,66054.2,66054.2,-893.1,1450.1,1302.6,-10.42,69.87,34.14,279.37,6.27,0.008514,0.5,0.0,138588.2,-507799.2,415394.5,0.778,1.431,895.1,-0.77149,-49.18885,0.0,0,-1.0,-1.0,-1.0,-1.0
1791147625.22,1703384.4,1072.6,65606.8,65606.8,-896.1,1452.5,1305.3,-10.38,69.88,34.16,279.32,7.64,0.010284,0.6,0.0,138585.6,-507801.9,415391.9,0.778,1.431,895.1,-0.77252,-49.14804,0.0,0,-1.0,-1.0,-1.0,-1.0
1791147625.73,1703384.9,1073.1,65158.0,65158.0,-899.1,1455.0,1308.0,-10.35,69.88,34.17,279.27,9.11,0.012166,0.7,0.0,138582.3,-507804.7,415388.8,0.7781,1.431,895.1,-0.77356,-49.10716,0.0,0,-1.0,-1.0,-1.0,-1.0
1791147626.23,1703385.4,1073.6,64707.6,64707.6,-902.1,1457.4,1310.7,-10.31,69.88,34.19,279.22,10.69,0.014148,0.8,0.01,138578.4,-507808.1,415385.2,0.7781,1.431,895.1,-0.77459,-49.06622,0.0,0,-1.0,-1.0,-1.0,-1.0
1791147626.73,1703385.9,1074.1,64255.8,64255.8,-905.1,1459.9,1313.4,-10.27,69.88,34.2,279.17,12.37,0.016215,0.9,0.01,138574.0,-507811.9,415381.1,0.7781,1.431,895.1,-0.77563,-49.02521,0.0,0,-1.0,-1.0,-1.0,-1.0
1791147627.23,1703386.4,1074.6,63802.5,63802.5,-908.1,1462.3,1316.2,-10.23,69.89,34.22,279.12,14.13,0.018354,1.0,0.01,138568.9,-507816.0,415376.5,0.7781,1.431,895.1,-0.77666,-48.98414,0.0,0,-1.0,-1.0,-1.0,-1.0
1791147627.73,1703386.9,1075.1,63347.6,63347.6,-911.1,1464.8,1318.9,-10.2,69.88,34.25,279.07,16.0,0.020549,1.2,0.01,138564.3,-507820.8,415371.8,0.7781,1.43,895.1,-0.7777,-48.943,0.0,0,-1.0,-1.0,-1.0,-1.0
1791147628.24,1703387.4,1075.6,62873.0,62873.0,-914.2,1467.3,1321.7,-10.16,69.89,34.25,279.02,18.03,0.02288,1.3,0.01,138559.4,-507822.3,415368.6,0.7781,1.43,895.0,-0.77878,-48.90014,0.0,0,-1.0,-1.0,-1.0,-1.0
1791147628.74,1703387.9,1076.1,62433.5,62433.4,-917.1,1469.7,1324.3,-10.12,69.89,34.27,278.97,19.98,0.025059,1.5,0.01,138553.3,-507827.0,415363.1,0.7781,1.429,895.0,-0.77978,-48.86052,0.0,0,-1.0,-1.0,-1.0,-1.0
1791147629.24,1703388.4,1076.6,61974.1,61974.1,-920.1,1472.2,1327.1,-10.08,69.89,34.28,278.92,22.12,0.027389,1.6,0.01,138546.4,-507832.4,415357.0,0.7781,1.429,895.0,-0.78082,-48.81918,0.0,0,-1.0,-1.0,-1.0,-1.0
1791147629.74,1703388.9,1077.1,61513.3,61513.3,-923.1,1474.7,1329.8,-10.04,69.9,34.3,278.87,24.46,0.029908,1.8,0.01,138539.0,-507838.2,415350.4,0.7781,1.429,895.0,-0.78186,-48.77777,0.0,0,-1.0,-1.0,-1.0,-1.0
1791147630.24,1703389.4,1077.6,61050.9,61050.9,-926.1,1477.1,1332.5,-10.01,69.9,34.31,278.82,27.05,0.03265,1.9,0.01,138531.0,-507844.4,415343.3,0.7781,1.428,895.0,-0.7829,-48.73629,0.0,0,-1.0,-1.0,-1.0,-1.0
1791147630.75,1703389.9,1078.1,60568.5,60568.5,-929.2,1479.7,1335.4,-9.97,69.9,34.33,278.77,30.02,0.035767,2.1,0.01,138522.1,-507851.4,415335.3,0.7781,1.428,894.9,-0.78398,-48.69308,0.0,0,-1.0,-1.0,-1.0,-1.0
1791147631.25,1703390.4,1078.6,60103.1,60103.1,-932.2,1482.2,1338.1,-9.93,69.9,34.35,278.72,33.18,0.039049,2.3,0.01,138512.8,-507858.5,415327.1,0.7781,1.427,894.9,-0.78502,-48.65146,0.0,0,-1.0,-1.0,-1.0,-1.0
1791147631.75,1703390.9,1079.1,59636.2,59636.2,-935.2,1484.7,1340.9,-9.89,69.9,34.36,278.67,36.65,0.042636,2.6,0.01,138502.8,-507866.3,415318.3,0.7782,1.427,894.9,-0.78606,-48.60977,0.0,0,-1.0,-1.0,-1.0,-1.0
1791147632.26,1703391.4,1079.6,59149.0,59149.0,-938.4,1487.3,1343.7,-9.85,69.91,34.38,278.62,40.61,0.046721,2.8,0.01,138491.6,-507874.9,415308.4,0.7782,1.426,894.8,-0.78714,-48.56635,0.0,0,-1.0,-1.0,-1.0,-1.0
1791147632.76,1703391.8,1080.1,58810.8,58810.8,-940.5,1489.1,1345.7,-9.83,69.91,34.39,278.58,43.57,0.049777,3.0,0.01,138483.4,-507881.2,415301.1,0.7782,1.426,894.8,-0.78789,-48.53624,0.0,0,-1.0,-1.0,-1.0,-1.0
1791147633.26,1703392.3,1080.6,58339.8,58339.8,-943.5,1491.6,1348.5,-9.79,69.91,34.41,278.53,47.98,0.05435,3.3,0.02,138471.3,-507890.6,415290.3,0.7782,1.425,894.8,-0.78893,-48.49436,0.0,0,-1.0,-1.0,-1.0,-1.0
1791147633.76,1703392.8,1081.1,57867.2,57867.2,-946.5,1494.1,1351.2,-9.75,69.91,34.43,278.48,52.74,0.059332,3.6,0.02,138458.3,-507900.8,415278.8,0.7782,1.424,894.8,-0.78997,-48.45241,0.0,0,-1.0,-1.0,-1.0,-1.0
1791147634.27,1703393.3,1081.6,57374.1,57374.1,-949.7,1496.7,1354.1,-9.71,69.91,34.44,278.43,58.05,0.064956,4.0,0.02,138443.7,-507912.2,415265.8,0.7782,1.424,894.7,-0.79106,-48.40871,0.0,0,-1.0,-1.0,-1.0,-1.0
1791147634.77,1703393.8,1082.1,56898.5,56898.5,-952.7,1499.2,1356.8,-9.67,69.91,34.46,278.38,63.45,0.0707,4.4,0.02,138428.7,-507924.2,415252.3,0.7783,1.423,894.7,-0.7921,-48.36662,0.0,0,-1.0,-1.0,-1.0,-1.0
1791147635.27,1703394.3,1082.6,56421.4,56421.4,-955.7,1501.7,1359.6,-9.64,69.92,34.48,278.33,69.31,0.076901,4.8,0.02,138412.4,-507937.3,415237.6,0.7783,1.422,894.6,-0.79314,-48.32446,0.0,0,-1.0,-1.0,-1.0,-1.0
1791147635.77,1703394.8,1083.1,55942.8,55942.8,-958.7,1504.2,1362.4,-9.6,69.92,34.5,278.28,75.63,0.083554,5.3,0.02,138394.9,-507951.7,415221.6,0.7783,1.421,894.6,-0.79418,-48.28223,0.0,0,-1.0,-1.0,-1.0,-1.0
1791147636.27,1703395.3,1083.6,55462.6,55462.6,-961.7,1506.7,1365.1,-9.56,69.92,34.51,278.23,82.46,0.090719,5.8,0.03,138376.0,-507967.5,415204.2,0.7783,1.42,894.5,-0.79522,-48.23993,0.0,0,-1.0,-1.0,-1.0,-1.0
1791147636.77,1703395.8,1084.1,54981.0,54981.0,-964.7,1509.2,1367.9,-9.53,69.92,34.53,278.18,89.88,0.098467,6.3,0.03,138355.6,-507985.0,415185.3,0.7784,1.418,894.5,-0.79626,-48.19756,0.0,0,-1.0,-1.0,-1.0,-1.0
1791147637.28,1703396.3,1084.6,54497.8,54497.8,-967.7,1511.7,1370.6,-9.49,69.92,34.55,278.13,97.95,0.106865,6.9,0.03,138333.7,-508004.2,415164.8,0.7784,1.417,894.4,-0.7973,-48.15512,0.0,0,-1.0,-1.0,-1.0,-1.0
1791147637.78,1703396.8,1085.1,54013.2,54013.2,-970.7,1514.2,1373.4,-9.45,69.93,34.57,278.08,106.75,0.115982,7.5,0.03,138310.2,-508025.3,415142.4,0.7785,1.416,894.3,-0.79834,-48.11261,0.0,0,-1.0,-1.0,-1.0,-1.0
1791147638.28,1703397.3,1085.6,53527.1,53527.1,-973.7,1516.7,1376.1,-9.42,69.93,34.58,278.02,116.35,0.125884,8.2,0.03,138284.9,-508048.6,415118.1,0.7785,1.415,894.2,-0.79938,-48.07002,0.0,0,-1.0,-1.0,-1.0,-1.0
1791147638.78,1703397.8,1086.1,53039.4,53039.4,-976.7,1519.2,1378.8,-9.38,69.93,34.6,277.97,126.81,0.136639,9.0,0.04,138257.8,-508074.2,415091.8,0.7785,1.413,894.1,-0.80042,-48.02737,0.0,0,-1.0,-1.0,-1.0,-1.0
1791147639.28,1703398.3,1086.6,52550.3,52550.3,-979.7,1521.6,1381.6,-9.35,69.94,34.62,277.92,138.21,0.148313,9.9,0.04,138228.6,-508102.2,415063.2,0.7786,1.413,894.1,-0.80145,-47.98465,0.0,0,-1.0,-1.0,-1.0,-1.0
1791147639.78,1703398.8,1087.1,52059.6,52059.6,-982.7,1524.1,1384.3,-9.31,69.94,34.63,277.87,150.62,0.16097,10.8,0.04,138197.2,-508132.5,415032.4,0.7786,1.412,894.0,-0.80249,-47.94186,0.0,0,-1.0,-1.0,-1.0,-1.0
1791147640.29,1703399.3,1087.6,51567.5,51567.5,-985.7,1526.6,1387.0,-9.27,69.95,34.65,277.82,164.11,0.174676,11.8,0.05,138162.8,-508165.2,414998.8,0.7787,1.412,893.8,-0.80353,-47.899,0.0,0,-1.0,-1.0,-1.0,-1.0
1791147640.79,1703399.8,1088.1,51073.9,51073.9,-988.7,1529.0,1389.7,-9.23,69.96,34.65,277.77,178.75,0.189495,12.9,0.05,138125.0,-508199.6,414962.7,0.7788,1.412,893.7,-0.80457,-47.85607,0.0,0,-1.0,-1.0,-1.0,-1.0
1791147641.29,1703400.3,1088.6,50578.8,50578.8,-991.6,1531.5,1392.4,-9.19,69.97,34.67,277.72,194.62,0.20549,14.0,0.05,138082.9,-508235.0,414923.9,0.7788,1.412,893.6,-0.80561,-47.81308,0.0,0,-1.0,-1.0,-1.0,-1.0
1791147641.79,1703400.8,1089.1,50062.3,50062.3,-994.7,1534.0,1395.2,-9.15,69.96,34.67,277.66,212.5,0.22344,15.4,0.06,138034.2,-508274.2,414880.0,0.7789,1.413,893.5,-0.80669,-47.76828,0.0,0,-1.0,-1.0,-1.0,-1.0
1791147642.29,1703401.3,1089.6,49564.2,49564.2,-997.6,1536.4,1397.8,-9.13,69.95,34.7,277.61,231.1,0.242029,16.8,0.06,137981.5,-508311.5,414835.0,0.779,1.414,893.3,-0.80773,-47.72515,0.0,0,-1.0,-1.0,-1.0,-1.0
1791147642.79,1703401.8,1090.1,49064.6,49064.6,-1000.5,1538.8,1400.5,-9.07,69.97,34.72,277.56,251.13,0.261973,18.3,0.07,137922.0,-508349.8,414786.1,0.779,1.414,893.2,-0.80878,-47.68194,0.0,0,-1.0,-1.0,-1.0,-1.0
1791147643.3,1703402.3,1090.6,48563.6,48563.6,-1003.4,1541.2,1403.1,-9.04,69.97,34.74,277.51,272.66,0.283324,19.9,0.07,137858.8,-508391.6,414733.6,0.7791,1.414,893.0,-0.80982,-47.63866,0.0,0,-1.0,-1.0,-1.0,-1.0
1791147643.8,1703402.8,1091.1,48061.1,48061.1,-1006.3,1543.5,1405.7,-9.0,69.98,34.77,277.46,295.86,0.30625,21.7,0.08,137789.1,-508436.6,414676.3,0.7792,1.413,892.8,-0.81087,-47.59531,0.0,0,-1.0,-1.0,-1.0,-1.0
1791147644.3,1703403.3,1091.6,47557.2,47557.2,-1009.1,1545.8,1408.2,-8.95,69.98,34.76,277.41,320.92,0.330934,23.6,0.09,137709.2,-508488.6,414610.3,0.7793,1.412,892.6,-0.81191,-47.5519,0.0,0,-1.0,-1.0,-1.0,-1.0
1791147644.8,1703403.8,1092.1,47052.0,47052.0,-1011.9,1548.1,1410.8,-8.91,69.99,34.77,277.35,348.03,0.357558,25.7,0.1,137622.9,-508544.4,414539.2,0.7794,1.411,892.4,-0.81296,-47.50842,0.0,0,-1.0,-1.0,-1.0,-1.0
1791147645.3,1703404.3,1092.6,46545.3,46545.3,-1014.7,1550.4,1413.3,-8.88,69.99,34.79,277.3,377.39,0.3863,27.9,0.11,137529.5,-508604.5,414462.5,0.7795,1.41,892.1,-0.814,-47.46487,0.0,0,-1.0,-1.0,-1.0,-1.0
1791147645.81,1703404.8,1093.1,46037.2,46037.2,-1017.4,1552.6,1415.7,-8.84,70.0,34.8,277.25,409.18,0.417338,30.4,0.11,137428.4,-508669.1,414379.7,0.7796,1.409,891.8,-0.81504,-47.42126,0.0,0,-1.0,-1.0,-1.0,-1.0
1791147646.31,1703405.3,1093.6,45527.8,45527.8,-1020.2,1554.8,1418.2,-8.81,70.0,34.82,277.2,444.99,0.450845,33.1,0.12,137318.9,-508738.6,414290.1,0.7797,1.408,891.6,-0.81609,-47.37758,0.0,0,-1.0,-1.0,-1.0,-1.0
1791147646.81,1703405.8,1094.1,45017.0,45016.9,-1022.9,1556.9,1420.6,-8.77,70.01,34.84,277.15,480.86,0.486996,36.0,0.13,137200.2,-508813.7,414193.2,0.7798,1.406,891.2,-0.81713,-47.33384,0.0,0,-1.0,-1.0,-1.0,-1.0
1791147647.31,1703406.3,1094.6,44504.8,44504.8,-1025.6,1559.0,1422.9,-8.74,70.01,34.86,277.09,522.72,0.52596,39.1,0.14,137071.2,-508894.7,414088.3,0.78,1.405,890.9,-0.81817,-47.29003,0.0,0,-1.0,-1.0,-1.0,-1.0
1791147647.81,1703406.8,1095.1,43991.3,43991.3,-1028.2,1561.1,1425.2,-8.71,70.02,34.87,277.04,564.56,0.567906,42.5,0.16,136931.2,-508982.2,413974.5,0.7801,1.403,890.5,-0.81921,-47.24617,0.0,0,-1.0,-1.0,-1.0,-1.0
1791147648.31,1703407.3,1095.6,43455.9,43455.9,-1030.9,1563.1,1427.5,-8.67,70.03,34.89,276.99,613.34,0.614872,46.4,0.17,136772.5,-509080.8,413845.8,0.7803,1.402,890.1,-0.82029,-47.20049,0.0,0,-1.0,-1.0,-1.0,-1.0
1791147648.82,1703407.8,1096.1,42939.8,42939.8,-1033.4,1565.1,1429.7,-8.64,70.03,34.91,276.93,663.86,0.663413,50.4,0.18,136606.3,-509183.6,413711.4,0.7805,1.4,889.7,-0.82133,-47.1565,0.0,0,-1.0,-1.0,-1.0,-1.0
1791147649.32,1703408.3,1096.6,42422.5,42422.5,-1035.9,1566.9,1431.8,-8.61,70.04,34.92,276.88,718.13,0.715436,54.7,0.2,136425.6,-509294.6,413565.5,0.7807,1.398,889.2,-0.82236,-47.11246,0.0,0,-1.0,-1.0,-1.0,-1.0
1791147649.82,1703408.8,1097.2,41903.9,41903.9,-1038.3,1568.7,1433.8,-8.58,70.05,34.94,276.83,776.23,0.770993,59.3,0.22,136229.6,-509414.5,413407.5,0.7809,1.396,888.7,-0.8234,-47.06837,0.0,0,-1.0,-1.0,-1.0,-1.0
1791147650.32,1703409.3,1097.7,41384.1,41384.1,-1040.7,1570.4,1435.8,-8.54,70.05,34.96,276.78,837.31,0.829237,64.2,0.23,136017.2,-509543.8,413236.7,0.7811,1.393,888.2,-0.82443,-47.02422,0.0,0,-1.0,-1.0,-1.0,-1.0
1791147650.82,1703409.8,1098.2,40863.1,40863.1,-1043.0,1572.1,1437.7,-8.51,70.06,34.97,276.73,904.67,0.893769,69.4,0.25,135787.4,-509682.9,413052.3,0.7813,1.391,887.6,-0.82545,-46.98003,0.0,0,-1.0,-1.0,-1.0,-1.0
1791147651.33,1703410.3,1098.7,40320.1,40320.1,-1045.4,1573.7,1439.5,-8.49,70.07,34.99,276.67,983.51,0.96917,75.3,0.27,135527.4,-509839.6,412843.9,0.7816,1.388,886.9,-0.82652,-46.93401,0.0,0,-1.0,-1.0,-1.0,-1.0
1791147651.83,1703410.8,1099.2,39796.8,39796.8,-1047.6,1575.1,1441.2,-8.46,70.08,35.01,276.62,1066.04,1.048093,81.4,0.3,135255.3,-510002.7,412626.3,0.7819,1.385,886.2,-0.82754,-46.88972,0.0,0,-1.0,-1.0,-1.0,-1.0
1791147652.33,1703411.3,1099.7,39272.5,39272.5,-1049.6,1576.4,1442.7,-8.43,70.09,35.03,276.57,1156.31,1.134444,88.1,0.32,134959.4,-510179.3,412390.1,0.7822,1.382,885.4,-0.82856,-46.84539,0.0,0,-1.0,-1.0,-1.0,-1.0
1791147652.83,1703411.8,1100.2,38747.1,38747.1,-1051.6,1577.6,1444.2,-8.41,70.1,35.04,276.51,1255.47,1.22935,95.5,0.35,134637.6,-510370.5,412133.6,0.7825,1.378,884.6,-0.82958,-46.80102,0.0,0,-1.0,-1.0,-1.0,-1.0
1791147653.34,1703412.3,1100.7,38220.8,38220.8,-1053.5,1578.7,1445.5,-8.38,70.11,35.06,276.46,1364.64,1.333949,103.6,0.38,134287.3,-510577.7,411854.8,0.7829,1.375,883.7,-0.83059,-46.75662,0.0,0,-1.0,-1.0,-1.0,-1.0
1791147653.84,1703412.8,1101.2,37756.9,37756.9,-1055.1,1579.5,1446.5,-8.37,70.12,35.08,276.41,1471.79,1.437165,111.5,0.41,133953.2,-510774.5,411589.3,0.7832,1.371,882.9,-0.83147,-46.71753,0.0,0,-1.0,-1.0,-1.0,-1.0
1791147654.34,1703413.2,1101.7,37313.5,37313.4,-1056.5,1580.1,1447.3,-8.35,70.13,35.09,276.37,1590.15,1.551037,119.6,0.44,133608.2,-510977.1,411315.6,0.7836,1.368,882.0,-0.83232,-46.68019,0.0,0,-1.0,-1.0,-1.0,-1.0
1791147654.84,1703413.7,1102.2,36784.8,36784.8,-1058.0,1580.6,1448.1,-8.34,70.15,35.11,276.32,1745.35,1.700331,130.3,0.49,133160.4,-511239.1,410960.7,0.784,1.363,880.8,-0.83331,-46.63572,0.0,0,-1.0,-1.0,-1.0,-1.0
1791147655.34,1703414.1,1102.7,36361.4,36361.4,-1059.1,1580.9,1448.6,-8.33,70.16,35.13,276.27,1888.66,1.831454,139.5,0.52,132770.5,-511466.5,410652.0,0.7844,1.359,879.8,-0.83411,-46.60014,0.0,0,-1.0,-1.0,-1.0,-1.0
1791147655.85,1703414.6,1103.2,35810.3,35810.3,-1060.3,1581.1,1449.0,-8.32,70.18,35.15,276.22,2076.15,2.018825,152.7,0.58,132217.4,-511788.0,410214.7,0.785,1.353,878.4,-0.83513,-46.55387,0.0,0,-1.0,-1.0,-1.0,-1.0
1791147656.35,1703415.1,1103.7,35279.9,35279.9,-1061.3,1580.9,1449.0,-8.31,70.2,35.16,276.17,2283.15,2.21852,166.6,0.64,131631.5,-512127.5,409752.0,0.7855,1.347,877.0,-0.83611,-46.50939,0.0,0,-1.0,-1.0,-1.0,-1.0
1791147656.85,1703415.6,1104.2,34770.2,34770.2,-1062.1,1580.5,1448.8,-8.31,70.22,35.18,276.12,2501.58,2.429736,181.3,0.7,131014.4,-512484.1,409265.2,0.7862,1.341,875.4,-0.83704,-46.46669,0.0,0,-1.0,-1.0,-1.0,-1.0
1791147657.36,1703416.1,1104.7,34239.1,34239.1,-1062.6,1579.8,1448.3,-8.31,70.25,35.2,276.06,2750.95,2.671644,197.9,0.77,130309.6,-512890.4,408709.6,0.7869,1.333,873.6,-0.838,-46.42223,0.0,0,-1.0,-1.0,-1.0,-1.0
1791147657.98,1703416.6,1105.3,33686.4,33686.4,-1062.9,1578.6,1447.4,-8.32,70.27,35.22,276.01,3035.28,2.94867,216.8,0.85,129503.6,-513354.0,408074.8,0.7877,1.325,871.6,-0.83899,-46.37603,0.0,0,-1.0,-1.0,-1.0,-1.0
1791147658.48,1703417.1,1105.8,33176.2,33176.2,-1062.8,1577.1,1446.1,-8.33,70.3,35.24,275.96,3320.63,3.228166,235.8,0.93,128688.1,-513822.1,407433.0,0.7885,1.317,869.5,-0.83989,-46.33342,0.0,0,-1.0,-1.0,-1.0,-1.0
1791147658.98,1703417.6,1106.3,32644.9,32644.9,-1062.4,1575.1,1444.4,-8.34,70.33,35.26,275.9,3656.35,3.545665,257.1,1.02,127760.5,-514354.0,406703.3,0.7894,1.308,867.2,-0.84082,-46.28909,0.0,0,-1.0,-1.0,-1.0,-1.0
1791147659.48,1703418.1,1106.8,32156.3,32156.3,-1061.8,1572.9,1442.3,-8.36,70.36,35.28,275.85,3980.3,3.866523,278.5,1.11,126831.6,-514886.1,405972.7,0.7903,1.298,864.8,-0.84166,-46.24836,0.0,0,-1.0,-1.0,-1.0,-1.0
1791147659.98,1703418.6,1107.3,31625.7,31625.7,-1060.7,1570.0,1439.7,-8.38,70.39,35.3,275.8,4349.28,4.252218,304.0,1.22,125733.2,-515514.9,405109.1,0.7915,1.287,862.1,-0.84256,-46.20418,0.0,0,-1.0,-1.0,-1.0,-1.0
1791147660.49,1703419.1,1107.8,31095.7,31095.7,-1059.2,1566.5,1436.4,-8.41,70.43,35.32,275.75,4772.96,4.682382,332.3,1.34,124534.9,-516201.0,404167.0,0.7927,1.275,859.1,-0.84344,-46.16009,0.0,0,-1.0,-1.0,-1.0,-1.0
1791147660.99,1703419.6,1108.3,30566.6,30566.5,-1057.2,1562.4,1432.5,-8.45,70.47,35.34,275.7,5240.46,5.163225,363.7,1.48,123228.3,-516949.5,403139.4,0.794,1.262,855.8,-0.84431,-46.11612,0.0,0,-1.0,-1.0,-1.0,-1.0
1791147661.49,1703420.1,1108.8,30038.5,30038.5,-1054.7,1557.6,1427.9,-8.5,70.52,35.37,275.65,5755.49,5.700975,398.6,1.62,121804.7,-517766.0,402019.4,0.7954,1.248,852.2,-0.84515,-46.07229,0.0,0,-1.0,-1.0,-1.0,-1.0
1791147661.99,1703420.6,1109.3,29511.9,29511.9,-1051.7,1552.0,1422.5,-8.56,70.57,35.39,275.59,6321.04,6.301841,437.3,1.78,120255.3,-518656.3,400799.5,0.797,1.233,848.4,-0.84598,-46.02861,0.0,0,-1.0,-1.0,-1.0,-1.0
1791147662.49,1703421.1,1109.8,28987.0,28987.0,-1048.0,1545.6,1416.3,-8.63,70.62,35.41,275.54,6939.18,6.97196,480.2,1.96,118571.7,-519626.2,399472.7,0.7988,1.216,844.2,-0.84678,-45.98513,0.0,0,-1.0,-1.0,-1.0,-1.0
1791147662.99,1703421.6,1110.3,28464.1,28464.2,-1043.6,1538.2,1409.1,-8.7,70.68,35.43,275.49,7610.86,7.717342,527.5,2.15,116746.2,-520681.5,398032.4,0.8007,1.198,839.6,-0.84755,-45.94186,0.0,0,-1.0,-1.0,-1.0,-1.0
1791147663.49,1703422.1,1110.8,27943.7,27943.7,-1038.4,1529.9,1401.0,-8.79,70.74,35.46,275.44,8369.98,8.5438,579.6,2.36,114772.3,-521827.3,396472.5,0.8028,1.179,834.7,-0.8483,-45.89883,0.0,0,-1.0,-1.0,-1.0,-1.0
1791147664.0,1703422.6,1111.3,27405.3,27405.3,-1032.2,1520.1,1391.4,-8.89,70.81,35.48,275.39,9144.14,9.495295,639.1,2.59,112556.9,-523120.0,394718.5,0.8052,1.157,829.1,-0.84904,-45.85437,0.0,0,-1.0,-1.0,-1.0,-1.0
1791147664.5,1703423.1,1111.8,26891.0,26891.0,-1025.4,1509.5,1381.0,-13.12,72.96,35.85,275.34,9970.73,10.503853,701.6,2.82,110273.4,-524461.3,392906.1,0.8077,1.135,823.4,-0.84972,-45.81194,0.0,0,-1.0,-1.0,-1.0,-1.0
1791147665.0,1703423.6,1112.3,26380.2,26380.2,-1019.6,1500.3,1371.9,-49.79,97.49,48.72,275.29,10879.33,11.607574,769.4,2.44,108251.0,-525665.0,391293.0,0.81,1.125,818.4,-0.85036,-45.76982,0.0,0,-1.0,-1.0,-1.0,-1.0
1791147665.5,1703424.1,1112.8,25871.9,25871.9,-1013.3,1489.9,1361.8,-71.57,145.35,90.81,275.24,11843.33,12.822782,843.5,2.91,106117.5,-527004.3,389556.6,0.8126,1.139,812.9,-0.851,-45.72798,0.0,0,-1.0,-1.0,-1.0,-1.0
1791147666.0,1703424.6,1113.3,25367.4,25367.4,-1005.0,1476.8,1349.0,-57.56,87.68,37.36,275.19,12793.79,14.113813,924.6,3.28,103611.6,-528588.0,387511.8,0.8157,1.15,806.5,-0.85168,-45.68658,0.0,0,-1.0,-1.0,-1.0,-1.0
1791147666.5,1703425.1,1113.8,24866.3,24866.3,-997.8,1465.6,1337.9,-22.29,79.27,31.3,275.14,13835.75,15.516601,1013.7,3.01,101395.0,-529931.2,385731.9,0.8183,1.137,801.0,-0.85235,-45.64556,0.0,0,-1.0,-1.0,-1.0,-1.0
1791147667.0,1703425.6,1114.3,24370.2,24370.2,-987.5,1450.5,1323.0,-37.91,95.09,38.2,275.09,14872.9,17.058616,1111.4,3.75,98625.3,-531609.0,383508.1,0.8217,1.129,794.1,-0.85297,-45.60493,0.0,0,-1.0,-1.0,-1.0,-1.0
1791147667.51,1703426.1,1114.8,23878.7,23878.7,-979.0,1437.1,1309.8,-69.99,106.68,46.53,275.04,16028.34,18.753832,1218.6,3.43,96227.4,-533147.0,381540.2,0.8248,1.14,788.0,-0.8536,-45.56473,0.0,0,-1.0,-1.0,-1.0,-1.0
1791147668.01,1703426.6,1115.3,23392.1,23392.1,-968.0,1420.3,1293.3,-50.24,82.71,24.73,274.99,17174.24,20.612976,1335.8,4.03,93411.7,-534989.5,379211.1,0.8286,1.136,780.8,-0.85425,-45.52508,0.0,0,-1.0,-1.0,-1.0,-1.0
1791147668.51,1703427.1,1115.8,22910.6,22910.6,-956.9,1404.1,1277.3,-29.39,91.61,29.96,274.94,18473.56,22.646431,1463.7,4.11,90689.7,-536671.7,377009.0,0.832,1.126,774.0,-0.85486,-45.48592,0.0,0,-1.0,-1.0,-1.0,-1.0
1791147669.01,1703427.6,1116.3,22435.6,22435.5,-945.4,1387.3,1260.6,-57.53,95.93,31.86,274.9,19678.73,24.857416,1602.4,3.96,87959.7,-538397.0,374781.3,0.8356,1.135,767.1,-0.85546,-45.44729,0.0,0,-1.0,-1.0,-1.0,-1.0
1791147669.52,1703428.1,1116.8,21966.2,21966.2,-932.2,1367.4,1240.9,-57.04,84.73,21.98,274.85,20910.98,27.257416,1752.6,4.84,84972.4,-540422.8,372274.8,0.84,1.13,759.4,-0.85607,-45.40925,0.0,0,-1.0,-1.0,-1.0,-1.0
1791147670.02,1703428.6,1117.3,21484.6,21484.6,-919.1,1348.3,1222.0,-34.89,93.43,28.29,274.8,22288.39,29.958743,1921.2,4.47,82097.9,-542279.0,369909.5,0.844,1.126,752.2,-0.85667,-45.37034,0.0,0,-1.0,-1.0,-1.0,-1.0
1791147670.52,1703429.1,1117.8,21047.0,21047.0,-906.2,1329.6,1203.5,-55.2,90.77,25.91,274.76,23554.01,32.637085,2087.8,4.51,79397.0,-544039.9,367678.5,0.8478,1.131,745.4,-0.85723,-45.335,0.0,0,-1.0,-1.0,-1.0,-1.0
1791147671.02,1703429.6,1118.4,20580.0,20580.0,-890.8,1306.9,1180.9,-51.79,89.33,24.75,274.71,24843.73,35.749242,2281.0,5.2,76313.8,-546172.8,365070.5,0.8526,1.123,737.5,-0.85782,-45.29741,0.0,0,-1.0,-1.0,-1.0,-1.0
1791147671.52,1703430.1,1118.9,20138.1,20138.1,-875.9,1285.6,1159.9,-40.57,92.93,27.54,274.67,26123.23,38.967997,2480.2,5.18,73469.2,-548064.1,362702.6,0.8568,1.125,730.3,-0.85837,-45.26195,0.0,0,-1.0,-1.0,-1.0,-1.0
1791147672.03,1703430.6,1119.4,19704.0,19704.0,-861.2,1264.2,1138.6,-56.83,88.05,23.71,274.63,27410.38,42.425274,2693.7,4.97,70720.4,-549949.3,360385.5,0.8611,1.122,723.3,-0.85892,-45.22717,0.0,0,-1.0,-1.0,-1.0,-1.0
1791147672.53,1703431.1,1119.9,19277.6,19277.6,-845.6,1241.5,1116.1,-45.91,92.71,27.63,274.58,28646.58,46.140864,2922.6,5.19,67945.1,-551898.4,358023.3,0.8656,1.118,716.2,-0.85945,-45.19314,0.0,0,-1.0,-1.0,-1.0,-1.0
1791147673.03,1703431.6,1120.4,18859.2,18859.2,-828.8,1217.7,1092.4,-48.14,89.81,25.59,274.54,29814.87,50.125542,3167.5,5.57,65114.4,-553850.2,355632.1,0.8702,1.119,709.1,-0.85997,-45.15984,0.0,0,-1.0,-1.0,-1.0,-1.0
1791147673.53,1703432.1,1120.9,18449.1,18449.1,-812.0,1193.6,1068.5,-53.35,91.14,26.69,274.5,30949.14,54.388786,3429.0,5.73,62384.5,-555800.5,353292.0,0.8749,1.114,702.1,-0.86048,-45.12728,0.0,0,-1.0,-1.0,-1.0,-1.0
1791147674.03,1703432.6,1121.4,18031.4,18031.4,-794.3,1168.3,1043.4,-45.35,91.36,27.08,274.46,32084.63,59.124394,3718.8,5.67,59622.2,-557766.3,350928.0,0.8797,1.114,695.1,-0.861,-45.09426,0.0,0,-1.0,-1.0,-1.0,-1.0
1791147674.53,1703433.1,1121.9,17638.8,17638.8,-776.9,1143.5,1018.8,-53.05,89.61,25.74,274.42,33095.7,63.967189,4014.4,5.7,57022.0,-559640.5,348690.7,0.8843,1.11,688.4,-0.86148,-45.0633,0.0,0,-1.0,-1.0,-1.0,-1.0
1791147675.04,1703433.6,1122.4,17255.0,17255.0,-759.0,1118.0,993.5,-48.08,92.43,28.06,274.38,33995.3,69.093971,4326.7,5.84,54463.4,-561512.0,346475.7,0.8889,1.107,681.9,-0.86195,-45.03317,0.0,0,-1.0,-1.0,-1.0,-1.0
1791147675.54,1703434.1,1122.9,16895.2,16895.2,-741.3,1093.0,968.6,-49.87,89.38,25.79,274.34,34843.87,74.276594,4641.7,6.01,52045.8,-563283.3,344381.2,0.8934,1.105,675.7,-0.86239,-45.00502,0.0,0,-1.0,-1.0,-1.0,-1.0
1791147676.04,1703434.6,1123.4,16514.9,16514.9,-721.9,1065.6,941.3,-51.0,92.16,27.97,274.31,35416.55,80.17211,4999.3,6.12,49508.5,-565172.4,342168.0,0.8982,1.101,669.2,-0.86284,-44.97538,0.0,0,-1.0,-1.0,-1.0,-1.0
1791147676.54,1703435.1,1123.9,16158.8,16158.8,-703.0,1039.0,914.8,-48.82,90.2,26.54,274.27,35935.52,86.11436,5358.9,6.15,47148.6,-566938.0,340105.3,0.9028,1.099,663.2,-0.86327,-44.94776,0.0,0,-1.0,-1.0,-1.0,-1.0
1791147677.05,1703435.6,1124.4,15812.2,15812.2,-684.0,1012.2,888.2,-51.8,91.09,27.2,274.24,36273.0,92.200127,5734.0,6.17,44874.9,-568657.7,338108.6,0.9073,1.095,657.3,-0.86369,-44.92098,0.0,0,-1.0,-1.0,-1.0,-1.0
1791147677.55,1703436.1,1124.9,15475.1,15475.1,-664.9,985.4,861.5,-49.45,91.21,27.35,274.2,36443.73,98.481011,6124.6,6.16,42688.7,-570324.8,336181.9,0.9117,1.092,651.7,-0.86409,-44.89507,0.0,0,-1.0,-1.0,-1.0,-1.0
1791147678.05,1703436.6,1125.4,15147.7,15147.7,-645.7,958.6,834.8,-51.29,90.26,26.61,274.17,36563.55,105.003459,6530.3,6.16,40590.9,-571936.0,334327.4,0.9161,1.088,646.3,-0.86448,-44.87002,0.0,0,-1.0,-1.0,-1.0,-1.0
1791147678.55,1703437.1,1125.9,14817.3,14817.3,-625.8,930.7,807.1,-50.64,91.65,27.71,274.13,36347.61,112.033405,6967.5,6.17,38502.9,-573553.7,332474.6,0.9205,1.084,641.0,-0.86486,-44.84488,0.0,0,-1.0,-1.0,-1.0,-1.0
1791147679.06,1703437.6,1126.4,14521.5,14521.5,-607.5,905.1,781.6,-50.8,90.17,26.57,274.1,36194.46,118.733336,7384.2,6.14,36668.8,-574983.7,330842.6,0.9244,1.081,636.2,-0.86521,-44.82249,0.0,0,-1.0,-1.0,-1.0,-1.0
1791147679.56,1703438.1,1126.9,14222.7,14222.7,-588.6,878.8,755.4,-51.62,91.46,27.56,274.07,35736.18,125.912932,7830.7,6.09,34850.9,-576411.1,329219.9,0.9283,1.076,631.6,-0.86555,-44.80001,0.0,0,-1.0,-1.0,-1.0,-1.0
1791147680.06,1703438.6,1127.4,13933.3,13933.2,-569.9,852.8,729.5,-50.95,90.65,26.95,274.04,35244.99,133.280683,8288.9,6.02,33127.8,-577772.1,327677.9,0.9322,1.072,627.1,-0.86589,-44.77836,0.0,0,-1.0,-1.0,-1.0,-1.0
1791147680.56,1703439.1,1127.9,13653.1,13653.1,-551.5,827.2,704.0,-51.91,90.87,27.11,274.01,34647.51,140.818387,8757.7,5.94,31499.7,-579065.3,326217.2,0.9358,1.068,623.0,-0.86621,-44.75754,0.0,0,-1.0,-1.0,-1.0,-1.0
1791147681.06,1703439.6,1128.4,13382.1,13382.1,-533.3,802.0,679.0,-51.64,91.17,27.36,273.99,33950.37,148.507612,9235.9,5.84,29962.6,-580292.5,324835.0,0.9393,1.064,619.0,-0.86651,-44.73753,0.0,0,-1.0,-1.0,-1.0,-1.0
1791147681.56,1703440.1,1128.9,13120.1,13120.1,-515.6,777.4,654.5,-51.97,90.53,26.85,273.96,33174.38,156.337178,9722.8,5.73,28518.2,-581451.1,323533.6,0.9427,1.059,615.3,-0.86681,-44.71832,0.0,0,-1.0,-1.0,-1.0,-1.0
1791147682.07,1703440.5,1129.4,12906.7,12906.7,-501.0,757.3,634.4,-52.39,91.19,27.37,273.94,32470.47,163.016055,10138.2,5.63,27373.5,-582372.6,322500.5,0.9453,1.055,612.3,-0.86705,-44.70278,0.0,0,-1.0,-1.0,-1.0,-1.0
1791147682.57,1703441.1,1129.9,12651.0,12651.0,-483.4,732.9,610.1,-52.25,90.79,27.05,273.91,31542.48,171.401929,10659.7,5.49,26039.0,-583450.6,321294.2,0.9485,1.05,608.9,-0.86733,-44.68429,0.0,0,-1.0,-1.0,-1.0,-1.0
1791147683.07,1703441.5,1130.4,12451.0,12451.0,-469.6,713.8,591.1,-52.66,90.71,26.99,273.89,30759.43,178.259836,11086.2,5.38,25026.8,-584270.4,320378.2,0.9509,1.046,606.3,-0.86755,-44.66994,0.0,0,-1.0,-1.0,-1.0,-1.0
1791147683.58,1703442.0,1130.9,12211.3,12211.3,-452.9,690.7,568.1,-52.93,91.15,27.34,273.86,29746.23,186.842054,11619.9,5.26,23845.8,-585229.2,319308.3,0.9537,1.041,603.3,-0.86781,-44.65288,0.0,0,-1.0,-1.0,-1.0,-1.0
1791147684.08,1703442.5,1131.4,11997.7,11997.7,-437.6,669.6,547.1,-53.04,90.7,26.97,273.84,28779.16,194.836222,12117.1,5.23,22805.6,-586075.4,318365.1,0.9563,1.036,600.6,-0.86804,-44.63781,0.0,0,-1.0,-1.0,-1.0,-1.0
1791147684.58,1703443.0,1131.9,11774.7,11774.8,-420.6,646.4,524.0,-53.49,90.98,27.2,273.81,27504.21,203.547495,12658.9,5.3,21713.3,-586966.1,317373.6,0.9589,1.031,597.8,-0.86828,-44.62222,0.0,0,-1.0,-1.0,-1.0,-1.0
1791147685.08,1703443.5,1132.4,11568.8,11568.8,-403.9,623.7,501.3,-53.65,90.95,27.17,273.79,26184.61,211.941619,13180.9,5.4,20689.6,-587803.1,316443.2,0.9615,1.025,595.2,-0.8685,-44.60796,0.0,0,-1.0,-1.0,-1.0,-1.0
1791147685.59,1703444.0,1132.9,11371.3,11371.3,-386.8,600.7,478.3,-53.96,90.77,27.02,273.77,24745.49,220.317019,13701.8,5.49,19697.2,-588617.4,315539.9,0.9639,1.019,592.6,-0.8687,-44.59443,0.0,0,-1.0,-1.0,-1.0,-1.0
1791147686.09,1703444.5,1133.4,11175.0,11175.0,-368.6,576.5,454.0,-54.35,91.05,27.24,273.75,23148.43,228.967629,14239.8,5.54,18704.5,-589435.3,314634.6,0.9664,1.013,590.1,-0.8689,-44.58113,0.0,0,-1.0,-1.0,-1.0,-1.0
1791147686.6,1703445.0,1133.9,11002.3,11002.3,-351.9,554.2,431.7,-54.57,90.79,27.04,273.73,21629.41,236.864607,14730.9,5.51,17835.8,-590154.5,313840.7,0.9686,1.007,587.8,-0.86908,-44.56955,0.0,0,-1.0,-1.0,-1.0,-1.0
1791147687.1,1703445.5,1134.4,10830.8,10830.8,-334.8,531.6,409.0,-54.99,90.92,27.14,273.71,20053.44,244.972465,15235.1,5.41,16990.6,-590857.5,313066.6,0.9708,1.0,585.7,-0.86925,-44.5582,0.0,0,-1.0,-1.0,-1.0,-1.0
1791147687.6,1703446.0,1134.9,10661.4,10661.4,-317.6,509.0,386.2,-55.34,90.95,27.15,273.69,18468.29,253.253726,15750.1,5.23,16183.9,-591532.2,312325.9,0.9729,0.993,583.6,-0.86942,-44.54712,0.0,0,-1.0,-1.0,-1.0,-1.0
1791147688.1,1703446.5,1135.4,10506.7,10506.7,-302.0,488.5,365.5,-55.69,90.8,27.03,273.67,17039.86,261.058252,16235.5,4.98,15483.2,-592120.8,311681.2,0.9747,0.986,581.8,-0.86957,-44.53715,0.0,0,-1.0,-1.0,-1.0,-1.0
1791147688.6,1703447.0,1135.9,10359.6,10359.6,-287.4,469.4,346.3,-56.15,90.99,27.18,273.65,15729.39,268.70569,16711.1,4.68,14855.6,-592650.0,311102.8,0.9764,0.98,580.2,-0.86971,-44.5278,0.0,0,-1.0,-1.0,-1.0,-1.0
1791147689.11,1703447.5,1136.4,10219.4,10219.4,-274.2,451.9,328.7,-56.53,90.89,27.1,273.64,14553.35,276.201132,17177.3,4.36,14298.6,-593120.8,310588.9,0.9779,0.973,578.7,-0.86984,-44.51903,0.0,0,-1.0,-1.0,-1.0,-1.0
1791147689.61,1703448.0,1136.9,10090.7,10090.7,-262.8,436.8,313.6,-56.93,90.82,27.03,273.62,13573.5,283.265856,17616.6,3.98,13830.7,-593516.5,310157.1,0.9791,0.968,577.5,-0.86996,-44.5111,0.0,0,-1.0,-1.0,-1.0,-1.0
1791147690.12,1703448.5,1137.4,9956.8,9956.8,-252.8,423.2,300.1,-57.46,90.99,27.17,273.6,12748.02,290.806781,18085.6,3.39,13410.6,-593870.7,309769.9,0.9802,0.962,576.4,-0.87009,-44.50299,0.0,0,-1.0,-1.0,-1.0,-1.0
1791147690.62,1703449.0,1137.9,9837.3,9837.3,-245.8,413.3,290.3,-57.92,91.0,27.17,273.59,12216.89,297.711259,18515.0,2.85,13097.0,-594133.4,309481.8,0.981,0.958,575.6,-0.87019,-44.49588,0.0,0,-1.0,-1.0,-1.0,-1.0
1791147691.12,1703449.5,1138.5,9711.1,9711.1,-240.2,404.7,282.1,-58.39,90.89,27.08,273.57,11807.76,305.182288,18979.6,2.37,12818.7,-594363.6,309227.6,0.9818,0.954,574.9,-0.8703,-44.4885,0.0,0,-1.0,-1.0,-1.0,-1.0
1791147691.63,1703450.0,1139.0,9592.1,9592.1,-236.1,398.1,276.0,-58.87,90.87,27.06,273.56,11557.33,312.398641,19428.4,2.05,12593.1,-594547.3,309022.9,0.9824,0.951,574.4,-0.87041,-44.48167,0.0,0,-1.0,-1.0,-1.0,-1.0
1791147692.13,1703450.5,1139.5,9474.9,9474.9,-233.1,392.6,271.0,-59.38,90.97,27.14,273.54,11404.59,319.67667,19881.1,1.82,12394.9,-594705.6,308844.6,0.9829,0.948,573.9,-0.87051,-44.47508,0.0,0,-1.0,-1.0,-1.0,-1.0
1791147692.63,1703451.0,1140.0,9359.0,9359.0,-230.6,387.8,266.8,-59.9,91.07,27.22,273.53,11299.98,327.037229,20338.8,1.67,12215.0,-594846.4,308684.3,0.9833,0.946,573.4,-0.8706,-44.46868,0.0,0,-1.0,-1.0,-1.0,-1.0
1791147693.13,1703451.5,1140.5,9244.2,9244.2,-228.6,383.5,263.1,-60.41,91.08,27.23,273.51,11224.61,334.494549,20802.6,1.57,12047.4,-594974.6,308536.4,0.9837,0.943,573.0,-0.8707,-44.46246,0.0,0,-1.0,-1.0,-1.0,-1.0
1791147693.63,1703452.0,1141.0,9130.4,9130.4,-226.8,379.6,259.8,-60.88,91.02,27.17,273.5,11184.38,342.058536,21273.0,1.51,11887.8,-595094.0,308396.9,0.9841,0.941,572.6,-0.87079,-44.45642,0.0,0,-1.0,-1.0,-1.0,-1.0
1791147694.14,1703452.5,1141.5,9017.5,9017.5,-225.2,375.9,256.8,-61.37,90.95,27.11,273.48,11158.22,350.044899,21769.7,1.47,11727.3,-595211.1,308258.1,0.9845,0.939,572.2,-0.87088,-44.45031,0.0,0,-1.0,-1.0,-1.0,-1.0
1791147694.64,1703453.0,1142.0,8900.8,8900.8,-223.5,372.1,253.7,-61.84,90.93,27.09,273.47,11138.9,357.842677,22254.7,1.45,11575.7,-595319.2,308128.3,0.9848,0.937,571.9,-0.87096,-44.44459,0.0,0,-1.0,-1.0,-1.0,-1.0
1791147695.15,1703453.5,1142.5,8789.5,8789.5,-222.0,368.6,250.8,-62.33,90.98,27.13,273.46,11110.3,365.404507,22746.8,1.44,11425.1,-595423.9,308000.6,0.9851,0.935,571.5,-0.87105,-44.43902,0.0,0,-1.0,-1.0,-1.0,-1.0
1791147695.7,1703454.0,1143.0,8692.1,8692.1,-220.6,365.5,248.3,-62.77,91.04,27.18,273.44,11053.3,371.091092,23184.8,1.44,11293.6,-595513.3,307890.2,0.9854,0.933,571.2,-0.87112,-44.43425,0.0,0,-1.0,-1.0,-1.0,-1.0
1791147696.21,1703454.5,1143.5,8582.2,8582.2,-219.1,362.1,245.5,-63.26,91.09,27.22,273.43,10989.0,377.591915,23687.4,1.43,11145.5,-595611.7,307766.9,0.9857,0.931,570.9,-0.8712,-44.42896,0.0,0,-1.0,-1.0,-1.0,-1.0
1791147696.71,1703455.0,1144.0,8473.1,8473.1,-217.5,358.7,242.8,-63.75,91.08,27.21,273.42,10925.72,384.133427,24195.2,1.42,10998.9,-595706.8,307646.1,0.986,0.929,570.5,-0.87127,-44.42382,0.0,0,-1.0,-1.0,-1.0,-1.0
1791147697.21,1703455.5,1144.5,8364.7,8364.7,-216.0,355.4,240.1,-64.22,91.03,27.16,273.4,10864.07,390.715384,24708.2,1.41,10854.0,-595798.6,307527.7,0.9863,0.927,570.2,-0.87135,-44.41881,0.0,0,-1.0,-1.0,-1.0,-1.0
1791147697.71,1703456.0,1145.0,8252.8,8252.8,-214.5,352.0,237.4,-64.69,90.98,27.11,273.39,10801.96,397.603098,25247.2,1.4,10704.9,-595890.7,307407.1,0.9866,0.925,569.9,-0.87142,-44.41376,0.0,0,-1.0,-1.0,-1.0,-1.0
1791147698.21,1703456.5,1145.5,8150.2,8150.2,-213.1,349.0,235.0,-65.13,90.97,27.1,273.38,10746.25,403.999243,25749.8,1.39,10568.9,-595972.8,307298.0,0.9869,0.923,569.6,-0.87149,-44.40921,0.0,0,-1.0,-1.0,-1.0,-1.0
1791147698.71,1703457.0,1146.0,8044.0,8044.0,-211.7,345.9,232.6,-65.62,91.01,27.13,273.36,10696.12,410.700469,26278.3,1.38,10428.5,-596055.4,307186.5,0.9872,0.921,569.2,-0.87156,-44.40461,0.0,0,-1.0,-1.0,-1.0,-1.0
1791147699.22,1703457.5,1146.5,7934.3,7934.3,-210.2,342.8,230.1,-66.09,91.06,27.17,273.35,10631.26,417.711024,26833.3,1.37,10283.9,-596138.5,307072.7,0.9874,0.919,568.9,-0.87163,-44.39996,0.0,0,-1.0,-1.0,-1.0,-1.0
1791147699.72,1703458.0,1147.0,7833.8,7833.8,-208.8,339.9,227.8,-66.54,91.09,27.2,273.34,10578.41,424.218967,27350.6,1.37,10151.6,-596212.6,306969.5,0.9877,0.918,568.6,-0.87169,-44.39579,0.0,0,-1.0,-1.0,-1.0,-1.0
1791147700.22,1703458.5,1147.6,7725.6,7725.6,-207.4,336.9,225.4,-67.03,91.09,27.19,273.33,10522.39,431.308616,27916.2,1.36,10009.7,-596290.2,306859.8,0.9879,0.916,568.3,-0.87175,-44.39139,0.0,0,-1.0,-1.0,-1.0,-1.0
1791147700.72,1703459.0,1148.1,7622.3,7622.3,-206.0,334.1,223.2,-67.48,91.05,27.16,273.31,10470.09,438.1636,28465.1,1.35,9874.7,-596362.2,306756.3,0.9881,0.914,568.0,-0.87181,-44.38728,0.0,0,-1.0,-1.0,-1.0,-1.0
1791147701.23,1703459.5,1148.6,7519.6,7519.6,-204.6,331.3,221.0,-67.91,91.02,27.12,273.3,10419.5,445.055704,29019.1,1.34,9741.0,-596431.7,306654.7,0.9884,0.913,567.8,-0.87187,-44.38329,0.0,0,-1.0,-1.0,-1.0,-1.0
1791147701.73,1703460.0,1149.1,7417.7,7417.7,-203.3,328.6,218.9,-68.35,91.01,27.11,273.29,10370.49,451.984638,29578.1,1.33,9608.7,-596498.8,306554.9,0.9886,0.911,567.5,-0.87193,-44.37942,0.0,0,-1.0,-1.0,-1.0,-1.0
1791147702.23,1703460.5,1149.6,7316.4,7316.4,-202.0,325.9,216.8,-68.78,91.03,27.13,273.28,10328.73,458.949993,30142.0,1.33,9477.7,-596563.7,306457.0,0.9888,0.909,567.2,-0.87198,-44.37565,0.0,0,-1.0,-1.0,-1.0,-1.0
1791147702.73,1703461.0,1150.1,7215.7,7215.7,-200.6,323.3,214.7,-69.23,91.07,27.16,273.26,10276.06,465.951402,30710.9,1.32,9347.8,-596626.4,306360.7,0.989,0.908,566.9,-0.87204,-44.37199,0.0,0,-1.0,-1.0,-1.0,-1.0
1791147703.23,1703461.5,1150.6,7111.8,7111.8,-199.3,320.7,212.7,-69.68,91.1,27.19,273.25,10228.49,473.27049,31307.7,1.32,9213.9,-596689.5,306262.2,0.9892,0.906,566.7,-0.87209,-44.36829,0.0,0,-1.0,-1.0,-1.0,-1.0
1791147703.73,1703462.0,1151.1,7012.4,7012.4,-198.0,318.1,210.7,-70.12,91.11,27.19,273.24,10183.86,480.343784,31886.6,1.31,9086.4,-596748.0,306169.2,0.9894,0.905,566.4,-0.87214,-44.36485,0.0,0,-1.0,-1.0,-1.0,-1.0
1791147704.24,1703462.5,1151.6,6913.8,6913.8,-196.7,315.7,208.8,-70.54,91.09,27.17,273.23,10140.54,487.451664,32470.3,1.3,8960.1,-596804.6,306077.7,0.9896,0.904,566.2,-0.87219,-44.3615,0.0,0,-1.0,-1.0,-1.0,-1.0
1791147704.74,1703463.0,1152.1,6815.7,6815.7,-195.5,313.3,206.9,-70.95,91.06,27.14,273.22,10098.64,494.593723,33058.8,1.3,8834.9,-596859.2,305987.9,0.9897,0.902,565.9,-0.87224,-44.35824,0.0,0,-1.0,-1.0,-1.0,-1.0
1791147705.24,1703463.5,1152.6,6718.3,6718.3,-194.2,310.9,205.1,-71.36,91.05,27.13,273.21,10058.13,501.769771,33652.2,1.29,8710.9,-596912.0,305899.5,0.9899,0.901,565.7,-0.87228,-44.35509,0.0,0,-1.0,-1.0,-1.0,-1.0
1791147705.74,1703464.0,1153.1,6621.5,6621.5,-193.0,308.6,203.4,-71.76,91.06,27.14,273.19,10018.81,508.979333,34250.3,1.28,8588.1,-596963.0,305812.5,0.9901,0.9,565.4,-0.87233,-44.35202,0.0,0,-1.0,-1.0,-1.0,-1.0
1791147706.24,1703464.5,1153.6,6525.3,6525.3,-191.8,306.4,201.6,-72.16,91.09,27.16,273.18,9980.49,516.222152,34853.3,1.28,8466.3,-597012.3,305727.0,0.9902,0.899,565.2,-0.87237,-44.34904,0.0,0,-1.0,-1.0,-1.0,-1.0
1791147706.75,1703465.0,1154.1,6429.7,6429.7,-190.6,304.2,199.9,-72.56,91.12,27.19,273.17,9943.06,523.497767,35460.9,1.27,8345.5,-597060.0,305642.7,0.9904,0.897,565.0,-0.87241,-44.34616,0.0,0,-1.0,-1.0,-1.0,-1.0
1791147707.25,1703465.5,1154.6,6334.7,6334.7,-189.4,302.0,198.2,-72.96,91.14,27.2,273.16,9906.54,530.80575,36073.2,1.27,8225.8,-597106.1,305559.8,0.9905,0.896,564.7,-0.87245,-44.34335,0.0,0,-1.0,-1.0,-1.0,-1.0
1791147707.75,1703466.0,1155.1,6240.3,6240.3,-188.3,299.9,196.6,-73.35,91.13,27.19,273.15,9871.04,538.145645,36690.3,1.26,8107.0,-597150.7,305478.2,0.9907,0.895,564.5,-0.87249,-44.34063,0.0,0,-1.0,-1.0,-1.0,-1.0
1791147708.25,1703466.5,1155.6,6146.5,6146.5,-187.1,297.8,195.0,-73.73,91.11,27.17,273.14,9836.69,545.517198,37311.9,1.26,7989.4,-597193.8,305397.8,0.9908,0.894,564.3,-0.87253,-44.33799,0.0,0,-1.0,-1.0,-1.0,-1.0
1791147708.75,1703467.0,1156.1,6053.2,6053.2,-185.9,295.8,193.5,-74.1,91.1,27.16,273.13,9803.49,552.920049,37938.2,1.25,7872.7,-597235.4,305318.7,0.9909,0.893,564.1,-0.87257,-44.33543,0.0,0,-1.0,-1.0,-1.0,-1.0
1791147709.25,1703467.5,1156.6,5960.6,5960.6,-184.8,293.8,191.9,-74.47,91.1,27.16,273.12,9771.38,560.353875,38569.1,1.25,7757.1,-597275.6,305240.7,0.9911,0.892,563.8,-0.8726,-44.33295,0.0,0,-1.0,-1.0,-1.0,-1.0
1791147709.75,1703468.0,1157.1,5868.4,5868.4,-183.7,291.9,190.4,-74.83,91.12,27.18,273.11,9740.22,567.818353,39204.6,1.25,7642.5,-597314.5,305164.0,0.9912,0.891,563.6,-0.87264,-44.33054,0.0,0,-1.0,-1.0,-1.0,-1.0
1791147710.26,1703468.5,1157.6,5776.9,5776.9,-182.6,290.0,189.0,-75.19,91.15,27.2,273.1,9709.91,575.313145,39844.7,1.24,7528.7,-597352.1,305088.3,0.9913,0.89,563.4,-0.87267,-44.32821,0.0,0,-1.0,-1.0,-1.0,-1.0
1791147710.76,1703469.0,1158.1,5685.9,5685.9,-181.5,288.1,187.5,-75.55,91.17,27.22,273.08,9680.43,582.837801,40489.3,1.24,7416.0,-597388.5,305013.7,0.9914,0.889,563.2,-0.8727,-44.32594,0.0,0,-1.0,-1.0,-1.0,-1.0
1791147711.26,1703469.5,1158.6,5595.4,5595.4,-180.4,286.3,186.1,-75.9,91.18,27.22,273.07,9651.8,590.392004,41138.3,1.23,7304.1,-597423.6,304940.2,0.9916,0.889,563.0,-0.87273,-44.32374,0.0,0,-1.0,-1.0,-1.0,-1.0
1791147711.76,1703470.0,1159.1,5505.5,5505.5,-179.3,284.5,184.7,-76.25,91.17,27.21,273.06,9624.09,597.975492,41791.9,1.23,7193.2,-597457.6,304867.8,0.9917,0.888,562.8,-0.87276,-44.32162,0.0,0,-1.0,-1.0,-1.0,-1.0
1791147712.26,1703470.5,1159.6,5416.1,5416.1,-178.3,282.7,183.4,-76.58,91.16,27.2,273.05,9601.91,605.587912,42449.9,1.22,7083.2,-597490.4,304796.4,0.9918,0.887,562.6,-0.87279,-44.31955,0.0,0,-1.0,-1.0,-1.0,-1.0
1791147712.77,1703471.0,1160.1,5323.7,5323.7,-177.2,281.0,182.0,-76.92,91.16,27.2,273.04,9570.56,613.53531,43139.0,1.22,6969.7,-597523.4,304723.2,0.9919,0.886,562.4,-0.87282,-44.31747,0.0,0,-1.0,-1.0,-1.0,-1.0
1791147713.27,1703471.5,1160.6,5235.4,5235.4,-176.2,279.3,180.7,-77.24,91.17,27.21,273.03,9545.7,621.206169,43806.0,1.22,6861.6,-597554.0,304653.8,0.992,0.886,562.2,-0.87285,-44.31554,0.0,0,-1.0,-1.0,-1.0,-1.0
1791147713.77,1703472.0,1161.1,5147.5,5147.5,-175.1,277.7,179.4,-77.56,91.19,27.22,273.02,9521.64,628.905217,44477.5,1.21,6754.3,-597583.7,304585.3,0.9921,0.885,562.0,-0.87287,-44.31366,0.0,0,-1.0,-1.0,-1.0,-1.0
1791147714.27,1703472.5,1161.6,5060.2,5060.2,-174.1,276.1,178.2,-77.87,91.21,27.24,273.01,9498.32,636.632135,45153.3,1.21,6647.8,-597612.3,304517.8,0.9922,0.884,561.8,-0.8729,-44.31184,0.0,0,-1.0,-1.0,-1.0,-1.0
1791147714.77,1703473.0,1162.1,4973.4,4973.4,-173.1,274.5,177.0,-78.18,91.23,27.26,273.0,9475.73,644.386755,45833.5,1.21,6542.2,-597640.0,304451.1,0.9922,0.884,561.7,-0.87292,-44.31008,0.0,0,-1.0,-1.0,-1.0,-1.0
1791147715.27,1703473.5,1162.6,4887.1,4887.1,-172.1,272.9,175.8,-78.49,91.23,27.26,272.99,9453.89,652.168622,46518.0,1.2,6437.4,-597666.8,304385.3,0.9923,0.883,561.5,-0.87295,-44.30837,0.0,0,-1.0,-1.0,-1.0,-1.0
1791147715.78,1703474.0,1163.1,4801.3,4801.3,-171.2,271.4,174.6,-78.78,91.23,27.26,272.98,9432.83,659.977574,47206.9,1.2,6333.5,-597692.6,304320.4,0.9924,0.883,561.3,-0.87297,-44.30672,0.0,0,-1.0,-1.0,-1.0,-1.0
1791147716.28,1703474.6,1163.6,4716.0,4716.0,-170.2,270.0,173.4,-79.07,91.23,27.26,272.97,9416.75,667.813339,47900.0,1.2,6230.3,-597717.6,304256.3,0.9925,0.882,561.1,-0.87299,-44.30512,0.0,0,-1.0,-1.0,-1.0,-1.0
1791147716.78,1703475.1,1164.1,4631.1,4631.1,-169.2,268.5,172.3,-79.35,91.24,27.26,272.96,9397.23,675.675793,48597.4,1.19,6128.0,-597741.8,304193.1,0.9926,0.882,560.9,-0.87301,-44.30357,0.0,0,-1.0,-1.0,-1.0,-1.0
1791147717.28,1703475.6,1164.6,4543.4,4543.4,-168.3,267.1,171.1,-79.64,91.25,27.27,272.95,9373.6,683.880778,49327.3,1.19,6022.4,-597766.1,304128.1,0.9927,0.881,560.8,-0.87304,-44.30201,0.0,0,-1.0,-1.0,-1.0,-1.0
1791147717.78,1703476.1,1165.1,4459.5,4459.5,-167.3,265.7,170.0,-79.91,91.27,27.29,272.94,9355.54,691.796848,50033.4,1.19,5921.6,-597788.7,304066.5,0.9927,0.881,560.6,-0.87306,-44.30056,0.0,0,-1.0,-1.0,-1.0,-1.0
1791147718.29,1703476.6,1165.6,4376.1,4376.1,-166.4,264.3,169.0,-80.18,91.29,27.31,272.93,9338.12,699.738926,50743.7,1.18,5821.7,-597810.5,304005.6,0.9928,0.88,560.4,-0.87308,-44.29915,0.0,0,-1.0,-1.0,-1.0,-1.0
1791147718.79,1703477.1,1166.1,4293.1,4293.1,-165.5,263.0,167.9,-80.45,91.31,27.32,272.92,9321.32,707.706764,51458.2,1.18,5722.4,-597831.6,303945.4,0.9929,0.88,560.3,-0.87309,-44.29779,0.0,0,-1.0,-1.0,-1.0,-1.0
1791147719.29,1703477.6,1166.6,4210.6,4210.6,-164.6,261.7,166.9,-80.71,91.32,27.33,272.91,9305.17,715.700259,52177.0,1.18,5623.9,-597852.0,303886.0,0.9929,0.879,560.1,-0.87311,-44.29647,0.0,0,-1.0,-1.0,-1.0,-1.0
1791147719.79,1703478.1,1167.1,4128.5,4128.5,-163.7,260.5,165.9,-80.96,91.32,27.33,272.9,9289.67,723.719172,52899.9,1.18,5526.1,-597871.7,303827.2,0.993,0.879,559.9,-0.87313,-44.2952,0.0,0,-1.0,-1.0,-1.0,-1.0
1791147720.29,1703478.6,1167.6,4046.9,4046.9,-162.8,259.2,164.9,-81.2,91.33,27.34,272.89,9274.83,731.763344,53627.0,1.17,5429.1,-597890.8,303769.2,0.9931,0.879,559.8,-0.87315,-44.29396,0.0,0,-1.0,-1.0,-1.0,-1.0
1791147720.79,1703479.1,1168.1,3965.7,3965.7,-162.0,258.0,163.9,-81.44,91.34,27.35,272.88,9260.63,739.832628,54358.2,1.17,5332.8,-597909.2,303711.8,0.9931,0.878,559.6,-0.87316,-44.29277,0.0,0,-1.0,-1.0,-1.0,-1.0
1791147721.3,1703479.6,1168.6,3884.9,3884.9,-161.1,256.9,162.9,-81.67,91.35,27.36,272.87,9247.04,747.926873,55093.6,1.17,5237.1,-597927.0,303655.1,0.9932,0.878,559.5,-0.87318,-44.29161,0.0,0,-1.0,-1.0,-1.0,-1.0
1791147721.8,1703480.1,1169.1,3804.6,3804.6,-160.3,255.7,162.0,-81.9,91.38,27.38,272.86,9234.02,756.045872,55833.1,1.17,5142.2,-597944.3,303599.0,0.9932,0.878,559.3,-0.87319,-44.29049,0.0,0,-1.0,-1.0,-1.0,-1.0
1791147722.3,1703480.6,1169.6,3724.6,3724.6,-159.5,254.6,161.0,-82.13,91.4,27.4,272.86,9221.55,764.189517,56576.8,1.16,5047.9,-597960.9,303543.5,0.9933,0.877,559.1,-0.87321,-44.28941,0.0,0,-1.0,-1.0,-1.0,-1.0
1791147722.8,1703480.9,1170.1,3667.4,3667.4,-158.9,253.8,160.4,-82.29,91.41,27.42,272.85,9216.63,770.068109,57114.7,1.16,4980.5,-597972.6,303504.0,0.9933,0.877,559.0,-0.87322,-44.28865,0.0,0,-1.0,-1.0,-1.0,-1.0
1791147723.3,1703481.4,1170.6,3585.0,3585.0,-158.0,252.6,159.4,-82.52,91.43,27.43,272.84,9200.92,778.581556,57895.5,1.16,4883.6,-597988.9,303447.4,0.9934,0.877,558.9,-0.87323,-44.28759,0.0,0,-1.0,-1.0,-1.0,-1.0
1791147723.8,1703481.9,1171.1,3506.2,3506.2,-157.2,251.6,158.5,-82.73,91.44,27.44,272.83,9189.97,786.792381,58650.5,1.16,4791.2,-598004.1,303393.6,0.9934,0.877,558.7,-0.87324,-44.2866,0.0,0,-1.0,-1.0,-1.0,-1.0
1791147724.31,1703482.4,1171.6,3427.8,3427.8,-156.4,250.5,157.7,-82.93,91.45,27.45,272.82,9179.56,795.027132,59409.5,1.15,4699.4,-598018.8,303340.3,0.9935,0.877,558.6,-0.87326,-44.28565,0.0,0,-1.0,-1.0,-1.0,-1.0
1791147724.81,1703482.9,1172.1,3349.8,3349.8,-155.6,249.5,156.8,-83.13,91.46,27.46,272.81,9169.7,803.285885,60172.6,1.15,4608.2,-598032.9,303287.6,0.9935,0.876,558.4,-0.87327,-44.28472,0.0,0,-1.0,-1.0,-1.0,-1.0
1791147725.31,1703483.4,1172.6,3272.2,3272.2,-154.8,248.5,155.9,-83.33,91.48,27.48,272.8,9160.37,811.568625,60939.8,1.15,4517.7,-598046.7,303235.5,0.9936,0.876,558.3,-0.87328,-44.28383,0.0,0,-1.0,-1.0,-1.0,-1.0
1791147725.81,1703483.9,1173.1,3195.0,3195.0,-154.1,247.6,155.1,-83.52,91.51,27.5,272.79,9151.55,819.875092,61711.0,1.15,4427.8,-598059.9,303183.9,0.9936,0.876,558.2,-0.87329,-44.28296,0.0,0,-1.0,-1.0,-1.0,-1.0
1791147726.31,1703484.4,1173.6,3118.1,3118.1,-153.3,246.6,154.3,-83.71,91.53,27.53,272.78,9143.22,828.205256,62486.2,1.15,4338.5,-598072.8,303132.8,0.9936,0.876,558.0,-0.8733,-44.28213,0.0,0,-1.0,-1.0,-1.0,-1.0
1791147726.81,1703485.0,1174.1,3041.7,3041.7,-152.6,245.7,153.5,-83.89,91.55,27.55,272.77,9135.36,836.559049,63265.5,1.14,4249.7,-598085.2,303082.3,0.9937,0.876,557.9,-0.87331,-44.28132,0.0,0,-1.0,-1.0,-1.0,-1.0
1791147727.32,1703485.5,1174.6,2965.6,2965.6,-151.8,244.8,152.7,-84.07,91.57,27.57,272.76,9131.47,844.936438,64048.8,1.14,4161.6,-598097.1,303032.2,0.9937,0.875,557.7,-0.87332,-44.28054,0.0,0,-1.0,-1.0,-1.0,-1.0
1791147727.82,1703486.0,1175.1,2886.8,2886.8,-151.1,243.8,151.9,-84.25,91.59,27.59,272.76,9120.83,853.673777,64867.8,1.14,4070.5,-598109.2,302980.7,0.9938,0.875,557.6,-0.87333,-44.27975,0.0,0,-1.0,-1.0,-1.0,-1.0
1791147728.32,1703486.5,1175.6,2811.5,2811.5,-150.4,243.0,151.1,-84.42,91.61,27.6,272.75,9114.44,862.098876,65659.3,1.14,3983.6,-598120.4,302931.6,0.9938,0.875,557.5,-0.87334,-44.27902,0.0,0,-1.0,-1.0,-1.0,-1.0
1791147728.82,1703487.0,1176.2,2736.5,2736.5,-149.6,242.1,150.4,-84.58,91.63,27.63,272.74,9108.53,870.547186,66454.8,1.14,3897.2,-598131.2,302883.0,0.9938,0.875,557.3,-0.87335,-44.27832,0.0,0,-1.0,-1.0,-1.0,-1.0
1791147729.32,1703487.5,1176.7,2661.8,2661.8,-148.9,241.3,149.6,-84.74,91.66,27.65,272.73,9103.08,879.018822,67254.4,1.13,3811.3,-598141.7,302834.8,0.9939,0.875,557.2,-0.87336,-44.27764,0.0,0,-1.0,-1.0,-1.0,-1.0
1791147729.82,1703488.0,1177.2,2587.5,2587.5,-148.3,240.5,148.9,-84.9,91.69,27.68,272.72,9098.08,887.513594,68058.0,1.13,3726.0,-598151.8,302787.1,0.9939,0.875,557.1,-0.87337,-44.27698,0.0,0,-1.0,-1.0,-1.0,-1.0
1791147730.33,1703488.5,1177.7,2513.6,2513.6,-147.6,239.7,148.2,-85.05,91.72,27.71,272.71,9093.52,896.031414,68865.5,1.13,3641.2,-598161.6,302739.8,0.9939,0.875,556.9,-0.87338,-44.27634,0.0,0,-1.0,-1.0,-1.0,-1.0
1791147730.83,1703489.0,1178.2,2440.8,2440.8,-142.4,235.8,142.9,-85.4,93.2,29.18,272.7,8535.51,904.476159,69668.0,2.29,3489.7,-598178.8,302655.4,0.994,0.875,556.7,-0.87338,-44.27573,0.0,0,-1.0,-1.0,-1.0,-1.0
1791147731.33,1703489.5,1178.7,2374.7,2374.7,-120.1,221.1,120.5,-86.33,201.76,137.52,272.69,6121.26,912.202337,70403.6,5.99,3120.0,-598223.6,302448.2,0.9941,0.874,556.1,-0.87339,-44.27519,0.0,0,-1.0,-1.0,-1.0,-1.0
1791147731.83,1703490.0,1179.2,2320.7,2320.7,-94.8,206.0,95.0,77.19,251.51,163.81,272.68,3834.24,918.546415,71008.8,6.12,2785.4,-598277.3,302254.0,0.9943,0.874,555.6,-0.87339,-44.27476,0.0,0,-1.0,-1.0,-1.0,-1.0
1791147732.33,1703490.5,1179.7,2279.0,2279.0,-77.2,197.0,77.4,-51.5,57.98,-6.15,272.68,2555.87,923.474167,71479.6,4.51,2586.5,-598308.3,302139.1,0.9944,0.877,555.3,-0.87342,-44.27451,0.0,0,-1.0,-1.0,-1.0,-1.0
1791147732.83,1703491.0,1180.2,2242.3,2242.3,-67.5,192.7,67.7,69.33,32.0,-0.78,272.67,1964.28,927.822582,71895.5,2.82,2478.2,-598322.3,302078.0,0.9944,0.874,555.1,-0.87343,-44.27425,0.0,0,-1.0,-1.0,-1.0,-1.0
1791147733.34,1703491.5,1180.7,2210.3,2210.3,-59.1,189.2,59.3,-29.32,217.82,157.95,272.66,1511.21,931.630774,72260.1,2.65,2390.5,-598336.7,302026.9,0.9945,0.873,555.0,-0.87338,-44.27398,0.0,0,-1.0,-1.0,-1.0,-1.0
1791147733.84,1703492.0,1181.2,2181.4,2181.4,-54.2,187.0,54.3,66.43,210.25,156.26,272.65,1274.66,935.077507,72590.4,1.89,2333.6,-598350.6,301991.5,0.9945,0.877,554.9,-0.8734,-44.27382,0.0,0,-1.0,-1.0,-1.0,-1.0
1791147734.34,1703492.5,1181.7,2155.6,2155.6,-51.4,185.6,51.5,-16.94,26.78,-24.89,272.64,1148.96,938.157747,72885.8,1.59,2292.0,-598363.5,301964.2,0.9946,0.878,554.8,-0.87348,-44.2737,0.0,0,-1.0,-1.0,-1.0,-1.0
1791147734.84,1703493.0,1182.2,2131.4,2131.4,-49.5,184.6,49.5,-10.47,14.13,-30.03,272.63,1064.93,941.057266,73164.1,1.39,2257.6,-598371.8,301942.9,0.9946,0.874,554.7,-0.87349,-44.27358,0.0,0,-1.0,-1.0,-1.0,-1.0
1791147735.34,1703493.5,1182.7,2106.3,2106.3,-48.4,183.9,48.4,75.22,214.84,119.82,272.62,1022.3,944.072293,73453.7,1.23,2227.7,-598379.3,301924.2,0.9946,0.881,554.7,-0.87342,-44.27346,0.0,0,-1.0,-1.0,-1.0,-1.0
1791147735.85,1703494.0,1183.2,2083.5,2083.5,-45.4,183.2,45.4,8.96,185.01,141.65,272.62,901.16,946.825073,73718.3,1.58,2189.8,-598379.6,301905.1,0.9946,0.888,554.6,-0.87336,-44.27338,0.0,0,-1.0,-1.0,-1.0,-1.0
1791147736.35,1703494.5,1183.7,2060.8,2060.8,-43.6,182.7,43.7,76.3,172.73,149.44,272.61,835.97,949.562283,73981.6,1.37,2159.6,-598380.9,301889.3,0.9946,0.879,554.6,-0.87338,-44.27329,0.0,0,-1.0,-1.0,-1.0,-1.0
1791147736.85,1703495.0,1184.2,2039.4,2039.4,-43.6,182.3,43.7,12.18,358.15,-39.08,272.6,837.84,952.154172,74231.0,1.01,2137.7,-598387.9,301874.9,0.9947,0.874,554.5,-0.87343,-44.27321,0.0,0,-1.0,-1.0,-1.0,-1.0
1791147737.35,1703495.5,1184.7,2017.5,2017.5,-44.4,182.0,44.4,2.74,352.99,-39.08,272.59,869.72,954.811346,74486.9,0.83,2119.3,-598398.1,301860.6,0.9947,0.874,554.5,-0.87342,-44.27314,0.0,0,-1.0,-1.0,-1.0,-1.0
1791147737.85,1703496.0,1185.2,1993.8,1993.8,-44.7,181.6,44.7,75.07,343.4,-31.82,272.58,882.35,957.689643,74764.3,0.96,2097.3,-598405.6,301845.8,0.9947,0.874,554.5,-0.87339,-44.27311,0.0,0,-1.0,-1.0,-1.0,-1.0
1791147738.35,1703496.5,1185.7,1972.1,1972.1,-42.6,181.2,42.6,31.12,171.12,138.84,272.57,805.67,960.334246,75019.4,1.52,2066.1,-598405.3,301830.4,0.9947,0.877,554.4,-0.87333,-44.2731,0.0,0,-1.0,-1.0,-1.0,-1.0
1791147738.86,1703497.0,1186.2,1951.0,1951.0,-41.0,180.9,41.0,75.26,163.91,144.39,272.57,746.68,962.903561,75267.3,1.29,2038.2,-598403.3,301817.4,0.9947,0.874,554.4,-0.87334,-44.27306,0.0,0,-1.0,-1.0,-1.0,-1.0
1791147739.36,1703497.5,1186.7,1930.6,1930.6,-41.6,180.9,41.6,32.91,348.69,-41.81,272.56,769.74,965.402914,75508.7,0.88,2020.0,-598406.2,301806.9,0.9947,0.873,554.4,-0.8734,-44.27302,0.0,0,-1.0,-1.0,-1.0,-1.0
1791147739.86,1703498.0,1187.2,1909.7,1909.7,-42.4,180.7,42.4,25.35,346.54,-40.88,272.55,802.74,967.969594,75756.7,0.83,2002.6,-598412.6,301795.0,0.9947,0.878,554.3,-0.87341,-44.273,0.0,0,-1.0,-1.0,-1.0,-1.0
1791147740.36,1703498.5,1187.7,1888.0,1888.0,-42.8,180.6,42.8,85.22,341.86,-36.19,272.54,820.71,970.625069,76013.4,0.92,1983.1,-598416.8,301783.1,0.9948,0.875,554.3,-0.87338,-44.27301,0.0,0,-1.0,-1.0,-1.0,-1.0
1791147740.86,1703499.0,1188.2,1867.1,1867.1,-41.2,180.3,41.2,42.74,165.64,139.99,272.53,762.33,973.199529,76262.5,1.41,1955.0,-598415.5,301769.8,0.9947,0.873,554.3,-0.87334,-44.27302,0.0,0,-1.0,-1.0,-1.0,-1.0
1791147741.37,1703499.5,1188.7,1845.9,1845.9,-40.2,180.2,40.2,86.64,142.82,161.94,272.52,725.95,975.8139,76515.6,1.14,1929.6,-598413.1,301758.3,0.9947,0.876,554.2,-0.87338,-44.273,0.0,0,-1.0,-1.0,-1.0,-1.0
1791147741.87,1703500.0,1189.2,1825.8,1825.8,-40.8,180.3,40.8,41.59,345.16,-41.34,272.52,750.92,978.298741,76756.3,0.89,1911.9,-598414.9,301748.5,0.9947,0.877,554.2,-0.87343,-44.27298,0.0,0,-1.0,-1.0,-1.0,-1.0
1791147742.37,1703500.5,1189.7,1806.0,1806.0,-41.4,180.2,41.4,49.79,343.1,-39.85,272.51,775.3,980.748324,76993.7,0.86,1894.8,-598419.1,301737.8,0.9948,0.876,554.2,-0.87344,-44.27298,0.0,0,-1.0,-1.0,-1.0,-1.0
1791147742.87,1703501.0,1190.2,1784.3,1784.3,-41.6,180.2,41.6,71.68,165.75,137.42,272.5,785.56,983.444469,77255.2,0.96,1874.0,-598420.6,301726.7,0.9948,0.873,554.1,-0.8734,-44.273,0.0,0,-1.0,-1.0,-1.0,-1.0
1791147743.37,1703501.5,1190.7,1764.0,1764.0,-40.1,180.0,40.1,56.34,160.96,141.71,272.49,732.04,985.971572,77500.4,1.28,1847.4,-598418.2,301714.6,0.9948,0.874,554.1,-0.87339,-44.27301,0.0,0,-1.0,-1.0,-1.0,-1.0
1791147743.87,1703502.0,1191.2,1744.0,1744.0,-40.1,180.0,40.1,76.05,350.79,-49.17,272.48,732.72,988.461609,77742.2,0.93,1827.3,-598417.0,301705.2,0.9948,0.876,554.1,-0.87343,-44.273,0.0,0,-1.0,-1.0,-1.0,-1.0
1791147744.38,1703502.5,1191.7,1723.9,1723.9,-40.7,180.0,40.7,48.34,341.9,-41.3,272.47,756.84,990.966921,77985.6,0.86,1809.6,-598419.3,301695.1,0.9948,0.875,554.0,-0.87346,-44.27299,0.0,0,-1.0,-1.0,-1.0,-1.0
1791147744.88,1703503.0,1192.2,1703.2,1703.2,-41.3,180.0,41.3,73.85,335.54,-35.55,272.47,783.32,993.548,78236.5,0.86,1791.8,-598422.2,301684.8,0.9948,0.873,554.0,-0.87344,-44.273,0.0,0,-1.0,-1.0,-1.0,-1.0
1791147745.38,1703503.5,1192.7,1682.6,1682.6,-41.0,180.0,41.0,62.84,162.14,137.45,272.46,773.23,996.13969,78488.7,1.1,1769.8,-598421.9,301673.9,0.9948,0.874,554.0,-0.87341,-44.27302,0.0,0,-1.0,-1.0,-1.0,-1.0
1791147745.88,1703504.0,1193.2,1662.4,1662.4,-39.8,179.8,39.8,74.51,151.14,147.58,272.45,727.87,998.673516,78735.3,1.23,1744.3,-598419.5,301662.4,0.9948,0.874,554.0,-0.87342,-44.27302,0.0,0,-1.0,-1.0,-1.0,-1.0
1791147746.38,1703504.5,1193.7,1642.4,1642.4,-40.4,180.0,40.4,65.45,345.02,-47.38,272.44,754.47,1001.19132,78980.5,0.82,1727.0,-598419.5,301653.8,0.9948,0.874,553.9,-0.87345,-44.27301,0.0,0,-1.0,-1.0,-1.0,-1.0
1791147746.89,1703505.0,1194.2,1621.3,1621.3,-40.7,179.9,40.7,64.06,336.86,-40.18,272.43,766.93,1003.848681,79239.5,0.93,1707.1,-598422.2,301642.5,0.9948,0.874,553.9,-0.87346,-44.27301,0.0,0,-1.0,-1.0,-1.0,-1.0
1791147747.39,1703505.5,1194.7,1600.7,1600.7,-41.2,180.0,41.2,79.7,172.77,123.31,272.42,788.98,1006.444566,79492.6,0.88,1688.8,-598422.7,301633.1,0.9948,0.874,553.9,-0.87343,-44.27303,0.0,0,-1.0,-1.0,-1.0,-1.0
1791147747.89,1703506.0,1195.2,1580.5,1580.5,-39.9,179.8,39.9,67.52,155.99,139.42,272.41,740.17,1009.006523,79742.6,1.28,1662.9,-598421.3,301620.8,0.9948,0.874,553.8,-0.87342,-44.27305,0.0,0,-1.0,-1.0,-1.0,-1.0
1791147748.4,1703506.5,1195.7,1560.6,1560.6,-40.1,179.9,40.1,81.85,4.37,-69.88,272.41,748.72,1011.529229,79988.9,0.89,1643.8,-598420.6,301611.6,0.9948,0.873,553.8,-0.87344,-44.27304,0.0,0,-1.0,-1.0,-1.0,-1.0
1791147748.9,1703507.0,1196.2,1540.5,1540.5,-40.4,179.9,40.4,64.94,340.61,-47.01,272.4,763.81,1014.081998,80238.2,0.93,1625.1,-598421.7,301601.7,0.9948,0.874,553.8,-0.87345,-44.27304,0.0,0,-1.0,-1.0,-1.0,-1.0
1791147749.4,1703507.5,1196.7,1519.3,1519.3,-41.1,180.0,41.1,84.37,309.35,-16.44,272.39,793.62,1016.782165,80502.2,0.83,1607.0,-598422.8,301592.1,0.9948,0.873,553.8,-0.87344,-44.27304,0.0,0,-1.0,-1.0,-1.0,-1.0
1791147749.91,1703508.0,1197.2,1500.4,1500.4,-40.7,179.9,40.7,72.37,164.15,128.29,272.38,778.53,1019.191343,80737.8,1.13,1586.2,-598422.6,301581.8,0.9948,0.874,553.7,-0.87342,-44.27306,0.0,0,-1.0,-1.0,-1.0,-1.0
1791147750.41,1703508.5,1197.7,1480.3,1480.3,-39.9,179.8,39.9,81.23,139.57,152.28,272.37,748.01,1021.758373,80989.0,1.14,1562.6,-598421.7,301570.4,0.9948,0.874,553.7,-0.87342,-44.27306,0.0,0,-1.0,-1.0,-1.0,-1.0
1791147750.92,1703508.9,1198.2,1465.0,1465.0,-40.5,179.9,40.5,79.1,358.72,-67.37,272.37,774.51,1023.71119,81180.2,0.82,1550.0,-598421.6,301564.2,0.9948,0.873,553.7,-0.87344,-44.27306,0.0,0,-1.0,-1.0,-1.0,-1.0
1791147751.42,1703509.4,1198.7,1444.6,1444.6,-40.9,180.0,40.9,71.71,340.38,-49.66,272.36,790.0,1026.321939,81436.0,0.94,1531.1,-598422.6,301554.3,0.9948,0.874,553.7,-0.87344,-44.27306,0.0,0,-1.0,-1.0,-1.0,-1.0
1791147751.92,1703509.9,1199.2,1424.2,1424.2,-41.1,180.0,41.1,86.87,225.13,65.13,272.35,801.75,1028.953845,81693.9,0.93,1511.7,-598422.9,301544.4,0.9948,0.873,553.6,-0.87343,-44.27306,0.0,0,-1.0,-1.0,-1.0,-1.0
1791147752.42,1703510.4,1199.8,1403.7,1403.7,-40.4,179.9,40.4,74.0,162.74,127.16,272.34,776.65,1031.585024,81952.0,1.19,1488.3,-598422.5,301532.9,0.9948,0.874,553.6,-0.87342,-44.27307,0.0,0,-1.0,-1.0,-1.0,-1.0
1791147752.92,1703510.9,1200.3,1383.7,1383.7,-40.1,179.8,40.1,86.82,85.23,-155.72,272.33,767.1,1034.168827,82205.6,1.01,1467.0,-598422.1,301522.5,0.9948,0.874,553.6,-0.87343,-44.27307,0.0,0,-1.0,-1.0,-1.0,-1.0
1791147753.42,1703511.4,1200.8,1363.3,1363.3,-41.0,180.0,41.0,73.94,350.2,-61.1,272.33,804.93,1036.794075,82463.4,0.82,1450.6,-598422.4,301514.1,0.9948,0.874,553.5,-0.87344,-44.27307,0.0,0,-1.0,-1.0,-1.0,-1.0
1791147753.92,1703511.9,1201.3,1342.7,1342.7,-41.5,180.1,41.5,79.73,335.99,-47.25,272.32,824.73,1039.46877,82726.2,0.9,1431.8,-598423.3,301504.3,0.9948,0.874,553.5,-0.87344,-44.27307,0.0,0,-1.0,-1.0,-1.0,-1.0
1791147754.43,1703512.4,1201.8,1321.8,1321.8,-41.8,180.2,41.8,80.72,176.55,111.94,272.31,839.4,1042.174315,82992.2,0.93,1412.3,-598423.3,301494.5,0.9948,0.873,553.5,-0.87342,-44.27307,0.0,0,-1.0,-1.0,-1.0,-1.0
1791147754.93,1703512.9,1202.3,1301.1,1301.1,-40.9,180.0,40.9,78.98,159.07,129.24,272.3,805.05,1044.862023,83256.6,1.2,1387.7,-598422.8,301482.5,0.9948,0.874,553.5,-0.87342,-44.27308,0.0,0,-1.0,-1.0,-1.0,-1.0
1791147755.43,1703513.4,1202.8,1280.7,1280.7,-41.3,180.1,41.3,83.15,6.44,-78.33,272.29,823.91,1047.526401,83518.8,0.85,1369.0,-598422.7,301473.2,0.9948,0.873,553.4,-0.87344,-44.27307,0.0,0,-1.0,-1.0,-1.0,-1.0
1791147755.93,1703513.9,1203.3,1259.1,1259.1,-41.8,180.2,41.8,75.92,347.32,-59.43,272.28,844.74,1050.348613,83796.8,0.92,1349.4,-598423.4,301463.0,0.9948,0.874,553.4,-0.87344,-44.27307,0.0,0,-1.0,-1.0,-1.0,-1.0
1791147756.44,1703514.4,1203.8,1238.1,1238.1,-42.1,180.3,42.1,88.13,280.47,7.25,272.28,860.36,1053.090309,84067.0,0.92,1329.8,-598423.7,301453.1,0.9948,0.874,553.4,-0.87344,-44.27307,0.0,0,-1.0,-1.0,-1.0,-1.0
1791147756.94,1703514.9,1204.3,1217.1,1217.1,-41.5,180.1,41.5,78.6,169.6,118.02,272.27,838.09,1055.838733,84338.1,1.17,1306.3,-598423.6,301441.3,0.9948,0.873,553.3,-0.87343,-44.27308,0.0,0,-1.0,-1.0,-1.0,-1.0
1791147757.44,1703515.4,1204.8,1196.5,1196.5,-41.1,180.1,41.1,86.99,129.42,158.13,272.26,824.2,1058.539583,84604.6,1.04,1284.0,-598423.4,301430.3,0.9948,0.873,553.3,-0.87344,-44.27308,0.0,0,-1.0,-1.0,-1.0,-1.0
1791147757.94,1703515.9,1205.3,1175.9,1175.9,-41.5,180.1,41.5,79.93,355.76,-68.28,272.25,842.46,1061.256332,84872.8,0.91,1265.0,-598423.5,301420.7,0.9948,0.874,553.3,-0.87345,-44.27307,0.0,0,-1.0,-1.0,-1.0,-1.0
1791147758.44,1703516.4,1205.8,1155.0,1155.0,-41.9,180.2,41.9,82.27,341.52,-54.16,272.24,862.43,1064.006002,85144.5,0.9,1246.0,-598424.0,301411.0,0.9948,0.874,553.3,-0.87345,-44.27307,0.0,0,-1.0,-1.0,-1.0,-1.0
1791147758.94,1703516.9,1206.3,1133.9,1133.9,-42.4,180.3,42.4,85.24,188.26,99.03,272.23,883.6,1066.798821,85420.5,0.91,1226.9,-598424.1,301401.4,0.9948,0.874,553.2,-0.87344,-44.27307,0.0,0,-1.0,-1.0,-1.0,-1.0
1791147759.45,1703517.4,1206.8,1112.8,1112.8,-41.8,180.2,41.8,82.08,165.46,121.83,272.23,862.63,1069.586468,85696.3,1.12,1203.4,-598424.0,301389.7,0.9948,0.873,553.2,-0.87344,-44.27307,0.0,0,-1.0,-1.0,-1.0,-1.0
1791147759.95,1703517.9,1207.3,1091.9,1091.9,-41.9,180.2,41.9,87.25,31.96,-104.67,272.22,866.5,1072.354312,85970.2,0.95,1182.7,-598424.1,301379.3,0.9948,0.873,553.2,-0.87345,-44.27307,0.0,0,-1.0,-1.0,-1.0,-1.0
1791147760.45,1703518.4,1207.8,1070.8,1070.8,-42.4,180.3,42.4,81.29,353.74,-66.47,272.21,890.2,1075.160146,86248.1,0.92,1163.7,-598424.3,301369.7,0.9948,0.874,553.2,-0.87345,-44.27306,0.0,0,-1.0,-1.0,-1.0,-1.0
1791147760.95,1703518.9,1208.3,1048.7,1048.7,-42.6,180.4,42.6,87.59,315.88,-28.66,272.2,900.97,1078.100535,86539.5,0.95,1142.5,-598424.6,301359.0,0.9948,0.874,553.1,-0.87345,-44.27306,0.0,0,-1.0,-1.0,-1.0,-1.0
1791147761.46,1703519.4,1208.8,1027.4,1027.4,-42.4,180.3,42.4,83.25,178.42,108.78,272.19,894.14,1080.944941,86821.6,1.07,1120.2,-598424.7,301347.8,0.9948,0.873,553.1,-0.87345,-44.27306,0.0,0,-1.0,-1.0,-1.0,-1.0
1791147761.96,1703519.9,1209.3,1006.5,1006.5,-41.5,180.1,41.5,87.05,146.53,140.73,272.18,861.36,1083.742297,87099.1,1.15,1095.7,-598424.7,301335.5,0.9948,0.873,553.1,-0.87345,-44.27306,0.0,0,-1.0,-1.0,-1.0,-1.0
1791147762.46,1703520.4,1209.8,985.5,985.5,-42.1,180.3,42.1,83.98,5.96,-78.67,272.17,886.97,1086.543823,87377.3,0.86,1077.2,-598424.9,301326.1,0.9948,0.874,553.0,-0.87346,-44.27305,0.0,0,-1.0,-1.0,-1.0,-1.0
1791147762.96,1703520.9,1210.3,964.4,964.4,-42.3,180.3,42.3,84.56,348.44,-61.15,272.17,897.7,1089.376036,87658.6,0.95,1056.9,-598425.2,301315.9,0.9948,0.874,553.0,-0.87346,-44.27305,0.0,0,-1.0,-1.0,-1.0,-1.0
1791147763.46,1703521.4,1210.8,943.2,943.2,-42.6,180.4,42.6,86.89,200.67,86.61,272.16,913.44,1092.229174,87942.3,0.92,1037.1,-598425.3,301305.9,0.9948,0.874,553.0,-0.87346,-44.27305,0.0,0,-1.0,-1.0,-1.0,-1.0
1791147763.96,1703521.9,1211.3,922.1,922.1,-42.0,180.2,42.0,84.68,173.03,114.3,272.15,888.77,1095.079956,88225.8,1.14,1013.1,-598425.4,301293.9,0.9948,0.873,552.9,-0.87346,-44.27304,0.0,0,-1.0,-1.0,-1.0,-1.0
1791147764.46,1703522.4,1211.8,901.1,901.1,-42.2,180.3,42.2,88.12,47.2,-119.8,272.14,901.32,1097.913312,88507.8,0.91,993.2,-598425.6,301283.8,0.9948,0.873,552.9,-0.87346,-44.27304,0.0,0,-1.0,-1.0,-1.0,-1.0
1791147764.97,1703522.9,1212.3,879.1,879.1,-42.4,180.3,42.4,84.48,1.63,-74.18,272.13,911.46,1100.889736,88804.2,0.97,972.0,-598425.8,301273.1,0.9948,0.874,552.9,-0.87347,-44.27304,0.0,0,-1.0,-1.0,-1.0,-1.0
1791147765.47,1703523.4,1212.8,857.8,857.8,-42.5,180.3,42.5,88.31,315.31,-27.85,272.12,920.3,1103.771229,89091.4,0.97,951.4,-598426.0,301262.7,0.9948,0.874,552.9,-0.87347,-44.27303,0.0,0,-1.0,-1.0,-1.0,-1.0
1791147765.97,1703523.9,1213.3,836.5,836.5,-42.7,180.4,42.7,85.45,188.65,98.83,272.12,930.14,1106.667454,89380.2,0.97,930.8,-598426.1,301252.3,0.9948,0.873,552.8,-0.87346,-44.27303,0.0,0,-1.0,-1.0,-1.0,-1.0
1791147766.47,1703524.4,1213.8,815.2,815.2,-42.4,180.3,42.4,87.08,163.57,124.0,272.11,919.82,1109.566055,89669.4,1.06,908.2,-598426.3,301241.0,0.9948,0.873,552.8,-0.87346,-44.27302,0.0,0,-1.0,-1.0,-1.0,-1.0
1791147766.98,1703524.9,1214.3,794.0,794.0,-42.7,180.4,42.7,86.57,17.43,-89.77,272.1,934.13,1112.460557,89958.3,0.91,888.2,-598426.5,301230.8,0.9948,0.873,552.8,-0.87347,-44.27302,0.0,0,-1.0,-1.0,-1.0,-1.0
1791147767.48,1703525.4,1214.8,772.5,772.5,-43.2,180.5,43.2,85.43,358.1,-70.39,272.09,956.98,1115.398401,90251.8,0.91,868.7,-598426.8,301221.0,0.9948,0.874,552.7,-0.87347,-44.27302,0.0,0,-1.0,-1.0,-1.0,-1.0
1791147767.98,1703525.9,1215.3,750.9,750.9,-43.2,180.5,43.2,88.74,233.37,54.36,272.08,960.68,1118.355778,90547.4,0.99,847.2,-598426.9,301210.1,0.9948,0.874,552.7,-0.87347,-44.27301,0.0,0,-1.0,-1.0,-1.0,-1.0
1791147768.48,1703526.4,1215.8,729.3,729.3,-43.2,180.5,43.2,85.5,183.71,104.07,272.07,962.4,1121.320228,90843.9,0.99,825.5,-598427.1,301199.2,0.9948,0.873,552.7,-0.87347,-44.27301,0.0,0,-1.0,-1.0,-1.0,-1.0
1791147768.99,1703527.0,1216.3,707.7,707.7,-39.1,179.5,39.1,88.89,36.89,-108.99,272.07,793.62,1124.292326,91141.4,1.92,786.9,-598427.5,301179.7,0.9948,0.873,552.6,-0.87347,-44.273,0.0,0,-1.0,-1.0,-1.0,-1.0
1791147769.49,1703527.4,1216.8,690.1,690.1,-33.8,178.4,33.8,87.34,352.75,-64.79,272.06,591.72,1126.710621,91383.5,2.16,749.2,-598427.8,301160.7,0.9948,0.874,552.6,-0.87348,-44.273,0.0,0,-1.0,-1.0,-1.0,-1.0
1791147769.99,1703528.0,1217.3,675.0,675.0,-24.8,176.9,24.8,87.15,180.57,107.44,272.05,319.11,1128.795575,91592.4,2.75,707.0,-598428.4,301139.3,0.9948,0.874,552.5,-0.87347,-44.273,0.0,0,-1.0,-1.0,-1.0,-1.0
1791147770.49,1703528.5,1217.8,664.5,664.5,-17.4,176.0,17.4,88.32,14.95,-86.82,272.04,158.51,1130.241066,91737.3,2.45,680.7,-598428.9,301125.9,0.9948,0.874,552.5,-0.87347,-44.27299,0.0,0,-1.0,-1.0,-1.0,-1.0
1791147770.99,1703529.0,1218.3,657.5,657.5,-11.5,175.5,11.5,89.46,302.95,-14.75,272.03,68.97,1131.217515,91835.2,2.14,664.8,-598429.0,301117.9,0.9948,0.873,552.5,-0.87347,-44.27299,0.0,0,-1.0,-1.0,-1.0,-1.0
1791147771.49,1703529.5,1218.8,652.7,652.7,-8.0,175.3,8.0,88.39,181.0,107.29,272.02,33.37,1131.881662,91901.8,1.67,656.5,-598429.5,301113.5,0.9948,0.874,552.4,-0.87347,-44.27299,0.0,0,-1.0,-1.0,-1.0,-1.0
1791147771.99,1703530.0,1219.3,649.0,649.0,-6.7,175.2,6.7,89.52,81.76,-153.34,272.02,23.46,1132.382992,91952.1,1.22,651.9,-598429.7,301111.1,0.9948,0.873,552.4,-0.87347,-44.27299,0.0,0,-1.0,-1.0,-1.0,-1.0
1791147772.5,1703530.5,1219.8,645.8,645.8,-6.3,175.2,6.3,88.93,12.26,-83.74,272.01,20.99,1132.836424,91997.5,1.08,648.3,-598429.6,301109.4,0.9948,0.873,552.4,-0.87347,-44.27299,0.0,0,-1.0,-1.0,-1.0,-1.0
1791147773.0,1703531.0,1220.3,642.6,642.6,-6.3,175.2,6.3,89.77,316.12,-27.5,272.0,20.63,1133.267288,92040.7,0.99,645.2,-598429.5,301107.8,0.9948,0.873,552.4,-0.87347,-44.27299,0.0,0,-1.0,-1.0,-1.0,-1.0
1791147773.5,1703531.5,1220.8,639.5,639.5,-6.3,175.2,6.3,89.3,189.55,99.17,271.99,20.61,1133.709249,92085.1,1.01,642.0,-598429.6,301106.2,0.9948,0.873,552.4,-0.87347,-44.27299,0.0,0,-1.0,-1.0,-1.0,-1.0
1791147774.01,1703532.0,1221.3,636.4,636.4,-6.2,175.2,6.2,89.59,150.83,138.01,271.98,20.34,1134.137121,92128.0,0.98,638.9,-598429.8,301104.5,0.9948,0.873,552.4,-0.87347,-44.27299,0.0,0,-1.0,-1.0,-1.0,-1.0
1791147774.51,1703532.5,1221.8,633.2,633.2,-6.3,175.2,6.3,89.61,46.79,-117.84,271.97,20.89,1134.574953,92171.9,1.0,635.8,-598429.8,301103.0,0.9948,0.873,552.4,-0.87347,-44.27299,0.0,0,-1.0,-1.0,-1.0,-1.0
1791147775.01,1703533.0,1222.3,630.0,630.0,-6.5,175.2,6.5,89.71,17.64,-88.58,271.97,22.32,1135.023722,92216.9,0.98,632.7,-598429.8,301101.5,0.9948,0.873,552.4,-0.87347,-44.27299,0.0,0,-1.0,-1.0,-1.0,-1.0
1791147775.51,1703533.5,1222.8,626.7,626.7,-6.6,175.2,6.6,89.86,198.51,90.65,271.96,22.99,1135.477222,92262.5,0.96,629.5,-598429.8,301099.9,0.9948,0.873,552.4,-0.87347,-44.27299,0.0,0,-1.0,-1.0,-1.0,-1.0
1791147776.02,1703534.0,1223.3,623.2,623.2,-6.7,175.2,6.7,89.71,171.38,117.9,271.95,23.26,1135.959672,92310.9,0.99,626.0,-598429.8,301098.1,0.9948,0.873,552.4,-0.87347,-44.27299,0.0,0,-1.0,-1.0,-1.0,-1.0
1791147776.52,1703534.5,1223.8,620.1,620.1,-6.5,175.2,6.5,89.83,104.79,-175.39,271.94,22.1,1136.398459,92354.9,1.03,622.7,-598429.9,301096.4,0.9948,0.873,552.4,-0.87347,-44.27299,0.0,0,-1.0,-1.0,-1.0,-1.0
1791147777.03,1703535.0,1224.4,616.7,616.7,-6.3,175.2,6.3,89.81,51.96,-122.45,271.93,20.8,1136.858491,92401.1,1.03,619.3,-598429.9,301094.7,0.9948,0.873,552.4,-0.87347,-44.27299,0.0,0,-1.0,-1.0,-1.0,-1.0
1791147777.53,1703535.5,1224.9,613.6,613.6,-6.4,175.2,6.4,89.94,289.65,0.0,271.92,21.44,1137.29809,92445.2,0.97,616.2,-598429.9,301093.1,0.9948,0.873,552.4,-0.87347,-44.27299,0.0,0,-1.0,-1.0,-1.0,-1.0
1791147778.03,1703536.0,1225.4,610.2,610.2,-6.5,175.2,6.5,89.86,164.13,125.6,271.92,21.83,1137.764673,92492.0,0.99,612.9,-598430.0,301091.4,0.9948,0.873,552.4,-0.87347,-44.27299,0.0,0,-1.0,-1.0,-1.0,-1.0
1791147778.54,1703536.5,1225.9,607.0,607.0,-6.5,175.2,6.5,89.86,136.59,153.25,271.91,22.07,1138.21633,92537.4,0.98,609.6,-598430.0,301089.8,0.9948,0.873,552.4,-0.87347,-44.27299,0.0,0,-1.0,-1.0,-1.0,-1.0
1791147779.13,1703536.9,1226.5,604.2,604.2,-6.3,175.2,6.3,89.87,97.08,-167.13,271.9,20.79,1138.603703,92576.3,1.03,606.7,-598430.1,301088.3,0.9948,0.873,552.4,-0.87347,-44.27299,0.0,0,-1.0,-1.0,-1.0,-1.0
1791147779.63,1703537.4,1227.0,600.9,600.9,-6.6,175.2,6.6,89.9,290.11,0.0,271.89,23.15,1139.052346,92621.3,0.91,603.7,-598430.1,301086.8,0.9948,0.873,552.4,-0.87347,-44.27299,0.0,0,-1.0,-1.0,-1.0,-1.0
1791147780.13,1703538.0,1227.5,597.4,597.4,-6.7,175.2,6.7,89.92,290.15,0.0,271.88,23.9,1139.538723,92670.2,0.98,600.3,-598430.1,301085.1,0.9948,0.873,552.4,-0.87347,-44.27299,0.0,0,-1.0,-1.0,-1.0,-1.0
1791147780.63,1703538.5,1228.0,594.2,594.2,-6.3,175.2,6.3,89.89,290.23,0.0,271.87,21.0,1139.992683,92715.8,1.07,596.7,-598430.1,301083.3,0.9948,0.873,552.4,-0.87347,-44.27299,0.0,0,-1.0,-1.0,-1.0,-1.0
1791147781.13,1703539.0,1228.5,591.0,591.0,-6.5,175.2,6.5,89.88,290.38,0.0,271.87,22.4,1140.435414,92760.2,0.93,593.7,-598430.2,301081.8,0.9948,0.873,552.4,-0.87347,-44.27299,0.0,0,-1.0,-1.0,-1.0,-1.0
1791147781.63,1703539.5,1229.0,587.8,587.8,-6.5,175.2,6.5,89.89,290.52,0.0,271.86,22.51,1140.886913,92805.6,0.98,590.5,-598430.2,301080.1,0.9948,0.873,552.4,-0.87347,-44.27299,0.0,0,-1.0,-1.0,-1.0,-1.0
1791147782.14,1703540.0,1229.5,584.5,584.5,-6.5,175.2,6.5,89.91,290.62,0.0,271.85,22.26,1141.341875,92851.3,1.01,587.2,-598430.2,301078.5,0.9948,0.873,552.3,-0.87347,-44.27299,0.0,0,-1.0,-1.0,-1.0,-1.0
1791147782.64,1703540.5,1230.0,581.3,581.3,-6.3,175.2,6.3,89.9,290.7,0.0,271.84,21.13,1141.788938,92896.2,1.02,583.9,-598430.3,301076.8,0.9948,0.873,552.3,-0.87347,-44.27299,0.0,0,-1.0,-1.0,-1.0,-1.0
1791147783.14,1703541.0,1230.5,578.2,578.2,-6.2,175.2,6.2,89.9,290.81,0.0,271.83,20.23,1142.222707,92939.8,1.01,580.7,-598430.3,301075.2,0.9948,0.873,552.3,-0.87347,-44.27299,0.0,0,-1.0,-1.0,-1.0,-1.0
1791147783.64,1703541.5,1231.0,575.1,575.1,-6.1,175.2,6.1,89.9,290.94,0.0,271.82,19.8,1142.654828,92983.2,1.02,577.5,-598430.4,301073.6,0.9948,0.873,552.3,-0.87347,-44.27299,0.0,0,-1.0,-1.0,-1.0,-1.0
1791147784.14,1703542.0,1231.5,572.0,572.0,-6.2,175.2,6.2,89.9,291.06,0.0,271.82,20.02,1143.081793,93026.1,0.98,574.5,-598430.4,301072.0,0.9948,0.873,552.3,-0.87347,-44.27299,0.0,0,-1.0,-1.0,-1.0,-1.0
1791147784.64,1703542.5,1232.0,568.8,568.8,-6.3,175.2,6.3,89.9,291.16,0.0,271.81,21.2,1143.521225,93070.3,0.95,571.4,-598430.4,301070.5,0.9948,0.873,552.3,-0.87347,-44.27299,0.0,0,-1.0,-1.0,-1.0,-1.0
1791147785.14,1703543.0,1232.5,565.7,565.7,-6.2,175.2,6.2,89.9,291.26,0.0,271.8,20.47,1143.956091,93114.0,1.01,568.2,-598430.5,301068.9,0.9948,0.873,552.3,-0.87347,-44.27299,0.0,0,-1.0,-1.0,-1.0,-1.0
1791147785.65,1703543.5,1233.0,562.6,562.6,-6.2,175.2,6.2,89.9,291.38,0.0,271.79,20.14,1144.396179,93158.3,1.03,565.0,-598430.5,301067.3,0.9948,0.873,552.3,-0.87347,-44.27299,0.0,0,-1.0,-1.0,-1.0,-1.0
1791147786.15,1703544.0,1233.5,559.4,559.4,-6.2,175.2,6.2,89.9,291.5,0.0,271.78,20.27,1144.839132,93202.8,0.97,561.9,-598430.5,301065.7,0.9948,0.873,552.3,-0.87347,-44.27299,0.0,0,-1.0,-1.0,-1.0,-1.0
1791147786.65,1703544.5,1234.0,556.3,556.3,-6.2,175.2,6.2,89.9,291.61,0.0,271.77,20.01,1145.275894,93246.7,1.03,558.7,-598430.6,301064.1,0.9948,0.873,552.3,-0.87347,-44.27299,0.0,0,-1.0,-1.0,-1.0,-1.0
1791147787.15,1703545.0,1234.5,553.2,553.2,-6.2,175.2,6.2,89.9,291.71,0.0,271.77,20.36,1145.705935,93289.9,0.97,555.7,-598430.6,301062.5,0.9948,0.873,552.3,-0.87347,-44.27299,0.0,0,-1.0,-1.0,-1.0,-1.0
1791147787.66,1703545.5,1235.0,550.1,550.1,-6.3,175.2,6.3,89.9,291.82,0.0,271.76,20.66,1146.143167,93333.9,1.0,552.6,-598430.6,301061.0,0.9948,0.873,552.3,-0.87347,-44.27299,0.0,0,-1.0,-1.0,-1.0,-1.0
1791147788.16,1703546.0,1235.5,546.8,546.8,-6.4,175.2,6.4,89.9,291.94,0.0,271.75,21.88,1146.591877,93379.1,0.98,549.5,-598430.6,301059.4,0.9948,0.873,552.3,-0.87347,-44.27299,0.0,0,-1.0,-1.0,-1.0,-1.0
1791147788.66,1703546.5,1236.0,543.6,543.6,-6.6,175.2,6.6,89.9,292.05,0.0,271.74,22.8,1147.04567,93424.7,0.97,546.3,-598430.7,301057.8,0.9948,0.873,552.3,-0.87347,-44.27299,0.0,0,-1.0,-1.0,-1.0,-1.0
1791147789.16,1703547.0,1236.5,540.4,540.4,-6.4,175.2,6.4,89.9,292.16,0.0,271.73,21.81,1147.497969,93470.2,1.04,543.0,-598430.7,301056.1,0.9948,0.873,552.3,-0.87347,-44.27299,0.0,0,-1.0,-1.0,-1.0,-1.0
1791147789.66,1703547.5,1237.0,537.1,537.1,-6.6,175.2,6.6,89.9,292.27,0.0,271.72,23.27,1147.951155,93515.8,0.94,539.9,-598430.7,301054.6,0.9948,0.873,552.3,-0.87347,-44.27299,0.0,0,-1.0,-1.0,-1.0,-1.0
1791147790.16,1703548.0,1237.5,533.8,533.8,-6.6,175.2,6.6,89.9,292.38,0.0,271.72,23.32,1148.420061,93563.0,1.0,536.5,-598430.8,301052.9,0.9948,0.873,552.3,-0.87347,-44.27299,0.0,0,-1.0,-1.0,-1.0,-1.0
1791147790.66,1703548.5,1238.0,530.5,530.5,-6.7,175.2,6.7,89.9,292.49,0.0,271.71,23.83,1148.883745,93609.6,0.96,533.3,-598430.8,301051.2,0.9948,0.873,552.3,-0.87347,-44.27299,0.0,0,-1.0,-1.0,-1.0,-1.0
1791147791.17,1703549.0,1238.5,527.1,527.1,-6.6,175.2,6.6,89.9,292.6,0.0,271.7,22.78,1149.352471,93656.8,1.04,529.8,-598430.9,301049.5,0.9948,0.873,552.3,-0.87347,-44.27299,0.0,0,-1.0,-1.0,-1.0,-1.0
1791147791.67,1703549.5,1239.0,523.8,523.8,-6.5,175.2,6.5,89.9,292.71,0.0,271.69,22.2,1149.821419,93704.0,0.99,526.4,-598430.9,301047.8,0.9948,0.873,552.3,-0.87347,-44.27299,0.0,0,-1.0,-1.0,-1.0,-1.0
1791147792.17,1703550.0,1239.5,520.5,520.5,-6.6,175.2,6.6,89.9,292.82,0.0,271.68,22.75,1150.282115,93750.3,0.99,523.2,-598430.9,301046.1,0.9948,0.873,552.3,-0.87347,-44.27299,0.0,0,-1.0,-1.0,-1.0,-1.0
1791147792.67,1703550.5,1240.0,517.2,517.2,-6.7,175.2,6.7,89.9,292.93,0.0,271.67,23.75,1150.743537,93796.8,0.94,520.0,-598431.0,301044.5,0.9948,0.873,552.3,-0.87347,-44.27299,0.0,0,-1.0,-1.0,-1.0,-1.0
1791147793.17,1703551.0,1240.5,513.8,513.8,-6.5,175.2,6.5,89.9,293.04,0.0,271.67,22.62,1151.211343,93843.9,1.04,516.5,-598431.0,301042.8,0.9948,0.873,552.3,-0.87347,-44.27299,0.0,0,-1.0,-1.0,-1.0,-1.0
1791147793.67,1703551.5,1241.0,510.7,510.7,-6.2,175.2,6.2,89.9,293.15,0.0,271.66,20.46,1151.65671,93888.7,1.06,513.2,-598431.0,301041.1,0.9948,0.873,552.2,-0.87347,-44.27299,0.0,0,-1.0,-1.0,-1.0,-1.0
1791147794.17,1703552.0,1241.5,507.6,507.6,-6.1,175.2,6.1,89.9,293.26,0.0,271.65,19.85,1152.086403,93932.0,1.01,510.0,-598431.1,301039.5,0.9948,0.873,552.2,-0.87347,-44.27299,0.0,0,-1.0,-1.0,-1.0,-1.0
1791147794.68,1703552.5,1242.0,504.5,504.5,-6.4,175.2,6.4,89.9,293.37,0.0,271.64,21.76,1152.522301,93975.9,0.94,507.1,-598431.1,301038.0,0.9948,0.873,552.2,-0.87347,-44.27299,0.0,0,-1.0,-1.0,-1.0,-1.0
1791147795.18,1703553.0,1242.5,501.3,501.3,-6.4,175.2,6.4,89.9,293.48,0.0,271.63,21.57,1152.970991,94021.1,1.02,503.9,-598431.1,301036.4,0.9948,0.873,552.2,-0.87347,-44.27299,0.0,0,-1.0,-1.0,-1.0,-1.0
1791147795.68,1703553.5,1243.0,498.1,498.1,-6.3,175.2,6.3,89.9,293.6,0.0,271.62,20.76,1153.416506,94065.9,1.04,500.6,-598431.2,301034.7,0.9948,0.873,552.2,-0.87347,-44.27299,0.0,0,-1.0,-1.0,-1.0,-1.0
1791147796.18,1703554.0,1243.5,494.8,494.8,-6.5,175.2,6.5,89.9,293.71,0.0,271.61,22.74,1153.882206,94112.8,0.92,497.5,-598431.2,301033.2,0.9948,0.873,552.2,-0.87347,-44.27299,0.0,0,-1.0,-1.0,-1.0,-1.0
1791147796.69,1703554.5,1244.0,491.5,491.5,-6.6,175.2,6.6,89.9,293.82,0.0,271.61,23.31,1154.340482,94159.0,0.96,494.3,-598431.2,301031.5,0.9948,0.873,552.2,-0.87347,-44.27299,0.0,0,-1.0,-1.0,-1.0,-1.0
1791147797.19,1703555.0,1244.5,488.3,488.3,-6.4,175.2,6.4,89.9,293.93,0.0,271.6,21.86,1154.800731,94205.4,1.05,490.9,-598431.3,301029.8,0.9948,0.873,552.2,-0.87347,-44.27299,0.0,0,-1.0,-1.0,-1.0,-1.0
1791147797.69,1703555.5,1245.0,485.0,485.0,-6.3,175.2,6.3,89.9,294.03,0.0,271.59,21.32,1155.251718,94250.8,1.0,487.6,-598431.3,301028.2,0.9948,0.873,552.2,-0.87347,-44.27299,0.0,0,-1.0,-1.0,-1.0,-1.0
1791147798.19,1703556.0,1245.5,481.9,481.9,-6.3,175.2,6.3,89.9,294.14,0.0,271.58,21.16,1155.689174,94294.9,0.98,484.5,-598431.3,301026.6,0.9948,0.873,552.2,-0.87347,-44.27299,0.0,0,-1.0,-1.0,-1.0,-1.0
1791147798.69,1703556.5,1246.0,478.8,478.8,-6.1,175.2,6.1,89.9,294.25,0.0,271.57,19.9,1156.129764,94339.3,1.06,481.2,-598431.4,301024.9,0.9948,0.873,552.2,-0.87347,-44.27299,0.0,0,-1.0,-1.0,-1.0,-1.0
1791147799.19,1703557.0,1246.5,475.8,475.8,-6.2,175.2,6.2,89.9,294.36,0.0,271.56,20.56,1156.5573,94382.4,0.96,478.3,-598431.4,301023.4,0.9948,0.873,552.2,-0.87347,-44.27299,0.0,0,-1.0,-1.0,-1.0,-1.0
1791147799.7,1703557.5,1247.0,472.6,472.6,-6.2,175.2,6.2,89.9,294.47,0.0,271.56,20.69,1156.996768,94426.7,1.01,475.1,-598431.4,301021.9,0.9948,0.873,552.2,-0.87347,-44.27299,0.0,0,-1.0,-1.0,-1.0,-1.0
1791147800.2,1703558.0,1247.5,469.4,469.4,-6.4,175.2,6.4,89.9,294.58,0.0,271.55,22.11,1157.446635,94472.0,0.98,472.1,-598431.5,301020.3,0.9948,0.873,552.2,-0.87347,-44.27299,0.0,0,-1.0,-1.0,-1.0,-1.0
1791147800.74,1703558.5,1248.1,466.3,466.3,-6.7,175.2,6.7,89.9,294.69,0.0,271.54,23.63,1157.888002,94516.5,0.94,469.1,-598431.5,301018.8,0.9948,0.873,552.2,-0.87347,-44.27298,0.0,0,-1.0,-1.0,-1.0,-1.0
1791147801.25,1703559.0,1248.6,462.9,462.9,-6.5,175.2,6.5,89.9,294.8,0.0,271.53,22.47,1158.37433,94565.5,1.04,465.5,-598431.5,301017.0,0.9948,0.873,552.2,-0.87347,-44.27298,0.0,0,-1.0,-1.0,-1.0,-1.0
1791147801.75,1703559.5,1249.1,459.7,459.7,-6.4,175.2,6.4,89.9,294.91,0.0,271.52,22.16,1158.824132,94610.9,0.99,462.3,-598431.6,301015.4,0.9948,0.873,552.2,-0.87347,-44.27298,0.0,0,-1.0,-1.0,-1.0,-1.0
1791147802.25,1703560.0,1249.6,456.4,456.4,-6.5,175.2,6.5,89.9,295.02,0.0,271.51,22.35,1159.283666,94657.2,1.0,459.1,-598431.6,301013.7,0.9948,0.873,552.2,-0.87347,-44.27298,0.0,0,-1.0,-1.0,-1.0,-1.0
1791147802.76,1703560.5,1250.1,453.2,453.2,-6.2,175.2,6.2,89.9,295.13,0.0,271.51,20.7,1159.731901,94702.4,1.05,455.7,-598431.6,301012.0,0.9948,0.873,552.2,-0.87347,-44.27298,0.0,0,-1.0,-1.0,-1.0,-1.0
1791147803.26,1703561.0,1250.6,450.1,450.1,-6.2,175.2,6.2,89.9,295.24,0.0,271.5,20.78,1160.164729,94746.0,0.98,452.7,-598431.7,301010.5,0.9948,0.873,552.2,-0.87347,-44.27298,0.0,0,-1.0,-1.0,-1.0,-1.0
1791147803.76,1703561.5,1251.1,447.0,447.0,-6.5,175.2,6.5,89.9,295.35,0.0,271.49,22.72,1160.613207,94791.3,0.94,449.7,-598431.7,301009.0,0.9948,0.873,552.2,-0.87347,-44.27298,0.0,0,-1.0,-1.0,-1.0,-1.0
1791147804.26,1703562.0,1251.6,443.8,443.8,-6.4,175.2,6.4,89.9,295.46,0.0,271.48,21.75,1161.064313,94836.8,1.02,446.4,-598431.7,301007.3,0.9948,0.873,552.2,-0.87347,-44.27298,0.0,0,-1.0,-1.0,-1.0,-1.0
1791147804.76,1703562.5,1252.1,440.5,440.5,-6.6,175.2,6.6,89.9,295.57,0.0,271.47,23.42,1161.520038,94882.8,0.93,443.3,-598431.8,301005.8,0.9948,0.873,552.1,-0.87347,-44.27298,0.0,0,-1.0,-1.0,-1.0,-1.0
1791147805.26,1703563.0,1252.6,437.2,437.2,-6.6,175.2,6.6,89.9,295.68,0.0,271.46,23.1,1161.990338,94930.2,1.02,439.9,-598431.8,301004.1,0.9948,0.873,552.1,-0.87347,-44.27298,0.0,0,-1.0,-1.0,-1.0,-1.0
1791147805.77,1703563.5,1253.1,433.8,433.8,-6.4,175.2,6.4,89.9,295.79,0.0,271.46,22.19,1162.471253,94978.7,1.02,436.4,-598431.8,301002.3,0.9948,0.873,552.1,-0.87347,-44.27298,0.0,0,-1.0,-1.0,-1.0,-1.0
1791147806.27,1703564.0,1253.6,430.6,430.6,-6.4,175.2,6.4,89.9,295.9,0.0,271.45,21.77,1162.927434,95024.8,1.04,433.2,-598431.9,301000.6,0.9948,0.873,552.1,-0.87347,-44.27298,0.0,0,-1.0,-1.0,-1.0,-1.0
1791147806.77,1703564.5,1254.1,427.5,427.5,-6.1,175.2,6.1,89.9,296.01,0.0,271.44,19.92,1163.366422,95069.1,1.05,429.9,-598431.9,300999.0,0.9948,0.873,552.1,-0.87347,-44.27298,0.0,0,-1.0,-1.0,-1.0,-1.0
1791147807.28,1703565.1,1254.6,424.4,424.4,-6.1,175.2,6.1,89.9,296.12,0.0,271.43,20.23,1163.797184,95112.5,0.98,426.9,-598431.9,300997.5,0.9948,0.873,552.1,-0.87347,-44.27298,0.0,0,-1.0,-1.0,-1.0,-1.0
1791147807.78,1703565.6,1255.1,421.3,421.3,-6.2,175.2,6.2,89.9,296.22,0.0,271.42,20.49,1164.236547,95156.9,0.99,423.8,-598432.0,300995.9,0.9948,0.873,552.1,-0.87347,-44.27298,0.0,0,-1.0,-1.0,-1.0,-1.0
1791147808.28,1703566.1,1255.6,418.1,418.1,-6.2,175.2,6.2,89.9,296.34,0.0,271.41,20.46,1164.687615,95202.4,0.98,420.6,-598432.0,300994.3,0.9948,0.873,552.1,-0.87347,-44.27298,0.0,0,-1.0,-1.0,-1.0,-1.0
1791147808.94,1703566.6,1256.3,414.9,414.9,-6.4,175.2,6.4,89.9,296.45,0.0,271.41,21.76,1165.14342,95248.4,0.94,417.5,-598432.0,300992.7,0.9948,0.873,552.1,-0.87347,-44.27298,0.0,0,-1.0,-1.0,-1.0,-1.0
1791147809.44,1703567.1,1256.8,411.7,411.7,-6.5,175.2,6.5,89.9,296.56,0.0,271.4,22.4,1165.598394,95294.4,0.99,414.3,-598432.1,300991.1,0.9948,0.873,552.1,-0.87347,-44.27298,0.0,0,-1.0,-1.0,-1.0,-1.0
1791147809.94,1703567.6,1257.3,408.5,408.5,-6.4,175.2,6.4,89.9,296.67,0.0,271.39,21.89,1166.047973,95339.8,1.01,411.1,-598432.1,300989.5,0.9948,0.873,552.1,-0.87347,-44.27298,0.0,0,-1.0,-1.0,-1.0,-1.0
1791147810.45,1703568.1,1257.8,405.3,405.3,-6.4,175.2,6.4,89.9,296.78,0.0,271.38,22.01,1166.501944,95385.6,0.99,407.9,-598432.1,300987.9,0.9948,0.873,552.1,-0.87347,-44.27298,0.0,0,-1.0,-1.0,-1.0,-1.0
1791147810.95,1703568.6,1258.3,402.1,402.1,-6.5,175.2,6.5,89.9,296.89,0.0,271.37,22.55,1166.958658,95431.7,0.98,404.7,-598432.2,300986.3,0.9948,0.873,552.1,-0.87347,-44.27298,0.0,0,-1.0,-1.0,-1.0,-1.0
1791147811.45,1703569.1,1258.8,398.9,398.9,-6.3,175.2,6.3,89.9,296.99,0.0,271.36,21.26,1167.411283,95477.4,1.05,401.4,-598432.2,300984.6,0.9948,0.873,552.1,-0.87347,-44.27298,0.0,0,-1.0,-1.0,-1.0,-1.0
1791147811.95,1703569.6,1259.3,395.7,395.7,-6.1,175.1,6.1,89.9,297.11,0.0,271.36,19.95,1167.865036,95523.3,1.03,398.1,-598432.2,300982.9,0.9948,0.873,552.1,-0.87347,-44.27298,0.0,0,-1.0,-1.0,-1.0,-1.0
1791147812.46,1703570.1,1259.8,392.6,392.6,-6.3,175.2,6.3,89.9,297.22,0.0,271.35,21.52,1168.304923,95567.7,0.94,395.1,-598432.3,300981.4,0.9948,0.873,552.1,-0.87347,-44.27298,0.0,0,-1.0,-1.0,-1.0,-1.0
1791147812.96,1703570.6,1260.3,389.4,389.4,-6.5,175.2,6.5,89.9,297.32,0.0,271.34,22.44,1168.758731,95613.5,0.97,392.0,-598432.3,300979.9,0.9948,0.873,552.1,-0.87347,-44.27298,0.0,0,-1.0,-1.0,-1.0,-1.0
1791147813.46,1703571.1,1260.8,386.2,386.2,-6.4,175.2,6.4,89.9,297.43,0.0,271.33,21.87,1169.206033,95658.7,0.99,388.8,-598432.3,300978.2,0.9948,0.873,552.1,-0.87347,-44.27298,0.0,0,-1.0,-1.0,-1.0,-1.0
1791147813.96,1703571.6,1261.3,383.0,383.0,-6.5,175.2,6.5,89.9,297.54,0.0,271.32,23.05,1169.663246,95704.9,0.96,385.7,-598432.4,300976.7,0.9948,0.873,552.1,-0.87347,-44.27298,0.0,0,-1.0,-1.0,-1.0,-1.0
1791147814.46,1703572.1,1261.8,379.8,379.8,-6.2,175.1,6.2,89.9,297.65,0.0,271.31,21.05,1170.113395,95750.4,1.05,382.3,-598432.4,300975.0,0.9948,0.873,552.1,-0.87347,-44.27298,0.0,0,-1.0,-1.0,-1.0,-1.0
1791147814.96,1703572.6,1262.3,376.7,376.7,-6.0,175.1,6.0,89.9,297.76,0.0,271.3,19.51,1170.548637,95794.4,1.05,379.1,-598432.4,300973.3,0.9948,0.873,552.1,-0.87347,-44.27298,0.0,0,-1.0,-1.0,-1.0,-1.0
1791147815.46,1703573.1,1262.8,373.7,373.7,-6.1,175.1,6.1,89.9,297.87,0.0,271.3,20.12,1170.994067,95839.4,0.97,376.0,-598432.5,300971.8,0.9948,0.873,552.1,-0.87347,-44.27298,0.0,0,-1.0,-1.0,-1.0,-1.0
1791147815.97,1703573.6,1263.3,370.6,370.6,-5.9,175.1,5.9,89.9,297.98,0.0,271.29,19.07,1171.422336,95882.7,1.03,372.9,-598432.5,300970.2,0.9948,0.873,552.1,-0.87347,-44.27298,0.0,0,-1.0,-1.0,-1.0,-1.0
1791147816.47,1703574.1,1263.8,367.6,367.6,-6.1,175.1,6.1,89.9,298.09,0.0,271.28,19.97,1171.846716,95925.6,0.96,370.0,-598432.5,300968.7,0.9948,0.873,552.0,-0.87347,-44.27298,0.0,0,-1.0,-1.0,-1.0,-1.0
1791147816.97,1703574.6,1264.3,364.5,364.5,-6.4,175.1,6.4,89.9,298.2,0.0,271.27,22.26,1172.28863,95970.3,0.91,367.1,-598432.6,300967.3,0.9948,0.873,552.0,-0.87347,-44.27298,0.0,0,-1.0,-1.0,-1.0,-1.0
1791147817.47,1703575.1,1264.8,361.3,361.3,-6.4,175.1,6.4,89.9,298.3,0.0,271.26,21.98,1172.738061,96015.7,0.99,363.9,-598432.6,300965.7,0.9948,0.873,552.0,-0.87347,-44.27298,0.0,0,-1.0,-1.0,-1.0,-1.0
1791147817.97,1703575.6,1265.3,358.2,358.2,-6.1,175.1,6.1,89.9,298.41,0.0,271.25,20.27,1173.180997,96060.5,1.05,360.7,-598432.6,300964.0,0.9948,0.873,552.0,-0.87347,-44.27298,0.0,0,-1.0,-1.0,-1.0,-1.0
1791147818.47,1703576.1,1265.8,355.1,355.1,-6.3,175.1,6.3,89.9,298.52,0.0,271.25,21.33,1173.625094,96105.4,0.96,357.6,-598432.7,300962.5,0.9948,0.873,552.0,-0.87347,-44.27298,0.0,0,-1.0,-1.0,-1.0,-1.0
1791147818.98,1703576.6,1266.3,352.0,352.0,-6.2,175.1,6.2,89.9,298.63,0.0,271.24,20.86,1174.068585,96150.3,1.01,354.5,-598432.7,300960.9,0.9948,0.873,552.0,-0.87347,-44.27298,0.0,0,-1.0,-1.0,-1.0,-1.0
1791147819.48,1703577.1,1266.8,348.9,348.9,-6.2,175.1,6.2,89.9,298.74,0.0,271.23,20.73,1174.509613,96194.9,1.0,351.4,-598432.7,300959.3,0.9948,0.873,552.0,-0.87347,-44.27298,0.0,0,-1.0,-1.0,-1.0,-1.0
1791147819.98,1703577.6,1267.3,345.8,345.8,-6.2,175.1,6.2,89.9,298.84,0.0,271.22,20.69,1174.955085,96240.0,1.0,348.2,-598432.8,300957.7,0.9948,0.873,552.0,-0.87347,-44.27298,0.0,0,-1.0,-1.0,-1.0,-1.0
1791147820.48,1703578.1,1267.8,342.5,342.5,-6.3,175.1,6.3,89.9,298.96,0.0,271.21,21.72,1175.413513,96286.3,0.94,345.1,-598432.8,300956.2,0.9948,0.873,552.0,-0.87347,-44.27298,0.0,0,-1.0,-1.0,-1.0,-1.0
1791147820.99,1703578.6,1268.3,339.3,339.3,-6.4,175.1,6.4,89.9,299.06,0.0,271.2,22.51,1175.867182,96332.2,0.96,342.0,-598432.8,300954.6,0.9948,0.873,552.0,-0.87347,-44.27298,0.0,0,-1.0,-1.0,-1.0,-1.0
1791147821.49,1703579.1,1268.8,336.3,336.3,-6.3,175.1,6.3,89.9,299.17,0.0,271.2,21.38,1176.297962,96375.8,1.01,338.9,-598432.9,300953.0,0.9948,0.873,552.0,-0.87347,-44.27298,0.0,0,-1.0,-1.0,-1.0,-1.0
1791147821.99,1703579.6,1269.3,333.1,333.1,-6.3,175.1,6.3,89.89,299.27,0.0,271.19,21.6,1176.753514,96421.9,1.0,335.7,-598432.9,300951.4,0.9948,0.873,552.0,-0.87347,-44.27298,0.0,0,-1.0,-1.0,-1.0,-1.0
1791147822.49,1703580.1,1269.8,330.0,330.0,-6.2,175.1,6.2,89.9,299.38,0.0,271.18,20.76,1177.196363,96466.7,1.01,332.5,-598432.9,300949.8,0.9948,0.873,552.0,-0.87347,-44.27298,0.0,0,-1.0,-1.0,-1.0,-1.0
1791147822.99,1703580.6,1270.3,327.0,327.0,-6.0,175.1,6.0,89.9,299.49,0.0,271.17,19.71,1177.630441,96510.7,1.02,329.3,-598433.0,300948.2,0.9948,0.873,552.0,-0.87347,-44.27298,0.0,0,-1.0,-1.0,-1.0,-1.0
1791147823.49,1703581.1,1270.8,323.9,323.9,-6.1,175.1,6.1,89.9,299.6,0.0,271.16,20.33,1178.062993,96554.4,0.97,326.4,-598433.0,300946.7,0.9948,0.873,552.0,-0.87347,-44.27298,0.0,0,-1.0,-1.0,-1.0,-1.0
1791147823.99,1703581.6,1271.3,320.9,320.9,-6.2,175.1,6.2,89.89,299.71,0.0,271.15,20.66,1178.501871,96598.9,0.99,323.3,-598433.0,300945.2,0.9948,0.873,552.0,-0.87347,-44.27298,0.0,0,-1.0,-1.0,-1.0,-1.0
1791147824.5,1703582.1,1271.8,317.8,317.8,-6.2,175.1,6.2,89.9,299.81,0.0,271.15,20.77,1178.942621,96643.5,0.99,320.3,-598433.0,300943.6,0.9948,0.873,552.0,-0.87347,-44.27298,0.0,0,-1.0,-1.0,-1.0,-1.0
1791147825.0,1703582.6,1272.3,314.6,314.6,-6.2,175.1,6.2,89.9,299.92,0.0,271.14,20.68,1179.390496,96688.8,1.03,317.1,-598433.1,300942.0,0.9948,0.873,552.0,-0.87347,-44.27298,0.0,0,-1.0,-1.0,-1.0,-1.0
1791147825.5,1703583.1,1272.8,311.6,311.6,-6.3,175.1,6.3,89.9,300.03,0.0,271.13,21.66,1179.830411,96733.4,0.95,314.1,-598433.1,300940.5,0.9948,0.873,552.0,-0.87347,-44.27298,0.0,0,-1.0,-1.0,-1.0,-1.0
1791147826.0,1703583.6,1273.3,308.4,308.4,-6.4,175.1,6.4,89.9,300.14,0.0,271.12,22.43,1180.281837,96779.1,0.96,311.0,-598433.1,300938.9,0.9948,0.873,552.0,-0.87347,-44.27298,0.0,0,-1.0,-1.0,-1.0,-1.0
1791147826.51,1703584.1,1273.8,305.2,305.2,-6.4,175.1,6.4,89.9,300.24,0.0,271.11,22.34,1180.735003,96825.0,0.99,307.8,-598433.2,300937.3,0.9948,0.873,552.0,-0.87347,-44.27298,0.0,0,-1.0,-1.0,-1.0,-1.0
1791147827.01,1703584.6,1274.3,302.0,302.0,-6.5,175.1,6.5,89.9,300.35,0.0,271.1,23.08,1181.195597,96871.6,0.96,304.7,-598433.2,300935.7,0.9948,0.873,552.0,-0.87347,-44.27298,0.0,0,-1.0,-1.0,-1.0,-1.0
1791147827.51,1703585.1,1274.8,298.9,298.9,-6.2,175.1,6.2,89.9,300.46,0.0,271.1,21.18,1181.646718,96917.3,1.04,301.4,-598433.2,300934.1,0.9948,0.873,552.0,-0.87347,-44.27298,0.0,0,-1.0,-1.0,-1.0,-1.0
1791147828.01,1703585.6,1275.3,295.7,295.7,-6.4,175.1,6.4,89.9,300.56,0.0,271.09,22.65,1182.098901,96963.1,0.94,298.3,-598433.3,300932.5,0.9948,0.873,551.9,-0.87347,-44.27298,0.0,0,-1.0,-1.0,-1.0,-1.0
1791147828.51,1703586.1,1275.8,292.5,292.5,-6.4,175.1,6.4,89.9,300.67,0.0,271.08,22.0,1182.549952,97008.8,1.0,295.1,-598433.3,300930.9,0.9948,0.873,551.9,-0.87347,-44.27298,0.0,0,-1.0,-1.0,-1.0,-1.0
1791147829.01,1703586.6,1276.3,289.8,289.8,-6.3,175.1,6.3,89.9,300.77,0.0,271.07,21.47,1182.943331,97048.7,1.01,292.3,-598433.3,300929.5,0.9948,0.873,551.9,-0.87347,-44.27298,0.0,0,-1.0,-1.0,-1.0,-1.0
1791147829.52,1703586.6,1276.8,289.8,289.8,-6.3,175.1,6.3,89.9,300.77,0.0,271.07,21.47,1182.943331,97048.7,1.01,292.3,-598433.3,300929.5,0.9948,0.873,551.9,-0.87347,-44.27298,0.0,0,-1.0,-1.0,-1.0,-1.0
1791147830.02,1703586.6,1277.3,289.5,289.5,-6.3,175.1,6.3,89.9,300.78,0.0,271.07,21.94,1182.979692,97052.3,0.99,292.1,-598433.3,300929.4,0.9948,0.873,551.9,-0.87347,-44.27298,0.0,0,-1.0,-1.0,-1.0,-1.0
1791147830.52,1703586.6,1277.8,289.5,289.5,-6.3,175.1,6.3,89.9,300.78,0.0,271.07,21.94,1182.979692,97052.3,0.99,292.1,-598433.3,300929.4,0.9948,0.873,551.9,-0.87347,-44.27298,0.0,0,-1.0,-1.0,-1.0,-1.0
1791147831.02,1703586.6,1278.3,289.3,289.3,-6.4,175.1,6.4,89.9,300.78,0.0,271.07,22.04,1183.016019,97056.0,0.98,291.9,-598433.3,300929.3,0.9948,0.873,551.9,-0.87347,-44.27298,0.0,0,-1.0,-1.0,-1.0,-1.0
1791147831.52,1703586.6,1278.9,289.3,289.3,-6.4,175.1,6.4,89.9,300.78,0.0,271.07,22.04,1183.016019,97056.0,0.98,291.9,-598433.3,300929.3,0.9948,0.873,551.9,-0.87347,-44.27298,0.0,0,-1.0,-1.0,-1.0,-1.0
1791147832.02,1703586.7,1279.4,289.0,289.0,-6.3,175.1,6.3,89.9,300.79,0.0,271.07,21.88,1183.052378,97059.7,0.97,291.6,-598433.3,300929.1,0.9948,0.873,551.9,-0.87347,-44.27298,0.0,0,-1.0,-1.0,-1.0,-1.0
1791147832.52,1703586.7,1279.9,289.0,289.0,-6.3,175.1,6.3,89.9,300.79,0.0,271.07,21.88,1183.052378,97059.7,0.97,291.6,-598433.3,300929.1,0.9948,0.873,551.9,-0.87347,-44.27298,0.0,0,-1.0,-1.0,-1.0,-1.0
1791147833.03,1703586.7,1280.4,288.8,288.8,-6.3,175.1,6.3,89.9,300.8,0.0,271.07,21.66,1183.088551,97063.4,0.98,291.3,-598433.3,300929.0,0.9948,0.873,551.9,-0.87347,-44.27298,0.0,0,-1.0,-1.0,-1.0,-1.0
1791147833.53,1703586.7,1280.9,288.8,288.8,-6.3,175.1,6.3,89.9,300.8,0.0,271.07,21.66,1183.088551,97063.4,0.98,291.3,-598433.3,300929.0,0.9948,0.873,551.9,-0.87347,-44.27298,0.0,0,-1.0,-1.0,-1.0,-1.0
1791147834.03,1703586.8,1281.4,288.5,288.5,-6.3,175.1,6.3,89.9,300.81,0.0,271.07,21.6,1183.124631,97067.0,0.97,291.1,-598433.4,300928.9,0.9948,0.873,551.9,-0.87347,-44.27298,0.0,0,-1.0,-1.0,-1.0,-1.0
1791147834.53,1703586.8,1281.9,288.5,288.5,-6.3,175.1,6.3,89.9,300.81,0.0,271.07,21.6,1183.124631,97067.0,0.97,291.1,-598433.4,300928.9,0.9948,0.873,551.9,-0.87347,-44.27298,0.0,0,-1.0,-1.0,-1.0,-1.0
1791147835.03,1703586.8,1282.4,288.3,288.3,-6.3,175.1,6.3,89.9,300.82,0.0,271.07,21.82,1183.160677,97070.7,0.96,290.8,-598433.4,300928.7,0.9948,0.873,551.9,-0.87347,-44.27298,0.0,0,-1.0,-1.0,-1.0,-1.0
1791147835.53,1703586.8,1282.9,288.3,288.3,-6.3,175.1,6.3,89.9,300.82,0.0,271.07,21.82,1183.160677,97070.7,0.96,290.8,-598433.4,300928.7,0.9948,0.873,551.9,-0.87347,-44.27298,0.0,0,-1.0,-1.0,-1.0,-1.0
1791147836.04,1703586.8,1283.4,288.0,288.0,-6.4,175.1,6.4,89.9,300.83,0.0,271.07,22.29,1183.197187,97074.4,0.94,290.6,-598433.4,300928.6,0.9948,0.873,551.9,-0.87347,-44.27298,0.0,0,-1.0,-1.0,-1.0,-1.0
1791147836.54,1703586.8,1283.9,288.0,288.0,-6.4,175.1,6.4,89.9,300.83,0.0,271.07,22.29,1183.197187,97074.4,0.94,290.6,-598433.4,300928.6,0.9948,0.873,551.9,-0.87347,-44.27298,0.0,0,-1.0,-1.0,-1.0,-1.0
1791147837.04,1703586.9,1284.4,287.8,287.8,-6.4,175.1,6.4,89.9,300.84,0.0,271.07,22.47,1183.233976,97078.1,0.94,290.4,-598433.4,300928.5,0.9948,0.873,551.9,-0.87347,-44.27298,0.0,0,-1.0,-1.0,-1.0,-1.0
1791147837.54,1703586.9,1284.9,287.8,287.8,-6.4,175.1,6.4,89.9,300.84,0.0,271.07,22.47,1183.233976,97078.1,0.94,290.4,-598433.4,300928.5,0.9948,0.873,551.9,-0.87347,-44.27298,0.0,0,-1.0,-1.0,-1.0,-1.0
1791147838.04,1703586.9,1285.4,287.5,287.5,-6.4,175.1,6.4,89.9,300.84,0.0,271.07,22.35,1183.270671,97081.8,0.95,290.1,-598433.4,300928.4,0.9948,0.873,551.9,-0.87347,-44.27298,0.0,0,-1.0,-1.0,-1.0,-1.0
1791147838.54,1703586.9,1285.9,287.5,287.5,-6.4,175.1,6.4,89.9,300.84,0.0,271.07,22.35,1183.270671,97081.8,0.95,290.1,-598433.4,300928.4,0.9948,0.873,551.9,-0.87347,-44.27298,0.0,0,-1.0,-1.0,-1.0,-1.0
1791147839.05,1703587.0,1286.4,287.2,287.2,-6.4,175.1,6.4,89.9,300.85,0.0,271.07,22.11,1183.307179,97085.5,0.97,289.8,-598433.4,300928.2,0.9948,0.873,551.9,-0.87347,-44.27298,0.0,0,-1.0,-1.0,-1.0,-1.0
1791147839.55,1703587.0,1286.9,287.2,287.2,-6.4,175.1,6.4,89.9,300.85,0.0,271.07,22.11,1183.307179,97085.5,0.97,289.8,-598433.4,300928.2,0.9948,0.873,551.9,-0.87347,-44.27298,0.0,0,-1.0,-1.0,-1.0,-1.0
1791147840.05,1703587.0,1287.4,287.2,287.2,-6.4,175.1,6.4,89.9,300.85,0.0,271.07,22.11,1183.307179,97085.5,0.97,289.8,-598433.4,300928.2,0.9948,0.873,551.9,-0.87347,-44.27298,0.0,0,-1.0,-1.0,-1.0,-1.0
1791147840.55,1703587.0,1287.9,287.0,287.0,-6.4,175.1,6.4,89.89,300.86,0.0,271.07,22.26,1183.343687,97089.2,0.98,289.6,-598433.4,300928.1,0.9948,0.873,551.9,-0.87347,-44.27298,0.0,0,-1.0,-1.0,-1.0,-1.0
1791147841.05,1703587.0,1288.4,287.0,287.0,-6.4,175.1,6.4,89.89,300.86,0.0,271.07,22.26,1183.343687,97089.2,0.98,289.6,-598433.4,300928.1,0.9948,0.873,551.9,-0.87347,-44.27298,0.0,0,-1.0,-1.0,-1.0,-1.0
1791147841.56,1703587.0,1288.9,286.7,286.7,-6.4,175.1,6.4,89.9,300.87,0.0,271.06,22.21,1183.380288,97092.9,0.99,289.3,-598433.4,300928.0,0.9948,0.873,551.9,-0.87347,-44.27298,0.0,0,-1.0,-1.0,-1.0,-1.0
1791147842.06,1703587.0,1289.4,286.7,286.7,-6.4,175.1,6.4,89.9,300.87,0.0,271.06,22.21,1183.380288,97092.9,0.99,289.3,-598433.4,300928.0,0.9948,0.873,551.9,-0.87347,-44.27298,0.0,0,-1.0,-1.0,-1.0,-1.0
1791147842.56,1703587.1,1289.9,286.5,286.5,-6.4,175.1,6.4,89.9,300.88,0.0,271.06,21.99,1183.416702,97096.6,0.99,289.1,-598433.4,300927.8,0.9948,0.873,551.9,-0.87347,-44.27298,0.0,0,-1.0,-1.0,-1.0,-1.0
1791147843.06,1703587.1,1290.4,286.5,286.5,-6.4,175.1,6.4,89.9,300.88,0.0,271.06,21.99,1183.416702,97096.6,0.99,289.1,-598433.4,300927.8,0.9948,0.873,551.9,-0.87347,-44.27298,0.0,0,-1.0,-1.0,-1.0,-1.0
1791147843.56,1703587.1,1290.9,286.2,286.2,-6.3,175.1,6.3,89.9,300.89,0.0,271.06,21.87,1183.453056,97100.3,0.99,288.8,-598433.4,300927.7,0.9948,0.873,551.9,-0.87347,-44.27298,0.0,0,-1.0,-1.0,-1.0,-1.0
1791147844.06,1703587.1,1291.4,286.2,286.2,-6.3,175.1,6.3,89.9,300.89,0.0,271.06,21.87,1183.453056,97100.3,0.99,288.8,-598433.4,300927.7,0.9948,0.873,551.9,-0.87347,-44.27298,0.0,0,-1.0,-1.0,-1.0,-1.0
1791147844.57,1703587.2,1291.9,286.0,286.0,-6.3,175.1,6.3,89.9,300.9,0.0,271.06,21.8,1183.48919,97104.0,0.99,288.5,-598433.4,300927.6,0.9948,0.873,551.9,-0.87347,-44.27298,0.0,0,-1.0,-1.0,-1.0,-1.0
1791147845.07,1703587.2,1292.4,286.0,286.0,-6.3,175.1,6.3,89.9,300.9,0.0,271.06,21.8,1183.48919,97104.0,0.99,288.5,-598433.4,300927.6,0.9948,0.873,551.9,-0.87347,-44.27298,0.0,0,-1.0,-1.0,-1.0,-1.0
1791147845.57,1703587.2,1292.9,285.7,285.7,-6.3,175.1,6.3,89.9,300.9,0.0,271.06,21.72,1183.525356,97107.6,1.0,288.3,-598433.4,300927.4,0.9948,0.873,551.9,-0.87347,-44.27298,0.0,0,-1.0,-1.0,-1.0,-1.0
1791147846.07,1703587.2,1293.4,285.7,285.7,-6.3,175.1,6.3,89.9,300.9,0.0,271.06,21.72,1183.525356,97107.6,1.0,288.3,-598433.4,300927.4,0.9948,0.873,551.9,-0.87347,-44.27298,0.0,0,-1.0,-1.0,-1.0,-1.0
1791147846.58,1703587.2,1293.9,285.5,285.5,-6.3,175.1,6.3,89.9,300.91,0.0,271.06,21.61,1183.56143,97111.3,1.02,288.0,-598433.4,300927.3,0.9948,0.873,551.9,-0.87347,-44.27298,0.0,0,-1.0,-1.0,-1.0,-1.0
1791147847.08,1703587.2,1294.4,285.5,285.5,-6.3,175.1,6.3,89.9,300.91,0.0,271.06,21.61,1183.56143,97111.3,1.02,288.0,-598433.4,300927.3,0.9948,0.873,551.9,-0.87347,-44.27298,0.0,0,-1.0,-1.0,-1.0,-1.0
1791147847.58,1703587.3,1294.9,285.2,285.2,-6.3,175.1,6.3,89.9,300.92,0.0,271.06,21.45,1183.59741,97114.9,1.03,287.7,-598433.4,300927.2,0.9948,0.873,551.9,-0.87347,-44.27298,0.0,0,-1.0,-1.0,-1.0,-1.0
1791147848.08,1703587.3,1295.4,285.2,285.2,-6.3,175.1,6.3,89.9,300.92,0.0,271.06,21.45,1183.59741,97114.9,1.03,287.7,-598433.4,300927.2,0.9948,0.873,551.9,-0.87347,-44.27298,0.0,0,-1.0,-1.0,-1.0,-1.0
1791147848.58,1703587.3,1295.9,285.0,285.0,-6.2,175.1,6.2,89.9,300.93,0.0,271.06,21.27,1183.633236,97118.6,1.03,287.5,-598433.4,300927.0,0.9948,0.873,551.9,-0.87347,-44.27298,0.0,0,-1.0,-1.0,-1.0,-1.0
1791147849.08,1703587.3,1296.4,285.0,285.0,-6.2,175.1,6.2,89.9,300.93,0.0,271.06,21.27,1183.633236,97118.6,1.03,287.5,-598433.4,300927.0,0.9948,0.873,551.9,-0.87347,-44.27298,0.0,0,-1.0,-1.0,-1.0,-1.0
1791147849.58,1703587.4,1296.9,284.7,284.7,-6.2,175.1,6.2,89.9,300.94,0.0,271.06,21.09,1183.668843,97122.2,1.03,287.2,-598433.4,300926.9,0.9948,0.873,551.9,-0.87347,-44.27298,0.0,0,-1.0,-1.0,-1.0,-1.0
1791147850.09,1703587.4,1297.4,284.7,284.7,-6.2,175.1,6.2,89.9,300.94,0.0,271.06,21.09,1183.668843,97122.2,1.03,287.2,-598433.4,300926.9,0.9948,0.873,551.9,-0.87347,-44.27298,0.0,0,-1.0,-1.0,-1.0,-1.0
1791147850.59,1703587.4,1297.9,284.5,284.5,-6.2,175.1,6.2,89.9,300.95,0.0,271.06,20.96,1183.70439,97125.8,1.04,287.0,-598433.4,300926.8,0.9948,0.873,551.9,-0.87347,-44.27298,0.0,0,-1.0,-1.0,-1.0,-1.0
1791147851.09,1703587.4,1298.4,284.5,284.5,-6.2,175.1,6.2,89.9,300.95,0.0,271.06,20.96,1183.70439,97125.8,1.04,287.0,-598433.4,300926.8,0.9948,0.873,551.9,-0.87347,-44.27298,0.0,0,-1.0,-1.0,-1.0,-1.0
1791147851.59,1703587.4,1298.9,284.2,284.2,-6.2,175.1,6.2,89.9,300.96,0.0,271.06,20.92,1183.739843,97129.4,1.04,286.7,-598433.4,300926.7,0.9948,0.873,551.9,-0.87347,-44.27298,0.0,0,-1.0,-1.0,-1.0,-1.0
1791147852.09,1703587.4,1299.4,284.2,284.2,-6.2,175.1,6.2,89.9,300.96,0.0,271.06,20.92,1183.739843,97129.4,1.04,286.7,-598433.4,300926.7,0.9948,0.873,551.9,-0.87347,-44.27298,0.0,0,-1.0,-1.0,-1.0,-1.0
1791147852.59,1703587.5,1299.9,284.0,284.0,-6.2,175.1,6.2,89.9,300.96,0.0,271.06,21.01,1183.775389,97133.0,1.03,286.5,-598433.4,300926.5,0.9948,0.873,551.9,-0.87347,-44.27298,0.0,0,-1.0,-1.0,-1.0,-1.0
1791147853.1,1703587.5,1300.4,284.0,284.0,-6.2,175.1,6.2,89.9,300.96,0.0,271.06,21.01,1183.775389,97133.0,1.03,286.5,-598433.4,300926.5,0.9948,0.873,551.9,-0.87347,-44.27298,0.0,0,-1.0,-1.0,-1.0,-1.0
1791147853.6,1703587.5,1300.9,283.7,283.7,-6.2,175.1,6.2,89.9,300.97,0.0,271.06,21.24,1183.81112,97136.6,1.02,286.2,-598433.4,300926.4,0.9948,0.873,551.9,-0.87347,-44.27298,0.0,0,-1.0,-1.0,-1.0,-1.0
1791147854.1,1703587.5,1301.4,283.7,283.7,-6.2,175.1,6.2,89.9,300.97,0.0,271.06,21.24,1183.81112,97136.6,1.02,286.2,-598433.4,300926.4,0.9948,0.873,551.9,-0.87347,-44.27298,0.0,0,-1.0,-1.0,-1.0,-1.0
1791147854.6,1703587.6,1301.9,283.5,283.5,-6.3,175.1,6.3,89.9,300.98,0.0,271.06,21.64,1183.847097,97140.2,1.0,286.0,-598433.4,300926.3,0.9948,0.873,551.9,-0.87347,-44.27298,0.0,0,-1.0,-1.0,-1.0,-1.0
1791147855.1,1703587.6,1302.4,283.5,283.5,-6.3,175.1,6.3,89.9,300.98,0.0,271.06,21.64,1183.847097,97140.2,1.0,286.0,-598433.4,300926.3,0.9948,0.873,551.9,-0.87347,-44.27298,0.0,0,-1.0,-1.0,-1.0,-1.0
1791147855.6,1703587.6,1302.9,283.2,283.2,-6.4,175.1,6.4,89.9,300.99,0.0,271.06,22.09,1183.883411,97143.9,0.98,285.8,-598433.4,300926.2,0.9948,0.873,551.9,-0.87347,-44.27298,0.0,0,-1.0,-1.0,-1.0,-1.0
1791147856.1,1703587.6,1303.4,283.2,283.2,-6.4,175.1,6.4,89.9,300.99,0.0,271.06,22.09,1183.883411,97143.9,0.98,285.8,-598433.4,300926.2,0.9948,0.873,551.9,-0.87347,-44.27298,0.0,0,-1.0,-1.0,-1.0,-1.0
1791147856.61,1703587.6,1303.9,283.0,283.0,-6.4,175.1,6.4,89.9,301.0,0.0,271.05,22.33,1183.920004,97147.6,0.97,285.6,-598433.4,300926.1,0.9948,0.873,551.9,-0.87347,-44.27298,0.0,0,-1.0,-1.0,-1.0,-1.0
1791147857.11,1703587.6,1304.4,283.0,283.0,-6.4,175.1,6.4,89.9,301.0,0.0,271.05,22.33,1183.920004,97147.6,0.97,285.6,-598433.4,300926.1,0.9948,0.873,551.9,-0.87347,-44.27298,0.0,0,-1.0,-1.0,-1.0,-1.0
1791147857.61,1703587.7,1304.9,282.7,282.7,-6.4,175.1,6.4,89.9,301.01,0.0,271.05,22.4,1183.956782,97151.3,0.96,285.3,-598433.4,300926.0,0.9948,0.873,551.9,-0.87347,-44.27298,0.0,0,-1.0,-1.0,-1.0,-1.0
1791147858.11,1703587.7,1305.4,282.7,282.7,-6.4,175.1,6.4,89.9,301.01,0.0,271.05,22.4,1183.956782,97151.3,0.96,285.3,-598433.4,300926.0,0.9948,0.873,551.9,-0.87347,-44.27298,0.0,0,-1.0,-1.0,-1.0,-1.0
1791147858.61,1703587.7,1305.9,282.5,282.5,-6.4,175.1,6.4,89.9,301.02,0.0,271.05,22.37,1183.993466,97155.1,0.95,285.1,-598433.4,300925.8,0.9948,0.873,551.9,-0.87347,-44.27298,0.0,0,-1.0,-1.0,-1.0,-1.0
1791147859.11,1703587.7,1306.4,282.5,282.5,-6.4,175.1,6.4,89.9,301.02,0.0,271.05,22.37,1183.993466,97155.1,0.95,285.1,-598433.4,300925.8,0.9948,0.873,551.9,-0.87347,-44.27298,0.0,0,-1.0,-1.0,-1.0,-1.0
1791147859.61,1703587.8,1306.9,282.2,282.2,-6.4,175.1,6.4,89.9,301.02,0.0,271.05,22.28,1184.03015,97158.8,0.95,284.8,-598433.4,300925.7,0.9948,0.873,551.9,-0.87347,-44.27298,0.0,0,-1.0,-1.0,-1.0,-1.0
1791147860.12,1703587.8,1307.4,282.2,282.2,-6.4,175.1,6.4,89.9,301.02,0.0,271.05,22.28,1184.03015,97158.8,0.95,284.8,-598433.4,300925.7,0.9948,0.873,551.9,-0.87347,-44.27298,0.0,0,-1.0,-1.0,-1.0,-1.0
1791147860.62,1703587.8,1307.9,281.9,281.9,-6.4,175.1,6.4,89.9,301.03,0.0,271.05,22.15,1184.066648,97162.5,0.95,284.5,-598433.4,300925.6,0.9948,0.873,551.9,-0.87347,-44.27298,0.0,0,-1.0,-1.0,-1.0,-1.0
1791147861.12,1703587.8,1308.4,281.9,281.9,-6.4,175.1,6.4,89.9,301.03,0.0,271.05,22.15,1184.066648,97162.5,0.95,284.5,-598433.4,300925.6,0.9948,0.873,551.9,-0.87347,-44.27298,0.0,0,-1.0,-1.0,-1.0,-1.0
1791147861.62,1703587.8,1308.9,281.7,281.7,-6.4,175.1,6.4,89.9,301.04,0.0,271.05,22.01,1184.103052,97166.2,0.95,284.3,-598433.4,300925.4,0.9948,0.873,551.9,-0.87347,-44.27298,0.0,0,-1.0,-1.0,-1.0,-1.0
1791147862.12,1703587.8,1309.5,281.7,281.7,-6.4,175.1,6.4,89.9,301.04,0.0,271.05,22.01,1184.103052,97166.2,0.95,284.3,-598433.4,300925.4,0.9948,0.873,551.9,-0.87347,-44.27298,0.0,0,-1.0,-1.0,-1.0,-1.0
1791147862.62,1703587.9,1310.0,281.4,281.4,-6.3,175.1,6.3,89.9,301.05,0.0,271.05,21.9,1184.139396,97169.8,0.96,284.0,-598433.4,300925.3,0.9948,0.873,551.9,-0.87347,-44.27298,0.0,0,-1.0,-1.0,-1.0,-1.0
1791147863.12,1703587.9,1310.5,281.4,281.4,-6.3,175.1,6.3,89.9,301.05,0.0,271.05,21.9,1184.139396,97169.8,0.96,284.0,-598433.4,300925.3,0.9948,0.873,551.9,-0.87347,-44.27298,0.0,0,-1.0,-1.0,-1.0,-1.0
1791147863.63,1703587.9,1311.0,281.2,281.2,-6.3,175.1,6.3,89.9,301.06,0.0,271.05,21.83,1184.175613,97173.5,0.97,283.7,-598433.4,300925.2,0.9948,0.873,551.9,-0.87347,-44.27298,0.0,0,-1.0,-1.0,-1.0,-1.0
1791147864.13,1703587.9,1311.5,281.2,281.2,-6.3,175.1,6.3,89.9,301.06,0.0,271.05,21.83,1184.175613,97173.5,0.97,283.7,-598433.4,300925.2,0.9948,0.873,551.9,-0.87347,-44.27298,0.0,0,-1.0,-1.0,-1.0,-1.0
1791147864.63,1703588.4,1312.0,278.0,278.0,-6.2,175.1,6.2,89.9,301.17,0.0,271.04,21.02,1184.629167,97219.5,1.04,280.5,-598433.5,300923.5,0.9948,0.873,551.9,-0.87347,-44.27298,0.0,0,-1.0,-1.0,-1.0,-1.0
1791147865.13,1703588.9,1312.5,274.9,274.9,-6.4,175.1,6.4,89.9,301.27,0.0,271.03,22.39,1185.082149,97265.4,0.95,277.5,-598433.5,300922.0,0.9948,0.873,551.9,-0.87347,-44.27298,0.0,0,-1.0,-1.0,-1.0,-1.0
1791147865.63,1703589.4,1313.0,271.7,271.7,-6.3,175.1,6.3,89.9,301.38,0.0,271.02,21.34,1185.535819,97311.4,1.03,274.2,-598433.5,300920.3,0.9948,0.873,551.9,-0.87347,-44.27298,0.0,0,-1.0,-1.0,-1.0,-1.0
1791147866.13,1703589.9,1313.5,268.6,268.6,-6.0,175.1,6.0,89.9,301.49,0.0,271.02,19.88,1185.973593,97355.8,1.03,271.0,-598433.6,300918.7,0.9948,0.873,551.9,-0.87347,-44.27298,0.0,0,-1.0,-1.0,-1.0,-1.0
1791147866.64,1703590.4,1314.0,265.5,265.5,-6.2,175.1,6.2,89.9,301.6,0.0,271.01,20.81,1186.427939,97401.8,0.96,267.9,-598433.6,300917.2,0.9948,0.873,551.9,-0.87347,-44.27298,0.0,0,-1.0,-1.0,-1.0,-1.0
1791147867.14,1703590.9,1314.5,262.3,262.3,-6.4,175.1,6.4,89.9,301.71,0.0,271.0,22.62,1186.881156,97447.8,0.97,264.9,-598433.6,300915.7,0.9948,0.873,551.9,-0.87347,-44.27298,0.0,0,-1.0,-1.0,-1.0,-1.0
1791147867.65,1703591.4,1315.0,259.1,259.1,-6.4,175.1,6.4,89.9,301.81,0.0,270.99,22.06,1187.339469,97494.2,1.0,261.7,-598433.7,300914.0,0.9948,0.873,551.9,-0.87347,-44.27298,0.0,0,-1.0,-1.0,-1.0,-1.0
1791147868.15,1703591.9,1315.5,255.9,255.9,-6.2,175.1,6.2,89.9,301.92,0.0,270.98,21.13,1187.793941,97540.3,1.06,258.4,-598433.7,300912.4,0.9948,0.873,551.9,-0.87347,-44.27298,0.0,0,-1.0,-1.0,-1.0,-1.0
1791147868.65,1703592.4,1316.0,252.8,252.8,-6.2,175.1,6.2,89.9,302.02,0.0,270.97,20.94,1188.243003,97585.9,1.02,255.3,-598433.7,300910.8,0.9948,0.873,551.9,-0.87347,-44.27298,0.0,0,-1.0,-1.0,-1.0,-1.0
1791147869.15,1703592.9,1316.5,249.6,249.6,-6.3,175.1,6.3,89.9,302.13,0.0,270.97,21.93,1188.698764,97632.1,0.98,252.2,-598433.8,300909.2,0.9948,0.873,551.9,-0.87347,-44.27298,0.0,0,-1.0,-1.0,-1.0,-1.0
1791147869.65,1703593.4,1317.0,246.5,246.5,-6.1,175.1,6.1,89.9,302.24,0.0,270.96,20.13,1189.144559,97677.3,1.06,248.9,-598433.8,300907.6,0.9948,0.873,551.9,-0.87347,-44.27298,0.0,0,-1.0,-1.0,-1.0,-1.0
1791147870.15,1703594.0,1317.5,243.5,243.5,-6.2,175.1,6.2,89.9,302.35,0.0,270.95,20.76,1189.580393,97721.5,0.96,246.0,-598433.8,300906.1,0.9948,0.873,551.9,-0.87347,-44.27298,0.0,0,-1.0,-1.0,-1.0,-1.0
1791147870.65,1703594.5,1318.0,240.4,240.4,-6.4,175.1,6.4,89.9,302.45,0.0,270.94,22.38,1190.029112,97767.1,0.93,243.0,-598433.9,300904.6,0.9948,0.873,551.9,-0.87347,-44.27298,0.0,0,-1.0,-1.0,-1.0,-1.0
1791147871.16,1703595.0,1318.5,237.1,237.1,-6.4,175.1,6.4,89.9,302.56,0.0,270.93,22.76,1190.494896,97814.3,1.0,239.8,-598433.9,300902.9,0.9948,0.873,551.9,-0.87347,-44.27298,0.0,0,-1.0,-1.0,-1.0,-1.0
1791147871.66,1703595.5,1319.0,233.8,233.8,-6.5,175.1,6.5,89.9,302.67,0.0,270.92,23.12,1190.974563,97863.0,0.97,236.5,-598433.9,300901.3,0.9948,0.873,551.9,-0.87347,-44.27298,0.0,0,-1.0,-1.0,-1.0,-1.0
1791147872.17,1703596.0,1319.5,230.5,230.5,-6.5,175.1,6.5,89.9,302.78,0.0,270.92,23.25,1191.444972,97910.7,1.0,233.2,-598434.0,300899.6,0.9948,0.873,551.9,-0.87347,-44.27298,0.0,0,-1.0,-1.0,-1.0,-1.0
1791147872.67,1703596.5,1320.0,227.4,227.4,-6.2,175.1,6.2,89.9,302.88,0.0,270.91,20.78,1191.900075,97956.9,1.06,229.8,-598434.0,300897.9,0.9948,0.873,551.9,-0.87347,-44.27298,0.0,0,-1.0,-1.0,-1.0,-1.0
1791147873.18,1703597.0,1320.5,224.3,224.3,-6.4,175.1,6.4,89.89,302.99,0.0,270.9,22.64,1192.346361,98002.2,0.91,226.9,-598434.0,300896.4,0.9948,0.873,551.8,-0.87347,-44.27298,0.0,0,-1.0,-1.0,-1.0,-1.0
1791147873.68,1703597.3,1321.0,221.9,221.9,-6.5,175.1,6.5,89.9,303.07,0.0,270.89,22.9,1192.695928,98037.7,0.98,224.5,-598434.0,300895.2,0.9948,0.873,551.8,-0.87347,-44.27298,0.0,0,-1.0,-1.0,-1.0,-1.0
1791147874.18,1703597.9,1321.5,218.6,218.6,-6.6,175.1,6.6,89.9,303.18,0.0,270.88,24.18,1193.169592,98085.8,0.97,221.3,-598434.1,300893.6,0.9948,0.873,551.8,-0.87347,-44.27298,0.0,0,-1.0,-1.0,-1.0,-1.0
1791147874.68,1703598.4,1322.0,215.3,215.3,-6.6,175.1,6.6,89.9,303.29,0.0,270.88,23.76,1193.640092,98133.6,0.99,218.0,-598434.1,300892.0,0.9948,0.873,551.8,-0.87347,-44.27298,0.0,0,-1.0,-1.0,-1.0,-1.0
1791147875.18,1703598.8,1322.5,212.1,212.1,-6.2,175.1,6.2,89.9,303.39,0.0,270.87,21.03,1194.098004,98180.1,1.07,214.6,-598434.2,300890.2,0.9948,0.873,551.8,-0.87347,-44.27298,0.0,0,-1.0,-1.0,-1.0,-1.0
1791147875.69,1703599.3,1323.0,209.0,209.0,-6.2,175.1,6.2,89.9,303.49,0.0,270.86,20.93,1194.547873,98225.7,1.0,211.5,-598434.2,300888.6,0.9948,0.873,551.8,-0.87347,-44.27298,0.0,0,-1.0,-1.0,-1.0,-1.0
1791147876.19,1703599.9,1323.5,205.9,205.9,-6.0,175.1,6.0,89.89,303.61,0.0,270.85,19.57,1194.998184,98271.5,1.02,208.2,-598434.2,300887.0,0.9948,0.873,551.8,-0.87347,-44.27298,0.0,0,-1.0,-1.0,-1.0,-1.0
1791147876.69,1703600.4,1324.0,202.8,202.8,-6.1,175.1,6.1,89.9,303.71,0.0,270.84,20.59,1195.439854,98316.3,0.97,205.2,-598434.3,300885.5,0.9948,0.873,551.8,-0.87347,-44.27298,0.0,0,-1.0,-1.0,-1.0,-1.0
1791147877.19,1703600.9,1324.5,199.7,199.7,-6.3,175.1,6.3,89.9,303.82,0.0,270.83,22.15,1195.892652,98362.3,0.94,202.3,-598434.3,300884.0,0.9948,0.873,551.8,-0.87347,-44.27298,0.0,0,-1.0,-1.0,-1.0,-1.0
1791147877.7,1703601.4,1325.0,196.6,196.6,-6.1,175.1,6.1,89.9,303.92,0.0,270.83,20.41,1196.341994,98408.0,1.05,199.0,-598434.3,300882.3,0.9948,0.873,551.8,-0.87347,-44.27298,0.0,0,-1.0,-1.0,-1.0,-1.0
1791147878.2,1703601.9,1325.5,193.6,193.6,-6.0,175.1,6.0,89.9,304.03,0.0,270.82,19.94,1196.776312,98452.1,1.0,195.9,-598434.3,300880.8,0.9948,0.873,551.8,-0.87347,-44.27298,0.0,0,-1.0,-1.0,-1.0,-1.0
1791147878.7,1703602.4,1326.0,190.5,190.5,-6.1,175.1,6.1,89.9,304.14,0.0,270.81,20.58,1197.214509,98496.6,0.98,192.9,-598434.4,300879.3,0.9948,0.873,551.8,-0.87347,-44.27298,0.0,0,-1.0,-1.0,-1.0,-1.0
1791147879.2,1703602.9,1326.5,187.5,187.5,-6.1,175.1,6.1,89.9,304.24,0.0,270.8,20.72,1197.656721,98541.5,0.99,189.9,-598434.4,300877.7,0.9948,0.873,551.8,-0.87347,-44.27297,0.0,0,-1.0,-1.0,-1.0,-1.0
1791147879.7,1703603.4,1327.0,184.4,184.4,-6.3,175.1,6.3,89.9,304.35,0.0,270.79,21.83,1198.104072,98587.0,0.95,186.9,-598434.4,300876.2,0.9948,0.873,551.8,-0.87347,-44.27297,0.0,0,-1.0,-1.0,-1.0,-1.0
1791147880.21,1703603.9,1327.5,181.3,181.3,-6.1,175.1,6.1,89.9,304.45,0.0,270.78,20.25,1198.547567,98632.1,1.04,183.7,-598434.5,300874.6,0.9948,0.873,551.8,-0.87347,-44.27297,0.0,0,-1.0,-1.0,-1.0,-1.0
1791147880.71,1703604.4,1328.0,178.2,178.2,-6.3,175.1,6.3,89.9,304.56,0.0,270.78,21.98,1198.996882,98677.7,0.94,180.7,-598434.5,300873.1,0.9948,0.873,551.8,-0.87347,-44.27297,0.0,0,-1.0,-1.0,-1.0,-1.0
1791147881.21,1703604.9,1328.5,175.0,175.0,-6.2,175.1,6.2,89.9,304.67,0.0,270.77,21.5,1199.45799,98724.6,1.03,177.5,-598434.5,300871.5,0.9948,0.873,551.8,-0.87347,-44.27297,0.0,0,-1.0,-1.0,-1.0,-1.0
1791147881.71,1703605.4,1329.0,171.9,171.9,-6.1,175.1,6.1,89.9,304.77,0.0,270.76,20.41,1199.902419,98769.8,1.02,174.3,-598434.6,300869.9,0.9948,0.873,551.8,-0.87347,-44.27297,0.0,0,-1.0,-1.0,-1.0,-1.0
1791147882.21,1703605.9,1329.5,168.9,168.9,-6.3,175.1,6.3,89.9,304.88,0.0,270.75,21.88,1200.343808,98814.6,0.93,171.4,-598434.6,300868.4,0.9948,0.873,551.8,-0.87347,-44.27297,0.0,0,-1.0,-1.0,-1.0,-1.0
1791147882.72,1703606.4,1330.0,165.6,165.6,-6.5,175.1,6.5,89.9,304.99,0.0,270.74,23.35,1200.823368,98863.4,0.95,168.2,-598434.6,300866.8,0.9948,0.873,551.8,-0.87347,-44.27297,0.0,0,-1.0,-1.0,-1.0,-1.0
1791147883.22,1703606.9,1330.5,162.3,162.3,-6.6,175.1,6.6,89.9,305.09,0.0,270.73,24.25,1201.299505,98911.8,0.97,165.0,-598434.7,300865.2,0.9948,0.873,551.8,-0.87347,-44.27297,0.0,0,-1.0,-1.0,-1.0,-1.0
1791147883.72,1703607.4,1331.0,159.0,159.0,-6.4,175.1,6.4,89.9,305.2,0.0,270.73,22.51,1201.770253,98959.7,1.05,161.6,-598434.7,300863.5,0.9948,0.873,551.8,-0.87347,-44.27297,0.0,0,-1.0,-1.0,-1.0,-1.0
1791147884.22,1703607.9,1331.5,155.9,155.9,-6.2,175.1,6.2,89.9,305.3,0.0,270.72,21.07,1202.229241,99006.4,1.06,158.3,-598434.7,300861.8,0.9948,0.873,551.8,-0.87347,-44.27297,0.0,0,-1.0,-1.0,-1.0,-1.0
1791147884.72,1703608.4,1332.1,152.8,152.8,-6.2,175.1,6.2,89.9,305.41,0.0,270.71,20.98,1202.679854,99052.2,1.0,155.2,-598434.8,300860.2,0.9948,0.873,551.7,-0.87347,-44.27297,0.0,0,-1.0,-1.0,-1.0,-1.0
1791147885.22,1703608.9,1332.6,149.6,149.6,-6.3,175.1,6.3,89.89,305.52,0.0,270.7,21.82,1203.136019,99098.6,0.97,152.1,-598434.8,300858.7,0.9948,0.873,551.7,-0.87347,-44.27297,0.0,0,-1.0,-1.0,-1.0,-1.0
1791147885.73,1703609.4,1333.1,146.5,146.5,-6.1,175.1,6.1,89.9,305.62,0.0,270.69,20.43,1203.582794,99144.1,1.03,148.9,-598434.8,300857.0,0.9948,0.873,551.7,-0.87347,-44.27297,0.0,0,-1.0,-1.0,-1.0,-1.0
1791147886.23,1703609.9,1333.6,143.3,143.3,-6.2,175.1,6.2,89.9,305.73,0.0,270.68,21.25,1204.05102,99191.7,0.97,145.8,-598434.9,300855.4,0.9948,0.873,551.7,-0.87347,-44.27297,0.0,0,-1.0,-1.0,-1.0,-1.0
1791147886.73,1703610.4,1334.1,140.2,140.2,-6.4,175.1,6.4,89.9,305.84,0.0,270.68,22.82,1204.506306,99238.0,0.94,142.8,-598434.9,300853.9,0.9948,0.873,551.7,-0.87347,-44.27297,0.0,0,-1.0,-1.0,-1.0,-1.0
1791147887.24,1703610.9,1334.6,137.0,137.0,-6.3,175.1,6.3,89.9,305.94,0.0,270.67,22.06,1204.96714,99284.9,1.02,139.5,-598434.9,300852.3,0.9948,0.873,551.7,-0.87347,-44.27297,0.0,0,-1.0,-1.0,-1.0,-1.0
1791147887.74,1703611.4,1335.1,133.8,133.8,-6.2,175.1,6.2,89.9,306.05,0.0,270.66,21.21,1205.422022,99331.2,1.02,136.3,-598435.0,300850.7,0.9948,0.873,551.7,-0.87347,-44.27297,0.0,0,-1.0,-1.0,-1.0,-1.0
1791147888.24,1703611.9,1335.6,130.7,130.7,-6.3,175.1,6.3,89.9,306.15,0.0,270.65,22.1,1205.878325,99377.6,0.96,133.3,-598435.0,300849.1,0.9948,0.873,551.7,-0.87347,-44.27297,0.0,0,-1.0,-1.0,-1.0,-1.0
1791147888.74,1703612.4,1336.1,127.5,127.5,-6.2,175.1,6.2,89.9,306.26,0.0,270.64,21.58,1206.337389,99424.3,1.03,130.0,-598435.0,300847.5,0.9948,0.873,551.7,-0.87347,-44.27297,0.0,0,-1.0,-1.0,-1.0,-1.0
1791147889.24,1703612.9,1336.6,124.4,124.4,-6.3,175.1,6.3,89.89,306.36,0.0,270.63,21.72,1206.795181,99470.9,1.01,126.9,-598435.1,300845.9,0.9948,0.873,551.7,-0.87347,-44.27297,0.0,0,-1.0,-1.0,-1.0,-1.0
1791147889.74,1703613.4,1337.1,121.3,121.3,-6.2,175.1,6.2,89.9,306.47,0.0,270.63,21.5,1207.252408,99517.5,1.02,123.7,-598435.1,300844.3,0.9948,0.873,551.7,-0.87347,-44.27297,0.0,0,-1.0,-1.0,-1.0,-1.0
1791147890.25,1703613.9,1337.6,118.1,118.1,-6.2,175.1,6.2,89.9,306.57,0.0,270.62,21.7,1207.709888,99564.1,1.01,120.6,-598435.1,300842.7,0.9948,0.873,551.7,-0.87347,-44.27297,0.0,0,-1.0,-1.0,-1.0,-1.0
1791147890.75,1703614.4,1338.1,115.0,115.0,-6.1,175.1,6.1,89.9,306.68,0.0,270.61,20.97,1208.165765,99610.5,1.04,117.4,-598435.2,300841.1,0.9948,0.873,551.7,-0.87347,-44.27297,0.0,0,-1.0,-1.0,-1.0,-1.0
1791147891.25,1703614.9,1338.6,111.9,111.9,-6.3,175.1,6.3,89.89,306.78,0.0,270.6,21.78,1208.609061,99655.6,0.95,114.4,-598435.2,300839.6,0.9948,0.873,551.7,-0.87347,-44.27297,0.0,0,-1.0,-1.0,-1.0,-1.0
1791147891.75,1703615.4,1339.1,108.7,108.7,-6.3,175.1,6.3,89.9,306.89,0.0,270.59,22.37,1209.081002,99703.7,0.97,111.2,-598435.2,300838.0,0.9948,0.873,551.7,-0.87347,-44.27297,0.0,0,-1.0,-1.0,-1.0,-1.0
1791147892.25,1703615.9,1339.6,105.4,105.4,-6.5,175.1,6.5,89.89,307.0,0.0,270.58,23.91,1209.552707,99751.7,0.96,108.1,-598435.3,300836.4,0.9948,0.873,551.7,-0.87347,-44.27297,0.0,0,-1.0,-1.0,-1.0,-1.0
1791147892.76,1703616.4,1340.1,102.2,102.2,-6.2,175.1,6.2,89.89,307.1,0.0,270.57,21.56,1210.016966,99799.0,1.07,104.7,-598435.3,300834.7,0.9948,0.873,551.7,-0.87347,-44.27297,0.0,0,-1.0,-1.0,-1.0,-1.0
1791147893.26,1703616.9,1340.6,99.2,99.2,-6.0,175.1,6.0,89.9,307.21,0.0,270.57,20.11,1210.458331,99844.0,1.03,101.6,-598435.3,300833.1,0.9948,0.873,551.7,-0.87347,-44.27297,0.0,0,-1.0,-1.0,-1.0,-1.0
1791147893.76,1703617.4,1341.1,96.2,96.2,-6.1,175.1,6.1,89.89,307.31,0.0,270.56,20.55,1210.905214,99889.5,1.01,98.5,-598435.4,300831.6,0.9948,0.873,551.7,-0.87347,-44.27297,0.0,0,-1.0,-1.0,-1.0,-1.0
1791147894.26,1703617.9,1341.6,93.1,93.1,-6.2,175.1,6.2,89.9,307.42,0.0,270.55,21.76,1211.347408,99934.5,0.94,95.6,-598435.4,300830.1,0.9948,0.873,551.7,-0.87347,-44.27297,0.0,0,-1.0,-1.0,-1.0,-1.0
1791147894.76,1703618.4,1342.1,90.0,90.0,-6.2,175.1,6.2,89.89,307.52,0.0,270.54,21.71,1211.801008,99980.7,0.99,92.5,-598435.4,300828.5,0.9948,0.873,551.7,-0.87347,-44.27297,0.0,0,-1.0,-1.0,-1.0,-1.0
1791147895.26,1703618.9,1342.6,87.0,87.0,-6.1,175.1,6.1,89.9,307.63,0.0,270.53,20.48,1212.245492,100026.0,1.02,89.3,-598435.5,300826.9,0.9948,0.873,551.7,-0.87347,-44.27297,0.0,0,-1.0,-1.0,-1.0,-1.0
1791147895.77,1703619.4,1343.1,83.9,83.9,-6.1,175.1,6.1,89.9,307.74,0.0,270.52,20.85,1212.69549,100071.9,1.01,86.3,-598435.5,300825.4,0.9948,0.873,551.7,-0.87347,-44.27297,0.0,0,-1.0,-1.0,-1.0,-1.0
1791147896.27,1703619.9,1343.6,80.7,80.7,-6.4,175.1,6.4,89.9,307.84,0.0,270.52,22.88,1213.163865,100119.6,0.91,83.3,-598435.5,300823.9,0.9948,0.873,551.6,-0.87347,-44.27297,0.0,0,-1.0,-1.0,-1.0,-1.0
1791147896.77,1703620.4,1344.1,77.5,77.5,-6.3,175.1,6.3,89.9,307.95,0.0,270.51,22.28,1213.627583,100166.9,1.01,80.0,-598435.6,300822.2,0.9948,0.873,551.6,-0.87347,-44.27297,0.0,0,-1.0,-1.0,-1.0,-1.0
1791147897.27,1703620.9,1344.6,74.4,74.4,-6.1,175.1,6.1,89.9,308.05,0.0,270.5,21.0,1214.084816,100213.5,1.07,76.8,-598435.6,300820.6,0.9948,0.873,551.6,-0.87347,-44.27297,0.0,0,-1.0,-1.0,-1.0,-1.0
1791147897.77,1703621.4,1345.1,71.2,71.2,-6.2,175.1,6.2,89.9,308.15,0.0,270.49,21.66,1214.539285,100259.8,0.99,73.7,-598435.6,300819.1,0.9948,0.873,551.6,-0.87347,-44.27297,0.0,0,-1.0,-1.0,-1.0,-1.0
1791147898.28,1703621.9,1345.6,68.1,68.1,-6.2,175.1,6.2,89.9,308.26,0.0,270.48,21.52,1214.997243,100306.5,1.01,70.6,-598435.7,300817.5,0.9948,0.873,551.6,-0.87347,-44.27297,0.0,0,-1.0,-1.0,-1.0,-1.0
1791147898.78,1703622.4,1346.1,65.0,65.0,-6.1,175.0,6.1,89.9,308.36,0.0,270.47,20.85,1215.452383,100352.9,1.04,67.4,-598435.7,300815.9,0.9948,0.873,551.6,-0.87347,-44.27297,0.0,0,-1.0,-1.0,-1.0,-1.0
1791147899.28,1703622.9,1346.6,61.9,61.9,-6.2,175.1,6.2,89.9,308.47,0.0,270.47,21.46,1215.897994,100398.4,0.96,64.4,-598435.7,300814.3,0.9948,0.873,551.6,-0.87347,-44.27297,0.0,0,-1.0,-1.0,-1.0,-1.0
1791147899.78,1703623.5,1347.1,58.9,58.9,-6.0,175.0,6.0,89.89,308.57,0.0,270.46,20.39,1216.344785,100443.9,1.03,61.3,-598435.8,300812.8,0.9948,0.873,551.6,-0.87347,-44.27297,0.0,0,-1.0,-1.0,-1.0,-1.0
1791147900.28,1703624.0,1347.6,55.9,55.9,-5.9,175.0,5.9,89.9,308.68,0.0,270.45,19.75,1216.780315,100488.3,1.01,58.2,-598435.8,300811.2,0.9948,0.873,551.6,-0.87347,-44.27297,0.0,0,-1.0,-1.0,-1.0,-1.0
1791147900.79,1703624.5,1348.1,52.8,52.8,-6.1,175.0,6.1,89.9,308.79,0.0,270.44,20.99,1217.237581,100535.0,0.96,55.2,-598435.8,300809.7,0.9948,0.873,551.6,-0.87347,-44.27297,0.0,0,-1.0,-1.0,-1.0,-1.0
1791147901.29,1703625.0,1348.6,49.7,49.7,-6.3,175.1,6.3,89.9,308.89,0.0,270.43,22.58,1217.694748,100581.6,0.97,52.2,-598435.9,300808.2,0.9948,0.873,551.6,-0.87347,-44.27297,0.0,0,-1.0,-1.0,-1.0,-1.0
1791147901.79,1703625.5,1349.1,46.5,46.5,-6.1,175.0,6.1,89.9,308.99,0.0,270.42,20.94,1218.150245,100628.1,1.04,49.0,-598435.9,300806.5,0.9948,0.873,551.6,-0.87347,-44.27297,0.0,0,-1.0,-1.0,-1.0,-1.0
1791147902.29,1703626.0,1349.6,43.5,43.5,-6.0,175.0,6.0,89.89,309.1,0.0,270.42,20.13,1218.588796,100672.8,1.01,45.9,-598435.9,300805.0,0.9948,0.873,551.6,-0.87347,-44.27297,0.0,0,-1.0,-1.0,-1.0,-1.0
1791147902.79,1703626.5,1350.1,40.5,40.5,-6.3,175.0,6.3,89.9,309.2,0.0,270.41,22.27,1219.040978,100719.0,0.94,43.0,-598435.9,300803.5,0.9948,0.873,551.6,-0.87347,-44.27297,0.0,0,-1.0,-1.0,-1.0,-1.0
1791147903.3,1703627.0,1350.6,37.3,37.3,-6.2,175.0,6.2,89.89,309.31,0.0,270.4,21.74,1219.499599,100765.8,1.03,39.8,-598436.0,300801.9,0.9948,0.873,551.6,-0.87347,-44.27297,0.0,0,-1.0,-1.0,-1.0,-1.0
1791147903.8,1703627.5,1351.1,34.2,34.2,-6.1,175.0,6.1,89.9,309.41,0.0,270.39,20.63,1219.951105,100811.8,1.03,36.6,-598436.0,300800.3,0.9948,0.873,551.6,-0.87347,-44.27297,0.0,0,-1.0,-1.0,-1.0,-1.0
1791147904.3,1703628.0,1351.6,31.2,31.2,-6.3,175.0,6.3,89.9,309.51,0.0,270.38,22.38,1220.400225,100857.7,0.92,33.7,-598436.0,300798.8,0.9948,0.873,551.6,-0.87347,-44.27297,0.0,0,-1.0,-1.0,-1.0,-1.0
1791147904.85,1703628.4,1352.2,28.4,28.4,-6.2,175.0,6.2,89.89,309.61,0.0,270.38,21.46,1220.802241,100898.7,1.02,30.9,-598436.1,300797.4,0.9948,0.873,551.6,-0.87347,-44.27297,0.0,0,-1.0,-1.0,-1.0,-1.0
1791147905.36,1703628.9,1352.7,25.3,25.3,-6.3,175.0,6.3,89.9,309.71,0.0,270.37,22.01,1221.256879,100945.1,0.98,27.9,-598436.1,300795.9,0.9948,0.873,551.6,-0.87347,-44.27297,0.0,0,-1.0,-1.0,-1.0,-1.0
1791147905.86,1703629.4,1353.2,22.2,22.2,-6.3,175.0,6.3,89.9,309.81,0.0,270.36,22.51,1221.714629,100991.8,0.97,24.8,-598436.1,300794.3,0.9948,0.873,551.6,-0.87347,-44.27297,0.0,0,-1.0,-1.0,-1.0,-1.0
1791147906.36,1703629.9,1353.7,19.0,19.0,-6.4,175.0,6.4,89.9,309.92,0.0,270.35,23.13,1222.185009,101039.9,0.99,21.6,-598436.2,300792.7,0.9948,0.873,551.6,-0.87347,-44.27297,0.0,0,-1.0,-1.0,-1.0,-1.0
1791147906.86,1703630.4,1354.2,15.9,15.9,-6.2,175.0,6.2,89.89,310.02,0.0,270.34,21.53,1222.645732,101086.9,1.04,18.3,-598436.2,300791.1,0.9948,0.873,551.6,-0.87347,-44.27297,0.0,0,-1.0,-1.0,-1.0,-1.0
1791147907.36,1703630.9,1354.7,12.9,12.9,-5.9,175.0,5.9,89.89,310.13,0.0,270.33,19.9,1223.088265,101132.1,1.04,15.2,-598436.2,300789.5,0.9948,0.873,551.6,-0.87347,-44.27297,0.0,0,-1.0,-1.0,-1.0,-1.0
1791147907.87,1703631.4,1355.2,9.8,9.8,-6.1,175.0,6.1,89.9,310.23,0.0,270.33,21.0,1223.52993,101177.2,0.96,12.3,-598436.3,300788.0,0.9948,0.873,551.5,-0.87347,-44.27297,0.0,0,-1.0,-1.0,-1.0,-1.0
1791147908.37,1703631.9,1355.7,6.7,6.7,-6.3,175.0,6.3,89.89,310.33,0.0,270.32,22.73,1223.987079,101223.9,0.97,9.3,-598436.3,300786.5,0.9948,0.873,551.5,-0.87347,-44.27297,0.0,0,-1.0,-1.0,-1.0,-1.0
1791147908.87,1703632.4,1356.2,3.6,3.6,-6.2,175.0,6.2,89.9,310.44,0.0,270.31,21.47,1224.448682,101271.0,1.05,6.1,-598436.3,300784.9,0.9948,0.873,551.5,-0.87347,-44.27297,0.0,0,-1.0,-1.0,-1.0,-1.0
1791147909.37,1703632.9,1356.7,0.6,0.6,-6.0,175.0,6.0,89.9,310.54,0.0,270.3,20.02,1224.891185,101316.2,1.03,2.9,-598436.4,300783.3,0.9948,0.873,551.5,-0.87347,-44.27297,0.0,0,-1.0,-1.0,-1.0,-1.0
1791147909.87,1703633.4,1357.2,-1.2,999.3,-0.1,174.9,0.1,89.88,310.62,0.0,270.29,0.01,1224.977057,101325.0,2.46,-0.7,-598436.4,300781.5,0.9948,0.873,551.5,-0.87347,-44.27297,0.0,0,-1.0,-1.0,-1.0,-1.0
1791147910.37,1703633.9,1357.7,-1.1,999.3,-0.2,174.9,0.2,89.88,133.62,177.03,270.28,0.03,1224.977057,101325.0,0.85,-0.6,-598436.4,300781.5,0.9948,0.873,551.5,-0.87347,-44.27297,0.0,0,-1.0,-1.0,-1.0,-1.0
1791147910.88,1703634.4,1358.2,-1.1,999.4,-0.1,174.9,0.1,89.87,131.01,179.64,270.28,0.01,1224.977057,101325.0,0.95,-0.6,-598436.4,300781.5,0.9948,0.873,551.5,-0.87347,-44.27297,0.0,0,-1.0,-1.0,-1.0,-1.0
1791147911.38,1703634.9,1358.7,-1.1,999.4,-0.1,174.9,0.1,89.87,130.39,-179.73,270.27,0.0,1224.977057,101325.0,0.99,-0.6,-598436.4,300781.5,0.9948,0.873,551.5,-0.87347,-44.27297,0.0,0,-1.0,-1.0,-1.0,-1.0
1791147911.88,1703635.4,1359.2,-1.1,999.4,-0.0,174.9,0.0,89.87,130.48,-179.82,270.26,0.0,1224.977057,101325.0,1.01,-0.6,-598436.4,300781.5,0.9948,0.873,551.5,-0.87347,-44.27297,0.0,0,-1.0,-1.0,-1.0,-1.0
1791147912.38,1703635.9,1359.7,-1.1,999.3,0.0,174.9,0.0,89.87,130.65,-179.99,270.25,0.0,1224.977057,101325.0,1.0,-0.6,-598436.4,300781.5,0.9948,0.873,551.5,-0.87347,-44.27297,0.0,0,-1.0,-1.0,-1.0,-1.0
1791147912.89,1703636.4,1360.2,-1.1,999.3,0.0,174.9,0.0,89.87,130.71,179.95,270.24,0.0,1224.977057,101325.0,1.0,-0.6,-598436.4,300781.5,0.9948,0.873,551.5,-0.87347,-44.27297,0.0,0,-1.0,-1.0,-1.0,-1.0
1791147913.39,1703636.9,1360.7,-1.1,999.3,0.0,174.9,0.0,89.87,130.71,179.95,270.23,0.0,1224.977057,101325.0,1.0,-0.6,-598436.4,300781.5,0.9948,0.873,551.5,-0.87347,-44.27297,0.0,0,-1.0,-1.0,-1.0,-1.0
1791147913.89,1703637.4,1361.2,-1.1,999.3,0.0,174.9,0.0,89.87,130.68,179.98,270.22,0.0,1224.977057,101325.0,0.99,-0.6,-598436.4,300781.5,0.9948,0.873,551.5,-0.87347,-44.27297,0.0,0,-1.0,-1.0,-1.0,-1.0
1791147914.39,1703637.9,1361.7,-1.1,999.3,-0.0,174.9,0.0,89.87,130.65,-179.99,270.22,0.0,1224.977057,101325.0,0.99,-0.6,-598436.4,300781.5,0.9948,0.873,551.5,-0.87347,-44.27297,0.0,0,-1.0,-1.0,-1.0,-1.0
1791147914.89,1703638.4,1362.2,-1.1,999.3,-0.0,174.9,0.0,89.87,130.66,179.99,270.21,0.0,1224.977057,101325.0,0.99,-0.6,-598436.4,300781.5,0.9948,0.873,551.5,-0.87347,-44.27297,0.0,0,-1.0,-1.0,-1.0,-1.0
1791147915.39,1703638.9,1362.7,-1.1,999.3,-0.0,174.9,0.0,89.87,130.68,179.98,270.2,0.0,1224.977057,101325.0,0.99,-0.6,-598436.4,300781.5,0.9948,0.873,551.5,-0.87347,-44.27297,0.0,0,-1.0,-1.0,-1.0,-1.0
1791147915.9,1703639.4,1363.2,-1.1,999.3,-0.0,174.9,0.0,89.87,130.69,179.97,270.19,0.0,1224.977057,101325.0,1.0,-0.6,-598436.4,300781.5,0.9948,0.873,551.5,-0.87347,-44.27297,0.0,0,-1.0,-1.0,-1.0,-1.0
1791147916.4,1703639.9,1363.7,-1.1,999.3,-0.0,174.9,0.0,89.87,130.7,179.95,270.18,0.0,1224.977057,101325.0,1.0,-0.6,-598436.4,300781.5,0.9948,0.873,551.5,-0.87347,-44.27297,0.0,0,-1.0,-1.0,-1.0,-1.0
1791147916.9,1703640.4,1364.2,-1.1,999.3,0.0,174.9,0.0,89.87,130.7,179.96,270.17,0.0,1224.977057,101325.0,1.0,-0.6,-598436.4,300781.5,0.9948,0.873,551.5,-0.87347,-44.27297,0.0,0,-1.0,-1.0,-1.0,-1.0
1791147917.4,1703640.9,1364.7,-1.1,999.3,0.0,174.9,0.0,89.87,130.72,179.94,270.17,0.0,1224.977057,101325.0,1.0,-0.6,-598436.4,300781.5,0.9948,0.873,551.5,-0.87347,-44.27297,0.0,0,-1.0,-1.0,-1.0,-1.0
1791147917.9,1703641.4,1365.2,-1.1,999.3,0.0,174.9,0.0,89.87,130.71,179.95,270.16,0.0,1224.977057,101325.0,1.0,-0.6,-598436.4,300781.5,0.9948,0.873,551.5,-0.87347,-44.27297,0.0,0,-1.0,-1.0,-1.0,-1.0
1791147918.41,1703641.9,1365.7,-1.1,999.3,0.0,174.9,0.0,89.87,130.71,179.95,270.15,0.0,1224.977057,101325.0,1.0,-0.6,-598436.4,300781.5,0.9948,0.873,551.5,-0.87347,-44.27297,0.0,0,-1.0,-1.0,-1.0,-1.0
1791147918.91,1703642.4,1366.2,-1.1,999.3,0.0,174.9,0.0,89.87,130.71,179.95,270.14,0.0,1224.977057,101325.0,1.0,-0.6,-598436.4,300781.5,0.9948,0.873,551.5,-0.87347,-44.27297,0.0,0,-1.0,-1.0,-1.0,-1.0
1791147919.41,1703642.9,1366.7,-1.1,999.3,0.0,174.9,0.0,89.87,130.72,179.94,270.13,0.0,1224.977057,101325.0,1.0,-0.6,-598436.4,300781.5,0.9948,0.873,551.5,-0.87347,-44.27297,0.0,0,-1.0,-1.0,-1.0,-1.0
1791147919.91,1703643.5,1367.2,-1.1,999.3,-0.0,174.9,0.0,89.87,130.72,179.93,270.12,0.0,1224.977057,101325.0,1.0,-0.6,-598436.4,300781.5,0.9948,0.873,551.5,-0.87347,-44.27297,0.0,0,-1.0,-1.0,-1.0,-1.0
1791147920.41,1703643.9,1367.7,-1.1,999.3,-0.0,174.9,0.0,89.87,130.73,179.93,270.12,0.0,1224.977057,101325.0,1.0,-0.6,-598436.4,300781.5,0.9948,0.873,551.5,-0.87347,-44.27297,0.0,0,-1.0,-1.0,-1.0,-1.0
1791147920.91,1703644.4,1368.2,-1.1,999.3,-0.0,174.9,0.0,89.87,130.71,179.94,270.11,0.0,1224.977057,101325.0,1.0,-0.6,-598436.4,300781.5,0.9948,0.873,551.5,-0.87347,-44.27297,0.0,0,-1.0,-1.0,-1.0,-1.0
1791147921.42,1703644.9,1368.7,-1.1,999.3,0.0,174.9,0.0,89.87,130.72,179.94,270.1,0.0,1224.977057,101325.0,1.0,-0.6,-598436.4,300781.5,0.9948,0.873,551.5,-0.87347,-44.27297,0.0,0,-1.0,-1.0,-1.0,-1.0
1791147921.92,1703645.4,1369.2,-1.1,999.3,0.0,174.9,0.0,89.87,130.71,179.95,270.09,0.0,1224.977057,101325.0,1.0,-0.6,-598436.4,300781.5,0.9948,0.873,551.5,-0.87347,-44.27297,0.0,0,-1.0,-1.0,-1.0,-1.0
