timestamp,UT,MET,altitude,radar_alt,vert_speed,orbital_vel,surface_vel,pitch,heading,roll,angle_prograde,dynamic_pressure,atmospheric_density,atmospheric_pressure_pa,g_force,apoapsis,periapsis,semi_major_axis,eccentricity,inclination,period,latitude,longitude,throttle,stage,solid_fuel,liquid_fuel,oxidizer,electric_charge,electric_charge_max,temp_ambient,temp_core,temp_skin,temp_sensor
1791577993.05,2543923.3,0.0,79.0,6.5,0.0,0.0,0.0,89.95,90.4,0.0,90.0,0.0,1213.412069,100144.9,0.0,-600000.0,-600000.0,0.0,0.0,0.0,0.0,-0.09721,-74.55767,0.0,0,-1.0,-1.0,-1.0,-1.0,-1.0,0.0,0.0,0.0,0.0
1791577993.55,2543923.3,0.5,79.0,6.5,0.0,0.0,0.0,89.95,90.4,0.0,90.0,0.0,1213.412069,100144.9,0.0,-600000.0,-600000.0,0.0,0.0,0.0,0.0,-0.09721,-74.55767,0.0,0,-1.0,-1.0,-1.0,-1.0,-1.0,0.0,0.0,0.0,0.0
1791577994.05,2543923.3,1.0,79.0,6.5,0.0,0.0,0.0,89.95,90.4,0.0,90.0,0.0,1213.412069,100144.9,0.0,-600000.0,-600000.0,0.0,0.0,0.0,0.0,-0.09721,-74.55767,0.0,0,-1.0,-1.0,-1.0,-1.0,-1.0,0.0,0.0,0.0,0.0
1791577994.55,2543923.3,1.5,79.0,6.5,0.0,0.0,0.0,89.95,90.4,0.0,90.0,0.0,1213.412069,100144.9,0.0,-600000.0,-600000.0,0.0,0.0,0.0,0.0,-0.09721,-74.55767,0.0,0,-1.0,-1.0,-1.0,-1.0,-1.0,0.0,0.0,0.0,0.0
1791577995.05,2543923.3,2.0,79.0,6.5,0.0,0.0,0.0,89.95,90.4,0.0,90.0,0.0,1213.412069,100144.9,0.0,-600000.0,-600000.0,0.0,0.0,0.0,0.0,-0.09721,-74.55767,0.0,0,-1.0,-1.0,-1.0,-1.0,-1.0,0.0,0.0,0.0,0.0
1791577995.56,2543923.4,2.5,79.0,6.5,-0.0,175.0,0.0,89.96,90.4,0.0,335.74,0.0,1213.412069,100144.9,0.0,79.0,-598435.2,300821.9,0.9948,0.097,551.6,-0.09721,-74.55767,0.0,0,-1.0,-1.0,-1.0,-1.0,-1.0,0.0,0.0,0.0,0.0
1791577996.06,2543923.4,3.0,79.0,6.5,-0.0,175.0,0.0,89.96,90.4,0.0,335.74,0.0,1213.412069,100144.9,0.0,76.8,-598435.3,300820.8,0.9948,0.097,551.6,-0.09721,-74.55767,0.0,0,-1.0,-1.0,-1.0,-1.0,-1.0,0.0,0.0,0.0,0.0
1791577996.56,2543923.4,3.5,79.0,6.5,-0.0,175.0,0.0,89.96,90.4,0.0,335.74,0.0,1213.412069,100144.9,0.0,76.8,-598435.3,300820.8,0.9948,0.097,551.6,-0.09721,-74.55767,0.0,0,-1.0,-1.0,-1.0,-1.0,-1.0,0.0,0.0,0.0,0.0
1791577997.06,2543923.5,4.0,79.0,6.5,0.0,175.0,0.0,89.96,90.4,0.0,335.74,0.0,1213.412069,100144.9,0.0,76.8,-598435.3,300820.8,0.9948,0.097,551.6,-0.09721,-74.55767,0.0,0,-1.0,-1.0,-1.0,-1.0,-1.0,0.0,0.0,0.0,0.0
1791577997.56,2543923.5,4.5,79.0,6.5,0.0,175.0,0.0,89.96,90.4,0.0,335.74,0.0,1213.412069,100144.9,0.0,76.8,-598435.3,300820.8,0.9948,0.097,551.6,-0.09721,-74.55767,0.0,0,-1.0,-1.0,-1.0,-1.0,-1.0,0.0,0.0,0.0,0.0
1791577998.06,2543923.5,5.0,79.0,6.5,-0.0,175.0,0.0,89.96,90.4,0.0,335.74,0.0,1213.412069,100144.9,0.0,76.8,-598435.3,300820.8,0.9948,0.097,551.6,-0.09721,-74.55767,0.0,0,-1.0,-1.0,-1.0,-1.0,-1.0,0.0,0.0,0.0,0.0
1791577998.56,2543923.5,5.5,79.0,6.5,-0.0,175.0,0.0,89.96,90.4,0.0,335.74,0.0,1213.412069,100144.9,0.0,76.8,-598435.3,300820.8,0.9948,0.097,551.6,-0.09721,-74.55767,0.0,0,-1.0,-1.0,-1.0,-1.0,-1.0,0.0,0.0,0.0,0.0
1791577999.07,2543923.5,6.0,79.0,6.5,0.0,175.0,0.0,89.96,90.4,0.0,335.74,0.0,1213.412069,100144.9,0.0,76.8,-598435.3,300820.8,0.9948,0.097,551.6,-0.09721,-74.55767,0.0,0,-1.0,-1.0,-1.0,-1.0,-1.0,0.0,0.0,0.0,0.0
1791577999.57,2543923.5,6.5,79.0,6.5,0.0,175.0,0.0,89.96,90.4,0.0,335.74,0.0,1213.412069,100144.9,0.0,76.8,-598435.3,300820.8,0.9948,0.097,551.6,-0.09721,-74.55767,0.0,0,-1.0,-1.0,-1.0,-1.0,-1.0,0.0,0.0,0.0,0.0
1791578000.07,2543923.6,7.0,79.0,6.5,-0.0,175.0,0.0,89.96,90.4,0.0,335.74,0.0,1213.412069,100144.9,0.0,76.8,-598435.3,300820.8,0.9948,0.097,551.6,-0.09721,-74.55767,0.0,0,-1.0,-1.0,-1.0,-1.0,-1.0,0.0,0.0,0.0,0.0
1791578000.57,2543923.6,7.5,79.0,6.5,-0.0,175.0,0.0,89.96,90.4,0.0,335.74,0.0,1213.412069,100144.9,0.0,76.8,-598435.3,300820.8,0.9948,0.097,551.6,-0.09721,-74.55767,0.0,0,-1.0,-1.0,-1.0,-1.0,-1.0,0.0,0.0,0.0,0.0
1791578001.07,2543923.6,8.0,79.0,6.5,0.0,175.0,0.0,89.96,90.4,0.0,335.74,0.0,1213.412069,100144.9,0.0,76.8,-598435.3,300820.8,0.9948,0.097,551.6,-0.09721,-74.55767,0.0,0,-1.0,-1.0,-1.0,-1.0,-1.0,0.0,0.0,0.0,0.0
1791578001.57,2543923.6,8.5,79.0,6.5,0.0,175.0,0.0,89.96,90.4,0.0,335.74,0.0,1213.412069,100144.9,0.0,76.8,-598435.3,300820.8,0.9948,0.097,551.6,-0.09721,-74.55767,0.0,0,-1.0,-1.0,-1.0,-1.0,-1.0,0.0,0.0,0.0,0.0
1791578002.08,2543923.7,9.0,79.0,6.5,-0.0,175.0,0.0,89.96,90.4,0.0,335.74,0.0,1213.412069,100144.9,0.0,76.8,-598435.3,300820.8,0.9948,0.097,551.6,-0.09721,-74.55767,0.0,0,-1.0,-1.0,-1.0,-1.0,-1.0,0.0,0.0,0.0,0.0
1791578002.58,2543923.7,9.5,79.0,6.5,-0.0,175.0,0.0,89.96,90.4,0.0,335.74,0.0,1213.412069,100144.9,0.0,76.8,-598435.3,300820.8,0.9948,0.097,551.6,-0.09721,-74.55767,0.0,0,-1.0,-1.0,-1.0,-1.0,-1.0,0.0,0.0,0.0,0.0
1791578003.08,2543923.7,10.0,79.0,6.5,0.0,175.0,0.0,89.96,90.4,0.0,335.74,0.0,1213.412069,100144.9,0.0,76.8,-598435.3,300820.8,0.9948,0.097,551.6,-0.09721,-74.55767,0.0,0,-1.0,-1.0,-1.0,-1.0,-1.0,0.0,0.0,0.0,0.0
1791578003.58,2543923.7,10.5,79.0,6.5,0.0,175.0,0.0,89.96,90.4,0.0,335.74,0.0,1213.412069,100144.9,0.0,76.8,-598435.3,300820.8,0.9948,0.097,551.6,-0.09721,-74.55767,0.0,0,-1.0,-1.0,-1.0,-1.0,-1.0,0.0,0.0,0.0,0.0
1791578004.09,2543923.7,11.0,79.0,6.5,-0.0,175.0,0.0,89.96,90.4,0.0,335.74,0.0,1213.412069,100144.9,0.0,76.8,-598435.3,300820.8,0.9948,0.097,551.6,-0.09721,-74.55767,0.0,0,-1.0,-1.0,-1.0,-1.0,-1.0,0.0,0.0,0.0,0.0
1791578004.59,2543923.7,11.5,79.0,6.5,-0.0,175.0,0.0,89.96,90.4,0.0,335.74,0.0,1213.412069,100144.9,0.0,76.8,-598435.3,300820.8,0.9948,0.097,551.6,-0.09721,-74.55767,0.0,0,-1.0,-1.0,-1.0,-1.0,-1.0,0.0,0.0,0.0,0.0
1791578005.09,2543923.8,12.0,79.0,6.5,-0.0,175.0,0.0,89.96,90.4,0.0,335.74,0.0,1213.412069,100144.9,0.0,76.8,-598435.3,300820.8,0.9948,0.097,551.6,-0.09721,-74.55767,0.0,0,-1.0,-1.0,-1.0,-1.0,-1.0,0.0,0.0,0.0,0.0
1791578005.59,2543923.8,12.5,79.0,6.5,-0.0,175.0,0.0,89.96,90.4,0.0,335.74,0.0,1213.412069,100144.9,0.0,76.8,-598435.3,300820.8,0.9948,0.097,551.6,-0.09721,-74.55767,0.0,0,-1.0,-1.0,-1.0,-1.0,-1.0,0.0,0.0,0.0,0.0
1791578006.09,2543923.8,13.0,79.0,6.5,0.0,175.0,0.0,89.96,90.4,0.0,335.74,0.0,1213.412069,100144.9,0.0,76.8,-598435.3,300820.8,0.9948,0.097,551.6,-0.09721,-74.55767,0.0,0,-1.0,-1.0,-1.0,-1.0,-1.0,0.0,0.0,0.0,0.0
1791578006.59,2543923.8,13.5,79.0,6.5,0.0,175.0,0.0,89.96,90.4,0.0,335.74,0.0,1213.412069,100144.9,0.0,76.8,-598435.3,300820.8,0.9948,0.097,551.6,-0.09721,-74.55767,0.0,0,-1.0,-1.0,-1.0,-1.0,-1.0,0.0,0.0,0.0,0.0
1791578007.09,2543923.9,14.0,79.0,6.5,-0.0,175.0,0.0,89.96,90.4,0.0,335.74,0.0,1213.412069,100144.9,0.0,76.8,-598435.3,300820.8,0.9948,0.097,551.6,-0.09721,-74.55767,0.0,0,-1.0,-1.0,-1.0,-1.0,-1.0,0.0,0.0,0.0,0.0
1791578007.6,2543923.9,14.5,79.0,6.5,-0.0,175.0,0.0,89.96,90.4,0.0,335.74,0.0,1213.412069,100144.9,0.0,76.8,-598435.3,300820.8,0.9948,0.097,551.6,-0.09721,-74.55767,0.0,0,-1.0,-1.0,-1.0,-1.0,-1.0,0.0,0.0,0.0,0.0
1791578008.1,2543923.9,15.0,79.0,6.5,-0.0,175.0,0.0,89.96,90.4,0.0,335.73,0.0,1213.412069,100144.9,0.0,76.8,-598435.3,300820.8,0.9948,0.097,551.6,-0.09721,-74.55767,0.0,0,-1.0,-1.0,-1.0,-1.0,-1.0,0.0,0.0,0.0,0.0
1791578008.6,2543923.9,15.6,79.0,6.5,-0.0,175.0,0.0,89.96,90.4,0.0,335.73,0.0,1213.412069,100144.9,0.0,76.8,-598435.3,300820.8,0.9948,0.097,551.6,-0.09721,-74.55767,0.0,0,-1.0,-1.0,-1.0,-1.0,-1.0,0.0,0.0,0.0,0.0
1791578009.1,2543923.9,16.1,79.0,6.5,0.0,175.0,0.0,89.96,90.4,0.0,335.73,0.0,1213.412069,100144.9,0.0,76.8,-598435.3,300820.8,0.9948,0.097,551.6,-0.09721,-74.55767,0.0,0,-1.0,-1.0,-1.0,-1.0,-1.0,0.0,0.0,0.0,0.0
1791578009.6,2543924.2,16.6,79.0,6.5,-0.0,175.0,0.0,89.96,90.4,0.0,335.73,0.0,1213.412069,100144.9,0.0,76.8,-598435.3,300820.8,0.9948,0.097,551.6,-0.09721,-74.55767,0.0,0,-1.0,-1.0,-1.0,-1.0,-1.0,0.0,0.0,0.0,0.0
1791578010.1,2543924.6,17.1,79.0,6.5,0.0,175.0,0.0,89.96,90.4,0.0,335.72,0.0,1213.412069,100144.9,0.0,76.8,-598435.3,300820.8,0.9948,0.097,551.6,-0.09721,-74.55767,0.0,0,-1.0,-1.0,-1.0,-1.0,-1.0,0.0,0.0,0.0,0.0
1791578010.61,2543924.6,17.6,79.0,6.5,0.0,175.0,0.0,89.96,90.4,0.0,335.72,0.0,1213.412069,100144.9,0.0,76.8,-598435.3,300820.8,0.9948,0.097,551.6,-0.09721,-74.55767,0.0,0,-1.0,-1.0,-1.0,-1.0,-1.0,0.0,0.0,0.0,0.0
1791578011.11,2543924.6,18.1,79.0,6.5,0.0,175.0,0.0,89.96,90.4,0.0,335.72,0.0,1213.412069,100144.9,0.0,76.8,-598435.3,300820.8,0.9948,0.097,551.6,-0.09721,-74.55767,0.0,0,-1.0,-1.0,-1.0,-1.0,-1.0,0.0,0.0,0.0,0.0
1791578011.61,2543924.6,18.6,79.0,6.5,0.0,175.0,0.0,89.96,90.4,0.0,335.72,0.0,1213.412069,100144.9,0.0,76.8,-598435.3,300820.8,0.9948,0.097,551.6,-0.09721,-74.55767,0.0,0,-1.0,-1.0,-1.0,-1.0,-1.0,0.0,0.0,0.0,0.0
1791578012.11,2543924.6,19.1,79.0,6.5,0.0,175.0,0.0,89.96,90.4,0.0,335.72,0.0,1213.412069,100144.9,0.0,76.8,-598435.3,300820.8,0.9948,0.097,551.6,-0.09721,-74.55767,0.0,0,-1.0,-1.0,-1.0,-1.0,-1.0,0.0,0.0,0.0,0.0
1791578012.61,2543924.6,19.6,79.0,6.5,0.0,175.0,0.0,89.96,90.4,0.0,335.72,0.0,1213.412069,100144.9,0.0,76.8,-598435.3,300820.8,0.9948,0.097,551.6,-0.09721,-74.55767,0.0,0,-1.0,-1.0,-1.0,-1.0,-1.0,0.0,0.0,0.0,0.0
1791578013.11,2543924.7,20.1,79.0,6.5,-0.0,175.0,0.0,89.96,90.4,0.0,335.72,0.0,1213.412069,100144.9,0.0,76.8,-598435.3,300820.8,0.9948,0.097,551.6,-0.09721,-74.55767,0.0,0,-1.0,-1.0,-1.0,-1.0,-1.0,0.0,0.0,0.0,0.0
1791578013.62,2543924.7,20.6,79.0,6.5,-0.0,175.0,0.0,89.96,90.4,0.0,335.72,0.0,1213.412069,100144.9,0.0,76.8,-598435.3,300820.8,0.9948,0.097,551.6,-0.09721,-74.55767,0.0,0,-1.0,-1.0,-1.0,-1.0,-1.0,0.0,0.0,0.0,0.0
1791578014.12,2543924.7,21.1,79.0,6.5,-0.0,175.0,0.0,89.96,90.4,0.0,335.72,0.0,1213.412069,100144.9,0.0,76.8,-598435.3,300820.8,0.9948,0.097,551.6,-0.09721,-74.55767,0.0,0,-1.0,-1.0,-1.0,-1.0,-1.0,0.0,0.0,0.0,0.0
1791578014.62,2543924.7,21.6,79.0,6.5,-0.0,175.0,0.0,89.96,90.4,0.0,335.72,0.0,1213.412069,100144.9,0.0,76.8,-598435.3,300820.8,0.9948,0.097,551.6,-0.09721,-74.55767,0.0,0,-1.0,-1.0,-1.0,-1.0,-1.0,0.0,0.0,0.0,0.0
1791578015.12,2543924.8,22.1,79.0,6.5,0.0,175.0,0.0,89.96,90.4,0.0,335.72,0.0,1213.412069,100144.9,0.0,76.8,-598435.3,300820.8,0.9948,0.097,551.6,-0.09721,-74.55767,0.0,0,-1.0,-1.0,-1.0,-1.0,-1.0,0.0,0.0,0.0,0.0
1791578015.62,2543924.8,22.6,79.0,6.5,0.0,175.0,0.0,89.96,90.4,0.0,335.72,0.0,1213.412069,100144.9,0.0,76.8,-598435.3,300820.8,0.9948,0.097,551.6,-0.09721,-74.55767,0.0,0,-1.0,-1.0,-1.0,-1.0,-1.0,0.0,0.0,0.0,0.0
1791578016.12,2543924.8,23.1,79.0,6.5,0.0,175.0,0.0,89.96,90.4,0.0,335.72,0.0,1213.412069,100144.9,0.0,76.8,-598435.3,300820.8,0.9948,0.097,551.6,-0.09721,-74.55767,0.0,0,-1.0,-1.0,-1.0,-1.0,-1.0,0.0,0.0,0.0,0.0
1791578016.62,2543924.8,23.6,79.0,6.5,0.0,175.0,0.0,89.96,90.4,0.0,335.72,0.0,1213.412069,100144.9,0.0,76.8,-598435.3,300820.8,0.9948,0.097,551.6,-0.09721,-74.55767,0.0,0,-1.0,-1.0,-1.0,-1.0,-1.0,0.0,0.0,0.0,0.0
1791578017.13,2543924.8,24.1,79.0,6.5,-0.0,175.0,0.0,89.96,90.4,0.0,335.72,0.0,1213.412069,100144.9,0.0,76.8,-598435.3,300820.8,0.9948,0.097,551.6,-0.09721,-74.55767,0.0,0,-1.0,-1.0,-1.0,-1.0,-1.0,0.0,0.0,0.0,0.0
1791578017.63,2543924.8,24.6,79.0,6.5,-0.0,175.0,0.0,89.96,90.4,0.0,335.72,0.0,1213.412069,100144.9,0.0,76.8,-598435.3,300820.8,0.9948,0.097,551.6,-0.09721,-74.55767,0.0,0,-1.0,-1.0,-1.0,-1.0,-1.0,0.0,0.0,0.0,0.0
1791578018.13,2543924.9,25.1,79.0,6.5,-0.0,175.0,0.0,89.96,90.4,0.0,335.72,0.0,1213.412069,100144.9,0.0,76.8,-598435.3,300820.8,0.9948,0.097,551.6,-0.09721,-74.55767,0.0,0,-1.0,-1.0,-1.0,-1.0,-1.0,0.0,0.0,0.0,0.0
1791578018.63,2543924.9,25.6,79.0,6.5,-0.0,175.0,0.0,89.96,90.4,0.0,335.72,0.0,1213.412069,100144.9,0.0,76.8,-598435.3,300820.8,0.9948,0.097,551.6,-0.09721,-74.55767,0.0,0,-1.0,-1.0,-1.0,-1.0,-1.0,0.0,0.0,0.0,0.0
1791578019.13,2543924.9,26.1,79.0,6.5,-0.0,175.0,0.0,89.96,90.4,0.0,335.72,0.0,1213.412069,100144.9,0.0,76.8,-598435.3,300820.8,0.9948,0.097,551.6,-0.09721,-74.55767,0.0,0,-1.0,-1.0,-1.0,-1.0,-1.0,0.0,0.0,0.0,0.0
1791578019.63,2543924.9,26.6,79.0,6.5,-0.0,175.0,0.0,89.96,90.4,0.0,335.72,0.0,1213.412069,100144.9,0.0,76.8,-598435.3,300820.8,0.9948,0.097,551.6,-0.09721,-74.55767,0.0,0,-1.0,-1.0,-1.0,-1.0,-1.0,0.0,0.0,0.0,0.0
1791578020.13,2543925.0,27.1,79.0,6.5,0.0,175.0,0.0,89.96,90.4,0.0,335.72,0.0,1213.412069,100144.9,0.0,76.8,-598435.3,300820.8,0.9948,0.097,551.6,-0.09721,-74.55767,0.0,0,-1.0,-1.0,-1.0,-1.0,-1.0,0.0,0.0,0.0,0.0
1791578020.64,2543925.0,27.6,79.0,6.5,0.0,175.0,0.0,89.96,90.4,0.0,335.72,0.0,1213.412069,100144.9,0.0,76.8,-598435.3,300820.8,0.9948,0.097,551.6,-0.09721,-74.55767,0.0,0,-1.0,-1.0,-1.0,-1.0,-1.0,0.0,0.0,0.0,0.0
1791578021.14,2543925.0,28.1,79.0,6.5,0.0,175.0,0.0,89.96,90.4,0.0,335.72,0.0,1213.412069,100144.9,0.0,76.8,-598435.3,300820.8,0.9948,0.097,551.6,-0.09721,-74.55767,0.0,0,-1.0,-1.0,-1.0,-1.0,-1.0,0.0,0.0,0.0,0.0
1791578021.64,2543925.0,28.6,79.0,6.5,0.0,175.0,0.0,89.96,90.4,0.0,335.72,0.0,1213.412069,100144.9,0.0,76.8,-598435.3,300820.8,0.9948,0.097,551.6,-0.09721,-74.55767,0.0,0,-1.0,-1.0,-1.0,-1.0,-1.0,0.0,0.0,0.0,0.0
1791578022.14,2543925.0,29.1,79.0,6.5,0.0,175.0,0.0,89.96,90.4,0.0,335.72,0.0,1213.412069,100144.9,0.0,76.8,-598435.3,300820.8,0.9948,0.097,551.6,-0.09721,-74.55767,0.0,0,-1.0,-1.0,-1.0,-1.0,-1.0,0.0,0.0,0.0,0.0
1791578022.64,2543925.0,29.6,79.0,6.5,0.0,175.0,0.0,89.96,90.4,0.0,335.72,0.0,1213.412069,100144.9,0.0,76.8,-598435.3,300820.8,0.9948,0.097,551.6,-0.09721,-74.55767,0.0,0,-1.0,-1.0,-1.0,-1.0,-1.0,0.0,0.0,0.0,0.0
1791578023.14,2543925.0,30.1,79.0,6.5,0.0,175.0,0.0,89.96,90.4,0.0,335.72,0.0,1213.412069,100144.9,0.0,76.8,-598435.3,300820.8,0.9948,0.097,551.6,-0.09721,-74.55767,0.0,0,-1.0,-1.0,-1.0,-1.0,-1.0,0.0,0.0,0.0,0.0
1791578023.65,2543925.2,30.6,79.0,6.5,0.0,175.0,0.0,89.96,90.4,0.0,335.71,0.0,1213.412069,100144.9,0.0,76.8,-598435.3,300820.8,0.9948,0.097,551.6,-0.09721,-74.55767,0.0,0,-1.0,-1.0,-1.0,-1.0,-1.0,0.0,0.0,0.0,0.0
1791578024.15,2543925.7,31.1,79.0,6.5,-0.0,175.0,0.0,89.95,90.42,0.0,335.7,0.0,1213.412772,100145.0,0.0,76.8,-598435.3,300820.8,0.9948,0.097,551.6,-0.09721,-74.55767,0.0,0,-1.0,-1.0,-1.0,-1.0,-1.0,0.0,0.0,0.0,0.0
1791578024.65,2543926.2,31.6,79.0,6.5,0.0,175.0,0.0,89.95,90.41,0.0,335.7,0.0,1213.412921,100145.0,0.99,76.8,-598435.3,300820.8,0.9948,0.097,551.6,-0.09721,-74.55767,0.0,0,-1.0,-1.0,-1.0,-1.0,-1.0,0.0,0.0,0.0,0.0
1791578025.15,2543926.7,32.1,79.0,6.5,0.0,175.0,0.0,89.96,90.41,0.0,335.69,0.0,1213.412921,100145.0,1.0,76.8,-598435.3,300820.8,0.9948,0.097,551.6,-0.09721,-74.55767,0.0,0,-1.0,-1.0,-1.0,-1.0,-1.0,0.0,0.0,0.0,0.0
1791578025.66,2543927.2,32.6,79.0,6.5,0.0,175.0,0.0,89.96,90.41,0.0,335.68,0.0,1213.412921,100145.0,0.99,76.8,-598435.3,300820.8,0.9948,0.097,551.6,-0.09721,-74.55767,0.0,0,-1.0,-1.0,-1.0,-1.0,-1.0,0.0,0.0,0.0,0.0
1791578026.16,2543927.7,33.1,79.0,6.5,0.0,175.0,0.0,89.95,90.41,0.0,335.67,0.0,1213.412921,100145.0,0.99,76.8,-598435.3,300820.8,0.9948,0.097,551.6,-0.09721,-74.55767,0.0,0,-1.0,-1.0,-1.0,-1.0,-1.0,0.0,0.0,0.0,0.0
1791578026.66,2543928.2,33.6,79.0,6.5,0.0,175.0,0.0,89.97,90.41,0.0,335.66,0.0,1213.412921,100145.0,0.99,76.8,-598435.3,300820.8,0.9948,0.097,551.6,-0.09721,-74.55767,0.0,0,-1.0,-1.0,-1.0,-1.0,-1.0,0.0,0.0,0.0,0.0
1791578027.16,2543928.7,34.1,79.0,6.5,0.0,175.0,0.0,89.96,90.41,0.0,335.66,0.0,1213.412921,100145.0,0.99,76.8,-598435.3,300820.8,0.9948,0.097,551.6,-0.09721,-74.55767,0.0,0,-1.0,-1.0,-1.0,-1.0,-1.0,0.0,0.0,0.0,0.0
1791578027.67,2543929.2,34.6,79.0,6.5,0.0,175.0,0.0,89.97,90.41,0.0,335.65,0.0,1213.412921,100145.0,0.99,76.8,-598435.3,300820.8,0.9948,0.097,551.6,-0.09721,-74.55767,0.0,0,-1.0,-1.0,-1.0,-1.0,-1.0,0.0,0.0,0.0,0.0
1791578028.17,2543929.7,35.1,79.0,6.5,0.0,175.0,0.0,89.96,90.41,0.0,335.64,0.0,1213.412921,100145.0,0.99,76.8,-598435.3,300820.8,0.9948,0.097,551.6,-0.09721,-74.55767,0.0,0,-1.0,-1.0,-1.0,-1.0,-1.0,0.0,0.0,0.0,0.0
1791578028.67,2543930.2,35.6,79.0,6.5,0.0,175.0,0.0,89.97,90.41,0.0,335.63,0.0,1213.412921,100145.0,0.99,76.8,-598435.3,300820.8,0.9948,0.097,551.6,-0.09721,-74.55767,0.0,0,-1.0,-1.0,-1.0,-1.0,-1.0,0.0,0.0,0.0,0.0
1791578029.17,2543930.7,36.1,79.0,6.5,0.0,175.0,0.0,89.97,90.41,0.0,335.62,0.0,1213.412921,100145.0,0.99,76.8,-598435.3,300820.8,0.9948,0.097,551.6,-0.09721,-74.55767,0.0,0,-1.0,-1.0,-1.0,-1.0,-1.0,0.0,0.0,0.0,0.0
1791578029.67,2543931.2,36.6,79.0,6.5,0.0,175.0,0.0,89.97,90.41,0.0,335.61,0.0,1213.412921,100145.0,0.99,76.8,-598435.3,300820.8,0.9948,0.097,551.6,-0.09721,-74.55767,0.0,0,-1.0,-1.0,-1.0,-1.0,-1.0,0.0,0.0,0.0,0.0
1791578030.17,2543931.7,37.1,79.0,6.5,0.0,175.0,0.0,89.96,90.41,0.0,335.6,0.0,1213.412921,100145.0,0.99,76.8,-598435.3,300820.8,0.9948,0.097,551.6,-0.09721,-74.55767,0.0,0,-1.0,-1.0,-1.0,-1.0,-1.0,0.0,0.0,0.0,0.0
1791578030.68,2543932.2,37.6,79.0,6.5,0.0,175.0,0.0,89.97,90.41,0.0,335.6,0.0,1213.412921,100145.0,0.99,76.8,-598435.3,300820.8,0.9948,0.097,551.6,-0.09721,-74.55767,0.0,0,-1.0,-1.0,-1.0,-1.0,-1.0,0.0,0.0,0.0,0.0
1791578031.18,2543932.7,38.1,79.0,6.5,0.0,175.0,0.0,89.96,90.41,0.0,335.59,0.0,1213.412921,100145.0,0.99,76.8,-598435.3,300820.8,0.9948,0.097,551.6,-0.09721,-74.55767,0.0,0,-1.0,-1.0,-1.0,-1.0,-1.0,0.0,0.0,0.0,0.0
1791578031.68,2543933.2,38.6,79.0,6.5,0.0,175.0,0.0,89.97,90.41,0.0,335.58,0.0,1213.412921,100145.0,0.99,76.8,-598435.3,300820.8,0.9948,0.097,551.6,-0.09721,-74.55767,0.0,0,-1.0,-1.0,-1.0,-1.0,-1.0,0.0,0.0,0.0,0.0
1791578032.18,2543933.7,39.1,79.0,6.5,0.0,175.0,0.0,89.96,90.41,0.0,335.57,0.0,1213.412921,100145.0,0.99,76.8,-598435.3,300820.8,0.9948,0.097,551.6,-0.09721,-74.55767,0.0,0,-1.0,-1.0,-1.0,-1.0,-1.0,0.0,0.0,0.0,0.0
1791578032.69,2543934.2,39.6,79.0,6.5,0.0,175.0,0.0,89.96,90.41,0.0,335.56,0.0,1213.412921,100145.0,0.99,76.8,-598435.3,300820.8,0.9948,0.097,551.6,-0.09721,-74.55767,0.0,0,-1.0,-1.0,-1.0,-1.0,-1.0,0.0,0.0,0.0,0.0
1791578033.19,2543934.7,40.1,79.0,6.5,0.0,175.0,0.0,89.97,90.41,0.0,335.55,0.0,1213.412921,100145.0,0.99,76.8,-598435.3,300820.8,0.9948,0.097,551.6,-0.09721,-74.55767,0.0,0,-1.0,-1.0,-1.0,-1.0,-1.0,0.0,0.0,0.0,0.0
1791578033.69,2543935.2,40.6,79.0,6.5,0.0,175.0,0.0,89.97,90.41,0.0,335.55,0.0,1213.412921,100145.0,0.99,76.8,-598435.3,300820.8,0.9948,0.097,551.6,-0.09721,-74.55767,0.0,0,-1.0,-1.0,-1.0,-1.0,-1.0,0.0,0.0,0.0,0.0
1791578034.19,2543935.7,41.1,79.0,6.5,0.0,175.0,0.0,89.97,90.41,0.0,335.54,0.0,1213.412921,100145.0,0.99,76.8,-598435.3,300820.8,0.9948,0.097,551.6,-0.09721,-74.55767,0.0,0,-1.0,-1.0,-1.0,-1.0,-1.0,0.0,0.0,0.0,0.0
1791578034.69,2543936.2,41.6,79.0,6.5,0.0,175.0,0.0,89.97,90.41,0.0,335.53,0.0,1213.412921,100145.0,0.99,76.8,-598435.3,300820.8,0.9948,0.097,551.6,-0.09721,-74.55767,0.0,0,-1.0,-1.0,-1.0,-1.0,-1.0,0.0,0.0,0.0,0.0
1791578035.2,2543936.7,42.1,79.0,6.5,0.0,175.0,0.0,89.96,90.41,0.0,335.52,0.0,1213.412921,100145.0,0.99,76.8,-598435.3,300820.8,0.9948,0.097,551.6,-0.09721,-74.55767,0.0,0,-1.0,-1.0,-1.0,-1.0,-1.0,0.0,0.0,0.0,0.0
1791578035.7,2543937.2,42.7,79.0,6.5,0.0,175.0,0.0,89.96,90.41,0.0,335.51,0.0,1213.412921,100145.0,0.99,76.8,-598435.3,300820.8,0.9948,0.097,551.6,-0.09721,-74.55767,0.0,0,-1.0,-1.0,-1.0,-1.0,-1.0,0.0,0.0,0.0,0.0
1791578036.2,2543937.7,43.2,79.0,6.5,0.0,175.0,0.0,89.97,90.41,0.0,335.5,0.0,1213.412921,100145.0,0.99,76.8,-598435.3,300820.8,0.9948,0.097,551.6,-0.09721,-74.55767,0.0,0,-1.0,-1.0,-1.0,-1.0,-1.0,0.0,0.0,0.0,0.0
1791578036.71,2543938.2,43.7,79.0,6.5,0.0,175.0,0.0,89.96,90.41,0.0,335.5,0.0,1213.412921,100145.0,0.99,76.8,-598435.3,300820.8,0.9948,0.097,551.6,-0.09721,-74.55767,0.0,0,-1.0,-1.0,-1.0,-1.0,-1.0,0.0,0.0,0.0,0.0
1791578037.21,2543938.7,44.2,79.0,6.5,0.0,175.0,0.0,89.96,90.41,0.0,335.49,0.0,1213.412921,100145.0,0.99,76.8,-598435.3,300820.8,0.9948,0.097,551.6,-0.09721,-74.55767,0.0,0,-1.0,-1.0,-1.0,-1.0,-1.0,0.0,0.0,0.0,0.0
1791578037.71,2543939.2,44.7,79.0,6.5,0.0,175.0,0.0,89.96,90.41,0.0,335.48,0.0,1213.412921,100145.0,0.99,76.8,-598435.3,300820.8,0.9948,0.097,551.6,-0.09721,-74.55767,0.0,0,-1.0,-1.0,-1.0,-1.0,-1.0,0.0,0.0,0.0,0.0
1791578038.21,2543939.7,45.2,79.0,6.5,0.0,175.0,0.0,89.96,90.41,0.0,335.47,0.0,1213.412921,100145.0,0.99,76.8,-598435.3,300820.8,0.9948,0.097,551.6,-0.09721,-74.55767,0.0,0,-1.0,-1.0,-1.0,-1.0,-1.0,0.0,0.0,0.0,0.0
1791578038.72,2543940.2,45.7,79.0,6.5,0.0,175.0,0.0,89.96,90.41,0.0,335.46,0.0,1213.412921,100145.0,0.99,76.8,-598435.3,300820.8,0.9948,0.097,551.6,-0.09721,-74.55767,0.0,0,-1.0,-1.0,-1.0,-1.0,-1.0,0.0,0.0,0.0,0.0
1791578039.22,2543940.7,46.2,79.0,6.5,0.0,175.0,0.0,89.97,90.41,0.0,335.46,0.0,1213.412921,100145.0,0.99,76.8,-598435.3,300820.8,0.9948,0.097,551.6,-0.09721,-74.55767,0.0,0,-1.0,-1.0,-1.0,-1.0,-1.0,0.0,0.0,0.0,0.0
1791578039.72,2543941.2,46.7,79.0,6.5,0.0,175.0,0.0,89.95,90.41,0.0,335.45,0.0,1213.412921,100145.0,0.99,76.8,-598435.3,300820.8,0.9948,0.097,551.6,-0.09721,-74.55767,0.0,0,-1.0,-1.0,-1.0,-1.0,-1.0,0.0,0.0,0.0,0.0
1791578040.22,2543941.7,47.2,79.0,6.5,0.0,175.0,0.0,89.97,90.41,0.0,335.44,0.0,1213.412921,100145.0,0.99,76.8,-598435.3,300820.8,0.9948,0.097,551.6,-0.09721,-74.55767,0.0,0,-1.0,-1.0,-1.0,-1.0,-1.0,0.0,0.0,0.0,0.0
1791578040.72,2543942.2,47.7,79.0,6.5,0.0,175.0,0.0,89.96,90.41,0.0,335.43,0.0,1213.412921,100145.0,0.99,76.8,-598435.3,300820.8,0.9948,0.097,551.6,-0.09721,-74.55767,0.0,0,-1.0,-1.0,-1.0,-1.0,-1.0,0.0,0.0,0.0,0.0
1791578041.22,2543942.7,48.2,79.0,6.5,0.0,175.0,0.0,89.96,90.41,0.0,335.42,0.0,1213.412921,100145.0,0.99,76.8,-598435.3,300820.8,0.9948,0.097,551.6,-0.09721,-74.55767,0.0,0,-1.0,-1.0,-1.0,-1.0,-1.0,0.0,0.0,0.0,0.0
1791578041.72,2543943.2,48.7,79.0,6.5,0.0,175.0,0.0,89.96,90.41,0.0,335.41,0.0,1213.412921,100145.0,0.99,76.8,-598435.3,300820.8,0.9948,0.097,551.6,-0.09721,-74.55767,0.0,0,-1.0,-1.0,-1.0,-1.0,-1.0,0.0,0.0,0.0,0.0
1791578042.23,2543943.7,49.2,79.0,6.5,0.0,175.0,0.0,89.96,90.41,0.0,335.4,0.0,1213.412921,100145.0,0.99,76.8,-598435.3,300820.8,0.9948,0.097,551.6,-0.09721,-74.55767,0.0,0,-1.0,-1.0,-1.0,-1.0,-1.0,0.0,0.0,0.0,0.0
1791578042.73,2543944.2,49.7,79.0,6.5,0.0,175.0,0.0,89.97,90.41,0.0,335.4,0.0,1213.412921,100145.0,0.99,76.8,-598435.3,300820.8,0.9948,0.097,551.6,-0.09721,-74.55767,0.0,0,-1.0,-1.0,-1.0,-1.0,-1.0,0.0,0.0,0.0,0.0
1791578043.23,2543944.7,50.2,79.0,6.5,0.0,175.0,0.0,89.96,90.41,0.0,335.39,0.0,1213.412921,100145.0,0.99,76.8,-598435.3,300820.8,0.9948,0.097,551.6,-0.09721,-74.55767,0.0,0,-1.0,-1.0,-1.0,-1.0,-1.0,0.0,0.0,0.0,0.0
1791578043.73,2543945.2,50.7,79.0,6.5,0.0,175.0,0.0,89.97,90.41,0.0,335.38,0.0,1213.412921,100145.0,0.99,76.8,-598435.3,300820.8,0.9948,0.097,551.6,-0.09721,-74.55767,0.0,0,-1.0,-1.0,-1.0,-1.0,-1.0,0.0,0.0,0.0,0.0
1791578044.23,2543945.7,51.2,79.0,6.5,0.0,175.0,0.0,89.96,90.41,0.0,335.37,0.0,1213.412921,100145.0,0.99,76.8,-598435.3,300820.8,0.9948,0.097,551.6,-0.09721,-74.55767,0.0,0,-1.0,-1.0,-1.0,-1.0,-1.0,0.0,0.0,0.0,0.0
1791578044.74,2543946.2,51.7,79.0,6.5,0.0,175.0,0.0,89.97,90.41,0.0,335.36,0.0,1213.412921,100145.0,0.99,76.8,-598435.3,300820.8,0.9948,0.097,551.6,-0.09721,-74.55767,0.0,0,-1.0,-1.0,-1.0,-1.0,-1.0,0.0,0.0,0.0,0.0
1791578045.24,2543946.7,52.2,79.0,6.5,0.0,175.0,0.0,89.96,90.41,0.0,335.36,0.0,1213.412921,100145.0,0.99,76.8,-598435.3,300820.8,0.9948,0.097,551.6,-0.09721,-74.55767,0.0,0,-1.0,-1.0,-1.0,-1.0,-1.0,0.0,0.0,0.0,0.0
1791578045.74,2543947.1,52.7,79.0,6.5,0.0,175.0,0.0,89.97,90.41,0.0,335.35,0.0,1213.412921,100145.0,0.99,76.8,-598435.3,300820.8,0.9948,0.097,551.6,-0.09721,-74.55767,0.0,0,-1.0,-1.0,-1.0,-1.0,-1.0,0.0,0.0,0.0,0.0
1791578046.24,2543947.6,53.2,79.0,6.5,0.0,175.0,0.0,89.97,90.41,0.0,335.34,0.0,1213.412921,100145.0,0.99,76.8,-598435.3,300820.8,0.9948,0.097,551.6,-0.09721,-74.55767,0.0,0,-1.0,-1.0,-1.0,-1.0,-1.0,0.0,0.0,0.0,0.0
1791578046.74,2543948.1,53.7,79.0,6.5,0.0,175.0,0.0,89.97,90.41,0.0,335.33,0.0,1213.412921,100145.0,0.99,76.8,-598435.3,300820.8,0.9948,0.097,551.6,-0.09721,-74.55767,0.0,0,-1.0,-1.0,-1.0,-1.0,-1.0,0.0,0.0,0.0,0.0
1791578047.25,2543948.6,54.2,79.0,6.5,0.0,175.0,0.0,89.96,90.41,0.0,335.32,0.0,1213.412921,100145.0,0.99,76.8,-598435.3,300820.8,0.9948,0.097,551.6,-0.09721,-74.55767,0.0,0,-1.0,-1.0,-1.0,-1.0,-1.0,0.0,0.0,0.0,0.0
1791578047.75,2543949.1,54.7,79.0,6.5,0.0,175.0,0.0,89.97,90.41,0.0,335.31,0.0,1213.412921,100145.0,0.99,76.8,-598435.3,300820.8,0.9948,0.097,551.6,-0.09721,-74.55767,0.0,0,-1.0,-1.0,-1.0,-1.0,-1.0,0.0,0.0,0.0,0.0
1791578048.25,2543949.6,55.2,79.0,6.5,0.0,175.0,0.0,89.97,90.41,0.0,335.31,0.0,1213.412921,100145.0,0.99,76.8,-598435.3,300820.8,0.9948,0.097,551.6,-0.09721,-74.55767,0.0,0,-1.0,-1.0,-1.0,-1.0,-1.0,0.0,0.0,0.0,0.0
1791578048.75,2543950.1,55.7,79.0,6.5,0.0,175.0,0.0,89.96,90.41,0.0,335.3,0.0,1213.412921,100145.0,0.99,76.8,-598435.3,300820.8,0.9948,0.097,551.6,-0.09721,-74.55767,0.0,0,-1.0,-1.0,-1.0,-1.0,-1.0,0.0,0.0,0.0,0.0
1791578049.26,2543950.6,56.2,79.0,6.5,0.0,175.0,0.0,89.97,90.41,0.0,335.29,0.0,1213.412921,100145.0,0.99,76.8,-598435.3,300820.8,0.9948,0.097,551.6,-0.09721,-74.55767,0.0,0,-1.0,-1.0,-1.0,-1.0,-1.0,0.0,0.0,0.0,0.0
1791578049.76,2543951.1,56.7,79.0,6.5,0.0,175.0,0.0,89.96,90.41,0.0,335.28,0.0,1213.412921,100145.0,0.99,76.8,-598435.3,300820.8,0.9948,0.097,551.6,-0.09721,-74.55767,0.0,0,-1.0,-1.0,-1.0,-1.0,-1.0,0.0,0.0,0.0,0.0
1791578050.26,2543951.6,57.2,79.0,6.5,0.0,175.0,0.0,89.97,90.41,0.0,335.27,0.0,1213.412921,100145.0,0.99,76.8,-598435.3,300820.8,0.9948,0.097,551.6,-0.09721,-74.55767,0.0,0,-1.0,-1.0,-1.0,-1.0,-1.0,0.0,0.0,0.0,0.0
1791578050.76,2543952.2,57.7,79.0,6.5,0.0,175.0,0.0,89.96,90.41,0.0,335.26,0.0,1213.412921,100145.0,0.99,76.8,-598435.3,300820.8,0.9948,0.097,551.6,-0.09721,-74.55767,0.0,0,-1.0,-1.0,-1.0,-1.0,-1.0,0.0,0.0,0.0,0.0
1791578051.27,2543952.6,58.2,79.0,6.5,0.0,175.0,0.0,89.97,90.41,0.0,335.26,0.0,1213.412921,100145.0,0.99,76.8,-598435.3,300820.8,0.9948,0.097,551.6,-0.09721,-74.55767,0.0,0,-1.0,-1.0,-1.0,-1.0,-1.0,0.0,0.0,0.0,0.0
1791578051.77,2543953.1,58.7,79.0,6.5,0.0,175.0,0.0,89.96,90.41,0.0,335.25,0.0,1213.412921,100145.0,0.99,76.8,-598435.3,300820.8,0.9948,0.097,551.6,-0.09721,-74.55767,0.0,0,-1.0,-1.0,-1.0,-1.0,-1.0,0.0,0.0,0.0,0.0
1791578052.27,2543953.6,59.2,79.0,6.5,0.0,175.0,0.0,89.96,90.41,0.0,335.24,0.0,1213.412921,100145.0,0.99,76.8,-598435.3,300820.8,0.9948,0.097,551.6,-0.09721,-74.55767,0.0,0,-1.0,-1.0,-1.0,-1.0,-1.0,0.0,0.0,0.0,0.0
1791578052.77,2543954.1,59.7,79.0,6.5,0.0,175.0,0.0,89.97,90.41,0.0,335.23,0.0,1213.412921,100145.0,0.99,76.8,-598435.3,300820.8,0.9948,0.097,551.6,-0.09721,-74.55767,0.0,0,-1.0,-1.0,-1.0,-1.0,-1.0,0.0,0.0,0.0,0.0
1791578053.27,2543954.6,60.2,79.0,6.5,0.0,175.0,0.0,89.97,90.41,0.0,335.22,0.0,1213.412921,100145.0,0.99,76.8,-598435.3,300820.8,0.9948,0.097,551.6,-0.09721,-74.55767,0.0,0,-1.0,-1.0,-1.0,-1.0,-1.0,0.0,0.0,0.0,0.0
1791578053.78,2543955.1,60.7,79.0,6.5,0.0,175.0,0.0,89.97,90.41,0.0,335.21,0.0,1213.412921,100145.0,0.99,76.8,-598435.3,300820.8,0.9948,0.097,551.6,-0.09721,-74.55767,0.0,0,-1.0,-1.0,-1.0,-1.0,-1.0,0.0,0.0,0.0,0.0
1791578054.28,2543955.6,61.2,79.0,6.5,0.0,175.0,0.0,89.96,90.41,0.0,335.21,0.0,1213.412921,100145.0,0.99,76.8,-598435.3,300820.8,0.9948,0.097,551.6,-0.09721,-74.55767,0.0,0,-1.0,-1.0,-1.0,-1.0,-1.0,0.0,0.0,0.0,0.0
1791578054.78,2543956.1,61.7,79.0,6.5,0.0,175.0,0.0,89.96,90.41,0.0,335.2,0.0,1213.412921,100145.0,0.99,76.8,-598435.3,300820.8,0.9948,0.097,551.6,-0.09721,-74.55767,0.0,0,-1.0,-1.0,-1.0,-1.0,-1.0,0.0,0.0,0.0,0.0
1791578055.28,2543956.6,62.2,79.0,6.5,0.0,175.0,0.0,89.96,90.41,0.0,335.19,0.0,1213.412921,100145.0,0.99,76.8,-598435.3,300820.8,0.9948,0.097,551.6,-0.09721,-74.55767,0.0,0,-1.0,-1.0,-1.0,-1.0,-1.0,0.0,0.0,0.0,0.0
1791578055.79,2543957.1,62.7,79.0,6.5,0.0,175.0,0.0,89.97,90.41,0.0,335.18,0.0,1213.412921,100145.0,0.99,76.8,-598435.3,300820.8,0.9948,0.097,551.6,-0.09721,-74.55767,0.0,0,-1.0,-1.0,-1.0,-1.0,-1.0,0.0,0.0,0.0,0.0
1791578056.29,2543957.6,63.2,79.0,6.5,0.0,175.0,0.0,89.96,90.41,0.0,335.17,0.0,1213.412921,100145.0,0.99,76.8,-598435.3,300820.8,0.9948,0.097,551.6,-0.09721,-74.55767,0.0,0,-1.0,-1.0,-1.0,-1.0,-1.0,0.0,0.0,0.0,0.0
1791578056.79,2543958.1,63.7,79.0,6.5,0.0,175.0,0.0,89.96,90.41,0.0,335.16,0.0,1213.412921,100145.0,0.99,76.8,-598435.3,300820.8,0.9948,0.097,551.6,-0.09721,-74.55767,0.0,0,-1.0,-1.0,-1.0,-1.0,-1.0,0.0,0.0,0.0,0.0
1791578057.29,2543958.6,64.2,79.0,6.5,0.0,175.0,0.0,89.96,90.41,0.0,335.16,0.0,1213.412921,100145.0,0.99,76.8,-598435.3,300820.8,0.9948,0.097,551.6,-0.09721,-74.55767,0.0,0,-1.0,-1.0,-1.0,-1.0,-1.0,0.0,0.0,0.0,0.0
1791578057.8,2543959.1,64.7,79.0,6.5,0.0,175.0,0.0,89.97,90.41,0.0,335.15,0.0,1213.412921,100145.0,0.99,76.8,-598435.3,300820.8,0.9948,0.097,551.6,-0.09721,-74.55767,0.0,0,-1.0,-1.0,-1.0,-1.0,-1.0,0.0,0.0,0.0,0.0
1791578058.3,2543959.6,65.2,79.0,6.5,0.0,175.0,0.0,89.97,90.41,0.0,335.14,0.0,1213.412921,100145.0,0.99,76.8,-598435.3,300820.8,0.9948,0.097,551.6,-0.09721,-74.55767,0.0,0,-1.0,-1.0,-1.0,-1.0,-1.0,0.0,0.0,0.0,0.0
1791578058.8,2543960.1,65.8,79.0,6.5,0.0,175.0,0.0,89.97,90.41,0.0,335.13,0.0,1213.412921,100145.0,0.99,76.8,-598435.3,300820.8,0.9948,0.097,551.6,-0.09721,-74.55767,0.0,0,-1.0,-1.0,-1.0,-1.0,-1.0,0.0,0.0,0.0,0.0
1791578059.3,2543960.6,66.3,79.0,6.5,0.0,175.0,0.0,89.96,90.41,0.0,335.12,0.0,1213.412921,100145.0,0.99,76.8,-598435.3,300820.8,0.9948,0.097,551.6,-0.09721,-74.55767,0.0,0,-1.0,-1.0,-1.0,-1.0,-1.0,0.0,0.0,0.0,0.0
1791578059.8,2543961.1,66.8,79.0,6.5,0.0,175.0,0.0,89.96,90.41,0.0,335.11,0.0,1213.412921,100145.0,0.99,76.8,-598435.3,300820.8,0.9948,0.097,551.6,-0.09721,-74.55767,0.0,0,-1.0,-1.0,-1.0,-1.0,-1.0,0.0,0.0,0.0,0.0
1791578060.3,2543961.6,67.3,79.0,6.5,0.0,175.0,0.0,89.97,90.41,0.0,335.11,0.0,1213.412921,100145.0,0.99,76.8,-598435.3,300820.8,0.9948,0.097,551.6,-0.09721,-74.55767,0.0,0,-1.0,-1.0,-1.0,-1.0,-1.0,0.0,0.0,0.0,0.0
1791578060.8,2543962.1,67.8,79.0,6.5,0.0,175.0,0.0,89.96,90.41,0.0,335.1,0.0,1213.412921,100145.0,0.99,76.8,-598435.3,300820.8,0.9948,0.097,551.6,-0.09721,-74.55767,0.0,0,-1.0,-1.0,-1.0,-1.0,-1.0,0.0,0.0,0.0,0.0
1791578061.31,2543962.6,68.3,79.0,6.5,0.0,175.0,0.0,89.96,90.41,0.0,335.09,0.0,1213.412921,100145.0,0.99,76.8,-598435.3,300820.8,0.9948,0.097,551.6,-0.09721,-74.55767,0.0,0,-1.0,-1.0,-1.0,-1.0,-1.0,0.0,0.0,0.0,0.0
1791578061.81,2543963.1,68.8,79.0,6.5,0.0,175.0,0.0,89.97,90.41,0.0,335.08,0.0,1213.412921,100145.0,0.99,76.8,-598435.3,300820.8,0.9948,0.097,551.6,-0.09721,-74.55767,0.0,0,-1.0,-1.0,-1.0,-1.0,-1.0,0.0,0.0,0.0,0.0
1791578062.31,2543963.6,69.3,79.0,6.5,0.0,175.0,0.0,89.97,90.41,0.0,335.07,0.0,1213.412921,100145.0,0.99,76.8,-598435.3,300820.8,0.9948,0.097,551.6,-0.09721,-74.55767,0.0,0,-1.0,-1.0,-1.0,-1.0,-1.0,0.0,0.0,0.0,0.0
1791578062.81,2543964.1,69.8,79.0,6.5,0.0,175.0,0.0,89.97,90.41,0.0,335.06,0.0,1213.412921,100145.0,0.99,76.8,-598435.3,300820.8,0.9948,0.097,551.6,-0.09721,-74.55767,0.0,0,-1.0,-1.0,-1.0,-1.0,-1.0,0.0,0.0,0.0,0.0
1791578063.32,2543964.6,70.3,79.0,6.5,0.0,175.0,0.0,89.97,90.41,0.0,335.06,0.0,1213.412921,100145.0,0.99,76.8,-598435.3,300820.8,0.9948,0.097,551.6,-0.09721,-74.55767,0.0,0,-1.0,-1.0,-1.0,-1.0,-1.0,0.0,0.0,0.0,0.0
1791578063.82,2543965.1,70.8,79.0,6.5,0.0,175.0,0.0,89.97,90.41,0.0,335.05,0.0,1213.412921,100145.0,0.99,76.8,-598435.3,300820.8,0.9948,0.097,551.6,-0.09721,-74.55767,0.0,0,-1.0,-1.0,-1.0,-1.0,-1.0,0.0,0.0,0.0,0.0
1791578064.32,2543965.6,71.3,79.0,6.5,0.0,175.0,0.0,89.97,90.41,0.0,335.04,0.0,1213.412921,100145.0,0.99,76.8,-598435.3,300820.8,0.9948,0.097,551.6,-0.09721,-74.55767,0.0,0,-1.0,-1.0,-1.0,-1.0,-1.0,0.0,0.0,0.0,0.0
1791578064.82,2543966.1,71.8,79.0,6.5,0.0,175.0,0.0,89.96,90.41,0.0,335.03,0.0,1213.412921,100145.0,0.99,76.8,-598435.3,300820.8,0.9948,0.097,551.6,-0.09721,-74.55767,0.0,0,-1.0,-1.0,-1.0,-1.0,-1.0,0.0,0.0,0.0,0.0
1791578065.33,2543966.6,72.3,79.0,6.5,0.0,175.0,0.0,89.96,90.41,0.0,335.02,0.0,1213.412921,100145.0,0.99,76.8,-598435.3,300820.8,0.9948,0.097,551.6,-0.09721,-74.55767,0.0,0,-1.0,-1.0,-1.0,-1.0,-1.0,0.0,0.0,0.0,0.0
1791578065.83,2543967.1,72.8,79.0,6.5,0.0,175.0,0.0,89.96,90.41,0.0,335.01,0.0,1213.412921,100145.0,0.99,76.8,-598435.3,300820.8,0.9948,0.097,551.6,-0.09721,-74.55767,0.0,0,-1.0,-1.0,-1.0,-1.0,-1.0,0.0,0.0,0.0,0.0
1791578066.33,2543967.6,73.3,79.0,6.5,0.0,175.0,0.0,89.96,90.41,0.0,335.01,0.0,1213.412921,100145.0,0.99,76.8,-598435.3,300820.8,0.9948,0.097,551.6,-0.09721,-74.55767,0.0,0,-1.0,-1.0,-1.0,-1.0,-1.0,0.0,0.0,0.0,0.0
1791578066.83,2543968.1,73.8,79.0,6.5,0.0,175.0,0.0,89.96,90.41,0.0,335.0,0.0,1213.412921,100145.0,0.99,76.8,-598435.3,300820.8,0.9948,0.097,551.6,-0.09721,-74.55767,0.0,0,-1.0,-1.0,-1.0,-1.0,-1.0,0.0,0.0,0.0,0.0
1791578067.33,2543968.6,74.3,79.0,6.5,0.0,175.0,0.0,89.98,90.41,0.0,334.99,0.0,1213.412921,100145.0,0.99,76.8,-598435.3,300820.8,0.9948,0.097,551.6,-0.09721,-74.55767,0.0,0,-1.0,-1.0,-1.0,-1.0,-1.0,0.0,0.0,0.0,0.0
1791578067.84,2543969.1,74.8,79.0,6.5,0.0,175.0,0.0,89.96,90.41,0.0,334.98,0.0,1213.412921,100145.0,0.99,76.8,-598435.3,300820.8,0.9948,0.097,551.6,-0.09721,-74.55767,0.0,0,-1.0,-1.0,-1.0,-1.0,-1.0,0.0,0.0,0.0,0.0
1791578068.34,2543969.6,75.3,79.0,6.5,0.0,175.0,0.0,89.96,90.41,0.0,334.97,0.0,1213.412921,100145.0,0.99,76.8,-598435.3,300820.8,0.9948,0.097,551.6,-0.09721,-74.55767,0.0,0,-1.0,-1.0,-1.0,-1.0,-1.0,0.0,0.0,0.0,0.0
1791578068.84,2543970.1,75.8,79.0,6.5,0.0,175.0,0.0,89.96,90.41,0.0,334.96,0.0,1213.412921,100145.0,0.99,76.8,-598435.3,300820.8,0.9948,0.097,551.6,-0.09721,-74.55767,0.0,0,-1.0,-1.0,-1.0,-1.0,-1.0,0.0,0.0,0.0,0.0
1791578069.34,2543970.6,76.3,79.0,6.5,0.0,175.0,0.0,89.96,90.41,0.0,334.96,0.0,1213.412921,100145.0,0.99,76.8,-598435.3,300820.8,0.9948,0.097,551.6,-0.09721,-74.55767,0.0,0,-1.0,-1.0,-1.0,-1.0,-1.0,0.0,0.0,0.0,0.0
1791578069.84,2543971.1,76.8,79.0,6.5,0.0,175.0,0.0,89.96,90.41,0.0,334.95,0.0,1213.412921,100145.0,0.99,76.8,-598435.3,300820.8,0.9948,0.097,551.6,-0.09721,-74.55767,0.0,0,-1.0,-1.0,-1.0,-1.0,-1.0,0.0,0.0,0.0,0.0
1791578070.34,2543971.6,77.3,79.0,6.5,0.0,175.0,0.0,89.97,90.41,0.0,334.94,0.0,1213.412921,100145.0,0.99,76.8,-598435.3,300820.8,0.9948,0.097,551.6,-0.09721,-74.55767,0.0,0,-1.0,-1.0,-1.0,-1.0,-1.0,0.0,0.0,0.0,0.0
1791578070.85,2543972.1,77.8,79.0,6.5,0.0,175.0,0.0,89.96,90.41,0.0,334.93,0.0,1213.412921,100145.0,0.99,76.8,-598435.3,300820.8,0.9948,0.097,551.6,-0.09721,-74.55767,0.0,0,-1.0,-1.0,-1.0,-1.0,-1.0,0.0,0.0,0.0,0.0
1791578071.35,2543972.6,78.3,79.0,6.5,0.0,175.0,0.0,89.97,90.41,0.0,334.92,0.0,1213.412921,100145.0,0.99,76.8,-598435.3,300820.8,0.9948,0.097,551.6,-0.09721,-74.55767,0.0,0,-1.0,-1.0,-1.0,-1.0,-1.0,0.0,0.0,0.0,0.0
1791578071.85,2543973.1,78.8,79.0,6.5,0.0,175.0,0.0,89.97,90.41,0.0,334.91,0.0,1213.412921,100145.0,0.99,76.8,-598435.3,300820.8,0.9948,0.097,551.6,-0.09721,-74.55767,0.0,0,-1.0,-1.0,-1.0,-1.0,-1.0,0.0,0.0,0.0,0.0
1791578072.35,2543973.6,79.3,79.0,6.5,0.0,175.0,0.0,89.97,90.41,0.0,334.91,0.0,1213.412921,100145.0,0.99,76.8,-598435.3,300820.8,0.9948,0.097,551.6,-0.09721,-74.55767,0.0,0,-1.0,-1.0,-1.0,-1.0,-1.0,0.0,0.0,0.0,0.0
1791578072.85,2543974.1,79.8,79.0,6.5,0.0,175.0,0.0,89.97,90.41,0.0,334.9,0.0,1213.412921,100145.0,0.99,76.8,-598435.3,300820.8,0.9948,0.097,551.6,-0.09721,-74.55767,0.0,0,-1.0,-1.0,-1.0,-1.0,-1.0,0.0,0.0,0.0,0.0
1791578073.35,2543974.6,80.3,79.0,6.5,0.0,175.0,0.0,89.97,90.41,0.0,334.89,0.0,1213.412921,100145.0,0.99,76.8,-598435.3,300820.8,0.9948,0.097,551.6,-0.09721,-74.55767,0.0,0,-1.0,-1.0,-1.0,-1.0,-1.0,0.0,0.0,0.0,0.0
1791578073.86,2543974.8,80.8,79.0,6.5,0.0,175.0,0.0,89.97,90.41,0.0,334.89,0.0,1213.412921,100145.0,0.99,76.8,-598435.3,300820.8,0.9948,0.097,551.6,-0.09721,-74.55767,0.0,0,-1.0,-1.0,-1.0,-1.0,-1.0,0.0,0.0,0.0,0.0
1791578074.36,2543974.8,81.3,79.0,6.5,0.0,175.0,0.0,89.97,90.41,0.0,334.89,0.0,1213.412921,100145.0,0.99,76.8,-598435.3,300820.8,0.9948,0.097,551.6,-0.09721,-74.55767,0.0,0,-1.0,-1.0,-1.0,-1.0,-1.0,0.0,0.0,0.0,0.0
1791578074.86,2543974.8,81.8,79.0,6.5,0.0,175.0,0.0,89.97,90.41,0.0,334.89,0.0,1213.412921,100145.0,0.99,76.8,-598435.3,300820.8,0.9948,0.097,551.6,-0.09721,-74.55767,0.0,0,-1.0,-1.0,-1.0,-1.0,-1.0,0.0,0.0,0.0,0.0
1791578075.36,2543974.8,82.3,79.0,6.5,0.0,175.0,0.0,89.97,90.41,0.0,334.89,0.0,1213.412921,100145.0,0.99,76.8,-598435.3,300820.8,0.9948,0.097,551.6,-0.09721,-74.55767,0.0,0,-1.0,-1.0,-1.0,-1.0,-1.0,0.0,0.0,0.0,0.0
1791578075.86,2543974.8,82.8,79.0,6.5,0.0,175.0,0.0,89.96,90.41,0.0,334.89,0.0,1213.412921,100145.0,0.99,76.8,-598435.3,300820.8,0.9948,0.097,551.6,-0.09721,-74.55767,0.0,0,-1.0,-1.0,-1.0,-1.0,-1.0,0.0,0.0,0.0,0.0
1791578076.36,2543975.0,83.3,79.0,6.5,0.0,175.0,0.0,89.96,90.41,0.0,334.88,0.0,1213.412921,100145.0,0.99,76.8,-598435.3,300820.8,0.9948,0.097,551.6,-0.09721,-74.55767,0.0,0,-1.0,-1.0,-1.0,-1.0,-1.0,0.0,0.0,0.0,0.0
1791578076.87,2543975.5,83.8,79.0,6.5,0.0,175.0,0.0,89.96,90.41,0.0,334.87,0.0,1213.412921,100145.0,0.99,76.8,-598435.3,300820.8,0.9948,0.097,551.6,-0.09721,-74.55767,0.0,0,-1.0,-1.0,-1.0,-1.0,-1.0,0.0,0.0,0.0,0.0
1791578077.37,2543976.0,84.3,79.0,6.5,0.0,175.0,0.0,89.96,90.41,0.0,334.87,0.0,1213.412921,100145.0,0.99,76.8,-598435.3,300820.8,0.9948,0.097,551.6,-0.09721,-74.55767,0.0,0,-1.0,-1.0,-1.0,-1.0,-1.0,0.0,0.0,0.0,0.0
1791578077.87,2543976.5,84.8,79.0,6.5,0.0,175.0,0.0,89.98,90.41,0.0,334.86,0.0,1213.412921,100145.0,0.99,76.8,-598435.3,300820.8,0.9948,0.097,551.6,-0.09721,-74.55767,0.0,0,-1.0,-1.0,-1.0,-1.0,-1.0,0.0,0.0,0.0,0.0
1791578078.37,2543977.0,85.3,79.0,6.5,0.0,175.0,0.0,89.96,90.41,0.0,334.85,0.0,1213.412921,100145.0,0.99,76.8,-598435.3,300820.8,0.9948,0.097,551.6,-0.09721,-74.55767,0.0,0,-1.0,-1.0,-1.0,-1.0,-1.0,0.0,0.0,0.0,0.0
1791578078.88,2543977.5,85.8,79.0,6.5,0.0,175.0,0.0,89.98,90.41,0.0,334.84,0.0,1213.412921,100145.0,0.99,76.8,-598435.3,300820.8,0.9948,0.097,551.6,-0.09721,-74.55767,0.0,0,-1.0,-1.0,-1.0,-1.0,-1.0,0.0,0.0,0.0,0.0
1791578079.38,2543978.0,86.3,79.0,6.5,0.0,175.0,0.0,89.96,90.41,0.0,334.83,0.0,1213.412921,100145.0,0.99,76.8,-598435.3,300820.8,0.9948,0.097,551.6,-0.09721,-74.55767,0.0,0,-1.0,-1.0,-1.0,-1.0,-1.0,0.0,0.0,0.0,0.0
1791578079.88,2543978.5,86.8,79.0,6.5,0.0,175.0,0.0,89.96,90.41,0.0,334.82,0.0,1213.412921,100145.0,0.99,76.8,-598435.3,300820.8,0.9948,0.097,551.6,-0.09721,-74.55767,0.0,0,-1.0,-1.0,-1.0,-1.0,-1.0,0.0,0.0,0.0,0.0
1791578080.38,2543979.0,87.3,79.0,6.5,0.0,175.0,0.0,89.96,90.41,0.0,334.82,0.0,1213.412921,100145.0,0.99,76.8,-598435.3,300820.8,0.9948,0.097,551.6,-0.09721,-74.55767,0.0,0,-1.0,-1.0,-1.0,-1.0,-1.0,0.0,0.0,0.0,0.0
1791578080.89,2543979.0,87.8,79.0,6.5,0.0,175.0,0.0,89.96,90.41,0.0,334.82,0.0,1213.412921,100145.0,0.99,76.8,-598435.3,300820.8,0.9948,0.097,551.6,-0.09721,-74.55767,0.0,0,-1.0,-1.0,-1.0,-1.0,-1.0,0.0,0.0,0.0,0.0
1791578081.39,2543979.1,88.3,79.0,6.5,0.0,175.0,0.0,89.96,90.41,0.0,334.81,0.0,1213.412921,100145.0,0.99,76.8,-598435.3,300820.8,0.9948,0.097,551.6,-0.09721,-74.55767,0.0,0,-1.0,-1.0,-1.0,-1.0,-1.0,0.0,0.0,0.0,0.0
1791578081.89,2543979.6,88.8,79.0,6.5,0.0,175.0,0.0,89.98,90.41,0.0,334.81,0.0,1213.412921,100145.0,0.99,76.8,-598435.3,300820.8,0.9948,0.097,551.6,-0.09721,-74.55767,0.0,0,-1.0,-1.0,-1.0,-1.0,-1.0,0.0,0.0,0.0,0.0
1791578082.39,2543980.2,89.3,79.0,6.5,0.0,175.0,0.0,89.96,90.41,0.0,334.8,0.0,1213.412921,100145.0,0.99,76.8,-598435.3,300820.8,0.9948,0.097,551.6,-0.09721,-74.55767,0.0,0,-1.0,-1.0,-1.0,-1.0,-1.0,0.0,0.0,0.0,0.0
1791578082.9,2543980.7,89.8,79.0,6.5,0.0,175.0,0.0,89.97,90.41,0.0,334.79,0.0,1213.412921,100145.0,0.99,76.8,-598435.3,300820.8,0.9948,0.097,551.6,-0.09721,-74.55767,0.0,0,-1.0,-1.0,-1.0,-1.0,-1.0,0.0,0.0,0.0,0.0
1791578083.4,2543981.2,90.3,79.0,6.5,0.0,175.0,0.0,89.96,90.41,0.0,334.78,0.0,1213.412921,100145.0,0.99,76.8,-598435.3,300820.8,0.9948,0.097,551.6,-0.09721,-74.55767,0.0,0,-1.0,-1.0,-1.0,-1.0,-1.0,0.0,0.0,0.0,0.0
1791578083.9,2543981.7,90.9,79.0,6.5,0.0,175.0,0.0,89.97,90.41,0.0,334.77,0.0,1213.412921,100145.0,0.99,76.8,-598435.3,300820.8,0.9948,0.097,551.6,-0.09721,-74.55767,0.0,0,-1.0,-1.0,-1.0,-1.0,-1.0,0.0,0.0,0.0,0.0
1791578084.4,2543982.2,91.4,79.0,6.5,0.0,175.0,0.0,89.96,90.41,0.0,334.76,0.0,1213.412921,100145.0,0.99,76.8,-598435.3,300820.8,0.9948,0.097,551.6,-0.09721,-74.55767,0.0,0,-1.0,-1.0,-1.0,-1.0,-1.0,0.0,0.0,0.0,0.0
1791578084.9,2543982.7,91.9,79.0,6.5,0.0,175.0,0.0,89.96,90.41,0.0,334.76,0.0,1213.412921,100145.0,0.99,76.8,-598435.3,300820.8,0.9948,0.097,551.6,-0.09721,-74.55767,0.0,0,-1.0,-1.0,-1.0,-1.0,-1.0,0.0,0.0,0.0,0.0
1791578085.4,2543983.2,92.4,79.0,6.5,0.0,175.0,0.0,89.96,90.41,0.0,334.75,0.0,1213.412921,100145.0,0.99,76.8,-598435.3,300820.8,0.9948,0.097,551.6,-0.09721,-74.55767,0.0,0,-1.0,-1.0,-1.0,-1.0,-1.0,0.0,0.0,0.0,0.0
1791578085.9,2543983.7,92.9,79.0,6.5,0.0,175.0,0.0,89.96,90.41,0.0,334.74,0.0,1213.412921,100145.0,0.99,76.8,-598435.3,300820.8,0.9948,0.097,551.6,-0.09721,-74.55767,0.0,0,-1.0,-1.0,-1.0,-1.0,-1.0,0.0,0.0,0.0,0.0
1791578086.41,2543984.2,93.4,79.0,6.5,0.0,175.0,0.0,89.96,90.41,0.0,334.73,0.0,1213.412921,100145.0,0.99,76.8,-598435.3,300820.8,0.9948,0.097,551.6,-0.09721,-74.55767,0.0,0,-1.0,-1.0,-1.0,-1.0,-1.0,0.0,0.0,0.0,0.0
1791578086.91,2543984.7,93.9,79.0,6.5,0.0,175.0,0.0,89.97,90.41,0.0,334.72,0.0,1213.412921,100145.0,0.99,76.8,-598435.3,300820.8,0.9948,0.097,551.6,-0.09721,-74.55767,0.0,0,-1.0,-1.0,-1.0,-1.0,-1.0,0.0,0.0,0.0,0.0
1791578087.41,2543985.2,94.4,79.0,6.5,0.0,175.0,0.0,89.96,90.41,0.0,334.71,0.0,1213.412921,100145.0,0.99,76.8,-598435.3,300820.8,0.9948,0.097,551.6,-0.09721,-74.55767,0.0,0,-1.0,-1.0,-1.0,-1.0,-1.0,0.0,0.0,0.0,0.0
1791578087.91,2543985.7,94.9,79.0,6.5,0.0,175.0,0.0,89.96,90.41,0.0,334.71,0.0,1213.412921,100145.0,0.99,76.8,-598435.3,300820.8,0.9948,0.097,551.6,-0.09721,-74.55767,0.0,0,-1.0,-1.0,-1.0,-1.0,-1.0,0.0,0.0,0.0,0.0
1791578088.41,2543986.2,95.4,79.0,6.5,0.0,175.0,0.0,89.96,90.41,0.0,334.7,0.0,1213.412921,100145.0,0.99,76.8,-598435.3,300820.8,0.9948,0.097,551.6,-0.09721,-74.55767,0.0,0,-1.0,-1.0,-1.0,-1.0,-1.0,0.0,0.0,0.0,0.0
1791578088.92,2543986.6,95.9,79.0,6.5,0.0,175.0,0.0,89.96,90.41,0.0,334.69,0.0,1213.412921,100145.0,0.99,76.8,-598435.3,300820.8,0.9948,0.097,551.6,-0.09721,-74.55767,0.0,0,-1.0,-1.0,-1.0,-1.0,-1.0,0.0,0.0,0.0,0.0
1791578089.42,2543986.9,96.4,79.0,6.5,0.0,175.0,0.0,89.96,90.41,0.0,334.69,0.0,1213.412921,100145.0,0.99,76.8,-598435.3,300820.8,0.9948,0.097,551.6,-0.09721,-74.55767,0.0,0,-1.0,-1.0,-1.0,-1.0,-1.0,0.0,0.0,0.0,0.0
1791578089.92,2543986.9,96.9,79.0,6.5,0.0,175.0,0.0,89.96,90.41,0.0,334.69,0.0,1213.412921,100145.0,0.99,76.8,-598435.3,300820.8,0.9948,0.097,551.6,-0.09721,-74.55767,0.0,0,-1.0,-1.0,-1.0,-1.0,-1.0,0.0,0.0,0.0,0.0
1791578090.43,2543987.1,97.4,79.0,6.5,0.0,175.0,0.0,89.96,90.41,0.0,334.68,0.0,1213.412921,100145.0,0.99,76.8,-598435.3,300820.8,0.9948,0.097,551.6,-0.09721,-74.55767,0.0,0,-1.0,-1.0,-1.0,-1.0,-1.0,0.0,0.0,0.0,0.0
1791578090.93,2543987.6,97.9,79.0,6.5,0.0,175.0,0.0,89.96,90.41,0.0,334.67,0.0,1213.412921,100145.0,0.99,76.8,-598435.3,300820.8,0.9948,0.097,551.6,-0.09721,-74.55767,0.0,0,-1.0,-1.0,-1.0,-1.0,-1.0,0.0,0.0,0.0,0.0
1791578091.43,2543988.1,98.4,79.0,6.5,0.0,175.0,0.0,89.96,90.41,0.0,334.67,0.0,1213.412921,100145.0,0.99,76.8,-598435.3,300820.8,0.9948,0.097,551.6,-0.09721,-74.55767,0.0,0,-1.0,-1.0,-1.0,-1.0,-1.0,0.0,0.0,0.0,0.0
1791578091.93,2543988.6,98.9,79.0,6.5,0.0,175.0,0.0,89.96,90.41,0.0,334.66,0.0,1213.412921,100145.0,0.99,76.8,-598435.3,300820.8,0.9948,0.097,551.6,-0.09721,-74.55767,0.0,0,-1.0,-1.0,-1.0,-1.0,-1.0,0.0,0.0,0.0,0.0
1791578092.43,2543989.1,99.4,79.0,6.5,0.0,175.0,0.0,89.96,90.41,0.0,334.65,0.0,1213.412921,100145.0,0.99,76.8,-598435.3,300820.8,0.9948,0.097,551.6,-0.09721,-74.55767,0.0,0,-1.0,-1.0,-1.0,-1.0,-1.0,0.0,0.0,0.0,0.0
1791578092.94,2543989.6,99.9,79.0,6.5,0.0,175.0,0.0,89.97,90.41,0.0,334.64,0.0,1213.412921,100145.0,0.99,76.8,-598435.3,300820.8,0.9948,0.097,551.6,-0.09721,-74.55767,0.0,0,-1.0,-1.0,-1.0,-1.0,-1.0,0.0,0.0,0.0,0.0
1791578093.44,2543990.1,100.4,79.0,6.5,0.0,175.0,0.0,89.97,90.41,0.0,334.63,0.0,1213.412921,100145.0,0.99,76.8,-598435.3,300820.8,0.9948,0.097,551.6,-0.09721,-74.55767,0.0,0,-1.0,-1.0,-1.0,-1.0,-1.0,0.0,0.0,0.0,0.0
1791578093.94,2543990.6,100.9,79.0,6.5,0.0,175.0,0.0,89.97,90.41,0.0,334.62,0.0,1213.412921,100145.0,0.99,76.8,-598435.3,300820.8,0.9948,0.097,551.6,-0.09721,-74.55767,0.0,0,-1.0,-1.0,-1.0,-1.0,-1.0,0.0,0.0,0.0,0.0
1791578094.44,2543991.0,101.4,79.0,6.5,0.0,175.0,0.0,89.97,90.41,0.0,334.62,0.0,1213.412921,100145.0,0.99,76.8,-598435.3,300820.8,0.9948,0.097,551.6,-0.09721,-74.55767,0.0,0,-1.0,-1.0,-1.0,-1.0,-1.0,0.0,0.0,0.0,0.0
1791578094.94,2543991.0,101.9,79.0,6.5,0.0,175.0,0.0,89.97,90.41,0.0,334.62,0.0,1213.412921,100145.0,0.99,76.8,-598435.3,300820.8,0.9948,0.097,551.6,-0.09721,-74.55767,0.0,0,-1.0,-1.0,-1.0,-1.0,-1.0,0.0,0.0,0.0,0.0
1791578095.45,2543991.0,102.4,79.0,6.5,0.0,175.0,0.0,89.96,90.41,0.0,334.62,0.0,1213.412921,100145.0,0.99,76.8,-598435.3,300820.8,0.9948,0.097,551.6,-0.09721,-74.55767,0.0,0,-1.0,-1.0,-1.0,-1.0,-1.0,0.0,0.0,0.0,0.0
1791578095.95,2543991.0,102.9,79.0,6.5,0.0,175.0,0.0,89.96,90.41,0.0,334.62,0.0,1213.412921,100145.0,0.99,76.8,-598435.3,300820.8,0.9948,0.097,551.6,-0.09721,-74.55767,0.0,0,-1.0,-1.0,-1.0,-1.0,-1.0,0.0,0.0,0.0,0.0
1791578096.45,2543991.3,103.4,79.0,6.5,0.0,175.0,0.0,89.96,90.41,0.0,334.61,0.0,1213.412921,100145.0,0.99,76.8,-598435.3,300820.8,0.9948,0.097,551.6,-0.09721,-74.55767,0.0,0,-1.0,-1.0,-1.0,-1.0,-1.0,0.0,0.0,0.0,0.0
1791578096.95,2543991.8,103.9,79.0,6.5,0.0,175.0,0.0,89.97,90.41,0.0,334.6,0.0,1213.412921,100145.0,0.99,76.8,-598435.3,300820.8,0.9948,0.097,551.6,-0.09721,-74.55767,0.0,0,-1.0,-1.0,-1.0,-1.0,-1.0,0.0,0.0,0.0,0.0
1791578097.46,2543992.3,104.4,79.0,6.5,0.0,175.0,0.0,89.96,90.41,0.0,334.6,0.0,1213.412921,100145.0,0.99,76.8,-598435.3,300820.8,0.9948,0.097,551.6,-0.09721,-74.55767,0.0,0,-1.0,-1.0,-1.0,-1.0,-1.0,0.0,0.0,0.0,0.0
1791578097.96,2543992.8,104.9,79.0,6.5,0.0,175.0,0.0,89.96,90.41,0.0,334.59,0.0,1213.412921,100145.0,0.99,76.8,-598435.3,300820.8,0.9948,0.097,551.6,-0.09721,-74.55767,0.0,0,-1.0,-1.0,-1.0,-1.0,-1.0,0.0,0.0,0.0,0.0
1791578098.46,2543993.3,105.4,79.0,6.5,0.0,175.0,0.0,89.96,90.41,0.0,334.58,0.0,1213.412921,100145.0,0.99,76.8,-598435.3,300820.8,0.9948,0.097,551.6,-0.09721,-74.55767,0.0,0,-1.0,-1.0,-1.0,-1.0,-1.0,0.0,0.0,0.0,0.0
1791578098.96,2543993.8,105.9,79.0,6.5,0.0,175.0,0.0,89.97,90.41,0.0,334.57,0.0,1213.412921,100145.0,0.99,76.8,-598435.3,300820.8,0.9948,0.097,551.6,-0.09721,-74.55767,0.0,0,-1.0,-1.0,-1.0,-1.0,-1.0,0.0,0.0,0.0,0.0
1791578099.46,2543994.3,106.4,79.0,6.5,0.0,175.0,0.0,89.97,90.41,0.0,334.56,0.0,1213.412921,100145.0,0.99,76.8,-598435.3,300820.8,0.9948,0.097,551.6,-0.09721,-74.55767,0.0,0,-1.0,-1.0,-1.0,-1.0,-1.0,0.0,0.0,0.0,0.0
1791578099.97,2543994.8,106.9,79.0,6.5,0.0,175.0,0.0,89.96,90.41,0.0,334.55,0.0,1213.412921,100145.0,0.99,76.8,-598435.3,300820.8,0.9948,0.097,551.6,-0.09721,-74.55767,0.0,0,-1.0,-1.0,-1.0,-1.0,-1.0,0.0,0.0,0.0,0.0
1791578100.47,2543995.3,107.4,79.0,6.5,0.0,175.0,0.0,89.97,90.41,0.0,334.54,0.0,1213.412921,100145.0,0.99,76.8,-598435.3,300820.8,0.9948,0.097,551.6,-0.09721,-74.55767,0.0,0,-1.0,-1.0,-1.0,-1.0,-1.0,0.0,0.0,0.0,0.0
1791578100.97,2543995.8,107.9,79.0,6.5,0.0,175.0,0.0,89.97,90.41,0.0,334.54,0.0,1213.412921,100145.0,0.99,76.8,-598435.3,300820.8,0.9948,0.097,551.6,-0.09721,-74.55767,0.0,0,-1.0,-1.0,-1.0,-1.0,-1.0,0.0,0.0,0.0,0.0
1791578101.47,2543996.3,108.4,79.0,6.5,0.0,175.0,0.0,89.97,90.41,0.0,334.53,0.0,1213.412921,100145.0,0.99,76.8,-598435.3,300820.8,0.9948,0.097,551.6,-0.09721,-74.55767,0.0,0,-1.0,-1.0,-1.0,-1.0,-1.0,0.0,0.0,0.0,0.0
1791578101.97,2543996.7,108.9,79.0,6.5,0.0,175.0,0.0,89.96,90.41,0.0,334.52,0.0,1213.412921,100145.0,0.99,76.8,-598435.3,300820.8,0.9948,0.097,551.6,-0.09721,-74.55767,0.0,0,-1.0,-1.0,-1.0,-1.0,-1.0,0.0,0.0,0.0,0.0
1791578102.47,2543996.7,109.4,79.0,6.5,0.0,175.0,0.0,89.96,90.41,0.0,334.52,0.0,1213.412921,100145.0,0.99,76.8,-598435.3,300820.8,0.9948,0.097,551.6,-0.09721,-74.55767,0.0,0,-1.0,-1.0,-1.0,-1.0,-1.0,0.0,0.0,0.0,0.0
1791578102.98,2543996.8,109.9,79.0,6.5,0.0,175.0,0.0,89.96,90.41,0.0,334.52,0.0,1213.412921,100145.0,0.99,76.8,-598435.3,300820.8,0.9948,0.097,551.6,-0.09721,-74.55767,0.0,0,-1.0,-1.0,-1.0,-1.0,-1.0,0.0,0.0,0.0,0.0
1791578103.48,2543997.3,110.4,79.0,6.5,0.0,175.0,0.0,89.96,90.41,0.0,334.51,0.0,1213.412921,100145.0,0.99,76.8,-598435.3,300820.8,0.9948,0.097,551.6,-0.09721,-74.55767,0.0,0,-1.0,-1.0,-1.0,-1.0,-1.0,0.0,0.0,0.0,0.0
1791578103.99,2543997.8,110.9,79.0,6.5,0.0,175.0,0.0,89.97,90.41,0.0,334.5,0.0,1213.412921,100145.0,0.99,76.8,-598435.3,300820.8,0.9948,0.097,551.6,-0.09721,-74.55767,0.0,0,-1.0,-1.0,-1.0,-1.0,-1.0,0.0,0.0,0.0,0.0
1791578104.49,2543998.2,111.4,79.0,6.5,0.0,175.0,0.0,89.98,90.41,0.0,334.5,0.0,1213.412921,100145.0,0.99,76.8,-598435.3,300820.8,0.9948,0.097,551.6,-0.09721,-74.55767,0.0,0,-1.0,-1.0,-1.0,-1.0,-1.0,0.0,0.0,0.0,0.0
1791578104.99,2543998.7,111.9,79.0,6.5,0.0,175.0,0.0,89.97,90.41,0.0,334.49,0.0,1213.412921,100145.0,0.99,76.8,-598435.3,300820.8,0.9948,0.097,551.6,-0.09721,-74.55767,0.0,0,-1.0,-1.0,-1.0,-1.0,-1.0,0.0,0.0,0.0,0.0
1791578105.49,2543999.2,112.4,79.0,6.5,0.0,175.0,0.0,89.97,90.41,0.0,334.48,0.0,1213.412921,100145.0,0.99,76.8,-598435.3,300820.8,0.9948,0.097,551.6,-0.09721,-74.55767,0.0,0,-1.0,-1.0,-1.0,-1.0,-1.0,0.0,0.0,0.0,0.0
1791578106.0,2543999.7,112.9,79.0,6.5,0.0,175.0,0.0,89.96,90.41,0.0,334.47,0.0,1213.412921,100145.0,0.99,76.8,-598435.3,300820.8,0.9948,0.097,551.6,-0.09721,-74.55767,0.0,0,-1.0,-1.0,-1.0,-1.0,-1.0,0.0,0.0,0.0,0.0
1791578106.5,2544000.2,113.5,79.0,6.5,0.0,175.0,0.0,89.97,90.41,0.0,334.46,0.0,1213.412921,100145.0,0.99,76.8,-598435.3,300820.8,0.9948,0.097,551.6,-0.09721,-74.55767,0.0,0,-1.0,-1.0,-1.0,-1.0,-1.0,0.0,0.0,0.0,0.0
1791578107.0,2544000.7,114.0,79.0,6.5,0.0,175.0,0.0,89.97,90.41,0.0,334.45,0.0,1213.412921,100145.0,0.99,76.8,-598435.3,300820.8,0.9948,0.097,551.6,-0.09721,-74.55767,0.0,0,-1.0,-1.0,-1.0,-1.0,-1.0,0.0,0.0,0.0,0.0
1791578107.5,2544001.2,114.5,79.0,6.5,0.0,175.0,0.0,89.96,90.41,0.0,334.45,0.0,1213.412921,100145.0,0.99,76.8,-598435.3,300820.8,0.9948,0.097,551.6,-0.09721,-74.55767,0.0,0,-1.0,-1.0,-1.0,-1.0,-1.0,0.0,0.0,0.0,0.0
1791578108.0,2544001.7,115.0,79.0,6.5,0.0,175.0,0.0,89.97,90.41,0.0,334.44,0.0,1213.412921,100145.0,0.99,76.8,-598435.3,300820.8,0.9948,0.097,551.6,-0.09721,-74.55767,0.0,0,-1.0,-1.0,-1.0,-1.0,-1.0,0.0,0.0,0.0,0.0
1791578108.51,2544002.2,115.5,79.0,6.5,0.0,175.0,0.0,89.97,90.41,0.0,334.43,0.0,1213.412921,100145.0,0.99,76.8,-598435.3,300820.8,0.9948,0.097,551.6,-0.09721,-74.55767,0.0,0,-1.0,-1.0,-1.0,-1.0,-1.0,0.0,0.0,0.0,0.0
1791578109.01,2544002.7,116.0,79.0,6.5,0.0,175.0,0.0,89.96,90.41,0.0,334.42,0.0,1213.412921,100145.0,0.99,76.8,-598435.3,300820.8,0.9948,0.097,551.6,-0.09721,-74.55767,0.0,0,-1.0,-1.0,-1.0,-1.0,-1.0,0.0,0.0,0.0,0.0
1791578109.51,2544003.3,116.5,79.0,6.5,0.0,175.0,0.0,89.97,90.41,0.0,334.41,0.0,1213.412921,100145.0,0.99,76.8,-598435.3,300820.8,0.9948,0.097,551.6,-0.09721,-74.55767,0.0,0,-1.0,-1.0,-1.0,-1.0,-1.0,0.0,0.0,0.0,0.0
1791578110.01,2544003.8,117.0,79.0,6.5,0.0,175.0,0.0,89.96,90.41,0.0,334.4,0.0,1213.412921,100145.0,0.99,76.8,-598435.3,300820.8,0.9948,0.097,551.6,-0.09721,-74.55767,0.0,0,-1.0,-1.0,-1.0,-1.0,-1.0,0.0,0.0,0.0,0.0
1791578110.52,2544004.3,117.5,79.0,6.5,0.0,175.0,0.0,89.96,90.41,0.0,334.4,0.0,1213.412921,100145.0,0.99,76.8,-598435.3,300820.8,0.9948,0.097,551.6,-0.09721,-74.55767,0.0,0,-1.0,-1.0,-1.0,-1.0,-1.0,0.0,0.0,0.0,0.0
1791578111.02,2544004.8,118.0,79.0,6.5,0.0,175.0,0.0,89.96,90.41,0.0,334.39,0.0,1213.412921,100145.0,0.99,76.8,-598435.3,300820.8,0.9948,0.097,551.6,-0.09721,-74.55767,0.0,0,-1.0,-1.0,-1.0,-1.0,-1.0,0.0,0.0,0.0,0.0
1791578111.52,2544005.3,118.5,79.0,6.5,0.0,175.0,0.0,89.96,90.41,0.0,334.38,0.0,1213.412921,100145.0,0.99,76.8,-598435.3,300820.8,0.9948,0.097,551.6,-0.09721,-74.55767,0.0,0,-1.0,-1.0,-1.0,-1.0,-1.0,0.0,0.0,0.0,0.0
1791578112.02,2544005.8,119.0,79.0,6.5,0.0,175.0,0.0,89.97,90.41,0.0,334.37,0.0,1213.412921,100145.0,0.99,76.8,-598435.3,300820.8,0.9948,0.097,551.6,-0.09721,-74.55767,0.0,0,-1.0,-1.0,-1.0,-1.0,-1.0,0.0,0.0,0.0,0.0
1791578112.52,2544006.3,119.5,79.0,6.5,0.0,175.0,0.0,89.97,90.41,0.0,334.36,0.0,1213.412921,100145.0,0.99,76.8,-598435.3,300820.8,0.9948,0.097,551.6,-0.09721,-74.55767,0.0,0,-1.0,-1.0,-1.0,-1.0,-1.0,0.0,0.0,0.0,0.0
1791578113.02,2544006.8,120.0,79.0,6.5,0.0,175.0,0.0,89.96,90.41,0.0,334.35,0.0,1213.412921,100145.0,0.99,76.8,-598435.3,300820.8,0.9948,0.097,551.6,-0.09721,-74.55767,0.0,0,-1.0,-1.0,-1.0,-1.0,-1.0,0.0,0.0,0.0,0.0
1791578113.53,2544007.3,120.5,79.0,6.5,0.0,175.0,0.0,89.96,90.41,0.0,334.35,0.0,1213.412921,100145.0,0.99,76.8,-598435.3,300820.8,0.9948,0.097,551.6,-0.09721,-74.55767,0.0,0,-1.0,-1.0,-1.0,-1.0,-1.0,0.0,0.0,0.0,0.0
1791578114.03,2544007.8,121.0,79.0,6.5,0.0,175.0,0.0,89.96,90.41,0.0,334.34,0.0,1213.412921,100145.0,0.99,76.8,-598435.3,300820.8,0.9948,0.097,551.6,-0.09721,-74.55767,0.0,0,-1.0,-1.0,-1.0,-1.0,-1.0,0.0,0.0,0.0,0.0
1791578114.53,2544008.3,121.5,79.0,6.5,0.0,175.0,0.0,89.97,90.41,0.0,334.33,0.0,1213.412921,100145.0,0.99,76.8,-598435.3,300820.8,0.9948,0.097,551.6,-0.09721,-74.55767,0.0,0,-1.0,-1.0,-1.0,-1.0,-1.0,0.0,0.0,0.0,0.0
1791578115.04,2544008.8,122.0,79.0,6.5,0.0,175.0,0.0,89.96,90.41,0.0,334.32,0.0,1213.412921,100145.0,0.99,76.8,-598435.3,300820.8,0.9948,0.097,551.6,-0.09721,-74.55767,0.0,0,-1.0,-1.0,-1.0,-1.0,-1.0,0.0,0.0,0.0,0.0
1791578115.56,2544009.2,122.5,79.0,6.5,0.0,175.0,0.0,89.96,90.41,0.0,334.31,0.0,1213.412921,100145.0,0.99,76.8,-598435.3,300820.8,0.9948,0.097,551.6,-0.09721,-74.55767,0.0,0,-1.0,-1.0,-1.0,-1.0,-1.0,0.0,0.0,0.0,0.0
1791578116.07,2544009.7,123.0,79.0,6.5,0.0,175.0,0.0,89.98,90.41,0.0,334.3,0.0,1213.412921,100145.0,0.99,76.8,-598435.3,300820.8,0.9948,0.097,551.6,-0.09721,-74.55767,0.0,0,-1.0,-1.0,-1.0,-1.0,-1.0,0.0,0.0,0.0,0.0
1791578116.57,2544010.2,123.5,79.0,6.5,0.0,175.0,0.0,89.96,90.41,0.0,334.3,0.0,1213.412921,100145.0,0.99,76.8,-598435.3,300820.8,0.9948,0.097,551.6,-0.09721,-74.55767,0.0,0,-1.0,-1.0,-1.0,-1.0,-1.0,0.0,0.0,0.0,0.0
1791578117.07,2544010.7,124.0,79.0,6.5,0.0,175.0,0.0,89.96,90.41,0.0,334.29,0.0,1213.412921,100145.0,0.99,76.8,-598435.3,300820.8,0.9948,0.097,551.6,-0.09721,-74.55767,0.0,0,-1.0,-1.0,-1.0,-1.0,-1.0,0.0,0.0,0.0,0.0
1791578117.57,2544011.2,124.5,79.0,6.5,0.0,175.0,0.0,89.96,90.41,0.0,334.28,0.0,1213.412921,100145.0,0.99,76.8,-598435.3,300820.8,0.9948,0.097,551.6,-0.09721,-74.55767,0.0,0,-1.0,-1.0,-1.0,-1.0,-1.0,0.0,0.0,0.0,0.0
1791578118.07,2544011.7,125.0,79.0,6.5,0.0,175.0,0.0,89.97,90.41,0.0,334.27,0.0,1213.412921,100145.0,0.99,76.8,-598435.3,300820.8,0.9948,0.097,551.6,-0.09721,-74.55767,0.0,0,-1.0,-1.0,-1.0,-1.0,-1.0,0.0,0.0,0.0,0.0
1791578118.57,2544012.2,125.5,79.0,6.5,0.0,175.0,0.0,89.96,90.41,0.0,334.26,0.0,1213.412921,100145.0,0.99,76.8,-598435.3,300820.8,0.9948,0.097,551.6,-0.09721,-74.55767,0.0,0,-1.0,-1.0,-1.0,-1.0,-1.0,0.0,0.0,0.0,0.0
1791578119.07,2544012.7,126.0,79.0,6.5,0.0,175.0,0.0,89.98,90.41,0.0,334.25,0.0,1213.412921,100145.0,0.99,76.8,-598435.3,300820.8,0.9948,0.097,551.6,-0.09721,-74.55767,0.0,0,-1.0,-1.0,-1.0,-1.0,-1.0,0.0,0.0,0.0,0.0
1791578119.58,2544013.2,126.5,79.0,6.5,0.0,175.0,0.0,89.96,90.41,0.0,334.25,0.0,1213.412921,100145.0,0.99,76.8,-598435.3,300820.8,0.9948,0.097,551.6,-0.09721,-74.55767,0.0,0,-1.0,-1.0,-1.0,-1.0,-1.0,0.0,0.0,0.0,0.0
1791578120.08,2544013.7,127.0,79.0,6.5,0.0,175.0,0.0,89.96,90.41,0.0,334.24,0.0,1213.412921,100145.0,0.99,76.8,-598435.3,300820.8,0.9948,0.097,551.6,-0.09721,-74.55767,0.0,0,-1.0,-1.0,-1.0,-1.0,-1.0,0.0,0.0,0.0,0.0
1791578120.58,2544014.3,127.5,79.0,6.5,0.0,175.0,0.0,89.97,90.41,0.0,334.23,0.0,1213.412921,100145.0,0.99,76.8,-598435.3,300820.8,0.9948,0.097,551.6,-0.09721,-74.55767,0.0,0,-1.0,-1.0,-1.0,-1.0,-1.0,0.0,0.0,0.0,0.0
1791578121.09,2544014.8,128.0,79.0,6.5,0.0,175.0,0.0,89.97,90.41,0.0,334.22,0.0,1213.412921,100145.0,0.99,76.8,-598435.3,300820.8,0.9948,0.097,551.6,-0.09721,-74.55767,0.0,0,-1.0,-1.0,-1.0,-1.0,-1.0,0.0,0.0,0.0,0.0
1791578121.59,2544015.3,128.5,79.0,6.5,0.0,175.0,0.0,89.97,90.41,0.0,334.21,0.0,1213.412921,100145.0,0.99,76.8,-598435.3,300820.8,0.9948,0.097,551.6,-0.09721,-74.55767,0.0,0,-1.0,-1.0,-1.0,-1.0,-1.0,0.0,0.0,0.0,0.0
1791578122.09,2544015.8,129.0,79.0,6.5,0.0,175.0,0.0,89.96,90.41,0.0,334.2,0.0,1213.412921,100145.0,0.99,76.8,-598435.3,300820.8,0.9948,0.097,551.6,-0.09721,-74.55767,0.0,0,-1.0,-1.0,-1.0,-1.0,-1.0,0.0,0.0,0.0,0.0
1791578122.59,2544016.3,129.5,79.0,6.5,0.0,175.0,0.0,89.96,90.41,0.0,334.2,0.0,1213.412921,100145.0,0.99,76.8,-598435.3,300820.8,0.9948,0.097,551.6,-0.09721,-74.55767,0.0,0,-1.0,-1.0,-1.0,-1.0,-1.0,0.0,0.0,0.0,0.0
1791578123.09,2544016.8,130.0,79.0,6.5,0.0,175.0,0.0,89.97,90.41,0.0,334.19,0.0,1213.412921,100145.0,0.99,76.8,-598435.3,300820.8,0.9948,0.097,551.6,-0.09721,-74.55767,0.0,0,-1.0,-1.0,-1.0,-1.0,-1.0,0.0,0.0,0.0,0.0
1791578123.6,2544017.3,130.5,79.0,6.5,0.0,175.0,0.0,89.96,90.41,0.0,334.18,0.0,1213.412921,100145.0,0.99,76.8,-598435.3,300820.8,0.9948,0.097,551.6,-0.09721,-74.55767,0.0,0,-1.0,-1.0,-1.0,-1.0,-1.0,0.0,0.0,0.0,0.0
1791578124.1,2544017.8,131.0,79.0,6.5,0.0,175.0,0.0,89.96,90.41,0.0,334.17,0.0,1213.412921,100145.0,0.99,76.8,-598435.3,300820.8,0.9948,0.097,551.6,-0.09721,-74.55767,0.0,0,-1.0,-1.0,-1.0,-1.0,-1.0,0.0,0.0,0.0,0.0
1791578124.6,2544018.3,131.6,79.0,6.5,0.0,175.0,0.0,89.96,90.41,0.0,334.16,0.0,1213.412921,100145.0,0.99,76.8,-598435.3,300820.8,0.9948,0.097,551.6,-0.09721,-74.55767,0.0,0,-1.0,-1.0,-1.0,-1.0,-1.0,0.0,0.0,0.0,0.0
1791578125.1,2544018.8,132.1,79.0,6.5,0.0,175.0,0.0,89.96,90.41,0.0,334.15,0.0,1213.412921,100145.0,0.99,76.8,-598435.3,300820.8,0.9948,0.097,551.6,-0.09721,-74.55767,0.0,0,-1.0,-1.0,-1.0,-1.0,-1.0,0.0,0.0,0.0,0.0
1791578125.61,2544019.3,132.6,79.0,6.5,0.0,175.0,0.0,89.97,90.41,0.0,334.15,0.0,1213.412921,100145.0,0.99,76.8,-598435.3,300820.8,0.9948,0.097,551.6,-0.09721,-74.55767,0.0,0,-1.0,-1.0,-1.0,-1.0,-1.0,0.0,0.0,0.0,0.0
1791578126.11,2544019.8,133.1,79.0,6.5,0.0,175.0,0.0,89.98,90.41,0.0,334.14,0.0,1213.412921,100145.0,0.99,76.8,-598435.3,300820.8,0.9948,0.097,551.6,-0.09721,-74.55767,0.0,0,-1.0,-1.0,-1.0,-1.0,-1.0,0.0,0.0,0.0,0.0
1791578126.62,2544020.3,133.6,79.0,6.5,0.0,175.0,0.0,89.96,90.41,0.0,334.13,0.0,1213.412921,100145.0,0.99,76.8,-598435.3,300820.8,0.9948,0.097,551.6,-0.09721,-74.55767,0.0,0,-1.0,-1.0,-1.0,-1.0,-1.0,0.0,0.0,0.0,0.0
1791578127.12,2544020.7,134.1,79.0,6.5,0.0,175.0,0.0,89.96,90.41,0.0,334.12,0.0,1213.412921,100145.0,0.99,76.8,-598435.3,300820.8,0.9948,0.097,551.6,-0.09721,-74.55767,0.0,0,-1.0,-1.0,-1.0,-1.0,-1.0,0.0,0.0,0.0,0.0
1791578127.62,2544021.2,134.6,79.0,6.5,0.0,175.0,0.0,89.96,90.41,0.0,334.11,0.0,1213.412921,100145.0,0.99,76.8,-598435.3,300820.8,0.9948,0.097,551.6,-0.09721,-74.55767,0.0,0,-1.0,-1.0,-1.0,-1.0,-1.0,0.0,0.0,0.0,0.0
1791578128.12,2544021.7,135.1,79.0,6.5,0.0,175.0,0.0,89.97,90.41,0.0,334.1,0.0,1213.412921,100145.0,0.99,76.8,-598435.3,300820.8,0.9948,0.097,551.6,-0.09721,-74.55767,0.0,0,-1.0,-1.0,-1.0,-1.0,-1.0,0.0,0.0,0.0,0.0
1791578128.62,2544022.2,135.6,79.0,6.5,0.0,175.0,0.0,89.97,90.41,0.0,334.1,0.0,1213.412921,100145.0,0.99,76.8,-598435.3,300820.8,0.9948,0.097,551.6,-0.09721,-74.55767,0.0,0,-1.0,-1.0,-1.0,-1.0,-1.0,0.0,0.0,0.0,0.0
1791578129.13,2544022.7,136.1,79.0,6.5,0.0,175.0,0.0,89.97,90.41,0.0,334.09,0.0,1213.412921,100145.0,0.99,76.8,-598435.3,300820.8,0.9948,0.097,551.6,-0.09721,-74.55767,0.0,0,-1.0,-1.0,-1.0,-1.0,-1.0,0.0,0.0,0.0,0.0
1791578129.63,2544023.2,136.6,79.0,6.5,0.0,175.0,0.0,89.97,90.41,0.0,334.08,0.0,1213.412921,100145.0,0.99,76.8,-598435.3,300820.8,0.9948,0.097,551.6,-0.09721,-74.55767,0.0,0,-1.0,-1.0,-1.0,-1.0,-1.0,0.0,0.0,0.0,0.0
1791578130.13,2544023.7,137.1,79.0,6.5,0.0,175.0,0.0,89.97,90.41,0.0,334.07,0.0,1213.412921,100145.0,0.99,76.8,-598435.3,300820.8,0.9948,0.097,551.6,-0.09721,-74.55767,0.0,0,-1.0,-1.0,-1.0,-1.0,-1.0,0.0,0.0,0.0,0.0
1791578130.63,2544024.2,137.6,79.0,6.5,0.0,175.0,0.0,89.96,90.41,0.0,334.06,0.0,1213.412921,100145.0,0.99,76.8,-598435.3,300820.8,0.9948,0.097,551.6,-0.09721,-74.55767,0.0,0,-1.0,-1.0,-1.0,-1.0,-1.0,0.0,0.0,0.0,0.0
1791578131.14,2544024.7,138.1,79.0,6.5,0.0,175.0,0.0,89.97,90.41,0.0,334.05,0.0,1213.412921,100145.0,0.99,76.8,-598435.3,300820.8,0.9948,0.097,551.6,-0.09721,-74.55767,0.0,0,-1.0,-1.0,-1.0,-1.0,-1.0,0.0,0.0,0.0,0.0
1791578131.64,2544025.2,138.6,79.0,6.5,0.0,175.0,0.0,89.96,90.41,0.0,334.05,0.0,1213.412921,100145.0,0.99,76.8,-598435.3,300820.8,0.9948,0.097,551.6,-0.09721,-74.55767,0.0,0,-1.0,-1.0,-1.0,-1.0,-1.0,0.0,0.0,0.0,0.0
1791578132.14,2544025.7,139.1,79.0,6.5,0.0,175.0,0.0,89.97,90.41,0.0,334.04,0.0,1213.412921,100145.0,0.99,76.8,-598435.3,300820.8,0.9948,0.097,551.6,-0.09721,-74.55767,0.0,0,-1.0,-1.0,-1.0,-1.0,-1.0,0.0,0.0,0.0,0.0
1791578132.64,2544026.2,139.6,79.0,6.5,0.0,175.0,0.0,89.97,90.41,0.0,334.03,0.0,1213.412921,100145.0,0.99,76.8,-598435.3,300820.8,0.9948,0.097,551.6,-0.09721,-74.55767,0.0,0,-1.0,-1.0,-1.0,-1.0,-1.0,0.0,0.0,0.0,0.0
1791578133.14,2544026.7,140.1,79.0,6.5,0.0,175.0,0.0,89.97,90.41,0.0,334.02,0.0,1213.412921,100145.0,0.99,76.8,-598435.3,300820.8,0.9948,0.097,551.6,-0.09721,-74.55767,0.0,0,-1.0,-1.0,-1.0,-1.0,-1.0,0.0,0.0,0.0,0.0
1791578133.65,2544027.3,140.6,79.0,6.5,0.0,175.0,0.0,89.97,90.41,0.0,334.01,0.0,1213.412921,100145.0,0.99,76.8,-598435.3,300820.8,0.9948,0.097,551.6,-0.09721,-74.55767,0.0,0,-1.0,-1.0,-1.0,-1.0,-1.0,0.0,0.0,0.0,0.0
1791578134.15,2544027.8,141.1,79.0,6.5,0.0,175.0,0.0,89.97,90.41,0.0,334.0,0.0,1213.412921,100145.0,0.99,76.8,-598435.3,300820.8,0.9948,0.097,551.6,-0.09721,-74.55767,0.0,0,-1.0,-1.0,-1.0,-1.0,-1.0,0.0,0.0,0.0,0.0
1791578134.65,2544028.3,141.6,79.0,6.5,0.0,175.0,0.0,89.96,90.41,0.0,334.0,0.0,1213.412921,100145.0,0.99,76.8,-598435.3,300820.8,0.9948,0.097,551.6,-0.09721,-74.55767,0.0,0,-1.0,-1.0,-1.0,-1.0,-1.0,0.0,0.0,0.0,0.0
1791578135.15,2544028.8,142.1,79.0,6.5,0.0,175.0,0.0,89.97,90.41,0.0,333.99,0.0,1213.412921,100145.0,0.99,76.8,-598435.3,300820.8,0.9948,0.097,551.6,-0.09721,-74.55767,0.0,0,-1.0,-1.0,-1.0,-1.0,-1.0,0.0,0.0,0.0,0.0
1791578135.65,2544029.3,142.6,79.0,6.5,0.0,175.0,0.0,89.96,90.41,0.0,333.98,0.0,1213.412921,100145.0,0.99,76.8,-598435.3,300820.8,0.9948,0.097,551.6,-0.09721,-74.55767,0.0,0,-1.0,-1.0,-1.0,-1.0,-1.0,0.0,0.0,0.0,0.0
1791578136.16,2544029.8,143.1,79.0,6.5,0.0,175.0,0.0,89.96,90.41,0.0,333.97,0.0,1213.412921,100145.0,0.99,76.8,-598435.3,300820.8,0.9948,0.097,551.6,-0.09721,-74.55767,0.0,0,-1.0,-1.0,-1.0,-1.0,-1.0,0.0,0.0,0.0,0.0
1791578136.66,2544030.3,143.6,79.0,6.5,0.0,175.0,0.0,89.96,90.41,0.0,333.96,0.0,1213.412921,100145.0,0.99,76.8,-598435.3,300820.8,0.9948,0.097,551.6,-0.09721,-74.55767,0.0,0,-1.0,-1.0,-1.0,-1.0,-1.0,0.0,0.0,0.0,0.0
1791578137.16,2544030.8,144.1,79.0,6.5,0.0,175.0,0.0,89.96,90.41,0.0,333.95,0.0,1213.412921,100145.0,0.99,76.8,-598435.3,300820.8,0.9948,0.097,551.6,-0.09721,-74.55767,0.0,0,-1.0,-1.0,-1.0,-1.0,-1.0,0.0,0.0,0.0,0.0
1791578137.66,2544031.3,144.6,79.0,6.5,0.0,175.0,0.0,89.96,90.41,0.0,333.95,0.0,1213.412921,100145.0,0.99,76.8,-598435.3,300820.8,0.9948,0.097,551.6,-0.09721,-74.55767,0.0,0,-1.0,-1.0,-1.0,-1.0,-1.0,0.0,0.0,0.0,0.0
1791578138.16,2544031.8,145.1,79.0,6.5,0.0,175.0,0.0,89.96,90.41,0.0,333.94,0.0,1213.412921,100145.0,0.99,76.8,-598435.3,300820.8,0.9948,0.097,551.6,-0.09721,-74.55767,0.0,0,-1.0,-1.0,-1.0,-1.0,-1.0,0.0,0.0,0.0,0.0
1791578138.68,2544032.2,145.6,79.0,6.5,0.0,175.0,0.0,89.96,90.41,0.0,333.93,0.0,1213.412921,100145.0,0.99,76.8,-598435.3,300820.8,0.9948,0.097,551.6,-0.09721,-74.55767,0.0,0,-1.0,-1.0,-1.0,-1.0,-1.0,0.0,0.0,0.0,0.0
1791578139.19,2544032.7,146.1,79.0,6.5,0.0,175.0,0.0,89.96,90.41,0.0,333.92,0.0,1213.412921,100145.0,0.99,76.8,-598435.3,300820.8,0.9948,0.097,551.6,-0.09721,-74.55767,0.0,0,-1.0,-1.0,-1.0,-1.0,-1.0,0.0,0.0,0.0,0.0
1791578139.69,2544033.2,146.6,79.0,6.5,0.0,175.0,0.0,89.96,90.41,0.0,333.91,0.0,1213.412921,100145.0,0.99,76.8,-598435.3,300820.8,0.9948,0.097,551.6,-0.09721,-74.55767,0.0,0,-1.0,-1.0,-1.0,-1.0,-1.0,0.0,0.0,0.0,0.0
1791578140.19,2544033.7,147.1,79.0,6.5,0.0,175.0,0.0,89.96,90.41,0.0,333.9,0.0,1213.412921,100145.0,0.99,76.8,-598435.3,300820.8,0.9948,0.097,551.6,-0.09721,-74.55767,0.0,0,-1.0,-1.0,-1.0,-1.0,-1.0,0.0,0.0,0.0,0.0
1791578140.69,2544034.2,147.6,79.0,6.5,0.0,175.0,0.0,89.96,90.41,0.0,333.9,0.0,1213.412921,100145.0,0.99,76.8,-598435.3,300820.8,0.9948,0.097,551.6,-0.09721,-74.55767,0.0,0,-1.0,-1.0,-1.0,-1.0,-1.0,0.0,0.0,0.0,0.0
1791578141.2,2544034.7,148.1,79.0,6.5,0.0,175.0,0.0,89.96,90.41,0.0,333.89,0.0,1213.412921,100145.0,0.99,76.8,-598435.3,300820.8,0.9948,0.097,551.6,-0.09721,-74.55767,0.0,0,-1.0,-1.0,-1.0,-1.0,-1.0,0.0,0.0,0.0,0.0
1791578141.7,2544035.2,148.6,79.0,6.5,0.0,175.0,0.0,89.97,90.41,0.0,333.88,0.0,1213.412921,100145.0,0.99,76.8,-598435.3,300820.8,0.9948,0.097,551.6,-0.09721,-74.55767,0.0,0,-1.0,-1.0,-1.0,-1.0,-1.0,0.0,0.0,0.0,0.0
1791578142.2,2544035.7,149.2,79.0,6.5,0.0,175.0,0.0,89.96,90.41,0.0,333.87,0.0,1213.412921,100145.0,0.99,76.8,-598435.3,300820.8,0.9948,0.097,551.6,-0.09721,-74.55767,0.0,0,-1.0,-1.0,-1.0,-1.0,-1.0,0.0,0.0,0.0,0.0
1791578142.7,2544036.2,149.7,79.0,6.5,0.0,175.0,0.0,89.96,90.41,0.0,333.86,0.0,1213.412921,100145.0,0.99,76.8,-598435.3,300820.8,0.9948,0.097,551.6,-0.09721,-74.55767,0.0,0,-1.0,-1.0,-1.0,-1.0,-1.0,0.0,0.0,0.0,0.0
1791578143.2,2544036.7,150.2,79.0,6.5,0.0,175.0,0.0,89.96,90.41,0.0,333.85,0.0,1213.412921,100145.0,0.99,76.8,-598435.3,300820.8,0.9948,0.097,551.6,-0.09721,-74.55767,0.0,0,-1.0,-1.0,-1.0,-1.0,-1.0,0.0,0.0,0.0,0.0
1791578143.7,2544037.2,150.7,79.0,6.5,0.0,175.0,0.0,89.96,90.41,0.0,333.85,0.0,1213.412921,100145.0,0.99,76.8,-598435.3,300820.8,0.9948,0.097,551.6,-0.09721,-74.55767,0.0,0,-1.0,-1.0,-1.0,-1.0,-1.0,0.0,0.0,0.0,0.0
1791578144.21,2544037.7,151.2,79.0,6.5,0.0,175.0,0.0,89.96,90.41,0.0,333.84,0.0,1213.412921,100145.0,0.99,76.8,-598435.3,300820.8,0.9948,0.097,551.6,-0.09721,-74.55767,0.0,0,-1.0,-1.0,-1.0,-1.0,-1.0,0.0,0.0,0.0,0.0
1791578144.71,2544038.2,151.7,79.0,6.5,0.0,175.0,0.0,89.95,90.41,0.0,333.83,0.0,1213.412921,100145.0,0.99,76.8,-598435.3,300820.8,0.9948,0.097,551.6,-0.09721,-74.55767,0.0,0,-1.0,-1.0,-1.0,-1.0,-1.0,0.0,0.0,0.0,0.0
1791578145.21,2544038.8,152.2,79.0,6.5,0.0,175.0,0.0,89.96,90.41,0.0,333.82,0.0,1213.412921,100145.0,0.99,76.8,-598435.3,300820.8,0.9948,0.097,551.6,-0.09721,-74.55767,0.0,0,-1.0,-1.0,-1.0,-1.0,-1.0,0.0,0.0,0.0,0.0
1791578145.71,2544039.3,152.7,79.0,6.5,0.0,175.0,0.0,89.96,90.41,0.0,333.81,0.0,1213.412921,100145.0,0.99,76.8,-598435.3,300820.8,0.9948,0.097,551.6,-0.09721,-74.55767,0.0,0,-1.0,-1.0,-1.0,-1.0,-1.0,0.0,0.0,0.0,0.0
1791578146.22,2544039.8,153.2,79.0,6.5,0.0,175.0,0.0,89.96,90.41,0.0,333.8,0.0,1213.412921,100145.0,0.99,76.8,-598435.3,300820.8,0.9948,0.097,551.6,-0.09721,-74.55767,0.0,0,-1.0,-1.0,-1.0,-1.0,-1.0,0.0,0.0,0.0,0.0
1791578146.72,2544040.3,153.7,79.0,6.5,0.0,175.0,0.0,89.95,90.41,0.0,333.8,0.0,1213.412921,100145.0,0.99,76.8,-598435.3,300820.8,0.9948,0.097,551.6,-0.09721,-74.55767,0.0,0,-1.0,-1.0,-1.0,-1.0,-1.0,0.0,0.0,0.0,0.0
1791578147.22,2544040.8,154.2,79.0,6.5,0.0,175.0,0.0,89.97,90.41,0.0,333.79,0.0,1213.412921,100145.0,0.99,76.8,-598435.3,300820.8,0.9948,0.097,551.6,-0.09721,-74.55767,0.0,0,-1.0,-1.0,-1.0,-1.0,-1.0,0.0,0.0,0.0,0.0
1791578147.72,2544041.2,154.7,79.0,6.5,0.0,175.0,0.0,89.97,90.41,0.0,333.78,0.0,1213.412921,100145.0,0.99,76.8,-598435.3,300820.8,0.9948,0.097,551.6,-0.09721,-74.55767,0.0,0,-1.0,-1.0,-1.0,-1.0,-1.0,0.0,0.0,0.0,0.0
1791578148.22,2544041.7,155.2,79.0,6.5,0.0,175.0,0.0,89.97,90.41,0.0,333.77,0.0,1213.412921,100145.0,0.99,76.8,-598435.3,300820.8,0.9948,0.097,551.6,-0.09721,-74.55767,0.0,0,-1.0,-1.0,-1.0,-1.0,-1.0,0.0,0.0,0.0,0.0
1791578148.73,2544042.2,155.7,79.0,6.5,0.0,175.0,0.0,89.97,90.41,0.0,333.76,0.0,1213.412921,100145.0,0.99,76.8,-598435.3,300820.8,0.9948,0.097,551.6,-0.09721,-74.55767,0.0,0,-1.0,-1.0,-1.0,-1.0,-1.0,0.0,0.0,0.0,0.0
1791578149.23,2544042.7,156.2,79.0,6.5,0.0,175.0,0.0,89.97,90.41,0.0,333.75,0.0,1213.412921,100145.0,0.99,76.8,-598435.3,300820.8,0.9948,0.097,551.6,-0.09721,-74.55767,0.0,0,-1.0,-1.0,-1.0,-1.0,-1.0,0.0,0.0,0.0,0.0
1791578149.79,2544043.2,156.7,79.0,6.5,0.0,175.0,0.0,89.97,90.41,0.0,333.75,0.0,1213.412921,100145.0,0.99,76.8,-598435.3,300820.8,0.9948,0.097,551.6,-0.09721,-74.55767,0.0,0,-1.0,-1.0,-1.0,-1.0,-1.0,0.0,0.0,0.0,0.0
1791578150.29,2544043.8,157.2,79.0,6.5,0.0,175.0,0.0,89.96,90.41,0.0,333.74,0.0,1213.412921,100145.0,0.99,76.8,-598435.3,300820.8,0.9948,0.097,551.6,-0.09721,-74.55767,0.0,0,-1.0,-1.0,-1.0,-1.0,-1.0,0.0,0.0,0.0,0.0
1791578150.79,2544044.3,157.7,79.0,6.5,0.0,175.0,0.0,89.96,90.41,0.0,333.73,0.0,1213.412921,100145.0,0.99,76.8,-598435.3,300820.8,0.9948,0.097,551.6,-0.09721,-74.55767,0.0,0,-1.0,-1.0,-1.0,-1.0,-1.0,0.0,0.0,0.0,0.0
1791578151.3,2544044.7,158.2,79.0,6.5,0.0,175.0,0.0,89.96,90.41,0.0,333.72,0.0,1213.412921,100145.0,0.99,76.8,-598435.3,300820.8,0.9948,0.097,551.6,-0.09721,-74.55767,0.0,0,-1.0,-1.0,-1.0,-1.0,-1.0,0.0,0.0,0.0,0.0
1791578151.8,2544045.3,158.8,79.0,6.5,0.0,175.0,0.0,89.96,90.41,0.0,333.71,0.0,1213.412921,100145.0,0.99,76.8,-598435.3,300820.8,0.9948,0.097,551.6,-0.09721,-74.55767,0.0,0,-1.0,-1.0,-1.0,-1.0,-1.0,0.0,0.0,0.0,0.0
1791578152.3,2544045.8,159.3,79.0,6.5,0.0,175.0,0.0,89.96,90.41,0.0,333.7,0.0,1213.412921,100145.0,0.99,76.8,-598435.3,300820.8,0.9948,0.097,551.6,-0.09721,-74.55767,0.0,0,-1.0,-1.0,-1.0,-1.0,-1.0,0.0,0.0,0.0,0.0
1791578152.8,2544046.3,159.8,79.0,6.5,0.0,175.0,0.0,89.97,90.41,0.0,333.7,0.0,1213.412921,100145.0,0.99,76.8,-598435.3,300820.8,0.9948,0.097,551.6,-0.09721,-74.55767,0.0,0,-1.0,-1.0,-1.0,-1.0,-1.0,0.0,0.0,0.0,0.0
1791578153.31,2544046.8,160.3,79.0,6.5,0.0,175.0,0.0,89.97,90.41,0.0,333.69,0.0,1213.412921,100145.0,0.99,76.8,-598435.3,300820.8,0.9948,0.097,551.6,-0.09721,-74.55767,0.0,0,-1.0,-1.0,-1.0,-1.0,-1.0,0.0,0.0,0.0,0.0
1791578153.81,2544047.3,160.8,79.0,6.5,0.0,175.0,0.0,89.96,90.41,0.0,333.68,0.0,1213.412921,100145.0,0.99,76.8,-598435.3,300820.8,0.9948,0.097,551.6,-0.09721,-74.55767,0.0,0,-1.0,-1.0,-1.0,-1.0,-1.0,0.0,0.0,0.0,0.0
1791578154.32,2544047.8,161.3,79.0,6.5,0.0,175.0,0.0,89.97,90.41,0.0,333.67,0.0,1213.412921,100145.0,0.99,76.8,-598435.3,300820.8,0.9948,0.097,551.6,-0.09721,-74.55767,0.0,0,-1.0,-1.0,-1.0,-1.0,-1.0,0.0,0.0,0.0,0.0
1791578154.82,2544048.3,161.8,79.0,6.5,0.0,175.0,0.0,89.97,90.41,0.0,333.66,0.0,1213.412921,100145.0,0.99,76.8,-598435.3,300820.8,0.9948,0.097,551.6,-0.09721,-74.55767,0.0,0,-1.0,-1.0,-1.0,-1.0,-1.0,0.0,0.0,0.0,0.0
1791578155.33,2544048.8,162.3,79.0,6.5,0.0,175.0,0.0,89.97,90.41,0.0,333.65,0.0,1213.412921,100145.0,0.99,76.8,-598435.3,300820.8,0.9948,0.097,551.6,-0.09721,-74.55767,0.0,0,-1.0,-1.0,-1.0,-1.0,-1.0,0.0,0.0,0.0,0.0
1791578155.83,2544049.2,162.8,79.0,6.5,0.0,175.0,0.0,89.96,90.41,0.0,333.65,0.0,1213.412921,100145.0,0.99,76.8,-598435.3,300820.8,0.9948,0.097,551.6,-0.09721,-74.55767,0.0,0,-1.0,-1.0,-1.0,-1.0,-1.0,0.0,0.0,0.0,0.0
1791578156.33,2544049.7,163.3,79.0,6.5,0.0,175.0,0.0,89.97,90.41,0.0,333.64,0.0,1213.412921,100145.0,0.99,76.8,-598435.3,300820.8,0.9948,0.097,551.6,-0.09721,-74.55767,0.0,0,-1.0,-1.0,-1.0,-1.0,-1.0,0.0,0.0,0.0,0.0
1791578156.83,2544050.2,163.8,79.0,6.5,0.0,175.0,0.0,89.97,90.41,0.0,333.63,0.0,1213.412921,100145.0,0.99,76.8,-598435.3,300820.8,0.9948,0.097,551.6,-0.09721,-74.55767,0.0,0,-1.0,-1.0,-1.0,-1.0,-1.0,0.0,0.0,0.0,0.0
1791578157.34,2544050.7,164.3,79.0,6.5,0.0,175.0,0.0,89.96,90.41,0.0,333.62,0.0,1213.412921,100145.0,0.99,76.8,-598435.3,300820.8,0.9948,0.097,551.6,-0.09721,-74.55767,0.0,0,-1.0,-1.0,-1.0,-1.0,-1.0,0.0,0.0,0.0,0.0
1791578157.84,2544051.2,164.8,79.0,6.5,0.0,175.0,0.0,89.96,90.41,0.0,333.61,0.0,1213.412921,100145.0,0.99,76.8,-598435.3,300820.8,0.9948,0.097,551.6,-0.09721,-74.55767,0.0,0,-1.0,-1.0,-1.0,-1.0,-1.0,0.0,0.0,0.0,0.0
1791578158.34,2544051.7,165.3,79.0,6.5,0.0,175.0,0.0,89.97,90.41,0.0,333.6,0.0,1213.412921,100145.0,0.99,76.8,-598435.3,300820.8,0.9948,0.097,551.6,-0.09721,-74.55767,0.0,0,-1.0,-1.0,-1.0,-1.0,-1.0,0.0,0.0,0.0,0.0
1791578158.84,2544052.2,165.8,79.0,6.5,0.0,175.0,0.0,89.97,90.41,0.0,333.6,0.0,1213.412921,100145.0,0.99,76.8,-598435.3,300820.8,0.9948,0.097,551.6,-0.09721,-74.55767,0.0,0,-1.0,-1.0,-1.0,-1.0,-1.0,0.0,0.0,0.0,0.0
1791578159.34,2544052.7,166.3,79.0,6.5,0.0,175.0,0.0,89.97,90.41,0.0,333.59,0.0,1213.412921,100145.0,0.99,76.8,-598435.3,300820.8,0.9948,0.097,551.6,-0.09721,-74.55767,0.0,0,-1.0,-1.0,-1.0,-1.0,-1.0,0.0,0.0,0.0,0.0
1791578159.85,2544053.2,166.8,79.0,6.5,0.0,175.0,0.0,89.97,90.41,0.0,333.58,0.0,1213.412921,100145.0,0.99,76.8,-598435.3,300820.8,0.9948,0.097,551.6,-0.09721,-74.55767,0.0,0,-1.0,-1.0,-1.0,-1.0,-1.0,0.0,0.0,0.0,0.0
1791578160.35,2544053.7,167.3,79.0,6.5,0.0,175.0,0.0,89.96,90.41,0.0,333.57,0.0,1213.412921,100145.0,0.99,76.8,-598435.3,300820.8,0.9948,0.097,551.6,-0.09721,-74.55767,0.0,0,-1.0,-1.0,-1.0,-1.0,-1.0,0.0,0.0,0.0,0.0
1791578160.85,2544054.2,167.8,79.0,6.5,0.0,175.0,0.0,89.96,90.41,0.0,333.56,0.0,1213.412921,100145.0,0.99,76.8,-598435.3,300820.8,0.9948,0.097,551.6,-0.09721,-74.55767,0.0,0,-1.0,-1.0,-1.0,-1.0,-1.0,0.0,0.0,0.0,0.0
1791578161.35,2544054.7,168.3,79.0,6.5,0.0,175.0,0.0,89.96,90.41,0.0,333.55,0.0,1213.412921,100145.0,0.99,76.8,-598435.3,300820.8,0.9948,0.097,551.6,-0.09721,-74.55767,0.0,0,-1.0,-1.0,-1.0,-1.0,-1.0,0.0,0.0,0.0,0.0
1791578161.85,2544055.2,168.8,79.0,6.5,0.0,175.0,0.0,89.96,90.41,0.0,333.55,0.0,1213.412921,100145.0,0.99,76.8,-598435.3,300820.8,0.9948,0.097,551.6,-0.09721,-74.55767,0.0,0,-1.0,-1.0,-1.0,-1.0,-1.0,0.0,0.0,0.0,0.0
1791578162.35,2544055.7,169.3,79.0,6.5,0.0,175.0,0.0,89.97,90.41,0.0,333.54,0.0,1213.412921,100145.0,0.99,76.8,-598435.3,300820.8,0.9948,0.097,551.6,-0.09721,-74.55767,0.0,0,-1.0,-1.0,-1.0,-1.0,-1.0,0.0,0.0,0.0,0.0
1791578162.86,2544056.2,169.8,79.0,6.5,0.0,175.0,0.0,89.96,90.41,0.0,333.53,0.0,1213.412921,100145.0,0.99,76.8,-598435.3,300820.8,0.9948,0.097,551.6,-0.09721,-74.55767,0.0,0,-1.0,-1.0,-1.0,-1.0,-1.0,0.0,0.0,0.0,0.0
1791578163.36,2544056.7,170.3,79.0,6.5,0.0,175.0,0.0,89.97,90.41,0.0,333.52,0.0,1213.412921,100145.0,0.99,76.8,-598435.3,300820.8,0.9948,0.097,551.6,-0.09721,-74.55767,0.0,0,-1.0,-1.0,-1.0,-1.0,-1.0,0.0,0.0,0.0,0.0
1791578163.86,2544057.2,170.8,79.0,6.5,0.0,175.0,0.0,89.97,90.41,0.0,333.51,0.0,1213.412921,100145.0,0.99,76.8,-598435.3,300820.8,0.9948,0.097,551.6,-0.09721,-74.55767,0.0,0,-1.0,-1.0,-1.0,-1.0,-1.0,0.0,0.0,0.0,0.0
1791578164.36,2544057.7,171.3,79.0,6.5,0.0,175.0,0.0,89.97,90.41,0.0,333.5,0.0,1213.412921,100145.0,0.99,76.8,-598435.3,300820.8,0.9948,0.097,551.6,-0.09721,-74.55767,0.0,0,-1.0,-1.0,-1.0,-1.0,-1.0,0.0,0.0,0.0,0.0
1791578164.86,2544058.2,171.8,79.0,6.5,0.0,175.0,0.0,89.96,90.41,0.0,333.5,0.0,1213.412921,100145.0,0.99,76.8,-598435.3,300820.8,0.9948,0.097,551.6,-0.09721,-74.55767,0.0,0,-1.0,-1.0,-1.0,-1.0,-1.0,0.0,0.0,0.0,0.0
1791578165.37,2544058.7,172.3,79.0,6.5,0.0,175.0,0.0,89.95,90.41,0.0,333.49,0.0,1213.412921,100145.0,0.99,76.8,-598435.3,300820.8,0.9948,0.097,551.6,-0.09721,-74.55767,0.0,0,-1.0,-1.0,-1.0,-1.0,-1.0,0.0,0.0,0.0,0.0
1791578165.87,2544059.2,172.8,79.0,6.5,0.0,175.0,0.0,89.96,90.41,0.0,333.48,0.0,1213.412921,100145.0,0.99,76.8,-598435.3,300820.8,0.9948,0.097,551.6,-0.09721,-74.55767,0.0,0,-1.0,-1.0,-1.0,-1.0,-1.0,0.0,0.0,0.0,0.0
1791578166.37,2544059.7,173.3,79.0,6.5,0.0,175.0,0.0,89.97,90.41,0.0,333.47,0.0,1213.412921,100145.0,0.99,76.8,-598435.3,300820.8,0.9948,0.097,551.6,-0.09721,-74.55767,0.0,0,-1.0,-1.0,-1.0,-1.0,-1.0,0.0,0.0,0.0,0.0
1791578166.87,2544060.2,173.8,79.0,6.5,0.0,175.0,0.0,89.96,90.41,0.0,333.46,0.0,1213.412921,100145.0,0.99,76.8,-598435.3,300820.8,0.9948,0.097,551.6,-0.09721,-74.55767,0.0,0,-1.0,-1.0,-1.0,-1.0,-1.0,0.0,0.0,0.0,0.0
1791578167.37,2544060.7,174.3,79.0,6.5,0.0,175.0,0.0,89.97,90.41,0.0,333.45,0.0,1213.412921,100145.0,0.99,76.8,-598435.3,300820.8,0.9948,0.097,551.6,-0.09721,-74.55767,0.0,0,-1.0,-1.0,-1.0,-1.0,-1.0,0.0,0.0,0.0,0.0
1791578167.88,2544061.2,174.8,79.0,6.5,0.0,175.0,0.0,89.96,90.41,0.0,333.45,0.0,1213.412921,100145.0,0.99,76.8,-598435.3,300820.8,0.9948,0.097,551.6,-0.09721,-74.55767,0.0,0,-1.0,-1.0,-1.0,-1.0,-1.0,0.0,0.0,0.0,0.0
1791578168.38,2544061.7,175.3,79.0,6.5,0.0,175.0,0.0,89.97,90.41,0.0,333.44,0.0,1213.412921,100145.0,0.99,76.8,-598435.3,300820.8,0.9948,0.097,551.6,-0.09721,-74.55767,0.0,0,-1.0,-1.0,-1.0,-1.0,-1.0,0.0,0.0,0.0,0.0
1791578168.88,2544062.2,175.8,79.0,6.5,0.0,175.0,0.0,89.97,90.41,0.0,333.43,0.0,1213.412921,100145.0,0.99,76.8,-598435.3,300820.8,0.9948,0.097,551.6,-0.09721,-74.55767,0.0,0,-1.0,-1.0,-1.0,-1.0,-1.0,0.0,0.0,0.0,0.0
1791578169.38,2544062.7,176.3,79.0,6.5,0.0,175.0,0.0,89.96,90.41,0.0,333.42,0.0,1213.412921,100145.0,0.99,76.8,-598435.3,300820.8,0.9948,0.097,551.6,-0.09721,-74.55767,0.0,0,-1.0,-1.0,-1.0,-1.0,-1.0,0.0,0.0,0.0,0.0
1791578169.89,2544063.2,176.8,79.0,6.5,0.0,175.0,0.0,89.97,90.41,0.0,333.41,0.0,1213.412921,100145.0,0.99,76.8,-598435.3,300820.8,0.9948,0.097,551.6,-0.09721,-74.55767,0.0,0,-1.0,-1.0,-1.0,-1.0,-1.0,0.0,0.0,0.0,0.0
1791578170.39,2544063.7,177.3,79.0,6.5,0.0,175.0,0.0,89.96,90.41,0.0,333.4,0.0,1213.412921,100145.0,0.99,76.8,-598435.3,300820.8,0.9948,0.097,551.6,-0.09721,-74.55767,0.0,0,-1.0,-1.0,-1.0,-1.0,-1.0,0.0,0.0,0.0,0.0
1791578170.89,2544064.2,177.8,79.0,6.5,0.0,175.0,0.0,89.97,90.41,0.0,333.4,0.0,1213.412921,100145.0,0.99,76.8,-598435.3,300820.8,0.9948,0.097,551.6,-0.09721,-74.55767,0.0,0,-1.0,-1.0,-1.0,-1.0,-1.0,0.0,0.0,0.0,0.0
1791578171.39,2544064.7,178.3,79.0,6.5,0.0,175.0,0.0,89.97,90.41,0.0,333.39,0.0,1213.412921,100145.0,0.99,76.8,-598435.3,300820.8,0.9948,0.097,551.6,-0.09721,-74.55767,0.0,0,-1.0,-1.0,-1.0,-1.0,-1.0,0.0,0.0,0.0,0.0
1791578171.89,2544065.2,178.8,79.0,6.5,0.0,175.0,0.0,89.96,90.41,0.0,333.38,0.0,1213.412921,100145.0,0.99,76.8,-598435.3,300820.8,0.9948,0.097,551.6,-0.09721,-74.55767,0.0,0,-1.0,-1.0,-1.0,-1.0,-1.0,0.0,0.0,0.0,0.0
1791578172.4,2544065.7,179.3,79.0,6.5,0.0,175.0,0.0,89.97,90.41,0.0,333.37,0.0,1213.412921,100145.0,0.99,76.8,-598435.3,300820.8,0.9948,0.097,551.6,-0.09721,-74.55767,0.0,0,-1.0,-1.0,-1.0,-1.0,-1.0,0.0,0.0,0.0,0.0
1791578172.9,2544066.2,179.8,79.0,6.5,0.0,175.0,0.0,89.97,90.41,0.0,333.36,0.0,1213.412921,100145.0,0.99,76.8,-598435.3,300820.8,0.9948,0.097,551.6,-0.09721,-74.55767,0.0,0,-1.0,-1.0,-1.0,-1.0,-1.0,0.0,0.0,0.0,0.0
1791578173.4,2544066.7,180.4,79.0,6.5,0.0,175.0,0.0,89.96,90.41,0.0,333.35,0.0,1213.412921,100145.0,0.99,76.8,-598435.3,300820.8,0.9948,0.097,551.6,-0.09721,-74.55767,0.0,0,-1.0,-1.0,-1.0,-1.0,-1.0,0.0,0.0,0.0,0.0
1791578173.9,2544067.2,180.9,79.0,6.5,0.0,175.0,0.0,89.97,90.41,0.0,333.35,0.0,1213.412921,100145.0,0.99,76.8,-598435.3,300820.8,0.9948,0.097,551.6,-0.09721,-74.55767,0.0,0,-1.0,-1.0,-1.0,-1.0,-1.0,0.0,0.0,0.0,0.0
1791578174.4,2544067.7,181.4,79.0,6.5,0.0,175.0,0.0,89.96,90.41,0.0,333.34,0.0,1213.412921,100145.0,0.99,76.8,-598435.3,300820.8,0.9948,0.097,551.6,-0.09721,-74.55767,0.0,0,-1.0,-1.0,-1.0,-1.0,-1.0,0.0,0.0,0.0,0.0
1791578174.9,2544068.2,181.9,79.0,6.5,0.0,175.0,0.0,89.96,90.41,0.0,333.33,0.0,1213.412921,100145.0,0.99,76.8,-598435.3,300820.8,0.9948,0.097,551.6,-0.09721,-74.55767,0.0,0,-1.0,-1.0,-1.0,-1.0,-1.0,0.0,0.0,0.0,0.0
1791578175.41,2544068.7,182.4,79.0,6.5,0.0,175.0,0.0,89.95,90.41,0.0,333.32,0.0,1213.412921,100145.0,0.99,76.8,-598435.3,300820.8,0.9948,0.097,551.6,-0.09721,-74.55767,0.0,0,-1.0,-1.0,-1.0,-1.0,-1.0,0.0,0.0,0.0,0.0
1791578175.91,2544069.2,182.9,79.0,6.5,0.0,175.0,0.0,89.95,90.41,0.0,333.31,0.0,1213.412921,100145.0,0.99,76.8,-598435.3,300820.8,0.9948,0.097,551.6,-0.09721,-74.55767,0.0,0,-1.0,-1.0,-1.0,-1.0,-1.0,0.0,0.0,0.0,0.0
1791578176.41,2544069.7,183.4,79.0,6.5,0.0,175.0,0.0,89.96,90.41,0.0,333.3,0.0,1213.412921,100145.0,0.99,76.8,-598435.3,300820.8,0.9948,0.097,551.6,-0.09721,-74.55767,0.0,0,-1.0,-1.0,-1.0,-1.0,-1.0,0.0,0.0,0.0,0.0
1791578176.91,2544070.2,183.9,79.0,6.5,0.0,175.0,0.0,89.96,90.41,0.0,333.3,0.0,1213.412921,100145.0,0.99,76.8,-598435.3,300820.8,0.9948,0.097,551.6,-0.09721,-74.55767,0.0,0,-1.0,-1.0,-1.0,-1.0,-1.0,0.0,0.0,0.0,0.0
1791578177.41,2544070.7,184.4,79.0,6.5,0.0,175.0,0.0,89.96,90.41,0.0,333.29,0.0,1213.412921,100145.0,0.99,76.8,-598435.3,300820.8,0.9948,0.097,551.6,-0.09721,-74.55767,0.0,0,-1.0,-1.0,-1.0,-1.0,-1.0,0.0,0.0,0.0,0.0
1791578177.92,2544071.2,184.9,79.0,6.5,0.0,175.0,0.0,89.96,90.41,0.0,333.28,0.0,1213.412921,100145.0,0.99,76.8,-598435.3,300820.8,0.9948,0.097,551.6,-0.09721,-74.55767,0.0,0,-1.0,-1.0,-1.0,-1.0,-1.0,0.0,0.0,0.0,0.0
1791578178.42,2544071.7,185.4,79.0,6.5,0.0,175.0,0.0,89.97,90.41,0.0,333.27,0.0,1213.412921,100145.0,0.99,76.8,-598435.3,300820.8,0.9948,0.097,551.6,-0.09721,-74.55767,0.0,0,-1.0,-1.0,-1.0,-1.0,-1.0,0.0,0.0,0.0,0.0
1791578178.92,2544072.2,185.9,79.0,6.5,0.0,175.0,0.0,89.96,90.41,0.0,333.26,0.0,1213.412921,100145.0,0.99,76.8,-598435.3,300820.8,0.9948,0.097,551.6,-0.09721,-74.55767,0.0,0,-1.0,-1.0,-1.0,-1.0,-1.0,0.0,0.0,0.0,0.0
1791578179.42,2544072.7,186.4,79.0,6.5,0.0,175.0,0.0,89.96,90.41,0.0,333.25,0.0,1213.412921,100145.0,0.99,76.8,-598435.3,300820.8,0.9948,0.097,551.6,-0.09721,-74.55767,0.0,0,-1.0,-1.0,-1.0,-1.0,-1.0,0.0,0.0,0.0,0.0
1791578179.93,2544073.2,186.9,79.0,6.5,0.0,175.0,0.0,89.97,90.41,0.0,333.25,0.0,1213.412921,100145.0,0.99,76.8,-598435.3,300820.8,0.9948,0.097,551.6,-0.09721,-74.55767,0.0,0,-1.0,-1.0,-1.0,-1.0,-1.0,0.0,0.0,0.0,0.0
1791578180.49,2544073.7,187.4,79.0,6.5,0.0,175.0,0.0,89.98,90.41,0.0,333.24,0.0,1213.412921,100145.0,0.99,76.8,-598435.3,300820.8,0.9948,0.097,551.6,-0.09721,-74.55767,0.0,0,-1.0,-1.0,-1.0,-1.0,-1.0,0.0,0.0,0.0,0.0
1791578180.99,2544074.2,187.9,79.0,6.5,0.0,175.0,0.0,89.96,90.41,0.0,333.23,0.0,1213.412921,100145.0,0.99,76.8,-598435.3,300820.8,0.9948,0.097,551.6,-0.09721,-74.55767,0.0,0,-1.0,-1.0,-1.0,-1.0,-1.0,0.0,0.0,0.0,0.0
1791578181.49,2544074.7,188.4,79.0,6.5,0.0,175.0,0.0,89.96,90.41,0.0,333.22,0.0,1213.412921,100145.0,0.99,76.8,-598435.3,300820.8,0.9948,0.097,551.6,-0.09721,-74.55767,0.0,0,-1.0,-1.0,-1.0,-1.0,-1.0,0.0,0.0,0.0,0.0
1791578181.99,2544075.2,188.9,79.0,6.5,0.0,175.0,0.0,89.96,90.41,0.0,333.21,0.0,1213.412921,100145.0,0.99,76.8,-598435.3,300820.8,0.9948,0.097,551.6,-0.09721,-74.55767,0.0,0,-1.0,-1.0,-1.0,-1.0,-1.0,0.0,0.0,0.0,0.0
1791578182.49,2544075.7,189.4,79.0,6.5,0.0,175.0,0.0,89.97,90.41,0.0,333.2,0.0,1213.412921,100145.0,0.99,76.8,-598435.3,300820.8,0.9948,0.097,551.6,-0.09721,-74.55767,0.0,0,-1.0,-1.0,-1.0,-1.0,-1.0,0.0,0.0,0.0,0.0
1791578183.0,2544076.2,189.9,79.0,6.5,0.0,175.0,0.0,89.97,90.41,0.0,333.2,0.0,1213.412921,100145.0,0.99,76.8,-598435.3,300820.8,0.9948,0.097,551.6,-0.09721,-74.55767,0.0,0,-1.0,-1.0,-1.0,-1.0,-1.0,0.0,0.0,0.0,0.0
1791578183.5,2544076.7,190.4,79.0,6.5,0.0,175.0,0.0,89.97,90.41,0.0,333.19,0.0,1213.412921,100145.0,0.99,76.8,-598435.3,300820.8,0.9948,0.097,551.6,-0.09721,-74.55767,0.0,0,-1.0,-1.0,-1.0,-1.0,-1.0,0.0,0.0,0.0,0.0
1791578184.0,2544077.2,191.0,79.0,6.5,0.0,175.0,0.0,89.96,90.41,0.0,333.18,0.0,1213.412921,100145.0,0.99,76.8,-598435.3,300820.8,0.9948,0.097,551.6,-0.09721,-74.55767,0.0,0,-1.0,-1.0,-1.0,-1.0,-1.0,0.0,0.0,0.0,0.0
1791578184.5,2544077.7,191.5,79.0,6.5,0.0,175.0,0.0,89.97,90.41,0.0,333.17,0.0,1213.412921,100145.0,0.99,76.8,-598435.3,300820.8,0.9948,0.097,551.6,-0.09721,-74.55767,0.0,0,-1.0,-1.0,-1.0,-1.0,-1.0,0.0,0.0,0.0,0.0
1791578185.0,2544078.2,192.0,79.0,6.5,0.0,175.0,0.0,89.96,90.41,0.0,333.16,0.0,1213.412921,100145.0,0.99,76.8,-598435.3,300820.8,0.9948,0.097,551.6,-0.09721,-74.55767,0.0,0,-1.0,-1.0,-1.0,-1.0,-1.0,0.0,0.0,0.0,0.0
1791578185.5,2544078.7,192.5,79.0,6.5,0.0,175.0,0.0,89.96,90.41,0.0,333.15,0.0,1213.412921,100145.0,0.99,76.8,-598435.3,300820.8,0.9948,0.097,551.6,-0.09721,-74.55767,0.0,0,-1.0,-1.0,-1.0,-1.0,-1.0,0.0,0.0,0.0,0.0
1791578186.01,2544079.2,193.0,79.0,6.5,0.0,175.0,0.0,89.96,90.41,0.0,333.15,0.0,1213.412921,100145.0,0.99,76.8,-598435.3,300820.8,0.9948,0.097,551.6,-0.09721,-74.55767,0.0,0,-1.0,-1.0,-1.0,-1.0,-1.0,0.0,0.0,0.0,0.0
1791578186.51,2544079.7,193.5,79.0,6.5,0.0,175.0,0.0,89.97,90.41,0.0,333.14,0.0,1213.412921,100145.0,0.99,76.8,-598435.3,300820.8,0.9948,0.097,551.6,-0.09721,-74.55767,0.0,0,-1.0,-1.0,-1.0,-1.0,-1.0,0.0,0.0,0.0,0.0
1791578187.01,2544080.2,194.0,79.0,6.5,0.0,175.0,0.0,89.97,90.41,0.0,333.13,0.0,1213.412921,100145.0,0.99,76.8,-598435.3,300820.8,0.9948,0.097,551.6,-0.09721,-74.55767,0.0,0,-1.0,-1.0,-1.0,-1.0,-1.0,0.0,0.0,0.0,0.0
1791578187.51,2544080.7,194.5,79.0,6.5,0.0,175.0,0.0,89.97,90.41,0.0,333.12,0.0,1213.412921,100145.0,0.99,76.8,-598435.3,300820.8,0.9948,0.097,551.6,-0.09721,-74.55767,0.0,0,-1.0,-1.0,-1.0,-1.0,-1.0,0.0,0.0,0.0,0.0
1791578188.01,2544081.3,195.0,79.0,6.5,0.0,175.0,0.0,89.97,90.41,0.0,333.11,0.0,1213.412921,100145.0,0.99,76.8,-598435.3,300820.8,0.9948,0.097,551.6,-0.09721,-74.55767,0.0,0,-1.0,-1.0,-1.0,-1.0,-1.0,0.0,0.0,0.0,0.0
1791578188.52,2544081.8,195.5,79.0,6.5,0.0,175.0,0.0,89.97,90.41,0.0,333.1,0.0,1213.412921,100145.0,0.99,76.8,-598435.3,300820.8,0.9948,0.097,551.6,-0.09721,-74.55767,0.0,0,-1.0,-1.0,-1.0,-1.0,-1.0,0.0,0.0,0.0,0.0
1791578189.02,2544082.3,196.0,79.0,6.5,0.0,175.0,0.0,89.96,90.41,0.0,333.1,0.0,1213.412921,100145.0,0.99,76.8,-598435.3,300820.8,0.9948,0.097,551.6,-0.09721,-74.55767,0.0,0,-1.0,-1.0,-1.0,-1.0,-1.0,0.0,0.0,0.0,0.0
1791578189.52,2544082.8,196.5,79.0,6.5,0.0,175.0,0.0,89.96,90.41,0.0,333.09,0.0,1213.412921,100145.0,0.99,76.8,-598435.3,300820.8,0.9948,0.097,551.6,-0.09721,-74.55767,0.0,0,-1.0,-1.0,-1.0,-1.0,-1.0,0.0,0.0,0.0,0.0
1791578190.02,2544083.3,197.0,79.0,6.5,0.0,175.0,0.0,89.96,90.41,0.0,333.08,0.0,1213.412921,100145.0,0.99,76.8,-598435.3,300820.8,0.9948,0.097,551.6,-0.09721,-74.55767,0.0,0,-1.0,-1.0,-1.0,-1.0,-1.0,0.0,0.0,0.0,0.0
1791578190.52,2544083.7,197.5,79.0,6.5,0.0,175.0,0.0,89.97,90.41,0.0,333.07,0.0,1213.412921,100145.0,0.99,76.8,-598435.3,300820.8,0.9948,0.097,551.6,-0.09721,-74.55767,0.0,0,-1.0,-1.0,-1.0,-1.0,-1.0,0.0,0.0,0.0,0.0
1791578191.03,2544084.2,198.0,79.0,6.5,0.0,175.0,0.0,89.96,90.41,0.0,333.06,0.0,1213.412921,100145.0,0.99,76.8,-598435.3,300820.8,0.9948,0.097,551.6,-0.09721,-74.55767,0.0,0,-1.0,-1.0,-1.0,-1.0,-1.0,0.0,0.0,0.0,0.0
1791578191.53,2544084.7,198.5,79.0,6.5,0.0,175.0,0.0,89.96,90.41,0.0,333.05,0.0,1213.412921,100145.0,0.99,76.8,-598435.3,300820.8,0.9948,0.097,551.6,-0.09721,-74.55767,0.0,0,-1.0,-1.0,-1.0,-1.0,-1.0,0.0,0.0,0.0,0.0
1791578192.03,2544085.3,199.0,79.0,6.5,0.0,175.0,0.0,89.97,90.41,0.0,333.05,0.0,1213.412921,100145.0,0.99,76.8,-598435.3,300820.8,0.9948,0.097,551.6,-0.09721,-74.55767,0.0,0,-1.0,-1.0,-1.0,-1.0,-1.0,0.0,0.0,0.0,0.0
1791578192.54,2544085.8,199.5,79.0,6.5,0.0,175.0,0.0,89.96,90.41,0.0,333.04,0.0,1213.412921,100145.0,0.99,76.8,-598435.3,300820.8,0.9948,0.097,551.6,-0.09721,-74.55767,0.0,0,-1.0,-1.0,-1.0,-1.0,-1.0,0.0,0.0,0.0,0.0
1791578193.04,2544086.3,200.0,79.0,6.5,0.0,175.0,0.0,89.97,90.41,0.0,333.03,0.0,1213.412921,100145.0,0.99,76.8,-598435.3,300820.8,0.9948,0.097,551.6,-0.09721,-74.55767,0.0,0,-1.0,-1.0,-1.0,-1.0,-1.0,0.0,0.0,0.0,0.0
1791578193.54,2544086.7,200.5,79.0,6.5,0.0,175.0,0.0,89.96,90.41,0.0,333.02,0.0,1213.412921,100145.0,0.99,76.8,-598435.3,300820.8,0.9948,0.097,551.6,-0.09721,-74.55767,0.0,0,-1.0,-1.0,-1.0,-1.0,-1.0,0.0,0.0,0.0,0.0
1791578194.04,2544087.2,201.0,79.0,6.5,0.0,175.0,0.0,89.96,90.41,0.0,333.01,0.0,1213.412921,100145.0,0.99,76.8,-598435.3,300820.8,0.9948,0.097,551.6,-0.09721,-74.55767,0.0,0,-1.0,-1.0,-1.0,-1.0,-1.0,0.0,0.0,0.0,0.0
1791578194.55,2544087.7,201.5,79.0,6.5,0.0,175.0,0.0,89.97,90.41,0.0,333.0,0.0,1213.412921,100145.0,0.99,76.8,-598435.3,300820.8,0.9948,0.097,551.6,-0.09721,-74.55767,0.0,0,-1.0,-1.0,-1.0,-1.0,-1.0,0.0,0.0,0.0,0.0
1791578195.05,2544088.2,202.0,79.0,6.5,0.0,175.0,0.0,89.96,90.41,0.0,333.0,0.0,1213.412921,100145.0,0.99,76.8,-598435.3,300820.8,0.9948,0.097,551.6,-0.09721,-74.55767,0.0,0,-1.0,-1.0,-1.0,-1.0,-1.0,0.0,0.0,0.0,0.0
1791578195.55,2544088.7,202.5,79.0,6.5,0.0,175.0,0.0,89.96,90.41,0.0,332.99,0.0,1213.412921,100145.0,0.99,76.8,-598435.3,300820.8,0.9948,0.097,551.6,-0.09721,-74.55767,0.0,0,-1.0,-1.0,-1.0,-1.0,-1.0,0.0,0.0,0.0,0.0
1791578196.05,2544089.2,203.0,79.0,6.5,0.0,175.0,0.0,89.97,90.41,0.0,332.98,0.0,1213.412921,100145.0,0.99,76.8,-598435.3,300820.8,0.9948,0.097,551.6,-0.09721,-74.55767,0.0,0,-1.0,-1.0,-1.0,-1.0,-1.0,0.0,0.0,0.0,0.0
1791578196.55,2544089.7,203.5,79.0,6.5,0.0,175.0,0.0,89.97,90.41,0.0,332.97,0.0,1213.412921,100145.0,0.99,76.8,-598435.3,300820.8,0.9948,0.097,551.6,-0.09721,-74.55767,0.0,0,-1.0,-1.0,-1.0,-1.0,-1.0,0.0,0.0,0.0,0.0
1791578197.06,2544090.2,204.0,79.0,6.5,0.0,175.0,0.0,89.95,90.41,0.0,332.96,0.0,1213.412921,100145.0,0.99,76.8,-598435.3,300820.8,0.9948,0.097,551.6,-0.09721,-74.55767,0.0,0,-1.0,-1.0,-1.0,-1.0,-1.0,0.0,0.0,0.0,0.0
1791578197.56,2544090.7,204.5,79.0,6.5,0.0,175.0,0.0,89.96,90.41,0.0,332.95,0.0,1213.412921,100145.0,0.99,76.8,-598435.3,300820.8,0.9948,0.097,551.6,-0.09721,-74.55767,0.0,0,-1.0,-1.0,-1.0,-1.0,-1.0,0.0,0.0,0.0,0.0
1791578198.06,2544091.2,205.0,79.0,6.5,0.0,175.0,0.0,89.97,90.41,0.0,332.95,0.0,1213.412921,100145.0,0.99,76.8,-598435.3,300820.8,0.9948,0.097,551.6,-0.09721,-74.55767,0.0,0,-1.0,-1.0,-1.0,-1.0,-1.0,0.0,0.0,0.0,0.0
1791578198.56,2544091.7,205.5,79.0,6.5,0.0,175.0,0.0,89.98,90.41,0.0,332.94,0.0,1213.412921,100145.0,0.99,76.8,-598435.3,300820.8,0.9948,0.097,551.6,-0.09721,-74.55767,0.0,0,-1.0,-1.0,-1.0,-1.0,-1.0,0.0,0.0,0.0,0.0
1791578199.06,2544092.2,206.0,79.0,6.5,0.0,175.0,0.0,89.96,90.41,0.0,332.93,0.0,1213.412921,100145.0,0.99,76.8,-598435.3,300820.8,0.9948,0.097,551.6,-0.09721,-74.55767,0.0,0,-1.0,-1.0,-1.0,-1.0,-1.0,0.0,0.0,0.0,0.0
1791578199.56,2544092.7,206.5,79.0,6.5,0.0,175.0,0.0,89.96,90.41,0.0,332.92,0.0,1213.412921,100145.0,0.99,76.8,-598435.3,300820.8,0.9948,0.097,551.6,-0.09721,-74.55767,0.0,0,-1.0,-1.0,-1.0,-1.0,-1.0,0.0,0.0,0.0,0.0
1791578200.07,2544093.2,207.0,79.0,6.5,0.0,175.0,0.0,89.97,90.41,0.0,332.91,0.0,1213.412921,100145.0,0.99,76.8,-598435.3,300820.8,0.9948,0.097,551.6,-0.09721,-74.55767,0.0,0,-1.0,-1.0,-1.0,-1.0,-1.0,0.0,0.0,0.0,0.0
1791578200.57,2544093.7,207.5,79.0,6.5,0.0,175.0,0.0,89.97,90.41,0.0,332.9,0.0,1213.412921,100145.0,0.99,76.8,-598435.3,300820.8,0.9948,0.097,551.6,-0.09721,-74.55767,0.0,0,-1.0,-1.0,-1.0,-1.0,-1.0,0.0,0.0,0.0,0.0
1791578201.07,2544094.2,208.0,79.0,6.5,0.0,175.0,0.0,89.97,90.41,0.0,332.9,0.0,1213.412921,100145.0,0.99,76.8,-598435.3,300820.8,0.9948,0.097,551.6,-0.09721,-74.55767,0.0,0,-1.0,-1.0,-1.0,-1.0,-1.0,0.0,0.0,0.0,0.0
1791578201.57,2544094.7,208.5,79.0,6.5,0.0,175.0,0.0,89.96,90.41,0.0,332.89,0.0,1213.412921,100145.0,0.99,76.8,-598435.3,300820.8,0.9948,0.097,551.6,-0.09721,-74.55767,0.0,0,-1.0,-1.0,-1.0,-1.0,-1.0,0.0,0.0,0.0,0.0
1791578202.07,2544095.2,209.0,79.0,6.5,0.0,175.0,0.0,89.97,90.41,0.0,332.88,0.0,1213.412921,100145.0,0.99,76.8,-598435.3,300820.8,0.9948,0.097,551.6,-0.09721,-74.55767,0.0,0,-1.0,-1.0,-1.0,-1.0,-1.0,0.0,0.0,0.0,0.0
1791578202.57,2544095.7,209.5,79.0,6.5,0.0,175.0,0.0,89.96,90.41,0.0,332.87,0.0,1213.412921,100145.0,0.99,76.8,-598435.3,300820.8,0.9948,0.097,551.6,-0.09721,-74.55767,0.0,0,-1.0,-1.0,-1.0,-1.0,-1.0,0.0,0.0,0.0,0.0
1791578203.07,2544096.2,210.0,79.0,6.5,0.0,175.0,0.0,89.96,90.41,0.0,332.86,0.0,1213.412921,100145.0,0.99,76.8,-598435.3,300820.8,0.9948,0.097,551.6,-0.09721,-74.55767,0.0,0,-1.0,-1.0,-1.0,-1.0,-1.0,0.0,0.0,0.0,0.0
1791578203.58,2544096.7,210.5,79.0,6.5,0.0,175.0,0.0,89.96,90.41,0.0,332.85,0.0,1213.412921,100145.0,0.99,76.8,-598435.3,300820.8,0.9948,0.097,551.6,-0.09721,-74.55767,0.0,0,-1.0,-1.0,-1.0,-1.0,-1.0,0.0,0.0,0.0,0.0
1791578204.08,2544097.2,211.0,79.0,6.5,0.0,175.0,0.0,89.97,90.41,0.0,332.85,0.0,1213.412921,100145.0,0.99,76.8,-598435.3,300820.8,0.9948,0.097,551.6,-0.09721,-74.55767,0.0,0,-1.0,-1.0,-1.0,-1.0,-1.0,0.0,0.0,0.0,0.0
1791578204.58,2544097.7,211.5,79.0,6.5,0.0,175.0,0.0,89.96,90.41,0.0,332.84,0.0,1213.412921,100145.0,0.99,76.8,-598435.3,300820.8,0.9948,0.097,551.6,-0.09721,-74.55767,0.0,0,-1.0,-1.0,-1.0,-1.0,-1.0,0.0,0.0,0.0,0.0
1791578205.08,2544098.2,212.0,79.0,6.5,0.0,175.0,0.0,89.96,90.41,0.0,332.83,0.0,1213.412921,100145.0,0.99,76.8,-598435.3,300820.8,0.9948,0.097,551.6,-0.09721,-74.55767,0.0,0,-1.0,-1.0,-1.0,-1.0,-1.0,0.0,0.0,0.0,0.0
1791578205.58,2544098.7,212.5,79.0,6.5,0.0,175.0,0.0,89.96,90.41,0.0,332.82,0.0,1213.412921,100145.0,0.99,76.8,-598435.3,300820.8,0.9948,0.097,551.6,-0.09721,-74.55767,0.0,0,-1.0,-1.0,-1.0,-1.0,-1.0,0.0,0.0,0.0,0.0
1791578206.09,2544099.2,213.0,79.0,6.5,0.0,175.0,0.0,89.97,90.41,0.0,332.81,0.0,1213.412921,100145.0,0.99,76.8,-598435.3,300820.8,0.9948,0.097,551.6,-0.09721,-74.55767,0.0,0,-1.0,-1.0,-1.0,-1.0,-1.0,0.0,0.0,0.0,0.0
1791578206.59,2544099.7,213.5,79.0,6.5,0.0,175.0,0.0,89.97,90.41,0.0,332.81,0.0,1213.412921,100145.0,0.99,76.8,-598435.3,300820.8,0.9948,0.097,551.6,-0.09721,-74.55767,0.0,0,-1.0,-1.0,-1.0,-1.0,-1.0,0.0,0.0,0.0,0.0
1791578207.09,2544100.2,214.0,79.0,6.5,0.0,175.0,0.0,89.96,90.41,0.0,332.8,0.0,1213.412921,100145.0,0.99,76.8,-598435.3,300820.8,0.9948,0.097,551.6,-0.09721,-74.55767,0.0,0,-1.0,-1.0,-1.0,-1.0,-1.0,0.0,0.0,0.0,0.0
1791578207.59,2544100.7,214.5,79.0,6.5,0.0,175.0,0.0,89.96,90.41,0.0,332.79,0.0,1213.412921,100145.0,0.99,76.8,-598435.3,300820.8,0.9948,0.097,551.6,-0.09721,-74.55767,0.0,0,-1.0,-1.0,-1.0,-1.0,-1.0,0.0,0.0,0.0,0.0
1791578208.1,2544101.2,215.0,79.0,6.5,0.0,175.0,0.0,89.96,90.41,0.0,332.78,0.0,1213.412921,100145.0,0.99,76.8,-598435.3,300820.8,0.9948,0.097,551.6,-0.09721,-74.55767,0.0,0,-1.0,-1.0,-1.0,-1.0,-1.0,0.0,0.0,0.0,0.0
1791578208.6,2544101.7,215.5,79.0,6.5,0.0,175.0,0.0,89.97,90.41,0.0,332.77,0.0,1213.412921,100145.0,0.99,76.8,-598435.3,300820.8,0.9948,0.097,551.6,-0.09721,-74.55767,0.0,0,-1.0,-1.0,-1.0,-1.0,-1.0,0.0,0.0,0.0,0.0
1791578209.1,2544102.2,216.1,79.0,6.5,0.0,175.0,0.0,89.96,90.41,0.0,332.76,0.0,1213.412921,100145.0,0.99,76.8,-598435.3,300820.8,0.9948,0.097,551.6,-0.09721,-74.55767,0.0,0,-1.0,-1.0,-1.0,-1.0,-1.0,0.0,0.0,0.0,0.0
1791578209.6,2544102.7,216.6,79.0,6.5,0.0,175.0,0.0,89.97,90.41,0.0,332.76,0.0,1213.412921,100145.0,0.99,76.8,-598435.3,300820.8,0.9948,0.097,551.6,-0.09721,-74.55767,0.0,0,-1.0,-1.0,-1.0,-1.0,-1.0,0.0,0.0,0.0,0.0
1791578210.1,2544103.2,217.1,79.0,6.5,0.0,175.0,0.0,89.96,90.41,0.0,332.75,0.0,1213.412921,100145.0,0.99,76.8,-598435.3,300820.8,0.9948,0.097,551.6,-0.09721,-74.55767,0.0,0,-1.0,-1.0,-1.0,-1.0,-1.0,0.0,0.0,0.0,0.0
1791578210.6,2544103.7,217.6,79.0,6.5,0.0,175.0,0.0,89.97,90.41,0.0,332.74,0.0,1213.412921,100145.0,0.99,76.8,-598435.3,300820.8,0.9948,0.097,551.6,-0.09721,-74.55767,0.0,0,-1.0,-1.0,-1.0,-1.0,-1.0,0.0,0.0,0.0,0.0
1791578211.11,2544104.2,218.1,79.0,6.5,0.0,175.0,0.0,89.97,90.41,0.0,332.73,0.0,1213.412921,100145.0,0.99,76.8,-598435.3,300820.8,0.9948,0.097,551.6,-0.09721,-74.55767,0.0,0,-1.0,-1.0,-1.0,-1.0,-1.0,0.0,0.0,0.0,0.0
1791578211.61,2544104.7,218.6,79.0,6.5,0.0,175.0,0.0,89.96,90.41,0.0,332.72,0.0,1213.412921,100145.0,0.99,76.8,-598435.3,300820.8,0.9948,0.097,551.6,-0.09721,-74.55767,0.0,0,-1.0,-1.0,-1.0,-1.0,-1.0,0.0,0.0,0.0,0.0
1791578212.11,2544105.2,219.1,79.0,6.5,0.0,175.0,0.0,89.96,90.41,0.0,332.71,0.0,1213.412921,100145.0,0.99,76.8,-598435.3,300820.8,0.9948,0.097,551.6,-0.09721,-74.55767,0.0,0,-1.0,-1.0,-1.0,-1.0,-1.0,0.0,0.0,0.0,0.0
1791578212.61,2544105.7,219.6,79.0,6.5,0.0,175.0,0.0,89.96,90.41,0.0,332.7,0.0,1213.412921,100145.0,0.99,76.8,-598435.3,300820.8,0.9948,0.097,551.6,-0.09721,-74.55767,0.0,0,-1.0,-1.0,-1.0,-1.0,-1.0,0.0,0.0,0.0,0.0
1791578213.11,2544106.2,220.1,79.0,6.5,0.0,175.0,0.0,89.96,90.41,0.0,332.7,0.0,1213.412921,100145.0,0.99,76.8,-598435.3,300820.8,0.9948,0.097,551.6,-0.09721,-74.55767,0.0,0,-1.0,-1.0,-1.0,-1.0,-1.0,0.0,0.0,0.0,0.0
1791578213.61,2544106.7,220.6,79.0,6.5,0.0,175.0,0.0,89.98,90.41,0.0,332.69,0.0,1213.412921,100145.0,0.99,76.8,-598435.3,300820.8,0.9948,0.097,551.6,-0.09721,-74.55767,0.0,0,-1.0,-1.0,-1.0,-1.0,-1.0,0.0,0.0,0.0,0.0
1791578214.12,2544107.2,221.1,79.0,6.5,0.0,175.0,0.0,89.97,90.41,0.0,332.68,0.0,1213.412921,100145.0,0.99,76.8,-598435.3,300820.8,0.9948,0.097,551.6,-0.09721,-74.55767,0.0,0,-1.0,-1.0,-1.0,-1.0,-1.0,0.0,0.0,0.0,0.0
1791578214.62,2544107.7,221.6,79.0,6.5,0.0,175.0,0.0,89.96,90.41,0.0,332.67,0.0,1213.412921,100145.0,0.99,76.8,-598435.3,300820.8,0.9948,0.097,551.6,-0.09721,-74.55767,0.0,0,-1.0,-1.0,-1.0,-1.0,-1.0,0.0,0.0,0.0,0.0
1791578215.12,2544108.2,222.1,79.0,6.5,0.0,175.0,0.0,89.96,90.41,0.0,332.66,0.0,1213.412921,100145.0,0.99,76.8,-598435.3,300820.8,0.9948,0.097,551.6,-0.09721,-74.55767,0.0,0,-1.0,-1.0,-1.0,-1.0,-1.0,0.0,0.0,0.0,0.0
1791578215.62,2544108.7,222.6,79.0,6.5,0.0,175.0,0.0,89.97,90.41,0.0,332.65,0.0,1213.412921,100145.0,0.99,76.8,-598435.3,300820.8,0.9948,0.097,551.6,-0.09721,-74.55767,0.0,0,-1.0,-1.0,-1.0,-1.0,-1.0,0.0,0.0,0.0,0.0
1791578216.12,2544109.2,223.1,79.0,6.5,0.0,175.0,0.0,89.95,90.41,0.0,332.65,0.0,1213.412921,100145.0,0.99,76.8,-598435.3,300820.8,0.9948,0.097,551.6,-0.09721,-74.55767,0.0,0,-1.0,-1.0,-1.0,-1.0,-1.0,0.0,0.0,0.0,0.0
1791578216.62,2544109.7,223.6,79.0,6.5,0.0,175.0,0.0,89.96,90.41,0.0,332.64,0.0,1213.412921,100145.0,0.99,76.8,-598435.3,300820.8,0.9948,0.097,551.6,-0.09721,-74.55767,0.0,0,-1.0,-1.0,-1.0,-1.0,-1.0,0.0,0.0,0.0,0.0
1791578217.13,2544110.2,224.1,79.0,6.5,0.0,175.0,0.0,89.97,90.41,0.0,332.63,0.0,1213.412921,100145.0,0.99,76.8,-598435.3,300820.8,0.9948,0.097,551.6,-0.09721,-74.55767,0.0,0,-1.0,-1.0,-1.0,-1.0,-1.0,0.0,0.0,0.0,0.0
1791578217.63,2544110.7,224.6,79.0,6.5,0.0,175.0,0.0,89.96,90.41,0.0,332.62,0.0,1213.412921,100145.0,0.99,76.8,-598435.3,300820.8,0.9948,0.097,551.6,-0.09721,-74.55767,0.0,0,-1.0,-1.0,-1.0,-1.0,-1.0,0.0,0.0,0.0,0.0
1791578218.13,2544111.2,225.1,79.0,6.5,0.0,175.0,0.0,89.96,90.41,0.0,332.61,0.0,1213.412921,100145.0,0.99,76.8,-598435.3,300820.8,0.9948,0.097,551.6,-0.09721,-74.55767,0.0,0,-1.0,-1.0,-1.0,-1.0,-1.0,0.0,0.0,0.0,0.0
1791578218.63,2544111.7,225.6,79.0,6.5,0.0,175.0,0.0,89.96,90.41,0.0,332.6,0.0,1213.412921,100145.0,0.99,76.8,-598435.3,300820.8,0.9948,0.097,551.6,-0.09721,-74.55767,0.0,0,-1.0,-1.0,-1.0,-1.0,-1.0,0.0,0.0,0.0,0.0
1791578219.13,2544112.2,226.1,79.0,6.5,0.0,175.0,0.0,89.96,90.41,0.0,332.6,0.0,1213.412921,100145.0,0.99,76.8,-598435.3,300820.8,0.9948,0.097,551.6,-0.09721,-74.55767,0.0,0,-1.0,-1.0,-1.0,-1.0,-1.0,0.0,0.0,0.0,0.0
1791578219.64,2544112.7,226.6,79.0,6.5,0.0,175.0,0.0,89.96,90.41,0.0,332.59,0.0,1213.412921,100145.0,0.99,76.8,-598435.3,300820.8,0.9948,0.097,551.6,-0.09721,-74.55767,0.0,0,-1.0,-1.0,-1.0,-1.0,-1.0,0.0,0.0,0.0,0.0
1791578220.19,2544113.2,227.1,79.0,6.5,0.0,175.0,0.0,89.96,90.41,0.0,332.58,0.0,1213.412921,100145.0,0.99,76.8,-598435.3,300820.8,0.9948,0.097,551.6,-0.09721,-74.55767,0.0,0,-1.0,-1.0,-1.0,-1.0,-1.0,0.0,0.0,0.0,0.0
1791578220.7,2544113.7,227.6,79.0,6.5,0.0,175.0,0.0,89.97,90.41,0.0,332.57,0.0,1213.412921,100145.0,0.99,76.8,-598435.3,300820.8,0.9948,0.097,551.6,-0.09721,-74.55767,0.0,0,-1.0,-1.0,-1.0,-1.0,-1.0,0.0,0.0,0.0,0.0
1791578221.2,2544114.2,228.1,79.0,6.5,0.0,175.0,0.0,89.97,90.41,0.0,332.56,0.0,1213.412921,100145.0,0.99,76.8,-598435.3,300820.8,0.9948,0.097,551.6,-0.09721,-74.55767,0.0,0,-1.0,-1.0,-1.0,-1.0,-1.0,0.0,0.0,0.0,0.0
1791578221.7,2544114.7,228.7,79.0,6.5,0.0,175.0,0.0,89.96,90.41,0.0,332.55,0.0,1213.412921,100145.0,0.99,76.8,-598435.3,300820.8,0.9948,0.097,551.6,-0.09721,-74.55767,0.0,0,-1.0,-1.0,-1.0,-1.0,-1.0,0.0,0.0,0.0,0.0
1791578222.2,2544115.2,229.2,79.0,6.5,0.0,175.0,0.0,89.97,90.41,0.0,332.55,0.0,1213.412921,100145.0,0.99,76.8,-598435.3,300820.8,0.9948,0.097,551.6,-0.09721,-74.55767,0.0,0,-1.0,-1.0,-1.0,-1.0,-1.0,0.0,0.0,0.0,0.0
1791578222.7,2544115.7,229.7,79.0,6.5,0.0,175.0,0.0,89.97,90.41,0.0,332.54,0.0,1213.412921,100145.0,0.99,76.8,-598435.3,300820.8,0.9948,0.097,551.6,-0.09721,-74.55767,0.0,0,-1.0,-1.0,-1.0,-1.0,-1.0,0.0,0.0,0.0,0.0
1791578223.2,2544116.2,230.2,79.0,6.5,0.0,175.0,0.0,89.97,90.41,0.0,332.53,0.0,1213.412921,100145.0,0.99,76.8,-598435.3,300820.8,0.9948,0.097,551.6,-0.09721,-74.55767,0.0,0,-1.0,-1.0,-1.0,-1.0,-1.0,0.0,0.0,0.0,0.0
1791578223.71,2544116.7,230.7,79.0,6.5,0.0,175.0,0.0,89.96,90.41,0.0,332.52,0.0,1213.412921,100145.0,0.99,76.8,-598435.3,300820.8,0.9948,0.097,551.6,-0.09721,-74.55767,0.0,0,-1.0,-1.0,-1.0,-1.0,-1.0,0.0,0.0,0.0,0.0
1791578224.21,2544117.2,231.2,79.0,6.5,0.0,175.0,0.0,89.96,90.41,0.0,332.51,0.0,1213.412921,100145.0,0.99,76.8,-598435.3,300820.8,0.9948,0.097,551.6,-0.09721,-74.55767,0.0,0,-1.0,-1.0,-1.0,-1.0,-1.0,0.0,0.0,0.0,0.0
1791578224.71,2544117.7,231.7,79.0,6.5,0.0,175.0,0.0,89.96,90.41,0.0,332.5,0.0,1213.412921,100145.0,0.99,76.8,-598435.3,300820.8,0.9948,0.097,551.6,-0.09721,-74.55767,0.0,0,-1.0,-1.0,-1.0,-1.0,-1.0,0.0,0.0,0.0,0.0
1791578225.21,2544118.2,232.2,79.0,6.5,0.0,175.0,0.0,89.97,90.41,0.0,332.5,0.0,1213.412921,100145.0,0.99,76.8,-598435.3,300820.8,0.9948,0.097,551.6,-0.09721,-74.55767,0.0,0,-1.0,-1.0,-1.0,-1.0,-1.0,0.0,0.0,0.0,0.0
1791578225.71,2544118.7,232.7,79.0,6.5,0.0,175.0,0.0,89.96,90.41,0.0,332.49,0.0,1213.412921,100145.0,0.99,76.8,-598435.3,300820.8,0.9948,0.097,551.6,-0.09721,-74.55767,0.0,0,-1.0,-1.0,-1.0,-1.0,-1.0,0.0,0.0,0.0,0.0
1791578226.22,2544119.2,233.2,79.0,6.5,0.0,175.0,0.0,89.96,90.41,0.0,332.48,0.0,1213.412921,100145.0,0.99,76.8,-598435.3,300820.8,0.9948,0.097,551.6,-0.09721,-74.55767,0.0,0,-1.0,-1.0,-1.0,-1.0,-1.0,0.0,0.0,0.0,0.0
1791578226.72,2544119.7,233.7,79.0,6.5,0.0,175.0,0.0,89.97,90.41,0.0,332.47,0.0,1213.412921,100145.0,0.99,76.8,-598435.3,300820.8,0.9948,0.097,551.6,-0.09721,-74.55767,0.0,0,-1.0,-1.0,-1.0,-1.0,-1.0,0.0,0.0,0.0,0.0
1791578227.22,2544120.2,234.2,79.0,6.5,0.0,175.0,0.0,89.96,90.41,0.0,332.46,0.0,1213.412921,100145.0,0.99,76.8,-598435.3,300820.8,0.9948,0.097,551.6,-0.09721,-74.55767,0.0,0,-1.0,-1.0,-1.0,-1.0,-1.0,0.0,0.0,0.0,0.0
1791578227.72,2544120.7,234.7,79.0,6.5,0.0,175.0,0.0,89.97,90.41,0.0,332.45,0.0,1213.412921,100145.0,0.99,76.8,-598435.3,300820.8,0.9948,0.097,551.6,-0.09721,-74.55767,0.0,0,-1.0,-1.0,-1.0,-1.0,-1.0,0.0,0.0,0.0,0.0
1791578228.22,2544121.2,235.2,79.0,6.5,0.0,175.0,0.0,89.96,90.41,0.0,332.45,0.0,1213.412921,100145.0,0.99,76.8,-598435.3,300820.8,0.9948,0.097,551.6,-0.09721,-74.55767,0.0,0,-1.0,-1.0,-1.0,-1.0,-1.0,0.0,0.0,0.0,0.0
1791578228.72,2544121.7,235.7,79.0,6.5,0.0,175.0,0.0,89.97,90.41,0.0,332.44,0.0,1213.412921,100145.0,0.99,76.8,-598435.3,300820.8,0.9948,0.097,551.6,-0.09721,-74.55767,0.0,0,-1.0,-1.0,-1.0,-1.0,-1.0,0.0,0.0,0.0,0.0
1791578229.23,2544122.0,236.2,79.0,6.5,0.0,175.0,0.0,89.96,90.41,0.0,332.43,0.0,1213.412921,100145.0,0.99,76.8,-598435.3,300820.8,0.9948,0.097,551.6,-0.09721,-74.55767,0.0,0,-1.0,-1.0,-1.0,-1.0,-1.0,0.0,0.0,0.0,0.0
1791578229.73,2544122.5,236.7,79.0,6.5,0.0,175.0,0.0,89.97,90.41,0.0,332.43,0.0,1213.412921,100145.0,0.99,76.8,-598435.3,300820.8,0.9948,0.097,551.6,-0.09721,-74.55767,0.0,0,-1.0,-1.0,-1.0,-1.0,-1.0,0.0,0.0,0.0,0.0
1791578230.23,2544123.0,237.2,79.0,6.5,0.0,175.0,0.0,89.97,90.41,0.0,332.42,0.0,1213.412921,100145.0,0.99,76.8,-598435.3,300820.8,0.9948,0.097,551.6,-0.09721,-74.55767,0.0,0,-1.0,-1.0,-1.0,-1.0,-1.0,0.0,0.0,0.0,0.0
1791578230.74,2544123.5,237.7,79.0,6.5,0.0,175.0,0.0,89.96,90.41,0.0,332.41,0.0,1213.412921,100145.0,0.99,76.8,-598435.3,300820.8,0.9948,0.097,551.6,-0.09721,-74.55767,0.0,0,-1.0,-1.0,-1.0,-1.0,-1.0,0.0,0.0,0.0,0.0
1791578231.24,2544124.0,238.2,79.0,6.5,0.0,175.0,0.0,89.97,90.41,0.0,332.4,0.0,1213.412921,100145.0,0.99,76.8,-598435.3,300820.8,0.9948,0.097,551.6,-0.09721,-74.55767,0.0,0,-1.0,-1.0,-1.0,-1.0,-1.0,0.0,0.0,0.0,0.0
1791578231.74,2544124.5,238.7,79.0,6.5,0.0,175.0,0.0,89.97,90.41,0.0,332.39,0.0,1213.412921,100145.0,0.99,76.8,-598435.3,300820.8,0.9948,0.097,551.6,-0.09721,-74.55767,0.0,0,-1.0,-1.0,-1.0,-1.0,-1.0,0.0,0.0,0.0,0.0
1791578232.24,2544125.0,239.2,79.0,6.5,0.0,175.0,0.0,89.96,90.41,0.0,332.38,0.0,1213.412921,100145.0,0.99,76.8,-598435.3,300820.8,0.9948,0.097,551.6,-0.09721,-74.55767,0.0,0,-1.0,-1.0,-1.0,-1.0,-1.0,0.0,0.0,0.0,0.0
1791578232.74,2544125.5,239.7,79.0,6.5,0.0,175.0,0.0,89.96,90.41,0.0,332.38,0.0,1213.412921,100145.0,0.99,76.8,-598435.3,300820.8,0.9948,0.097,551.6,-0.09721,-74.55767,0.0,0,-1.0,-1.0,-1.0,-1.0,-1.0,0.0,0.0,0.0,0.0
1791578233.25,2544126.0,240.2,79.0,6.5,0.0,175.0,0.0,89.96,90.41,0.0,332.37,0.0,1213.412921,100145.0,0.99,76.8,-598435.3,300820.8,0.9948,0.097,551.6,-0.09721,-74.55767,0.0,0,-1.0,-1.0,-1.0,-1.0,-1.0,0.0,0.0,0.0,0.0
1791578233.76,2544126.5,240.7,79.0,6.5,0.0,175.0,0.0,89.96,90.41,0.0,332.36,0.0,1213.412921,100145.0,0.99,76.8,-598435.3,300820.8,0.9948,0.097,551.6,-0.09721,-74.55767,0.0,0,-1.0,-1.0,-1.0,-1.0,-1.0,0.0,0.0,0.0,0.0
1791578234.26,2544127.0,241.2,79.0,6.5,0.0,175.0,0.0,89.96,90.41,0.0,332.35,0.0,1213.412921,100145.0,0.99,76.8,-598435.3,300820.8,0.9948,0.097,551.6,-0.09721,-74.55767,0.0,0,-1.0,-1.0,-1.0,-1.0,-1.0,0.0,0.0,0.0,0.0
1791578234.76,2544127.4,241.7,79.0,6.5,0.0,175.0,0.0,89.97,90.41,0.0,332.34,0.0,1213.412921,100145.0,0.99,76.8,-598435.3,300820.8,0.9948,0.097,551.6,-0.09721,-74.55767,0.0,0,-1.0,-1.0,-1.0,-1.0,-1.0,0.0,0.0,0.0,0.0
1791578235.26,2544127.9,242.2,79.0,6.5,0.0,175.0,0.0,89.96,90.41,0.0,332.33,0.0,1213.412921,100145.0,0.99,76.8,-598435.3,300820.8,0.9948,0.097,551.6,-0.09721,-74.55767,0.0,0,-1.0,-1.0,-1.0,-1.0,-1.0,0.0,0.0,0.0,0.0
1791578235.76,2544128.4,242.7,79.0,6.5,0.0,175.0,0.0,89.96,90.41,0.0,332.33,0.0,1213.412921,100145.0,0.99,76.8,-598435.3,300820.8,0.9948,0.097,551.6,-0.09721,-74.55767,0.0,0,-1.0,-1.0,-1.0,-1.0,-1.0,0.0,0.0,0.0,0.0
1791578236.27,2544128.9,243.2,79.0,6.5,0.0,175.0,0.0,89.97,90.41,0.0,332.32,0.0,1213.412921,100145.0,0.99,76.8,-598435.3,300820.8,0.9948,0.097,551.6,-0.09721,-74.55767,0.0,0,-1.0,-1.0,-1.0,-1.0,-1.0,0.0,0.0,0.0,0.0
1791578236.77,2544129.4,243.7,79.0,6.5,0.0,175.0,0.0,89.97,90.41,0.0,332.31,0.0,1213.412921,100145.0,0.99,76.8,-598435.3,300820.8,0.9948,0.097,551.6,-0.09721,-74.55767,0.0,0,-1.0,-1.0,-1.0,-1.0,-1.0,0.0,0.0,0.0,0.0
1791578237.27,2544129.9,244.2,79.0,6.5,0.0,175.0,0.0,89.97,90.41,0.0,332.3,0.0,1213.412921,100145.0,0.99,76.8,-598435.3,300820.8,0.9948,0.097,551.6,-0.09721,-74.55767,0.0,0,-1.0,-1.0,-1.0,-1.0,-1.0,0.0,0.0,0.0,0.0
1791578237.77,2544130.4,244.7,79.0,6.5,0.0,175.0,0.0,89.97,90.41,0.0,332.29,0.0,1213.412921,100145.0,0.99,76.8,-598435.3,300820.8,0.9948,0.097,551.6,-0.09721,-74.55767,0.0,0,-1.0,-1.0,-1.0,-1.0,-1.0,0.0,0.0,0.0,0.0
1791578238.27,2544130.9,245.2,79.0,6.5,0.0,175.0,0.0,89.97,90.41,0.0,332.28,0.0,1213.412921,100145.0,0.99,76.8,-598435.3,300820.8,0.9948,0.097,551.6,-0.09721,-74.55767,0.0,0,-1.0,-1.0,-1.0,-1.0,-1.0,0.0,0.0,0.0,0.0
1791578238.77,2544131.4,245.7,79.0,6.5,0.0,175.0,0.0,89.96,90.41,0.0,332.28,0.0,1213.412921,100145.0,0.99,76.8,-598435.3,300820.8,0.9948,0.097,551.6,-0.09721,-74.55767,0.0,0,-1.0,-1.0,-1.0,-1.0,-1.0,0.0,0.0,0.0,0.0
1791578239.28,2544131.9,246.2,79.0,6.5,0.0,175.0,0.0,89.96,90.41,0.0,332.27,0.0,1213.412921,100145.0,0.99,76.8,-598435.3,300820.8,0.9948,0.097,551.6,-0.09721,-74.55767,0.0,0,-1.0,-1.0,-1.0,-1.0,-1.0,0.0,0.0,0.0,0.0
1791578239.78,2544132.4,246.7,79.0,6.5,0.0,175.0,0.0,89.96,90.41,0.0,332.26,0.0,1213.412921,100145.0,0.99,76.8,-598435.3,300820.8,0.9948,0.097,551.6,-0.09721,-74.55767,0.0,0,-1.0,-1.0,-1.0,-1.0,-1.0,0.0,0.0,0.0,0.0
1791578240.28,2544132.9,247.2,79.0,6.5,0.0,175.0,0.0,89.96,90.41,0.0,332.25,0.0,1213.412921,100145.0,0.99,76.8,-598435.3,300820.8,0.9948,0.097,551.6,-0.09721,-74.55767,0.0,0,-1.0,-1.0,-1.0,-1.0,-1.0,0.0,0.0,0.0,0.0
1791578240.78,2544133.4,247.7,79.0,6.5,0.0,175.0,0.0,89.97,90.41,0.0,332.24,0.0,1213.412921,100145.0,0.99,76.8,-598435.3,300820.8,0.9948,0.097,551.6,-0.09721,-74.55767,0.0,0,-1.0,-1.0,-1.0,-1.0,-1.0,0.0,0.0,0.0,0.0
1791578241.28,2544133.9,248.2,79.0,6.5,0.0,175.0,0.0,89.96,90.41,0.0,332.23,0.0,1213.412921,100145.0,0.99,76.8,-598435.3,300820.8,0.9948,0.097,551.6,-0.09721,-74.55767,0.0,0,-1.0,-1.0,-1.0,-1.0,-1.0,0.0,0.0,0.0,0.0
1791578241.79,2544134.4,248.7,79.0,6.5,0.0,175.0,0.0,89.97,90.41,0.0,332.23,0.0,1213.412921,100145.0,0.99,76.8,-598435.3,300820.8,0.9948,0.097,551.6,-0.09721,-74.55767,0.0,0,-1.0,-1.0,-1.0,-1.0,-1.0,0.0,0.0,0.0,0.0
1791578242.29,2544134.9,249.2,79.0,6.5,0.0,175.0,0.0,89.97,90.41,0.0,332.22,0.0,1213.412921,100145.0,0.99,76.8,-598435.3,300820.8,0.9948,0.097,551.6,-0.09721,-74.55767,0.0,0,-1.0,-1.0,-1.0,-1.0,-1.0,0.0,0.0,0.0,0.0
1791578242.79,2544135.4,249.7,79.0,6.5,0.0,175.0,0.0,89.97,90.41,0.0,332.21,0.0,1213.412921,100145.0,0.99,76.8,-598435.3,300820.8,0.9948,0.097,551.6,-0.09721,-74.55767,0.0,0,-1.0,-1.0,-1.0,-1.0,-1.0,0.0,0.0,0.0,0.0
1791578243.29,2544135.9,250.2,79.0,6.5,0.0,175.0,0.0,89.96,90.41,0.0,332.2,0.0,1213.412921,100145.0,0.99,76.8,-598435.3,300820.8,0.9948,0.097,551.6,-0.09721,-74.55767,0.0,0,-1.0,-1.0,-1.0,-1.0,-1.0,0.0,0.0,0.0,0.0
1791578243.79,2544136.5,250.7,79.0,6.5,0.0,175.0,0.0,89.96,90.41,0.0,332.19,0.0,1213.412921,100145.0,0.99,76.8,-598435.3,300820.8,0.9948,0.097,551.6,-0.09721,-74.55767,0.0,0,-1.0,-1.0,-1.0,-1.0,-1.0,0.0,0.0,0.0,0.0
1791578244.3,2544137.0,251.2,79.0,6.5,0.0,175.0,0.0,89.96,90.41,0.0,332.18,0.0,1213.412921,100145.0,0.99,76.8,-598435.3,300820.8,0.9948,0.097,551.6,-0.09721,-74.55767,0.0,0,-1.0,-1.0,-1.0,-1.0,-1.0,0.0,0.0,0.0,0.0
1791578244.8,2544137.5,251.7,79.0,6.5,0.0,175.0,0.0,89.96,90.41,0.0,332.18,0.0,1213.412921,100145.0,0.99,76.8,-598435.3,300820.8,0.9948,0.097,551.6,-0.09721,-74.55767,0.0,0,-1.0,-1.0,-1.0,-1.0,-1.0,0.0,0.0,0.0,0.0
1791578245.3,2544137.8,252.3,79.0,6.5,0.0,175.0,0.0,89.96,90.41,0.0,332.17,0.0,1213.412921,100145.0,0.99,76.8,-598435.3,300820.8,0.9948,0.097,551.6,-0.09721,-74.55767,0.0,0,-1.0,-1.0,-1.0,-1.0,-1.0,0.0,0.0,0.0,0.0
1791578245.8,2544138.3,252.8,79.0,6.5,0.0,175.0,0.0,89.96,90.41,0.0,332.16,0.0,1213.412921,100145.0,0.99,76.8,-598435.3,300820.8,0.9948,0.097,551.6,-0.09721,-74.55767,0.0,0,-1.0,-1.0,-1.0,-1.0,-1.0,0.0,0.0,0.0,0.0
1791578246.3,2544138.8,253.3,79.0,6.5,0.0,175.0,0.0,89.96,90.41,0.0,332.15,0.0,1213.412921,100145.0,0.99,76.8,-598435.3,300820.8,0.9948,0.097,551.6,-0.09721,-74.55767,0.0,0,-1.0,-1.0,-1.0,-1.0,-1.0,0.0,0.0,0.0,0.0
1791578246.8,2544139.3,253.8,79.0,6.5,0.0,175.0,0.0,89.96,90.41,0.0,332.15,0.0,1213.412921,100145.0,0.99,76.8,-598435.3,300820.8,0.9948,0.097,551.6,-0.09721,-74.55767,0.0,0,-1.0,-1.0,-1.0,-1.0,-1.0,0.0,0.0,0.0,0.0
1791578247.31,2544139.8,254.3,79.0,6.5,0.0,175.0,0.0,89.96,90.41,0.0,332.14,0.0,1213.412921,100145.0,0.99,76.8,-598435.3,300820.8,0.9948,0.097,551.6,-0.09721,-74.55767,0.0,0,-1.0,-1.0,-1.0,-1.0,-1.0,0.0,0.0,0.0,0.0
1791578247.81,2544140.3,254.8,79.0,6.5,0.0,175.0,0.0,89.96,90.41,0.0,332.13,0.0,1213.412921,100145.0,0.99,76.8,-598435.3,300820.8,0.9948,0.097,551.6,-0.09721,-74.55767,0.0,0,-1.0,-1.0,-1.0,-1.0,-1.0,0.0,0.0,0.0,0.0
1791578248.31,2544140.8,255.3,79.0,6.5,0.0,175.0,0.0,89.96,90.41,0.0,332.12,0.0,1213.412921,100145.0,0.99,76.8,-598435.3,300820.8,0.9948,0.097,551.6,-0.09721,-74.55767,0.0,0,-1.0,-1.0,-1.0,-1.0,-1.0,0.0,0.0,0.0,0.0
1791578248.82,2544141.3,255.8,79.0,6.5,0.0,175.0,0.0,89.97,90.41,0.0,332.11,0.0,1213.412921,100145.0,0.99,76.8,-598435.3,300820.8,0.9948,0.097,551.6,-0.09721,-74.55767,0.0,0,-1.0,-1.0,-1.0,-1.0,-1.0,0.0,0.0,0.0,0.0
1791578249.32,2544141.7,256.3,79.0,6.5,0.0,175.0,0.0,89.96,90.41,0.0,332.1,0.0,1213.412921,100145.0,0.99,76.8,-598435.3,300820.8,0.9948,0.097,551.6,-0.09721,-74.55767,0.0,0,-1.0,-1.0,-1.0,-1.0,-1.0,0.0,0.0,0.0,0.0
1791578249.82,2544142.2,256.8,79.0,6.5,0.0,175.0,0.0,89.96,90.41,0.0,332.1,0.0,1213.412921,100145.0,0.99,76.8,-598435.3,300820.8,0.9948,0.097,551.6,-0.09721,-74.55767,0.0,0,-1.0,-1.0,-1.0,-1.0,-1.0,0.0,0.0,0.0,0.0
1791578250.33,2544142.7,257.3,79.0,6.5,0.0,175.0,0.0,89.96,90.41,0.0,332.09,0.0,1213.412921,100145.0,0.99,76.8,-598435.3,300820.8,0.9948,0.097,551.6,-0.09721,-74.55767,0.0,0,-1.0,-1.0,-1.0,-1.0,-1.0,0.0,0.0,0.0,0.0
1791578250.83,2544143.2,257.8,79.0,6.5,0.0,175.0,0.0,89.96,90.41,0.0,332.08,0.0,1213.412921,100145.0,0.99,76.8,-598435.3,300820.8,0.9948,0.097,551.6,-0.09721,-74.55767,0.0,0,-1.0,-1.0,-1.0,-1.0,-1.0,0.0,0.0,0.0,0.0
1791578251.33,2544143.7,258.3,79.0,6.5,0.0,175.0,0.0,89.96,90.41,0.0,332.07,0.0,1213.412921,100145.0,0.99,76.8,-598435.3,300820.8,0.9948,0.097,551.6,-0.09721,-74.55767,0.0,0,-1.0,-1.0,-1.0,-1.0,-1.0,0.0,0.0,0.0,0.0
1791578251.83,2544144.2,258.8,79.0,6.5,0.0,175.0,0.0,89.97,90.41,0.0,332.06,0.0,1213.412921,100145.0,0.99,76.8,-598435.3,300820.8,0.9948,0.097,551.6,-0.09721,-74.55767,0.0,0,-1.0,-1.0,-1.0,-1.0,-1.0,0.0,0.0,0.0,0.0
1791578252.34,2544144.7,259.3,79.0,6.5,0.0,175.0,0.0,89.96,90.41,0.0,332.05,0.0,1213.412921,100145.0,0.99,76.8,-598435.3,300820.8,0.9948,0.097,551.6,-0.09721,-74.55767,0.0,0,-1.0,-1.0,-1.0,-1.0,-1.0,0.0,0.0,0.0,0.0
1791578252.84,2544145.2,259.8,79.0,6.5,0.0,175.0,0.0,89.97,90.41,0.0,332.05,0.0,1213.412921,100145.0,0.99,76.8,-598435.3,300820.8,0.9948,0.097,551.6,-0.09721,-74.55767,0.0,0,-1.0,-1.0,-1.0,-1.0,-1.0,0.0,0.0,0.0,0.0
1791578253.34,2544145.7,260.3,79.0,6.5,0.0,175.0,0.0,89.98,90.41,0.0,332.04,0.0,1213.412921,100145.0,0.99,76.8,-598435.3,300820.8,0.9948,0.097,551.6,-0.09721,-74.55767,0.0,0,-1.0,-1.0,-1.0,-1.0,-1.0,0.0,0.0,0.0,0.0
1791578253.84,2544146.2,260.8,79.0,6.5,0.0,175.0,0.0,89.97,90.41,0.0,332.03,0.0,1213.412921,100145.0,0.99,76.8,-598435.3,300820.8,0.9948,0.097,551.6,-0.09721,-74.55767,0.0,0,-1.0,-1.0,-1.0,-1.0,-1.0,0.0,0.0,0.0,0.0
1791578254.34,2544146.7,261.3,79.0,6.5,0.0,175.0,0.0,89.97,90.41,0.0,332.02,0.0,1213.412921,100145.0,0.99,76.8,-598435.3,300820.8,0.9948,0.097,551.6,-0.09721,-74.55767,0.0,0,-1.0,-1.0,-1.0,-1.0,-1.0,0.0,0.0,0.0,0.0
1791578254.85,2544147.2,261.8,79.0,6.5,0.0,175.0,0.0,89.96,90.41,0.0,332.01,0.0,1213.412921,100145.0,0.99,76.8,-598435.3,300820.8,0.9948,0.097,551.6,-0.09721,-74.55767,0.0,0,-1.0,-1.0,-1.0,-1.0,-1.0,0.0,0.0,0.0,0.0
1791578255.35,2544147.7,262.3,79.0,6.5,0.0,175.0,0.0,89.96,90.41,0.0,332.0,0.0,1213.412921,100145.0,0.99,76.8,-598435.3,300820.8,0.9948,0.097,551.6,-0.09721,-74.55767,0.0,0,-1.0,-1.0,-1.0,-1.0,-1.0,0.0,0.0,0.0,0.0
1791578255.85,2544148.2,262.8,79.0,6.5,0.0,175.0,0.0,89.97,90.41,0.0,332.0,0.0,1213.412921,100145.0,0.99,76.8,-598435.3,300820.8,0.9948,0.097,551.6,-0.09721,-74.55767,0.0,0,-1.0,-1.0,-1.0,-1.0,-1.0,0.0,0.0,0.0,0.0
1791578256.35,2544148.8,263.3,79.0,6.5,0.0,175.0,0.0,89.96,90.41,0.0,331.99,0.0,1213.412921,100145.0,0.99,76.8,-598435.3,300820.8,0.9948,0.097,551.6,-0.09721,-74.55767,0.0,0,-1.0,-1.0,-1.0,-1.0,-1.0,0.0,0.0,0.0,0.0
1791578256.85,2544149.3,263.8,79.0,6.5,0.0,175.0,0.0,89.97,90.41,0.0,331.98,0.0,1213.412921,100145.0,0.99,76.8,-598435.3,300820.8,0.9948,0.097,551.6,-0.09721,-74.55767,0.0,0,-1.0,-1.0,-1.0,-1.0,-1.0,0.0,0.0,0.0,0.0
1791578257.35,2544149.8,264.3,79.0,6.5,0.0,175.0,0.0,89.97,90.41,0.0,331.97,0.0,1213.412921,100145.0,0.99,76.8,-598435.3,300820.8,0.9948,0.097,551.6,-0.09721,-74.55767,0.0,0,-1.0,-1.0,-1.0,-1.0,-1.0,0.0,0.0,0.0,0.0
1791578257.86,2544150.3,264.8,79.0,6.5,0.0,175.0,0.0,89.97,90.41,0.0,331.96,0.0,1213.412921,100145.0,0.99,76.8,-598435.3,300820.8,0.9948,0.097,551.6,-0.09721,-74.55767,0.0,0,-1.0,-1.0,-1.0,-1.0,-1.0,0.0,0.0,0.0,0.0
1791578258.36,2544150.8,265.3,79.0,6.5,0.0,175.0,0.0,89.98,90.41,0.0,331.95,0.0,1213.412921,100145.0,0.99,76.8,-598435.3,300820.8,0.9948,0.097,551.6,-0.09721,-74.55767,0.0,0,-1.0,-1.0,-1.0,-1.0,-1.0,0.0,0.0,0.0,0.0
1791578258.86,2544151.3,265.8,79.0,6.5,0.0,175.0,0.0,89.95,90.41,0.0,331.95,0.0,1213.412921,100145.0,0.99,76.8,-598435.3,300820.8,0.9948,0.097,551.6,-0.09721,-74.55767,0.0,0,-1.0,-1.0,-1.0,-1.0,-1.0,0.0,0.0,0.0,0.0
1791578259.36,2544151.8,266.3,79.0,6.5,0.0,175.0,0.0,89.98,90.41,0.0,331.94,0.0,1213.412921,100145.0,0.99,76.8,-598435.3,300820.8,0.9948,0.097,551.6,-0.09721,-74.55767,0.0,0,-1.0,-1.0,-1.0,-1.0,-1.0,0.0,0.0,0.0,0.0
1791578259.86,2544152.3,266.8,79.0,6.5,0.0,175.0,0.0,89.96,90.41,0.0,331.93,0.0,1213.412921,100145.0,0.99,76.8,-598435.3,300820.8,0.9948,0.097,551.6,-0.09721,-74.55767,0.0,0,-1.0,-1.0,-1.0,-1.0,-1.0,0.0,0.0,0.0,0.0
1791578260.36,2544152.8,267.3,79.0,6.5,0.0,175.0,0.0,89.96,90.41,0.0,331.92,0.0,1213.412921,100145.0,0.99,76.8,-598435.3,300820.8,0.9948,0.097,551.6,-0.09721,-74.55767,0.0,0,-1.0,-1.0,-1.0,-1.0,-1.0,0.0,0.0,0.0,0.0
1791578260.87,2544153.3,267.8,79.0,6.5,0.0,175.0,0.0,89.97,90.41,0.0,331.91,0.0,1213.412921,100145.0,0.99,76.8,-598435.3,300820.8,0.9948,0.097,551.6,-0.09721,-74.55767,0.0,0,-1.0,-1.0,-1.0,-1.0,-1.0,0.0,0.0,0.0,0.0
1791578261.37,2544153.8,268.3,79.0,6.5,0.0,175.0,0.0,89.97,90.41,0.0,331.9,0.0,1213.412921,100145.0,0.99,76.8,-598435.3,300820.8,0.9948,0.097,551.6,-0.09721,-74.55767,0.0,0,-1.0,-1.0,-1.0,-1.0,-1.0,0.0,0.0,0.0,0.0
1791578261.87,2544154.3,268.8,79.0,6.5,0.0,175.0,0.0,89.97,90.41,0.0,331.9,0.0,1213.412921,100145.0,0.99,76.8,-598435.3,300820.8,0.9948,0.097,551.6,-0.09721,-74.55767,0.0,0,-1.0,-1.0,-1.0,-1.0,-1.0,0.0,0.0,0.0,0.0
1791578262.37,2544154.8,269.3,79.0,6.5,0.0,175.0,0.0,89.97,90.41,0.0,331.89,0.0,1213.412921,100145.0,0.99,76.8,-598435.3,300820.8,0.9948,0.097,551.6,-0.09721,-74.55767,0.0,0,-1.0,-1.0,-1.0,-1.0,-1.0,0.0,0.0,0.0,0.0
1791578262.87,2544155.3,269.8,79.0,6.5,0.0,175.0,0.0,89.96,90.41,0.0,331.88,0.0,1213.412921,100145.0,0.99,76.8,-598435.3,300820.8,0.9948,0.097,551.6,-0.09721,-74.55767,0.0,0,-1.0,-1.0,-1.0,-1.0,-1.0,0.0,0.0,0.0,0.0
1791578263.38,2544155.8,270.3,79.0,6.5,0.0,175.0,0.0,89.97,90.41,0.0,331.87,0.0,1213.412921,100145.0,0.99,76.8,-598435.3,300820.8,0.9948,0.097,551.6,-0.09721,-74.55767,0.0,0,-1.0,-1.0,-1.0,-1.0,-1.0,0.0,0.0,0.0,0.0
1791578263.88,2544156.2,270.8,79.0,6.5,0.0,175.0,0.0,89.97,90.41,0.0,331.86,0.0,1213.412921,100145.0,0.99,76.8,-598435.3,300820.8,0.9948,0.097,551.6,-0.09721,-74.55767,0.0,0,-1.0,-1.0,-1.0,-1.0,-1.0,0.0,0.0,0.0,0.0
1791578264.38,2544156.7,271.3,79.0,6.5,0.0,175.0,0.0,89.96,90.41,0.0,331.85,0.0,1213.412921,100145.0,0.99,76.8,-598435.3,300820.8,0.9948,0.097,551.6,-0.09721,-74.55767,0.0,0,-1.0,-1.0,-1.0,-1.0,-1.0,0.0,0.0,0.0,0.0
1791578264.88,2544157.2,271.8,79.0,6.5,0.0,175.0,0.0,89.97,90.41,0.0,331.85,0.0,1213.412921,100145.0,0.99,76.8,-598435.3,300820.8,0.9948,0.097,551.6,-0.09721,-74.55767,0.0,0,-1.0,-1.0,-1.0,-1.0,-1.0,0.0,0.0,0.0,0.0
1791578265.38,2544157.7,272.3,79.0,6.5,0.0,175.0,0.0,89.95,90.41,0.0,331.84,0.0,1213.412921,100145.0,0.99,76.8,-598435.3,300820.8,0.9948,0.097,551.6,-0.09721,-74.55767,0.0,0,-1.0,-1.0,-1.0,-1.0,-1.0,0.0,0.0,0.0,0.0
1791578265.89,2544158.2,272.8,79.0,6.5,0.0,175.0,0.0,89.95,90.41,0.0,331.83,0.0,1213.412921,100145.0,0.99,76.8,-598435.3,300820.8,0.9948,0.097,551.6,-0.09721,-74.55767,0.0,0,-1.0,-1.0,-1.0,-1.0,-1.0,0.0,0.0,0.0,0.0
1791578266.39,2544158.7,273.3,79.0,6.5,0.0,175.0,0.0,89.97,90.41,0.0,331.82,0.0,1213.412921,100145.0,0.99,76.8,-598435.3,300820.8,0.9948,0.097,551.6,-0.09721,-74.55767,0.0,0,-1.0,-1.0,-1.0,-1.0,-1.0,0.0,0.0,0.0,0.0
1791578266.89,2544159.2,273.8,79.0,6.5,0.0,175.0,0.0,89.97,90.41,0.0,331.81,0.0,1213.412921,100145.0,0.99,76.8,-598435.3,300820.8,0.9948,0.097,551.6,-0.09721,-74.55767,0.0,0,-1.0,-1.0,-1.0,-1.0,-1.0,0.0,0.0,0.0,0.0
1791578267.39,2544159.4,274.3,79.0,6.5,0.0,175.0,0.0,89.97,90.41,0.0,331.81,0.0,1213.412921,100145.0,0.99,76.8,-598435.3,300820.8,0.9948,0.097,551.6,-0.09721,-74.55767,0.0,0,-1.0,-1.0,-1.0,-1.0,-1.0,0.0,0.0,0.0,0.0
1791578267.89,2544159.4,274.8,79.0,6.5,0.0,175.0,0.0,89.97,90.41,0.0,331.81,0.0,1213.412921,100145.0,0.99,76.8,-598435.3,300820.8,0.9948,0.097,551.6,-0.09721,-74.55767,0.0,0,-1.0,-1.0,-1.0,-1.0,-1.0,0.0,0.0,0.0,0.0
1791578268.39,2544159.5,275.3,79.0,6.5,0.0,175.0,0.0,89.97,90.41,0.0,331.81,0.0,1213.412921,100145.0,0.99,76.8,-598435.3,300820.8,0.9948,0.097,551.6,-0.09721,-74.55767,0.0,0,-1.0,-1.0,-1.0,-1.0,-1.0,0.0,0.0,0.0,0.0
1791578268.89,2544159.5,275.8,79.0,6.5,0.0,175.0,0.0,89.97,90.41,0.0,331.81,0.0,1213.412921,100145.0,0.99,76.8,-598435.3,300820.8,0.9948,0.097,551.6,-0.09721,-74.55767,0.0,0,-1.0,-1.0,-1.0,-1.0,-1.0,0.0,0.0,0.0,0.0
1791578269.4,2544159.5,276.3,79.0,6.5,0.0,175.0,0.0,89.97,90.41,0.0,331.81,0.0,1213.412921,100145.0,0.99,76.8,-598435.3,300820.8,0.9948,0.097,551.6,-0.09721,-74.55767,0.0,0,-1.0,-1.0,-1.0,-1.0,-1.0,0.0,0.0,0.0,0.0
1791578269.9,2544159.5,276.8,79.0,6.5,0.0,175.0,0.0,89.97,90.41,0.0,331.81,0.0,1213.412921,100145.0,0.99,76.8,-598435.3,300820.8,0.9948,0.097,551.6,-0.09721,-74.55767,0.0,0,-1.0,-1.0,-1.0,-1.0,-1.0,0.0,0.0,0.0,0.0
1791578270.4,2544159.6,277.4,79.0,6.5,0.0,175.0,0.0,89.97,90.41,0.0,331.81,0.0,1213.412921,100145.0,0.99,76.8,-598435.3,300820.8,0.9948,0.097,551.6,-0.09721,-74.55767,0.0,0,-1.0,-1.0,-1.0,-1.0,-1.0,0.0,0.0,0.0,0.0
1791578270.9,2544159.6,277.9,79.0,6.5,0.0,175.0,0.0,89.97,90.41,0.0,331.81,0.0,1213.412921,100145.0,0.99,76.8,-598435.3,300820.8,0.9948,0.097,551.6,-0.09721,-74.55767,0.0,0,-1.0,-1.0,-1.0,-1.0,-1.0,0.0,0.0,0.0,0.0
1791578271.4,2544159.6,278.4,79.0,6.5,0.0,175.0,0.0,89.97,90.41,0.0,331.81,0.0,1213.412921,100145.0,0.99,76.8,-598435.3,300820.8,0.9948,0.097,551.6,-0.09721,-74.55767,0.0,0,-1.0,-1.0,-1.0,-1.0,-1.0,0.0,0.0,0.0,0.0
1791578271.9,2544159.6,278.9,79.0,6.5,0.0,175.0,0.0,89.97,90.41,0.0,331.81,0.0,1213.412921,100145.0,0.99,76.8,-598435.3,300820.8,0.9948,0.097,551.6,-0.09721,-74.55767,0.0,0,-1.0,-1.0,-1.0,-1.0,-1.0,0.0,0.0,0.0,0.0
1791578272.41,2544159.6,279.4,79.0,6.5,0.0,175.0,0.0,89.96,90.41,0.0,331.81,0.0,1213.412921,100145.0,0.99,76.8,-598435.3,300820.8,0.9948,0.097,551.6,-0.09721,-74.55767,0.0,0,-1.0,-1.0,-1.0,-1.0,-1.0,0.0,0.0,0.0,0.0
1791578272.91,2544159.6,279.9,79.0,6.5,0.0,175.0,0.0,89.96,90.41,0.0,331.81,0.0,1213.412921,100145.0,0.99,76.8,-598435.3,300820.8,0.9948,0.097,551.6,-0.09721,-74.55767,0.0,0,-1.0,-1.0,-1.0,-1.0,-1.0,0.0,0.0,0.0,0.0
1791578273.41,2544159.7,280.4,79.0,6.5,0.0,175.0,0.0,89.96,90.41,0.0,331.81,0.0,1213.412921,100145.0,0.99,76.8,-598435.3,300820.8,0.9948,0.097,551.6,-0.09721,-74.55767,0.0,0,-1.0,-1.0,-1.0,-1.0,-1.0,0.0,0.0,0.0,0.0
1791578273.91,2544159.7,280.9,79.0,6.5,0.0,175.0,0.0,89.96,90.41,0.0,331.81,0.0,1213.412921,100145.0,0.99,76.8,-598435.3,300820.8,0.9948,0.097,551.6,-0.09721,-74.55767,0.0,0,-1.0,-1.0,-1.0,-1.0,-1.0,0.0,0.0,0.0,0.0
1791578274.41,2544159.7,281.4,79.0,6.5,0.0,175.0,0.0,89.96,90.41,0.0,331.8,0.0,1213.412921,100145.0,0.99,76.8,-598435.3,300820.8,0.9948,0.097,551.6,-0.09721,-74.55767,0.0,0,-1.0,-1.0,-1.0,-1.0,-1.0,0.0,0.0,0.0,0.0
1791578274.91,2544159.7,281.9,79.0,6.5,0.0,175.0,0.0,89.96,90.41,0.0,331.8,0.0,1213.412921,100145.0,0.99,76.8,-598435.3,300820.8,0.9948,0.097,551.6,-0.09721,-74.55767,0.0,0,-1.0,-1.0,-1.0,-1.0,-1.0,0.0,0.0,0.0,0.0
1791578275.42,2544159.8,282.4,79.0,6.5,0.0,175.0,0.0,89.96,90.41,0.0,331.8,0.0,1213.412921,100145.0,0.99,76.8,-598435.3,300820.8,0.9948,0.097,551.6,-0.09721,-74.55767,0.0,0,-1.0,-1.0,-1.0,-1.0,-1.0,0.0,0.0,0.0,0.0
1791578275.92,2544159.8,282.9,79.0,6.5,0.0,175.0,0.0,89.96,90.41,0.0,331.8,0.0,1213.412921,100145.0,0.99,76.8,-598435.3,300820.8,0.9948,0.097,551.6,-0.09721,-74.55767,0.0,0,-1.0,-1.0,-1.0,-1.0,-1.0,0.0,0.0,0.0,0.0
1791578276.42,2544159.8,283.4,79.0,6.5,0.0,175.0,0.0,89.96,90.41,0.0,331.8,0.0,1213.412921,100145.0,0.99,76.8,-598435.3,300820.8,0.9948,0.097,551.6,-0.09721,-74.55767,0.0,0,-1.0,-1.0,-1.0,-1.0,-1.0,0.0,0.0,0.0,0.0
1791578276.92,2544159.8,283.9,79.0,6.5,0.0,175.0,0.0,89.96,90.41,0.0,331.8,0.0,1213.412921,100145.0,0.99,76.8,-598435.3,300820.8,0.9948,0.097,551.6,-0.09721,-74.55767,0.0,0,-1.0,-1.0,-1.0,-1.0,-1.0,0.0,0.0,0.0,0.0
1791578277.42,2544159.8,284.4,79.0,6.5,0.0,175.0,0.0,89.97,90.41,0.0,331.8,0.0,1213.412921,100145.0,0.99,76.8,-598435.3,300820.8,0.9948,0.097,551.6,-0.09721,-74.55767,0.0,0,-1.0,-1.0,-1.0,-1.0,-1.0,0.0,0.0,0.0,0.0
1791578277.92,2544159.8,284.9,79.0,6.5,0.0,175.0,0.0,89.97,90.41,0.0,331.8,0.0,1213.412921,100145.0,0.99,76.8,-598435.3,300820.8,0.9948,0.097,551.6,-0.09721,-74.55767,0.0,0,-1.0,-1.0,-1.0,-1.0,-1.0,0.0,0.0,0.0,0.0
1791578278.42,2544159.9,285.4,79.0,6.5,0.0,175.0,0.0,89.96,90.41,0.0,331.8,0.0,1213.412921,100145.0,0.99,76.8,-598435.3,300820.8,0.9948,0.097,551.6,-0.09721,-74.55767,0.0,0,-1.0,-1.0,-1.0,-1.0,-1.0,0.0,0.0,0.0,0.0
1791578278.93,2544159.9,285.9,79.0,6.5,0.0,175.0,0.0,89.96,90.41,0.0,331.8,0.0,1213.412921,100145.0,0.99,76.8,-598435.3,300820.8,0.9948,0.097,551.6,-0.09721,-74.55767,0.0,0,-1.0,-1.0,-1.0,-1.0,-1.0,0.0,0.0,0.0,0.0
1791578279.43,2544159.9,286.4,79.0,6.5,0.0,175.0,0.0,89.97,90.41,0.0,331.8,0.0,1213.412921,100145.0,0.99,76.8,-598435.3,300820.8,0.9948,0.097,551.6,-0.09721,-74.55767,0.0,0,-1.0,-1.0,-1.0,-1.0,-1.0,0.0,0.0,0.0,0.0
1791578279.93,2544159.9,286.9,79.0,6.5,0.0,175.0,0.0,89.97,90.41,0.0,331.8,0.0,1213.412921,100145.0,0.99,76.8,-598435.3,300820.8,0.9948,0.097,551.6,-0.09721,-74.55767,0.0,0,-1.0,-1.0,-1.0,-1.0,-1.0,0.0,0.0,0.0,0.0
1791578280.43,2544160.0,287.4,79.0,6.5,0.0,175.0,0.0,89.97,90.41,0.0,331.8,0.0,1213.412921,100145.0,0.99,76.8,-598435.3,300820.8,0.9948,0.097,551.6,-0.09721,-74.55767,0.0,0,-1.0,-1.0,-1.0,-1.0,-1.0,0.0,0.0,0.0,0.0
1791578280.94,2544160.0,287.9,79.0,6.5,0.0,175.0,0.0,89.97,90.41,0.0,331.8,0.0,1213.412921,100145.0,0.99,76.8,-598435.3,300820.8,0.9948,0.097,551.6,-0.09721,-74.55767,0.0,0,-1.0,-1.0,-1.0,-1.0,-1.0,0.0,0.0,0.0,0.0
1791578281.44,2544160.0,288.4,79.0,6.5,0.0,175.0,0.0,89.97,90.41,0.0,331.8,0.0,1213.412921,100145.0,0.99,76.8,-598435.3,300820.8,0.9948,0.097,551.6,-0.09721,-74.55767,0.0,0,-1.0,-1.0,-1.0,-1.0,-1.0,0.0,0.0,0.0,0.0
1791578281.94,2544160.0,288.9,79.0,6.5,0.0,175.0,0.0,89.97,90.41,0.0,331.8,0.0,1213.412921,100145.0,0.99,76.8,-598435.3,300820.8,0.9948,0.097,551.6,-0.09721,-74.55767,0.0,0,-1.0,-1.0,-1.0,-1.0,-1.0,0.0,0.0,0.0,0.0
1791578282.44,2544160.0,289.4,79.0,6.5,0.0,175.0,0.0,89.97,90.41,0.0,331.8,0.0,1213.412921,100145.0,0.99,76.8,-598435.3,300820.8,0.9948,0.097,551.6,-0.09721,-74.55767,0.0,0,-1.0,-1.0,-1.0,-1.0,-1.0,0.0,0.0,0.0,0.0
1791578282.94,2544160.0,289.9,79.0,6.5,0.0,175.0,0.0,89.97,90.41,0.0,331.8,0.0,1213.412921,100145.0,0.99,76.8,-598435.3,300820.8,0.9948,0.097,551.6,-0.09721,-74.55767,0.0,0,-1.0,-1.0,-1.0,-1.0,-1.0,0.0,0.0,0.0,0.0
1791578283.44,2544160.1,290.4,79.0,6.5,0.0,175.0,0.0,89.96,90.41,0.0,331.8,0.0,1213.412921,100145.0,0.99,76.8,-598435.3,300820.8,0.9948,0.097,551.6,-0.09721,-74.55767,0.0,0,-1.0,-1.0,-1.0,-1.0,-1.0,0.0,0.0,0.0,0.0
1791578283.95,2544160.1,290.9,79.0,6.5,0.0,175.0,0.0,89.96,90.41,0.0,331.8,0.0,1213.412921,100145.0,0.99,76.8,-598435.3,300820.8,0.9948,0.097,551.6,-0.09721,-74.55767,0.0,0,-1.0,-1.0,-1.0,-1.0,-1.0,0.0,0.0,0.0,0.0
1791578284.45,2544160.1,291.4,79.0,6.5,0.0,175.0,0.0,89.97,90.41,0.0,331.8,0.0,1213.412921,100145.0,0.99,76.8,-598435.3,300820.8,0.9948,0.097,551.6,-0.09721,-74.55767,0.0,0,-1.0,-1.0,-1.0,-1.0,-1.0,0.0,0.0,0.0,0.0
1791578284.95,2544160.1,291.9,79.0,6.5,0.0,175.0,0.0,89.97,90.41,0.0,331.8,0.0,1213.412921,100145.0,0.99,76.8,-598435.3,300820.8,0.9948,0.097,551.6,-0.09721,-74.55767,0.0,0,-1.0,-1.0,-1.0,-1.0,-1.0,0.0,0.0,0.0,0.0
1791578285.45,2544160.2,292.4,79.0,6.5,0.0,175.0,0.0,89.98,90.41,0.0,331.8,0.0,1213.412921,100145.0,0.99,76.8,-598435.3,300820.8,0.9948,0.097,551.6,-0.09721,-74.55767,0.0,0,-1.0,-1.0,-1.0,-1.0,-1.0,0.0,0.0,0.0,0.0
1791578285.95,2544160.2,292.9,79.0,6.5,0.0,175.0,0.0,89.98,90.41,0.0,331.8,0.0,1213.412921,100145.0,0.99,76.8,-598435.3,300820.8,0.9948,0.097,551.6,-0.09721,-74.55767,0.0,0,-1.0,-1.0,-1.0,-1.0,-1.0,0.0,0.0,0.0,0.0
1791578286.45,2544160.2,293.4,79.0,6.5,0.0,175.0,0.0,89.96,90.41,0.0,331.8,0.0,1213.412921,100145.0,0.99,76.8,-598435.3,300820.8,0.9948,0.097,551.6,-0.09721,-74.55767,0.0,0,-1.0,-1.0,-1.0,-1.0,-1.0,0.0,0.0,0.0,0.0
1791578286.95,2544160.2,293.9,79.0,6.5,0.0,175.0,0.0,89.96,90.41,0.0,331.8,0.0,1213.412921,100145.0,0.99,76.8,-598435.3,300820.8,0.9948,0.097,551.6,-0.09721,-74.55767,0.0,0,-1.0,-1.0,-1.0,-1.0,-1.0,0.0,0.0,0.0,0.0
1791578287.46,2544160.2,294.4,79.0,6.5,0.0,175.0,0.0,89.97,90.41,0.0,331.8,0.0,1213.412921,100145.0,0.99,76.8,-598435.3,300820.8,0.9948,0.097,551.6,-0.09721,-74.55767,0.0,0,-1.0,-1.0,-1.0,-1.0,-1.0,0.0,0.0,0.0,0.0
1791578287.96,2544160.2,294.9,79.0,6.5,0.0,175.0,0.0,89.97,90.41,0.0,331.8,0.0,1213.412921,100145.0,0.99,76.8,-598435.3,300820.8,0.9948,0.097,551.6,-0.09721,-74.55767,0.0,0,-1.0,-1.0,-1.0,-1.0,-1.0,0.0,0.0,0.0,0.0
1791578288.46,2544160.3,295.4,79.0,6.5,0.0,175.0,0.0,89.96,90.41,0.0,331.8,0.0,1213.412921,100145.0,0.99,76.8,-598435.3,300820.8,0.9948,0.097,551.6,-0.09721,-74.55767,0.0,0,-1.0,-1.0,-1.0,-1.0,-1.0,0.0,0.0,0.0,0.0
1791578288.96,2544160.5,295.9,79.0,6.5,0.0,175.0,0.0,89.97,90.41,0.0,331.79,0.0,1213.412921,100145.0,0.99,76.8,-598435.3,300820.8,0.9948,0.097,551.6,-0.09721,-74.55767,0.0,0,-1.0,-1.0,-1.0,-1.0,-1.0,0.0,0.0,0.0,0.0
1791578289.47,2544161.0,296.4,79.0,6.5,0.0,175.0,0.0,89.96,90.41,0.0,331.78,0.0,1213.412921,100145.0,0.99,76.8,-598435.3,300820.8,0.9948,0.097,551.6,-0.09721,-74.55767,0.0,0,-1.0,-1.0,-1.0,-1.0,-1.0,0.0,0.0,0.0,0.0
1791578289.97,2544161.5,296.9,79.0,6.5,0.0,175.0,0.0,89.97,90.41,0.0,331.78,0.0,1213.412921,100145.0,0.99,76.8,-598435.3,300820.8,0.9948,0.097,551.6,-0.09721,-74.55767,0.0,0,-1.0,-1.0,-1.0,-1.0,-1.0,0.0,0.0,0.0,0.0
1791578290.47,2544162.0,297.4,79.0,6.5,0.0,175.0,0.0,89.96,90.41,0.0,331.77,0.0,1213.412921,100145.0,0.99,76.8,-598435.3,300820.8,0.9948,0.097,551.6,-0.09721,-74.55767,0.0,0,-1.0,-1.0,-1.0,-1.0,-1.0,0.0,0.0,0.0,0.0
1791578290.97,2544162.5,297.9,79.0,6.5,0.0,175.0,0.0,89.97,90.41,0.0,331.76,0.0,1213.412921,100145.0,0.99,76.8,-598435.3,300820.8,0.9948,0.097,551.6,-0.09721,-74.55767,0.0,0,-1.0,-1.0,-1.0,-1.0,-1.0,0.0,0.0,0.0,0.0
1791578291.48,2544163.0,298.4,79.0,6.5,0.0,175.0,0.0,89.96,90.41,0.0,331.75,0.0,1213.412921,100145.0,0.99,76.8,-598435.3,300820.8,0.9948,0.097,551.6,-0.09721,-74.55767,0.0,0,-1.0,-1.0,-1.0,-1.0,-1.0,0.0,0.0,0.0,0.0
1791578291.98,2544163.5,298.9,79.0,6.5,0.0,175.0,0.0,89.96,90.41,0.0,331.74,0.0,1213.412921,100145.0,0.99,76.8,-598435.3,300820.8,0.9948,0.097,551.6,-0.09721,-74.55767,0.0,0,-1.0,-1.0,-1.0,-1.0,-1.0,0.0,0.0,0.0,0.0
1791578292.48,2544163.9,299.4,79.0,6.5,0.0,175.0,0.0,89.96,90.41,0.0,331.73,0.0,1213.412921,100145.0,0.99,76.8,-598435.3,300820.8,0.9948,0.097,551.6,-0.09721,-74.55767,0.0,0,-1.0,-1.0,-1.0,-1.0,-1.0,0.0,0.0,0.0,0.0
1791578292.99,2544164.0,299.9,79.0,6.5,0.0,175.0,0.0,89.97,90.41,0.0,331.73,0.0,1213.412921,100145.0,0.99,76.8,-598435.3,300820.8,0.9948,0.097,551.6,-0.09721,-74.55767,0.0,0,-1.0,-1.0,-1.0,-1.0,-1.0,0.0,0.0,0.0,0.0
1791578293.49,2544164.0,300.4,79.0,6.5,0.0,175.0,0.0,89.97,90.41,0.0,331.73,0.0,1213.412921,100145.0,0.99,76.8,-598435.3,300820.8,0.9948,0.097,551.6,-0.09721,-74.55767,0.0,0,-1.0,-1.0,-1.0,-1.0,-1.0,0.0,0.0,0.0,0.0
1791578293.99,2544164.1,300.9,79.0,6.5,0.0,175.0,0.0,89.97,90.41,0.0,331.73,0.0,1213.412921,100145.0,0.99,76.8,-598435.3,300820.8,0.9948,0.097,551.6,-0.09721,-74.55767,0.0,0,-1.0,-1.0,-1.0,-1.0,-1.0,0.0,0.0,0.0,0.0
1791578294.49,2544164.1,301.4,79.0,6.5,0.0,175.0,0.0,89.97,90.41,0.0,331.73,0.0,1213.412921,100145.0,0.99,76.8,-598435.3,300820.8,0.9948,0.097,551.6,-0.09721,-74.55767,0.0,0,-1.0,-1.0,-1.0,-1.0,-1.0,0.0,0.0,0.0,0.0
1791578294.99,2544164.3,301.9,79.0,6.5,0.0,175.0,0.0,89.97,90.41,0.0,331.73,0.0,1213.412921,100145.0,0.99,76.8,-598435.3,300820.8,0.9948,0.097,551.6,-0.09721,-74.55767,0.0,0,-1.0,-1.0,-1.0,-1.0,-1.0,0.0,0.0,0.0,0.0
1791578295.49,2544164.8,302.4,79.0,6.5,0.0,175.0,0.0,89.96,90.41,0.0,331.72,0.0,1213.412921,100145.0,0.99,76.8,-598435.3,300820.8,0.9948,0.097,551.6,-0.09721,-74.55767,0.0,0,-1.0,-1.0,-1.0,-1.0,-1.0,0.0,0.0,0.0,0.0
1791578295.99,2544165.3,302.9,79.0,6.5,0.0,175.0,0.0,89.96,90.41,0.0,331.71,0.0,1213.412921,100145.0,0.99,76.8,-598435.3,300820.8,0.9948,0.097,551.6,-0.09721,-74.55767,0.0,0,-1.0,-1.0,-1.0,-1.0,-1.0,0.0,0.0,0.0,0.0
1791578296.5,2544165.8,303.4,79.0,6.5,0.0,175.0,0.0,89.96,90.41,0.0,331.7,0.0,1213.412921,100145.0,0.99,76.8,-598435.3,300820.8,0.9948,0.097,551.6,-0.09721,-74.55767,0.0,0,-1.0,-1.0,-1.0,-1.0,-1.0,0.0,0.0,0.0,0.0
1791578297.0,2544166.3,303.9,79.0,6.5,0.0,175.0,0.0,89.97,90.41,0.0,331.69,0.0,1213.412921,100145.0,0.99,76.8,-598435.3,300820.8,0.9948,0.097,551.6,-0.09721,-74.55767,0.0,0,-1.0,-1.0,-1.0,-1.0,-1.0,0.0,0.0,0.0,0.0
1791578297.5,2544166.8,304.5,79.0,6.5,0.0,175.0,0.0,89.97,90.41,0.0,331.69,0.0,1213.412921,100145.0,0.99,76.8,-598435.3,300820.8,0.9948,0.097,551.6,-0.09721,-74.55767,0.0,0,-1.0,-1.0,-1.0,-1.0,-1.0,0.0,0.0,0.0,0.0
1791578298.0,2544167.3,305.0,79.0,6.5,0.0,175.0,0.0,89.97,90.41,0.0,331.68,0.0,1213.412921,100145.0,0.99,76.8,-598435.3,300820.8,0.9948,0.097,551.6,-0.09721,-74.55767,0.0,0,-1.0,-1.0,-1.0,-1.0,-1.0,0.0,0.0,0.0,0.0
1791578298.5,2544167.8,305.5,79.0,6.5,0.0,175.0,0.0,89.96,90.41,0.0,331.67,0.0,1213.412921,100145.0,0.99,76.8,-598435.3,300820.8,0.9948,0.097,551.6,-0.09721,-74.55767,0.0,0,-1.0,-1.0,-1.0,-1.0,-1.0,0.0,0.0,0.0,0.0
1791578299.0,2544168.3,306.0,79.0,6.5,0.0,175.0,0.0,89.97,90.41,0.0,331.66,0.0,1213.412921,100145.0,0.99,76.8,-598435.3,300820.8,0.9948,0.097,551.6,-0.09721,-74.55767,0.0,0,-1.0,-1.0,-1.0,-1.0,-1.0,0.0,0.0,0.0,0.0
1791578299.51,2544168.8,306.5,79.0,6.5,0.0,175.0,0.0,89.97,90.41,0.0,331.65,0.0,1213.412921,100145.0,0.99,76.8,-598435.3,300820.8,0.9948,0.097,551.6,-0.09721,-74.55767,0.0,0,-1.0,-1.0,-1.0,-1.0,-1.0,0.0,0.0,0.0,0.0
1791578300.01,2544169.3,307.0,79.0,6.5,0.0,175.0,0.0,89.96,90.41,0.0,331.64,0.0,1213.412921,100145.0,0.99,76.8,-598435.3,300820.8,0.9948,0.097,551.6,-0.09721,-74.55767,0.0,0,-1.0,-1.0,-1.0,-1.0,-1.0,0.0,0.0,0.0,0.0
1791578300.51,2544169.8,307.5,79.0,6.5,0.0,175.0,0.0,89.96,90.41,0.0,331.64,0.0,1213.412921,100145.0,0.99,76.8,-598435.3,300820.8,0.9948,0.097,551.6,-0.09721,-74.55767,0.0,0,-1.0,-1.0,-1.0,-1.0,-1.0,0.0,0.0,0.0,0.0
1791578301.01,2544170.3,308.0,79.0,6.5,0.0,175.0,0.0,89.97,90.41,0.0,331.63,0.0,1213.412921,100145.0,0.99,76.8,-598435.3,300820.8,0.9948,0.097,551.6,-0.09721,-74.55767,0.0,0,-1.0,-1.0,-1.0,-1.0,-1.0,0.0,0.0,0.0,0.0
1791578301.52,2544170.8,308.5,79.0,6.5,0.0,175.0,0.0,89.97,90.41,0.0,331.62,0.0,1213.412921,100145.0,0.99,76.8,-598435.3,300820.8,0.9948,0.097,551.6,-0.09721,-74.55767,0.0,0,-1.0,-1.0,-1.0,-1.0,-1.0,0.0,0.0,0.0,0.0
1791578302.02,2544171.3,309.0,79.0,6.5,0.0,175.0,0.0,89.97,90.41,0.0,331.61,0.0,1213.412921,100145.0,0.99,76.8,-598435.3,300820.8,0.9948,0.097,551.6,-0.09721,-74.55767,0.0,0,-1.0,-1.0,-1.0,-1.0,-1.0,0.0,0.0,0.0,0.0
1791578302.53,2544171.7,309.5,79.0,6.5,0.0,175.0,0.0,89.96,90.41,0.0,331.6,0.0,1213.412921,100145.0,0.99,76.8,-598435.3,300820.8,0.9948,0.097,551.6,-0.09721,-74.55767,0.0,0,-1.0,-1.0,-1.0,-1.0,-1.0,0.0,0.0,0.0,0.0
1791578303.03,2544172.2,310.0,79.0,6.5,0.0,175.0,0.0,89.96,90.41,0.0,331.6,0.0,1213.412921,100145.0,0.99,76.8,-598435.3,300820.8,0.9948,0.097,551.6,-0.09721,-74.55767,0.0,0,-1.0,-1.0,-1.0,-1.0,-1.0,0.0,0.0,0.0,0.0
1791578303.53,2544172.7,310.5,79.0,6.5,0.0,175.0,0.0,89.96,90.41,0.0,331.59,0.0,1213.412921,100145.0,0.99,76.8,-598435.3,300820.8,0.9948,0.097,551.6,-0.09721,-74.55767,0.0,0,-1.0,-1.0,-1.0,-1.0,-1.0,0.0,0.0,0.0,0.0
1791578304.03,2544173.3,311.0,79.0,6.5,0.0,175.0,0.0,89.97,90.41,0.0,331.58,0.0,1213.412921,100145.0,0.99,76.8,-598435.3,300820.8,0.9948,0.097,551.6,-0.09721,-74.55767,0.0,0,-1.0,-1.0,-1.0,-1.0,-1.0,0.0,0.0,0.0,0.0
1791578304.53,2544173.7,311.5,79.0,6.5,0.0,175.0,0.0,89.97,90.41,0.0,331.57,0.0,1213.412921,100145.0,0.99,76.8,-598435.3,300820.8,0.9948,0.097,551.6,-0.09721,-74.55767,0.0,0,-1.0,-1.0,-1.0,-1.0,-1.0,0.0,0.0,0.0,0.0
1791578305.03,2544174.2,312.0,79.0,6.5,0.0,175.0,0.0,89.97,90.41,0.0,331.56,0.0,1213.412921,100145.0,0.99,76.8,-598435.3,300820.8,0.9948,0.097,551.6,-0.09721,-74.55767,0.0,0,-1.0,-1.0,-1.0,-1.0,-1.0,0.0,0.0,0.0,0.0
1791578305.54,2544174.3,312.5,79.0,6.5,0.0,175.0,0.0,89.96,90.41,0.0,331.56,0.0,1213.412921,100145.0,0.99,76.8,-598435.3,300820.8,0.9948,0.097,551.6,-0.09721,-74.55767,0.0,0,-1.0,-1.0,-1.0,-1.0,-1.0,0.0,0.0,0.0,0.0
1791578306.04,2544174.3,313.0,79.0,6.5,0.0,175.0,0.0,89.96,90.41,0.0,331.56,0.0,1213.412921,100145.0,0.99,76.8,-598435.3,300820.8,0.9948,0.097,551.6,-0.09721,-74.55767,0.0,0,-1.0,-1.0,-1.0,-1.0,-1.0,0.0,0.0,0.0,0.0
1791578306.54,2544174.4,313.5,79.0,6.5,0.0,175.0,0.0,89.97,90.41,0.0,331.56,0.0,1213.412921,100145.0,0.99,76.8,-598435.3,300820.8,0.9948,0.097,551.6,-0.09721,-74.55767,0.0,0,-1.0,-1.0,-1.0,-1.0,-1.0,0.0,0.0,0.0,0.0
1791578307.04,2544174.4,314.0,79.0,6.5,0.0,175.0,0.0,89.97,90.41,0.0,331.56,0.0,1213.412921,100145.0,0.99,76.8,-598435.3,300820.8,0.9948,0.097,551.6,-0.09721,-74.55767,0.0,0,-1.0,-1.0,-1.0,-1.0,-1.0,0.0,0.0,0.0,0.0
1791578307.54,2544174.4,314.5,79.0,6.5,0.0,175.0,0.0,89.96,90.41,0.0,331.56,0.0,1213.412921,100145.0,0.99,76.8,-598435.3,300820.8,0.9948,0.097,551.6,-0.09721,-74.55767,0.0,0,-1.0,-1.0,-1.0,-1.0,-1.0,0.0,0.0,0.0,0.0
1791578308.04,2544174.4,315.0,79.0,6.5,0.0,175.0,0.0,89.96,90.41,0.0,331.56,0.0,1213.412921,100145.0,0.99,76.8,-598435.3,300820.8,0.9948,0.097,551.6,-0.09721,-74.55767,0.0,0,-1.0,-1.0,-1.0,-1.0,-1.0,0.0,0.0,0.0,0.0
1791578308.55,2544174.4,315.5,79.0,6.5,0.0,175.0,0.0,89.95,90.41,0.0,331.56,0.0,1213.412921,100145.0,0.99,76.8,-598435.3,300820.8,0.9948,0.097,551.6,-0.09721,-74.55767,0.0,0,-1.0,-1.0,-1.0,-1.0,-1.0,0.0,0.0,0.0,0.0
1791578309.05,2544174.4,316.0,79.0,6.5,0.0,175.0,0.0,89.95,90.41,0.0,331.56,0.0,1213.412921,100145.0,0.99,76.8,-598435.3,300820.8,0.9948,0.097,551.6,-0.09721,-74.55767,0.0,0,-1.0,-1.0,-1.0,-1.0,-1.0,0.0,0.0,0.0,0.0
1791578309.55,2544174.5,316.5,79.0,6.5,0.0,175.0,0.0,89.97,90.41,0.0,331.56,0.0,1213.412921,100145.0,0.99,76.8,-598435.3,300820.8,0.9948,0.097,551.6,-0.09721,-74.55767,0.0,0,-1.0,-1.0,-1.0,-1.0,-1.0,0.0,0.0,0.0,0.0
1791578310.05,2544174.5,317.0,79.0,6.5,0.0,175.0,0.0,89.97,90.41,0.0,331.56,0.0,1213.412921,100145.0,0.99,76.8,-598435.3,300820.8,0.9948,0.097,551.6,-0.09721,-74.55767,0.0,0,-1.0,-1.0,-1.0,-1.0,-1.0,0.0,0.0,0.0,0.0
1791578310.55,2544174.8,317.5,79.0,6.5,0.0,175.0,0.0,89.97,90.41,0.0,331.55,0.0,1213.412921,100145.0,0.99,76.8,-598435.3,300820.8,0.9948,0.097,551.6,-0.09721,-74.55767,0.0,0,-1.0,-1.0,-1.0,-1.0,-1.0,0.0,0.0,0.0,0.0
1791578311.06,2544175.3,318.0,79.0,6.5,0.0,175.0,0.0,89.96,90.41,0.0,331.54,0.0,1213.412921,100145.0,0.99,76.8,-598435.3,300820.8,0.9948,0.097,551.6,-0.09721,-74.55767,0.0,0,-1.0,-1.0,-1.0,-1.0,-1.0,0.0,0.0,0.0,0.0
1791578311.56,2544175.8,318.5,79.0,6.5,0.0,175.0,0.0,89.96,90.41,0.0,331.54,0.0,1213.412921,100145.0,0.99,76.8,-598435.3,300820.8,0.9948,0.097,551.6,-0.09721,-74.55767,0.0,0,-1.0,-1.0,-1.0,-1.0,-1.0,0.0,0.0,0.0,0.0
1791578312.06,2544176.3,319.0,79.0,6.5,0.0,175.0,0.0,89.97,90.41,0.0,331.53,0.0,1213.412921,100145.0,0.99,76.8,-598435.3,300820.8,0.9948,0.097,551.6,-0.09721,-74.55767,0.0,0,-1.0,-1.0,-1.0,-1.0,-1.0,0.0,0.0,0.0,0.0
1791578312.56,2544176.8,319.5,79.0,6.5,0.0,175.0,0.0,89.96,90.41,0.0,331.52,0.0,1213.412921,100145.0,0.99,76.8,-598435.3,300820.8,0.9948,0.097,551.6,-0.09721,-74.55767,0.0,0,-1.0,-1.0,-1.0,-1.0,-1.0,0.0,0.0,0.0,0.0
1791578313.06,2544177.3,320.0,79.0,6.5,0.0,175.0,0.0,89.96,90.41,0.0,331.51,0.0,1213.412921,100145.0,0.99,76.8,-598435.3,300820.8,0.9948,0.097,551.6,-0.09721,-74.55767,0.0,0,-1.0,-1.0,-1.0,-1.0,-1.0,0.0,0.0,0.0,0.0
1791578313.56,2544177.8,320.5,79.0,6.5,0.0,175.0,0.0,89.96,90.41,0.0,331.5,0.0,1213.412921,100145.0,0.99,76.8,-598435.3,300820.8,0.9948,0.097,551.6,-0.09721,-74.55767,0.0,0,-1.0,-1.0,-1.0,-1.0,-1.0,0.0,0.0,0.0,0.0
1791578314.06,2544178.3,321.0,79.0,6.5,0.0,175.0,0.0,89.97,90.41,0.0,331.49,0.0,1213.412921,100145.0,0.99,76.8,-598435.3,300820.8,0.9948,0.097,551.6,-0.09721,-74.55767,0.0,0,-1.0,-1.0,-1.0,-1.0,-1.0,0.0,0.0,0.0,0.0
1791578314.57,2544178.8,321.5,79.0,6.5,0.0,175.0,0.0,89.97,90.41,0.0,331.49,0.0,1213.412921,100145.0,0.99,76.8,-598435.3,300820.8,0.9948,0.097,551.6,-0.09721,-74.55767,0.0,0,-1.0,-1.0,-1.0,-1.0,-1.0,0.0,0.0,0.0,0.0
1791578315.07,2544179.3,322.0,79.0,6.5,0.0,175.0,0.0,89.96,90.41,0.0,331.48,0.0,1213.412921,100145.0,0.99,76.8,-598435.3,300820.8,0.9948,0.097,551.6,-0.09721,-74.55767,0.0,0,-1.0,-1.0,-1.0,-1.0,-1.0,0.0,0.0,0.0,0.0
1791578315.57,2544179.8,322.5,79.0,6.5,0.0,175.0,0.0,89.97,90.41,0.0,331.47,0.0,1213.412921,100145.0,0.99,76.8,-598435.3,300820.8,0.9948,0.097,551.6,-0.09721,-74.55767,0.0,0,-1.0,-1.0,-1.0,-1.0,-1.0,0.0,0.0,0.0,0.0
1791578316.07,2544180.3,323.0,79.0,6.5,0.0,175.0,0.0,89.97,90.41,0.0,331.46,0.0,1213.412921,100145.0,0.99,76.8,-598435.3,300820.8,0.9948,0.097,551.6,-0.09721,-74.55767,0.0,0,-1.0,-1.0,-1.0,-1.0,-1.0,0.0,0.0,0.0,0.0
1791578316.58,2544180.8,323.5,79.0,6.5,0.0,175.0,0.0,89.96,90.41,0.0,331.45,0.0,1213.412921,100145.0,0.99,76.8,-598435.3,300820.8,0.9948,0.097,551.6,-0.09721,-74.55767,0.0,0,-1.0,-1.0,-1.0,-1.0,-1.0,0.0,0.0,0.0,0.0
1791578317.08,2544181.3,324.0,79.0,6.5,0.0,175.0,0.0,89.96,90.41,0.0,331.44,0.0,1213.412921,100145.0,0.99,76.8,-598435.3,300820.8,0.9948,0.097,551.6,-0.09721,-74.55767,0.0,0,-1.0,-1.0,-1.0,-1.0,-1.0,0.0,0.0,0.0,0.0
1791578317.58,2544181.8,324.5,79.0,6.5,0.0,175.0,0.0,89.96,90.41,0.0,331.44,0.0,1213.412921,100145.0,0.99,76.8,-598435.3,300820.8,0.9948,0.097,551.6,-0.09721,-74.55767,0.0,0,-1.0,-1.0,-1.0,-1.0,-1.0,0.0,0.0,0.0,0.0
1791578318.08,2544182.3,325.0,79.0,6.5,0.0,175.0,0.0,89.97,90.41,0.0,331.43,0.0,1213.412921,100145.0,0.99,76.8,-598435.3,300820.8,0.9948,0.097,551.6,-0.09721,-74.55767,0.0,0,-1.0,-1.0,-1.0,-1.0,-1.0,0.0,0.0,0.0,0.0
1791578318.58,2544182.8,325.5,79.0,6.5,0.0,175.0,0.0,89.97,90.41,0.0,331.42,0.0,1213.412921,100145.0,0.99,76.8,-598435.3,300820.8,0.9948,0.097,551.6,-0.09721,-74.55767,0.0,0,-1.0,-1.0,-1.0,-1.0,-1.0,0.0,0.0,0.0,0.0
1791578319.08,2544183.3,326.0,79.0,6.5,0.0,175.0,0.0,89.96,90.41,0.0,331.41,0.0,1213.412921,100145.0,0.99,76.8,-598435.3,300820.8,0.9948,0.097,551.6,-0.09721,-74.55767,0.0,0,-1.0,-1.0,-1.0,-1.0,-1.0,0.0,0.0,0.0,0.0
1791578319.59,2544183.8,326.5,79.0,6.5,0.0,175.0,0.0,89.96,90.41,0.0,331.4,0.0,1213.412921,100145.0,0.99,76.8,-598435.3,300820.8,0.9948,0.097,551.6,-0.09721,-74.55767,0.0,0,-1.0,-1.0,-1.0,-1.0,-1.0,0.0,0.0,0.0,0.0
1791578320.09,2544184.3,327.0,79.0,6.5,0.0,175.0,0.0,89.97,90.41,0.0,331.39,0.0,1213.412921,100145.0,0.99,76.8,-598435.3,300820.8,0.9948,0.097,551.6,-0.09721,-74.55767,0.0,0,-1.0,-1.0,-1.0,-1.0,-1.0,0.0,0.0,0.0,0.0
1791578320.59,2544184.8,327.5,79.0,6.5,0.0,175.0,0.0,89.97,90.41,0.0,331.39,0.0,1213.412921,100145.0,0.99,76.8,-598435.3,300820.8,0.9948,0.097,551.6,-0.09721,-74.55767,0.0,0,-1.0,-1.0,-1.0,-1.0,-1.0,0.0,0.0,0.0,0.0
1791578321.09,2544185.3,328.0,79.0,6.5,0.0,175.0,0.0,89.95,90.41,0.0,331.38,0.0,1213.412921,100145.0,0.99,76.8,-598435.3,300820.8,0.9948,0.097,551.6,-0.09721,-74.55767,0.0,0,-1.0,-1.0,-1.0,-1.0,-1.0,0.0,0.0,0.0,0.0
1791578321.6,2544185.8,328.5,79.0,6.5,0.0,175.0,0.0,89.97,90.41,0.0,331.37,0.0,1213.412921,100145.0,0.99,76.8,-598435.3,300820.8,0.9948,0.097,551.6,-0.09721,-74.55767,0.0,0,-1.0,-1.0,-1.0,-1.0,-1.0,0.0,0.0,0.0,0.0
1791578322.1,2544186.3,329.1,79.0,6.5,0.0,175.0,0.0,89.97,90.41,0.0,331.36,0.0,1213.412921,100145.0,0.99,76.8,-598435.3,300820.8,0.9948,0.097,551.6,-0.09721,-74.55767,0.0,0,-1.0,-1.0,-1.0,-1.0,-1.0,0.0,0.0,0.0,0.0
1791578322.6,2544186.8,329.6,79.0,6.5,0.0,175.0,0.0,89.95,90.41,0.0,331.35,0.0,1213.412921,100145.0,0.99,76.8,-598435.3,300820.8,0.9948,0.097,551.6,-0.09721,-74.55767,0.0,0,-1.0,-1.0,-1.0,-1.0,-1.0,0.0,0.0,0.0,0.0
1791578323.1,2544187.3,330.1,79.0,6.5,0.0,175.0,0.0,89.97,90.41,0.0,331.34,0.0,1213.412921,100145.0,0.99,76.8,-598435.3,300820.8,0.9948,0.097,551.6,-0.09721,-74.55767,0.0,0,-1.0,-1.0,-1.0,-1.0,-1.0,0.0,0.0,0.0,0.0
1791578323.61,2544187.8,330.6,79.0,6.5,0.0,175.0,0.0,89.97,90.41,0.0,331.34,0.0,1213.412921,100145.0,0.99,76.8,-598435.3,300820.8,0.9948,0.097,551.6,-0.09721,-74.55767,0.0,0,-1.0,-1.0,-1.0,-1.0,-1.0,0.0,0.0,0.0,0.0
1791578324.11,2544188.3,331.1,79.0,6.5,0.0,175.0,0.0,89.97,90.41,0.0,331.33,0.0,1213.412921,100145.0,0.99,76.8,-598435.3,300820.8,0.9948,0.097,551.6,-0.09721,-74.55767,0.0,0,-1.0,-1.0,-1.0,-1.0,-1.0,0.0,0.0,0.0,0.0
1791578324.61,2544188.8,331.6,79.0,6.5,0.0,175.0,0.0,89.97,90.41,0.0,331.32,0.0,1213.412921,100145.0,0.99,76.8,-598435.3,300820.8,0.9948,0.097,551.6,-0.09721,-74.55767,0.0,0,-1.0,-1.0,-1.0,-1.0,-1.0,0.0,0.0,0.0,0.0
1791578325.11,2544189.2,332.1,79.0,6.5,0.0,175.0,0.0,89.96,90.41,0.0,331.31,0.0,1213.412921,100145.0,0.99,76.8,-598435.3,300820.8,0.9948,0.097,551.6,-0.09721,-74.55767,0.0,0,-1.0,-1.0,-1.0,-1.0,-1.0,0.0,0.0,0.0,0.0
1791578325.62,2544189.2,332.6,79.0,6.5,0.0,175.0,0.0,89.96,90.41,0.0,331.31,0.0,1213.412921,100145.0,0.99,76.8,-598435.3,300820.8,0.9948,0.097,551.6,-0.09721,-74.55767,0.0,0,-1.0,-1.0,-1.0,-1.0,-1.0,0.0,0.0,0.0,0.0
1791578326.12,2544189.2,333.1,79.0,6.5,0.0,175.0,0.0,89.96,90.41,0.0,331.31,0.0,1213.412921,100145.0,0.99,76.8,-598435.3,300820.8,0.9948,0.097,551.6,-0.09721,-74.55767,0.0,0,-1.0,-1.0,-1.0,-1.0,-1.0,0.0,0.0,0.0,0.0
1791578326.62,2544189.2,333.6,79.0,6.5,0.0,175.0,0.0,89.96,90.41,0.0,331.31,0.0,1213.412921,100145.0,0.99,76.8,-598435.3,300820.8,0.9948,0.097,551.6,-0.09721,-74.55767,0.0,0,-1.0,-1.0,-1.0,-1.0,-1.0,0.0,0.0,0.0,0.0
1791578327.12,2544189.3,334.1,79.0,6.5,0.0,175.0,0.0,89.96,90.41,0.0,331.31,0.0,1213.412921,100145.0,0.99,76.8,-598435.3,300820.8,0.9948,0.097,551.6,-0.09721,-74.55767,0.0,0,-1.0,-1.0,-1.0,-1.0,-1.0,0.0,0.0,0.0,0.0
1791578327.62,2544189.3,334.6,79.0,6.5,0.0,175.0,0.0,89.96,90.41,0.0,331.31,0.0,1213.412921,100145.0,0.99,76.8,-598435.3,300820.8,0.9948,0.097,551.6,-0.09721,-74.55767,0.0,0,-1.0,-1.0,-1.0,-1.0,-1.0,0.0,0.0,0.0,0.0
1791578328.12,2544189.3,335.1,79.0,6.5,0.0,175.0,0.0,89.97,90.41,0.0,331.31,0.0,1213.412921,100145.0,0.99,76.8,-598435.3,300820.8,0.9948,0.097,551.6,-0.09721,-74.55767,0.0,0,-1.0,-1.0,-1.0,-1.0,-1.0,0.0,0.0,0.0,0.0
1791578328.63,2544189.3,335.6,79.0,6.5,0.0,175.0,0.0,89.97,90.41,0.0,331.31,0.0,1213.412921,100145.0,0.99,76.8,-598435.3,300820.8,0.9948,0.097,551.6,-0.09721,-74.55767,0.0,0,-1.0,-1.0,-1.0,-1.0,-1.0,0.0,0.0,0.0,0.0
1791578329.13,2544189.3,336.1,79.0,6.5,0.0,175.0,0.0,89.97,90.41,0.0,331.31,0.0,1213.412921,100145.0,0.99,76.8,-598435.3,300820.8,0.9948,0.097,551.6,-0.09721,-74.55767,0.0,0,-1.0,-1.0,-1.0,-1.0,-1.0,0.0,0.0,0.0,0.0
1791578329.63,2544189.3,336.6,79.0,6.5,0.0,175.0,0.0,89.97,90.41,0.0,331.31,0.0,1213.412921,100145.0,0.99,76.8,-598435.3,300820.8,0.9948,0.097,551.6,-0.09721,-74.55767,0.0,0,-1.0,-1.0,-1.0,-1.0,-1.0,0.0,0.0,0.0,0.0
1791578330.13,2544189.3,337.1,79.0,6.5,0.0,175.0,0.0,89.97,90.41,0.0,331.31,0.0,1213.412921,100145.0,0.99,76.8,-598435.3,300820.8,0.9948,0.097,551.6,-0.09721,-74.55767,0.0,0,-1.0,-1.0,-1.0,-1.0,-1.0,0.0,0.0,0.0,0.0
1791578330.63,2544189.4,337.6,79.0,6.5,0.0,175.0,0.0,89.96,90.41,0.0,331.31,0.0,1213.412921,100145.0,0.99,76.8,-598435.3,300820.8,0.9948,0.097,551.6,-0.09721,-74.55767,0.0,0,-1.0,-1.0,-1.0,-1.0,-1.0,0.0,0.0,0.0,0.0
1791578331.13,2544189.4,338.1,79.0,6.5,0.0,175.0,0.0,89.96,90.41,0.0,331.31,0.0,1213.412921,100145.0,0.99,76.8,-598435.3,300820.8,0.9948,0.097,551.6,-0.09721,-74.55767,0.0,0,-1.0,-1.0,-1.0,-1.0,-1.0,0.0,0.0,0.0,0.0
1791578331.64,2544189.4,338.6,79.0,6.5,0.0,175.0,0.0,89.96,90.41,0.0,331.31,0.0,1213.412921,100145.0,0.99,76.8,-598435.3,300820.8,0.9948,0.097,551.6,-0.09721,-74.55767,0.0,0,-1.0,-1.0,-1.0,-1.0,-1.0,0.0,0.0,0.0,0.0
1791578332.14,2544189.4,339.1,79.0,6.5,0.0,175.0,0.0,89.96,90.41,0.0,331.31,0.0,1213.412921,100145.0,0.99,76.8,-598435.3,300820.8,0.9948,0.097,551.6,-0.09721,-74.55767,0.0,0,-1.0,-1.0,-1.0,-1.0,-1.0,0.0,0.0,0.0,0.0
1791578332.64,2544189.5,339.6,79.0,6.5,0.0,175.0,0.0,89.96,90.41,0.0,331.31,0.0,1213.412921,100145.0,0.99,76.8,-598435.3,300820.8,0.9948,0.097,551.6,-0.09721,-74.55767,0.0,0,-1.0,-1.0,-1.0,-1.0,-1.0,0.0,0.0,0.0,0.0
1791578333.14,2544189.5,340.1,79.0,6.5,0.0,175.0,0.0,89.96,90.41,0.0,331.31,0.0,1213.412921,100145.0,0.99,76.8,-598435.3,300820.8,0.9948,0.097,551.6,-0.09721,-74.55767,0.0,0,-1.0,-1.0,-1.0,-1.0,-1.0,0.0,0.0,0.0,0.0
1791578333.64,2544189.5,340.6,79.0,6.5,0.0,175.0,0.0,89.96,90.41,0.0,331.31,0.0,1213.412921,100145.0,0.99,76.8,-598435.3,300820.8,0.9948,0.097,551.6,-0.09721,-74.55767,0.0,0,-1.0,-1.0,-1.0,-1.0,-1.0,0.0,0.0,0.0,0.0
1791578334.14,2544189.5,341.1,79.0,6.5,0.0,175.0,0.0,89.96,90.41,0.0,331.31,0.0,1213.412921,100145.0,0.99,76.8,-598435.3,300820.8,0.9948,0.097,551.6,-0.09721,-74.55767,0.0,0,-1.0,-1.0,-1.0,-1.0,-1.0,0.0,0.0,0.0,0.0
1791578334.64,2544189.5,341.6,79.0,6.5,0.0,175.0,0.0,89.97,90.41,0.0,331.31,0.0,1213.412921,100145.0,0.99,76.8,-598435.3,300820.8,0.9948,0.097,551.6,-0.09721,-74.55767,0.0,0,-1.0,-1.0,-1.0,-1.0,-1.0,0.0,0.0,0.0,0.0
1791578335.15,2544189.5,342.1,79.0,6.5,0.0,175.0,0.0,89.97,90.41,0.0,331.31,0.0,1213.412921,100145.0,0.99,76.8,-598435.3,300820.8,0.9948,0.097,551.6,-0.09721,-74.55767,0.0,0,-1.0,-1.0,-1.0,-1.0,-1.0,0.0,0.0,0.0,0.0
1791578335.65,2544189.6,342.6,79.0,6.5,0.0,175.0,0.0,89.97,90.41,0.0,331.31,0.0,1213.412921,100145.0,0.99,76.8,-598435.3,300820.8,0.9948,0.097,551.6,-0.09721,-74.55767,0.0,0,-1.0,-1.0,-1.0,-1.0,-1.0,0.0,0.0,0.0,0.0
1791578336.15,2544189.6,343.1,79.0,6.5,0.0,175.0,0.0,89.97,90.41,0.0,331.31,0.0,1213.412921,100145.0,0.99,76.8,-598435.3,300820.8,0.9948,0.097,551.6,-0.09721,-74.55767,0.0,0,-1.0,-1.0,-1.0,-1.0,-1.0,0.0,0.0,0.0,0.0
1791578336.65,2544189.6,343.6,79.0,6.5,0.0,175.0,0.0,89.96,90.41,0.0,331.31,0.0,1213.412921,100145.0,0.99,76.8,-598435.3,300820.8,0.9948,0.097,551.6,-0.09721,-74.55767,0.0,0,-1.0,-1.0,-1.0,-1.0,-1.0,0.0,0.0,0.0,0.0
1791578337.15,2544189.6,344.1,79.0,6.5,0.0,175.0,0.0,89.96,90.41,0.0,331.31,0.0,1213.412921,100145.0,0.99,76.8,-598435.3,300820.8,0.9948,0.097,551.6,-0.09721,-74.55767,0.0,0,-1.0,-1.0,-1.0,-1.0,-1.0,0.0,0.0,0.0,0.0
1791578337.65,2544189.7,344.6,79.0,6.5,0.0,175.0,0.0,89.97,90.41,0.0,331.31,0.0,1213.412921,100145.0,0.99,76.8,-598435.3,300820.8,0.9948,0.097,551.6,-0.09721,-74.55767,0.0,0,-1.0,-1.0,-1.0,-1.0,-1.0,0.0,0.0,0.0,0.0
1791578338.16,2544189.7,345.1,79.0,6.5,0.0,175.0,0.0,89.97,90.41,0.0,331.31,0.0,1213.412921,100145.0,0.99,76.8,-598435.3,300820.8,0.9948,0.097,551.6,-0.09721,-74.55767,0.0,0,-1.0,-1.0,-1.0,-1.0,-1.0,0.0,0.0,0.0,0.0
1791578338.66,2544189.7,345.6,79.0,6.5,0.0,175.0,0.0,89.96,90.41,0.0,331.3,0.0,1213.412921,100145.0,0.99,76.8,-598435.3,300820.8,0.9948,0.097,551.6,-0.09721,-74.55767,0.0,0,-1.0,-1.0,-1.0,-1.0,-1.0,0.0,0.0,0.0,0.0
1791578339.16,2544189.7,346.1,79.0,6.5,0.0,175.0,0.0,89.96,90.41,0.0,331.3,0.0,1213.412921,100145.0,0.99,76.8,-598435.3,300820.8,0.9948,0.097,551.6,-0.09721,-74.55767,0.0,0,-1.0,-1.0,-1.0,-1.0,-1.0,0.0,0.0,0.0,0.0
1791578339.66,2544189.7,346.6,79.0,6.5,0.0,175.0,0.0,89.96,90.41,0.0,331.3,0.0,1213.412921,100145.0,0.99,76.8,-598435.3,300820.8,0.9948,0.097,551.6,-0.09721,-74.55767,0.0,0,-1.0,-1.0,-1.0,-1.0,-1.0,0.0,0.0,0.0,0.0
1791578340.16,2544189.7,347.1,79.0,6.5,0.0,175.0,0.0,89.96,90.41,0.0,331.3,0.0,1213.412921,100145.0,0.99,76.8,-598435.3,300820.8,0.9948,0.097,551.6,-0.09721,-74.55767,0.0,0,-1.0,-1.0,-1.0,-1.0,-1.0,0.0,0.0,0.0,0.0
1791578340.66,2544189.8,347.6,79.0,6.5,0.0,175.0,0.0,89.97,90.41,0.0,331.3,0.0,1213.412921,100145.0,0.99,76.8,-598435.3,300820.8,0.9948,0.097,551.6,-0.09721,-74.55767,0.0,0,-1.0,-1.0,-1.0,-1.0,-1.0,0.0,0.0,0.0,0.0
1791578341.16,2544189.8,348.1,79.0,6.5,0.0,175.0,0.0,89.97,90.41,0.0,331.3,0.0,1213.412921,100145.0,0.99,76.8,-598435.3,300820.8,0.9948,0.097,551.6,-0.09721,-74.55767,0.0,0,-1.0,-1.0,-1.0,-1.0,-1.0,0.0,0.0,0.0,0.0
1791578341.67,2544189.8,348.6,79.0,6.5,0.0,175.0,0.0,89.97,90.41,0.0,331.3,0.0,1213.412921,100145.0,0.99,76.8,-598435.3,300820.8,0.9948,0.097,551.6,-0.09721,-74.55767,0.0,0,-1.0,-1.0,-1.0,-1.0,-1.0,0.0,0.0,0.0,0.0
1791578342.17,2544189.8,349.1,79.0,6.5,0.0,175.0,0.0,89.97,90.41,0.0,331.3,0.0,1213.412921,100145.0,0.99,76.8,-598435.3,300820.8,0.9948,0.097,551.6,-0.09721,-74.55767,0.0,0,-1.0,-1.0,-1.0,-1.0,-1.0,0.0,0.0,0.0,0.0
1791578342.67,2544189.9,349.6,79.0,6.5,0.0,175.0,0.0,89.96,90.41,0.0,331.3,0.0,1213.412921,100145.0,0.99,76.8,-598435.3,300820.8,0.9948,0.097,551.6,-0.09721,-74.55767,0.0,0,-1.0,-1.0,-1.0,-1.0,-1.0,0.0,0.0,0.0,0.0
1791578343.17,2544189.9,350.1,79.0,6.5,0.0,175.0,0.0,89.96,90.41,0.0,331.3,0.0,1213.412921,100145.0,0.99,76.8,-598435.3,300820.8,0.9948,0.097,551.6,-0.09721,-74.55767,0.0,0,-1.0,-1.0,-1.0,-1.0,-1.0,0.0,0.0,0.0,0.0
1791578343.67,2544189.9,350.6,79.0,6.5,0.0,175.0,0.0,89.96,90.41,0.0,331.3,0.0,1213.412921,100145.0,0.99,76.8,-598435.3,300820.8,0.9948,0.097,551.6,-0.09721,-74.55767,0.0,0,-1.0,-1.0,-1.0,-1.0,-1.0,0.0,0.0,0.0,0.0
1791578344.17,2544189.9,351.1,79.0,6.5,0.0,175.0,0.0,89.96,90.41,0.0,331.3,0.0,1213.412921,100145.0,0.99,76.8,-598435.3,300820.8,0.9948,0.097,551.6,-0.09721,-74.55767,0.0,0,-1.0,-1.0,-1.0,-1.0,-1.0,0.0,0.0,0.0,0.0
1791578344.68,2544189.9,351.6,79.0,6.5,0.0,175.0,0.0,89.96,90.41,0.0,331.3,0.0,1213.412921,100145.0,0.99,76.8,-598435.3,300820.8,0.9948,0.097,551.6,-0.09721,-74.55767,0.0,0,-1.0,-1.0,-1.0,-1.0,-1.0,0.0,0.0,0.0,0.0
1791578345.18,2544189.9,352.1,79.0,6.5,0.0,175.0,0.0,89.96,90.41,0.0,331.3,0.0,1213.412921,100145.0,0.99,76.8,-598435.3,300820.8,0.9948,0.097,551.6,-0.09721,-74.55767,0.0,0,-1.0,-1.0,-1.0,-1.0,-1.0,0.0,0.0,0.0,0.0
1791578345.68,2544190.0,352.6,79.0,6.5,0.0,175.0,0.0,89.97,90.41,0.0,331.3,0.0,1213.412921,100145.0,0.99,76.8,-598435.3,300820.8,0.9948,0.097,551.6,-0.09721,-74.55767,0.0,0,-1.0,-1.0,-1.0,-1.0,-1.0,0.0,0.0,0.0,0.0
1791578346.18,2544190.0,353.1,79.0,6.5,0.0,175.0,0.0,89.97,90.41,0.0,331.3,0.0,1213.412921,100145.0,0.99,76.8,-598435.3,300820.8,0.9948,0.097,551.6,-0.09721,-74.55767,0.0,0,-1.0,-1.0,-1.0,-1.0,-1.0,0.0,0.0,0.0,0.0
1791578346.68,2544190.0,353.6,79.0,6.5,0.0,175.0,0.0,89.97,90.41,0.0,331.3,0.0,1213.412921,100145.0,0.99,76.8,-598435.3,300820.8,0.9948,0.097,551.6,-0.09721,-74.55767,0.0,0,-1.0,-1.0,-1.0,-1.0,-1.0,0.0,0.0,0.0,0.0
1791578347.18,2544190.0,354.1,79.0,6.5,0.0,175.0,0.0,89.97,90.41,0.0,331.3,0.0,1213.412921,100145.0,0.99,76.8,-598435.3,300820.8,0.9948,0.097,551.6,-0.09721,-74.55767,0.0,0,-1.0,-1.0,-1.0,-1.0,-1.0,0.0,0.0,0.0,0.0
1791578347.69,2544190.1,354.6,79.0,6.5,0.0,175.0,0.0,89.96,90.41,0.0,331.3,0.0,1213.412921,100145.0,0.99,76.8,-598435.3,300820.8,0.9948,0.097,551.6,-0.09721,-74.55767,0.0,0,-1.0,-1.0,-1.0,-1.0,-1.0,0.0,0.0,0.0,0.0
1791578348.19,2544190.1,355.1,79.0,6.5,0.0,175.0,0.0,89.96,90.41,0.0,331.3,0.0,1213.412921,100145.0,0.99,76.8,-598435.3,300820.8,0.9948,0.097,551.6,-0.09721,-74.55767,0.0,0,-1.0,-1.0,-1.0,-1.0,-1.0,0.0,0.0,0.0,0.0
1791578348.69,2544190.1,355.6,79.0,6.5,0.0,175.0,0.0,89.98,90.41,0.0,331.3,0.0,1213.412921,100145.0,0.99,76.8,-598435.3,300820.8,0.9948,0.097,551.6,-0.09721,-74.55767,0.0,0,-1.0,-1.0,-1.0,-1.0,-1.0,0.0,0.0,0.0,0.0
1791578349.19,2544190.1,356.1,79.0,6.5,0.0,175.0,0.0,89.98,90.41,0.0,331.3,0.0,1213.412921,100145.0,0.99,76.8,-598435.3,300820.8,0.9948,0.097,551.6,-0.09721,-74.55767,0.0,0,-1.0,-1.0,-1.0,-1.0,-1.0,0.0,0.0,0.0,0.0
1791578349.69,2544190.1,356.6,79.0,6.5,0.0,175.0,0.0,89.97,90.41,0.0,331.3,0.0,1213.412921,100145.0,0.99,76.8,-598435.3,300820.8,0.9948,0.097,551.6,-0.09721,-74.55767,0.0,0,-1.0,-1.0,-1.0,-1.0,-1.0,0.0,0.0,0.0,0.0
1791578350.19,2544190.1,357.1,79.0,6.5,0.0,175.0,0.0,89.97,90.41,0.0,331.3,0.0,1213.412921,100145.0,0.99,76.8,-598435.3,300820.8,0.9948,0.097,551.6,-0.09721,-74.55767,0.0,0,-1.0,-1.0,-1.0,-1.0,-1.0,0.0,0.0,0.0,0.0
1791578350.69,2544190.2,357.6,79.0,6.5,0.0,175.0,0.0,89.96,90.41,0.0,331.3,0.0,1213.412921,100145.0,0.99,76.8,-598435.3,300820.8,0.9948,0.097,551.6,-0.09721,-74.55767,0.0,0,-1.0,-1.0,-1.0,-1.0,-1.0,0.0,0.0,0.0,0.0
1791578351.2,2544190.2,358.1,79.0,6.5,0.0,175.0,0.0,89.96,90.41,0.0,331.3,0.0,1213.412921,100145.0,0.99,76.8,-598435.3,300820.8,0.9948,0.097,551.6,-0.09721,-74.55767,0.0,0,-1.0,-1.0,-1.0,-1.0,-1.0,0.0,0.0,0.0,0.0
1791578351.7,2544190.2,358.6,79.0,6.5,0.0,175.0,0.0,89.97,90.41,0.0,331.3,0.0,1213.412921,100145.0,0.99,76.8,-598435.3,300820.8,0.9948,0.097,551.6,-0.09721,-74.55767,0.0,0,-1.0,-1.0,-1.0,-1.0,-1.0,0.0,0.0,0.0,0.0
1791578352.2,2544190.2,359.2,79.0,6.5,0.0,175.0,0.0,89.97,90.41,0.0,331.3,0.0,1213.412921,100145.0,0.99,76.8,-598435.3,300820.8,0.9948,0.097,551.6,-0.09721,-74.55767,0.0,0,-1.0,-1.0,-1.0,-1.0,-1.0,0.0,0.0,0.0,0.0
1791578352.7,2544190.3,359.7,79.0,6.5,0.0,175.0,0.0,89.96,90.41,0.0,331.3,0.0,1213.412921,100145.0,0.99,76.8,-598435.3,300820.8,0.9948,0.097,551.6,-0.09721,-74.55767,0.0,0,-1.0,-1.0,-1.0,-1.0,-1.0,0.0,0.0,0.0,0.0
1791578353.2,2544190.3,360.2,79.0,6.5,0.0,175.0,0.0,89.96,90.41,0.0,331.3,0.0,1213.412921,100145.0,0.99,76.8,-598435.3,300820.8,0.9948,0.097,551.6,-0.09721,-74.55767,0.0,0,-1.0,-1.0,-1.0,-1.0,-1.0,0.0,0.0,0.0,0.0
1791578353.7,2544190.3,360.7,79.0,6.5,0.0,175.0,0.0,89.97,90.41,0.0,331.29,0.0,1213.412921,100145.0,0.99,76.8,-598435.3,300820.8,0.9948,0.097,551.6,-0.09721,-74.55767,0.0,0,-1.0,-1.0,-1.0,-1.0,-1.0,0.0,0.0,0.0,0.0
1791578354.21,2544190.3,361.2,79.0,6.5,0.0,175.0,0.0,89.97,90.41,0.0,331.29,0.0,1213.412921,100145.0,0.99,76.8,-598435.3,300820.8,0.9948,0.097,551.6,-0.09721,-74.55767,0.0,0,-1.0,-1.0,-1.0,-1.0,-1.0,0.0,0.0,0.0,0.0
1791578354.71,2544190.3,361.7,79.0,6.5,0.0,175.0,0.0,89.96,90.41,0.0,331.29,0.0,1213.412921,100145.0,0.99,76.8,-598435.3,300820.8,0.9948,0.097,551.6,-0.09721,-74.55767,0.0,0,-1.0,-1.0,-1.0,-1.0,-1.0,0.0,0.0,0.0,0.0
1791578355.21,2544190.3,362.2,79.0,6.5,0.0,175.0,0.0,89.96,90.41,0.0,331.29,0.0,1213.412921,100145.0,0.99,76.8,-598435.3,300820.8,0.9948,0.097,551.6,-0.09721,-74.55767,0.0,0,-1.0,-1.0,-1.0,-1.0,-1.0,0.0,0.0,0.0,0.0
1791578355.71,2544190.4,362.7,79.0,6.5,0.0,175.0,0.0,89.96,90.41,0.0,331.29,0.0,1213.412921,100145.0,0.99,76.8,-598435.3,300820.8,0.9948,0.097,551.6,-0.09721,-74.55767,0.0,0,-1.0,-1.0,-1.0,-1.0,-1.0,0.0,0.0,0.0,0.0
1791578356.21,2544190.4,363.2,79.0,6.5,0.0,175.0,0.0,89.96,90.41,0.0,331.29,0.0,1213.412921,100145.0,0.99,76.8,-598435.3,300820.8,0.9948,0.097,551.6,-0.09721,-74.55767,0.0,0,-1.0,-1.0,-1.0,-1.0,-1.0,0.0,0.0,0.0,0.0
1791578356.71,2544190.4,363.7,79.0,6.5,0.0,175.0,0.0,89.96,90.41,0.0,331.29,0.0,1213.412921,100145.0,0.99,76.8,-598435.3,300820.8,0.9948,0.097,551.6,-0.09721,-74.55767,0.0,0,-1.0,-1.0,-1.0,-1.0,-1.0,0.0,0.0,0.0,0.0
1791578357.21,2544190.4,364.2,79.0,6.5,0.0,175.0,0.0,89.96,90.41,0.0,331.29,0.0,1213.412921,100145.0,0.99,76.8,-598435.3,300820.8,0.9948,0.097,551.6,-0.09721,-74.55767,0.0,0,-1.0,-1.0,-1.0,-1.0,-1.0,0.0,0.0,0.0,0.0
1791578357.72,2544190.5,364.7,79.0,6.5,0.0,175.0,0.0,89.96,90.41,0.0,331.29,0.0,1213.412921,100145.0,0.99,76.8,-598435.3,300820.8,0.9948,0.097,551.6,-0.09721,-74.55767,0.0,0,-1.0,-1.0,-1.0,-1.0,-1.0,0.0,0.0,0.0,0.0
1791578358.22,2544190.5,365.2,79.0,6.5,0.0,175.0,0.0,89.96,90.41,0.0,331.29,0.0,1213.412921,100145.0,0.99,76.8,-598435.3,300820.8,0.9948,0.097,551.6,-0.09721,-74.55767,0.0,0,-1.0,-1.0,-1.0,-1.0,-1.0,0.0,0.0,0.0,0.0
1791578358.72,2544190.5,365.7,79.0,6.5,0.0,175.0,0.0,89.96,90.41,0.0,331.29,0.0,1213.412921,100145.0,0.99,76.8,-598435.3,300820.8,0.9948,0.097,551.6,-0.09721,-74.55767,0.0,0,-1.0,-1.0,-1.0,-1.0,-1.0,0.0,0.0,0.0,0.0
1791578359.22,2544190.5,366.2,79.0,6.5,0.0,175.0,0.0,89.96,90.41,0.0,331.29,0.0,1213.412921,100145.0,0.99,76.8,-598435.3,300820.8,0.9948,0.097,551.6,-0.09721,-74.55767,0.0,0,-1.0,-1.0,-1.0,-1.0,-1.0,0.0,0.0,0.0,0.0
1791578359.72,2544190.5,366.7,79.0,6.5,0.0,175.0,0.0,89.96,90.41,0.0,331.29,0.0,1213.412921,100145.0,0.99,76.8,-598435.3,300820.8,0.9948,0.097,551.6,-0.09721,-74.55767,0.0,0,-1.0,-1.0,-1.0,-1.0,-1.0,0.0,0.0,0.0,0.0
1791578360.22,2544190.5,367.2,79.0,6.5,0.0,175.0,0.0,89.96,90.41,0.0,331.29,0.0,1213.412921,100145.0,0.99,76.8,-598435.3,300820.8,0.9948,0.097,551.6,-0.09721,-74.55767,0.0,0,-1.0,-1.0,-1.0,-1.0,-1.0,0.0,0.0,0.0,0.0
1791578360.73,2544190.6,367.7,79.0,6.5,0.0,175.0,0.0,89.97,90.41,0.0,331.29,0.0,1213.412921,100145.0,0.99,76.8,-598435.3,300820.8,0.9948,0.097,551.6,-0.09721,-74.55767,0.0,0,-1.0,-1.0,-1.0,-1.0,-1.0,0.0,0.0,0.0,0.0
1791578361.23,2544190.6,368.2,79.0,6.5,0.0,175.0,0.0,89.97,90.41,0.0,331.29,0.0,1213.412921,100145.0,0.99,76.8,-598435.3,300820.8,0.9948,0.097,551.6,-0.09721,-74.55767,0.0,0,-1.0,-1.0,-1.0,-1.0,-1.0,0.0,0.0,0.0,0.0
1791578361.73,2544190.6,368.7,79.0,6.5,0.0,175.0,0.0,89.96,90.41,0.0,331.29,0.0,1213.412921,100145.0,0.99,76.8,-598435.3,300820.8,0.9948,0.097,551.6,-0.09721,-74.55767,0.0,0,-1.0,-1.0,-1.0,-1.0,-1.0,0.0,0.0,0.0,0.0
1791578362.23,2544190.6,369.2,79.0,6.5,0.0,175.0,0.0,89.96,90.41,0.0,331.29,0.0,1213.412921,100145.0,0.99,76.8,-598435.3,300820.8,0.9948,0.097,551.6,-0.09721,-74.55767,0.0,0,-1.0,-1.0,-1.0,-1.0,-1.0,0.0,0.0,0.0,0.0
1791578362.73,2544190.7,369.7,79.0,6.5,0.0,175.0,0.0,89.96,90.41,0.0,331.29,0.0,1213.412921,100145.0,0.99,76.8,-598435.3,300820.8,0.9948,0.097,551.6,-0.09721,-74.55767,0.0,0,-1.0,-1.0,-1.0,-1.0,-1.0,0.0,0.0,0.0,0.0
1791578363.23,2544190.7,370.2,79.0,6.5,0.0,175.0,0.0,89.96,90.41,0.0,331.29,0.0,1213.412921,100145.0,0.99,76.8,-598435.3,300820.8,0.9948,0.097,551.6,-0.09721,-74.55767,0.0,0,-1.0,-1.0,-1.0,-1.0,-1.0,0.0,0.0,0.0,0.0
1791578363.74,2544190.7,370.7,79.0,6.5,0.0,175.0,0.0,89.97,90.41,0.0,331.29,0.0,1213.412921,100145.0,0.99,76.8,-598435.3,300820.8,0.9948,0.097,551.6,-0.09721,-74.55767,0.0,0,-1.0,-1.0,-1.0,-1.0,-1.0,0.0,0.0,0.0,0.0
1791578364.24,2544190.7,371.2,79.0,6.5,0.0,175.0,0.0,89.97,90.41,0.0,331.29,0.0,1213.412921,100145.0,0.99,76.8,-598435.3,300820.8,0.9948,0.097,551.6,-0.09721,-74.55767,0.0,0,-1.0,-1.0,-1.0,-1.0,-1.0,0.0,0.0,0.0,0.0
1791578364.74,2544190.7,371.7,79.0,6.5,0.0,175.0,0.0,89.97,90.41,0.0,331.29,0.0,1213.412921,100145.0,0.99,76.8,-598435.3,300820.8,0.9948,0.097,551.6,-0.09721,-74.55767,0.0,0,-1.0,-1.0,-1.0,-1.0,-1.0,0.0,0.0,0.0,0.0
1791578365.24,2544190.7,372.2,79.0,6.5,0.0,175.0,0.0,89.97,90.41,0.0,331.29,0.0,1213.412921,100145.0,0.99,76.8,-598435.3,300820.8,0.9948,0.097,551.6,-0.09721,-74.55767,0.0,0,-1.0,-1.0,-1.0,-1.0,-1.0,0.0,0.0,0.0,0.0
1791578365.74,2544190.8,372.7,79.0,6.5,0.0,175.0,0.0,89.96,90.41,0.0,331.29,0.0,1213.412921,100145.0,0.99,76.8,-598435.3,300820.8,0.9948,0.097,551.6,-0.09721,-74.55767,0.0,0,-1.0,-1.0,-1.0,-1.0,-1.0,0.0,0.0,0.0,0.0
1791578366.24,2544190.8,373.2,79.0,6.5,0.0,175.0,0.0,89.96,90.41,0.0,331.29,0.0,1213.412921,100145.0,0.99,76.8,-598435.3,300820.8,0.9948,0.097,551.6,-0.09721,-74.55767,0.0,0,-1.0,-1.0,-1.0,-1.0,-1.0,0.0,0.0,0.0,0.0
1791578366.74,2544190.8,373.7,79.0,6.5,0.0,175.0,0.0,89.97,90.41,0.0,331.29,0.0,1213.412921,100145.0,0.99,76.8,-598435.3,300820.8,0.9948,0.097,551.6,-0.09721,-74.55767,0.0,0,-1.0,-1.0,-1.0,-1.0,-1.0,0.0,0.0,0.0,0.0
1791578367.25,2544190.8,374.2,79.0,6.5,0.0,175.0,0.0,89.97,90.41,0.0,331.29,0.0,1213.412921,100145.0,0.99,76.8,-598435.3,300820.8,0.9948,0.097,551.6,-0.09721,-74.55767,0.0,0,-1.0,-1.0,-1.0,-1.0,-1.0,0.0,0.0,0.0,0.0
1791578367.75,2544190.9,374.7,79.0,6.5,0.0,175.0,0.0,89.96,90.41,0.0,331.29,0.0,1213.412921,100145.0,0.99,76.8,-598435.3,300820.8,0.9948,0.097,551.6,-0.09721,-74.55767,0.0,0,-1.0,-1.0,-1.0,-1.0,-1.0,0.0,0.0,0.0,0.0
1791578368.25,2544190.9,375.2,79.0,6.5,0.0,175.0,0.0,89.96,90.41,0.0,331.29,0.0,1213.412921,100145.0,0.99,76.8,-598435.3,300820.8,0.9948,0.097,551.6,-0.09721,-74.55767,0.0,0,-1.0,-1.0,-1.0,-1.0,-1.0,0.0,0.0,0.0,0.0
1791578368.75,2544190.9,375.7,79.0,6.5,0.0,175.0,0.0,89.97,90.41,0.0,331.28,0.0,1213.412921,100145.0,0.99,76.8,-598435.3,300820.8,0.9948,0.097,551.6,-0.09721,-74.55767,0.0,0,-1.0,-1.0,-1.0,-1.0,-1.0,0.0,0.0,0.0,0.0
1791578369.25,2544190.9,376.2,79.0,6.5,0.0,175.0,0.0,89.97,90.41,0.0,331.28,0.0,1213.412921,100145.0,0.99,76.8,-598435.3,300820.8,0.9948,0.097,551.6,-0.09721,-74.55767,0.0,0,-1.0,-1.0,-1.0,-1.0,-1.0,0.0,0.0,0.0,0.0
1791578369.75,2544190.9,376.7,79.0,6.5,0.0,175.0,0.0,89.97,90.41,0.0,331.28,0.0,1213.412921,100145.0,0.99,76.8,-598435.3,300820.8,0.9948,0.097,551.6,-0.09721,-74.55767,0.0,0,-1.0,-1.0,-1.0,-1.0,-1.0,0.0,0.0,0.0,0.0
1791578370.26,2544190.9,377.2,79.0,6.5,0.0,175.0,0.0,89.97,90.41,0.0,331.28,0.0,1213.412921,100145.0,0.99,76.8,-598435.3,300820.8,0.9948,0.097,551.6,-0.09721,-74.55767,0.0,0,-1.0,-1.0,-1.0,-1.0,-1.0,0.0,0.0,0.0,0.0
1791578370.76,2544191.0,377.7,79.0,6.5,0.0,175.0,0.0,89.96,90.41,0.0,331.28,0.0,1213.412921,100145.0,0.99,76.8,-598435.3,300820.8,0.9948,0.097,551.6,-0.09721,-74.55767,0.0,0,-1.0,-1.0,-1.0,-1.0,-1.0,0.0,0.0,0.0,0.0
1791578371.26,2544191.0,378.2,79.0,6.5,0.0,175.0,0.0,89.96,90.41,0.0,331.28,0.0,1213.412921,100145.0,0.99,76.8,-598435.3,300820.8,0.9948,0.097,551.6,-0.09721,-74.55767,0.0,0,-1.0,-1.0,-1.0,-1.0,-1.0,0.0,0.0,0.0,0.0
1791578371.76,2544191.0,378.7,79.0,6.5,0.0,175.0,0.0,89.96,90.41,0.0,331.28,0.0,1213.412921,100145.0,0.99,76.8,-598435.3,300820.8,0.9948,0.097,551.6,-0.09721,-74.55767,0.0,0,-1.0,-1.0,-1.0,-1.0,-1.0,0.0,0.0,0.0,0.0
1791578372.26,2544191.0,379.2,79.0,6.5,0.0,175.0,0.0,89.96,90.41,0.0,331.28,0.0,1213.412921,100145.0,0.99,76.8,-598435.3,300820.8,0.9948,0.097,551.6,-0.09721,-74.55767,0.0,0,-1.0,-1.0,-1.0,-1.0,-1.0,0.0,0.0,0.0,0.0
1791578372.77,2544191.1,379.7,79.0,6.5,0.0,175.0,0.0,89.96,90.41,0.0,331.28,0.0,1213.412921,100145.0,0.99,76.8,-598435.3,300820.8,0.9948,0.097,551.6,-0.09721,-74.55767,0.0,0,-1.0,-1.0,-1.0,-1.0,-1.0,0.0,0.0,0.0,0.0
1791578373.27,2544191.1,380.2,79.0,6.5,0.0,175.0,0.0,89.96,90.41,0.0,331.28,0.0,1213.412921,100145.0,0.99,76.8,-598435.3,300820.8,0.9948,0.097,551.6,-0.09721,-74.55767,0.0,0,-1.0,-1.0,-1.0,-1.0,-1.0,0.0,0.0,0.0,0.0
1791578373.77,2544191.1,380.7,79.0,6.5,0.0,175.0,0.0,89.97,90.41,0.0,331.28,0.0,1213.412921,100145.0,0.99,76.8,-598435.3,300820.8,0.9948,0.097,551.6,-0.09721,-74.55767,0.0,0,-1.0,-1.0,-1.0,-1.0,-1.0,0.0,0.0,0.0,0.0
1791578374.27,2544191.1,381.2,79.0,6.5,0.0,175.0,0.0,89.97,90.41,0.0,331.28,0.0,1213.412921,100145.0,0.99,76.8,-598435.3,300820.8,0.9948,0.097,551.6,-0.09721,-74.55767,0.0,0,-1.0,-1.0,-1.0,-1.0,-1.0,0.0,0.0,0.0,0.0
1791578374.77,2544191.1,381.7,79.0,6.5,0.0,175.0,0.0,89.96,90.41,0.0,331.28,0.0,1213.412921,100145.0,0.99,76.8,-598435.3,300820.8,0.9948,0.097,551.6,-0.09721,-74.55767,0.0,0,-1.0,-1.0,-1.0,-1.0,-1.0,0.0,0.0,0.0,0.0
1791578375.27,2544191.1,382.2,79.0,6.5,0.0,175.0,0.0,89.96,90.41,0.0,331.28,0.0,1213.412921,100145.0,0.99,76.8,-598435.3,300820.8,0.9948,0.097,551.6,-0.09721,-74.55767,0.0,0,-1.0,-1.0,-1.0,-1.0,-1.0,0.0,0.0,0.0,0.0
1791578375.77,2544191.2,382.7,79.0,6.5,0.0,175.0,0.0,89.96,90.41,0.0,331.28,0.0,1213.412921,100145.0,0.99,76.8,-598435.3,300820.8,0.9948,0.097,551.6,-0.09721,-74.55767,0.0,0,-1.0,-1.0,-1.0,-1.0,-1.0,0.0,0.0,0.0,0.0
1791578376.28,2544191.2,383.2,79.0,6.5,0.0,175.0,0.0,89.96,90.41,0.0,331.28,0.0,1213.412921,100145.0,0.99,76.8,-598435.3,300820.8,0.9948,0.097,551.6,-0.09721,-74.55767,0.0,0,-1.0,-1.0,-1.0,-1.0,-1.0,0.0,0.0,0.0,0.0
1791578376.78,2544191.2,383.7,79.0,6.5,0.0,175.0,0.0,89.98,90.41,0.0,331.28,0.0,1213.412921,100145.0,0.99,76.8,-598435.3,300820.8,0.9948,0.097,551.6,-0.09721,-74.55767,0.0,0,-1.0,-1.0,-1.0,-1.0,-1.0,0.0,0.0,0.0,0.0
1791578377.28,2544191.2,384.2,79.0,6.5,0.0,175.0,0.0,89.98,90.41,0.0,331.28,0.0,1213.412921,100145.0,0.99,76.8,-598435.3,300820.8,0.9948,0.097,551.6,-0.09721,-74.55767,0.0,0,-1.0,-1.0,-1.0,-1.0,-1.0,0.0,0.0,0.0,0.0
1791578377.78,2544191.3,384.7,79.0,6.5,0.0,175.0,0.0,89.96,90.41,0.0,331.28,0.0,1213.412921,100145.0,0.99,76.8,-598435.3,300820.8,0.9948,0.097,551.6,-0.09721,-74.55767,0.0,0,-1.0,-1.0,-1.0,-1.0,-1.0,0.0,0.0,0.0,0.0
1791578378.28,2544191.3,385.2,79.0,6.5,0.0,175.0,0.0,89.96,90.41,0.0,331.28,0.0,1213.412921,100145.0,0.99,76.8,-598435.3,300820.8,0.9948,0.097,551.6,-0.09721,-74.55767,0.0,0,-1.0,-1.0,-1.0,-1.0,-1.0,0.0,0.0,0.0,0.0
1791578378.78,2544191.3,385.7,79.0,6.5,0.0,175.0,0.0,89.96,90.41,0.0,331.28,0.0,1213.412921,100145.0,0.99,76.8,-598435.3,300820.8,0.9948,0.097,551.6,-0.09721,-74.55767,0.0,0,-1.0,-1.0,-1.0,-1.0,-1.0,0.0,0.0,0.0,0.0
1791578379.28,2544191.3,386.2,79.0,6.5,0.0,175.0,0.0,89.96,90.41,0.0,331.28,0.0,1213.412921,100145.0,0.99,76.8,-598435.3,300820.8,0.9948,0.097,551.6,-0.09721,-74.55767,0.0,0,-1.0,-1.0,-1.0,-1.0,-1.0,0.0,0.0,0.0,0.0
1791578379.79,2544191.3,386.7,79.0,6.5,0.0,175.0,0.0,89.96,90.41,0.0,331.28,0.0,1213.412921,100145.0,0.99,76.8,-598435.3,300820.8,0.9948,0.097,551.6,-0.09721,-74.55767,0.0,0,-1.0,-1.0,-1.0,-1.0,-1.0,0.0,0.0,0.0,0.0
1791578380.29,2544191.3,387.2,79.0,6.5,0.0,175.0,0.0,89.96,90.41,0.0,331.28,0.0,1213.412921,100145.0,0.99,76.8,-598435.3,300820.8,0.9948,0.097,551.6,-0.09721,-74.55767,0.0,0,-1.0,-1.0,-1.0,-1.0,-1.0,0.0,0.0,0.0,0.0
1791578380.79,2544191.4,387.7,79.0,6.5,0.0,175.0,0.0,89.96,90.41,0.0,331.28,0.0,1213.412921,100145.0,0.99,76.8,-598435.3,300820.8,0.9948,0.097,551.6,-0.09721,-74.55767,0.0,0,-1.0,-1.0,-1.0,-1.0,-1.0,0.0,0.0,0.0,0.0
1791578381.29,2544191.4,388.2,79.0,6.5,0.0,175.0,0.0,89.96,90.41,0.0,331.28,0.0,1213.412921,100145.0,0.99,76.8,-598435.3,300820.8,0.9948,0.097,551.6,-0.09721,-74.55767,0.0,0,-1.0,-1.0,-1.0,-1.0,-1.0,0.0,0.0,0.0,0.0
1791578381.79,2544191.4,388.7,79.0,6.5,0.0,175.0,0.0,89.96,90.41,0.0,331.28,0.0,1213.412921,100145.0,0.99,76.8,-598435.3,300820.8,0.9948,0.097,551.6,-0.09721,-74.55767,0.0,0,-1.0,-1.0,-1.0,-1.0,-1.0,0.0,0.0,0.0,0.0
1791578382.29,2544191.4,389.2,79.0,6.5,0.0,175.0,0.0,89.96,90.41,0.0,331.28,0.0,1213.412921,100145.0,0.99,76.8,-598435.3,300820.8,0.9948,0.097,551.6,-0.09721,-74.55767,0.0,0,-1.0,-1.0,-1.0,-1.0,-1.0,0.0,0.0,0.0,0.0
1791578382.8,2544191.5,389.7,79.0,6.5,0.0,175.0,0.0,89.96,90.41,0.0,331.28,0.0,1213.412921,100145.0,0.99,76.8,-598435.3,300820.8,0.9948,0.097,551.6,-0.09721,-74.55767,0.0,0,-1.0,-1.0,-1.0,-1.0,-1.0,0.0,0.0,0.0,0.0
1791578383.3,2544191.5,390.2,79.0,6.5,0.0,175.0,0.0,89.96,90.41,0.0,331.28,0.0,1213.412921,100145.0,0.99,76.8,-598435.3,300820.8,0.9948,0.097,551.6,-0.09721,-74.55767,0.0,0,-1.0,-1.0,-1.0,-1.0,-1.0,0.0,0.0,0.0,0.0
1791578383.8,2544191.5,390.7,79.0,6.5,0.0,175.0,0.0,89.96,90.41,0.0,331.28,0.0,1213.412921,100145.0,0.99,76.8,-598435.3,300820.8,0.9948,0.097,551.6,-0.09721,-74.55767,0.0,0,-1.0,-1.0,-1.0,-1.0,-1.0,0.0,0.0,0.0,0.0
1791578384.3,2544191.5,391.3,79.0,6.5,0.0,175.0,0.0,89.96,90.41,0.0,331.27,0.0,1213.412921,100145.0,0.99,76.8,-598435.3,300820.8,0.9948,0.097,551.6,-0.09721,-74.55767,0.0,0,-1.0,-1.0,-1.0,-1.0,-1.0,0.0,0.0,0.0,0.0
1791578384.8,2544191.5,391.8,79.0,6.5,0.0,175.0,0.0,89.96,90.41,0.0,331.27,0.0,1213.412921,100145.0,0.99,76.8,-598435.3,300820.8,0.9948,0.097,551.6,-0.09721,-74.55767,0.0,0,-1.0,-1.0,-1.0,-1.0,-1.0,0.0,0.0,0.0,0.0
1791578385.3,2544191.5,392.3,79.0,6.5,0.0,175.0,0.0,89.97,90.41,0.0,331.27,0.0,1213.412921,100145.0,0.99,76.8,-598435.3,300820.8,0.9948,0.097,551.6,-0.09721,-74.55767,0.0,0,-1.0,-1.0,-1.0,-1.0,-1.0,0.0,0.0,0.0,0.0
1791578385.8,2544191.5,392.8,79.0,6.5,0.0,175.0,0.0,89.97,90.41,0.0,331.27,0.0,1213.412921,100145.0,0.99,76.8,-598435.3,300820.8,0.9948,0.097,551.6,-0.09721,-74.55767,0.0,0,-1.0,-1.0,-1.0,-1.0,-1.0,0.0,0.0,0.0,0.0
1791578386.31,2544191.6,393.3,79.0,6.5,0.0,175.0,0.0,89.96,90.41,0.0,331.27,0.0,1213.412921,100145.0,0.99,76.8,-598435.3,300820.8,0.9948,0.097,551.6,-0.09721,-74.55767,0.0,0,-1.0,-1.0,-1.0,-1.0,-1.0,0.0,0.0,0.0,0.0
1791578386.81,2544191.6,393.8,79.0,6.5,0.0,175.0,0.0,89.96,90.41,0.0,331.27,0.0,1213.412921,100145.0,0.99,76.8,-598435.3,300820.8,0.9948,0.097,551.6,-0.09721,-74.55767,0.0,0,-1.0,-1.0,-1.0,-1.0,-1.0,0.0,0.0,0.0,0.0
1791578387.31,2544191.6,394.3,79.0,6.5,0.0,175.0,0.0,89.96,90.41,0.0,331.27,0.0,1213.412921,100145.0,0.99,76.8,-598435.3,300820.8,0.9948,0.097,551.6,-0.09721,-74.55767,0.0,0,-1.0,-1.0,-1.0,-1.0,-1.0,0.0,0.0,0.0,0.0
1791578387.81,2544191.6,394.8,79.0,6.5,0.0,175.0,0.0,89.96,90.41,0.0,331.27,0.0,1213.412921,100145.0,0.99,76.8,-598435.3,300820.8,0.9948,0.097,551.6,-0.09721,-74.55767,0.0,0,-1.0,-1.0,-1.0,-1.0,-1.0,0.0,0.0,0.0,0.0
1791578388.31,2544191.7,395.3,79.0,6.5,0.0,175.0,0.0,89.97,90.41,0.0,331.27,0.0,1213.412921,100145.0,0.99,76.8,-598435.3,300820.8,0.9948,0.097,551.6,-0.09721,-74.55767,0.0,0,-1.0,-1.0,-1.0,-1.0,-1.0,0.0,0.0,0.0,0.0
1791578388.81,2544191.7,395.8,79.0,6.5,0.0,175.0,0.0,89.97,90.41,0.0,331.27,0.0,1213.412921,100145.0,0.99,76.8,-598435.3,300820.8,0.9948,0.097,551.6,-0.09721,-74.55767,0.0,0,-1.0,-1.0,-1.0,-1.0,-1.0,0.0,0.0,0.0,0.0
1791578389.31,2544191.7,396.3,79.0,6.5,0.0,175.0,0.0,89.96,90.41,0.0,331.27,0.0,1213.412921,100145.0,0.99,76.8,-598435.3,300820.8,0.9948,0.097,551.6,-0.09721,-74.55767,0.0,0,-1.0,-1.0,-1.0,-1.0,-1.0,0.0,0.0,0.0,0.0
1791578389.82,2544191.7,396.8,79.0,6.5,0.0,175.0,0.0,89.96,90.41,0.0,331.27,0.0,1213.412921,100145.0,0.99,76.8,-598435.3,300820.8,0.9948,0.097,551.6,-0.09721,-74.55767,0.0,0,-1.0,-1.0,-1.0,-1.0,-1.0,0.0,0.0,0.0,0.0
1791578390.32,2544191.7,397.3,79.0,6.5,0.0,175.0,0.0,89.96,90.41,0.0,331.27,0.0,1213.412921,100145.0,0.99,76.8,-598435.3,300820.8,0.9948,0.097,551.6,-0.09721,-74.55767,0.0,0,-1.0,-1.0,-1.0,-1.0,-1.0,0.0,0.0,0.0,0.0
1791578390.82,2544191.7,397.8,79.0,6.5,0.0,175.0,0.0,89.96,90.41,0.0,331.27,0.0,1213.412921,100145.0,0.99,76.8,-598435.3,300820.8,0.9948,0.097,551.6,-0.09721,-74.55767,0.0,0,-1.0,-1.0,-1.0,-1.0,-1.0,0.0,0.0,0.0,0.0
1791578391.32,2544191.8,398.3,79.0,6.5,0.0,175.0,0.0,89.96,90.41,0.0,331.27,0.0,1213.412921,100145.0,0.99,76.8,-598435.3,300820.8,0.9948,0.097,551.6,-0.09721,-74.55767,0.0,0,-1.0,-1.0,-1.0,-1.0,-1.0,0.0,0.0,0.0,0.0
1791578391.82,2544191.8,398.8,79.0,6.5,0.0,175.0,0.0,89.96,90.41,0.0,331.27,0.0,1213.412921,100145.0,0.99,76.8,-598435.3,300820.8,0.9948,0.097,551.6,-0.09721,-74.55767,0.0,0,-1.0,-1.0,-1.0,-1.0,-1.0,0.0,0.0,0.0,0.0
1791578392.32,2544191.8,399.3,79.0,6.5,0.0,175.0,0.0,89.97,90.41,0.0,331.27,0.0,1213.412921,100145.0,0.99,76.8,-598435.3,300820.8,0.9948,0.097,551.6,-0.09721,-74.55767,0.0,0,-1.0,-1.0,-1.0,-1.0,-1.0,0.0,0.0,0.0,0.0
1791578392.83,2544191.8,399.8,79.0,6.5,0.0,175.0,0.0,89.97,90.41,0.0,331.27,0.0,1213.412921,100145.0,0.99,76.8,-598435.3,300820.8,0.9948,0.097,551.6,-0.09721,-74.55767,0.0,0,-1.0,-1.0,-1.0,-1.0,-1.0,0.0,0.0,0.0,0.0
1791578393.33,2544191.9,400.3,79.0,6.5,0.0,175.0,0.0,89.97,90.41,0.0,331.27,0.0,1213.412921,100145.0,0.99,76.8,-598435.3,300820.8,0.9948,0.097,551.6,-0.09721,-74.55767,0.0,0,-1.0,-1.0,-1.0,-1.0,-1.0,0.0,0.0,0.0,0.0
1791578393.83,2544191.9,400.8,79.0,6.5,0.0,175.0,0.0,89.97,90.41,0.0,331.27,0.0,1213.412921,100145.0,0.99,76.8,-598435.3,300820.8,0.9948,0.097,551.6,-0.09721,-74.55767,0.0,0,-1.0,-1.0,-1.0,-1.0,-1.0,0.0,0.0,0.0,0.0
1791578394.33,2544191.9,401.3,79.0,6.5,0.0,175.0,0.0,89.97,90.41,0.0,331.27,0.0,1213.412921,100145.0,0.99,76.8,-598435.3,300820.8,0.9948,0.097,551.6,-0.09721,-74.55767,0.0,0,-1.0,-1.0,-1.0,-1.0,-1.0,0.0,0.0,0.0,0.0
1791578394.83,2544191.9,401.8,79.0,6.5,0.0,175.0,0.0,89.97,90.41,0.0,331.27,0.0,1213.412921,100145.0,0.99,76.8,-598435.3,300820.8,0.9948,0.097,551.6,-0.09721,-74.55767,0.0,0,-1.0,-1.0,-1.0,-1.0,-1.0,0.0,0.0,0.0,0.0
1791578395.33,2544191.9,402.3,79.0,6.5,0.0,175.0,0.0,89.97,90.41,0.0,331.27,0.0,1213.412921,100145.0,0.99,76.8,-598435.3,300820.8,0.9948,0.097,551.6,-0.09721,-74.55767,0.0,0,-1.0,-1.0,-1.0,-1.0,-1.0,0.0,0.0,0.0,0.0
1791578395.83,2544191.9,402.8,79.0,6.5,0.0,175.0,0.0,89.97,90.41,0.0,331.27,0.0,1213.412921,100145.0,0.99,76.8,-598435.3,300820.8,0.9948,0.097,551.6,-0.09721,-74.55767,0.0,0,-1.0,-1.0,-1.0,-1.0,-1.0,0.0,0.0,0.0,0.0
1791578396.34,2544192.0,403.3,79.0,6.5,0.0,175.0,0.0,89.96,90.41,0.0,331.27,0.0,1213.412921,100145.0,0.99,76.8,-598435.3,300820.8,0.9948,0.097,551.6,-0.09721,-74.55767,0.0,0,-1.0,-1.0,-1.0,-1.0,-1.0,0.0,0.0,0.0,0.0
1791578396.84,2544192.0,403.8,79.0,6.5,0.0,175.0,0.0,89.96,90.41,0.0,331.27,0.0,1213.412921,100145.0,0.99,76.8,-598435.3,300820.8,0.9948,0.097,551.6,-0.09721,-74.55767,0.0,0,-1.0,-1.0,-1.0,-1.0,-1.0,0.0,0.0,0.0,0.0
1791578397.34,2544192.0,404.3,79.0,6.5,0.0,175.0,0.0,89.97,90.41,0.0,331.27,0.0,1213.412921,100145.0,0.99,76.8,-598435.3,300820.8,0.9948,0.097,551.6,-0.09721,-74.55767,0.0,0,-1.0,-1.0,-1.0,-1.0,-1.0,0.0,0.0,0.0,0.0
1791578397.84,2544192.0,404.8,79.0,6.5,0.0,175.0,0.0,89.97,90.41,0.0,331.27,0.0,1213.412921,100145.0,0.99,76.8,-598435.3,300820.8,0.9948,0.097,551.6,-0.09721,-74.55767,0.0,0,-1.0,-1.0,-1.0,-1.0,-1.0,0.0,0.0,0.0,0.0
1791578398.34,2544192.1,405.3,79.0,6.5,0.0,175.0,0.0,89.96,90.41,0.0,331.27,0.0,1213.412921,100145.0,0.99,76.8,-598435.3,300820.8,0.9948,0.097,551.6,-0.09721,-74.55767,0.0,0,-1.0,-1.0,-1.0,-1.0,-1.0,0.0,0.0,0.0,0.0
1791578398.84,2544192.1,405.8,79.0,6.5,0.0,175.0,0.0,89.96,90.41,0.0,331.27,0.0,1213.412921,100145.0,0.99,76.8,-598435.3,300820.8,0.9948,0.097,551.6,-0.09721,-74.55767,0.0,0,-1.0,-1.0,-1.0,-1.0,-1.0,0.0,0.0,0.0,0.0
1791578399.35,2544192.1,406.3,79.0,6.5,0.0,175.0,0.0,89.96,90.41,0.0,331.26,0.0,1213.412921,100145.0,0.99,76.8,-598435.3,300820.8,0.9948,0.097,551.6,-0.09721,-74.55767,0.0,0,-1.0,-1.0,-1.0,-1.0,-1.0,0.0,0.0,0.0,0.0
1791578399.85,2544192.1,406.8,79.0,6.5,0.0,175.0,0.0,89.96,90.41,0.0,331.26,0.0,1213.412921,100145.0,0.99,76.8,-598435.3,300820.8,0.9948,0.097,551.6,-0.09721,-74.55767,0.0,0,-1.0,-1.0,-1.0,-1.0,-1.0,0.0,0.0,0.0,0.0
1791578400.35,2544192.1,407.3,79.0,6.5,0.0,175.0,0.0,89.97,90.41,0.0,331.26,0.0,1213.412921,100145.0,0.99,76.8,-598435.3,300820.8,0.9948,0.097,551.6,-0.09721,-74.55767,0.0,0,-1.0,-1.0,-1.0,-1.0,-1.0,0.0,0.0,0.0,0.0
1791578400.85,2544192.1,407.8,79.0,6.5,0.0,175.0,0.0,89.97,90.41,0.0,331.26,0.0,1213.412921,100145.0,0.99,76.8,-598435.3,300820.8,0.9948,0.097,551.6,-0.09721,-74.55767,0.0,0,-1.0,-1.0,-1.0,-1.0,-1.0,0.0,0.0,0.0,0.0
1791578401.35,2544192.2,408.3,79.0,6.5,0.0,175.0,0.0,89.96,90.41,0.0,331.26,0.0,1213.412921,100145.0,0.99,76.8,-598435.3,300820.8,0.9948,0.097,551.6,-0.09721,-74.55767,0.0,0,-1.0,-1.0,-1.0,-1.0,-1.0,0.0,0.0,0.0,0.0
1791578401.85,2544192.2,408.8,79.0,6.5,0.0,175.0,0.0,89.96,90.41,0.0,331.26,0.0,1213.412921,100145.0,0.99,76.8,-598435.3,300820.8,0.9948,0.097,551.6,-0.09721,-74.55767,0.0,0,-1.0,-1.0,-1.0,-1.0,-1.0,0.0,0.0,0.0,0.0
1791578402.35,2544192.2,409.3,79.0,6.5,0.0,175.0,0.0,89.97,90.41,0.0,331.26,0.0,1213.412921,100145.0,0.99,76.8,-598435.3,300820.8,0.9948,0.097,551.6,-0.09721,-74.55767,0.0,0,-1.0,-1.0,-1.0,-1.0,-1.0,0.0,0.0,0.0,0.0
1791578402.86,2544192.2,409.8,79.0,6.5,0.0,175.0,0.0,89.97,90.41,0.0,331.26,0.0,1213.412921,100145.0,0.99,76.8,-598435.3,300820.8,0.9948,0.097,551.6,-0.09721,-74.55767,0.0,0,-1.0,-1.0,-1.0,-1.0,-1.0,0.0,0.0,0.0,0.0
1791578403.36,2544192.3,410.3,79.0,6.5,0.0,175.0,0.0,89.97,90.41,0.0,331.26,0.0,1213.412921,100145.0,0.99,76.8,-598435.3,300820.8,0.9948,0.097,551.6,-0.09721,-74.55767,0.0,0,-1.0,-1.0,-1.0,-1.0,-1.0,0.0,0.0,0.0,0.0
1791578403.86,2544192.3,410.8,79.0,6.5,0.0,175.0,0.0,89.97,90.41,0.0,331.26,0.0,1213.412921,100145.0,0.99,76.8,-598435.3,300820.8,0.9948,0.097,551.6,-0.09721,-74.55767,0.0,0,-1.0,-1.0,-1.0,-1.0,-1.0,0.0,0.0,0.0,0.0
1791578404.36,2544192.3,411.3,79.0,6.5,0.0,175.0,0.0,89.96,90.41,0.0,331.26,0.0,1213.412921,100145.0,0.99,76.8,-598435.3,300820.8,0.9948,0.097,551.6,-0.09721,-74.55767,0.0,0,-1.0,-1.0,-1.0,-1.0,-1.0,0.0,0.0,0.0,0.0
1791578404.86,2544192.3,411.8,79.0,6.5,0.0,175.0,0.0,89.96,90.41,0.0,331.26,0.0,1213.412921,100145.0,0.99,76.8,-598435.3,300820.8,0.9948,0.097,551.6,-0.09721,-74.55767,0.0,0,-1.0,-1.0,-1.0,-1.0,-1.0,0.0,0.0,0.0,0.0
1791578405.36,2544192.3,412.3,79.0,6.5,0.0,175.0,0.0,89.96,90.41,0.0,331.26,0.0,1213.412921,100145.0,0.99,76.8,-598435.3,300820.8,0.9948,0.097,551.6,-0.09721,-74.55767,0.0,0,-1.0,-1.0,-1.0,-1.0,-1.0,0.0,0.0,0.0,0.0
1791578405.87,2544192.3,412.8,79.0,6.5,0.0,175.0,0.0,89.96,90.41,0.0,331.26,0.0,1213.412921,100145.0,0.99,76.8,-598435.3,300820.8,0.9948,0.097,551.6,-0.09721,-74.55767,0.0,0,-1.0,-1.0,-1.0,-1.0,-1.0,0.0,0.0,0.0,0.0
1791578406.37,2544192.4,413.3,79.0,6.5,0.0,175.0,0.0,89.97,90.41,0.0,331.26,0.0,1213.412921,100145.0,0.99,76.8,-598435.3,300820.8,0.9948,0.097,551.6,-0.09721,-74.55767,0.0,0,-1.0,-1.0,-1.0,-1.0,-1.0,0.0,0.0,0.0,0.0
1791578406.87,2544192.4,413.8,79.0,6.5,0.0,175.0,0.0,89.97,90.41,0.0,331.26,0.0,1213.412921,100145.0,0.99,76.8,-598435.3,300820.8,0.9948,0.097,551.6,-0.09721,-74.55767,0.0,0,-1.0,-1.0,-1.0,-1.0,-1.0,0.0,0.0,0.0,0.0
1791578407.37,2544192.4,414.3,79.0,6.5,0.0,175.0,0.0,89.96,90.41,0.0,331.26,0.0,1213.412921,100145.0,0.99,76.8,-598435.3,300820.8,0.9948,0.097,551.6,-0.09721,-74.55767,0.0,0,-1.0,-1.0,-1.0,-1.0,-1.0,0.0,0.0,0.0,0.0
1791578407.87,2544192.4,414.8,79.0,6.5,0.0,175.0,0.0,89.96,90.41,0.0,331.26,0.0,1213.412921,100145.0,0.99,76.8,-598435.3,300820.8,0.9948,0.097,551.6,-0.09721,-74.55767,0.0,0,-1.0,-1.0,-1.0,-1.0,-1.0,0.0,0.0,0.0,0.0
1791578408.37,2544192.5,415.3,79.0,6.5,0.0,175.0,0.0,89.97,90.41,0.0,331.26,0.0,1213.412921,100145.0,0.99,76.8,-598435.3,300820.8,0.9948,0.097,551.6,-0.09721,-74.55767,0.0,0,-1.0,-1.0,-1.0,-1.0,-1.0,0.0,0.0,0.0,0.0
1791578408.88,2544192.5,415.8,79.0,6.5,0.0,175.0,0.0,89.97,90.41,0.0,331.26,0.0,1213.412921,100145.0,0.99,76.8,-598435.3,300820.8,0.9948,0.097,551.6,-0.09721,-74.55767,0.0,0,-1.0,-1.0,-1.0,-1.0,-1.0,0.0,0.0,0.0,0.0
1791578409.38,2544192.5,416.3,79.0,6.5,0.0,175.0,0.0,89.96,90.41,0.0,331.26,0.0,1213.412921,100145.0,0.99,76.8,-598435.3,300820.8,0.9948,0.097,551.6,-0.09721,-74.55767,0.0,0,-1.0,-1.0,-1.0,-1.0,-1.0,0.0,0.0,0.0,0.0
1791578409.88,2544192.5,416.8,79.0,6.5,0.0,175.0,0.0,89.96,90.41,0.0,331.26,0.0,1213.412921,100145.0,0.99,76.8,-598435.3,300820.8,0.9948,0.097,551.6,-0.09721,-74.55767,0.0,0,-1.0,-1.0,-1.0,-1.0,-1.0,0.0,0.0,0.0,0.0
1791578410.38,2544192.5,417.3,79.0,6.5,0.0,175.0,0.0,89.96,90.41,0.0,331.26,0.0,1213.412921,100145.0,0.99,76.8,-598435.3,300820.8,0.9948,0.097,551.6,-0.09721,-74.55767,0.0,0,-1.0,-1.0,-1.0,-1.0,-1.0,0.0,0.0,0.0,0.0
1791578410.88,2544192.5,417.8,79.0,6.5,0.0,175.0,0.0,89.96,90.41,0.0,331.26,0.0,1213.412921,100145.0,0.99,76.8,-598435.3,300820.8,0.9948,0.097,551.6,-0.09721,-74.55767,0.0,0,-1.0,-1.0,-1.0,-1.0,-1.0,0.0,0.0,0.0,0.0
1791578411.38,2544192.6,418.3,79.0,6.5,0.0,175.0,0.0,89.96,90.41,0.0,331.26,0.0,1213.412921,100145.0,0.99,76.8,-598435.3,300820.8,0.9948,0.097,551.6,-0.09721,-74.55767,0.0,0,-1.0,-1.0,-1.0,-1.0,-1.0,0.0,0.0,0.0,0.0
1791578411.88,2544192.6,418.8,79.0,6.5,0.0,175.0,0.0,89.96,90.41,0.0,331.26,0.0,1213.412921,100145.0,0.99,76.8,-598435.3,300820.8,0.9948,0.097,551.6,-0.09721,-74.55767,0.0,0,-1.0,-1.0,-1.0,-1.0,-1.0,0.0,0.0,0.0,0.0
1791578412.39,2544192.6,419.3,79.0,6.5,0.0,175.0,0.0,89.96,90.41,0.0,331.26,0.0,1213.412921,100145.0,0.99,76.8,-598435.3,300820.8,0.9948,0.097,551.6,-0.09721,-74.55767,0.0,0,-1.0,-1.0,-1.0,-1.0,-1.0,0.0,0.0,0.0,0.0
1791578412.89,2544192.6,419.8,79.0,6.5,0.0,175.0,0.0,89.96,90.41,0.0,331.26,0.0,1213.412921,100145.0,0.99,76.8,-598435.3,300820.8,0.9948,0.097,551.6,-0.09721,-74.55767,0.0,0,-1.0,-1.0,-1.0,-1.0,-1.0,0.0,0.0,0.0,0.0
1791578413.39,2544192.7,420.3,79.0,6.5,0.0,175.0,0.0,89.96,90.41,0.0,331.26,0.0,1213.412921,100145.0,0.99,76.8,-598435.3,300820.8,0.9948,0.097,551.6,-0.09721,-74.55767,0.0,0,-1.0,-1.0,-1.0,-1.0,-1.0,0.0,0.0,0.0,0.0
1791578413.89,2544192.7,420.8,79.0,6.5,0.0,175.0,0.0,89.96,90.41,0.0,331.26,0.0,1213.412921,100145.0,0.99,76.8,-598435.3,300820.8,0.9948,0.097,551.6,-0.09721,-74.55767,0.0,0,-1.0,-1.0,-1.0,-1.0,-1.0,0.0,0.0,0.0,0.0
1791578414.39,2544192.7,421.3,79.0,6.5,0.0,175.0,0.0,89.97,90.41,0.0,331.25,0.0,1213.412921,100145.0,0.99,76.8,-598435.3,300820.8,0.9948,0.097,551.6,-0.09721,-74.55767,0.0,0,-1.0,-1.0,-1.0,-1.0,-1.0,0.0,0.0,0.0,0.0
1791578414.9,2544192.7,421.8,79.0,6.5,0.0,175.0,0.0,89.97,90.41,0.0,331.25,0.0,1213.412921,100145.0,0.99,76.8,-598435.3,300820.8,0.9948,0.097,551.6,-0.09721,-74.55767,0.0,0,-1.0,-1.0,-1.0,-1.0,-1.0,0.0,0.0,0.0,0.0
1791578415.4,2544192.7,422.3,79.0,6.5,0.0,175.0,0.0,89.95,90.41,0.0,331.25,0.0,1213.412921,100145.0,0.99,76.8,-598435.3,300820.8,0.9948,0.097,551.6,-0.09721,-74.55767,0.0,0,-1.0,-1.0,-1.0,-1.0,-1.0,0.0,0.0,0.0,0.0
1791578415.9,2544192.7,422.8,79.0,6.5,0.0,175.0,0.0,89.95,90.41,0.0,331.25,0.0,1213.412921,100145.0,0.99,76.8,-598435.3,300820.8,0.9948,0.097,551.6,-0.09721,-74.55767,0.0,0,-1.0,-1.0,-1.0,-1.0,-1.0,0.0,0.0,0.0,0.0
1791578416.4,2544192.8,423.4,79.0,6.5,0.0,175.0,0.0,89.96,90.41,0.0,331.25,0.0,1213.412921,100145.0,0.99,76.8,-598435.3,300820.8,0.9948,0.097,551.6,-0.09721,-74.55767,0.0,0,-1.0,-1.0,-1.0,-1.0,-1.0,0.0,0.0,0.0,0.0
1791578416.9,2544192.8,423.9,79.0,6.5,0.0,175.0,0.0,89.96,90.41,0.0,331.25,0.0,1213.412921,100145.0,0.99,76.8,-598435.3,300820.8,0.9948,0.097,551.6,-0.09721,-74.55767,0.0,0,-1.0,-1.0,-1.0,-1.0,-1.0,0.0,0.0,0.0,0.0
1791578417.4,2544192.8,424.4,79.0,6.5,0.0,175.0,0.0,89.96,90.41,0.0,331.25,0.0,1213.412921,100145.0,0.99,76.8,-598435.3,300820.8,0.9948,0.097,551.6,-0.09721,-74.55767,0.0,0,-1.0,-1.0,-1.0,-1.0,-1.0,0.0,0.0,0.0,0.0
1791578417.9,2544192.8,424.9,79.0,6.5,0.0,175.0,0.0,89.96,90.41,0.0,331.25,0.0,1213.412921,100145.0,0.99,76.8,-598435.3,300820.8,0.9948,0.097,551.6,-0.09721,-74.55767,0.0,0,-1.0,-1.0,-1.0,-1.0,-1.0,0.0,0.0,0.0,0.0
1791578418.41,2544192.9,425.4,79.0,6.5,0.0,175.0,0.0,89.96,90.41,0.0,331.25,0.0,1213.412921,100145.0,0.99,76.8,-598435.3,300820.8,0.9948,0.097,551.6,-0.09721,-74.55767,0.0,0,-1.0,-1.0,-1.0,-1.0,-1.0,0.0,0.0,0.0,0.0
1791578418.91,2544192.9,425.9,79.0,6.5,0.0,175.0,0.0,89.96,90.41,0.0,331.25,0.0,1213.412921,100145.0,0.99,76.8,-598435.3,300820.8,0.9948,0.097,551.6,-0.09721,-74.55767,0.0,0,-1.0,-1.0,-1.0,-1.0,-1.0,0.0,0.0,0.0,0.0
1791578419.41,2544192.9,426.4,79.0,6.5,0.0,175.0,0.0,89.96,90.41,0.0,331.25,0.0,1213.412921,100145.0,0.99,76.8,-598435.3,300820.8,0.9948,0.097,551.6,-0.09721,-74.55767,0.0,0,-1.0,-1.0,-1.0,-1.0,-1.0,0.0,0.0,0.0,0.0
1791578419.91,2544192.9,426.9,79.0,6.5,0.0,175.0,0.0,89.96,90.41,0.0,331.25,0.0,1213.412921,100145.0,0.99,76.8,-598435.3,300820.8,0.9948,0.097,551.6,-0.09721,-74.55767,0.0,0,-1.0,-1.0,-1.0,-1.0,-1.0,0.0,0.0,0.0,0.0
1791578420.41,2544192.9,427.4,79.0,6.5,0.0,175.0,0.0,89.96,90.41,0.0,331.25,0.0,1213.412921,100145.0,0.99,76.8,-598435.3,300820.8,0.9948,0.097,551.6,-0.09721,-74.55767,0.0,0,-1.0,-1.0,-1.0,-1.0,-1.0,0.0,0.0,0.0,0.0
1791578420.91,2544192.9,427.9,79.0,6.5,0.0,175.0,0.0,89.96,90.41,0.0,331.25,0.0,1213.412921,100145.0,0.99,76.8,-598435.3,300820.8,0.9948,0.097,551.6,-0.09721,-74.55767,0.0,0,-1.0,-1.0,-1.0,-1.0,-1.0,0.0,0.0,0.0,0.0
1791578421.42,2544193.0,428.4,79.0,6.5,0.0,175.0,0.0,89.97,90.41,0.0,331.25,0.0,1213.412921,100145.0,0.99,76.8,-598435.3,300820.8,0.9948,0.097,551.6,-0.09721,-74.55767,0.0,0,-1.0,-1.0,-1.0,-1.0,-1.0,0.0,0.0,0.0,0.0
1791578421.92,2544193.0,428.9,79.0,6.5,0.0,175.0,0.0,89.97,90.41,0.0,331.25,0.0,1213.412921,100145.0,0.99,76.8,-598435.3,300820.8,0.9948,0.097,551.6,-0.09721,-74.55767,0.0,0,-1.0,-1.0,-1.0,-1.0,-1.0,0.0,0.0,0.0,0.0
1791578422.42,2544193.0,429.4,79.0,6.5,0.0,175.0,0.0,89.96,90.41,0.0,331.25,0.0,1213.412921,100145.0,0.99,76.8,-598435.3,300820.8,0.9948,0.097,551.6,-0.09721,-74.55767,0.0,0,-1.0,-1.0,-1.0,-1.0,-1.0,0.0,0.0,0.0,0.0
1791578422.92,2544193.0,429.9,79.0,6.5,0.0,175.0,0.0,89.96,90.41,0.0,331.25,0.0,1213.412921,100145.0,0.99,76.8,-598435.3,300820.8,0.9948,0.097,551.6,-0.09721,-74.55767,0.0,0,-1.0,-1.0,-1.0,-1.0,-1.0,0.0,0.0,0.0,0.0
1791578423.42,2544193.1,430.4,79.0,6.5,0.0,175.0,0.0,89.97,90.41,0.0,331.25,0.0,1213.412921,100145.0,0.99,76.8,-598435.3,300820.8,0.9948,0.097,551.6,-0.09721,-74.55767,0.0,0,-1.0,-1.0,-1.0,-1.0,-1.0,0.0,0.0,0.0,0.0
1791578423.92,2544193.1,430.9,79.0,6.5,0.0,175.0,0.0,89.97,90.41,0.0,331.25,0.0,1213.412921,100145.0,0.99,76.8,-598435.3,300820.8,0.9948,0.097,551.6,-0.09721,-74.55767,0.0,0,-1.0,-1.0,-1.0,-1.0,-1.0,0.0,0.0,0.0,0.0
1791578424.42,2544193.1,431.4,79.0,6.5,0.0,175.0,0.0,89.97,90.41,0.0,331.25,0.0,1213.412921,100145.0,0.99,76.8,-598435.3,300820.8,0.9948,0.097,551.6,-0.09721,-74.55767,0.0,0,-1.0,-1.0,-1.0,-1.0,-1.0,0.0,0.0,0.0,0.0
1791578424.93,2544193.1,431.9,79.0,6.5,0.0,175.0,0.0,89.97,90.41,0.0,331.25,0.0,1213.412921,100145.0,0.99,76.8,-598435.3,300820.8,0.9948,0.097,551.6,-0.09721,-74.55767,0.0,0,-1.0,-1.0,-1.0,-1.0,-1.0,0.0,0.0,0.0,0.0
1791578425.43,2544193.1,432.4,79.0,6.5,0.0,175.0,0.0,89.96,90.41,0.0,331.25,0.0,1213.412921,100145.0,0.99,76.8,-598435.3,300820.8,0.9948,0.097,551.6,-0.09721,-74.55767,0.0,0,-1.0,-1.0,-1.0,-1.0,-1.0,0.0,0.0,0.0,0.0
1791578425.93,2544193.1,432.9,79.0,6.5,0.0,175.0,0.0,89.96,90.41,0.0,331.25,0.0,1213.412921,100145.0,0.99,76.8,-598435.3,300820.8,0.9948,0.097,551.6,-0.09721,-74.55767,0.0,0,-1.0,-1.0,-1.0,-1.0,-1.0,0.0,0.0,0.0,0.0
1791578426.43,2544193.2,433.4,79.0,6.5,0.0,175.0,0.0,89.96,90.41,0.0,331.25,0.0,1213.412921,100145.0,0.99,76.8,-598435.3,300820.8,0.9948,0.097,551.6,-0.09721,-74.55767,0.0,0,-1.0,-1.0,-1.0,-1.0,-1.0,0.0,0.0,0.0,0.0
1791578426.93,2544193.2,433.9,79.0,6.5,0.0,175.0,0.0,89.96,90.41,0.0,331.25,0.0,1213.412921,100145.0,0.99,76.8,-598435.3,300820.8,0.9948,0.097,551.6,-0.09721,-74.55767,0.0,0,-1.0,-1.0,-1.0,-1.0,-1.0,0.0,0.0,0.0,0.0
1791578427.43,2544193.2,434.4,79.0,6.5,0.0,175.0,0.0,89.96,90.41,0.0,331.25,0.0,1213.412921,100145.0,0.99,76.8,-598435.3,300820.8,0.9948,0.097,551.6,-0.09721,-74.55767,0.0,0,-1.0,-1.0,-1.0,-1.0,-1.0,0.0,0.0,0.0,0.0
1791578427.94,2544193.2,434.9,79.0,6.5,0.0,175.0,0.0,89.96,90.41,0.0,331.25,0.0,1213.412921,100145.0,0.99,76.8,-598435.3,300820.8,0.9948,0.097,551.6,-0.09721,-74.55767,0.0,0,-1.0,-1.0,-1.0,-1.0,-1.0,0.0,0.0,0.0,0.0
1791578428.44,2544193.3,435.4,79.0,6.5,0.0,175.0,0.0,89.96,90.41,0.0,331.25,0.0,1213.412921,100145.0,0.99,76.8,-598435.3,300820.8,0.9948,0.097,551.6,-0.09721,-74.55767,0.0,0,-1.0,-1.0,-1.0,-1.0,-1.0,0.0,0.0,0.0,0.0
1791578428.94,2544193.3,435.9,79.0,6.5,0.0,175.0,0.0,89.96,90.41,0.0,331.25,0.0,1213.412921,100145.0,0.99,76.8,-598435.3,300820.8,0.9948,0.097,551.6,-0.09721,-74.55767,0.0,0,-1.0,-1.0,-1.0,-1.0,-1.0,0.0,0.0,0.0,0.0
1791578429.44,2544193.3,436.4,79.0,6.5,0.0,175.0,0.0,89.96,90.41,0.0,331.24,0.0,1213.412921,100145.0,0.99,76.8,-598435.3,300820.8,0.9948,0.097,551.6,-0.09721,-74.55767,0.0,0,-1.0,-1.0,-1.0,-1.0,-1.0,0.0,0.0,0.0,0.0
1791578429.94,2544193.3,436.9,79.0,6.5,0.0,175.0,0.0,89.96,90.41,0.0,331.24,0.0,1213.412921,100145.0,0.99,76.8,-598435.3,300820.8,0.9948,0.097,551.6,-0.09721,-74.55767,0.0,0,-1.0,-1.0,-1.0,-1.0,-1.0,0.0,0.0,0.0,0.0
1791578430.44,2544193.3,437.4,79.0,6.5,0.0,175.0,0.0,89.97,90.41,0.0,331.24,0.0,1213.412921,100145.0,0.99,76.8,-598435.3,300820.8,0.9948,0.097,551.6,-0.09721,-74.55767,0.0,0,-1.0,-1.0,-1.0,-1.0,-1.0,0.0,0.0,0.0,0.0
1791578430.94,2544193.3,437.9,79.0,6.5,0.0,175.0,0.0,89.97,90.41,0.0,331.24,0.0,1213.412921,100145.0,0.99,76.8,-598435.3,300820.8,0.9948,0.097,551.6,-0.09721,-74.55767,0.0,0,-1.0,-1.0,-1.0,-1.0,-1.0,0.0,0.0,0.0,0.0
1791578431.45,2544193.4,438.4,79.0,6.5,0.0,175.0,0.0,89.96,90.41,0.0,331.24,0.0,1213.412921,100145.0,0.99,76.8,-598435.3,300820.8,0.9948,0.097,551.6,-0.09721,-74.55767,0.0,0,-1.0,-1.0,-1.0,-1.0,-1.0,0.0,0.0,0.0,0.0
1791578431.95,2544193.4,438.9,79.0,6.5,0.0,175.0,0.0,89.96,90.41,0.0,331.24,0.0,1213.412921,100145.0,0.99,76.8,-598435.3,300820.8,0.9948,0.097,551.6,-0.09721,-74.55767,0.0,0,-1.0,-1.0,-1.0,-1.0,-1.0,0.0,0.0,0.0,0.0
1791578432.45,2544193.4,439.4,79.0,6.5,0.0,175.0,0.0,89.97,90.41,0.0,331.24,0.0,1213.412921,100145.0,0.99,76.8,-598435.3,300820.8,0.9948,0.097,551.6,-0.09721,-74.55767,0.0,0,-1.0,-1.0,-1.0,-1.0,-1.0,0.0,0.0,0.0,0.0
1791578432.95,2544193.4,439.9,79.0,6.5,0.0,175.0,0.0,89.97,90.41,0.0,331.24,0.0,1213.412921,100145.0,0.99,76.8,-598435.3,300820.8,0.9948,0.097,551.6,-0.09721,-74.55767,0.0,0,-1.0,-1.0,-1.0,-1.0,-1.0,0.0,0.0,0.0,0.0
1791578433.45,2544193.5,440.4,79.0,6.5,0.0,175.0,0.0,89.97,90.41,0.0,331.24,0.0,1213.412921,100145.0,0.99,76.8,-598435.3,300820.8,0.9948,0.097,551.6,-0.09721,-74.55767,0.0,0,-1.0,-1.0,-1.0,-1.0,-1.0,0.0,0.0,0.0,0.0
1791578433.95,2544193.5,440.9,79.0,6.5,0.0,175.0,0.0,89.97,90.41,0.0,331.24,0.0,1213.412921,100145.0,0.99,76.8,-598435.3,300820.8,0.9948,0.097,551.6,-0.09721,-74.55767,0.0,0,-1.0,-1.0,-1.0,-1.0,-1.0,0.0,0.0,0.0,0.0
1791578434.46,2544193.5,441.4,79.0,6.5,0.0,175.0,0.0,89.97,90.41,0.0,331.24,0.0,1213.412921,100145.0,0.99,76.8,-598435.3,300820.8,0.9948,0.097,551.6,-0.09721,-74.55767,0.0,0,-1.0,-1.0,-1.0,-1.0,-1.0,0.0,0.0,0.0,0.0
1791578434.96,2544193.5,441.9,79.0,6.5,0.0,175.0,0.0,89.97,90.41,0.0,331.24,0.0,1213.412921,100145.0,0.99,76.8,-598435.3,300820.8,0.9948,0.097,551.6,-0.09721,-74.55767,0.0,0,-1.0,-1.0,-1.0,-1.0,-1.0,0.0,0.0,0.0,0.0
1791578435.46,2544193.5,442.4,79.0,6.5,0.0,175.0,0.0,89.96,90.41,0.0,331.24,0.0,1213.412921,100145.0,0.99,76.8,-598435.3,300820.8,0.9948,0.097,551.6,-0.09721,-74.55767,0.0,0,-1.0,-1.0,-1.0,-1.0,-1.0,0.0,0.0,0.0,0.0
1791578435.96,2544193.5,442.9,79.0,6.5,0.0,175.0,0.0,89.96,90.41,0.0,331.24,0.0,1213.412921,100145.0,0.99,76.8,-598435.3,300820.8,0.9948,0.097,551.6,-0.09721,-74.55767,0.0,0,-1.0,-1.0,-1.0,-1.0,-1.0,0.0,0.0,0.0,0.0
1791578436.46,2544193.6,443.4,79.0,6.5,0.0,175.0,0.0,89.96,90.41,0.0,331.24,0.0,1213.412921,100145.0,0.99,76.8,-598435.3,300820.8,0.9948,0.097,551.6,-0.09721,-74.55767,0.0,0,-1.0,-1.0,-1.0,-1.0,-1.0,0.0,0.0,0.0,0.0
1791578436.96,2544193.6,443.9,79.0,6.5,0.0,175.0,0.0,89.96,90.41,0.0,331.24,0.0,1213.412921,100145.0,0.99,76.8,-598435.3,300820.8,0.9948,0.097,551.6,-0.09721,-74.55767,0.0,0,-1.0,-1.0,-1.0,-1.0,-1.0,0.0,0.0,0.0,0.0
1791578437.47,2544193.6,444.4,79.0,6.5,0.0,175.0,0.0,89.96,90.41,0.0,331.24,0.0,1213.412921,100145.0,0.99,76.8,-598435.3,300820.8,0.9948,0.097,551.6,-0.09721,-74.55767,0.0,0,-1.0,-1.0,-1.0,-1.0,-1.0,0.0,0.0,0.0,0.0
1791578437.97,2544193.6,444.9,79.0,6.5,0.0,175.0,0.0,89.96,90.41,0.0,331.24,0.0,1213.412921,100145.0,0.99,76.8,-598435.3,300820.8,0.9948,0.097,551.6,-0.09721,-74.55767,0.0,0,-1.0,-1.0,-1.0,-1.0,-1.0,0.0,0.0,0.0,0.0
1791578438.47,2544193.6,445.4,79.0,6.5,0.0,175.0,0.0,89.96,90.41,0.0,331.24,0.0,1213.412921,100145.0,0.99,76.8,-598435.3,300820.8,0.9948,0.097,551.6,-0.09721,-74.55767,0.0,0,-1.0,-1.0,-1.0,-1.0,-1.0,0.0,0.0,0.0,0.0
1791578438.97,2544193.7,445.9,79.0,6.5,0.0,175.0,0.0,89.96,90.41,0.0,331.24,0.0,1213.412921,100145.0,0.99,76.8,-598435.3,300820.8,0.9948,0.097,551.6,-0.09721,-74.55767,0.0,0,-1.0,-1.0,-1.0,-1.0,-1.0,0.0,0.0,0.0,0.0
1791578439.47,2544193.7,446.4,79.0,6.5,0.0,175.0,0.0,89.96,90.41,0.0,331.24,0.0,1213.412921,100145.0,0.99,76.8,-598435.3,300820.8,0.9948,0.097,551.6,-0.09721,-74.55767,0.0,0,-1.0,-1.0,-1.0,-1.0,-1.0,0.0,0.0,0.0,0.0
1791578439.98,2544193.7,446.9,79.0,6.5,0.0,175.0,0.0,89.96,90.41,0.0,331.24,0.0,1213.412921,100145.0,0.99,76.8,-598435.3,300820.8,0.9948,0.097,551.6,-0.09721,-74.55767,0.0,0,-1.0,-1.0,-1.0,-1.0,-1.0,0.0,0.0,0.0,0.0
1791578440.48,2544193.7,447.4,79.0,6.5,0.0,175.0,0.0,89.96,90.41,0.0,331.24,0.0,1213.412921,100145.0,0.99,76.8,-598435.3,300820.8,0.9948,0.097,551.6,-0.09721,-74.55767,0.0,0,-1.0,-1.0,-1.0,-1.0,-1.0,0.0,0.0,0.0,0.0
1791578440.98,2544193.7,447.9,79.0,6.5,0.0,175.0,0.0,89.97,90.41,0.0,331.24,0.0,1213.412921,100145.0,0.99,76.8,-598435.3,300820.8,0.9948,0.097,551.6,-0.09721,-74.55767,0.0,0,-1.0,-1.0,-1.0,-1.0,-1.0,0.0,0.0,0.0,0.0
1791578441.48,2544193.7,448.4,79.0,6.5,0.0,175.0,0.0,89.97,90.41,0.0,331.24,0.0,1213.412921,100145.0,0.99,76.8,-598435.3,300820.8,0.9948,0.097,551.6,-0.09721,-74.55767,0.0,0,-1.0,-1.0,-1.0,-1.0,-1.0,0.0,0.0,0.0,0.0
1791578441.98,2544193.8,448.9,79.0,6.5,0.0,175.0,0.0,89.96,90.41,0.0,331.24,0.0,1213.412921,100145.0,0.99,76.8,-598435.3,300820.8,0.9948,0.097,551.6,-0.09721,-74.55767,0.0,0,-1.0,-1.0,-1.0,-1.0,-1.0,0.0,0.0,0.0,0.0
1791578442.48,2544193.8,449.4,79.0,6.5,0.0,175.0,0.0,89.96,90.41,0.0,331.24,0.0,1213.412921,100145.0,0.99,76.8,-598435.3,300820.8,0.9948,0.097,551.6,-0.09721,-74.55767,0.0,0,-1.0,-1.0,-1.0,-1.0,-1.0,0.0,0.0,0.0,0.0
1791578442.98,2544193.8,449.9,79.0,6.5,0.0,175.0,0.0,89.96,90.41,0.0,331.24,0.0,1213.412921,100145.0,0.99,76.8,-598435.3,300820.8,0.9948,0.097,551.6,-0.09721,-74.55767,0.0,0,-1.0,-1.0,-1.0,-1.0,-1.0,0.0,0.0,0.0,0.0
1791578443.49,2544193.8,450.4,79.0,6.5,0.0,175.0,0.0,89.96,90.41,0.0,331.24,0.0,1213.412921,100145.0,0.99,76.8,-598435.3,300820.8,0.9948,0.097,551.6,-0.09721,-74.55767,0.0,0,-1.0,-1.0,-1.0,-1.0,-1.0,0.0,0.0,0.0,0.0
1791578443.99,2544193.9,450.9,79.0,6.5,0.0,175.0,0.0,89.96,90.41,0.0,331.24,0.0,1213.412921,100145.0,0.99,76.8,-598435.3,300820.8,0.9948,0.097,551.6,-0.09721,-74.55767,0.0,0,-1.0,-1.0,-1.0,-1.0,-1.0,0.0,0.0,0.0,0.0
1791578444.49,2544193.9,451.4,79.0,6.5,0.0,175.0,0.0,89.96,90.41,0.0,331.24,0.0,1213.412921,100145.0,0.99,76.8,-598435.3,300820.8,0.9948,0.097,551.6,-0.09721,-74.55767,0.0,0,-1.0,-1.0,-1.0,-1.0,-1.0,0.0,0.0,0.0,0.0
1791578444.99,2544193.9,451.9,79.0,6.5,0.0,175.0,0.0,89.97,90.41,0.0,331.23,0.0,1213.412921,100145.0,0.99,76.8,-598435.3,300820.8,0.9948,0.097,551.6,-0.09721,-74.55767,0.0,0,-1.0,-1.0,-1.0,-1.0,-1.0,0.0,0.0,0.0,0.0
1791578445.49,2544193.9,452.4,79.0,6.5,0.0,175.0,0.0,89.97,90.41,0.0,331.23,0.0,1213.412921,100145.0,0.99,76.8,-598435.3,300820.8,0.9948,0.097,551.6,-0.09721,-74.55767,0.0,0,-1.0,-1.0,-1.0,-1.0,-1.0,0.0,0.0,0.0,0.0
1791578445.99,2544193.9,452.9,79.0,6.5,0.0,175.0,0.0,89.96,90.41,0.0,331.23,0.0,1213.412921,100145.0,0.99,76.8,-598435.3,300820.8,0.9948,0.097,551.6,-0.09721,-74.55767,0.0,0,-1.0,-1.0,-1.0,-1.0,-1.0,0.0,0.0,0.0,0.0
1791578446.5,2544193.9,453.4,79.0,6.5,0.0,175.0,0.0,89.96,90.41,0.0,331.23,0.0,1213.412921,100145.0,0.99,76.8,-598435.3,300820.8,0.9948,0.097,551.6,-0.09721,-74.55767,0.0,0,-1.0,-1.0,-1.0,-1.0,-1.0,0.0,0.0,0.0,0.0
1791578447.0,2544194.0,453.9,79.0,6.5,0.0,175.0,0.0,89.96,90.41,0.0,331.23,0.0,1213.412921,100145.0,0.99,76.8,-598435.3,300820.8,0.9948,0.097,551.6,-0.09721,-74.55767,0.0,0,-1.0,-1.0,-1.0,-1.0,-1.0,0.0,0.0,0.0,0.0
1791578447.5,2544194.0,454.4,79.0,6.5,0.0,175.0,0.0,89.96,90.41,0.0,331.23,0.0,1213.412921,100145.0,0.99,76.8,-598435.3,300820.8,0.9948,0.097,551.6,-0.09721,-74.55767,0.0,0,-1.0,-1.0,-1.0,-1.0,-1.0,0.0,0.0,0.0,0.0
1791578448.0,2544194.0,455.0,79.0,6.5,0.0,175.0,0.0,89.96,90.41,0.0,331.23,0.0,1213.412921,100145.0,0.99,76.8,-598435.3,300820.8,0.9948,0.097,551.6,-0.09721,-74.55767,0.0,0,-1.0,-1.0,-1.0,-1.0,-1.0,0.0,0.0,0.0,0.0
1791578448.5,2544194.0,455.5,79.0,6.5,0.0,175.0,0.0,89.96,90.41,0.0,331.23,0.0,1213.412921,100145.0,0.99,76.8,-598435.3,300820.8,0.9948,0.097,551.6,-0.09721,-74.55767,0.0,0,-1.0,-1.0,-1.0,-1.0,-1.0,0.0,0.0,0.0,0.0
1791578449.0,2544194.1,456.0,79.0,6.5,0.0,175.0,0.0,89.97,90.41,0.0,331.23,0.0,1213.412921,100145.0,0.99,76.8,-598435.3,300820.8,0.9948,0.097,551.6,-0.09721,-74.55767,0.0,0,-1.0,-1.0,-1.0,-1.0,-1.0,0.0,0.0,0.0,0.0
1791578449.5,2544194.1,456.5,79.0,6.5,0.0,175.0,0.0,89.97,90.41,0.0,331.23,0.0,1213.412921,100145.0,0.99,76.8,-598435.3,300820.8,0.9948,0.097,551.6,-0.09721,-74.55767,0.0,0,-1.0,-1.0,-1.0,-1.0,-1.0,0.0,0.0,0.0,0.0
1791578450.01,2544194.1,457.0,79.0,6.5,0.0,175.0,0.0,89.97,90.41,0.0,331.23,0.0,1213.412921,100145.0,0.99,76.8,-598435.3,300820.8,0.9948,0.097,551.6,-0.09721,-74.55767,0.0,0,-1.0,-1.0,-1.0,-1.0,-1.0,0.0,0.0,0.0,0.0
1791578450.51,2544194.1,457.5,79.0,6.5,0.0,175.0,0.0,89.97,90.41,0.0,331.23,0.0,1213.412921,100145.0,0.99,76.8,-598435.3,300820.8,0.9948,0.097,551.6,-0.09721,-74.55767,0.0,0,-1.0,-1.0,-1.0,-1.0,-1.0,0.0,0.0,0.0,0.0
1791578451.01,2544194.1,458.0,79.0,6.5,0.0,175.0,0.0,89.97,90.41,0.0,331.23,0.0,1213.412921,100145.0,0.99,76.8,-598435.3,300820.8,0.9948,0.097,551.6,-0.09721,-74.55767,0.0,0,-1.0,-1.0,-1.0,-1.0,-1.0,0.0,0.0,0.0,0.0
1791578451.51,2544194.1,458.5,79.0,6.5,0.0,175.0,0.0,89.97,90.41,0.0,331.23,0.0,1213.412921,100145.0,0.99,76.8,-598435.3,300820.8,0.9948,0.097,551.6,-0.09721,-74.55767,0.0,0,-1.0,-1.0,-1.0,-1.0,-1.0,0.0,0.0,0.0,0.0
1791578452.01,2544194.2,459.0,79.0,6.5,0.0,175.0,0.0,89.96,90.41,0.0,331.23,0.0,1213.412921,100145.0,0.99,76.8,-598435.3,300820.8,0.9948,0.097,551.6,-0.09721,-74.55767,0.0,0,-1.0,-1.0,-1.0,-1.0,-1.0,0.0,0.0,0.0,0.0
1791578452.51,2544194.2,459.5,79.0,6.5,0.0,175.0,0.0,89.96,90.41,0.0,331.23,0.0,1213.412921,100145.0,0.99,76.8,-598435.3,300820.8,0.9948,0.097,551.6,-0.09721,-74.55767,0.0,0,-1.0,-1.0,-1.0,-1.0,-1.0,0.0,0.0,0.0,0.0
1791578453.02,2544194.2,460.0,79.0,6.5,0.0,175.0,0.0,89.96,90.41,0.0,331.23,0.0,1213.412921,100145.0,0.99,76.8,-598435.3,300820.8,0.9948,0.097,551.6,-0.09721,-74.55767,0.0,0,-1.0,-1.0,-1.0,-1.0,-1.0,0.0,0.0,0.0,0.0
1791578453.52,2544194.2,460.5,79.0,6.5,0.0,175.0,0.0,89.96,90.41,0.0,331.23,0.0,1213.412921,100145.0,0.99,76.8,-598435.3,300820.8,0.9948,0.097,551.6,-0.09721,-74.55767,0.0,0,-1.0,-1.0,-1.0,-1.0,-1.0,0.0,0.0,0.0,0.0
1791578454.02,2544194.3,461.0,79.0,6.5,0.0,175.0,0.0,89.96,90.41,0.0,331.23,0.0,1213.412921,100145.0,0.99,76.8,-598435.3,300820.8,0.9948,0.097,551.6,-0.09721,-74.55767,0.0,0,-1.0,-1.0,-1.0,-1.0,-1.0,0.0,0.0,0.0,0.0
1791578454.52,2544194.3,461.5,79.0,6.5,0.0,175.0,0.0,89.96,90.41,0.0,331.23,0.0,1213.412921,100145.0,0.99,76.8,-598435.3,300820.8,0.9948,0.097,551.6,-0.09721,-74.55767,0.0,0,-1.0,-1.0,-1.0,-1.0,-1.0,0.0,0.0,0.0,0.0
1791578455.02,2544194.3,462.0,79.0,6.5,0.0,175.0,0.0,89.96,90.41,0.0,331.23,0.0,1213.412921,100145.0,0.99,76.8,-598435.3,300820.8,0.9948,0.097,551.6,-0.09721,-74.55767,0.0,0,-1.0,-1.0,-1.0,-1.0,-1.0,0.0,0.0,0.0,0.0
1791578455.52,2544194.3,462.5,79.0,6.5,0.0,175.0,0.0,89.96,90.41,0.0,331.23,0.0,1213.412921,100145.0,0.99,76.8,-598435.3,300820.8,0.9948,0.097,551.6,-0.09721,-74.55767,0.0,0,-1.0,-1.0,-1.0,-1.0,-1.0,0.0,0.0,0.0,0.0
1791578456.02,2544194.3,463.0,79.0,6.5,0.0,175.0,0.0,89.97,90.41,0.0,331.23,0.0,1213.412921,100145.0,0.99,76.8,-598435.3,300820.8,0.9948,0.097,551.6,-0.09721,-74.55767,0.0,0,-1.0,-1.0,-1.0,-1.0,-1.0,0.0,0.0,0.0,0.0
1791578456.53,2544194.3,463.5,79.0,6.5,0.0,175.0,0.0,89.97,90.41,0.0,331.23,0.0,1213.412921,100145.0,0.99,76.8,-598435.3,300820.8,0.9948,0.097,551.6,-0.09721,-74.55767,0.0,0,-1.0,-1.0,-1.0,-1.0,-1.0,0.0,0.0,0.0,0.0
1791578457.03,2544194.4,464.0,79.0,6.5,0.0,175.0,0.0,89.97,90.41,0.0,331.23,0.0,1213.412921,100145.0,0.99,76.8,-598435.3,300820.8,0.9948,0.097,551.6,-0.09721,-74.55767,0.0,0,-1.0,-1.0,-1.0,-1.0,-1.0,0.0,0.0,0.0,0.0
1791578457.53,2544194.4,464.5,79.0,6.5,0.0,175.0,0.0,89.97,90.41,0.0,331.23,0.0,1213.412921,100145.0,0.99,76.8,-598435.3,300820.8,0.9948,0.097,551.6,-0.09721,-74.55767,0.0,0,-1.0,-1.0,-1.0,-1.0,-1.0,0.0,0.0,0.0,0.0
1791578458.03,2544194.4,465.0,79.0,6.5,0.0,175.0,0.0,89.97,90.41,0.0,331.23,0.0,1213.412921,100145.0,0.99,76.8,-598435.3,300820.8,0.9948,0.097,551.6,-0.09721,-74.55767,0.0,0,-1.0,-1.0,-1.0,-1.0,-1.0,0.0,0.0,0.0,0.0
1791578458.53,2544194.4,465.5,79.0,6.5,0.0,175.0,0.0,89.97,90.41,0.0,331.23,0.0,1213.412921,100145.0,0.99,76.8,-598435.3,300820.8,0.9948,0.097,551.6,-0.09721,-74.55767,0.0,0,-1.0,-1.0,-1.0,-1.0,-1.0,0.0,0.0,0.0,0.0
1791578459.03,2544194.5,466.0,79.0,6.5,0.0,175.0,0.0,89.96,90.41,0.0,331.23,0.0,1213.412921,100145.0,0.99,76.8,-598435.3,300820.8,0.9948,0.097,551.6,-0.09721,-74.55767,0.0,0,-1.0,-1.0,-1.0,-1.0,-1.0,0.0,0.0,0.0,0.0
1791578459.53,2544194.5,466.5,79.0,6.5,0.0,175.0,0.0,89.96,90.41,0.0,331.23,0.0,1213.412921,100145.0,0.99,76.8,-598435.3,300820.8,0.9948,0.097,551.6,-0.09721,-74.55767,0.0,0,-1.0,-1.0,-1.0,-1.0,-1.0,0.0,0.0,0.0,0.0
1791578460.04,2544194.5,467.0,79.0,6.5,0.0,175.0,0.0,89.96,90.41,0.0,331.22,0.0,1213.412921,100145.0,0.99,76.8,-598435.3,300820.8,0.9948,0.097,551.6,-0.09721,-74.55767,0.0,0,-1.0,-1.0,-1.0,-1.0,-1.0,0.0,0.0,0.0,0.0
1791578460.54,2544194.5,467.5,79.0,6.5,0.0,175.0,0.0,89.96,90.41,0.0,331.22,0.0,1213.412921,100145.0,0.99,76.8,-598435.3,300820.8,0.9948,0.097,551.6,-0.09721,-74.55767,0.0,0,-1.0,-1.0,-1.0,-1.0,-1.0,0.0,0.0,0.0,0.0
1791578461.04,2544194.5,468.0,79.0,6.5,0.0,175.0,0.0,89.97,90.41,0.0,331.22,0.0,1213.412921,100145.0,0.99,76.8,-598435.3,300820.8,0.9948,0.097,551.6,-0.09721,-74.55767,0.0,0,-1.0,-1.0,-1.0,-1.0,-1.0,0.0,0.0,0.0,0.0
1791578461.54,2544194.5,468.5,79.0,6.5,0.0,175.0,0.0,89.97,90.41,0.0,331.22,0.0,1213.412921,100145.0,0.99,76.8,-598435.3,300820.8,0.9948,0.097,551.6,-0.09721,-74.55767,0.0,0,-1.0,-1.0,-1.0,-1.0,-1.0,0.0,0.0,0.0,0.0
1791578462.04,2544194.6,469.0,79.0,6.5,0.0,175.0,0.0,89.97,90.41,0.0,331.22,0.0,1213.412921,100145.0,0.99,76.8,-598435.3,300820.8,0.9948,0.097,551.6,-0.09721,-74.55767,0.0,0,-1.0,-1.0,-1.0,-1.0,-1.0,0.0,0.0,0.0,0.0
1791578462.54,2544194.6,469.5,79.0,6.5,0.0,175.0,0.0,89.97,90.41,0.0,331.22,0.0,1213.412921,100145.0,0.99,76.8,-598435.3,300820.8,0.9948,0.097,551.6,-0.09721,-74.55767,0.0,0,-1.0,-1.0,-1.0,-1.0,-1.0,0.0,0.0,0.0,0.0
1791578463.05,2544194.6,470.0,79.0,6.5,0.0,175.0,0.0,89.97,90.41,0.0,331.22,0.0,1213.412921,100145.0,0.99,76.8,-598435.3,300820.8,0.9948,0.097,551.6,-0.09721,-74.55767,0.0,0,-1.0,-1.0,-1.0,-1.0,-1.0,0.0,0.0,0.0,0.0
1791578463.55,2544195.0,470.5,79.0,6.5,0.0,175.0,0.0,89.97,90.41,0.0,331.22,0.0,1213.412921,100145.0,0.99,76.8,-598435.3,300820.8,0.9948,0.097,551.6,-0.09721,-74.55767,0.0,0,-1.0,-1.0,-1.0,-1.0,-1.0,0.0,0.0,0.0,0.0
1791578464.05,2544195.5,471.0,79.0,6.5,0.0,175.0,0.0,89.96,90.41,0.0,331.21,0.0,1213.412921,100145.0,0.99,76.8,-598435.3,300820.8,0.9948,0.097,551.6,-0.09721,-74.55767,0.0,0,-1.0,-1.0,-1.0,-1.0,-1.0,0.0,0.0,0.0,0.0
1791578464.55,2544196.0,471.5,79.0,6.5,0.0,175.0,0.0,89.95,90.41,0.0,331.2,0.0,1213.412921,100145.0,0.99,76.8,-598435.3,300820.8,0.9948,0.097,551.6,-0.09721,-74.55767,0.0,0,-1.0,-1.0,-1.0,-1.0,-1.0,0.0,0.0,0.0,0.0
1791578465.05,2544196.5,472.0,79.0,6.5,0.0,175.0,0.0,89.97,90.41,0.0,331.19,0.0,1213.412921,100145.0,0.99,76.8,-598435.3,300820.8,0.9948,0.097,551.6,-0.09721,-74.55767,0.0,0,-1.0,-1.0,-1.0,-1.0,-1.0,0.0,0.0,0.0,0.0
1791578465.55,2544197.0,472.5,79.0,6.5,0.0,175.0,0.0,89.96,90.41,0.0,331.18,0.0,1213.412921,100145.0,0.99,76.8,-598435.3,300820.8,0.9948,0.097,551.6,-0.09721,-74.55767,0.0,0,-1.0,-1.0,-1.0,-1.0,-1.0,0.0,0.0,0.0,0.0
1791578466.06,2544197.5,473.0,79.0,6.5,0.0,175.0,0.0,89.97,90.41,0.0,331.18,0.0,1213.412921,100145.0,0.99,76.8,-598435.3,300820.8,0.9948,0.097,551.6,-0.09721,-74.55767,0.0,0,-1.0,-1.0,-1.0,-1.0,-1.0,0.0,0.0,0.0,0.0
1791578466.56,2544198.0,473.5,79.0,6.5,0.0,175.0,0.0,89.96,90.41,0.0,331.17,0.0,1213.412921,100145.0,0.99,76.8,-598435.3,300820.8,0.9948,0.097,551.6,-0.09721,-74.55767,0.0,0,-1.0,-1.0,-1.0,-1.0,-1.0,0.0,0.0,0.0,0.0
1791578467.06,2544198.5,474.0,79.0,6.5,0.0,175.0,0.0,89.96,90.41,0.0,331.16,0.0,1213.412921,100145.0,0.99,76.8,-598435.3,300820.8,0.9948,0.097,551.6,-0.09721,-74.55767,0.0,0,-1.0,-1.0,-1.0,-1.0,-1.0,0.0,0.0,0.0,0.0
1791578467.56,2544199.0,474.5,79.0,6.5,0.0,175.0,0.0,89.96,90.41,0.0,331.15,0.0,1213.412921,100145.0,0.99,76.8,-598435.3,300820.8,0.9948,0.097,551.6,-0.09721,-74.55767,0.0,0,-1.0,-1.0,-1.0,-1.0,-1.0,0.0,0.0,0.0,0.0
1791578468.06,2544199.5,475.0,79.0,6.5,0.0,175.0,0.0,89.96,90.41,0.0,331.14,0.0,1213.412921,100145.0,0.99,76.8,-598435.3,300820.8,0.9948,0.097,551.6,-0.09721,-74.55767,0.0,0,-1.0,-1.0,-1.0,-1.0,-1.0,0.0,0.0,0.0,0.0
1791578468.56,2544200.0,475.5,79.0,6.5,0.0,175.0,0.0,89.96,90.41,0.0,331.13,0.0,1213.412921,100145.0,0.99,76.8,-598435.3,300820.8,0.9948,0.097,551.6,-0.09721,-74.55767,0.0,0,-1.0,-1.0,-1.0,-1.0,-1.0,0.0,0.0,0.0,0.0
1791578469.07,2544200.5,476.0,79.0,6.5,0.0,175.0,0.0,89.97,90.41,0.0,331.13,0.0,1213.412921,100145.0,0.99,76.8,-598435.3,300820.8,0.9948,0.097,551.6,-0.09721,-74.55767,0.0,0,-1.0,-1.0,-1.0,-1.0,-1.0,0.0,0.0,0.0,0.0
1791578469.57,2544201.0,476.5,79.0,6.5,0.0,175.0,0.0,89.98,90.41,0.0,331.12,0.0,1213.412921,100145.0,0.99,76.8,-598435.3,300820.8,0.9948,0.097,551.6,-0.09721,-74.55767,0.0,0,-1.0,-1.0,-1.0,-1.0,-1.0,0.0,0.0,0.0,0.0
1791578470.07,2544201.5,477.0,79.0,6.5,0.0,175.0,0.0,89.96,90.41,0.0,331.11,0.0,1213.412921,100145.0,0.99,76.8,-598435.3,300820.8,0.9948,0.097,551.6,-0.09721,-74.55767,0.0,0,-1.0,-1.0,-1.0,-1.0,-1.0,0.0,0.0,0.0,0.0
1791578470.57,2544202.0,477.5,79.0,6.5,0.0,175.0,0.0,89.96,90.41,0.0,331.1,0.0,1213.412921,100145.0,0.99,76.8,-598435.3,300820.8,0.9948,0.097,551.6,-0.09721,-74.55767,0.0,0,-1.0,-1.0,-1.0,-1.0,-1.0,0.0,0.0,0.0,0.0
1791578471.07,2544202.4,478.0,78.9,6.5,-0.2,175.0,0.2,89.96,90.41,0.0,331.09,0.03,1213.414568,100145.2,0.94,76.8,-598435.3,300820.8,0.9948,0.097,551.6,-0.09721,-74.55767,0.0,0,-1.0,-1.0,-1.0,-1.0,-1.0,0.0,0.0,0.0,0.0
1791578471.57,2544202.9,478.5,79.4,6.9,2.5,175.0,2.5,-0.1,0.0,-71.56,331.09,3.55,1213.34947,100138.5,1.66,77.6,-598435.4,300821.1,0.9948,0.097,551.6,-0.09721,-74.55767,0.0,0,-1.0,-1.0,-1.0,-1.0,-1.0,0.0,0.0,0.0,0.0
1791578472.07,2544203.4,479.0,81.6,9.1,6.3,175.1,6.3,89.97,90.42,0.0,331.08,22.22,1213.026601,100105.6,1.76,81.5,-598435.5,300823.0,0.9948,0.097,551.6,-0.09721,-74.55767,0.0,0,-1.0,-1.0,-1.0,-1.0,-1.0,0.0,0.0,0.0,0.0
1791578472.58,2544203.9,479.5,85.7,13.3,10.1,175.2,10.1,89.96,90.44,0.0,331.07,57.42,1212.425978,100044.4,1.77,88.8,-598435.5,300826.6,0.9948,0.097,551.7,-0.09721,-74.55767,0.0,0,-1.0,-1.0,-1.0,-1.0,-1.0,0.0,0.0,0.0,0.0
1791578473.08,2544204.4,480.0,92.0,19.6,14.1,175.5,14.1,89.94,90.47,0.0,331.06,112.09,1211.505396,99950.6,1.78,100.1,-598435.6,300832.3,0.9948,0.097,551.7,-0.09721,-74.55768,0.0,0,-1.0,-1.0,-1.0,-1.0,-1.0,0.0,0.0,0.0,0.0
1791578473.58,2544204.9,480.5,100.1,27.6,18.0,175.9,18.0,89.91,90.5,0.0,331.05,182.53,1210.33306,99831.2,1.79,114.5,-598435.5,300839.5,0.9948,0.098,551.7,-0.09721,-74.55768,0.0,0,-1.0,-1.0,-1.0,-1.0,-1.0,0.0,0.0,0.0,0.0
1791578474.09,2544205.3,481.0,107.5,35.0,21.0,176.2,21.0,89.87,168.3,-77.9,331.05,248.05,1209.2522,99721.1,1.8,127.9,-598435.5,300846.2,0.9948,0.098,551.7,-0.09721,-74.55768,0.0,0,-1.0,-1.0,-1.0,-1.0,-1.0,0.0,0.0,0.0,0.0
1791578474.59,2544205.8,481.5,120.0,47.6,25.2,176.8,25.2,89.83,163.83,-73.43,331.04,359.38,1207.432041,99535.8,1.81,150.6,-598435.3,300857.6,0.9948,0.1,551.7,-0.09721,-74.55768,0.0,0,-1.0,-1.0,-1.0,-1.0,-1.0,0.0,0.0,0.0,0.0
1791578475.09,2544206.3,482.0,133.7,61.2,29.3,177.4,29.3,89.77,161.79,-71.39,331.03,481.91,1205.447328,99333.8,1.81,175.5,-598435.1,300870.2,0.9948,0.102,551.8,-0.09722,-74.55768,0.0,0,-1.0,-1.0,-1.0,-1.0,-1.0,0.0,0.0,0.0,0.0
1791578475.6,2544206.8,482.5,149.4,76.9,33.3,178.1,33.3,89.79,162.56,-75.75,331.02,623.29,1203.172704,99102.3,1.82,204.1,-598434.8,300884.7,0.9948,0.107,551.8,-0.09722,-74.55768,0.0,0,-1.0,-1.0,-1.0,-1.0,-1.0,0.0,0.0,0.0,0.0
1791578476.1,2544207.3,483.0,167.1,94.6,37.4,178.9,37.4,89.91,66.79,0.0,331.01,783.79,1200.607419,98841.4,1.83,236.6,-598434.6,300901.0,0.9948,0.11,551.9,-0.09723,-74.55768,0.0,0,-1.0,-1.0,-1.0,-1.0,-1.0,0.0,0.0,0.0,0.0
1791578476.6,2544207.8,483.6,186.8,114.4,41.5,179.8,41.5,89.97,35.81,0.0,331.0,964.19,1197.749617,98551.0,1.84,273.1,-598434.6,300919.3,0.9948,0.11,551.9,-0.09724,-74.55768,0.0,0,-1.0,-1.0,-1.0,-1.0,-1.0,0.0,0.0,0.0,0.0
1791578477.1,2544208.3,484.1,208.7,136.2,45.7,180.8,45.7,90.0,12.79,0.0,330.99,1164.47,1194.597772,98230.8,1.85,313.6,-598434.6,300939.5,0.9948,0.108,552.0,-0.09725,-74.55768,0.0,0,-1.0,-1.0,-1.0,-1.0,-1.0,0.0,0.0,0.0,0.0
1791578477.6,2544208.8,484.6,232.6,160.1,49.9,181.9,49.9,89.97,359.78,0.0,330.99,1384.83,1191.150986,97880.9,1.85,358.2,-598434.6,300961.8,0.9948,0.107,552.0,-0.09725,-74.55769,0.0,0,-1.0,-1.0,-1.0,-1.0,-1.0,0.0,0.0,0.0,0.0
1791578478.1,2544209.3,485.1,258.6,186.2,54.1,183.1,54.1,89.97,352.92,0.0,330.98,1625.4,1187.408457,97501.2,1.86,406.9,-598434.6,300986.2,0.9948,0.106,552.1,-0.09726,-74.55769,0.0,0,-1.0,-1.0,-1.0,-1.0,-1.0,0.0,0.0,0.0,0.0
1791578478.61,2544209.8,485.6,286.8,214.3,58.4,184.4,58.4,89.98,349.21,0.0,330.97,1886.24,1183.36961,97091.8,1.87,459.8,-598434.5,301012.6,0.9948,0.104,552.2,-0.09726,-74.55769,0.0,0,-1.0,-1.0,-1.0,-1.0,-1.0,0.0,0.0,0.0,0.0
1791578479.11,2544210.3,486.1,317.1,244.7,62.7,185.8,62.7,90.0,347.13,0.0,330.96,2167.37,1179.034434,96652.8,1.88,517.0,-598434.5,301041.3,0.9948,0.103,552.2,-0.09727,-74.5577,0.0,0,-1.0,-1.0,-1.0,-1.0,-1.0,0.0,0.0,0.0,0.0
1791578479.61,2544210.8,486.6,349.6,277.2,67.1,187.4,67.1,90.0,345.98,0.0,330.95,2468.76,1174.402925,96184.1,1.88,578.5,-598434.4,301072.1,0.9948,0.102,552.3,-0.09727,-74.5577,0.0,0,-1.0,-1.0,-1.0,-1.0,-1.0,0.0,0.0,0.0,0.0
1791578480.11,2544211.3,487.1,384.3,311.8,71.5,189.0,71.5,90.0,345.51,0.0,330.94,2789.86,1169.475331,95686.0,1.89,644.4,-598434.2,301105.1,0.9948,0.101,552.4,-0.09728,-74.55771,0.0,0,-1.0,-1.0,-1.0,-1.0,-1.0,0.0,0.0,0.0,0.0
1791578480.61,2544211.8,487.6,422.7,350.3,76.1,190.8,76.1,90.0,345.53,0.0,330.94,3146.1,1164.037369,95136.8,1.9,717.7,-598434.0,301141.8,0.9948,0.1,552.5,-0.09728,-74.55771,0.0,0,-1.0,-1.0,-1.0,-1.0,-1.0,0.0,0.0,0.0,0.0
1791578481.11,2544212.3,488.1,461.9,389.4,80.5,192.6,80.5,90.0,345.9,0.0,330.93,3508.47,1158.508138,94579.0,1.9,792.8,-598433.8,301179.5,0.9948,0.1,552.6,-0.09729,-74.55772,0.0,0,-1.0,-1.0,-1.0,-1.0,-1.0,0.0,0.0,0.0,0.0
1791578481.62,2544212.8,488.6,503.3,430.9,85.0,194.5,85.0,90.0,346.48,0.0,330.92,3890.51,1152.685391,93992.3,1.91,872.4,-598433.6,301219.4,0.9948,0.099,552.7,-0.09729,-74.55773,0.0,0,-1.0,-1.0,-1.0,-1.0,-1.0,0.0,0.0,0.0,0.0
1791578482.12,2544213.3,489.1,547.0,474.5,89.5,196.5,89.5,90.0,347.19,0.0,330.91,4291.93,1146.57089,93376.9,1.91,956.6,-598433.3,301261.7,0.9948,0.099,552.9,-0.09729,-74.55774,0.0,0,-1.0,-1.0,-1.0,-1.0,-1.0,0.0,0.0,0.0,0.0
1791578482.62,2544213.7,489.6,585.4,513.0,93.3,198.3,93.3,90.0,347.82,0.0,330.9,4643.85,1141.210132,92838.1,1.92,1031.0,-598433.1,301299.0,0.9948,0.099,553.0,-0.09729,-74.55774,0.0,0,-1.0,-1.0,-1.0,-1.0,-1.0,0.0,0.0,0.0,0.0
1791578483.12,2544214.2,490.1,633.3,560.8,97.9,200.5,97.9,89.98,348.55,0.0,330.9,5080.0,1134.562834,92170.7,1.93,1123.9,-598432.8,301345.5,0.9948,0.098,553.1,-0.0973,-74.55775,0.0,0,-1.0,-1.0,-1.0,-1.0,-1.0,0.0,0.0,0.0,0.0
1791578483.62,2544214.7,490.6,683.4,611.0,102.5,202.8,102.5,90.0,349.26,0.0,330.89,5534.5,1127.629025,91475.5,1.93,1221.6,-598432.5,301394.5,0.9948,0.098,553.2,-0.0973,-74.55776,0.0,0,-1.0,-1.0,-1.0,-1.0,-1.0,0.0,0.0,0.0,0.0
1791578484.12,2544215.2,491.1,735.9,663.4,107.1,205.1,107.1,90.0,349.9,0.0,330.88,6006.98,1120.411095,90753.0,1.94,1324.1,-598432.2,301445.9,0.9948,0.098,553.4,-0.0973,-74.55777,0.0,0,-1.0,-1.0,-1.0,-1.0,-1.0,0.0,0.0,0.0,0.0
1791578484.63,2544215.7,491.6,790.7,718.2,111.8,207.6,111.8,89.98,350.49,0.0,330.87,6497.05,1112.911611,90003.4,1.94,1431.5,-598431.8,301499.8,0.9948,0.098,553.5,-0.0973,-74.55778,0.0,0,-1.0,-1.0,-1.0,-1.0,-1.0,0.0,0.0,0.0,0.0
1791578485.13,2544216.2,492.1,847.8,775.3,116.5,210.2,116.5,90.0,351.02,0.0,330.86,7004.3,1105.133094,89227.1,1.95,1543.8,-598431.4,301556.2,0.9948,0.098,553.7,-0.0973,-74.55779,0.0,0,-1.0,-1.0,-1.0,-1.0,-1.0,0.0,0.0,0.0,0.0
1791578485.63,2544216.7,492.6,907.3,834.8,121.2,212.8,121.2,90.0,351.51,0.0,330.85,7528.28,1097.078863,88424.7,1.96,1661.2,-598431.0,301615.1,0.9948,0.097,553.8,-0.0973,-74.5578,0.0,0,-1.0,-1.0,-1.0,-1.0,-1.0,0.0,0.0,0.0,0.0
1791578486.13,2544217.2,493.1,969.1,896.6,126.0,215.6,126.0,89.97,351.92,0.0,330.85,8068.54,1088.751725,87596.6,1.96,1783.7,-598430.5,301676.6,0.9948,0.097,554.0,-0.0973,-74.55781,0.0,0,-1.0,-1.0,-1.0,-1.0,-1.0,0.0,0.0,0.0,0.0
1791578486.63,2544217.7,493.6,1033.3,960.9,130.7,218.4,130.7,90.0,352.3,0.0,330.84,8624.59,1080.155234,86743.2,1.97,1911.4,-598430.0,301740.7,0.9948,0.097,554.2,-0.0973,-74.55783,0.0,0,-1.0,-1.0,-1.0,-1.0,-1.0,0.0,0.0,0.0,0.0
1791578487.13,2544218.2,494.1,1099.9,1027.5,135.5,221.3,135.6,90.0,352.63,0.0,330.83,9195.91,1071.292654,85865.1,1.97,2044.4,-598429.5,301807.4,0.9948,0.097,554.4,-0.0973,-74.55784,0.0,0,-1.0,-1.0,-1.0,-1.0,-1.0,0.0,0.0,0.0,0.0
1791578487.64,2544218.7,494.6,1169.0,1096.5,140.4,224.4,140.4,90.0,352.89,0.0,330.82,9781.99,1062.167624,84962.8,1.98,2182.6,-598428.9,301876.9,0.9948,0.097,554.5,-0.0973,-74.55785,0.0,0,-1.0,-1.0,-1.0,-1.0,-1.0,0.0,0.0,0.0,0.0
1791578488.14,2544219.2,495.1,1240.4,1168.0,145.3,227.5,145.3,90.0,353.11,0.0,330.81,10382.25,1052.784298,84036.8,1.99,2326.3,-598428.3,301949.0,0.9948,0.097,554.7,-0.0973,-74.55787,0.0,0,-1.0,-1.0,-1.0,-1.0,-1.0,0.0,0.0,0.0,0.0
1791578488.64,2544219.8,495.6,1317.4,1244.9,150.4,230.8,150.4,90.0,353.32,0.0,330.8,11020.95,1042.755646,83049.3,1.99,2481.6,-598427.6,302027.0,0.9948,0.097,555.0,-0.0973,-74.55788,0.0,0,-1.0,-1.0,-1.0,-1.0,-1.0,0.0,0.0,0.0,0.0
1791578489.15,2544220.3,496.1,1393.8,1321.4,155.3,234.0,155.3,90.0,353.49,0.0,330.8,11648.32,1032.857648,82076.9,2.0,2636.7,-598426.9,302104.9,0.9948,0.097,555.2,-0.0973,-74.5579,0.0,0,-1.0,-1.0,-1.0,-1.0,-1.0,0.0,0.0,0.0,0.0
1791578489.65,2544220.7,496.6,1456.8,1384.3,159.3,236.7,159.3,90.0,353.62,0.0,330.79,12159.11,1024.761846,81283.1,2.01,2764.8,-598426.4,302169.2,0.9948,0.097,555.4,-0.0973,-74.55791,0.0,0,-1.0,-1.0,-1.0,-1.0,-1.0,0.0,0.0,0.0,0.0
1791578490.15,2544221.2,497.1,1541.1,1468.6,164.5,240.3,164.5,90.0,353.78,0.0,330.78,12834.32,1014.006302,80230.8,2.01,2936.8,-598425.6,302255.6,0.9948,0.097,555.6,-0.0973,-74.55792,0.0,0,-1.0,-1.0,-1.0,-1.0,-1.0,0.0,0.0,0.0,0.0
1791578490.65,2544221.7,497.6,1621.3,1548.8,169.4,243.6,169.4,90.0,353.92,0.0,330.77,13468.17,1003.85028,79239.6,2.02,3101.3,-598424.9,302338.2,0.9948,0.097,555.8,-0.0973,-74.55794,0.0,0,-1.0,-1.0,-1.0,-1.0,-1.0,0.0,0.0,0.0,0.0
1791578491.15,2544222.2,498.1,1707.3,1634.8,174.5,247.2,174.5,90.0,354.05,0.0,330.76,14138.49,993.043261,78187.5,2.03,3278.4,-598424.1,302427.1,0.9948,0.098,556.1,-0.0973,-74.55795,0.0,0,-1.0,-1.0,-1.0,-1.0,-1.0,0.0,0.0,0.0,0.0
1791578491.65,2544222.7,498.6,1795.9,1723.4,179.6,250.9,179.6,90.0,354.17,0.0,330.76,14818.28,982.008979,77115.9,2.04,3461.5,-598423.3,302519.1,0.9948,0.098,556.3,-0.0973,-74.55797,0.0,0,-1.0,-1.0,-1.0,-1.0,-1.0,0.0,0.0,0.0,0.0
1791578492.16,2544223.2,499.1,1887.0,1814.5,184.8,254.6,184.8,90.0,354.28,0.0,330.75,15506.66,970.75253,76025.8,2.04,3650.8,-598422.5,302614.2,0.9948,0.098,556.6,-0.0973,-74.55798,0.0,0,-1.0,-1.0,-1.0,-1.0,-1.0,0.0,0.0,0.0,0.0
1791578492.66,2544223.7,499.6,1980.7,1908.3,190.0,258.4,190.0,90.0,354.38,0.0,330.74,16202.75,959.279621,74917.7,2.05,3846.3,-598421.7,302712.3,0.9948,0.098,556.9,-0.0973,-74.558,0.0,0,-1.0,-1.0,-1.0,-1.0,-1.0,0.0,0.0,0.0,0.0
1791578493.16,2544224.2,500.1,2077.1,2004.6,195.2,262.3,195.2,90.0,354.48,0.0,330.73,16933.85,947.124262,73747.0,2.06,4056.4,-598420.8,302817.8,0.9948,0.098,557.1,-0.0973,-74.55802,0.0,0,-1.0,-1.0,-1.0,-1.0,-1.0,0.0,0.0,0.0,0.0
1791578493.66,2544224.7,500.6,2180.1,2107.6,200.7,266.4,200.7,90.0,354.56,0.0,330.72,17642.74,935.22761,72604.8,2.07,4264.9,-598420.0,302922.5,0.9948,0.098,557.4,-0.09729,-74.55804,0.0,0,-1.0,-1.0,-1.0,-1.0,-1.0,0.0,0.0,0.0,0.0
1791578494.17,2544225.2,501.1,2281.8,2209.4,206.0,270.5,206.0,90.0,354.62,0.0,330.71,18356.37,923.132243,71446.9,2.07,4479.9,-598419.1,303030.4,0.9948,0.098,557.7,-0.09729,-74.55805,0.0,0,-1.0,-1.0,-1.0,-1.0,-1.0,0.0,0.0,0.0,0.0
1791578494.67,2544225.7,501.6,2386.3,2313.8,211.4,274.6,211.4,90.0,354.66,0.0,330.71,19073.68,910.844543,70274.2,2.08,4701.6,-598418.3,303141.7,0.9948,0.098,558.0,-0.09729,-74.55807,0.0,0,-1.0,-1.0,-1.0,-1.0,-1.0,0.0,0.0,0.0,0.0
1791578495.17,2544226.2,502.1,2493.4,2420.9,216.8,278.8,216.8,90.0,354.69,0.0,330.7,19793.58,898.371017,69087.7,2.09,4930.0,-598417.4,303256.3,0.9948,0.098,558.4,-0.09729,-74.55809,0.0,0,-1.0,-1.0,-1.0,-1.0,-1.0,0.0,0.0,0.0,0.0
1791578495.67,2544226.7,502.6,2603.2,2530.7,222.2,283.0,222.2,89.55,351.51,3.23,330.69,20512.93,885.718552,67888.0,2.09,5164.9,-598416.6,303374.2,0.9948,0.099,558.7,-0.09729,-74.55811,0.0,0,-1.0,-1.0,-1.0,-1.0,-1.0,0.0,0.0,0.0,0.0
1791578496.17,2544227.2,503.1,2720.3,2647.9,227.9,287.4,227.9,88.91,352.32,2.56,330.68,21250.12,872.379825,66627.7,2.09,5415.1,-598417.0,303499.1,0.9948,0.211,559.0,-0.09727,-74.55814,0.0,0,-1.0,-1.0,-1.0,-1.0,-1.0,0.0,0.0,0.0,0.0
1791578496.67,2544227.7,503.6,2835.6,2763.2,233.3,291.7,233.3,88.62,352.93,2.02,330.67,21951.42,859.391307,65404.7,2.1,5661.8,-598417.7,303622.1,0.9948,0.43,559.4,-0.09723,-74.55816,0.0,0,-1.0,-1.0,-1.0,-1.0,-1.0,0.0,0.0,0.0,0.0
1791578497.18,2544228.2,504.1,2953.7,2881.3,238.7,296.0,238.7,88.41,353.55,1.44,330.66,22648.46,846.251448,64172.0,2.1,5915.1,-598418.3,303748.4,0.9948,0.681,559.7,-0.09715,-74.5582,0.0,0,-1.0,-1.0,-1.0,-1.0,-1.0,0.0,0.0,0.0,0.0
1791578497.68,2544228.7,504.6,3074.4,3002.0,244.2,300.4,244.2,88.24,354.07,0.94,330.66,23341.32,832.968168,62930.3,2.11,6175.3,-598418.7,303878.3,0.9948,0.947,560.1,-0.09703,-74.55823,0.0,0,-1.0,-1.0,-1.0,-1.0,-1.0,0.0,0.0,0.0,0.0
1791578498.18,2544229.2,505.1,3198.0,3125.5,249.7,304.9,249.7,88.09,354.43,0.6,330.65,24029.68,819.549183,61680.7,2.12,6442.6,-598419.0,304011.8,0.9948,1.221,560.4,-0.09687,-74.55828,0.0,0,-1.0,-1.0,-1.0,-1.0,-1.0,0.0,0.0,0.0,0.0
1791578498.68,2544229.7,505.6,3324.3,3251.9,255.3,309.4,255.3,87.97,354.64,0.39,330.64,24713.22,806.002036,60424.0,2.12,6717.1,-598419.0,304149.1,0.9948,1.496,560.8,-0.09667,-74.55833,0.0,0,-1.0,-1.0,-1.0,-1.0,-1.0,0.0,0.0,0.0,0.0
1791578499.18,2544230.1,506.1,3432.5,3360.1,260.0,313.3,260.0,87.89,354.82,0.2,330.63,25283.31,794.528769,59363.5,2.13,6953.6,-598418.9,304267.3,0.9948,1.723,561.1,-0.09648,-74.55837,0.0,0,-1.0,-1.0,-1.0,-1.0,-1.0,0.0,0.0,0.0,0.0
1791578499.68,2544230.6,506.6,3569.3,3496.8,265.8,318.2,265.9,87.82,354.97,0.05,330.62,25983.35,780.2122,58045.3,2.14,7253.9,-598418.7,304417.6,0.9948,1.998,561.6,-0.0962,-74.55843,0.0,0,-1.0,-1.0,-1.0,-1.0,-1.0,0.0,0.0,0.0,0.0
1791578500.18,2544231.1,507.1,3703.7,3632.3,271.5,323.0,271.6,87.77,354.99,0.03,330.61,26649.81,766.337142,56773.2,2.15,7550.8,-598418.3,304566.2,0.9948,2.252,562.0,-0.09589,-74.55849,0.0,0,-1.0,-1.0,-1.0,-1.0,-1.0,0.0,0.0,0.0,0.0
1791578500.69,2544231.6,507.6,3840.9,3771.6,277.3,327.8,277.4,87.74,355.05,-0.03,330.61,27308.93,752.362845,55497.4,2.16,7855.9,-598417.8,304719.0,0.9948,2.493,562.4,-0.09554,-74.55855,0.0,0,-1.0,-1.0,-1.0,-1.0,-1.0,0.0,0.0,0.0,0.0
1791578501.19,2544232.1,508.1,3981.1,3913.4,283.1,332.7,283.2,87.73,355.16,-0.14,330.6,27959.73,738.296596,54218.9,2.17,8169.4,-598417.2,304876.1,0.9948,2.721,562.8,-0.09517,-74.55862,0.0,0,-1.0,-1.0,-1.0,-1.0,-1.0,0.0,0.0,0.0,0.0
1791578501.69,2544232.6,508.6,4124.2,4056.5,289.0,337.7,289.1,87.73,355.27,-0.25,330.59,28597.69,724.14654,52938.5,2.18,8491.1,-598416.4,305037.3,0.9948,2.935,563.3,-0.09476,-74.55869,0.0,0,-1.0,-1.0,-1.0,-1.0,-1.0,0.0,0.0,0.0,0.0
1791578502.19,2544233.1,509.1,4270.2,4202.5,294.8,342.8,295.0,87.73,355.3,-0.29,330.58,29209.94,709.922604,51657.3,2.18,8819.1,-598415.6,305201.8,0.9948,3.135,563.7,-0.09432,-74.55876,0.0,0,-1.0,-1.0,-1.0,-1.0,-1.0,0.0,0.0,0.0,0.0
1791578502.69,2544233.7,509.6,4419.1,4351.4,300.6,347.7,300.7,87.74,355.32,-0.31,330.57,29757.52,695.638044,50376.7,2.16,9151.2,-598414.6,305368.3,0.9948,3.321,564.2,-0.09385,-74.55884,0.0,0,-1.0,-1.0,-1.0,-1.0,-1.0,0.0,0.0,0.0,0.0
1791578503.19,2544234.2,510.1,4570.8,4503.1,306.2,352.6,306.4,87.76,355.32,-0.32,330.57,30272.82,681.309065,49098.3,2.12,9485.1,-598413.6,305535.8,0.9948,3.494,564.7,-0.09336,-74.55892,0.0,0,-1.0,-1.0,-1.0,-1.0,-1.0,0.0,0.0,0.0,0.0
1791578503.7,2544234.7,510.6,4725.3,4657.6,311.6,357.3,311.8,87.78,355.34,-0.34,330.56,30725.15,666.953709,47823.9,2.08,9819.2,-598412.5,305703.4,0.9948,3.652,565.1,-0.09284,-74.55901,0.0,0,-1.0,-1.0,-1.0,-1.0,-1.0,0.0,0.0,0.0,0.0
1791578504.2,2544235.1,511.2,4869.8,4802.1,316.4,361.5,316.6,87.82,355.34,-0.34,330.55,31108.17,653.739987,46656.5,2.04,10125.8,-598411.4,305857.2,0.9948,3.784,565.6,-0.09235,-74.55909,0.0,0,-1.0,-1.0,-1.0,-1.0,-1.0,0.0,0.0,0.0,0.0
1791578504.7,2544235.6,511.7,5022.9,4955.2,321.2,365.7,321.4,87.85,355.35,-0.34,330.54,31393.25,639.961075,45445.1,2.0,10444.4,-598410.2,306017.1,0.9948,3.906,566.0,-0.09181,-74.55917,0.0,0,-1.0,-1.0,-1.0,-1.0,-1.0,0.0,0.0,0.0,0.0
1791578505.21,2544236.1,512.2,5191.3,5123.6,326.2,370.1,326.4,87.85,355.32,-0.31,330.53,31685.39,625.063317,44142.2,1.95,10786.9,-598408.9,306189.0,0.9948,4.025,566.5,-0.09122,-74.55927,0.0,0,-1.0,-1.0,-1.0,-1.0,-1.0,0.0,0.0,0.0,0.0
1791578505.72,2544236.6,512.7,5355.5,5287.8,330.7,374.2,331.0,87.85,355.3,-0.29,330.52,31871.64,610.785991,42900.4,1.91,11113.7,-598407.6,306353.0,0.9948,4.136,566.9,-0.09063,-74.55936,0.0,0,-1.0,-1.0,-1.0,-1.0,-1.0,0.0,0.0,0.0,0.0
1791578506.22,2544237.1,513.2,5522.1,5454.4,335.1,378.1,335.4,87.87,355.23,-0.22,330.52,31966.79,596.571757,41670.8,1.87,11438.1,-598406.2,306516.0,0.9948,4.236,567.4,-0.09002,-74.55945,0.0,0,-1.0,-1.0,-1.0,-1.0,-1.0,0.0,0.0,0.0,0.0
1791578506.73,2544237.6,513.7,5697.5,5629.8,339.5,381.9,339.7,87.91,355.1,-0.1,330.51,32067.33,581.871514,40406.4,1.83,11774.1,-598404.7,306684.7,0.9948,4.328,567.8,-0.08938,-74.55956,0.0,0,-1.0,-1.0,-1.0,-1.0,-1.0,0.0,0.0,0.0,0.0
1791578507.23,2544238.1,514.2,5868.3,5800.6,343.6,385.6,343.8,87.94,355.05,-0.04,330.5,32091.79,567.828314,39205.5,1.81,12097.4,-598403.3,306847.1,0.9948,4.403,568.3,-0.08875,-74.55965,0.0,0,-1.0,-1.0,-1.0,-1.0,-1.0,0.0,0.0,0.0,0.0
1791578507.73,2544238.6,514.7,6041.2,5973.5,347.6,389.2,347.9,87.97,354.99,0.01,330.49,32085.49,553.884297,38020.0,1.8,12423.2,-598401.9,307010.7,0.9948,4.468,568.8,-0.08811,-74.55976,0.0,0,-1.0,-1.0,-1.0,-1.0,-1.0,0.0,0.0,0.0,0.0
1791578508.23,2544239.1,515.2,6216.0,6148.4,351.7,392.9,352.0,87.98,355.01,-0.01,330.48,32030.99,540.04568,36850.3,1.81,12754.2,-598400.4,307176.9,0.9948,4.528,569.2,-0.08746,-74.55986,0.0,0,-1.0,-1.0,-1.0,-1.0,-1.0,0.0,0.0,0.0,0.0
1791578508.74,2544239.6,515.7,6393.0,6325.3,355.9,396.6,356.1,87.99,354.96,0.04,330.48,32028.35,526.316092,35696.8,1.82,13091.9,-598399.0,307346.5,0.9948,4.586,569.7,-0.0868,-74.55996,0.0,0,-1.0,-1.0,-1.0,-1.0,-1.0,0.0,0.0,0.0,0.0
1791578509.24,2544240.1,516.2,6572.0,6504.3,360.1,400.4,360.4,88.0,354.94,0.06,330.47,31985.73,512.698549,34559.7,1.84,13436.9,-598397.5,307519.7,0.9948,4.642,570.2,-0.08614,-74.56007,0.0,0,-1.0,-1.0,-1.0,-1.0,-1.0,0.0,0.0,0.0,0.0
1791578509.74,2544240.6,516.7,6753.1,6685.5,364.4,404.3,364.7,88.01,354.96,0.05,330.46,31935.44,499.195526,33439.1,1.86,13790.0,-598396.0,307697.0,0.9948,4.697,570.7,-0.08546,-74.56018,0.0,0,-1.0,-1.0,-1.0,-1.0,-1.0,0.0,0.0,0.0,0.0
1791578510.25,2544241.1,517.2,6943.9,6876.2,369.0,408.5,369.3,88.01,354.99,0.01,330.45,31876.18,485.276061,32291.4,1.88,14166.3,-598394.4,307885.9,0.9948,4.754,571.2,-0.08475,-74.56029,0.0,0,-1.0,-1.0,-1.0,-1.0,-1.0,0.0,0.0,0.0,0.0
1791578510.76,2544241.6,517.7,7129.5,7061.9,373.5,412.6,373.8,88.02,354.98,0.02,330.44,31813.49,472.013129,31205.0,1.9,14537.7,-598392.9,308072.4,0.9948,4.809,571.7,-0.08407,-74.5604,0.0,0,-1.0,-1.0,-1.0,-1.0,-1.0,0.0,0.0,0.0,0.0
1791578511.26,2544242.1,518.2,7317.5,7249.8,378.2,416.9,378.5,88.02,355.02,-0.02,330.43,31746.06,458.870846,30135.6,1.93,14919.3,-598391.3,308264.0,0.9948,4.865,572.2,-0.08337,-74.56052,0.0,0,-1.0,-1.0,-1.0,-1.0,-1.0,0.0,0.0,0.0,0.0
1791578511.76,2544242.6,518.7,7507.9,7440.2,383.0,421.2,383.3,88.02,354.98,0.03,330.43,31674.51,445.851012,29083.1,1.96,15311.7,-598389.7,308461.0,0.9948,4.922,572.8,-0.08266,-74.56063,0.0,0,-1.0,-1.0,-1.0,-1.0,-1.0,0.0,0.0,0.0,0.0
1791578512.27,2544243.2,519.2,7708.4,7641.8,388.2,426.0,388.5,88.02,355.05,-0.05,330.42,31596.23,432.44175,28006.8,1.99,15732.3,-598388.1,308672.1,0.9948,4.983,573.4,-0.08192,-74.56075,0.0,0,-1.0,-1.0,-1.0,-1.0,-1.0,0.0,0.0,0.0,0.0
1791578512.77,2544243.6,519.7,7896.0,7830.5,393.1,430.5,393.4,88.02,355.06,-0.06,330.41,31520.64,420.184047,27029.7,2.02,16132.7,-598386.5,308873.1,0.9948,5.042,573.9,-0.08123,-74.56087,0.0,0,-1.0,-1.0,-1.0,-1.0,-1.0,0.0,0.0,0.0,0.0
1791578513.32,2544244.1,520.3,8070.0,8005.3,397.8,434.7,398.1,88.02,354.98,0.02,330.4,31448.6,409.050125,26147.9,2.05,16510.5,-598385.1,309062.7,0.9948,5.097,574.5,-0.08058,-74.56097,0.0,0,-1.0,-1.0,-1.0,-1.0,-1.0,0.0,0.0,0.0,0.0
1791578513.83,2544244.6,520.8,8278.4,8213.6,403.4,439.9,403.8,88.02,354.85,0.15,330.39,31360.0,396.019377,25123.1,2.09,16971.3,-598383.5,309293.9,0.9948,5.165,575.1,-0.07982,-74.5611,0.0,0,-1.0,-1.0,-1.0,-1.0,-1.0,0.0,0.0,0.0,0.0
1791578514.33,2544245.1,521.3,8489.7,8425.0,409.3,445.4,409.7,88.02,354.78,0.22,330.38,31266.94,383.128397,24117.1,2.13,17448.6,-598381.8,309533.4,0.9948,5.236,575.8,-0.07904,-74.56123,0.0,0,-1.0,-1.0,-1.0,-1.0,-1.0,0.0,0.0,0.0,0.0
1791578514.83,2544245.6,521.8,8695.9,8631.1,415.2,450.8,415.5,88.02,354.73,0.26,330.38,31172.1,370.86656,23167.5,2.17,17923.8,-598380.2,309771.8,0.9948,5.308,576.4,-0.07828,-74.56136,0.0,0,-1.0,-1.0,-1.0,-1.0,-1.0,0.0,0.0,0.0,0.0
1791578515.33,2544246.1,522.3,8905.1,8840.3,421.3,456.4,421.6,88.02,354.71,0.29,330.37,30980.79,357.54212,22236.0,2.21,18415.8,-598378.6,310018.6,0.9948,5.382,577.1,-0.07751,-74.56149,0.0,0,-1.0,-1.0,-1.0,-1.0,-1.0,0.0,0.0,0.0,0.0
1791578515.84,2544246.6,522.8,9117.4,9052.6,427.6,462.2,427.9,88.02,354.7,0.3,330.36,30644.85,342.937606,21327.7,2.25,18925.7,-598377.0,310274.4,0.9948,5.459,577.8,-0.07673,-74.56162,0.0,0,-1.0,-1.0,-1.0,-1.0,-1.0,0.0,0.0,0.0,0.0
1791578516.34,2544247.1,523.3,9332.8,9268.1,434.1,468.2,434.4,88.02,354.7,0.3,330.35,30312.89,328.721945,20443.6,2.3,19454.7,-598375.3,310539.7,0.9948,5.54,578.6,-0.07594,-74.56176,0.0,0,-1.0,-1.0,-1.0,-1.0,-1.0,0.0,0.0,0.0,0.0
1791578516.84,2544247.6,523.8,9542.8,9478.2,440.6,474.3,440.9,88.01,354.69,0.31,330.34,29998.2,315.437706,19617.4,2.35,19981.9,-598373.8,310804.1,0.9948,5.621,579.3,-0.07517,-74.56189,0.0,0,-1.0,-1.0,-1.0,-1.0,-1.0,0.0,0.0,0.0,0.0
1791578517.34,2544247.8,524.3,9640.1,9575.5,443.6,477.1,444.0,88.01,354.68,0.31,330.34,29855.32,309.466857,19246.1,2.37,20230.1,-598373.0,310928.6,0.9948,5.659,579.7,-0.07481,-74.56195,0.0,0,-1.0,-1.0,-1.0,-1.0,-1.0,0.0,0.0,0.0,0.0
1791578517.84,2544247.8,524.8,9640.1,9575.5,443.6,477.1,444.0,88.01,354.68,0.31,330.34,29855.32,309.466857,19246.1,2.37,20230.1,-598373.0,310928.6,0.9948,5.659,579.7,-0.07481,-74.56195,0.0,0,-1.0,-1.0,-1.0,-1.0,-1.0,0.0,0.0,0.0,0.0
1791578518.34,2544247.9,525.3,9657.9,9593.2,444.2,477.6,444.5,88.01,354.68,0.32,330.34,29829.43,308.389113,19179.1,2.37,20275.8,-598372.9,310951.4,0.9948,5.666,579.7,-0.07474,-74.56196,0.0,0,-1.0,-1.0,-1.0,-1.0,-1.0,0.0,0.0,0.0,0.0
1791578518.85,2544247.9,525.8,9657.9,9593.2,444.2,477.6,444.5,88.01,354.68,0.32,330.34,29829.43,308.389113,19179.1,2.37,20275.8,-598372.9,310951.4,0.9948,5.666,579.7,-0.07474,-74.56196,0.0,0,-1.0,-1.0,-1.0,-1.0,-1.0,0.0,0.0,0.0,0.0
1791578519.35,2544247.9,526.3,9675.6,9611.0,444.7,478.2,445.1,88.01,354.67,0.32,330.34,29803.57,307.313823,19112.2,2.38,20321.5,-598372.8,310974.4,0.9948,5.673,579.8,-0.07468,-74.56197,0.0,0,-1.0,-1.0,-1.0,-1.0,-1.0,0.0,0.0,0.0,0.0
1791578519.85,2544247.9,526.8,9693.5,9628.9,445.3,478.7,445.7,88.01,354.67,0.32,330.34,29777.74,306.241017,19045.5,2.38,20367.4,-598372.6,310997.4,0.9948,5.68,579.9,-0.07461,-74.56198,0.0,0,-1.0,-1.0,-1.0,-1.0,-1.0,0.0,0.0,0.0,0.0
1791578520.35,2544248.4,527.3,9908.9,9844.4,452.2,485.1,452.6,88.01,354.65,0.34,330.33,29469.96,293.554765,18256.5,2.43,20929.8,-598371.0,311279.4,0.9948,5.767,580.7,-0.07382,-74.56212,0.0,0,-1.0,-1.0,-1.0,-1.0,-1.0,0.0,0.0,0.0,0.0
1791578520.85,2544248.9,527.8,10136.9,10072.5,459.7,492.1,460.0,88.01,354.64,0.36,330.32,29153.52,280.705046,17457.4,2.49,21539.8,-598369.4,311585.2,0.9948,5.861,581.5,-0.07299,-74.56227,0.0,0,-1.0,-1.0,-1.0,-1.0,-1.0,0.0,0.0,0.0,0.0
1791578521.35,2544249.4,528.3,10368.8,10304.4,467.4,499.3,467.8,88.01,354.62,0.38,330.31,28840.97,268.221118,16681.0,2.55,22176.0,-598367.7,311904.1,0.9948,5.96,582.4,-0.07214,-74.56242,0.0,0,-1.0,-1.0,-1.0,-1.0,-1.0,0.0,0.0,0.0,0.0
1791578521.86,2544249.9,528.8,10604.5,10540.2,475.5,506.9,475.8,88.01,354.6,0.39,330.31,28531.58,256.094914,15926.8,2.61,22840.3,-598366.0,312237.1,0.9948,6.062,583.3,-0.07127,-74.56257,0.0,0,-1.0,-1.0,-1.0,-1.0,-1.0,0.0,0.0,0.0,0.0
1791578522.36,2544250.4,529.3,10844.4,10780.1,483.8,514.8,484.2,88.01,354.58,0.41,330.3,28224.33,244.317219,15194.4,2.68,23534.7,-598364.4,312585.1,0.9948,6.17,584.3,-0.0704,-74.56273,0.0,0,-1.0,-1.0,-1.0,-1.0,-1.0,0.0,0.0,0.0,0.0
1791578522.86,2544250.9,529.8,11098.5,11034.2,492.9,523.3,493.3,88.0,354.56,0.43,330.29,27906.27,232.433593,14455.3,2.75,24290.9,-598362.6,312964.1,0.9948,6.286,585.4,-0.06947,-74.5629,0.0,0,-1.0,-1.0,-1.0,-1.0,-1.0,0.0,0.0,0.0,0.0
1791578523.36,2544251.4,530.3,11347.3,11283.1,502.0,531.9,502.4,88.0,354.54,0.45,330.28,27601.2,221.355982,13766.4,2.82,25053.0,-598360.9,313346.0,0.9948,6.403,586.4,-0.06856,-74.56306,0.0,0,-1.0,-1.0,-1.0,-1.0,-1.0,0.0,0.0,0.0,0.0
1791578523.87,2544251.9,530.8,11600.7,11536.6,511.5,540.8,511.9,88.0,354.53,0.47,330.27,27295.77,210.616682,13098.5,2.89,25851.6,-598359.2,313746.2,0.9948,6.525,587.6,-0.06763,-74.56323,0.0,0,-1.0,-1.0,-1.0,-1.0,-1.0,0.0,0.0,0.0,0.0
1791578524.37,2544252.4,531.3,11859.0,11794.9,521.3,550.1,521.7,88.0,354.51,0.48,330.26,26988.49,200.211001,12451.4,2.97,26688.8,-598357.5,314165.7,0.9948,6.652,588.8,-0.06668,-74.56341,0.0,0,-1.0,-1.0,-1.0,-1.0,-1.0,0.0,0.0,0.0,0.0
1791578524.87,2544252.9,531.8,12122.3,12058.2,531.5,559.8,531.9,88.0,354.5,0.49,330.26,26677.39,190.132989,11824.6,3.05,27566.8,-598355.8,314605.5,0.9948,6.784,590.0,-0.06572,-74.56359,0.0,0,-1.0,-1.0,-1.0,-1.0,-1.0,0.0,0.0,0.0,0.0
1791578525.37,2544253.4,532.3,12390.8,12326.8,542.1,569.9,542.5,88.0,354.5,0.5,330.25,26360.14,180.377432,11217.9,3.12,28487.5,-598354.0,315066.7,0.9948,6.921,591.3,-0.06474,-74.56377,0.0,0,-1.0,-1.0,-1.0,-1.0,-1.0,0.0,0.0,0.0,0.0
1791578525.88,2544253.9,532.8,12664.6,12600.7,552.5,579.8,552.9,88.0,354.49,0.5,330.24,25982.89,170.942536,10631.1,3.06,29418.5,-598352.2,315533.1,0.9948,7.057,592.6,-0.06374,-74.56396,0.0,0,-1.0,-1.0,-1.0,-1.0,-1.0,0.0,0.0,0.0,0.0
1791578526.38,2544254.4,533.3,12927.6,12863.7,543.1,570.9,543.6,88.27,1.12,-6.12,330.23,23864.35,162.348787,10096.7,1.14,29117.8,-598351.2,315383.3,0.9948,6.974,592.2,-0.06277,-74.56415,0.0,0,-1.0,-1.0,-1.0,-1.0,-1.0,0.0,0.0,0.0,0.0
1791578526.88,2544254.9,533.8,13207.1,13143.3,532.3,560.6,532.7,88.35,4.39,-9.37,330.22,21724.03,153.691169,9558.2,1.16,28757.3,-598349.1,315204.1,0.9948,6.853,591.7,-0.06174,-74.56435,0.0,0,-1.0,-1.0,-1.0,-1.0,-1.0,0.0,0.0,0.0,0.0
1791578527.38,2544255.4,534.3,13470.7,13406.8,522.3,551.1,522.7,88.29,2.09,-7.07,330.22,19878.23,145.951356,9076.9,1.09,28439.2,-598347.2,315046.0,0.9948,6.747,591.2,-0.06077,-74.56455,0.0,0,-1.0,-1.0,-1.0,-1.0,-1.0,0.0,0.0,0.0,0.0
1791578527.88,2544255.9,534.8,13731.4,13667.5,522.1,550.9,522.5,86.5,354.69,0.32,330.21,18887.22,138.669616,8624.0,1.18,28699.9,-598345.1,315177.4,0.9947,6.753,591.6,-0.05981,-74.56474,0.0,0,-1.0,-1.0,-1.0,-1.0,-1.0,0.0,0.0,0.0,0.0
1791578528.38,2544256.4,535.3,13992.7,13928.7,523.0,551.8,523.5,83.74,353.69,1.32,330.2,18025.64,131.73249,8192.6,1.17,29029.7,-598343.8,315342.9,0.9947,7.185,592.1,-0.05882,-74.56494,0.0,0,-1.0,-1.0,-1.0,-1.0,-1.0,0.0,0.0,0.0,0.0
1791578528.89,2544256.9,535.8,14254.4,14190.3,523.8,552.6,524.4,82.5,354.4,0.62,330.19,17194.83,125.129604,7782.0,1.2,29353.1,-598341.5,315505.8,0.9947,7.87,592.5,-0.05775,-74.56516,0.0,0,-1.0,-1.0,-1.0,-1.0,-1.0,0.0,0.0,0.0,0.0
1791578529.39,2544257.4,536.3,14516.6,14452.4,524.7,553.5,525.4,81.48,354.63,0.38,330.18,16406.18,118.848253,7391.3,1.25,29681.8,-598337.9,315672.0,0.9947,8.682,593.0,-0.05657,-74.56539,0.0,0,-1.0,-1.0,-1.0,-1.0,-1.0,0.0,0.0,0.0,0.0
1791578529.89,2544257.9,536.8,14779.2,14714.9,525.7,554.5,526.6,80.43,354.66,0.35,330.18,15659.32,112.87459,7019.8,1.3,30017.5,-598332.9,315842.3,0.9947,9.62,593.5,-0.05526,-74.56564,0.0,0,-1.0,-1.0,-1.0,-1.0,-1.0,0.0,0.0,0.0,0.0
1791578530.39,2544258.4,537.3,15042.3,14975.9,526.8,555.6,527.9,79.45,354.73,0.28,330.17,14952.44,107.194776,6666.6,1.36,30360.6,-598326.4,316017.1,0.9947,10.674,594.0,-0.05381,-74.5659,0.0,0,-1.0,-1.0,-1.0,-1.0,-1.0,0.0,0.0,0.0,0.0
1791578530.89,2544258.9,537.8,15306.1,15238.3,528.1,556.9,529.4,78.58,354.8,0.21,330.16,14284.45,101.79494,6330.7,1.41,30712.8,-598318.0,316197.4,0.9947,11.82,594.5,-0.0522,-74.56618,0.0,0,-1.0,-1.0,-1.0,-1.0,-1.0,0.0,0.0,0.0,0.0
1791578531.4,2544259.4,538.3,15570.5,15502.7,529.5,558.4,531.1,77.85,354.85,0.15,330.15,13654.2,96.660936,6011.5,1.46,31075.9,-598307.6,316384.2,0.9947,13.029,595.0,-0.05043,-74.56648,0.0,0,-1.0,-1.0,-1.0,-1.0,-1.0,0.0,0.0,0.0,0.0
1791578531.9,2544259.9,538.9,15835.7,15767.9,531.1,560.1,533.0,77.23,354.89,0.11,330.14,13060.12,91.778557,5707.8,1.51,31451.8,-598295.2,316578.3,0.9946,14.278,595.5,-0.04847,-74.5668,0.0,0,-1.0,-1.0,-1.0,-1.0,-1.0,0.0,0.0,0.0,0.0
1791578532.4,2544260.5,539.4,16101.7,16033.9,532.9,562.1,535.1,76.71,354.93,0.08,330.13,12497.26,87.107815,5418.9,1.55,31841.9,-598280.8,316780.6,0.9946,15.544,596.1,-0.04634,-74.56715,0.0,0,-1.0,-1.0,-1.0,-1.0,-1.0,0.0,0.0,0.0,0.0
1791578532.9,2544260.9,539.9,16325.9,16261.5,534.6,563.9,537.1,76.35,354.95,0.05,330.13,12037.0,83.272856,5187.0,1.59,32181.5,-598267.1,316957.2,0.9945,16.611,596.6,-0.0444,-74.56745,0.0,0,-1.0,-1.0,-1.0,-1.0,-1.0,0.0,0.0,0.0,0.0
1791578533.4,2544261.3,540.4,16583.0,16518.8,536.8,566.2,539.7,75.99,354.98,0.02,330.12,11539.1,79.082731,4933.3,1.63,32583.9,-598250.0,317167.0,0.9945,17.822,597.2,-0.04202,-74.56781,0.0,0,-1.0,-1.0,-1.0,-1.0,-1.0,0.0,0.0,0.0,0.0
1791578533.91,2544261.8,540.9,16852.1,16787.8,539.2,568.8,542.6,75.68,355.01,-0.01,330.11,11049.65,74.922806,4681.0,1.67,33019.9,-598230.4,317394.8,0.9944,19.067,597.9,-0.03937,-74.56821,0.0,0,-1.0,-1.0,-1.0,-1.0,-1.0,0.0,0.0,0.0,0.0
1791578534.41,2544262.3,541.4,17122.4,17058.0,542.0,571.7,545.7,75.42,355.02,-0.03,330.11,10587.59,70.960904,4440.3,1.71,33473.6,-598209.1,317632.2,0.9944,20.291,598.5,-0.03653,-74.56863,0.0,0,-1.0,-1.0,-1.0,-1.0,-1.0,0.0,0.0,0.0,0.0
1791578534.91,2544262.8,541.9,17394.1,17329.7,544.9,574.9,549.1,75.19,355.03,-0.04,330.1,10151.01,67.189424,4210.8,1.75,33945.4,-598186.2,317879.6,0.9943,21.491,599.2,-0.0335,-74.56907,0.0,0,-1.0,-1.0,-1.0,-1.0,-1.0,0.0,0.0,0.0,0.0
1791578535.41,2544263.4,542.4,17678.4,17614.0,548.3,578.4,553.0,74.99,355.04,-0.06,330.09,9722.06,63.46124,3983.6,1.79,34455.5,-598160.9,318147.3,0.9942,22.712,600.0,-0.03016,-74.56955,0.0,0,-1.0,-1.0,-1.0,-1.0,-1.0,0.0,0.0,0.0,0.0
1791578535.91,2544263.9,542.9,17942.4,17878.4,551.6,581.9,556.7,74.81,355.07,-0.08,330.08,9326.49,60.188675,3783.8,1.83,34944.1,-598136.0,318404.1,0.9941,23.814,600.7,-0.02691,-74.57001,0.0,0,-1.0,-1.0,-1.0,-1.0,-1.0,0.0,0.0,0.0,0.0
1791578536.42,2544264.4,543.4,18230.2,18166.7,555.4,585.9,561.1,74.64,355.09,-0.1,330.07,8962.05,56.818873,3577.8,1.87,35492.6,-598107.5,318692.6,0.9941,24.983,601.5,-0.0232,-74.57053,0.0,0,-1.0,-1.0,-1.0,-1.0,-1.0,0.0,0.0,0.0,0.0
1791578536.92,2544264.9,543.9,18508.9,18445.9,559.3,590.1,565.5,74.48,355.09,-0.1,330.07,8610.95,53.743754,3389.5,1.91,36038.9,-598078.6,318980.2,0.994,26.083,602.3,-0.01946,-74.57105,0.0,0,-1.0,-1.0,-1.0,-1.0,-1.0,0.0,0.0,0.0,0.0
1791578537.42,2544265.4,544.4,18800.9,18738.2,563.6,594.6,570.3,74.31,355.1,-0.11,330.06,8264.22,50.709779,3203.4,1.94,36626.6,-598046.9,319289.8,0.9939,27.206,603.2,-0.01538,-74.57161,0.0,0,-1.0,-1.0,-1.0,-1.0,-1.0,0.0,0.0,0.0,0.0
1791578537.92,2544265.9,544.9,19083.8,19021.0,567.9,599.1,575.2,74.15,355.1,-0.11,330.05,7947.2,47.943185,3033.5,1.98,37210.5,-598014.9,319597.8,0.9938,28.266,604.1,-0.01127,-74.57217,0.0,0,-1.0,-1.0,-1.0,-1.0,-1.0,0.0,0.0,0.0,0.0
1791578538.43,2544266.4,545.4,19368.9,19306.1,572.4,603.9,580.2,73.99,355.1,-0.11,330.04,7644.97,45.317231,2871.9,2.02,37812.6,-597981.3,319915.7,0.9937,29.308,605.0,-0.007,-74.57275,0.0,0,-1.0,-1.0,-1.0,-1.0,-1.0,0.0,0.0,0.0,0.0
1791578538.93,2544266.9,545.9,19656.3,19593.4,577.1,608.9,585.5,73.83,355.1,-0.1,330.03,7356.35,42.824894,2718.4,2.05,38433.0,-597946.0,320243.5,0.9936,30.335,605.9,-0.00255,-74.57335,0.0,0,-1.0,-1.0,-1.0,-1.0,-1.0,0.0,0.0,0.0,0.0
1791578539.43,2544267.4,546.4,19946.1,19883.2,582.0,614.0,591.0,73.66,355.1,-0.1,330.03,7080.18,40.458908,2572.3,2.08,39071.6,-597909.0,320581.3,0.9935,31.347,606.9,0.00207,-74.57397,0.0,0,-1.0,-1.0,-1.0,-1.0,-1.0,0.0,0.0,0.0,0.0
1791578539.93,2544267.9,546.9,20238.4,20175.6,587.0,619.3,596.6,73.49,355.09,-0.1,330.02,6815.3,38.211863,2433.5,2.11,39728.2,-597870.2,320929.0,0.9934,32.346,607.9,0.00687,-74.57461,0.0,0,-1.0,-1.0,-1.0,-1.0,-1.0,0.0,0.0,0.0,0.0
1791578540.44,2544268.4,547.4,20533.3,20470.6,592.2,624.8,602.4,73.31,355.09,-0.09,330.01,6560.54,36.076077,2301.2,2.15,40402.9,-597829.5,321286.7,0.9932,33.334,608.9,0.01183,-74.57527,0.0,0,-1.0,-1.0,-1.0,-1.0,-1.0,0.0,0.0,0.0,0.0
1791578540.94,2544268.9,547.9,20830.8,20768.2,597.6,630.5,608.4,73.12,355.09,-0.09,330.0,6314.71,34.043592,2175.2,2.18,41095.8,-597786.9,321654.5,0.9931,34.311,609.9,0.01698,-74.57595,0.0,0,-1.0,-1.0,-1.0,-1.0,-1.0,0.0,0.0,0.0,0.0
1791578541.44,2544269.4,548.4,21131.0,21068.0,603.1,636.3,614.6,72.93,355.08,-0.09,330.0,6076.58,32.106117,2054.8,2.21,41807.1,-597742.1,322032.5,0.993,35.278,611.0,0.0223,-74.57665,0.0,0,-1.0,-1.0,-1.0,-1.0,-1.0,0.0,0.0,0.0,0.0
1791578541.94,2544269.9,548.9,21434.0,21370.3,608.7,642.3,620.9,72.73,355.08,-0.08,329.99,5845.21,30.257389,1939.8,2.24,42537.1,-597695.1,322421.0,0.9929,36.236,612.1,0.0278,-74.57737,0.0,0,-1.0,-1.0,-1.0,-1.0,-1.0,0.0,0.0,0.0,0.0
1791578542.44,2544270.4,549.4,21739.9,21675.5,614.5,648.5,627.4,72.52,355.08,-0.08,329.98,5607.06,28.495756,1829.9,2.27,43286.1,-597645.8,322820.1,0.9927,37.186,613.2,0.03348,-74.57811,0.0,0,-1.0,-1.0,-1.0,-1.0,-1.0,0.0,0.0,0.0,0.0
1791578542.94,2544270.9,549.9,22048.7,21983.9,620.5,654.8,634.0,72.31,355.07,-0.07,329.97,5389.58,26.819401,1725.2,2.3,44054.4,-597594.1,323230.2,0.9926,38.128,614.4,0.03934,-74.57888,0.0,0,-1.0,-1.0,-1.0,-1.0,-1.0,0.0,0.0,0.0,0.0
1791578543.45,2544271.4,550.4,22360.5,22295.8,626.6,661.3,640.8,72.09,355.07,-0.07,329.97,5178.85,25.226396,1625.5,2.33,44842.5,-597539.8,323651.3,0.9924,39.062,615.6,0.04538,-74.57967,0.0,0,-1.0,-1.0,-1.0,-1.0,-1.0,0.0,0.0,0.0,0.0
1791578543.95,2544271.9,550.9,22675.4,22611.4,632.8,667.9,647.8,71.87,355.06,-0.07,329.96,4974.87,23.714699,1530.8,2.36,45650.5,-597482.7,324083.9,0.9922,39.989,616.9,0.05161,-74.58047,0.0,0,-1.0,-1.0,-1.0,-1.0,-1.0,0.0,0.0,0.0,0.0
1791578544.45,2544272.4,551.4,23006.2,22942.9,639.4,675.0,655.2,71.63,355.06,-0.06,329.95,4781.86,22.226468,1437.3,2.39,46512.5,-597420.4,324546.0,0.9921,40.946,618.2,0.05829,-74.58134,0.0,0,-1.0,-1.0,-1.0,-1.0,-1.0,0.0,0.0,0.0,0.0
1791578544.95,2544272.9,551.9,23327.6,23264.3,645.9,681.9,662.5,71.39,355.06,-0.06,329.94,4591.29,20.873813,1352.3,2.42,47362.4,-597357.4,325002.5,0.9919,41.86,619.5,0.0649,-74.58219,0.0,0,-1.0,-1.0,-1.0,-1.0,-1.0,0.0,0.0,0.0,0.0
1791578545.45,2544273.4,552.4,23652.3,23588.6,652.5,689.1,669.9,71.15,355.05,-0.05,329.94,4407.47,19.595494,1271.7,2.44,48233.6,-597291.2,325471.2,0.9917,42.766,620.8,0.07171,-74.58307,0.0,0,-1.0,-1.0,-1.0,-1.0,-1.0,0.0,0.0,0.0,0.0
1791578545.95,2544273.9,552.9,23980.3,23916.9,659.3,696.3,677.5,70.91,355.05,-0.05,329.93,4230.36,18.388897,1195.5,2.47,49126.3,-597221.6,325952.3,0.9915,43.666,622.2,0.07872,-74.58397,0.0,0,-1.0,-1.0,-1.0,-1.0,-1.0,0.0,0.0,0.0,0.0
1791578546.45,2544274.4,553.4,24311.8,24248.2,666.2,703.7,685.2,70.66,355.05,-0.05,329.92,4059.88,17.251242,1123.6,2.5,50041.0,-597148.6,326446.2,0.9913,44.559,623.6,0.08593,-74.5849,0.0,0,-1.0,-1.0,-1.0,-1.0,-1.0,0.0,0.0,0.0,0.0
1791578546.96,2544274.9,553.9,24646.7,24582.9,673.2,711.3,693.1,70.4,355.04,-0.04,329.91,3895.89,16.179549,1055.7,2.53,50978.1,-597071.9,326953.1,0.991,45.445,625.1,0.09333,-74.58585,0.0,0,-1.0,-1.0,-1.0,-1.0,-1.0,0.0,0.0,0.0,0.0
1791578547.46,2544275.4,554.4,24985.1,24920.8,680.3,719.0,701.2,70.15,355.04,-0.04,329.91,3738.22,15.170642,991.7,2.56,51938.1,-596991.3,327473.4,0.9908,46.324,626.6,0.10095,-74.58682,0.0,0,-1.0,-1.0,-1.0,-1.0,-1.0,0.0,0.0,0.0,0.0
1791578547.96,2544275.9,554.9,25327.2,25262.3,687.6,726.9,709.3,69.88,355.03,-0.04,329.9,3586.61,14.221112,931.4,2.59,52921.5,-596906.7,328007.4,0.9906,47.195,628.1,0.10877,-74.58782,0.0,0,-1.0,-1.0,-1.0,-1.0,-1.0,0.0,0.0,0.0,0.0
1791578548.46,2544276.4,555.4,25672.9,25608.0,694.9,734.9,717.7,69.62,355.03,-0.03,329.89,3440.71,13.327328,874.5,2.62,53928.7,-596817.9,328555.4,0.9903,48.059,629.7,0.11681,-74.58885,0.0,0,-1.0,-1.0,-1.0,-1.0,-1.0,0.0,0.0,0.0,0.0
1791578548.96,2544276.9,555.9,26022.3,25957.5,702.4,743.1,726.2,69.34,355.03,-0.03,329.88,3291.03,12.449907,820.8,2.64,54960.4,-596724.6,329117.9,0.99,48.914,631.3,0.12507,-74.5899,0.0,0,-1.0,-1.0,-1.0,-1.0,-1.0,0.0,0.0,0.0,0.0
1791578549.6,2544277.4,556.6,26389.7,26325.0,710.4,751.7,735.2,69.06,355.03,-0.03,329.88,3138.64,11.586041,768.1,2.67,56060.1,-596622.6,329718.8,0.9898,49.796,633.0,0.13388,-74.59102,0.0,0,-1.0,-1.0,-1.0,-1.0,-1.0,0.0,0.0,0.0,0.0
1791578550.1,2544277.9,557.1,26761.2,26697.2,718.4,760.5,744.3,68.76,355.02,-0.02,329.87,2991.28,10.774119,718.2,2.7,57187.9,-596515.3,330336.3,0.9895,50.668,634.8,0.14294,-74.59217,0.0,0,-1.0,-1.0,-1.0,-1.0,-1.0,0.0,0.0,0.0,0.0
1791578550.6,2544278.4,557.6,27122.5,27059.6,726.3,769.2,753.3,68.48,355.02,-0.02,329.86,2853.5,10.037399,672.7,2.73,58299.2,-596406.8,330946.2,0.9891,51.499,636.5,0.15189,-74.5933,0.0,0,-1.0,-1.0,-1.0,-1.0,-1.0,0.0,0.0,0.0,0.0
1791578551.11,2544278.9,558.1,27487.7,27487.7,734.2,778.0,762.4,68.19,355.02,-0.02,329.85,2719.83,9.343019,629.6,2.76,59437.7,-596293.0,331572.4,0.9888,52.32,638.4,0.16107,-74.59447,0.0,0,-1.0,-1.0,-1.0,-1.0,-1.0,0.0,0.0,0.0,0.0
1791578551.61,2544279.5,558.6,27856.9,27856.9,742.3,786.9,771.6,67.9,355.02,-0.02,329.85,2590.61,8.690301,588.8,2.79,60604.1,-596173.5,332215.3,0.9885,53.132,640.2,0.17048,-74.59566,0.0,0,-1.0,-1.0,-1.0,-1.0,-1.0,0.0,0.0,0.0,0.0
1791578552.11,2544280.0,559.1,28230.2,28230.2,750.5,796.0,781.0,67.6,355.02,-0.02,329.84,2458.76,8.077968,550.3,2.82,61799.0,-596048.0,332875.5,0.9881,53.936,642.1,0.18014,-74.59688,0.0,0,-1.0,-1.0,-1.0,-1.0,-1.0,0.0,0.0,0.0,0.0
1791578552.61,2544280.5,559.6,28622.8,28622.8,759.2,805.6,791.0,67.29,355.02,-0.02,329.83,2341.55,7.482529,512.6,2.85,63072.8,-595911.0,333580.9,0.9877,54.761,644.2,0.19044,-74.59818,0.0,0,-1.0,-1.0,-1.0,-1.0,-1.0,0.0,0.0,0.0,0.0
1791578553.12,2544281.0,560.1,29004.6,29004.6,767.7,815.0,800.7,66.98,355.01,-0.02,329.83,2226.86,6.948303,478.7,2.88,64328.1,-595772.6,334277.8,0.9874,55.544,646.2,0.20061,-74.59946,0.0,0,-1.0,-1.0,-1.0,-1.0,-1.0,0.0,0.0,0.0,0.0
1791578553.62,2544281.5,560.6,29390.7,29390.7,776.2,824.6,810.6,66.68,355.01,-0.01,329.82,2117.15,6.450109,446.8,2.91,65614.2,-595627.3,334993.4,0.9869,56.317,648.3,0.21102,-74.60078,0.0,0,-1.0,-1.0,-1.0,-1.0,-1.0,0.0,0.0,0.0,0.0
1791578554.12,2544282.0,561.1,29781.0,29781.0,784.9,834.3,820.6,66.37,355.01,-0.01,329.81,2012.48,5.986339,417.0,2.94,66931.8,-595475.0,335728.4,0.9865,57.081,650.4,0.2217,-74.60212,0.0,0,-1.0,-1.0,-1.0,-1.0,-1.0,0.0,0.0,0.0,0.0
1791578554.62,2544282.5,561.6,30175.7,30175.7,793.7,844.2,830.8,66.05,355.01,-0.01,329.8,1912.84,5.555304,389.2,2.97,68281.6,-595315.1,336483.2,0.9861,57.833,652.6,0.23264,-74.60349,0.0,0,-1.0,-1.0,-1.0,-1.0,-1.0,0.0,0.0,0.0,0.0
1791578555.12,2544283.0,562.1,30574.9,30574.9,802.6,854.2,841.1,65.74,355.01,-0.01,329.8,1818.15,5.155217,363.2,3.0,69664.4,-595147.5,337258.5,0.9856,58.576,654.8,0.24385,-74.6049,0.0,0,-1.0,-1.0,-1.0,-1.0,-1.0,0.0,0.0,0.0,0.0
1791578555.62,2544283.5,562.6,30978.5,30978.5,811.6,864.4,851.6,65.42,355.01,-0.01,329.79,1728.3,4.784194,339.0,3.03,71081.2,-594971.7,338054.8,0.9851,59.307,657.2,0.25534,-74.60634,0.0,0,-1.0,-1.0,-1.0,-1.0,-1.0,0.0,0.0,0.0,0.0
1791578556.13,2544284.0,563.1,31386.7,31386.7,820.7,874.7,862.2,65.09,355.0,-0.0,329.78,1643.1,4.440253,316.4,3.06,72532.7,-594787.3,338872.7,0.9846,60.028,659.6,0.2671,-74.60782,0.0,0,-1.0,-1.0,-1.0,-1.0,-1.0,0.0,0.0,0.0,0.0
1791578556.63,2544284.5,563.6,31799.4,31799.4,829.9,885.2,873.0,64.77,355.0,0.0,329.78,1562.26,4.121301,295.4,3.09,74019.9,-594594.0,339712.9,0.9841,60.738,662.0,0.27915,-74.60933,0.0,0,-1.0,-1.0,-1.0,-1.0,-1.0,0.0,0.0,0.0,0.0
1791578557.13,2544285.0,564.1,32216.8,32216.8,839.2,895.9,883.9,64.44,355.0,0.0,329.77,1485.42,3.82514,275.7,3.12,75543.6,-594391.3,340576.1,0.9835,61.437,664.5,0.29148,-74.61087,0.0,0,-1.0,-1.0,-1.0,-1.0,-1.0,0.0,0.0,0.0,0.0
1791578557.63,2544285.5,564.6,32638.9,32638.8,848.7,906.7,895.0,64.1,355.0,0.0,329.76,1407.86,3.549458,257.3,3.15,77104.8,-594178.8,341463.0,0.983,62.125,667.1,0.30412,-74.61245,0.0,0,-1.0,-1.0,-1.0,-1.0,-1.0,0.0,0.0,0.0,0.0
1791578558.13,2544286.0,565.1,33065.7,33065.7,858.2,917.7,906.3,63.75,355.0,0.0,329.76,1337.7,3.291829,240.0,3.18,78704.7,-593956.1,342374.3,0.9823,62.802,669.8,0.31705,-74.61406,0.0,0,-1.0,-1.0,-1.0,-1.0,-1.0,0.0,0.0,0.0,0.0
1791578558.63,2544286.5,565.6,33514.6,33514.6,868.2,929.2,918.1,63.4,355.0,-0.0,329.75,1271.06,3.040303,223.1,3.21,80410.6,-593713.0,343348.8,0.9817,63.494,672.7,0.33082,-74.61578,0.0,0,-1.0,-1.0,-1.0,-1.0,-1.0,0.0,0.0,0.0,0.0
1791578559.14,2544287.0,566.1,33951.3,33951.3,878.0,940.5,929.7,63.05,355.0,-0.0,329.74,1204.9,2.812549,207.6,3.24,82092.6,-593467.8,344312.4,0.981,64.148,675.5,0.34438,-74.61747,0.0,0,-1.0,-1.0,-1.0,-1.0,-1.0,0.0,0.0,0.0,0.0
1791578559.64,2544287.5,566.6,34392.8,34392.8,887.8,952.0,941.5,62.7,355.0,-0.0,329.74,1141.1,2.599228,193.0,3.27,83816.8,-593210.8,345303.0,0.9803,64.79,678.4,0.35826,-74.6192,0.0,0,-1.0,-1.0,-1.0,-1.0,-1.0,0.0,0.0,0.0,0.0
1791578560.14,2544288.0,567.1,34839.3,34839.3,897.8,963.6,953.3,62.34,355.0,-0.0,329.73,1079.79,2.399929,179.2,3.31,85584.3,-592941.4,346321.4,0.9796,65.422,681.4,0.37247,-74.62096,0.0,0,-1.0,-1.0,-1.0,-1.0,-1.0,0.0,0.0,0.0,0.0
1791578560.64,2544288.5,567.6,35290.9,35290.9,907.9,975.4,965.4,61.98,355.0,0.0,329.72,1021.06,2.21418,166.3,3.34,87396.4,-592659.1,347368.6,0.9789,66.043,684.5,0.387,-74.62277,0.0,0,-1.0,-1.0,-1.0,-1.0,-1.0,0.0,0.0,0.0,0.0
1791578561.14,2544289.0,568.1,35747.4,35747.4,918.0,987.3,977.6,61.62,355.0,0.0,329.72,964.98,2.041474,154.3,3.37,89254.6,-592363.3,348445.6,0.9781,66.652,687.7,0.40187,-74.62461,0.0,0,-1.0,-1.0,-1.0,-1.0,-1.0,0.0,0.0,0.0,0.0
1791578561.65,2544289.5,568.6,36209.1,36209.1,928.3,999.4,990.0,61.25,355.0,0.0,329.71,911.61,1.881278,143.0,3.4,91160.1,-592053.3,349553.4,0.9773,67.251,691.0,0.41707,-74.6265,0.0,0,-1.0,-1.0,-1.0,-1.0,-1.0,0.0,0.0,0.0,0.0
1791578562.15,2544290.0,569.1,36675.9,36675.9,938.7,1011.7,1002.6,60.87,355.0,0.0,329.7,860.97,1.733027,132.6,3.44,93114.4,-591728.4,350693.0,0.9764,67.839,694.4,0.43263,-74.62843,0.0,0,-1.0,-1.0,-1.0,-1.0,-1.0,0.0,0.0,0.0,0.0
1791578562.65,2544290.5,569.6,37148.0,37148.0,949.1,1024.1,1015.3,60.5,355.0,0.0,329.7,813.07,1.596121,122.9,3.47,95119.1,-591388.1,351865.5,0.9755,68.415,697.8,0.44854,-74.6304,0.0,0,-1.0,-1.0,-1.0,-1.0,-1.0,0.0,0.0,0.0,0.0
1791578563.15,2544291.0,570.1,37625.3,37625.3,959.7,1036.7,1028.2,60.12,355.0,0.0,329.69,767.88,1.469929,113.8,3.5,97175.7,-591031.4,353072.1,0.9746,68.981,701.4,0.46482,-74.63241,0.0,0,-1.0,-1.0,-1.0,-1.0,-1.0,0.0,0.0,0.0,0.0
1791578563.65,2544291.5,570.6,38127.3,38127.3,970.8,1050.1,1041.7,59.72,355.0,0.0,329.69,725.76,1.353603,105.2,3.54,99371.4,-590642.5,354364.4,0.9736,69.558,705.3,0.48213,-74.63454,0.0,0,-1.0,-1.0,-1.0,-1.0,-1.0,0.0,0.0,0.0,0.0
1791578564.16,2544292.0,571.1,38615.5,38615.5,981.6,1063.0,1055.0,59.33,355.0,0.0,329.68,689.86,1.254564,97.5,3.57,101538.8,-590250.4,355644.2,0.9726,70.102,709.1,0.49916,-74.63665,0.0,0,-1.0,-1.0,-1.0,-1.0,-1.0,0.0,0.0,0.0,0.0
1791578564.66,2544292.5,571.6,39109.1,39109.2,992.4,1076.2,1068.4,58.94,354.99,0.0,329.67,655.86,1.162996,90.4,3.61,103763.0,-589839.5,356961.7,0.9715,70.636,713.1,0.51658,-74.63879,0.0,0,-1.0,-1.0,-1.0,-1.0,-1.0,0.0,0.0,0.0,0.0
1791578565.16,2544293.0,572.1,39608.2,39608.2,1003.4,1089.5,1081.9,58.54,354.99,0.0,329.67,623.62,1.078255,83.8,3.64,106046.1,-589409.2,358318.4,0.9704,71.159,717.1,0.53438,-74.64098,0.0,0,-1.0,-1.0,-1.0,-1.0,-1.0,0.0,0.0,0.0,0.0
1791578565.66,2544293.5,572.6,40112.8,40112.8,1014.5,1103.0,1095.7,58.14,354.99,0.0,329.66,592.95,0.999635,77.7,3.68,108389.9,-588958.4,359715.8,0.9693,71.672,721.3,0.55258,-74.64322,0.0,0,-1.0,-1.0,-1.0,-1.0,-1.0,0.0,0.0,0.0,0.0
1791578566.17,2544294.0,573.1,40622.9,40622.9,1025.6,1116.6,1109.6,57.73,354.99,0.01,329.65,563.57,0.926376,72.0,3.71,110796.6,-588486.1,361155.2,0.9681,72.174,725.7,0.57118,-74.6455,0.0,0,-1.0,-1.0,-1.0,-1.0,-1.0,0.0,0.0,0.0,0.0
1791578566.67,2544294.5,573.6,41138.6,41138.6,1036.9,1130.5,1123.7,57.32,354.99,0.01,329.65,535.14,0.857761,66.6,3.75,113268.4,-587991.4,362638.5,0.9669,72.667,730.1,0.5902,-74.64784,0.0,0,-1.0,-1.0,-1.0,-1.0,-1.0,0.0,0.0,0.0,0.0
1791578567.17,2544294.9,574.1,41555.3,41555.3,1045.9,1141.7,1135.1,56.99,354.99,0.01,329.64,515.44,0.809754,62.6,3.78,115294.2,-587578.7,363857.8,0.9659,73.054,733.8,0.60571,-74.64974,0.0,0,-1.0,-1.0,-1.0,-1.0,-1.0,0.0,0.0,0.0,0.0
1791578567.67,2544295.4,574.6,42081.2,42081.2,1057.3,1155.9,1149.6,56.57,354.99,0.01,329.64,490.71,0.751655,57.7,3.81,117889.0,-587040.7,365424.1,0.9645,73.529,738.6,0.62549,-74.65216,0.0,0,-1.0,-1.0,-1.0,-1.0,-1.0,0.0,0.0,0.0,0.0
1791578568.17,2544295.9,575.1,42612.9,42612.9,1068.9,1170.3,1164.2,56.15,354.99,0.01,329.63,465.92,0.695887,53.0,3.85,120555.7,-586477.2,367039.3,0.9632,73.994,743.5,0.64569,-74.65463,0.0,0,-1.0,-1.0,-1.0,-1.0,-1.0,0.0,0.0,0.0,0.0
1791578568.68,2544296.4,575.6,43150.3,43150.3,1080.5,1184.8,1179.0,55.72,354.99,0.0,329.63,441.66,0.643218,48.7,3.89,123297.1,-585886.7,368705.2,0.9617,74.45,748.5,0.66634,-74.65715,0.0,0,-1.0,-1.0,-1.0,-1.0,-1.0,0.0,0.0,0.0,0.0
1791578569.18,2544296.9,576.1,43693.6,43693.6,1092.2,1199.6,1194.0,55.28,354.99,0.0,329.62,418.02,0.593605,44.6,3.93,126116.0,-585268.1,370423.9,0.9602,74.896,753.8,0.68744,-74.65972,0.0,0,-1.0,-1.0,-1.0,-1.0,-1.0,0.0,0.0,0.0,0.0
1791578569.68,2544297.4,576.6,44242.8,44242.8,1104.0,1214.5,1209.2,54.84,354.99,0.0,329.61,395.04,0.546997,40.8,3.97,129015.4,-584619.9,372197.7,0.9587,75.333,759.2,0.709,-74.66235,0.0,0,-1.0,-1.0,-1.0,-1.0,-1.0,0.0,0.0,0.0,0.0
1791578570.18,2544297.9,577.1,44820.2,44820.2,1116.3,1230.3,1225.2,54.38,355.0,0.0,329.61,371.92,0.501638,37.1,4.01,132119.7,-583913.0,374103.4,0.957,75.778,765.0,0.73191,-74.66514,0.0,0,-1.0,-1.0,-1.0,-1.0,-1.0,0.0,0.0,0.0,0.0
1791578570.68,2544298.4,577.6,45381.4,45381.4,1128.3,1245.6,1240.8,53.94,355.0,0.0,329.6,350.47,0.460933,33.9,4.05,135193.7,-583200.0,375996.8,0.9553,76.197,770.9,0.75443,-74.66787,0.0,0,-1.0,-1.0,-1.0,-1.0,-1.0,0.0,0.0,0.0,0.0
1791578571.19,2544298.9,578.1,45948.7,45948.7,1140.4,1261.2,1256.6,53.65,355.0,0.0,329.6,329.84,0.422982,30.8,4.09,138361.1,-582454.3,377953.4,0.9536,76.607,776.9,0.77744,-74.67067,0.0,0,-1.0,-1.0,-1.0,-1.0,-1.0,0.0,0.0,0.0,0.0
1791578571.69,2544299.4,578.6,46522.1,46522.1,1152.6,1277.0,1272.6,53.52,355.0,0.0,329.59,310.04,0.387668,28.1,4.14,141632.3,-581677.7,379977.3,0.9518,77.005,783.1,0.80093,-74.67351,0.0,0,-1.0,-1.0,-1.0,-1.0,-1.0,0.0,0.0,0.0,0.0
1791578572.19,2544299.9,579.1,47101.6,47101.6,1165.0,1293.0,1288.9,53.48,355.0,0.0,329.59,291.07,0.354855,25.5,4.18,145017.1,-580871.4,382072.9,0.9499,77.392,789.6,0.82492,-74.67642,0.0,0,-1.0,-1.0,-1.0,-1.0,-1.0,0.0,0.0,0.0,0.0
1791578572.69,2544300.4,579.6,47687.4,47687.4,1177.6,1309.3,1305.4,53.48,355.0,0.0,329.58,272.92,0.324387,23.1,4.23,148523.4,-580035.6,384243.9,0.948,77.767,796.4,0.84942,-74.67938,0.0,0,-1.0,-1.0,-1.0,-1.0,-1.0,0.0,0.0,0.0,0.0
1791578573.19,2544300.9,580.1,48279.5,48279.5,1190.4,1325.8,1322.2,53.49,355.0,0.0,329.58,255.53,0.296087,20.9,4.27,152158.3,-579169.8,386494.3,0.9461,78.131,803.4,0.87442,-74.6824,0.0,0,-1.0,-1.0,-1.0,-1.0,-1.0,0.0,0.0,0.0,0.0
1791578573.69,2544301.4,580.6,48878.1,48878.1,1203.4,1342.6,1339.2,53.51,355.0,0.0,329.57,238.83,0.269755,18.9,4.32,155929.2,-578273.2,388828.0,0.9441,78.484,810.6,0.89992,-74.68548,0.0,0,-1.0,-1.0,-1.0,-1.0,-1.0,0.0,0.0,0.0,0.0
1791578574.2,2544301.9,581.1,49483.2,49483.2,1216.7,1359.6,1356.4,53.54,355.0,0.0,329.57,222.69,0.24517,17.0,4.36,159843.5,-577345.1,391249.2,0.9421,78.826,818.2,0.92594,-74.68861,0.0,0,-1.0,-1.0,-1.0,-1.0,-1.0,0.0,0.0,0.0,0.0
1791578574.7,2544302.4,581.6,50094.6,50094.6,1225.1,1370.9,1367.9,53.6,354.99,0.0,329.56,205.29,0.222277,15.3,2.83,162727.7,-576661.6,393033.1,0.9406,79.064,823.8,0.95244,-74.6918,0.0,0,-1.0,-1.0,-1.0,-1.0,-1.0,0.0,0.0,0.0,0.0
1791578575.2,2544302.9,582.2,50706.1,50706.1,1221.1,1367.0,1364.0,53.97,354.94,0.05,329.56,184.82,0.201264,13.7,0.03,162698.3,-576662.5,393017.9,0.9406,79.064,823.8,0.97904,-74.69502,0.0,0,-1.0,-1.0,-1.0,-1.0,-1.0,0.0,0.0,0.0,0.0
1791578575.7,2544303.4,582.7,51219.5,51219.4,1217.9,1363.9,1360.9,54.6,354.86,0.12,329.55,169.12,0.18501,12.5,0.0,162706.9,-576665.4,393020.7,0.9406,79.061,823.8,1.00141,-74.69773,0.0,0,-1.0,-1.0,-1.0,-1.0,-1.0,0.0,0.0,0.0,0.0
1791578576.2,2544303.9,583.2,51852.0,51852.0,1214.6,1361.0,1358.0,56.02,354.85,0.13,329.55,151.64,0.166626,11.2,0.06,162879.8,-576622.7,393128.6,0.9405,79.076,824.1,1.029,-74.70109,0.0,0,-1.0,-1.0,-1.0,-1.0,-1.0,0.0,0.0,0.0,0.0
1791578576.7,2544304.4,583.7,52458.3,52458.3,1210.6,1357.2,1354.2,57.58,354.82,0.17,329.54,136.28,0.150612,10.0,0.02,162856.0,-576626.0,393115.0,0.9405,79.075,824.1,1.05547,-74.70433,0.0,0,-1.0,-1.0,-1.0,-1.0,-1.0,0.0,0.0,0.0,0.0
1791578577.21,2544304.9,584.2,53062.5,53062.5,1206.7,1353.4,1350.4,59.25,354.76,0.23,329.54,122.46,0.13611,9.0,0.02,162835.4,-576629.1,393103.2,0.9405,79.073,824.1,1.08189,-74.70759,0.0,0,-1.0,-1.0,-1.0,-1.0,-1.0,0.0,0.0,0.0,0.0
1791578577.71,2544305.4,584.7,53664.8,53664.8,1202.7,1349.6,1346.6,61.0,354.67,0.32,329.53,110.03,0.122997,8.0,0.02,162817.7,-576631.9,393092.9,0.9406,79.072,824.0,1.10826,-74.71085,0.0,0,-1.0,-1.0,-1.0,-1.0,-1.0,0.0,0.0,0.0,0.0
1791578578.21,2544305.9,585.2,54265.2,54265.2,1198.8,1345.8,1342.9,62.78,354.55,0.44,329.53,98.86,0.111151,7.2,0.02,162802.4,-576634.5,393084.0,0.9406,79.071,824.0,1.13458,-74.71412,0.0,0,-1.0,-1.0,-1.0,-1.0,-1.0,0.0,0.0,0.0,0.0
1791578578.71,2544306.4,585.7,54863.6,54863.6,1194.9,1342.1,1339.2,64.57,354.39,0.6,329.52,88.48,0.100448,6.4,0.01,162788.9,-576636.7,393076.1,0.9406,79.07,824.0,1.16085,-74.71739,0.0,0,-1.0,-1.0,-1.0,-1.0,-1.0,0.0,0.0,0.0,0.0
1791578579.21,2544306.9,586.2,55483.8,55483.8,1190.9,1338.2,1335.3,66.41,354.17,0.81,329.51,79.47,0.090392,5.7,0.01,162775.7,-576639.0,393068.3,0.9406,79.07,823.9,1.18813,-74.72081,0.0,0,-1.0,-1.0,-1.0,-1.0,-1.0,0.0,0.0,0.0,0.0
1791578579.72,2544307.4,586.7,56078.2,56078.2,1187.0,1334.5,1331.6,68.14,353.92,1.05,329.51,71.36,0.081624,5.1,0.01,162763.8,-576641.1,393061.3,0.9406,79.069,823.9,1.2143,-74.72411,0.0,0,-1.0,-1.0,-1.0,-1.0,-1.0,0.0,0.0,0.0,0.0
1791578580.22,2544307.9,587.2,56670.7,56670.7,1183.2,1330.8,1328.0,69.82,353.62,1.35,329.5,63.99,0.073608,4.6,0.01,162752.8,-576643.2,393054.8,0.9406,79.068,823.9,1.24042,-74.72742,0.0,0,-1.0,-1.0,-1.0,-1.0,-1.0,0.0,0.0,0.0,0.0
1791578580.72,2544308.4,587.7,57237.7,57237.7,1179.5,1327.3,1324.4,71.42,353.25,1.7,329.5,57.3,0.066559,4.1,0.01,162742.9,-576645.2,393048.9,0.9406,79.067,823.9,1.26545,-74.7306,0.0,0,-1.0,-1.0,-1.0,-1.0,-1.0,0.0,0.0,0.0,0.0
1791578581.22,2544308.9,588.2,57849.9,57849.9,1175.5,1323.4,1320.6,72.94,352.82,2.12,329.49,51.14,0.059522,3.7,0.01,162733.0,-576647.3,393042.9,0.9406,79.066,823.9,1.29252,-74.73405,0.0,0,-1.0,-1.0,-1.0,-1.0,-1.0,0.0,0.0,0.0,0.0
1791578581.72,2544309.4,588.7,58436.7,58436.7,1171.6,1319.8,1317.0,74.35,352.31,2.62,329.49,45.47,0.053378,3.3,0.01,162724.2,-576649.3,393037.4,0.9406,79.066,823.8,1.3185,-74.73739,0.0,0,-1.0,-1.0,-1.0,-1.0,-1.0,0.0,0.0,0.0,0.0
1791578582.22,2544309.9,589.2,59021.5,59021.5,1167.8,1316.1,1313.3,75.67,351.72,3.2,329.48,40.34,0.047852,2.9,0.01,162715.9,-576651.2,393032.4,0.9406,79.065,823.8,1.34443,-74.74073,0.0,0,-1.0,-1.0,-1.0,-1.0,-1.0,0.0,0.0,0.0,0.0
1791578582.72,2544310.4,589.7,59604.4,59604.4,1164.0,1312.5,1309.7,76.88,351.03,3.88,329.48,35.73,0.042892,2.6,0.01,162708.3,-576653.1,393027.6,0.9406,79.064,823.8,1.37032,-74.74408,0.0,0,-1.0,-1.0,-1.0,-1.0,-1.0,0.0,0.0,0.0,0.0
1791578583.23,2544310.9,590.2,60185.4,60185.4,1160.2,1308.8,1306.1,77.98,350.24,4.65,329.47,31.6,0.038448,2.3,0.01,162701.1,-576654.9,393023.1,0.9406,79.063,823.8,1.39616,-74.74743,0.0,0,-1.0,-1.0,-1.0,-1.0,-1.0,0.0,0.0,0.0,0.0
1791578583.73,2544311.4,590.7,60764.4,60764.4,1156.4,1305.2,1302.5,78.97,349.35,5.53,329.47,27.93,0.034468,2.0,0.01,162694.5,-576656.6,393019.0,0.9406,79.063,823.8,1.42195,-74.7508,0.0,0,-1.0,-1.0,-1.0,-1.0,-1.0,0.0,0.0,0.0,0.0
1791578584.23,2544311.9,591.2,61341.6,61341.6,1152.6,1301.6,1298.9,79.85,348.34,6.53,329.46,24.56,0.030899,1.8,0.01,162688.4,-576658.2,393015.1,0.9406,79.062,823.8,1.44769,-74.75418,0.0,0,-1.0,-1.0,-1.0,-1.0,-1.0,0.0,0.0,0.0,0.0
1791578584.74,2544312.3,591.7,61779.0,61779.0,1149.7,1298.9,1296.2,80.46,347.5,7.35,329.46,22.46,0.028431,1.7,0.01,162684.1,-576659.4,393012.3,0.9406,79.062,823.8,1.46723,-74.75675,0.0,0,-1.0,-1.0,-1.0,-1.0,-1.0,0.0,0.0,0.0,0.0
1791578585.25,2544312.8,592.2,62375.8,62375.8,1145.8,1295.1,1292.4,81.2,346.25,8.59,329.46,19.72,0.025346,1.5,0.01,162678.6,-576660.9,393008.9,0.9406,79.061,823.8,1.49392,-74.76027,0.0,0,-1.0,-1.0,-1.0,-1.0,-1.0,0.0,0.0,0.0,0.0
1791578585.75,2544313.3,592.7,62947.7,62947.7,1142.0,1291.5,1288.9,81.81,344.95,9.88,329.45,17.28,0.022511,1.3,0.01,162673.8,-576662.2,393005.8,0.9406,79.061,823.7,1.51954,-74.76367,0.0,0,-1.0,-1.0,-1.0,-1.0,-1.0,0.0,0.0,0.0,0.0
1791578586.25,2544313.8,593.2,63517.7,63517.7,1138.2,1288.0,1285.3,82.34,343.55,11.27,329.45,14.96,0.019723,1.1,0.01,162669.4,-576663.4,393003.0,0.9406,79.06,823.7,1.54511,-74.76708,0.0,0,-1.0,-1.0,-1.0,-1.0,-1.0,0.0,0.0,0.0,0.0
1791578586.75,2544314.3,593.7,64085.9,64085.9,1134.5,1284.4,1281.8,82.8,342.09,12.72,329.44,12.76,0.01701,1.0,0.0,162665.5,-576664.5,393000.5,0.9406,79.06,823.7,1.57064,-74.77049,0.0,0,-1.0,-1.0,-1.0,-1.0,-1.0,0.0,0.0,0.0,0.0
1791578587.25,2544314.8,594.2,64674.8,64674.8,1130.6,1280.7,1278.1,83.19,340.5,14.29,329.44,10.61,0.014296,0.8,0.0,162661.9,-576665.5,392998.2,0.9406,79.059,823.7,1.59714,-74.77405,0.0,0,-1.0,-1.0,-1.0,-1.0,-1.0,0.0,0.0,0.0,0.0
1791578587.75,2544315.3,594.7,65216.5,65216.5,1127.0,1277.3,1274.7,83.5,339.0,15.78,329.43,8.77,0.011915,0.7,0.0,162659.1,-576666.3,392996.4,0.9406,79.059,823.7,1.62156,-74.77735,0.0,0,-1.0,-1.0,-1.0,-1.0,-1.0,0.0,0.0,0.0,0.0
1791578588.25,2544315.8,595.2,65801.5,65801.5,1123.1,1273.6,1271.1,83.78,337.35,17.41,329.43,6.94,0.0095,0.5,0.0,162656.5,-576667.0,392994.8,0.9406,79.059,823.7,1.64797,-74.78092,0.0,0,-1.0,-1.0,-1.0,-1.0,-1.0,0.0,0.0,0.0,0.0
1791578588.76,2544316.3,595.7,66362.1,66362.1,1119.4,1270.1,1267.5,84.01,335.76,19.0,329.42,5.34,0.007366,0.4,0.0,162654.5,-576667.6,392993.5,0.9406,79.059,823.7,1.67333,-74.78437,0.0,0,-1.0,-1.0,-1.0,-1.0,-1.0,0.0,0.0,0.0,0.0
1791578589.26,2544316.8,596.2,66898.6,66898.6,1115.9,1266.8,1264.2,84.19,334.22,20.53,329.42,3.98,0.005519,0.3,0.0,162653.0,-576668.0,392992.5,0.9406,79.059,823.7,1.69762,-74.78769,0.0,0,-1.0,-1.0,-1.0,-1.0,-1.0,0.0,0.0,0.0,0.0
1791578589.76,2544317.3,596.7,67455.5,67455.5,1112.2,1263.3,1260.7,84.36,332.6,22.13,329.41,2.75,0.003832,0.2,0.0,162651.8,-576668.3,392991.7,0.9406,79.058,823.7,1.72289,-74.79115,0.0,0,-1.0,-1.0,-1.0,-1.0,-1.0,0.0,0.0,0.0,0.0
1791578590.26,2544317.8,597.2,68010.6,68010.6,1108.5,1259.8,1257.2,84.5,330.96,23.76,329.41,1.69,0.002414,0.1,0.0,162650.9,-576668.5,392991.2,0.9406,79.058,823.7,1.74812,-74.79463,0.0,0,-1.0,-1.0,-1.0,-1.0,-1.0,0.0,0.0,0.0,0.0
1791578590.76,2544318.3,597.7,68586.0,68586.0,1104.6,1256.1,1253.6,84.63,329.23,25.47,329.4,0.9,0.001258,0.1,0.0,162650.2,-576668.7,392990.8,0.9406,79.058,823.7,1.77431,-74.79824,0.0,0,-1.0,-1.0,-1.0,-1.0,-1.0,0.0,0.0,0.0,0.0
1791578591.26,2544318.8,598.2,69137.3,69137.3,1100.9,1252.7,1250.2,84.75,327.53,27.17,329.4,0.35,0.00048,0.0,0.0,162649.9,-576668.8,392990.6,0.9406,79.058,823.7,1.79945,-74.80173,0.0,0,-1.0,-1.0,-1.0,-1.0,-1.0,0.0,0.0,0.0,0.0
1791578591.77,2544319.3,598.7,69686.9,69686.9,1097.3,1249.2,1246.7,84.86,325.76,28.93,329.39,0.05,6.5e-05,0.0,0.0,162649.7,-576668.8,392990.5,0.9406,79.058,823.7,1.82455,-74.80523,0.0,0,-1.0,-1.0,-1.0,-1.0,-1.0,0.0,0.0,0.0,0.0
1791578592.27,2544319.8,599.2,70234.5,70234.5,1093.6,1245.8,1243.3,84.96,323.92,30.75,329.39,0.0,0.0,0.0,0.0,162649.7,-576668.8,392990.4,0.9406,79.058,823.7,1.8496,-74.80873,0.0,0,-1.0,-1.0,-1.0,-1.0,-1.0,0.0,0.0,0.0,0.0
1791578592.77,2544320.3,599.7,70780.4,70780.4,1089.9,1242.3,1239.9,85.06,322.01,32.66,329.38,0.0,0.0,0.0,0.0,162649.7,-576668.8,392990.4,0.9406,79.058,823.7,1.87462,-74.81224,0.0,0,-1.0,-1.0,-1.0,-1.0,-1.0,0.0,0.0,0.0,0.0
1791578593.27,2544320.8,600.2,71346.2,71346.2,1086.1,1238.7,1236.3,85.16,319.94,34.71,329.38,0.0,0.0,0.0,0.0,162649.7,-576668.8,392990.4,0.9406,79.058,823.7,1.9006,-74.8159,0.0,0,-1.0,-1.0,-1.0,-1.0,-1.0,0.0,0.0,0.0,0.0
1791578593.77,2544321.3,600.7,71888.4,71888.4,1082.5,1235.3,1232.9,85.24,317.87,36.77,329.37,0.0,0.0,0.0,0.0,162649.7,-576668.8,392990.4,0.9406,79.058,823.7,1.92553,-74.81943,0.0,0,-1.0,-1.0,-1.0,-1.0,-1.0,0.0,0.0,0.0,0.0
1791578594.27,2544321.8,601.2,72428.7,72428.7,1078.8,1231.9,1229.5,85.32,315.73,38.89,329.37,0.0,0.0,0.0,0.0,162649.7,-576668.8,392990.4,0.9406,79.058,823.7,1.95043,-74.82296,0.0,0,-1.0,-1.0,-1.0,-1.0,-1.0,0.0,0.0,0.0,0.0
1791578594.78,2544322.3,601.7,72967.2,72967.2,1075.2,1228.5,1226.1,85.39,313.53,41.09,329.36,0.0,0.0,0.0,0.0,162649.7,-576668.8,392990.4,0.9406,79.058,823.7,1.97528,-74.82651,0.0,0,-1.0,-1.0,-1.0,-1.0,-1.0,0.0,0.0,0.0,0.0
1791578595.28,2544322.8,602.2,73503.9,73503.9,1071.6,1225.1,1222.7,85.46,311.25,43.36,329.36,0.0,0.0,0.0,0.0,162649.7,-576668.8,392990.4,0.9406,79.058,823.7,2.00009,-74.83006,0.0,0,-1.0,-1.0,-1.0,-1.0,-1.0,0.0,0.0,0.0,0.0
1791578595.78,2544323.3,602.7,74038.7,74038.8,1067.9,1221.7,1219.3,85.52,308.91,45.68,329.35,0.0,0.0,0.0,0.0,162649.7,-576668.8,392990.4,0.9406,79.058,823.7,2.02487,-74.83361,0.0,0,-1.0,-1.0,-1.0,-1.0,-1.0,0.0,0.0,0.0,0.0
1791578596.28,2544323.8,603.2,74571.8,74571.8,1064.3,1218.3,1215.9,85.57,306.52,48.07,329.35,0.0,0.0,0.0,0.0,162649.7,-576668.8,392990.4,0.9406,79.058,823.7,2.04961,-74.83718,0.0,0,-1.0,-1.0,-1.0,-1.0,-1.0,0.0,0.0,0.0,0.0
1791578596.78,2544324.3,603.7,75103.1,75103.1,1060.7,1214.9,1212.6,85.61,304.07,50.5,329.34,0.0,0.0,0.0,0.0,162649.7,-576668.8,392990.4,0.9406,79.058,823.7,2.0743,-74.84075,0.0,0,-1.0,-1.0,-1.0,-1.0,-1.0,0.0,0.0,0.0,0.0
1791578597.28,2544324.8,604.2,75632.5,75632.5,1057.1,1211.5,1209.2,85.65,301.58,52.98,329.34,0.0,0.0,0.0,0.0,162649.7,-576668.8,392990.4,0.9406,79.058,823.7,2.09896,-74.84433,0.0,0,-1.0,-1.0,-1.0,-1.0,-1.0,0.0,0.0,0.0,0.0
1791578597.78,2544325.3,604.7,76160.1,76160.1,1053.5,1208.1,1205.9,85.67,299.06,55.49,329.33,0.0,0.0,0.0,0.0,162649.7,-576668.8,392990.4,0.9406,79.058,823.7,2.12358,-74.84792,0.0,0,-1.0,-1.0,-1.0,-1.0,-1.0,0.0,0.0,0.0,0.0
1791578598.29,2544325.8,605.2,76686.0,76686.0,1049.9,1204.8,1202.5,85.69,296.51,58.03,329.33,0.0,0.0,0.0,0.0,162649.7,-576668.8,392990.4,0.9406,79.058,823.7,2.14816,-74.85151,0.0,0,-1.0,-1.0,-1.0,-1.0,-1.0,0.0,0.0,0.0,0.0
1791578598.79,2544326.3,605.7,77210.0,77210.0,1046.3,1201.4,1199.2,85.7,293.94,60.59,329.33,0.0,0.0,0.0,0.0,162649.7,-576668.8,392990.4,0.9406,79.058,823.7,2.17271,-74.85511,0.0,0,-1.0,-1.0,-1.0,-1.0,-1.0,0.0,0.0,0.0,0.0
1791578599.29,2544326.8,606.2,77732.2,77732.2,1042.7,1198.1,1195.8,85.7,291.37,63.15,329.32,0.0,0.0,0.0,0.0,162649.6,-576668.8,392990.4,0.9406,79.058,823.7,2.19721,-74.85872,0.0,0,-1.0,-1.0,-1.0,-1.0,-1.0,0.0,0.0,0.0,0.0
1791578599.79,2544327.3,606.7,78252.7,78252.7,1039.1,1194.7,1192.5,85.7,288.8,65.71,329.32,0.0,0.0,0.0,0.0,162649.6,-576668.8,392990.4,0.9406,79.058,823.7,2.22168,-74.86234,0.0,0,-1.0,-1.0,-1.0,-1.0,-1.0,0.0,0.0,0.0,0.0
1791578600.29,2544327.8,607.2,78771.3,78771.3,1035.5,1191.4,1189.2,85.68,286.25,68.25,329.31,0.0,0.0,0.0,0.0,162649.6,-576668.8,392990.4,0.9406,79.058,823.7,2.24611,-74.86596,0.0,0,-1.0,-1.0,-1.0,-1.0,-1.0,0.0,0.0,0.0,0.0
1791578600.8,2544328.3,607.7,79288.2,79288.2,1032.0,1188.0,1185.9,85.66,283.71,70.78,329.31,0.0,0.0,0.0,0.0,162649.6,-576668.8,392990.4,0.9406,79.058,823.7,2.2705,-74.86959,0.0,0,-1.0,-1.0,-1.0,-1.0,-1.0,0.0,0.0,0.0,0.0
1791578601.3,2544328.8,608.2,79803.2,79803.2,1028.4,1184.7,1182.6,85.62,281.22,73.25,329.3,0.0,0.0,0.0,0.0,162649.5,-576668.8,392990.4,0.9406,79.058,823.7,2.29486,-74.87322,0.0,0,-1.0,-1.0,-1.0,-1.0,-1.0,0.0,0.0,0.0,0.0
1791578601.8,2544329.3,608.8,80316.5,80316.5,1024.8,1181.4,1179.3,85.58,278.77,75.69,329.3,0.0,0.0,0.0,0.0,162649.5,-576668.8,392990.4,0.9406,79.058,823.7,2.31918,-74.87687,0.0,0,-1.0,-1.0,-1.0,-1.0,-1.0,0.0,0.0,0.0,0.0
1791578602.3,2544329.8,609.3,80828.1,80828.1,1021.3,1178.1,1176.0,85.53,276.37,78.09,329.29,0.0,0.0,0.0,0.0,162649.5,-576668.8,392990.4,0.9406,79.058,823.7,2.34346,-74.88052,0.0,0,-1.0,-1.0,-1.0,-1.0,-1.0,0.0,0.0,0.0,0.0
1791578602.8,2544330.3,609.8,81358.1,81358.1,1017.6,1174.7,1172.6,85.47,273.93,80.51,329.29,0.0,0.0,0.0,0.0,162649.5,-576668.8,392990.4,0.9406,79.058,823.7,2.36867,-74.88432,0.0,0,-1.0,-1.0,-1.0,-1.0,-1.0,0.0,0.0,0.0,0.0
1791578603.31,2544330.8,610.3,81866.0,81866.0,1014.0,1171.4,1169.3,85.41,271.65,82.78,329.28,0.0,0.0,0.0,0.0,162649.5,-576668.8,392990.4,0.9406,79.058,823.7,2.39288,-74.88799,0.0,0,-1.0,-1.0,-1.0,-1.0,-1.0,0.0,0.0,0.0,0.0
1791578603.81,2544331.2,610.8,82271.1,82271.1,1011.2,1168.8,1166.7,85.35,269.87,84.55,329.28,0.0,0.0,0.0,0.0,162649.5,-576668.8,392990.3,0.9406,79.058,823.7,2.41222,-74.89092,0.0,0,-1.0,-1.0,-1.0,-1.0,-1.0,0.0,0.0,0.0,0.0
1791578604.31,2544331.7,611.3,82775.8,82775.8,1007.6,1165.5,1163.5,85.28,267.71,86.7,329.27,0.0,0.0,0.0,0.0,162649.5,-576668.8,392990.3,0.9406,79.058,823.7,2.43637,-74.8946,0.0,0,-1.0,-1.0,-1.0,-1.0,-1.0,0.0,0.0,0.0,0.0
1791578604.82,2544332.2,611.8,83278.7,83278.7,1004.1,1162.2,1160.2,85.19,265.63,88.78,329.27,0.0,0.0,0.0,0.0,162649.5,-576668.8,392990.3,0.9406,79.058,823.7,2.46047,-74.89828,0.0,0,-1.0,-1.0,-1.0,-1.0,-1.0,0.0,0.0,0.0,0.0
1791578605.32,2544332.7,612.3,83779.9,83779.9,1000.6,1158.9,1157.0,85.1,263.61,90.78,329.27,0.0,0.0,0.0,0.0,162649.5,-576668.8,392990.3,0.9406,79.058,823.7,2.48455,-74.90197,0.0,0,-1.0,-1.0,-1.0,-1.0,-1.0,0.0,0.0,0.0,0.0
1791578605.82,2544333.2,612.8,84279.3,84279.3,997.1,1155.7,1153.7,85.01,261.68,92.71,329.26,0.0,0.0,0.0,0.0,162649.5,-576668.8,392990.3,0.9406,79.058,823.7,2.50858,-74.90567,0.0,0,-1.0,-1.0,-1.0,-1.0,-1.0,0.0,0.0,0.0,0.0
1791578606.32,2544333.7,613.3,84776.9,84776.9,993.5,1152.4,1150.5,84.91,259.81,94.56,329.26,0.0,0.0,0.0,0.0,162649.5,-576668.8,392990.3,0.9406,79.058,823.7,2.53259,-74.90937,0.0,0,-1.0,-1.0,-1.0,-1.0,-1.0,0.0,0.0,0.0,0.0
1791578606.82,2544334.2,613.8,85272.8,85272.8,990.0,1149.2,1147.3,84.8,258.02,96.34,329.25,0.0,0.0,0.0,0.0,162649.5,-576668.8,392990.3,0.9406,79.058,823.7,2.55655,-74.91308,0.0,0,-1.0,-1.0,-1.0,-1.0,-1.0,0.0,0.0,0.0,0.0
1791578607.32,2544334.7,614.3,85766.9,85766.9,986.5,1146.0,1144.1,84.69,256.31,98.05,329.25,0.0,0.0,0.0,0.0,162649.5,-576668.8,392990.3,0.9406,79.058,823.7,2.58049,-74.9168,0.0,0,-1.0,-1.0,-1.0,-1.0,-1.0,0.0,0.0,0.0,0.0
1791578607.83,2544335.2,614.8,86259.3,86259.3,983.0,1142.7,1140.8,84.58,254.66,99.68,329.24,0.0,0.0,0.0,0.0,162649.5,-576668.8,392990.3,0.9406,79.058,823.7,2.60439,-74.92052,0.0,0,-1.0,-1.0,-1.0,-1.0,-1.0,0.0,0.0,0.0,0.0
1791578608.33,2544335.8,615.3,86749.9,86749.9,979.5,1139.5,1137.6,84.46,253.09,101.25,329.24,0.0,0.0,0.0,0.0,162649.5,-576668.8,392990.3,0.9406,79.058,823.7,2.62825,-74.92425,0.0,0,-1.0,-1.0,-1.0,-1.0,-1.0,0.0,0.0,0.0,0.0
1791578608.83,2544336.3,615.8,87238.8,87238.8,976.0,1136.3,1134.4,84.33,251.57,102.75,329.23,0.0,0.0,0.0,0.0,162649.5,-576668.8,392990.3,0.9406,79.058,823.7,2.65208,-74.92799,0.0,0,-1.0,-1.0,-1.0,-1.0,-1.0,0.0,0.0,0.0,0.0
1791578609.33,2544336.8,616.3,87745.4,87745.4,972.4,1133.0,1131.1,84.2,250.08,104.23,329.23,0.0,0.0,0.0,0.0,162649.5,-576668.8,392990.3,0.9406,79.058,823.7,2.67683,-74.93188,0.0,0,-1.0,-1.0,-1.0,-1.0,-1.0,0.0,0.0,0.0,0.0
1791578609.84,2544337.3,616.8,88230.7,88230.7,968.9,1129.8,1127.9,84.07,248.71,105.6,329.22,0.0,0.0,0.0,0.0,162649.5,-576668.8,392990.3,0.9406,79.058,823.7,2.70059,-74.93563,0.0,0,-1.0,-1.0,-1.0,-1.0,-1.0,0.0,0.0,0.0,0.0
1791578610.34,2544337.8,617.3,88714.3,88714.3,965.4,1126.6,1124.8,83.94,247.39,106.9,329.22,0.0,0.0,0.0,0.0,162649.5,-576668.8,392990.3,0.9406,79.058,823.7,2.72432,-74.93939,0.0,0,-1.0,-1.0,-1.0,-1.0,-1.0,0.0,0.0,0.0,0.0
1791578610.84,2544338.3,617.8,89196.1,89196.1,961.9,1123.4,1121.6,83.8,246.13,108.15,329.21,0.0,0.0,0.0,0.0,162649.5,-576668.8,392990.3,0.9406,79.058,823.7,2.74801,-74.94315,0.0,0,-1.0,-1.0,-1.0,-1.0,-1.0,0.0,0.0,0.0,0.0
1791578611.34,2544338.8,618.3,89676.3,89676.2,958.5,1120.2,1118.4,83.66,244.93,109.35,329.21,0.0,0.0,0.0,0.0,162649.5,-576668.8,392990.3,0.9406,79.058,823.7,2.77167,-74.94691,0.0,0,-1.0,-1.0,-1.0,-1.0,-1.0,0.0,0.0,0.0,0.0
1791578611.85,2544339.3,618.8,90154.6,90154.6,955.0,1117.0,1115.3,83.51,243.73,110.53,329.2,0.0,0.0,0.0,0.0,162649.5,-576668.8,392990.3,0.9406,79.058,823.7,2.79625,-74.95084,0.0,0,-1.0,-1.0,-1.0,-1.0,-1.0,0.0,0.0,0.0,0.0
1791578612.35,2544339.8,619.3,90650.3,90650.3,951.4,1113.7,1112.0,83.37,242.63,111.62,329.2,0.0,0.0,0.0,0.0,162649.5,-576668.8,392990.3,0.9406,79.058,823.7,2.81984,-74.95462,0.0,0,-1.0,-1.0,-1.0,-1.0,-1.0,0.0,0.0,0.0,0.0
1791578612.85,2544340.3,619.8,91125.1,91125.1,947.9,1110.6,1108.9,83.22,241.58,112.67,329.2,0.0,0.0,0.0,0.0,162649.5,-576668.8,392990.3,0.9406,79.058,823.7,2.8434,-74.95841,0.0,0,-1.0,-1.0,-1.0,-1.0,-1.0,0.0,0.0,0.0,0.0
1791578613.35,2544340.8,620.3,91598.2,91598.2,944.5,1107.4,1105.7,83.07,240.57,113.66,329.19,0.0,0.0,0.0,0.0,162649.5,-576668.8,392990.3,0.9406,79.058,823.7,2.86693,-74.9622,0.0,0,-1.0,-1.0,-1.0,-1.0,-1.0,0.0,0.0,0.0,0.0
1791578613.85,2544341.3,620.8,92069.6,92069.6,941.0,1104.3,1102.6,82.92,239.61,114.62,329.19,0.0,0.0,0.0,0.0,162649.5,-576668.8,392990.3,0.9406,79.058,823.7,2.89043,-74.966,0.0,0,-1.0,-1.0,-1.0,-1.0,-1.0,0.0,0.0,0.0,0.0
1791578614.35,2544341.8,621.3,92539.3,92539.3,937.6,1101.1,1099.5,82.77,238.68,115.53,329.18,0.0,0.0,0.0,0.0,162649.5,-576668.8,392990.3,0.9406,79.058,823.7,2.9139,-74.9698,0.0,0,-1.0,-1.0,-1.0,-1.0,-1.0,0.0,0.0,0.0,0.0
1791578614.86,2544342.3,621.8,92969.8,92969.9,934.4,1098.3,1096.6,82.62,237.87,116.34,329.18,0.0,0.0,0.0,0.0,162649.5,-576668.8,392990.3,0.9406,79.058,823.7,2.93546,-74.97331,0.0,0,-1.0,-1.0,-1.0,-1.0,-1.0,0.0,0.0,0.0,0.0
1791578615.36,2544342.8,622.3,93454.8,93454.8,930.9,1095.0,1093.4,82.46,236.98,117.22,329.17,0.0,0.0,0.0,0.0,162649.5,-576668.8,392990.3,0.9406,79.058,823.7,2.9598,-74.97727,0.0,0,-1.0,-1.0,-1.0,-1.0,-1.0,0.0,0.0,0.0,0.0
1791578615.86,2544343.3,622.8,93919.4,93919.4,927.4,1091.9,1090.3,82.3,236.17,118.02,329.17,0.0,0.0,0.0,0.0,162649.5,-576668.8,392990.3,0.9406,79.058,823.7,2.98317,-74.9811,0.0,0,-1.0,-1.0,-1.0,-1.0,-1.0,0.0,0.0,0.0,0.0
1791578616.36,2544343.7,623.3,94363.8,94363.8,924.1,1088.9,1087.3,82.15,235.42,118.76,329.16,0.0,0.0,0.0,0.0,162649.5,-576668.8,392990.3,0.9406,79.058,823.7,3.00558,-74.98477,0.0,0,-1.0,-1.0,-1.0,-1.0,-1.0,0.0,0.0,0.0,0.0
1791578616.87,2544344.2,623.8,94825.0,94825.0,920.7,1085.8,1084.3,81.99,234.66,119.51,329.16,0.0,0.0,0.0,0.0,162649.5,-576668.8,392990.3,0.9406,79.058,823.7,3.02889,-74.9886,0.0,0,-1.0,-1.0,-1.0,-1.0,-1.0,0.0,0.0,0.0,0.0
1791578617.37,2544344.7,624.3,95266.1,95266.1,917.4,1082.8,1081.3,81.83,233.94,120.22,329.16,0.0,0.0,0.0,0.0,162649.5,-576668.8,392990.3,0.9406,79.058,823.7,3.05124,-74.99229,0.0,0,-1.0,-1.0,-1.0,-1.0,-1.0,0.0,0.0,0.0,0.0
1791578617.87,2544345.3,624.8,95742.3,95742.3,913.9,1079.6,1078.1,81.66,233.25,120.9,329.15,0.0,0.0,0.0,0.0,162649.5,-576668.8,392990.3,0.9406,79.058,823.7,3.07542,-74.99629,0.0,0,-1.0,-1.0,-1.0,-1.0,-1.0,0.0,0.0,0.0,0.0
1791578618.37,2544345.7,625.3,96198.4,96198.4,910.5,1076.5,1075.0,81.5,232.58,121.56,329.15,0.0,0.0,0.0,0.0,162649.5,-576668.8,392990.3,0.9406,79.058,823.7,3.09864,-75.00014,0.0,0,-1.0,-1.0,-1.0,-1.0,-1.0,0.0,0.0,0.0,0.0
1791578618.87,2544346.2,625.8,96652.8,96652.8,907.1,1073.4,1072.0,81.33,231.94,122.2,329.14,0.0,0.0,0.0,0.0,162649.5,-576668.8,392990.3,0.9406,79.058,823.7,3.12183,-75.004,0.0,0,-1.0,-1.0,-1.0,-1.0,-1.0,0.0,0.0,0.0,0.0
1791578619.37,2544346.8,626.3,97105.5,97105.5,903.7,1070.4,1068.9,81.16,231.32,122.8,329.14,0.0,0.0,0.0,0.0,162649.5,-576668.8,392990.3,0.9406,79.058,823.7,3.14499,-75.00786,0.0,0,-1.0,-1.0,-1.0,-1.0,-1.0,0.0,0.0,0.0,0.0
1791578619.87,2544347.2,626.8,97556.5,97556.4,900.3,1067.3,1065.9,81.0,230.72,123.39,329.13,0.0,0.0,0.0,0.0,162649.5,-576668.8,392990.3,0.9406,79.058,823.7,3.16812,-75.01173,0.0,0,-1.0,-1.0,-1.0,-1.0,-1.0,0.0,0.0,0.0,0.0
1791578620.38,2544347.8,627.3,98005.8,98005.8,896.9,1064.2,1062.9,80.83,230.15,123.96,329.13,0.0,0.0,0.0,0.0,162649.5,-576668.8,392990.3,0.9406,79.058,823.7,3.19122,-75.0156,0.0,0,-1.0,-1.0,-1.0,-1.0,-1.0,0.0,0.0,0.0,0.0
1791578620.88,2544348.3,627.8,98453.4,98453.4,893.5,1061.2,1059.8,80.65,229.58,124.52,329.12,0.0,0.0,0.0,0.0,162649.5,-576668.8,392990.3,0.9406,79.058,823.7,3.21429,-75.01948,0.0,0,-1.0,-1.0,-1.0,-1.0,-1.0,0.0,0.0,0.0,0.0
1791578621.38,2544348.8,628.3,98917.1,98917.1,890.0,1058.0,1056.7,80.48,229.05,125.04,329.12,0.0,0.0,0.0,0.0,162649.5,-576668.8,392990.3,0.9406,79.058,823.7,3.23825,-75.02352,0.0,0,-1.0,-1.0,-1.0,-1.0,-1.0,0.0,0.0,0.0,0.0
1791578621.89,2544349.3,628.8,99361.2,99361.2,886.6,1055.0,1053.7,80.31,228.53,125.55,329.12,0.0,0.0,0.0,0.0,162649.5,-576668.8,392990.3,0.9406,79.058,823.7,3.26125,-75.02741,0.0,0,-1.0,-1.0,-1.0,-1.0,-1.0,0.0,0.0,0.0,0.0
1791578622.39,2544349.8,629.3,99803.7,99803.7,883.2,1052.0,1050.6,80.14,228.04,126.03,329.11,0.0,0.0,0.0,0.0,162649.5,-576668.8,392990.3,0.9406,79.058,823.7,3.28423,-75.0313,0.0,0,-1.0,-1.0,-1.0,-1.0,-1.0,0.0,0.0,0.0,0.0
1791578622.89,2544350.3,629.8,100244.4,100244.4,879.9,1048.9,1047.6,79.96,227.58,126.48,329.11,0.0,0.0,0.0,0.01,162649.4,-576669.0,392990.2,0.9406,79.059,823.7,3.30719,-75.03487,0.0,0,-1.0,-1.0,-1.0,-1.0,-1.0,0.0,0.0,0.0,0.0
1791578623.39,2544350.6,630.3,100578.3,100578.3,877.3,1046.6,1045.4,79.83,227.25,126.81,329.1,0.0,0.0,0.0,0.0,162649.4,-576669.0,392990.2,0.9406,79.059,823.7,3.32461,-75.03784,0.0,0,-1.0,-1.0,-1.0,-1.0,-1.0,0.0,0.0,0.0,0.0
1791578623.89,2544351.1,630.8,101016.1,101016.1,873.9,1043.6,1042.4,79.65,226.83,127.22,329.1,0.0,0.0,0.0,0.0,162649.4,-576669.0,392990.2,0.9406,79.059,823.7,3.34751,-75.04175,0.0,0,-1.0,-1.0,-1.0,-1.0,-1.0,0.0,0.0,0.0,0.0
1791578624.39,2544351.6,631.3,101452.3,101452.3,870.6,1040.6,1039.4,79.47,226.42,127.61,329.09,0.0,0.0,0.0,0.0,162649.4,-576669.0,392990.2,0.9406,79.059,823.7,3.37038,-75.04567,0.0,0,-1.0,-1.0,-1.0,-1.0,-1.0,0.0,0.0,0.0,0.0
1791578624.9,2544352.2,631.8,101886.7,101886.7,867.2,1037.6,1036.4,79.29,226.03,127.99,329.09,0.0,0.0,0.0,0.0,162649.4,-576669.0,392990.2,0.9406,79.059,823.7,3.39322,-75.04959,0.0,0,-1.0,-1.0,-1.0,-1.0,-1.0,0.0,0.0,0.0,0.0
1791578625.4,2544352.7,632.3,102319.5,102319.5,863.9,1034.6,1033.4,79.11,225.65,128.37,329.08,0.0,0.0,0.0,0.0,162649.4,-576669.0,392990.2,0.9406,79.059,823.7,3.41604,-75.05351,0.0,0,-1.0,-1.0,-1.0,-1.0,-1.0,0.0,0.0,0.0,0.0
1791578625.9,2544353.2,632.9,102767.8,102767.8,860.4,1031.5,1030.4,78.92,225.27,128.73,329.08,0.0,0.0,0.0,0.0,162649.4,-576669.0,392990.2,0.9406,79.059,823.7,3.43974,-75.0576,0.0,0,-1.0,-1.0,-1.0,-1.0,-1.0,0.0,0.0,0.0,0.0
1791578626.4,2544353.7,633.4,103197.2,103197.2,857.1,1028.5,1027.4,78.74,224.92,129.08,329.08,0.0,0.0,0.0,0.0,162649.4,-576669.0,392990.2,0.9406,79.059,823.7,3.4625,-75.06154,0.0,0,-1.0,-1.0,-1.0,-1.0,-1.0,0.0,0.0,0.0,0.0
1791578626.9,2544354.2,633.9,103624.9,103624.9,853.7,1025.6,1024.4,78.55,224.58,129.41,329.07,0.0,0.0,0.0,0.0,162649.4,-576669.0,392990.2,0.9406,79.059,823.7,3.48523,-75.06548,0.0,0,-1.0,-1.0,-1.0,-1.0,-1.0,0.0,0.0,0.0,0.0
1791578627.41,2544354.7,634.4,104050.9,104050.9,850.4,1022.6,1021.5,78.37,224.25,129.73,329.07,0.0,0.0,0.0,0.0,162649.4,-576669.0,392990.2,0.9406,79.059,823.7,3.50793,-75.06943,0.0,0,-1.0,-1.0,-1.0,-1.0,-1.0,0.0,0.0,0.0,0.0
1791578627.91,2544355.2,634.9,104475.3,104475.3,847.1,1019.7,1018.6,78.19,223.93,130.05,329.06,0.0,0.0,0.0,0.0,162649.4,-576669.0,392990.2,0.9406,79.059,823.7,3.5306,-75.07338,0.0,0,-1.0,-1.0,-1.0,-1.0,-1.0,0.0,0.0,0.0,0.0
1791578628.41,2544355.7,635.4,104897.9,104897.9,843.7,1016.7,1015.6,78.01,223.62,130.35,329.06,0.0,0.0,0.0,0.0,162649.4,-576669.0,392990.2,0.9406,79.059,823.7,3.55325,-75.07734,0.0,0,-1.0,-1.0,-1.0,-1.0,-1.0,0.0,0.0,0.0,0.0
1791578628.91,2544356.2,635.9,105319.0,105319.0,840.4,1013.8,1012.7,77.82,223.31,130.64,329.05,0.0,0.0,0.0,0.0,162649.4,-576669.0,392990.2,0.9406,79.059,823.7,3.57587,-75.0813,0.0,0,-1.0,-1.0,-1.0,-1.0,-1.0,0.0,0.0,0.0,0.0
1791578629.41,2544356.7,636.4,105738.4,105738.4,837.1,1010.8,1009.8,77.64,223.02,130.93,329.05,0.0,0.0,0.0,0.0,162649.4,-576669.0,392990.2,0.9406,79.059,823.7,3.59847,-75.08527,0.0,0,-1.0,-1.0,-1.0,-1.0,-1.0,0.0,0.0,0.0,0.0
1791578629.91,2544357.2,636.9,106156.1,106156.1,833.8,1007.9,1006.9,77.45,222.73,131.2,329.05,0.0,0.0,0.0,0.0,162649.4,-576669.0,392990.2,0.9406,79.059,823.7,3.62103,-75.08924,0.0,0,-1.0,-1.0,-1.0,-1.0,-1.0,0.0,0.0,0.0,0.0
1791578630.42,2544357.7,637.4,106588.7,106588.7,830.3,1004.8,1003.9,77.26,222.45,131.48,329.04,0.0,0.0,0.0,0.0,162649.4,-576669.0,392990.2,0.9406,79.059,823.7,3.64448,-75.09338,0.0,0,-1.0,-1.0,-1.0,-1.0,-1.0,0.0,0.0,0.0,0.0
1791578630.92,2544358.2,637.9,107003.1,107003.1,827.0,1001.9,1001.0,77.08,222.18,131.74,329.04,0.0,0.0,0.0,0.0,162649.4,-576669.0,392990.2,0.9406,79.059,823.7,3.66699,-75.09736,0.0,0,-1.0,-1.0,-1.0,-1.0,-1.0,0.0,0.0,0.0,0.0
1791578631.42,2544358.7,638.4,107415.7,107415.7,823.7,999.0,998.1,76.89,221.92,131.99,329.03,0.0,0.0,0.0,0.0,162649.4,-576669.0,392990.2,0.9406,79.059,823.7,3.68947,-75.10135,0.0,0,-1.0,-1.0,-1.0,-1.0,-1.0,0.0,0.0,0.0,0.0
1791578631.92,2544359.2,638.9,107826.8,107826.8,820.4,996.1,995.2,76.71,221.67,132.24,329.03,0.0,0.0,0.0,0.0,162649.4,-576669.0,392990.2,0.9406,79.059,823.7,3.71194,-75.10534,0.0,0,-1.0,-1.0,-1.0,-1.0,-1.0,0.0,0.0,0.0,0.0
1791578632.42,2544359.7,639.4,108236.2,108236.1,817.1,993.2,992.3,76.52,221.42,132.47,329.02,0.0,0.0,0.0,0.0,162649.4,-576669.0,392990.2,0.9406,79.059,823.7,3.73437,-75.10934,0.0,0,-1.0,-1.0,-1.0,-1.0,-1.0,0.0,0.0,0.0,0.0
1791578632.93,2544360.2,639.9,108643.9,108643.9,813.8,990.3,989.4,76.34,221.18,132.71,329.02,0.0,0.0,0.0,0.0,162649.4,-576669.0,392990.2,0.9406,79.059,823.7,3.75678,-75.11334,0.0,0,-1.0,-1.0,-1.0,-1.0,-1.0,0.0,0.0,0.0,0.0
1791578633.43,2544360.7,640.4,109050.0,109050.0,810.5,987.4,986.6,76.15,220.95,132.93,329.01,0.0,0.0,0.0,0.0,162649.4,-576669.0,392990.2,0.9406,79.059,823.7,3.77916,-75.11735,0.0,0,-1.0,-1.0,-1.0,-1.0,-1.0,0.0,0.0,0.0,0.0
1791578633.93,2544361.2,640.9,109454.4,109454.4,807.2,984.5,983.7,75.96,220.72,133.15,329.01,0.0,0.0,0.0,0.0,162649.4,-576669.0,392990.2,0.9406,79.059,823.7,3.80152,-75.12136,0.0,0,-1.0,-1.0,-1.0,-1.0,-1.0,0.0,0.0,0.0,0.0
1791578634.43,2544361.7,641.4,109857.2,109857.2,804.0,981.7,980.9,75.78,220.5,133.36,329.01,0.0,0.0,0.0,0.0,162649.4,-576669.0,392990.2,0.9406,79.059,823.7,3.82385,-75.12538,0.0,0,-1.0,-1.0,-1.0,-1.0,-1.0,0.0,0.0,0.0,0.0
1791578634.93,2544362.2,641.9,110258.4,110258.4,800.7,978.8,978.0,75.59,220.28,133.57,329.0,0.0,0.0,0.0,0.0,162649.4,-576669.0,392990.2,0.9406,79.059,823.7,3.84616,-75.1294,0.0,0,-1.0,-1.0,-1.0,-1.0,-1.0,0.0,0.0,0.0,0.0
1791578635.44,2544362.7,642.4,110657.9,110657.9,797.4,975.9,975.2,75.41,220.07,133.77,329.0,0.0,0.0,0.0,0.0,162649.4,-576669.0,392990.2,0.9406,79.059,823.7,3.86844,-75.13343,0.0,0,-1.0,-1.0,-1.0,-1.0,-1.0,0.0,0.0,0.0,0.0
1791578635.94,2544363.2,642.9,111055.8,111055.8,794.1,973.1,972.3,75.22,219.87,133.97,328.99,0.0,0.0,0.0,0.0,162649.4,-576669.0,392990.2,0.9406,79.059,823.7,3.89069,-75.13746,0.0,0,-1.0,-1.0,-1.0,-1.0,-1.0,0.0,0.0,0.0,0.0
1791578636.44,2544363.7,643.4,111452.0,111452.0,790.9,970.2,969.5,75.03,219.67,134.16,328.99,0.0,0.0,0.0,0.0,162649.4,-576669.0,392990.2,0.9406,79.059,823.7,3.91292,-75.14149,0.0,0,-1.0,-1.0,-1.0,-1.0,-1.0,0.0,0.0,0.0,0.0
1791578636.94,2544364.2,643.9,111846.6,111846.6,787.6,967.4,966.7,74.84,219.47,134.34,328.98,0.0,0.0,0.0,0.0,162649.4,-576669.0,392990.2,0.9406,79.059,823.7,3.93513,-75.14553,0.0,0,-1.0,-1.0,-1.0,-1.0,-1.0,0.0,0.0,0.0,0.0
1791578637.44,2544364.7,644.4,112239.6,112239.6,784.3,964.6,963.9,74.66,219.28,134.53,328.98,0.0,0.0,0.0,0.0,162649.4,-576669.0,392990.2,0.9406,79.059,823.7,3.95731,-75.14957,0.0,0,-1.0,-1.0,-1.0,-1.0,-1.0,0.0,0.0,0.0,0.0
1791578637.95,2544365.2,644.9,112646.6,112646.6,781.0,961.6,961.0,74.46,219.09,134.71,328.98,0.0,0.0,0.0,0.0,162649.4,-576669.0,392990.2,0.9406,79.059,823.7,3.98036,-75.15378,0.0,0,-1.0,-1.0,-1.0,-1.0,-1.0,0.0,0.0,0.0,0.0
1791578638.45,2544365.7,645.4,113036.3,113036.3,777.7,958.8,958.2,74.28,218.91,134.88,328.97,0.0,0.0,0.0,0.0,162649.4,-576669.0,392990.2,0.9406,79.059,823.7,4.00249,-75.15784,0.0,0,-1.0,-1.0,-1.0,-1.0,-1.0,0.0,0.0,0.0,0.0
1791578638.95,2544366.2,645.9,113424.3,113424.3,774.4,956.0,955.4,74.09,218.73,135.05,328.97,0.0,0.0,0.0,0.0,162649.4,-576669.0,392990.2,0.9406,79.059,823.7,4.0246,-75.1619,0.0,0,-1.0,-1.0,-1.0,-1.0,-1.0,0.0,0.0,0.0,0.0
1791578639.45,2544366.7,646.4,113810.7,113810.7,771.2,953.2,952.6,73.9,218.56,135.21,328.96,0.0,0.0,0.0,0.0,162649.4,-576669.0,392990.2,0.9406,79.059,823.7,4.04668,-75.16596,0.0,0,-1.0,-1.0,-1.0,-1.0,-1.0,0.0,0.0,0.0,0.0
1791578639.95,2544367.2,646.9,114195.5,114195.5,768.0,950.4,949.8,73.71,218.39,135.37,328.96,0.0,0.0,0.0,0.0,162649.4,-576669.0,392990.2,0.9406,79.059,823.7,4.06874,-75.17002,0.0,0,-1.0,-1.0,-1.0,-1.0,-1.0,0.0,0.0,0.0,0.0
1791578640.45,2544367.7,647.4,114578.7,114578.7,764.7,947.6,947.0,73.52,218.23,135.53,328.95,0.0,0.0,0.0,0.0,162649.4,-576669.0,392990.2,0.9406,79.059,823.7,4.09078,-75.1741,0.0,0,-1.0,-1.0,-1.0,-1.0,-1.0,0.0,0.0,0.0,0.0
1791578640.96,2544368.2,647.9,114960.2,114960.2,761.5,944.8,944.3,73.34,218.07,135.68,328.95,0.0,0.0,0.0,0.0,162649.4,-576669.0,392990.2,0.9406,79.059,823.7,4.11279,-75.17817,0.0,0,-1.0,-1.0,-1.0,-1.0,-1.0,0.0,0.0,0.0,0.0
1791578641.46,2544368.7,648.4,115340.1,115340.1,758.2,942.0,941.5,73.15,217.91,135.83,328.95,0.0,0.0,0.0,0.0,162649.4,-576669.0,392990.2,0.9406,79.059,823.7,4.13478,-75.18225,0.0,0,-1.0,-1.0,-1.0,-1.0,-1.0,0.0,0.0,0.0,0.0
1791578641.97,2544369.2,648.9,115718.5,115718.5,755.0,939.3,938.8,72.96,217.75,135.98,328.94,0.0,0.0,0.0,0.0,162649.4,-576669.0,392990.2,0.9406,79.059,823.7,4.15675,-75.18633,0.0,0,-1.0,-1.0,-1.0,-1.0,-1.0,0.0,0.0,0.0,0.0
1791578642.47,2544369.7,649.4,116110.2,116110.2,751.7,936.4,935.9,72.76,217.6,136.13,328.94,0.0,0.0,0.0,0.0,162649.4,-576669.0,392990.2,0.9406,79.059,823.7,4.17957,-75.19059,0.0,0,-1.0,-1.0,-1.0,-1.0,-1.0,0.0,0.0,0.0,0.0
1791578642.98,2544370.2,649.9,116485.2,116485.2,748.4,933.6,933.2,72.58,217.45,136.26,328.93,0.0,0.0,0.0,0.0,162649.4,-576669.0,392990.2,0.9406,79.059,823.7,4.20149,-75.19468,0.0,0,-1.0,-1.0,-1.0,-1.0,-1.0,0.0,0.0,0.0,0.0
1791578643.48,2544370.6,650.4,116769.2,116769.2,746.0,931.5,931.1,72.43,217.34,136.37,328.93,0.0,0.0,0.0,0.0,162649.4,-576669.0,392990.2,0.9406,79.059,823.7,4.21813,-75.19779,0.0,0,-1.0,-1.0,-1.0,-1.0,-1.0,0.0,0.0,0.0,0.0
1791578643.98,2544371.1,650.9,117141.3,117141.3,742.8,928.8,928.4,72.24,217.2,136.5,328.93,0.0,0.0,0.0,0.0,162649.4,-576669.0,392990.2,0.9406,79.059,823.7,4.24001,-75.20189,0.0,0,-1.0,-1.0,-1.0,-1.0,-1.0,0.0,0.0,0.0,0.0
1791578644.48,2544371.6,651.4,117511.9,117511.9,739.5,926.0,925.6,72.05,217.05,136.64,328.92,0.0,0.0,0.0,0.0,162649.4,-576669.0,392990.2,0.9406,79.059,823.7,4.26187,-75.206,0.0,0,-1.0,-1.0,-1.0,-1.0,-1.0,0.0,0.0,0.0,0.0
1791578644.98,2544372.1,651.9,117895.6,117895.6,736.2,923.2,922.8,71.86,216.92,136.77,328.92,0.0,0.0,0.0,0.0,162649.4,-576669.0,392990.2,0.9406,79.059,823.7,4.28457,-75.21027,0.0,0,-1.0,-1.0,-1.0,-1.0,-1.0,0.0,0.0,0.0,0.0
1791578645.49,2544372.6,652.4,118262.9,118262.9,733.0,920.5,920.1,71.67,216.79,136.89,328.91,0.0,0.0,0.0,0.0,162649.4,-576669.0,392990.2,0.9406,79.059,823.7,4.30638,-75.21438,0.0,0,-1.0,-1.0,-1.0,-1.0,-1.0,0.0,0.0,0.0,0.0
1791578645.99,2544373.1,652.9,118628.6,118628.6,729.8,917.7,917.4,71.48,216.65,137.01,328.91,0.0,0.0,0.0,0.0,162649.4,-576669.0,392990.2,0.9406,79.059,823.7,4.32817,-75.2185,0.0,0,-1.0,-1.0,-1.0,-1.0,-1.0,0.0,0.0,0.0,0.0
1791578646.49,2544373.6,653.4,118992.7,118992.7,726.6,915.0,914.7,71.29,216.53,137.13,328.9,0.0,0.0,0.0,0.0,162649.4,-576669.0,392990.2,0.9406,79.059,823.7,4.34994,-75.22262,0.0,0,-1.0,-1.0,-1.0,-1.0,-1.0,0.0,0.0,0.0,0.0
1791578646.99,2544374.1,653.9,119355.2,119355.2,723.4,912.3,912.0,71.1,216.4,137.25,328.9,0.0,0.0,0.0,0.0,162649.4,-576669.0,392990.2,0.9406,79.059,823.7,4.37168,-75.22674,0.0,0,-1.0,-1.0,-1.0,-1.0,-1.0,0.0,0.0,0.0,0.0
1791578647.5,2544374.6,654.4,119716.1,119716.1,720.2,909.6,909.3,70.91,216.28,137.36,328.9,0.0,0.0,0.0,0.0,162649.4,-576669.0,392990.2,0.9406,79.059,823.7,4.3934,-75.23087,0.0,0,-1.0,-1.0,-1.0,-1.0,-1.0,0.0,0.0,0.0,0.0
1791578648.0,2544375.1,654.9,120075.4,120075.4,717.0,906.9,906.7,70.73,216.16,137.48,328.89,0.0,0.0,0.0,0.0,162649.4,-576669.0,392990.2,0.9406,79.059,823.7,4.4151,-75.235,0.0,0,-1.0,-1.0,-1.0,-1.0,-1.0,0.0,0.0,0.0,0.0
1791578648.5,2544375.6,655.5,120447.4,120447.4,713.7,904.1,903.9,70.53,216.04,137.59,328.89,0.0,0.0,0.0,0.0,162649.4,-576669.0,392990.2,0.9406,79.059,823.7,4.43765,-75.23931,0.0,0,-1.0,-1.0,-1.0,-1.0,-1.0,0.0,0.0,0.0,0.0
1791578649.0,2544376.1,656.0,120803.4,120803.4,710.5,901.4,901.2,70.34,215.92,137.7,328.88,0.0,0.0,0.0,0.0,162649.4,-576669.0,392990.2,0.9406,79.059,823.7,4.4593,-75.24345,0.0,0,-1.0,-1.0,-1.0,-1.0,-1.0,0.0,0.0,0.0,0.0
1791578649.5,2544376.6,656.5,121157.9,121157.9,707.3,898.8,898.6,70.15,215.81,137.8,328.88,0.0,0.0,0.0,0.0,162649.4,-576669.0,392990.2,0.9406,79.059,823.7,4.48094,-75.24759,0.0,0,-1.0,-1.0,-1.0,-1.0,-1.0,0.0,0.0,0.0,0.0
1791578650.01,2544377.1,657.0,121510.8,121510.8,704.1,896.1,895.9,69.96,215.69,137.91,328.87,0.0,0.0,0.0,0.0,162649.4,-576669.0,392990.2,0.9406,79.059,823.7,4.50255,-75.25174,0.0,0,-1.0,-1.0,-1.0,-1.0,-1.0,0.0,0.0,0.0,0.0
1791578650.51,2544377.6,657.5,121848.0,121848.0,701.1,893.5,893.4,69.77,215.59,138.01,328.87,0.0,0.0,0.0,0.0,162649.4,-576669.0,392990.2,0.9406,79.059,823.7,4.52328,-75.25573,0.0,0,-1.0,-1.0,-1.0,-1.0,-1.0,0.0,0.0,0.0,0.0
1791578651.01,2544378.1,658.0,122211.7,122211.7,697.8,890.8,890.7,69.58,215.48,138.11,328.87,0.0,0.0,0.0,0.0,162649.4,-576669.0,392990.2,0.9406,79.059,823.7,4.54572,-75.26005,0.0,0,-1.0,-1.0,-1.0,-1.0,-1.0,0.0,0.0,0.0,0.0
1791578651.51,2544378.6,658.5,122559.8,122559.8,694.6,888.1,888.0,69.39,215.37,138.21,328.86,0.0,0.0,0.0,0.0,162649.4,-576669.0,392990.2,0.9406,79.059,823.7,4.56727,-75.26421,0.0,0,-1.0,-1.0,-1.0,-1.0,-1.0,0.0,0.0,0.0,0.0
1791578652.01,2544379.1,659.0,122906.3,122906.3,691.4,885.5,885.4,69.2,215.27,138.3,328.86,0.0,0.0,0.0,0.0,162649.4,-576669.0,392990.2,0.9406,79.059,823.7,4.5888,-75.26837,0.0,0,-1.0,-1.0,-1.0,-1.0,-1.0,0.0,0.0,0.0,0.0
1791578652.51,2544379.6,659.5,123251.3,123251.3,688.3,882.8,882.8,69.01,215.17,138.39,328.85,0.0,0.0,0.0,0.0,162649.4,-576669.0,392990.2,0.9406,79.059,823.7,4.61031,-75.27254,0.0,0,-1.0,-1.0,-1.0,-1.0,-1.0,0.0,0.0,0.0,0.0
1791578653.02,2544380.1,660.0,123594.6,123594.6,685.1,880.2,880.2,68.82,215.07,138.49,328.85,0.0,0.0,0.0,0.0,162649.4,-576669.0,392990.2,0.9406,79.059,823.7,4.6318,-75.27671,0.0,0,-1.0,-1.0,-1.0,-1.0,-1.0,0.0,0.0,0.0,0.0
1791578653.52,2544380.6,660.5,123936.4,123936.4,682.0,877.6,877.6,68.63,214.97,138.58,328.85,0.0,0.0,0.0,0.0,162649.4,-576669.0,392990.2,0.9406,79.059,823.7,4.65326,-75.28089,0.0,0,-1.0,-1.0,-1.0,-1.0,-1.0,0.0,0.0,0.0,0.0
1791578654.02,2544381.1,661.0,124276.6,124276.6,678.8,875.0,875.0,68.44,214.87,138.66,328.84,0.0,0.0,0.0,0.0,162649.4,-576669.0,392990.2,0.9406,79.059,823.7,4.67471,-75.28506,0.0,0,-1.0,-1.0,-1.0,-1.0,-1.0,0.0,0.0,0.0,0.0
1791578654.52,2544381.6,661.5,124615.2,124615.2,675.6,872.4,872.4,68.25,214.78,138.75,328.84,0.0,0.0,0.0,0.0,162649.4,-576669.0,392990.2,0.9406,79.059,823.7,4.69614,-75.28925,0.0,0,-1.0,-1.0,-1.0,-1.0,-1.0,0.0,0.0,0.0,0.0
1791578655.02,2544382.1,662.0,124952.2,124952.2,672.5,869.8,869.8,68.06,214.69,138.84,328.83,0.0,0.0,0.0,0.0,162649.4,-576669.0,392990.2,0.9406,79.059,823.7,4.71755,-75.29343,0.0,0,-1.0,-1.0,-1.0,-1.0,-1.0,0.0,0.0,0.0,0.0
1791578655.52,2544382.6,662.5,125287.7,125287.7,669.3,867.2,867.3,67.87,214.59,138.92,328.83,0.0,0.0,0.0,0.0,162649.4,-576669.0,392990.2,0.9406,79.059,823.7,4.73894,-75.29762,0.0,0,-1.0,-1.0,-1.0,-1.0,-1.0,0.0,0.0,0.0,0.0
1791578656.03,2544383.2,663.0,125621.6,125621.6,666.2,864.6,864.7,67.68,214.5,139.0,328.82,0.0,0.0,0.0,0.0,162649.4,-576669.0,392990.2,0.9406,79.059,823.7,4.76031,-75.30182,0.0,0,-1.0,-1.0,-1.0,-1.0,-1.0,0.0,0.0,0.0,0.0
1791578656.53,2544383.7,663.5,125953.9,125953.9,663.1,862.0,862.1,67.49,214.41,139.09,328.82,0.0,0.0,0.0,0.0,162649.4,-576669.0,392990.2,0.9406,79.059,823.7,4.78166,-75.30601,0.0,0,-1.0,-1.0,-1.0,-1.0,-1.0,0.0,0.0,0.0,0.0
1791578657.03,2544384.2,664.0,126297.8,126297.8,659.8,859.3,859.5,67.3,214.32,139.16,328.82,0.0,0.0,0.0,0.0,162649.4,-576669.0,392990.2,0.9406,79.059,823.7,4.80384,-75.31038,0.0,0,-1.0,-1.0,-1.0,-1.0,-1.0,0.0,0.0,0.0,0.0
1791578657.53,2544384.7,664.5,126626.9,126626.9,656.7,856.8,856.9,67.11,214.24,139.24,328.81,0.0,0.0,0.0,0.0,162649.4,-576669.0,392990.2,0.9406,79.059,823.7,4.82515,-75.31458,0.0,0,-1.0,-1.0,-1.0,-1.0,-1.0,0.0,0.0,0.0,0.0
1791578658.03,2544385.2,665.0,126954.5,126954.5,653.5,854.2,854.4,66.92,214.16,139.32,328.81,0.0,0.0,0.0,0.0,162649.4,-576669.0,392990.2,0.9406,79.059,823.7,4.84644,-75.31879,0.0,0,-1.0,-1.0,-1.0,-1.0,-1.0,0.0,0.0,0.0,0.0
1791578658.54,2544385.7,665.5,127280.5,127280.5,650.4,851.6,851.9,66.73,214.07,139.39,328.8,0.0,0.0,0.0,0.0,162649.4,-576669.0,392990.2,0.9406,79.059,823.7,4.86771,-75.323,0.0,0,-1.0,-1.0,-1.0,-1.0,-1.0,0.0,0.0,0.0,0.0
1791578659.04,2544386.2,666.0,127604.9,127604.9,647.3,849.1,849.4,66.54,213.99,139.47,328.8,0.0,0.0,0.0,0.0,162649.4,-576669.0,392990.2,0.9406,79.059,823.7,4.88896,-75.32722,0.0,0,-1.0,-1.0,-1.0,-1.0,-1.0,0.0,0.0,0.0,0.0
1791578659.54,2544386.7,666.5,127927.7,127927.7,644.1,846.6,846.8,66.35,213.91,139.54,328.8,0.0,0.0,0.0,0.0,162649.4,-576669.0,392990.2,0.9406,79.059,823.7,4.91019,-75.33143,0.0,0,-1.0,-1.0,-1.0,-1.0,-1.0,0.0,0.0,0.0,0.0
1791578660.04,2544387.2,667.0,128249.0,128249.0,641.0,844.0,844.3,66.16,213.83,139.61,328.79,0.0,0.0,0.0,0.0,162649.4,-576669.0,392990.2,0.9406,79.059,823.7,4.93141,-75.33566,0.0,0,-1.0,-1.0,-1.0,-1.0,-1.0,0.0,0.0,0.0,0.0
1791578660.54,2544387.7,667.5,128568.7,128568.7,637.9,841.5,841.8,65.97,213.75,139.68,328.79,0.0,0.0,0.0,0.0,162649.4,-576669.0,392990.2,0.9406,79.059,823.7,4.9526,-75.33988,0.0,0,-1.0,-1.0,-1.0,-1.0,-1.0,0.0,0.0,0.0,0.0
1791578661.04,2544388.2,668.0,128886.9,128886.9,634.8,839.0,839.3,65.77,213.67,139.75,328.78,0.0,0.0,0.0,0.0,162649.4,-576669.0,392990.2,0.9406,79.059,823.7,4.97378,-75.34411,0.0,0,-1.0,-1.0,-1.0,-1.0,-1.0,0.0,0.0,0.0,0.0
1791578661.56,2544388.7,668.5,129216.1,129216.1,631.5,836.4,836.7,65.58,213.6,139.82,328.78,0.0,0.0,0.0,0.0,162649.4,-576669.0,392990.2,0.9406,79.059,823.7,4.99578,-75.34851,0.0,0,-1.0,-1.0,-1.0,-1.0,-1.0,0.0,0.0,0.0,0.0
1791578662.06,2544389.2,669.0,129531.1,129531.1,628.4,833.9,834.3,65.39,213.53,139.89,328.78,0.0,0.0,0.0,0.0,162649.4,-576669.0,392990.2,0.9406,79.059,823.7,5.01692,-75.35274,0.0,0,-1.0,-1.0,-1.0,-1.0,-1.0,0.0,0.0,0.0,0.0
1791578662.57,2544389.7,669.5,129844.5,129844.5,625.3,831.4,831.8,65.2,213.45,139.95,328.77,0.0,0.0,0.0,0.0,162649.4,-576669.0,392990.2,0.9406,79.059,823.7,5.03804,-75.35698,0.0,0,-1.0,-1.0,-1.0,-1.0,-1.0,0.0,0.0,0.0,0.0
1791578663.07,2544390.2,670.0,130156.4,130156.4,622.2,828.9,829.3,65.01,213.38,140.01,328.77,0.0,0.0,0.0,0.0,162649.4,-576669.0,392990.2,0.9406,79.059,823.7,5.05915,-75.36122,0.0,0,-1.0,-1.0,-1.0,-1.0,-1.0,0.0,0.0,0.0,0.0
1791578663.57,2544390.7,670.5,130466.7,130466.7,619.1,826.4,826.9,64.82,213.31,140.08,328.76,0.0,0.0,0.0,0.0,162649.4,-576669.0,392990.2,0.9406,79.059,823.7,5.08023,-75.36547,0.0,0,-1.0,-1.0,-1.0,-1.0,-1.0,0.0,0.0,0.0,0.0
1791578664.13,2544391.1,671.1,130701.5,130701.5,616.7,824.5,825.0,64.67,213.26,140.12,328.76,0.0,0.0,0.0,0.0,162649.4,-576669.0,392990.2,0.9406,79.059,823.7,5.09624,-75.36869,0.0,0,-1.0,-1.0,-1.0,-1.0,-1.0,0.0,0.0,0.0,0.0
1791578664.63,2544391.6,671.6,131021.4,131021.4,613.5,822.0,822.4,64.47,213.18,140.19,328.76,0.0,0.0,0.0,0.0,162649.4,-576669.0,392990.2,0.9406,79.059,823.7,5.11814,-75.37311,0.0,0,-1.0,-1.0,-1.0,-1.0,-1.0,0.0,0.0,0.0,0.0
1791578665.13,2544392.1,672.1,131327.4,131327.4,610.4,819.5,820.0,64.28,213.12,140.25,328.75,0.0,0.0,0.0,0.0,162649.4,-576669.0,392990.2,0.9406,79.059,823.7,5.13917,-75.37737,0.0,0,-1.0,-1.0,-1.0,-1.0,-1.0,0.0,0.0,0.0,0.0
1791578665.63,2544392.6,672.6,131631.8,131631.8,607.3,817.0,817.6,64.09,213.05,140.31,328.75,0.0,0.0,0.0,0.0,162649.4,-576669.0,392990.2,0.9406,79.059,823.7,5.16019,-75.38162,0.0,0,-1.0,-1.0,-1.0,-1.0,-1.0,0.0,0.0,0.0,0.0
1791578666.13,2544393.1,673.1,131934.7,131934.7,604.2,814.6,815.1,63.9,212.98,140.37,328.74,0.0,0.0,0.0,0.0,162649.4,-576669.0,392990.2,0.9406,79.059,823.7,5.18119,-75.38588,0.0,0,-1.0,-1.0,-1.0,-1.0,-1.0,0.0,0.0,0.0,0.0
1791578666.63,2544393.6,673.6,132236.0,132236.0,601.1,812.1,812.7,63.71,212.92,140.42,328.74,0.0,0.0,0.0,0.0,162649.4,-576669.0,392990.2,0.9406,79.059,823.7,5.20218,-75.39015,0.0,0,-1.0,-1.0,-1.0,-1.0,-1.0,0.0,0.0,0.0,0.0
1791578667.14,2544394.1,674.1,132547.8,132547.8,597.9,809.6,810.2,63.52,212.85,140.48,328.74,0.0,0.0,0.0,0.0,162649.4,-576669.0,392990.2,0.9406,79.059,823.7,5.22398,-75.39458,0.0,0,-1.0,-1.0,-1.0,-1.0,-1.0,0.0,0.0,0.0,0.0
1791578667.67,2544394.6,674.6,132846.0,132846.0,594.8,807.2,807.8,63.32,212.79,140.54,328.73,0.0,0.0,0.0,0.0,162649.4,-576669.0,392990.2,0.9406,79.059,823.7,5.24493,-75.39885,0.0,0,-1.0,-1.0,-1.0,-1.0,-1.0,0.0,0.0,0.0,0.0
1791578668.18,2544395.1,675.1,133154.4,133154.4,591.6,804.7,805.3,63.13,212.72,140.59,328.73,0.0,0.0,0.0,0.0,162649.4,-576669.0,392990.2,0.9406,79.059,823.7,5.26669,-75.40329,0.0,0,-1.0,-1.0,-1.0,-1.0,-1.0,0.0,0.0,0.0,0.0
1791578668.68,2544395.6,675.6,133437.7,133437.7,588.7,802.4,803.0,62.94,212.67,140.65,328.72,0.0,0.0,0.0,0.0,162649.4,-576669.0,392990.2,0.9406,79.059,823.7,5.28677,-75.4074,0.0,0,-1.0,-1.0,-1.0,-1.0,-1.0,0.0,0.0,0.0,0.0
1791578669.18,2544396.1,676.1,133743.0,133743.0,585.5,799.9,800.6,62.75,212.6,140.7,328.72,0.0,0.0,0.0,0.0,162649.4,-576669.0,392990.2,0.9406,79.059,823.7,5.3085,-75.41185,0.0,0,-1.0,-1.0,-1.0,-1.0,-1.0,0.0,0.0,0.0,0.0
1791578669.68,2544396.6,676.6,134034.9,134034.9,582.4,797.5,798.2,62.55,212.54,140.76,328.71,0.0,0.0,0.0,0.0,162649.4,-576669.0,392990.2,0.9406,79.059,823.7,5.32938,-75.41646,0.0,0,-1.0,-1.0,-1.0,-1.0,-1.0,0.0,0.0,0.0,0.0
1791578670.19,2544397.1,677.1,134325.4,134325.4,579.3,795.1,795.8,62.36,212.48,140.8,328.71,0.0,0.0,0.0,0.0,162649.4,-576669.0,392990.2,0.9406,79.059,823.7,5.35025,-75.42041,0.0,0,-1.0,-1.0,-1.0,-1.0,-1.0,0.0,0.0,0.0,0.0
1791578670.69,2544397.6,677.6,134614.3,134614.3,576.2,792.7,793.5,62.17,212.43,140.86,328.71,0.0,0.0,0.0,0.0,162649.4,-576669.0,392990.2,0.9406,79.059,823.7,5.37109,-75.4247,0.0,0,-1.0,-1.0,-1.0,-1.0,-1.0,0.0,0.0,0.0,0.0
1791578671.19,2544398.1,678.1,134901.6,134901.6,573.2,790.3,791.1,61.98,212.37,140.9,328.7,0.0,0.0,0.0,0.0,162649.4,-576669.0,392990.2,0.9406,79.059,823.7,5.39192,-75.42899,0.0,0,-1.0,-1.0,-1.0,-1.0,-1.0,0.0,0.0,0.0,0.0
1791578671.69,2544398.6,678.6,135187.4,135187.4,570.1,787.9,788.8,61.79,212.31,140.95,328.7,0.0,0.0,0.0,0.0,162649.4,-576669.0,392990.2,0.9406,79.059,823.7,5.41274,-75.43328,0.0,0,-1.0,-1.0,-1.0,-1.0,-1.0,0.0,0.0,0.0,0.0
1791578672.19,2544399.1,679.1,135471.7,135471.7,567.0,785.6,786.4,61.6,212.26,141.0,328.69,0.0,0.0,0.0,0.0,162649.4,-576669.0,392990.2,0.9406,79.059,823.7,5.43353,-75.43758,0.0,0,-1.0,-1.0,-1.0,-1.0,-1.0,0.0,0.0,0.0,0.0
1791578672.69,2544399.6,679.6,135754.5,135754.5,564.0,783.2,784.1,61.41,212.2,141.05,328.69,0.0,0.0,0.0,0.0,162649.4,-576669.0,392990.2,0.9406,79.059,823.7,5.45432,-75.44188,0.0,0,-1.0,-1.0,-1.0,-1.0,-1.0,0.0,0.0,0.0,0.0
1791578673.19,2544400.1,680.1,136035.7,136035.7,560.9,780.9,781.8,61.22,212.15,141.1,328.69,0.0,0.0,0.0,0.0,162649.4,-576669.0,392990.2,0.9406,79.059,823.7,5.47508,-75.44618,0.0,0,-1.0,-1.0,-1.0,-1.0,-1.0,0.0,0.0,0.0,0.0
1791578673.7,2544400.6,680.6,136315.4,136315.4,557.9,778.5,779.5,61.03,212.09,141.14,328.68,0.0,0.0,0.0,0.0,162649.4,-576669.0,392990.2,0.9406,79.059,823.7,5.49583,-75.45048,0.0,0,-1.0,-1.0,-1.0,-1.0,-1.0,0.0,0.0,0.0,0.0
1791578674.2,2544401.1,681.1,136593.6,136593.5,554.8,776.2,777.1,60.83,212.04,141.19,328.68,0.0,0.0,0.0,0.0,162649.4,-576669.0,392990.2,0.9406,79.059,823.7,5.51657,-75.45479,0.0,0,-1.0,-1.0,-1.0,-1.0,-1.0,0.0,0.0,0.0,0.0
1791578674.7,2544401.6,681.7,136881.2,136881.2,551.6,773.8,774.8,60.64,211.98,141.24,328.67,0.0,0.0,0.0,0.0,162649.4,-576669.0,392990.2,0.9406,79.059,823.7,5.53811,-75.45927,0.0,0,-1.0,-1.0,-1.0,-1.0,-1.0,0.0,0.0,0.0,0.0
1791578675.2,2544402.1,682.2,137156.3,137156.3,548.6,771.5,772.5,60.45,211.93,141.28,328.67,0.0,0.0,0.0,0.0,162649.4,-576669.0,392990.2,0.9406,79.059,823.7,5.55881,-75.46358,0.0,0,-1.0,-1.0,-1.0,-1.0,-1.0,0.0,0.0,0.0,0.0
1791578675.71,2544402.6,682.7,137429.8,137429.8,545.5,769.2,770.2,60.26,211.88,141.32,328.67,0.0,0.0,0.0,0.0,162649.4,-576669.0,392990.2,0.9406,79.059,823.7,5.5795,-75.4679,0.0,0,-1.0,-1.0,-1.0,-1.0,-1.0,0.0,0.0,0.0,0.0
1791578676.21,2544403.1,683.2,137701.8,137701.8,542.5,766.9,767.9,60.07,211.83,141.37,328.66,0.0,0.0,0.0,0.0,162649.4,-576669.0,392990.2,0.9406,79.059,823.7,5.60017,-75.47221,0.0,0,-1.0,-1.0,-1.0,-1.0,-1.0,0.0,0.0,0.0,0.0
1791578676.71,2544403.6,683.7,137972.3,137972.3,539.4,764.6,765.6,59.88,211.78,141.41,328.66,0.0,0.0,0.0,0.0,162649.4,-576669.0,392990.2,0.9406,79.059,823.7,5.62083,-75.47654,0.0,0,-1.0,-1.0,-1.0,-1.0,-1.0,0.0,0.0,0.0,0.0
1791578677.21,2544404.2,684.2,138241.2,138241.3,536.4,762.3,763.4,59.69,211.73,141.45,328.65,0.0,0.0,0.0,0.0,162649.4,-576669.0,392990.2,0.9406,79.059,823.7,5.64147,-75.48086,0.0,0,-1.0,-1.0,-1.0,-1.0,-1.0,0.0,0.0,0.0,0.0
1791578677.71,2544404.7,684.7,138508.7,138508.7,533.4,760.0,761.1,59.5,211.68,141.49,328.65,0.0,0.0,0.0,0.0,162649.4,-576669.0,392990.2,0.9406,79.059,823.7,5.6621,-75.48518,0.0,0,-1.0,-1.0,-1.0,-1.0,-1.0,0.0,0.0,0.0,0.0
1791578678.22,2544405.2,685.2,138785.2,138785.2,530.2,757.7,758.8,59.3,211.63,141.53,328.65,0.0,0.0,0.0,0.0,162649.4,-576669.0,392990.2,0.9406,79.059,823.7,5.68353,-75.48969,0.0,0,-1.0,-1.0,-1.0,-1.0,-1.0,0.0,0.0,0.0,0.0
1791578678.72,2544405.7,685.7,139049.5,139049.5,527.2,755.4,756.5,59.11,211.59,141.57,328.64,0.0,0.0,0.0,0.0,162649.4,-576669.0,392990.2,0.9406,79.059,823.7,5.70413,-75.49402,0.0,0,-1.0,-1.0,-1.0,-1.0,-1.0,0.0,0.0,0.0,0.0
1791578679.22,2544406.2,686.2,139312.4,139312.4,524.1,753.2,754.3,58.92,211.54,141.61,328.64,0.0,0.0,0.0,0.0,162649.4,-576669.0,392990.2,0.9406,79.059,823.7,5.72471,-75.49835,0.0,0,-1.0,-1.0,-1.0,-1.0,-1.0,0.0,0.0,0.0,0.0
1791578679.72,2544406.7,686.7,139573.7,139573.7,521.1,750.9,752.1,58.73,211.49,141.65,328.63,0.0,0.0,0.0,0.0,162649.4,-576669.0,392990.2,0.9406,79.059,823.7,5.74528,-75.50269,0.0,0,-1.0,-1.0,-1.0,-1.0,-1.0,0.0,0.0,0.0,0.0
1791578680.22,2544407.2,687.2,139833.5,139833.5,518.1,748.7,749.9,58.54,211.45,141.69,328.63,0.0,0.0,0.0,0.0,162649.4,-576669.0,392990.2,0.9406,79.059,823.7,5.76583,-75.50703,0.0,0,-1.0,-1.0,-1.0,-1.0,-1.0,0.0,0.0,0.0,0.0
1791578680.72,2544407.7,687.7,140091.7,140091.7,515.0,746.5,747.7,58.35,211.4,141.73,328.63,0.0,0.0,0.0,0.0,162649.4,-576669.0,392990.2,0.9406,79.059,823.7,5.78637,-75.51137,0.0,0,-1.0,-1.0,-1.0,-1.0,-1.0,0.0,0.0,0.0,0.0
1791578681.22,2544408.2,688.2,140348.5,140348.5,512.0,744.2,745.5,58.16,211.36,141.76,328.62,0.0,0.0,0.0,0.0,162649.4,-576669.0,392990.2,0.9406,79.059,823.7,5.80689,-75.51571,0.0,0,-1.0,-1.0,-1.0,-1.0,-1.0,0.0,0.0,0.0,0.0
1791578681.73,2544408.7,688.7,140613.9,140613.9,508.9,741.9,743.2,57.96,211.31,141.8,328.62,0.0,0.0,0.0,0.0,162649.4,-576669.0,392990.2,0.9406,79.059,823.7,5.82822,-75.52023,0.0,0,-1.0,-1.0,-1.0,-1.0,-1.0,0.0,0.0,0.0,0.0
1791578682.23,2544409.2,689.2,140857.5,140857.5,506.0,739.8,741.1,57.77,211.27,141.84,328.61,0.0,0.0,0.0,0.0,162649.4,-576669.0,392990.2,0.9406,79.059,823.7,5.84789,-75.52441,0.0,0,-1.0,-1.0,-1.0,-1.0,-1.0,0.0,0.0,0.0,0.0
1791578682.74,2544409.7,689.7,141119.8,141119.8,502.8,737.5,738.9,57.58,211.23,141.87,328.61,0.0,0.0,0.0,0.0,162649.4,-576669.0,392990.2,0.9406,79.059,823.7,5.86919,-75.52893,0.0,0,-1.0,-1.0,-1.0,-1.0,-1.0,0.0,0.0,0.0,0.0
1791578683.24,2544410.2,690.2,141370.4,141370.4,499.8,735.3,736.7,57.39,211.18,141.91,328.61,0.0,0.0,0.0,0.0,162649.4,-576669.0,392990.2,0.9406,79.059,823.7,5.88966,-75.53329,0.0,0,-1.0,-1.0,-1.0,-1.0,-1.0,0.0,0.0,0.0,0.0
1791578683.74,2544410.7,690.7,141619.6,141619.6,496.8,733.2,734.5,57.2,211.14,141.94,328.6,0.0,0.0,0.0,0.0,162649.4,-576669.0,392990.2,0.9406,79.059,823.7,5.91011,-75.53764,0.0,0,-1.0,-1.0,-1.0,-1.0,-1.0,0.0,0.0,0.0,0.0
1791578684.24,2544411.2,691.2,141867.2,141867.2,493.8,731.0,732.4,57.01,211.1,141.98,328.6,0.0,0.0,0.0,0.0,162649.4,-576669.0,392990.2,0.9406,79.059,823.7,5.93055,-75.542,0.0,0,-1.0,-1.0,-1.0,-1.0,-1.0,0.0,0.0,0.0,0.0
1791578684.74,2544411.7,691.7,142113.4,142113.4,490.8,728.8,730.2,56.82,211.06,142.01,328.59,0.0,0.0,0.0,0.0,162649.4,-576669.0,392990.2,0.9406,79.059,823.7,5.95098,-75.54636,0.0,0,-1.0,-1.0,-1.0,-1.0,-1.0,0.0,0.0,0.0,0.0
1791578685.25,2544412.2,692.2,142358.0,142358.0,487.8,726.7,728.1,56.62,211.02,142.05,328.59,0.0,0.0,0.0,0.0,162649.4,-576669.0,392990.2,0.9406,79.059,823.7,5.97139,-75.55073,0.0,0,-1.0,-1.0,-1.0,-1.0,-1.0,0.0,0.0,0.0,0.0
1791578685.75,2544412.6,692.7,142542.9,142542.9,485.5,725.0,726.5,56.48,210.99,142.07,328.59,0.0,0.0,0.0,0.0,162649.4,-576669.0,392990.2,0.9406,79.059,823.7,5.98689,-75.55404,0.0,0,-1.0,-1.0,-1.0,-1.0,-1.0,0.0,0.0,0.0,0.0
1791578686.25,2544413.1,693.2,142784.9,142784.9,482.5,722.9,724.4,56.29,210.95,142.1,328.58,0.0,0.0,0.0,0.0,162649.4,-576669.0,392990.2,0.9406,79.059,823.7,6.00728,-75.55841,0.0,0,-1.0,-1.0,-1.0,-1.0,-1.0,0.0,0.0,0.0,0.0
1791578686.75,2544413.6,693.7,143025.4,143025.4,479.5,720.8,722.3,56.1,210.91,142.14,328.58,0.0,0.0,0.0,0.0,162649.4,-576669.0,392990.2,0.9406,79.059,823.7,6.02766,-75.56278,0.0,0,-1.0,-1.0,-1.0,-1.0,-1.0,0.0,0.0,0.0,0.0
1791578687.26,2544414.1,694.2,143264.4,143264.4,476.5,718.6,720.2,55.91,210.87,142.17,328.57,0.0,0.0,0.0,0.0,162649.4,-576669.0,392990.2,0.9406,79.059,823.7,6.04802,-75.56715,0.0,0,-1.0,-1.0,-1.0,-1.0,-1.0,0.0,0.0,0.0,0.0
1791578687.76,2544414.6,694.7,143501.8,143501.8,473.5,716.5,718.1,55.72,210.83,142.2,328.57,0.0,0.0,0.0,0.0,162649.4,-576669.0,392990.2,0.9406,79.059,823.7,6.06837,-75.57153,0.0,0,-1.0,-1.0,-1.0,-1.0,-1.0,0.0,0.0,0.0,0.0
1791578688.26,2544415.1,695.2,143737.8,143737.8,470.5,714.4,716.0,55.53,210.79,142.23,328.57,0.0,0.0,0.0,0.0,162649.4,-576669.0,392990.2,0.9406,79.059,823.7,6.0887,-75.5759,0.0,0,-1.0,-1.0,-1.0,-1.0,-1.0,0.0,0.0,0.0,0.0
1791578688.76,2544415.6,695.7,143972.3,143972.3,467.5,712.3,713.9,55.33,210.76,142.26,328.56,0.0,0.0,0.0,0.0,162649.4,-576669.0,392990.2,0.9406,79.059,823.7,6.10902,-75.58028,0.0,0,-1.0,-1.0,-1.0,-1.0,-1.0,0.0,0.0,0.0,0.0
1791578689.26,2544415.9,696.2,144140.2,144140.2,465.3,710.8,712.4,55.19,210.73,142.28,328.56,0.0,0.0,0.0,0.0,162649.4,-576669.0,392990.2,0.9406,79.059,823.7,6.12365,-75.58377,0.0,0,-1.0,-1.0,-1.0,-1.0,-1.0,0.0,0.0,0.0,0.0
1791578689.76,2544416.4,696.7,144381.3,144381.3,462.2,708.7,710.3,55.0,210.69,142.31,328.56,0.0,0.0,0.0,0.0,162649.4,-576669.0,392990.2,0.9406,79.059,823.7,6.14476,-75.58799,0.0,0,-1.0,-1.0,-1.0,-1.0,-1.0,0.0,0.0,0.0,0.0
1791578690.27,2544416.9,697.2,144611.7,144611.7,459.2,706.6,708.2,54.81,210.65,142.34,328.55,0.0,0.0,0.0,0.0,162649.4,-576669.0,392990.2,0.9406,79.059,823.7,6.16505,-75.59238,0.0,0,-1.0,-1.0,-1.0,-1.0,-1.0,0.0,0.0,0.0,0.0
1791578690.77,2544417.4,697.7,144840.6,144840.5,456.2,704.5,706.2,54.62,210.62,142.37,328.55,0.0,0.0,0.0,0.0,162649.4,-576669.0,392990.2,0.9406,79.059,823.7,6.18532,-75.59676,0.0,0,-1.0,-1.0,-1.0,-1.0,-1.0,0.0,0.0,0.0,0.0
1791578691.27,2544417.9,698.2,145067.9,145067.9,453.2,702.5,704.2,54.43,210.58,142.4,328.54,0.0,0.0,0.0,0.0,162649.4,-576669.0,392990.2,0.9406,79.059,823.7,6.20559,-75.60115,0.0,0,-1.0,-1.0,-1.0,-1.0,-1.0,0.0,0.0,0.0,0.0
1791578691.77,2544418.4,698.7,145293.8,145293.8,450.2,700.4,702.1,54.24,210.55,142.43,328.54,0.0,0.0,0.0,0.0,162649.4,-576669.0,392990.2,0.9406,79.059,823.7,6.22584,-75.60554,0.0,0,-1.0,-1.0,-1.0,-1.0,-1.0,0.0,0.0,0.0,0.0
1791578692.27,2544418.9,699.2,145518.1,145518.1,447.2,698.4,700.1,54.05,210.51,142.46,328.54,0.0,0.0,0.0,0.0,162649.4,-576669.0,392990.2,0.9406,79.059,823.7,6.24608,-75.60994,0.0,0,-1.0,-1.0,-1.0,-1.0,-1.0,0.0,0.0,0.0,0.0
1791578692.77,2544419.4,699.7,145741.0,145741.0,444.3,696.3,698.1,53.86,210.48,142.48,328.53,0.0,0.0,0.0,0.0,162649.4,-576669.0,392990.2,0.9406,79.059,823.7,6.2663,-75.61433,0.0,0,-1.0,-1.0,-1.0,-1.0,-1.0,0.0,0.0,0.0,0.0
1791578693.28,2544419.9,700.2,145962.4,145962.4,441.3,694.3,696.1,53.67,210.44,142.51,328.53,0.0,0.0,0.0,0.0,162649.4,-576669.0,392990.2,0.9406,79.059,823.7,6.28652,-75.61873,0.0,0,-1.0,-1.0,-1.0,-1.0,-1.0,0.0,0.0,0.0,0.0
1791578693.78,2544420.5,700.7,146191.1,146191.1,438.2,692.2,694.0,53.47,210.41,142.54,328.52,0.0,0.0,0.0,0.0,162649.4,-576669.0,392990.2,0.9406,79.059,823.7,6.30753,-75.6233,0.0,0,-1.0,-1.0,-1.0,-1.0,-1.0,0.0,0.0,0.0,0.0
1791578694.28,2544421.0,701.2,146409.4,146409.4,435.2,690.2,692.1,53.28,210.37,142.57,328.52,0.0,0.0,0.0,0.0,162649.4,-576669.0,392990.2,0.9406,79.059,823.7,6.32771,-75.62771,0.0,0,-1.0,-1.0,-1.0,-1.0,-1.0,0.0,0.0,0.0,0.0
1791578694.78,2544421.5,701.7,146626.3,146626.3,432.2,688.2,690.1,53.09,210.34,142.59,328.52,0.0,0.0,0.0,0.0,162649.4,-576669.0,392990.2,0.9406,79.059,823.7,6.34789,-75.63211,0.0,0,-1.0,-1.0,-1.0,-1.0,-1.0,0.0,0.0,0.0,0.0
1791578695.28,2544422.0,702.2,146841.7,146841.7,429.3,686.2,688.1,52.89,210.31,142.62,328.51,0.0,0.0,0.0,0.0,162649.4,-576669.0,392990.2,0.9406,79.059,823.7,6.36806,-75.63651,0.0,0,-1.0,-1.0,-1.0,-1.0,-1.0,0.0,0.0,0.0,0.0
1791578695.78,2544422.5,702.7,147055.5,147055.5,426.3,684.3,686.2,52.7,210.27,142.64,328.51,0.0,0.0,0.0,0.0,162649.4,-576669.0,392990.2,0.9406,79.059,823.7,6.38821,-75.64092,0.0,0,-1.0,-1.0,-1.0,-1.0,-1.0,0.0,0.0,0.0,0.0
1791578696.28,2544423.0,703.2,147267.9,147267.9,423.3,682.3,684.2,52.51,210.24,142.67,328.5,0.0,0.0,0.0,0.0,162649.4,-576669.0,392990.2,0.9406,79.059,823.7,6.40836,-75.64533,0.0,0,-1.0,-1.0,-1.0,-1.0,-1.0,0.0,0.0,0.0,0.0
1791578696.79,2544423.5,703.7,147478.9,147478.9,420.3,680.3,682.3,52.32,210.21,142.69,328.5,0.0,0.0,0.0,0.0,162649.4,-576669.0,392990.2,0.9406,79.059,823.7,6.42849,-75.64974,0.0,0,-1.0,-1.0,-1.0,-1.0,-1.0,0.0,0.0,0.0,0.0
1791578697.29,2544424.0,704.2,147688.3,147688.3,417.4,678.4,680.4,52.13,210.18,142.72,328.5,0.0,0.0,0.0,0.0,162649.4,-576669.0,392990.2,0.9406,79.059,823.7,6.44861,-75.65416,0.0,0,-1.0,-1.0,-1.0,-1.0,-1.0,0.0,0.0,0.0,0.0
1791578697.79,2544424.5,704.7,147896.2,147896.2,414.4,676.5,678.4,51.94,210.15,142.74,328.49,0.0,0.0,0.0,0.0,162649.4,-576669.0,392990.2,0.9406,79.059,823.7,6.46872,-75.65857,0.0,0,-1.0,-1.0,-1.0,-1.0,-1.0,0.0,0.0,0.0,0.0
1791578698.29,2544425.0,705.2,148102.7,148102.7,411.4,674.5,676.5,51.75,210.11,142.77,328.49,0.0,0.0,0.0,0.0,162649.4,-576669.0,392990.2,0.9406,79.059,823.7,6.48881,-75.66299,0.0,0,-1.0,-1.0,-1.0,-1.0,-1.0,0.0,0.0,0.0,0.0
1791578698.79,2544425.5,705.7,148307.7,148307.7,408.5,672.6,674.6,51.56,210.08,142.79,328.49,0.0,0.0,0.0,0.0,162649.4,-576669.0,392990.2,0.9406,79.059,823.7,6.5089,-75.66741,0.0,0,-1.0,-1.0,-1.0,-1.0,-1.0,0.0,0.0,0.0,0.0
1791578699.3,2544426.0,706.2,148519.3,148519.3,405.4,670.6,672.7,51.36,210.05,142.82,328.48,0.0,0.0,0.0,0.0,162649.4,-576669.0,392990.2,0.9406,79.059,823.7,6.52978,-75.672,0.0,0,-1.0,-1.0,-1.0,-1.0,-1.0,0.0,0.0,0.0,0.0
1791578699.8,2544426.5,706.8,148721.2,148721.3,402.4,668.7,670.8,51.17,210.02,142.84,328.48,0.0,0.0,0.0,0.0,162649.4,-576669.0,392990.2,0.9406,79.059,823.7,6.54984,-75.67643,0.0,0,-1.0,-1.0,-1.0,-1.0,-1.0,0.0,0.0,0.0,0.0
1791578700.31,2544427.0,707.3,148921.7,148921.7,399.5,666.8,668.9,50.98,209.99,142.86,328.47,0.0,0.0,0.0,0.0,162649.4,-576669.0,392990.2,0.9406,79.059,823.7,6.5699,-75.68085,0.0,0,-1.0,-1.0,-1.0,-1.0,-1.0,0.0,0.0,0.0,0.0
1791578700.81,2544427.5,707.8,149120.7,149120.7,396.5,665.0,667.1,50.79,209.96,142.88,328.47,0.0,0.0,0.0,0.0,162649.4,-576669.0,392990.2,0.9406,79.059,823.7,6.58994,-75.68528,0.0,0,-1.0,-1.0,-1.0,-1.0,-1.0,0.0,0.0,0.0,0.0
1791578701.31,2544428.0,708.3,149318.3,149318.3,393.6,663.1,665.2,50.6,209.93,142.91,328.47,0.0,0.0,0.0,0.0,162649.4,-576669.0,392990.2,0.9406,79.059,823.7,6.60997,-75.6897,0.0,0,-1.0,-1.0,-1.0,-1.0,-1.0,0.0,0.0,0.0,0.0
1791578701.81,2544428.5,708.8,149514.3,149514.3,390.6,661.2,663.4,50.41,209.9,142.93,328.46,0.0,0.0,0.0,0.0,162649.4,-576669.0,392990.2,0.9406,79.059,823.7,6.62999,-75.69413,0.0,0,-1.0,-1.0,-1.0,-1.0,-1.0,0.0,0.0,0.0,0.0
1791578702.31,2544429.0,709.3,149708.9,149708.9,387.7,659.4,661.6,50.22,209.88,142.95,328.46,0.0,0.0,0.0,0.0,162649.4,-576669.0,392990.2,0.9406,79.059,823.7,6.65,-75.69856,0.0,0,-1.0,-1.0,-1.0,-1.0,-1.0,0.0,0.0,0.0,0.0
1791578702.81,2544429.5,709.8,149902.0,149902.0,384.7,657.5,659.7,50.03,209.85,142.97,328.45,0.0,0.0,0.0,0.0,162649.4,-576669.0,392990.2,0.9406,79.059,823.7,6.67,-75.703,0.0,0,-1.0,-1.0,-1.0,-1.0,-1.0,0.0,0.0,0.0,0.0
1791578703.32,2544430.0,710.3,150093.6,150093.6,381.8,655.7,657.9,49.84,209.82,142.99,328.45,0.0,0.0,0.0,0.0,162649.4,-576669.0,392990.2,0.9406,79.059,823.7,6.68999,-75.70743,0.0,0,-1.0,-1.0,-1.0,-1.0,-1.0,0.0,0.0,0.0,0.0
1791578703.82,2544430.5,710.8,150283.7,150283.7,378.8,653.9,656.1,49.65,209.79,143.01,328.45,0.0,0.0,0.0,0.0,162649.4,-576669.0,392990.2,0.9406,79.059,823.7,6.70997,-75.71187,0.0,0,-1.0,-1.0,-1.0,-1.0,-1.0,0.0,0.0,0.0,0.0
1791578704.32,2544431.0,711.3,150472.4,150472.4,375.9,652.1,654.3,49.45,209.76,143.04,328.44,0.0,0.0,0.0,0.0,162649.4,-576669.0,392990.2,0.9406,79.059,823.7,6.72994,-75.71631,0.0,0,-1.0,-1.0,-1.0,-1.0,-1.0,0.0,0.0,0.0,0.0
1791578704.82,2544431.5,711.8,150659.6,150659.6,372.9,650.3,652.5,49.26,209.74,143.06,328.44,0.0,0.0,0.0,0.0,162649.4,-576669.0,392990.2,0.9406,79.059,823.7,6.74991,-75.72074,0.0,0,-1.0,-1.0,-1.0,-1.0,-1.0,0.0,0.0,0.0,0.0
1791578705.32,2544432.0,712.3,150845.3,150845.3,370.0,648.5,650.8,49.07,209.71,143.08,328.43,0.0,0.0,0.0,0.0,162649.4,-576669.0,392990.2,0.9406,79.059,823.7,6.76986,-75.72519,0.0,0,-1.0,-1.0,-1.0,-1.0,-1.0,0.0,0.0,0.0,0.0
1791578705.83,2544432.5,712.8,151036.9,151036.9,366.9,646.6,648.9,48.88,209.68,143.1,328.43,0.0,0.0,0.0,0.0,162649.4,-576669.0,392990.2,0.9406,79.059,823.7,6.79059,-75.72981,0.0,0,-1.0,-1.0,-1.0,-1.0,-1.0,0.0,0.0,0.0,0.0
1791578706.33,2544433.0,713.3,151219.6,151219.6,364.0,644.8,647.2,48.68,209.65,143.12,328.43,0.0,0.0,0.0,0.0,162649.4,-576669.0,392990.2,0.9406,79.059,823.7,6.81052,-75.73425,0.0,0,-1.0,-1.0,-1.0,-1.0,-1.0,0.0,0.0,0.0,0.0
1791578706.84,2544433.5,713.8,151408.1,151408.1,360.9,643.0,645.4,48.49,209.63,143.14,328.42,0.0,0.0,0.0,0.0,162649.4,-576669.0,392990.2,0.9406,79.059,823.7,6.83124,-75.73887,0.0,0,-1.0,-1.0,-1.0,-1.0,-1.0,0.0,0.0,0.0,0.0
1791578707.46,2544434.0,714.4,151573.5,151573.5,358.2,641.4,643.8,48.31,209.6,143.16,328.42,0.0,0.0,0.0,0.0,162649.4,-576669.0,392990.2,0.9406,79.059,823.7,6.84956,-75.74297,0.0,0,-1.0,-1.0,-1.0,-1.0,-1.0,0.0,0.0,0.0,0.0
1791578707.97,2544434.5,714.9,151766.1,151766.1,355.0,639.5,641.9,48.1,209.57,143.18,328.41,0.0,0.0,0.0,0.0,162649.4,-576669.0,392990.2,0.9406,79.059,823.7,6.87105,-75.74777,0.0,0,-1.0,-1.0,-1.0,-1.0,-1.0,0.0,0.0,0.0,0.0
1791578708.47,2544435.0,715.4,151935.8,151935.8,352.2,637.9,640.3,47.92,209.55,143.19,328.41,0.0,0.0,0.0,0.0,162649.4,-576669.0,392990.2,0.9406,79.059,823.7,6.89015,-75.75204,0.0,0,-1.0,-1.0,-1.0,-1.0,-1.0,0.0,0.0,0.0,0.0
1791578708.97,2544435.5,715.9,152111.2,152111.2,349.3,636.1,638.6,47.73,209.52,143.21,328.41,0.0,0.0,0.0,0.0,162649.4,-576669.0,392990.2,0.9406,79.059,823.7,6.91003,-75.7565,0.0,0,-1.0,-1.0,-1.0,-1.0,-1.0,0.0,0.0,0.0,0.0
1791578709.47,2544436.0,716.4,152285.1,152285.1,346.4,634.4,636.9,47.54,209.5,143.23,328.4,0.0,0.0,0.0,0.0,162649.4,-576669.0,392990.2,0.9406,79.059,823.7,6.9299,-75.76095,0.0,0,-1.0,-1.0,-1.0,-1.0,-1.0,0.0,0.0,0.0,0.0
1791578709.98,2544436.5,716.9,152457.6,152457.6,343.4,632.7,635.2,47.35,209.47,143.25,328.4,0.0,0.0,0.0,0.0,162649.4,-576669.0,392990.2,0.9406,79.059,823.7,6.94977,-75.7654,0.0,0,-1.0,-1.0,-1.0,-1.0,-1.0,0.0,0.0,0.0,0.0
1791578710.48,2544437.0,717.4,152628.5,152628.5,340.5,631.0,633.6,47.16,209.45,143.27,328.4,0.0,0.0,0.0,0.0,162649.4,-576669.0,392990.2,0.9406,79.059,823.7,6.96962,-75.76986,0.0,0,-1.0,-1.0,-1.0,-1.0,-1.0,0.0,0.0,0.0,0.0
1791578710.98,2544437.5,717.9,152798.1,152798.0,337.6,629.4,631.9,46.97,209.42,143.29,328.39,0.0,0.0,0.0,0.0,162649.4,-576669.0,392990.2,0.9406,79.059,823.7,6.98947,-75.77432,0.0,0,-1.0,-1.0,-1.0,-1.0,-1.0,0.0,0.0,0.0,0.0
1791578711.48,2544438.0,718.4,152972.8,152972.8,334.5,627.6,630.2,46.77,209.4,143.3,328.39,0.0,0.0,0.0,0.0,162649.4,-576669.0,392990.2,0.9406,79.059,823.7,7.0101,-75.77896,0.0,0,-1.0,-1.0,-1.0,-1.0,-1.0,0.0,0.0,0.0,0.0
1791578711.99,2544438.5,718.9,153139.3,153139.3,331.6,626.0,628.6,46.58,209.37,143.32,328.38,0.0,0.0,0.0,0.0,162649.4,-576669.0,392990.2,0.9406,79.059,823.7,7.02993,-75.78342,0.0,0,-1.0,-1.0,-1.0,-1.0,-1.0,0.0,0.0,0.0,0.0
1791578712.49,2544439.0,719.4,153304.4,153304.4,328.7,624.3,626.9,46.39,209.35,143.34,328.38,0.0,0.0,0.0,0.0,162649.4,-576669.0,392990.2,0.9406,79.059,823.7,7.04974,-75.78788,0.0,0,-1.0,-1.0,-1.0,-1.0,-1.0,0.0,0.0,0.0,0.0
1791578712.99,2544439.5,719.9,153468.0,153468.0,325.7,622.7,625.3,46.2,209.32,143.36,328.38,0.0,0.0,0.0,0.0,162649.4,-576669.0,392990.2,0.9406,79.059,823.7,7.06956,-75.79234,0.0,0,-1.0,-1.0,-1.0,-1.0,-1.0,0.0,0.0,0.0,0.0
1791578713.49,2544440.0,720.4,153630.1,153630.1,322.8,621.1,623.7,46.01,209.3,143.37,328.37,0.0,0.0,0.0,0.0,162649.4,-576669.0,392990.2,0.9406,79.059,823.7,7.08936,-75.79681,0.0,0,-1.0,-1.0,-1.0,-1.0,-1.0,0.0,0.0,0.0,0.0
1791578713.99,2544440.5,720.9,153790.8,153790.8,319.9,619.5,622.1,45.82,209.28,143.39,328.37,0.0,0.0,0.0,0.0,162649.4,-576669.0,392990.2,0.9406,79.059,823.7,7.10915,-75.80127,0.0,0,-1.0,-1.0,-1.0,-1.0,-1.0,0.0,0.0,0.0,0.0
1791578714.5,2544441.0,721.4,153956.4,153956.4,316.9,617.8,620.5,45.62,209.25,143.41,328.36,0.0,0.0,0.0,0.0,162649.4,-576669.0,392990.2,0.9406,79.059,823.7,7.12973,-75.80592,0.0,0,-1.0,-1.0,-1.0,-1.0,-1.0,0.0,0.0,0.0,0.0
1791578715.0,2544441.5,722.0,154114.1,154114.1,313.9,616.2,618.9,45.43,209.23,143.42,328.36,0.0,0.0,0.0,0.0,162649.4,-576669.0,392990.2,0.9406,79.059,823.7,7.1495,-75.81039,0.0,0,-1.0,-1.0,-1.0,-1.0,-1.0,0.0,0.0,0.0,0.0
1791578715.5,2544442.0,722.5,154270.3,154270.3,311.0,614.6,617.4,45.24,209.21,143.44,328.36,0.0,0.0,0.0,0.0,162649.4,-576669.0,392990.2,0.9406,79.059,823.7,7.16927,-75.81486,0.0,0,-1.0,-1.0,-1.0,-1.0,-1.0,0.0,0.0,0.0,0.0
1791578716.0,2544442.5,723.0,154425.1,154425.1,308.1,613.1,615.8,45.05,209.18,143.46,328.35,0.0,0.0,0.0,0.0,162649.4,-576669.0,392990.2,0.9406,79.059,823.7,7.18903,-75.81933,0.0,0,-1.0,-1.0,-1.0,-1.0,-1.0,0.0,0.0,0.0,0.0
1791578716.5,2544443.0,723.5,154578.4,154578.4,305.2,611.5,614.3,44.86,209.16,143.47,328.35,0.0,0.0,0.0,0.0,162649.4,-576669.0,392990.2,0.9406,79.059,823.7,7.20878,-75.8238,0.0,0,-1.0,-1.0,-1.0,-1.0,-1.0,0.0,0.0,0.0,0.0
1791578717.0,2544443.5,724.0,154730.3,154730.3,302.3,610.0,612.8,44.67,209.14,143.49,328.34,0.0,0.0,0.0,0.0,162649.4,-576669.0,392990.2,0.9406,79.059,823.7,7.22853,-75.82828,0.0,0,-1.0,-1.0,-1.0,-1.0,-1.0,0.0,0.0,0.0,0.0
1791578717.51,2544444.0,724.5,154880.7,154880.7,299.4,608.5,611.3,44.47,209.12,143.5,328.34,0.0,0.0,0.0,0.0,162649.4,-576669.0,392990.2,0.9406,79.059,823.7,7.24826,-75.83275,0.0,0,-1.0,-1.0,-1.0,-1.0,-1.0,0.0,0.0,0.0,0.0
1791578718.01,2544444.5,725.0,155029.7,155029.7,296.4,606.9,609.8,44.28,209.1,143.52,328.34,0.0,0.0,0.0,0.0,162649.4,-576669.0,392990.2,0.9406,79.059,823.7,7.26799,-75.83723,0.0,0,-1.0,-1.0,-1.0,-1.0,-1.0,0.0,0.0,0.0,0.0
1791578718.51,2544445.0,725.5,155177.2,155177.2,293.5,605.4,608.3,44.09,209.07,143.53,328.33,0.0,0.0,0.0,0.0,162649.4,-576669.0,392990.2,0.9406,79.059,823.7,7.28771,-75.84171,0.0,0,-1.0,-1.0,-1.0,-1.0,-1.0,0.0,0.0,0.0,0.0
1791578719.01,2544445.5,726.0,155323.2,155323.2,290.6,603.9,606.8,43.9,209.05,143.55,328.33,0.0,0.0,0.0,0.0,162649.4,-576669.0,392990.2,0.9406,79.059,823.7,7.30742,-75.84618,0.0,0,-1.0,-1.0,-1.0,-1.0,-1.0,0.0,0.0,0.0,0.0
1791578719.51,2544446.1,726.5,155467.8,155467.8,287.7,602.5,605.3,43.71,209.03,143.56,328.33,0.0,0.0,0.0,0.0,162649.4,-576669.0,392990.2,0.9406,79.059,823.7,7.32713,-75.85066,0.0,0,-1.0,-1.0,-1.0,-1.0,-1.0,0.0,0.0,0.0,0.0
1791578720.02,2544446.6,727.0,155610.9,155610.9,284.8,601.0,603.9,43.52,209.01,143.58,328.32,0.0,0.0,0.0,0.0,162649.4,-576669.0,392990.2,0.9406,79.059,823.7,7.34682,-75.85515,0.0,0,-1.0,-1.0,-1.0,-1.0,-1.0,0.0,0.0,0.0,0.0
1791578720.52,2544447.1,727.5,155758.2,155758.3,281.8,599.5,602.4,43.32,208.99,143.59,328.32,0.0,0.0,0.0,0.0,162649.4,-576669.0,392990.2,0.9406,79.059,823.7,7.3673,-75.85981,0.0,0,-1.0,-1.0,-1.0,-1.0,-1.0,0.0,0.0,0.0,0.0
1791578721.02,2544447.6,728.0,155892.8,155892.8,279.0,598.1,601.0,43.14,208.97,143.61,328.31,0.0,0.0,0.0,0.0,162649.4,-576669.0,392990.2,0.9406,79.059,823.7,7.3862,-75.86411,0.0,0,-1.0,-1.0,-1.0,-1.0,-1.0,0.0,0.0,0.0,0.0
1791578721.52,2544448.1,728.5,156037.1,156037.1,276.0,596.6,599.5,42.94,208.95,143.62,328.31,0.0,0.0,0.0,0.0,162649.4,-576669.0,392990.2,0.9406,79.059,823.7,7.40666,-75.86877,0.0,0,-1.0,-1.0,-1.0,-1.0,-1.0,0.0,0.0,0.0,0.0
1791578722.02,2544448.6,729.0,156174.4,156174.4,273.1,595.2,598.1,42.75,208.93,143.63,328.31,0.0,0.0,0.0,0.0,162649.4,-576669.0,392990.2,0.9406,79.059,823.7,7.42632,-75.87326,0.0,0,-1.0,-1.0,-1.0,-1.0,-1.0,0.0,0.0,0.0,0.0
1791578722.52,2544449.1,729.5,156310.2,156310.2,270.2,593.7,596.7,42.56,208.91,143.65,328.3,0.0,0.0,0.0,0.0,162649.4,-576669.0,392990.2,0.9406,79.059,823.7,7.44598,-75.87775,0.0,0,-1.0,-1.0,-1.0,-1.0,-1.0,0.0,0.0,0.0,0.0
1791578723.03,2544449.6,730.0,156444.6,156444.6,267.3,592.3,595.4,42.37,208.88,143.66,328.3,0.0,0.0,0.0,0.0,162649.4,-576669.0,392990.2,0.9406,79.059,823.7,7.46564,-75.88223,0.0,0,-1.0,-1.0,-1.0,-1.0,-1.0,0.0,0.0,0.0,0.0
1791578723.53,2544450.1,730.5,156577.5,156577.5,264.4,591.0,594.0,42.18,208.86,143.68,328.29,0.0,0.0,0.0,0.0,162649.4,-576669.0,392990.2,0.9406,79.059,823.7,7.48528,-75.88672,0.0,0,-1.0,-1.0,-1.0,-1.0,-1.0,0.0,0.0,0.0,0.0
1791578724.03,2544450.6,731.0,156708.9,156709.0,261.5,589.6,592.6,41.98,208.84,143.69,328.29,0.0,0.0,0.0,0.0,162649.4,-576669.0,392990.2,0.9406,79.059,823.7,7.50492,-75.89121,0.0,0,-1.0,-1.0,-1.0,-1.0,-1.0,0.0,0.0,0.0,0.0
1791578724.53,2544451.1,731.5,156844.1,156844.1,258.5,588.2,591.2,41.79,208.82,143.7,328.29,0.0,0.0,0.0,0.0,162649.4,-576669.0,392990.2,0.9406,79.059,823.7,7.52534,-75.89588,0.0,0,-1.0,-1.0,-1.0,-1.0,-1.0,0.0,0.0,0.0,0.0
1791578725.04,2544451.6,732.0,156972.6,156972.6,255.6,586.8,589.9,41.6,208.8,143.72,328.28,0.0,0.0,0.0,0.0,162649.4,-576669.0,392990.2,0.9406,79.059,823.7,7.54497,-75.90037,0.0,0,-1.0,-1.0,-1.0,-1.0,-1.0,0.0,0.0,0.0,0.0
1791578725.54,2544452.1,732.5,157099.7,157099.7,252.7,585.5,588.6,41.41,208.78,143.73,328.28,0.0,0.0,0.0,0.0,162649.4,-576669.0,392990.2,0.9406,79.059,823.7,7.56459,-75.90487,0.0,0,-1.0,-1.0,-1.0,-1.0,-1.0,0.0,0.0,0.0,0.0
1791578726.04,2544452.6,733.0,157225.3,157225.3,249.8,584.2,587.3,41.22,208.77,143.74,328.28,0.0,0.0,0.0,0.0,162649.4,-576669.0,392990.2,0.9406,79.059,823.7,7.5842,-75.90936,0.0,0,-1.0,-1.0,-1.0,-1.0,-1.0,0.0,0.0,0.0,0.0
1791578726.54,2544453.1,733.5,157349.5,157349.5,246.9,582.9,586.0,41.03,208.75,143.75,328.27,0.0,0.0,0.0,0.0,162649.4,-576669.0,392990.2,0.9406,79.059,823.7,7.6038,-75.91385,0.0,0,-1.0,-1.0,-1.0,-1.0,-1.0,0.0,0.0,0.0,0.0
1791578727.04,2544453.6,734.0,157472.2,157472.2,244.0,581.6,584.7,40.84,208.73,143.77,328.27,0.0,0.0,0.0,0.0,162649.4,-576669.0,392990.2,0.9406,79.059,823.7,7.6234,-75.91835,0.0,0,-1.0,-1.0,-1.0,-1.0,-1.0,0.0,0.0,0.0,0.0
1791578727.55,2544454.1,734.5,157593.4,157593.4,241.1,580.3,583.4,40.65,208.71,143.78,328.26,0.0,0.0,0.0,0.0,162649.4,-576669.0,392990.2,0.9406,79.059,823.7,7.643,-75.92284,0.0,0,-1.0,-1.0,-1.0,-1.0,-1.0,0.0,0.0,0.0,0.0
1791578728.05,2544454.6,735.0,157713.3,157713.3,238.2,579.0,582.2,40.46,208.69,143.79,328.26,0.0,0.0,0.0,0.0,162649.4,-576669.0,392990.2,0.9406,79.059,823.7,7.66258,-75.92734,0.0,0,-1.0,-1.0,-1.0,-1.0,-1.0,0.0,0.0,0.0,0.0
1791578728.55,2544455.1,735.5,157831.6,157831.6,235.3,577.7,580.9,40.27,208.67,143.8,328.26,0.0,0.0,0.0,0.0,162649.4,-576669.0,392990.2,0.9406,79.059,823.7,7.68216,-75.93184,0.0,0,-1.0,-1.0,-1.0,-1.0,-1.0,0.0,0.0,0.0,0.0
1791578729.06,2544455.6,736.0,157943.9,-1.0,232.6,576.5,579.8,40.08,208.65,143.82,328.25,0.0,0.0,0.0,0.0,162649.4,-576669.0,392990.2,0.9406,79.059,823.7,7.70096,-75.93616,0.0,0,-1.0,-1.0,-1.0,-1.0,-1.0,0.0,0.0,0.0,0.0
1791578729.56,2544456.1,736.5,158059.5,158059.5,229.6,575.3,578.5,39.89,208.63,143.83,328.25,0.0,0.0,0.0,0.0,162649.4,-576669.0,392990.2,0.9406,79.059,823.7,7.72053,-75.94066,0.0,0,-1.0,-1.0,-1.0,-1.0,-1.0,0.0,0.0,0.0,0.0
1791578730.06,2544456.4,737.0,158146.3,158146.3,227.4,574.4,577.6,39.75,208.62,143.84,328.25,0.0,0.0,0.0,0.0,162649.4,-576669.0,392990.2,0.9406,79.059,823.7,7.73539,-75.94408,0.0,0,-1.0,-1.0,-1.0,-1.0,-1.0,0.0,0.0,0.0,0.0
1791578730.56,2544456.9,737.5,158259.3,158259.3,224.5,573.2,576.4,39.56,208.6,143.85,328.24,0.0,0.0,0.0,0.0,162649.4,-576669.0,392990.2,0.9406,79.059,823.7,7.75495,-75.94858,0.0,0,-1.0,-1.0,-1.0,-1.0,-1.0,0.0,0.0,0.0,0.0
1791578731.07,2544457.4,738.0,158370.9,158370.9,221.7,572.0,575.2,39.37,208.58,143.86,328.24,0.0,0.0,0.0,0.0,162649.4,-576669.0,392990.2,0.9406,79.059,823.7,7.7745,-75.95308,0.0,0,-1.0,-1.0,-1.0,-1.0,-1.0,0.0,0.0,0.0,0.0
1791578731.57,2544457.9,738.5,158481.0,158481.0,218.8,570.8,574.1,39.18,208.57,143.87,328.23,0.0,0.0,0.0,0.0,162649.4,-576669.0,392990.2,0.9406,79.059,823.7,7.79405,-75.95758,0.0,0,-1.0,-1.0,-1.0,-1.0,-1.0,0.0,0.0,0.0,0.0
1791578732.07,2544458.4,739.0,158589.6,158589.6,215.9,569.6,572.9,38.98,208.55,143.88,328.23,0.0,0.0,0.0,0.0,162649.4,-576669.0,392990.2,0.9406,79.059,823.7,7.81359,-75.96209,0.0,0,-1.0,-1.0,-1.0,-1.0,-1.0,0.0,0.0,0.0,0.0
1791578732.57,2544458.9,739.5,158696.9,158696.9,213.0,568.5,571.8,38.79,208.53,143.89,328.23,0.0,0.0,0.0,0.0,162649.4,-576669.0,392990.2,0.9406,79.059,823.7,7.83313,-75.96659,0.0,0,-1.0,-1.0,-1.0,-1.0,-1.0,0.0,0.0,0.0,0.0
1791578733.07,2544459.4,740.0,158802.6,158802.6,210.1,567.3,570.6,38.6,208.51,143.9,328.22,0.0,0.0,0.0,0.0,162649.4,-576669.0,392990.2,0.9406,79.059,823.7,7.85266,-75.97109,0.0,0,-1.0,-1.0,-1.0,-1.0,-1.0,0.0,0.0,0.0,0.0
1791578733.57,2544460.0,740.5,158907.0,158907.0,207.2,566.2,569.5,38.41,208.5,143.92,328.22,0.0,0.0,0.0,0.0,162649.4,-576669.0,392990.2,0.9406,79.059,823.7,7.87218,-75.9756,0.0,0,-1.0,-1.0,-1.0,-1.0,-1.0,0.0,0.0,0.0,0.0
1791578734.08,2544460.5,741.0,159014.0,159014.0,204.2,565.0,568.4,38.21,208.48,143.93,328.21,0.0,0.0,0.0,0.0,162649.4,-576669.0,392990.2,0.9406,79.059,823.7,7.89248,-75.98029,0.0,0,-1.0,-1.0,-1.0,-1.0,-1.0,0.0,0.0,0.0,0.0
1791578734.58,2544461.0,741.5,159115.4,159115.4,201.4,563.9,567.3,38.02,208.46,143.94,328.21,0.0,0.0,0.0,0.0,162649.4,-576669.0,392990.2,0.9406,79.059,823.7,7.912,-75.98479,0.0,0,-1.0,-1.0,-1.0,-1.0,-1.0,0.0,0.0,0.0,0.0
1791578735.08,2544461.5,742.0,159215.3,159215.3,198.5,562.9,566.2,37.83,208.44,143.95,328.21,0.0,0.0,0.0,0.0,162649.4,-576669.0,392990.2,0.9406,79.059,823.7,7.9315,-75.9893,0.0,0,-1.0,-1.0,-1.0,-1.0,-1.0,0.0,0.0,0.0,0.0
1791578735.58,2544462.0,742.5,159313.9,159313.8,195.6,561.8,565.2,37.64,208.43,143.96,328.2,0.0,0.0,0.0,0.0,162649.4,-576669.0,392990.2,0.9406,79.059,823.7,7.95101,-75.99381,0.0,0,-1.0,-1.0,-1.0,-1.0,-1.0,0.0,0.0,0.0,0.0
1791578736.08,2544462.5,743.0,159410.9,159410.9,192.7,560.7,564.1,37.45,208.41,143.97,328.2,0.0,0.0,0.0,0.0,162649.4,-576669.0,392990.2,0.9406,79.059,823.7,7.97051,-75.99832,0.0,0,-1.0,-1.0,-1.0,-1.0,-1.0,0.0,0.0,0.0,0.0
1791578736.59,2544463.0,743.5,159506.6,159506.6,189.8,559.7,563.1,37.26,208.39,143.98,328.2,0.0,0.0,0.0,0.0,162649.4,-576669.0,392990.2,0.9406,79.059,823.7,7.99,-76.00282,0.0,0,-1.0,-1.0,-1.0,-1.0,-1.0,0.0,0.0,0.0,0.0
1791578737.09,2544463.5,744.0,159600.8,159600.8,187.0,558.6,562.1,37.07,208.38,143.99,328.19,0.0,0.0,0.0,0.0,162649.4,-576669.0,392990.2,0.9406,79.059,823.7,8.00949,-76.00733,0.0,0,-1.0,-1.0,-1.0,-1.0,-1.0,0.0,0.0,0.0,0.0
1791578737.59,2544464.0,744.5,159693.5,159693.5,184.1,557.6,561.1,36.88,208.36,144.0,328.19,0.0,0.0,0.0,0.0,162649.4,-576669.0,392990.2,0.9406,79.059,823.7,8.02897,-76.01185,0.0,0,-1.0,-1.0,-1.0,-1.0,-1.0,0.0,0.0,0.0,0.0
1791578738.09,2544464.5,745.0,159784.9,159784.9,181.2,556.6,560.1,36.69,208.35,144.01,328.18,0.0,0.0,0.0,0.0,162649.4,-576669.0,392990.2,0.9406,79.059,823.7,8.04845,-76.01636,0.0,0,-1.0,-1.0,-1.0,-1.0,-1.0,0.0,0.0,0.0,0.0
1791578738.59,2544465.0,745.5,159874.7,159874.8,178.3,555.6,559.1,36.5,208.33,144.02,328.18,0.0,0.0,0.0,0.0,162649.4,-576669.0,392990.2,0.9406,79.059,823.7,8.06792,-76.02087,0.0,0,-1.0,-1.0,-1.0,-1.0,-1.0,0.0,0.0,0.0,0.0
1791578739.09,2544465.5,746.0,159963.2,159963.2,175.5,554.7,558.1,36.31,208.31,144.03,328.18,0.0,0.0,0.0,0.0,162649.4,-576669.0,392990.2,0.9406,79.059,823.7,8.08739,-76.02538,0.0,0,-1.0,-1.0,-1.0,-1.0,-1.0,0.0,0.0,0.0,0.0
1791578739.6,2544466.0,746.5,160053.7,160053.7,172.5,553.7,557.2,36.11,208.3,144.04,328.17,0.0,0.0,0.0,0.0,162649.4,-576669.0,392990.2,0.9406,79.059,823.7,8.10764,-76.03007,0.0,0,-1.0,-1.0,-1.0,-1.0,-1.0,0.0,0.0,0.0,0.0
1791578740.1,2544466.5,747.0,160139.2,160139.2,169.6,552.7,556.2,35.92,208.28,144.05,328.17,0.0,0.0,0.0,0.0,162649.4,-576669.0,392990.2,0.9406,79.059,823.7,8.1271,-76.03459,0.0,0,-1.0,-1.0,-1.0,-1.0,-1.0,0.0,0.0,0.0,0.0
1791578740.6,2544467.0,747.6,160223.2,160223.3,166.7,551.8,555.3,35.73,208.27,144.06,328.16,0.0,0.0,0.0,0.0,162649.4,-576669.0,392990.2,0.9406,79.059,823.7,8.14655,-76.0391,0.0,0,-1.0,-1.0,-1.0,-1.0,-1.0,0.0,0.0,0.0,0.0
1791578741.1,2544467.5,748.1,160305.9,160305.9,163.8,550.9,554.4,35.54,208.25,144.07,328.16,0.0,0.0,0.0,0.0,162649.4,-576669.0,392990.2,0.9406,79.059,823.7,8.166,-76.04361,0.0,0,-1.0,-1.0,-1.0,-1.0,-1.0,0.0,0.0,0.0,0.0
1791578741.6,2544468.0,748.6,160387.1,160387.1,161.0,550.0,553.5,35.35,208.23,144.08,328.16,0.0,0.0,0.0,0.0,162649.4,-576669.0,392990.2,0.9406,79.059,823.7,8.18545,-76.04813,0.0,0,-1.0,-1.0,-1.0,-1.0,-1.0,0.0,0.0,0.0,0.0
1791578742.1,2544468.5,749.1,160466.9,160466.9,158.1,549.1,552.6,35.16,208.22,144.09,328.15,0.0,0.0,0.0,0.0,162649.4,-576669.0,392990.2,0.9406,79.059,823.7,8.20489,-76.05264,0.0,0,-1.0,-1.0,-1.0,-1.0,-1.0,0.0,0.0,0.0,0.0
1791578742.6,2544469.0,749.6,160545.2,160545.2,155.2,548.2,551.8,34.97,208.2,144.09,328.15,0.0,0.0,0.0,0.0,162649.4,-576669.0,392990.2,0.9406,79.059,823.7,8.22433,-76.05716,0.0,0,-1.0,-1.0,-1.0,-1.0,-1.0,0.0,0.0,0.0,0.0
1791578743.11,2544469.5,750.1,160622.1,160622.1,152.4,547.4,550.9,34.78,208.19,144.1,328.15,0.0,0.0,0.0,0.0,162649.4,-576669.0,392990.2,0.9406,79.059,823.7,8.24377,-76.06167,0.0,0,-1.0,-1.0,-1.0,-1.0,-1.0,0.0,0.0,0.0,0.0
1791578743.61,2544470.0,750.6,160697.6,160697.5,149.5,546.5,550.1,34.59,208.17,144.11,328.14,0.0,0.0,0.0,0.0,162649.4,-576669.0,392990.2,0.9406,79.059,823.7,8.2632,-76.06619,0.0,0,-1.0,-1.0,-1.0,-1.0,-1.0,0.0,0.0,0.0,0.0
1791578744.11,2544470.5,751.1,160771.6,160771.6,146.6,545.7,549.3,34.39,208.16,144.12,328.14,0.0,0.0,0.0,0.0,162649.4,-576669.0,392990.2,0.9406,79.059,823.7,8.28263,-76.07071,0.0,0,-1.0,-1.0,-1.0,-1.0,-1.0,0.0,0.0,0.0,0.0
1791578744.61,2544471.0,751.6,160844.2,160844.2,143.7,544.9,548.5,34.2,208.14,144.13,328.13,0.0,0.0,0.0,0.0,162649.4,-576669.0,392990.2,0.9406,79.059,823.7,8.30205,-76.07522,0.0,0,-1.0,-1.0,-1.0,-1.0,-1.0,0.0,0.0,0.0,0.0
1791578745.11,2544471.5,752.1,160918.1,160918.1,140.8,544.0,547.6,34.01,208.13,144.14,328.13,0.0,0.0,0.0,0.0,162649.4,-576669.0,392990.2,0.9406,79.059,823.7,8.32225,-76.07992,0.0,0,-1.0,-1.0,-1.0,-1.0,-1.0,0.0,0.0,0.0,0.0
1791578745.62,2544472.0,752.6,160987.8,160987.8,137.9,543.3,546.9,33.82,208.11,144.15,328.13,0.0,0.0,0.0,0.0,162649.4,-576669.0,392990.2,0.9406,79.059,823.7,8.34166,-76.08444,0.0,0,-1.0,-1.0,-1.0,-1.0,-1.0,0.0,0.0,0.0,0.0
1791578746.12,2544472.5,753.1,161056.0,161056.0,135.0,542.5,546.1,33.62,208.1,144.16,328.12,0.0,0.0,0.0,0.0,162649.4,-576669.0,392990.2,0.9406,79.059,823.7,8.36108,-76.08896,0.0,0,-1.0,-1.0,-1.0,-1.0,-1.0,0.0,0.0,0.0,0.0
1791578746.62,2544473.0,753.6,161122.8,161122.8,132.2,541.7,545.4,33.43,208.08,144.16,328.12,0.0,0.0,0.0,0.0,162649.4,-576669.0,392990.2,0.9406,79.059,823.7,8.38049,-76.09347,0.0,0,-1.0,-1.0,-1.0,-1.0,-1.0,0.0,0.0,0.0,0.0
1791578747.12,2544473.5,754.1,161188.2,161188.2,129.3,541.0,544.6,33.24,208.07,144.17,328.12,0.0,0.0,0.0,0.0,162649.4,-576669.0,392990.2,0.9406,79.059,823.7,8.39989,-76.09799,0.0,0,-1.0,-1.0,-1.0,-1.0,-1.0,0.0,0.0,0.0,0.0
1791578747.62,2544474.0,754.6,161252.1,161252.1,126.4,540.3,543.9,33.05,208.06,144.18,328.11,0.0,0.0,0.0,0.0,162649.4,-576669.0,392990.2,0.9406,79.059,823.7,8.41929,-76.10251,0.0,0,-1.0,-1.0,-1.0,-1.0,-1.0,0.0,0.0,0.0,0.0
1791578748.12,2544474.5,755.1,161314.6,161314.6,123.6,539.6,543.2,32.86,208.04,144.19,328.11,0.0,0.0,0.0,0.0,162649.4,-576669.0,392990.2,0.9406,79.059,823.7,8.43869,-76.10703,0.0,0,-1.0,-1.0,-1.0,-1.0,-1.0,0.0,0.0,0.0,0.0
1791578748.63,2544475.0,755.6,161375.7,161375.7,120.7,538.9,542.6,32.67,208.03,144.2,328.1,0.0,0.0,0.0,0.0,162649.4,-576669.0,392990.2,0.9406,79.059,823.7,8.45809,-76.11155,0.0,0,-1.0,-1.0,-1.0,-1.0,-1.0,0.0,0.0,0.0,0.0
1791578749.13,2544475.5,756.1,161430.6,161430.6,118.1,538.3,541.9,32.5,208.01,144.2,328.1,0.0,0.0,0.0,0.0,162649.4,-576669.0,392990.2,0.9406,79.059,823.7,8.47593,-76.11571,0.0,0,-1.0,-1.0,-1.0,-1.0,-1.0,0.0,0.0,0.0,0.0
1791578749.63,2544476.0,756.6,161491.2,161491.3,115.1,537.6,541.3,32.3,208.0,144.21,328.1,0.0,0.0,0.0,0.0,162649.4,-576669.0,392990.2,0.9406,79.059,823.7,8.4961,-76.12041,0.0,0,-1.0,-1.0,-1.0,-1.0,-1.0,0.0,0.0,0.0,0.0
1791578750.13,2544476.5,757.1,161548.1,161548.1,112.2,536.9,540.6,32.11,207.99,144.22,328.09,0.0,0.0,0.0,0.0,162649.4,-576669.0,392990.2,0.9406,79.059,823.7,8.51548,-76.12493,0.0,0,-1.0,-1.0,-1.0,-1.0,-1.0,0.0,0.0,0.0,0.0
1791578750.63,2544476.9,757.6,161599.1,161599.1,109.6,536.4,540.0,31.93,207.97,144.23,328.09,0.0,0.0,0.0,0.0,162649.4,-576669.0,392990.2,0.9406,79.059,823.7,8.53332,-76.12909,0.0,0,-1.0,-1.0,-1.0,-1.0,-1.0,0.0,0.0,0.0,0.0
1791578751.13,2544477.0,758.1,161610.0,161610.0,109.0,536.2,539.9,31.89,207.97,144.23,328.09,0.0,0.0,0.0,0.0,162649.4,-576669.0,392990.2,0.9406,79.059,823.7,8.53719,-76.12999,0.0,0,-1.0,-1.0,-1.0,-1.0,-1.0,0.0,0.0,0.0,0.0
1791578751.63,2544477.0,758.6,161610.0,161610.0,109.0,536.2,539.9,31.89,207.97,144.23,328.09,0.0,0.0,0.0,0.0,162649.4,-576669.0,392990.2,0.9406,79.059,823.7,8.53719,-76.12999,0.0,0,-1.0,-1.0,-1.0,-1.0,-1.0,0.0,0.0,0.0,0.0
1791578752.14,2544477.1,759.1,161614.4,161614.4,108.8,536.2,539.9,31.88,207.97,144.23,328.09,0.0,0.0,0.0,0.0,162649.4,-576669.0,392990.2,0.9406,79.059,823.7,8.53874,-76.13035,0.0,0,-1.0,-1.0,-1.0,-1.0,-1.0,0.0,0.0,0.0,0.0
1791578752.64,2544477.1,759.6,161614.4,161614.4,108.8,536.2,539.9,31.88,207.97,144.23,328.09,0.0,0.0,0.0,0.0,162649.4,-576669.0,392990.2,0.9406,79.059,823.7,8.53874,-76.13035,0.0,0,-1.0,-1.0,-1.0,-1.0,-1.0,0.0,0.0,0.0,0.0
1791578753.14,2544477.1,760.1,161618.7,161618.7,108.6,536.1,539.8,31.86,207.97,144.23,328.09,0.0,0.0,0.0,0.0,162649.4,-576669.0,392990.2,0.9406,79.059,823.7,8.54029,-76.13071,0.0,0,-1.0,-1.0,-1.0,-1.0,-1.0,0.0,0.0,0.0,0.0
1791578753.64,2544477.1,760.6,161618.7,161618.7,108.6,536.1,539.8,31.86,207.97,144.23,328.09,0.0,0.0,0.0,0.0,162649.4,-576669.0,392990.2,0.9406,79.059,823.7,8.54029,-76.13071,0.0,0,-1.0,-1.0,-1.0,-1.0,-1.0,0.0,0.0,0.0,0.0
1791578754.14,2544477.2,761.1,161623.1,161623.1,108.3,536.1,539.8,31.85,207.97,144.23,328.09,0.0,0.0,0.0,0.0,162649.4,-576669.0,392990.2,0.9406,79.059,823.7,8.54184,-76.13108,0.0,0,-1.0,-1.0,-1.0,-1.0,-1.0,0.0,0.0,0.0,0.0
1791578754.64,2544477.2,761.6,161623.1,161623.1,108.3,536.1,539.8,31.85,207.97,144.23,328.09,0.0,0.0,0.0,0.0,162649.4,-576669.0,392990.2,0.9406,79.059,823.7,8.54184,-76.13108,0.0,0,-1.0,-1.0,-1.0,-1.0,-1.0,0.0,0.0,0.0,0.0
1791578755.15,2544477.2,762.1,161627.4,161627.4,108.1,536.0,539.7,31.83,207.97,144.23,328.09,0.0,0.0,0.0,0.0,162649.4,-576669.0,392990.2,0.9406,79.059,823.7,8.54339,-76.13144,0.0,0,-1.0,-1.0,-1.0,-1.0,-1.0,0.0,0.0,0.0,0.0
1791578755.65,2544477.2,762.6,161627.4,161627.4,108.1,536.0,539.7,31.83,207.97,144.23,328.09,0.0,0.0,0.0,0.0,162649.4,-576669.0,392990.2,0.9406,79.059,823.7,8.54339,-76.13144,0.0,0,-1.0,-1.0,-1.0,-1.0,-1.0,0.0,0.0,0.0,0.0
1791578756.16,2544477.2,763.1,161631.7,161631.7,107.9,536.0,539.7,31.82,207.96,144.23,328.09,0.0,0.0,0.0,0.0,162649.4,-576669.0,392990.2,0.9406,79.059,823.7,8.54495,-76.1318,0.0,0,-1.0,-1.0,-1.0,-1.0,-1.0,0.0,0.0,0.0,0.0
1791578756.66,2544477.2,763.6,161631.7,161631.7,107.9,536.0,539.7,31.82,207.96,144.23,328.09,0.0,0.0,0.0,0.0,162649.4,-576669.0,392990.2,0.9406,79.059,823.7,8.54495,-76.1318,0.0,0,-1.0,-1.0,-1.0,-1.0,-1.0,0.0,0.0,0.0,0.0
1791578757.16,2544477.3,764.1,161636.0,161636.0,107.6,535.9,539.6,31.8,207.96,144.23,328.09,0.0,0.0,0.0,0.0,162649.4,-576669.0,392990.2,0.9406,79.059,823.7,8.5465,-76.13216,0.0,0,-1.0,-1.0,-1.0,-1.0,-1.0,0.0,0.0,0.0,0.0
1791578757.67,2544477.3,764.6,161636.0,161636.0,107.6,535.9,539.6,31.8,207.96,144.23,328.09,0.0,0.0,0.0,0.0,162649.4,-576669.0,392990.2,0.9406,79.059,823.7,8.5465,-76.13216,0.0,0,-1.0,-1.0,-1.0,-1.0,-1.0,0.0,0.0,0.0,0.0
1791578758.18,2544477.3,765.1,161640.3,161640.3,107.4,535.9,539.6,31.79,207.96,144.23,328.09,0.0,0.0,0.0,0.0,162649.4,-576669.0,392990.2,0.9406,79.059,823.7,8.54805,-76.13252,0.0,0,-1.0,-1.0,-1.0,-1.0,-1.0,0.0,0.0,0.0,0.0
1791578758.68,2544477.3,765.6,161640.3,161640.3,107.4,535.9,539.6,31.79,207.96,144.23,328.09,0.0,0.0,0.0,0.0,162649.4,-576669.0,392990.2,0.9406,79.059,823.7,8.54805,-76.13252,0.0,0,-1.0,-1.0,-1.0,-1.0,-1.0,0.0,0.0,0.0,0.0
1791578759.2,2544477.4,766.1,161644.6,161644.6,107.2,535.8,539.5,31.77,207.96,144.23,328.09,0.0,0.0,0.0,0.0,162649.4,-576669.0,392990.2,0.9406,79.059,823.7,8.5496,-76.13288,0.0,0,-1.0,-1.0,-1.0,-1.0,-1.0,0.0,0.0,0.0,0.0
1791578759.7,2544477.4,766.7,161644.6,161644.6,107.2,535.8,539.5,31.77,207.96,144.23,328.09,0.0,0.0,0.0,0.0,162649.4,-576669.0,392990.2,0.9406,79.059,823.7,8.5496,-76.13288,0.0,0,-1.0,-1.0,-1.0,-1.0,-1.0,0.0,0.0,0.0,0.0
1791578760.2,2544477.4,767.2,161648.9,161648.9,107.0,535.8,539.5,31.76,207.96,144.23,328.09,0.0,0.0,0.0,0.0,162649.4,-576669.0,392990.2,0.9406,79.059,823.7,8.55115,-76.13325,0.0,0,-1.0,-1.0,-1.0,-1.0,-1.0,0.0,0.0,0.0,0.0
1791578760.71,2544477.4,767.7,161648.9,161648.9,107.0,535.8,539.5,31.76,207.96,144.23,328.09,0.0,0.0,0.0,0.0,162649.4,-576669.0,392990.2,0.9406,79.059,823.7,8.55115,-76.13325,0.0,0,-1.0,-1.0,-1.0,-1.0,-1.0,0.0,0.0,0.0,0.0
1791578761.22,2544477.4,768.2,161653.2,161653.2,106.7,535.7,539.4,31.74,207.96,144.23,328.09,0.0,0.0,0.0,0.0,162649.4,-576669.0,392990.2,0.9406,79.059,823.7,8.5527,-76.13361,0.0,0,-1.0,-1.0,-1.0,-1.0,-1.0,0.0,0.0,0.0,0.0
1791578761.72,2544477.4,768.7,161653.2,161653.2,106.7,535.7,539.4,31.74,207.96,144.23,328.09,0.0,0.0,0.0,0.0,162649.4,-576669.0,392990.2,0.9406,79.059,823.7,8.5527,-76.13361,0.0,0,-1.0,-1.0,-1.0,-1.0,-1.0,0.0,0.0,0.0,0.0
1791578762.22,2544477.5,769.2,161657.4,161657.4,106.5,535.7,539.4,31.73,207.96,144.23,328.08,0.0,0.0,0.0,0.0,162649.4,-576669.0,392990.2,0.9406,79.059,823.7,8.55425,-76.13397,0.0,0,-1.0,-1.0,-1.0,-1.0,-1.0,0.0,0.0,0.0,0.0
1791578762.73,2544477.5,769.7,161657.4,161657.4,106.5,535.7,539.4,31.73,207.96,144.23,328.08,0.0,0.0,0.0,0.0,162649.4,-576669.0,392990.2,0.9406,79.059,823.7,8.55425,-76.13397,0.0,0,-1.0,-1.0,-1.0,-1.0,-1.0,0.0,0.0,0.0,0.0
1791578763.24,2544477.5,770.2,161661.7,161661.7,106.3,535.6,539.3,31.71,207.96,144.23,328.08,0.0,0.0,0.0,0.0,162649.4,-576669.0,392990.2,0.9406,79.059,823.7,8.5558,-76.13433,0.0,0,-1.0,-1.0,-1.0,-1.0,-1.0,0.0,0.0,0.0,0.0
1791578763.74,2544477.5,770.7,161661.7,161661.7,106.3,535.6,539.3,31.71,207.96,144.23,328.08,0.0,0.0,0.0,0.0,162649.4,-576669.0,392990.2,0.9406,79.059,823.7,8.5558,-76.13433,0.0,0,-1.0,-1.0,-1.0,-1.0,-1.0,0.0,0.0,0.0,0.0
1791578764.24,2544477.6,771.2,161665.9,161665.9,106.0,535.6,539.3,31.7,207.96,144.24,328.08,0.0,0.0,0.0,0.0,162649.4,-576669.0,392990.2,0.9406,79.059,823.7,8.55735,-76.13469,0.0,0,-1.0,-1.0,-1.0,-1.0,-1.0,0.0,0.0,0.0,0.0
1791578764.75,2544477.6,771.7,161665.9,161665.9,106.0,535.6,539.3,31.7,207.96,144.24,328.08,0.0,0.0,0.0,0.0,162649.4,-576669.0,392990.2,0.9406,79.059,823.7,8.55735,-76.13469,0.0,0,-1.0,-1.0,-1.0,-1.0,-1.0,0.0,0.0,0.0,0.0
1791578765.25,2544477.6,772.2,161670.2,161670.2,105.8,535.6,539.2,31.68,207.96,144.24,328.08,0.0,0.0,0.0,0.0,162649.4,-576669.0,392990.2,0.9406,79.059,823.7,8.5589,-76.13505,0.0,0,-1.0,-1.0,-1.0,-1.0,-1.0,0.0,0.0,0.0,0.0
1791578765.75,2544477.6,772.7,161670.2,161670.2,105.8,535.6,539.2,31.68,207.96,144.24,328.08,0.0,0.0,0.0,0.0,162649.4,-576669.0,392990.2,0.9406,79.059,823.7,8.5589,-76.13505,0.0,0,-1.0,-1.0,-1.0,-1.0,-1.0,0.0,0.0,0.0,0.0
1791578766.25,2544477.6,773.2,161674.4,161674.4,105.6,535.5,539.2,31.67,207.95,144.24,328.08,0.0,0.0,0.0,0.0,162649.4,-576669.0,392990.2,0.9406,79.059,823.7,8.56045,-76.13541,0.0,0,-1.0,-1.0,-1.0,-1.0,-1.0,0.0,0.0,0.0,0.0
1791578766.76,2544477.6,773.7,161674.4,161674.4,105.6,535.5,539.2,31.67,207.95,144.24,328.08,0.0,0.0,0.0,0.0,162649.4,-576669.0,392990.2,0.9406,79.059,823.7,8.56045,-76.13541,0.0,0,-1.0,-1.0,-1.0,-1.0,-1.0,0.0,0.0,0.0,0.0
1791578767.26,2544477.7,774.2,161678.6,161678.6,105.3,535.5,539.2,31.65,207.95,144.24,328.08,0.0,0.0,0.0,0.0,162649.4,-576669.0,392990.2,0.9406,79.059,823.7,8.562,-76.13578,0.0,0,-1.0,-1.0,-1.0,-1.0,-1.0,0.0,0.0,0.0,0.0
1791578767.76,2544477.7,774.7,161678.6,161678.6,105.3,535.5,539.2,31.65,207.95,144.24,328.08,0.0,0.0,0.0,0.0,162649.4,-576669.0,392990.2,0.9406,79.059,823.7,8.562,-76.13578,0.0,0,-1.0,-1.0,-1.0,-1.0,-1.0,0.0,0.0,0.0,0.0
1791578768.26,2544477.7,775.2,161682.8,161682.8,105.1,535.4,539.1,31.63,207.95,144.24,328.08,0.0,0.0,0.0,0.0,162649.4,-576669.0,392990.2,0.9406,79.059,823.7,8.56355,-76.13614,0.0,0,-1.0,-1.0,-1.0,-1.0,-1.0,0.0,0.0,0.0,0.0
1791578768.76,2544477.7,775.7,161682.8,161682.8,105.1,535.4,539.1,31.63,207.95,144.24,328.08,0.0,0.0,0.0,0.0,162649.4,-576669.0,392990.2,0.9406,79.059,823.7,8.56355,-76.13614,0.0,0,-1.0,-1.0,-1.0,-1.0,-1.0,0.0,0.0,0.0,0.0
1791578769.27,2544477.8,776.2,161687.0,161687.0,104.9,535.4,539.1,31.62,207.95,144.24,328.08,0.0,0.0,0.0,0.0,162649.4,-576669.0,392990.2,0.9406,79.059,823.7,8.5651,-76.1365,0.0,0,-1.0,-1.0,-1.0,-1.0,-1.0,0.0,0.0,0.0,0.0
1791578769.77,2544477.8,776.7,161687.0,161687.0,104.9,535.4,539.1,31.62,207.95,144.24,328.08,0.0,0.0,0.0,0.0,162649.4,-576669.0,392990.2,0.9406,79.059,823.7,8.5651,-76.1365,0.0,0,-1.0,-1.0,-1.0,-1.0,-1.0,0.0,0.0,0.0,0.0
1791578770.27,2544477.8,777.2,161691.2,161691.2,104.7,535.3,539.0,31.6,207.95,144.24,328.08,0.0,0.0,0.0,0.0,162649.4,-576669.0,392990.2,0.9406,79.059,823.7,8.56665,-76.13686,0.0,0,-1.0,-1.0,-1.0,-1.0,-1.0,0.0,0.0,0.0,0.0
1791578770.77,2544477.8,777.7,161691.2,161691.2,104.7,535.3,539.0,31.6,207.95,144.24,328.08,0.0,0.0,0.0,0.0,162649.4,-576669.0,392990.2,0.9406,79.059,823.7,8.56665,-76.13686,0.0,0,-1.0,-1.0,-1.0,-1.0,-1.0,0.0,0.0,0.0,0.0
1791578771.27,2544478.0,778.2,161710.0,161710.0,103.6,535.1,538.8,31.54,207.94,144.24,328.08,0.0,0.0,0.0,0.0,162649.4,-576669.0,392990.2,0.9406,79.059,823.7,8.57363,-76.13849,0.0,0,-1.0,-1.0,-1.0,-1.0,-1.0,0.0,0.0,0.0,0.0
1791578771.78,2544478.5,778.7,161759.1,161759.0,100.9,534.5,538.2,31.35,207.93,144.25,328.08,0.0,0.0,0.0,0.0,162649.4,-576669.0,392990.2,0.9406,79.059,823.7,8.59223,-76.14283,0.0,0,-1.0,-1.0,-1.0,-1.0,-1.0,0.0,0.0,0.0,0.0
1791578772.29,2544479.0,779.2,161808.8,161808.8,98.0,534.0,537.7,31.16,207.92,144.26,328.07,0.0,0.0,0.0,0.0,162649.4,-576669.0,392990.2,0.9406,79.059,823.7,8.6116,-76.14735,0.0,0,-1.0,-1.0,-1.0,-1.0,-1.0,0.0,0.0,0.0,0.0
1791578772.79,2544479.5,779.7,161859.0,161859.0,95.0,533.4,537.1,30.96,207.9,144.26,328.07,0.0,0.0,0.0,0.0,162649.4,-576669.0,392990.2,0.9406,79.059,823.7,8.63175,-76.15205,0.0,0,-1.0,-1.0,-1.0,-1.0,-1.0,0.0,0.0,0.0,0.0
1791578773.29,2544480.0,780.2,161905.8,161905.8,92.2,532.9,536.6,30.77,207.89,144.27,328.07,0.0,0.0,0.0,0.0,162649.4,-576669.0,392990.2,0.9406,79.059,823.7,8.65111,-76.15657,0.0,0,-1.0,-1.0,-1.0,-1.0,-1.0,0.0,0.0,0.0,0.0
1791578773.8,2544480.3,780.7,161938.6,161938.6,90.1,532.5,536.2,30.64,207.88,144.28,328.06,0.0,0.0,0.0,0.0,162649.4,-576669.0,392990.2,0.9406,79.059,823.7,8.66506,-76.15983,0.0,0,-1.0,-1.0,-1.0,-1.0,-1.0,0.0,0.0,0.0,0.0
1791578774.3,2544480.8,781.2,161983.0,161983.0,87.3,532.0,535.7,30.45,207.87,144.28,328.06,0.0,0.0,0.0,0.0,162649.4,-576669.0,392990.2,0.9406,79.059,823.7,8.68442,-76.16435,0.0,0,-1.0,-1.0,-1.0,-1.0,-1.0,0.0,0.0,0.0,0.0
1791578774.8,2544481.3,781.8,162025.9,162025.9,84.4,531.5,535.2,30.25,207.86,144.29,328.06,0.0,0.0,0.0,0.0,162649.4,-576669.0,392990.2,0.9406,79.059,823.7,8.70378,-76.16887,0.0,0,-1.0,-1.0,-1.0,-1.0,-1.0,0.0,0.0,0.0,0.0
1791578775.3,2544481.8,782.3,162067.4,162067.4,81.5,531.0,534.8,30.06,207.84,144.3,328.05,0.0,0.0,0.0,0.0,162649.4,-576669.0,392990.2,0.9406,79.059,823.7,8.72314,-76.17339,0.0,0,-1.0,-1.0,-1.0,-1.0,-1.0,0.0,0.0,0.0,0.0
1791578775.8,2544482.3,782.8,162105.8,162105.8,78.8,530.6,534.3,29.88,207.83,144.3,328.05,0.0,0.0,0.0,0.0,162649.4,-576669.0,392990.2,0.9406,79.059,823.7,8.74173,-76.17773,0.0,0,-1.0,-1.0,-1.0,-1.0,-1.0,0.0,0.0,0.0,0.0
1791578776.31,2544482.8,783.3,162144.5,162144.5,75.9,530.1,533.9,29.69,207.82,144.31,328.04,0.0,0.0,0.0,0.0,162649.4,-576669.0,392990.2,0.9406,79.059,823.7,8.76108,-76.18225,0.0,0,-1.0,-1.0,-1.0,-1.0,-1.0,0.0,0.0,0.0,0.0
1791578776.81,2544483.3,783.8,162181.8,162181.8,73.1,529.7,533.5,29.5,207.81,144.32,328.04,0.0,0.0,0.0,0.0,162649.4,-576669.0,392990.2,0.9406,79.059,823.7,8.78044,-76.18677,0.0,0,-1.0,-1.0,-1.0,-1.0,-1.0,0.0,0.0,0.0,0.0
1791578777.31,2544483.8,784.3,162219.0,162219.0,70.1,529.3,533.0,29.3,207.79,144.32,328.04,0.0,0.0,0.0,0.0,162649.4,-576669.0,392990.2,0.9406,79.059,823.7,8.80056,-76.19147,0.0,0,-1.0,-1.0,-1.0,-1.0,-1.0,0.0,0.0,0.0,0.0
1791578777.81,2544484.3,784.8,162253.4,162253.4,67.2,528.9,532.6,29.11,207.78,144.33,328.03,0.0,0.0,0.0,0.0,162649.4,-576669.0,392990.2,0.9406,79.059,823.7,8.81991,-76.19599,0.0,0,-1.0,-1.0,-1.0,-1.0,-1.0,0.0,0.0,0.0,0.0
1791578778.31,2544484.8,785.3,162286.3,162286.3,64.4,528.5,532.3,28.92,207.77,144.34,328.03,0.0,0.0,0.0,0.0,162649.4,-576669.0,392990.2,0.9406,79.059,823.7,8.83926,-76.20051,0.0,0,-1.0,-1.0,-1.0,-1.0,-1.0,0.0,0.0,0.0,0.0
1791578778.82,2544485.3,785.8,162317.7,162317.8,61.5,528.1,531.9,28.73,207.75,144.34,328.02,0.0,0.0,0.0,0.0,162649.4,-576669.0,392990.2,0.9406,79.059,823.7,8.85861,-76.20503,0.0,0,-1.0,-1.0,-1.0,-1.0,-1.0,0.0,0.0,0.0,0.0
1791578779.32,2544485.8,786.3,162347.8,162347.8,58.7,527.8,531.6,28.54,207.74,144.35,328.02,0.0,0.0,0.0,0.0,162649.4,-576669.0,392990.2,0.9406,79.059,823.7,8.87795,-76.20956,0.0,0,-1.0,-1.0,-1.0,-1.0,-1.0,0.0,0.0,0.0,0.0
1791578779.82,2544486.3,786.8,162376.4,162376.4,55.8,527.5,531.2,28.35,207.73,144.35,328.02,0.0,0.0,0.0,0.0,162649.4,-576669.0,392990.2,0.9406,79.059,823.7,8.89729,-76.21408,0.0,0,-1.0,-1.0,-1.0,-1.0,-1.0,0.0,0.0,0.0,0.0
1791578780.32,2544486.9,787.3,162403.6,162403.6,53.0,527.2,530.9,28.16,207.72,144.36,328.01,0.0,0.0,0.0,0.0,162649.4,-576669.0,392990.2,0.9406,79.059,823.7,8.91664,-76.2186,0.0,0,-1.0,-1.0,-1.0,-1.0,-1.0,0.0,0.0,0.0,0.0
1791578780.83,2544487.4,787.8,162429.4,162429.4,50.1,526.9,530.6,27.97,207.71,144.37,328.01,0.0,0.0,0.0,0.0,162649.4,-576669.0,392990.2,0.9406,79.059,823.7,8.93598,-76.22312,0.0,0,-1.0,-1.0,-1.0,-1.0,-1.0,0.0,0.0,0.0,0.0
1791578781.33,2544487.9,788.3,162453.7,162453.7,47.2,526.6,530.3,27.77,207.69,144.37,328.01,0.0,0.0,0.0,0.0,162649.4,-576669.0,392990.2,0.9406,79.059,823.7,8.95532,-76.22764,0.0,0,-1.0,-1.0,-1.0,-1.0,-1.0,0.0,0.0,0.0,0.0
1791578781.83,2544488.4,788.8,162477.5,162477.5,44.3,526.3,530.1,27.58,207.68,144.38,328.0,0.0,0.0,0.0,0.0,162649.4,-576669.0,392990.2,0.9406,79.059,823.7,8.97543,-76.23234,0.0,0,-1.0,-1.0,-1.0,-1.0,-1.0,0.0,0.0,0.0,0.0
1791578782.33,2544488.9,789.3,162498.9,162498.9,41.4,526.1,529.8,27.39,207.67,144.38,328.0,0.0,0.0,0.0,0.0,162649.4,-576669.0,392990.2,0.9406,79.059,823.7,8.99476,-76.23686,0.0,0,-1.0,-1.0,-1.0,-1.0,-1.0,0.0,0.0,0.0,0.0
1791578782.83,2544489.4,789.8,162518.9,162518.9,38.6,525.8,529.6,27.2,207.66,144.39,327.99,0.0,0.0,0.0,0.0,162649.4,-576669.0,392990.2,0.9406,79.059,823.7,9.0141,-76.24138,0.0,0,-1.0,-1.0,-1.0,-1.0,-1.0,0.0,0.0,0.0,0.0
1791578783.34,2544489.9,790.3,162537.5,162537.5,35.7,525.6,529.4,27.01,207.65,144.4,327.99,0.0,0.0,0.0,0.0,162649.4,-576669.0,392990.2,0.9406,79.059,823.7,9.03343,-76.2459,0.0,0,-1.0,-1.0,-1.0,-1.0,-1.0,0.0,0.0,0.0,0.0
1791578783.84,2544490.4,790.8,162554.6,162554.6,32.8,525.4,529.2,26.82,207.63,144.4,327.99,0.0,0.0,0.0,0.0,162649.4,-576669.0,392990.2,0.9406,79.059,823.7,9.05277,-76.25041,0.0,0,-1.0,-1.0,-1.0,-1.0,-1.0,0.0,0.0,0.0,0.0
1791578784.34,2544490.9,791.3,162570.3,162570.3,30.0,525.2,529.0,26.63,207.62,144.41,327.98,0.0,0.0,0.0,0.0,162649.4,-576669.0,392990.2,0.9406,79.059,823.7,9.0721,-76.25493,0.0,0,-1.0,-1.0,-1.0,-1.0,-1.0,0.0,0.0,0.0,0.0
1791578784.84,2544491.4,791.8,162584.6,162584.6,27.1,525.1,528.8,26.43,207.61,144.41,327.98,0.0,0.0,0.0,0.0,162649.4,-576669.0,392990.2,0.9406,79.059,823.7,9.09143,-76.25945,0.0,0,-1.0,-1.0,-1.0,-1.0,-1.0,0.0,0.0,0.0,0.0
1791578785.35,2544491.9,792.3,162597.5,162597.5,24.3,524.9,528.7,26.24,207.6,144.42,327.98,0.0,0.0,0.0,0.0,162649.4,-576669.0,392990.2,0.9406,79.059,823.7,9.11076,-76.26397,0.0,0,-1.0,-1.0,-1.0,-1.0,-1.0,0.0,0.0,0.0,0.0
1791578785.85,2544492.4,792.8,162608.9,162608.9,21.4,524.8,528.5,26.05,207.59,144.42,327.97,0.0,0.0,0.0,0.0,162649.4,-576669.0,392990.2,0.9406,79.059,823.7,9.13009,-76.26849,0.0,0,-1.0,-1.0,-1.0,-1.0,-1.0,0.0,0.0,0.0,0.0
1791578786.35,2544492.9,793.3,162618.9,162618.9,18.6,524.7,528.4,25.86,207.58,144.43,327.97,0.0,0.0,0.0,0.0,162649.4,-576669.0,392990.2,0.9406,79.059,823.7,9.14942,-76.27301,0.0,0,-1.0,-1.0,-1.0,-1.0,-1.0,0.0,0.0,0.0,0.0
1791578786.85,2544493.4,793.8,162627.5,162627.5,15.7,524.6,528.3,25.67,207.57,144.44,327.96,0.0,0.0,0.0,0.0,162649.4,-576669.0,392990.2,0.9406,79.059,823.7,9.16875,-76.27752,0.0,0,-1.0,-1.0,-1.0,-1.0,-1.0,0.0,0.0,0.0,0.0
1791578787.35,2544493.9,794.3,162634.6,162634.6,12.9,524.5,528.2,25.48,207.55,144.44,327.96,0.0,0.0,0.0,0.0,162649.4,-576669.0,392990.2,0.9406,79.059,823.7,9.18808,-76.28204,0.0,0,-1.0,-1.0,-1.0,-1.0,-1.0,0.0,0.0,0.0,0.0
1791578787.85,2544494.4,794.8,162640.3,162640.3,10.0,524.4,528.2,25.29,207.54,144.45,327.96,0.0,0.0,0.0,0.0,162649.4,-576669.0,392990.2,0.9406,79.059,823.7,9.20741,-76.28656,0.0,0,-1.0,-1.0,-1.0,-1.0,-1.0,0.0,0.0,0.0,0.0
1791578788.35,2544494.9,795.3,162644.6,162644.6,7.1,524.4,528.1,25.1,207.53,144.45,327.95,0.0,0.0,0.0,0.0,162649.4,-576669.0,392990.2,0.9406,79.059,823.7,9.22674,-76.29107,0.0,0,-1.0,-1.0,-1.0,-1.0,-1.0,0.0,0.0,0.0,0.0
1791578788.86,2544495.4,795.8,162647.5,162647.5,4.3,524.3,528.1,24.91,207.52,144.46,327.95,0.0,0.0,0.0,0.0,162649.4,-576669.0,392990.2,0.9406,79.059,823.7,9.24607,-76.29559,0.0,0,-1.0,-1.0,-1.0,-1.0,-1.0,0.0,0.0,0.0,0.0
1791578789.36,2544495.9,796.3,162648.9,162648.9,1.4,524.3,528.0,24.72,207.51,144.46,327.94,0.0,0.0,0.0,0.0,162649.4,-576669.0,392990.2,0.9406,79.059,823.7,9.2654,-76.3001,0.0,0,-1.0,-1.0,-1.0,-1.0,-1.0,0.0,0.0,0.0,0.0
1791578789.86,2544496.4,796.8,162648.9,162648.9,-1.4,524.3,528.0,24.53,207.5,144.47,327.94,0.0,0.0,0.0,0.0,162649.4,-576669.0,392990.2,0.9406,79.059,823.7,9.28472,-76.30462,0.0,0,-1.0,-1.0,-1.0,-1.0,-1.0,0.0,0.0,0.0,0.0
1791578790.36,2544496.9,797.3,162647.5,162647.5,-4.3,524.3,528.0,24.33,207.49,144.47,327.94,0.0,0.0,0.0,0.0,162649.4,-576669.0,392990.2,0.9406,79.059,823.7,9.30405,-76.30913,0.0,0,-1.0,-1.0,-1.0,-1.0,-1.0,0.0,0.0,0.0,0.0
1791578790.86,2544497.4,797.8,162644.5,162644.5,-7.3,524.4,528.1,24.14,207.48,144.48,327.93,0.0,0.0,0.0,0.0,162649.4,-576669.0,392990.2,0.9406,79.059,823.7,9.32415,-76.31383,0.0,0,-1.0,-1.0,-1.0,-1.0,-1.0,0.0,0.0,0.0,0.0
1791578791.37,2544497.9,798.3,162640.1,162640.1,-10.1,524.4,528.1,23.95,207.47,144.48,327.93,0.0,0.0,0.0,0.0,162649.4,-576669.0,392990.2,0.9406,79.059,823.7,9.34348,-76.31834,0.0,0,-1.0,-1.0,-1.0,-1.0,-1.0,0.0,0.0,0.0,0.0
1791578791.87,2544498.4,798.8,162634.4,162634.4,-13.0,524.5,528.2,23.76,207.46,144.49,327.93,0.0,0.0,0.0,0.0,162649.4,-576669.0,392990.2,0.9406,79.059,823.7,9.36281,-76.32286,0.0,0,-1.0,-1.0,-1.0,-1.0,-1.0,0.0,0.0,0.0,0.0
1791578792.37,2544498.9,799.3,162627.2,162627.2,-15.8,524.6,528.3,23.57,207.45,144.49,327.92,0.0,0.0,0.0,0.0,162649.4,-576669.0,392990.2,0.9406,79.059,823.7,9.38214,-76.32737,0.0,0,-1.0,-1.0,-1.0,-1.0,-1.0,0.0,0.0,0.0,0.0
1791578792.87,2544499.4,799.8,162618.6,162618.6,-18.7,524.7,528.3,23.38,207.44,144.49,327.92,0.0,0.0,0.0,0.0,162649.4,-576669.0,392990.2,0.9406,79.059,823.7,9.40147,-76.33188,0.0,0,-1.0,-1.0,-1.0,-1.0,-1.0,0.0,0.0,0.0,0.0
1791578793.37,2544499.9,800.3,162608.5,162608.5,-21.5,524.8,528.5,23.19,207.43,144.5,327.91,0.0,0.0,0.0,0.0,162649.4,-576669.0,392990.2,0.9406,79.059,823.7,9.4208,-76.33639,0.0,0,-1.0,-1.0,-1.0,-1.0,-1.0,0.0,0.0,0.0,0.0
1791578793.87,2544500.4,800.8,162597.0,162597.0,-24.4,524.9,528.6,23.0,207.41,144.5,327.91,0.0,0.0,0.0,0.0,162649.4,-576669.0,392990.2,0.9406,79.059,823.7,9.44013,-76.3409,0.0,0,-1.0,-1.0,-1.0,-1.0,-1.0,0.0,0.0,0.0,0.0
1791578794.38,2544500.9,801.3,162584.1,162584.1,-27.2,525.1,528.7,22.8,207.4,144.51,327.91,0.0,0.0,0.0,0.0,162649.4,-576669.0,392990.2,0.9406,79.059,823.7,9.45946,-76.34541,0.0,0,-1.0,-1.0,-1.0,-1.0,-1.0,0.0,0.0,0.0,0.0
1791578794.88,2544501.4,801.8,162569.8,162569.8,-30.1,525.2,528.9,22.61,207.39,144.51,327.9,0.0,0.0,0.0,0.0,162649.4,-576669.0,392990.2,0.9406,79.059,823.7,9.47879,-76.34992,0.0,0,-1.0,-1.0,-1.0,-1.0,-1.0,0.0,0.0,0.0,0.0
1791578795.38,2544501.9,802.3,162554.0,162554.0,-33.0,525.4,529.1,22.42,207.38,144.52,327.9,0.0,0.0,0.0,0.0,162649.4,-576669.0,392990.2,0.9406,79.059,823.7,9.49812,-76.35443,0.0,0,-1.0,-1.0,-1.0,-1.0,-1.0,0.0,0.0,0.0,0.0
1791578795.88,2544502.4,802.8,162536.8,162536.8,-35.8,525.6,529.2,22.23,207.37,144.52,327.89,0.0,0.0,0.0,0.0,162649.4,-576669.0,392990.2,0.9406,79.059,823.7,9.51745,-76.35894,0.0,0,-1.0,-1.0,-1.0,-1.0,-1.0,0.0,0.0,0.0,0.0
1791578796.38,2544502.9,803.3,162518.2,162518.2,-38.7,525.8,529.5,22.04,207.36,144.53,327.89,0.0,0.0,0.0,0.0,162649.4,-576669.0,392990.2,0.9406,79.059,823.7,9.53679,-76.36345,0.0,0,-1.0,-1.0,-1.0,-1.0,-1.0,0.0,0.0,0.0,0.0
1791578796.89,2544503.4,803.8,162498.2,162498.2,-41.5,526.1,529.7,21.85,207.35,144.53,327.89,0.0,0.0,0.0,0.0,162649.4,-576669.0,392990.2,0.9406,79.059,823.7,9.55612,-76.36796,0.0,0,-1.0,-1.0,-1.0,-1.0,-1.0,0.0,0.0,0.0,0.0
1791578797.39,2544503.9,804.3,162476.7,162476.7,-44.4,526.3,529.9,21.66,207.34,144.53,327.88,0.0,0.0,0.0,0.0,162649.4,-576669.0,392990.2,0.9406,79.059,823.7,9.57546,-76.37247,0.0,0,-1.0,-1.0,-1.0,-1.0,-1.0,0.0,0.0,0.0,0.0
1791578797.89,2544504.2,804.8,162460.4,162460.4,-46.4,526.5,530.1,21.52,207.34,144.54,327.88,0.0,0.0,0.0,0.0,162649.4,-576669.0,392990.2,0.9406,79.059,823.7,9.58938,-76.37571,0.0,0,-1.0,-1.0,-1.0,-1.0,-1.0,0.0,0.0,0.0,0.0
1791578798.39,2544504.7,805.3,162436.4,162436.4,-49.3,526.8,530.4,21.33,207.33,144.54,327.88,0.0,0.0,0.0,0.0,162649.4,-576669.0,392990.2,0.9406,79.059,823.7,9.60872,-76.38022,0.0,0,-1.0,-1.0,-1.0,-1.0,-1.0,0.0,0.0,0.0,0.0
1791578798.89,2544505.2,805.8,162411.1,162411.1,-52.2,527.1,530.6,21.14,207.32,144.55,327.87,0.0,0.0,0.0,0.0,162649.4,-576669.0,392990.2,0.9406,79.059,823.7,9.62806,-76.38472,0.0,0,-1.0,-1.0,-1.0,-1.0,-1.0,0.0,0.0,0.0,0.0
1791578799.4,2544505.7,806.3,162384.3,162384.3,-55.0,527.4,530.9,20.95,207.31,144.55,327.87,0.0,0.0,0.0,0.0,162649.4,-576669.0,392990.2,0.9406,79.059,823.7,9.6474,-76.38923,0.0,0,-1.0,-1.0,-1.0,-1.0,-1.0,0.0,0.0,0.0,0.0
1791578799.9,2544506.2,806.8,162356.1,162356.0,-57.9,527.7,531.3,20.76,207.3,144.55,327.87,0.0,0.0,0.0,0.0,162649.4,-576669.0,392990.2,0.9406,79.059,823.7,9.66674,-76.39373,0.0,0,-1.0,-1.0,-1.0,-1.0,-1.0,0.0,0.0,0.0,0.0
1791578800.4,2544506.8,807.3,162325.2,162325.2,-60.8,528.1,531.6,20.56,207.29,144.56,327.86,0.0,0.0,0.0,0.0,162649.4,-576669.0,392990.2,0.9406,79.059,823.7,9.68685,-76.39841,0.0,0,-1.0,-1.0,-1.0,-1.0,-1.0,0.0,0.0,0.0,0.0
1791578800.9,2544507.2,807.9,162295.3,162295.3,-63.6,528.4,531.9,20.38,207.28,144.56,327.86,0.0,0.0,0.0,0.0,162649.4,-576669.0,392990.2,0.9406,79.059,823.7,9.70542,-76.40273,0.0,0,-1.0,-1.0,-1.0,-1.0,-1.0,0.0,0.0,0.0,0.0
1791578801.4,2544507.8,808.4,162261.5,162261.5,-66.6,528.8,532.3,20.18,207.27,144.56,327.85,0.0,0.0,0.0,0.0,162649.4,-576669.0,392990.2,0.9406,79.059,823.7,9.72554,-76.40742,0.0,0,-1.0,-1.0,-1.0,-1.0,-1.0,0.0,0.0,0.0,0.0
1791578801.9,2544508.3,808.9,162227.5,162227.5,-69.4,529.2,532.7,19.99,207.26,144.57,327.85,0.0,0.0,0.0,0.0,162649.4,-576669.0,392990.2,0.9406,79.059,823.7,9.74489,-76.41192,0.0,0,-1.0,-1.0,-1.0,-1.0,-1.0,0.0,0.0,0.0,0.0
1791578802.4,2544508.8,809.4,162192.1,162192.1,-72.3,529.6,533.1,19.8,207.25,144.57,327.85,0.0,0.0,0.0,0.0,162649.4,-576669.0,392990.2,0.9406,79.059,823.7,9.76424,-76.41642,0.0,0,-1.0,-1.0,-1.0,-1.0,-1.0,0.0,0.0,0.0,0.0
1791578802.91,2544509.3,809.9,162155.2,162155.2,-75.1,530.0,533.5,19.61,207.24,144.58,327.84,0.0,0.0,0.0,0.0,162649.4,-576669.0,392990.2,0.9406,79.059,823.7,9.78359,-76.42092,0.0,0,-1.0,-1.0,-1.0,-1.0,-1.0,0.0,0.0,0.0,0.0
1791578803.41,2544509.8,810.4,162116.9,162117.0,-78.0,530.5,533.9,19.42,207.23,144.58,327.84,0.0,0.0,0.0,0.0,162649.4,-576669.0,392990.2,0.9406,79.059,823.7,9.80294,-76.42541,0.0,0,-1.0,-1.0,-1.0,-1.0,-1.0,0.0,0.0,0.0,0.0
1791578803.91,2544510.3,810.9,162077.2,162077.2,-80.9,530.9,534.4,19.23,207.22,144.58,327.83,0.0,0.0,0.0,0.0,162649.4,-576669.0,392990.2,0.9406,79.059,823.7,9.8223,-76.42991,0.0,0,-1.0,-1.0,-1.0,-1.0,-1.0,0.0,0.0,0.0,0.0
1791578804.41,2544510.8,811.4,162036.1,162036.1,-83.7,531.4,534.8,19.04,207.21,144.59,327.83,0.0,0.0,0.0,0.0,162649.4,-576669.0,392990.2,0.9406,79.059,823.7,9.84165,-76.43441,0.0,0,-1.0,-1.0,-1.0,-1.0,-1.0,0.0,0.0,0.0,0.0
1791578804.91,2544511.3,811.9,161993.5,161993.5,-86.6,531.9,535.3,18.85,207.2,144.59,327.83,0.0,0.0,0.0,0.0,162649.4,-576669.0,392990.2,0.9406,79.059,823.7,9.86101,-76.4389,0.0,0,-1.0,-1.0,-1.0,-1.0,-1.0,0.0,0.0,0.0,0.0
1791578805.41,2544511.8,812.4,161949.5,161949.5,-89.4,532.4,535.8,18.66,207.19,144.59,327.82,0.0,0.0,0.0,0.0,162649.4,-576669.0,392990.2,0.9406,79.059,823.7,9.88037,-76.4434,0.0,0,-1.0,-1.0,-1.0,-1.0,-1.0,0.0,0.0,0.0,0.0
1791578805.92,2544512.3,812.9,161904.1,161904.1,-92.3,532.9,536.3,18.46,207.18,144.6,327.82,0.0,0.0,0.0,0.0,162649.4,-576669.0,392990.2,0.9406,79.059,823.7,9.89974,-76.44789,0.0,0,-1.0,-1.0,-1.0,-1.0,-1.0,0.0,0.0,0.0,0.0
1791578806.42,2544512.8,813.4,161857.2,161857.2,-95.2,533.4,536.8,18.27,207.18,144.6,327.82,0.0,0.0,0.0,0.0,162649.4,-576669.0,392990.2,0.9406,79.059,823.7,9.9191,-76.45239,0.0,0,-1.0,-1.0,-1.0,-1.0,-1.0,0.0,0.0,0.0,0.0
1791578806.92,2544513.3,813.9,161808.9,161808.9,-98.0,534.0,537.3,18.08,207.17,144.6,327.81,0.0,0.0,0.0,0.0,162649.4,-576669.0,392990.2,0.9406,79.059,823.7,9.93847,-76.45688,0.0,0,-1.0,-1.0,-1.0,-1.0,-1.0,0.0,0.0,0.0,0.0
1791578807.42,2544513.8,814.4,161759.2,161759.2,-100.9,534.5,537.9,17.89,207.16,144.61,327.81,0.0,0.0,0.0,0.0,162649.4,-576669.0,392990.2,0.9406,79.059,823.7,9.95784,-76.46137,0.0,0,-1.0,-1.0,-1.0,-1.0,-1.0,0.0,0.0,0.0,0.0
1791578807.92,2544514.3,814.9,161708.1,161708.1,-103.7,535.1,538.5,17.7,207.15,144.61,327.8,0.0,0.0,0.0,0.0,162649.4,-576669.0,392990.2,0.9406,79.059,823.7,9.97721,-76.46586,0.0,0,-1.0,-1.0,-1.0,-1.0,-1.0,0.0,0.0,0.0,0.0
1791578808.42,2544514.8,815.4,161655.5,161655.5,-106.6,535.7,539.0,17.51,207.14,144.61,327.8,0.0,0.0,0.0,0.0,162649.4,-576669.0,392990.2,0.9406,79.059,823.7,9.99659,-76.47035,0.0,0,-1.0,-1.0,-1.0,-1.0,-1.0,0.0,0.0,0.0,0.0
1791578808.92,2544515.3,815.9,161601.5,161601.5,-109.5,536.3,539.6,17.32,207.13,144.62,327.8,0.0,0.0,0.0,0.0,162649.4,-576669.0,392990.2,0.9406,79.059,823.7,10.01597,-76.47484,0.0,0,-1.0,-1.0,-1.0,-1.0,-1.0,0.0,0.0,0.0,0.0
1791578809.43,2544515.8,816.4,161546.0,161546.0,-112.3,537.0,540.3,17.13,207.12,144.62,327.79,0.0,0.0,0.0,0.0,162649.4,-576669.0,392990.2,0.9406,79.059,823.7,10.03535,-76.47932,0.0,0,-1.0,-1.0,-1.0,-1.0,-1.0,0.0,0.0,0.0,0.0
1791578809.93,2544516.3,816.9,161489.1,161489.1,-115.2,537.6,540.9,16.93,207.11,144.62,327.79,0.0,0.0,0.0,0.0,162649.4,-576669.0,392990.2,0.9406,79.059,823.7,10.05551,-76.48399,0.0,0,-1.0,-1.0,-1.0,-1.0,-1.0,0.0,0.0,0.0,0.0
1791578810.43,2544516.8,817.4,161428.5,161428.5,-118.2,538.3,541.6,16.74,207.1,144.63,327.78,0.0,0.0,0.0,0.0,162649.4,-576669.0,392990.2,0.9406,79.059,823.7,10.0749,-76.48847,0.0,0,-1.0,-1.0,-1.0,-1.0,-1.0,0.0,0.0,0.0,0.0
1791578810.93,2544517.3,817.9,161368.7,161368.7,-121.0,539.0,542.2,16.55,207.1,144.63,327.78,0.0,0.0,0.0,0.0,162649.4,-576669.0,392990.2,0.9406,79.059,823.7,10.09428,-76.49296,0.0,0,-1.0,-1.0,-1.0,-1.0,-1.0,0.0,0.0,0.0,0.0
1791578811.43,2544517.8,818.4,161307.4,161307.4,-123.9,539.7,542.9,16.36,207.09,144.63,327.78,0.0,0.0,0.0,0.0,162649.4,-576669.0,392990.2,0.9406,79.059,823.7,10.11368,-76.49744,0.0,0,-1.0,-1.0,-1.0,-1.0,-1.0,0.0,0.0,0.0,0.0
1791578811.93,2544518.3,818.9,161244.8,161244.8,-126.8,540.4,543.6,16.17,207.08,144.63,327.77,0.0,0.0,0.0,0.0,162649.4,-576669.0,392990.2,0.9406,79.059,823.7,10.13307,-76.50192,0.0,0,-1.0,-1.0,-1.0,-1.0,-1.0,0.0,0.0,0.0,0.0
1791578812.44,2544518.8,819.4,161180.7,161180.7,-129.6,541.1,544.3,15.98,207.07,144.64,327.77,0.0,0.0,0.0,0.0,162649.4,-576669.0,392990.2,0.9406,79.059,823.7,10.15247,-76.5064,0.0,0,-1.0,-1.0,-1.0,-1.0,-1.0,0.0,0.0,0.0,0.0
1791578812.94,2544519.3,819.9,161115.1,161115.1,-132.5,541.8,545.0,15.79,207.06,144.64,327.77,0.0,0.0,0.0,0.0,162649.4,-576669.0,392990.2,0.9406,79.059,823.7,10.17187,-76.51088,0.0,0,-1.0,-1.0,-1.0,-1.0,-1.0,0.0,0.0,0.0,0.0
1791578813.44,2544519.8,820.4,161048.2,161048.2,-135.4,542.6,545.7,15.6,207.05,144.64,327.76,0.0,0.0,0.0,0.0,162649.4,-576669.0,392990.2,0.9406,79.059,823.7,10.19128,-76.51536,0.0,0,-1.0,-1.0,-1.0,-1.0,-1.0,0.0,0.0,0.0,0.0
1791578813.94,2544520.3,820.9,160979.8,160979.8,-138.2,543.4,546.5,15.4,207.05,144.65,327.76,0.0,0.0,0.0,0.0,162649.4,-576669.0,392990.2,0.9406,79.059,823.7,10.21069,-76.51984,0.0,0,-1.0,-1.0,-1.0,-1.0,-1.0,0.0,0.0,0.0,0.0
1791578814.44,2544520.8,821.4,160909.9,160909.9,-141.1,544.1,547.3,15.21,207.04,144.65,327.75,0.0,0.0,0.0,0.0,162649.4,-576669.0,392990.2,0.9406,79.059,823.7,10.2301,-76.52431,0.0,0,-1.0,-1.0,-1.0,-1.0,-1.0,0.0,0.0,0.0,0.0
1791578814.95,2544521.3,821.9,160838.7,160838.7,-144.0,544.9,548.0,15.02,207.03,144.65,327.75,0.0,0.0,0.0,0.0,162649.4,-576669.0,392990.2,0.9406,79.059,823.7,10.24952,-76.52879,0.0,0,-1.0,-1.0,-1.0,-1.0,-1.0,0.0,0.0,0.0,0.0
1791578815.45,2544521.8,822.4,160763.0,160763.0,-147.0,545.8,548.9,14.82,207.02,144.65,327.75,0.0,0.0,0.0,0.0,162649.4,-576669.0,392990.2,0.9406,79.059,823.7,10.26971,-76.53344,0.0,0,-1.0,-1.0,-1.0,-1.0,-1.0,0.0,0.0,0.0,0.0
1791578815.95,2544522.3,822.9,160688.8,160688.8,-149.8,546.6,549.7,14.63,207.01,144.66,327.74,0.0,0.0,0.0,0.0,162649.4,-576669.0,392990.2,0.9406,79.059,823.7,10.28914,-76.53791,0.0,0,-1.0,-1.0,-1.0,-1.0,-1.0,0.0,0.0,0.0,0.0
1791578816.45,2544522.8,823.4,160613.2,160613.2,-152.7,547.5,550.5,14.44,207.0,144.66,327.74,0.0,0.0,0.0,0.0,162649.4,-576669.0,392990.2,0.9406,79.059,823.7,10.30857,-76.54238,0.0,0,-1.0,-1.0,-1.0,-1.0,-1.0,0.0,0.0,0.0,0.0
1791578816.95,2544523.3,823.9,160536.1,160536.1,-155.6,548.3,551.3,14.25,207.0,144.66,327.73,0.0,0.0,0.0,0.0,162649.4,-576669.0,392990.2,0.9406,79.059,823.7,10.328,-76.54685,0.0,0,-1.0,-1.0,-1.0,-1.0,-1.0,0.0,0.0,0.0,0.0
1791578817.45,2544523.8,824.4,160457.6,160457.6,-158.4,549.2,552.2,14.06,206.99,144.67,327.73,0.0,0.0,0.0,0.0,162649.4,-576669.0,392990.2,0.9406,79.059,823.7,10.34743,-76.55132,0.0,0,-1.0,-1.0,-1.0,-1.0,-1.0,0.0,0.0,0.0,0.0
1791578817.95,2544524.3,824.9,160377.7,160377.7,-161.3,550.1,553.1,13.87,206.98,144.67,327.73,0.0,0.0,0.0,0.0,162649.4,-576669.0,392990.2,0.9406,79.059,823.7,10.36687,-76.55579,0.0,0,-1.0,-1.0,-1.0,-1.0,-1.0,0.0,0.0,0.0,0.0
1791578818.46,2544524.8,825.4,160296.3,160296.3,-164.2,551.0,554.0,13.68,206.97,144.67,327.72,0.0,0.0,0.0,0.0,162649.4,-576669.0,392990.2,0.9406,79.059,823.7,10.38631,-76.56026,0.0,0,-1.0,-1.0,-1.0,-1.0,-1.0,0.0,0.0,0.0,0.0
1791578818.96,2544525.3,825.9,160213.5,160213.5,-167.1,551.9,554.9,13.49,206.96,144.67,327.72,0.0,0.0,0.0,0.0,162649.4,-576669.0,392990.2,0.9406,79.059,823.7,10.40576,-76.56472,0.0,0,-1.0,-1.0,-1.0,-1.0,-1.0,0.0,0.0,0.0,0.0
1791578819.46,2544525.8,826.4,160129.3,160129.3,-169.9,552.8,555.8,13.3,206.96,144.68,327.71,0.0,0.0,0.0,0.0,162649.4,-576669.0,392990.2,0.9406,79.059,823.7,10.42521,-76.56918,0.0,0,-1.0,-1.0,-1.0,-1.0,-1.0,0.0,0.0,0.0,0.0
1791578820.08,2544526.3,827.0,160050.5,160050.5,-172.6,553.7,556.6,13.12,206.95,144.68,327.71,0.0,0.0,0.0,0.0,162649.4,-576669.0,392990.2,0.9406,79.059,823.7,10.44311,-76.57329,0.0,0,-1.0,-1.0,-1.0,-1.0,-1.0,0.0,0.0,0.0,0.0
1791578820.58,2544526.8,827.5,159960.0,159960.0,-175.6,554.7,557.6,12.92,206.94,144.68,327.71,0.0,0.0,0.0,0.0,162649.4,-576669.0,392990.2,0.9406,79.059,823.7,10.46335,-76.57793,0.0,0,-1.0,-1.0,-1.0,-1.0,-1.0,0.0,0.0,0.0,0.0
1791578821.09,2544527.3,828.0,159867.9,159867.9,-178.6,555.7,558.6,12.73,206.93,144.68,327.7,0.0,0.0,0.0,0.0,162649.4,-576669.0,392990.2,0.9406,79.059,823.7,10.48359,-76.58256,0.0,0,-1.0,-1.0,-1.0,-1.0,-1.0,0.0,0.0,0.0,0.0
1791578821.59,2544527.8,828.5,159785.2,159785.2,-181.2,556.6,559.5,12.55,206.93,144.68,327.7,0.0,0.0,0.0,0.0,162649.4,-576669.0,392990.2,0.9406,79.059,823.7,10.5015,-76.58667,0.0,0,-1.0,-1.0,-1.0,-1.0,-1.0,0.0,0.0,0.0,0.0
1791578822.09,2544528.3,829.0,159686.5,159686.5,-184.3,557.7,560.5,12.34,206.92,144.69,327.7,0.0,0.0,0.0,0.0,162649.4,-576669.0,392990.2,0.9406,79.059,823.7,10.52254,-76.59148,0.0,0,-1.0,-1.0,-1.0,-1.0,-1.0,0.0,0.0,0.0,0.0
1791578822.6,2544528.8,829.5,159593.6,159593.6,-187.2,558.7,561.5,12.15,206.91,144.69,327.69,0.0,0.0,0.0,0.0,162649.4,-576669.0,392990.2,0.9406,79.059,823.7,10.54201,-76.59593,0.0,0,-1.0,-1.0,-1.0,-1.0,-1.0,0.0,0.0,0.0,0.0
1791578823.1,2544529.3,830.1,159499.3,159499.3,-190.1,559.8,562.5,11.96,206.9,144.69,327.69,0.0,0.0,0.0,0.0,162649.4,-576669.0,392990.2,0.9406,79.059,823.7,10.5615,-76.60039,0.0,0,-1.0,-1.0,-1.0,-1.0,-1.0,0.0,0.0,0.0,0.0
1791578823.6,2544529.8,830.6,159403.5,159403.5,-192.9,560.8,563.6,11.77,206.9,144.69,327.68,0.0,0.0,0.0,0.0,162649.4,-576669.0,392990.2,0.9406,79.059,823.7,10.58099,-76.60484,0.0,0,-1.0,-1.0,-1.0,-1.0,-1.0,0.0,0.0,0.0,0.0
1791578824.1,2544530.3,831.1,159306.3,159306.3,-195.8,561.9,564.6,11.58,206.89,144.7,327.68,0.0,0.0,0.0,0.0,162649.4,-576669.0,392990.2,0.9406,79.059,823.7,10.60048,-76.60929,0.0,0,-1.0,-1.0,-1.0,-1.0,-1.0,0.0,0.0,0.0,0.0
1791578824.61,2544530.8,831.6,159203.7,159203.7,-198.8,563.0,565.7,11.38,206.88,144.7,327.68,0.0,0.0,0.0,0.0,162649.4,-576669.0,392990.2,0.9406,79.059,823.7,10.62076,-76.61392,0.0,0,-1.0,-1.0,-1.0,-1.0,-1.0,0.0,0.0,0.0,0.0
1791578825.11,2544531.3,832.1,159107.6,159107.6,-201.6,564.0,566.7,11.2,206.87,144.7,327.67,0.0,0.0,0.0,0.0,162649.4,-576669.0,392990.2,0.9406,79.059,823.7,10.63948,-76.61819,0.0,0,-1.0,-1.0,-1.0,-1.0,-1.0,0.0,0.0,0.0,0.0
1791578825.61,2544531.8,832.6,159006.1,159006.1,-204.5,565.1,567.8,11.01,206.87,144.7,327.67,0.0,0.0,0.0,0.0,162649.4,-576669.0,392990.2,0.9406,79.059,823.7,10.65899,-76.62263,0.0,0,-1.0,-1.0,-1.0,-1.0,-1.0,0.0,0.0,0.0,0.0
1791578826.11,2544532.3,833.1,158899.0,158899.0,-207.5,566.3,569.0,10.81,206.86,144.7,327.66,0.0,0.0,0.0,0.0,162649.4,-576669.0,392990.2,0.9406,79.059,823.7,10.67928,-76.62725,0.0,0,-1.0,-1.0,-1.0,-1.0,-1.0,0.0,0.0,0.0,0.0
1791578826.61,2544532.8,833.6,158794.6,158794.6,-210.4,567.4,570.1,10.62,206.85,144.71,327.66,0.0,0.0,0.0,0.0,162649.4,-576669.0,392990.2,0.9406,79.059,823.7,10.6988,-76.6317,0.0,0,-1.0,-1.0,-1.0,-1.0,-1.0,0.0,0.0,0.0,0.0
1791578827.12,2544533.3,834.1,158688.7,158688.7,-213.2,568.6,571.2,10.43,206.84,144.71,327.66,0.0,0.0,0.0,0.0,162649.4,-576669.0,392990.2,0.9406,79.059,823.7,10.71832,-76.63614,0.0,0,-1.0,-1.0,-1.0,-1.0,-1.0,0.0,0.0,0.0,0.0
1791578827.62,2544533.8,834.6,158581.3,158581.3,-216.1,569.7,572.3,10.24,206.84,144.71,327.65,0.0,0.0,0.0,0.0,162649.4,-576669.0,392990.2,0.9406,79.059,823.7,10.73785,-76.64058,0.0,0,-1.0,-1.0,-1.0,-1.0,-1.0,0.0,0.0,0.0,0.0
1791578828.12,2544534.3,835.1,158472.6,158472.6,-219.0,570.9,573.5,10.04,206.83,144.71,327.65,0.0,0.0,0.0,0.0,162649.4,-576669.0,392990.2,0.9406,79.059,823.7,10.75739,-76.64501,0.0,0,-1.0,-1.0,-1.0,-1.0,-1.0,0.0,0.0,0.0,0.0
1791578828.63,2544534.8,835.6,158357.9,158357.9,-222.0,572.1,574.7,9.85,206.82,144.71,327.64,0.0,0.0,0.0,0.0,162649.4,-576669.0,392990.2,0.9406,79.059,823.7,10.77771,-76.64963,0.0,0,-1.0,-1.0,-1.0,-1.0,-1.0,0.0,0.0,0.0,0.0
1791578829.13,2544535.3,836.1,158250.7,158250.7,-224.8,573.3,575.8,9.66,206.81,144.72,327.64,0.0,0.0,0.0,0.0,162649.4,-576669.0,392990.2,0.9406,79.059,823.7,10.79648,-76.65389,0.0,0,-1.0,-1.0,-1.0,-1.0,-1.0,0.0,0.0,0.0,0.0
1791578829.64,2544535.4,836.6,158232.7,158232.7,-225.2,573.5,576.0,9.63,206.81,144.72,327.64,0.0,0.0,0.0,0.0,162649.4,-576669.0,392990.2,0.9406,79.059,823.7,10.7996,-76.6546,0.0,0,-1.0,-1.0,-1.0,-1.0,-1.0,0.0,0.0,0.0,0.0
1791578830.14,2544535.4,837.1,158232.7,158232.7,-225.2,573.5,576.0,9.63,206.81,144.72,327.64,0.0,0.0,0.0,0.0,162649.4,-576669.0,392990.2,0.9406,79.059,823.7,10.7996,-76.6546,0.0,0,-1.0,-1.0,-1.0,-1.0,-1.0,0.0,0.0,0.0,0.0
1791578830.64,2544535.4,837.6,158223.7,158223.7,-225.5,573.6,576.1,9.62,206.81,144.72,327.64,0.0,0.0,0.0,0.0,162649.4,-576669.0,392990.2,0.9406,79.059,823.7,10.80117,-76.65495,0.0,0,-1.0,-1.0,-1.0,-1.0,-1.0,0.0,0.0,0.0,0.0
1791578831.14,2544535.5,838.1,158205.6,158205.6,-225.9,573.8,576.3,9.59,206.81,144.72,327.64,0.0,0.0,0.0,0.0,162649.4,-576669.0,392990.2,0.9406,79.059,823.7,10.8043,-76.65566,0.0,0,-1.0,-1.0,-1.0,-1.0,-1.0,0.0,0.0,0.0,0.0
1791578831.65,2544536.0,838.6,158087.3,158087.3,-228.9,575.0,577.5,9.39,206.8,144.72,327.64,0.0,0.0,0.0,0.0,162649.4,-576669.0,392990.2,0.9406,79.059,823.7,10.82463,-76.66027,0.0,0,-1.0,-1.0,-1.0,-1.0,-1.0,0.0,0.0,0.0,0.0
1791578832.15,2544536.5,839.1,157976.8,157976.8,-231.7,576.2,578.7,9.2,206.8,144.72,327.63,0.0,0.0,0.0,0.0,162649.4,-576669.0,392990.2,0.9406,79.059,823.7,10.84341,-76.66452,0.0,0,-1.0,-1.0,-1.0,-1.0,-1.0,0.0,0.0,0.0,0.0
1791578832.65,2544537.0,839.6,157860.2,157860.2,-234.6,577.4,579.9,9.01,206.79,144.72,327.63,0.0,0.0,0.0,0.0,162649.4,-576669.0,392990.2,0.9406,79.059,823.7,10.86298,-76.66895,0.0,0,-1.0,-1.0,-1.0,-1.0,-1.0,0.0,0.0,0.0,0.0
1791578833.16,2544537.5,840.1,157742.2,157742.2,-237.5,578.7,581.1,8.82,206.78,144.72,327.62,0.0,0.0,0.0,0.0,162649.4,-576669.0,392990.2,0.9406,79.059,823.7,10.88255,-76.67338,0.0,0,-1.0,-1.0,-1.0,-1.0,-1.0,0.0,0.0,0.0,0.0
1791578833.66,2544538.0,840.6,157617.9,157617.9,-240.5,580.0,582.4,8.62,206.78,144.72,327.62,0.0,0.0,0.0,0.0,162649.4,-576669.0,392990.2,0.9406,79.059,823.7,10.90291,-76.67798,0.0,0,-1.0,-1.0,-1.0,-1.0,-1.0,0.0,0.0,0.0,0.0
1791578834.16,2544538.5,841.1,157496.9,157496.9,-243.4,581.3,583.7,8.43,206.77,144.73,327.62,0.0,0.0,0.0,0.0,162649.4,-576669.0,392990.2,0.9406,79.059,823.7,10.9225,-76.6824,0.0,0,-1.0,-1.0,-1.0,-1.0,-1.0,0.0,0.0,0.0,0.0
1791578834.67,2544539.0,841.6,157374.5,157374.5,-246.3,582.6,585.0,8.24,206.76,144.73,327.61,0.0,0.0,0.0,0.0,162649.4,-576669.0,392990.2,0.9406,79.059,823.7,10.94209,-76.68683,0.0,0,-1.0,-1.0,-1.0,-1.0,-1.0,0.0,0.0,0.0,0.0
1791578835.17,2544539.5,842.1,157250.6,157250.6,-249.2,583.9,586.2,8.05,206.76,144.73,327.61,0.0,0.0,0.0,0.0,162649.4,-576669.0,392990.2,0.9406,79.059,823.7,10.96168,-76.69125,0.0,0,-1.0,-1.0,-1.0,-1.0,-1.0,0.0,0.0,0.0,0.0
1791578835.68,2544540.0,842.6,157125.3,157125.3,-252.1,585.2,587.5,7.86,206.75,144.73,327.6,0.0,0.0,0.0,0.0,162649.4,-576669.0,392990.2,0.9406,79.059,823.7,10.98129,-76.69566,0.0,0,-1.0,-1.0,-1.0,-1.0,-1.0,0.0,0.0,0.0,0.0
1791578836.18,2544540.0,843.1,157125.3,157125.3,-252.1,585.2,587.5,7.86,206.75,144.73,327.6,0.0,0.0,0.0,0.0,162649.4,-576669.0,392990.2,0.9406,79.059,823.7,10.98129,-76.69566,0.0,0,-1.0,-1.0,-1.0,-1.0,-1.0,0.0,0.0,0.0,0.0
1791578836.69,2544540.1,843.6,157115.2,157115.3,-252.3,585.3,587.6,7.84,206.75,144.73,327.6,0.0,0.0,0.0,0.0,162649.4,-576669.0,392990.2,0.9406,79.059,823.7,10.98286,-76.69602,0.0,0,-1.0,-1.0,-1.0,-1.0,-1.0,0.0,0.0,0.0,0.0
1791578837.19,2544540.1,844.1,157115.2,157115.3,-252.3,585.3,587.6,7.84,206.75,144.73,327.6,0.0,0.0,0.0,0.0,162649.4,-576669.0,392990.2,0.9406,79.059,823.7,10.98286,-76.69602,0.0,0,-1.0,-1.0,-1.0,-1.0,-1.0,0.0,0.0,0.0,0.0
1791578837.69,2544540.1,844.6,157105.1,157105.1,-252.5,585.4,587.7,7.83,206.75,144.73,327.6,0.0,0.0,0.0,0.0,162649.4,-576669.0,392990.2,0.9406,79.059,823.7,10.98443,-76.69637,0.0,0,-1.0,-1.0,-1.0,-1.0,-1.0,0.0,0.0,0.0,0.0
1791578838.2,2544540.1,845.1,157105.1,157105.1,-252.5,585.4,587.7,7.83,206.75,144.73,327.6,0.0,0.0,0.0,0.0,162649.4,-576669.0,392990.2,0.9406,79.059,823.7,10.98443,-76.69637,0.0,0,-1.0,-1.0,-1.0,-1.0,-1.0,0.0,0.0,0.0,0.0
1791578838.71,2544540.2,845.7,157095.0,157095.0,-252.8,585.5,587.8,7.81,206.75,144.73,327.6,0.0,0.0,0.0,0.0,162649.4,-576669.0,392990.2,0.9406,79.059,823.7,10.98599,-76.69672,0.0,0,-1.0,-1.0,-1.0,-1.0,-1.0,0.0,0.0,0.0,0.0
1791578839.21,2544540.2,846.2,157095.0,157095.0,-252.8,585.5,587.8,7.81,206.75,144.73,327.6,0.0,0.0,0.0,0.0,162649.4,-576669.0,392990.2,0.9406,79.059,823.7,10.98599,-76.69672,0.0,0,-1.0,-1.0,-1.0,-1.0,-1.0,0.0,0.0,0.0,0.0
1791578839.71,2544540.2,846.7,157095.0,157095.0,-252.8,585.5,587.8,7.81,206.75,144.73,327.6,0.0,0.0,0.0,0.0,162649.4,-576669.0,392990.2,0.9406,79.059,823.7,10.98599,-76.69672,0.0,0,-1.0,-1.0,-1.0,-1.0,-1.0,0.0,0.0,0.0,0.0
1791578840.21,2544540.2,847.2,157084.9,157084.9,-253.0,585.6,587.9,7.8,206.75,144.73,327.6,0.0,0.0,0.0,0.0,162649.4,-576669.0,392990.2,0.9406,79.059,823.7,10.98756,-76.69708,0.0,0,-1.0,-1.0,-1.0,-1.0,-1.0,0.0,0.0,0.0,0.0
1791578840.72,2544540.2,847.7,157084.9,157084.9,-253.0,585.6,587.9,7.8,206.75,144.73,327.6,0.0,0.0,0.0,0.0,162649.4,-576669.0,392990.2,0.9406,79.059,823.7,10.98756,-76.69708,0.0,0,-1.0,-1.0,-1.0,-1.0,-1.0,0.0,0.0,0.0,0.0
1791578841.22,2544540.2,848.2,157074.8,157074.8,-253.2,585.8,588.1,7.78,206.75,144.73,327.6,0.0,0.0,0.0,0.0,162649.4,-576669.0,392990.2,0.9406,79.059,823.7,10.98913,-76.69743,0.0,0,-1.0,-1.0,-1.0,-1.0,-1.0,0.0,0.0,0.0,0.0
1791578841.72,2544540.3,848.7,157074.8,157074.8,-253.2,585.8,588.1,7.78,206.75,144.73,327.6,0.0,0.0,0.0,0.0,162649.4,-576669.0,392990.2,0.9406,79.059,823.7,10.98913,-76.69743,0.0,0,-1.0,-1.0,-1.0,-1.0,-1.0,0.0,0.0,0.0,0.0
1791578842.23,2544540.3,849.2,157064.7,157064.7,-253.5,585.9,588.2,7.77,206.75,144.73,327.6,0.0,0.0,0.0,0.0,162649.4,-576669.0,392990.2,0.9406,79.059,823.7,10.9907,-76.69778,0.0,0,-1.0,-1.0,-1.0,-1.0,-1.0,0.0,0.0,0.0,0.0
1791578842.73,2544540.3,849.7,157064.7,157064.7,-253.5,585.9,588.2,7.77,206.75,144.73,327.6,0.0,0.0,0.0,0.0,162649.4,-576669.0,392990.2,0.9406,79.059,823.7,10.9907,-76.69778,0.0,0,-1.0,-1.0,-1.0,-1.0,-1.0,0.0,0.0,0.0,0.0
1791578843.23,2544540.3,850.2,157054.5,157054.5,-253.7,586.0,588.3,7.75,206.75,144.73,327.6,0.0,0.0,0.0,0.0,162649.4,-576669.0,392990.2,0.9406,79.059,823.7,10.99227,-76.69814,0.0,0,-1.0,-1.0,-1.0,-1.0,-1.0,0.0,0.0,0.0,0.0
1791578843.73,2544540.3,850.7,157054.5,157054.5,-253.7,586.0,588.3,7.75,206.75,144.73,327.6,0.0,0.0,0.0,0.0,162649.4,-576669.0,392990.2,0.9406,79.059,823.7,10.99227,-76.69814,0.0,0,-1.0,-1.0,-1.0,-1.0,-1.0,0.0,0.0,0.0,0.0
1791578844.24,2544540.4,851.2,157044.4,157044.4,-253.9,586.1,588.4,7.74,206.75,144.73,327.6,0.0,0.0,0.0,0.0,162649.4,-576669.0,392990.2,0.9406,79.059,823.7,10.99384,-76.69849,0.0,0,-1.0,-1.0,-1.0,-1.0,-1.0,0.0,0.0,0.0,0.0
1791578844.74,2544540.4,851.7,157044.4,157044.4,-253.9,586.1,588.4,7.74,206.75,144.73,327.6,0.0,0.0,0.0,0.0,162649.4,-576669.0,392990.2,0.9406,79.059,823.7,10.99384,-76.69849,0.0,0,-1.0,-1.0,-1.0,-1.0,-1.0,0.0,0.0,0.0,0.0
1791578845.24,2544540.4,852.2,157034.2,157034.2,-254.2,586.2,588.5,7.72,206.74,144.73,327.6,0.0,0.0,0.0,0.0,162649.4,-576669.0,392990.2,0.9406,79.059,823.7,10.99541,-76.69884,0.0,0,-1.0,-1.0,-1.0,-1.0,-1.0,0.0,0.0,0.0,0.0
1791578845.74,2544540.7,852.7,156962.8,156962.8,-255.8,586.9,589.2,7.62,206.74,144.73,327.6,0.0,0.0,0.0,0.0,162649.4,-576669.0,392990.2,0.9406,79.059,823.7,11.00639,-76.70132,0.0,0,-1.0,-1.0,-1.0,-1.0,-1.0,0.0,0.0,0.0,0.0
1791578846.25,2544541.2,853.2,156834.2,156834.2,-258.7,588.3,590.5,7.42,206.73,144.73,327.59,0.0,0.0,0.0,0.0,162649.4,-576669.0,392990.2,0.9406,79.059,823.7,11.02601,-76.70573,0.0,0,-1.0,-1.0,-1.0,-1.0,-1.0,0.0,0.0,0.0,0.0
1791578846.75,2544541.5,853.7,156745.9,156745.9,-260.7,589.2,591.4,7.29,206.73,144.73,327.59,0.0,0.0,0.0,0.0,162649.4,-576669.0,392990.2,0.9406,79.059,823.7,11.03935,-76.70873,0.0,0,-1.0,-1.0,-1.0,-1.0,-1.0,0.0,0.0,0.0,0.0
1791578847.25,2544542.0,854.2,156609.6,156609.6,-263.7,590.6,592.8,7.1,206.72,144.74,327.59,0.0,0.0,0.0,0.0,162649.4,-576669.0,392990.2,0.9406,79.059,823.7,11.05977,-76.71332,0.0,0,-1.0,-1.0,-1.0,-1.0,-1.0,0.0,0.0,0.0,0.0
1791578847.75,2544542.5,854.7,156477.0,156477.0,-266.6,592.0,594.2,6.9,206.72,144.74,327.58,0.0,0.0,0.0,0.0,162649.4,-576669.0,392990.2,0.9406,79.059,823.7,11.07941,-76.71773,0.0,0,-1.0,-1.0,-1.0,-1.0,-1.0,0.0,0.0,0.0,0.0
1791578848.26,2544543.0,855.2,156343.0,156343.0,-269.5,593.4,595.6,6.71,206.71,144.74,327.58,0.0,0.0,0.0,0.0,162649.4,-576669.0,392990.2,0.9406,79.059,823.7,11.09905,-76.72213,0.0,0,-1.0,-1.0,-1.0,-1.0,-1.0,0.0,0.0,0.0,0.0
1791578848.76,2544543.5,855.7,156207.6,156207.6,-272.4,594.8,597.0,6.52,206.7,144.74,327.58,0.0,0.0,0.0,0.0,162649.4,-576669.0,392990.2,0.9406,79.059,823.7,11.1187,-76.72654,0.0,0,-1.0,-1.0,-1.0,-1.0,-1.0,0.0,0.0,0.0,0.0
1791578849.26,2544544.0,856.2,156070.7,156070.7,-275.3,596.2,598.4,6.33,206.7,144.74,327.57,0.0,0.0,0.0,0.0,162649.4,-576669.0,392990.2,0.9406,79.059,823.7,11.13836,-76.73094,0.0,0,-1.0,-1.0,-1.0,-1.0,-1.0,0.0,0.0,0.0,0.0
1791578849.76,2544544.5,856.7,155932.3,155932.3,-278.2,597.7,599.8,6.14,206.69,144.74,327.57,0.0,0.0,0.0,0.0,162649.4,-576669.0,392990.2,0.9406,79.059,823.7,11.15802,-76.73534,0.0,0,-1.0,-1.0,-1.0,-1.0,-1.0,0.0,0.0,0.0,0.0
1791578850.26,2544545.1,857.2,155792.5,155792.5,-281.1,599.1,601.2,5.95,206.68,144.74,327.56,0.0,0.0,0.0,0.0,162649.4,-576669.0,392990.2,0.9406,79.059,823.7,11.17769,-76.73974,0.0,0,-1.0,-1.0,-1.0,-1.0,-1.0,0.0,0.0,0.0,0.0
1791578850.76,2544545.5,857.7,155651.2,155651.2,-284.0,600.6,602.6,5.76,206.68,144.75,327.56,0.0,0.0,0.0,0.0,162649.4,-576669.0,392990.2,0.9406,79.059,823.7,11.19737,-76.74414,0.0,0,-1.0,-1.0,-1.0,-1.0,-1.0,0.0,0.0,0.0,0.0
1791578851.27,2544546.0,858.2,155514.2,155514.2,-286.8,602.0,604.0,5.57,206.67,144.75,327.56,0.0,0.0,0.0,0.0,162649.4,-576669.0,392990.2,0.9406,79.059,823.7,11.21627,-76.74836,0.0,0,-1.0,-1.0,-1.0,-1.0,-1.0,0.0,0.0,0.0,0.0
1791578851.77,2544546.2,858.7,155451.0,155451.0,-288.1,602.6,604.6,5.49,206.67,144.75,327.56,0.0,0.0,0.0,0.0,162649.4,-576669.0,392990.2,0.9406,79.059,823.7,11.22494,-76.75029,0.0,0,-1.0,-1.0,-1.0,-1.0,-1.0,0.0,0.0,0.0,0.0
1791578852.27,2544546.2,859.2,155451.0,155451.0,-288.1,602.6,604.6,5.49,206.67,144.75,327.56,0.0,0.0,0.0,0.0,162649.4,-576669.0,392990.2,0.9406,79.059,823.7,11.22494,-76.75029,0.0,0,-1.0,-1.0,-1.0,-1.0,-1.0,0.0,0.0,0.0,0.0
1791578852.77,2544546.3,859.7,155439.5,155439.5,-288.3,602.7,604.8,5.47,206.67,144.75,327.55,0.0,0.0,0.0,0.0,162649.4,-576669.0,392990.2,0.9406,79.059,823.7,11.22651,-76.75064,0.0,0,-1.0,-1.0,-1.0,-1.0,-1.0,0.0,0.0,0.0,0.0
1791578853.27,2544546.3,860.2,155439.5,155439.5,-288.3,602.7,604.8,5.47,206.67,144.75,327.55,0.0,0.0,0.0,0.0,162649.4,-576669.0,392990.2,0.9406,79.059,823.7,11.22651,-76.75064,0.0,0,-1.0,-1.0,-1.0,-1.0,-1.0,0.0,0.0,0.0,0.0
1791578853.77,2544546.5,860.7,155375.9,155375.9,-289.6,603.4,605.4,5.39,206.67,144.75,327.55,0.0,0.0,0.0,0.0,162649.4,-576669.0,392990.2,0.9406,79.059,823.7,11.23518,-76.75258,0.0,0,-1.0,-1.0,-1.0,-1.0,-1.0,0.0,0.0,0.0,0.0
1791578854.28,2544547.0,861.2,155230.4,155230.4,-292.5,604.9,606.9,5.2,206.66,144.75,327.55,0.0,0.0,0.0,0.0,162649.4,-576669.0,392990.2,0.9406,79.059,823.7,11.25488,-76.75697,0.0,0,-1.0,-1.0,-1.0,-1.0,-1.0,0.0,0.0,0.0,0.0
1791578854.78,2544547.5,861.7,155083.4,155083.4,-295.4,606.4,608.3,5.01,206.65,144.75,327.55,0.0,0.0,0.0,0.0,162649.4,-576669.0,392990.2,0.9406,79.059,823.7,11.27459,-76.76136,0.0,0,-1.0,-1.0,-1.0,-1.0,-1.0,0.0,0.0,0.0,0.0
1791578855.28,2544548.0,862.2,154935.0,154935.0,-298.3,607.9,609.8,4.82,206.65,144.75,327.54,0.0,0.0,0.0,0.0,162649.4,-576669.0,392990.2,0.9406,79.059,823.7,11.2943,-76.76574,0.0,0,-1.0,-1.0,-1.0,-1.0,-1.0,0.0,0.0,0.0,0.0
1791578855.78,2544548.5,862.7,154785.1,154785.1,-301.2,609.4,611.3,4.63,206.64,144.75,327.54,0.0,0.0,0.0,0.0,162649.4,-576669.0,392990.2,0.9406,79.059,823.7,11.31403,-76.77013,0.0,0,-1.0,-1.0,-1.0,-1.0,-1.0,0.0,0.0,0.0,0.0
1791578856.28,2544549.0,863.2,154633.8,154633.8,-304.1,611.0,612.8,4.43,206.63,144.75,327.53,0.0,0.0,0.0,0.0,162649.4,-576669.0,392990.2,0.9406,79.059,823.7,11.33376,-76.77451,0.0,0,-1.0,-1.0,-1.0,-1.0,-1.0,0.0,0.0,0.0,0.0
1791578856.78,2544549.5,863.7,154481.0,154481.0,-307.1,612.5,614.4,4.24,206.63,144.75,327.53,0.0,0.0,0.0,0.0,162649.4,-576669.0,392990.2,0.9406,79.059,823.7,11.3535,-76.77889,0.0,0,-1.0,-1.0,-1.0,-1.0,-1.0,0.0,0.0,0.0,0.0
1791578857.29,2544550.0,864.2,154320.5,154320.5,-310.1,614.1,616.0,4.04,206.62,144.75,327.53,0.0,0.0,0.0,0.0,162649.4,-576669.0,392990.2,0.9406,79.059,823.7,11.37404,-76.78344,0.0,0,-1.0,-1.0,-1.0,-1.0,-1.0,0.0,0.0,0.0,0.0
1791578857.79,2544550.5,864.7,154164.7,154164.7,-313.0,615.7,617.5,3.85,206.62,144.76,327.52,0.0,0.0,0.0,0.0,162649.4,-576669.0,392990.2,0.9406,79.059,823.7,11.39379,-76.78782,0.0,0,-1.0,-1.0,-1.0,-1.0,-1.0,0.0,0.0,0.0,0.0
1791578858.29,2544551.0,865.2,154007.5,154007.5,-315.9,617.3,619.1,3.66,206.61,144.76,327.52,0.0,0.0,0.0,0.0,162649.4,-576669.0,392990.2,0.9406,79.059,823.7,11.41356,-76.79219,0.0,0,-1.0,-1.0,-1.0,-1.0,-1.0,0.0,0.0,0.0,0.0
1791578858.79,2544551.5,865.7,153848.8,153848.8,-318.8,618.9,620.6,3.47,206.6,144.76,327.51,0.0,0.0,0.0,0.0,162649.4,-576669.0,392990.2,0.9406,79.059,823.7,11.43333,-76.79657,0.0,0,-1.0,-1.0,-1.0,-1.0,-1.0,0.0,0.0,0.0,0.0
1791578859.29,2544552.0,866.2,153688.7,153688.7,-321.8,620.5,622.2,3.28,206.6,144.76,327.51,0.0,0.0,0.0,0.0,162649.4,-576669.0,392990.2,0.9406,79.059,823.7,11.45311,-76.80093,0.0,0,-1.0,-1.0,-1.0,-1.0,-1.0,0.0,0.0,0.0,0.0
1791578859.8,2544552.5,866.7,153527.0,153527.0,-324.7,622.1,623.8,3.09,206.59,144.76,327.51,0.0,0.0,0.0,0.0,162649.4,-576669.0,392990.2,0.9406,79.059,823.7,11.4729,-76.8053,0.0,0,-1.0,-1.0,-1.0,-1.0,-1.0,0.0,0.0,0.0,0.0
1791578860.3,2544553.0,867.2,153364.0,153364.0,-327.6,623.8,625.4,2.89,206.59,144.76,327.5,0.0,0.0,0.0,0.0,162649.4,-576669.0,392990.2,0.9406,79.059,823.7,11.4927,-76.80967,0.0,0,-1.0,-1.0,-1.0,-1.0,-1.0,0.0,0.0,0.0,0.0
1791578860.8,2544553.5,867.8,153192.8,153192.8,-330.7,625.5,627.1,2.7,206.58,144.76,327.5,0.0,0.0,0.0,0.0,162649.4,-576669.0,392990.2,0.9406,79.059,823.7,11.5133,-76.8142,0.0,0,-1.0,-1.0,-1.0,-1.0,-1.0,0.0,0.0,0.0,0.0
1791578861.3,2544554.0,868.3,153026.8,153026.8,-333.6,627.1,628.7,2.51,206.57,144.76,327.49,0.0,0.0,0.0,0.0,162649.4,-576669.0,392990.2,0.9406,79.059,823.7,11.53311,-76.81856,0.0,0,-1.0,-1.0,-1.0,-1.0,-1.0,0.0,0.0,0.0,0.0
1791578861.81,2544554.5,868.8,152872.7,152872.7,-336.3,628.6,630.2,2.33,206.57,144.76,327.49,0.0,0.0,0.0,0.0,162649.4,-576669.0,392990.2,0.9406,79.059,823.7,11.55135,-76.82257,0.0,0,-1.0,-1.0,-1.0,-1.0,-1.0,0.0,0.0,0.0,0.0
1791578862.31,2544555.0,869.3,152697.1,152697.0,-339.3,630.4,631.9,2.13,206.56,144.76,327.49,0.0,0.0,0.0,0.0,162649.4,-576669.0,392990.2,0.9406,79.059,823.7,11.57197,-76.8271,0.0,0,-1.0,-1.0,-1.0,-1.0,-1.0,0.0,0.0,0.0,0.0
1791578862.81,2544555.5,869.8,152526.7,152526.7,-342.3,632.1,633.6,1.94,206.56,144.76,327.48,0.0,0.0,0.0,0.0,162649.4,-576669.0,392990.2,0.9406,79.059,823.7,11.59182,-76.83146,0.0,0,-1.0,-1.0,-1.0,-1.0,-1.0,0.0,0.0,0.0,0.0
1791578863.31,2544556.0,870.3,152354.8,152354.8,-345.2,633.8,635.3,1.75,206.55,144.77,327.48,0.0,0.0,0.0,0.0,162649.4,-576669.0,392990.2,0.9406,79.059,823.7,11.61167,-76.83581,0.0,0,-1.0,-1.0,-1.0,-1.0,-1.0,0.0,0.0,0.0,0.0
1791578863.82,2544556.5,870.8,152181.5,152181.5,-348.1,635.5,636.9,1.55,206.54,144.77,327.47,0.0,0.0,0.0,0.0,162649.4,-576669.0,392990.2,0.9406,79.059,823.7,11.63153,-76.84016,0.0,0,-1.0,-1.0,-1.0,-1.0,-1.0,0.0,0.0,0.0,0.0
1791578864.32,2544557.0,871.3,152006.7,152006.7,-351.0,637.2,638.6,1.37,206.54,144.77,327.47,0.0,0.0,0.0,0.0,162649.4,-576669.0,392990.2,0.9406,79.059,823.7,11.65139,-76.8445,0.0,0,-1.0,-1.0,-1.0,-1.0,-1.0,0.0,0.0,0.0,0.0
1791578864.82,2544557.5,871.8,151830.4,151830.5,-354.0,638.9,640.3,1.17,206.53,144.77,327.47,0.0,0.0,0.0,0.0,162649.4,-576669.0,392990.2,0.9406,79.059,823.7,11.67127,-76.84885,0.0,0,-1.0,-1.0,-1.0,-1.0,-1.0,0.0,0.0,0.0,0.0
1791578865.32,2544558.0,872.3,151645.6,151645.6,-357.0,640.7,642.1,0.98,206.53,144.77,327.46,0.0,0.0,0.0,0.0,162649.4,-576669.0,392990.2,0.9406,79.059,823.7,11.69195,-76.85336,0.0,0,-1.0,-1.0,-1.0,-1.0,-1.0,0.0,0.0,0.0,0.0
1791578865.82,2544558.5,872.8,151466.3,151466.3,-360.0,642.4,643.8,0.78,206.52,144.77,327.46,0.0,0.0,0.0,0.0,162649.4,-576669.0,392990.2,0.9406,79.059,823.7,11.71185,-76.8577,0.0,0,-1.0,-1.0,-1.0,-1.0,-1.0,0.0,0.0,0.0,0.0
1791578866.32,2544559.0,873.3,151285.6,151285.6,-362.9,644.2,645.6,0.59,206.52,144.77,327.45,0.0,0.0,0.0,0.0,162649.4,-576669.0,392990.2,0.9406,79.059,823.7,11.73176,-76.86203,0.0,0,-1.0,-1.0,-1.0,-1.0,-1.0,0.0,0.0,0.0,0.0
1791578866.83,2544559.6,873.8,151103.4,151103.4,-365.9,646.0,647.3,0.4,206.51,144.77,327.45,0.0,0.0,0.0,0.0,162649.4,-576669.0,392990.2,0.9406,79.059,823.7,11.75167,-76.86637,0.0,0,-1.0,-1.0,-1.0,-1.0,-1.0,0.0,0.0,0.0,0.0
1791578867.33,2544560.1,874.3,150919.8,150919.8,-368.8,647.8,649.1,0.21,206.51,144.77,327.45,0.0,0.0,0.0,0.0,162649.4,-576669.0,392990.2,0.9406,79.059,823.7,11.7716,-76.8707,0.0,0,-1.0,-1.0,-1.0,-1.0,-1.0,0.0,0.0,0.0,0.0
1791578867.83,2544560.6,874.8,150734.6,150734.6,-371.7,649.5,650.8,0.01,206.5,144.77,327.44,0.0,0.0,0.0,0.0,162649.4,-576669.0,392990.2,0.9406,79.059,823.7,11.79153,-76.87503,0.0,0,-1.0,-1.0,-1.0,-1.0,-1.0,0.0,0.0,0.0,0.0
1791578868.33,2544561.0,875.3,150555.5,150555.5,-374.6,651.3,652.5,-0.16,206.49,144.77,327.44,0.0,0.0,0.0,0.0,162649.4,-576669.0,392990.2,0.9406,79.059,823.7,11.81068,-76.87918,0.0,0,-1.0,-1.0,-1.0,-1.0,-1.0,0.0,0.0,0.0,0.0
1791578868.83,2544561.5,875.8,150367.5,150367.5,-377.5,653.1,654.3,-0.36,206.49,144.77,327.43,0.0,0.0,0.0,0.0,162649.4,-576669.0,392990.2,0.9406,79.059,823.7,11.83063,-76.8835,0.0,0,-1.0,-1.0,-1.0,-1.0,-1.0,0.0,0.0,0.0,0.0
1791578869.34,2544562.0,876.3,150178.0,150178.0,-380.5,654.9,656.1,-0.55,206.48,144.77,327.43,0.0,0.0,0.0,0.0,162649.4,-576669.0,392990.2,0.9406,79.059,823.7,11.8506,-76.88782,0.0,0,-1.0,-1.0,-1.0,-1.0,-1.0,0.0,0.0,0.0,0.0
1791578869.84,2544562.5,876.8,149987.0,149987.0,-383.4,656.7,657.9,-0.74,206.48,144.77,327.43,0.0,0.0,0.0,0.0,162649.4,-576669.0,392990.2,0.9406,79.059,823.7,11.87057,-76.89214,0.0,0,-1.0,-1.0,-1.0,-1.0,-1.0,0.0,0.0,0.0,0.0
1791578870.34,2544563.0,877.3,149794.6,149794.6,-386.4,658.6,659.7,-0.93,206.47,144.77,327.42,0.0,0.0,0.0,0.0,162649.4,-576669.0,392990.2,0.9406,79.059,823.7,11.89056,-76.89646,0.0,0,-1.0,-1.0,-1.0,-1.0,-1.0,0.0,0.0,0.0,0.0
1791578870.84,2544563.5,877.8,149600.7,149600.7,-389.3,660.4,661.5,-1.12,206.47,144.77,327.42,0.0,0.0,0.0,0.0,162649.4,-576669.0,392990.2,0.9406,79.059,823.7,11.91055,-76.90077,0.0,0,-1.0,-1.0,-1.0,-1.0,-1.0,0.0,0.0,0.0,0.0
1791578871.34,2544564.0,878.3,149397.5,149397.5,-392.4,662.3,663.4,-1.32,206.46,144.77,327.41,0.0,0.0,0.0,0.0,162649.4,-576669.0,392990.2,0.9406,79.059,823.7,11.93136,-76.90525,0.0,0,-1.0,-1.0,-1.0,-1.0,-1.0,0.0,0.0,0.0,0.0
1791578871.85,2544564.5,878.8,149200.5,149200.5,-395.3,664.2,665.3,-1.51,206.46,144.77,327.41,0.0,0.0,0.0,0.0,162649.4,-576669.0,392990.2,0.9406,79.059,823.7,11.95137,-76.90956,0.0,0,-1.0,-1.0,-1.0,-1.0,-1.0,0.0,0.0,0.0,0.0
1791578872.35,2544565.0,879.3,149010.1,149010.1,-398.2,666.0,667.0,-1.7,206.45,144.77,327.41,0.0,0.0,0.0,0.0,162649.4,-576669.0,392990.2,0.9406,79.059,823.7,11.9706,-76.91369,0.0,0,-1.0,-1.0,-1.0,-1.0,-1.0,0.0,0.0,0.0,0.0
1791578872.85,2544565.5,879.8,148810.3,148810.3,-401.1,667.9,668.9,-1.89,206.45,144.77,327.4,0.0,0.0,0.0,0.0,162649.4,-576669.0,392990.2,0.9406,79.059,823.7,11.99064,-76.91799,0.0,0,-1.0,-1.0,-1.0,-1.0,-1.0,0.0,0.0,0.0,0.0
1791578873.36,2544566.0,880.3,148600.9,148600.9,-404.2,669.9,670.9,-2.09,206.44,144.77,327.4,0.0,0.0,0.0,0.0,162649.4,-576669.0,392990.2,0.9406,79.059,823.7,12.01148,-76.92247,0.0,0,-1.0,-1.0,-1.0,-1.0,-1.0,0.0,0.0,0.0,0.0
1791578873.86,2544566.6,880.8,148389.9,148389.9,-407.3,671.8,672.8,-2.29,206.44,144.78,327.39,0.0,0.0,0.0,0.0,162649.4,-576669.0,392990.2,0.9406,79.059,823.7,12.03235,-76.92693,0.0,0,-1.0,-1.0,-1.0,-1.0,-1.0,0.0,0.0,0.0,0.0
1791578874.37,2544567.1,881.3,148185.5,148185.5,-410.3,673.8,674.7,-2.48,206.43,144.78,327.39,0.0,0.0,0.0,0.0,162649.4,-576669.0,392990.2,0.9406,79.059,823.7,12.05242,-76.93123,0.0,0,-1.0,-1.0,-1.0,-1.0,-1.0,0.0,0.0,0.0,0.0
1791578874.87,2544567.4,881.8,148053.9,148053.9,-412.2,675.0,675.9,-2.6,206.43,144.78,327.39,0.0,0.0,0.0,0.0,162649.4,-576669.0,392990.2,0.9406,79.059,823.7,12.06527,-76.93397,0.0,0,-1.0,-1.0,-1.0,-1.0,-1.0,0.0,0.0,0.0,0.0
1791578875.37,2544567.9,882.3,147838.8,147838.8,-415.2,677.0,677.9,-2.8,206.42,144.78,327.38,0.0,0.0,0.0,0.0,162649.4,-576669.0,392990.2,0.9406,79.059,823.7,12.08616,-76.93843,0.0,0,-1.0,-1.0,-1.0,-1.0,-1.0,0.0,0.0,0.0,0.0
1791578875.87,2544568.4,882.8,147630.4,147630.4,-418.2,678.9,679.8,-2.99,206.42,144.78,327.38,0.0,0.0,0.0,0.0,162649.4,-576669.0,392990.2,0.9406,79.059,823.7,12.10626,-76.94272,0.0,0,-1.0,-1.0,-1.0,-1.0,-1.0,0.0,0.0,0.0,0.0
1791578876.37,2544568.9,883.3,147420.6,147420.6,-421.2,680.9,681.7,-3.18,206.41,144.78,327.37,0.0,0.0,0.0,0.0,162649.4,-576669.0,392990.2,0.9406,79.059,823.7,12.12637,-76.947,0.0,0,-1.0,-1.0,-1.0,-1.0,-1.0,0.0,0.0,0.0,0.0
1791578876.88,2544569.4,883.8,147209.3,147209.3,-424.1,682.9,683.7,-3.38,206.41,144.78,327.37,0.0,0.0,0.0,0.0,162649.4,-576669.0,392990.2,0.9406,79.059,823.7,12.14649,-76.95128,0.0,0,-1.0,-1.0,-1.0,-1.0,-1.0,0.0,0.0,0.0,0.0
1791578877.38,2544569.9,884.3,146987.9,146987.9,-427.2,684.9,685.7,-3.57,206.4,144.78,327.37,0.0,0.0,0.0,0.0,162649.4,-576669.0,392990.2,0.9406,79.059,823.7,12.16743,-76.95573,0.0,0,-1.0,-1.0,-1.0,-1.0,-1.0,0.0,0.0,0.0,0.0
1791578877.88,2544570.4,884.8,146773.6,146773.6,-430.2,686.9,687.6,-3.77,206.4,144.78,327.36,0.0,0.0,0.0,0.0,162649.4,-576669.0,392990.2,0.9406,79.059,823.7,12.18757,-76.96,0.0,0,-1.0,-1.0,-1.0,-1.0,-1.0,0.0,0.0,0.0,0.0
1791578878.38,2544570.9,885.3,146557.7,146557.7,-433.2,688.9,689.6,-3.96,206.39,144.78,327.36,0.0,0.0,0.0,0.0,162649.4,-576669.0,392990.2,0.9406,79.059,823.7,12.20773,-76.96427,0.0,0,-1.0,-1.0,-1.0,-1.0,-1.0,0.0,0.0,0.0,0.0
1791578878.88,2544571.4,885.8,146340.4,146340.4,-436.2,690.9,691.6,-4.15,206.39,144.78,327.35,0.0,0.0,0.0,0.0,162649.4,-576669.0,392990.2,0.9406,79.059,823.7,12.2279,-76.96854,0.0,0,-1.0,-1.0,-1.0,-1.0,-1.0,0.0,0.0,0.0,0.0
1791578879.39,2544571.9,886.3,146121.6,146121.6,-439.1,692.9,693.5,-4.34,206.38,144.78,327.35,0.0,0.0,0.0,0.0,162649.4,-576669.0,392990.2,0.9406,79.059,823.7,12.24808,-76.97281,0.0,0,-1.0,-1.0,-1.0,-1.0,-1.0,0.0,0.0,0.0,0.0
1791578879.89,2544572.4,886.8,145901.3,145901.3,-442.1,694.9,695.5,-4.53,206.38,144.78,327.35,0.0,0.0,0.0,0.0,162649.4,-576669.0,392990.2,0.9406,79.059,823.7,12.26827,-76.97707,0.0,0,-1.0,-1.0,-1.0,-1.0,-1.0,0.0,0.0,0.0,0.0
1791578880.39,2544572.9,887.3,145679.5,145679.5,-445.1,696.9,697.5,-4.72,206.37,144.78,327.34,0.0,0.0,0.0,0.0,162649.4,-576669.0,392990.2,0.9406,79.059,823.7,12.28847,-76.98133,0.0,0,-1.0,-1.0,-1.0,-1.0,-1.0,0.0,0.0,0.0,0.0
1791578880.89,2544573.4,887.8,145456.2,145456.2,-448.1,698.9,699.5,-4.92,206.37,144.78,327.34,0.0,0.0,0.0,0.0,162649.4,-576669.0,392990.2,0.9406,79.059,823.7,12.30869,-76.98558,0.0,0,-1.0,-1.0,-1.0,-1.0,-1.0,0.0,0.0,0.0,0.0
1791578881.39,2544573.9,888.3,145231.4,145231.4,-451.1,701.0,701.6,-5.11,206.36,144.78,327.33,0.0,0.0,0.0,0.0,162649.4,-576669.0,392990.2,0.9406,79.059,823.7,12.32892,-76.98983,0.0,0,-1.0,-1.0,-1.0,-1.0,-1.0,0.0,0.0,0.0,0.0
1791578881.89,2544574.4,888.8,145005.1,145005.1,-454.1,703.0,703.6,-5.3,206.36,144.78,327.33,0.0,0.0,0.0,0.0,162649.4,-576669.0,392990.2,0.9406,79.059,823.7,12.34916,-76.99408,0.0,0,-1.0,-1.0,-1.0,-1.0,-1.0,0.0,0.0,0.0,0.0
1791578882.4,2544574.9,889.3,144768.2,144768.2,-457.2,705.2,705.7,-5.5,206.35,144.78,327.33,0.0,0.0,0.0,0.0,162649.4,-576669.0,392990.2,0.9406,79.059,823.7,12.37022,-76.9985,0.0,0,-1.0,-1.0,-1.0,-1.0,-1.0,0.0,0.0,0.0,0.0
1791578882.9,2544575.4,889.9,144538.9,144538.9,-460.2,707.2,707.7,-5.69,206.35,144.78,327.32,0.0,0.0,0.0,0.0,162649.4,-576669.0,392990.2,0.9406,79.059,823.7,12.39049,-77.00274,0.0,0,-1.0,-1.0,-1.0,-1.0,-1.0,0.0,0.0,0.0,0.0
1791578883.4,2544575.9,890.4,144308.0,144308.0,-463.1,709.3,709.8,-5.88,206.34,144.78,327.32,0.0,0.0,0.0,0.0,162649.4,-576669.0,392990.2,0.9406,79.059,823.7,12.41076,-77.00698,0.0,0,-1.0,-1.0,-1.0,-1.0,-1.0,0.0,0.0,0.0,0.0
1791578883.9,2544576.4,890.9,144075.7,144075.7,-466.1,711.4,711.8,-6.07,206.34,144.78,327.31,0.0,0.0,0.0,0.0,162649.4,-576669.0,392990.2,0.9406,79.059,823.7,12.43105,-77.01122,0.0,0,-1.0,-1.0,-1.0,-1.0,-1.0,0.0,0.0,0.0,0.0
1791578884.41,2544576.9,891.4,143841.9,143841.9,-469.1,713.5,713.9,-6.27,206.34,144.78,327.31,0.0,0.0,0.0,0.0,162649.4,-576669.0,392990.2,0.9406,79.059,823.7,12.45136,-77.01545,0.0,0,-1.0,-1.0,-1.0,-1.0,-1.0,0.0,0.0,0.0,0.0
1791578884.91,2544577.4,891.9,143606.6,143606.6,-472.1,715.6,716.0,-6.46,206.33,144.78,327.3,0.0,0.0,0.0,0.0,162649.4,-576669.0,392990.2,0.9406,79.059,823.7,12.47167,-77.01968,0.0,0,-1.0,-1.0,-1.0,-1.0,-1.0,0.0,0.0,0.0,0.0
1791578885.41,2544578.0,892.4,143369.8,143369.8,-475.1,717.7,718.1,-6.65,206.33,144.78,327.3,0.0,0.0,0.0,0.0,162649.4,-576669.0,392990.2,0.9406,79.059,823.7,12.492,-77.02391,0.0,0,-1.0,-1.0,-1.0,-1.0,-1.0,0.0,0.0,0.0,0.0
1791578885.91,2544578.4,892.9,143131.4,143131.4,-478.1,719.8,720.2,-6.84,206.32,144.78,327.3,0.0,0.0,0.0,0.0,162649.4,-576669.0,392990.2,0.9406,79.059,823.7,12.51234,-77.02813,0.0,0,-1.0,-1.0,-1.0,-1.0,-1.0,0.0,0.0,0.0,0.0
1791578886.41,2544579.0,893.4,142891.6,142891.6,-481.1,722.0,722.3,-7.03,206.32,144.78,327.29,0.0,0.0,0.0,0.0,162649.4,-576669.0,392990.2,0.9406,79.059,823.7,12.5327,-77.03235,0.0,0,-1.0,-1.0,-1.0,-1.0,-1.0,0.0,0.0,0.0,0.0
1791578886.92,2544579.5,893.9,142650.3,142650.3,-484.1,724.1,724.4,-7.23,206.31,144.78,327.29,0.0,0.0,0.0,0.0,162649.4,-576669.0,392990.2,0.9406,79.059,823.7,12.55306,-77.03657,0.0,0,-1.0,-1.0,-1.0,-1.0,-1.0,0.0,0.0,0.0,0.0
1791578887.42,2544580.0,894.4,142397.7,142397.7,-487.3,726.3,726.6,-7.42,206.31,144.78,327.28,0.0,0.0,0.0,0.0,162649.4,-576669.0,392990.2,0.9406,79.059,823.7,12.57426,-77.04095,0.0,0,-1.0,-1.0,-1.0,-1.0,-1.0,0.0,0.0,0.0,0.0
1791578887.92,2544580.5,894.9,142153.4,142153.4,-490.3,728.5,728.7,-7.62,206.3,144.78,327.28,0.0,0.0,0.0,0.0,162649.4,-576669.0,392990.2,0.9406,79.059,823.7,12.59465,-77.04516,0.0,0,-1.0,-1.0,-1.0,-1.0,-1.0,0.0,0.0,0.0,0.0
1791578888.42,2544581.0,895.4,141907.5,141907.5,-493.3,730.6,730.9,-7.81,206.3,144.78,327.28,0.0,0.0,0.0,0.0,162649.4,-576669.0,392990.2,0.9406,79.059,823.7,12.61506,-77.04937,0.0,0,-1.0,-1.0,-1.0,-1.0,-1.0,0.0,0.0,0.0,0.0
1791578888.92,2544581.5,895.9,141660.1,141660.1,-496.3,732.8,733.0,-8.0,206.29,144.78,327.27,0.0,0.0,0.0,0.0,162649.4,-576669.0,392990.2,0.9406,79.059,823.7,12.63548,-77.05357,0.0,0,-1.0,-1.0,-1.0,-1.0,-1.0,0.0,0.0,0.0,0.0
1791578889.43,2544582.0,896.4,141411.2,141411.2,-499.3,735.0,735.2,-8.19,206.29,144.78,327.27,0.0,0.0,0.0,0.0,162649.4,-576669.0,392990.2,0.9406,79.059,823.7,12.65592,-77.05777,0.0,0,-1.0,-1.0,-1.0,-1.0,-1.0,0.0,0.0,0.0,0.0
1791578889.93,2544582.5,896.9,141160.7,141160.7,-502.3,737.2,737.3,-8.38,206.29,144.77,327.26,0.0,0.0,0.0,0.0,162649.4,-576669.0,392990.2,0.9406,79.059,823.7,12.67637,-77.06197,0.0,0,-1.0,-1.0,-1.0,-1.0,-1.0,0.0,0.0,0.0,0.0
1791578890.43,2544583.0,897.4,140908.8,140908.8,-505.4,739.4,739.5,-8.58,206.28,144.77,327.26,0.0,0.0,0.0,0.0,162649.4,-576669.0,392990.2,0.9406,79.059,823.7,12.69683,-77.06616,0.0,0,-1.0,-1.0,-1.0,-1.0,-1.0,0.0,0.0,0.0,0.0
1791578890.93,2544583.5,897.9,140655.4,140655.4,-508.4,741.6,741.7,-8.77,206.28,144.77,327.25,0.0,0.0,0.0,0.0,162649.4,-576669.0,392990.2,0.9406,79.059,823.7,12.71731,-77.07035,0.0,0,-1.0,-1.0,-1.0,-1.0,-1.0,0.0,0.0,0.0,0.0
1791578891.43,2544584.0,898.4,140400.4,140400.4,-511.4,743.8,743.8,-8.96,206.27,144.77,327.25,0.0,0.0,0.0,0.0,162649.4,-576669.0,392990.2,0.9406,79.059,823.7,12.7378,-77.07454,0.0,0,-1.0,-1.0,-1.0,-1.0,-1.0,0.0,0.0,0.0,0.0
1791578891.94,2544584.5,898.9,140144.0,140144.0,-514.4,746.0,746.0,-9.15,206.27,144.77,327.25,0.0,0.0,0.0,0.0,162649.4,-576669.0,392990.2,0.9406,79.059,823.7,12.7583,-77.07872,0.0,0,-1.0,-1.0,-1.0,-1.0,-1.0,0.0,0.0,0.0,0.0
1791578892.44,2544585.0,899.4,139875.7,139875.7,-517.6,748.3,748.3,-9.35,206.26,144.77,327.24,0.0,0.0,0.0,0.0,162649.4,-576669.0,392990.2,0.9406,79.059,823.7,12.77964,-77.08307,0.0,0,-1.0,-1.0,-1.0,-1.0,-1.0,0.0,0.0,0.0,0.0
1791578892.94,2544585.5,899.9,139626.5,139626.5,-520.5,750.5,750.4,-9.54,206.26,144.77,327.24,0.0,0.0,0.0,0.0,162649.4,-576669.0,392990.2,0.9406,79.059,823.7,12.79935,-77.08707,0.0,0,-1.0,-1.0,-1.0,-1.0,-1.0,0.0,0.0,0.0,0.0
1791578893.44,2544586.0,900.4,139365.5,139365.5,-523.5,752.7,752.7,-9.73,206.26,144.77,327.23,0.0,0.0,0.0,0.0,162649.4,-576669.0,392990.2,0.9406,79.059,823.7,12.8199,-77.09125,0.0,0,-1.0,-1.0,-1.0,-1.0,-1.0,0.0,0.0,0.0,0.0
1791578893.94,2544586.5,900.9,139103.0,139103.0,-526.6,755.0,754.9,-9.92,206.25,144.77,327.23,0.0,0.0,0.0,0.0,162649.4,-576669.0,392990.2,0.9406,79.059,823.7,12.84046,-77.09541,0.0,0,-1.0,-1.0,-1.0,-1.0,-1.0,0.0,0.0,0.0,0.0
1791578894.44,2544587.0,901.4,138839.0,138839.0,-529.6,757.2,757.1,-10.11,206.25,144.77,327.23,0.0,0.0,0.0,0.0,162649.4,-576669.0,392990.2,0.9406,79.059,823.7,12.86104,-77.09958,0.0,0,-1.0,-1.0,-1.0,-1.0,-1.0,0.0,0.0,0.0,0.0
1791578894.95,2544587.5,901.9,138562.8,138562.8,-532.7,759.6,759.5,-10.31,206.24,144.77,327.22,0.0,0.0,0.0,0.0,162649.4,-576669.0,392990.2,0.9406,79.059,823.7,12.88246,-77.1039,0.0,0,-1.0,-1.0,-1.0,-1.0,-1.0,0.0,0.0,0.0,0.0
1791578895.45,2544587.9,902.4,138359.9,138359.9,-535.1,761.3,761.2,-10.46,206.24,144.77,327.22,0.0,0.0,0.0,0.0,162649.4,-576669.0,392990.2,0.9406,79.059,823.7,12.89812,-77.10706,0.0,0,-1.0,-1.0,-1.0,-1.0,-1.0,0.0,0.0,0.0,0.0
1791578895.95,2544587.9,902.9,138359.9,138359.9,-535.1,761.3,761.2,-10.46,206.24,144.77,327.22,0.0,0.0,0.0,0.0,162649.4,-576669.0,392990.2,0.9406,79.059,823.7,12.89812,-77.10706,0.0,0,-1.0,-1.0,-1.0,-1.0,-1.0,0.0,0.0,0.0,0.0
1791578896.45,2544587.9,903.4,138338.5,138338.5,-535.3,761.5,761.3,-10.47,206.24,144.77,327.22,0.0,0.0,0.0,0.0,162649.4,-576669.0,392990.2,0.9406,79.059,823.7,12.89976,-77.1074,0.0,0,-1.0,-1.0,-1.0,-1.0,-1.0,0.0,0.0,0.0,0.0
1791578896.95,2544587.9,903.9,138338.5,138338.5,-535.3,761.5,761.3,-10.47,206.24,144.77,327.22,0.0,0.0,0.0,0.0,162649.4,-576669.0,392990.2,0.9406,79.059,823.7,12.89976,-77.1074,0.0,0,-1.0,-1.0,-1.0,-1.0,-1.0,0.0,0.0,0.0,0.0
1791578897.45,2544587.9,904.4,138317.1,138317.1,-535.5,761.7,761.5,-10.49,206.24,144.77,327.22,0.0,0.0,0.0,0.0,162649.4,-576669.0,392990.2,0.9406,79.059,823.7,12.90141,-77.10773,0.0,0,-1.0,-1.0,-1.0,-1.0,-1.0,0.0,0.0,0.0,0.0
1791578897.96,2544587.9,904.9,138317.1,138317.1,-535.5,761.7,761.5,-10.49,206.24,144.77,327.22,0.0,0.0,0.0,0.0,162649.4,-576669.0,392990.2,0.9406,79.059,823.7,12.90141,-77.10773,0.0,0,-1.0,-1.0,-1.0,-1.0,-1.0,0.0,0.0,0.0,0.0
1791578898.46,2544588.0,905.4,138295.7,138295.7,-535.8,761.9,761.7,-10.5,206.24,144.77,327.22,0.0,0.0,0.0,0.0,162649.4,-576669.0,392990.2,0.9406,79.059,823.7,12.90306,-77.10806,0.0,0,-1.0,-1.0,-1.0,-1.0,-1.0,0.0,0.0,0.0,0.0
1791578898.96,2544588.0,905.9,138295.7,138295.7,-535.8,761.9,761.7,-10.5,206.24,144.77,327.22,0.0,0.0,0.0,0.0,162649.4,-576669.0,392990.2,0.9406,79.059,823.7,12.90306,-77.10806,0.0,0,-1.0,-1.0,-1.0,-1.0,-1.0,0.0,0.0,0.0,0.0
1791578899.46,2544588.0,906.4,138274.2,138274.2,-536.0,762.0,761.9,-10.52,206.24,144.77,327.22,0.0,0.0,0.0,0.0,162649.4,-576669.0,392990.2,0.9406,79.059,823.7,12.90471,-77.10839,0.0,0,-1.0,-1.0,-1.0,-1.0,-1.0,0.0,0.0,0.0,0.0
1791578899.96,2544588.0,906.9,138274.2,138274.2,-536.0,762.0,761.9,-10.52,206.24,144.77,327.22,0.0,0.0,0.0,0.0,162649.4,-576669.0,392990.2,0.9406,79.059,823.7,12.90471,-77.10839,0.0,0,-1.0,-1.0,-1.0,-1.0,-1.0,0.0,0.0,0.0,0.0
1791578900.46,2544588.1,907.4,138252.8,138252.8,-536.3,762.2,762.1,-10.54,206.24,144.77,327.22,0.0,0.0,0.0,0.0,162649.4,-576669.0,392990.2,0.9406,79.059,823.7,12.90636,-77.10873,0.0,0,-1.0,-1.0,-1.0,-1.0,-1.0,0.0,0.0,0.0,0.0
1791578900.97,2544588.1,907.9,138252.8,138252.8,-536.3,762.2,762.1,-10.54,206.24,144.77,327.22,0.0,0.0,0.0,0.0,162649.4,-576669.0,392990.2,0.9406,79.059,823.7,12.90636,-77.10873,0.0,0,-1.0,-1.0,-1.0,-1.0,-1.0,0.0,0.0,0.0,0.0
1791578901.47,2544588.1,908.4,138231.3,138231.3,-536.5,762.4,762.2,-10.55,206.24,144.77,327.22,0.0,0.0,0.0,0.0,162649.4,-576669.0,392990.2,0.9406,79.059,823.7,12.90801,-77.10906,0.0,0,-1.0,-1.0,-1.0,-1.0,-1.0,0.0,0.0,0.0,0.0
1791578901.97,2544588.1,908.9,138231.3,138231.3,-536.5,762.4,762.2,-10.55,206.24,144.77,327.22,0.0,0.0,0.0,0.0,162649.4,-576669.0,392990.2,0.9406,79.059,823.7,12.90801,-77.10906,0.0,0,-1.0,-1.0,-1.0,-1.0,-1.0,0.0,0.0,0.0,0.0
1791578902.47,2544588.1,909.4,138209.9,138209.8,-536.8,762.6,762.4,-10.57,206.24,144.77,327.22,0.0,0.0,0.0,0.0,162649.4,-576669.0,392990.2,0.9406,79.059,823.7,12.90966,-77.10939,0.0,0,-1.0,-1.0,-1.0,-1.0,-1.0,0.0,0.0,0.0,0.0
1791578902.97,2544588.1,909.9,138209.9,138209.8,-536.8,762.6,762.4,-10.57,206.24,144.77,327.22,0.0,0.0,0.0,0.0,162649.4,-576669.0,392990.2,0.9406,79.059,823.7,12.90966,-77.10939,0.0,0,-1.0,-1.0,-1.0,-1.0,-1.0,0.0,0.0,0.0,0.0
1791578903.47,2544588.2,910.4,138188.4,138188.4,-537.0,762.8,762.6,-10.58,206.24,144.77,327.22,0.0,0.0,0.0,0.0,162649.4,-576669.0,392990.2,0.9406,79.059,823.7,12.91131,-77.10972,0.0,0,-1.0,-1.0,-1.0,-1.0,-1.0,0.0,0.0,0.0,0.0
1791578903.97,2544588.2,910.9,138188.4,138188.4,-537.0,762.8,762.6,-10.58,206.24,144.77,327.22,0.0,0.0,0.0,0.0,162649.4,-576669.0,392990.2,0.9406,79.059,823.7,12.91131,-77.10972,0.0,0,-1.0,-1.0,-1.0,-1.0,-1.0,0.0,0.0,0.0,0.0
1791578904.48,2544588.2,911.4,138166.9,138166.9,-537.2,762.9,762.8,-10.6,206.24,144.77,327.22,0.0,0.0,0.0,0.0,162649.4,-576669.0,392990.2,0.9406,79.059,823.7,12.91296,-77.11006,0.0,0,-1.0,-1.0,-1.0,-1.0,-1.0,0.0,0.0,0.0,0.0
1791578904.98,2544588.2,911.9,138166.9,138166.9,-537.2,762.9,762.8,-10.6,206.24,144.77,327.22,0.0,0.0,0.0,0.0,162649.4,-576669.0,392990.2,0.9406,79.059,823.7,12.91296,-77.11006,0.0,0,-1.0,-1.0,-1.0,-1.0,-1.0,0.0,0.0,0.0,0.0
1791578905.48,2544588.3,912.4,138145.4,138145.4,-537.5,763.1,763.0,-10.61,206.24,144.77,327.21,0.0,0.0,0.0,0.0,162649.4,-576669.0,392990.2,0.9406,79.059,823.7,12.91461,-77.11039,0.0,0,-1.0,-1.0,-1.0,-1.0,-1.0,0.0,0.0,0.0,0.0
1791578905.98,2544588.3,912.9,138145.4,138145.4,-537.5,763.1,763.0,-10.61,206.24,144.77,327.21,0.0,0.0,0.0,0.0,162649.4,-576669.0,392990.2,0.9406,79.059,823.7,12.91461,-77.11039,0.0,0,-1.0,-1.0,-1.0,-1.0,-1.0,0.0,0.0,0.0,0.0
1791578906.48,2544588.3,913.4,138123.9,138123.9,-537.7,763.3,763.1,-10.63,206.24,144.77,327.21,0.0,0.0,0.0,0.0,162649.4,-576669.0,392990.2,0.9406,79.059,823.7,12.91626,-77.11072,0.0,0,-1.0,-1.0,-1.0,-1.0,-1.0,0.0,0.0,0.0,0.0
1791578906.98,2544588.3,913.9,138123.9,138123.9,-537.7,763.3,763.1,-10.63,206.24,144.77,327.21,0.0,0.0,0.0,0.0,162649.4,-576669.0,392990.2,0.9406,79.059,823.7,12.91626,-77.11072,0.0,0,-1.0,-1.0,-1.0,-1.0,-1.0,0.0,0.0,0.0,0.0
1791578907.48,2544588.3,914.4,138102.4,138102.4,-538.0,763.5,763.3,-10.64,206.24,144.77,327.21,0.0,0.0,0.0,0.0,162649.4,-576669.0,392990.2,0.9406,79.059,823.7,12.91791,-77.11105,0.0,0,-1.0,-1.0,-1.0,-1.0,-1.0,0.0,0.0,0.0,0.0
1791578907.99,2544588.3,914.9,138102.4,138102.4,-538.0,763.5,763.3,-10.64,206.24,144.77,327.21,0.0,0.0,0.0,0.0,162649.4,-576669.0,392990.2,0.9406,79.059,823.7,12.91791,-77.11105,0.0,0,-1.0,-1.0,-1.0,-1.0,-1.0,0.0,0.0,0.0,0.0
1791578908.49,2544588.4,915.4,138080.9,138080.9,-538.2,763.7,763.5,-10.66,206.24,144.77,327.21,0.0,0.0,0.0,0.0,162649.4,-576669.0,392990.2,0.9406,79.059,823.7,12.91956,-77.11138,0.0,0,-1.0,-1.0,-1.0,-1.0,-1.0,0.0,0.0,0.0,0.0
1791578909.0,2544588.4,915.9,138080.9,138080.9,-538.2,763.7,763.5,-10.66,206.24,144.77,327.21,0.0,0.0,0.0,0.0,162649.4,-576669.0,392990.2,0.9406,79.059,823.7,12.91956,-77.11138,0.0,0,-1.0,-1.0,-1.0,-1.0,-1.0,0.0,0.0,0.0,0.0
1791578909.5,2544588.4,916.4,138059.3,138059.3,-538.5,763.9,763.7,-10.67,206.24,144.77,327.21,0.0,0.0,0.0,0.0,162649.4,-576669.0,392990.2,0.9406,79.059,823.7,12.92121,-77.11172,0.0,0,-1.0,-1.0,-1.0,-1.0,-1.0,0.0,0.0,0.0,0.0
1791578910.0,2544588.4,916.9,138059.3,138059.3,-538.5,763.9,763.7,-10.67,206.24,144.77,327.21,0.0,0.0,0.0,0.0,162649.4,-576669.0,392990.2,0.9406,79.059,823.7,12.92121,-77.11172,0.0,0,-1.0,-1.0,-1.0,-1.0,-1.0,0.0,0.0,0.0,0.0
1791578910.5,2544588.5,917.5,138059.3,138059.3,-538.5,763.9,763.7,-10.68,206.24,144.77,327.21,0.0,0.0,0.0,0.0,162649.4,-576669.0,392990.2,0.9406,79.059,823.7,12.92121,-77.11172,0.0,0,-1.0,-1.0,-1.0,-1.0,-1.0,0.0,0.0,0.0,0.0
1791578911.0,2544588.5,918.0,138037.8,138037.8,-538.7,764.0,763.9,-10.69,206.24,144.77,327.21,0.0,0.0,0.0,0.0,162649.4,-576669.0,392990.2,0.9406,79.059,823.7,12.92286,-77.11205,0.0,0,-1.0,-1.0,-1.0,-1.0,-1.0,0.0,0.0,0.0,0.0
1791578911.5,2544588.5,918.5,138037.8,138037.8,-538.7,764.0,763.9,-10.69,206.24,144.77,327.21,0.0,0.0,0.0,0.0,162649.4,-576669.0,392990.2,0.9406,79.059,823.7,12.92286,-77.11205,0.0,0,-1.0,-1.0,-1.0,-1.0,-1.0,0.0,0.0,0.0,0.0
1791578912.0,2544588.5,919.0,138016.2,138016.2,-538.9,764.2,764.0,-10.7,206.24,144.77,327.21,0.0,0.0,0.0,0.0,162649.4,-576669.0,392990.2,0.9406,79.059,823.7,12.92451,-77.11238,0.0,0,-1.0,-1.0,-1.0,-1.0,-1.0,0.0,0.0,0.0,0.0
1791578912.51,2544588.5,919.5,138016.2,138016.2,-538.9,764.2,764.0,-10.7,206.24,144.77,327.21,0.0,0.0,0.0,0.0,162649.4,-576669.0,392990.2,0.9406,79.059,823.7,12.92451,-77.11238,0.0,0,-1.0,-1.0,-1.0,-1.0,-1.0,0.0,0.0,0.0,0.0
1791578913.01,2544588.5,920.0,137994.7,137994.7,-539.2,764.4,764.2,-10.72,206.24,144.77,327.21,0.0,0.0,0.0,0.0,162649.4,-576669.0,392990.2,0.9406,79.059,823.7,12.92616,-77.11271,0.0,0,-1.0,-1.0,-1.0,-1.0,-1.0,0.0,0.0,0.0,0.0
1791578913.51,2544588.5,920.5,137994.7,137994.7,-539.2,764.4,764.2,-10.72,206.24,144.77,327.21,0.0,0.0,0.0,0.0,162649.4,-576669.0,392990.2,0.9406,79.059,823.7,12.92616,-77.11271,0.0,0,-1.0,-1.0,-1.0,-1.0,-1.0,0.0,0.0,0.0,0.0
1791578914.01,2544588.6,921.0,137973.1,137973.1,-539.4,764.6,764.4,-10.74,206.23,144.77,327.21,0.0,0.0,0.0,0.0,162649.4,-576669.0,392990.2,0.9406,79.059,823.7,12.92781,-77.11304,0.0,0,-1.0,-1.0,-1.0,-1.0,-1.0,0.0,0.0,0.0,0.0
1791578914.52,2544588.6,921.5,137973.1,137973.1,-539.4,764.6,764.4,-10.74,206.23,144.77,327.21,0.0,0.0,0.0,0.0,162649.4,-576669.0,392990.2,0.9406,79.059,823.7,12.92781,-77.11304,0.0,0,-1.0,-1.0,-1.0,-1.0,-1.0,0.0,0.0,0.0,0.0
1791578915.02,2544588.6,922.0,137951.5,137951.5,-539.7,764.8,764.6,-10.75,206.23,144.77,327.21,0.0,0.0,0.0,0.0,162649.4,-576669.0,392990.2,0.9406,79.059,823.7,12.92946,-77.11338,0.0,0,-1.0,-1.0,-1.0,-1.0,-1.0,0.0,0.0,0.0,0.0
1791578915.52,2544588.6,922.5,137951.5,137951.5,-539.7,764.8,764.6,-10.75,206.23,144.77,327.21,0.0,0.0,0.0,0.0,162649.4,-576669.0,392990.2,0.9406,79.059,823.7,12.92946,-77.11338,0.0,0,-1.0,-1.0,-1.0,-1.0,-1.0,0.0,0.0,0.0,0.0
1791578916.02,2544588.7,923.0,137929.9,137929.9,-539.9,765.0,764.8,-10.77,206.23,144.77,327.21,0.0,0.0,0.0,0.0,162649.4,-576669.0,392990.2,0.9406,79.059,823.7,12.93111,-77.11371,0.0,0,-1.0,-1.0,-1.0,-1.0,-1.0,0.0,0.0,0.0,0.0
1791578916.52,2544588.7,923.5,137929.9,137929.9,-539.9,765.0,764.8,-10.77,206.23,144.77,327.21,0.0,0.0,0.0,0.0,162649.4,-576669.0,392990.2,0.9406,79.059,823.7,12.93111,-77.11371,0.0,0,-1.0,-1.0,-1.0,-1.0,-1.0,0.0,0.0,0.0,0.0
1791578917.03,2544588.7,924.0,137908.3,137908.3,-540.2,765.1,765.0,-10.78,206.23,144.77,327.21,0.0,0.0,0.0,0.0,162649.4,-576669.0,392990.2,0.9406,79.059,823.7,12.93276,-77.11404,0.0,0,-1.0,-1.0,-1.0,-1.0,-1.0,0.0,0.0,0.0,0.0
1791578917.53,2544588.7,924.5,137908.3,137908.3,-540.2,765.1,765.0,-10.78,206.23,144.77,327.21,0.0,0.0,0.0,0.0,162649.4,-576669.0,392990.2,0.9406,79.059,823.7,12.93276,-77.11404,0.0,0,-1.0,-1.0,-1.0,-1.0,-1.0,0.0,0.0,0.0,0.0
1791578918.03,2544588.7,925.0,137886.7,137886.7,-540.4,765.3,765.1,-10.8,206.23,144.77,327.21,0.0,0.0,0.0,0.0,162649.4,-576669.0,392990.2,0.9406,79.059,823.7,12.93441,-77.11437,0.0,0,-1.0,-1.0,-1.0,-1.0,-1.0,0.0,0.0,0.0,0.0
1791578918.53,2544588.7,925.5,137886.7,137886.7,-540.4,765.3,765.1,-10.8,206.23,144.77,327.21,0.0,0.0,0.0,0.0,162649.4,-576669.0,392990.2,0.9406,79.059,823.7,12.93441,-77.11437,0.0,0,-1.0,-1.0,-1.0,-1.0,-1.0,0.0,0.0,0.0,0.0
1791578919.03,2544588.8,926.0,137865.1,137865.1,-540.7,765.5,765.3,-10.81,206.23,144.77,327.21,0.0,0.0,0.0,0.0,162649.4,-576669.0,392990.2,0.9406,79.059,823.7,12.93606,-77.1147,0.0,0,-1.0,-1.0,-1.0,-1.0,-1.0,0.0,0.0,0.0,0.0
1791578919.53,2544588.8,926.5,137865.1,137865.1,-540.7,765.5,765.3,-10.81,206.23,144.77,327.21,0.0,0.0,0.0,0.0,162649.4,-576669.0,392990.2,0.9406,79.059,823.7,12.93606,-77.1147,0.0,0,-1.0,-1.0,-1.0,-1.0,-1.0,0.0,0.0,0.0,0.0
1791578920.04,2544588.8,927.0,137843.5,137843.5,-540.9,765.7,765.5,-10.83,206.23,144.77,327.21,0.0,0.0,0.0,0.0,162649.4,-576669.0,392990.2,0.9406,79.059,823.7,12.93771,-77.11504,0.0,0,-1.0,-1.0,-1.0,-1.0,-1.0,0.0,0.0,0.0,0.0
1791578920.54,2544588.8,927.5,137843.5,137843.5,-540.9,765.7,765.5,-10.83,206.23,144.77,327.21,0.0,0.0,0.0,0.0,162649.4,-576669.0,392990.2,0.9406,79.059,823.7,12.93771,-77.11504,0.0,0,-1.0,-1.0,-1.0,-1.0,-1.0,0.0,0.0,0.0,0.0
1791578921.04,2544588.9,928.0,137821.8,137821.8,-541.1,765.9,765.7,-10.84,206.23,144.77,327.21,0.0,0.0,0.0,0.0,162649.4,-576669.0,392990.2,0.9406,79.059,823.7,12.93937,-77.11537,0.0,0,-1.0,-1.0,-1.0,-1.0,-1.0,0.0,0.0,0.0,0.0
1791578921.54,2544588.9,928.5,137821.8,137821.8,-541.1,765.9,765.7,-10.84,206.23,144.77,327.21,0.0,0.0,0.0,0.0,162649.4,-576669.0,392990.2,0.9406,79.059,823.7,12.93937,-77.11537,0.0,0,-1.0,-1.0,-1.0,-1.0,-1.0,0.0,0.0,0.0,0.0
1791578922.04,2544588.9,929.0,137800.2,137800.2,-541.4,766.1,765.9,-10.86,206.23,144.77,327.21,0.0,0.0,0.0,0.0,162649.4,-576669.0,392990.2,0.9406,79.059,823.7,12.94102,-77.1157,0.0,0,-1.0,-1.0,-1.0,-1.0,-1.0,0.0,0.0,0.0,0.0
1791578922.54,2544588.9,929.5,137800.2,137800.2,-541.4,766.1,765.9,-10.86,206.23,144.77,327.21,0.0,0.0,0.0,0.0,162649.4,-576669.0,392990.2,0.9406,79.059,823.7,12.94102,-77.1157,0.0,0,-1.0,-1.0,-1.0,-1.0,-1.0,0.0,0.0,0.0,0.0
1791578923.04,2544588.9,930.0,137778.5,137778.5,-541.6,766.2,766.0,-10.87,206.23,144.77,327.21,0.0,0.0,0.0,0.0,162649.4,-576669.0,392990.2,0.9406,79.059,823.7,12.94267,-77.11603,0.0,0,-1.0,-1.0,-1.0,-1.0,-1.0,0.0,0.0,0.0,0.0
1791578923.55,2544588.9,930.5,137778.5,137778.5,-541.6,766.2,766.0,-10.87,206.23,144.77,327.21,0.0,0.0,0.0,0.0,162649.4,-576669.0,392990.2,0.9406,79.059,823.7,12.94267,-77.11603,0.0,0,-1.0,-1.0,-1.0,-1.0,-1.0,0.0,0.0,0.0,0.0
1791578924.05,2544589.0,931.0,137756.8,137756.8,-541.9,766.4,766.2,-10.89,206.23,144.77,327.21,0.0,0.0,0.0,0.0,162649.4,-576669.0,392990.2,0.9406,79.059,823.7,12.94432,-77.11636,0.0,0,-1.0,-1.0,-1.0,-1.0,-1.0,0.0,0.0,0.0,0.0
1791578924.55,2544589.0,931.5,137756.8,137756.8,-541.9,766.4,766.2,-10.89,206.23,144.77,327.21,0.0,0.0,0.0,0.0,162649.4,-576669.0,392990.2,0.9406,79.059,823.7,12.94432,-77.11636,0.0,0,-1.0,-1.0,-1.0,-1.0,-1.0,0.0,0.0,0.0,0.0
1791578925.05,2544589.0,932.0,137735.2,137735.2,-542.1,766.6,766.4,-10.9,206.23,144.77,327.21,0.0,0.0,0.0,0.0,162649.4,-576669.0,392990.2,0.9406,79.059,823.7,12.94597,-77.1167,0.0,0,-1.0,-1.0,-1.0,-1.0,-1.0,0.0,0.0,0.0,0.0
1791578925.55,2544589.0,932.5,137735.2,137735.2,-542.1,766.6,766.4,-10.9,206.23,144.77,327.21,0.0,0.0,0.0,0.0,162649.4,-576669.0,392990.2,0.9406,79.059,823.7,12.94597,-77.1167,0.0,0,-1.0,-1.0,-1.0,-1.0,-1.0,0.0,0.0,0.0,0.0
1791578926.05,2544589.1,933.0,137713.5,137713.5,-542.4,766.8,766.6,-10.92,206.23,144.77,327.21,0.0,0.0,0.0,0.0,162649.4,-576669.0,392990.2,0.9406,79.059,823.7,12.94762,-77.11703,0.0,0,-1.0,-1.0,-1.0,-1.0,-1.0,0.0,0.0,0.0,0.0
1791578926.55,2544589.1,933.5,137713.5,137713.5,-542.4,766.8,766.6,-10.92,206.23,144.77,327.21,0.0,0.0,0.0,0.0,162649.4,-576669.0,392990.2,0.9406,79.059,823.7,12.94762,-77.11703,0.0,0,-1.0,-1.0,-1.0,-1.0,-1.0,0.0,0.0,0.0,0.0
1791578927.06,2544589.4,934.0,137517.8,137517.8,-544.6,768.4,768.2,-11.06,206.23,144.77,327.21,0.0,0.0,0.0,0.0,162649.4,-576669.0,392990.2,0.9406,79.059,823.7,12.96249,-77.12001,0.0,0,-1.0,-1.0,-1.0,-1.0,-1.0,0.0,0.0,0.0,0.0
1791578927.56,2544589.9,934.5,137244.8,137244.8,-547.6,770.7,770.5,-11.25,206.22,144.77,327.2,0.0,0.0,0.0,0.0,162649.4,-576669.0,392990.2,0.9406,79.059,823.7,12.98316,-77.12415,0.0,0,-1.0,-1.0,-1.0,-1.0,-1.0,0.0,0.0,0.0,0.0
1791578928.07,2544590.4,935.0,136970.2,136970.2,-550.7,773.1,772.8,-11.44,206.22,144.77,327.2,0.0,0.0,0.0,0.0,162649.4,-576669.0,392990.2,0.9406,79.059,823.7,13.00384,-77.12829,0.0,0,-1.0,-1.0,-1.0,-1.0,-1.0,0.0,0.0,0.0,0.0
1791578928.57,2544590.9,935.5,136683.1,136683.1,-553.8,775.5,775.2,-11.64,206.22,144.77,327.19,0.0,0.0,0.0,0.0,162649.4,-576669.0,392990.2,0.9406,79.059,823.7,13.02536,-77.13259,0.0,0,-1.0,-1.0,-1.0,-1.0,-1.0,0.0,0.0,0.0,0.0
1791578929.08,2544591.4,936.0,136405.4,136405.4,-556.9,777.8,777.5,-11.83,206.21,144.77,327.19,0.0,0.0,0.0,0.0,162649.4,-576669.0,392990.2,0.9406,79.059,823.7,13.04607,-77.13672,0.0,0,-1.0,-1.0,-1.0,-1.0,-1.0,0.0,0.0,0.0,0.0
1791578929.58,2544591.9,936.5,136126.2,136126.2,-559.9,780.1,779.8,-12.03,206.21,144.77,327.18,0.0,0.0,0.0,0.0,162649.4,-576669.0,392990.2,0.9406,79.059,823.7,13.0668,-77.14085,0.0,0,-1.0,-1.0,-1.0,-1.0,-1.0,0.0,0.0,0.0,0.0
1791578930.09,2544592.4,937.0,135845.5,135845.5,-563.0,782.5,782.1,-12.22,206.2,144.77,327.18,0.0,0.0,0.0,0.0,162649.4,-576669.0,392990.2,0.9406,79.059,823.7,13.08754,-77.14497,0.0,0,-1.0,-1.0,-1.0,-1.0,-1.0,0.0,0.0,0.0,0.0
1791578930.59,2544593.0,937.5,135551.9,135551.9,-566.2,784.9,784.5,-12.42,206.2,144.77,327.18,0.0,0.0,0.0,0.0,162649.4,-576669.0,392990.2,0.9406,79.059,823.7,13.10913,-77.14925,0.0,0,-1.0,-1.0,-1.0,-1.0,-1.0,0.0,0.0,0.0,0.0
1791578931.1,2544593.5,938.1,135268.0,135268.0,-569.2,787.3,786.9,-12.61,206.2,144.77,327.17,0.0,0.0,0.0,0.0,162649.4,-576669.0,392990.2,0.9406,79.059,823.7,13.12991,-77.15337,0.0,0,-1.0,-1.0,-1.0,-1.0,-1.0,0.0,0.0,0.0,0.0
1791578931.6,2544593.8,938.6,135074.1,135074.1,-571.3,788.9,788.4,-12.74,206.19,144.77,327.17,0.0,0.0,0.0,0.0,162649.4,-576669.0,392990.2,0.9406,79.059,823.7,13.14405,-77.15616,0.0,0,-1.0,-1.0,-1.0,-1.0,-1.0,0.0,0.0,0.0,0.0
1791578932.1,2544594.3,939.1,134787.7,134787.7,-574.4,791.3,790.8,-12.93,206.19,144.77,327.16,0.0,0.0,0.0,0.0,162649.4,-576669.0,392990.2,0.9406,79.059,823.7,13.16485,-77.16027,0.0,0,-1.0,-1.0,-1.0,-1.0,-1.0,0.0,0.0,0.0,0.0
1791578932.61,2544594.8,939.6,134511.3,134511.3,-577.3,793.5,793.1,-13.12,206.19,144.76,327.16,0.0,0.0,0.0,0.0,162649.4,-576669.0,392990.2,0.9406,79.059,823.7,13.18483,-77.16421,0.0,0,-1.0,-1.0,-1.0,-1.0,-1.0,0.0,0.0,0.0,0.0
1791578933.11,2544594.8,940.1,134499.7,134499.7,-577.5,793.6,793.1,-13.13,206.19,144.76,327.16,0.0,0.0,0.0,0.0,162649.4,-576669.0,392990.2,0.9406,79.059,823.7,13.18567,-77.16438,0.0,0,-1.0,-1.0,-1.0,-1.0,-1.0,0.0,0.0,0.0,0.0
1791578933.61,2544594.8,940.6,134499.7,134499.7,-577.5,793.6,793.1,-13.13,206.19,144.76,327.16,0.0,0.0,0.0,0.0,162649.4,-576669.0,392990.2,0.9406,79.059,823.7,13.18567,-77.16438,0.0,0,-1.0,-1.0,-1.0,-1.0,-1.0,0.0,0.0,0.0,0.0
1791578934.11,2544594.8,941.1,134476.6,134476.6,-577.7,793.8,793.3,-13.14,206.19,144.76,327.16,0.0,0.0,0.0,0.0,162649.4,-576669.0,392990.2,0.9406,79.059,823.7,13.18733,-77.1647,0.0,0,-1.0,-1.0,-1.0,-1.0,-1.0,0.0,0.0,0.0,0.0
1791578934.61,2544594.8,941.6,134476.6,134476.6,-577.7,793.8,793.3,-13.14,206.19,144.76,327.16,0.0,0.0,0.0,0.0,162649.4,-576669.0,392990.2,0.9406,79.059,823.7,13.18733,-77.1647,0.0,0,-1.0,-1.0,-1.0,-1.0,-1.0,0.0,0.0,0.0,0.0
1791578935.11,2544594.9,942.1,134453.5,134453.5,-578.0,794.0,793.5,-13.16,206.19,144.76,327.16,0.0,0.0,0.0,0.0,162649.4,-576669.0,392990.2,0.9406,79.059,823.7,13.189,-77.16503,0.0,0,-1.0,-1.0,-1.0,-1.0,-1.0,0.0,0.0,0.0,0.0
1791578935.61,2544594.9,942.6,134453.5,134453.5,-578.0,794.0,793.5,-13.16,206.19,144.76,327.16,0.0,0.0,0.0,0.0,162649.4,-576669.0,392990.2,0.9406,79.059,823.7,13.189,-77.16503,0.0,0,-1.0,-1.0,-1.0,-1.0,-1.0,0.0,0.0,0.0,0.0
1791578936.12,2544594.9,943.1,134430.4,134430.4,-578.2,794.2,793.7,-13.17,206.19,144.76,327.16,0.0,0.0,0.0,0.0,162649.4,-576669.0,392990.2,0.9406,79.059,823.7,13.19067,-77.16536,0.0,0,-1.0,-1.0,-1.0,-1.0,-1.0,0.0,0.0,0.0,0.0
1791578936.62,2544594.9,943.6,134430.4,134430.4,-578.2,794.2,793.7,-13.17,206.19,144.76,327.16,0.0,0.0,0.0,0.0,162649.4,-576669.0,392990.2,0.9406,79.059,823.7,13.19067,-77.16536,0.0,0,-1.0,-1.0,-1.0,-1.0,-1.0,0.0,0.0,0.0,0.0
1791578937.12,2544595.0,944.1,134407.3,134407.3,-578.5,794.4,793.9,-13.19,206.19,144.76,327.16,0.0,0.0,0.0,0.0,162649.4,-576669.0,392990.2,0.9406,79.059,823.7,13.19233,-77.16569,0.0,0,-1.0,-1.0,-1.0,-1.0,-1.0,0.0,0.0,0.0,0.0
1791578937.62,2544595.0,944.6,134407.3,134407.3,-578.5,794.4,793.9,-13.19,206.19,144.76,327.16,0.0,0.0,0.0,0.0,162649.4,-576669.0,392990.2,0.9406,79.059,823.7,13.19233,-77.16569,0.0,0,-1.0,-1.0,-1.0,-1.0,-1.0,0.0,0.0,0.0,0.0
1791578938.12,2544595.0,945.1,134384.1,134384.1,-578.7,794.6,794.1,-13.2,206.18,144.76,327.16,0.0,0.0,0.0,0.0,162649.4,-576669.0,392990.2,0.9406,79.059,823.7,13.194,-77.16602,0.0,0,-1.0,-1.0,-1.0,-1.0,-1.0,0.0,0.0,0.0,0.0
1791578938.62,2544595.0,945.6,134384.1,134384.1,-578.7,794.6,794.1,-13.2,206.18,144.76,327.16,0.0,0.0,0.0,0.0,162649.4,-576669.0,392990.2,0.9406,79.059,823.7,13.194,-77.16602,0.0,0,-1.0,-1.0,-1.0,-1.0,-1.0,0.0,0.0,0.0,0.0
1791578939.13,2544595.0,946.1,134361.0,134361.0,-578.9,794.8,794.3,-13.22,206.18,144.76,327.16,0.0,0.0,0.0,0.0,162649.4,-576669.0,392990.2,0.9406,79.059,823.7,13.19567,-77.16634,0.0,0,-1.0,-1.0,-1.0,-1.0,-1.0,0.0,0.0,0.0,0.0
1791578939.63,2544595.0,946.6,134361.0,134361.0,-578.9,794.8,794.3,-13.22,206.18,144.76,327.16,0.0,0.0,0.0,0.0,162649.4,-576669.0,392990.2,0.9406,79.059,823.7,13.19567,-77.16634,0.0,0,-1.0,-1.0,-1.0,-1.0,-1.0,0.0,0.0,0.0,0.0
1791578940.13,2544595.1,947.1,134337.8,134337.8,-579.2,795.0,794.5,-13.23,206.18,144.76,327.16,0.0,0.0,0.0,0.0,162649.4,-576669.0,392990.2,0.9406,79.059,823.7,13.19733,-77.16667,0.0,0,-1.0,-1.0,-1.0,-1.0,-1.0,0.0,0.0,0.0,0.0
1791578940.63,2544595.1,947.6,134337.8,134337.8,-579.2,795.0,794.5,-13.23,206.18,144.76,327.16,0.0,0.0,0.0,0.0,162649.4,-576669.0,392990.2,0.9406,79.059,823.7,13.19733,-77.16667,0.0,0,-1.0,-1.0,-1.0,-1.0,-1.0,0.0,0.0,0.0,0.0
1791578941.13,2544595.1,948.1,134314.6,134314.6,-579.4,795.2,794.7,-13.25,206.18,144.76,327.16,0.0,0.0,0.0,0.0,162649.4,-576669.0,392990.2,0.9406,79.059,823.7,13.199,-77.167,0.0,0,-1.0,-1.0,-1.0,-1.0,-1.0,0.0,0.0,0.0,0.0
1791578941.63,2544595.1,948.6,134314.6,134314.6,-579.4,795.2,794.7,-13.25,206.18,144.76,327.16,0.0,0.0,0.0,0.0,162649.4,-576669.0,392990.2,0.9406,79.059,823.7,13.199,-77.167,0.0,0,-1.0,-1.0,-1.0,-1.0,-1.0,0.0,0.0,0.0,0.0
1791578942.13,2544595.2,949.1,134291.4,134291.5,-579.7,795.4,794.8,-13.27,206.18,144.76,327.16,0.0,0.0,0.0,0.0,162649.4,-576669.0,392990.2,0.9406,79.059,823.7,13.20067,-77.16733,0.0,0,-1.0,-1.0,-1.0,-1.0,-1.0,0.0,0.0,0.0,0.0
1791578942.64,2544595.2,949.6,134291.4,134291.5,-579.7,795.4,794.8,-13.27,206.18,144.76,327.16,0.0,0.0,0.0,0.0,162649.4,-576669.0,392990.2,0.9406,79.059,823.7,13.20067,-77.16733,0.0,0,-1.0,-1.0,-1.0,-1.0,-1.0,0.0,0.0,0.0,0.0
1791578943.14,2544595.2,950.1,134268.3,134268.3,-579.9,795.5,795.0,-13.28,206.18,144.76,327.16,0.0,0.0,0.0,0.0,162649.4,-576669.0,392990.2,0.9406,79.059,823.7,13.20233,-77.16766,0.0,0,-1.0,-1.0,-1.0,-1.0,-1.0,0.0,0.0,0.0,0.0
1791578943.64,2544595.2,950.6,134268.3,134268.3,-579.9,795.5,795.0,-13.28,206.18,144.76,327.16,0.0,0.0,0.0,0.0,162649.4,-576669.0,392990.2,0.9406,79.059,823.7,13.20233,-77.16766,0.0,0,-1.0,-1.0,-1.0,-1.0,-1.0,0.0,0.0,0.0,0.0
1791578944.14,2544595.2,951.1,134245.1,134245.0,-580.2,795.7,795.2,-13.3,206.18,144.76,327.16,0.0,0.0,0.0,0.0,162649.4,-576669.0,392990.2,0.9406,79.059,823.7,13.204,-77.16798,0.0,0,-1.0,-1.0,-1.0,-1.0,-1.0,0.0,0.0,0.0,0.0
1791578944.64,2544595.2,951.6,134245.1,134245.0,-580.2,795.7,795.2,-13.3,206.18,144.76,327.16,0.0,0.0,0.0,0.0,162649.4,-576669.0,392990.2,0.9406,79.059,823.7,13.204,-77.16798,0.0,0,-1.0,-1.0,-1.0,-1.0,-1.0,0.0,0.0,0.0,0.0
1791578945.14,2544595.3,952.1,134221.8,134221.8,-580.4,795.9,795.4,-13.31,206.18,144.76,327.16,0.0,0.0,0.0,0.0,162649.4,-576669.0,392990.2,0.9406,79.059,823.7,13.20567,-77.16831,0.0,0,-1.0,-1.0,-1.0,-1.0,-1.0,0.0,0.0,0.0,0.0
1791578945.64,2544595.3,952.6,134221.8,134221.8,-580.4,795.9,795.4,-13.31,206.18,144.76,327.16,0.0,0.0,0.0,0.0,162649.4,-576669.0,392990.2,0.9406,79.059,823.7,13.20567,-77.16831,0.0,0,-1.0,-1.0,-1.0,-1.0,-1.0,0.0,0.0,0.0,0.0
1791578946.15,2544595.3,953.1,134198.6,134198.6,-580.7,796.1,795.6,-13.33,206.18,144.76,327.16,0.0,0.0,0.0,0.0,162649.4,-576669.0,392990.2,0.9406,79.059,823.7,13.20734,-77.16864,0.0,0,-1.0,-1.0,-1.0,-1.0,-1.0,0.0,0.0,0.0,0.0
1791578946.65,2544595.3,953.6,134198.6,134198.6,-580.7,796.1,795.6,-13.33,206.18,144.76,327.16,0.0,0.0,0.0,0.0,162649.4,-576669.0,392990.2,0.9406,79.059,823.7,13.20734,-77.16864,0.0,0,-1.0,-1.0,-1.0,-1.0,-1.0,0.0,0.0,0.0,0.0
1791578947.15,2544595.4,954.1,134175.4,134175.4,-580.9,796.3,795.8,-13.34,206.18,144.76,327.16,0.0,0.0,0.0,0.0,162649.4,-576669.0,392990.2,0.9406,79.059,823.7,13.209,-77.16897,0.0,0,-1.0,-1.0,-1.0,-1.0,-1.0,0.0,0.0,0.0,0.0
1791578947.65,2544595.4,954.6,134175.4,134175.4,-580.9,796.3,795.8,-13.34,206.18,144.76,327.16,0.0,0.0,0.0,0.0,162649.4,-576669.0,392990.2,0.9406,79.059,823.7,13.209,-77.16897,0.0,0,-1.0,-1.0,-1.0,-1.0,-1.0,0.0,0.0,0.0,0.0
1791578948.15,2544595.4,955.1,134152.1,134152.1,-581.2,796.5,796.0,-13.36,206.18,144.76,327.15,0.0,0.0,0.0,0.0,162649.4,-576669.0,392990.2,0.9406,79.059,823.7,13.21067,-77.16929,0.0,0,-1.0,-1.0,-1.0,-1.0,-1.0,0.0,0.0,0.0,0.0
1791578948.65,2544595.4,955.6,134152.1,134152.1,-581.2,796.5,796.0,-13.36,206.18,144.76,327.15,0.0,0.0,0.0,0.0,162649.4,-576669.0,392990.2,0.9406,79.059,823.7,13.21067,-77.16929,0.0,0,-1.0,-1.0,-1.0,-1.0,-1.0,0.0,0.0,0.0,0.0
1791578949.16,2544595.4,956.1,134128.9,134128.9,-581.4,796.7,796.2,-13.37,206.18,144.76,327.15,0.0,0.0,0.0,0.0,162649.4,-576669.0,392990.2,0.9406,79.059,823.7,13.21234,-77.16962,0.0,0,-1.0,-1.0,-1.0,-1.0,-1.0,0.0,0.0,0.0,0.0
1791578949.66,2544595.4,956.6,134128.9,134128.9,-581.4,796.7,796.2,-13.37,206.18,144.76,327.15,0.0,0.0,0.0,0.0,162649.4,-576669.0,392990.2,0.9406,79.059,823.7,13.21234,-77.16962,0.0,0,-1.0,-1.0,-1.0,-1.0,-1.0,0.0,0.0,0.0,0.0
1791578950.16,2544595.5,957.1,134105.6,134105.6,-581.6,796.9,796.4,-13.39,206.18,144.76,327.15,0.0,0.0,0.0,0.0,162649.4,-576669.0,392990.2,0.9406,79.059,823.7,13.21401,-77.16995,0.0,0,-1.0,-1.0,-1.0,-1.0,-1.0,0.0,0.0,0.0,0.0
1791578950.66,2544595.5,957.6,134105.6,134105.6,-581.6,796.9,796.4,-13.39,206.18,144.76,327.15,0.0,0.0,0.0,0.0,162649.4,-576669.0,392990.2,0.9406,79.059,823.7,13.21401,-77.16995,0.0,0,-1.0,-1.0,-1.0,-1.0,-1.0,0.0,0.0,0.0,0.0
1791578951.16,2544595.5,958.1,134082.4,134082.4,-581.9,797.1,796.5,-13.4,206.18,144.76,327.15,0.0,0.0,0.0,0.0,162649.4,-576669.0,392990.2,0.9406,79.059,823.7,13.21567,-77.17028,0.0,0,-1.0,-1.0,-1.0,-1.0,-1.0,0.0,0.0,0.0,0.0
1791578951.66,2544595.5,958.6,134082.4,134082.4,-581.9,797.1,796.5,-13.4,206.18,144.76,327.15,0.0,0.0,0.0,0.0,162649.4,-576669.0,392990.2,0.9406,79.059,823.7,13.21567,-77.17028,0.0,0,-1.0,-1.0,-1.0,-1.0,-1.0,0.0,0.0,0.0,0.0
1791578952.16,2544595.6,959.1,134059.1,134059.1,-582.1,797.3,796.7,-13.42,206.18,144.76,327.15,0.0,0.0,0.0,0.0,162649.4,-576669.0,392990.2,0.9406,79.059,823.7,13.21734,-77.1706,0.0,0,-1.0,-1.0,-1.0,-1.0,-1.0,0.0,0.0,0.0,0.0
1791578952.67,2544595.6,959.6,134059.1,134059.1,-582.1,797.3,796.7,-13.42,206.18,144.76,327.15,0.0,0.0,0.0,0.0,162649.4,-576669.0,392990.2,0.9406,79.059,823.7,13.21734,-77.1706,0.0,0,-1.0,-1.0,-1.0,-1.0,-1.0,0.0,0.0,0.0,0.0
1791578953.17,2544595.6,960.1,134035.8,134035.8,-582.4,797.5,796.9,-13.43,206.18,144.76,327.15,0.0,0.0,0.0,0.0,162649.4,-576669.0,392990.2,0.9406,79.059,823.7,13.21901,-77.17093,0.0,0,-1.0,-1.0,-1.0,-1.0,-1.0,0.0,0.0,0.0,0.0
1791578953.67,2544595.6,960.6,134035.8,134035.8,-582.4,797.5,796.9,-13.43,206.18,144.76,327.15,0.0,0.0,0.0,0.0,162649.4,-576669.0,392990.2,0.9406,79.059,823.7,13.21901,-77.17093,0.0,0,-1.0,-1.0,-1.0,-1.0,-1.0,0.0,0.0,0.0,0.0
1791578954.18,2544595.6,961.1,134012.5,134012.5,-582.6,797.6,797.1,-13.45,206.18,144.76,327.15,0.0,0.0,0.0,0.0,162649.4,-576669.0,392990.2,0.9406,79.059,823.7,13.22068,-77.17126,0.0,0,-1.0,-1.0,-1.0,-1.0,-1.0,0.0,0.0,0.0,0.0
1791578954.68,2544595.6,961.6,134012.5,134012.5,-582.6,797.6,797.1,-13.45,206.18,144.76,327.15,0.0,0.0,0.0,0.0,162649.4,-576669.0,392990.2,0.9406,79.059,823.7,13.22068,-77.17126,0.0,0,-1.0,-1.0,-1.0,-1.0,-1.0,0.0,0.0,0.0,0.0
1791578955.18,2544595.7,962.1,133989.2,133989.2,-582.9,797.8,797.3,-13.47,206.18,144.76,327.15,0.0,0.0,0.0,0.0,162649.4,-576669.0,392990.2,0.9406,79.059,823.7,13.22235,-77.17159,0.0,0,-1.0,-1.0,-1.0,-1.0,-1.0,0.0,0.0,0.0,0.0
1791578955.68,2544595.7,962.6,133989.2,133989.2,-582.9,797.8,797.3,-13.47,206.18,144.76,327.15,0.0,0.0,0.0,0.0,162649.4,-576669.0,392990.2,0.9406,79.059,823.7,13.22235,-77.17159,0.0,0,-1.0,-1.0,-1.0,-1.0,-1.0,0.0,0.0,0.0,0.0
1791578956.18,2544595.7,963.1,133965.9,133965.9,-583.1,798.0,797.5,-13.48,206.18,144.76,327.15,0.0,0.0,0.0,0.0,162649.4,-576669.0,392990.2,0.9406,79.059,823.7,13.22402,-77.17192,0.0,0,-1.0,-1.0,-1.0,-1.0,-1.0,0.0,0.0,0.0,0.0
1791578956.68,2544595.7,963.6,133965.9,133965.9,-583.1,798.0,797.5,-13.48,206.18,144.76,327.15,0.0,0.0,0.0,0.0,162649.4,-576669.0,392990.2,0.9406,79.059,823.7,13.22402,-77.17192,0.0,0,-1.0,-1.0,-1.0,-1.0,-1.0,0.0,0.0,0.0,0.0
1791578957.19,2544595.8,964.1,133942.5,133942.5,-583.4,798.2,797.7,-13.5,206.18,144.76,327.15,0.0,0.0,0.0,0.0,162649.4,-576669.0,392990.2,0.9406,79.059,823.7,13.22568,-77.17224,0.0,0,-1.0,-1.0,-1.0,-1.0,-1.0,0.0,0.0,0.0,0.0
1791578957.69,2544595.8,964.6,133942.5,133942.5,-583.4,798.2,797.7,-13.5,206.18,144.76,327.15,0.0,0.0,0.0,0.0,162649.4,-576669.0,392990.2,0.9406,79.059,823.7,13.22568,-77.17224,0.0,0,-1.0,-1.0,-1.0,-1.0,-1.0,0.0,0.0,0.0,0.0
1791578958.19,2544595.8,965.1,133919.2,133919.2,-583.6,798.4,797.9,-13.51,206.18,144.76,327.15,0.0,0.0,0.0,0.0,162649.4,-576669.0,392990.2,0.9406,79.059,823.7,13.22735,-77.17257,0.0,0,-1.0,-1.0,-1.0,-1.0,-1.0,0.0,0.0,0.0,0.0
1791578958.69,2544595.8,965.6,133919.2,133919.2,-583.6,798.4,797.9,-13.51,206.18,144.76,327.15,0.0,0.0,0.0,0.0,162649.4,-576669.0,392990.2,0.9406,79.059,823.7,13.22735,-77.17257,0.0,0,-1.0,-1.0,-1.0,-1.0,-1.0,0.0,0.0,0.0,0.0
1791578959.19,2544595.8,966.1,133895.8,133895.8,-583.9,798.6,798.1,-13.53,206.18,144.76,327.15,0.0,0.0,0.0,0.0,162649.4,-576669.0,392990.2,0.9406,79.059,823.7,13.22902,-77.1729,0.0,0,-1.0,-1.0,-1.0,-1.0,-1.0,0.0,0.0,0.0,0.0
1791578959.69,2544595.8,966.6,133895.8,133895.8,-583.9,798.6,798.1,-13.53,206.18,144.76,327.15,0.0,0.0,0.0,0.0,162649.4,-576669.0,392990.2,0.9406,79.059,823.7,13.22902,-77.1729,0.0,0,-1.0,-1.0,-1.0,-1.0,-1.0,0.0,0.0,0.0,0.0
1791578960.19,2544595.9,967.1,133872.5,133872.5,-584.1,798.8,798.3,-13.54,206.18,144.76,327.15,0.0,0.0,0.0,0.0,162649.4,-576669.0,392990.2,0.9406,79.059,823.7,13.23069,-77.17323,0.0,0,-1.0,-1.0,-1.0,-1.0,-1.0,0.0,0.0,0.0,0.0
1791578960.7,2544595.9,967.6,133872.5,133872.5,-584.1,798.8,798.3,-13.54,206.18,144.76,327.15,0.0,0.0,0.0,0.0,162649.4,-576669.0,392990.2,0.9406,79.059,823.7,13.23069,-77.17323,0.0,0,-1.0,-1.0,-1.0,-1.0,-1.0,0.0,0.0,0.0,0.0
1791578961.2,2544595.9,968.1,133849.1,133849.1,-584.4,799.0,798.4,-13.56,206.18,144.76,327.15,0.0,0.0,0.0,0.0,162649.4,-576669.0,392990.2,0.9406,79.059,823.7,13.23236,-77.17355,0.0,0,-1.0,-1.0,-1.0,-1.0,-1.0,0.0,0.0,0.0,0.0
1791578961.7,2544595.9,968.7,133849.1,133849.1,-584.4,799.0,798.4,-13.56,206.18,144.76,327.15,0.0,0.0,0.0,0.0,162649.4,-576669.0,392990.2,0.9406,79.059,823.7,13.23236,-77.17355,0.0,0,-1.0,-1.0,-1.0,-1.0,-1.0,0.0,0.0,0.0,0.0
1791578962.2,2544596.0,969.2,133825.7,133825.7,-584.6,799.2,798.6,-13.57,206.18,144.76,327.15,0.0,0.0,0.0,0.0,162649.4,-576669.0,392990.2,0.9406,79.059,823.7,13.23403,-77.17388,0.0,0,-1.0,-1.0,-1.0,-1.0,-1.0,0.0,0.0,0.0,0.0
1791578962.7,2544596.0,969.7,133825.7,133825.7,-584.6,799.2,798.6,-13.57,206.18,144.76,327.15,0.0,0.0,0.0,0.0,162649.4,-576669.0,392990.2,0.9406,79.059,823.7,13.23403,-77.17388,0.0,0,-1.0,-1.0,-1.0,-1.0,-1.0,0.0,0.0,0.0,0.0
1791578963.2,2544596.0,970.2,133802.4,133802.3,-584.8,799.4,798.8,-13.59,206.18,144.76,327.15,0.0,0.0,0.0,0.0,162649.4,-576669.0,392990.2,0.9406,79.059,823.7,13.2357,-77.17421,0.0,0,-1.0,-1.0,-1.0,-1.0,-1.0,0.0,0.0,0.0,0.0
1791578963.71,2544596.0,970.7,133802.4,133802.3,-584.8,799.4,798.8,-13.59,206.18,144.76,327.15,0.0,0.0,0.0,0.0,162649.4,-576669.0,392990.2,0.9406,79.059,823.7,13.2357,-77.17421,0.0,0,-1.0,-1.0,-1.0,-1.0,-1.0,0.0,0.0,0.0,0.0
1791578964.21,2544596.0,971.2,133779.0,133779.0,-585.1,799.6,799.0,-13.6,206.18,144.76,327.15,0.0,0.0,0.0,0.0,162649.4,-576669.0,392990.2,0.9406,79.059,823.7,13.23737,-77.17453,0.0,0,-1.0,-1.0,-1.0,-1.0,-1.0,0.0,0.0,0.0,0.0
1791578964.71,2544596.0,971.7,133779.0,133779.0,-585.1,799.6,799.0,-13.6,206.18,144.76,327.15,0.0,0.0,0.0,0.0,162649.4,-576669.0,392990.2,0.9406,79.059,823.7,13.23737,-77.17453,0.0,0,-1.0,-1.0,-1.0,-1.0,-1.0,0.0,0.0,0.0,0.0
1791578965.21,2544596.1,972.2,133755.5,133755.5,-585.3,799.8,799.2,-13.62,206.18,144.76,327.15,0.0,0.0,0.0,0.0,162649.4,-576669.0,392990.2,0.9406,79.059,823.7,13.23904,-77.17486,0.0,0,-1.0,-1.0,-1.0,-1.0,-1.0,0.0,0.0,0.0,0.0
1791578965.71,2544596.1,972.7,133755.5,133755.5,-585.3,799.8,799.2,-13.62,206.18,144.76,327.15,0.0,0.0,0.0,0.0,162649.4,-576669.0,392990.2,0.9406,79.059,823.7,13.23904,-77.17486,0.0,0,-1.0,-1.0,-1.0,-1.0,-1.0,0.0,0.0,0.0,0.0
1791578966.21,2544596.1,973.2,133732.1,133732.1,-585.6,800.0,799.4,-13.64,206.18,144.76,327.15,0.0,0.0,0.0,0.0,162649.4,-576669.0,392990.2,0.9406,79.059,823.7,13.24071,-77.17519,0.0,0,-1.0,-1.0,-1.0,-1.0,-1.0,0.0,0.0,0.0,0.0
1791578966.72,2544596.1,973.7,133732.1,133732.1,-585.6,800.0,799.4,-13.64,206.18,144.76,327.15,0.0,0.0,0.0,0.0,162649.4,-576669.0,392990.2,0.9406,79.059,823.7,13.24071,-77.17519,0.0,0,-1.0,-1.0,-1.0,-1.0,-1.0,0.0,0.0,0.0,0.0
1791578967.22,2544596.2,974.2,133708.7,133708.7,-585.8,800.1,799.6,-13.65,206.18,144.76,327.15,0.0,0.0,0.0,0.0,162649.4,-576669.0,392990.2,0.9406,79.059,823.7,13.24238,-77.17552,0.0,0,-1.0,-1.0,-1.0,-1.0,-1.0,0.0,0.0,0.0,0.0
1791578967.72,2544596.2,974.7,133708.7,133708.7,-585.8,800.1,799.6,-13.65,206.18,144.76,327.15,0.0,0.0,0.0,0.0,162649.4,-576669.0,392990.2,0.9406,79.059,823.7,13.24238,-77.17552,0.0,0,-1.0,-1.0,-1.0,-1.0,-1.0,0.0,0.0,0.0,0.0
1791578968.22,2544596.2,975.2,133685.3,133685.3,-586.1,800.3,799.8,-13.67,206.18,144.76,327.15,0.0,0.0,0.0,0.0,162649.4,-576669.0,392990.2,0.9406,79.059,823.7,13.24405,-77.17584,0.0,0,-1.0,-1.0,-1.0,-1.0,-1.0,0.0,0.0,0.0,0.0
1791578968.72,2544596.2,975.7,133685.3,133685.3,-586.1,800.3,799.8,-13.67,206.18,144.76,327.15,0.0,0.0,0.0,0.0,162649.4,-576669.0,392990.2,0.9406,79.059,823.7,13.24405,-77.17584,0.0,0,-1.0,-1.0,-1.0,-1.0,-1.0,0.0,0.0,0.0,0.0
1791578969.22,2544596.2,976.2,133661.8,133661.8,-586.3,800.5,800.0,-13.68,206.18,144.76,327.15,0.0,0.0,0.0,0.0,162649.4,-576669.0,392990.2,0.9406,79.059,823.7,13.24572,-77.17617,0.0,0,-1.0,-1.0,-1.0,-1.0,-1.0,0.0,0.0,0.0,0.0
1791578969.72,2544596.2,976.7,133661.8,133661.8,-586.3,800.5,800.0,-13.68,206.18,144.76,327.15,0.0,0.0,0.0,0.0,162649.4,-576669.0,392990.2,0.9406,79.059,823.7,13.24572,-77.17617,0.0,0,-1.0,-1.0,-1.0,-1.0,-1.0,0.0,0.0,0.0,0.0
1791578970.23,2544596.3,977.2,133638.4,133638.4,-586.6,800.7,800.2,-13.7,206.18,144.76,327.15,0.0,0.0,0.0,0.0,162649.4,-576669.0,392990.2,0.9406,79.059,823.7,13.24739,-77.1765,0.0,0,-1.0,-1.0,-1.0,-1.0,-1.0,0.0,0.0,0.0,0.0
1791578970.73,2544596.3,977.7,133638.4,133638.4,-586.6,800.7,800.2,-13.7,206.18,144.76,327.15,0.0,0.0,0.0,0.0,162649.4,-576669.0,392990.2,0.9406,79.059,823.7,13.24739,-77.1765,0.0,0,-1.0,-1.0,-1.0,-1.0,-1.0,0.0,0.0,0.0,0.0
1791578971.23,2544596.3,978.2,133614.9,133614.9,-586.8,800.9,800.3,-13.71,206.18,144.76,327.15,0.0,0.0,0.0,0.0,162649.4,-576669.0,392990.2,0.9406,79.059,823.7,13.24906,-77.17683,0.0,0,-1.0,-1.0,-1.0,-1.0,-1.0,0.0,0.0,0.0,0.0
1791578971.73,2544596.3,978.7,133614.9,133614.9,-586.8,800.9,800.3,-13.71,206.18,144.76,327.15,0.0,0.0,0.0,0.0,162649.4,-576669.0,392990.2,0.9406,79.059,823.7,13.24906,-77.17683,0.0,0,-1.0,-1.0,-1.0,-1.0,-1.0,0.0,0.0,0.0,0.0
1791578972.23,2544596.4,979.2,133591.4,133591.4,-587.1,801.1,800.5,-13.73,206.17,144.76,327.15,0.0,0.0,0.0,0.0,162649.4,-576669.0,392990.2,0.9406,79.059,823.7,13.25073,-77.17715,0.0,0,-1.0,-1.0,-1.0,-1.0,-1.0,0.0,0.0,0.0,0.0
1791578972.73,2544596.4,979.7,133591.4,133591.4,-587.1,801.1,800.5,-13.73,206.17,144.76,327.15,0.0,0.0,0.0,0.0,162649.4,-576669.0,392990.2,0.9406,79.059,823.7,13.25073,-77.17715,0.0,0,-1.0,-1.0,-1.0,-1.0,-1.0,0.0,0.0,0.0,0.0
1791578973.24,2544596.4,980.2,133567.9,133567.9,-587.3,801.3,800.7,-13.74,206.17,144.76,327.15,0.0,0.0,0.0,0.0,162649.4,-576669.0,392990.2,0.9406,79.059,823.7,13.2524,-77.17748,0.0,0,-1.0,-1.0,-1.0,-1.0,-1.0,0.0,0.0,0.0,0.0
1791578973.74,2544596.4,980.7,133567.9,133567.9,-587.3,801.3,800.7,-13.74,206.17,144.76,327.15,0.0,0.0,0.0,0.0,162649.4,-576669.0,392990.2,0.9406,79.059,823.7,13.2524,-77.17748,0.0,0,-1.0,-1.0,-1.0,-1.0,-1.0,0.0,0.0,0.0,0.0
1791578974.24,2544596.4,981.2,133544.4,133544.4,-587.6,801.5,800.9,-13.76,206.17,144.76,327.15,0.0,0.0,0.0,0.0,162649.4,-576669.0,392990.2,0.9406,79.059,823.7,13.25407,-77.17781,0.0,0,-1.0,-1.0,-1.0,-1.0,-1.0,0.0,0.0,0.0,0.0
1791578974.74,2544596.4,981.7,133544.4,133544.4,-587.6,801.5,800.9,-13.76,206.17,144.76,327.15,0.0,0.0,0.0,0.0,162649.4,-576669.0,392990.2,0.9406,79.059,823.7,13.25407,-77.17781,0.0,0,-1.0,-1.0,-1.0,-1.0,-1.0,0.0,0.0,0.0,0.0
1791578975.24,2544596.5,982.2,133520.9,133520.9,-587.8,801.7,801.1,-13.77,206.17,144.76,327.15,0.0,0.0,0.0,0.0,162649.4,-576669.0,392990.2,0.9406,79.059,823.7,13.25574,-77.17813,0.0,0,-1.0,-1.0,-1.0,-1.0,-1.0,0.0,0.0,0.0,0.0
1791578975.74,2544596.5,982.7,133520.9,133520.9,-587.8,801.7,801.1,-13.77,206.17,144.76,327.15,0.0,0.0,0.0,0.0,162649.4,-576669.0,392990.2,0.9406,79.059,823.7,13.25574,-77.17813,0.0,0,-1.0,-1.0,-1.0,-1.0,-1.0,0.0,0.0,0.0,0.0
1791578976.24,2544596.5,983.2,133497.4,133497.4,-588.0,801.9,801.3,-13.79,206.17,144.76,327.15,0.0,0.0,0.0,0.0,162649.4,-576669.0,392990.2,0.9406,79.059,823.7,13.25741,-77.17846,0.0,0,-1.0,-1.0,-1.0,-1.0,-1.0,0.0,0.0,0.0,0.0
1791578976.75,2544596.5,983.7,133497.4,133497.4,-588.0,801.9,801.3,-13.79,206.17,144.76,327.15,0.0,0.0,0.0,0.0,162649.4,-576669.0,392990.2,0.9406,79.059,823.7,13.25741,-77.17846,0.0,0,-1.0,-1.0,-1.0,-1.0,-1.0,0.0,0.0,0.0,0.0
1791578977.25,2544596.6,984.2,133473.9,133473.9,-588.3,802.1,801.5,-13.8,206.17,144.76,327.14,0.0,0.0,0.0,0.0,162649.4,-576669.0,392990.2,0.9406,79.059,823.7,13.25908,-77.17879,0.0,0,-1.0,-1.0,-1.0,-1.0,-1.0,0.0,0.0,0.0,0.0
1791578977.75,2544596.6,984.7,133473.9,133473.9,-588.3,802.1,801.5,-13.8,206.17,144.76,327.14,0.0,0.0,0.0,0.0,162649.4,-576669.0,392990.2,0.9406,79.059,823.7,13.25908,-77.17879,0.0,0,-1.0,-1.0,-1.0,-1.0,-1.0,0.0,0.0,0.0,0.0
1791578978.25,2544596.6,985.2,133450.3,133450.3,-588.5,802.3,801.7,-13.82,206.17,144.76,327.14,0.0,0.0,0.0,0.0,162649.4,-576669.0,392990.2,0.9406,79.059,823.7,13.26075,-77.17911,0.0,0,-1.0,-1.0,-1.0,-1.0,-1.0,0.0,0.0,0.0,0.0
1791578978.75,2544596.6,985.7,133450.3,133450.3,-588.5,802.3,801.7,-13.82,206.17,144.76,327.14,0.0,0.0,0.0,0.0,162649.4,-576669.0,392990.2,0.9406,79.059,823.7,13.26075,-77.17911,0.0,0,-1.0,-1.0,-1.0,-1.0,-1.0,0.0,0.0,0.0,0.0
1791578979.25,2544596.6,986.2,133426.8,133426.8,-588.8,802.5,801.9,-13.84,206.17,144.76,327.14,0.0,0.0,0.0,0.0,162649.4,-576669.0,392990.2,0.9406,79.059,823.7,13.26242,-77.17944,0.0,0,-1.0,-1.0,-1.0,-1.0,-1.0,0.0,0.0,0.0,0.0
1791578979.75,2544596.6,986.7,133426.8,133426.8,-588.8,802.5,801.9,-13.84,206.17,144.76,327.14,0.0,0.0,0.0,0.0,162649.4,-576669.0,392990.2,0.9406,79.059,823.7,13.26242,-77.17944,0.0,0,-1.0,-1.0,-1.0,-1.0,-1.0,0.0,0.0,0.0,0.0
1791578980.26,2544596.7,987.2,133403.2,133403.2,-589.0,802.6,802.1,-13.85,206.17,144.76,327.14,0.0,0.0,0.0,0.0,162649.4,-576669.0,392990.2,0.9406,79.059,823.7,13.26409,-77.17977,0.0,0,-1.0,-1.0,-1.0,-1.0,-1.0,0.0,0.0,0.0,0.0
1791578980.76,2544596.7,987.7,133403.2,133403.2,-589.0,802.6,802.1,-13.85,206.17,144.76,327.14,0.0,0.0,0.0,0.0,162649.4,-576669.0,392990.2,0.9406,79.059,823.7,13.26409,-77.17977,0.0,0,-1.0,-1.0,-1.0,-1.0,-1.0,0.0,0.0,0.0,0.0
1791578981.26,2544596.7,988.2,133379.7,133379.7,-589.3,802.8,802.3,-13.87,206.17,144.76,327.14,0.0,0.0,0.0,0.0,162649.4,-576669.0,392990.2,0.9406,79.059,823.7,13.26576,-77.1801,0.0,0,-1.0,-1.0,-1.0,-1.0,-1.0,0.0,0.0,0.0,0.0
1791578981.76,2544596.7,988.7,133379.7,133379.7,-589.3,802.8,802.3,-13.87,206.17,144.76,327.14,0.0,0.0,0.0,0.0,162649.4,-576669.0,392990.2,0.9406,79.059,823.7,13.26576,-77.1801,0.0,0,-1.0,-1.0,-1.0,-1.0,-1.0,0.0,0.0,0.0,0.0
1791578982.26,2544596.8,989.2,133356.1,133356.1,-589.5,803.0,802.4,-13.88,206.17,144.76,327.14,0.0,0.0,0.0,0.0,162649.4,-576669.0,392990.2,0.9406,79.059,823.7,13.26743,-77.18042,0.0,0,-1.0,-1.0,-1.0,-1.0,-1.0,0.0,0.0,0.0,0.0
1791578982.77,2544596.8,989.7,133356.1,133356.1,-589.5,803.0,802.4,-13.88,206.17,144.76,327.14,0.0,0.0,0.0,0.0,162649.4,-576669.0,392990.2,0.9406,79.059,823.7,13.26743,-77.18042,0.0,0,-1.0,-1.0,-1.0,-1.0,-1.0,0.0,0.0,0.0,0.0
1791578983.27,2544596.8,990.2,133332.5,133332.5,-589.8,803.2,802.6,-13.9,206.17,144.76,327.14,0.0,0.0,0.0,0.0,162649.4,-576669.0,392990.2,0.9406,79.059,823.7,13.26911,-77.18075,0.0,0,-1.0,-1.0,-1.0,-1.0,-1.0,0.0,0.0,0.0,0.0
1791578983.77,2544596.8,990.7,133332.5,133332.5,-589.8,803.2,802.6,-13.9,206.17,144.76,327.14,0.0,0.0,0.0,0.0,162649.4,-576669.0,392990.2,0.9406,79.059,823.7,13.26911,-77.18075,0.0,0,-1.0,-1.0,-1.0,-1.0,-1.0,0.0,0.0,0.0,0.0
1791578984.27,2544596.8,991.2,133308.9,133308.9,-590.0,803.4,802.8,-13.91,206.17,144.76,327.14,0.0,0.0,0.0,0.0,162649.4,-576669.0,392990.2,0.9406,79.059,823.7,13.27078,-77.18108,0.0,0,-1.0,-1.0,-1.0,-1.0,-1.0,0.0,0.0,0.0,0.0
1791578984.77,2544596.8,991.7,133308.9,133308.9,-590.0,803.4,802.8,-13.91,206.17,144.76,327.14,0.0,0.0,0.0,0.0,162649.4,-576669.0,392990.2,0.9406,79.059,823.7,13.27078,-77.18108,0.0,0,-1.0,-1.0,-1.0,-1.0,-1.0,0.0,0.0,0.0,0.0
1791578985.27,2544596.9,992.2,133285.3,133285.3,-590.3,803.6,803.0,-13.93,206.17,144.76,327.14,0.0,0.0,0.0,0.0,162649.4,-576669.0,392990.2,0.9406,79.059,823.7,13.27245,-77.1814,0.0,0,-1.0,-1.0,-1.0,-1.0,-1.0,0.0,0.0,0.0,0.0
1791578985.78,2544597.2,992.7,133072.4,133072.4,-592.5,805.3,804.7,-14.07,206.17,144.76,327.14,0.0,0.0,0.0,0.0,162649.4,-576669.0,392990.2,0.9406,79.059,823.7,13.2875,-77.18434,0.0,0,-1.0,-1.0,-1.0,-1.0,-1.0,0.0,0.0,0.0,0.0
1791578986.28,2544597.8,993.2,132763.5,132763.5,-595.7,807.9,807.2,-14.27,206.16,144.76,327.13,0.0,0.0,0.0,0.0,162649.4,-576669.0,392990.2,0.9406,79.059,823.7,13.30925,-77.18858,0.0,0,-1.0,-1.0,-1.0,-1.0,-1.0,0.0,0.0,0.0,0.0
1791578986.78,2544598.3,993.7,132464.9,132464.9,-598.8,810.3,809.6,-14.46,206.16,144.76,327.13,0.0,0.0,0.0,0.0,162649.4,-576669.0,392990.2,0.9406,79.059,823.7,13.33018,-77.19266,0.0,0,-1.0,-1.0,-1.0,-1.0,-1.0,0.0,0.0,0.0,0.0
1791578987.29,2544598.8,994.2,132164.7,132164.7,-601.9,812.7,812.0,-14.65,206.16,144.76,327.13,0.0,0.0,0.0,0.0,162649.4,-576669.0,392990.2,0.9406,79.059,823.7,13.35113,-77.19673,0.0,0,-1.0,-1.0,-1.0,-1.0,-1.0,0.0,0.0,0.0,0.0
1791578987.79,2544599.3,994.7,131863.0,131863.0,-605.0,815.2,814.5,-14.84,206.15,144.76,327.12,0.0,0.0,0.0,0.0,162649.4,-576669.0,392990.2,0.9406,79.059,823.7,13.3721,-77.2008,0.0,0,-1.0,-1.0,-1.0,-1.0,-1.0,0.0,0.0,0.0,0.0
1791578988.29,2544599.8,995.2,131559.8,131559.8,-608.1,817.6,816.9,-15.04,206.15,144.76,327.12,0.0,0.0,0.0,0.0,162649.4,-576669.0,392990.2,0.9406,79.059,823.7,13.39309,-77.20486,0.0,0,-1.0,-1.0,-1.0,-1.0,-1.0,0.0,0.0,0.0,0.0
1791578988.79,2544600.3,995.7,131255.0,131255.0,-611.1,820.1,819.3,-15.23,206.15,144.76,327.11,0.0,0.0,0.0,0.0,162649.4,-576669.0,392990.2,0.9406,79.059,823.7,13.41409,-77.20892,0.0,0,-1.0,-1.0,-1.0,-1.0,-1.0,0.0,0.0,0.0,0.0
1791578989.29,2544600.8,996.2,130948.6,130948.6,-614.2,822.5,821.8,-15.42,206.14,144.76,327.11,0.0,0.0,0.0,0.0,162649.4,-576669.0,392990.2,0.9406,79.059,823.7,13.43511,-77.21297,0.0,0,-1.0,-1.0,-1.0,-1.0,-1.0,0.0,0.0,0.0,0.0
1791578989.79,2544601.3,996.7,130640.7,130640.7,-617.3,825.0,824.2,-15.61,206.14,144.76,327.1,0.0,0.0,0.0,0.0,162649.4,-576669.0,392990.2,0.9406,79.059,823.7,13.45615,-77.21702,0.0,0,-1.0,-1.0,-1.0,-1.0,-1.0,0.0,0.0,0.0,0.0
1791578990.3,2544601.8,997.2,130331.3,130331.3,-620.5,827.5,826.7,-15.81,206.14,144.76,327.1,0.0,0.0,0.0,0.0,162649.4,-576669.0,392990.2,0.9406,79.059,823.7,13.4772,-77.22106,0.0,0,-1.0,-1.0,-1.0,-1.0,-1.0,0.0,0.0,0.0,0.0
1791578990.8,2544602.3,997.7,130007.8,130007.8,-623.7,830.1,829.2,-16.01,206.13,144.76,327.1,0.0,0.0,0.0,0.0,162649.4,-576669.0,392990.2,0.9406,79.059,823.7,13.49912,-77.22527,0.0,0,-1.0,-1.0,-1.0,-1.0,-1.0,0.0,0.0,0.0,0.0
1791578991.3,2544602.8,998.2,129695.2,129695.2,-626.8,832.6,831.7,-16.2,206.13,144.75,327.09,0.0,0.0,0.0,0.0,162649.4,-576669.0,392990.2,0.9406,79.059,823.7,13.52021,-77.2293,0.0,0,-1.0,-1.0,-1.0,-1.0,-1.0,0.0,0.0,0.0,0.0
1791578991.8,2544603.3,998.8,129381.0,129381.0,-629.9,835.1,834.2,-16.39,206.13,144.75,327.09,0.0,0.0,0.0,0.0,162649.4,-576669.0,392990.2,0.9406,79.059,823.7,13.54132,-77.23333,0.0,0,-1.0,-1.0,-1.0,-1.0,-1.0,0.0,0.0,0.0,0.0
1791578992.3,2544603.8,999.3,129065.3,129065.3,-633.0,837.6,836.7,-16.58,206.12,144.75,327.08,0.0,0.0,0.0,0.0,162649.4,-576669.0,392990.2,0.9406,79.059,823.7,13.56245,-77.23736,0.0,0,-1.0,-1.0,-1.0,-1.0,-1.0,0.0,0.0,0.0,0.0
1791578992.8,2544604.3,999.8,128748.0,128748.0,-636.1,840.1,839.1,-16.78,206.12,144.75,327.08,0.0,0.0,0.0,0.0,162649.4,-576669.0,392990.2,0.9406,79.059,823.7,13.58359,-77.24138,0.0,0,-1.0,-1.0,-1.0,-1.0,-1.0,0.0,0.0,0.0,0.0
1791578993.31,2544604.8,1000.3,128429.2,128429.1,-639.3,842.6,841.6,-16.97,206.12,144.75,327.07,0.0,0.0,0.0,0.0,162649.4,-576669.0,392990.2,0.9406,79.059,823.7,13.60476,-77.2454,0.0,0,-1.0,-1.0,-1.0,-1.0,-1.0,0.0,0.0,0.0,0.0
1791578993.81,2544605.3,1000.8,128108.7,128108.7,-642.4,845.1,844.1,-17.16,206.11,144.75,327.07,0.0,0.0,0.0,0.0,162649.4,-576669.0,392990.2,0.9406,79.059,823.7,13.62594,-77.24941,0.0,0,-1.0,-1.0,-1.0,-1.0,-1.0,0.0,0.0,0.0,0.0
1791578994.31,2544605.8,1001.3,127786.8,127786.8,-645.5,847.7,846.7,-17.36,206.11,144.75,327.07,0.0,0.0,0.0,0.0,162649.4,-576669.0,392990.2,0.9406,79.059,823.7,13.64714,-77.25342,0.0,0,-1.0,-1.0,-1.0,-1.0,-1.0,0.0,0.0,0.0,0.0
1791578994.81,2544606.3,1001.8,127463.2,127463.2,-648.6,850.2,849.2,-17.55,206.11,144.75,327.06,0.0,0.0,0.0,0.0,162649.4,-576669.0,392990.2,0.9406,79.059,823.7,13.66836,-77.25743,0.0,0,-1.0,-1.0,-1.0,-1.0,-1.0,0.0,0.0,0.0,0.0
1791578995.32,2544606.8,1002.3,127138.1,127138.1,-651.8,852.8,851.7,-17.74,206.1,144.75,327.06,0.0,0.0,0.0,0.0,162649.4,-576669.0,392990.2,0.9406,79.059,823.7,13.6896,-77.26142,0.0,0,-1.0,-1.0,-1.0,-1.0,-1.0,0.0,0.0,0.0,0.0
1791578995.82,2544607.3,1002.8,126798.4,126798.4,-655.0,855.4,854.3,-17.94,206.1,144.75,327.05,0.0,0.0,0.0,0.0,162649.4,-576669.0,392990.2,0.9406,79.059,823.7,13.71171,-77.26558,0.0,0,-1.0,-1.0,-1.0,-1.0,-1.0,0.0,0.0,0.0,0.0
1791578996.32,2544607.8,1003.3,126483.3,126483.3,-658.0,857.9,856.8,-18.13,206.1,144.75,327.05,0.0,0.0,0.0,0.0,162649.4,-576669.0,392990.2,0.9406,79.059,823.7,13.73214,-77.26941,0.0,0,-1.0,-1.0,-1.0,-1.0,-1.0,0.0,0.0,0.0,0.0
1791578996.82,2544608.3,1003.8,126153.5,126153.5,-661.2,860.5,859.3,-18.32,206.09,144.75,327.04,0.0,0.0,0.0,0.0,162649.4,-576669.0,392990.2,0.9406,79.059,823.7,13.75344,-77.27339,0.0,0,-1.0,-1.0,-1.0,-1.0,-1.0,0.0,0.0,0.0,0.0
1791578997.32,2544608.8,1004.3,125822.1,125822.1,-664.3,863.0,861.9,-18.51,206.09,144.74,327.04,0.0,0.0,0.0,0.0,162649.4,-576669.0,392990.2,0.9406,79.059,823.7,13.77475,-77.27737,0.0,0,-1.0,-1.0,-1.0,-1.0,-1.0,0.0,0.0,0.0,0.0
1791578997.83,2544609.3,1004.8,125489.2,125489.2,-667.5,865.6,864.4,-18.71,206.09,144.74,327.04,0.0,0.0,0.0,0.0,162649.4,-576669.0,392990.2,0.9406,79.059,823.7,13.79609,-77.28135,0.0,0,-1.0,-1.0,-1.0,-1.0,-1.0,0.0,0.0,0.0,0.0
1791578998.33,2544609.8,1005.3,125141.2,125141.2,-670.7,868.3,867.1,-18.91,206.08,144.74,327.03,0.0,0.0,0.0,0.0,162649.4,-576669.0,392990.2,0.9406,79.059,823.7,13.8183,-77.28548,0.0,0,-1.0,-1.0,-1.0,-1.0,-1.0,0.0,0.0,0.0,0.0
1791578998.83,2544610.3,1005.8,124805.1,124805.1,-673.9,870.9,869.7,-19.1,206.08,144.74,327.03,0.0,0.0,0.0,0.0,162649.4,-576669.0,392990.2,0.9406,79.059,823.7,13.83967,-77.28944,0.0,0,-1.0,-1.0,-1.0,-1.0,-1.0,0.0,0.0,0.0,0.0
1791578999.33,2544610.8,1006.3,124467.4,124467.4,-677.0,873.5,872.3,-19.29,206.08,144.74,327.02,0.0,0.0,0.0,0.0,162649.4,-576669.0,392990.2,0.9406,79.059,823.7,13.86107,-77.2934,0.0,0,-1.0,-1.0,-1.0,-1.0,-1.0,0.0,0.0,0.0,0.0
1791578999.83,2544611.3,1006.8,124128.1,124128.1,-680.2,876.1,874.8,-19.49,206.07,144.74,327.02,0.0,0.0,0.0,0.0,162649.4,-576669.0,392990.2,0.9406,79.059,823.7,13.88248,-77.29736,0.0,0,-1.0,-1.0,-1.0,-1.0,-1.0,0.0,0.0,0.0,0.0
1791579000.33,2544611.8,1007.3,123787.2,123787.2,-683.3,878.7,877.4,-19.68,206.07,144.74,327.01,0.0,0.0,0.0,0.0,162649.4,-576669.0,392990.2,0.9406,79.059,823.7,13.90392,-77.30131,0.0,0,-1.0,-1.0,-1.0,-1.0,-1.0,0.0,0.0,0.0,0.0
1791579000.84,2544612.3,1007.8,123444.7,123444.7,-686.5,881.4,880.0,-19.87,206.07,144.74,327.01,0.0,0.0,0.0,0.0,162649.4,-576669.0,392990.2,0.9406,79.059,823.7,13.92537,-77.30526,0.0,0,-1.0,-1.0,-1.0,-1.0,-1.0,0.0,0.0,0.0,0.0
1791579001.34,2544612.8,1008.3,123100.7,123100.7,-689.7,884.0,882.6,-20.06,206.07,144.74,327.0,0.0,0.0,0.0,0.0,162649.4,-576669.0,392990.2,0.9406,79.059,823.7,13.94685,-77.3092,0.0,0,-1.0,-1.0,-1.0,-1.0,-1.0,0.0,0.0,0.0,0.0
1791579001.84,2544613.3,1008.8,122755.0,122755.0,-692.8,886.6,885.3,-20.26,206.06,144.74,327.0,0.0,0.0,0.0,0.0,162649.4,-576669.0,392990.2,0.9406,79.059,823.7,13.96834,-77.31313,0.0,0,-1.0,-1.0,-1.0,-1.0,-1.0,0.0,0.0,0.0,0.0
1791579002.34,2544613.8,1009.3,122407.8,122407.8,-696.0,889.3,887.9,-20.45,206.06,144.74,327.0,0.0,0.0,0.0,0.0,162649.4,-576669.0,392990.2,0.9406,79.059,823.7,13.98986,-77.31706,0.0,0,-1.0,-1.0,-1.0,-1.0,-1.0,0.0,0.0,0.0,0.0
1791579002.84,2544614.3,1009.8,122059.0,122059.0,-699.2,891.9,890.5,-20.64,206.06,144.73,326.99,0.0,0.0,0.0,0.0,162649.4,-576669.0,392990.2,0.9406,79.059,823.7,14.0114,-77.32099,0.0,0,-1.0,-1.0,-1.0,-1.0,-1.0,0.0,0.0,0.0,0.0
1791579003.34,2544614.6,1010.3,121821.0,121821.0,-701.3,893.7,892.3,-20.77,206.06,144.73,326.99,0.0,0.0,0.0,0.0,162649.4,-576669.0,392990.2,0.9406,79.059,823.7,14.02606,-77.32366,0.0,0,-1.0,-1.0,-1.0,-1.0,-1.0,0.0,0.0,0.0,0.0
1791579003.85,2544614.6,1010.8,121821.0,121821.0,-701.3,893.7,892.3,-20.77,206.06,144.73,326.99,0.0,0.0,0.0,0.0,162649.4,-576669.0,392990.2,0.9406,79.059,823.7,14.02606,-77.32366,0.0,0,-1.0,-1.0,-1.0,-1.0,-1.0,0.0,0.0,0.0,0.0
1791579004.35,2544614.7,1011.3,121792.9,121792.9,-701.6,894.0,892.5,-20.79,206.05,144.73,326.99,0.0,0.0,0.0,0.0,162649.4,-576669.0,392990.2,0.9406,79.059,823.7,14.02778,-77.32397,0.0,0,-1.0,-1.0,-1.0,-1.0,-1.0,0.0,0.0,0.0,0.0
1791579004.85,2544614.7,1011.8,121792.9,121792.9,-701.6,894.0,892.5,-20.79,206.05,144.73,326.99,0.0,0.0,0.0,0.0,162649.4,-576669.0,392990.2,0.9406,79.059,823.7,14.02778,-77.32397,0.0,0,-1.0,-1.0,-1.0,-1.0,-1.0,0.0,0.0,0.0,0.0
1791579005.35,2544614.7,1012.3,121764.8,121764.8,-701.8,894.2,892.7,-20.81,206.05,144.73,326.99,0.0,0.0,0.0,0.0,162649.4,-576669.0,392990.2,0.9406,79.059,823.7,14.02951,-77.32428,0.0,0,-1.0,-1.0,-1.0,-1.0,-1.0,0.0,0.0,0.0,0.0
1791579005.85,2544614.7,1012.8,121764.8,121764.8,-701.8,894.2,892.7,-20.81,206.05,144.73,326.99,0.0,0.0,0.0,0.0,162649.4,-576669.0,392990.2,0.9406,79.059,823.7,14.02951,-77.32428,0.0,0,-1.0,-1.0,-1.0,-1.0,-1.0,0.0,0.0,0.0,0.0
1791579006.35,2544614.8,1013.3,121736.8,121736.8,-702.1,894.4,892.9,-20.82,206.05,144.73,326.99,0.0,0.0,0.0,0.0,162649.4,-576669.0,392990.2,0.9406,79.059,823.7,14.03123,-77.3246,0.0,0,-1.0,-1.0,-1.0,-1.0,-1.0,0.0,0.0,0.0,0.0
1791579006.85,2544614.8,1013.8,121736.8,121736.8,-702.1,894.4,892.9,-20.82,206.05,144.73,326.99,0.0,0.0,0.0,0.0,162649.4,-576669.0,392990.2,0.9406,79.059,823.7,14.03123,-77.3246,0.0,0,-1.0,-1.0,-1.0,-1.0,-1.0,0.0,0.0,0.0,0.0
1791579007.36,2544614.8,1014.3,121708.7,121708.7,-702.4,894.6,893.1,-20.84,206.05,144.73,326.99,0.0,0.0,0.0,0.0,162649.4,-576669.0,392990.2,0.9406,79.059,823.7,14.03296,-77.32491,0.0,0,-1.0,-1.0,-1.0,-1.0,-1.0,0.0,0.0,0.0,0.0
1791579007.86,2544614.8,1014.8,121708.7,121708.7,-702.4,894.6,893.1,-20.84,206.05,144.73,326.99,0.0,0.0,0.0,0.0,162649.4,-576669.0,392990.2,0.9406,79.059,823.7,14.03296,-77.32491,0.0,0,-1.0,-1.0,-1.0,-1.0,-1.0,0.0,0.0,0.0,0.0
1791579008.36,2544614.8,1015.3,121680.6,121680.6,-702.6,894.8,893.4,-20.85,206.05,144.73,326.99,0.0,0.0,0.0,0.0,162649.4,-576669.0,392990.2,0.9406,79.059,823.7,14.03468,-77.32522,0.0,0,-1.0,-1.0,-1.0,-1.0,-1.0,0.0,0.0,0.0,0.0
1791579008.86,2544614.8,1015.8,121680.6,121680.6,-702.6,894.8,893.4,-20.85,206.05,144.73,326.99,0.0,0.0,0.0,0.0,162649.4,-576669.0,392990.2,0.9406,79.059,823.7,14.03468,-77.32522,0.0,0,-1.0,-1.0,-1.0,-1.0,-1.0,0.0,0.0,0.0,0.0
1791579009.36,2544614.9,1016.3,121652.5,121652.5,-702.9,895.0,893.6,-20.87,206.05,144.73,326.99,0.0,0.0,0.0,0.0,162649.4,-576669.0,392990.2,0.9406,79.059,823.7,14.03641,-77.32554,0.0,0,-1.0,-1.0,-1.0,-1.0,-1.0,0.0,0.0,0.0,0.0
1791579009.86,2544614.9,1016.8,121652.5,121652.5,-702.9,895.0,893.6,-20.87,206.05,144.73,326.99,0.0,0.0,0.0,0.0,162649.4,-576669.0,392990.2,0.9406,79.059,823.7,14.03641,-77.32554,0.0,0,-1.0,-1.0,-1.0,-1.0,-1.0,0.0,0.0,0.0,0.0
1791579010.37,2544614.9,1017.3,121624.3,121624.3,-703.1,895.2,893.8,-20.88,206.05,144.73,326.99,0.0,0.0,0.0,0.0,162649.4,-576669.0,392990.2,0.9406,79.059,823.7,14.03813,-77.32585,0.0,0,-1.0,-1.0,-1.0,-1.0,-1.0,0.0,0.0,0.0,0.0
1791579010.87,2544614.9,1017.8,121624.3,121624.3,-703.1,895.2,893.8,-20.88,206.05,144.73,326.99,0.0,0.0,0.0,0.0,162649.4,-576669.0,392990.2,0.9406,79.059,823.7,14.03813,-77.32585,0.0,0,-1.0,-1.0,-1.0,-1.0,-1.0,0.0,0.0,0.0,0.0
1791579011.37,2544615.0,1018.3,121596.2,121596.2,-703.4,895.4,894.0,-20.9,206.05,144.73,326.99,0.0,0.0,0.0,0.0,162649.4,-576669.0,392990.2,0.9406,79.059,823.7,14.03986,-77.32616,0.0,0,-1.0,-1.0,-1.0,-1.0,-1.0,0.0,0.0,0.0,0.0
1791579011.87,2544615.0,1018.8,121596.2,121596.2,-703.4,895.4,894.0,-20.9,206.05,144.73,326.99,0.0,0.0,0.0,0.0,162649.4,-576669.0,392990.2,0.9406,79.059,823.7,14.03986,-77.32616,0.0,0,-1.0,-1.0,-1.0,-1.0,-1.0,0.0,0.0,0.0,0.0
1791579012.37,2544615.0,1019.3,121568.1,121568.1,-703.6,895.7,894.2,-20.91,206.05,144.73,326.99,0.0,0.0,0.0,0.0,162649.4,-576669.0,392990.2,0.9406,79.059,823.7,14.04159,-77.32648,0.0,0,-1.0,-1.0,-1.0,-1.0,-1.0,0.0,0.0,0.0,0.0
1791579012.87,2544615.0,1019.8,121568.1,121568.1,-703.6,895.7,894.2,-20.91,206.05,144.73,326.99,0.0,0.0,0.0,0.0,162649.4,-576669.0,392990.2,0.9406,79.059,823.7,14.04159,-77.32648,0.0,0,-1.0,-1.0,-1.0,-1.0,-1.0,0.0,0.0,0.0,0.0
1791579013.37,2544615.0,1020.3,121539.9,121539.9,-703.9,895.9,894.4,-20.93,206.05,144.73,326.98,0.0,0.0,0.0,0.0,162649.4,-576669.0,392990.2,0.9406,79.059,823.7,14.04331,-77.32679,0.0,0,-1.0,-1.0,-1.0,-1.0,-1.0,0.0,0.0,0.0,0.0
1791579013.88,2544615.0,1020.8,121539.9,121539.9,-703.9,895.9,894.4,-20.93,206.05,144.73,326.98,0.0,0.0,0.0,0.0,162649.4,-576669.0,392990.2,0.9406,79.059,823.7,14.04331,-77.32679,0.0,0,-1.0,-1.0,-1.0,-1.0,-1.0,0.0,0.0,0.0,0.0
1791579014.38,2544615.1,1021.3,121511.8,121511.8,-704.1,896.1,894.6,-20.94,206.05,144.73,326.98,0.0,0.0,0.0,0.0,162649.4,-576669.0,392990.2,0.9406,79.059,823.7,14.04504,-77.3271,0.0,0,-1.0,-1.0,-1.0,-1.0,-1.0,0.0,0.0,0.0,0.0
1791579014.88,2544615.1,1021.8,121511.8,121511.8,-704.1,896.1,894.6,-20.94,206.05,144.73,326.98,0.0,0.0,0.0,0.0,162649.4,-576669.0,392990.2,0.9406,79.059,823.7,14.04504,-77.3271,0.0,0,-1.0,-1.0,-1.0,-1.0,-1.0,0.0,0.0,0.0,0.0
1791579015.38,2544615.1,1022.3,121483.6,121483.6,-704.4,896.3,894.8,-20.96,206.05,144.73,326.98,0.0,0.0,0.0,0.0,162649.4,-576669.0,392990.2,0.9406,79.059,823.7,14.04676,-77.32742,0.0,0,-1.0,-1.0,-1.0,-1.0,-1.0,0.0,0.0,0.0,0.0
1791579015.88,2544615.1,1022.8,121483.6,121483.6,-704.4,896.3,894.8,-20.96,206.05,144.73,326.98,0.0,0.0,0.0,0.0,162649.4,-576669.0,392990.2,0.9406,79.059,823.7,14.04676,-77.32742,0.0,0,-1.0,-1.0,-1.0,-1.0,-1.0,0.0,0.0,0.0,0.0
1791579016.38,2544615.2,1023.3,121455.4,121455.4,-704.6,896.5,895.1,-20.98,206.05,144.73,326.98,0.0,0.0,0.0,0.0,162649.4,-576669.0,392990.2,0.9406,79.059,823.7,14.04849,-77.32773,0.0,0,-1.0,-1.0,-1.0,-1.0,-1.0,0.0,0.0,0.0,0.0
1791579016.88,2544615.2,1023.8,121455.4,121455.4,-704.6,896.5,895.1,-20.98,206.05,144.73,326.98,0.0,0.0,0.0,0.0,162649.4,-576669.0,392990.2,0.9406,79.059,823.7,14.04849,-77.32773,0.0,0,-1.0,-1.0,-1.0,-1.0,-1.0,0.0,0.0,0.0,0.0
1791579017.39,2544615.2,1024.3,121427.2,121427.2,-704.9,896.7,895.3,-20.99,206.05,144.73,326.98,0.0,0.0,0.0,0.0,162649.4,-576669.0,392990.2,0.9406,79.059,823.7,14.05022,-77.32804,0.0,0,-1.0,-1.0,-1.0,-1.0,-1.0,0.0,0.0,0.0,0.0
1791579017.89,2544615.2,1024.8,121427.2,121427.2,-704.9,896.7,895.3,-20.99,206.05,144.73,326.98,0.0,0.0,0.0,0.0,162649.4,-576669.0,392990.2,0.9406,79.059,823.7,14.05022,-77.32804,0.0,0,-1.0,-1.0,-1.0,-1.0,-1.0,0.0,0.0,0.0,0.0
1791579018.39,2544615.2,1025.3,121399.0,121399.0,-705.2,896.9,895.5,-21.01,206.05,144.73,326.98,0.0,0.0,0.0,0.0,162649.4,-576669.0,392990.2,0.9406,79.059,823.7,14.05194,-77.32836,0.0,0,-1.0,-1.0,-1.0,-1.0,-1.0,0.0,0.0,0.0,0.0
1791579018.89,2544615.2,1025.8,121399.0,121399.0,-705.2,896.9,895.5,-21.01,206.05,144.73,326.98,0.0,0.0,0.0,0.0,162649.4,-576669.0,392990.2,0.9406,79.059,823.7,14.05194,-77.32836,0.0,0,-1.0,-1.0,-1.0,-1.0,-1.0,0.0,0.0,0.0,0.0
1791579019.39,2544615.3,1026.3,121370.8,121370.8,-705.4,897.2,895.7,-21.02,206.05,144.73,326.98,0.0,0.0,0.0,0.0,162649.4,-576669.0,392990.2,0.9406,79.059,823.7,14.05367,-77.32867,0.0,0,-1.0,-1.0,-1.0,-1.0,-1.0,0.0,0.0,0.0,0.0
1791579019.89,2544615.3,1026.8,121370.8,121370.8,-705.4,897.2,895.7,-21.02,206.05,144.73,326.98,0.0,0.0,0.0,0.0,162649.4,-576669.0,392990.2,0.9406,79.059,823.7,14.05367,-77.32867,0.0,0,-1.0,-1.0,-1.0,-1.0,-1.0,0.0,0.0,0.0,0.0
1791579020.4,2544615.3,1027.3,121342.6,121342.6,-705.7,897.4,895.9,-21.04,206.05,144.73,326.98,0.0,0.0,0.0,0.0,162649.4,-576669.0,392990.2,0.9406,79.059,823.7,14.0554,-77.32898,0.0,0,-1.0,-1.0,-1.0,-1.0,-1.0,0.0,0.0,0.0,0.0
1791579020.9,2544615.3,1027.8,121342.6,121342.6,-705.7,897.4,895.9,-21.04,206.05,144.73,326.98,0.0,0.0,0.0,0.0,162649.4,-576669.0,392990.2,0.9406,79.059,823.7,14.0554,-77.32898,0.0,0,-1.0,-1.0,-1.0,-1.0,-1.0,0.0,0.0,0.0,0.0
1791579021.4,2544615.4,1028.3,121314.3,121314.4,-705.9,897.6,896.1,-21.05,206.05,144.73,326.98,0.0,0.0,0.0,0.0,162649.4,-576669.0,392990.2,0.9406,79.059,823.7,14.05713,-77.3293,0.0,0,-1.0,-1.0,-1.0,-1.0,-1.0,0.0,0.0,0.0,0.0
1791579021.9,2544615.4,1028.9,121314.3,121314.4,-705.9,897.6,896.1,-21.05,206.05,144.73,326.98,0.0,0.0,0.0,0.0,162649.4,-576669.0,392990.2,0.9406,79.059,823.7,14.05713,-77.3293,0.0,0,-1.0,-1.0,-1.0,-1.0,-1.0,0.0,0.0,0.0,0.0
1791579022.4,2544615.4,1029.4,121286.1,121286.1,-706.2,897.8,896.3,-21.07,206.05,144.73,326.98,0.0,0.0,0.0,0.0,162649.4,-576669.0,392990.2,0.9406,79.059,823.7,14.05885,-77.32961,0.0,0,-1.0,-1.0,-1.0,-1.0,-1.0,0.0,0.0,0.0,0.0
1791579022.9,2544615.4,1029.9,121286.1,121286.1,-706.2,897.8,896.3,-21.07,206.05,144.73,326.98,0.0,0.0,0.0,0.0,162649.4,-576669.0,392990.2,0.9406,79.059,823.7,14.05885,-77.32961,0.0,0,-1.0,-1.0,-1.0,-1.0,-1.0,0.0,0.0,0.0,0.0
1791579023.4,2544615.4,1030.4,121286.1,121286.1,-706.2,897.8,896.3,-21.07,206.05,144.73,326.98,0.0,0.0,0.0,0.0,162649.4,-576669.0,392990.2,0.9406,79.059,823.7,14.05885,-77.32961,0.0,0,-1.0,-1.0,-1.0,-1.0,-1.0,0.0,0.0,0.0,0.0
1791579023.91,2544615.4,1030.9,121257.9,121257.9,-706.4,898.0,896.5,-21.08,206.05,144.73,326.98,0.0,0.0,0.0,0.0,162649.4,-576669.0,392990.2,0.9406,79.059,823.7,14.06058,-77.32992,0.0,0,-1.0,-1.0,-1.0,-1.0,-1.0,0.0,0.0,0.0,0.0
1791579024.41,2544615.4,1031.4,121257.9,121257.9,-706.4,898.0,896.5,-21.08,206.05,144.73,326.98,0.0,0.0,0.0,0.0,162649.4,-576669.0,392990.2,0.9406,79.059,823.7,14.06058,-77.32992,0.0,0,-1.0,-1.0,-1.0,-1.0,-1.0,0.0,0.0,0.0,0.0
1791579024.91,2544615.5,1031.9,121229.6,121229.6,-706.7,898.2,896.7,-21.1,206.05,144.73,326.98,0.0,0.0,0.0,0.0,162649.4,-576669.0,392990.2,0.9406,79.059,823.7,14.06231,-77.33023,0.0,0,-1.0,-1.0,-1.0,-1.0,-1.0,0.0,0.0,0.0,0.0
1791579025.41,2544615.5,1032.4,121229.6,121229.6,-706.7,898.2,896.7,-21.1,206.05,144.73,326.98,0.0,0.0,0.0,0.0,162649.4,-576669.0,392990.2,0.9406,79.059,823.7,14.06231,-77.33023,0.0,0,-1.0,-1.0,-1.0,-1.0,-1.0,0.0,0.0,0.0,0.0
1791579025.91,2544615.5,1032.9,121201.3,121201.3,-706.9,898.4,897.0,-21.11,206.05,144.73,326.98,0.0,0.0,0.0,0.0,162649.4,-576669.0,392990.2,0.9406,79.059,823.7,14.06404,-77.33055,0.0,0,-1.0,-1.0,-1.0,-1.0,-1.0,0.0,0.0,0.0,0.0
1791579026.42,2544615.5,1033.4,121201.3,121201.3,-706.9,898.4,897.0,-21.11,206.05,144.73,326.98,0.0,0.0,0.0,0.0,162649.4,-576669.0,392990.2,0.9406,79.059,823.7,14.06404,-77.33055,0.0,0,-1.0,-1.0,-1.0,-1.0,-1.0,0.0,0.0,0.0,0.0
1791579026.92,2544615.6,1033.9,121173.0,121173.0,-707.2,898.6,897.2,-21.13,206.05,144.73,326.98,0.0,0.0,0.0,0.0,162649.4,-576669.0,392990.2,0.9406,79.059,823.7,14.06576,-77.33086,0.0,0,-1.0,-1.0,-1.0,-1.0,-1.0,0.0,0.0,0.0,0.0
1791579027.42,2544615.6,1034.4,121173.0,121173.0,-707.2,898.6,897.2,-21.13,206.05,144.73,326.98,0.0,0.0,0.0,0.0,162649.4,-576669.0,392990.2,0.9406,79.059,823.7,14.06576,-77.33086,0.0,0,-1.0,-1.0,-1.0,-1.0,-1.0,0.0,0.0,0.0,0.0
1791579027.92,2544615.6,1034.9,121144.7,121144.8,-707.4,898.9,897.4,-21.15,206.05,144.73,326.98,0.0,0.0,0.0,0.0,162649.4,-576669.0,392990.2,0.9406,79.059,823.7,14.06749,-77.33117,0.0,0,-1.0,-1.0,-1.0,-1.0,-1.0,0.0,0.0,0.0,0.0
1791579028.42,2544615.6,1035.4,121144.7,121144.8,-707.4,898.9,897.4,-21.15,206.05,144.73,326.98,0.0,0.0,0.0,0.0,162649.4,-576669.0,392990.2,0.9406,79.059,823.7,14.06749,-77.33117,0.0,0,-1.0,-1.0,-1.0,-1.0,-1.0,0.0,0.0,0.0,0.0
1791579028.92,2544615.6,1035.9,121116.4,121116.4,-707.7,899.1,897.6,-21.16,206.05,144.73,326.98,0.0,0.0,0.0,0.0,162649.4,-576669.0,392990.2,0.9406,79.059,823.7,14.06922,-77.33149,0.0,0,-1.0,-1.0,-1.0,-1.0,-1.0,0.0,0.0,0.0,0.0
1791579029.43,2544615.6,1036.4,121116.4,121116.4,-707.7,899.1,897.6,-21.16,206.05,144.73,326.98,0.0,0.0,0.0,0.0,162649.4,-576669.0,392990.2,0.9406,79.059,823.7,14.06922,-77.33149,0.0,0,-1.0,-1.0,-1.0,-1.0,-1.0,0.0,0.0,0.0,0.0
1791579029.93,2544615.7,1036.9,121088.1,121088.1,-708.0,899.3,897.8,-21.18,206.05,144.73,326.98,0.0,0.0,0.0,0.0,162649.4,-576669.0,392990.2,0.9406,79.059,823.7,14.07095,-77.3318,0.0,0,-1.0,-1.0,-1.0,-1.0,-1.0,0.0,0.0,0.0,0.0
1791579030.43,2544615.7,1037.4,121088.1,121088.1,-708.0,899.3,897.8,-21.18,206.05,144.73,326.98,0.0,0.0,0.0,0.0,162649.4,-576669.0,392990.2,0.9406,79.059,823.7,14.07095,-77.3318,0.0,0,-1.0,-1.0,-1.0,-1.0,-1.0,0.0,0.0,0.0,0.0
1791579030.93,2544615.7,1037.9,121059.8,121059.8,-708.2,899.5,898.0,-21.19,206.05,144.73,326.98,0.0,0.0,0.0,0.0,162649.4,-576669.0,392990.2,0.9406,79.059,823.7,14.07268,-77.33211,0.0,0,-1.0,-1.0,-1.0,-1.0,-1.0,0.0,0.0,0.0,0.0
1791579031.43,2544615.7,1038.4,121059.8,121059.8,-708.2,899.5,898.0,-21.19,206.05,144.73,326.98,0.0,0.0,0.0,0.0,162649.4,-576669.0,392990.2,0.9406,79.059,823.7,14.07268,-77.33211,0.0,0,-1.0,-1.0,-1.0,-1.0,-1.0,0.0,0.0,0.0,0.0
1791579031.93,2544615.8,1038.9,121031.5,121031.5,-708.5,899.7,898.2,-21.21,206.05,144.73,326.98,0.0,0.0,0.0,0.0,162649.4,-576669.0,392990.2,0.9406,79.059,823.7,14.07441,-77.33242,0.0,0,-1.0,-1.0,-1.0,-1.0,-1.0,0.0,0.0,0.0,0.0
1791579032.43,2544615.8,1039.4,121031.5,121031.5,-708.5,899.7,898.2,-21.21,206.05,144.73,326.98,0.0,0.0,0.0,0.0,162649.4,-576669.0,392990.2,0.9406,79.059,823.7,14.07441,-77.33242,0.0,0,-1.0,-1.0,-1.0,-1.0,-1.0,0.0,0.0,0.0,0.0
1791579032.94,2544615.8,1039.9,121003.1,121003.1,-708.7,899.9,898.4,-21.22,206.05,144.73,326.98,0.0,0.0,0.0,0.0,162649.4,-576669.0,392990.2,0.9406,79.059,823.7,14.07614,-77.33274,0.0,0,-1.0,-1.0,-1.0,-1.0,-1.0,0.0,0.0,0.0,0.0
1791579033.44,2544615.8,1040.4,121003.1,121003.1,-708.7,899.9,898.4,-21.22,206.05,144.73,326.98,0.0,0.0,0.0,0.0,162649.4,-576669.0,392990.2,0.9406,79.059,823.7,14.07614,-77.33274,0.0,0,-1.0,-1.0,-1.0,-1.0,-1.0,0.0,0.0,0.0,0.0
1791579033.94,2544615.8,1040.9,120974.8,120974.8,-709.0,900.1,898.7,-21.24,206.05,144.73,326.98,0.0,0.0,0.0,0.0,162649.4,-576669.0,392990.2,0.9406,79.059,823.7,14.07786,-77.33305,0.0,0,-1.0,-1.0,-1.0,-1.0,-1.0,0.0,0.0,0.0,0.0
1791579034.44,2544615.8,1041.4,120974.8,120974.8,-709.0,900.1,898.7,-21.24,206.05,144.73,326.98,0.0,0.0,0.0,0.0,162649.4,-576669.0,392990.2,0.9406,79.059,823.7,14.07786,-77.33305,0.0,0,-1.0,-1.0,-1.0,-1.0,-1.0,0.0,0.0,0.0,0.0
1791579034.94,2544615.9,1041.9,120946.4,120946.4,-709.2,900.4,898.9,-21.25,206.05,144.73,326.98,0.0,0.0,0.0,0.0,162649.4,-576669.0,392990.2,0.9406,79.059,823.7,14.07959,-77.33336,0.0,0,-1.0,-1.0,-1.0,-1.0,-1.0,0.0,0.0,0.0,0.0
1791579035.44,2544615.9,1042.4,120946.4,120946.4,-709.2,900.4,898.9,-21.25,206.05,144.73,326.98,0.0,0.0,0.0,0.0,162649.4,-576669.0,392990.2,0.9406,79.059,823.7,14.07959,-77.33336,0.0,0,-1.0,-1.0,-1.0,-1.0,-1.0,0.0,0.0,0.0,0.0
1791579035.95,2544615.9,1042.9,120918.0,120918.0,-709.5,900.6,899.1,-21.27,206.05,144.73,326.98,0.0,0.0,0.0,0.0,162649.4,-576669.0,392990.2,0.9406,79.059,823.7,14.08132,-77.33367,0.0,0,-1.0,-1.0,-1.0,-1.0,-1.0,0.0,0.0,0.0,0.0
1791579036.45,2544615.9,1043.4,120918.0,120918.0,-709.5,900.6,899.1,-21.27,206.05,144.73,326.98,0.0,0.0,0.0,0.0,162649.4,-576669.0,392990.2,0.9406,79.059,823.7,14.08132,-77.33367,0.0,0,-1.0,-1.0,-1.0,-1.0,-1.0,0.0,0.0,0.0,0.0
1791579036.95,2544616.0,1043.9,120889.7,120889.7,-709.7,900.8,899.3,-21.28,206.05,144.73,326.98,0.0,0.0,0.0,0.0,162649.4,-576669.0,392990.2,0.9406,79.059,823.7,14.08305,-77.33399,0.0,0,-1.0,-1.0,-1.0,-1.0,-1.0,0.0,0.0,0.0,0.0
1791579037.45,2544616.0,1044.4,120889.7,120889.7,-709.7,900.8,899.3,-21.28,206.05,144.73,326.98,0.0,0.0,0.0,0.0,162649.4,-576669.0,392990.2,0.9406,79.059,823.7,14.08305,-77.33399,0.0,0,-1.0,-1.0,-1.0,-1.0,-1.0,0.0,0.0,0.0,0.0
1791579037.95,2544616.0,1044.9,120861.3,120861.3,-710.0,901.0,899.5,-21.3,206.05,144.73,326.98,0.0,0.0,0.0,0.0,162649.4,-576669.0,392990.2,0.9406,79.059,823.7,14.08478,-77.3343,0.0,0,-1.0,-1.0,-1.0,-1.0,-1.0,0.0,0.0,0.0,0.0
1791579038.45,2544616.0,1045.4,120861.3,120861.3,-710.0,901.0,899.5,-21.3,206.05,144.73,326.98,0.0,0.0,0.0,0.0,162649.4,-576669.0,392990.2,0.9406,79.059,823.7,14.08478,-77.3343,0.0,0,-1.0,-1.0,-1.0,-1.0,-1.0,0.0,0.0,0.0,0.0
1791579038.95,2544616.0,1045.9,120832.9,120832.9,-710.2,901.2,899.7,-21.32,206.05,144.73,326.98,0.0,0.0,0.0,0.0,162649.4,-576669.0,392990.2,0.9406,79.059,823.7,14.08651,-77.33461,0.0,0,-1.0,-1.0,-1.0,-1.0,-1.0,0.0,0.0,0.0,0.0
1791579039.46,2544616.0,1046.4,120832.9,120832.9,-710.2,901.2,899.7,-21.32,206.05,144.73,326.98,0.0,0.0,0.0,0.0,162649.4,-576669.0,392990.2,0.9406,79.059,823.7,14.08651,-77.33461,0.0,0,-1.0,-1.0,-1.0,-1.0,-1.0,0.0,0.0,0.0,0.0
1791579039.96,2544616.1,1046.9,120804.4,120804.4,-710.5,901.4,899.9,-21.33,206.05,144.73,326.98,0.0,0.0,0.0,0.0,162649.4,-576669.0,392990.2,0.9406,79.059,823.7,14.08824,-77.33492,0.0,0,-1.0,-1.0,-1.0,-1.0,-1.0,0.0,0.0,0.0,0.0
1791579040.46,2544616.1,1047.4,120804.4,120804.4,-710.5,901.4,899.9,-21.33,206.05,144.73,326.98,0.0,0.0,0.0,0.0,162649.4,-576669.0,392990.2,0.9406,79.059,823.7,14.08824,-77.33492,0.0,0,-1.0,-1.0,-1.0,-1.0,-1.0,0.0,0.0,0.0,0.0
1791579040.96,2544616.1,1047.9,120776.0,120776.0,-710.8,901.6,900.1,-21.35,206.05,144.73,326.98,0.0,0.0,0.0,0.0,162649.4,-576669.0,392990.2,0.9406,79.059,823.7,14.08997,-77.33524,0.0,0,-1.0,-1.0,-1.0,-1.0,-1.0,0.0,0.0,0.0,0.0
1791579041.46,2544616.1,1048.4,120776.0,120776.0,-710.8,901.6,900.1,-21.35,206.05,144.73,326.98,0.0,0.0,0.0,0.0,162649.4,-576669.0,392990.2,0.9406,79.059,823.7,14.08997,-77.33524,0.0,0,-1.0,-1.0,-1.0,-1.0,-1.0,0.0,0.0,0.0,0.0
1791579041.96,2544616.2,1048.9,120747.6,120747.6,-711.0,901.9,900.4,-21.36,206.05,144.73,326.98,0.0,0.0,0.0,0.0,162649.4,-576669.0,392990.2,0.9406,79.059,823.7,14.0917,-77.33555,0.0,0,-1.0,-1.0,-1.0,-1.0,-1.0,0.0,0.0,0.0,0.0
1791579042.47,2544616.2,1049.4,120747.6,120747.6,-711.0,901.9,900.4,-21.36,206.05,144.73,326.98,0.0,0.0,0.0,0.0,162649.4,-576669.0,392990.2,0.9406,79.059,823.7,14.0917,-77.33555,0.0,0,-1.0,-1.0,-1.0,-1.0,-1.0,0.0,0.0,0.0,0.0
1791579042.97,2544616.2,1049.9,120719.1,120719.1,-711.3,902.1,900.6,-21.38,206.05,144.73,326.97,0.0,0.0,0.0,0.0,162649.4,-576669.0,392990.2,0.9406,79.059,823.7,14.09343,-77.33586,0.0,0,-1.0,-1.0,-1.0,-1.0,-1.0,0.0,0.0,0.0,0.0
1791579043.47,2544616.2,1050.4,120719.1,120719.1,-711.3,902.1,900.6,-21.38,206.05,144.73,326.97,0.0,0.0,0.0,0.0,162649.4,-576669.0,392990.2,0.9406,79.059,823.7,14.09343,-77.33586,0.0,0,-1.0,-1.0,-1.0,-1.0,-1.0,0.0,0.0,0.0,0.0
1791579043.97,2544616.2,1050.9,120690.7,120690.7,-711.5,902.3,900.8,-21.39,206.05,144.73,326.97,0.0,0.0,0.0,0.0,162649.4,-576669.0,392990.2,0.9406,79.059,823.7,14.09516,-77.33617,0.0,0,-1.0,-1.0,-1.0,-1.0,-1.0,0.0,0.0,0.0,0.0
1791579044.47,2544616.2,1051.4,120690.7,120690.7,-711.5,902.3,900.8,-21.39,206.05,144.73,326.97,0.0,0.0,0.0,0.0,162649.4,-576669.0,392990.2,0.9406,79.059,823.7,14.09516,-77.33617,0.0,0,-1.0,-1.0,-1.0,-1.0,-1.0,0.0,0.0,0.0,0.0
1791579044.97,2544616.3,1051.9,120662.2,120662.2,-711.8,902.5,901.0,-21.41,206.05,144.73,326.97,0.0,0.0,0.0,0.0,162649.4,-576669.0,392990.2,0.9406,79.059,823.7,14.09689,-77.33648,0.0,0,-1.0,-1.0,-1.0,-1.0,-1.0,0.0,0.0,0.0,0.0
1791579045.47,2544616.3,1052.4,120662.2,120662.2,-711.8,902.5,901.0,-21.41,206.05,144.73,326.97,0.0,0.0,0.0,0.0,162649.4,-576669.0,392990.2,0.9406,79.059,823.7,14.09689,-77.33648,0.0,0,-1.0,-1.0,-1.0,-1.0,-1.0,0.0,0.0,0.0,0.0
1791579045.98,2544616.3,1052.9,120633.7,120633.7,-712.0,902.7,901.2,-21.42,206.05,144.73,326.97,0.0,0.0,0.0,0.0,162649.4,-576669.0,392990.2,0.9406,79.059,823.7,14.09862,-77.3368,0.0,0,-1.0,-1.0,-1.0,-1.0,-1.0,0.0,0.0,0.0,0.0
1791579046.48,2544616.3,1053.4,120633.7,120633.7,-712.0,902.7,901.2,-21.42,206.05,144.73,326.97,0.0,0.0,0.0,0.0,162649.4,-576669.0,392990.2,0.9406,79.059,823.7,14.09862,-77.3368,0.0,0,-1.0,-1.0,-1.0,-1.0,-1.0,0.0,0.0,0.0,0.0
1791579046.98,2544616.5,1053.9,120534.0,120534.0,-712.9,903.5,901.9,-21.48,206.04,144.73,326.97,0.0,0.0,0.0,0.0,162649.4,-576669.0,392990.2,0.9406,79.059,823.7,14.10468,-77.33822,0.0,0,-1.0,-1.0,-1.0,-1.0,-1.0,0.0,0.0,0.0,0.0
1791579047.48,2544616.9,1054.4,120191.1,120191.1,-716.0,906.0,904.5,-21.66,206.04,144.73,326.97,0.0,0.0,0.0,0.0,162649.4,-576669.0,392990.2,0.9406,79.059,823.7,14.12546,-77.34163,0.0,0,-1.0,-1.0,-1.0,-1.0,-1.0,0.0,0.0,0.0,0.0
1791579047.99,2544617.5,1054.9,119817.9,119817.9,-719.3,908.8,907.3,-21.86,206.04,144.73,326.96,0.0,0.0,0.0,0.0,162649.4,-576669.0,392990.2,0.9406,79.059,823.7,14.148,-77.34568,0.0,0,-1.0,-1.0,-1.0,-1.0,-1.0,0.0,0.0,0.0,0.0
1791579048.49,2544618.0,1055.4,119457.4,119457.4,-722.5,911.5,910.0,-22.06,206.04,144.73,326.96,0.0,0.0,0.0,0.0,162649.4,-576669.0,392990.2,0.9406,79.059,823.7,14.16969,-77.34957,0.0,0,-1.0,-1.0,-1.0,-1.0,-1.0,0.0,0.0,0.0,0.0
1791579048.99,2544618.4,1055.9,119109.9,119109.9,-725.6,914.1,912.5,-22.24,206.03,144.73,326.95,0.0,0.0,0.0,0.0,162649.4,-576669.0,392990.2,0.9406,79.059,823.7,14.19054,-77.35329,0.0,0,-1.0,-1.0,-1.0,-1.0,-1.0,0.0,0.0,0.0,0.0
1791579049.49,2544619.0,1056.4,118731.7,118731.8,-728.9,917.0,915.3,-22.44,206.03,144.73,326.95,0.0,0.0,0.0,0.0,162649.4,-576669.0,392990.2,0.9406,79.059,823.7,14.21314,-77.35733,0.0,0,-1.0,-1.0,-1.0,-1.0,-1.0,0.0,0.0,0.0,0.0
1791579050.0,2544619.4,1057.0,118381.1,118381.1,-732.0,919.6,917.9,-22.63,206.03,144.72,326.95,0.0,0.0,0.0,0.0,162649.4,-576669.0,392990.2,0.9406,79.059,823.7,14.23403,-77.36104,0.0,0,-1.0,-1.0,-1.0,-1.0,-1.0,0.0,0.0,0.0,0.0
1791579050.5,2544620.0,1057.5,117999.6,117999.6,-735.3,922.4,920.7,-22.83,206.03,144.72,326.94,0.0,0.0,0.0,0.0,162649.4,-576669.0,392990.2,0.9406,79.059,823.7,14.25668,-77.36506,0.0,0,-1.0,-1.0,-1.0,-1.0,-1.0,0.0,0.0,0.0,0.0
1791579051.0,2544620.5,1058.0,117631.2,117631.2,-738.5,925.2,923.5,-23.02,206.02,144.72,326.94,0.0,0.0,0.0,0.0,162649.4,-576669.0,392990.2,0.9406,79.059,823.7,14.27848,-77.36926,0.0,0,-1.0,-1.0,-1.0,-1.0,-1.0,0.0,0.0,0.0,0.0
1791579051.5,2544621.0,1058.5,117261.1,117261.1,-741.7,927.9,926.2,-23.22,206.02,144.72,326.93,0.0,0.0,0.0,0.0,162649.4,-576669.0,392990.2,0.9406,79.059,823.7,14.30031,-77.37278,0.0,0,-1.0,-1.0,-1.0,-1.0,-1.0,0.0,0.0,0.0,0.0
1791579052.01,2544621.5,1059.0,116874.6,116874.6,-745.1,930.7,929.0,-23.42,206.02,144.72,326.93,0.0,0.0,0.0,0.0,162649.4,-576669.0,392990.2,0.9406,79.059,823.7,14.32303,-77.37678,0.0,0,-1.0,-1.0,-1.0,-1.0,-1.0,0.0,0.0,0.0,0.0
1791579052.51,2544622.0,1059.5,116501.2,116501.2,-748.3,933.5,931.7,-23.61,206.02,144.72,326.92,0.0,0.0,0.0,0.0,162649.4,-576669.0,392990.2,0.9406,79.059,823.7,14.3449,-77.38063,0.0,0,-1.0,-1.0,-1.0,-1.0,-1.0,0.0,0.0,0.0,0.0
1791579053.02,2544622.3,1060.0,116246.4,116246.4,-750.5,935.4,933.6,-23.74,206.01,144.72,326.92,0.0,0.0,0.0,0.0,162649.4,-576669.0,392990.2,0.9406,79.059,823.7,14.35978,-77.38324,0.0,0,-1.0,-1.0,-1.0,-1.0,-1.0,0.0,0.0,0.0,0.0
1791579053.52,2544622.8,1060.5,115870.4,115870.4,-753.7,938.1,936.3,-23.94,206.01,144.72,326.92,0.0,0.0,0.0,0.0,162649.4,-576669.0,392990.2,0.9406,79.059,823.7,14.38169,-77.38707,0.0,0,-1.0,-1.0,-1.0,-1.0,-1.0,0.0,0.0,0.0,0.0
1791579054.02,2544623.3,1061.0,115492.7,115492.7,-756.9,940.9,939.1,-24.13,206.01,144.72,326.91,0.0,0.0,0.0,0.0,162649.4,-576669.0,392990.2,0.9406,79.059,823.7,14.40362,-77.3909,0.0,0,-1.0,-1.0,-1.0,-1.0,-1.0,0.0,0.0,0.0,0.0
1791579054.52,2544623.8,1061.5,115113.4,115113.4,-760.2,943.7,941.8,-24.32,206.01,144.71,326.91,0.0,0.0,0.0,0.0,162649.4,-576669.0,392990.2,0.9406,79.059,823.7,14.42558,-77.39472,0.0,0,-1.0,-1.0,-1.0,-1.0,-1.0,0.0,0.0,0.0,0.0
1791579055.03,2544624.3,1062.0,114732.5,114732.5,-763.4,946.5,944.6,-24.52,206.0,144.71,326.9,0.0,0.0,0.0,0.0,162649.4,-576669.0,392990.2,0.9406,79.059,823.7,14.44756,-77.39854,0.0,0,-1.0,-1.0,-1.0,-1.0,-1.0,0.0,0.0,0.0,0.0
1791579055.53,2544624.8,1062.5,114350.0,114350.0,-766.7,949.3,947.4,-24.71,206.0,144.71,326.9,0.0,0.0,0.0,0.0,162649.4,-576669.0,392990.2,0.9406,79.059,823.7,14.46956,-77.40235,0.0,0,-1.0,-1.0,-1.0,-1.0,-1.0,0.0,0.0,0.0,0.0
1791579056.03,2544625.3,1063.0,113965.9,113965.9,-769.9,952.1,950.2,-24.9,206.0,144.71,326.89,0.0,0.0,0.0,0.0,162649.4,-576669.0,392990.2,0.9406,79.059,823.7,14.49158,-77.40616,0.0,0,-1.0,-1.0,-1.0,-1.0,-1.0,0.0,0.0,0.0,0.0
1791579056.53,2544625.8,1063.5,113564.7,113564.7,-773.3,955.0,953.1,-25.11,206.0,144.71,326.89,0.0,0.0,0.0,0.0,162649.4,-576669.0,392990.2,0.9406,79.059,823.7,14.51451,-77.41011,0.0,0,-1.0,-1.0,-1.0,-1.0,-1.0,0.0,0.0,0.0,0.0
1791579057.03,2544626.3,1064.0,113177.2,113177.2,-776.5,957.8,955.8,-25.3,205.99,144.71,326.88,0.0,0.0,0.0,0.0,162649.4,-576669.0,392990.2,0.9406,79.059,823.7,14.53659,-77.4139,0.0,0,-1.0,-1.0,-1.0,-1.0,-1.0,0.0,0.0,0.0,0.0
1791579057.54,2544626.8,1064.5,112788.1,112788.1,-779.8,960.6,958.6,-25.49,205.99,144.71,326.88,0.0,0.0,0.0,0.0,162649.4,-576669.0,392990.2,0.9406,79.059,823.7,14.55869,-77.41769,0.0,0,-1.0,-1.0,-1.0,-1.0,-1.0,0.0,0.0,0.0,0.0
1791579058.04,2544627.3,1065.0,112397.4,112397.4,-783.0,963.4,961.4,-25.69,205.99,144.71,326.87,0.0,0.0,0.0,0.0,162649.4,-576669.0,392990.2,0.9406,79.059,823.7,14.58081,-77.42147,0.0,0,-1.0,-1.0,-1.0,-1.0,-1.0,0.0,0.0,0.0,0.0
1791579058.54,2544627.8,1065.5,112005.1,112005.1,-786.3,966.3,964.2,-25.88,205.99,144.71,326.87,0.0,0.0,0.0,0.0,162649.4,-576669.0,392990.2,0.9406,79.059,823.7,14.60295,-77.42525,0.0,0,-1.0,-1.0,-1.0,-1.0,-1.0,0.0,0.0,0.0,0.0
1791579059.04,2544628.3,1066.0,111611.1,111611.1,-789.6,969.1,967.1,-26.07,205.99,144.7,326.87,0.0,0.0,0.0,0.0,162649.4,-576669.0,392990.2,0.9406,79.059,823.7,14.62512,-77.42902,0.0,0,-1.0,-1.0,-1.0,-1.0,-1.0,0.0,0.0,0.0,0.0
1791579059.55,2544628.9,1066.5,111199.7,111199.7,-793.0,972.1,970.0,-26.28,205.98,144.7,326.86,0.0,0.0,0.0,0.0,162649.4,-576669.0,392990.2,0.9406,79.059,823.7,14.64821,-77.43293,0.0,0,-1.0,-1.0,-1.0,-1.0,-1.0,0.0,0.0,0.0,0.0
1791579060.05,2544629.3,1067.0,110818.3,110818.3,-796.1,974.8,972.7,-26.46,205.98,144.7,326.86,0.0,0.0,0.0,0.0,162649.4,-576669.0,392990.2,0.9406,79.059,823.7,14.66954,-77.43654,0.0,0,-1.0,-1.0,-1.0,-1.0,-1.0,0.0,0.0,0.0,0.0
1791579060.55,2544629.8,1067.5,110419.5,110419.5,-799.4,977.7,975.6,-26.66,205.98,144.7,326.85,0.0,0.0,0.0,0.0,162649.4,-576669.0,392990.2,0.9406,79.059,823.7,14.69178,-77.44029,0.0,0,-1.0,-1.0,-1.0,-1.0,-1.0,0.0,0.0,0.0,0.0
1791579061.05,2544630.3,1068.0,110019.0,110019.0,-802.6,980.5,978.4,-26.85,205.98,144.7,326.85,0.0,0.0,0.0,0.0,162649.4,-576669.0,392990.2,0.9406,79.059,823.7,14.71405,-77.44404,0.0,0,-1.0,-1.0,-1.0,-1.0,-1.0,0.0,0.0,0.0,0.0
1791579061.55,2544630.9,1068.5,109600.7,109600.7,-806.1,983.5,981.4,-27.05,205.97,144.7,326.84,0.0,0.0,0.0,0.0,162649.4,-576669.0,392990.2,0.9406,79.059,823.7,14.73724,-77.44793,0.0,0,-1.0,-1.0,-1.0,-1.0,-1.0,0.0,0.0,0.0,0.0
1791579062.06,2544631.4,1069.0,109213.0,109213.0,-809.2,986.3,984.1,-27.24,205.97,144.7,326.84,0.0,0.0,0.0,0.0,162649.4,-576669.0,392990.2,0.9406,79.059,823.7,14.75867,-77.45151,0.0,0,-1.0,-1.0,-1.0,-1.0,-1.0,0.0,0.0,0.0,0.0
1791579062.56,2544631.9,1069.5,108791.4,108791.4,-812.6,989.3,987.1,-27.44,205.97,144.7,326.83,0.0,0.0,0.0,0.0,162649.4,-576669.0,392990.2,0.9406,79.059,823.7,14.7819,-77.45539,0.0,0,-1.0,-1.0,-1.0,-1.0,-1.0,0.0,0.0,0.0,0.0
1791579063.06,2544632.4,1070.0,108384.2,108384.2,-815.9,992.2,989.9,-27.63,205.97,144.7,326.83,0.0,0.0,0.0,0.0,162649.4,-576669.0,392990.2,0.9406,79.059,823.7,14.80428,-77.45911,0.0,0,-1.0,-1.0,-1.0,-1.0,-1.0,0.0,0.0,0.0,0.0
1791579063.57,2544632.9,1070.5,107975.4,107975.4,-819.2,995.1,992.8,-27.83,205.97,144.69,326.82,0.0,0.0,0.0,0.0,162649.4,-576669.0,392990.2,0.9406,79.059,823.7,14.82667,-77.46282,0.0,0,-1.0,-1.0,-1.0,-1.0,-1.0,0.0,0.0,0.0,0.0
1791579064.07,2544633.4,1071.0,107565.0,107565.0,-822.5,998.0,995.7,-28.02,205.96,144.69,326.82,0.0,0.0,0.0,0.0,162649.4,-576669.0,392990.2,0.9406,79.059,823.7,14.8491,-77.46653,0.0,0,-1.0,-1.0,-1.0,-1.0,-1.0,0.0,0.0,0.0,0.0
1791579064.57,2544633.9,1071.5,107152.9,107152.9,-825.8,1000.9,998.6,-28.21,205.96,144.69,326.81,0.0,0.0,0.0,0.0,162649.4,-576669.0,392990.2,0.9406,79.059,823.7,14.87155,-77.47023,0.0,0,-1.0,-1.0,-1.0,-1.0,-1.0,0.0,0.0,0.0,0.0
1791579065.07,2544634.4,1072.0,106739.2,106739.2,-829.1,1003.8,1001.5,-28.41,205.96,144.69,326.81,0.0,0.0,0.0,0.0,162649.4,-576669.0,392990.2,0.9406,79.059,823.7,14.89402,-77.47393,0.0,0,-1.0,-1.0,-1.0,-1.0,-1.0,0.0,0.0,0.0,0.0
1791579065.57,2544634.9,1072.5,106340.4,106340.4,-832.3,1006.6,1004.3,-28.6,205.96,144.69,326.81,0.0,0.0,0.0,0.0,162649.4,-576669.0,392990.2,0.9406,79.059,823.7,14.91562,-77.47747,0.0,0,-1.0,-1.0,-1.0,-1.0,-1.0,0.0,0.0,0.0,0.0
1791579066.07,2544634.9,1073.0,106257.2,106257.2,-833.0,1007.2,1004.9,-28.63,205.96,144.69,326.8,0.0,0.0,0.0,0.0,162649.4,-576669.0,392990.2,0.9406,79.059,823.7,14.92013,-77.47821,0.0,0,-1.0,-1.0,-1.0,-1.0,-1.0,0.0,0.0,0.0,0.0
1791579066.57,2544634.9,1073.5,106257.2,106257.2,-833.0,1007.2,1004.9,-28.63,205.96,144.69,326.8,0.0,0.0,0.0,0.0,162649.4,-576669.0,392990.2,0.9406,79.059,823.7,14.92013,-77.47821,0.0,0,-1.0,-1.0,-1.0,-1.0,-1.0,0.0,0.0,0.0,0.0
1791579067.08,2544635.0,1074.0,106223.9,106223.9,-833.2,1007.4,1005.1,-28.65,205.96,144.69,326.8,0.0,0.0,0.0,0.0,162649.4,-576669.0,392990.2,0.9406,79.059,823.7,14.92193,-77.4785,0.0,0,-1.0,-1.0,-1.0,-1.0,-1.0,0.0,0.0,0.0,0.0
1791579067.58,2544635.0,1074.5,106223.9,106223.9,-833.2,1007.4,1005.1,-28.65,205.96,144.69,326.8,0.0,0.0,0.0,0.0,162649.4,-576669.0,392990.2,0.9406,79.059,823.7,14.92193,-77.4785,0.0,0,-1.0,-1.0,-1.0,-1.0,-1.0,0.0,0.0,0.0,0.0
1791579068.08,2544635.0,1075.0,106190.5,106190.5,-833.5,1007.6,1005.3,-28.66,205.96,144.69,326.8,0.0,0.0,0.0,0.0,162649.4,-576669.0,392990.2,0.9406,79.059,823.7,14.92373,-77.47879,0.0,0,-1.0,-1.0,-1.0,-1.0,-1.0,0.0,0.0,0.0,0.0
1791579068.58,2544635.0,1075.5,106190.5,106190.5,-833.5,1007.6,1005.3,-28.66,205.96,144.69,326.8,0.0,0.0,0.0,0.0,162649.4,-576669.0,392990.2,0.9406,79.059,823.7,14.92373,-77.47879,0.0,0,-1.0,-1.0,-1.0,-1.0,-1.0,0.0,0.0,0.0,0.0
1791579069.08,2544635.1,1076.0,106157.2,106157.2,-833.8,1007.9,1005.6,-28.68,205.96,144.69,326.8,0.0,0.0,0.0,0.0,162649.4,-576669.0,392990.2,0.9406,79.059,823.7,14.92553,-77.47909,0.0,0,-1.0,-1.0,-1.0,-1.0,-1.0,0.0,0.0,0.0,0.0
1791579069.58,2544635.1,1076.5,106157.2,106157.2,-833.8,1007.9,1005.6,-28.68,205.96,144.69,326.8,0.0,0.0,0.0,0.0,162649.4,-576669.0,392990.2,0.9406,79.059,823.7,14.92553,-77.47909,0.0,0,-1.0,-1.0,-1.0,-1.0,-1.0,0.0,0.0,0.0,0.0
1791579070.09,2544635.1,1077.0,106123.8,106123.8,-834.0,1008.1,1005.8,-28.7,205.96,144.69,326.8,0.0,0.0,0.0,0.0,162649.4,-576669.0,392990.2,0.9406,79.059,823.7,14.92733,-77.47938,0.0,0,-1.0,-1.0,-1.0,-1.0,-1.0,0.0,0.0,0.0,0.0
1791579070.59,2544635.1,1077.5,106123.8,106123.8,-834.0,1008.1,1005.8,-28.7,205.96,144.69,326.8,0.0,0.0,0.0,0.0,162649.4,-576669.0,392990.2,0.9406,79.059,823.7,14.92733,-77.47938,0.0,0,-1.0,-1.0,-1.0,-1.0,-1.0,0.0,0.0,0.0,0.0
1791579071.09,2544635.1,1078.0,106090.4,106090.4,-834.3,1008.4,1006.0,-28.71,205.96,144.69,326.8,0.0,0.0,0.0,0.0,162649.4,-576669.0,392990.2,0.9406,79.059,823.7,14.92913,-77.47968,0.0,0,-1.0,-1.0,-1.0,-1.0,-1.0,0.0,0.0,0.0,0.0
1791579071.59,2544635.1,1078.5,106090.4,106090.4,-834.3,1008.4,1006.0,-28.71,205.96,144.69,326.8,0.0,0.0,0.0,0.0,162649.4,-576669.0,392990.2,0.9406,79.059,823.7,14.92913,-77.47968,0.0,0,-1.0,-1.0,-1.0,-1.0,-1.0,0.0,0.0,0.0,0.0
1791579072.09,2544635.2,1079.0,106057.1,106057.1,-834.6,1008.6,1006.3,-28.73,205.96,144.69,326.8,0.0,0.0,0.0,0.0,162649.4,-576669.0,392990.2,0.9406,79.059,823.7,14.93094,-77.47997,0.0,0,-1.0,-1.0,-1.0,-1.0,-1.0,0.0,0.0,0.0,0.0
1791579072.59,2544635.2,1079.5,106057.1,106057.1,-834.6,1008.6,1006.3,-28.73,205.96,144.69,326.8,0.0,0.0,0.0,0.0,162649.4,-576669.0,392990.2,0.9406,79.059,823.7,14.93094,-77.47997,0.0,0,-1.0,-1.0,-1.0,-1.0,-1.0,0.0,0.0,0.0,0.0
1791579073.1,2544635.2,1080.0,106023.7,106023.7,-834.8,1008.8,1006.5,-28.74,205.96,144.69,326.8,0.0,0.0,0.0,0.0,162649.4,-576669.0,392990.2,0.9406,79.059,823.7,14.93274,-77.48027,0.0,0,-1.0,-1.0,-1.0,-1.0,-1.0,0.0,0.0,0.0,0.0
1791579073.6,2544635.2,1080.5,106023.7,106023.7,-834.8,1008.8,1006.5,-28.74,205.96,144.69,326.8,0.0,0.0,0.0,0.0,162649.4,-576669.0,392990.2,0.9406,79.059,823.7,14.93274,-77.48027,0.0,0,-1.0,-1.0,-1.0,-1.0,-1.0,0.0,0.0,0.0,0.0
1791579074.1,2544635.3,1081.0,105990.3,105990.3,-835.1,1009.1,1006.7,-28.76,205.96,144.69,326.8,0.0,0.0,0.0,0.0,162649.4,-576669.0,392990.2,0.9406,79.059,823.7,14.93454,-77.48056,0.0,0,-1.0,-1.0,-1.0,-1.0,-1.0,0.0,0.0,0.0,0.0
1791579074.6,2544635.3,1081.6,105990.3,105990.3,-835.1,1009.1,1006.7,-28.76,205.96,144.69,326.8,0.0,0.0,0.0,0.0,162649.4,-576669.0,392990.2,0.9406,79.059,823.7,14.93454,-77.48056,0.0,0,-1.0,-1.0,-1.0,-1.0,-1.0,0.0,0.0,0.0,0.0
1791579075.1,2544635.3,1082.1,105956.9,105956.9,-835.4,1009.3,1007.0,-28.77,205.96,144.69,326.8,0.0,0.0,0.0,0.0,162649.4,-576669.0,392990.2,0.9406,79.059,823.7,14.93635,-77.48086,0.0,0,-1.0,-1.0,-1.0,-1.0,-1.0,0.0,0.0,0.0,0.0
1791579075.6,2544635.3,1082.6,105956.9,105956.9,-835.4,1009.3,1007.0,-28.77,205.96,144.69,326.8,0.0,0.0,0.0,0.0,162649.4,-576669.0,392990.2,0.9406,79.059,823.7,14.93635,-77.48086,0.0,0,-1.0,-1.0,-1.0,-1.0,-1.0,0.0,0.0,0.0,0.0
1791579076.1,2544635.3,1083.1,105923.5,105923.5,-835.6,1009.5,1007.2,-28.79,205.96,144.69,326.8,0.0,0.0,0.0,0.0,162649.4,-576669.0,392990.2,0.9406,79.059,823.7,14.93815,-77.48115,0.0,0,-1.0,-1.0,-1.0,-1.0,-1.0,0.0,0.0,0.0,0.0
1791579076.61,2544635.3,1083.6,105923.5,105923.5,-835.6,1009.5,1007.2,-28.79,205.96,144.69,326.8,0.0,0.0,0.0,0.0,162649.4,-576669.0,392990.2,0.9406,79.059,823.7,14.93815,-77.48115,0.0,0,-1.0,-1.0,-1.0,-1.0,-1.0,0.0,0.0,0.0,0.0
1791579077.11,2544635.4,1084.1,105890.0,105890.0,-835.9,1009.8,1007.4,-28.8,205.96,144.69,326.8,0.0,0.0,0.0,0.0,162649.4,-576669.0,392990.2,0.9406,79.059,823.7,14.93995,-77.48145,0.0,0,-1.0,-1.0,-1.0,-1.0,-1.0,0.0,0.0,0.0,0.0
1791579077.61,2544635.7,1084.6,105639.0,105639.0,-837.9,1011.5,1009.2,-28.92,205.96,144.69,326.8,0.0,0.0,0.0,0.0,162649.4,-576669.0,392990.2,0.9406,79.059,823.7,14.95348,-77.48365,0.0,0,-1.0,-1.0,-1.0,-1.0,-1.0,0.0,0.0,0.0,0.0
1791579078.11,2544636.2,1085.1,105219.2,105219.2,-841.2,1014.5,1012.1,-29.12,205.95,144.69,326.79,0.0,0.0,0.0,0.0,162649.4,-576669.0,392990.2,0.9406,79.059,823.7,14.97605,-77.48732,0.0,0,-1.0,-1.0,-1.0,-1.0,-1.0,0.0,0.0,0.0,0.0
1791579078.61,2544636.7,1085.6,104780.9,104780.9,-844.7,1017.5,1015.1,-29.32,205.95,144.68,326.79,0.0,0.0,0.0,0.0,162649.4,-576669.0,392990.2,0.9406,79.059,823.7,14.99956,-77.49113,0.0,0,-1.0,-1.0,-1.0,-1.0,-1.0,0.0,0.0,0.0,0.0
1791579079.11,2544637.2,1086.1,104374.7,104374.7,-847.9,1020.4,1018.0,-29.5,205.95,144.68,326.78,0.0,0.0,0.0,0.0,162649.4,-576669.0,392990.2,0.9406,79.059,823.7,15.02128,-77.49465,0.0,0,-1.0,-1.0,-1.0,-1.0,-1.0,0.0,0.0,0.0,0.0
1791579079.62,2544637.7,1086.6,103949.9,103949.9,-851.2,1023.3,1020.9,-29.7,205.95,144.68,326.78,0.0,0.0,0.0,0.0,162649.4,-576669.0,392990.2,0.9406,79.059,823.7,15.04393,-77.4983,0.0,0,-1.0,-1.0,-1.0,-1.0,-1.0,0.0,0.0,0.0,0.0
1791579080.12,2544638.2,1087.1,103523.5,103523.5,-854.5,1026.3,1023.8,-29.89,205.95,144.68,326.77,0.0,0.0,0.0,0.0,162649.4,-576669.0,392990.2,0.9406,79.059,823.7,15.06661,-77.50194,0.0,0,-1.0,-1.0,-1.0,-1.0,-1.0,0.0,0.0,0.0,0.0
1791579080.63,2544638.3,1087.6,103420.9,103420.9,-855.3,1027.0,1024.5,-29.94,205.95,144.68,326.77,0.0,0.0,0.0,0.0,162649.4,-576669.0,392990.2,0.9406,79.059,823.7,15.07206,-77.50282,0.0,0,-1.0,-1.0,-1.0,-1.0,-1.0,0.0,0.0,0.0,0.0
1791579081.13,2544638.3,1088.1,103420.9,103420.9,-855.3,1027.0,1024.5,-29.94,205.95,144.68,326.77,0.0,0.0,0.0,0.0,162649.4,-576669.0,392990.2,0.9406,79.059,823.7,15.07206,-77.50282,0.0,0,-1.0,-1.0,-1.0,-1.0,-1.0,0.0,0.0,0.0,0.0
1791579081.63,2544638.3,1088.6,103386.7,103386.7,-855.6,1027.2,1024.8,-29.95,205.95,144.68,326.77,0.0,0.0,0.0,0.0,162649.4,-576669.0,392990.2,0.9406,79.059,823.7,15.07387,-77.50311,0.0,0,-1.0,-1.0,-1.0,-1.0,-1.0,0.0,0.0,0.0,0.0
1791579082.13,2544638.3,1089.1,103386.7,103386.7,-855.6,1027.2,1024.8,-29.95,205.95,144.68,326.77,0.0,0.0,0.0,0.0,162649.4,-576669.0,392990.2,0.9406,79.059,823.7,15.07387,-77.50311,0.0,0,-1.0,-1.0,-1.0,-1.0,-1.0,0.0,0.0,0.0,0.0
1791579082.63,2544638.4,1089.6,103352.5,103352.5,-855.9,1027.5,1025.0,-29.97,205.95,144.68,326.77,0.0,0.0,0.0,0.0,162649.4,-576669.0,392990.2,0.9406,79.059,823.7,15.07569,-77.5034,0.0,0,-1.0,-1.0,-1.0,-1.0,-1.0,0.0,0.0,0.0,0.0
1791579083.13,2544638.4,1090.1,103352.5,103352.5,-855.9,1027.5,1025.0,-29.97,205.95,144.68,326.77,0.0,0.0,0.0,0.0,162649.4,-576669.0,392990.2,0.9406,79.059,823.7,15.07569,-77.5034,0.0,0,-1.0,-1.0,-1.0,-1.0,-1.0,0.0,0.0,0.0,0.0
1791579083.63,2544638.4,1090.6,103318.2,103318.2,-856.1,1027.7,1025.3,-29.99,205.95,144.68,326.77,0.0,0.0,0.0,0.0,162649.4,-576669.0,392990.2,0.9406,79.059,823.7,15.07751,-77.50369,0.0,0,-1.0,-1.0,-1.0,-1.0,-1.0,0.0,0.0,0.0,0.0
1791579084.14,2544638.4,1091.1,103318.2,103318.2,-856.1,1027.7,1025.3,-29.99,205.95,144.68,326.77,0.0,0.0,0.0,0.0,162649.4,-576669.0,392990.2,0.9406,79.059,823.7,15.07751,-77.50369,0.0,0,-1.0,-1.0,-1.0,-1.0,-1.0,0.0,0.0,0.0,0.0
1791579084.64,2544638.5,1091.6,103284.0,103284.0,-856.4,1028.0,1025.5,-30.0,205.95,144.68,326.77,0.0,0.0,0.0,0.0,162649.4,-576669.0,392990.2,0.9406,79.059,823.7,15.07932,-77.50398,0.0,0,-1.0,-1.0,-1.0,-1.0,-1.0,0.0,0.0,0.0,0.0
1791579085.14,2544638.5,1092.1,103284.0,103284.0,-856.4,1028.0,1025.5,-30.0,205.95,144.68,326.77,0.0,0.0,0.0,0.0,162649.4,-576669.0,392990.2,0.9406,79.059,823.7,15.07932,-77.50398,0.0,0,-1.0,-1.0,-1.0,-1.0,-1.0,0.0,0.0,0.0,0.0
1791579085.64,2544638.5,1092.6,103249.7,103249.7,-856.7,1028.2,1025.7,-30.02,205.95,144.68,326.77,0.0,0.0,0.0,0.0,162649.4,-576669.0,392990.2,0.9406,79.059,823.7,15.08114,-77.50427,0.0,0,-1.0,-1.0,-1.0,-1.0,-1.0,0.0,0.0,0.0,0.0
1791579086.14,2544638.5,1093.1,103249.7,103249.7,-856.7,1028.2,1025.7,-30.02,205.95,144.68,326.77,0.0,0.0,0.0,0.0,162649.4,-576669.0,392990.2,0.9406,79.059,823.7,15.08114,-77.50427,0.0,0,-1.0,-1.0,-1.0,-1.0,-1.0,0.0,0.0,0.0,0.0
1791579086.64,2544638.5,1093.6,103215.4,103215.4,-856.9,1028.4,1026.0,-30.03,205.95,144.68,326.77,0.0,0.0,0.0,0.0,162649.4,-576669.0,392990.2,0.9406,79.059,823.7,15.08296,-77.50456,0.0,0,-1.0,-1.0,-1.0,-1.0,-1.0,0.0,0.0,0.0,0.0
1791579087.15,2544638.6,1094.1,103164.0,103164.0,-857.3,1028.8,1026.3,-30.06,205.95,144.68,326.77,0.0,0.0,0.0,0.0,162649.4,-576669.0,392990.2,0.9406,79.059,823.7,15.08568,-77.505,0.0,0,-1.0,-1.0,-1.0,-1.0,-1.0,0.0,0.0,0.0,0.0
1791579087.65,2544639.0,1094.6,102803.3,102803.3,-860.1,1031.3,1028.8,-30.22,205.94,144.68,326.77,0.0,0.0,0.0,0.0,162649.4,-576669.0,392990.2,0.9406,79.059,823.7,15.10477,-77.50805,0.0,0,-1.0,-1.0,-1.0,-1.0,-1.0,0.0,0.0,0.0,0.0
1791579088.15,2544639.5,1095.1,102372.4,102372.4,-863.5,1034.3,1031.8,-30.42,205.94,144.68,326.76,0.0,0.0,0.0,0.0,162649.4,-576669.0,392990.2,0.9406,79.059,823.7,15.12753,-77.51168,0.0,0,-1.0,-1.0,-1.0,-1.0,-1.0,0.0,0.0,0.0,0.0
1791579088.65,2544640.0,1095.6,101922.5,101922.5,-867.0,1037.4,1034.9,-30.61,205.94,144.68,326.76,0.0,0.0,0.0,0.0,162649.4,-576669.0,392990.2,0.9406,79.059,823.7,15.15122,-77.51544,0.0,0,-1.0,-1.0,-1.0,-1.0,-1.0,0.0,0.0,0.0,0.0
1791579089.15,2544640.5,1096.1,101488.2,101488.2,-870.3,1040.4,1037.8,-30.81,205.94,144.68,326.75,0.0,0.0,0.0,0.0,162649.4,-576669.0,392990.2,0.9406,79.059,823.7,15.17403,-77.51906,0.0,0,-1.0,-1.0,-1.0,-1.0,-1.0,0.0,0.0,0.0,0.0
1791579089.65,2544641.0,1096.6,101052.2,101052.2,-873.7,1043.4,1040.8,-31.0,205.94,144.67,326.75,0.0,0.0,0.0,0.0,162649.4,-576669.0,392990.2,0.9406,79.059,823.7,15.19687,-77.52266,0.0,0,-1.0,-1.0,-1.0,-1.0,-1.0,0.0,0.0,0.0,0.0
1791579090.16,2544641.5,1097.1,100614.5,100614.5,-877.0,1046.4,1043.8,-31.2,205.94,144.67,326.74,0.0,0.0,0.0,0.0,162649.4,-576669.0,392990.2,0.9406,79.059,823.7,15.21974,-77.52626,0.0,0,-1.0,-1.0,-1.0,-1.0,-1.0,0.0,0.0,0.0,0.0
1791579090.66,2544642.0,1097.6,100175.2,100175.2,-880.4,1049.4,1046.8,-31.39,205.93,144.67,326.74,0.0,0.0,0.0,0.0,162649.4,-576669.0,392990.2,0.9406,79.059,823.7,15.24264,-77.52985,0.0,0,-1.0,-1.0,-1.0,-1.0,-1.0,0.0,0.0,0.0,0.0
1791579091.16,2544642.5,1098.1,99734.1,99734.1,-883.8,1052.4,1049.8,-31.58,205.93,144.68,326.73,0.0,0.0,0.0,0.01,162649.4,-576669.2,392990.1,0.9406,79.06,823.7,15.26556,-77.53377,0.0,0,-1.0,-1.0,-1.0,-1.0,-1.0,0.0,0.0,0.0,0.0
1791579091.67,2544643.0,1098.6,99291.4,99291.4,-887.2,1055.5,1052.8,-31.78,205.93,144.68,326.73,0.0,0.0,0.0,0.0,162649.4,-576669.2,392990.1,0.9406,79.06,823.7,15.28851,-77.53735,0.0,0,-1.0,-1.0,-1.0,-1.0,-1.0,0.0,0.0,0.0,0.0
1791579092.17,2544643.5,1099.1,98882.6,98882.6,-890.3,1058.3,1055.6,-31.95,205.94,144.69,326.72,0.0,0.0,0.0,0.0,162649.4,-576669.2,392990.1,0.9406,79.06,823.7,15.30966,-77.54064,0.0,0,-1.0,-1.0,-1.0,-1.0,-1.0,0.0,0.0,0.0,0.0
1791579092.67,2544644.0,1099.6,98436.6,98436.6,-893.6,1061.3,1058.6,-32.14,205.94,144.7,326.72,0.0,0.0,0.0,0.0,162649.4,-576669.2,392990.1,0.9406,79.06,823.7,15.33267,-77.5442,0.0,0,-1.0,-1.0,-1.0,-1.0,-1.0,0.0,0.0,0.0,0.0
1791579093.17,2544644.5,1100.1,98006.9,98006.9,-896.9,1064.2,1061.5,-32.33,205.94,144.7,326.72,0.0,0.0,0.0,0.0,162649.4,-576669.2,392990.1,0.9406,79.06,823.7,15.35478,-77.54762,0.0,0,-1.0,-1.0,-1.0,-1.0,-1.0,0.0,0.0,0.0,0.0
1791579093.67,2544645.0,1100.6,97575.6,97575.6,-900.2,1067.2,1064.5,-32.51,205.94,144.71,326.71,0.0,0.0,0.0,0.0,162649.4,-576669.2,392990.1,0.9406,79.06,823.7,15.37693,-77.55103,0.0,0,-1.0,-1.0,-1.0,-1.0,-1.0,0.0,0.0,0.0,0.0
1791579094.17,2544645.5,1101.1,97106.6,97106.6,-903.7,1070.4,1067.6,-32.71,205.94,144.72,326.71,0.0,0.0,0.0,0.0,162649.4,-576669.2,392990.1,0.9406,79.06,823.7,15.40095,-77.55471,0.0,0,-1.0,-1.0,-1.0,-1.0,-1.0,0.0,0.0,0.0,0.0
1791579094.68,2544646.0,1101.6,96672.0,96672.0,-906.9,1073.3,1070.6,-32.9,205.94,144.73,326.7,0.0,0.0,0.0,0.0,162649.4,-576669.2,392990.1,0.9406,79.06,823.7,15.42315,-77.55811,0.0,0,-1.0,-1.0,-1.0,-1.0,-1.0,0.0,0.0,0.0,0.0
1791579095.18,2544646.5,1102.1,96199.5,96199.5,-910.5,1076.5,1073.7,-33.09,205.94,144.73,326.7,0.0,0.0,0.0,0.0,162649.4,-576669.2,392990.1,0.9406,79.06,823.7,15.44723,-77.56178,0.0,0,-1.0,-1.0,-1.0,-1.0,-1.0,0.0,0.0,0.0,0.0
1791579095.68,2544647.0,1102.6,95743.4,95743.4,-913.9,1079.6,1076.8,-33.28,205.94,144.74,326.69,0.0,0.0,0.0,0.0,162649.4,-576669.2,392990.1,0.9406,79.06,823.7,15.47042,-77.5653,0.0,0,-1.0,-1.0,-1.0,-1.0,-1.0,0.0,0.0,0.0,0.0
1791579096.19,2544647.5,1103.1,95285.6,95285.6,-917.3,1082.7,1079.9,-33.47,205.95,144.75,326.69,0.0,0.0,0.0,0.0,162649.4,-576669.2,392990.1,0.9406,79.06,823.7,15.49364,-77.56881,0.0,0,-1.0,-1.0,-1.0,-1.0,-1.0,0.0,0.0,0.0,0.0
1791579096.69,2544648.0,1103.6,94826.1,94826.1,-920.7,1085.8,1083.0,-33.66,205.95,144.76,326.68,0.0,0.0,0.0,0.0,162649.3,-576669.2,392990.1,0.9406,79.06,823.7,15.51688,-77.57232,0.0,0,-1.0,-1.0,-1.0,-1.0,-1.0,0.0,0.0,0.0,0.0
1791579097.19,2544648.5,1104.1,94346.4,94346.4,-924.3,1089.0,1086.2,-33.86,205.95,144.76,326.68,0.0,0.0,0.0,0.0,162649.3,-576669.2,392990.1,0.9406,79.06,823.7,15.54109,-77.57596,0.0,0,-1.0,-1.0,-1.0,-1.0,-1.0,0.0,0.0,0.0,0.0
1791579097.69,2544649.0,1104.6,93883.4,93883.4,-927.7,1092.1,1089.3,-34.05,205.95,144.77,326.67,0.0,0.0,0.0,0.0,162649.3,-576669.2,392990.1,0.9406,79.06,823.7,15.5644,-77.57945,0.0,0,-1.0,-1.0,-1.0,-1.0,-1.0,0.0,0.0,0.0,0.0
1791579098.37,2544649.5,1105.3,93474.5,93474.5,-930.7,1094.9,1092.0,-34.22,205.95,144.78,326.67,0.0,0.0,0.0,0.0,162649.3,-576669.2,392990.1,0.9406,79.06,823.7,15.58494,-77.58252,0.0,0,-1.0,-1.0,-1.0,-1.0,-1.0,0.0,0.0,0.0,0.0
1791579098.87,2544650.0,1105.8,92989.6,92989.6,-934.3,1098.1,1095.2,-34.42,205.96,144.79,326.66,0.0,0.0,0.0,0.0,162649.3,-576669.2,392990.1,0.9406,79.06,823.7,15.60925,-77.58613,0.0,0,-1.0,-1.0,-1.0,-1.0,-1.0,0.0,0.0,0.0,0.0
1791579099.38,2544650.5,1106.3,92521.6,92521.6,-937.7,1101.3,1098.3,-34.61,205.96,144.8,326.66,0.0,0.0,0.0,0.0,162649.3,-576669.2,392990.1,0.9406,79.06,823.7,15.63265,-77.5896,0.0,0,-1.0,-1.0,-1.0,-1.0,-1.0,0.0,0.0,0.0,0.0
1791579099.88,2544651.0,1106.8,92051.9,92051.9,-941.2,1104.4,1101.4,-34.81,205.96,144.8,326.65,0.0,0.0,0.0,0.0,162649.3,-576669.2,392990.1,0.9406,79.06,823.7,15.65608,-77.59306,0.0,0,-1.0,-1.0,-1.0,-1.0,-1.0,0.0,0.0,0.0,0.0
1791579100.38,2544651.5,1107.3,91561.5,91561.5,-944.8,1107.7,1104.7,-35.0,205.96,144.81,326.65,0.0,0.0,0.0,0.0,162649.3,-576669.2,392990.1,0.9406,79.06,823.7,15.68049,-77.59665,0.0,0,-1.0,-1.0,-1.0,-1.0,-1.0,0.0,0.0,0.0,0.0
1791579100.88,2544652.0,1107.8,91069.3,91069.3,-948.4,1110.9,1108.0,-35.2,205.97,144.82,326.64,0.0,0.0,0.0,0.0,162649.3,-576669.2,392990.1,0.9406,79.06,823.7,15.70493,-77.60024,0.0,0,-1.0,-1.0,-1.0,-1.0,-1.0,0.0,0.0,0.0,0.0
1791579101.39,2544652.5,1108.3,90594.3,90594.3,-951.8,1114.1,1111.1,-35.4,205.97,144.83,326.64,0.0,0.0,0.0,0.0,162649.3,-576669.2,392990.1,0.9406,79.06,823.7,15.72846,-77.60367,0.0,0,-1.0,-1.0,-1.0,-1.0,-1.0,0.0,0.0,0.0,0.0
1791579101.89,2544653.0,1108.8,90117.5,90117.5,-955.3,1117.3,1114.2,-35.59,205.97,144.84,326.63,0.0,0.0,0.0,0.0,162649.3,-576669.2,392990.1,0.9406,79.06,823.7,15.75203,-77.6071,0.0,0,-1.0,-1.0,-1.0,-1.0,-1.0,0.0,0.0,0.0,0.0
1791579102.39,2544653.5,1109.3,89658.2,89658.2,-958.6,1120.3,1117.3,-35.78,205.97,144.84,326.63,0.0,0.0,0.0,0.0,162649.3,-576669.2,392990.1,0.9406,79.06,823.7,15.77562,-77.61052,0.0,0,-1.0,-1.0,-1.0,-1.0,-1.0,0.0,0.0,0.0,0.0
1791579102.89,2544654.0,1109.8,89158.7,89158.8,-962.2,1123.6,1120.6,-35.97,205.98,144.85,326.62,0.0,0.0,0.0,0.0,162649.3,-576669.2,392990.1,0.9406,79.06,823.7,15.79925,-77.61394,0.0,0,-1.0,-1.0,-1.0,-1.0,-1.0,0.0,0.0,0.0,0.0
1791579103.4,2544654.4,1110.4,88734.7,88734.7,-965.3,1126.4,1123.4,-36.14,205.98,144.86,326.62,0.0,0.0,0.0,0.0,162649.3,-576669.2,392990.1,0.9406,79.06,823.7,15.82007,-77.61693,0.0,0,-1.0,-1.0,-1.0,-1.0,-1.0,0.0,0.0,0.0,0.0
1791579103.9,2544654.9,1110.9,88251.2,88251.2,-968.8,1129.6,1126.5,-36.33,205.98,144.87,326.61,0.0,0.0,0.0,0.0,162649.3,-576669.2,392990.1,0.9406,79.06,823.7,15.84377,-77.62033,0.0,0,-1.0,-1.0,-1.0,-1.0,-1.0,0.0,0.0,0.0,0.0
1791579104.4,2544655.4,1111.4,87765.9,87765.9,-972.2,1132.8,1129.7,-36.52,205.99,144.88,326.61,0.0,0.0,0.0,0.0,162649.3,-576669.2,392990.1,0.9406,79.06,823.7,15.86749,-77.62372,0.0,0,-1.0,-1.0,-1.0,-1.0,-1.0,0.0,0.0,0.0,0.0
1791579104.9,2544655.9,1111.9,87278.9,87278.9,-975.7,1136.0,1132.9,-36.71,205.99,144.88,326.6,0.0,0.0,0.0,0.0,162649.3,-576669.2,392990.1,0.9406,79.06,823.7,15.89125,-77.6271,0.0,0,-1.0,-1.0,-1.0,-1.0,-1.0,0.0,0.0,0.0,0.0
1791579105.41,2544656.4,1112.4,86790.2,86790.2,-979.2,1139.2,1136.1,-36.91,205.99,144.89,326.6,0.0,0.0,0.0,0.0,162649.3,-576669.2,392990.1,0.9406,79.06,823.7,15.91504,-77.63048,0.0,0,-1.0,-1.0,-1.0,-1.0,-1.0,0.0,0.0,0.0,0.0
1791579105.91,2544657.0,1112.9,86299.7,86299.7,-982.7,1142.5,1139.3,-37.1,206.0,144.9,326.59,0.0,0.0,0.0,0.0,162649.3,-576669.2,392990.1,0.9406,79.06,823.7,15.93887,-77.63384,0.0,0,-1.0,-1.0,-1.0,-1.0,-1.0,0.0,0.0,0.0,0.0
1791579106.41,2544657.4,1113.4,85807.5,85807.5,-986.2,1145.7,1142.5,-37.29,206.0,144.91,326.59,0.0,0.0,0.0,0.0,162649.3,-576669.2,392990.1,0.9406,79.06,823.7,15.96273,-77.6372,0.0,0,-1.0,-1.0,-1.0,-1.0,-1.0,0.0,0.0,0.0,0.0
1791579106.91,2544658.0,1113.9,85293.7,85293.7,-989.9,1149.1,1145.9,-37.49,206.0,144.92,326.58,0.0,0.0,0.0,0.0,162649.3,-576669.2,392990.1,0.9406,79.06,823.7,15.98758,-77.64068,0.0,0,-1.0,-1.0,-1.0,-1.0,-1.0,0.0,0.0,0.0,0.0
1791579107.41,2544658.5,1114.4,84797.9,84797.9,-993.4,1152.3,1149.1,-37.68,206.01,144.93,326.58,0.0,0.0,0.0,0.0,162649.3,-576669.2,392990.1,0.9406,79.06,823.7,16.01151,-77.64402,0.0,0,-1.0,-1.0,-1.0,-1.0,-1.0,0.0,0.0,0.0,0.0
1791579107.92,2544659.0,1114.9,84300.3,84300.3,-996.9,1155.6,1152.3,-37.87,206.01,144.94,326.57,0.0,0.0,0.0,0.0,162649.3,-576669.2,392990.1,0.9406,79.06,823.7,16.03547,-77.64735,0.0,0,-1.0,-1.0,-1.0,-1.0,-1.0,0.0,0.0,0.0,0.0
1791579108.42,2544659.5,1115.4,83801.0,83801.0,-1000.4,1158.8,1155.6,-38.07,206.02,144.94,326.57,0.0,0.0,0.0,0.0,162649.3,-576669.2,392990.0,0.9406,79.06,823.7,16.05947,-77.65067,0.0,0,-1.0,-1.0,-1.0,-1.0,-1.0,0.0,0.0,0.0,0.0
1791579108.92,2544660.0,1115.9,83299.9,83299.9,-1004.0,1162.1,1158.8,-38.26,206.02,144.95,326.56,0.0,0.0,0.0,0.0,162649.3,-576669.2,392990.0,0.9406,79.06,823.7,16.08351,-77.65399,0.0,0,-1.0,-1.0,-1.0,-1.0,-1.0,0.0,0.0,0.0,0.0
1791579109.42,2544660.5,1116.4,82797.0,82797.0,-1007.5,1165.3,1162.1,-38.45,206.02,144.96,326.56,0.0,0.0,0.0,0.0,162649.3,-576669.2,392990.0,0.9406,79.06,823.7,16.10758,-77.65729,0.0,0,-1.0,-1.0,-1.0,-1.0,-1.0,0.0,0.0,0.0,0.0
1791579109.92,2544661.0,1116.9,82292.4,82292.4,-1011.0,1168.6,1165.3,-38.64,206.03,144.97,326.55,0.0,0.0,0.0,0.0,162649.3,-576669.2,392990.0,0.9406,79.06,823.7,16.13168,-77.66059,0.0,0,-1.0,-1.0,-1.0,-1.0,-1.0,0.0,0.0,0.0,0.0
1791579110.42,2544661.5,1117.4,81786.0,81786.0,-1014.6,1171.9,1168.6,-38.83,206.03,144.98,326.55,0.0,0.0,0.0,0.0,162649.3,-576669.2,392990.0,0.9406,79.06,823.7,16.15582,-77.66388,0.0,0,-1.0,-1.0,-1.0,-1.0,-1.0,0.0,0.0,0.0,0.0
1791579110.92,2544662.0,1117.9,81277.8,81277.8,-1018.1,1175.2,1171.9,-39.03,206.04,144.99,326.54,0.0,0.0,0.0,0.0,162649.3,-576669.2,392990.0,0.9406,79.06,823.7,16.18,-77.66716,0.0,0,-1.0,-1.0,-1.0,-1.0,-1.0,0.0,0.0,0.0,0.0
1791579111.43,2544662.5,1118.4,80767.8,80767.8,-1021.7,1178.5,1175.1,-39.22,206.04,145.0,326.54,0.0,0.0,0.0,0.0,162649.3,-576669.2,392990.0,0.9406,79.06,823.7,16.20421,-77.67043,0.0,0,-1.0,-1.0,-1.0,-1.0,-1.0,0.0,0.0,0.0,0.0
1791579111.93,2544663.0,1118.9,80235.6,80235.6,-1025.4,1181.9,1178.6,-39.42,206.05,145.01,326.53,0.0,0.0,0.0,0.0,162649.3,-576669.2,392990.0,0.9406,79.06,823.7,16.22943,-77.67382,0.0,0,-1.0,-1.0,-1.0,-1.0,-1.0,0.0,0.0,0.0,0.0
1791579112.43,2544663.5,1119.4,79722.0,79722.0,-1029.0,1185.3,1181.9,-39.61,206.05,145.02,326.53,0.0,0.0,0.0,0.0,162649.3,-576669.2,392990.0,0.9406,79.06,823.7,16.25372,-77.67707,0.0,0,-1.0,-1.0,-1.0,-1.0,-1.0,0.0,0.0,0.0,0.0
1791579112.93,2544664.0,1119.9,79206.6,79206.6,-1032.5,1188.6,1185.2,-39.8,206.06,145.03,326.52,0.0,0.0,0.0,0.0,162649.3,-576669.2,392990.0,0.9406,79.06,823.7,16.27804,-77.68031,0.0,0,-1.0,-1.0,-1.0,-1.0,-1.0,0.0,0.0,0.0,0.0
1791579113.44,2544664.5,1120.4,78689.5,78689.5,-1036.1,1191.9,1188.5,-40.0,206.06,145.04,326.52,0.0,0.0,0.0,0.0,162649.3,-576669.2,392990.0,0.9406,79.06,823.7,16.3024,-77.68355,0.0,0,-1.0,-1.0,-1.0,-1.0,-1.0,0.0,0.0,0.0,0.0
1791579113.94,2544665.0,1120.9,78170.6,78170.6,-1039.7,1195.2,1191.8,-40.19,206.07,145.05,326.51,0.0,0.0,0.0,0.0,162649.3,-576669.2,392990.0,0.9406,79.06,823.7,16.3268,-77.68677,0.0,0,-1.0,-1.0,-1.0,-1.0,-1.0,0.0,0.0,0.0,0.0
1791579114.44,2544665.5,1121.4,77649.8,77649.8,-1043.3,1198.6,1195.1,-40.38,206.07,145.05,326.51,0.0,0.0,0.0,0.0,162649.2,-576669.2,392990.0,0.9406,79.06,823.7,16.35123,-77.68999,0.0,0,-1.0,-1.0,-1.0,-1.0,-1.0,0.0,0.0,0.0,0.0
1791579114.95,2544666.0,1121.9,77106.3,77106.3,-1047.0,1202.1,1198.6,-40.58,206.08,145.06,326.5,0.0,0.0,0.0,0.0,162649.2,-576669.2,392990.0,0.9406,79.06,823.7,16.37668,-77.69332,0.0,0,-1.0,-1.0,-1.0,-1.0,-1.0,0.0,0.0,0.0,0.0
1791579115.45,2544666.5,1122.4,76581.9,76581.9,-1050.6,1205.4,1201.9,-40.77,206.09,145.07,326.5,0.0,0.0,0.0,0.0,162649.2,-576669.2,392990.0,0.9406,79.06,823.7,16.4012,-77.69652,0.0,0,-1.0,-1.0,-1.0,-1.0,-1.0,0.0,0.0,0.0,0.0
1791579115.95,2544667.0,1122.9,76055.8,76055.8,-1054.2,1208.8,1205.3,-40.97,206.09,145.08,326.49,0.0,0.0,0.0,0.0,162649.2,-576669.2,392990.0,0.9406,79.06,823.7,16.42574,-77.69971,0.0,0,-1.0,-1.0,-1.0,-1.0,-1.0,0.0,0.0,0.0,0.0
1791579116.45,2544667.5,1123.4,75527.8,75527.8,-1057.8,1212.2,1208.6,-41.16,206.1,145.09,326.49,0.0,0.0,0.0,0.0,162649.2,-576669.2,392990.0,0.9406,79.06,823.7,16.45033,-77.70289,0.0,0,-1.0,-1.0,-1.0,-1.0,-1.0,0.0,0.0,0.0,0.0
1791579116.95,2544668.0,1123.9,75019.2,75019.2,-1061.3,1215.4,1211.9,-41.34,206.1,145.1,326.48,0.0,0.0,0.0,0.0,162649.2,-576669.2,392990.0,0.9406,79.06,823.7,16.47397,-77.70593,0.0,0,-1.0,-1.0,-1.0,-1.0,-1.0,0.0,0.0,0.0,0.0
1791579117.45,2544668.5,1124.4,74487.6,74487.6,-1064.9,1218.8,1215.2,-41.54,206.11,145.11,326.48,0.0,0.0,0.0,0.0,162649.2,-576669.2,392990.0,0.9406,79.06,823.7,16.49864,-77.70909,0.0,0,-1.0,-1.0,-1.0,-1.0,-1.0,0.0,0.0,0.0,0.0
1791579117.96,2544669.0,1124.9,73954.3,73954.3,-1068.5,1222.2,1218.6,-41.73,206.12,145.12,326.47,0.0,0.0,0.0,0.0,162649.2,-576669.2,392990.0,0.9406,79.06,823.7,16.52334,-77.71224,0.0,0,-1.0,-1.0,-1.0,-1.0,-1.0,0.0,0.0,0.0,0.0
1791579118.46,2544669.5,1125.4,73397.7,73397.7,-1072.3,1225.7,1222.1,-41.93,206.12,145.13,326.47,0.0,0.0,0.0,0.0,162649.2,-576669.2,392990.0,0.9406,79.06,823.7,16.54907,-77.7155,0.0,0,-1.0,-1.0,-1.0,-1.0,-1.0,0.0,0.0,0.0,0.0
1791579118.96,2544670.0,1125.9,72860.6,72860.6,-1075.9,1229.1,1225.5,-42.12,206.13,145.14,326.46,0.0,0.0,0.0,0.0,162649.2,-576669.2,392990.0,0.9406,79.06,823.7,16.57385,-77.71864,0.0,0,-1.0,-1.0,-1.0,-1.0,-1.0,0.0,0.0,0.0,0.0
1791579119.46,2544670.5,1126.4,72321.7,72321.7,-1079.6,1232.6,1228.9,-42.32,206.14,145.15,326.46,0.0,0.0,0.0,0.0,162649.2,-576669.2,392990.0,0.9406,79.06,823.7,16.59867,-77.72176,0.0,0,-1.0,-1.0,-1.0,-1.0,-1.0,0.0,0.0,0.0,0.0
1791579119.96,2544671.0,1126.9,71781.0,71781.1,-1083.2,1236.0,1232.3,-42.51,206.14,145.17,326.45,0.0,0.0,0.0,0.0,162649.2,-576669.2,392990.0,0.9406,79.06,823.7,16.62353,-77.72487,0.0,0,-1.0,-1.0,-1.0,-1.0,-1.0,0.0,0.0,0.0,0.0
1791579120.46,2544671.5,1127.4,71238.5,71238.5,-1086.9,1239.4,1235.7,-42.71,206.15,145.18,326.44,0.0,0.0,0.0,0.0,162649.2,-576669.2,392990.0,0.9406,79.06,823.7,16.64843,-77.72797,0.0,0,-1.0,-1.0,-1.0,-1.0,-1.0,0.0,0.0,0.0,0.0
1791579120.97,2544672.0,1127.9,70672.4,70672.4,-1090.7,1243.0,1239.3,-42.9,206.16,145.19,326.44,0.0,0.0,0.0,0.0,162649.2,-576669.2,392990.0,0.9406,79.06,823.7,16.67437,-77.73118,0.0,0,-1.0,-1.0,-1.0,-1.0,-1.0,0.0,0.0,0.0,0.0
1791579121.47,2544672.5,1128.4,70126.1,70126.1,-1094.3,1246.4,1242.7,-43.1,206.16,145.2,326.43,0.0,0.0,0.0,0.0,162649.2,-576669.2,392990.0,0.9406,79.06,823.7,16.69936,-77.73426,0.0,0,-1.0,-1.0,-1.0,-1.0,-1.0,0.0,0.0,0.0,0.0
1791579121.97,2544673.0,1128.9,69578.1,69578.1,-1098.0,1249.9,1246.2,-49.76,208.22,146.72,326.43,0.08,0.000117,0.0,0.0,162649.1,-576669.2,392990.0,0.9406,79.06,823.7,16.72438,-77.73734,0.0,0,-1.0,-1.0,-1.0,-1.0,-1.0,0.0,0.0,0.0,0.0
1791579122.47,2544673.5,1129.4,69028.3,69028.3,-1101.7,1253.4,1249.6,-78.69,253.0,-171.27,326.42,0.42,0.000606,0.0,0.0,162648.8,-576669.2,392989.8,0.9406,79.06,823.7,16.74941,-77.74041,0.0,0,-1.0,-1.0,-1.0,-1.0,-1.0,0.0,0.0,0.0,0.0
1791579122.98,2544674.0,1129.9,68498.6,68498.6,-1105.2,1256.7,1252.9,-72.88,341.04,-84.94,326.42,1.03,0.001412,0.1,0.0,162648.4,-576669.3,392989.5,0.9406,79.06,823.7,16.77348,-77.74334,0.0,0,-1.0,-1.0,-1.0,-1.0,-1.0,0.0,0.0,0.0,0.0
1791579123.48,2544674.5,1130.4,67945.0,67945.0,-1108.9,1260.2,1256.4,-65.48,351.4,-75.12,326.41,1.89,0.002567,0.1,0.0,162647.7,-576669.4,392989.2,0.9406,79.06,823.7,16.79862,-77.74638,0.0,0,-1.0,-1.0,-1.0,-1.0,-1.0,0.0,0.0,0.0,0.0
1791579123.98,2544675.0,1130.9,67367.3,67367.3,-1112.7,1263.8,1260.0,-62.34,353.19,-47.01,326.41,2.98,0.004082,0.2,0.0,162646.9,-576669.6,392988.7,0.9406,79.06,823.7,16.82481,-77.74954,0.0,0,-1.0,-1.0,-1.0,-1.0,-1.0,0.0,0.0,0.0,0.0
1791579124.48,2544675.5,1131.4,66810.0,66810.0,-1116.4,1267.3,1263.5,-60.6,352.33,-17.29,326.4,4.28,0.00581,0.3,0.0,162645.8,-576669.8,392988.0,0.9406,79.06,823.7,16.85004,-77.75256,0.0,0,-1.0,-1.0,-1.0,-1.0,-1.0,0.0,0.0,0.0,0.0
1791579124.99,2544676.0,1131.9,66250.8,66250.8,-1120.1,1270.8,1267.0,-59.63,350.09,-4.68,326.4,5.77,0.007774,0.4,0.0,162644.4,-576670.0,392987.2,0.9406,79.06,823.7,16.87531,-77.75556,0.0,0,-1.0,-1.0,-1.0,-1.0,-1.0,0.0,0.0,0.0,0.0
1791579125.49,2544676.5,1132.4,65689.8,65689.8,-1123.8,1274.3,1270.4,-59.19,347.86,-2.76,326.39,7.45,0.009947,0.6,0.0,162642.4,-576670.4,392986.0,0.9406,79.06,823.7,16.90063,-77.75856,0.0,0,-1.0,-1.0,-1.0,-1.0,-1.0,0.0,0.0,0.0,0.0
1791579125.99,2544677.0,1132.9,65104.3,65104.3,-1127.7,1277.9,1274.1,-58.99,346.39,-3.67,326.39,9.38,0.012398,0.7,0.0,162639.8,-576670.9,392984.5,0.9406,79.06,823.7,16.927,-77.76167,0.0,0,-1.0,-1.0,-1.0,-1.0,-1.0,0.0,0.0,0.0,0.0
1791579126.53,2544677.4,1133.5,64697.9,64697.9,-1130.3,1280.4,1276.6,-58.94,345.91,-4.07,326.38,10.8,0.014192,0.8,0.0,162637.7,-576671.3,392983.2,0.9406,79.06,823.7,16.94529,-77.76381,0.0,0,-1.0,-1.0,-1.0,-1.0,-1.0,0.0,0.0,0.0,0.0
1791579127.03,2544677.9,1134.0,64131.7,64131.7,-1134.1,1284.0,1280.1,-58.97,345.75,-4.91,326.38,12.91,0.016795,1.0,0.0,162634.3,-576671.9,392981.2,0.9406,79.059,823.7,16.97072,-77.76678,0.0,0,-1.0,-1.0,-1.0,-1.0,-1.0,0.0,0.0,0.0,0.0
1791579127.53,2544678.4,1134.5,63563.7,63563.7,-1137.8,1287.5,1283.6,-59.09,345.96,-5.47,326.37,15.13,0.019501,1.1,0.0,162630.4,-576672.6,392978.9,0.9406,79.059,823.7,16.9962,-77.76974,0.0,0,-1.0,-1.0,-1.0,-1.0,-1.0,0.0,0.0,0.0,0.0
1791579128.03,2544678.9,1135.0,62993.9,62993.9,-1141.5,1291.0,1287.1,-59.27,346.37,-5.84,326.37,17.47,0.022283,1.3,0.01,162626.1,-576673.4,392976.3,0.9406,79.059,823.7,17.02171,-77.77269,0.0,0,-1.0,-1.0,-1.0,-1.0,-1.0,0.0,0.0,0.0,0.0
1791579128.54,2544679.4,1135.5,62422.2,62422.2,-1145.2,1294.5,1290.6,-59.51,346.88,-6.0,326.36,19.91,0.025115,1.5,0.01,162621.2,-576674.3,392973.5,0.9406,79.059,823.6,17.04728,-77.77563,0.0,0,-1.0,-1.0,-1.0,-1.0,-1.0,0.0,0.0,0.0,0.0
1791579129.04,2544679.9,1136.0,61848.6,61848.6,-1148.9,1298.1,1294.1,-59.78,347.43,-5.73,326.36,22.49,0.028055,1.6,0.01,162616.0,-576675.2,392970.4,0.9406,79.058,823.6,17.07288,-77.77856,0.0,0,-1.0,-1.0,-1.0,-1.0,-1.0,0.0,0.0,0.0,0.0
1791579129.54,2544680.4,1136.5,61273.2,61273.2,-1152.7,1301.6,1297.7,-60.07,347.99,-5.26,326.35,25.37,0.031303,1.8,0.01,162610.3,-576676.2,392967.1,0.9406,79.058,823.6,17.09853,-77.78147,0.0,0,-1.0,-1.0,-1.0,-1.0,-1.0,0.0,0.0,0.0,0.0
1791579130.04,2544680.9,1137.0,60695.8,60695.8,-1156.4,1305.2,1301.2,-60.37,348.53,-4.76,326.34,28.6,0.034917,2.1,0.01,162604.2,-576677.3,392963.5,0.9406,79.058,823.6,17.12423,-77.78438,0.0,0,-1.0,-1.0,-1.0,-1.0,-1.0,0.0,0.0,0.0,0.0
1791579130.54,2544681.4,1137.5,60116.7,60116.7,-1160.2,1308.7,1304.7,-60.66,349.05,-4.3,326.34,32.39,0.038949,2.3,0.01,162597.6,-576678.5,392959.6,0.9407,79.057,823.6,17.14996,-77.78727,0.0,0,-1.0,-1.0,-1.0,-1.0,-1.0,0.0,0.0,0.0,0.0
1791579131.04,2544681.9,1138.0,59535.6,59535.6,-1163.9,1312.3,1308.3,-60.95,349.57,-3.86,326.33,36.49,0.04345,2.6,0.01,162590.6,-576679.7,392955.4,0.9407,79.057,823.6,17.17575,-77.79015,0.0,0,-1.0,-1.0,-1.0,-1.0,-1.0,0.0,0.0,0.0,0.0
1791579131.55,2544682.4,1138.5,58929.3,58929.3,-1167.8,1316.0,1312.0,-61.22,350.05,-3.46,326.33,41.09,0.048685,2.9,0.01,162582.7,-576681.1,392950.8,0.9407,79.056,823.6,17.20261,-77.79314,0.0,0,-1.0,-1.0,-1.0,-1.0,-1.0,0.0,0.0,0.0,0.0
1791579132.05,2544682.9,1139.0,58344.5,58344.5,-1171.5,1319.6,1315.5,-61.46,350.5,-3.09,326.32,46.21,0.054303,3.3,0.01,162574.5,-576682.5,392946.0,0.9407,79.056,823.6,17.22848,-77.796,0.0,0,-1.0,-1.0,-1.0,-1.0,-1.0,0.0,0.0,0.0,0.0
1791579132.55,2544683.4,1139.5,57757.7,57757.7,-1175.3,1323.1,1319.1,-61.69,350.91,-2.75,326.32,51.89,0.060545,3.7,0.01,162565.7,-576684.1,392940.8,0.9407,79.055,823.5,17.2544,-77.79885,0.0,0,-1.0,-1.0,-1.0,-1.0,-1.0,0.0,0.0,0.0,0.0
1791579133.05,2544683.9,1140.0,57169.1,57169.1,-1179.1,1326.7,1322.7,-61.91,351.3,-2.44,326.31,58.08,0.067379,4.2,0.01,162556.1,-576685.7,392935.2,0.9407,79.055,823.5,17.28036,-77.80168,0.0,0,-1.0,-1.0,-1.0,-1.0,-1.0,0.0,0.0,0.0,0.0
1791579133.56,2544684.4,1140.5,56578.6,56578.6,-1182.8,1330.3,1326.2,-62.1,351.65,-2.17,326.31,64.85,0.074812,4.7,0.01,162545.7,-576687.5,392929.1,0.9407,79.054,823.5,17.30637,-77.80451,0.0,0,-1.0,-1.0,-1.0,-1.0,-1.0,0.0,0.0,0.0,0.0
1791579134.06,2544684.9,1141.0,55986.2,55986.2,-1186.6,1333.9,1329.8,-62.28,351.97,-1.92,326.3,72.58,0.082931,5.2,0.01,162534.2,-576689.4,392922.4,0.9407,79.053,823.5,17.33243,-77.80732,0.0,0,-1.0,-1.0,-1.0,-1.0,-1.0,0.0,0.0,0.0,0.0
1791579134.56,2544685.4,1141.5,55391.9,55391.9,-1190.4,1337.5,1333.4,-62.44,352.25,-1.7,326.3,80.81,0.09182,5.8,0.01,162521.5,-576691.6,392915.0,0.9407,79.053,823.5,17.35853,-77.81012,0.0,0,-1.0,-1.0,-1.0,-1.0,-1.0,0.0,0.0,0.0,0.0
1791579135.06,2544685.9,1142.0,54771.8,54771.8,-1194.3,1341.2,1337.1,-62.6,352.51,-1.5,326.29,89.93,0.102021,6.6,0.01,162507.1,-576694.0,392906.5,0.9407,79.052,823.4,17.38572,-77.81303,0.0,0,-1.0,-1.0,-1.0,-1.0,-1.0,0.0,0.0,0.0,0.0
1791579135.57,2544686.4,1142.5,54173.7,54173.7,-1198.1,1344.8,1340.7,-62.73,352.74,-1.33,326.28,100.05,0.112881,7.3,0.02,162491.7,-576696.6,392897.5,0.9407,79.051,823.4,17.41192,-77.8158,0.0,0,-1.0,-1.0,-1.0,-1.0,-1.0,0.0,0.0,0.0,0.0
1791579136.07,2544686.9,1143.0,53573.7,53573.7,-1201.8,1348.4,1344.3,-62.86,352.96,-1.17,326.28,111.3,0.124899,8.2,0.02,162474.8,-576699.4,392887.7,0.9407,79.05,823.4,17.43816,-77.81857,0.0,0,-1.0,-1.0,-1.0,-1.0,-1.0,0.0,0.0,0.0,0.0
1791579136.57,2544687.4,1143.5,52971.8,52971.8,-1205.6,1352.0,1347.8,-62.98,353.15,-1.03,326.27,123.82,0.138198,9.1,0.02,162456.2,-576702.5,392876.8,0.9407,79.049,823.3,17.46445,-77.82132,0.0,0,-1.0,-1.0,-1.0,-1.0,-1.0,0.0,0.0,0.0,0.0
1791579137.07,2544687.9,1144.0,52368.0,52368.1,-1209.4,1355.6,1351.4,-63.09,353.33,-0.9,326.27,137.74,0.1529,10.2,0.02,162435.7,-576705.9,392864.9,0.9407,79.048,823.3,17.49078,-77.82406,0.0,0,-1.0,-1.0,-1.0,-1.0,-1.0,0.0,0.0,0.0,0.0
1791579137.57,2544688.4,1144.5,51762.4,51762.4,-1213.1,1359.2,1355.0,-63.19,353.49,-0.79,326.26,153.18,0.169124,11.4,0.02,162413.3,-576709.6,392851.8,0.9407,79.046,823.3,17.51716,-77.82679,0.0,0,-1.0,-1.0,-1.0,-1.0,-1.0,0.0,0.0,0.0,0.0
1791579138.07,2544688.9,1145.0,51154.8,51154.8,-1216.9,1362.8,1358.6,-63.29,353.63,-0.69,326.26,170.27,0.186988,12.7,0.03,162388.5,-576713.6,392837.5,0.9407,79.045,823.2,17.54359,-77.82951,0.0,0,-1.0,-1.0,-1.0,-1.0,-1.0,0.0,0.0,0.0,0.0
1791579138.58,2544689.4,1145.5,50545.4,50545.4,-1220.6,1366.4,1362.1,-63.38,353.77,-0.61,326.25,189.15,0.206609,14.1,0.03,162361.4,-576718.0,392821.7,0.9407,79.043,823.2,17.57007,-77.83221,0.0,0,-1.0,-1.0,-1.0,-1.0,-1.0,0.0,0.0,0.0,0.0
1791579139.08,2544689.9,1146.0,49934.1,49934.1,-1224.4,1370.0,1365.7,-63.47,353.89,-0.53,326.24,209.95,0.228101,15.7,0.03,162331.6,-576722.8,392804.4,0.9407,79.042,823.1,17.59659,-77.8349,0.0,0,-1.0,-1.0,-1.0,-1.0,-1.0,0.0,0.0,0.0,0.0
1791579139.58,2544690.4,1146.5,49320.9,49320.9,-1228.1,1373.6,1369.3,-63.55,354.0,-0.46,326.24,232.8,0.251576,17.5,0.03,162298.9,-576728.0,392785.4,0.9408,79.04,823.1,17.62316,-77.83758,0.0,0,-1.0,-1.0,-1.0,-1.0,-1.0,0.0,0.0,0.0,0.0
1791579140.08,2544691.0,1147.0,48681.3,48681.2,-1232.0,1377.3,1373.0,-63.63,354.11,-0.4,326.23,258.85,0.278179,19.5,0.04,162261.5,-576733.9,392763.8,0.9408,79.038,823.0,17.65084,-77.84035,0.0,0,-1.0,-1.0,-1.0,-1.0,-1.0,0.0,0.0,0.0,0.0
1791579140.59,2544691.4,1147.5,48089.0,48089.0,-1235.6,1380.7,1376.4,-63.69,354.2,-0.35,326.23,285.19,0.304936,21.6,0.04,162223.8,-576739.9,392741.9,0.9408,79.036,822.9,17.67643,-77.8429,0.0,0,-1.0,-1.0,-1.0,-1.0,-1.0,0.0,0.0,0.0,0.0
1791579141.09,2544691.9,1148.0,47470.2,47470.2,-1239.4,1384.3,1379.9,-63.75,354.28,-0.3,326.22,315.31,0.335383,24.0,0.04,162180.7,-576746.7,392717.0,0.9408,79.033,822.8,17.70314,-77.84554,0.0,0,-1.0,-1.0,-1.0,-1.0,-1.0,0.0,0.0,0.0,0.0
1791579141.59,2544692.4,1148.5,46849.5,46849.5,-1243.1,1387.8,1383.5,-63.82,354.37,-0.26,326.22,348.53,0.368786,26.6,0.05,162133.5,-576754.0,392689.7,0.9408,79.031,822.8,17.7299,-77.84817,0.0,0,-1.0,-1.0,-1.0,-1.0,-1.0,0.0,0.0,0.0,0.0
1791579142.09,2544692.5,1149.0,46725.2,46725.2,-1243.8,1388.5,1384.2,-63.83,354.38,-0.25,326.22,355.57,0.37585,27.1,0.05,162123.5,-576755.6,392684.0,0.9408,79.03,822.7,17.73525,-77.84869,0.0,0,-1.0,-1.0,-1.0,-1.0,-1.0,0.0,0.0,0.0,0.0
1791579142.59,2544692.5,1149.5,46725.2,46725.2,-1243.8,1388.5,1384.2,-63.83,354.38,-0.25,326.22,355.57,0.37585,27.1,0.05,162123.5,-576755.6,392684.0,0.9408,79.03,822.7,17.73525,-77.84869,0.0,0,-1.0,-1.0,-1.0,-1.0,-1.0,0.0,0.0,0.0,0.0
1791579143.09,2544692.6,1150.0,46675.4,46675.4,-1244.1,1388.8,1384.5,-63.83,354.39,-0.25,326.21,358.43,0.378713,27.3,0.05,162119.5,-576756.2,392681.6,0.9408,79.03,822.7,17.7374,-77.8489,0.0,0,-1.0,-1.0,-1.0,-1.0,-1.0,0.0,0.0,0.0,0.0
1791579143.59,2544692.6,1150.5,46675.4,46675.4,-1244.1,1388.8,1384.5,-63.83,354.39,-0.25,326.21,358.43,0.378713,27.3,0.05,162119.5,-576756.2,392681.6,0.9408,79.03,822.7,17.7374,-77.8489,0.0,0,-1.0,-1.0,-1.0,-1.0,-1.0,0.0,0.0,0.0,0.0
1791579144.1,2544692.6,1151.0,46625.6,46625.7,-1244.4,1389.1,1384.8,-63.84,354.39,-0.24,326.21,361.31,0.381598,27.6,0.05,162115.4,-576756.8,392679.3,0.9408,79.03,822.7,17.73954,-77.84911,0.0,0,-1.0,-1.0,-1.0,-1.0,-1.0,0.0,0.0,0.0,0.0
1791579144.6,2544692.6,1151.5,46625.6,46625.7,-1244.4,1389.1,1384.8,-63.84,354.39,-0.24,326.21,361.31,0.381598,27.6,0.05,162115.4,-576756.8,392679.3,0.9408,79.03,822.7,17.73954,-77.84911,0.0,0,-1.0,-1.0,-1.0,-1.0,-1.0,0.0,0.0,0.0,0.0
1791579145.1,2544692.7,1152.1,46575.9,46575.9,-1244.7,1389.4,1385.0,-63.84,354.4,-0.24,326.21,364.21,0.384504,27.8,0.05,162111.3,-576757.5,392676.9,0.9408,79.03,822.7,17.74168,-77.84932,0.0,0,-1.0,-1.0,-1.0,-1.0,-1.0,0.0,0.0,0.0,0.0
1791579145.6,2544692.7,1152.6,46575.9,46575.9,-1244.7,1389.4,1385.0,-63.84,354.4,-0.24,326.21,364.21,0.384504,27.8,0.05,162111.3,-576757.5,392676.9,0.9408,79.03,822.7,17.74168,-77.84932,0.0,0,-1.0,-1.0,-1.0,-1.0,-1.0,0.0,0.0,0.0,0.0
1791579146.1,2544692.7,1153.1,46526.1,46526.1,-1245.0,1389.7,1385.3,-63.85,354.4,-0.24,326.21,367.14,0.387432,28.0,0.05,162107.1,-576758.1,392674.5,0.9408,79.029,822.7,17.74383,-77.84953,0.0,0,-1.0,-1.0,-1.0,-1.0,-1.0,0.0,0.0,0.0,0.0
1791579146.6,2544692.7,1153.6,46526.1,46526.1,-1245.0,1389.7,1385.3,-63.85,354.4,-0.24,326.21,367.14,0.387432,28.0,0.05,162107.1,-576758.1,392674.5,0.9408,79.029,822.7,17.74383,-77.84953,0.0,0,-1.0,-1.0,-1.0,-1.0,-1.0,0.0,0.0,0.0,0.0
1791579147.11,2544692.7,1154.1,46476.3,46476.3,-1245.3,1389.9,1385.6,-63.85,354.41,-0.23,326.21,370.08,0.390383,28.3,0.05,162103.0,-576758.8,392672.1,0.9408,79.029,822.7,17.74597,-77.84974,0.0,0,-1.0,-1.0,-1.0,-1.0,-1.0,0.0,0.0,0.0,0.0
1791579147.61,2544692.7,1154.6,46476.3,46476.3,-1245.3,1389.9,1385.6,-63.85,354.41,-0.23,326.21,370.08,0.390383,28.3,0.05,162103.0,-576758.8,392672.1,0.9408,79.029,822.7,17.74597,-77.84974,0.0,0,-1.0,-1.0,-1.0,-1.0,-1.0,0.0,0.0,0.0,0.0
1791579148.11,2544693.0,1155.1,46127.3,46127.3,-1247.4,1391.9,1387.6,-63.89,354.45,-0.21,326.21,392.88,0.411668,30.0,0.05,162072.9,-576763.4,392654.7,0.9408,79.028,822.6,17.76099,-77.8512,0.0,0,-1.0,-1.0,-1.0,-1.0,-1.0,0.0,0.0,0.0,0.0
1791579148.61,2544693.5,1155.6,45502.6,45502.6,-1251.1,1395.4,1391.1,-63.95,354.52,-0.18,326.2,432.49,0.452564,33.2,0.06,162014.9,-576772.4,392621.3,0.9408,79.024,822.5,17.78785,-77.8538,0.0,0,-1.0,-1.0,-1.0,-1.0,-1.0,0.0,0.0,0.0,0.0
1791579149.11,2544694.0,1156.1,44876.1,44876.1,-1254.7,1398.9,1394.6,-64.01,354.59,-0.16,326.2,479.6,0.497433,36.8,0.06,161951.1,-576782.1,392584.5,0.9409,79.021,822.4,17.81475,-77.85638,0.0,0,-1.0,-1.0,-1.0,-1.0,-1.0,0.0,0.0,0.0,0.0
1791579149.61,2544694.5,1156.6,44247.8,44247.8,-1258.4,1402.4,1398.0,-64.06,354.65,-0.14,326.19,527.67,0.546585,40.8,0.07,161880.6,-576792.9,392543.9,0.9409,79.017,822.3,17.8417,-77.85895,0.0,0,-1.0,-1.0,-1.0,-1.0,-1.0,0.0,0.0,0.0,0.0
1791579150.11,2544695.0,1157.1,43617.7,43617.7,-1262.0,1405.9,1401.5,-64.12,354.71,-0.12,326.19,584.65,0.600329,45.2,0.08,161802.7,-576804.7,392499.0,0.9409,79.013,822.2,17.86869,-77.86151,0.0,0,-1.0,-1.0,-1.0,-1.0,-1.0,0.0,0.0,0.0,0.0
1791579150.62,2544695.5,1157.6,42960.4,42960.4,-1265.8,1409.4,1405.0,-64.18,354.77,-0.1,326.18,645.05,0.661416,50.2,0.08,161712.8,-576818.2,392447.3,0.9409,79.009,822.0,17.89682,-77.86416,0.0,0,-1.0,-1.0,-1.0,-1.0,-1.0,0.0,0.0,0.0,0.0
1791579151.12,2544696.0,1158.1,42326.6,42326.6,-1269.3,1412.8,1408.4,-64.23,354.82,-0.09,326.17,710.99,0.725457,55.5,0.09,161617.0,-576832.5,392392.2,0.941,79.004,821.8,17.9239,-77.86669,0.0,0,-1.0,-1.0,-1.0,-1.0,-1.0,0.0,0.0,0.0,0.0
1791579151.62,2544696.5,1158.6,41691.0,41691.0,-1272.9,1416.2,1411.7,-64.29,354.87,-0.08,326.17,782.52,0.794531,61.3,0.1,161511.1,-576848.3,392331.4,0.941,78.998,821.6,17.95103,-77.8692,0.0,0,-1.0,-1.0,-1.0,-1.0,-1.0,0.0,0.0,0.0,0.0
1791579152.12,2544697.0,1159.1,41053.6,41053.6,-1276.4,1419.5,1415.0,-64.34,354.91,-0.07,326.16,859.38,0.868658,67.5,0.11,161394.5,-576865.5,392264.5,0.941,78.993,821.4,17.97821,-77.8717,0.0,0,-1.0,-1.0,-1.0,-1.0,-1.0,0.0,0.0,0.0,0.0
1791579152.62,2544697.5,1159.6,40414.6,40414.6,-1279.8,1422.8,1418.3,-64.4,354.96,-0.07,326.16,949.77,0.955605,74.2,0.12,161265.7,-576884.5,392190.6,0.9411,78.986,821.2,18.00542,-77.87419,0.0,0,-1.0,-1.0,-1.0,-1.0,-1.0,0.0,0.0,0.0,0.0
1791579153.12,2544698.0,1160.1,39773.8,39773.8,-1283.2,1426.0,1421.5,-64.45,355.0,-0.07,326.15,1049.99,1.051726,81.7,0.14,161123.0,-576905.3,392108.8,0.9411,78.979,820.9,18.03268,-77.87666,0.0,0,-1.0,-1.0,-1.0,-1.0,-1.0,0.0,0.0,0.0,0.0
1791579153.63,2544698.6,1160.6,39131.3,39131.3,-1286.6,1429.2,1424.6,-64.5,355.05,-0.06,326.15,1162.22,1.159082,90.1,0.15,160964.7,-576928.3,392018.2,0.9411,78.971,820.6,18.05998,-77.87912,0.0,0,-1.0,-1.0,-1.0,-1.0,-1.0,0.0,0.0,0.0,0.0
1791579154.13,2544699.0,1161.1,38487.1,38487.1,-1289.9,1432.2,1427.7,-64.55,355.09,-0.06,326.14,1288.68,1.279765,99.4,0.17,160789.0,-576953.7,391917.6,0.9412,78.962,820.3,18.08732,-77.88156,0.0,0,-1.0,-1.0,-1.0,-1.0,-1.0,0.0,0.0,0.0,0.0
1791579154.63,2544699.5,1161.6,37841.3,37841.3,-1293.1,1435.3,1430.7,-64.61,355.13,-0.06,326.13,1431.86,1.416583,110.0,0.19,160593.5,-576981.8,391805.9,0.9413,78.953,820.0,18.1147,-77.88399,0.0,0,-1.0,-1.0,-1.0,-1.0,-1.0,0.0,0.0,0.0,0.0
1791579155.13,2544700.0,1162.1,37219.9,37219.9,-1296.1,1438.1,1433.5,-64.66,355.17,-0.06,326.13,1599.44,1.576353,121.4,0.21,160384.0,-577011.8,391686.1,0.9413,78.943,819.6,18.14102,-77.8863,0.0,0,-1.0,-1.0,-1.0,-1.0,-1.0,0.0,0.0,0.0,0.0
1791579155.63,2544700.5,1162.6,36571.0,36571.0,-1299.1,1440.9,1436.2,-64.71,355.21,-0.06,326.12,1798.12,1.765191,134.9,0.23,160138.9,-577046.6,391546.1,0.9414,78.931,819.2,18.16847,-77.8887,0.0,0,-1.0,-1.0,-1.0,-1.0,-1.0,0.0,0.0,0.0,0.0
1791579156.13,2544701.0,1163.1,35894.7,35894.7,-1302.1,1443.6,1439.0,-64.76,355.25,-0.06,326.12,2034.15,1.988855,150.6,0.26,159850.8,-577087.4,391381.7,0.9415,78.917,818.6,18.19705,-77.89117,0.0,0,-1.0,-1.0,-1.0,-1.0,-1.0,0.0,0.0,0.0,0.0
1791579156.64,2544701.5,1163.6,35269.0,35269.0,-1304.8,1446.1,1441.4,-64.81,355.29,-0.06,326.11,2292.39,2.222833,166.9,0.3,159550.8,-577129.6,391210.6,0.9415,78.903,818.1,18.22347,-77.89344,0.0,0,-1.0,-1.0,-1.0,-1.0,-1.0,0.0,0.0,0.0,0.0
1791579157.14,2544702.0,1164.1,34615.9,34615.9,-1307.4,1448.4,1443.7,-64.86,355.34,-0.05,326.1,2573.2,2.497672,186.0,0.33,159198.8,-577178.8,391010.0,0.9416,78.886,817.5,18.25101,-77.89579,0.0,0,-1.0,-1.0,-1.0,-1.0,-1.0,0.0,0.0,0.0,0.0
1791579157.64,2544702.5,1164.6,33935.3,33935.3,-1309.9,1450.7,1445.9,-64.91,355.38,-0.05,326.1,2916.32,2.820575,208.1,0.38,158784.4,-577236.5,390774.0,0.9417,78.866,816.7,18.27967,-77.89821,0.0,0,-1.0,-1.0,-1.0,-1.0,-1.0,0.0,0.0,0.0,0.0
1791579158.14,2544702.9,1165.1,33489.7,33489.7,-1311.5,1452.0,1447.2,-64.94,355.41,-0.05,326.09,3164.52,3.053829,224.0,0.41,158483.8,-577278.2,390602.8,0.9418,78.852,816.2,18.29843,-77.89979,0.0,0,-1.0,-1.0,-1.0,-1.0,-1.0,0.0,0.0,0.0,0.0
1791579158.65,2544702.9,1165.6,33489.7,33489.7,-1311.5,1452.0,1447.2,-64.94,355.41,-0.05,326.09,3164.52,3.053829,224.0,0.41,158483.8,-577278.2,390602.8,0.9418,78.852,816.2,18.29843,-77.89979,0.0,0,-1.0,-1.0,-1.0,-1.0,-1.0,0.0,0.0,0.0,0.0
1791579159.15,2544702.9,1166.1,33437.2,33437.2,-1311.7,1452.1,1447.4,-64.95,355.41,-0.05,326.09,3194.96,3.082414,225.9,0.41,158446.8,-577283.3,390581.8,0.9418,78.85,816.1,18.30064,-77.89997,0.0,0,-1.0,-1.0,-1.0,-1.0,-1.0,0.0,0.0,0.0,0.0
1791579159.66,2544703.2,1166.6,33096.0,33096.0,-1312.8,1453.1,1448.3,-64.97,355.43,-0.05,326.09,3399.25,3.274237,238.9,0.44,158197.4,-577317.8,390439.8,0.9419,78.839,815.7,18.31498,-77.90117,0.0,0,-1.0,-1.0,-1.0,-1.0,-1.0,0.0,0.0,0.0,0.0
1791579160.17,2544703.7,1167.1,32412.8,32412.8,-1314.8,1454.7,1449.9,-65.02,355.47,-0.04,326.08,3846.46,3.694307,267.0,0.5,157649.7,-577393.2,390128.2,0.9421,78.813,814.7,18.34369,-77.90355,0.0,0,-1.0,-1.0,-1.0,-1.0,-1.0,0.0,0.0,0.0,0.0
1791579160.67,2544704.2,1167.6,31781.3,31781.3,-1316.3,1456.0,1451.2,-65.07,355.51,-0.04,326.08,4314.71,4.134704,296.2,0.56,157080.2,-577471.3,389804.4,0.9422,78.786,813.7,18.3702,-77.90573,0.0,0,-1.0,-1.0,-1.0,-1.0,-1.0,0.0,0.0,0.0,0.0
1791579161.17,2544704.7,1168.1,31096.4,31096.4,-1317.7,1457.0,1452.1,-65.12,355.55,-0.03,326.07,4895.07,4.68173,332.3,0.63,156384.4,-577566.3,389409.1,0.9424,78.753,812.5,18.39892,-77.90807,0.0,0,-1.0,-1.0,-1.0,-1.0,-1.0,0.0,0.0,0.0,0.0
1791579161.67,2544705.2,1168.6,30437.3,30437.3,-1318.7,1457.6,1452.7,-65.17,355.59,-0.02,326.07,5537.57,5.289262,371.9,0.72,155627.3,-577669.2,388979.1,0.9426,78.718,811.1,18.42653,-77.9103,0.0,0,-1.0,-1.0,-1.0,-1.0,-1.0,0.0,0.0,0.0,0.0
1791579162.18,2544705.5,1169.1,30015.2,30015.2,-1319.2,1457.7,1452.8,-65.2,355.62,-0.02,326.06,5998.09,5.726181,400.2,0.77,155091.7,-577741.8,388675.0,0.9427,78.693,810.2,18.44419,-77.91171,0.0,0,-1.0,-1.0,-1.0,-1.0,-1.0,0.0,0.0,0.0,0.0
1791579162.68,2544706.0,1169.6,29329.2,29329.2,-1319.4,1457.5,1452.5,-65.25,355.66,-0.02,326.06,6838.19,6.526765,451.7,0.88,154125.8,-577872.3,388126.8,0.943,78.647,808.5,18.47288,-77.914,0.0,0,-1.0,-1.0,-1.0,-1.0,-1.0,0.0,0.0,0.0,0.0
1791579163.18,2544706.5,1170.1,28669.5,28669.5,-1319.2,1456.7,1451.7,-65.3,355.7,-0.02,326.05,7763.92,7.414918,508.4,1.0,153072.1,-578014.2,387528.9,0.9433,78.597,806.6,18.50043,-77.91617,0.0,0,-1.0,-1.0,-1.0,-1.0,-1.0,0.0,0.0,0.0,0.0
1791579163.68,2544707.0,1170.6,28010.1,28010.1,-1318.4,1455.3,1450.2,-65.35,355.73,-0.02,326.04,8816.57,8.433409,572.7,1.14,151879.8,-578174.3,386852.8,0.9436,78.541,804.5,18.52794,-77.91832,0.0,0,-1.0,-1.0,-1.0,-1.0,-1.0,0.0,0.0,0.0,0.0
1791579164.19,2544707.5,1171.1,27351.2,27351.2,-1316.8,1453.2,1448.0,-65.4,355.77,-0.03,326.04,10006.06,9.596582,645.4,1.29,150532.4,-578354.8,386088.8,0.9439,78.476,802.1,18.5554,-77.92045,0.0,0,-1.0,-1.0,-1.0,-1.0,-1.0,0.0,0.0,0.0,0.0
1791579164.69,2544708.0,1171.6,26693.4,26693.4,-1314.6,1450.2,1445.0,-65.44,355.81,-0.03,326.03,11339.88,10.918102,727.1,1.47,149012.8,-578558.0,385227.4,0.9443,78.403,799.4,18.58279,-77.92255,0.0,0,-1.0,-1.0,-1.0,-1.0,-1.0,0.0,0.0,0.0,0.0
1791579165.19,2544708.5,1172.1,26036.8,26036.8,-1311.5,1446.3,1441.0,-65.49,355.84,-0.03,326.02,12825.37,12.41439,818.6,1.66,147304.3,-578786.1,384259.1,0.9448,78.319,796.4,18.6101,-77.92463,0.0,0,-1.0,-1.0,-1.0,-1.0,-1.0,0.0,0.0,0.0,0.0
1791579165.69,2544709.0,1172.6,25408.3,25408.3,-1307.6,1441.6,1436.3,-65.54,355.88,-0.03,326.02,14447.97,14.005682,917.7,1.86,145471.4,-579030.6,383220.4,0.9453,78.228,793.2,18.63621,-77.9266,0.0,0,-1.0,-1.0,-1.0,-1.0,-1.0,0.0,0.0,0.0,0.0
1791579166.19,2544709.5,1173.1,24729.7,24729.7,-1302.4,1435.4,1430.0,-65.59,355.92,-0.04,326.01,16203.58,15.925471,1039.6,2.1,143262.7,-579325.2,381968.7,0.9459,78.117,789.3,18.66437,-77.9287,0.0,0,-1.0,-1.0,-1.0,-1.0,-1.0,0.0,0.0,0.0,0.0
1791579166.7,2544710.0,1173.7,24080.0,24080.0,-1296.2,1428.1,1422.6,-65.64,355.96,-0.04,326.01,18165.09,18.038319,1173.4,2.36,140903.0,-579640.1,380631.4,0.9465,77.996,785.1,18.69129,-77.93069,0.0,0,-1.0,-1.0,-1.0,-1.0,-1.0,0.0,0.0,0.0,0.0
1791579167.2,2544710.6,1174.2,23408.0,23408.0,-1288.5,1419.2,1413.6,-65.69,355.99,-0.04,326.0,20430.23,20.549254,1331.8,2.65,138183.8,-580003.4,379090.2,0.9473,77.852,780.4,18.71911,-77.93272,0.0,0,-1.0,-1.0,-1.0,-1.0,-1.0,0.0,0.0,0.0,0.0
1791579167.71,2544711.1,1174.7,22766.0,22766.0,-1279.6,1409.0,1403.3,-65.74,356.03,-0.05,325.99,22827.1,23.297092,1504.6,2.97,135297.7,-580389.8,377453.9,0.948,77.696,775.3,18.74565,-77.93464,0.0,0,-1.0,-1.0,-1.0,-1.0,-1.0,0.0,0.0,0.0,0.0
1791579168.21,2544711.6,1175.2,22154.2,22154.2,-1269.7,1397.7,1391.9,-65.79,356.07,-0.05,325.99,25449.78,26.269226,1690.8,3.29,132264.9,-580796.9,375734.0,0.9489,77.526,770.0,18.77091,-77.93645,0.0,0,-1.0,-1.0,-1.0,-1.0,-1.0,0.0,0.0,0.0,0.0
1791579168.71,2544712.1,1175.7,21497.2,21497.2,-1257.3,1383.7,1377.7,-65.84,356.1,-0.05,325.98,28224.48,29.88457,1916.5,3.68,128682.0,-581279.6,373701.2,0.9499,77.318,763.8,18.798,-77.93838,0.0,0,-1.0,-1.0,-1.0,-1.0,-1.0,0.0,0.0,0.0,0.0
1791579169.21,2544712.6,1176.2,20872.1,20872.1,-1243.6,1368.2,1362.1,-65.89,356.14,-0.05,325.97,31178.18,33.770277,2158.2,4.07,124944.9,-581785.3,371579.8,0.951,77.092,757.3,18.82374,-77.94019,0.0,0,-1.0,-1.0,-1.0,-1.0,-1.0,0.0,0.0,0.0,0.0
1791579169.71,2544713.1,1176.7,20254.3,20254.3,-1228.0,1350.8,1344.4,-65.95,356.18,-0.06,325.97,34268.2,38.093557,2426.1,4.48,120928.4,-582331.7,369298.3,0.9522,76.836,750.3,18.84914,-77.94195,0.0,0,-1.0,-1.0,-1.0,-1.0,-1.0,0.0,0.0,0.0,0.0
1791579170.22,2544713.6,1177.2,19644.7,19644.8,-1210.5,1331.3,1324.8,-66.0,356.22,-0.06,325.96,37490.59,42.922255,2724.4,4.91,116644.0,-582918.2,366862.9,0.9534,76.549,742.9,18.87416,-77.94367,0.0,0,-1.0,-1.0,-1.0,-1.0,-1.0,0.0,0.0,0.0,0.0
1791579170.72,2544714.1,1177.7,19044.4,19044.5,-1191.1,1309.6,1302.9,-66.06,356.26,-0.06,325.95,40823.89,48.318024,3056.5,5.36,112107.9,-583543.4,364282.3,0.9548,76.226,735.1,18.89876,-77.94535,0.0,0,-1.0,-1.0,-1.0,-1.0,-1.0,0.0,0.0,0.0,0.0
1791579171.22,2544714.6,1178.2,18454.4,18454.4,-1169.6,1285.8,1278.8,-66.12,356.29,-0.06,325.95,44225.27,54.331134,3425.5,5.81,107343.0,-584205.1,361568.9,0.9563,75.864,726.9,18.9229,-77.94697,0.0,0,-1.0,-1.0,-1.0,-1.0,-1.0,0.0,0.0,0.0,0.0
1791579171.72,2544715.1,1178.7,17875.6,17875.6,-1146.1,1259.8,1252.5,-66.18,356.33,-0.07,325.94,47632.68,60.999265,3833.3,6.27,102379.8,-584900.1,358739.9,0.9579,75.459,718.4,18.94653,-77.94854,0.0,0,-1.0,-1.0,-1.0,-1.0,-1.0,0.0,0.0,0.0,0.0
1791579172.22,2544715.6,1179.2,17309.1,17309.2,-1120.5,1231.5,1223.9,-66.24,356.37,-0.07,325.93,50968.66,68.34655,4281.2,6.73,97257.4,-585623.5,355816.9,0.9596,75.005,709.6,18.96961,-77.95006,0.0,0,-1.0,-1.0,-1.0,-1.0,-1.0,0.0,0.0,0.0,0.0
1791579172.72,2544716.1,1179.7,16756.0,16756.0,-1092.9,1201.1,1193.2,-66.31,356.41,-0.07,325.93,54145.68,76.383072,4769.6,7.17,92022.3,-586369.6,352826.3,0.9614,74.5,700.7,18.99211,-77.95153,0.0,0,-1.0,-1.0,-1.0,-1.0,-1.0,0.0,0.0,0.0,0.0
1791579173.23,2544716.6,1180.2,16217.1,16217.1,-1063.5,1168.8,1160.5,-66.37,356.46,-0.07,325.92,57321.33,85.112227,5298.3,7.58,86726.8,-587131.1,349797.8,0.9632,73.94,691.7,19.01397,-77.95293,0.0,0,-1.0,-1.0,-1.0,-1.0,-1.0,0.0,0.0,0.0,0.0
1791579173.73,2544717.1,1180.7,15693.3,15693.3,-1032.5,1134.7,1126.0,-66.45,356.5,-0.07,325.91,59828.6,94.3673,5868.8,7.93,81432.6,-587899.4,346766.6,0.9651,73.32,682.7,19.03517,-77.95428,0.0,0,-1.0,-1.0,-1.0,-1.0,-1.0,0.0,0.0,0.0,0.0
1791579174.23,2544717.6,1181.2,15165.4,15165.4,-998.9,1097.9,1088.7,-66.53,356.54,-0.06,325.9,61764.69,104.639202,6507.6,8.2,76018.4,-588692.1,343663.1,0.9671,72.614,673.6,19.05647,-77.95562,0.0,0,-1.0,-1.0,-1.0,-1.0,-1.0,0.0,0.0,0.0,0.0
1791579174.73,2544718.1,1181.7,14674.5,14674.5,-965.8,1061.7,1052.0,-66.61,356.59,-0.06,325.9,63480.49,115.217811,7165.5,8.37,70969.7,-589437.4,340766.1,0.969,71.876,665.1,19.07622,-77.95684,0.0,0,-1.0,-1.0,-1.0,-1.0,-1.0,0.0,0.0,0.0,0.0
1791579175.23,2544718.6,1182.2,14200.3,14200.3,-932.3,1025.1,1014.9,-66.69,356.64,-0.05,325.89,64813.87,126.467368,7865.2,8.45,66126.5,-590157.5,337984.5,0.9709,71.083,657.0,19.09525,-77.95801,0.0,0,-1.0,-1.0,-1.0,-1.0,-1.0,0.0,0.0,0.0,0.0
1791579175.73,2544719.1,1182.7,13760.9,12468.7,-900.1,989.9,979.1,-66.77,356.68,-0.05,325.88,65729.48,137.870593,8574.3,8.47,61703.0,-590819.0,335442.0,0.9726,70.27,649.6,19.11281,-77.95907,0.0,0,-1.0,-1.0,-1.0,-1.0,-1.0,0.0,0.0,0.0,0.0
1791579176.24,2544719.6,1183.2,13319.6,12022.9,-866.6,953.4,942.1,-66.87,356.73,-0.04,325.88,66529.68,150.340184,9349.8,8.43,57351.4,-591472.9,332939.2,0.9744,69.371,642.3,19.1304,-77.96012,0.0,0,-1.0,-1.0,-1.0,-1.0,-1.0,0.0,0.0,0.0,0.0
1791579176.74,2544720.1,1183.7,12894.9,11583.1,-833.5,917.4,905.4,-66.96,356.78,-0.04,325.87,66517.41,163.394589,10161.7,8.34,53270.9,-592088.3,330591.3,0.9761,68.42,635.5,19.14725,-77.96111,0.0,0,-1.0,-1.0,-1.0,-1.0,-1.0,0.0,0.0,0.0,0.0
1791579177.24,2544720.6,1184.2,12486.6,11154.1,-800.9,882.1,869.4,-67.06,356.83,-0.03,325.86,66387.28,177.016203,11008.8,8.22,49461.6,-592663.9,328398.8,0.9777,67.417,629.2,19.16338,-77.96205,0.0,0,-1.0,-1.0,-1.0,-1.0,-1.0,0.0,0.0,0.0,0.0
1791579177.74,2544721.1,1184.7,12094.5,10749.8,-769.0,847.5,834.0,-67.17,356.88,-0.02,325.85,65936.13,191.171031,11889.1,8.07,45917.6,-593199.9,326358.9,0.9792,66.364,623.4,19.17881,-77.96294,0.0,0,-1.0,-1.0,-1.0,-1.0,-1.0,0.0,0.0,0.0,0.0
1791579178.24,2544721.6,1185.2,11718.2,10360.3,-737.8,813.7,799.6,-67.28,356.94,-0.01,325.85,65185.12,205.819111,12800.1,7.9,42628.8,-593696.9,324466.0,0.9806,65.261,617.9,19.19355,-77.96377,0.0,0,-1.0,-1.0,-1.0,-1.0,-1.0,0.0,0.0,0.0,0.0
1791579178.74,2544722.1,1185.7,11357.2,9983.6,-707.4,780.9,766.0,-67.4,356.99,-0.0,325.84,64159.59,220.925019,13739.6,7.72,39582.7,-594156.3,322713.2,0.9819,64.108,612.9,19.20761,-77.96456,0.0,0,-1.0,-1.0,-1.0,-1.0,-1.0,0.0,0.0,0.0,0.0
1791579179.25,2544722.6,1186.2,10997.7,9603.1,-676.7,747.9,732.0,-67.53,357.04,0.01,325.83,62829.97,237.077328,14744.1,7.52,36657.6,-594595.7,321030.9,0.9832,62.857,608.2,19.22154,-77.96532,0.0,0,-1.0,-1.0,-1.0,-1.0,-1.0,0.0,0.0,0.0,0.0
1791579179.75,2544723.1,1186.7,10666.8,9251.2,-648.1,717.1,700.4,-67.66,357.1,0.01,325.82,61325.75,252.984237,15733.4,7.32,34064.2,-594983.3,319540.5,0.9843,61.607,603.9,19.23428,-77.96602,0.0,0,-1.0,-1.0,-1.0,-1.0,-1.0,0.0,0.0,0.0,0.0
1791579180.25,2544723.6,1187.2,10362.4,8935.2,-621.4,688.6,671.0,-67.79,357.15,0.02,325.82,59699.12,268.553755,16701.7,7.12,31764.1,-595324.9,318219.6,0.9853,60.363,600.2,19.24594,-77.96664,0.0,0,-1.0,-1.0,-1.0,-1.0,-1.0,0.0,0.0,0.0,0.0
1791579180.75,2544724.1,1187.7,10046.9,8614.1,-593.5,658.8,640.2,-67.93,357.21,0.03,325.81,57769.48,285.710707,17768.7,6.91,29468.6,-595663.1,316902.8,0.9863,58.971,596.5,19.25794,-77.96727,0.0,0,-1.0,-1.0,-1.0,-1.0,-1.0,0.0,0.0,0.0,0.0
1791579181.25,2544724.6,1188.2,9756.9,8315.7,-567.7,631.3,611.6,-68.08,357.26,0.03,325.8,55783.59,302.450314,18809.7,6.69,27441.9,-595958.9,315741.5,0.9872,57.593,593.2,19.26889,-77.96784,0.0,0,-1.0,-1.0,-1.0,-1.0,-1.0,0.0,0.0,0.0,0.0
1791579181.75,2544725.0,1188.7,9501.3,8043.8,-544.8,607.0,586.3,-68.22,357.31,0.04,325.79,53871.62,318.022316,19778.2,6.49,25723.4,-596207.0,314758.2,0.9879,56.294,590.4,19.27847,-77.96832,0.0,0,-1.0,-1.0,-1.0,-1.0,-1.0,0.0,0.0,0.0,0.0
1791579182.26,2544725.4,1189.2,9319.0,7851.5,-528.3,589.6,568.2,-68.33,357.35,0.04,325.79,52402.97,329.615705,20499.2,6.36,24532.8,-596377.3,314077.8,0.9885,55.313,588.5,19.28527,-77.96867,0.0,0,-1.0,-1.0,-1.0,-1.0,-1.0,0.0,0.0,0.0,0.0
1791579182.76,2544725.6,1189.7,9224.8,7752.4,-519.6,580.5,558.6,-68.4,357.36,0.04,325.78,51692.58,335.775016,20882.2,6.32,23922.6,-596464.0,313729.3,0.9887,54.782,587.5,19.28876,-77.96884,0.0,0,-1.0,-1.0,-1.0,-1.0,-1.0,0.0,0.0,0.0,0.0
1791579183.26,2544726.1,1190.2,8971.3,7488.5,-495.4,555.0,531.9,-68.56,357.41,0.04,325.78,49134.72,352.924914,21948.8,6.35,22279.5,-596695.3,312792.1,0.9894,53.243,584.9,19.29812,-77.9693,0.0,0,-1.0,-1.0,-1.0,-1.0,-1.0,0.0,0.0,0.0,0.0
1791579183.76,2544726.6,1190.7,8720.6,7226.2,-469.6,528.1,503.6,-68.74,357.45,0.04,325.77,46084.98,369.420354,23055.9,6.48,20634.0,-596923.4,311855.3,0.9901,51.521,582.3,19.30729,-77.96975,0.0,0,-1.0,-1.0,-1.0,-1.0,-1.0,0.0,0.0,0.0,0.0
1791579184.27,2544727.1,1191.2,8492.4,6991.5,-444.1,501.7,475.6,-68.93,357.5,0.04,325.76,42599.95,382.969192,24104.7,6.61,19110.9,-597131.0,310990.0,0.9908,49.733,579.8,19.31555,-77.97014,0.0,0,-1.0,-1.0,-1.0,-1.0,-1.0,0.0,0.0,0.0,0.0
1791579184.77,2544727.6,1191.7,8285.4,6780.4,-419.3,476.2,448.4,-69.12,357.54,0.03,325.75,39092.4,395.584313,25089.0,6.69,17717.9,-597317.5,310200.2,0.9914,47.9,577.6,19.32298,-77.97049,0.0,0,-1.0,-1.0,-1.0,-1.0,-1.0,0.0,0.0,0.0,0.0
1791579185.27,2544728.1,1192.2,8074.7,6565.0,-392.4,448.9,419.1,-69.33,357.59,0.04,325.74,35262.48,408.754914,26124.6,6.65,16311.0,-597502.1,309404.5,0.9919,45.821,575.4,19.33046,-77.97083,0.0,0,-1.0,-1.0,-1.0,-1.0,-1.0,0.0,0.0,0.0,0.0
1791579185.77,2544728.6,1192.7,7885.0,6371.1,-367.3,423.7,391.7,-69.55,357.65,0.05,325.74,31706.01,420.891864,27085.9,6.47,15082.0,-597659.7,308711.1,0.9924,43.779,573.5,19.33711,-77.97113,0.0,0,-1.0,-1.0,-1.0,-1.0,-1.0,0.0,0.0,0.0,0.0
1791579186.27,2544729.1,1193.2,7700.8,6182.4,-342.6,399.1,364.8,-69.79,357.71,0.07,325.73,28270.67,432.948165,28047.3,6.15,13946.5,-597801.7,308072.4,0.9929,41.671,571.7,19.3435,-77.97141,0.0,0,-1.0,-1.0,-1.0,-1.0,-1.0,0.0,0.0,0.0,0.0
1791579186.77,2544729.6,1193.7,7541.6,6016.6,-321.6,378.5,341.9,-70.03,357.78,0.08,325.72,25429.73,443.57193,28899.7,5.74,13033.4,-597912.8,307560.3,0.9932,39.798,570.3,19.34893,-77.97165,0.0,0,-1.0,-1.0,-1.0,-1.0,-1.0,0.0,0.0,0.0,0.0
1791579187.28,2544730.1,1194.2,7386.0,5855.5,-302.1,359.5,320.6,-70.28,357.85,0.11,325.71,22879.98,454.153039,29753.4,5.2,12221.6,-598008.7,307106.5,0.9935,37.981,569.0,19.35418,-77.97187,0.0,0,-1.0,-1.0,-1.0,-1.0,-1.0,0.0,0.0,0.0,0.0
1791579187.78,2544730.6,1194.7,7233.4,5700.3,-286.2,344.2,303.1,-70.54,357.96,0.16,325.7,20921.35,464.713659,30610.2,4.21,11565.8,-598083.6,306741.1,0.9938,36.404,568.0,19.35924,-77.97208,0.0,0,-1.0,-1.0,-1.0,-1.0,-1.0,0.0,0.0,0.0,0.0
1791579188.28,2544731.1,1195.2,7093.3,5559.6,-275.4,333.9,291.2,-70.79,358.09,0.24,325.7,19707.5,474.578658,31414.6,3.26,11101.1,-598134.9,306483.1,0.9939,35.23,567.3,19.36381,-77.97226,0.0,0,-1.0,-1.0,-1.0,-1.0,-1.0,0.0,0.0,0.0,0.0
1791579188.79,2544731.6,1195.7,6957.7,5421.6,-267.8,326.5,282.6,-71.05,358.2,0.29,325.69,18934.26,484.278435,32209.5,2.61,10743.0,-598173.1,306284.9,0.994,34.3,566.7,19.36817,-77.97243,0.0,0,-1.0,-1.0,-1.0,-1.0,-1.0,0.0,0.0,0.0,0.0
1791579189.29,2544732.1,1196.2,6825.3,5285.6,-262.0,320.9,276.0,-69.32,3.74,5.5,325.68,18411.58,493.890946,33000.8,2.24,10446.2,-598203.4,306121.4,0.9941,33.519,566.3,19.37234,-77.9726,0.0,0,-1.0,-1.0,-1.0,-1.0,-1.0,0.0,0.0,0.0,0.0
1791579189.8,2544732.6,1196.7,6691.5,5148.8,-249.7,312.0,263.3,-27.94,30.81,28.05,325.67,17084.51,503.76178,33817.3,3.83,9976.7,-598168.6,305904.0,0.994,32.462,565.7,19.37648,-77.97273,0.0,0,-1.0,-1.0,-1.0,-1.0,-1.0,0.0,0.0,0.0,0.0
1791579190.3,2544733.1,1197.3,6570.1,5024.7,-233.3,300.1,245.6,71.48,26.24,34.83,325.66,15122.4,512.84158,34571.6,4.61,9437.2,-598139.8,305648.7,0.9939,30.436,565.0,19.38035,-77.9725,0.0,0,-1.0,-1.0,-1.0,-1.0,-1.0,0.0,0.0,0.0,0.0
1791579190.8,2544733.6,1197.8,6456.1,4909.9,-223.8,292.2,235.3,30.54,226.5,-170.04,325.65,14110.27,521.479268,35292.1,2.96,9092.4,-598157.1,305467.7,0.994,29.481,564.5,19.3839,-77.97211,0.0,0,-1.0,-1.0,-1.0,-1.0,-1.0,0.0,0.0,0.0,0.0
1791579191.47,2544734.1,1198.4,6355.3,4807.2,-215.2,285.8,226.4,36.78,211.79,-162.81,325.65,13251.31,529.218341,35940.1,2.92,8790.5,-598151.6,305319.5,0.9939,28.88,564.1,19.38701,-77.9718,0.0,0,-1.0,-1.0,-1.0,-1.0,-1.0,0.0,0.0,0.0,0.0
1791579191.97,2544734.6,1198.9,6241.0,4690.0,-208.3,280.8,218.9,56.32,200.43,-154.07,325.64,12590.27,538.09405,36685.9,2.27,8520.9,-598147.8,305186.6,0.9939,28.113,563.7,19.39048,-77.97135,0.0,0,-1.0,-1.0,-1.0,-1.0,-1.0,0.0,0.0,0.0,0.0
1791579192.48,2544735.1,1199.4,6138.5,4584.8,-200.6,274.9,210.7,57.89,195.17,-149.51,325.63,11837.72,546.14884,37365.3,2.74,8253.1,-598156.5,305048.3,0.994,27.441,563.3,19.39356,-77.97086,0.0,0,-1.0,-1.0,-1.0,-1.0,-1.0,0.0,0.0,0.0,0.0
1791579192.98,2544735.6,1199.9,6042.5,4484.6,-180.8,258.4,189.6,72.09,183.19,-137.72,325.62,9713.25,553.774195,38010.6,5.61,7758.0,-598221.3,304768.3,0.9942,26.07,562.5,19.3964,-77.97038,0.0,0,-1.0,-1.0,-1.0,-1.0,-1.0,0.0,0.0,0.0,0.0
1791579193.48,2544736.1,1200.4,5959.4,4397.8,-154.9,237.9,162.0,68.86,190.94,-102.07,325.61,7175.95,560.447646,38577.1,6.25,7216.5,-598300.3,304458.1,0.9944,24.392,561.7,19.39882,-77.96995,0.0,0,-1.0,-1.0,-1.0,-1.0,-1.0,0.0,0.0,0.0,0.0
1791579193.98,2544736.6,1200.9,5887.2,4322.6,-135.3,223.4,141.2,70.85,199.97,-57.69,325.6,5508.43,566.290251,39074.4,5.05,6846.6,-598353.1,304246.7,0.9946,23.186,561.1,19.40086,-77.96959,0.0,0,-1.0,-1.0,-1.0,-1.0,-1.0,0.0,0.0,0.0,0.0
1791579194.49,2544737.1,1201.4,5824.0,4256.7,-119.1,212.2,123.9,73.7,199.61,-25.25,325.59,4279.18,571.450192,39514.5,4.38,6566.5,-598392.2,304087.2,0.9947,22.241,560.6,19.40259,-77.96928,0.0,0,-1.0,-1.0,-1.0,-1.0,-1.0,0.0,0.0,0.0,0.0
1791579194.99,2544737.6,1201.9,5764.7,4195.1,-110.3,206.2,114.4,73.62,172.21,28.03,325.58,3678.6,576.318644,39930.7,2.66,6401.6,-598418.5,303991.6,0.9948,21.699,560.4,19.40414,-77.96901,0.0,0,-1.0,-1.0,-1.0,-1.0,-1.0,0.0,0.0,0.0,0.0
1791579195.5,2544738.1,1202.5,5711.5,4139.9,-102.2,201.1,105.7,74.97,205.52,20.6,325.58,3163.86,580.708951,40306.7,2.74,6258.6,-598438.8,303909.9,0.9949,21.245,560.2,19.40548,-77.96876,0.0,0,-1.0,-1.0,-1.0,-1.0,-1.0,0.0,0.0,0.0,0.0
1791579196.0,2544738.6,1203.0,5662.4,4089.0,-95.5,196.9,98.4,75.9,183.13,66.0,325.57,2761.75,584.790312,40656.8,2.31,6139.5,-598455.3,303842.1,0.9949,20.885,560.0,19.40665,-77.96856,0.0,0,-1.0,-1.0,-1.0,-1.0,-1.0,0.0,0.0,0.0,0.0
1791579196.5,2544739.1,1203.5,5616.1,4040.9,-90.1,193.7,92.6,75.63,181.71,90.17,325.56,2460.52,588.65994,40989.3,2.14,6040.9,-598469.1,303785.9,0.995,20.612,559.8,19.40771,-77.96837,0.0,0,-1.0,-1.0,-1.0,-1.0,-1.0,0.0,0.0,0.0,0.0
1791579197.01,2544739.6,1204.0,5572.1,3995.1,-85.8,191.2,87.9,78.33,207.78,86.83,325.55,2230.0,592.347768,41306.7,1.9,5956.9,-598479.3,303738.8,0.995,20.395,559.7,19.40865,-77.96818,0.0,0,-1.0,-1.0,-1.0,-1.0,-1.0,0.0,0.0,0.0,0.0
1791579197.51,2544740.2,1204.5,5530.4,3952.6,-81.6,188.9,83.5,77.48,183.42,132.15,325.54,2022.56,595.86633,41609.9,1.83,5879.2,-598489.0,303695.1,0.995,20.214,559.6,19.4095,-77.96803,0.0,0,-1.0,-1.0,-1.0,-1.0,-1.0,0.0,0.0,0.0,0.0
1791579198.01,2544740.6,1205.0,5490.3,3912.1,-78.9,187.4,80.5,76.78,179.37,156.98,325.53,1891.87,599.261326,41902.9,1.58,5816.4,-598496.6,303659.9,0.995,20.084,559.5,19.41027,-77.96789,0.0,0,-1.0,-1.0,-1.0,-1.0,-1.0,0.0,0.0,0.0,0.0
1791579198.51,2544741.1,1205.5,5451.4,3872.8,-76.8,186.2,78.1,80.73,202.94,154.19,325.52,1791.32,602.571456,42188.9,1.44,5759.9,-598502.7,303628.6,0.9951,19.976,559.4,19.41097,-77.96775,0.0,0,-1.0,-1.0,-1.0,-1.0,-1.0,0.0,0.0,0.0,0.0
1791579199.01,2544741.7,1206.0,5412.1,3833.1,-74.7,185.1,75.9,81.18,194.9,-177.17,325.52,1697.81,605.931323,42479.6,1.38,5704.1,-598508.4,303597.8,0.9951,19.882,559.3,19.41164,-77.96763,0.0,0,-1.0,-1.0,-1.0,-1.0,-1.0,0.0,0.0,0.0,0.0
1791579199.51,2544742.2,1206.5,5375.3,3796.0,-72.4,183.9,73.3,78.36,180.38,-143.41,325.51,1595.07,609.084675,42752.8,1.49,5649.3,-598514.0,303567.6,0.9951,19.802,559.2,19.41222,-77.96752,0.0,0,-1.0,-1.0,-1.0,-1.0,-1.0,0.0,0.0,0.0,0.0
1791579200.02,2544742.7,1207.0,5339.6,3760.0,-70.9,183.1,71.8,80.88,190.18,-134.02,325.5,1535.71,612.163533,43019.9,1.24,5602.9,-598518.4,303542.3,0.9951,19.741,559.1,19.41275,-77.96741,0.0,0,-1.0,-1.0,-1.0,-1.0,-1.0,0.0,0.0,0.0,0.0
1791579200.52,2544743.2,1207.5,5304.3,3724.4,-70.3,182.7,71.0,83.91,202.35,-127.43,325.49,1508.72,615.21078,43284.5,1.11,5562.6,-598521.8,303520.4,0.9951,19.694,559.1,19.41324,-77.96732,0.0,0,-1.0,-1.0,-1.0,-1.0,-1.0,0.0,0.0,0.0,0.0
1791579201.02,2544743.7,1208.0,5269.2,3689.1,-69.8,182.3,70.5,82.87,189.95,-96.81,325.48,1494.11,618.253971,43549.1,1.1,5524.4,-598524.9,303499.8,0.9951,19.655,559.0,19.41369,-77.96723,0.0,0,-1.0,-1.0,-1.0,-1.0,-1.0,0.0,0.0,0.0,0.0
1791579201.52,2544744.2,1208.5,5236.0,3655.6,-68.9,181.8,69.5,80.61,185.11,-74.78,325.47,1459.18,621.154258,43801.5,1.19,5484.5,-598527.9,303478.3,0.9951,19.621,559.0,19.4141,-77.96715,0.0,0,-1.0,-1.0,-1.0,-1.0,-1.0,0.0,0.0,0.0,0.0
1791579202.02,2544744.7,1209.0,5200.3,3619.7,-68.2,181.4,68.7,82.68,191.03,-62.31,325.46,1432.45,624.274357,44073.4,1.14,5443.6,-598530.7,303456.4,0.9952,19.59,558.9,19.41449,-77.96706,0.0,0,-1.0,-1.0,-1.0,-1.0,-1.0,0.0,0.0,0.0,0.0
1791579202.53,2544745.2,1209.5,5166.3,3585.5,-67.6,181.1,68.0,85.64,197.1,-51.07,325.46,1410.21,627.257284,44333.6,1.13,5405.2,-598533.2,303436.0,0.9952,19.564,558.8,19.41485,-77.96699,0.0,0,-1.0,-1.0,-1.0,-1.0,-1.0,0.0,0.0,0.0,0.0
1791579203.03,2544745.7,1210.0,5132.6,3551.6,-67.3,180.8,67.6,84.63,190.78,-27.81,325.45,1400.97,630.222852,44592.6,1.03,5369.2,-598535.5,303416.9,0.9952,19.543,558.8,19.41517,-77.96692,0.0,0,-1.0,-1.0,-1.0,-1.0,-1.0,0.0,0.0,0.0,0.0
1791579203.53,2544746.2,1210.5,5099.2,3518.1,-66.4,180.4,66.7,82.87,190.86,-11.24,325.44,1370.85,633.176274,44850.8,1.16,5329.9,-598537.7,303396.1,0.9952,19.524,558.7,19.41548,-77.96686,0.0,0,-1.0,-1.0,-1.0,-1.0,-1.0,0.0,0.0,0.0,0.0
1791579204.03,2544746.7,1211.0,5064.8,3483.5,-66.1,180.2,66.3,84.57,193.84,2.82,325.43,1361.26,636.229226,45118.0,1.04,5293.1,-598539.7,303376.7,0.9952,19.508,558.7,19.41576,-77.96679,0.0,0,-1.0,-1.0,-1.0,-1.0,-1.0,0.0,0.0,0.0,0.0
1791579204.53,2544747.2,1211.5,5031.8,3450.4,-65.8,180.0,66.1,86.83,191.76,20.96,325.42,1356.37,639.163759,45375.2,1.03,5258.5,-598541.5,303358.5,0.9952,19.495,558.6,19.41602,-77.96674,0.0,0,-1.0,-1.0,-1.0,-1.0,-1.0,0.0,0.0,0.0,0.0
1791579205.04,2544747.7,1212.0,4999.0,3417.4,-65.4,179.8,65.6,86.28,190.36,38.14,325.41,1342.26,642.098288,45632.6,1.1,5222.5,-598543.2,303339.7,0.9952,19.483,558.6,19.41626,-77.96668,0.0,0,-1.0,-1.0,-1.0,-1.0,-1.0,0.0,0.0,0.0,0.0
1791579205.54,2544748.2,1212.5,4966.4,3384.7,-64.9,179.5,65.1,84.72,196.1,47.91,325.41,1328.97,645.015799,45888.8,1.06,5186.9,-598544.7,303321.1,0.9952,19.473,558.5,19.41648,-77.96663,0.0,0,-1.0,-1.0,-1.0,-1.0,-1.0,0.0,0.0,0.0,0.0
1791579206.04,2544748.7,1213.0,4934.0,3352.2,-64.8,179.4,64.9,85.64,197.91,61.35,325.4,1328.28,647.934733,46145.4,1.02,5153.5,-598546.1,303303.7,0.9952,19.465,558.5,19.41668,-77.96659,0.0,0,-1.0,-1.0,-1.0,-1.0,-1.0,0.0,0.0,0.0,0.0
1791579206.54,2544749.2,1213.5,4901.6,3319.6,-64.7,179.3,64.8,87.65,186.93,87.31,325.39,1327.68,650.862411,46403.0,1.04,5120.2,-598547.4,303286.4,0.9952,19.458,558.4,19.41686,-77.96654,0.0,0,-1.0,-1.0,-1.0,-1.0,-1.0,0.0,0.0,0.0,0.0
1791579207.04,2544749.7,1214.0,4869.4,3287.3,-64.3,179.1,64.4,87.51,184.9,104.04,325.38,1318.8,653.781148,46660.1,1.03,5085.6,-598548.7,303268.4,0.9952,19.452,558.4,19.41703,-77.9665,0.0,0,-1.0,-1.0,-1.0,-1.0,-1.0,0.0,0.0,0.0,0.0
1791579207.54,2544750.2,1214.5,4838.5,3256.4,-64.2,179.0,64.3,86.39,198.21,104.64,325.37,1319.67,656.586054,46907.5,1.02,5054.1,-598549.8,303252.1,0.9952,19.448,558.3,19.41718,-77.96646,0.0,0,-1.0,-1.0,-1.0,-1.0,-1.0,0.0,0.0,0.0,0.0
1791579208.04,2544750.7,1215.0,4805.0,3222.8,-64.6,179.1,64.7,86.59,202.64,115.01,325.36,1339.55,659.642796,47177.3,0.93,5022.9,-598550.8,303236.1,0.9952,19.443,558.3,19.41734,-77.96642,0.0,0,-1.0,-1.0,-1.0,-1.0,-1.0,0.0,0.0,0.0,0.0
1791579208.55,2544751.2,1215.5,4771.5,3189.2,-64.2,178.9,64.3,88.09,185.09,147.07,325.36,1329.48,662.710327,47448.4,1.08,4986.8,-598552.0,303217.4,0.9952,19.439,558.2,19.41748,-77.96639,0.0,0,-1.0,-1.0,-1.0,-1.0,-1.0,0.0,0.0,0.0,0.0
1791579209.05,2544751.7,1216.0,4739.4,3157.0,-64.2,178.9,64.2,88.29,172.47,173.4,325.35,1333.53,665.656273,47709.0,0.97,4954.5,-598553.0,303200.8,0.9952,19.436,558.2,19.4176,-77.96635,0.0,0,-1.0,-1.0,-1.0,-1.0,-1.0,0.0,0.0,0.0,0.0
1791579209.55,2544752.2,1216.5,4707.3,3124.9,-64.2,178.8,64.2,87.59,197.18,162.19,325.34,1339.18,668.611841,47970.8,0.98,4922.5,-598553.8,303184.3,0.9952,19.434,558.2,19.41772,-77.96632,0.0,0,-1.0,-1.0,-1.0,-1.0,-1.0,0.0,0.0,0.0,0.0
1791579210.05,2544752.7,1217.0,4675.2,3092.6,-64.3,178.9,64.3,87.35,207.53,165.1,325.33,1350.08,671.587111,48234.5,0.98,4891.1,-598554.6,303168.3,0.9952,19.432,558.1,19.41783,-77.96629,0.0,0,-1.0,-1.0,-1.0,-1.0,-1.0,0.0,0.0,0.0,0.0
1791579210.55,2544753.2,1217.5,4643.1,3060.5,-63.9,178.7,64.0,88.34,188.37,-162.73,325.32,1340.6,674.560409,48498.4,1.05,4856.7,-598555.5,303150.6,0.9952,19.43,558.1,19.41792,-77.96626,0.0,0,-1.0,-1.0,-1.0,-1.0,-1.0,0.0,0.0,0.0,0.0
1791579211.06,2544753.7,1218.0,4611.2,3028.5,-63.8,178.6,63.9,88.61,161.84,-123.42,325.31,1341.69,677.533882,48762.5,1.0,4824.0,-598556.3,303133.8,0.9952,19.428,558.0,19.41801,-77.96623,0.0,0,-1.0,-1.0,-1.0,-1.0,-1.0,0.0,0.0,0.0,0.0
1791579211.56,2544754.2,1218.5,4579.2,2996.5,-64.1,178.7,64.1,88.38,191.21,-140.21,325.31,1358.43,680.521146,49028.2,0.92,4793.8,-598557.0,303118.4,0.9952,19.427,558.0,19.4181,-77.9662,0.0,0,-1.0,-1.0,-1.0,-1.0,-1.0,0.0,0.0,0.0,0.0
1791579212.06,2544754.7,1219.0,4547.2,2964.5,-64.0,178.6,64.0,88.0,212.39,-149.02,325.3,1360.81,683.519866,49295.1,0.98,4761.2,-598557.7,303101.8,0.9952,19.425,557.9,19.41817,-77.96618,0.0,0,-1.0,-1.0,-1.0,-1.0,-1.0,0.0,0.0,0.0,0.0
1791579212.56,2544755.2,1219.5,4515.3,2932.5,-63.6,178.4,63.6,88.52,200.37,-124.88,325.29,1347.5,686.521547,49562.6,1.09,4726.3,-598558.4,303083.9,0.9952,19.424,557.9,19.41825,-77.96615,0.0,0,-1.0,-1.0,-1.0,-1.0,-1.0,0.0,0.0,0.0,0.0
1791579213.06,2544755.7,1220.0,4483.6,2900.7,-63.3,178.3,63.3,88.8,164.68,-77.29,325.28,1339.73,689.516835,49829.8,1.05,4692.5,-598559.1,303066.7,0.9952,19.423,557.8,19.41831,-77.96613,0.0,0,-1.0,-1.0,-1.0,-1.0,-1.0,0.0,0.0,0.0,0.0
1791579213.57,2544756.2,1220.5,4450.9,2867.9,-62.7,178.1,62.7,88.77,190.77,-91.19,325.27,1321.94,692.615586,50106.5,1.08,4656.1,-598559.8,303048.1,0.9952,19.423,557.8,19.41837,-77.96611,0.0,0,-1.0,-1.0,-1.0,-1.0,-1.0,0.0,0.0,0.0,0.0
1791579214.07,2544756.7,1221.0,4422.1,2839.1,-62.5,178.0,62.5,88.47,219.12,-108.93,325.26,1317.17,695.351564,50351.1,1.03,4625.8,-598560.4,303032.7,0.9952,19.422,557.7,19.41842,-77.96608,0.0,0,-1.0,-1.0,-1.0,-1.0,-1.0,0.0,0.0,0.0,0.0
1791579214.57,2544757.2,1221.5,4391.0,2808.0,-61.9,177.7,61.9,88.82,209.67,-88.16,325.26,1299.82,698.314282,50616.1,1.09,4591.2,-598561.0,303015.1,0.9953,19.421,557.7,19.41847,-77.96606,0.0,0,-1.0,-1.0,-1.0,-1.0,-1.0,0.0,0.0,0.0,0.0
1791579215.07,2544757.7,1222.0,4360.0,2776.9,-62.2,177.8,62.2,89.02,168.97,-36.34,325.25,1314.85,701.278516,50881.6,0.92,4561.7,-598561.6,303000.0,0.9953,19.421,557.6,19.41852,-77.96605,0.0,0,-1.0,-1.0,-1.0,-1.0,-1.0,0.0,0.0,0.0,0.0
1791579215.58,2544758.2,1222.5,4329.0,2745.9,-61.9,177.7,61.9,89.06,185.05,-41.48,325.24,1307.41,704.255234,51148.5,1.06,4528.7,-598562.1,302983.3,0.9953,19.421,557.6,19.41856,-77.96603,0.0,0,-1.0,-1.0,-1.0,-1.0,-1.0,0.0,0.0,0.0,0.0
1791579216.08,2544758.7,1223.0,4298.0,2714.9,-61.8,177.7,61.9,88.82,229.03,-74.68,325.23,1312.19,707.231245,51415.5,0.97,4497.6,-598562.6,302967.5,0.9953,19.42,557.6,19.4186,-77.96601,0.0,0,-1.0,-1.0,-1.0,-1.0,-1.0,0.0,0.0,0.0,0.0
1791579216.58,2544759.2,1223.5,4266.0,2682.8,-61.7,177.6,61.7,89.05,226.53,-61.18,325.22,1309.61,710.32712,51693.6,1.0,4464.3,-598563.1,302950.6,0.9953,19.42,557.5,19.41863,-77.96599,0.0,0,-1.0,-1.0,-1.0,-1.0,-1.0,0.0,0.0,0.0,0.0
1791579217.08,2544759.7,1224.0,4235.1,2651.9,-61.8,177.6,61.8,89.27,178.89,-3.16,325.21,1322.32,713.315372,51962.3,0.93,4434.6,-598563.6,302935.5,0.9953,19.42,557.5,19.41867,-77.96597,0.0,0,-1.0,-1.0,-1.0,-1.0,-1.0,0.0,0.0,0.0,0.0
1791579217.59,2544760.2,1224.5,4204.3,2621.1,-61.5,177.5,61.5,89.29,187.92,-1.98,325.2,1314.07,716.311779,52232.0,1.05,4401.7,-598564.1,302918.8,0.9953,19.42,557.4,19.4187,-77.96595,0.0,0,-1.0,-1.0,-1.0,-1.0,-1.0,0.0,0.0,0.0,0.0
1791579218.09,2544760.7,1225.0,4173.6,2590.3,-61.3,177.4,61.3,89.12,239.17,-43.19,325.2,1312.39,719.307219,52501.9,1.02,4369.9,-598564.5,302902.7,0.9953,19.42,557.4,19.41872,-77.96594,0.0,0,-1.0,-1.0,-1.0,-1.0,-1.0,0.0,0.0,0.0,0.0
1791579218.59,2544761.2,1225.5,4143.0,2559.7,-61.0,177.3,61.0,89.22,244.32,-38.46,325.19,1304.1,722.300452,52771.8,1.05,4337.2,-598565.0,302886.1,0.9953,19.419,557.3,19.41875,-77.96592,0.0,0,-1.0,-1.0,-1.0,-1.0,-1.0,0.0,0.0,0.0,0.0
1791579219.1,2544761.7,1226.0,4112.5,2529.2,-60.8,177.2,60.8,89.49,192.94,22.62,325.18,1301.28,725.28911,53041.6,1.02,4305.6,-598565.4,302870.1,0.9953,19.419,557.3,19.41877,-77.9659,0.0,0,-1.0,-1.0,-1.0,-1.0,-1.0,0.0,0.0,0.0,0.0
1791579219.6,2544762.2,1226.6,4082.0,2498.6,-61.5,177.4,61.5,89.48,182.7,42.39,325.17,1335.35,728.2991,53313.6,0.83,4279.2,-598565.8,302856.7,0.9953,19.419,557.2,19.41879,-77.96589,0.0,0,-1.0,-1.0,-1.0,-1.0,-1.0,0.0,0.0,0.0,0.0
1791579220.1,2544762.7,1227.1,4051.2,2467.8,-61.5,177.4,61.5,89.44,242.92,-8.45,325.16,1342.11,731.336909,53588.4,0.99,4248.6,-598566.2,302841.2,0.9953,19.419,557.2,19.4188,-77.96587,0.0,0,-1.0,-1.0,-1.0,-1.0,-1.0,0.0,0.0,0.0,0.0
1791579220.61,2544763.2,1227.6,4020.6,2437.2,-61.0,177.2,61.0,89.32,264.22,-20.54,325.15,1323.72,734.371938,53863.2,1.1,4214.5,-598566.6,302823.9,0.9953,19.419,557.2,19.41882,-77.96586,0.0,0,-1.0,-1.0,-1.0,-1.0,-1.0,0.0,0.0,0.0,0.0
1791579221.11,2544763.7,1228.1,3990.1,2406.7,-60.9,177.2,60.9,89.65,227.64,25.09,325.15,1326.41,737.4013,54137.7,0.98,4183.6,-598567.0,302808.3,0.9953,19.419,557.1,19.41884,-77.96585,0.0,0,-1.0,-1.0,-1.0,-1.0,-1.0,0.0,0.0,0.0,0.0
1791579221.61,2544764.2,1228.6,3958.5,2375.1,-60.8,177.1,60.8,89.65,190.78,71.2,325.14,1326.02,740.552258,54423.5,0.99,4151.1,-598567.4,302791.8,0.9953,19.419,557.1,19.41885,-77.96583,0.0,0,-1.0,-1.0,-1.0,-1.0,-1.0,0.0,0.0,0.0,0.0
1791579222.12,2544764.5,1229.1,3939.0,2355.6,-60.9,177.1,60.9,89.7,223.72,43.87,325.13,1333.01,742.500209,54600.4,0.94,4132.2,-598567.7,302782.2,0.9953,19.419,557.0,19.41886,-77.96582,0.0,0,-1.0,-1.0,-1.0,-1.0,-1.0,0.0,0.0,0.0,0.0
1791579222.62,2544765.0,1229.6,3908.5,2325.1,-60.9,177.1,60.9,89.49,276.03,0.21,325.12,1339.94,745.551606,54877.6,0.97,4101.9,-598568.0,302766.9,0.9953,19.419,557.0,19.41887,-77.96581,0.0,0,-1.0,-1.0,-1.0,-1.0,-1.0,0.0,0.0,0.0,0.0
1791579223.12,2544765.6,1230.1,3878.1,2294.7,-60.7,177.1,60.7,89.6,273.7,11.36,325.12,1337.42,748.609972,55155.8,1.03,4070.3,-598568.4,302751.0,0.9953,19.419,557.0,19.41888,-77.96579,0.0,0,-1.0,-1.0,-1.0,-1.0,-1.0,0.0,0.0,0.0,0.0
1791579223.62,2544766.0,1230.6,3847.7,2264.3,-60.8,177.1,60.8,89.79,210.44,82.63,325.11,1345.86,751.674115,55434.7,0.97,4040.4,-598568.8,302735.8,0.9953,19.419,556.9,19.41888,-77.96578,0.0,0,-1.0,-1.0,-1.0,-1.0,-1.0,0.0,0.0,0.0,0.0
1791579224.12,2544766.5,1231.1,3817.4,2233.9,-60.6,177.0,60.6,89.81,211.42,89.85,325.1,1343.91,754.74847,55714.8,1.03,4009.0,-598569.1,302719.9,0.9953,19.419,556.9,19.41889,-77.96577,0.0,0,-1.0,-1.0,-1.0,-1.0,-1.0,0.0,0.0,0.0,0.0
1791579224.63,2544767.0,1231.6,3787.2,2203.7,-60.0,176.8,60.0,89.65,287.65,21.68,325.09,1320.85,757.808412,55993.9,1.11,3974.8,-598569.5,302702.6,0.9953,19.419,556.8,19.4189,-77.96576,0.0,0,-1.0,-1.0,-1.0,-1.0,-1.0,0.0,0.0,0.0,0.0
1791579225.13,2544767.6,1232.1,3757.3,2173.8,-59.8,176.7,59.8,89.64,292.41,25.15,325.08,1316.65,760.855394,56272.1,1.02,3943.5,-598569.9,302686.8,0.9953,19.419,556.8,19.4189,-77.96574,0.0,0,-1.0,-1.0,-1.0,-1.0,-1.0,0.0,0.0,0.0,0.0
1791579225.63,2544768.1,1232.6,3726.2,2142.7,-59.9,176.7,59.9,89.86,233.73,91.61,325.07,1328.81,764.033581,56562.5,0.94,3913.3,-598570.2,302671.5,0.9953,19.419,556.7,19.41891,-77.96573,0.0,0,-1.0,-1.0,-1.0,-1.0,-1.0,0.0,0.0,0.0,0.0
1791579226.14,2544768.6,1233.1,3696.2,2112.7,-59.8,176.7,59.8,89.87,202.64,130.34,325.07,1329.1,767.102292,56843.2,1.02,3882.7,-598570.6,302656.0,0.9953,19.419,556.7,19.41891,-77.96572,0.0,0,-1.0,-1.0,-1.0,-1.0,-1.0,0.0,0.0,0.0,0.0
1791579226.64,2544769.1,1233.6,3666.3,2082.7,-59.9,176.7,59.9,89.78,294.19,46.31,325.06,1337.14,770.17812,57124.8,0.97,3853.1,-598570.9,302641.1,0.9953,19.419,556.7,19.41892,-77.96571,0.0,0,-1.0,-1.0,-1.0,-1.0,-1.0,0.0,0.0,0.0,0.0
1791579227.14,2544769.6,1234.1,3636.4,2052.8,-59.9,176.7,59.9,89.69,305.77,42.11,325.05,1341.84,773.260898,57407.3,0.98,3823.1,-598571.2,302625.9,0.9953,19.419,556.6,19.41892,-77.9657,0.0,0,-1.0,-1.0,-1.0,-1.0,-1.0,0.0,0.0,0.0,0.0
1791579227.64,2544770.1,1234.6,3606.5,2022.9,-59.8,176.6,59.8,89.88,355.01,0.0,325.04,1342.17,776.352875,57691.0,1.01,3792.5,-598571.5,302610.5,0.9953,19.419,556.6,19.41892,-77.96568,0.0,0,-1.0,-1.0,-1.0,-1.0,-1.0,0.0,0.0,0.0,0.0
1791579228.14,2544770.6,1235.1,3576.6,1993.1,-59.6,176.5,59.6,89.88,198.02,164.24,325.03,1337.53,779.44733,57975.1,1.03,3761.3,-598571.9,302594.7,0.9953,19.419,556.5,19.41892,-77.96567,0.0,0,-1.0,-1.0,-1.0,-1.0,-1.0,0.0,0.0,0.0,0.0
1791579228.65,2544771.1,1235.6,3547.0,1963.4,-59.0,176.4,59.0,89.87,285.93,83.33,325.02,1319.19,782.531708,58258.5,1.1,3728.4,-598572.2,302578.1,0.9953,19.419,556.5,19.41892,-77.96566,0.0,0,-1.0,-1.0,-1.0,-1.0,-1.0,0.0,0.0,0.0,0.0
1791579229.15,2544771.6,1236.1,3516.3,1932.7,-59.0,176.3,59.0,89.75,312.04,64.39,325.01,1322.75,785.732471,58552.9,0.98,3697.5,-598572.6,302562.5,0.9953,19.419,556.4,19.41892,-77.96565,0.0,0,-1.0,-1.0,-1.0,-1.0,-1.0,0.0,0.0,0.0,0.0
1791579229.65,2544772.1,1236.6,3486.8,1903.2,-59.0,176.3,59.0,89.89,23.08,0.0,325.01,1329.98,788.821434,58837.4,0.98,3668.2,-598572.9,302547.7,0.9953,19.419,556.4,19.41892,-77.96564,0.0,0,-1.0,-1.0,-1.0,-1.0,-1.0,0.0,0.0,0.0,0.0
1791579230.16,2544772.6,1237.1,3457.3,1873.7,-59.0,176.3,59.0,89.88,199.46,-169.63,325.0,1335.58,791.922768,59123.2,0.99,3638.7,-598573.2,302532.8,0.9953,19.419,556.4,19.41892,-77.96563,0.0,0,-1.0,-1.0,-1.0,-1.0,-1.0,0.0,0.0,0.0,0.0
1791579230.66,2544773.1,1237.6,3427.8,1844.2,-58.9,176.3,58.9,89.9,36.3,0.0,324.99,1333.28,795.025045,59409.3,1.01,3608.3,-598573.5,302517.4,0.9953,19.419,556.3,19.41892,-77.96562,0.0,0,-1.0,-1.0,-1.0,-1.0,-1.0,0.0,0.0,0.0,0.0
1791579231.16,2544773.6,1238.1,3398.3,1814.7,-58.9,176.3,58.9,89.81,308.32,94.46,324.98,1339.02,798.137509,59696.7,0.99,3578.9,-598573.8,302502.5,0.9953,19.419,556.3,19.41892,-77.96561,0.0,0,-1.0,-1.0,-1.0,-1.0,-1.0,0.0,0.0,0.0,0.0
1791579231.66,2544774.1,1238.6,3368.9,1785.3,-58.8,176.2,58.8,89.88,48.99,0.0,324.97,1341.84,801.255241,59984.8,1.0,3549.1,-598574.1,302487.5,0.9953,19.419,556.2,19.41892,-77.96559,0.0,0,-1.0,-1.0,-1.0,-1.0,-1.0,0.0,0.0,0.0,0.0
1791579232.16,2544774.6,1239.1,3339.5,1755.8,-58.8,176.2,58.8,89.87,212.13,-156.85,324.96,1345.91,804.383889,60274.2,1.0,3519.5,-598574.4,302472.5,0.9953,19.419,556.2,19.41892,-77.96558,0.0,0,-1.0,-1.0,-1.0,-1.0,-1.0,0.0,0.0,0.0,0.0
1791579232.66,2544775.1,1239.6,3309.0,1725.4,-58.2,176.0,58.2,89.88,242.58,179.04,324.96,1323.88,807.628154,60574.6,1.11,3485.4,-598574.7,302455.3,0.9953,19.419,556.1,19.41892,-77.96557,0.0,0,-1.0,-1.0,-1.0,-1.0,-1.0,0.0,0.0,0.0,0.0
1791579233.17,2544775.6,1240.1,3280.0,1696.3,-58.1,176.0,58.1,89.83,297.44,130.16,324.95,1323.58,810.734549,60862.4,0.99,3455.6,-598575.0,302440.3,0.9953,19.419,556.1,19.41892,-77.96556,0.0,0,-1.0,-1.0,-1.0,-1.0,-1.0,0.0,0.0,0.0,0.0
1791579233.67,2544776.1,1240.6,3251.0,1667.3,-58.0,175.9,58.0,89.87,279.77,153.71,324.94,1323.25,813.842735,61150.7,0.99,3425.9,-598575.4,302425.3,0.9953,19.419,556.1,19.41891,-77.96555,0.0,0,-1.0,-1.0,-1.0,-1.0,-1.0,0.0,0.0,0.0,0.0
1791579234.17,2544776.6,1241.1,3223.1,1639.5,-58.0,175.9,58.0,89.86,223.41,-144.38,324.93,1329.25,816.836753,61428.7,0.97,3398.2,-598575.6,302411.3,0.9953,19.419,556.0,19.41891,-77.96554,0.0,0,-1.0,-1.0,-1.0,-1.0,-1.0,0.0,0.0,0.0,0.0
1791579234.67,2544777.1,1241.6,3193.1,1609.4,-57.6,175.8,57.6,89.85,237.39,-152.45,324.92,1314.83,820.08122,61730.1,1.09,3365.6,-598576.0,302394.8,0.9953,19.419,556.0,19.41891,-77.96553,0.0,0,-1.0,-1.0,-1.0,-1.0,-1.0,0.0,0.0,0.0,0.0
1791579235.17,2544777.6,1242.1,3164.4,1580.7,-57.3,175.7,57.3,89.84,283.88,166.64,324.91,1304.95,823.184547,62018.7,1.04,3335.0,-598576.3,302379.3,0.9953,19.419,555.9,19.41891,-77.96552,0.0,0,-1.0,-1.0,-1.0,-1.0,-1.0,0.0,0.0,0.0,0.0
1791579235.68,2544778.1,1242.6,3135.7,1552.0,-57.4,175.7,57.4,89.85,278.01,178.0,324.91,1315.44,826.294988,62308.3,0.95,3307.0,-598576.6,302365.2,0.9953,19.419,555.9,19.4189,-77.96551,0.0,0,-1.0,-1.0,-1.0,-1.0,-1.0,0.0,0.0,0.0,0.0
1791579236.18,2544778.6,1243.1,3107.0,1523.3,-57.3,175.7,57.3,89.83,236.05,-134.65,324.9,1316.62,829.412592,62598.7,0.98,3277.8,-598576.8,302350.5,0.9953,19.419,555.9,19.4189,-77.9655,0.0,0,-1.0,-1.0,-1.0,-1.0,-1.0,0.0,0.0,0.0,0.0
1791579236.68,2544779.1,1243.6,3078.5,1494.8,-56.7,175.4,56.7,89.81,240.68,-133.98,324.89,1292.16,832.521569,62888.6,1.12,3245.6,-598577.2,302334.2,0.9953,19.419,555.8,19.4189,-77.96549,0.0,0,-1.0,-1.0,-1.0,-1.0,-1.0,0.0,0.0,0.0,0.0
1791579237.19,2544779.6,1244.1,3049.1,1465.4,-56.7,175.4,56.7,89.81,276.39,-164.27,324.88,1296.38,835.743417,63189.3,0.96,3216.0,-598577.5,302319.3,0.9953,19.419,555.8,19.41889,-77.96548,0.0,0,-1.0,-1.0,-1.0,-1.0,-1.0,0.0,0.0,0.0,0.0
1791579237.69,2544780.0,1244.6,3026.5,1442.8,-56.2,175.3,56.2,89.81,276.45,-160.02,324.87,1280.29,838.220401,63420.7,1.1,3190.9,-598577.7,302306.6,0.9953,19.419,555.7,19.41889,-77.96547,0.0,0,-1.0,-1.0,-1.0,-1.0,-1.0,0.0,0.0,0.0,0.0
1791579238.19,2544780.5,1245.1,2998.5,1414.7,-56.2,175.3,56.2,89.8,247.4,-125.91,324.87,1285.05,841.307011,63709.2,0.96,3162.8,-598578.0,302292.4,0.9953,19.419,555.7,19.41889,-77.96546,0.0,0,-1.0,-1.0,-1.0,-1.0,-1.0,0.0,0.0,0.0,0.0
1791579238.69,2544781.0,1245.6,2969.3,1385.5,-56.2,175.2,56.2,89.78,244.37,-117.92,324.86,1287.92,844.526311,64010.4,0.98,3133.4,-598578.3,302277.5,0.9953,19.419,555.7,19.41889,-77.96545,0.0,0,-1.0,-1.0,-1.0,-1.0,-1.0,0.0,0.0,0.0,0.0
1791579239.19,2544781.5,1246.1,2941.1,1357.4,-56.3,175.3,56.3,89.79,267.48,-136.14,324.85,1297.93,847.637354,64301.8,0.95,3105.9,-598578.6,302263.7,0.9953,19.419,555.6,19.41888,-77.96544,0.0,0,-1.0,-1.0,-1.0,-1.0,-1.0,0.0,0.0,0.0,0.0
1791579239.7,2544781.7,1246.7,2931.0,1347.2,-56.4,175.3,56.4,89.79,274.67,-141.59,324.85,1305.34,848.761912,64407.2,0.94,3096.5,-598578.7,302258.9,0.9953,19.419,555.6,19.41888,-77.96544,0.0,0,-1.0,-1.0,-1.0,-1.0,-1.0,0.0,0.0,0.0,0.0
1791579240.2,2544782.2,1247.2,2905.0,1321.2,-56.7,175.4,56.7,89.78,275.41,-137.95,324.84,1321.04,851.651953,64678.1,0.94,3071.9,-598578.9,302246.5,0.9953,19.419,555.6,19.41888,-77.96543,0.0,0,-1.0,-1.0,-1.0,-1.0,-1.0,0.0,0.0,0.0,0.0
1791579240.7,2544782.6,1247.7,2880.1,1296.3,-56.5,175.3,56.5,89.77,258.33,-116.54,324.83,1316.53,854.423282,64938.1,1.03,3045.9,-598579.2,302233.4,0.9953,19.419,555.5,19.41887,-77.96542,0.0,0,-1.0,-1.0,-1.0,-1.0,-1.0,0.0,0.0,0.0,0.0
1791579241.21,2544783.2,1248.2,2849.6,1265.9,-56.3,175.3,56.3,89.76,253.83,-107.23,324.82,1314.17,857.822741,65257.3,1.01,3014.5,-598579.5,302217.5,0.9953,19.419,555.5,19.41887,-77.96541,0.0,0,-1.0,-1.0,-1.0,-1.0,-1.0,0.0,0.0,0.0,0.0
1791579241.71,2544783.7,1248.7,2821.5,1237.7,-56.3,175.2,56.3,89.76,270.46,-119.32,324.81,1317.45,860.972083,65553.3,0.99,2986.2,-598579.7,302203.2,0.9953,19.419,555.4,19.41887,-77.9654,0.0,0,-1.0,-1.0,-1.0,-1.0,-1.0,0.0,0.0,0.0,0.0
1791579242.21,2544784.2,1249.2,2793.4,1209.6,-56.3,175.2,56.3,89.75,278.83,-123.22,324.8,1320.97,864.129523,65850.3,0.98,2957.9,-598580.0,302188.9,0.9953,19.419,555.4,19.41886,-77.96539,0.0,0,-1.0,-1.0,-1.0,-1.0,-1.0,0.0,0.0,0.0,0.0
1791579242.71,2544784.7,1249.7,2765.3,1181.5,-56.3,175.2,56.3,89.74,268.13,-108.14,324.8,1327.22,867.294742,66148.4,0.97,2929.9,-598580.3,302174.8,0.9953,19.419,555.4,19.41886,-77.96539,0.0,0,-1.0,-1.0,-1.0,-1.0,-1.0,0.0,0.0,0.0,0.0
1791579243.21,2544785.2,1250.2,2737.2,1153.4,-56.0,175.1,56.0,89.73,261.67,-97.36,324.79,1319.4,870.469321,66447.5,1.07,2900.2,-598580.6,302159.8,0.9953,19.419,555.3,19.41885,-77.96538,0.0,0,-1.0,-1.0,-1.0,-1.0,-1.0,0.0,0.0,0.0,0.0
1791579243.72,2544785.7,1250.7,2709.2,1125.4,-56.0,175.1,56.0,89.74,272.45,-103.91,324.78,1324.56,873.637768,66746.3,0.97,2872.3,-598580.8,302145.7,0.9953,19.419,555.3,19.41885,-77.96537,0.0,0,-1.0,-1.0,-1.0,-1.0,-1.0,0.0,0.0,0.0,0.0
1791579244.22,2544786.2,1251.2,2681.1,1097.3,-56.3,175.2,56.3,89.73,281.58,-108.86,324.77,1342.83,876.828031,67047.5,0.93,2845.8,-598581.1,302132.4,0.9953,19.419,555.3,19.41885,-77.96536,0.0,0,-1.0,-1.0,-1.0,-1.0,-1.0,0.0,0.0,0.0,0.0
1791579244.72,2544786.7,1251.7,2652.9,1069.1,-56.2,175.2,56.2,89.72,276.36,-99.55,324.76,1341.92,880.03465,67350.4,1.03,2817.0,-598581.4,302117.8,0.9953,19.419,555.2,19.41884,-77.96535,0.0,0,-1.0,-1.0,-1.0,-1.0,-1.0,0.0,0.0,0.0,0.0
1791579245.22,2544787.1,1252.2,2628.3,1044.5,-55.9,175.0,55.9,89.72,270.02,-89.66,324.76,1329.74,882.846609,67616.3,1.06,2790.3,-598581.6,302104.3,0.9953,19.419,555.2,19.41884,-77.96534,0.0,0,-1.0,-1.0,-1.0,-1.0,-1.0,0.0,0.0,0.0,0.0
1791579245.72,2544787.4,1252.7,2613.7,1029.9,-56.0,175.1,56.0,89.72,270.25,-87.82,324.75,1337.82,884.510927,67773.7,0.97,2776.4,-598581.8,302097.3,0.9953,19.419,555.2,19.41884,-77.96534,0.0,0,-1.0,-1.0,-1.0,-1.0,-1.0,0.0,0.0,0.0,0.0
1791579246.23,2544787.9,1253.2,2585.8,1001.9,-55.9,175.0,55.9,89.72,279.1,-92.75,324.74,1338.14,887.715361,68077.1,1.01,2747.9,-598582.0,302083.0,0.9953,19.419,555.1,19.41883,-77.96533,0.0,0,-1.0,-1.0,-1.0,-1.0,-1.0,0.0,0.0,0.0,0.0
1791579246.73,2544788.4,1253.7,2557.9,974.0,-55.8,175.0,55.8,89.71,285.28,-95.07,324.73,1338.32,890.924221,68381.1,1.01,2719.5,-598582.3,302068.6,0.9953,19.419,555.1,19.41883,-77.96532,0.0,0,-1.0,-1.0,-1.0,-1.0,-1.0,0.0,0.0,0.0,0.0
1791579247.23,2544788.9,1254.2,2530.0,946.2,-55.5,174.9,55.5,89.7,280.9,-86.9,324.73,1331.5,894.132766,68685.4,1.03,2690.2,-598582.6,302053.8,0.9953,19.419,555.0,19.41882,-77.96531,0.0,0,-1.0,-1.0,-1.0,-1.0,-1.0,0.0,0.0,0.0,0.0
1791579247.74,2544789.4,1254.7,2501.3,917.4,-55.2,174.8,55.2,89.7,277.37,-79.5,324.72,1319.37,897.456424,69000.8,1.05,2659.4,-598582.9,302038.3,0.9953,19.419,555.0,19.41882,-77.9653,0.0,0,-1.0,-1.0,-1.0,-1.0,-1.0,0.0,0.0,0.0,0.0
1791579248.24,2544789.9,1255.2,2474.9,891.0,-54.8,174.7,54.8,89.71,282.99,-81.61,324.71,1303.42,900.516248,69291.5,1.09,2630.6,-598583.2,302023.7,0.9953,19.419,555.0,19.41882,-77.96529,0.0,0,-1.0,-1.0,-1.0,-1.0,-1.0,0.0,0.0,0.0,0.0
1791579248.74,2544790.4,1255.7,2447.6,863.7,-54.4,174.5,54.4,89.7,289.17,-84.18,324.7,1291.35,903.686036,69592.8,1.05,2601.3,-598583.5,302008.9,0.9953,19.419,554.9,19.41881,-77.96528,0.0,0,-1.0,-1.0,-1.0,-1.0,-1.0,0.0,0.0,0.0,0.0
1791579249.24,2544790.8,1256.2,2423.6,839.8,-54.5,174.6,54.5,89.69,287.78,-79.67,324.69,1299.7,906.477309,69858.4,0.96,2577.9,-598583.7,301997.1,0.9953,19.419,554.9,19.41881,-77.96527,0.0,0,-1.0,-1.0,-1.0,-1.0,-1.0,0.0,0.0,0.0,0.0
1791579249.74,2544791.3,1256.7,2397.6,813.7,-54.2,174.5,54.2,89.69,283.96,-72.36,324.69,1289.66,909.523724,70148.4,1.05,2550.1,-598584.0,301983.1,0.9953,19.419,554.8,19.4188,-77.96527,0.0,0,-1.0,-1.0,-1.0,-1.0,-1.0,0.0,0.0,0.0,0.0
1791579250.29,2544791.8,1257.2,2369.3,785.4,-54.2,174.4,54.2,89.7,286.11,-71.08,324.68,1291.63,912.829307,70463.4,1.02,2521.6,-598584.2,301968.7,0.9953,19.419,554.8,19.4188,-77.96526,0.0,0,-1.0,-1.0,-1.0,-1.0,-1.0,0.0,0.0,0.0,0.0
1791579250.8,2544792.3,1257.7,2341.3,757.4,-53.7,174.3,53.7,89.69,292.58,-74.05,324.67,1276.74,916.119278,70777.2,1.06,2491.2,-598584.5,301953.4,0.9953,19.419,554.8,19.4188,-77.96525,0.0,0,-1.0,-1.0,-1.0,-1.0,-1.0,0.0,0.0,0.0,0.0
1791579251.3,2544792.8,1258.2,2314.4,730.5,-53.7,174.3,53.7,89.69,293.44,-71.59,324.66,1276.81,919.287894,71079.6,1.03,2463.8,-598584.8,301939.5,0.9953,19.419,554.7,19.41879,-77.96524,0.0,0,-1.0,-1.0,-1.0,-1.0,-1.0,0.0,0.0,0.0,0.0
1791579251.8,2544793.3,1258.8,2288.0,704.1,-51.1,173.5,51.1,89.7,290.2,-65.09,324.65,1162.1,922.405319,71377.4,1.6,2423.6,-598585.2,301919.2,0.9953,19.419,554.7,19.41879,-77.96523,0.0,0,-1.0,-1.0,-1.0,-1.0,-1.0,0.0,0.0,0.0,0.0
1791579252.3,2544793.8,1259.3,2264.1,680.2,-44.1,171.5,44.1,89.71,294.91,-66.47,324.64,868.03,925.23101,71647.5,2.51,2365.3,-598585.8,301889.7,0.9953,19.419,554.6,19.41878,-77.96522,0.0,0,-1.0,-1.0,-1.0,-1.0,-1.0,0.0,0.0,0.0,0.0
1791579252.8,2544794.3,1259.8,2246.2,662.3,-37.1,169.8,37.1,89.7,295.91,-64.8,324.64,616.52,927.355967,71850.8,2.61,2318.1,-598586.4,301865.9,0.9953,19.419,554.5,19.41878,-77.96522,0.0,0,-1.0,-1.0,-1.0,-1.0,-1.0,0.0,0.0,0.0,0.0
1791579253.31,2544794.7,1260.3,2230.6,646.7,-28.3,168.1,28.3,89.71,295.58,-61.44,324.63,358.38,929.213556,72028.6,2.87,2272.6,-598587.1,301842.8,0.9953,19.419,554.5,19.41878,-77.96521,0.0,0,-1.0,-1.0,-1.0,-1.0,-1.0,0.0,0.0,0.0,0.0
1791579253.81,2544795.3,1260.8,2218.3,634.4,-19.1,166.7,19.1,89.73,300.64,-63.23,324.62,163.36,930.669792,72168.0,2.85,2237.9,-598587.8,301825.1,0.9953,19.419,554.4,19.41878,-77.96521,0.0,0,-1.0,-1.0,-1.0,-1.0,-1.0,0.0,0.0,0.0,0.0
1791579254.31,2544795.6,1261.3,2213.0,629.1,-14.8,166.3,14.8,89.74,301.91,-62.5,324.61,98.84,931.307747,72229.1,2.39,2225.1,-598588.1,301818.5,0.9953,19.419,554.4,19.41878,-77.96521,0.0,0,-1.0,-1.0,-1.0,-1.0,-1.0,0.0,0.0,0.0,0.0
1791579254.82,2544796.1,1261.8,2206.7,622.8,-10.7,166.0,10.7,89.77,306.58,-64.04,324.61,51.92,932.055741,72300.8,1.78,2213.5,-598588.4,301812.5,0.9953,19.419,554.4,19.41877,-77.96521,0.0,0,-1.0,-1.0,-1.0,-1.0,-1.0,0.0,0.0,0.0,0.0
1791579255.32,2544796.6,1262.3,2201.9,618.0,-8.9,165.8,8.9,89.79,314.42,-68.75,324.6,35.75,932.628494,72355.6,1.32,2206.8,-598588.6,301809.1,0.9953,19.419,554.4,19.41877,-77.96521,0.0,0,-1.0,-1.0,-1.0,-1.0,-1.0,0.0,0.0,0.0,0.0
1791579255.82,2544797.1,1262.8,2197.5,613.6,-8.6,165.8,8.6,89.8,321.17,-72.38,324.59,33.51,933.149778,72405.6,1.04,2202.2,-598588.7,301806.7,0.9953,19.419,554.4,19.41877,-77.96521,0.0,0,-1.0,-1.0,-1.0,-1.0,-1.0,0.0,0.0,0.0,0.0
1791579256.32,2544797.6,1263.3,2193.3,609.4,-8.1,165.8,8.1,89.81,324.84,-72.92,324.58,29.89,933.649635,72453.5,1.09,2197.6,-598588.7,301804.4,0.9953,19.419,554.3,19.41877,-77.96521,0.0,0,-1.0,-1.0,-1.0,-1.0,-1.0,0.0,0.0,0.0,0.0
1791579256.82,2544798.1,1263.8,2189.2,605.3,-8.2,165.8,8.2,89.81,327.05,-72.01,324.57,30.66,934.13728,72500.2,0.97,2193.6,-598588.8,301802.4,0.9953,19.419,554.3,19.41877,-77.96521,0.0,0,-1.0,-1.0,-1.0,-1.0,-1.0,0.0,0.0,0.0,0.0
1791579257.33,2544798.6,1264.3,2185.1,601.2,-8.2,165.8,8.2,89.81,329.42,-71.26,324.56,30.39,934.628201,72547.3,1.0,2189.4,-598588.8,301800.3,0.9953,19.419,554.3,19.41877,-77.9652,0.0,0,-1.0,-1.0,-1.0,-1.0,-1.0,0.0,0.0,0.0,0.0
1791579257.83,2544799.1,1264.8,2180.8,596.9,-8.4,165.8,8.4,89.81,331.72,-70.32,324.56,31.89,935.146175,72596.9,0.96,2185.2,-598588.9,301798.2,0.9953,19.419,554.3,19.41877,-77.9652,0.0,0,-1.0,-1.0,-1.0,-1.0,-1.0,0.0,0.0,0.0,0.0
1791579258.33,2544799.6,1265.3,2176.7,592.8,-8.1,165.8,8.1,89.81,333.3,-68.78,324.55,29.41,935.638784,72644.2,1.07,2180.8,-598588.9,301796.0,0.9953,19.419,554.3,19.41877,-77.9652,0.0,0,-1.0,-1.0,-1.0,-1.0,-1.0,0.0,0.0,0.0,0.0
1791579258.83,2544800.1,1265.8,2172.7,588.8,-7.8,165.8,7.8,89.81,334.76,-67.12,324.54,27.36,936.111754,72689.5,1.05,2176.6,-598589.0,301793.8,0.9953,19.419,554.3,19.41877,-77.9652,0.0,0,-1.0,-1.0,-1.0,-1.0,-1.0,0.0,0.0,0.0,0.0
1791579259.34,2544800.6,1266.3,2168.8,584.9,-7.9,165.8,7.9,89.81,336.58,-65.83,324.53,27.87,936.577462,72734.2,0.96,2172.8,-598589.0,301791.9,0.9953,19.419,554.3,19.41877,-77.9652,0.0,0,-1.0,-1.0,-1.0,-1.0,-1.0,0.0,0.0,0.0,0.0
1791579259.84,2544801.1,1266.8,2164.8,580.9,-8.1,165.8,8.1,89.81,338.41,-64.54,324.52,29.75,937.05785,72780.3,0.93,2169.0,-598589.0,301790.0,0.9953,19.419,554.3,19.41877,-77.9652,0.0,0,-1.0,-1.0,-1.0,-1.0,-1.0,0.0,0.0,0.0,0.0
1791579260.34,2544801.6,1267.3,2160.8,576.9,-8.1,165.8,8.1,89.81,339.83,-62.85,324.51,29.83,937.54073,72826.6,0.96,2165.0,-598589.1,301787.9,0.9953,19.419,554.3,19.41877,-77.9652,0.0,0,-1.0,-1.0,-1.0,-1.0,-1.0,0.0,0.0,0.0,0.0
1791579260.84,2544802.1,1267.8,2156.8,572.8,-8.0,165.8,8.0,89.81,341.15,-61.05,324.51,29.03,938.020222,72872.6,1.0,2160.9,-598589.1,301785.9,0.9953,19.419,554.3,19.41877,-77.9652,0.0,0,-1.0,-1.0,-1.0,-1.0,-1.0,0.0,0.0,0.0,0.0
1791579261.34,2544802.6,1268.3,2152.7,568.8,-8.2,165.8,8.2,89.81,342.69,-59.48,324.5,30.14,938.510316,72919.6,0.98,2156.9,-598589.2,301783.9,0.9953,19.419,554.3,19.41877,-77.9652,0.0,0,-1.0,-1.0,-1.0,-1.0,-1.0,0.0,0.0,0.0,0.0
1791579261.84,2544803.1,1268.8,2148.6,564.6,-8.2,165.8,8.2,89.81,344.26,-57.95,324.49,30.58,939.003294,72966.9,0.98,2152.8,-598589.2,301781.8,0.9953,19.419,554.3,19.41876,-77.9652,0.0,0,-1.0,-1.0,-1.0,-1.0,-1.0,0.0,0.0,0.0,0.0
1791579262.35,2544803.6,1269.3,2144.5,560.6,-8.1,165.8,8.1,89.81,345.74,-56.32,324.48,29.79,939.490074,73013.6,1.02,2148.7,-598589.2,301779.7,0.9953,19.419,554.3,19.41876,-77.9652,0.0,0,-1.0,-1.0,-1.0,-1.0,-1.0,0.0,0.0,0.0,0.0
1791579262.85,2544804.1,1269.8,2140.5,556.5,-7.9,165.8,7.9,89.81,347.26,-54.73,324.47,28.42,939.974132,73060.1,1.06,2144.5,-598589.3,301777.6,0.9953,19.419,554.3,19.41876,-77.9652,0.0,0,-1.0,-1.0,-1.0,-1.0,-1.0,0.0,0.0,0.0,0.0
1791579263.35,2544804.6,1270.3,2136.3,552.4,-8.0,165.8,8.0,89.81,348.96,-53.2,324.46,29.38,940.471587,73107.8,0.95,2140.5,-598589.3,301775.6,0.9953,19.419,554.3,19.41876,-77.9652,0.0,0,-1.0,-1.0,-1.0,-1.0,-1.0,0.0,0.0,0.0,0.0
1791579263.85,2544805.1,1270.8,2132.4,548.5,-7.7,165.8,7.7,89.81,350.6,-51.73,324.46,26.92,940.942011,73153.0,1.06,2136.3,-598589.3,301773.5,0.9953,19.419,554.3,19.41876,-77.9652,0.0,0,-1.0,-1.0,-1.0,-1.0,-1.0,0.0,0.0,0.0,0.0
1791579264.35,2544805.6,1271.3,2128.5,544.6,-8.0,165.8,8.0,89.81,352.22,-50.25,324.45,28.82,941.413004,73198.2,0.92,2132.5,-598589.4,301771.6,0.9953,19.419,554.3,19.41876,-77.9652,0.0,0,-1.0,-1.0,-1.0,-1.0,-1.0,0.0,0.0,0.0,0.0
1791579264.86,2544806.1,1271.8,2124.5,540.6,-8.0,165.8,8.0,89.81,353.77,-48.69,324.44,29.33,941.890258,73244.1,0.96,2128.6,-598589.4,301769.6,0.9953,19.419,554.3,19.41876,-77.9652,0.0,0,-1.0,-1.0,-1.0,-1.0,-1.0,0.0,0.0,0.0,0.0
1791579265.36,2544806.6,1272.3,2120.4,536.5,-8.2,165.8,8.2,89.81,355.2,-47.02,324.43,30.35,942.377431,73290.9,0.97,2124.7,-598589.5,301767.6,0.9953,19.419,554.2,19.41876,-77.9652,0.0,0,-1.0,-1.0,-1.0,-1.0,-1.0,0.0,0.0,0.0,0.0
1791579265.86,2544807.1,1272.8,2116.3,532.4,-8.4,165.8,8.4,89.81,356.57,-45.29,324.42,31.81,942.876332,73338.8,0.96,2120.7,-598589.5,301765.6,0.9953,19.419,554.2,19.41876,-77.9652,0.0,0,-1.0,-1.0,-1.0,-1.0,-1.0,0.0,0.0,0.0,0.0
1791579266.36,2544807.6,1273.3,2112.2,528.3,-8.0,165.8,8.0,89.81,357.97,-43.59,324.41,29.29,943.369053,73386.1,1.07,2116.3,-598589.5,301763.4,0.9953,19.419,554.2,19.41876,-77.9652,0.0,0,-1.0,-1.0,-1.0,-1.0,-1.0,0.0,0.0,0.0,0.0
1791579266.86,2544808.1,1273.8,2108.0,524.1,-8.2,165.8,8.2,89.81,359.6,-42.0,324.41,30.52,943.875053,73434.7,0.94,2112.3,-598589.6,301761.3,0.9953,19.419,554.2,19.41876,-77.9652,0.0,0,-1.0,-1.0,-1.0,-1.0,-1.0,0.0,0.0,0.0,0.0
1791579267.37,2544808.6,1274.3,2103.9,520.0,-8.0,165.8,8.0,89.81,1.24,-40.55,324.4,29.47,944.364939,73481.8,1.03,2108.1,-598589.6,301759.2,0.9953,19.419,554.2,19.41876,-77.9652,0.0,0,-1.0,-1.0,-1.0,-1.0,-1.0,0.0,0.0,0.0,0.0
1791579267.87,2544809.1,1274.8,2100.0,516.1,-7.7,165.8,7.7,89.82,2.78,-38.99,324.39,27.36,944.839596,73527.4,1.05,2103.9,-598589.7,301757.1,0.9953,19.419,554.2,19.41876,-77.9652,0.0,0,-1.0,-1.0,-1.0,-1.0,-1.0,0.0,0.0,0.0,0.0
1791579268.37,2544809.6,1275.3,2096.0,512.1,-8.0,165.8,8.0,89.82,4.42,-37.54,324.38,29.47,945.313758,73573.0,0.91,2100.2,-598589.7,301755.2,0.9953,19.419,554.2,19.41876,-77.9652,0.0,0,-1.0,-1.0,-1.0,-1.0,-1.0,0.0,0.0,0.0,0.0
1791579268.87,2544810.2,1275.8,2092.0,508.1,-8.1,165.8,8.1,89.82,6.02,-36.04,324.37,29.56,945.804184,73620.1,0.99,2096.1,-598589.7,301753.2,0.9953,19.419,554.2,19.41876,-77.9652,0.0,0,-1.0,-1.0,-1.0,-1.0,-1.0,0.0,0.0,0.0,0.0
1791579269.38,2544810.6,1276.3,2087.9,504.0,-8.1,165.8,8.1,89.82,7.39,-34.32,324.36,29.73,946.288622,73666.7,0.98,2092.1,-598589.8,301751.2,0.9953,19.419,554.2,19.41876,-77.9652,0.0,0,-1.0,-1.0,-1.0,-1.0,-1.0,0.0,0.0,0.0,0.0
1791579269.88,2544811.2,1276.8,2083.7,499.7,-8.4,165.8,8.4,89.82,8.87,-32.58,324.35,31.94,946.805834,73716.4,0.94,2088.1,-598589.8,301749.1,0.9953,19.419,554.2,19.41875,-77.9652,0.0,0,-1.0,-1.0,-1.0,-1.0,-1.0,0.0,0.0,0.0,0.0
1791579270.38,2544811.7,1277.3,2079.5,495.6,-8.3,165.8,8.3,89.83,10.33,-30.96,324.35,31.84,947.305629,73764.5,0.99,2083.9,-598589.8,301747.0,0.9953,19.419,554.2,19.41875,-77.9652,0.0,0,-1.0,-1.0,-1.0,-1.0,-1.0,0.0,0.0,0.0,0.0
1791579270.88,2544812.2,1277.8,2075.4,491.5,-8.2,165.8,8.2,89.83,11.8,-29.34,324.34,30.96,947.802796,73812.3,1.0,2079.7,-598589.9,301744.9,0.9953,19.419,554.2,19.41875,-77.9652,0.0,0,-1.0,-1.0,-1.0,-1.0,-1.0,0.0,0.0,0.0,0.0
1791579271.39,2544812.7,1278.3,2071.3,487.4,-7.9,165.8,7.9,89.83,13.34,-27.79,324.33,28.71,948.291003,73859.3,1.05,2075.4,-598589.9,301742.7,0.9953,19.419,554.2,19.41875,-77.9652,0.0,0,-1.0,-1.0,-1.0,-1.0,-1.0,0.0,0.0,0.0,0.0
1791579271.89,2544813.2,1278.8,2067.5,483.6,-7.7,165.7,7.7,89.84,15.01,-26.38,324.32,27.27,948.760842,73904.4,1.02,2071.3,-598590.0,301740.7,0.9953,19.419,554.2,19.41875,-77.9652,0.0,0,-1.0,-1.0,-1.0,-1.0,-1.0,0.0,0.0,0.0,0.0
1791579272.39,2544813.7,1279.3,2063.6,479.7,-7.9,165.8,7.9,89.84,16.81,-25.08,324.31,28.56,949.230482,73949.6,0.95,2067.6,-598590.0,301738.8,0.9953,19.419,554.2,19.41875,-77.9652,0.0,0,-1.0,-1.0,-1.0,-1.0,-1.0,0.0,0.0,0.0,0.0
1791579272.89,2544814.2,1279.8,2059.7,475.8,-7.8,165.7,7.8,89.84,18.42,-23.61,324.3,27.54,949.703574,73995.1,1.02,2063.6,-598590.0,301736.8,0.9953,19.419,554.2,19.41875,-77.9652,0.0,0,-1.0,-1.0,-1.0,-1.0,-1.0,0.0,0.0,0.0,0.0
1791579273.39,2544814.7,1280.3,2055.8,471.9,-7.8,165.7,7.8,89.84,19.85,-21.96,324.3,27.83,950.174829,74040.5,0.98,2059.7,-598590.1,301734.8,0.9953,19.419,554.2,19.41875,-77.9652,0.0,0,-1.0,-1.0,-1.0,-1.0,-1.0,0.0,0.0,0.0,0.0
1791579273.89,2544815.2,1280.8,2051.8,467.9,-8.1,165.8,8.1,89.85,21.33,-20.36,324.29,30.22,950.655673,74086.8,0.91,2056.0,-598590.1,301732.9,0.9953,19.419,554.2,19.41875,-77.9652,0.0,0,-1.0,-1.0,-1.0,-1.0,-1.0,0.0,0.0,0.0,0.0
1791579274.4,2544815.7,1281.3,2047.7,463.8,-8.1,165.8,8.1,89.85,22.76,-18.71,324.28,30.06,951.148697,74134.2,0.99,2051.9,-598590.1,301730.9,0.9953,19.419,554.1,19.41875,-77.9652,0.0,0,-1.0,-1.0,-1.0,-1.0,-1.0,0.0,0.0,0.0,0.0
1791579274.9,2544816.1,1281.8,2043.9,460.0,-8.0,165.8,8.0,89.85,24.04,-17.04,324.27,29.71,951.615124,74179.1,0.98,2048.0,-598590.2,301728.9,0.9953,19.419,554.1,19.41875,-77.9652,0.0,0,-1.0,-1.0,-1.0,-1.0,-1.0,0.0,0.0,0.0,0.0
1791579275.4,2544816.6,1282.4,2040.0,456.1,-8.1,165.8,8.1,89.86,25.46,-15.5,324.26,30.35,952.086254,74224.5,0.99,2044.2,-598590.2,301727.0,0.9953,19.419,554.1,19.41875,-77.9652,0.0,0,-1.0,-1.0,-1.0,-1.0,-1.0,0.0,0.0,0.0,0.0
1791579275.9,2544817.1,1282.9,2035.9,452.0,-8.2,165.8,8.2,89.86,26.99,-13.95,324.26,30.65,952.580967,74272.1,1.0,2040.1,-598590.2,301724.9,0.9953,19.419,554.1,19.41875,-77.9652,0.0,0,-1.0,-1.0,-1.0,-1.0,-1.0,0.0,0.0,0.0,0.0
1791579276.4,2544817.6,1283.4,2031.9,448.0,-7.9,165.7,7.9,89.86,28.47,-12.35,324.25,28.62,953.066733,74318.9,1.04,2035.9,-598590.3,301722.8,0.9953,19.419,554.1,19.41875,-77.9652,0.0,0,-1.0,-1.0,-1.0,-1.0,-1.0,0.0,0.0,0.0,0.0
1791579276.9,2544818.1,1283.9,2028.0,444.1,-7.8,165.7,7.8,89.87,30.03,-10.85,324.24,27.63,953.537918,74364.3,1.01,2031.9,-598590.3,301720.8,0.9953,19.419,554.1,19.41875,-77.9652,0.0,0,-1.0,-1.0,-1.0,-1.0,-1.0,0.0,0.0,0.0,0.0
1791579277.41,2544818.6,1284.4,2024.0,440.1,-8.0,165.7,8.0,89.87,31.77,-9.51,324.23,29.64,954.016286,74410.3,0.93,2028.2,-598590.4,301718.9,0.9953,19.419,554.1,19.41875,-77.9652,0.0,0,-1.0,-1.0,-1.0,-1.0,-1.0,0.0,0.0,0.0,0.0
1791579277.91,2544819.1,1284.9,2020.0,436.1,-8.0,165.7,8.0,89.87,33.3,-7.97,324.22,29.29,954.505183,74457.4,1.0,2024.1,-598590.4,301716.9,0.9953,19.419,554.1,19.41874,-77.9652,0.0,0,-1.0,-1.0,-1.0,-1.0,-1.0,0.0,0.0,0.0,0.0
1791579278.41,2544819.6,1285.4,2016.0,432.1,-8.1,165.7,8.1,89.88,34.56,-6.16,324.21,30.23,954.990047,74504.2,0.94,2020.2,-598590.4,301714.9,0.9953,19.419,554.1,19.41874,-77.9652,0.0,0,-1.0,-1.0,-1.0,-1.0,-1.0,0.0,0.0,0.0,0.0
1791579278.91,2544820.1,1285.9,2011.8,427.9,-8.1,165.7,8.1,89.88,36.02,-4.42,324.21,30.36,955.506975,74554.0,0.99,2016.0,-598590.5,301712.7,0.9953,19.419,554.1,19.41874,-77.9652,0.0,0,-1.0,-1.0,-1.0,-1.0,-1.0,0.0,0.0,0.0,0.0
1791579279.41,2544820.6,1286.4,2007.8,423.9,-7.9,165.7,7.9,89.89,34.67,0.0,324.2,28.7,955.990455,74600.6,1.02,2011.8,-598590.5,301710.6,0.9953,19.419,554.1,19.41874,-77.9652,0.0,0,-1.0,-1.0,-1.0,-1.0,-1.0,0.0,0.0,0.0,0.0
1791579279.92,2544821.1,1286.9,2003.9,420.0,-7.6,165.7,7.6,89.89,37.73,0.0,324.19,26.79,956.459757,74645.8,1.04,2007.7,-598590.6,301708.6,0.9953,19.419,554.1,19.41874,-77.9652,0.0,0,-1.0,-1.0,-1.0,-1.0,-1.0,0.0,0.0,0.0,0.0
1791579280.42,2544821.6,1287.4,2000.1,416.2,-7.7,165.7,7.7,89.9,40.8,0.0,324.18,27.45,956.927905,74690.9,0.97,2003.9,-598590.6,301706.7,0.9953,19.419,554.1,19.41874,-77.9652,0.0,0,-1.0,-1.0,-1.0,-1.0,-1.0,0.0,0.0,0.0,0.0
1791579280.92,2544822.1,1287.9,1996.3,412.4,-7.5,165.7,7.5,89.9,43.86,0.0,324.17,26.11,957.389631,74735.4,1.03,2000.0,-598590.6,301704.7,0.9953,19.419,554.1,19.41874,-77.9652,0.0,0,-1.0,-1.0,-1.0,-1.0,-1.0,0.0,0.0,0.0,0.0
1791579281.42,2544822.6,1288.4,1992.5,408.6,-7.7,165.7,7.7,89.9,46.92,0.0,324.16,27.56,957.852786,74780.1,0.94,1996.4,-598590.7,301702.8,0.9953,19.419,554.1,19.41874,-77.9652,0.0,0,-1.0,-1.0,-1.0,-1.0,-1.0,0.0,0.0,0.0,0.0
1791579281.92,2544823.1,1288.9,1988.5,404.6,-8.0,165.7,8.0,89.91,49.98,0.0,324.16,29.41,958.335651,74826.6,0.94,1992.6,-598590.7,301700.9,0.9953,19.419,554.1,19.41874,-77.9652,0.0,0,-1.0,-1.0,-1.0,-1.0,-1.0,0.0,0.0,0.0,0.0
1791579282.42,2544823.6,1289.4,1985.0,401.1,-8.0,165.7,8.0,89.91,52.67,0.0,324.15,29.84,958.762634,74867.8,0.97,1989.1,-598590.7,301699.2,0.9953,19.419,554.1,19.41874,-77.9652,0.0,0,-1.0,-1.0,-1.0,-1.0,-1.0,0.0,0.0,0.0,0.0
1791579282.92,2544823.9,1289.9,1982.1,398.2,-7.8,165.7,7.8,89.92,54.88,0.0,324.14,28.2,959.109315,74901.2,1.05,1986.1,-598590.8,301697.7,0.9953,19.419,554.1,19.41874,-77.9652,0.0,0,-1.0,-1.0,-1.0,-1.0,-1.0,0.0,0.0,0.0,0.0
1791579283.43,2544824.4,1290.4,1978.4,394.5,-8.0,165.7,8.0,89.92,57.81,0.0,324.13,29.33,959.570957,74945.8,0.95,1982.4,-598590.8,301695.8,0.9953,19.419,554.0,19.41874,-77.9652,0.0,0,-1.0,-1.0,-1.0,-1.0,-1.0,0.0,0.0,0.0,0.0
1791579283.93,2544824.9,1290.9,1974.3,390.4,-7.8,165.7,7.8,89.93,60.99,0.0,324.13,28.46,960.070734,74994.0,1.01,1978.2,-598590.8,301693.7,0.9953,19.419,554.0,19.41874,-77.9652,0.0,0,-1.0,-1.0,-1.0,-1.0,-1.0,0.0,0.0,0.0,0.0
1791579284.43,2544825.4,1291.4,1970.5,386.6,-7.8,165.7,7.8,89.93,64.05,0.0,324.12,28.24,960.54756,75040.0,0.99,1974.3,-598590.9,301691.7,0.9953,19.419,554.0,19.41874,-77.9652,0.0,0,-1.0,-1.0,-1.0,-1.0,-1.0,0.0,0.0,0.0,0.0
1791579284.94,2544825.7,1291.9,1968.3,384.4,-8.0,165.7,8.0,89.94,65.64,0.0,324.11,29.37,960.796295,75064.0,0.95,1972.4,-598590.9,301690.7,0.9953,19.419,554.0,19.41874,-77.9652,0.0,0,-1.0,-1.0,-1.0,-1.0,-1.0,0.0,0.0,0.0,0.0
1791579285.44,2544825.7,1292.4,1968.3,384.4,-8.0,165.7,8.0,89.94,65.64,0.0,324.11,29.37,960.796295,75064.0,0.95,1972.4,-598590.9,301690.7,0.9953,19.419,554.0,19.41874,-77.9652,0.0,0,-1.0,-1.0,-1.0,-1.0,-1.0,0.0,0.0,0.0,0.0
1791579285.94,2544825.7,1292.9,1968.0,384.1,-8.0,165.7,8.0,89.94,65.88,0.0,324.11,29.44,960.835291,75067.7,0.95,1972.1,-598590.9,301690.6,0.9953,19.419,554.0,19.41874,-77.9652,0.0,0,-1.0,-1.0,-1.0,-1.0,-1.0,0.0,0.0,0.0,0.0
1791579286.45,2544825.7,1293.4,1968.0,384.1,-8.0,165.7,8.0,89.94,65.88,0.0,324.11,29.44,960.835291,75067.7,0.95,1972.1,-598590.9,301690.6,0.9953,19.419,554.0,19.41874,-77.9652,0.0,0,-1.0,-1.0,-1.0,-1.0,-1.0,0.0,0.0,0.0,0.0
1791579286.95,2544825.8,1293.9,1967.7,383.8,-8.0,165.7,8.0,89.93,66.13,0.0,324.11,29.39,960.874178,75071.5,0.95,1971.7,-598590.9,301690.4,0.9953,19.419,554.0,19.41874,-77.9652,0.0,0,-1.0,-1.0,-1.0,-1.0,-1.0,0.0,0.0,0.0,0.0
1791579287.45,2544825.8,1294.4,1967.7,383.8,-8.0,165.7,8.0,89.93,66.13,0.0,324.11,29.39,960.874178,75071.5,0.95,1971.7,-598590.9,301690.4,0.9953,19.419,554.0,19.41874,-77.9652,0.0,0,-1.0,-1.0,-1.0,-1.0,-1.0,0.0,0.0,0.0,0.0
1791579287.95,2544825.8,1294.9,1967.3,383.5,-7.9,165.7,7.9,89.94,66.37,0.0,324.11,29.27,960.912967,75075.2,0.95,1971.4,-598590.9,301690.3,0.9953,19.419,554.0,19.41874,-77.9652,0.0,0,-1.0,-1.0,-1.0,-1.0,-1.0,0.0,0.0,0.0,0.0
1791579288.45,2544825.8,1295.4,1967.3,383.5,-7.9,165.7,7.9,89.94,66.37,0.0,324.11,29.27,960.912967,75075.2,0.95,1971.4,-598590.9,301690.3,0.9953,19.419,554.0,19.41874,-77.9652,0.0,0,-1.0,-1.0,-1.0,-1.0,-1.0,0.0,0.0,0.0,0.0
1791579288.96,2544825.9,1295.9,1967.0,383.1,-7.9,165.7,7.9,89.94,66.62,0.0,324.11,29.12,960.951668,75079.0,0.96,1971.1,-598590.9,301690.1,0.9953,19.419,554.0,19.41874,-77.9652,0.0,0,-1.0,-1.0,-1.0,-1.0,-1.0,0.0,0.0,0.0,0.0
1791579289.46,2544825.9,1296.4,1967.0,383.1,-7.9,165.7,7.9,89.94,66.62,0.0,324.11,29.12,960.951668,75079.0,0.96,1971.1,-598590.9,301690.1,0.9953,19.419,554.0,19.41874,-77.9652,0.0,0,-1.0,-1.0,-1.0,-1.0,-1.0,0.0,0.0,0.0,0.0
1791579289.97,2544825.9,1296.9,1966.7,382.8,-7.9,165.7,7.9,89.94,66.86,0.0,324.11,28.96,960.99026,75082.7,0.96,1970.7,-598590.9,301689.9,0.9953,19.419,554.0,19.41874,-77.9652,0.0,0,-1.0,-1.0,-1.0,-1.0,-1.0,0.0,0.0,0.0,0.0
1791579290.47,2544825.9,1297.4,1966.7,382.8,-7.9,165.7,7.9,89.94,66.86,0.0,324.11,28.96,960.99026,75082.7,0.96,1970.7,-598590.9,301689.9,0.9953,19.419,554.0,19.41874,-77.9652,0.0,0,-1.0,-1.0,-1.0,-1.0,-1.0,0.0,0.0,0.0,0.0
1791579290.97,2544825.9,1297.9,1966.4,382.5,-7.9,165.7,7.9,89.93,67.1,0.0,324.11,28.79,961.028774,75086.4,0.97,1970.4,-598590.9,301689.8,0.9953,19.419,554.0,19.41874,-77.9652,0.0,0,-1.0,-1.0,-1.0,-1.0,-1.0,0.0,0.0,0.0,0.0
1791579291.47,2544825.9,1298.4,1966.4,382.5,-7.9,165.7,7.9,89.93,67.1,0.0,324.11,28.79,961.028774,75086.4,0.97,1970.4,-598590.9,301689.8,0.9953,19.419,554.0,19.41874,-77.9652,0.0,0,-1.0,-1.0,-1.0,-1.0,-1.0,0.0,0.0,0.0,0.0
1791579291.98,2544826.0,1298.9,1966.1,382.2,-7.9,165.7,7.9,89.93,67.35,0.0,324.11,28.62,961.067179,75090.1,0.97,1970.1,-598590.9,301689.6,0.9953,19.419,554.0,19.41874,-77.9652,0.0,0,-1.0,-1.0,-1.0,-1.0,-1.0,0.0,0.0,0.0,0.0
1791579292.48,2544826.0,1299.4,1966.1,382.2,-7.9,165.7,7.9,89.93,67.35,0.0,324.11,28.62,961.067179,75090.1,0.97,1970.1,-598590.9,301689.6,0.9953,19.419,554.0,19.41874,-77.9652,0.0,0,-1.0,-1.0,-1.0,-1.0,-1.0,0.0,0.0,0.0,0.0
1791579292.98,2544826.0,1299.9,1965.8,381.9,-7.8,165.7,7.8,89.94,67.59,0.0,324.11,28.47,961.105389,75093.8,0.99,1969.8,-598590.9,301689.4,0.9953,19.419,554.0,19.41874,-77.9652,0.0,0,-1.0,-1.0,-1.0,-1.0,-1.0,0.0,0.0,0.0,0.0
1791579293.48,2544826.0,1300.4,1965.8,381.9,-7.8,165.7,7.8,89.94,67.59,0.0,324.11,28.47,961.105389,75093.8,0.99,1969.8,-598590.9,301689.4,0.9953,19.419,554.0,19.41874,-77.9652,0.0,0,-1.0,-1.0,-1.0,-1.0,-1.0,0.0,0.0,0.0,0.0
1791579293.98,2544826.1,1300.9,1965.5,381.6,-7.8,165.7,7.8,89.93,67.84,0.0,324.11,28.34,961.143608,75097.5,1.02,1969.4,-598590.9,301689.3,0.9953,19.419,554.0,19.41874,-77.9652,0.0,0,-1.0,-1.0,-1.0,-1.0,-1.0,0.0,0.0,0.0,0.0
1791579294.49,2544826.1,1301.4,1965.5,381.6,-7.8,165.7,7.8,89.93,67.84,0.0,324.11,28.34,961.143608,75097.5,1.02,1969.4,-598590.9,301689.3,0.9953,19.419,554.0,19.41874,-77.9652,0.0,0,-1.0,-1.0,-1.0,-1.0,-1.0,0.0,0.0,0.0,0.0
1791579294.99,2544826.1,1301.9,1965.1,381.2,-7.8,165.7,7.8,89.94,68.08,0.0,324.11,28.22,961.181728,75101.2,1.03,1969.1,-598590.9,301689.1,0.9953,19.419,554.0,19.41874,-77.9652,0.0,0,-1.0,-1.0,-1.0,-1.0,-1.0,0.0,0.0,0.0,0.0
1791579295.5,2544826.1,1302.4,1965.1,381.2,-7.8,165.7,7.8,89.94,68.08,0.0,324.11,28.22,961.181728,75101.2,1.03,1969.1,-598590.9,301689.1,0.9953,19.419,554.0,19.41874,-77.9652,0.0,0,-1.0,-1.0,-1.0,-1.0,-1.0,0.0,0.0,0.0,0.0
1791579296.0,2544826.1,1302.9,1964.8,380.9,-7.8,165.7,7.8,89.93,68.33,0.0,324.11,28.14,961.21975,75104.8,1.03,1968.8,-598590.9,301688.9,0.9953,19.419,554.0,19.41874,-77.9652,0.0,0,-1.0,-1.0,-1.0,-1.0,-1.0,0.0,0.0,0.0,0.0
1791579296.5,2544826.1,1303.5,1964.8,380.9,-7.8,165.7,7.8,89.93,68.33,0.0,324.11,28.14,961.21975,75104.8,1.03,1968.8,-598590.9,301688.9,0.9953,19.419,554.0,19.41874,-77.9652,0.0,0,-1.0,-1.0,-1.0,-1.0,-1.0,0.0,0.0,0.0,0.0
1791579297.0,2544826.2,1304.0,1964.5,380.6,-7.8,165.7,7.8,89.94,68.57,0.0,324.1,28.09,961.257772,75108.5,1.04,1968.5,-598590.9,301688.8,0.9953,19.419,554.0,19.41874,-77.9652,0.0,0,-1.0,-1.0,-1.0,-1.0,-1.0,0.0,0.0,0.0,0.0
1791579297.5,2544826.2,1304.5,1964.5,380.6,-7.8,165.7,7.8,89.94,68.57,0.0,324.1,28.09,961.257772,75108.5,1.04,1968.5,-598590.9,301688.8,0.9953,19.419,554.0,19.41874,-77.9652,0.0,0,-1.0,-1.0,-1.0,-1.0,-1.0,0.0,0.0,0.0,0.0
1791579298.01,2544826.2,1305.0,1964.2,380.3,-7.8,165.7,7.8,89.94,68.82,0.0,324.1,28.08,961.295695,75112.2,1.03,1968.1,-598590.9,301688.6,0.9953,19.419,554.0,19.41874,-77.9652,0.0,0,-1.0,-1.0,-1.0,-1.0,-1.0,0.0,0.0,0.0,0.0
1791579298.51,2544826.2,1305.5,1964.2,380.3,-7.8,165.7,7.8,89.94,68.82,0.0,324.1,28.08,961.295695,75112.2,1.03,1968.1,-598590.9,301688.6,0.9953,19.419,554.0,19.41874,-77.9652,0.0,0,-1.0,-1.0,-1.0,-1.0,-1.0,0.0,0.0,0.0,0.0
1791579299.01,2544826.3,1306.0,1963.9,380.0,-7.8,165.7,7.8,89.94,69.06,0.0,324.1,28.13,961.333715,75115.8,1.02,1967.8,-598590.9,301688.5,0.9953,19.419,554.0,19.41874,-77.9652,0.0,0,-1.0,-1.0,-1.0,-1.0,-1.0,0.0,0.0,0.0,0.0
1791579299.52,2544826.3,1306.5,1963.9,380.0,-7.8,165.7,7.8,89.94,69.06,0.0,324.1,28.13,961.333715,75115.8,1.02,1967.8,-598590.9,301688.5,0.9953,19.419,554.0,19.41874,-77.9652,0.0,0,-1.0,-1.0,-1.0,-1.0,-1.0,0.0,0.0,0.0,0.0
1791579300.02,2544826.3,1307.0,1963.6,379.7,-7.8,165.7,7.8,89.94,69.3,0.0,324.1,28.29,961.371832,75119.5,1.01,1967.5,-598590.9,301688.3,0.9953,19.419,554.0,19.41874,-77.9652,0.0,0,-1.0,-1.0,-1.0,-1.0,-1.0,0.0,0.0,0.0,0.0
1791579300.52,2544826.3,1307.5,1963.3,379.4,-7.9,165.7,7.9,89.94,69.55,0.0,324.1,28.67,961.410143,75123.2,0.99,1967.3,-598590.9,301688.2,0.9953,19.419,554.0,19.41874,-77.9652,0.0,0,-1.0,-1.0,-1.0,-1.0,-1.0,0.0,0.0,0.0,0.0
1791579301.03,2544826.9,1308.0,1959.1,375.2,-8.1,165.7,8.1,89.94,72.72,0.0,324.09,30.55,961.917996,75172.2,0.95,1963.3,-598591.0,301686.2,0.9953,19.419,554.0,19.41874,-77.9652,0.0,0,-1.0,-1.0,-1.0,-1.0,-1.0,0.0,0.0,0.0,0.0
1791579301.53,2544827.4,1308.5,1955.1,371.2,-7.9,165.7,7.9,89.95,75.78,0.0,324.08,29.08,962.409117,75219.6,1.06,1959.1,-598591.0,301684.1,0.9953,19.419,554.0,19.41873,-77.96519,0.0,0,-1.0,-1.0,-1.0,-1.0,-1.0,0.0,0.0,0.0,0.0
1791579302.03,2544827.9,1309.0,1951.1,367.2,-8.1,165.7,8.1,89.95,78.83,0.0,324.08,30.43,962.898795,75266.9,0.95,1955.3,-598591.0,301682.1,0.9953,19.419,554.0,19.41873,-77.96519,0.0,0,-1.0,-1.0,-1.0,-1.0,-1.0,0.0,0.0,0.0,0.0
1791579302.54,2544828.2,1309.5,1948.5,364.6,-7.9,165.7,7.9,89.96,80.78,0.0,324.07,28.86,963.21074,75297.0,1.05,1952.5,-598591.1,301680.7,0.9953,19.419,554.0,19.41873,-77.96519,0.0,0,-1.0,-1.0,-1.0,-1.0,-1.0,0.0,0.0,0.0,0.0
1791579303.04,2544828.7,1310.0,1944.6,360.7,-7.8,165.7,7.8,89.96,83.83,0.0,324.06,28.03,963.690783,75343.3,1.01,1948.5,-598591.1,301678.7,0.9953,19.419,554.0,19.41873,-77.96519,0.0,0,-1.0,-1.0,-1.0,-1.0,-1.0,0.0,0.0,0.0,0.0
1791579303.54,2544829.2,1310.5,1940.8,356.9,-7.6,165.7,7.6,90.0,86.88,0.0,324.05,27.13,964.159755,75388.6,1.01,1944.6,-598591.1,301676.7,0.9953,19.419,554.0,19.41873,-77.96519,0.0,0,-1.0,-1.0,-1.0,-1.0,-1.0,0.0,0.0,0.0,0.0
1791579304.04,2544829.7,1311.0,1936.9,353.0,-7.7,165.7,7.7,90.0,89.93,0.0,324.05,27.82,964.630236,75434.1,0.97,1940.8,-598591.2,301674.8,0.9953,19.419,554.0,19.41873,-77.96519,0.0,0,-1.0,-1.0,-1.0,-1.0,-1.0,0.0,0.0,0.0,0.0
1791579304.54,2544830.2,1311.5,1933.0,349.1,-7.8,165.7,7.8,89.97,92.98,0.0,324.04,28.06,965.10473,75479.9,0.98,1937.0,-598591.2,301672.9,0.9953,19.419,554.0,19.41873,-77.96519,0.0,0,-1.0,-1.0,-1.0,-1.0,-1.0,0.0,0.0,0.0,0.0
1791579305.04,2544830.7,1312.0,1929.1,345.2,-8.0,165.7,8.0,89.98,96.03,0.0,324.03,29.63,965.582736,75526.1,0.94,1933.2,-598591.3,301671.0,0.9953,19.419,554.0,19.41873,-77.96519,0.0,0,-1.0,-1.0,-1.0,-1.0,-1.0,0.0,0.0,0.0,0.0
1791579305.55,2544830.9,1312.5,1927.4,343.5,-7.9,165.7,7.9,90.0,97.37,0.0,324.03,28.97,965.796772,75546.7,0.96,1931.4,-598591.3,301670.1,0.9953,19.419,554.0,19.41873,-77.96519,0.0,0,-1.0,-1.0,-1.0,-1.0,-1.0,0.0,0.0,0.0,0.0
1791579306.05,2544830.9,1313.0,1927.4,343.5,-7.9,165.7,7.9,90.0,97.37,0.0,324.03,28.97,965.796772,75546.7,0.96,1931.4,-598591.3,301670.1,0.9953,19.419,554.0,19.41873,-77.96519,0.0,0,-1.0,-1.0,-1.0,-1.0,-1.0,0.0,0.0,0.0,0.0
1791579306.55,2544830.9,1313.5,1927.1,343.2,-7.9,165.7,7.9,90.0,97.61,0.0,324.03,28.79,965.835283,75550.5,0.97,1931.1,-598591.3,301669.9,0.9953,19.419,554.0,19.41873,-77.96519,0.0,0,-1.0,-1.0,-1.0,-1.0,-1.0,0.0,0.0,0.0,0.0
1791579307.05,2544830.9,1314.0,1927.1,343.2,-7.9,165.7,7.9,90.0,97.61,0.0,324.03,28.79,965.835283,75550.5,0.97,1931.1,-598591.3,301669.9,0.9953,19.419,554.0,19.41873,-77.96519,0.0,0,-1.0,-1.0,-1.0,-1.0,-1.0,0.0,0.0,0.0,0.0
1791579307.56,2544831.0,1314.5,1926.8,342.9,-7.8,165.7,7.8,90.0,97.86,0.0,324.02,28.61,965.873804,75554.2,0.99,1930.7,-598591.3,301669.7,0.9953,19.419,554.0,19.41873,-77.96519,0.0,0,-1.0,-1.0,-1.0,-1.0,-1.0,0.0,0.0,0.0,0.0
1791579308.06,2544831.0,1315.0,1926.8,342.9,-7.8,165.7,7.8,90.0,97.86,0.0,324.02,28.61,965.873804,75554.2,0.99,1930.7,-598591.3,301669.7,0.9953,19.419,554.0,19.41873,-77.96519,0.0,0,-1.0,-1.0,-1.0,-1.0,-1.0,0.0,0.0,0.0,0.0
1791579308.56,2544831.0,1315.5,1926.5,342.6,-7.8,165.7,7.8,90.0,98.1,0.0,324.02,28.44,965.912021,75557.9,1.02,1930.4,-598591.3,301669.6,0.9953,19.419,554.0,19.41873,-77.96519,0.0,0,-1.0,-1.0,-1.0,-1.0,-1.0,0.0,0.0,0.0,0.0
1791579309.06,2544831.0,1316.0,1926.5,342.6,-7.8,165.7,7.8,90.0,98.1,0.0,324.02,28.44,965.912021,75557.9,1.02,1930.4,-598591.3,301669.6,0.9953,19.419,554.0,19.41873,-77.96519,0.0,0,-1.0,-1.0,-1.0,-1.0,-1.0,0.0,0.0,0.0,0.0
1791579309.56,2544831.1,1316.5,1926.1,342.2,-7.8,165.7,7.8,90.0,98.34,0.0,324.02,28.29,965.950248,75561.6,1.03,1930.1,-598591.3,301669.4,0.9953,19.419,554.0,19.41873,-77.96519,0.0,0,-1.0,-1.0,-1.0,-1.0,-1.0,0.0,0.0,0.0,0.0
1791579310.06,2544831.1,1317.0,1926.1,342.2,-7.8,165.7,7.8,90.0,98.34,0.0,324.02,28.29,965.950248,75561.6,1.03,1930.1,-598591.3,301669.4,0.9953,19.419,554.0,19.41873,-77.96519,0.0,0,-1.0,-1.0,-1.0,-1.0,-1.0,0.0,0.0,0.0,0.0
1791579310.56,2544831.2,1317.5,1925.4,341.5,-7.8,165.7,7.8,90.0,98.95,0.0,324.02,28.03,966.045487,75570.8,1.04,1929.3,-598591.3,301669.0,0.9953,19.419,554.0,19.41873,-77.96519,0.0,0,-1.0,-1.0,-1.0,-1.0,-1.0,0.0,0.0,0.0,0.0
1791579311.07,2544831.6,1318.0,1921.7,337.8,-8.0,165.7,8.0,89.97,101.88,0.0,324.01,29.74,966.488981,75613.6,0.93,1925.8,-598591.3,301667.3,0.9953,19.419,554.0,19.41873,-77.96519,0.0,0,-1.0,-1.0,-1.0,-1.0,-1.0,0.0,0.0,0.0,0.0
1791579311.57,2544832.1,1318.5,1917.6,333.7,-8.1,165.7,8.1,90.0,104.92,0.0,324.0,30.38,967.001838,75663.2,0.96,1921.7,-598591.4,301665.2,0.9953,19.419,554.0,19.41873,-77.96519,0.0,0,-1.0,-1.0,-1.0,-1.0,-1.0,0.0,0.0,0.0,0.0
1791579312.07,2544832.6,1319.0,1913.5,329.6,-8.1,165.7,8.1,90.0,107.96,0.0,324.0,30.83,967.496866,75711.0,0.96,1917.7,-598591.4,301663.2,0.9953,19.419,554.0,19.41873,-77.96519,0.0,0,-1.0,-1.0,-1.0,-1.0,-1.0,0.0,0.0,0.0,0.0
1791579312.57,2544833.1,1319.5,1909.4,325.5,-8.1,165.7,8.1,90.0,111.01,0.0,323.99,30.53,967.99874,75759.5,1.0,1913.6,-598591.4,301661.1,0.9953,19.419,554.0,19.41873,-77.96519,0.0,0,-1.0,-1.0,-1.0,-1.0,-1.0,0.0,0.0,0.0,0.0
1791579313.07,2544833.6,1320.0,1905.5,321.6,-7.9,165.7,7.9,89.98,114.05,0.0,323.98,29.29,968.485353,75806.5,1.0,1909.5,-598591.5,301659.0,0.9953,19.419,553.9,19.41873,-77.96519,0.0,0,-1.0,-1.0,-1.0,-1.0,-1.0,0.0,0.0,0.0,0.0
1791579313.58,2544834.1,1320.5,1901.4,317.5,-8.0,165.7,8.0,90.0,117.09,0.0,323.97,29.88,968.979278,75854.3,0.98,1905.5,-598591.5,301657.0,0.9953,19.419,553.9,19.41873,-77.96519,0.0,0,-1.0,-1.0,-1.0,-1.0,-1.0,0.0,0.0,0.0,0.0
1791579314.08,2544834.6,1321.0,1897.5,313.6,-8.0,165.7,8.0,90.0,120.13,0.0,323.96,29.67,969.467954,75901.5,0.97,1901.5,-598591.5,301655.0,0.9953,19.419,553.9,19.41873,-77.96519,0.0,0,-1.0,-1.0,-1.0,-1.0,-1.0,0.0,0.0,0.0,0.0
1791579314.58,2544835.1,1321.5,1893.5,309.6,-8.0,165.7,8.0,89.97,123.17,0.0,323.95,29.56,969.954157,75948.5,0.97,1897.6,-598591.6,301653.0,0.9953,19.419,553.9,19.41873,-77.96519,0.0,0,-1.0,-1.0,-1.0,-1.0,-1.0,0.0,0.0,0.0,0.0
1791579315.08,2544835.6,1322.0,1889.5,305.6,-7.9,165.7,7.9,89.97,126.21,0.0,323.95,29.33,970.445653,75996.1,1.03,1893.5,-598591.6,301651.0,0.9953,19.419,553.9,19.41872,-77.96519,0.0,0,-1.0,-1.0,-1.0,-1.0,-1.0,0.0,0.0,0.0,0.0
1791579315.58,2544836.1,1322.5,1885.5,301.6,-8.0,165.7,8.0,89.97,129.24,0.0,323.94,30.31,970.932675,76043.2,0.94,1889.7,-598591.7,301649.0,0.9953,19.419,553.9,19.41872,-77.96519,0.0,0,-1.0,-1.0,-1.0,-1.0,-1.0,0.0,0.0,0.0,0.0
1791579316.08,2544836.7,1323.0,1881.3,297.5,-8.0,165.7,8.0,89.96,132.4,0.0,323.93,30.03,971.448127,76093.0,0.99,1885.5,-598591.7,301646.9,0.9953,19.419,553.9,19.41872,-77.96519,0.0,0,-1.0,-1.0,-1.0,-1.0,-1.0,0.0,0.0,0.0,0.0
1791579316.59,2544837.2,1323.5,1877.4,293.5,-8.0,165.7,8.0,89.96,135.44,0.0,323.92,29.84,971.936729,76140.3,0.97,1881.5,-598591.7,301644.9,0.9953,19.419,553.9,19.41872,-77.96519,0.0,0,-1.0,-1.0,-1.0,-1.0,-1.0,0.0,0.0,0.0,0.0
1791579317.09,2544837.7,1324.0,1873.4,289.5,-7.9,165.7,7.9,89.96,138.47,0.0,323.91,29.59,972.429507,76188.0,1.02,1877.4,-598591.8,301642.8,0.9953,19.419,553.9,19.41872,-77.96519,0.0,0,-1.0,-1.0,-1.0,-1.0,-1.0,0.0,0.0,0.0,0.0
1791579317.59,2544838.2,1324.5,1869.5,285.6,-7.7,165.7,7.7,89.95,141.5,0.0,323.9,27.47,972.909439,76234.4,1.05,1873.3,-598591.8,301640.7,0.9953,19.419,553.9,19.41872,-77.96519,0.0,0,-1.0,-1.0,-1.0,-1.0,-1.0,0.0,0.0,0.0,0.0
1791579318.09,2544838.7,1325.0,1865.6,281.7,-7.7,165.7,7.7,89.95,144.53,0.0,323.9,27.87,973.381569,76280.1,0.97,1869.5,-598591.9,301638.8,0.9953,19.419,553.9,19.41872,-77.96519,0.0,0,-1.0,-1.0,-1.0,-1.0,-1.0,0.0,0.0,0.0,0.0
1791579318.6,2544839.2,1325.5,1861.7,277.8,-7.9,165.7,7.9,89.94,147.56,0.0,323.89,29.56,973.865191,76326.9,0.94,1865.8,-598591.9,301636.9,0.9953,19.419,553.9,19.41872,-77.96519,0.0,0,-1.0,-1.0,-1.0,-1.0,-1.0,0.0,0.0,0.0,0.0
1791579319.1,2544839.7,1326.0,1857.7,273.8,-8.1,165.7,8.1,89.94,150.59,0.0,323.88,30.56,974.359433,76374.8,0.99,1861.9,-598591.9,301635.0,0.9953,19.419,553.9,19.41872,-77.96519,0.0,0,-1.0,-1.0,-1.0,-1.0,-1.0,0.0,0.0,0.0,0.0
1791579319.6,2544840.2,1326.6,1853.7,269.8,-7.9,165.7,7.9,89.93,153.74,0.0,323.87,29.39,974.854908,76422.7,1.02,1857.7,-598592.0,301632.9,0.9953,19.419,553.9,19.41872,-77.96519,0.0,0,-1.0,-1.0,-1.0,-1.0,-1.0,0.0,0.0,0.0,0.0
1791579320.1,2544840.7,1327.1,1849.6,265.7,-7.9,165.7,7.9,89.93,156.77,0.0,323.86,29.14,975.363355,76472.0,0.99,1853.6,-598592.0,301630.8,0.9953,19.419,553.9,19.41872,-77.96519,0.0,0,-1.0,-1.0,-1.0,-1.0,-1.0,0.0,0.0,0.0,0.0
1791579320.6,2544841.2,1327.6,1845.6,261.7,-8.1,165.7,8.1,89.92,159.8,0.0,323.85,30.58,975.852991,76519.4,0.93,1849.8,-598592.0,301628.9,0.9953,19.419,553.9,19.41872,-77.96519,0.0,0,-1.0,-1.0,-1.0,-1.0,-1.0,0.0,0.0,0.0,0.0
1791579321.11,2544841.7,1328.1,1841.6,257.7,-7.8,165.7,7.8,89.91,162.82,0.0,323.85,28.59,976.344616,76567.0,1.05,1845.6,-598592.1,301626.7,0.9953,19.419,553.9,19.41872,-77.96519,0.0,0,-1.0,-1.0,-1.0,-1.0,-1.0,0.0,0.0,0.0,0.0
1791579321.61,2544842.2,1328.6,1837.8,253.9,-7.7,165.7,7.7,89.91,165.85,0.0,323.84,27.65,976.818384,76612.9,1.0,1841.6,-598592.1,301624.8,0.9953,19.419,553.9,19.41872,-77.96519,0.0,0,-1.0,-1.0,-1.0,-1.0,-1.0,0.0,0.0,0.0,0.0
1791579322.11,2544842.7,1329.1,1833.9,250.0,-7.8,165.7,7.8,89.91,168.87,0.0,323.83,29.01,977.297663,76659.3,0.95,1837.9,-598592.1,301622.9,0.9953,19.419,553.8,19.41872,-77.96519,0.0,0,-1.0,-1.0,-1.0,-1.0,-1.0,0.0,0.0,0.0,0.0
1791579322.61,2544843.2,1329.6,1829.9,246.0,-8.1,165.7,8.1,89.9,171.89,0.0,323.82,30.95,977.79285,76707.3,0.94,1834.1,-598592.2,301621.0,0.9953,19.419,553.8,19.41872,-77.96519,0.0,0,-1.0,-1.0,-1.0,-1.0,-1.0,0.0,0.0,0.0,0.0
1791579323.11,2544843.7,1330.1,1825.9,242.0,-8.0,165.7,8.0,89.9,174.91,0.0,323.81,30.34,978.288783,76755.3,1.0,1830.0,-598592.2,301618.9,0.9953,19.419,553.8,19.41871,-77.96519,0.0,0,-1.0,-1.0,-1.0,-1.0,-1.0,0.0,0.0,0.0,0.0
1791579323.61,2544844.2,1330.6,1821.8,237.9,-8.2,165.7,8.2,89.89,177.93,0.0,323.8,31.56,978.791137,76804.0,0.96,1826.1,-598592.3,301616.9,0.9953,19.419,553.8,19.41871,-77.96519,0.0,0,-1.0,-1.0,-1.0,-1.0,-1.0,0.0,0.0,0.0,0.0
1791579324.12,2544844.7,1331.1,1817.8,233.9,-7.9,165.7,7.9,89.88,180.95,0.0,323.8,29.5,979.290162,76852.4,1.06,1821.8,-598592.3,301614.8,0.9953,19.419,553.8,19.41871,-77.96519,0.0,0,-1.0,-1.0,-1.0,-1.0,-1.0,0.0,0.0,0.0,0.0
1791579324.62,2544845.2,1331.6,1813.7,229.9,-7.9,165.7,7.9,89.88,293.99,-110.02,323.79,29.39,979.791449,76900.9,0.97,1817.8,-598592.3,301612.7,0.9953,19.419,553.8,19.41871,-77.96519,0.0,0,-1.0,-1.0,-1.0,-1.0,-1.0,0.0,0.0,0.0,0.0
1791579325.12,2544845.7,1332.1,1809.7,225.9,-8.0,165.7,8.0,89.88,295.51,-108.53,323.78,30.52,980.287039,76949.0,0.99,1813.9,-598592.4,301610.8,0.9953,19.419,553.8,19.41871,-77.96519,0.0,0,-1.0,-1.0,-1.0,-1.0,-1.0,0.0,0.0,0.0,0.0
1791579325.62,2544846.2,1332.6,1805.7,221.8,-8.2,165.7,8.2,89.87,296.92,-106.93,323.77,32.13,980.793394,76998.1,0.95,1810.0,-598592.4,301608.8,0.9953,19.419,553.8,19.41871,-77.96519,0.0,0,-1.0,-1.0,-1.0,-1.0,-1.0,0.0,0.0,0.0,0.0
1791579326.12,2544846.7,1333.1,1801.6,217.7,-8.2,165.7,8.2,89.87,298.28,-105.28,323.76,32.05,981.298982,77047.1,0.98,1805.9,-598592.4,301606.7,0.9953,19.419,553.8,19.41871,-77.96519,0.0,0,-1.0,-1.0,-1.0,-1.0,-1.0,0.0,0.0,0.0,0.0
1791579326.62,2544847.2,1333.6,1797.6,213.7,-7.9,165.7,7.9,89.86,299.71,-103.71,323.75,29.27,981.797917,77095.5,1.07,1801.6,-598592.5,301604.5,0.9953,19.419,553.8,19.41871,-77.96519,0.0,0,-1.0,-1.0,-1.0,-1.0,-1.0,0.0,0.0,0.0,0.0
1791579327.13,2544847.7,1334.1,1793.6,209.7,-7.9,165.7,7.9,89.86,301.28,-102.27,323.75,29.26,982.289185,77143.1,0.99,1797.6,-598592.5,301602.5,0.9953,19.419,553.8,19.41871,-77.96519,0.0,0,-1.0,-1.0,-1.0,-1.0,-1.0,0.0,0.0,0.0,0.0
1791579327.63,2544848.2,1334.6,1789.8,205.9,-7.6,165.7,7.6,89.86,302.87,-100.86,323.74,27.01,982.763872,77189.2,1.04,1793.5,-598592.6,301600.5,0.9953,19.419,553.8,19.41871,-77.96519,0.0,0,-1.0,-1.0,-1.0,-1.0,-1.0,0.0,0.0,0.0,0.0
1791579328.13,2544848.7,1335.1,1785.9,202.0,-7.7,165.7,7.7,89.86,304.46,-99.44,323.73,28.39,983.243389,77235.7,0.95,1789.8,-598592.6,301598.6,0.9953,19.419,553.8,19.41871,-77.96519,0.0,0,-1.0,-1.0,-1.0,-1.0,-1.0,0.0,0.0,0.0,0.0
1791579328.63,2544849.2,1335.6,1782.0,198.1,-8.0,165.7,8.0,89.85,305.95,-97.92,323.72,30.34,983.731589,77283.0,0.92,1786.1,-598592.6,301596.7,0.9953,19.419,553.8,19.41871,-77.96519,0.0,0,-1.0,-1.0,-1.0,-1.0,-1.0,0.0,0.0,0.0,0.0
1791579329.13,2544849.7,1336.1,1778.0,194.1,-7.7,165.7,7.7,89.85,307.3,-96.27,323.71,28.47,984.222804,77330.7,1.05,1781.9,-598592.7,301594.6,0.9953,19.419,553.8,19.41871,-77.96519,0.0,0,-1.0,-1.0,-1.0,-1.0,-1.0,0.0,0.0,0.0,0.0
1791579329.64,2544850.2,1336.6,1774.1,190.2,-7.6,165.7,7.6,89.85,308.79,-94.65,323.7,27.31,984.715419,77378.5,1.01,1777.8,-598592.7,301592.6,0.9953,19.419,553.8,19.41871,-77.96519,0.0,0,-1.0,-1.0,-1.0,-1.0,-1.0,0.0,0.0,0.0,0.0
1791579330.14,2544850.7,1337.1,1770.4,186.5,-7.7,165.7,7.7,89.84,310.36,-93.34,323.7,27.89,985.170688,77422.7,0.97,1774.2,-598592.7,301590.7,0.9953,19.419,553.8,19.41871,-77.96519,0.0,0,-1.0,-1.0,-1.0,-1.0,-1.0,0.0,0.0,0.0,0.0
1791579330.64,2544851.2,1337.6,1766.4,182.5,-7.7,165.7,7.7,89.84,312.01,-91.87,323.69,28.09,985.667552,77470.9,0.99,1770.3,-598592.8,301588.7,0.9953,19.419,553.8,19.4187,-77.96519,0.0,0,-1.0,-1.0,-1.0,-1.0,-1.0,0.0,0.0,0.0,0.0
1791579331.14,2544851.7,1338.1,1762.5,178.6,-7.9,165.7,7.9,89.84,313.42,-90.28,323.68,29.68,986.149654,77517.7,0.94,1766.6,-598592.8,301586.9,0.9953,19.419,553.7,19.4187,-77.96519,0.0,0,-1.0,-1.0,-1.0,-1.0,-1.0,0.0,0.0,0.0,0.0
1791579331.65,2544852.2,1338.6,1758.6,174.7,-7.7,165.7,7.7,89.84,314.79,-88.66,323.67,27.99,986.633158,77564.6,1.04,1762.5,-598592.9,301584.8,0.9953,19.419,553.7,19.4187,-77.96519,0.0,0,-1.0,-1.0,-1.0,-1.0,-1.0,0.0,0.0,0.0,0.0
1791579332.15,2544852.7,1339.1,1754.7,170.8,-8.0,165.7,8.0,89.83,316.25,-87.12,323.66,30.2,987.121287,77612.0,0.92,1758.8,-598592.9,301583.0,0.9953,19.419,553.7,19.4187,-77.96519,0.0,0,-1.0,-1.0,-1.0,-1.0,-1.0,0.0,0.0,0.0,0.0
1791579332.65,2544853.2,1339.6,1750.7,166.8,-7.9,165.7,7.9,89.83,317.71,-85.59,323.65,29.68,987.621965,77660.7,1.03,1754.7,-598592.9,301580.9,0.9953,19.419,553.7,19.4187,-77.96519,0.0,0,-1.0,-1.0,-1.0,-1.0,-1.0,0.0,0.0,0.0,0.0
1791579333.15,2544853.7,1340.1,1746.8,162.9,-7.7,165.7,7.7,89.83,319.11,-84.0,323.65,28.37,988.107517,77707.8,1.01,1750.7,-598593.0,301578.9,0.9953,19.419,553.7,19.4187,-77.96518,0.0,0,-1.0,-1.0,-1.0,-1.0,-1.0,0.0,0.0,0.0,0.0
1791579333.66,2544854.2,1340.6,1743.0,159.1,-7.9,165.7,7.9,89.82,320.63,-82.53,323.64,29.59,988.587973,77754.5,0.94,1747.0,-598593.0,301577.0,0.9953,19.419,553.7,19.4187,-77.96518,0.0,0,-1.0,-1.0,-1.0,-1.0,-1.0,0.0,0.0,0.0,0.0
1791579334.16,2544854.7,1341.1,1738.8,154.9,-8.1,165.7,8.1,89.82,322.26,-81.05,323.63,31.1,989.104549,77804.6,0.95,1743.0,-598593.0,301575.0,0.9953,19.419,553.7,19.4187,-77.96518,0.0,0,-1.0,-1.0,-1.0,-1.0,-1.0,0.0,0.0,0.0,0.0
1791579334.66,2544855.2,1341.6,1734.9,151.0,-8.2,165.7,8.2,89.82,323.57,-79.49,323.62,32.38,989.594211,77852.2,0.96,1739.2,-598593.1,301573.1,0.9953,19.419,553.7,19.4187,-77.96518,0.0,0,-1.0,-1.0,-1.0,-1.0,-1.0,0.0,0.0,0.0,0.0
1791579335.16,2544855.7,1342.1,1730.8,146.9,-8.1,165.7,8.1,89.82,324.83,-77.76,323.61,31.03,990.102551,77901.6,1.03,1735.0,-598593.1,301570.9,0.9953,19.419,553.7,19.4187,-77.96518,0.0,0,-1.0,-1.0,-1.0,-1.0,-1.0,0.0,0.0,0.0,0.0
1791579335.66,2544856.2,1342.6,1726.8,142.9,-7.8,165.7,7.8,89.82,326.27,-76.21,323.6,29.17,990.601714,77950.1,1.05,1730.8,-598593.1,301568.8,0.9953,19.419,553.7,19.4187,-77.96518,0.0,0,-1.0,-1.0,-1.0,-1.0,-1.0,0.0,0.0,0.0,0.0
1791579336.16,2544856.7,1343.1,1722.9,139.0,-7.8,165.7,7.8,89.82,327.9,-74.86,323.6,29.04,991.092953,77997.9,0.99,1726.8,-598593.2,301566.8,0.9953,19.419,553.7,19.4187,-77.96518,0.0,0,-1.0,-1.0,-1.0,-1.0,-1.0,0.0,0.0,0.0,0.0
1791579336.67,2544857.2,1343.6,1718.8,134.8,-7.9,165.7,7.9,89.81,329.57,-73.43,323.59,30.07,991.606503,78047.8,0.95,1722.8,-598593.2,301564.8,0.9953,19.419,553.7,19.4187,-77.96518,0.0,0,-1.0,-1.0,-1.0,-1.0,-1.0,0.0,0.0,0.0,0.0
1791579337.17,2544857.7,1344.1,1714.9,130.9,-7.7,165.6,7.7,89.81,331.03,-71.9,323.58,28.27,992.09525,78095.3,1.03,1718.7,-598593.3,301562.7,0.9953,19.419,553.7,19.4187,-77.96518,0.0,0,-1.0,-1.0,-1.0,-1.0,-1.0,0.0,0.0,0.0,0.0
1791579337.67,2544858.2,1344.6,1711.0,127.0,-7.8,165.7,7.8,89.81,332.48,-70.37,323.57,29.39,992.583439,78142.7,0.95,1714.9,-598593.3,301560.8,0.9953,19.419,553.7,19.4187,-77.96518,0.0,0,-1.0,-1.0,-1.0,-1.0,-1.0,0.0,0.0,0.0,0.0
1791579338.17,2544858.7,1345.1,1707.0,123.1,-8.0,165.7,8.0,89.81,333.99,-68.91,323.56,30.46,993.075837,78190.6,0.95,1711.1,-598593.3,301558.9,0.9953,19.419,553.7,19.4187,-77.96518,0.0,0,-1.0,-1.0,-1.0,-1.0,-1.0,0.0,0.0,0.0,0.0
1791579338.68,2544859.3,1345.6,1702.9,119.0,-7.8,165.6,7.8,89.81,335.51,-67.33,323.55,29.48,993.592158,78240.8,1.03,1706.9,-598593.4,301556.8,0.9953,19.419,553.7,19.41869,-77.96518,0.0,0,-1.0,-1.0,-1.0,-1.0,-1.0,0.0,0.0,0.0,0.0
1791579339.18,2544859.7,1346.1,1699.1,115.2,-7.8,165.6,7.8,89.81,336.87,-65.82,323.54,29.04,994.063167,78286.6,1.0,1703.1,-598593.4,301554.8,0.9953,19.419,553.7,19.41869,-77.96518,0.0,0,-1.0,-1.0,-1.0,-1.0,-1.0,0.0,0.0,0.0,0.0
1791579339.69,2544860.3,1346.6,1695.0,111.1,-8.0,165.7,8.0,89.81,338.45,-64.31,323.54,30.36,994.575579,78336.5,0.93,1699.1,-598593.4,301552.8,0.9953,19.419,553.7,19.41869,-77.96518,0.0,0,-1.0,-1.0,-1.0,-1.0,-1.0,0.0,0.0,0.0,0.0
1791579340.19,2544860.8,1347.1,1691.0,107.1,-7.9,165.6,7.9,89.81,339.92,-62.81,323.53,30.11,995.076881,78385.2,1.02,1695.1,-598593.5,301550.8,0.9953,19.419,553.6,19.41869,-77.96518,0.0,0,-1.0,-1.0,-1.0,-1.0,-1.0,0.0,0.0,0.0,0.0
1791579340.69,2544861.1,1347.6,1688.8,104.9,-8.0,165.7,8.0,89.81,340.68,-61.9,323.52,31.05,995.35688,78412.5,0.97,1692.9,-598593.5,301549.7,0.9953,19.419,553.6,19.41869,-77.96518,0.0,0,-1.0,-1.0,-1.0,-1.0,-1.0,0.0,0.0,0.0,0.0
1791579341.19,2544861.6,1348.1,1684.6,100.7,-8.0,165.7,8.0,89.81,342.13,-60.26,323.51,30.98,995.878979,78463.3,0.98,1688.8,-598593.5,301547.6,0.9953,19.419,553.6,19.41869,-77.96518,0.0,0,-1.0,-1.0,-1.0,-1.0,-1.0,0.0,0.0,0.0,0.0
1791579341.7,2544862.1,1348.6,1680.7,96.7,-8.0,165.7,8.0,89.8,343.63,-58.79,323.51,31.04,996.379142,78511.9,0.97,1684.8,-598593.6,301545.6,0.9953,19.419,553.6,19.41869,-77.96518,0.0,0,-1.0,-1.0,-1.0,-1.0,-1.0,0.0,0.0,0.0,0.0
1791579342.2,2544862.6,1349.1,1676.6,92.7,-8.0,165.6,8.0,89.81,345.11,-57.29,323.5,30.88,996.881068,78560.8,0.98,1680.8,-598593.6,301543.6,0.9953,19.419,553.6,19.41869,-77.96518,0.0,0,-1.0,-1.0,-1.0,-1.0,-1.0,0.0,0.0,0.0,0.0
1791579342.7,2544863.1,1349.7,1672.7,88.8,-7.7,165.6,7.7,89.81,346.59,-55.8,323.49,28.33,997.370574,78608.4,1.05,1676.6,-598593.7,301541.5,0.9953,19.419,553.6,19.41869,-77.96518,0.0,0,-1.0,-1.0,-1.0,-1.0,-1.0,0.0,0.0,0.0,0.0
1791579343.2,2544863.5,1350.2,1669.5,85.6,-7.8,165.6,7.8,89.81,347.87,-54.59,323.48,29.27,997.782083,78648.5,0.96,1673.4,-598593.7,301539.9,0.9953,19.419,553.6,19.41869,-77.96518,0.0,0,-1.0,-1.0,-1.0,-1.0,-1.0,0.0,0.0,0.0,0.0
1791579343.7,2544864.0,1350.7,1665.5,81.6,-8.0,165.6,8.0,89.81,349.45,-53.21,323.47,30.95,998.276465,78696.6,0.93,1669.7,-598593.7,301538.0,0.9953,19.419,553.6,19.41869,-77.96518,0.0,0,-1.0,-1.0,-1.0,-1.0,-1.0,0.0,0.0,0.0,0.0
1791579344.2,2544864.5,1351.2,1661.5,77.6,-8.1,165.6,8.1,89.81,350.88,-51.66,323.47,31.19,998.784463,78746.1,1.0,1665.6,-598593.8,301535.9,0.9953,19.419,553.6,19.41869,-77.96518,0.0,0,-1.0,-1.0,-1.0,-1.0,-1.0,0.0,0.0,0.0,0.0
1791579344.71,2544865.0,1351.7,1657.6,73.6,-7.7,165.6,7.7,89.81,352.2,-50.02,323.46,28.32,999.277991,78794.1,1.07,1661.4,-598593.8,301533.8,0.9953,19.419,553.6,19.41869,-77.96518,0.0,0,-1.0,-1.0,-1.0,-1.0,-1.0,0.0,0.0,0.0,0.0
1791579345.21,2544865.5,1352.2,1653.8,69.8,-7.8,165.6,7.8,89.81,353.66,-48.51,323.45,29.2,999.757599,78840.8,0.94,1657.7,-598593.8,301531.9,0.9953,19.419,553.6,19.41869,-77.96518,0.0,0,-1.0,-1.0,-1.0,-1.0,-1.0,0.0,0.0,0.0,0.0
1791579345.71,2544866.0,1352.7,1649.7,65.8,-7.6,165.6,7.6,89.81,355.47,-47.24,323.44,27.92,1000.261793,78890.0,1.04,1653.5,-598593.9,301529.8,0.9953,19.419,553.6,19.41869,-77.96518,0.0,0,-1.0,-1.0,-1.0,-1.0,-1.0,0.0,0.0,0.0,0.0
1791579346.21,2544866.5,1353.2,1645.9,62.0,-7.8,165.6,7.8,89.81,357.13,-45.94,323.43,29.06,1000.748894,78937.4,0.96,1649.8,-598593.9,301527.9,0.9953,19.419,553.6,19.41869,-77.96518,0.0,0,-1.0,-1.0,-1.0,-1.0,-1.0,0.0,0.0,0.0,0.0
1791579346.72,2544867.0,1353.7,1642.0,58.0,-7.7,165.6,7.7,89.81,358.37,-44.21,323.42,28.8,1001.240216,78985.3,1.0,1645.9,-598593.9,301526.0,0.9953,19.419,553.6,19.41869,-77.96518,0.0,0,-1.0,-1.0,-1.0,-1.0,-1.0,0.0,0.0,0.0,0.0
1791579347.22,2544867.5,1354.2,1638.1,54.2,-7.9,165.6,7.9,89.81,359.66,-42.55,323.42,29.83,1001.72588,79032.6,0.94,1642.1,-598594.0,301524.1,0.9953,19.419,553.6,19.41868,-77.96518,0.0,0,-1.0,-1.0,-1.0,-1.0,-1.0,0.0,0.0,0.0,0.0
1791579347.72,2544868.0,1354.7,1634.2,50.3,-7.7,165.6,7.7,89.82,1.28,-41.21,323.41,28.67,1002.21531,79080.3,1.03,1638.1,-598594.0,301522.0,0.9953,19.419,553.6,19.41868,-77.96518,0.0,0,-1.0,-1.0,-1.0,-1.0,-1.0,0.0,0.0,0.0,0.0
1791579348.22,2544868.5,1355.2,1630.3,46.4,-8.0,165.6,8.0,89.82,2.82,-39.79,323.4,30.61,1002.712403,79128.7,0.94,1634.4,-598594.1,301520.2,0.9953,19.419,553.6,19.41868,-77.96518,0.0,0,-1.0,-1.0,-1.0,-1.0,-1.0,0.0,0.0,0.0,0.0
1791579348.72,2544869.0,1355.7,1626.3,42.4,-8.0,165.6,8.0,89.82,4.11,-38.13,323.39,30.6,1003.214647,79177.7,0.99,1630.4,-598594.1,301518.1,0.9953,19.419,553.6,19.41868,-77.96518,0.0,0,-1.0,-1.0,-1.0,-1.0,-1.0,0.0,0.0,0.0,0.0
1791579349.22,2544869.5,1356.2,1622.4,38.5,-7.9,165.6,7.9,89.82,5.35,-36.41,323.38,30.12,1003.70732,79225.7,0.98,1626.4,-598594.1,301516.1,0.9953,19.419,553.6,19.41868,-77.96518,0.0,0,-1.0,-1.0,-1.0,-1.0,-1.0,0.0,0.0,0.0,0.0
1791579349.72,2544870.0,1356.7,1618.4,34.5,-8.0,165.6,8.0,89.82,6.88,-34.98,323.37,30.94,1004.206534,79274.4,0.97,1622.5,-598594.2,301514.2,0.9953,19.419,553.5,19.41868,-77.96518,0.0,0,-1.0,-1.0,-1.0,-1.0,-1.0,0.0,0.0,0.0,0.0
1791579350.23,2544870.5,1357.2,1614.3,30.4,-8.0,165.6,8.0,89.82,8.6,-33.63,323.37,30.88,1004.727189,79325.1,0.98,1618.4,-598594.2,301512.1,0.9953,19.419,553.5,19.41868,-77.96518,0.0,0,-1.0,-1.0,-1.0,-1.0,-1.0,0.0,0.0,0.0,0.0
1791579350.73,2544871.0,1357.7,1610.4,26.5,-7.7,165.6,7.7,89.83,10.1,-32.18,323.36,28.46,1005.219818,79373.2,1.06,1614.2,-598594.2,301510.0,0.9953,19.419,553.5,19.41868,-77.96518,0.0,0,-1.0,-1.0,-1.0,-1.0,-1.0,0.0,0.0,0.0,0.0
1791579351.23,2544871.5,1358.2,1606.5,22.6,-7.7,165.6,7.7,89.83,11.55,-30.68,323.35,28.9,1005.709636,79420.9,0.98,1610.4,-598594.3,301508.1,0.9953,19.419,553.5,19.41868,-77.96518,0.0,0,-1.0,-1.0,-1.0,-1.0,-1.0,0.0,0.0,0.0,0.0
1791579351.73,2544872.0,1358.7,1602.7,18.8,-7.5,165.6,7.5,89.83,12.99,-29.17,323.34,27.37,1006.190903,79467.9,1.03,1606.4,-598594.3,301506.1,0.9953,19.419,553.5,19.41868,-77.96518,0.0,0,-1.0,-1.0,-1.0,-1.0,-1.0,0.0,0.0,0.0,0.0
1791579352.23,2544872.5,1359.2,1599.0,15.1,-7.6,165.6,7.6,89.83,14.53,-27.76,323.33,27.84,1006.664398,79514.0,0.97,1602.7,-598594.4,301504.2,0.9953,19.419,553.5,19.41868,-77.96518,0.0,0,-1.0,-1.0,-1.0,-1.0,-1.0,0.0,0.0,0.0,0.0
1791579352.73,2544873.0,1359.7,1595.1,11.2,-7.8,165.6,7.8,89.84,16.04,-26.33,323.32,29.28,1007.149046,79561.3,0.94,1599.1,-598594.4,301502.3,0.9953,19.419,553.5,19.41868,-77.96518,0.0,0,-1.0,-1.0,-1.0,-1.0,-1.0,0.0,0.0,0.0,0.0
1791579353.23,2544873.5,1360.2,1591.2,7.3,-7.9,165.6,7.9,89.84,17.58,-24.91,323.32,30.09,1007.646017,79609.8,0.96,1595.2,-598594.4,301500.4,0.9953,19.419,553.5,19.41868,-77.96518,0.0,0,-1.0,-1.0,-1.0,-1.0,-1.0,0.0,0.0,0.0,0.0
1791579353.74,2544874.0,1360.7,1587.4,3.4,-7.6,165.6,7.6,89.84,18.79,-23.18,323.31,27.75,1008.133924,79657.4,1.05,1591.1,-598594.5,301498.3,0.9953,19.419,553.5,19.41868,-77.96518,0.0,0,-1.0,-1.0,-1.0,-1.0,-1.0,0.0,0.0,0.0,0.0
1791579354.24,2544874.5,1361.2,1584.0,0.1,1.4,164.5,1.7,85.35,252.86,105.88,323.3,1.48,1008.555761,79698.6,3.28,1584.9,-598609.7,301487.6,0.9954,19.419,553.5,19.41868,-77.96518,0.0,0,-1.0,-1.0,-1.0,-1.0,-1.0,0.0,0.0,0.0,0.0
1791579354.74,2544875.0,1361.7,1584.2,0.3,-0.3,164.5,1.1,48.66,244.5,119.37,323.29,0.57,1008.535934,79696.6,0.63,1584.8,-598610.6,301487.1,0.9954,19.419,553.5,19.41868,-77.96517,0.0,0,-1.0,-1.0,-1.0,-1.0,-1.0,0.0,0.0,0.0,0.0
1791579355.24,2544875.5,1362.2,1584.2,0.3,-1.6,164.6,1.8,7.14,246.47,120.38,323.28,1.55,1008.531615,79696.2,0.74,1584.4,-598608.3,301488.1,0.9954,19.419,553.5,19.41867,-77.96519,0.0,0,-1.0,-1.0,-1.0,-1.0,-1.0,0.0,0.0,0.0,0.0
1791579355.75,2544876.0,1362.7,1584.2,0.3,-0.0,165.3,0.2,-5.17,246.83,109.57,323.27,0.02,1008.5335,79696.4,1.46,1584.1,-598595.9,301494.1,0.9953,19.419,553.5,19.41867,-77.96521,0.0,0,-1.0,-1.0,-1.0,-1.0,-1.0,0.0,0.0,0.0,0.0
1791579356.25,2544876.5,1363.2,1584.2,0.3,0.0,165.4,0.1,-5.5,246.82,106.01,323.27,0.0,1008.533403,79696.4,0.99,1584.1,-598595.3,301494.4,0.9953,19.419,553.5,19.41867,-77.96521,0.0,0,-1.0,-1.0,-1.0,-1.0,-1.0,0.0,0.0,0.0,0.0
1791579356.75,2544877.0,1363.7,1584.2,0.3,-0.0,165.4,0.1,-5.47,246.82,101.24,323.26,0.0,1008.5335,79696.4,0.99,1584.1,-598594.9,301494.6,0.9953,19.419,553.5,19.41868,-77.96521,0.0,0,-1.0,-1.0,-1.0,-1.0,-1.0,0.0,0.0,0.0,0.0
1791579357.25,2544877.5,1364.2,1584.2,0.3,-0.0,165.4,0.2,-5.47,246.84,91.95,323.25,0.01,1008.534435,79696.5,0.98,1584.1,-598595.5,301494.3,0.9953,19.419,553.5,19.41868,-77.96521,0.0,0,-1.0,-1.0,-1.0,-1.0,-1.0,0.0,0.0,0.0,0.0
1791579357.76,2544878.0,1364.7,1584.2,0.3,0.0,165.4,0.0,-5.5,246.81,83.7,323.24,0.0,1008.533678,79696.4,0.98,1584.1,-598594.7,301494.7,0.9953,19.419,553.5,19.41868,-77.96521,0.0,0,-1.0,-1.0,-1.0,-1.0,-1.0,0.0,0.0,0.0,0.0
1791579358.26,2544878.5,1365.2,1584.2,0.3,-0.0,165.5,0.1,-5.5,246.82,85.59,323.23,0.0,1008.533967,79696.4,0.99,1584.1,-598594.0,301495.1,0.9953,19.419,553.5,19.41868,-77.96521,0.0,0,-1.0,-1.0,-1.0,-1.0,-1.0,0.0,0.0,0.0,0.0
1791579358.76,2544879.0,1365.7,1584.2,0.3,-0.0,165.4,0.0,-5.5,246.82,89.09,323.22,0.0,1008.534435,79696.5,0.99,1584.1,-598594.5,301494.8,0.9953,19.419,553.5,19.41868,-77.96521,0.0,0,-1.0,-1.0,-1.0,-1.0,-1.0,0.0,0.0,0.0,0.0
1791579359.26,2544879.6,1366.2,1584.2,0.3,-0.0,165.4,0.0,-5.47,246.83,91.44,323.21,0.0,1008.534531,79696.5,0.99,1584.1,-598594.8,301494.7,0.9953,19.419,553.5,19.41868,-77.96521,0.0,0,-1.0,-1.0,-1.0,-1.0,-1.0,0.0,0.0,0.0,0.0
1791579359.77,2544880.1,1366.7,1584.2,0.3,0.0,165.4,0.0,-5.47,246.84,91.09,323.21,0.0,1008.534516,79696.5,0.99,1584.1,-598594.5,301494.8,0.9953,19.419,553.5,19.41868,-77.96521,0.0,0,-1.0,-1.0,-1.0,-1.0,-1.0,0.0,0.0,0.0,0.0
1791579360.27,2544880.6,1367.2,1584.2,0.3,0.0,165.4,0.0,-5.47,246.83,90.76,323.2,0.0,1008.534613,79696.5,0.99,1584.1,-598594.6,301494.8,0.9953,19.419,553.5,19.41868,-77.96521,0.0,0,-1.0,-1.0,-1.0,-1.0,-1.0,0.0,0.0,0.0,0.0
1791579360.77,2544881.1,1367.7,1584.2,0.3,0.0,165.4,0.0,-5.47,246.83,90.76,323.19,0.0,1008.534613,79696.5,0.99,1584.1,-598594.5,301494.8,0.9953,19.419,553.5,19.41868,-77.96521,0.0,0,-1.0,-1.0,-1.0,-1.0,-1.0,0.0,0.0,0.0,0.0
1791579361.27,2544881.6,1368.2,1584.2,0.3,0.0,165.4,0.0,-5.47,246.83,90.76,323.18,0.0,1008.534613,79696.5,0.99,1584.1,-598594.5,301494.8,0.9953,19.419,553.5,19.41868,-77.96521,0.0,0,-1.0,-1.0,-1.0,-1.0,-1.0,0.0,0.0,0.0,0.0
1791579361.77,2544882.1,1368.7,1584.2,0.3,0.0,165.4,0.0,-5.47,246.83,90.76,323.17,0.0,1008.534613,79696.5,0.99,1584.1,-598594.5,301494.8,0.9953,19.419,553.5,19.41868,-77.96521,0.0,0,-1.0,-1.0,-1.0,-1.0,-1.0,0.0,0.0,0.0,0.0
1791579362.27,2544882.6,1369.2,1584.2,0.3,0.0,165.4,0.0,-5.47,246.83,90.76,323.16,0.0,1008.534613,79696.5,0.99,1584.1,-598594.5,301494.8,0.9953,19.419,553.5,19.41868,-77.96521,0.0,0,-1.0,-1.0,-1.0,-1.0,-1.0,0.0,0.0,0.0,0.0
1791579362.78,2544882.8,1369.7,1584.2,0.3,0.0,165.4,0.0,-5.47,246.83,90.76,323.16,0.0,1008.534613,79696.5,0.99,1584.1,-598594.5,301494.8,0.9953,19.419,553.5,19.41868,-77.96521,0.0,0,-1.0,-1.0,-1.0,-1.0,-1.0,0.0,0.0,0.0,0.0
1791579363.28,2544882.8,1370.2,1584.2,0.3,0.0,165.4,0.0,-5.47,246.83,90.76,323.16,0.0,1008.534613,79696.5,0.99,1584.1,-598594.5,301494.8,0.9953,19.419,553.5,19.41868,-77.96521,0.0,0,-1.0,-1.0,-1.0,-1.0,-1.0,0.0,0.0,0.0,0.0
1791579363.78,2544882.9,1370.7,1584.2,0.3,0.0,165.4,0.0,-5.47,246.83,90.76,323.16,0.0,1008.534613,79696.5,0.99,1584.1,-598594.5,301494.8,0.9953,19.419,553.5,19.41868,-77.96521,0.0,0,-1.0,-1.0,-1.0,-1.0,-1.0,0.0,0.0,0.0,0.0
1791579364.28,2544882.9,1371.2,1584.2,0.3,0.0,165.4,0.0,-5.47,246.83,90.76,323.16,0.0,1008.534613,79696.5,0.99,1584.1,-598594.5,301494.8,0.9953,19.419,553.5,19.41868,-77.96521,0.0,0,-1.0,-1.0,-1.0,-1.0,-1.0,0.0,0.0,0.0,0.0
1791579364.78,2544882.9,1371.7,1584.2,0.3,0.0,165.4,0.0,-5.47,246.83,90.76,323.16,0.0,1008.534613,79696.5,0.99,1584.1,-598594.5,301494.8,0.9953,19.419,553.5,19.41868,-77.96521,0.0,0,-1.0,-1.0,-1.0,-1.0,-1.0,0.0,0.0,0.0,0.0
1791579365.29,2544883.0,1372.2,1584.2,0.3,0.0,165.4,0.0,-5.47,246.83,90.76,323.16,0.0,1008.534613,79696.5,0.99,1584.1,-598594.5,301494.8,0.9953,19.419,553.5,19.41868,-77.96521,0.0,0,-1.0,-1.0,-1.0,-1.0,-1.0,0.0,0.0,0.0,0.0
1791579365.79,2544883.5,1372.7,1584.2,0.3,0.0,165.4,0.0,-5.47,246.83,90.76,323.15,0.0,1008.534613,79696.5,0.99,1584.1,-598594.5,301494.8,0.9953,19.419,553.5,19.41868,-77.96521,0.0,0,-1.0,-1.0,-1.0,-1.0,-1.0,0.0,0.0,0.0,0.0
1791579366.29,2544884.0,1373.2,1584.2,0.3,0.0,165.4,0.0,-5.47,246.83,90.76,323.14,0.0,1008.534613,79696.5,0.99,1584.1,-598594.5,301494.8,0.9953,19.419,553.5,19.41868,-77.96521,0.0,0,-1.0,-1.0,-1.0,-1.0,-1.0,0.0,0.0,0.0,0.0
1791579366.79,2544884.5,1373.7,1584.2,0.3,0.0,165.4,0.0,-5.47,246.83,90.76,323.13,0.0,1008.534613,79696.5,0.99,1584.1,-598594.5,301494.8,0.9953,19.419,553.5,19.41868,-77.96521,0.0,0,-1.0,-1.0,-1.0,-1.0,-1.0,0.0,0.0,0.0,0.0
1791579367.29,2544885.0,1374.2,1584.2,0.3,0.0,165.4,0.0,-5.47,246.83,90.76,323.12,0.0,1008.534613,79696.5,0.99,1584.1,-598594.5,301494.8,0.9953,19.419,553.5,19.41868,-77.96521,0.0,0,-1.0,-1.0,-1.0,-1.0,-1.0,0.0,0.0,0.0,0.0
1791579367.79,2544885.5,1374.7,1584.2,0.3,0.0,165.4,0.0,-5.47,246.83,90.76,323.12,0.0,1008.534613,79696.5,0.99,1584.1,-598594.5,301494.8,0.9953,19.419,553.5,19.41868,-77.96521,0.0,0,-1.0,-1.0,-1.0,-1.0,-1.0,0.0,0.0,0.0,0.0
1791579368.3,2544886.0,1375.2,1584.2,0.3,0.0,165.4,0.0,-5.47,246.83,90.76,323.11,0.0,1008.534613,79696.5,0.99,1584.1,-598594.5,301494.8,0.9953,19.419,553.5,19.41868,-77.96521,0.0,0,-1.0,-1.0,-1.0,-1.0,-1.0,0.0,0.0,0.0,0.0
1791579368.8,2544886.5,1375.7,1584.2,0.3,0.0,165.4,0.0,-5.47,246.83,90.76,323.1,0.0,1008.534613,79696.5,0.99,1584.1,-598594.5,301494.8,0.9953,19.419,553.5,19.41868,-77.96521,0.0,0,-1.0,-1.0,-1.0,-1.0,-1.0,0.0,0.0,0.0,0.0
1791579369.3,2544887.0,1376.2,1584.2,0.3,0.0,165.4,0.0,-5.47,246.83,90.76,323.09,0.0,1008.534613,79696.5,0.99,1584.1,-598594.5,301494.8,0.9953,19.419,553.5,19.41868,-77.96521,0.0,0,-1.0,-1.0,-1.0,-1.0,-1.0,0.0,0.0,0.0,0.0
1791579369.8,2544887.5,1376.8,1584.2,0.3,0.0,165.4,0.0,-5.47,246.83,90.76,323.08,0.0,1008.534613,79696.5,0.99,1584.1,-598594.5,301494.8,0.9953,19.419,553.5,19.41868,-77.96521,0.0,0,-1.0,-1.0,-1.0,-1.0,-1.0,0.0,0.0,0.0,0.0
1791579370.3,2544888.0,1377.3,1584.2,0.3,0.0,165.4,0.0,-5.47,246.83,90.76,323.07,0.0,1008.534613,79696.5,0.99,1584.1,-598594.5,301494.8,0.9953,19.419,553.5,19.41868,-77.96521,0.0,0,-1.0,-1.0,-1.0,-1.0,-1.0,0.0,0.0,0.0,0.0
1791579370.8,2544888.5,1377.8,1584.2,0.3,0.0,165.4,0.0,-5.47,246.83,90.76,323.07,0.0,1008.534613,79696.5,0.99,1584.1,-598594.5,301494.8,0.9953,19.419,553.5,19.41868,-77.96521,0.0,0,-1.0,-1.0,-1.0,-1.0,-1.0,0.0,0.0,0.0,0.0
1791579371.3,2544889.0,1378.3,1584.2,0.3,0.0,165.4,0.0,-5.47,246.83,90.76,323.06,0.0,1008.534613,79696.5,0.99,1584.1,-598594.5,301494.8,0.9953,19.419,553.5,19.41868,-77.96521,0.0,0,-1.0,-1.0,-1.0,-1.0,-1.0,0.0,0.0,0.0,0.0
1791579371.82,2544889.5,1378.8,1584.2,0.3,0.0,165.4,0.0,-5.47,246.83,90.76,323.05,0.0,1008.534613,79696.5,0.99,1584.1,-598594.5,301494.8,0.9953,19.419,553.5,19.41868,-77.96521,0.0,0,-1.0,-1.0,-1.0,-1.0,-1.0,0.0,0.0,0.0,0.0
1791579372.32,2544890.0,1379.3,1584.2,0.3,0.0,165.4,0.0,-5.47,246.83,90.76,323.04,0.0,1008.534613,79696.5,0.99,1584.1,-598594.5,301494.8,0.9953,19.419,553.5,19.41868,-77.96521,0.0,0,-1.0,-1.0,-1.0,-1.0,-1.0,0.0,0.0,0.0,0.0
1791579372.82,2544890.5,1379.8,1584.2,0.3,0.0,165.4,0.0,-5.47,246.83,90.76,323.03,0.0,1008.534613,79696.5,0.99,1584.1,-598594.5,301494.8,0.9953,19.419,553.5,19.41868,-77.96521,0.0,0,-1.0,-1.0,-1.0,-1.0,-1.0,0.0,0.0,0.0,0.0
1791579373.32,2544891.0,1380.3,1584.2,0.3,0.0,165.4,0.0,-5.47,246.83,90.76,323.02,0.0,1008.534613,79696.5,0.99,1584.1,-598594.5,301494.8,0.9953,19.419,553.5,19.41868,-77.96521,0.0,0,-1.0,-1.0,-1.0,-1.0,-1.0,0.0,0.0,0.0,0.0
1791579373.82,2544891.5,1380.8,1584.2,0.3,0.0,165.4,0.0,-5.47,246.83,90.76,323.02,0.0,1008.534613,79696.5,0.99,1584.1,-598594.5,301494.8,0.9953,19.419,553.5,19.41868,-77.96521,0.0,0,-1.0,-1.0,-1.0,-1.0,-1.0,0.0,0.0,0.0,0.0
1791579374.33,2544891.9,1381.3,1584.2,0.3,0.0,165.4,0.0,-5.47,246.83,90.76,323.01,0.0,1008.534613,79696.5,0.99,1584.1,-598594.5,301494.8,0.9953,19.419,553.5,19.41868,-77.96521,0.0,0,-1.0,-1.0,-1.0,-1.0,-1.0,0.0,0.0,0.0,0.0
1791579377.83,2544892.0,1384.8,0.0,0.0,0.0,0.0,0.0,90.0,90.0,0.0,0.0,0.0,0.0,0.0,0.0,0.0,0.0,0.0,0.0,0.0,0.0,0.0,0.0,0.0,0,-1.0,-1.0,-1.0,-1.0,-1.0,0.0,0.0,0.0,0.0
1791579378.33,2544892.0,1385.3,0.0,0.0,0.0,0.0,0.0,90.0,90.0,0.0,0.0,0.0,0.0,0.0,0.0,0.0,0.0,0.0,0.0,0.0,0.0,0.0,0.0,0.0,0,-1.0,-1.0,-1.0,-1.0,-1.0,0.0,0.0,0.0,0.0
1791579378.84,2544892.0,1385.8,0.0,0.0,0.0,0.0,0.0,90.0,90.0,0.0,0.0,0.0,0.0,0.0,0.0,0.0,0.0,0.0,0.0,0.0,0.0,0.0,0.0,0.0,0,-1.0,-1.0,-1.0,-1.0,-1.0,0.0,0.0,0.0,0.0
1791579379.34,2544892.0,1386.3,0.0,0.0,0.0,0.0,0.0,90.0,90.0,0.0,0.0,0.0,0.0,0.0,0.0,0.0,0.0,0.0,0.0,0.0,0.0,0.0,0.0,0.0,0,-1.0,-1.0,-1.0,-1.0,-1.0,0.0,0.0,0.0,0.0
1791579380.46,2544892.0,1387.4,0.0,0.0,0.0,0.0,0.0,90.0,90.0,0.0,0.0,0.0,0.0,0.0,0.0,0.0,0.0,0.0,0.0,0.0,0.0,0.0,0.0,0.0,0,-1.0,-1.0,-1.0,-1.0,-1.0,0.0,0.0,0.0,0.0
1791579381.6,2544892.0,1388.5,0.0,0.0,0.0,0.0,0.0,90.0,90.0,0.0,0.0,0.0,0.0,0.0,0.0,0.0,0.0,0.0,0.0,0.0,0.0,0.0,0.0,0.0,0,-1.0,-1.0,-1.0,-1.0,-1.0,0.0,0.0,0.0,0.0
1791579383.75,2544892.0,1390.7,0.0,0.0,0.0,0.0,0.0,90.0,90.0,0.0,0.0,0.0,0.0,0.0,0.0,0.0,0.0,0.0,0.0,0.0,0.0,0.0,0.0,0.0,0,-1.0,-1.0,-1.0,-1.0,-1.0,0.0,0.0,0.0,0.0
1791579384.68,2544892.0,1391.6,0.0,0.0,0.0,0.0,0.0,90.0,90.0,0.0,0.0,0.0,0.0,0.0,0.0,0.0,0.0,0.0,0.0,0.0,0.0,0.0,0.0,0.0,0,-1.0,-1.0,-1.0,-1.0,-1.0,0.0,0.0,0.0,0.0
1791579386.53,2544892.0,1393.5,0.0,0.0,0.0,0.0,0.0,90.0,90.0,0.0,0.0,0.0,0.0,0.0,0.0,0.0,0.0,0.0,0.0,0.0,0.0,0.0,0.0,0.0,0,-1.0,-1.0,-1.0,-1.0,-1.0,0.0,0.0,0.0,0.0
1791579387.03,2544892.0,1394.0,0.0,0.0,0.0,0.0,0.0,90.0,90.0,0.0,0.0,0.0,0.0,0.0,0.0,0.0,0.0,0.0,0.0,0.0,0.0,0.0,0.0,0.0,0,-1.0,-1.0,-1.0,-1.0,-1.0,0.0,0.0,0.0,0.0
1791579387.53,2544892.0,1394.5,0.0,0.0,0.0,0.0,0.0,90.0,90.0,0.0,0.0,0.0,0.0,0.0,0.0,0.0,0.0,0.0,0.0,0.0,0.0,0.0,0.0,0.0,0,-1.0,-1.0,-1.0,-1.0,-1.0,0.0,0.0,0.0,0.0
1791579388.04,2544892.0,1395.0,0.0,0.0,0.0,0.0,0.0,90.0,90.0,0.0,0.0,0.0,0.0,0.0,0.0,0.0,0.0,0.0,0.0,0.0,0.0,0.0,0.0,0.0,0,-1.0,-1.0,-1.0,-1.0,-1.0,0.0,0.0,0.0,0.0
1791579388.85,2544892.0,1395.8,0.0,0.0,0.0,0.0,0.0,90.0,90.0,0.0,0.0,0.0,0.0,0.0,0.0,0.0,0.0,0.0,0.0,0.0,0.0,0.0,0.0,0.0,0,-1.0,-1.0,-1.0,-1.0,-1.0,0.0,0.0,0.0,0.0
1791579389.35,2544892.0,1396.3,0.0,0.0,0.0,0.0,0.0,90.0,90.0,0.0,0.0,0.0,0.0,0.0,0.0,0.0,0.0,0.0,0.0,0.0,0.0,0.0,0.0,0.0,0,-1.0,-1.0,-1.0,-1.0,-1.0,0.0,0.0,0.0,0.0
1791579389.86,2544892.0,1396.8,0.0,0.0,0.0,0.0,0.0,90.0,90.0,0.0,0.0,0.0,0.0,0.0,0.0,0.0,0.0,0.0,0.0,0.0,0.0,0.0,0.0,0.0,0,-1.0,-1.0,-1.0,-1.0,-1.0,0.0,0.0,0.0,0.0
1791579390.36,2544892.0,1397.3,0.0,0.0,0.0,0.0,0.0,90.0,90.0,0.0,0.0,0.0,0.0,0.0,0.0,0.0,0.0,0.0,0.0,0.0,0.0,0.0,0.0,0.0,0,-1.0,-1.0,-1.0,-1.0,-1.0,0.0,0.0,0.0,0.0
1791579390.86,2544892.0,1397.8,0.0,0.0,0.0,0.0,0.0,90.0,90.0,0.0,0.0,0.0,0.0,0.0,0.0,0.0,0.0,0.0,0.0,0.0,0.0,0.0,0.0,0.0,0,-1.0,-1.0,-1.0,-1.0,-1.0,0.0,0.0,0.0,0.0
1791579391.57,2544892.0,1398.5,0.0,0.0,0.0,0.0,0.0,90.0,90.0,0.0,0.0,0.0,0.0,0.0,0.0,0.0,0.0,0.0,0.0,0.0,0.0,0.0,0.0,0.0,0,-1.0,-1.0,-1.0,-1.0,-1.0,0.0,0.0,0.0,0.0
1791579393.41,2544892.0,1400.4,0.0,0.0,0.0,0.0,0.0,90.0,90.0,0.0,0.0,0.0,0.0,0.0,0.0,0.0,0.0,0.0,0.0,0.0,0.0,0.0,0.0,0.0,0,-1.0,-1.0,-1.0,-1.0,-1.0,0.0,0.0,0.0,0.0
1791579393.91,2544892.1,1400.9,0.0,0.0,0.0,0.0,0.0,90.0,90.0,0.0,0.0,0.0,0.0,0.0,0.0,0.0,0.0,0.0,0.0,0.0,0.0,0.0,0.0,0.0,0,-1.0,-1.0,-1.0,-1.0,-1.0,0.0,0.0,0.0,0.0
1791579394.41,2544892.1,1401.4,0.0,0.0,0.0,0.0,0.0,90.0,90.0,0.0,0.0,0.0,0.0,0.0,0.0,0.0,0.0,0.0,0.0,0.0,0.0,0.0,0.0,0.0,0,-1.0,-1.0,-1.0,-1.0,-1.0,0.0,0.0,0.0,0.0
1791579394.92,2544892.1,1401.9,0.0,0.0,0.0,0.0,0.0,90.0,90.0,0.0,0.0,0.0,0.0,0.0,0.0,0.0,0.0,0.0,0.0,0.0,0.0,0.0,0.0,0.0,0,-1.0,-1.0,-1.0,-1.0,-1.0,0.0,0.0,0.0,0.0
1791579395.42,2544892.1,1402.4,0.0,0.0,0.0,0.0,0.0,90.0,90.0,0.0,0.0,0.0,0.0,0.0,0.0,0.0,0.0,0.0,0.0,0.0,0.0,0.0,0.0,0.0,0,-1.0,-1.0,-1.0,-1.0,-1.0,0.0,0.0,0.0,0.0
1791579395.92,2544892.2,1402.9,0.0,0.0,0.0,0.0,0.0,90.0,90.0,0.0,0.0,0.0,0.0,0.0,0.0,0.0,0.0,0.0,0.0,0.0,0.0,0.0,0.0,0.0,0,-1.0,-1.0,-1.0,-1.0,-1.0,0.0,0.0,0.0,0.0
1791579396.43,2544892.2,1403.4,0.0,0.0,0.0,0.0,0.0,90.0,90.0,0.0,0.0,0.0,0.0,0.0,0.0,0.0,0.0,0.0,0.0,0.0,0.0,0.0,0.0,0.0,0,-1.0,-1.0,-1.0,-1.0,-1.0,0.0,0.0,0.0,0.0
1791579396.93,2544892.2,1403.9,0.0,0.0,0.0,0.0,0.0,90.0,90.0,0.0,0.0,0.0,0.0,0.0,0.0,0.0,0.0,0.0,0.0,0.0,0.0,0.0,0.0,0.0,0,-1.0,-1.0,-1.0,-1.0,-1.0,0.0,0.0,0.0,0.0
1791579397.43,2544892.2,1404.4,0.0,0.0,0.0,0.0,0.0,90.0,90.0,0.0,0.0,0.0,0.0,0.0,0.0,0.0,0.0,0.0,0.0,0.0,0.0,0.0,0.0,0.0,0,-1.0,-1.0,-1.0,-1.0,-1.0,0.0,0.0,0.0,0.0
1791579397.93,2544892.3,1404.9,0.0,0.0,0.0,0.0,0.0,90.0,90.0,0.0,0.0,0.0,0.0,0.0,0.0,0.0,0.0,0.0,0.0,0.0,0.0,0.0,0.0,0.0,0,-1.0,-1.0,-1.0,-1.0,-1.0,0.0,0.0,0.0,0.0
1791579398.44,2544892.3,1405.4,0.0,0.0,0.0,0.0,0.0,90.0,90.0,0.0,0.0,0.0,0.0,0.0,0.0,0.0,0.0,0.0,0.0,0.0,0.0,0.0,0.0,0.0,0,-1.0,-1.0,-1.0,-1.0,-1.0,0.0,0.0,0.0,0.0
1791579398.94,2544892.3,1405.9,0.0,0.0,0.0,0.0,0.0,90.0,90.0,0.0,0.0,0.0,0.0,0.0,0.0,0.0,0.0,0.0,0.0,0.0,0.0,0.0,0.0,0.0,0,-1.0,-1.0,-1.0,-1.0,-1.0,0.0,0.0,0.0,0.0
1791579399.44,2544892.3,1406.4,0.0,0.0,0.0,0.0,0.0,90.0,90.0,0.0,0.0,0.0,0.0,0.0,0.0,0.0,0.0,0.0,0.0,0.0,0.0,0.0,0.0,0.0,0,-1.0,-1.0,-1.0,-1.0,-1.0,0.0,0.0,0.0,0.0
1791579399.95,2544892.3,1406.9,0.0,0.0,0.0,0.0,0.0,90.0,90.0,0.0,0.0,0.0,0.0,0.0,0.0,0.0,0.0,0.0,0.0,0.0,0.0,0.0,0.0,0.0,0,-1.0,-1.0,-1.0,-1.0,-1.0,0.0,0.0,0.0,0.0
1791579400.45,2544892.5,1407.4,0.0,0.0,0.0,0.0,0.0,90.0,90.0,0.0,0.0,0.0,0.0,0.0,0.0,0.0,0.0,0.0,0.0,0.0,0.0,0.0,0.0,0.0,0,-1.0,-1.0,-1.0,-1.0,-1.0,0.0,0.0,0.0,0.0
1791579400.95,2544892.8,1407.9,0.0,0.0,0.0,0.0,0.0,90.0,90.0,0.0,0.0,0.0,0.0,0.0,0.0,0.0,0.0,0.0,0.0,0.0,0.0,0.0,0.0,0.0,0,-1.0,-1.0,-1.0,-1.0,-1.0,0.0,0.0,0.0,0.0
1791579401.45,2544892.9,1408.4,0.0,0.0,0.0,0.0,0.0,90.0,90.0,0.0,0.0,0.0,0.0,0.0,0.0,0.0,0.0,0.0,0.0,0.0,0.0,0.0,0.0,0.0,0,-1.0,-1.0,-1.0,-1.0,-1.0,0.0,0.0,0.0,0.0
1791579401.96,2544893.4,1408.9,0.0,0.0,0.0,0.0,0.0,90.0,90.0,0.0,0.0,0.0,0.0,0.0,0.0,0.0,0.0,0.0,0.0,0.0,0.0,0.0,0.0,0.0,0,-1.0,-1.0,-1.0,-1.0,-1.0,0.0,0.0,0.0,0.0
1791579402.46,2544893.5,1409.4,0.0,0.0,0.0,0.0,0.0,90.0,90.0,0.0,0.0,0.0,0.0,0.0,0.0,0.0,0.0,0.0,0.0,0.0,0.0,0.0,0.0,0.0,0,-1.0,-1.0,-1.0,-1.0,-1.0,0.0,0.0,0.0,0.0
1791579402.96,2544893.5,1409.9,0.0,0.0,0.0,0.0,0.0,90.0,90.0,0.0,0.0,0.0,0.0,0.0,0.0,0.0,0.0,0.0,0.0,0.0,0.0,0.0,0.0,0.0,0,-1.0,-1.0,-1.0,-1.0,-1.0,0.0,0.0,0.0,0.0
1791579403.47,2544893.6,1410.4,0.0,0.0,0.0,0.0,0.0,90.0,90.0,0.0,0.0,0.0,0.0,0.0,0.0,0.0,0.0,0.0,0.0,0.0,0.0,0.0,0.0,0.0,0,-1.0,-1.0,-1.0,-1.0,-1.0,0.0,0.0,0.0,0.0
