timestamp,MET,altitude,radar_alt,vert_speed,orbital_vel,surface_vel,apoapsis,periapsis,g_force,dynamic_pressure,throttle,stage
1790807918.79,0.0,74.9,2.5,-0.0,175.0,0.0,74.0,-598435.3,0.99,0.0,0.0,0
1790807919.3,0.5,74.9,2.5,-0.0,175.0,0.0,74.0,-598435.3,0.99,0.0,0.0,0
1790807919.8,1.0,74.9,2.5,-0.0,175.0,0.0,74.0,-598435.3,0.99,0.0,0.0,0
1790807920.3,1.5,74.9,2.5,-0.0,175.0,0.0,74.0,-598435.3,0.99,0.0,0.0,0
1790807920.8,2.0,74.9,2.5,-0.0,175.0,0.0,74.0,-598435.3,0.99,0.0,0.0,0
1790807921.3,2.5,74.9,2.5,-0.0,175.0,0.0,74.0,-598435.3,0.99,0.0,0.0,0
1790807921.8,3.0,74.9,2.5,-0.0,175.0,0.0,74.0,-598435.3,0.99,0.0,0.0,0
1790807922.3,3.5,74.9,2.5,-0.0,175.0,0.0,74.0,-598435.3,0.99,0.0,0.0,0
1790807922.8,4.0,74.9,2.5,-0.0,175.0,0.0,74.0,-598435.3,0.99,0.0,0.0,0
1790807923.31,4.5,74.9,2.5,-0.0,175.0,0.0,74.0,-598435.3,0.99,0.0,0.0,0
1790807923.81,5.0,74.9,2.5,-0.0,175.0,0.0,74.0,-598435.3,0.99,0.0,0.0,0
1790807924.31,5.5,74.9,2.5,-0.0,175.0,0.0,74.0,-598435.3,0.99,0.0,0.0,0
1790807924.81,6.0,74.9,2.5,-0.0,175.0,0.0,74.0,-598435.3,0.99,0.0,0.0,0
1790807925.31,6.5,74.9,2.5,-0.0,175.0,0.0,74.0,-598435.3,0.99,0.0,0.0,0
1790807925.81,7.0,74.9,2.5,-0.0,175.0,0.0,74.0,-598435.3,0.99,0.0,0.0,0
1790807926.31,7.5,74.9,2.5,-0.0,175.0,0.0,74.0,-598435.3,0.99,0.0,0.0,0
1790807926.82,8.0,74.9,2.5,-0.0,175.0,0.0,74.0,-598435.3,0.99,0.0,0.0,0
1790807927.32,8.5,74.9,2.5,-0.0,175.0,0.0,74.0,-598435.3,0.99,0.0,0.0,0
1790807927.82,9.0,74.9,2.5,-0.0,175.0,0.0,74.0,-598435.3,0.99,0.0,0.0,0
1790807928.32,9.5,74.9,2.5,-0.0,175.0,0.0,74.0,-598435.3,0.99,0.0,0.0,0
1790807928.82,10.0,74.9,2.5,-0.0,175.0,0.0,74.0,-598435.3,0.99,0.0,0.0,0
1790807929.32,10.5,74.9,2.5,-0.0,175.0,0.0,74.0,-598435.3,0.99,0.0,0.0,0
1790807929.82,11.0,74.9,2.5,-0.0,175.0,0.0,74.0,-598435.3,0.99,0.0,0.0,0
1790807930.32,11.5,74.9,2.5,-0.0,175.0,0.0,74.0,-598435.3,0.99,0.0,0.0,0
1790807930.83,12.0,74.9,2.5,-0.0,175.0,0.0,74.0,-598435.3,0.99,0.0,0.0,0
1790807931.33,12.5,74.9,2.5,-0.0,175.0,0.0,74.0,-598435.3,0.99,0.0,0.0,0
1790807931.83,13.0,74.9,2.5,-0.0,175.0,0.0,74.0,-598435.3,0.99,0.0,0.0,0
1790807932.33,13.5,74.9,2.5,-0.0,175.0,0.0,74.0,-598435.3,0.99,0.0,0.0,0
1790807932.83,14.0,74.9,2.5,-0.0,175.0,0.0,74.0,-598435.3,0.99,0.0,0.0,0
1790807933.33,14.5,74.9,2.5,-0.0,175.0,0.0,74.0,-598435.3,0.99,0.0,0.0,0
1790807933.83,15.0,74.9,2.5,-0.0,175.0,0.0,74.0,-598435.3,0.99,0.0,0.0,0
1790807934.34,15.5,74.9,2.5,-0.0,175.0,0.0,74.0,-598435.3,0.99,0.0,0.0,0
1790807934.84,16.0,74.9,2.5,-0.0,175.0,0.0,74.0,-598435.3,0.99,0.0,0.0,0
1790807935.34,16.5,74.9,2.5,-0.0,175.0,0.0,74.0,-598435.3,0.99,0.0,0.0,0
1790807935.84,17.0,74.9,2.5,-0.0,175.0,0.0,74.0,-598435.3,0.99,0.0,0.0,0
1790807936.34,17.5,74.9,2.5,-0.0,175.0,0.0,74.0,-598435.3,0.99,0.0,0.0,0
1790807936.84,18.0,74.9,2.5,-0.0,175.0,0.0,74.0,-598435.3,0.99,0.0,0.0,0
1790807937.34,18.6,74.9,2.5,-0.0,175.0,0.0,74.0,-598435.3,0.99,0.0,0.0,0
1790807937.85,19.1,74.9,2.5,-0.0,175.0,0.0,74.0,-598435.3,0.99,0.0,0.0,0
1790807938.35,19.6,74.9,2.5,-0.0,175.0,0.0,74.0,-598435.3,0.99,0.0,0.0,0
1790807938.85,20.1,74.9,2.5,-0.0,175.0,0.0,74.0,-598435.3,0.99,0.0,0.0,0
1790807939.35,20.6,74.9,2.5,-0.0,175.0,0.0,74.0,-598435.3,0.99,0.0,0.0,0
1790807939.85,21.1,74.9,2.5,-0.0,175.0,0.0,74.0,-598435.3,0.99,0.0,0.0,0
1790807940.35,21.6,74.9,2.5,-0.0,175.0,0.0,74.0,-598435.3,0.99,0.0,0.0,0
1790807940.85,22.1,74.9,2.5,-0.0,175.0,0.0,74.0,-598435.3,0.99,0.0,0.0,0
1790807941.35,22.6,74.9,2.5,-0.0,175.0,0.0,74.0,-598435.3,0.99,0.0,0.0,0
1790807941.86,23.1,74.9,2.5,-0.0,175.0,0.0,74.0,-598435.3,0.99,0.0,0.0,0
1790807942.36,23.6,74.9,2.5,-0.0,175.0,0.0,74.0,-598435.3,0.99,0.0,0.0,0
1790807942.86,24.1,74.9,2.5,-0.0,175.0,0.0,74.0,-598435.3,0.99,0.0,0.0,0
1790807943.36,24.6,74.9,2.5,-0.0,175.0,0.0,74.0,-598435.3,0.99,0.0,0.0,0
1790807943.86,25.1,74.9,2.5,-0.0,175.0,0.0,74.0,-598435.3,0.99,0.0,0.0,0
1790807944.36,25.6,74.9,2.5,-0.0,175.0,0.0,74.0,-598435.3,0.99,0.0,0.0,0
1790807944.86,26.1,74.9,2.5,-0.0,175.0,0.0,74.0,-598435.3,0.99,0.0,0.0,0
1790807945.37,26.6,74.9,2.5,-0.0,175.0,0.0,74.0,-598435.3,0.99,0.0,0.0,0
1790807945.87,27.1,74.9,2.5,-0.0,175.0,0.0,74.0,-598435.3,0.99,0.0,0.0,0
1790807946.37,27.6,74.9,2.5,-0.0,175.0,0.0,74.0,-598435.3,0.99,0.0,0.0,0
1790807946.87,28.1,74.9,2.5,-0.0,175.0,0.0,74.0,-598435.3,0.99,0.0,0.0,0
1790807947.37,28.6,74.9,2.5,-0.0,175.0,0.0,74.0,-598435.3,0.99,0.0,0.0,0
1790807947.87,29.1,74.9,2.5,-0.0,175.0,0.0,74.0,-598435.3,0.99,0.0,0.0,0
1790807948.37,29.6,74.9,2.5,-0.0,175.0,0.0,74.0,-598435.3,0.99,0.0,0.0,0
1790807948.87,30.1,74.9,2.5,-0.0,175.0,0.0,74.0,-598435.3,0.99,0.0,0.0,0
1790807949.38,30.6,74.9,2.5,-0.0,175.0,0.0,74.0,-598435.3,0.99,0.0,0.0,0
1790807949.88,31.1,74.9,2.5,-0.0,175.0,0.0,74.0,-598435.3,0.99,0.0,0.0,0
1790807950.38,31.6,74.9,2.5,-0.0,175.0,0.0,74.0,-598435.3,0.99,0.0,0.0,0
1790807950.88,32.1,74.9,2.5,-0.0,175.0,0.0,74.0,-598435.3,0.99,0.0,0.0,0
1790807951.38,32.6,74.9,2.5,-0.0,175.0,0.0,74.0,-598435.3,0.99,0.0,0.0,0
1790807951.88,33.1,74.9,2.5,-0.0,175.0,0.0,74.0,-598435.3,0.99,0.0,0.0,0
1790807952.38,33.6,74.9,2.5,-0.0,175.0,0.0,74.0,-598435.3,0.99,0.0,0.0,0
1790807952.88,34.1,74.9,2.5,-0.0,175.0,0.0,74.0,-598435.3,0.99,0.0,0.0,0
1790807953.39,34.6,74.9,2.5,-0.0,175.0,0.0,74.0,-598435.3,0.99,0.0,0.0,0
1790807953.89,35.1,74.9,2.5,-0.0,175.0,0.0,74.0,-598435.3,0.99,0.0,0.0,0
1790807954.39,35.6,74.9,2.5,-0.0,175.0,0.0,74.0,-598435.3,0.99,0.0,0.0,0
1790807954.89,36.1,74.9,2.5,-0.0,175.0,0.0,74.0,-598435.3,0.99,0.0,0.0,0
1790807955.39,36.6,74.9,2.5,-0.0,175.0,0.0,74.0,-598435.3,0.99,0.0,0.0,0
1790807955.89,37.1,74.9,2.5,-0.0,175.0,0.0,74.0,-598435.3,0.99,0.0,0.0,0
1790807956.39,37.6,74.9,2.5,-0.0,175.0,0.0,74.0,-598435.3,0.99,0.0,0.0,0
1790807956.9,38.1,74.9,2.5,-0.0,175.0,0.0,74.0,-598435.3,0.99,0.0,0.0,0
1790807957.4,38.6,74.9,2.5,-0.0,175.0,0.0,74.0,-598435.3,0.99,0.0,0.0,0
1790807957.9,39.1,74.9,2.5,-0.0,175.0,0.0,74.0,-598435.3,0.99,0.0,0.0,0
1790807958.4,39.6,74.9,2.5,-0.0,175.0,0.0,74.0,-598435.3,0.99,0.0,0.0,0
1790807958.9,40.1,74.9,2.5,-0.0,175.0,0.0,74.0,-598435.3,0.99,0.0,0.0,0
1790807959.4,40.6,74.9,2.5,-0.0,175.0,0.0,74.0,-598435.3,0.99,0.0,0.0,0
1790807959.9,41.1,74.9,2.5,-0.0,175.0,0.0,74.0,-598435.3,0.99,0.0,0.0,0
1790807960.4,41.6,74.9,2.5,-0.0,175.0,0.0,74.0,-598435.3,0.99,0.0,0.0,0
1790807960.91,42.1,74.9,2.5,-0.0,175.0,0.0,74.0,-598435.3,0.99,0.0,0.0,0
1790807961.41,42.6,74.9,2.5,-0.0,175.0,0.0,74.0,-598435.3,0.99,0.0,0.0,0
1790807961.91,43.1,74.9,2.5,-0.0,175.0,0.0,74.0,-598435.3,0.99,0.0,0.0,0
1790807962.41,43.6,74.9,2.5,-0.0,175.0,0.0,74.0,-598435.3,0.99,0.0,0.0,0
1790807962.91,44.1,74.9,2.5,-0.0,175.0,0.0,74.0,-598435.3,0.99,0.0,0.0,0
1790807963.41,44.6,74.9,2.5,-0.0,175.0,0.0,74.0,-598435.3,0.99,0.0,0.0,0
1790807963.91,45.1,74.9,2.5,-0.0,175.0,0.0,74.0,-598435.3,0.99,0.0,0.0,0
1790807964.42,45.6,74.9,2.5,-0.0,175.0,0.0,74.0,-598435.3,0.99,0.0,0.0,0
1790807964.92,46.1,74.9,2.5,-0.0,175.0,0.0,74.0,-598435.3,0.99,0.0,0.0,0
1790807965.42,46.6,74.9,2.5,-0.0,175.0,0.0,74.0,-598435.3,0.99,0.0,0.0,0
1790807965.92,47.1,74.9,2.5,-0.0,175.0,0.0,74.0,-598435.3,0.99,0.0,0.0,0
1790807966.42,47.6,74.9,2.5,-0.0,175.0,0.0,74.0,-598435.3,0.99,0.0,0.0,0
1790807966.92,48.1,74.9,2.5,-0.0,175.0,0.0,74.0,-598435.3,0.99,0.0,0.0,0
1790807967.42,48.6,74.9,2.5,-0.0,175.0,0.0,74.0,-598435.3,0.99,0.0,0.0,0
1790807967.92,49.1,74.9,2.5,-0.0,175.0,0.0,74.0,-598435.3,0.99,0.0,0.0,0
1790807968.43,49.6,74.9,2.5,-0.0,175.0,0.0,74.0,-598435.3,0.99,0.0,0.0,0
1790807968.93,50.1,74.9,2.5,-0.0,175.0,0.0,74.0,-598435.3,0.99,0.0,0.0,0
1790807969.43,50.6,74.9,2.5,-0.0,175.0,0.0,74.0,-598435.3,0.99,0.0,0.0,0
1790807969.93,51.1,74.9,2.5,-0.0,175.0,0.0,74.0,-598435.3,0.99,0.0,0.0,0
1790807970.43,51.6,74.9,2.5,-0.0,175.0,0.0,74.0,-598435.3,0.99,0.0,0.0,0
1790807970.93,52.1,74.9,2.5,-0.0,175.0,0.0,74.0,-598435.3,0.99,0.0,0.0,0
1790807971.43,52.6,74.9,2.5,-0.0,175.0,0.0,74.0,-598435.3,0.99,0.0,0.0,0
1790807971.94,53.1,74.9,2.5,-0.0,175.0,0.0,74.0,-598435.3,0.99,0.0,0.0,0
1790807972.44,53.6,74.9,2.5,-0.0,175.0,0.0,74.0,-598435.3,0.99,0.0,0.0,0
1790807972.94,54.1,74.9,2.5,-0.0,175.0,0.0,74.0,-598435.3,0.99,0.0,0.0,0
1790807973.44,54.6,74.9,2.5,-0.0,175.0,0.0,74.0,-598435.3,0.99,0.0,0.0,0
1790807973.94,55.1,74.9,2.5,-0.0,175.0,0.0,74.0,-598435.3,0.99,0.0,0.0,0
1790807974.44,55.6,74.9,2.5,-0.0,175.0,0.0,74.0,-598435.3,0.99,0.0,0.0,0
1790807974.94,56.1,74.9,2.5,-0.0,175.0,0.0,74.0,-598435.3,0.99,0.0,0.0,0
1790807975.44,56.7,74.9,2.5,-0.0,175.0,0.0,74.0,-598435.3,0.99,0.0,0.0,0
1790807975.95,57.2,74.9,2.5,-0.0,175.0,0.0,74.0,-598435.3,0.99,0.0,0.0,0
1790807976.45,57.7,74.9,2.5,-0.0,175.0,0.0,74.0,-598435.3,0.99,0.0,0.0,0
1790807976.95,58.2,74.9,2.5,-0.0,175.0,0.0,74.0,-598435.3,0.99,0.0,0.0,0
1790807977.45,58.7,74.9,2.5,-0.0,175.0,0.0,74.0,-598435.3,0.99,0.0,0.0,0
1790807977.95,59.2,74.9,2.5,-0.0,175.0,0.0,74.0,-598435.3,0.99,0.0,0.0,0
1790807978.45,59.7,74.9,2.5,-0.0,175.0,0.0,74.0,-598435.3,0.99,0.0,0.0,0
1790807978.95,60.2,74.9,2.5,-0.0,175.0,0.0,74.0,-598435.3,0.99,0.0,0.0,0
1790807979.46,60.7,74.9,2.5,-0.0,175.0,0.0,74.0,-598435.3,0.99,0.0,0.0,0
1790807979.96,61.2,74.9,2.5,-0.0,175.0,0.0,74.0,-598435.3,0.99,0.0,0.0,0
1790807980.46,61.7,74.9,2.5,-0.0,175.0,0.0,74.0,-598435.3,0.99,0.0,0.0,0
1790807980.96,62.2,74.9,2.5,-0.0,175.0,0.0,74.0,-598435.3,0.99,0.0,0.0,0
1790807981.46,62.7,74.9,2.5,-0.0,175.0,0.0,74.0,-598435.3,0.99,0.0,0.0,0
1790807981.96,63.2,74.9,2.5,-0.0,175.0,0.0,74.0,-598435.3,0.99,0.0,0.0,0
1790807982.46,63.7,74.9,2.5,-0.0,175.0,0.0,74.0,-598435.3,0.99,0.0,0.0,0
1790807982.97,64.2,74.9,2.5,-0.0,175.0,0.0,74.0,-598435.3,0.99,0.0,0.0,0
1790807983.47,64.7,74.9,2.5,-0.0,175.0,0.0,74.0,-598435.3,0.99,0.0,0.0,0
1790807983.97,65.2,74.9,2.5,-0.0,175.0,0.0,74.0,-598435.3,0.99,0.0,0.0,0
1790807984.47,65.7,74.9,2.5,-0.0,175.0,0.0,74.0,-598435.3,0.99,0.0,0.0,0
1790807984.97,66.2,74.9,2.5,-0.0,175.0,0.0,74.0,-598435.3,0.99,0.0,0.0,0
1790807985.47,66.7,74.9,2.5,-0.0,175.0,0.0,74.0,-598435.3,0.99,0.0,0.0,0
1790807985.97,67.2,74.9,2.5,-0.0,175.0,0.0,74.0,-598435.3,0.99,0.0,0.0,0
1790807986.47,67.7,74.9,2.5,-0.0,175.0,0.0,74.0,-598435.3,0.99,0.0,0.0,0
1790807986.98,68.2,74.9,2.5,-0.0,175.0,0.0,74.0,-598435.3,0.99,0.0,0.0,0
1790807987.48,68.7,74.9,2.5,-0.0,175.0,0.0,74.0,-598435.3,0.99,0.0,0.0,0
1790807987.98,69.2,74.9,2.5,-0.0,175.0,0.0,74.0,-598435.3,0.99,0.0,0.0,0
1790807988.48,69.7,74.9,2.5,-0.0,175.0,0.0,74.0,-598435.3,0.99,0.0,0.0,0
1790807988.98,70.2,74.9,2.5,-0.0,175.0,0.0,74.0,-598435.3,0.99,0.0,0.0,0
1790807989.48,70.7,74.9,2.5,-0.0,175.0,0.0,74.0,-598435.3,0.99,0.0,0.0,0
1790807989.98,71.2,74.9,2.5,-0.0,175.0,0.0,74.0,-598435.3,0.99,0.0,0.0,0
1790807990.49,71.7,74.9,2.5,-0.0,175.0,0.0,74.0,-598435.3,0.99,0.0,0.0,0
1790807990.99,72.2,74.9,2.5,-0.0,175.0,0.0,74.0,-598435.3,0.99,0.0,0.0,0
1790807991.49,72.7,74.9,2.5,-0.0,175.0,0.0,74.0,-598435.3,0.99,0.0,0.0,0
1790807991.99,73.2,74.9,2.5,-0.0,175.0,0.0,74.0,-598435.3,0.99,0.0,0.0,0
1790807992.49,73.7,74.9,2.5,-0.0,175.0,0.0,74.0,-598435.3,0.99,0.0,0.0,0
1790807992.99,74.2,74.9,2.5,-0.0,175.0,0.0,74.0,-598435.3,0.99,0.0,0.0,0
1790807993.49,74.7,74.9,2.5,-0.0,175.0,0.0,74.0,-598435.3,0.99,0.0,0.0,0
1790807994.08,75.3,74.9,2.5,-0.0,175.0,0.0,74.0,-598435.3,0.99,0.0,0.0,0
1790807994.58,75.8,74.9,2.5,-0.0,175.0,0.0,74.0,-598435.3,0.99,0.0,0.0,0
1790807995.08,76.3,74.9,2.5,-0.0,175.0,0.0,74.0,-598435.3,0.99,0.0,0.0,0
1790807995.58,76.8,74.9,2.5,-0.0,175.0,0.0,74.0,-598435.3,0.99,0.0,0.0,0
1790807996.09,77.3,74.9,2.5,-0.0,175.0,0.0,74.0,-598435.3,0.99,0.0,0.0,0
1790807996.59,77.8,74.9,2.5,-0.0,175.0,0.0,74.0,-598435.3,0.99,0.0,0.0,0
1790807997.09,78.3,74.9,2.5,-0.0,175.0,0.0,74.0,-598435.3,0.99,0.0,0.0,0
1790807997.59,78.8,74.9,2.5,-0.0,175.0,0.0,74.0,-598435.3,0.99,0.0,0.0,0
1790807998.09,79.3,74.9,2.5,-0.0,175.0,0.0,74.0,-598435.3,0.99,0.0,0.0,0
1790807998.59,79.8,74.9,2.5,-0.0,175.0,0.0,74.0,-598435.3,0.99,0.0,0.0,0
1790807999.09,80.3,74.9,2.5,-0.0,175.0,0.0,74.0,-598435.3,0.99,0.0,0.0,0
1790807999.6,80.8,74.9,2.5,-0.0,175.0,0.0,74.0,-598435.3,0.99,0.0,0.0,0
1790808000.1,81.3,74.9,2.5,-0.0,175.0,0.0,74.0,-598435.3,0.99,0.0,0.0,0
1790808000.6,81.8,74.9,2.5,-0.0,175.0,0.0,74.0,-598435.3,0.99,0.0,0.0,0
1790808001.1,82.3,74.9,2.5,-0.0,175.0,0.0,74.0,-598435.3,0.99,0.0,0.0,0
1790808001.6,82.8,74.9,2.5,-0.0,175.0,0.0,74.0,-598435.3,0.99,0.0,0.0,0
1790808002.1,83.3,74.9,2.5,-0.0,175.0,0.0,74.0,-598435.3,0.99,0.0,0.0,0
1790808002.6,83.8,74.9,2.5,-0.0,175.0,0.0,74.0,-598435.3,0.99,0.0,0.0,0
1790808003.11,84.3,74.9,2.5,-0.0,175.0,0.0,74.0,-598435.3,0.99,0.0,0.0,0
1790808003.61,84.8,74.9,2.5,-0.0,175.0,0.0,74.0,-598435.3,0.99,0.0,0.0,0
1790808004.11,85.3,74.9,2.5,-0.0,175.0,0.0,74.0,-598435.3,0.99,0.0,0.0,0
1790808004.61,85.8,74.9,2.5,-0.0,175.0,0.0,74.0,-598435.3,0.99,0.0,0.0,0
1790808005.11,86.3,74.9,2.5,-0.0,175.0,0.0,74.0,-598435.3,0.99,0.0,0.0,0
1790808005.61,86.8,74.9,2.5,-0.0,175.0,0.0,74.0,-598435.3,0.99,0.0,0.0,0
1790808006.11,87.3,74.9,2.5,-0.0,175.0,0.0,74.0,-598435.3,0.99,0.0,0.0,0
1790808006.61,87.8,74.9,2.5,-0.0,175.0,0.0,74.0,-598435.3,0.99,0.0,0.0,0
1790808007.12,88.3,74.9,2.5,-0.0,175.0,0.0,74.0,-598435.3,0.99,0.0,0.0,0
1790808007.62,88.8,74.9,2.5,-0.0,175.0,0.0,74.0,-598435.3,0.99,0.0,0.0,0
1790808008.12,89.3,74.9,2.5,-0.0,175.0,0.0,74.0,-598435.3,0.99,0.0,0.0,0
1790808008.62,89.8,74.9,2.5,-0.0,175.0,0.0,74.0,-598435.3,0.99,0.0,0.0,0
1790808009.12,90.3,74.9,2.5,-0.0,175.0,0.0,74.0,-598435.3,0.99,0.0,0.0,0
1790808009.62,90.8,74.9,2.5,-0.0,175.0,0.0,74.0,-598435.3,0.99,0.0,0.0,0
1790808010.12,91.3,74.9,2.5,-0.0,175.0,0.0,74.0,-598435.3,0.99,0.0,0.0,0
1790808010.63,91.8,74.9,2.5,-0.0,175.0,0.0,74.0,-598435.3,0.99,0.0,0.0,0
1790808011.13,92.3,74.9,2.5,-0.0,175.0,0.0,74.0,-598435.3,0.99,0.0,0.0,0
1790808011.63,92.8,74.9,2.5,-0.0,175.0,0.0,74.0,-598435.3,0.99,0.0,0.0,0
1790808012.13,93.3,74.9,2.5,-0.0,175.0,0.0,74.0,-598435.3,0.99,0.0,0.0,0
1790808012.63,93.8,74.9,2.5,-0.0,175.0,0.0,74.0,-598435.3,0.99,0.0,0.0,0
1790808013.13,94.3,74.9,2.5,-0.0,175.0,0.0,74.0,-598435.3,0.99,0.0,0.0,0
1790808013.63,94.8,74.9,2.5,-0.0,175.0,0.0,74.0,-598435.3,0.99,0.0,0.0,0
1790808014.14,95.3,74.9,2.5,-0.0,175.0,0.0,74.0,-598435.3,0.99,0.0,0.0,0
1790808014.64,95.8,74.9,2.5,-0.0,175.0,0.0,74.0,-598435.3,0.99,0.0,0.0,0
1790808015.14,96.3,74.9,2.5,-0.0,175.0,0.0,74.0,-598435.3,0.99,0.0,0.0,0
1790808015.64,96.8,74.9,2.5,-0.0,175.0,0.0,74.0,-598435.3,0.99,0.0,0.0,0
1790808016.14,97.3,74.9,2.5,-0.0,175.0,0.0,74.0,-598435.3,0.99,0.0,0.0,0
1790808016.64,97.8,74.9,2.5,-0.0,175.0,0.0,74.0,-598435.3,0.99,0.0,0.0,0
1790808017.14,98.3,74.9,2.5,-0.0,175.0,0.0,74.0,-598435.3,0.99,0.0,0.0,0
1790808017.64,98.9,74.9,2.5,-0.0,175.0,0.0,74.0,-598435.3,0.99,0.0,0.0,0
1790808018.15,99.4,74.9,2.5,-0.0,175.0,0.0,74.0,-598435.3,0.99,0.0,0.0,0
1790808018.65,99.9,74.9,2.5,-0.0,175.0,0.0,74.0,-598435.3,0.99,0.0,0.0,0
1790808019.15,100.4,74.9,2.5,-0.0,175.0,0.0,74.0,-598435.3,0.99,0.0,0.0,0
1790808019.65,100.9,74.9,2.5,-0.0,175.0,0.0,74.0,-598435.3,0.99,0.0,0.0,0
1790808020.15,101.4,74.9,2.5,-0.0,175.0,0.0,74.0,-598435.3,0.99,0.0,0.0,0
1790808020.65,101.9,74.9,2.5,-0.0,175.0,0.0,74.0,-598435.3,0.99,0.0,0.0,0
1790808021.15,102.4,74.9,2.5,-0.0,175.0,0.0,74.0,-598435.3,0.99,0.0,0.0,0
1790808021.66,102.9,74.9,2.5,-0.0,175.0,0.0,74.0,-598435.3,0.99,0.0,0.0,0
1790808022.16,103.4,74.9,2.5,-0.0,175.0,0.0,74.0,-598435.3,0.99,0.0,0.0,0
1790808022.66,103.9,74.9,2.5,-0.0,175.0,0.0,74.0,-598435.3,0.99,0.0,0.0,0
1790808023.16,104.4,74.9,2.5,-0.0,175.0,0.0,74.0,-598435.3,0.99,0.0,0.0,0
1790808023.66,104.9,74.9,2.5,-0.0,175.0,0.0,74.0,-598435.3,0.99,0.0,0.0,0
1790808024.16,105.4,74.9,2.5,-0.0,175.0,0.0,74.0,-598435.3,0.99,0.0,0.0,0
1790808024.66,105.9,74.9,2.5,-0.0,175.0,0.0,74.0,-598435.3,0.99,0.0,0.0,0
1790808025.16,106.4,74.9,2.5,-0.0,175.0,0.0,74.0,-598435.3,0.99,0.0,0.0,0
1790808025.67,106.9,74.9,2.5,-0.0,175.0,0.0,74.0,-598435.3,0.99,0.0,0.0,0
1790808026.17,107.4,74.9,2.5,-0.0,175.0,0.0,74.0,-598435.3,0.99,0.0,0.0,0
1790808026.67,107.9,74.9,2.5,-0.0,175.0,0.0,74.0,-598435.3,0.99,0.0,0.0,0
1790808027.17,108.4,74.9,2.5,-0.0,175.0,0.0,74.0,-598435.3,0.99,0.0,0.0,0
1790808027.67,108.9,74.9,2.5,-0.0,175.0,0.0,74.0,-598435.3,0.99,0.0,0.0,0
1790808028.17,109.4,74.9,2.5,-0.0,175.0,0.0,74.0,-598435.3,0.99,0.0,0.0,0
1790808028.67,109.9,74.9,2.5,-0.0,175.0,0.0,74.0,-598435.3,0.99,0.0,0.0,0
1790808029.18,110.4,74.9,2.5,-0.0,175.0,0.0,74.0,-598435.3,0.99,0.0,0.0,0
1790808029.68,110.9,74.9,2.5,-0.0,175.0,0.0,74.0,-598435.3,0.99,0.0,0.0,0
1790808030.18,111.4,74.9,2.5,-0.0,175.0,0.0,74.0,-598435.3,0.99,0.0,0.0,0
1790808030.68,111.9,74.9,2.5,-0.0,175.0,0.0,74.0,-598435.3,0.99,0.0,0.0,0
1790808031.18,112.4,74.9,2.5,-0.0,175.0,0.0,74.0,-598435.3,0.99,0.0,0.0,0
1790808031.68,112.9,74.9,2.5,-0.0,175.0,0.0,74.0,-598435.3,0.99,0.0,0.0,0
1790808032.18,113.4,74.9,2.5,-0.0,175.0,0.0,74.0,-598435.3,0.99,0.0,0.0,0
1790808032.69,113.9,74.9,2.5,-0.0,175.0,0.0,74.0,-598435.3,0.99,0.0,0.0,0
1790808033.19,114.4,74.9,2.5,-0.0,175.0,0.0,74.0,-598435.3,0.99,0.0,0.0,0
1790808033.69,114.9,74.9,2.5,-0.0,175.0,0.0,74.0,-598435.3,0.99,0.0,0.0,0
1790808034.19,115.4,74.9,2.5,-0.0,175.0,0.0,74.0,-598435.3,0.99,0.0,0.0,0
1790808034.69,115.9,74.9,2.5,-0.0,175.0,0.0,74.0,-598435.3,0.99,0.0,0.0,0
1790808035.19,116.4,74.9,2.5,-0.0,175.0,0.0,74.0,-598435.3,0.99,0.0,0.0,0
1790808035.69,116.9,74.9,2.5,-0.0,175.0,0.0,74.0,-598435.3,0.99,0.0,0.0,0
1790808036.19,117.4,74.9,2.5,-0.0,175.0,0.0,74.0,-598435.3,0.99,0.0,0.0,0
1790808036.7,117.9,74.9,2.5,-0.0,175.0,0.0,74.0,-598435.3,0.99,0.0,0.0,0
1790808037.2,118.4,74.9,2.5,-0.0,175.0,0.0,74.0,-598435.3,0.99,0.0,0.0,0
1790808037.7,118.9,74.9,2.5,-0.0,175.0,0.0,74.0,-598435.3,0.99,0.0,0.0,0
1790808038.2,119.4,74.9,2.5,-0.0,175.0,0.0,74.0,-598435.3,0.99,0.0,0.0,0
1790808038.7,119.9,74.9,2.5,-0.0,175.0,0.0,74.0,-598435.3,0.99,0.0,0.0,0
1790808039.2,120.4,74.9,2.5,-0.0,175.0,0.0,74.0,-598435.3,0.99,0.0,0.0,0
1790808039.7,120.9,74.9,2.5,-0.0,175.0,0.0,74.0,-598435.3,0.99,0.0,0.0,0
1790808040.2,121.4,74.9,2.5,-0.0,175.0,0.0,74.0,-598435.3,0.99,0.0,0.0,0
1790808040.71,121.9,74.9,2.5,-0.0,175.0,0.0,74.0,-598435.3,0.99,0.0,0.0,0
1790808041.21,122.4,74.9,2.5,-0.0,175.0,0.0,74.0,-598435.3,0.99,0.0,0.0,0
1790808041.71,122.9,74.9,2.5,-0.0,175.0,0.0,74.0,-598435.3,0.99,0.0,0.0,0
1790808042.21,123.4,74.9,2.5,-0.0,175.0,0.0,74.0,-598435.3,0.99,0.0,0.0,0
1790808042.71,123.9,74.9,2.5,-0.0,175.0,0.0,74.0,-598435.3,0.99,0.0,0.0,0
1790808043.21,124.4,74.9,2.5,-0.0,175.0,0.0,74.0,-598435.3,0.99,0.0,0.0,0
1790808043.71,124.9,74.9,2.5,-0.0,175.0,0.0,74.0,-598435.3,0.99,0.0,0.0,0
1790808044.22,125.4,74.9,2.5,-0.0,175.0,0.0,74.0,-598435.3,0.99,0.0,0.0,0
1790808044.72,125.9,74.9,2.5,-0.0,175.0,0.0,74.0,-598435.3,0.99,0.0,0.0,0
1790808045.22,126.4,74.9,2.5,-0.0,175.0,0.0,74.0,-598435.3,0.99,0.0,0.0,0
1790808045.72,126.9,74.9,2.5,-0.0,175.0,0.0,74.0,-598435.3,0.99,0.0,0.0,0
1790808046.22,127.4,74.9,2.5,-0.0,175.0,0.0,74.0,-598435.3,0.99,0.0,0.0,0
1790808046.72,127.9,74.9,2.5,-0.0,175.0,0.0,74.0,-598435.3,0.99,0.0,0.0,0
1790808047.22,128.4,74.9,2.5,-0.0,175.0,0.0,74.0,-598435.3,0.99,0.0,0.0,0
1790808047.72,128.9,74.9,2.5,-0.0,175.0,0.0,74.0,-598435.3,0.99,0.0,0.0,0
1790808048.23,129.4,74.9,2.5,-0.0,175.0,0.0,74.0,-598435.3,0.99,0.0,0.0,0
1790808048.73,129.9,74.9,2.5,-0.0,175.0,0.0,74.0,-598435.3,0.99,0.0,0.0,0
1790808049.23,130.4,74.9,2.5,-0.0,175.0,0.0,74.0,-598435.3,0.99,0.0,0.0,0
1790808049.73,130.9,74.9,2.5,-0.0,175.0,0.0,74.0,-598435.3,0.99,0.0,0.0,0
1790808050.23,131.4,74.9,2.5,-0.0,175.0,0.0,74.0,-598435.3,0.99,0.0,0.0,0
1790808050.73,131.9,74.9,2.5,-0.0,175.0,0.0,74.0,-598435.3,0.99,0.0,0.0,0
1790808051.23,132.4,74.9,2.5,-0.0,175.0,0.0,74.0,-598435.3,0.99,0.0,0.0,0
1790808051.74,132.9,74.9,2.5,-0.0,175.0,0.0,74.0,-598435.3,0.99,0.0,0.0,0
1790808052.24,133.4,74.9,2.5,-0.0,175.0,0.0,74.0,-598435.3,0.99,0.0,0.0,0
1790808052.74,133.9,74.9,2.5,-0.0,175.0,0.0,74.0,-598435.3,0.99,0.0,0.0,0
1790808053.24,134.4,74.9,2.5,-0.0,175.0,0.0,74.0,-598435.3,0.99,0.0,0.0,0
1790808053.74,134.9,74.9,2.5,-0.0,175.0,0.0,74.0,-598435.3,0.99,0.0,0.0,0
1790808054.24,135.4,74.9,2.5,-0.0,175.0,0.0,74.0,-598435.3,0.99,0.0,0.0,0
1790808054.74,135.9,74.9,2.5,-0.0,175.0,0.0,74.0,-598435.3,0.99,0.0,0.0,0
1790808055.24,136.5,74.9,2.5,-0.0,175.0,0.0,74.0,-598435.3,0.99,0.0,0.0,0
1790808055.75,137.0,74.9,2.5,-0.0,175.0,0.0,74.0,-598435.3,0.99,0.0,0.0,0
1790808056.25,137.5,74.9,2.5,-0.0,175.0,0.0,74.0,-598435.3,0.99,0.0,0.0,0
1790808056.75,138.0,74.9,2.5,-0.0,175.0,0.0,74.0,-598435.3,0.99,0.0,0.0,0
1790808057.25,138.5,74.9,2.5,-0.0,175.0,0.0,74.0,-598435.3,0.99,0.0,0.0,0
1790808057.75,139.0,74.9,2.5,-0.0,175.0,0.0,74.0,-598435.3,0.99,0.0,0.0,0
1790808058.25,139.5,74.9,2.5,-0.0,175.0,0.0,74.0,-598435.3,0.99,0.0,0.0,0
1790808058.75,140.0,74.9,2.5,-0.0,175.0,0.0,74.0,-598435.3,0.99,0.0,0.0,0
1790808059.26,140.5,74.9,2.5,-0.0,175.0,0.0,74.0,-598435.3,0.99,0.0,0.0,0
1790808059.76,141.0,74.9,2.5,-0.0,175.0,0.0,74.0,-598435.3,0.99,0.0,0.0,0
1790808060.26,141.5,74.9,2.5,-0.0,175.0,0.0,74.0,-598435.3,0.99,0.0,0.0,0
1790808060.76,142.0,74.9,2.5,-0.0,175.0,0.0,74.0,-598435.3,0.99,0.0,0.0,0
1790808061.26,142.5,74.9,2.5,-0.0,175.0,0.0,74.0,-598435.3,0.99,0.0,0.0,0
1790808061.76,143.0,74.9,2.5,-0.0,175.0,0.0,74.0,-598435.3,0.99,0.0,0.0,0
1790808062.27,143.5,74.9,2.5,-0.0,175.0,0.0,74.0,-598435.3,0.99,0.0,0.0,0
1790808062.77,144.0,74.9,2.5,-0.0,175.0,0.0,74.0,-598435.3,0.99,0.0,0.0,0
1790808063.27,144.5,74.9,2.5,-0.0,175.0,0.0,74.0,-598435.3,0.99,0.0,0.0,0
1790808063.77,145.0,74.9,2.5,-0.0,175.0,0.0,74.0,-598435.3,0.99,0.0,0.0,0
1790808064.27,145.5,74.9,2.5,-0.0,175.0,0.0,74.0,-598435.3,0.99,0.0,0.0,0
1790808064.77,146.0,74.9,2.5,-0.0,175.0,0.0,74.0,-598435.3,0.99,0.0,0.0,0
1790808065.27,146.5,74.9,2.5,-0.0,175.0,0.0,74.0,-598435.3,0.99,0.0,0.0,0
1790808065.78,147.0,74.9,2.5,-0.0,175.0,0.0,74.0,-598435.3,0.99,0.0,0.0,0
1790808066.28,147.5,74.9,2.5,-0.0,175.0,0.0,74.0,-598435.3,0.99,0.0,0.0,0
1790808066.78,148.0,74.9,2.5,-0.0,175.0,0.0,74.0,-598435.3,0.99,0.0,0.0,0
1790808067.28,148.5,74.9,2.5,-0.0,175.0,0.0,74.0,-598435.3,0.99,0.0,0.0,0
1790808067.78,149.0,74.9,2.5,-0.0,175.0,0.0,74.0,-598435.3,0.99,0.0,0.0,0
1790808068.28,149.5,74.9,2.5,-0.0,175.0,0.0,74.0,-598435.3,0.99,0.0,0.0,0
1790808068.78,150.0,74.9,2.5,-0.0,175.0,0.0,74.0,-598435.3,0.99,0.0,0.0,0
1790808069.28,150.5,74.9,2.5,-0.0,175.0,0.0,74.0,-598435.3,0.99,0.0,0.0,0
1790808069.79,151.0,74.9,2.5,-0.0,175.0,0.0,74.0,-598435.3,0.99,0.0,0.0,0
1790808070.29,151.5,74.9,2.5,-0.0,175.0,0.0,74.0,-598435.3,0.99,0.0,0.0,0
1790808070.79,152.0,74.9,2.5,-0.0,175.0,0.0,74.0,-598435.3,0.99,0.0,0.0,0
1790808071.29,152.5,74.9,2.5,-0.0,175.0,0.0,74.0,-598435.3,0.99,0.0,0.0,0
1790808071.79,153.0,74.9,2.5,-0.0,175.0,0.0,74.0,-598435.3,0.99,0.0,0.0,0
1790808072.29,153.5,74.9,2.5,-0.0,175.0,0.0,74.0,-598435.3,0.99,0.0,0.0,0
1790808072.79,154.0,74.9,2.5,-0.0,175.0,0.0,74.0,-598435.3,0.99,0.0,0.0,0
1790808073.3,154.5,74.9,2.5,-0.0,175.0,0.0,74.0,-598435.3,0.99,0.0,0.0,0
1790808073.8,155.0,74.9,2.5,-0.0,175.0,0.0,74.0,-598435.3,0.99,0.0,0.0,0
1790808074.3,155.5,74.9,2.5,-0.0,175.0,0.0,74.0,-598435.3,0.99,0.0,0.0,0
1790808074.8,156.0,74.9,2.5,-0.0,175.0,0.0,74.0,-598435.3,0.99,0.0,0.0,0
1790808075.3,156.5,74.9,2.5,-0.0,175.0,0.0,74.0,-598435.3,0.99,0.0,0.11,0
1790808075.8,157.0,74.9,2.5,-0.0,175.0,0.0,74.0,-598435.3,0.99,0.0,0.36,0
1790808076.3,157.5,74.9,2.5,-0.0,175.0,0.0,74.0,-598435.3,0.99,0.0,0.61,0
1790808076.8,158.0,74.9,2.5,0.0,175.0,0.0,74.0,-598435.3,0.99,0.0,0.86,0
1790808077.31,158.5,74.9,2.5,-0.0,175.0,0.0,74.0,-598435.3,0.99,0.0,1.0,0
1790808077.81,159.0,74.9,2.5,-0.0,175.0,0.0,74.0,-598435.3,0.99,0.0,1.0,0
1790808078.31,159.5,74.9,2.5,0.0,175.0,0.0,74.0,-598435.3,0.99,0.0,1.0,0
1790808078.81,160.0,74.9,2.5,-0.0,175.0,0.0,74.0,-598435.3,0.99,0.0,1.0,0
1790808079.31,160.5,74.9,2.5,0.0,175.0,0.0,74.0,-598435.3,0.99,0.0,1.0,0
1790808079.81,161.0,74.9,2.5,0.0,175.0,0.0,74.0,-598435.3,0.99,0.0,1.0,0
1790808080.31,161.5,74.9,2.5,-0.0,175.0,0.0,74.0,-598435.3,0.99,0.0,1.0,0
1790808080.82,162.0,74.9,2.5,-0.0,175.0,0.0,74.0,-598435.3,0.99,0.0,1.0,0
1790808081.32,162.5,74.9,2.5,0.0,175.0,0.0,74.0,-598435.3,0.99,0.0,1.0,0
1790808081.82,163.0,74.9,2.5,-0.0,175.0,0.0,74.0,-598435.3,0.99,0.0,1.0,0
1790808082.32,163.5,74.9,2.5,0.0,175.0,0.0,74.0,-598435.3,0.99,0.0,1.0,0
1790808082.82,164.0,74.9,2.5,0.0,175.0,0.0,74.0,-598435.3,0.99,0.0,1.0,0
1790808083.32,164.5,74.9,2.5,-0.0,175.0,0.0,74.0,-598435.3,0.99,0.0,1.0,0
1790808083.82,165.0,74.9,2.5,0.0,175.0,0.0,74.0,-598435.3,0.99,0.0,1.0,0
1790808084.32,165.5,74.9,2.5,-0.0,175.0,0.0,74.0,-598435.3,0.99,0.0,1.0,0
1790808084.83,166.0,74.9,2.5,-0.0,175.0,0.0,74.0,-598435.3,0.99,0.0,1.0,0
1790808085.33,166.5,74.9,2.5,0.0,175.0,0.0,74.0,-598435.3,0.99,0.0,1.0,0
1790808085.83,167.0,74.9,2.5,-0.0,175.0,0.0,74.0,-598435.3,0.99,0.0,1.0,0
1790808086.33,167.5,74.9,2.5,-0.0,175.0,0.0,74.0,-598435.3,0.99,0.0,1.0,0
1790808086.83,168.0,74.9,2.5,-0.0,175.0,0.0,74.0,-598435.3,0.99,0.0,1.0,0
1790808087.33,168.5,74.9,2.5,-0.0,175.0,0.0,74.0,-598435.3,0.99,0.0,1.0,0
1790808087.83,169.0,74.9,2.5,-0.0,175.0,0.0,74.0,-598435.3,0.99,0.0,1.0,0
1790808088.34,169.5,74.9,2.5,0.0,175.0,0.0,74.0,-598435.3,0.99,0.0,1.0,0
1790808088.84,170.0,74.9,2.5,-0.0,175.0,0.0,74.0,-598435.3,0.99,0.0,1.0,0
1790808089.34,170.5,74.9,2.5,0.0,175.0,0.0,74.0,-598435.3,0.99,0.0,1.0,0
1790808089.84,171.0,74.9,2.5,0.0,175.0,0.0,74.0,-598435.3,0.99,0.0,1.0,0
1790808090.34,171.5,74.9,2.5,-0.0,175.0,0.0,74.0,-598435.3,0.99,0.0,1.0,0
1790808090.84,172.0,74.9,2.5,0.0,175.0,0.0,74.0,-598435.3,0.99,0.0,1.0,0
1790808091.34,172.5,74.9,2.5,0.0,175.0,0.0,74.0,-598435.3,0.99,0.0,1.0,0
1790808091.84,173.1,74.9,2.5,-0.0,175.0,0.0,74.0,-598435.3,0.99,0.0,1.0,0
1790808092.35,173.6,74.9,2.5,0.0,175.0,0.0,74.0,-598435.3,0.99,0.0,1.0,0
1790808092.85,174.1,74.9,2.5,0.0,175.0,0.0,74.0,-598435.3,0.99,0.0,1.0,0
1790808093.35,174.6,74.9,2.5,0.0,175.0,0.0,74.0,-598435.3,0.99,0.0,1.0,0
1790808093.85,175.1,74.9,2.5,0.0,175.0,0.0,74.0,-598435.3,0.99,0.0,1.0,0
1790808094.35,175.6,74.9,2.5,0.0,175.0,0.0,74.0,-598435.3,0.99,0.0,1.0,0
1790808094.85,176.1,74.9,2.5,0.0,175.0,0.0,74.0,-598435.3,0.99,0.0,1.0,0
1790808095.35,176.6,74.9,2.5,-0.0,175.0,0.0,74.0,-598435.3,0.99,0.0,1.0,0
1790808095.86,177.1,74.9,2.5,0.0,175.0,0.0,74.0,-598435.3,0.99,0.0,1.0,0
1790808096.36,177.6,74.9,2.5,0.0,175.0,0.0,74.0,-598435.3,0.99,0.0,1.0,0
1790808096.86,178.1,74.9,2.5,0.0,175.0,0.0,74.0,-598435.3,0.99,0.0,1.0,0
1790808097.36,178.6,74.9,2.5,0.0,175.0,0.0,74.0,-598435.3,0.99,0.0,1.0,0
1790808097.86,179.1,74.9,2.5,-0.0,175.0,0.0,74.0,-598435.3,0.99,0.0,1.0,0
1790808098.36,179.6,74.9,2.5,-0.0,175.0,0.0,74.0,-598435.3,0.99,0.0,1.0,0
1790808098.86,180.1,74.9,2.5,0.0,175.0,0.0,74.0,-598435.3,0.99,0.0,1.0,0
1790808099.36,180.6,74.9,2.5,0.0,175.0,0.0,74.0,-598435.3,0.99,0.0,1.0,0
1790808099.86,181.1,74.9,2.5,-0.0,175.0,0.0,74.0,-598435.3,0.99,0.0,1.0,0
1790808100.37,181.6,74.9,2.5,0.0,175.0,0.0,74.0,-598435.3,0.99,0.0,1.0,0
1790808100.87,182.1,74.9,2.5,0.0,175.0,0.0,74.0,-598435.3,0.99,0.0,1.0,0
1790808101.37,182.6,74.9,2.5,0.0,175.0,0.0,74.0,-598435.3,0.99,0.0,1.0,0
1790808101.87,183.1,74.9,2.5,-0.0,175.0,0.0,74.0,-598435.3,0.99,0.0,1.0,0
1790808102.37,183.6,74.9,2.5,0.0,175.0,0.0,74.0,-598435.3,0.99,0.0,1.0,0
1790808102.87,184.1,74.9,2.5,-0.0,175.0,0.0,74.0,-598435.3,0.99,0.0,1.0,0
1790808103.37,184.6,74.9,2.5,-0.0,175.0,0.0,74.0,-598435.3,0.99,0.0,1.0,0
1790808103.87,185.1,74.9,2.5,-0.0,175.0,0.0,74.0,-598435.3,0.99,0.0,1.0,0
1790808104.38,185.6,74.9,2.5,0.0,175.0,0.0,74.0,-598435.3,0.99,0.0,1.0,0
1790808104.88,186.1,74.9,2.5,0.0,175.0,0.0,74.0,-598435.3,0.99,0.0,1.0,0
1790808105.38,186.6,74.9,2.5,-0.0,175.0,0.0,74.0,-598435.3,0.99,0.0,1.0,0
1790808105.88,187.1,74.9,2.5,0.4,175.0,0.4,74.0,-598435.3,1.09,0.08,1.0,0
1790808106.38,187.6,75.7,3.3,3.1,175.0,3.1,75.2,-598435.4,1.65,5.31,1.0,0
1790808106.88,188.1,78.0,5.6,6.3,175.1,6.3,79.2,-598435.7,1.66,22.42,1.0,0
1790808107.38,188.6,82.1,9.7,9.6,175.2,9.6,85.9,-598436.4,1.66,51.63,1.0,0
1790808107.89,189.1,87.7,15.3,12.9,175.3,12.9,95.3,-598437.5,1.67,93.11,1.0,0
1790808108.39,189.6,95.3,22.9,16.3,175.5,16.3,108.1,-598439.4,1.67,149.3,1.0,0
1790808108.89,190.1,104.4,32.0,19.6,175.7,19.6,123.3,-598442.1,1.67,215.77,1.0,0
1790808109.39,190.6,115.1,42.7,22.9,175.9,23.0,141.2,-598445.6,1.67,294.2,1.0,0
1790808109.89,191.1,127.4,55.0,26.2,176.1,26.3,161.8,-598449.7,1.67,384.27,1.0,0
1790808110.39,191.6,141.4,69.0,29.5,176.4,29.5,185.2,-598454.2,1.66,485.59,1.0,0
1790808110.89,192.1,157.0,84.6,32.8,176.7,32.8,211.2,-598458.8,1.66,597.7,1.0,0
1790808111.4,192.6,174.2,101.8,36.0,177.0,36.0,239.8,-598463.9,1.65,720.12,1.0,0
1790808111.9,193.1,193.0,120.6,39.2,177.4,39.3,271.0,-598470.0,1.65,852.37,1.0,0
1790808112.4,193.6,213.5,141.1,42.4,177.7,42.4,304.6,-598476.4,1.64,993.8,1.0,0
1790808112.9,194.1,235.5,163.1,45.5,178.2,45.6,340.8,-598482.1,1.64,1143.87,1.0,0
1790808113.4,194.6,259.0,186.6,48.6,178.6,48.7,379.3,-598489.3,1.63,1301.99,1.0,0
1790808113.9,195.1,284.1,211.7,51.7,179.1,51.8,420.1,-598495.0,1.62,1467.58,1.0,0
1790808114.41,195.6,311.8,239.4,54.8,179.7,55.0,464.9,-598501.9,1.61,1647.37,1.0,0
1790808114.91,196.1,340.0,267.6,57.8,180.2,58.0,510.2,-598508.8,1.6,1826.53,1.0,0
1790808115.41,196.6,369.6,297.2,60.7,180.9,61.0,557.7,-598514.9,1.6,2011.26,1.0,0
1790808115.91,197.1,400.7,328.3,63.6,181.5,63.9,607.2,-598520.5,1.59,2200.95,1.0,0
1790808116.41,197.6,433.2,360.8,66.4,182.2,66.8,658.7,-598526.1,1.58,2395.11,1.0,0
1790808116.91,198.1,467.2,394.9,69.2,183.0,69.6,712.1,-598531.5,1.57,2593.18,1.0,0
1790808117.41,198.6,502.5,432.3,71.9,183.8,72.4,767.3,-598536.4,1.56,2794.46,1.0,0
1790808117.91,199.1,539.1,471.5,74.6,184.6,75.2,824.3,-598540.5,1.55,2998.29,1.0,0
1790808118.42,199.6,577.1,509.5,77.3,185.5,77.9,883.0,-598545.0,1.54,3204.3,1.0,0
1790808118.92,200.1,616.5,548.8,79.9,186.3,80.6,943.3,-598548.9,1.53,3411.59,1.0,0
1790808119.42,200.6,657.1,589.4,82.4,187.3,83.2,1005.2,-598552.0,1.52,3619.49,1.0,0
1790808119.92,201.1,698.9,631.3,84.9,188.2,85.8,1068.4,-598555.3,1.51,3827.78,1.0,0
1790808120.42,201.6,742.0,674.4,87.3,189.2,88.3,1133.1,-598557.6,1.5,4035.39,1.0,0
1790808120.92,202.1,786.3,718.6,89.7,190.2,90.8,1199.1,-598559.6,1.49,4242.09,1.0,0
1790808121.43,202.6,831.8,764.1,92.0,191.2,93.3,1266.3,-598561.5,1.48,4447.38,1.0,0
1790808121.93,203.1,878.4,810.7,94.3,192.2,95.6,1334.6,-598562.2,1.47,4650.32,1.0,0
1790808122.43,203.6,926.1,858.4,96.5,193.3,98.0,1403.9,-598562.9,1.45,4851.1,1.0,0
1790808122.93,204.1,974.9,907.2,98.6,194.3,100.2,1474.3,-598563.3,1.44,5049.08,1.0,0
1790808123.43,204.6,1024.7,957.1,100.7,195.4,102.5,1545.6,-598562.5,1.43,5243.53,1.0,0
1790808123.93,205.1,1075.6,1008.0,102.7,196.5,104.6,1617.7,-598561.4,1.42,5434.75,1.0,0
1790808124.43,205.6,1127.5,1059.8,104.7,197.6,106.8,1690.5,-598560.2,1.41,5620.87,1.0,0
1790808124.94,206.1,1182.4,1114.8,106.6,198.7,108.9,1767.1,-598558.2,1.4,5812.45,1.0,0
1790808125.44,206.6,1236.2,1169.0,108.5,199.8,111.0,1841.3,-598555.1,1.39,5990.5,1.0,0
1790808125.94,207.1,1290.9,1225.7,110.2,201.0,112.9,1916.1,-598551.4,1.38,6164.37,1.0,0
1790808126.44,207.6,1346.5,1281.9,112.0,202.1,114.9,1991.4,-598547.8,1.37,6334.23,1.0,0
1790808126.94,208.1,1402.9,1338.3,113.6,203.2,116.8,2067.4,-598543.5,1.36,6499.73,1.0,0
1790808127.44,208.6,1460.2,1395.5,115.2,204.4,118.6,2143.8,-598537.8,1.35,6660.82,1.0,0
1790808127.94,209.1,1518.2,1453.5,116.8,205.5,120.4,2220.6,-598531.5,1.34,6818.21,1.0,0
1790808128.44,209.7,1577.0,1512.2,118.3,206.7,122.2,2297.9,-598525.1,1.33,6972.13,1.0,0
1790808128.95,210.2,1636.5,1571.8,119.8,207.8,124.0,2375.7,-598518.1,1.32,7122.31,1.0,0
1790808129.45,210.7,1696.8,1632.2,121.2,209.0,125.7,2453.9,-598509.5,1.31,7268.6,1.0,0
1790808129.95,211.2,1757.7,1693.3,122.6,210.3,127.5,2532.3,-598500.0,1.31,7411.73,1.0,0
1790808130.45,211.7,1819.4,1755.1,123.9,211.5,129.1,2611.1,-598490.4,1.3,7552.2,1.0,0
1790808130.95,212.2,1881.7,1817.6,125.2,212.7,130.8,2690.3,-598480.2,1.3,7687.24,1.0,0
1790808131.45,212.7,1944.6,1880.7,126.5,214.0,132.5,2769.9,-598468.3,1.29,7821.29,1.0,0
1790808131.95,213.2,2010.7,1947.0,127.7,215.3,134.2,2852.9,-598454.7,1.28,7960.57,1.0,0
1790808132.45,213.7,2074.9,2011.4,128.9,216.6,135.8,2932.8,-598441.1,1.28,8090.16,1.0,0
1790808132.96,214.2,2139.6,2076.3,130.1,217.9,137.4,3013.1,-598427.4,1.27,8217.69,1.0,0
1790808133.46,214.7,2204.9,2141.5,131.2,219.2,139.0,3093.8,-598411.7,1.27,8342.34,1.0,0
1790808133.96,215.2,2270.8,2207.2,132.2,220.6,140.6,3174.4,-598394.2,1.27,8465.14,1.0,0
1790808134.46,215.7,2337.2,2273.4,133.3,222.0,142.2,3255.1,-598376.7,1.26,8587.0,1.0,0
1790808134.96,216.2,2404.1,2337.2,134.3,223.4,143.8,3336.3,-598358.6,1.26,8706.97,1.0,0
1790808135.46,216.7,2471.5,2403.8,135.2,224.8,145.4,3417.5,-598337.8,1.25,8824.58,1.0,0
1790808135.96,217.2,2539.3,2471.6,136.1,226.3,147.0,3498.4,-598315.9,1.25,8941.78,1.0,0
1790808136.46,217.7,2607.6,2541.0,137.0,227.7,148.5,3579.7,-598294.3,1.25,9058.39,1.0,0
1790808136.97,218.2,2676.4,2611.8,137.9,229.3,150.1,3661.2,-598270.3,1.24,9172.72,1.0,0
1790808137.47,218.7,2745.5,2680.9,138.7,230.8,151.7,3742.1,-598243.8,1.24,9286.47,1.0,0
1790808137.97,219.2,2815.1,2750.5,139.5,232.4,153.3,3823.2,-598218.1,1.23,9397.44,1.0,0
1790808138.47,219.7,2887.8,2823.2,140.3,234.0,155.0,3907.9,-598189.2,1.23,9517.57,1.0,0
1790808138.97,220.2,2958.1,2893.5,141.0,235.7,156.6,3988.6,-598157.9,1.23,9628.99,1.0,0
1790808139.47,220.7,3028.8,2964.5,141.6,237.3,158.2,4069.1,-598127.3,1.22,9741.93,1.0,0
1790808139.97,221.2,3099.8,3035.9,142.3,239.0,159.8,4150.1,-598094.9,1.22,9852.87,1.0,0
1790808140.47,221.7,3171.0,3107.7,142.8,240.8,161.4,4229.8,-598058.6,1.22,9963.85,1.0,0
1790808140.98,222.2,3242.6,3179.8,143.4,242.4,163.0,4309.8,-598023.9,1.21,10076.35,1.0,0
1790808141.48,222.7,3310.9,3248.3,139.2,240.3,159.4,4317.8,-598015.5,0.15,9548.97,1.0,0
1790808141.98,223.2,3378.3,3315.7,130.9,234.9,151.3,4269.4,-598033.0,0.8,8522.73,1.0,0
1790808142.48,223.7,3441.7,3378.9,123.0,229.9,143.4,4227.9,-598049.3,0.74,7602.08,1.0,0
1790808142.98,224.2,3501.2,3438.3,115.3,225.2,135.9,4192.8,-598064.6,0.69,6776.29,1.0,0
1790808143.48,224.7,3556.9,3494.1,108.0,220.9,128.7,4163.4,-598078.6,0.63,6033.89,1.0,0
1790808143.98,225.2,3609.1,3546.3,101.0,217.0,121.9,4139.3,-598091.5,0.58,5371.13,1.0,0
1790808144.49,225.7,3659.7,3597.0,93.9,213.2,115.0,4118.6,-598103.3,0.53,4754.68,1.0,0
1790808144.99,226.2,3705.0,3642.4,87.4,210.0,108.7,4102.6,-598113.0,0.49,4224.18,1.0,0
1790808145.49,226.7,3747.0,3684.5,81.2,207.1,102.7,4089.8,-598121.0,0.45,3749.23,1.0,0
1790808145.99,227.2,3786.1,3723.3,75.1,204.5,97.0,4079.8,-598127.3,0.42,3324.27,1.0,0
1790808146.49,227.7,3822.1,3758.9,69.3,202.2,91.5,4071.9,-598131.7,0.39,2944.51,1.0,0
1790808146.99,228.2,3855.3,3791.6,63.6,200.2,86.2,4065.8,-598134.7,0.36,2604.68,1.0,0
1790808147.49,228.7,3885.6,3821.6,58.1,198.4,81.2,4061.4,-598136.6,0.34,2302.63,1.0,0
1790808147.99,229.2,3913.3,3848.8,52.7,196.9,76.5,4058.2,-598136.9,0.32,2034.42,1.0,0
1790808148.5,229.7,3938.3,3873.7,47.5,195.6,72.0,4055.9,-598135.8,0.3,1797.41,1.0,0
1790808149.0,230.2,3960.7,3896.2,42.4,194.4,67.8,4054.6,-598135.2,0.28,1588.35,1.0,0
1790808149.5,230.7,3980.6,3916.2,37.5,193.5,63.8,4053.9,-598133.3,0.27,1405.59,1.0,0
1790808150.0,231.2,3998.1,3933.7,32.6,192.7,60.2,4053.6,-598130.9,0.26,1246.33,1.0,0
1790808150.5,231.7,4013.2,3948.8,27.9,192.1,56.8,4053.9,-598128.1,0.25,1109.62,1.0,0
1790808151.0,232.2,4025.9,3961.6,23.3,191.7,53.8,4054.4,-598124.6,0.24,993.51,1.0,0
1790808151.5,232.7,4036.8,3972.7,18.6,191.3,51.1,4055.1,-598121.5,0.24,892.93,1.0,0
1790808152.01,233.2,4044.4,3980.5,14.6,191.2,49.0,4055.7,-598117.2,0.25,819.94,1.0,0
1790808152.51,233.7,4050.8,3987.1,10.2,191.1,47.0,4056.4,-598112.9,0.24,754.47,1.0,0
1790808153.01,234.2,4054.8,3991.3,6.0,191.2,45.5,4057.0,-598107.2,0.26,707.47,1.0,0
1790808153.51,234.7,4056.8,3993.5,2.0,191.4,44.5,4057.3,-598101.8,0.25,674.88,1.0,0
1790808154.01,235.2,4056.8,3993.7,-1.9,191.8,43.8,4057.2,-598094.6,0.26,656.22,1.0,0
1790808154.51,235.7,4054.8,3991.5,-5.8,192.2,43.6,4056.8,-598088.1,0.26,650.41,1.0,0
1790808155.01,236.2,4051.0,3987.5,-9.6,192.7,43.8,4056.0,-598080.0,0.27,656.87,1.0,0
1790808155.51,236.7,4045.2,3981.6,-13.3,193.3,44.4,4054.6,-598072.1,0.27,675.18,1.0,0
1790808156.01,237.2,4037.7,3974.0,-17.0,194.1,45.4,4052.8,-598063.4,0.28,704.29,1.0,0
1790808156.52,237.7,4028.3,3964.7,-20.6,194.9,46.6,4050.4,-598054.2,0.28,744.43,1.0,0
1790808157.02,238.2,4017.0,3953.6,-24.2,195.7,48.1,4047.6,-598045.5,0.29,793.98,1.0,0
1790808157.52,238.7,4004.0,3940.7,-27.8,196.7,49.8,4044.3,-598035.1,0.29,853.57,1.0,0
1790808158.02,239.2,3989.2,3926.0,-31.3,197.6,51.7,4040.3,-598026.6,0.29,921.27,1.0,0
1790808158.52,239.7,3972.7,3909.6,-34.8,198.7,53.7,4035.7,-598016.8,0.31,997.14,1.0,0
1790808159.02,240.2,3954.4,3891.5,-38.2,199.7,55.9,4030.4,-598008.8,0.32,1081.72,1.0,0
1790808159.52,240.7,3934.4,3871.6,-41.6,200.7,58.1,4024.6,-598002.2,0.32,1172.48,1.0,0
1790808160.03,241.2,3914.5,3851.8,-44.7,201.8,60.2,4018.6,-597993.4,0.33,1261.64,1.0,0
1790808160.53,241.7,3891.3,3828.4,-47.9,202.8,62.4,4011.0,-597989.4,0.35,1360.24,1.0,0
1790808161.03,242.2,3866.6,3803.4,-51.1,203.5,64.5,4002.5,-597990.0,0.37,1457.28,1.0,0
1790808161.53,242.7,3840.1,3776.8,-54.4,204.1,66.7,3994.1,-597996.6,0.35,1563.07,1.0,0
1790808162.03,243.2,3812.1,3748.6,-57.5,204.6,68.9,3984.3,-598003.6,0.37,1672.53,1.0,0
1790808162.53,243.7,3782.5,3718.8,-60.7,205.2,71.1,3973.9,-598010.7,0.4,1788.16,1.0,0
1790808163.03,244.2,3751.4,3687.4,-63.7,205.7,73.3,3962.2,-598018.0,0.41,1906.11,1.0,0
1790808163.53,244.7,3718.9,3655.0,-66.5,206.3,75.4,3948.9,-598025.4,0.43,2025.25,1.0,0
1790808164.04,245.2,3684.9,3621.2,-69.3,206.9,77.4,3934.2,-598032.8,0.46,2145.31,1.0,0
1790808164.54,245.7,3648.2,3584.7,-72.0,207.4,79.4,3917.4,-598041.3,0.48,2270.72,1.0,0
1790808165.04,246.2,3611.6,3548.3,-74.4,208.0,81.3,3899.3,-598048.6,0.51,2390.65,1.0,0
1790808165.54,246.7,3573.7,3510.8,-76.7,208.4,83.1,3879.3,-598056.6,0.56,2505.93,1.0,0
1790808166.04,247.2,3534.8,3472.1,-78.9,208.9,84.8,3858.4,-598064.4,0.6,2622.57,1.0,0
1790808166.54,247.7,3494.7,3432.2,-81.2,209.3,86.5,3837.0,-598074.3,0.59,2742.02,1.0,0
1790808167.04,248.2,3453.7,3391.3,-83.1,209.8,88.0,3812.4,-598081.3,0.61,2855.87,1.0,0
1790808167.54,248.8,3411.7,3349.4,-84.8,210.3,89.4,3785.0,-598084.7,0.66,2963.52,1.0,0
1790808168.05,249.3,3368.8,3306.4,-86.7,210.5,90.7,3758.6,-598097.1,0.7,3068.81,1.0,0
1790808168.55,249.8,3325.1,3262.8,-88.2,211.0,92.0,3729.1,-598101.5,0.67,3172.84,1.0,0
1790808169.05,250.3,3280.7,3218.3,-89.5,211.5,93.0,3696.0,-598101.7,0.77,3258.38,1.0,0
1790808169.55,250.8,3235.5,3173.2,-91.1,211.4,94.1,3665.7,-598119.8,0.78,3353.71,1.0,0
1790808170.05,251.3,3189.8,3127.5,-92.1,212.2,94.9,3629.4,-598112.4,0.85,3431.47,1.0,0
1790808170.55,251.8,3143.4,3081.1,-93.5,211.4,95.7,3596.5,-598141.8,0.89,3515.65,1.0,0
1790808171.05,252.3,3094.6,3032.2,-94.6,211.7,96.4,3558.1,-598148.0,0.94,3587.47,1.0,0
1790808171.55,252.8,3046.9,2984.6,-95.8,210.1,97.2,3522.2,-598194.4,0.95,3667.3,1.0,0
1790808172.06,253.3,2998.7,2936.4,-97.0,208.4,98.0,3485.9,-598242.9,0.94,3747.94,1.0,0
1790808172.56,253.8,2949.9,2887.6,-97.7,208.0,98.8,3444.1,-598259.6,0.99,3833.54,1.0,0
1790808173.06,254.3,2900.9,2838.6,-98.4,207.2,99.5,3401.9,-598284.7,0.91,3916.19,1.0,0
1790808173.56,254.8,2851.5,2789.2,-99.0,209.2,100.2,3358.6,-598247.5,1.02,3997.48,1.0,0
1790808174.06,255.3,2802.0,2739.7,-99.8,210.8,101.2,3317.9,-598222.1,0.81,4101.75,1.0,0
1790808174.56,255.8,2751.8,2689.5,-100.9,210.3,101.9,3279.0,-598243.8,1.07,4179.98,1.0,0
1790808175.06,256.3,2701.1,2638.8,-102.3,210.7,103.0,3242.3,-598250.6,0.75,4302.1,1.0,0
1790808175.56,256.8,2649.6,2587.4,-103.1,209.0,103.8,3199.7,-598295.5,1.04,4396.24,1.0,0
1790808176.07,257.3,2597.8,2535.5,-104.3,208.9,104.9,3160.0,-598309.9,0.74,4520.27,1.0,0
1790808176.57,257.8,2545.5,2483.3,-104.9,211.1,105.6,3114.0,-598269.3,1.0,4615.86,1.0,0
1790808177.07,258.3,2492.8,2430.6,-106.1,211.8,106.9,3074.9,-598267.4,0.72,4752.77,1.0,0
1790808177.57,258.8,2439.5,2377.3,-107.2,211.2,107.6,3033.0,-598294.0,0.96,4852.86,1.0,0
1790808178.07,259.3,2383.3,2321.1,-108.7,211.6,109.1,2993.4,-598300.5,0.7,5020.25,1.0,0
1790808178.57,259.8,2328.9,2266.6,-109.4,211.5,109.9,2947.5,-598313.6,0.9,5134.51,1.0,0
1790808179.07,260.3,2273.7,2211.5,-110.9,212.4,111.4,2909.3,-598310.0,0.71,5306.89,1.0,0
1790808179.57,260.8,2218.1,2155.8,-111.8,213.7,112.2,2863.6,-598291.6,0.87,5424.38,1.0,0
1790808180.08,261.3,2161.8,2099.5,-113.1,213.7,113.4,2822.0,-598306.5,0.77,5581.58,1.0,0
1790808180.58,261.8,2105.0,2042.8,-114.1,213.1,114.4,2776.8,-598332.0,0.81,5714.44,1.0,0
1790808181.08,262.3,2047.6,1985.4,-115.2,214.1,115.5,2732.5,-598323.3,0.8,5868.8,1.0,0
1790808181.58,262.8,1989.9,1927.8,-116.1,215.3,116.5,2686.2,-598308.7,0.78,6013.3,1.0,0
1790808182.08,263.3,1932.3,1870.3,-108.8,210.5,109.1,2543.4,-598330.2,2.97,5312.3,1.0,0
1790808182.58,263.8,1897.8,1835.8,-29.7,177.9,29.7,1943.4,-598418.3,18.31,396.58,1.0,0
1790808183.08,264.3,1887.9,1825.9,-14.9,176.0,14.9,1899.3,-598418.2,3.23,99.47,1.0,0
1790808183.59,264.8,1881.3,1819.3,-11.9,175.8,11.9,1888.7,-598418.1,1.42,63.16,1.0,0
1790808184.09,265.3,1875.4,1813.4,-10.9,175.8,10.9,1881.8,-598417.7,1.03,53.23,1.0,0
1790808184.59,265.8,1870.0,1808.0,-10.5,175.9,10.5,1876.2,-598415.5,0.97,49.46,1.0,0
1790808185.09,266.3,1865.4,1803.4,-10.1,176.0,10.1,1870.8,-598413.1,1.06,45.91,1.0,0
1790808185.59,266.8,1861.1,1799.1,-9.5,175.8,9.5,1865.3,-598414.9,1.16,41.06,1.0,0
1790808186.09,267.3,1855.9,1793.9,-9.6,175.6,9.6,1860.4,-598419.3,1.03,41.38,1.0,0
1790808186.59,267.8,1850.3,1788.3,-9.9,175.8,9.9,1855.9,-598416.8,0.86,44.59,1.0,0
1790808187.09,268.3,1846.3,1784.3,-9.5,175.9,9.5,1850.7,-598414.0,1.09,40.9,1.0,0
1790808187.6,268.8,1841.3,1779.4,-9.4,175.6,9.4,1845.7,-598419.8,1.08,39.78,1.0,0
1790808188.1,269.3,1836.0,1774.1,-9.7,175.9,9.7,1841.3,-598414.7,0.85,42.88,1.0,0
1790808188.6,269.8,1832.2,1770.3,-9.1,175.7,9.1,1835.9,-598417.2,1.17,37.07,1.0,0
1790808189.1,270.3,1826.5,1764.5,-9.7,175.7,9.7,1831.8,-598416.8,0.86,42.34,1.0,0
1790808189.6,270.8,1822.9,1760.9,-9.1,175.7,9.1,1826.6,-598416.4,1.15,37.22,1.0,0
1790808190.1,271.3,1817.1,1755.1,-9.6,175.8,9.6,1822.4,-598416.7,0.87,42.14,1.0,0
1790808190.6,271.8,1813.3,1751.3,-9.0,175.7,9.0,1817.0,-598417.4,1.14,37.06,1.0,0
1790808191.11,272.3,1807.7,1745.8,-9.7,175.9,9.7,1813.0,-598415.0,0.87,42.62,1.0,0
1790808191.61,272.8,1803.5,1741.5,-9.3,175.6,9.3,1807.7,-598419.9,1.09,38.86,1.0,0
1790808192.11,273.3,1799.1,1737.1,-9.2,175.9,9.2,1803.1,-598414.5,0.97,38.64,1.0,0
1790808192.61,273.8,1793.5,1731.5,-9.6,175.7,9.6,1798.8,-598418.5,0.92,42.15,1.0,0
1790808193.11,274.3,1789.7,1727.7,-9.5,175.7,9.5,1793.8,-598418.4,1.0,40.57,1.0,0
1790808193.61,274.8,1784.7,1722.8,-9.4,175.9,9.4,1789.1,-598414.6,0.99,39.87,1.0,0
1790808194.11,275.3,1779.5,1717.5,-9.6,175.6,9.6,1784.7,-598418.9,0.96,41.8,1.0,0
1790808194.61,275.8,1775.5,1713.5,-9.4,175.7,9.4,1779.6,-598418.4,1.01,40.46,1.0,0
1790808195.12,276.3,1770.6,1708.7,-9.4,175.8,9.4,1774.9,-598415.1,1.01,40.07,1.0,0
1790808195.62,276.8,1765.1,1703.1,-9.5,175.7,9.5,1770.3,-598418.2,0.95,41.5,1.0,0
1790808196.12,277.3,1761.1,1699.1,-9.1,175.6,9.1,1765.2,-598419.6,1.1,37.94,1.0,0
1790808196.62,277.8,1756.9,1694.9,-9.3,175.8,9.3,1760.8,-598416.5,0.92,39.26,1.0,0
1790808197.12,278.3,1751.7,1689.7,-9.5,175.8,9.5,1756.3,-598415.7,0.95,41.31,1.0,0
1790808197.62,278.8,1746.4,1684.4,-9.7,175.6,9.7,1751.7,-598419.4,0.98,43.14,1.0,0
1790808198.12,279.3,1742.5,1680.5,-9.0,175.6,9.0,1746.4,-598419.2,1.12,37.19,1.0,0
1790808198.62,279.8,1738.3,1676.4,-8.9,175.7,8.9,1741.9,-598417.1,0.99,36.24,1.0,0
1790808199.13,280.3,1733.7,1671.7,-9.5,175.8,9.5,1737.9,-598416.4,0.87,41.5,1.0,0
1790808199.63,280.8,1728.5,1666.5,-9.4,175.8,9.4,1733.0,-598416.5,1.01,40.48,1.0,0
1790808200.13,281.3,1723.1,1661.2,-9.8,175.7,9.8,1728.6,-598419.2,0.93,43.62,1.0,0
1790808200.63,281.8,1719.1,1657.1,-9.0,175.6,9.0,1723.2,-598419.8,1.16,36.86,1.0,0
1790808201.13,282.3,1715.0,1653.1,-8.7,175.6,8.7,1718.5,-598418.2,1.04,34.69,1.0,0
1790808201.63,282.8,1710.6,1648.6,-9.0,175.7,9.0,1714.4,-598418.0,0.93,37.35,1.0,0
1790808202.13,283.3,1705.9,1643.9,-8.9,175.7,8.9,1709.8,-598418.1,1.01,36.71,1.0,0
1790808202.64,283.8,1700.6,1638.7,-9.5,175.7,9.5,1705.7,-598417.2,0.87,41.42,1.0,0
1790808203.14,284.3,1695.8,1633.8,-9.6,175.8,9.6,1700.8,-598415.8,0.97,41.98,1.0,0
1790808203.64,284.8,1691.4,1629.5,-10.0,175.8,10.0,1696.3,-598416.9,0.9,45.78,1.0,0
1790808204.14,285.3,1686.6,1624.7,-9.7,175.7,9.7,1691.1,-598418.0,1.06,42.97,1.0,0
1790808204.64,285.8,1681.6,1619.6,-9.7,175.7,9.7,1686.3,-598418.2,0.98,43.05,1.0,0
1790808205.14,286.3,1676.1,1614.1,-10.0,175.7,10.0,1681.7,-598419.3,0.9,46.45,1.0,0
1790808205.64,286.8,1671.3,1609.4,-9.5,175.5,9.5,1676.2,-598421.3,1.18,41.21,1.0,0
1790808206.14,287.3,1667.2,1605.2,-9.0,175.6,9.0,1671.3,-598420.3,1.04,37.25,1.0,0
1790808206.64,287.9,1662.6,1600.7,-9.2,175.6,9.2,1667.0,-598419.6,0.92,39.45,1.0,0
1790808207.15,288.4,1657.4,1595.4,-9.7,175.7,9.7,1662.6,-598418.7,0.95,43.11,1.0,0
1790808207.65,288.9,1652.5,1590.5,-9.7,175.8,9.7,1657.8,-598416.2,1.0,43.16,1.0,0
1790808208.15,289.4,1648.0,1586.0,-9.9,175.8,9.9,1653.1,-598416.3,0.97,45.43,1.0,0
1790808208.65,289.9,1643.2,1581.2,-9.6,175.8,9.6,1647.9,-598417.4,1.04,43.01,1.0,0
1790808209.15,290.4,1637.9,1576.0,-9.7,175.7,9.7,1643.2,-598418.3,0.97,43.54,1.0,0
1790808209.65,290.9,1633.0,1571.1,-9.5,175.5,9.5,1638.1,-598421.3,1.05,41.51,1.0,0
1790808210.15,291.4,1628.8,1566.9,-8.8,175.5,8.8,1632.9,-598421.5,1.14,36.0,1.0,0
1790808210.66,291.9,1624.2,1562.2,-9.2,175.6,9.2,1628.6,-598420.6,0.89,39.4,1.0,0
1790808211.16,292.4,1619.2,1557.2,-9.2,175.6,9.2,1624.0,-598419.2,1.0,39.53,1.0,0
1790808211.66,292.9,1614.5,1552.6,-9.4,175.8,9.4,1619.5,-598416.5,0.94,41.01,1.0,0
1790808212.16,293.4,1610.2,1548.2,-9.6,175.8,9.6,1615.0,-598416.4,0.93,42.4,1.0,0
1790808212.66,293.9,1605.3,1543.4,-9.8,175.8,9.8,1610.4,-598417.3,0.96,44.62,1.0,0
1790808213.16,294.4,1600.2,1538.2,-9.6,175.7,9.6,1605.3,-598419.0,1.04,42.87,1.0,0
1790808213.66,294.9,1595.4,1533.4,-9.2,175.5,9.2,1600.2,-598421.9,1.1,39.18,1.0,0
1790808214.17,295.4,1591.3,1529.3,-8.6,175.5,8.6,1595.2,-598421.6,1.12,34.47,1.0,0
1790808214.67,295.9,1586.9,1524.9,-8.7,175.6,8.7,1591.0,-598420.5,0.97,35.03,1.0,0
1790808215.17,296.4,1582.0,1520.0,-8.9,175.7,8.9,1586.6,-598418.5,0.95,36.71,1.0,0
1790808215.67,296.9,1577.5,1515.5,-9.4,175.8,9.4,1582.5,-598417.0,0.9,41.08,1.0,0
1790808216.17,297.4,1573.2,1511.2,-8.9,175.7,8.9,1577.4,-598417.8,1.1,37.09,1.0,0
1790808216.67,297.9,1568.6,1506.6,-8.9,175.7,8.9,1573.0,-598419.2,0.98,37.24,1.0,0
1790808217.17,298.4,1563.9,1502.0,-8.8,175.5,8.8,1568.4,-598421.2,1.02,36.12,1.0,0
1790808217.67,298.9,1559.7,1497.7,-8.7,175.5,8.7,1564.0,-598421.9,1.04,35.22,1.0,0
1790808218.18,299.4,1555.5,1493.5,-9.0,175.6,9.0,1559.8,-598421.0,0.93,37.53,1.0,0
1790808218.68,299.9,1550.8,1488.8,-8.9,175.6,8.9,1555.3,-598419.7,1.01,37.19,1.0,0
1790808219.18,300.4,1546.3,1484.3,-9.4,175.7,9.4,1551.4,-598418.3,0.87,41.58,1.0,0
1790808219.68,300.9,1541.8,1479.8,-9.0,175.7,9.0,1546.3,-598418.0,1.12,37.54,1.0,0
1790808220.18,301.4,1537.4,1475.4,-8.9,175.7,8.9,1541.7,-598419.0,1.0,36.88,1.0,0
1790808220.68,301.9,1532.8,1470.8,-8.9,175.6,8.9,1537.4,-598420.4,0.96,37.46,1.0,0
1790808221.18,302.4,1528.3,1466.3,-8.9,175.5,8.9,1532.8,-598421.8,1.0,36.83,1.0,0
1790808221.68,302.9,1524.1,1462.1,-8.7,175.5,8.8,1528.4,-598421.6,1.01,35.93,1.0,0
1790808222.19,303.4,1519.6,1457.6,-9.2,175.6,9.2,1524.3,-598420.6,0.88,39.89,1.0,0
1790808222.69,303.9,1514.7,1452.7,-9.5,175.7,9.5,1519.9,-598419.3,0.96,42.6,1.0,0
1790808223.19,304.4,1510.0,1448.0,-9.2,175.7,9.2,1514.8,-598418.3,1.1,39.42,1.0,0
1790808223.69,304.9,1505.6,1443.7,-8.8,175.7,8.8,1510.0,-598418.9,1.04,36.55,1.0,0
1790808224.19,305.4,1501.1,1439.2,-8.9,175.6,8.9,1505.7,-598420.3,0.96,37.43,1.0,0
1790808224.69,305.9,1496.5,1434.6,-9.1,175.5,9.1,1501.4,-598421.7,0.95,39.28,1.0,0
1790808225.19,306.4,1492.0,1430.0,-9.3,175.5,9.3,1496.9,-598422.1,0.98,40.42,1.0,0
1790808225.69,306.9,1487.4,1425.4,-9.4,175.6,9.4,1492.3,-598421.3,0.97,41.37,1.0,0
1790808226.2,307.4,1482.5,1420.5,-9.7,175.7,9.7,1487.9,-598420.0,0.9,44.81,1.0,0
1790808226.7,307.9,1477.7,1415.7,-9.3,175.7,9.3,1482.7,-598418.7,1.13,41.04,1.0,0
1790808227.2,308.4,1473.2,1411.2,-9.2,175.7,9.2,1477.9,-598418.9,1.0,39.85,1.0,0
1790808227.7,308.9,1468.5,1406.5,-9.3,175.7,9.3,1473.4,-598420.0,0.97,40.98,1.0,0
1790808228.2,309.4,1463.6,1401.6,-9.3,175.6,9.3,1468.6,-598421.8,1.0,40.47,1.0,0
1790808228.7,309.9,1459.2,1397.2,-9.6,175.5,9.6,1464.4,-598422.5,0.9,43.81,1.0,0
1790808229.2,310.4,1454.0,1392.0,-10.2,175.6,10.2,1459.8,-598422.3,0.87,49.55,1.0,0
1790808229.7,310.9,1448.9,1386.9,-10.0,175.6,10.0,1454.5,-598420.9,1.06,47.02,1.0,0
1790808230.21,311.4,1444.0,1382.1,-9.4,175.7,9.4,1449.1,-598419.1,1.1,41.86,1.0,0
1790808230.71,311.9,1439.5,1377.5,-9.2,175.7,9.2,1444.3,-598418.9,1.02,40.24,1.0,0
1790808231.21,312.4,1434.8,1372.9,-9.2,175.7,9.2,1439.6,-598420.1,1.0,39.95,1.0,0
1790808231.71,312.9,1430.3,1368.3,-9.1,175.5,9.1,1435.1,-598422.1,0.99,39.35,1.0,0
1790808232.21,313.4,1425.6,1363.6,-9.5,175.5,9.5,1430.7,-598423.0,0.95,42.82,1.0,0
1790808232.71,313.9,1420.9,1358.9,-9.3,175.5,9.3,1425.8,-598422.4,1.03,41.19,1.0,0
1790808233.21,314.4,1416.2,1354.2,-9.5,175.6,9.5,1421.4,-598420.8,0.93,43.07,1.0,0
1790808233.71,314.9,1411.5,1349.5,-9.2,175.7,9.2,1416.3,-598419.3,1.07,39.95,1.0,0
1790808234.22,315.4,1407.1,1345.1,-9.0,175.7,9.0,1411.7,-598419.5,1.01,38.42,1.0,0
1790808234.72,315.9,1402.5,1340.6,-8.8,175.6,8.8,1407.0,-598421.0,1.05,36.53,1.0,0
1790808235.22,316.4,1398.1,1336.1,-9.3,175.5,9.3,1403.0,-598422.6,0.85,40.88,1.0,0
1790808235.72,316.9,1393.3,1331.4,-9.2,175.5,9.2,1398.1,-598423.2,1.01,40.17,1.0,0
1790808236.22,317.4,1388.7,1326.7,-9.4,175.5,9.4,1393.7,-598422.4,0.95,42.14,1.0,0
1790808236.72,317.9,1384.0,1322.0,-9.0,175.6,9.0,1388.7,-598420.8,1.07,38.9,1.0,0
1790808237.22,318.4,1379.5,1317.6,-8.8,175.7,8.8,1384.0,-598419.6,1.05,36.86,1.0,0
1790808237.73,318.9,1375.3,1313.3,-8.5,175.6,8.5,1379.4,-598420.1,1.04,34.45,1.0,0
1790808238.23,319.4,1370.9,1309.0,-8.7,175.6,8.7,1375.4,-598421.4,0.92,36.53,1.0,0
1790808238.73,319.9,1366.4,1304.4,-9.3,175.5,9.3,1371.4,-598422.6,0.9,41.69,1.0,0
1790808239.23,320.4,1361.7,1299.7,-9.4,175.5,9.4,1366.7,-598423.1,1.0,41.93,1.0,0
1790808239.73,320.9,1357.2,1295.2,-8.8,175.5,8.8,1361.6,-598422.4,1.11,36.79,1.0,0
1790808240.23,321.4,1352.8,1290.8,-8.8,175.6,8.8,1357.3,-598421.1,0.98,36.77,1.0,0
1790808240.73,321.9,1348.4,1286.5,-8.6,175.6,8.6,1352.8,-598420.4,1.04,35.87,1.0,0
1790808241.23,322.4,1344.1,1282.1,-8.9,175.6,8.9,1348.7,-598420.7,0.91,38.34,1.0,0
1790808241.74,322.9,1339.3,1277.3,-9.2,175.6,9.2,1344.2,-598421.7,0.96,40.93,1.0,0
1790808242.24,323.4,1334.6,1272.6,-9.6,175.6,9.6,1339.8,-598422.7,0.92,43.85,1.0,0
1790808242.74,323.9,1330.0,1268.1,-8.8,175.5,8.8,1334.5,-598423.2,1.16,37.06,1.0,0
1790808243.24,324.4,1325.7,1263.7,-8.6,175.5,8.6,1330.0,-598422.6,1.03,35.21,1.0,0
1790808243.74,324.9,1321.3,1259.4,-8.9,175.6,8.9,1325.9,-598421.8,0.91,37.88,1.0,0
1790808244.24,325.4,1316.8,1254.8,-9.4,175.6,9.4,1321.8,-598421.3,0.87,42.36,1.0,0
1790808244.74,325.9,1312.1,1250.1,-9.4,175.6,9.4,1317.2,-598421.4,0.99,42.88,1.0,0
1790808245.24,326.4,1307.3,1245.4,-9.6,175.6,9.6,1312.7,-598422.1,0.93,44.75,1.0,0
1790808245.74,327.0,1302.6,1240.6,-9.2,175.5,9.2,1307.5,-598422.9,1.09,40.78,1.0,0
1790808246.25,327.5,1298.2,1236.2,-8.7,175.5,8.7,1302.6,-598423.1,1.08,36.41,1.0,0
1790808246.75,328.0,1298.0,1236.0,-8.7,175.5,8.7,1302.4,-598423.1,1.07,36.35,1.0,0
1790808247.25,328.5,1298.0,1236.0,-8.7,175.5,8.7,1302.4,-598423.1,1.07,36.35,1.0,0
1790808247.75,329.0,1297.7,1235.7,-8.7,175.5,8.7,1302.0,-598423.1,1.06,36.23,1.0,0
1790808248.25,329.5,1297.7,1235.7,-8.7,175.5,8.7,1302.0,-598423.1,1.06,36.23,1.0,0
1790808248.75,330.0,1297.3,1235.3,-8.7,175.5,8.7,1301.7,-598423.1,1.05,36.12,1.0,0
1790808249.25,330.5,1297.3,1235.3,-8.7,175.5,8.7,1301.7,-598423.1,1.05,36.12,1.0,0
1790808249.76,331.0,1297.0,1235.0,-8.6,175.5,8.6,1301.3,-598423.1,1.05,36.03,1.0,0
1790808250.26,331.5,1297.0,1235.0,-8.6,175.5,8.6,1301.3,-598423.1,1.05,36.03,1.0,0
1790808250.76,332.0,1296.6,1234.6,-8.6,175.5,8.6,1301.0,-598423.1,1.04,35.95,1.0,0
1790808251.26,332.5,1296.6,1234.6,-8.6,175.5,8.6,1301.0,-598423.1,1.04,35.95,1.0,0
1790808251.76,333.0,1296.3,1234.3,-8.6,175.5,8.6,1300.6,-598423.1,1.03,35.89,1.0,0
1790808252.26,333.5,1296.3,1234.3,-8.6,175.5,8.6,1300.6,-598423.1,1.03,35.89,1.0,0
1790808252.76,334.0,1295.9,1234.0,-8.6,175.5,8.6,1300.3,-598423.0,1.03,35.85,1.0,0
1790808253.26,334.5,1295.9,1234.0,-8.6,175.5,8.6,1300.3,-598423.0,1.03,35.85,1.0,0
1790808253.77,335.0,1295.6,1233.6,-8.6,175.5,8.6,1299.9,-598423.0,1.02,35.83,1.0,0
1790808254.27,335.5,1295.6,1233.6,-8.6,175.5,8.6,1299.9,-598423.0,1.02,35.83,1.0,0
1790808254.77,336.0,1295.2,1233.3,-8.6,175.5,8.6,1299.6,-598423.0,1.02,35.83,1.0,0
1790808255.27,336.5,1295.2,1233.3,-8.6,175.5,8.6,1299.6,-598423.0,1.02,35.83,1.0,0
1790808255.77,337.0,1294.9,1232.9,-8.6,175.5,8.6,1299.2,-598423.0,1.01,35.87,1.0,0
1790808256.27,337.5,1294.9,1232.9,-8.6,175.5,8.6,1299.2,-598423.0,1.01,35.87,1.0,0
1790808256.77,338.0,1294.5,1232.6,-8.6,175.5,8.6,1298.9,-598422.9,1.0,35.94,1.0,0
1790808257.27,338.5,1294.5,1232.6,-8.6,175.5,8.6,1298.9,-598422.9,1.0,35.94,1.0,0
1790808257.78,339.0,1294.2,1232.2,-8.6,175.5,8.6,1298.6,-598422.9,1.0,36.07,1.0,0
1790808258.28,339.5,1294.2,1232.2,-8.6,175.5,8.6,1298.6,-598422.9,1.0,36.07,1.0,0
1790808258.78,340.0,1293.8,1231.9,-8.7,175.5,8.7,1298.2,-598422.8,0.99,36.26,1.0,0
1790808259.28,340.5,1293.8,1231.9,-8.7,175.5,8.7,1298.2,-598422.8,0.99,36.26,1.0,0
1790808259.78,341.0,1293.0,1231.0,-8.8,175.5,8.8,1297.5,-598422.8,0.95,37.21,1.0,0
1790808260.28,341.5,1289.2,1227.2,-9.2,175.6,9.2,1294.1,-598422.4,0.9,40.71,1.0,0
1790808260.78,342.0,1284.6,1222.6,-9.2,175.6,9.2,1289.5,-598422.1,0.99,41.3,1.0,0
1790808261.29,342.5,1279.9,1217.9,-9.5,175.6,9.5,1285.1,-598422.1,0.92,44.03,1.0,0
1790808261.79,343.0,1274.8,1212.8,-9.9,175.6,9.9,1280.4,-598422.4,0.93,47.27,1.0,0
1790808262.29,343.5,1273.2,1211.3,-9.6,175.6,9.6,1278.5,-598422.5,1.05,44.75,1.0,0
1790808262.79,344.0,1273.2,1211.3,-9.6,175.6,9.6,1278.5,-598422.5,1.05,44.75,1.0,0
1790808263.29,344.5,1272.9,1210.9,-9.5,175.6,9.5,1278.1,-598422.6,1.09,43.97,1.0,0
1790808263.79,345.0,1272.9,1210.9,-9.5,175.6,9.5,1278.1,-598422.6,1.09,43.97,1.0,0
1790808264.29,345.5,1272.5,1210.5,-9.4,175.6,9.4,1277.6,-598422.6,1.12,43.22,1.0,0
1790808264.79,346.0,1272.5,1210.5,-9.4,175.6,9.4,1277.6,-598422.6,1.12,43.22,1.0,0
1790808265.3,346.5,1272.1,1210.1,-9.4,175.6,9.4,1277.2,-598422.6,1.13,42.52,1.0,0
1790808265.8,347.0,1272.1,1210.1,-9.4,175.6,9.4,1277.2,-598422.6,1.13,42.52,1.0,0
1790808266.3,347.5,1271.7,1209.8,-9.3,175.6,9.3,1276.7,-598422.7,1.14,41.87,1.0,0
1790808266.8,348.0,1271.7,1209.8,-9.3,175.6,9.3,1276.7,-598422.7,1.14,41.87,1.0,0
1790808267.3,348.5,1271.4,1209.4,-9.2,175.6,9.2,1276.3,-598422.7,1.15,41.28,1.0,0
1790808267.8,349.0,1271.4,1209.4,-9.2,175.6,9.2,1276.3,-598422.7,1.15,41.28,1.0,0
1790808268.3,349.5,1271.0,1209.0,-9.2,175.6,9.2,1275.9,-598422.7,1.17,40.73,1.0,0
1790808268.8,350.0,1271.0,1209.0,-9.2,175.6,9.2,1275.9,-598422.7,1.17,40.73,1.0,0
1790808269.31,350.5,1270.6,1208.7,-9.1,175.5,9.1,1275.4,-598422.8,1.18,40.23,1.0,0
1790808269.81,351.0,1270.6,1208.7,-9.1,175.5,9.1,1275.4,-598422.8,1.18,40.23,1.0,0
1790808270.31,351.5,1270.3,1208.3,-9.1,175.5,9.1,1275.0,-598422.8,1.18,39.78,1.0,0
1790808270.81,352.0,1270.3,1208.3,-9.1,175.5,9.1,1275.0,-598422.8,1.18,39.78,1.0,0
1790808271.31,352.5,1269.9,1208.0,-9.0,175.5,9.0,1274.6,-598422.8,1.17,39.37,1.0,0
1790808271.81,353.0,1269.9,1208.0,-9.0,175.5,9.0,1274.6,-598422.8,1.17,39.37,1.0,0
1790808272.31,353.5,1269.6,1207.6,-9.0,175.5,9.0,1274.2,-598422.9,1.15,39.0,1.0,0
1790808272.82,354.0,1269.6,1207.6,-9.0,175.5,9.0,1274.2,-598422.9,1.15,39.0,1.0,0
1790808273.32,354.5,1269.2,1207.2,-8.9,175.5,8.9,1273.8,-598422.9,1.14,38.68,1.0,0
1790808273.82,355.0,1269.2,1207.2,-8.9,175.5,8.9,1273.8,-598422.9,1.14,38.68,1.0,0
1790808274.32,355.5,1268.9,1206.9,-8.9,175.5,8.9,1273.5,-598422.9,1.13,38.4,1.0,0
1790808274.82,356.0,1268.9,1206.9,-8.9,175.5,8.9,1273.5,-598422.9,1.13,38.4,1.0,0
1790808275.32,356.5,1268.5,1206.5,-8.9,175.5,8.9,1273.1,-598422.9,1.12,38.16,1.0,0
1790808275.82,357.0,1268.5,1206.5,-8.9,175.5,8.9,1273.1,-598422.9,1.12,38.16,1.0,0
1790808276.32,357.5,1268.1,1206.2,-8.9,175.5,8.9,1272.7,-598423.0,1.1,37.97,1.0,0
1790808276.83,358.0,1268.1,1206.2,-8.9,175.5,8.9,1272.7,-598423.0,1.1,37.97,1.0,0
1790808277.33,358.5,1267.8,1205.8,-8.8,175.5,8.8,1272.3,-598423.0,1.09,37.81,1.0,0
1790808277.83,359.0,1267.8,1205.8,-8.8,175.5,8.8,1272.3,-598423.0,1.09,37.81,1.0,0
1790808278.33,359.5,1267.4,1205.5,-8.8,175.5,8.8,1272.0,-598423.0,1.08,37.69,1.0,0
1790808278.83,360.0,1267.4,1205.5,-8.8,175.5,8.8,1272.0,-598423.0,1.08,37.69,1.0,0
1790808279.33,360.5,1267.1,1205.1,-8.8,175.5,8.8,1271.6,-598423.0,1.07,37.61,1.0,0
1790808279.83,361.0,1267.1,1205.1,-8.8,175.5,8.8,1271.6,-598423.0,1.07,37.61,1.0,0
1790808280.33,361.5,1266.7,1204.8,-8.8,175.5,8.8,1271.2,-598423.0,1.06,37.57,1.0,0
1790808280.84,362.0,1266.7,1204.8,-8.8,175.5,8.8,1271.2,-598423.0,1.06,37.57,1.0,0
1790808281.34,362.5,1266.4,1204.4,-8.8,175.5,8.8,1270.9,-598423.0,1.04,37.58,1.0,0
1790808281.84,363.0,1266.4,1204.4,-8.8,175.5,8.8,1270.9,-598423.0,1.04,37.58,1.0,0
1790808282.34,363.5,1266.0,1204.1,-8.8,175.5,8.8,1270.5,-598423.1,1.03,37.64,1.0,0
1790808282.84,364.0,1266.0,1204.1,-8.8,175.5,8.8,1270.5,-598423.1,1.03,37.64,1.0,0
1790808283.34,364.5,1265.7,1203.7,-8.8,175.5,8.8,1270.2,-598423.1,1.02,37.76,1.0,0
1790808283.84,365.0,1265.7,1203.7,-8.8,175.5,8.8,1270.2,-598423.1,1.02,37.76,1.0,0
1790808284.34,365.6,1265.3,1203.3,-8.8,175.5,8.8,1269.9,-598423.1,1.01,37.93,1.0,0
1790808284.85,366.1,1265.3,1203.3,-8.8,175.5,8.8,1269.9,-598423.1,1.01,37.93,1.0,0
1790808285.35,366.6,1265.0,1203.0,-8.9,175.5,8.9,1269.5,-598423.1,0.99,38.18,1.0,0
1790808285.85,367.1,1265.0,1203.0,-8.9,175.5,8.9,1269.5,-598423.1,0.99,38.18,1.0,0
1790808286.35,367.6,1264.6,1202.6,-8.9,175.5,8.9,1269.2,-598423.1,0.98,38.43,1.0,0
1790808286.85,368.1,1264.6,1202.6,-8.9,175.5,8.9,1269.2,-598423.1,0.98,38.43,1.0,0
1790808287.35,368.6,1264.2,1202.3,-8.9,175.5,8.9,1268.9,-598423.1,0.97,38.61,1.0,0
1790808287.85,369.1,1264.2,1202.3,-8.9,175.5,8.9,1268.9,-598423.1,0.97,38.61,1.0,0
1790808288.36,369.6,1263.9,1201.9,-8.9,175.5,8.9,1268.5,-598423.1,0.96,38.72,1.0,0
1790808288.86,370.1,1263.9,1201.9,-8.9,175.5,8.9,1268.5,-598423.1,0.96,38.72,1.0,0
1790808289.36,370.6,1263.5,1201.6,-8.9,175.5,8.9,1268.2,-598423.1,0.96,38.77,1.0,0
1790808289.86,371.1,1263.5,1201.6,-8.9,175.5,8.9,1268.2,-598423.1,0.96,38.77,1.0,0
1790808290.36,371.6,1263.2,1201.2,-8.9,175.5,8.9,1267.8,-598423.1,0.96,38.75,1.0,0
1790808290.86,372.1,1263.2,1201.2,-8.9,175.5,8.9,1267.8,-598423.1,0.96,38.75,1.0,0
1790808291.36,372.6,1262.8,1200.8,-8.9,175.5,8.9,1267.4,-598423.1,0.96,38.67,1.0,0
1790808291.86,373.1,1262.8,1200.8,-8.9,175.5,8.9,1267.4,-598423.1,0.96,38.67,1.0,0
1790808292.37,373.6,1262.5,1200.5,-8.9,175.5,8.9,1267.1,-598423.1,0.96,38.54,1.0,0
1790808292.87,374.1,1262.5,1200.5,-8.9,175.5,8.9,1267.1,-598423.1,0.96,38.54,1.0,0
1790808293.37,374.6,1262.1,1200.1,-8.9,175.5,8.9,1266.7,-598423.1,0.97,38.38,1.0,0
1790808293.87,375.1,1262.1,1200.1,-8.9,175.5,8.9,1266.7,-598423.1,0.97,38.38,1.0,0
1790808294.37,375.6,1261.7,1199.8,-8.9,175.5,8.9,1266.3,-598423.1,0.98,38.2,1.0,0
1790808294.87,376.1,1261.7,1199.8,-8.9,175.5,8.9,1266.3,-598423.1,0.98,38.2,1.0,0
1790808295.37,376.6,1261.4,1199.4,-8.9,175.5,8.9,1266.0,-598423.1,1.0,38.05,1.0,0
1790808295.88,377.1,1261.4,1199.4,-8.9,175.5,8.9,1266.0,-598423.1,1.0,38.05,1.0,0
1790808296.38,377.6,1261.0,1199.1,-8.8,175.5,8.8,1265.6,-598423.0,1.01,37.96,1.0,0
1790808296.88,378.1,1261.0,1199.1,-8.8,175.5,8.8,1265.6,-598423.0,1.01,37.96,1.0,0
1790808297.38,378.6,1260.7,1198.7,-8.8,175.5,8.8,1265.2,-598423.0,1.01,37.96,1.0,0
1790808297.88,379.1,1260.7,1198.7,-8.8,175.5,8.8,1265.2,-598423.0,1.01,37.96,1.0,0
1790808298.38,379.6,1260.3,1198.3,-8.9,175.5,8.9,1264.9,-598423.0,1.01,38.09,1.0,0
1790808298.88,380.1,1260.3,1198.3,-8.9,175.5,8.9,1264.9,-598423.0,1.01,38.09,1.0,0
1790808299.39,380.6,1260.0,1198.0,-8.9,175.5,8.9,1264.6,-598423.0,1.0,38.4,1.0,0
1790808299.89,381.1,1260.0,1198.0,-8.9,175.5,8.9,1264.6,-598423.0,1.0,38.4,1.0,0
1790808300.39,381.6,1259.6,1197.6,-9.0,175.5,9.0,1264.3,-598423.0,0.99,38.94,1.0,0
1790808300.89,382.1,1259.6,1197.6,-9.0,175.5,9.0,1264.3,-598423.0,0.99,38.94,1.0,0
1790808301.39,382.6,1259.2,1197.3,-9.1,175.5,9.1,1264.0,-598423.0,0.96,39.76,1.0,0
1790808301.89,383.1,1259.2,1197.3,-9.1,175.5,9.1,1264.0,-598423.0,0.96,39.76,1.0,0
1790808302.39,383.6,1258.9,1196.9,-9.1,175.5,9.1,1263.7,-598423.0,0.94,40.44,1.0,0
1790808302.89,384.1,1258.9,1196.9,-9.1,175.5,9.1,1263.7,-598423.0,0.94,40.44,1.0,0
1790808303.4,384.6,1258.5,1196.5,-9.2,175.5,9.2,1263.4,-598423.0,0.92,40.85,1.0,0
1790808303.9,385.1,1258.5,1196.5,-9.2,175.5,9.2,1263.4,-598423.0,0.92,40.85,1.0,0
1790808304.4,385.6,1258.1,1196.2,-9.2,175.5,9.2,1263.0,-598423.0,0.91,41.06,1.0,0
1790808304.9,386.1,1258.1,1196.2,-9.2,175.5,9.2,1263.0,-598423.0,0.91,41.06,1.0,0
1790808305.4,386.6,1257.8,1195.8,-9.2,175.5,9.2,1262.7,-598423.0,0.9,41.16,1.0,0
1790808305.9,387.1,1257.8,1195.8,-9.2,175.5,9.2,1262.7,-598423.0,0.9,41.16,1.0,0
1790808306.4,387.6,1257.4,1195.4,-9.2,175.5,9.2,1262.3,-598422.9,0.9,41.22,1.0,0
1790808306.9,388.1,1257.4,1195.4,-9.2,175.5,9.2,1262.3,-598422.9,0.9,41.22,1.0,0
1790808307.41,388.6,1257.0,1195.1,-9.2,175.5,9.2,1262.0,-598422.9,0.89,41.31,1.0,0
1790808307.91,389.1,1257.0,1195.1,-9.2,175.5,9.2,1262.0,-598422.9,0.89,41.31,1.0,0
1790808308.41,389.6,1256.7,1194.7,-9.2,175.6,9.2,1261.6,-598422.9,0.89,41.45,1.0,0
1790808308.91,390.1,1256.7,1194.7,-9.2,175.6,9.2,1261.6,-598422.9,0.89,41.45,1.0,0
1790808309.41,390.6,1256.3,1194.3,-9.3,175.6,9.3,1261.3,-598422.9,0.9,41.67,1.0,0
1790808309.91,391.1,1256.3,1194.3,-9.3,175.6,9.3,1261.3,-598422.9,0.9,41.67,1.0,0
1790808310.41,391.6,1255.9,1194.0,-9.3,175.6,9.3,1260.9,-598422.9,0.9,41.98,1.0,0
1790808310.91,392.1,1255.9,1194.0,-9.3,175.6,9.3,1260.9,-598422.9,0.9,41.98,1.0,0
1790808311.42,392.6,1255.6,1193.6,-9.3,175.6,9.3,1260.6,-598422.9,0.92,42.39,1.0,0
1790808311.92,393.1,1255.6,1193.6,-9.3,175.6,9.3,1260.6,-598422.9,0.92,42.39,1.0,0
1790808312.42,393.6,1255.2,1193.2,-9.4,175.6,9.4,1260.3,-598422.9,0.92,42.88,1.0,0
1790808312.92,394.1,1255.2,1193.2,-9.4,175.6,9.4,1260.3,-598422.9,0.92,42.88,1.0,0
1790808313.42,394.6,1254.8,1192.8,-9.5,175.6,9.5,1259.9,-598422.9,0.92,43.46,1.0,0
1790808313.92,395.1,1254.8,1192.8,-9.5,175.6,9.5,1259.9,-598422.9,0.92,43.46,1.0,0
1790808314.42,395.6,1254.4,1192.5,-9.5,175.6,9.5,1259.6,-598422.9,0.91,44.13,1.0,0
1790808314.93,396.1,1254.4,1192.5,-9.5,175.6,9.5,1259.6,-598422.9,0.91,44.13,1.0,0
1790808315.43,396.6,1254.0,1192.1,-9.6,175.6,9.6,1259.3,-598422.8,0.89,44.85,1.0,0
1790808315.93,397.1,1254.0,1192.1,-9.6,175.6,9.6,1259.3,-598422.8,0.89,44.85,1.0,0
1790808316.43,397.6,1253.7,1191.7,-9.7,175.6,9.7,1259.0,-598422.8,0.87,45.64,1.0,0
1790808316.93,398.1,1253.7,1191.7,-9.7,175.6,9.7,1259.0,-598422.8,0.87,45.64,1.0,0
1790808317.43,398.6,1253.3,1191.3,-9.8,175.6,9.8,1258.7,-598422.8,0.85,46.3,1.0,0
1790808317.93,399.1,1253.3,1191.3,-9.8,175.6,9.8,1258.7,-598422.8,0.85,46.3,1.0,0
1790808318.43,399.6,1252.9,1190.9,-9.8,175.6,9.8,1258.4,-598422.8,0.84,46.8,1.0,0
1790808318.94,400.1,1252.9,1190.9,-9.8,175.6,9.8,1258.4,-598422.8,0.84,46.8,1.0,0
1790808319.44,400.6,1252.5,1190.5,-9.9,175.6,9.9,1258.0,-598422.8,0.84,47.14,1.0,0
1790808319.94,401.1,1252.5,1190.5,-9.9,175.6,9.9,1258.0,-598422.8,0.84,47.14,1.0,0
1790808320.44,401.6,1252.1,1190.1,-9.9,175.6,9.9,1257.6,-598422.8,0.85,47.33,1.0,0
1790808320.94,402.1,1252.1,1190.1,-9.9,175.6,9.9,1257.6,-598422.8,0.85,47.33,1.0,0
1790808321.44,402.6,1251.7,1189.7,-9.9,175.6,9.9,1257.2,-598422.8,0.85,47.39,1.0,0
1790808321.94,403.2,1251.7,1189.7,-9.9,175.6,9.9,1257.2,-598422.8,0.85,47.39,1.0,0
1790808322.45,403.7,1251.3,1189.3,-9.9,175.6,9.9,1256.8,-598422.8,0.87,47.34,1.0,0
1790808322.95,404.2,1251.3,1189.3,-9.9,175.6,9.9,1256.8,-598422.8,0.87,47.34,1.0,0
1790808323.45,404.7,1250.9,1188.9,-9.9,175.6,9.9,1256.4,-598422.8,0.89,47.2,1.0,0
1790808323.95,405.2,1250.9,1188.9,-9.9,175.6,9.9,1256.4,-598422.8,0.89,47.2,1.0,0
1790808324.45,405.7,1250.5,1188.5,-9.8,175.6,9.8,1256.0,-598422.8,0.91,46.99,1.0,0
1790808324.95,406.2,1250.5,1188.5,-9.8,175.6,9.8,1256.0,-598422.8,0.91,46.99,1.0,0
1790808325.45,406.7,1250.5,1188.5,-9.8,175.6,9.8,1256.0,-598422.8,0.91,46.99,1.0,0
1790808325.95,407.2,1250.1,1188.1,-9.8,175.6,9.8,1255.6,-598422.8,0.94,46.72,1.0,0
1790808326.46,407.7,1250.1,1188.1,-9.8,175.6,9.8,1255.6,-598422.8,0.94,46.72,1.0,0
1790808326.96,408.2,1249.7,1187.8,-9.8,175.6,9.8,1255.2,-598422.7,0.97,46.4,1.0,0
1790808327.46,408.7,1249.7,1187.8,-9.8,175.6,9.8,1255.2,-598422.7,0.97,46.4,1.0,0
1790808327.96,409.2,1249.3,1187.4,-9.7,175.6,9.7,1254.7,-598422.7,1.0,46.06,1.0,0
1790808328.46,409.7,1249.3,1187.4,-9.7,175.6,9.7,1254.7,-598422.7,1.0,46.06,1.0,0
1790808328.96,410.2,1248.9,1187.0,-9.7,175.6,9.7,1254.3,-598422.7,1.02,45.7,1.0,0
1790808329.46,410.7,1248.9,1187.0,-9.7,175.6,9.7,1254.3,-598422.7,1.02,45.7,1.0,0
1790808329.97,411.2,1248.6,1186.6,-9.7,175.6,9.7,1253.9,-598422.7,1.04,45.33,1.0,0
1790808330.47,411.7,1248.6,1186.6,-9.7,175.6,9.7,1253.9,-598422.7,1.04,45.33,1.0,0
1790808330.97,412.2,1248.2,1186.2,-9.6,175.6,9.6,1253.5,-598422.7,1.06,44.97,1.0,0
1790808331.47,412.7,1248.2,1186.2,-9.6,175.6,9.6,1253.5,-598422.7,1.06,44.97,1.0,0
1790808331.97,413.2,1247.8,1185.8,-9.6,175.6,9.6,1253.0,-598422.7,1.07,44.61,1.0,0
1790808332.47,413.7,1247.8,1185.8,-9.6,175.6,9.6,1253.0,-598422.7,1.07,44.61,1.0,0
1790808332.97,414.2,1247.4,1185.4,-9.5,175.6,9.5,1252.6,-598422.7,1.07,44.27,1.0,0
1790808333.47,414.7,1247.4,1185.4,-9.5,175.6,9.5,1252.6,-598422.7,1.07,44.27,1.0,0
1790808333.98,415.2,1247.0,1185.0,-9.5,175.6,9.5,1252.2,-598422.7,1.08,43.95,1.0,0
1790808334.48,415.7,1247.0,1185.0,-9.5,175.6,9.5,1252.2,-598422.7,1.08,43.95,1.0,0
1790808334.98,416.2,1246.6,1184.7,-9.5,175.6,9.5,1251.8,-598422.7,1.08,43.66,1.0,0
1790808335.48,416.7,1246.6,1184.7,-9.5,175.6,9.5,1251.8,-598422.7,1.08,43.66,1.0,0
1790808335.98,417.2,1246.3,1184.3,-9.5,175.6,9.5,1251.4,-598422.7,1.08,43.41,1.0,0
1790808336.48,417.7,1246.3,1184.3,-9.5,175.6,9.5,1251.4,-598422.7,1.08,43.41,1.0,0
1790808336.98,418.2,1245.9,1183.9,-9.4,175.6,9.4,1251.0,-598422.7,1.08,43.22,1.0,0
1790808337.48,418.7,1245.9,1183.9,-9.4,175.6,9.4,1251.0,-598422.7,1.08,43.22,1.0,0
1790808337.99,419.2,1245.5,1183.5,-9.4,175.6,9.4,1250.6,-598422.7,1.07,43.14,1.0,0
1790808338.49,419.7,1245.5,1183.5,-9.4,175.6,9.4,1250.6,-598422.7,1.07,43.14,1.0,0
1790808338.99,420.2,1245.1,1183.2,-9.4,175.6,9.4,1250.2,-598422.7,1.06,43.24,1.0,0
1790808339.49,420.7,1245.1,1183.2,-9.4,175.6,9.4,1250.2,-598422.7,1.06,43.24,1.0,0
1790808339.99,421.2,1244.7,1182.8,-9.5,175.6,9.5,1249.9,-598422.7,1.04,43.67,1.0,0
1790808340.49,421.7,1244.7,1182.8,-9.5,175.6,9.5,1249.9,-598422.7,1.04,43.67,1.0,0
1790808340.99,422.2,1244.4,1182.4,-9.5,175.6,9.5,1249.6,-598422.7,1.01,44.12,1.0,0
1790808341.5,422.7,1244.4,1182.4,-9.5,175.6,9.5,1249.6,-598422.7,1.01,44.12,1.0,0
1790808342.0,423.2,1244.0,1182.0,-9.5,175.6,9.5,1249.2,-598422.7,1.01,43.97,1.0,0
1790808342.5,423.7,1244.0,1182.0,-9.5,175.6,9.5,1249.2,-598422.7,1.01,43.97,1.0,0
1790808343.0,424.2,1243.6,1181.6,-9.5,175.6,9.5,1248.8,-598422.7,1.01,43.54,1.0,0
1790808343.5,424.7,1243.6,1181.6,-9.5,175.6,9.5,1248.8,-598422.7,1.01,43.54,1.0,0
1790808344.0,425.2,1243.2,1181.3,-9.4,175.6,9.4,1248.3,-598422.7,1.01,43.12,1.0,0
1790808344.5,425.7,1243.2,1181.3,-9.4,175.6,9.4,1248.3,-598422.7,1.01,43.12,1.0,0
1790808345.0,426.2,1242.9,1180.9,-9.4,175.6,9.4,1247.9,-598422.7,1.02,42.8,1.0,0
1790808345.51,426.7,1242.9,1180.9,-9.4,175.6,9.4,1247.9,-598422.7,1.02,42.8,1.0,0
1790808346.01,427.2,1242.5,1180.5,-9.4,175.6,9.4,1247.5,-598422.7,1.01,42.58,1.0,0
1790808346.51,427.7,1242.5,1180.5,-9.4,175.6,9.4,1247.5,-598422.7,1.01,42.58,1.0,0
1790808347.01,428.2,1242.1,1180.1,-9.3,175.6,9.3,1247.1,-598422.7,1.01,42.44,1.0,0
1790808347.51,428.7,1242.1,1180.1,-9.3,175.6,9.3,1247.1,-598422.7,1.01,42.44,1.0,0
1790808348.01,429.2,1241.7,1179.8,-9.3,175.6,9.3,1246.8,-598422.7,1.01,42.35,1.0,0
1790808348.51,429.7,1241.7,1179.8,-9.3,175.6,9.3,1246.8,-598422.7,1.01,42.35,1.0,0
1790808349.01,430.2,1241.4,1179.4,-9.3,175.6,9.3,1246.4,-598422.7,1.02,42.28,1.0,0
1790808349.52,430.7,1241.4,1179.4,-9.3,175.6,9.3,1246.4,-598422.7,1.02,42.28,1.0,0
1790808350.02,431.2,1241.0,1179.0,-9.3,175.6,9.3,1246.0,-598422.7,1.03,42.22,1.0,0
1790808350.52,431.7,1241.0,1179.0,-9.3,175.6,9.3,1246.0,-598422.7,1.03,42.22,1.0,0
1790808351.02,432.2,1240.6,1178.6,-9.3,175.6,9.3,1245.6,-598422.7,1.05,42.16,1.0,0
1790808351.52,432.7,1240.6,1178.6,-9.3,175.6,9.3,1245.6,-598422.7,1.05,42.16,1.0,0
1790808352.02,433.2,1240.2,1178.3,-9.3,175.6,9.3,1245.2,-598422.7,1.04,42.11,1.0,0
1790808352.52,433.7,1240.2,1178.3,-9.3,175.6,9.3,1245.2,-598422.7,1.04,42.11,1.0,0
1790808353.02,434.2,1239.9,1177.9,-9.3,175.6,9.3,1244.9,-598422.7,1.03,42.05,1.0,0
1790808353.53,434.7,1239.9,1177.9,-9.3,175.6,9.3,1244.9,-598422.7,1.03,42.05,1.0,0
1790808354.03,435.2,1239.5,1177.5,-9.3,175.6,9.3,1244.5,-598422.7,1.02,42.01,1.0,0
1790808354.53,435.7,1239.5,1177.5,-9.3,175.6,9.3,1244.5,-598422.7,1.02,42.01,1.0,0
1790808355.03,436.2,1239.1,1177.2,-9.3,175.6,9.3,1244.1,-598422.7,1.01,41.97,1.0,0
1790808355.53,436.7,1239.1,1177.2,-9.3,175.6,9.3,1244.1,-598422.7,1.01,41.97,1.0,0
1790808356.03,437.2,1238.8,1176.8,-9.3,175.6,9.3,1243.7,-598422.8,1.01,41.95,1.0,0
1790808356.53,437.7,1238.8,1176.8,-9.3,175.6,9.3,1243.7,-598422.8,1.01,41.95,1.0,0
1790808357.04,438.2,1238.4,1176.4,-9.3,175.6,9.3,1243.4,-598422.8,1.01,41.91,1.0,0
1790808357.54,438.7,1238.4,1176.4,-9.3,175.6,9.3,1243.4,-598422.8,1.01,41.91,1.0,0
1790808358.04,439.2,1238.0,1176.1,-9.3,175.6,9.3,1243.0,-598422.8,1.01,41.82,1.0,0
1790808358.54,439.7,1238.0,1176.1,-9.3,175.6,9.3,1243.0,-598422.8,1.01,41.82,1.0,0
1790808359.04,440.2,1237.7,1175.7,-9.3,175.6,9.3,1242.6,-598422.8,1.01,41.69,1.0,0
1790808359.54,440.7,1237.7,1175.7,-9.3,175.6,9.3,1242.6,-598422.8,1.01,41.69,1.0,0
1790808360.04,441.2,1237.3,1175.3,-9.2,175.6,9.2,1242.2,-598422.8,1.01,41.52,1.0,0
1790808360.54,441.8,1237.3,1175.3,-9.2,175.6,9.2,1242.2,-598422.8,1.01,41.52,1.0,0
1790808361.05,442.3,1236.9,1174.9,-9.2,175.6,9.2,1241.8,-598422.8,1.02,41.31,1.0,0
1790808361.55,442.8,1236.9,1174.9,-9.2,175.6,9.2,1241.8,-598422.8,1.02,41.31,1.0,0
1790808362.05,443.3,1236.6,1174.6,-9.2,175.6,9.2,1241.4,-598422.9,1.02,41.06,1.0,0
1790808362.55,443.8,1236.6,1174.6,-9.2,175.6,9.2,1241.4,-598422.9,1.02,41.06,1.0,0
1790808363.05,444.3,1236.2,1174.2,-9.2,175.6,9.2,1241.0,-598422.9,1.03,40.79,1.0,0
1790808363.55,444.8,1236.2,1174.2,-9.2,175.6,9.2,1241.0,-598422.9,1.03,40.79,1.0,0
1790808364.05,445.3,1235.8,1173.8,-9.1,175.6,9.1,1240.6,-598422.9,1.03,40.49,1.0,0
1790808364.56,445.8,1235.8,1173.8,-9.1,175.6,9.1,1240.6,-598422.9,1.03,40.49,1.0,0
1790808365.06,446.3,1235.5,1173.5,-9.1,175.5,9.1,1240.2,-598422.9,1.04,40.17,1.0,0
1790808365.56,446.8,1235.5,1173.5,-9.1,175.5,9.1,1240.2,-598422.9,1.04,40.17,1.0,0
1790808366.06,447.3,1235.1,1173.1,-9.1,175.5,9.1,1239.8,-598423.0,1.05,39.85,1.0,0
1790808366.56,447.8,1235.1,1173.1,-9.1,175.5,9.1,1239.8,-598423.0,1.05,39.85,1.0,0
1790808367.06,448.3,1234.7,1172.8,-9.0,175.5,9.0,1239.4,-598423.0,1.06,39.51,1.0,0
1790808367.56,448.8,1234.7,1172.8,-9.0,175.5,9.0,1239.4,-598423.0,1.06,39.51,1.0,0
1790808368.06,449.3,1234.4,1172.4,-9.0,175.5,9.0,1239.0,-598423.0,1.07,39.18,1.0,0
1790808368.57,449.8,1234.4,1172.4,-9.0,175.5,9.0,1239.0,-598423.0,1.07,39.18,1.0,0
1790808369.07,450.3,1234.0,1172.0,-8.9,175.5,8.9,1238.6,-598423.0,1.07,38.85,1.0,0
1790808369.57,450.8,1234.0,1172.0,-8.9,175.5,8.9,1238.6,-598423.0,1.07,38.85,1.0,0
1790808370.07,451.3,1233.7,1171.7,-8.9,175.5,8.9,1238.2,-598423.1,1.08,38.52,1.0,0
1790808370.57,451.8,1233.7,1171.7,-8.9,175.5,8.9,1238.2,-598423.1,1.08,38.52,1.0,0
1790808371.07,452.3,1233.3,1171.3,-8.9,175.5,8.9,1237.9,-598423.1,1.08,38.21,1.0,0
1790808371.57,452.8,1233.3,1171.3,-8.9,175.5,8.9,1237.9,-598423.1,1.08,38.21,1.0,0
1790808372.08,453.3,1232.9,1171.0,-8.8,175.5,8.8,1237.5,-598423.1,1.08,37.91,1.0,0
1790808372.58,453.8,1232.9,1171.0,-8.8,175.5,8.8,1237.5,-598423.1,1.08,37.91,1.0,0
1790808373.08,454.3,1232.6,1170.6,-8.8,175.5,8.8,1237.1,-598423.1,1.08,37.64,1.0,0
1790808373.58,454.8,1232.6,1170.6,-8.8,175.5,8.8,1237.1,-598423.1,1.08,37.64,1.0,0
1790808374.08,455.3,1232.2,1170.3,-8.8,175.5,8.8,1236.7,-598423.2,1.08,37.4,1.0,0
1790808374.58,455.8,1232.2,1170.3,-8.8,175.5,8.8,1236.7,-598423.2,1.08,37.4,1.0,0
1790808375.08,456.3,1231.9,1169.9,-8.7,175.5,8.7,1236.3,-598423.2,1.08,37.21,1.0,0
1790808375.58,456.8,1231.9,1169.9,-8.7,175.5,8.7,1236.3,-598423.2,1.08,37.21,1.0,0
1790808376.09,457.3,1231.5,1169.6,-8.7,175.5,8.7,1236.0,-598423.2,1.07,37.07,1.0,0
1790808376.59,457.8,1231.5,1169.6,-8.7,175.5,8.7,1236.0,-598423.2,1.07,37.07,1.0,0
1790808377.09,458.3,1231.2,1169.2,-8.7,175.5,8.7,1235.6,-598423.3,1.07,37.0,1.0,0
1790808377.59,458.8,1231.2,1169.2,-8.7,175.5,8.7,1235.6,-598423.3,1.07,37.0,1.0,0
1790808378.09,459.3,1230.8,1168.9,-8.7,175.5,8.7,1235.3,-598423.3,1.06,37.02,1.0,0
1790808378.59,459.8,1230.8,1168.9,-8.7,175.5,8.7,1235.3,-598423.3,1.06,37.02,1.0,0
1790808379.09,460.3,1230.5,1168.5,-8.7,175.5,8.7,1234.9,-598423.3,1.04,37.15,1.0,0
1790808379.59,460.8,1230.5,1168.5,-8.7,175.5,8.7,1234.9,-598423.3,1.04,37.15,1.0,0
1790808380.1,461.3,1230.1,1168.2,-8.8,175.5,8.8,1234.6,-598423.3,1.02,37.44,1.0,0
1790808380.6,461.8,1230.1,1168.2,-8.8,175.5,8.8,1234.6,-598423.3,1.02,37.44,1.0,0
1790808381.1,462.3,1229.8,1167.8,-8.8,175.5,8.8,1234.3,-598423.4,1.0,37.94,1.0,0
1790808381.6,462.8,1229.8,1167.8,-8.8,175.5,8.8,1234.3,-598423.4,1.0,37.94,1.0,0
1790808382.1,463.3,1229.4,1167.4,-8.9,175.5,8.9,1234.1,-598423.4,0.97,38.73,1.0,0
1790808382.6,463.8,1229.4,1167.4,-8.9,175.5,8.9,1234.1,-598423.4,0.97,38.73,1.0,0
1790808383.1,464.3,1229.1,1167.1,-9.0,175.5,9.0,1233.8,-598423.4,0.94,39.43,1.0,0
1790808383.6,464.8,1229.1,1167.1,-9.0,175.5,9.0,1233.8,-598423.4,0.94,39.43,1.0,0
1790808384.11,465.3,1228.7,1166.7,-9.0,175.5,9.0,1233.4,-598423.4,0.92,39.8,1.0,0
1790808384.61,465.8,1228.7,1166.7,-9.0,175.5,9.0,1233.4,-598423.4,0.92,39.8,1.0,0
1790808385.11,466.3,1228.3,1166.4,-9.1,175.5,9.1,1233.1,-598423.4,0.91,39.97,1.0,0
1790808385.61,466.8,1228.3,1166.4,-9.1,175.5,9.1,1233.1,-598423.4,0.91,39.97,1.0,0
1790808386.11,467.3,1228.0,1166.0,-9.1,175.5,9.1,1232.7,-598423.5,0.9,40.09,1.0,0
1790808386.61,467.8,1228.0,1166.0,-9.1,175.5,9.1,1232.7,-598423.5,0.9,40.09,1.0,0
1790808387.11,468.3,1227.6,1165.6,-9.1,175.5,9.1,1232.4,-598423.5,0.89,40.28,1.0,0
1790808387.62,468.8,1227.6,1165.6,-9.1,175.5,9.1,1232.4,-598423.5,0.89,40.28,1.0,0
1790808388.12,469.3,1227.2,1165.3,-9.1,175.5,9.1,1232.1,-598423.5,0.89,40.65,1.0,0
1790808388.62,469.8,1227.2,1165.3,-9.1,175.5,9.1,1232.1,-598423.5,0.89,40.65,1.0,0
1790808389.12,470.3,1226.9,1164.9,-9.2,175.5,9.2,1231.8,-598423.5,0.87,41.21,1.0,0
1790808389.62,470.8,1226.9,1164.9,-9.2,175.5,9.2,1231.8,-598423.5,0.87,41.21,1.0,0
1790808390.12,471.3,1226.5,1164.5,-9.3,175.5,9.3,1231.5,-598423.5,0.86,41.95,1.0,0
1790808390.62,471.8,1223.5,1161.5,-9.6,175.5,9.6,1228.7,-598423.5,0.89,44.44,1.0,0
1790808391.12,472.3,1218.7,1156.8,-9.4,175.5,9.4,1223.8,-598423.3,1.03,42.79,1.0,0
1790808391.63,472.8,1218.2,1156.2,-9.4,175.5,9.4,1223.2,-598423.3,1.03,42.61,1.0,0
1790808392.13,473.3,1218.2,1156.2,-9.4,175.5,9.4,1223.2,-598423.3,1.03,42.61,1.0,0
1790808392.63,473.8,1217.8,1155.8,-9.3,175.5,9.3,1222.8,-598423.3,1.03,42.53,1.0,0
1790808393.13,474.3,1217.8,1155.8,-9.3,175.5,9.3,1222.8,-598423.3,1.03,42.53,1.0,0
1790808393.63,474.8,1217.4,1155.5,-9.3,175.5,9.3,1222.4,-598423.2,1.03,42.49,1.0,0
1790808394.13,475.3,1217.4,1155.5,-9.3,175.5,9.3,1222.4,-598423.2,1.03,42.49,1.0,0
1790808394.63,475.8,1217.1,1155.1,-9.3,175.6,9.3,1222.1,-598423.2,1.02,42.51,1.0,0
1790808395.14,476.3,1217.1,1155.1,-9.3,175.6,9.3,1222.1,-598423.2,1.02,42.51,1.0,0
1790808395.64,476.8,1216.7,1154.7,-9.3,175.6,9.3,1221.7,-598423.2,1.02,42.6,1.0,0
1790808396.14,477.3,1216.7,1154.7,-9.3,175.6,9.3,1221.7,-598423.2,1.02,42.6,1.0,0
1790808396.64,477.8,1216.3,1154.3,-9.4,175.6,9.4,1221.4,-598423.1,1.01,42.77,1.0,0
1790808397.14,478.3,1216.3,1154.3,-9.4,175.6,9.4,1221.4,-598423.1,1.01,42.77,1.0,0
1790808397.64,478.8,1215.9,1154.0,-9.4,175.6,9.4,1221.0,-598423.1,1.0,43.03,1.0,0
1790808398.14,479.3,1215.9,1154.0,-9.4,175.6,9.4,1221.0,-598423.1,1.0,43.03,1.0,0
1790808398.64,479.9,1215.6,1153.6,-9.4,175.6,9.4,1220.7,-598423.1,0.98,43.41,1.0,0
1790808399.15,480.4,1215.6,1153.6,-9.4,175.6,9.4,1220.7,-598423.1,0.98,43.41,1.0,0
1790808399.65,480.9,1215.2,1153.2,-9.5,175.6,9.5,1220.3,-598423.0,0.96,43.93,1.0,0
1790808400.15,481.4,1215.2,1153.2,-9.5,175.6,9.5,1220.3,-598423.0,0.96,43.93,1.0,0
1790808400.65,481.9,1214.8,1152.8,-9.5,175.6,9.5,1220.0,-598423.0,0.95,44.31,1.0,0
1790808401.15,482.4,1214.8,1152.8,-9.5,175.6,9.5,1220.0,-598423.0,0.95,44.31,1.0,0
1790808401.65,482.9,1214.4,1152.4,-9.5,175.6,9.5,1219.6,-598423.0,0.94,44.42,1.0,0
1790808402.15,483.4,1214.4,1152.4,-9.5,175.6,9.5,1219.6,-598423.0,0.94,44.42,1.0,0
1790808402.65,483.9,1214.0,1152.1,-9.5,175.6,9.5,1219.2,-598422.9,0.94,44.31,1.0,0
1790808403.16,484.4,1214.0,1152.1,-9.5,175.6,9.5,1219.2,-598422.9,0.94,44.31,1.0,0
1790808403.66,484.9,1213.6,1151.7,-9.5,175.6,9.5,1218.8,-598422.9,0.95,43.99,1.0,0
1790808404.16,485.4,1213.6,1151.7,-9.5,175.6,9.5,1218.8,-598422.9,0.95,43.99,1.0,0
1790808404.66,485.9,1213.3,1151.3,-9.5,175.6,9.5,1218.4,-598422.9,0.96,43.54,1.0,0
1790808405.16,486.4,1213.3,1151.3,-9.5,175.6,9.5,1218.4,-598422.9,0.96,43.54,1.0,0
1790808405.66,486.9,1212.9,1150.9,-9.4,175.6,9.4,1218.0,-598422.8,0.98,43.01,1.0,0
1790808406.16,487.4,1212.9,1150.9,-9.4,175.6,9.4,1218.0,-598422.8,0.98,43.01,1.0,0
1790808406.66,487.9,1212.5,1150.5,-9.3,175.6,9.3,1217.5,-598422.8,1.0,42.47,1.0,0
1790808407.17,488.4,1212.5,1150.5,-9.3,175.6,9.3,1217.5,-598422.8,1.0,42.47,1.0,0
1790808407.67,488.9,1212.1,1150.2,-9.3,175.6,9.3,1217.1,-598422.8,1.02,42.0,1.0,0
1790808408.17,489.4,1212.1,1150.2,-9.3,175.6,9.3,1217.1,-598422.8,1.02,42.0,1.0,0
1790808408.67,489.9,1211.8,1149.8,-9.2,175.6,9.2,1216.7,-598422.8,1.04,41.65,1.0,0
1790808409.17,490.4,1211.8,1149.8,-9.2,175.6,9.2,1216.7,-598422.8,1.04,41.65,1.0,0
1790808409.67,490.9,1211.4,1149.4,-9.2,175.6,9.2,1216.3,-598422.8,1.06,41.46,1.0,0
1790808410.17,491.4,1211.4,1149.4,-9.2,175.6,9.2,1216.3,-598422.8,1.06,41.46,1.0,0
1790808410.68,491.9,1211.0,1149.1,-9.2,175.6,9.2,1215.9,-598422.8,1.07,41.46,1.0,0
1790808411.18,492.4,1211.0,1149.1,-9.2,175.6,9.2,1215.9,-598422.8,1.07,41.46,1.0,0
1790808411.68,492.9,1210.7,1148.7,-9.2,175.6,9.2,1215.6,-598422.7,1.07,41.62,1.0,0
1790808412.18,493.4,1210.7,1148.7,-9.2,175.6,9.2,1215.6,-598422.7,1.07,41.62,1.0,0
1790808412.68,493.9,1206.5,1144.5,-8.9,175.6,8.9,1211.1,-598422.8,1.07,39.04,1.0,0
1790808413.18,494.4,1205.4,1143.4,-8.8,175.5,8.8,1210.0,-598422.9,1.09,38.19,1.0,0
1790808413.68,494.9,1205.4,1143.4,-8.8,175.5,8.8,1210.0,-598422.9,1.09,38.19,1.0,0
1790808414.18,495.4,1202.9,1141.0,-8.7,175.5,8.7,1207.4,-598423.2,1.05,37.1,1.0,0
1790808414.69,495.9,1198.4,1136.4,-9.1,175.5,9.1,1203.1,-598423.8,0.9,40.2,1.0,0
1790808415.19,496.4,1193.9,1131.9,-9.4,175.5,9.4,1199.0,-598424.1,0.92,43.01,1.0,0
1790808415.69,496.9,1189.1,1127.1,-9.4,175.5,9.4,1194.1,-598423.9,0.98,42.8,1.0,0
1790808416.19,497.4,1184.4,1122.4,-9.3,175.5,9.3,1189.3,-598423.4,1.05,41.95,1.0,0
1790808416.69,497.9,1179.8,1117.8,-9.2,175.6,9.2,1184.7,-598423.0,0.98,41.42,1.0,0
1790808417.19,498.4,1175.3,1113.3,-8.8,175.5,8.8,1179.8,-598423.1,1.07,38.03,1.0,0
1790808417.69,498.9,1170.9,1108.9,-9.0,175.5,9.0,1175.6,-598423.6,0.92,40.12,1.0,0
1790808418.19,499.4,1166.2,1104.2,-9.5,175.5,9.5,1171.4,-598424.1,0.93,43.92,1.0,0
1790808418.7,499.9,1161.5,1099.5,-9.5,175.5,9.5,1166.6,-598424.4,1.0,44.07,1.0,0
1790808419.2,500.4,1156.7,1094.7,-9.5,175.5,9.5,1161.9,-598424.2,1.0,44.77,1.0,0
1790808419.7,500.9,1152.1,1090.1,-9.0,175.5,9.0,1156.7,-598423.7,1.1,39.52,1.0,0
1790808420.2,501.4,1147.5,1085.6,-9.0,175.5,9.0,1152.3,-598423.3,0.98,39.98,1.0,0
1790808420.7,501.9,1142.9,1080.9,-9.3,175.6,9.3,1147.8,-598423.4,0.9,42.51,1.0,0
1790808421.2,502.4,1138.1,1076.2,-9.4,175.5,9.4,1143.2,-598423.8,1.0,43.11,1.0,0
1790808421.7,502.9,1133.4,1071.4,-9.5,175.5,9.5,1138.6,-598424.4,0.95,44.58,1.0,0
1790808422.2,503.4,1128.7,1066.7,-9.3,175.5,9.3,1133.6,-598424.7,1.05,42.74,1.0,0
1790808422.71,503.9,1124.2,1062.2,-8.8,175.5,8.8,1128.7,-598424.5,1.09,37.97,1.0,0
1790808423.21,504.4,1119.7,1057.7,-9.0,175.5,9.0,1124.4,-598424.1,0.92,40.2,1.0,0
1790808423.71,504.9,1115.2,1053.2,-9.2,175.5,9.2,1120.1,-598423.8,0.93,41.97,1.0,0
1790808424.21,505.4,1110.6,1048.6,-9.1,175.5,9.1,1115.4,-598423.8,1.02,41.25,1.0,0
1790808424.71,505.9,1106.0,1044.0,-9.5,175.5,9.5,1111.1,-598424.2,0.91,44.17,1.0,0
1790808425.21,506.4,1101.3,1039.3,-9.4,175.5,9.4,1106.3,-598424.8,1.01,43.53,1.0,0
1790808425.71,506.9,1096.7,1034.7,-8.9,175.5,8.9,1101.3,-598425.0,1.09,39.03,1.0,0
1790808426.22,507.4,1092.3,1030.3,-8.9,175.5,8.9,1096.9,-598424.8,0.96,39.59,1.0,0
1790808426.72,507.9,1087.8,1025.8,-9.0,175.5,9.0,1092.5,-598424.5,0.99,40.53,1.0,0
1790808427.22,508.4,1083.2,1021.2,-9.2,175.5,9.2,1088.1,-598424.2,0.98,42.32,1.0,0
1790808427.72,508.9,1078.3,1016.3,-9.6,175.5,9.6,1083.6,-598424.3,0.9,46.15,1.0,0
1790808428.22,509.4,1073.4,1011.4,-9.6,175.5,9.6,1078.7,-598424.6,1.04,45.78,1.0,0
1790808428.72,509.9,1068.7,1006.7,-9.3,175.5,9.3,1073.6,-598425.0,1.06,42.56,1.0,0
1790808429.22,510.4,1064.0,1002.1,-9.3,175.5,9.3,1069.0,-598425.2,0.98,42.61,1.0,0
1790808429.72,510.9,1059.4,997.5,-9.2,175.5,9.2,1064.3,-598425.1,1.01,41.82,1.0,0
1790808430.23,511.4,1054.8,992.9,-9.2,175.5,9.2,1059.8,-598424.9,0.98,42.35,1.0,0
1790808430.73,511.9,1050.1,988.1,-9.8,175.5,9.8,1055.6,-598424.7,0.87,47.4,1.0,0
1790808431.23,512.4,1045.3,983.3,-9.6,175.5,9.6,1050.5,-598424.8,1.06,45.43,1.0,0
1790808431.73,512.9,1040.5,978.5,-9.5,175.5,9.5,1045.7,-598425.0,0.98,45.06,1.0,0
1790808432.23,513.4,1035.8,973.8,-9.3,175.5,9.3,1040.8,-598425.2,1.0,43.5,1.0,0
1790808432.73,513.9,1031.2,969.3,-9.1,175.5,9.1,1036.0,-598425.4,1.04,41.09,1.0,0
1790808433.23,514.4,1026.6,964.6,-9.5,175.5,9.5,1031.8,-598425.4,0.89,45.16,1.0,0
1790808433.73,514.9,1021.9,959.9,-9.4,175.5,9.4,1027.0,-598425.3,1.02,44.23,1.0,0
1790808434.24,515.4,1017.1,955.1,-9.6,175.5,9.6,1022.4,-598425.2,0.95,46.0,1.0,0
1790808434.74,515.9,1012.4,950.4,-9.7,175.5,9.7,1017.7,-598425.2,0.96,46.64,1.0,0
1790808435.24,516.4,1007.6,945.6,-9.4,175.5,9.4,1012.6,-598425.3,1.07,43.97,1.0,0
1790808435.74,516.9,1002.9,941.0,-9.2,175.5,9.2,1007.8,-598425.4,1.01,42.17,1.0,0
1790808436.24,517.4,998.4,936.5,-8.9,175.5,8.9,1003.0,-598425.7,1.05,39.4,1.0,0
1790808436.74,517.9,993.9,931.9,-9.3,175.5,9.3,998.9,-598425.8,0.87,43.67,1.0,0
1790808437.24,518.5,989.2,927.3,-9.3,175.5,9.3,994.3,-598425.7,1.0,43.62,1.0,0
1790808437.74,519.0,984.5,922.5,-9.7,175.5,9.7,989.9,-598425.6,0.91,47.57,1.0,0
1790808438.25,519.5,979.6,917.6,-9.6,175.5,9.6,984.8,-598425.5,1.04,46.11,1.0,0
1790808438.75,520.0,974.8,912.9,-9.5,175.5,9.5,980.0,-598425.5,0.98,45.4,1.0,0
1790808439.25,520.5,970.1,908.1,-9.3,175.5,9.3,975.1,-598425.7,1.06,43.88,1.0,0
1790808439.75,521.0,965.4,903.4,-9.6,175.5,9.6,970.6,-598425.9,0.91,46.09,1.0,0
1790808440.25,521.5,960.6,898.6,-9.4,175.5,9.4,965.7,-598426.1,1.05,44.45,1.0,0
1790808440.75,522.0,955.7,893.7,-9.7,175.5,9.7,961.0,-598426.1,0.93,47.08,1.0,0
1790808441.25,522.5,950.9,888.9,-9.5,175.5,9.5,956.0,-598426.0,1.05,45.4,1.0,0
1790808441.76,523.0,946.3,884.3,-9.1,175.5,9.1,951.0,-598425.9,1.07,41.42,1.0,0
1790808442.26,523.5,941.7,879.7,-9.2,175.5,9.2,946.5,-598425.9,0.96,42.7,1.0,0
1790808442.76,524.0,937.1,875.1,-9.3,175.5,9.3,942.1,-598426.0,0.94,43.89,1.0,0
1790808443.26,524.5,932.4,870.5,-9.2,175.5,9.2,937.3,-598426.2,1.01,42.82,1.0,0
1790808443.76,525.0,927.8,865.8,-9.3,175.5,9.3,932.8,-598426.4,0.98,43.51,1.0,0
1790808444.26,525.5,923.1,861.2,-9.5,175.5,9.5,928.3,-598426.5,0.95,45.4,1.0,0
1790808444.76,526.0,918.5,856.5,-9.1,175.4,9.1,923.3,-598426.4,1.07,41.77,1.0,0
1790808445.27,526.5,913.9,851.9,-9.2,175.5,9.2,918.8,-598426.3,0.99,42.73,1.0,0
1790808445.77,527.0,909.3,847.4,-9.2,175.5,9.2,914.2,-598426.2,0.97,42.81,1.0,0
1790808446.27,527.5,904.6,842.6,-9.5,175.5,9.5,909.8,-598426.3,0.93,45.79,1.0,0
1790808446.77,528.0,899.8,837.9,-9.7,175.5,9.7,905.2,-598426.5,0.92,47.88,1.0,0
1790808447.27,528.5,894.8,832.9,-9.7,175.5,9.7,900.2,-598426.8,0.97,47.79,1.0,0
1790808447.77,529.0,890.1,828.1,-9.2,175.4,9.2,895.0,-598426.9,1.11,42.89,1.0,0
1790808448.27,529.5,885.5,823.6,-9.1,175.4,9.1,890.4,-598426.8,0.99,42.19,1.0,0
1790808448.77,530.0,881.0,819.0,-9.2,175.5,9.2,885.9,-598426.6,0.96,42.87,1.0,0
1790808449.28,530.5,876.3,814.4,-9.3,175.5,9.3,881.4,-598426.5,0.99,44.22,1.0,0
1790808449.78,531.0,871.6,809.6,-9.5,175.5,9.5,876.8,-598426.7,0.97,46.21,1.0,0
1790808450.28,531.5,867.1,805.2,-9.1,175.4,9.1,872.0,-598426.9,1.07,42.58,1.0,0
1790808450.78,532.0,862.4,800.4,-9.1,175.4,9.1,867.2,-598427.2,1.0,42.5,1.0,0
1790808451.28,532.5,857.8,795.8,-9.1,175.4,9.1,862.6,-598427.2,1.01,42.05,1.0,0
1790808451.78,533.0,853.2,791.2,-9.2,175.4,9.2,858.1,-598427.1,0.98,42.86,1.0,0
1790808452.28,533.5,848.6,786.6,-9.3,175.4,9.3,853.5,-598426.9,0.95,43.9,1.0,0
1790808452.78,534.0,843.9,782.0,-9.4,175.5,9.4,849.0,-598426.9,0.96,44.71,1.0,0
1790808453.29,534.5,839.2,777.2,-9.4,175.5,9.4,844.3,-598427.1,1.02,45.05,1.0,0
1790808453.79,535.0,834.4,772.4,-9.2,175.4,9.2,839.2,-598427.3,1.03,42.89,1.0,0
1790808454.29,535.5,829.8,767.8,-9.4,175.4,9.4,834.8,-598427.5,0.93,44.87,1.0,0
1790808454.79,536.0,825.1,763.1,-9.2,175.4,9.2,830.0,-598427.5,1.05,42.99,1.0,0
1790808455.29,536.5,820.6,758.6,-9.0,175.4,9.0,825.3,-598427.4,1.01,41.76,1.0,0
1790808455.79,537.0,816.0,754.0,-9.3,175.4,9.3,821.0,-598427.3,0.95,44.32,1.0,0
1790808456.29,537.5,811.3,749.3,-9.5,175.4,9.5,816.4,-598427.3,0.95,46.01,1.0,0
1790808456.8,538.0,806.4,744.5,-9.6,175.5,9.6,811.7,-598427.4,0.98,47.23,1.0,0
1790808457.3,538.5,801.6,739.7,-9.7,175.4,9.7,807.0,-598427.6,0.95,48.35,1.0,0
1790808457.8,539.0,797.2,735.2,-9.4,175.4,9.4,802.3,-598427.7,1.07,45.57,1.0,0
1790808458.3,539.5,793.5,731.5,-9.3,175.4,9.3,798.4,-598427.8,1.03,44.09,1.0,0
1790808458.8,540.0,788.8,726.8,-9.4,175.4,9.4,793.9,-598427.8,0.98,45.46,1.0,0
1790808459.3,540.5,784.1,722.1,-9.5,175.4,9.5,789.2,-598427.7,0.97,45.93,1.0,0
1790808459.8,541.0,779.4,717.5,-9.4,175.4,9.4,784.5,-598427.7,0.97,45.65,1.0,0
1790808460.3,541.5,774.8,712.8,-9.4,175.4,9.4,779.9,-598427.7,0.97,45.56,1.0,0
1790808460.81,542.0,770.0,708.1,-9.6,175.4,9.6,775.3,-598427.8,0.96,47.23,1.0,0
1790808461.31,542.5,765.3,703.3,-9.4,175.4,9.4,770.4,-598428.0,1.03,45.88,1.0,0
1790808461.81,543.0,760.6,698.6,-9.5,175.4,9.5,765.8,-598428.1,0.98,46.51,1.0,0
1790808462.31,543.5,755.7,693.7,-9.2,175.4,9.2,760.6,-598428.1,1.05,43.78,1.0,0
1790808462.81,544.0,751.1,689.1,-9.4,175.4,9.4,756.2,-598428.1,0.94,45.96,1.0,0
1790808463.31,544.5,746.8,684.8,-9.1,175.4,9.1,751.6,-598428.1,1.07,42.79,1.0,0
1790808463.81,545.0,742.3,680.3,-9.0,175.4,9.0,747.0,-598428.1,1.01,41.53,1.0,0
1790808464.31,545.5,737.7,675.7,-9.4,175.4,9.4,742.7,-598428.2,0.91,45.53,1.0,0
1790808464.82,546.0,733.0,671.1,-9.2,175.4,9.2,738.0,-598428.3,1.03,43.92,1.0,0
1790808465.32,546.5,728.4,666.5,-9.2,175.4,9.2,733.3,-598428.4,1.02,43.78,1.0,0
1790808465.82,547.0,723.5,661.6,-9.6,175.4,9.6,728.8,-598428.5,0.92,47.53,1.0,0
1790808466.32,547.5,718.9,657.0,-9.7,175.4,9.7,724.3,-598428.5,0.96,48.83,1.0,0
1790808466.82,548.0,714.0,652.0,-9.2,175.4,9.2,718.9,-598428.5,1.12,43.9,1.0,0
1790808467.32,548.5,709.4,647.5,-9.1,175.4,9.1,714.2,-598428.4,1.01,43.0,1.0,0
1790808467.82,549.0,704.8,642.9,-9.2,175.4,9.2,709.7,-598428.5,0.96,43.94,1.0,0
1790808468.33,549.5,700.2,638.2,-9.3,175.4,9.3,705.1,-598428.6,0.99,44.84,1.0,0
1790808468.83,550.0,695.4,633.5,-9.4,175.4,9.4,700.5,-598428.7,0.99,46.17,1.0,0
1790808469.33,550.5,690.7,628.7,-9.5,175.4,9.5,695.9,-598428.8,0.99,47.07,1.0,0
1790808469.83,551.0,686.1,624.1,-9.1,175.4,9.1,690.9,-598428.9,1.09,43.12,1.0,0
1790808470.33,551.5,681.5,619.5,-9.3,175.4,9.3,686.5,-598428.8,0.95,44.83,1.0,0
1790808470.83,552.0,676.8,614.8,-9.5,175.4,9.5,681.9,-598428.8,0.97,46.85,1.0,0
1790808471.33,552.5,672.1,610.1,-9.1,175.4,9.1,676.9,-598428.8,1.07,43.61,1.0,0
1790808471.83,553.0,667.4,605.5,-9.4,175.4,9.4,672.5,-598428.9,0.95,45.58,1.0,0
1790808472.34,553.5,662.5,600.5,-9.6,175.4,9.6,667.8,-598429.1,0.92,48.56,1.0,0
1790808472.84,554.0,657.8,595.8,-9.2,175.4,9.2,662.7,-598429.2,1.09,43.88,1.0,0
1790808473.34,554.5,653.2,591.2,-9.4,175.4,9.4,658.2,-598429.2,0.94,45.91,1.0,0
1790808473.84,555.0,648.4,586.4,-9.6,175.4,9.6,653.7,-598429.2,0.96,48.1,1.0,0
1790808474.34,555.5,643.7,581.8,-9.3,175.4,9.3,648.7,-598429.1,1.05,44.83,1.0,0
1790808474.84,556.0,639.1,577.2,-9.1,175.4,9.1,643.9,-598429.2,1.02,43.19,1.0,0
1790808475.34,556.5,634.6,572.6,-9.3,175.4,9.3,639.6,-598429.3,0.92,45.7,1.0,0
1790808475.84,557.1,630.0,568.0,-9.0,175.4,9.0,634.7,-598429.4,1.06,42.71,1.0,0
1790808476.35,557.6,625.4,563.5,-9.1,175.4,9.1,630.3,-598429.5,0.97,43.54,1.0,0
1790808476.85,558.1,620.9,558.9,-9.2,175.4,9.2,625.8,-598429.5,0.96,44.19,1.0,0
1790808477.35,558.6,616.4,554.4,-9.0,175.4,9.0,621.1,-598429.5,1.01,42.88,1.0,0
1790808477.85,559.1,611.8,549.9,-9.2,175.4,9.2,616.7,-598429.5,1.0,43.98,1.0,0
1790808478.35,559.6,607.2,545.2,-9.2,175.4,9.2,612.1,-598429.5,1.0,44.81,1.0,0
1790808478.85,560.1,602.6,540.6,-9.2,175.4,9.2,607.5,-598429.6,0.98,44.75,1.0,0
1790808479.35,560.6,597.9,535.9,-9.3,175.4,9.3,602.9,-598429.7,0.99,45.21,1.0,0
1790808479.86,561.1,593.3,531.4,-9.2,175.4,9.2,598.2,-598429.8,0.98,44.58,1.0,0
1790808480.36,561.6,588.8,526.8,-8.9,175.3,8.9,593.4,-598429.9,1.06,41.72,1.0,0
1790808480.86,562.1,584.4,522.4,-8.9,175.3,8.9,589.0,-598429.8,0.98,42.03,1.0,0
1790808481.36,562.6,579.8,517.8,-9.2,175.4,9.2,584.7,-598429.8,0.96,44.46,1.0,0
1790808481.86,563.1,575.2,513.2,-9.2,175.4,9.2,580.0,-598429.9,1.01,44.13,1.0,0
1790808482.36,563.6,570.7,508.7,-8.9,175.3,8.9,575.3,-598430.0,1.05,41.32,1.0,0
1790808482.86,564.1,566.3,504.3,-9.0,175.3,9.0,571.0,-598430.1,0.93,43.17,1.0,0
1790808483.36,564.6,561.7,499.7,-9.4,175.4,9.4,566.8,-598430.1,0.89,46.83,1.0,0
1790808483.87,565.1,556.8,494.9,-9.2,175.4,9.2,561.8,-598430.2,1.04,45.15,1.0,0
1790808484.37,565.6,552.2,490.3,-9.3,175.4,9.3,557.2,-598430.2,0.98,45.57,1.0,0
1790808484.87,566.1,547.7,485.7,-8.8,175.3,8.8,552.1,-598430.2,1.13,40.49,1.0,0
1790808485.37,566.6,543.5,481.6,-7.6,175.3,7.6,547.1,-598430.2,1.26,30.88,1.0,0
1790808485.87,567.1,539.9,477.9,-6.6,175.2,6.6,542.7,-598430.3,1.22,23.34,1.0,0
1790808486.37,567.6,537.0,475.0,-5.1,175.2,5.1,538.9,-598430.5,1.28,14.0,1.0,0
1790808486.87,568.1,534.7,472.7,-4.3,175.1,4.3,536.2,-598430.5,1.13,10.02,1.0,0
1790808487.38,568.6,532.6,470.7,-4.0,175.1,4.0,534.0,-598430.5,1.03,8.44,1.0,0
1790808487.88,569.1,530.7,468.7,-3.9,175.1,3.9,532.0,-598430.4,1.0,7.88,1.0,0
1790808488.38,569.6,528.7,466.8,-3.8,175.1,3.8,530.0,-598430.4,1.03,7.58,1.0,0
1790808488.88,570.1,526.9,464.9,-3.9,175.1,3.9,528.2,-598430.5,0.96,7.9,1.0,0
1790808489.38,570.6,525.0,463.0,-3.7,175.1,3.7,526.2,-598430.6,1.03,7.3,1.0,0
1790808489.88,571.1,523.1,461.1,-3.8,175.1,3.8,524.4,-598430.6,0.97,7.66,1.0,0
1790808490.38,571.6,521.1,459.2,-4.1,175.1,4.1,522.6,-598430.6,0.91,9.01,1.0,0
1790808490.88,572.1,519.0,457.1,-3.9,175.1,3.9,520.4,-598430.6,1.07,7.93,1.0,0
1790808491.39,572.6,517.2,455.2,-3.6,175.1,3.6,518.4,-598430.6,1.04,7.04,1.0,0
1790808491.89,573.1,515.3,453.4,-3.8,175.1,3.8,516.6,-598430.6,0.94,7.83,1.0,0
1790808492.39,573.6,513.5,451.5,-3.6,175.1,3.6,514.7,-598430.6,1.05,6.89,1.0,0
1790808492.89,574.1,511.6,449.7,-3.9,175.1,3.9,512.9,-598430.7,0.92,7.97,1.0,0
1790808493.39,574.6,509.7,447.7,-4.0,175.1,4.0,511.0,-598430.7,0.95,8.59,1.0,0
1790808493.89,575.1,507.7,445.8,-3.8,175.1,3.8,509.0,-598430.8,1.04,7.63,1.0,0
1790808494.39,575.6,505.9,443.9,-3.6,175.1,3.6,507.1,-598430.8,1.02,7.08,1.0,0
1790808494.89,576.1,504.0,442.1,-3.8,175.1,3.8,505.3,-598430.8,0.96,7.7,1.0,0
1790808495.4,576.6,502.1,440.1,-3.8,175.1,3.8,503.4,-598430.8,1.02,7.59,1.0,0
1790808495.9,577.1,500.2,438.2,-3.9,175.1,3.9,501.5,-598430.8,0.96,8.0,1.0,0
1790808496.4,577.6,498.2,436.3,-3.9,175.1,3.9,499.6,-598430.8,0.97,8.27,1.0,0
1790808496.9,578.1,496.2,434.2,-4.0,175.1,4.0,497.6,-598430.8,0.96,8.52,1.0,0
1790808497.4,578.6,494.2,432.2,-3.9,175.1,3.9,495.5,-598430.9,1.02,7.98,1.0,0
1790808497.9,579.1,492.3,430.3,-3.8,175.1,3.8,493.6,-598431.0,1.0,7.51,1.0,0
1790808498.41,579.6,490.4,428.5,-3.7,175.1,3.7,491.7,-598430.9,1.03,7.38,1.0,0
1790808498.91,580.1,488.5,426.5,-3.9,175.1,3.9,489.8,-598430.9,0.98,7.99,1.0,0
1790808499.41,580.6,486.7,424.7,-3.6,175.1,3.6,487.9,-598430.9,1.04,6.92,1.0,0
1790808499.91,581.1,484.8,422.8,-4.0,175.1,4.0,486.1,-598430.9,0.91,8.34,1.0,0
1790808500.41,581.6,482.8,420.8,-3.9,175.1,3.9,484.1,-598431.0,1.01,8.26,1.0,0
1790808500.91,582.1,480.9,418.9,-3.8,175.1,3.8,482.2,-598431.1,1.0,7.68,1.0,0
1790808501.41,582.6,479.0,417.0,-3.7,175.1,3.7,480.2,-598431.1,1.03,7.37,1.0,0
1790808501.91,583.1,477.1,415.1,-3.9,175.1,3.9,478.4,-598431.1,0.96,8.23,1.0,0
1790808502.42,583.6,475.2,413.2,-3.8,175.1,3.8,476.4,-598431.0,1.02,7.56,1.0,0
1790808502.92,584.1,473.1,411.1,-4.1,175.1,4.1,474.5,-598431.0,0.93,8.84,1.0,0
1790808503.42,584.6,471.2,409.2,-3.8,175.1,3.8,472.4,-598431.1,1.04,7.63,1.0,0
1790808503.92,585.1,469.2,407.3,-3.8,175.1,3.8,470.5,-598431.1,0.99,7.57,1.0,0
1790808504.42,585.6,467.4,405.4,-3.7,175.1,3.7,468.6,-598431.2,1.0,7.41,1.0,0
1790808504.92,586.1,465.5,403.5,-3.9,175.1,3.9,466.8,-598431.2,0.97,8.04,1.0,0
1790808505.42,586.6,463.6,401.6,-4.0,175.1,4.0,464.9,-598431.2,0.96,8.48,1.0,0
1790808505.93,587.1,461.6,399.6,-3.8,175.1,3.8,462.9,-598431.2,1.02,7.89,1.0,0
1790808506.43,587.6,459.7,397.7,-3.8,175.1,3.8,461.0,-598431.2,1.0,7.53,1.0,0
1790808506.93,588.1,457.8,395.8,-3.7,175.1,3.7,459.1,-598431.2,1.03,7.47,1.0,0
1790808507.43,588.6,455.9,394.0,-3.8,175.1,3.8,457.2,-598431.3,0.97,7.79,1.0,0
1790808507.93,589.1,454.0,392.0,-3.8,175.1,3.8,455.3,-598431.3,1.0,7.77,1.0,0
1790808508.43,589.6,452.0,390.0,-4.1,175.1,4.1,453.4,-598431.4,0.92,9.05,1.0,0
1790808508.93,590.1,449.9,388.0,-4.0,175.1,4.0,451.3,-598431.4,1.0,8.7,1.0,0
1790808509.43,590.6,447.9,385.9,-4.2,175.1,4.2,449.3,-598431.3,0.97,9.35,1.0,0
1790808509.94,591.1,445.9,383.9,-3.8,175.1,3.8,447.2,-598431.3,1.08,7.74,1.0,0
1790808510.44,591.6,443.9,381.9,-4.0,175.1,4.0,445.3,-598431.3,0.93,8.68,1.0,0
1790808510.94,592.1,441.9,380.0,-4.0,175.1,4.0,443.3,-598431.4,1.02,8.42,1.0,0
1790808511.44,592.6,440.0,378.0,-3.9,175.1,3.9,441.3,-598431.5,1.01,8.23,1.0,0
1790808511.94,593.1,438.0,376.0,-3.9,175.1,3.9,439.3,-598431.5,0.98,8.26,1.0,0
1790808512.44,593.6,436.0,374.0,-3.8,175.1,3.8,437.3,-598431.5,1.04,7.93,1.0,0
1790808512.94,594.1,434.1,372.1,-4.0,175.1,4.0,435.4,-598431.5,0.94,8.49,1.0,0
1790808513.44,594.7,432.1,370.1,-4.0,175.1,4.0,433.5,-598431.5,1.01,8.66,1.0,0
1790808513.95,595.2,430.1,368.1,-3.8,175.1,3.8,431.4,-598431.5,1.04,7.89,1.0,0
1790808514.45,595.7,428.1,366.1,-4.0,175.1,4.0,429.5,-598431.5,0.98,8.5,1.0,0
1790808514.95,596.2,426.2,364.2,-3.8,175.1,3.8,427.5,-598431.6,1.01,7.82,1.0,0
1790808515.45,596.7,424.3,362.3,-3.8,175.1,3.8,425.6,-598431.6,0.98,7.85,1.0,0
1790808515.95,597.2,422.3,360.3,-3.8,175.1,3.8,423.6,-598431.6,0.99,7.92,1.0,0
1790808516.45,597.7,420.4,358.4,-3.9,175.1,3.9,421.7,-598431.6,0.99,8.29,1.0,0
1790808516.95,598.2,418.4,356.4,-4.0,175.1,4.0,419.7,-598431.6,1.0,8.51,1.0,0
1790808517.46,598.7,416.4,354.4,-3.8,175.1,3.8,417.7,-598431.7,1.04,7.76,1.0,0
1790808517.96,599.2,414.5,352.5,-3.8,175.1,3.8,415.8,-598431.7,0.98,7.89,1.0,0
1790808518.46,599.7,412.6,350.7,-3.6,175.1,3.6,413.8,-598431.7,1.03,6.99,1.0,0
1790808518.96,600.2,410.8,348.8,-3.9,175.1,3.9,412.1,-598431.8,0.92,8.35,1.0,0
1790808519.46,600.7,408.8,346.8,-4.0,175.1,4.0,410.2,-598431.8,0.97,8.56,1.0,0
1790808519.96,601.2,406.9,345.0,-3.9,175.1,3.9,408.3,-598431.8,1.01,8.2,1.0,0
1790808520.46,601.7,405.0,343.0,-3.8,175.1,3.8,406.2,-598431.8,0.99,7.86,1.0,0
1790808520.96,602.2,403.0,341.1,-4.0,175.1,4.0,404.4,-598431.8,0.98,8.47,1.0,0
1790808521.47,602.7,401.0,339.0,-4.0,175.1,4.0,402.3,-598431.8,0.98,8.72,1.0,0
1790808521.97,603.2,399.0,337.1,-3.8,175.1,3.8,400.3,-598431.9,1.02,7.85,1.0,0
1790808522.47,603.7,397.1,335.2,-3.8,175.1,3.8,398.4,-598431.9,0.99,7.82,1.0,0
1790808522.97,604.2,395.2,333.3,-3.8,175.1,3.8,396.5,-598431.9,0.99,7.64,1.0,0
1790808523.47,604.7,393.3,331.3,-4.0,175.1,4.0,394.6,-598431.9,0.95,8.63,1.0,0
1790808523.97,605.2,391.3,329.3,-3.9,175.1,3.9,392.6,-598431.9,1.04,8.06,1.0,0
1790808524.47,605.7,389.5,327.5,-3.6,175.1,3.6,390.7,-598431.9,1.04,6.94,1.0,0
1790808524.97,606.2,387.6,325.6,-3.9,175.1,3.9,388.9,-598432.0,0.93,8.11,1.0,0
1790808525.47,606.7,385.7,323.7,-4.0,175.1,4.0,387.0,-598432.0,0.95,8.5,1.0,0
1790808525.98,607.2,383.7,321.8,-3.7,175.1,3.7,385.0,-598432.0,1.04,7.47,1.0,0
1790808526.48,607.7,381.9,320.0,-3.6,175.1,3.6,383.1,-598432.1,1.02,6.8,1.0,0
1790808526.98,608.2,380.1,318.1,-3.9,175.1,3.9,381.4,-598432.1,0.92,8.03,1.0,0
1790808527.48,608.7,378.2,316.3,-3.7,175.1,3.7,379.5,-598432.1,1.03,7.32,1.0,0
1790808527.98,609.2,376.3,314.3,-4.1,175.1,4.1,377.7,-598432.1,0.9,8.95,1.0,0
1790808528.48,609.7,374.3,312.3,-3.7,175.1,3.7,375.5,-598432.1,1.07,7.3,1.0,0
1790808528.98,610.2,372.4,310.4,-3.9,175.1,3.9,373.7,-598432.1,0.94,8.06,1.0,0
1790808529.49,610.7,370.5,308.5,-3.8,175.1,3.8,371.8,-598432.2,0.99,7.94,1.0,0
1790808529.99,611.2,368.6,306.6,-3.9,175.1,3.9,369.9,-598432.2,1.01,8.23,1.0,0
1790808530.49,611.7,366.7,304.7,-3.8,175.1,3.8,368.0,-598432.2,1.0,7.77,1.0,0
1790808530.99,612.2,364.7,302.7,-4.1,175.1,4.1,366.1,-598432.2,0.95,8.97,1.0,0
1790808531.49,612.7,362.7,300.7,-3.8,175.1,3.8,364.0,-598432.2,1.02,7.97,1.0,0
1790808531.99,613.2,360.8,298.8,-3.8,175.1,3.8,362.0,-598432.2,1.03,7.65,1.0,0
1790808532.49,613.7,358.9,297.0,-3.6,175.1,3.6,360.1,-598432.3,1.01,7.18,1.0,0
1790808532.99,614.2,357.1,295.1,-3.7,175.1,3.7,358.3,-598432.3,0.98,7.57,1.0,0
1790808533.5,614.7,355.3,293.3,-3.6,175.1,3.6,356.5,-598432.3,1.01,7.21,1.0,0
1790808534.04,615.2,353.4,291.4,-3.8,175.1,3.8,354.6,-598432.4,0.96,7.68,1.0,0
1790808534.54,615.7,351.7,289.7,-3.8,175.1,3.8,353.0,-598432.4,0.98,7.82,1.0,0
1790808535.04,616.2,349.7,287.7,-4.0,175.1,4.0,351.0,-598432.4,0.93,8.67,1.0,0
1790808535.69,616.9,347.7,285.7,-3.8,175.1,3.8,349.0,-598432.4,1.05,7.83,1.0,0
1790808536.19,617.4,345.8,283.8,-3.8,175.1,3.8,347.1,-598432.4,0.98,8.02,1.0,0
1790808536.69,617.9,343.8,281.8,-4.0,175.1,4.0,345.2,-598432.4,0.98,8.65,1.0,0
1790808537.19,618.4,341.9,279.9,-3.8,175.1,3.8,343.2,-598432.5,1.01,7.95,1.0,0
1790808537.69,618.9,339.9,278.0,-3.8,175.1,3.8,341.2,-598432.5,0.99,7.82,1.0,0
1790808538.19,619.4,338.0,276.1,-4.0,175.1,4.0,339.4,-598432.5,0.95,8.47,1.0,0
1790808538.7,619.9,336.0,274.1,-4.0,175.1,4.0,337.4,-598432.5,0.99,8.63,1.0,0
1790808539.2,620.4,334.1,272.1,-3.8,175.1,3.8,335.4,-598432.5,1.03,7.87,1.0,0
1790808539.7,620.9,332.1,270.2,-4.0,175.1,4.0,333.5,-598432.5,0.94,8.62,1.0,0
1790808540.2,621.4,330.2,268.2,-3.9,175.1,3.9,331.5,-598432.6,1.03,8.19,1.0,0
1790808540.7,621.9,328.3,266.4,-3.6,175.1,3.6,329.5,-598432.6,1.04,7.03,1.0,0
1790808541.2,622.4,326.5,264.5,-3.7,175.1,3.7,327.7,-598432.7,0.96,7.58,1.0,0
1790808541.7,622.9,324.7,262.7,-3.7,175.1,3.7,325.9,-598432.7,1.0,7.27,1.0,0
1790808542.2,623.4,322.7,260.7,-3.8,175.1,3.8,324.0,-598432.7,0.96,7.97,1.0,0
1790808542.71,623.9,320.8,258.9,-3.7,175.1,3.7,322.1,-598432.7,1.02,7.25,1.0,0
1790808543.21,624.4,318.9,257.0,-3.9,175.1,3.9,320.2,-598432.7,0.97,8.08,1.0,0
1790808543.71,624.9,317.1,255.1,-3.7,175.1,3.7,318.3,-598432.7,1.02,7.34,1.0,0
1790808544.21,625.4,315.2,253.2,-4.0,175.1,4.0,316.5,-598432.8,0.91,8.86,1.0,0
1790808544.71,625.9,313.2,251.2,-3.7,175.1,3.7,314.5,-598432.8,1.07,7.55,1.0,0
1790808545.22,626.4,311.3,249.4,-3.7,175.1,3.7,312.6,-598432.8,0.99,7.58,1.0,0
1790808545.72,626.9,309.5,247.5,-3.7,175.1,3.7,310.7,-598432.8,1.01,7.32,1.0,0
1790808546.22,627.4,307.6,245.6,-3.9,175.1,3.9,308.9,-598432.8,0.94,8.19,1.0,0
1790808546.72,627.9,305.6,243.6,-4.0,175.1,4.0,307.0,-598432.8,0.97,8.79,1.0,0
1790808547.22,628.4,303.6,241.6,-4.1,175.1,4.1,305.0,-598432.9,0.97,9.21,1.0,0
1790808547.72,628.9,301.6,239.7,-3.7,175.1,3.7,302.9,-598432.9,1.07,7.57,1.0,0
1790808548.22,629.4,299.7,237.8,-3.9,175.1,3.9,301.1,-598432.9,0.94,8.42,1.0,0
1790808548.72,629.9,297.8,235.8,-4.0,175.1,4.0,299.1,-598432.9,0.98,8.68,1.0,0
1790808549.22,630.4,296.1,234.2,-3.9,175.1,3.9,297.5,-598432.9,1.02,8.19,1.0,0
1790808549.73,630.9,294.3,232.3,-3.7,175.1,3.7,295.5,-598433.0,1.02,7.42,1.0,0
1790808550.23,631.4,292.4,230.4,-3.8,175.1,3.8,293.7,-598433.0,0.96,7.86,1.0,0
1790808550.73,631.9,290.5,228.5,-3.9,175.1,3.9,291.8,-598433.0,0.96,8.1,1.0,0
1790808551.23,632.4,288.6,226.6,-3.8,175.1,3.8,289.9,-598433.0,0.99,7.95,1.0,0
1790808551.73,632.9,286.8,224.8,-3.6,175.1,3.6,288.0,-598433.1,1.03,7.0,1.0,0
1790808552.23,633.4,284.9,223.0,-3.8,175.1,3.8,286.2,-598433.1,0.94,7.95,1.0,0
1790808552.73,633.9,283.0,221.0,-3.7,175.1,3.7,284.2,-598433.1,1.01,7.39,1.0,0
1790808553.24,634.4,281.1,219.2,-3.8,175.1,3.8,282.4,-598433.1,0.97,7.75,1.0,0
1790808553.74,634.9,279.3,217.3,-3.7,175.1,3.7,280.5,-598433.1,1.01,7.33,1.0,0
1790808554.24,635.4,277.4,215.4,-3.9,175.1,3.9,278.7,-598433.1,0.93,8.41,1.0,0
1790808554.74,635.9,275.5,213.5,-3.7,175.1,3.7,276.7,-598433.2,1.07,7.48,1.0,0
1790808555.24,636.4,273.6,211.6,-3.7,175.1,3.7,274.9,-598433.2,0.98,7.66,1.0,0
1790808555.74,636.9,271.8,209.8,-3.6,175.1,3.6,273.0,-598433.2,1.01,7.17,1.0,0
1790808556.24,637.4,269.9,207.9,-3.8,175.1,3.8,271.2,-598433.2,0.95,7.99,1.0,0
1790808556.74,638.0,268.0,206.0,-3.9,175.1,3.9,269.3,-598433.2,0.95,8.43,1.0,0
1790808557.25,638.5,266.0,204.1,-3.9,175.1,3.9,267.3,-598433.2,1.01,8.29,1.0,0
1790808557.75,639.0,264.1,202.1,-3.9,175.1,3.9,265.4,-598433.3,0.99,8.21,1.0,0
1790808558.25,639.5,262.2,200.2,-3.8,175.1,3.8,263.4,-598433.3,1.02,7.94,1.0,0
1790808558.75,640.0,260.3,198.3,-3.8,175.1,3.8,261.6,-598433.3,0.98,8.04,1.0,0
1790808559.25,640.5,258.3,196.3,-3.8,175.1,3.8,259.6,-598433.3,1.01,8.04,1.0,0
1790808559.75,641.0,256.4,194.4,-3.6,175.1,3.6,257.6,-598433.4,1.04,7.22,1.0,0
1790808560.25,641.5,254.5,192.5,-3.9,175.1,3.9,255.8,-598433.4,0.94,8.22,1.0,0
1790808560.75,642.0,252.6,190.7,-3.7,175.1,3.7,253.9,-598433.4,1.02,7.53,1.0,0
1790808561.26,642.5,250.8,188.8,-3.8,175.1,3.8,252.1,-598433.4,0.97,8.07,1.0,0
1790808561.76,643.0,248.9,186.9,-3.6,175.1,3.6,250.1,-598433.4,1.04,7.29,1.0,0
1790808562.26,643.5,247.0,185.1,-3.8,175.1,3.8,248.3,-598433.5,0.95,7.93,1.0,0
1790808562.76,644.0,245.1,183.2,-3.8,175.1,3.8,246.4,-598433.5,0.99,7.96,1.0,0
1790808563.26,644.5,243.2,181.2,-3.9,175.1,3.9,244.5,-598433.5,0.96,8.21,1.0,0
1790808563.76,645.0,241.4,179.4,-3.6,175.0,3.6,242.6,-598433.5,1.04,7.04,1.0,0
1790808564.26,645.5,239.5,177.5,-3.9,175.1,3.9,240.8,-598433.5,0.93,8.18,1.0,0
1790808564.77,646.0,237.6,175.7,-3.7,175.1,3.7,238.9,-598433.5,1.05,7.32,1.0,0
1790808565.27,646.5,235.7,173.7,-3.9,175.1,3.9,237.0,-598433.6,0.96,8.22,1.0,0
1790808565.77,647.0,233.8,171.8,-3.7,175.0,3.7,235.0,-598433.6,1.03,7.36,1.0,0
1790808566.27,647.5,231.9,169.9,-3.9,175.1,3.9,233.2,-598433.6,0.93,8.57,1.0,0
1790808566.77,648.0,229.9,167.9,-4.0,175.1,4.0,231.3,-598433.6,0.99,8.76,1.0,0
1790808567.27,648.5,227.9,166.0,-3.9,175.1,3.9,229.2,-598433.7,1.02,8.18,1.0,0
1790808567.77,649.0,226.0,164.1,-3.8,175.1,3.8,227.3,-598433.7,1.0,8.02,1.0,0
1790808568.27,649.5,224.1,162.1,-3.9,175.1,3.9,225.4,-598433.7,0.98,8.33,1.0,0
1790808568.78,650.0,222.2,160.2,-3.7,175.0,3.7,223.4,-598433.7,1.07,7.39,1.0,0
1790808569.28,650.5,220.3,158.4,-3.7,175.0,3.7,221.6,-598433.7,0.97,7.66,1.0,0
1790808569.78,651.0,218.4,156.5,-3.8,175.0,3.8,219.7,-598433.8,0.97,8.07,1.0,0
1790808570.28,651.5,216.5,154.5,-3.9,175.0,3.9,217.8,-598433.8,0.98,8.37,1.0,0
1790808570.78,652.0,214.5,152.6,-3.9,175.0,3.9,215.9,-598433.8,0.99,8.56,1.0,0
1790808571.28,652.5,212.6,150.6,-3.8,175.0,3.8,213.9,-598433.8,1.03,8.02,1.0,0
1790808571.78,653.0,210.6,148.6,-4.0,175.0,4.0,211.9,-598433.8,0.98,8.6,1.0,0
1790808572.29,653.5,208.6,146.7,-3.8,175.0,3.8,209.9,-598433.8,1.01,7.91,1.0,0
1790808572.79,654.0,206.8,144.8,-3.7,175.0,3.7,208.0,-598433.9,1.01,7.43,1.0,0
1790808573.29,654.5,204.9,142.9,-4.0,175.0,4.0,206.2,-598433.9,0.95,8.75,1.0,0
1790808573.79,655.0,202.9,140.9,-3.8,175.0,3.8,204.2,-598433.9,1.02,8.04,1.0,0
1790808574.29,655.5,201.0,139.0,-3.7,175.0,3.7,202.2,-598433.9,1.03,7.69,1.0,0
1790808574.79,656.0,199.2,137.2,-3.6,175.0,3.6,200.4,-598434.0,1.01,7.23,1.0,0
1790808575.29,656.5,197.3,135.3,-3.9,175.0,3.9,198.6,-598434.0,0.92,8.56,1.0,0
1790808575.79,657.0,195.4,133.4,-3.7,175.0,3.7,196.6,-598434.0,1.06,7.54,1.0,0
1790808576.3,657.5,193.5,131.5,-3.9,175.0,3.9,194.8,-598434.0,0.95,8.33,1.0,0
1790808576.8,658.0,191.6,129.7,-3.6,175.0,3.6,192.8,-598434.0,1.04,7.34,1.0,0
1790808577.3,658.5,189.7,127.8,-3.8,175.0,3.8,191.0,-598434.1,0.97,8.1,1.0,0
1790808577.8,659.0,187.9,125.9,-3.6,175.0,3.6,189.1,-598434.1,1.04,7.05,1.0,0
1790808578.3,659.5,186.0,124.0,-3.7,175.0,3.7,187.2,-598434.1,0.97,7.51,1.0,0
1790808578.8,660.0,184.1,122.1,-3.9,175.0,3.9,185.4,-598434.1,0.94,8.35,1.0,0
1790808579.3,660.5,182.2,120.2,-3.9,175.0,3.9,183.5,-598434.1,0.99,8.27,1.0,0
1790808579.8,661.0,180.4,118.4,-3.7,175.0,3.7,181.6,-598434.1,1.05,7.53,1.0,0
1790808580.31,661.5,178.5,116.6,-3.8,175.0,3.8,179.8,-598434.2,0.97,8.04,1.0,0
1790808580.81,662.0,176.6,114.6,-3.9,175.0,3.9,177.9,-598434.2,0.97,8.31,1.0,0
1790808581.31,662.5,174.7,112.7,-3.9,175.0,3.9,176.0,-598434.2,0.98,8.31,1.0,0
1790808581.81,663.0,172.7,110.8,-4.0,175.0,4.0,174.1,-598434.2,0.98,8.69,1.0,0
1790808582.31,663.5,170.8,108.8,-3.9,175.0,3.9,172.1,-598434.2,1.01,8.42,1.0,0
1790808582.81,664.0,168.9,106.9,-3.7,175.0,3.7,170.1,-598434.3,1.02,7.78,1.0,0
1790808583.31,664.5,167.0,105.0,-3.9,175.0,3.9,168.3,-598434.3,0.96,8.28,1.0,0
1790808583.82,665.0,164.9,103.0,-3.9,175.0,3.9,166.3,-598434.3,0.99,8.58,1.0,0
1790808584.32,665.5,163.0,101.0,-3.8,175.0,3.8,164.3,-598434.3,1.02,8.11,1.0,0
1790808584.82,666.0,161.1,99.2,-3.6,175.0,3.6,162.3,-598434.4,1.04,7.17,1.0,0
1790808585.32,666.5,159.3,97.3,-3.8,175.0,3.8,160.6,-598434.4,0.94,8.08,1.0,0
1790808585.82,667.0,157.4,95.4,-3.8,175.0,3.8,158.6,-598434.4,0.99,7.84,1.0,0
1790808586.33,667.5,155.5,93.5,-3.9,175.0,3.9,156.8,-598434.4,0.97,8.23,1.0,0
1790808586.83,668.0,153.6,91.6,-3.8,175.0,3.8,154.9,-598434.4,0.99,8.02,1.0,0
1790808587.33,668.5,151.7,89.7,-3.8,175.0,3.8,152.9,-598434.4,1.01,8.15,1.0,0
1790808587.83,669.0,149.8,87.8,-3.7,175.0,3.7,151.0,-598434.5,1.01,7.77,1.0,0
1790808588.33,669.5,147.9,85.9,-4.0,175.0,4.0,149.2,-598434.5,0.95,8.68,1.0,0
1790808588.83,670.0,145.9,84.0,-3.7,175.0,3.7,147.2,-598434.5,1.06,7.57,1.0,0
1790808589.33,670.5,144.0,82.0,-3.9,175.0,3.9,145.3,-598434.5,0.95,8.32,1.0,0
1790808589.83,671.0,142.1,80.2,-3.6,175.0,3.6,143.3,-598434.5,1.03,7.38,1.0,0
1790808590.34,671.5,140.2,78.3,-3.8,175.0,3.8,141.5,-598434.6,0.97,8.12,1.0,0
1790808590.84,672.0,138.5,76.5,-3.6,175.0,3.6,139.7,-598434.6,1.02,7.39,1.0,0
1790808591.34,672.5,136.5,74.5,-3.9,175.0,3.9,137.8,-598434.6,0.96,8.46,1.0,0
1790808591.84,673.0,134.5,72.6,-4.0,175.0,4.0,135.9,-598434.6,0.99,8.73,1.0,0
1790808592.34,673.5,132.6,70.6,-3.8,175.0,3.8,133.8,-598434.7,1.03,8.08,1.0,0
1790808592.84,674.0,130.7,68.8,-3.6,175.0,3.6,131.9,-598434.7,1.02,7.4,1.0,0
1790808593.34,674.5,128.9,66.9,-3.7,175.0,3.7,130.1,-598434.7,0.97,7.74,1.0,0
1790808593.85,675.1,127.1,65.1,-3.6,175.0,3.6,128.3,-598434.7,1.02,7.03,1.0,0
1790808594.35,675.6,125.2,63.3,-3.8,175.0,3.8,126.5,-598434.7,0.94,8.0,1.0,0
1790808594.85,676.1,123.3,61.4,-3.7,175.0,3.7,124.6,-598434.7,1.04,7.48,1.0,0
1790808595.35,676.6,121.4,59.5,-3.8,175.0,3.8,122.7,-598434.8,0.98,7.98,1.0,0
1790808595.85,677.1,119.5,57.6,-3.9,175.0,3.9,120.8,-598434.8,0.97,8.42,1.0,0
1790808596.35,677.6,117.6,55.6,-3.9,175.0,3.9,118.9,-598434.8,0.96,8.65,1.0,0
1790808596.85,678.1,115.7,53.7,-3.8,175.0,3.8,117.0,-598434.8,1.04,7.89,1.0,0
1790808597.36,678.6,113.8,51.8,-3.7,175.0,3.7,115.0,-598434.8,1.02,7.63,1.0,0
1790808597.86,679.1,112.0,50.0,-3.6,175.0,3.6,113.2,-598434.9,1.0,7.29,1.0,0
1790808598.36,679.6,110.1,48.1,-3.9,175.0,3.9,111.4,-598434.9,0.92,8.65,1.0,0
1790808598.86,680.1,108.2,46.2,-3.8,175.0,3.8,109.5,-598434.9,1.01,8.09,1.0,0
1790808599.36,680.6,106.3,44.3,-3.7,175.0,3.7,107.5,-598434.9,1.04,7.78,1.0,0
1790808599.86,681.1,104.4,42.4,-3.9,175.0,3.9,105.7,-598434.9,0.95,8.43,1.0,0
1790808600.36,681.6,102.4,40.5,-3.9,175.0,3.9,103.7,-598435.0,0.99,8.47,1.0,0
1790808600.87,682.1,100.5,38.6,-3.7,175.0,3.7,101.8,-598435.0,1.03,7.85,1.0,0
1790808601.37,682.6,98.6,36.6,-3.7,175.0,3.7,99.8,-598435.0,1.0,7.62,1.0,0
1790808601.87,683.1,96.7,34.7,-3.8,175.0,3.8,97.9,-598435.0,0.99,7.87,1.0,0
1790808602.37,683.6,94.8,32.8,-3.7,175.0,3.7,96.0,-598435.0,1.03,7.62,1.0,0
1790808602.87,684.1,93.0,31.0,-3.7,175.0,3.7,94.2,-598435.1,0.99,7.51,1.0,0
1790808603.37,684.6,91.1,29.1,-3.8,175.0,3.8,92.4,-598435.1,0.97,8.22,1.0,0
1790808603.87,685.1,89.2,27.3,-3.6,175.0,3.6,90.4,-598435.1,1.03,7.34,1.0,0
1790808604.37,685.6,87.4,25.4,-3.8,175.0,3.8,88.6,-598435.1,0.95,8.2,1.0,0
1790808604.88,686.1,85.5,23.5,-3.6,175.0,3.6,86.7,-598435.1,1.06,7.39,1.0,0
1790808605.38,686.6,83.6,21.6,-3.8,175.0,3.8,84.9,-598435.2,0.94,8.11,1.0,0
1790808605.88,687.1,81.8,19.8,-3.6,175.0,3.6,83.0,-598435.2,1.02,7.31,1.0,0
1790808606.38,687.6,79.9,18.0,-3.7,175.0,3.7,81.1,-598435.2,1.01,7.5,1.0,0
1790808606.88,688.1,78.1,16.2,-3.5,175.0,3.5,79.3,-598435.2,1.02,6.88,1.0,0
1790808607.38,688.6,76.3,14.4,-3.8,175.0,3.8,77.6,-598435.2,0.94,7.89,1.0,0
1790808607.88,689.1,74.3,12.4,-3.7,175.0,3.7,75.6,-598435.3,1.0,7.71,1.0,0
1790808608.39,689.6,72.4,10.5,-3.8,175.0,3.8,73.7,-598435.3,1.0,8.02,1.0,0
1790808608.89,690.1,70.6,8.6,-3.8,175.0,3.8,71.9,-598435.3,0.97,8.12,1.0,0
1790808609.39,690.6,68.7,6.7,-3.8,175.0,3.8,70.0,-598435.3,1.01,8.28,1.0,0
1790808609.89,691.1,66.7,4.8,-3.8,175.0,3.8,68.0,-598435.3,0.99,8.27,1.0,0
1790808610.39,691.6,64.9,2.9,-3.7,175.0,3.7,66.2,-598435.4,1.02,7.88,1.0,0
1790808610.89,692.1,63.0,1.0,-3.9,175.0,3.9,64.3,-598435.4,0.97,8.37,1.0,0
1790808611.39,692.6,62.0,0.0,-0.0,174.9,0.1,62.5,-598437.0,2.0,0.0,1.0,0
1790808611.9,693.1,62.0,0.0,-0.0,174.9,0.1,62.5,-598436.2,0.99,0.0,1.0,0
1790808612.4,693.6,62.0,0.0,-0.0,175.0,0.1,62.5,-598435.3,0.99,0.0,1.0,0
1790808612.9,694.1,62.0,0.0,-0.0,175.0,0.0,62.5,-598435.5,0.99,0.0,1.0,0
1790808613.4,694.6,62.0,0.0,-0.1,175.0,0.3,62.5,-598433.9,0.98,0.07,1.0,0
1790808613.9,695.1,62.0,0.1,-0.5,175.1,0.9,62.4,-598433.2,0.89,0.44,1.0,0
1790808614.4,695.6,62.4,0.5,0.4,175.0,0.5,62.2,-598434.0,1.3,0.15,1.0,0
1790808614.9,696.1,62.6,0.7,-0.0,175.0,0.0,62.3,-598435.6,0.93,0.0,1.0,0
1790808615.41,696.6,62.3,0.3,-0.5,174.9,0.7,62.2,-598436.8,0.88,0.24,1.0,0
1790808615.91,697.1,62.1,0.1,-0.2,175.0,0.2,62.2,-598434.7,1.11,0.03,1.0,0
1790808616.41,697.6,62.2,0.2,-0.1,175.0,0.1,62.1,-598435.6,1.1,0.0,1.0,0
1790808616.91,698.1,62.1,0.1,-0.1,175.0,0.1,62.1,-598435.3,1.04,0.0,1.0,0
1790808617.41,698.6,62.1,0.1,-0.0,175.0,0.0,62.1,-598435.6,1.03,0.0,1.0,0
1790808617.91,699.1,62.1,0.1,0.0,175.0,0.0,62.1,-598435.4,0.99,0.0,1.0,0
1790808618.41,699.6,62.1,0.1,-0.0,175.0,0.0,62.1,-598435.4,0.99,0.0,1.0,0
1790808618.91,700.1,62.1,0.1,0.0,175.0,0.0,62.1,-598435.4,1.0,0.0,1.0,0
1790808619.42,700.6,62.1,0.1,-0.0,175.0,0.0,62.1,-598435.4,1.0,0.0,1.0,0
1790808619.92,701.1,62.1,0.1,-0.0,175.0,0.0,62.1,-598435.4,1.0,0.0,1.0,0
1790808620.42,701.6,62.1,0.1,-0.0,175.0,0.0,62.1,-598435.4,0.99,0.0,1.0,0
1790808620.92,702.1,62.1,0.1,-0.0,175.0,0.0,62.1,-598435.4,0.99,0.0,1.0,0
1790808621.42,702.6,62.1,0.1,-0.0,175.0,0.0,62.1,-598435.4,0.99,0.0,1.0,0
1790808621.92,703.1,62.1,0.1,-0.0,175.0,0.0,62.1,-598435.4,0.99,0.0,1.0,0
1790808622.42,703.6,62.1,0.1,-0.0,175.0,0.0,62.1,-598435.4,0.99,0.0,1.0,0
1790808622.93,704.1,62.1,0.1,-0.0,175.0,0.0,62.1,-598435.4,0.99,0.0,1.0,0
1790808623.43,704.6,62.1,0.1,-0.0,175.0,0.0,62.1,-598435.4,0.99,0.0,1.0,0
1790808623.93,705.1,62.1,0.1,-0.0,175.0,0.0,62.1,-598435.4,1.0,0.0,1.0,0
1790808624.43,705.6,62.1,0.1,-0.0,175.0,0.0,62.1,-598435.4,0.99,0.0,1.0,0
1790808624.93,706.1,62.1,0.1,0.0,175.0,0.0,62.1,-598435.4,1.0,0.0,1.0,0
1790808625.43,706.6,62.1,0.1,-0.0,175.0,0.0,62.1,-598435.4,1.0,0.0,1.0,0
1790808625.93,707.1,62.1,0.1,-0.0,175.0,0.0,62.1,-598435.4,0.99,0.0,1.0,0
1790808626.44,707.6,62.1,0.1,-0.0,175.0,0.0,62.1,-598435.4,0.99,0.0,1.0,0
1790808626.94,708.1,62.1,0.1,-0.0,175.0,0.0,62.1,-598435.4,0.99,0.0,1.0,0
1790808627.44,708.6,62.1,0.1,-0.0,175.0,0.0,62.1,-598435.4,0.99,0.0,1.0,0
1790808627.94,709.1,62.1,0.1,-0.0,175.0,0.0,62.1,-598435.4,0.99,0.0,1.0,0
1790808628.44,709.6,62.1,0.1,0.0,175.0,0.0,62.1,-598435.4,0.99,0.0,1.0,0
1790808629.03,710.2,0.0,0.0,0.0,0.0,0.0,0.0,0.0,0.0,0.0,0.0,0
1790808629.53,710.7,0.0,0.0,0.0,0.0,0.0,0.0,0.0,0.0,0.0,0.0,0
1790808630.03,711.2,0.0,0.0,0.0,0.0,0.0,0.0,0.0,0.0,0.0,0.0,0
1790808630.54,711.7,0.0,0.0,0.0,0.0,0.0,0.0,0.0,0.0,0.0,0.0,0
1790808633.6,714.8,0.0,0.0,0.0,0.0,0.0,0.0,0.0,0.0,0.0,0.0,0
1790808634.4,715.6,0.0,0.0,0.0,0.0,0.0,0.0,0.0,0.0,0.0,0.0,0
1790808635.36,716.6,0.0,0.0,0.0,0.0,0.0,0.0,0.0,0.0,0.0,0.0,0
1790808635.86,717.1,0.0,0.0,0.0,0.0,0.0,0.0,0.0,0.0,0.0,0.0,0
1790808636.36,717.6,0.0,0.0,0.0,0.0,0.0,0.0,0.0,0.0,0.0,0.0,0
1790808636.86,718.1,0.0,0.0,0.0,0.0,0.0,0.0,0.0,0.0,0.0,0.0,0
1790808637.36,718.6,0.0,0.0,0.0,0.0,0.0,0.0,0.0,0.0,0.0,0.0,0
1790808638.09,719.3,0.0,0.0,0.0,0.0,0.0,0.0,0.0,0.0,0.0,0.0,0
1790808638.61,719.8,0.0,0.0,0.0,0.0,0.0,0.0,0.0,0.0,0.0,0.0,0
1790808639.12,720.3,0.0,0.0,0.0,0.0,0.0,0.0,0.0,0.0,0.0,0.0,0
1790808639.62,720.8,0.0,0.0,0.0,0.0,0.0,0.0,0.0,0.0,0.0,0.0,0
1790808640.12,721.3,0.0,0.0,0.0,0.0,0.0,0.0,0.0,0.0,0.0,0.0,0
1790808640.62,721.8,0.0,0.0,0.0,0.0,0.0,0.0,0.0,0.0,0.0,0.0,0
1790808641.12,722.3,0.0,0.0,0.0,0.0,0.0,0.0,0.0,0.0,0.0,0.0,0
1790808641.63,722.8,0.0,0.0,0.0,0.0,0.0,0.0,0.0,0.0,0.0,0.0,0
1790808642.13,723.3,0.0,0.0,0.0,0.0,0.0,0.0,0.0,0.0,0.0,0.0,0
1790808642.63,723.8,0.0,0.0,0.0,0.0,0.0,0.0,0.0,0.0,0.0,0.0,0
1790808643.13,724.3,0.0,0.0,0.0,0.0,0.0,0.0,0.0,0.0,0.0,0.0,0
1790808643.63,724.8,0.0,0.0,0.0,0.0,0.0,0.0,0.0,0.0,0.0,0.0,0
1790808644.13,725.3,0.0,0.0,0.0,0.0,0.0,0.0,0.0,0.0,0.0,0.0,0
1790808644.64,725.8,0.0,0.0,0.0,0.0,0.0,0.0,0.0,0.0,0.0,0.0,0
1790808645.14,726.3,0.0,0.0,0.0,0.0,0.0,0.0,0.0,0.0,0.0,0.0,0
1790808645.64,726.8,0.0,0.0,0.0,0.0,0.0,0.0,0.0,0.0,0.0,0.0,0
1790808646.14,727.3,0.0,0.0,0.0,0.0,0.0,0.0,0.0,0.0,0.0,0.0,0
1790808646.64,727.8,0.0,0.0,0.0,0.0,0.0,0.0,0.0,0.0,0.0,0.0,0
1790808647.14,728.4,0.0,0.0,0.0,0.0,0.0,0.0,0.0,0.0,0.0,0.0,0
1790808647.65,728.9,0.0,0.0,0.0,0.0,0.0,0.0,0.0,0.0,0.0,0.0,0
1790808648.15,729.4,0.0,0.0,0.0,0.0,0.0,0.0,0.0,0.0,0.0,0.0,0
1790808648.65,729.9,0.0,0.0,0.0,0.0,0.0,0.0,0.0,0.0,0.0,0.0,0
1790808649.15,730.4,0.0,0.0,0.0,0.0,0.0,0.0,0.0,0.0,0.0,0.0,0
1790808649.65,730.9,0.0,0.0,0.0,0.0,0.0,0.0,0.0,0.0,0.0,0.0,0
1790808650.16,731.4,0.0,0.0,0.0,0.0,0.0,0.0,0.0,0.0,0.0,0.0,0
1790808650.66,731.9,0.0,0.0,0.0,0.0,0.0,0.0,0.0,0.0,0.0,0.0,0
1790808651.16,732.4,0.0,0.0,0.0,0.0,0.0,0.0,0.0,0.0,0.0,0.0,0
1790808651.67,732.9,0.0,0.0,0.0,0.0,0.0,0.0,0.0,0.0,0.0,0.0,0
1790808652.18,733.4,0.0,0.0,0.0,0.0,0.0,0.0,0.0,0.0,0.0,0.0,0
1790808652.68,733.9,0.0,0.0,0.0,0.0,0.0,0.0,0.0,0.0,0.0,0.0,0
1790808653.18,734.4,0.0,0.0,0.0,0.0,0.0,0.0,0.0,0.0,0.0,0.0,0
1790808653.68,734.9,0.0,0.0,0.0,0.0,0.0,0.0,0.0,0.0,0.0,0.0,0
1790808654.18,735.4,0.0,0.0,0.0,0.0,0.0,0.0,0.0,0.0,0.0,0.0,0
1790808654.68,735.9,0.0,0.0,0.0,0.0,0.0,0.0,0.0,0.0,0.0,0.0,0
1790808655.19,736.4,0.0,0.0,0.0,0.0,0.0,0.0,0.0,0.0,0.0,0.0,0
1790808655.69,736.9,0.0,0.0,0.0,0.0,0.0,0.0,0.0,0.0,0.0,0.0,0
1790808656.19,737.4,0.0,0.0,0.0,0.0,0.0,0.0,0.0,0.0,0.0,0.0,0
1790808656.69,737.9,0.0,0.0,0.0,0.0,0.0,0.0,0.0,0.0,0.0,0.0,0
1790808657.19,738.4,0.0,0.0,0.0,0.0,0.0,0.0,0.0,0.0,0.0,0.0,0
