timestamp,UT,MET,altitude,radar_alt,vert_speed,orbital_vel,surface_vel,pitch,heading,roll,angle_prograde,dynamic_pressure,atmospheric_density,atmospheric_pressure_pa,g_force,apoapsis,periapsis,semi_major_axis,eccentricity,inclination,period,latitude,longitude,throttle,stage,solid_fuel,liquid_fuel,oxidizer,electric_charge,electric_charge_max,temp_ambient,temp_core,temp_skin,temp_sensor
1791654576.97,3219750.6,0.0,85.5,13.0,0.0,175.0,0.0,89.96,0.36,0.0,231.96,0.0,1212.461252,100048.0,0.99,78.9,-598435.2,300821.8,0.9948,0.097,551.6,-0.09709,-74.55781,1.0,0,-1.0,-1.0,-1.0,-1.0,-1.0,0.0,0.0,0.0,0.0
1791654577.47,3219750.6,0.5,85.5,13.0,0.0,175.0,0.0,89.96,0.36,0.0,231.96,0.0,1212.461252,100048.0,0.99,78.9,-598435.2,300821.8,0.9948,0.097,551.6,-0.09709,-74.55781,1.0,0,-1.0,-1.0,-1.0,-1.0,-1.0,0.0,0.0,0.0,0.0
1791654577.97,3219750.6,1.0,85.5,13.0,0.0,175.0,0.0,89.96,0.36,0.0,231.96,0.0,1212.461252,100048.0,0.99,78.9,-598435.2,300821.8,0.9948,0.097,551.6,-0.09709,-74.55781,1.0,0,-1.0,-1.0,-1.0,-1.0,-1.0,0.0,0.0,0.0,0.0
1791654578.47,3219750.6,1.5,85.5,13.0,0.0,175.0,0.0,89.96,0.36,0.0,231.96,0.0,1212.461252,100048.0,0.99,78.9,-598435.2,300821.8,0.9948,0.097,551.6,-0.09709,-74.55781,1.0,0,-1.0,-1.0,-1.0,-1.0,-1.0,0.0,0.0,0.0,0.0
1791654578.97,3219750.6,2.0,85.5,13.0,0.0,175.0,0.0,89.95,0.36,0.0,231.96,0.0,1212.461252,100048.0,0.99,78.9,-598435.2,300821.8,0.9948,0.097,551.6,-0.09709,-74.55781,1.0,0,-1.0,-1.0,-1.0,-1.0,-1.0,0.0,0.0,0.0,0.0
1791654579.47,3219750.6,2.5,85.5,13.0,0.0,175.0,0.0,89.95,0.36,0.0,231.96,0.0,1212.461252,100048.0,0.99,78.9,-598435.2,300821.8,0.9948,0.097,551.6,-0.09709,-74.55781,1.0,0,-1.0,-1.0,-1.0,-1.0,-1.0,0.0,0.0,0.0,0.0
1791654579.98,3219750.7,3.0,85.5,13.0,0.0,175.0,0.0,89.96,0.36,0.0,231.96,0.0,1212.461252,100048.0,0.99,78.9,-598435.2,300821.8,0.9948,0.097,551.6,-0.09709,-74.55781,1.0,0,-1.0,-1.0,-1.0,-1.0,-1.0,0.0,0.0,0.0,0.0
1791654580.48,3219750.7,3.5,85.5,13.0,0.0,175.0,0.0,89.96,0.36,0.0,231.96,0.0,1212.461252,100048.0,0.99,78.9,-598435.2,300821.8,0.9948,0.097,551.6,-0.09709,-74.55781,1.0,0,-1.0,-1.0,-1.0,-1.0,-1.0,0.0,0.0,0.0,0.0
1791654580.98,3219750.7,4.0,85.5,13.0,0.0,175.0,0.0,89.95,0.36,0.0,231.95,0.0,1212.461252,100048.0,0.99,78.9,-598435.2,300821.8,0.9948,0.097,551.6,-0.09709,-74.55781,1.0,0,-1.0,-1.0,-1.0,-1.0,-1.0,0.0,0.0,0.0,0.0
1791654581.48,3219750.7,4.5,85.5,13.0,0.0,175.0,0.0,89.95,0.36,0.0,231.95,0.0,1212.461252,100048.0,0.99,78.9,-598435.2,300821.8,0.9948,0.097,551.6,-0.09709,-74.55781,1.0,0,-1.0,-1.0,-1.0,-1.0,-1.0,0.0,0.0,0.0,0.0
1791654581.98,3219750.8,5.0,85.5,13.0,0.0,175.0,0.0,89.97,0.36,0.0,231.95,0.0,1212.461252,100048.0,0.99,78.9,-598435.2,300821.8,0.9948,0.097,551.6,-0.09709,-74.55781,1.0,0,-1.0,-1.0,-1.0,-1.0,-1.0,0.0,0.0,0.0,0.0
1791654582.48,3219750.8,5.5,85.5,13.0,0.0,175.0,0.0,89.97,0.36,0.0,231.95,0.0,1212.461252,100048.0,0.99,78.9,-598435.2,300821.8,0.9948,0.097,551.6,-0.09709,-74.55781,1.0,0,-1.0,-1.0,-1.0,-1.0,-1.0,0.0,0.0,0.0,0.0
1791654582.99,3219750.8,6.0,85.5,13.0,0.0,175.0,0.0,89.96,0.36,0.0,231.95,0.0,1212.461252,100048.0,0.99,78.9,-598435.2,300821.8,0.9948,0.097,551.6,-0.09709,-74.55781,1.0,0,-1.0,-1.0,-1.0,-1.0,-1.0,0.0,0.0,0.0,0.0
1791654583.49,3219750.8,6.5,85.5,13.0,0.0,175.0,0.0,89.96,0.36,0.0,231.95,0.0,1212.461252,100048.0,0.99,78.9,-598435.2,300821.8,0.9948,0.097,551.6,-0.09709,-74.55781,1.0,0,-1.0,-1.0,-1.0,-1.0,-1.0,0.0,0.0,0.0,0.0
1791654583.99,3219750.8,7.0,85.5,13.0,0.0,175.0,0.0,89.96,0.36,0.0,231.95,0.0,1212.461252,100048.0,0.99,78.9,-598435.2,300821.8,0.9948,0.097,551.6,-0.09709,-74.55781,1.0,0,-1.0,-1.0,-1.0,-1.0,-1.0,0.0,0.0,0.0,0.0
1791654584.49,3219750.8,7.5,85.5,13.0,0.0,175.0,0.0,89.96,0.36,0.0,231.95,0.0,1212.461252,100048.0,0.99,78.9,-598435.2,300821.8,0.9948,0.097,551.6,-0.09709,-74.55781,1.0,0,-1.0,-1.0,-1.0,-1.0,-1.0,0.0,0.0,0.0,0.0
1791654584.99,3219750.9,8.0,85.5,13.0,0.0,175.0,0.0,89.96,0.36,0.0,231.95,0.0,1212.461252,100048.0,0.99,78.9,-598435.2,300821.8,0.9948,0.097,551.6,-0.09709,-74.55781,1.0,0,-1.0,-1.0,-1.0,-1.0,-1.0,0.0,0.0,0.0,0.0
1791654585.49,3219750.9,8.5,85.5,13.0,0.0,175.0,0.0,89.96,0.36,0.0,231.95,0.0,1212.461252,100048.0,0.99,78.9,-598435.2,300821.8,0.9948,0.097,551.6,-0.09709,-74.55781,1.0,0,-1.0,-1.0,-1.0,-1.0,-1.0,0.0,0.0,0.0,0.0
1791654586.0,3219750.9,9.0,85.5,13.0,0.0,175.0,0.0,89.96,0.36,0.0,231.95,0.0,1212.461252,100048.0,0.99,78.9,-598435.2,300821.8,0.9948,0.097,551.6,-0.09709,-74.55781,1.0,0,-1.0,-1.0,-1.0,-1.0,-1.0,0.0,0.0,0.0,0.0
1791654586.5,3219750.9,9.5,85.5,13.0,0.0,175.0,0.0,89.96,0.36,0.0,231.95,0.0,1212.461252,100048.0,0.99,78.9,-598435.2,300821.8,0.9948,0.097,551.6,-0.09709,-74.55781,1.0,0,-1.0,-1.0,-1.0,-1.0,-1.0,0.0,0.0,0.0,0.0
1791654587.0,3219751.0,10.0,85.5,13.0,0.0,175.0,0.0,89.96,0.36,0.0,231.95,0.0,1212.461252,100048.0,0.99,78.9,-598435.2,300821.8,0.9948,0.097,551.6,-0.09709,-74.55781,1.0,0,-1.0,-1.0,-1.0,-1.0,-1.0,0.0,0.0,0.0,0.0
1791654587.5,3219751.0,10.5,85.5,13.0,0.0,175.0,0.0,89.95,0.36,0.0,231.95,0.0,1212.461252,100048.0,0.99,78.9,-598435.2,300821.8,0.9948,0.097,551.6,-0.09709,-74.55781,1.0,0,-1.0,-1.0,-1.0,-1.0,-1.0,0.0,0.0,0.0,0.0
1791654588.0,3219751.5,11.0,85.5,13.0,0.0,175.0,0.0,89.95,0.36,0.0,231.94,0.0,1212.461252,100048.0,0.99,78.9,-598435.2,300821.8,0.9948,0.097,551.6,-0.09709,-74.55781,1.0,0,-1.0,-1.0,-1.0,-1.0,-1.0,0.0,0.0,0.0,0.0
1791654588.51,3219752.0,11.5,85.5,13.0,0.0,175.0,0.0,89.95,0.36,0.0,231.93,0.0,1212.461252,100048.0,0.99,78.9,-598435.2,300821.8,0.9948,0.097,551.6,-0.09709,-74.55781,1.0,0,-1.0,-1.0,-1.0,-1.0,-1.0,0.0,0.0,0.0,0.0
1791654589.01,3219752.5,12.0,85.5,13.0,0.0,175.0,0.0,89.96,0.36,0.0,231.93,0.0,1212.461252,100048.0,0.99,78.9,-598435.2,300821.8,0.9948,0.097,551.6,-0.09709,-74.55781,1.0,0,-1.0,-1.0,-1.0,-1.0,-1.0,0.0,0.0,0.0,0.0
1791654589.51,3219753.0,12.5,85.5,13.0,0.0,175.0,0.0,89.95,0.36,0.0,231.92,0.0,1212.461252,100048.0,0.99,78.9,-598435.2,300821.8,0.9948,0.097,551.6,-0.09709,-74.55781,1.0,0,-1.0,-1.0,-1.0,-1.0,-1.0,0.0,0.0,0.0,0.0
1791654590.02,3219753.5,13.1,85.5,13.0,0.0,175.0,0.0,89.97,0.36,0.0,231.91,0.0,1212.461252,100048.0,0.99,78.9,-598435.2,300821.8,0.9948,0.097,551.6,-0.09709,-74.55781,1.0,0,-1.0,-1.0,-1.0,-1.0,-1.0,0.0,0.0,0.0,0.0
1791654590.52,3219753.9,13.6,85.5,13.0,0.0,175.0,0.0,89.97,0.36,0.0,231.9,0.0,1212.461252,100048.0,0.99,78.9,-598435.2,300821.8,0.9948,0.097,551.6,-0.09709,-74.55781,1.0,0,-1.0,-1.0,-1.0,-1.0,-1.0,0.0,0.0,0.0,0.0
1791654591.02,3219753.9,14.1,85.5,13.0,0.0,175.0,0.0,89.97,0.36,0.0,231.9,0.0,1212.461252,100048.0,0.99,78.9,-598435.2,300821.8,0.9948,0.097,551.6,-0.09709,-74.55781,1.0,0,-1.0,-1.0,-1.0,-1.0,-1.0,0.0,0.0,0.0,0.0
1791654591.52,3219753.9,14.6,85.5,13.0,0.0,175.0,0.0,89.97,0.36,0.0,231.9,0.0,1212.461252,100048.0,0.99,78.9,-598435.2,300821.8,0.9948,0.097,551.6,-0.09709,-74.55781,1.0,0,-1.0,-1.0,-1.0,-1.0,-1.0,0.0,0.0,0.0,0.0
1791654592.02,3219753.9,15.1,85.5,13.0,0.0,175.0,0.0,89.97,0.36,0.0,231.9,0.0,1212.461252,100048.0,0.99,78.9,-598435.2,300821.8,0.9948,0.097,551.6,-0.09709,-74.55781,1.0,0,-1.0,-1.0,-1.0,-1.0,-1.0,0.0,0.0,0.0,0.0
1791654592.52,3219753.9,15.6,85.5,13.0,0.0,175.0,0.0,89.97,0.36,0.0,231.9,0.0,1212.461252,100048.0,0.99,78.9,-598435.2,300821.8,0.9948,0.097,551.6,-0.09709,-74.55781,1.0,0,-1.0,-1.0,-1.0,-1.0,-1.0,0.0,0.0,0.0,0.0
1791654593.02,3219753.9,16.1,85.5,13.0,0.0,175.0,0.0,89.97,0.36,0.0,231.9,0.0,1212.461252,100048.0,0.99,78.9,-598435.2,300821.8,0.9948,0.097,551.6,-0.09709,-74.55781,1.0,0,-1.0,-1.0,-1.0,-1.0,-1.0,0.0,0.0,0.0,0.0
1791654593.53,3219754.0,16.6,85.5,13.0,0.0,175.0,0.0,89.95,0.36,0.0,231.9,0.0,1212.461252,100048.0,0.99,78.9,-598435.2,300821.8,0.9948,0.097,551.6,-0.09709,-74.55781,1.0,0,-1.0,-1.0,-1.0,-1.0,-1.0,0.0,0.0,0.0,0.0
1791654594.03,3219754.0,17.1,85.5,13.0,0.0,175.0,0.0,89.95,0.36,0.0,231.9,0.0,1212.461252,100048.0,0.99,78.9,-598435.2,300821.8,0.9948,0.097,551.6,-0.09709,-74.55781,1.0,0,-1.0,-1.0,-1.0,-1.0,-1.0,0.0,0.0,0.0,0.0
1791654594.53,3219754.0,17.6,85.5,13.0,0.0,175.0,0.0,89.95,0.36,0.0,231.9,0.0,1212.461252,100048.0,0.99,78.9,-598435.2,300821.8,0.9948,0.097,551.6,-0.09709,-74.55781,1.0,0,-1.0,-1.0,-1.0,-1.0,-1.0,0.0,0.0,0.0,0.0
1791654595.03,3219754.0,18.1,85.5,13.0,0.0,175.0,0.0,89.95,0.36,0.0,231.9,0.0,1212.461252,100048.0,0.99,78.9,-598435.2,300821.8,0.9948,0.097,551.6,-0.09709,-74.55781,1.0,0,-1.0,-1.0,-1.0,-1.0,-1.0,0.0,0.0,0.0,0.0
1791654595.53,3219754.1,18.6,85.5,13.0,0.0,175.0,0.0,89.95,0.36,0.0,231.9,0.0,1212.461252,100048.0,0.99,78.9,-598435.2,300821.8,0.9948,0.097,551.6,-0.09709,-74.55781,1.0,0,-1.0,-1.0,-1.0,-1.0,-1.0,0.0,0.0,0.0,0.0
1791654596.03,3219754.1,19.1,85.5,13.0,0.0,175.0,0.0,89.95,0.36,0.0,231.9,0.0,1212.461252,100048.0,0.99,78.9,-598435.2,300821.8,0.9948,0.097,551.6,-0.09709,-74.55781,1.0,0,-1.0,-1.0,-1.0,-1.0,-1.0,0.0,0.0,0.0,0.0
1791654596.54,3219754.2,19.6,85.5,13.0,0.0,175.0,0.0,89.95,0.36,0.0,231.9,0.0,1212.461252,100048.0,0.99,78.9,-598435.2,300821.8,0.9948,0.097,551.6,-0.09709,-74.55781,1.0,0,-1.0,-1.0,-1.0,-1.0,-1.0,0.0,0.0,0.0,0.0
1791654597.04,3219754.7,20.1,85.5,13.0,0.0,175.0,0.0,89.97,0.36,0.0,231.89,0.0,1212.461252,100048.0,0.99,78.9,-598435.2,300821.8,0.9948,0.097,551.6,-0.09709,-74.55781,1.0,0,-1.0,-1.0,-1.0,-1.0,-1.0,0.0,0.0,0.0,0.0
1791654597.54,3219755.2,20.6,85.5,13.0,0.0,175.0,0.0,89.95,0.36,0.0,231.88,0.0,1212.461252,100048.0,0.99,78.9,-598435.2,300821.8,0.9948,0.097,551.6,-0.09709,-74.55781,1.0,0,-1.0,-1.0,-1.0,-1.0,-1.0,0.0,0.0,0.0,0.0
1791654598.04,3219755.7,21.1,85.5,13.0,0.0,175.0,0.0,89.96,0.36,0.0,231.87,0.0,1212.461252,100048.0,0.99,78.9,-598435.2,300821.8,0.9948,0.097,551.6,-0.09709,-74.55781,1.0,0,-1.0,-1.0,-1.0,-1.0,-1.0,0.0,0.0,0.0,0.0
1791654598.55,3219756.2,21.6,85.5,13.0,0.0,175.0,0.0,89.95,0.36,0.0,231.86,0.0,1212.461252,100048.0,0.99,78.9,-598435.2,300821.8,0.9948,0.097,551.6,-0.09709,-74.55781,1.0,0,-1.0,-1.0,-1.0,-1.0,-1.0,0.0,0.0,0.0,0.0
1791654599.05,3219756.7,22.1,85.5,13.0,0.0,175.0,0.0,89.96,0.36,0.0,231.86,0.0,1212.461252,100048.0,0.99,78.9,-598435.2,300821.8,0.9948,0.097,551.6,-0.09709,-74.55781,1.0,0,-1.0,-1.0,-1.0,-1.0,-1.0,0.0,0.0,0.0,0.0
1791654599.55,3219757.2,22.6,85.5,13.0,0.0,175.0,0.0,89.95,0.36,0.0,231.85,0.0,1212.461252,100048.0,0.99,78.9,-598435.2,300821.8,0.9948,0.097,551.6,-0.09709,-74.55781,1.0,0,-1.0,-1.0,-1.0,-1.0,-1.0,0.0,0.0,0.0,0.0
1791654600.05,3219757.7,23.1,85.5,13.0,0.0,175.0,0.0,89.95,0.36,0.0,231.84,0.0,1212.461252,100048.0,0.99,78.9,-598435.2,300821.8,0.9948,0.097,551.6,-0.09709,-74.55781,1.0,0,-1.0,-1.0,-1.0,-1.0,-1.0,0.0,0.0,0.0,0.0
1791654600.55,3219758.2,23.6,85.5,13.0,0.0,175.0,0.0,89.95,0.36,0.0,231.83,0.0,1212.461252,100048.0,0.99,78.9,-598435.2,300821.8,0.9948,0.097,551.6,-0.09709,-74.55781,1.0,0,-1.0,-1.0,-1.0,-1.0,-1.0,0.0,0.0,0.0,0.0
1791654601.05,3219758.7,24.1,85.5,13.0,0.0,175.0,0.0,89.95,0.36,0.0,231.82,0.0,1212.461252,100048.0,0.99,78.9,-598435.2,300821.8,0.9948,0.097,551.6,-0.09709,-74.55781,1.0,0,-1.0,-1.0,-1.0,-1.0,-1.0,0.0,0.0,0.0,0.0
1791654601.56,3219759.2,24.6,85.5,13.0,0.0,175.0,0.0,89.95,0.36,0.0,231.81,0.0,1212.461252,100048.0,0.99,78.9,-598435.2,300821.8,0.9948,0.097,551.6,-0.09709,-74.55781,1.0,0,-1.0,-1.0,-1.0,-1.0,-1.0,0.0,0.0,0.0,0.0
1791654602.06,3219759.7,25.1,85.5,13.0,0.0,175.0,0.0,89.97,0.36,0.0,231.81,0.0,1212.461252,100048.0,0.99,78.9,-598435.2,300821.8,0.9948,0.097,551.6,-0.09709,-74.55781,1.0,0,-1.0,-1.0,-1.0,-1.0,-1.0,0.0,0.0,0.0,0.0
1791654602.56,3219760.2,25.6,85.5,13.0,0.0,175.0,0.0,89.97,0.36,0.0,231.8,0.0,1212.461252,100048.0,0.99,78.9,-598435.2,300821.8,0.9948,0.097,551.6,-0.09709,-74.55781,1.0,0,-1.0,-1.0,-1.0,-1.0,-1.0,0.0,0.0,0.0,0.0
1791654603.06,3219760.7,26.1,85.5,13.0,0.0,175.0,0.0,89.97,0.36,0.0,231.79,0.0,1212.461252,100048.0,0.99,78.9,-598435.2,300821.8,0.9948,0.097,551.6,-0.09709,-74.55781,1.0,0,-1.0,-1.0,-1.0,-1.0,-1.0,0.0,0.0,0.0,0.0
1791654603.57,3219761.2,26.6,85.5,13.0,0.0,175.0,0.0,89.97,0.36,0.0,231.78,0.0,1212.461252,100048.0,0.99,78.9,-598435.2,300821.8,0.9948,0.097,551.6,-0.09709,-74.55781,1.0,0,-1.0,-1.0,-1.0,-1.0,-1.0,0.0,0.0,0.0,0.0
1791654604.07,3219761.7,27.1,85.5,13.0,0.0,175.0,0.0,89.95,0.36,0.0,231.77,0.0,1212.461252,100048.0,0.99,78.9,-598435.2,300821.8,0.9948,0.097,551.6,-0.09709,-74.55781,1.0,0,-1.0,-1.0,-1.0,-1.0,-1.0,0.0,0.0,0.0,0.0
1791654604.57,3219762.2,27.6,85.5,13.0,0.0,175.0,0.0,89.97,0.36,0.0,231.76,0.0,1212.461252,100048.0,0.99,78.9,-598435.2,300821.8,0.9948,0.097,551.6,-0.09709,-74.55781,1.0,0,-1.0,-1.0,-1.0,-1.0,-1.0,0.0,0.0,0.0,0.0
1791654605.07,3219762.7,28.1,85.5,13.0,0.0,175.0,0.0,89.95,0.36,0.0,231.76,0.0,1212.461252,100048.0,0.99,78.9,-598435.2,300821.8,0.9948,0.097,551.6,-0.09709,-74.55781,1.0,0,-1.0,-1.0,-1.0,-1.0,-1.0,0.0,0.0,0.0,0.0
1791654605.57,3219763.2,28.6,85.5,13.0,0.0,175.0,0.0,89.96,0.36,0.0,231.75,0.0,1212.461252,100048.0,0.99,78.9,-598435.2,300821.8,0.9948,0.097,551.6,-0.09709,-74.55781,1.0,0,-1.0,-1.0,-1.0,-1.0,-1.0,0.0,0.0,0.0,0.0
1791654606.07,3219763.7,29.1,85.5,13.0,0.0,175.0,0.0,89.96,0.36,0.0,231.74,0.0,1212.461252,100048.0,0.99,78.9,-598435.2,300821.8,0.9948,0.097,551.6,-0.09709,-74.55781,1.0,0,-1.0,-1.0,-1.0,-1.0,-1.0,0.0,0.0,0.0,0.0
1791654606.58,3219764.2,29.6,85.5,13.0,0.0,175.0,0.0,89.96,0.36,0.0,231.73,0.0,1212.461252,100048.0,0.99,78.9,-598435.2,300821.8,0.9948,0.097,551.6,-0.09709,-74.55781,1.0,0,-1.0,-1.0,-1.0,-1.0,-1.0,0.0,0.0,0.0,0.0
1791654607.08,3219764.7,30.1,85.5,13.0,0.0,175.0,0.0,89.95,0.36,0.0,231.72,0.0,1212.461252,100048.0,0.99,78.9,-598435.2,300821.8,0.9948,0.097,551.6,-0.09709,-74.55781,1.0,0,-1.0,-1.0,-1.0,-1.0,-1.0,0.0,0.0,0.0,0.0
1791654607.58,3219765.2,30.6,85.5,13.0,0.0,175.0,0.0,89.95,0.36,0.0,231.71,0.0,1212.461252,100048.0,0.99,78.9,-598435.2,300821.8,0.9948,0.097,551.6,-0.09709,-74.55781,1.0,0,-1.0,-1.0,-1.0,-1.0,-1.0,0.0,0.0,0.0,0.0
1791654608.08,3219765.6,31.1,85.5,13.0,0.0,175.0,0.0,89.95,0.36,0.0,231.71,0.0,1212.461252,100048.0,0.99,78.9,-598435.2,300821.8,0.9948,0.097,551.6,-0.09709,-74.55781,1.0,0,-1.0,-1.0,-1.0,-1.0,-1.0,0.0,0.0,0.0,0.0
1791654608.58,3219765.7,31.6,85.5,13.0,0.0,175.0,0.0,89.95,0.36,0.0,231.71,0.0,1212.461252,100048.0,0.99,78.9,-598435.2,300821.8,0.9948,0.097,551.6,-0.09709,-74.55781,1.0,0,-1.0,-1.0,-1.0,-1.0,-1.0,0.0,0.0,0.0,0.0
1791654609.09,3219765.7,32.1,85.5,13.0,0.0,175.0,0.0,89.95,0.36,0.0,231.71,0.0,1212.461252,100048.0,0.99,78.9,-598435.2,300821.8,0.9948,0.097,551.6,-0.09709,-74.55781,1.0,0,-1.0,-1.0,-1.0,-1.0,-1.0,0.0,0.0,0.0,0.0
1791654609.59,3219765.7,32.6,85.5,13.0,0.0,175.0,0.0,89.95,0.36,0.0,231.7,0.0,1212.461252,100048.0,0.99,78.9,-598435.2,300821.8,0.9948,0.097,551.6,-0.09709,-74.55781,1.0,0,-1.0,-1.0,-1.0,-1.0,-1.0,0.0,0.0,0.0,0.0
1791654610.09,3219766.1,33.1,85.5,13.0,0.0,175.0,0.0,89.97,0.36,0.0,231.7,0.0,1212.461252,100048.0,0.99,78.9,-598435.2,300821.8,0.9948,0.097,551.6,-0.09709,-74.55781,1.0,0,-1.0,-1.0,-1.0,-1.0,-1.0,0.0,0.0,0.0,0.0
1791654610.59,3219766.6,33.6,85.5,13.0,0.0,175.0,0.0,89.97,0.36,0.0,231.69,0.0,1212.461252,100048.0,0.99,78.9,-598435.2,300821.8,0.9948,0.097,551.6,-0.09709,-74.55781,1.0,0,-1.0,-1.0,-1.0,-1.0,-1.0,0.0,0.0,0.0,0.0
1791654611.09,3219767.1,34.1,85.5,13.0,0.0,175.0,0.0,89.97,0.36,0.0,231.68,0.0,1212.461252,100048.0,0.99,78.9,-598435.2,300821.8,0.9948,0.097,551.6,-0.09709,-74.55781,1.0,0,-1.0,-1.0,-1.0,-1.0,-1.0,0.0,0.0,0.0,0.0
1791654611.6,3219767.6,34.6,85.5,13.0,0.0,175.0,0.0,89.95,0.36,0.0,231.67,0.0,1212.461252,100048.0,0.99,78.9,-598435.2,300821.8,0.9948,0.097,551.6,-0.09709,-74.55781,1.0,0,-1.0,-1.0,-1.0,-1.0,-1.0,0.0,0.0,0.0,0.0
1791654612.1,3219768.1,35.1,85.5,13.0,0.0,175.0,0.0,89.97,0.36,0.0,231.67,0.0,1212.461252,100048.0,0.99,78.9,-598435.2,300821.8,0.9948,0.097,551.6,-0.09709,-74.55781,1.0,0,-1.0,-1.0,-1.0,-1.0,-1.0,0.0,0.0,0.0,0.0
1791654612.6,3219768.6,35.6,85.5,13.0,0.0,175.0,0.0,89.95,0.36,0.0,231.66,0.0,1212.461252,100048.0,0.99,78.9,-598435.2,300821.8,0.9948,0.097,551.6,-0.09709,-74.55781,1.0,0,-1.0,-1.0,-1.0,-1.0,-1.0,0.0,0.0,0.0,0.0
1791654613.11,3219769.1,36.1,85.5,13.0,0.0,175.0,0.0,89.97,0.36,0.0,231.65,0.0,1212.461252,100048.0,0.99,78.9,-598435.2,300821.8,0.9948,0.097,551.6,-0.09709,-74.55781,1.0,0,-1.0,-1.0,-1.0,-1.0,-1.0,0.0,0.0,0.0,0.0
1791654613.61,3219769.6,36.6,85.5,13.0,0.0,175.0,0.0,89.97,0.36,0.0,231.64,0.0,1212.461252,100048.0,0.99,78.9,-598435.2,300821.8,0.9948,0.097,551.6,-0.09709,-74.55781,1.0,0,-1.0,-1.0,-1.0,-1.0,-1.0,0.0,0.0,0.0,0.0
1791654614.11,3219770.1,37.1,85.5,13.0,0.0,175.0,0.0,89.96,0.36,0.0,231.63,0.0,1212.461252,100048.0,0.99,78.9,-598435.2,300821.8,0.9948,0.097,551.6,-0.09709,-74.55781,1.0,0,-1.0,-1.0,-1.0,-1.0,-1.0,0.0,0.0,0.0,0.0
1791654614.61,3219770.6,37.6,85.5,13.0,0.0,175.0,0.0,89.97,0.36,0.0,231.62,0.0,1212.461252,100048.0,0.99,78.9,-598435.2,300821.8,0.9948,0.097,551.6,-0.09709,-74.55781,1.0,0,-1.0,-1.0,-1.0,-1.0,-1.0,0.0,0.0,0.0,0.0
1791654615.12,3219771.1,38.2,85.5,13.0,0.0,175.0,0.0,89.95,0.36,0.0,231.62,0.0,1212.461252,100048.0,0.99,78.9,-598435.2,300821.8,0.9948,0.097,551.6,-0.09709,-74.55781,1.0,0,-1.0,-1.0,-1.0,-1.0,-1.0,0.0,0.0,0.0,0.0
1791654615.62,3219771.2,38.7,85.5,13.0,0.0,175.0,0.0,89.95,0.36,0.0,231.61,0.0,1212.461252,100048.0,0.99,78.9,-598435.2,300821.8,0.9948,0.097,551.6,-0.09709,-74.55781,1.0,0,-1.0,-1.0,-1.0,-1.0,-1.0,0.0,0.0,0.0,0.0
1791654616.12,3219771.2,39.2,85.5,13.0,0.0,175.0,0.0,89.95,0.36,0.0,231.61,0.0,1212.461252,100048.0,0.99,78.9,-598435.2,300821.8,0.9948,0.097,551.6,-0.09709,-74.55781,1.0,0,-1.0,-1.0,-1.0,-1.0,-1.0,0.0,0.0,0.0,0.0
1791654616.63,3219771.5,39.7,85.5,13.0,0.0,175.0,0.0,89.95,0.36,0.0,231.61,0.0,1212.461252,100048.0,0.99,78.9,-598435.2,300821.8,0.9948,0.097,551.6,-0.09709,-74.55781,1.0,0,-1.0,-1.0,-1.0,-1.0,-1.0,0.0,0.0,0.0,0.0
1791654617.13,3219771.9,40.2,85.5,13.0,0.0,175.0,0.0,89.95,0.36,0.0,231.6,0.0,1212.461252,100048.0,0.99,78.9,-598435.2,300821.8,0.9948,0.097,551.6,-0.09709,-74.55781,1.0,0,-1.0,-1.0,-1.0,-1.0,-1.0,0.0,0.0,0.0,0.0
1791654617.63,3219772.5,40.7,85.5,13.0,0.0,175.0,0.0,89.95,0.36,0.0,231.59,0.0,1212.461252,100048.0,0.99,78.9,-598435.2,300821.8,0.9948,0.097,551.6,-0.09709,-74.55781,1.0,0,-1.0,-1.0,-1.0,-1.0,-1.0,0.0,0.0,0.0,0.0
1791654618.14,3219772.9,41.2,85.5,13.0,0.0,175.0,0.0,89.97,0.36,0.0,231.58,0.0,1212.461252,100048.0,0.99,78.9,-598435.2,300821.8,0.9948,0.097,551.6,-0.09709,-74.55781,1.0,0,-1.0,-1.0,-1.0,-1.0,-1.0,0.0,0.0,0.0,0.0
1791654618.64,3219773.4,41.7,85.5,13.0,0.0,175.0,0.0,89.95,0.36,0.0,231.58,0.0,1212.461252,100048.0,0.99,78.9,-598435.2,300821.8,0.9948,0.097,551.6,-0.09709,-74.55781,1.0,0,-1.0,-1.0,-1.0,-1.0,-1.0,0.0,0.0,0.0,0.0
1791654619.14,3219773.9,42.2,85.5,13.0,0.0,175.0,0.0,89.97,0.36,0.0,231.57,0.0,1212.461252,100048.0,0.99,78.9,-598435.2,300821.8,0.9948,0.097,551.6,-0.09709,-74.55781,1.0,0,-1.0,-1.0,-1.0,-1.0,-1.0,0.0,0.0,0.0,0.0
1791654619.64,3219774.4,42.7,85.5,13.0,0.0,175.0,0.0,89.95,0.36,0.0,231.56,0.0,1212.461252,100048.0,0.99,78.9,-598435.2,300821.8,0.9948,0.097,551.6,-0.09709,-74.55781,1.0,0,-1.0,-1.0,-1.0,-1.0,-1.0,0.0,0.0,0.0,0.0
1791654620.14,3219774.9,43.2,85.5,13.0,0.0,175.0,0.0,89.95,0.36,0.0,231.55,0.0,1212.461252,100048.0,0.99,78.9,-598435.2,300821.8,0.9948,0.097,551.6,-0.09709,-74.55781,1.0,0,-1.0,-1.0,-1.0,-1.0,-1.0,0.0,0.0,0.0,0.0
1791654620.65,3219775.4,43.7,85.5,13.0,0.0,175.0,0.0,89.97,0.36,0.0,231.54,0.0,1212.461252,100048.0,0.99,78.9,-598435.2,300821.8,0.9948,0.097,551.6,-0.09709,-74.55781,1.0,0,-1.0,-1.0,-1.0,-1.0,-1.0,0.0,0.0,0.0,0.0
1791654621.15,3219775.9,44.2,85.5,13.0,0.0,175.0,0.0,89.96,0.36,0.0,231.53,0.0,1212.461252,100048.0,0.99,78.9,-598435.2,300821.8,0.9948,0.097,551.6,-0.09709,-74.55781,1.0,0,-1.0,-1.0,-1.0,-1.0,-1.0,0.0,0.0,0.0,0.0
1791654621.65,3219776.4,44.7,85.5,13.0,0.0,175.0,0.0,89.96,0.36,0.0,231.53,0.0,1212.461252,100048.0,0.99,78.9,-598435.2,300821.8,0.9948,0.097,551.6,-0.09709,-74.55781,1.0,0,-1.0,-1.0,-1.0,-1.0,-1.0,0.0,0.0,0.0,0.0
1791654622.15,3219776.9,45.2,85.5,13.0,0.0,175.0,0.0,89.95,0.36,0.0,231.52,0.0,1212.461252,100048.0,0.99,78.9,-598435.2,300821.8,0.9948,0.097,551.6,-0.09709,-74.55781,1.0,0,-1.0,-1.0,-1.0,-1.0,-1.0,0.0,0.0,0.0,0.0
1791654622.65,3219777.4,45.7,85.5,13.0,0.0,175.0,0.0,89.95,0.36,0.0,231.51,0.0,1212.461252,100048.0,0.99,78.9,-598435.2,300821.8,0.9948,0.097,551.6,-0.09709,-74.55781,1.0,0,-1.0,-1.0,-1.0,-1.0,-1.0,0.0,0.0,0.0,0.0
1791654623.16,3219777.9,46.2,85.5,13.0,0.0,175.0,0.0,89.95,0.36,0.0,231.5,0.0,1212.461252,100048.0,0.99,78.9,-598435.2,300821.8,0.9948,0.097,551.6,-0.09709,-74.55781,1.0,0,-1.0,-1.0,-1.0,-1.0,-1.0,0.0,0.0,0.0,0.0
1791654623.66,3219778.4,46.7,85.5,13.0,0.0,175.0,0.0,89.95,0.36,0.0,231.49,0.0,1212.461252,100048.0,0.99,78.9,-598435.2,300821.8,0.9948,0.097,551.6,-0.09709,-74.55781,1.0,0,-1.0,-1.0,-1.0,-1.0,-1.0,0.0,0.0,0.0,0.0
1791654624.16,3219779.0,47.2,85.5,13.0,0.0,175.0,0.0,89.95,0.36,0.0,231.48,0.0,1212.461252,100048.0,0.99,78.9,-598435.2,300821.8,0.9948,0.097,551.6,-0.09709,-74.55781,1.0,0,-1.0,-1.0,-1.0,-1.0,-1.0,0.0,0.0,0.0,0.0
1791654624.66,3219779.5,47.7,85.5,13.0,0.0,175.0,0.0,89.97,0.36,0.0,231.48,0.0,1212.461252,100048.0,0.99,78.9,-598435.2,300821.8,0.9948,0.097,551.6,-0.09709,-74.55781,1.0,0,-1.0,-1.0,-1.0,-1.0,-1.0,0.0,0.0,0.0,0.0
1791654625.17,3219780.0,48.2,85.5,13.0,0.0,175.0,0.0,89.95,0.36,0.0,231.47,0.0,1212.461252,100048.0,0.99,78.9,-598435.2,300821.8,0.9948,0.097,551.6,-0.09709,-74.55781,1.0,0,-1.0,-1.0,-1.0,-1.0,-1.0,0.0,0.0,0.0,0.0
1791654625.67,3219780.5,48.7,85.5,13.0,0.0,175.0,0.0,89.97,0.36,0.0,231.46,0.0,1212.461252,100048.0,0.99,78.9,-598435.2,300821.8,0.9948,0.097,551.6,-0.09709,-74.55781,1.0,0,-1.0,-1.0,-1.0,-1.0,-1.0,0.0,0.0,0.0,0.0
1791654626.17,3219780.9,49.2,85.5,13.0,0.0,175.0,0.0,89.95,0.36,0.0,231.45,0.0,1212.461252,100048.0,0.99,78.9,-598435.2,300821.8,0.9948,0.097,551.6,-0.09709,-74.55781,1.0,0,-1.0,-1.0,-1.0,-1.0,-1.0,0.0,0.0,0.0,0.0
1791654626.68,3219781.4,49.7,85.5,13.0,0.0,175.0,0.0,89.97,0.36,0.0,231.44,0.0,1212.461252,100048.0,0.99,78.9,-598435.2,300821.8,0.9948,0.097,551.6,-0.09709,-74.55781,1.0,0,-1.0,-1.0,-1.0,-1.0,-1.0,0.0,0.0,0.0,0.0
1791654627.18,3219781.9,50.2,85.5,13.0,0.0,175.0,0.0,89.95,0.36,0.0,231.43,0.0,1212.461252,100048.0,0.99,78.9,-598435.2,300821.8,0.9948,0.097,551.6,-0.09709,-74.55781,1.0,0,-1.0,-1.0,-1.0,-1.0,-1.0,0.0,0.0,0.0,0.0
1791654627.69,3219782.5,50.7,85.5,13.0,0.0,175.0,0.0,89.97,0.36,0.0,231.43,0.0,1212.461252,100048.0,0.99,78.9,-598435.2,300821.8,0.9948,0.097,551.6,-0.09709,-74.55781,1.0,0,-1.0,-1.0,-1.0,-1.0,-1.0,0.0,0.0,0.0,0.0
1791654628.19,3219782.9,51.2,85.5,13.0,0.0,175.0,0.0,89.97,0.36,0.0,231.42,0.0,1212.461252,100048.0,0.99,78.9,-598435.2,300821.8,0.9948,0.097,551.6,-0.09709,-74.55781,1.0,0,-1.0,-1.0,-1.0,-1.0,-1.0,0.0,0.0,0.0,0.0
1791654628.7,3219782.9,51.7,85.5,13.0,0.0,175.0,0.0,89.97,0.36,0.0,231.42,0.0,1212.461252,100048.0,0.99,78.9,-598435.2,300821.8,0.9948,0.097,551.6,-0.09709,-74.55781,1.0,0,-1.0,-1.0,-1.0,-1.0,-1.0,0.0,0.0,0.0,0.0
1791654629.2,3219782.9,52.2,85.5,13.0,0.0,175.0,0.0,89.97,0.36,0.0,231.42,0.0,1212.461252,100048.0,0.99,78.9,-598435.2,300821.8,0.9948,0.097,551.6,-0.09709,-74.55781,1.0,0,-1.0,-1.0,-1.0,-1.0,-1.0,0.0,0.0,0.0,0.0
1791654629.7,3219783.0,52.7,85.5,13.0,0.0,175.0,0.0,89.97,0.36,0.0,231.42,0.0,1212.461252,100048.0,0.99,78.9,-598435.2,300821.8,0.9948,0.097,551.6,-0.09709,-74.55781,1.0,0,-1.0,-1.0,-1.0,-1.0,-1.0,0.0,0.0,0.0,0.0
1791654630.2,3219783.0,53.2,85.5,13.0,0.0,175.0,0.0,89.97,0.36,0.0,231.42,0.0,1212.461252,100048.0,0.99,78.9,-598435.2,300821.8,0.9948,0.097,551.6,-0.09709,-74.55781,1.0,0,-1.0,-1.0,-1.0,-1.0,-1.0,0.0,0.0,0.0,0.0
1791654630.7,3219783.0,53.7,85.5,13.0,0.0,175.0,0.0,89.95,0.36,0.0,231.42,0.0,1212.461252,100048.0,0.99,78.9,-598435.2,300821.8,0.9948,0.097,551.6,-0.09709,-74.55781,1.0,0,-1.0,-1.0,-1.0,-1.0,-1.0,0.0,0.0,0.0,0.0
1791654631.21,3219783.0,54.2,85.5,13.0,0.0,175.0,0.0,89.95,0.36,0.0,231.42,0.0,1212.461252,100048.0,0.99,78.9,-598435.2,300821.8,0.9948,0.097,551.6,-0.09709,-74.55781,1.0,0,-1.0,-1.0,-1.0,-1.0,-1.0,0.0,0.0,0.0,0.0
1791654631.71,3219783.1,54.7,85.5,13.0,0.0,175.0,0.0,89.95,0.36,0.0,231.42,0.0,1212.461252,100048.0,0.99,78.9,-598435.2,300821.8,0.9948,0.097,551.6,-0.09709,-74.55781,1.0,0,-1.0,-1.0,-1.0,-1.0,-1.0,0.0,0.0,0.0,0.0
1791654632.22,3219783.1,55.3,85.5,13.0,0.0,175.0,0.0,89.95,0.36,0.0,231.42,0.0,1212.461252,100048.0,0.99,78.9,-598435.2,300821.8,0.9948,0.097,551.6,-0.09709,-74.55781,1.0,0,-1.0,-1.0,-1.0,-1.0,-1.0,0.0,0.0,0.0,0.0
1791654632.72,3219783.1,55.8,85.5,13.0,0.0,175.0,0.0,89.97,0.36,0.0,231.41,0.0,1212.461252,100048.0,0.99,78.9,-598435.2,300821.8,0.9948,0.097,551.6,-0.09709,-74.55781,1.0,0,-1.0,-1.0,-1.0,-1.0,-1.0,0.0,0.0,0.0,0.0
1791654633.22,3219783.1,56.3,85.5,13.0,0.0,175.0,0.0,89.97,0.36,0.0,231.41,0.0,1212.461252,100048.0,0.99,78.9,-598435.2,300821.8,0.9948,0.097,551.6,-0.09709,-74.55781,1.0,0,-1.0,-1.0,-1.0,-1.0,-1.0,0.0,0.0,0.0,0.0
1791654633.72,3219783.3,56.8,85.5,13.0,0.0,175.0,0.0,89.97,0.36,0.0,231.41,0.0,1212.461252,100048.0,0.99,78.9,-598435.2,300821.8,0.9948,0.097,551.6,-0.09709,-74.55781,1.0,0,-1.0,-1.0,-1.0,-1.0,-1.0,0.0,0.0,0.0,0.0
1791654634.23,3219783.7,57.3,85.5,13.0,0.0,175.0,0.0,89.95,0.36,0.0,231.4,0.0,1212.461252,100048.0,0.99,78.9,-598435.2,300821.8,0.9948,0.097,551.6,-0.09709,-74.55781,1.0,0,-1.0,-1.0,-1.0,-1.0,-1.0,0.0,0.0,0.0,0.0
1791654634.73,3219784.2,57.8,85.5,13.0,0.0,175.0,0.0,89.95,0.36,0.0,231.4,0.0,1212.461252,100048.0,0.99,78.9,-598435.2,300821.8,0.9948,0.097,551.6,-0.09709,-74.55781,1.0,0,-1.0,-1.0,-1.0,-1.0,-1.0,0.0,0.0,0.0,0.0
1791654635.23,3219784.7,58.3,85.5,13.0,0.0,175.0,0.0,89.95,0.36,0.0,231.39,0.0,1212.461252,100048.0,0.99,78.9,-598435.2,300821.8,0.9948,0.097,551.6,-0.09709,-74.55781,1.0,0,-1.0,-1.0,-1.0,-1.0,-1.0,0.0,0.0,0.0,0.0
1791654635.74,3219784.9,58.8,85.5,13.0,0.0,175.0,0.0,89.96,0.36,0.0,231.38,0.0,1212.461252,100048.0,0.99,78.9,-598435.2,300821.8,0.9948,0.097,551.6,-0.09709,-74.55781,1.0,0,-1.0,-1.0,-1.0,-1.0,-1.0,0.0,0.0,0.0,0.0
1791654636.24,3219784.9,59.3,85.5,13.0,0.0,175.0,0.0,89.96,0.36,0.0,231.38,0.0,1212.461252,100048.0,0.99,78.9,-598435.2,300821.8,0.9948,0.097,551.6,-0.09709,-74.55781,1.0,0,-1.0,-1.0,-1.0,-1.0,-1.0,0.0,0.0,0.0,0.0
1791654636.74,3219785.0,59.8,85.5,13.0,0.0,175.0,0.0,89.96,0.36,0.0,231.38,0.0,1212.461252,100048.0,0.99,78.9,-598435.2,300821.8,0.9948,0.097,551.6,-0.09709,-74.55781,1.0,0,-1.0,-1.0,-1.0,-1.0,-1.0,0.0,0.0,0.0,0.0
1791654637.25,3219785.0,60.3,85.5,13.0,0.0,175.0,0.0,89.96,0.36,0.0,231.38,0.0,1212.461252,100048.0,0.99,78.9,-598435.2,300821.8,0.9948,0.097,551.6,-0.09709,-74.55781,1.0,0,-1.0,-1.0,-1.0,-1.0,-1.0,0.0,0.0,0.0,0.0
1791654637.75,3219785.0,60.8,85.5,13.0,0.0,175.0,0.0,89.95,0.36,0.0,231.38,0.0,1212.461252,100048.0,0.99,78.9,-598435.2,300821.8,0.9948,0.097,551.6,-0.09709,-74.55781,1.0,0,-1.0,-1.0,-1.0,-1.0,-1.0,0.0,0.0,0.0,0.0
1791654638.25,3219785.0,61.3,85.5,13.0,0.0,175.0,0.0,89.95,0.36,0.0,231.38,0.0,1212.461252,100048.0,0.99,78.9,-598435.2,300821.8,0.9948,0.097,551.6,-0.09709,-74.55781,1.0,0,-1.0,-1.0,-1.0,-1.0,-1.0,0.0,0.0,0.0,0.0
1791654638.75,3219785.0,61.8,85.5,13.0,0.0,175.0,0.0,89.97,0.36,0.0,231.38,0.0,1212.461252,100048.0,0.99,78.9,-598435.2,300821.8,0.9948,0.097,551.6,-0.09709,-74.55781,1.0,0,-1.0,-1.0,-1.0,-1.0,-1.0,0.0,0.0,0.0,0.0
1791654639.26,3219785.0,62.3,85.5,13.0,0.0,175.0,0.0,89.97,0.36,0.0,231.38,0.0,1212.461252,100048.0,0.99,78.9,-598435.2,300821.8,0.9948,0.097,551.6,-0.09709,-74.55781,1.0,0,-1.0,-1.0,-1.0,-1.0,-1.0,0.0,0.0,0.0,0.0
1791654639.76,3219785.1,62.8,85.5,13.0,0.0,175.0,0.0,89.97,0.36,0.0,231.38,0.0,1212.461252,100048.0,0.99,78.9,-598435.2,300821.8,0.9948,0.097,551.6,-0.09709,-74.55781,1.0,0,-1.0,-1.0,-1.0,-1.0,-1.0,0.0,0.0,0.0,0.0
1791654640.26,3219785.1,63.3,85.5,13.0,0.0,175.0,0.0,89.97,0.36,0.0,231.38,0.0,1212.461252,100048.0,0.99,78.9,-598435.2,300821.8,0.9948,0.097,551.6,-0.09709,-74.55781,1.0,0,-1.0,-1.0,-1.0,-1.0,-1.0,0.0,0.0,0.0,0.0
1791654640.76,3219785.1,63.8,85.5,13.0,0.0,175.0,0.0,89.97,0.36,0.0,231.38,0.0,1212.461252,100048.0,0.99,78.9,-598435.2,300821.8,0.9948,0.097,551.6,-0.09709,-74.55781,1.0,0,-1.0,-1.0,-1.0,-1.0,-1.0,0.0,0.0,0.0,0.0
1791654641.27,3219785.1,64.3,85.5,13.0,0.0,175.0,0.0,89.97,0.36,0.0,231.38,0.0,1212.461252,100048.0,0.99,78.9,-598435.2,300821.8,0.9948,0.097,551.6,-0.09709,-74.55781,1.0,0,-1.0,-1.0,-1.0,-1.0,-1.0,0.0,0.0,0.0,0.0
1791654641.77,3219785.5,64.8,85.5,13.0,0.0,175.0,0.0,89.97,0.36,0.0,231.37,0.0,1212.461252,100048.0,0.99,78.9,-598435.2,300821.8,0.9948,0.097,551.6,-0.09709,-74.55781,1.0,0,-1.0,-1.0,-1.0,-1.0,-1.0,0.0,0.0,0.0,0.0
1791654642.27,3219786.0,65.3,85.5,13.0,0.0,175.0,0.0,89.97,0.36,0.0,231.37,0.0,1212.461252,100048.0,0.99,78.9,-598435.2,300821.8,0.9948,0.097,551.6,-0.09709,-74.55781,1.0,0,-1.0,-1.0,-1.0,-1.0,-1.0,0.0,0.0,0.0,0.0
1791654642.77,3219786.5,65.8,85.5,13.0,0.0,175.0,0.0,89.95,0.36,0.0,231.36,0.0,1212.461252,100048.0,0.99,78.9,-598435.2,300821.8,0.9948,0.097,551.6,-0.09709,-74.55781,1.0,0,-1.0,-1.0,-1.0,-1.0,-1.0,0.0,0.0,0.0,0.0
1791654643.27,3219787.0,66.3,85.5,13.0,0.0,175.0,0.0,89.97,0.36,0.0,231.35,0.0,1212.461252,100048.0,0.99,78.9,-598435.2,300821.8,0.9948,0.097,551.6,-0.09709,-74.55781,1.0,0,-1.0,-1.0,-1.0,-1.0,-1.0,0.0,0.0,0.0,0.0
1791654643.77,3219787.5,66.8,85.5,13.0,0.0,175.0,0.0,89.95,0.36,0.0,231.34,0.0,1212.461252,100048.0,0.99,78.9,-598435.2,300821.8,0.9948,0.097,551.6,-0.09709,-74.55781,1.0,0,-1.0,-1.0,-1.0,-1.0,-1.0,0.0,0.0,0.0,0.0
1791654644.28,3219788.0,67.3,85.5,13.0,0.0,175.0,0.0,89.96,0.36,0.0,231.33,0.0,1212.461252,100048.0,0.99,78.9,-598435.2,300821.8,0.9948,0.097,551.6,-0.09709,-74.55781,1.0,0,-1.0,-1.0,-1.0,-1.0,-1.0,0.0,0.0,0.0,0.0
1791654644.78,3219788.5,67.8,85.5,13.0,0.0,175.0,0.0,89.96,0.36,0.0,231.32,0.0,1212.461252,100048.0,0.99,78.9,-598435.2,300821.8,0.9948,0.097,551.6,-0.09709,-74.55781,1.0,0,-1.0,-1.0,-1.0,-1.0,-1.0,0.0,0.0,0.0,0.0
1791654645.28,3219789.0,68.3,85.5,13.0,0.0,175.0,0.0,89.97,0.36,0.0,231.32,0.0,1212.461252,100048.0,0.99,78.9,-598435.2,300821.8,0.9948,0.097,551.6,-0.09709,-74.55781,1.0,0,-1.0,-1.0,-1.0,-1.0,-1.0,0.0,0.0,0.0,0.0
1791654645.78,3219789.5,68.8,85.5,13.0,0.0,175.0,0.0,89.97,0.36,0.0,231.31,0.0,1212.461252,100048.0,0.99,78.9,-598435.2,300821.8,0.9948,0.097,551.6,-0.09709,-74.55781,1.0,0,-1.0,-1.0,-1.0,-1.0,-1.0,0.0,0.0,0.0,0.0
1791654646.28,3219790.0,69.3,85.5,13.0,0.0,175.0,0.0,89.96,0.36,0.0,231.3,0.0,1212.461252,100048.0,0.99,78.9,-598435.2,300821.8,0.9948,0.097,551.6,-0.09709,-74.55781,1.0,0,-1.0,-1.0,-1.0,-1.0,-1.0,0.0,0.0,0.0,0.0
1791654646.78,3219790.5,69.8,85.5,13.0,0.0,175.0,0.0,89.95,0.36,0.0,231.29,0.0,1212.461252,100048.0,0.99,78.9,-598435.2,300821.8,0.9948,0.097,551.6,-0.09709,-74.55781,1.0,0,-1.0,-1.0,-1.0,-1.0,-1.0,0.0,0.0,0.0,0.0
1791654647.29,3219791.0,70.3,85.5,13.0,0.0,175.0,0.0,89.97,0.36,0.0,231.28,0.0,1212.461252,100048.0,0.99,78.9,-598435.2,300821.8,0.9948,0.097,551.6,-0.09709,-74.55781,1.0,0,-1.0,-1.0,-1.0,-1.0,-1.0,0.0,0.0,0.0,0.0
1791654647.79,3219791.5,70.8,85.5,13.0,0.0,175.0,0.0,89.95,0.36,0.0,231.27,0.0,1212.461252,100048.0,0.99,78.9,-598435.2,300821.8,0.9948,0.097,551.6,-0.09709,-74.55781,1.0,0,-1.0,-1.0,-1.0,-1.0,-1.0,0.0,0.0,0.0,0.0
1791654648.29,3219792.0,71.3,85.5,13.0,0.0,175.0,0.0,89.95,0.36,0.0,231.27,0.0,1212.461252,100048.0,0.99,78.9,-598435.2,300821.8,0.9948,0.097,551.6,-0.09709,-74.55781,1.0,0,-1.0,-1.0,-1.0,-1.0,-1.0,0.0,0.0,0.0,0.0
1791654648.79,3219792.2,71.8,85.5,13.0,0.0,175.0,0.0,89.95,0.36,0.0,231.26,0.0,1212.461252,100048.0,0.99,78.9,-598435.2,300821.8,0.9948,0.097,551.6,-0.09709,-74.55781,1.0,0,-1.0,-1.0,-1.0,-1.0,-1.0,0.0,0.0,0.0,0.0
1791654649.29,3219792.2,72.3,85.5,13.0,0.0,175.0,0.0,89.95,0.36,0.0,231.26,0.0,1212.461252,100048.0,0.99,78.9,-598435.2,300821.8,0.9948,0.097,551.6,-0.09709,-74.55781,1.0,0,-1.0,-1.0,-1.0,-1.0,-1.0,0.0,0.0,0.0,0.0
1791654649.79,3219792.3,72.8,85.5,13.0,0.0,175.0,0.0,89.95,0.36,0.0,231.26,0.0,1212.461252,100048.0,0.99,78.9,-598435.2,300821.8,0.9948,0.097,551.6,-0.09709,-74.55781,1.0,0,-1.0,-1.0,-1.0,-1.0,-1.0,0.0,0.0,0.0,0.0
1791654650.3,3219792.3,73.3,85.5,13.0,0.0,175.0,0.0,89.95,0.36,0.0,231.26,0.0,1212.461252,100048.0,0.99,78.9,-598435.2,300821.8,0.9948,0.097,551.6,-0.09709,-74.55781,1.0,0,-1.0,-1.0,-1.0,-1.0,-1.0,0.0,0.0,0.0,0.0
1791654650.8,3219792.3,73.8,85.5,13.0,0.0,175.0,0.0,89.97,0.36,0.0,231.26,0.0,1212.461252,100048.0,0.99,78.9,-598435.2,300821.8,0.9948,0.097,551.6,-0.09709,-74.55781,1.0,0,-1.0,-1.0,-1.0,-1.0,-1.0,0.0,0.0,0.0,0.0
1791654651.3,3219792.3,74.3,85.5,13.0,0.0,175.0,0.0,89.97,0.36,0.0,231.26,0.0,1212.461252,100048.0,0.99,78.9,-598435.2,300821.8,0.9948,0.097,551.6,-0.09709,-74.55781,1.0,0,-1.0,-1.0,-1.0,-1.0,-1.0,0.0,0.0,0.0,0.0
1791654651.8,3219792.3,74.8,85.5,13.0,0.0,175.0,0.0,89.97,0.36,0.0,231.26,0.0,1212.461252,100048.0,0.99,78.9,-598435.2,300821.8,0.9948,0.097,551.6,-0.09709,-74.55781,1.0,0,-1.0,-1.0,-1.0,-1.0,-1.0,0.0,0.0,0.0,0.0
1791654652.31,3219792.3,75.3,85.5,13.0,0.0,175.0,0.0,89.97,0.36,0.0,231.26,0.0,1212.461252,100048.0,0.99,78.9,-598435.2,300821.8,0.9948,0.097,551.6,-0.09709,-74.55781,1.0,0,-1.0,-1.0,-1.0,-1.0,-1.0,0.0,0.0,0.0,0.0
1791654652.81,3219792.4,75.8,85.5,13.0,0.0,175.0,0.0,89.97,0.36,0.0,231.26,0.0,1212.461252,100048.0,0.99,78.9,-598435.2,300821.8,0.9948,0.097,551.6,-0.09709,-74.55781,1.0,0,-1.0,-1.0,-1.0,-1.0,-1.0,0.0,0.0,0.0,0.0
1791654653.31,3219792.4,76.3,85.5,13.0,0.0,175.0,0.0,89.97,0.36,0.0,231.26,0.0,1212.461252,100048.0,0.99,78.9,-598435.2,300821.8,0.9948,0.097,551.6,-0.09709,-74.55781,1.0,0,-1.0,-1.0,-1.0,-1.0,-1.0,0.0,0.0,0.0,0.0
1791654653.81,3219792.4,76.8,85.5,13.0,0.0,175.0,0.0,89.97,0.36,0.0,231.26,0.0,1212.461252,100048.0,0.99,78.9,-598435.2,300821.8,0.9948,0.097,551.6,-0.09709,-74.55781,1.0,0,-1.0,-1.0,-1.0,-1.0,-1.0,0.0,0.0,0.0,0.0
1791654654.31,3219792.4,77.3,85.5,13.0,0.0,175.0,0.0,89.97,0.36,0.0,231.26,0.0,1212.461252,100048.0,0.99,78.9,-598435.2,300821.8,0.9948,0.097,551.6,-0.09709,-74.55781,1.0,0,-1.0,-1.0,-1.0,-1.0,-1.0,0.0,0.0,0.0,0.0
1791654654.81,3219792.5,77.8,85.5,13.0,0.0,175.0,0.0,89.95,0.36,0.0,231.26,0.0,1212.461252,100048.0,0.99,78.9,-598435.2,300821.8,0.9948,0.097,551.6,-0.09709,-74.55781,1.0,0,-1.0,-1.0,-1.0,-1.0,-1.0,0.0,0.0,0.0,0.0
1791654655.31,3219792.5,78.3,85.5,13.0,0.0,175.0,0.0,89.95,0.36,0.0,231.26,0.0,1212.461252,100048.0,0.99,78.9,-598435.2,300821.8,0.9948,0.097,551.6,-0.09709,-74.55781,1.0,0,-1.0,-1.0,-1.0,-1.0,-1.0,0.0,0.0,0.0,0.0
1791654655.82,3219792.5,78.9,85.5,13.0,0.0,175.0,0.0,89.95,0.36,0.0,231.26,0.0,1212.461252,100048.0,0.99,78.9,-598435.2,300821.8,0.9948,0.097,551.6,-0.09709,-74.55781,1.0,0,-1.0,-1.0,-1.0,-1.0,-1.0,0.0,0.0,0.0,0.0
1791654656.32,3219792.5,79.4,85.5,13.0,0.0,175.0,0.0,89.95,0.36,0.0,231.26,0.0,1212.461252,100048.0,0.99,78.9,-598435.2,300821.8,0.9948,0.097,551.6,-0.09709,-74.55781,1.0,0,-1.0,-1.0,-1.0,-1.0,-1.0,0.0,0.0,0.0,0.0
1791654656.82,3219792.5,79.9,85.5,13.0,0.0,175.0,0.0,89.95,0.36,0.0,231.26,0.0,1212.461252,100048.0,0.99,78.9,-598435.2,300821.8,0.9948,0.097,551.6,-0.09709,-74.55781,1.0,0,-1.0,-1.0,-1.0,-1.0,-1.0,0.0,0.0,0.0,0.0
1791654657.32,3219792.5,80.4,85.5,13.0,0.0,175.0,0.0,89.95,0.36,0.0,231.26,0.0,1212.461252,100048.0,0.99,78.9,-598435.2,300821.8,0.9948,0.097,551.6,-0.09709,-74.55781,1.0,0,-1.0,-1.0,-1.0,-1.0,-1.0,0.0,0.0,0.0,0.0
1791654657.82,3219792.6,80.9,85.5,13.0,0.0,175.0,0.0,89.95,0.36,0.0,231.26,0.0,1212.461252,100048.0,0.99,78.9,-598435.2,300821.8,0.9948,0.097,551.6,-0.09709,-74.55781,1.0,0,-1.0,-1.0,-1.0,-1.0,-1.0,0.0,0.0,0.0,0.0
1791654658.32,3219792.6,81.4,85.5,13.0,0.0,175.0,0.0,89.95,0.36,0.0,231.26,0.0,1212.461252,100048.0,0.99,78.9,-598435.2,300821.8,0.9948,0.097,551.6,-0.09709,-74.55781,1.0,0,-1.0,-1.0,-1.0,-1.0,-1.0,0.0,0.0,0.0,0.0
1791654658.82,3219792.6,81.9,85.5,13.0,0.0,175.0,0.0,89.95,0.36,0.0,231.26,0.0,1212.461252,100048.0,0.99,78.9,-598435.2,300821.8,0.9948,0.097,551.6,-0.09709,-74.55781,1.0,0,-1.0,-1.0,-1.0,-1.0,-1.0,0.0,0.0,0.0,0.0
1791654659.33,3219792.6,82.4,85.5,13.0,0.0,175.0,0.0,89.95,0.36,0.0,231.26,0.0,1212.461252,100048.0,0.99,78.9,-598435.2,300821.8,0.9948,0.097,551.6,-0.09709,-74.55781,1.0,0,-1.0,-1.0,-1.0,-1.0,-1.0,0.0,0.0,0.0,0.0
1791654659.83,3219792.7,82.9,85.5,13.0,0.0,175.0,0.0,89.95,0.36,0.0,231.26,0.0,1212.461252,100048.0,0.99,78.9,-598435.2,300821.8,0.9948,0.097,551.6,-0.09709,-74.55781,1.0,0,-1.0,-1.0,-1.0,-1.0,-1.0,0.0,0.0,0.0,0.0
1791654660.33,3219792.7,83.4,85.5,13.0,0.0,175.0,0.0,89.95,0.36,0.0,231.26,0.0,1212.461252,100048.0,0.99,78.9,-598435.2,300821.8,0.9948,0.097,551.6,-0.09709,-74.55781,1.0,0,-1.0,-1.0,-1.0,-1.0,-1.0,0.0,0.0,0.0,0.0
1791654660.83,3219792.7,83.9,85.5,13.0,0.0,175.0,0.0,89.95,0.36,0.0,231.25,0.0,1212.461252,100048.0,0.99,78.9,-598435.2,300821.8,0.9948,0.097,551.6,-0.09709,-74.55781,1.0,0,-1.0,-1.0,-1.0,-1.0,-1.0,0.0,0.0,0.0,0.0
1791654661.33,3219792.7,84.4,85.5,13.0,0.0,175.0,0.0,89.95,0.36,0.0,231.25,0.0,1212.461252,100048.0,0.99,78.9,-598435.2,300821.8,0.9948,0.097,551.6,-0.09709,-74.55781,1.0,0,-1.0,-1.0,-1.0,-1.0,-1.0,0.0,0.0,0.0,0.0
1791654661.83,3219792.7,84.9,85.5,13.0,0.0,175.0,0.0,89.95,0.36,0.0,231.25,0.0,1212.461252,100048.0,0.99,78.9,-598435.2,300821.8,0.9948,0.097,551.6,-0.09709,-74.55781,1.0,0,-1.0,-1.0,-1.0,-1.0,-1.0,0.0,0.0,0.0,0.0
1791654662.34,3219792.7,85.4,85.5,13.0,0.0,175.0,0.0,89.95,0.36,0.0,231.25,0.0,1212.461252,100048.0,0.99,78.9,-598435.2,300821.8,0.9948,0.097,551.6,-0.09709,-74.55781,1.0,0,-1.0,-1.0,-1.0,-1.0,-1.0,0.0,0.0,0.0,0.0
1791654662.84,3219792.8,85.9,85.5,13.0,0.0,175.0,0.0,89.95,0.36,0.0,231.25,0.0,1212.461252,100048.0,0.99,78.9,-598435.2,300821.8,0.9948,0.097,551.6,-0.09709,-74.55781,1.0,0,-1.0,-1.0,-1.0,-1.0,-1.0,0.0,0.0,0.0,0.0
1791654663.34,3219792.8,86.4,85.5,13.0,0.0,175.0,0.0,89.95,0.36,0.0,231.25,0.0,1212.461252,100048.0,0.99,78.9,-598435.2,300821.8,0.9948,0.097,551.6,-0.09709,-74.55781,1.0,0,-1.0,-1.0,-1.0,-1.0,-1.0,0.0,0.0,0.0,0.0
1791654663.84,3219792.8,86.9,85.5,13.0,0.0,175.0,0.0,89.95,0.36,0.0,231.25,0.0,1212.461252,100048.0,0.99,78.9,-598435.2,300821.8,0.9948,0.097,551.6,-0.09709,-74.55781,1.0,0,-1.0,-1.0,-1.0,-1.0,-1.0,0.0,0.0,0.0,0.0
1791654664.35,3219792.8,87.4,85.5,13.0,0.0,175.0,0.0,89.95,0.36,0.0,231.25,0.0,1212.461252,100048.0,0.99,78.9,-598435.2,300821.8,0.9948,0.097,551.6,-0.09709,-74.55781,1.0,0,-1.0,-1.0,-1.0,-1.0,-1.0,0.0,0.0,0.0,0.0
1791654664.85,3219792.9,87.9,85.5,13.0,0.0,175.0,0.0,89.95,0.36,0.0,231.25,0.0,1212.461252,100048.0,0.99,78.9,-598435.2,300821.8,0.9948,0.097,551.6,-0.09709,-74.55781,1.0,0,-1.0,-1.0,-1.0,-1.0,-1.0,0.0,0.0,0.0,0.0
1791654665.35,3219792.9,88.4,85.5,13.0,0.0,175.0,0.0,89.95,0.36,0.0,231.25,0.0,1212.461252,100048.0,0.99,78.9,-598435.2,300821.8,0.9948,0.097,551.6,-0.09709,-74.55781,1.0,0,-1.0,-1.0,-1.0,-1.0,-1.0,0.0,0.0,0.0,0.0
1791654665.85,3219792.9,88.9,85.5,13.0,0.0,175.0,0.0,89.95,0.36,0.0,231.25,0.0,1212.461252,100048.0,0.99,78.9,-598435.2,300821.8,0.9948,0.097,551.6,-0.09709,-74.55781,1.0,0,-1.0,-1.0,-1.0,-1.0,-1.0,0.0,0.0,0.0,0.0
1791654666.35,3219792.9,89.4,85.5,13.0,0.0,175.0,0.0,89.95,0.36,0.0,231.25,0.0,1212.461252,100048.0,0.99,78.9,-598435.2,300821.8,0.9948,0.097,551.6,-0.09709,-74.55781,1.0,0,-1.0,-1.0,-1.0,-1.0,-1.0,0.0,0.0,0.0,0.0
1791654666.85,3219792.9,89.9,85.5,13.0,0.0,175.0,0.0,89.95,0.36,0.0,231.25,0.0,1212.461252,100048.0,0.99,78.9,-598435.2,300821.8,0.9948,0.097,551.6,-0.09709,-74.55781,1.0,0,-1.0,-1.0,-1.0,-1.0,-1.0,0.0,0.0,0.0,0.0
1791654667.35,3219792.9,90.4,85.5,13.0,0.0,175.0,0.0,89.95,0.36,0.0,231.25,0.0,1212.461252,100048.0,0.99,78.9,-598435.2,300821.8,0.9948,0.097,551.6,-0.09709,-74.55781,1.0,0,-1.0,-1.0,-1.0,-1.0,-1.0,0.0,0.0,0.0,0.0
1791654667.86,3219793.0,90.9,85.5,13.0,0.0,175.0,0.0,89.95,0.36,0.0,231.25,0.0,1212.461252,100048.0,0.99,78.9,-598435.2,300821.8,0.9948,0.097,551.6,-0.09709,-74.55781,1.0,0,-1.0,-1.0,-1.0,-1.0,-1.0,0.0,0.0,0.0,0.0
1791654668.36,3219793.0,91.4,85.5,13.0,0.0,175.0,0.0,89.95,0.36,0.0,231.25,0.0,1212.461252,100048.0,0.99,78.9,-598435.2,300821.8,0.9948,0.097,551.6,-0.09709,-74.55781,1.0,0,-1.0,-1.0,-1.0,-1.0,-1.0,0.0,0.0,0.0,0.0
1791654668.86,3219793.0,91.9,85.5,13.0,0.0,175.0,0.0,89.95,0.36,0.0,231.25,0.0,1212.461252,100048.0,0.99,78.9,-598435.2,300821.8,0.9948,0.097,551.6,-0.09709,-74.55781,1.0,0,-1.0,-1.0,-1.0,-1.0,-1.0,0.0,0.0,0.0,0.0
1791654669.36,3219793.0,92.4,85.5,13.0,0.0,175.0,0.0,89.95,0.36,0.0,231.25,0.0,1212.461252,100048.0,0.99,78.9,-598435.2,300821.8,0.9948,0.097,551.6,-0.09709,-74.55781,1.0,0,-1.0,-1.0,-1.0,-1.0,-1.0,0.0,0.0,0.0,0.0
1791654669.86,3219793.1,92.9,85.5,13.0,0.0,175.0,0.0,89.95,0.36,0.0,231.25,0.0,1212.461252,100048.0,0.99,78.9,-598435.2,300821.8,0.9948,0.097,551.6,-0.09709,-74.55781,1.0,0,-1.0,-1.0,-1.0,-1.0,-1.0,0.0,0.0,0.0,0.0
1791654670.36,3219793.1,93.4,85.5,13.0,0.0,175.0,0.0,89.95,0.36,0.0,231.25,0.0,1212.461252,100048.0,0.99,78.9,-598435.2,300821.8,0.9948,0.097,551.6,-0.09709,-74.55781,1.0,0,-1.0,-1.0,-1.0,-1.0,-1.0,0.0,0.0,0.0,0.0
1791654670.86,3219793.1,93.9,85.5,13.0,0.0,175.0,0.0,89.95,0.36,0.0,231.25,0.0,1212.461252,100048.0,0.99,78.9,-598435.2,300821.8,0.9948,0.097,551.6,-0.09709,-74.55781,1.0,0,-1.0,-1.0,-1.0,-1.0,-1.0,0.0,0.0,0.0,0.0
1791654671.37,3219793.1,94.4,85.5,13.0,0.0,175.0,0.0,89.95,0.36,0.0,231.25,0.0,1212.461252,100048.0,0.99,78.9,-598435.2,300821.8,0.9948,0.097,551.6,-0.09709,-74.55781,1.0,0,-1.0,-1.0,-1.0,-1.0,-1.0,0.0,0.0,0.0,0.0
1791654671.87,3219793.1,94.9,85.5,13.0,0.0,175.0,0.0,89.95,0.36,0.0,231.25,0.0,1212.461252,100048.0,0.99,78.9,-598435.2,300821.8,0.9948,0.097,551.6,-0.09709,-74.55781,1.0,0,-1.0,-1.0,-1.0,-1.0,-1.0,0.0,0.0,0.0,0.0
1791654672.37,3219793.1,95.4,85.5,13.0,0.0,175.0,0.0,89.95,0.36,0.0,231.25,0.0,1212.461252,100048.0,0.99,78.9,-598435.2,300821.8,0.9948,0.097,551.6,-0.09709,-74.55781,1.0,0,-1.0,-1.0,-1.0,-1.0,-1.0,0.0,0.0,0.0,0.0
1791654672.87,3219793.2,95.9,85.5,13.0,0.0,175.0,0.0,89.95,0.36,0.0,231.25,0.0,1212.461252,100048.0,0.99,78.9,-598435.2,300821.8,0.9948,0.097,551.6,-0.09709,-74.55781,1.0,0,-1.0,-1.0,-1.0,-1.0,-1.0,0.0,0.0,0.0,0.0
1791654673.37,3219793.2,96.4,85.5,13.0,0.0,175.0,0.0,89.95,0.36,0.0,231.25,0.0,1212.461252,100048.0,0.99,78.9,-598435.2,300821.8,0.9948,0.097,551.6,-0.09709,-74.55781,1.0,0,-1.0,-1.0,-1.0,-1.0,-1.0,0.0,0.0,0.0,0.0
1791654673.87,3219793.2,96.9,85.5,13.0,0.0,175.0,0.0,89.96,0.36,0.0,231.25,0.0,1212.461252,100048.0,0.99,78.9,-598435.2,300821.8,0.9948,0.097,551.6,-0.09709,-74.55781,1.0,0,-1.0,-1.0,-1.0,-1.0,-1.0,0.0,0.0,0.0,0.0
1791654674.38,3219793.2,97.4,85.5,13.0,0.0,175.0,0.0,89.96,0.36,0.0,231.25,0.0,1212.461252,100048.0,0.99,78.9,-598435.2,300821.8,0.9948,0.097,551.6,-0.09709,-74.55781,1.0,0,-1.0,-1.0,-1.0,-1.0,-1.0,0.0,0.0,0.0,0.0
1791654674.88,3219793.3,97.9,85.5,13.0,0.0,175.0,0.0,89.96,0.36,0.0,231.25,0.0,1212.461252,100048.0,0.99,78.9,-598435.2,300821.8,0.9948,0.097,551.6,-0.09709,-74.55781,1.0,0,-1.0,-1.0,-1.0,-1.0,-1.0,0.0,0.0,0.0,0.0
1791654675.38,3219793.3,98.4,85.5,13.0,0.0,175.0,0.0,89.96,0.36,0.0,231.25,0.0,1212.461252,100048.0,0.99,78.9,-598435.2,300821.8,0.9948,0.097,551.6,-0.09709,-74.55781,1.0,0,-1.0,-1.0,-1.0,-1.0,-1.0,0.0,0.0,0.0,0.0
1791654675.88,3219793.3,98.9,85.5,13.0,0.0,175.0,0.0,89.96,0.36,0.0,231.24,0.0,1212.461252,100048.0,0.99,78.9,-598435.2,300821.8,0.9948,0.097,551.6,-0.09709,-74.55781,1.0,0,-1.0,-1.0,-1.0,-1.0,-1.0,0.0,0.0,0.0,0.0
1791654676.38,3219793.3,99.4,85.5,13.0,0.0,175.0,0.0,89.96,0.36,0.0,231.24,0.0,1212.461252,100048.0,0.99,78.9,-598435.2,300821.8,0.9948,0.097,551.6,-0.09709,-74.55781,1.0,0,-1.0,-1.0,-1.0,-1.0,-1.0,0.0,0.0,0.0,0.0
1791654676.88,3219793.3,99.9,85.5,13.0,0.0,175.0,0.0,89.96,0.36,0.0,231.24,0.0,1212.461252,100048.0,0.99,78.9,-598435.2,300821.8,0.9948,0.097,551.6,-0.09709,-74.55781,1.0,0,-1.0,-1.0,-1.0,-1.0,-1.0,0.0,0.0,0.0,0.0
1791654677.38,3219793.3,100.4,85.5,13.0,0.0,175.0,0.0,89.96,0.36,0.0,231.24,0.0,1212.461252,100048.0,0.99,78.9,-598435.2,300821.8,0.9948,0.097,551.6,-0.09709,-74.55781,1.0,0,-1.0,-1.0,-1.0,-1.0,-1.0,0.0,0.0,0.0,0.0
1791654677.89,3219793.4,100.9,85.5,13.0,0.0,175.0,0.0,89.96,0.36,0.0,231.24,0.0,1212.461252,100048.0,0.99,78.9,-598435.2,300821.8,0.9948,0.097,551.6,-0.09709,-74.55781,1.0,0,-1.0,-1.0,-1.0,-1.0,-1.0,0.0,0.0,0.0,0.0
1791654678.39,3219793.4,101.4,85.5,13.0,0.0,175.0,0.0,89.96,0.36,0.0,231.24,0.0,1212.461252,100048.0,0.99,78.9,-598435.2,300821.8,0.9948,0.097,551.6,-0.09709,-74.55781,1.0,0,-1.0,-1.0,-1.0,-1.0,-1.0,0.0,0.0,0.0,0.0
1791654678.89,3219793.4,101.9,85.5,13.0,0.0,175.0,0.0,89.96,0.36,0.0,231.24,0.0,1212.461252,100048.0,0.99,78.9,-598435.2,300821.8,0.9948,0.097,551.6,-0.09709,-74.55781,1.0,0,-1.0,-1.0,-1.0,-1.0,-1.0,0.0,0.0,0.0,0.0
1791654679.39,3219793.4,102.4,85.5,13.0,0.0,175.0,0.0,89.96,0.36,0.0,231.24,0.0,1212.461252,100048.0,0.99,78.9,-598435.2,300821.8,0.9948,0.097,551.6,-0.09709,-74.55781,1.0,0,-1.0,-1.0,-1.0,-1.0,-1.0,0.0,0.0,0.0,0.0
1791654679.89,3219793.4,102.9,85.5,13.0,0.0,175.0,0.0,89.96,0.36,0.0,231.24,0.0,1212.461252,100048.0,0.99,78.9,-598435.2,300821.8,0.9948,0.097,551.6,-0.09709,-74.55781,1.0,0,-1.0,-1.0,-1.0,-1.0,-1.0,0.0,0.0,0.0,0.0
1791654680.39,3219793.5,103.4,85.5,13.0,0.0,175.0,0.0,89.96,0.36,0.0,231.24,0.0,1212.461252,100048.0,0.99,78.9,-598435.2,300821.8,0.9948,0.097,551.6,-0.09709,-74.55781,1.0,0,-1.0,-1.0,-1.0,-1.0,-1.0,0.0,0.0,0.0,0.0
1791654680.9,3219793.5,103.9,85.5,13.0,0.0,175.0,0.0,89.96,0.36,0.0,231.24,0.0,1212.461252,100048.0,0.99,78.9,-598435.2,300821.8,0.9948,0.097,551.6,-0.09709,-74.55781,1.0,0,-1.0,-1.0,-1.0,-1.0,-1.0,0.0,0.0,0.0,0.0
1791654681.4,3219793.5,104.4,85.5,13.0,0.0,175.0,0.0,89.96,0.36,0.0,231.24,0.0,1212.461252,100048.0,0.99,78.9,-598435.2,300821.8,0.9948,0.097,551.6,-0.09709,-74.55781,1.0,0,-1.0,-1.0,-1.0,-1.0,-1.0,0.0,0.0,0.0,0.0
1791654681.9,3219793.5,104.9,85.5,13.0,0.0,175.0,0.0,89.96,0.36,0.0,231.24,0.0,1212.461252,100048.0,0.99,78.9,-598435.2,300821.8,0.9948,0.097,551.6,-0.09709,-74.55781,1.0,0,-1.0,-1.0,-1.0,-1.0,-1.0,0.0,0.0,0.0,0.0
1791654682.4,3219793.5,105.4,85.5,13.0,0.0,175.0,0.0,89.96,0.36,0.0,231.24,0.0,1212.461252,100048.0,0.99,78.9,-598435.2,300821.8,0.9948,0.097,551.6,-0.09709,-74.55781,1.0,0,-1.0,-1.0,-1.0,-1.0,-1.0,0.0,0.0,0.0,0.0
1791654682.9,3219793.5,105.9,85.5,13.0,0.0,175.0,0.0,89.96,0.36,0.0,231.24,0.0,1212.461252,100048.0,0.99,78.9,-598435.2,300821.8,0.9948,0.097,551.6,-0.09709,-74.55781,1.0,0,-1.0,-1.0,-1.0,-1.0,-1.0,0.0,0.0,0.0,0.0
1791654683.4,3219793.6,106.4,85.5,13.0,0.0,175.0,0.0,89.96,0.36,0.0,231.24,0.0,1212.461252,100048.0,0.99,78.9,-598435.2,300821.8,0.9948,0.097,551.6,-0.09709,-74.55781,1.0,0,-1.0,-1.0,-1.0,-1.0,-1.0,0.0,0.0,0.0,0.0
1791654683.9,3219793.6,106.9,85.5,13.0,0.0,175.0,0.0,89.96,0.36,0.0,231.24,0.0,1212.461252,100048.0,0.99,78.9,-598435.2,300821.8,0.9948,0.097,551.6,-0.09709,-74.55781,1.0,0,-1.0,-1.0,-1.0,-1.0,-1.0,0.0,0.0,0.0,0.0
1791654684.41,3219793.6,107.4,85.5,13.0,0.0,175.0,0.0,89.96,0.36,0.0,231.24,0.0,1212.461252,100048.0,0.99,78.9,-598435.2,300821.8,0.9948,0.097,551.6,-0.09709,-74.55781,1.0,0,-1.0,-1.0,-1.0,-1.0,-1.0,0.0,0.0,0.0,0.0
1791654684.91,3219793.6,107.9,85.5,13.0,0.0,175.0,0.0,89.96,0.36,0.0,231.24,0.0,1212.461252,100048.0,0.99,78.9,-598435.2,300821.8,0.9948,0.097,551.6,-0.09709,-74.55781,1.0,0,-1.0,-1.0,-1.0,-1.0,-1.0,0.0,0.0,0.0,0.0
1791654685.41,3219793.7,108.4,85.5,13.0,0.0,175.0,0.0,89.97,0.36,0.0,231.24,0.0,1212.461252,100048.0,0.99,78.9,-598435.2,300821.8,0.9948,0.097,551.6,-0.09709,-74.55781,1.0,0,-1.0,-1.0,-1.0,-1.0,-1.0,0.0,0.0,0.0,0.0
1791654685.91,3219793.7,108.9,85.5,13.0,0.0,175.0,0.0,89.97,0.36,0.0,231.24,0.0,1212.461252,100048.0,0.99,78.9,-598435.2,300821.8,0.9948,0.097,551.6,-0.09709,-74.55781,1.0,0,-1.0,-1.0,-1.0,-1.0,-1.0,0.0,0.0,0.0,0.0
1791654686.41,3219793.7,109.4,85.5,13.0,0.0,175.0,0.0,89.95,0.36,0.0,231.24,0.0,1212.461252,100048.0,0.99,78.9,-598435.2,300821.8,0.9948,0.097,551.6,-0.09709,-74.55781,1.0,0,-1.0,-1.0,-1.0,-1.0,-1.0,0.0,0.0,0.0,0.0
1791654686.91,3219793.7,109.9,85.5,13.0,0.0,175.0,0.0,89.95,0.36,0.0,231.24,0.0,1212.461252,100048.0,0.99,78.9,-598435.2,300821.8,0.9948,0.097,551.6,-0.09709,-74.55781,1.0,0,-1.0,-1.0,-1.0,-1.0,-1.0,0.0,0.0,0.0,0.0
1791654687.42,3219793.7,110.4,85.5,13.0,0.0,175.0,0.0,89.95,0.36,0.0,231.24,0.0,1212.461252,100048.0,0.99,78.9,-598435.2,300821.8,0.9948,0.097,551.6,-0.09709,-74.55781,1.0,0,-1.0,-1.0,-1.0,-1.0,-1.0,0.0,0.0,0.0,0.0
1791654687.92,3219793.7,111.0,85.5,13.0,0.0,175.0,0.0,89.95,0.36,0.0,231.24,0.0,1212.461252,100048.0,0.99,78.9,-598435.2,300821.8,0.9948,0.097,551.6,-0.09709,-74.55781,1.0,0,-1.0,-1.0,-1.0,-1.0,-1.0,0.0,0.0,0.0,0.0
1791654688.42,3219793.8,111.5,85.5,13.0,0.0,175.0,0.0,89.95,0.36,0.0,231.24,0.0,1212.461252,100048.0,0.99,78.9,-598435.2,300821.8,0.9948,0.097,551.6,-0.09709,-74.55781,1.0,0,-1.0,-1.0,-1.0,-1.0,-1.0,0.0,0.0,0.0,0.0
1791654688.92,3219793.8,112.0,85.5,13.0,0.0,175.0,0.0,89.95,0.36,0.0,231.24,0.0,1212.461252,100048.0,0.99,78.9,-598435.2,300821.8,0.9948,0.097,551.6,-0.09709,-74.55781,1.0,0,-1.0,-1.0,-1.0,-1.0,-1.0,0.0,0.0,0.0,0.0
1791654689.42,3219793.8,112.5,85.5,13.0,0.0,175.0,0.0,89.95,0.36,0.0,231.24,0.0,1212.461252,100048.0,0.99,78.9,-598435.2,300821.8,0.9948,0.097,551.6,-0.09709,-74.55781,1.0,0,-1.0,-1.0,-1.0,-1.0,-1.0,0.0,0.0,0.0,0.0
1791654689.92,3219793.8,113.0,85.5,13.0,0.0,175.0,0.0,89.95,0.36,0.0,231.24,0.0,1212.461252,100048.0,0.99,78.9,-598435.2,300821.8,0.9948,0.097,551.6,-0.09709,-74.55781,1.0,0,-1.0,-1.0,-1.0,-1.0,-1.0,0.0,0.0,0.0,0.0
1791654690.42,3219793.9,113.5,85.5,13.0,0.0,175.0,0.0,89.95,0.36,0.0,231.24,0.0,1212.461252,100048.0,0.99,78.9,-598435.2,300821.8,0.9948,0.097,551.6,-0.09709,-74.55781,1.0,0,-1.0,-1.0,-1.0,-1.0,-1.0,0.0,0.0,0.0,0.0
1791654690.93,3219793.9,114.0,85.5,13.0,0.0,175.0,0.0,89.95,0.36,0.0,231.24,0.0,1212.461252,100048.0,0.99,78.9,-598435.2,300821.8,0.9948,0.097,551.6,-0.09709,-74.55781,1.0,0,-1.0,-1.0,-1.0,-1.0,-1.0,0.0,0.0,0.0,0.0
1791654691.43,3219793.9,114.5,85.5,13.0,0.0,175.0,0.0,89.95,0.36,0.0,231.23,0.0,1212.461252,100048.0,0.99,78.9,-598435.2,300821.8,0.9948,0.097,551.6,-0.09709,-74.55781,1.0,0,-1.0,-1.0,-1.0,-1.0,-1.0,0.0,0.0,0.0,0.0
1791654691.93,3219793.9,115.0,85.5,13.0,0.0,175.0,0.0,89.95,0.36,0.0,231.23,0.0,1212.461252,100048.0,0.99,78.9,-598435.2,300821.8,0.9948,0.097,551.6,-0.09709,-74.55781,1.0,0,-1.0,-1.0,-1.0,-1.0,-1.0,0.0,0.0,0.0,0.0
1791654692.43,3219793.9,115.5,85.5,13.0,0.0,175.0,0.0,89.95,0.36,0.0,231.23,0.0,1212.461252,100048.0,0.99,78.9,-598435.2,300821.8,0.9948,0.097,551.6,-0.09709,-74.55781,1.0,0,-1.0,-1.0,-1.0,-1.0,-1.0,0.0,0.0,0.0,0.0
1791654692.93,3219793.9,116.0,85.5,13.0,0.0,175.0,0.0,89.95,0.36,0.0,231.23,0.0,1212.461252,100048.0,0.99,78.9,-598435.2,300821.8,0.9948,0.097,551.6,-0.09709,-74.55781,1.0,0,-1.0,-1.0,-1.0,-1.0,-1.0,0.0,0.0,0.0,0.0
1791654693.43,3219794.0,116.5,85.5,13.0,0.0,175.0,0.0,89.95,0.36,0.0,231.23,0.0,1212.461252,100048.0,0.99,78.9,-598435.2,300821.8,0.9948,0.097,551.6,-0.09709,-74.55781,1.0,0,-1.0,-1.0,-1.0,-1.0,-1.0,0.0,0.0,0.0,0.0
1791654693.93,3219794.0,117.0,85.5,13.0,0.0,175.0,0.0,89.95,0.36,0.0,231.23,0.0,1212.461252,100048.0,0.99,78.9,-598435.2,300821.8,0.9948,0.097,551.6,-0.09709,-74.55781,1.0,0,-1.0,-1.0,-1.0,-1.0,-1.0,0.0,0.0,0.0,0.0
1791654694.44,3219794.0,117.5,85.5,13.0,0.0,175.0,0.0,89.95,0.36,0.0,231.23,0.0,1212.461252,100048.0,0.99,78.9,-598435.2,300821.8,0.9948,0.097,551.6,-0.09709,-74.55781,1.0,0,-1.0,-1.0,-1.0,-1.0,-1.0,0.0,0.0,0.0,0.0
1791654694.94,3219794.0,118.0,85.5,13.0,0.0,175.0,0.0,89.95,0.36,0.0,231.23,0.0,1212.461252,100048.0,0.99,78.9,-598435.2,300821.8,0.9948,0.097,551.6,-0.09709,-74.55781,1.0,0,-1.0,-1.0,-1.0,-1.0,-1.0,0.0,0.0,0.0,0.0
1791654695.44,3219794.1,118.5,85.5,13.0,0.0,175.0,0.0,89.95,0.36,0.0,231.23,0.0,1212.461252,100048.0,0.99,78.9,-598435.2,300821.8,0.9948,0.097,551.6,-0.09709,-74.55781,1.0,0,-1.0,-1.0,-1.0,-1.0,-1.0,0.0,0.0,0.0,0.0
1791654695.94,3219794.1,119.0,85.5,13.0,0.0,175.0,0.0,89.95,0.36,0.0,231.23,0.0,1212.461252,100048.0,0.99,78.9,-598435.2,300821.8,0.9948,0.097,551.6,-0.09709,-74.55781,1.0,0,-1.0,-1.0,-1.0,-1.0,-1.0,0.0,0.0,0.0,0.0
1791654696.44,3219794.1,119.5,85.5,13.0,0.0,175.0,0.0,89.95,0.36,0.0,231.23,0.0,1212.461252,100048.0,0.99,78.9,-598435.2,300821.8,0.9948,0.097,551.6,-0.09709,-74.55781,1.0,0,-1.0,-1.0,-1.0,-1.0,-1.0,0.0,0.0,0.0,0.0
1791654696.94,3219794.1,120.0,85.5,13.0,0.0,175.0,0.0,89.95,0.36,0.0,231.23,0.0,1212.461252,100048.0,0.99,78.9,-598435.2,300821.8,0.9948,0.097,551.6,-0.09709,-74.55781,1.0,0,-1.0,-1.0,-1.0,-1.0,-1.0,0.0,0.0,0.0,0.0
1791654697.45,3219794.1,120.5,85.5,13.0,0.0,175.0,0.0,89.95,0.36,0.0,231.23,0.0,1212.461252,100048.0,0.99,78.9,-598435.2,300821.8,0.9948,0.097,551.6,-0.09709,-74.55781,1.0,0,-1.0,-1.0,-1.0,-1.0,-1.0,0.0,0.0,0.0,0.0
1791654697.95,3219794.1,121.0,85.5,13.0,0.0,175.0,0.0,89.95,0.36,0.0,231.23,0.0,1212.461252,100048.0,0.99,78.9,-598435.2,300821.8,0.9948,0.097,551.6,-0.09709,-74.55781,1.0,0,-1.0,-1.0,-1.0,-1.0,-1.0,0.0,0.0,0.0,0.0
1791654698.45,3219794.2,121.5,85.5,13.0,0.0,175.0,0.0,89.97,0.36,0.0,231.23,0.0,1212.461252,100048.0,0.99,78.9,-598435.2,300821.8,0.9948,0.097,551.6,-0.09709,-74.55781,1.0,0,-1.0,-1.0,-1.0,-1.0,-1.0,0.0,0.0,0.0,0.0
1791654698.95,3219794.2,122.0,85.5,13.0,0.0,175.0,0.0,89.97,0.36,0.0,231.23,0.0,1212.461252,100048.0,0.99,78.9,-598435.2,300821.8,0.9948,0.097,551.6,-0.09709,-74.55781,1.0,0,-1.0,-1.0,-1.0,-1.0,-1.0,0.0,0.0,0.0,0.0
1791654699.45,3219794.2,122.5,85.5,13.0,0.0,175.0,0.0,89.95,0.36,0.0,231.23,0.0,1212.461252,100048.0,0.99,78.9,-598435.2,300821.8,0.9948,0.097,551.6,-0.09709,-74.55781,1.0,0,-1.0,-1.0,-1.0,-1.0,-1.0,0.0,0.0,0.0,0.0
1791654699.95,3219794.2,123.0,85.5,13.0,0.0,175.0,0.0,89.95,0.36,0.0,231.23,0.0,1212.461252,100048.0,0.99,78.9,-598435.2,300821.8,0.9948,0.097,551.6,-0.09709,-74.55781,1.0,0,-1.0,-1.0,-1.0,-1.0,-1.0,0.0,0.0,0.0,0.0
1791654700.46,3219794.3,123.5,85.5,13.0,0.0,175.0,0.0,89.95,0.36,0.0,231.23,0.0,1212.461252,100048.0,0.99,78.9,-598435.2,300821.8,0.9948,0.097,551.6,-0.09709,-74.55781,1.0,0,-1.0,-1.0,-1.0,-1.0,-1.0,0.0,0.0,0.0,0.0
1791654700.96,3219794.3,124.0,85.5,13.0,0.0,175.0,0.0,89.95,0.36,0.0,231.23,0.0,1212.461252,100048.0,0.99,78.9,-598435.2,300821.8,0.9948,0.097,551.6,-0.09709,-74.55781,1.0,0,-1.0,-1.0,-1.0,-1.0,-1.0,0.0,0.0,0.0,0.0
1791654701.46,3219794.3,124.5,85.5,13.0,0.0,175.0,0.0,89.95,0.36,0.0,231.23,0.0,1212.461252,100048.0,0.99,78.9,-598435.2,300821.8,0.9948,0.097,551.6,-0.09709,-74.55781,1.0,0,-1.0,-1.0,-1.0,-1.0,-1.0,0.0,0.0,0.0,0.0
1791654701.96,3219794.3,125.0,85.5,13.0,0.0,175.0,0.0,89.95,0.36,0.0,231.23,0.0,1212.461252,100048.0,0.99,78.9,-598435.2,300821.8,0.9948,0.097,551.6,-0.09709,-74.55781,1.0,0,-1.0,-1.0,-1.0,-1.0,-1.0,0.0,0.0,0.0,0.0
1791654702.46,3219794.3,125.5,85.5,13.0,0.0,175.0,0.0,89.97,0.36,0.0,231.23,0.0,1212.461252,100048.0,0.99,78.9,-598435.2,300821.8,0.9948,0.097,551.6,-0.09709,-74.55781,1.0,0,-1.0,-1.0,-1.0,-1.0,-1.0,0.0,0.0,0.0,0.0
1791654702.96,3219794.3,126.0,85.5,13.0,0.0,175.0,0.0,89.97,0.36,0.0,231.23,0.0,1212.461252,100048.0,0.99,78.9,-598435.2,300821.8,0.9948,0.097,551.6,-0.09709,-74.55781,1.0,0,-1.0,-1.0,-1.0,-1.0,-1.0,0.0,0.0,0.0,0.0
1791654703.46,3219794.4,126.5,85.5,13.0,0.0,175.0,0.0,89.97,0.36,0.0,231.23,0.0,1212.461252,100048.0,0.99,78.9,-598435.2,300821.8,0.9948,0.097,551.6,-0.09709,-74.55781,1.0,0,-1.0,-1.0,-1.0,-1.0,-1.0,0.0,0.0,0.0,0.0
1791654703.97,3219794.4,127.0,85.5,13.0,0.0,175.0,0.0,89.97,0.36,0.0,231.23,0.0,1212.461252,100048.0,0.99,78.9,-598435.2,300821.8,0.9948,0.097,551.6,-0.09709,-74.55781,1.0,0,-1.0,-1.0,-1.0,-1.0,-1.0,0.0,0.0,0.0,0.0
1791654704.47,3219794.4,127.5,85.5,13.0,0.0,175.0,0.0,89.97,0.36,0.0,231.23,0.0,1212.461252,100048.0,0.99,78.9,-598435.2,300821.8,0.9948,0.097,551.6,-0.09709,-74.55781,1.0,0,-1.0,-1.0,-1.0,-1.0,-1.0,0.0,0.0,0.0,0.0
1791654704.97,3219794.4,128.0,85.5,13.0,0.0,175.0,0.0,89.97,0.36,0.0,231.23,0.0,1212.461252,100048.0,0.99,78.9,-598435.2,300821.8,0.9948,0.097,551.6,-0.09709,-74.55781,1.0,0,-1.0,-1.0,-1.0,-1.0,-1.0,0.0,0.0,0.0,0.0
1791654705.47,3219794.5,128.5,85.5,13.0,0.0,175.0,0.0,89.97,0.36,0.0,231.23,0.0,1212.461252,100048.0,0.99,78.9,-598435.2,300821.8,0.9948,0.097,551.6,-0.09709,-74.55781,1.0,0,-1.0,-1.0,-1.0,-1.0,-1.0,0.0,0.0,0.0,0.0
1791654705.97,3219794.5,129.0,85.5,13.0,0.0,175.0,0.0,89.97,0.36,0.0,231.23,0.0,1212.461252,100048.0,0.99,78.9,-598435.2,300821.8,0.9948,0.097,551.6,-0.09709,-74.55781,1.0,0,-1.0,-1.0,-1.0,-1.0,-1.0,0.0,0.0,0.0,0.0
1791654706.48,3219794.5,129.5,85.5,13.0,0.0,175.0,0.0,89.97,0.36,0.0,231.22,0.0,1212.461252,100048.0,0.99,78.9,-598435.2,300821.8,0.9948,0.097,551.6,-0.09709,-74.55781,1.0,0,-1.0,-1.0,-1.0,-1.0,-1.0,0.0,0.0,0.0,0.0
1791654706.98,3219794.5,130.0,85.5,13.0,0.0,175.0,0.0,89.97,0.36,0.0,231.22,0.0,1212.461252,100048.0,0.99,78.9,-598435.2,300821.8,0.9948,0.097,551.6,-0.09709,-74.55781,1.0,0,-1.0,-1.0,-1.0,-1.0,-1.0,0.0,0.0,0.0,0.0
1791654707.48,3219794.5,130.5,85.5,13.0,0.0,175.0,0.0,89.95,0.36,0.0,231.22,0.0,1212.461252,100048.0,0.99,78.9,-598435.2,300821.8,0.9948,0.097,551.6,-0.09709,-74.55781,1.0,0,-1.0,-1.0,-1.0,-1.0,-1.0,0.0,0.0,0.0,0.0
1791654707.98,3219794.5,131.0,85.5,13.0,0.0,175.0,0.0,89.95,0.36,0.0,231.22,0.0,1212.461252,100048.0,0.99,78.9,-598435.2,300821.8,0.9948,0.097,551.6,-0.09709,-74.55781,1.0,0,-1.0,-1.0,-1.0,-1.0,-1.0,0.0,0.0,0.0,0.0
1791654708.48,3219794.6,131.5,85.5,13.0,0.0,175.0,0.0,89.97,0.36,0.0,231.22,0.0,1212.461252,100048.0,0.99,78.9,-598435.2,300821.8,0.9948,0.097,551.6,-0.09709,-74.55781,1.0,0,-1.0,-1.0,-1.0,-1.0,-1.0,0.0,0.0,0.0,0.0
1791654708.98,3219794.6,132.0,85.5,13.0,0.0,175.0,0.0,89.97,0.36,0.0,231.22,0.0,1212.461252,100048.0,0.99,78.9,-598435.2,300821.8,0.9948,0.097,551.6,-0.09709,-74.55781,1.0,0,-1.0,-1.0,-1.0,-1.0,-1.0,0.0,0.0,0.0,0.0
1791654709.49,3219794.6,132.5,85.5,13.0,0.0,175.0,0.0,89.97,0.36,0.0,231.22,0.0,1212.461252,100048.0,0.99,78.9,-598435.2,300821.8,0.9948,0.097,551.6,-0.09709,-74.55781,1.0,0,-1.0,-1.0,-1.0,-1.0,-1.0,0.0,0.0,0.0,0.0
1791654709.99,3219794.6,133.0,85.5,13.0,0.0,175.0,0.0,89.97,0.36,0.0,231.22,0.0,1212.461252,100048.0,0.99,78.9,-598435.2,300821.8,0.9948,0.097,551.6,-0.09709,-74.55781,1.0,0,-1.0,-1.0,-1.0,-1.0,-1.0,0.0,0.0,0.0,0.0
1791654710.49,3219794.7,133.5,85.5,13.0,0.0,175.0,0.0,89.95,0.36,0.0,231.22,0.0,1212.461252,100048.0,0.99,78.9,-598435.2,300821.8,0.9948,0.097,551.6,-0.09709,-74.55781,1.0,0,-1.0,-1.0,-1.0,-1.0,-1.0,0.0,0.0,0.0,0.0
1791654711.0,3219794.7,134.0,85.5,13.0,0.0,175.0,0.0,89.95,0.36,0.0,231.22,0.0,1212.461252,100048.0,0.99,78.9,-598435.2,300821.8,0.9948,0.097,551.6,-0.09709,-74.55781,1.0,0,-1.0,-1.0,-1.0,-1.0,-1.0,0.0,0.0,0.0,0.0
1791654711.5,3219794.7,134.5,85.5,13.0,0.0,175.0,0.0,89.95,0.36,0.0,231.22,0.0,1212.461252,100048.0,0.99,78.9,-598435.2,300821.8,0.9948,0.097,551.6,-0.09709,-74.55781,1.0,0,-1.0,-1.0,-1.0,-1.0,-1.0,0.0,0.0,0.0,0.0
1791654712.01,3219795.2,135.0,85.5,13.0,0.0,175.0,0.0,89.95,0.36,0.0,231.21,0.0,1212.461252,100048.0,0.99,78.9,-598435.2,300821.8,0.9948,0.097,551.6,-0.09709,-74.55781,1.0,0,-1.0,-1.0,-1.0,-1.0,-1.0,0.0,0.0,0.0,0.0
1791654712.51,3219795.7,135.5,85.5,13.0,0.0,175.0,0.0,89.97,0.36,0.0,231.21,0.0,1212.461252,100048.0,0.99,78.9,-598435.2,300821.8,0.9948,0.097,551.6,-0.09709,-74.55781,1.0,0,-1.0,-1.0,-1.0,-1.0,-1.0,0.0,0.0,0.0,0.0
1791654713.02,3219796.2,136.0,85.5,13.0,0.0,175.0,0.0,89.97,0.36,0.0,231.2,0.0,1212.461252,100048.0,0.99,78.9,-598435.2,300821.8,0.9948,0.097,551.6,-0.09709,-74.55781,1.0,0,-1.0,-1.0,-1.0,-1.0,-1.0,0.0,0.0,0.0,0.0
1791654713.52,3219796.7,136.6,85.5,13.0,0.0,175.0,0.0,89.96,0.36,0.0,231.19,0.0,1212.461252,100048.0,0.99,78.9,-598435.2,300821.8,0.9948,0.097,551.6,-0.09709,-74.55781,1.0,0,-1.0,-1.0,-1.0,-1.0,-1.0,0.0,0.0,0.0,0.0
1791654714.02,3219797.2,137.1,85.5,13.0,0.0,175.0,0.0,89.96,0.36,0.0,231.18,0.0,1212.461252,100048.0,0.99,78.9,-598435.2,300821.8,0.9948,0.097,551.6,-0.09709,-74.55781,1.0,0,-1.0,-1.0,-1.0,-1.0,-1.0,0.0,0.0,0.0,0.0
1791654714.52,3219797.7,137.6,85.5,13.0,0.0,175.0,0.0,89.95,0.36,0.0,231.17,0.0,1212.461252,100048.0,0.99,78.9,-598435.2,300821.8,0.9948,0.097,551.6,-0.09709,-74.55781,1.0,0,-1.0,-1.0,-1.0,-1.0,-1.0,0.0,0.0,0.0,0.0
1791654715.02,3219798.2,138.1,85.5,13.0,0.0,175.0,0.0,89.96,0.36,0.0,231.16,0.0,1212.461252,100048.0,0.99,78.9,-598435.2,300821.8,0.9948,0.097,551.6,-0.09709,-74.55781,1.0,0,-1.0,-1.0,-1.0,-1.0,-1.0,0.0,0.0,0.0,0.0
1791654715.53,3219798.7,138.6,85.5,13.0,0.0,175.0,0.0,89.96,0.36,0.0,231.16,0.0,1212.461252,100048.0,0.99,78.9,-598435.2,300821.8,0.9948,0.097,551.6,-0.09709,-74.55781,1.0,0,-1.0,-1.0,-1.0,-1.0,-1.0,0.0,0.0,0.0,0.0
1791654716.03,3219798.9,139.1,85.5,13.0,0.0,175.0,0.0,89.96,0.36,0.0,231.15,0.0,1212.461252,100048.0,0.99,78.9,-598435.2,300821.8,0.9948,0.097,551.6,-0.09709,-74.55781,1.0,0,-1.0,-1.0,-1.0,-1.0,-1.0,0.0,0.0,0.0,0.0
1791654716.53,3219798.9,139.6,85.5,13.0,0.0,175.0,0.0,89.96,0.36,0.0,231.15,0.0,1212.461252,100048.0,0.99,78.9,-598435.2,300821.8,0.9948,0.097,551.6,-0.09709,-74.55781,1.0,0,-1.0,-1.0,-1.0,-1.0,-1.0,0.0,0.0,0.0,0.0
1791654717.03,3219798.9,140.1,85.5,13.0,0.0,175.0,0.0,89.97,0.36,0.0,231.15,0.0,1212.461252,100048.0,0.99,78.9,-598435.2,300821.8,0.9948,0.097,551.6,-0.09709,-74.55781,1.0,0,-1.0,-1.0,-1.0,-1.0,-1.0,0.0,0.0,0.0,0.0
1791654717.53,3219798.9,140.6,85.5,13.0,0.0,175.0,0.0,89.97,0.36,0.0,231.15,0.0,1212.461252,100048.0,0.99,78.9,-598435.2,300821.8,0.9948,0.097,551.6,-0.09709,-74.55781,1.0,0,-1.0,-1.0,-1.0,-1.0,-1.0,0.0,0.0,0.0,0.0
1791654718.03,3219799.0,141.1,85.5,13.0,0.0,175.0,0.0,89.97,0.36,0.0,231.15,0.0,1212.461252,100048.0,0.99,78.9,-598435.2,300821.8,0.9948,0.097,551.6,-0.09709,-74.55781,1.0,0,-1.0,-1.0,-1.0,-1.0,-1.0,0.0,0.0,0.0,0.0
1791654718.54,3219799.0,141.6,85.5,13.0,0.0,175.0,0.0,89.97,0.36,0.0,231.15,0.0,1212.461252,100048.0,0.99,78.9,-598435.2,300821.8,0.9948,0.097,551.6,-0.09709,-74.55781,1.0,0,-1.0,-1.0,-1.0,-1.0,-1.0,0.0,0.0,0.0,0.0
1791654719.04,3219799.0,142.1,85.5,13.0,0.0,175.0,0.0,89.97,0.36,0.0,231.15,0.0,1212.461252,100048.0,0.99,78.9,-598435.2,300821.8,0.9948,0.097,551.6,-0.09709,-74.55781,1.0,0,-1.0,-1.0,-1.0,-1.0,-1.0,0.0,0.0,0.0,0.0
1791654719.54,3219799.0,142.6,85.5,13.0,0.0,175.0,0.0,89.97,0.36,0.0,231.15,0.0,1212.461252,100048.0,0.99,78.9,-598435.2,300821.8,0.9948,0.097,551.6,-0.09709,-74.55781,1.0,0,-1.0,-1.0,-1.0,-1.0,-1.0,0.0,0.0,0.0,0.0
1791654720.04,3219799.1,143.1,85.5,13.0,0.0,175.0,0.0,89.97,0.36,0.0,231.15,0.0,1212.461252,100048.0,0.99,78.9,-598435.2,300821.8,0.9948,0.097,551.6,-0.09709,-74.55781,1.0,0,-1.0,-1.0,-1.0,-1.0,-1.0,0.0,0.0,0.0,0.0
1791654720.54,3219799.1,143.6,85.5,13.0,0.0,175.0,0.0,89.97,0.36,0.0,231.15,0.0,1212.461252,100048.0,0.99,78.9,-598435.2,300821.8,0.9948,0.097,551.6,-0.09709,-74.55781,1.0,0,-1.0,-1.0,-1.0,-1.0,-1.0,0.0,0.0,0.0,0.0
1791654721.04,3219799.1,144.1,85.5,13.0,0.0,175.0,0.0,89.97,0.36,0.0,231.15,0.0,1212.461252,100048.0,0.99,78.9,-598435.2,300821.8,0.9948,0.097,551.6,-0.09709,-74.55781,1.0,0,-1.0,-1.0,-1.0,-1.0,-1.0,0.0,0.0,0.0,0.0
1791654721.54,3219799.1,144.6,85.5,13.0,0.0,175.0,0.0,89.97,0.36,0.0,231.15,0.0,1212.461252,100048.0,0.99,78.9,-598435.2,300821.8,0.9948,0.097,551.6,-0.09709,-74.55781,1.0,0,-1.0,-1.0,-1.0,-1.0,-1.0,0.0,0.0,0.0,0.0
1791654722.05,3219799.1,145.1,85.5,13.0,0.0,175.0,0.0,89.97,0.36,0.0,231.15,0.0,1212.461252,100048.0,0.99,78.9,-598435.2,300821.8,0.9948,0.097,551.6,-0.09709,-74.55781,1.0,0,-1.0,-1.0,-1.0,-1.0,-1.0,0.0,0.0,0.0,0.0
1791654722.55,3219799.1,145.6,85.5,13.0,0.0,175.0,0.0,89.97,0.36,0.0,231.15,0.0,1212.461252,100048.0,0.99,78.9,-598435.2,300821.8,0.9948,0.097,551.6,-0.09709,-74.55781,1.0,0,-1.0,-1.0,-1.0,-1.0,-1.0,0.0,0.0,0.0,0.0
1791654723.05,3219799.2,146.1,85.5,13.0,0.0,175.0,0.0,89.97,0.36,0.0,231.15,0.0,1212.461252,100048.0,0.99,78.9,-598435.2,300821.8,0.9948,0.097,551.6,-0.09709,-74.55781,1.0,0,-1.0,-1.0,-1.0,-1.0,-1.0,0.0,0.0,0.0,0.0
1791654723.55,3219799.2,146.6,85.5,13.0,0.0,175.0,0.0,89.97,0.36,0.0,231.15,0.0,1212.461252,100048.0,0.99,78.9,-598435.2,300821.8,0.9948,0.097,551.6,-0.09709,-74.55781,1.0,0,-1.0,-1.0,-1.0,-1.0,-1.0,0.0,0.0,0.0,0.0
1791654724.05,3219799.2,147.1,85.5,13.0,0.0,175.0,0.0,89.95,0.36,0.0,231.15,0.0,1212.461252,100048.0,0.99,78.9,-598435.2,300821.8,0.9948,0.097,551.6,-0.09709,-74.55781,1.0,0,-1.0,-1.0,-1.0,-1.0,-1.0,0.0,0.0,0.0,0.0
1791654724.55,3219799.2,147.6,85.5,13.0,0.0,175.0,0.0,89.95,0.36,0.0,231.15,0.0,1212.461252,100048.0,0.99,78.9,-598435.2,300821.8,0.9948,0.097,551.6,-0.09709,-74.55781,1.0,0,-1.0,-1.0,-1.0,-1.0,-1.0,0.0,0.0,0.0,0.0
1791654725.06,3219799.3,148.1,85.5,13.0,0.0,175.0,0.0,89.96,0.36,0.0,231.15,0.0,1212.461252,100048.0,0.99,78.9,-598435.2,300821.8,0.9948,0.097,551.6,-0.09709,-74.55781,1.0,0,-1.0,-1.0,-1.0,-1.0,-1.0,0.0,0.0,0.0,0.0
1791654725.56,3219799.3,148.6,85.5,13.0,0.0,175.0,0.0,89.96,0.36,0.0,231.15,0.0,1212.461252,100048.0,0.99,78.9,-598435.2,300821.8,0.9948,0.097,551.6,-0.09709,-74.55781,1.0,0,-1.0,-1.0,-1.0,-1.0,-1.0,0.0,0.0,0.0,0.0
1791654726.06,3219799.3,149.1,85.5,13.0,0.0,175.0,0.0,89.96,0.36,0.0,231.14,0.0,1212.461252,100048.0,0.99,78.9,-598435.2,300821.8,0.9948,0.097,551.6,-0.09709,-74.55781,1.0,0,-1.0,-1.0,-1.0,-1.0,-1.0,0.0,0.0,0.0,0.0
1791654726.56,3219799.3,149.6,85.5,13.0,0.0,175.0,0.0,89.96,0.36,0.0,231.14,0.0,1212.461252,100048.0,0.99,78.9,-598435.2,300821.8,0.9948,0.097,551.6,-0.09709,-74.55781,1.0,0,-1.0,-1.0,-1.0,-1.0,-1.0,0.0,0.0,0.0,0.0
1791654727.06,3219799.4,150.1,85.5,13.0,0.0,175.0,0.0,89.95,0.36,0.0,231.14,0.0,1212.461252,100048.0,0.99,78.9,-598435.2,300821.8,0.9948,0.097,551.6,-0.09709,-74.55781,1.0,0,-1.0,-1.0,-1.0,-1.0,-1.0,0.0,0.0,0.0,0.0
1791654727.57,3219799.8,150.6,85.5,13.0,0.0,175.0,0.0,89.97,0.36,0.0,231.14,0.0,1212.461252,100048.0,0.99,78.9,-598435.2,300821.8,0.9948,0.097,551.6,-0.09709,-74.55781,1.0,0,-1.0,-1.0,-1.0,-1.0,-1.0,0.0,0.0,0.0,0.0
1791654728.07,3219800.3,151.1,85.5,13.0,0.0,175.0,0.0,89.97,0.36,0.0,231.13,0.0,1212.461252,100048.0,0.99,78.9,-598435.2,300821.8,0.9948,0.097,551.6,-0.09709,-74.55781,1.0,0,-1.0,-1.0,-1.0,-1.0,-1.0,0.0,0.0,0.0,0.0
1791654728.57,3219800.8,151.6,85.5,13.0,0.0,175.0,0.0,89.96,0.36,0.0,231.12,0.0,1212.461252,100048.0,0.99,78.9,-598435.2,300821.8,0.9948,0.097,551.6,-0.09709,-74.55781,1.0,0,-1.0,-1.0,-1.0,-1.0,-1.0,0.0,0.0,0.0,0.0
1791654729.07,3219801.3,152.1,85.5,13.0,0.0,175.0,0.0,89.96,0.36,0.0,231.11,0.0,1212.461252,100048.0,0.99,78.9,-598435.2,300821.8,0.9948,0.097,551.6,-0.09709,-74.55781,1.0,0,-1.0,-1.0,-1.0,-1.0,-1.0,0.0,0.0,0.0,0.0
1791654729.57,3219801.8,152.6,85.5,13.0,0.0,175.0,0.0,89.95,0.36,0.0,231.1,0.0,1212.461252,100048.0,0.99,78.9,-598435.2,300821.8,0.9948,0.097,551.6,-0.09709,-74.55781,1.0,0,-1.0,-1.0,-1.0,-1.0,-1.0,0.0,0.0,0.0,0.0
1791654730.07,3219802.3,153.1,85.5,13.0,0.0,175.0,0.0,89.97,0.36,0.0,231.09,0.0,1212.461252,100048.0,0.99,78.9,-598435.2,300821.8,0.9948,0.097,551.6,-0.09709,-74.55781,1.0,0,-1.0,-1.0,-1.0,-1.0,-1.0,0.0,0.0,0.0,0.0
1791654730.58,3219802.8,153.6,85.5,13.0,0.0,175.0,0.0,89.97,0.36,0.0,231.09,0.0,1212.461252,100048.0,0.99,78.9,-598435.2,300821.8,0.9948,0.097,551.6,-0.09709,-74.55781,1.0,0,-1.0,-1.0,-1.0,-1.0,-1.0,0.0,0.0,0.0,0.0
1791654731.08,3219803.3,154.1,85.5,13.0,0.0,175.0,0.0,89.96,0.36,0.0,231.08,0.0,1212.461252,100048.0,0.99,78.9,-598435.2,300821.8,0.9948,0.097,551.6,-0.09709,-74.55781,1.0,0,-1.0,-1.0,-1.0,-1.0,-1.0,0.0,0.0,0.0,0.0
1791654731.58,3219803.8,154.6,85.5,13.0,0.0,175.0,0.0,89.96,0.36,0.0,231.07,0.0,1212.461252,100048.0,0.99,78.9,-598435.2,300821.8,0.9948,0.097,551.6,-0.09709,-74.55781,1.0,0,-1.0,-1.0,-1.0,-1.0,-1.0,0.0,0.0,0.0,0.0
1791654732.08,3219804.3,155.1,85.5,13.0,0.0,175.0,0.0,89.95,0.36,0.0,231.06,0.0,1212.461252,100048.0,0.99,78.9,-598435.2,300821.8,0.9948,0.097,551.6,-0.09709,-74.55781,1.0,0,-1.0,-1.0,-1.0,-1.0,-1.0,0.0,0.0,0.0,0.0
1791654732.59,3219804.8,155.6,85.5,13.0,0.0,175.0,0.0,89.97,0.36,0.0,231.05,0.0,1212.461252,100048.0,0.99,78.9,-598435.2,300821.8,0.9948,0.097,551.6,-0.09709,-74.55781,1.0,0,-1.0,-1.0,-1.0,-1.0,-1.0,0.0,0.0,0.0,0.0
1791654733.09,3219805.3,156.1,85.5,13.0,0.0,175.0,0.0,89.95,0.36,0.0,231.05,0.0,1212.461252,100048.0,0.99,78.9,-598435.2,300821.8,0.9948,0.097,551.6,-0.09709,-74.55781,1.0,0,-1.0,-1.0,-1.0,-1.0,-1.0,0.0,0.0,0.0,0.0
1791654733.59,3219805.8,156.6,85.5,13.0,0.0,175.0,0.0,89.95,0.36,0.0,231.04,0.0,1212.461252,100048.0,0.99,78.9,-598435.2,300821.8,0.9948,0.097,551.6,-0.09709,-74.55781,1.0,0,-1.0,-1.0,-1.0,-1.0,-1.0,0.0,0.0,0.0,0.0
1791654734.09,3219806.3,157.1,85.5,13.0,0.0,175.0,0.0,89.95,0.36,0.0,231.03,0.0,1212.461252,100048.0,0.99,78.9,-598435.2,300821.8,0.9948,0.097,551.6,-0.09709,-74.55781,1.0,0,-1.0,-1.0,-1.0,-1.0,-1.0,0.0,0.0,0.0,0.0
1791654734.6,3219806.8,157.6,85.5,13.0,0.0,175.0,0.0,89.96,0.36,0.0,231.02,0.0,1212.461252,100048.0,0.99,78.9,-598435.2,300821.8,0.9948,0.097,551.6,-0.09709,-74.55781,1.0,0,-1.0,-1.0,-1.0,-1.0,-1.0,0.0,0.0,0.0,0.0
1791654735.1,3219807.3,158.1,85.5,13.0,0.0,175.0,0.0,89.95,0.36,0.0,231.01,0.0,1212.461252,100048.0,0.99,78.9,-598435.2,300821.8,0.9948,0.097,551.6,-0.09709,-74.55781,1.0,0,-1.0,-1.0,-1.0,-1.0,-1.0,0.0,0.0,0.0,0.0
1791654735.6,3219807.8,158.6,85.5,13.0,0.0,175.0,0.0,89.95,0.36,0.0,231.0,0.0,1212.461252,100048.0,0.99,78.9,-598435.2,300821.8,0.9948,0.097,551.6,-0.09709,-74.55781,1.0,0,-1.0,-1.0,-1.0,-1.0,-1.0,0.0,0.0,0.0,0.0
1791654736.1,3219808.3,159.1,85.5,13.0,0.0,175.0,0.0,89.97,0.36,0.0,231.0,0.0,1212.461252,100048.0,0.99,78.9,-598435.2,300821.8,0.9948,0.097,551.6,-0.09709,-74.55781,1.0,0,-1.0,-1.0,-1.0,-1.0,-1.0,0.0,0.0,0.0,0.0
1791654736.6,3219808.8,159.6,85.5,13.0,0.0,175.0,0.0,89.95,0.36,0.0,230.99,0.0,1212.461252,100048.0,0.99,78.9,-598435.2,300821.8,0.9948,0.097,551.6,-0.09709,-74.55781,1.0,0,-1.0,-1.0,-1.0,-1.0,-1.0,0.0,0.0,0.0,0.0
1791654737.1,3219809.3,160.1,85.5,13.0,0.0,175.0,0.0,89.95,0.36,0.0,230.98,0.0,1212.461252,100048.0,0.99,78.9,-598435.2,300821.8,0.9948,0.097,551.6,-0.09709,-74.55781,1.0,0,-1.0,-1.0,-1.0,-1.0,-1.0,0.0,0.0,0.0,0.0
1791654737.61,3219809.8,160.6,85.5,13.0,0.0,175.0,0.0,89.97,0.36,0.0,230.97,0.0,1212.461252,100048.0,0.99,78.9,-598435.2,300821.8,0.9948,0.097,551.6,-0.09709,-74.55781,1.0,0,-1.0,-1.0,-1.0,-1.0,-1.0,0.0,0.0,0.0,0.0
1791654738.11,3219810.3,161.1,85.5,13.0,0.0,175.0,0.0,89.97,0.36,0.0,230.96,0.0,1212.461252,100048.0,0.99,78.9,-598435.2,300821.8,0.9948,0.097,551.6,-0.09709,-74.55781,1.0,0,-1.0,-1.0,-1.0,-1.0,-1.0,0.0,0.0,0.0,0.0
1791654738.61,3219810.8,161.6,85.5,13.0,0.0,175.0,0.0,89.97,0.36,0.0,230.95,0.0,1212.461252,100048.0,0.99,78.9,-598435.2,300821.8,0.9948,0.097,551.6,-0.09709,-74.55781,1.0,0,-1.0,-1.0,-1.0,-1.0,-1.0,0.0,0.0,0.0,0.0
1791654739.11,3219811.3,162.1,85.5,13.0,0.0,175.0,0.0,89.97,0.36,0.0,230.94,0.0,1212.461252,100048.0,0.99,78.9,-598435.2,300821.8,0.9948,0.097,551.6,-0.09709,-74.55781,1.0,0,-1.0,-1.0,-1.0,-1.0,-1.0,0.0,0.0,0.0,0.0
1791654739.61,3219811.8,162.6,85.5,13.0,0.0,175.0,0.0,89.97,0.36,0.0,230.94,0.0,1212.461252,100048.0,0.99,78.9,-598435.2,300821.8,0.9948,0.097,551.6,-0.09709,-74.55781,1.0,0,-1.0,-1.0,-1.0,-1.0,-1.0,0.0,0.0,0.0,0.0
1791654740.11,3219812.3,163.1,85.5,13.0,0.0,175.0,0.0,89.95,0.36,0.0,230.93,0.0,1212.461252,100048.0,0.99,78.9,-598435.2,300821.8,0.9948,0.097,551.6,-0.09709,-74.55781,1.0,0,-1.0,-1.0,-1.0,-1.0,-1.0,0.0,0.0,0.0,0.0
1791654740.62,3219812.4,163.7,85.5,13.0,0.0,175.0,0.0,89.96,0.36,0.0,230.93,0.0,1212.461252,100048.0,0.99,78.9,-598435.2,300821.8,0.9948,0.097,551.6,-0.09709,-74.55781,1.0,0,-1.0,-1.0,-1.0,-1.0,-1.0,0.0,0.0,0.0,0.0
1791654741.12,3219812.4,164.2,85.5,13.0,0.0,175.0,0.0,89.96,0.36,0.0,230.93,0.0,1212.461252,100048.0,0.99,78.9,-598435.2,300821.8,0.9948,0.097,551.6,-0.09709,-74.55781,1.0,0,-1.0,-1.0,-1.0,-1.0,-1.0,0.0,0.0,0.0,0.0
1791654741.62,3219812.4,164.7,85.5,13.0,0.0,175.0,0.0,89.96,0.36,0.0,230.93,0.0,1212.461252,100048.0,0.99,78.9,-598435.2,300821.8,0.9948,0.097,551.6,-0.09709,-74.55781,1.0,0,-1.0,-1.0,-1.0,-1.0,-1.0,0.0,0.0,0.0,0.0
1791654742.12,3219812.4,165.2,85.5,13.0,0.0,175.0,0.0,89.96,0.36,0.0,230.93,0.0,1212.461252,100048.0,0.99,78.9,-598435.2,300821.8,0.9948,0.097,551.6,-0.09709,-74.55781,1.0,0,-1.0,-1.0,-1.0,-1.0,-1.0,0.0,0.0,0.0,0.0
1791654742.63,3219812.5,165.7,85.5,13.0,0.0,175.0,0.0,89.96,0.36,0.0,230.93,0.0,1212.461252,100048.0,0.99,78.9,-598435.2,300821.8,0.9948,0.097,551.6,-0.09709,-74.55781,1.0,0,-1.0,-1.0,-1.0,-1.0,-1.0,0.0,0.0,0.0,0.0
1791654743.13,3219812.5,166.2,85.5,13.0,0.0,175.0,0.0,89.96,0.36,0.0,230.93,0.0,1212.461252,100048.0,0.99,78.9,-598435.2,300821.8,0.9948,0.097,551.6,-0.09709,-74.55781,1.0,0,-1.0,-1.0,-1.0,-1.0,-1.0,0.0,0.0,0.0,0.0
1791654743.63,3219812.5,166.7,85.5,13.0,0.0,175.0,0.0,89.96,0.36,0.0,230.92,0.0,1212.461252,100048.0,0.99,78.9,-598435.2,300821.8,0.9948,0.097,551.6,-0.09709,-74.55781,1.0,0,-1.0,-1.0,-1.0,-1.0,-1.0,0.0,0.0,0.0,0.0
1791654744.13,3219812.5,167.2,85.5,13.0,0.0,175.0,0.0,89.96,0.36,0.0,230.92,0.0,1212.461252,100048.0,0.99,78.9,-598435.2,300821.8,0.9948,0.097,551.6,-0.09709,-74.55781,1.0,0,-1.0,-1.0,-1.0,-1.0,-1.0,0.0,0.0,0.0,0.0
1791654744.63,3219812.6,167.7,85.5,13.0,0.0,175.0,0.0,89.96,0.36,0.0,230.92,0.0,1212.461252,100048.0,0.99,78.9,-598435.2,300821.8,0.9948,0.097,551.6,-0.09709,-74.55781,1.0,0,-1.0,-1.0,-1.0,-1.0,-1.0,0.0,0.0,0.0,0.0
1791654745.13,3219812.6,168.2,85.5,13.0,0.0,175.0,0.0,89.96,0.36,0.0,230.92,0.0,1212.461252,100048.0,0.99,78.9,-598435.2,300821.8,0.9948,0.097,551.6,-0.09709,-74.55781,1.0,0,-1.0,-1.0,-1.0,-1.0,-1.0,0.0,0.0,0.0,0.0
1791654745.63,3219812.6,168.7,85.5,13.0,0.0,175.0,0.0,89.95,0.36,0.0,230.92,0.0,1212.461252,100048.0,0.99,78.9,-598435.2,300821.8,0.9948,0.097,551.6,-0.09709,-74.55781,1.0,0,-1.0,-1.0,-1.0,-1.0,-1.0,0.0,0.0,0.0,0.0
1791654746.14,3219812.6,169.2,85.5,13.0,0.0,175.0,0.0,89.95,0.36,0.0,230.92,0.0,1212.461252,100048.0,0.99,78.9,-598435.2,300821.8,0.9948,0.097,551.6,-0.09709,-74.55781,1.0,0,-1.0,-1.0,-1.0,-1.0,-1.0,0.0,0.0,0.0,0.0
1791654746.64,3219812.6,169.7,85.5,13.0,0.0,175.0,0.0,89.96,0.36,0.0,230.92,0.0,1212.461252,100048.0,0.99,78.9,-598435.2,300821.8,0.9948,0.097,551.6,-0.09709,-74.55781,1.0,0,-1.0,-1.0,-1.0,-1.0,-1.0,0.0,0.0,0.0,0.0
1791654747.14,3219812.6,170.2,85.5,13.0,0.0,175.0,0.0,89.96,0.36,0.0,230.92,0.0,1212.461252,100048.0,0.99,78.9,-598435.2,300821.8,0.9948,0.097,551.6,-0.09709,-74.55781,1.0,0,-1.0,-1.0,-1.0,-1.0,-1.0,0.0,0.0,0.0,0.0
1791654747.64,3219812.7,170.7,85.5,13.0,0.0,175.0,0.0,89.95,0.36,0.0,230.92,0.0,1212.461252,100048.0,0.99,78.9,-598435.2,300821.8,0.9948,0.097,551.6,-0.09709,-74.55781,1.0,0,-1.0,-1.0,-1.0,-1.0,-1.0,0.0,0.0,0.0,0.0
1791654748.14,3219812.7,171.2,85.5,13.0,0.0,175.0,0.0,89.95,0.36,0.0,230.92,0.0,1212.461252,100048.0,0.99,78.9,-598435.2,300821.8,0.9948,0.097,551.6,-0.09709,-74.55781,1.0,0,-1.0,-1.0,-1.0,-1.0,-1.0,0.0,0.0,0.0,0.0
1791654748.64,3219812.7,171.7,85.5,13.0,0.0,175.0,0.0,89.95,0.36,0.0,230.92,0.0,1212.461252,100048.0,0.99,78.9,-598435.2,300821.8,0.9948,0.097,551.6,-0.09709,-74.55781,1.0,0,-1.0,-1.0,-1.0,-1.0,-1.0,0.0,0.0,0.0,0.0
1791654749.15,3219812.7,172.2,85.5,13.0,0.0,175.0,0.0,89.95,0.36,0.0,230.92,0.0,1212.461252,100048.0,0.99,78.9,-598435.2,300821.8,0.9948,0.097,551.6,-0.09709,-74.55781,1.0,0,-1.0,-1.0,-1.0,-1.0,-1.0,0.0,0.0,0.0,0.0
1791654749.65,3219812.8,172.7,85.5,13.0,0.0,175.0,0.0,89.95,0.36,0.0,230.92,0.0,1212.461252,100048.0,0.99,78.9,-598435.2,300821.8,0.9948,0.097,551.6,-0.09709,-74.55781,1.0,0,-1.0,-1.0,-1.0,-1.0,-1.0,0.0,0.0,0.0,0.0
1791654750.15,3219812.8,173.2,85.5,13.0,0.0,175.0,0.0,89.95,0.36,0.0,230.92,0.0,1212.461252,100048.0,0.99,78.9,-598435.2,300821.8,0.9948,0.097,551.6,-0.09709,-74.55781,1.0,0,-1.0,-1.0,-1.0,-1.0,-1.0,0.0,0.0,0.0,0.0
1791654750.65,3219812.8,173.7,85.5,13.0,0.0,175.0,0.0,89.96,0.36,0.0,230.92,0.0,1212.461252,100048.0,0.99,78.9,-598435.2,300821.8,0.9948,0.097,551.6,-0.09709,-74.55781,1.0,0,-1.0,-1.0,-1.0,-1.0,-1.0,0.0,0.0,0.0,0.0
1791654751.15,3219812.8,174.2,85.5,13.0,0.0,175.0,0.0,89.96,0.36,0.0,230.92,0.0,1212.461252,100048.0,0.99,78.9,-598435.2,300821.8,0.9948,0.097,551.6,-0.09709,-74.55781,1.0,0,-1.0,-1.0,-1.0,-1.0,-1.0,0.0,0.0,0.0,0.0
1791654751.65,3219812.8,174.7,85.5,13.0,0.0,175.0,0.0,89.96,0.36,0.0,230.92,0.0,1212.461252,100048.0,0.99,78.9,-598435.2,300821.8,0.9948,0.097,551.6,-0.09709,-74.55781,1.0,0,-1.0,-1.0,-1.0,-1.0,-1.0,0.0,0.0,0.0,0.0
1791654752.15,3219812.8,175.2,85.5,13.0,0.0,175.0,0.0,89.96,0.36,0.0,230.92,0.0,1212.461252,100048.0,0.99,78.9,-598435.2,300821.8,0.9948,0.097,551.6,-0.09709,-74.55781,1.0,0,-1.0,-1.0,-1.0,-1.0,-1.0,0.0,0.0,0.0,0.0
1791654752.66,3219812.9,175.7,85.5,13.0,0.0,175.0,0.0,89.96,0.36,0.0,230.92,0.0,1212.461252,100048.0,0.99,78.9,-598435.2,300821.8,0.9948,0.097,551.6,-0.09709,-74.55781,1.0,0,-1.0,-1.0,-1.0,-1.0,-1.0,0.0,0.0,0.0,0.0
1791654753.16,3219812.9,176.2,85.5,13.0,0.0,175.0,0.0,89.96,0.36,0.0,230.92,0.0,1212.461252,100048.0,0.99,78.9,-598435.2,300821.8,0.9948,0.097,551.6,-0.09709,-74.55781,1.0,0,-1.0,-1.0,-1.0,-1.0,-1.0,0.0,0.0,0.0,0.0
1791654753.66,3219812.9,176.7,85.5,13.0,0.0,175.0,0.0,89.95,0.36,0.0,230.92,0.0,1212.461252,100048.0,0.99,78.9,-598435.2,300821.8,0.9948,0.097,551.6,-0.09709,-74.55781,1.0,0,-1.0,-1.0,-1.0,-1.0,-1.0,0.0,0.0,0.0,0.0
1791654754.16,3219812.9,177.2,85.5,13.0,0.0,175.0,0.0,89.95,0.36,0.0,230.92,0.0,1212.461252,100048.0,0.99,78.9,-598435.2,300821.8,0.9948,0.097,551.6,-0.09709,-74.55781,1.0,0,-1.0,-1.0,-1.0,-1.0,-1.0,0.0,0.0,0.0,0.0
1791654754.66,3219813.0,177.7,85.5,13.0,0.0,175.0,0.0,89.96,0.36,0.0,230.92,0.0,1212.461252,100048.0,0.99,78.9,-598435.2,300821.8,0.9948,0.097,551.6,-0.09709,-74.55781,1.0,0,-1.0,-1.0,-1.0,-1.0,-1.0,0.0,0.0,0.0,0.0
1791654755.16,3219813.0,178.2,85.5,13.0,0.0,175.0,0.0,89.96,0.36,0.0,230.92,0.0,1212.461252,100048.0,0.99,78.9,-598435.2,300821.8,0.9948,0.097,551.6,-0.09709,-74.55781,1.0,0,-1.0,-1.0,-1.0,-1.0,-1.0,0.0,0.0,0.0,0.0
1791654755.66,3219813.0,178.7,85.5,13.0,0.0,175.0,0.0,89.95,0.36,0.0,230.92,0.0,1212.461252,100048.0,0.99,78.9,-598435.2,300821.8,0.9948,0.097,551.6,-0.09709,-74.55781,1.0,0,-1.0,-1.0,-1.0,-1.0,-1.0,0.0,0.0,0.0,0.0
1791654756.17,3219813.0,179.2,85.5,13.0,0.0,175.0,0.0,89.95,0.36,0.0,230.92,0.0,1212.461252,100048.0,0.99,78.9,-598435.2,300821.8,0.9948,0.097,551.6,-0.09709,-74.55781,1.0,0,-1.0,-1.0,-1.0,-1.0,-1.0,0.0,0.0,0.0,0.0
1791654756.67,3219813.0,179.7,85.5,13.0,0.0,175.0,0.0,89.96,0.36,0.0,230.92,0.0,1212.461252,100048.0,0.99,78.9,-598435.2,300821.8,0.9948,0.097,551.6,-0.09709,-74.55781,1.0,0,-1.0,-1.0,-1.0,-1.0,-1.0,0.0,0.0,0.0,0.0
1791654757.17,3219813.0,180.2,85.5,13.0,0.0,175.0,0.0,89.96,0.36,0.0,230.92,0.0,1212.461252,100048.0,0.99,78.9,-598435.2,300821.8,0.9948,0.097,551.6,-0.09709,-74.55781,1.0,0,-1.0,-1.0,-1.0,-1.0,-1.0,0.0,0.0,0.0,0.0
1791654757.67,3219813.1,180.7,85.5,13.0,0.0,175.0,0.0,89.96,0.36,0.0,230.92,0.0,1212.461252,100048.0,0.99,78.9,-598435.2,300821.8,0.9948,0.097,551.6,-0.09709,-74.55781,1.0,0,-1.0,-1.0,-1.0,-1.0,-1.0,0.0,0.0,0.0,0.0
1791654758.17,3219813.1,181.2,85.5,13.0,0.0,175.0,0.0,89.96,0.36,0.0,230.92,0.0,1212.461252,100048.0,0.99,78.9,-598435.2,300821.8,0.9948,0.097,551.6,-0.09709,-74.55781,1.0,0,-1.0,-1.0,-1.0,-1.0,-1.0,0.0,0.0,0.0,0.0
1791654758.67,3219813.1,181.7,85.5,13.0,0.0,175.0,0.0,89.96,0.36,0.0,230.91,0.0,1212.461252,100048.0,0.99,78.9,-598435.2,300821.8,0.9948,0.097,551.6,-0.09709,-74.55781,1.0,0,-1.0,-1.0,-1.0,-1.0,-1.0,0.0,0.0,0.0,0.0
1791654759.18,3219813.1,182.2,85.5,13.0,0.0,175.0,0.0,89.96,0.36,0.0,230.91,0.0,1212.461252,100048.0,0.99,78.9,-598435.2,300821.8,0.9948,0.097,551.6,-0.09709,-74.55781,1.0,0,-1.0,-1.0,-1.0,-1.0,-1.0,0.0,0.0,0.0,0.0
1791654759.68,3219813.2,182.7,85.5,13.0,0.0,175.0,0.0,89.97,0.36,0.0,230.91,0.0,1212.461252,100048.0,0.99,78.9,-598435.2,300821.8,0.9948,0.097,551.6,-0.09709,-74.55781,1.0,0,-1.0,-1.0,-1.0,-1.0,-1.0,0.0,0.0,0.0,0.0
1791654760.18,3219813.2,183.2,85.5,13.0,0.0,175.0,0.0,89.97,0.36,0.0,230.91,0.0,1212.461252,100048.0,0.99,78.9,-598435.2,300821.8,0.9948,0.097,551.6,-0.09709,-74.55781,1.0,0,-1.0,-1.0,-1.0,-1.0,-1.0,0.0,0.0,0.0,0.0
1791654760.68,3219813.2,183.7,85.5,13.0,0.0,175.0,0.0,89.96,0.36,0.0,230.91,0.0,1212.461252,100048.0,0.99,78.9,-598435.2,300821.8,0.9948,0.097,551.6,-0.09709,-74.55781,1.0,0,-1.0,-1.0,-1.0,-1.0,-1.0,0.0,0.0,0.0,0.0
1791654761.18,3219813.2,184.2,85.5,13.0,0.0,175.0,0.0,89.96,0.36,0.0,230.91,0.0,1212.461252,100048.0,0.99,78.9,-598435.2,300821.8,0.9948,0.097,551.6,-0.09709,-74.55781,1.0,0,-1.0,-1.0,-1.0,-1.0,-1.0,0.0,0.0,0.0,0.0
1791654761.68,3219813.2,184.7,85.5,13.0,0.0,175.0,0.0,89.95,0.36,0.0,230.91,0.0,1212.461252,100048.0,0.99,78.9,-598435.2,300821.8,0.9948,0.097,551.6,-0.09709,-74.55781,1.0,0,-1.0,-1.0,-1.0,-1.0,-1.0,0.0,0.0,0.0,0.0
1791654762.18,3219813.2,185.2,85.5,13.0,0.0,175.0,0.0,89.95,0.36,0.0,230.91,0.0,1212.461252,100048.0,0.99,78.9,-598435.2,300821.8,0.9948,0.097,551.6,-0.09709,-74.55781,1.0,0,-1.0,-1.0,-1.0,-1.0,-1.0,0.0,0.0,0.0,0.0
1791654762.69,3219813.3,185.7,85.5,13.0,0.0,175.0,0.0,89.95,0.36,0.0,230.91,0.0,1212.461252,100048.0,0.99,78.9,-598435.2,300821.8,0.9948,0.097,551.6,-0.09709,-74.55781,1.0,0,-1.0,-1.0,-1.0,-1.0,-1.0,0.0,0.0,0.0,0.0
1791654763.19,3219813.3,186.2,85.5,13.0,0.0,175.0,0.0,89.95,0.36,0.0,230.91,0.0,1212.461252,100048.0,0.99,78.9,-598435.2,300821.8,0.9948,0.097,551.6,-0.09709,-74.55781,1.0,0,-1.0,-1.0,-1.0,-1.0,-1.0,0.0,0.0,0.0,0.0
1791654763.69,3219813.3,186.7,85.5,13.0,0.0,175.0,0.0,89.95,0.36,0.0,230.91,0.0,1212.461252,100048.0,0.99,78.9,-598435.2,300821.8,0.9948,0.097,551.6,-0.09709,-74.55781,1.0,0,-1.0,-1.0,-1.0,-1.0,-1.0,0.0,0.0,0.0,0.0
1791654764.19,3219813.3,187.2,85.5,13.0,0.0,175.0,0.0,89.95,0.36,0.0,230.91,0.0,1212.461252,100048.0,0.99,78.9,-598435.2,300821.8,0.9948,0.097,551.6,-0.09709,-74.55781,1.0,0,-1.0,-1.0,-1.0,-1.0,-1.0,0.0,0.0,0.0,0.0
1791654764.69,3219813.3,187.7,85.5,13.0,0.0,175.0,0.0,89.95,0.36,0.0,230.91,0.0,1212.461252,100048.0,0.99,78.9,-598435.2,300821.8,0.9948,0.097,551.6,-0.09709,-74.55781,1.0,0,-1.0,-1.0,-1.0,-1.0,-1.0,0.0,0.0,0.0,0.0
1791654765.2,3219813.4,188.2,85.5,13.0,0.0,175.0,0.0,89.95,0.36,0.0,230.91,0.0,1212.461252,100048.0,0.99,78.9,-598435.2,300821.8,0.9948,0.097,551.6,-0.09709,-74.55781,1.0,0,-1.0,-1.0,-1.0,-1.0,-1.0,0.0,0.0,0.0,0.0
1791654765.7,3219813.4,188.7,85.5,13.0,0.0,175.0,0.0,89.95,0.36,0.0,230.91,0.0,1212.461252,100048.0,0.99,78.9,-598435.2,300821.8,0.9948,0.097,551.6,-0.09709,-74.55781,1.0,0,-1.0,-1.0,-1.0,-1.0,-1.0,0.0,0.0,0.0,0.0
1791654766.2,3219813.4,189.2,85.5,13.0,0.0,175.0,0.0,89.96,0.36,0.0,230.91,0.0,1212.461252,100048.0,0.99,78.9,-598435.2,300821.8,0.9948,0.097,551.6,-0.09709,-74.55781,1.0,0,-1.0,-1.0,-1.0,-1.0,-1.0,0.0,0.0,0.0,0.0
1791654766.7,3219813.4,189.7,85.5,13.0,0.0,175.0,0.0,89.96,0.36,0.0,230.91,0.0,1212.461252,100048.0,0.99,78.9,-598435.2,300821.8,0.9948,0.097,551.6,-0.09709,-74.55781,1.0,0,-1.0,-1.0,-1.0,-1.0,-1.0,0.0,0.0,0.0,0.0
1791654767.2,3219813.4,190.2,85.5,13.0,0.0,175.0,0.0,89.96,0.36,0.0,230.91,0.0,1212.461252,100048.0,0.99,78.9,-598435.2,300821.8,0.9948,0.097,551.6,-0.09709,-74.55781,1.0,0,-1.0,-1.0,-1.0,-1.0,-1.0,0.0,0.0,0.0,0.0
1791654767.7,3219813.4,190.7,85.5,13.0,0.0,175.0,0.0,89.96,0.36,0.0,230.91,0.0,1212.461252,100048.0,0.99,78.9,-598435.2,300821.8,0.9948,0.097,551.6,-0.09709,-74.55781,1.0,0,-1.0,-1.0,-1.0,-1.0,-1.0,0.0,0.0,0.0,0.0
1791654768.2,3219813.5,191.2,85.5,13.0,0.0,175.0,0.0,89.96,0.36,0.0,230.91,0.0,1212.461252,100048.0,0.99,78.9,-598435.2,300821.8,0.9948,0.097,551.6,-0.09709,-74.55781,1.0,0,-1.0,-1.0,-1.0,-1.0,-1.0,0.0,0.0,0.0,0.0
1791654768.71,3219813.5,191.7,85.5,13.0,0.0,175.0,0.0,89.96,0.36,0.0,230.91,0.0,1212.461252,100048.0,0.99,78.9,-598435.2,300821.8,0.9948,0.097,551.6,-0.09709,-74.55781,1.0,0,-1.0,-1.0,-1.0,-1.0,-1.0,0.0,0.0,0.0,0.0
1791654769.21,3219813.5,192.2,85.5,13.0,0.0,175.0,0.0,89.96,0.36,0.0,230.91,0.0,1212.461252,100048.0,0.99,78.9,-598435.2,300821.8,0.9948,0.097,551.6,-0.09709,-74.55781,1.0,0,-1.0,-1.0,-1.0,-1.0,-1.0,0.0,0.0,0.0,0.0
1791654769.71,3219813.5,192.7,85.5,13.0,0.0,175.0,0.0,89.96,0.36,0.0,230.91,0.0,1212.461252,100048.0,0.99,78.9,-598435.2,300821.8,0.9948,0.097,551.6,-0.09709,-74.55781,1.0,0,-1.0,-1.0,-1.0,-1.0,-1.0,0.0,0.0,0.0,0.0
1791654770.21,3219813.6,193.2,85.5,13.0,0.0,175.0,0.0,89.95,0.36,0.0,230.91,0.0,1212.461252,100048.0,0.99,78.9,-598435.2,300821.8,0.9948,0.097,551.6,-0.09709,-74.55781,1.0,0,-1.0,-1.0,-1.0,-1.0,-1.0,0.0,0.0,0.0,0.0
1791654770.71,3219813.6,193.7,85.5,13.0,0.0,175.0,0.0,89.95,0.36,0.0,230.91,0.0,1212.461252,100048.0,0.99,78.9,-598435.2,300821.8,0.9948,0.097,551.6,-0.09709,-74.55781,1.0,0,-1.0,-1.0,-1.0,-1.0,-1.0,0.0,0.0,0.0,0.0
1791654771.21,3219813.6,194.2,85.5,13.0,0.0,175.0,0.0,89.97,0.36,0.0,230.91,0.0,1212.461252,100048.0,0.99,78.9,-598435.2,300821.8,0.9948,0.097,551.6,-0.09709,-74.55781,1.0,0,-1.0,-1.0,-1.0,-1.0,-1.0,0.0,0.0,0.0,0.0
1791654771.72,3219813.6,194.7,85.5,13.0,0.0,175.0,0.0,89.97,0.36,0.0,230.91,0.0,1212.461252,100048.0,0.99,78.9,-598435.2,300821.8,0.9948,0.097,551.6,-0.09709,-74.55781,1.0,0,-1.0,-1.0,-1.0,-1.0,-1.0,0.0,0.0,0.0,0.0
1791654772.22,3219813.6,195.3,85.5,13.0,0.0,175.0,0.0,89.97,0.36,0.0,230.91,0.0,1212.461252,100048.0,0.99,78.9,-598435.2,300821.8,0.9948,0.097,551.6,-0.09709,-74.55781,1.0,0,-1.0,-1.0,-1.0,-1.0,-1.0,0.0,0.0,0.0,0.0
1791654772.72,3219813.6,195.8,85.5,13.0,0.0,175.0,0.0,89.97,0.36,0.0,230.91,0.0,1212.461252,100048.0,0.99,78.9,-598435.2,300821.8,0.9948,0.097,551.6,-0.09709,-74.55781,1.0,0,-1.0,-1.0,-1.0,-1.0,-1.0,0.0,0.0,0.0,0.0
1791654773.22,3219813.7,196.3,85.5,13.0,0.0,175.0,0.0,89.97,0.36,0.0,230.91,0.0,1212.461252,100048.0,0.99,78.9,-598435.2,300821.8,0.9948,0.097,551.6,-0.09709,-74.55781,1.0,0,-1.0,-1.0,-1.0,-1.0,-1.0,0.0,0.0,0.0,0.0
1791654773.72,3219813.7,196.8,85.5,13.0,0.0,175.0,0.0,89.97,0.36,0.0,230.91,0.0,1212.461252,100048.0,0.99,78.9,-598435.2,300821.8,0.9948,0.097,551.6,-0.09709,-74.55781,1.0,0,-1.0,-1.0,-1.0,-1.0,-1.0,0.0,0.0,0.0,0.0
1791654774.22,3219813.7,197.3,85.5,13.0,0.0,175.0,0.0,89.97,0.36,0.0,230.9,0.0,1212.461252,100048.0,0.99,78.9,-598435.2,300821.8,0.9948,0.097,551.6,-0.09709,-74.55781,1.0,0,-1.0,-1.0,-1.0,-1.0,-1.0,0.0,0.0,0.0,0.0
1791654774.72,3219813.7,197.8,85.5,13.0,0.0,175.0,0.0,89.97,0.36,0.0,230.9,0.0,1212.461252,100048.0,0.99,78.9,-598435.2,300821.8,0.9948,0.097,551.6,-0.09709,-74.55781,1.0,0,-1.0,-1.0,-1.0,-1.0,-1.0,0.0,0.0,0.0,0.0
1791654775.23,3219813.8,198.3,85.5,13.0,0.0,175.0,0.0,89.97,0.36,0.0,230.9,0.0,1212.461252,100048.0,0.99,78.9,-598435.2,300821.8,0.9948,0.097,551.6,-0.09709,-74.55781,1.0,0,-1.0,-1.0,-1.0,-1.0,-1.0,0.0,0.0,0.0,0.0
1791654775.73,3219813.8,198.8,85.5,13.0,0.0,175.0,0.0,89.97,0.36,0.0,230.9,0.0,1212.461252,100048.0,0.99,78.9,-598435.2,300821.8,0.9948,0.097,551.6,-0.09709,-74.55781,1.0,0,-1.0,-1.0,-1.0,-1.0,-1.0,0.0,0.0,0.0,0.0
1791654776.23,3219813.8,199.3,85.5,13.0,0.0,175.0,0.0,89.97,0.36,0.0,230.9,0.0,1212.461252,100048.0,0.99,78.9,-598435.2,300821.8,0.9948,0.097,551.6,-0.09709,-74.55781,1.0,0,-1.0,-1.0,-1.0,-1.0,-1.0,0.0,0.0,0.0,0.0
1791654776.73,3219813.8,199.8,85.5,13.0,0.0,175.0,0.0,89.97,0.36,0.0,230.9,0.0,1212.461252,100048.0,0.99,78.9,-598435.2,300821.8,0.9948,0.097,551.6,-0.09709,-74.55781,1.0,0,-1.0,-1.0,-1.0,-1.0,-1.0,0.0,0.0,0.0,0.0
1791654777.24,3219813.8,200.3,85.5,13.0,0.0,175.0,0.0,89.96,0.36,0.0,230.9,0.0,1212.461252,100048.0,0.99,78.9,-598435.2,300821.8,0.9948,0.097,551.6,-0.09709,-74.55781,1.0,0,-1.0,-1.0,-1.0,-1.0,-1.0,0.0,0.0,0.0,0.0
1791654777.74,3219813.8,200.8,85.5,13.0,0.0,175.0,0.0,89.96,0.36,0.0,230.9,0.0,1212.461252,100048.0,0.99,78.9,-598435.2,300821.8,0.9948,0.097,551.6,-0.09709,-74.55781,1.0,0,-1.0,-1.0,-1.0,-1.0,-1.0,0.0,0.0,0.0,0.0
1791654778.24,3219813.9,201.3,85.5,13.0,0.0,175.0,0.0,89.96,0.36,0.0,230.9,0.0,1212.461252,100048.0,0.99,78.9,-598435.2,300821.8,0.9948,0.097,551.6,-0.09709,-74.55781,1.0,0,-1.0,-1.0,-1.0,-1.0,-1.0,0.0,0.0,0.0,0.0
1791654778.74,3219813.9,201.8,85.5,13.0,0.0,175.0,0.0,89.96,0.36,0.0,230.9,0.0,1212.461252,100048.0,0.99,78.9,-598435.2,300821.8,0.9948,0.097,551.6,-0.09709,-74.55781,1.0,0,-1.0,-1.0,-1.0,-1.0,-1.0,0.0,0.0,0.0,0.0
1791654779.24,3219813.9,202.3,85.5,13.0,0.0,175.0,0.0,89.96,0.36,0.0,230.9,0.0,1212.461252,100048.0,0.99,78.9,-598435.2,300821.8,0.9948,0.097,551.6,-0.09709,-74.55781,1.0,0,-1.0,-1.0,-1.0,-1.0,-1.0,0.0,0.0,0.0,0.0
1791654779.75,3219813.9,202.8,85.5,13.0,0.0,175.0,0.0,89.96,0.36,0.0,230.9,0.0,1212.461252,100048.0,0.99,78.9,-598435.2,300821.8,0.9948,0.097,551.6,-0.09709,-74.55781,1.0,0,-1.0,-1.0,-1.0,-1.0,-1.0,0.0,0.0,0.0,0.0
1791654780.25,3219814.0,203.3,85.5,13.0,0.0,175.0,0.0,89.95,0.36,0.0,230.9,0.0,1212.461252,100048.0,0.99,78.9,-598435.2,300821.8,0.9948,0.097,551.6,-0.09709,-74.55781,1.0,0,-1.0,-1.0,-1.0,-1.0,-1.0,0.0,0.0,0.0,0.0
1791654780.75,3219814.0,203.8,85.5,13.0,0.0,175.0,0.0,89.95,0.36,0.0,230.9,0.0,1212.461252,100048.0,0.99,78.9,-598435.2,300821.8,0.9948,0.097,551.6,-0.09709,-74.55781,1.0,0,-1.0,-1.0,-1.0,-1.0,-1.0,0.0,0.0,0.0,0.0
1791654781.25,3219814.0,204.3,85.5,13.0,0.0,175.0,0.0,89.95,0.36,0.0,230.9,0.0,1212.461252,100048.0,0.99,78.9,-598435.2,300821.8,0.9948,0.097,551.6,-0.09709,-74.55781,1.0,0,-1.0,-1.0,-1.0,-1.0,-1.0,0.0,0.0,0.0,0.0
1791654781.75,3219814.0,204.8,85.5,13.0,0.0,175.0,0.0,89.95,0.36,0.0,230.9,0.0,1212.461252,100048.0,0.99,78.9,-598435.2,300821.8,0.9948,0.097,551.6,-0.09709,-74.55781,1.0,0,-1.0,-1.0,-1.0,-1.0,-1.0,0.0,0.0,0.0,0.0
1791654782.25,3219814.0,205.3,85.5,13.0,0.0,175.0,0.0,89.95,0.36,0.0,230.9,0.0,1212.461252,100048.0,0.99,78.9,-598435.2,300821.8,0.9948,0.097,551.6,-0.09709,-74.55781,1.0,0,-1.0,-1.0,-1.0,-1.0,-1.0,0.0,0.0,0.0,0.0
1791654782.76,3219814.0,205.8,85.5,13.0,0.0,175.0,0.0,89.95,0.36,0.0,230.9,0.0,1212.461252,100048.0,0.99,78.9,-598435.2,300821.8,0.9948,0.097,551.6,-0.09709,-74.55781,1.0,0,-1.0,-1.0,-1.0,-1.0,-1.0,0.0,0.0,0.0,0.0
1791654783.26,3219814.1,206.3,85.5,13.0,0.0,175.0,0.0,89.95,0.36,0.0,230.9,0.0,1212.461252,100048.0,0.99,78.9,-598435.2,300821.8,0.9948,0.097,551.6,-0.09709,-74.55781,1.0,0,-1.0,-1.0,-1.0,-1.0,-1.0,0.0,0.0,0.0,0.0
1791654783.76,3219814.1,206.8,85.5,13.0,0.0,175.0,0.0,89.95,0.36,0.0,230.9,0.0,1212.461252,100048.0,0.99,78.9,-598435.2,300821.8,0.9948,0.097,551.6,-0.09709,-74.55781,1.0,0,-1.0,-1.0,-1.0,-1.0,-1.0,0.0,0.0,0.0,0.0
1791654784.26,3219814.1,207.3,85.5,13.0,0.0,175.0,0.0,89.97,0.36,0.0,230.9,0.0,1212.461252,100048.0,0.99,78.9,-598435.2,300821.8,0.9948,0.097,551.6,-0.09709,-74.55781,1.0,0,-1.0,-1.0,-1.0,-1.0,-1.0,0.0,0.0,0.0,0.0
1791654784.76,3219814.1,207.8,85.5,13.0,0.0,175.0,0.0,89.97,0.36,0.0,230.9,0.0,1212.461252,100048.0,0.99,78.9,-598435.2,300821.8,0.9948,0.097,551.6,-0.09709,-74.55781,1.0,0,-1.0,-1.0,-1.0,-1.0,-1.0,0.0,0.0,0.0,0.0
1791654785.27,3219814.2,208.3,85.5,13.0,0.0,175.0,0.0,89.95,0.36,0.0,230.9,0.0,1212.461252,100048.0,0.99,78.9,-598435.2,300821.8,0.9948,0.097,551.6,-0.09709,-74.55781,1.0,0,-1.0,-1.0,-1.0,-1.0,-1.0,0.0,0.0,0.0,0.0
1791654785.77,3219814.2,208.8,85.5,13.0,0.0,175.0,0.0,89.95,0.36,0.0,230.9,0.0,1212.461252,100048.0,0.99,78.9,-598435.2,300821.8,0.9948,0.097,551.6,-0.09709,-74.55781,1.0,0,-1.0,-1.0,-1.0,-1.0,-1.0,0.0,0.0,0.0,0.0
1791654786.27,3219814.2,209.3,85.5,13.0,0.0,175.0,0.0,89.97,0.36,0.0,230.9,0.0,1212.461252,100048.0,0.99,78.9,-598435.2,300821.8,0.9948,0.097,551.6,-0.09709,-74.55781,1.0,0,-1.0,-1.0,-1.0,-1.0,-1.0,0.0,0.0,0.0,0.0
1791654786.77,3219814.2,209.8,85.5,13.0,0.0,175.0,0.0,89.97,0.36,0.0,230.9,0.0,1212.461252,100048.0,0.99,78.9,-598435.2,300821.8,0.9948,0.097,551.6,-0.09709,-74.55781,1.0,0,-1.0,-1.0,-1.0,-1.0,-1.0,0.0,0.0,0.0,0.0
1791654787.28,3219814.2,210.3,85.5,13.0,0.0,175.0,0.0,89.95,0.36,0.0,230.9,0.0,1212.461252,100048.0,0.99,78.9,-598435.2,300821.8,0.9948,0.097,551.6,-0.09709,-74.55781,1.0,0,-1.0,-1.0,-1.0,-1.0,-1.0,0.0,0.0,0.0,0.0
1791654787.78,3219814.2,210.8,85.5,13.0,0.0,175.0,0.0,89.95,0.36,0.0,230.9,0.0,1212.461252,100048.0,0.99,78.9,-598435.2,300821.8,0.9948,0.097,551.6,-0.09709,-74.55781,1.0,0,-1.0,-1.0,-1.0,-1.0,-1.0,0.0,0.0,0.0,0.0
1791654788.28,3219814.3,211.3,85.5,13.0,0.0,175.0,0.0,89.97,0.36,0.0,230.9,0.0,1212.461252,100048.0,0.99,78.9,-598435.2,300821.8,0.9948,0.097,551.6,-0.09709,-74.55781,1.0,0,-1.0,-1.0,-1.0,-1.0,-1.0,0.0,0.0,0.0,0.0
1791654788.78,3219814.3,211.8,85.5,13.0,0.0,175.0,0.0,89.97,0.36,0.0,230.9,0.0,1212.461252,100048.0,0.99,78.9,-598435.2,300821.8,0.9948,0.097,551.6,-0.09709,-74.55781,1.0,0,-1.0,-1.0,-1.0,-1.0,-1.0,0.0,0.0,0.0,0.0
1791654789.28,3219814.3,212.3,85.5,13.0,0.0,175.0,0.0,89.97,0.36,0.0,230.89,0.0,1212.461252,100048.0,0.99,78.9,-598435.2,300821.8,0.9948,0.097,551.6,-0.09709,-74.55781,1.0,0,-1.0,-1.0,-1.0,-1.0,-1.0,0.0,0.0,0.0,0.0
1791654789.79,3219814.3,212.8,85.5,13.0,0.0,175.0,0.0,89.97,0.36,0.0,230.89,0.0,1212.461252,100048.0,0.99,78.9,-598435.2,300821.8,0.9948,0.097,551.6,-0.09709,-74.55781,1.0,0,-1.0,-1.0,-1.0,-1.0,-1.0,0.0,0.0,0.0,0.0
1791654790.29,3219814.4,213.3,85.5,13.0,0.0,175.0,0.0,89.97,0.36,0.0,230.89,0.0,1212.461252,100048.0,0.99,78.9,-598435.2,300821.8,0.9948,0.097,551.6,-0.09709,-74.55781,1.0,0,-1.0,-1.0,-1.0,-1.0,-1.0,0.0,0.0,0.0,0.0
1791654790.79,3219814.4,213.8,85.5,13.0,0.0,175.0,0.0,89.97,0.36,0.0,230.89,0.0,1212.461252,100048.0,0.99,78.9,-598435.2,300821.8,0.9948,0.097,551.6,-0.09709,-74.55781,1.0,0,-1.0,-1.0,-1.0,-1.0,-1.0,0.0,0.0,0.0,0.0
1791654791.29,3219814.4,214.3,85.5,13.0,0.0,175.0,0.0,89.97,0.36,0.0,230.89,0.0,1212.461252,100048.0,0.99,78.9,-598435.2,300821.8,0.9948,0.097,551.6,-0.09709,-74.55781,1.0,0,-1.0,-1.0,-1.0,-1.0,-1.0,0.0,0.0,0.0,0.0
1791654791.8,3219814.4,214.8,85.5,13.0,0.0,175.0,0.0,89.97,0.36,0.0,230.89,0.0,1212.461252,100048.0,0.99,78.9,-598435.2,300821.8,0.9948,0.097,551.6,-0.09709,-74.55781,1.0,0,-1.0,-1.0,-1.0,-1.0,-1.0,0.0,0.0,0.0,0.0
1791654792.3,3219814.4,215.3,85.5,13.0,0.0,175.0,0.0,89.97,0.36,0.0,230.89,0.0,1212.461252,100048.0,0.99,78.9,-598435.2,300821.8,0.9948,0.097,551.6,-0.09709,-74.55781,1.0,0,-1.0,-1.0,-1.0,-1.0,-1.0,0.0,0.0,0.0,0.0
1791654792.8,3219814.4,215.8,85.5,13.0,0.0,175.0,0.0,89.97,0.36,0.0,230.89,0.0,1212.461252,100048.0,0.99,78.9,-598435.2,300821.8,0.9948,0.097,551.6,-0.09709,-74.55781,1.0,0,-1.0,-1.0,-1.0,-1.0,-1.0,0.0,0.0,0.0,0.0
1791654793.3,3219814.5,216.3,85.5,13.0,0.0,175.0,0.0,89.97,0.36,0.0,230.89,0.0,1212.461252,100048.0,0.99,78.9,-598435.2,300821.8,0.9948,0.097,551.6,-0.09709,-74.55781,1.0,0,-1.0,-1.0,-1.0,-1.0,-1.0,0.0,0.0,0.0,0.0
1791654793.8,3219814.5,216.8,85.5,13.0,0.0,175.0,0.0,89.97,0.36,0.0,230.89,0.0,1212.461252,100048.0,0.99,78.9,-598435.2,300821.8,0.9948,0.097,551.6,-0.09709,-74.55781,1.0,0,-1.0,-1.0,-1.0,-1.0,-1.0,0.0,0.0,0.0,0.0
1791654794.31,3219814.5,217.3,85.5,13.0,0.0,175.0,0.0,89.97,0.36,0.0,230.89,0.0,1212.461252,100048.0,0.99,78.9,-598435.2,300821.8,0.9948,0.097,551.6,-0.09709,-74.55781,1.0,0,-1.0,-1.0,-1.0,-1.0,-1.0,0.0,0.0,0.0,0.0
1791654794.81,3219814.5,217.8,85.5,13.0,0.0,175.0,0.0,89.97,0.36,0.0,230.89,0.0,1212.461252,100048.0,0.99,78.9,-598435.2,300821.8,0.9948,0.097,551.6,-0.09709,-74.55781,1.0,0,-1.0,-1.0,-1.0,-1.0,-1.0,0.0,0.0,0.0,0.0
1791654795.31,3219814.6,218.3,85.5,13.0,0.0,175.0,0.0,89.97,0.36,0.0,230.89,0.0,1212.461252,100048.0,0.99,78.9,-598435.2,300821.8,0.9948,0.097,551.6,-0.09709,-74.55781,1.0,0,-1.0,-1.0,-1.0,-1.0,-1.0,0.0,0.0,0.0,0.0
1791654795.82,3219814.6,218.9,85.5,13.0,0.0,175.0,0.0,89.97,0.36,0.0,230.89,0.0,1212.461252,100048.0,0.99,78.9,-598435.2,300821.8,0.9948,0.097,551.6,-0.09709,-74.55781,1.0,0,-1.0,-1.0,-1.0,-1.0,-1.0,0.0,0.0,0.0,0.0
1791654796.32,3219814.6,219.4,85.5,13.0,0.0,175.0,0.0,89.97,0.36,0.0,230.89,0.0,1212.461252,100048.0,0.99,78.9,-598435.2,300821.8,0.9948,0.097,551.6,-0.09709,-74.55781,1.0,0,-1.0,-1.0,-1.0,-1.0,-1.0,0.0,0.0,0.0,0.0
1791654796.82,3219814.6,219.9,85.5,13.0,0.0,175.0,0.0,89.97,0.36,0.0,230.89,0.0,1212.461252,100048.0,0.99,78.9,-598435.2,300821.8,0.9948,0.097,551.6,-0.09709,-74.55781,1.0,0,-1.0,-1.0,-1.0,-1.0,-1.0,0.0,0.0,0.0,0.0
1791654797.32,3219814.6,220.4,85.5,13.0,0.0,175.0,0.0,89.97,0.36,0.0,230.89,0.0,1212.461252,100048.0,0.99,78.9,-598435.2,300821.8,0.9948,0.097,551.6,-0.09709,-74.55781,1.0,0,-1.0,-1.0,-1.0,-1.0,-1.0,0.0,0.0,0.0,0.0
1791654797.82,3219814.6,220.9,85.5,13.0,0.0,175.0,0.0,89.97,0.36,0.0,230.89,0.0,1212.461252,100048.0,0.99,78.9,-598435.2,300821.8,0.9948,0.097,551.6,-0.09709,-74.55781,1.0,0,-1.0,-1.0,-1.0,-1.0,-1.0,0.0,0.0,0.0,0.0
1791654798.33,3219814.7,221.4,85.5,13.0,0.0,175.0,0.0,89.97,0.36,0.0,230.89,0.0,1212.461252,100048.0,0.99,78.9,-598435.2,300821.8,0.9948,0.097,551.6,-0.09709,-74.55781,1.0,0,-1.0,-1.0,-1.0,-1.0,-1.0,0.0,0.0,0.0,0.0
1791654798.83,3219814.7,221.9,85.5,13.0,0.0,175.0,0.0,89.97,0.36,0.0,230.89,0.0,1212.461252,100048.0,0.99,78.9,-598435.2,300821.8,0.9948,0.097,551.6,-0.09709,-74.55781,1.0,0,-1.0,-1.0,-1.0,-1.0,-1.0,0.0,0.0,0.0,0.0
1791654799.33,3219814.7,222.4,85.5,13.0,0.0,175.0,0.0,89.97,0.36,0.0,230.89,0.0,1212.461252,100048.0,0.99,78.9,-598435.2,300821.8,0.9948,0.097,551.6,-0.09709,-74.55781,1.0,0,-1.0,-1.0,-1.0,-1.0,-1.0,0.0,0.0,0.0,0.0
1791654799.83,3219814.7,222.9,85.5,13.0,0.0,175.0,0.0,89.97,0.36,0.0,230.89,0.0,1212.461252,100048.0,0.99,78.9,-598435.2,300821.8,0.9948,0.097,551.6,-0.09709,-74.55781,1.0,0,-1.0,-1.0,-1.0,-1.0,-1.0,0.0,0.0,0.0,0.0
1791654800.33,3219814.8,223.4,85.5,13.0,0.0,175.0,0.0,89.97,0.36,0.0,230.89,0.0,1212.461252,100048.0,0.99,78.9,-598435.2,300821.8,0.9948,0.097,551.6,-0.09709,-74.55781,1.0,0,-1.0,-1.0,-1.0,-1.0,-1.0,0.0,0.0,0.0,0.0
1791654800.84,3219814.8,223.9,85.5,13.0,0.0,175.0,0.0,89.97,0.36,0.0,230.89,0.0,1212.461252,100048.0,0.99,78.9,-598435.2,300821.8,0.9948,0.097,551.6,-0.09709,-74.55781,1.0,0,-1.0,-1.0,-1.0,-1.0,-1.0,0.0,0.0,0.0,0.0
1791654801.34,3219814.8,224.4,85.5,13.0,0.0,175.0,0.0,89.97,0.36,0.0,230.89,0.0,1212.461252,100048.0,0.99,78.9,-598435.2,300821.8,0.9948,0.097,551.6,-0.09709,-74.55781,1.0,0,-1.0,-1.0,-1.0,-1.0,-1.0,0.0,0.0,0.0,0.0
1791654801.84,3219814.8,224.9,85.5,13.0,0.0,175.0,0.0,89.97,0.36,0.0,230.89,0.0,1212.461252,100048.0,0.99,78.9,-598435.2,300821.8,0.9948,0.097,551.6,-0.09709,-74.55781,1.0,0,-1.0,-1.0,-1.0,-1.0,-1.0,0.0,0.0,0.0,0.0
1791654802.34,3219814.8,225.4,85.5,13.0,0.0,175.0,0.0,89.97,0.36,0.0,230.89,0.0,1212.461252,100048.0,0.99,78.9,-598435.2,300821.8,0.9948,0.097,551.6,-0.09709,-74.55781,1.0,0,-1.0,-1.0,-1.0,-1.0,-1.0,0.0,0.0,0.0,0.0
1791654802.84,3219814.8,225.9,85.5,13.0,0.0,175.0,0.0,89.97,0.36,0.0,230.89,0.0,1212.461252,100048.0,0.99,78.9,-598435.2,300821.8,0.9948,0.097,551.6,-0.09709,-74.55781,1.0,0,-1.0,-1.0,-1.0,-1.0,-1.0,0.0,0.0,0.0,0.0
1791654803.35,3219814.9,226.4,85.5,13.0,0.0,175.0,0.0,89.96,0.36,0.0,230.89,0.0,1212.461252,100048.0,0.99,78.9,-598435.2,300821.8,0.9948,0.097,551.6,-0.09709,-74.55781,1.0,0,-1.0,-1.0,-1.0,-1.0,-1.0,0.0,0.0,0.0,0.0
1791654803.85,3219814.9,226.9,85.5,13.0,0.0,175.0,0.0,89.96,0.36,0.0,230.89,0.0,1212.461252,100048.0,0.99,78.9,-598435.2,300821.8,0.9948,0.097,551.6,-0.09709,-74.55781,1.0,0,-1.0,-1.0,-1.0,-1.0,-1.0,0.0,0.0,0.0,0.0
1791654804.35,3219814.9,227.4,85.5,13.0,0.0,175.0,0.0,89.96,0.36,0.0,230.88,0.0,1212.461252,100048.0,0.99,78.9,-598435.2,300821.8,0.9948,0.097,551.6,-0.09709,-74.55781,1.0,0,-1.0,-1.0,-1.0,-1.0,-1.0,0.0,0.0,0.0,0.0
1791654804.85,3219814.9,227.9,85.5,13.0,0.0,175.0,0.0,89.96,0.36,0.0,230.88,0.0,1212.461252,100048.0,0.99,78.9,-598435.2,300821.8,0.9948,0.097,551.6,-0.09709,-74.55781,1.0,0,-1.0,-1.0,-1.0,-1.0,-1.0,0.0,0.0,0.0,0.0
1791654805.35,3219815.0,228.4,85.5,13.0,0.0,175.0,0.0,89.97,0.36,0.0,230.88,0.0,1212.461252,100048.0,0.99,78.9,-598435.2,300821.8,0.9948,0.097,551.6,-0.09709,-74.55781,1.0,0,-1.0,-1.0,-1.0,-1.0,-1.0,0.0,0.0,0.0,0.0
1791654805.86,3219815.0,228.9,85.5,13.0,0.0,175.0,0.0,89.97,0.36,0.0,230.88,0.0,1212.461252,100048.0,0.99,78.9,-598435.2,300821.8,0.9948,0.097,551.6,-0.09709,-74.55781,1.0,0,-1.0,-1.0,-1.0,-1.0,-1.0,0.0,0.0,0.0,0.0
1791654806.36,3219815.0,229.4,85.5,13.0,0.0,175.0,0.0,89.97,0.36,0.0,230.88,0.0,1212.461252,100048.0,0.99,78.9,-598435.2,300821.8,0.9948,0.097,551.6,-0.09709,-74.55781,1.0,0,-1.0,-1.0,-1.0,-1.0,-1.0,0.0,0.0,0.0,0.0
1791654806.86,3219815.0,229.9,85.5,13.0,0.0,175.0,0.0,89.97,0.36,0.0,230.88,0.0,1212.461252,100048.0,0.99,78.9,-598435.2,300821.8,0.9948,0.097,551.6,-0.09709,-74.55781,1.0,0,-1.0,-1.0,-1.0,-1.0,-1.0,0.0,0.0,0.0,0.0
1791654807.36,3219815.0,230.4,85.5,13.0,0.0,175.0,0.0,89.96,0.36,0.0,230.88,0.0,1212.461252,100048.0,0.99,78.9,-598435.2,300821.8,0.9948,0.097,551.6,-0.09709,-74.55781,1.0,0,-1.0,-1.0,-1.0,-1.0,-1.0,0.0,0.0,0.0,0.0
1791654807.86,3219815.0,230.9,85.5,13.0,0.0,175.0,0.0,89.96,0.36,0.0,230.88,0.0,1212.461252,100048.0,0.99,78.9,-598435.2,300821.8,0.9948,0.097,551.6,-0.09709,-74.55781,1.0,0,-1.0,-1.0,-1.0,-1.0,-1.0,0.0,0.0,0.0,0.0
1791654808.36,3219815.1,231.4,85.5,13.0,0.0,175.0,0.0,89.96,0.36,0.0,230.88,0.0,1212.461252,100048.0,0.99,78.9,-598435.2,300821.8,0.9948,0.097,551.6,-0.09709,-74.55781,1.0,0,-1.0,-1.0,-1.0,-1.0,-1.0,0.0,0.0,0.0,0.0
1791654808.87,3219815.1,231.9,85.5,13.0,0.0,175.0,0.0,89.96,0.36,0.0,230.88,0.0,1212.461252,100048.0,0.99,78.9,-598435.2,300821.8,0.9948,0.097,551.6,-0.09709,-74.55781,1.0,0,-1.0,-1.0,-1.0,-1.0,-1.0,0.0,0.0,0.0,0.0
1791654809.37,3219815.1,232.4,85.5,13.0,0.0,175.0,0.0,89.97,0.36,0.0,230.88,0.0,1212.461252,100048.0,0.99,78.9,-598435.2,300821.8,0.9948,0.097,551.6,-0.09709,-74.55781,1.0,0,-1.0,-1.0,-1.0,-1.0,-1.0,0.0,0.0,0.0,0.0
1791654809.87,3219815.1,232.9,85.5,13.0,0.0,175.0,0.0,89.97,0.36,0.0,230.88,0.0,1212.461252,100048.0,0.99,78.9,-598435.2,300821.8,0.9948,0.097,551.6,-0.09709,-74.55781,1.0,0,-1.0,-1.0,-1.0,-1.0,-1.0,0.0,0.0,0.0,0.0
1791654810.37,3219815.2,233.4,85.5,13.0,0.0,175.0,0.0,89.97,0.36,0.0,230.88,0.0,1212.461252,100048.0,0.99,78.9,-598435.2,300821.8,0.9948,0.097,551.6,-0.09709,-74.55781,1.0,0,-1.0,-1.0,-1.0,-1.0,-1.0,0.0,0.0,0.0,0.0
1791654810.87,3219815.2,233.9,85.5,13.0,0.0,175.0,0.0,89.97,0.36,0.0,230.88,0.0,1212.461252,100048.0,0.99,78.9,-598435.2,300821.8,0.9948,0.097,551.6,-0.09709,-74.55781,1.0,0,-1.0,-1.0,-1.0,-1.0,-1.0,0.0,0.0,0.0,0.0
1791654811.37,3219815.6,234.4,85.5,13.0,0.0,175.0,0.0,89.96,0.36,0.0,230.87,0.0,1212.461252,100048.0,0.99,78.9,-598435.2,300821.8,0.9948,0.097,551.6,-0.09709,-74.55781,1.0,0,-1.0,-1.0,-1.0,-1.0,-1.0,0.0,0.0,0.0,0.0
1791654811.88,3219816.1,234.9,85.5,13.0,0.0,175.0,0.0,89.97,0.36,0.0,230.86,0.0,1212.461252,100048.0,0.99,78.9,-598435.2,300821.8,0.9948,0.097,551.6,-0.09709,-74.55781,1.0,0,-1.0,-1.0,-1.0,-1.0,-1.0,0.0,0.0,0.0,0.0
1791654812.38,3219816.6,235.4,85.5,13.0,0.0,175.0,0.0,89.96,0.36,0.0,230.86,0.0,1212.461252,100048.0,0.99,78.9,-598435.2,300821.8,0.9948,0.097,551.6,-0.09709,-74.55781,1.0,0,-1.0,-1.0,-1.0,-1.0,-1.0,0.0,0.0,0.0,0.0
1791654812.88,3219817.1,235.9,85.5,13.0,0.0,175.0,0.0,89.96,0.36,0.0,230.85,0.0,1212.461252,100048.0,0.99,78.9,-598435.2,300821.8,0.9948,0.097,551.6,-0.09709,-74.55781,1.0,0,-1.0,-1.0,-1.0,-1.0,-1.0,0.0,0.0,0.0,0.0
1791654813.38,3219817.6,236.4,85.5,13.0,0.0,175.0,0.0,89.95,0.36,0.0,230.84,0.0,1212.461252,100048.0,0.99,78.9,-598435.2,300821.8,0.9948,0.097,551.6,-0.09709,-74.55781,1.0,0,-1.0,-1.0,-1.0,-1.0,-1.0,0.0,0.0,0.0,0.0
1791654813.88,3219818.1,236.9,85.5,13.0,0.0,175.0,0.0,89.96,0.36,0.0,230.83,0.0,1212.461252,100048.0,0.99,78.9,-598435.2,300821.8,0.9948,0.097,551.6,-0.09709,-74.55781,1.0,0,-1.0,-1.0,-1.0,-1.0,-1.0,0.0,0.0,0.0,0.0
1791654814.38,3219818.6,237.4,85.5,13.0,0.0,175.0,0.0,89.97,0.36,0.0,230.82,0.0,1212.461252,100048.0,0.99,78.9,-598435.2,300821.8,0.9948,0.097,551.6,-0.09709,-74.55781,1.0,0,-1.0,-1.0,-1.0,-1.0,-1.0,0.0,0.0,0.0,0.0
1791654814.89,3219819.1,237.9,85.5,13.0,0.0,175.0,0.0,89.95,0.36,0.0,230.81,0.0,1212.461252,100048.0,0.99,78.9,-598435.2,300821.8,0.9948,0.097,551.6,-0.09709,-74.55781,1.0,0,-1.0,-1.0,-1.0,-1.0,-1.0,0.0,0.0,0.0,0.0
1791654815.39,3219819.6,238.4,85.5,13.0,0.0,175.0,0.0,89.97,0.36,0.0,230.81,0.0,1212.461252,100048.0,0.99,78.9,-598435.2,300821.8,0.9948,0.097,551.6,-0.09709,-74.55781,1.0,0,-1.0,-1.0,-1.0,-1.0,-1.0,0.0,0.0,0.0,0.0
1791654815.89,3219820.1,238.9,85.5,13.0,0.0,175.0,0.0,89.96,0.36,0.0,230.8,0.0,1212.461252,100048.0,0.99,78.9,-598435.2,300821.8,0.9948,0.097,551.6,-0.09709,-74.55781,1.0,0,-1.0,-1.0,-1.0,-1.0,-1.0,0.0,0.0,0.0,0.0
1791654816.4,3219820.6,239.4,85.5,13.0,0.0,175.0,0.0,89.97,0.36,0.0,230.79,0.0,1212.461252,100048.0,0.99,78.9,-598435.2,300821.8,0.9948,0.097,551.6,-0.09709,-74.55781,1.0,0,-1.0,-1.0,-1.0,-1.0,-1.0,0.0,0.0,0.0,0.0
1791654816.9,3219821.1,239.9,85.5,13.0,0.0,175.0,0.0,89.95,0.36,0.0,230.78,0.0,1212.461252,100048.0,0.99,78.9,-598435.2,300821.8,0.9948,0.097,551.6,-0.09709,-74.55781,1.0,0,-1.0,-1.0,-1.0,-1.0,-1.0,0.0,0.0,0.0,0.0
1791654817.4,3219821.6,240.4,85.5,13.0,0.0,175.0,0.0,89.96,0.36,0.0,230.77,0.0,1212.461252,100048.0,0.99,78.9,-598435.2,300821.8,0.9948,0.097,551.6,-0.09709,-74.55781,1.0,0,-1.0,-1.0,-1.0,-1.0,-1.0,0.0,0.0,0.0,0.0
1791654817.9,3219822.1,240.9,85.5,13.0,0.0,175.0,0.0,89.95,0.36,0.0,230.76,0.0,1212.461252,100048.0,0.99,78.9,-598435.2,300821.8,0.9948,0.097,551.6,-0.09709,-74.55781,1.0,0,-1.0,-1.0,-1.0,-1.0,-1.0,0.0,0.0,0.0,0.0
1791654818.4,3219822.6,241.4,85.5,13.0,0.0,175.0,0.0,89.95,0.36,0.0,230.76,0.0,1212.461252,100048.0,0.99,78.9,-598435.2,300821.8,0.9948,0.097,551.6,-0.09709,-74.55781,1.0,0,-1.0,-1.0,-1.0,-1.0,-1.0,0.0,0.0,0.0,0.0
1791654818.9,3219823.1,241.9,85.5,13.0,0.0,175.0,0.0,89.96,0.36,0.0,230.75,0.0,1212.461252,100048.0,0.99,78.9,-598435.2,300821.8,0.9948,0.097,551.6,-0.09709,-74.55781,1.0,0,-1.0,-1.0,-1.0,-1.0,-1.0,0.0,0.0,0.0,0.0
1791654819.41,3219823.6,242.4,85.5,13.0,0.0,175.0,0.0,89.95,0.36,0.0,230.74,0.0,1212.461252,100048.0,0.99,78.9,-598435.2,300821.8,0.9948,0.097,551.6,-0.09709,-74.55781,1.0,0,-1.0,-1.0,-1.0,-1.0,-1.0,0.0,0.0,0.0,0.0
1791654819.91,3219824.1,242.9,85.5,13.0,0.0,175.0,0.0,89.97,0.36,0.0,230.73,0.0,1212.461252,100048.0,0.99,78.9,-598435.2,300821.8,0.9948,0.097,551.6,-0.09709,-74.55781,1.0,0,-1.0,-1.0,-1.0,-1.0,-1.0,0.0,0.0,0.0,0.0
1791654820.41,3219824.6,243.4,85.5,13.0,0.0,175.0,0.0,89.95,0.36,0.0,230.72,0.0,1212.461252,100048.0,0.99,78.9,-598435.2,300821.8,0.9948,0.097,551.6,-0.09709,-74.55781,1.0,0,-1.0,-1.0,-1.0,-1.0,-1.0,0.0,0.0,0.0,0.0
1791654820.91,3219825.0,243.9,85.5,13.0,0.0,175.0,0.0,89.97,0.36,0.0,230.72,0.0,1212.461252,100048.0,0.99,78.9,-598435.2,300821.8,0.9948,0.097,551.6,-0.09709,-74.55781,1.0,0,-1.0,-1.0,-1.0,-1.0,-1.0,0.0,0.0,0.0,0.0
1791654821.41,3219825.5,244.4,85.5,13.0,0.0,175.0,0.0,89.95,0.36,0.0,230.71,0.0,1212.461252,100048.0,0.99,78.9,-598435.2,300821.8,0.9948,0.097,551.6,-0.09709,-74.55781,1.0,0,-1.0,-1.0,-1.0,-1.0,-1.0,0.0,0.0,0.0,0.0
1791654821.92,3219825.9,245.0,85.5,13.0,0.0,175.0,0.0,89.95,0.36,0.0,230.7,0.0,1212.461252,100048.0,0.99,78.9,-598435.2,300821.8,0.9948,0.097,551.6,-0.09709,-74.55781,1.0,0,-1.0,-1.0,-1.0,-1.0,-1.0,0.0,0.0,0.0,0.0
1791654822.42,3219826.4,245.5,85.5,13.0,0.0,175.0,0.0,89.95,0.36,0.0,230.69,0.0,1212.461252,100048.0,0.99,78.9,-598435.2,300821.8,0.9948,0.097,551.6,-0.09709,-74.55781,1.0,0,-1.0,-1.0,-1.0,-1.0,-1.0,0.0,0.0,0.0,0.0
1791654822.92,3219826.9,246.0,85.5,13.0,0.0,175.0,0.0,89.95,0.36,0.0,230.68,0.0,1212.461252,100048.0,0.99,78.9,-598435.2,300821.8,0.9948,0.097,551.6,-0.09709,-74.55781,1.0,0,-1.0,-1.0,-1.0,-1.0,-1.0,0.0,0.0,0.0,0.0
1791654823.43,3219827.4,246.5,85.5,13.0,0.0,175.0,0.0,89.95,0.36,0.0,230.68,0.0,1212.461252,100048.0,0.99,78.9,-598435.2,300821.8,0.9948,0.097,551.6,-0.09709,-74.55781,1.0,0,-1.0,-1.0,-1.0,-1.0,-1.0,0.0,0.0,0.0,0.0
1791654823.93,3219827.9,247.0,85.5,13.0,0.0,175.0,0.0,89.95,0.36,0.0,230.67,0.0,1212.461252,100048.0,0.99,78.9,-598435.2,300821.8,0.9948,0.097,551.6,-0.09709,-74.55781,1.0,0,-1.0,-1.0,-1.0,-1.0,-1.0,0.0,0.0,0.0,0.0
1791654824.43,3219828.4,247.5,85.5,13.0,0.0,175.0,0.0,89.97,0.36,0.0,230.66,0.0,1212.461252,100048.0,0.99,78.9,-598435.2,300821.8,0.9948,0.097,551.6,-0.09709,-74.55781,1.0,0,-1.0,-1.0,-1.0,-1.0,-1.0,0.0,0.0,0.0,0.0
1791654824.93,3219828.9,248.0,85.5,13.0,0.0,175.0,0.0,89.95,0.36,0.0,230.65,0.0,1212.461252,100048.0,0.99,78.9,-598435.2,300821.8,0.9948,0.097,551.6,-0.09709,-74.55781,1.0,0,-1.0,-1.0,-1.0,-1.0,-1.0,0.0,0.0,0.0,0.0
1791654825.44,3219829.4,248.5,85.5,13.0,0.0,175.0,0.0,89.95,0.36,0.0,230.64,0.0,1212.461252,100048.0,0.99,78.9,-598435.2,300821.8,0.9948,0.097,551.6,-0.09709,-74.55781,1.0,0,-1.0,-1.0,-1.0,-1.0,-1.0,0.0,0.0,0.0,0.0
1791654825.94,3219829.9,249.0,85.5,13.0,0.0,175.0,0.0,89.97,0.36,0.0,230.63,0.0,1212.461252,100048.0,0.99,78.9,-598435.2,300821.8,0.9948,0.097,551.6,-0.09709,-74.55781,1.0,0,-1.0,-1.0,-1.0,-1.0,-1.0,0.0,0.0,0.0,0.0
1791654826.44,3219830.4,249.5,85.5,13.0,0.0,175.0,0.0,89.95,0.36,0.0,230.63,0.0,1212.461252,100048.0,0.99,78.9,-598435.2,300821.8,0.9948,0.097,551.6,-0.09709,-74.55781,1.0,0,-1.0,-1.0,-1.0,-1.0,-1.0,0.0,0.0,0.0,0.0
1791654826.94,3219830.9,250.0,85.5,13.0,0.0,175.0,0.0,89.97,0.36,0.0,230.62,0.0,1212.461252,100048.0,0.99,78.9,-598435.2,300821.8,0.9948,0.097,551.6,-0.09709,-74.55781,1.0,0,-1.0,-1.0,-1.0,-1.0,-1.0,0.0,0.0,0.0,0.0
1791654827.45,3219831.4,250.5,85.5,13.0,0.0,175.0,0.0,89.96,0.36,0.0,230.61,0.0,1212.461252,100048.0,0.99,78.9,-598435.2,300821.8,0.9948,0.097,551.6,-0.09709,-74.55781,1.0,0,-1.0,-1.0,-1.0,-1.0,-1.0,0.0,0.0,0.0,0.0
1791654827.95,3219831.9,251.0,85.5,13.0,0.0,175.0,0.0,89.96,0.36,0.0,230.6,0.0,1212.461252,100048.0,0.99,78.9,-598435.2,300821.8,0.9948,0.097,551.6,-0.09709,-74.55781,1.0,0,-1.0,-1.0,-1.0,-1.0,-1.0,0.0,0.0,0.0,0.0
1791654828.45,3219832.4,251.5,85.5,13.0,0.0,175.0,0.0,89.95,0.36,0.0,230.59,0.0,1212.461252,100048.0,0.99,78.9,-598435.2,300821.8,0.9948,0.097,551.6,-0.09709,-74.55781,1.0,0,-1.0,-1.0,-1.0,-1.0,-1.0,0.0,0.0,0.0,0.0
1791654828.95,3219832.9,252.0,85.5,13.0,0.0,175.0,0.0,89.95,0.36,0.0,230.58,0.0,1212.461252,100048.0,0.99,78.9,-598435.2,300821.8,0.9948,0.097,551.6,-0.09709,-74.55781,1.0,0,-1.0,-1.0,-1.0,-1.0,-1.0,0.0,0.0,0.0,0.0
1791654829.45,3219833.4,252.5,85.5,13.0,0.0,175.0,0.0,89.95,0.36,0.0,230.58,0.0,1212.461252,100048.0,0.99,78.9,-598435.2,300821.8,0.9948,0.097,551.6,-0.09709,-74.55781,1.0,0,-1.0,-1.0,-1.0,-1.0,-1.0,0.0,0.0,0.0,0.0
1791654829.95,3219833.9,253.0,85.5,13.0,0.0,175.0,0.0,89.96,0.36,0.0,230.57,0.0,1212.461252,100048.0,0.99,78.9,-598435.2,300821.8,0.9948,0.097,551.6,-0.09709,-74.55781,1.0,0,-1.0,-1.0,-1.0,-1.0,-1.0,0.0,0.0,0.0,0.0
1791654830.47,3219834.4,253.5,85.5,13.0,0.0,175.0,0.0,89.96,0.36,0.0,230.56,0.0,1212.461252,100048.0,0.99,78.9,-598435.2,300821.8,0.9948,0.097,551.6,-0.09709,-74.55781,1.0,0,-1.0,-1.0,-1.0,-1.0,-1.0,0.0,0.0,0.0,0.0
1791654830.97,3219834.9,254.0,85.5,13.0,0.0,175.0,0.0,89.95,0.36,0.0,230.55,0.0,1212.461252,100048.0,0.99,78.9,-598435.2,300821.8,0.9948,0.097,551.6,-0.09709,-74.55781,1.0,0,-1.0,-1.0,-1.0,-1.0,-1.0,0.0,0.0,0.0,0.0
1791654831.47,3219835.4,254.5,85.5,13.0,0.0,175.0,0.0,89.96,0.36,0.0,230.54,0.0,1212.461252,100048.0,0.99,78.9,-598435.2,300821.8,0.9948,0.097,551.6,-0.09709,-74.55781,1.0,0,-1.0,-1.0,-1.0,-1.0,-1.0,0.0,0.0,0.0,0.0
1791654831.97,3219835.9,255.0,85.5,13.0,0.0,175.0,0.0,89.97,0.36,0.0,230.54,0.0,1212.461252,100048.0,0.99,78.9,-598435.2,300821.8,0.9948,0.097,551.6,-0.09709,-74.55781,1.0,0,-1.0,-1.0,-1.0,-1.0,-1.0,0.0,0.0,0.0,0.0
1791654832.47,3219836.4,255.5,85.5,13.0,0.0,175.0,0.0,89.95,0.36,0.0,230.53,0.0,1212.461252,100048.0,0.99,78.9,-598435.2,300821.8,0.9948,0.097,551.6,-0.09709,-74.55781,1.0,0,-1.0,-1.0,-1.0,-1.0,-1.0,0.0,0.0,0.0,0.0
1791654832.97,3219836.9,256.0,85.5,13.0,0.0,175.0,0.0,89.97,0.36,0.0,230.52,0.0,1212.461252,100048.0,0.99,78.9,-598435.2,300821.8,0.9948,0.097,551.6,-0.09709,-74.55781,1.0,0,-1.0,-1.0,-1.0,-1.0,-1.0,0.0,0.0,0.0,0.0
1791654833.48,3219837.4,256.5,85.5,13.0,0.0,175.0,0.0,89.95,0.36,0.0,230.51,0.0,1212.461252,100048.0,0.99,78.9,-598435.2,300821.8,0.9948,0.097,551.6,-0.09709,-74.55781,1.0,0,-1.0,-1.0,-1.0,-1.0,-1.0,0.0,0.0,0.0,0.0
1791654833.98,3219837.9,257.0,85.5,13.0,0.0,175.0,0.0,89.95,0.36,0.0,230.5,0.0,1212.461252,100048.0,0.99,78.9,-598435.2,300821.8,0.9948,0.097,551.6,-0.09709,-74.55781,1.0,0,-1.0,-1.0,-1.0,-1.0,-1.0,0.0,0.0,0.0,0.0
1791654834.48,3219838.4,257.5,85.5,13.0,0.0,175.0,0.0,89.95,0.36,0.0,230.49,0.0,1212.461252,100048.0,0.99,78.9,-598435.2,300821.8,0.9948,0.097,551.6,-0.09709,-74.55781,1.0,0,-1.0,-1.0,-1.0,-1.0,-1.0,0.0,0.0,0.0,0.0
1791654834.98,3219838.9,258.0,85.5,13.0,0.0,175.0,0.0,89.95,0.36,0.0,230.48,0.0,1212.461252,100048.0,0.99,78.9,-598435.2,300821.8,0.9948,0.097,551.6,-0.09709,-74.55781,1.0,0,-1.0,-1.0,-1.0,-1.0,-1.0,0.0,0.0,0.0,0.0
1791654835.48,3219839.4,258.5,85.5,13.0,0.0,175.0,0.0,89.95,0.36,0.0,230.48,0.0,1212.461252,100048.0,0.99,78.9,-598435.2,300821.8,0.9948,0.097,551.6,-0.09709,-74.55781,1.0,0,-1.0,-1.0,-1.0,-1.0,-1.0,0.0,0.0,0.0,0.0
1791654835.99,3219839.9,259.0,85.5,13.0,0.0,175.0,0.0,89.97,0.36,0.0,230.47,0.0,1212.461252,100048.0,0.99,78.9,-598435.2,300821.8,0.9948,0.097,551.6,-0.09709,-74.55781,1.0,0,-1.0,-1.0,-1.0,-1.0,-1.0,0.0,0.0,0.0,0.0
1791654836.49,3219840.4,259.5,85.5,13.0,0.0,175.0,0.0,89.95,0.36,0.0,230.46,0.0,1212.461252,100048.0,0.99,78.9,-598435.2,300821.8,0.9948,0.097,551.6,-0.09709,-74.55781,1.0,0,-1.0,-1.0,-1.0,-1.0,-1.0,0.0,0.0,0.0,0.0
1791654836.99,3219840.9,260.0,85.5,13.0,0.0,175.0,0.0,89.95,0.36,0.0,230.45,0.0,1212.461252,100048.0,0.99,78.9,-598435.2,300821.8,0.9948,0.097,551.6,-0.09709,-74.55781,1.0,0,-1.0,-1.0,-1.0,-1.0,-1.0,0.0,0.0,0.0,0.0
1791654837.49,3219841.4,260.5,85.5,13.0,0.0,175.0,0.0,89.95,0.36,0.0,230.44,0.0,1212.461252,100048.0,0.99,78.9,-598435.2,300821.8,0.9948,0.097,551.6,-0.09709,-74.55781,1.0,0,-1.0,-1.0,-1.0,-1.0,-1.0,0.0,0.0,0.0,0.0
1791654838.0,3219841.9,261.0,85.5,13.0,0.0,175.0,0.0,89.96,0.36,0.0,230.43,0.0,1212.461252,100048.0,0.99,78.9,-598435.2,300821.8,0.9948,0.097,551.6,-0.09709,-74.55781,1.0,0,-1.0,-1.0,-1.0,-1.0,-1.0,0.0,0.0,0.0,0.0
1791654838.5,3219842.4,261.5,85.5,13.0,0.0,175.0,0.0,89.95,0.36,0.0,230.43,0.0,1212.461252,100048.0,0.99,78.9,-598435.2,300821.8,0.9948,0.097,551.6,-0.09709,-74.55781,1.0,0,-1.0,-1.0,-1.0,-1.0,-1.0,0.0,0.0,0.0,0.0
1791654839.0,3219842.9,262.0,85.5,13.0,0.0,175.0,0.0,89.97,0.36,0.0,230.42,0.0,1212.461252,100048.0,0.99,78.9,-598435.2,300821.8,0.9948,0.097,551.6,-0.09709,-74.55781,1.0,0,-1.0,-1.0,-1.0,-1.0,-1.0,0.0,0.0,0.0,0.0
1791654839.5,3219843.4,262.5,85.5,13.0,0.0,175.0,0.0,89.95,0.36,0.0,230.41,0.0,1212.461252,100048.0,0.99,78.9,-598435.2,300821.8,0.9948,0.097,551.6,-0.09709,-74.55781,1.0,0,-1.0,-1.0,-1.0,-1.0,-1.0,0.0,0.0,0.0,0.0
1791654840.01,3219843.8,263.0,85.5,13.0,0.0,175.0,0.0,89.95,0.36,0.0,230.4,0.0,1212.461252,100048.0,0.99,78.9,-598435.2,300821.8,0.9948,0.097,551.6,-0.09709,-74.55781,1.0,0,-1.0,-1.0,-1.0,-1.0,-1.0,0.0,0.0,0.0,0.0
1791654840.51,3219844.4,263.5,85.5,13.0,0.0,175.0,0.0,89.95,0.36,0.0,230.39,0.0,1212.461252,100048.0,0.99,78.9,-598435.2,300821.8,0.9948,0.097,551.6,-0.09709,-74.55781,1.0,0,-1.0,-1.0,-1.0,-1.0,-1.0,0.0,0.0,0.0,0.0
1791654841.01,3219844.8,264.0,85.5,13.0,0.0,175.0,0.0,89.97,0.36,0.0,230.39,0.0,1212.461252,100048.0,0.99,78.9,-598435.2,300821.8,0.9948,0.097,551.6,-0.09709,-74.55781,1.0,0,-1.0,-1.0,-1.0,-1.0,-1.0,0.0,0.0,0.0,0.0
1791654841.51,3219845.3,264.5,85.5,13.0,0.0,175.0,0.0,89.97,0.36,0.0,230.38,0.0,1212.461252,100048.0,0.99,78.9,-598435.2,300821.8,0.9948,0.097,551.6,-0.09709,-74.55781,1.0,0,-1.0,-1.0,-1.0,-1.0,-1.0,0.0,0.0,0.0,0.0
1791654842.02,3219845.8,265.1,85.5,13.0,0.0,175.0,0.0,89.95,0.36,0.0,230.37,0.0,1212.461252,100048.0,0.99,78.9,-598435.2,300821.8,0.9948,0.097,551.6,-0.09709,-74.55781,1.0,0,-1.0,-1.0,-1.0,-1.0,-1.0,0.0,0.0,0.0,0.0
1791654842.52,3219846.3,265.6,85.5,13.0,0.0,175.0,0.0,89.95,0.36,0.0,230.36,0.0,1212.461252,100048.0,0.99,78.9,-598435.2,300821.8,0.9948,0.097,551.6,-0.09709,-74.55781,1.0,0,-1.0,-1.0,-1.0,-1.0,-1.0,0.0,0.0,0.0,0.0
1791654843.02,3219846.8,266.1,85.5,13.0,0.0,175.0,0.0,89.96,0.36,0.0,230.35,0.0,1212.461252,100048.0,0.99,78.9,-598435.2,300821.8,0.9948,0.097,551.6,-0.09709,-74.55781,1.0,0,-1.0,-1.0,-1.0,-1.0,-1.0,0.0,0.0,0.0,0.0
1791654843.52,3219847.3,266.6,85.5,13.0,0.0,175.0,0.0,89.95,0.36,0.0,230.34,0.0,1212.461252,100048.0,0.99,78.9,-598435.2,300821.8,0.9948,0.097,551.6,-0.09709,-74.55781,1.0,0,-1.0,-1.0,-1.0,-1.0,-1.0,0.0,0.0,0.0,0.0
1791654844.02,3219847.8,267.1,85.5,13.0,0.0,175.0,0.0,89.96,0.36,0.0,230.34,0.0,1212.461252,100048.0,0.99,78.9,-598435.2,300821.8,0.9948,0.097,551.6,-0.09709,-74.55781,1.0,0,-1.0,-1.0,-1.0,-1.0,-1.0,0.0,0.0,0.0,0.0
1791654844.53,3219848.3,267.6,85.5,13.0,0.0,175.0,0.0,89.96,0.36,0.0,230.33,0.0,1212.461252,100048.0,0.99,78.9,-598435.2,300821.8,0.9948,0.097,551.6,-0.09709,-74.55781,1.0,0,-1.0,-1.0,-1.0,-1.0,-1.0,0.0,0.0,0.0,0.0
1791654845.03,3219848.8,268.1,85.5,13.0,0.0,175.0,0.0,89.97,0.36,0.0,230.32,0.0,1212.461252,100048.0,0.99,78.9,-598435.2,300821.8,0.9948,0.097,551.6,-0.09709,-74.55781,1.0,0,-1.0,-1.0,-1.0,-1.0,-1.0,0.0,0.0,0.0,0.0
1791654845.53,3219849.3,268.6,85.5,13.0,0.0,175.0,0.0,89.97,0.36,0.0,230.31,0.0,1212.461252,100048.0,0.99,78.9,-598435.2,300821.8,0.9948,0.097,551.6,-0.09709,-74.55781,1.0,0,-1.0,-1.0,-1.0,-1.0,-1.0,0.0,0.0,0.0,0.0
1791654846.04,3219849.8,269.1,85.5,13.0,0.0,175.0,0.0,89.97,0.36,0.0,230.3,0.0,1212.461252,100048.0,0.99,78.9,-598435.2,300821.8,0.9948,0.097,551.6,-0.09709,-74.55781,1.0,0,-1.0,-1.0,-1.0,-1.0,-1.0,0.0,0.0,0.0,0.0
1791654846.54,3219850.3,269.6,85.5,13.0,0.0,175.0,0.0,89.96,0.36,0.0,230.29,0.0,1212.461252,100048.0,0.99,78.9,-598435.2,300821.8,0.9948,0.097,551.6,-0.09709,-74.55781,1.0,0,-1.0,-1.0,-1.0,-1.0,-1.0,0.0,0.0,0.0,0.0
1791654847.04,3219850.9,270.1,85.5,13.0,0.0,175.0,0.0,89.95,0.36,0.0,230.29,0.0,1212.461252,100048.0,0.99,78.9,-598435.2,300821.8,0.9948,0.097,551.6,-0.09709,-74.55781,1.0,0,-1.0,-1.0,-1.0,-1.0,-1.0,0.0,0.0,0.0,0.0
1791654847.55,3219851.4,270.6,85.5,13.0,0.0,175.0,0.0,89.95,0.36,0.0,230.28,0.0,1212.461252,100048.0,0.99,78.9,-598435.2,300821.8,0.9948,0.097,551.6,-0.09709,-74.55781,1.0,0,-1.0,-1.0,-1.0,-1.0,-1.0,0.0,0.0,0.0,0.0
1791654848.05,3219851.8,271.1,85.5,13.0,0.0,175.0,0.0,89.96,0.36,0.0,230.27,0.0,1212.461252,100048.0,0.99,78.9,-598435.2,300821.8,0.9948,0.097,551.6,-0.09709,-74.55781,1.0,0,-1.0,-1.0,-1.0,-1.0,-1.0,0.0,0.0,0.0,0.0
1791654848.55,3219852.3,271.6,85.5,13.0,0.0,175.0,0.0,89.96,0.36,0.0,230.26,0.0,1212.461252,100048.0,0.99,78.9,-598435.2,300821.8,0.9948,0.097,551.6,-0.09709,-74.55781,1.0,0,-1.0,-1.0,-1.0,-1.0,-1.0,0.0,0.0,0.0,0.0
1791654849.05,3219852.8,272.1,85.5,13.0,0.0,175.0,0.0,89.95,0.36,0.0,230.25,0.0,1212.461252,100048.0,0.99,78.9,-598435.2,300821.8,0.9948,0.097,551.6,-0.09709,-74.55781,1.0,0,-1.0,-1.0,-1.0,-1.0,-1.0,0.0,0.0,0.0,0.0
1791654849.55,3219853.3,272.6,85.5,13.0,0.0,175.0,0.0,89.97,0.36,0.0,230.25,0.0,1212.461252,100048.0,0.99,78.9,-598435.2,300821.8,0.9948,0.097,551.6,-0.09709,-74.55781,1.0,0,-1.0,-1.0,-1.0,-1.0,-1.0,0.0,0.0,0.0,0.0
1791654850.05,3219853.8,273.1,85.5,13.0,0.0,175.0,0.0,89.95,0.36,0.0,230.24,0.0,1212.461252,100048.0,0.99,78.9,-598435.2,300821.8,0.9948,0.097,551.6,-0.09709,-74.55781,1.0,0,-1.0,-1.0,-1.0,-1.0,-1.0,0.0,0.0,0.0,0.0
1791654850.56,3219854.3,273.6,85.5,13.0,0.0,175.0,0.0,89.96,0.36,0.0,230.23,0.0,1212.461252,100048.0,0.99,78.9,-598435.2,300821.8,0.9948,0.097,551.6,-0.09709,-74.55781,1.0,0,-1.0,-1.0,-1.0,-1.0,-1.0,0.0,0.0,0.0,0.0
1791654851.06,3219854.7,274.1,85.5,13.0,0.0,175.0,0.0,89.95,0.36,0.0,230.22,0.0,1212.461252,100048.0,0.99,78.9,-598435.2,300821.8,0.9948,0.097,551.6,-0.09709,-74.55781,1.0,0,-1.0,-1.0,-1.0,-1.0,-1.0,0.0,0.0,0.0,0.0
1791654851.56,3219855.2,274.6,85.5,13.0,0.0,175.0,0.0,89.97,0.36,0.0,230.21,0.0,1212.461252,100048.0,0.99,78.9,-598435.2,300821.8,0.9948,0.097,551.6,-0.09709,-74.55781,1.0,0,-1.0,-1.0,-1.0,-1.0,-1.0,0.0,0.0,0.0,0.0
1791654852.06,3219855.7,275.1,85.5,13.0,0.0,175.0,0.0,89.95,0.36,0.0,230.2,0.0,1212.461252,100048.0,0.99,78.9,-598435.2,300821.8,0.9948,0.097,551.6,-0.09709,-74.55781,1.0,0,-1.0,-1.0,-1.0,-1.0,-1.0,0.0,0.0,0.0,0.0
1791654852.56,3219856.2,275.6,85.5,13.0,0.0,175.0,0.0,89.97,0.36,0.0,230.2,0.0,1212.461252,100048.0,0.99,78.9,-598435.2,300821.8,0.9948,0.097,551.6,-0.09709,-74.55781,1.0,0,-1.0,-1.0,-1.0,-1.0,-1.0,0.0,0.0,0.0,0.0
1791654853.06,3219856.7,276.1,85.5,13.0,0.0,175.0,0.0,89.95,0.36,0.0,230.19,0.0,1212.461252,100048.0,0.99,78.9,-598435.2,300821.8,0.9948,0.097,551.6,-0.09709,-74.55781,1.0,0,-1.0,-1.0,-1.0,-1.0,-1.0,0.0,0.0,0.0,0.0
1791654853.57,3219857.2,276.6,85.5,13.0,0.0,175.0,0.0,89.97,0.36,0.0,230.18,0.0,1212.461252,100048.0,0.99,78.9,-598435.2,300821.8,0.9948,0.097,551.6,-0.09709,-74.55781,1.0,0,-1.0,-1.0,-1.0,-1.0,-1.0,0.0,0.0,0.0,0.0
1791654854.07,3219857.7,277.1,85.5,13.0,0.0,175.0,0.0,89.95,0.36,0.0,230.17,0.0,1212.461252,100048.0,0.99,78.9,-598435.2,300821.8,0.9948,0.097,551.6,-0.09709,-74.55781,1.0,0,-1.0,-1.0,-1.0,-1.0,-1.0,0.0,0.0,0.0,0.0
1791654854.57,3219858.2,277.6,85.5,13.0,0.0,175.0,0.0,89.96,0.36,0.0,230.16,0.0,1212.461252,100048.0,0.99,78.9,-598435.2,300821.8,0.9948,0.097,551.6,-0.09709,-74.55781,1.0,0,-1.0,-1.0,-1.0,-1.0,-1.0,0.0,0.0,0.0,0.0
1791654855.07,3219858.7,278.1,85.5,13.0,0.0,175.0,0.0,89.95,0.36,0.0,230.15,0.0,1212.461252,100048.0,0.99,78.9,-598435.2,300821.8,0.9948,0.097,551.6,-0.09709,-74.55781,1.0,0,-1.0,-1.0,-1.0,-1.0,-1.0,0.0,0.0,0.0,0.0
1791654855.57,3219859.2,278.6,85.5,13.0,0.0,175.0,0.0,89.96,0.36,0.0,230.15,0.0,1212.461252,100048.0,0.99,78.9,-598435.2,300821.8,0.9948,0.097,551.6,-0.09709,-74.55781,1.0,0,-1.0,-1.0,-1.0,-1.0,-1.0,0.0,0.0,0.0,0.0
1791654856.08,3219859.7,279.1,85.5,13.0,0.0,175.0,0.0,89.97,0.36,0.0,230.14,0.0,1212.461252,100048.0,0.99,78.9,-598435.2,300821.8,0.9948,0.097,551.6,-0.09709,-74.55781,1.0,0,-1.0,-1.0,-1.0,-1.0,-1.0,0.0,0.0,0.0,0.0
1791654856.58,3219860.2,279.6,85.5,13.0,0.0,175.0,0.0,89.96,0.36,0.0,230.13,0.0,1212.461252,100048.0,0.99,78.9,-598435.2,300821.8,0.9948,0.097,551.6,-0.09709,-74.55781,1.0,0,-1.0,-1.0,-1.0,-1.0,-1.0,0.0,0.0,0.0,0.0
1791654857.08,3219860.7,280.1,85.5,13.0,0.0,175.0,0.0,89.96,0.36,0.0,230.12,0.0,1212.461252,100048.0,0.99,78.9,-598435.2,300821.8,0.9948,0.097,551.6,-0.09709,-74.55781,1.0,0,-1.0,-1.0,-1.0,-1.0,-1.0,0.0,0.0,0.0,0.0
1791654857.58,3219861.2,280.6,85.5,13.0,0.0,175.0,0.0,89.95,0.36,0.0,230.11,0.0,1212.461252,100048.0,0.99,78.9,-598435.2,300821.8,0.9948,0.097,551.6,-0.09709,-74.55781,1.0,0,-1.0,-1.0,-1.0,-1.0,-1.0,0.0,0.0,0.0,0.0
1791654858.09,3219861.7,281.1,85.5,13.0,0.0,175.0,0.0,89.95,0.36,0.0,230.1,0.0,1212.461252,100048.0,0.99,78.9,-598435.2,300821.8,0.9948,0.097,551.6,-0.09709,-74.55781,1.0,0,-1.0,-1.0,-1.0,-1.0,-1.0,0.0,0.0,0.0,0.0
1791654858.59,3219862.2,281.6,85.5,13.0,0.0,175.0,0.0,89.97,0.36,0.0,230.1,0.0,1212.461252,100048.0,0.99,78.9,-598435.2,300821.8,0.9948,0.097,551.6,-0.09709,-74.55781,1.0,0,-1.0,-1.0,-1.0,-1.0,-1.0,0.0,0.0,0.0,0.0
1791654859.09,3219862.8,282.1,85.5,13.0,0.0,175.0,0.0,89.95,0.36,0.0,230.09,0.0,1212.461252,100048.0,0.99,78.9,-598435.2,300821.8,0.9948,0.097,551.6,-0.09709,-74.55781,1.0,0,-1.0,-1.0,-1.0,-1.0,-1.0,0.0,0.0,0.0,0.0
1791654859.59,3219863.2,282.6,85.5,13.0,0.0,175.0,0.0,89.95,0.36,0.0,230.08,0.0,1212.461252,100048.0,0.99,78.9,-598435.2,300821.8,0.9948,0.097,551.6,-0.09709,-74.55781,1.0,0,-1.0,-1.0,-1.0,-1.0,-1.0,0.0,0.0,0.0,0.0
1791654860.1,3219863.8,283.1,85.5,13.0,0.0,175.0,0.0,89.95,0.36,0.0,230.07,0.0,1212.461252,100048.0,0.99,78.9,-598435.2,300821.8,0.9948,0.097,551.6,-0.09709,-74.55781,1.0,0,-1.0,-1.0,-1.0,-1.0,-1.0,0.0,0.0,0.0,0.0
1791654860.6,3219864.3,283.6,85.5,13.0,0.0,175.0,0.0,89.96,0.36,0.0,230.06,0.0,1212.461252,100048.0,0.99,78.9,-598435.2,300821.8,0.9948,0.097,551.6,-0.09709,-74.55781,1.0,0,-1.0,-1.0,-1.0,-1.0,-1.0,0.0,0.0,0.0,0.0
1791654861.1,3219864.8,284.1,85.5,13.0,0.0,175.0,0.0,89.97,0.36,0.0,230.05,0.0,1212.461252,100048.0,0.99,78.9,-598435.2,300821.8,0.9948,0.097,551.6,-0.09709,-74.55781,1.0,0,-1.0,-1.0,-1.0,-1.0,-1.0,0.0,0.0,0.0,0.0
1791654861.6,3219865.0,284.6,85.5,13.0,0.0,175.0,0.0,89.95,0.36,0.0,230.05,0.0,1212.461252,100048.0,0.99,78.9,-598435.2,300821.8,0.9948,0.097,551.6,-0.09709,-74.55781,1.0,0,-1.0,-1.0,-1.0,-1.0,-1.0,0.0,0.0,0.0,0.0
1791654862.11,3219865.0,285.1,85.5,13.0,0.0,175.0,0.0,89.95,0.36,0.0,230.05,0.0,1212.461252,100048.0,0.99,78.9,-598435.2,300821.8,0.9948,0.097,551.6,-0.09709,-74.55781,1.0,0,-1.0,-1.0,-1.0,-1.0,-1.0,0.0,0.0,0.0,0.0
1791654862.61,3219865.0,285.6,85.5,13.0,0.0,175.0,0.0,89.97,0.36,0.0,230.05,0.0,1212.461252,100048.0,0.99,78.9,-598435.2,300821.8,0.9948,0.097,551.6,-0.09709,-74.55781,1.0,0,-1.0,-1.0,-1.0,-1.0,-1.0,0.0,0.0,0.0,0.0
1791654863.11,3219865.0,286.1,85.5,13.0,0.0,175.0,0.0,89.97,0.36,0.0,230.05,0.0,1212.461252,100048.0,0.99,78.9,-598435.2,300821.8,0.9948,0.097,551.6,-0.09709,-74.55781,1.0,0,-1.0,-1.0,-1.0,-1.0,-1.0,0.0,0.0,0.0,0.0
1791654863.61,3219865.1,286.6,85.5,13.0,0.0,175.0,0.0,89.97,0.36,0.0,230.05,0.0,1212.461252,100048.0,0.99,78.9,-598435.2,300821.8,0.9948,0.097,551.6,-0.09709,-74.55781,1.0,0,-1.0,-1.0,-1.0,-1.0,-1.0,0.0,0.0,0.0,0.0
1791654864.11,3219865.1,287.1,85.5,13.0,0.0,175.0,0.0,89.97,0.36,0.0,230.05,0.0,1212.461252,100048.0,0.99,78.9,-598435.2,300821.8,0.9948,0.097,551.6,-0.09709,-74.55781,1.0,0,-1.0,-1.0,-1.0,-1.0,-1.0,0.0,0.0,0.0,0.0
1791654864.61,3219865.1,287.6,85.5,13.0,0.0,175.0,0.0,89.96,0.36,0.0,230.05,0.0,1212.461252,100048.0,0.99,78.9,-598435.2,300821.8,0.9948,0.097,551.6,-0.09709,-74.55781,1.0,0,-1.0,-1.0,-1.0,-1.0,-1.0,0.0,0.0,0.0,0.0
1791654865.12,3219865.1,288.2,85.5,13.0,0.0,175.0,0.0,89.96,0.36,0.0,230.05,0.0,1212.461252,100048.0,0.99,78.9,-598435.2,300821.8,0.9948,0.097,551.6,-0.09709,-74.55781,1.0,0,-1.0,-1.0,-1.0,-1.0,-1.0,0.0,0.0,0.0,0.0
1791654865.62,3219865.2,288.7,85.5,13.0,0.0,175.0,0.0,89.96,0.36,0.0,230.05,0.0,1212.461252,100048.0,0.99,78.9,-598435.2,300821.8,0.9948,0.097,551.6,-0.09709,-74.55781,1.0,0,-1.0,-1.0,-1.0,-1.0,-1.0,0.0,0.0,0.0,0.0
1791654866.12,3219865.2,289.2,85.5,13.0,0.0,175.0,0.0,89.96,0.36,0.0,230.05,0.0,1212.461252,100048.0,0.99,78.9,-598435.2,300821.8,0.9948,0.097,551.6,-0.09709,-74.55781,1.0,0,-1.0,-1.0,-1.0,-1.0,-1.0,0.0,0.0,0.0,0.0
1791654866.62,3219865.2,289.7,85.5,13.0,0.0,175.0,0.0,89.96,0.36,0.0,230.05,0.0,1212.461252,100048.0,0.99,78.9,-598435.2,300821.8,0.9948,0.097,551.6,-0.09709,-74.55781,1.0,0,-1.0,-1.0,-1.0,-1.0,-1.0,0.0,0.0,0.0,0.0
1791654867.12,3219865.2,290.2,85.5,13.0,0.0,175.0,0.0,89.96,0.36,0.0,230.05,0.0,1212.461252,100048.0,0.99,78.9,-598435.2,300821.8,0.9948,0.097,551.6,-0.09709,-74.55781,1.0,0,-1.0,-1.0,-1.0,-1.0,-1.0,0.0,0.0,0.0,0.0
1791654867.63,3219865.2,290.7,85.5,13.0,0.0,175.0,0.0,89.96,0.36,0.0,230.05,0.0,1212.461252,100048.0,0.99,78.9,-598435.2,300821.8,0.9948,0.097,551.6,-0.09709,-74.55781,1.0,0,-1.0,-1.0,-1.0,-1.0,-1.0,0.0,0.0,0.0,0.0
1791654868.13,3219865.2,291.2,85.5,13.0,0.0,175.0,0.0,89.96,0.36,0.0,230.05,0.0,1212.461252,100048.0,0.99,78.9,-598435.2,300821.8,0.9948,0.097,551.6,-0.09709,-74.55781,1.0,0,-1.0,-1.0,-1.0,-1.0,-1.0,0.0,0.0,0.0,0.0
1791654868.63,3219865.3,291.7,85.5,13.0,0.0,175.0,0.0,89.96,0.36,0.0,230.05,0.0,1212.461252,100048.0,0.99,78.9,-598435.2,300821.8,0.9948,0.097,551.6,-0.09709,-74.55781,1.0,0,-1.0,-1.0,-1.0,-1.0,-1.0,0.0,0.0,0.0,0.0
1791654869.13,3219865.3,292.2,85.5,13.0,0.0,175.0,0.0,89.96,0.36,0.0,230.05,0.0,1212.461252,100048.0,0.99,78.9,-598435.2,300821.8,0.9948,0.097,551.6,-0.09709,-74.55781,1.0,0,-1.0,-1.0,-1.0,-1.0,-1.0,0.0,0.0,0.0,0.0
1791654869.63,3219865.3,292.7,85.5,13.0,0.0,175.0,0.0,89.96,0.36,0.0,230.04,0.0,1212.461252,100048.0,0.99,78.9,-598435.2,300821.8,0.9948,0.097,551.6,-0.09709,-74.55781,1.0,0,-1.0,-1.0,-1.0,-1.0,-1.0,0.0,0.0,0.0,0.0
1791654870.13,3219865.3,293.2,85.5,13.0,0.0,175.0,0.0,89.96,0.36,0.0,230.04,0.0,1212.461252,100048.0,0.99,78.9,-598435.2,300821.8,0.9948,0.097,551.6,-0.09709,-74.55781,1.0,0,-1.0,-1.0,-1.0,-1.0,-1.0,0.0,0.0,0.0,0.0
1791654870.64,3219865.4,293.7,85.5,13.0,0.0,175.0,0.0,89.96,0.36,0.0,230.04,0.0,1212.461252,100048.0,0.99,78.9,-598435.2,300821.8,0.9948,0.097,551.6,-0.09709,-74.55781,1.0,0,-1.0,-1.0,-1.0,-1.0,-1.0,0.0,0.0,0.0,0.0
1791654871.14,3219865.4,294.2,85.5,13.0,0.0,175.0,0.0,89.96,0.36,0.0,230.04,0.0,1212.461252,100048.0,0.99,78.9,-598435.2,300821.8,0.9948,0.097,551.6,-0.09709,-74.55781,1.0,0,-1.0,-1.0,-1.0,-1.0,-1.0,0.0,0.0,0.0,0.0
1791654871.64,3219865.4,294.7,85.5,13.0,0.0,175.0,0.0,89.96,0.36,0.0,230.04,0.0,1212.461252,100048.0,0.99,78.9,-598435.2,300821.8,0.9948,0.097,551.6,-0.09709,-74.55781,1.0,0,-1.0,-1.0,-1.0,-1.0,-1.0,0.0,0.0,0.0,0.0
1791654872.14,3219865.4,295.2,85.5,13.0,0.0,175.0,0.0,89.96,0.36,0.0,230.04,0.0,1212.461252,100048.0,0.99,78.9,-598435.2,300821.8,0.9948,0.097,551.6,-0.09709,-74.55781,1.0,0,-1.0,-1.0,-1.0,-1.0,-1.0,0.0,0.0,0.0,0.0
1791654872.64,3219865.4,295.7,85.5,13.0,0.0,175.0,0.0,89.96,0.36,0.0,230.04,0.0,1212.461252,100048.0,0.99,78.9,-598435.2,300821.8,0.9948,0.097,551.6,-0.09709,-74.55781,1.0,0,-1.0,-1.0,-1.0,-1.0,-1.0,0.0,0.0,0.0,0.0
1791654873.14,3219865.4,296.2,85.5,13.0,0.0,175.0,0.0,89.96,0.36,0.0,230.04,0.0,1212.461252,100048.0,0.99,78.9,-598435.2,300821.8,0.9948,0.097,551.6,-0.09709,-74.55781,1.0,0,-1.0,-1.0,-1.0,-1.0,-1.0,0.0,0.0,0.0,0.0
1791654873.64,3219865.5,296.7,85.5,13.0,0.0,175.0,0.0,89.96,0.36,0.0,230.04,0.0,1212.461252,100048.0,0.99,78.9,-598435.2,300821.8,0.9948,0.097,551.6,-0.09709,-74.55781,1.0,0,-1.0,-1.0,-1.0,-1.0,-1.0,0.0,0.0,0.0,0.0
1791654874.15,3219865.5,297.2,85.5,13.0,0.0,175.0,0.0,89.96,0.36,0.0,230.04,0.0,1212.461252,100048.0,0.99,78.9,-598435.2,300821.8,0.9948,0.097,551.6,-0.09709,-74.55781,1.0,0,-1.0,-1.0,-1.0,-1.0,-1.0,0.0,0.0,0.0,0.0
1791654874.65,3219865.5,297.7,85.5,13.0,0.0,175.0,0.0,89.97,0.36,0.0,230.04,0.0,1212.461252,100048.0,0.99,78.9,-598435.2,300821.8,0.9948,0.097,551.6,-0.09709,-74.55781,1.0,0,-1.0,-1.0,-1.0,-1.0,-1.0,0.0,0.0,0.0,0.0
1791654875.15,3219865.5,298.2,85.5,13.0,0.0,175.0,0.0,89.97,0.36,0.0,230.04,0.0,1212.461252,100048.0,0.99,78.9,-598435.2,300821.8,0.9948,0.097,551.6,-0.09709,-74.55781,1.0,0,-1.0,-1.0,-1.0,-1.0,-1.0,0.0,0.0,0.0,0.0
1791654875.65,3219865.6,298.7,85.5,13.0,0.0,175.0,0.0,89.97,0.36,0.0,230.04,0.0,1212.461252,100048.0,0.99,78.9,-598435.2,300821.8,0.9948,0.097,551.6,-0.09709,-74.55781,1.0,0,-1.0,-1.0,-1.0,-1.0,-1.0,0.0,0.0,0.0,0.0
1791654876.15,3219865.6,299.2,85.5,13.0,0.0,175.0,0.0,89.97,0.36,0.0,230.04,0.0,1212.461252,100048.0,0.99,78.9,-598435.2,300821.8,0.9948,0.097,551.6,-0.09709,-74.55781,1.0,0,-1.0,-1.0,-1.0,-1.0,-1.0,0.0,0.0,0.0,0.0
1791654876.65,3219865.6,299.7,85.5,13.0,0.0,175.0,0.0,89.95,0.36,0.0,230.04,0.0,1212.461252,100048.0,0.99,78.9,-598435.2,300821.8,0.9948,0.097,551.6,-0.09709,-74.55781,1.0,0,-1.0,-1.0,-1.0,-1.0,-1.0,0.0,0.0,0.0,0.0
1791654877.16,3219865.6,300.2,85.5,13.0,0.0,175.0,0.0,89.95,0.36,0.0,230.04,0.0,1212.461252,100048.0,0.99,78.9,-598435.2,300821.8,0.9948,0.097,551.6,-0.09709,-74.55781,1.0,0,-1.0,-1.0,-1.0,-1.0,-1.0,0.0,0.0,0.0,0.0
1791654877.66,3219865.6,300.7,85.5,13.0,0.0,175.0,0.0,89.95,0.36,0.0,230.04,0.0,1212.461252,100048.0,0.99,78.9,-598435.2,300821.8,0.9948,0.097,551.6,-0.09709,-74.55781,1.0,0,-1.0,-1.0,-1.0,-1.0,-1.0,0.0,0.0,0.0,0.0
1791654878.16,3219865.6,301.2,85.5,13.0,0.0,175.0,0.0,89.95,0.36,0.0,230.04,0.0,1212.461252,100048.0,0.99,78.9,-598435.2,300821.8,0.9948,0.097,551.6,-0.09709,-74.55781,1.0,0,-1.0,-1.0,-1.0,-1.0,-1.0,0.0,0.0,0.0,0.0
1791654878.66,3219865.7,301.7,85.5,13.0,0.0,175.0,0.0,89.96,0.36,0.0,230.04,0.0,1212.461252,100048.0,0.99,78.9,-598435.2,300821.8,0.9948,0.097,551.6,-0.09709,-74.55781,1.0,0,-1.0,-1.0,-1.0,-1.0,-1.0,0.0,0.0,0.0,0.0
1791654879.16,3219865.7,302.2,85.5,13.0,0.0,175.0,0.0,89.96,0.36,0.0,230.04,0.0,1212.461252,100048.0,0.99,78.9,-598435.2,300821.8,0.9948,0.097,551.6,-0.09709,-74.55781,1.0,0,-1.0,-1.0,-1.0,-1.0,-1.0,0.0,0.0,0.0,0.0
1791654879.66,3219865.7,302.7,85.5,13.0,0.0,175.0,0.0,89.97,0.36,0.0,230.04,0.0,1212.461252,100048.0,0.99,78.9,-598435.2,300821.8,0.9948,0.097,551.6,-0.09709,-74.55781,1.0,0,-1.0,-1.0,-1.0,-1.0,-1.0,0.0,0.0,0.0,0.0
1791654880.16,3219865.7,303.2,85.5,13.0,0.0,175.0,0.0,89.97,0.36,0.0,230.04,0.0,1212.461252,100048.0,0.99,78.9,-598435.2,300821.8,0.9948,0.097,551.6,-0.09709,-74.55781,1.0,0,-1.0,-1.0,-1.0,-1.0,-1.0,0.0,0.0,0.0,0.0
1791654880.67,3219865.8,303.7,85.5,13.0,0.0,175.0,0.0,89.97,0.36,0.0,230.04,0.0,1212.461252,100048.0,0.99,78.9,-598435.2,300821.8,0.9948,0.097,551.6,-0.09709,-74.55781,1.0,0,-1.0,-1.0,-1.0,-1.0,-1.0,0.0,0.0,0.0,0.0
1791654881.17,3219865.8,304.2,85.5,13.0,0.0,175.0,0.0,89.97,0.36,0.0,230.04,0.0,1212.461252,100048.0,0.99,78.9,-598435.2,300821.8,0.9948,0.097,551.6,-0.09709,-74.55781,1.0,0,-1.0,-1.0,-1.0,-1.0,-1.0,0.0,0.0,0.0,0.0
1791654881.67,3219865.8,304.7,85.5,13.0,0.0,175.0,0.0,89.97,0.36,0.0,230.04,0.0,1212.461252,100048.0,0.99,78.9,-598435.2,300821.8,0.9948,0.097,551.6,-0.09709,-74.55781,1.0,0,-1.0,-1.0,-1.0,-1.0,-1.0,0.0,0.0,0.0,0.0
1791654882.17,3219865.8,305.2,85.5,13.0,0.0,175.0,0.0,89.97,0.36,0.0,230.04,0.0,1212.461252,100048.0,0.99,78.9,-598435.2,300821.8,0.9948,0.097,551.6,-0.09709,-74.55781,1.0,0,-1.0,-1.0,-1.0,-1.0,-1.0,0.0,0.0,0.0,0.0
1791654882.67,3219865.8,305.7,85.5,13.0,0.0,175.0,0.0,89.95,0.36,0.0,230.04,0.0,1212.461252,100048.0,0.99,78.9,-598435.2,300821.8,0.9948,0.097,551.6,-0.09709,-74.55781,1.0,0,-1.0,-1.0,-1.0,-1.0,-1.0,0.0,0.0,0.0,0.0
1791654883.17,3219865.8,306.2,85.5,13.0,0.0,175.0,0.0,89.95,0.36,0.0,230.04,0.0,1212.461252,100048.0,0.99,78.9,-598435.2,300821.8,0.9948,0.097,551.6,-0.09709,-74.55781,1.0,0,-1.0,-1.0,-1.0,-1.0,-1.0,0.0,0.0,0.0,0.0
1791654883.68,3219865.9,306.7,85.5,13.0,0.0,175.0,0.0,89.95,0.36,0.0,230.04,0.0,1212.461252,100048.0,0.99,78.9,-598435.2,300821.8,0.9948,0.097,551.6,-0.09709,-74.55781,1.0,0,-1.0,-1.0,-1.0,-1.0,-1.0,0.0,0.0,0.0,0.0
1791654884.18,3219865.9,307.2,85.5,13.0,0.0,175.0,0.0,89.95,0.36,0.0,230.04,0.0,1212.461252,100048.0,0.99,78.9,-598435.2,300821.8,0.9948,0.097,551.6,-0.09709,-74.55781,1.0,0,-1.0,-1.0,-1.0,-1.0,-1.0,0.0,0.0,0.0,0.0
1791654884.68,3219865.9,307.7,85.5,13.0,0.0,175.0,0.0,89.95,0.36,0.0,230.04,0.0,1212.461252,100048.0,0.99,78.9,-598435.2,300821.8,0.9948,0.097,551.6,-0.09709,-74.55781,1.0,0,-1.0,-1.0,-1.0,-1.0,-1.0,0.0,0.0,0.0,0.0
1791654885.18,3219865.9,308.2,85.5,13.0,0.0,175.0,0.0,89.95,0.36,0.0,230.03,0.0,1212.461252,100048.0,0.99,78.9,-598435.2,300821.8,0.9948,0.097,551.6,-0.09709,-74.55781,1.0,0,-1.0,-1.0,-1.0,-1.0,-1.0,0.0,0.0,0.0,0.0
1791654885.68,3219865.9,308.7,85.5,13.0,0.0,175.0,0.0,89.95,0.36,0.0,230.03,0.0,1212.461252,100048.0,0.99,78.9,-598435.2,300821.8,0.9948,0.097,551.6,-0.09709,-74.55781,1.0,0,-1.0,-1.0,-1.0,-1.0,-1.0,0.0,0.0,0.0,0.0
1791654886.19,3219866.0,309.2,85.5,13.0,0.0,175.0,0.0,89.95,0.36,0.0,230.03,0.0,1212.461252,100048.0,0.99,78.9,-598435.2,300821.8,0.9948,0.097,551.6,-0.09709,-74.55781,1.0,0,-1.0,-1.0,-1.0,-1.0,-1.0,0.0,0.0,0.0,0.0
1791654886.69,3219866.0,309.7,85.5,13.0,0.0,175.0,0.0,89.95,0.36,0.0,230.03,0.0,1212.461252,100048.0,0.99,78.9,-598435.2,300821.8,0.9948,0.097,551.6,-0.09709,-74.55781,1.0,0,-1.0,-1.0,-1.0,-1.0,-1.0,0.0,0.0,0.0,0.0
1791654887.19,3219866.0,310.2,85.5,13.0,0.0,175.0,0.0,89.95,0.36,0.0,230.03,0.0,1212.461252,100048.0,0.99,78.9,-598435.2,300821.8,0.9948,0.097,551.6,-0.09709,-74.55781,1.0,0,-1.0,-1.0,-1.0,-1.0,-1.0,0.0,0.0,0.0,0.0
1791654887.69,3219866.0,310.7,85.5,13.0,0.0,175.0,0.0,89.95,0.36,0.0,230.03,0.0,1212.461252,100048.0,0.99,78.9,-598435.2,300821.8,0.9948,0.097,551.6,-0.09709,-74.55781,1.0,0,-1.0,-1.0,-1.0,-1.0,-1.0,0.0,0.0,0.0,0.0
1791654888.19,3219866.0,311.2,85.5,13.0,0.0,175.0,0.0,89.95,0.36,0.0,230.03,0.0,1212.461252,100048.0,0.99,78.9,-598435.2,300821.8,0.9948,0.097,551.6,-0.09709,-74.55781,1.0,0,-1.0,-1.0,-1.0,-1.0,-1.0,0.0,0.0,0.0,0.0
1791654888.69,3219866.0,311.7,85.5,13.0,0.0,175.0,0.0,89.95,0.36,0.0,230.03,0.0,1212.461252,100048.0,0.99,78.9,-598435.2,300821.8,0.9948,0.097,551.6,-0.09709,-74.55781,1.0,0,-1.0,-1.0,-1.0,-1.0,-1.0,0.0,0.0,0.0,0.0
1791654889.2,3219866.1,312.2,85.5,13.0,0.0,175.0,0.0,89.95,0.36,0.0,230.03,0.0,1212.461252,100048.0,0.99,78.9,-598435.2,300821.8,0.9948,0.097,551.6,-0.09709,-74.55781,1.0,0,-1.0,-1.0,-1.0,-1.0,-1.0,0.0,0.0,0.0,0.0
1791654889.7,3219866.1,312.7,85.5,13.0,0.0,175.0,0.0,89.95,0.36,0.0,230.03,0.0,1212.461252,100048.0,0.99,78.9,-598435.2,300821.8,0.9948,0.097,551.6,-0.09709,-74.55781,1.0,0,-1.0,-1.0,-1.0,-1.0,-1.0,0.0,0.0,0.0,0.0
1791654890.2,3219866.1,313.2,85.5,13.0,0.0,175.0,0.0,89.95,0.36,0.0,230.03,0.0,1212.461252,100048.0,0.99,78.9,-598435.2,300821.8,0.9948,0.097,551.6,-0.09709,-74.55781,1.0,0,-1.0,-1.0,-1.0,-1.0,-1.0,0.0,0.0,0.0,0.0
1791654890.7,3219866.1,313.7,85.5,13.0,0.0,175.0,0.0,89.95,0.36,0.0,230.03,0.0,1212.461252,100048.0,0.99,78.9,-598435.2,300821.8,0.9948,0.097,551.6,-0.09709,-74.55781,1.0,0,-1.0,-1.0,-1.0,-1.0,-1.0,0.0,0.0,0.0,0.0
1791654891.2,3219866.2,314.2,85.5,13.0,0.0,175.0,0.0,89.97,0.36,0.0,230.03,0.0,1212.461252,100048.0,0.99,78.9,-598435.2,300821.8,0.9948,0.097,551.6,-0.09709,-74.55781,1.0,0,-1.0,-1.0,-1.0,-1.0,-1.0,0.0,0.0,0.0,0.0
1791654891.7,3219866.2,314.7,85.5,13.0,0.0,175.0,0.0,89.97,0.36,0.0,230.03,0.0,1212.461252,100048.0,0.99,78.9,-598435.2,300821.8,0.9948,0.097,551.6,-0.09709,-74.55781,1.0,0,-1.0,-1.0,-1.0,-1.0,-1.0,0.0,0.0,0.0,0.0
1791654892.2,3219866.2,315.2,85.5,13.0,0.0,175.0,0.0,89.97,0.36,0.0,230.03,0.0,1212.461252,100048.0,0.99,78.9,-598435.2,300821.8,0.9948,0.097,551.6,-0.09709,-74.55781,1.0,0,-1.0,-1.0,-1.0,-1.0,-1.0,0.0,0.0,0.0,0.0
1791654892.71,3219866.2,315.7,85.5,13.0,0.0,175.0,0.0,89.97,0.36,0.0,230.03,0.0,1212.461252,100048.0,0.99,78.9,-598435.2,300821.8,0.9948,0.097,551.6,-0.09709,-74.55781,1.0,0,-1.0,-1.0,-1.0,-1.0,-1.0,0.0,0.0,0.0,0.0
1791654893.21,3219866.2,316.2,85.5,13.0,0.0,175.0,0.0,89.97,0.36,0.0,230.03,0.0,1212.461252,100048.0,0.99,78.9,-598435.2,300821.8,0.9948,0.097,551.6,-0.09709,-74.55781,1.0,0,-1.0,-1.0,-1.0,-1.0,-1.0,0.0,0.0,0.0,0.0
1791654893.71,3219866.2,316.7,85.5,13.0,0.0,175.0,0.0,89.97,0.36,0.0,230.03,0.0,1212.461252,100048.0,0.99,78.9,-598435.2,300821.8,0.9948,0.097,551.6,-0.09709,-74.55781,1.0,0,-1.0,-1.0,-1.0,-1.0,-1.0,0.0,0.0,0.0,0.0
1791654894.21,3219866.3,317.2,85.5,13.0,0.0,175.0,0.0,89.97,0.36,0.0,230.03,0.0,1212.461252,100048.0,0.99,78.9,-598435.2,300821.8,0.9948,0.097,551.6,-0.09709,-74.55781,1.0,0,-1.0,-1.0,-1.0,-1.0,-1.0,0.0,0.0,0.0,0.0
1791654894.71,3219866.3,317.7,85.5,13.0,0.0,175.0,0.0,89.97,0.36,0.0,230.03,0.0,1212.461252,100048.0,0.99,78.9,-598435.2,300821.8,0.9948,0.097,551.6,-0.09709,-74.55781,1.0,0,-1.0,-1.0,-1.0,-1.0,-1.0,0.0,0.0,0.0,0.0
1791654895.21,3219866.3,318.2,85.5,13.0,0.0,175.0,0.0,89.97,0.36,0.0,230.03,0.0,1212.461252,100048.0,0.99,78.9,-598435.2,300821.8,0.9948,0.097,551.6,-0.09709,-74.55781,1.0,0,-1.0,-1.0,-1.0,-1.0,-1.0,0.0,0.0,0.0,0.0
1791654895.72,3219866.3,318.7,85.5,13.0,0.0,175.0,0.0,89.97,0.36,0.0,230.03,0.0,1212.461252,100048.0,0.99,78.9,-598435.2,300821.8,0.9948,0.097,551.6,-0.09709,-74.55781,1.0,0,-1.0,-1.0,-1.0,-1.0,-1.0,0.0,0.0,0.0,0.0
1791654896.22,3219866.4,319.3,85.5,13.0,0.0,175.0,0.0,89.97,0.36,0.0,230.03,0.0,1212.461252,100048.0,0.99,78.9,-598435.2,300821.8,0.9948,0.097,551.6,-0.09709,-74.55781,1.0,0,-1.0,-1.0,-1.0,-1.0,-1.0,0.0,0.0,0.0,0.0
1791654896.72,3219866.4,319.8,85.5,13.0,0.0,175.0,0.0,89.97,0.36,0.0,230.03,0.0,1212.461252,100048.0,0.99,78.9,-598435.2,300821.8,0.9948,0.097,551.6,-0.09709,-74.55781,1.0,0,-1.0,-1.0,-1.0,-1.0,-1.0,0.0,0.0,0.0,0.0
1791654897.22,3219866.4,320.3,85.5,13.0,0.0,175.0,0.0,89.97,0.36,0.0,230.03,0.0,1212.461252,100048.0,0.99,78.9,-598435.2,300821.8,0.9948,0.097,551.6,-0.09709,-74.55781,1.0,0,-1.0,-1.0,-1.0,-1.0,-1.0,0.0,0.0,0.0,0.0
1791654897.72,3219866.4,320.8,85.5,13.0,0.0,175.0,0.0,89.97,0.36,0.0,230.03,0.0,1212.461252,100048.0,0.99,78.9,-598435.2,300821.8,0.9948,0.097,551.6,-0.09709,-74.55781,1.0,0,-1.0,-1.0,-1.0,-1.0,-1.0,0.0,0.0,0.0,0.0
1791654898.22,3219866.4,321.3,85.5,13.0,0.0,175.0,0.0,89.97,0.36,0.0,230.03,0.0,1212.461252,100048.0,0.99,78.9,-598435.2,300821.8,0.9948,0.097,551.6,-0.09709,-74.55781,1.0,0,-1.0,-1.0,-1.0,-1.0,-1.0,0.0,0.0,0.0,0.0
1791654898.72,3219866.4,321.8,85.5,13.0,0.0,175.0,0.0,89.97,0.36,0.0,230.03,0.0,1212.461252,100048.0,0.99,78.9,-598435.2,300821.8,0.9948,0.097,551.6,-0.09709,-74.55781,1.0,0,-1.0,-1.0,-1.0,-1.0,-1.0,0.0,0.0,0.0,0.0
1791654899.23,3219866.5,322.3,85.5,13.0,0.0,175.0,0.0,89.97,0.36,0.0,230.03,0.0,1212.461252,100048.0,0.99,78.9,-598435.2,300821.8,0.9948,0.097,551.6,-0.09709,-74.55781,1.0,0,-1.0,-1.0,-1.0,-1.0,-1.0,0.0,0.0,0.0,0.0
1791654899.73,3219866.5,322.8,85.5,13.0,0.0,175.0,0.0,89.97,0.36,0.0,230.03,0.0,1212.461252,100048.0,0.99,78.9,-598435.2,300821.8,0.9948,0.097,551.6,-0.09709,-74.55781,1.0,0,-1.0,-1.0,-1.0,-1.0,-1.0,0.0,0.0,0.0,0.0
1791654900.23,3219866.5,323.3,85.5,13.0,0.0,175.0,0.0,89.97,0.36,0.0,230.02,0.0,1212.461252,100048.0,0.99,78.9,-598435.2,300821.8,0.9948,0.097,551.6,-0.09709,-74.55781,1.0,0,-1.0,-1.0,-1.0,-1.0,-1.0,0.0,0.0,0.0,0.0
1791654900.73,3219866.5,323.8,85.5,13.0,0.0,175.0,0.0,89.97,0.36,0.0,230.02,0.0,1212.461252,100048.0,0.99,78.9,-598435.2,300821.8,0.9948,0.097,551.6,-0.09709,-74.55781,1.0,0,-1.0,-1.0,-1.0,-1.0,-1.0,0.0,0.0,0.0,0.0
1791654901.23,3219866.6,324.3,85.5,13.0,0.0,175.0,0.0,89.97,0.36,0.0,230.02,0.0,1212.461252,100048.0,0.99,78.9,-598435.2,300821.8,0.9948,0.097,551.6,-0.09709,-74.55781,1.0,0,-1.0,-1.0,-1.0,-1.0,-1.0,0.0,0.0,0.0,0.0
1791654901.73,3219866.6,324.8,85.5,13.0,0.0,175.0,0.0,89.97,0.36,0.0,230.02,0.0,1212.461252,100048.0,0.99,78.9,-598435.2,300821.8,0.9948,0.097,551.6,-0.09709,-74.55781,1.0,0,-1.0,-1.0,-1.0,-1.0,-1.0,0.0,0.0,0.0,0.0
1791654902.24,3219866.6,325.3,85.5,13.0,0.0,175.0,0.0,89.95,0.36,0.0,230.02,0.0,1212.461252,100048.0,0.99,78.9,-598435.2,300821.8,0.9948,0.097,551.6,-0.09709,-74.55781,1.0,0,-1.0,-1.0,-1.0,-1.0,-1.0,0.0,0.0,0.0,0.0
1791654902.74,3219866.6,325.8,85.5,13.0,0.0,175.0,0.0,89.95,0.36,0.0,230.02,0.0,1212.461252,100048.0,0.99,78.9,-598435.2,300821.8,0.9948,0.097,551.6,-0.09709,-74.55781,1.0,0,-1.0,-1.0,-1.0,-1.0,-1.0,0.0,0.0,0.0,0.0
1791654903.24,3219866.6,326.3,85.5,13.0,0.0,175.0,0.0,89.95,0.36,0.0,230.02,0.0,1212.461252,100048.0,0.99,78.9,-598435.2,300821.8,0.9948,0.097,551.6,-0.09709,-74.55781,1.0,0,-1.0,-1.0,-1.0,-1.0,-1.0,0.0,0.0,0.0,0.0
1791654903.74,3219866.6,326.8,85.5,13.0,0.0,175.0,0.0,89.95,0.36,0.0,230.02,0.0,1212.461252,100048.0,0.99,78.9,-598435.2,300821.8,0.9948,0.097,551.6,-0.09709,-74.55781,1.0,0,-1.0,-1.0,-1.0,-1.0,-1.0,0.0,0.0,0.0,0.0
1791654904.24,3219866.7,327.3,85.5,13.0,0.0,175.0,0.0,89.95,0.36,0.0,230.02,0.0,1212.461252,100048.0,0.99,78.9,-598435.2,300821.8,0.9948,0.097,551.6,-0.09709,-74.55781,1.0,0,-1.0,-1.0,-1.0,-1.0,-1.0,0.0,0.0,0.0,0.0
1791654904.74,3219866.7,327.8,85.5,13.0,0.0,175.0,0.0,89.95,0.36,0.0,230.02,0.0,1212.461252,100048.0,0.99,78.9,-598435.2,300821.8,0.9948,0.097,551.6,-0.09709,-74.55781,1.0,0,-1.0,-1.0,-1.0,-1.0,-1.0,0.0,0.0,0.0,0.0
1791654905.25,3219866.7,328.3,85.5,13.0,0.0,175.0,0.0,89.95,0.36,0.0,230.02,0.0,1212.461252,100048.0,0.99,78.9,-598435.2,300821.8,0.9948,0.097,551.6,-0.09709,-74.55781,1.0,0,-1.0,-1.0,-1.0,-1.0,-1.0,0.0,0.0,0.0,0.0
1791654905.75,3219866.7,328.8,85.5,13.0,0.0,175.0,0.0,89.95,0.36,0.0,230.02,0.0,1212.461252,100048.0,0.99,78.9,-598435.2,300821.8,0.9948,0.097,551.6,-0.09709,-74.55781,1.0,0,-1.0,-1.0,-1.0,-1.0,-1.0,0.0,0.0,0.0,0.0
1791654906.25,3219866.8,329.3,85.5,13.0,0.0,175.0,0.0,89.95,0.36,0.0,230.02,0.0,1212.461252,100048.0,0.99,78.9,-598435.2,300821.8,0.9948,0.097,551.6,-0.09709,-74.55781,1.0,0,-1.0,-1.0,-1.0,-1.0,-1.0,0.0,0.0,0.0,0.0
1791654906.75,3219866.8,329.8,85.5,13.0,0.0,175.0,0.0,89.95,0.36,0.0,230.02,0.0,1212.461252,100048.0,0.99,78.9,-598435.2,300821.8,0.9948,0.097,551.6,-0.09709,-74.55781,1.0,0,-1.0,-1.0,-1.0,-1.0,-1.0,0.0,0.0,0.0,0.0
1791654907.25,3219866.8,330.3,85.5,13.0,0.0,175.0,0.0,89.95,0.36,0.0,230.02,0.0,1212.461252,100048.0,0.99,78.9,-598435.2,300821.8,0.9948,0.097,551.6,-0.09709,-74.55781,1.0,0,-1.0,-1.0,-1.0,-1.0,-1.0,0.0,0.0,0.0,0.0
1791654907.75,3219866.8,330.8,85.5,13.0,0.0,175.0,0.0,89.95,0.36,0.0,230.02,0.0,1212.461252,100048.0,0.99,78.9,-598435.2,300821.8,0.9948,0.097,551.6,-0.09709,-74.55781,1.0,0,-1.0,-1.0,-1.0,-1.0,-1.0,0.0,0.0,0.0,0.0
1791654908.25,3219866.8,331.3,85.5,13.0,0.0,175.0,0.0,89.95,0.36,0.0,230.02,0.0,1212.461252,100048.0,0.99,78.9,-598435.2,300821.8,0.9948,0.097,551.6,-0.09709,-74.55781,1.0,0,-1.0,-1.0,-1.0,-1.0,-1.0,0.0,0.0,0.0,0.0
1791654908.76,3219866.8,331.8,85.5,13.0,0.0,175.0,0.0,89.95,0.36,0.0,230.02,0.0,1212.461252,100048.0,0.99,78.9,-598435.2,300821.8,0.9948,0.097,551.6,-0.09709,-74.55781,1.0,0,-1.0,-1.0,-1.0,-1.0,-1.0,0.0,0.0,0.0,0.0
1791654909.26,3219866.9,332.3,85.5,13.0,0.0,175.0,0.0,89.95,0.36,0.0,230.02,0.0,1212.461252,100048.0,0.99,78.9,-598435.2,300821.8,0.9948,0.097,551.6,-0.09709,-74.55781,1.0,0,-1.0,-1.0,-1.0,-1.0,-1.0,0.0,0.0,0.0,0.0
1791654909.76,3219866.9,332.8,85.5,13.0,0.0,175.0,0.0,89.95,0.36,0.0,230.02,0.0,1212.461252,100048.0,0.99,78.9,-598435.2,300821.8,0.9948,0.097,551.6,-0.09709,-74.55781,1.0,0,-1.0,-1.0,-1.0,-1.0,-1.0,0.0,0.0,0.0,0.0
1791654910.26,3219866.9,333.3,85.5,13.0,0.0,175.0,0.0,89.95,0.36,0.0,230.02,0.0,1212.461252,100048.0,0.99,78.9,-598435.2,300821.8,0.9948,0.097,551.6,-0.09709,-74.55781,1.0,0,-1.0,-1.0,-1.0,-1.0,-1.0,0.0,0.0,0.0,0.0
1791654910.76,3219866.9,333.8,85.5,13.0,0.0,175.0,0.0,89.95,0.36,0.0,230.02,0.0,1212.461252,100048.0,0.99,78.9,-598435.2,300821.8,0.9948,0.097,551.6,-0.09709,-74.55781,1.0,0,-1.0,-1.0,-1.0,-1.0,-1.0,0.0,0.0,0.0,0.0
1791654911.26,3219867.0,334.3,85.5,13.0,0.0,175.0,0.0,89.95,0.36,0.0,230.02,0.0,1212.461252,100048.0,0.99,78.9,-598435.2,300821.8,0.9948,0.097,551.6,-0.09709,-74.55781,1.0,0,-1.0,-1.0,-1.0,-1.0,-1.0,0.0,0.0,0.0,0.0
1791654911.77,3219867.0,334.8,85.5,13.0,0.0,175.0,0.0,89.95,0.36,0.0,230.02,0.0,1212.461252,100048.0,0.99,78.9,-598435.2,300821.8,0.9948,0.097,551.6,-0.09709,-74.55781,1.0,0,-1.0,-1.0,-1.0,-1.0,-1.0,0.0,0.0,0.0,0.0
1791654912.27,3219867.0,335.3,85.5,13.0,0.0,175.0,0.0,89.97,0.36,0.0,230.02,0.0,1212.461252,100048.0,0.99,78.9,-598435.2,300821.8,0.9948,0.097,551.6,-0.09709,-74.55781,1.0,0,-1.0,-1.0,-1.0,-1.0,-1.0,0.0,0.0,0.0,0.0
1791654912.77,3219867.0,335.8,85.5,13.0,0.0,175.0,0.0,89.97,0.36,0.0,230.02,0.0,1212.461252,100048.0,0.99,78.9,-598435.2,300821.8,0.9948,0.097,551.6,-0.09709,-74.55781,1.0,0,-1.0,-1.0,-1.0,-1.0,-1.0,0.0,0.0,0.0,0.0
1791654913.27,3219867.0,336.3,85.5,13.0,0.0,175.0,0.0,89.97,0.36,0.0,230.02,0.0,1212.461252,100048.0,0.99,78.9,-598435.2,300821.8,0.9948,0.097,551.6,-0.09709,-74.55781,1.0,0,-1.0,-1.0,-1.0,-1.0,-1.0,0.0,0.0,0.0,0.0
1791654913.77,3219867.0,336.8,85.5,13.0,0.0,175.0,0.0,89.97,0.36,0.0,230.02,0.0,1212.461252,100048.0,0.99,78.9,-598435.2,300821.8,0.9948,0.097,551.6,-0.09709,-74.55781,1.0,0,-1.0,-1.0,-1.0,-1.0,-1.0,0.0,0.0,0.0,0.0
1791654914.27,3219867.1,337.3,85.5,13.0,0.0,175.0,0.0,89.95,0.36,0.0,230.02,0.0,1212.461252,100048.0,0.99,78.9,-598435.2,300821.8,0.9948,0.097,551.6,-0.09709,-74.55781,1.0,0,-1.0,-1.0,-1.0,-1.0,-1.0,0.0,0.0,0.0,0.0
1791654914.77,3219867.1,337.8,85.5,13.0,0.0,175.0,0.0,89.95,0.36,0.0,230.02,0.0,1212.461252,100048.0,0.99,78.9,-598435.2,300821.8,0.9948,0.097,551.6,-0.09709,-74.55781,1.0,0,-1.0,-1.0,-1.0,-1.0,-1.0,0.0,0.0,0.0,0.0
1791654915.28,3219867.1,338.3,85.5,13.0,0.0,175.0,0.0,89.95,0.36,0.0,230.01,0.0,1212.461252,100048.0,0.99,78.9,-598435.2,300821.8,0.9948,0.097,551.6,-0.09709,-74.55781,1.0,0,-1.0,-1.0,-1.0,-1.0,-1.0,0.0,0.0,0.0,0.0
1791654915.78,3219867.1,338.8,85.5,13.0,0.0,175.0,0.0,89.95,0.36,0.0,230.01,0.0,1212.461252,100048.0,0.99,78.9,-598435.2,300821.8,0.9948,0.097,551.6,-0.09709,-74.55781,1.0,0,-1.0,-1.0,-1.0,-1.0,-1.0,0.0,0.0,0.0,0.0
1791654916.28,3219867.2,339.3,85.5,13.0,0.0,175.0,0.0,89.95,0.36,0.0,230.01,0.0,1212.461252,100048.0,0.99,78.9,-598435.2,300821.8,0.9948,0.097,551.6,-0.09709,-74.55781,1.0,0,-1.0,-1.0,-1.0,-1.0,-1.0,0.0,0.0,0.0,0.0
1791654916.78,3219867.2,339.8,85.5,13.0,0.0,175.0,0.0,89.95,0.36,0.0,230.01,0.0,1212.461252,100048.0,0.99,78.9,-598435.2,300821.8,0.9948,0.097,551.6,-0.09709,-74.55781,1.0,0,-1.0,-1.0,-1.0,-1.0,-1.0,0.0,0.0,0.0,0.0
1791654917.28,3219867.2,340.3,85.5,13.0,0.0,175.0,0.0,89.97,0.36,0.0,230.01,0.0,1212.461252,100048.0,0.99,78.9,-598435.2,300821.8,0.9948,0.097,551.6,-0.09709,-74.55781,1.0,0,-1.0,-1.0,-1.0,-1.0,-1.0,0.0,0.0,0.0,0.0
1791654917.78,3219867.2,340.8,85.5,13.0,0.0,175.0,0.0,89.97,0.36,0.0,230.01,0.0,1212.461252,100048.0,0.99,78.9,-598435.2,300821.8,0.9948,0.097,551.6,-0.09709,-74.55781,1.0,0,-1.0,-1.0,-1.0,-1.0,-1.0,0.0,0.0,0.0,0.0
1791654918.28,3219867.2,341.3,85.5,13.0,0.0,175.0,0.0,89.97,0.36,0.0,230.01,0.0,1212.461252,100048.0,0.99,78.9,-598435.2,300821.8,0.9948,0.097,551.6,-0.09709,-74.55781,1.0,0,-1.0,-1.0,-1.0,-1.0,-1.0,0.0,0.0,0.0,0.0
1791654918.79,3219867.2,341.8,85.5,13.0,0.0,175.0,0.0,89.97,0.36,0.0,230.01,0.0,1212.461252,100048.0,0.99,78.9,-598435.2,300821.8,0.9948,0.097,551.6,-0.09709,-74.55781,1.0,0,-1.0,-1.0,-1.0,-1.0,-1.0,0.0,0.0,0.0,0.0
1791654919.29,3219867.3,342.3,85.5,13.0,0.0,175.0,0.0,89.97,0.36,0.0,230.01,0.0,1212.461252,100048.0,0.99,78.9,-598435.2,300821.8,0.9948,0.097,551.6,-0.09709,-74.55781,1.0,0,-1.0,-1.0,-1.0,-1.0,-1.0,0.0,0.0,0.0,0.0
1791654919.79,3219867.3,342.8,85.5,13.0,0.0,175.0,0.0,89.97,0.36,0.0,230.01,0.0,1212.461252,100048.0,0.99,78.9,-598435.2,300821.8,0.9948,0.097,551.6,-0.09709,-74.55781,1.0,0,-1.0,-1.0,-1.0,-1.0,-1.0,0.0,0.0,0.0,0.0
1791654920.29,3219867.3,343.3,85.5,13.0,0.0,175.0,0.0,89.97,0.36,0.0,230.01,0.0,1212.461252,100048.0,0.99,78.9,-598435.2,300821.8,0.9948,0.097,551.6,-0.09709,-74.55781,1.0,0,-1.0,-1.0,-1.0,-1.0,-1.0,0.0,0.0,0.0,0.0
1791654920.79,3219867.3,343.8,85.5,13.0,0.0,175.0,0.0,89.97,0.36,0.0,230.01,0.0,1212.461252,100048.0,0.99,78.9,-598435.2,300821.8,0.9948,0.097,551.6,-0.09709,-74.55781,1.0,0,-1.0,-1.0,-1.0,-1.0,-1.0,0.0,0.0,0.0,0.0
1791654921.29,3219867.4,344.3,85.5,13.0,0.0,175.0,0.0,89.97,0.36,0.0,230.01,0.0,1212.461252,100048.0,0.99,78.9,-598435.2,300821.8,0.9948,0.097,551.6,-0.09709,-74.55781,1.0,0,-1.0,-1.0,-1.0,-1.0,-1.0,0.0,0.0,0.0,0.0
1791654921.8,3219867.4,344.8,85.5,13.0,0.0,175.0,0.0,89.97,0.36,0.0,230.01,0.0,1212.461252,100048.0,0.99,78.9,-598435.2,300821.8,0.9948,0.097,551.6,-0.09709,-74.55781,1.0,0,-1.0,-1.0,-1.0,-1.0,-1.0,0.0,0.0,0.0,0.0
1791654922.3,3219867.4,345.3,85.5,13.0,0.0,175.0,0.0,89.97,0.36,0.0,230.01,0.0,1212.461252,100048.0,0.99,78.9,-598435.2,300821.8,0.9948,0.097,551.6,-0.09709,-74.55781,1.0,0,-1.0,-1.0,-1.0,-1.0,-1.0,0.0,0.0,0.0,0.0
1791654922.8,3219867.4,345.8,85.5,13.0,0.0,175.0,0.0,89.97,0.36,0.0,230.01,0.0,1212.461252,100048.0,0.99,78.9,-598435.2,300821.8,0.9948,0.097,551.6,-0.09709,-74.55781,1.0,0,-1.0,-1.0,-1.0,-1.0,-1.0,0.0,0.0,0.0,0.0
1791654923.3,3219867.4,346.3,85.5,13.0,0.0,175.0,0.0,89.97,0.36,0.0,230.01,0.0,1212.461252,100048.0,0.99,78.9,-598435.2,300821.8,0.9948,0.097,551.6,-0.09709,-74.55781,1.0,0,-1.0,-1.0,-1.0,-1.0,-1.0,0.0,0.0,0.0,0.0
1791654923.8,3219867.4,346.8,85.5,13.0,0.0,175.0,0.0,89.97,0.36,0.0,230.01,0.0,1212.461252,100048.0,0.99,78.9,-598435.2,300821.8,0.9948,0.097,551.6,-0.09709,-74.55781,1.0,0,-1.0,-1.0,-1.0,-1.0,-1.0,0.0,0.0,0.0,0.0
1791654924.3,3219867.5,347.3,85.5,13.0,0.0,175.0,0.0,89.97,0.36,0.0,230.01,0.0,1212.461252,100048.0,0.99,78.9,-598435.2,300821.8,0.9948,0.097,551.6,-0.09709,-74.55781,1.0,0,-1.0,-1.0,-1.0,-1.0,-1.0,0.0,0.0,0.0,0.0
1791654924.8,3219867.5,347.8,85.5,13.0,0.0,175.0,0.0,89.97,0.36,0.0,230.01,0.0,1212.461252,100048.0,0.99,78.9,-598435.2,300821.8,0.9948,0.097,551.6,-0.09709,-74.55781,1.0,0,-1.0,-1.0,-1.0,-1.0,-1.0,0.0,0.0,0.0,0.0
1791654925.31,3219867.5,348.3,85.5,13.0,0.0,175.0,0.0,89.97,0.36,0.0,230.01,0.0,1212.461252,100048.0,0.99,78.9,-598435.2,300821.8,0.9948,0.097,551.6,-0.09709,-74.55781,1.0,0,-1.0,-1.0,-1.0,-1.0,-1.0,0.0,0.0,0.0,0.0
1791654925.82,3219867.5,348.8,85.5,13.0,0.0,175.0,0.0,89.97,0.36,0.0,230.01,0.0,1212.461252,100048.0,0.99,78.9,-598435.2,300821.8,0.9948,0.097,551.6,-0.09709,-74.55781,1.0,0,-1.0,-1.0,-1.0,-1.0,-1.0,0.0,0.0,0.0,0.0
1791654926.32,3219867.6,349.4,85.5,13.0,0.0,175.0,0.0,89.95,0.36,0.0,230.01,0.0,1212.461252,100048.0,0.99,78.9,-598435.2,300821.8,0.9948,0.097,551.6,-0.09709,-74.55781,1.0,0,-1.0,-1.0,-1.0,-1.0,-1.0,0.0,0.0,0.0,0.0
1791654926.82,3219867.6,349.9,85.5,13.0,0.0,175.0,0.0,89.95,0.36,0.0,230.01,0.0,1212.461252,100048.0,0.99,78.9,-598435.2,300821.8,0.9948,0.097,551.6,-0.09709,-74.55781,1.0,0,-1.0,-1.0,-1.0,-1.0,-1.0,0.0,0.0,0.0,0.0
1791654927.32,3219867.6,350.4,85.5,13.0,0.0,175.0,0.0,89.95,0.36,0.0,230.01,0.0,1212.461252,100048.0,0.99,78.9,-598435.2,300821.8,0.9948,0.097,551.6,-0.09709,-74.55781,1.0,0,-1.0,-1.0,-1.0,-1.0,-1.0,0.0,0.0,0.0,0.0
1791654927.82,3219867.6,350.9,85.5,13.0,0.0,175.0,0.0,89.95,0.36,0.0,230.01,0.0,1212.461252,100048.0,0.99,78.9,-598435.2,300821.8,0.9948,0.097,551.6,-0.09709,-74.55781,1.0,0,-1.0,-1.0,-1.0,-1.0,-1.0,0.0,0.0,0.0,0.0
1791654928.32,3219867.6,351.4,85.5,13.0,0.0,175.0,0.0,89.95,0.36,0.0,230.01,0.0,1212.461252,100048.0,0.99,78.9,-598435.2,300821.8,0.9948,0.097,551.6,-0.09709,-74.55781,1.0,0,-1.0,-1.0,-1.0,-1.0,-1.0,0.0,0.0,0.0,0.0
1791654928.82,3219867.6,351.9,85.5,13.0,0.0,175.0,0.0,89.95,0.36,0.0,230.01,0.0,1212.461252,100048.0,0.99,78.9,-598435.2,300821.8,0.9948,0.097,551.6,-0.09709,-74.55781,1.0,0,-1.0,-1.0,-1.0,-1.0,-1.0,0.0,0.0,0.0,0.0
1791654929.33,3219867.8,352.4,85.5,13.0,0.0,175.0,0.0,89.97,0.36,0.0,230.0,0.0,1212.461252,100048.0,0.99,78.9,-598435.2,300821.8,0.9948,0.097,551.6,-0.09709,-74.55781,1.0,0,-1.0,-1.0,-1.0,-1.0,-1.0,0.0,0.0,0.0,0.0
1791654929.83,3219868.3,352.9,85.5,13.0,0.0,175.0,0.0,89.95,0.36,0.0,230.0,0.0,1212.461252,100048.0,0.99,78.9,-598435.2,300821.8,0.9948,0.097,551.6,-0.09709,-74.55781,1.0,0,-1.0,-1.0,-1.0,-1.0,-1.0,0.0,0.0,0.0,0.0
1791654930.34,3219868.8,353.4,85.5,13.0,0.0,175.0,0.0,89.95,0.36,0.0,229.99,0.0,1212.461252,100048.0,0.99,78.9,-598435.2,300821.8,0.9948,0.097,551.6,-0.09709,-74.55781,1.0,0,-1.0,-1.0,-1.0,-1.0,-1.0,0.0,0.0,0.0,0.0
1791654930.84,3219869.3,353.9,85.5,13.0,0.0,175.0,0.0,89.95,0.36,0.0,229.98,0.0,1212.461252,100048.0,0.99,78.9,-598435.2,300821.8,0.9948,0.097,551.6,-0.09709,-74.55781,1.0,0,-1.0,-1.0,-1.0,-1.0,-1.0,0.0,0.0,0.0,0.0
1791654931.34,3219869.8,354.4,85.5,13.0,0.0,175.0,0.0,89.96,0.36,0.0,229.97,0.0,1212.461252,100048.0,0.99,78.9,-598435.2,300821.8,0.9948,0.097,551.6,-0.09709,-74.55781,1.0,0,-1.0,-1.0,-1.0,-1.0,-1.0,0.0,0.0,0.0,0.0
1791654931.84,3219870.2,354.9,85.5,13.0,0.0,175.0,0.0,89.95,0.36,0.0,229.96,0.0,1212.461252,100048.0,0.99,78.9,-598435.2,300821.8,0.9948,0.097,551.6,-0.09709,-74.55781,1.0,0,-1.0,-1.0,-1.0,-1.0,-1.0,0.0,0.0,0.0,0.0
1791654932.34,3219870.3,355.4,85.5,13.0,0.0,175.0,0.0,89.96,0.36,0.0,229.96,0.0,1212.461252,100048.0,0.99,78.9,-598435.2,300821.8,0.9948,0.097,551.6,-0.09709,-74.55781,1.0,0,-1.0,-1.0,-1.0,-1.0,-1.0,0.0,0.0,0.0,0.0
1791654932.84,3219870.3,355.9,85.5,13.0,0.0,175.0,0.0,89.96,0.36,0.0,229.96,0.0,1212.461252,100048.0,0.99,78.9,-598435.2,300821.8,0.9948,0.097,551.6,-0.09709,-74.55781,1.0,0,-1.0,-1.0,-1.0,-1.0,-1.0,0.0,0.0,0.0,0.0
1791654933.35,3219870.3,356.4,85.5,13.0,0.0,175.0,0.0,89.96,0.36,0.0,229.96,0.0,1212.461252,100048.0,0.99,78.9,-598435.2,300821.8,0.9948,0.097,551.6,-0.09709,-74.55781,1.0,0,-1.0,-1.0,-1.0,-1.0,-1.0,0.0,0.0,0.0,0.0
1791654933.85,3219870.3,356.9,85.5,13.0,0.0,175.0,0.0,89.96,0.36,0.0,229.96,0.0,1212.461252,100048.0,0.99,78.9,-598435.2,300821.8,0.9948,0.097,551.6,-0.09709,-74.55781,1.0,0,-1.0,-1.0,-1.0,-1.0,-1.0,0.0,0.0,0.0,0.0
1791654934.35,3219870.4,357.4,85.5,13.0,0.0,175.0,0.0,89.96,0.36,0.0,229.96,0.0,1212.461252,100048.0,0.99,78.9,-598435.2,300821.8,0.9948,0.097,551.6,-0.09709,-74.55781,1.0,0,-1.0,-1.0,-1.0,-1.0,-1.0,0.0,0.0,0.0,0.0
1791654934.85,3219870.4,357.9,85.5,13.0,0.0,175.0,0.0,89.96,0.36,0.0,229.96,0.0,1212.461252,100048.0,0.99,78.9,-598435.2,300821.8,0.9948,0.097,551.6,-0.09709,-74.55781,1.0,0,-1.0,-1.0,-1.0,-1.0,-1.0,0.0,0.0,0.0,0.0
1791654935.35,3219870.9,358.4,85.5,13.0,0.0,175.0,0.0,89.96,0.36,0.0,229.95,0.0,1212.461252,100048.0,0.99,78.9,-598435.2,300821.8,0.9948,0.097,551.6,-0.09709,-74.55781,1.0,0,-1.0,-1.0,-1.0,-1.0,-1.0,0.0,0.0,0.0,0.0
1791654935.85,3219871.4,358.9,85.5,13.0,0.0,175.0,0.0,89.95,0.36,0.0,229.94,0.0,1212.461252,100048.0,0.99,78.9,-598435.2,300821.8,0.9948,0.097,551.6,-0.09709,-74.55781,1.0,0,-1.0,-1.0,-1.0,-1.0,-1.0,0.0,0.0,0.0,0.0
1791654936.36,3219871.9,359.4,85.5,13.0,0.0,175.0,0.0,89.96,0.36,0.0,229.94,0.0,1212.461252,100048.0,0.99,78.9,-598435.2,300821.8,0.9948,0.097,551.6,-0.09709,-74.55781,1.0,0,-1.0,-1.0,-1.0,-1.0,-1.0,0.0,0.0,0.0,0.0
1791654936.86,3219872.3,359.9,85.5,13.0,0.0,175.0,0.0,89.95,0.36,0.0,229.93,0.0,1212.461252,100048.0,0.99,78.9,-598435.2,300821.8,0.9948,0.097,551.6,-0.09709,-74.55781,1.0,0,-1.0,-1.0,-1.0,-1.0,-1.0,0.0,0.0,0.0,0.0
1791654937.36,3219872.3,360.4,85.5,13.0,0.0,175.0,0.0,89.95,0.36,0.0,229.93,0.0,1212.461252,100048.0,0.99,78.9,-598435.2,300821.8,0.9948,0.097,551.6,-0.09709,-74.55781,1.0,0,-1.0,-1.0,-1.0,-1.0,-1.0,0.0,0.0,0.0,0.0
1791654937.86,3219872.4,360.9,85.5,13.0,0.0,175.0,0.0,89.96,0.36,0.0,229.93,0.0,1212.461252,100048.0,0.99,78.9,-598435.2,300821.8,0.9948,0.097,551.6,-0.09709,-74.55781,1.0,0,-1.0,-1.0,-1.0,-1.0,-1.0,0.0,0.0,0.0,0.0
1791654938.36,3219872.8,361.4,85.5,13.0,0.0,175.0,0.0,89.96,0.36,0.0,229.92,0.0,1212.461252,100048.0,0.99,78.9,-598435.2,300821.8,0.9948,0.097,551.6,-0.09709,-74.55781,1.0,0,-1.0,-1.0,-1.0,-1.0,-1.0,0.0,0.0,0.0,0.0
1791654938.86,3219873.3,361.9,85.5,13.0,0.0,175.0,0.0,89.96,0.36,0.0,229.91,0.0,1212.461252,100048.0,0.99,78.9,-598435.2,300821.8,0.9948,0.097,551.6,-0.09709,-74.55781,1.0,0,-1.0,-1.0,-1.0,-1.0,-1.0,0.0,0.0,0.0,0.0
1791654939.37,3219873.8,362.4,85.5,13.0,0.0,175.0,0.0,89.95,0.36,0.0,229.9,0.0,1212.461252,100048.0,0.99,78.9,-598435.2,300821.8,0.9948,0.097,551.6,-0.09709,-74.55781,1.0,0,-1.0,-1.0,-1.0,-1.0,-1.0,0.0,0.0,0.0,0.0
1791654939.87,3219873.9,362.9,85.5,13.0,0.0,175.0,0.0,89.95,0.36,0.0,229.9,0.0,1212.461252,100048.0,0.99,78.9,-598435.2,300821.8,0.9948,0.097,551.6,-0.09709,-74.55781,1.0,0,-1.0,-1.0,-1.0,-1.0,-1.0,0.0,0.0,0.0,0.0
1791654940.37,3219873.9,363.4,85.5,13.0,0.0,175.0,0.0,89.95,0.36,0.0,229.9,0.0,1212.461252,100048.0,0.99,78.9,-598435.2,300821.8,0.9948,0.097,551.6,-0.09709,-74.55781,1.0,0,-1.0,-1.0,-1.0,-1.0,-1.0,0.0,0.0,0.0,0.0
1791654940.87,3219873.9,363.9,85.5,13.0,0.0,175.0,0.0,89.95,0.36,0.0,229.9,0.0,1212.461252,100048.0,0.99,78.9,-598435.2,300821.8,0.9948,0.097,551.6,-0.09709,-74.55781,1.0,0,-1.0,-1.0,-1.0,-1.0,-1.0,0.0,0.0,0.0,0.0
1791654941.37,3219874.2,364.4,85.5,13.0,0.0,175.0,0.0,89.95,0.36,0.0,229.9,0.0,1212.461252,100048.0,0.99,78.9,-598435.2,300821.8,0.9948,0.097,551.6,-0.09709,-74.55781,1.0,0,-1.0,-1.0,-1.0,-1.0,-1.0,0.0,0.0,0.0,0.0
1791654941.87,3219874.7,364.9,85.5,13.0,0.0,175.0,0.0,89.95,0.36,0.0,229.89,0.0,1212.461252,100048.0,0.99,78.9,-598435.2,300821.8,0.9948,0.097,551.6,-0.09709,-74.55781,1.0,0,-1.0,-1.0,-1.0,-1.0,-1.0,0.0,0.0,0.0,0.0
1791654942.38,3219875.2,365.4,85.5,13.0,0.0,175.0,0.0,89.95,0.36,0.0,229.88,0.0,1212.461252,100048.0,0.99,78.9,-598435.2,300821.8,0.9948,0.097,551.6,-0.09709,-74.55781,1.0,0,-1.0,-1.0,-1.0,-1.0,-1.0,0.0,0.0,0.0,0.0
1791654942.88,3219875.5,365.9,85.5,13.0,0.0,175.0,0.0,89.95,0.36,0.0,229.87,0.0,1212.461252,100048.0,0.99,78.9,-598435.2,300821.8,0.9948,0.097,551.6,-0.09709,-74.55781,1.0,0,-1.0,-1.0,-1.0,-1.0,-1.0,0.0,0.0,0.0,0.0
1791654943.38,3219875.5,366.4,85.5,13.0,0.0,175.0,0.0,89.95,0.36,0.0,229.87,0.0,1212.461252,100048.0,0.99,78.9,-598435.2,300821.8,0.9948,0.097,551.6,-0.09709,-74.55781,1.0,0,-1.0,-1.0,-1.0,-1.0,-1.0,0.0,0.0,0.0,0.0
1791654943.88,3219875.6,366.9,85.5,13.0,0.0,175.0,0.0,89.95,0.36,0.0,229.87,0.0,1212.461252,100048.0,0.99,78.9,-598435.2,300821.8,0.9948,0.097,551.6,-0.09709,-74.55781,1.0,0,-1.0,-1.0,-1.0,-1.0,-1.0,0.0,0.0,0.0,0.0
1791654944.38,3219875.6,367.4,85.5,13.0,0.0,175.0,0.0,89.95,0.36,0.0,229.87,0.0,1212.461252,100048.0,0.99,78.9,-598435.2,300821.8,0.9948,0.097,551.6,-0.09709,-74.55781,1.0,0,-1.0,-1.0,-1.0,-1.0,-1.0,0.0,0.0,0.0,0.0
1791654944.88,3219875.6,367.9,85.5,13.0,0.0,175.0,0.0,89.95,0.36,0.0,229.87,0.0,1212.461252,100048.0,0.99,78.9,-598435.2,300821.8,0.9948,0.097,551.6,-0.09709,-74.55781,1.0,0,-1.0,-1.0,-1.0,-1.0,-1.0,0.0,0.0,0.0,0.0
1791654945.38,3219875.7,368.4,85.5,13.0,0.0,175.0,0.0,89.95,0.36,0.0,229.87,0.0,1212.461252,100048.0,0.99,78.9,-598435.2,300821.8,0.9948,0.097,551.6,-0.09709,-74.55781,1.0,0,-1.0,-1.0,-1.0,-1.0,-1.0,0.0,0.0,0.0,0.0
1791654945.89,3219876.2,368.9,85.5,13.0,0.0,175.0,0.0,89.95,0.36,0.0,229.86,0.0,1212.461252,100048.0,0.99,78.9,-598435.2,300821.8,0.9948,0.097,551.6,-0.09709,-74.55781,1.0,0,-1.0,-1.0,-1.0,-1.0,-1.0,0.0,0.0,0.0,0.0
1791654946.39,3219876.7,369.4,85.5,13.0,0.0,175.0,0.0,89.95,0.36,0.0,229.85,0.0,1212.461252,100048.0,0.99,78.9,-598435.2,300821.8,0.9948,0.097,551.6,-0.09709,-74.55781,1.0,0,-1.0,-1.0,-1.0,-1.0,-1.0,0.0,0.0,0.0,0.0
1791654946.89,3219877.2,369.9,85.5,13.0,0.0,175.0,0.0,89.95,0.36,0.0,229.85,0.0,1212.461252,100048.0,0.99,78.9,-598435.2,300821.8,0.9948,0.097,551.6,-0.09709,-74.55781,1.0,0,-1.0,-1.0,-1.0,-1.0,-1.0,0.0,0.0,0.0,0.0
1791654947.48,3219877.7,370.5,85.5,13.0,0.0,175.0,0.0,89.97,0.36,0.0,229.84,0.0,1212.461252,100048.0,0.99,78.9,-598435.2,300821.8,0.9948,0.097,551.6,-0.09709,-74.55781,1.0,0,-1.0,-1.0,-1.0,-1.0,-1.0,0.0,0.0,0.0,0.0
1791654947.98,3219878.2,371.0,85.5,13.0,0.0,175.0,0.0,89.97,0.36,0.0,229.83,0.0,1212.461252,100048.0,0.99,78.9,-598435.2,300821.8,0.9948,0.097,551.6,-0.09709,-74.55781,1.0,0,-1.0,-1.0,-1.0,-1.0,-1.0,0.0,0.0,0.0,0.0
1791654948.49,3219878.7,371.5,85.5,13.0,0.0,175.0,0.0,89.96,0.36,0.0,229.82,0.0,1212.461252,100048.0,0.99,78.9,-598435.2,300821.8,0.9948,0.097,551.6,-0.09709,-74.55781,1.0,0,-1.0,-1.0,-1.0,-1.0,-1.0,0.0,0.0,0.0,0.0
1791654948.99,3219879.2,372.0,85.5,13.0,0.0,175.0,0.0,89.96,0.36,0.0,229.81,0.0,1212.461252,100048.0,0.99,78.9,-598435.2,300821.8,0.9948,0.097,551.6,-0.09709,-74.55781,1.0,0,-1.0,-1.0,-1.0,-1.0,-1.0,0.0,0.0,0.0,0.0
1791654949.49,3219879.7,372.5,85.5,13.0,0.0,175.0,0.0,89.96,0.36,0.0,229.8,0.0,1212.461252,100048.0,0.99,78.9,-598435.2,300821.8,0.9948,0.097,551.6,-0.09709,-74.55781,1.0,0,-1.0,-1.0,-1.0,-1.0,-1.0,0.0,0.0,0.0,0.0
1791654949.99,3219880.2,373.0,85.5,13.0,0.0,175.0,0.0,89.95,0.36,0.0,229.8,0.0,1212.461252,100048.0,0.99,78.9,-598435.2,300821.8,0.9948,0.097,551.6,-0.09709,-74.55781,1.0,0,-1.0,-1.0,-1.0,-1.0,-1.0,0.0,0.0,0.0,0.0
1791654950.49,3219880.7,373.5,85.5,13.0,0.0,175.0,0.0,89.96,0.36,0.0,229.79,0.0,1212.461252,100048.0,0.99,78.9,-598435.2,300821.8,0.9948,0.097,551.6,-0.09709,-74.55781,1.0,0,-1.0,-1.0,-1.0,-1.0,-1.0,0.0,0.0,0.0,0.0
1791654951.0,3219881.2,374.0,85.5,13.0,0.0,175.0,0.0,89.95,0.36,0.0,229.78,0.0,1212.461252,100048.0,0.99,78.9,-598435.2,300821.8,0.9948,0.097,551.6,-0.09709,-74.55781,1.0,0,-1.0,-1.0,-1.0,-1.0,-1.0,0.0,0.0,0.0,0.0
1791654951.5,3219881.7,374.5,85.5,13.0,0.0,175.0,0.0,89.95,0.36,0.0,229.77,0.0,1212.461252,100048.0,0.99,78.9,-598435.2,300821.8,0.9948,0.097,551.6,-0.09709,-74.55781,1.0,0,-1.0,-1.0,-1.0,-1.0,-1.0,0.0,0.0,0.0,0.0
1791654952.0,3219882.2,375.0,85.5,13.0,0.0,175.0,0.0,89.95,0.36,0.0,229.76,0.0,1212.461252,100048.0,0.99,78.9,-598435.2,300821.8,0.9948,0.097,551.6,-0.09709,-74.55781,1.0,0,-1.0,-1.0,-1.0,-1.0,-1.0,0.0,0.0,0.0,0.0
1791654952.5,3219882.7,375.5,85.5,13.0,0.0,175.0,0.0,89.95,0.36,0.0,229.75,0.0,1212.461252,100048.0,0.99,78.9,-598435.2,300821.8,0.9948,0.097,551.6,-0.09709,-74.55781,1.0,0,-1.0,-1.0,-1.0,-1.0,-1.0,0.0,0.0,0.0,0.0
1791654953.0,3219883.2,376.0,85.5,13.0,0.0,175.0,0.0,89.96,0.36,0.0,229.75,0.0,1212.461252,100048.0,0.99,78.9,-598435.2,300821.8,0.9948,0.097,551.6,-0.09709,-74.55781,1.0,0,-1.0,-1.0,-1.0,-1.0,-1.0,0.0,0.0,0.0,0.0
1791654953.5,3219883.3,376.5,85.5,13.0,0.0,175.0,0.0,89.96,0.36,0.0,229.75,0.0,1212.461252,100048.0,0.99,78.9,-598435.2,300821.8,0.9948,0.097,551.6,-0.09709,-74.55781,1.0,0,-1.0,-1.0,-1.0,-1.0,-1.0,0.0,0.0,0.0,0.0
1791654954.01,3219883.3,377.0,85.5,13.0,0.0,175.0,0.0,89.96,0.36,0.0,229.75,0.0,1212.461252,100048.0,0.99,78.9,-598435.2,300821.8,0.9948,0.097,551.6,-0.09709,-74.55781,1.0,0,-1.0,-1.0,-1.0,-1.0,-1.0,0.0,0.0,0.0,0.0
1791654954.51,3219883.3,377.5,85.5,13.0,0.0,175.0,0.0,89.96,0.36,0.0,229.74,0.0,1212.461252,100048.0,0.99,78.9,-598435.2,300821.8,0.9948,0.097,551.6,-0.09709,-74.55781,1.0,0,-1.0,-1.0,-1.0,-1.0,-1.0,0.0,0.0,0.0,0.0
1791654955.01,3219883.3,378.0,85.5,13.0,0.0,175.0,0.0,89.96,0.36,0.0,229.74,0.0,1212.461252,100048.0,0.99,78.9,-598435.2,300821.8,0.9948,0.097,551.6,-0.09709,-74.55781,1.0,0,-1.0,-1.0,-1.0,-1.0,-1.0,0.0,0.0,0.0,0.0
1791654955.51,3219883.3,378.5,85.5,13.0,0.0,175.0,0.0,89.96,0.36,0.0,229.74,0.0,1212.461252,100048.0,0.99,78.9,-598435.2,300821.8,0.9948,0.097,551.6,-0.09709,-74.55781,1.0,0,-1.0,-1.0,-1.0,-1.0,-1.0,0.0,0.0,0.0,0.0
1791654956.01,3219883.3,379.0,85.5,13.0,0.0,175.0,0.0,89.96,0.36,0.0,229.74,0.0,1212.461252,100048.0,0.99,78.9,-598435.2,300821.8,0.9948,0.097,551.6,-0.09709,-74.55781,1.0,0,-1.0,-1.0,-1.0,-1.0,-1.0,0.0,0.0,0.0,0.0
1791654956.51,3219883.4,379.5,85.5,13.0,0.0,175.0,0.0,89.95,0.36,0.0,229.74,0.0,1212.461252,100048.0,0.99,78.9,-598435.2,300821.8,0.9948,0.097,551.6,-0.09709,-74.55781,1.0,0,-1.0,-1.0,-1.0,-1.0,-1.0,0.0,0.0,0.0,0.0
1791654957.01,3219883.4,380.0,85.5,13.0,0.0,175.0,0.0,89.95,0.36,0.0,229.74,0.0,1212.461252,100048.0,0.99,78.9,-598435.2,300821.8,0.9948,0.097,551.6,-0.09709,-74.55781,1.0,0,-1.0,-1.0,-1.0,-1.0,-1.0,0.0,0.0,0.0,0.0
1791654957.52,3219883.4,380.6,85.5,13.0,0.0,175.0,0.0,89.95,0.36,0.0,229.74,0.0,1212.461252,100048.0,0.99,78.9,-598435.2,300821.8,0.9948,0.097,551.6,-0.09709,-74.55781,1.0,0,-1.0,-1.0,-1.0,-1.0,-1.0,0.0,0.0,0.0,0.0
1791654958.02,3219883.4,381.1,85.5,13.0,0.0,175.0,0.0,89.95,0.36,0.0,229.74,0.0,1212.461252,100048.0,0.99,78.9,-598435.2,300821.8,0.9948,0.097,551.6,-0.09709,-74.55781,1.0,0,-1.0,-1.0,-1.0,-1.0,-1.0,0.0,0.0,0.0,0.0
1791654958.52,3219883.5,381.6,85.5,13.0,0.0,175.0,0.0,89.95,0.36,0.0,229.74,0.0,1212.461252,100048.0,0.99,78.9,-598435.2,300821.8,0.9948,0.097,551.6,-0.09709,-74.55781,1.0,0,-1.0,-1.0,-1.0,-1.0,-1.0,0.0,0.0,0.0,0.0
1791654959.02,3219883.6,382.1,85.5,13.0,0.0,175.0,0.0,89.95,0.36,0.0,229.74,0.0,1212.461252,100048.0,0.99,78.9,-598435.2,300821.8,0.9948,0.097,551.6,-0.09709,-74.55781,1.0,0,-1.0,-1.0,-1.0,-1.0,-1.0,0.0,0.0,0.0,0.0
1791654959.52,3219884.0,382.6,85.5,13.0,0.0,175.0,0.0,89.95,0.36,0.0,229.73,0.0,1212.461252,100048.0,0.99,78.9,-598435.2,300821.8,0.9948,0.097,551.6,-0.09709,-74.55781,1.0,0,-1.0,-1.0,-1.0,-1.0,-1.0,0.0,0.0,0.0,0.0
1791654960.03,3219884.5,383.1,85.5,13.0,0.0,175.0,0.0,89.96,0.36,0.0,229.73,0.0,1212.461252,100048.0,0.99,78.9,-598435.2,300821.8,0.9948,0.097,551.6,-0.09709,-74.55781,1.0,0,-1.0,-1.0,-1.0,-1.0,-1.0,0.0,0.0,0.0,0.0
1791654960.53,3219885.0,383.6,85.5,13.0,0.0,175.0,0.0,89.95,0.36,0.0,229.72,0.0,1212.461252,100048.0,0.99,78.9,-598435.2,300821.8,0.9948,0.097,551.6,-0.09709,-74.55781,1.0,0,-1.0,-1.0,-1.0,-1.0,-1.0,0.0,0.0,0.0,0.0
1791654961.03,3219885.5,384.1,85.5,13.0,0.0,175.0,0.0,89.97,0.36,0.0,229.71,0.0,1212.461252,100048.0,0.99,78.9,-598435.2,300821.8,0.9948,0.097,551.6,-0.09709,-74.55781,1.0,0,-1.0,-1.0,-1.0,-1.0,-1.0,0.0,0.0,0.0,0.0
1791654961.53,3219886.0,384.6,85.5,13.0,0.0,175.0,0.0,89.95,0.36,0.0,229.7,0.0,1212.461252,100048.0,0.99,78.9,-598435.2,300821.8,0.9948,0.097,551.6,-0.09709,-74.55781,1.0,0,-1.0,-1.0,-1.0,-1.0,-1.0,0.0,0.0,0.0,0.0
1791654962.03,3219886.5,385.1,85.5,13.0,0.0,175.0,0.0,89.96,0.36,0.0,229.69,0.0,1212.461252,100048.0,0.99,78.9,-598435.2,300821.8,0.9948,0.097,551.6,-0.09709,-74.55781,1.0,0,-1.0,-1.0,-1.0,-1.0,-1.0,0.0,0.0,0.0,0.0
1791654962.54,3219887.0,385.6,85.5,13.0,0.0,175.0,0.0,89.95,0.36,0.0,229.68,0.0,1212.461252,100048.0,0.99,78.9,-598435.2,300821.8,0.9948,0.097,551.6,-0.09709,-74.55781,1.0,0,-1.0,-1.0,-1.0,-1.0,-1.0,0.0,0.0,0.0,0.0
1791654963.04,3219887.5,386.1,85.5,13.0,0.0,175.0,0.0,89.95,0.36,0.0,229.68,0.0,1212.461252,100048.0,0.99,78.9,-598435.2,300821.8,0.9948,0.097,551.6,-0.09709,-74.55781,1.0,0,-1.0,-1.0,-1.0,-1.0,-1.0,0.0,0.0,0.0,0.0
1791654963.54,3219888.0,386.6,85.5,13.0,0.0,175.0,0.0,89.97,0.36,0.0,229.67,0.0,1212.461252,100048.0,0.99,78.9,-598435.2,300821.8,0.9948,0.097,551.6,-0.09709,-74.55781,1.0,0,-1.0,-1.0,-1.0,-1.0,-1.0,0.0,0.0,0.0,0.0
1791654964.06,3219888.5,387.1,85.5,13.0,0.0,175.0,0.0,89.97,0.36,0.0,229.66,0.0,1212.461252,100048.0,0.99,78.9,-598435.2,300821.8,0.9948,0.097,551.6,-0.09709,-74.55781,1.0,0,-1.0,-1.0,-1.0,-1.0,-1.0,0.0,0.0,0.0,0.0
1791654964.56,3219889.0,387.6,85.5,13.0,0.0,175.0,0.0,89.97,0.36,0.0,229.65,0.0,1212.461252,100048.0,0.99,78.9,-598435.2,300821.8,0.9948,0.097,551.6,-0.09709,-74.55781,1.0,0,-1.0,-1.0,-1.0,-1.0,-1.0,0.0,0.0,0.0,0.0
1791654965.06,3219889.4,388.1,85.5,13.0,0.0,175.0,0.0,89.97,0.36,0.0,229.64,0.0,1212.461252,100048.0,0.99,78.9,-598435.2,300821.8,0.9948,0.097,551.6,-0.09709,-74.55781,1.0,0,-1.0,-1.0,-1.0,-1.0,-1.0,0.0,0.0,0.0,0.0
1791654965.56,3219889.9,388.6,85.5,13.0,0.0,175.0,0.0,89.95,0.36,0.0,229.63,0.0,1212.461252,100048.0,0.99,78.9,-598435.2,300821.8,0.9948,0.097,551.6,-0.09709,-74.55781,1.0,0,-1.0,-1.0,-1.0,-1.0,-1.0,0.0,0.0,0.0,0.0
1791654966.07,3219890.4,389.1,85.5,13.0,0.0,175.0,0.0,89.96,0.36,0.0,229.63,0.0,1212.461252,100048.0,0.99,78.9,-598435.2,300821.8,0.9948,0.097,551.6,-0.09709,-74.55781,1.0,0,-1.0,-1.0,-1.0,-1.0,-1.0,0.0,0.0,0.0,0.0
1791654966.57,3219890.9,389.6,85.5,13.0,0.0,175.0,0.0,89.96,0.36,0.0,229.62,0.0,1212.461252,100048.0,0.99,78.9,-598435.2,300821.8,0.9948,0.097,551.6,-0.09709,-74.55781,1.0,0,-1.0,-1.0,-1.0,-1.0,-1.0,0.0,0.0,0.0,0.0
1791654967.07,3219891.4,390.1,85.5,13.0,0.0,175.0,0.0,89.97,0.36,0.0,229.61,0.0,1212.461252,100048.0,0.99,78.9,-598435.2,300821.8,0.9948,0.097,551.6,-0.09709,-74.55781,1.0,0,-1.0,-1.0,-1.0,-1.0,-1.0,0.0,0.0,0.0,0.0
1791654967.57,3219891.9,390.6,85.5,13.0,0.0,175.0,0.0,89.95,0.36,0.0,229.6,0.0,1212.461252,100048.0,0.99,78.9,-598435.2,300821.8,0.9948,0.097,551.6,-0.09709,-74.55781,1.0,0,-1.0,-1.0,-1.0,-1.0,-1.0,0.0,0.0,0.0,0.0
1791654968.07,3219892.3,391.1,85.5,13.0,0.0,175.0,0.0,89.95,0.36,0.0,229.6,0.0,1212.461252,100048.0,0.99,78.9,-598435.2,300821.8,0.9948,0.097,551.6,-0.09709,-74.55781,1.0,0,-1.0,-1.0,-1.0,-1.0,-1.0,0.0,0.0,0.0,0.0
1791654968.57,3219892.3,391.6,85.5,13.0,0.0,175.0,0.0,89.95,0.36,0.0,229.6,0.0,1212.461252,100048.0,0.99,78.9,-598435.2,300821.8,0.9948,0.097,551.6,-0.09709,-74.55781,1.0,0,-1.0,-1.0,-1.0,-1.0,-1.0,0.0,0.0,0.0,0.0
1791654969.08,3219892.3,392.1,85.5,13.0,0.0,175.0,0.0,89.96,0.36,0.0,229.59,0.0,1212.461252,100048.0,0.99,78.9,-598435.2,300821.8,0.9948,0.097,551.6,-0.09709,-74.55781,1.0,0,-1.0,-1.0,-1.0,-1.0,-1.0,0.0,0.0,0.0,0.0
1791654969.58,3219892.3,392.6,85.5,13.0,0.0,175.0,0.0,89.96,0.36,0.0,229.59,0.0,1212.461252,100048.0,0.99,78.9,-598435.2,300821.8,0.9948,0.097,551.6,-0.09709,-74.55781,1.0,0,-1.0,-1.0,-1.0,-1.0,-1.0,0.0,0.0,0.0,0.0
1791654970.08,3219892.3,393.1,85.5,13.0,0.0,175.0,0.0,89.97,0.36,0.0,229.59,0.0,1212.461252,100048.0,0.99,78.9,-598435.2,300821.8,0.9948,0.097,551.6,-0.09709,-74.55781,1.0,0,-1.0,-1.0,-1.0,-1.0,-1.0,0.0,0.0,0.0,0.0
1791654970.58,3219892.3,393.6,85.5,13.0,0.0,175.0,0.0,89.97,0.36,0.0,229.59,0.0,1212.461252,100048.0,0.99,78.9,-598435.2,300821.8,0.9948,0.097,551.6,-0.09709,-74.55781,1.0,0,-1.0,-1.0,-1.0,-1.0,-1.0,0.0,0.0,0.0,0.0
1791654971.08,3219892.4,394.1,85.5,13.0,0.0,175.0,0.0,89.97,0.36,0.0,229.59,0.0,1212.461252,100048.0,0.99,78.9,-598435.2,300821.8,0.9948,0.097,551.6,-0.09709,-74.55781,1.0,0,-1.0,-1.0,-1.0,-1.0,-1.0,0.0,0.0,0.0,0.0
1791654971.58,3219892.4,394.6,85.5,13.0,0.0,175.0,0.0,89.97,0.36,0.0,229.59,0.0,1212.461252,100048.0,0.99,78.9,-598435.2,300821.8,0.9948,0.097,551.6,-0.09709,-74.55781,1.0,0,-1.0,-1.0,-1.0,-1.0,-1.0,0.0,0.0,0.0,0.0
1791654972.09,3219892.4,395.1,85.5,13.0,0.0,175.0,0.0,89.97,0.36,0.0,229.59,0.0,1212.461252,100048.0,0.99,78.9,-598435.2,300821.8,0.9948,0.097,551.6,-0.09709,-74.55781,1.0,0,-1.0,-1.0,-1.0,-1.0,-1.0,0.0,0.0,0.0,0.0
1791654972.59,3219892.4,395.6,85.5,13.0,0.0,175.0,0.0,89.97,0.36,0.0,229.59,0.0,1212.461252,100048.0,0.99,78.9,-598435.2,300821.8,0.9948,0.097,551.6,-0.09709,-74.55781,1.0,0,-1.0,-1.0,-1.0,-1.0,-1.0,0.0,0.0,0.0,0.0
1791654973.09,3219892.5,396.1,85.5,13.0,0.0,175.0,0.0,89.97,0.36,0.0,229.59,0.0,1212.461252,100048.0,0.99,78.9,-598435.2,300821.8,0.9948,0.097,551.6,-0.09709,-74.55781,1.0,0,-1.0,-1.0,-1.0,-1.0,-1.0,0.0,0.0,0.0,0.0
1791654973.59,3219892.5,396.6,85.5,13.0,0.0,175.0,0.0,89.97,0.36,0.0,229.59,0.0,1212.461252,100048.0,0.99,78.9,-598435.2,300821.8,0.9948,0.097,551.6,-0.09709,-74.55781,1.0,0,-1.0,-1.0,-1.0,-1.0,-1.0,0.0,0.0,0.0,0.0
1791654974.09,3219892.5,397.1,85.5,13.0,0.0,175.0,0.0,89.97,0.36,0.0,229.59,0.0,1212.461252,100048.0,0.99,78.9,-598435.2,300821.8,0.9948,0.097,551.6,-0.09709,-74.55781,1.0,0,-1.0,-1.0,-1.0,-1.0,-1.0,0.0,0.0,0.0,0.0
1791654974.59,3219892.5,397.6,85.5,13.0,0.0,175.0,0.0,89.97,0.36,0.0,229.59,0.0,1212.461252,100048.0,0.99,78.9,-598435.2,300821.8,0.9948,0.097,551.6,-0.09709,-74.55781,1.0,0,-1.0,-1.0,-1.0,-1.0,-1.0,0.0,0.0,0.0,0.0
1791654975.09,3219892.5,398.1,85.5,13.0,0.0,175.0,0.0,89.97,0.36,0.0,229.59,0.0,1212.461252,100048.0,0.99,78.9,-598435.2,300821.8,0.9948,0.097,551.6,-0.09709,-74.55781,1.0,0,-1.0,-1.0,-1.0,-1.0,-1.0,0.0,0.0,0.0,0.0
1791654975.6,3219892.5,398.6,85.5,13.0,0.0,175.0,0.0,89.97,0.36,0.0,229.59,0.0,1212.461252,100048.0,0.99,78.9,-598435.2,300821.8,0.9948,0.097,551.6,-0.09709,-74.55781,1.0,0,-1.0,-1.0,-1.0,-1.0,-1.0,0.0,0.0,0.0,0.0
1791654976.1,3219892.6,399.1,85.5,13.0,0.0,175.0,0.0,89.97,0.36,0.0,229.59,0.0,1212.461252,100048.0,0.99,78.9,-598435.2,300821.8,0.9948,0.097,551.6,-0.09709,-74.55781,1.0,0,-1.0,-1.0,-1.0,-1.0,-1.0,0.0,0.0,0.0,0.0
1791654976.6,3219892.6,399.6,85.5,13.0,0.0,175.0,0.0,89.97,0.36,0.0,229.59,0.0,1212.461252,100048.0,0.99,78.9,-598435.2,300821.8,0.9948,0.097,551.6,-0.09709,-74.55781,1.0,0,-1.0,-1.0,-1.0,-1.0,-1.0,0.0,0.0,0.0,0.0
1791654977.1,3219892.6,400.1,85.5,13.0,0.0,175.0,0.0,89.97,0.36,0.0,229.59,0.0,1212.461252,100048.0,0.99,78.9,-598435.2,300821.8,0.9948,0.097,551.6,-0.09709,-74.55781,1.0,0,-1.0,-1.0,-1.0,-1.0,-1.0,0.0,0.0,0.0,0.0
1791654977.6,3219892.6,400.6,85.5,13.0,0.0,175.0,0.0,89.97,0.36,0.0,229.59,0.0,1212.461252,100048.0,0.99,78.9,-598435.2,300821.8,0.9948,0.097,551.6,-0.09709,-74.55781,1.0,0,-1.0,-1.0,-1.0,-1.0,-1.0,0.0,0.0,0.0,0.0
1791654978.1,3219892.7,401.1,85.5,13.0,0.0,175.0,0.0,89.97,0.36,0.0,229.59,0.0,1212.461252,100048.0,0.99,78.9,-598435.2,300821.8,0.9948,0.097,551.6,-0.09709,-74.55781,1.0,0,-1.0,-1.0,-1.0,-1.0,-1.0,0.0,0.0,0.0,0.0
1791654978.6,3219892.7,401.6,85.5,13.0,0.0,175.0,0.0,89.97,0.36,0.0,229.59,0.0,1212.461252,100048.0,0.99,78.9,-598435.2,300821.8,0.9948,0.097,551.6,-0.09709,-74.55781,1.0,0,-1.0,-1.0,-1.0,-1.0,-1.0,0.0,0.0,0.0,0.0
1791654979.11,3219892.7,402.1,85.5,13.0,0.0,175.0,0.0,89.97,0.36,0.0,229.59,0.0,1212.461252,100048.0,0.99,78.9,-598435.2,300821.8,0.9948,0.097,551.6,-0.09709,-74.55781,1.0,0,-1.0,-1.0,-1.0,-1.0,-1.0,0.0,0.0,0.0,0.0
1791654979.61,3219892.7,402.6,85.5,13.0,0.0,175.0,0.0,89.97,0.36,0.0,229.59,0.0,1212.461252,100048.0,0.99,78.9,-598435.2,300821.8,0.9948,0.097,551.6,-0.09709,-74.55781,1.0,0,-1.0,-1.0,-1.0,-1.0,-1.0,0.0,0.0,0.0,0.0
1791654980.11,3219892.7,403.1,85.5,13.0,0.0,175.0,0.0,89.97,0.36,0.0,229.59,0.0,1212.461252,100048.0,0.99,78.9,-598435.2,300821.8,0.9948,0.097,551.6,-0.09709,-74.55781,1.0,0,-1.0,-1.0,-1.0,-1.0,-1.0,0.0,0.0,0.0,0.0
1791654980.61,3219892.7,403.6,85.5,13.0,0.0,175.0,0.0,89.97,0.36,0.0,229.59,0.0,1212.461252,100048.0,0.99,78.9,-598435.2,300821.8,0.9948,0.097,551.6,-0.09709,-74.55781,1.0,0,-1.0,-1.0,-1.0,-1.0,-1.0,0.0,0.0,0.0,0.0
1791654981.11,3219892.8,404.1,85.5,13.0,0.0,175.0,0.0,89.97,0.36,0.0,229.59,0.0,1212.461252,100048.0,0.99,78.9,-598435.2,300821.8,0.9948,0.097,551.6,-0.09709,-74.55781,1.0,0,-1.0,-1.0,-1.0,-1.0,-1.0,0.0,0.0,0.0,0.0
1791654981.61,3219892.8,404.6,85.5,13.0,0.0,175.0,0.0,89.97,0.36,0.0,229.59,0.0,1212.461252,100048.0,0.99,78.9,-598435.2,300821.8,0.9948,0.097,551.6,-0.09709,-74.55781,1.0,0,-1.0,-1.0,-1.0,-1.0,-1.0,0.0,0.0,0.0,0.0
1791654982.12,3219892.8,405.2,85.5,13.0,0.0,175.0,0.0,89.97,0.36,0.0,229.59,0.0,1212.461252,100048.0,0.99,78.9,-598435.2,300821.8,0.9948,0.097,551.6,-0.09709,-74.55781,1.0,0,-1.0,-1.0,-1.0,-1.0,-1.0,0.0,0.0,0.0,0.0
1791654982.62,3219892.8,405.7,85.5,13.0,0.0,175.0,0.0,89.97,0.36,0.0,229.59,0.0,1212.461252,100048.0,0.99,78.9,-598435.2,300821.8,0.9948,0.097,551.6,-0.09709,-74.55781,1.0,0,-1.0,-1.0,-1.0,-1.0,-1.0,0.0,0.0,0.0,0.0
1791654983.12,3219892.8,406.2,85.5,13.0,0.0,175.0,0.0,89.97,0.36,0.0,229.59,0.0,1212.461252,100048.0,0.99,78.9,-598435.2,300821.8,0.9948,0.097,551.6,-0.09709,-74.55781,1.0,0,-1.0,-1.0,-1.0,-1.0,-1.0,0.0,0.0,0.0,0.0
1791654983.62,3219892.9,406.7,85.5,13.0,0.0,175.0,0.0,89.97,0.36,0.0,229.59,0.0,1212.461252,100048.0,0.99,78.9,-598435.2,300821.8,0.9948,0.097,551.6,-0.09709,-74.55781,1.0,0,-1.0,-1.0,-1.0,-1.0,-1.0,0.0,0.0,0.0,0.0
1791654984.12,3219892.9,407.2,85.5,13.0,0.0,175.0,0.0,89.97,0.36,0.0,229.59,0.0,1212.461252,100048.0,0.99,78.9,-598435.2,300821.8,0.9948,0.097,551.6,-0.09709,-74.55781,1.0,0,-1.0,-1.0,-1.0,-1.0,-1.0,0.0,0.0,0.0,0.0
1791654984.62,3219892.9,407.7,85.5,13.0,0.0,175.0,0.0,89.97,0.36,0.0,229.58,0.0,1212.461252,100048.0,0.99,78.9,-598435.2,300821.8,0.9948,0.097,551.6,-0.09709,-74.55781,1.0,0,-1.0,-1.0,-1.0,-1.0,-1.0,0.0,0.0,0.0,0.0
1791654985.13,3219892.9,408.2,85.5,13.0,0.0,175.0,0.0,89.97,0.36,0.0,229.58,0.0,1212.461252,100048.0,0.99,78.9,-598435.2,300821.8,0.9948,0.097,551.6,-0.09709,-74.55781,1.0,0,-1.0,-1.0,-1.0,-1.0,-1.0,0.0,0.0,0.0,0.0
1791654985.63,3219892.9,408.7,85.5,13.0,0.0,175.0,0.0,89.95,0.36,0.0,229.58,0.0,1212.461252,100048.0,0.99,78.9,-598435.2,300821.8,0.9948,0.097,551.6,-0.09709,-74.55781,1.0,0,-1.0,-1.0,-1.0,-1.0,-1.0,0.0,0.0,0.0,0.0
1791654986.13,3219892.9,409.2,85.5,13.0,0.0,175.0,0.0,89.95,0.36,0.0,229.58,0.0,1212.461252,100048.0,0.99,78.9,-598435.2,300821.8,0.9948,0.097,551.6,-0.09709,-74.55781,1.0,0,-1.0,-1.0,-1.0,-1.0,-1.0,0.0,0.0,0.0,0.0
1791654986.63,3219893.0,409.7,85.5,13.0,0.0,175.0,0.0,89.97,0.36,0.0,229.58,0.0,1212.461252,100048.0,0.99,78.9,-598435.2,300821.8,0.9948,0.097,551.6,-0.09709,-74.55781,1.0,0,-1.0,-1.0,-1.0,-1.0,-1.0,0.0,0.0,0.0,0.0
1791654987.13,3219893.0,410.2,85.5,13.0,0.0,175.0,0.0,89.97,0.36,0.0,229.58,0.0,1212.461252,100048.0,0.99,78.9,-598435.2,300821.8,0.9948,0.097,551.6,-0.09709,-74.55781,1.0,0,-1.0,-1.0,-1.0,-1.0,-1.0,0.0,0.0,0.0,0.0
1791654987.63,3219893.0,410.7,85.5,13.0,0.0,175.0,0.0,89.97,0.36,0.0,229.58,0.0,1212.461252,100048.0,0.99,78.9,-598435.2,300821.8,0.9948,0.097,551.6,-0.09709,-74.55781,1.0,0,-1.0,-1.0,-1.0,-1.0,-1.0,0.0,0.0,0.0,0.0
1791654988.13,3219893.0,411.2,85.5,13.0,0.0,175.0,0.0,89.97,0.36,0.0,229.58,0.0,1212.461252,100048.0,0.99,78.9,-598435.2,300821.8,0.9948,0.097,551.6,-0.09709,-74.55781,1.0,0,-1.0,-1.0,-1.0,-1.0,-1.0,0.0,0.0,0.0,0.0
1791654988.64,3219893.1,411.7,85.5,13.0,0.0,175.0,0.0,89.95,0.36,0.0,229.58,0.0,1212.461252,100048.0,0.99,78.9,-598435.2,300821.8,0.9948,0.097,551.6,-0.09709,-74.55781,1.0,0,-1.0,-1.0,-1.0,-1.0,-1.0,0.0,0.0,0.0,0.0
1791654989.14,3219893.1,412.2,85.5,13.0,0.0,175.0,0.0,89.95,0.36,0.0,229.58,0.0,1212.461252,100048.0,0.99,78.9,-598435.2,300821.8,0.9948,0.097,551.6,-0.09709,-74.55781,1.0,0,-1.0,-1.0,-1.0,-1.0,-1.0,0.0,0.0,0.0,0.0
1791654989.64,3219893.1,412.7,85.5,13.0,0.0,175.0,0.0,89.95,0.36,0.0,229.58,0.0,1212.461252,100048.0,0.99,78.9,-598435.2,300821.8,0.9948,0.097,551.6,-0.09709,-74.55781,1.0,0,-1.0,-1.0,-1.0,-1.0,-1.0,0.0,0.0,0.0,0.0
1791654990.14,3219893.1,413.2,85.5,13.0,0.0,175.0,0.0,89.95,0.36,0.0,229.58,0.0,1212.461252,100048.0,0.99,78.9,-598435.2,300821.8,0.9948,0.097,551.6,-0.09709,-74.55781,1.0,0,-1.0,-1.0,-1.0,-1.0,-1.0,0.0,0.0,0.0,0.0
1791654990.64,3219893.1,413.7,85.5,13.0,0.0,175.0,0.0,89.97,0.36,0.0,229.58,0.0,1212.461252,100048.0,0.99,78.9,-598435.2,300821.8,0.9948,0.097,551.6,-0.09709,-74.55781,1.0,0,-1.0,-1.0,-1.0,-1.0,-1.0,0.0,0.0,0.0,0.0
1791654991.14,3219893.1,414.2,85.5,13.0,0.0,175.0,0.0,89.97,0.36,0.0,229.58,0.0,1212.461252,100048.0,0.99,78.9,-598435.2,300821.8,0.9948,0.097,551.6,-0.09709,-74.55781,1.0,0,-1.0,-1.0,-1.0,-1.0,-1.0,0.0,0.0,0.0,0.0
1791654991.65,3219893.2,414.7,85.5,13.0,0.0,175.0,0.0,89.95,0.36,0.0,229.58,0.0,1212.461252,100048.0,0.99,78.9,-598435.2,300821.8,0.9948,0.097,551.6,-0.09709,-74.55781,1.0,0,-1.0,-1.0,-1.0,-1.0,-1.0,0.0,0.0,0.0,0.0
1791654992.15,3219893.2,415.2,85.5,13.0,0.0,175.0,0.0,89.95,0.36,0.0,229.58,0.0,1212.461252,100048.0,0.99,78.9,-598435.2,300821.8,0.9948,0.097,551.6,-0.09709,-74.55781,1.0,0,-1.0,-1.0,-1.0,-1.0,-1.0,0.0,0.0,0.0,0.0
1791654992.65,3219893.2,415.7,85.5,13.0,0.0,175.0,0.0,89.97,0.36,0.0,229.58,0.0,1212.461252,100048.0,0.99,78.9,-598435.2,300821.8,0.9948,0.097,551.6,-0.09709,-74.55781,1.0,0,-1.0,-1.0,-1.0,-1.0,-1.0,0.0,0.0,0.0,0.0
1791654993.15,3219893.2,416.2,85.5,13.0,0.0,175.0,0.0,89.97,0.36,0.0,229.58,0.0,1212.461252,100048.0,0.99,78.9,-598435.2,300821.8,0.9948,0.097,551.6,-0.09709,-74.55781,1.0,0,-1.0,-1.0,-1.0,-1.0,-1.0,0.0,0.0,0.0,0.0
1791654993.65,3219893.3,416.7,85.5,13.0,0.0,175.0,0.0,89.97,0.36,0.0,229.58,0.0,1212.461252,100048.0,0.99,78.9,-598435.2,300821.8,0.9948,0.097,551.6,-0.09709,-74.55781,1.0,0,-1.0,-1.0,-1.0,-1.0,-1.0,0.0,0.0,0.0,0.0
1791654994.15,3219893.3,417.2,85.5,13.0,0.0,175.0,0.0,89.97,0.36,0.0,229.58,0.0,1212.461252,100048.0,0.99,78.9,-598435.2,300821.8,0.9948,0.097,551.6,-0.09709,-74.55781,1.0,0,-1.0,-1.0,-1.0,-1.0,-1.0,0.0,0.0,0.0,0.0
1791654994.65,3219893.3,417.7,85.5,13.0,0.0,175.0,0.0,89.97,0.36,0.0,229.58,0.0,1212.461252,100048.0,0.99,78.9,-598435.2,300821.8,0.9948,0.097,551.6,-0.09709,-74.55781,1.0,0,-1.0,-1.0,-1.0,-1.0,-1.0,0.0,0.0,0.0,0.0
1791654995.16,3219893.3,418.2,85.5,13.0,0.0,175.0,0.0,89.97,0.36,0.0,229.58,0.0,1212.461252,100048.0,0.99,78.9,-598435.2,300821.8,0.9948,0.097,551.6,-0.09709,-74.55781,1.0,0,-1.0,-1.0,-1.0,-1.0,-1.0,0.0,0.0,0.0,0.0
1791654995.66,3219893.3,418.7,85.5,13.0,0.0,175.0,0.0,89.97,0.36,0.0,229.58,0.0,1212.461252,100048.0,0.99,78.9,-598435.2,300821.8,0.9948,0.097,551.6,-0.09709,-74.55781,1.0,0,-1.0,-1.0,-1.0,-1.0,-1.0,0.0,0.0,0.0,0.0
1791654996.16,3219893.3,419.2,85.5,13.0,0.0,175.0,0.0,89.97,0.36,0.0,229.58,0.0,1212.461252,100048.0,0.99,78.9,-598435.2,300821.8,0.9948,0.097,551.6,-0.09709,-74.55781,1.0,0,-1.0,-1.0,-1.0,-1.0,-1.0,0.0,0.0,0.0,0.0
1791654996.66,3219893.4,419.7,85.5,13.0,0.0,175.0,0.0,89.97,0.36,0.0,229.58,0.0,1212.461252,100048.0,0.99,78.9,-598435.2,300821.8,0.9948,0.097,551.6,-0.09709,-74.55781,1.0,0,-1.0,-1.0,-1.0,-1.0,-1.0,0.0,0.0,0.0,0.0
1791654997.16,3219893.4,420.2,85.5,13.0,0.0,175.0,0.0,89.97,0.36,0.0,229.58,0.0,1212.461252,100048.0,0.99,78.9,-598435.2,300821.8,0.9948,0.097,551.6,-0.09709,-74.55781,1.0,0,-1.0,-1.0,-1.0,-1.0,-1.0,0.0,0.0,0.0,0.0
1791654997.66,3219893.4,420.7,85.5,13.0,0.0,175.0,0.0,89.97,0.36,0.0,229.58,0.0,1212.461252,100048.0,0.99,78.9,-598435.2,300821.8,0.9948,0.097,551.6,-0.09709,-74.55781,1.0,0,-1.0,-1.0,-1.0,-1.0,-1.0,0.0,0.0,0.0,0.0
1791654998.17,3219893.4,421.2,85.5,13.0,0.0,175.0,0.0,89.97,0.36,0.0,229.58,0.0,1212.461252,100048.0,0.99,78.9,-598435.2,300821.8,0.9948,0.097,551.6,-0.09709,-74.55781,1.0,0,-1.0,-1.0,-1.0,-1.0,-1.0,0.0,0.0,0.0,0.0
1791654998.67,3219893.5,421.7,85.5,13.0,0.0,175.0,0.0,89.97,0.36,0.0,229.58,0.0,1212.461252,100048.0,0.99,78.9,-598435.2,300821.8,0.9948,0.097,551.6,-0.09709,-74.55781,1.0,0,-1.0,-1.0,-1.0,-1.0,-1.0,0.0,0.0,0.0,0.0
1791654999.17,3219893.5,422.2,85.5,13.0,0.0,175.0,0.0,89.97,0.36,0.0,229.58,0.0,1212.461252,100048.0,0.99,78.9,-598435.2,300821.8,0.9948,0.097,551.6,-0.09709,-74.55781,1.0,0,-1.0,-1.0,-1.0,-1.0,-1.0,0.0,0.0,0.0,0.0
1791654999.67,3219893.5,422.7,85.5,13.0,0.0,175.0,0.0,89.97,0.36,0.0,229.57,0.0,1212.461252,100048.0,0.99,78.9,-598435.2,300821.8,0.9948,0.097,551.6,-0.09709,-74.55781,1.0,0,-1.0,-1.0,-1.0,-1.0,-1.0,0.0,0.0,0.0,0.0
1791655000.17,3219893.5,423.2,85.5,13.0,0.0,175.0,0.0,89.97,0.36,0.0,229.57,0.0,1212.461252,100048.0,0.99,78.9,-598435.2,300821.8,0.9948,0.097,551.6,-0.09709,-74.55781,1.0,0,-1.0,-1.0,-1.0,-1.0,-1.0,0.0,0.0,0.0,0.0
1791655000.67,3219893.5,423.7,85.5,13.0,0.0,175.0,0.0,89.97,0.36,0.0,229.57,0.0,1212.461252,100048.0,0.99,78.9,-598435.2,300821.8,0.9948,0.097,551.6,-0.09709,-74.55781,1.0,0,-1.0,-1.0,-1.0,-1.0,-1.0,0.0,0.0,0.0,0.0
1791655001.17,3219893.5,424.2,85.5,13.0,0.0,175.0,0.0,89.97,0.36,0.0,229.57,0.0,1212.461252,100048.0,0.99,78.9,-598435.2,300821.8,0.9948,0.097,551.6,-0.09709,-74.55781,1.0,0,-1.0,-1.0,-1.0,-1.0,-1.0,0.0,0.0,0.0,0.0
1791655001.68,3219893.6,424.7,85.5,13.0,0.0,175.0,0.0,89.96,0.36,0.0,229.57,0.0,1212.461252,100048.0,0.99,78.9,-598435.2,300821.8,0.9948,0.097,551.6,-0.09709,-74.55781,1.0,0,-1.0,-1.0,-1.0,-1.0,-1.0,0.0,0.0,0.0,0.0
1791655002.18,3219893.6,425.2,85.5,13.0,0.0,175.0,0.0,89.96,0.36,0.0,229.57,0.0,1212.461252,100048.0,0.99,78.9,-598435.2,300821.8,0.9948,0.097,551.6,-0.09709,-74.55781,1.0,0,-1.0,-1.0,-1.0,-1.0,-1.0,0.0,0.0,0.0,0.0
1791655002.68,3219893.6,425.7,85.5,13.0,0.0,175.0,0.0,89.96,0.36,0.0,229.57,0.0,1212.461252,100048.0,0.99,78.9,-598435.2,300821.8,0.9948,0.097,551.6,-0.09709,-74.55781,1.0,0,-1.0,-1.0,-1.0,-1.0,-1.0,0.0,0.0,0.0,0.0
1791655003.18,3219893.6,426.2,85.5,13.0,0.0,175.0,0.0,89.96,0.36,0.0,229.57,0.0,1212.461252,100048.0,0.99,78.9,-598435.2,300821.8,0.9948,0.097,551.6,-0.09709,-74.55781,1.0,0,-1.0,-1.0,-1.0,-1.0,-1.0,0.0,0.0,0.0,0.0
1791655003.68,3219893.7,426.7,85.5,13.0,0.0,175.0,0.0,89.96,0.36,0.0,229.57,0.0,1212.461252,100048.0,0.99,78.9,-598435.2,300821.8,0.9948,0.097,551.6,-0.09709,-74.55781,1.0,0,-1.0,-1.0,-1.0,-1.0,-1.0,0.0,0.0,0.0,0.0
1791655004.18,3219893.7,427.2,85.5,13.0,0.0,175.0,0.0,89.96,0.36,0.0,229.57,0.0,1212.461252,100048.0,0.99,78.9,-598435.2,300821.8,0.9948,0.097,551.6,-0.09709,-74.55781,1.0,0,-1.0,-1.0,-1.0,-1.0,-1.0,0.0,0.0,0.0,0.0
1791655004.68,3219893.7,427.7,85.5,13.0,0.0,175.0,0.0,89.96,0.36,0.0,229.57,0.0,1212.461252,100048.0,0.99,78.9,-598435.2,300821.8,0.9948,0.097,551.6,-0.09709,-74.55781,1.0,0,-1.0,-1.0,-1.0,-1.0,-1.0,0.0,0.0,0.0,0.0
1791655005.19,3219893.7,428.2,85.5,13.0,0.0,175.0,0.0,89.96,0.36,0.0,229.57,0.0,1212.461252,100048.0,0.99,78.9,-598435.2,300821.8,0.9948,0.097,551.6,-0.09709,-74.55781,1.0,0,-1.0,-1.0,-1.0,-1.0,-1.0,0.0,0.0,0.0,0.0
1791655005.69,3219893.7,428.7,85.5,13.0,0.0,175.0,0.0,89.96,0.36,0.0,229.57,0.0,1212.461252,100048.0,0.99,78.9,-598435.2,300821.8,0.9948,0.097,551.6,-0.09709,-74.55781,1.0,0,-1.0,-1.0,-1.0,-1.0,-1.0,0.0,0.0,0.0,0.0
1791655006.19,3219893.7,429.2,85.5,13.0,0.0,175.0,0.0,89.96,0.36,0.0,229.57,0.0,1212.461252,100048.0,0.99,78.9,-598435.2,300821.8,0.9948,0.097,551.6,-0.09709,-74.55781,1.0,0,-1.0,-1.0,-1.0,-1.0,-1.0,0.0,0.0,0.0,0.0
1791655006.69,3219893.8,429.7,85.5,13.0,0.0,175.0,0.0,89.96,0.36,0.0,229.57,0.0,1212.461252,100048.0,0.99,78.9,-598435.2,300821.8,0.9948,0.097,551.6,-0.09709,-74.55781,1.0,0,-1.0,-1.0,-1.0,-1.0,-1.0,0.0,0.0,0.0,0.0
1791655007.19,3219893.8,430.2,85.5,13.0,0.0,175.0,0.0,89.96,0.36,0.0,229.57,0.0,1212.461252,100048.0,0.99,78.9,-598435.2,300821.8,0.9948,0.097,551.6,-0.09709,-74.55781,1.0,0,-1.0,-1.0,-1.0,-1.0,-1.0,0.0,0.0,0.0,0.0
1791655007.69,3219893.8,430.7,85.5,13.0,0.0,175.0,0.0,89.96,0.36,0.0,229.57,0.0,1212.461252,100048.0,0.99,78.9,-598435.2,300821.8,0.9948,0.097,551.6,-0.09709,-74.55781,1.0,0,-1.0,-1.0,-1.0,-1.0,-1.0,0.0,0.0,0.0,0.0
1791655008.2,3219893.8,431.2,85.5,13.0,0.0,175.0,0.0,89.96,0.36,0.0,229.57,0.0,1212.461252,100048.0,0.99,78.9,-598435.2,300821.8,0.9948,0.097,551.6,-0.09709,-74.55781,1.0,0,-1.0,-1.0,-1.0,-1.0,-1.0,0.0,0.0,0.0,0.0
1791655008.7,3219893.9,431.7,85.5,13.0,0.0,175.0,0.0,89.96,0.36,0.0,229.57,0.0,1212.461252,100048.0,0.99,78.9,-598435.2,300821.8,0.9948,0.097,551.6,-0.09709,-74.55781,1.0,0,-1.0,-1.0,-1.0,-1.0,-1.0,0.0,0.0,0.0,0.0
1791655009.2,3219893.9,432.2,85.5,13.0,0.0,175.0,0.0,89.96,0.36,0.0,229.57,0.0,1212.461252,100048.0,0.99,78.9,-598435.2,300821.8,0.9948,0.097,551.6,-0.09709,-74.55781,1.0,0,-1.0,-1.0,-1.0,-1.0,-1.0,0.0,0.0,0.0,0.0
1791655009.7,3219893.9,432.7,85.5,13.0,0.0,175.0,0.0,89.96,0.36,0.0,229.57,0.0,1212.461252,100048.0,0.99,78.9,-598435.2,300821.8,0.9948,0.097,551.6,-0.09709,-74.55781,1.0,0,-1.0,-1.0,-1.0,-1.0,-1.0,0.0,0.0,0.0,0.0
1791655010.2,3219893.9,433.2,85.5,13.0,0.0,175.0,0.0,89.96,0.36,0.0,229.57,0.0,1212.461252,100048.0,0.99,78.9,-598435.2,300821.8,0.9948,0.097,551.6,-0.09709,-74.55781,1.0,0,-1.0,-1.0,-1.0,-1.0,-1.0,0.0,0.0,0.0,0.0
1791655010.7,3219893.9,433.7,85.5,13.0,0.0,175.0,0.0,89.96,0.36,0.0,229.57,0.0,1212.461252,100048.0,0.99,78.9,-598435.2,300821.8,0.9948,0.097,551.6,-0.09709,-74.55781,1.0,0,-1.0,-1.0,-1.0,-1.0,-1.0,0.0,0.0,0.0,0.0
1791655011.21,3219893.9,434.2,85.5,13.0,0.0,175.0,0.0,89.96,0.36,0.0,229.57,0.0,1212.461252,100048.0,0.99,78.9,-598435.2,300821.8,0.9948,0.097,551.6,-0.09709,-74.55781,1.0,0,-1.0,-1.0,-1.0,-1.0,-1.0,0.0,0.0,0.0,0.0
1791655011.71,3219894.0,434.7,85.5,13.0,0.0,175.0,0.0,89.95,0.36,0.0,229.57,0.0,1212.461252,100048.0,0.99,78.9,-598435.2,300821.8,0.9948,0.097,551.6,-0.09709,-74.55781,1.0,0,-1.0,-1.0,-1.0,-1.0,-1.0,0.0,0.0,0.0,0.0
1791655012.21,3219894.0,435.2,85.5,13.0,0.0,175.0,0.0,89.95,0.36,0.0,229.57,0.0,1212.461252,100048.0,0.99,78.9,-598435.2,300821.8,0.9948,0.097,551.6,-0.09709,-74.55781,1.0,0,-1.0,-1.0,-1.0,-1.0,-1.0,0.0,0.0,0.0,0.0
1791655012.71,3219894.0,435.7,85.5,13.0,0.0,175.0,0.0,89.95,0.36,0.0,229.57,0.0,1212.461252,100048.0,0.99,78.9,-598435.2,300821.8,0.9948,0.097,551.6,-0.09709,-74.55781,1.0,0,-1.0,-1.0,-1.0,-1.0,-1.0,0.0,0.0,0.0,0.0
1791655013.21,3219894.0,436.2,85.5,13.0,0.0,175.0,0.0,89.95,0.36,0.0,229.57,0.0,1212.461252,100048.0,0.99,78.9,-598435.2,300821.8,0.9948,0.097,551.6,-0.09709,-74.55781,1.0,0,-1.0,-1.0,-1.0,-1.0,-1.0,0.0,0.0,0.0,0.0
1791655013.71,3219894.1,436.7,85.5,13.0,0.0,175.0,0.0,89.95,0.36,0.0,229.57,0.0,1212.461252,100048.0,0.99,78.9,-598435.2,300821.8,0.9948,0.097,551.6,-0.09709,-74.55781,1.0,0,-1.0,-1.0,-1.0,-1.0,-1.0,0.0,0.0,0.0,0.0
1791655014.21,3219894.1,437.2,85.5,13.0,0.0,175.0,0.0,89.95,0.36,0.0,229.57,0.0,1212.461252,100048.0,0.99,78.9,-598435.2,300821.8,0.9948,0.097,551.6,-0.09709,-74.55781,1.0,0,-1.0,-1.0,-1.0,-1.0,-1.0,0.0,0.0,0.0,0.0
1791655014.72,3219894.1,437.8,85.5,13.0,0.0,175.0,0.0,89.95,0.36,0.0,229.56,0.0,1212.461252,100048.0,0.99,78.9,-598435.2,300821.8,0.9948,0.097,551.6,-0.09709,-74.55781,1.0,0,-1.0,-1.0,-1.0,-1.0,-1.0,0.0,0.0,0.0,0.0
1791655015.22,3219894.1,438.3,85.5,13.0,0.0,175.0,0.0,89.95,0.36,0.0,229.56,0.0,1212.461252,100048.0,0.99,78.9,-598435.2,300821.8,0.9948,0.097,551.6,-0.09709,-74.55781,1.0,0,-1.0,-1.0,-1.0,-1.0,-1.0,0.0,0.0,0.0,0.0
1791655015.72,3219894.1,438.8,85.5,13.0,0.0,175.0,0.0,89.95,0.36,0.0,229.56,0.0,1212.461252,100048.0,0.99,78.9,-598435.2,300821.8,0.9948,0.097,551.6,-0.09709,-74.55781,1.0,0,-1.0,-1.0,-1.0,-1.0,-1.0,0.0,0.0,0.0,0.0
1791655016.22,3219894.1,439.3,85.5,13.0,0.0,175.0,0.0,89.95,0.36,0.0,229.56,0.0,1212.461252,100048.0,0.99,78.9,-598435.2,300821.8,0.9948,0.097,551.6,-0.09709,-74.55781,1.0,0,-1.0,-1.0,-1.0,-1.0,-1.0,0.0,0.0,0.0,0.0
1791655016.72,3219894.2,439.8,85.5,13.0,0.0,175.0,0.0,89.95,0.36,0.0,229.56,0.0,1212.461252,100048.0,0.99,78.9,-598435.2,300821.8,0.9948,0.097,551.6,-0.09709,-74.55781,1.0,0,-1.0,-1.0,-1.0,-1.0,-1.0,0.0,0.0,0.0,0.0
1791655017.22,3219894.2,440.3,85.5,13.0,0.0,175.0,0.0,89.95,0.36,0.0,229.56,0.0,1212.461252,100048.0,0.99,78.9,-598435.2,300821.8,0.9948,0.097,551.6,-0.09709,-74.55781,1.0,0,-1.0,-1.0,-1.0,-1.0,-1.0,0.0,0.0,0.0,0.0
1791655017.73,3219894.2,440.8,85.5,13.0,0.0,175.0,0.0,89.97,0.36,0.0,229.56,0.0,1212.461252,100048.0,0.99,78.9,-598435.2,300821.8,0.9948,0.097,551.6,-0.09709,-74.55781,1.0,0,-1.0,-1.0,-1.0,-1.0,-1.0,0.0,0.0,0.0,0.0
1791655018.23,3219894.2,441.3,85.5,13.0,0.0,175.0,0.0,89.97,0.36,0.0,229.56,0.0,1212.461252,100048.0,0.99,78.9,-598435.2,300821.8,0.9948,0.097,551.6,-0.09709,-74.55781,1.0,0,-1.0,-1.0,-1.0,-1.0,-1.0,0.0,0.0,0.0,0.0
1791655018.73,3219894.3,441.8,85.5,13.0,0.0,175.0,0.0,89.97,0.36,0.0,229.56,0.0,1212.461252,100048.0,0.99,78.9,-598435.2,300821.8,0.9948,0.097,551.6,-0.09709,-74.55781,1.0,0,-1.0,-1.0,-1.0,-1.0,-1.0,0.0,0.0,0.0,0.0
1791655019.23,3219894.3,442.3,85.5,13.0,0.0,175.0,0.0,89.97,0.36,0.0,229.56,0.0,1212.461252,100048.0,0.99,78.9,-598435.2,300821.8,0.9948,0.097,551.6,-0.09709,-74.55781,1.0,0,-1.0,-1.0,-1.0,-1.0,-1.0,0.0,0.0,0.0,0.0
1791655019.73,3219894.3,442.8,85.5,13.0,0.0,175.0,0.0,89.97,0.36,0.0,229.56,0.0,1212.461252,100048.0,0.99,78.9,-598435.2,300821.8,0.9948,0.097,551.6,-0.09709,-74.55781,1.0,0,-1.0,-1.0,-1.0,-1.0,-1.0,0.0,0.0,0.0,0.0
1791655020.23,3219894.3,443.3,85.5,13.0,0.0,175.0,0.0,89.97,0.36,0.0,229.56,0.0,1212.461252,100048.0,0.99,78.9,-598435.2,300821.8,0.9948,0.097,551.6,-0.09709,-74.55781,1.0,0,-1.0,-1.0,-1.0,-1.0,-1.0,0.0,0.0,0.0,0.0
1791655020.73,3219894.3,443.8,85.5,13.0,0.0,175.0,0.0,89.97,0.36,0.0,229.56,0.0,1212.461252,100048.0,0.99,78.9,-598435.2,300821.8,0.9948,0.097,551.6,-0.09709,-74.55781,1.0,0,-1.0,-1.0,-1.0,-1.0,-1.0,0.0,0.0,0.0,0.0
1791655021.24,3219894.3,444.3,85.5,13.0,0.0,175.0,0.0,89.97,0.36,0.0,229.56,0.0,1212.461252,100048.0,0.99,78.9,-598435.2,300821.8,0.9948,0.097,551.6,-0.09709,-74.55781,1.0,0,-1.0,-1.0,-1.0,-1.0,-1.0,0.0,0.0,0.0,0.0
1791655021.74,3219894.4,444.8,85.5,13.0,0.0,175.0,0.0,89.97,0.36,0.0,229.56,0.0,1212.461252,100048.0,0.99,78.9,-598435.2,300821.8,0.9948,0.097,551.6,-0.09709,-74.55781,1.0,0,-1.0,-1.0,-1.0,-1.0,-1.0,0.0,0.0,0.0,0.0
1791655022.24,3219894.4,445.3,85.5,13.0,0.0,175.0,0.0,89.97,0.36,0.0,229.56,0.0,1212.461252,100048.0,0.99,78.9,-598435.2,300821.8,0.9948,0.097,551.6,-0.09709,-74.55781,1.0,0,-1.0,-1.0,-1.0,-1.0,-1.0,0.0,0.0,0.0,0.0
1791655022.74,3219894.4,445.8,85.5,13.0,0.0,175.0,0.0,89.97,0.36,0.0,229.56,0.0,1212.461252,100048.0,0.99,78.9,-598435.2,300821.8,0.9948,0.097,551.6,-0.09709,-74.55781,1.0,0,-1.0,-1.0,-1.0,-1.0,-1.0,0.0,0.0,0.0,0.0
1791655023.24,3219894.4,446.3,85.5,13.0,0.0,175.0,0.0,89.97,0.36,0.0,229.56,0.0,1212.461252,100048.0,0.99,78.9,-598435.2,300821.8,0.9948,0.097,551.6,-0.09709,-74.55781,1.0,0,-1.0,-1.0,-1.0,-1.0,-1.0,0.0,0.0,0.0,0.0
1791655023.74,3219894.5,446.8,85.5,13.0,0.0,175.0,0.0,89.95,0.36,0.0,229.56,0.0,1212.461252,100048.0,0.99,78.9,-598435.2,300821.8,0.9948,0.097,551.6,-0.09709,-74.55781,1.0,0,-1.0,-1.0,-1.0,-1.0,-1.0,0.0,0.0,0.0,0.0
1791655024.25,3219894.5,447.3,85.5,13.0,0.0,175.0,0.0,89.95,0.36,0.0,229.56,0.0,1212.461252,100048.0,0.99,78.9,-598435.2,300821.8,0.9948,0.097,551.6,-0.09709,-74.55781,1.0,0,-1.0,-1.0,-1.0,-1.0,-1.0,0.0,0.0,0.0,0.0
1791655024.75,3219894.5,447.8,85.5,13.0,0.0,175.0,0.0,89.95,0.36,0.0,229.56,0.0,1212.461252,100048.0,0.99,78.9,-598435.2,300821.8,0.9948,0.097,551.6,-0.09709,-74.55781,1.0,0,-1.0,-1.0,-1.0,-1.0,-1.0,0.0,0.0,0.0,0.0
1791655025.25,3219894.5,448.3,85.5,13.0,0.0,175.0,0.0,89.95,0.36,0.0,229.56,0.0,1212.461252,100048.0,0.99,78.9,-598435.2,300821.8,0.9948,0.097,551.6,-0.09709,-74.55781,1.0,0,-1.0,-1.0,-1.0,-1.0,-1.0,0.0,0.0,0.0,0.0
1791655025.75,3219894.5,448.8,85.5,13.0,0.0,175.0,0.0,89.95,0.36,0.0,229.56,0.0,1212.461252,100048.0,0.99,78.9,-598435.2,300821.8,0.9948,0.097,551.6,-0.09709,-74.55781,1.0,0,-1.0,-1.0,-1.0,-1.0,-1.0,0.0,0.0,0.0,0.0
1791655026.25,3219894.5,449.3,85.5,13.0,0.0,175.0,0.0,89.95,0.36,0.0,229.56,0.0,1212.461252,100048.0,0.99,78.9,-598435.2,300821.8,0.9948,0.097,551.6,-0.09709,-74.55781,1.0,0,-1.0,-1.0,-1.0,-1.0,-1.0,0.0,0.0,0.0,0.0
1791655026.75,3219894.5,449.8,85.5,13.0,0.0,175.0,0.0,89.95,0.36,0.0,229.56,0.0,1212.461252,100048.0,0.99,78.9,-598435.2,300821.8,0.9948,0.097,551.6,-0.09709,-74.55781,1.0,0,-1.0,-1.0,-1.0,-1.0,-1.0,0.0,0.0,0.0,0.0
1791655027.26,3219894.6,450.3,85.5,13.0,0.0,175.0,0.0,89.95,0.36,0.0,229.56,0.0,1212.461252,100048.0,0.99,78.9,-598435.2,300821.8,0.9948,0.097,551.6,-0.09709,-74.55781,1.0,0,-1.0,-1.0,-1.0,-1.0,-1.0,0.0,0.0,0.0,0.0
1791655027.76,3219894.6,450.8,85.5,13.0,0.0,175.0,0.0,89.95,0.36,0.0,229.56,0.0,1212.461252,100048.0,0.99,78.9,-598435.2,300821.8,0.9948,0.097,551.6,-0.09709,-74.55781,1.0,0,-1.0,-1.0,-1.0,-1.0,-1.0,0.0,0.0,0.0,0.0
1791655028.26,3219894.6,451.3,85.5,13.0,0.0,175.0,0.0,89.95,0.36,0.0,229.56,0.0,1212.461252,100048.0,0.99,78.9,-598435.2,300821.8,0.9948,0.097,551.6,-0.09709,-74.55781,1.0,0,-1.0,-1.0,-1.0,-1.0,-1.0,0.0,0.0,0.0,0.0
1791655028.76,3219894.6,451.8,85.5,13.0,0.0,175.0,0.0,89.95,0.36,0.0,229.56,0.0,1212.461252,100048.0,0.99,78.9,-598435.2,300821.8,0.9948,0.097,551.6,-0.09709,-74.55781,1.0,0,-1.0,-1.0,-1.0,-1.0,-1.0,0.0,0.0,0.0,0.0
1791655029.26,3219894.7,452.3,85.5,13.0,0.0,175.0,0.0,89.97,0.36,0.0,229.56,0.0,1212.461252,100048.0,0.99,78.9,-598435.2,300821.8,0.9948,0.097,551.6,-0.09709,-74.55781,1.0,0,-1.0,-1.0,-1.0,-1.0,-1.0,0.0,0.0,0.0,0.0
1791655029.76,3219894.7,452.8,85.5,13.0,0.0,175.0,0.0,89.97,0.36,0.0,229.56,0.0,1212.461252,100048.0,0.99,78.9,-598435.2,300821.8,0.9948,0.097,551.6,-0.09709,-74.55781,1.0,0,-1.0,-1.0,-1.0,-1.0,-1.0,0.0,0.0,0.0,0.0
1791655030.26,3219894.7,453.3,85.5,13.0,0.0,175.0,0.0,89.97,0.36,0.0,229.55,0.0,1212.461252,100048.0,0.99,78.9,-598435.2,300821.8,0.9948,0.097,551.6,-0.09709,-74.55781,1.0,0,-1.0,-1.0,-1.0,-1.0,-1.0,0.0,0.0,0.0,0.0
1791655030.77,3219894.7,453.8,85.5,13.0,0.0,175.0,0.0,89.97,0.36,0.0,229.55,0.0,1212.461252,100048.0,0.99,78.9,-598435.2,300821.8,0.9948,0.097,551.6,-0.09709,-74.55781,1.0,0,-1.0,-1.0,-1.0,-1.0,-1.0,0.0,0.0,0.0,0.0
1791655031.27,3219894.7,454.3,85.5,13.0,0.0,175.0,0.0,89.96,0.36,0.0,229.55,0.0,1212.461252,100048.0,0.99,78.9,-598435.2,300821.8,0.9948,0.097,551.6,-0.09709,-74.55781,1.0,0,-1.0,-1.0,-1.0,-1.0,-1.0,0.0,0.0,0.0,0.0
1791655031.77,3219894.7,454.8,85.5,13.0,0.0,175.0,0.0,89.96,0.36,0.0,229.55,0.0,1212.461252,100048.0,0.99,78.9,-598435.2,300821.8,0.9948,0.097,551.6,-0.09709,-74.55781,1.0,0,-1.0,-1.0,-1.0,-1.0,-1.0,0.0,0.0,0.0,0.0
1791655032.27,3219894.8,455.3,85.5,13.0,0.0,175.0,0.0,89.96,0.36,0.0,229.55,0.0,1212.461252,100048.0,0.99,78.9,-598435.2,300821.8,0.9948,0.097,551.6,-0.09709,-74.55781,1.0,0,-1.0,-1.0,-1.0,-1.0,-1.0,0.0,0.0,0.0,0.0
1791655032.77,3219894.8,455.8,85.5,13.0,0.0,175.0,0.0,89.96,0.36,0.0,229.55,0.0,1212.461252,100048.0,0.99,78.9,-598435.2,300821.8,0.9948,0.097,551.6,-0.09709,-74.55781,1.0,0,-1.0,-1.0,-1.0,-1.0,-1.0,0.0,0.0,0.0,0.0
1791655033.27,3219894.8,456.3,85.5,13.0,0.0,175.0,0.0,89.96,0.36,0.0,229.55,0.0,1212.461252,100048.0,0.99,78.9,-598435.2,300821.8,0.9948,0.097,551.6,-0.09709,-74.55781,1.0,0,-1.0,-1.0,-1.0,-1.0,-1.0,0.0,0.0,0.0,0.0
1791655033.78,3219894.8,456.8,85.5,13.0,0.0,175.0,0.0,89.96,0.36,0.0,229.55,0.0,1212.461252,100048.0,0.99,78.9,-598435.2,300821.8,0.9948,0.097,551.6,-0.09709,-74.55781,1.0,0,-1.0,-1.0,-1.0,-1.0,-1.0,0.0,0.0,0.0,0.0
1791655034.28,3219894.9,457.3,85.5,13.0,0.0,175.0,0.0,89.95,0.36,0.0,229.55,0.0,1212.461252,100048.0,0.99,78.9,-598435.2,300821.8,0.9948,0.097,551.6,-0.09709,-74.55781,1.0,0,-1.0,-1.0,-1.0,-1.0,-1.0,0.0,0.0,0.0,0.0
1791655034.78,3219894.9,457.8,85.5,13.0,0.0,175.0,0.0,89.95,0.36,0.0,229.55,0.0,1212.461252,100048.0,0.99,78.9,-598435.2,300821.8,0.9948,0.097,551.6,-0.09709,-74.55781,1.0,0,-1.0,-1.0,-1.0,-1.0,-1.0,0.0,0.0,0.0,0.0
1791655035.28,3219894.9,458.3,85.5,13.0,0.0,175.0,0.0,89.95,0.36,0.0,229.55,0.0,1212.461252,100048.0,0.99,78.9,-598435.2,300821.8,0.9948,0.097,551.6,-0.09709,-74.55781,1.0,0,-1.0,-1.0,-1.0,-1.0,-1.0,0.0,0.0,0.0,0.0
1791655035.78,3219894.9,458.8,85.5,13.0,0.0,175.0,0.0,89.95,0.36,0.0,229.55,0.0,1212.461252,100048.0,0.99,78.9,-598435.2,300821.8,0.9948,0.097,551.6,-0.09709,-74.55781,1.0,0,-1.0,-1.0,-1.0,-1.0,-1.0,0.0,0.0,0.0,0.0
1791655036.28,3219894.9,459.3,85.5,13.0,0.0,175.0,0.0,89.97,0.36,0.0,229.55,0.0,1212.461252,100048.0,0.99,78.9,-598435.2,300821.8,0.9948,0.097,551.6,-0.09709,-74.55781,1.0,0,-1.0,-1.0,-1.0,-1.0,-1.0,0.0,0.0,0.0,0.0
1791655036.78,3219894.9,459.8,85.5,13.0,0.0,175.0,0.0,89.97,0.36,0.0,229.55,0.0,1212.461252,100048.0,0.99,78.9,-598435.2,300821.8,0.9948,0.097,551.6,-0.09709,-74.55781,1.0,0,-1.0,-1.0,-1.0,-1.0,-1.0,0.0,0.0,0.0,0.0
1791655037.29,3219895.0,460.3,85.5,13.0,0.0,175.0,0.0,89.96,0.36,0.0,229.55,0.0,1212.461252,100048.0,0.99,78.9,-598435.2,300821.8,0.9948,0.097,551.6,-0.09709,-74.55781,1.0,0,-1.0,-1.0,-1.0,-1.0,-1.0,0.0,0.0,0.0,0.0
1791655037.8,3219895.0,460.8,85.5,13.0,0.0,175.0,0.0,89.96,0.36,0.0,229.55,0.0,1212.461252,100048.0,0.99,78.9,-598435.2,300821.8,0.9948,0.097,551.6,-0.09709,-74.55781,1.0,0,-1.0,-1.0,-1.0,-1.0,-1.0,0.0,0.0,0.0,0.0
1791655038.3,3219895.0,461.3,85.5,13.0,0.0,175.0,0.0,89.95,0.36,0.0,229.55,0.0,1212.461252,100048.0,0.99,78.9,-598435.2,300821.8,0.9948,0.097,551.6,-0.09709,-74.55781,1.0,0,-1.0,-1.0,-1.0,-1.0,-1.0,0.0,0.0,0.0,0.0
1791655038.8,3219895.0,461.8,85.5,13.0,0.0,175.0,0.0,89.95,0.36,0.0,229.55,0.0,1212.461252,100048.0,0.99,78.9,-598435.2,300821.8,0.9948,0.097,551.6,-0.09709,-74.55781,1.0,0,-1.0,-1.0,-1.0,-1.0,-1.0,0.0,0.0,0.0,0.0
1791655039.3,3219895.1,462.3,85.5,13.0,0.0,175.0,0.0,89.95,0.36,0.0,229.55,0.0,1212.461252,100048.0,0.99,78.9,-598435.2,300821.8,0.9948,0.097,551.6,-0.09709,-74.55781,1.0,0,-1.0,-1.0,-1.0,-1.0,-1.0,0.0,0.0,0.0,0.0
1791655039.8,3219895.1,462.8,85.5,13.0,0.0,175.0,0.0,89.95,0.36,0.0,229.55,0.0,1212.461252,100048.0,0.99,78.9,-598435.2,300821.8,0.9948,0.097,551.6,-0.09709,-74.55781,1.0,0,-1.0,-1.0,-1.0,-1.0,-1.0,0.0,0.0,0.0,0.0
1791655040.3,3219895.1,463.3,85.5,13.0,0.0,175.0,0.0,89.95,0.36,0.0,229.55,0.0,1212.461252,100048.0,0.99,78.9,-598435.2,300821.8,0.9948,0.097,551.6,-0.09709,-74.55781,1.0,0,-1.0,-1.0,-1.0,-1.0,-1.0,0.0,0.0,0.0,0.0
1791655040.81,3219895.1,463.8,85.5,13.0,0.0,175.0,0.0,89.95,0.36,0.0,229.55,0.0,1212.461252,100048.0,0.99,78.9,-598435.2,300821.8,0.9948,0.097,551.6,-0.09709,-74.55781,1.0,0,-1.0,-1.0,-1.0,-1.0,-1.0,0.0,0.0,0.0,0.0
1791655041.31,3219895.1,464.3,85.5,13.0,0.0,175.0,0.0,89.96,0.36,0.0,229.55,0.0,1212.461252,100048.0,0.99,78.9,-598435.2,300821.8,0.9948,0.097,551.6,-0.09709,-74.55781,1.0,0,-1.0,-1.0,-1.0,-1.0,-1.0,0.0,0.0,0.0,0.0
1791655041.81,3219895.1,464.8,85.5,13.0,0.0,175.0,0.0,89.96,0.36,0.0,229.55,0.0,1212.461252,100048.0,0.99,78.9,-598435.2,300821.8,0.9948,0.097,551.6,-0.09709,-74.55781,1.0,0,-1.0,-1.0,-1.0,-1.0,-1.0,0.0,0.0,0.0,0.0
1791655042.31,3219895.2,465.3,85.5,13.0,0.0,175.0,0.0,89.96,0.36,0.0,229.55,0.0,1212.461252,100048.0,0.99,78.9,-598435.2,300821.8,0.9948,0.097,551.6,-0.09709,-74.55781,1.0,0,-1.0,-1.0,-1.0,-1.0,-1.0,0.0,0.0,0.0,0.0
1791655042.81,3219895.2,465.8,85.5,13.0,0.0,175.0,0.0,89.96,0.36,0.0,229.55,0.0,1212.461252,100048.0,0.99,78.9,-598435.2,300821.8,0.9948,0.097,551.6,-0.09709,-74.55781,1.0,0,-1.0,-1.0,-1.0,-1.0,-1.0,0.0,0.0,0.0,0.0
1791655043.31,3219895.2,466.3,85.5,13.0,0.0,175.0,0.0,89.96,0.36,0.0,229.55,0.0,1212.461252,100048.0,0.99,78.9,-598435.2,300821.8,0.9948,0.097,551.6,-0.09709,-74.55781,1.0,0,-1.0,-1.0,-1.0,-1.0,-1.0,0.0,0.0,0.0,0.0
1791655043.81,3219895.2,466.8,85.5,13.0,0.0,175.0,0.0,89.96,0.36,0.0,229.55,0.0,1212.461252,100048.0,0.99,78.9,-598435.2,300821.8,0.9948,0.097,551.6,-0.09709,-74.55781,1.0,0,-1.0,-1.0,-1.0,-1.0,-1.0,0.0,0.0,0.0,0.0
1791655044.32,3219895.3,467.4,85.5,13.0,0.0,175.0,0.0,89.95,0.36,0.0,229.55,0.0,1212.461252,100048.0,0.99,78.9,-598435.2,300821.8,0.9948,0.097,551.6,-0.09709,-74.55781,1.0,0,-1.0,-1.0,-1.0,-1.0,-1.0,0.0,0.0,0.0,0.0
1791655044.82,3219895.3,467.9,85.5,13.0,0.0,175.0,0.0,89.95,0.36,0.0,229.55,0.0,1212.461252,100048.0,0.99,78.9,-598435.2,300821.8,0.9948,0.097,551.6,-0.09709,-74.55781,1.0,0,-1.0,-1.0,-1.0,-1.0,-1.0,0.0,0.0,0.0,0.0
1791655045.32,3219895.3,468.4,85.5,13.0,0.0,175.0,0.0,89.95,0.36,0.0,229.54,0.0,1212.461252,100048.0,0.99,78.9,-598435.2,300821.8,0.9948,0.097,551.6,-0.09709,-74.55781,1.0,0,-1.0,-1.0,-1.0,-1.0,-1.0,0.0,0.0,0.0,0.0
1791655045.82,3219895.3,468.9,85.5,13.0,0.0,175.0,0.0,89.95,0.36,0.0,229.54,0.0,1212.461252,100048.0,0.99,78.9,-598435.2,300821.8,0.9948,0.097,551.6,-0.09709,-74.55781,1.0,0,-1.0,-1.0,-1.0,-1.0,-1.0,0.0,0.0,0.0,0.0
1791655046.32,3219895.3,469.4,85.5,13.0,0.0,175.0,0.0,89.96,0.36,0.0,229.54,0.0,1212.461252,100048.0,0.99,78.9,-598435.2,300821.8,0.9948,0.097,551.6,-0.09709,-74.55781,1.0,0,-1.0,-1.0,-1.0,-1.0,-1.0,0.0,0.0,0.0,0.0
1791655046.82,3219895.3,469.9,85.5,13.0,0.0,175.0,0.0,89.96,0.36,0.0,229.54,0.0,1212.461252,100048.0,0.99,78.9,-598435.2,300821.8,0.9948,0.097,551.6,-0.09709,-74.55781,1.0,0,-1.0,-1.0,-1.0,-1.0,-1.0,0.0,0.0,0.0,0.0
1791655047.33,3219895.4,470.4,85.5,13.0,0.0,175.0,0.0,89.96,0.36,0.0,229.54,0.0,1212.461252,100048.0,0.99,78.9,-598435.2,300821.8,0.9948,0.097,551.6,-0.09709,-74.55781,1.0,0,-1.0,-1.0,-1.0,-1.0,-1.0,0.0,0.0,0.0,0.0
1791655047.83,3219895.4,470.9,85.5,13.0,0.0,175.0,0.0,89.96,0.36,0.0,229.54,0.0,1212.461252,100048.0,0.99,78.9,-598435.2,300821.8,0.9948,0.097,551.6,-0.09709,-74.55781,1.0,0,-1.0,-1.0,-1.0,-1.0,-1.0,0.0,0.0,0.0,0.0
1791655048.33,3219895.4,471.4,85.5,13.0,0.0,175.0,0.0,89.95,0.36,0.0,229.54,0.0,1212.461252,100048.0,0.99,78.9,-598435.2,300821.8,0.9948,0.097,551.6,-0.09709,-74.55781,1.0,0,-1.0,-1.0,-1.0,-1.0,-1.0,0.0,0.0,0.0,0.0
1791655048.83,3219895.4,471.9,85.5,13.0,0.0,175.0,0.0,89.95,0.36,0.0,229.54,0.0,1212.461252,100048.0,0.99,78.9,-598435.2,300821.8,0.9948,0.097,551.6,-0.09709,-74.55781,1.0,0,-1.0,-1.0,-1.0,-1.0,-1.0,0.0,0.0,0.0,0.0
1791655049.33,3219895.5,472.4,85.5,13.0,0.0,175.0,0.0,89.95,0.36,0.0,229.54,0.0,1212.461252,100048.0,0.99,78.9,-598435.2,300821.8,0.9948,0.097,551.6,-0.09709,-74.55781,1.0,0,-1.0,-1.0,-1.0,-1.0,-1.0,0.0,0.0,0.0,0.0
1791655049.83,3219895.5,472.9,85.5,13.0,0.0,175.0,0.0,89.95,0.36,0.0,229.54,0.0,1212.461252,100048.0,0.99,78.9,-598435.2,300821.8,0.9948,0.097,551.6,-0.09709,-74.55781,1.0,0,-1.0,-1.0,-1.0,-1.0,-1.0,0.0,0.0,0.0,0.0
1791655050.33,3219895.5,473.4,85.5,13.0,0.0,175.0,0.0,89.95,0.36,0.0,229.54,0.0,1212.461252,100048.0,0.99,78.9,-598435.2,300821.8,0.9948,0.097,551.6,-0.09709,-74.55781,1.0,0,-1.0,-1.0,-1.0,-1.0,-1.0,0.0,0.0,0.0,0.0
1791655050.84,3219895.5,473.9,85.5,13.0,0.0,175.0,0.0,89.95,0.36,0.0,229.54,0.0,1212.461252,100048.0,0.99,78.9,-598435.2,300821.8,0.9948,0.097,551.6,-0.09709,-74.55781,1.0,0,-1.0,-1.0,-1.0,-1.0,-1.0,0.0,0.0,0.0,0.0
1791655051.34,3219895.5,474.4,85.5,13.0,0.0,175.0,0.0,89.95,0.36,0.0,229.54,0.0,1212.461252,100048.0,0.99,78.9,-598435.2,300821.8,0.9948,0.097,551.6,-0.09709,-74.55781,1.0,0,-1.0,-1.0,-1.0,-1.0,-1.0,0.0,0.0,0.0,0.0
1791655051.84,3219895.5,474.9,85.5,13.0,0.0,175.0,0.0,89.95,0.36,0.0,229.54,0.0,1212.461252,100048.0,0.99,78.9,-598435.2,300821.8,0.9948,0.097,551.6,-0.09709,-74.55781,1.0,0,-1.0,-1.0,-1.0,-1.0,-1.0,0.0,0.0,0.0,0.0
1791655052.35,3219895.6,475.4,85.5,13.0,0.0,175.0,0.0,89.95,0.36,0.0,229.54,0.0,1212.461252,100048.0,0.99,78.9,-598435.2,300821.8,0.9948,0.097,551.6,-0.09709,-74.55781,1.0,0,-1.0,-1.0,-1.0,-1.0,-1.0,0.0,0.0,0.0,0.0
1791655052.85,3219895.6,475.9,85.5,13.0,0.0,175.0,0.0,89.95,0.36,0.0,229.54,0.0,1212.461252,100048.0,0.99,78.9,-598435.2,300821.8,0.9948,0.097,551.6,-0.09709,-74.55781,1.0,0,-1.0,-1.0,-1.0,-1.0,-1.0,0.0,0.0,0.0,0.0
1791655053.35,3219895.6,476.4,85.5,13.0,0.0,175.0,0.0,89.95,0.36,0.0,229.54,0.0,1212.461252,100048.0,0.99,78.9,-598435.2,300821.8,0.9948,0.097,551.6,-0.09709,-74.55781,1.0,0,-1.0,-1.0,-1.0,-1.0,-1.0,0.0,0.0,0.0,0.0
1791655053.85,3219895.6,476.9,85.5,13.0,0.0,175.0,0.0,89.95,0.36,0.0,229.54,0.0,1212.461252,100048.0,0.99,78.9,-598435.2,300821.8,0.9948,0.097,551.6,-0.09709,-74.55781,1.0,0,-1.0,-1.0,-1.0,-1.0,-1.0,0.0,0.0,0.0,0.0
1791655054.35,3219895.7,477.4,85.5,13.0,0.0,175.0,0.0,89.95,0.36,0.0,229.54,0.0,1212.461252,100048.0,0.99,78.9,-598435.2,300821.8,0.9948,0.097,551.6,-0.09709,-74.55781,1.0,0,-1.0,-1.0,-1.0,-1.0,-1.0,0.0,0.0,0.0,0.0
1791655054.85,3219895.7,477.9,85.5,13.0,0.0,175.0,0.0,89.95,0.36,0.0,229.54,0.0,1212.461252,100048.0,0.99,78.9,-598435.2,300821.8,0.9948,0.097,551.6,-0.09709,-74.55781,1.0,0,-1.0,-1.0,-1.0,-1.0,-1.0,0.0,0.0,0.0,0.0
1791655055.36,3219895.7,478.4,85.5,13.0,0.0,175.0,0.0,89.95,0.36,0.0,229.54,0.0,1212.461252,100048.0,0.99,78.9,-598435.2,300821.8,0.9948,0.097,551.6,-0.09709,-74.55781,1.0,0,-1.0,-1.0,-1.0,-1.0,-1.0,0.0,0.0,0.0,0.0
1791655055.86,3219895.7,478.9,85.5,13.0,0.0,175.0,0.0,89.95,0.36,0.0,229.54,0.0,1212.461252,100048.0,0.99,78.9,-598435.2,300821.8,0.9948,0.097,551.6,-0.09709,-74.55781,1.0,0,-1.0,-1.0,-1.0,-1.0,-1.0,0.0,0.0,0.0,0.0
1791655056.36,3219895.7,479.4,85.5,13.0,0.0,175.0,0.0,89.96,0.36,0.0,229.54,0.0,1212.461252,100048.0,0.99,78.9,-598435.2,300821.8,0.9948,0.097,551.6,-0.09709,-74.55781,1.0,0,-1.0,-1.0,-1.0,-1.0,-1.0,0.0,0.0,0.0,0.0
1791655056.86,3219895.7,479.9,85.5,13.0,0.0,175.0,0.0,89.96,0.36,0.0,229.54,0.0,1212.461252,100048.0,0.99,78.9,-598435.2,300821.8,0.9948,0.097,551.6,-0.09709,-74.55781,1.0,0,-1.0,-1.0,-1.0,-1.0,-1.0,0.0,0.0,0.0,0.0
1791655057.36,3219895.8,480.4,85.5,13.0,0.0,175.0,0.0,89.95,0.36,0.0,229.54,0.0,1212.461252,100048.0,0.99,78.9,-598435.2,300821.8,0.9948,0.097,551.6,-0.09709,-74.55781,1.0,0,-1.0,-1.0,-1.0,-1.0,-1.0,0.0,0.0,0.0,0.0
1791655057.86,3219895.8,480.9,85.5,13.0,0.0,175.0,0.0,89.95,0.36,0.0,229.54,0.0,1212.461252,100048.0,0.99,78.9,-598435.2,300821.8,0.9948,0.097,551.6,-0.09709,-74.55781,1.0,0,-1.0,-1.0,-1.0,-1.0,-1.0,0.0,0.0,0.0,0.0
1791655058.36,3219895.8,481.4,85.5,13.0,0.0,175.0,0.0,89.95,0.36,0.0,229.54,0.0,1212.461252,100048.0,0.99,78.9,-598435.2,300821.8,0.9948,0.097,551.6,-0.09709,-74.55781,1.0,0,-1.0,-1.0,-1.0,-1.0,-1.0,0.0,0.0,0.0,0.0
1791655058.87,3219895.8,481.9,85.5,13.0,0.0,175.0,0.0,89.95,0.36,0.0,229.54,0.0,1212.461252,100048.0,0.99,78.9,-598435.2,300821.8,0.9948,0.097,551.6,-0.09709,-74.55781,1.0,0,-1.0,-1.0,-1.0,-1.0,-1.0,0.0,0.0,0.0,0.0
1791655059.37,3219895.9,482.4,85.5,13.0,0.0,175.0,0.0,89.97,0.36,0.0,229.54,0.0,1212.461252,100048.0,0.99,78.9,-598435.2,300821.8,0.9948,0.097,551.6,-0.09709,-74.55781,1.0,0,-1.0,-1.0,-1.0,-1.0,-1.0,0.0,0.0,0.0,0.0
1791655059.87,3219896.2,482.9,85.5,13.0,0.0,175.0,0.0,89.97,0.36,0.0,229.53,0.0,1212.461252,100048.0,0.99,78.9,-598435.2,300821.8,0.9948,0.097,551.6,-0.09709,-74.55781,1.0,0,-1.0,-1.0,-1.0,-1.0,-1.0,0.0,0.0,0.0,0.0
1791655060.37,3219896.7,483.4,85.5,13.0,0.0,175.0,0.0,89.95,0.36,0.0,229.52,0.0,1212.461252,100048.0,0.99,78.9,-598435.2,300821.8,0.9948,0.097,551.6,-0.09709,-74.55781,1.0,0,-1.0,-1.0,-1.0,-1.0,-1.0,0.0,0.0,0.0,0.0
1791655060.87,3219897.2,483.9,85.5,13.0,0.0,175.0,0.0,89.97,0.36,0.0,229.51,0.0,1212.461252,100048.0,0.99,78.9,-598435.2,300821.8,0.9948,0.097,551.6,-0.09709,-74.55781,1.0,0,-1.0,-1.0,-1.0,-1.0,-1.0,0.0,0.0,0.0,0.0
1791655061.37,3219897.7,484.4,85.5,13.0,0.0,175.0,0.0,89.96,0.36,0.0,229.5,0.0,1212.461252,100048.0,0.99,78.9,-598435.2,300821.8,0.9948,0.097,551.6,-0.09709,-74.55781,1.0,0,-1.0,-1.0,-1.0,-1.0,-1.0,0.0,0.0,0.0,0.0
1791655061.88,3219898.2,484.9,85.5,13.0,0.0,175.0,0.0,89.95,0.36,0.0,229.5,0.0,1212.461252,100048.0,0.99,78.9,-598435.2,300821.8,0.9948,0.097,551.6,-0.09709,-74.55781,1.0,0,-1.0,-1.0,-1.0,-1.0,-1.0,0.0,0.0,0.0,0.0
1791655062.38,3219898.7,485.4,85.5,13.0,0.0,175.0,0.0,89.95,0.36,0.0,229.49,0.0,1212.461252,100048.0,0.99,78.9,-598435.2,300821.8,0.9948,0.097,551.6,-0.09709,-74.55781,1.0,0,-1.0,-1.0,-1.0,-1.0,-1.0,0.0,0.0,0.0,0.0
1791655062.88,3219899.2,485.9,85.5,13.0,0.0,175.0,0.0,89.95,0.36,0.0,229.48,0.0,1212.461252,100048.0,0.99,78.9,-598435.2,300821.8,0.9948,0.097,551.6,-0.09709,-74.55781,1.0,0,-1.0,-1.0,-1.0,-1.0,-1.0,0.0,0.0,0.0,0.0
1791655063.38,3219899.7,486.4,85.5,13.0,0.0,175.0,0.0,89.95,0.36,0.0,229.47,0.0,1212.461252,100048.0,0.99,78.9,-598435.2,300821.8,0.9948,0.097,551.6,-0.09709,-74.55781,1.0,0,-1.0,-1.0,-1.0,-1.0,-1.0,0.0,0.0,0.0,0.0
1791655063.89,3219900.2,486.9,85.5,13.0,0.0,175.0,0.0,89.95,0.36,0.0,229.46,0.0,1212.461252,100048.0,0.99,78.9,-598435.2,300821.8,0.9948,0.097,551.6,-0.09709,-74.55781,1.0,0,-1.0,-1.0,-1.0,-1.0,-1.0,0.0,0.0,0.0,0.0
1791655064.39,3219900.7,487.4,85.5,13.0,0.0,175.0,0.0,89.95,0.36,0.0,229.45,0.0,1212.461252,100048.0,0.99,78.9,-598435.2,300821.8,0.9948,0.097,551.6,-0.09709,-74.55781,1.0,0,-1.0,-1.0,-1.0,-1.0,-1.0,0.0,0.0,0.0,0.0
1791655064.89,3219901.2,487.9,85.5,13.0,0.0,175.0,0.0,89.95,0.36,0.0,229.45,0.0,1212.461252,100048.0,0.99,78.9,-598435.2,300821.8,0.9948,0.097,551.6,-0.09709,-74.55781,1.0,0,-1.0,-1.0,-1.0,-1.0,-1.0,0.0,0.0,0.0,0.0
1791655065.39,3219901.7,488.4,85.5,13.0,0.0,175.0,0.0,89.97,0.36,0.0,229.44,0.0,1212.461252,100048.0,0.99,78.9,-598435.2,300821.8,0.9948,0.097,551.6,-0.09709,-74.55781,1.0,0,-1.0,-1.0,-1.0,-1.0,-1.0,0.0,0.0,0.0,0.0
1791655065.9,3219902.2,488.9,85.5,13.0,0.0,175.0,0.0,89.96,0.36,0.0,229.43,0.0,1212.461252,100048.0,0.99,78.9,-598435.2,300821.8,0.9948,0.097,551.6,-0.09709,-74.55781,1.0,0,-1.0,-1.0,-1.0,-1.0,-1.0,0.0,0.0,0.0,0.0
1791655066.4,3219902.7,489.4,85.5,13.0,0.0,175.0,0.0,89.96,0.36,0.0,229.42,0.0,1212.461252,100048.0,0.99,78.9,-598435.2,300821.8,0.9948,0.097,551.6,-0.09709,-74.55781,1.0,0,-1.0,-1.0,-1.0,-1.0,-1.0,0.0,0.0,0.0,0.0
1791655066.91,3219903.2,489.9,85.5,13.0,0.0,175.0,0.0,89.97,0.36,0.0,229.41,0.0,1212.461252,100048.0,0.99,78.9,-598435.2,300821.8,0.9948,0.097,551.6,-0.09709,-74.55781,1.0,0,-1.0,-1.0,-1.0,-1.0,-1.0,0.0,0.0,0.0,0.0
1791655067.41,3219903.5,490.4,85.5,13.0,0.0,175.0,0.0,89.97,0.36,0.0,229.41,0.0,1212.461252,100048.0,0.99,78.9,-598435.2,300821.8,0.9948,0.097,551.6,-0.09709,-74.55781,1.0,0,-1.0,-1.0,-1.0,-1.0,-1.0,0.0,0.0,0.0,0.0
1791655067.91,3219903.5,490.9,85.5,13.0,0.0,175.0,0.0,89.97,0.36,0.0,229.41,0.0,1212.461252,100048.0,0.99,78.9,-598435.2,300821.8,0.9948,0.097,551.6,-0.09709,-74.55781,1.0,0,-1.0,-1.0,-1.0,-1.0,-1.0,0.0,0.0,0.0,0.0
1791655068.41,3219903.5,491.4,85.5,13.0,0.0,175.0,0.0,89.97,0.36,0.0,229.41,0.0,1212.461252,100048.0,0.99,78.9,-598435.2,300821.8,0.9948,0.097,551.6,-0.09709,-74.55781,1.0,0,-1.0,-1.0,-1.0,-1.0,-1.0,0.0,0.0,0.0,0.0
1791655068.91,3219903.5,491.9,85.5,13.0,0.0,175.0,0.0,89.97,0.36,0.0,229.41,0.0,1212.461252,100048.0,0.99,78.9,-598435.2,300821.8,0.9948,0.097,551.6,-0.09709,-74.55781,1.0,0,-1.0,-1.0,-1.0,-1.0,-1.0,0.0,0.0,0.0,0.0
1791655069.41,3219903.6,492.4,85.5,13.0,0.0,175.0,0.0,89.97,0.36,0.0,229.41,0.0,1212.461252,100048.0,0.99,78.9,-598435.2,300821.8,0.9948,0.097,551.6,-0.09709,-74.55781,1.0,0,-1.0,-1.0,-1.0,-1.0,-1.0,0.0,0.0,0.0,0.0
1791655069.91,3219903.6,492.9,85.5,13.0,0.0,175.0,0.0,89.97,0.36,0.0,229.41,0.0,1212.461252,100048.0,0.99,78.9,-598435.2,300821.8,0.9948,0.097,551.6,-0.09709,-74.55781,1.0,0,-1.0,-1.0,-1.0,-1.0,-1.0,0.0,0.0,0.0,0.0
1791655070.42,3219903.6,493.5,85.5,13.0,0.0,175.0,0.0,89.95,0.36,0.0,229.41,0.0,1212.461252,100048.0,0.99,78.9,-598435.2,300821.8,0.9948,0.097,551.6,-0.09709,-74.55781,1.0,0,-1.0,-1.0,-1.0,-1.0,-1.0,0.0,0.0,0.0,0.0
1791655070.92,3219903.6,494.0,85.5,13.0,0.0,175.0,0.0,89.95,0.36,0.0,229.41,0.0,1212.461252,100048.0,0.99,78.9,-598435.2,300821.8,0.9948,0.097,551.6,-0.09709,-74.55781,1.0,0,-1.0,-1.0,-1.0,-1.0,-1.0,0.0,0.0,0.0,0.0
1791655071.42,3219903.6,494.5,85.5,13.0,0.0,175.0,0.0,89.95,0.36,0.0,229.41,0.0,1212.461252,100048.0,0.99,78.9,-598435.2,300821.8,0.9948,0.097,551.6,-0.09709,-74.55781,1.0,0,-1.0,-1.0,-1.0,-1.0,-1.0,0.0,0.0,0.0,0.0
1791655071.92,3219903.6,495.0,85.5,13.0,0.0,175.0,0.0,89.95,0.36,0.0,229.41,0.0,1212.461252,100048.0,0.99,78.9,-598435.2,300821.8,0.9948,0.097,551.6,-0.09709,-74.55781,1.0,0,-1.0,-1.0,-1.0,-1.0,-1.0,0.0,0.0,0.0,0.0
1791655072.42,3219903.7,495.5,85.5,13.0,0.0,175.0,0.0,89.97,0.36,0.0,229.41,0.0,1212.461252,100048.0,0.99,78.9,-598435.2,300821.8,0.9948,0.097,551.6,-0.09709,-74.55781,1.0,0,-1.0,-1.0,-1.0,-1.0,-1.0,0.0,0.0,0.0,0.0
1791655072.92,3219903.7,496.0,85.5,13.0,0.0,175.0,0.0,89.97,0.36,0.0,229.41,0.0,1212.461252,100048.0,0.99,78.9,-598435.2,300821.8,0.9948,0.097,551.6,-0.09709,-74.55781,1.0,0,-1.0,-1.0,-1.0,-1.0,-1.0,0.0,0.0,0.0,0.0
1791655073.43,3219903.7,496.5,85.5,13.0,0.0,175.0,0.0,89.97,0.36,0.0,229.4,0.0,1212.461252,100048.0,0.99,78.9,-598435.2,300821.8,0.9948,0.097,551.6,-0.09709,-74.55781,1.0,0,-1.0,-1.0,-1.0,-1.0,-1.0,0.0,0.0,0.0,0.0
1791655073.93,3219903.7,497.0,85.5,13.0,0.0,175.0,0.0,89.97,0.36,0.0,229.4,0.0,1212.461252,100048.0,0.99,78.9,-598435.2,300821.8,0.9948,0.097,551.6,-0.09709,-74.55781,1.0,0,-1.0,-1.0,-1.0,-1.0,-1.0,0.0,0.0,0.0,0.0
1791655074.43,3219903.8,497.5,85.5,13.0,0.0,175.0,0.0,89.95,0.36,0.0,229.4,0.0,1212.461252,100048.0,0.99,78.9,-598435.2,300821.8,0.9948,0.097,551.6,-0.09709,-74.55781,1.0,0,-1.0,-1.0,-1.0,-1.0,-1.0,0.0,0.0,0.0,0.0
1791655074.93,3219903.8,498.0,85.5,13.0,0.0,175.0,0.0,89.95,0.36,0.0,229.4,0.0,1212.461252,100048.0,0.99,78.9,-598435.2,300821.8,0.9948,0.097,551.6,-0.09709,-74.55781,1.0,0,-1.0,-1.0,-1.0,-1.0,-1.0,0.0,0.0,0.0,0.0
1791655075.43,3219903.8,498.5,85.5,13.0,0.0,175.0,0.0,89.97,0.36,0.0,229.4,0.0,1212.461252,100048.0,0.99,78.9,-598435.2,300821.8,0.9948,0.097,551.6,-0.09709,-74.55781,1.0,0,-1.0,-1.0,-1.0,-1.0,-1.0,0.0,0.0,0.0,0.0
1791655075.93,3219903.8,499.0,85.5,13.0,0.0,175.0,0.0,89.97,0.36,0.0,229.4,0.0,1212.461252,100048.0,0.99,78.9,-598435.2,300821.8,0.9948,0.097,551.6,-0.09709,-74.55781,1.0,0,-1.0,-1.0,-1.0,-1.0,-1.0,0.0,0.0,0.0,0.0
1791655076.43,3219903.8,499.5,85.5,13.0,0.0,175.0,0.0,89.97,0.36,0.0,229.4,0.0,1212.461252,100048.0,0.99,78.9,-598435.2,300821.8,0.9948,0.097,551.6,-0.09709,-74.55781,1.0,0,-1.0,-1.0,-1.0,-1.0,-1.0,0.0,0.0,0.0,0.0
1791655076.94,3219903.8,500.0,85.5,13.0,0.0,175.0,0.0,89.97,0.36,0.0,229.4,0.0,1212.461252,100048.0,0.99,78.9,-598435.2,300821.8,0.9948,0.097,551.6,-0.09709,-74.55781,1.0,0,-1.0,-1.0,-1.0,-1.0,-1.0,0.0,0.0,0.0,0.0
1791655077.44,3219903.9,500.5,85.5,13.0,0.0,175.0,0.0,89.96,0.36,0.0,229.4,0.0,1212.461252,100048.0,0.99,78.9,-598435.2,300821.8,0.9948,0.097,551.6,-0.09709,-74.55781,1.0,0,-1.0,-1.0,-1.0,-1.0,-1.0,0.0,0.0,0.0,0.0
1791655077.94,3219903.9,501.0,85.5,13.0,0.0,175.0,0.0,89.96,0.36,0.0,229.4,0.0,1212.461252,100048.0,0.99,78.9,-598435.2,300821.8,0.9948,0.097,551.6,-0.09709,-74.55781,1.0,0,-1.0,-1.0,-1.0,-1.0,-1.0,0.0,0.0,0.0,0.0
1791655078.44,3219903.9,501.5,85.5,13.0,0.0,175.0,0.0,89.96,0.36,0.0,229.4,0.0,1212.461252,100048.0,0.99,78.9,-598435.2,300821.8,0.9948,0.097,551.6,-0.09709,-74.55781,1.0,0,-1.0,-1.0,-1.0,-1.0,-1.0,0.0,0.0,0.0,0.0
1791655078.94,3219903.9,502.0,85.5,13.0,0.0,175.0,0.0,89.96,0.36,0.0,229.4,0.0,1212.461252,100048.0,0.99,78.9,-598435.2,300821.8,0.9948,0.097,551.6,-0.09709,-74.55781,1.0,0,-1.0,-1.0,-1.0,-1.0,-1.0,0.0,0.0,0.0,0.0
1791655079.44,3219904.0,502.5,85.5,13.0,0.0,175.0,0.0,89.95,0.36,0.0,229.4,0.0,1212.461252,100048.0,0.99,78.9,-598435.2,300821.8,0.9948,0.097,551.6,-0.09709,-74.55781,1.0,0,-1.0,-1.0,-1.0,-1.0,-1.0,0.0,0.0,0.0,0.0
1791655079.95,3219904.0,503.0,85.5,13.0,0.0,175.0,0.0,89.95,0.36,0.0,229.4,0.0,1212.461252,100048.0,0.99,78.9,-598435.2,300821.8,0.9948,0.097,551.6,-0.09709,-74.55781,1.0,0,-1.0,-1.0,-1.0,-1.0,-1.0,0.0,0.0,0.0,0.0
1791655080.45,3219904.0,503.5,85.5,13.0,0.0,175.0,0.0,89.95,0.36,0.0,229.4,0.0,1212.461252,100048.0,0.99,78.9,-598435.2,300821.8,0.9948,0.097,551.6,-0.09709,-74.55781,1.0,0,-1.0,-1.0,-1.0,-1.0,-1.0,0.0,0.0,0.0,0.0
1791655080.95,3219904.0,504.0,85.5,13.0,0.0,175.0,0.0,89.95,0.36,0.0,229.4,0.0,1212.461252,100048.0,0.99,78.9,-598435.2,300821.8,0.9948,0.097,551.6,-0.09709,-74.55781,1.0,0,-1.0,-1.0,-1.0,-1.0,-1.0,0.0,0.0,0.0,0.0
1791655081.45,3219904.0,504.5,85.5,13.0,0.0,175.0,0.0,89.95,0.36,0.0,229.4,0.0,1212.461252,100048.0,0.99,78.9,-598435.2,300821.8,0.9948,0.097,551.6,-0.09709,-74.55781,1.0,0,-1.0,-1.0,-1.0,-1.0,-1.0,0.0,0.0,0.0,0.0
1791655081.95,3219904.0,505.0,85.5,13.0,0.0,175.0,0.0,89.95,0.36,0.0,229.4,0.0,1212.461252,100048.0,0.99,78.9,-598435.2,300821.8,0.9948,0.097,551.6,-0.09709,-74.55781,1.0,0,-1.0,-1.0,-1.0,-1.0,-1.0,0.0,0.0,0.0,0.0
1791655082.45,3219904.1,505.5,85.5,13.0,0.0,175.0,0.0,89.95,0.36,0.0,229.4,0.0,1212.461252,100048.0,0.99,78.9,-598435.2,300821.8,0.9948,0.097,551.6,-0.09709,-74.55781,1.0,0,-1.0,-1.0,-1.0,-1.0,-1.0,0.0,0.0,0.0,0.0
1791655082.95,3219904.1,506.0,85.5,13.0,0.0,175.0,0.0,89.95,0.36,0.0,229.4,0.0,1212.461252,100048.0,0.99,78.9,-598435.2,300821.8,0.9948,0.097,551.6,-0.09709,-74.55781,1.0,0,-1.0,-1.0,-1.0,-1.0,-1.0,0.0,0.0,0.0,0.0
1791655083.46,3219904.1,506.5,85.5,13.0,0.0,175.0,0.0,89.95,0.36,0.0,229.4,0.0,1212.461252,100048.0,0.99,78.9,-598435.2,300821.8,0.9948,0.097,551.6,-0.09709,-74.55781,1.0,0,-1.0,-1.0,-1.0,-1.0,-1.0,0.0,0.0,0.0,0.0
1791655083.96,3219904.1,507.0,85.5,13.0,0.0,175.0,0.0,89.95,0.36,0.0,229.4,0.0,1212.461252,100048.0,0.99,78.9,-598435.2,300821.8,0.9948,0.097,551.6,-0.09709,-74.55781,1.0,0,-1.0,-1.0,-1.0,-1.0,-1.0,0.0,0.0,0.0,0.0
1791655084.46,3219904.1,507.5,85.5,13.0,0.0,175.0,0.0,89.95,0.36,0.0,229.4,0.0,1212.461252,100048.0,0.99,78.9,-598435.2,300821.8,0.9948,0.097,551.6,-0.09709,-74.55781,1.0,0,-1.0,-1.0,-1.0,-1.0,-1.0,0.0,0.0,0.0,0.0
1791655084.96,3219904.2,508.0,85.5,13.0,0.0,175.0,0.0,89.95,0.36,0.0,229.4,0.0,1212.461252,100048.0,0.99,78.9,-598435.2,300821.8,0.9948,0.097,551.6,-0.09709,-74.55781,1.0,0,-1.0,-1.0,-1.0,-1.0,-1.0,0.0,0.0,0.0,0.0
1791655085.46,3219904.2,508.5,85.5,13.0,0.0,175.0,0.0,89.95,0.36,0.0,229.4,0.0,1212.461252,100048.0,0.99,78.9,-598435.2,300821.8,0.9948,0.097,551.6,-0.09709,-74.55781,1.0,0,-1.0,-1.0,-1.0,-1.0,-1.0,0.0,0.0,0.0,0.0
1791655085.96,3219904.2,509.0,85.5,13.0,0.0,175.0,0.0,89.95,0.36,0.0,229.4,0.0,1212.461252,100048.0,0.99,78.9,-598435.2,300821.8,0.9948,0.097,551.6,-0.09709,-74.55781,1.0,0,-1.0,-1.0,-1.0,-1.0,-1.0,0.0,0.0,0.0,0.0
1791655086.47,3219904.2,509.5,85.5,13.0,0.0,175.0,0.0,89.95,0.36,0.0,229.4,0.0,1212.461252,100048.0,0.99,78.9,-598435.2,300821.8,0.9948,0.097,551.6,-0.09709,-74.55781,1.0,0,-1.0,-1.0,-1.0,-1.0,-1.0,0.0,0.0,0.0,0.0
1791655086.97,3219904.2,510.0,85.5,13.0,0.0,175.0,0.0,89.95,0.36,0.0,229.4,0.0,1212.461252,100048.0,0.99,78.9,-598435.2,300821.8,0.9948,0.097,551.6,-0.09709,-74.55781,1.0,0,-1.0,-1.0,-1.0,-1.0,-1.0,0.0,0.0,0.0,0.0
1791655087.47,3219904.2,510.5,85.5,13.0,0.0,175.0,0.0,89.95,0.36,0.0,229.4,0.0,1212.461252,100048.0,0.99,78.9,-598435.2,300821.8,0.9948,0.097,551.6,-0.09709,-74.55781,1.0,0,-1.0,-1.0,-1.0,-1.0,-1.0,0.0,0.0,0.0,0.0
1791655087.97,3219904.3,511.0,85.5,13.0,0.0,175.0,0.0,89.95,0.36,0.0,229.4,0.0,1212.461252,100048.0,0.99,78.9,-598435.2,300821.8,0.9948,0.097,551.6,-0.09709,-74.55781,1.0,0,-1.0,-1.0,-1.0,-1.0,-1.0,0.0,0.0,0.0,0.0
1791655088.47,3219904.3,511.5,85.5,13.0,0.0,175.0,0.0,89.95,0.36,0.0,229.4,0.0,1212.461252,100048.0,0.99,78.9,-598435.2,300821.8,0.9948,0.097,551.6,-0.09709,-74.55781,1.0,0,-1.0,-1.0,-1.0,-1.0,-1.0,0.0,0.0,0.0,0.0
1791655088.97,3219904.3,512.0,85.5,13.0,0.0,175.0,0.0,89.97,0.36,0.0,229.39,0.0,1212.461252,100048.0,0.99,78.9,-598435.2,300821.8,0.9948,0.097,551.6,-0.09709,-74.55781,1.0,0,-1.0,-1.0,-1.0,-1.0,-1.0,0.0,0.0,0.0,0.0
1791655089.47,3219904.3,512.5,85.5,13.0,0.0,175.0,0.0,89.97,0.36,0.0,229.39,0.0,1212.461252,100048.0,0.99,78.9,-598435.2,300821.8,0.9948,0.097,551.6,-0.09709,-74.55781,1.0,0,-1.0,-1.0,-1.0,-1.0,-1.0,0.0,0.0,0.0,0.0
1791655089.98,3219904.4,513.0,85.5,13.0,0.0,175.0,0.0,89.95,0.36,0.0,229.39,0.0,1212.461252,100048.0,0.99,78.9,-598435.2,300821.8,0.9948,0.097,551.6,-0.09709,-74.55781,1.0,0,-1.0,-1.0,-1.0,-1.0,-1.0,0.0,0.0,0.0,0.0
1791655090.48,3219904.4,513.5,85.5,13.0,0.0,175.0,0.0,89.95,0.36,0.0,229.39,0.0,1212.461252,100048.0,0.99,78.9,-598435.2,300821.8,0.9948,0.097,551.6,-0.09709,-74.55781,1.0,0,-1.0,-1.0,-1.0,-1.0,-1.0,0.0,0.0,0.0,0.0
1791655090.98,3219904.4,514.0,85.5,13.0,0.0,175.0,0.0,89.95,0.36,0.0,229.39,0.0,1212.461252,100048.0,0.99,78.9,-598435.2,300821.8,0.9948,0.097,551.6,-0.09709,-74.55781,1.0,0,-1.0,-1.0,-1.0,-1.0,-1.0,0.0,0.0,0.0,0.0
1791655091.48,3219904.4,514.5,85.5,13.0,0.0,175.0,0.0,89.95,0.36,0.0,229.39,0.0,1212.461252,100048.0,0.99,78.9,-598435.2,300821.8,0.9948,0.097,551.6,-0.09709,-74.55781,1.0,0,-1.0,-1.0,-1.0,-1.0,-1.0,0.0,0.0,0.0,0.0
1791655091.98,3219904.4,515.0,85.5,13.0,0.0,175.0,0.0,89.95,0.36,0.0,229.39,0.0,1212.461252,100048.0,0.99,78.9,-598435.2,300821.8,0.9948,0.097,551.6,-0.09709,-74.55781,1.0,0,-1.0,-1.0,-1.0,-1.0,-1.0,0.0,0.0,0.0,0.0
1791655092.48,3219904.4,515.5,85.5,13.0,0.0,175.0,0.0,89.95,0.36,0.0,229.39,0.0,1212.461252,100048.0,0.99,78.9,-598435.2,300821.8,0.9948,0.097,551.6,-0.09709,-74.55781,1.0,0,-1.0,-1.0,-1.0,-1.0,-1.0,0.0,0.0,0.0,0.0
1791655092.99,3219904.5,516.0,85.5,13.0,0.0,175.0,0.0,89.95,0.36,0.0,229.39,0.0,1212.461252,100048.0,0.99,78.9,-598435.2,300821.8,0.9948,0.097,551.6,-0.09709,-74.55781,1.0,0,-1.0,-1.0,-1.0,-1.0,-1.0,0.0,0.0,0.0,0.0
1791655093.49,3219904.5,516.5,85.5,13.0,0.0,175.0,0.0,89.95,0.36,0.0,229.39,0.0,1212.461252,100048.0,0.99,78.9,-598435.2,300821.8,0.9948,0.097,551.6,-0.09709,-74.55781,1.0,0,-1.0,-1.0,-1.0,-1.0,-1.0,0.0,0.0,0.0,0.0
1791655093.99,3219904.5,517.0,85.5,13.0,0.0,175.0,0.0,89.97,0.36,0.0,229.39,0.0,1212.461252,100048.0,0.99,78.9,-598435.2,300821.8,0.9948,0.097,551.6,-0.09709,-74.55781,1.0,0,-1.0,-1.0,-1.0,-1.0,-1.0,0.0,0.0,0.0,0.0
1791655094.49,3219904.5,517.5,85.5,13.0,0.0,175.0,0.0,89.97,0.36,0.0,229.39,0.0,1212.461252,100048.0,0.99,78.9,-598435.2,300821.8,0.9948,0.097,551.6,-0.09709,-74.55781,1.0,0,-1.0,-1.0,-1.0,-1.0,-1.0,0.0,0.0,0.0,0.0
1791655094.99,3219904.6,518.0,85.5,13.0,0.0,175.0,0.0,89.95,0.36,0.0,229.39,0.0,1212.461252,100048.0,0.99,78.9,-598435.2,300821.8,0.9948,0.097,551.6,-0.09709,-74.55781,1.0,0,-1.0,-1.0,-1.0,-1.0,-1.0,0.0,0.0,0.0,0.0
1791655095.49,3219904.6,518.5,85.5,13.0,0.0,175.0,0.0,89.95,0.36,0.0,229.39,0.0,1212.461252,100048.0,0.99,78.9,-598435.2,300821.8,0.9948,0.097,551.6,-0.09709,-74.55781,1.0,0,-1.0,-1.0,-1.0,-1.0,-1.0,0.0,0.0,0.0,0.0
1791655095.99,3219904.6,519.0,85.5,13.0,0.0,175.0,0.0,89.95,0.36,0.0,229.39,0.0,1212.461252,100048.0,0.99,78.9,-598435.2,300821.8,0.9948,0.097,551.6,-0.09709,-74.55781,1.0,0,-1.0,-1.0,-1.0,-1.0,-1.0,0.0,0.0,0.0,0.0
1791655096.5,3219904.6,519.5,85.5,13.0,0.0,175.0,0.0,89.95,0.36,0.0,229.39,0.0,1212.461252,100048.0,0.99,78.9,-598435.2,300821.8,0.9948,0.097,551.6,-0.09709,-74.55781,1.0,0,-1.0,-1.0,-1.0,-1.0,-1.0,0.0,0.0,0.0,0.0
1791655097.0,3219904.6,520.0,85.5,13.0,0.0,175.0,0.0,89.95,0.36,0.0,229.39,0.0,1212.461252,100048.0,0.99,78.9,-598435.2,300821.8,0.9948,0.097,551.6,-0.09709,-74.55781,1.0,0,-1.0,-1.0,-1.0,-1.0,-1.0,0.0,0.0,0.0,0.0
1791655097.5,3219904.6,520.5,85.5,13.0,0.0,175.0,0.0,89.95,0.36,0.0,229.39,0.0,1212.461252,100048.0,0.99,78.9,-598435.2,300821.8,0.9948,0.097,551.6,-0.09709,-74.55781,1.0,0,-1.0,-1.0,-1.0,-1.0,-1.0,0.0,0.0,0.0,0.0
1791655098.0,3219904.7,521.0,85.5,13.0,0.0,175.0,0.0,89.95,0.36,0.0,229.39,0.0,1212.461252,100048.0,0.99,78.9,-598435.2,300821.8,0.9948,0.097,551.6,-0.09709,-74.55781,1.0,0,-1.0,-1.0,-1.0,-1.0,-1.0,0.0,0.0,0.0,0.0
1791655098.5,3219904.7,521.5,85.5,13.0,0.0,175.0,0.0,89.95,0.36,0.0,229.39,0.0,1212.461252,100048.0,0.99,78.9,-598435.2,300821.8,0.9948,0.097,551.6,-0.09709,-74.55781,1.0,0,-1.0,-1.0,-1.0,-1.0,-1.0,0.0,0.0,0.0,0.0
1791655099.0,3219904.7,522.0,85.5,13.0,0.0,175.0,0.0,89.95,0.36,0.0,229.39,0.0,1212.461252,100048.0,0.99,78.9,-598435.2,300821.8,0.9948,0.097,551.6,-0.09709,-74.55781,1.0,0,-1.0,-1.0,-1.0,-1.0,-1.0,0.0,0.0,0.0,0.0
1791655099.51,3219904.7,522.5,85.5,13.0,0.0,175.0,0.0,89.95,0.36,0.0,229.39,0.0,1212.461252,100048.0,0.99,78.9,-598435.2,300821.8,0.9948,0.097,551.6,-0.09709,-74.55781,1.0,0,-1.0,-1.0,-1.0,-1.0,-1.0,0.0,0.0,0.0,0.0
1791655100.01,3219904.8,523.0,85.5,13.0,0.0,175.0,0.0,89.95,0.36,0.0,229.39,0.0,1212.461252,100048.0,0.99,78.9,-598435.2,300821.8,0.9948,0.097,551.6,-0.09709,-74.55781,1.0,0,-1.0,-1.0,-1.0,-1.0,-1.0,0.0,0.0,0.0,0.0
1791655100.51,3219904.8,523.5,85.5,13.0,0.0,175.0,0.0,89.95,0.36,0.0,229.39,0.0,1212.461252,100048.0,0.99,78.9,-598435.2,300821.8,0.9948,0.097,551.6,-0.09709,-74.55781,1.0,0,-1.0,-1.0,-1.0,-1.0,-1.0,0.0,0.0,0.0,0.0
1791655101.01,3219904.8,524.0,85.5,13.0,0.0,175.0,0.0,89.95,0.36,0.0,229.39,0.0,1212.461252,100048.0,0.99,78.9,-598435.2,300821.8,0.9948,0.097,551.6,-0.09709,-74.55781,1.0,0,-1.0,-1.0,-1.0,-1.0,-1.0,0.0,0.0,0.0,0.0
1791655101.51,3219904.8,524.5,85.5,13.0,0.0,175.0,0.0,89.95,0.36,0.0,229.39,0.0,1212.461252,100048.0,0.99,78.9,-598435.2,300821.8,0.9948,0.097,551.6,-0.09709,-74.55781,1.0,0,-1.0,-1.0,-1.0,-1.0,-1.0,0.0,0.0,0.0,0.0
1791655102.01,3219904.8,525.0,85.5,13.0,0.0,175.0,0.0,89.95,0.36,0.0,229.39,0.0,1212.461252,100048.0,0.99,78.9,-598435.2,300821.8,0.9948,0.097,551.6,-0.09709,-74.55781,1.0,0,-1.0,-1.0,-1.0,-1.0,-1.0,0.0,0.0,0.0,0.0
1791655102.51,3219904.8,525.5,85.5,13.0,0.0,175.0,0.0,89.95,0.36,0.0,229.39,0.0,1212.461252,100048.0,0.99,78.9,-598435.2,300821.8,0.9948,0.097,551.6,-0.09709,-74.55781,1.0,0,-1.0,-1.0,-1.0,-1.0,-1.0,0.0,0.0,0.0,0.0
1791655103.02,3219904.9,526.1,85.5,13.0,0.0,175.0,0.0,89.95,0.36,0.0,229.39,0.0,1212.461252,100048.0,0.99,78.9,-598435.2,300821.8,0.9948,0.097,551.6,-0.09709,-74.55781,1.0,0,-1.0,-1.0,-1.0,-1.0,-1.0,0.0,0.0,0.0,0.0
1791655103.52,3219904.9,526.6,85.5,13.0,0.0,175.0,0.0,89.95,0.36,0.0,229.39,0.0,1212.461252,100048.0,0.99,78.9,-598435.2,300821.8,0.9948,0.097,551.6,-0.09709,-74.55781,1.0,0,-1.0,-1.0,-1.0,-1.0,-1.0,0.0,0.0,0.0,0.0
1791655104.02,3219904.9,527.1,85.5,13.0,0.0,175.0,0.0,89.96,0.36,0.0,229.38,0.0,1212.461252,100048.0,0.99,78.9,-598435.2,300821.8,0.9948,0.097,551.6,-0.09709,-74.55781,1.0,0,-1.0,-1.0,-1.0,-1.0,-1.0,0.0,0.0,0.0,0.0
1791655104.52,3219904.9,527.6,85.5,13.0,0.0,175.0,0.0,89.96,0.36,0.0,229.38,0.0,1212.461252,100048.0,0.99,78.9,-598435.2,300821.8,0.9948,0.097,551.6,-0.09709,-74.55781,1.0,0,-1.0,-1.0,-1.0,-1.0,-1.0,0.0,0.0,0.0,0.0
1791655105.02,3219905.0,528.1,85.5,13.0,0.0,175.0,0.0,89.96,0.36,0.0,229.38,0.0,1212.461252,100048.0,0.99,78.9,-598435.2,300821.8,0.9948,0.097,551.6,-0.09709,-74.55781,1.0,0,-1.0,-1.0,-1.0,-1.0,-1.0,0.0,0.0,0.0,0.0
1791655105.52,3219905.0,528.6,85.5,13.0,0.0,175.0,0.0,89.96,0.36,0.0,229.38,0.0,1212.461252,100048.0,0.99,78.9,-598435.2,300821.8,0.9948,0.097,551.6,-0.09709,-74.55781,1.0,0,-1.0,-1.0,-1.0,-1.0,-1.0,0.0,0.0,0.0,0.0
1791655106.03,3219905.6,529.1,85.5,13.0,0.0,175.0,0.0,89.95,0.36,0.0,229.37,0.0,1212.461252,100048.0,0.99,78.9,-598435.2,300821.8,0.9948,0.097,551.6,-0.09709,-74.55781,1.0,0,-1.0,-1.0,-1.0,-1.0,-1.0,0.0,0.0,0.0,0.0
1791655106.53,3219906.1,529.6,85.5,13.0,0.0,175.0,0.0,89.96,0.36,0.0,229.37,0.0,1212.461252,100048.0,0.99,78.9,-598435.2,300821.8,0.9948,0.097,551.6,-0.09709,-74.55781,1.0,0,-1.0,-1.0,-1.0,-1.0,-1.0,0.0,0.0,0.0,0.0
1791655107.03,3219906.6,530.1,85.5,13.0,0.0,175.0,0.0,89.95,0.36,0.0,229.36,0.0,1212.461252,100048.0,0.99,78.9,-598435.2,300821.8,0.9948,0.097,551.6,-0.09709,-74.55781,1.0,0,-1.0,-1.0,-1.0,-1.0,-1.0,0.0,0.0,0.0,0.0
1791655107.53,3219907.1,530.6,85.5,13.0,0.0,175.0,0.0,89.97,0.36,0.0,229.35,0.0,1212.461252,100048.0,0.99,78.9,-598435.2,300821.8,0.9948,0.097,551.6,-0.09709,-74.55781,1.0,0,-1.0,-1.0,-1.0,-1.0,-1.0,0.0,0.0,0.0,0.0
1791655108.03,3219907.6,531.1,85.5,13.0,0.0,175.0,0.0,89.97,0.36,0.0,229.34,0.0,1212.461252,100048.0,0.99,78.9,-598435.2,300821.8,0.9948,0.097,551.6,-0.09709,-74.55781,1.0,0,-1.0,-1.0,-1.0,-1.0,-1.0,0.0,0.0,0.0,0.0
1791655108.54,3219908.1,531.6,85.5,13.0,0.0,175.0,0.0,89.95,0.36,0.0,229.33,0.0,1212.461252,100048.0,0.99,78.9,-598435.2,300821.8,0.9948,0.097,551.6,-0.09709,-74.55781,1.0,0,-1.0,-1.0,-1.0,-1.0,-1.0,0.0,0.0,0.0,0.0
1791655109.04,3219908.6,532.1,85.5,13.0,0.0,175.0,0.0,89.96,0.36,0.0,229.32,0.0,1212.461252,100048.0,0.99,78.9,-598435.2,300821.8,0.9948,0.097,551.6,-0.09709,-74.55781,1.0,0,-1.0,-1.0,-1.0,-1.0,-1.0,0.0,0.0,0.0,0.0
1791655109.54,3219909.1,532.6,85.5,13.0,0.0,175.0,0.0,89.96,0.36,0.0,229.32,0.0,1212.461252,100048.0,0.99,78.9,-598435.2,300821.8,0.9948,0.097,551.6,-0.09709,-74.55781,1.0,0,-1.0,-1.0,-1.0,-1.0,-1.0,0.0,0.0,0.0,0.0
1791655110.04,3219909.6,533.1,85.5,13.0,0.0,175.0,0.0,89.95,0.36,0.0,229.31,0.0,1212.461252,100048.0,0.99,78.9,-598435.2,300821.8,0.9948,0.097,551.6,-0.09709,-74.55781,1.0,0,-1.0,-1.0,-1.0,-1.0,-1.0,0.0,0.0,0.0,0.0
1791655110.54,3219910.1,533.6,85.5,13.0,0.0,175.0,0.0,89.95,0.36,0.0,229.3,0.0,1212.461252,100048.0,0.99,78.9,-598435.2,300821.8,0.9948,0.097,551.6,-0.09709,-74.55781,1.0,0,-1.0,-1.0,-1.0,-1.0,-1.0,0.0,0.0,0.0,0.0
1791655111.04,3219910.6,534.1,85.5,13.0,0.0,175.0,0.0,89.97,0.36,0.0,229.29,0.0,1212.461252,100048.0,0.99,78.9,-598435.2,300821.8,0.9948,0.097,551.6,-0.09709,-74.55781,1.0,0,-1.0,-1.0,-1.0,-1.0,-1.0,0.0,0.0,0.0,0.0
1791655111.55,3219911.1,534.6,85.5,13.0,0.0,175.0,0.0,89.97,0.36,0.0,229.28,0.0,1212.461252,100048.0,0.99,78.9,-598435.2,300821.8,0.9948,0.097,551.6,-0.09709,-74.55781,1.0,0,-1.0,-1.0,-1.0,-1.0,-1.0,0.0,0.0,0.0,0.0
1791655112.05,3219911.6,535.1,85.5,13.0,0.0,175.0,0.0,89.95,0.36,0.0,229.27,0.0,1212.461252,100048.0,0.99,78.9,-598435.2,300821.8,0.9948,0.097,551.6,-0.09709,-74.55781,1.0,0,-1.0,-1.0,-1.0,-1.0,-1.0,0.0,0.0,0.0,0.0
1791655112.55,3219912.1,535.6,85.5,13.0,0.0,175.0,0.0,89.96,0.36,0.0,229.27,0.0,1212.461252,100048.0,0.99,78.9,-598435.2,300821.8,0.9948,0.097,551.6,-0.09709,-74.55781,1.0,0,-1.0,-1.0,-1.0,-1.0,-1.0,0.0,0.0,0.0,0.0
1791655113.05,3219912.6,536.1,85.5,13.0,0.0,175.0,0.0,89.96,0.36,0.0,229.26,0.0,1212.461252,100048.0,0.99,78.9,-598435.2,300821.8,0.9948,0.097,551.6,-0.09709,-74.55781,1.0,0,-1.0,-1.0,-1.0,-1.0,-1.0,0.0,0.0,0.0,0.0
1791655113.55,3219913.1,536.6,85.5,13.0,0.0,175.0,0.0,89.97,0.36,0.0,229.25,0.0,1212.461252,100048.0,0.99,78.9,-598435.2,300821.8,0.9948,0.097,551.6,-0.09709,-74.55781,1.0,0,-1.0,-1.0,-1.0,-1.0,-1.0,0.0,0.0,0.0,0.0
1791655114.05,3219913.6,537.1,85.5,13.0,0.0,175.0,0.0,89.95,0.36,0.0,229.24,0.0,1212.461252,100048.0,0.99,78.9,-598435.2,300821.8,0.9948,0.097,551.6,-0.09709,-74.55781,1.0,0,-1.0,-1.0,-1.0,-1.0,-1.0,0.0,0.0,0.0,0.0
1791655114.56,3219914.1,537.6,85.5,13.0,0.0,175.0,0.0,89.97,0.36,0.0,229.23,0.0,1212.461252,100048.0,0.99,78.9,-598435.2,300821.8,0.9948,0.097,551.6,-0.09709,-74.55781,1.0,0,-1.0,-1.0,-1.0,-1.0,-1.0,0.0,0.0,0.0,0.0
1791655115.06,3219914.6,538.1,85.5,13.0,0.0,175.0,0.0,89.96,0.36,0.0,229.22,0.0,1212.461252,100048.0,0.99,78.9,-598435.2,300821.8,0.9948,0.097,551.6,-0.09709,-74.55781,1.0,0,-1.0,-1.0,-1.0,-1.0,-1.0,0.0,0.0,0.0,0.0
1791655115.56,3219915.0,538.6,85.5,13.0,0.0,175.0,0.0,89.96,0.36,0.0,229.22,0.0,1212.461252,100048.0,0.99,78.9,-598435.2,300821.8,0.9948,0.097,551.6,-0.09709,-74.55781,1.0,0,-1.0,-1.0,-1.0,-1.0,-1.0,0.0,0.0,0.0,0.0
1791655116.06,3219915.5,539.1,85.5,13.0,0.0,175.0,0.0,89.96,0.36,0.0,229.21,0.0,1212.461252,100048.0,0.99,78.9,-598435.2,300821.8,0.9948,0.097,551.6,-0.09709,-74.55781,1.0,0,-1.0,-1.0,-1.0,-1.0,-1.0,0.0,0.0,0.0,0.0
1791655116.56,3219916.0,539.6,85.5,13.0,0.0,175.0,0.0,89.95,0.36,0.0,229.2,0.0,1212.461252,100048.0,0.99,78.9,-598435.2,300821.8,0.9948,0.097,551.6,-0.09709,-74.55781,1.0,0,-1.0,-1.0,-1.0,-1.0,-1.0,0.0,0.0,0.0,0.0
1791655117.07,3219916.5,540.1,85.5,13.0,0.0,175.0,0.0,89.95,0.36,0.0,229.19,0.0,1212.461252,100048.0,0.99,78.9,-598435.2,300821.8,0.9948,0.097,551.6,-0.09709,-74.55781,1.0,0,-1.0,-1.0,-1.0,-1.0,-1.0,0.0,0.0,0.0,0.0
1791655117.57,3219917.0,540.6,85.5,13.0,0.0,175.0,0.0,89.97,0.36,0.0,229.18,0.0,1212.461252,100048.0,0.99,78.9,-598435.2,300821.8,0.9948,0.097,551.6,-0.09709,-74.55781,1.0,0,-1.0,-1.0,-1.0,-1.0,-1.0,0.0,0.0,0.0,0.0
1791655118.07,3219917.6,541.1,85.5,13.0,0.0,175.0,0.0,89.97,0.36,0.0,229.17,0.0,1212.461252,100048.0,0.99,78.9,-598435.2,300821.8,0.9948,0.097,551.6,-0.09709,-74.55781,1.0,0,-1.0,-1.0,-1.0,-1.0,-1.0,0.0,0.0,0.0,0.0
1791655118.57,3219918.1,541.6,85.5,13.0,0.0,175.0,0.0,89.97,0.36,0.0,229.17,0.0,1212.461252,100048.0,0.99,78.9,-598435.2,300821.8,0.9948,0.097,551.6,-0.09709,-74.55781,1.0,0,-1.0,-1.0,-1.0,-1.0,-1.0,0.0,0.0,0.0,0.0
1791655119.08,3219918.6,542.1,85.5,13.0,0.0,175.0,0.0,89.95,0.36,0.0,229.16,0.0,1212.461252,100048.0,0.99,78.9,-598435.2,300821.8,0.9948,0.097,551.6,-0.09709,-74.55781,1.0,0,-1.0,-1.0,-1.0,-1.0,-1.0,0.0,0.0,0.0,0.0
1791655119.58,3219919.1,542.6,85.5,13.0,0.0,175.0,0.0,89.95,0.36,0.0,229.15,0.0,1212.461252,100048.0,0.99,78.9,-598435.2,300821.8,0.9948,0.097,551.6,-0.09709,-74.55781,1.0,0,-1.0,-1.0,-1.0,-1.0,-1.0,0.0,0.0,0.0,0.0
1791655120.08,3219919.6,543.1,85.5,13.0,0.0,175.0,0.0,89.95,0.36,0.0,229.14,0.0,1212.461252,100048.0,0.99,78.9,-598435.2,300821.8,0.9948,0.097,551.6,-0.09709,-74.55781,1.0,0,-1.0,-1.0,-1.0,-1.0,-1.0,0.0,0.0,0.0,0.0
1791655120.58,3219920.1,543.6,85.5,13.0,0.0,175.0,0.0,89.97,0.36,0.0,229.13,0.0,1212.461252,100048.0,0.99,78.9,-598435.2,300821.8,0.9948,0.097,551.6,-0.09709,-74.55781,1.0,0,-1.0,-1.0,-1.0,-1.0,-1.0,0.0,0.0,0.0,0.0
1791655121.08,3219920.6,544.1,85.5,13.0,0.0,175.0,0.0,89.95,0.36,0.0,229.12,0.0,1212.461252,100048.0,0.99,78.9,-598435.2,300821.8,0.9948,0.097,551.6,-0.09709,-74.55781,1.0,0,-1.0,-1.0,-1.0,-1.0,-1.0,0.0,0.0,0.0,0.0
1791655121.58,3219921.1,544.6,85.5,13.0,0.0,175.0,0.0,89.96,0.36,0.0,229.12,0.0,1212.461252,100048.0,0.99,78.9,-598435.2,300821.8,0.9948,0.097,551.6,-0.09709,-74.55781,1.0,0,-1.0,-1.0,-1.0,-1.0,-1.0,0.0,0.0,0.0,0.0
1791655122.09,3219921.6,545.1,85.5,13.0,0.0,175.0,0.0,89.95,0.36,0.0,229.11,0.0,1212.461252,100048.0,0.99,78.9,-598435.2,300821.8,0.9948,0.097,551.6,-0.09709,-74.55781,1.0,0,-1.0,-1.0,-1.0,-1.0,-1.0,0.0,0.0,0.0,0.0
1791655122.59,3219922.1,545.6,85.5,13.0,0.0,175.0,0.0,89.95,0.36,0.0,229.1,0.0,1212.461252,100048.0,0.99,78.9,-598435.2,300821.8,0.9948,0.097,551.6,-0.09709,-74.55781,1.0,0,-1.0,-1.0,-1.0,-1.0,-1.0,0.0,0.0,0.0,0.0
1791655123.09,3219922.6,546.1,85.5,13.0,0.0,175.0,0.0,89.96,0.36,0.0,229.09,0.0,1212.461252,100048.0,0.99,78.9,-598435.2,300821.8,0.9948,0.097,551.6,-0.09709,-74.55781,1.0,0,-1.0,-1.0,-1.0,-1.0,-1.0,0.0,0.0,0.0,0.0
1791655123.59,3219923.1,546.6,85.5,13.0,0.0,175.0,0.0,89.95,0.36,0.0,229.08,0.0,1212.461252,100048.0,0.99,78.9,-598435.2,300821.8,0.9948,0.097,551.6,-0.09709,-74.55781,1.0,0,-1.0,-1.0,-1.0,-1.0,-1.0,0.0,0.0,0.0,0.0
1791655124.1,3219923.6,547.1,85.5,13.0,0.0,175.0,0.0,89.95,0.36,0.0,229.07,0.0,1212.461252,100048.0,0.99,78.9,-598435.2,300821.8,0.9948,0.097,551.6,-0.09709,-74.55781,1.0,0,-1.0,-1.0,-1.0,-1.0,-1.0,0.0,0.0,0.0,0.0
1791655124.6,3219924.1,547.6,85.5,13.0,0.0,175.0,0.0,89.95,0.36,0.0,229.07,0.0,1212.461252,100048.0,0.99,78.9,-598435.2,300821.8,0.9948,0.097,551.6,-0.09709,-74.55781,1.0,0,-1.0,-1.0,-1.0,-1.0,-1.0,0.0,0.0,0.0,0.0
1791655125.1,3219924.6,548.1,85.5,13.0,0.0,175.0,0.0,89.96,0.36,0.0,229.06,0.0,1212.461252,100048.0,0.99,78.9,-598435.2,300821.8,0.9948,0.097,551.6,-0.09709,-74.55781,1.0,0,-1.0,-1.0,-1.0,-1.0,-1.0,0.0,0.0,0.0,0.0
1791655125.6,3219925.1,548.6,85.5,13.0,0.0,175.0,0.0,89.95,0.36,0.0,229.05,0.0,1212.461252,100048.0,0.99,78.9,-598435.2,300821.8,0.9948,0.097,551.6,-0.09709,-74.55781,1.0,0,-1.0,-1.0,-1.0,-1.0,-1.0,0.0,0.0,0.0,0.0
1791655126.1,3219925.6,549.1,85.5,13.0,0.0,175.0,0.0,89.96,0.36,0.0,229.04,0.0,1212.461252,100048.0,0.99,78.9,-598435.2,300821.8,0.9948,0.097,551.6,-0.09709,-74.55781,1.0,0,-1.0,-1.0,-1.0,-1.0,-1.0,0.0,0.0,0.0,0.0
1791655126.6,3219926.1,549.6,85.5,13.0,0.0,175.0,0.0,89.95,0.36,0.0,229.03,0.0,1212.461252,100048.0,0.99,78.9,-598435.2,300821.8,0.9948,0.097,551.6,-0.09709,-74.55781,1.0,0,-1.0,-1.0,-1.0,-1.0,-1.0,0.0,0.0,0.0,0.0
1791655127.11,3219926.6,550.1,85.5,13.0,0.0,175.0,0.0,89.97,0.36,0.0,229.02,0.0,1212.461252,100048.0,0.99,78.9,-598435.2,300821.8,0.9948,0.097,551.6,-0.09709,-74.55781,1.0,0,-1.0,-1.0,-1.0,-1.0,-1.0,0.0,0.0,0.0,0.0
1791655127.65,3219927.1,550.7,85.5,13.0,0.0,175.0,0.0,89.96,0.36,0.0,229.02,0.0,1212.461252,100048.0,0.99,78.9,-598435.2,300821.8,0.9948,0.097,551.6,-0.09709,-74.55781,1.0,0,-1.0,-1.0,-1.0,-1.0,-1.0,0.0,0.0,0.0,0.0
1791655128.15,3219927.6,551.2,85.5,13.0,0.0,175.0,0.0,89.95,0.36,0.0,229.01,0.0,1212.461252,100048.0,0.99,78.9,-598435.2,300821.8,0.9948,0.097,551.6,-0.09709,-74.55781,1.0,0,-1.0,-1.0,-1.0,-1.0,-1.0,0.0,0.0,0.0,0.0
1791655128.65,3219928.1,551.7,85.5,13.0,0.0,175.0,0.0,89.95,0.36,0.0,229.0,0.0,1212.461252,100048.0,0.99,78.9,-598435.2,300821.8,0.9948,0.097,551.6,-0.09709,-74.55781,1.0,0,-1.0,-1.0,-1.0,-1.0,-1.0,0.0,0.0,0.0,0.0
1791655129.15,3219928.6,552.2,85.5,13.0,0.0,175.0,0.0,89.95,0.36,0.0,228.99,0.0,1212.461252,100048.0,0.99,78.9,-598435.2,300821.8,0.9948,0.097,551.6,-0.09709,-74.55781,1.0,0,-1.0,-1.0,-1.0,-1.0,-1.0,0.0,0.0,0.0,0.0
1791655129.65,3219929.1,552.7,85.5,13.0,0.0,175.0,0.0,89.97,0.36,0.0,228.98,0.0,1212.461252,100048.0,0.99,78.9,-598435.2,300821.8,0.9948,0.097,551.6,-0.09709,-74.55781,1.0,0,-1.0,-1.0,-1.0,-1.0,-1.0,0.0,0.0,0.0,0.0
1791655130.16,3219929.6,553.2,85.5,13.0,0.0,175.0,0.0,89.97,0.36,0.0,228.97,0.0,1212.461252,100048.0,0.99,78.9,-598435.2,300821.8,0.9948,0.097,551.6,-0.09709,-74.55781,1.0,0,-1.0,-1.0,-1.0,-1.0,-1.0,0.0,0.0,0.0,0.0
1791655130.66,3219930.1,553.7,85.5,13.0,0.0,175.0,0.0,89.97,0.36,0.0,228.97,0.0,1212.461252,100048.0,0.99,78.9,-598435.2,300821.8,0.9948,0.097,551.6,-0.09709,-74.55781,1.0,0,-1.0,-1.0,-1.0,-1.0,-1.0,0.0,0.0,0.0,0.0
1791655131.16,3219930.6,554.2,85.5,13.0,0.0,175.0,0.0,89.95,0.36,0.0,228.96,0.0,1212.461252,100048.0,0.99,78.9,-598435.2,300821.8,0.9948,0.097,551.6,-0.09709,-74.55781,1.0,0,-1.0,-1.0,-1.0,-1.0,-1.0,0.0,0.0,0.0,0.0
1791655131.66,3219931.1,554.7,85.5,13.0,0.0,175.0,0.0,89.95,0.36,0.0,228.95,0.0,1212.461252,100048.0,0.99,78.9,-598435.2,300821.8,0.9948,0.097,551.6,-0.09709,-74.55781,1.0,0,-1.0,-1.0,-1.0,-1.0,-1.0,0.0,0.0,0.0,0.0
1791655132.17,3219931.6,555.2,85.5,13.0,0.0,175.0,0.0,89.95,0.36,0.0,228.94,0.0,1212.461252,100048.0,0.99,78.9,-598435.2,300821.8,0.9948,0.097,551.6,-0.09709,-74.55781,1.0,0,-1.0,-1.0,-1.0,-1.0,-1.0,0.0,0.0,0.0,0.0
1791655132.67,3219932.1,555.7,85.5,13.0,0.0,175.0,0.0,89.95,0.36,0.0,228.93,0.0,1212.461252,100048.0,0.99,78.9,-598435.2,300821.8,0.9948,0.097,551.6,-0.09709,-74.55781,1.0,0,-1.0,-1.0,-1.0,-1.0,-1.0,0.0,0.0,0.0,0.0
1791655133.17,3219932.6,556.2,85.5,13.0,0.0,175.0,0.0,89.97,0.36,0.0,228.92,0.0,1212.461252,100048.0,0.99,78.9,-598435.2,300821.8,0.9948,0.097,551.6,-0.09709,-74.55781,1.0,0,-1.0,-1.0,-1.0,-1.0,-1.0,0.0,0.0,0.0,0.0
1791655133.67,3219933.1,556.7,85.5,13.0,0.0,175.0,0.0,89.95,0.36,0.0,228.92,0.0,1212.461252,100048.0,0.99,78.9,-598435.2,300821.8,0.9948,0.097,551.6,-0.09709,-74.55781,1.0,0,-1.0,-1.0,-1.0,-1.0,-1.0,0.0,0.0,0.0,0.0
1791655134.17,3219933.6,557.2,85.5,13.0,0.0,175.0,0.0,89.97,0.36,0.0,228.91,0.0,1212.461252,100048.0,0.99,78.9,-598435.2,300821.8,0.9948,0.097,551.6,-0.09709,-74.55781,1.0,0,-1.0,-1.0,-1.0,-1.0,-1.0,0.0,0.0,0.0,0.0
1791655134.67,3219934.1,557.7,85.5,13.0,0.0,175.0,0.0,89.95,0.36,0.0,228.9,0.0,1212.461252,100048.0,0.99,78.9,-598435.2,300821.8,0.9948,0.097,551.6,-0.09709,-74.55781,1.0,0,-1.0,-1.0,-1.0,-1.0,-1.0,0.0,0.0,0.0,0.0
1791655135.17,3219934.6,558.2,85.5,13.0,0.0,175.0,0.0,89.96,0.36,0.0,228.89,0.0,1212.461252,100048.0,0.99,78.9,-598435.2,300821.8,0.9948,0.097,551.6,-0.09709,-74.55781,1.0,0,-1.0,-1.0,-1.0,-1.0,-1.0,0.0,0.0,0.0,0.0
1791655135.68,3219935.1,558.7,85.5,13.0,0.0,175.0,0.0,89.95,0.36,0.0,228.88,0.0,1212.461252,100048.0,0.99,78.9,-598435.2,300821.8,0.9948,0.097,551.6,-0.09709,-74.55781,1.0,0,-1.0,-1.0,-1.0,-1.0,-1.0,0.0,0.0,0.0,0.0
1791655136.18,3219935.6,559.2,85.5,13.0,0.0,175.0,0.0,89.96,0.36,0.0,228.87,0.0,1212.461252,100048.0,0.99,78.9,-598435.2,300821.8,0.9948,0.097,551.6,-0.09709,-74.55781,1.0,0,-1.0,-1.0,-1.0,-1.0,-1.0,0.0,0.0,0.0,0.0
1791655136.68,3219935.9,559.7,85.5,13.0,0.0,175.0,0.0,89.97,0.36,0.0,228.87,0.0,1212.461252,100048.0,0.99,78.9,-598435.2,300821.8,0.9948,0.097,551.6,-0.09709,-74.55781,1.0,0,-1.0,-1.0,-1.0,-1.0,-1.0,0.0,0.0,0.0,0.0
1791655137.18,3219935.9,560.2,85.5,13.0,0.0,175.0,0.0,89.97,0.36,0.0,228.87,0.0,1212.461252,100048.0,0.99,78.9,-598435.2,300821.8,0.9948,0.097,551.6,-0.09709,-74.55781,1.0,0,-1.0,-1.0,-1.0,-1.0,-1.0,0.0,0.0,0.0,0.0
1791655137.69,3219936.0,560.7,85.5,13.0,0.0,175.0,0.0,89.97,0.36,0.0,228.87,0.0,1212.461252,100048.0,0.99,78.9,-598435.2,300821.8,0.9948,0.097,551.6,-0.09709,-74.55781,1.0,0,-1.0,-1.0,-1.0,-1.0,-1.0,0.0,0.0,0.0,0.0
1791655138.19,3219936.0,561.2,85.5,13.0,0.0,175.0,0.0,89.97,0.36,0.0,228.87,0.0,1212.461252,100048.0,0.99,78.9,-598435.2,300821.8,0.9948,0.097,551.6,-0.09709,-74.55781,1.0,0,-1.0,-1.0,-1.0,-1.0,-1.0,0.0,0.0,0.0,0.0
1791655138.69,3219936.0,561.7,85.5,13.0,0.0,175.0,0.0,89.95,0.36,0.0,228.87,0.0,1212.461252,100048.0,0.99,78.9,-598435.2,300821.8,0.9948,0.097,551.6,-0.09709,-74.55781,1.0,0,-1.0,-1.0,-1.0,-1.0,-1.0,0.0,0.0,0.0,0.0
1791655139.19,3219936.0,562.2,85.5,13.0,0.0,175.0,0.0,89.95,0.36,0.0,228.87,0.0,1212.461252,100048.0,0.99,78.9,-598435.2,300821.8,0.9948,0.097,551.6,-0.09709,-74.55781,1.0,0,-1.0,-1.0,-1.0,-1.0,-1.0,0.0,0.0,0.0,0.0
1791655139.69,3219936.0,562.7,85.5,13.0,0.0,175.0,0.0,89.95,0.36,0.0,228.87,0.0,1212.461252,100048.0,0.99,78.9,-598435.2,300821.8,0.9948,0.097,551.6,-0.09709,-74.55781,1.0,0,-1.0,-1.0,-1.0,-1.0,-1.0,0.0,0.0,0.0,0.0
1791655140.19,3219936.0,563.2,85.5,13.0,0.0,175.0,0.0,89.95,0.36,0.0,228.87,0.0,1212.461252,100048.0,0.99,78.9,-598435.2,300821.8,0.9948,0.097,551.6,-0.09709,-74.55781,1.0,0,-1.0,-1.0,-1.0,-1.0,-1.0,0.0,0.0,0.0,0.0
1791655140.69,3219936.1,563.7,85.5,13.0,0.0,175.0,0.0,89.95,0.36,0.0,228.87,0.0,1212.461252,100048.0,0.99,78.9,-598435.2,300821.8,0.9948,0.097,551.6,-0.09709,-74.55781,1.0,0,-1.0,-1.0,-1.0,-1.0,-1.0,0.0,0.0,0.0,0.0
1791655141.2,3219936.1,564.2,85.5,13.0,0.0,175.0,0.0,89.95,0.36,0.0,228.87,0.0,1212.461252,100048.0,0.99,78.9,-598435.2,300821.8,0.9948,0.097,551.6,-0.09709,-74.55781,1.0,0,-1.0,-1.0,-1.0,-1.0,-1.0,0.0,0.0,0.0,0.0
1791655141.7,3219936.1,564.7,85.5,13.0,0.0,175.0,0.0,89.95,0.36,0.0,228.86,0.0,1212.461252,100048.0,0.99,78.9,-598435.2,300821.8,0.9948,0.097,551.6,-0.09709,-74.55781,1.0,0,-1.0,-1.0,-1.0,-1.0,-1.0,0.0,0.0,0.0,0.0
1791655142.2,3219936.1,565.2,85.5,13.0,0.0,175.0,0.0,89.95,0.36,0.0,228.86,0.0,1212.461252,100048.0,0.99,78.9,-598435.2,300821.8,0.9948,0.097,551.6,-0.09709,-74.55781,1.0,0,-1.0,-1.0,-1.0,-1.0,-1.0,0.0,0.0,0.0,0.0
1791655142.7,3219936.2,565.7,85.5,13.0,0.0,175.0,0.0,89.95,0.36,0.0,228.86,0.0,1212.461252,100048.0,0.99,78.9,-598435.2,300821.8,0.9948,0.097,551.6,-0.09709,-74.55781,1.0,0,-1.0,-1.0,-1.0,-1.0,-1.0,0.0,0.0,0.0,0.0
1791655143.2,3219936.2,566.2,85.5,13.0,0.0,175.0,0.0,89.95,0.36,0.0,228.86,0.0,1212.461252,100048.0,0.99,78.9,-598435.2,300821.8,0.9948,0.097,551.6,-0.09709,-74.55781,1.0,0,-1.0,-1.0,-1.0,-1.0,-1.0,0.0,0.0,0.0,0.0
1791655143.7,3219936.2,566.7,85.5,13.0,0.0,175.0,0.0,89.95,0.36,0.0,228.86,0.0,1212.461252,100048.0,0.99,78.9,-598435.2,300821.8,0.9948,0.097,551.6,-0.09709,-74.55781,1.0,0,-1.0,-1.0,-1.0,-1.0,-1.0,0.0,0.0,0.0,0.0
1791655144.21,3219936.2,567.2,85.5,13.0,0.0,175.0,0.0,89.95,0.36,0.0,228.86,0.0,1212.461252,100048.0,0.99,78.9,-598435.2,300821.8,0.9948,0.097,551.6,-0.09709,-74.55781,1.0,0,-1.0,-1.0,-1.0,-1.0,-1.0,0.0,0.0,0.0,0.0
1791655144.71,3219936.2,567.7,85.5,13.0,0.0,175.0,0.0,89.95,0.36,0.0,228.86,0.0,1212.461252,100048.0,0.99,78.9,-598435.2,300821.8,0.9948,0.097,551.6,-0.09709,-74.55781,1.0,0,-1.0,-1.0,-1.0,-1.0,-1.0,0.0,0.0,0.0,0.0
1791655145.21,3219936.2,568.2,85.5,13.0,0.0,175.0,0.0,89.95,0.36,0.0,228.86,0.0,1212.461252,100048.0,0.99,78.9,-598435.2,300821.8,0.9948,0.097,551.6,-0.09709,-74.55781,1.0,0,-1.0,-1.0,-1.0,-1.0,-1.0,0.0,0.0,0.0,0.0
1791655145.71,3219936.3,568.7,85.5,13.0,0.0,175.0,0.0,89.95,0.36,0.0,228.86,0.0,1212.461252,100048.0,0.99,78.9,-598435.2,300821.8,0.9948,0.097,551.6,-0.09709,-74.55781,1.0,0,-1.0,-1.0,-1.0,-1.0,-1.0,0.0,0.0,0.0,0.0
1791655146.21,3219936.3,569.2,85.5,13.0,0.0,175.0,0.0,89.95,0.36,0.0,228.86,0.0,1212.461252,100048.0,0.99,78.9,-598435.2,300821.8,0.9948,0.097,551.6,-0.09709,-74.55781,1.0,0,-1.0,-1.0,-1.0,-1.0,-1.0,0.0,0.0,0.0,0.0
1791655146.71,3219936.3,569.7,85.5,13.0,0.0,175.0,0.0,89.95,0.36,0.0,228.86,0.0,1212.461252,100048.0,0.99,78.9,-598435.2,300821.8,0.9948,0.097,551.6,-0.09709,-74.55781,1.0,0,-1.0,-1.0,-1.0,-1.0,-1.0,0.0,0.0,0.0,0.0
1791655147.22,3219936.3,570.2,85.5,13.0,0.0,175.0,0.0,89.95,0.36,0.0,228.86,0.0,1212.461252,100048.0,0.99,78.9,-598435.2,300821.8,0.9948,0.097,551.6,-0.09709,-74.55781,1.0,0,-1.0,-1.0,-1.0,-1.0,-1.0,0.0,0.0,0.0,0.0
1791655147.72,3219936.4,570.8,85.5,13.0,0.0,175.0,0.0,89.95,0.36,0.0,228.86,0.0,1212.461252,100048.0,0.99,78.9,-598435.2,300821.8,0.9948,0.097,551.6,-0.09709,-74.55781,1.0,0,-1.0,-1.0,-1.0,-1.0,-1.0,0.0,0.0,0.0,0.0
1791655148.22,3219936.4,571.3,85.5,13.0,0.0,175.0,0.0,89.95,0.36,0.0,228.86,0.0,1212.461252,100048.0,0.99,78.9,-598435.2,300821.8,0.9948,0.097,551.6,-0.09709,-74.55781,1.0,0,-1.0,-1.0,-1.0,-1.0,-1.0,0.0,0.0,0.0,0.0
1791655148.72,3219936.4,571.8,85.5,13.0,0.0,175.0,0.0,89.95,0.36,0.0,228.86,0.0,1212.461252,100048.0,0.99,78.9,-598435.2,300821.8,0.9948,0.097,551.6,-0.09709,-74.55781,1.0,0,-1.0,-1.0,-1.0,-1.0,-1.0,0.0,0.0,0.0,0.0
1791655149.22,3219936.4,572.3,85.5,13.0,0.0,175.0,0.0,89.95,0.36,0.0,228.86,0.0,1212.461252,100048.0,0.99,78.9,-598435.2,300821.8,0.9948,0.097,551.6,-0.09709,-74.55781,1.0,0,-1.0,-1.0,-1.0,-1.0,-1.0,0.0,0.0,0.0,0.0
1791655149.72,3219936.4,572.8,85.5,13.0,0.0,175.0,0.0,89.95,0.36,0.0,228.86,0.0,1212.461252,100048.0,0.99,78.9,-598435.2,300821.8,0.9948,0.097,551.6,-0.09709,-74.55781,1.0,0,-1.0,-1.0,-1.0,-1.0,-1.0,0.0,0.0,0.0,0.0
1791655150.22,3219936.4,573.3,85.5,13.0,0.0,175.0,0.0,89.95,0.36,0.0,228.86,0.0,1212.461252,100048.0,0.99,78.9,-598435.2,300821.8,0.9948,0.097,551.6,-0.09709,-74.55781,1.0,0,-1.0,-1.0,-1.0,-1.0,-1.0,0.0,0.0,0.0,0.0
1791655150.73,3219936.5,573.8,85.5,13.0,0.0,175.0,0.0,89.95,0.36,0.0,228.86,0.0,1212.461252,100048.0,0.99,78.9,-598435.2,300821.8,0.9948,0.097,551.6,-0.09709,-74.55781,1.0,0,-1.0,-1.0,-1.0,-1.0,-1.0,0.0,0.0,0.0,0.0
1791655151.23,3219936.5,574.3,85.5,13.0,0.0,175.0,0.0,89.95,0.36,0.0,228.86,0.0,1212.461252,100048.0,0.99,78.9,-598435.2,300821.8,0.9948,0.097,551.6,-0.09709,-74.55781,1.0,0,-1.0,-1.0,-1.0,-1.0,-1.0,0.0,0.0,0.0,0.0
1791655151.73,3219936.5,574.8,85.5,13.0,0.0,175.0,0.0,89.95,0.36,0.0,228.86,0.0,1212.461252,100048.0,0.99,78.9,-598435.2,300821.8,0.9948,0.097,551.6,-0.09709,-74.55781,1.0,0,-1.0,-1.0,-1.0,-1.0,-1.0,0.0,0.0,0.0,0.0
1791655152.23,3219936.5,575.3,85.5,13.0,0.0,175.0,0.0,89.95,0.36,0.0,228.86,0.0,1212.461252,100048.0,0.99,78.9,-598435.2,300821.8,0.9948,0.097,551.6,-0.09709,-74.55781,1.0,0,-1.0,-1.0,-1.0,-1.0,-1.0,0.0,0.0,0.0,0.0
1791655152.73,3219936.5,575.8,85.5,13.0,0.0,175.0,0.0,89.95,0.36,0.0,228.86,0.0,1212.461252,100048.0,0.99,78.9,-598435.2,300821.8,0.9948,0.097,551.6,-0.09709,-74.55781,1.0,0,-1.0,-1.0,-1.0,-1.0,-1.0,0.0,0.0,0.0,0.0
1791655153.23,3219936.6,576.3,85.5,13.0,0.0,175.0,0.0,89.95,0.36,0.0,228.86,0.0,1212.461252,100048.0,0.99,78.9,-598435.2,300821.8,0.9948,0.097,551.6,-0.09709,-74.55781,1.0,0,-1.0,-1.0,-1.0,-1.0,-1.0,0.0,0.0,0.0,0.0
1791655153.73,3219936.6,576.8,85.5,13.0,0.0,175.0,0.0,89.95,0.36,0.0,228.86,0.0,1212.461252,100048.0,0.99,78.9,-598435.2,300821.8,0.9948,0.097,551.6,-0.09709,-74.55781,1.0,0,-1.0,-1.0,-1.0,-1.0,-1.0,0.0,0.0,0.0,0.0
1791655154.24,3219936.6,577.3,85.5,13.0,0.0,175.0,0.0,89.95,0.36,0.0,228.86,0.0,1212.461252,100048.0,0.99,78.9,-598435.2,300821.8,0.9948,0.097,551.6,-0.09709,-74.55781,1.0,0,-1.0,-1.0,-1.0,-1.0,-1.0,0.0,0.0,0.0,0.0
1791655154.74,3219936.6,577.8,85.5,13.0,0.0,175.0,0.0,89.95,0.36,0.0,228.86,0.0,1212.461252,100048.0,0.99,78.9,-598435.2,300821.8,0.9948,0.097,551.6,-0.09709,-74.55781,1.0,0,-1.0,-1.0,-1.0,-1.0,-1.0,0.0,0.0,0.0,0.0
1791655155.24,3219936.6,578.3,85.5,13.0,0.0,175.0,0.0,89.95,0.36,0.0,228.86,0.0,1212.461252,100048.0,0.99,78.9,-598435.2,300821.8,0.9948,0.097,551.6,-0.09709,-74.55781,1.0,0,-1.0,-1.0,-1.0,-1.0,-1.0,0.0,0.0,0.0,0.0
1791655155.74,3219936.6,578.8,85.5,13.0,0.0,175.0,0.0,89.95,0.36,0.0,228.86,0.0,1212.461252,100048.0,0.99,78.9,-598435.2,300821.8,0.9948,0.097,551.6,-0.09709,-74.55781,1.0,0,-1.0,-1.0,-1.0,-1.0,-1.0,0.0,0.0,0.0,0.0
1791655156.24,3219936.7,579.3,85.5,13.0,0.0,175.0,0.0,89.97,0.36,0.0,228.86,0.0,1212.461252,100048.0,0.99,78.9,-598435.2,300821.8,0.9948,0.097,551.6,-0.09709,-74.55781,1.0,0,-1.0,-1.0,-1.0,-1.0,-1.0,0.0,0.0,0.0,0.0
1791655156.74,3219936.7,579.8,85.5,13.0,0.0,175.0,0.0,89.97,0.36,0.0,228.86,0.0,1212.461252,100048.0,0.99,78.9,-598435.2,300821.8,0.9948,0.097,551.6,-0.09709,-74.55781,1.0,0,-1.0,-1.0,-1.0,-1.0,-1.0,0.0,0.0,0.0,0.0
1791655157.25,3219936.7,580.3,85.5,13.0,0.0,175.0,0.0,89.97,0.36,0.0,228.85,0.0,1212.461252,100048.0,0.99,78.9,-598435.2,300821.8,0.9948,0.097,551.6,-0.09709,-74.55781,1.0,0,-1.0,-1.0,-1.0,-1.0,-1.0,0.0,0.0,0.0,0.0
1791655157.75,3219936.7,580.8,85.5,13.0,0.0,175.0,0.0,89.97,0.36,0.0,228.85,0.0,1212.461252,100048.0,0.99,78.9,-598435.2,300821.8,0.9948,0.097,551.6,-0.09709,-74.55781,1.0,0,-1.0,-1.0,-1.0,-1.0,-1.0,0.0,0.0,0.0,0.0
1791655158.25,3219936.8,581.3,85.5,13.0,0.0,175.0,0.0,89.97,0.36,0.0,228.85,0.0,1212.461252,100048.0,0.99,78.9,-598435.2,300821.8,0.9948,0.097,551.6,-0.09709,-74.55781,1.0,0,-1.0,-1.0,-1.0,-1.0,-1.0,0.0,0.0,0.0,0.0
1791655158.75,3219936.8,581.8,85.5,13.0,0.0,175.0,0.0,89.97,0.36,0.0,228.85,0.0,1212.461252,100048.0,0.99,78.9,-598435.2,300821.8,0.9948,0.097,551.6,-0.09709,-74.55781,1.0,0,-1.0,-1.0,-1.0,-1.0,-1.0,0.0,0.0,0.0,0.0
1791655159.25,3219936.8,582.3,85.5,13.0,0.0,175.0,0.0,89.95,0.36,0.0,228.85,0.0,1212.461252,100048.0,0.99,78.9,-598435.2,300821.8,0.9948,0.097,551.6,-0.09709,-74.55781,1.0,0,-1.0,-1.0,-1.0,-1.0,-1.0,0.0,0.0,0.0,0.0
1791655159.75,3219936.8,582.8,85.5,13.0,0.0,175.0,0.0,89.95,0.36,0.0,228.85,0.0,1212.461252,100048.0,0.99,78.9,-598435.2,300821.8,0.9948,0.097,551.6,-0.09709,-74.55781,1.0,0,-1.0,-1.0,-1.0,-1.0,-1.0,0.0,0.0,0.0,0.0
1791655160.25,3219936.8,583.3,85.5,13.0,0.0,175.0,0.0,89.95,0.36,0.0,228.85,0.0,1212.461252,100048.0,0.99,78.9,-598435.2,300821.8,0.9948,0.097,551.6,-0.09709,-74.55781,1.0,0,-1.0,-1.0,-1.0,-1.0,-1.0,0.0,0.0,0.0,0.0
1791655160.76,3219936.8,583.8,85.5,13.0,0.0,175.0,0.0,89.95,0.36,0.0,228.85,0.0,1212.461252,100048.0,0.99,78.9,-598435.2,300821.8,0.9948,0.097,551.6,-0.09709,-74.55781,1.0,0,-1.0,-1.0,-1.0,-1.0,-1.0,0.0,0.0,0.0,0.0
1791655161.26,3219936.9,584.3,85.5,13.0,0.0,175.0,0.0,89.95,0.36,0.0,228.85,0.0,1212.461252,100048.0,0.99,78.9,-598435.2,300821.8,0.9948,0.097,551.6,-0.09709,-74.55781,1.0,0,-1.0,-1.0,-1.0,-1.0,-1.0,0.0,0.0,0.0,0.0
1791655161.76,3219936.9,584.8,85.5,13.0,0.0,175.0,0.0,89.95,0.36,0.0,228.85,0.0,1212.461252,100048.0,0.99,78.9,-598435.2,300821.8,0.9948,0.097,551.6,-0.09709,-74.55781,1.0,0,-1.0,-1.0,-1.0,-1.0,-1.0,0.0,0.0,0.0,0.0
1791655162.26,3219936.9,585.3,85.5,13.0,0.0,175.0,0.0,89.95,0.36,0.0,228.85,0.0,1212.461252,100048.0,0.99,78.9,-598435.2,300821.8,0.9948,0.097,551.6,-0.09709,-74.55781,1.0,0,-1.0,-1.0,-1.0,-1.0,-1.0,0.0,0.0,0.0,0.0
1791655162.77,3219936.9,585.8,85.5,13.0,0.0,175.0,0.0,89.95,0.36,0.0,228.85,0.0,1212.461252,100048.0,0.99,78.9,-598435.2,300821.8,0.9948,0.097,551.6,-0.09709,-74.55781,1.0,0,-1.0,-1.0,-1.0,-1.0,-1.0,0.0,0.0,0.0,0.0
1791655163.27,3219937.0,586.3,85.5,13.0,0.0,175.0,0.0,89.95,0.36,0.0,228.85,0.0,1212.461252,100048.0,0.99,78.9,-598435.2,300821.8,0.9948,0.097,551.6,-0.09709,-74.55781,1.0,0,-1.0,-1.0,-1.0,-1.0,-1.0,0.0,0.0,0.0,0.0
1791655163.77,3219937.0,586.8,85.5,13.0,0.0,175.0,0.0,89.95,0.36,0.0,228.85,0.0,1212.461252,100048.0,0.99,78.9,-598435.2,300821.8,0.9948,0.097,551.6,-0.09709,-74.55781,1.0,0,-1.0,-1.0,-1.0,-1.0,-1.0,0.0,0.0,0.0,0.0
1791655164.27,3219937.0,587.3,85.5,13.0,0.0,175.0,0.0,89.97,0.36,0.0,228.85,0.0,1212.461252,100048.0,0.99,78.9,-598435.2,300821.8,0.9948,0.097,551.6,-0.09709,-74.55781,1.0,0,-1.0,-1.0,-1.0,-1.0,-1.0,0.0,0.0,0.0,0.0
1791655164.77,3219937.0,587.8,85.5,13.0,0.0,175.0,0.0,89.97,0.36,0.0,228.85,0.0,1212.461252,100048.0,0.99,78.9,-598435.2,300821.8,0.9948,0.097,551.6,-0.09709,-74.55781,1.0,0,-1.0,-1.0,-1.0,-1.0,-1.0,0.0,0.0,0.0,0.0
1791655165.27,3219937.0,588.3,85.5,13.0,0.0,175.0,0.0,89.97,0.36,0.0,228.85,0.0,1212.461252,100048.0,0.99,78.9,-598435.2,300821.8,0.9948,0.097,551.6,-0.09709,-74.55781,1.0,0,-1.0,-1.0,-1.0,-1.0,-1.0,0.0,0.0,0.0,0.0
1791655165.78,3219937.0,588.8,85.5,13.0,0.0,175.0,0.0,89.97,0.36,0.0,228.85,0.0,1212.461252,100048.0,0.99,78.9,-598435.2,300821.8,0.9948,0.097,551.6,-0.09709,-74.55781,1.0,0,-1.0,-1.0,-1.0,-1.0,-1.0,0.0,0.0,0.0,0.0
1791655166.28,3219937.1,589.3,85.5,13.0,0.0,175.0,0.0,89.97,0.36,0.0,228.85,0.0,1212.461252,100048.0,0.99,78.9,-598435.2,300821.8,0.9948,0.097,551.6,-0.09709,-74.55781,1.0,0,-1.0,-1.0,-1.0,-1.0,-1.0,0.0,0.0,0.0,0.0
1791655166.78,3219937.1,589.8,85.5,13.0,0.0,175.0,0.0,89.97,0.36,0.0,228.85,0.0,1212.461252,100048.0,0.99,78.9,-598435.2,300821.8,0.9948,0.097,551.6,-0.09709,-74.55781,1.0,0,-1.0,-1.0,-1.0,-1.0,-1.0,0.0,0.0,0.0,0.0
1791655167.28,3219937.1,590.3,85.5,13.0,0.0,175.0,0.0,89.97,0.36,0.0,228.85,0.0,1212.461252,100048.0,0.99,78.9,-598435.2,300821.8,0.9948,0.097,551.6,-0.09709,-74.55781,1.0,0,-1.0,-1.0,-1.0,-1.0,-1.0,0.0,0.0,0.0,0.0
1791655167.78,3219937.1,590.8,85.5,13.0,0.0,175.0,0.0,89.97,0.36,0.0,228.85,0.0,1212.461252,100048.0,0.99,78.9,-598435.2,300821.8,0.9948,0.097,551.6,-0.09709,-74.55781,1.0,0,-1.0,-1.0,-1.0,-1.0,-1.0,0.0,0.0,0.0,0.0
1791655168.28,3219937.2,591.3,85.5,13.0,0.0,175.0,0.0,89.97,0.36,0.0,228.85,0.0,1212.461252,100048.0,0.99,78.9,-598435.2,300821.8,0.9948,0.097,551.6,-0.09709,-74.55781,1.0,0,-1.0,-1.0,-1.0,-1.0,-1.0,0.0,0.0,0.0,0.0
1791655168.78,3219937.2,591.8,85.5,13.0,0.0,175.0,0.0,89.97,0.36,0.0,228.85,0.0,1212.461252,100048.0,0.99,78.9,-598435.2,300821.8,0.9948,0.097,551.6,-0.09709,-74.55781,1.0,0,-1.0,-1.0,-1.0,-1.0,-1.0,0.0,0.0,0.0,0.0
1791655169.29,3219937.2,592.3,85.5,13.0,0.0,175.0,0.0,89.97,0.36,0.0,228.85,0.0,1212.461252,100048.0,0.99,78.9,-598435.2,300821.8,0.9948,0.097,551.6,-0.09709,-74.55781,1.0,0,-1.0,-1.0,-1.0,-1.0,-1.0,0.0,0.0,0.0,0.0
1791655169.79,3219937.2,592.8,85.5,13.0,0.0,175.0,0.0,89.97,0.36,0.0,228.85,0.0,1212.461252,100048.0,0.99,78.9,-598435.2,300821.8,0.9948,0.097,551.6,-0.09709,-74.55781,1.0,0,-1.0,-1.0,-1.0,-1.0,-1.0,0.0,0.0,0.0,0.0
1791655170.29,3219937.2,593.3,85.5,13.0,0.0,175.0,0.0,89.96,0.36,0.0,228.85,0.0,1212.461252,100048.0,0.99,78.9,-598435.2,300821.8,0.9948,0.097,551.6,-0.09709,-74.55781,1.0,0,-1.0,-1.0,-1.0,-1.0,-1.0,0.0,0.0,0.0,0.0
1791655170.79,3219937.2,593.8,85.5,13.0,0.0,175.0,0.0,89.96,0.36,0.0,228.85,0.0,1212.461252,100048.0,0.99,78.9,-598435.2,300821.8,0.9948,0.097,551.6,-0.09709,-74.55781,1.0,0,-1.0,-1.0,-1.0,-1.0,-1.0,0.0,0.0,0.0,0.0
1791655171.29,3219937.3,594.3,85.5,13.0,0.0,175.0,0.0,89.97,0.36,0.0,228.85,0.0,1212.461252,100048.0,0.99,78.9,-598435.2,300821.8,0.9948,0.097,551.6,-0.09709,-74.55781,1.0,0,-1.0,-1.0,-1.0,-1.0,-1.0,0.0,0.0,0.0,0.0
1791655171.79,3219937.3,594.8,85.5,13.0,0.0,175.0,0.0,89.97,0.36,0.0,228.85,0.0,1212.461252,100048.0,0.99,78.9,-598435.2,300821.8,0.9948,0.097,551.6,-0.09709,-74.55781,1.0,0,-1.0,-1.0,-1.0,-1.0,-1.0,0.0,0.0,0.0,0.0
1791655172.3,3219937.3,595.3,85.5,13.0,0.0,175.0,0.0,89.97,0.36,0.0,228.84,0.0,1212.461252,100048.0,0.99,78.9,-598435.2,300821.8,0.9948,0.097,551.6,-0.09709,-74.55781,1.0,0,-1.0,-1.0,-1.0,-1.0,-1.0,0.0,0.0,0.0,0.0
1791655172.8,3219937.3,595.8,85.5,13.0,0.0,175.0,0.0,89.97,0.36,0.0,228.84,0.0,1212.461252,100048.0,0.99,78.9,-598435.2,300821.8,0.9948,0.097,551.6,-0.09709,-74.55781,1.0,0,-1.0,-1.0,-1.0,-1.0,-1.0,0.0,0.0,0.0,0.0
1791655173.3,3219937.4,596.3,85.5,13.0,0.0,175.0,0.0,89.97,0.36,0.0,228.84,0.0,1212.461252,100048.0,0.99,78.9,-598435.2,300821.8,0.9948,0.097,551.6,-0.09709,-74.55781,1.0,0,-1.0,-1.0,-1.0,-1.0,-1.0,0.0,0.0,0.0,0.0
1791655173.8,3219937.4,596.8,85.5,13.0,0.0,175.0,0.0,89.97,0.36,0.0,228.84,0.0,1212.461252,100048.0,0.99,78.9,-598435.2,300821.8,0.9948,0.097,551.6,-0.09709,-74.55781,1.0,0,-1.0,-1.0,-1.0,-1.0,-1.0,0.0,0.0,0.0,0.0
1791655174.3,3219937.4,597.3,85.5,13.0,0.0,175.0,0.0,89.95,0.36,0.0,228.84,0.0,1212.461252,100048.0,0.99,78.9,-598435.2,300821.8,0.9948,0.097,551.6,-0.09709,-74.55781,1.0,0,-1.0,-1.0,-1.0,-1.0,-1.0,0.0,0.0,0.0,0.0
1791655174.8,3219937.4,597.8,85.5,13.0,0.0,175.0,0.0,89.95,0.36,0.0,228.84,0.0,1212.461252,100048.0,0.99,78.9,-598435.2,300821.8,0.9948,0.097,551.6,-0.09709,-74.55781,1.0,0,-1.0,-1.0,-1.0,-1.0,-1.0,0.0,0.0,0.0,0.0
1791655175.3,3219937.4,598.3,85.5,13.0,0.0,175.0,0.0,89.95,0.36,0.0,228.84,0.0,1212.461252,100048.0,0.99,78.9,-598435.2,300821.8,0.9948,0.097,551.6,-0.09709,-74.55781,1.0,0,-1.0,-1.0,-1.0,-1.0,-1.0,0.0,0.0,0.0,0.0
1791655175.81,3219937.4,598.8,85.5,13.0,0.0,175.0,0.0,89.95,0.36,0.0,228.84,0.0,1212.461252,100048.0,0.99,78.9,-598435.2,300821.8,0.9948,0.097,551.6,-0.09709,-74.55781,1.0,0,-1.0,-1.0,-1.0,-1.0,-1.0,0.0,0.0,0.0,0.0
1791655176.31,3219937.5,599.3,85.5,13.0,0.0,175.0,0.0,89.95,0.36,0.0,228.84,0.0,1212.461252,100048.0,0.99,78.9,-598435.2,300821.8,0.9948,0.097,551.6,-0.09709,-74.55781,1.0,0,-1.0,-1.0,-1.0,-1.0,-1.0,0.0,0.0,0.0,0.0
1791655176.81,3219937.5,599.8,85.5,13.0,0.0,175.0,0.0,89.95,0.36,0.0,228.84,0.0,1212.461252,100048.0,0.99,78.9,-598435.2,300821.8,0.9948,0.097,551.6,-0.09709,-74.55781,1.0,0,-1.0,-1.0,-1.0,-1.0,-1.0,0.0,0.0,0.0,0.0
1791655177.31,3219937.5,600.3,85.5,13.0,0.0,175.0,0.0,89.95,0.36,0.0,228.84,0.0,1212.461252,100048.0,0.99,78.9,-598435.2,300821.8,0.9948,0.097,551.6,-0.09709,-74.55781,1.0,0,-1.0,-1.0,-1.0,-1.0,-1.0,0.0,0.0,0.0,0.0
1791655177.81,3219937.5,600.8,85.5,13.0,0.0,175.0,0.0,89.95,0.36,0.0,228.84,0.0,1212.461252,100048.0,0.99,78.9,-598435.2,300821.8,0.9948,0.097,551.6,-0.09709,-74.55781,1.0,0,-1.0,-1.0,-1.0,-1.0,-1.0,0.0,0.0,0.0,0.0
1791655178.31,3219937.6,601.3,85.5,13.0,0.0,175.0,0.0,89.95,0.36,0.0,228.84,0.0,1212.461252,100048.0,0.99,78.9,-598435.2,300821.8,0.9948,0.097,551.6,-0.09709,-74.55781,1.0,0,-1.0,-1.0,-1.0,-1.0,-1.0,0.0,0.0,0.0,0.0
1791655178.82,3219937.6,601.9,85.5,13.0,0.0,175.0,0.0,89.95,0.36,0.0,228.84,0.0,1212.461252,100048.0,0.99,78.9,-598435.2,300821.8,0.9948,0.097,551.6,-0.09709,-74.55781,1.0,0,-1.0,-1.0,-1.0,-1.0,-1.0,0.0,0.0,0.0,0.0
1791655179.32,3219937.6,602.4,85.5,13.0,0.0,175.0,0.0,89.95,0.36,0.0,228.84,0.0,1212.461252,100048.0,0.99,78.9,-598435.2,300821.8,0.9948,0.097,551.6,-0.09709,-74.55781,1.0,0,-1.0,-1.0,-1.0,-1.0,-1.0,0.0,0.0,0.0,0.0
1791655179.82,3219937.6,602.9,85.5,13.0,0.0,175.0,0.0,89.95,0.36,0.0,228.84,0.0,1212.461252,100048.0,0.99,78.9,-598435.2,300821.8,0.9948,0.097,551.6,-0.09709,-74.55781,1.0,0,-1.0,-1.0,-1.0,-1.0,-1.0,0.0,0.0,0.0,0.0
1791655180.32,3219937.6,603.4,85.5,13.0,0.0,175.0,0.0,89.97,0.36,0.0,228.84,0.0,1212.461252,100048.0,0.99,78.9,-598435.2,300821.8,0.9948,0.097,551.6,-0.09709,-74.55781,1.0,0,-1.0,-1.0,-1.0,-1.0,-1.0,0.0,0.0,0.0,0.0
1791655180.82,3219937.6,603.9,85.5,13.0,0.0,175.0,0.0,89.97,0.36,0.0,228.84,0.0,1212.461252,100048.0,0.99,78.9,-598435.2,300821.8,0.9948,0.097,551.6,-0.09709,-74.55781,1.0,0,-1.0,-1.0,-1.0,-1.0,-1.0,0.0,0.0,0.0,0.0
1791655181.32,3219937.7,604.4,85.5,13.0,0.0,175.0,0.0,89.95,0.36,0.0,228.84,0.0,1212.461252,100048.0,0.99,78.9,-598435.2,300821.8,0.9948,0.097,551.6,-0.09709,-74.55781,1.0,0,-1.0,-1.0,-1.0,-1.0,-1.0,0.0,0.0,0.0,0.0
1791655181.82,3219937.7,604.9,85.5,13.0,0.0,175.0,0.0,89.95,0.36,0.0,228.84,0.0,1212.461252,100048.0,0.99,78.9,-598435.2,300821.8,0.9948,0.097,551.6,-0.09709,-74.55781,1.0,0,-1.0,-1.0,-1.0,-1.0,-1.0,0.0,0.0,0.0,0.0
1791655182.33,3219937.7,605.4,85.5,13.0,0.0,175.0,0.0,89.95,0.36,0.0,228.84,0.0,1212.461252,100048.0,0.99,78.9,-598435.2,300821.8,0.9948,0.097,551.6,-0.09709,-74.55781,1.0,0,-1.0,-1.0,-1.0,-1.0,-1.0,0.0,0.0,0.0,0.0
1791655182.83,3219937.7,605.9,85.5,13.0,0.0,175.0,0.0,89.95,0.36,0.0,228.84,0.0,1212.461252,100048.0,0.99,78.9,-598435.2,300821.8,0.9948,0.097,551.6,-0.09709,-74.55781,1.0,0,-1.0,-1.0,-1.0,-1.0,-1.0,0.0,0.0,0.0,0.0
1791655183.33,3219937.8,606.4,85.5,13.0,0.0,175.0,0.0,89.97,0.36,0.0,228.84,0.0,1212.461252,100048.0,0.99,78.9,-598435.2,300821.8,0.9948,0.097,551.6,-0.09709,-74.55781,1.0,0,-1.0,-1.0,-1.0,-1.0,-1.0,0.0,0.0,0.0,0.0
1791655183.83,3219937.8,606.9,85.5,13.0,0.0,175.0,0.0,89.97,0.36,0.0,228.84,0.0,1212.461252,100048.0,0.99,78.9,-598435.2,300821.8,0.9948,0.097,551.6,-0.09709,-74.55781,1.0,0,-1.0,-1.0,-1.0,-1.0,-1.0,0.0,0.0,0.0,0.0
1791655184.33,3219937.8,607.4,85.5,13.0,0.0,175.0,0.0,89.95,0.36,0.0,228.84,0.0,1212.461252,100048.0,0.99,78.9,-598435.2,300821.8,0.9948,0.097,551.6,-0.09709,-74.55781,1.0,0,-1.0,-1.0,-1.0,-1.0,-1.0,0.0,0.0,0.0,0.0
1791655184.83,3219937.8,607.9,85.5,13.0,0.0,175.0,0.0,89.95,0.36,0.0,228.84,0.0,1212.461252,100048.0,0.99,78.9,-598435.2,300821.8,0.9948,0.097,551.6,-0.09709,-74.55781,1.0,0,-1.0,-1.0,-1.0,-1.0,-1.0,0.0,0.0,0.0,0.0
1791655185.33,3219937.8,608.4,85.5,13.0,0.0,175.0,0.0,89.97,0.36,0.0,228.84,0.0,1212.461252,100048.0,0.99,78.9,-598435.2,300821.8,0.9948,0.097,551.6,-0.09709,-74.55781,1.0,0,-1.0,-1.0,-1.0,-1.0,-1.0,0.0,0.0,0.0,0.0
1791655185.84,3219937.8,608.9,85.5,13.0,0.0,175.0,0.0,89.97,0.36,0.0,228.84,0.0,1212.461252,100048.0,0.99,78.9,-598435.2,300821.8,0.9948,0.097,551.6,-0.09709,-74.55781,1.0,0,-1.0,-1.0,-1.0,-1.0,-1.0,0.0,0.0,0.0,0.0
1791655186.34,3219937.9,609.4,85.5,13.0,0.0,175.0,0.0,89.95,0.36,0.0,228.84,0.0,1212.461252,100048.0,0.99,78.9,-598435.2,300821.8,0.9948,0.097,551.6,-0.09709,-74.55781,1.0,0,-1.0,-1.0,-1.0,-1.0,-1.0,0.0,0.0,0.0,0.0
1791655186.84,3219937.9,609.9,85.5,13.0,0.0,175.0,0.0,89.95,0.36,0.0,228.84,0.0,1212.461252,100048.0,0.99,78.9,-598435.2,300821.8,0.9948,0.097,551.6,-0.09709,-74.55781,1.0,0,-1.0,-1.0,-1.0,-1.0,-1.0,0.0,0.0,0.0,0.0
1791655187.34,3219937.9,610.4,85.5,13.0,0.0,175.0,0.0,89.95,0.36,0.0,228.83,0.0,1212.461252,100048.0,0.99,78.9,-598435.2,300821.8,0.9948,0.097,551.6,-0.09709,-74.55781,1.0,0,-1.0,-1.0,-1.0,-1.0,-1.0,0.0,0.0,0.0,0.0
1791655187.84,3219937.9,610.9,85.5,13.0,0.0,175.0,0.0,89.95,0.36,0.0,228.83,0.0,1212.461252,100048.0,0.99,78.9,-598435.2,300821.8,0.9948,0.097,551.6,-0.09709,-74.55781,1.0,0,-1.0,-1.0,-1.0,-1.0,-1.0,0.0,0.0,0.0,0.0
1791655188.34,3219938.0,611.4,85.5,13.0,0.0,175.0,0.0,89.95,0.36,0.0,228.83,0.0,1212.461252,100048.0,0.99,78.9,-598435.2,300821.8,0.9948,0.097,551.6,-0.09709,-74.55781,1.0,0,-1.0,-1.0,-1.0,-1.0,-1.0,0.0,0.0,0.0,0.0
1791655188.85,3219938.0,611.9,85.5,13.0,0.0,175.0,0.0,89.95,0.36,0.0,228.83,0.0,1212.461252,100048.0,0.99,78.9,-598435.2,300821.8,0.9948,0.097,551.6,-0.09709,-74.55781,1.0,0,-1.0,-1.0,-1.0,-1.0,-1.0,0.0,0.0,0.0,0.0
1791655189.35,3219938.0,612.4,85.5,13.0,0.0,175.0,0.0,89.95,0.36,0.0,228.83,0.0,1212.461252,100048.0,0.99,78.9,-598435.2,300821.8,0.9948,0.097,551.6,-0.09709,-74.55781,1.0,0,-1.0,-1.0,-1.0,-1.0,-1.0,0.0,0.0,0.0,0.0
1791655189.85,3219938.0,612.9,85.5,13.0,0.0,175.0,0.0,89.95,0.36,0.0,228.83,0.0,1212.461252,100048.0,0.99,78.9,-598435.2,300821.8,0.9948,0.097,551.6,-0.09709,-74.55781,1.0,0,-1.0,-1.0,-1.0,-1.0,-1.0,0.0,0.0,0.0,0.0
1791655190.35,3219938.0,613.4,85.5,13.0,0.0,175.0,0.0,89.95,0.36,0.0,228.83,0.0,1212.461252,100048.0,0.99,78.9,-598435.2,300821.8,0.9948,0.097,551.6,-0.09709,-74.55781,1.0,0,-1.0,-1.0,-1.0,-1.0,-1.0,0.0,0.0,0.0,0.0
1791655190.85,3219938.0,613.9,85.5,13.0,0.0,175.0,0.0,89.95,0.36,0.0,228.83,0.0,1212.461252,100048.0,0.99,78.9,-598435.2,300821.8,0.9948,0.097,551.6,-0.09709,-74.55781,1.0,0,-1.0,-1.0,-1.0,-1.0,-1.0,0.0,0.0,0.0,0.0
1791655191.35,3219938.1,614.4,85.5,13.0,0.0,175.0,0.0,89.95,0.36,0.0,228.83,0.0,1212.461252,100048.0,0.99,78.9,-598435.2,300821.8,0.9948,0.097,551.6,-0.09709,-74.55781,1.0,0,-1.0,-1.0,-1.0,-1.0,-1.0,0.0,0.0,0.0,0.0
1791655191.85,3219938.1,614.9,85.5,13.0,0.0,175.0,0.0,89.95,0.36,0.0,228.83,0.0,1212.461252,100048.0,0.99,78.9,-598435.2,300821.8,0.9948,0.097,551.6,-0.09709,-74.55781,1.0,0,-1.0,-1.0,-1.0,-1.0,-1.0,0.0,0.0,0.0,0.0
1791655192.36,3219938.1,615.4,85.5,13.0,0.0,175.0,0.0,89.95,0.36,0.0,228.83,0.0,1212.461252,100048.0,0.99,78.9,-598435.2,300821.8,0.9948,0.097,551.6,-0.09709,-74.55781,1.0,0,-1.0,-1.0,-1.0,-1.0,-1.0,0.0,0.0,0.0,0.0
1791655192.86,3219938.1,615.9,85.5,13.0,0.0,175.0,0.0,89.95,0.36,0.0,228.83,0.0,1212.461252,100048.0,0.99,78.9,-598435.2,300821.8,0.9948,0.097,551.6,-0.09709,-74.55781,1.0,0,-1.0,-1.0,-1.0,-1.0,-1.0,0.0,0.0,0.0,0.0
1791655193.36,3219938.2,616.4,85.5,13.0,0.0,175.0,0.0,89.96,0.36,0.0,228.83,0.0,1212.461252,100048.0,0.99,78.9,-598435.2,300821.8,0.9948,0.097,551.6,-0.09709,-74.55781,1.0,0,-1.0,-1.0,-1.0,-1.0,-1.0,0.0,0.0,0.0,0.0
1791655193.86,3219938.2,616.9,85.5,13.0,0.0,175.0,0.0,89.96,0.36,0.0,228.83,0.0,1212.461252,100048.0,0.99,78.9,-598435.2,300821.8,0.9948,0.097,551.6,-0.09709,-74.55781,1.0,0,-1.0,-1.0,-1.0,-1.0,-1.0,0.0,0.0,0.0,0.0
1791655194.36,3219938.2,617.4,85.5,13.0,0.0,175.0,0.0,89.96,0.36,0.0,228.83,0.0,1212.461252,100048.0,0.99,78.9,-598435.2,300821.8,0.9948,0.097,551.6,-0.09709,-74.55781,1.0,0,-1.0,-1.0,-1.0,-1.0,-1.0,0.0,0.0,0.0,0.0
1791655194.86,3219938.2,617.9,85.5,13.0,0.0,175.0,0.0,89.96,0.36,0.0,228.83,0.0,1212.461252,100048.0,0.99,78.9,-598435.2,300821.8,0.9948,0.097,551.6,-0.09709,-74.55781,1.0,0,-1.0,-1.0,-1.0,-1.0,-1.0,0.0,0.0,0.0,0.0
1791655195.37,3219938.2,618.4,85.5,13.0,0.0,175.0,0.0,89.96,0.36,0.0,228.83,0.0,1212.461252,100048.0,0.99,78.9,-598435.2,300821.8,0.9948,0.097,551.6,-0.09709,-74.55781,1.0,0,-1.0,-1.0,-1.0,-1.0,-1.0,0.0,0.0,0.0,0.0
1791655195.87,3219938.2,618.9,85.5,13.0,0.0,175.0,0.0,89.96,0.36,0.0,228.83,0.0,1212.461252,100048.0,0.99,78.9,-598435.2,300821.8,0.9948,0.097,551.6,-0.09709,-74.55781,1.0,0,-1.0,-1.0,-1.0,-1.0,-1.0,0.0,0.0,0.0,0.0
1791655196.37,3219938.3,619.4,85.5,13.0,0.0,175.0,0.0,89.95,0.36,0.0,228.83,0.0,1212.461252,100048.0,0.99,78.9,-598435.2,300821.8,0.9948,0.097,551.6,-0.09709,-74.55781,1.0,0,-1.0,-1.0,-1.0,-1.0,-1.0,0.0,0.0,0.0,0.0
1791655196.87,3219938.3,619.9,85.5,13.0,0.0,175.0,0.0,89.95,0.36,0.0,228.83,0.0,1212.461252,100048.0,0.99,78.9,-598435.2,300821.8,0.9948,0.097,551.6,-0.09709,-74.55781,1.0,0,-1.0,-1.0,-1.0,-1.0,-1.0,0.0,0.0,0.0,0.0
1791655197.37,3219938.3,620.4,85.5,13.0,0.0,175.0,0.0,89.95,0.36,0.0,228.83,0.0,1212.461252,100048.0,0.99,78.9,-598435.2,300821.8,0.9948,0.097,551.6,-0.09709,-74.55781,1.0,0,-1.0,-1.0,-1.0,-1.0,-1.0,0.0,0.0,0.0,0.0
1791655197.88,3219938.3,620.9,85.5,13.0,0.0,175.0,0.0,89.95,0.36,0.0,228.83,0.0,1212.461252,100048.0,0.99,78.9,-598435.2,300821.8,0.9948,0.097,551.6,-0.09709,-74.55781,1.0,0,-1.0,-1.0,-1.0,-1.0,-1.0,0.0,0.0,0.0,0.0
1791655198.38,3219938.4,621.4,85.5,13.0,0.0,175.0,0.0,89.95,0.36,0.0,228.83,0.0,1212.461252,100048.0,0.99,78.9,-598435.2,300821.8,0.9948,0.097,551.6,-0.09709,-74.55781,1.0,0,-1.0,-1.0,-1.0,-1.0,-1.0,0.0,0.0,0.0,0.0
1791655198.88,3219938.4,621.9,85.5,13.0,0.0,175.0,0.0,89.95,0.36,0.0,228.83,0.0,1212.461252,100048.0,0.99,78.9,-598435.2,300821.8,0.9948,0.097,551.6,-0.09709,-74.55781,1.0,0,-1.0,-1.0,-1.0,-1.0,-1.0,0.0,0.0,0.0,0.0
1791655199.38,3219938.4,622.4,85.5,13.0,0.0,175.0,0.0,89.95,0.36,0.0,228.83,0.0,1212.461252,100048.0,0.99,78.9,-598435.2,300821.8,0.9948,0.097,551.6,-0.09709,-74.55781,1.0,0,-1.0,-1.0,-1.0,-1.0,-1.0,0.0,0.0,0.0,0.0
1791655199.88,3219938.4,622.9,85.5,13.0,0.0,175.0,0.0,89.95,0.36,0.0,228.83,0.0,1212.461252,100048.0,0.99,78.9,-598435.2,300821.8,0.9948,0.097,551.6,-0.09709,-74.55781,1.0,0,-1.0,-1.0,-1.0,-1.0,-1.0,0.0,0.0,0.0,0.0
1791655200.38,3219938.4,623.4,85.5,13.0,0.0,175.0,0.0,89.97,0.36,0.0,228.83,0.0,1212.461252,100048.0,0.99,78.9,-598435.2,300821.8,0.9948,0.097,551.6,-0.09709,-74.55781,1.0,0,-1.0,-1.0,-1.0,-1.0,-1.0,0.0,0.0,0.0,0.0
1791655200.88,3219938.4,623.9,85.5,13.0,0.0,175.0,0.0,89.97,0.36,0.0,228.83,0.0,1212.461252,100048.0,0.99,78.9,-598435.2,300821.8,0.9948,0.097,551.6,-0.09709,-74.55781,1.0,0,-1.0,-1.0,-1.0,-1.0,-1.0,0.0,0.0,0.0,0.0
1791655201.39,3219938.5,624.4,85.5,13.0,0.0,175.0,0.0,89.97,0.36,0.0,228.83,0.0,1212.461252,100048.0,0.99,78.9,-598435.2,300821.8,0.9948,0.097,551.6,-0.09709,-74.55781,1.0,0,-1.0,-1.0,-1.0,-1.0,-1.0,0.0,0.0,0.0,0.0
1791655201.89,3219938.5,624.9,85.5,13.0,0.0,175.0,0.0,89.97,0.36,0.0,228.83,0.0,1212.461252,100048.0,0.99,78.9,-598435.2,300821.8,0.9948,0.097,551.6,-0.09709,-74.55781,1.0,0,-1.0,-1.0,-1.0,-1.0,-1.0,0.0,0.0,0.0,0.0
1791655202.39,3219938.5,625.4,85.5,13.0,0.0,175.0,0.0,89.97,0.36,0.0,228.83,0.0,1212.461252,100048.0,0.99,78.9,-598435.2,300821.8,0.9948,0.097,551.6,-0.09709,-74.55781,1.0,0,-1.0,-1.0,-1.0,-1.0,-1.0,0.0,0.0,0.0,0.0
1791655202.89,3219938.5,625.9,85.5,13.0,0.0,175.0,0.0,89.96,0.36,0.0,228.82,0.0,1212.461252,100048.0,0.99,78.9,-598435.2,300821.8,0.9948,0.097,551.6,-0.09709,-74.55781,1.0,0,-1.0,-1.0,-1.0,-1.0,-1.0,0.0,0.0,0.0,0.0
1791655203.39,3219938.5,626.4,85.5,13.0,0.0,175.0,0.0,89.96,0.36,0.0,228.82,0.0,1212.461252,100048.0,0.99,78.9,-598435.2,300821.8,0.9948,0.097,551.6,-0.09709,-74.55781,1.0,0,-1.0,-1.0,-1.0,-1.0,-1.0,0.0,0.0,0.0,0.0
1791655203.89,3219938.6,626.9,85.5,13.0,0.0,175.0,0.0,89.97,0.36,0.0,228.82,0.0,1212.461252,100048.0,0.99,78.9,-598435.2,300821.8,0.9948,0.097,551.6,-0.09709,-74.55781,1.0,0,-1.0,-1.0,-1.0,-1.0,-1.0,0.0,0.0,0.0,0.0
1791655204.4,3219938.6,627.4,85.5,13.0,0.0,175.0,0.0,89.97,0.36,0.0,228.82,0.0,1212.461252,100048.0,0.99,78.9,-598435.2,300821.8,0.9948,0.097,551.6,-0.09709,-74.55781,1.0,0,-1.0,-1.0,-1.0,-1.0,-1.0,0.0,0.0,0.0,0.0
1791655204.9,3219938.6,627.9,85.5,13.0,0.0,175.0,0.0,89.95,0.36,0.0,228.82,0.0,1212.461252,100048.0,0.99,78.9,-598435.2,300821.8,0.9948,0.097,551.6,-0.09709,-74.55781,1.0,0,-1.0,-1.0,-1.0,-1.0,-1.0,0.0,0.0,0.0,0.0
1791655205.4,3219938.6,628.4,85.5,13.0,0.0,175.0,0.0,89.95,0.36,0.0,228.82,0.0,1212.461252,100048.0,0.99,78.9,-598435.2,300821.8,0.9948,0.097,551.6,-0.09709,-74.55781,1.0,0,-1.0,-1.0,-1.0,-1.0,-1.0,0.0,0.0,0.0,0.0
1791655205.9,3219938.6,628.9,85.5,13.0,0.0,175.0,0.0,89.95,0.36,0.0,228.82,0.0,1212.461252,100048.0,0.99,78.9,-598435.2,300821.8,0.9948,0.097,551.6,-0.09709,-74.55781,1.0,0,-1.0,-1.0,-1.0,-1.0,-1.0,0.0,0.0,0.0,0.0
1791655206.4,3219938.6,629.4,85.5,13.0,0.0,175.0,0.0,89.95,0.36,0.0,228.82,0.0,1212.461252,100048.0,0.99,78.9,-598435.2,300821.8,0.9948,0.097,551.6,-0.09709,-74.55781,1.0,0,-1.0,-1.0,-1.0,-1.0,-1.0,0.0,0.0,0.0,0.0
1791655206.9,3219938.7,629.9,85.5,13.0,0.0,175.0,0.0,89.95,0.36,0.0,228.82,0.0,1212.461252,100048.0,0.99,78.9,-598435.2,300821.8,0.9948,0.097,551.6,-0.09709,-74.55781,1.0,0,-1.0,-1.0,-1.0,-1.0,-1.0,0.0,0.0,0.0,0.0
1791655207.41,3219938.7,630.4,85.5,13.0,0.0,175.0,0.0,89.95,0.36,0.0,228.82,0.0,1212.461252,100048.0,0.99,78.9,-598435.2,300821.8,0.9948,0.097,551.6,-0.09709,-74.55781,1.0,0,-1.0,-1.0,-1.0,-1.0,-1.0,0.0,0.0,0.0,0.0
1791655207.91,3219938.7,630.9,85.5,13.0,0.0,175.0,0.0,89.95,0.36,0.0,228.82,0.0,1212.461252,100048.0,0.99,78.9,-598435.2,300821.8,0.9948,0.097,551.6,-0.09709,-74.55781,1.0,0,-1.0,-1.0,-1.0,-1.0,-1.0,0.0,0.0,0.0,0.0
1791655208.41,3219938.7,631.4,85.5,13.0,0.0,175.0,0.0,89.95,0.36,0.0,228.82,0.0,1212.461252,100048.0,0.99,78.9,-598435.2,300821.8,0.9948,0.097,551.6,-0.09709,-74.55781,1.0,0,-1.0,-1.0,-1.0,-1.0,-1.0,0.0,0.0,0.0,0.0
1791655208.91,3219938.8,631.9,85.5,13.0,0.0,175.0,0.0,89.95,0.36,0.0,228.82,0.0,1212.461252,100048.0,0.99,78.9,-598435.2,300821.8,0.9948,0.097,551.6,-0.09709,-74.55781,1.0,0,-1.0,-1.0,-1.0,-1.0,-1.0,0.0,0.0,0.0,0.0
1791655209.41,3219938.8,632.4,85.5,13.0,0.0,175.0,0.0,89.95,0.36,0.0,228.82,0.0,1212.461252,100048.0,0.99,78.9,-598435.2,300821.8,0.9948,0.097,551.6,-0.09709,-74.55781,1.0,0,-1.0,-1.0,-1.0,-1.0,-1.0,0.0,0.0,0.0,0.0
1791655209.91,3219938.8,632.9,85.5,13.0,0.0,175.0,0.0,89.95,0.36,0.0,228.82,0.0,1212.461252,100048.0,0.99,78.9,-598435.2,300821.8,0.9948,0.097,551.6,-0.09709,-74.55781,1.0,0,-1.0,-1.0,-1.0,-1.0,-1.0,0.0,0.0,0.0,0.0
1791655210.41,3219938.8,633.4,85.5,13.0,0.0,175.0,0.0,89.95,0.36,0.0,228.82,0.0,1212.461252,100048.0,0.99,78.9,-598435.2,300821.8,0.9948,0.097,551.6,-0.09709,-74.55781,1.0,0,-1.0,-1.0,-1.0,-1.0,-1.0,0.0,0.0,0.0,0.0
1791655210.92,3219938.8,634.0,85.5,13.0,0.0,175.0,0.0,89.95,0.36,0.0,228.82,0.0,1212.461252,100048.0,0.99,78.9,-598435.2,300821.8,0.9948,0.097,551.6,-0.09709,-74.55781,1.0,0,-1.0,-1.0,-1.0,-1.0,-1.0,0.0,0.0,0.0,0.0
1791655211.42,3219938.8,634.5,85.5,13.0,0.0,175.0,0.0,89.95,0.36,0.0,228.82,0.0,1212.461252,100048.0,0.99,78.9,-598435.2,300821.8,0.9948,0.097,551.6,-0.09709,-74.55781,1.0,0,-1.0,-1.0,-1.0,-1.0,-1.0,0.0,0.0,0.0,0.0
1791655211.92,3219938.9,635.0,85.5,13.0,0.0,175.0,0.0,89.96,0.36,0.0,228.82,0.0,1212.461252,100048.0,0.99,78.9,-598435.2,300821.8,0.9948,0.097,551.6,-0.09709,-74.55781,1.0,0,-1.0,-1.0,-1.0,-1.0,-1.0,0.0,0.0,0.0,0.0
1791655212.42,3219938.9,635.5,85.5,13.0,0.0,175.0,0.0,89.96,0.36,0.0,228.82,0.0,1212.461252,100048.0,0.99,78.9,-598435.2,300821.8,0.9948,0.097,551.6,-0.09709,-74.55781,1.0,0,-1.0,-1.0,-1.0,-1.0,-1.0,0.0,0.0,0.0,0.0
1791655212.92,3219938.9,636.0,85.5,13.0,0.0,175.0,0.0,89.95,0.36,0.0,228.82,0.0,1212.461252,100048.0,0.99,78.9,-598435.2,300821.8,0.9948,0.097,551.6,-0.09709,-74.55781,1.0,0,-1.0,-1.0,-1.0,-1.0,-1.0,0.0,0.0,0.0,0.0
1791655213.42,3219938.9,636.5,85.5,13.0,0.0,175.0,0.0,89.95,0.36,0.0,228.82,0.0,1212.461252,100048.0,0.99,78.9,-598435.2,300821.8,0.9948,0.097,551.6,-0.09709,-74.55781,1.0,0,-1.0,-1.0,-1.0,-1.0,-1.0,0.0,0.0,0.0,0.0
1791655213.93,3219939.0,637.0,85.5,13.0,0.0,175.0,0.0,89.95,0.36,0.0,228.82,0.0,1212.461252,100048.0,0.99,78.9,-598435.2,300821.8,0.9948,0.097,551.6,-0.09709,-74.55781,1.0,0,-1.0,-1.0,-1.0,-1.0,-1.0,0.0,0.0,0.0,0.0
1791655214.43,3219939.0,637.5,85.5,13.0,0.0,175.0,0.0,89.95,0.36,0.0,228.82,0.0,1212.461252,100048.0,0.99,78.9,-598435.2,300821.8,0.9948,0.097,551.6,-0.09709,-74.55781,1.0,0,-1.0,-1.0,-1.0,-1.0,-1.0,0.0,0.0,0.0,0.0
1791655214.93,3219939.0,638.0,85.5,13.0,0.0,175.0,0.0,89.95,0.36,0.0,228.82,0.0,1212.461252,100048.0,0.99,78.9,-598435.2,300821.8,0.9948,0.097,551.6,-0.09709,-74.55781,1.0,0,-1.0,-1.0,-1.0,-1.0,-1.0,0.0,0.0,0.0,0.0
1791655215.43,3219939.0,638.5,85.5,13.0,0.0,175.0,0.0,89.95,0.36,0.0,228.82,0.0,1212.461252,100048.0,0.99,78.9,-598435.2,300821.8,0.9948,0.097,551.6,-0.09709,-74.55781,1.0,0,-1.0,-1.0,-1.0,-1.0,-1.0,0.0,0.0,0.0,0.0
1791655215.93,3219939.0,639.0,85.5,13.0,0.0,175.0,0.0,89.97,0.36,0.0,228.82,0.0,1212.461252,100048.0,0.99,78.9,-598435.2,300821.8,0.9948,0.097,551.6,-0.09709,-74.55781,1.0,0,-1.0,-1.0,-1.0,-1.0,-1.0,0.0,0.0,0.0,0.0
1791655216.43,3219939.0,639.5,85.5,13.0,0.0,175.0,0.0,89.97,0.36,0.0,228.82,0.0,1212.461252,100048.0,0.99,78.9,-598435.2,300821.8,0.9948,0.097,551.6,-0.09709,-74.55781,1.0,0,-1.0,-1.0,-1.0,-1.0,-1.0,0.0,0.0,0.0,0.0
1791655216.93,3219939.1,640.0,85.5,13.0,0.0,175.0,0.0,89.97,0.36,0.0,228.82,0.0,1212.461252,100048.0,0.99,78.9,-598435.2,300821.8,0.9948,0.097,551.6,-0.09709,-74.55781,1.0,0,-1.0,-1.0,-1.0,-1.0,-1.0,0.0,0.0,0.0,0.0
1791655217.44,3219939.1,640.5,85.5,13.0,0.0,175.0,0.0,89.97,0.36,0.0,228.82,0.0,1212.461252,100048.0,0.99,78.9,-598435.2,300821.8,0.9948,0.097,551.6,-0.09709,-74.55781,1.0,0,-1.0,-1.0,-1.0,-1.0,-1.0,0.0,0.0,0.0,0.0
1791655217.94,3219939.1,641.0,85.5,13.0,0.0,175.0,0.0,89.97,0.36,0.0,228.81,0.0,1212.461252,100048.0,0.99,78.9,-598435.2,300821.8,0.9948,0.097,551.6,-0.09709,-74.55781,1.0,0,-1.0,-1.0,-1.0,-1.0,-1.0,0.0,0.0,0.0,0.0
1791655218.44,3219939.1,641.5,85.5,13.0,0.0,175.0,0.0,89.97,0.36,0.0,228.81,0.0,1212.461252,100048.0,0.99,78.9,-598435.2,300821.8,0.9948,0.097,551.6,-0.09709,-74.55781,1.0,0,-1.0,-1.0,-1.0,-1.0,-1.0,0.0,0.0,0.0,0.0
1791655218.94,3219939.2,642.0,85.5,13.0,0.0,175.0,0.0,89.95,0.36,0.0,228.81,0.0,1212.461252,100048.0,0.99,78.9,-598435.2,300821.8,0.9948,0.097,551.6,-0.09709,-74.55781,1.0,0,-1.0,-1.0,-1.0,-1.0,-1.0,0.0,0.0,0.0,0.0
1791655219.44,3219939.2,642.5,85.5,13.0,0.0,175.0,0.0,89.95,0.36,0.0,228.81,0.0,1212.461252,100048.0,0.99,78.9,-598435.2,300821.8,0.9948,0.097,551.6,-0.09709,-74.55781,1.0,0,-1.0,-1.0,-1.0,-1.0,-1.0,0.0,0.0,0.0,0.0
1791655219.94,3219939.2,643.0,85.5,13.0,0.0,175.0,0.0,89.95,0.36,0.0,228.81,0.0,1212.461252,100048.0,0.99,78.9,-598435.2,300821.8,0.9948,0.097,551.6,-0.09709,-74.55781,1.0,0,-1.0,-1.0,-1.0,-1.0,-1.0,0.0,0.0,0.0,0.0
1791655220.45,3219939.2,643.5,85.5,13.0,0.0,175.0,0.0,89.95,0.36,0.0,228.81,0.0,1212.461252,100048.0,0.99,78.9,-598435.2,300821.8,0.9948,0.097,551.6,-0.09709,-74.55781,1.0,0,-1.0,-1.0,-1.0,-1.0,-1.0,0.0,0.0,0.0,0.0
1791655220.95,3219939.2,644.0,85.5,13.0,0.0,175.0,0.0,89.95,0.36,0.0,228.81,0.0,1212.461252,100048.0,0.99,78.9,-598435.2,300821.8,0.9948,0.097,551.6,-0.09709,-74.55781,1.0,0,-1.0,-1.0,-1.0,-1.0,-1.0,0.0,0.0,0.0,0.0
1791655221.45,3219939.2,644.5,85.5,13.0,0.0,175.0,0.0,89.95,0.36,0.0,228.81,0.0,1212.461252,100048.0,0.99,78.9,-598435.2,300821.8,0.9948,0.097,551.6,-0.09709,-74.55781,1.0,0,-1.0,-1.0,-1.0,-1.0,-1.0,0.0,0.0,0.0,0.0
1791655221.95,3219939.3,645.0,85.5,13.0,0.0,175.0,0.0,89.97,0.36,0.0,228.81,0.0,1212.461252,100048.0,0.99,78.9,-598435.2,300821.8,0.9948,0.097,551.6,-0.09709,-74.55781,1.0,0,-1.0,-1.0,-1.0,-1.0,-1.0,0.0,0.0,0.0,0.0
1791655222.45,3219939.3,645.5,85.5,13.0,0.0,175.0,0.0,89.97,0.36,0.0,228.81,0.0,1212.461252,100048.0,0.99,78.9,-598435.2,300821.8,0.9948,0.097,551.6,-0.09709,-74.55781,1.0,0,-1.0,-1.0,-1.0,-1.0,-1.0,0.0,0.0,0.0,0.0
1791655222.95,3219939.3,646.0,85.5,13.0,0.0,175.0,0.0,89.97,0.36,0.0,228.81,0.0,1212.461252,100048.0,0.99,78.9,-598435.2,300821.8,0.9948,0.097,551.6,-0.09709,-74.55781,1.0,0,-1.0,-1.0,-1.0,-1.0,-1.0,0.0,0.0,0.0,0.0
1791655223.45,3219939.3,646.5,85.5,13.0,0.0,175.0,0.0,89.97,0.36,0.0,228.81,0.0,1212.461252,100048.0,0.99,78.9,-598435.2,300821.8,0.9948,0.097,551.6,-0.09709,-74.55781,1.0,0,-1.0,-1.0,-1.0,-1.0,-1.0,0.0,0.0,0.0,0.0
1791655223.96,3219939.4,647.0,85.5,13.0,0.0,175.0,0.0,89.97,0.36,0.0,228.81,0.0,1212.461252,100048.0,0.99,78.9,-598435.2,300821.8,0.9948,0.097,551.6,-0.09709,-74.55781,1.0,0,-1.0,-1.0,-1.0,-1.0,-1.0,0.0,0.0,0.0,0.0
1791655224.46,3219939.4,647.5,85.5,13.0,0.0,175.0,0.0,89.97,0.36,0.0,228.81,0.0,1212.461252,100048.0,0.99,78.9,-598435.2,300821.8,0.9948,0.097,551.6,-0.09709,-74.55781,1.0,0,-1.0,-1.0,-1.0,-1.0,-1.0,0.0,0.0,0.0,0.0
1791655224.96,3219939.4,648.0,85.5,13.0,0.0,175.0,0.0,89.97,0.36,0.0,228.81,0.0,1212.461252,100048.0,0.99,78.9,-598435.2,300821.8,0.9948,0.097,551.6,-0.09709,-74.55781,1.0,0,-1.0,-1.0,-1.0,-1.0,-1.0,0.0,0.0,0.0,0.0
1791655225.46,3219939.4,648.5,85.5,13.0,0.0,175.0,0.0,89.97,0.36,0.0,228.81,0.0,1212.461252,100048.0,0.99,78.9,-598435.2,300821.8,0.9948,0.097,551.6,-0.09709,-74.55781,1.0,0,-1.0,-1.0,-1.0,-1.0,-1.0,0.0,0.0,0.0,0.0
1791655225.96,3219939.4,649.0,85.5,13.0,0.0,175.0,0.0,89.95,0.36,0.0,228.81,0.0,1212.461252,100048.0,0.99,78.9,-598435.2,300821.8,0.9948,0.097,551.6,-0.09709,-74.55781,1.0,0,-1.0,-1.0,-1.0,-1.0,-1.0,0.0,0.0,0.0,0.0
1791655226.46,3219939.4,649.5,85.5,13.0,0.0,175.0,0.0,89.95,0.36,0.0,228.81,0.0,1212.461252,100048.0,0.99,78.9,-598435.2,300821.8,0.9948,0.097,551.6,-0.09709,-74.55781,1.0,0,-1.0,-1.0,-1.0,-1.0,-1.0,0.0,0.0,0.0,0.0
1791655226.97,3219939.5,650.0,85.5,13.0,0.0,175.0,0.0,89.95,0.36,0.0,228.81,0.0,1212.461252,100048.0,0.99,78.9,-598435.2,300821.8,0.9948,0.097,551.6,-0.09709,-74.55781,1.0,0,-1.0,-1.0,-1.0,-1.0,-1.0,0.0,0.0,0.0,0.0
1791655227.47,3219939.5,650.5,85.5,13.0,0.0,175.0,0.0,89.95,0.36,0.0,228.81,0.0,1212.461252,100048.0,0.99,78.9,-598435.2,300821.8,0.9948,0.097,551.6,-0.09709,-74.55781,1.0,0,-1.0,-1.0,-1.0,-1.0,-1.0,0.0,0.0,0.0,0.0
1791655227.97,3219939.5,651.0,85.5,13.0,0.0,175.0,0.0,89.95,0.36,0.0,228.81,0.0,1212.461252,100048.0,0.99,78.9,-598435.2,300821.8,0.9948,0.097,551.6,-0.09709,-74.55781,1.0,0,-1.0,-1.0,-1.0,-1.0,-1.0,0.0,0.0,0.0,0.0
1791655228.47,3219939.5,651.5,85.5,13.0,0.0,175.0,0.0,89.95,0.36,0.0,228.81,0.0,1212.461252,100048.0,0.99,78.9,-598435.2,300821.8,0.9948,0.097,551.6,-0.09709,-74.55781,1.0,0,-1.0,-1.0,-1.0,-1.0,-1.0,0.0,0.0,0.0,0.0
1791655228.97,3219939.6,652.0,85.5,13.0,0.0,175.0,0.0,89.97,0.36,0.0,228.81,0.0,1212.461252,100048.0,0.99,78.9,-598435.2,300821.8,0.9948,0.097,551.6,-0.09709,-74.55781,1.0,0,-1.0,-1.0,-1.0,-1.0,-1.0,0.0,0.0,0.0,0.0
1791655229.47,3219939.6,652.5,85.5,13.0,0.0,175.0,0.0,89.97,0.36,0.0,228.81,0.0,1212.461252,100048.0,0.99,78.9,-598435.2,300821.8,0.9948,0.097,551.6,-0.09709,-74.55781,1.0,0,-1.0,-1.0,-1.0,-1.0,-1.0,0.0,0.0,0.0,0.0
1791655229.97,3219939.6,653.0,85.5,13.0,0.0,175.0,0.0,89.97,0.36,0.0,228.81,0.0,1212.461252,100048.0,0.99,78.9,-598435.2,300821.8,0.9948,0.097,551.6,-0.09709,-74.55781,1.0,0,-1.0,-1.0,-1.0,-1.0,-1.0,0.0,0.0,0.0,0.0
1791655230.48,3219939.6,653.5,85.5,13.0,0.0,175.0,0.0,89.97,0.36,0.0,228.81,0.0,1212.461252,100048.0,0.99,78.9,-598435.2,300821.8,0.9948,0.097,551.6,-0.09709,-74.55781,1.0,0,-1.0,-1.0,-1.0,-1.0,-1.0,0.0,0.0,0.0,0.0
1791655230.98,3219939.6,654.0,85.5,13.0,0.0,175.0,0.0,89.97,0.36,0.0,228.81,0.0,1212.461252,100048.0,0.99,78.9,-598435.2,300821.8,0.9948,0.097,551.6,-0.09709,-74.55781,1.0,0,-1.0,-1.0,-1.0,-1.0,-1.0,0.0,0.0,0.0,0.0
1791655231.48,3219939.6,654.5,85.5,13.0,0.0,175.0,0.0,89.97,0.36,0.0,228.81,0.0,1212.461252,100048.0,0.99,78.9,-598435.2,300821.8,0.9948,0.097,551.6,-0.09709,-74.55781,1.0,0,-1.0,-1.0,-1.0,-1.0,-1.0,0.0,0.0,0.0,0.0
1791655231.98,3219939.7,655.0,85.5,13.0,0.0,175.0,0.0,89.97,0.36,0.0,228.81,0.0,1212.461252,100048.0,0.99,78.9,-598435.2,300821.8,0.9948,0.097,551.6,-0.09709,-74.55781,1.0,0,-1.0,-1.0,-1.0,-1.0,-1.0,0.0,0.0,0.0,0.0
1791655232.48,3219939.7,655.5,85.5,13.0,0.0,175.0,0.0,89.97,0.36,0.0,228.81,0.0,1212.461252,100048.0,0.99,78.9,-598435.2,300821.8,0.9948,0.097,551.6,-0.09709,-74.55781,1.0,0,-1.0,-1.0,-1.0,-1.0,-1.0,0.0,0.0,0.0,0.0
1791655232.98,3219939.7,656.0,85.5,13.0,0.0,175.0,0.0,89.97,0.36,0.0,228.8,0.0,1212.461252,100048.0,0.99,78.9,-598435.2,300821.8,0.9948,0.097,551.6,-0.09709,-74.55781,1.0,0,-1.0,-1.0,-1.0,-1.0,-1.0,0.0,0.0,0.0,0.0
1791655233.49,3219939.7,656.5,85.5,13.0,0.0,175.0,0.0,89.97,0.36,0.0,228.8,0.0,1212.461252,100048.0,0.99,78.9,-598435.2,300821.8,0.9948,0.097,551.6,-0.09709,-74.55781,1.0,0,-1.0,-1.0,-1.0,-1.0,-1.0,0.0,0.0,0.0,0.0
1791655233.99,3219939.8,657.0,85.5,13.0,0.0,175.0,0.0,89.97,0.36,0.0,228.8,0.0,1212.461252,100048.0,0.99,78.9,-598435.2,300821.8,0.9948,0.097,551.6,-0.09709,-74.55781,1.0,0,-1.0,-1.0,-1.0,-1.0,-1.0,0.0,0.0,0.0,0.0
1791655234.49,3219939.8,657.5,85.5,13.0,0.0,175.0,0.0,89.97,0.36,0.0,228.8,0.0,1212.461252,100048.0,0.99,78.9,-598435.2,300821.8,0.9948,0.097,551.6,-0.09709,-74.55781,1.0,0,-1.0,-1.0,-1.0,-1.0,-1.0,0.0,0.0,0.0,0.0
1791655234.99,3219939.8,658.0,85.5,13.0,0.0,175.0,0.0,89.97,0.36,0.0,228.8,0.0,1212.461252,100048.0,0.99,78.9,-598435.2,300821.8,0.9948,0.097,551.6,-0.09709,-74.55781,1.0,0,-1.0,-1.0,-1.0,-1.0,-1.0,0.0,0.0,0.0,0.0
1791655235.49,3219939.8,658.5,85.5,13.0,0.0,175.0,0.0,89.97,0.36,0.0,228.8,0.0,1212.461252,100048.0,0.99,78.9,-598435.2,300821.8,0.9948,0.097,551.6,-0.09709,-74.55781,1.0,0,-1.0,-1.0,-1.0,-1.0,-1.0,0.0,0.0,0.0,0.0
1791655235.99,3219939.8,659.0,85.5,13.0,0.0,175.0,0.0,89.95,0.36,0.0,228.8,0.0,1212.461252,100048.0,0.99,78.9,-598435.2,300821.8,0.9948,0.097,551.6,-0.09709,-74.55781,1.0,0,-1.0,-1.0,-1.0,-1.0,-1.0,0.0,0.0,0.0,0.0
1791655236.49,3219939.8,659.5,85.5,13.0,0.0,175.0,0.0,89.95,0.36,0.0,228.8,0.0,1212.461252,100048.0,0.99,78.9,-598435.2,300821.8,0.9948,0.097,551.6,-0.09709,-74.55781,1.0,0,-1.0,-1.0,-1.0,-1.0,-1.0,0.0,0.0,0.0,0.0
1791655237.0,3219939.9,660.0,85.5,13.0,0.0,175.0,0.0,89.95,0.36,0.0,228.8,0.0,1212.461252,100048.0,0.99,78.9,-598435.2,300821.8,0.9948,0.097,551.6,-0.09709,-74.55781,1.0,0,-1.0,-1.0,-1.0,-1.0,-1.0,0.0,0.0,0.0,0.0
1791655237.5,3219939.9,660.5,85.5,13.0,0.0,175.0,0.0,89.95,0.36,0.0,228.8,0.0,1212.461252,100048.0,0.99,78.9,-598435.2,300821.8,0.9948,0.097,551.6,-0.09709,-74.55781,1.0,0,-1.0,-1.0,-1.0,-1.0,-1.0,0.0,0.0,0.0,0.0
1791655238.0,3219939.9,661.0,85.5,13.0,0.0,175.0,0.0,89.95,0.36,0.0,228.8,0.0,1212.461252,100048.0,0.99,78.9,-598435.2,300821.8,0.9948,0.097,551.6,-0.09709,-74.55781,1.0,0,-1.0,-1.0,-1.0,-1.0,-1.0,0.0,0.0,0.0,0.0
1791655238.5,3219939.9,661.5,85.5,13.0,0.0,175.0,0.0,89.95,0.36,0.0,228.8,0.0,1212.461252,100048.0,0.99,78.9,-598435.2,300821.8,0.9948,0.097,551.6,-0.09709,-74.55781,1.0,0,-1.0,-1.0,-1.0,-1.0,-1.0,0.0,0.0,0.0,0.0
1791655239.0,3219940.0,662.0,85.5,13.0,0.0,175.0,0.0,89.95,0.36,0.0,228.8,0.0,1212.461252,100048.0,0.99,78.9,-598435.2,300821.8,0.9948,0.097,551.6,-0.09709,-74.55781,1.0,0,-1.0,-1.0,-1.0,-1.0,-1.0,0.0,0.0,0.0,0.0
1791655239.5,3219940.0,662.5,85.5,13.0,0.0,175.0,0.0,89.95,0.36,0.0,228.8,0.0,1212.461252,100048.0,0.99,78.9,-598435.2,300821.8,0.9948,0.097,551.6,-0.09709,-74.55781,1.0,0,-1.0,-1.0,-1.0,-1.0,-1.0,0.0,0.0,0.0,0.0
1791655240.01,3219940.0,663.0,85.5,13.0,0.0,175.0,0.0,89.96,0.36,0.0,228.8,0.0,1212.461252,100048.0,0.99,78.9,-598435.2,300821.8,0.9948,0.097,551.6,-0.09709,-74.55781,1.0,0,-1.0,-1.0,-1.0,-1.0,-1.0,0.0,0.0,0.0,0.0
1791655240.51,3219940.0,663.5,85.5,13.0,0.0,175.0,0.0,89.96,0.36,0.0,228.8,0.0,1212.461252,100048.0,0.99,78.9,-598435.2,300821.8,0.9948,0.097,551.6,-0.09709,-74.55781,1.0,0,-1.0,-1.0,-1.0,-1.0,-1.0,0.0,0.0,0.0,0.0
1791655241.01,3219940.0,664.0,85.5,13.0,0.0,175.0,0.0,89.95,0.36,0.0,228.8,0.0,1212.461252,100048.0,0.99,78.9,-598435.2,300821.8,0.9948,0.097,551.6,-0.09709,-74.55781,1.0,0,-1.0,-1.0,-1.0,-1.0,-1.0,0.0,0.0,0.0,0.0
1791655241.51,3219940.0,664.5,85.5,13.0,0.0,175.0,0.0,89.95,0.36,0.0,228.8,0.0,1212.461252,100048.0,0.99,78.9,-598435.2,300821.8,0.9948,0.097,551.6,-0.09709,-74.55781,1.0,0,-1.0,-1.0,-1.0,-1.0,-1.0,0.0,0.0,0.0,0.0
1791655242.01,3219940.1,665.0,85.5,13.0,0.0,175.0,0.0,89.95,0.36,0.0,228.8,0.0,1212.461252,100048.0,0.99,78.9,-598435.2,300821.8,0.9948,0.097,551.6,-0.09709,-74.55781,1.0,0,-1.0,-1.0,-1.0,-1.0,-1.0,0.0,0.0,0.0,0.0
1791655242.51,3219940.1,665.5,85.5,13.0,0.0,175.0,0.0,89.95,0.36,0.0,228.8,0.0,1212.461252,100048.0,0.99,78.9,-598435.2,300821.8,0.9948,0.097,551.6,-0.09709,-74.55781,1.0,0,-1.0,-1.0,-1.0,-1.0,-1.0,0.0,0.0,0.0,0.0
1791655243.02,3219940.1,666.0,85.5,13.0,0.0,175.0,0.0,89.95,0.36,0.0,228.8,0.0,1212.461252,100048.0,0.99,78.9,-598435.2,300821.8,0.9948,0.097,551.6,-0.09709,-74.55781,1.0,0,-1.0,-1.0,-1.0,-1.0,-1.0,0.0,0.0,0.0,0.0
1791655243.52,3219940.1,666.6,85.5,13.0,0.0,175.0,0.0,89.95,0.36,0.0,228.8,0.0,1212.461252,100048.0,0.99,78.9,-598435.2,300821.8,0.9948,0.097,551.6,-0.09709,-74.55781,1.0,0,-1.0,-1.0,-1.0,-1.0,-1.0,0.0,0.0,0.0,0.0
1791655244.02,3219940.2,667.1,85.5,13.0,0.0,175.0,0.0,89.95,0.36,0.0,228.8,0.0,1212.461252,100048.0,0.99,78.9,-598435.2,300821.8,0.9948,0.097,551.6,-0.09709,-74.55781,1.0,0,-1.0,-1.0,-1.0,-1.0,-1.0,0.0,0.0,0.0,0.0
1791655244.52,3219940.2,667.6,85.5,13.0,0.0,175.0,0.0,89.95,0.36,0.0,228.8,0.0,1212.461252,100048.0,0.99,78.9,-598435.2,300821.8,0.9948,0.097,551.6,-0.09709,-74.55781,1.0,0,-1.0,-1.0,-1.0,-1.0,-1.0,0.0,0.0,0.0,0.0
1791655245.02,3219940.2,668.1,85.5,13.0,0.0,175.0,0.0,89.95,0.36,0.0,228.8,0.0,1212.461252,100048.0,0.99,78.9,-598435.2,300821.8,0.9948,0.097,551.6,-0.09709,-74.55781,1.0,0,-1.0,-1.0,-1.0,-1.0,-1.0,0.0,0.0,0.0,0.0
1791655245.52,3219940.2,668.6,85.5,13.0,0.0,175.0,0.0,89.95,0.36,0.0,228.8,0.0,1212.461252,100048.0,0.99,78.9,-598435.2,300821.8,0.9948,0.097,551.6,-0.09709,-74.55781,1.0,0,-1.0,-1.0,-1.0,-1.0,-1.0,0.0,0.0,0.0,0.0
1791655246.02,3219940.2,669.1,85.5,13.0,0.0,175.0,0.0,89.95,0.36,0.0,228.8,0.0,1212.461252,100048.0,0.99,78.9,-598435.2,300821.8,0.9948,0.097,551.6,-0.09709,-74.55781,1.0,0,-1.0,-1.0,-1.0,-1.0,-1.0,0.0,0.0,0.0,0.0
1791655246.53,3219940.2,669.6,85.5,13.0,0.0,175.0,0.0,89.95,0.36,0.0,228.8,0.0,1212.461252,100048.0,0.99,78.9,-598435.2,300821.8,0.9948,0.097,551.6,-0.09709,-74.55781,1.0,0,-1.0,-1.0,-1.0,-1.0,-1.0,0.0,0.0,0.0,0.0
1791655247.03,3219940.3,670.1,85.5,13.0,0.0,175.0,0.0,89.95,0.36,0.0,228.8,0.0,1212.461252,100048.0,0.99,78.9,-598435.2,300821.8,0.9948,0.097,551.6,-0.09709,-74.55781,1.0,0,-1.0,-1.0,-1.0,-1.0,-1.0,0.0,0.0,0.0,0.0
1791655247.53,3219940.3,670.6,85.5,13.0,0.0,175.0,0.0,89.95,0.36,0.0,228.8,0.0,1212.461252,100048.0,0.99,78.9,-598435.2,300821.8,0.9948,0.097,551.6,-0.09709,-74.55781,1.0,0,-1.0,-1.0,-1.0,-1.0,-1.0,0.0,0.0,0.0,0.0
1791655248.03,3219940.3,671.1,85.5,13.0,0.0,175.0,0.0,89.95,0.36,0.0,228.79,0.0,1212.461252,100048.0,0.99,78.9,-598435.2,300821.8,0.9948,0.097,551.6,-0.09709,-74.55781,1.0,0,-1.0,-1.0,-1.0,-1.0,-1.0,0.0,0.0,0.0,0.0
1791655248.53,3219940.3,671.6,85.5,13.0,0.0,175.0,0.0,89.95,0.36,0.0,228.79,0.0,1212.461252,100048.0,0.99,78.9,-598435.2,300821.8,0.9948,0.097,551.6,-0.09709,-74.55781,1.0,0,-1.0,-1.0,-1.0,-1.0,-1.0,0.0,0.0,0.0,0.0
1791655249.03,3219940.4,672.1,85.5,13.0,0.0,175.0,0.0,89.95,0.36,0.0,228.79,0.0,1212.461252,100048.0,0.99,78.9,-598435.2,300821.8,0.9948,0.097,551.6,-0.09709,-74.55781,1.0,0,-1.0,-1.0,-1.0,-1.0,-1.0,0.0,0.0,0.0,0.0
1791655249.54,3219940.4,672.6,85.5,13.0,0.0,175.0,0.0,89.95,0.36,0.0,228.79,0.0,1212.461252,100048.0,0.99,78.9,-598435.2,300821.8,0.9948,0.097,551.6,-0.09709,-74.55781,1.0,0,-1.0,-1.0,-1.0,-1.0,-1.0,0.0,0.0,0.0,0.0
1791655250.04,3219940.4,673.1,85.5,13.0,0.0,175.0,0.0,89.95,0.36,0.0,228.79,0.0,1212.461252,100048.0,0.99,78.9,-598435.2,300821.8,0.9948,0.097,551.6,-0.09709,-74.55781,1.0,0,-1.0,-1.0,-1.0,-1.0,-1.0,0.0,0.0,0.0,0.0
1791655250.54,3219940.4,673.6,85.5,13.0,0.0,175.0,0.0,89.95,0.36,0.0,228.79,0.0,1212.461252,100048.0,0.99,78.9,-598435.2,300821.8,0.9948,0.097,551.6,-0.09709,-74.55781,1.0,0,-1.0,-1.0,-1.0,-1.0,-1.0,0.0,0.0,0.0,0.0
1791655251.04,3219940.4,674.1,85.5,13.0,0.0,175.0,0.0,89.95,0.36,0.0,228.79,0.0,1212.461252,100048.0,0.99,78.9,-598435.2,300821.8,0.9948,0.097,551.6,-0.09709,-74.55781,1.0,0,-1.0,-1.0,-1.0,-1.0,-1.0,0.0,0.0,0.0,0.0
1791655251.55,3219940.4,674.6,85.5,13.0,0.0,175.0,0.0,89.95,0.36,0.0,228.79,0.0,1212.461252,100048.0,0.99,78.9,-598435.2,300821.8,0.9948,0.097,551.6,-0.09709,-74.55781,1.0,0,-1.0,-1.0,-1.0,-1.0,-1.0,0.0,0.0,0.0,0.0
1791655252.05,3219940.4,675.1,85.5,13.0,0.0,175.0,0.0,89.95,0.36,0.0,228.79,0.0,1212.461252,100048.0,0.99,78.9,-598435.2,300821.8,0.9948,0.097,551.6,-0.09709,-74.55781,1.0,0,-1.0,-1.0,-1.0,-1.0,-1.0,0.0,0.0,0.0,0.0
1791655252.55,3219940.5,675.6,85.5,13.0,0.0,175.0,0.0,89.95,0.36,0.0,228.79,0.0,1212.461252,100048.0,0.99,78.9,-598435.2,300821.8,0.9948,0.097,551.6,-0.09709,-74.55781,1.0,0,-1.0,-1.0,-1.0,-1.0,-1.0,0.0,0.0,0.0,0.0
1791655253.05,3219940.5,676.1,85.5,13.0,0.0,175.0,0.0,89.95,0.36,0.0,228.79,0.0,1212.461252,100048.0,0.99,78.9,-598435.2,300821.8,0.9948,0.097,551.6,-0.09709,-74.55781,1.0,0,-1.0,-1.0,-1.0,-1.0,-1.0,0.0,0.0,0.0,0.0
1791655253.55,3219940.5,676.6,85.5,13.0,0.0,175.0,0.0,89.95,0.36,0.0,228.79,0.0,1212.461252,100048.0,0.99,78.9,-598435.2,300821.8,0.9948,0.097,551.6,-0.09709,-74.55781,1.0,0,-1.0,-1.0,-1.0,-1.0,-1.0,0.0,0.0,0.0,0.0
1791655254.06,3219940.7,677.1,85.5,13.0,0.0,175.0,0.0,89.96,0.36,0.0,228.79,0.0,1212.461252,100048.0,0.99,78.9,-598435.2,300821.8,0.9948,0.097,551.6,-0.09709,-74.55781,1.0,0,-1.0,-1.0,-1.0,-1.0,-1.0,0.0,0.0,0.0,0.0
1791655254.56,3219941.2,677.6,85.5,13.0,0.0,175.0,0.0,89.95,0.36,0.0,228.78,0.0,1212.461252,100048.0,0.99,78.9,-598435.2,300821.8,0.9948,0.097,551.6,-0.09709,-74.55781,1.0,0,-1.0,-1.0,-1.0,-1.0,-1.0,0.0,0.0,0.0,0.0
1791655255.06,3219941.7,678.1,85.5,13.0,0.0,175.0,0.0,89.97,0.36,0.0,228.77,0.0,1212.461252,100048.0,0.99,78.9,-598435.2,300821.8,0.9948,0.097,551.6,-0.09709,-74.55781,1.0,0,-1.0,-1.0,-1.0,-1.0,-1.0,0.0,0.0,0.0,0.0
1791655255.56,3219942.3,678.6,85.5,13.0,0.0,175.0,0.0,89.95,0.36,0.0,228.76,0.0,1212.461252,100048.0,0.99,78.9,-598435.2,300821.8,0.9948,0.097,551.6,-0.09709,-74.55781,1.0,0,-1.0,-1.0,-1.0,-1.0,-1.0,0.0,0.0,0.0,0.0
1791655256.07,3219942.8,679.1,85.5,13.0,0.0,175.0,0.0,89.96,0.36,0.0,228.75,0.0,1212.461252,100048.0,0.99,78.9,-598435.2,300821.8,0.9948,0.097,551.6,-0.09709,-74.55781,1.0,0,-1.0,-1.0,-1.0,-1.0,-1.0,0.0,0.0,0.0,0.0
1791655256.58,3219943.3,679.6,85.5,13.0,0.0,175.0,0.0,89.95,0.36,0.0,228.75,0.0,1212.461252,100048.0,0.99,78.9,-598435.2,300821.8,0.9948,0.097,551.6,-0.09709,-74.55781,1.0,0,-1.0,-1.0,-1.0,-1.0,-1.0,0.0,0.0,0.0,0.0
1791655257.08,3219943.8,680.1,85.5,13.0,0.0,175.0,0.0,89.97,0.36,0.0,228.74,0.0,1212.461252,100048.0,0.99,78.9,-598435.2,300821.8,0.9948,0.097,551.6,-0.09709,-74.55781,1.0,0,-1.0,-1.0,-1.0,-1.0,-1.0,0.0,0.0,0.0,0.0
1791655257.58,3219944.3,680.6,85.5,13.0,0.0,175.0,0.0,89.95,0.36,0.0,228.73,0.0,1212.461252,100048.0,0.99,78.9,-598435.2,300821.8,0.9948,0.097,551.6,-0.09709,-74.55781,1.0,0,-1.0,-1.0,-1.0,-1.0,-1.0,0.0,0.0,0.0,0.0
1791655258.09,3219944.8,681.1,85.5,13.0,0.0,175.0,0.0,89.95,0.36,0.0,228.72,0.0,1212.461252,100048.0,0.99,78.9,-598435.2,300821.8,0.9948,0.097,551.6,-0.09709,-74.55781,1.0,0,-1.0,-1.0,-1.0,-1.0,-1.0,0.0,0.0,0.0,0.0
1791655258.59,3219945.2,681.6,85.5,13.0,0.0,175.0,0.0,89.95,0.36,0.0,228.71,0.0,1212.461252,100048.0,0.99,78.9,-598435.2,300821.8,0.9948,0.097,551.6,-0.09709,-74.55781,1.0,0,-1.0,-1.0,-1.0,-1.0,-1.0,0.0,0.0,0.0,0.0
1791655259.09,3219945.2,682.1,85.5,13.0,0.0,175.0,0.0,89.95,0.36,0.0,228.71,0.0,1212.461252,100048.0,0.99,78.9,-598435.2,300821.8,0.9948,0.097,551.6,-0.09709,-74.55781,1.0,0,-1.0,-1.0,-1.0,-1.0,-1.0,0.0,0.0,0.0,0.0
1791655259.59,3219945.3,682.6,85.5,13.0,0.0,175.0,0.0,89.95,0.36,0.0,228.71,0.0,1212.461252,100048.0,0.99,78.9,-598435.2,300821.8,0.9948,0.097,551.6,-0.09709,-74.55781,1.0,0,-1.0,-1.0,-1.0,-1.0,-1.0,0.0,0.0,0.0,0.0
1791655260.09,3219945.3,683.1,85.5,13.0,0.0,175.0,0.0,89.95,0.36,0.0,228.71,0.0,1212.461252,100048.0,0.99,78.9,-598435.2,300821.8,0.9948,0.097,551.6,-0.09709,-74.55781,1.0,0,-1.0,-1.0,-1.0,-1.0,-1.0,0.0,0.0,0.0,0.0
1791655260.6,3219945.3,683.6,85.5,13.0,0.0,175.0,0.0,89.95,0.36,0.0,228.71,0.0,1212.461252,100048.0,0.99,78.9,-598435.2,300821.8,0.9948,0.097,551.6,-0.09709,-74.55781,1.0,0,-1.0,-1.0,-1.0,-1.0,-1.0,0.0,0.0,0.0,0.0
1791655261.1,3219945.3,684.1,85.5,13.0,0.0,175.0,0.0,89.95,0.36,0.0,228.71,0.0,1212.461252,100048.0,0.99,78.9,-598435.2,300821.8,0.9948,0.097,551.6,-0.09709,-74.55781,1.0,0,-1.0,-1.0,-1.0,-1.0,-1.0,0.0,0.0,0.0,0.0
1791655261.6,3219945.3,684.6,85.5,13.0,0.0,175.0,0.0,89.95,0.36,0.0,228.71,0.0,1212.461252,100048.0,0.99,78.9,-598435.2,300821.8,0.9948,0.097,551.6,-0.09709,-74.55781,1.0,0,-1.0,-1.0,-1.0,-1.0,-1.0,0.0,0.0,0.0,0.0
1791655262.1,3219945.3,685.1,85.5,13.0,0.0,175.0,0.0,89.95,0.36,0.0,228.71,0.0,1212.461252,100048.0,0.99,78.9,-598435.2,300821.8,0.9948,0.097,551.6,-0.09709,-74.55781,1.0,0,-1.0,-1.0,-1.0,-1.0,-1.0,0.0,0.0,0.0,0.0
1791655262.6,3219945.3,685.6,85.5,13.0,0.0,175.0,0.0,89.95,0.36,0.0,228.71,0.0,1212.461252,100048.0,0.99,78.9,-598435.2,300821.8,0.9948,0.097,551.6,-0.09709,-74.55781,1.0,0,-1.0,-1.0,-1.0,-1.0,-1.0,0.0,0.0,0.0,0.0
1791655263.11,3219945.4,686.1,85.5,13.0,0.0,175.0,0.0,89.95,0.36,0.0,228.71,0.0,1212.461252,100048.0,0.99,78.9,-598435.2,300821.8,0.9948,0.097,551.6,-0.09709,-74.55781,1.0,0,-1.0,-1.0,-1.0,-1.0,-1.0,0.0,0.0,0.0,0.0
1791655263.61,3219945.4,686.6,85.5,13.0,0.0,175.0,0.0,89.95,0.36,0.0,228.71,0.0,1212.461252,100048.0,0.99,78.9,-598435.2,300821.8,0.9948,0.097,551.6,-0.09709,-74.55781,1.0,0,-1.0,-1.0,-1.0,-1.0,-1.0,0.0,0.0,0.0,0.0
1791655264.11,3219945.4,687.1,85.5,13.0,0.0,175.0,0.0,89.95,0.36,0.0,228.71,0.0,1212.461252,100048.0,0.99,78.9,-598435.2,300821.8,0.9948,0.097,551.6,-0.09709,-74.55781,1.0,0,-1.0,-1.0,-1.0,-1.0,-1.0,0.0,0.0,0.0,0.0
1791655264.61,3219945.4,687.6,85.5,13.0,0.0,175.0,0.0,89.95,0.36,0.0,228.71,0.0,1212.461252,100048.0,0.99,78.9,-598435.2,300821.8,0.9948,0.097,551.6,-0.09709,-74.55781,1.0,0,-1.0,-1.0,-1.0,-1.0,-1.0,0.0,0.0,0.0,0.0
1791655265.11,3219945.5,688.1,85.5,13.0,0.0,175.0,0.0,89.95,0.36,0.0,228.71,0.0,1212.461252,100048.0,0.99,78.9,-598435.2,300821.8,0.9948,0.097,551.6,-0.09709,-74.55781,1.0,0,-1.0,-1.0,-1.0,-1.0,-1.0,0.0,0.0,0.0,0.0
1791655265.61,3219945.5,688.6,85.5,13.0,0.0,175.0,0.0,89.95,0.36,0.0,228.71,0.0,1212.461252,100048.0,0.99,78.9,-598435.2,300821.8,0.9948,0.097,551.6,-0.09709,-74.55781,1.0,0,-1.0,-1.0,-1.0,-1.0,-1.0,0.0,0.0,0.0,0.0
1791655266.12,3219945.5,689.2,85.5,13.0,0.0,175.0,0.0,89.97,0.36,0.0,228.71,0.0,1212.461252,100048.0,0.99,78.9,-598435.2,300821.8,0.9948,0.097,551.6,-0.09709,-74.55781,1.0,0,-1.0,-1.0,-1.0,-1.0,-1.0,0.0,0.0,0.0,0.0
1791655266.62,3219945.5,689.7,85.5,13.0,0.0,175.0,0.0,89.97,0.36,0.0,228.71,0.0,1212.461252,100048.0,0.99,78.9,-598435.2,300821.8,0.9948,0.097,551.6,-0.09709,-74.55781,1.0,0,-1.0,-1.0,-1.0,-1.0,-1.0,0.0,0.0,0.0,0.0
1791655267.12,3219945.5,690.2,85.5,13.0,0.0,175.0,0.0,89.97,0.36,0.0,228.71,0.0,1212.461252,100048.0,0.99,78.9,-598435.2,300821.8,0.9948,0.097,551.6,-0.09709,-74.55781,1.0,0,-1.0,-1.0,-1.0,-1.0,-1.0,0.0,0.0,0.0,0.0
1791655267.62,3219945.5,690.7,85.5,13.0,0.0,175.0,0.0,89.97,0.36,0.0,228.71,0.0,1212.461252,100048.0,0.99,78.9,-598435.2,300821.8,0.9948,0.097,551.6,-0.09709,-74.55781,1.0,0,-1.0,-1.0,-1.0,-1.0,-1.0,0.0,0.0,0.0,0.0
1791655268.12,3219945.6,691.2,85.5,13.0,0.0,175.0,0.0,89.97,0.36,0.0,228.71,0.0,1212.461252,100048.0,0.99,78.9,-598435.2,300821.8,0.9948,0.097,551.6,-0.09709,-74.55781,1.0,0,-1.0,-1.0,-1.0,-1.0,-1.0,0.0,0.0,0.0,0.0
1791655268.63,3219945.6,691.7,85.5,13.0,0.0,175.0,0.0,89.97,0.36,0.0,228.71,0.0,1212.461252,100048.0,0.99,78.9,-598435.2,300821.8,0.9948,0.097,551.6,-0.09709,-74.55781,1.0,0,-1.0,-1.0,-1.0,-1.0,-1.0,0.0,0.0,0.0,0.0
1791655269.13,3219945.6,692.2,85.5,13.0,0.0,175.0,0.0,89.97,0.36,0.0,228.71,0.0,1212.461252,100048.0,0.99,78.9,-598435.2,300821.8,0.9948,0.097,551.6,-0.09709,-74.55781,1.0,0,-1.0,-1.0,-1.0,-1.0,-1.0,0.0,0.0,0.0,0.0
1791655269.64,3219945.6,692.7,85.5,13.0,0.0,175.0,0.0,89.97,0.36,0.0,228.71,0.0,1212.461252,100048.0,0.99,78.9,-598435.2,300821.8,0.9948,0.097,551.6,-0.09709,-74.55781,1.0,0,-1.0,-1.0,-1.0,-1.0,-1.0,0.0,0.0,0.0,0.0
1791655270.14,3219945.7,693.2,85.5,13.0,0.0,175.0,0.0,89.97,0.36,0.0,228.71,0.0,1212.461252,100048.0,0.99,78.9,-598435.2,300821.8,0.9948,0.097,551.6,-0.09709,-74.55781,1.0,0,-1.0,-1.0,-1.0,-1.0,-1.0,0.0,0.0,0.0,0.0
1791655270.64,3219945.7,693.7,85.5,13.0,0.0,175.0,0.0,89.97,0.36,0.0,228.71,0.0,1212.461252,100048.0,0.99,78.9,-598435.2,300821.8,0.9948,0.097,551.6,-0.09709,-74.55781,1.0,0,-1.0,-1.0,-1.0,-1.0,-1.0,0.0,0.0,0.0,0.0
1791655271.14,3219945.7,694.2,85.5,13.0,0.0,175.0,0.0,89.96,0.36,0.0,228.7,0.0,1212.461252,100048.0,0.99,78.9,-598435.2,300821.8,0.9948,0.097,551.6,-0.09709,-74.55781,1.0,0,-1.0,-1.0,-1.0,-1.0,-1.0,0.0,0.0,0.0,0.0
1791655271.64,3219945.7,694.7,85.5,13.0,0.0,175.0,0.0,89.96,0.36,0.0,228.7,0.0,1212.461252,100048.0,0.99,78.9,-598435.2,300821.8,0.9948,0.097,551.6,-0.09709,-74.55781,1.0,0,-1.0,-1.0,-1.0,-1.0,-1.0,0.0,0.0,0.0,0.0
1791655272.14,3219945.7,695.2,85.5,13.0,0.0,175.0,0.0,89.96,0.36,0.0,228.7,0.0,1212.461252,100048.0,0.99,78.9,-598435.2,300821.8,0.9948,0.097,551.6,-0.09709,-74.55781,1.0,0,-1.0,-1.0,-1.0,-1.0,-1.0,0.0,0.0,0.0,0.0
1791655272.65,3219945.7,695.7,85.5,13.0,0.0,175.0,0.0,89.96,0.36,0.0,228.7,0.0,1212.461252,100048.0,0.99,78.9,-598435.2,300821.8,0.9948,0.097,551.6,-0.09709,-74.55781,1.0,0,-1.0,-1.0,-1.0,-1.0,-1.0,0.0,0.0,0.0,0.0
1791655273.15,3219945.8,696.2,85.5,13.0,0.0,175.0,0.0,89.96,0.36,0.0,228.7,0.0,1212.461252,100048.0,0.99,78.9,-598435.2,300821.8,0.9948,0.097,551.6,-0.09709,-74.55781,1.0,0,-1.0,-1.0,-1.0,-1.0,-1.0,0.0,0.0,0.0,0.0
1791655273.65,3219945.8,696.7,85.5,13.0,0.0,175.0,0.0,89.96,0.36,0.0,228.7,0.0,1212.461252,100048.0,0.99,78.9,-598435.2,300821.8,0.9948,0.097,551.6,-0.09709,-74.55781,1.0,0,-1.0,-1.0,-1.0,-1.0,-1.0,0.0,0.0,0.0,0.0
1791655274.15,3219945.8,697.2,85.5,13.0,0.0,175.0,0.0,89.96,0.36,0.0,228.7,0.0,1212.461252,100048.0,0.99,78.9,-598435.2,300821.8,0.9948,0.097,551.6,-0.09709,-74.55781,1.0,0,-1.0,-1.0,-1.0,-1.0,-1.0,0.0,0.0,0.0,0.0
1791655274.65,3219945.8,697.7,85.5,13.0,0.0,175.0,0.0,89.96,0.36,0.0,228.7,0.0,1212.461252,100048.0,0.99,78.9,-598435.2,300821.8,0.9948,0.097,551.6,-0.09709,-74.55781,1.0,0,-1.0,-1.0,-1.0,-1.0,-1.0,0.0,0.0,0.0,0.0
1791655275.16,3219945.9,698.2,85.5,13.0,0.0,175.0,0.0,89.96,0.36,0.0,228.7,0.0,1212.461252,100048.0,0.99,78.9,-598435.2,300821.8,0.9948,0.097,551.6,-0.09709,-74.55781,1.0,0,-1.0,-1.0,-1.0,-1.0,-1.0,0.0,0.0,0.0,0.0
1791655275.66,3219945.9,698.7,85.5,13.0,0.0,175.0,0.0,89.96,0.36,0.0,228.7,0.0,1212.461252,100048.0,0.99,78.9,-598435.2,300821.8,0.9948,0.097,551.6,-0.09709,-74.55781,1.0,0,-1.0,-1.0,-1.0,-1.0,-1.0,0.0,0.0,0.0,0.0
1791655276.16,3219945.9,699.2,85.5,13.0,0.0,175.0,0.0,89.96,0.36,0.0,228.7,0.0,1212.461252,100048.0,0.99,78.9,-598435.2,300821.8,0.9948,0.097,551.6,-0.09709,-74.55781,1.0,0,-1.0,-1.0,-1.0,-1.0,-1.0,0.0,0.0,0.0,0.0
1791655276.66,3219945.9,699.7,85.5,13.0,0.0,175.0,0.0,89.96,0.36,0.0,228.7,0.0,1212.461252,100048.0,0.99,78.9,-598435.2,300821.8,0.9948,0.097,551.6,-0.09709,-74.55781,1.0,0,-1.0,-1.0,-1.0,-1.0,-1.0,0.0,0.0,0.0,0.0
1791655277.16,3219945.9,700.2,85.5,13.0,0.0,175.0,0.0,89.96,0.36,0.0,228.7,0.0,1212.461252,100048.0,0.99,78.9,-598435.2,300821.8,0.9948,0.097,551.6,-0.09709,-74.55781,1.0,0,-1.0,-1.0,-1.0,-1.0,-1.0,0.0,0.0,0.0,0.0
1791655277.66,3219945.9,700.7,85.5,13.0,0.0,175.0,0.0,89.96,0.36,0.0,228.7,0.0,1212.461252,100048.0,0.99,78.9,-598435.2,300821.8,0.9948,0.097,551.6,-0.09709,-74.55781,1.0,0,-1.0,-1.0,-1.0,-1.0,-1.0,0.0,0.0,0.0,0.0
1791655278.17,3219946.0,701.2,85.5,13.0,0.0,175.0,0.0,89.96,0.36,0.0,228.7,0.0,1212.461252,100048.0,0.99,78.9,-598435.2,300821.8,0.9948,0.097,551.6,-0.09709,-74.55781,1.0,0,-1.0,-1.0,-1.0,-1.0,-1.0,0.0,0.0,0.0,0.0
1791655278.67,3219946.0,701.7,85.5,13.0,0.0,175.0,0.0,89.96,0.36,0.0,228.7,0.0,1212.461252,100048.0,0.99,78.9,-598435.2,300821.8,0.9948,0.097,551.6,-0.09709,-74.55781,1.0,0,-1.0,-1.0,-1.0,-1.0,-1.0,0.0,0.0,0.0,0.0
1791655279.17,3219946.0,702.2,85.5,13.0,0.0,175.0,0.0,89.95,0.36,0.0,228.7,0.0,1212.461252,100048.0,0.99,78.9,-598435.2,300821.8,0.9948,0.097,551.6,-0.09709,-74.55781,1.0,0,-1.0,-1.0,-1.0,-1.0,-1.0,0.0,0.0,0.0,0.0
1791655279.67,3219946.0,702.7,85.5,13.0,0.0,175.0,0.0,89.95,0.36,0.0,228.7,0.0,1212.461252,100048.0,0.99,78.9,-598435.2,300821.8,0.9948,0.097,551.6,-0.09709,-74.55781,1.0,0,-1.0,-1.0,-1.0,-1.0,-1.0,0.0,0.0,0.0,0.0
1791655280.17,3219946.1,703.2,85.5,13.0,0.0,175.0,0.0,89.97,0.36,0.0,228.7,0.0,1212.461252,100048.0,0.99,78.9,-598435.2,300821.8,0.9948,0.097,551.6,-0.09709,-74.55781,1.0,0,-1.0,-1.0,-1.0,-1.0,-1.0,0.0,0.0,0.0,0.0
1791655280.68,3219946.1,703.7,85.5,13.0,0.0,175.0,0.0,89.97,0.36,0.0,228.7,0.0,1212.461252,100048.0,0.99,78.9,-598435.2,300821.8,0.9948,0.097,551.6,-0.09709,-74.55781,1.0,0,-1.0,-1.0,-1.0,-1.0,-1.0,0.0,0.0,0.0,0.0
1791655281.18,3219946.1,704.2,85.5,13.0,0.0,175.0,0.0,89.95,0.36,0.0,228.7,0.0,1212.461252,100048.0,0.99,78.9,-598435.2,300821.8,0.9948,0.097,551.6,-0.09709,-74.55781,1.0,0,-1.0,-1.0,-1.0,-1.0,-1.0,0.0,0.0,0.0,0.0
1791655281.68,3219946.1,704.7,85.5,13.0,0.0,175.0,0.0,89.95,0.36,0.0,228.7,0.0,1212.461252,100048.0,0.99,78.9,-598435.2,300821.8,0.9948,0.097,551.6,-0.09709,-74.55781,1.0,0,-1.0,-1.0,-1.0,-1.0,-1.0,0.0,0.0,0.0,0.0
1791655282.18,3219946.1,705.2,85.5,13.0,0.0,175.0,0.0,89.95,0.36,0.0,228.7,0.0,1212.461252,100048.0,0.99,78.9,-598435.2,300821.8,0.9948,0.097,551.6,-0.09709,-74.55781,1.0,0,-1.0,-1.0,-1.0,-1.0,-1.0,0.0,0.0,0.0,0.0
1791655282.68,3219946.1,705.7,85.5,13.0,0.0,175.0,0.0,89.95,0.36,0.0,228.7,0.0,1212.461252,100048.0,0.99,78.9,-598435.2,300821.8,0.9948,0.097,551.6,-0.09709,-74.55781,1.0,0,-1.0,-1.0,-1.0,-1.0,-1.0,0.0,0.0,0.0,0.0
1791655283.18,3219946.2,706.2,85.5,13.0,0.0,175.0,0.0,89.95,0.36,0.0,228.7,0.0,1212.461252,100048.0,0.99,78.9,-598435.2,300821.8,0.9948,0.097,551.6,-0.09709,-74.55781,1.0,0,-1.0,-1.0,-1.0,-1.0,-1.0,0.0,0.0,0.0,0.0
1791655283.69,3219946.2,706.7,85.5,13.0,0.0,175.0,0.0,89.95,0.36,0.0,228.7,0.0,1212.461252,100048.0,0.99,78.9,-598435.2,300821.8,0.9948,0.097,551.6,-0.09709,-74.55781,1.0,0,-1.0,-1.0,-1.0,-1.0,-1.0,0.0,0.0,0.0,0.0
1791655284.19,3219946.2,707.2,85.5,13.0,0.0,175.0,0.0,89.96,0.36,0.0,228.7,0.0,1212.461252,100048.0,0.99,78.9,-598435.2,300821.8,0.9948,0.097,551.6,-0.09709,-74.55781,1.0,0,-1.0,-1.0,-1.0,-1.0,-1.0,0.0,0.0,0.0,0.0
1791655284.69,3219946.2,707.7,85.5,13.0,0.0,175.0,0.0,89.96,0.36,0.0,228.7,0.0,1212.461252,100048.0,0.99,78.9,-598435.2,300821.8,0.9948,0.097,551.6,-0.09709,-74.55781,1.0,0,-1.0,-1.0,-1.0,-1.0,-1.0,0.0,0.0,0.0,0.0
1791655285.19,3219946.3,708.2,85.5,13.0,0.0,175.0,0.0,89.96,0.36,0.0,228.7,0.0,1212.461252,100048.0,0.99,78.9,-598435.2,300821.8,0.9948,0.097,551.6,-0.09709,-74.55781,1.0,0,-1.0,-1.0,-1.0,-1.0,-1.0,0.0,0.0,0.0,0.0
1791655285.69,3219946.3,708.7,85.5,13.0,0.0,175.0,0.0,89.96,0.36,0.0,228.7,0.0,1212.461252,100048.0,0.99,78.9,-598435.2,300821.8,0.9948,0.097,551.6,-0.09709,-74.55781,1.0,0,-1.0,-1.0,-1.0,-1.0,-1.0,0.0,0.0,0.0,0.0
1791655286.2,3219946.3,709.2,85.5,13.0,0.0,175.0,0.0,89.96,0.36,0.0,228.69,0.0,1212.461252,100048.0,0.99,78.9,-598435.2,300821.8,0.9948,0.097,551.6,-0.09709,-74.55781,1.0,0,-1.0,-1.0,-1.0,-1.0,-1.0,0.0,0.0,0.0,0.0
1791655286.7,3219946.3,709.7,85.5,13.0,0.0,175.0,0.0,89.96,0.36,0.0,228.69,0.0,1212.461252,100048.0,0.99,78.9,-598435.2,300821.8,0.9948,0.097,551.6,-0.09709,-74.55781,1.0,0,-1.0,-1.0,-1.0,-1.0,-1.0,0.0,0.0,0.0,0.0
1791655287.2,3219946.3,710.2,85.5,13.0,0.0,175.0,0.0,89.95,0.36,0.0,228.69,0.0,1212.461252,100048.0,0.99,78.9,-598435.2,300821.8,0.9948,0.097,551.6,-0.09709,-74.55781,1.0,0,-1.0,-1.0,-1.0,-1.0,-1.0,0.0,0.0,0.0,0.0
1791655287.7,3219946.3,710.7,85.5,13.0,0.0,175.0,0.0,89.95,0.36,0.0,228.69,0.0,1212.461252,100048.0,0.99,78.9,-598435.2,300821.8,0.9948,0.097,551.6,-0.09709,-74.55781,1.0,0,-1.0,-1.0,-1.0,-1.0,-1.0,0.0,0.0,0.0,0.0
1791655288.21,3219946.4,711.2,85.5,13.0,0.0,175.0,0.0,89.95,0.36,0.0,228.69,0.0,1212.461252,100048.0,0.99,78.9,-598435.2,300821.8,0.9948,0.097,551.6,-0.09709,-74.55781,1.0,0,-1.0,-1.0,-1.0,-1.0,-1.0,0.0,0.0,0.0,0.0
1791655288.71,3219946.4,711.7,85.5,13.0,0.0,175.0,0.0,89.95,0.36,0.0,228.69,0.0,1212.461252,100048.0,0.99,78.9,-598435.2,300821.8,0.9948,0.097,551.6,-0.09709,-74.55781,1.0,0,-1.0,-1.0,-1.0,-1.0,-1.0,0.0,0.0,0.0,0.0
1791655289.21,3219946.4,712.2,85.5,13.0,0.0,175.0,0.0,89.95,0.36,0.0,228.69,0.0,1212.461252,100048.0,0.99,78.9,-598435.2,300821.8,0.9948,0.097,551.6,-0.09709,-74.55781,1.0,0,-1.0,-1.0,-1.0,-1.0,-1.0,0.0,0.0,0.0,0.0
1791655289.71,3219946.4,712.7,85.5,13.0,0.0,175.0,0.0,89.95,0.36,0.0,228.69,0.0,1212.461252,100048.0,0.99,78.9,-598435.2,300821.8,0.9948,0.097,551.6,-0.09709,-74.55781,1.0,0,-1.0,-1.0,-1.0,-1.0,-1.0,0.0,0.0,0.0,0.0
1791655290.21,3219946.5,713.2,85.5,13.0,0.0,175.0,0.0,89.96,0.36,0.0,228.69,0.0,1212.461252,100048.0,0.99,78.9,-598435.2,300821.8,0.9948,0.097,551.6,-0.09709,-74.55781,1.0,0,-1.0,-1.0,-1.0,-1.0,-1.0,0.0,0.0,0.0,0.0
1791655290.72,3219946.5,713.8,85.5,13.0,0.0,175.0,0.0,89.96,0.36,0.0,228.69,0.0,1212.461252,100048.0,0.99,78.9,-598435.2,300821.8,0.9948,0.097,551.6,-0.09709,-74.55781,1.0,0,-1.0,-1.0,-1.0,-1.0,-1.0,0.0,0.0,0.0,0.0
1791655291.22,3219946.5,714.3,85.5,13.0,0.0,175.0,0.0,89.95,0.36,0.0,228.69,0.0,1212.461252,100048.0,0.99,78.9,-598435.2,300821.8,0.9948,0.097,551.6,-0.09709,-74.55781,1.0,0,-1.0,-1.0,-1.0,-1.0,-1.0,0.0,0.0,0.0,0.0
1791655291.72,3219946.5,714.8,85.5,13.0,0.0,175.0,0.0,89.95,0.36,0.0,228.69,0.0,1212.461252,100048.0,0.99,78.9,-598435.2,300821.8,0.9948,0.097,551.6,-0.09709,-74.55781,1.0,0,-1.0,-1.0,-1.0,-1.0,-1.0,0.0,0.0,0.0,0.0
1791655292.22,3219946.5,715.3,85.5,13.0,0.0,175.0,0.0,89.95,0.36,0.0,228.69,0.0,1212.461252,100048.0,0.99,78.9,-598435.2,300821.8,0.9948,0.097,551.6,-0.09709,-74.55781,1.0,0,-1.0,-1.0,-1.0,-1.0,-1.0,0.0,0.0,0.0,0.0
1791655292.72,3219946.5,715.8,85.5,13.0,0.0,175.0,0.0,89.95,0.36,0.0,228.69,0.0,1212.461252,100048.0,0.99,78.9,-598435.2,300821.8,0.9948,0.097,551.6,-0.09709,-74.55781,1.0,0,-1.0,-1.0,-1.0,-1.0,-1.0,0.0,0.0,0.0,0.0
1791655293.23,3219946.6,716.3,85.5,13.0,0.0,175.0,0.0,89.95,0.36,0.0,228.69,0.0,1212.461252,100048.0,0.99,78.9,-598435.2,300821.8,0.9948,0.097,551.6,-0.09709,-74.55781,1.0,0,-1.0,-1.0,-1.0,-1.0,-1.0,0.0,0.0,0.0,0.0
1791655293.73,3219946.6,716.8,85.5,13.0,0.0,175.0,0.0,89.95,0.36,0.0,228.69,0.0,1212.461252,100048.0,0.99,78.9,-598435.2,300821.8,0.9948,0.097,551.6,-0.09709,-74.55781,1.0,0,-1.0,-1.0,-1.0,-1.0,-1.0,0.0,0.0,0.0,0.0
1791655294.23,3219946.6,717.3,85.5,13.0,0.0,175.0,0.0,89.95,0.36,0.0,228.69,0.0,1212.461252,100048.0,0.99,78.9,-598435.2,300821.8,0.9948,0.097,551.6,-0.09709,-74.55781,1.0,0,-1.0,-1.0,-1.0,-1.0,-1.0,0.0,0.0,0.0,0.0
1791655294.73,3219946.6,717.8,85.5,13.0,0.0,175.0,0.0,89.95,0.36,0.0,228.69,0.0,1212.461252,100048.0,0.99,78.9,-598435.2,300821.8,0.9948,0.097,551.6,-0.09709,-74.55781,1.0,0,-1.0,-1.0,-1.0,-1.0,-1.0,0.0,0.0,0.0,0.0
1791655295.23,3219946.7,718.3,85.5,13.0,0.0,175.0,0.0,89.97,0.36,0.0,228.69,0.0,1212.461252,100048.0,0.99,78.9,-598435.2,300821.8,0.9948,0.097,551.6,-0.09709,-74.55781,1.0,0,-1.0,-1.0,-1.0,-1.0,-1.0,0.0,0.0,0.0,0.0
1791655295.74,3219946.7,718.8,85.5,13.0,0.0,175.0,0.0,89.97,0.36,0.0,228.69,0.0,1212.461252,100048.0,0.99,78.9,-598435.2,300821.8,0.9948,0.097,551.6,-0.09709,-74.55781,1.0,0,-1.0,-1.0,-1.0,-1.0,-1.0,0.0,0.0,0.0,0.0
1791655296.24,3219946.7,719.3,85.5,13.0,0.0,175.0,0.0,89.97,0.36,0.0,228.69,0.0,1212.461252,100048.0,0.99,78.9,-598435.2,300821.8,0.9948,0.097,551.6,-0.09709,-74.55781,1.0,0,-1.0,-1.0,-1.0,-1.0,-1.0,0.0,0.0,0.0,0.0
1791655296.74,3219946.7,719.8,85.5,13.0,0.0,175.0,0.0,89.97,0.36,0.0,228.69,0.0,1212.461252,100048.0,0.99,78.9,-598435.2,300821.8,0.9948,0.097,551.6,-0.09709,-74.55781,1.0,0,-1.0,-1.0,-1.0,-1.0,-1.0,0.0,0.0,0.0,0.0
1791655297.24,3219946.7,720.3,85.5,13.0,0.0,175.0,0.0,89.97,0.36,0.0,228.69,0.0,1212.461252,100048.0,0.99,78.9,-598435.2,300821.8,0.9948,0.097,551.6,-0.09709,-74.55781,1.0,0,-1.0,-1.0,-1.0,-1.0,-1.0,0.0,0.0,0.0,0.0
1791655297.75,3219946.7,720.8,85.5,13.0,0.0,175.0,0.0,89.97,0.36,0.0,228.69,0.0,1212.461252,100048.0,0.99,78.9,-598435.2,300821.8,0.9948,0.097,551.6,-0.09709,-74.55781,1.0,0,-1.0,-1.0,-1.0,-1.0,-1.0,0.0,0.0,0.0,0.0
1791655298.25,3219946.8,721.3,85.5,13.0,0.0,175.0,0.0,89.97,0.36,0.0,228.69,0.0,1212.461252,100048.0,0.99,78.9,-598435.2,300821.8,0.9948,0.097,551.6,-0.09709,-74.55781,1.0,0,-1.0,-1.0,-1.0,-1.0,-1.0,0.0,0.0,0.0,0.0
1791655298.75,3219946.8,721.8,85.5,13.0,0.0,175.0,0.0,89.97,0.36,0.0,228.69,0.0,1212.461252,100048.0,0.99,78.9,-598435.2,300821.8,0.9948,0.097,551.6,-0.09709,-74.55781,1.0,0,-1.0,-1.0,-1.0,-1.0,-1.0,0.0,0.0,0.0,0.0
1791655299.25,3219946.8,722.3,85.5,13.0,0.0,175.0,0.0,89.97,0.36,0.0,228.69,0.0,1212.461252,100048.0,0.99,78.9,-598435.2,300821.8,0.9948,0.097,551.6,-0.09709,-74.55781,1.0,0,-1.0,-1.0,-1.0,-1.0,-1.0,0.0,0.0,0.0,0.0
1791655299.75,3219946.8,722.8,85.5,13.0,0.0,175.0,0.0,89.97,0.36,0.0,228.69,0.0,1212.461252,100048.0,0.99,78.9,-598435.2,300821.8,0.9948,0.097,551.6,-0.09709,-74.55781,1.0,0,-1.0,-1.0,-1.0,-1.0,-1.0,0.0,0.0,0.0,0.0
1791655300.25,3219946.9,723.3,85.5,13.0,0.0,175.0,0.0,89.97,0.36,0.0,228.69,0.0,1212.461252,100048.0,0.99,78.9,-598435.2,300821.8,0.9948,0.097,551.6,-0.09709,-74.55781,1.0,0,-1.0,-1.0,-1.0,-1.0,-1.0,0.0,0.0,0.0,0.0
1791655300.76,3219946.9,723.8,85.5,13.0,0.0,175.0,0.0,89.97,0.36,0.0,228.69,0.0,1212.461252,100048.0,0.99,78.9,-598435.2,300821.8,0.9948,0.097,551.6,-0.09709,-74.55781,1.0,0,-1.0,-1.0,-1.0,-1.0,-1.0,0.0,0.0,0.0,0.0
1791655301.26,3219946.9,724.3,85.5,13.0,0.0,175.0,0.0,89.97,0.36,0.0,228.68,0.0,1212.461252,100048.0,0.99,78.9,-598435.2,300821.8,0.9948,0.097,551.6,-0.09709,-74.55781,1.0,0,-1.0,-1.0,-1.0,-1.0,-1.0,0.0,0.0,0.0,0.0
1791655301.76,3219946.9,724.8,85.5,13.0,0.0,175.0,0.0,89.97,0.36,0.0,228.68,0.0,1212.461252,100048.0,0.99,78.9,-598435.2,300821.8,0.9948,0.097,551.6,-0.09709,-74.55781,1.0,0,-1.0,-1.0,-1.0,-1.0,-1.0,0.0,0.0,0.0,0.0
1791655302.26,3219946.9,725.3,85.5,13.0,0.0,175.0,0.0,89.97,0.36,0.0,228.68,0.0,1212.461252,100048.0,0.99,78.9,-598435.2,300821.8,0.9948,0.097,551.6,-0.09709,-74.55781,1.0,0,-1.0,-1.0,-1.0,-1.0,-1.0,0.0,0.0,0.0,0.0
1791655302.76,3219946.9,725.8,85.5,13.0,0.0,175.0,0.0,89.97,0.36,0.0,228.68,0.0,1212.461252,100048.0,0.99,78.9,-598435.2,300821.8,0.9948,0.097,551.6,-0.09709,-74.55781,1.0,0,-1.0,-1.0,-1.0,-1.0,-1.0,0.0,0.0,0.0,0.0
1791655303.27,3219947.0,726.3,85.5,13.0,0.0,175.0,0.0,89.97,0.36,0.0,228.68,0.0,1212.461252,100048.0,0.99,78.9,-598435.2,300821.8,0.9948,0.097,551.6,-0.09709,-74.55781,1.0,0,-1.0,-1.0,-1.0,-1.0,-1.0,0.0,0.0,0.0,0.0
1791655303.77,3219947.0,726.8,85.5,13.0,0.0,175.0,0.0,89.97,0.36,0.0,228.68,0.0,1212.461252,100048.0,0.99,78.9,-598435.2,300821.8,0.9948,0.097,551.6,-0.09709,-74.55781,1.0,0,-1.0,-1.0,-1.0,-1.0,-1.0,0.0,0.0,0.0,0.0
1791655304.27,3219947.0,727.3,85.5,13.0,0.0,175.0,0.0,89.95,0.36,0.0,228.68,0.0,1212.461252,100048.0,0.99,78.9,-598435.2,300821.8,0.9948,0.097,551.6,-0.09709,-74.55781,1.0,0,-1.0,-1.0,-1.0,-1.0,-1.0,0.0,0.0,0.0,0.0
1791655304.77,3219947.0,727.8,85.5,13.0,0.0,175.0,0.0,89.95,0.36,0.0,228.68,0.0,1212.461252,100048.0,0.99,78.9,-598435.2,300821.8,0.9948,0.097,551.6,-0.09709,-74.55781,1.0,0,-1.0,-1.0,-1.0,-1.0,-1.0,0.0,0.0,0.0,0.0
1791655305.27,3219947.1,728.3,85.5,13.0,0.0,175.0,0.0,89.95,0.36,0.0,228.68,0.0,1212.461252,100048.0,0.99,78.9,-598435.2,300821.8,0.9948,0.097,551.6,-0.09709,-74.55781,1.0,0,-1.0,-1.0,-1.0,-1.0,-1.0,0.0,0.0,0.0,0.0
1791655305.78,3219947.1,728.8,85.5,13.0,0.0,175.0,0.0,89.95,0.36,0.0,228.68,0.0,1212.461252,100048.0,0.99,78.9,-598435.2,300821.8,0.9948,0.097,551.6,-0.09709,-74.55781,1.0,0,-1.0,-1.0,-1.0,-1.0,-1.0,0.0,0.0,0.0,0.0
1791655306.28,3219947.1,729.3,85.5,13.0,0.0,175.0,0.0,89.95,0.36,0.0,228.68,0.0,1212.461252,100048.0,0.99,78.9,-598435.2,300821.8,0.9948,0.097,551.6,-0.09709,-74.55781,1.0,0,-1.0,-1.0,-1.0,-1.0,-1.0,0.0,0.0,0.0,0.0
1791655306.78,3219947.1,729.8,85.5,13.0,0.0,175.0,0.0,89.95,0.36,0.0,228.68,0.0,1212.461252,100048.0,0.99,78.9,-598435.2,300821.8,0.9948,0.097,551.6,-0.09709,-74.55781,1.0,0,-1.0,-1.0,-1.0,-1.0,-1.0,0.0,0.0,0.0,0.0
1791655307.28,3219947.1,730.3,85.5,13.0,0.0,175.0,0.0,89.97,0.36,0.0,228.68,0.0,1212.461252,100048.0,0.99,78.9,-598435.2,300821.8,0.9948,0.097,551.6,-0.09709,-74.55781,1.0,0,-1.0,-1.0,-1.0,-1.0,-1.0,0.0,0.0,0.0,0.0
1791655307.78,3219947.1,730.8,85.5,13.0,0.0,175.0,0.0,89.97,0.36,0.0,228.68,0.0,1212.461252,100048.0,0.99,78.9,-598435.2,300821.8,0.9948,0.097,551.6,-0.09709,-74.55781,1.0,0,-1.0,-1.0,-1.0,-1.0,-1.0,0.0,0.0,0.0,0.0
1791655308.29,3219947.2,731.3,85.5,13.0,0.0,175.0,0.0,89.96,0.36,0.0,228.68,0.0,1212.461252,100048.0,0.99,78.9,-598435.2,300821.8,0.9948,0.097,551.6,-0.09709,-74.55781,1.0,0,-1.0,-1.0,-1.0,-1.0,-1.0,0.0,0.0,0.0,0.0
1791655308.79,3219947.2,731.8,85.5,13.0,0.0,175.0,0.0,89.96,0.36,0.0,228.68,0.0,1212.461252,100048.0,0.99,78.9,-598435.2,300821.8,0.9948,0.097,551.6,-0.09709,-74.55781,1.0,0,-1.0,-1.0,-1.0,-1.0,-1.0,0.0,0.0,0.0,0.0
1791655309.29,3219947.2,732.3,85.5,13.0,0.0,175.0,0.0,89.95,0.36,0.0,228.68,0.0,1212.461252,100048.0,0.99,78.9,-598435.2,300821.8,0.9948,0.097,551.6,-0.09709,-74.55781,1.0,0,-1.0,-1.0,-1.0,-1.0,-1.0,0.0,0.0,0.0,0.0
1791655309.79,3219947.2,732.8,85.5,13.0,0.0,175.0,0.0,89.95,0.36,0.0,228.68,0.0,1212.461252,100048.0,0.99,78.9,-598435.2,300821.8,0.9948,0.097,551.6,-0.09709,-74.55781,1.0,0,-1.0,-1.0,-1.0,-1.0,-1.0,0.0,0.0,0.0,0.0
1791655310.29,3219947.3,733.3,85.5,13.0,0.0,175.0,0.0,89.97,0.36,0.0,228.68,0.0,1212.461252,100048.0,0.99,78.9,-598435.2,300821.8,0.9948,0.097,551.6,-0.09709,-74.55781,1.0,0,-1.0,-1.0,-1.0,-1.0,-1.0,0.0,0.0,0.0,0.0
1791655310.8,3219947.3,733.8,85.5,13.0,0.0,175.0,0.0,89.97,0.36,0.0,228.68,0.0,1212.461252,100048.0,0.99,78.9,-598435.2,300821.8,0.9948,0.097,551.6,-0.09709,-74.55781,1.0,0,-1.0,-1.0,-1.0,-1.0,-1.0,0.0,0.0,0.0,0.0
1791655311.3,3219947.3,734.3,85.5,13.0,0.0,175.0,0.0,89.95,0.36,0.0,228.68,0.0,1212.461252,100048.0,0.99,78.9,-598435.2,300821.8,0.9948,0.097,551.6,-0.09709,-74.55781,1.0,0,-1.0,-1.0,-1.0,-1.0,-1.0,0.0,0.0,0.0,0.0
1791655311.8,3219947.3,734.8,85.5,13.0,0.0,175.0,0.0,89.95,0.36,0.0,228.68,0.0,1212.461252,100048.0,0.99,78.9,-598435.2,300821.8,0.9948,0.097,551.6,-0.09709,-74.55781,1.0,0,-1.0,-1.0,-1.0,-1.0,-1.0,0.0,0.0,0.0,0.0
1791655312.3,3219947.3,735.3,85.5,13.0,0.0,175.0,0.0,89.97,0.36,0.0,228.68,0.0,1212.461252,100048.0,0.99,78.9,-598435.2,300821.8,0.9948,0.097,551.6,-0.09709,-74.55781,1.0,0,-1.0,-1.0,-1.0,-1.0,-1.0,0.0,0.0,0.0,0.0
1791655312.8,3219947.3,735.8,85.5,13.0,0.0,175.0,0.0,89.97,0.36,0.0,228.68,0.0,1212.461252,100048.0,0.99,78.9,-598435.2,300821.8,0.9948,0.097,551.6,-0.09709,-74.55781,1.0,0,-1.0,-1.0,-1.0,-1.0,-1.0,0.0,0.0,0.0,0.0
1791655313.31,3219947.4,736.3,85.5,13.0,0.0,175.0,0.0,89.97,0.36,0.0,228.68,0.0,1212.461252,100048.0,0.99,78.9,-598435.2,300821.8,0.9948,0.097,551.6,-0.09709,-74.55781,1.0,0,-1.0,-1.0,-1.0,-1.0,-1.0,0.0,0.0,0.0,0.0
1791655313.81,3219947.4,736.8,85.5,13.0,0.0,175.0,0.0,89.97,0.36,0.0,228.68,0.0,1212.461252,100048.0,0.99,78.9,-598435.2,300821.8,0.9948,0.097,551.6,-0.09709,-74.55781,1.0,0,-1.0,-1.0,-1.0,-1.0,-1.0,0.0,0.0,0.0,0.0
1791655314.31,3219947.4,737.3,85.5,13.0,0.0,175.0,0.0,89.97,0.36,0.0,228.68,0.0,1212.461252,100048.0,0.99,78.9,-598435.2,300821.8,0.9948,0.097,551.6,-0.09709,-74.55781,1.0,0,-1.0,-1.0,-1.0,-1.0,-1.0,0.0,0.0,0.0,0.0
1791655314.82,3219947.4,737.8,85.5,13.0,0.0,175.0,0.0,89.97,0.36,0.0,228.68,0.0,1212.461252,100048.0,0.99,78.9,-598435.2,300821.8,0.9948,0.097,551.6,-0.09709,-74.55781,1.0,0,-1.0,-1.0,-1.0,-1.0,-1.0,0.0,0.0,0.0,0.0
1791655315.32,3219947.5,738.4,85.5,13.0,0.0,175.0,0.0,89.95,0.36,0.0,228.68,0.0,1212.461252,100048.0,0.99,78.9,-598435.2,300821.8,0.9948,0.097,551.6,-0.09709,-74.55781,1.0,0,-1.0,-1.0,-1.0,-1.0,-1.0,0.0,0.0,0.0,0.0
1791655315.82,3219947.5,738.9,85.5,13.0,0.0,175.0,0.0,89.95,0.36,0.0,228.68,0.0,1212.461252,100048.0,0.99,78.9,-598435.2,300821.8,0.9948,0.097,551.6,-0.09709,-74.55781,1.0,0,-1.0,-1.0,-1.0,-1.0,-1.0,0.0,0.0,0.0,0.0
1791655316.32,3219947.5,739.4,85.5,13.0,0.0,175.0,0.0,89.95,0.36,0.0,228.67,0.0,1212.461252,100048.0,0.99,78.9,-598435.2,300821.8,0.9948,0.097,551.6,-0.09709,-74.55781,1.0,0,-1.0,-1.0,-1.0,-1.0,-1.0,0.0,0.0,0.0,0.0
1791655316.82,3219947.5,739.9,85.5,13.0,0.0,175.0,0.0,89.95,0.36,0.0,228.67,0.0,1212.461252,100048.0,0.99,78.9,-598435.2,300821.8,0.9948,0.097,551.6,-0.09709,-74.55781,1.0,0,-1.0,-1.0,-1.0,-1.0,-1.0,0.0,0.0,0.0,0.0
1791655317.33,3219947.5,740.4,85.5,13.0,0.0,175.0,0.0,89.96,0.36,0.0,228.67,0.0,1212.461252,100048.0,0.99,78.9,-598435.2,300821.8,0.9948,0.097,551.6,-0.09709,-74.55781,1.0,0,-1.0,-1.0,-1.0,-1.0,-1.0,0.0,0.0,0.0,0.0
1791655317.83,3219947.5,740.9,85.5,13.0,0.0,175.0,0.0,89.96,0.36,0.0,228.67,0.0,1212.461252,100048.0,0.99,78.9,-598435.2,300821.8,0.9948,0.097,551.6,-0.09709,-74.55781,1.0,0,-1.0,-1.0,-1.0,-1.0,-1.0,0.0,0.0,0.0,0.0
1791655318.33,3219947.6,741.4,85.5,13.0,0.0,175.0,0.0,89.97,0.36,0.0,228.67,0.0,1212.461252,100048.0,0.99,78.9,-598435.2,300821.8,0.9948,0.097,551.6,-0.09709,-74.55781,1.0,0,-1.0,-1.0,-1.0,-1.0,-1.0,0.0,0.0,0.0,0.0
1791655318.83,3219947.6,741.9,85.5,13.0,0.0,175.0,0.0,89.97,0.36,0.0,228.67,0.0,1212.461252,100048.0,0.99,78.9,-598435.2,300821.8,0.9948,0.097,551.6,-0.09709,-74.55781,1.0,0,-1.0,-1.0,-1.0,-1.0,-1.0,0.0,0.0,0.0,0.0
1791655319.33,3219947.6,742.4,85.5,13.0,0.0,175.0,0.0,89.97,0.36,0.0,228.67,0.0,1212.461252,100048.0,0.99,78.9,-598435.2,300821.8,0.9948,0.097,551.6,-0.09709,-74.55781,1.0,0,-1.0,-1.0,-1.0,-1.0,-1.0,0.0,0.0,0.0,0.0
1791655319.84,3219947.6,742.9,85.5,13.0,0.0,175.0,0.0,89.97,0.36,0.0,228.67,0.0,1212.461252,100048.0,0.99,78.9,-598435.2,300821.8,0.9948,0.097,551.6,-0.09709,-74.55781,1.0,0,-1.0,-1.0,-1.0,-1.0,-1.0,0.0,0.0,0.0,0.0
1791655320.34,3219947.6,743.4,85.5,13.0,0.0,175.0,0.0,89.97,0.36,0.0,228.67,0.0,1212.461252,100048.0,0.99,78.9,-598435.2,300821.8,0.9948,0.097,551.6,-0.09709,-74.55781,1.0,0,-1.0,-1.0,-1.0,-1.0,-1.0,0.0,0.0,0.0,0.0
1791655320.86,3219947.7,743.9,85.5,13.0,0.0,175.0,0.0,89.97,0.36,0.0,228.67,0.0,1212.461252,100048.0,0.99,78.9,-598435.2,300821.8,0.9948,0.097,551.6,-0.09709,-74.55781,1.0,0,-1.0,-1.0,-1.0,-1.0,-1.0,0.0,0.0,0.0,0.0
1791655321.36,3219947.7,744.4,85.5,13.0,0.0,175.0,0.0,89.95,0.36,0.0,228.67,0.0,1212.461252,100048.0,0.99,78.9,-598435.2,300821.8,0.9948,0.097,551.6,-0.09709,-74.55781,1.0,0,-1.0,-1.0,-1.0,-1.0,-1.0,0.0,0.0,0.0,0.0
1791655321.87,3219947.7,744.9,85.5,13.0,0.0,175.0,0.0,89.95,0.36,0.0,228.67,0.0,1212.461252,100048.0,0.99,78.9,-598435.2,300821.8,0.9948,0.097,551.6,-0.09709,-74.55781,1.0,0,-1.0,-1.0,-1.0,-1.0,-1.0,0.0,0.0,0.0,0.0
1791655322.37,3219947.7,745.4,85.5,13.0,0.0,175.0,0.0,89.95,0.36,0.0,228.67,0.0,1212.461252,100048.0,0.99,78.9,-598435.2,300821.8,0.9948,0.097,551.6,-0.09709,-74.55781,1.0,0,-1.0,-1.0,-1.0,-1.0,-1.0,0.0,0.0,0.0,0.0
1791655322.88,3219947.7,745.9,85.5,13.0,0.0,175.0,0.0,89.96,0.36,0.0,228.67,0.0,1212.461252,100048.0,0.99,78.9,-598435.2,300821.8,0.9948,0.097,551.6,-0.09709,-74.55781,1.0,0,-1.0,-1.0,-1.0,-1.0,-1.0,0.0,0.0,0.0,0.0
1791655323.38,3219947.7,746.4,85.5,13.0,0.0,175.0,0.0,89.96,0.36,0.0,228.67,0.0,1212.461252,100048.0,0.99,78.9,-598435.2,300821.8,0.9948,0.097,551.6,-0.09709,-74.55781,1.0,0,-1.0,-1.0,-1.0,-1.0,-1.0,0.0,0.0,0.0,0.0
1791655323.88,3219947.8,746.9,85.5,13.0,0.0,175.0,0.0,89.96,0.36,0.0,228.67,0.0,1212.461252,100048.0,0.99,78.9,-598435.2,300821.8,0.9948,0.097,551.6,-0.09709,-74.55781,1.0,0,-1.0,-1.0,-1.0,-1.0,-1.0,0.0,0.0,0.0,0.0
1791655324.39,3219947.8,747.4,85.5,13.0,0.0,175.0,0.0,89.96,0.36,0.0,228.67,0.0,1212.461252,100048.0,0.99,78.9,-598435.2,300821.8,0.9948,0.097,551.6,-0.09709,-74.55781,1.0,0,-1.0,-1.0,-1.0,-1.0,-1.0,0.0,0.0,0.0,0.0
1791655324.89,3219947.8,747.9,85.5,13.0,0.0,175.0,0.0,89.96,0.36,0.0,228.67,0.0,1212.461252,100048.0,0.99,78.9,-598435.2,300821.8,0.9948,0.097,551.6,-0.09709,-74.55781,1.0,0,-1.0,-1.0,-1.0,-1.0,-1.0,0.0,0.0,0.0,0.0
1791655325.39,3219947.8,748.4,85.5,13.0,0.0,175.0,0.0,89.96,0.36,0.0,228.67,0.0,1212.461252,100048.0,0.99,78.9,-598435.2,300821.8,0.9948,0.097,551.6,-0.09709,-74.55781,1.0,0,-1.0,-1.0,-1.0,-1.0,-1.0,0.0,0.0,0.0,0.0
1791655325.89,3219947.9,748.9,85.5,13.0,0.0,175.0,0.0,89.96,0.36,0.0,228.67,0.0,1212.461252,100048.0,0.99,78.9,-598435.2,300821.8,0.9948,0.097,551.6,-0.09709,-74.55781,1.0,0,-1.0,-1.0,-1.0,-1.0,-1.0,0.0,0.0,0.0,0.0
1791655326.39,3219947.9,749.4,85.5,13.0,0.0,175.0,0.0,89.96,0.36,0.0,228.67,0.0,1212.461252,100048.0,0.99,78.9,-598435.2,300821.8,0.9948,0.097,551.6,-0.09709,-74.55781,1.0,0,-1.0,-1.0,-1.0,-1.0,-1.0,0.0,0.0,0.0,0.0
1791655326.9,3219947.9,749.9,85.5,13.0,0.0,175.0,0.0,89.95,0.36,0.0,228.67,0.0,1212.461252,100048.0,0.99,78.9,-598435.2,300821.8,0.9948,0.097,551.6,-0.09709,-74.55781,1.0,0,-1.0,-1.0,-1.0,-1.0,-1.0,0.0,0.0,0.0,0.0
1791655327.41,3219947.9,750.4,85.5,13.0,0.0,175.0,0.0,89.95,0.36,0.0,228.67,0.0,1212.461252,100048.0,0.99,78.9,-598435.2,300821.8,0.9948,0.097,551.6,-0.09709,-74.55781,1.0,0,-1.0,-1.0,-1.0,-1.0,-1.0,0.0,0.0,0.0,0.0
1791655327.91,3219947.9,750.9,85.5,13.0,0.0,175.0,0.0,89.95,0.36,0.0,228.67,0.0,1212.461252,100048.0,0.99,78.9,-598435.2,300821.8,0.9948,0.097,551.6,-0.09709,-74.55781,1.0,0,-1.0,-1.0,-1.0,-1.0,-1.0,0.0,0.0,0.0,0.0
1791655328.41,3219947.9,751.4,85.5,13.0,0.0,175.0,0.0,89.95,0.36,0.0,228.67,0.0,1212.461252,100048.0,0.99,78.9,-598435.2,300821.8,0.9948,0.097,551.6,-0.09709,-74.55781,1.0,0,-1.0,-1.0,-1.0,-1.0,-1.0,0.0,0.0,0.0,0.0
1791655328.91,3219948.0,751.9,85.5,13.0,0.0,175.0,0.0,89.96,0.36,0.0,228.67,0.0,1212.461252,100048.0,0.99,78.9,-598435.2,300821.8,0.9948,0.097,551.6,-0.09709,-74.55781,1.0,0,-1.0,-1.0,-1.0,-1.0,-1.0,0.0,0.0,0.0,0.0
1791655329.41,3219948.0,752.4,85.5,13.0,0.0,175.0,0.0,89.96,0.36,0.0,228.67,0.0,1212.461252,100048.0,0.99,78.9,-598435.2,300821.8,0.9948,0.097,551.6,-0.09709,-74.55781,1.0,0,-1.0,-1.0,-1.0,-1.0,-1.0,0.0,0.0,0.0,0.0
1791655329.91,3219948.0,752.9,85.5,13.0,0.0,175.0,0.0,89.95,0.36,0.0,228.67,0.0,1212.461252,100048.0,0.99,78.9,-598435.2,300821.8,0.9948,0.097,551.6,-0.09709,-74.55781,1.0,0,-1.0,-1.0,-1.0,-1.0,-1.0,0.0,0.0,0.0,0.0
1791655330.42,3219948.0,753.5,85.5,13.0,0.0,175.0,0.0,89.95,0.36,0.0,228.67,0.0,1212.461252,100048.0,0.99,78.9,-598435.2,300821.8,0.9948,0.097,551.6,-0.09709,-74.55781,1.0,0,-1.0,-1.0,-1.0,-1.0,-1.0,0.0,0.0,0.0,0.0
1791655330.92,3219948.1,754.0,85.5,13.0,0.0,175.0,0.0,89.95,0.36,0.0,228.67,0.0,1212.461252,100048.0,0.99,78.9,-598435.2,300821.8,0.9948,0.097,551.6,-0.09709,-74.55781,1.0,0,-1.0,-1.0,-1.0,-1.0,-1.0,0.0,0.0,0.0,0.0
1791655331.42,3219948.1,754.5,85.5,13.0,0.0,175.0,0.0,89.95,0.36,0.0,228.67,0.0,1212.461252,100048.0,0.99,78.9,-598435.2,300821.8,0.9948,0.097,551.6,-0.09709,-74.55781,1.0,0,-1.0,-1.0,-1.0,-1.0,-1.0,0.0,0.0,0.0,0.0
1791655331.92,3219948.1,755.0,85.5,13.0,0.0,175.0,0.0,89.95,0.36,0.0,228.66,0.0,1212.461252,100048.0,0.99,78.9,-598435.2,300821.8,0.9948,0.097,551.6,-0.09709,-74.55781,1.0,0,-1.0,-1.0,-1.0,-1.0,-1.0,0.0,0.0,0.0,0.0
1791655332.42,3219948.1,755.5,85.5,13.0,0.0,175.0,0.0,89.95,0.36,0.0,228.66,0.0,1212.461252,100048.0,0.99,78.9,-598435.2,300821.8,0.9948,0.097,551.6,-0.09709,-74.55781,1.0,0,-1.0,-1.0,-1.0,-1.0,-1.0,0.0,0.0,0.0,0.0
1791655332.92,3219948.1,756.0,85.5,13.0,0.0,175.0,0.0,89.97,0.36,0.0,228.66,0.0,1212.461252,100048.0,0.99,78.9,-598435.2,300821.8,0.9948,0.097,551.6,-0.09709,-74.55781,1.0,0,-1.0,-1.0,-1.0,-1.0,-1.0,0.0,0.0,0.0,0.0
1791655333.43,3219948.1,756.5,85.5,13.0,0.0,175.0,0.0,89.97,0.36,0.0,228.66,0.0,1212.461252,100048.0,0.99,78.9,-598435.2,300821.8,0.9948,0.097,551.6,-0.09709,-74.55781,1.0,0,-1.0,-1.0,-1.0,-1.0,-1.0,0.0,0.0,0.0,0.0
1791655333.93,3219948.2,757.0,85.5,13.0,0.0,175.0,0.0,89.95,0.36,0.0,228.66,0.0,1212.461252,100048.0,0.99,78.9,-598435.2,300821.8,0.9948,0.097,551.6,-0.09709,-74.55781,1.0,0,-1.0,-1.0,-1.0,-1.0,-1.0,0.0,0.0,0.0,0.0
1791655334.43,3219948.2,757.5,85.5,13.0,0.0,175.0,0.0,89.95,0.36,0.0,228.66,0.0,1212.461252,100048.0,0.99,78.9,-598435.2,300821.8,0.9948,0.097,551.6,-0.09709,-74.55781,1.0,0,-1.0,-1.0,-1.0,-1.0,-1.0,0.0,0.0,0.0,0.0
1791655334.93,3219948.2,758.0,85.5,13.0,0.0,175.0,0.0,89.97,0.36,0.0,228.66,0.0,1212.461252,100048.0,0.99,78.9,-598435.2,300821.8,0.9948,0.097,551.6,-0.09709,-74.55781,1.0,0,-1.0,-1.0,-1.0,-1.0,-1.0,0.0,0.0,0.0,0.0
1791655335.43,3219948.2,758.5,85.5,13.0,0.0,175.0,0.0,89.97,0.36,0.0,228.66,0.0,1212.461252,100048.0,0.99,78.9,-598435.2,300821.8,0.9948,0.097,551.6,-0.09709,-74.55781,1.0,0,-1.0,-1.0,-1.0,-1.0,-1.0,0.0,0.0,0.0,0.0
1791655335.93,3219948.3,759.0,85.5,13.0,0.0,175.0,0.0,89.95,0.36,0.0,228.66,0.0,1212.461252,100048.0,0.99,78.9,-598435.2,300821.8,0.9948,0.097,551.6,-0.09709,-74.55781,1.0,0,-1.0,-1.0,-1.0,-1.0,-1.0,0.0,0.0,0.0,0.0
1791655336.43,3219948.3,759.5,85.5,13.0,0.0,175.0,0.0,89.95,0.36,0.0,228.66,0.0,1212.461252,100048.0,0.99,78.9,-598435.2,300821.8,0.9948,0.097,551.6,-0.09709,-74.55781,1.0,0,-1.0,-1.0,-1.0,-1.0,-1.0,0.0,0.0,0.0,0.0
1791655336.94,3219948.3,760.0,85.5,13.0,0.0,175.0,0.0,89.95,0.36,0.0,228.66,0.0,1212.461252,100048.0,0.99,78.9,-598435.2,300821.8,0.9948,0.097,551.6,-0.09709,-74.55781,1.0,0,-1.0,-1.0,-1.0,-1.0,-1.0,0.0,0.0,0.0,0.0
1791655337.44,3219948.3,760.5,85.5,13.0,0.0,175.0,0.0,89.95,0.36,0.0,228.66,0.0,1212.461252,100048.0,0.99,78.9,-598435.2,300821.8,0.9948,0.097,551.6,-0.09709,-74.55781,1.0,0,-1.0,-1.0,-1.0,-1.0,-1.0,0.0,0.0,0.0,0.0
1791655337.94,3219948.3,761.0,85.5,13.0,0.0,175.0,0.0,89.97,0.36,0.0,228.66,0.0,1212.461252,100048.0,0.99,78.9,-598435.2,300821.8,0.9948,0.097,551.6,-0.09709,-74.55781,1.0,0,-1.0,-1.0,-1.0,-1.0,-1.0,0.0,0.0,0.0,0.0
1791655338.44,3219948.3,761.5,85.5,13.0,0.0,175.0,0.0,89.97,0.36,0.0,228.66,0.0,1212.461252,100048.0,0.99,78.9,-598435.2,300821.8,0.9948,0.097,551.6,-0.09709,-74.55781,1.0,0,-1.0,-1.0,-1.0,-1.0,-1.0,0.0,0.0,0.0,0.0
1791655338.94,3219948.4,762.0,85.5,13.0,0.0,175.0,0.0,89.97,0.36,0.0,228.66,0.0,1212.461252,100048.0,0.99,78.9,-598435.2,300821.8,0.9948,0.097,551.6,-0.09709,-74.55781,1.0,0,-1.0,-1.0,-1.0,-1.0,-1.0,0.0,0.0,0.0,0.0
1791655339.44,3219948.4,762.5,85.5,13.0,0.0,175.0,0.0,89.97,0.36,0.0,228.66,0.0,1212.461252,100048.0,0.99,78.9,-598435.2,300821.8,0.9948,0.097,551.6,-0.09709,-74.55781,1.0,0,-1.0,-1.0,-1.0,-1.0,-1.0,0.0,0.0,0.0,0.0
1791655339.95,3219948.4,763.0,85.5,13.0,0.0,175.0,0.0,89.95,0.36,0.0,228.66,0.0,1212.461252,100048.0,0.99,78.9,-598435.2,300821.8,0.9948,0.097,551.6,-0.09709,-74.55781,1.0,0,-1.0,-1.0,-1.0,-1.0,-1.0,0.0,0.0,0.0,0.0
1791655340.45,3219948.4,763.5,85.5,13.0,0.0,175.0,0.0,89.95,0.36,0.0,228.66,0.0,1212.461252,100048.0,0.99,78.9,-598435.2,300821.8,0.9948,0.097,551.6,-0.09709,-74.55781,1.0,0,-1.0,-1.0,-1.0,-1.0,-1.0,0.0,0.0,0.0,0.0
1791655340.95,3219948.5,764.0,85.5,13.0,0.0,175.0,0.0,89.97,0.36,0.0,228.66,0.0,1212.461252,100048.0,0.99,78.9,-598435.2,300821.8,0.9948,0.097,551.6,-0.09709,-74.55781,1.0,0,-1.0,-1.0,-1.0,-1.0,-1.0,0.0,0.0,0.0,0.0
1791655341.45,3219948.5,764.5,85.5,13.0,0.0,175.0,0.0,89.97,0.36,0.0,228.66,0.0,1212.461252,100048.0,0.99,78.9,-598435.2,300821.8,0.9948,0.097,551.6,-0.09709,-74.55781,1.0,0,-1.0,-1.0,-1.0,-1.0,-1.0,0.0,0.0,0.0,0.0
1791655341.95,3219948.5,765.0,85.5,13.0,0.0,175.0,0.0,89.97,0.36,0.0,228.66,0.0,1212.461252,100048.0,0.99,78.9,-598435.2,300821.8,0.9948,0.097,551.6,-0.09709,-74.55781,1.0,0,-1.0,-1.0,-1.0,-1.0,-1.0,0.0,0.0,0.0,0.0
1791655342.45,3219948.5,765.5,85.5,13.0,0.0,175.0,0.0,89.97,0.36,0.0,228.66,0.0,1212.461252,100048.0,0.99,78.9,-598435.2,300821.8,0.9948,0.097,551.6,-0.09709,-74.55781,1.0,0,-1.0,-1.0,-1.0,-1.0,-1.0,0.0,0.0,0.0,0.0
1791655342.95,3219948.5,766.0,85.5,13.0,0.0,175.0,0.0,89.97,0.36,0.0,228.66,0.0,1212.461252,100048.0,0.99,78.9,-598435.2,300821.8,0.9948,0.097,551.6,-0.09709,-74.55781,1.0,0,-1.0,-1.0,-1.0,-1.0,-1.0,0.0,0.0,0.0,0.0
1791655343.46,3219948.5,766.5,85.5,13.0,0.0,175.0,0.0,89.97,0.36,0.0,228.66,0.0,1212.461252,100048.0,0.99,78.9,-598435.2,300821.8,0.9948,0.097,551.6,-0.09709,-74.55781,1.0,0,-1.0,-1.0,-1.0,-1.0,-1.0,0.0,0.0,0.0,0.0
1791655343.96,3219948.6,767.0,85.5,13.0,0.0,175.0,0.0,89.97,0.36,0.0,228.66,0.0,1212.461252,100048.0,0.99,78.9,-598435.2,300821.8,0.9948,0.097,551.6,-0.09709,-74.55781,1.0,0,-1.0,-1.0,-1.0,-1.0,-1.0,0.0,0.0,0.0,0.0
1791655344.46,3219948.6,767.5,85.5,13.0,0.0,175.0,0.0,89.97,0.36,0.0,228.66,0.0,1212.461252,100048.0,0.99,78.9,-598435.2,300821.8,0.9948,0.097,551.6,-0.09709,-74.55781,1.0,0,-1.0,-1.0,-1.0,-1.0,-1.0,0.0,0.0,0.0,0.0
1791655344.96,3219948.6,768.0,85.5,13.0,0.0,175.0,0.0,89.95,0.36,0.0,228.66,0.0,1212.461252,100048.0,0.99,78.9,-598435.2,300821.8,0.9948,0.097,551.6,-0.09709,-74.55781,1.0,0,-1.0,-1.0,-1.0,-1.0,-1.0,0.0,0.0,0.0,0.0
1791655345.46,3219948.6,768.5,85.5,13.0,0.0,175.0,0.0,89.95,0.36,0.0,228.66,0.0,1212.461252,100048.0,0.99,78.9,-598435.2,300821.8,0.9948,0.097,551.6,-0.09709,-74.55781,1.0,0,-1.0,-1.0,-1.0,-1.0,-1.0,0.0,0.0,0.0,0.0
1791655345.96,3219948.7,769.0,85.5,13.0,0.0,175.0,0.0,89.97,0.36,0.0,228.66,0.0,1212.461252,100048.0,0.99,78.9,-598435.2,300821.8,0.9948,0.097,551.6,-0.09709,-74.55781,1.0,0,-1.0,-1.0,-1.0,-1.0,-1.0,0.0,0.0,0.0,0.0
1791655346.47,3219948.7,769.5,85.5,13.0,0.0,175.0,0.0,89.97,0.36,0.0,228.66,0.0,1212.461252,100048.0,0.99,78.9,-598435.2,300821.8,0.9948,0.097,551.6,-0.09709,-74.55781,1.0,0,-1.0,-1.0,-1.0,-1.0,-1.0,0.0,0.0,0.0,0.0
1791655346.97,3219948.7,770.0,85.5,13.0,0.0,175.0,0.0,89.97,0.36,0.0,228.66,0.0,1212.461252,100048.0,0.99,78.9,-598435.2,300821.8,0.9948,0.097,551.6,-0.09709,-74.55781,1.0,0,-1.0,-1.0,-1.0,-1.0,-1.0,0.0,0.0,0.0,0.0
1791655347.47,3219948.7,770.5,85.5,13.0,0.0,175.0,0.0,89.97,0.36,0.0,228.65,0.0,1212.461252,100048.0,0.99,78.9,-598435.2,300821.8,0.9948,0.097,551.6,-0.09709,-74.55781,1.0,0,-1.0,-1.0,-1.0,-1.0,-1.0,0.0,0.0,0.0,0.0
1791655347.97,3219948.7,771.0,85.5,13.0,0.0,175.0,0.0,89.97,0.36,0.0,228.65,0.0,1212.461252,100048.0,0.99,78.9,-598435.2,300821.8,0.9948,0.097,551.6,-0.09709,-74.55781,1.0,0,-1.0,-1.0,-1.0,-1.0,-1.0,0.0,0.0,0.0,0.0
1791655348.48,3219948.7,771.5,85.5,13.0,0.0,175.0,0.0,89.95,0.36,0.0,228.65,0.0,1212.461252,100048.0,0.99,78.9,-598435.2,300821.8,0.9948,0.097,551.6,-0.09709,-74.55781,1.0,0,-1.0,-1.0,-1.0,-1.0,-1.0,0.0,0.0,0.0,0.0
1791655348.98,3219948.7,772.0,85.5,13.0,0.0,175.0,0.0,89.95,0.36,0.0,228.65,0.0,1212.461252,100048.0,0.99,78.9,-598435.2,300821.8,0.9948,0.097,551.6,-0.09709,-74.55781,1.0,0,-1.0,-1.0,-1.0,-1.0,-1.0,0.0,0.0,0.0,0.0
1791655349.48,3219948.8,772.5,85.5,13.0,0.0,175.0,0.0,89.96,0.36,0.0,228.65,0.0,1212.461252,100048.0,0.99,78.9,-598435.2,300821.8,0.9948,0.097,551.6,-0.09709,-74.55781,1.0,0,-1.0,-1.0,-1.0,-1.0,-1.0,0.0,0.0,0.0,0.0
1791655349.98,3219948.8,773.0,85.5,13.0,0.0,175.0,0.0,89.96,0.36,0.0,228.65,0.0,1212.461252,100048.0,0.99,78.9,-598435.2,300821.8,0.9948,0.097,551.6,-0.09709,-74.55781,1.0,0,-1.0,-1.0,-1.0,-1.0,-1.0,0.0,0.0,0.0,0.0
1791655350.48,3219948.8,773.5,85.5,13.0,0.0,175.0,0.0,89.96,0.36,0.0,228.65,0.0,1212.461252,100048.0,0.99,78.9,-598435.2,300821.8,0.9948,0.097,551.6,-0.09709,-74.55781,1.0,0,-1.0,-1.0,-1.0,-1.0,-1.0,0.0,0.0,0.0,0.0
1791655350.99,3219948.8,774.0,85.5,13.0,0.0,175.0,0.0,89.96,0.36,0.0,228.65,0.0,1212.461252,100048.0,0.99,78.9,-598435.2,300821.8,0.9948,0.097,551.6,-0.09709,-74.55781,1.0,0,-1.0,-1.0,-1.0,-1.0,-1.0,0.0,0.0,0.0,0.0
1791655351.49,3219948.9,774.5,85.5,13.0,0.0,175.0,0.0,89.95,0.36,0.0,228.65,0.0,1212.461252,100048.0,0.99,78.9,-598435.2,300821.8,0.9948,0.097,551.6,-0.09709,-74.55781,1.0,0,-1.0,-1.0,-1.0,-1.0,-1.0,0.0,0.0,0.0,0.0
1791655351.99,3219948.9,775.0,85.5,13.0,0.0,175.0,0.0,89.95,0.36,0.0,228.65,0.0,1212.461252,100048.0,0.99,78.9,-598435.2,300821.8,0.9948,0.097,551.6,-0.09709,-74.55781,1.0,0,-1.0,-1.0,-1.0,-1.0,-1.0,0.0,0.0,0.0,0.0
1791655352.49,3219948.9,775.5,85.5,13.0,0.0,175.0,0.0,89.95,0.36,0.0,228.65,0.0,1212.461252,100048.0,0.99,78.9,-598435.2,300821.8,0.9948,0.097,551.6,-0.09709,-74.55781,1.0,0,-1.0,-1.0,-1.0,-1.0,-1.0,0.0,0.0,0.0,0.0
1791655352.99,3219948.9,776.0,85.5,13.0,0.0,175.0,0.0,89.95,0.36,0.0,228.65,0.0,1212.461252,100048.0,0.99,78.9,-598435.2,300821.8,0.9948,0.097,551.6,-0.09709,-74.55781,1.0,0,-1.0,-1.0,-1.0,-1.0,-1.0,0.0,0.0,0.0,0.0
1791655353.49,3219948.9,776.5,85.5,13.0,0.0,175.0,0.0,89.95,0.36,0.0,228.65,0.0,1212.461252,100048.0,0.99,78.9,-598435.2,300821.8,0.9948,0.097,551.6,-0.09709,-74.55781,1.0,0,-1.0,-1.0,-1.0,-1.0,-1.0,0.0,0.0,0.0,0.0
1791655353.99,3219948.9,777.0,85.5,13.0,0.0,175.0,0.0,89.95,0.36,0.0,228.65,0.0,1212.461252,100048.0,0.99,78.9,-598435.2,300821.8,0.9948,0.097,551.6,-0.09709,-74.55781,1.0,0,-1.0,-1.0,-1.0,-1.0,-1.0,0.0,0.0,0.0,0.0
1791655354.5,3219949.0,777.5,85.5,13.0,0.0,175.0,0.0,89.95,0.36,0.0,228.65,0.0,1212.461252,100048.0,0.99,78.9,-598435.2,300821.8,0.9948,0.097,551.6,-0.09709,-74.55781,1.0,0,-1.0,-1.0,-1.0,-1.0,-1.0,0.0,0.0,0.0,0.0
1791655355.0,3219949.0,778.0,85.5,13.0,0.0,175.0,0.0,89.95,0.36,0.0,228.65,0.0,1212.461252,100048.0,0.99,78.9,-598435.2,300821.8,0.9948,0.097,551.6,-0.09709,-74.55781,1.0,0,-1.0,-1.0,-1.0,-1.0,-1.0,0.0,0.0,0.0,0.0
1791655355.5,3219949.0,778.5,85.5,13.0,0.0,175.0,0.0,89.95,0.36,0.0,228.65,0.0,1212.461252,100048.0,0.99,78.9,-598435.2,300821.8,0.9948,0.097,551.6,-0.09709,-74.55781,1.0,0,-1.0,-1.0,-1.0,-1.0,-1.0,0.0,0.0,0.0,0.0
1791655356.0,3219949.0,779.0,85.5,13.0,0.0,175.0,0.0,89.95,0.36,0.0,228.65,0.0,1212.461252,100048.0,0.99,78.9,-598435.2,300821.8,0.9948,0.097,551.6,-0.09709,-74.55781,1.0,0,-1.0,-1.0,-1.0,-1.0,-1.0,0.0,0.0,0.0,0.0
1791655356.5,3219949.1,779.5,85.5,13.0,0.0,175.0,0.0,89.96,0.36,0.0,228.65,0.0,1212.461252,100048.0,0.99,78.9,-598435.2,300821.8,0.9948,0.097,551.6,-0.09709,-74.55781,1.0,0,-1.0,-1.0,-1.0,-1.0,-1.0,0.0,0.0,0.0,0.0
1791655357.0,3219949.1,780.0,85.5,13.0,0.0,175.0,0.0,89.96,0.36,0.0,228.65,0.0,1212.461252,100048.0,0.99,78.9,-598435.2,300821.8,0.9948,0.097,551.6,-0.09709,-74.55781,1.0,0,-1.0,-1.0,-1.0,-1.0,-1.0,0.0,0.0,0.0,0.0
1791655357.51,3219949.1,780.5,85.5,13.0,0.0,175.0,0.0,89.96,0.36,0.0,228.65,0.0,1212.461252,100048.0,0.99,78.9,-598435.2,300821.8,0.9948,0.097,551.6,-0.09709,-74.55781,1.0,0,-1.0,-1.0,-1.0,-1.0,-1.0,0.0,0.0,0.0,0.0
1791655358.01,3219949.1,781.0,85.5,13.0,0.0,175.0,0.0,89.96,0.36,0.0,228.65,0.0,1212.461252,100048.0,0.99,78.9,-598435.2,300821.8,0.9948,0.097,551.6,-0.09709,-74.55781,1.0,0,-1.0,-1.0,-1.0,-1.0,-1.0,0.0,0.0,0.0,0.0
1791655358.51,3219949.1,781.5,85.5,13.0,0.0,175.0,0.0,89.96,0.36,0.0,228.65,0.0,1212.461252,100048.0,0.99,78.9,-598435.2,300821.8,0.9948,0.097,551.6,-0.09709,-74.55781,1.0,0,-1.0,-1.0,-1.0,-1.0,-1.0,0.0,0.0,0.0,0.0
1791655359.01,3219949.1,782.0,85.5,13.0,0.0,175.0,0.0,89.96,0.36,0.0,228.65,0.0,1212.461252,100048.0,0.99,78.9,-598435.2,300821.8,0.9948,0.097,551.6,-0.09709,-74.55781,1.0,0,-1.0,-1.0,-1.0,-1.0,-1.0,0.0,0.0,0.0,0.0
1791655359.51,3219949.2,782.5,85.5,13.0,0.0,175.0,0.0,89.96,0.36,0.0,228.65,0.0,1212.461252,100048.0,0.99,78.9,-598435.2,300821.8,0.9948,0.097,551.6,-0.09709,-74.55781,1.0,0,-1.0,-1.0,-1.0,-1.0,-1.0,0.0,0.0,0.0,0.0
1791655360.01,3219949.2,783.0,85.5,13.0,0.0,175.0,0.0,89.96,0.36,0.0,228.65,0.0,1212.461252,100048.0,0.99,78.9,-598435.2,300821.8,0.9948,0.097,551.6,-0.09709,-74.55781,1.0,0,-1.0,-1.0,-1.0,-1.0,-1.0,0.0,0.0,0.0,0.0
1791655360.51,3219949.2,783.5,85.5,13.0,0.0,175.0,0.0,89.96,0.36,0.0,228.65,0.0,1212.461252,100048.0,0.99,78.9,-598435.2,300821.8,0.9948,0.097,551.6,-0.09709,-74.55781,1.0,0,-1.0,-1.0,-1.0,-1.0,-1.0,0.0,0.0,0.0,0.0
1791655361.02,3219949.2,784.1,85.5,13.0,0.0,175.0,0.0,89.96,0.36,0.0,228.65,0.0,1212.461252,100048.0,0.99,78.9,-598435.2,300821.8,0.9948,0.097,551.6,-0.09709,-74.55781,1.0,0,-1.0,-1.0,-1.0,-1.0,-1.0,0.0,0.0,0.0,0.0
1791655361.52,3219949.3,784.6,85.5,13.0,0.0,175.0,0.0,89.95,0.36,0.0,228.65,0.0,1212.461252,100048.0,0.99,78.9,-598435.2,300821.8,0.9948,0.097,551.6,-0.09709,-74.55781,1.0,0,-1.0,-1.0,-1.0,-1.0,-1.0,0.0,0.0,0.0,0.0
1791655362.02,3219949.3,785.1,85.5,13.0,0.0,175.0,0.0,89.95,0.36,0.0,228.65,0.0,1212.461252,100048.0,0.99,78.9,-598435.2,300821.8,0.9948,0.097,551.6,-0.09709,-74.55781,1.0,0,-1.0,-1.0,-1.0,-1.0,-1.0,0.0,0.0,0.0,0.0
1791655362.52,3219949.3,785.6,85.5,13.0,0.0,175.0,0.0,89.95,0.36,0.0,228.64,0.0,1212.461252,100048.0,0.99,78.9,-598435.2,300821.8,0.9948,0.097,551.6,-0.09709,-74.55781,1.0,0,-1.0,-1.0,-1.0,-1.0,-1.0,0.0,0.0,0.0,0.0
1791655363.02,3219949.3,786.1,85.5,13.0,0.0,175.0,0.0,89.95,0.36,0.0,228.64,0.0,1212.461252,100048.0,0.99,78.9,-598435.2,300821.8,0.9948,0.097,551.6,-0.09709,-74.55781,1.0,0,-1.0,-1.0,-1.0,-1.0,-1.0,0.0,0.0,0.0,0.0
1791655363.52,3219949.3,786.6,85.5,13.0,0.0,175.0,0.0,89.95,0.36,0.0,228.64,0.0,1212.461252,100048.0,0.99,78.9,-598435.2,300821.8,0.9948,0.097,551.6,-0.09709,-74.55781,1.0,0,-1.0,-1.0,-1.0,-1.0,-1.0,0.0,0.0,0.0,0.0
1791655364.03,3219949.3,787.1,85.5,13.0,0.0,175.0,0.0,89.95,0.36,0.0,228.64,0.0,1212.461252,100048.0,0.99,78.9,-598435.2,300821.8,0.9948,0.097,551.6,-0.09709,-74.55781,1.0,0,-1.0,-1.0,-1.0,-1.0,-1.0,0.0,0.0,0.0,0.0
1791655364.53,3219949.4,787.6,85.5,13.0,0.0,175.0,0.0,89.97,0.36,0.0,228.64,0.0,1212.461252,100048.0,0.99,78.9,-598435.2,300821.8,0.9948,0.097,551.6,-0.09709,-74.55781,1.0,0,-1.0,-1.0,-1.0,-1.0,-1.0,0.0,0.0,0.0,0.0
1791655365.03,3219949.4,788.1,85.5,13.0,0.0,175.0,0.0,89.97,0.36,0.0,228.64,0.0,1212.461252,100048.0,0.99,78.9,-598435.2,300821.8,0.9948,0.097,551.6,-0.09709,-74.55781,1.0,0,-1.0,-1.0,-1.0,-1.0,-1.0,0.0,0.0,0.0,0.0
1791655365.54,3219949.4,788.6,85.5,13.0,0.0,175.0,0.0,89.96,0.36,0.0,228.64,0.0,1212.461252,100048.0,0.99,78.9,-598435.2,300821.8,0.9948,0.097,551.6,-0.09709,-74.55781,1.0,0,-1.0,-1.0,-1.0,-1.0,-1.0,0.0,0.0,0.0,0.0
1791655366.04,3219949.4,789.1,85.5,13.0,0.0,175.0,0.0,89.96,0.36,0.0,228.64,0.0,1212.461252,100048.0,0.99,78.9,-598435.2,300821.8,0.9948,0.097,551.6,-0.09709,-74.55781,1.0,0,-1.0,-1.0,-1.0,-1.0,-1.0,0.0,0.0,0.0,0.0
1791655366.54,3219949.5,789.6,85.5,13.0,0.0,175.0,0.0,89.95,0.36,0.0,228.64,0.0,1212.461252,100048.0,0.99,78.9,-598435.2,300821.8,0.9948,0.097,551.6,-0.09709,-74.55781,1.0,0,-1.0,-1.0,-1.0,-1.0,-1.0,0.0,0.0,0.0,0.0
1791655367.04,3219949.5,790.1,85.5,13.0,0.0,175.0,0.0,89.95,0.36,0.0,228.64,0.0,1212.461252,100048.0,0.99,78.9,-598435.2,300821.8,0.9948,0.097,551.6,-0.09709,-74.55781,1.0,0,-1.0,-1.0,-1.0,-1.0,-1.0,0.0,0.0,0.0,0.0
1791655367.54,3219949.5,790.6,85.5,13.0,0.0,175.0,0.0,89.96,0.36,0.0,228.64,0.0,1212.461252,100048.0,0.99,78.9,-598435.2,300821.8,0.9948,0.097,551.6,-0.09709,-74.55781,1.0,0,-1.0,-1.0,-1.0,-1.0,-1.0,0.0,0.0,0.0,0.0
1791655368.04,3219949.5,791.1,85.5,13.0,0.0,175.0,0.0,89.96,0.36,0.0,228.64,0.0,1212.461252,100048.0,0.99,78.9,-598435.2,300821.8,0.9948,0.097,551.6,-0.09709,-74.55781,1.0,0,-1.0,-1.0,-1.0,-1.0,-1.0,0.0,0.0,0.0,0.0
1791655368.55,3219949.5,791.6,85.5,13.0,0.0,175.0,0.0,89.97,0.36,0.0,228.64,0.0,1212.461252,100048.0,0.99,78.9,-598435.2,300821.8,0.9948,0.097,551.6,-0.09709,-74.55781,1.0,0,-1.0,-1.0,-1.0,-1.0,-1.0,0.0,0.0,0.0,0.0
1791655369.05,3219949.5,792.1,85.5,13.0,0.0,175.0,0.0,89.97,0.36,0.0,228.64,0.0,1212.461252,100048.0,0.99,78.9,-598435.2,300821.8,0.9948,0.097,551.6,-0.09709,-74.55781,1.0,0,-1.0,-1.0,-1.0,-1.0,-1.0,0.0,0.0,0.0,0.0
1791655369.55,3219949.6,792.6,85.5,13.0,0.0,175.0,0.0,89.97,0.36,0.0,228.64,0.0,1212.461252,100048.0,0.99,78.9,-598435.2,300821.8,0.9948,0.097,551.6,-0.09709,-74.55781,1.0,0,-1.0,-1.0,-1.0,-1.0,-1.0,0.0,0.0,0.0,0.0
1791655370.05,3219949.6,793.1,85.5,13.0,0.0,175.0,0.0,89.97,0.36,0.0,228.64,0.0,1212.461252,100048.0,0.99,78.9,-598435.2,300821.8,0.9948,0.097,551.6,-0.09709,-74.55781,1.0,0,-1.0,-1.0,-1.0,-1.0,-1.0,0.0,0.0,0.0,0.0
1791655370.55,3219949.6,793.6,85.5,13.0,0.0,175.0,0.0,89.97,0.36,0.0,228.64,0.0,1212.461252,100048.0,0.99,78.9,-598435.2,300821.8,0.9948,0.097,551.6,-0.09709,-74.55781,1.0,0,-1.0,-1.0,-1.0,-1.0,-1.0,0.0,0.0,0.0,0.0
1791655371.05,3219949.6,794.1,85.5,13.0,0.0,175.0,0.0,89.97,0.36,0.0,228.64,0.0,1212.461252,100048.0,0.99,78.9,-598435.2,300821.8,0.9948,0.097,551.6,-0.09709,-74.55781,1.0,0,-1.0,-1.0,-1.0,-1.0,-1.0,0.0,0.0,0.0,0.0
1791655371.55,3219949.7,794.6,85.5,13.0,0.0,175.0,0.0,89.97,0.36,0.0,228.64,0.0,1212.461252,100048.0,0.99,78.9,-598435.2,300821.8,0.9948,0.097,551.6,-0.09709,-74.55781,1.0,0,-1.0,-1.0,-1.0,-1.0,-1.0,0.0,0.0,0.0,0.0
1791655372.06,3219949.7,795.1,85.5,13.0,0.0,175.0,0.0,89.97,0.36,0.0,228.64,0.0,1212.461252,100048.0,0.99,78.9,-598435.2,300821.8,0.9948,0.097,551.6,-0.09709,-74.55781,1.0,0,-1.0,-1.0,-1.0,-1.0,-1.0,0.0,0.0,0.0,0.0
1791655372.56,3219949.7,795.6,85.5,13.0,0.0,175.0,0.0,89.97,0.36,0.0,228.64,0.0,1212.461252,100048.0,0.99,78.9,-598435.2,300821.8,0.9948,0.097,551.6,-0.09709,-74.55781,1.0,0,-1.0,-1.0,-1.0,-1.0,-1.0,0.0,0.0,0.0,0.0
1791655373.06,3219949.7,796.1,85.5,13.0,0.0,175.0,0.0,89.97,0.36,0.0,228.64,0.0,1212.461252,100048.0,0.99,78.9,-598435.2,300821.8,0.9948,0.097,551.6,-0.09709,-74.55781,1.0,0,-1.0,-1.0,-1.0,-1.0,-1.0,0.0,0.0,0.0,0.0
1791655373.56,3219949.7,796.6,85.5,13.0,0.0,175.0,0.0,89.97,0.36,0.0,228.64,0.0,1212.461252,100048.0,0.99,78.9,-598435.2,300821.8,0.9948,0.097,551.6,-0.09709,-74.55781,1.0,0,-1.0,-1.0,-1.0,-1.0,-1.0,0.0,0.0,0.0,0.0
1791655374.06,3219949.7,797.1,85.5,13.0,0.0,175.0,0.0,89.97,0.36,0.0,228.64,0.0,1212.461252,100048.0,0.99,78.9,-598435.2,300821.8,0.9948,0.097,551.6,-0.09709,-74.55781,1.0,0,-1.0,-1.0,-1.0,-1.0,-1.0,0.0,0.0,0.0,0.0
1791655374.56,3219949.8,797.6,85.5,13.0,0.0,175.0,0.0,89.97,0.36,0.0,228.64,0.0,1212.461252,100048.0,0.99,78.9,-598435.2,300821.8,0.9948,0.097,551.6,-0.09709,-74.55781,1.0,0,-1.0,-1.0,-1.0,-1.0,-1.0,0.0,0.0,0.0,0.0
1791655375.07,3219949.8,798.1,85.5,13.0,0.0,175.0,0.0,89.97,0.36,0.0,228.64,0.0,1212.461252,100048.0,0.99,78.9,-598435.2,300821.8,0.9948,0.097,551.6,-0.09709,-74.55781,1.0,0,-1.0,-1.0,-1.0,-1.0,-1.0,0.0,0.0,0.0,0.0
1791655375.57,3219949.8,798.6,85.5,13.0,0.0,175.0,0.0,89.97,0.36,0.0,228.64,0.0,1212.461252,100048.0,0.99,78.9,-598435.2,300821.8,0.9948,0.097,551.6,-0.09709,-74.55781,1.0,0,-1.0,-1.0,-1.0,-1.0,-1.0,0.0,0.0,0.0,0.0
1791655376.07,3219949.8,799.1,85.5,13.0,0.0,175.0,0.0,89.97,0.36,0.0,228.64,0.0,1212.461252,100048.0,0.99,78.9,-598435.2,300821.8,0.9948,0.097,551.6,-0.09709,-74.55781,1.0,0,-1.0,-1.0,-1.0,-1.0,-1.0,0.0,0.0,0.0,0.0
1791655376.57,3219949.9,799.6,85.5,13.0,0.0,175.0,0.0,89.97,0.36,0.0,228.64,0.0,1212.461252,100048.0,0.99,78.9,-598435.2,300821.8,0.9948,0.097,551.6,-0.09709,-74.55781,1.0,0,-1.0,-1.0,-1.0,-1.0,-1.0,0.0,0.0,0.0,0.0
1791655377.07,3219949.9,800.1,85.5,13.0,0.0,175.0,0.0,89.97,0.36,0.0,228.64,0.0,1212.461252,100048.0,0.99,78.9,-598435.2,300821.8,0.9948,0.097,551.6,-0.09709,-74.55781,1.0,0,-1.0,-1.0,-1.0,-1.0,-1.0,0.0,0.0,0.0,0.0
1791655377.57,3219949.9,800.6,85.5,13.0,0.0,175.0,0.0,89.97,0.36,0.0,228.63,0.0,1212.461252,100048.0,0.99,78.9,-598435.2,300821.8,0.9948,0.097,551.6,-0.09709,-74.55781,1.0,0,-1.0,-1.0,-1.0,-1.0,-1.0,0.0,0.0,0.0,0.0
1791655378.07,3219949.9,801.1,85.5,13.0,0.0,175.0,0.0,89.97,0.36,0.0,228.63,0.0,1212.461252,100048.0,0.99,78.9,-598435.2,300821.8,0.9948,0.097,551.6,-0.09709,-74.55781,1.0,0,-1.0,-1.0,-1.0,-1.0,-1.0,0.0,0.0,0.0,0.0
1791655378.58,3219949.9,801.6,85.5,13.0,0.0,175.0,0.0,89.97,0.36,0.0,228.63,0.0,1212.461252,100048.0,0.99,78.9,-598435.2,300821.8,0.9948,0.097,551.6,-0.09709,-74.55781,1.0,0,-1.0,-1.0,-1.0,-1.0,-1.0,0.0,0.0,0.0,0.0
1791655379.08,3219949.9,802.1,85.5,13.0,0.0,175.0,0.0,89.97,0.36,0.0,228.63,0.0,1212.461252,100048.0,0.99,78.9,-598435.2,300821.8,0.9948,0.097,551.6,-0.09709,-74.55781,1.0,0,-1.0,-1.0,-1.0,-1.0,-1.0,0.0,0.0,0.0,0.0
1791655379.58,3219950.0,802.6,85.5,13.0,0.0,175.0,0.0,89.97,0.36,0.0,228.63,0.0,1212.461252,100048.0,0.99,78.9,-598435.2,300821.8,0.9948,0.097,551.6,-0.09709,-74.55781,1.0,0,-1.0,-1.0,-1.0,-1.0,-1.0,0.0,0.0,0.0,0.0
1791655380.08,3219950.0,803.1,85.5,13.0,0.0,175.0,0.0,89.97,0.36,0.0,228.63,0.0,1212.461252,100048.0,0.99,78.9,-598435.2,300821.8,0.9948,0.097,551.6,-0.09709,-74.55781,1.0,0,-1.0,-1.0,-1.0,-1.0,-1.0,0.0,0.0,0.0,0.0
1791655380.58,3219950.0,803.6,85.5,13.0,0.0,175.0,0.0,89.95,0.36,0.0,228.63,0.0,1212.461252,100048.0,0.99,78.9,-598435.2,300821.8,0.9948,0.097,551.6,-0.09709,-74.55781,1.0,0,-1.0,-1.0,-1.0,-1.0,-1.0,0.0,0.0,0.0,0.0
1791655381.08,3219950.0,804.1,85.5,13.0,0.0,175.0,0.0,89.95,0.36,0.0,228.63,0.0,1212.461252,100048.0,0.99,78.9,-598435.2,300821.8,0.9948,0.097,551.6,-0.09709,-74.55781,1.0,0,-1.0,-1.0,-1.0,-1.0,-1.0,0.0,0.0,0.0,0.0
1791655381.59,3219950.1,804.6,85.5,13.0,0.0,175.0,0.0,89.95,0.36,0.0,228.63,0.0,1212.461252,100048.0,0.99,78.9,-598435.2,300821.8,0.9948,0.097,551.6,-0.09709,-74.55781,1.0,0,-1.0,-1.0,-1.0,-1.0,-1.0,0.0,0.0,0.0,0.0
1791655382.09,3219950.1,805.1,85.5,13.0,0.0,175.0,0.0,89.95,0.36,0.0,228.63,0.0,1212.461252,100048.0,0.99,78.9,-598435.2,300821.8,0.9948,0.097,551.6,-0.09709,-74.55781,1.0,0,-1.0,-1.0,-1.0,-1.0,-1.0,0.0,0.0,0.0,0.0
1791655382.59,3219950.1,805.6,85.5,13.0,0.0,175.0,0.0,89.95,0.36,0.0,228.63,0.0,1212.461252,100048.0,0.99,78.9,-598435.2,300821.8,0.9948,0.097,551.6,-0.09709,-74.55781,1.0,0,-1.0,-1.0,-1.0,-1.0,-1.0,0.0,0.0,0.0,0.0
1791655383.09,3219950.1,806.1,85.5,13.0,0.0,175.0,0.0,89.95,0.36,0.0,228.63,0.0,1212.461252,100048.0,0.99,78.9,-598435.2,300821.8,0.9948,0.097,551.6,-0.09709,-74.55781,1.0,0,-1.0,-1.0,-1.0,-1.0,-1.0,0.0,0.0,0.0,0.0
1791655383.59,3219950.1,806.6,85.5,13.0,0.0,175.0,0.0,89.95,0.36,0.0,228.63,0.0,1212.461252,100048.0,0.99,78.9,-598435.2,300821.8,0.9948,0.097,551.6,-0.09709,-74.55781,1.0,0,-1.0,-1.0,-1.0,-1.0,-1.0,0.0,0.0,0.0,0.0
1791655384.09,3219950.1,807.1,85.5,13.0,0.0,175.0,0.0,89.95,0.36,0.0,228.63,0.0,1212.461252,100048.0,0.99,78.9,-598435.2,300821.8,0.9948,0.097,551.6,-0.09709,-74.55781,1.0,0,-1.0,-1.0,-1.0,-1.0,-1.0,0.0,0.0,0.0,0.0
1791655384.6,3219950.2,807.6,85.5,13.0,0.0,175.0,0.0,89.97,0.36,0.0,228.63,0.0,1212.461252,100048.0,0.99,78.9,-598435.2,300821.8,0.9948,0.097,551.6,-0.09709,-74.55781,1.0,0,-1.0,-1.0,-1.0,-1.0,-1.0,0.0,0.0,0.0,0.0
1791655385.1,3219950.2,808.1,85.5,13.0,0.0,175.0,0.0,89.97,0.36,0.0,228.63,0.0,1212.461252,100048.0,0.99,78.9,-598435.2,300821.8,0.9948,0.097,551.6,-0.09709,-74.55781,1.0,0,-1.0,-1.0,-1.0,-1.0,-1.0,0.0,0.0,0.0,0.0
1791655385.6,3219950.4,808.6,85.5,13.0,0.0,175.0,0.0,89.97,0.36,0.0,228.63,0.0,1212.461252,100048.0,0.99,78.9,-598435.2,300821.8,0.9948,0.097,551.6,-0.09709,-74.55781,1.0,0,-1.0,-1.0,-1.0,-1.0,-1.0,0.0,0.0,0.0,0.0
1791655386.1,3219950.9,809.1,85.5,13.0,0.0,175.0,0.0,89.97,0.36,0.0,228.62,0.0,1212.461252,100048.0,0.99,78.9,-598435.2,300821.8,0.9948,0.097,551.6,-0.09709,-74.55781,1.0,0,-1.0,-1.0,-1.0,-1.0,-1.0,0.0,0.0,0.0,0.0
1791655386.6,3219951.4,809.6,85.5,13.0,0.0,175.0,0.0,89.97,0.36,0.0,228.61,0.0,1212.461252,100048.0,0.99,78.9,-598435.2,300821.8,0.9948,0.097,551.6,-0.09709,-74.55781,1.0,0,-1.0,-1.0,-1.0,-1.0,-1.0,0.0,0.0,0.0,0.0
1791655387.1,3219951.9,810.1,85.5,13.0,0.0,175.0,0.0,89.95,0.36,0.0,228.6,0.0,1212.461252,100048.0,0.99,78.9,-598435.2,300821.8,0.9948,0.097,551.6,-0.09709,-74.55781,1.0,0,-1.0,-1.0,-1.0,-1.0,-1.0,0.0,0.0,0.0,0.0
1791655387.61,3219952.4,810.6,85.5,13.0,0.0,175.0,0.0,89.95,0.36,0.0,228.59,0.0,1212.461252,100048.0,0.99,78.9,-598435.2,300821.8,0.9948,0.097,551.6,-0.09709,-74.55781,1.0,0,-1.0,-1.0,-1.0,-1.0,-1.0,0.0,0.0,0.0,0.0
1791655388.11,3219952.9,811.1,85.5,13.0,0.0,175.0,0.0,89.96,0.36,0.0,228.58,0.0,1212.461252,100048.0,0.99,78.9,-598435.2,300821.8,0.9948,0.097,551.6,-0.09709,-74.55781,1.0,0,-1.0,-1.0,-1.0,-1.0,-1.0,0.0,0.0,0.0,0.0
1791655388.61,3219953.4,811.6,85.5,13.0,0.0,175.0,0.0,89.95,0.36,0.0,228.58,0.0,1212.461252,100048.0,0.99,78.9,-598435.2,300821.8,0.9948,0.097,551.6,-0.09709,-74.55781,1.0,0,-1.0,-1.0,-1.0,-1.0,-1.0,0.0,0.0,0.0,0.0
1791655389.11,3219953.9,812.1,85.5,13.0,0.0,175.0,0.0,89.95,0.36,0.0,228.57,0.0,1212.461252,100048.0,0.99,78.9,-598435.2,300821.8,0.9948,0.097,551.6,-0.09709,-74.55781,1.0,0,-1.0,-1.0,-1.0,-1.0,-1.0,0.0,0.0,0.0,0.0
1791655389.61,3219954.4,812.6,85.5,13.0,0.0,175.0,0.0,89.95,0.36,0.0,228.56,0.0,1212.461252,100048.0,0.99,78.9,-598435.2,300821.8,0.9948,0.097,551.6,-0.09709,-74.55781,1.0,0,-1.0,-1.0,-1.0,-1.0,-1.0,0.0,0.0,0.0,0.0
1791655390.11,3219954.9,813.1,85.5,13.0,0.0,175.0,0.0,89.95,0.36,0.0,228.55,0.0,1212.461252,100048.0,0.99,78.9,-598435.2,300821.8,0.9948,0.097,551.6,-0.09709,-74.55781,1.0,0,-1.0,-1.0,-1.0,-1.0,-1.0,0.0,0.0,0.0,0.0
1791655390.61,3219955.4,813.6,85.5,13.0,0.0,175.0,0.0,89.95,0.36,0.0,228.54,0.0,1212.461252,100048.0,0.99,78.9,-598435.2,300821.8,0.9948,0.097,551.6,-0.09709,-74.55781,1.0,0,-1.0,-1.0,-1.0,-1.0,-1.0,0.0,0.0,0.0,0.0
1791655391.12,3219955.9,814.1,85.5,13.0,0.0,175.0,0.0,89.95,0.36,0.0,228.53,0.0,1212.461252,100048.0,0.99,78.9,-598435.2,300821.8,0.9948,0.097,551.6,-0.09709,-74.55781,1.0,0,-1.0,-1.0,-1.0,-1.0,-1.0,0.0,0.0,0.0,0.0
1791655391.62,3219956.4,814.7,85.5,13.0,0.0,175.0,0.0,89.95,0.36,0.0,228.53,0.0,1212.461252,100048.0,0.99,78.9,-598435.2,300821.8,0.9948,0.097,551.6,-0.09709,-74.55781,1.0,0,-1.0,-1.0,-1.0,-1.0,-1.0,0.0,0.0,0.0,0.0
1791655392.12,3219956.9,815.2,85.5,13.0,0.0,175.0,0.0,89.95,0.36,0.0,228.52,0.0,1212.461252,100048.0,0.99,78.9,-598435.2,300821.8,0.9948,0.097,551.6,-0.09709,-74.55781,1.0,0,-1.0,-1.0,-1.0,-1.0,-1.0,0.0,0.0,0.0,0.0
1791655392.63,3219957.4,815.7,85.5,13.0,0.0,175.0,0.0,89.97,0.36,0.0,228.51,0.0,1212.461252,100048.0,0.99,78.9,-598435.2,300821.8,0.9948,0.097,551.6,-0.09709,-74.55781,1.0,0,-1.0,-1.0,-1.0,-1.0,-1.0,0.0,0.0,0.0,0.0
1791655393.13,3219957.9,816.2,85.5,13.0,0.0,175.0,0.0,89.95,0.36,0.0,228.5,0.0,1212.461252,100048.0,0.99,78.9,-598435.2,300821.8,0.9948,0.097,551.6,-0.09709,-74.55781,1.0,0,-1.0,-1.0,-1.0,-1.0,-1.0,0.0,0.0,0.0,0.0
1791655393.63,3219958.4,816.7,85.5,13.0,0.0,175.0,0.0,89.95,0.36,0.0,228.49,0.0,1212.461252,100048.0,0.99,78.9,-598435.2,300821.8,0.9948,0.097,551.6,-0.09709,-74.55781,1.0,0,-1.0,-1.0,-1.0,-1.0,-1.0,0.0,0.0,0.0,0.0
1791655394.13,3219958.9,817.2,85.5,13.0,0.0,175.0,0.0,89.95,0.36,0.0,228.48,0.0,1212.461252,100048.0,0.99,78.9,-598435.2,300821.8,0.9948,0.097,551.6,-0.09709,-74.55781,1.0,0,-1.0,-1.0,-1.0,-1.0,-1.0,0.0,0.0,0.0,0.0
1791655394.63,3219959.4,817.7,85.5,13.0,0.0,175.0,0.0,89.95,0.36,0.0,228.48,0.0,1212.461252,100048.0,0.99,78.9,-598435.2,300821.8,0.9948,0.097,551.6,-0.09709,-74.55781,1.0,0,-1.0,-1.0,-1.0,-1.0,-1.0,0.0,0.0,0.0,0.0
1791655395.13,3219959.9,818.2,85.5,13.0,0.0,175.0,0.0,89.96,0.36,0.0,228.47,0.0,1212.461252,100048.0,0.99,78.9,-598435.2,300821.8,0.9948,0.097,551.6,-0.09709,-74.55781,1.0,0,-1.0,-1.0,-1.0,-1.0,-1.0,0.0,0.0,0.0,0.0
1791655395.63,3219960.4,818.7,85.5,13.0,0.0,175.0,0.0,89.95,0.36,0.0,228.46,0.0,1212.461252,100048.0,0.99,78.9,-598435.2,300821.8,0.9948,0.097,551.6,-0.09709,-74.55781,1.0,0,-1.0,-1.0,-1.0,-1.0,-1.0,0.0,0.0,0.0,0.0
1791655396.14,3219960.9,819.2,85.5,13.0,0.0,175.0,0.0,89.96,0.36,0.0,228.45,0.0,1212.461252,100048.0,0.99,78.9,-598435.2,300821.8,0.9948,0.097,551.6,-0.09709,-74.55781,1.0,0,-1.0,-1.0,-1.0,-1.0,-1.0,0.0,0.0,0.0,0.0
1791655396.64,3219961.4,819.7,85.5,13.0,0.0,175.0,0.0,89.95,0.36,0.0,228.44,0.0,1212.461252,100048.0,0.99,78.9,-598435.2,300821.8,0.9948,0.097,551.6,-0.09709,-74.55781,1.0,0,-1.0,-1.0,-1.0,-1.0,-1.0,0.0,0.0,0.0,0.0
1791655397.14,3219961.9,820.2,85.5,13.0,0.0,175.0,0.0,89.96,0.36,0.0,228.43,0.0,1212.461252,100048.0,0.99,78.9,-598435.2,300821.8,0.9948,0.097,551.6,-0.09709,-74.55781,1.0,0,-1.0,-1.0,-1.0,-1.0,-1.0,0.0,0.0,0.0,0.0
1791655397.64,3219962.4,820.7,85.5,13.0,0.0,175.0,0.0,89.95,0.36,0.0,228.43,0.0,1212.461252,100048.0,0.99,78.9,-598435.2,300821.8,0.9948,0.097,551.6,-0.09709,-74.55781,1.0,0,-1.0,-1.0,-1.0,-1.0,-1.0,0.0,0.0,0.0,0.0
1791655398.15,3219962.9,821.2,85.5,13.0,0.0,175.0,0.0,89.96,0.36,0.0,228.42,0.0,1212.461252,100048.0,0.99,78.9,-598435.2,300821.8,0.9948,0.097,551.6,-0.09709,-74.55781,1.0,0,-1.0,-1.0,-1.0,-1.0,-1.0,0.0,0.0,0.0,0.0
1791655398.65,3219963.4,821.7,85.5,13.0,0.0,175.0,0.0,89.97,0.36,0.0,228.41,0.0,1212.461252,100048.0,0.99,78.9,-598435.2,300821.8,0.9948,0.097,551.6,-0.09709,-74.55781,1.0,0,-1.0,-1.0,-1.0,-1.0,-1.0,0.0,0.0,0.0,0.0
1791655399.15,3219963.9,822.2,85.5,13.0,0.0,175.0,0.0,89.96,0.36,0.0,228.4,0.0,1212.461252,100048.0,0.99,78.9,-598435.2,300821.8,0.9948,0.097,551.6,-0.09709,-74.55781,1.0,0,-1.0,-1.0,-1.0,-1.0,-1.0,0.0,0.0,0.0,0.0
1791655399.65,3219964.4,822.7,85.5,13.0,0.0,175.0,0.0,89.95,0.36,0.0,228.39,0.0,1212.461252,100048.0,0.99,78.9,-598435.2,300821.8,0.9948,0.097,551.6,-0.09709,-74.55781,1.0,0,-1.0,-1.0,-1.0,-1.0,-1.0,0.0,0.0,0.0,0.0
1791655400.15,3219964.9,823.2,85.5,13.0,0.0,175.0,0.0,89.96,0.36,0.0,228.39,0.0,1212.461252,100048.0,0.99,78.9,-598435.2,300821.8,0.9948,0.097,551.6,-0.09709,-74.55781,1.0,0,-1.0,-1.0,-1.0,-1.0,-1.0,0.0,0.0,0.0,0.0
1791655400.65,3219965.4,823.7,85.5,13.0,0.0,175.0,0.0,89.95,0.36,0.0,228.38,0.0,1212.461252,100048.0,0.99,78.9,-598435.2,300821.8,0.9948,0.097,551.6,-0.09709,-74.55781,1.0,0,-1.0,-1.0,-1.0,-1.0,-1.0,0.0,0.0,0.0,0.0
1791655401.16,3219965.9,824.2,85.5,13.0,0.0,175.0,0.0,89.97,0.36,0.0,228.37,0.0,1212.461252,100048.0,0.99,78.9,-598435.2,300821.8,0.9948,0.097,551.6,-0.09709,-74.55781,1.0,0,-1.0,-1.0,-1.0,-1.0,-1.0,0.0,0.0,0.0,0.0
1791655401.66,3219966.4,824.7,85.5,13.0,0.0,175.0,0.0,89.96,0.36,0.0,228.36,0.0,1212.461252,100048.0,0.99,78.9,-598435.2,300821.8,0.9948,0.097,551.6,-0.09709,-74.55781,1.0,0,-1.0,-1.0,-1.0,-1.0,-1.0,0.0,0.0,0.0,0.0
1791655402.16,3219966.9,825.2,85.5,13.0,0.0,175.0,0.0,89.97,0.36,0.0,228.35,0.0,1212.461252,100048.0,0.99,78.9,-598435.2,300821.8,0.9948,0.097,551.6,-0.09709,-74.55781,1.0,0,-1.0,-1.0,-1.0,-1.0,-1.0,0.0,0.0,0.0,0.0
1791655402.66,3219967.4,825.7,85.5,13.0,0.0,175.0,0.0,89.97,0.36,0.0,228.34,0.0,1212.461252,100048.0,0.99,78.9,-598435.2,300821.8,0.9948,0.097,551.6,-0.09709,-74.55781,1.0,0,-1.0,-1.0,-1.0,-1.0,-1.0,0.0,0.0,0.0,0.0
1791655403.16,3219967.9,826.2,85.5,13.0,0.0,175.0,0.0,89.95,0.36,0.0,228.33,0.0,1212.461252,100048.0,0.99,78.9,-598435.2,300821.8,0.9948,0.097,551.6,-0.09709,-74.55781,1.0,0,-1.0,-1.0,-1.0,-1.0,-1.0,0.0,0.0,0.0,0.0
1791655403.66,3219968.4,826.7,85.5,13.0,0.0,175.0,0.0,89.97,0.36,0.0,228.33,0.0,1212.461252,100048.0,0.99,78.9,-598435.2,300821.8,0.9948,0.097,551.6,-0.09709,-74.55781,1.0,0,-1.0,-1.0,-1.0,-1.0,-1.0,0.0,0.0,0.0,0.0
1791655404.17,3219968.9,827.2,85.5,13.0,0.0,175.0,0.0,89.97,0.36,0.0,228.32,0.0,1212.461252,100048.0,0.99,78.9,-598435.2,300821.8,0.9948,0.097,551.6,-0.09709,-74.55781,1.0,0,-1.0,-1.0,-1.0,-1.0,-1.0,0.0,0.0,0.0,0.0
1791655404.67,3219969.4,827.7,85.5,13.0,0.0,175.0,0.0,89.97,0.36,0.0,228.31,0.0,1212.461252,100048.0,0.99,78.9,-598435.2,300821.8,0.9948,0.097,551.6,-0.09709,-74.55781,1.0,0,-1.0,-1.0,-1.0,-1.0,-1.0,0.0,0.0,0.0,0.0
1791655405.17,3219969.9,828.2,85.5,13.0,0.0,175.0,0.0,89.97,0.36,0.0,228.3,0.0,1212.461252,100048.0,0.99,78.9,-598435.2,300821.8,0.9948,0.097,551.6,-0.09709,-74.55781,1.0,0,-1.0,-1.0,-1.0,-1.0,-1.0,0.0,0.0,0.0,0.0
1791655405.67,3219970.4,828.7,85.5,13.0,0.0,175.0,0.0,89.95,0.36,0.0,228.29,0.0,1212.461252,100048.0,0.99,78.9,-598435.2,300821.8,0.9948,0.097,551.6,-0.09709,-74.55781,1.0,0,-1.0,-1.0,-1.0,-1.0,-1.0,0.0,0.0,0.0,0.0
1791655406.17,3219970.9,829.2,85.5,13.0,0.0,175.0,0.0,89.97,0.36,0.0,228.28,0.0,1212.461252,100048.0,0.99,78.9,-598435.2,300821.8,0.9948,0.097,551.6,-0.09709,-74.55781,1.0,0,-1.0,-1.0,-1.0,-1.0,-1.0,0.0,0.0,0.0,0.0
1791655406.67,3219971.4,829.7,85.5,13.0,0.0,175.0,0.0,89.95,0.36,0.0,228.28,0.0,1212.461252,100048.0,0.99,78.9,-598435.2,300821.8,0.9948,0.097,551.6,-0.09709,-74.55781,1.0,0,-1.0,-1.0,-1.0,-1.0,-1.0,0.0,0.0,0.0,0.0
1791655407.18,3219971.9,830.2,85.5,13.0,0.0,175.0,0.0,89.97,0.36,0.0,228.27,0.0,1212.461252,100048.0,0.99,78.9,-598435.2,300821.8,0.9948,0.097,551.6,-0.09709,-74.55781,1.0,0,-1.0,-1.0,-1.0,-1.0,-1.0,0.0,0.0,0.0,0.0
1791655407.68,3219972.4,830.7,85.5,13.0,0.0,175.0,0.0,89.97,0.37,0.0,228.26,0.0,1212.461252,100048.0,0.99,78.9,-598435.2,300821.8,0.9948,0.097,551.6,-0.09709,-74.55781,1.0,0,-1.0,-1.0,-1.0,-1.0,-1.0,0.0,0.0,0.0,0.0
1791655408.18,3219972.9,831.2,85.5,13.0,0.0,175.0,0.0,89.98,0.38,0.0,228.25,0.0,1212.461252,100048.0,0.99,78.9,-598435.2,300821.8,0.9948,0.097,551.6,-0.09709,-74.55781,1.0,0,-1.0,-1.0,-1.0,-1.0,-1.0,0.0,0.0,0.0,0.0
1791655408.68,3219973.4,831.7,85.5,13.0,0.0,175.0,0.0,89.97,0.38,0.0,228.24,0.0,1212.461252,100048.0,0.99,78.9,-598435.2,300821.8,0.9948,0.097,551.6,-0.09709,-74.55781,1.0,0,-1.0,-1.0,-1.0,-1.0,-1.0,0.0,0.0,0.0,0.0
1791655409.18,3219973.9,832.2,85.5,13.0,0.0,175.0,0.0,89.97,0.38,0.0,228.23,0.0,1212.461252,100048.0,0.99,78.9,-598435.2,300821.8,0.9948,0.097,551.6,-0.09709,-74.55781,1.0,0,-1.0,-1.0,-1.0,-1.0,-1.0,0.0,0.0,0.0,0.0
1791655409.69,3219974.4,832.7,85.5,13.0,0.0,175.0,0.0,89.97,0.38,0.0,228.23,0.0,1212.461252,100048.0,0.99,78.9,-598435.2,300821.8,0.9948,0.097,551.6,-0.09709,-74.55781,1.0,0,-1.0,-1.0,-1.0,-1.0,-1.0,0.0,0.0,0.0,0.0
1791655410.19,3219974.8,833.2,85.5,13.0,0.0,175.0,0.0,89.98,0.38,0.0,228.22,0.0,1212.461252,100048.0,0.99,78.9,-598435.2,300821.8,0.9948,0.097,551.6,-0.09709,-74.55781,1.0,0,-1.0,-1.0,-1.0,-1.0,-1.0,0.0,0.0,0.0,0.0
1791655410.69,3219975.1,833.7,85.7,13.2,2.1,175.4,2.1,89.22,268.84,90.56,228.22,2.44,1212.428108,100044.7,1.52,80.4,-598428.5,300826.0,0.9948,0.097,551.7,-0.09709,-74.55781,1.0,0,-1.0,-1.0,-1.0,-1.0,-1.0,0.0,0.0,0.0,0.0
1791655411.19,3219975.6,834.2,87.3,14.8,4.2,174.8,4.2,84.25,282.16,77.83,228.21,9.94,1212.192604,100020.6,1.43,82.8,-598439.5,300821.6,0.9948,0.099,551.6,-0.09709,-74.55785,1.0,0,-1.0,-1.0,-1.0,-1.0,-1.0,0.0,0.0,0.0,0.0
1791655411.7,3219976.1,834.7,90.0,17.4,6.3,173.8,6.5,82.52,275.96,84.71,228.2,23.26,1211.807601,99981.4,1.44,86.6,-598458.1,300814.3,0.9949,0.142,551.6,-0.09708,-74.5579,1.0,0,-1.0,-1.0,-1.0,-1.0,-1.0,0.0,0.0,0.0,0.0
1791655412.2,3219976.6,835.2,93.7,21.2,8.5,172.8,8.8,84.54,264.62,95.88,228.19,43.1,1211.262324,99925.9,1.45,91.9,-598477.2,300807.4,0.9949,0.132,551.6,-0.09708,-74.55798,1.0,0,-1.0,-1.0,-1.0,-1.0,-1.0,0.0,0.0,0.0,0.0
1791655412.7,3219977.1,835.7,98.5,26.0,10.7,172.5,11.1,87.97,257.22,104.43,228.18,68.16,1210.55682,99854.0,1.46,99.0,-598485.1,300807.0,0.995,0.098,551.6,-0.09707,-74.55807,1.0,0,-1.0,-1.0,-1.0,-1.0,-1.0,0.0,0.0,0.0,0.0
1791655413.2,3219977.6,836.2,104.5,32.0,13.0,172.7,13.3,88.31,10.19,0.22,228.17,97.66,1209.691065,99765.8,1.46,107.7,-598484.1,300811.8,0.995,0.097,551.6,-0.09705,-74.55818,1.0,0,-1.0,-1.0,-1.0,-1.0,-1.0,0.0,0.0,0.0,0.0
1791655413.71,3219978.1,836.7,111.6,39.0,15.2,173.1,15.5,86.47,15.09,12.74,228.16,132.63,1208.662265,99661.0,1.46,118.0,-598480.6,300818.7,0.9949,0.187,551.6,-0.09703,-74.55831,1.0,0,-1.0,-1.0,-1.0,-1.0,-1.0,0.0,0.0,0.0,0.0
1791655414.21,3219978.6,837.2,120.1,47.6,17.6,173.4,17.8,87.53,14.55,32.55,228.16,176.26,1207.41501,99534.0,1.47,130.6,-598478.2,300826.2,0.9949,0.354,551.7,-0.097,-74.55843,1.0,0,-1.0,-1.0,-1.0,-1.0,-1.0,0.0,0.0,0.0,0.0
1791655414.71,3219979.1,837.7,129.6,57.0,20.0,173.9,20.1,89.58,317.53,108.37,228.15,224.58,1206.044282,99394.5,1.47,144.6,-598475.1,300834.8,0.9949,0.433,551.7,-0.09696,-74.55855,1.0,0,-1.0,-1.0,-1.0,-1.0,-1.0,0.0,0.0,0.0,0.0
1791655415.21,3219979.6,838.2,139.7,67.2,22.2,173.9,22.4,87.24,236.05,-159.5,228.14,277.16,1204.571351,99244.6,1.48,159.6,-598478.5,300840.6,0.9949,0.372,551.7,-0.09692,-74.55868,1.0,0,-1.0,-1.0,-1.0,-1.0,-1.0,0.0,0.0,0.0,0.0
1791655415.71,3219980.1,838.7,151.9,79.4,24.7,173.8,24.9,87.13,235.86,-152.75,228.13,341.65,1202.798662,99064.3,1.48,177.8,-598487.3,300845.2,0.995,0.263,551.7,-0.09688,-74.55881,1.0,0,-1.0,-1.0,-1.0,-1.0,-1.0,0.0,0.0,0.0,0.0
1791655416.22,3219980.6,839.3,164.9,92.4,27.1,173.9,27.3,88.62,227.38,-140.55,228.12,410.79,1200.918695,98873.1,1.49,197.2,-598491.5,300852.8,0.995,0.211,551.7,-0.09684,-74.55895,1.0,0,-1.0,-1.0,-1.0,-1.0,-1.0,0.0,0.0,0.0,0.0
1791655416.72,3219981.1,839.8,179.1,106.6,29.6,174.3,29.7,89.42,177.23,-88.11,228.12,486.24,1198.865628,98664.4,1.49,218.5,-598491.3,300863.6,0.995,0.194,551.8,-0.09681,-74.5591,1.0,0,-1.0,-1.0,-1.0,-1.0,-1.0,0.0,0.0,0.0,0.0
1791655417.22,3219981.6,840.3,194.5,122.0,32.0,174.8,32.2,89.29,152.15,-61.6,228.11,568.46,1196.63794,98438.0,1.5,241.7,-598489.6,300876.1,0.995,0.177,551.8,-0.09679,-74.55924,1.0,0,-1.0,-1.0,-1.0,-1.0,-1.0,0.0,0.0,0.0,0.0
1791655417.72,3219982.1,840.8,211.2,138.7,34.5,175.4,34.7,89.21,160.49,-69.05,228.1,657.9,1194.234692,98193.9,1.5,266.8,-598488.2,300889.3,0.995,0.152,551.8,-0.09677,-74.55939,1.0,0,-1.0,-1.0,-1.0,-1.0,-1.0,0.0,0.0,0.0,0.0
1791655418.23,3219982.6,841.3,229.1,156.6,37.0,175.9,37.2,89.21,168.27,-76.29,228.09,754.72,1191.654799,97932.0,1.51,294.0,-598487.4,300903.3,0.995,0.126,551.9,-0.09676,-74.55954,1.0,0,-1.0,-1.0,-1.0,-1.0,-1.0,0.0,0.0,0.0,0.0
1791655418.73,3219983.1,841.8,248.3,175.8,39.6,176.5,39.7,89.26,171.18,-78.92,228.08,859.03,1188.897574,97652.3,1.51,323.2,-598486.7,300918.2,0.995,0.107,551.9,-0.09675,-74.55968,1.0,0,-1.0,-1.0,-1.0,-1.0,-1.0,0.0,0.0,0.0,0.0
1791655419.23,3219983.6,842.3,268.7,196.3,42.1,177.1,42.2,89.33,171.92,-79.56,228.07,970.89,1185.962065,97354.6,1.52,354.4,-598486.1,300934.1,0.995,0.098,552.0,-0.09675,-74.55982,1.0,0,-1.0,-1.0,-1.0,-1.0,-1.0,0.0,0.0,0.0,0.0
1791655419.73,3219984.1,842.8,290.5,218.3,44.7,177.8,44.8,89.39,172.85,-80.5,228.07,1090.4,1182.847649,97039.0,1.52,387.7,-598485.5,300951.1,0.995,0.098,552.0,-0.09675,-74.55996,1.0,0,-1.0,-1.0,-1.0,-1.0,-1.0,0.0,0.0,0.0,0.0
1791655420.23,3219984.6,843.3,313.5,241.5,47.3,178.5,47.4,89.45,174.43,-82.17,228.06,1217.66,1179.553378,96705.3,1.53,423.1,-598485.0,300969.1,0.995,0.104,552.0,-0.09675,-74.5601,1.0,0,-1.0,-1.0,-1.0,-1.0,-1.0,0.0,0.0,0.0,0.0
1791655420.73,3219985.1,843.8,338.9,267.0,50.1,179.3,50.2,89.5,175.98,-83.85,228.05,1358.32,1175.936265,96339.2,1.53,462.2,-598484.5,300988.9,0.995,0.115,552.1,-0.09676,-74.56025,1.0,0,-1.0,-1.0,-1.0,-1.0,-1.0,0.0,0.0,0.0,0.0
1791655421.23,3219985.6,844.3,364.6,293.0,52.8,180.0,52.8,89.55,177.3,-85.32,228.04,1501.64,1172.273723,95968.8,1.54,502.1,-598484.1,301009.0,0.995,0.127,552.2,-0.09677,-74.56039,1.0,0,-1.0,-1.0,-1.0,-1.0,-1.0,0.0,0.0,0.0,0.0
1791655421.74,3219986.1,844.8,391.7,320.2,55.5,180.9,55.5,89.6,178.95,-87.13,228.03,1652.93,1168.429908,95580.3,1.54,544.1,-598483.7,301030.2,0.995,0.14,552.2,-0.09678,-74.56053,1.0,0,-1.0,-1.0,-1.0,-1.0,-1.0,0.0,0.0,0.0,0.0
1791655422.24,3219986.6,845.3,419.0,347.7,58.1,181.7,58.1,89.64,180.59,-88.94,228.03,1805.69,1164.568754,95190.4,1.55,586.6,-598483.3,301051.7,0.995,0.152,552.3,-0.09679,-74.56066,1.0,0,-1.0,-1.0,-1.0,-1.0,-1.0,0.0,0.0,0.0,0.0
1791655422.75,3219987.1,845.8,449.9,378.8,60.9,182.6,61.0,89.69,181.72,-90.24,228.02,1979.49,1160.196748,94749.3,1.55,635.0,-598482.9,301076.0,0.995,0.164,552.3,-0.09681,-74.5608,1.0,0,-1.0,-1.0,-1.0,-1.0,-1.0,0.0,0.0,0.0,0.0
1791655423.28,3219987.6,846.3,478.6,407.6,63.5,183.5,63.5,89.72,182.53,-91.19,228.01,2140.14,1156.165112,94342.8,1.56,679.9,-598482.6,301098.6,0.995,0.174,552.4,-0.09683,-74.56093,1.0,0,-1.0,-1.0,-1.0,-1.0,-1.0,0.0,0.0,0.0,0.0
1791655423.78,3219988.1,846.8,509.5,438.8,65.2,184.1,65.2,89.75,182.97,-91.77,228.0,2249.06,1151.819483,93905.1,1.32,722.7,-598482.3,301120.2,0.995,0.181,552.5,-0.09685,-74.56106,1.0,0,-1.0,-1.0,-1.0,-1.0,-1.0,0.0,0.0,0.0,0.0
1791655424.29,3219988.6,847.3,542.5,471.9,66.7,184.7,66.7,89.78,185.56,-94.49,227.99,2342.28,1147.203303,93440.5,1.29,765.7,-598482.0,301141.8,0.995,0.188,552.5,-0.09687,-74.5612,1.0,0,-1.0,-1.0,-1.0,-1.0,-1.0,0.0,0.0,0.0,0.0
1791655424.79,3219989.1,847.8,576.2,505.8,68.2,185.2,68.2,89.81,186.77,-95.82,227.99,2438.28,1142.498026,92967.5,1.3,809.8,-598481.8,301164.0,0.995,0.195,552.6,-0.0969,-74.56134,1.0,0,-1.0,-1.0,-1.0,-1.0,-1.0,0.0,0.0,0.0,0.0
1791655425.29,3219989.6,848.3,612.1,541.9,69.7,185.8,69.8,89.83,186.37,-95.53,227.98,2541.07,1137.509212,92466.4,1.3,856.9,-598481.5,301187.7,0.995,0.2,552.6,-0.09692,-74.56148,1.0,0,-1.0,-1.0,-1.0,-1.0,-1.0,0.0,0.0,0.0,0.0
1791655425.79,3219990.1,848.8,647.3,577.3,71.3,186.4,71.3,89.86,186.04,-95.3,227.97,2642.78,1132.620226,91975.8,1.31,903.3,-598481.2,301211.1,0.995,0.205,552.7,-0.09695,-74.56162,1.0,0,-1.0,-1.0,-1.0,-1.0,-1.0,0.0,0.0,0.0,0.0
1791655426.29,3219990.6,849.3,683.4,613.6,72.8,187.0,72.9,89.88,185.33,-94.68,227.96,2747.34,1127.640613,91476.7,1.31,951.0,-598480.9,301235.0,0.995,0.208,552.8,-0.09697,-74.56176,1.0,0,-1.0,-1.0,-1.0,-1.0,-1.0,0.0,0.0,0.0,0.0
1791655426.8,3219991.1,849.8,720.2,650.6,74.4,187.6,74.5,89.9,90.67,0.0,227.95,2854.78,1122.569934,90969.0,1.32,999.8,-598480.5,301259.6,0.995,0.211,552.8,-0.097,-74.5619,1.0,0,-1.0,-1.0,-1.0,-1.0,-1.0,0.0,0.0,0.0,0.0
1791655427.3,3219991.6,850.3,757.8,688.4,76.0,188.3,76.1,89.92,90.58,0.0,227.94,2965.11,1117.407822,90452.7,1.32,1049.8,-598480.2,301284.8,0.995,0.214,552.9,-0.09703,-74.56204,1.0,0,-1.0,-1.0,-1.0,-1.0,-1.0,0.0,0.0,0.0,0.0
1791655427.8,3219992.1,850.8,796.2,727.0,77.6,188.9,77.7,89.93,90.5,0.0,227.94,3078.37,1112.153961,89927.7,1.32,1101.1,-598479.9,301310.6,0.995,0.216,553.0,-0.09705,-74.56218,1.0,0,-1.0,-1.0,-1.0,-1.0,-1.0,0.0,0.0,0.0,0.0
1791655428.3,3219992.6,851.3,835.5,766.4,79.3,189.6,79.3,89.95,90.43,0.0,227.93,3194.56,1106.808064,89394.2,1.33,1153.6,-598479.6,301337.0,0.995,0.217,553.1,-0.09708,-74.56232,1.0,0,-1.0,-1.0,-1.0,-1.0,-1.0,0.0,0.0,0.0,0.0
1791655428.8,3219993.1,851.8,875.5,806.7,80.9,190.3,81.0,89.96,90.37,0.0,227.92,3313.71,1101.369559,88852.0,1.33,1207.5,-598479.2,301364.1,0.995,0.218,553.1,-0.09711,-74.56246,1.0,0,-1.0,-1.0,-1.0,-1.0,-1.0,0.0,0.0,0.0,0.0
1791655429.3,3219993.6,852.3,916.4,847.8,82.6,191.1,82.7,89.97,90.32,0.0,227.91,3435.82,1095.838804,88301.3,1.34,1262.6,-598478.9,301391.9,0.995,0.218,553.2,-0.09714,-74.5626,1.0,0,-1.0,-1.0,-1.0,-1.0,-1.0,0.0,0.0,0.0,0.0
1791655429.81,3219994.1,852.8,958.2,889.7,84.3,191.8,84.4,89.97,90.28,0.0,227.9,3560.92,1090.215091,87742.0,1.34,1319.1,-598478.6,301420.3,0.995,0.218,553.3,-0.09717,-74.56274,1.0,0,-1.0,-1.0,-1.0,-1.0,-1.0,0.0,0.0,0.0,0.0
1791655430.31,3219994.6,853.3,1000.8,932.5,86.1,192.6,86.1,90.0,90.24,0.0,227.89,3688.22,1084.498615,87174.2,1.35,1377.0,-598478.2,301449.4,0.995,0.218,553.4,-0.09719,-74.56288,1.0,0,-1.0,-1.0,-1.0,-1.0,-1.0,0.0,0.0,0.0,0.0
1791655430.81,3219995.1,853.8,1046.1,978.0,87.9,193.4,87.9,90.0,90.21,0.0,227.89,3825.36,1078.45463,86574.6,1.35,1438.6,-598477.8,301480.4,0.995,0.218,553.5,-0.09722,-74.56302,1.0,0,-1.0,-1.0,-1.0,-1.0,-1.0,0.0,0.0,0.0,0.0
1791655431.31,3219995.6,854.3,1090.5,1022.6,89.7,194.2,89.7,90.0,90.18,0.0,227.88,3959.54,1072.548253,85989.4,1.35,1499.3,-598477.5,301510.9,0.995,0.218,553.5,-0.09725,-74.56316,1.0,0,-1.0,-1.0,-1.0,-1.0,-1.0,0.0,0.0,0.0,0.0
1791655431.82,3219996.1,854.9,1135.8,1068.0,91.5,195.1,91.5,90.0,90.16,0.0,227.87,4096.7,1066.548801,85395.8,1.36,1561.4,-598477.1,301542.1,0.9949,0.217,553.6,-0.09728,-74.56331,1.0,0,-1.0,-1.0,-1.0,-1.0,-1.0,0.0,0.0,0.0,0.0
1791655432.32,3219996.6,855.4,1182.0,1114.3,93.3,195.9,93.3,90.0,90.15,0.0,227.86,4236.84,1060.456335,84793.8,1.36,1624.9,-598476.7,301574.1,0.9949,0.217,553.7,-0.09731,-74.56345,1.0,0,-1.0,-1.0,-1.0,-1.0,-1.0,0.0,0.0,0.0,0.0
1791655432.82,3219997.1,855.9,1229.1,1161.4,95.1,196.8,95.2,89.92,90.15,0.0,227.85,4379.4,1054.270802,84183.4,1.36,1689.9,-598477.2,301606.3,0.995,0.215,553.8,-0.09733,-74.56359,1.0,0,-1.0,-1.0,-1.0,-1.0,-1.0,0.0,0.0,0.0,0.0
1791655433.32,3219997.6,856.4,1277.1,1209.4,96.9,197.7,97.0,87.93,92.64,-2.53,227.85,4522.13,1047.994311,83564.9,1.36,1756.1,-598476.3,301639.9,0.9949,0.217,553.9,-0.09736,-74.56372,1.0,0,-1.0,-1.0,-1.0,-1.0,-1.0,0.0,0.0,0.0,0.0
1791655433.83,3219998.1,856.9,1326.0,1258.4,98.7,199.0,98.8,86.3,91.51,-1.42,227.84,4661.76,1041.629444,82938.6,1.36,1823.2,-598466.8,301678.2,0.9949,0.22,554.0,-0.09739,-74.56384,1.0,0,-1.0,-1.0,-1.0,-1.0,-1.0,0.0,0.0,0.0,0.0
1791655434.33,3219998.6,857.4,1375.8,1308.2,100.5,200.5,100.5,85.6,90.9,-0.83,227.83,4800.96,1035.178388,82304.7,1.36,1891.5,-598455.1,301718.2,0.9949,0.222,554.1,-0.09742,-74.56393,1.0,0,-1.0,-1.0,-1.0,-1.0,-1.0,0.0,0.0,0.0,0.0
1791655434.83,3219999.1,857.9,1426.6,1358.9,102.3,202.0,102.3,85.06,90.57,-0.53,227.82,4941.56,1028.643217,81663.5,1.36,1961.0,-598442.4,301759.3,0.9948,0.222,554.2,-0.09745,-74.564,1.0,0,-1.0,-1.0,-1.0,-1.0,-1.0,0.0,0.0,0.0,0.0
1791655435.33,3219999.6,858.4,1478.2,1410.5,104.1,203.6,104.1,84.5,90.38,-0.36,227.81,5083.68,1022.02506,81015.1,1.37,2031.9,-598428.2,301801.8,0.9948,0.221,554.3,-0.09748,-74.56403,1.0,0,-1.0,-1.0,-1.0,-1.0,-1.0,0.0,0.0,0.0,0.0
1791655435.83,3220000.1,858.9,1530.7,1463.0,105.9,205.2,105.9,84.01,90.25,-0.24,227.8,5227.53,1015.325055,80359.7,1.37,2104.1,-598412.6,301845.8,0.9947,0.22,554.5,-0.0975,-74.56403,1.0,0,-1.0,-1.0,-1.0,-1.0,-1.0,0.0,0.0,0.0,0.0
1791655436.34,3220000.6,859.4,1586.3,1518.6,107.8,207.0,107.8,83.59,90.14,-0.15,227.8,5379.37,1008.271364,79670.8,1.37,2180.7,-598395.1,301892.8,0.9947,0.219,554.6,-0.09753,-74.56398,1.0,0,-1.0,-1.0,-1.0,-1.0,-1.0,0.0,0.0,0.0,0.0
1791655436.84,3220001.1,859.9,1631.9,1564.2,109.3,208.5,109.4,83.3,90.08,-0.08,227.79,5503.99,1002.510946,79109.1,1.38,2243.6,-598380.3,301931.7,0.9946,0.218,554.7,-0.09756,-74.56391,1.0,0,-1.0,-1.0,-1.0,-1.0,-1.0,0.0,0.0,0.0,0.0
1791655437.34,3220001.6,860.4,1689.2,1621.6,111.2,210.4,111.3,82.99,90.02,-0.02,227.78,5661.0,995.301553,78407.1,1.38,2323.0,-598361.2,301980.9,0.9946,0.216,554.8,-0.09759,-74.56378,1.0,0,-1.0,-1.0,-1.0,-1.0,-1.0,0.0,0.0,0.0,0.0
1791655437.85,3220002.1,860.9,1745.3,1677.7,113.1,212.2,113.2,82.74,89.98,0.02,227.77,5815.07,988.289096,77725.4,1.39,2400.9,-598342.2,302029.3,0.9945,0.214,555.0,-0.09762,-74.5636,1.0,0,-1.0,-1.0,-1.0,-1.0,-1.0,0.0,0.0,0.0,0.0
1791655438.35,3220002.6,861.4,1802.4,1734.7,115.0,214.1,115.1,82.52,89.95,0.04,227.76,5972.42,981.198542,77037.3,1.39,2480.3,-598322.8,302078.8,0.9944,0.211,555.1,-0.09764,-74.56338,1.0,0,-1.0,-1.0,-1.0,-1.0,-1.0,0.0,0.0,0.0,0.0
1791655438.85,3220003.1,861.9,1860.4,1792.4,116.9,216.0,117.1,82.35,89.94,0.06,227.75,6133.24,974.029883,76342.9,1.4,2561.4,-598303.0,302129.2,0.9944,0.209,555.2,-0.09767,-74.56311,1.0,0,-1.0,-1.0,-1.0,-1.0,-1.0,0.0,0.0,0.0,0.0
1791655439.35,3220003.6,862.4,1919.3,1850.9,118.8,218.0,119.1,82.2,89.93,0.07,227.74,6297.7,966.783832,75642.1,1.4,2644.1,-598282.9,302180.6,0.9943,0.207,555.4,-0.0977,-74.56279,1.0,0,-1.0,-1.0,-1.0,-1.0,-1.0,0.0,0.0,0.0,0.0
1791655439.85,3220004.1,862.9,1979.3,1910.3,120.8,219.9,121.1,82.08,89.91,0.08,227.74,6465.92,959.460341,74935.1,1.41,2728.6,-598262.5,302233.0,0.9943,0.205,555.5,-0.09773,-74.56242,1.0,0,-1.0,-1.0,-1.0,-1.0,-1.0,0.0,0.0,0.0,0.0
1791655440.36,3220004.6,863.4,2042.6,1973.1,122.9,222.0,123.2,81.98,89.87,0.12,227.73,6644.94,951.761848,74193.3,1.41,2818.4,-598241.2,302288.6,0.9942,0.202,555.7,-0.09776,-74.56198,1.0,0,-1.0,-1.0,-1.0,-1.0,-1.0,0.0,0.0,0.0,0.0
1791655440.86,3220005.1,863.9,2104.6,2034.5,124.9,224.0,125.3,81.9,89.84,0.14,227.72,6821.05,944.280869,73473.7,1.42,2906.5,-598220.6,302342.9,0.9941,0.2,555.8,-0.09778,-74.56151,1.0,0,-1.0,-1.0,-1.0,-1.0,-1.0,0.0,0.0,0.0,0.0
1791655441.36,3220005.6,864.4,2167.6,2096.8,127.0,226.0,127.5,81.83,89.83,0.15,227.71,7001.08,936.723106,72748.2,1.42,2996.6,-598199.9,302398.3,0.994,0.197,556.0,-0.09781,-74.56099,1.0,0,-1.0,-1.0,-1.0,-1.0,-1.0,0.0,0.0,0.0,0.0
1791655441.86,3220006.1,864.9,2231.6,2160.0,129.1,228.1,129.7,81.77,89.83,0.15,227.7,7185.03,929.08843,72016.6,1.43,3088.6,-598179.1,302454.7,0.994,0.194,556.1,-0.09784,-74.56042,1.0,0,-1.0,-1.0,-1.0,-1.0,-1.0,0.0,0.0,0.0,0.0
1791655442.36,3220006.6,865.4,2296.7,2224.3,131.2,230.1,131.9,81.72,89.84,0.14,227.69,7372.91,921.37719,71279.2,1.44,3182.5,-598158.2,302512.1,0.9939,0.192,556.3,-0.09786,-74.55981,1.0,0,-1.0,-1.0,-1.0,-1.0,-1.0,0.0,0.0,0.0,0.0
1791655442.87,3220007.1,865.9,2362.8,2290.3,133.3,232.2,134.1,81.67,89.85,0.14,227.68,7564.64,913.589505,70535.9,1.44,3278.5,-598137.2,302570.6,0.9938,0.189,556.5,-0.09789,-74.55914,1.0,0,-1.0,-1.0,-1.0,-1.0,-1.0,0.0,0.0,0.0,0.0
1791655443.37,3220007.6,866.4,2430.1,2357.6,135.5,234.3,136.4,81.63,89.85,0.13,227.67,7760.19,905.725667,69786.8,1.45,3376.6,-598116.1,302630.2,0.9938,0.187,556.6,-0.09791,-74.55842,1.0,0,-1.0,-1.0,-1.0,-1.0,-1.0,0.0,0.0,0.0,0.0
1791655443.87,3220008.1,866.9,2495.7,2423.1,137.7,236.4,138.6,81.59,89.86,0.12,227.67,7951.44,898.105344,69062.4,1.46,3472.7,-598095.7,302688.5,0.9937,0.185,556.8,-0.09794,-74.55769,1.0,0,-1.0,-1.0,-1.0,-1.0,-1.0,0.0,0.0,0.0,0.0
1791655444.37,3220008.6,867.4,2565.1,2492.5,139.9,238.6,141.0,81.55,89.87,0.11,227.66,8151.39,890.09345,68302.4,1.46,3574.9,-598074.3,302750.3,0.9936,0.183,557.0,-0.09796,-74.55688,1.0,0,-1.0,-1.0,-1.0,-1.0,-1.0,0.0,0.0,0.0,0.0
1791655444.87,3220009.1,867.9,2638.5,2567.5,142.3,240.9,143.5,81.49,89.88,0.1,227.65,8368.88,881.681869,67506.1,1.47,3683.5,-598051.8,302815.9,0.9936,0.181,557.1,-0.09799,-74.55598,1.0,0,-1.0,-1.0,-1.0,-1.0,-1.0,0.0,0.0,0.0,0.0
1791655445.37,3220009.6,868.4,2707.3,2638.4,144.5,243.0,145.9,81.43,89.89,0.09,227.64,8567.17,873.846112,66766.0,1.48,3785.9,-598030.8,302877.6,0.9935,0.179,557.3,-0.09801,-74.55511,1.0,0,-1.0,-1.0,-1.0,-1.0,-1.0,0.0,0.0,0.0,0.0
1791655445.88,3220010.1,868.9,2780.2,2711.8,146.9,245.3,148.3,81.37,89.9,0.09,227.63,8779.99,865.611894,65989.9,1.48,3894.7,-598008.6,302943.1,0.9934,0.177,557.5,-0.09804,-74.55415,1.0,0,-1.0,-1.0,-1.0,-1.0,-1.0,0.0,0.0,0.0,0.0
1791655446.38,3220010.6,869.4,2857.2,2788.9,149.4,247.7,150.9,81.3,89.91,0.08,227.62,9008.0,856.971136,65177.3,1.49,4010.4,-597985.2,303012.6,0.9934,0.175,557.7,-0.09806,-74.5531,1.0,0,-1.0,-1.0,-1.0,-1.0,-1.0,0.0,0.0,0.0,0.0
1791655446.88,3220011.1,869.9,2932.6,2864.8,151.8,250.0,153.5,81.24,89.89,0.1,227.61,9227.2,848.589627,64391.0,1.49,4123.9,-597962.3,303080.8,0.9933,0.173,557.9,-0.09808,-74.55204,1.0,0,-1.0,-1.0,-1.0,-1.0,-1.0,0.0,0.0,0.0,0.0
1791655447.38,3220011.6,870.4,3009.1,2941.3,154.2,252.4,156.1,81.16,89.92,0.07,227.6,9449.1,840.137584,63599.9,1.5,4239.8,-597939.1,303150.3,0.9932,0.171,558.1,-0.09811,-74.55092,1.0,0,-1.0,-1.0,-1.0,-1.0,-1.0,0.0,0.0,0.0,0.0
1791655447.88,3220012.1,870.9,3086.8,3019.1,156.7,254.7,158.7,81.08,89.99,0.0,227.59,9672.81,831.616074,62804.2,1.51,4357.9,-597915.4,303221.2,0.9931,0.17,558.3,-0.09813,-74.54976,1.0,0,-1.0,-1.0,-1.0,-1.0,-1.0,0.0,0.0,0.0,0.0
1791655448.39,3220012.6,871.4,3165.8,3098.0,159.2,257.2,161.3,80.99,89.95,0.04,227.58,9896.88,823.02705,62004.1,1.51,4478.1,-597891.4,303293.4,0.993,0.169,558.5,-0.09815,-74.54854,1.0,0,-1.0,-1.0,-1.0,-1.0,-1.0,0.0,0.0,0.0,0.0
1791655448.89,3220013.1,871.9,3249.3,3181.5,161.8,259.7,164.0,80.9,89.93,0.06,227.57,10129.86,814.025302,61167.7,1.51,4605.4,-597866.0,303369.7,0.993,0.167,558.7,-0.09818,-74.54722,1.0,0,-1.0,-1.0,-1.0,-1.0,-1.0,0.0,0.0,0.0,0.0
1791655449.39,3220013.6,872.4,3327.5,3259.7,164.2,262.1,166.6,80.81,89.94,0.05,227.56,10344.72,805.655531,60391.9,1.51,4725.0,-597842.3,303441.4,0.9929,0.165,558.9,-0.0982,-74.54595,1.0,0,-1.0,-1.0,-1.0,-1.0,-1.0,0.0,0.0,0.0,0.0
1791655449.89,3220014.1,872.9,3403.6,3335.8,166.5,264.3,169.0,80.72,89.95,0.04,227.55,10550.31,797.582085,59645.4,1.51,4841.4,-597819.2,303511.1,0.9928,0.164,559.1,-0.09822,-74.54469,1.0,0,-1.0,-1.0,-1.0,-1.0,-1.0,0.0,0.0,0.0,0.0
1791655450.4,3220014.6,873.4,3487.5,3419.6,169.0,266.8,171.7,80.62,89.96,0.04,227.54,10773.28,788.750449,58830.8,1.52,4970.0,-597793.7,303588.2,0.9927,0.163,559.3,-0.09824,-74.54327,1.0,0,-1.0,-1.0,-1.0,-1.0,-1.0,0.0,0.0,0.0,0.0
1791655450.9,3220015.0,873.9,3565.8,3500.0,171.3,269.1,174.2,80.53,89.96,0.03,227.53,10977.84,780.575684,58078.7,1.52,5090.2,-597769.8,303660.2,0.9927,0.161,559.5,-0.09826,-74.54191,1.0,0,-1.0,-1.0,-1.0,-1.0,-1.0,0.0,0.0,0.0,0.0
1791655451.4,3220015.5,874.4,3652.1,3587.2,173.9,271.7,176.9,80.43,89.96,0.03,227.52,11199.41,771.638466,57258.6,1.52,5223.0,-597743.6,303739.7,0.9926,0.16,559.7,-0.09828,-74.54038,1.0,0,-1.0,-1.0,-1.0,-1.0,-1.0,0.0,0.0,0.0,0.0
1791655451.9,3220016.0,874.9,3739.7,3674.8,176.4,274.2,179.7,80.32,89.97,0.03,227.51,11420.03,762.649693,56436.0,1.52,5358.0,-597716.9,303820.6,0.9925,0.158,559.9,-0.09831,-74.5388,1.0,0,-1.0,-1.0,-1.0,-1.0,-1.0,0.0,0.0,0.0,0.0
1791655452.4,3220016.5,875.4,3828.6,3763.8,179.0,276.8,182.4,80.2,89.97,0.02,227.5,11639.54,753.61172,55611.2,1.53,5495.3,-597689.8,303902.7,0.9924,0.157,560.1,-0.09833,-74.53716,1.0,0,-1.0,-1.0,-1.0,-1.0,-1.0,0.0,0.0,0.0,0.0
1791655452.9,3220017.0,875.9,3918.8,3854.2,181.6,279.4,185.2,80.09,89.97,0.02,227.49,11857.79,744.527295,54784.5,1.53,5634.8,-597662.2,303986.3,0.9923,0.156,560.4,-0.09835,-74.53547,1.0,0,-1.0,-1.0,-1.0,-1.0,-1.0,0.0,0.0,0.0,0.0
1791655453.41,3220017.5,876.4,4010.2,3945.8,184.2,282.0,187.9,79.97,89.97,0.02,227.48,12074.64,735.398737,53956.2,1.53,5776.5,-597634.2,304071.2,0.9922,0.154,560.6,-0.09837,-74.53371,1.0,0,-1.0,-1.0,-1.0,-1.0,-1.0,0.0,0.0,0.0,0.0
1791655453.91,3220018.0,876.9,4103.0,4038.8,186.8,284.7,190.7,79.85,89.98,0.02,227.47,12289.95,726.228585,53126.5,1.53,5920.6,-597605.7,304157.4,0.9921,0.153,560.8,-0.09839,-74.5319,1.0,0,-1.0,-1.0,-1.0,-1.0,-1.0,0.0,0.0,0.0,0.0
1791655454.41,3220018.5,877.4,4197.0,4133.1,189.4,287.3,193.6,79.71,89.98,0.02,227.46,12497.5,717.019316,52295.7,1.54,6067.1,-597576.8,304245.1,0.992,0.152,561.1,-0.09841,-74.53004,1.0,0,-1.0,-1.0,-1.0,-1.0,-1.0,0.0,0.0,0.0,0.0
1791655454.91,3220019.0,877.9,4296.3,4232.5,192.1,290.1,196.5,79.58,89.98,0.02,227.45,12723.8,707.402975,51430.9,1.54,6221.8,-597546.1,304337.9,0.9919,0.15,561.3,-0.09843,-74.52804,1.0,0,-1.0,-1.0,-1.0,-1.0,-1.0,0.0,0.0,0.0,0.0
1791655455.42,3220019.5,878.5,4393.0,4329.5,194.8,292.9,199.4,79.45,89.98,0.02,227.44,12933.53,698.121836,50598.9,1.54,6373.1,-597516.0,304428.5,0.9918,0.149,561.6,-0.09845,-74.52605,1.0,0,-1.0,-1.0,-1.0,-1.0,-1.0,0.0,0.0,0.0,0.0
1791655455.92,3220020.0,879.0,4491.1,4427.8,197.4,295.6,202.2,79.31,89.98,0.01,227.43,13141.13,688.809288,49766.7,1.54,6526.7,-597485.4,304520.6,0.9917,0.148,561.8,-0.09847,-74.524,1.0,0,-1.0,-1.0,-1.0,-1.0,-1.0,0.0,0.0,0.0,0.0
1791655456.42,3220020.5,879.5,4590.5,4527.3,200.1,298.4,205.1,79.18,89.98,0.01,227.42,13346.46,679.467806,48934.5,1.55,6682.8,-597454.3,304614.3,0.9916,0.147,562.1,-0.09849,-74.5219,1.0,0,-1.0,-1.0,-1.0,-1.0,-1.0,0.0,0.0,0.0,0.0
1791655456.92,3220021.0,880.0,4691.2,4627.9,202.8,301.2,208.0,79.03,89.98,0.01,227.41,13549.38,670.100074,48102.7,1.55,6841.4,-597422.5,304709.4,0.9915,0.146,562.4,-0.09851,-74.51973,1.0,0,-1.0,-1.0,-1.0,-1.0,-1.0,0.0,0.0,0.0,0.0
1791655457.43,3220021.5,880.5,4793.3,4729.9,205.5,304.0,210.9,78.89,89.99,0.01,227.4,13749.74,660.708603,47271.5,1.55,7002.4,-597390.1,304806.2,0.9914,0.144,562.6,-0.09853,-74.5175,1.0,0,-1.0,-1.0,-1.0,-1.0,-1.0,0.0,0.0,0.0,0.0
1791655457.93,3220022.0,881.0,4896.8,4833.2,208.2,306.8,213.9,78.74,89.99,0.01,227.39,13947.37,651.295945,46441.2,1.56,7166.0,-597357.1,304904.5,0.9913,0.143,562.9,-0.09855,-74.51521,1.0,0,-1.0,-1.0,-1.0,-1.0,-1.0,0.0,0.0,0.0,0.0
1791655458.43,3220022.6,881.5,5005.8,4942.3,211.0,309.8,217.0,78.59,89.99,0.01,227.38,14149.82,641.487179,45579.0,1.56,7338.8,-597322.0,305008.4,0.9912,0.142,563.2,-0.09857,-74.51276,1.0,0,-1.0,-1.0,-1.0,-1.0,-1.0,0.0,0.0,0.0,0.0
1791655458.93,3220023.1,882.0,5112.0,5048.7,213.8,312.7,220.0,78.44,89.99,0.01,227.37,14341.35,632.039631,44751.4,1.56,7507.6,-597287.6,305110.0,0.9911,0.141,563.5,-0.09859,-74.51033,1.0,0,-1.0,-1.0,-1.0,-1.0,-1.0,0.0,0.0,0.0,0.0
1791655459.44,3220023.6,882.5,5219.6,5156.5,216.5,315.6,223.0,78.29,89.99,0.01,227.36,14529.67,622.578923,43925.6,1.57,7679.0,-597252.5,305213.2,0.991,0.14,563.8,-0.09861,-74.50785,1.0,0,-1.0,-1.0,-1.0,-1.0,-1.0,0.0,0.0,0.0,0.0
1791655459.94,3220024.1,883.0,5328.6,5266.2,219.3,318.6,226.0,78.13,89.99,0.01,227.35,14714.61,613.107834,43101.8,1.57,7853.0,-597216.7,305318.2,0.9909,0.139,564.1,-0.09863,-74.50529,1.0,0,-1.0,-1.0,-1.0,-1.0,-1.0,0.0,0.0,0.0,0.0
1791655460.44,3220024.6,883.5,5439.0,5377.4,222.1,321.6,229.1,77.98,89.99,0.01,227.34,14896.03,603.628966,42280.4,1.57,8029.7,-597180.1,305424.8,0.9908,0.138,564.4,-0.09865,-74.50267,1.0,0,-1.0,-1.0,-1.0,-1.0,-1.0,0.0,0.0,0.0,0.0
1791655460.94,3220025.1,884.0,5550.8,5489.9,224.9,324.6,232.2,77.82,89.99,0.01,227.32,15073.75,594.144986,41461.5,1.58,8209.2,-597142.7,305533.2,0.9906,0.137,564.7,-0.09867,-74.49998,1.0,0,-1.0,-1.0,-1.0,-1.0,-1.0,0.0,0.0,0.0,0.0
1791655461.44,3220025.6,884.5,5664.0,5603.2,227.7,327.7,235.3,77.66,89.99,0.01,227.31,15247.64,584.658439,40645.5,1.58,8391.4,-597104.6,305643.4,0.9905,0.135,565.0,-0.09868,-74.49723,1.0,0,-1.0,-1.0,-1.0,-1.0,-1.0,0.0,0.0,0.0,0.0
1791655461.95,3220026.1,885.0,5778.6,5717.6,230.6,330.7,238.4,77.49,89.99,0.01,227.3,15417.55,575.172066,39832.6,1.59,8576.3,-597065.5,305755.4,0.9904,0.134,565.3,-0.0987,-74.4944,1.0,0,-1.0,-1.0,-1.0,-1.0,-1.0,0.0,0.0,0.0,0.0
1791655462.45,3220026.6,885.5,5899.3,5838.1,233.6,334.0,241.7,77.32,89.99,0.01,227.29,15589.88,565.309182,38990.8,1.59,8771.7,-597024.0,305873.9,0.9903,0.133,565.6,-0.09872,-74.49139,1.0,0,-1.0,-1.0,-1.0,-1.0,-1.0,0.0,0.0,0.0,0.0
1791655462.95,3220027.1,886.0,6012.1,5950.8,236.3,337.0,244.7,77.15,89.99,0.0,227.28,15744.78,556.210254,38217.2,1.59,8954.8,-596984.8,305985.0,0.9901,0.132,565.9,-0.09874,-74.48853,1.0,0,-1.0,-1.0,-1.0,-1.0,-1.0,0.0,0.0,0.0,0.0
1791655463.46,3220027.5,886.5,6116.7,6055.3,238.9,339.8,247.5,77.0,89.99,0.0,227.27,15883.15,547.876168,37511.3,1.6,9125.0,-596948.1,306088.4,0.99,0.132,566.2,-0.09875,-74.48586,1.0,0,-1.0,-1.0,-1.0,-1.0,-1.0,0.0,0.0,0.0,0.0
1791655463.96,3220028.0,887.0,6236.9,6175.9,241.8,343.0,250.8,76.83,89.99,0.0,227.26,16025.48,538.415619,36713.0,1.6,9321.1,-596905.5,306207.8,0.9899,0.131,566.5,-0.09877,-74.48275,1.0,0,-1.0,-1.0,-1.0,-1.0,-1.0,0.0,0.0,0.0,0.0
1791655464.46,3220028.5,887.5,6358.5,6298.7,244.7,346.2,254.0,76.65,89.99,0.0,227.25,16184.18,528.968316,35919.1,1.61,9520.2,-596861.9,306329.2,0.9898,0.13,566.9,-0.09879,-74.47957,1.0,0,-1.0,-1.0,-1.0,-1.0,-1.0,0.0,0.0,0.0,0.0
1791655464.96,3220029.0,888.0,6486.6,6427.6,247.8,349.6,257.4,76.46,89.99,0.0,227.23,16333.0,519.160133,35098.4,1.61,9730.5,-596815.3,306457.6,0.9896,0.129,567.2,-0.0988,-74.47618,1.0,0,-1.0,-1.0,-1.0,-1.0,-1.0,0.0,0.0,0.0,0.0
1791655465.46,3220029.5,888.5,6611.2,6552.9,250.8,352.9,260.8,76.28,90.0,0.0,227.22,16470.89,509.748203,34314.3,1.62,9935.8,-596769.4,306583.2,0.9895,0.128,567.6,-0.09882,-74.47284,1.0,0,-1.0,-1.0,-1.0,-1.0,-1.0,0.0,0.0,0.0,0.0
1791655465.96,3220030.0,889.0,6737.4,6679.6,253.7,356.3,264.1,76.09,90.0,0.0,227.21,16603.48,500.357687,33535.3,1.62,10144.3,-596722.3,306711.0,0.9893,0.127,567.9,-0.09884,-74.46942,1.0,0,-1.0,-1.0,-1.0,-1.0,-1.0,0.0,0.0,0.0,0.0
1791655466.46,3220030.5,889.5,6865.0,6808.1,256.8,359.7,267.5,75.9,90.0,0.0,227.2,16730.63,490.991195,32761.7,1.63,10355.8,-596673.9,306841.0,0.9892,0.126,568.3,-0.09885,-74.46592,1.0,0,-1.0,-1.0,-1.0,-1.0,-1.0,0.0,0.0,0.0,0.0
1791655466.97,3220031.0,890.0,6994.2,6938.0,259.8,363.1,270.9,75.71,90.0,0.0,227.19,16852.14,481.651448,31993.8,1.63,10570.6,-596624.3,306973.2,0.989,0.125,568.6,-0.09887,-74.46234,1.0,0,-1.0,-1.0,-1.0,-1.0,-1.0,0.0,0.0,0.0,0.0
1791655467.47,3220031.5,890.5,7124.9,7069.3,262.8,366.6,274.3,75.51,90.0,0.0,227.18,16967.64,472.341143,31231.8,1.64,10788.5,-596573.3,307107.6,0.9888,0.124,569.0,-0.09889,-74.45867,1.0,0,-1.0,-1.0,-1.0,-1.0,-1.0,0.0,0.0,0.0,0.0
1791655467.97,3220032.0,891.0,7257.1,7202.1,265.9,370.1,277.8,75.31,90.0,0.0,227.16,17063.46,463.063119,30475.9,1.64,11009.6,-596521.0,307244.3,0.9887,0.124,569.4,-0.0989,-74.45492,1.0,0,-1.0,-1.0,-1.0,-1.0,-1.0,0.0,0.0,0.0,0.0
1791655468.47,3220032.5,891.5,7390.8,7337.5,269.0,373.6,281.3,75.11,90.0,0.0,227.15,17177.09,453.820434,29726.5,1.64,11233.6,-596467.4,307383.1,0.9885,0.123,569.8,-0.09892,-74.45108,1.0,0,-1.0,-1.0,-1.0,-1.0,-1.0,0.0,0.0,0.0,0.0
1791655468.97,3220033.0,892.0,7526.1,7474.8,272.0,377.2,284.8,74.9,90.0,0.0,227.14,17268.88,444.616413,28983.7,1.64,11460.3,-596412.5,307523.9,0.9883,0.122,570.2,-0.09893,-74.44716,1.0,0,-1.0,-1.0,-1.0,-1.0,-1.0,0.0,0.0,0.0,0.0
1791655469.47,3220033.5,892.5,7662.9,7614.3,275.1,380.8,288.3,74.69,90.0,0.0,227.13,17337.85,435.45431,28247.9,1.64,11689.9,-596356.3,307666.8,0.9882,0.121,570.6,-0.09895,-74.44314,1.0,0,-1.0,-1.0,-1.0,-1.0,-1.0,0.0,0.0,0.0,0.0
1791655469.98,3220034.0,893.0,7806.9,7760.9,278.3,384.5,291.9,74.47,89.99,0.0,227.11,17428.59,425.973399,27490.3,1.65,11931.7,-596296.3,307817.7,0.988,0.12,571.0,-0.09896,-74.43887,1.0,0,-1.0,-1.0,-1.0,-1.0,-1.0,0.0,0.0,0.0,0.0
1791655470.48,3220034.5,893.5,7941.2,7897.3,281.3,388.0,295.3,74.27,89.99,0.0,227.1,17491.98,417.267917,26798.2,1.65,12157.9,-596239.5,307959.2,0.9878,0.119,571.4,-0.09898,-74.43484,1.0,0,-1.0,-1.0,-1.0,-1.0,-1.0,0.0,0.0,0.0,0.0
1791655470.98,3220035.0,894.0,8088.4,8047.5,284.5,391.9,299.1,74.05,89.99,-0.0,227.09,17553.34,407.889562,26056.3,1.66,12406.7,-596176.3,308115.2,0.9876,0.118,571.8,-0.09899,-74.43037,1.0,0,-1.0,-1.0,-1.0,-1.0,-1.0,0.0,0.0,0.0,0.0
1791655471.49,3220035.5,894.5,8231.4,8193.9,287.7,395.6,302.7,73.83,89.99,-0.0,227.08,17606.14,398.925997,25351.0,1.67,12649.7,-596113.8,308268.0,0.9874,0.117,572.3,-0.09901,-74.42598,1.0,0,-1.0,-1.0,-1.0,-1.0,-1.0,0.0,0.0,0.0,0.0
1791655471.99,3220036.0,895.0,8376.1,8342.6,290.9,399.4,306.4,73.61,89.99,-0.0,227.06,17653.74,390.017553,24653.7,1.68,12897.1,-596049.4,308423.8,0.9872,0.116,572.7,-0.09902,-74.42149,1.0,0,-1.0,-1.0,-1.0,-1.0,-1.0,0.0,0.0,0.0,0.0
1791655472.49,3220036.6,895.5,8522.4,8493.5,294.1,403.3,310.2,73.39,89.99,-0.0,227.05,17696.82,381.166001,23964.6,1.69,13149.0,-595983.0,308583.0,0.987,0.116,573.1,-0.09904,-74.4169,1.0,0,-1.0,-1.0,-1.0,-1.0,-1.0,0.0,0.0,0.0,0.0
1791655472.99,3220037.0,896.0,8670.3,8646.8,297.4,407.2,314.0,73.17,89.99,-0.0,227.04,17735.68,372.372959,23283.7,1.7,13405.7,-595914.5,308745.6,0.9868,0.115,573.6,-0.09905,-74.41221,1.0,0,-1.0,-1.0,-1.0,-1.0,-1.0,0.0,0.0,0.0,0.0
1791655473.49,3220037.6,896.5,8825.9,8808.4,300.9,411.4,318.1,72.94,89.99,0.0,227.02,17771.18,363.146565,22584.5,1.72,13678.2,-595840.9,308918.6,0.9865,0.114,574.1,-0.09906,-74.40722,1.0,0,-1.0,-1.0,-1.0,-1.0,-1.0,0.0,0.0,0.0,0.0
1791655474.0,3220038.1,897.0,8977.3,8966.0,304.4,415.6,322.1,72.72,89.99,0.0,227.01,17705.36,352.507507,21922.9,1.73,13945.4,-595767.9,309088.8,0.9863,0.113,574.5,-0.09907,-74.40232,1.0,0,-1.0,-1.0,-1.0,-1.0,-1.0,0.0,0.0,0.0,0.0
1791655474.5,3220038.6,897.5,9130.4,9125.7,307.9,419.8,326.2,72.49,89.99,0.0,227.0,17636.36,342.062615,21273.3,1.74,14217.7,-595692.5,309262.6,0.9861,0.112,575.0,-0.09909,-74.3973,1.0,0,-1.0,-1.0,-1.0,-1.0,-1.0,0.0,0.0,0.0,0.0
1791655475.0,3220039.1,898.0,9285.2,9287.5,311.4,424.0,330.3,72.27,89.99,0.0,226.98,17563.29,331.812473,20635.8,1.76,14494.9,-595614.9,309440.0,0.9858,0.111,575.5,-0.0991,-74.39217,1.0,0,-1.0,-1.0,-1.0,-1.0,-1.0,0.0,0.0,0.0,0.0
1791655475.5,3220039.6,898.5,9441.8,9451.9,315.0,428.4,334.5,72.03,90.0,0.0,226.97,17485.24,321.757999,20010.5,1.77,14776.9,-595535.0,309621.0,0.9856,0.11,576.0,-0.09911,-74.38693,1.0,0,-1.0,-1.0,-1.0,-1.0,-1.0,0.0,0.0,0.0,0.0
1791655476.01,3220040.1,899.0,9593.9,9612.7,318.4,432.6,338.6,71.81,90.0,0.01,226.96,17384.57,312.290165,19421.7,1.78,15052.2,-595456.1,309798.1,0.9853,0.109,576.5,-0.09912,-74.38179,1.0,0,-1.0,-1.0,-1.0,-1.0,-1.0,0.0,0.0,0.0,0.0
1791655476.51,3220040.6,899.5,9760.5,9790.1,322.2,437.2,343.1,71.56,90.0,0.01,226.94,17314.19,302.237531,18796.5,1.79,15355.7,-595368.0,309993.8,0.9851,0.109,577.1,-0.09913,-74.3761,1.0,0,-1.0,-1.0,-1.0,-1.0,-1.0,0.0,0.0,0.0,0.0
1791655477.01,3220041.1,900.0,9922.5,9965.5,325.9,441.7,347.4,71.32,90.0,0.02,226.93,17221.51,292.771598,18207.8,1.8,15652.7,-595280.7,310186.0,0.9848,0.108,577.6,-0.09914,-74.3705,1.0,0,-1.0,-1.0,-1.0,-1.0,-1.0,0.0,0.0,0.0,0.0
1791655477.52,3220041.5,900.5,10053.5,10108.7,328.9,445.4,351.0,71.13,90.0,0.02,226.92,17144.04,285.339641,17745.6,1.81,15894.1,-595209.0,310342.6,0.9846,0.107,578.0,-0.09915,-74.36593,1.0,0,-1.0,-1.0,-1.0,-1.0,-1.0,0.0,0.0,0.0,0.0
1791655478.02,3220042.0,901.1,10218.9,10289.4,332.7,450.1,355.5,70.89,90.0,0.02,226.9,17043.12,276.224747,17178.7,1.82,16200.7,-595116.8,310542.0,0.9843,0.107,578.6,-0.09916,-74.36011,1.0,0,-1.0,-1.0,-1.0,-1.0,-1.0,0.0,0.0,0.0,0.0
1791655478.52,3220042.5,901.6,10386.2,10476.1,336.5,454.8,360.0,70.64,90.0,0.02,226.89,16937.69,267.303068,16623.9,1.83,16512.9,-595021.9,310745.5,0.984,0.106,579.2,-0.09917,-74.35417,1.0,0,-1.0,-1.0,-1.0,-1.0,-1.0,0.0,0.0,0.0,0.0
1791655479.02,3220043.0,902.1,10555.5,10671.0,340.4,459.6,364.6,70.39,90.0,0.02,226.87,16827.75,258.572673,16080.9,1.84,16830.9,-594924.0,310953.4,0.9837,0.106,579.7,-0.09918,-74.34809,1.0,0,-1.0,-1.0,-1.0,-1.0,-1.0,0.0,0.0,0.0,0.0
1791655479.52,3220043.5,902.6,10726.7,10877.7,344.3,464.5,369.3,70.14,90.0,0.02,226.86,16713.24,250.031046,15549.7,1.86,17154.6,-594823.0,311165.8,0.9834,0.105,580.3,-0.09919,-74.34188,1.0,0,-1.0,-1.0,-1.0,-1.0,-1.0,0.0,0.0,0.0,0.0
1791655480.02,3220044.0,903.1,10899.8,11091.8,348.2,469.4,374.1,69.89,90.0,0.02,226.84,16594.1,241.676147,15030.1,1.87,17484.4,-594718.9,311382.8,0.983,0.105,580.9,-0.0992,-74.33553,1.0,0,-1.0,-1.0,-1.0,-1.0,-1.0,0.0,0.0,0.0,0.0
1791655480.53,3220044.5,903.6,11075.0,11313.5,352.2,474.5,378.9,69.63,90.0,0.02,226.83,16448.44,233.508638,14522.2,1.88,17820.4,-594611.5,311604.4,0.9827,0.104,581.6,-0.09921,-74.32905,1.0,0,-1.0,-1.0,-1.0,-1.0,-1.0,0.0,0.0,0.0,0.0
1791655481.03,3220045.0,904.1,11259.3,11543.8,356.5,479.8,384.1,69.36,90.0,0.02,226.81,16337.11,225.212762,14006.2,1.9,18176.4,-594496.3,311840.1,0.9824,0.104,582.2,-0.09922,-74.32216,1.0,0,-1.0,-1.0,-1.0,-1.0,-1.0,0.0,0.0,0.0,0.0
1791655481.53,3220045.5,904.6,11431.4,11751.1,360.4,484.8,388.9,69.11,90.0,0.02,226.8,16187.6,217.733836,13541.1,1.91,18511.3,-594386.5,312062.4,0.982,0.103,582.8,-0.09922,-74.31565,1.0,0,-1.0,-1.0,-1.0,-1.0,-1.0,0.0,0.0,0.0,0.0
1791655482.03,3220046.0,905.1,11619.9,11973.9,364.8,490.3,394.1,68.83,90.0,0.02,226.78,16067.2,209.824131,13049.2,1.92,18880.9,-594263.8,312308.6,0.9816,0.103,583.5,-0.09923,-74.30846,1.0,0,-1.0,-1.0,-1.0,-1.0,-1.0,0.0,0.0,0.0,0.0
1791655482.53,3220046.5,905.6,11803.4,12184.0,369.0,495.7,399.3,68.56,90.0,0.02,226.77,15925.53,202.40573,12587.8,1.94,19243.2,-594141.9,312550.6,0.9813,0.103,584.2,-0.09924,-74.30139,1.0,0,-1.0,-1.0,-1.0,-1.0,-1.0,0.0,0.0,0.0,0.0
1791655483.04,3220047.0,906.1,11989.0,12392.0,373.3,501.1,404.5,68.29,90.0,0.01,226.75,15779.28,195.168782,12137.8,1.95,19612.3,-594016.2,312798.0,0.9809,0.102,584.9,-0.09925,-74.29416,1.0,0,-1.0,-1.0,-1.0,-1.0,-1.0,0.0,0.0,0.0,0.0
1791655483.54,3220047.5,906.6,12176.8,12603.1,377.6,506.6,409.8,68.01,90.0,0.01,226.74,15628.34,188.110912,11698.8,1.97,19988.4,-593886.5,313050.9,0.9805,0.102,585.6,-0.09925,-74.28678,1.0,0,-1.0,-1.0,-1.0,-1.0,-1.0,0.0,0.0,0.0,0.0
1791655484.04,3220048.0,907.1,12366.7,12815.8,382.0,512.3,415.2,67.73,90.0,0.01,226.72,15472.62,181.230524,11270.9,1.98,20371.5,-593752.7,313309.4,0.9801,0.102,586.3,-0.09926,-74.27924,1.0,0,-1.0,-1.0,-1.0,-1.0,-1.0,0.0,0.0,0.0,0.0
1791655484.54,3220048.5,907.6,12558.9,13035.5,386.4,518.0,420.7,67.45,90.0,0.01,226.71,15289.58,174.526698,10854.0,1.99,20761.8,-593614.6,313573.6,0.9796,0.102,587.1,-0.09927,-74.27154,1.0,0,-1.0,-1.0,-1.0,-1.0,-1.0,0.0,0.0,0.0,0.0
1791655485.04,3220049.0,908.1,12753.2,13258.7,390.9,523.8,426.2,67.16,90.0,0.01,226.69,15146.9,167.9983,10448.0,2.01,21159.4,-593472.2,313843.6,0.9792,0.101,587.8,-0.09927,-74.26367,1.0,0,-1.0,-1.0,-1.0,-1.0,-1.0,0.0,0.0,0.0,0.0
1791655485.54,3220049.5,908.6,12949.8,13484.6,395.4,529.6,431.9,66.87,90.0,0.01,226.67,14976.98,161.643734,10052.8,2.02,21564.5,-593325.2,314119.6,0.9788,0.101,588.6,-0.09928,-74.25564,1.0,0,-1.0,-1.0,-1.0,-1.0,-1.0,0.0,0.0,0.0,0.0
1791655486.05,3220050.0,909.1,13156.7,13712.9,400.2,535.8,437.8,66.56,90.0,0.01,226.66,14795.3,155.217311,9653.1,2.04,21993.7,-593167.3,314413.2,0.9783,0.101,589.4,-0.09928,-74.2471,1.0,0,-1.0,-1.0,-1.0,-1.0,-1.0,0.0,0.0,0.0,0.0
1791655486.55,3220050.5,909.6,13358.0,13935.2,404.8,541.9,443.6,66.26,90.01,0.0,226.64,14615.82,149.210809,9279.6,2.05,22414.4,-593010.6,314701.9,0.9778,0.101,590.3,-0.09929,-74.23871,1.0,0,-1.0,-1.0,-1.0,-1.0,-1.0,0.0,0.0,0.0,0.0
1791655487.05,3220051.0,910.1,13561.6,14154.7,409.5,548.0,449.5,65.96,90.02,-0.0,226.62,14431.49,143.369552,8916.3,2.07,22842.8,-592848.9,314997.0,0.9773,0.101,591.1,-0.09929,-74.23014,1.0,0,-1.0,-1.0,-1.0,-1.0,-1.0,0.0,0.0,0.0,0.0
1791655487.55,3220051.5,910.6,13767.6,13767.6,414.2,554.3,455.4,65.65,90.04,-0.02,226.61,14242.07,137.688541,8563.0,2.08,23279.3,-592682.0,315298.7,0.9768,0.101,591.9,-0.0993,-74.22139,1.0,0,-1.0,-1.0,-1.0,-1.0,-1.0,0.0,0.0,0.0,0.0
1791655488.05,3220052.0,911.1,13975.9,13975.9,419.0,560.6,461.5,65.35,90.03,-0.02,226.59,14047.68,132.167624,8219.7,2.1,23723.9,-592509.8,315607.0,0.9763,0.1,592.8,-0.0993,-74.21246,1.0,0,-1.0,-1.0,-1.0,-1.0,-1.0,0.0,0.0,0.0,0.0
1791655488.56,3220052.5,911.6,14186.7,14186.7,423.8,567.0,467.6,65.04,89.99,0.02,226.57,13848.46,126.806653,7886.3,2.11,24176.6,-592332.1,315922.2,0.9757,0.1,593.7,-0.09931,-74.20333,1.0,0,-1.0,-1.0,-1.0,-1.0,-1.0,0.0,0.0,0.0,0.0
1791655489.06,3220053.0,912.1,14399.8,14399.8,428.7,573.4,473.8,64.71,89.99,0.01,226.55,13621.56,121.605224,7562.8,2.12,24637.2,-592149.1,316244.1,0.9752,0.1,594.6,-0.09931,-74.19402,1.0,0,-1.0,-1.0,-1.0,-1.0,-1.0,0.0,0.0,0.0,0.0
1791655489.56,3220053.5,912.6,14615.4,14615.4,433.6,580.0,480.0,64.41,90.02,-0.02,226.53,13411.55,116.562744,7249.2,2.13,25105.0,-591960.8,316572.1,0.9746,0.1,595.5,-0.09932,-74.18451,1.0,0,-1.0,-1.0,-1.0,-1.0,-1.0,0.0,0.0,0.0,0.0
1791655490.06,3220054.0,913.1,14833.5,14833.5,438.5,586.6,486.3,64.09,90.04,-0.04,226.52,13196.13,111.678318,6945.4,2.14,25579.9,-591767.0,316906.4,0.974,0.1,596.5,-0.09932,-74.1748,1.0,0,-1.0,-1.0,-1.0,-1.0,-1.0,0.0,0.0,0.0,0.0
1791655490.56,3220054.5,913.6,15054.0,15054.0,443.4,593.2,492.7,63.76,90.03,-0.03,226.5,12998.07,106.950703,6651.4,2.15,26062.0,-591567.7,317247.2,0.9734,0.1,597.4,-0.09932,-74.16489,1.0,0,-1.0,-1.0,-1.0,-1.0,-1.0,0.0,0.0,0.0,0.0
1791655491.07,3220055.0,914.1,15285.9,15285.9,448.5,600.2,499.3,63.41,90.01,-0.01,226.48,12763.91,102.198385,6355.8,2.16,26571.0,-591354.1,317608.5,0.9728,0.1,598.5,-0.09933,-74.15436,1.0,0,-1.0,-1.0,-1.0,-1.0,-1.0,0.0,0.0,0.0,0.0
1791655491.57,3220055.5,914.6,15511.4,15511.4,453.4,607.0,505.8,63.08,90.0,-0.0,226.46,12534.5,97.784653,6081.3,2.17,27068.0,-591142.6,317962.7,0.9721,0.1,599.5,-0.09933,-74.14403,1.0,0,-1.0,-1.0,-1.0,-1.0,-1.0,0.0,0.0,0.0,0.0
1791655492.07,3220055.9,915.1,15702.8,15702.8,457.6,612.7,511.2,62.8,90.01,-0.0,226.45,12338.87,94.193176,5858.0,2.17,27491.3,-590960.2,318265.5,0.9716,0.1,600.3,-0.09933,-74.13519,1.0,0,-1.0,-1.0,-1.0,-1.0,-1.0,0.0,0.0,0.0,0.0
1791655492.57,3220056.4,915.6,15932.8,15932.9,462.6,619.6,517.8,62.46,90.02,-0.01,226.43,12102.73,90.052967,5600.5,2.18,28002.1,-590737.1,318632.5,0.9709,0.1,601.4,-0.09934,-74.12447,1.0,0,-1.0,-1.0,-1.0,-1.0,-1.0,0.0,0.0,0.0,0.0
1791655493.08,3220056.9,916.1,16165.4,16165.4,467.6,626.6,524.4,62.11,90.02,-0.02,226.41,11856.46,85.999642,5351.9,2.19,28520.6,-590507.4,319006.6,0.9702,0.1,602.4,-0.09934,-74.11354,1.0,0,-1.0,-1.0,-1.0,-1.0,-1.0,0.0,0.0,0.0,0.0
1791655493.58,3220057.5,916.6,16400.5,16400.5,472.6,633.6,531.1,61.76,90.02,-0.02,226.39,11577.64,82.034552,5112.1,2.2,29046.8,-590270.9,319388.0,0.9695,0.1,603.5,-0.09934,-74.10238,1.0,0,-1.0,-1.0,-1.0,-1.0,-1.0,0.0,0.0,0.0,0.0
1791655494.08,3220058.0,917.1,16647.7,16647.7,477.8,641.0,538.1,61.4,90.02,-0.02,226.37,11331.26,78.063199,4871.5,2.21,29602.4,-590017.4,319792.5,0.9688,0.1,604.6,-0.09935,-74.09054,1.0,0,-1.0,-1.0,-1.0,-1.0,-1.0,0.0,0.0,0.0,0.0
1791655494.58,3220058.5,917.6,16887.9,16887.9,482.9,648.1,544.9,61.04,90.02,-0.02,226.35,11071.99,74.385623,4648.3,2.22,30144.7,-589766.1,320189.3,0.968,0.1,605.8,-0.09935,-74.07892,1.0,0,-1.0,-1.0,-1.0,-1.0,-1.0,0.0,0.0,0.0,0.0
1791655495.08,3220059.0,918.1,17130.6,17130.6,487.9,655.4,551.7,60.68,90.02,-0.02,226.33,10811.9,70.843745,4433.1,2.23,30694.9,-589507.3,320593.8,0.9673,0.1,606.9,-0.09935,-74.06707,1.0,0,-1.0,-1.0,-1.0,-1.0,-1.0,0.0,0.0,0.0,0.0
1791655495.58,3220059.5,918.6,17375.9,17375.9,493.0,662.6,558.7,60.32,90.02,-0.02,226.31,10551.6,67.436315,4225.8,2.24,31253.3,-589240.7,321006.3,0.9665,0.1,608.1,-0.09935,-74.05499,1.0,0,-1.0,-1.0,-1.0,-1.0,-1.0,0.0,0.0,0.0,0.0
1791655496.09,3220060.0,919.1,17623.7,17623.7,498.1,670.0,565.6,59.95,90.02,-0.02,226.29,10291.66,64.161892,4026.3,2.25,31819.8,-588966.0,321426.9,0.9657,0.1,609.3,-0.09936,-74.04267,1.0,0,-1.0,-1.0,-1.0,-1.0,-1.0,0.0,0.0,0.0,0.0
1791655496.59,3220060.5,919.6,17874.0,17874.0,503.2,677.4,572.7,59.58,90.02,-0.02,226.26,10032.65,61.018666,3834.5,2.26,32394.4,-588683.0,321855.7,0.9648,0.1,610.5,-0.09936,-74.03011,1.0,0,-1.0,-1.0,-1.0,-1.0,-1.0,0.0,0.0,0.0,0.0
1791655497.09,3220061.0,920.1,18126.9,18127.0,508.3,684.9,579.8,59.21,90.02,-0.02,226.24,9775.1,58.004537,3650.3,2.27,32977.4,-588391.4,322293.0,0.964,0.1,611.7,-0.09936,-74.01731,1.0,0,-1.0,-1.0,-1.0,-1.0,-1.0,0.0,0.0,0.0,0.0
1791655497.59,3220061.5,920.6,18382.4,18382.4,513.4,692.5,586.9,58.83,90.02,-0.01,226.22,9499.98,55.117107,3473.6,2.28,33568.7,-588090.8,322738.9,0.9631,0.1,613.0,-0.09936,-74.00425,1.0,0,-1.0,-1.0,-1.0,-1.0,-1.0,0.0,0.0,0.0,0.0
1791655498.09,3220062.0,921.1,18650.8,18650.8,518.8,700.4,594.4,58.43,90.01,-0.01,226.2,9256.14,52.245656,3297.6,2.29,34192.6,-587768.6,323212.0,0.9622,0.1,614.4,-0.09936,-73.9904,1.0,0,-1.0,-1.0,-1.0,-1.0,-1.0,0.0,0.0,0.0,0.0
1791655498.6,3220062.5,921.6,18911.5,18911.5,523.9,708.1,601.7,58.04,90.01,-0.01,226.18,9005.73,49.607838,3135.8,2.31,34801.1,-587449.1,323676.0,0.9612,0.099,615.7,-0.09937,-73.97683,1.0,0,-1.0,-1.0,-1.0,-1.0,-1.0,0.0,0.0,0.0,0.0
1791655499.1,3220063.0,922.1,19164.3,19164.2,528.9,715.6,608.8,57.67,90.01,-0.01,226.16,8749.89,47.185939,2986.9,2.32,35393.3,-587133.2,324130.0,0.9603,0.099,617.0,-0.09937,-73.96355,1.0,0,-1.0,-1.0,-1.0,-1.0,-1.0,0.0,0.0,0.0,0.0
1791655499.6,3220063.5,922.6,19440.7,19440.7,534.3,723.7,616.5,57.26,90.01,-0.01,226.13,8514.33,44.680351,2832.7,2.33,36043.7,-586780.6,324631.6,0.9593,0.099,618.4,-0.09937,-73.94889,1.0,0,-1.0,-1.0,-1.0,-1.0,-1.0,0.0,0.0,0.0,0.0
1791655500.1,3220064.0,923.1,19709.2,19709.2,539.4,731.7,624.0,56.86,90.01,-0.01,226.11,8273.74,42.38271,2691.1,2.34,36678.0,-586430.9,325123.6,0.9583,0.099,619.8,-0.09937,-73.93452,1.0,0,-1.0,-1.0,-1.0,-1.0,-1.0,0.0,0.0,0.0,0.0
1791655500.6,3220064.5,923.6,19980.2,19980.2,544.6,739.7,631.5,56.46,90.01,-0.01,226.09,8036.64,40.189883,2555.7,2.35,37321.1,-586070.4,325625.3,0.9572,0.099,621.3,-0.09937,-73.91988,1.0,0,-1.0,-1.0,-1.0,-1.0,-1.0,0.0,0.0,0.0,0.0
1791655501.11,3220065.0,924.1,20253.8,20253.8,549.8,747.7,639.1,56.05,90.01,-0.01,226.06,7802.97,38.096944,2426.3,2.36,37973.1,-585698.9,326137.1,0.9562,0.099,622.7,-0.09937,-73.90495,1.0,0,-1.0,-1.0,-1.0,-1.0,-1.0,0.0,0.0,0.0,0.0
1791655501.61,3220065.5,924.6,20530.1,20530.1,555.0,755.9,646.8,55.65,90.01,-0.01,226.04,7572.51,36.098568,2302.6,2.37,38634.1,-585316.0,326659.0,0.955,0.099,624.2,-0.09938,-73.88975,1.0,0,-1.0,-1.0,-1.0,-1.0,-1.0,0.0,0.0,0.0,0.0
1791655502.11,3220066.0,925.1,20820.1,20820.1,560.4,764.4,654.9,55.22,90.01,-0.01,226.02,7335.86,34.114403,2179.6,2.38,39331.1,-584905.2,327213.0,0.9539,0.099,625.8,-0.09938,-73.87364,1.0,0,-1.0,-1.0,-1.0,-1.0,-1.0,0.0,0.0,0.0,0.0
1791655502.61,3220066.5,925.6,21090.3,21090.3,565.4,772.3,662.4,54.81,90.01,-0.01,225.99,7119.66,32.362179,2070.7,2.4,39983.3,-584514.3,327734.5,0.9527,0.099,627.3,-0.09938,-73.85848,1.0,0,-1.0,-1.0,-1.0,-1.0,-1.0,0.0,0.0,0.0,0.0
1791655503.11,3220067.0,926.1,21385.8,21385.8,570.8,781.0,670.6,54.38,90.01,-0.01,225.97,6887.43,30.544516,1957.6,2.41,40699.5,-584077.6,328310.9,0.9515,0.099,629.0,-0.09938,-73.84176,1.0,0,-1.0,-1.0,-1.0,-1.0,-1.0,0.0,0.0,0.0,0.0
1791655503.62,3220067.5,926.6,21672.5,21672.5,576.0,789.5,678.5,53.95,90.01,-0.01,225.94,6666.57,28.874785,1853.6,2.42,41397.7,-583644.6,328876.6,0.9503,0.099,630.6,-0.09938,-73.82538,1.0,0,-1.0,-1.0,-1.0,-1.0,-1.0,0.0,0.0,0.0,0.0
1791655504.12,3220068.0,927.2,21961.9,21961.9,581.3,798.0,686.6,53.52,90.01,-0.02,225.92,6448.61,27.280465,1754.0,2.43,42105.4,-583198.0,329453.7,0.949,0.099,632.2,-0.09938,-73.80869,1.0,0,-1.0,-1.0,-1.0,-1.0,-1.0,0.0,0.0,0.0,0.0
1791655504.62,3220068.5,927.7,22253.8,22253.8,586.5,806.6,694.7,53.09,90.01,-0.02,225.89,6233.99,25.76029,1659.0,2.45,42822.7,-582737.6,330042.6,0.9477,0.099,633.9,-0.09938,-73.7917,1.0,0,-1.0,-1.0,-1.0,-1.0,-1.0,0.0,0.0,0.0,0.0
1791655505.12,3220069.0,928.2,22548.4,22548.4,591.7,815.3,702.9,52.65,90.01,-0.02,225.87,6023.16,24.312864,1568.3,2.46,43549.7,-582262.9,330643.4,0.9464,0.099,635.7,-0.09938,-73.77439,1.0,0,-1.0,-1.0,-1.0,-1.0,-1.0,0.0,0.0,0.0,0.0
1791655505.63,3220069.5,928.7,22845.6,22845.6,596.9,824.0,711.1,52.21,90.01,-0.02,225.84,5816.51,22.936606,1482.0,2.47,44286.5,-581773.4,331256.6,0.945,0.099,637.4,-0.09938,-73.75676,1.0,0,-1.0,-1.0,-1.0,-1.0,-1.0,0.0,0.0,0.0,0.0
1791655506.13,3220070.0,929.2,23145.4,23145.4,602.1,832.9,719.4,51.77,90.0,-0.02,225.81,5614.4,21.629797,1399.8,2.48,45033.3,-581268.6,331882.3,0.9436,0.099,639.2,-0.09938,-73.73881,1.0,0,-1.0,-1.0,-1.0,-1.0,-1.0,0.0,0.0,0.0,0.0
1791655506.63,3220070.4,929.7,23411.4,23411.4,606.8,840.7,726.8,51.37,90.0,-0.02,225.79,5440.56,20.535768,1331.0,2.5,45698.7,-580811.4,332443.6,0.9423,0.099,640.9,-0.09938,-73.72275,1.0,0,-1.0,-1.0,-1.0,-1.0,-1.0,0.0,0.0,0.0,0.0
1791655507.13,3220070.9,930.2,23716.1,23716.1,612.0,849.7,735.3,50.92,90.0,-0.02,225.76,5247.81,19.354304,1256.5,2.51,46464.4,-580276.7,333093.9,0.9408,0.099,642.8,-0.09938,-73.70419,1.0,0,-1.0,-1.0,-1.0,-1.0,-1.0,0.0,0.0,0.0,0.0
1791655507.64,3220071.5,930.7,24023.4,24023.4,617.2,858.8,743.9,50.47,90.0,-0.02,225.74,5048.32,18.23644,1185.9,2.52,47240.3,-579725.2,333757.6,0.9393,0.099,644.7,-0.09938,-73.68528,1.0,0,-1.0,-1.0,-1.0,-1.0,-1.0,0.0,0.0,0.0,0.0
1791655508.14,3220072.0,931.2,24333.4,24333.4,622.4,868.0,752.5,50.01,90.0,-0.02,225.71,4866.75,17.179806,1119.1,2.54,48026.6,-579156.6,334435.0,0.9377,0.099,646.6,-0.09938,-73.66604,1.0,0,-1.0,-1.0,-1.0,-1.0,-1.0,0.0,0.0,0.0,0.0
1791655508.64,3220072.4,931.7,24645.9,24645.9,627.6,877.2,761.2,49.55,90.0,-0.01,225.68,4701.97,16.181884,1055.9,2.55,48823.4,-578570.2,335126.6,0.9361,0.099,648.6,-0.09938,-73.64646,1.0,0,-1.0,-1.0,-1.0,-1.0,-1.0,0.0,0.0,0.0,0.0
1791655509.15,3220073.0,932.2,24973.7,24973.7,633.1,886.9,770.3,49.06,90.0,-0.01,225.65,4524.37,15.203411,993.8,2.57,49663.3,-577940.9,335861.2,0.9343,0.099,650.8,-0.09938,-73.62571,1.0,0,-1.0,-1.0,-1.0,-1.0,-1.0,0.0,0.0,0.0,0.0
1791655509.65,3220073.5,932.7,25291.6,25291.6,638.3,896.3,779.2,48.6,90.0,-0.01,225.62,4359.16,14.316683,937.5,2.58,50481.8,-577316.6,336582.6,0.9326,0.099,652.9,-0.09938,-73.60541,1.0,0,-1.0,-1.0,-1.0,-1.0,-1.0,0.0,0.0,0.0,0.0
1791655510.15,3220074.0,933.2,25612.1,25612.1,643.5,905.8,788.2,48.12,90.0,-0.01,225.59,4199.21,13.479903,884.2,2.6,51311.1,-576672.7,337319.2,0.9308,0.099,655.0,-0.09938,-73.58474,1.0,0,-1.0,-1.0,-1.0,-1.0,-1.0,0.0,0.0,0.0,0.0
1791655510.65,3220074.5,933.7,25935.2,25935.2,648.7,915.4,797.2,47.65,90.0,-0.01,225.56,4036.7,12.664451,833.8,2.61,52151.3,-576008.8,338071.3,0.929,0.099,657.2,-0.09938,-73.5637,1.0,0,-1.0,-1.0,-1.0,-1.0,-1.0,0.0,0.0,0.0,0.0
1791655511.15,3220075.0,934.2,26260.8,26260.8,653.9,925.1,806.3,47.17,90.0,-0.01,225.54,3873.94,11.881686,786.1,2.63,53002.7,-575324.1,338839.3,0.9272,0.099,659.5,-0.09938,-73.5423,1.0,0,-1.0,-1.0,-1.0,-1.0,-1.0,0.0,0.0,0.0,0.0
1791655511.65,3220075.5,934.7,26589.1,26589.1,659.1,934.8,815.5,46.68,90.0,-0.01,225.51,3715.83,11.143014,740.9,2.64,53865.4,-574617.9,339623.7,0.9253,0.099,661.7,-0.09938,-73.52052,1.0,0,-1.0,-1.0,-1.0,-1.0,-1.0,0.0,0.0,0.0,0.0
1791655512.16,3220076.0,935.2,26920.0,26920.0,664.2,944.7,824.8,46.2,90.0,-0.01,225.47,3561.69,10.4443,697.9,2.66,54739.5,-573889.8,340424.8,0.9233,0.099,664.1,-0.09938,-73.49836,1.0,0,-1.0,-1.0,-1.0,-1.0,-1.0,0.0,0.0,0.0,0.0
1791655512.66,3220076.5,935.7,27266.8,27266.8,669.6,955.0,834.5,45.68,90.0,-0.01,225.44,3405.23,9.757012,655.3,2.67,55660.7,-573108.2,341276.2,0.9212,0.099,666.6,-0.09937,-73.4749,1.0,0,-1.0,-1.0,-1.0,-1.0,-1.0,0.0,0.0,0.0,0.0
1791655513.17,3220077.0,936.2,27589.4,27589.4,674.6,964.7,843.6,45.2,90.0,-0.01,225.41,3264.89,9.158304,618.1,2.69,56522.2,-572364.1,342079.0,0.9192,0.099,668.9,-0.09937,-73.45287,1.0,0,-1.0,-1.0,-1.0,-1.0,-1.0,0.0,0.0,0.0,0.0
1791655513.67,3220077.5,936.7,27941.6,27941.6,679.9,975.2,853.6,44.68,90.0,-0.01,225.38,3117.58,8.54723,579.8,2.71,57467.7,-571532.7,342967.5,0.917,0.099,671.5,-0.09937,-73.42859,1.0,0,-1.0,-1.0,-1.0,-1.0,-1.0,0.0,0.0,0.0,0.0
1791655514.17,3220078.0,937.2,28269.2,28269.2,684.8,985.0,862.8,44.2,90.0,-0.01,225.35,2986.16,8.016668,546.4,2.72,58351.9,-570741.2,343805.4,0.9149,0.099,674.0,-0.09937,-73.4058,1.0,0,-1.0,-1.0,-1.0,-1.0,-1.0,0.0,0.0,0.0,0.0
1791655514.67,3220078.5,937.7,28626.7,28626.7,690.1,995.7,872.9,43.67,90.0,-0.01,225.31,2848.89,7.476878,512.3,2.74,59322.5,-569856.9,344732.8,0.9126,0.099,676.7,-0.09937,-73.38067,1.0,0,-1.0,-1.0,-1.0,-1.0,-1.0,0.0,0.0,0.0,0.0
1791655515.17,3220079.0,938.2,28973.1,28973.0,695.2,1006.2,882.7,43.16,90.0,-0.01,225.28,2722.06,6.990844,481.4,2.75,60268.2,-568979.4,345644.4,0.9103,0.099,679.4,-0.09937,-73.3561,1.0,0,-1.0,-1.0,-1.0,-1.0,-1.0,0.0,0.0,0.0,0.0
1791655515.67,3220079.5,938.7,29308.0,29308.0,700.1,1016.2,892.2,42.67,90.0,-0.01,225.25,2598.06,6.553418,453.5,2.77,61187.7,-568111.2,346538.3,0.908,0.099,682.1,-0.09936,-73.33211,1.0,0,-1.0,-1.0,-1.0,-1.0,-1.0,0.0,0.0,0.0,0.0
1791655516.18,3220080.0,939.2,29673.4,29673.4,705.4,1027.2,902.6,42.13,90.0,-0.01,225.21,2483.89,6.11034,425.0,2.79,62196.9,-567141.1,347527.9,0.9054,0.099,685.0,-0.09936,-73.30568,1.0,0,-1.0,-1.0,-1.0,-1.0,-1.0,0.0,0.0,0.0,0.0
1791655516.68,3220080.5,939.7,30027.4,30027.4,710.4,1037.9,912.7,41.61,90.0,-0.01,225.18,2372.61,5.713041,399.4,2.81,63180.2,-566178.5,348500.8,0.903,0.099,687.9,-0.09936,-73.27983,1.0,0,-1.0,-1.0,-1.0,-1.0,-1.0,0.0,0.0,0.0,0.0
1791655517.18,3220081.0,940.2,30383.8,30383.8,715.4,1048.7,922.9,41.08,90.0,-0.0,225.15,2266.49,5.342417,375.4,2.82,64176.4,-565185.8,349495.3,0.9004,0.099,690.8,-0.09936,-73.25354,1.0,0,-1.0,-1.0,-1.0,-1.0,-1.0,0.0,0.0,0.0,0.0
1791655517.68,3220081.5,940.7,30742.8,30742.8,720.4,1059.6,933.1,40.55,90.0,-0.0,225.11,2165.44,4.996931,352.9,2.84,65185.6,-564162.0,350511.8,0.8978,0.099,693.8,-0.09935,-73.22682,1.0,0,-1.0,-1.0,-1.0,-1.0,-1.0,0.0,0.0,0.0,0.0
1791655518.18,3220082.0,941.2,31104.3,31104.3,725.4,1070.6,943.5,40.02,90.0,-0.0,225.08,2069.3,4.675014,331.8,2.86,66208.0,-563106.1,351550.9,0.8951,0.099,696.9,-0.09935,-73.19964,1.0,0,-1.0,-1.0,-1.0,-1.0,-1.0,0.0,0.0,0.0,0.0
1791655518.69,3220082.5,941.7,31482.8,31482.8,730.5,1082.1,954.4,39.47,90.0,-0.0,225.04,1974.3,4.363475,311.3,2.88,67285.4,-561972.8,352656.3,0.8922,0.099,700.2,-0.09935,-73.1709,1.0,0,-1.0,-1.0,-1.0,-1.0,-1.0,0.0,0.0,0.0,0.0
1791655519.19,3220083.0,942.2,31849.3,31849.3,735.4,1093.2,964.9,38.93,90.0,-0.0,225.0,1887.46,4.084558,292.9,2.89,68335.1,-560848.4,353743.4,0.8893,0.099,703.4,-0.09934,-73.1428,1.0,0,-1.0,-1.0,-1.0,-1.0,-1.0,0.0,0.0,0.0,0.0
1791655519.69,3220083.5,942.7,32203.4,32203.4,740.1,1104.0,975.1,38.39,90.0,-0.0,224.96,1803.11,3.834231,276.3,2.91,69355.7,-559735.7,354810.0,0.8865,0.099,706.6,-0.09934,-73.11538,1.0,0,-1.0,-1.0,-1.0,-1.0,-1.0,0.0,0.0,0.0,0.0
1791655520.19,3220084.0,943.2,32589.6,32589.6,745.1,1115.8,986.3,37.85,90.0,-0.0,224.93,1725.57,3.580492,259.4,2.93,70475.8,-558492.5,355991.6,0.8834,0.099,710.2,-0.09934,-73.08519,1.0,0,-1.0,-1.0,-1.0,-1.0,-1.0,0.0,0.0,0.0,0.0
1791655520.69,3220084.5,943.7,32948.4,32948.4,749.7,1126.8,996.7,37.32,90.0,-0.0,224.89,1652.6,3.360681,244.7,2.95,71523.2,-557309.0,357107.1,0.8805,0.099,713.5,-0.09933,-73.05687,1.0,0,-1.0,-1.0,-1.0,-1.0,-1.0,0.0,0.0,0.0,0.0
1791655521.2,3220085.0,944.2,33339.6,33339.6,754.7,1138.9,1008.0,36.75,90.0,-0.0,224.85,1576.25,3.136236,229.6,2.97,72672.7,-555986.6,358343.0,0.8772,0.099,717.2,-0.09933,-73.02568,1.0,0,-1.0,-1.0,-1.0,-1.0,-1.0,0.0,0.0,0.0,0.0
1791655521.7,3220085.5,944.7,33718.1,33718.1,759.4,1150.5,1019.0,36.19,90.0,-0.0,224.81,1504.87,2.932052,215.7,2.99,73792.7,-554674.3,359559.2,0.8739,0.099,720.9,-0.09933,-72.9952,1.0,0,-1.0,-1.0,-1.0,-1.0,-1.0,0.0,0.0,0.0,0.0
1791655522.2,3220085.9,945.2,34037.9,34037.9,763.4,1160.4,1028.4,35.72,90.0,-0.0,224.78,1446.62,2.769384,204.6,3.0,74744.8,-553540.2,360602.3,0.8712,0.1,724.0,-0.09932,-72.96921,1.0,0,-1.0,-1.0,-1.0,-1.0,-1.0,0.0,0.0,0.0,0.0
1791655522.7,3220086.4,945.7,34420.8,34420.8,768.0,1172.2,1039.5,35.15,90.0,-0.0,224.74,1379.58,2.586288,192.1,3.02,75892.0,-552151.0,361870.5,0.8678,0.1,727.8,-0.09932,-72.93782,1.0,0,-1.0,-1.0,-1.0,-1.0,-1.0,0.0,0.0,0.0,0.0
1791655523.2,3220086.9,946.2,34806.0,34805.9,772.6,1184.1,1050.8,34.59,90.0,-0.0,224.7,1315.09,2.414285,180.2,3.04,77054.3,-550718.1,363168.1,0.8643,0.1,731.7,-0.09931,-72.90591,1.0,0,-1.0,-1.0,-1.0,-1.0,-1.0,0.0,0.0,0.0,0.0
1791655523.7,3220087.4,946.7,35193.4,35193.4,777.2,1196.2,1062.2,34.02,90.0,-0.0,224.66,1253.22,2.252967,169.0,3.06,78231.9,-549240.0,364495.9,0.8607,0.1,735.8,-0.09931,-72.8735,1.0,0,-1.0,-1.0,-1.0,-1.0,-1.0,0.0,0.0,0.0,0.0
1791655524.21,3220087.9,947.2,35583.2,35583.2,781.7,1208.3,1073.7,33.44,90.0,-0.0,224.62,1193.98,2.101915,158.5,3.08,79425.1,-547715.4,365854.8,0.8571,0.1,739.9,-0.0993,-72.84058,1.0,0,-1.0,-1.0,-1.0,-1.0,-1.0,0.0,0.0,0.0,0.0
1791655524.71,3220088.4,947.7,35975.2,35975.2,786.2,1220.5,1085.3,32.86,90.0,-0.0,224.58,1137.4,1.960696,148.6,3.1,80634.2,-546142.7,367245.7,0.8533,0.1,744.1,-0.0993,-72.80713,1.0,0,-1.0,-1.0,-1.0,-1.0,-1.0,0.0,0.0,0.0,0.0
1791655525.21,3220088.9,948.2,36369.4,36369.4,790.6,1232.9,1097.0,32.29,90.0,-0.0,224.53,1080.46,1.82887,139.4,3.12,81859.4,-544520.4,368669.5,0.8495,0.1,748.4,-0.09929,-72.77315,1.0,0,-1.0,-1.0,-1.0,-1.0,-1.0,0.0,0.0,0.0,0.0
1791655525.71,3220089.4,948.7,36765.8,36765.8,795.0,1245.3,1108.7,31.7,90.0,-0.0,224.49,1029.34,1.705986,130.7,3.14,83101.1,-542847.0,370127.1,0.8456,0.1,752.9,-0.09929,-72.73863,1.0,0,-1.0,-1.0,-1.0,-1.0,-1.0,0.0,0.0,0.0,0.0
1791655526.21,3220089.9,949.2,37164.4,37164.4,799.3,1257.8,1120.6,31.11,90.0,-0.0,224.45,983.56,1.591584,122.5,3.16,84359.5,-541120.6,371619.4,0.8416,0.1,757.4,-0.09928,-72.70358,1.0,0,-1.0,-1.0,-1.0,-1.0,-1.0,0.0,0.0,0.0,0.0
1791655526.71,3220090.4,949.7,37565.1,37565.1,803.6,1270.5,1132.6,30.53,90.0,-0.0,224.4,937.46,1.485196,114.9,3.18,85635.0,-539339.7,373147.7,0.8374,0.1,762.1,-0.09928,-72.66798,1.0,0,-1.0,-1.0,-1.0,-1.0,-1.0,0.0,0.0,0.0,0.0
1791655527.22,3220090.9,950.3,37984.1,37984.1,807.9,1283.7,1145.2,29.91,90.0,-0.0,224.36,893.13,1.384383,107.6,3.2,86980.1,-537427.9,374776.1,0.833,0.1,767.1,-0.09927,-72.63036,1.0,0,-1.0,-1.0,-1.0,-1.0,-1.0,0.0,0.0,0.0,0.0
1791655527.72,3220091.4,950.8,38389.1,38389.1,812.0,1296.6,1157.3,29.32,90.0,-0.0,224.31,856.21,1.299393,101.0,3.22,88291.5,-535530.2,376380.7,0.8287,0.1,772.0,-0.09927,-72.59363,1.0,0,-1.0,-1.0,-1.0,-1.0,-1.0,0.0,0.0,0.0,0.0
1791655528.22,3220091.9,951.3,38796.2,38796.2,816.1,1309.5,1169.6,28.72,90.0,-0.0,224.27,821.1,1.220102,94.8,3.25,89621.2,-533572.4,378024.4,0.8243,0.1,777.1,-0.09926,-72.55632,1.0,0,-1.0,-1.0,-1.0,-1.0,-1.0,0.0,0.0,0.0,0.0
1791655528.72,3220092.4,951.8,39205.2,39205.2,820.1,1322.6,1182.0,28.12,90.0,-0.0,224.22,787.7,1.146097,89.0,3.27,90969.4,-531552.7,379708.3,0.8197,0.1,782.3,-0.09925,-72.51845,1.0,0,-1.0,-1.0,-1.0,-1.0,-1.0,0.0,0.0,0.0,0.0
1791655529.23,3220092.9,952.3,39616.3,39616.3,824.0,1335.7,1194.5,27.52,90.0,-0.0,224.17,755.88,1.076945,83.7,3.29,92336.7,-529469.0,381433.8,0.8151,0.1,787.6,-0.09925,-72.47999,1.0,0,-1.0,-1.0,-1.0,-1.0,-1.0,0.0,0.0,0.0,0.0
1791655529.73,3220093.4,952.8,40029.3,40029.2,827.9,1349.0,1207.1,26.91,90.0,-0.0,224.13,725.48,1.0122,78.6,3.31,93723.4,-527319.1,383202.2,0.8103,0.1,793.1,-0.09924,-72.44095,1.0,0,-1.0,-1.0,-1.0,-1.0,-1.0,0.0,0.0,0.0,0.0
1791655530.23,3220093.9,953.3,40444.1,40444.1,831.6,1362.3,1219.7,26.3,90.0,0.0,224.08,696.26,0.951399,73.9,3.32,95125.6,-525107.7,385009.0,0.8055,0.1,798.7,-0.09923,-72.40132,0.99,0,-1.0,-1.0,-1.0,-1.0,-1.0,0.0,0.0,0.0,0.0
1791655530.73,3220094.4,953.8,40860.9,40860.9,835.3,1375.6,1232.4,25.69,90.0,0.0,224.03,667.92,0.894065,69.5,3.32,96536.8,-522844.0,386846.4,0.8006,0.1,804.5,-0.09923,-72.3611,0.99,0,-1.0,-1.0,-1.0,-1.0,-1.0,0.0,0.0,0.0,0.0
1791655531.23,3220094.9,954.3,41279.4,41279.4,838.7,1388.9,1245.0,25.07,90.0,0.0,223.98,641.28,0.841314,65.2,3.31,97956.7,-520527.1,388714.8,0.7955,0.1,810.3,-0.09922,-72.32028,0.98,0,-1.0,-1.0,-1.0,-1.0,-1.0,0.0,0.0,0.0,0.0
1791655531.73,3220095.4,954.8,41699.6,41699.6,842.1,1402.1,1257.5,24.46,89.99,0.0,223.93,617.15,0.793575,61.2,3.31,99385.3,-518156.1,390614.6,0.7905,0.1,816.2,-0.09921,-72.27887,0.97,0,-1.0,-1.0,-1.0,-1.0,-1.0,0.0,0.0,0.0,0.0
1791655532.23,3220095.9,955.3,42121.4,42121.4,845.3,1415.3,1270.1,23.83,89.99,0.0,223.88,592.82,0.747309,57.3,3.31,100822.5,-515730.3,392546.1,0.7853,0.1,822.3,-0.0992,-72.23686,0.96,0,-1.0,-1.0,-1.0,-1.0,-1.0,0.0,0.0,0.0,0.0
1791655532.74,3220096.4,955.8,42544.8,42544.8,848.4,1428.5,1282.6,23.21,90.0,0.0,223.83,568.54,0.70282,53.6,3.3,102268.4,-513248.5,394509.9,0.7801,0.1,828.5,-0.0992,-72.19426,0.96,0,-1.0,-1.0,-1.0,-1.0,-1.0,0.0,0.0,0.0,0.0
1791655533.24,3220096.9,956.3,42969.8,42969.8,851.3,1441.7,1295.1,22.58,90.0,0.0,223.78,544.74,0.660509,50.1,3.3,103722.9,-510710.0,396506.4,0.7748,0.1,834.8,-0.09919,-72.15105,0.95,0,-1.0,-1.0,-1.0,-1.0,-1.0,0.0,0.0,0.0,0.0
1791655533.74,3220097.5,956.8,43413.2,43413.2,854.2,1455.4,1308.1,21.92,90.0,-0.0,223.72,520.56,0.618769,46.7,3.29,105244.7,-508008.8,398618.0,0.7692,0.1,841.5,-0.09918,-72.10549,0.94,0,-1.0,-1.0,-1.0,-1.0,-1.0,0.0,0.0,0.0,0.0
1791655534.24,3220098.0,957.3,43823.8,43823.8,856.8,1468.0,1320.1,21.32,90.0,-0.0,223.67,497.51,0.582239,43.7,3.29,106657.7,-505459.1,400599.3,0.764,0.1,847.7,-0.09917,-72.06285,0.93,0,-1.0,-1.0,-1.0,-1.0,-1.0,0.0,0.0,0.0,0.0
1791655534.74,3220098.5,957.8,44252.8,44252.8,859.3,1481.1,1332.5,20.68,90.0,-0.0,223.62,475.48,0.546176,40.7,3.29,108138.1,-502744.8,402696.7,0.7585,0.1,854.4,-0.09916,-72.01785,0.93,0,-1.0,-1.0,-1.0,-1.0,-1.0,0.0,0.0,0.0,0.0
1791655535.25,3220099.0,958.3,44700.3,44700.3,861.8,1494.6,1345.4,20.02,90.0,-0.0,223.56,454.42,0.510758,37.9,3.28,109686.9,-499857.8,404914.5,0.7527,0.1,861.5,-0.09915,-71.97041,0.92,0,-1.0,-1.0,-1.0,-1.0,-1.0,0.0,0.0,0.0,0.0
1791655535.75,3220099.5,958.8,45131.7,45131.7,864.0,1507.7,1357.8,19.38,90.0,-0.0,223.51,433.68,0.478644,35.3,3.28,111185.0,-497019.3,407082.8,0.747,0.1,868.4,-0.09914,-71.92418,0.91,0,-1.0,-1.0,-1.0,-1.0,-1.0,0.0,0.0,0.0,0.0
1791655536.25,3220100.0,959.3,45563.9,45563.8,863.4,1512.9,1362.6,18.83,90.01,-0.0,223.45,409.1,0.448389,32.9,1.23,111924.2,-495570.8,408176.7,0.7442,0.1,871.9,-0.09913,-71.87744,0.0,0,-1.0,-1.0,-1.0,-1.0,-1.0,0.0,0.0,0.0,0.0
1791655536.75,3220100.5,959.8,45994.7,45994.7,860.2,1510.4,1359.9,18.8,90.02,-0.0,223.4,381.63,0.420038,30.6,0.04,111894.5,-495568.4,408163.0,0.7441,0.1,871.9,-0.09912,-71.8307,0.0,0,-1.0,-1.0,-1.0,-1.0,-1.0,0.0,0.0,0.0,0.0
1791655537.31,3220100.9,960.3,46338.3,46338.3,858.1,1509.4,1358.6,18.92,90.03,-0.01,223.35,361.44,0.398667,28.9,0.23,111975.0,-495402.8,408286.1,0.7438,0.1,872.3,-0.09912,-71.79336,0.0,0,-1.0,-1.0,-1.0,-1.0,-1.0,0.0,0.0,0.0,0.0
1791655537.82,3220101.4,960.9,46783.6,46783.6,854.8,1506.9,1355.8,17.95,90.23,-0.07,223.3,336.31,0.372515,26.9,0.01,111966.1,-495400.3,408282.9,0.7438,0.1,872.2,-0.09911,-71.74484,0.0,0,-1.0,-1.0,-1.0,-1.0,-1.0,0.0,0.0,0.0,0.0
1791655538.32,3220101.9,961.4,47210.2,47210.2,851.8,1504.4,1353.1,16.87,90.41,-0.12,223.24,313.81,0.349007,25.0,0.01,111957.6,-495397.8,408279.9,0.7438,0.1,872.2,-0.0991,-71.69827,0.0,0,-1.0,-1.0,-1.0,-1.0,-1.0,0.0,0.0,0.0,0.0
1791655538.82,3220102.4,961.9,47652.3,47652.3,848.7,1502.6,1350.9,15.98,90.41,-0.12,223.19,292.27,0.326141,23.2,0.16,112003.5,-495276.8,408363.3,0.7436,0.1,872.5,-0.09909,-71.6499,1.0,0,-1.0,-1.0,-1.0,-1.0,-1.0,0.0,0.0,0.0,0.0
1791655539.32,3220102.9,962.4,48059.1,48059.1,846.6,1503.2,1351.2,15.31,90.21,-0.06,223.13,274.62,0.306343,21.7,0.65,112254.7,-494703.5,408775.6,0.7424,0.1,873.8,-0.09908,-71.60524,1.0,0,-1.0,-1.0,-1.0,-1.0,-1.0,0.0,0.0,0.0,0.0
1791655539.83,3220103.4,962.9,48498.7,48498.7,844.3,1503.9,1351.6,14.73,89.98,0.0,223.08,256.65,0.286193,20.2,0.66,112521.7,-494076.7,409222.5,0.7412,0.1,875.3,-0.09907,-71.55678,1.0,0,-1.0,-1.0,-1.0,-1.0,-1.0,0.0,0.0,0.0,0.0
1791655540.33,3220103.9,963.4,48937.1,48937.1,841.9,1504.5,1351.9,18.78,89.83,0.05,223.02,239.76,0.267272,18.7,0.66,112777.6,-493442.5,409667.5,0.7399,0.1,876.7,-0.09906,-71.50826,1.0,0,-1.0,-1.0,-1.0,-1.0,-1.0,0.0,0.0,0.0,0.0
1791655540.83,3220104.4,963.9,49340.7,49340.8,840.2,1505.3,1352.3,26.19,89.8,0.07,222.97,225.11,0.250787,17.5,0.66,113086.2,-492887.4,410099.4,0.7388,0.1,878.1,-0.09905,-71.4634,1.0,0,-1.0,-1.0,-1.0,-1.0,-1.0,0.0,0.0,0.0,0.0
1791655541.33,3220104.9,964.4,49760.5,49760.5,838.8,1506.2,1352.9,30.95,89.86,0.04,222.91,210.7,0.23455,16.2,0.66,113464.1,-492344.2,410560.0,0.7378,0.1,879.5,-0.09904,-71.41662,1.0,0,-1.0,-1.0,-1.0,-1.0,-1.0,0.0,0.0,0.0,0.0
1791655541.84,3220105.4,964.9,50196.3,50196.3,837.5,1507.1,1353.6,32.95,89.96,0.0,222.85,196.59,0.218656,15.0,0.66,113878.6,-491793.6,411042.5,0.7368,0.1,881.1,-0.09903,-71.36792,1.0,0,-1.0,-1.0,-1.0,-1.0,-1.0,0.0,0.0,0.0,0.0
1791655542.34,3220105.9,965.4,50598.0,50598.0,836.4,1508.0,1354.2,33.7,90.01,-0.02,222.8,184.33,0.204847,14.0,0.66,114267.6,-491287.7,411489.9,0.7358,0.1,882.5,-0.09902,-71.32291,1.0,0,-1.0,-1.0,-1.0,-1.0,-1.0,0.0,0.0,0.0,0.0
1791655542.84,3220106.4,965.9,51032.6,51032.6,835.2,1508.9,1354.9,34.2,90.02,-0.02,222.74,171.83,0.190785,13.0,0.66,114693.5,-490740.0,411976.7,0.7348,0.1,884.1,-0.099,-71.27411,1.0,0,-1.0,-1.0,-1.0,-1.0,-1.0,0.0,0.0,0.0,0.0
1791655543.34,3220106.9,966.4,51449.9,51449.9,834.1,1509.9,1355.6,34.56,90.01,-0.01,222.69,160.55,0.178108,12.0,0.66,115106.9,-490213.3,412446.8,0.7338,0.1,885.6,-0.09899,-71.22714,1.0,0,-1.0,-1.0,-1.0,-1.0,-1.0,0.0,0.0,0.0,0.0
1791655543.84,3220107.4,966.9,51866.6,51866.6,833.0,1510.8,1356.3,34.79,90.0,-0.01,222.63,149.98,0.166222,11.2,0.66,115523.5,-489685.9,412918.8,0.7328,0.1,887.1,-0.09898,-71.18012,1.0,0,-1.0,-1.0,-1.0,-1.0,-1.0,0.0,0.0,0.0,0.0
1791655544.35,3220107.9,967.4,52282.8,52282.8,831.9,1511.8,1357.0,34.88,89.99,-0.01,222.58,140.06,0.155091,10.3,0.66,115942.5,-489157.0,413392.7,0.7319,0.1,888.7,-0.09897,-71.13305,1.0,0,-1.0,-1.0,-1.0,-1.0,-1.0,0.0,0.0,0.0,0.0
1791655544.85,3220108.4,967.9,52698.5,52698.5,830.8,1512.7,1357.7,34.87,89.99,-0.01,222.52,130.78,0.144678,9.6,0.66,116362.9,-488625.6,413868.7,0.7309,0.1,890.2,-0.09896,-71.08594,1.0,0,-1.0,-1.0,-1.0,-1.0,-1.0,0.0,0.0,0.0,0.0
1791655545.35,3220108.9,968.4,53113.6,53113.6,829.8,1513.7,1358.5,34.79,90.0,-0.01,222.47,122.1,0.134947,8.9,0.66,116784.3,-488091.2,414346.6,0.7299,0.1,891.7,-0.09894,-71.03878,1.0,0,-1.0,-1.0,-1.0,-1.0,-1.0,0.0,0.0,0.0,0.0
1791655545.85,3220109.4,968.9,53528.3,53528.2,828.7,1514.7,1359.2,34.66,90.0,-0.01,222.41,113.99,0.125859,8.2,0.66,117206.3,-487553.3,414826.5,0.7289,0.1,893.3,-0.09893,-70.99158,1.0,0,-1.0,-1.0,-1.0,-1.0,-1.0,0.0,0.0,0.0,0.0
1791655546.35,3220109.9,969.4,53942.3,53942.3,827.7,1515.7,1360.0,34.51,90.0,-0.01,222.35,106.41,0.117376,7.6,0.67,117628.7,-487011.7,415308.5,0.7279,0.1,894.9,-0.09892,-70.94433,1.0,0,-1.0,-1.0,-1.0,-1.0,-1.0,0.0,0.0,0.0,0.0
1791655546.85,3220110.4,969.9,54355.9,54355.9,826.6,1516.7,1360.7,34.34,90.01,-0.02,222.3,99.05,0.10946,7.1,0.67,118051.4,-486466.2,415792.6,0.7269,0.1,896.4,-0.0989,-70.89703,1.0,0,-1.0,-1.0,-1.0,-1.0,-1.0,0.0,0.0,0.0,0.0
1791655547.35,3220110.9,970.4,54768.9,54768.9,825.6,1517.8,1361.5,34.16,90.01,-0.02,222.24,92.46,0.102072,6.6,0.67,118474.2,-485916.8,416278.7,0.7259,0.1,898.0,-0.09889,-70.84968,1.0,0,-1.0,-1.0,-1.0,-1.0,-1.0,0.0,0.0,0.0,0.0
1791655547.86,3220111.4,970.9,55148.5,55148.5,824.6,1518.7,1362.3,33.99,90.01,-0.02,222.19,87.02,0.095705,6.1,0.67,118865.8,-485404.7,416730.5,0.725,0.1,899.5,-0.09888,-70.80608,1.0,0,-1.0,-1.0,-1.0,-1.0,-1.0,0.0,0.0,0.0,0.0
1791655548.36,3220111.9,971.4,55560.5,55560.5,823.6,1519.8,1363.1,33.81,90.01,-0.01,222.14,81.21,0.089215,5.7,0.68,119297.3,-484836.2,417230.5,0.724,0.1,901.1,-0.09887,-70.75863,1.0,0,-1.0,-1.0,-1.0,-1.0,-1.0,0.0,0.0,0.0,0.0
1791655548.86,3220112.4,971.9,55972.1,55972.1,822.6,1521.0,1364.0,33.63,90.0,-0.01,222.08,75.76,0.083133,5.2,0.68,119729.2,-484263.4,417732.9,0.7229,0.1,902.7,-0.09885,-70.71114,1.0,0,-1.0,-1.0,-1.0,-1.0,-1.0,0.0,0.0,0.0,0.0
1791655549.36,3220112.8,972.4,56333.8,56333.8,821.8,1522.0,1364.8,33.49,89.99,-0.0,222.03,71.24,0.078085,4.9,0.68,120109.6,-483755.9,418176.9,0.722,0.1,904.1,-0.09884,-70.6693,1.0,0,-1.0,-1.0,-1.0,-1.0,-1.0,0.0,0.0,0.0,0.0
1791655549.87,3220113.3,972.9,56760.8,56760.8,820.7,1523.2,1365.7,33.32,89.99,0.0,221.97,66.18,0.072445,4.5,0.68,120559.7,-483151.9,418703.9,0.7209,0.1,905.8,-0.09882,-70.61981,1.0,0,-1.0,-1.0,-1.0,-1.0,-1.0,0.0,0.0,0.0,0.0
1791655550.37,3220113.8,973.4,57170.9,57170.9,819.7,1524.3,1366.7,33.17,89.98,0.0,221.92,61.6,0.067357,4.2,0.69,120992.9,-482566.9,419213.0,0.7199,0.1,907.5,-0.09881,-70.57216,1.0,0,-1.0,-1.0,-1.0,-1.0,-1.0,0.0,0.0,0.0,0.0
1791655550.87,3220114.3,973.9,57564.2,57564.2,818.8,1525.4,1367.5,33.03,89.98,0.0,221.86,57.45,0.062745,3.9,0.69,121409.4,-482001.3,419704.0,0.7189,0.1,909.1,-0.09879,-70.52637,1.0,0,-1.0,-1.0,-1.0,-1.0,-1.0,0.0,0.0,0.0,0.0
1791655551.37,3220114.8,974.4,57973.3,57973.3,817.8,1526.6,1368.5,32.89,89.98,0.0,221.81,53.28,0.058178,3.6,0.69,121843.8,-481408.2,420217.8,0.7178,0.1,910.8,-0.09878,-70.47862,1.0,0,-1.0,-1.0,-1.0,-1.0,-1.0,0.0,0.0,0.0,0.0
1791655551.87,3220115.3,974.9,58398.2,58398.2,816.8,1527.9,1369.5,32.76,89.98,0.0,221.75,49.16,0.053762,3.3,0.69,122296.2,-480787.0,420754.6,0.7167,0.1,912.5,-0.09876,-70.42891,1.0,0,-1.0,-1.0,-1.0,-1.0,-1.0,0.0,0.0,0.0,0.0
1791655552.38,3220115.8,975.4,58741.1,58741.1,815.9,1528.9,1370.3,32.65,89.98,0.0,221.7,46.01,0.05043,3.1,0.69,122662.2,-480282.1,421190.1,0.7158,0.1,913.9,-0.09875,-70.38871,1.0,0,-1.0,-1.0,-1.0,-1.0,-1.0,0.0,0.0,0.0,0.0
1791655552.88,3220116.3,975.9,59165.1,59165.1,814.9,1530.1,1371.3,32.53,89.99,-0.0,221.64,42.34,0.046581,2.8,0.69,123116.0,-479652.9,421731.6,0.7146,0.1,915.7,-0.09873,-70.33888,1.0,0,-1.0,-1.0,-1.0,-1.0,-1.0,0.0,0.0,0.0,0.0
1791655553.39,3220116.8,976.4,59588.6,59588.6,813.9,1531.4,1372.3,32.42,89.99,-0.01,221.58,38.91,0.04302,2.6,0.69,123570.8,-479019.5,422275.7,0.7135,0.1,917.5,-0.09872,-70.289,1.0,0,-1.0,-1.0,-1.0,-1.0,-1.0,0.0,0.0,0.0,0.0
1791655553.89,3220117.3,976.9,59995.3,59995.3,813.0,1532.7,1373.3,32.32,90.0,-0.01,221.53,35.85,0.03985,2.4,0.69,124009.0,-478406.4,422801.3,0.7124,0.1,919.2,-0.0987,-70.24098,1.0,0,-1.0,-1.0,-1.0,-1.0,-1.0,0.0,0.0,0.0,0.0
1791655554.39,3220117.8,977.4,60401.5,60401.5,812.0,1533.9,1374.3,32.22,90.0,-0.01,221.47,33.01,0.036912,2.2,0.69,124448.1,-477789.3,423329.4,0.7113,0.1,920.9,-0.09868,-70.19291,1.0,0,-1.0,-1.0,-1.0,-1.0,-1.0,0.0,0.0,0.0,0.0
1791655554.9,3220118.3,977.9,60758.6,60758.6,811.2,1535.0,1375.2,32.14,90.0,-0.01,221.42,30.58,0.034506,2.0,0.69,124835.4,-477243.0,423796.2,0.7103,0.1,922.4,-0.09867,-70.15056,1.0,0,-1.0,-1.0,-1.0,-1.0,-1.0,0.0,0.0,0.0,0.0
1791655555.4,3220118.7,978.4,61163.9,61163.9,810.2,1536.3,1376.3,32.06,90.0,-0.01,221.37,28.23,0.031959,1.9,0.69,125276.5,-476618.6,424328.9,0.7092,0.1,924.2,-0.09865,-70.10238,1.0,0,-1.0,-1.0,-1.0,-1.0,-1.0,0.0,0.0,0.0,0.0
1791655555.9,3220119.2,978.9,61568.7,61568.7,809.3,1537.6,1377.3,31.97,90.0,-0.01,221.31,25.97,0.029594,1.7,0.7,125718.6,-475990.2,424864.2,0.7081,0.1,925.9,-0.09863,-70.05415,1.0,0,-1.0,-1.0,-1.0,-1.0,-1.0,0.0,0.0,0.0,0.0
1791655556.4,3220119.6,979.4,61892.3,61892.3,808.5,1538.6,1378.2,31.9,89.99,-0.01,221.26,24.28,0.027822,1.6,0.7,126073.0,-475484.6,425294.2,0.7072,0.1,927.3,-0.09862,-70.01552,1.0,0,-1.0,-1.0,-1.0,-1.0,-1.0,0.0,0.0,0.0,0.0
1791655556.91,3220120.1,979.9,62296.3,62296.3,807.6,1539.9,1379.2,31.82,89.99,-0.0,221.21,22.32,0.025741,1.5,0.7,126517.1,-474849.1,425834.0,0.7061,0.1,929.1,-0.0986,-69.96718,1.0,0,-1.0,-1.0,-1.0,-1.0,-1.0,0.0,0.0,0.0,0.0
1791655557.41,3220120.6,980.4,62699.9,62699.9,806.7,1541.2,1380.3,31.74,89.98,0.0,221.15,20.46,0.023736,1.4,0.7,126962.3,-474209.6,426376.4,0.705,0.1,930.9,-0.09859,-69.91879,1.0,0,-1.0,-1.0,-1.0,-1.0,-1.0,0.0,0.0,0.0,0.0
1791655557.91,3220121.1,980.9,63054.6,63054.6,805.9,1542.4,1381.3,31.67,89.98,0.01,221.1,18.86,0.021984,1.3,0.7,127355.1,-473643.5,426855.8,0.704,0.1,932.4,-0.09857,-69.87616,1.0,0,-1.0,-1.0,-1.0,-1.0,-1.0,0.0,0.0,0.0,0.0
1791655558.42,3220121.6,981.5,63457.3,63457.3,805.0,1543.7,1382.4,31.59,89.97,0.01,221.04,17.09,0.020016,1.1,0.7,127802.4,-472996.5,427403.0,0.7028,0.1,934.2,-0.09855,-69.82766,1.0,0,-1.0,-1.0,-1.0,-1.0,-1.0,0.0,0.0,0.0,0.0
1791655558.92,3220122.1,982.0,63859.5,63859.5,804.1,1545.1,1383.5,31.51,89.97,0.02,220.99,15.38,0.018081,1.0,0.7,128251.0,-472345.4,427952.8,0.7017,0.1,936.0,-0.09853,-69.7791,1.0,0,-1.0,-1.0,-1.0,-1.0,-1.0,0.0,0.0,0.0,0.0
1791655559.42,3220122.6,982.5,64261.3,64261.3,803.2,1546.4,1384.6,31.43,89.97,0.02,220.93,13.73,0.016189,0.9,0.7,128700.8,-471690.3,428505.3,0.7006,0.1,937.8,-0.09851,-69.73049,1.0,0,-1.0,-1.0,-1.0,-1.0,-1.0,0.0,0.0,0.0,0.0
1791655559.93,3220123.1,983.0,64678.7,64678.7,802.2,1547.9,1385.8,31.35,89.97,0.02,220.87,12.08,0.014278,0.8,0.7,129169.9,-471004.6,429082.7,0.6994,0.1,939.7,-0.09849,-69.67987,1.0,0,-1.0,-1.0,-1.0,-1.0,-1.0,0.0,0.0,0.0,0.0
1791655560.43,3220123.6,983.5,65079.6,65079.6,801.4,1549.3,1386.9,31.28,89.97,0.02,220.81,10.56,0.012505,0.7,0.7,129622.3,-470341.1,429640.6,0.6982,0.1,941.6,-0.09847,-69.63113,1.0,0,-1.0,-1.0,-1.0,-1.0,-1.0,0.0,0.0,0.0,0.0
1791655560.93,3220124.0,984.0,65416.0,65416.0,800.6,1550.4,1387.9,31.21,89.97,0.01,220.77,9.34,0.011072,0.6,0.7,130003.2,-469780.5,430111.4,0.6972,0.1,943.1,-0.09846,-69.59015,1.0,0,-1.0,-1.0,-1.0,-1.0,-1.0,0.0,0.0,0.0,0.0
1791655561.43,3220124.5,984.5,65816.1,65816.1,799.8,1551.8,1389.1,31.14,89.97,0.01,220.71,7.96,0.009442,0.5,0.71,130458.0,-469109.4,430674.3,0.6961,0.1,945.0,-0.09844,-69.54131,1.0,0,-1.0,-1.0,-1.0,-1.0,-1.0,0.0,0.0,0.0,0.0
1791655561.94,3220125.0,985.0,66215.7,66215.7,798.9,1553.2,1390.3,31.06,89.98,0.0,220.65,6.66,0.007905,0.4,0.71,130914.0,-468434.1,431240.0,0.6949,0.101,946.8,-0.09842,-69.49242,1.0,0,-1.0,-1.0,-1.0,-1.0,-1.0,0.0,0.0,0.0,0.0
1791655562.45,3220125.5,985.5,66614.9,66614.9,798.0,1554.7,1391.4,30.99,89.98,-0.0,220.59,5.46,0.00647,0.4,0.71,131371.4,-467754.6,431808.4,0.6937,0.101,948.7,-0.0984,-69.44346,1.0,0,-1.0,-1.0,-1.0,-1.0,-1.0,0.0,0.0,0.0,0.0
1791655562.96,3220126.0,986.0,66997.8,66997.8,797.2,1556.0,1392.6,30.92,89.98,-0.01,220.54,4.39,0.0052,0.3,0.71,131811.7,-467098.2,432356.7,0.6926,0.101,950.5,-0.09838,-69.3964,1.0,0,-1.0,-1.0,-1.0,-1.0,-1.0,0.0,0.0,0.0,0.0
1791655563.46,3220126.4,986.5,67300.6,67300.6,796.6,1557.1,1393.5,30.86,89.99,-0.01,220.49,3.57,0.004276,0.2,0.71,132161.3,-466575.9,432792.7,0.6917,0.101,951.9,-0.09836,-69.35911,1.0,0,-1.0,-1.0,-1.0,-1.0,-1.0,0.0,0.0,0.0,0.0
1791655563.97,3220126.9,987.0,67714.6,67714.6,795.7,1558.7,1394.8,30.79,89.99,-0.01,220.44,2.66,0.003136,0.2,0.71,132640.9,-465857.1,433391.9,0.6905,0.101,953.9,-0.09834,-69.30803,1.0,0,-1.0,-1.0,-1.0,-1.0,-1.0,0.0,0.0,0.0,0.0
1791655564.47,3220127.3,987.5,68016.8,68016.8,795.1,1559.8,1395.7,30.73,89.99,-0.01,220.39,2.04,0.0024,0.1,0.71,132992.3,-465328.9,433831.7,0.6896,0.101,955.4,-0.09832,-69.27065,1.0,0,-1.0,-1.0,-1.0,-1.0,-1.0,0.0,0.0,0.0,0.0
1791655564.97,3220127.7,988.0,68366.5,68366.5,794.4,1561.1,1396.8,30.67,89.99,-0.01,220.34,1.42,0.00166,0.1,0.71,133400.2,-464714.2,434343.0,0.6885,0.101,957.1,-0.0983,-69.22734,1.0,0,-1.0,-1.0,-1.0,-1.0,-1.0,0.0,0.0,0.0,0.0
1791655565.47,3220128.2,988.5,68763.4,68763.4,793.5,1562.6,1398.1,30.6,89.99,-0.01,220.28,0.83,0.000971,0.1,0.71,133865.2,-464011.7,434926.7,0.6873,0.101,959.0,-0.09828,-69.17805,1.0,0,-1.0,-1.0,-1.0,-1.0,-1.0,0.0,0.0,0.0,0.0
1791655565.97,3220128.7,989.0,69175.9,69175.9,792.7,1564.1,1399.4,30.52,89.99,-0.01,220.22,0.38,0.000439,0.0,0.71,134350.3,-463276.4,435536.9,0.6861,0.101,961.0,-0.09826,-69.12674,1.0,0,-1.0,-1.0,-1.0,-1.0,-1.0,0.0,0.0,0.0,0.0
1791655566.48,3220129.2,989.5,69572.0,69572.0,791.9,1565.6,1400.7,30.45,89.98,-0.0,220.17,0.11,0.00012,0.0,0.71,134818.2,-462565.0,436126.6,0.6849,0.101,963.0,-0.09824,-69.07733,1.0,0,-1.0,-1.0,-1.0,-1.0,-1.0,0.0,0.0,0.0,0.0
1791655566.98,3220129.7,990.0,69967.7,69967.7,791.1,1567.1,1402.0,30.38,89.98,0.01,220.11,0.0,1e-06,0.0,0.72,135287.6,-461849.1,436719.2,0.6837,0.101,964.9,-0.09821,-69.02787,1.0,0,-1.0,-1.0,-1.0,-1.0,-1.0,0.0,0.0,0.0,0.0
1791655567.48,3220130.2,990.5,70363.1,70363.1,790.3,1568.7,1403.3,30.31,89.97,0.01,220.05,0.0,0.0,0.0,0.72,135758.6,-461128.9,437314.8,0.6824,0.101,966.9,-0.09819,-68.97834,1.0,0,-1.0,-1.0,-1.0,-1.0,-1.0,0.0,0.0,0.0,0.0
1791655567.98,3220130.7,991.0,70758.1,70758.1,789.5,1570.2,1404.6,30.24,89.97,0.01,219.99,0.0,0.0,0.0,0.72,136231.1,-460404.3,437913.4,0.6812,0.101,968.9,-0.09817,-68.92875,1.0,0,-1.0,-1.0,-1.0,-1.0,-1.0,0.0,0.0,0.0,0.0
1791655568.48,3220131.2,991.5,71152.7,71152.7,788.8,1571.8,1405.9,30.17,89.97,0.01,219.93,0.0,0.0,0.0,0.72,136705.2,-459675.2,438515.0,0.68,0.101,970.9,-0.09814,-68.87911,1.0,0,-1.0,-1.0,-1.0,-1.0,-1.0,0.0,0.0,0.0,0.0
1791655568.99,3220131.7,992.0,71546.9,71546.9,788.0,1573.3,1407.3,30.11,89.97,0.01,219.88,0.0,0.0,0.0,0.72,137180.8,-458941.7,439119.6,0.6788,0.101,972.9,-0.09812,-68.82939,1.0,0,-1.0,-1.0,-1.0,-1.0,-1.0,0.0,0.0,0.0,0.0
1791655569.49,3220132.2,992.5,71940.7,71940.7,787.2,1574.9,1408.6,30.04,89.96,0.01,219.82,0.0,0.0,0.0,0.72,137658.1,-458203.7,439727.2,0.6775,0.101,974.9,-0.0981,-68.77962,1.0,0,-1.0,-1.0,-1.0,-1.0,-1.0,0.0,0.0,0.0,0.0
1791655569.99,3220132.8,993.0,72334.1,72334.1,786.5,1576.5,1410.0,29.97,89.96,0.01,219.76,0.0,0.0,0.0,0.72,138136.9,-457461.1,440337.9,0.6763,0.101,977.0,-0.09807,-68.72978,1.0,0,-1.0,-1.0,-1.0,-1.0,-1.0,0.0,0.0,0.0,0.0
1791655570.49,3220133.3,993.5,72727.2,72727.2,785.7,1578.1,1411.3,29.9,89.96,0.01,219.7,0.0,0.0,0.0,0.72,138617.5,-456714.0,440951.7,0.6751,0.101,979.0,-0.09805,-68.67989,1.0,0,-1.0,-1.0,-1.0,-1.0,-1.0,0.0,0.0,0.0,0.0
1791655570.99,3220133.8,994.0,73135.6,73135.6,785.0,1579.7,1412.8,29.83,89.96,0.0,219.64,0.0,0.0,0.0,0.72,139119.0,-455932.2,441593.4,0.6738,0.101,981.1,-0.09802,-68.62793,1.0,0,-1.0,-1.0,-1.0,-1.0,-1.0,0.0,0.0,0.0,0.0
1791655571.5,3220134.3,994.5,73527.9,73527.9,784.2,1581.4,1414.2,29.77,89.97,-0.0,219.58,0.0,0.0,0.0,0.72,139602.9,-455175.7,442213.6,0.6725,0.101,983.2,-0.098,-68.5779,1.0,0,-1.0,-1.0,-1.0,-1.0,-1.0,0.0,0.0,0.0,0.0
1791655572.0,3220134.8,995.0,73919.8,73919.8,783.5,1583.0,1415.6,29.7,89.97,-0.0,219.52,0.0,0.0,0.0,0.72,140088.6,-454414.6,442837.0,0.6712,0.101,985.3,-0.09797,-68.52781,1.0,0,-1.0,-1.0,-1.0,-1.0,-1.0,0.0,0.0,0.0,0.0
1791655572.5,3220135.3,995.5,74311.4,74311.4,782.8,1584.6,1417.0,29.63,89.97,-0.0,219.47,0.0,0.0,0.0,0.73,140576.0,-453648.8,443463.6,0.67,0.101,987.4,-0.09794,-68.47766,1.0,0,-1.0,-1.0,-1.0,-1.0,-1.0,0.0,0.0,0.0,0.0
1791655573.0,3220135.8,996.0,74702.7,74702.7,782.1,1586.3,1418.4,29.56,89.97,-0.0,219.41,0.0,0.0,0.0,0.73,141065.2,-452878.2,444093.5,0.6687,0.101,989.5,-0.09792,-68.42744,1.0,0,-1.0,-1.0,-1.0,-1.0,-1.0,0.0,0.0,0.0,0.0
1791655573.5,3220136.3,996.5,75093.5,75093.5,781.4,1587.9,1419.9,29.49,89.97,-0.0,219.35,0.0,0.0,0.0,0.73,141556.1,-452103.0,444726.6,0.6674,0.101,991.6,-0.09789,-68.37716,1.0,0,-1.0,-1.0,-1.0,-1.0,-1.0,0.0,0.0,0.0,0.0
1791655574.01,3220136.7,997.0,75468.4,75468.4,780.7,1589.5,1421.3,29.43,89.97,-0.0,219.29,0.0,0.0,0.0,0.73,142029.1,-451354.2,445337.5,0.6662,0.101,993.6,-0.09787,-68.32883,1.0,0,-1.0,-1.0,-1.0,-1.0,-1.0,0.0,0.0,0.0,0.0
1791655574.51,3220137.2,997.5,75858.6,75858.6,780.0,1591.2,1422.7,29.36,89.97,0.0,219.23,0.0,0.0,0.0,0.73,142523.7,-450569.6,445977.0,0.6649,0.101,995.8,-0.09784,-68.27843,1.0,0,-1.0,-1.0,-1.0,-1.0,-1.0,0.0,0.0,0.0,0.0
1791655575.01,3220137.7,998.0,76248.5,76248.5,779.3,1592.9,1424.2,29.3,89.97,0.01,219.17,0.0,0.0,0.0,0.73,143020.0,-449780.1,446620.0,0.6637,0.101,997.9,-0.09781,-68.22796,1.0,0,-1.0,-1.0,-1.0,-1.0,-1.0,0.0,0.0,0.0,0.0
1791655575.51,3220138.2,998.5,76638.0,76638.0,778.6,1594.6,1425.7,29.23,89.97,0.01,219.12,0.0,0.0,0.0,0.73,143518.3,-448985.8,447266.3,0.6624,0.101,1000.1,-0.09778,-68.17743,1.0,0,-1.0,-1.0,-1.0,-1.0,-1.0,0.0,0.0,0.0,0.0
1791655576.01,3220138.7,999.0,77027.1,77027.1,778.0,1596.3,1427.2,29.17,89.97,0.01,219.06,0.0,0.0,0.0,0.73,144018.6,-448186.6,447916.0,0.6611,0.101,1002.3,-0.09776,-68.12683,1.0,0,-1.0,-1.0,-1.0,-1.0,-1.0,0.0,0.0,0.0,0.0
1791655576.52,3220139.2,999.6,77416.0,77416.0,777.3,1598.0,1428.7,29.11,89.97,0.01,219.0,0.0,0.0,0.0,0.73,144520.8,-447382.5,448569.2,0.6598,0.102,1004.5,-0.09773,-68.07616,1.0,0,-1.0,-1.0,-1.0,-1.0,-1.0,0.0,0.0,0.0,0.0
1791655577.02,3220139.7,1000.1,77804.5,77804.5,776.6,1599.7,1430.2,29.05,89.97,0.01,218.94,0.0,0.0,0.0,0.73,145025.1,-446573.5,449225.8,0.6585,0.102,1006.7,-0.0977,-68.02543,1.0,0,-1.0,-1.0,-1.0,-1.0,-1.0,0.0,0.0,0.0,0.0
1791655577.52,3220140.2,1000.6,78192.6,78192.6,776.0,1601.5,1431.7,29.0,89.97,0.01,218.88,0.0,0.0,0.0,0.74,145531.4,-445759.6,449885.9,0.6572,0.102,1008.9,-0.09767,-67.97464,1.0,0,-1.0,-1.0,-1.0,-1.0,-1.0,0.0,0.0,0.0,0.0
1791655578.02,3220140.7,1001.1,78580.5,78580.5,775.4,1603.2,1433.3,28.94,89.97,0.01,218.82,0.0,0.0,0.0,0.74,146039.9,-444940.7,450549.6,0.6558,0.102,1011.1,-0.09764,-67.92378,1.0,0,-1.0,-1.0,-1.0,-1.0,-1.0,0.0,0.0,0.0,0.0
1791655578.52,3220141.3,1001.6,78968.0,78968.0,774.7,1605.0,1434.8,28.88,89.97,0.01,218.76,0.0,0.0,0.0,0.74,146550.4,-444116.8,451216.8,0.6545,0.102,1013.4,-0.09761,-67.87285,1.0,0,-1.0,-1.0,-1.0,-1.0,-1.0,0.0,0.0,0.0,0.0
1791655579.02,3220141.8,1002.1,79355.3,79355.3,774.1,1606.8,1436.4,28.82,89.97,0.0,218.7,0.0,0.0,0.0,0.74,147063.1,-443287.9,451887.6,0.6532,0.102,1015.6,-0.09758,-67.82186,1.0,0,-1.0,-1.0,-1.0,-1.0,-1.0,0.0,0.0,0.0,0.0
1791655579.53,3220142.2,1002.6,79742.2,79742.2,773.5,1608.5,1437.9,28.76,89.97,-0.0,218.64,0.0,0.0,0.0,0.74,147578.0,-442453.9,452562.0,0.6519,0.102,1017.9,-0.09755,-67.77081,1.0,0,-1.0,-1.0,-1.0,-1.0,-1.0,0.0,0.0,0.0,0.0
1791655580.03,3220142.8,1003.1,80144.2,80144.2,772.8,1610.4,1439.6,28.7,89.97,-0.0,218.58,0.0,0.0,0.0,0.74,148115.8,-441581.2,453267.3,0.6505,0.102,1020.3,-0.09752,-67.71764,1.0,0,-1.0,-1.0,-1.0,-1.0,-1.0,0.0,0.0,0.0,0.0
1791655580.53,3220143.3,1003.6,80530.5,80530.5,772.2,1612.2,1441.2,28.64,89.97,-0.01,218.52,0.0,0.0,0.0,0.74,148635.2,-440736.7,453949.2,0.6492,0.102,1022.6,-0.09749,-67.66644,1.0,0,-1.0,-1.0,-1.0,-1.0,-1.0,0.0,0.0,0.0,0.0
1791655581.03,3220143.7,1004.1,80854.8,80854.8,771.7,1613.7,1442.5,28.58,89.97,-0.01,218.47,0.0,0.0,0.0,0.74,149073.1,-440023.3,454524.9,0.648,0.102,1024.5,-0.09747,-67.62339,1.0,0,-1.0,-1.0,-1.0,-1.0,-1.0,0.0,0.0,0.0,0.0
1791655581.54,3220144.2,1004.6,81240.5,81240.5,771.2,1615.6,1444.1,28.52,89.97,-0.01,218.41,0.0,0.0,0.0,0.74,149596.6,-439169.2,455213.7,0.6467,0.102,1026.9,-0.09743,-67.57207,1.0,0,-1.0,-1.0,-1.0,-1.0,-1.0,0.0,0.0,0.0,0.0
1791655582.04,3220144.7,1005.1,81625.9,81625.9,770.6,1617.4,1445.8,28.45,89.97,-0.01,218.35,0.0,0.0,0.0,0.74,150122.4,-438309.9,455906.3,0.6453,0.102,1029.2,-0.0974,-67.52069,1.0,0,-1.0,-1.0,-1.0,-1.0,-1.0,0.0,0.0,0.0,0.0
1791655582.54,3220145.2,1005.6,82026.5,82026.5,770.0,1619.3,1447.5,28.39,89.97,-0.0,218.29,0.0,0.0,0.0,0.74,150671.7,-437410.5,456630.6,0.6439,0.102,1031.7,-0.09737,-67.46718,1.0,0,-1.0,-1.0,-1.0,-1.0,-1.0,0.0,0.0,0.0,0.0
1791655583.04,3220145.7,1006.1,82411.4,82411.4,769.4,1621.2,1449.1,28.33,89.97,0.0,218.23,0.0,0.0,0.0,0.75,151202.2,-436540.2,457331.0,0.6426,0.102,1034.0,-0.09734,-67.41566,1.0,0,-1.0,-1.0,-1.0,-1.0,-1.0,0.0,0.0,0.0,0.0
1791655583.54,3220146.2,1006.6,82795.9,82795.9,768.8,1623.0,1450.8,28.27,89.97,0.0,218.17,0.0,0.0,0.0,0.75,151735.2,-435664.6,458035.3,0.6412,0.102,1036.4,-0.09731,-67.36408,1.0,0,-1.0,-1.0,-1.0,-1.0,-1.0,0.0,0.0,0.0,0.0
1791655584.05,3220146.7,1007.1,83180.2,83180.2,768.3,1624.9,1452.4,28.21,89.97,0.01,218.11,0.0,0.0,0.0,0.75,152270.6,-434783.6,458743.5,0.6399,0.102,1038.8,-0.09727,-67.31242,1.0,0,-1.0,-1.0,-1.0,-1.0,-1.0,0.0,0.0,0.0,0.0
1791655584.55,3220147.2,1007.6,83564.3,83564.3,767.7,1626.8,1454.1,28.16,89.97,0.01,218.05,0.0,0.0,0.0,0.75,152808.6,-433897.2,459455.7,0.6385,0.102,1041.3,-0.09724,-67.2607,1.0,0,-1.0,-1.0,-1.0,-1.0,-1.0,0.0,0.0,0.0,0.0
1791655585.05,3220147.7,1008.1,83948.0,83948.0,767.2,1628.7,1455.8,28.11,89.97,0.01,217.99,0.0,0.0,0.0,0.75,153349.1,-433005.4,460171.8,0.6371,0.102,1043.7,-0.09721,-67.20891,1.0,0,-1.0,-1.0,-1.0,-1.0,-1.0,0.0,0.0,0.0,0.0
1791655585.55,3220148.2,1008.6,84300.8,84300.8,766.7,1630.4,1457.4,28.06,89.97,0.01,217.93,0.0,0.0,0.0,0.75,153848.7,-432180.2,460834.3,0.6358,0.102,1046.0,-0.09718,-67.1612,1.0,0,-1.0,-1.0,-1.0,-1.0,-1.0,0.0,0.0,0.0,0.0
1791655586.05,3220148.7,1009.1,84684.1,84684.1,766.2,1632.3,1459.1,28.0,89.97,0.01,217.87,0.0,0.0,0.0,0.75,154394.3,-431277.9,461558.2,0.6345,0.102,1048.4,-0.09714,-67.10927,1.0,0,-1.0,-1.0,-1.0,-1.0,-1.0,0.0,0.0,0.0,0.0
1791655586.55,3220149.2,1009.6,85067.1,85067.1,765.7,1634.3,1460.8,27.95,89.97,0.01,217.81,0.0,0.0,0.0,0.75,154942.6,-430370.1,462286.2,0.6331,0.102,1050.9,-0.09711,-67.05728,1.0,0,-1.0,-1.0,-1.0,-1.0,-1.0,0.0,0.0,0.0,0.0
1791655587.06,3220149.7,1010.1,85449.8,85449.8,765.2,1636.2,1462.5,27.89,89.97,0.0,217.75,0.0,0.0,0.0,0.75,155493.6,-429456.7,463018.4,0.6317,0.102,1053.4,-0.09707,-67.00522,1.0,0,-1.0,-1.0,-1.0,-1.0,-1.0,0.0,0.0,0.0,0.0
1791655587.56,3220150.2,1010.6,85847.6,85847.6,764.7,1638.2,1464.3,27.84,89.97,0.0,217.69,0.0,0.0,0.0,0.75,156069.5,-428500.9,463784.3,0.6302,0.102,1056.0,-0.09704,-66.95101,1.0,0,-1.0,-1.0,-1.0,-1.0,-1.0,0.0,0.0,0.0,0.0
1791655588.06,3220150.7,1011.1,86214.5,86214.5,764.2,1640.1,1466.0,27.78,89.97,-0.0,217.63,0.0,0.0,0.0,0.76,156603.7,-427613.1,464495.3,0.6289,0.103,1058.4,-0.097,-66.90089,1.0,0,-1.0,-1.0,-1.0,-1.0,-1.0,0.0,0.0,0.0,0.0
1791655588.56,3220151.2,1011.6,86596.5,86596.5,763.7,1642.1,1467.8,27.72,89.97,-0.01,217.57,0.0,0.0,0.0,0.76,157163.0,-426682.7,465240.2,0.6275,0.103,1061.0,-0.09697,-66.84863,1.0,0,-1.0,-1.0,-1.0,-1.0,-1.0,0.0,0.0,0.0,0.0
1791655589.07,3220151.7,1012.1,86993.5,86993.5,763.2,1644.1,1469.6,27.66,89.96,-0.01,217.51,0.0,0.0,0.0,0.76,157747.7,-425709.0,466019.3,0.626,0.103,1063.7,-0.09693,-66.79419,1.0,0,-1.0,-1.0,-1.0,-1.0,-1.0,0.0,0.0,0.0,0.0
1791655589.57,3220152.2,1012.6,87375.0,87375.0,762.7,1646.1,1471.4,27.6,89.96,-0.01,217.45,0.0,0.0,0.0,0.76,158312.8,-424766.9,466772.9,0.6246,0.103,1066.2,-0.0969,-66.74178,1.0,0,-1.0,-1.0,-1.0,-1.0,-1.0,0.0,0.0,0.0,0.0
1791655590.07,3220152.7,1013.1,87756.3,87756.3,762.3,1648.1,1473.2,27.54,89.96,-0.01,217.39,0.0,0.0,0.0,0.76,158880.8,-423818.9,467530.9,0.6232,0.103,1068.8,-0.09686,-66.6893,1.0,0,-1.0,-1.0,-1.0,-1.0,-1.0,0.0,0.0,0.0,0.0
1791655590.57,3220153.2,1013.6,88137.3,88137.3,761.8,1650.1,1475.0,27.49,89.96,-0.01,217.33,0.0,0.0,0.0,0.76,159451.7,-422865.0,468293.3,0.6217,0.103,1071.4,-0.09682,-66.63675,1.0,0,-1.0,-1.0,-1.0,-1.0,-1.0,0.0,0.0,0.0,0.0
1791655591.07,3220153.7,1014.1,88518.1,88518.1,761.4,1652.1,1476.8,27.43,89.96,-0.0,217.26,0.0,0.0,0.0,0.76,160025.7,-421905.2,469060.2,0.6203,0.103,1074.1,-0.09679,-66.58413,1.0,0,-1.0,-1.0,-1.0,-1.0,-1.0,0.0,0.0,0.0,0.0
1791655591.58,3220154.2,1014.6,88898.7,88898.7,760.9,1654.1,1478.7,27.38,89.96,0.0,217.2,0.0,0.0,0.0,0.76,160602.7,-420939.6,469831.6,0.6189,0.103,1076.7,-0.09675,-66.53144,1.0,0,-1.0,-1.0,-1.0,-1.0,-1.0,0.0,0.0,0.0,0.0
1791655592.08,3220154.7,1015.1,89279.1,89279.1,760.5,1656.2,1480.5,27.33,89.96,0.0,217.14,0.0,0.0,0.0,0.76,161182.9,-419967.9,470607.5,0.6174,0.103,1079.4,-0.09671,-66.47868,1.0,0,-1.0,-1.0,-1.0,-1.0,-1.0,0.0,0.0,0.0,0.0
1791655592.58,3220155.2,1015.6,89659.3,89659.2,760.1,1658.2,1482.4,27.28,89.96,0.01,217.08,0.0,0.0,0.0,0.76,161766.2,-418990.3,471388.0,0.616,0.103,1082.1,-0.09667,-66.42584,1.0,0,-1.0,-1.0,-1.0,-1.0,-1.0,0.0,0.0,0.0,0.0
1791655593.08,3220155.7,1016.1,90039.2,90039.2,759.7,1660.3,1484.2,27.23,89.96,0.01,217.02,0.0,0.0,0.0,0.77,162352.9,-418006.7,472173.1,0.6146,0.103,1084.8,-0.09664,-66.37294,1.0,0,-1.0,-1.0,-1.0,-1.0,-1.0,0.0,0.0,0.0,0.0
1791655593.58,3220156.2,1016.6,90419.0,90418.9,759.3,1662.3,1486.1,27.18,89.96,0.01,216.96,0.0,0.0,0.0,0.77,162942.8,-417017.1,472962.9,0.6131,0.103,1087.5,-0.0966,-66.31997,1.0,0,-1.0,-1.0,-1.0,-1.0,-1.0,0.0,0.0,0.0,0.0
1791655594.08,3220156.7,1017.1,90798.5,90798.5,758.9,1664.4,1488.0,27.13,89.96,0.01,216.9,0.0,0.0,0.0,0.77,163536.1,-416021.4,473757.3,0.6117,0.103,1090.3,-0.09656,-66.26692,1.0,0,-1.0,-1.0,-1.0,-1.0,-1.0,0.0,0.0,0.0,0.0
1791655594.59,3220157.2,1017.6,91177.9,91177.9,758.5,1666.5,1489.9,27.08,89.96,0.01,216.84,0.0,0.0,0.0,0.77,164132.8,-415019.6,474556.6,0.6102,0.103,1093.0,-0.09652,-66.2138,1.0,0,-1.0,-1.0,-1.0,-1.0,-1.0,0.0,0.0,0.0,0.0
1791655595.09,3220157.7,1018.1,91557.0,91557.0,758.1,1668.6,1491.8,27.03,89.96,0.01,216.77,0.0,0.0,0.0,0.77,164733.0,-414011.7,475360.7,0.6087,0.103,1095.8,-0.09648,-66.16061,1.0,0,-1.0,-1.0,-1.0,-1.0,-1.0,0.0,0.0,0.0,0.0
1791655595.59,3220158.2,1018.6,91936.0,91936.0,757.7,1670.7,1493.7,26.98,89.96,0.0,216.71,0.0,0.0,0.0,0.77,165336.7,-412997.6,476169.6,0.6073,0.103,1098.6,-0.09644,-66.10735,1.0,0,-1.0,-1.0,-1.0,-1.0,-1.0,0.0,0.0,0.0,0.0
1791655596.09,3220158.7,1019.1,92314.8,92314.8,757.3,1672.8,1495.6,26.93,89.96,0.0,216.65,0.0,0.0,0.0,0.77,165943.9,-411977.2,476983.4,0.6058,0.103,1101.4,-0.0964,-66.05402,1.0,0,-1.0,-1.0,-1.0,-1.0,-1.0,0.0,0.0,0.0,0.0
1791655596.59,3220159.2,1019.6,92693.4,92693.4,757.0,1674.9,1497.5,26.88,89.96,-0.0,216.59,0.0,0.0,0.0,0.77,166554.7,-410950.5,477802.1,0.6043,0.103,1104.2,-0.09636,-66.00061,1.0,0,-1.0,-1.0,-1.0,-1.0,-1.0,0.0,0.0,0.0,0.0
1791655597.1,3220159.7,1020.1,93086.9,93086.9,756.6,1677.1,1499.6,26.82,89.96,-0.01,216.53,0.0,0.0,0.0,0.77,167193.8,-409876.1,478658.9,0.6028,0.103,1107.2,-0.09632,-65.94499,1.0,0,-1.0,-1.0,-1.0,-1.0,-1.0,0.0,0.0,0.0,0.0
1791655597.6,3220160.2,1020.6,93465.1,93465.1,756.3,1679.3,1501.5,26.77,89.96,-0.01,216.46,0.0,0.0,0.0,0.78,167812.1,-408836.4,479487.8,0.6013,0.104,1110.1,-0.09628,-65.89144,1.0,0,-1.0,-1.0,-1.0,-1.0,-1.0,0.0,0.0,0.0,0.0
1791655598.1,3220160.7,1021.1,93843.2,93843.2,756.0,1681.4,1503.5,26.71,89.96,-0.01,216.4,0.0,0.0,0.0,0.78,168434.0,-407790.3,480321.9,0.5998,0.104,1113.0,-0.09624,-65.83781,1.0,0,-1.0,-1.0,-1.0,-1.0,-1.0,0.0,0.0,0.0,0.0
1791655598.6,3220161.1,1021.6,94160.7,94160.7,755.7,1683.3,1505.2,26.67,89.96,-0.01,216.35,0.0,0.0,0.0,0.78,168959.4,-406906.5,481026.4,0.5986,0.104,1115.4,-0.0962,-65.79271,1.0,0,-1.0,-1.0,-1.0,-1.0,-1.0,0.0,0.0,0.0,0.0
1791655599.1,3220161.6,1022.1,94538.4,94538.4,755.4,1685.4,1507.1,26.62,89.96,-0.01,216.28,0.0,0.0,0.0,0.78,169588.4,-405848.4,481870.0,0.5971,0.104,1118.4,-0.09616,-65.73895,1.0,0,-1.0,-1.0,-1.0,-1.0,-1.0,0.0,0.0,0.0,0.0
1791655599.61,3220162.1,1022.6,94916.1,94916.1,755.0,1687.6,1509.1,26.57,89.96,-0.0,216.22,0.0,0.0,0.0,0.78,170221.3,-404783.7,482718.8,0.5956,0.104,1121.3,-0.09612,-65.68512,1.0,0,-1.0,-1.0,-1.0,-1.0,-1.0,0.0,0.0,0.0,0.0
1791655600.11,3220162.6,1023.1,95308.6,95308.6,754.7,1689.9,1511.2,26.52,89.96,0.0,216.16,0.0,0.0,0.0,0.78,170883.7,-403669.5,483607.1,0.594,0.104,1124.4,-0.09607,-65.62905,1.0,0,-1.0,-1.0,-1.0,-1.0,-1.0,0.0,0.0,0.0,0.0
1791655600.61,3220163.1,1023.6,95685.9,95685.9,754.4,1692.1,1513.2,26.47,89.96,0.0,216.1,0.0,0.0,0.0,0.78,171524.8,-402591.5,484466.7,0.5925,0.104,1127.4,-0.09603,-65.57507,1.0,0,-1.0,-1.0,-1.0,-1.0,-1.0,0.0,0.0,0.0,0.0
1791655601.11,3220163.6,1024.1,96063.1,96063.1,754.1,1694.3,1515.3,26.42,89.96,0.01,216.04,0.0,0.0,0.0,0.78,172170.1,-401506.7,485331.7,0.591,0.104,1130.5,-0.09599,-65.52101,1.0,0,-1.0,-1.0,-1.0,-1.0,-1.0,0.0,0.0,0.0,0.0
1791655601.61,3220164.1,1024.6,96440.1,96440.1,753.9,1696.5,1517.3,26.38,89.96,0.01,215.97,0.0,0.0,0.0,0.78,172819.5,-400415.4,486202.1,0.5895,0.104,1133.5,-0.09594,-65.46688,1.0,0,-1.0,-1.0,-1.0,-1.0,-1.0,0.0,0.0,0.0,0.0
1791655602.11,3220164.6,1025.1,96817.0,96817.0,753.6,1698.8,1519.4,26.34,89.96,0.01,215.91,0.0,0.0,0.0,0.78,173473.3,-399317.3,487078.0,0.588,0.104,1136.6,-0.0959,-65.41267,1.0,0,-1.0,-1.0,-1.0,-1.0,-1.0,0.0,0.0,0.0,0.0
1791655602.62,3220165.1,1025.7,97193.8,97193.8,753.3,1701.0,1521.4,26.29,89.96,0.01,215.85,0.0,0.0,0.0,0.79,174131.5,-398212.6,487959.5,0.5865,0.104,1139.6,-0.09586,-65.3584,1.0,0,-1.0,-1.0,-1.0,-1.0,-1.0,0.0,0.0,0.0,0.0
1791655603.12,3220165.6,1026.2,97570.4,97570.4,753.1,1703.3,1523.5,26.25,89.96,0.01,215.79,0.0,0.0,0.0,0.79,174794.1,-397101.1,488846.5,0.5849,0.104,1142.8,-0.09581,-65.30404,1.0,0,-1.0,-1.0,-1.0,-1.0,-1.0,0.0,0.0,0.0,0.0
1791655603.62,3220166.2,1026.7,97946.9,97946.9,752.8,1705.5,1525.6,26.2,89.96,0.01,215.72,0.0,0.0,0.0,0.79,175461.2,-395982.7,489739.2,0.5834,0.104,1145.9,-0.09577,-65.24961,1.0,0,-1.0,-1.0,-1.0,-1.0,-1.0,0.0,0.0,0.0,0.0
1791655604.12,3220166.7,1027.2,98323.3,98323.3,752.6,1707.8,1527.7,26.16,89.96,0.0,215.66,0.0,0.0,0.0,0.79,176132.9,-394857.5,490637.7,0.5819,0.104,1149.0,-0.09572,-65.19511,1.0,0,-1.0,-1.0,-1.0,-1.0,-1.0,0.0,0.0,0.0,0.0
1791655604.62,3220167.2,1027.7,98714.6,98714.6,752.4,1710.2,1529.8,26.11,89.96,-0.0,215.59,0.0,0.0,0.0,0.79,176836.3,-393680.0,491578.2,0.5803,0.104,1152.3,-0.09567,-65.13835,1.0,0,-1.0,-1.0,-1.0,-1.0,-1.0,0.0,0.0,0.0,0.0
1791655605.13,3220167.7,1028.2,99090.7,99090.7,752.2,1712.4,1531.9,26.06,89.96,-0.0,215.53,0.0,0.0,0.0,0.79,177517.4,-392540.6,492488.4,0.5788,0.104,1155.5,-0.09563,-65.08369,1.0,0,-1.0,-1.0,-1.0,-1.0,-1.0,0.0,0.0,0.0,0.0
1791655605.63,3220168.2,1028.7,99466.7,99466.8,751.9,1714.7,1534.1,26.02,89.96,-0.01,215.47,0.0,0.0,0.0,0.79,178203.3,-391394.2,493404.6,0.5772,0.104,1158.8,-0.09558,-65.02896,1.0,0,-1.0,-1.0,-1.0,-1.0,-1.0,0.0,0.0,0.0,0.0
1791655606.13,3220168.7,1029.2,99842.7,99842.7,751.7,1717.1,1536.2,25.97,89.96,-0.01,215.41,0.0,0.0,0.0,0.79,178894.0,-390240.7,494326.6,0.5757,0.104,1162.0,-0.09554,-64.97416,1.0,0,-1.0,-1.0,-1.0,-1.0,-1.0,0.0,0.0,0.0,0.0
1791655606.63,3220169.2,1029.7,100218.5,100218.5,751.6,1719.4,1538.3,25.92,89.96,-0.01,215.34,0.0,0.0,0.0,0.79,179592.6,-389083.4,495254.6,0.5741,0.105,1165.3,-0.09549,-64.91894,1.0,0,-1.0,-1.0,-1.0,-1.0,-1.0,0.0,0.0,0.0,0.0
1791655607.13,3220169.7,1030.2,100594.3,100594.3,751.4,1721.7,1540.5,25.88,89.96,-0.01,215.28,0.0,0.0,0.0,0.8,180293.3,-387915.7,496188.8,0.5726,0.105,1168.6,-0.09544,-64.86399,1.0,0,-1.0,-1.0,-1.0,-1.0,-1.0,0.0,0.0,0.0,0.0
1791655607.63,3220170.2,1030.7,100969.9,100969.9,751.2,1724.0,1542.7,25.83,89.96,-0.01,215.21,0.0,0.0,0.0,0.8,180999.0,-386740.8,497129.1,0.571,0.105,1171.9,-0.09539,-64.80896,1.0,0,-1.0,-1.0,-1.0,-1.0,-1.0,0.0,0.0,0.0,0.0
1791655608.14,3220170.7,1031.2,101345.5,101345.5,751.0,1726.4,1544.8,25.79,89.96,-0.0,215.15,0.0,0.0,0.0,0.8,181709.9,-385558.7,498075.6,0.5695,0.105,1175.3,-0.09535,-64.75385,1.0,0,-1.0,-1.0,-1.0,-1.0,-1.0,0.0,0.0,0.0,0.0
1791655608.64,3220171.2,1031.7,101721.0,101721.0,750.9,1728.8,1547.0,25.75,89.96,0.0,215.09,0.0,0.0,0.0,0.8,182426.1,-384369.4,499028.3,0.5679,0.105,1178.6,-0.0953,-64.69866,1.0,0,-1.0,-1.0,-1.0,-1.0,-1.0,0.0,0.0,0.0,0.0
1791655609.15,3220171.7,1032.2,102111.4,102111.4,750.7,1731.2,1549.3,25.7,89.96,0.01,215.02,0.0,0.0,0.0,0.8,183176.6,-383124.8,500025.9,0.5663,0.105,1182.2,-0.09525,-64.64119,1.0,0,-1.0,-1.0,-1.0,-1.0,-1.0,0.0,0.0,0.0,0.0
1791655609.65,3220172.2,1032.7,102486.8,102486.8,750.6,1733.6,1551.5,25.66,89.96,0.01,214.96,0.0,0.0,0.0,0.8,183903.7,-381920.5,500991.6,0.5647,0.105,1185.6,-0.0952,-64.58585,1.0,0,-1.0,-1.0,-1.0,-1.0,-1.0,0.0,0.0,0.0,0.0
1791655610.15,3220172.7,1033.2,102862.1,102862.1,750.4,1736.0,1553.7,25.62,89.96,0.01,214.89,0.0,0.0,0.0,0.8,184636.4,-380708.9,501963.8,0.5631,0.105,1189.1,-0.09515,-64.53044,1.0,0,-1.0,-1.0,-1.0,-1.0,-1.0,0.0,0.0,0.0,0.0
1791655610.65,3220173.2,1033.7,103237.3,103237.3,750.3,1738.4,1555.9,25.58,89.96,0.01,214.83,0.0,0.0,0.0,0.8,185374.8,-379489.9,502942.4,0.5616,0.105,1192.5,-0.0951,-64.47495,1.0,0,-1.0,-1.0,-1.0,-1.0,-1.0,0.0,0.0,0.0,0.0
1791655611.16,3220173.7,1034.2,103612.4,103612.4,750.2,1740.8,1558.2,25.53,89.95,0.01,214.77,0.0,0.0,0.0,0.81,186118.8,-378263.4,503927.7,0.56,0.105,1196.0,-0.09505,-64.41938,1.0,0,-1.0,-1.0,-1.0,-1.0,-1.0,0.0,0.0,0.0,0.0
1791655611.66,3220174.2,1034.7,103987.5,103987.5,750.1,1743.2,1560.4,25.49,89.95,0.01,214.7,0.0,0.0,0.0,0.81,186868.7,-377029.5,504919.6,0.5584,0.105,1199.6,-0.095,-64.36373,1.0,0,-1.0,-1.0,-1.0,-1.0,-1.0,0.0,0.0,0.0,0.0
1791655612.16,3220174.7,1035.2,104362.5,104362.5,750.0,1745.6,1562.7,25.45,89.95,0.0,214.64,0.0,0.0,0.0,0.81,187624.5,-375788.0,505918.3,0.5568,0.105,1203.1,-0.09495,-64.30801,1.0,0,-1.0,-1.0,-1.0,-1.0,-1.0,0.0,0.0,0.0,0.0
1791655612.66,3220175.2,1035.7,104752.5,104752.5,749.9,1748.2,1565.0,25.41,89.95,0.0,214.57,0.0,0.0,0.0,0.81,188416.9,-374488.8,506964.1,0.5552,0.105,1206.9,-0.0949,-64.24997,1.0,0,-1.0,-1.0,-1.0,-1.0,-1.0,0.0,0.0,0.0,0.0
1791655613.16,3220175.7,1036.2,105112.5,105112.5,749.8,1750.5,1567.2,25.37,89.95,-0.0,214.51,0.0,0.0,0.0,0.81,189154.2,-373282.3,507936.0,0.5536,0.105,1210.3,-0.09485,-64.19666,1.0,0,-1.0,-1.0,-1.0,-1.0,-1.0,0.0,0.0,0.0,0.0
1791655613.66,3220176.2,1036.7,105487.4,105487.4,749.8,1753.0,1569.5,25.33,89.95,-0.01,214.45,0.0,0.0,0.0,0.81,189928.4,-372017.9,508955.2,0.5521,0.105,1214.0,-0.09479,-64.14038,1.0,0,-1.0,-1.0,-1.0,-1.0,-1.0,0.0,0.0,0.0,0.0
1791655614.17,3220176.7,1037.2,105877.3,105877.3,749.7,1755.5,1571.9,25.29,89.95,-0.01,214.38,0.0,0.0,0.0,0.81,190740.3,-370694.9,510022.7,0.5504,0.106,1217.8,-0.09474,-64.0821,1.0,0,-1.0,-1.0,-1.0,-1.0,-1.0,0.0,0.0,0.0,0.0
1791655614.67,3220177.2,1037.7,106252.1,106252.1,749.6,1758.0,1574.2,25.25,89.95,-0.01,214.31,0.0,0.0,0.0,0.81,191527.4,-369414.8,511056.3,0.5488,0.106,1221.5,-0.09469,-64.02599,1.0,0,-1.0,-1.0,-1.0,-1.0,-1.0,0.0,0.0,0.0,0.0
1791655615.17,3220177.7,1038.2,106627.0,106627.0,749.6,1760.5,1576.5,25.21,89.95,-0.01,214.25,0.0,0.0,0.0,0.81,192321.1,-368126.9,512097.1,0.5472,0.106,1225.2,-0.09464,-63.9698,1.0,0,-1.0,-1.0,-1.0,-1.0,-1.0,0.0,0.0,0.0,0.0
1791655615.68,3220178.2,1038.7,107001.8,107001.8,749.6,1763.0,1578.8,25.17,89.95,-0.01,214.19,0.0,0.0,0.0,0.82,193121.5,-366831.2,513145.1,0.5456,0.106,1229.0,-0.09458,-63.91353,1.0,0,-1.0,-1.0,-1.0,-1.0,-1.0,0.0,0.0,0.0,0.0
1791655616.18,3220178.6,1039.2,107316.6,107316.6,749.5,1765.1,1580.8,25.13,89.95,-0.0,214.13,0.0,0.0,0.0,0.82,193799.0,-365736.8,514031.1,0.5443,0.106,1232.2,-0.09454,-63.8662,1.0,0,-1.0,-1.0,-1.0,-1.0,-1.0,0.0,0.0,0.0,0.0
1791655616.68,3220179.1,1039.7,107691.4,107691.4,749.5,1767.6,1583.1,25.09,89.95,-0.0,214.07,0.0,0.0,0.0,0.82,194611.9,-364426.5,515092.7,0.5427,0.106,1236.0,-0.09448,-63.80979,1.0,0,-1.0,-1.0,-1.0,-1.0,-1.0,0.0,0.0,0.0,0.0
1791655617.18,3220179.6,1040.2,108066.2,108066.2,749.5,1770.1,1585.5,25.05,89.95,0.0,214.0,0.0,0.0,0.0,0.82,195431.7,-363108.3,516161.7,0.5411,0.106,1239.9,-0.09443,-63.7533,1.0,0,-1.0,-1.0,-1.0,-1.0,-1.0,0.0,0.0,0.0,0.0
1791655617.69,3220180.1,1040.7,108440.9,108440.9,749.5,1772.6,1587.9,25.01,89.95,0.01,213.94,0.0,0.0,0.0,0.82,196258.5,-361782.1,517238.2,0.5394,0.106,1243.7,-0.09437,-63.69673,1.0,0,-1.0,-1.0,-1.0,-1.0,-1.0,0.0,0.0,0.0,0.0
1791655618.19,3220180.6,1041.2,108830.7,108830.7,749.5,1775.3,1590.3,24.97,89.95,0.01,213.87,0.0,0.0,0.0,0.82,197126.1,-360394.3,518365.9,0.5378,0.106,1247.8,-0.09432,-63.63781,1.0,0,-1.0,-1.0,-1.0,-1.0,-1.0,0.0,0.0,0.0,0.0
1791655618.69,3220181.1,1041.7,109190.5,109190.5,749.5,1777.7,1592.6,24.93,89.95,0.01,213.81,0.0,0.0,0.0,0.82,197934.0,-359105.5,519414.3,0.5362,0.106,1251.6,-0.09426,-63.58335,1.0,0,-1.0,-1.0,-1.0,-1.0,-1.0,0.0,0.0,0.0,0.0
1791655619.19,3220181.6,1042.2,109565.3,109565.3,749.6,1780.3,1595.0,24.9,89.95,0.01,213.74,0.0,0.0,0.0,0.82,198782.9,-357755.0,520514.0,0.5346,0.106,1255.6,-0.09421,-63.52654,1.0,0,-1.0,-1.0,-1.0,-1.0,-1.0,0.0,0.0,0.0,0.0
1791655619.69,3220182.1,1042.7,109940.1,109940.1,749.6,1782.9,1597.4,24.86,89.95,0.01,213.67,0.0,0.0,0.0,0.82,199639.4,-356396.4,521621.5,0.533,0.106,1259.6,-0.09415,-63.46966,1.0,0,-1.0,-1.0,-1.0,-1.0,-1.0,0.0,0.0,0.0,0.0
1791655620.19,3220182.6,1043.2,110314.9,110314.9,749.6,1785.4,1599.8,24.82,89.95,0.01,213.61,0.0,0.0,0.0,0.83,200503.7,-355029.7,522737.0,0.5314,0.106,1263.6,-0.0941,-63.41269,1.0,0,-1.0,-1.0,-1.0,-1.0,-1.0,0.0,0.0,0.0,0.0
1791655620.7,3220183.1,1043.7,110704.8,110704.8,749.7,1788.1,1602.4,24.78,89.95,0.0,213.54,0.0,0.0,0.0,0.83,201410.9,-353599.5,523905.7,0.5297,0.106,1267.9,-0.09404,-63.35337,1.0,0,-1.0,-1.0,-1.0,-1.0,-1.0,0.0,0.0,0.0,0.0
1791655621.2,3220183.6,1044.2,111079.6,111079.6,749.8,1790.7,1604.8,24.75,89.95,0.0,213.48,0.0,0.0,0.0,0.83,202291.4,-352216.0,525037.7,0.5281,0.106,1272.0,-0.09398,-63.29624,1.0,0,-1.0,-1.0,-1.0,-1.0,-1.0,0.0,0.0,0.0,0.0
1791655621.7,3220184.1,1044.7,111454.6,111454.6,749.8,1793.3,1607.2,24.72,89.95,-0.0,213.41,0.0,0.0,0.0,0.83,203180.2,-350824.2,526178.0,0.5264,0.107,1276.1,-0.09392,-63.23903,1.0,0,-1.0,-1.0,-1.0,-1.0,-1.0,0.0,0.0,0.0,0.0
1791655622.2,3220184.6,1045.2,111829.5,111829.5,749.9,1795.9,1609.7,24.68,89.95,-0.01,213.35,0.0,0.0,0.0,0.83,204077.3,-349424.2,527326.5,0.5248,0.107,1280.3,-0.09387,-63.18175,1.0,0,-1.0,-1.0,-1.0,-1.0,-1.0,0.0,0.0,0.0,0.0
1791655622.7,3220185.2,1045.7,112204.5,112204.5,750.0,1798.6,1612.2,24.65,89.95,-0.01,213.28,0.0,0.0,0.0,0.83,204982.8,-348015.8,528483.5,0.5232,0.107,1284.5,-0.09381,-63.12438,1.0,0,-1.0,-1.0,-1.0,-1.0,-1.0,0.0,0.0,0.0,0.0
1791655623.21,3220185.6,1046.2,112579.6,112579.6,750.1,1801.2,1614.6,24.62,89.95,-0.01,213.21,0.0,0.0,0.0,0.83,205897.1,-346599.0,529649.0,0.5216,0.107,1288.8,-0.09375,-63.06694,1.0,0,-1.0,-1.0,-1.0,-1.0,-1.0,0.0,0.0,0.0,0.0
1791655623.71,3220186.2,1046.7,112954.7,112954.7,750.2,1803.9,1617.1,24.58,89.95,-0.01,213.15,0.0,0.0,0.0,0.83,206820.1,-345173.8,530823.1,0.5199,0.107,1293.1,-0.09369,-63.00941,1.0,0,-1.0,-1.0,-1.0,-1.0,-1.0,0.0,0.0,0.0,0.0
1791655624.21,3220186.7,1047.2,113344.9,113344.9,750.4,1806.6,1619.7,24.55,89.95,-0.01,213.08,0.0,0.0,0.0,0.84,207789.6,-343682.7,532053.5,0.5182,0.107,1297.6,-0.09363,-62.9495,1.0,0,-1.0,-1.0,-1.0,-1.0,-1.0,0.0,0.0,0.0,0.0
1791655624.71,3220187.2,1047.7,113720.1,113720.1,750.5,1809.3,1622.2,24.52,89.95,-0.0,213.01,0.0,0.0,0.0,0.84,208731.2,-342240.3,533245.4,0.5166,0.107,1301.9,-0.09357,-62.89181,1.0,0,-1.0,-1.0,-1.0,-1.0,-1.0,0.0,0.0,0.0,0.0
1791655625.21,3220187.7,1048.2,114095.4,114095.4,750.6,1811.9,1624.7,24.49,89.95,0.0,212.95,0.0,0.0,0.0,0.84,209682.0,-340789.4,534446.3,0.515,0.107,1306.3,-0.09351,-62.83404,1.0,0,-1.0,-1.0,-1.0,-1.0,-1.0,0.0,0.0,0.0,0.0
1791655625.71,3220188.2,1048.7,114470.7,114470.8,750.8,1814.6,1627.3,24.45,89.95,0.0,212.88,0.0,0.0,0.0,0.84,210642.3,-339330.0,535656.1,0.5134,0.107,1310.8,-0.09345,-62.77619,1.0,0,-1.0,-1.0,-1.0,-1.0,-1.0,0.0,0.0,0.0,0.0
1791655626.22,3220188.7,1049.3,114846.2,114846.2,750.9,1817.3,1629.8,24.42,89.95,0.01,212.82,0.0,0.0,0.0,0.84,211612.2,-337861.9,536875.1,0.5117,0.107,1315.2,-0.09339,-62.71826,1.0,0,-1.0,-1.0,-1.0,-1.0,-1.0,0.0,0.0,0.0,0.0
1791655626.72,3220189.2,1049.8,115221.7,115221.7,751.1,1820.0,1632.3,24.39,89.95,0.01,212.75,0.0,0.0,0.0,0.84,212591.9,-336385.3,538103.3,0.5101,0.107,1319.8,-0.09333,-62.66024,1.0,0,-1.0,-1.0,-1.0,-1.0,-1.0,0.0,0.0,0.0,0.0
1791655627.22,3220189.7,1050.3,115597.3,115597.3,751.3,1822.7,1634.9,24.35,89.95,0.01,212.68,0.0,0.0,0.0,0.84,213581.6,-334899.9,539340.8,0.5085,0.107,1324.3,-0.09326,-62.60215,1.0,0,-1.0,-1.0,-1.0,-1.0,-1.0,0.0,0.0,0.0,0.0
1791655627.72,3220190.2,1050.8,115973.1,115973.1,751.5,1825.5,1637.5,24.32,89.95,0.01,212.61,0.0,0.0,0.0,0.84,214581.4,-333405.9,540587.8,0.5068,0.107,1328.9,-0.0932,-62.54398,1.0,0,-1.0,-1.0,-1.0,-1.0,-1.0,0.0,0.0,0.0,0.0
1791655628.22,3220190.7,1051.3,116348.9,116348.9,751.7,1828.2,1640.0,24.28,89.95,0.01,212.55,0.0,0.0,0.0,0.85,215591.6,-331903.1,541844.2,0.5052,0.108,1333.5,-0.09314,-62.48572,1.0,0,-1.0,-1.0,-1.0,-1.0,-1.0,0.0,0.0,0.0,0.0
1791655628.73,3220191.2,1051.8,116739.8,116739.8,751.9,1831.0,1642.7,24.25,89.95,0.01,212.48,0.0,0.0,0.0,0.85,216653.3,-330330.9,543161.2,0.5035,0.108,1338.4,-0.09307,-62.42505,1.0,0,-1.0,-1.0,-1.0,-1.0,-1.0,0.0,0.0,0.0,0.0
1791655629.23,3220191.7,1052.3,117100.8,-1.0,752.1,1833.6,1645.1,24.22,89.95,0.0,212.41,0.0,0.0,0.0,0.85,217643.6,-328871.2,544386.2,0.502,0.108,1342.9,-0.09301,-62.3693,1.0,0,-1.0,-1.0,-1.0,-1.0,-1.0,0.0,0.0,0.0,0.0
1791655629.73,3220192.2,1052.8,117492.0,117492.0,752.3,1836.5,1647.9,24.18,89.95,-0.0,212.35,0.0,0.0,0.0,0.85,218727.8,-327280.7,545723.6,0.5003,0.108,1347.9,-0.09295,-62.30812,1.0,0,-1.0,-1.0,-1.0,-1.0,-1.0,0.0,0.0,0.0,0.0
1791655630.23,3220192.7,1053.3,117868.2,117868.2,752.6,1839.3,1650.5,24.15,89.95,-0.0,212.28,0.0,0.0,0.0,0.85,219781.7,-325742.3,547019.7,0.4986,0.108,1352.7,-0.09288,-62.24954,1.0,0,-1.0,-1.0,-1.0,-1.0,-1.0,0.0,0.0,0.0,0.0
1791655630.73,3220193.2,1053.8,118244.6,118244.6,752.8,1842.1,1653.2,24.11,89.94,-0.01,212.21,0.0,0.0,0.0,0.85,220846.8,-324195.0,548325.9,0.497,0.108,1357.5,-0.09282,-62.19087,1.0,0,-1.0,-1.0,-1.0,-1.0,-1.0,0.0,0.0,0.0,0.0
1791655631.23,3220193.7,1054.3,118621.1,118621.1,753.1,1844.9,1655.8,24.08,89.94,-0.01,212.15,0.0,0.0,0.0,0.85,221923.5,-322638.8,549642.4,0.4954,0.108,1362.4,-0.09275,-62.13212,1.0,0,-1.0,-1.0,-1.0,-1.0,-1.0,0.0,0.0,0.0,0.0
1791655631.74,3220194.2,1054.8,118997.7,118997.7,753.4,1847.7,1658.5,24.05,89.94,-0.01,212.08,0.0,0.0,0.0,0.85,223012.0,-321073.6,550969.2,0.4938,0.108,1367.4,-0.09269,-62.07329,1.0,0,-1.0,-1.0,-1.0,-1.0,-1.0,0.0,0.0,0.0,0.0
1791655632.24,3220194.7,1055.3,119374.5,119374.5,753.6,1850.5,1661.1,24.02,89.94,-0.01,212.01,0.0,0.0,0.0,0.86,224112.5,-319499.6,552306.5,0.4921,0.108,1372.3,-0.09262,-62.01438,1.0,0,-1.0,-1.0,-1.0,-1.0,-1.0,0.0,0.0,0.0,0.0
1791655632.74,3220195.2,1055.8,119751.4,119751.4,753.9,1853.3,1663.8,24.0,89.94,-0.01,211.94,0.0,0.0,0.0,0.86,225225.3,-317916.6,553654.3,0.4905,0.108,1377.4,-0.09256,-61.95539,1.0,0,-1.0,-1.0,-1.0,-1.0,-1.0,0.0,0.0,0.0,0.0
1791655633.24,3220195.7,1056.3,120128.4,120128.4,754.2,1856.1,1666.4,23.97,89.94,-0.0,211.88,0.0,0.0,0.0,0.86,226350.6,-316324.7,555012.9,0.4889,0.108,1382.4,-0.09249,-61.89631,1.0,0,-1.0,-1.0,-1.0,-1.0,-1.0,0.0,0.0,0.0,0.0
1791655633.75,3220196.2,1056.8,120505.7,120505.6,754.5,1858.9,1669.1,23.95,89.94,0.0,211.81,0.0,0.0,0.0,0.86,227488.7,-314723.9,556382.4,0.4873,0.108,1387.6,-0.09242,-61.83715,1.0,0,-1.0,-1.0,-1.0,-1.0,-1.0,0.0,0.0,0.0,0.0
1791655634.25,3220196.6,1057.3,120837.7,120837.7,754.8,1861.4,1671.5,23.92,89.94,0.01,211.75,0.0,0.0,0.0,0.86,228501.0,-313307.8,557596.6,0.4858,0.109,1392.1,-0.09237,-61.78502,1.0,0,-1.0,-1.0,-1.0,-1.0,-1.0,0.0,0.0,0.0,0.0
1791655634.75,3220197.1,1057.8,121200.1,121200.1,755.1,1864.2,1674.1,23.9,89.94,0.01,211.69,0.0,0.0,0.0,0.86,229617.1,-311755.1,558931.0,0.4843,0.109,1397.1,-0.0923,-61.72808,1.0,0,-1.0,-1.0,-1.0,-1.0,-1.0,0.0,0.0,0.0,0.0
1791655635.25,3220197.6,1058.3,121577.8,121577.8,755.5,1867.0,1676.8,23.88,89.94,0.01,211.62,0.0,0.0,0.0,0.86,230793.0,-310129.0,560332.0,0.4827,0.109,1402.4,-0.09223,-61.66868,1.0,0,-1.0,-1.0,-1.0,-1.0,-1.0,0.0,0.0,0.0,0.0
1791655635.75,3220198.1,1058.8,121955.6,121955.6,755.8,1869.9,1679.5,23.85,89.94,0.01,211.55,0.0,0.0,0.0,0.87,231982.6,-308493.8,561744.4,0.4811,0.109,1407.7,-0.09216,-61.60921,1.0,0,-1.0,-1.0,-1.0,-1.0,-1.0,0.0,0.0,0.0,0.0
1791655636.26,3220198.6,1059.3,122333.6,122333.6,756.2,1872.8,1682.3,23.82,89.94,0.01,211.48,0.0,0.0,0.0,0.87,233186.2,-306849.7,563168.3,0.4795,0.109,1413.0,-0.0921,-61.54965,1.0,0,-1.0,-1.0,-1.0,-1.0,-1.0,0.0,0.0,0.0,0.0
1791655636.76,3220199.1,1059.8,122711.8,122711.8,756.5,1875.7,1685.0,23.8,89.94,0.01,211.41,0.0,0.0,0.0,0.87,234404.0,-305196.4,564603.8,0.4779,0.109,1418.4,-0.09203,-61.49,1.0,0,-1.0,-1.0,-1.0,-1.0,-1.0,0.0,0.0,0.0,0.0
1791655637.26,3220199.6,1060.3,123105.4,123105.4,756.9,1878.7,1687.9,23.77,89.94,0.0,211.34,0.0,0.0,0.0,0.87,235686.0,-303467.5,566109.2,0.4762,0.109,1424.1,-0.09195,-61.42789,1.0,0,-1.0,-1.0,-1.0,-1.0,-1.0,0.0,0.0,0.0,0.0
1791655637.76,3220200.1,1060.8,123468.8,123468.8,757.3,1881.5,1690.5,23.74,89.94,0.0,211.27,0.0,0.0,0.0,0.87,236883.6,-301862.8,567510.4,0.4747,0.109,1429.4,-0.09189,-61.37047,1.0,0,-1.0,-1.0,-1.0,-1.0,-1.0,0.0,0.0,0.0,0.0
1791655638.26,3220200.6,1061.3,123862.7,123862.7,757.7,1884.5,1693.4,23.71,89.94,-0.0,211.2,0.0,0.0,0.0,0.87,238196.6,-300115.0,569040.8,0.473,0.109,1435.2,-0.09181,-61.30818,1.0,0,-1.0,-1.0,-1.0,-1.0,-1.0,0.0,0.0,0.0,0.0
1791655638.76,3220201.1,1061.8,124241.7,124241.7,758.1,1887.4,1696.2,23.68,89.94,-0.01,211.14,0.0,0.0,0.0,0.87,239474.8,-298425.0,570524.9,0.4714,0.109,1440.8,-0.09174,-61.2482,1.0,0,-1.0,-1.0,-1.0,-1.0,-1.0,0.0,0.0,0.0,0.0
1791655639.26,3220201.6,1062.3,124620.9,124620.9,758.6,1890.4,1699.0,23.65,89.94,-0.01,211.07,0.0,0.0,0.0,0.87,240768.7,-296725.9,572021.4,0.4698,0.109,1446.5,-0.09167,-61.18813,1.0,0,-1.0,-1.0,-1.0,-1.0,-1.0,0.0,0.0,0.0,0.0
1791655639.77,3220202.1,1062.8,125000.3,125000.3,759.0,1893.3,1701.8,23.62,89.94,-0.01,211.0,0.0,0.0,0.0,0.88,242078.6,-295017.7,573530.4,0.4682,0.109,1452.2,-0.0916,-61.12799,1.0,0,-1.0,-1.0,-1.0,-1.0,-1.0,0.0,0.0,0.0,0.0
1791655640.27,3220202.6,1063.3,125395.1,125395.1,759.5,1896.4,1704.7,23.6,89.94,-0.01,210.93,0.0,0.0,0.0,0.88,243458.3,-293231.6,575113.3,0.4666,0.11,1458.2,-0.09153,-61.06534,1.0,0,-1.0,-1.0,-1.0,-1.0,-1.0,0.0,0.0,0.0,0.0
1791655640.77,3220203.1,1063.8,125759.8,125759.8,759.9,1899.2,1707.4,23.57,89.94,-0.01,210.86,0.0,0.0,0.0,0.88,244747.8,-291574.1,576586.8,0.4651,0.11,1463.8,-0.09146,-61.00744,1.0,0,-1.0,-1.0,-1.0,-1.0,-1.0,0.0,0.0,0.0,0.0
1791655641.27,3220203.6,1064.3,126139.9,126139.9,760.4,1902.2,1710.2,23.55,89.94,-0.0,210.8,0.0,0.0,0.0,0.88,246107.8,-289838.8,578134.5,0.4635,0.11,1469.7,-0.09138,-60.94704,1.0,0,-1.0,-1.0,-1.0,-1.0,-1.0,0.0,0.0,0.0,0.0
1791655641.77,3220204.1,1064.8,126520.2,126520.2,760.8,1905.2,1713.1,23.53,89.94,-0.0,210.72,0.0,0.0,0.0,0.88,247485.2,-288094.5,579695.4,0.4619,0.11,1475.7,-0.09131,-60.88656,1.0,0,-1.0,-1.0,-1.0,-1.0,-1.0,0.0,0.0,0.0,0.0
1791655642.27,3220204.6,1065.3,126900.8,126900.8,761.3,1908.2,1715.9,23.51,89.94,0.0,210.65,0.0,0.0,0.0,0.88,248880.4,-286341.2,581269.6,0.4604,0.11,1481.7,-0.09124,-60.82599,1.0,0,-1.0,-1.0,-1.0,-1.0,-1.0,0.0,0.0,0.0,0.0
1791655642.78,3220205.1,1065.8,127296.8,127296.8,761.8,1911.3,1718.9,23.49,89.94,0.01,210.59,0.0,0.0,0.0,0.88,250350.7,-284508.2,582921.2,0.4588,0.11,1488.0,-0.09116,-60.76291,1.0,0,-1.0,-1.0,-1.0,-1.0,-1.0,0.0,0.0,0.0,0.0
1791655643.28,3220205.6,1066.3,127677.9,127677.9,762.3,1914.3,1721.8,23.47,89.94,0.01,210.52,0.0,0.0,0.0,0.89,251783.4,-282736.8,584523.3,0.4572,0.11,1494.2,-0.09109,-60.70217,1.0,0,-1.0,-1.0,-1.0,-1.0,-1.0,0.0,0.0,0.0,0.0
1791655643.78,3220206.1,1066.8,128059.2,128059.2,762.9,1917.3,1724.7,23.45,89.94,0.01,210.45,0.0,0.0,0.0,0.89,253235.1,-280956.4,586139.3,0.4557,0.11,1500.4,-0.09101,-60.64135,1.0,0,-1.0,-1.0,-1.0,-1.0,-1.0,0.0,0.0,0.0,0.0
1791655644.28,3220206.6,1067.3,128440.8,128440.8,763.4,1920.4,1727.6,23.43,89.94,0.01,210.38,0.0,0.0,0.0,0.89,254706.0,-279167.1,587769.4,0.4542,0.11,1506.6,-0.09094,-60.58044,1.0,0,-1.0,-1.0,-1.0,-1.0,-1.0,0.0,0.0,0.0,0.0
1791655644.79,3220207.2,1067.8,128822.6,128822.6,763.9,1923.4,1730.5,23.41,89.94,0.01,210.31,0.0,0.0,0.0,0.89,256196.6,-277369.0,589413.8,0.4526,0.11,1512.9,-0.09086,-60.51945,1.0,0,-1.0,-1.0,-1.0,-1.0,-1.0,0.0,0.0,0.0,0.0
1791655645.29,3220207.7,1068.3,129204.7,129204.7,764.5,1926.5,1733.4,23.39,89.94,0.01,210.24,0.0,0.0,0.0,0.89,257707.2,-275561.9,591072.6,0.4511,0.11,1519.3,-0.09078,-60.45837,1.0,0,-1.0,-1.0,-1.0,-1.0,-1.0,0.0,0.0,0.0,0.0
1791655645.79,3220208.2,1068.8,129587.1,129587.1,765.1,1929.5,1736.3,23.37,89.94,0.0,210.17,0.0,0.0,0.0,0.89,259238.3,-273746.0,592746.1,0.4496,0.111,1525.8,-0.09071,-60.39721,1.0,0,-1.0,-1.0,-1.0,-1.0,-1.0,0.0,0.0,0.0,0.0
1791655646.29,3220208.7,1069.3,129985.1,129985.1,765.7,1932.7,1739.3,23.34,89.94,0.0,210.1,0.0,0.0,0.0,0.89,260852.8,-271848.1,594502.3,0.448,0.111,1532.6,-0.09063,-60.33351,1.0,0,-1.0,-1.0,-1.0,-1.0,-1.0,0.0,0.0,0.0,0.0
1791655646.79,3220209.2,1069.8,130368.1,130368.1,766.2,1935.8,1742.3,23.32,89.94,-0.0,210.03,0.0,0.0,0.0,0.9,262426.8,-270014.2,596206.3,0.4465,0.111,1539.2,-0.09055,-60.27217,1.0,0,-1.0,-1.0,-1.0,-1.0,-1.0,0.0,0.0,0.0,0.0
1791655647.3,3220209.7,1070.3,130751.4,130751.4,766.8,1938.9,1745.2,23.29,89.94,-0.01,209.96,0.0,0.0,0.0,0.9,264022.7,-268171.5,597925.6,0.445,0.111,1545.8,-0.09047,-60.21075,1.0,0,-1.0,-1.0,-1.0,-1.0,-1.0,0.0,0.0,0.0,0.0
1791655647.8,3220210.2,1070.8,131135.0,131135.0,767.4,1942.0,1748.2,23.27,89.94,-0.01,209.89,0.0,0.0,0.0,0.9,265640.6,-266319.9,599660.3,0.4436,0.111,1552.6,-0.09039,-60.14925,1.0,0,-1.0,-1.0,-1.0,-1.0,-1.0,0.0,0.0,0.0,0.0
1791655648.3,3220210.7,1071.3,131518.9,131518.9,768.1,1945.1,1751.1,23.25,89.94,-0.01,209.82,0.0,0.0,0.0,0.9,267281.2,-264459.7,601410.7,0.4421,0.111,1559.4,-0.09032,-60.08766,1.0,0,-1.0,-1.0,-1.0,-1.0,-1.0,0.0,0.0,0.0,0.0
1791655648.8,3220211.2,1071.8,131903.1,131903.1,768.7,1948.2,1754.1,23.23,89.94,-0.01,209.75,0.0,0.0,0.0,0.9,268945.0,-262590.9,603177.0,0.4406,0.111,1566.3,-0.09024,-60.02598,1.0,0,-1.0,-1.0,-1.0,-1.0,-1.0,0.0,0.0,0.0,0.0
1791655649.3,3220211.6,1072.3,132256.5,132256.5,767.8,1947.4,1753.2,23.21,89.98,-0.02,209.68,0.0,0.0,0.0,0.0,269079.1,-262441.0,603319.0,0.4405,0.111,1566.8,-0.09016,-59.96922,1.0,0,-1.0,-1.0,-1.0,-1.0,-1.0,0.0,0.0,0.0,0.0
1791655649.8,3220212.0,1072.8,132517.5,132517.5,767.1,1946.5,1752.2,23.2,90.05,-0.05,209.63,0.0,0.0,0.0,0.0,269079.1,-262441.0,603319.0,0.4405,0.111,1566.8,-0.09011,-59.92731,1.0,0,-1.0,-1.0,-1.0,-1.0,-1.0,0.0,0.0,0.0,0.0
1791655650.31,3220212.5,1073.3,132916.1,132916.1,765.9,1945.1,1750.7,23.18,90.14,-0.08,209.56,0.0,0.0,0.0,0.0,269079.1,-262441.0,603319.0,0.4405,0.111,1566.8,-0.09003,-59.86327,1.0,0,-1.0,-1.0,-1.0,-1.0,-1.0,0.0,0.0,0.0,0.0
1791655650.81,3220213.0,1073.8,133283.4,133283.4,764.9,1943.9,1749.3,23.16,90.17,-0.09,209.5,0.0,0.0,0.0,0.0,269079.1,-262441.0,603319.0,0.4405,0.111,1566.8,-0.08995,-59.80423,1.0,0,-1.0,-1.0,-1.0,-1.0,-1.0,0.0,0.0,0.0,0.0
1791655651.31,3220213.5,1074.3,133665.6,133665.6,763.7,1942.6,1747.9,23.15,90.12,-0.07,209.43,0.0,0.0,0.0,0.0,269079.1,-262441.0,603319.0,0.4405,0.111,1566.8,-0.08987,-59.7428,1.0,0,-1.0,-1.0,-1.0,-1.0,-1.0,0.0,0.0,0.0,0.0
1791655651.81,3220214.0,1074.8,134047.2,134047.2,762.6,1941.3,1746.5,23.13,90.03,-0.03,209.35,0.0,0.0,0.0,0.0,269079.1,-262441.0,603319.0,0.4405,0.111,1566.8,-0.08979,-59.68145,1.0,0,-1.0,-1.0,-1.0,-1.0,-1.0,0.0,0.0,0.0,0.0
1791655652.37,3220214.4,1075.4,134397.8,134397.8,761.6,1940.1,1745.2,23.12,89.94,0.01,209.29,0.0,0.0,0.0,0.0,269079.1,-262441.0,603319.0,0.4405,0.111,1566.8,-0.08972,-59.62506,1.0,0,-1.0,-1.0,-1.0,-1.0,-1.0,0.0,0.0,0.0,0.0
1791655652.87,3220215.0,1075.9,134793.5,134793.5,760.5,1938.8,1743.7,23.1,89.87,0.04,209.22,0.0,0.0,0.0,0.0,269079.1,-262441.0,603319.0,0.4405,0.111,1566.8,-0.08963,-59.5614,1.0,0,-1.0,-1.0,-1.0,-1.0,-1.0,0.0,0.0,0.0,0.0
1791655653.37,3220215.5,1076.4,135173.5,135173.5,759.4,1937.5,1742.3,23.09,89.85,0.04,209.15,0.0,0.0,0.0,0.0,269079.1,-262441.0,603319.0,0.4405,0.111,1566.8,-0.08955,-59.50026,1.0,0,-1.0,-1.0,-1.0,-1.0,-1.0,0.0,0.0,0.0,0.0
1791655653.88,3220216.0,1076.9,135568.1,135568.0,758.2,1936.2,1740.9,23.07,89.87,0.03,209.08,0.0,0.0,0.0,0.0,269079.1,-262441.0,603319.0,0.4405,0.111,1566.8,-0.08947,-59.43675,1.0,0,-1.0,-1.0,-1.0,-1.0,-1.0,0.0,0.0,0.0,0.0
1791655654.38,3220216.5,1077.4,135946.9,135946.9,757.1,1934.9,1739.5,23.05,89.91,0.01,209.01,0.0,0.0,0.0,0.0,269079.1,-262441.0,603319.0,0.4405,0.111,1566.8,-0.08939,-59.37575,1.0,0,-1.0,-1.0,-1.0,-1.0,-1.0,0.0,0.0,0.0,0.0
1791655654.88,3220217.0,1077.9,136325.2,136325.2,756.0,1933.6,1738.0,23.03,89.95,-0.01,208.94,0.0,0.0,0.0,0.0,269079.1,-262441.0,603319.0,0.4405,0.111,1566.8,-0.08931,-59.31483,1.0,0,-1.0,-1.0,-1.0,-1.0,-1.0,0.0,0.0,0.0,0.0
1791655655.38,3220217.5,1078.4,136702.9,136702.9,754.9,1932.3,1736.6,23.01,89.97,-0.02,208.87,0.0,0.0,0.0,0.0,269079.1,-262441.0,603319.0,0.4405,0.111,1566.8,-0.08923,-59.25397,1.0,0,-1.0,-1.0,-1.0,-1.0,-1.0,0.0,0.0,0.0,0.0
1791655655.89,3220218.0,1078.9,137080.1,137080.1,753.8,1931.1,1735.2,22.99,89.96,-0.02,208.8,0.0,0.0,0.0,0.0,269079.1,-262441.0,603319.0,0.4405,0.111,1566.8,-0.08915,-59.19319,1.0,0,-1.0,-1.0,-1.0,-1.0,-1.0,0.0,0.0,0.0,0.0
1791655656.39,3220218.5,1079.4,137471.7,137471.7,752.6,1929.8,1733.8,22.96,89.94,-0.01,208.73,0.0,0.0,0.0,0.0,269079.1,-262441.0,603319.0,0.4405,0.111,1566.8,-0.08907,-59.13005,1.0,0,-1.0,-1.0,-1.0,-1.0,-1.0,0.0,0.0,0.0,0.0
1791655656.89,3220219.0,1079.9,137847.8,137847.8,751.5,1928.5,1732.4,22.94,89.91,-0.0,208.66,0.0,0.0,0.0,0.0,269079.1,-262441.0,603319.0,0.4405,0.111,1566.8,-0.08899,-59.06941,1.0,0,-1.0,-1.0,-1.0,-1.0,-1.0,0.0,0.0,0.0,0.0
1791655657.4,3220219.5,1080.4,138223.3,138223.3,750.4,1927.2,1731.0,22.92,89.9,0.01,208.59,0.0,0.0,0.0,0.0,269079.1,-262441.0,603319.0,0.4405,0.111,1566.8,-0.08891,-59.00884,1.0,0,-1.0,-1.0,-1.0,-1.0,-1.0,0.0,0.0,0.0,0.0
1791655657.9,3220220.0,1080.9,138598.2,138598.2,749.3,1926.0,1729.6,22.89,89.9,0.01,208.52,0.0,0.0,0.0,0.0,269079.1,-262441.0,603319.0,0.4405,0.111,1566.8,-0.08883,-58.94834,1.0,0,-1.0,-1.0,-1.0,-1.0,-1.0,0.0,0.0,0.0,0.0
1791655658.4,3220220.5,1081.4,138972.6,138972.6,748.2,1924.7,1728.2,22.87,89.91,0.01,208.46,0.0,0.0,0.0,0.0,269079.1,-262441.0,603319.0,0.4405,0.111,1566.8,-0.08875,-58.88791,1.0,0,-1.0,-1.0,-1.0,-1.0,-1.0,0.0,0.0,0.0,0.0
1791655658.9,3220221.0,1081.9,139346.4,139346.4,747.1,1923.5,1726.8,22.85,89.92,0.0,208.39,0.0,0.0,0.0,0.0,269079.1,-262441.0,603319.0,0.4405,0.111,1566.8,-0.08867,-58.82756,1.0,0,-1.0,-1.0,-1.0,-1.0,-1.0,0.0,0.0,0.0,0.0
1791655659.4,3220221.5,1082.4,139719.7,139719.7,746.0,1922.2,1725.5,22.83,89.94,0.0,208.32,0.0,0.0,0.0,0.0,269079.1,-262441.0,603319.0,0.4405,0.111,1566.8,-0.08859,-58.76727,1.0,0,-1.0,-1.0,-1.0,-1.0,-1.0,0.0,0.0,0.0,0.0
1791655659.9,3220222.0,1082.9,140092.4,140092.5,744.9,1921.0,1724.1,22.81,89.94,0.0,208.25,0.0,0.0,0.0,0.0,269079.1,-262441.0,603319.0,0.4405,0.111,1566.8,-0.08851,-58.70705,1.0,0,-1.0,-1.0,-1.0,-1.0,-1.0,0.0,0.0,0.0,0.0
1791655660.41,3220222.5,1083.4,140464.6,140464.6,743.8,1919.7,1722.7,22.79,89.94,0.0,208.18,0.0,0.0,0.0,0.0,269079.1,-262441.0,603319.0,0.4405,0.111,1566.8,-0.08843,-58.64689,1.0,0,-1.0,-1.0,-1.0,-1.0,-1.0,0.0,0.0,0.0,0.0
1791655660.91,3220223.0,1083.9,140836.2,140836.3,742.7,1918.5,1721.3,22.78,89.94,0.01,208.11,0.0,0.0,0.0,0.0,269079.1,-262441.0,603319.0,0.4405,0.111,1566.8,-0.08835,-58.58681,1.0,0,-1.0,-1.0,-1.0,-1.0,-1.0,0.0,0.0,0.0,0.0
1791655661.41,3220223.5,1084.4,141207.3,141207.3,741.6,1917.2,1720.0,22.76,89.93,0.01,208.04,0.0,0.0,0.0,0.0,269079.1,-262441.0,603319.0,0.4405,0.111,1566.8,-0.08826,-58.5268,1.0,0,-1.0,-1.0,-1.0,-1.0,-1.0,0.0,0.0,0.0,0.0
1791655661.91,3220224.0,1084.9,141592.6,141592.6,740.4,1915.9,1718.5,22.74,89.92,0.01,207.97,0.0,0.0,0.0,0.0,269079.1,-262441.0,603319.0,0.4405,0.111,1566.8,-0.08818,-58.46445,1.0,0,-1.0,-1.0,-1.0,-1.0,-1.0,0.0,0.0,0.0,0.0
1791655662.41,3220224.5,1085.4,141933.0,141933.0,739.4,1914.8,1717.3,22.73,89.92,0.01,207.91,0.0,0.0,0.0,0.0,269079.1,-262441.0,603319.0,0.4405,0.111,1566.8,-0.08811,-58.40937,1.0,0,-1.0,-1.0,-1.0,-1.0,-1.0,0.0,0.0,0.0,0.0
1791655662.92,3220225.0,1085.9,142302.4,142302.4,738.3,1913.5,1715.9,22.71,89.92,0.01,207.84,0.0,0.0,0.0,0.0,269079.1,-262441.0,603319.0,0.4405,0.111,1566.8,-0.08803,-58.34955,1.0,0,-1.0,-1.0,-1.0,-1.0,-1.0,0.0,0.0,0.0,0.0
1791655663.42,3220225.5,1086.5,142671.3,142671.3,737.2,1912.3,1714.5,22.69,89.92,0.0,207.77,0.0,0.0,0.0,0.0,269079.1,-262441.0,603319.0,0.4405,0.111,1566.8,-0.08795,-58.28981,1.0,0,-1.0,-1.0,-1.0,-1.0,-1.0,0.0,0.0,0.0,0.0
1791655663.92,3220226.0,1087.0,143039.6,143039.6,736.1,1911.1,1713.2,22.67,89.92,-0.0,207.71,0.0,0.0,0.0,0.0,269079.1,-262441.0,603319.0,0.4405,0.111,1566.8,-0.08786,-58.23013,1.0,0,-1.0,-1.0,-1.0,-1.0,-1.0,0.0,0.0,0.0,0.0
1791655664.42,3220226.5,1087.5,143407.4,143407.4,735.0,1909.8,1711.8,22.65,89.92,-0.0,207.64,0.0,0.0,0.0,0.0,269079.1,-262441.0,603319.0,0.4405,0.111,1566.8,-0.08778,-58.17052,1.0,0,-1.0,-1.0,-1.0,-1.0,-1.0,0.0,0.0,0.0,0.0
1791655664.92,3220227.0,1088.0,143774.6,143774.6,733.9,1908.6,1710.5,22.63,89.93,-0.01,207.57,0.0,0.0,0.0,0.0,269079.1,-262441.0,603319.0,0.4405,0.111,1566.8,-0.0877,-58.11098,1.0,0,-1.0,-1.0,-1.0,-1.0,-1.0,0.0,0.0,0.0,0.0
1791655665.42,3220227.5,1088.5,144141.3,144141.3,732.8,1907.4,1709.1,22.61,89.93,-0.01,207.5,0.0,0.0,0.0,0.0,269079.1,-262441.0,603319.0,0.4405,0.111,1566.8,-0.08762,-58.0515,1.0,0,-1.0,-1.0,-1.0,-1.0,-1.0,0.0,0.0,0.0,0.0
1791655665.93,3220228.0,1089.0,144522.1,144522.1,731.6,1906.1,1707.7,22.58,89.94,-0.01,207.43,0.0,0.0,0.0,0.0,269079.1,-262441.0,603319.0,0.4405,0.111,1566.8,-0.08754,-57.98972,1.0,0,-1.0,-1.0,-1.0,-1.0,-1.0,0.0,0.0,0.0,0.0
1791655666.43,3220228.5,1089.5,144887.6,144887.6,730.5,1904.9,1706.3,22.56,89.94,-0.01,207.36,0.0,0.0,0.0,0.0,269079.1,-262441.0,603319.0,0.4405,0.111,1566.8,-0.08746,-57.93038,1.0,0,-1.0,-1.0,-1.0,-1.0,-1.0,0.0,0.0,0.0,0.0
1791655666.93,3220229.0,1090.0,145252.6,145252.6,729.4,1903.7,1705.0,22.53,89.94,-0.01,207.3,0.0,0.0,0.0,0.0,269079.1,-262441.0,603319.0,0.4405,0.111,1566.8,-0.08738,-57.87111,1.0,0,-1.0,-1.0,-1.0,-1.0,-1.0,0.0,0.0,0.0,0.0
1791655667.43,3220229.5,1090.5,145617.0,145617.0,728.3,1902.5,1703.7,22.51,89.94,-0.0,207.23,0.0,0.0,0.0,0.0,269079.1,-262441.0,603319.0,0.4405,0.111,1566.8,-0.08729,-57.8119,1.0,0,-1.0,-1.0,-1.0,-1.0,-1.0,0.0,0.0,0.0,0.0
1791655667.93,3220230.0,1091.0,145980.9,145980.9,727.2,1901.2,1702.3,22.48,89.94,0.0,207.16,0.0,0.0,0.0,0.0,269079.1,-262441.0,603319.0,0.4405,0.111,1566.8,-0.08721,-57.75276,1.0,0,-1.0,-1.0,-1.0,-1.0,-1.0,0.0,0.0,0.0,0.0
1791655668.43,3220230.5,1091.5,146344.3,146344.3,726.1,1900.0,1701.0,22.46,89.94,0.0,207.09,0.0,0.0,0.0,0.0,269079.1,-262441.0,603319.0,0.4405,0.111,1566.8,-0.08713,-57.69368,1.0,0,-1.0,-1.0,-1.0,-1.0,-1.0,0.0,0.0,0.0,0.0
1791655668.94,3220231.0,1092.0,146707.0,146707.0,725.0,1898.8,1699.6,22.44,89.94,0.01,207.02,0.0,0.0,0.0,0.0,269079.1,-262441.0,603319.0,0.4405,0.111,1566.8,-0.08705,-57.63467,1.0,0,-1.0,-1.0,-1.0,-1.0,-1.0,0.0,0.0,0.0,0.0
1791655669.44,3220231.5,1092.5,147069.3,147069.3,723.9,1897.6,1698.3,22.42,89.93,0.01,206.96,0.0,0.0,0.0,0.0,269079.1,-262441.0,603319.0,0.4405,0.111,1566.8,-0.08697,-57.57573,1.0,0,-1.0,-1.0,-1.0,-1.0,-1.0,0.0,0.0,0.0,0.0
1791655669.94,3220232.0,1093.0,147445.4,147445.4,722.8,1896.4,1696.9,22.4,89.93,0.01,206.89,0.0,0.0,0.0,0.0,269079.1,-262441.0,603319.0,0.4405,0.111,1566.8,-0.08689,-57.5145,1.0,0,-1.0,-1.0,-1.0,-1.0,-1.0,0.0,0.0,0.0,0.0
1791655670.45,3220232.5,1093.5,147792.1,147792.1,721.7,1895.2,1695.6,22.38,89.93,0.01,206.83,0.0,0.0,0.0,0.0,269079.1,-262441.0,603319.0,0.4405,0.111,1566.8,-0.08681,-57.45804,1.0,0,-1.0,-1.0,-1.0,-1.0,-1.0,0.0,0.0,0.0,0.0
1791655670.95,3220233.0,1094.0,148167.0,148167.0,720.5,1894.0,1694.2,22.36,89.92,0.01,206.76,0.0,0.0,0.0,0.0,269079.1,-262441.0,603319.0,0.4405,0.111,1566.8,-0.08672,-57.39694,1.0,0,-1.0,-1.0,-1.0,-1.0,-1.0,0.0,0.0,0.0,0.0
1791655671.45,3220233.5,1094.5,148527.0,148527.0,719.4,1892.8,1692.9,22.35,89.92,0.0,206.69,0.0,0.0,0.0,0.0,269079.1,-262441.0,603319.0,0.4405,0.111,1566.8,-0.08664,-57.33825,1.0,0,-1.0,-1.0,-1.0,-1.0,-1.0,0.0,0.0,0.0,0.0
1791655671.95,3220233.9,1095.0,148829.0,148829.0,718.5,1891.7,1691.8,22.33,89.92,0.0,206.63,0.0,0.0,0.0,0.0,269079.1,-262441.0,603319.0,0.4405,0.111,1566.8,-0.08657,-57.28901,1.0,0,-1.0,-1.0,-1.0,-1.0,-1.0,0.0,0.0,0.0,0.0
1791655672.46,3220234.4,1095.5,149188.0,149188.0,717.4,1890.6,1690.5,22.31,89.92,-0.0,206.57,0.0,0.0,0.0,0.0,269079.1,-262441.0,603319.0,0.4405,0.111,1566.8,-0.08649,-57.23045,1.0,0,-1.0,-1.0,-1.0,-1.0,-1.0,0.0,0.0,0.0,0.0
1791655672.96,3220234.9,1096.0,149546.4,149546.4,716.3,1889.4,1689.2,22.29,89.92,-0.0,206.5,0.0,0.0,0.0,0.0,269079.1,-262441.0,603319.0,0.4405,0.111,1566.8,-0.08641,-57.17195,1.0,0,-1.0,-1.0,-1.0,-1.0,-1.0,0.0,0.0,0.0,0.0
1791655673.46,3220235.4,1096.5,149904.3,149904.3,715.2,1888.2,1687.8,22.27,89.92,-0.01,206.43,0.0,0.0,0.0,0.0,269079.1,-262441.0,603319.0,0.4405,0.111,1566.8,-0.08633,-57.11351,1.0,0,-1.0,-1.0,-1.0,-1.0,-1.0,0.0,0.0,0.0,0.0
1791655673.96,3220235.9,1097.0,150261.6,150261.6,714.1,1887.0,1686.5,22.25,89.92,-0.01,206.37,0.0,0.0,0.0,0.0,269079.1,-262441.0,603319.0,0.4405,0.111,1566.8,-0.08625,-57.05514,1.0,0,-1.0,-1.0,-1.0,-1.0,-1.0,0.0,0.0,0.0,0.0
1791655674.47,3220236.4,1097.5,150618.4,150618.4,713.0,1885.8,1685.2,22.23,89.93,-0.01,206.3,0.0,0.0,0.0,0.0,269079.1,-262441.0,603319.0,0.4405,0.111,1566.8,-0.08617,-56.99683,1.0,0,-1.0,-1.0,-1.0,-1.0,-1.0,0.0,0.0,0.0,0.0
1791655674.97,3220236.9,1098.0,150974.6,150974.6,711.9,1884.6,1683.9,22.21,89.93,-0.0,206.23,0.0,0.0,0.0,0.0,269079.1,-262441.0,603319.0,0.4405,0.111,1566.8,-0.08608,-56.93858,1.0,0,-1.0,-1.0,-1.0,-1.0,-1.0,0.0,0.0,0.0,0.0
1791655675.47,3220237.4,1098.5,151330.3,151330.3,710.8,1883.4,1682.6,22.18,89.94,-0.0,206.17,0.0,0.0,0.0,0.0,269079.1,-262441.0,603319.0,0.4405,0.111,1566.8,-0.086,-56.8804,1.0,0,-1.0,-1.0,-1.0,-1.0,-1.0,0.0,0.0,0.0,0.0
1791655675.97,3220237.9,1099.0,151685.4,151685.4,709.7,1882.2,1681.3,22.16,89.94,-0.0,206.1,0.0,0.0,0.0,0.0,269079.1,-262441.0,603319.0,0.4405,0.111,1566.8,-0.08592,-56.82228,1.0,0,-1.0,-1.0,-1.0,-1.0,-1.0,0.0,0.0,0.0,0.0
1791655676.47,3220238.4,1099.5,152040.0,152040.0,708.6,1881.1,1680.0,22.13,89.94,0.0,206.03,0.0,0.0,0.0,0.0,269079.1,-262441.0,603319.0,0.4405,0.111,1566.8,-0.08584,-56.76422,1.0,0,-1.0,-1.0,-1.0,-1.0,-1.0,0.0,0.0,0.0,0.0
1791655676.98,3220238.9,1100.0,152394.0,152394.0,707.5,1879.9,1678.7,22.11,89.94,0.0,205.96,0.0,0.0,0.0,0.0,269079.1,-262441.0,603319.0,0.4405,0.111,1566.8,-0.08576,-56.70623,1.0,0,-1.0,-1.0,-1.0,-1.0,-1.0,0.0,0.0,0.0,0.0
1791655677.48,3220239.4,1100.5,152761.6,152761.6,706.3,1878.7,1677.3,22.08,89.94,0.0,205.9,0.0,0.0,0.0,0.0,269079.1,-262441.0,603319.0,0.4405,0.111,1566.8,-0.08567,-56.64598,1.0,0,-1.0,-1.0,-1.0,-1.0,-1.0,0.0,0.0,0.0,0.0
1791655677.98,3220239.9,1101.0,153114.5,153114.5,705.2,1877.5,1676.0,22.06,89.94,0.0,205.83,0.0,0.0,0.0,0.0,269079.1,-262441.0,603319.0,0.4405,0.111,1566.8,-0.08559,-56.58811,1.0,0,-1.0,-1.0,-1.0,-1.0,-1.0,0.0,0.0,0.0,0.0
1791655678.48,3220240.4,1101.5,153466.8,153466.8,704.1,1876.3,1674.7,22.04,89.94,0.0,205.76,0.0,0.0,0.0,0.0,269079.1,-262441.0,603319.0,0.4405,0.111,1566.8,-0.08551,-56.53031,1.0,0,-1.0,-1.0,-1.0,-1.0,-1.0,0.0,0.0,0.0,0.0
1791655678.98,3220240.9,1102.0,153818.6,153818.6,703.0,1875.2,1673.4,22.01,89.93,0.0,205.7,0.0,0.0,0.0,0.0,269079.1,-262441.0,603319.0,0.4405,0.111,1566.8,-0.08543,-56.47257,1.0,0,-1.0,-1.0,-1.0,-1.0,-1.0,0.0,0.0,0.0,0.0
1791655679.49,3220241.4,1102.5,154169.8,154169.8,701.9,1874.0,1672.2,21.99,89.93,0.0,205.63,0.0,0.0,0.0,0.0,269079.1,-262441.0,603319.0,0.4405,0.111,1566.8,-0.08534,-56.41488,1.0,0,-1.0,-1.0,-1.0,-1.0,-1.0,0.0,0.0,0.0,0.0
1791655679.99,3220242.0,1103.0,154520.5,154520.5,700.8,1872.8,1670.9,21.97,89.92,0.0,205.56,0.0,0.0,0.0,0.0,269079.1,-262441.0,603319.0,0.4405,0.111,1566.8,-0.08526,-56.35726,1.0,0,-1.0,-1.0,-1.0,-1.0,-1.0,0.0,0.0,0.0,0.0
1791655680.49,3220242.5,1103.5,154870.6,154870.6,699.7,1871.7,1669.6,21.95,89.92,-0.0,205.5,0.0,0.0,0.0,0.0,269079.1,-262441.0,603319.0,0.4405,0.111,1566.8,-0.08518,-56.2997,1.0,0,-1.0,-1.0,-1.0,-1.0,-1.0,0.0,0.0,0.0,0.0
1791655680.99,3220243.0,1104.0,155220.2,155220.2,698.6,1870.5,1668.3,21.93,89.92,-0.0,205.43,0.0,0.0,0.0,0.0,269079.1,-262441.0,603319.0,0.4405,0.111,1566.8,-0.0851,-56.24221,1.0,0,-1.0,-1.0,-1.0,-1.0,-1.0,0.0,0.0,0.0,0.0
1791655681.5,3220243.5,1104.5,155583.2,155583.2,697.5,1869.3,1667.0,21.92,89.92,-0.0,205.37,0.0,0.0,0.0,0.0,269079.1,-262441.0,603319.0,0.4405,0.111,1566.8,-0.08501,-56.18247,1.0,0,-1.0,-1.0,-1.0,-1.0,-1.0,0.0,0.0,0.0,0.0
1791655682.0,3220244.0,1105.0,155931.7,155931.7,696.4,1868.2,1665.7,21.9,89.92,-0.0,205.3,0.0,0.0,0.0,0.0,269079.1,-262441.0,603319.0,0.4405,0.111,1566.8,-0.08493,-56.1251,1.0,0,-1.0,-1.0,-1.0,-1.0,-1.0,0.0,0.0,0.0,0.0
1791655682.5,3220244.5,1105.5,156279.6,156279.6,695.3,1867.0,1664.4,21.88,89.92,-0.0,205.24,0.0,0.0,0.0,0.0,269079.1,-262441.0,603319.0,0.4405,0.111,1566.8,-0.08485,-56.06778,1.0,0,-1.0,-1.0,-1.0,-1.0,-1.0,0.0,0.0,0.0,0.0
1791655683.0,3220245.0,1106.0,156626.9,156626.9,694.2,1865.9,1663.1,21.86,89.92,-0.0,205.17,0.0,0.0,0.0,0.0,269079.1,-262441.0,603319.0,0.4405,0.111,1566.8,-0.08476,-56.01053,1.0,0,-1.0,-1.0,-1.0,-1.0,-1.0,0.0,0.0,0.0,0.0
1791655683.5,3220245.4,1106.5,156946.0,156946.0,693.1,1864.8,1662.0,21.84,89.92,-0.0,205.11,0.0,0.0,0.0,0.0,269079.1,-262441.0,603319.0,0.4405,0.111,1566.8,-0.08469,-55.95791,1.0,0,-1.0,-1.0,-1.0,-1.0,-1.0,0.0,0.0,0.0,0.0
1791655684.0,3220245.9,1107.0,157292.3,157292.3,692.0,1863.7,1660.7,21.81,89.93,0.0,205.04,0.0,0.0,0.0,0.0,269079.1,-262441.0,603319.0,0.4405,0.111,1566.8,-0.08461,-55.90077,1.0,0,-1.0,-1.0,-1.0,-1.0,-1.0,0.0,0.0,0.0,0.0
1791655684.51,3220246.4,1107.5,157638.0,157638.0,690.9,1862.5,1659.4,21.79,89.93,0.0,204.98,0.0,0.0,0.0,0.0,269079.1,-262441.0,603319.0,0.4405,0.111,1566.8,-0.08452,-55.84369,1.0,0,-1.0,-1.0,-1.0,-1.0,-1.0,0.0,0.0,0.0,0.0
1791655685.01,3220246.9,1108.0,157983.2,157983.2,689.8,1861.4,1658.2,21.77,89.94,0.0,204.91,0.0,0.0,0.0,0.0,269079.1,-262441.0,603319.0,0.4405,0.111,1566.8,-0.08444,-55.78668,1.0,0,-1.0,-1.0,-1.0,-1.0,-1.0,0.0,0.0,0.0,0.0
1791655685.51,3220247.4,1108.5,158327.9,158327.9,688.7,1860.3,1656.9,21.74,89.94,0.0,204.85,0.0,0.0,0.0,0.0,269079.1,-262441.0,603319.0,0.4405,0.111,1566.8,-0.08436,-55.72972,1.0,0,-1.0,-1.0,-1.0,-1.0,-1.0,0.0,0.0,0.0,0.0
1791655686.01,3220247.9,1109.0,158672.0,158672.0,687.6,1859.1,1655.6,21.72,89.94,0.0,204.78,0.0,0.0,0.0,0.0,269079.1,-262441.0,603319.0,0.4405,0.111,1566.8,-0.08428,-55.67282,1.0,0,-1.0,-1.0,-1.0,-1.0,-1.0,0.0,0.0,0.0,0.0
1791655686.51,3220248.4,1109.5,159029.2,159029.2,686.5,1857.9,1654.3,21.69,89.94,0.0,204.72,0.0,0.0,0.0,0.0,269079.1,-262441.0,603319.0,0.4405,0.111,1566.8,-0.08419,-55.6137,1.0,0,-1.0,-1.0,-1.0,-1.0,-1.0,0.0,0.0,0.0,0.0
1791655687.01,3220248.9,1110.0,159358.5,159358.5,685.4,1856.9,1653.1,21.66,89.94,0.0,204.65,0.0,0.0,0.0,0.0,269079.1,-262441.0,603319.0,0.4405,0.111,1566.8,-0.08411,-55.55919,1.0,0,-1.0,-1.0,-1.0,-1.0,-1.0,0.0,0.0,0.0,0.0
1791655687.52,3220249.4,1110.5,159700.9,159700.9,684.3,1855.7,1651.9,21.64,89.93,0.0,204.58,0.0,0.0,0.0,0.0,269079.1,-262441.0,603319.0,0.4405,0.111,1566.8,-0.08403,-55.50247,1.0,0,-1.0,-1.0,-1.0,-1.0,-1.0,0.0,0.0,0.0,0.0
1791655688.02,3220249.9,1111.1,160056.5,160056.5,683.2,1854.6,1650.5,21.61,89.93,-0.0,204.52,0.0,0.0,0.0,0.0,269079.1,-262441.0,603319.0,0.4405,0.111,1566.8,-0.08394,-55.44354,1.0,0,-1.0,-1.0,-1.0,-1.0,-1.0,0.0,0.0,0.0,0.0
1791655688.52,3220250.4,1111.6,160384.2,160384.2,682.1,1853.5,1649.3,21.59,89.93,-0.0,204.45,0.0,0.0,0.0,0.0,269079.1,-262441.0,603319.0,0.4405,0.111,1566.8,-0.08386,-55.3892,1.0,0,-1.0,-1.0,-1.0,-1.0,-1.0,0.0,0.0,0.0,0.0
1791655689.02,3220250.9,1112.1,160738.6,160738.6,681.0,1852.3,1648.1,21.56,89.92,-0.01,204.39,0.0,0.0,0.0,0.0,269079.1,-262441.0,603319.0,0.4405,0.111,1566.8,-0.08378,-55.33039,1.0,0,-1.0,-1.0,-1.0,-1.0,-1.0,0.0,0.0,0.0,0.0
1791655689.53,3220251.4,1112.6,161078.8,161078.8,679.9,1851.2,1646.8,21.54,89.92,-0.01,204.33,0.0,0.0,0.0,0.0,269079.1,-262441.0,603319.0,0.4405,0.111,1566.8,-0.0837,-55.27391,1.0,0,-1.0,-1.0,-1.0,-1.0,-1.0,0.0,0.0,0.0,0.0
1791655690.04,3220251.9,1113.1,161418.4,-1.0,678.8,1850.1,1645.6,21.52,89.92,-0.0,204.26,0.0,0.0,0.0,0.0,269079.1,-262441.0,603319.0,0.4405,0.111,1566.8,-0.08361,-55.21748,1.0,0,-1.0,-1.0,-1.0,-1.0,-1.0,0.0,0.0,0.0,0.0
1791655690.54,3220252.5,1113.6,161771.1,161771.1,677.6,1848.9,1644.3,21.5,89.92,-0.0,204.19,0.0,0.0,0.0,0.0,269079.1,-262441.0,603319.0,0.4405,0.111,1566.8,-0.08353,-55.15885,1.0,0,-1.0,-1.0,-1.0,-1.0,-1.0,0.0,0.0,0.0,0.0
1791655691.05,3220252.9,1114.1,162096.1,162096.1,676.6,1847.8,1643.1,21.48,89.92,-0.0,204.13,0.0,0.0,0.0,0.0,269079.1,-262441.0,603319.0,0.4405,0.111,1566.8,-0.08345,-55.10479,1.0,0,-1.0,-1.0,-1.0,-1.0,-1.0,0.0,0.0,0.0,0.0
1791655691.55,3220253.4,1114.6,162380.1,162380.1,675.7,1846.9,1642.0,21.47,89.92,-0.0,204.08,0.0,0.0,0.0,0.0,269079.1,-262441.0,603319.0,0.4405,0.111,1566.8,-0.08338,-55.05753,1.0,0,-1.0,-1.0,-1.0,-1.0,-1.0,0.0,0.0,0.0,0.0
1791655692.05,3220253.9,1115.1,162717.6,162717.6,674.6,1845.8,1640.8,21.45,89.92,0.0,204.01,0.0,0.0,0.0,0.0,269079.1,-262441.0,603319.0,0.4405,0.111,1566.8,-0.08329,-55.00132,1.0,0,-1.0,-1.0,-1.0,-1.0,-1.0,0.0,0.0,0.0,0.0
1791655692.55,3220254.4,1115.6,163054.6,163054.6,673.5,1844.7,1639.6,21.43,89.92,0.01,203.95,0.0,0.0,0.0,0.0,269079.1,-262441.0,603319.0,0.4405,0.111,1566.8,-0.08321,-54.94517,1.0,0,-1.0,-1.0,-1.0,-1.0,-1.0,0.0,0.0,0.0,0.0
1791655693.05,3220254.9,1116.1,163391.1,163391.1,672.4,1843.6,1638.3,21.41,89.92,0.01,203.88,0.0,0.0,0.0,0.0,269079.1,-262441.0,603319.0,0.4405,0.111,1566.8,-0.08313,-54.88908,1.0,0,-1.0,-1.0,-1.0,-1.0,-1.0,0.0,0.0,0.0,0.0
1791655693.56,3220255.4,1116.6,163727.0,163727.0,671.3,1842.5,1637.1,21.38,89.93,0.01,203.82,0.0,0.0,0.0,0.0,269079.1,-262441.0,603319.0,0.4405,0.111,1566.8,-0.08305,-54.83304,1.0,0,-1.0,-1.0,-1.0,-1.0,-1.0,0.0,0.0,0.0,0.0
1791655694.06,3220255.9,1117.1,164062.3,164062.3,670.2,1841.4,1635.9,21.36,89.93,0.01,203.75,0.0,0.0,0.0,0.0,269079.1,-262441.0,603319.0,0.4405,0.111,1566.8,-0.08296,-54.77706,1.0,0,-1.0,-1.0,-1.0,-1.0,-1.0,0.0,0.0,0.0,0.0
1791655694.56,3220256.4,1117.6,164410.5,164410.5,669.0,1840.2,1634.6,21.33,89.94,0.0,203.69,0.0,0.0,0.0,0.0,269079.1,-262441.0,603319.0,0.4405,0.111,1566.8,-0.08288,-54.7189,1.0,0,-1.0,-1.0,-1.0,-1.0,-1.0,0.0,0.0,0.0,0.0
1791655695.06,3220256.9,1118.1,164744.8,164744.8,667.9,1839.1,1633.4,21.31,89.94,0.0,203.62,0.0,0.0,0.0,0.0,269079.1,-262441.0,603319.0,0.4405,0.111,1566.8,-0.08279,-54.66303,1.0,0,-1.0,-1.0,-1.0,-1.0,-1.0,0.0,0.0,0.0,0.0
1791655695.56,3220257.4,1118.6,165078.4,165078.4,666.8,1838.0,1632.2,21.28,89.94,0.0,203.56,0.0,0.0,0.0,0.0,269079.1,-262441.0,603319.0,0.4405,0.111,1566.8,-0.08271,-54.60722,1.0,0,-1.0,-1.0,-1.0,-1.0,-1.0,0.0,0.0,0.0,0.0
1791655696.06,3220257.9,1119.1,165411.6,165411.6,665.7,1836.9,1630.9,21.25,89.94,-0.0,203.5,0.0,0.0,0.0,0.0,269079.1,-262441.0,603319.0,0.4405,0.111,1566.8,-0.08263,-54.55146,1.0,0,-1.0,-1.0,-1.0,-1.0,-1.0,0.0,0.0,0.0,0.0
1791655696.57,3220258.4,1119.6,165744.1,165744.1,664.6,1835.9,1629.7,21.23,89.93,-0.0,203.43,0.0,0.0,0.0,0.0,269079.1,-262441.0,603319.0,0.4405,0.111,1566.8,-0.08254,-54.49577,1.0,0,-1.0,-1.0,-1.0,-1.0,-1.0,0.0,0.0,0.0,0.0
1791655697.07,3220258.9,1120.1,166076.2,166076.2,663.5,1834.8,1628.5,21.2,89.93,-0.01,203.37,0.0,0.0,0.0,0.0,269079.1,-262441.0,603319.0,0.4405,0.111,1566.8,-0.08246,-54.44012,1.0,0,-1.0,-1.0,-1.0,-1.0,-1.0,0.0,0.0,0.0,0.0
1791655697.57,3220259.4,1120.6,166407.7,166407.7,662.4,1833.7,1627.3,21.17,89.93,-0.01,203.3,0.0,0.0,0.0,0.0,269079.1,-262441.0,603319.0,0.4405,0.111,1566.8,-0.08238,-54.38453,1.0,0,-1.0,-1.0,-1.0,-1.0,-1.0,0.0,0.0,0.0,0.0
1791655698.07,3220259.9,1121.1,166738.6,166738.6,661.3,1832.6,1626.1,21.15,89.92,-0.01,203.24,0.0,0.0,0.0,0.0,269079.1,-262441.0,603319.0,0.4405,0.111,1566.8,-0.08229,-54.329,1.0,0,-1.0,-1.0,-1.0,-1.0,-1.0,0.0,0.0,0.0,0.0
1791655698.57,3220260.4,1121.6,167069.0,167069.0,660.2,1831.5,1624.9,21.12,89.92,-0.01,203.17,0.0,0.0,0.0,0.0,269079.1,-262441.0,603319.0,0.4405,0.111,1566.8,-0.08221,-54.27352,1.0,0,-1.0,-1.0,-1.0,-1.0,-1.0,0.0,0.0,0.0,0.0
1791655699.07,3220260.9,1122.1,167398.8,167398.8,659.1,1830.4,1623.7,21.1,89.92,-0.0,203.11,0.0,0.0,0.0,0.0,269079.1,-262441.0,603319.0,0.4405,0.111,1566.8,-0.08213,-54.2181,1.0,0,-1.0,-1.0,-1.0,-1.0,-1.0,0.0,0.0,0.0,0.0
1791655699.58,3220261.4,1122.6,167728.1,167728.1,658.0,1829.3,1622.5,21.08,89.91,-0.0,203.05,0.0,0.0,0.0,0.0,269079.1,-262441.0,603319.0,0.4405,0.111,1566.8,-0.08204,-54.16273,1.0,0,-1.0,-1.0,-1.0,-1.0,-1.0,0.0,0.0,0.0,0.0
1791655700.08,3220261.9,1123.1,168056.8,168056.8,656.9,1828.3,1621.3,21.06,89.91,0.0,202.98,0.0,0.0,0.0,0.0,269079.1,-262441.0,603319.0,0.4405,0.111,1566.8,-0.08196,-54.10742,1.0,0,-1.0,-1.0,-1.0,-1.0,-1.0,0.0,0.0,0.0,0.0
1791655700.58,3220262.4,1123.6,168398.1,168398.1,655.8,1827.2,1620.0,21.04,89.91,0.01,202.92,0.0,0.0,0.0,0.0,269079.1,-262441.0,603319.0,0.4405,0.111,1566.8,-0.08187,-54.04995,1.0,0,-1.0,-1.0,-1.0,-1.0,-1.0,0.0,0.0,0.0,0.0
1791655701.08,3220262.9,1124.1,168725.7,168725.7,654.7,1826.1,1618.8,21.02,89.92,0.01,202.86,0.0,0.0,0.0,0.0,269079.1,-262441.0,603319.0,0.4405,0.111,1566.8,-0.08179,-53.99475,1.0,0,-1.0,-1.0,-1.0,-1.0,-1.0,0.0,0.0,0.0,0.0
1791655701.58,3220263.4,1124.6,169052.8,169052.8,653.6,1825.0,1617.6,21.0,89.92,0.01,202.79,0.0,0.0,0.0,0.0,269079.1,-262441.0,603319.0,0.4405,0.111,1566.8,-0.08171,-53.9396,1.0,0,-1.0,-1.0,-1.0,-1.0,-1.0,0.0,0.0,0.0,0.0
1791655702.08,3220263.9,1125.1,169379.3,169379.3,652.5,1823.9,1616.5,20.98,89.92,0.01,202.73,0.0,0.0,0.0,0.0,269079.1,-262441.0,603319.0,0.4405,0.111,1566.8,-0.08162,-53.88451,1.0,0,-1.0,-1.0,-1.0,-1.0,-1.0,0.0,0.0,0.0,0.0
1791655702.59,3220264.4,1125.6,169705.3,169705.3,651.4,1822.9,1615.3,20.95,89.93,0.01,202.66,0.0,0.0,0.0,0.0,269079.1,-262441.0,603319.0,0.4405,0.111,1566.8,-0.08154,-53.82947,1.0,0,-1.0,-1.0,-1.0,-1.0,-1.0,0.0,0.0,0.0,0.0
1791655703.09,3220264.9,1126.1,170030.7,170030.7,650.3,1821.8,1614.1,20.93,89.93,0.0,202.6,0.0,0.0,0.0,0.0,269079.1,-262441.0,603319.0,0.4405,0.111,1566.8,-0.08146,-53.77448,1.0,0,-1.0,-1.0,-1.0,-1.0,-1.0,0.0,0.0,0.0,0.0
1791655703.59,3220265.4,1126.6,170355.6,170355.6,649.2,1820.8,1612.9,20.9,89.93,0.0,202.54,0.0,0.0,0.0,0.0,269079.1,-262441.0,603319.0,0.4405,0.111,1566.8,-0.08137,-53.71955,1.0,0,-1.0,-1.0,-1.0,-1.0,-1.0,0.0,0.0,0.0,0.0
1791655704.09,3220265.9,1127.1,170679.9,170679.9,648.1,1819.7,1611.7,20.88,89.93,-0.0,202.47,0.0,0.0,0.0,0.0,269079.1,-262441.0,603319.0,0.4405,0.111,1566.8,-0.08129,-53.66467,1.0,0,-1.0,-1.0,-1.0,-1.0,-1.0,0.0,0.0,0.0,0.0
1791655704.59,3220266.4,1127.6,171003.7,171003.7,647.0,1818.6,1610.5,20.86,89.93,-0.0,202.41,0.0,0.0,0.0,0.0,269079.1,-262441.0,603319.0,0.4405,0.111,1566.8,-0.08121,-53.60984,1.0,0,-1.0,-1.0,-1.0,-1.0,-1.0,0.0,0.0,0.0,0.0
1791655705.1,3220266.9,1128.1,171339.8,171339.8,645.9,1817.5,1609.3,20.83,89.93,-0.01,202.35,0.0,0.0,0.0,0.0,269079.1,-262441.0,603319.0,0.4405,0.111,1566.8,-0.08112,-53.55288,1.0,0,-1.0,-1.0,-1.0,-1.0,-1.0,0.0,0.0,0.0,0.0
1791655705.6,3220267.4,1128.6,171662.5,171662.5,644.8,1816.5,1608.1,20.8,89.93,-0.01,202.28,0.0,0.0,0.0,0.0,269079.1,-262441.0,603319.0,0.4405,0.111,1566.8,-0.08103,-53.49816,1.0,0,-1.0,-1.0,-1.0,-1.0,-1.0,0.0,0.0,0.0,0.0
1791655706.1,3220267.9,1129.1,171984.6,171984.6,643.7,1815.4,1606.9,20.77,89.93,-0.01,202.22,0.0,0.0,0.0,0.0,269079.1,-262441.0,603319.0,0.4405,0.111,1566.8,-0.08095,-53.44349,1.0,0,-1.0,-1.0,-1.0,-1.0,-1.0,0.0,0.0,0.0,0.0
1791655706.6,3220268.4,1129.6,172306.1,172306.1,642.6,1814.4,1605.8,20.74,89.92,-0.01,202.16,0.0,0.0,0.0,0.0,269079.1,-262441.0,603319.0,0.4405,0.111,1566.8,-0.08087,-53.38888,1.0,0,-1.0,-1.0,-1.0,-1.0,-1.0,0.0,0.0,0.0,0.0
1791655707.1,3220268.9,1130.1,172627.1,172627.1,641.5,1813.3,1604.6,20.71,89.92,-0.01,202.09,0.0,0.0,0.0,0.0,269079.1,-262441.0,603319.0,0.4405,0.111,1566.8,-0.08078,-53.33432,1.0,0,-1.0,-1.0,-1.0,-1.0,-1.0,0.0,0.0,0.0,0.0
1791655707.61,3220269.4,1130.6,172947.6,172947.6,640.4,1812.3,1603.4,20.69,89.92,-0.0,202.03,0.0,0.0,0.0,0.0,269079.1,-262441.0,603319.0,0.4405,0.111,1566.8,-0.0807,-53.27981,1.0,0,-1.0,-1.0,-1.0,-1.0,-1.0,0.0,0.0,0.0,0.0
1791655708.11,3220269.9,1131.1,173267.5,173267.5,639.3,1811.2,1602.3,20.66,89.91,0.0,201.97,0.0,0.0,0.0,0.0,269079.1,-262441.0,603319.0,0.4405,0.111,1566.8,-0.08062,-53.22535,1.0,0,-1.0,-1.0,-1.0,-1.0,-1.0,0.0,0.0,0.0,0.0
1791655708.61,3220270.4,1131.6,173586.9,173586.9,638.2,1810.2,1601.1,20.64,89.91,0.0,201.91,0.0,0.0,0.0,0.0,269079.1,-262441.0,603319.0,0.4405,0.111,1566.8,-0.08053,-53.17094,1.0,0,-1.0,-1.0,-1.0,-1.0,-1.0,0.0,0.0,0.0,0.0
1791655709.11,3220270.9,1132.1,173905.7,173905.7,637.1,1809.2,1599.9,20.61,89.91,0.01,201.84,0.0,0.0,0.0,0.0,269079.1,-262441.0,603319.0,0.4405,0.111,1566.8,-0.08045,-53.11659,1.0,0,-1.0,-1.0,-1.0,-1.0,-1.0,0.0,0.0,0.0,0.0
1791655709.61,3220271.4,1132.6,174224.0,174224.0,636.0,1808.1,1598.8,20.59,89.91,0.01,201.78,0.0,0.0,0.0,0.0,269079.1,-262441.0,603319.0,0.4405,0.111,1566.8,-0.08036,-53.06229,1.0,0,-1.0,-1.0,-1.0,-1.0,-1.0,0.0,0.0,0.0,0.0
1791655710.12,3220271.9,1133.1,174541.7,174541.7,634.9,1807.1,1597.6,20.57,89.92,0.01,201.72,0.0,0.0,0.0,0.0,269079.1,-262441.0,603319.0,0.4405,0.111,1566.8,-0.08028,-53.00804,1.0,0,-1.0,-1.0,-1.0,-1.0,-1.0,0.0,0.0,0.0,0.0
1791655710.62,3220272.4,1133.7,174858.9,174858.9,633.8,1806.1,1596.5,20.55,89.92,0.01,201.65,0.0,0.0,0.0,0.0,269079.1,-262441.0,603319.0,0.4405,0.111,1566.8,-0.0802,-52.95417,1.0,0,-1.0,-1.0,-1.0,-1.0,-1.0,0.0,0.0,0.0,0.0
1791655711.12,3220272.9,1134.2,175175.5,175175.5,632.7,1805.0,1595.3,20.53,89.92,0.01,201.59,0.0,0.0,0.0,0.0,269079.1,-262441.0,603319.0,0.4405,0.111,1566.8,-0.08011,-52.89969,1.0,0,-1.0,-1.0,-1.0,-1.0,-1.0,0.0,0.0,0.0,0.0
1791655711.62,3220273.3,1134.7,175428.4,175428.4,631.8,1804.2,1594.4,20.51,89.92,0.01,201.54,0.0,0.0,0.0,0.0,269079.1,-262441.0,603319.0,0.4405,0.111,1566.8,-0.08004,-52.85641,1.0,0,-1.0,-1.0,-1.0,-1.0,-1.0,0.0,0.0,0.0,0.0
1791655712.12,3220273.9,1135.2,175756.6,175756.7,630.7,1803.1,1593.2,20.49,89.93,0.0,201.48,0.0,0.0,0.0,0.0,269079.1,-262441.0,603319.0,0.4405,0.111,1566.8,-0.07996,-52.80019,1.0,0,-1.0,-1.0,-1.0,-1.0,-1.0,0.0,0.0,0.0,0.0
1791655712.62,3220274.4,1135.7,176071.7,176071.7,629.6,1802.1,1592.1,20.47,89.93,-0.0,201.41,0.0,0.0,0.0,0.0,269079.1,-262441.0,603319.0,0.4405,0.111,1566.8,-0.07987,-52.74619,1.0,0,-1.0,-1.0,-1.0,-1.0,-1.0,0.0,0.0,0.0,0.0
1791655713.13,3220274.9,1136.2,176398.8,176398.8,628.5,1801.0,1590.9,20.44,89.93,-0.01,201.35,0.0,0.0,0.0,0.0,269079.1,-262441.0,603319.0,0.4405,0.111,1566.8,-0.07979,-52.69008,1.0,0,-1.0,-1.0,-1.0,-1.0,-1.0,0.0,0.0,0.0,0.0
1791655713.63,3220275.4,1136.7,176712.8,176712.8,627.4,1800.0,1589.7,20.41,89.93,-0.01,201.29,0.0,0.0,0.0,0.0,269079.1,-262441.0,603319.0,0.4405,0.111,1566.8,-0.0797,-52.63618,1.0,0,-1.0,-1.0,-1.0,-1.0,-1.0,0.0,0.0,0.0,0.0
1791655714.13,3220275.9,1137.2,177026.2,177026.2,626.3,1799.0,1588.6,20.39,89.93,-0.01,201.23,0.0,0.0,0.0,0.0,269079.1,-262441.0,603319.0,0.4405,0.111,1566.8,-0.07962,-52.58233,1.0,0,-1.0,-1.0,-1.0,-1.0,-1.0,0.0,0.0,0.0,0.0
1791655714.63,3220276.3,1137.7,177314.0,177314.0,625.3,1798.1,1587.5,20.36,89.93,-0.01,201.17,0.0,0.0,0.0,0.0,269079.1,-262441.0,603319.0,0.4405,0.111,1566.8,-0.07954,-52.53283,1.0,0,-1.0,-1.0,-1.0,-1.0,-1.0,0.0,0.0,0.0,0.0
1791655715.13,3220276.8,1138.2,177626.4,177626.4,624.2,1797.1,1586.4,20.33,89.93,-0.01,201.11,0.0,0.0,0.0,0.0,269079.1,-262441.0,603319.0,0.4405,0.111,1566.8,-0.07946,-52.47907,1.0,0,-1.0,-1.0,-1.0,-1.0,-1.0,0.0,0.0,0.0,0.0
1791655715.64,3220277.3,1138.7,177938.2,177938.2,623.1,1796.0,1585.3,20.31,89.92,-0.01,201.05,0.0,0.0,0.0,0.0,269079.1,-262441.0,603319.0,0.4405,0.111,1566.8,-0.07937,-52.42537,1.0,0,-1.0,-1.0,-1.0,-1.0,-1.0,0.0,0.0,0.0,0.0
1791655716.14,3220277.8,1139.2,178249.4,178249.5,622.0,1795.0,1584.1,20.28,89.92,-0.0,200.98,0.0,0.0,0.0,0.0,269079.1,-262441.0,603319.0,0.4405,0.111,1566.8,-0.07929,-52.37171,1.0,0,-1.0,-1.0,-1.0,-1.0,-1.0,0.0,0.0,0.0,0.0
1791655716.64,3220278.3,1139.7,178560.2,178560.2,620.9,1794.0,1583.0,20.25,89.92,0.0,200.92,0.0,0.0,0.0,0.0,269079.1,-262441.0,603319.0,0.4405,0.111,1566.8,-0.0792,-52.31811,1.0,0,-1.0,-1.0,-1.0,-1.0,-1.0,0.0,0.0,0.0,0.0
1791655717.14,3220278.8,1140.2,178870.3,178870.3,619.8,1793.0,1581.9,20.22,89.91,0.01,200.86,0.0,0.0,0.0,0.0,269079.1,-262441.0,603319.0,0.4405,0.111,1566.8,-0.07912,-52.26455,1.0,0,-1.0,-1.0,-1.0,-1.0,-1.0,0.0,0.0,0.0,0.0
1791655717.64,3220279.3,1140.7,179192.3,179192.3,618.7,1792.0,1580.7,20.19,89.91,0.01,200.8,0.0,0.0,0.0,0.0,269079.1,-262441.0,603319.0,0.4405,0.111,1566.8,-0.07903,-52.20891,1.0,0,-1.0,-1.0,-1.0,-1.0,-1.0,0.0,0.0,0.0,0.0
1791655718.14,3220279.8,1141.2,179501.4,179501.4,617.6,1791.0,1579.6,20.17,89.91,0.01,200.73,0.0,0.0,0.0,0.0,269079.1,-262441.0,603319.0,0.4405,0.111,1566.8,-0.07895,-52.15545,1.0,0,-1.0,-1.0,-1.0,-1.0,-1.0,0.0,0.0,0.0,0.0
1791655718.65,3220280.3,1141.7,179809.9,179809.9,616.5,1790.0,1578.4,20.14,89.91,0.01,200.67,0.0,0.0,0.0,0.0,269079.1,-262441.0,603319.0,0.4405,0.111,1566.8,-0.07886,-52.10205,1.0,0,-1.0,-1.0,-1.0,-1.0,-1.0,0.0,0.0,0.0,0.0
1791655719.15,3220280.8,1142.2,180117.8,180117.8,615.4,1789.0,1577.3,20.12,89.91,0.01,200.61,0.0,0.0,0.0,0.0,269079.1,-262441.0,603319.0,0.4405,0.111,1566.8,-0.07878,-52.04869,1.0,0,-1.0,-1.0,-1.0,-1.0,-1.0,0.0,0.0,0.0,0.0
1791655719.65,3220281.3,1142.7,180425.3,180425.3,614.3,1788.0,1576.2,20.09,89.92,0.01,200.55,0.0,0.0,0.0,0.0,269079.1,-262441.0,603319.0,0.4405,0.111,1566.8,-0.07869,-51.99538,1.0,0,-1.0,-1.0,-1.0,-1.0,-1.0,0.0,0.0,0.0,0.0
1791655720.15,3220281.8,1143.2,180732.1,180732.1,613.2,1787.0,1575.1,20.07,89.92,0.01,200.49,0.0,0.0,0.0,0.0,269079.1,-262441.0,603319.0,0.4405,0.111,1566.8,-0.07861,-51.94212,1.0,0,-1.0,-1.0,-1.0,-1.0,-1.0,0.0,0.0,0.0,0.0
1791655720.65,3220282.3,1143.7,181038.4,181038.4,612.1,1786.0,1574.0,20.05,89.92,0.0,200.43,0.0,0.0,0.0,0.0,269079.1,-262441.0,603319.0,0.4405,0.111,1566.8,-0.07852,-51.88891,1.0,0,-1.0,-1.0,-1.0,-1.0,-1.0,0.0,0.0,0.0,0.0
1791655721.15,3220282.8,1144.2,181344.2,181344.2,611.0,1785.0,1572.9,20.03,89.93,-0.0,200.36,0.0,0.0,0.0,0.0,269079.1,-262441.0,603319.0,0.4405,0.111,1566.8,-0.07844,-51.83574,1.0,0,-1.0,-1.0,-1.0,-1.0,-1.0,0.0,0.0,0.0,0.0
1791655721.66,3220283.4,1144.7,181661.6,181661.6,609.9,1784.0,1571.7,20.0,89.93,-0.01,200.3,0.0,0.0,0.0,0.0,269079.1,-262441.0,603319.0,0.4405,0.111,1566.8,-0.07835,-51.7805,1.0,0,-1.0,-1.0,-1.0,-1.0,-1.0,0.0,0.0,0.0,0.0
1791655722.16,3220283.9,1145.2,181966.3,181966.3,608.8,1783.0,1570.6,19.98,89.93,-0.01,200.24,0.0,0.0,0.0,0.0,269079.1,-262441.0,603319.0,0.4405,0.111,1566.8,-0.07827,-51.72744,1.0,0,-1.0,-1.0,-1.0,-1.0,-1.0,0.0,0.0,0.0,0.0
1791655722.66,3220284.4,1145.7,182270.4,182270.4,607.7,1782.0,1569.5,19.95,89.93,-0.01,200.18,0.0,0.0,0.0,0.0,269079.1,-262441.0,603319.0,0.4405,0.111,1566.8,-0.07818,-51.67442,1.0,0,-1.0,-1.0,-1.0,-1.0,-1.0,0.0,0.0,0.0,0.0
1791655723.16,3220284.9,1146.2,182574.0,182574.0,606.6,1781.0,1568.4,19.93,89.93,-0.01,200.12,0.0,0.0,0.0,0.0,269079.1,-262441.0,603319.0,0.4405,0.111,1566.8,-0.0781,-51.62145,1.0,0,-1.0,-1.0,-1.0,-1.0,-1.0,0.0,0.0,0.0,0.0
1791655723.66,3220285.4,1146.7,182877.0,182877.0,605.5,1780.0,1567.3,19.9,89.93,-0.01,200.05,0.0,0.0,0.0,0.0,269079.1,-262441.0,603319.0,0.4405,0.111,1566.8,-0.07801,-51.56852,1.0,0,-1.0,-1.0,-1.0,-1.0,-1.0,0.0,0.0,0.0,0.0
1791655724.17,3220285.9,1147.2,183179.5,183179.5,604.4,1779.0,1566.2,19.87,89.93,-0.01,199.99,0.0,0.0,0.0,0.0,269079.1,-262441.0,603319.0,0.4405,0.111,1566.8,-0.07793,-51.51565,1.0,0,-1.0,-1.0,-1.0,-1.0,-1.0,0.0,0.0,0.0,0.0
1791655724.67,3220286.4,1147.7,183481.4,183481.4,603.3,1778.1,1565.1,19.85,89.92,-0.0,199.93,0.0,0.0,0.0,0.0,269079.1,-262441.0,603319.0,0.4405,0.111,1566.8,-0.07784,-51.46282,1.0,0,-1.0,-1.0,-1.0,-1.0,-1.0,0.0,0.0,0.0,0.0
1791655725.17,3220286.9,1148.2,183782.8,183782.8,602.2,1777.1,1564.0,19.82,89.92,0.0,199.87,0.0,0.0,0.0,0.0,269079.1,-262441.0,603319.0,0.4405,0.111,1566.8,-0.07776,-51.41004,1.0,0,-1.0,-1.0,-1.0,-1.0,-1.0,0.0,0.0,0.0,0.0
1791655725.67,3220287.4,1148.7,184083.6,184083.6,601.1,1776.1,1562.9,19.79,89.91,0.01,199.81,0.0,0.0,0.0,0.0,269079.1,-262441.0,603319.0,0.4405,0.111,1566.8,-0.07767,-51.3573,1.0,0,-1.0,-1.0,-1.0,-1.0,-1.0,0.0,0.0,0.0,0.0
1791655726.17,3220287.9,1149.2,184383.9,184383.9,600.0,1775.1,1561.8,19.76,89.91,0.01,199.75,0.0,0.0,0.0,0.0,269079.1,-262441.0,603319.0,0.4405,0.111,1566.8,-0.07759,-51.30462,1.0,0,-1.0,-1.0,-1.0,-1.0,-1.0,0.0,0.0,0.0,0.0
1791655726.68,3220288.4,1149.7,184695.7,184695.7,598.9,1774.1,1560.7,19.73,89.91,0.01,199.69,0.0,0.0,0.0,0.0,269079.1,-262441.0,603319.0,0.4405,0.111,1566.8,-0.0775,-51.24987,1.0,0,-1.0,-1.0,-1.0,-1.0,-1.0,0.0,0.0,0.0,0.0
1791655727.18,3220288.9,1150.2,184994.8,184994.8,597.8,1773.2,1559.6,19.7,89.91,0.01,199.62,0.0,0.0,0.0,0.0,269079.1,-262441.0,603319.0,0.4405,0.111,1566.8,-0.07742,-51.19728,1.0,0,-1.0,-1.0,-1.0,-1.0,-1.0,0.0,0.0,0.0,0.0
1791655727.68,3220289.4,1150.7,185293.5,185293.5,596.7,1772.2,1558.5,19.67,89.91,0.01,199.56,0.0,0.0,0.0,0.0,269079.1,-262441.0,603319.0,0.4405,0.111,1566.8,-0.07733,-51.14473,1.0,0,-1.0,-1.0,-1.0,-1.0,-1.0,0.0,0.0,0.0,0.0
1791655728.18,3220289.9,1151.2,185591.6,185591.6,595.6,1771.2,1557.4,19.65,89.91,0.01,199.5,0.0,0.0,0.0,0.0,269079.1,-262441.0,603319.0,0.4405,0.111,1566.8,-0.07725,-51.09223,1.0,0,-1.0,-1.0,-1.0,-1.0,-1.0,0.0,0.0,0.0,0.0
1791655728.68,3220290.4,1151.7,185889.1,185889.1,594.5,1770.3,1556.4,19.62,89.91,0.01,199.44,0.0,0.0,0.0,0.0,269079.1,-262441.0,603319.0,0.4405,0.111,1566.8,-0.07716,-51.03978,1.0,0,-1.0,-1.0,-1.0,-1.0,-1.0,0.0,0.0,0.0,0.0
1791655729.18,3220290.9,1152.2,186186.1,186186.1,593.5,1769.3,1555.3,19.6,89.92,0.0,199.38,0.0,0.0,0.0,0.0,269079.1,-262441.0,603319.0,0.4405,0.111,1566.8,-0.07708,-50.98737,1.0,0,-1.0,-1.0,-1.0,-1.0,-1.0,0.0,0.0,0.0,0.0
1791655729.69,3220291.4,1152.7,186482.6,186482.6,592.4,1768.4,1554.2,19.57,89.92,-0.0,199.32,0.0,0.0,0.0,0.0,269079.1,-262441.0,603319.0,0.4405,0.111,1566.8,-0.07699,-50.93501,1.0,0,-1.0,-1.0,-1.0,-1.0,-1.0,0.0,0.0,0.0,0.0
1791655730.19,3220291.9,1153.2,186778.5,186778.5,591.3,1767.4,1553.1,19.55,89.93,-0.01,199.26,0.0,0.0,0.0,0.0,269079.1,-262441.0,603319.0,0.4405,0.111,1566.8,-0.07691,-50.88269,1.0,0,-1.0,-1.0,-1.0,-1.0,-1.0,0.0,0.0,0.0,0.0
1791655730.7,3220292.4,1153.7,187073.8,187073.8,590.2,1766.5,1552.1,19.53,89.93,-0.01,199.2,0.0,0.0,0.0,0.0,269079.1,-262441.0,603319.0,0.4405,0.111,1566.8,-0.07682,-50.83042,1.0,0,-1.0,-1.0,-1.0,-1.0,-1.0,0.0,0.0,0.0,0.0
1791655731.2,3220292.9,1154.2,187368.7,187368.7,589.1,1765.5,1551.0,19.5,89.93,-0.01,199.14,0.0,0.0,0.0,0.0,269079.1,-262441.0,603319.0,0.4405,0.111,1566.8,-0.07674,-50.7782,1.0,0,-1.0,-1.0,-1.0,-1.0,-1.0,0.0,0.0,0.0,0.0
1791655731.7,3220293.4,1154.7,187662.9,187662.9,588.0,1764.6,1549.9,19.48,89.93,-0.01,199.08,0.0,0.0,0.0,0.0,269079.1,-262441.0,603319.0,0.4405,0.111,1566.8,-0.07665,-50.72602,1.0,0,-1.0,-1.0,-1.0,-1.0,-1.0,0.0,0.0,0.0,0.0
1791655732.21,3220293.8,1155.2,187909.7,187909.7,587.1,1763.8,1549.0,19.46,89.93,-0.01,199.03,0.0,0.0,0.0,0.0,269079.1,-262441.0,603319.0,0.4405,0.111,1566.8,-0.07658,-50.68222,1.0,0,-1.0,-1.0,-1.0,-1.0,-1.0,0.0,0.0,0.0,0.0
1791655732.71,3220294.3,1155.7,188191.3,188191.3,586.0,1762.9,1548.0,19.44,89.93,-0.01,198.97,0.0,0.0,0.0,0.0,269079.1,-262441.0,603319.0,0.4405,0.111,1566.8,-0.0765,-50.63221,1.0,0,-1.0,-1.0,-1.0,-1.0,-1.0,0.0,0.0,0.0,0.0
1791655733.21,3220294.8,1156.2,188495.7,188495.7,584.9,1761.9,1546.9,19.41,89.93,-0.0,198.91,0.0,0.0,0.0,0.0,269079.1,-262441.0,603319.0,0.4405,0.111,1566.8,-0.07641,-50.57807,1.0,0,-1.0,-1.0,-1.0,-1.0,-1.0,0.0,0.0,0.0,0.0
1791655733.71,3220295.3,1156.7,188787.9,188787.9,583.8,1760.9,1545.8,19.38,89.92,0.0,198.85,0.0,0.0,0.0,0.0,269079.1,-262441.0,603319.0,0.4405,0.111,1566.8,-0.07633,-50.52606,1.0,0,-1.0,-1.0,-1.0,-1.0,-1.0,0.0,0.0,0.0,0.0
1791655734.21,3220295.8,1157.2,189079.5,189079.5,582.7,1760.0,1544.8,19.35,89.92,0.01,198.79,0.0,0.0,0.0,0.0,269079.1,-262441.0,603319.0,0.4405,0.111,1566.8,-0.07624,-50.4741,1.0,0,-1.0,-1.0,-1.0,-1.0,-1.0,0.0,0.0,0.0,0.0
1791655734.72,3220296.3,1157.8,189370.6,189370.6,581.7,1759.1,1543.7,19.32,89.91,0.01,198.73,0.0,0.0,0.0,0.0,269079.1,-262441.0,603319.0,0.4405,0.111,1566.8,-0.07616,-50.42218,1.0,0,-1.0,-1.0,-1.0,-1.0,-1.0,0.0,0.0,0.0,0.0
1791655735.22,3220296.8,1158.3,189661.2,189661.2,580.6,1758.1,1542.7,19.29,89.91,0.01,198.67,0.0,0.0,0.0,0.0,269079.1,-262441.0,603319.0,0.4405,0.111,1566.8,-0.07607,-50.37031,1.0,0,-1.0,-1.0,-1.0,-1.0,-1.0,0.0,0.0,0.0,0.0
1791655735.72,3220297.3,1158.8,189951.2,189951.2,579.5,1757.2,1541.6,19.26,89.91,0.01,198.61,0.0,0.0,0.0,0.0,269079.1,-262441.0,603319.0,0.4405,0.111,1566.8,-0.07599,-50.31848,1.0,0,-1.0,-1.0,-1.0,-1.0,-1.0,0.0,0.0,0.0,0.0
1791655736.22,3220297.8,1159.3,190240.7,190240.7,578.4,1756.3,1540.6,19.23,89.91,0.01,198.54,0.0,0.0,0.0,0.0,269079.1,-262441.0,603319.0,0.4405,0.111,1566.8,-0.0759,-50.2667,1.0,0,-1.0,-1.0,-1.0,-1.0,-1.0,0.0,0.0,0.0,0.0
1791655736.72,3220298.3,1159.8,190529.6,190529.6,577.3,1755.3,1539.5,19.2,89.91,0.01,198.48,0.0,0.0,0.0,0.0,269079.1,-262441.0,603319.0,0.4405,0.111,1566.8,-0.07582,-50.21495,1.0,0,-1.0,-1.0,-1.0,-1.0,-1.0,0.0,0.0,0.0,0.0
1791655737.22,3220298.8,1160.3,190818.0,190818.0,576.2,1754.4,1538.5,19.17,89.91,0.01,198.42,0.0,0.0,0.0,0.0,269079.1,-262441.0,603319.0,0.4405,0.111,1566.8,-0.07573,-50.16326,1.0,0,-1.0,-1.0,-1.0,-1.0,-1.0,0.0,0.0,0.0,0.0
1791655737.73,3220299.3,1160.8,191117.3,191117.3,575.1,1753.4,1537.4,19.14,89.91,0.0,198.36,0.0,0.0,0.0,0.0,269079.1,-262441.0,603319.0,0.4405,0.111,1566.8,-0.07564,-50.10954,1.0,0,-1.0,-1.0,-1.0,-1.0,-1.0,0.0,0.0,0.0,0.0
1791655738.23,3220299.8,1161.3,191404.6,191404.6,574.0,1752.5,1536.3,19.11,89.91,-0.0,198.3,0.0,0.0,0.0,0.0,269079.1,-262441.0,603319.0,0.4405,0.111,1566.8,-0.07556,-50.05793,1.0,0,-1.0,-1.0,-1.0,-1.0,-1.0,0.0,0.0,0.0,0.0
1791655738.73,3220300.3,1161.8,191691.3,191691.3,572.9,1751.6,1535.3,19.09,89.92,-0.01,198.24,0.0,0.0,0.0,0.0,269079.1,-262441.0,603319.0,0.4405,0.111,1566.8,-0.07547,-50.00637,1.0,0,-1.0,-1.0,-1.0,-1.0,-1.0,0.0,0.0,0.0,0.0
1791655739.23,3220300.8,1162.3,191977.5,191977.5,571.8,1750.7,1534.3,19.06,89.92,-0.01,198.18,0.0,0.0,0.0,0.0,269079.1,-262441.0,603319.0,0.4405,0.111,1566.8,-0.07539,-49.95484,1.0,0,-1.0,-1.0,-1.0,-1.0,-1.0,0.0,0.0,0.0,0.0
1791655739.73,3220301.3,1162.8,192263.1,192263.1,570.7,1749.7,1533.2,19.04,89.93,-0.01,198.12,0.0,0.0,0.0,0.0,269079.1,-262441.0,603319.0,0.4405,0.111,1566.8,-0.0753,-49.90337,1.0,0,-1.0,-1.0,-1.0,-1.0,-1.0,0.0,0.0,0.0,0.0
1791655740.23,3220301.8,1163.3,192548.2,192548.2,569.6,1748.8,1532.2,19.02,89.93,-0.01,198.06,0.0,0.0,0.0,0.0,269079.1,-262441.0,603319.0,0.4405,0.111,1566.8,-0.07521,-49.85193,1.0,0,-1.0,-1.0,-1.0,-1.0,-1.0,0.0,0.0,0.0,0.0
1791655740.74,3220302.3,1163.8,192832.8,192832.8,568.6,1747.9,1531.2,18.99,89.93,-0.01,198.0,0.0,0.0,0.0,0.0,269079.1,-262441.0,603319.0,0.4405,0.111,1566.8,-0.07513,-49.80054,1.0,0,-1.0,-1.0,-1.0,-1.0,-1.0,0.0,0.0,0.0,0.0
1791655741.24,3220302.8,1164.3,193116.8,193116.8,567.5,1747.0,1530.1,18.97,89.93,-0.01,197.94,0.0,0.0,0.0,0.0,269079.1,-262441.0,603319.0,0.4405,0.111,1566.8,-0.07504,-49.74919,1.0,0,-1.0,-1.0,-1.0,-1.0,-1.0,0.0,0.0,0.0,0.0
1791655741.74,3220303.3,1164.8,193411.6,193411.6,566.3,1746.1,1529.1,18.94,89.93,-0.0,197.88,0.0,0.0,0.0,0.0,269079.1,-262441.0,603319.0,0.4405,0.111,1566.8,-0.07495,-49.69583,1.0,0,-1.0,-1.0,-1.0,-1.0,-1.0,0.0,0.0,0.0,0.0
1791655742.25,3220303.8,1165.3,193694.5,193694.5,565.3,1745.1,1528.0,18.92,89.93,0.0,197.82,0.0,0.0,0.0,0.0,269079.1,-262441.0,603319.0,0.4405,0.111,1566.8,-0.07487,-49.64457,1.0,0,-1.0,-1.0,-1.0,-1.0,-1.0,0.0,0.0,0.0,0.0
1791655742.75,3220304.3,1165.8,193976.8,193976.8,564.2,1744.2,1527.0,18.89,89.92,0.01,197.76,0.0,0.0,0.0,0.0,269079.1,-262441.0,603319.0,0.4405,0.111,1566.8,-0.07478,-49.59335,1.0,0,-1.0,-1.0,-1.0,-1.0,-1.0,0.0,0.0,0.0,0.0
1791655743.25,3220304.8,1166.3,194258.6,194258.6,563.1,1743.3,1526.0,18.86,89.92,0.01,197.7,0.0,0.0,0.0,0.0,269079.1,-262441.0,603319.0,0.4405,0.111,1566.8,-0.0747,-49.54217,1.0,0,-1.0,-1.0,-1.0,-1.0,-1.0,0.0,0.0,0.0,0.0
1791655743.75,3220305.4,1166.8,194539.9,194539.9,562.0,1742.4,1525.0,18.83,89.92,0.01,197.64,0.0,0.0,0.0,0.0,269079.1,-262441.0,603319.0,0.4405,0.111,1566.8,-0.07461,-49.49104,1.0,0,-1.0,-1.0,-1.0,-1.0,-1.0,0.0,0.0,0.0,0.0
1791655744.25,3220305.9,1167.3,194820.6,194820.6,560.9,1741.5,1524.0,18.8,89.91,0.01,197.58,0.0,0.0,0.0,0.0,269079.1,-262441.0,603319.0,0.4405,0.111,1566.8,-0.07453,-49.43994,1.0,0,-1.0,-1.0,-1.0,-1.0,-1.0,0.0,0.0,0.0,0.0
1791655744.75,3220306.4,1167.8,195100.8,195100.8,559.8,1740.6,1522.9,18.77,89.91,0.01,197.52,0.0,0.0,0.0,0.0,269079.1,-262441.0,603319.0,0.4405,0.111,1566.8,-0.07444,-49.38889,1.0,0,-1.0,-1.0,-1.0,-1.0,-1.0,0.0,0.0,0.0,0.0
1791655745.25,3220306.9,1168.3,195380.5,195380.5,558.7,1739.7,1521.9,18.74,89.91,0.01,197.46,0.0,0.0,0.0,0.0,269079.1,-262441.0,603319.0,0.4405,0.111,1566.8,-0.07436,-49.33788,1.0,0,-1.0,-1.0,-1.0,-1.0,-1.0,0.0,0.0,0.0,0.0
1791655745.76,3220307.4,1168.8,195659.6,195659.6,557.7,1738.8,1520.9,18.71,89.91,0.0,197.4,0.0,0.0,0.0,0.0,269079.1,-262441.0,603319.0,0.4405,0.111,1566.8,-0.07427,-49.28691,1.0,0,-1.0,-1.0,-1.0,-1.0,-1.0,0.0,0.0,0.0,0.0
1791655746.26,3220307.9,1169.3,195949.3,195949.3,556.5,1737.9,1519.9,18.67,89.91,-0.0,197.34,0.0,0.0,0.0,0.0,269079.1,-262441.0,603319.0,0.4405,0.111,1566.8,-0.07418,-49.23395,1.0,0,-1.0,-1.0,-1.0,-1.0,-1.0,0.0,0.0,0.0,0.0
1791655746.76,3220308.4,1169.8,196227.3,196227.3,555.4,1737.0,1518.9,18.64,89.91,-0.0,197.29,0.0,0.0,0.0,0.0,269079.1,-262441.0,603319.0,0.4405,0.111,1566.8,-0.0741,-49.18307,1.0,0,-1.0,-1.0,-1.0,-1.0,-1.0,0.0,0.0,0.0,0.0
1791655747.26,3220308.9,1170.3,196504.7,196504.7,554.4,1736.1,1517.9,18.62,89.91,-0.01,197.23,0.0,0.0,0.0,0.0,269079.1,-262441.0,603319.0,0.4405,0.111,1566.8,-0.07401,-49.13223,1.0,0,-1.0,-1.0,-1.0,-1.0,-1.0,0.0,0.0,0.0,0.0
1791655747.76,3220309.4,1170.8,196781.6,196781.6,553.3,1735.2,1516.9,18.59,89.92,-0.01,197.17,0.0,0.0,0.0,0.0,269079.1,-262441.0,603319.0,0.4405,0.111,1566.8,-0.07392,-49.08143,1.0,0,-1.0,-1.0,-1.0,-1.0,-1.0,0.0,0.0,0.0,0.0
1791655748.26,3220309.8,1171.3,197024.9,197024.9,552.3,1734.5,1516.0,18.56,89.92,-0.01,197.12,0.0,0.0,0.0,0.0,269079.1,-262441.0,603319.0,0.4405,0.111,1566.8,-0.07385,-49.03675,1.0,0,-1.0,-1.0,-1.0,-1.0,-1.0,0.0,0.0,0.0,0.0
1791655748.77,3220309.8,1171.8,197024.9,197024.9,552.3,1734.5,1516.0,18.56,89.92,-0.01,197.12,0.0,0.0,0.0,0.0,269079.1,-262441.0,603319.0,0.4405,0.111,1566.8,-0.07385,-49.03675,1.0,0,-1.0,-1.0,-1.0,-1.0,-1.0,0.0,0.0,0.0,0.0
1791655749.27,3220309.8,1172.3,197047.0,197047.0,552.2,1734.4,1515.9,18.56,89.92,-0.01,197.11,0.0,0.0,0.0,0.0,269079.1,-262441.0,603319.0,0.4405,0.111,1566.8,-0.07384,-49.0327,1.0,0,-1.0,-1.0,-1.0,-1.0,-1.0,0.0,0.0,0.0,0.0
1791655749.77,3220309.8,1172.8,197047.0,197047.0,552.2,1734.4,1515.9,18.56,89.92,-0.01,197.11,0.0,0.0,0.0,0.0,269079.1,-262441.0,603319.0,0.4405,0.111,1566.8,-0.07384,-49.0327,1.0,0,-1.0,-1.0,-1.0,-1.0,-1.0,0.0,0.0,0.0,0.0
1791655750.27,3220309.9,1173.3,197069.0,197069.0,552.2,1734.3,1515.8,18.56,89.92,-0.01,197.11,0.0,0.0,0.0,0.0,269079.1,-262441.0,603319.0,0.4405,0.111,1566.8,-0.07384,-49.02864,1.0,0,-1.0,-1.0,-1.0,-1.0,-1.0,0.0,0.0,0.0,0.0
1791655750.77,3220309.9,1173.8,197069.0,197069.0,552.2,1734.3,1515.8,18.56,89.92,-0.01,197.11,0.0,0.0,0.0,0.0,269079.1,-262441.0,603319.0,0.4405,0.111,1566.8,-0.07384,-49.02864,1.0,0,-1.0,-1.0,-1.0,-1.0,-1.0,0.0,0.0,0.0,0.0
1791655751.28,3220309.9,1174.3,197091.1,197091.1,552.1,1734.2,1515.7,18.56,89.92,-0.01,197.1,0.0,0.0,0.0,0.0,269079.1,-262441.0,603319.0,0.4405,0.111,1566.8,-0.07383,-49.02458,1.0,0,-1.0,-1.0,-1.0,-1.0,-1.0,0.0,0.0,0.0,0.0
1791655751.78,3220309.9,1174.8,197091.1,197091.1,552.1,1734.2,1515.7,18.56,89.92,-0.01,197.1,0.0,0.0,0.0,0.0,269079.1,-262441.0,603319.0,0.4405,0.111,1566.8,-0.07383,-49.02458,1.0,0,-1.0,-1.0,-1.0,-1.0,-1.0,0.0,0.0,0.0,0.0
1791655752.28,3220310.0,1175.3,197113.2,197113.2,552.0,1734.2,1515.7,18.56,89.92,-0.01,197.1,0.0,0.0,0.0,0.0,269079.1,-262441.0,603319.0,0.4405,0.111,1566.8,-0.07382,-49.02052,1.0,0,-1.0,-1.0,-1.0,-1.0,-1.0,0.0,0.0,0.0,0.0
1791655752.78,3220310.0,1175.8,197113.2,197113.2,552.0,1734.2,1515.7,18.56,89.92,-0.01,197.1,0.0,0.0,0.0,0.0,269079.1,-262441.0,603319.0,0.4405,0.111,1566.8,-0.07382,-49.02052,1.0,0,-1.0,-1.0,-1.0,-1.0,-1.0,0.0,0.0,0.0,0.0
1791655753.28,3220310.0,1176.3,197135.3,197135.3,551.9,1734.1,1515.6,18.55,89.92,-0.01,197.09,0.0,0.0,0.0,0.0,269079.1,-262441.0,603319.0,0.4405,0.111,1566.8,-0.07382,-49.01646,1.0,0,-1.0,-1.0,-1.0,-1.0,-1.0,0.0,0.0,0.0,0.0
1791655753.79,3220310.0,1176.8,197135.3,197135.3,551.9,1734.1,1515.6,18.55,89.92,-0.01,197.09,0.0,0.0,0.0,0.0,269079.1,-262441.0,603319.0,0.4405,0.111,1566.8,-0.07382,-49.01646,1.0,0,-1.0,-1.0,-1.0,-1.0,-1.0,0.0,0.0,0.0,0.0
1791655754.29,3220310.0,1177.3,197157.4,197157.4,551.8,1734.0,1515.5,18.55,89.92,-0.01,197.09,0.0,0.0,0.0,0.0,269079.1,-262441.0,603319.0,0.4405,0.111,1566.8,-0.07381,-49.0124,1.0,0,-1.0,-1.0,-1.0,-1.0,-1.0,0.0,0.0,0.0,0.0
1791655754.79,3220310.0,1177.8,197157.4,197157.4,551.8,1734.0,1515.5,18.55,89.92,-0.01,197.09,0.0,0.0,0.0,0.0,269079.1,-262441.0,603319.0,0.4405,0.111,1566.8,-0.07381,-49.0124,1.0,0,-1.0,-1.0,-1.0,-1.0,-1.0,0.0,0.0,0.0,0.0
1791655755.3,3220310.1,1178.3,197179.4,197179.4,551.7,1734.0,1515.4,18.55,89.92,-0.01,197.08,0.0,0.0,0.0,0.0,269079.1,-262441.0,603319.0,0.4405,0.111,1566.8,-0.0738,-49.00834,1.0,0,-1.0,-1.0,-1.0,-1.0,-1.0,0.0,0.0,0.0,0.0
1791655755.8,3220310.1,1178.8,197179.4,197179.4,551.7,1734.0,1515.4,18.55,89.92,-0.01,197.08,0.0,0.0,0.0,0.0,269079.1,-262441.0,603319.0,0.4405,0.111,1566.8,-0.0738,-49.00834,1.0,0,-1.0,-1.0,-1.0,-1.0,-1.0,0.0,0.0,0.0,0.0
1791655756.3,3220310.1,1179.3,197201.5,197201.5,551.6,1733.9,1515.3,18.55,89.92,-0.01,197.08,0.0,0.0,0.0,0.0,269079.1,-262441.0,603319.0,0.4405,0.111,1566.8,-0.07379,-49.00429,1.0,0,-1.0,-1.0,-1.0,-1.0,-1.0,0.0,0.0,0.0,0.0
1791655756.8,3220310.1,1179.8,197201.5,197201.5,551.6,1733.9,1515.3,18.55,89.92,-0.01,197.08,0.0,0.0,0.0,0.0,269079.1,-262441.0,603319.0,0.4405,0.111,1566.8,-0.07379,-49.00429,1.0,0,-1.0,-1.0,-1.0,-1.0,-1.0,0.0,0.0,0.0,0.0
1791655757.3,3220310.2,1180.3,197223.6,197223.6,551.5,1733.8,1515.3,18.55,89.92,-0.01,197.07,0.0,0.0,0.0,0.0,269079.1,-262441.0,603319.0,0.4405,0.111,1566.8,-0.07379,-49.00023,1.0,0,-1.0,-1.0,-1.0,-1.0,-1.0,0.0,0.0,0.0,0.0
1791655757.8,3220310.2,1180.8,197223.6,197223.6,551.5,1733.8,1515.3,18.55,89.92,-0.01,197.07,0.0,0.0,0.0,0.0,269079.1,-262441.0,603319.0,0.4405,0.111,1566.8,-0.07379,-49.00023,1.0,0,-1.0,-1.0,-1.0,-1.0,-1.0,0.0,0.0,0.0,0.0
1791655758.31,3220310.2,1181.3,197245.6,197245.6,551.5,1733.7,1515.2,18.54,89.92,-0.01,197.07,0.0,0.0,0.0,0.0,269079.1,-262441.0,603319.0,0.4405,0.111,1566.8,-0.07378,-48.99617,1.0,0,-1.0,-1.0,-1.0,-1.0,-1.0,0.0,0.0,0.0,0.0
1791655758.81,3220310.2,1181.8,197245.6,197245.6,551.5,1733.7,1515.2,18.54,89.92,-0.01,197.07,0.0,0.0,0.0,0.0,269079.1,-262441.0,603319.0,0.4405,0.111,1566.8,-0.07378,-48.99617,1.0,0,-1.0,-1.0,-1.0,-1.0,-1.0,0.0,0.0,0.0,0.0
1791655759.31,3220310.2,1182.3,197267.7,197267.7,551.4,1733.7,1515.1,18.54,89.92,-0.01,197.06,0.0,0.0,0.0,0.0,269079.1,-262441.0,603319.0,0.4405,0.111,1566.8,-0.07377,-48.99212,1.0,0,-1.0,-1.0,-1.0,-1.0,-1.0,0.0,0.0,0.0,0.0
1791655759.81,3220310.2,1182.8,197267.7,197267.7,551.4,1733.7,1515.1,18.54,89.92,-0.01,197.06,0.0,0.0,0.0,0.0,269079.1,-262441.0,603319.0,0.4405,0.111,1566.8,-0.07377,-48.99212,1.0,0,-1.0,-1.0,-1.0,-1.0,-1.0,0.0,0.0,0.0,0.0
1791655760.32,3220310.3,1183.3,197289.7,197289.7,551.3,1733.6,1515.0,18.54,89.92,-0.01,197.06,0.0,0.0,0.0,0.0,269079.1,-262441.0,603319.0,0.4405,0.111,1566.8,-0.07377,-48.98806,1.0,0,-1.0,-1.0,-1.0,-1.0,-1.0,0.0,0.0,0.0,0.0
1791655760.82,3220310.3,1183.9,197289.7,197289.7,551.3,1733.6,1515.0,18.54,89.92,-0.01,197.06,0.0,0.0,0.0,0.0,269079.1,-262441.0,603319.0,0.4405,0.111,1566.8,-0.07377,-48.98806,1.0,0,-1.0,-1.0,-1.0,-1.0,-1.0,0.0,0.0,0.0,0.0
1791655761.32,3220310.3,1184.4,197311.8,197311.8,551.2,1733.5,1514.9,18.54,89.92,-0.01,197.05,0.0,0.0,0.0,0.0,269079.1,-262441.0,603319.0,0.4405,0.111,1566.8,-0.07376,-48.984,1.0,0,-1.0,-1.0,-1.0,-1.0,-1.0,0.0,0.0,0.0,0.0
1791655761.82,3220310.3,1184.9,197311.8,197311.8,551.2,1733.5,1514.9,18.54,89.92,-0.01,197.05,0.0,0.0,0.0,0.0,269079.1,-262441.0,603319.0,0.4405,0.111,1566.8,-0.07376,-48.984,1.0,0,-1.0,-1.0,-1.0,-1.0,-1.0,0.0,0.0,0.0,0.0
1791655762.32,3220310.4,1185.4,197322.8,197322.8,551.2,1733.5,1514.9,18.54,89.93,-0.01,197.05,0.0,0.0,0.0,0.0,269079.1,-262441.0,603319.0,0.4405,0.111,1566.8,-0.07376,-48.98231,1.0,0,-1.0,-1.0,-1.0,-1.0,-1.0,0.0,0.0,0.0,0.0
1791655762.82,3220310.4,1185.9,197333.8,197333.8,551.1,1733.5,1514.9,18.53,89.93,-0.01,197.05,0.0,0.0,0.0,0.0,269079.1,-262441.0,603319.0,0.4405,0.111,1566.8,-0.07375,-48.97995,1.0,0,-1.0,-1.0,-1.0,-1.0,-1.0,0.0,0.0,0.0,0.0
1791655763.32,3220310.4,1186.4,197344.8,-1.0,551.1,1733.5,1514.9,18.53,89.93,-0.01,197.04,0.0,0.0,0.0,0.0,269079.1,-262441.0,603319.0,0.4405,0.111,1566.8,-0.07375,-48.97825,1.0,0,-1.0,-1.0,-1.0,-1.0,-1.0,0.0,0.0,0.0,0.0
1791655763.83,3220310.4,1186.9,197355.9,197355.9,551.0,1733.4,1514.8,18.53,89.93,-0.01,197.04,0.0,0.0,0.0,0.0,269079.1,-262441.0,603319.0,0.4405,0.111,1566.8,-0.07375,-48.97589,1.0,0,-1.0,-1.0,-1.0,-1.0,-1.0,0.0,0.0,0.0,0.0
1791655764.34,3220310.4,1187.4,197377.9,197377.9,550.9,1733.3,1514.7,18.53,89.93,-0.01,197.04,0.0,0.0,0.0,0.0,269079.1,-262441.0,603319.0,0.4405,0.111,1566.8,-0.07374,-48.97184,1.0,0,-1.0,-1.0,-1.0,-1.0,-1.0,0.0,0.0,0.0,0.0
1791655764.84,3220310.4,1187.9,197377.9,197377.9,550.9,1733.3,1514.7,18.53,89.93,-0.01,197.04,0.0,0.0,0.0,0.0,269079.1,-262441.0,603319.0,0.4405,0.111,1566.8,-0.07374,-48.97184,1.0,0,-1.0,-1.0,-1.0,-1.0,-1.0,0.0,0.0,0.0,0.0
1791655765.34,3220310.5,1188.4,197388.9,-1.0,550.9,1733.3,1514.7,18.53,89.93,-0.01,197.04,0.0,0.0,0.0,0.0,269079.1,-262441.0,603319.0,0.4405,0.111,1566.8,-0.07374,-48.97014,1.0,0,-1.0,-1.0,-1.0,-1.0,-1.0,0.0,0.0,0.0,0.0
1791655765.84,3220310.5,1188.9,197399.9,197399.9,550.9,1733.3,1514.6,18.53,89.93,-0.01,197.04,0.0,0.0,0.0,0.0,269079.1,-262441.0,603319.0,0.4405,0.111,1566.8,-0.07373,-48.96778,1.0,0,-1.0,-1.0,-1.0,-1.0,-1.0,0.0,0.0,0.0,0.0
1791655766.34,3220310.5,1189.4,197399.9,197399.9,550.9,1733.3,1514.6,18.53,89.93,-0.01,197.03,0.0,0.0,0.0,0.0,269079.1,-262441.0,603319.0,0.4405,0.111,1566.8,-0.07373,-48.96778,1.0,0,-1.0,-1.0,-1.0,-1.0,-1.0,0.0,0.0,0.0,0.0
1791655766.84,3220310.5,1189.9,197422.0,197422.0,550.8,1733.2,1514.5,18.53,89.93,-0.01,197.03,0.0,0.0,0.0,0.0,269079.1,-262441.0,603319.0,0.4405,0.111,1566.8,-0.07373,-48.96373,1.0,0,-1.0,-1.0,-1.0,-1.0,-1.0,0.0,0.0,0.0,0.0
1791655767.34,3220310.5,1190.4,197422.0,197422.0,550.8,1733.2,1514.5,18.53,89.93,-0.01,197.03,0.0,0.0,0.0,0.0,269079.1,-262441.0,603319.0,0.4405,0.111,1566.8,-0.07373,-48.96373,1.0,0,-1.0,-1.0,-1.0,-1.0,-1.0,0.0,0.0,0.0,0.0
1791655767.85,3220310.6,1190.9,197444.0,197444.0,550.7,1733.1,1514.5,18.52,89.93,-0.01,197.03,0.0,0.0,0.0,0.0,269079.1,-262441.0,603319.0,0.4405,0.111,1566.8,-0.07372,-48.95967,1.0,0,-1.0,-1.0,-1.0,-1.0,-1.0,0.0,0.0,0.0,0.0
1791655768.35,3220310.6,1191.4,197444.0,197444.0,550.7,1733.1,1514.5,18.52,89.93,-0.01,197.03,0.0,0.0,0.0,0.0,269079.1,-262441.0,603319.0,0.4405,0.111,1566.8,-0.07372,-48.95967,1.0,0,-1.0,-1.0,-1.0,-1.0,-1.0,0.0,0.0,0.0,0.0
1791655768.85,3220310.6,1191.9,197466.0,197466.0,550.6,1733.0,1514.4,18.52,89.93,-0.01,197.02,0.0,0.0,0.0,0.0,269079.1,-262441.0,603319.0,0.4405,0.111,1566.8,-0.07371,-48.95562,1.0,0,-1.0,-1.0,-1.0,-1.0,-1.0,0.0,0.0,0.0,0.0
1791655769.35,3220310.6,1192.4,197466.0,197466.0,550.6,1733.0,1514.4,18.52,89.93,-0.01,197.02,0.0,0.0,0.0,0.0,269079.1,-262441.0,603319.0,0.4405,0.111,1566.8,-0.07371,-48.95562,1.0,0,-1.0,-1.0,-1.0,-1.0,-1.0,0.0,0.0,0.0,0.0
1791655769.85,3220310.6,1192.9,197488.1,197488.0,550.5,1733.0,1514.3,18.52,89.93,-0.01,197.02,0.0,0.0,0.0,0.0,269079.1,-262441.0,603319.0,0.4405,0.111,1566.8,-0.07371,-48.95156,1.0,0,-1.0,-1.0,-1.0,-1.0,-1.0,0.0,0.0,0.0,0.0
1791655770.35,3220310.6,1193.4,197488.1,197488.0,550.5,1733.0,1514.3,18.52,89.93,-0.01,197.02,0.0,0.0,0.0,0.0,269079.1,-262441.0,603319.0,0.4405,0.111,1566.8,-0.07371,-48.95156,1.0,0,-1.0,-1.0,-1.0,-1.0,-1.0,0.0,0.0,0.0,0.0
1791655770.86,3220310.7,1193.9,197510.1,197510.1,550.4,1732.9,1514.2,18.52,89.93,-0.01,197.01,0.0,0.0,0.0,0.0,269079.1,-262441.0,603319.0,0.4405,0.111,1566.8,-0.0737,-48.94751,1.0,0,-1.0,-1.0,-1.0,-1.0,-1.0,0.0,0.0,0.0,0.0
1791655771.36,3220310.7,1194.4,197510.1,197510.1,550.4,1732.9,1514.2,18.52,89.93,-0.01,197.01,0.0,0.0,0.0,0.0,269079.1,-262441.0,603319.0,0.4405,0.111,1566.8,-0.0737,-48.94751,1.0,0,-1.0,-1.0,-1.0,-1.0,-1.0,0.0,0.0,0.0,0.0
1791655771.86,3220310.7,1194.9,197532.1,197532.1,550.3,1732.8,1514.1,18.52,89.93,-0.01,197.01,0.0,0.0,0.0,0.0,269079.1,-262441.0,603319.0,0.4405,0.111,1566.8,-0.07369,-48.94345,1.0,0,-1.0,-1.0,-1.0,-1.0,-1.0,0.0,0.0,0.0,0.0
1791655772.36,3220310.7,1195.4,197532.1,197532.1,550.3,1732.8,1514.1,18.52,89.93,-0.01,197.01,0.0,0.0,0.0,0.0,269079.1,-262441.0,603319.0,0.4405,0.111,1566.8,-0.07369,-48.94345,1.0,0,-1.0,-1.0,-1.0,-1.0,-1.0,0.0,0.0,0.0,0.0
1791655772.86,3220310.8,1195.9,197554.1,197554.1,550.2,1732.8,1514.1,18.51,89.93,-0.01,197.0,0.0,0.0,0.0,0.0,269079.1,-262441.0,603319.0,0.4405,0.111,1566.8,-0.07368,-48.9394,1.0,0,-1.0,-1.0,-1.0,-1.0,-1.0,0.0,0.0,0.0,0.0
1791655773.36,3220310.8,1196.4,197554.1,197554.1,550.2,1732.8,1514.1,18.51,89.93,-0.01,197.0,0.0,0.0,0.0,0.0,269079.1,-262441.0,603319.0,0.4405,0.111,1566.8,-0.07368,-48.9394,1.0,0,-1.0,-1.0,-1.0,-1.0,-1.0,0.0,0.0,0.0,0.0
1791655773.87,3220310.8,1196.9,197576.1,197576.1,550.2,1732.7,1514.0,18.51,89.93,-0.01,197.0,0.0,0.0,0.0,0.0,269079.1,-262441.0,603319.0,0.4405,0.111,1566.8,-0.07368,-48.93535,1.0,0,-1.0,-1.0,-1.0,-1.0,-1.0,0.0,0.0,0.0,0.0
1791655774.37,3220310.8,1197.4,197576.1,197576.1,550.2,1732.7,1514.0,18.51,89.93,-0.01,197.0,0.0,0.0,0.0,0.0,269079.1,-262441.0,603319.0,0.4405,0.111,1566.8,-0.07368,-48.93535,1.0,0,-1.0,-1.0,-1.0,-1.0,-1.0,0.0,0.0,0.0,0.0
1791655774.87,3220310.8,1197.9,197598.1,197598.1,550.1,1732.6,1513.9,18.51,89.93,-0.01,196.99,0.0,0.0,0.0,0.0,269079.1,-262441.0,603319.0,0.4405,0.111,1566.8,-0.07367,-48.9313,1.0,0,-1.0,-1.0,-1.0,-1.0,-1.0,0.0,0.0,0.0,0.0
1791655775.37,3220310.8,1198.4,197598.1,197598.1,550.1,1732.6,1513.9,18.51,89.93,-0.01,196.99,0.0,0.0,0.0,0.0,269079.1,-262441.0,603319.0,0.4405,0.111,1566.8,-0.07367,-48.9313,1.0,0,-1.0,-1.0,-1.0,-1.0,-1.0,0.0,0.0,0.0,0.0
1791655775.87,3220310.9,1198.9,197620.1,197620.1,550.0,1732.5,1513.8,18.51,89.93,-0.01,196.99,0.0,0.0,0.0,0.0,269079.1,-262441.0,603319.0,0.4405,0.111,1566.8,-0.07366,-48.92724,1.0,0,-1.0,-1.0,-1.0,-1.0,-1.0,0.0,0.0,0.0,0.0
1791655776.38,3220310.9,1199.4,197620.1,197620.1,550.0,1732.5,1513.8,18.51,89.93,-0.01,196.99,0.0,0.0,0.0,0.0,269079.1,-262441.0,603319.0,0.4405,0.111,1566.8,-0.07366,-48.92724,1.0,0,-1.0,-1.0,-1.0,-1.0,-1.0,0.0,0.0,0.0,0.0
1791655776.88,3220310.9,1199.9,197642.1,197642.1,549.9,1732.5,1513.7,18.51,89.93,-0.01,196.98,0.0,0.0,0.0,0.0,269079.1,-262441.0,603319.0,0.4405,0.111,1566.8,-0.07366,-48.92319,1.0,0,-1.0,-1.0,-1.0,-1.0,-1.0,0.0,0.0,0.0,0.0
1791655777.38,3220310.9,1200.4,197642.1,197642.1,549.9,1732.5,1513.7,18.51,89.93,-0.01,196.98,0.0,0.0,0.0,0.0,269079.1,-262441.0,603319.0,0.4405,0.111,1566.8,-0.07366,-48.92319,1.0,0,-1.0,-1.0,-1.0,-1.0,-1.0,0.0,0.0,0.0,0.0
1791655777.89,3220311.0,1200.9,197664.1,197664.1,549.8,1732.4,1513.7,18.5,89.93,-0.01,196.98,0.0,0.0,0.0,0.0,269079.1,-262441.0,603319.0,0.4405,0.111,1566.8,-0.07365,-48.91914,1.0,0,-1.0,-1.0,-1.0,-1.0,-1.0,0.0,0.0,0.0,0.0
1791655778.39,3220311.0,1201.4,197664.1,197664.1,549.8,1732.4,1513.7,18.5,89.93,-0.01,196.98,0.0,0.0,0.0,0.0,269079.1,-262441.0,603319.0,0.4405,0.111,1566.8,-0.07365,-48.91914,1.0,0,-1.0,-1.0,-1.0,-1.0,-1.0,0.0,0.0,0.0,0.0
1791655778.9,3220311.0,1201.9,197686.1,197686.1,549.7,1732.3,1513.6,18.5,89.93,-0.01,196.97,0.0,0.0,0.0,0.0,269079.1,-262441.0,603319.0,0.4405,0.111,1566.8,-0.07364,-48.91509,1.0,0,-1.0,-1.0,-1.0,-1.0,-1.0,0.0,0.0,0.0,0.0
1791655779.4,3220311.0,1202.4,197686.1,197686.1,549.7,1732.3,1513.6,18.5,89.93,-0.01,196.97,0.0,0.0,0.0,0.0,269079.1,-262441.0,603319.0,0.4405,0.111,1566.8,-0.07364,-48.91509,1.0,0,-1.0,-1.0,-1.0,-1.0,-1.0,0.0,0.0,0.0,0.0
1791655779.9,3220311.0,1202.9,197708.1,197708.1,549.6,1732.3,1513.5,18.5,89.93,-0.01,196.97,0.0,0.0,0.0,0.0,269079.1,-262441.0,603319.0,0.4405,0.111,1566.8,-0.07364,-48.91103,1.0,0,-1.0,-1.0,-1.0,-1.0,-1.0,0.0,0.0,0.0,0.0
1791655780.4,3220311.0,1203.4,197708.1,197708.1,549.6,1732.3,1513.5,18.5,89.93,-0.01,196.97,0.0,0.0,0.0,0.0,269079.1,-262441.0,603319.0,0.4405,0.111,1566.8,-0.07364,-48.91103,1.0,0,-1.0,-1.0,-1.0,-1.0,-1.0,0.0,0.0,0.0,0.0
1791655780.91,3220311.1,1203.9,197730.1,197730.1,549.6,1732.2,1513.4,18.5,89.93,-0.01,196.96,0.0,0.0,0.0,0.0,269079.1,-262441.0,603319.0,0.4405,0.111,1566.8,-0.07363,-48.90698,1.0,0,-1.0,-1.0,-1.0,-1.0,-1.0,0.0,0.0,0.0,0.0
1791655781.41,3220311.1,1204.4,197730.1,197730.1,549.6,1732.2,1513.4,18.5,89.93,-0.01,196.96,0.0,0.0,0.0,0.0,269079.1,-262441.0,603319.0,0.4405,0.111,1566.8,-0.07363,-48.90698,1.0,0,-1.0,-1.0,-1.0,-1.0,-1.0,0.0,0.0,0.0,0.0
1791655781.91,3220311.1,1204.9,197752.0,197752.0,549.5,1732.1,1513.3,18.5,89.93,-0.0,196.96,0.0,0.0,0.0,0.0,269079.1,-262441.0,603319.0,0.4405,0.111,1566.8,-0.07362,-48.90293,1.0,0,-1.0,-1.0,-1.0,-1.0,-1.0,0.0,0.0,0.0,0.0
1791655782.41,3220311.1,1205.4,197752.0,197752.0,549.5,1732.1,1513.3,18.5,89.93,-0.0,196.96,0.0,0.0,0.0,0.0,269079.1,-262441.0,603319.0,0.4405,0.111,1566.8,-0.07362,-48.90293,1.0,0,-1.0,-1.0,-1.0,-1.0,-1.0,0.0,0.0,0.0,0.0
1791655782.92,3220311.2,1206.0,197774.0,197774.0,549.4,1732.1,1513.3,18.49,89.93,-0.0,196.95,0.0,0.0,0.0,0.0,269079.1,-262441.0,603319.0,0.4405,0.111,1566.8,-0.07362,-48.89888,1.0,0,-1.0,-1.0,-1.0,-1.0,-1.0,0.0,0.0,0.0,0.0
1791655783.42,3220311.2,1206.5,197774.0,197774.0,549.4,1732.1,1513.3,18.49,89.93,-0.0,196.95,0.0,0.0,0.0,0.0,269079.1,-262441.0,603319.0,0.4405,0.111,1566.8,-0.07362,-48.89888,1.0,0,-1.0,-1.0,-1.0,-1.0,-1.0,0.0,0.0,0.0,0.0
1791655783.92,3220311.2,1207.0,197796.0,197796.0,549.3,1732.0,1513.2,18.49,89.93,-0.0,196.95,0.0,0.0,0.0,0.0,269079.1,-262441.0,603319.0,0.4405,0.111,1566.8,-0.07361,-48.89483,1.0,0,-1.0,-1.0,-1.0,-1.0,-1.0,0.0,0.0,0.0,0.0
1791655784.42,3220311.2,1207.5,197796.0,197796.0,549.3,1732.0,1513.2,18.49,89.93,-0.0,196.95,0.0,0.0,0.0,0.0,269079.1,-262441.0,603319.0,0.4405,0.111,1566.8,-0.07361,-48.89483,1.0,0,-1.0,-1.0,-1.0,-1.0,-1.0,0.0,0.0,0.0,0.0
1791655784.92,3220311.2,1208.0,197818.0,197818.0,549.2,1731.9,1513.1,18.49,89.93,-0.0,196.95,0.0,0.0,0.0,0.0,269079.1,-262441.0,603319.0,0.4405,0.111,1566.8,-0.0736,-48.89078,1.0,0,-1.0,-1.0,-1.0,-1.0,-1.0,0.0,0.0,0.0,0.0
1791655785.43,3220311.2,1208.5,197818.0,197818.0,549.2,1731.9,1513.1,18.49,89.93,-0.0,196.95,0.0,0.0,0.0,0.0,269079.1,-262441.0,603319.0,0.4405,0.111,1566.8,-0.0736,-48.89078,1.0,0,-1.0,-1.0,-1.0,-1.0,-1.0,0.0,0.0,0.0,0.0
1791655785.93,3220311.3,1209.0,197839.9,197839.9,549.1,1731.8,1513.0,18.49,89.93,-0.0,196.94,0.0,0.0,0.0,0.0,269079.1,-262441.0,603319.0,0.4405,0.111,1566.8,-0.0736,-48.88673,1.0,0,-1.0,-1.0,-1.0,-1.0,-1.0,0.0,0.0,0.0,0.0
1791655786.43,3220311.3,1209.5,197839.9,197839.9,549.1,1731.8,1513.0,18.49,89.93,-0.0,196.94,0.0,0.0,0.0,0.0,269079.1,-262441.0,603319.0,0.4405,0.111,1566.8,-0.0736,-48.88673,1.0,0,-1.0,-1.0,-1.0,-1.0,-1.0,0.0,0.0,0.0,0.0
1791655786.93,3220311.3,1210.0,197861.9,197861.9,549.0,1731.8,1512.9,18.49,89.93,-0.0,196.94,0.0,0.0,0.0,0.0,269079.1,-262441.0,603319.0,0.4405,0.111,1566.8,-0.07359,-48.88268,1.0,0,-1.0,-1.0,-1.0,-1.0,-1.0,0.0,0.0,0.0,0.0
1791655787.44,3220311.3,1210.5,197861.9,197861.9,549.0,1731.8,1512.9,18.49,89.93,-0.0,196.94,0.0,0.0,0.0,0.0,269079.1,-262441.0,603319.0,0.4405,0.111,1566.8,-0.07359,-48.88268,1.0,0,-1.0,-1.0,-1.0,-1.0,-1.0,0.0,0.0,0.0,0.0
1791655787.94,3220311.4,1211.0,197883.9,197883.9,548.9,1731.7,1512.9,18.48,89.93,-0.0,196.93,0.0,0.0,0.0,0.0,269079.1,-262441.0,603319.0,0.4405,0.111,1566.8,-0.07358,-48.87863,1.0,0,-1.0,-1.0,-1.0,-1.0,-1.0,0.0,0.0,0.0,0.0
1791655788.44,3220311.4,1211.5,197883.9,197883.9,548.9,1731.7,1512.9,18.48,89.93,-0.0,196.93,0.0,0.0,0.0,0.0,269079.1,-262441.0,603319.0,0.4405,0.111,1566.8,-0.07358,-48.87863,1.0,0,-1.0,-1.0,-1.0,-1.0,-1.0,0.0,0.0,0.0,0.0
1791655788.95,3220311.4,1212.0,197905.8,197905.8,548.9,1731.6,1512.8,18.48,89.93,-0.0,196.93,0.0,0.0,0.0,0.0,269079.1,-262441.0,603319.0,0.4405,0.111,1566.8,-0.07358,-48.87458,1.0,0,-1.0,-1.0,-1.0,-1.0,-1.0,0.0,0.0,0.0,0.0
1791655789.45,3220311.4,1212.5,197905.8,197905.8,548.9,1731.6,1512.8,18.48,89.93,-0.0,196.93,0.0,0.0,0.0,0.0,269079.1,-262441.0,603319.0,0.4405,0.111,1566.8,-0.07358,-48.87458,1.0,0,-1.0,-1.0,-1.0,-1.0,-1.0,0.0,0.0,0.0,0.0
1791655789.95,3220311.4,1213.0,197927.8,197927.8,548.8,1731.6,1512.7,18.48,89.93,-0.0,196.92,0.0,0.0,0.0,0.0,269079.1,-262441.0,603319.0,0.4405,0.111,1566.8,-0.07357,-48.87053,1.0,0,-1.0,-1.0,-1.0,-1.0,-1.0,0.0,0.0,0.0,0.0
1791655790.45,3220311.4,1213.5,197927.8,197927.8,548.8,1731.6,1512.7,18.48,89.93,-0.0,196.92,0.0,0.0,0.0,0.0,269079.1,-262441.0,603319.0,0.4405,0.111,1566.8,-0.07357,-48.87053,1.0,0,-1.0,-1.0,-1.0,-1.0,-1.0,0.0,0.0,0.0,0.0
1791655790.96,3220311.5,1214.0,197949.7,197949.7,548.7,1731.5,1512.6,18.48,89.93,-0.0,196.92,0.0,0.0,0.0,0.0,269079.1,-262441.0,603319.0,0.4405,0.111,1566.8,-0.07356,-48.86648,1.0,0,-1.0,-1.0,-1.0,-1.0,-1.0,0.0,0.0,0.0,0.0
1791655791.46,3220311.5,1214.5,197949.7,197949.7,548.7,1731.5,1512.6,18.48,89.93,-0.0,196.92,0.0,0.0,0.0,0.0,269079.1,-262441.0,603319.0,0.4405,0.111,1566.8,-0.07356,-48.86648,1.0,0,-1.0,-1.0,-1.0,-1.0,-1.0,0.0,0.0,0.0,0.0
1791655791.96,3220311.5,1215.0,197971.7,197971.7,548.6,1731.4,1512.5,18.48,89.93,-0.0,196.91,0.0,0.0,0.0,0.0,269079.1,-262441.0,603319.0,0.4405,0.111,1566.8,-0.07355,-48.86244,1.0,0,-1.0,-1.0,-1.0,-1.0,-1.0,0.0,0.0,0.0,0.0
1791655792.46,3220311.9,1215.5,198201.9,198201.9,547.7,1730.7,1511.7,18.46,89.93,0.0,196.86,0.0,0.0,0.0,0.0,269079.1,-262441.0,603319.0,0.4405,0.111,1566.8,-0.07348,-48.81994,1.0,0,-1.0,-1.0,-1.0,-1.0,-1.0,0.0,0.0,0.0,0.0
1791655792.96,3220312.4,1216.0,198475.5,198475.5,546.6,1729.8,1510.7,18.43,89.92,0.0,196.8,0.0,0.0,0.0,0.0,269079.1,-262441.0,603319.0,0.4405,0.111,1566.8,-0.0734,-48.76939,1.0,0,-1.0,-1.0,-1.0,-1.0,-1.0,0.0,0.0,0.0,0.0
1791655793.47,3220312.9,1216.5,198748.5,198748.5,545.5,1728.9,1509.7,18.41,89.92,0.01,196.75,0.0,0.0,0.0,0.0,269079.1,-262441.0,603319.0,0.4405,0.111,1566.8,-0.07331,-48.71888,1.0,0,-1.0,-1.0,-1.0,-1.0,-1.0,0.0,0.0,0.0,0.0
1791655793.97,3220313.5,1217.0,199031.9,199031.9,544.4,1728.0,1508.7,18.38,89.92,0.01,196.68,0.0,0.0,0.0,0.0,269079.1,-262441.0,603319.0,0.4405,0.111,1566.8,-0.07322,-48.6664,1.0,0,-1.0,-1.0,-1.0,-1.0,-1.0,0.0,0.0,0.0,0.0
1791655794.47,3220314.0,1217.5,199303.8,199303.8,543.3,1727.2,1507.7,18.35,89.92,0.01,196.63,0.0,0.0,0.0,0.0,269079.1,-262441.0,603319.0,0.4405,0.111,1566.8,-0.07314,-48.61597,1.0,0,-1.0,-1.0,-1.0,-1.0,-1.0,0.0,0.0,0.0,0.0
1791655794.97,3220314.5,1218.0,199575.2,199575.2,542.2,1726.3,1506.7,18.32,89.91,0.01,196.57,0.0,0.0,0.0,0.0,269079.1,-262441.0,603319.0,0.4405,0.111,1566.8,-0.07305,-48.56558,1.0,0,-1.0,-1.0,-1.0,-1.0,-1.0,0.0,0.0,0.0,0.0
1791655795.48,3220314.9,1218.5,199835.2,199835.2,541.2,1725.5,1505.8,18.29,89.91,0.01,196.51,0.0,0.0,0.0,0.0,269079.1,-262441.0,603319.0,0.4405,0.111,1566.8,-0.07297,-48.51725,1.0,0,-1.0,-1.0,-1.0,-1.0,-1.0,0.0,0.0,0.0,0.0
1791655795.98,3220315.5,1219.0,200105.5,200105.5,540.1,1724.6,1504.8,18.26,89.91,0.0,196.45,0.0,0.0,0.0,0.0,269079.1,-262441.0,603319.0,0.4405,0.111,1566.8,-0.07288,-48.46694,1.0,0,-1.0,-1.0,-1.0,-1.0,-1.0,0.0,0.0,0.0,0.0
1791655796.56,3220315.9,1219.6,200353.8,200353.8,539.1,1723.8,1503.9,18.24,89.91,0.0,196.4,0.0,0.0,0.0,0.0,269079.1,-262441.0,603319.0,0.4405,0.111,1566.8,-0.0728,-48.42069,1.0,0,-1.0,-1.0,-1.0,-1.0,-1.0,0.0,0.0,0.0,0.0
1791655797.06,3220316.4,1220.1,200633.8,200633.8,538.0,1722.9,1502.9,18.2,89.91,-0.0,196.34,0.0,0.0,0.0,0.0,269079.1,-262441.0,603319.0,0.4405,0.111,1566.8,-0.07271,-48.36844,1.0,0,-1.0,-1.0,-1.0,-1.0,-1.0,0.0,0.0,0.0,0.0
1791655797.56,3220316.9,1220.6,200902.5,200902.5,536.9,1722.0,1501.9,18.17,89.91,-0.01,196.28,0.0,0.0,0.0,0.0,269079.1,-262441.0,603319.0,0.4405,0.111,1566.8,-0.07263,-48.31825,1.0,0,-1.0,-1.0,-1.0,-1.0,-1.0,0.0,0.0,0.0,0.0
1791655798.06,3220317.4,1221.1,201170.7,201170.7,535.8,1721.2,1501.0,18.14,89.91,-0.01,196.22,0.0,0.0,0.0,0.0,269079.1,-262441.0,603319.0,0.4405,0.111,1566.8,-0.07254,-48.2681,1.0,0,-1.0,-1.0,-1.0,-1.0,-1.0,0.0,0.0,0.0,0.0
1791655798.56,3220317.9,1221.6,201438.4,201438.4,534.7,1720.3,1500.0,18.11,89.91,-0.01,196.16,0.0,0.0,0.0,0.0,269079.1,-262441.0,603319.0,0.4405,0.111,1566.8,-0.07246,-48.21798,1.0,0,-1.0,-1.0,-1.0,-1.0,-1.0,0.0,0.0,0.0,0.0
1791655799.07,3220318.4,1222.1,201705.5,201705.5,533.7,1719.5,1499.0,18.08,89.92,-0.01,196.1,0.0,0.0,0.0,0.0,269079.1,-262441.0,603319.0,0.4405,0.111,1566.8,-0.07237,-48.16791,1.0,0,-1.0,-1.0,-1.0,-1.0,-1.0,0.0,0.0,0.0,0.0
1791655799.57,3220318.9,1222.6,201972.0,201972.0,532.6,1718.6,1498.1,18.05,89.92,-0.01,196.04,0.0,0.0,0.0,0.0,269079.1,-262441.0,603319.0,0.4405,0.111,1566.8,-0.07228,-48.11787,1.0,0,-1.0,-1.0,-1.0,-1.0,-1.0,0.0,0.0,0.0,0.0
1791655800.07,3220319.4,1223.1,202238.0,202238.0,531.5,1717.8,1497.1,18.02,89.92,-0.0,195.99,0.0,0.0,0.0,0.0,269079.1,-262441.0,603319.0,0.4405,0.111,1566.8,-0.0722,-48.06787,1.0,0,-1.0,-1.0,-1.0,-1.0,-1.0,0.0,0.0,0.0,0.0
1791655800.58,3220319.9,1223.6,202514.1,202514.1,530.4,1716.9,1496.1,17.99,89.93,0.0,195.93,0.0,0.0,0.0,0.0,269079.1,-262441.0,603319.0,0.4405,0.111,1566.8,-0.07211,-48.01592,1.0,0,-1.0,-1.0,-1.0,-1.0,-1.0,0.0,0.0,0.0,0.0
1791655801.08,3220320.4,1224.1,202779.1,202779.1,529.3,1716.0,1495.1,17.96,89.93,0.0,195.87,0.0,0.0,0.0,0.0,269079.1,-262441.0,603319.0,0.4405,0.111,1566.8,-0.07202,-47.966,1.0,0,-1.0,-1.0,-1.0,-1.0,-1.0,0.0,0.0,0.0,0.0
1791655801.58,3220320.9,1224.6,203043.4,203043.4,528.2,1715.2,1494.2,17.94,89.93,0.0,195.81,0.0,0.0,0.0,0.0,269079.1,-262441.0,603319.0,0.4405,0.111,1566.8,-0.07194,-47.91612,1.0,0,-1.0,-1.0,-1.0,-1.0,-1.0,0.0,0.0,0.0,0.0
1791655802.08,3220321.4,1225.1,203307.3,203307.3,527.1,1714.4,1493.2,17.91,89.92,0.01,195.75,0.0,0.0,0.0,0.0,269079.1,-262441.0,603319.0,0.4405,0.111,1566.8,-0.07185,-47.86627,1.0,0,-1.0,-1.0,-1.0,-1.0,-1.0,0.0,0.0,0.0,0.0
1791655802.59,3220322.0,1225.6,203570.6,203570.6,526.1,1713.5,1492.3,17.89,89.92,0.01,195.69,0.0,0.0,0.0,0.0,269079.1,-262441.0,603319.0,0.4405,0.111,1566.8,-0.07176,-47.81647,1.0,0,-1.0,-1.0,-1.0,-1.0,-1.0,0.0,0.0,0.0,0.0
1791655803.09,3220322.5,1226.1,203833.3,203833.3,525.0,1712.7,1491.3,17.86,89.92,0.01,195.63,0.0,0.0,0.0,0.0,269079.1,-262441.0,603319.0,0.4405,0.111,1566.8,-0.07168,-47.7667,1.0,0,-1.0,-1.0,-1.0,-1.0,-1.0,0.0,0.0,0.0,0.0
1791655803.59,3220323.0,1226.6,204095.6,204095.6,523.9,1711.8,1490.4,17.84,89.92,0.0,195.57,0.0,0.0,0.0,0.0,269079.1,-262441.0,603319.0,0.4405,0.111,1566.8,-0.07159,-47.71698,1.0,0,-1.0,-1.0,-1.0,-1.0,-1.0,0.0,0.0,0.0,0.0
1791655804.09,3220323.5,1227.1,204357.2,204357.2,522.8,1711.0,1489.4,17.81,89.91,0.0,195.52,0.0,0.0,0.0,0.0,269079.1,-262441.0,603319.0,0.4405,0.111,1566.8,-0.0715,-47.6653,1.0,0,-1.0,-1.0,-1.0,-1.0,-1.0,0.0,0.0,0.0,0.0
1791655804.59,3220324.0,1227.6,204628.8,204628.8,521.7,1710.1,1488.4,17.78,89.91,0.0,195.46,0.0,0.0,0.0,0.0,269079.1,-262441.0,603319.0,0.4405,0.111,1566.8,-0.07142,-47.61565,1.0,0,-1.0,-1.0,-1.0,-1.0,-1.0,0.0,0.0,0.0,0.0
1791655805.1,3220324.5,1228.1,204889.4,204889.4,520.6,1709.3,1487.5,17.75,89.9,-0.0,195.4,0.0,0.0,0.0,0.0,269079.1,-262441.0,603319.0,0.4405,0.111,1566.8,-0.07133,-47.56603,1.0,0,-1.0,-1.0,-1.0,-1.0,-1.0,0.0,0.0,0.0,0.0
1791655805.6,3220325.0,1228.6,205149.4,205149.4,519.5,1708.5,1486.6,17.72,89.9,-0.0,195.34,0.0,0.0,0.0,0.0,269079.1,-262441.0,603319.0,0.4405,0.111,1566.8,-0.07124,-47.51646,1.0,0,-1.0,-1.0,-1.0,-1.0,-1.0,0.0,0.0,0.0,0.0
1791655806.1,3220325.5,1229.1,205408.9,205408.9,518.5,1707.7,1485.6,17.69,89.9,-0.01,195.28,0.0,0.0,0.0,0.0,269079.1,-262441.0,603319.0,0.4405,0.111,1566.8,-0.07116,-47.46692,1.0,0,-1.0,-1.0,-1.0,-1.0,-1.0,0.0,0.0,0.0,0.0
1791655806.6,3220326.0,1229.6,205667.9,205667.9,517.4,1706.8,1484.7,17.65,89.91,-0.01,195.23,0.0,0.0,0.0,0.0,269079.1,-262441.0,603319.0,0.4405,0.111,1566.8,-0.07107,-47.41742,1.0,0,-1.0,-1.0,-1.0,-1.0,-1.0,0.0,0.0,0.0,0.0
1791655807.1,3220326.5,1230.1,205926.3,205926.3,516.3,1706.0,1483.7,17.62,89.91,-0.0,195.17,0.0,0.0,0.0,0.0,269079.1,-262441.0,603319.0,0.4405,0.111,1566.8,-0.07098,-47.36795,1.0,0,-1.0,-1.0,-1.0,-1.0,-1.0,0.0,0.0,0.0,0.0
1791655807.6,3220327.0,1230.6,206184.2,206184.2,515.2,1705.2,1482.8,17.59,89.91,-0.0,195.11,0.0,0.0,0.0,0.0,269079.1,-262441.0,603319.0,0.4405,0.111,1566.8,-0.0709,-47.31853,1.0,0,-1.0,-1.0,-1.0,-1.0,-1.0,0.0,0.0,0.0,0.0
1791655808.11,3220327.5,1231.1,206441.5,206441.5,514.1,1704.4,1481.9,17.56,89.91,-0.0,195.05,0.0,0.0,0.0,0.0,269079.1,-262441.0,603319.0,0.4405,0.111,1566.8,-0.07081,-47.26913,1.0,0,-1.0,-1.0,-1.0,-1.0,-1.0,0.0,0.0,0.0,0.0
1791655808.61,3220328.0,1231.6,206698.3,206698.3,513.1,1703.5,1481.0,17.52,89.92,0.0,194.99,0.0,0.0,0.0,0.0,269079.1,-262441.0,603319.0,0.4405,0.111,1566.8,-0.07072,-47.21978,1.0,0,-1.0,-1.0,-1.0,-1.0,-1.0,0.0,0.0,0.0,0.0
1791655809.11,3220328.5,1232.1,206954.6,206954.6,512.0,1702.7,1480.0,17.49,89.92,0.0,194.94,0.0,0.0,0.0,0.0,269079.1,-262441.0,603319.0,0.4405,0.111,1566.8,-0.07064,-47.17046,1.0,0,-1.0,-1.0,-1.0,-1.0,-1.0,0.0,0.0,0.0,0.0
1791655809.61,3220329.0,1232.6,207210.3,207210.3,510.9,1701.9,1479.1,17.46,89.92,0.01,194.88,0.0,0.0,0.0,0.0,269079.1,-262441.0,603319.0,0.4405,0.111,1566.8,-0.07055,-47.12118,1.0,0,-1.0,-1.0,-1.0,-1.0,-1.0,0.0,0.0,0.0,0.0
1791655810.11,3220329.5,1233.1,207465.5,207465.5,509.8,1701.1,1478.2,17.44,89.92,0.01,194.82,0.0,0.0,0.0,0.0,269079.1,-262441.0,603319.0,0.4405,0.111,1566.8,-0.07047,-47.07194,1.0,0,-1.0,-1.0,-1.0,-1.0,-1.0,0.0,0.0,0.0,0.0
1791655810.61,3220330.0,1233.6,207720.2,207720.2,508.8,1700.3,1477.3,17.41,89.92,0.01,194.77,0.0,0.0,0.0,0.0,269079.1,-262441.0,603319.0,0.4405,0.111,1566.8,-0.07038,-47.02273,1.0,0,-1.0,-1.0,-1.0,-1.0,-1.0,0.0,0.0,0.0,0.0
1791655811.12,3220330.5,1234.2,207974.3,207974.3,507.7,1699.5,1476.3,17.38,89.92,0.0,194.71,0.0,0.0,0.0,0.0,269079.1,-262441.0,603319.0,0.4405,0.111,1566.8,-0.07029,-46.97356,1.0,0,-1.0,-1.0,-1.0,-1.0,-1.0,0.0,0.0,0.0,0.0
1791655811.62,3220331.0,1234.7,208227.9,208227.9,506.6,1698.7,1475.4,17.36,89.92,0.0,194.65,0.0,0.0,0.0,0.0,269079.1,-262441.0,603319.0,0.4405,0.111,1566.8,-0.07021,-46.92443,1.0,0,-1.0,-1.0,-1.0,-1.0,-1.0,0.0,0.0,0.0,0.0
1791655812.12,3220331.5,1235.2,208480.9,208480.9,505.5,1697.9,1474.5,17.33,89.92,0.0,194.59,0.0,0.0,0.0,0.0,269079.1,-262441.0,603319.0,0.4405,0.111,1566.8,-0.07012,-46.87533,1.0,0,-1.0,-1.0,-1.0,-1.0,-1.0,0.0,0.0,0.0,0.0
1791655812.62,3220332.0,1235.7,208733.4,208733.4,504.5,1697.1,1473.6,17.3,89.92,-0.0,194.54,0.0,0.0,0.0,0.0,269079.1,-262441.0,603319.0,0.4405,0.111,1566.8,-0.07003,-46.82626,1.0,0,-1.0,-1.0,-1.0,-1.0,-1.0,0.0,0.0,0.0,0.0
1791655813.12,3220332.5,1236.2,208985.4,208985.3,503.4,1696.3,1472.7,17.28,89.91,-0.0,194.48,0.0,0.0,0.0,0.0,269079.1,-262441.0,603319.0,0.4405,0.111,1566.8,-0.06995,-46.77724,1.0,0,-1.0,-1.0,-1.0,-1.0,-1.0,0.0,0.0,0.0,0.0
1791655813.62,3220333.0,1236.7,209236.8,209236.8,502.3,1695.5,1471.8,17.25,89.91,-0.01,194.42,0.0,0.0,0.0,0.0,269079.1,-262441.0,603319.0,0.4405,0.111,1566.8,-0.06986,-46.72824,1.0,0,-1.0,-1.0,-1.0,-1.0,-1.0,0.0,0.0,0.0,0.0
1791655814.13,3220333.5,1237.2,209487.7,209487.7,501.2,1694.7,1470.9,17.22,89.9,-0.01,194.36,0.0,0.0,0.0,0.0,269079.1,-262441.0,603319.0,0.4405,0.111,1566.8,-0.06977,-46.67929,1.0,0,-1.0,-1.0,-1.0,-1.0,-1.0,0.0,0.0,0.0,0.0
1791655814.63,3220334.0,1237.7,209748.0,209748.0,500.1,1693.8,1469.9,17.19,89.9,-0.01,194.3,0.0,0.0,0.0,0.0,269079.1,-262441.0,603319.0,0.4405,0.111,1566.8,-0.06968,-46.62841,1.0,0,-1.0,-1.0,-1.0,-1.0,-1.0,0.0,0.0,0.0,0.0
1791655815.13,3220334.5,1238.2,209997.8,209997.8,499.0,1693.0,1469.0,17.16,89.9,-0.0,194.25,0.0,0.0,0.0,0.0,269079.1,-262441.0,603319.0,0.4405,0.111,1566.8,-0.0696,-46.57953,1.0,0,-1.0,-1.0,-1.0,-1.0,-1.0,0.0,0.0,0.0,0.0
1791655815.63,3220335.0,1238.7,210257.0,210257.0,497.9,1692.2,1468.1,17.13,89.9,-0.0,194.19,0.0,0.0,0.0,0.0,269079.1,-262441.0,603319.0,0.4405,0.111,1566.8,-0.06951,-46.52873,1.0,0,-1.0,-1.0,-1.0,-1.0,-1.0,0.0,0.0,0.0,0.0
1791655816.14,3220335.5,1239.2,210505.7,210505.7,496.8,1691.4,1467.2,17.09,89.91,-0.0,194.13,0.0,0.0,0.0,0.0,269079.1,-262441.0,603319.0,0.4405,0.111,1566.8,-0.06942,-46.47991,1.0,0,-1.0,-1.0,-1.0,-1.0,-1.0,0.0,0.0,0.0,0.0
1791655816.64,3220336.0,1239.7,210743.9,210743.9,495.8,1690.7,1466.3,17.06,89.91,0.0,194.07,0.0,0.0,0.0,0.0,269079.1,-262441.0,603319.0,0.4405,0.111,1566.8,-0.06934,-46.43309,1.0,0,-1.0,-1.0,-1.0,-1.0,-1.0,0.0,0.0,0.0,0.0
1791655817.14,3220336.5,1240.2,211001.4,211001.4,494.7,1689.9,1465.4,17.03,89.91,0.01,194.02,0.0,0.0,0.0,0.0,269079.1,-262441.0,603319.0,0.4405,0.111,1566.8,-0.06925,-46.38239,1.0,0,-1.0,-1.0,-1.0,-1.0,-1.0,0.0,0.0,0.0,0.0
1791655817.64,3220337.0,1240.7,211248.5,211248.5,493.6,1689.1,1464.5,16.99,89.92,0.01,193.96,0.0,0.0,0.0,0.0,269079.1,-262441.0,603319.0,0.4405,0.111,1566.8,-0.06916,-46.33369,1.0,0,-1.0,-1.0,-1.0,-1.0,-1.0,0.0,0.0,0.0,0.0
1791655818.14,3220337.5,1241.2,211495.0,211495.0,492.5,1688.3,1463.6,16.96,89.92,0.01,193.9,0.0,0.0,0.0,0.0,269079.1,-262441.0,603319.0,0.4405,0.111,1566.8,-0.06907,-46.28501,1.0,0,-1.0,-1.0,-1.0,-1.0,-1.0,0.0,0.0,0.0,0.0
1791655818.65,3220338.0,1241.7,211741.0,211741.0,491.5,1687.5,1462.7,16.93,89.92,0.01,193.85,0.0,0.0,0.0,0.0,269079.1,-262441.0,603319.0,0.4405,0.111,1566.8,-0.06899,-46.23638,1.0,0,-1.0,-1.0,-1.0,-1.0,-1.0,0.0,0.0,0.0,0.0
1791655819.15,3220338.4,1242.2,211937.5,211937.5,490.6,1686.9,1462.0,16.9,89.92,0.0,193.8,0.0,0.0,0.0,0.0,269079.1,-262441.0,603319.0,0.4405,0.111,1566.8,-0.06892,-46.19749,1.0,0,-1.0,-1.0,-1.0,-1.0,-1.0,0.0,0.0,0.0,0.0
1791655819.65,3220338.9,1242.7,212182.5,212182.5,489.5,1686.1,1461.1,16.87,89.92,0.0,193.74,0.0,0.0,0.0,0.0,269079.1,-262441.0,603319.0,0.4405,0.111,1566.8,-0.06883,-46.14891,1.0,0,-1.0,-1.0,-1.0,-1.0,-1.0,0.0,0.0,0.0,0.0
1791655820.15,3220339.4,1243.2,212427.0,212427.0,488.5,1685.3,1460.2,16.84,89.92,0.0,193.69,0.0,0.0,0.0,0.0,269079.1,-262441.0,603319.0,0.4405,0.111,1566.8,-0.06875,-46.10037,1.0,0,-1.0,-1.0,-1.0,-1.0,-1.0,0.0,0.0,0.0,0.0
1791655820.65,3220339.9,1243.7,212670.9,212670.9,487.4,1684.6,1459.3,16.82,89.92,-0.0,193.63,0.0,0.0,0.0,0.0,269079.1,-262441.0,603319.0,0.4405,0.111,1566.8,-0.06866,-46.05187,1.0,0,-1.0,-1.0,-1.0,-1.0,-1.0,0.0,0.0,0.0,0.0
1791655821.16,3220340.4,1244.2,212914.4,212914.4,486.3,1683.8,1458.5,16.79,89.92,-0.0,193.57,0.0,0.0,0.0,0.0,269079.1,-262441.0,603319.0,0.4405,0.111,1566.8,-0.06857,-46.00339,1.0,0,-1.0,-1.0,-1.0,-1.0,-1.0,0.0,0.0,0.0,0.0
1791655821.66,3220340.9,1244.7,213157.2,213157.2,485.2,1683.0,1457.6,16.76,89.91,-0.01,193.51,0.0,0.0,0.0,0.0,269079.1,-262441.0,603319.0,0.4405,0.111,1566.8,-0.06848,-45.95495,1.0,0,-1.0,-1.0,-1.0,-1.0,-1.0,0.0,0.0,0.0,0.0
1791655822.16,3220341.4,1245.2,213409.3,213409.3,484.1,1682.2,1456.7,16.74,89.91,-0.01,193.46,0.0,0.0,0.0,0.0,269079.1,-262441.0,603319.0,0.4405,0.111,1566.8,-0.06839,-45.90461,1.0,0,-1.0,-1.0,-1.0,-1.0,-1.0,0.0,0.0,0.0,0.0
1791655822.66,3220341.9,1245.7,213651.1,213651.1,483.0,1681.4,1455.8,16.71,89.9,-0.01,193.4,0.0,0.0,0.0,0.0,269079.1,-262441.0,603319.0,0.4405,0.111,1566.8,-0.06831,-45.85624,1.0,0,-1.0,-1.0,-1.0,-1.0,-1.0,0.0,0.0,0.0,0.0
1791655823.17,3220342.4,1246.2,213892.3,213892.3,482.0,1680.7,1454.9,16.68,89.9,-0.01,193.34,0.0,0.0,0.0,0.0,269079.1,-262441.0,603319.0,0.4405,0.111,1566.8,-0.06822,-45.8079,1.0,0,-1.0,-1.0,-1.0,-1.0,-1.0,0.0,0.0,0.0,0.0
1791655823.67,3220342.9,1246.7,214133.0,214133.0,480.9,1679.9,1454.1,16.65,89.9,-0.0,193.29,0.0,0.0,0.0,0.0,269079.1,-262441.0,603319.0,0.4405,0.111,1566.8,-0.06813,-45.7596,1.0,0,-1.0,-1.0,-1.0,-1.0,-1.0,0.0,0.0,0.0,0.0
1791655824.17,3220343.4,1247.2,214373.2,214373.2,479.8,1679.2,1453.2,16.62,89.9,-0.0,193.23,0.0,0.0,0.0,0.0,269079.1,-262441.0,603319.0,0.4405,0.111,1566.8,-0.06805,-45.71133,1.0,0,-1.0,-1.0,-1.0,-1.0,-1.0,0.0,0.0,0.0,0.0
1791655824.67,3220343.9,1247.7,214612.9,214612.8,478.7,1678.4,1452.3,16.59,89.9,0.0,193.17,0.0,0.0,0.0,0.0,269079.1,-262441.0,603319.0,0.4405,0.111,1566.8,-0.06796,-45.66309,1.0,0,-1.0,-1.0,-1.0,-1.0,-1.0,0.0,0.0,0.0,0.0
1791655825.17,3220344.4,1248.2,214852.0,214852.0,477.7,1677.6,1451.5,16.56,89.9,0.0,193.11,0.0,0.0,0.0,0.0,269079.1,-262441.0,603319.0,0.4405,0.111,1566.8,-0.06787,-45.61489,1.0,0,-1.0,-1.0,-1.0,-1.0,-1.0,0.0,0.0,0.0,0.0
1791655825.67,3220344.9,1248.7,215090.5,215090.5,476.6,1676.9,1450.6,16.53,89.91,0.01,193.06,0.0,0.0,0.0,0.0,269079.1,-262441.0,603319.0,0.4405,0.111,1566.8,-0.06779,-45.56672,1.0,0,-1.0,-1.0,-1.0,-1.0,-1.0,0.0,0.0,0.0,0.0
1791655826.18,3220345.4,1249.2,215338.1,215338.1,475.5,1676.1,1449.7,16.49,89.91,0.01,193.0,0.0,0.0,0.0,0.0,269079.1,-262441.0,603319.0,0.4405,0.111,1566.8,-0.0677,-45.51666,1.0,0,-1.0,-1.0,-1.0,-1.0,-1.0,0.0,0.0,0.0,0.0
1791655826.68,3220345.9,1249.7,215575.5,215575.5,474.4,1675.3,1448.8,16.46,89.91,0.01,192.94,0.0,0.0,0.0,0.0,269079.1,-262441.0,603319.0,0.4405,0.111,1566.8,-0.06761,-45.46856,1.0,0,-1.0,-1.0,-1.0,-1.0,-1.0,0.0,0.0,0.0,0.0
1791655827.18,3220346.4,1250.2,215812.5,215812.5,473.3,1674.6,1448.0,16.42,89.92,0.01,192.89,0.0,0.0,0.0,0.0,269079.1,-262441.0,603319.0,0.4405,0.111,1566.8,-0.06752,-45.42049,1.0,0,-1.0,-1.0,-1.0,-1.0,-1.0,0.0,0.0,0.0,0.0
1791655827.68,3220346.9,1250.7,216048.9,216048.9,472.3,1673.8,1447.1,16.39,89.92,0.0,192.83,0.0,0.0,0.0,0.0,269079.1,-262441.0,603319.0,0.4405,0.111,1566.8,-0.06744,-45.37245,1.0,0,-1.0,-1.0,-1.0,-1.0,-1.0,0.0,0.0,0.0,0.0
1791655828.18,3220347.4,1251.2,216284.8,216284.8,471.2,1673.1,1446.3,16.35,89.92,0.0,192.78,0.0,0.0,0.0,0.0,269079.1,-262441.0,603319.0,0.4405,0.111,1566.8,-0.06735,-45.32445,1.0,0,-1.0,-1.0,-1.0,-1.0,-1.0,0.0,0.0,0.0,0.0
1791655828.69,3220348.0,1251.7,216520.1,216520.1,470.1,1672.3,1445.4,16.32,89.92,-0.0,192.72,0.0,0.0,0.0,0.0,269079.1,-262441.0,603319.0,0.4405,0.111,1566.8,-0.06726,-45.27647,1.0,0,-1.0,-1.0,-1.0,-1.0,-1.0,0.0,0.0,0.0,0.0
1791655829.19,3220348.5,1252.2,216754.9,216754.9,469.1,1671.6,1444.6,16.29,89.92,-0.0,192.66,0.0,0.0,0.0,0.0,269079.1,-262441.0,603319.0,0.4405,0.111,1566.8,-0.06717,-45.22853,1.0,0,-1.0,-1.0,-1.0,-1.0,-1.0,0.0,0.0,0.0,0.0
1791655829.69,3220349.0,1252.7,216989.2,216989.2,468.0,1670.9,1443.7,16.26,89.92,-0.01,192.6,0.0,0.0,0.0,0.0,269079.1,-262441.0,603319.0,0.4405,0.111,1566.8,-0.06709,-45.18063,1.0,0,-1.0,-1.0,-1.0,-1.0,-1.0,0.0,0.0,0.0,0.0
1791655830.2,3220349.5,1253.2,217232.2,217232.2,466.9,1670.1,1442.9,16.23,89.92,-0.01,192.55,0.0,0.0,0.0,0.0,269079.1,-262441.0,603319.0,0.4405,0.111,1566.8,-0.067,-45.13084,1.0,0,-1.0,-1.0,-1.0,-1.0,-1.0,0.0,0.0,0.0,0.0
1791655830.7,3220350.0,1253.7,217465.4,217465.4,465.8,1669.4,1442.0,16.2,89.91,-0.01,192.49,0.0,0.0,0.0,0.0,269079.1,-262441.0,603319.0,0.4405,0.111,1566.8,-0.06691,-45.083,1.0,0,-1.0,-1.0,-1.0,-1.0,-1.0,0.0,0.0,0.0,0.0
1791655831.2,3220350.5,1254.2,217698.0,217698.0,464.7,1668.6,1441.2,16.18,89.91,-0.01,192.44,0.0,0.0,0.0,0.0,269079.1,-262441.0,603319.0,0.4405,0.111,1566.8,-0.06682,-45.03519,1.0,0,-1.0,-1.0,-1.0,-1.0,-1.0,0.0,0.0,0.0,0.0
1791655831.7,3220351.0,1254.7,217930.1,217930.1,463.7,1667.9,1440.3,16.15,89.9,-0.01,192.38,0.0,0.0,0.0,0.0,269079.1,-262441.0,603319.0,0.4405,0.111,1566.8,-0.06674,-44.98741,1.0,0,-1.0,-1.0,-1.0,-1.0,-1.0,0.0,0.0,0.0,0.0
1791655832.2,3220351.5,1255.2,218161.7,218161.7,462.6,1667.2,1439.5,16.12,89.9,-0.0,192.32,0.0,0.0,0.0,0.0,269079.1,-262441.0,603319.0,0.4405,0.111,1566.8,-0.06665,-44.93966,1.0,0,-1.0,-1.0,-1.0,-1.0,-1.0,0.0,0.0,0.0,0.0
1791655832.7,3220352.0,1255.7,218392.7,218392.7,461.5,1666.4,1438.7,16.09,89.9,0.0,192.27,0.0,0.0,0.0,0.0,269079.1,-262441.0,603319.0,0.4405,0.111,1566.8,-0.06656,-44.89195,1.0,0,-1.0,-1.0,-1.0,-1.0,-1.0,0.0,0.0,0.0,0.0
1791655833.2,3220352.5,1256.2,218623.2,218623.2,460.5,1665.7,1437.8,16.06,89.9,0.0,192.21,0.0,0.0,0.0,0.0,269079.1,-262441.0,603319.0,0.4405,0.111,1566.8,-0.06648,-44.84427,1.0,0,-1.0,-1.0,-1.0,-1.0,-1.0,0.0,0.0,0.0,0.0
1791655833.71,3220353.0,1256.7,218853.2,218853.2,459.4,1665.0,1437.0,16.04,89.9,0.01,192.15,0.0,0.0,0.0,0.0,269079.1,-262441.0,603319.0,0.4405,0.111,1566.8,-0.06639,-44.79661,1.0,0,-1.0,-1.0,-1.0,-1.0,-1.0,0.0,0.0,0.0,0.0
1791655834.21,3220353.5,1257.2,219091.8,219091.8,458.3,1664.2,1436.1,16.0,89.9,0.01,192.1,0.0,0.0,0.0,0.0,269079.1,-262441.0,603319.0,0.4405,0.111,1566.8,-0.0663,-44.74709,1.0,0,-1.0,-1.0,-1.0,-1.0,-1.0,0.0,0.0,0.0,0.0
1791655834.71,3220354.0,1257.7,219320.6,219320.6,457.2,1663.5,1435.3,15.97,89.91,0.01,192.04,0.0,0.0,0.0,0.0,269079.1,-262441.0,603319.0,0.4405,0.111,1566.8,-0.06621,-44.6995,1.0,0,-1.0,-1.0,-1.0,-1.0,-1.0,0.0,0.0,0.0,0.0
1791655835.21,3220354.4,1258.2,219530.7,219530.7,456.2,1662.8,1434.5,15.94,89.91,0.01,191.99,0.0,0.0,0.0,0.0,269079.1,-262441.0,603319.0,0.4405,0.111,1566.8,-0.06613,-44.65575,1.0,0,-1.0,-1.0,-1.0,-1.0,-1.0,0.0,0.0,0.0,0.0
1791655835.72,3220354.6,1258.8,219594.6,219594.6,455.9,1662.6,1434.3,15.93,89.91,0.01,191.97,0.0,0.0,0.0,0.0,269079.1,-262441.0,603319.0,0.4405,0.111,1566.8,-0.06611,-44.64244,1.0,0,-1.0,-1.0,-1.0,-1.0,-1.0,0.0,0.0,0.0,0.0
1791655836.22,3220354.6,1259.3,219594.6,219594.6,455.9,1662.6,1434.3,15.93,89.91,0.01,191.97,0.0,0.0,0.0,0.0,269079.1,-262441.0,603319.0,0.4405,0.111,1566.8,-0.06611,-44.64244,1.0,0,-1.0,-1.0,-1.0,-1.0,-1.0,0.0,0.0,0.0,0.0
1791655836.72,3220354.6,1259.8,219612.8,219612.8,455.8,1662.6,1434.2,15.93,89.91,0.01,191.97,0.0,0.0,0.0,0.0,269079.1,-262441.0,603319.0,0.4405,0.111,1566.8,-0.0661,-44.63864,1.0,0,-1.0,-1.0,-1.0,-1.0,-1.0,0.0,0.0,0.0,0.0
1791655837.22,3220354.6,1260.3,219612.8,219612.8,455.8,1662.6,1434.2,15.93,89.91,0.01,191.97,0.0,0.0,0.0,0.0,269079.1,-262441.0,603319.0,0.4405,0.111,1566.8,-0.0661,-44.63864,1.0,0,-1.0,-1.0,-1.0,-1.0,-1.0,0.0,0.0,0.0,0.0
1791655837.72,3220354.7,1260.8,219631.0,219631.0,455.7,1662.5,1434.2,15.92,89.91,0.01,191.97,0.0,0.0,0.0,0.0,269079.1,-262441.0,603319.0,0.4405,0.111,1566.8,-0.06609,-44.63483,1.0,0,-1.0,-1.0,-1.0,-1.0,-1.0,0.0,0.0,0.0,0.0
1791655838.22,3220354.7,1261.3,219631.0,219631.0,455.7,1662.5,1434.2,15.92,89.91,0.01,191.97,0.0,0.0,0.0,0.0,269079.1,-262441.0,603319.0,0.4405,0.111,1566.8,-0.06609,-44.63483,1.0,0,-1.0,-1.0,-1.0,-1.0,-1.0,0.0,0.0,0.0,0.0
1791655838.73,3220354.7,1261.8,219649.3,219649.3,455.7,1662.4,1434.1,15.92,89.91,0.01,191.96,0.0,0.0,0.0,0.0,269079.1,-262441.0,603319.0,0.4405,0.111,1566.8,-0.06608,-44.63103,1.0,0,-1.0,-1.0,-1.0,-1.0,-1.0,0.0,0.0,0.0,0.0
1791655839.23,3220354.7,1262.3,219649.3,219649.3,455.7,1662.4,1434.1,15.92,89.91,0.01,191.96,0.0,0.0,0.0,0.0,269079.1,-262441.0,603319.0,0.4405,0.111,1566.8,-0.06608,-44.63103,1.0,0,-1.0,-1.0,-1.0,-1.0,-1.0,0.0,0.0,0.0,0.0
1791655839.73,3220354.7,1262.8,219667.5,219667.5,455.6,1662.4,1434.0,15.92,89.91,0.01,191.96,0.0,0.0,0.0,0.0,269079.1,-262441.0,603319.0,0.4405,0.111,1566.8,-0.06608,-44.62723,1.0,0,-1.0,-1.0,-1.0,-1.0,-1.0,0.0,0.0,0.0,0.0
1791655840.23,3220354.7,1263.3,219667.5,219667.5,455.6,1662.4,1434.0,15.92,89.91,0.01,191.96,0.0,0.0,0.0,0.0,269079.1,-262441.0,603319.0,0.4405,0.111,1566.8,-0.06608,-44.62723,1.0,0,-1.0,-1.0,-1.0,-1.0,-1.0,0.0,0.0,0.0,0.0
1791655840.73,3220354.8,1263.8,219685.7,219685.7,455.5,1662.3,1434.0,15.92,89.91,0.01,191.95,0.0,0.0,0.0,0.0,269079.1,-262441.0,603319.0,0.4405,0.111,1566.8,-0.06607,-44.62343,1.0,0,-1.0,-1.0,-1.0,-1.0,-1.0,0.0,0.0,0.0,0.0
1791655841.23,3220354.8,1264.3,219685.7,219685.7,455.5,1662.3,1434.0,15.92,89.91,0.01,191.95,0.0,0.0,0.0,0.0,269079.1,-262441.0,603319.0,0.4405,0.111,1566.8,-0.06607,-44.62343,1.0,0,-1.0,-1.0,-1.0,-1.0,-1.0,0.0,0.0,0.0,0.0
1791655841.73,3220354.8,1264.8,219703.9,219703.9,455.4,1662.3,1433.9,15.91,89.91,0.01,191.95,0.0,0.0,0.0,0.0,269079.1,-262441.0,603319.0,0.4405,0.111,1566.8,-0.06606,-44.61963,1.0,0,-1.0,-1.0,-1.0,-1.0,-1.0,0.0,0.0,0.0,0.0
1791655842.24,3220354.8,1265.3,219703.9,219703.9,455.4,1662.3,1433.9,15.91,89.91,0.01,191.95,0.0,0.0,0.0,0.0,269079.1,-262441.0,603319.0,0.4405,0.111,1566.8,-0.06606,-44.61963,1.0,0,-1.0,-1.0,-1.0,-1.0,-1.0,0.0,0.0,0.0,0.0
1791655842.74,3220354.9,1265.8,219722.1,219722.1,455.3,1662.2,1433.8,15.91,89.91,0.01,191.94,0.0,0.0,0.0,0.0,269079.1,-262441.0,603319.0,0.4405,0.111,1566.8,-0.06606,-44.61583,1.0,0,-1.0,-1.0,-1.0,-1.0,-1.0,0.0,0.0,0.0,0.0
1791655843.24,3220354.9,1266.3,219722.1,219722.1,455.3,1662.2,1433.8,15.91,89.91,0.01,191.94,0.0,0.0,0.0,0.0,269079.1,-262441.0,603319.0,0.4405,0.111,1566.8,-0.06606,-44.61583,1.0,0,-1.0,-1.0,-1.0,-1.0,-1.0,0.0,0.0,0.0,0.0
1791655843.74,3220354.9,1266.8,219740.4,219740.4,455.2,1662.2,1433.8,15.91,89.92,0.01,191.94,0.0,0.0,0.0,0.0,269079.1,-262441.0,603319.0,0.4405,0.111,1566.8,-0.06605,-44.61202,1.0,0,-1.0,-1.0,-1.0,-1.0,-1.0,0.0,0.0,0.0,0.0
1791655844.24,3220354.9,1267.3,219740.4,219740.4,455.2,1662.2,1433.8,15.91,89.92,0.01,191.94,0.0,0.0,0.0,0.0,269079.1,-262441.0,603319.0,0.4405,0.111,1566.8,-0.06605,-44.61202,1.0,0,-1.0,-1.0,-1.0,-1.0,-1.0,0.0,0.0,0.0,0.0
1791655844.74,3220354.9,1267.8,219758.6,219758.6,455.1,1662.1,1433.7,15.9,89.92,0.01,191.93,0.0,0.0,0.0,0.0,269079.1,-262441.0,603319.0,0.4405,0.111,1566.8,-0.06604,-44.60822,1.0,0,-1.0,-1.0,-1.0,-1.0,-1.0,0.0,0.0,0.0,0.0
1791655845.25,3220354.9,1268.3,219758.6,219758.6,455.1,1662.1,1433.7,15.9,89.92,0.01,191.93,0.0,0.0,0.0,0.0,269079.1,-262441.0,603319.0,0.4405,0.111,1566.8,-0.06604,-44.60822,1.0,0,-1.0,-1.0,-1.0,-1.0,-1.0,0.0,0.0,0.0,0.0
1791655845.75,3220355.0,1268.8,219776.8,219776.8,455.1,1662.0,1433.6,15.9,89.92,0.01,191.93,0.0,0.0,0.0,0.0,269079.1,-262441.0,603319.0,0.4405,0.111,1566.8,-0.06604,-44.60442,1.0,0,-1.0,-1.0,-1.0,-1.0,-1.0,0.0,0.0,0.0,0.0
1791655846.25,3220355.0,1269.3,219776.8,219776.8,455.1,1662.0,1433.6,15.9,89.92,0.01,191.93,0.0,0.0,0.0,0.0,269079.1,-262441.0,603319.0,0.4405,0.111,1566.8,-0.06604,-44.60442,1.0,0,-1.0,-1.0,-1.0,-1.0,-1.0,0.0,0.0,0.0,0.0
1791655846.75,3220355.0,1269.8,219795.0,219795.0,455.0,1662.0,1433.6,15.9,89.92,0.01,191.93,0.0,0.0,0.0,0.0,269079.1,-262441.0,603319.0,0.4405,0.111,1566.8,-0.06603,-44.60062,1.0,0,-1.0,-1.0,-1.0,-1.0,-1.0,0.0,0.0,0.0,0.0
1791655847.25,3220355.0,1270.3,219795.0,219795.0,455.0,1662.0,1433.6,15.9,89.92,0.01,191.93,0.0,0.0,0.0,0.0,269079.1,-262441.0,603319.0,0.4405,0.111,1566.8,-0.06603,-44.60062,1.0,0,-1.0,-1.0,-1.0,-1.0,-1.0,0.0,0.0,0.0,0.0
1791655847.75,3220355.1,1270.8,219813.2,219813.2,454.9,1661.9,1433.5,15.9,89.92,0.01,191.92,0.0,0.0,0.0,0.0,269079.1,-262441.0,603319.0,0.4405,0.111,1566.8,-0.06602,-44.59682,1.0,0,-1.0,-1.0,-1.0,-1.0,-1.0,0.0,0.0,0.0,0.0
1791655848.25,3220355.1,1271.3,219813.2,219813.2,454.9,1661.9,1433.5,15.9,89.92,0.01,191.92,0.0,0.0,0.0,0.0,269079.1,-262441.0,603319.0,0.4405,0.111,1566.8,-0.06602,-44.59682,1.0,0,-1.0,-1.0,-1.0,-1.0,-1.0,0.0,0.0,0.0,0.0
1791655848.76,3220355.1,1271.8,219831.4,219831.4,454.8,1661.9,1433.5,15.89,89.92,0.01,191.92,0.0,0.0,0.0,0.0,269079.1,-262441.0,603319.0,0.4405,0.111,1566.8,-0.06601,-44.59302,1.0,0,-1.0,-1.0,-1.0,-1.0,-1.0,0.0,0.0,0.0,0.0
1791655849.26,3220355.1,1272.3,219831.4,219831.4,454.8,1661.9,1433.5,15.89,89.92,0.01,191.92,0.0,0.0,0.0,0.0,269079.1,-262441.0,603319.0,0.4405,0.111,1566.8,-0.06601,-44.59302,1.0,0,-1.0,-1.0,-1.0,-1.0,-1.0,0.0,0.0,0.0,0.0
1791655849.76,3220355.1,1272.8,219849.5,219849.5,454.7,1661.8,1433.4,15.89,89.92,0.01,191.91,0.0,0.0,0.0,0.0,269079.1,-262441.0,603319.0,0.4405,0.111,1566.8,-0.06601,-44.58922,1.0,0,-1.0,-1.0,-1.0,-1.0,-1.0,0.0,0.0,0.0,0.0
1791655850.26,3220355.1,1273.3,219849.5,219849.5,454.7,1661.8,1433.4,15.89,89.92,0.01,191.91,0.0,0.0,0.0,0.0,269079.1,-262441.0,603319.0,0.4405,0.111,1566.8,-0.06601,-44.58922,1.0,0,-1.0,-1.0,-1.0,-1.0,-1.0,0.0,0.0,0.0,0.0
1791655850.76,3220355.2,1273.8,219867.7,219867.7,454.6,1661.8,1433.3,15.89,89.92,0.0,191.91,0.0,0.0,0.0,0.0,269079.1,-262441.0,603319.0,0.4405,0.111,1566.8,-0.066,-44.58542,1.0,0,-1.0,-1.0,-1.0,-1.0,-1.0,0.0,0.0,0.0,0.0
1791655851.26,3220355.2,1274.3,219867.7,219867.7,454.6,1661.8,1433.3,15.89,89.92,0.0,191.91,0.0,0.0,0.0,0.0,269079.1,-262441.0,603319.0,0.4405,0.111,1566.8,-0.066,-44.58542,1.0,0,-1.0,-1.0,-1.0,-1.0,-1.0,0.0,0.0,0.0,0.0
1791655851.77,3220355.2,1274.8,219885.9,219885.9,454.6,1661.7,1433.3,15.88,89.92,0.0,191.9,0.0,0.0,0.0,0.0,269079.1,-262441.0,603319.0,0.4405,0.111,1566.8,-0.06599,-44.58162,1.0,0,-1.0,-1.0,-1.0,-1.0,-1.0,0.0,0.0,0.0,0.0
1791655852.27,3220355.2,1275.3,219885.9,219885.9,454.6,1661.7,1433.3,15.88,89.92,0.0,191.9,0.0,0.0,0.0,0.0,269079.1,-262441.0,603319.0,0.4405,0.111,1566.8,-0.06599,-44.58162,1.0,0,-1.0,-1.0,-1.0,-1.0,-1.0,0.0,0.0,0.0,0.0
1791655852.77,3220355.3,1275.8,219904.1,219904.1,454.5,1661.6,1433.2,15.88,89.92,0.0,191.9,0.0,0.0,0.0,0.0,269079.1,-262441.0,603319.0,0.4405,0.111,1566.8,-0.06599,-44.57782,1.0,0,-1.0,-1.0,-1.0,-1.0,-1.0,0.0,0.0,0.0,0.0
1791655853.27,3220355.3,1276.3,219904.1,219904.1,454.5,1661.6,1433.2,15.88,89.92,0.0,191.9,0.0,0.0,0.0,0.0,269079.1,-262441.0,603319.0,0.4405,0.111,1566.8,-0.06599,-44.57782,1.0,0,-1.0,-1.0,-1.0,-1.0,-1.0,0.0,0.0,0.0,0.0
1791655853.77,3220355.3,1276.8,219922.3,219922.3,454.4,1661.6,1433.1,15.88,89.92,0.0,191.89,0.0,0.0,0.0,0.0,269079.1,-262441.0,603319.0,0.4405,0.111,1566.8,-0.06598,-44.57402,1.0,0,-1.0,-1.0,-1.0,-1.0,-1.0,0.0,0.0,0.0,0.0
1791655854.27,3220355.3,1277.3,219922.3,219922.3,454.4,1661.6,1433.1,15.88,89.92,0.0,191.89,0.0,0.0,0.0,0.0,269079.1,-262441.0,603319.0,0.4405,0.111,1566.8,-0.06598,-44.57402,1.0,0,-1.0,-1.0,-1.0,-1.0,-1.0,0.0,0.0,0.0,0.0
1791655854.77,3220355.3,1277.8,219940.4,219940.5,454.3,1661.5,1433.1,15.88,89.92,0.0,191.89,0.0,0.0,0.0,0.0,269079.1,-262441.0,603319.0,0.4405,0.111,1566.8,-0.06597,-44.57022,1.0,0,-1.0,-1.0,-1.0,-1.0,-1.0,0.0,0.0,0.0,0.0
1791655855.28,3220355.3,1278.3,219940.4,219940.5,454.3,1661.5,1433.1,15.88,89.92,0.0,191.89,0.0,0.0,0.0,0.0,269079.1,-262441.0,603319.0,0.4405,0.111,1566.8,-0.06597,-44.57022,1.0,0,-1.0,-1.0,-1.0,-1.0,-1.0,0.0,0.0,0.0,0.0
1791655855.78,3220355.4,1278.8,219958.6,219958.6,454.2,1661.5,1433.0,15.87,89.92,0.0,191.89,0.0,0.0,0.0,0.0,269079.1,-262441.0,603319.0,0.4405,0.111,1566.8,-0.06597,-44.56643,1.0,0,-1.0,-1.0,-1.0,-1.0,-1.0,0.0,0.0,0.0,0.0
1791655856.28,3220355.4,1279.3,219958.6,219958.6,454.2,1661.5,1433.0,15.87,89.92,0.0,191.89,0.0,0.0,0.0,0.0,269079.1,-262441.0,603319.0,0.4405,0.111,1566.8,-0.06597,-44.56643,1.0,0,-1.0,-1.0,-1.0,-1.0,-1.0,0.0,0.0,0.0,0.0
1791655856.78,3220355.4,1279.8,219976.8,219976.8,454.1,1661.4,1432.9,15.87,89.92,0.0,191.88,0.0,0.0,0.0,0.0,269079.1,-262441.0,603319.0,0.4405,0.111,1566.8,-0.06596,-44.56263,1.0,0,-1.0,-1.0,-1.0,-1.0,-1.0,0.0,0.0,0.0,0.0
1791655857.28,3220355.4,1280.3,219976.8,219976.8,454.1,1661.4,1432.9,15.87,89.92,0.0,191.88,0.0,0.0,0.0,0.0,269079.1,-262441.0,603319.0,0.4405,0.111,1566.8,-0.06596,-44.56263,1.0,0,-1.0,-1.0,-1.0,-1.0,-1.0,0.0,0.0,0.0,0.0
1791655857.78,3220355.5,1280.8,219994.9,219995.0,454.0,1661.4,1432.9,15.87,89.92,0.0,191.88,0.0,0.0,0.0,0.0,269079.1,-262441.0,603319.0,0.4405,0.111,1566.8,-0.06595,-44.55883,1.0,0,-1.0,-1.0,-1.0,-1.0,-1.0,0.0,0.0,0.0,0.0
1791655858.29,3220355.5,1281.3,219994.9,219995.0,454.0,1661.4,1432.9,15.87,89.92,0.0,191.88,0.0,0.0,0.0,0.0,269079.1,-262441.0,603319.0,0.4405,0.111,1566.8,-0.06595,-44.55883,1.0,0,-1.0,-1.0,-1.0,-1.0,-1.0,0.0,0.0,0.0,0.0
1791655858.79,3220355.5,1281.8,220013.1,220013.1,454.0,1661.3,1432.8,15.87,89.92,0.0,191.87,0.0,0.0,0.0,0.0,269079.1,-262441.0,603319.0,0.4405,0.111,1566.8,-0.06595,-44.55503,1.0,0,-1.0,-1.0,-1.0,-1.0,-1.0,0.0,0.0,0.0,0.0
1791655859.29,3220355.5,1282.3,220013.1,220013.1,454.0,1661.3,1432.8,15.87,89.92,0.0,191.87,0.0,0.0,0.0,0.0,269079.1,-262441.0,603319.0,0.4405,0.111,1566.8,-0.06595,-44.55503,1.0,0,-1.0,-1.0,-1.0,-1.0,-1.0,0.0,0.0,0.0,0.0
1791655859.79,3220355.5,1282.8,220031.3,220031.3,453.9,1661.2,1432.7,15.86,89.92,0.0,191.87,0.0,0.0,0.0,0.0,269079.1,-262441.0,603319.0,0.4405,0.111,1566.8,-0.06594,-44.55123,1.0,0,-1.0,-1.0,-1.0,-1.0,-1.0,0.0,0.0,0.0,0.0
1791655860.29,3220355.5,1283.3,220031.3,220031.3,453.9,1661.2,1432.7,15.86,89.92,0.0,191.87,0.0,0.0,0.0,0.0,269079.1,-262441.0,603319.0,0.4405,0.111,1566.8,-0.06594,-44.55123,1.0,0,-1.0,-1.0,-1.0,-1.0,-1.0,0.0,0.0,0.0,0.0
1791655860.79,3220355.6,1283.8,220049.4,220049.4,453.8,1661.2,1432.7,15.86,89.92,0.0,191.86,0.0,0.0,0.0,0.0,269079.1,-262441.0,603319.0,0.4405,0.111,1566.8,-0.06593,-44.54743,1.0,0,-1.0,-1.0,-1.0,-1.0,-1.0,0.0,0.0,0.0,0.0
1791655861.3,3220355.6,1284.3,220049.4,220049.4,453.8,1661.2,1432.7,15.86,89.92,0.0,191.86,0.0,0.0,0.0,0.0,269079.1,-262441.0,603319.0,0.4405,0.111,1566.8,-0.06593,-44.54743,1.0,0,-1.0,-1.0,-1.0,-1.0,-1.0,0.0,0.0,0.0,0.0
1791655861.8,3220355.6,1284.8,220067.6,220067.6,453.7,1661.1,1432.6,15.86,89.92,0.0,191.86,0.0,0.0,0.0,0.0,269079.1,-262441.0,603319.0,0.4405,0.111,1566.8,-0.06592,-44.54364,1.0,0,-1.0,-1.0,-1.0,-1.0,-1.0,0.0,0.0,0.0,0.0
1791655862.3,3220355.6,1285.3,220067.6,220067.6,453.7,1661.1,1432.6,15.86,89.92,0.0,191.86,0.0,0.0,0.0,0.0,269079.1,-262441.0,603319.0,0.4405,0.111,1566.8,-0.06592,-44.54364,1.0,0,-1.0,-1.0,-1.0,-1.0,-1.0,0.0,0.0,0.0,0.0
1791655862.8,3220355.7,1285.8,220085.7,220085.7,453.6,1661.1,1432.5,15.85,89.92,0.0,191.85,0.0,0.0,0.0,0.0,269079.1,-262441.0,603319.0,0.4405,0.111,1566.8,-0.06592,-44.53984,1.0,0,-1.0,-1.0,-1.0,-1.0,-1.0,0.0,0.0,0.0,0.0
1791655863.3,3220355.7,1286.3,220085.7,220085.7,453.6,1661.1,1432.5,15.85,89.92,0.0,191.85,0.0,0.0,0.0,0.0,269079.1,-262441.0,603319.0,0.4405,0.111,1566.8,-0.06592,-44.53984,1.0,0,-1.0,-1.0,-1.0,-1.0,-1.0,0.0,0.0,0.0,0.0
1791655863.8,3220355.7,1286.8,220103.9,220103.9,453.5,1661.0,1432.5,15.85,89.92,0.0,191.85,0.0,0.0,0.0,0.0,269079.1,-262441.0,603319.0,0.4405,0.111,1566.8,-0.06591,-44.53604,1.0,0,-1.0,-1.0,-1.0,-1.0,-1.0,0.0,0.0,0.0,0.0
1791655864.31,3220355.7,1287.3,220103.9,220103.9,453.5,1661.0,1432.5,15.85,89.92,0.0,191.85,0.0,0.0,0.0,0.0,269079.1,-262441.0,603319.0,0.4405,0.111,1566.8,-0.06591,-44.53604,1.0,0,-1.0,-1.0,-1.0,-1.0,-1.0,0.0,0.0,0.0,0.0
1791655864.81,3220355.7,1287.8,220122.0,220122.0,453.4,1661.0,1432.4,15.85,89.92,0.0,191.85,0.0,0.0,0.0,0.0,269079.1,-262441.0,603319.0,0.4405,0.111,1566.8,-0.0659,-44.53224,1.0,0,-1.0,-1.0,-1.0,-1.0,-1.0,0.0,0.0,0.0,0.0
1791655865.31,3220355.7,1288.3,220122.0,220122.0,453.4,1661.0,1432.4,15.85,89.92,0.0,191.85,0.0,0.0,0.0,0.0,269079.1,-262441.0,603319.0,0.4405,0.111,1566.8,-0.0659,-44.53224,1.0,0,-1.0,-1.0,-1.0,-1.0,-1.0,0.0,0.0,0.0,0.0
1791655865.81,3220355.8,1288.8,220140.1,220140.1,453.4,1660.9,1432.3,15.85,89.92,0.0,191.84,0.0,0.0,0.0,0.0,269079.1,-262441.0,603319.0,0.4405,0.111,1566.8,-0.0659,-44.52845,1.0,0,-1.0,-1.0,-1.0,-1.0,-1.0,0.0,0.0,0.0,0.0
1791655866.31,3220355.8,1289.3,220140.1,220140.1,453.4,1660.9,1432.3,15.85,89.92,0.0,191.84,0.0,0.0,0.0,0.0,269079.1,-262441.0,603319.0,0.4405,0.111,1566.8,-0.0659,-44.52845,1.0,0,-1.0,-1.0,-1.0,-1.0,-1.0,0.0,0.0,0.0,0.0
1791655866.81,3220355.8,1289.8,220158.3,220158.3,453.3,1660.8,1432.3,15.84,89.92,0.0,191.84,0.0,0.0,0.0,0.0,269079.1,-262441.0,603319.0,0.4405,0.111,1566.8,-0.06589,-44.52465,1.0,0,-1.0,-1.0,-1.0,-1.0,-1.0,0.0,0.0,0.0,0.0
1791655867.31,3220355.8,1290.3,220158.3,220158.3,453.3,1660.8,1432.3,15.84,89.92,0.0,191.84,0.0,0.0,0.0,0.0,269079.1,-262441.0,603319.0,0.4405,0.111,1566.8,-0.06589,-44.52465,1.0,0,-1.0,-1.0,-1.0,-1.0,-1.0,0.0,0.0,0.0,0.0
1791655867.82,3220355.9,1290.9,220176.4,220176.4,453.2,1660.8,1432.2,15.84,89.92,0.0,191.83,0.0,0.0,0.0,0.0,269079.1,-262441.0,603319.0,0.4405,0.111,1566.8,-0.06588,-44.52085,1.0,0,-1.0,-1.0,-1.0,-1.0,-1.0,0.0,0.0,0.0,0.0
1791655868.32,3220355.9,1291.4,220176.4,220176.4,453.2,1660.8,1432.2,15.84,89.92,0.0,191.83,0.0,0.0,0.0,0.0,269079.1,-262441.0,603319.0,0.4405,0.111,1566.8,-0.06588,-44.52085,1.0,0,-1.0,-1.0,-1.0,-1.0,-1.0,0.0,0.0,0.0,0.0
1791655868.82,3220355.9,1291.9,220194.5,220194.5,453.1,1660.7,1432.1,15.84,89.92,0.0,191.83,0.0,0.0,0.0,0.0,269079.1,-262441.0,603319.0,0.4405,0.111,1566.8,-0.06588,-44.51706,1.0,0,-1.0,-1.0,-1.0,-1.0,-1.0,0.0,0.0,0.0,0.0
1791655869.32,3220355.9,1292.4,220194.5,220194.5,453.1,1660.7,1432.1,15.84,89.92,0.0,191.83,0.0,0.0,0.0,0.0,269079.1,-262441.0,603319.0,0.4405,0.111,1566.8,-0.06588,-44.51706,1.0,0,-1.0,-1.0,-1.0,-1.0,-1.0,0.0,0.0,0.0,0.0
1791655869.82,3220355.9,1292.9,220212.6,220212.6,453.0,1660.7,1432.1,15.83,89.92,0.0,191.82,0.0,0.0,0.0,0.0,269079.1,-262441.0,603319.0,0.4405,0.111,1566.8,-0.06587,-44.51326,1.0,0,-1.0,-1.0,-1.0,-1.0,-1.0,0.0,0.0,0.0,0.0
1791655870.32,3220355.9,1293.4,220212.6,220212.6,453.0,1660.7,1432.1,15.83,89.92,0.0,191.82,0.0,0.0,0.0,0.0,269079.1,-262441.0,603319.0,0.4405,0.111,1566.8,-0.06587,-44.51326,1.0,0,-1.0,-1.0,-1.0,-1.0,-1.0,0.0,0.0,0.0,0.0
1791655870.83,3220356.0,1293.9,220230.8,220230.8,452.9,1660.6,1432.0,15.83,89.92,0.0,191.82,0.0,0.0,0.0,0.0,269079.1,-262441.0,603319.0,0.4405,0.111,1566.8,-0.06586,-44.50947,1.0,0,-1.0,-1.0,-1.0,-1.0,-1.0,0.0,0.0,0.0,0.0
1791655871.33,3220356.0,1294.4,220230.8,220230.8,452.9,1660.6,1432.0,15.83,89.92,0.0,191.82,0.0,0.0,0.0,0.0,269079.1,-262441.0,603319.0,0.4405,0.111,1566.8,-0.06586,-44.50947,1.0,0,-1.0,-1.0,-1.0,-1.0,-1.0,0.0,0.0,0.0,0.0
1791655871.83,3220356.0,1294.9,220248.9,220248.9,452.8,1660.5,1431.9,15.83,89.92,0.0,191.81,0.0,0.0,0.0,0.0,269079.1,-262441.0,603319.0,0.4405,0.111,1566.8,-0.06585,-44.50567,1.0,0,-1.0,-1.0,-1.0,-1.0,-1.0,0.0,0.0,0.0,0.0
1791655872.33,3220356.0,1295.4,220248.9,220248.9,452.8,1660.5,1431.9,15.83,89.92,0.0,191.81,0.0,0.0,0.0,0.0,269079.1,-262441.0,603319.0,0.4405,0.111,1566.8,-0.06585,-44.50567,1.0,0,-1.0,-1.0,-1.0,-1.0,-1.0,0.0,0.0,0.0,0.0
1791655872.83,3220356.1,1295.9,220267.0,220267.0,452.8,1660.5,1431.9,15.83,89.92,0.0,191.81,0.0,0.0,0.0,0.0,269079.1,-262441.0,603319.0,0.4405,0.111,1566.8,-0.06585,-44.50187,1.0,0,-1.0,-1.0,-1.0,-1.0,-1.0,0.0,0.0,0.0,0.0
1791655873.33,3220356.1,1296.4,220267.0,220267.0,452.8,1660.5,1431.9,15.83,89.92,0.0,191.81,0.0,0.0,0.0,0.0,269079.1,-262441.0,603319.0,0.4405,0.111,1566.8,-0.06585,-44.50187,1.0,0,-1.0,-1.0,-1.0,-1.0,-1.0,0.0,0.0,0.0,0.0
1791655873.83,3220356.1,1296.9,220285.1,220285.1,452.7,1660.4,1431.8,15.82,89.92,-0.0,191.81,0.0,0.0,0.0,0.0,269079.1,-262441.0,603319.0,0.4405,0.111,1566.8,-0.06584,-44.49808,1.0,0,-1.0,-1.0,-1.0,-1.0,-1.0,0.0,0.0,0.0,0.0
1791655874.34,3220356.1,1297.4,220285.1,220285.1,452.7,1660.4,1431.8,15.82,89.92,-0.0,191.81,0.0,0.0,0.0,0.0,269079.1,-262441.0,603319.0,0.4405,0.111,1566.8,-0.06584,-44.49808,1.0,0,-1.0,-1.0,-1.0,-1.0,-1.0,0.0,0.0,0.0,0.0
1791655874.84,3220356.1,1297.9,220303.2,220303.2,452.6,1660.4,1431.7,15.82,89.92,-0.0,191.8,0.0,0.0,0.0,0.0,269079.1,-262441.0,603319.0,0.4405,0.111,1566.8,-0.06583,-44.49428,1.0,0,-1.0,-1.0,-1.0,-1.0,-1.0,0.0,0.0,0.0,0.0
1791655875.34,3220356.1,1298.4,220303.2,220303.2,452.6,1660.4,1431.7,15.82,89.92,-0.0,191.8,0.0,0.0,0.0,0.0,269079.1,-262441.0,603319.0,0.4405,0.111,1566.8,-0.06583,-44.49428,1.0,0,-1.0,-1.0,-1.0,-1.0,-1.0,0.0,0.0,0.0,0.0
1791655875.84,3220356.2,1298.9,220321.3,220321.3,452.5,1660.3,1431.7,15.82,89.92,-0.0,191.8,0.0,0.0,0.0,0.0,269079.1,-262441.0,603319.0,0.4405,0.111,1566.8,-0.06583,-44.49049,1.0,0,-1.0,-1.0,-1.0,-1.0,-1.0,0.0,0.0,0.0,0.0
1791655876.35,3220356.2,1299.4,220321.3,220321.3,452.5,1660.3,1431.7,15.82,89.92,-0.0,191.8,0.0,0.0,0.0,0.0,269079.1,-262441.0,603319.0,0.4405,0.111,1566.8,-0.06583,-44.49049,1.0,0,-1.0,-1.0,-1.0,-1.0,-1.0,0.0,0.0,0.0,0.0
1791655876.85,3220356.2,1299.9,220339.4,220339.4,452.4,1660.3,1431.6,15.81,89.92,-0.0,191.79,0.0,0.0,0.0,0.0,269079.1,-262441.0,603319.0,0.4405,0.111,1566.8,-0.06582,-44.48669,1.0,0,-1.0,-1.0,-1.0,-1.0,-1.0,0.0,0.0,0.0,0.0
1791655877.35,3220356.2,1300.4,220339.4,220339.4,452.4,1660.3,1431.6,15.81,89.92,-0.0,191.79,0.0,0.0,0.0,0.0,269079.1,-262441.0,603319.0,0.4405,0.111,1566.8,-0.06582,-44.48669,1.0,0,-1.0,-1.0,-1.0,-1.0,-1.0,0.0,0.0,0.0,0.0
1791655877.85,3220356.3,1300.9,220357.5,220357.5,452.3,1660.2,1431.5,15.81,89.92,-0.0,191.79,0.0,0.0,0.0,0.0,269079.1,-262441.0,603319.0,0.4405,0.111,1566.8,-0.06581,-44.4829,1.0,0,-1.0,-1.0,-1.0,-1.0,-1.0,0.0,0.0,0.0,0.0
1791655878.36,3220356.3,1301.4,220357.5,220357.5,452.3,1660.2,1431.5,15.81,89.92,-0.0,191.79,0.0,0.0,0.0,0.0,269079.1,-262441.0,603319.0,0.4405,0.111,1566.8,-0.06581,-44.4829,1.0,0,-1.0,-1.0,-1.0,-1.0,-1.0,0.0,0.0,0.0,0.0
1791655878.86,3220356.3,1301.9,220375.6,220375.6,452.2,1660.1,1431.5,15.81,89.92,-0.0,191.78,0.0,0.0,0.0,0.0,269079.1,-262441.0,603319.0,0.4405,0.111,1566.8,-0.06581,-44.47911,1.0,0,-1.0,-1.0,-1.0,-1.0,-1.0,0.0,0.0,0.0,0.0
1791655879.36,3220356.3,1302.4,220375.6,220375.6,452.2,1660.1,1431.5,15.81,89.92,-0.0,191.78,0.0,0.0,0.0,0.0,269079.1,-262441.0,603319.0,0.4405,0.111,1566.8,-0.06581,-44.47911,1.0,0,-1.0,-1.0,-1.0,-1.0,-1.0,0.0,0.0,0.0,0.0
1791655879.86,3220356.3,1302.9,220393.7,220393.7,452.2,1660.1,1431.4,15.81,89.92,-0.0,191.78,0.0,0.0,0.0,0.0,269079.1,-262441.0,603319.0,0.4405,0.111,1566.8,-0.0658,-44.47531,1.0,0,-1.0,-1.0,-1.0,-1.0,-1.0,0.0,0.0,0.0,0.0
1791655880.36,3220356.3,1303.4,220393.7,220393.7,452.2,1660.1,1431.4,15.81,89.92,-0.0,191.78,0.0,0.0,0.0,0.0,269079.1,-262441.0,603319.0,0.4405,0.111,1566.8,-0.0658,-44.47531,1.0,0,-1.0,-1.0,-1.0,-1.0,-1.0,0.0,0.0,0.0,0.0
1791655880.86,3220356.4,1303.9,220411.8,220411.8,452.1,1660.0,1431.4,15.8,89.92,-0.0,191.77,0.0,0.0,0.0,0.0,269079.1,-262441.0,603319.0,0.4405,0.111,1566.8,-0.06579,-44.47152,1.0,0,-1.0,-1.0,-1.0,-1.0,-1.0,0.0,0.0,0.0,0.0
1791655881.36,3220356.4,1304.4,220411.8,220411.8,452.1,1660.0,1431.4,15.8,89.92,-0.0,191.77,0.0,0.0,0.0,0.0,269079.1,-262441.0,603319.0,0.4405,0.111,1566.8,-0.06579,-44.47152,1.0,0,-1.0,-1.0,-1.0,-1.0,-1.0,0.0,0.0,0.0,0.0
1791655881.87,3220356.4,1304.9,220429.8,220429.8,452.0,1660.0,1431.3,15.8,89.92,-0.0,191.77,0.0,0.0,0.0,0.0,269079.1,-262441.0,603319.0,0.4405,0.111,1566.8,-0.06578,-44.46772,1.0,0,-1.0,-1.0,-1.0,-1.0,-1.0,0.0,0.0,0.0,0.0
1791655882.37,3220356.4,1305.4,220429.8,220429.8,452.0,1660.0,1431.3,15.8,89.92,-0.0,191.77,0.0,0.0,0.0,0.0,269079.1,-262441.0,603319.0,0.4405,0.111,1566.8,-0.06578,-44.46772,1.0,0,-1.0,-1.0,-1.0,-1.0,-1.0,0.0,0.0,0.0,0.0
1791655882.87,3220356.5,1305.9,220447.9,220447.9,451.9,1659.9,1431.2,15.8,89.92,-0.0,191.76,0.0,0.0,0.0,0.0,269079.1,-262441.0,603319.0,0.4405,0.111,1566.8,-0.06578,-44.46393,1.0,0,-1.0,-1.0,-1.0,-1.0,-1.0,0.0,0.0,0.0,0.0
1791655883.37,3220356.5,1306.4,220447.9,220447.9,451.9,1659.9,1431.2,15.8,89.92,-0.0,191.76,0.0,0.0,0.0,0.0,269079.1,-262441.0,603319.0,0.4405,0.111,1566.8,-0.06578,-44.46393,1.0,0,-1.0,-1.0,-1.0,-1.0,-1.0,0.0,0.0,0.0,0.0
1791655883.87,3220356.5,1306.9,220466.0,220466.0,451.8,1659.9,1431.2,15.79,89.92,-0.0,191.76,0.0,0.0,0.0,0.0,269079.1,-262441.0,603319.0,0.4405,0.111,1566.8,-0.06577,-44.46014,1.0,0,-1.0,-1.0,-1.0,-1.0,-1.0,0.0,0.0,0.0,0.0
1791655884.38,3220356.8,1307.4,220592.4,220592.4,451.2,1659.5,1430.7,15.78,89.92,-0.0,191.73,0.0,0.0,0.0,0.0,269079.1,-262441.0,603319.0,0.4405,0.111,1566.8,-0.06572,-44.43359,1.0,0,-1.0,-1.0,-1.0,-1.0,-1.0,0.0,0.0,0.0,0.0
1791655884.88,3220357.3,1307.9,220817.8,220817.8,450.1,1658.8,1429.9,15.74,89.92,-0.01,191.67,0.0,0.0,0.0,0.0,269079.1,-262441.0,603319.0,0.4405,0.111,1566.8,-0.06563,-44.38621,1.0,0,-1.0,-1.0,-1.0,-1.0,-1.0,0.0,0.0,0.0,0.0
1791655885.38,3220357.8,1308.4,221042.6,221042.6,449.1,1658.0,1429.1,15.71,89.92,-0.01,191.62,0.0,0.0,0.0,0.0,269079.1,-262441.0,603319.0,0.4405,0.111,1566.8,-0.06555,-44.33885,1.0,0,-1.0,-1.0,-1.0,-1.0,-1.0,0.0,0.0,0.0,0.0
1791655885.88,3220358.3,1308.9,221266.8,221266.8,448.0,1657.3,1428.3,15.68,89.92,-0.01,191.56,0.0,0.0,0.0,0.0,269079.1,-262441.0,603319.0,0.4405,0.111,1566.8,-0.06546,-44.29153,1.0,0,-1.0,-1.0,-1.0,-1.0,-1.0,0.0,0.0,0.0,0.0
1791655886.38,3220358.8,1309.4,221490.6,221490.6,446.9,1656.6,1427.4,15.65,89.91,-0.01,191.51,0.0,0.0,0.0,0.0,269079.1,-262441.0,603319.0,0.4405,0.111,1566.8,-0.06537,-44.24424,1.0,0,-1.0,-1.0,-1.0,-1.0,-1.0,0.0,0.0,0.0,0.0
1791655886.88,3220359.3,1309.9,221713.8,221713.8,445.9,1655.9,1426.6,15.62,89.91,-0.01,191.45,0.0,0.0,0.0,0.0,269079.1,-262441.0,603319.0,0.4405,0.111,1566.8,-0.06529,-44.19698,1.0,0,-1.0,-1.0,-1.0,-1.0,-1.0,0.0,0.0,0.0,0.0
1791655887.39,3220359.8,1310.4,221945.3,221945.3,444.8,1655.2,1425.8,15.59,89.9,-0.0,191.39,0.0,0.0,0.0,0.0,269079.1,-262441.0,603319.0,0.4405,0.111,1566.8,-0.06519,-44.14786,1.0,0,-1.0,-1.0,-1.0,-1.0,-1.0,0.0,0.0,0.0,0.0
1791655887.89,3220360.3,1310.9,222158.6,222158.6,443.7,1654.5,1425.0,15.56,89.9,0.0,191.34,0.0,0.0,0.0,0.0,269079.1,-262441.0,603319.0,0.4405,0.111,1566.8,-0.06511,-44.10255,1.0,0,-1.0,-1.0,-1.0,-1.0,-1.0,0.0,0.0,0.0,0.0
1791655888.39,3220360.8,1311.4,222380.2,222380.2,442.7,1653.8,1424.2,15.54,89.9,0.01,191.28,0.0,0.0,0.0,0.0,269079.1,-262441.0,603319.0,0.4405,0.111,1566.8,-0.06502,-44.05538,1.0,0,-1.0,-1.0,-1.0,-1.0,-1.0,0.0,0.0,0.0,0.0
1791655888.89,3220361.3,1311.9,222610.1,222610.1,441.6,1653.1,1423.4,15.51,89.9,0.01,191.23,0.0,0.0,0.0,0.0,269079.1,-262441.0,603319.0,0.4405,0.111,1566.8,-0.06493,-44.00635,1.0,0,-1.0,-1.0,-1.0,-1.0,-1.0,0.0,0.0,0.0,0.0
1791655889.4,3220361.8,1312.4,222821.8,222821.8,440.5,1652.4,1422.6,15.48,89.9,0.01,191.17,0.0,0.0,0.0,0.0,269079.1,-262441.0,603319.0,0.4405,0.111,1566.8,-0.06485,-43.96112,1.0,0,-1.0,-1.0,-1.0,-1.0,-1.0,0.0,0.0,0.0,0.0
1791655889.9,3220362.2,1312.9,223006.6,223006.6,439.6,1651.8,1422.0,15.45,89.9,0.01,191.13,0.0,0.0,0.0,0.0,269079.1,-262441.0,603319.0,0.4405,0.111,1566.8,-0.06478,-43.92157,1.0,0,-1.0,-1.0,-1.0,-1.0,-1.0,0.0,0.0,0.0,0.0
1791655890.4,3220362.7,1313.4,223226.2,223226.2,438.6,1651.1,1421.2,15.42,89.9,0.01,191.07,0.0,0.0,0.0,0.0,269079.1,-262441.0,603319.0,0.4405,0.111,1566.8,-0.06469,-43.87452,1.0,0,-1.0,-1.0,-1.0,-1.0,-1.0,0.0,0.0,0.0,0.0
1791655890.9,3220363.2,1313.9,223445.2,223445.2,437.5,1650.5,1420.4,15.39,89.91,0.01,191.02,0.0,0.0,0.0,0.0,269079.1,-262441.0,603319.0,0.4405,0.111,1566.8,-0.0646,-43.82749,1.0,0,-1.0,-1.0,-1.0,-1.0,-1.0,0.0,0.0,0.0,0.0
1791655891.4,3220363.7,1314.4,223663.7,223663.7,436.4,1649.8,1419.6,15.36,89.91,0.0,190.96,0.0,0.0,0.0,0.0,269079.1,-262441.0,603319.0,0.4405,0.111,1566.8,-0.06451,-43.78049,1.0,0,-1.0,-1.0,-1.0,-1.0,-1.0,0.0,0.0,0.0,0.0
1791655891.9,3220364.2,1314.9,223881.7,223881.7,435.4,1649.1,1418.8,15.32,89.92,0.0,190.9,0.0,0.0,0.0,0.0,269079.1,-262441.0,603319.0,0.4405,0.111,1566.8,-0.06443,-43.73352,1.0,0,-1.0,-1.0,-1.0,-1.0,-1.0,0.0,0.0,0.0,0.0
1791655892.41,3220364.7,1315.4,224107.8,224107.8,434.3,1648.4,1418.0,15.29,89.92,-0.0,190.85,0.0,0.0,0.0,0.0,269079.1,-262441.0,603319.0,0.4405,0.111,1566.8,-0.06433,-43.68471,1.0,0,-1.0,-1.0,-1.0,-1.0,-1.0,0.0,0.0,0.0,0.0
1791655892.91,3220365.2,1315.9,224324.6,224324.6,433.2,1647.7,1417.2,15.25,89.92,-0.01,190.79,0.0,0.0,0.0,0.0,269079.1,-262441.0,603319.0,0.4405,0.111,1566.8,-0.06425,-43.6378,1.0,0,-1.0,-1.0,-1.0,-1.0,-1.0,0.0,0.0,0.0,0.0
1791655893.41,3220365.7,1316.4,224541.0,224541.0,432.1,1647.0,1416.4,15.21,89.92,-0.01,190.74,0.0,0.0,0.0,0.0,269079.1,-262441.0,603319.0,0.4405,0.111,1566.8,-0.06416,-43.59092,1.0,0,-1.0,-1.0,-1.0,-1.0,-1.0,0.0,0.0,0.0,0.0
1791655893.92,3220366.2,1317.0,224756.8,224756.8,431.1,1646.3,1415.6,15.18,89.92,-0.01,190.68,0.0,0.0,0.0,0.0,269079.1,-262441.0,603319.0,0.4405,0.111,1566.8,-0.06407,-43.54406,1.0,0,-1.0,-1.0,-1.0,-1.0,-1.0,0.0,0.0,0.0,0.0
1791655894.42,3220366.7,1317.5,224972.0,224972.0,430.0,1645.6,1414.9,15.14,89.92,-0.01,190.63,0.0,0.0,0.0,0.0,269079.1,-262441.0,603319.0,0.4405,0.111,1566.8,-0.06398,-43.49724,1.0,0,-1.0,-1.0,-1.0,-1.0,-1.0,0.0,0.0,0.0,0.0
1791655894.92,3220367.2,1318.0,225186.8,225186.8,428.9,1645.0,1414.1,15.11,89.91,-0.01,190.57,0.0,0.0,0.0,0.0,269079.1,-262441.0,603319.0,0.4405,0.111,1566.8,-0.0639,-43.45045,1.0,0,-1.0,-1.0,-1.0,-1.0,-1.0,0.0,0.0,0.0,0.0
1791655895.42,3220367.7,1318.5,225401.0,225401.0,427.9,1644.3,1413.3,15.08,89.91,-0.01,190.52,0.0,0.0,0.0,0.0,269079.1,-262441.0,603319.0,0.4405,0.111,1566.8,-0.06381,-43.40368,1.0,0,-1.0,-1.0,-1.0,-1.0,-1.0,0.0,0.0,0.0,0.0
1791655895.92,3220368.2,1319.0,225614.7,225614.7,426.8,1643.6,1412.5,15.05,89.91,-0.0,190.46,0.0,0.0,0.0,0.0,269079.1,-262441.0,603319.0,0.4405,0.111,1566.8,-0.06372,-43.35695,1.0,0,-1.0,-1.0,-1.0,-1.0,-1.0,0.0,0.0,0.0,0.0
1791655896.42,3220368.7,1319.5,225827.8,225827.8,425.7,1642.9,1411.8,15.02,89.9,0.0,190.41,0.0,0.0,0.0,0.0,269079.1,-262441.0,603319.0,0.4405,0.111,1566.8,-0.06363,-43.31024,1.0,0,-1.0,-1.0,-1.0,-1.0,-1.0,0.0,0.0,0.0,0.0
1791655896.92,3220369.2,1320.0,226040.4,226040.4,424.7,1642.3,1411.0,14.99,89.9,0.01,190.35,0.0,0.0,0.0,0.0,269079.1,-262441.0,603319.0,0.4405,0.111,1566.8,-0.06355,-43.26356,1.0,0,-1.0,-1.0,-1.0,-1.0,-1.0,0.0,0.0,0.0,0.0
1791655897.43,3220369.7,1320.5,226252.5,226252.5,423.6,1641.6,1410.2,14.96,89.9,0.01,190.29,0.0,0.0,0.0,0.0,269079.1,-262441.0,603319.0,0.4405,0.111,1566.8,-0.06346,-43.21691,1.0,0,-1.0,-1.0,-1.0,-1.0,-1.0,0.0,0.0,0.0,0.0
1791655897.93,3220370.2,1321.0,226455.6,226455.6,422.6,1641.0,1409.5,14.93,89.9,0.01,190.24,0.0,0.0,0.0,0.0,269079.1,-262441.0,603319.0,0.4405,0.111,1566.8,-0.06338,-43.17215,1.0,0,-1.0,-1.0,-1.0,-1.0,-1.0,0.0,0.0,0.0,0.0
1791655898.44,3220370.7,1321.5,226658.2,226658.2,421.6,1640.3,1408.8,14.9,89.9,0.01,190.19,0.0,0.0,0.0,0.0,269079.1,-262441.0,603319.0,0.4405,0.111,1566.8,-0.06329,-43.12742,1.0,0,-1.0,-1.0,-1.0,-1.0,-1.0,0.0,0.0,0.0,0.0
1791655898.94,3220370.8,1322.0,226717.2,226717.2,421.3,1640.1,1408.5,14.89,89.9,0.01,190.18,0.0,0.0,0.0,0.0,269079.1,-262441.0,603319.0,0.4405,0.111,1566.8,-0.06327,-43.11438,1.0,0,-1.0,-1.0,-1.0,-1.0,-1.0,0.0,0.0,0.0,0.0
1791655899.44,3220370.8,1322.5,226717.2,226717.2,421.3,1640.1,1408.5,14.89,89.9,0.01,190.18,0.0,0.0,0.0,0.0,269079.1,-262441.0,603319.0,0.4405,0.111,1566.8,-0.06327,-43.11438,1.0,0,-1.0,-1.0,-1.0,-1.0,-1.0,0.0,0.0,0.0,0.0
1791655899.94,3220370.9,1323.0,226734.0,226734.0,421.2,1640.1,1408.5,14.89,89.9,0.01,190.17,0.0,0.0,0.0,0.0,269079.1,-262441.0,603319.0,0.4405,0.111,1566.8,-0.06326,-43.11065,1.0,0,-1.0,-1.0,-1.0,-1.0,-1.0,0.0,0.0,0.0,0.0
1791655900.44,3220370.9,1323.5,226734.0,226734.0,421.2,1640.1,1408.5,14.89,89.9,0.01,190.17,0.0,0.0,0.0,0.0,269079.1,-262441.0,603319.0,0.4405,0.111,1566.8,-0.06326,-43.11065,1.0,0,-1.0,-1.0,-1.0,-1.0,-1.0,0.0,0.0,0.0,0.0
1791655900.94,3220370.9,1324.0,226750.9,226750.9,421.1,1640.0,1408.4,14.89,89.9,0.01,190.17,0.0,0.0,0.0,0.0,269079.1,-262441.0,603319.0,0.4405,0.111,1566.8,-0.06325,-43.10692,1.0,0,-1.0,-1.0,-1.0,-1.0,-1.0,0.0,0.0,0.0,0.0
1791655901.45,3220370.9,1324.5,226750.9,226750.9,421.1,1640.0,1408.4,14.89,89.9,0.01,190.17,0.0,0.0,0.0,0.0,269079.1,-262441.0,603319.0,0.4405,0.111,1566.8,-0.06325,-43.10692,1.0,0,-1.0,-1.0,-1.0,-1.0,-1.0,0.0,0.0,0.0,0.0
1791655901.95,3220370.9,1325.0,226767.7,226767.7,421.0,1640.0,1408.4,14.89,89.9,0.01,190.16,0.0,0.0,0.0,0.0,269079.1,-262441.0,603319.0,0.4405,0.111,1566.8,-0.06325,-43.1032,1.0,0,-1.0,-1.0,-1.0,-1.0,-1.0,0.0,0.0,0.0,0.0
1791655902.45,3220370.9,1325.5,226767.7,226767.7,421.0,1640.0,1408.4,14.89,89.9,0.01,190.16,0.0,0.0,0.0,0.0,269079.1,-262441.0,603319.0,0.4405,0.111,1566.8,-0.06325,-43.1032,1.0,0,-1.0,-1.0,-1.0,-1.0,-1.0,0.0,0.0,0.0,0.0
1791655902.95,3220371.0,1326.0,226784.5,226784.5,420.9,1639.9,1408.3,14.89,89.9,0.01,190.16,0.0,0.0,0.0,0.0,269079.1,-262441.0,603319.0,0.4405,0.111,1566.8,-0.06324,-43.09947,1.0,0,-1.0,-1.0,-1.0,-1.0,-1.0,0.0,0.0,0.0,0.0
1791655903.45,3220371.0,1326.5,226784.5,226784.5,420.9,1639.9,1408.3,14.89,89.9,0.01,190.16,0.0,0.0,0.0,0.0,269079.1,-262441.0,603319.0,0.4405,0.111,1566.8,-0.06324,-43.09947,1.0,0,-1.0,-1.0,-1.0,-1.0,-1.0,0.0,0.0,0.0,0.0
1791655903.95,3220371.0,1327.0,226801.4,226801.4,420.9,1639.9,1408.2,14.88,89.9,0.01,190.15,0.0,0.0,0.0,0.0,269079.1,-262441.0,603319.0,0.4405,0.111,1566.8,-0.06323,-43.09575,1.0,0,-1.0,-1.0,-1.0,-1.0,-1.0,0.0,0.0,0.0,0.0
1791655904.46,3220371.0,1327.5,226801.4,226801.4,420.9,1639.9,1408.2,14.88,89.9,0.01,190.15,0.0,0.0,0.0,0.0,269079.1,-262441.0,603319.0,0.4405,0.111,1566.8,-0.06323,-43.09575,1.0,0,-1.0,-1.0,-1.0,-1.0,-1.0,0.0,0.0,0.0,0.0
1791655904.96,3220371.1,1328.0,226818.2,226818.2,420.8,1639.8,1408.2,14.88,89.9,0.01,190.15,0.0,0.0,0.0,0.0,269079.1,-262441.0,603319.0,0.4405,0.111,1566.8,-0.06322,-43.09202,1.0,0,-1.0,-1.0,-1.0,-1.0,-1.0,0.0,0.0,0.0,0.0
1791655905.46,3220371.1,1328.5,226818.2,226818.2,420.8,1639.8,1408.2,14.88,89.9,0.01,190.15,0.0,0.0,0.0,0.0,269079.1,-262441.0,603319.0,0.4405,0.111,1566.8,-0.06322,-43.09202,1.0,0,-1.0,-1.0,-1.0,-1.0,-1.0,0.0,0.0,0.0,0.0
1791655905.96,3220371.1,1329.0,226835.0,226835.0,420.7,1639.8,1408.1,14.88,89.9,0.01,190.15,0.0,0.0,0.0,0.0,269079.1,-262441.0,603319.0,0.4405,0.111,1566.8,-0.06322,-43.0883,1.0,0,-1.0,-1.0,-1.0,-1.0,-1.0,0.0,0.0,0.0,0.0
1791655906.47,3220371.1,1329.5,226835.0,226835.0,420.7,1639.8,1408.1,14.88,89.9,0.01,190.15,0.0,0.0,0.0,0.0,269079.1,-262441.0,603319.0,0.4405,0.111,1566.8,-0.06322,-43.0883,1.0,0,-1.0,-1.0,-1.0,-1.0,-1.0,0.0,0.0,0.0,0.0
1791655906.97,3220371.1,1330.0,226851.9,226851.9,420.6,1639.7,1408.1,14.88,89.9,0.01,190.14,0.0,0.0,0.0,0.0,269079.1,-262441.0,603319.0,0.4405,0.111,1566.8,-0.06321,-43.08457,1.0,0,-1.0,-1.0,-1.0,-1.0,-1.0,0.0,0.0,0.0,0.0
1791655907.47,3220371.1,1330.5,226851.9,226851.9,420.6,1639.7,1408.1,14.88,89.9,0.01,190.14,0.0,0.0,0.0,0.0,269079.1,-262441.0,603319.0,0.4405,0.111,1566.8,-0.06321,-43.08457,1.0,0,-1.0,-1.0,-1.0,-1.0,-1.0,0.0,0.0,0.0,0.0
1791655907.97,3220371.2,1331.0,226868.7,226868.7,420.5,1639.7,1408.0,14.87,89.9,0.01,190.14,0.0,0.0,0.0,0.0,269079.1,-262441.0,603319.0,0.4405,0.111,1566.8,-0.0632,-43.08085,1.0,0,-1.0,-1.0,-1.0,-1.0,-1.0,0.0,0.0,0.0,0.0
1791655908.47,3220371.2,1331.5,226868.7,226868.7,420.5,1639.7,1408.0,14.87,89.9,0.01,190.14,0.0,0.0,0.0,0.0,269079.1,-262441.0,603319.0,0.4405,0.111,1566.8,-0.0632,-43.08085,1.0,0,-1.0,-1.0,-1.0,-1.0,-1.0,0.0,0.0,0.0,0.0
1791655908.97,3220371.2,1332.0,226885.5,226885.5,420.4,1639.6,1407.9,14.87,89.9,0.01,190.13,0.0,0.0,0.0,0.0,269079.1,-262441.0,603319.0,0.4405,0.111,1566.8,-0.0632,-43.07712,1.0,0,-1.0,-1.0,-1.0,-1.0,-1.0,0.0,0.0,0.0,0.0
1791655909.48,3220371.2,1332.5,226885.5,226885.5,420.4,1639.6,1407.9,14.87,89.9,0.01,190.13,0.0,0.0,0.0,0.0,269079.1,-262441.0,603319.0,0.4405,0.111,1566.8,-0.0632,-43.07712,1.0,0,-1.0,-1.0,-1.0,-1.0,-1.0,0.0,0.0,0.0,0.0
1791655909.98,3220371.3,1333.0,226902.3,226902.3,420.3,1639.6,1407.9,14.87,89.9,0.01,190.13,0.0,0.0,0.0,0.0,269079.1,-262441.0,603319.0,0.4405,0.111,1566.8,-0.06319,-43.0734,1.0,0,-1.0,-1.0,-1.0,-1.0,-1.0,0.0,0.0,0.0,0.0
1791655910.48,3220371.3,1333.5,226902.3,226902.3,420.3,1639.6,1407.9,14.87,89.9,0.01,190.13,0.0,0.0,0.0,0.0,269079.1,-262441.0,603319.0,0.4405,0.111,1566.8,-0.06319,-43.0734,1.0,0,-1.0,-1.0,-1.0,-1.0,-1.0,0.0,0.0,0.0,0.0
1791655910.98,3220371.3,1334.0,226919.1,226919.1,420.3,1639.5,1407.8,14.87,89.9,0.01,190.12,0.0,0.0,0.0,0.0,269079.1,-262441.0,603319.0,0.4405,0.111,1566.8,-0.06318,-43.06968,1.0,0,-1.0,-1.0,-1.0,-1.0,-1.0,0.0,0.0,0.0,0.0
1791655911.48,3220371.3,1334.5,226919.1,226919.1,420.3,1639.5,1407.8,14.87,89.9,0.01,190.12,0.0,0.0,0.0,0.0,269079.1,-262441.0,603319.0,0.4405,0.111,1566.8,-0.06318,-43.06968,1.0,0,-1.0,-1.0,-1.0,-1.0,-1.0,0.0,0.0,0.0,0.0
1791655911.98,3220371.3,1335.0,226935.9,226936.0,420.2,1639.4,1407.7,14.86,89.9,0.01,190.12,0.0,0.0,0.0,0.0,269079.1,-262441.0,603319.0,0.4405,0.111,1566.8,-0.06318,-43.06595,1.0,0,-1.0,-1.0,-1.0,-1.0,-1.0,0.0,0.0,0.0,0.0
1791655912.49,3220371.3,1335.5,226935.9,226936.0,420.2,1639.4,1407.7,14.86,89.9,0.01,190.12,0.0,0.0,0.0,0.0,269079.1,-262441.0,603319.0,0.4405,0.111,1566.8,-0.06318,-43.06595,1.0,0,-1.0,-1.0,-1.0,-1.0,-1.0,0.0,0.0,0.0,0.0
1791655912.99,3220371.4,1336.0,226952.8,226952.8,420.1,1639.4,1407.7,14.86,89.9,0.01,190.11,0.0,0.0,0.0,0.0,269079.1,-262441.0,603319.0,0.4405,0.111,1566.8,-0.06317,-43.06223,1.0,0,-1.0,-1.0,-1.0,-1.0,-1.0,0.0,0.0,0.0,0.0
1791655913.49,3220371.4,1336.5,226952.8,226952.8,420.1,1639.4,1407.7,14.86,89.9,0.01,190.11,0.0,0.0,0.0,0.0,269079.1,-262441.0,603319.0,0.4405,0.111,1566.8,-0.06317,-43.06223,1.0,0,-1.0,-1.0,-1.0,-1.0,-1.0,0.0,0.0,0.0,0.0
1791655913.99,3220371.4,1337.0,226969.6,226969.5,420.0,1639.3,1407.6,14.86,89.9,0.01,190.11,0.0,0.0,0.0,0.0,269079.1,-262441.0,603319.0,0.4405,0.111,1566.8,-0.06316,-43.05851,1.0,0,-1.0,-1.0,-1.0,-1.0,-1.0,0.0,0.0,0.0,0.0
1791655914.49,3220371.4,1337.5,226969.6,226969.5,420.0,1639.3,1407.6,14.86,89.9,0.01,190.11,0.0,0.0,0.0,0.0,269079.1,-262441.0,603319.0,0.4405,0.111,1566.8,-0.06316,-43.05851,1.0,0,-1.0,-1.0,-1.0,-1.0,-1.0,0.0,0.0,0.0,0.0
1791655914.99,3220371.5,1338.0,226986.4,226986.4,419.9,1639.3,1407.6,14.86,89.9,0.01,190.11,0.0,0.0,0.0,0.0,269079.1,-262441.0,603319.0,0.4405,0.111,1566.8,-0.06315,-43.05478,1.0,0,-1.0,-1.0,-1.0,-1.0,-1.0,0.0,0.0,0.0,0.0
1791655915.49,3220371.5,1338.5,226986.4,226986.4,419.9,1639.3,1407.6,14.86,89.9,0.01,190.11,0.0,0.0,0.0,0.0,269079.1,-262441.0,603319.0,0.4405,0.111,1566.8,-0.06315,-43.05478,1.0,0,-1.0,-1.0,-1.0,-1.0,-1.0,0.0,0.0,0.0,0.0
1791655916.0,3220371.5,1339.0,227003.1,227003.1,419.8,1639.2,1407.5,14.85,89.9,0.01,190.1,0.0,0.0,0.0,0.0,269079.1,-262441.0,603319.0,0.4405,0.111,1566.8,-0.06315,-43.05106,1.0,0,-1.0,-1.0,-1.0,-1.0,-1.0,0.0,0.0,0.0,0.0
1791655916.5,3220371.5,1339.5,227003.1,227003.1,419.8,1639.2,1407.5,14.85,89.9,0.01,190.1,0.0,0.0,0.0,0.0,269079.1,-262441.0,603319.0,0.4405,0.111,1566.8,-0.06315,-43.05106,1.0,0,-1.0,-1.0,-1.0,-1.0,-1.0,0.0,0.0,0.0,0.0
1791655917.0,3220371.5,1340.0,227019.9,227019.9,419.7,1639.2,1407.4,14.85,89.9,0.01,190.1,0.0,0.0,0.0,0.0,269079.1,-262441.0,603319.0,0.4405,0.111,1566.8,-0.06314,-43.04734,1.0,0,-1.0,-1.0,-1.0,-1.0,-1.0,0.0,0.0,0.0,0.0
1791655917.5,3220371.5,1340.5,227019.9,227019.9,419.7,1639.2,1407.4,14.85,89.9,0.01,190.1,0.0,0.0,0.0,0.0,269079.1,-262441.0,603319.0,0.4405,0.111,1566.8,-0.06314,-43.04734,1.0,0,-1.0,-1.0,-1.0,-1.0,-1.0,0.0,0.0,0.0,0.0
1791655918.0,3220371.6,1341.0,227036.7,227036.7,419.7,1639.1,1407.4,14.85,89.9,0.01,190.09,0.0,0.0,0.0,0.0,269079.1,-262441.0,603319.0,0.4405,0.111,1566.8,-0.06313,-43.04361,1.0,0,-1.0,-1.0,-1.0,-1.0,-1.0,0.0,0.0,0.0,0.0
1791655918.5,3220371.6,1341.5,227036.7,227036.7,419.7,1639.1,1407.4,14.85,89.9,0.01,190.09,0.0,0.0,0.0,0.0,269079.1,-262441.0,603319.0,0.4405,0.111,1566.8,-0.06313,-43.04361,1.0,0,-1.0,-1.0,-1.0,-1.0,-1.0,0.0,0.0,0.0,0.0
1791655919.01,3220371.6,1342.0,227053.5,227053.5,419.6,1639.1,1407.3,14.85,89.9,0.01,190.09,0.0,0.0,0.0,0.0,269079.1,-262441.0,603319.0,0.4405,0.111,1566.8,-0.06313,-43.03989,1.0,0,-1.0,-1.0,-1.0,-1.0,-1.0,0.0,0.0,0.0,0.0
1791655919.51,3220371.6,1342.5,227053.5,227053.5,419.6,1639.1,1407.3,14.85,89.9,0.01,190.09,0.0,0.0,0.0,0.0,269079.1,-262441.0,603319.0,0.4405,0.111,1566.8,-0.06313,-43.03989,1.0,0,-1.0,-1.0,-1.0,-1.0,-1.0,0.0,0.0,0.0,0.0
1791655920.01,3220371.7,1343.0,227070.3,227070.3,419.5,1639.0,1407.3,14.84,89.9,0.01,190.08,0.0,0.0,0.0,0.0,269079.1,-262441.0,603319.0,0.4405,0.111,1566.8,-0.06312,-43.03617,1.0,0,-1.0,-1.0,-1.0,-1.0,-1.0,0.0,0.0,0.0,0.0
1791655920.51,3220371.7,1343.5,227070.3,227070.3,419.5,1639.0,1407.3,14.84,89.9,0.01,190.08,0.0,0.0,0.0,0.0,269079.1,-262441.0,603319.0,0.4405,0.111,1566.8,-0.06312,-43.03617,1.0,0,-1.0,-1.0,-1.0,-1.0,-1.0,0.0,0.0,0.0,0.0
1791655921.01,3220371.7,1344.0,227087.1,227087.1,419.4,1639.0,1407.2,14.84,89.9,0.01,190.08,0.0,0.0,0.0,0.0,269079.1,-262441.0,603319.0,0.4405,0.111,1566.8,-0.06311,-43.03245,1.0,0,-1.0,-1.0,-1.0,-1.0,-1.0,0.0,0.0,0.0,0.0
1791655921.51,3220371.7,1344.5,227087.1,227087.1,419.4,1639.0,1407.2,14.84,89.9,0.01,190.08,0.0,0.0,0.0,0.0,269079.1,-262441.0,603319.0,0.4405,0.111,1566.8,-0.06311,-43.03245,1.0,0,-1.0,-1.0,-1.0,-1.0,-1.0,0.0,0.0,0.0,0.0
1791655922.01,3220371.7,1345.0,227103.8,227103.8,419.3,1638.9,1407.1,14.84,89.9,0.01,190.08,0.0,0.0,0.0,0.0,269079.1,-262441.0,603319.0,0.4405,0.111,1566.8,-0.06311,-43.02872,1.0,0,-1.0,-1.0,-1.0,-1.0,-1.0,0.0,0.0,0.0,0.0
1791655922.52,3220371.7,1345.6,227103.8,227103.8,419.3,1638.9,1407.1,14.84,89.9,0.01,190.08,0.0,0.0,0.0,0.0,269079.1,-262441.0,603319.0,0.4405,0.111,1566.8,-0.06311,-43.02872,1.0,0,-1.0,-1.0,-1.0,-1.0,-1.0,0.0,0.0,0.0,0.0
1791655923.02,3220371.8,1346.1,227120.6,227120.6,419.2,1638.9,1407.1,14.84,89.9,0.01,190.07,0.0,0.0,0.0,0.0,269079.1,-262441.0,603319.0,0.4405,0.111,1566.8,-0.0631,-43.025,1.0,0,-1.0,-1.0,-1.0,-1.0,-1.0,0.0,0.0,0.0,0.0
1791655923.52,3220371.8,1346.6,227120.6,227120.6,419.2,1638.9,1407.1,14.84,89.9,0.01,190.07,0.0,0.0,0.0,0.0,269079.1,-262441.0,603319.0,0.4405,0.111,1566.8,-0.0631,-43.025,1.0,0,-1.0,-1.0,-1.0,-1.0,-1.0,0.0,0.0,0.0,0.0
1791655924.02,3220371.8,1347.1,227137.4,227137.4,419.1,1638.8,1407.0,14.83,89.9,0.01,190.07,0.0,0.0,0.0,0.0,269079.1,-262441.0,603319.0,0.4405,0.111,1566.8,-0.06309,-43.02128,1.0,0,-1.0,-1.0,-1.0,-1.0,-1.0,0.0,0.0,0.0,0.0
1791655924.52,3220371.8,1347.6,227137.4,227137.4,419.1,1638.8,1407.0,14.83,89.9,0.01,190.07,0.0,0.0,0.0,0.0,269079.1,-262441.0,603319.0,0.4405,0.111,1566.8,-0.06309,-43.02128,1.0,0,-1.0,-1.0,-1.0,-1.0,-1.0,0.0,0.0,0.0,0.0
1791655925.02,3220371.9,1348.1,227154.1,227154.1,419.1,1638.8,1407.0,14.83,89.9,0.01,190.06,0.0,0.0,0.0,0.0,269079.1,-262441.0,603319.0,0.4405,0.111,1566.8,-0.06308,-43.01756,1.0,0,-1.0,-1.0,-1.0,-1.0,-1.0,0.0,0.0,0.0,0.0
1791655925.53,3220371.9,1348.6,227154.1,227154.1,419.1,1638.8,1407.0,14.83,89.9,0.01,190.06,0.0,0.0,0.0,0.0,269079.1,-262441.0,603319.0,0.4405,0.111,1566.8,-0.06308,-43.01756,1.0,0,-1.0,-1.0,-1.0,-1.0,-1.0,0.0,0.0,0.0,0.0
1791655926.03,3220371.9,1349.1,227170.9,227170.9,419.0,1638.7,1406.9,14.83,89.9,0.01,190.06,0.0,0.0,0.0,0.0,269079.1,-262441.0,603319.0,0.4405,0.111,1566.8,-0.06308,-43.01384,1.0,0,-1.0,-1.0,-1.0,-1.0,-1.0,0.0,0.0,0.0,0.0
1791655926.53,3220371.9,1349.6,227170.9,227170.9,419.0,1638.7,1406.9,14.83,89.9,0.01,190.06,0.0,0.0,0.0,0.0,269079.1,-262441.0,603319.0,0.4405,0.111,1566.8,-0.06308,-43.01384,1.0,0,-1.0,-1.0,-1.0,-1.0,-1.0,0.0,0.0,0.0,0.0
1791655927.03,3220371.9,1350.1,227187.7,227187.7,418.9,1638.7,1406.8,14.83,89.9,0.01,190.05,0.0,0.0,0.0,0.0,269079.1,-262441.0,603319.0,0.4405,0.111,1566.8,-0.06307,-43.01012,1.0,0,-1.0,-1.0,-1.0,-1.0,-1.0,0.0,0.0,0.0,0.0
1791655927.54,3220371.9,1350.6,227187.7,227187.7,418.9,1638.7,1406.8,14.83,89.9,0.01,190.05,0.0,0.0,0.0,0.0,269079.1,-262441.0,603319.0,0.4405,0.111,1566.8,-0.06307,-43.01012,1.0,0,-1.0,-1.0,-1.0,-1.0,-1.0,0.0,0.0,0.0,0.0
1791655928.04,3220372.0,1351.1,227204.4,227204.4,418.8,1638.6,1406.8,14.82,89.9,0.01,190.05,0.0,0.0,0.0,0.0,269079.1,-262441.0,603319.0,0.4405,0.111,1566.8,-0.06306,-43.0064,1.0,0,-1.0,-1.0,-1.0,-1.0,-1.0,0.0,0.0,0.0,0.0
1791655928.54,3220372.0,1351.6,227204.4,227204.4,418.8,1638.6,1406.8,14.82,89.9,0.01,190.05,0.0,0.0,0.0,0.0,269079.1,-262441.0,603319.0,0.4405,0.111,1566.8,-0.06306,-43.0064,1.0,0,-1.0,-1.0,-1.0,-1.0,-1.0,0.0,0.0,0.0,0.0
1791655929.04,3220372.0,1352.1,227221.2,227221.2,418.7,1638.6,1406.7,14.82,89.9,0.01,190.04,0.0,0.0,0.0,0.0,269079.1,-262441.0,603319.0,0.4405,0.111,1566.8,-0.06306,-43.00268,1.0,0,-1.0,-1.0,-1.0,-1.0,-1.0,0.0,0.0,0.0,0.0
1791655929.54,3220372.0,1352.6,227221.2,227221.2,418.7,1638.6,1406.7,14.82,89.9,0.01,190.04,0.0,0.0,0.0,0.0,269079.1,-262441.0,603319.0,0.4405,0.111,1566.8,-0.06306,-43.00268,1.0,0,-1.0,-1.0,-1.0,-1.0,-1.0,0.0,0.0,0.0,0.0
1791655930.04,3220372.1,1353.1,227237.9,227237.9,418.6,1638.5,1406.7,14.82,89.9,0.01,190.04,0.0,0.0,0.0,0.0,269079.1,-262441.0,603319.0,0.4405,0.111,1566.8,-0.06305,-42.99895,1.0,0,-1.0,-1.0,-1.0,-1.0,-1.0,0.0,0.0,0.0,0.0
1791655930.55,3220372.1,1353.6,227237.9,227237.9,418.6,1638.5,1406.7,14.82,89.9,0.01,190.04,0.0,0.0,0.0,0.0,269079.1,-262441.0,603319.0,0.4405,0.111,1566.8,-0.06305,-42.99895,1.0,0,-1.0,-1.0,-1.0,-1.0,-1.0,0.0,0.0,0.0,0.0
1791655931.05,3220372.1,1354.1,227254.7,227254.7,418.6,1638.4,1406.6,14.82,89.9,0.01,190.04,0.0,0.0,0.0,0.0,269079.1,-262441.0,603319.0,0.4405,0.111,1566.8,-0.06304,-42.99523,1.0,0,-1.0,-1.0,-1.0,-1.0,-1.0,0.0,0.0,0.0,0.0
1791655931.55,3220372.1,1354.6,227254.7,227254.7,418.6,1638.4,1406.6,14.82,89.9,0.01,190.04,0.0,0.0,0.0,0.0,269079.1,-262441.0,603319.0,0.4405,0.111,1566.8,-0.06304,-42.99523,1.0,0,-1.0,-1.0,-1.0,-1.0,-1.0,0.0,0.0,0.0,0.0
1791655932.05,3220372.1,1355.1,227271.4,227271.4,418.5,1638.4,1406.5,14.81,89.9,0.0,190.03,0.0,0.0,0.0,0.0,269079.1,-262441.0,603319.0,0.4405,0.111,1566.8,-0.06304,-42.99151,1.0,0,-1.0,-1.0,-1.0,-1.0,-1.0,0.0,0.0,0.0,0.0
1791655932.55,3220372.1,1355.6,227271.4,227271.4,418.5,1638.4,1406.5,14.81,89.9,0.0,190.03,0.0,0.0,0.0,0.0,269079.1,-262441.0,603319.0,0.4405,0.111,1566.8,-0.06304,-42.99151,1.0,0,-1.0,-1.0,-1.0,-1.0,-1.0,0.0,0.0,0.0,0.0
1791655933.05,3220372.2,1356.1,227288.1,227288.1,418.4,1638.3,1406.5,14.81,89.91,0.0,190.03,0.0,0.0,0.0,0.0,269079.1,-262441.0,603319.0,0.4405,0.111,1566.8,-0.06303,-42.98779,1.0,0,-1.0,-1.0,-1.0,-1.0,-1.0,0.0,0.0,0.0,0.0
1791655933.55,3220372.2,1356.6,227288.1,227288.1,418.4,1638.3,1406.5,14.81,89.91,0.0,190.03,0.0,0.0,0.0,0.0,269079.1,-262441.0,603319.0,0.4405,0.111,1566.8,-0.06303,-42.98779,1.0,0,-1.0,-1.0,-1.0,-1.0,-1.0,0.0,0.0,0.0,0.0
1791655934.06,3220372.2,1357.1,227304.9,227304.9,418.3,1638.3,1406.4,14.81,89.91,0.0,190.02,0.0,0.0,0.0,0.0,269079.1,-262441.0,603319.0,0.4405,0.111,1566.8,-0.06302,-42.98407,1.0,0,-1.0,-1.0,-1.0,-1.0,-1.0,0.0,0.0,0.0,0.0
1791655934.56,3220372.2,1357.6,227304.9,227304.9,418.3,1638.3,1406.4,14.81,89.91,0.0,190.02,0.0,0.0,0.0,0.0,269079.1,-262441.0,603319.0,0.4405,0.111,1566.8,-0.06302,-42.98407,1.0,0,-1.0,-1.0,-1.0,-1.0,-1.0,0.0,0.0,0.0,0.0
1791655935.06,3220372.3,1358.1,227321.6,227321.6,418.2,1638.2,1406.4,14.81,89.91,0.0,190.02,0.0,0.0,0.0,0.0,269079.1,-262441.0,603319.0,0.4405,0.111,1566.8,-0.06301,-42.98035,1.0,0,-1.0,-1.0,-1.0,-1.0,-1.0,0.0,0.0,0.0,0.0
1791655935.57,3220372.3,1358.6,227321.6,227321.6,418.2,1638.2,1406.4,14.81,89.91,0.0,190.02,0.0,0.0,0.0,0.0,269079.1,-262441.0,603319.0,0.4405,0.111,1566.8,-0.06301,-42.98035,1.0,0,-1.0,-1.0,-1.0,-1.0,-1.0,0.0,0.0,0.0,0.0
1791655936.07,3220372.3,1359.1,227338.3,227338.3,418.1,1638.2,1406.3,14.8,89.91,0.0,190.01,0.0,0.0,0.0,0.0,269079.1,-262441.0,603319.0,0.4405,0.111,1566.8,-0.06301,-42.97664,1.0,0,-1.0,-1.0,-1.0,-1.0,-1.0,0.0,0.0,0.0,0.0
1791655936.57,3220372.3,1359.6,227338.3,227338.3,418.1,1638.2,1406.3,14.8,89.91,0.0,190.01,0.0,0.0,0.0,0.0,269079.1,-262441.0,603319.0,0.4405,0.111,1566.8,-0.06301,-42.97664,1.0,0,-1.0,-1.0,-1.0,-1.0,-1.0,0.0,0.0,0.0,0.0
1791655937.07,3220372.3,1360.1,227355.1,227355.0,418.0,1638.1,1406.2,14.8,89.91,0.0,190.01,0.0,0.0,0.0,0.0,269079.1,-262441.0,603319.0,0.4405,0.111,1566.8,-0.063,-42.97292,1.0,0,-1.0,-1.0,-1.0,-1.0,-1.0,0.0,0.0,0.0,0.0
1791655937.57,3220372.3,1360.6,227355.1,227355.0,418.0,1638.1,1406.2,14.8,89.91,0.0,190.01,0.0,0.0,0.0,0.0,269079.1,-262441.0,603319.0,0.4405,0.111,1566.8,-0.063,-42.97292,1.0,0,-1.0,-1.0,-1.0,-1.0,-1.0,0.0,0.0,0.0,0.0
1791655938.07,3220372.4,1361.1,227371.8,227371.8,418.0,1638.1,1406.2,14.8,89.91,0.0,190.0,0.0,0.0,0.0,0.0,269079.1,-262441.0,603319.0,0.4405,0.111,1566.8,-0.06299,-42.9692,1.0,0,-1.0,-1.0,-1.0,-1.0,-1.0,0.0,0.0,0.0,0.0
1791655938.58,3220372.4,1361.6,227371.8,227371.8,418.0,1638.1,1406.2,14.8,89.91,0.0,190.0,0.0,0.0,0.0,0.0,269079.1,-262441.0,603319.0,0.4405,0.111,1566.8,-0.06299,-42.9692,1.0,0,-1.0,-1.0,-1.0,-1.0,-1.0,0.0,0.0,0.0,0.0
1791655939.08,3220372.4,1362.1,227388.5,227388.5,417.9,1638.0,1406.1,14.8,89.91,0.0,190.0,0.0,0.0,0.0,0.0,269079.1,-262441.0,603319.0,0.4405,0.111,1566.8,-0.06299,-42.96548,1.0,0,-1.0,-1.0,-1.0,-1.0,-1.0,0.0,0.0,0.0,0.0
1791655939.58,3220372.4,1362.6,227388.5,227388.5,417.9,1638.0,1406.1,14.8,89.91,0.0,190.0,0.0,0.0,0.0,0.0,269079.1,-262441.0,603319.0,0.4405,0.111,1566.8,-0.06299,-42.96548,1.0,0,-1.0,-1.0,-1.0,-1.0,-1.0,0.0,0.0,0.0,0.0
1791655940.08,3220372.5,1363.1,227405.2,227405.2,417.8,1638.0,1406.1,14.79,89.91,0.0,190.0,0.0,0.0,0.0,0.0,269079.1,-262441.0,603319.0,0.4405,0.111,1566.8,-0.06298,-42.96176,1.0,0,-1.0,-1.0,-1.0,-1.0,-1.0,0.0,0.0,0.0,0.0
1791655940.58,3220372.5,1363.6,227405.2,227405.2,417.8,1638.0,1406.1,14.79,89.91,0.0,190.0,0.0,0.0,0.0,0.0,269079.1,-262441.0,603319.0,0.4405,0.111,1566.8,-0.06298,-42.96176,1.0,0,-1.0,-1.0,-1.0,-1.0,-1.0,0.0,0.0,0.0,0.0
1791655941.08,3220372.5,1364.1,227421.9,227421.9,417.7,1637.9,1406.0,14.79,89.91,0.0,189.99,0.0,0.0,0.0,0.0,269079.1,-262441.0,603319.0,0.4405,0.111,1566.8,-0.06297,-42.95804,1.0,0,-1.0,-1.0,-1.0,-1.0,-1.0,0.0,0.0,0.0,0.0
1791655941.58,3220372.5,1364.6,227421.9,227421.9,417.7,1637.9,1406.0,14.79,89.91,0.0,189.99,0.0,0.0,0.0,0.0,269079.1,-262441.0,603319.0,0.4405,0.111,1566.8,-0.06297,-42.95804,1.0,0,-1.0,-1.0,-1.0,-1.0,-1.0,0.0,0.0,0.0,0.0
1791655942.09,3220372.5,1365.1,227438.6,227438.6,417.6,1637.9,1405.9,14.79,89.91,0.0,189.99,0.0,0.0,0.0,0.0,269079.1,-262441.0,603319.0,0.4405,0.111,1566.8,-0.06297,-42.95432,1.0,0,-1.0,-1.0,-1.0,-1.0,-1.0,0.0,0.0,0.0,0.0
1791655942.59,3220372.5,1365.6,227438.6,227438.6,417.6,1637.9,1405.9,14.79,89.91,0.0,189.99,0.0,0.0,0.0,0.0,269079.1,-262441.0,603319.0,0.4405,0.111,1566.8,-0.06297,-42.95432,1.0,0,-1.0,-1.0,-1.0,-1.0,-1.0,0.0,0.0,0.0,0.0
1791655943.09,3220372.6,1366.1,227455.3,227455.3,417.5,1637.8,1405.9,14.79,89.91,0.0,189.98,0.0,0.0,0.0,0.0,269079.1,-262441.0,603319.0,0.4405,0.111,1566.8,-0.06296,-42.9506,1.0,0,-1.0,-1.0,-1.0,-1.0,-1.0,0.0,0.0,0.0,0.0
1791655943.59,3220372.6,1366.6,227455.3,227455.3,417.5,1637.8,1405.9,14.79,89.91,0.0,189.98,0.0,0.0,0.0,0.0,269079.1,-262441.0,603319.0,0.4405,0.111,1566.8,-0.06296,-42.9506,1.0,0,-1.0,-1.0,-1.0,-1.0,-1.0,0.0,0.0,0.0,0.0
1791655944.09,3220372.6,1367.1,227472.0,227472.0,417.4,1637.8,1405.8,14.78,89.91,0.0,189.98,0.0,0.0,0.0,0.0,269079.1,-262441.0,603319.0,0.4405,0.111,1566.8,-0.06295,-42.94689,1.0,0,-1.0,-1.0,-1.0,-1.0,-1.0,0.0,0.0,0.0,0.0
1791655944.59,3220372.6,1367.6,227472.0,227472.0,417.4,1637.8,1405.8,14.78,89.91,0.0,189.98,0.0,0.0,0.0,0.0,269079.1,-262441.0,603319.0,0.4405,0.111,1566.8,-0.06295,-42.94689,1.0,0,-1.0,-1.0,-1.0,-1.0,-1.0,0.0,0.0,0.0,0.0
1791655945.1,3220372.7,1368.1,227488.7,227488.7,417.4,1637.7,1405.7,14.78,89.91,0.0,189.97,0.0,0.0,0.0,0.0,269079.1,-262441.0,603319.0,0.4405,0.111,1566.8,-0.06294,-42.94317,1.0,0,-1.0,-1.0,-1.0,-1.0,-1.0,0.0,0.0,0.0,0.0
1791655945.6,3220372.7,1368.6,227488.7,227488.7,417.4,1637.7,1405.7,14.78,89.91,0.0,189.97,0.0,0.0,0.0,0.0,269079.1,-262441.0,603319.0,0.4405,0.111,1566.8,-0.06294,-42.94317,1.0,0,-1.0,-1.0,-1.0,-1.0,-1.0,0.0,0.0,0.0,0.0
1791655946.1,3220372.7,1369.1,227505.4,227505.4,417.3,1637.7,1405.7,14.78,89.91,0.0,189.97,0.0,0.0,0.0,0.0,269079.1,-262441.0,603319.0,0.4405,0.111,1566.8,-0.06294,-42.93945,1.0,0,-1.0,-1.0,-1.0,-1.0,-1.0,0.0,0.0,0.0,0.0
1791655946.6,3220372.7,1369.6,227505.4,227505.4,417.3,1637.7,1405.7,14.78,89.91,0.0,189.97,0.0,0.0,0.0,0.0,269079.1,-262441.0,603319.0,0.4405,0.111,1566.8,-0.06294,-42.93945,1.0,0,-1.0,-1.0,-1.0,-1.0,-1.0,0.0,0.0,0.0,0.0
1791655947.1,3220372.7,1370.1,227522.1,227522.1,417.2,1637.6,1405.6,14.78,89.91,-0.0,189.97,0.0,0.0,0.0,0.0,269079.1,-262441.0,603319.0,0.4405,0.111,1566.8,-0.06293,-42.93573,1.0,0,-1.0,-1.0,-1.0,-1.0,-1.0,0.0,0.0,0.0,0.0
1791655947.6,3220372.7,1370.6,227522.1,227522.1,417.2,1637.6,1405.6,14.78,89.91,-0.0,189.97,0.0,0.0,0.0,0.0,269079.1,-262441.0,603319.0,0.4405,0.111,1566.8,-0.06293,-42.93573,1.0,0,-1.0,-1.0,-1.0,-1.0,-1.0,0.0,0.0,0.0,0.0
1791655948.11,3220372.8,1371.1,227538.8,227538.8,417.1,1637.5,1405.6,14.77,89.91,-0.0,189.96,0.0,0.0,0.0,0.0,269079.1,-262441.0,603319.0,0.4405,0.111,1566.8,-0.06292,-42.93201,1.0,0,-1.0,-1.0,-1.0,-1.0,-1.0,0.0,0.0,0.0,0.0
1791655948.61,3220372.8,1371.6,227538.8,227538.8,417.1,1637.5,1405.6,14.77,89.91,-0.0,189.96,0.0,0.0,0.0,0.0,269079.1,-262441.0,603319.0,0.4405,0.111,1566.8,-0.06292,-42.93201,1.0,0,-1.0,-1.0,-1.0,-1.0,-1.0,0.0,0.0,0.0,0.0
1791655949.11,3220372.8,1372.1,227555.5,227555.5,417.0,1637.5,1405.5,14.77,89.91,-0.0,189.96,0.0,0.0,0.0,0.0,269079.1,-262441.0,603319.0,0.4405,0.111,1566.8,-0.06292,-42.9283,1.0,0,-1.0,-1.0,-1.0,-1.0,-1.0,0.0,0.0,0.0,0.0
1791655949.61,3220372.8,1372.6,227555.5,227555.5,417.0,1637.5,1405.5,14.77,89.91,-0.0,189.96,0.0,0.0,0.0,0.0,269079.1,-262441.0,603319.0,0.4405,0.111,1566.8,-0.06292,-42.9283,1.0,0,-1.0,-1.0,-1.0,-1.0,-1.0,0.0,0.0,0.0,0.0
1791655950.11,3220372.9,1373.1,227572.1,227572.2,416.9,1637.4,1405.4,14.77,89.91,-0.0,189.95,0.0,0.0,0.0,0.0,269079.1,-262441.0,603319.0,0.4405,0.111,1566.8,-0.06291,-42.92458,1.0,0,-1.0,-1.0,-1.0,-1.0,-1.0,0.0,0.0,0.0,0.0
1791655950.61,3220372.9,1373.6,227572.1,227572.2,416.9,1637.4,1405.4,14.77,89.91,-0.0,189.95,0.0,0.0,0.0,0.0,269079.1,-262441.0,603319.0,0.4405,0.111,1566.8,-0.06291,-42.92458,1.0,0,-1.0,-1.0,-1.0,-1.0,-1.0,0.0,0.0,0.0,0.0
1791655951.12,3220372.9,1374.2,227588.8,227588.8,416.9,1637.4,1405.4,14.77,89.91,-0.0,189.95,0.0,0.0,0.0,0.0,269079.1,-262441.0,603319.0,0.4405,0.111,1566.8,-0.0629,-42.92086,1.0,0,-1.0,-1.0,-1.0,-1.0,-1.0,0.0,0.0,0.0,0.0
1791655951.62,3220372.9,1374.7,227588.8,227588.8,416.9,1637.4,1405.4,14.77,89.91,-0.0,189.95,0.0,0.0,0.0,0.0,269079.1,-262441.0,603319.0,0.4405,0.111,1566.8,-0.0629,-42.92086,1.0,0,-1.0,-1.0,-1.0,-1.0,-1.0,0.0,0.0,0.0,0.0
1791655952.12,3220372.9,1375.2,227605.5,227605.5,416.8,1637.3,1405.3,14.76,89.91,-0.0,189.94,0.0,0.0,0.0,0.0,269079.1,-262441.0,603319.0,0.4405,0.111,1566.8,-0.0629,-42.91715,1.0,0,-1.0,-1.0,-1.0,-1.0,-1.0,0.0,0.0,0.0,0.0
1791655952.63,3220372.9,1375.7,227605.5,227605.5,416.8,1637.3,1405.3,14.76,89.91,-0.0,189.94,0.0,0.0,0.0,0.0,269079.1,-262441.0,603319.0,0.4405,0.111,1566.8,-0.0629,-42.91715,1.0,0,-1.0,-1.0,-1.0,-1.0,-1.0,0.0,0.0,0.0,0.0
1791655953.13,3220373.0,1376.2,227622.2,227622.2,416.7,1637.3,1405.3,14.76,89.91,-0.0,189.94,0.0,0.0,0.0,0.0,269079.1,-262441.0,603319.0,0.4405,0.111,1566.8,-0.06289,-42.91343,1.0,0,-1.0,-1.0,-1.0,-1.0,-1.0,0.0,0.0,0.0,0.0
1791655953.63,3220373.0,1376.7,227622.2,227622.2,416.7,1637.3,1405.3,14.76,89.91,-0.0,189.94,0.0,0.0,0.0,0.0,269079.1,-262441.0,603319.0,0.4405,0.111,1566.8,-0.06289,-42.91343,1.0,0,-1.0,-1.0,-1.0,-1.0,-1.0,0.0,0.0,0.0,0.0
1791655954.13,3220373.0,1377.2,227638.8,227638.8,416.6,1637.2,1405.2,14.76,89.91,-0.0,189.93,0.0,0.0,0.0,0.0,269079.1,-262441.0,603319.0,0.4405,0.111,1566.8,-0.06288,-42.90971,1.0,0,-1.0,-1.0,-1.0,-1.0,-1.0,0.0,0.0,0.0,0.0
1791655954.63,3220373.0,1377.7,227638.8,227638.8,416.6,1637.2,1405.2,14.76,89.91,-0.0,189.93,0.0,0.0,0.0,0.0,269079.1,-262441.0,603319.0,0.4405,0.111,1566.8,-0.06288,-42.90971,1.0,0,-1.0,-1.0,-1.0,-1.0,-1.0,0.0,0.0,0.0,0.0
1791655955.13,3220373.1,1378.2,227655.5,227655.5,416.5,1637.2,1405.1,14.75,89.91,-0.0,189.93,0.0,0.0,0.0,0.0,269079.1,-262441.0,603319.0,0.4405,0.111,1566.8,-0.06287,-42.906,1.0,0,-1.0,-1.0,-1.0,-1.0,-1.0,0.0,0.0,0.0,0.0
1791655955.64,3220373.1,1378.7,227655.5,227655.5,416.5,1637.2,1405.1,14.75,89.91,-0.0,189.93,0.0,0.0,0.0,0.0,269079.1,-262441.0,603319.0,0.4405,0.111,1566.8,-0.06287,-42.906,1.0,0,-1.0,-1.0,-1.0,-1.0,-1.0,0.0,0.0,0.0,0.0
1791655956.14,3220373.1,1379.2,227672.2,227672.2,416.4,1637.1,1405.1,14.75,89.91,-0.0,189.93,0.0,0.0,0.0,0.0,269079.1,-262441.0,603319.0,0.4405,0.111,1566.8,-0.06287,-42.90228,1.0,0,-1.0,-1.0,-1.0,-1.0,-1.0,0.0,0.0,0.0,0.0
1791655956.64,3220373.1,1379.7,227672.2,227672.2,416.4,1637.1,1405.1,14.75,89.91,-0.0,189.93,0.0,0.0,0.0,0.0,269079.1,-262441.0,603319.0,0.4405,0.111,1566.8,-0.06287,-42.90228,1.0,0,-1.0,-1.0,-1.0,-1.0,-1.0,0.0,0.0,0.0,0.0
1791655957.14,3220373.1,1380.2,227688.8,227688.8,416.3,1637.1,1405.0,14.75,89.91,-0.0,189.92,0.0,0.0,0.0,0.0,269079.1,-262441.0,603319.0,0.4405,0.111,1566.8,-0.06286,-42.89857,1.0,0,-1.0,-1.0,-1.0,-1.0,-1.0,0.0,0.0,0.0,0.0
1791655957.64,3220373.1,1380.7,227688.8,227688.8,416.3,1637.1,1405.0,14.75,89.91,-0.0,189.92,0.0,0.0,0.0,0.0,269079.1,-262441.0,603319.0,0.4405,0.111,1566.8,-0.06286,-42.89857,1.0,0,-1.0,-1.0,-1.0,-1.0,-1.0,0.0,0.0,0.0,0.0
1791655958.14,3220373.2,1381.2,227705.5,227705.5,416.3,1637.0,1405.0,14.75,89.91,-0.0,189.92,0.0,0.0,0.0,0.0,269079.1,-262441.0,603319.0,0.4405,0.111,1566.8,-0.06285,-42.89485,1.0,0,-1.0,-1.0,-1.0,-1.0,-1.0,0.0,0.0,0.0,0.0
1791655958.64,3220373.2,1381.7,227705.5,227705.5,416.3,1637.0,1405.0,14.75,89.91,-0.0,189.92,0.0,0.0,0.0,0.0,269079.1,-262441.0,603319.0,0.4405,0.111,1566.8,-0.06285,-42.89485,1.0,0,-1.0,-1.0,-1.0,-1.0,-1.0,0.0,0.0,0.0,0.0
1791655959.15,3220373.2,1382.2,227722.1,227722.1,416.2,1637.0,1404.9,14.74,89.91,-0.01,189.91,0.0,0.0,0.0,0.0,269079.1,-262441.0,603319.0,0.4405,0.111,1566.8,-0.06285,-42.89114,1.0,0,-1.0,-1.0,-1.0,-1.0,-1.0,0.0,0.0,0.0,0.0
1791655959.65,3220373.2,1382.7,227722.1,227722.1,416.2,1637.0,1404.9,14.74,89.91,-0.01,189.91,0.0,0.0,0.0,0.0,269079.1,-262441.0,603319.0,0.4405,0.111,1566.8,-0.06285,-42.89114,1.0,0,-1.0,-1.0,-1.0,-1.0,-1.0,0.0,0.0,0.0,0.0
1791655960.15,3220373.3,1383.2,227738.8,227738.8,416.1,1636.9,1404.8,14.74,89.91,-0.01,189.91,0.0,0.0,0.0,0.0,269079.1,-262441.0,603319.0,0.4405,0.111,1566.8,-0.06284,-42.88742,1.0,0,-1.0,-1.0,-1.0,-1.0,-1.0,0.0,0.0,0.0,0.0
1791655960.65,3220373.3,1383.7,227738.8,227738.8,416.1,1636.9,1404.8,14.74,89.91,-0.01,189.91,0.0,0.0,0.0,0.0,269079.1,-262441.0,603319.0,0.4405,0.111,1566.8,-0.06284,-42.88742,1.0,0,-1.0,-1.0,-1.0,-1.0,-1.0,0.0,0.0,0.0,0.0
1791655961.15,3220373.3,1384.2,227755.4,227755.4,416.0,1636.9,1404.8,14.74,89.91,-0.01,189.9,0.0,0.0,0.0,0.0,269079.1,-262441.0,603319.0,0.4405,0.111,1566.8,-0.06283,-42.8837,1.0,0,-1.0,-1.0,-1.0,-1.0,-1.0,0.0,0.0,0.0,0.0
1791655961.65,3220373.3,1384.7,227755.4,227755.4,416.0,1636.9,1404.8,14.74,89.91,-0.01,189.9,0.0,0.0,0.0,0.0,269079.1,-262441.0,603319.0,0.4405,0.111,1566.8,-0.06283,-42.8837,1.0,0,-1.0,-1.0,-1.0,-1.0,-1.0,0.0,0.0,0.0,0.0
1791655962.16,3220373.3,1385.2,227772.0,227772.0,415.9,1636.8,1404.7,14.74,89.91,-0.01,189.9,0.0,0.0,0.0,0.0,269079.1,-262441.0,603319.0,0.4405,0.111,1566.8,-0.06283,-42.87999,1.0,0,-1.0,-1.0,-1.0,-1.0,-1.0,0.0,0.0,0.0,0.0
1791655962.66,3220373.3,1385.7,227772.0,227772.0,415.9,1636.8,1404.7,14.74,89.91,-0.01,189.9,0.0,0.0,0.0,0.0,269079.1,-262441.0,603319.0,0.4405,0.111,1566.8,-0.06283,-42.87999,1.0,0,-1.0,-1.0,-1.0,-1.0,-1.0,0.0,0.0,0.0,0.0
1791655963.16,3220373.4,1386.2,227788.7,227788.7,415.8,1636.8,1404.7,14.73,89.92,-0.01,189.9,0.0,0.0,0.0,0.0,269079.1,-262441.0,603319.0,0.4405,0.111,1566.8,-0.06282,-42.87628,1.0,0,-1.0,-1.0,-1.0,-1.0,-1.0,0.0,0.0,0.0,0.0
1791655963.66,3220373.4,1386.7,227788.7,227788.7,415.8,1636.8,1404.7,14.73,89.92,-0.01,189.9,0.0,0.0,0.0,0.0,269079.1,-262441.0,603319.0,0.4405,0.111,1566.8,-0.06282,-42.87628,1.0,0,-1.0,-1.0,-1.0,-1.0,-1.0,0.0,0.0,0.0,0.0
1791655964.16,3220373.4,1387.2,227805.3,227805.3,415.7,1636.7,1404.6,14.73,89.92,-0.01,189.89,0.0,0.0,0.0,0.0,269079.1,-262441.0,603319.0,0.4405,0.111,1566.8,-0.06281,-42.87256,1.0,0,-1.0,-1.0,-1.0,-1.0,-1.0,0.0,0.0,0.0,0.0
1791655964.66,3220373.4,1387.7,227805.3,227805.3,415.7,1636.7,1404.6,14.73,89.92,-0.01,189.89,0.0,0.0,0.0,0.0,269079.1,-262441.0,603319.0,0.4405,0.111,1566.8,-0.06281,-42.87256,1.0,0,-1.0,-1.0,-1.0,-1.0,-1.0,0.0,0.0,0.0,0.0
1791655965.16,3220373.5,1388.2,227821.9,227821.9,415.7,1636.7,1404.5,14.73,89.92,-0.01,189.89,0.0,0.0,0.0,0.0,269079.1,-262441.0,603319.0,0.4405,0.111,1566.8,-0.0628,-42.86885,1.0,0,-1.0,-1.0,-1.0,-1.0,-1.0,0.0,0.0,0.0,0.0
1791655965.67,3220373.5,1388.7,227821.9,227821.9,415.7,1636.7,1404.5,14.73,89.92,-0.01,189.89,0.0,0.0,0.0,0.0,269079.1,-262441.0,603319.0,0.4405,0.111,1566.8,-0.0628,-42.86885,1.0,0,-1.0,-1.0,-1.0,-1.0,-1.0,0.0,0.0,0.0,0.0
1791655966.17,3220373.5,1389.2,227838.6,227838.5,415.6,1636.6,1404.5,14.73,89.92,-0.01,189.88,0.0,0.0,0.0,0.0,269079.1,-262441.0,603319.0,0.4405,0.111,1566.8,-0.0628,-42.86513,1.0,0,-1.0,-1.0,-1.0,-1.0,-1.0,0.0,0.0,0.0,0.0
1791655966.67,3220373.5,1389.7,227838.6,227838.5,415.6,1636.6,1404.5,14.73,89.92,-0.01,189.88,0.0,0.0,0.0,0.0,269079.1,-262441.0,603319.0,0.4405,0.111,1566.8,-0.0628,-42.86513,1.0,0,-1.0,-1.0,-1.0,-1.0,-1.0,0.0,0.0,0.0,0.0
1791655967.17,3220373.5,1390.2,227855.2,227855.2,415.5,1636.6,1404.4,14.72,89.92,-0.01,189.88,0.0,0.0,0.0,0.0,269079.1,-262441.0,603319.0,0.4405,0.111,1566.8,-0.06279,-42.86142,1.0,0,-1.0,-1.0,-1.0,-1.0,-1.0,0.0,0.0,0.0,0.0
1791655967.67,3220373.5,1390.7,227855.2,227855.2,415.5,1636.6,1404.4,14.72,89.92,-0.01,189.88,0.0,0.0,0.0,0.0,269079.1,-262441.0,603319.0,0.4405,0.111,1566.8,-0.06279,-42.86142,1.0,0,-1.0,-1.0,-1.0,-1.0,-1.0,0.0,0.0,0.0,0.0
1791655968.17,3220373.6,1391.2,227871.8,227871.8,415.4,1636.5,1404.4,14.72,89.92,-0.01,189.87,0.0,0.0,0.0,0.0,269079.1,-262441.0,603319.0,0.4405,0.111,1566.8,-0.06278,-42.8577,1.0,0,-1.0,-1.0,-1.0,-1.0,-1.0,0.0,0.0,0.0,0.0
1791655968.68,3220373.6,1391.7,227871.8,227871.8,415.4,1636.5,1404.4,14.72,89.92,-0.01,189.87,0.0,0.0,0.0,0.0,269079.1,-262441.0,603319.0,0.4405,0.111,1566.8,-0.06278,-42.8577,1.0,0,-1.0,-1.0,-1.0,-1.0,-1.0,0.0,0.0,0.0,0.0
1791655969.18,3220373.6,1392.2,227888.4,227888.4,415.3,1636.4,1404.3,14.72,89.92,-0.01,189.87,0.0,0.0,0.0,0.0,269079.1,-262441.0,603319.0,0.4405,0.111,1566.8,-0.06278,-42.85399,1.0,0,-1.0,-1.0,-1.0,-1.0,-1.0,0.0,0.0,0.0,0.0
1791655969.68,3220373.6,1392.7,227888.4,227888.4,415.3,1636.4,1404.3,14.72,89.92,-0.01,189.87,0.0,0.0,0.0,0.0,269079.1,-262441.0,603319.0,0.4405,0.111,1566.8,-0.06278,-42.85399,1.0,0,-1.0,-1.0,-1.0,-1.0,-1.0,0.0,0.0,0.0,0.0
1791655970.18,3220373.7,1393.2,227905.0,227905.0,415.2,1636.4,1404.2,14.71,89.92,-0.01,189.86,0.0,0.0,0.0,0.0,269079.1,-262441.0,603319.0,0.4405,0.111,1566.8,-0.06277,-42.85028,1.0,0,-1.0,-1.0,-1.0,-1.0,-1.0,0.0,0.0,0.0,0.0
1791655970.68,3220373.7,1393.7,227905.0,227905.0,415.2,1636.4,1404.2,14.71,89.92,-0.01,189.86,0.0,0.0,0.0,0.0,269079.1,-262441.0,603319.0,0.4405,0.111,1566.8,-0.06277,-42.85028,1.0,0,-1.0,-1.0,-1.0,-1.0,-1.0,0.0,0.0,0.0,0.0
1791655971.18,3220373.7,1394.2,227921.6,227921.6,415.2,1636.3,1404.2,14.71,89.92,-0.01,189.86,0.0,0.0,0.0,0.0,269079.1,-262441.0,603319.0,0.4405,0.111,1566.8,-0.06276,-42.84656,1.0,0,-1.0,-1.0,-1.0,-1.0,-1.0,0.0,0.0,0.0,0.0
1791655971.68,3220373.7,1394.7,227921.6,227921.6,415.2,1636.3,1404.2,14.71,89.92,-0.01,189.86,0.0,0.0,0.0,0.0,269079.1,-262441.0,603319.0,0.4405,0.111,1566.8,-0.06276,-42.84656,1.0,0,-1.0,-1.0,-1.0,-1.0,-1.0,0.0,0.0,0.0,0.0
1791655972.19,3220373.7,1395.2,227938.2,227938.2,415.1,1636.3,1404.1,14.71,89.92,-0.01,189.86,0.0,0.0,0.0,0.0,269079.1,-262441.0,603319.0,0.4405,0.111,1566.8,-0.06276,-42.84285,1.0,0,-1.0,-1.0,-1.0,-1.0,-1.0,0.0,0.0,0.0,0.0
1791655972.69,3220373.7,1395.7,227938.2,227938.2,415.1,1636.3,1404.1,14.71,89.92,-0.01,189.86,0.0,0.0,0.0,0.0,269079.1,-262441.0,603319.0,0.4405,0.111,1566.8,-0.06276,-42.84285,1.0,0,-1.0,-1.0,-1.0,-1.0,-1.0,0.0,0.0,0.0,0.0
1791655973.19,3220373.8,1396.2,227954.8,227954.8,415.0,1636.2,1404.1,14.71,89.92,-0.01,189.85,0.0,0.0,0.0,0.0,269079.1,-262441.0,603319.0,0.4405,0.111,1566.8,-0.06275,-42.83914,1.0,0,-1.0,-1.0,-1.0,-1.0,-1.0,0.0,0.0,0.0,0.0
1791655973.69,3220373.8,1396.7,227954.8,227954.8,415.0,1636.2,1404.1,14.71,89.92,-0.01,189.85,0.0,0.0,0.0,0.0,269079.1,-262441.0,603319.0,0.4405,0.111,1566.8,-0.06275,-42.83914,1.0,0,-1.0,-1.0,-1.0,-1.0,-1.0,0.0,0.0,0.0,0.0
1791655974.19,3220373.8,1397.2,227971.4,227971.4,414.9,1636.2,1404.0,14.7,89.92,-0.01,189.85,0.0,0.0,0.0,0.0,269079.1,-262441.0,603319.0,0.4405,0.111,1566.8,-0.06274,-42.83542,1.0,0,-1.0,-1.0,-1.0,-1.0,-1.0,0.0,0.0,0.0,0.0
1791655974.69,3220373.8,1397.7,227971.4,227971.4,414.9,1636.2,1404.0,14.7,89.92,-0.01,189.85,0.0,0.0,0.0,0.0,269079.1,-262441.0,603319.0,0.4405,0.111,1566.8,-0.06274,-42.83542,1.0,0,-1.0,-1.0,-1.0,-1.0,-1.0,0.0,0.0,0.0,0.0
1791655975.2,3220373.9,1398.2,227988.0,227988.0,414.8,1636.1,1403.9,14.7,89.92,-0.01,189.84,0.0,0.0,0.0,0.0,269079.1,-262441.0,603319.0,0.4405,0.111,1566.8,-0.06273,-42.83171,1.0,0,-1.0,-1.0,-1.0,-1.0,-1.0,0.0,0.0,0.0,0.0
1791655975.7,3220373.9,1398.7,227988.0,227988.0,414.8,1636.1,1403.9,14.7,89.92,-0.01,189.84,0.0,0.0,0.0,0.0,269079.1,-262441.0,603319.0,0.4405,0.111,1566.8,-0.06273,-42.83171,1.0,0,-1.0,-1.0,-1.0,-1.0,-1.0,0.0,0.0,0.0,0.0
1791655976.2,3220373.9,1399.2,228004.6,228004.6,414.7,1636.1,1403.9,14.7,89.92,-0.01,189.84,0.0,0.0,0.0,0.0,269079.1,-262441.0,603319.0,0.4405,0.111,1566.8,-0.06273,-42.828,1.0,0,-1.0,-1.0,-1.0,-1.0,-1.0,0.0,0.0,0.0,0.0
1791655976.7,3220373.9,1399.7,228004.6,228004.6,414.7,1636.1,1403.9,14.7,89.92,-0.01,189.84,0.0,0.0,0.0,0.0,269079.1,-262441.0,603319.0,0.4405,0.111,1566.8,-0.06273,-42.828,1.0,0,-1.0,-1.0,-1.0,-1.0,-1.0,0.0,0.0,0.0,0.0
1791655977.2,3220373.9,1400.2,228021.2,228021.2,414.6,1636.0,1403.8,14.7,89.92,-0.01,189.83,0.0,0.0,0.0,0.0,269079.1,-262441.0,603319.0,0.4405,0.111,1566.8,-0.06272,-42.82429,1.0,0,-1.0,-1.0,-1.0,-1.0,-1.0,0.0,0.0,0.0,0.0
1791655977.71,3220373.9,1400.7,228021.2,228021.2,414.6,1636.0,1403.8,14.7,89.92,-0.01,189.83,0.0,0.0,0.0,0.0,269079.1,-262441.0,603319.0,0.4405,0.111,1566.8,-0.06272,-42.82429,1.0,0,-1.0,-1.0,-1.0,-1.0,-1.0,0.0,0.0,0.0,0.0
1791655978.21,3220374.0,1401.2,228037.8,228037.8,414.6,1636.0,1403.8,14.69,89.92,-0.01,189.83,0.0,0.0,0.0,0.0,269079.1,-262441.0,603319.0,0.4405,0.111,1566.8,-0.06271,-42.82058,1.0,0,-1.0,-1.0,-1.0,-1.0,-1.0,0.0,0.0,0.0,0.0
1791655978.71,3220374.0,1401.7,228037.8,228037.8,414.6,1636.0,1403.8,14.69,89.92,-0.01,189.83,0.0,0.0,0.0,0.0,269079.1,-262441.0,603319.0,0.4405,0.111,1566.8,-0.06271,-42.82058,1.0,0,-1.0,-1.0,-1.0,-1.0,-1.0,0.0,0.0,0.0,0.0
1791655979.21,3220374.0,1402.2,228054.4,228054.4,414.5,1635.9,1403.7,14.69,89.92,-0.01,189.83,0.0,0.0,0.0,0.0,269079.1,-262441.0,603319.0,0.4405,0.111,1566.8,-0.06271,-42.81686,1.0,0,-1.0,-1.0,-1.0,-1.0,-1.0,0.0,0.0,0.0,0.0
1791655979.71,3220374.0,1402.7,228054.4,228054.4,414.5,1635.9,1403.7,14.69,89.92,-0.01,189.83,0.0,0.0,0.0,0.0,269079.1,-262441.0,603319.0,0.4405,0.111,1566.8,-0.06271,-42.81686,1.0,0,-1.0,-1.0,-1.0,-1.0,-1.0,0.0,0.0,0.0,0.0
1791655980.21,3220374.1,1403.2,228070.9,228070.9,414.4,1635.9,1403.6,14.69,89.92,-0.01,189.82,0.0,0.0,0.0,0.0,269079.1,-262441.0,603319.0,0.4405,0.111,1566.8,-0.0627,-42.81315,1.0,0,-1.0,-1.0,-1.0,-1.0,-1.0,0.0,0.0,0.0,0.0
1791655980.72,3220374.1,1403.8,228070.9,228070.9,414.4,1635.9,1403.6,14.69,89.92,-0.01,189.82,0.0,0.0,0.0,0.0,269079.1,-262441.0,603319.0,0.4405,0.111,1566.8,-0.0627,-42.81315,1.0,0,-1.0,-1.0,-1.0,-1.0,-1.0,0.0,0.0,0.0,0.0
1791655981.22,3220374.1,1404.3,228087.5,228087.5,414.3,1635.8,1403.6,14.68,89.92,-0.01,189.82,0.0,0.0,0.0,0.0,269079.1,-262441.0,603319.0,0.4405,0.111,1566.8,-0.06269,-42.80944,1.0,0,-1.0,-1.0,-1.0,-1.0,-1.0,0.0,0.0,0.0,0.0
1791655981.72,3220374.1,1404.8,228087.5,228087.5,414.3,1635.8,1403.6,14.68,89.92,-0.01,189.82,0.0,0.0,0.0,0.0,269079.1,-262441.0,603319.0,0.4405,0.111,1566.8,-0.06269,-42.80944,1.0,0,-1.0,-1.0,-1.0,-1.0,-1.0,0.0,0.0,0.0,0.0
1791655982.22,3220374.1,1405.3,228104.1,228104.1,414.2,1635.8,1403.5,14.68,89.92,-0.01,189.81,0.0,0.0,0.0,0.0,269079.1,-262441.0,603319.0,0.4405,0.111,1566.8,-0.06268,-42.80573,1.0,0,-1.0,-1.0,-1.0,-1.0,-1.0,0.0,0.0,0.0,0.0
1791655982.72,3220374.1,1405.8,228104.1,228104.1,414.2,1635.8,1403.5,14.68,89.92,-0.01,189.81,0.0,0.0,0.0,0.0,269079.1,-262441.0,603319.0,0.4405,0.111,1566.8,-0.06268,-42.80573,1.0,0,-1.0,-1.0,-1.0,-1.0,-1.0,0.0,0.0,0.0,0.0
1791655983.22,3220374.2,1406.3,228120.7,228120.7,414.1,1635.7,1403.5,14.68,89.92,-0.01,189.81,0.0,0.0,0.0,0.0,269079.1,-262441.0,603319.0,0.4405,0.111,1566.8,-0.06268,-42.80202,1.0,0,-1.0,-1.0,-1.0,-1.0,-1.0,0.0,0.0,0.0,0.0
1791655983.72,3220374.2,1406.8,228120.7,228120.7,414.1,1635.7,1403.5,14.68,89.92,-0.01,189.81,0.0,0.0,0.0,0.0,269079.1,-262441.0,603319.0,0.4405,0.111,1566.8,-0.06268,-42.80202,1.0,0,-1.0,-1.0,-1.0,-1.0,-1.0,0.0,0.0,0.0,0.0
1791655984.23,3220374.2,1407.3,228137.2,228137.2,414.0,1635.7,1403.4,14.68,89.92,-0.01,189.8,0.0,0.0,0.0,0.0,269079.1,-262441.0,603319.0,0.4405,0.111,1566.8,-0.06267,-42.79831,1.0,0,-1.0,-1.0,-1.0,-1.0,-1.0,0.0,0.0,0.0,0.0
1791655984.73,3220374.2,1407.8,228137.2,228137.2,414.0,1635.7,1403.4,14.68,89.92,-0.01,189.8,0.0,0.0,0.0,0.0,269079.1,-262441.0,603319.0,0.4405,0.111,1566.8,-0.06267,-42.79831,1.0,0,-1.0,-1.0,-1.0,-1.0,-1.0,0.0,0.0,0.0,0.0
1791655985.23,3220374.3,1408.3,228153.8,228153.8,414.0,1635.6,1403.3,14.67,89.92,-0.01,189.8,0.0,0.0,0.0,0.0,269079.1,-262441.0,603319.0,0.4405,0.111,1566.8,-0.06266,-42.7946,1.0,0,-1.0,-1.0,-1.0,-1.0,-1.0,0.0,0.0,0.0,0.0
1791655985.73,3220374.3,1408.8,228153.8,228153.8,414.0,1635.6,1403.3,14.67,89.92,-0.01,189.8,0.0,0.0,0.0,0.0,269079.1,-262441.0,603319.0,0.4405,0.111,1566.8,-0.06266,-42.7946,1.0,0,-1.0,-1.0,-1.0,-1.0,-1.0,0.0,0.0,0.0,0.0
1791655986.23,3220374.3,1409.3,228170.3,228170.3,413.9,1635.6,1403.3,14.67,89.92,-0.01,189.79,0.0,0.0,0.0,0.0,269079.1,-262441.0,603319.0,0.4405,0.111,1566.8,-0.06266,-42.79088,1.0,0,-1.0,-1.0,-1.0,-1.0,-1.0,0.0,0.0,0.0,0.0
1791655986.73,3220374.3,1409.8,228170.3,228170.3,413.9,1635.6,1403.3,14.67,89.92,-0.01,189.79,0.0,0.0,0.0,0.0,269079.1,-262441.0,603319.0,0.4405,0.111,1566.8,-0.06266,-42.79088,1.0,0,-1.0,-1.0,-1.0,-1.0,-1.0,0.0,0.0,0.0,0.0
1791655987.24,3220374.3,1410.3,228186.9,228186.9,413.8,1635.5,1403.2,14.67,89.92,-0.01,189.79,0.0,0.0,0.0,0.0,269079.1,-262441.0,603319.0,0.4405,0.111,1566.8,-0.06265,-42.78717,1.0,0,-1.0,-1.0,-1.0,-1.0,-1.0,0.0,0.0,0.0,0.0
1791655987.74,3220374.3,1410.8,228186.9,228186.9,413.8,1635.5,1403.2,14.67,89.92,-0.01,189.79,0.0,0.0,0.0,0.0,269079.1,-262441.0,603319.0,0.4405,0.111,1566.8,-0.06265,-42.78717,1.0,0,-1.0,-1.0,-1.0,-1.0,-1.0,0.0,0.0,0.0,0.0
1791655988.24,3220374.4,1411.3,228203.4,228203.4,413.7,1635.5,1403.2,14.66,89.92,-0.01,189.79,0.0,0.0,0.0,0.0,269079.1,-262441.0,603319.0,0.4405,0.111,1566.8,-0.06264,-42.78346,1.0,0,-1.0,-1.0,-1.0,-1.0,-1.0,0.0,0.0,0.0,0.0
1791655988.74,3220374.4,1411.8,228203.4,228203.4,413.7,1635.5,1403.2,14.66,89.92,-0.01,189.79,0.0,0.0,0.0,0.0,269079.1,-262441.0,603319.0,0.4405,0.111,1566.8,-0.06264,-42.78346,1.0,0,-1.0,-1.0,-1.0,-1.0,-1.0,0.0,0.0,0.0,0.0
1791655989.24,3220374.4,1412.3,228220.0,228220.0,413.6,1635.4,1403.1,14.66,89.92,-0.01,189.78,0.0,0.0,0.0,0.0,269079.1,-262441.0,603319.0,0.4405,0.111,1566.8,-0.06264,-42.77975,1.0,0,-1.0,-1.0,-1.0,-1.0,-1.0,0.0,0.0,0.0,0.0
1791655989.74,3220374.4,1412.8,228220.0,228220.0,413.6,1635.4,1403.1,14.66,89.92,-0.01,189.78,0.0,0.0,0.0,0.0,269079.1,-262441.0,603319.0,0.4405,0.111,1566.8,-0.06264,-42.77975,1.0,0,-1.0,-1.0,-1.0,-1.0,-1.0,0.0,0.0,0.0,0.0
1791655990.25,3220374.5,1413.3,228236.5,228236.5,413.5,1635.4,1403.0,14.66,89.92,-0.01,189.78,0.0,0.0,0.0,0.0,269079.1,-262441.0,603319.0,0.4405,0.111,1566.8,-0.06263,-42.77604,1.0,0,-1.0,-1.0,-1.0,-1.0,-1.0,0.0,0.0,0.0,0.0
1791655990.75,3220374.5,1413.8,228236.5,228236.5,413.5,1635.4,1403.0,14.66,89.92,-0.01,189.78,0.0,0.0,0.0,0.0,269079.1,-262441.0,603319.0,0.4405,0.111,1566.8,-0.06263,-42.77604,1.0,0,-1.0,-1.0,-1.0,-1.0,-1.0,0.0,0.0,0.0,0.0
1791655991.25,3220374.5,1414.3,228253.1,228253.1,413.5,1635.3,1403.0,14.66,89.92,-0.01,189.77,0.0,0.0,0.0,0.0,269079.1,-262441.0,603319.0,0.4405,0.111,1566.8,-0.06262,-42.77233,1.0,0,-1.0,-1.0,-1.0,-1.0,-1.0,0.0,0.0,0.0,0.0
1791655991.75,3220374.5,1414.8,228253.1,228253.1,413.5,1635.3,1403.0,14.66,89.92,-0.01,189.77,0.0,0.0,0.0,0.0,269079.1,-262441.0,603319.0,0.4405,0.111,1566.8,-0.06262,-42.77233,1.0,0,-1.0,-1.0,-1.0,-1.0,-1.0,0.0,0.0,0.0,0.0
1791655992.25,3220374.5,1415.3,228269.6,228269.6,413.4,1635.2,1402.9,14.65,89.92,-0.01,189.77,0.0,0.0,0.0,0.0,269079.1,-262441.0,603319.0,0.4405,0.111,1566.8,-0.06261,-42.76862,1.0,0,-1.0,-1.0,-1.0,-1.0,-1.0,0.0,0.0,0.0,0.0
1791655992.75,3220374.5,1415.8,228269.6,228269.6,413.4,1635.2,1402.9,14.65,89.92,-0.01,189.77,0.0,0.0,0.0,0.0,269079.1,-262441.0,603319.0,0.4405,0.111,1566.8,-0.06261,-42.76862,1.0,0,-1.0,-1.0,-1.0,-1.0,-1.0,0.0,0.0,0.0,0.0
1791655993.26,3220374.6,1416.3,228286.1,228286.1,413.3,1635.2,1402.9,14.65,89.92,-0.01,189.76,0.0,0.0,0.0,0.0,269079.1,-262441.0,603319.0,0.4405,0.111,1566.8,-0.06261,-42.76491,1.0,0,-1.0,-1.0,-1.0,-1.0,-1.0,0.0,0.0,0.0,0.0
1791655993.76,3220374.6,1416.8,228286.1,228286.1,413.3,1635.2,1402.9,14.65,89.92,-0.01,189.76,0.0,0.0,0.0,0.0,269079.1,-262441.0,603319.0,0.4405,0.111,1566.8,-0.06261,-42.76491,1.0,0,-1.0,-1.0,-1.0,-1.0,-1.0,0.0,0.0,0.0,0.0
1791655994.26,3220374.6,1417.3,228302.7,228302.7,413.2,1635.1,1402.8,14.65,89.92,-0.01,189.76,0.0,0.0,0.0,0.0,269079.1,-262441.0,603319.0,0.4405,0.111,1566.8,-0.0626,-42.76121,1.0,0,-1.0,-1.0,-1.0,-1.0,-1.0,0.0,0.0,0.0,0.0
1791655994.76,3220374.6,1417.8,228302.7,228302.7,413.2,1635.1,1402.8,14.65,89.92,-0.01,189.76,0.0,0.0,0.0,0.0,269079.1,-262441.0,603319.0,0.4405,0.111,1566.8,-0.0626,-42.76121,1.0,0,-1.0,-1.0,-1.0,-1.0,-1.0,0.0,0.0,0.0,0.0
1791655995.26,3220374.7,1418.3,228319.2,228319.2,413.1,1635.1,1402.7,14.64,89.92,-0.01,189.76,0.0,0.0,0.0,0.0,269079.1,-262441.0,603319.0,0.4405,0.111,1566.8,-0.06259,-42.7575,1.0,0,-1.0,-1.0,-1.0,-1.0,-1.0,0.0,0.0,0.0,0.0
1791655995.76,3220374.7,1418.8,228319.2,228319.2,413.1,1635.1,1402.7,14.64,89.92,-0.01,189.76,0.0,0.0,0.0,0.0,269079.1,-262441.0,603319.0,0.4405,0.111,1566.8,-0.06259,-42.7575,1.0,0,-1.0,-1.0,-1.0,-1.0,-1.0,0.0,0.0,0.0,0.0
1791655996.27,3220374.7,1419.3,228335.7,228335.7,413.0,1635.0,1402.7,14.64,89.92,-0.01,189.75,0.0,0.0,0.0,0.0,269079.1,-262441.0,603319.0,0.4405,0.111,1566.8,-0.06259,-42.75379,1.0,0,-1.0,-1.0,-1.0,-1.0,-1.0,0.0,0.0,0.0,0.0
1791655996.77,3220374.7,1419.8,228335.7,228335.7,413.0,1635.0,1402.7,14.64,89.92,-0.01,189.75,0.0,0.0,0.0,0.0,269079.1,-262441.0,603319.0,0.4405,0.111,1566.8,-0.06259,-42.75379,1.0,0,-1.0,-1.0,-1.0,-1.0,-1.0,0.0,0.0,0.0,0.0
1791655997.27,3220374.7,1420.3,228352.2,228352.2,412.9,1635.0,1402.6,14.64,89.92,-0.01,189.75,0.0,0.0,0.0,0.0,269079.1,-262441.0,603319.0,0.4405,0.111,1566.8,-0.06258,-42.75008,1.0,0,-1.0,-1.0,-1.0,-1.0,-1.0,0.0,0.0,0.0,0.0
1791655997.77,3220374.7,1420.8,228352.2,228352.2,412.9,1635.0,1402.6,14.64,89.92,-0.01,189.75,0.0,0.0,0.0,0.0,269079.1,-262441.0,603319.0,0.4405,0.111,1566.8,-0.06258,-42.75008,1.0,0,-1.0,-1.0,-1.0,-1.0,-1.0,0.0,0.0,0.0,0.0
1791655998.27,3220374.8,1421.3,228368.7,228368.8,412.9,1634.9,1402.6,14.64,89.92,-0.01,189.74,0.0,0.0,0.0,0.0,269079.1,-262441.0,603319.0,0.4405,0.111,1566.8,-0.06257,-42.74637,1.0,0,-1.0,-1.0,-1.0,-1.0,-1.0,0.0,0.0,0.0,0.0
1791655998.77,3220374.8,1421.8,228368.7,228368.8,412.9,1634.9,1402.6,14.64,89.92,-0.01,189.74,0.0,0.0,0.0,0.0,269079.1,-262441.0,603319.0,0.4405,0.111,1566.8,-0.06257,-42.74637,1.0,0,-1.0,-1.0,-1.0,-1.0,-1.0,0.0,0.0,0.0,0.0
1791655999.27,3220374.8,1422.3,228385.3,228385.3,412.8,1634.9,1402.5,14.63,89.92,-0.01,189.74,0.0,0.0,0.0,0.0,269079.1,-262441.0,603319.0,0.4405,0.111,1566.8,-0.06257,-42.74266,1.0,0,-1.0,-1.0,-1.0,-1.0,-1.0,0.0,0.0,0.0,0.0
1791655999.78,3220374.8,1422.8,228385.3,228385.3,412.8,1634.9,1402.5,14.63,89.92,-0.01,189.74,0.0,0.0,0.0,0.0,269079.1,-262441.0,603319.0,0.4405,0.111,1566.8,-0.06257,-42.74266,1.0,0,-1.0,-1.0,-1.0,-1.0,-1.0,0.0,0.0,0.0,0.0
1791656000.28,3220374.9,1423.3,228401.8,228401.8,412.7,1634.8,1402.4,14.63,89.92,-0.01,189.73,0.0,0.0,0.0,0.0,269079.1,-262441.0,603319.0,0.4405,0.111,1566.8,-0.06256,-42.73895,1.0,0,-1.0,-1.0,-1.0,-1.0,-1.0,0.0,0.0,0.0,0.0
1791656000.78,3220374.9,1423.8,228401.8,228401.8,412.7,1634.8,1402.4,14.63,89.92,-0.01,189.73,0.0,0.0,0.0,0.0,269079.1,-262441.0,603319.0,0.4405,0.111,1566.8,-0.06256,-42.73895,1.0,0,-1.0,-1.0,-1.0,-1.0,-1.0,0.0,0.0,0.0,0.0
1791656001.28,3220374.9,1424.3,228418.3,228418.3,412.6,1634.8,1402.4,14.63,89.92,-0.01,189.73,0.0,0.0,0.0,0.0,269079.1,-262441.0,603319.0,0.4405,0.111,1566.8,-0.06255,-42.73524,1.0,0,-1.0,-1.0,-1.0,-1.0,-1.0,0.0,0.0,0.0,0.0
1791656001.78,3220374.9,1424.8,228418.3,228418.3,412.6,1634.8,1402.4,14.63,89.92,-0.01,189.73,0.0,0.0,0.0,0.0,269079.1,-262441.0,603319.0,0.4405,0.111,1566.8,-0.06255,-42.73524,1.0,0,-1.0,-1.0,-1.0,-1.0,-1.0,0.0,0.0,0.0,0.0
1791656002.28,3220374.9,1425.3,228434.8,228434.8,412.5,1634.7,1402.3,14.62,89.92,-0.01,189.72,0.0,0.0,0.0,0.0,269079.1,-262441.0,603319.0,0.4405,0.111,1566.8,-0.06254,-42.73154,1.0,0,-1.0,-1.0,-1.0,-1.0,-1.0,0.0,0.0,0.0,0.0
1791656002.79,3220374.9,1425.8,228434.8,228434.8,412.5,1634.7,1402.3,14.62,89.92,-0.01,189.72,0.0,0.0,0.0,0.0,269079.1,-262441.0,603319.0,0.4405,0.111,1566.8,-0.06254,-42.73154,1.0,0,-1.0,-1.0,-1.0,-1.0,-1.0,0.0,0.0,0.0,0.0
1791656003.29,3220375.0,1426.3,228451.3,228451.3,412.4,1634.7,1402.3,14.62,89.92,-0.01,189.72,0.0,0.0,0.0,0.0,269079.1,-262441.0,603319.0,0.4405,0.111,1566.8,-0.06254,-42.72783,1.0,0,-1.0,-1.0,-1.0,-1.0,-1.0,0.0,0.0,0.0,0.0
1791656003.79,3220375.0,1426.8,228451.3,228451.3,412.4,1634.7,1402.3,14.62,89.92,-0.01,189.72,0.0,0.0,0.0,0.0,269079.1,-262441.0,603319.0,0.4405,0.111,1566.8,-0.06254,-42.72783,1.0,0,-1.0,-1.0,-1.0,-1.0,-1.0,0.0,0.0,0.0,0.0
1791656004.29,3220375.0,1427.3,228467.8,228467.8,412.3,1634.6,1402.2,14.62,89.92,-0.01,189.72,0.0,0.0,0.0,0.0,269079.1,-262441.0,603319.0,0.4405,0.111,1566.8,-0.06253,-42.72412,1.0,0,-1.0,-1.0,-1.0,-1.0,-1.0,0.0,0.0,0.0,0.0
1791656004.79,3220375.0,1427.8,228467.8,228467.8,412.3,1634.6,1402.2,14.62,89.92,-0.01,189.72,0.0,0.0,0.0,0.0,269079.1,-262441.0,603319.0,0.4405,0.111,1566.8,-0.06253,-42.72412,1.0,0,-1.0,-1.0,-1.0,-1.0,-1.0,0.0,0.0,0.0,0.0
1791656005.29,3220375.1,1428.3,228484.3,228484.3,412.3,1634.6,1402.1,14.62,89.92,-0.01,189.71,0.0,0.0,0.0,0.0,269079.1,-262441.0,603319.0,0.4405,0.111,1566.8,-0.06252,-42.72041,1.0,0,-1.0,-1.0,-1.0,-1.0,-1.0,0.0,0.0,0.0,0.0
1791656005.8,3220375.1,1428.8,228484.3,228484.3,412.3,1634.6,1402.1,14.62,89.92,-0.01,189.71,0.0,0.0,0.0,0.0,269079.1,-262441.0,603319.0,0.4405,0.111,1566.8,-0.06252,-42.72041,1.0,0,-1.0,-1.0,-1.0,-1.0,-1.0,0.0,0.0,0.0,0.0
1791656006.3,3220375.1,1429.3,228500.8,228500.8,412.2,1634.5,1402.1,14.61,89.92,-0.01,189.71,0.0,0.0,0.0,0.0,269079.1,-262441.0,603319.0,0.4405,0.111,1566.8,-0.06252,-42.71671,1.0,0,-1.0,-1.0,-1.0,-1.0,-1.0,0.0,0.0,0.0,0.0
1791656006.8,3220375.1,1429.8,228500.8,228500.8,412.2,1634.5,1402.1,14.61,89.92,-0.01,189.71,0.0,0.0,0.0,0.0,269079.1,-262441.0,603319.0,0.4405,0.111,1566.8,-0.06252,-42.71671,1.0,0,-1.0,-1.0,-1.0,-1.0,-1.0,0.0,0.0,0.0,0.0
1791656007.31,3220375.1,1430.3,228517.2,228517.2,412.1,1634.5,1402.0,14.61,89.92,-0.01,189.7,0.0,0.0,0.0,0.0,269079.1,-262441.0,603319.0,0.4405,0.111,1566.8,-0.06251,-42.713,1.0,0,-1.0,-1.0,-1.0,-1.0,-1.0,0.0,0.0,0.0,0.0
1791656007.81,3220375.1,1430.8,228517.2,228517.2,412.1,1634.5,1402.0,14.61,89.92,-0.01,189.7,0.0,0.0,0.0,0.0,269079.1,-262441.0,603319.0,0.4405,0.111,1566.8,-0.06251,-42.713,1.0,0,-1.0,-1.0,-1.0,-1.0,-1.0,0.0,0.0,0.0,0.0
1791656008.31,3220375.2,1431.3,228533.7,228533.7,412.0,1634.4,1402.0,14.61,89.92,-0.01,189.7,0.0,0.0,0.0,0.0,269079.1,-262441.0,603319.0,0.4405,0.111,1566.8,-0.0625,-42.70929,1.0,0,-1.0,-1.0,-1.0,-1.0,-1.0,0.0,0.0,0.0,0.0
1791656008.81,3220375.2,1431.8,228533.7,228533.7,412.0,1634.4,1402.0,14.61,89.92,-0.01,189.7,0.0,0.0,0.0,0.0,269079.1,-262441.0,603319.0,0.4405,0.111,1566.8,-0.0625,-42.70929,1.0,0,-1.0,-1.0,-1.0,-1.0,-1.0,0.0,0.0,0.0,0.0
1791656009.31,3220375.2,1432.3,228550.2,228550.2,411.9,1634.4,1401.9,14.6,89.92,-0.01,189.69,0.0,0.0,0.0,0.0,269079.1,-262441.0,603319.0,0.4405,0.111,1566.8,-0.0625,-42.70559,1.0,0,-1.0,-1.0,-1.0,-1.0,-1.0,0.0,0.0,0.0,0.0
1791656009.81,3220375.2,1432.8,228550.2,228550.2,411.9,1634.4,1401.9,14.6,89.92,-0.01,189.69,0.0,0.0,0.0,0.0,269079.1,-262441.0,603319.0,0.4405,0.111,1566.8,-0.0625,-42.70559,1.0,0,-1.0,-1.0,-1.0,-1.0,-1.0,0.0,0.0,0.0,0.0
1791656010.32,3220375.3,1433.4,228566.7,228566.7,411.8,1634.3,1401.8,14.6,89.92,-0.01,189.69,0.0,0.0,0.0,0.0,269079.1,-262441.0,603319.0,0.4405,0.111,1566.8,-0.06249,-42.70188,1.0,0,-1.0,-1.0,-1.0,-1.0,-1.0,0.0,0.0,0.0,0.0
1791656010.82,3220375.3,1433.9,228566.7,228566.7,411.8,1634.3,1401.8,14.6,89.92,-0.01,189.69,0.0,0.0,0.0,0.0,269079.1,-262441.0,603319.0,0.4405,0.111,1566.8,-0.06249,-42.70188,1.0,0,-1.0,-1.0,-1.0,-1.0,-1.0,0.0,0.0,0.0,0.0
1791656011.32,3220375.3,1434.4,228583.1,228583.1,411.7,1634.3,1401.8,14.6,89.92,-0.01,189.69,0.0,0.0,0.0,0.0,269079.1,-262441.0,603319.0,0.4405,0.111,1566.8,-0.06248,-42.69817,1.0,0,-1.0,-1.0,-1.0,-1.0,-1.0,0.0,0.0,0.0,0.0
1791656011.82,3220375.3,1434.9,228583.1,228583.1,411.7,1634.3,1401.8,14.6,89.92,-0.01,189.69,0.0,0.0,0.0,0.0,269079.1,-262441.0,603319.0,0.4405,0.111,1566.8,-0.06248,-42.69817,1.0,0,-1.0,-1.0,-1.0,-1.0,-1.0,0.0,0.0,0.0,0.0
1791656012.32,3220375.3,1435.4,228599.6,228599.6,411.7,1634.2,1401.7,14.6,89.92,-0.01,189.68,0.0,0.0,0.0,0.0,269079.1,-262441.0,603319.0,0.4405,0.111,1566.8,-0.06247,-42.69447,1.0,0,-1.0,-1.0,-1.0,-1.0,-1.0,0.0,0.0,0.0,0.0
1791656012.82,3220375.3,1435.9,228599.6,228599.6,411.7,1634.2,1401.7,14.6,89.92,-0.01,189.68,0.0,0.0,0.0,0.0,269079.1,-262441.0,603319.0,0.4405,0.111,1566.8,-0.06247,-42.69447,1.0,0,-1.0,-1.0,-1.0,-1.0,-1.0,0.0,0.0,0.0,0.0
1791656013.32,3220375.4,1436.4,228616.1,228616.1,411.6,1634.2,1401.7,14.59,89.92,-0.01,189.68,0.0,0.0,0.0,0.0,269079.1,-262441.0,603319.0,0.4405,0.111,1566.8,-0.06247,-42.69076,1.0,0,-1.0,-1.0,-1.0,-1.0,-1.0,0.0,0.0,0.0,0.0
1791656013.83,3220375.4,1436.9,228616.1,228616.1,411.6,1634.2,1401.7,14.59,89.92,-0.01,189.68,0.0,0.0,0.0,0.0,269079.1,-262441.0,603319.0,0.4405,0.111,1566.8,-0.06247,-42.69076,1.0,0,-1.0,-1.0,-1.0,-1.0,-1.0,0.0,0.0,0.0,0.0
1791656014.33,3220375.4,1437.4,228632.5,228632.5,411.5,1634.1,1401.6,14.59,89.92,-0.01,189.67,0.0,0.0,0.0,0.0,269079.1,-262441.0,603319.0,0.4405,0.111,1566.8,-0.06246,-42.68706,1.0,0,-1.0,-1.0,-1.0,-1.0,-1.0,0.0,0.0,0.0,0.0
1791656014.83,3220375.4,1437.9,228632.5,228632.5,411.5,1634.1,1401.6,14.59,89.92,-0.01,189.67,0.0,0.0,0.0,0.0,269079.1,-262441.0,603319.0,0.4405,0.111,1566.8,-0.06246,-42.68706,1.0,0,-1.0,-1.0,-1.0,-1.0,-1.0,0.0,0.0,0.0,0.0
1791656015.33,3220375.5,1438.4,228649.0,228649.0,411.4,1634.1,1401.5,14.59,89.92,-0.01,189.67,0.0,0.0,0.0,0.0,269079.1,-262441.0,603319.0,0.4405,0.111,1566.8,-0.06245,-42.68335,1.0,0,-1.0,-1.0,-1.0,-1.0,-1.0,0.0,0.0,0.0,0.0
1791656015.83,3220375.5,1438.9,228649.0,228649.0,411.4,1634.1,1401.5,14.59,89.92,-0.01,189.67,0.0,0.0,0.0,0.0,269079.1,-262441.0,603319.0,0.4405,0.111,1566.8,-0.06245,-42.68335,1.0,0,-1.0,-1.0,-1.0,-1.0,-1.0,0.0,0.0,0.0,0.0
1791656016.33,3220375.5,1439.4,228665.5,228665.5,411.3,1634.0,1401.5,14.58,89.92,-0.01,189.66,0.0,0.0,0.0,0.0,269079.1,-262441.0,603319.0,0.4405,0.111,1566.8,-0.06245,-42.67964,1.0,0,-1.0,-1.0,-1.0,-1.0,-1.0,0.0,0.0,0.0,0.0
1791656016.84,3220375.5,1439.9,228665.5,228665.5,411.3,1634.0,1401.5,14.58,89.92,-0.01,189.66,0.0,0.0,0.0,0.0,269079.1,-262441.0,603319.0,0.4405,0.111,1566.8,-0.06245,-42.67964,1.0,0,-1.0,-1.0,-1.0,-1.0,-1.0,0.0,0.0,0.0,0.0
1791656017.34,3220375.5,1440.4,228673.7,-1.0,411.3,1634.0,1401.5,14.58,89.92,-0.01,189.66,0.0,0.0,0.0,0.0,269079.1,-262441.0,603319.0,0.4405,0.111,1566.8,-0.06244,-42.67813,1.0,0,-1.0,-1.0,-1.0,-1.0,-1.0,0.0,0.0,0.0,0.0
1791656017.84,3220375.5,1440.9,228681.9,228681.9,411.2,1634.0,1401.4,14.58,89.92,-0.01,189.66,0.0,0.0,0.0,0.0,269079.1,-262441.0,603319.0,0.4405,0.111,1566.8,-0.06244,-42.67594,1.0,0,-1.0,-1.0,-1.0,-1.0,-1.0,0.0,0.0,0.0,0.0
1791656018.34,3220375.6,1441.4,228681.9,228681.9,411.2,1634.0,1401.4,14.58,89.92,-0.01,189.66,0.0,0.0,0.0,0.0,269079.1,-262441.0,603319.0,0.4405,0.111,1566.8,-0.06244,-42.67594,1.0,0,-1.0,-1.0,-1.0,-1.0,-1.0,0.0,0.0,0.0,0.0
1791656018.84,3220375.6,1441.9,228698.4,228698.4,411.2,1633.9,1401.4,14.58,89.92,-0.01,189.65,0.0,0.0,0.0,0.0,269079.1,-262441.0,603319.0,0.4405,0.111,1566.8,-0.06243,-42.67223,1.0,0,-1.0,-1.0,-1.0,-1.0,-1.0,0.0,0.0,0.0,0.0
1791656019.34,3220375.6,1442.4,228698.4,228698.4,411.2,1633.9,1401.4,14.58,89.92,-0.01,189.65,0.0,0.0,0.0,0.0,269079.1,-262441.0,603319.0,0.4405,0.111,1566.8,-0.06243,-42.67223,1.0,0,-1.0,-1.0,-1.0,-1.0,-1.0,0.0,0.0,0.0,0.0
1791656019.85,3220375.6,1442.9,228714.8,228714.8,411.1,1633.8,1401.3,14.57,89.92,-0.01,189.65,0.0,0.0,0.0,0.0,269079.1,-262441.0,603319.0,0.4405,0.111,1566.8,-0.06243,-42.66853,1.0,0,-1.0,-1.0,-1.0,-1.0,-1.0,0.0,0.0,0.0,0.0
1791656020.35,3220375.6,1443.4,228714.8,228714.8,411.1,1633.8,1401.3,14.57,89.92,-0.01,189.65,0.0,0.0,0.0,0.0,269079.1,-262441.0,603319.0,0.4405,0.111,1566.8,-0.06243,-42.66853,1.0,0,-1.0,-1.0,-1.0,-1.0,-1.0,0.0,0.0,0.0,0.0
1791656020.85,3220375.7,1443.9,228731.2,228731.2,411.0,1633.8,1401.3,14.57,89.92,-0.01,189.65,0.0,0.0,0.0,0.0,269079.1,-262441.0,603319.0,0.4405,0.111,1566.8,-0.06242,-42.66482,1.0,0,-1.0,-1.0,-1.0,-1.0,-1.0,0.0,0.0,0.0,0.0
1791656021.35,3220375.7,1444.4,228731.2,228731.2,411.0,1633.8,1401.3,14.57,89.92,-0.01,189.65,0.0,0.0,0.0,0.0,269079.1,-262441.0,603319.0,0.4405,0.111,1566.8,-0.06242,-42.66482,1.0,0,-1.0,-1.0,-1.0,-1.0,-1.0,0.0,0.0,0.0,0.0
1791656021.85,3220375.7,1444.9,228747.7,228747.7,410.9,1633.7,1401.2,14.57,89.92,-0.01,189.64,0.0,0.0,0.0,0.0,269079.1,-262441.0,603319.0,0.4405,0.111,1566.8,-0.06241,-42.66112,1.0,0,-1.0,-1.0,-1.0,-1.0,-1.0,0.0,0.0,0.0,0.0
1791656022.35,3220375.7,1445.4,228747.7,228747.7,410.9,1633.7,1401.2,14.57,89.92,-0.01,189.64,0.0,0.0,0.0,0.0,269079.1,-262441.0,603319.0,0.4405,0.111,1566.8,-0.06241,-42.66112,1.0,0,-1.0,-1.0,-1.0,-1.0,-1.0,0.0,0.0,0.0,0.0
1791656022.86,3220375.7,1445.9,228764.1,228764.1,410.8,1633.7,1401.1,14.57,89.92,-0.01,189.64,0.0,0.0,0.0,0.0,269079.1,-262441.0,603319.0,0.4405,0.111,1566.8,-0.0624,-42.65742,1.0,0,-1.0,-1.0,-1.0,-1.0,-1.0,0.0,0.0,0.0,0.0
1791656023.36,3220375.7,1446.4,228764.1,228764.1,410.8,1633.7,1401.1,14.57,89.92,-0.01,189.64,0.0,0.0,0.0,0.0,269079.1,-262441.0,603319.0,0.4405,0.111,1566.8,-0.0624,-42.65742,1.0,0,-1.0,-1.0,-1.0,-1.0,-1.0,0.0,0.0,0.0,0.0
1791656023.86,3220375.8,1446.9,228780.5,228780.5,410.7,1633.6,1401.1,14.56,89.92,-0.01,189.63,0.0,0.0,0.0,0.0,269079.1,-262441.0,603319.0,0.4405,0.111,1566.8,-0.0624,-42.65371,1.0,0,-1.0,-1.0,-1.0,-1.0,-1.0,0.0,0.0,0.0,0.0
1791656024.36,3220375.8,1447.4,228780.5,228780.5,410.7,1633.6,1401.1,14.56,89.92,-0.01,189.63,0.0,0.0,0.0,0.0,269079.1,-262441.0,603319.0,0.4405,0.111,1566.8,-0.0624,-42.65371,1.0,0,-1.0,-1.0,-1.0,-1.0,-1.0,0.0,0.0,0.0,0.0
1791656024.86,3220375.8,1447.9,228797.0,228797.0,410.6,1633.6,1401.0,14.56,89.92,-0.01,189.63,0.0,0.0,0.0,0.0,269079.1,-262441.0,603319.0,0.4405,0.111,1566.8,-0.06239,-42.65001,1.0,0,-1.0,-1.0,-1.0,-1.0,-1.0,0.0,0.0,0.0,0.0
1791656025.37,3220375.8,1448.4,228797.0,228797.0,410.6,1633.6,1401.0,14.56,89.92,-0.01,189.63,0.0,0.0,0.0,0.0,269079.1,-262441.0,603319.0,0.4405,0.111,1566.8,-0.06239,-42.65001,1.0,0,-1.0,-1.0,-1.0,-1.0,-1.0,0.0,0.0,0.0,0.0
1791656025.87,3220375.9,1448.9,228813.4,228813.4,410.6,1633.5,1401.0,14.56,89.92,-0.01,189.62,0.0,0.0,0.0,0.0,269079.1,-262441.0,603319.0,0.4405,0.111,1566.8,-0.06238,-42.6463,1.0,0,-1.0,-1.0,-1.0,-1.0,-1.0,0.0,0.0,0.0,0.0
1791656026.37,3220375.9,1449.4,228813.4,228813.4,410.6,1633.5,1401.0,14.56,89.92,-0.01,189.62,0.0,0.0,0.0,0.0,269079.1,-262441.0,603319.0,0.4405,0.111,1566.8,-0.06238,-42.6463,1.0,0,-1.0,-1.0,-1.0,-1.0,-1.0,0.0,0.0,0.0,0.0
1791656026.87,3220375.9,1449.9,228829.8,228829.8,410.5,1633.5,1400.9,14.55,89.92,-0.01,189.62,0.0,0.0,0.0,0.0,269079.1,-262441.0,603319.0,0.4405,0.111,1566.8,-0.06238,-42.6426,1.0,0,-1.0,-1.0,-1.0,-1.0,-1.0,0.0,0.0,0.0,0.0
1791656027.37,3220375.9,1450.4,228829.8,228829.8,410.5,1633.5,1400.9,14.55,89.92,-0.01,189.62,0.0,0.0,0.0,0.0,269079.1,-262441.0,603319.0,0.4405,0.111,1566.8,-0.06238,-42.6426,1.0,0,-1.0,-1.0,-1.0,-1.0,-1.0,0.0,0.0,0.0,0.0
1791656027.87,3220375.9,1450.9,228846.2,228846.2,410.4,1633.4,1400.8,14.55,89.92,-0.01,189.62,0.0,0.0,0.0,0.0,269079.1,-262441.0,603319.0,0.4405,0.111,1566.8,-0.06237,-42.6389,1.0,0,-1.0,-1.0,-1.0,-1.0,-1.0,0.0,0.0,0.0,0.0
1791656028.37,3220375.9,1451.4,228846.2,228846.2,410.4,1633.4,1400.8,14.55,89.92,-0.01,189.62,0.0,0.0,0.0,0.0,269079.1,-262441.0,603319.0,0.4405,0.111,1566.8,-0.06237,-42.6389,1.0,0,-1.0,-1.0,-1.0,-1.0,-1.0,0.0,0.0,0.0,0.0
1791656028.88,3220376.0,1451.9,228862.6,228862.6,410.3,1633.4,1400.8,14.55,89.92,-0.01,189.61,0.0,0.0,0.0,0.0,269079.1,-262441.0,603319.0,0.4405,0.111,1566.8,-0.06236,-42.63519,1.0,0,-1.0,-1.0,-1.0,-1.0,-1.0,0.0,0.0,0.0,0.0
1791656029.38,3220376.0,1452.4,228862.6,228862.6,410.3,1633.4,1400.8,14.55,89.92,-0.01,189.61,0.0,0.0,0.0,0.0,269079.1,-262441.0,603319.0,0.4405,0.111,1566.8,-0.06236,-42.63519,1.0,0,-1.0,-1.0,-1.0,-1.0,-1.0,0.0,0.0,0.0,0.0
1791656029.88,3220376.0,1452.9,228879.1,228879.1,410.2,1633.3,1400.7,14.54,89.92,-0.01,189.61,0.0,0.0,0.0,0.0,269079.1,-262441.0,603319.0,0.4405,0.111,1566.8,-0.06236,-42.63149,1.0,0,-1.0,-1.0,-1.0,-1.0,-1.0,0.0,0.0,0.0,0.0
1791656030.38,3220376.0,1453.4,228879.1,228879.1,410.2,1633.3,1400.7,14.54,89.92,-0.01,189.61,0.0,0.0,0.0,0.0,269079.1,-262441.0,603319.0,0.4405,0.111,1566.8,-0.06236,-42.63149,1.0,0,-1.0,-1.0,-1.0,-1.0,-1.0,0.0,0.0,0.0,0.0
1791656030.88,3220376.1,1453.9,228895.5,228895.5,410.1,1633.3,1400.7,14.54,89.92,-0.01,189.6,0.0,0.0,0.0,0.0,269079.1,-262441.0,603319.0,0.4405,0.111,1566.8,-0.06235,-42.62779,1.0,0,-1.0,-1.0,-1.0,-1.0,-1.0,0.0,0.0,0.0,0.0
1791656031.39,3220376.1,1454.4,228895.5,228895.5,410.1,1633.3,1400.7,14.54,89.92,-0.01,189.6,0.0,0.0,0.0,0.0,269079.1,-262441.0,603319.0,0.4405,0.111,1566.8,-0.06235,-42.62779,1.0,0,-1.0,-1.0,-1.0,-1.0,-1.0,0.0,0.0,0.0,0.0
1791656031.89,3220376.1,1454.9,228911.9,228911.9,410.0,1633.2,1400.6,14.54,89.91,-0.01,189.6,0.0,0.0,0.0,0.0,269079.1,-262441.0,603319.0,0.4405,0.111,1566.8,-0.06234,-42.62408,1.0,0,-1.0,-1.0,-1.0,-1.0,-1.0,0.0,0.0,0.0,0.0
1791656032.39,3220376.1,1455.4,228911.9,228911.9,410.0,1633.2,1400.6,14.54,89.91,-0.01,189.6,0.0,0.0,0.0,0.0,269079.1,-262441.0,603319.0,0.4405,0.111,1566.8,-0.06234,-42.62408,1.0,0,-1.0,-1.0,-1.0,-1.0,-1.0,0.0,0.0,0.0,0.0
1791656032.89,3220376.1,1455.9,228928.3,228928.3,410.0,1633.2,1400.5,14.54,89.91,-0.01,189.59,0.0,0.0,0.0,0.0,269079.1,-262441.0,603319.0,0.4405,0.111,1566.8,-0.06233,-42.62038,1.0,0,-1.0,-1.0,-1.0,-1.0,-1.0,0.0,0.0,0.0,0.0
1791656033.39,3220376.1,1456.4,228928.3,228928.3,410.0,1633.2,1400.5,14.54,89.91,-0.01,189.59,0.0,0.0,0.0,0.0,269079.1,-262441.0,603319.0,0.4405,0.111,1566.8,-0.06233,-42.62038,1.0,0,-1.0,-1.0,-1.0,-1.0,-1.0,0.0,0.0,0.0,0.0
1791656033.9,3220376.2,1456.9,228944.7,228944.7,409.9,1633.1,1400.5,14.53,89.91,-0.01,189.59,0.0,0.0,0.0,0.0,269079.1,-262441.0,603319.0,0.4405,0.111,1566.8,-0.06233,-42.61668,1.0,0,-1.0,-1.0,-1.0,-1.0,-1.0,0.0,0.0,0.0,0.0
1791656034.4,3220376.2,1457.4,228944.7,228944.7,409.9,1633.1,1400.5,14.53,89.91,-0.01,189.59,0.0,0.0,0.0,0.0,269079.1,-262441.0,603319.0,0.4405,0.111,1566.8,-0.06233,-42.61668,1.0,0,-1.0,-1.0,-1.0,-1.0,-1.0,0.0,0.0,0.0,0.0
1791656034.9,3220376.2,1457.9,228961.1,228961.1,409.8,1633.1,1400.4,14.53,89.91,-0.01,189.58,0.0,0.0,0.0,0.0,269079.1,-262441.0,603319.0,0.4405,0.111,1566.8,-0.06232,-42.61298,1.0,0,-1.0,-1.0,-1.0,-1.0,-1.0,0.0,0.0,0.0,0.0
1791656035.4,3220376.2,1458.4,228961.1,228961.1,409.8,1633.1,1400.4,14.53,89.91,-0.01,189.58,0.0,0.0,0.0,0.0,269079.1,-262441.0,603319.0,0.4405,0.111,1566.8,-0.06232,-42.61298,1.0,0,-1.0,-1.0,-1.0,-1.0,-1.0,0.0,0.0,0.0,0.0
1791656035.9,3220376.3,1458.9,228977.4,228977.5,409.7,1633.0,1400.4,14.53,89.91,-0.0,189.58,0.0,0.0,0.0,0.0,269079.1,-262441.0,603319.0,0.4405,0.111,1566.8,-0.06231,-42.60927,1.0,0,-1.0,-1.0,-1.0,-1.0,-1.0,0.0,0.0,0.0,0.0
1791656036.4,3220376.3,1459.4,228977.4,228977.5,409.7,1633.0,1400.4,14.53,89.91,-0.0,189.58,0.0,0.0,0.0,0.0,269079.1,-262441.0,603319.0,0.4405,0.111,1566.8,-0.06231,-42.60927,1.0,0,-1.0,-1.0,-1.0,-1.0,-1.0,0.0,0.0,0.0,0.0
1791656036.91,3220376.3,1459.9,228993.8,228993.8,409.6,1633.0,1400.3,14.52,89.91,-0.0,189.58,0.0,0.0,0.0,0.0,269079.1,-262441.0,603319.0,0.4405,0.111,1566.8,-0.06231,-42.60557,1.0,0,-1.0,-1.0,-1.0,-1.0,-1.0,0.0,0.0,0.0,0.0
1791656037.41,3220376.3,1460.4,228993.8,228993.8,409.6,1633.0,1400.3,14.52,89.91,-0.0,189.58,0.0,0.0,0.0,0.0,269079.1,-262441.0,603319.0,0.4405,0.111,1566.8,-0.06231,-42.60557,1.0,0,-1.0,-1.0,-1.0,-1.0,-1.0,0.0,0.0,0.0,0.0
1791656037.91,3220376.3,1460.9,229010.2,229010.2,409.5,1632.9,1400.2,14.52,89.91,-0.0,189.57,0.0,0.0,0.0,0.0,269079.1,-262441.0,603319.0,0.4405,0.111,1566.8,-0.0623,-42.60187,1.0,0,-1.0,-1.0,-1.0,-1.0,-1.0,0.0,0.0,0.0,0.0
1791656038.42,3220376.3,1461.5,229010.2,229010.2,409.5,1632.9,1400.2,14.52,89.91,-0.0,189.57,0.0,0.0,0.0,0.0,269079.1,-262441.0,603319.0,0.4405,0.111,1566.8,-0.0623,-42.60187,1.0,0,-1.0,-1.0,-1.0,-1.0,-1.0,0.0,0.0,0.0,0.0
1791656038.92,3220376.4,1462.0,229026.6,229026.6,409.5,1632.9,1400.2,14.52,89.91,-0.0,189.57,0.0,0.0,0.0,0.0,269079.1,-262441.0,603319.0,0.4405,0.111,1566.8,-0.06229,-42.59817,1.0,0,-1.0,-1.0,-1.0,-1.0,-1.0,0.0,0.0,0.0,0.0
1791656039.42,3220376.8,1462.5,229198.4,229198.4,408.6,1632.3,1399.6,14.49,89.91,-0.0,189.52,0.0,0.0,0.0,0.0,269079.1,-262441.0,603319.0,0.4405,0.111,1566.8,-0.06222,-42.55931,1.0,0,-1.0,-1.0,-1.0,-1.0,-1.0,0.0,0.0,0.0,0.0
1791656039.92,3220377.3,1463.0,229402.4,229402.4,407.5,1631.7,1398.8,14.46,89.91,0.0,189.47,0.0,0.0,0.0,0.0,269079.1,-262441.0,603319.0,0.4405,0.111,1566.8,-0.06213,-42.51308,1.0,0,-1.0,-1.0,-1.0,-1.0,-1.0,0.0,0.0,0.0,0.0
1791656040.42,3220377.8,1463.5,229605.9,229605.9,406.4,1631.0,1398.1,14.42,89.9,0.01,189.41,0.0,0.0,0.0,0.0,269079.1,-262441.0,603319.0,0.4405,0.111,1566.8,-0.06204,-42.46687,1.0,0,-1.0,-1.0,-1.0,-1.0,-1.0,0.0,0.0,0.0,0.0
1791656040.93,3220378.3,1464.0,229808.8,229808.8,405.4,1630.4,1397.4,14.39,89.9,0.01,189.36,0.0,0.0,0.0,0.0,269079.1,-262441.0,603319.0,0.4405,0.111,1566.8,-0.06195,-42.42069,1.0,0,-1.0,-1.0,-1.0,-1.0,-1.0,0.0,0.0,0.0,0.0
1791656041.43,3220378.8,1464.5,230019.3,230019.3,404.3,1629.7,1396.6,14.36,89.9,0.01,189.3,0.0,0.0,0.0,0.0,269079.1,-262441.0,603319.0,0.4405,0.111,1566.8,-0.06186,-42.37269,1.0,0,-1.0,-1.0,-1.0,-1.0,-1.0,0.0,0.0,0.0,0.0
1791656041.93,3220379.3,1465.0,230221.2,230221.2,403.2,1629.1,1395.9,14.33,89.9,0.01,189.25,0.0,0.0,0.0,0.0,269079.1,-262441.0,603319.0,0.4405,0.111,1566.8,-0.06178,-42.32657,1.0,0,-1.0,-1.0,-1.0,-1.0,-1.0,0.0,0.0,0.0,0.0
1791656042.43,3220379.8,1465.5,230422.6,230422.5,402.1,1628.5,1395.1,14.3,89.9,0.01,189.19,0.0,0.0,0.0,0.0,269079.1,-262441.0,603319.0,0.4405,0.111,1566.8,-0.06169,-42.28047,1.0,0,-1.0,-1.0,-1.0,-1.0,-1.0,0.0,0.0,0.0,0.0
1791656042.94,3220380.3,1466.0,230623.4,230623.4,401.1,1627.8,1394.4,14.27,89.9,0.01,189.14,0.0,0.0,0.0,0.0,269079.1,-262441.0,603319.0,0.4405,0.111,1566.8,-0.0616,-42.23439,1.0,0,-1.0,-1.0,-1.0,-1.0,-1.0,0.0,0.0,0.0,0.0
1791656043.44,3220380.8,1466.5,230823.6,230823.6,400.0,1627.2,1393.7,14.24,89.9,0.0,189.08,0.0,0.0,0.0,0.0,269079.1,-262441.0,603319.0,0.4405,0.111,1566.8,-0.06151,-42.18835,1.0,0,-1.0,-1.0,-1.0,-1.0,-1.0,0.0,0.0,0.0,0.0
1791656043.95,3220381.3,1467.0,231031.4,231031.4,398.9,1626.6,1392.9,14.21,89.9,-0.0,189.03,0.0,0.0,0.0,0.0,269079.1,-262441.0,603319.0,0.4405,0.111,1566.8,-0.06142,-42.14049,1.0,0,-1.0,-1.0,-1.0,-1.0,-1.0,0.0,0.0,0.0,0.0
1791656044.45,3220381.8,1467.5,231230.6,231230.6,397.9,1625.9,1392.2,14.18,89.91,-0.01,188.97,0.0,0.0,0.0,0.0,269079.1,-262441.0,603319.0,0.4405,0.111,1566.8,-0.06133,-42.09449,1.0,0,-1.0,-1.0,-1.0,-1.0,-1.0,0.0,0.0,0.0,0.0
1791656044.95,3220382.3,1468.0,231429.2,231429.2,396.8,1625.3,1391.5,14.15,89.91,-0.01,188.92,0.0,0.0,0.0,0.0,269079.1,-262441.0,603319.0,0.4405,0.111,1566.8,-0.06124,-42.04852,1.0,0,-1.0,-1.0,-1.0,-1.0,-1.0,0.0,0.0,0.0,0.0
1791656045.45,3220382.7,1468.5,231579.9,231579.9,396.0,1624.8,1390.9,14.12,89.91,-0.01,188.88,0.0,0.0,0.0,0.0,269079.1,-262441.0,603319.0,0.4405,0.111,1566.8,-0.06118,-42.01361,1.0,0,-1.0,-1.0,-1.0,-1.0,-1.0,0.0,0.0,0.0,0.0
1791656045.96,3220383.2,1469.0,231777.6,231777.6,394.9,1624.2,1390.2,14.09,89.92,-0.01,188.82,0.0,0.0,0.0,0.0,269079.1,-262441.0,603319.0,0.4405,0.111,1566.8,-0.06109,-41.96769,1.0,0,-1.0,-1.0,-1.0,-1.0,-1.0,0.0,0.0,0.0,0.0
1791656046.46,3220383.7,1469.5,231974.8,231974.8,393.9,1623.6,1389.5,14.05,89.92,-0.01,188.77,0.0,0.0,0.0,0.0,269079.1,-262441.0,603319.0,0.4405,0.111,1566.8,-0.061,-41.92179,1.0,0,-1.0,-1.0,-1.0,-1.0,-1.0,0.0,0.0,0.0,0.0
1791656046.96,3220384.2,1470.0,232171.5,232171.5,392.8,1623.0,1388.8,14.02,89.92,-0.01,188.71,0.0,0.0,0.0,0.0,269079.1,-262441.0,603319.0,0.4405,0.111,1566.8,-0.06091,-41.87592,1.0,0,-1.0,-1.0,-1.0,-1.0,-1.0,0.0,0.0,0.0,0.0
1791656047.46,3220384.7,1470.5,232367.6,232367.6,391.8,1622.4,1388.1,13.98,89.92,-0.0,188.66,0.0,0.0,0.0,0.0,269079.1,-262441.0,603319.0,0.4405,0.111,1566.8,-0.06083,-41.83007,1.0,0,-1.0,-1.0,-1.0,-1.0,-1.0,0.0,0.0,0.0,0.0
1791656047.97,3220385.2,1471.0,232571.0,232571.0,390.7,1621.7,1387.3,13.94,89.91,0.0,188.6,0.0,0.0,0.0,0.0,269079.1,-262441.0,603319.0,0.4405,0.111,1566.8,-0.06073,-41.78242,1.0,0,-1.0,-1.0,-1.0,-1.0,-1.0,0.0,0.0,0.0,0.0
1791656048.47,3220385.7,1471.5,232766.1,232766.1,389.6,1621.1,1386.6,13.9,89.91,0.0,188.55,0.0,0.0,0.0,0.0,269079.1,-262441.0,603319.0,0.4405,0.111,1566.8,-0.06065,-41.73663,1.0,0,-1.0,-1.0,-1.0,-1.0,-1.0,0.0,0.0,0.0,0.0
1791656048.97,3220386.2,1472.0,232952.9,232952.9,388.6,1620.5,1386.0,13.87,89.91,0.01,188.5,0.0,0.0,0.0,0.0,269079.1,-262441.0,603319.0,0.4405,0.111,1566.8,-0.06056,-41.69269,1.0,0,-1.0,-1.0,-1.0,-1.0,-1.0,0.0,0.0,0.0,0.0
1791656049.47,3220386.7,1472.5,233154.6,233154.6,387.5,1619.9,1385.2,13.83,89.9,0.01,188.44,0.0,0.0,0.0,0.0,269079.1,-262441.0,603319.0,0.4405,0.111,1566.8,-0.06047,-41.64512,1.0,0,-1.0,-1.0,-1.0,-1.0,-1.0,0.0,0.0,0.0,0.0
1791656049.98,3220387.3,1473.0,233348.1,233348.1,386.4,1619.3,1384.5,13.8,89.9,0.01,188.39,0.0,0.0,0.0,0.0,269079.1,-262441.0,603319.0,0.4405,0.111,1566.8,-0.06038,-41.5994,1.0,0,-1.0,-1.0,-1.0,-1.0,-1.0,0.0,0.0,0.0,0.0
1791656050.48,3220387.8,1473.5,233541.1,233541.1,385.4,1618.7,1383.8,13.77,89.9,0.01,188.33,0.0,0.0,0.0,0.0,269079.1,-262441.0,603319.0,0.4405,0.111,1566.8,-0.06029,-41.55371,1.0,0,-1.0,-1.0,-1.0,-1.0,-1.0,0.0,0.0,0.0,0.0
1791656050.98,3220388.2,1474.0,233695.0,233695.0,384.5,1618.2,1383.3,13.74,89.9,0.01,188.29,0.0,0.0,0.0,0.0,269079.1,-262441.0,603319.0,0.4405,0.111,1566.8,-0.06022,-41.51717,1.0,0,-1.0,-1.0,-1.0,-1.0,-1.0,0.0,0.0,0.0,0.0
1791656051.48,3220388.6,1474.5,233887.0,233887.0,383.5,1617.6,1382.6,13.71,89.9,0.01,188.24,0.0,0.0,0.0,0.0,269079.1,-262441.0,603319.0,0.4405,0.111,1566.8,-0.06014,-41.47153,1.0,0,-1.0,-1.0,-1.0,-1.0,-1.0,0.0,0.0,0.0,0.0
1791656051.98,3220389.1,1475.0,234055.5,234055.5,382.5,1617.1,1382.0,13.68,89.9,0.0,188.19,0.0,0.0,0.0,0.0,269079.1,-262441.0,603319.0,0.4405,0.111,1566.8,-0.06006,-41.43138,1.0,0,-1.0,-1.0,-1.0,-1.0,-1.0,0.0,0.0,0.0,0.0
1791656052.49,3220389.6,1475.5,234246.5,234246.5,381.5,1616.5,1381.3,13.66,89.9,-0.0,188.13,0.0,0.0,0.0,0.0,269079.1,-262441.0,603319.0,0.4405,0.111,1566.8,-0.05997,-41.38578,1.0,0,-1.0,-1.0,-1.0,-1.0,-1.0,0.0,0.0,0.0,0.0
1791656052.99,3220390.0,1476.0,234406.6,234406.6,380.6,1616.0,1380.7,13.63,89.9,-0.01,188.09,0.0,0.0,0.0,0.0,269079.1,-262441.0,603319.0,0.4405,0.111,1566.8,-0.05989,-41.34567,1.0,0,-1.0,-1.0,-1.0,-1.0,-1.0,0.0,0.0,0.0,0.0
1791656053.49,3220390.5,1476.5,234596.6,234596.6,379.5,1615.4,1380.0,13.6,89.9,-0.01,188.04,0.0,0.0,0.0,0.0,269079.1,-262441.0,603319.0,0.4405,0.111,1566.8,-0.05981,-41.30194,1.0,0,-1.0,-1.0,-1.0,-1.0,-1.0,0.0,0.0,0.0,0.0
1791656053.99,3220391.0,1477.0,234793.7,234793.7,378.4,1614.7,1379.3,13.57,89.91,-0.01,187.98,0.0,0.0,0.0,0.0,269079.1,-262441.0,603319.0,0.4405,0.111,1566.8,-0.05972,-41.25459,1.0,0,-1.0,-1.0,-1.0,-1.0,-1.0,0.0,0.0,0.0,0.0
1791656054.5,3220391.5,1477.5,234982.6,234982.6,377.4,1614.1,1378.6,13.54,89.91,-0.01,187.93,0.0,0.0,0.0,0.0,269079.1,-262441.0,603319.0,0.4405,0.111,1566.8,-0.05963,-41.20908,1.0,0,-1.0,-1.0,-1.0,-1.0,-1.0,0.0,0.0,0.0,0.0
1791656055.0,3220392.0,1478.0,235171.0,235171.0,376.3,1613.6,1377.9,13.5,89.92,-0.01,187.87,0.0,0.0,0.0,0.0,269079.1,-262441.0,603319.0,0.4405,0.111,1566.8,-0.05954,-41.1636,1.0,0,-1.0,-1.0,-1.0,-1.0,-1.0,0.0,0.0,0.0,0.0
1791656055.5,3220392.5,1478.5,235358.9,235358.9,375.2,1613.0,1377.3,13.47,89.92,-0.01,187.82,0.0,0.0,0.0,0.0,269079.1,-262441.0,603319.0,0.4405,0.111,1566.8,-0.05945,-41.11814,1.0,0,-1.0,-1.0,-1.0,-1.0,-1.0,0.0,0.0,0.0,0.0
1791656056.01,3220393.0,1479.0,235546.2,235546.3,374.2,1612.4,1376.6,13.43,89.92,-0.0,187.76,0.0,0.0,0.0,0.0,269079.1,-262441.0,603319.0,0.4405,0.111,1566.8,-0.05936,-41.07271,1.0,0,-1.0,-1.0,-1.0,-1.0,-1.0,0.0,0.0,0.0,0.0
1791656056.52,3220393.5,1479.5,235733.1,235733.1,373.1,1611.8,1375.9,13.4,89.92,0.0,187.71,0.0,0.0,0.0,0.0,269079.1,-262441.0,603319.0,0.4405,0.111,1566.8,-0.05928,-41.0273,1.0,0,-1.0,-1.0,-1.0,-1.0,-1.0,0.0,0.0,0.0,0.0
1791656057.02,3220394.0,1480.1,235926.8,235926.8,372.0,1611.2,1375.2,13.36,89.91,0.0,187.65,0.0,0.0,0.0,0.0,269079.1,-262441.0,603319.0,0.4405,0.111,1566.8,-0.05918,-40.9801,1.0,0,-1.0,-1.0,-1.0,-1.0,-1.0,0.0,0.0,0.0,0.0
1791656057.53,3220394.5,1480.6,236105.1,236105.1,371.0,1610.6,1374.5,13.33,89.91,0.01,187.6,0.0,0.0,0.0,0.0,269079.1,-262441.0,603319.0,0.4405,0.111,1566.8,-0.0591,-40.93656,1.0,0,-1.0,-1.0,-1.0,-1.0,-1.0,0.0,0.0,0.0,0.0
1791656058.03,3220395.0,1481.1,236297.8,236297.8,369.9,1610.0,1373.8,13.29,89.91,0.01,187.55,0.0,0.0,0.0,0.0,269079.1,-262441.0,603319.0,0.4405,0.111,1566.8,-0.05901,-40.88941,1.0,0,-1.0,-1.0,-1.0,-1.0,-1.0,0.0,0.0,0.0,0.0
1791656058.53,3220395.5,1481.6,236475.1,236475.1,368.9,1609.5,1373.2,13.25,89.9,0.01,187.5,0.0,0.0,0.0,0.0,269079.1,-262441.0,603319.0,0.4405,0.111,1566.8,-0.05892,-40.84591,1.0,0,-1.0,-1.0,-1.0,-1.0,-1.0,0.0,0.0,0.0,0.0
1791656059.03,3220396.0,1482.1,236659.3,236659.3,367.8,1608.9,1372.5,13.22,89.9,0.01,187.44,0.0,0.0,0.0,0.0,269079.1,-262441.0,603319.0,0.4405,0.111,1566.8,-0.05883,-40.80062,1.0,0,-1.0,-1.0,-1.0,-1.0,-1.0,0.0,0.0,0.0,0.0
1791656059.54,3220396.5,1482.6,236850.3,236850.3,366.7,1608.3,1371.8,13.18,89.9,0.01,187.39,0.0,0.0,0.0,0.0,269079.1,-262441.0,603319.0,0.4405,0.111,1566.8,-0.05874,-40.75354,1.0,0,-1.0,-1.0,-1.0,-1.0,-1.0,0.0,0.0,0.0,0.0
1791656060.04,3220397.0,1483.1,237033.4,237033.4,365.7,1607.7,1371.2,13.14,89.9,0.0,187.33,0.0,0.0,0.0,0.0,269079.1,-262441.0,603319.0,0.4405,0.111,1566.8,-0.05865,-40.7083,1.0,0,-1.0,-1.0,-1.0,-1.0,-1.0,0.0,0.0,0.0,0.0
1791656060.54,3220397.5,1483.6,237216.0,237216.0,364.6,1607.1,1370.5,13.11,89.9,0.0,187.28,0.0,0.0,0.0,0.0,269079.1,-262441.0,603319.0,0.4405,0.111,1566.8,-0.05857,-40.66308,1.0,0,-1.0,-1.0,-1.0,-1.0,-1.0,0.0,0.0,0.0,0.0
1791656061.04,3220398.0,1484.1,237398.0,237398.0,363.6,1606.6,1369.9,13.08,89.9,-0.0,187.23,0.0,0.0,0.0,0.0,269079.1,-262441.0,603319.0,0.4405,0.111,1566.8,-0.05848,-40.61789,1.0,0,-1.0,-1.0,-1.0,-1.0,-1.0,0.0,0.0,0.0,0.0
1791656061.54,3220398.5,1484.6,237579.5,237579.5,362.5,1606.0,1369.2,13.05,89.9,-0.01,187.17,0.0,0.0,0.0,0.0,269079.1,-262441.0,603319.0,0.4405,0.111,1566.8,-0.05839,-40.57272,1.0,0,-1.0,-1.0,-1.0,-1.0,-1.0,0.0,0.0,0.0,0.0
1791656062.05,3220399.0,1485.1,237760.5,237760.5,361.5,1605.4,1368.5,13.01,89.9,-0.01,187.12,0.0,0.0,0.0,0.0,269079.1,-262441.0,603319.0,0.4405,0.111,1566.8,-0.0583,-40.52757,1.0,0,-1.0,-1.0,-1.0,-1.0,-1.0,0.0,0.0,0.0,0.0
1791656062.55,3220399.5,1485.6,237941.0,237941.0,360.4,1604.9,1367.9,12.98,89.9,-0.01,187.07,0.0,0.0,0.0,0.0,269079.1,-262441.0,603319.0,0.4405,0.111,1566.8,-0.05821,-40.48244,1.0,0,-1.0,-1.0,-1.0,-1.0,-1.0,0.0,0.0,0.0,0.0
1791656063.05,3220400.1,1486.1,238128.1,238128.1,359.3,1604.3,1367.2,12.95,89.91,-0.01,187.01,0.0,0.0,0.0,0.0,269079.1,-262441.0,603319.0,0.4405,0.111,1566.8,-0.05812,-40.43554,1.0,0,-1.0,-1.0,-1.0,-1.0,-1.0,0.0,0.0,0.0,0.0
1791656063.55,3220400.5,1486.6,238300.4,238300.4,358.3,1603.7,1366.6,12.92,89.91,-0.01,186.96,0.0,0.0,0.0,0.0,269079.1,-262441.0,603319.0,0.4405,0.111,1566.8,-0.05804,-40.39226,1.0,0,-1.0,-1.0,-1.0,-1.0,-1.0,0.0,0.0,0.0,0.0
1791656064.06,3220401.1,1487.1,238486.4,238486.4,357.2,1603.2,1365.9,12.89,89.91,-0.0,186.9,0.0,0.0,0.0,0.0,269079.1,-262441.0,603319.0,0.4405,0.111,1566.8,-0.05794,-40.3454,1.0,0,-1.0,-1.0,-1.0,-1.0,-1.0,0.0,0.0,0.0,0.0
1791656064.56,3220401.6,1487.6,238664.7,238664.7,356.1,1602.6,1365.3,12.86,89.92,-0.0,186.85,0.0,0.0,0.0,0.0,269079.1,-262441.0,603319.0,0.4405,0.111,1566.8,-0.05786,-40.30037,1.0,0,-1.0,-1.0,-1.0,-1.0,-1.0,0.0,0.0,0.0,0.0
1791656065.06,3220402.1,1488.1,238842.5,238842.5,355.1,1602.0,1364.6,12.82,89.92,0.0,186.8,0.0,0.0,0.0,0.0,269079.1,-262441.0,603319.0,0.4405,0.111,1566.8,-0.05777,-40.25536,1.0,0,-1.0,-1.0,-1.0,-1.0,-1.0,0.0,0.0,0.0,0.0
1791656065.56,3220402.6,1488.6,239019.8,239019.8,354.0,1601.5,1364.0,12.79,89.91,0.01,186.74,0.0,0.0,0.0,0.0,269079.1,-262441.0,603319.0,0.4405,0.111,1566.8,-0.05768,-40.21037,1.0,0,-1.0,-1.0,-1.0,-1.0,-1.0,0.0,0.0,0.0,0.0
1791656066.06,3220403.1,1489.1,239196.6,239196.6,353.0,1600.9,1363.3,12.75,89.91,0.01,186.69,0.0,0.0,0.0,0.0,269079.1,-262441.0,603319.0,0.4405,0.111,1566.8,-0.05759,-40.16541,1.0,0,-1.0,-1.0,-1.0,-1.0,-1.0,0.0,0.0,0.0,0.0
1791656066.56,3220403.6,1489.6,239372.8,239372.8,351.9,1600.4,1362.7,12.72,89.91,0.01,186.64,0.0,0.0,0.0,0.0,269079.1,-262441.0,603319.0,0.4405,0.111,1566.8,-0.0575,-40.12046,1.0,0,-1.0,-1.0,-1.0,-1.0,-1.0,0.0,0.0,0.0,0.0
1791656067.06,3220404.1,1490.1,239548.5,239548.5,350.9,1599.8,1362.1,12.68,89.91,0.01,186.58,0.0,0.0,0.0,0.0,269079.1,-262441.0,603319.0,0.4405,0.111,1566.8,-0.05741,-40.07554,1.0,0,-1.0,-1.0,-1.0,-1.0,-1.0,0.0,0.0,0.0,0.0
1791656067.57,3220404.6,1490.6,239723.7,239723.7,349.8,1599.3,1361.4,12.64,89.9,0.01,186.53,0.0,0.0,0.0,0.0,269079.1,-262441.0,603319.0,0.4405,0.111,1566.8,-0.05732,-40.03065,1.0,0,-1.0,-1.0,-1.0,-1.0,-1.0,0.0,0.0,0.0,0.0
1791656068.07,3220405.1,1491.1,239898.3,239898.3,348.8,1598.7,1360.8,12.6,89.9,0.0,186.48,0.0,0.0,0.0,0.0,269079.1,-262441.0,603319.0,0.4405,0.111,1566.8,-0.05724,-39.98577,1.0,0,-1.0,-1.0,-1.0,-1.0,-1.0,0.0,0.0,0.0,0.0
1791656068.57,3220405.6,1491.6,240072.4,240072.4,347.7,1598.2,1360.2,12.56,89.9,0.0,186.42,0.0,0.0,0.0,0.0,269079.1,-262441.0,603319.0,0.4405,0.111,1566.8,-0.05715,-39.94092,1.0,0,-1.0,-1.0,-1.0,-1.0,-1.0,0.0,0.0,0.0,0.0
1791656069.07,3220406.1,1492.1,240246.0,240246.0,346.7,1597.7,1359.5,12.53,89.89,-0.0,186.37,0.0,0.0,0.0,0.0,269079.1,-262441.0,603319.0,0.4405,0.111,1566.8,-0.05706,-39.89609,1.0,0,-1.0,-1.0,-1.0,-1.0,-1.0,0.0,0.0,0.0,0.0
1791656069.58,3220406.6,1492.6,240426.0,240426.0,345.6,1597.1,1358.9,12.49,89.89,-0.01,186.32,0.0,0.0,0.0,0.0,269079.1,-262441.0,603319.0,0.4405,0.111,1566.8,-0.05697,-39.84948,1.0,0,-1.0,-1.0,-1.0,-1.0,-1.0,0.0,0.0,0.0,0.0
1791656070.08,3220407.1,1493.1,240598.5,240598.5,344.5,1596.5,1358.3,12.46,89.89,-0.01,186.26,0.0,0.0,0.0,0.0,269079.1,-262441.0,603319.0,0.4405,0.111,1566.8,-0.05688,-39.8047,1.0,0,-1.0,-1.0,-1.0,-1.0,-1.0,0.0,0.0,0.0,0.0
1791656070.58,3220407.6,1493.6,240770.5,240770.5,343.5,1596.0,1357.6,12.42,89.9,-0.01,186.21,0.0,0.0,0.0,0.0,269079.1,-262441.0,603319.0,0.4405,0.111,1566.8,-0.05679,-39.75993,1.0,0,-1.0,-1.0,-1.0,-1.0,-1.0,0.0,0.0,0.0,0.0
1791656071.08,3220408.1,1494.1,240942.0,240942.0,342.4,1595.5,1357.0,12.39,89.9,-0.01,186.16,0.0,0.0,0.0,0.0,269079.1,-262441.0,603319.0,0.4405,0.111,1566.8,-0.0567,-39.71519,1.0,0,-1.0,-1.0,-1.0,-1.0,-1.0,0.0,0.0,0.0,0.0
1791656071.58,3220408.6,1494.6,241112.9,241112.9,341.3,1594.9,1356.4,12.36,89.9,-0.0,186.1,0.0,0.0,0.0,0.0,269079.1,-262441.0,603319.0,0.4405,0.111,1566.8,-0.05661,-39.67047,1.0,0,-1.0,-1.0,-1.0,-1.0,-1.0,0.0,0.0,0.0,0.0
1791656072.08,3220409.1,1495.1,241283.3,241283.3,340.3,1594.4,1355.8,12.33,89.9,-0.0,186.05,0.0,0.0,0.0,0.0,269079.1,-262441.0,603319.0,0.4405,0.111,1566.8,-0.05652,-39.62577,1.0,0,-1.0,-1.0,-1.0,-1.0,-1.0,0.0,0.0,0.0,0.0
1791656072.59,3220409.6,1495.6,241453.2,241453.2,339.2,1593.9,1355.2,12.3,89.91,0.0,185.99,0.0,0.0,0.0,0.0,269079.1,-262441.0,603319.0,0.4405,0.111,1566.8,-0.05644,-39.58109,1.0,0,-1.0,-1.0,-1.0,-1.0,-1.0,0.0,0.0,0.0,0.0
1791656073.09,3220410.0,1496.1,241595.5,241595.5,338.4,1593.4,1354.6,12.27,89.91,0.0,185.95,0.0,0.0,0.0,0.0,269079.1,-262441.0,603319.0,0.4405,0.111,1566.8,-0.05636,-39.54357,1.0,0,-1.0,-1.0,-1.0,-1.0,-1.0,0.0,0.0,0.0,0.0
1791656073.63,3220410.5,1496.7,241764.4,241764.4,337.3,1592.9,1354.0,12.24,89.91,0.01,185.9,0.0,0.0,0.0,0.0,269079.1,-262441.0,603319.0,0.4405,0.111,1566.8,-0.05627,-39.49893,1.0,0,-1.0,-1.0,-1.0,-1.0,-1.0,0.0,0.0,0.0,0.0
1791656074.13,3220411.0,1497.2,241939.5,241939.5,336.2,1592.4,1353.4,12.21,89.91,0.01,185.84,0.0,0.0,0.0,0.0,269079.1,-262441.0,603319.0,0.4405,0.111,1566.8,-0.05618,-39.45253,1.0,0,-1.0,-1.0,-1.0,-1.0,-1.0,0.0,0.0,0.0,0.0
1791656074.63,3220411.5,1497.7,242107.4,242107.4,335.2,1591.8,1352.8,12.17,89.91,0.01,185.79,0.0,0.0,0.0,0.0,269079.1,-262441.0,603319.0,0.4405,0.111,1566.8,-0.05609,-39.40793,1.0,0,-1.0,-1.0,-1.0,-1.0,-1.0,0.0,0.0,0.0,0.0
1791656075.14,3220412.0,1498.2,242274.7,242274.7,334.1,1591.3,1352.2,12.14,89.91,0.01,185.74,0.0,0.0,0.0,0.0,269079.1,-262441.0,603319.0,0.4405,0.111,1566.8,-0.056,-39.36336,1.0,0,-1.0,-1.0,-1.0,-1.0,-1.0,0.0,0.0,0.0,0.0
1791656075.64,3220412.5,1498.7,242441.5,242441.5,333.1,1590.8,1351.6,12.1,89.91,0.0,185.69,0.0,0.0,0.0,0.0,269079.1,-262441.0,603319.0,0.4405,0.111,1566.8,-0.05591,-39.3188,1.0,0,-1.0,-1.0,-1.0,-1.0,-1.0,0.0,0.0,0.0,0.0
1791656076.14,3220413.0,1499.2,242607.8,242607.8,332.0,1590.3,1351.0,12.06,89.91,0.0,185.63,0.0,0.0,0.0,0.0,269079.1,-262441.0,603319.0,0.4405,0.111,1566.8,-0.05583,-39.27427,1.0,0,-1.0,-1.0,-1.0,-1.0,-1.0,0.0,0.0,0.0,0.0
1791656076.64,3220413.4,1499.7,242727.1,242727.1,331.2,1589.9,1350.5,12.04,89.91,0.0,185.59,0.0,0.0,0.0,0.0,269079.1,-262441.0,603319.0,0.4405,0.111,1566.8,-0.05576,-39.24222,1.0,0,-1.0,-1.0,-1.0,-1.0,-1.0,0.0,0.0,0.0,0.0
1791656077.18,3220413.7,1500.2,242839.6,242839.6,330.5,1589.5,1350.1,12.01,89.9,-0.0,185.56,0.0,0.0,0.0,0.0,269079.1,-262441.0,603319.0,0.4405,0.111,1566.8,-0.0557,-39.21196,1.0,0,-1.0,-1.0,-1.0,-1.0,-1.0,0.0,0.0,0.0,0.0
1791656077.73,3220414.1,1500.8,242978.3,242978.3,329.6,1589.1,1349.6,11.98,89.9,-0.0,185.51,0.0,0.0,0.0,0.0,269079.1,-262441.0,603319.0,0.4405,0.111,1566.8,-0.05563,-39.17459,1.0,0,-1.0,-1.0,-1.0,-1.0,-1.0,0.0,0.0,0.0,0.0
1791656078.24,3220414.6,1501.3,243142.8,243142.8,328.6,1588.6,1349.0,11.94,89.9,-0.01,185.46,0.0,0.0,0.0,0.0,269079.1,-262441.0,603319.0,0.4405,0.111,1566.8,-0.05554,-39.13012,1.0,0,-1.0,-1.0,-1.0,-1.0,-1.0,0.0,0.0,0.0,0.0
1791656078.8,3220415.1,1501.8,243287.2,243287.2,327.7,1588.1,1348.5,11.91,89.89,-0.01,185.41,0.0,0.0,0.0,0.0,269079.1,-262441.0,603319.0,0.4405,0.111,1566.8,-0.05546,-39.09101,1.0,0,-1.0,-1.0,-1.0,-1.0,-1.0,0.0,0.0,0.0,0.0
1791656079.31,3220415.5,1502.3,243431.2,243431.2,326.7,1587.7,1348.0,11.87,89.89,-0.01,185.37,0.0,0.0,0.0,0.0,269079.1,-262441.0,603319.0,0.4405,0.111,1566.8,-0.05538,-39.05191,1.0,0,-1.0,-1.0,-1.0,-1.0,-1.0,0.0,0.0,0.0,0.0
1791656079.81,3220416.0,1502.8,243594.3,243594.3,325.7,1587.2,1347.4,11.84,89.89,-0.01,185.32,0.0,0.0,0.0,0.0,269079.1,-262441.0,603319.0,0.4405,0.111,1566.8,-0.05529,-39.0075,1.0,0,-1.0,-1.0,-1.0,-1.0,-1.0,0.0,0.0,0.0,0.0
1791656080.31,3220416.5,1503.3,243756.9,-1.0,324.7,1586.7,1346.8,11.8,89.89,-0.0,185.26,0.0,0.0,0.0,0.0,269079.1,-262441.0,603319.0,0.4405,0.111,1566.8,-0.0552,-38.96345,1.0,0,-1.0,-1.0,-1.0,-1.0,-1.0,0.0,0.0,0.0,0.0
1791656080.82,3220417.0,1503.9,243918.9,243918.9,323.6,1586.2,1346.2,11.77,89.9,-0.0,185.21,0.0,0.0,0.0,0.0,269079.1,-262441.0,603319.0,0.4405,0.111,1566.8,-0.05512,-38.91875,1.0,0,-1.0,-1.0,-1.0,-1.0,-1.0,0.0,0.0,0.0,0.0
1791656081.32,3220417.4,1504.4,244035.3,244035.3,322.8,1585.8,1345.8,11.74,89.9,0.0,185.17,0.0,0.0,0.0,0.0,269079.1,-262441.0,603319.0,0.4405,0.111,1566.8,-0.05505,-38.88681,1.0,0,-1.0,-1.0,-1.0,-1.0,-1.0,0.0,0.0,0.0,0.0
1791656081.82,3220417.9,1504.9,244196.5,244196.5,321.8,1585.3,1345.2,11.71,89.9,0.0,185.12,0.0,0.0,0.0,0.0,269079.1,-262441.0,603319.0,0.4405,0.111,1566.8,-0.05496,-38.84248,1.0,0,-1.0,-1.0,-1.0,-1.0,-1.0,0.0,0.0,0.0,0.0
1791656082.33,3220418.4,1505.4,244357.1,244357.1,320.7,1584.8,1344.6,11.68,89.9,0.01,185.07,0.0,0.0,0.0,0.0,269079.1,-262441.0,603319.0,0.4405,0.111,1566.8,-0.05487,-38.79816,1.0,0,-1.0,-1.0,-1.0,-1.0,-1.0,0.0,0.0,0.0,0.0
1791656082.83,3220418.9,1505.9,244517.2,244517.2,319.7,1584.3,1344.0,11.65,89.91,0.01,185.01,0.0,0.0,0.0,0.0,269079.1,-262441.0,603319.0,0.4405,0.111,1566.8,-0.05478,-38.75387,1.0,0,-1.0,-1.0,-1.0,-1.0,-1.0,0.0,0.0,0.0,0.0
1791656083.33,3220419.4,1506.4,244676.8,244676.8,318.6,1583.8,1343.5,11.62,89.91,0.01,184.96,0.0,0.0,0.0,0.0,269079.1,-262441.0,603319.0,0.4405,0.111,1566.8,-0.0547,-38.7096,1.0,0,-1.0,-1.0,-1.0,-1.0,-1.0,0.0,0.0,0.0,0.0
1791656083.83,3220419.8,1506.9,244810.4,244810.4,317.8,1583.4,1343.0,11.59,89.91,0.01,184.92,0.0,0.0,0.0,0.0,269079.1,-262441.0,603319.0,0.4405,0.111,1566.8,-0.05462,-38.67242,1.0,0,-1.0,-1.0,-1.0,-1.0,-1.0,0.0,0.0,0.0,0.0
1791656084.34,3220420.3,1507.4,244975.4,244975.4,316.7,1582.9,1342.4,11.56,89.91,0.0,184.86,0.0,0.0,0.0,0.0,269079.1,-262441.0,603319.0,0.4405,0.111,1566.8,-0.05453,-38.62641,1.0,0,-1.0,-1.0,-1.0,-1.0,-1.0,0.0,0.0,0.0,0.0
1791656084.84,3220420.8,1507.9,245127.1,245127.1,315.7,1582.4,1341.8,11.53,89.91,0.0,184.81,0.0,0.0,0.0,0.0,269079.1,-262441.0,603319.0,0.4405,0.111,1566.8,-0.05444,-38.58397,1.0,0,-1.0,-1.0,-1.0,-1.0,-1.0,0.0,0.0,0.0,0.0
1791656085.34,3220421.3,1508.4,245291.0,245291.0,314.6,1581.9,1341.2,11.49,89.91,0.0,184.76,0.0,0.0,0.0,0.0,269079.1,-262441.0,603319.0,0.4405,0.111,1566.8,-0.05435,-38.538,1.0,0,-1.0,-1.0,-1.0,-1.0,-1.0,0.0,0.0,0.0,0.0
1791656085.84,3220421.8,1508.9,245448.0,245448.0,313.5,1581.4,1340.7,11.45,89.91,-0.0,184.71,0.0,0.0,0.0,0.0,269079.1,-262441.0,603319.0,0.4405,0.111,1566.8,-0.05426,-38.49382,1.0,0,-1.0,-1.0,-1.0,-1.0,-1.0,0.0,0.0,0.0,0.0
1791656086.35,3220422.3,1509.4,245592.0,245592.0,312.5,1580.9,1340.1,11.42,89.91,-0.01,184.66,0.0,0.0,0.0,0.0,269079.1,-262441.0,603319.0,0.4405,0.111,1566.8,-0.05418,-38.45319,1.0,0,-1.0,-1.0,-1.0,-1.0,-1.0,0.0,0.0,0.0,0.0
1791656086.85,3220422.8,1509.9,245748.0,245748.0,311.5,1580.4,1339.6,11.38,89.9,-0.01,184.6,0.0,0.0,0.0,0.0,269079.1,-262441.0,603319.0,0.4405,0.111,1566.8,-0.05409,-38.40905,1.0,0,-1.0,-1.0,-1.0,-1.0,-1.0,0.0,0.0,0.0,0.0
1791656087.36,3220423.3,1510.4,245909.7,245909.7,310.4,1579.9,1339.0,11.34,89.9,-0.01,184.55,0.0,0.0,0.0,0.0,269079.1,-262441.0,603319.0,0.4405,0.111,1566.8,-0.054,-38.36317,1.0,0,-1.0,-1.0,-1.0,-1.0,-1.0,0.0,0.0,0.0,0.0
1791656087.86,3220423.8,1510.9,246064.6,246064.6,309.4,1579.5,1338.4,11.3,89.89,-0.01,184.5,0.0,0.0,0.0,0.0,269079.1,-262441.0,603319.0,0.4405,0.111,1566.8,-0.05391,-38.31907,1.0,0,-1.0,-1.0,-1.0,-1.0,-1.0,0.0,0.0,0.0,0.0
1791656088.36,3220424.3,1511.4,246219.0,246219.0,308.3,1579.0,1337.9,11.26,89.89,-0.0,184.45,0.0,0.0,0.0,0.0,269079.1,-262441.0,603319.0,0.4405,0.111,1566.8,-0.05382,-38.27498,1.0,0,-1.0,-1.0,-1.0,-1.0,-1.0,0.0,0.0,0.0,0.0
1791656088.86,3220424.8,1511.9,246372.9,246372.9,307.3,1578.5,1337.3,11.22,89.89,-0.0,184.39,0.0,0.0,0.0,0.0,269079.1,-262441.0,603319.0,0.4405,0.111,1566.8,-0.05373,-38.23092,1.0,0,-1.0,-1.0,-1.0,-1.0,-1.0,0.0,0.0,0.0,0.0
1791656089.37,3220425.3,1512.4,246532.4,-1.0,306.2,1578.0,1336.7,11.18,89.89,-0.0,184.34,0.0,0.0,0.0,0.0,269079.1,-262441.0,603319.0,0.4405,0.111,1566.8,-0.05364,-38.18512,1.0,0,-1.0,-1.0,-1.0,-1.0,-1.0,0.0,0.0,0.0,0.0
1791656089.87,3220425.8,1512.9,246685.2,246685.2,305.1,1577.5,1336.2,11.15,89.9,0.0,184.29,0.0,0.0,0.0,0.0,269079.1,-262441.0,603319.0,0.4405,0.111,1566.8,-0.05355,-38.14109,1.0,0,-1.0,-1.0,-1.0,-1.0,-1.0,0.0,0.0,0.0,0.0
1791656090.38,3220426.3,1513.4,246831.5,246831.5,304.1,1577.1,1335.6,11.11,89.9,0.01,184.23,0.0,0.0,0.0,0.0,269079.1,-262441.0,603319.0,0.4405,0.111,1566.8,-0.05346,-38.09885,1.0,0,-1.0,-1.0,-1.0,-1.0,-1.0,0.0,0.0,0.0,0.0
1791656090.88,3220426.7,1513.9,246952.9,246952.9,303.3,1576.7,1335.2,11.09,89.9,0.01,184.19,0.0,0.0,0.0,0.0,269079.1,-262441.0,603319.0,0.4405,0.111,1566.8,-0.05339,-38.06365,1.0,0,-1.0,-1.0,-1.0,-1.0,-1.0,0.0,0.0,0.0,0.0
1791656091.38,3220427.2,1514.4,247104.3,247104.3,302.2,1576.2,1334.6,11.05,89.9,0.01,184.14,0.0,0.0,0.0,0.0,269079.1,-262441.0,603319.0,0.4405,0.111,1566.8,-0.0533,-38.01968,1.0,0,-1.0,-1.0,-1.0,-1.0,-1.0,0.0,0.0,0.0,0.0
1791656091.88,3220427.7,1514.9,247255.2,247255.2,301.2,1575.7,1334.1,11.02,89.91,0.01,184.09,0.0,0.0,0.0,0.0,269079.1,-262441.0,603319.0,0.4405,0.111,1566.8,-0.05322,-37.97573,1.0,0,-1.0,-1.0,-1.0,-1.0,-1.0,0.0,0.0,0.0,0.0
1791656092.38,3220428.2,1515.4,247405.5,247405.5,300.1,1575.3,1333.5,10.99,89.91,0.01,184.04,0.0,0.0,0.0,0.0,269079.1,-262441.0,603319.0,0.4405,0.111,1566.8,-0.05313,-37.93179,1.0,0,-1.0,-1.0,-1.0,-1.0,-1.0,0.0,0.0,0.0,0.0
1791656092.89,3220428.7,1515.9,247555.3,247555.3,299.1,1574.8,1333.0,10.96,89.91,0.0,183.98,0.0,0.0,0.0,0.0,269079.1,-262441.0,603319.0,0.4405,0.111,1566.8,-0.05304,-37.88788,1.0,0,-1.0,-1.0,-1.0,-1.0,-1.0,0.0,0.0,0.0,0.0
1791656093.39,3220429.2,1516.4,247704.6,247704.6,298.0,1574.3,1332.5,10.92,89.91,0.0,183.93,0.0,0.0,0.0,0.0,269079.1,-262441.0,603319.0,0.4405,0.111,1566.8,-0.05295,-37.84398,1.0,0,-1.0,-1.0,-1.0,-1.0,-1.0,0.0,0.0,0.0,0.0
1791656093.89,3220429.7,1516.9,247853.3,247853.3,297.0,1573.9,1331.9,10.89,89.91,-0.0,183.88,0.0,0.0,0.0,0.0,269079.1,-262441.0,603319.0,0.4405,0.111,1566.8,-0.05286,-37.8001,1.0,0,-1.0,-1.0,-1.0,-1.0,-1.0,0.0,0.0,0.0,0.0
1791656094.39,3220430.2,1517.4,248007.5,248007.5,295.9,1573.4,1331.4,10.86,89.91,-0.01,183.83,0.0,0.0,0.0,0.0,269079.1,-262441.0,603319.0,0.4405,0.111,1566.8,-0.05277,-37.75448,1.0,0,-1.0,-1.0,-1.0,-1.0,-1.0,0.0,0.0,0.0,0.0
1791656094.9,3220430.7,1517.9,248155.1,248155.1,294.8,1572.9,1330.8,10.82,89.91,-0.01,183.77,0.0,0.0,0.0,0.0,269079.1,-262441.0,603319.0,0.4405,0.111,1566.8,-0.05268,-37.71064,1.0,0,-1.0,-1.0,-1.0,-1.0,-1.0,0.0,0.0,0.0,0.0
1791656095.4,3220431.2,1518.4,248302.3,248302.3,293.8,1572.5,1330.3,10.78,89.9,-0.01,183.72,0.0,0.0,0.0,0.0,269079.1,-262441.0,603319.0,0.4405,0.111,1566.8,-0.05259,-37.66681,1.0,0,-1.0,-1.0,-1.0,-1.0,-1.0,0.0,0.0,0.0,0.0
1791656095.9,3220431.7,1518.9,248448.9,248449.0,292.8,1572.0,1329.8,10.75,89.9,-0.01,183.67,0.0,0.0,0.0,0.0,269079.1,-262441.0,603319.0,0.4405,0.111,1566.8,-0.0525,-37.62301,1.0,0,-1.0,-1.0,-1.0,-1.0,-1.0,0.0,0.0,0.0,0.0
1791656096.4,3220432.2,1519.4,248595.1,248595.1,291.7,1571.6,1329.2,10.71,89.9,-0.01,183.62,0.0,0.0,0.0,0.0,269079.1,-262441.0,603319.0,0.4405,0.111,1566.8,-0.05241,-37.57922,1.0,0,-1.0,-1.0,-1.0,-1.0,-1.0,0.0,0.0,0.0,0.0
1791656096.9,3220432.7,1519.9,248740.7,248740.7,290.7,1571.1,1328.7,10.67,89.89,-0.0,183.57,0.0,0.0,0.0,0.0,269079.1,-262441.0,603319.0,0.4405,0.111,1566.8,-0.05232,-37.53545,1.0,0,-1.0,-1.0,-1.0,-1.0,-1.0,0.0,0.0,0.0,0.0
1791656097.4,3220433.2,1520.4,248885.7,248885.7,289.6,1570.6,1328.2,10.63,89.89,-0.0,183.51,0.0,0.0,0.0,0.0,269079.1,-262441.0,603319.0,0.4405,0.111,1566.8,-0.05223,-37.4917,1.0,0,-1.0,-1.0,-1.0,-1.0,-1.0,0.0,0.0,0.0,0.0
1791656097.91,3220433.7,1520.9,249036.0,249036.0,288.5,1570.2,1327.6,10.59,89.89,0.0,183.46,0.0,0.0,0.0,0.0,269079.1,-262441.0,603319.0,0.4405,0.111,1566.8,-0.05214,-37.44621,1.0,0,-1.0,-1.0,-1.0,-1.0,-1.0,0.0,0.0,0.0,0.0
1791656098.41,3220434.2,1521.4,249180.0,249180.0,287.5,1569.7,1327.1,10.55,89.89,0.01,183.41,0.0,0.0,0.0,0.0,269079.1,-262441.0,603319.0,0.4405,0.111,1566.8,-0.05205,-37.4025,1.0,0,-1.0,-1.0,-1.0,-1.0,-1.0,0.0,0.0,0.0,0.0
1791656098.92,3220434.7,1522.0,249323.5,249323.5,286.4,1569.3,1326.6,10.51,89.89,0.01,183.36,0.0,0.0,0.0,0.0,269079.1,-262441.0,603319.0,0.4405,0.111,1566.8,-0.05196,-37.3588,1.0,0,-1.0,-1.0,-1.0,-1.0,-1.0,0.0,0.0,0.0,0.0
1791656099.42,3220435.2,1522.5,249466.5,249466.5,285.4,1568.8,1326.1,10.48,89.9,0.01,183.3,0.0,0.0,0.0,0.0,269079.1,-262441.0,603319.0,0.4405,0.111,1566.8,-0.05187,-37.31511,1.0,0,-1.0,-1.0,-1.0,-1.0,-1.0,0.0,0.0,0.0,0.0
1791656099.92,3220435.8,1523.0,249608.9,249608.9,284.3,1568.4,1325.5,10.44,89.9,0.01,183.25,0.0,0.0,0.0,0.0,269079.1,-262441.0,603319.0,0.4405,0.111,1566.8,-0.05178,-37.27145,1.0,0,-1.0,-1.0,-1.0,-1.0,-1.0,0.0,0.0,0.0,0.0
1791656100.42,3220436.3,1523.5,249750.8,249750.8,283.3,1567.9,1325.0,10.4,89.9,0.01,183.2,0.0,0.0,0.0,0.0,269079.1,-262441.0,603319.0,0.4405,0.111,1566.8,-0.05169,-37.2278,1.0,0,-1.0,-1.0,-1.0,-1.0,-1.0,0.0,0.0,0.0,0.0
1791656100.92,3220436.8,1524.0,249892.2,249892.2,282.2,1567.5,1324.5,10.37,89.91,0.01,183.15,0.0,0.0,0.0,0.0,269079.1,-262441.0,603319.0,0.4405,0.111,1566.8,-0.0516,-37.18418,1.0,0,-1.0,-1.0,-1.0,-1.0,-1.0,0.0,0.0,0.0,0.0
1791656101.42,3220437.3,1524.5,250033.0,250033.0,281.2,1567.1,1324.0,10.34,89.91,0.0,183.09,0.0,0.0,0.0,0.0,269079.1,-262441.0,603319.0,0.4405,0.111,1566.8,-0.05151,-37.14056,1.0,0,-1.0,-1.0,-1.0,-1.0,-1.0,0.0,0.0,0.0,0.0
1791656101.93,3220437.8,1525.0,250179.0,250179.0,280.1,1566.6,1323.5,10.3,89.91,-0.0,183.04,0.0,0.0,0.0,0.0,269079.1,-262441.0,603319.0,0.4405,0.111,1566.8,-0.05142,-37.09523,1.0,0,-1.0,-1.0,-1.0,-1.0,-1.0,0.0,0.0,0.0,0.0
1791656102.43,3220438.3,1525.5,250318.8,250318.8,279.1,1566.2,1323.0,10.27,89.91,-0.01,182.99,0.0,0.0,0.0,0.0,269079.1,-262441.0,603319.0,0.4405,0.111,1566.8,-0.05133,-37.05165,1.0,0,-1.0,-1.0,-1.0,-1.0,-1.0,0.0,0.0,0.0,0.0
1791656102.93,3220438.8,1526.0,250458.1,250458.1,278.0,1565.7,1322.4,10.24,89.91,-0.01,182.94,0.0,0.0,0.0,0.0,269079.1,-262441.0,603319.0,0.4405,0.111,1566.8,-0.05124,-37.00809,1.0,0,-1.0,-1.0,-1.0,-1.0,-1.0,0.0,0.0,0.0,0.0
1791656103.43,3220439.3,1526.5,250596.8,250596.8,277.0,1565.3,1321.9,10.21,89.91,-0.01,182.89,0.0,0.0,0.0,0.0,269079.1,-262441.0,603319.0,0.4405,0.111,1566.8,-0.05115,-36.96455,1.0,0,-1.0,-1.0,-1.0,-1.0,-1.0,0.0,0.0,0.0,0.0
1791656103.93,3220439.8,1527.0,250735.0,250735.0,275.9,1564.9,1321.4,10.17,89.91,-0.01,182.83,0.0,0.0,0.0,0.0,269079.1,-262441.0,603319.0,0.4405,0.111,1566.8,-0.05106,-36.92102,1.0,0,-1.0,-1.0,-1.0,-1.0,-1.0,0.0,0.0,0.0,0.0
1791656104.43,3220440.3,1527.5,250872.7,250872.7,274.9,1564.5,1320.9,10.14,89.9,-0.01,182.78,0.0,0.0,0.0,0.0,269079.1,-262441.0,603319.0,0.4405,0.111,1566.8,-0.05097,-36.87751,1.0,0,-1.0,-1.0,-1.0,-1.0,-1.0,0.0,0.0,0.0,0.0
1791656104.94,3220440.8,1528.0,251009.9,251009.9,273.8,1564.0,1320.4,10.1,89.9,-0.01,182.73,0.0,0.0,0.0,0.0,269079.1,-262441.0,603319.0,0.4405,0.111,1566.8,-0.05088,-36.83402,1.0,0,-1.0,-1.0,-1.0,-1.0,-1.0,0.0,0.0,0.0,0.0
1791656105.44,3220441.3,1528.5,251146.6,251146.6,272.8,1563.6,1319.9,10.06,89.9,-0.0,182.68,0.0,0.0,0.0,0.0,269079.1,-262441.0,603319.0,0.4405,0.111,1566.8,-0.0508,-36.79054,1.0,0,-1.0,-1.0,-1.0,-1.0,-1.0,0.0,0.0,0.0,0.0
1791656105.94,3220441.8,1529.0,251277.3,251277.3,271.8,1563.2,1319.5,10.03,89.89,0.0,182.63,0.0,0.0,0.0,0.0,269079.1,-262441.0,603319.0,0.4405,0.111,1566.8,-0.05071,-36.74882,1.0,0,-1.0,-1.0,-1.0,-1.0,-1.0,0.0,0.0,0.0,0.0
1791656106.44,3220442.3,1529.5,251418.3,251418.3,270.7,1562.7,1319.0,9.99,89.89,0.0,182.57,0.0,0.0,0.0,0.0,269079.1,-262441.0,603319.0,0.4405,0.111,1566.8,-0.05062,-36.70364,1.0,0,-1.0,-1.0,-1.0,-1.0,-1.0,0.0,0.0,0.0,0.0
1791656106.94,3220442.8,1530.0,251553.4,251553.4,269.7,1562.3,1318.5,9.95,89.89,0.01,182.52,0.0,0.0,0.0,0.0,269079.1,-262441.0,603319.0,0.4405,0.111,1566.8,-0.05053,-36.66021,1.0,0,-1.0,-1.0,-1.0,-1.0,-1.0,0.0,0.0,0.0,0.0
1791656107.44,3220443.3,1530.5,251693.4,251693.4,268.6,1561.9,1318.0,9.91,89.89,0.01,182.47,0.0,0.0,0.0,0.0,269079.1,-262441.0,603319.0,0.4405,0.111,1566.8,-0.05043,-36.61507,1.0,0,-1.0,-1.0,-1.0,-1.0,-1.0,0.0,0.0,0.0,0.0
1791656107.95,3220443.8,1531.0,251827.4,251827.4,267.5,1561.5,1317.5,9.87,89.89,0.01,182.42,0.0,0.0,0.0,0.0,269079.1,-262441.0,603319.0,0.4405,0.111,1566.8,-0.05034,-36.57168,1.0,0,-1.0,-1.0,-1.0,-1.0,-1.0,0.0,0.0,0.0,0.0
1791656108.45,3220444.3,1531.5,251960.9,251960.9,266.5,1561.1,1317.0,9.83,89.89,0.01,182.37,0.0,0.0,0.0,0.0,269079.1,-262441.0,603319.0,0.4405,0.111,1566.8,-0.05025,-36.5283,1.0,0,-1.0,-1.0,-1.0,-1.0,-1.0,0.0,0.0,0.0,0.0
1791656108.95,3220444.8,1532.0,252093.9,252093.9,265.4,1560.6,1316.5,9.79,89.9,0.01,182.31,0.0,0.0,0.0,0.0,269079.1,-262441.0,603319.0,0.4405,0.111,1566.8,-0.05017,-36.48494,1.0,0,-1.0,-1.0,-1.0,-1.0,-1.0,0.0,0.0,0.0,0.0
1791656109.45,3220445.3,1532.5,252226.3,252226.3,264.4,1560.2,1316.0,9.75,89.9,0.0,182.26,0.0,0.0,0.0,0.0,269079.1,-262441.0,603319.0,0.4405,0.111,1566.8,-0.05008,-36.44159,1.0,0,-1.0,-1.0,-1.0,-1.0,-1.0,0.0,0.0,0.0,0.0
1791656109.95,3220445.8,1533.0,252358.3,252358.3,263.4,1559.8,1315.5,9.72,89.91,0.0,182.21,0.0,0.0,0.0,0.0,269079.1,-262441.0,603319.0,0.4405,0.111,1566.8,-0.04999,-36.39827,1.0,0,-1.0,-1.0,-1.0,-1.0,-1.0,0.0,0.0,0.0,0.0
1791656110.45,3220446.3,1533.5,252489.7,252489.7,262.3,1559.4,1315.1,9.68,89.91,-0.0,182.16,0.0,0.0,0.0,0.0,269079.1,-262441.0,603319.0,0.4405,0.111,1566.8,-0.0499,-36.35495,1.0,0,-1.0,-1.0,-1.0,-1.0,-1.0,0.0,0.0,0.0,0.0
1791656110.95,3220446.8,1534.0,252620.6,252620.6,261.3,1559.0,1314.6,9.65,89.91,-0.01,182.11,0.0,0.0,0.0,0.0,269079.1,-262441.0,603319.0,0.4405,0.111,1566.8,-0.04981,-36.31166,1.0,0,-1.0,-1.0,-1.0,-1.0,-1.0,0.0,0.0,0.0,0.0
1791656111.46,3220447.3,1534.5,252750.9,252751.0,260.2,1558.6,1314.1,9.61,89.91,-0.01,182.06,0.0,0.0,0.0,0.0,269079.1,-262441.0,603319.0,0.4405,0.111,1566.8,-0.04972,-36.26838,1.0,0,-1.0,-1.0,-1.0,-1.0,-1.0,0.0,0.0,0.0,0.0
1791656111.96,3220447.8,1535.0,252880.8,252880.8,259.2,1558.2,1313.6,9.58,89.91,-0.01,182.0,0.0,0.0,0.0,0.0,269079.1,-262441.0,603319.0,0.4405,0.111,1566.8,-0.04963,-36.22511,1.0,0,-1.0,-1.0,-1.0,-1.0,-1.0,0.0,0.0,0.0,0.0
1791656112.46,3220448.3,1535.5,253010.1,253010.1,258.1,1557.8,1313.2,9.55,89.91,-0.01,181.95,0.0,0.0,0.0,0.0,269079.1,-262441.0,603319.0,0.4405,0.111,1566.8,-0.04954,-36.18186,1.0,0,-1.0,-1.0,-1.0,-1.0,-1.0,0.0,0.0,0.0,0.0
1791656112.96,3220448.8,1536.0,253138.9,253138.9,257.1,1557.4,1312.7,9.52,89.91,-0.01,181.9,0.0,0.0,0.0,0.0,269079.1,-262441.0,603319.0,0.4405,0.111,1566.8,-0.04945,-36.13863,1.0,0,-1.0,-1.0,-1.0,-1.0,-1.0,0.0,0.0,0.0,0.0
1791656113.47,3220449.3,1536.5,253272.3,253272.3,256.0,1557.0,1312.2,9.48,89.9,-0.01,181.85,0.0,0.0,0.0,0.0,269079.1,-262441.0,603319.0,0.4405,0.111,1566.8,-0.04936,-36.09368,1.0,0,-1.0,-1.0,-1.0,-1.0,-1.0,0.0,0.0,0.0,0.0
1791656113.97,3220449.8,1537.0,253395.0,253395.0,255.0,1556.6,1311.8,9.45,89.9,-0.0,181.8,0.0,0.0,0.0,0.0,269079.1,-262441.0,603319.0,0.4405,0.111,1566.8,-0.04927,-36.05221,1.0,0,-1.0,-1.0,-1.0,-1.0,-1.0,0.0,0.0,0.0,0.0
1791656114.47,3220450.3,1537.5,253527.3,253527.3,253.9,1556.2,1311.3,9.41,89.9,0.0,181.74,0.0,0.0,0.0,0.0,269079.1,-262441.0,603319.0,0.4405,0.111,1566.8,-0.04918,-36.0073,1.0,0,-1.0,-1.0,-1.0,-1.0,-1.0,0.0,0.0,0.0,0.0
1791656114.97,3220450.8,1538.0,253654.0,253654.0,252.9,1555.8,1310.8,9.37,89.89,0.01,181.69,0.0,0.0,0.0,0.0,269079.1,-262441.0,603319.0,0.4405,0.111,1566.8,-0.04909,-35.96412,1.0,0,-1.0,-1.0,-1.0,-1.0,-1.0,0.0,0.0,0.0,0.0
1791656115.48,3220451.3,1538.5,253780.2,253780.2,251.8,1555.4,1310.4,9.33,89.89,0.01,181.64,0.0,0.0,0.0,0.0,269079.1,-262441.0,603319.0,0.4405,0.111,1566.8,-0.049,-35.92097,1.0,0,-1.0,-1.0,-1.0,-1.0,-1.0,0.0,0.0,0.0,0.0
1791656115.98,3220451.7,1539.0,253880.7,253880.7,251.0,1555.1,1310.0,9.3,89.89,0.01,181.6,0.0,0.0,0.0,0.0,269079.1,-262441.0,603319.0,0.4405,0.111,1566.8,-0.04893,-35.88645,1.0,0,-1.0,-1.0,-1.0,-1.0,-1.0,0.0,0.0,0.0,0.0
1791656116.48,3220452.2,1539.5,254006.0,254006.0,250.0,1554.7,1309.5,9.26,89.89,0.01,181.55,0.0,0.0,0.0,0.0,269079.1,-262441.0,603319.0,0.4405,0.111,1566.8,-0.04884,-35.84333,1.0,0,-1.0,-1.0,-1.0,-1.0,-1.0,0.0,0.0,0.0,0.0
1791656116.99,3220452.6,1540.0,254105.8,254105.8,249.1,1554.4,1309.2,9.23,89.89,0.01,181.51,0.0,0.0,0.0,0.0,269079.1,-262441.0,603319.0,0.4405,0.111,1566.8,-0.04876,-35.80883,1.0,0,-1.0,-1.0,-1.0,-1.0,-1.0,0.0,0.0,0.0,0.0
1791656117.49,3220453.1,1540.5,254235.1,254235.1,248.0,1554.0,1308.7,9.19,89.89,0.01,181.45,0.0,0.0,0.0,0.0,269079.1,-262441.0,603319.0,0.4405,0.111,1566.8,-0.04867,-35.76401,1.0,0,-1.0,-1.0,-1.0,-1.0,-1.0,0.0,0.0,0.0,0.0
1791656117.99,3220453.6,1541.0,254363.8,254363.8,247.0,1553.6,1308.2,9.15,89.89,0.0,181.4,0.0,0.0,0.0,0.0,269079.1,-262441.0,603319.0,0.4405,0.111,1566.8,-0.04858,-35.7192,1.0,0,-1.0,-1.0,-1.0,-1.0,-1.0,0.0,0.0,0.0,0.0
1791656118.49,3220454.1,1541.5,254487.0,254487.0,245.9,1553.2,1307.8,9.11,89.9,0.0,181.35,0.0,0.0,0.0,0.0,269079.1,-262441.0,603319.0,0.4405,0.111,1566.8,-0.04849,-35.67613,1.0,0,-1.0,-1.0,-1.0,-1.0,-1.0,0.0,0.0,0.0,0.0
1791656119.0,3220454.6,1542.0,254609.7,254609.7,244.9,1552.8,1307.3,9.07,89.9,-0.0,181.3,0.0,0.0,0.0,0.0,269079.1,-262441.0,603319.0,0.4405,0.111,1566.8,-0.0484,-35.63307,1.0,0,-1.0,-1.0,-1.0,-1.0,-1.0,0.0,0.0,0.0,0.0
1791656119.5,3220455.1,1542.5,254731.8,254731.8,243.8,1552.4,1306.9,9.03,89.91,-0.01,181.25,0.0,0.0,0.0,0.0,269079.1,-262441.0,603319.0,0.4405,0.111,1566.8,-0.04831,-35.59003,1.0,0,-1.0,-1.0,-1.0,-1.0,-1.0,0.0,0.0,0.0,0.0
1791656120.0,3220455.6,1543.0,254853.5,254853.5,242.8,1552.0,1306.4,9.0,89.91,-0.01,181.19,0.0,0.0,0.0,0.0,269079.1,-262441.0,603319.0,0.4405,0.111,1566.8,-0.04822,-35.54701,1.0,0,-1.0,-1.0,-1.0,-1.0,-1.0,0.0,0.0,0.0,0.0
1791656120.5,3220456.1,1543.5,254974.6,254974.6,241.7,1551.7,1306.0,8.96,89.91,-0.01,181.14,0.0,0.0,0.0,0.0,269079.1,-262441.0,603319.0,0.4405,0.111,1566.8,-0.04813,-35.504,1.0,0,-1.0,-1.0,-1.0,-1.0,-1.0,0.0,0.0,0.0,0.0
1791656121.0,3220456.6,1544.0,255095.2,255095.3,240.7,1551.3,1305.6,8.93,89.91,-0.01,181.09,0.0,0.0,0.0,0.0,269079.1,-262441.0,603319.0,0.4405,0.111,1566.8,-0.04804,-35.461,1.0,0,-1.0,-1.0,-1.0,-1.0,-1.0,0.0,0.0,0.0,0.0
1791656121.5,3220457.2,1544.5,255215.3,255215.3,239.7,1550.9,1305.1,8.89,89.91,-0.01,181.04,0.0,0.0,0.0,0.0,269079.1,-262441.0,603319.0,0.4405,0.111,1566.8,-0.04795,-35.41802,1.0,0,-1.0,-1.0,-1.0,-1.0,-1.0,0.0,0.0,0.0,0.0
1791656122.01,3220457.7,1545.0,255334.9,255334.9,238.6,1550.5,1304.7,8.86,89.91,-0.0,180.99,0.0,0.0,0.0,0.0,269079.1,-262441.0,603319.0,0.4405,0.111,1566.8,-0.04786,-35.37505,1.0,0,-1.0,-1.0,-1.0,-1.0,-1.0,0.0,0.0,0.0,0.0
1791656122.51,3220458.2,1545.5,255458.7,255458.7,237.5,1550.2,1304.2,8.83,89.91,-0.0,180.94,0.0,0.0,0.0,0.0,269079.1,-262441.0,603319.0,0.4405,0.111,1566.8,-0.04777,-35.33037,1.0,0,-1.0,-1.0,-1.0,-1.0,-1.0,0.0,0.0,0.0,0.0
1791656123.01,3220458.7,1546.0,255577.2,255577.2,236.5,1549.8,1303.8,8.79,89.9,0.0,180.89,0.0,0.0,0.0,0.0,269079.1,-262441.0,603319.0,0.4405,0.111,1566.8,-0.04768,-35.28744,1.0,0,-1.0,-1.0,-1.0,-1.0,-1.0,0.0,0.0,0.0,0.0
1791656123.51,3220459.2,1546.5,255695.2,255695.2,235.5,1549.4,1303.4,8.76,89.9,0.01,180.83,0.0,0.0,0.0,0.0,269079.1,-262441.0,603319.0,0.4405,0.111,1566.8,-0.04759,-35.24451,1.0,0,-1.0,-1.0,-1.0,-1.0,-1.0,0.0,0.0,0.0,0.0
1791656124.02,3220459.7,1547.1,255812.7,255812.7,234.4,1549.1,1303.0,8.72,89.89,0.01,180.78,0.0,0.0,0.0,0.0,269079.1,-262441.0,603319.0,0.4405,0.111,1566.8,-0.0475,-35.2016,1.0,0,-1.0,-1.0,-1.0,-1.0,-1.0,0.0,0.0,0.0,0.0
1791656124.52,3220460.2,1547.6,255929.6,255929.6,233.4,1548.7,1302.5,8.68,89.89,0.01,180.73,0.0,0.0,0.0,0.0,269079.1,-262441.0,603319.0,0.4405,0.111,1566.8,-0.04741,-35.1587,1.0,0,-1.0,-1.0,-1.0,-1.0,-1.0,0.0,0.0,0.0,0.0
1791656125.02,3220460.7,1548.1,256046.0,256046.0,232.3,1548.3,1302.1,8.65,89.89,0.01,180.68,0.0,0.0,0.0,0.0,269079.1,-262441.0,603319.0,0.4405,0.111,1566.8,-0.04732,-35.11582,1.0,0,-1.0,-1.0,-1.0,-1.0,-1.0,0.0,0.0,0.0,0.0
1791656125.52,3220461.2,1548.6,256161.9,256162.0,231.3,1548.0,1301.7,8.61,89.89,0.01,180.63,0.0,0.0,0.0,0.0,269079.1,-262441.0,603319.0,0.4405,0.111,1566.8,-0.04723,-35.07295,1.0,0,-1.0,-1.0,-1.0,-1.0,-1.0,0.0,0.0,0.0,0.0
1791656126.02,3220461.7,1549.1,256277.3,256277.3,230.2,1547.6,1301.3,8.57,89.89,0.01,180.58,0.0,0.0,0.0,0.0,269079.1,-262441.0,603319.0,0.4405,0.111,1566.8,-0.04714,-35.0301,1.0,0,-1.0,-1.0,-1.0,-1.0,-1.0,0.0,0.0,0.0,0.0
1791656126.52,3220462.2,1549.6,256392.2,256392.2,229.2,1547.3,1300.8,8.53,89.89,0.0,180.52,0.0,0.0,0.0,0.0,269079.1,-262441.0,603319.0,0.4405,0.111,1566.8,-0.04705,-34.98725,1.0,0,-1.0,-1.0,-1.0,-1.0,-1.0,0.0,0.0,0.0,0.0
1791656127.03,3220462.7,1550.1,256511.1,256511.1,228.1,1546.9,1300.4,8.49,89.89,-0.0,180.47,0.0,0.0,0.0,0.0,269079.1,-262441.0,603319.0,0.4405,0.111,1566.8,-0.04695,-34.94271,1.0,0,-1.0,-1.0,-1.0,-1.0,-1.0,0.0,0.0,0.0,0.0
1791656127.53,3220463.2,1550.6,256624.9,256624.9,227.1,1546.5,1300.0,8.44,89.9,-0.01,180.42,0.0,0.0,0.0,0.0,269079.1,-262441.0,603319.0,0.4405,0.111,1566.8,-0.04686,-34.8999,1.0,0,-1.0,-1.0,-1.0,-1.0,-1.0,0.0,0.0,0.0,0.0
1791656128.03,3220463.7,1551.1,256738.2,256738.2,226.0,1546.2,1299.6,8.4,89.9,-0.01,180.37,0.0,0.0,0.0,0.0,269079.1,-262441.0,603319.0,0.4405,0.111,1566.8,-0.04677,-34.8571,1.0,0,-1.0,-1.0,-1.0,-1.0,-1.0,0.0,0.0,0.0,0.0
1791656128.53,3220464.2,1551.6,256851.0,256851.0,225.0,1545.8,1299.2,8.37,89.91,-0.01,180.32,0.0,0.0,0.0,0.0,269079.1,-262441.0,603319.0,0.4405,0.111,1566.8,-0.04668,-34.81431,1.0,0,-1.0,-1.0,-1.0,-1.0,-1.0,0.0,0.0,0.0,0.0
1791656129.04,3220464.7,1552.1,256963.2,256963.2,224.0,1545.5,1298.8,8.33,89.91,-0.01,180.27,0.0,0.0,0.0,0.0,269079.1,-262441.0,603319.0,0.4405,0.111,1566.8,-0.04659,-34.77154,1.0,0,-1.0,-1.0,-1.0,-1.0,-1.0,0.0,0.0,0.0,0.0
1791656129.54,3220465.2,1552.6,257074.9,257074.9,222.9,1545.1,1298.3,8.29,89.91,-0.01,180.22,0.0,0.0,0.0,0.0,269079.1,-262441.0,603319.0,0.4405,0.111,1566.8,-0.0465,-34.72878,1.0,0,-1.0,-1.0,-1.0,-1.0,-1.0,0.0,0.0,0.0,0.0
1791656130.04,3220465.7,1553.1,257186.1,257186.1,221.9,1544.8,1297.9,8.25,89.91,-0.01,180.17,0.0,0.0,0.0,0.0,269079.1,-262441.0,603319.0,0.4405,0.111,1566.8,-0.04641,-34.68603,1.0,0,-1.0,-1.0,-1.0,-1.0,-1.0,0.0,0.0,0.0,0.0
1791656130.54,3220466.2,1553.6,257301.2,257301.2,220.8,1544.4,1297.5,8.22,89.91,-0.0,180.11,0.0,0.0,0.0,0.0,269079.1,-262441.0,603319.0,0.4405,0.111,1566.8,-0.04632,-34.64159,1.0,0,-1.0,-1.0,-1.0,-1.0,-1.0,0.0,0.0,0.0,0.0
1791656131.05,3220466.7,1554.1,257411.4,257411.4,219.8,1544.1,1297.1,8.18,89.91,0.0,180.06,0.0,0.0,0.0,0.0,269079.1,-262441.0,603319.0,0.4405,0.111,1566.8,-0.04623,-34.59887,1.0,0,-1.0,-1.0,-1.0,-1.0,-1.0,0.0,0.0,0.0,0.0
1791656131.55,3220467.2,1554.6,257521.0,257521.0,218.7,1543.7,1296.7,8.15,89.9,0.01,180.01,0.0,0.0,0.0,0.0,269079.1,-262441.0,603319.0,0.4405,0.111,1566.8,-0.04614,-34.55617,1.0,0,-1.0,-1.0,-1.0,-1.0,-1.0,0.0,0.0,0.0,0.0
1791656132.05,3220467.7,1555.1,257630.1,257630.1,217.7,1543.4,1296.3,8.12,89.9,0.01,179.96,0.0,0.0,0.0,0.0,269079.1,-262441.0,603319.0,0.4405,0.111,1566.8,-0.04605,-34.51347,1.0,0,-1.0,-1.0,-1.0,-1.0,-1.0,0.0,0.0,0.0,0.0
1791656132.55,3220468.2,1555.6,257738.7,257738.7,216.6,1543.1,1295.9,8.08,89.9,0.01,179.91,0.0,0.0,0.0,0.0,269079.1,-262441.0,603319.0,0.4405,0.111,1566.8,-0.04596,-34.47079,1.0,0,-1.0,-1.0,-1.0,-1.0,-1.0,0.0,0.0,0.0,0.0
1791656133.06,3220468.7,1556.1,257846.7,257846.7,215.6,1542.7,1295.5,8.05,89.89,0.01,179.86,0.0,0.0,0.0,0.0,269079.1,-262441.0,603319.0,0.4405,0.111,1566.8,-0.04587,-34.42813,1.0,0,-1.0,-1.0,-1.0,-1.0,-1.0,0.0,0.0,0.0,0.0
1791656133.56,3220469.2,1556.6,257954.3,257954.3,214.6,1542.4,1295.1,8.01,89.89,0.01,179.81,0.0,0.0,0.0,0.0,269079.1,-262441.0,603319.0,0.4405,0.111,1566.8,-0.04578,-34.38547,1.0,0,-1.0,-1.0,-1.0,-1.0,-1.0,0.0,0.0,0.0,0.0
1791656134.06,3220469.7,1557.1,258061.3,258061.3,213.5,1542.1,1294.8,7.98,89.89,0.01,179.75,0.0,0.0,0.0,0.0,269079.1,-262441.0,603319.0,0.4405,0.111,1566.8,-0.04569,-34.34283,1.0,0,-1.0,-1.0,-1.0,-1.0,-1.0,0.0,0.0,0.0,0.0
1791656134.56,3220470.2,1557.6,258167.8,258167.8,212.5,1541.7,1294.4,7.94,89.89,0.0,179.71,0.0,0.0,0.0,0.0,269079.1,-262441.0,603319.0,0.4405,0.111,1566.8,-0.0456,-34.3002,1.0,0,-1.0,-1.0,-1.0,-1.0,-1.0,0.0,0.0,0.0,0.0
1791656135.06,3220470.7,1558.1,258273.8,258273.8,211.4,1541.4,1294.0,7.9,89.89,-0.0,179.65,0.0,0.0,0.0,0.0,269079.1,-262441.0,603319.0,0.4405,0.111,1566.8,-0.04551,-34.25758,1.0,0,-1.0,-1.0,-1.0,-1.0,-1.0,0.0,0.0,0.0,0.0
1791656135.56,3220471.2,1558.6,258379.2,258379.3,210.4,1541.1,1293.6,7.86,89.89,-0.0,179.6,0.0,0.0,0.0,0.0,269079.1,-262441.0,603319.0,0.4405,0.111,1566.8,-0.04542,-34.21498,1.0,0,-1.0,-1.0,-1.0,-1.0,-1.0,0.0,0.0,0.0,0.0
1791656136.07,3220471.7,1559.1,258484.2,258484.2,209.4,1540.7,1293.2,7.82,89.89,-0.01,179.55,0.0,0.0,0.0,0.0,269079.1,-262441.0,603319.0,0.4405,0.111,1566.8,-0.04533,-34.17239,1.0,0,-1.0,-1.0,-1.0,-1.0,-1.0,0.0,0.0,0.0,0.0
1791656136.57,3220472.2,1559.6,258588.6,258588.6,208.3,1540.4,1292.8,7.78,89.9,-0.01,179.5,0.0,0.0,0.0,0.0,269079.1,-262441.0,603319.0,0.4405,0.111,1566.8,-0.04524,-34.12981,1.0,0,-1.0,-1.0,-1.0,-1.0,-1.0,0.0,0.0,0.0,0.0
1791656137.07,3220472.7,1560.1,258692.5,258692.5,207.3,1540.1,1292.4,7.74,89.9,-0.01,179.45,0.0,0.0,0.0,0.0,269079.1,-262441.0,603319.0,0.4405,0.111,1566.8,-0.04515,-34.08724,1.0,0,-1.0,-1.0,-1.0,-1.0,-1.0,0.0,0.0,0.0,0.0
1791656137.57,3220473.2,1560.6,258795.9,258795.9,206.3,1539.8,1292.1,7.7,89.9,-0.01,179.4,0.0,0.0,0.0,0.0,269079.1,-262441.0,603319.0,0.4405,0.111,1566.8,-0.04506,-34.04469,1.0,0,-1.0,-1.0,-1.0,-1.0,-1.0,0.0,0.0,0.0,0.0
1791656138.07,3220473.7,1561.1,258898.8,258898.8,205.2,1539.5,1291.7,7.66,89.91,-0.01,179.35,0.0,0.0,0.0,0.0,269079.1,-262441.0,603319.0,0.4405,0.111,1566.8,-0.04497,-34.00214,1.0,0,-1.0,-1.0,-1.0,-1.0,-1.0,0.0,0.0,0.0,0.0
1791656138.57,3220474.2,1561.6,259005.2,259005.2,204.1,1539.1,1291.3,7.62,89.91,-0.0,179.3,0.0,0.0,0.0,0.0,269079.1,-262441.0,603319.0,0.4405,0.111,1566.8,-0.04487,-33.95791,1.0,0,-1.0,-1.0,-1.0,-1.0,-1.0,0.0,0.0,0.0,0.0
1791656139.08,3220474.7,1562.1,259107.0,259107.0,203.1,1538.8,1290.9,7.58,89.91,0.0,179.25,0.0,0.0,0.0,0.0,269079.1,-262441.0,603319.0,0.4405,0.111,1566.8,-0.04478,-33.9154,1.0,0,-1.0,-1.0,-1.0,-1.0,-1.0,0.0,0.0,0.0,0.0
1791656139.58,3220475.2,1562.6,259208.3,259208.3,202.1,1538.5,1290.6,7.54,89.91,0.0,179.19,0.0,0.0,0.0,0.0,269079.1,-262441.0,603319.0,0.4405,0.111,1566.8,-0.04469,-33.87289,1.0,0,-1.0,-1.0,-1.0,-1.0,-1.0,0.0,0.0,0.0,0.0
1791656140.08,3220475.7,1563.1,259309.1,259309.1,201.0,1538.2,1290.2,7.51,89.91,0.01,179.14,0.0,0.0,0.0,0.0,269079.1,-262441.0,603319.0,0.4405,0.111,1566.8,-0.0446,-33.8304,1.0,0,-1.0,-1.0,-1.0,-1.0,-1.0,0.0,0.0,0.0,0.0
1791656140.58,3220476.2,1563.6,259409.3,259409.3,200.0,1537.9,1289.8,7.47,89.9,0.01,179.09,0.0,0.0,0.0,0.0,269079.1,-262441.0,603319.0,0.4405,0.111,1566.8,-0.04451,-33.78791,1.0,0,-1.0,-1.0,-1.0,-1.0,-1.0,0.0,0.0,0.0,0.0
1791656141.09,3220476.7,1564.1,259509.1,259509.1,198.9,1537.6,1289.5,7.44,89.9,0.01,179.04,0.0,0.0,0.0,0.0,269079.1,-262441.0,603319.0,0.4405,0.111,1566.8,-0.04442,-33.74544,1.0,0,-1.0,-1.0,-1.0,-1.0,-1.0,0.0,0.0,0.0,0.0
1791656141.59,3220477.1,1564.6,259584.5,259584.5,198.2,1537.3,1289.2,7.41,89.9,0.01,179.0,0.0,0.0,0.0,0.0,269079.1,-262441.0,603319.0,0.4405,0.111,1566.8,-0.04435,-33.71318,1.0,0,-1.0,-1.0,-1.0,-1.0,-1.0,0.0,0.0,0.0,0.0
1791656142.1,3220477.6,1565.1,259687.3,259687.3,197.1,1537.0,1288.8,7.38,89.89,0.01,178.95,0.0,0.0,0.0,0.0,269079.1,-262441.0,603319.0,0.4405,0.111,1566.8,-0.04426,-33.66903,1.0,0,-1.0,-1.0,-1.0,-1.0,-1.0,0.0,0.0,0.0,0.0
1791656142.6,3220478.1,1565.6,259785.6,259785.5,196.0,1536.7,1288.5,7.34,89.89,0.0,178.9,0.0,0.0,0.0,0.0,269079.1,-262441.0,603319.0,0.4405,0.111,1566.8,-0.04417,-33.62659,1.0,0,-1.0,-1.0,-1.0,-1.0,-1.0,0.0,0.0,0.0,0.0
1791656143.1,3220478.6,1566.1,259883.3,259883.3,195.0,1536.4,1288.1,7.31,89.89,0.0,178.85,0.0,0.0,0.0,0.0,269079.1,-262441.0,603319.0,0.4405,0.111,1566.8,-0.04408,-33.58417,1.0,0,-1.0,-1.0,-1.0,-1.0,-1.0,0.0,0.0,0.0,0.0
1791656143.6,3220479.1,1566.6,259980.6,259980.5,194.0,1536.1,1287.7,7.27,89.89,-0.0,178.8,0.0,0.0,0.0,0.0,269079.1,-262441.0,603319.0,0.4405,0.111,1566.8,-0.04399,-33.54175,1.0,0,-1.0,-1.0,-1.0,-1.0,-1.0,0.0,0.0,0.0,0.0
1791656144.1,3220479.6,1567.1,260077.3,260077.3,192.9,1535.8,1287.4,7.23,89.89,-0.01,178.75,0.0,0.0,0.0,0.0,269079.1,-262441.0,603319.0,0.4405,0.111,1566.8,-0.0439,-33.49935,1.0,0,-1.0,-1.0,-1.0,-1.0,-1.0,0.0,0.0,0.0,0.0
1791656144.61,3220480.1,1567.6,260173.5,260173.5,191.9,1535.5,1287.0,7.19,89.89,-0.01,178.7,0.0,0.0,0.0,0.0,269079.1,-262441.0,603319.0,0.4405,0.111,1566.8,-0.04381,-33.45696,1.0,0,-1.0,-1.0,-1.0,-1.0,-1.0,0.0,0.0,0.0,0.0
1791656145.11,3220480.6,1568.1,260269.2,260269.2,190.9,1535.2,1286.7,7.16,89.89,-0.01,178.64,0.0,0.0,0.0,0.0,269079.1,-262441.0,603319.0,0.4405,0.111,1566.8,-0.04371,-33.41458,1.0,0,-1.0,-1.0,-1.0,-1.0,-1.0,0.0,0.0,0.0,0.0
1791656145.61,3220481.1,1568.6,260364.3,260364.3,189.8,1534.9,1286.3,7.11,89.9,-0.01,178.6,0.0,0.0,0.0,0.0,269079.1,-262441.0,603319.0,0.4405,0.111,1566.8,-0.04362,-33.37221,1.0,0,-1.0,-1.0,-1.0,-1.0,-1.0,0.0,0.0,0.0,0.0
1791656146.11,3220481.6,1569.1,260459.0,260459.0,188.8,1534.6,1286.0,7.07,89.9,-0.01,178.54,0.0,0.0,0.0,0.0,269079.1,-262441.0,603319.0,0.4405,0.111,1566.8,-0.04353,-33.32985,1.0,0,-1.0,-1.0,-1.0,-1.0,-1.0,0.0,0.0,0.0,0.0
1791656146.61,3220482.1,1569.6,260553.1,260553.1,187.7,1534.3,1285.7,7.03,89.9,-0.0,178.49,0.0,0.0,0.0,0.0,269079.1,-262441.0,603319.0,0.4405,0.111,1566.8,-0.04344,-33.28751,1.0,0,-1.0,-1.0,-1.0,-1.0,-1.0,0.0,0.0,0.0,0.0
1791656147.11,3220482.6,1570.1,260646.7,260646.7,186.7,1534.0,1285.3,6.99,89.91,-0.0,178.44,0.0,0.0,0.0,0.0,269079.1,-262441.0,603319.0,0.4405,0.111,1566.8,-0.04335,-33.24517,1.0,0,-1.0,-1.0,-1.0,-1.0,-1.0,0.0,0.0,0.0,0.0
1791656147.62,3220483.1,1570.7,260739.8,260739.8,185.7,1533.7,1285.0,6.95,89.91,0.0,178.39,0.0,0.0,0.0,0.0,269079.1,-262441.0,603319.0,0.4405,0.111,1566.8,-0.04326,-33.20285,1.0,0,-1.0,-1.0,-1.0,-1.0,-1.0,0.0,0.0,0.0,0.0
1791656148.19,3220483.6,1571.2,260828.7,260828.7,184.7,1533.5,1284.6,6.91,89.91,0.01,178.34,0.0,0.0,0.0,0.0,269079.1,-262441.0,603319.0,0.4405,0.111,1566.8,-0.04318,-33.16223,1.0,0,-1.0,-1.0,-1.0,-1.0,-1.0,0.0,0.0,0.0,0.0
1791656148.69,3220484.1,1571.7,260924.4,260924.4,183.6,1533.2,1284.3,6.87,89.91,0.01,178.29,0.0,0.0,0.0,0.0,269079.1,-262441.0,603319.0,0.4405,0.111,1566.8,-0.04308,-33.11823,1.0,0,-1.0,-1.0,-1.0,-1.0,-1.0,0.0,0.0,0.0,0.0
1791656149.19,3220484.6,1572.2,261016.0,261016.0,182.6,1532.9,1284.0,6.84,89.91,0.01,178.24,0.0,0.0,0.0,0.0,269079.1,-262441.0,603319.0,0.4405,0.111,1566.8,-0.04299,-33.07594,1.0,0,-1.0,-1.0,-1.0,-1.0,-1.0,0.0,0.0,0.0,0.0
1791656149.69,3220485.1,1572.7,261107.0,261107.0,181.5,1532.6,1283.6,6.8,89.9,0.01,178.19,0.0,0.0,0.0,0.0,269079.1,-262441.0,603319.0,0.4405,0.111,1566.8,-0.0429,-33.03366,1.0,0,-1.0,-1.0,-1.0,-1.0,-1.0,0.0,0.0,0.0,0.0
1791656150.19,3220485.6,1573.2,261197.5,261197.5,180.5,1532.3,1283.3,6.76,89.9,0.01,178.14,0.0,0.0,0.0,0.0,269079.1,-262441.0,603319.0,0.4405,0.111,1566.8,-0.04281,-32.99139,1.0,0,-1.0,-1.0,-1.0,-1.0,-1.0,0.0,0.0,0.0,0.0
1791656150.7,3220486.1,1573.7,261287.5,261287.5,179.4,1532.0,1283.0,6.73,89.9,0.0,178.09,0.0,0.0,0.0,0.0,269079.1,-262441.0,603319.0,0.4405,0.111,1566.8,-0.04272,-32.94913,1.0,0,-1.0,-1.0,-1.0,-1.0,-1.0,0.0,0.0,0.0,0.0
1791656151.2,3220486.6,1574.2,261376.9,261376.9,178.4,1531.8,1282.6,6.69,89.89,0.0,178.04,0.0,0.0,0.0,0.0,269079.1,-262441.0,603319.0,0.4405,0.111,1566.8,-0.04263,-32.90688,1.0,0,-1.0,-1.0,-1.0,-1.0,-1.0,0.0,0.0,0.0,0.0
1791656151.7,3220487.1,1574.7,261465.9,261465.9,177.4,1531.5,1282.3,6.66,89.89,-0.0,177.99,0.0,0.0,0.0,0.0,269079.1,-262441.0,603319.0,0.4405,0.111,1566.8,-0.04254,-32.86464,1.0,0,-1.0,-1.0,-1.0,-1.0,-1.0,0.0,0.0,0.0,0.0
1791656152.2,3220487.6,1575.2,261554.3,261554.3,176.3,1531.2,1282.0,6.63,89.89,-0.01,177.94,0.0,0.0,0.0,0.0,269079.1,-262441.0,603319.0,0.4405,0.111,1566.8,-0.04245,-32.82241,1.0,0,-1.0,-1.0,-1.0,-1.0,-1.0,0.0,0.0,0.0,0.0
1791656152.7,3220488.1,1575.7,261642.2,261642.2,175.3,1530.9,1281.7,6.59,89.89,-0.01,177.88,0.0,0.0,0.0,0.0,269079.1,-262441.0,603319.0,0.4405,0.111,1566.8,-0.04236,-32.78019,1.0,0,-1.0,-1.0,-1.0,-1.0,-1.0,0.0,0.0,0.0,0.0
1791656153.2,3220488.6,1576.2,261729.6,261729.6,174.3,1530.7,1281.4,6.55,89.89,-0.01,177.83,0.0,0.0,0.0,0.0,269079.1,-262441.0,603319.0,0.4405,0.111,1566.8,-0.04227,-32.73799,1.0,0,-1.0,-1.0,-1.0,-1.0,-1.0,0.0,0.0,0.0,0.0
1791656153.7,3220489.1,1576.7,261816.5,261816.5,173.2,1530.4,1281.0,6.52,89.89,-0.01,177.78,0.0,0.0,0.0,0.0,269079.1,-262441.0,603319.0,0.4405,0.111,1566.8,-0.04217,-32.69579,1.0,0,-1.0,-1.0,-1.0,-1.0,-1.0,0.0,0.0,0.0,0.0
1791656154.21,3220489.6,1577.2,261906.3,261906.3,172.1,1530.1,1280.7,6.48,89.89,-0.01,177.73,0.0,0.0,0.0,0.0,269079.1,-262441.0,603319.0,0.4405,0.111,1566.8,-0.04208,-32.65192,1.0,0,-1.0,-1.0,-1.0,-1.0,-1.0,0.0,0.0,0.0,0.0
1791656154.72,3220490.1,1577.8,261992.1,261992.1,171.1,1529.8,1280.4,6.44,89.9,-0.0,177.68,0.0,0.0,0.0,0.0,269079.1,-262441.0,603319.0,0.4405,0.111,1566.8,-0.04199,-32.60974,1.0,0,-1.0,-1.0,-1.0,-1.0,-1.0,0.0,0.0,0.0,0.0
1791656155.22,3220490.6,1578.3,262077.4,262077.4,170.1,1529.6,1280.1,6.4,89.9,-0.0,177.63,0.0,0.0,0.0,0.0,269079.1,-262441.0,603319.0,0.4405,0.111,1566.8,-0.0419,-32.56757,1.0,0,-1.0,-1.0,-1.0,-1.0,-1.0,0.0,0.0,0.0,0.0
1791656155.72,3220491.1,1578.8,262162.2,262162.2,169.0,1529.3,1279.8,6.35,89.9,0.0,177.58,0.0,0.0,0.0,0.0,269079.1,-262441.0,603319.0,0.4405,0.111,1566.8,-0.04181,-32.52542,1.0,0,-1.0,-1.0,-1.0,-1.0,-1.0,0.0,0.0,0.0,0.0
1791656156.22,3220491.6,1579.3,262246.4,262246.4,168.0,1529.1,1279.5,6.31,89.91,0.01,177.53,0.0,0.0,0.0,0.0,269079.1,-262441.0,603319.0,0.4405,0.111,1566.8,-0.04172,-32.48327,1.0,0,-1.0,-1.0,-1.0,-1.0,-1.0,0.0,0.0,0.0,0.0
1791656156.72,3220492.1,1579.8,262330.2,262330.2,167.0,1528.8,1279.2,6.27,89.91,0.01,177.48,0.0,0.0,0.0,0.0,269079.1,-262441.0,603319.0,0.4405,0.111,1566.8,-0.04163,-32.44113,1.0,0,-1.0,-1.0,-1.0,-1.0,-1.0,0.0,0.0,0.0,0.0
1791656157.23,3220492.7,1580.3,262416.7,262416.7,165.9,1528.5,1278.8,6.23,89.91,0.01,177.43,0.0,0.0,0.0,0.0,269079.1,-262441.0,603319.0,0.4405,0.111,1566.8,-0.04153,-32.39732,1.0,0,-1.0,-1.0,-1.0,-1.0,-1.0,0.0,0.0,0.0,0.0
1791656157.73,3220493.2,1580.8,262499.4,262499.4,164.9,1528.3,1278.5,6.19,89.91,0.01,177.38,0.0,0.0,0.0,0.0,269079.1,-262441.0,603319.0,0.4405,0.111,1566.8,-0.04144,-32.3552,1.0,0,-1.0,-1.0,-1.0,-1.0,-1.0,0.0,0.0,0.0,0.0
1791656158.23,3220493.7,1581.3,262581.6,262581.6,163.8,1528.0,1278.2,6.15,89.9,0.01,177.33,0.0,0.0,0.0,0.0,269079.1,-262441.0,603319.0,0.4405,0.111,1566.8,-0.04135,-32.3131,1.0,0,-1.0,-1.0,-1.0,-1.0,-1.0,0.0,0.0,0.0,0.0
1791656158.73,3220494.2,1581.8,262663.2,262663.3,162.8,1527.8,1277.9,6.11,89.9,0.0,177.28,0.0,0.0,0.0,0.0,269079.1,-262441.0,603319.0,0.4405,0.111,1566.8,-0.04126,-32.271,1.0,0,-1.0,-1.0,-1.0,-1.0,-1.0,0.0,0.0,0.0,0.0
1791656159.24,3220494.7,1582.3,262744.4,262744.4,161.8,1527.5,1277.6,6.08,89.9,0.0,177.23,0.0,0.0,0.0,0.0,269079.1,-262441.0,603319.0,0.4405,0.111,1566.8,-0.04117,-32.22891,1.0,0,-1.0,-1.0,-1.0,-1.0,-1.0,0.0,0.0,0.0,0.0
1791656159.74,3220495.2,1582.8,262825.0,262825.0,160.7,1527.3,1277.4,6.04,89.9,-0.0,177.18,0.0,0.0,0.0,0.0,269079.1,-262441.0,603319.0,0.4405,0.111,1566.8,-0.04108,-32.18683,1.0,0,-1.0,-1.0,-1.0,-1.0,-1.0,0.0,0.0,0.0,0.0
1791656160.24,3220495.7,1583.3,262905.1,262905.1,159.7,1527.0,1277.1,6.0,89.89,-0.01,177.12,0.0,0.0,0.0,0.0,269079.1,-262441.0,603319.0,0.4405,0.111,1566.8,-0.04099,-32.14476,1.0,0,-1.0,-1.0,-1.0,-1.0,-1.0,0.0,0.0,0.0,0.0
1791656160.74,3220496.2,1583.8,262987.8,262987.8,158.6,1526.8,1276.8,5.97,89.89,-0.01,177.07,0.0,0.0,0.0,0.0,269079.1,-262441.0,603319.0,0.4405,0.111,1566.8,-0.04089,-32.10102,1.0,0,-1.0,-1.0,-1.0,-1.0,-1.0,0.0,0.0,0.0,0.0
1791656161.24,3220496.7,1584.3,263066.9,263066.9,157.6,1526.5,1276.5,5.93,89.89,-0.01,177.02,0.0,0.0,0.0,0.0,269079.1,-262441.0,603319.0,0.4405,0.111,1566.8,-0.0408,-32.05897,1.0,0,-1.0,-1.0,-1.0,-1.0,-1.0,0.0,0.0,0.0,0.0
1791656161.74,3220497.2,1584.8,263145.4,263145.4,156.5,1526.3,1276.2,5.9,89.89,-0.01,176.97,0.0,0.0,0.0,0.0,269079.1,-262441.0,603319.0,0.4405,0.111,1566.8,-0.04071,-32.01693,1.0,0,-1.0,-1.0,-1.0,-1.0,-1.0,0.0,0.0,0.0,0.0
1791656162.25,3220497.7,1585.3,263223.4,263223.4,155.5,1526.0,1275.9,5.86,89.89,-0.01,176.92,0.0,0.0,0.0,0.0,269079.1,-262441.0,603319.0,0.4405,0.111,1566.8,-0.04062,-31.97489,1.0,0,-1.0,-1.0,-1.0,-1.0,-1.0,0.0,0.0,0.0,0.0
1791656162.75,3220498.2,1585.8,263300.9,263300.9,154.5,1525.8,1275.6,5.83,89.89,-0.0,176.87,0.0,0.0,0.0,0.0,269079.1,-262441.0,603319.0,0.4405,0.111,1566.8,-0.04053,-31.93287,1.0,0,-1.0,-1.0,-1.0,-1.0,-1.0,0.0,0.0,0.0,0.0
1791656163.25,3220498.7,1586.3,263377.9,263377.9,153.4,1525.5,1275.3,5.79,89.89,-0.0,176.82,0.0,0.0,0.0,0.0,269079.1,-262441.0,603319.0,0.4405,0.111,1566.8,-0.04044,-31.89086,1.0,0,-1.0,-1.0,-1.0,-1.0,-1.0,0.0,0.0,0.0,0.0
1791656163.75,3220499.2,1586.8,263454.3,263454.3,152.4,1525.3,1275.1,5.75,89.89,0.0,176.77,0.0,0.0,0.0,0.0,269079.1,-262441.0,603319.0,0.4405,0.111,1566.8,-0.04035,-31.84885,1.0,0,-1.0,-1.0,-1.0,-1.0,-1.0,0.0,0.0,0.0,0.0
1791656164.25,3220499.7,1587.3,263530.3,263530.3,151.4,1525.1,1274.8,5.71,89.9,0.01,176.72,0.0,0.0,0.0,0.0,269079.1,-262441.0,603319.0,0.4405,0.111,1566.8,-0.04025,-31.80686,1.0,0,-1.0,-1.0,-1.0,-1.0,-1.0,0.0,0.0,0.0,0.0
1791656164.76,3220500.2,1587.8,263605.7,263605.7,150.3,1524.8,1274.5,5.67,89.9,0.01,176.67,0.0,0.0,0.0,0.0,269079.1,-262441.0,603319.0,0.4405,0.111,1566.8,-0.04016,-31.76487,1.0,0,-1.0,-1.0,-1.0,-1.0,-1.0,0.0,0.0,0.0,0.0
1791656165.26,3220500.7,1588.3,263680.6,263680.6,149.3,1524.6,1274.2,5.63,89.9,0.01,176.62,0.0,0.0,0.0,0.0,269079.1,-262441.0,603319.0,0.4405,0.111,1566.8,-0.04007,-31.72289,1.0,0,-1.0,-1.0,-1.0,-1.0,-1.0,0.0,0.0,0.0,0.0
1791656165.76,3220501.2,1588.8,263755.0,263755.0,148.3,1524.4,1274.0,5.59,89.91,0.01,176.57,0.0,0.0,0.0,0.0,269079.1,-262441.0,603319.0,0.4405,0.111,1566.8,-0.03998,-31.68092,1.0,0,-1.0,-1.0,-1.0,-1.0,-1.0,0.0,0.0,0.0,0.0
1791656166.26,3220501.7,1589.3,263828.9,263828.9,147.2,1524.1,1273.7,5.55,89.91,0.01,176.52,0.0,0.0,0.0,0.0,269079.1,-262441.0,603319.0,0.4405,0.111,1566.8,-0.03989,-31.63896,1.0,0,-1.0,-1.0,-1.0,-1.0,-1.0,0.0,0.0,0.0,0.0
1791656166.78,3220502.2,1589.8,263905.1,263905.2,146.1,1523.9,1273.4,5.5,89.91,0.0,176.47,0.0,0.0,0.0,0.0,269079.1,-262441.0,603319.0,0.4405,0.111,1566.8,-0.0398,-31.59533,1.0,0,-1.0,-1.0,-1.0,-1.0,-1.0,0.0,0.0,0.0,0.0
1791656167.28,3220502.7,1590.3,263978.0,263978.0,145.1,1523.7,1273.1,5.46,89.9,0.0,176.42,0.0,0.0,0.0,0.0,269079.1,-262441.0,603319.0,0.4405,0.111,1566.8,-0.0397,-31.55338,1.0,0,-1.0,-1.0,-1.0,-1.0,-1.0,0.0,0.0,0.0,0.0
1791656167.89,3220503.2,1590.9,264047.4,264047.4,144.1,1523.5,1272.9,5.42,89.9,-0.0,176.37,0.0,0.0,0.0,0.0,269079.1,-262441.0,603319.0,0.4405,0.111,1566.8,-0.03962,-31.51313,1.0,0,-1.0,-1.0,-1.0,-1.0,-1.0,0.0,0.0,0.0,0.0
1791656168.39,3220503.7,1591.4,264122.0,264122.0,143.0,1523.2,1272.6,5.38,89.9,-0.01,176.32,0.0,0.0,0.0,0.0,269079.1,-262441.0,603319.0,0.4405,0.111,1566.8,-0.03952,-31.46952,1.0,0,-1.0,-1.0,-1.0,-1.0,-1.0,0.0,0.0,0.0,0.0
1791656168.89,3220504.2,1591.9,264193.3,264193.3,142.0,1523.0,1272.3,5.35,89.9,-0.01,176.27,0.0,0.0,0.0,0.0,269079.1,-262441.0,603319.0,0.4405,0.111,1566.8,-0.03943,-31.4276,1.0,0,-1.0,-1.0,-1.0,-1.0,-1.0,0.0,0.0,0.0,0.0
1791656169.39,3220504.7,1592.4,264264.1,264264.1,141.0,1522.8,1272.1,5.31,89.89,-0.01,176.22,0.0,0.0,0.0,0.0,269079.1,-262441.0,603319.0,0.4405,0.111,1566.8,-0.03934,-31.38569,1.0,0,-1.0,-1.0,-1.0,-1.0,-1.0,0.0,0.0,0.0,0.0
1791656169.9,3220505.2,1592.9,264334.3,264334.3,139.9,1522.6,1271.8,5.27,89.89,-0.01,176.17,0.0,0.0,0.0,0.0,269079.1,-262441.0,603319.0,0.4405,0.111,1566.8,-0.03925,-31.34379,1.0,0,-1.0,-1.0,-1.0,-1.0,-1.0,0.0,0.0,0.0,0.0
1791656170.4,3220505.7,1593.4,264404.0,264404.0,138.9,1522.4,1271.6,5.24,89.89,-0.01,176.12,0.0,0.0,0.0,0.0,269079.1,-262441.0,603319.0,0.4405,0.111,1566.8,-0.03916,-31.3019,1.0,0,-1.0,-1.0,-1.0,-1.0,-1.0,0.0,0.0,0.0,0.0
1791656170.9,3220506.2,1593.9,264473.2,264473.2,137.9,1522.1,1271.3,5.21,89.89,-0.0,176.07,0.0,0.0,0.0,0.0,269079.1,-262441.0,603319.0,0.4405,0.111,1566.8,-0.03907,-31.26001,1.0,0,-1.0,-1.0,-1.0,-1.0,-1.0,0.0,0.0,0.0,0.0
1791656171.4,3220506.7,1594.4,264541.9,264541.9,136.8,1521.9,1271.1,5.17,89.89,-0.0,176.02,0.0,0.0,0.0,0.0,269079.1,-262441.0,603319.0,0.4405,0.111,1566.8,-0.03898,-31.21813,1.0,0,-1.0,-1.0,-1.0,-1.0,-1.0,0.0,0.0,0.0,0.0
1791656171.9,3220507.2,1594.9,264610.0,264610.0,135.8,1521.7,1270.8,5.14,89.89,0.0,175.96,0.0,0.0,0.0,0.0,269079.1,-262441.0,603319.0,0.4405,0.111,1566.8,-0.03888,-31.17626,1.0,0,-1.0,-1.0,-1.0,-1.0,-1.0,0.0,0.0,0.0,0.0
1791656172.4,3220507.7,1595.4,264677.7,264677.7,134.8,1521.5,1270.6,5.1,89.89,0.01,175.91,0.0,0.0,0.0,0.0,269079.1,-262441.0,603319.0,0.4405,0.111,1566.8,-0.03879,-31.1344,1.0,0,-1.0,-1.0,-1.0,-1.0,-1.0,0.0,0.0,0.0,0.0
1791656172.91,3220508.2,1595.9,264747.5,264747.5,133.7,1521.3,1270.3,5.06,89.89,0.01,175.86,0.0,0.0,0.0,0.0,269079.1,-262441.0,603319.0,0.4405,0.111,1566.8,-0.0387,-31.09087,1.0,0,-1.0,-1.0,-1.0,-1.0,-1.0,0.0,0.0,0.0,0.0
1791656173.41,3220508.7,1596.4,264814.1,264814.1,132.7,1521.1,1270.1,5.02,89.9,0.01,175.81,0.0,0.0,0.0,0.0,269079.1,-262441.0,603319.0,0.4405,0.111,1566.8,-0.03861,-31.04903,1.0,0,-1.0,-1.0,-1.0,-1.0,-1.0,0.0,0.0,0.0,0.0
1791656173.92,3220509.2,1597.0,264880.1,264880.2,131.6,1520.9,1269.8,4.98,89.9,0.01,175.76,0.0,0.0,0.0,0.0,269079.1,-262441.0,603319.0,0.4405,0.111,1566.8,-0.03851,-31.00719,1.0,0,-1.0,-1.0,-1.0,-1.0,-1.0,0.0,0.0,0.0,0.0
1791656174.42,3220509.7,1597.5,264945.7,264945.7,130.6,1520.7,1269.6,4.94,89.9,0.01,175.71,0.0,0.0,0.0,0.0,269079.1,-262441.0,603319.0,0.4405,0.111,1566.8,-0.03842,-30.96536,1.0,0,-1.0,-1.0,-1.0,-1.0,-1.0,0.0,0.0,0.0,0.0
1791656174.92,3220510.2,1598.0,265010.7,265010.8,129.6,1520.5,1269.4,4.9,89.91,0.0,175.66,0.0,0.0,0.0,0.0,269079.1,-262441.0,603319.0,0.4405,0.111,1566.8,-0.03833,-30.92353,1.0,0,-1.0,-1.0,-1.0,-1.0,-1.0,0.0,0.0,0.0,0.0
1791656175.42,3220510.7,1598.5,265075.3,265075.3,128.5,1520.3,1269.1,4.86,89.91,0.0,175.61,0.0,0.0,0.0,0.0,269079.1,-262441.0,603319.0,0.4405,0.111,1566.8,-0.03824,-30.88172,1.0,0,-1.0,-1.0,-1.0,-1.0,-1.0,0.0,0.0,0.0,0.0
1791656175.92,3220511.2,1599.0,265139.3,265139.3,127.5,1520.1,1268.9,4.81,89.91,-0.0,175.56,0.0,0.0,0.0,0.0,269079.1,-262441.0,603319.0,0.4405,0.111,1566.8,-0.03815,-30.83991,1.0,0,-1.0,-1.0,-1.0,-1.0,-1.0,0.0,0.0,0.0,0.0
1791656176.42,3220511.7,1599.5,265197.7,265197.7,126.5,1519.9,1268.7,4.77,89.9,-0.01,175.52,0.0,0.0,0.0,0.0,269079.1,-262441.0,603319.0,0.4405,0.111,1566.8,-0.03807,-30.80145,1.0,0,-1.0,-1.0,-1.0,-1.0,-1.0,0.0,0.0,0.0,0.0
1791656176.93,3220512.2,1600.0,265260.7,265260.7,125.5,1519.7,1268.4,4.73,89.9,-0.01,175.47,0.0,0.0,0.0,0.0,269079.1,-262441.0,603319.0,0.4405,0.111,1566.8,-0.03797,-30.75966,1.0,0,-1.0,-1.0,-1.0,-1.0,-1.0,0.0,0.0,0.0,0.0
1791656177.43,3220512.7,1600.5,265323.2,265323.2,124.5,1519.5,1268.2,4.69,89.9,-0.01,175.42,0.0,0.0,0.0,0.0,269079.1,-262441.0,603319.0,0.4405,0.111,1566.8,-0.03788,-30.71787,1.0,0,-1.0,-1.0,-1.0,-1.0,-1.0,0.0,0.0,0.0,0.0
1791656177.93,3220513.2,1601.0,265385.2,265385.2,123.4,1519.3,1268.0,4.66,89.9,-0.01,175.36,0.0,0.0,0.0,0.0,269079.1,-262441.0,603319.0,0.4405,0.111,1566.8,-0.03779,-30.67609,1.0,0,-1.0,-1.0,-1.0,-1.0,-1.0,0.0,0.0,0.0,0.0
1791656178.43,3220513.7,1601.5,265446.7,265446.7,122.4,1519.1,1267.8,4.62,89.89,-0.01,175.31,0.0,0.0,0.0,0.0,269079.1,-262441.0,603319.0,0.4405,0.111,1566.8,-0.0377,-30.63432,1.0,0,-1.0,-1.0,-1.0,-1.0,-1.0,0.0,0.0,0.0,0.0
1791656178.93,3220514.2,1602.0,265507.6,265507.6,121.4,1518.9,1267.5,4.58,89.89,-0.0,175.26,0.0,0.0,0.0,0.0,269079.1,-262441.0,603319.0,0.4405,0.111,1566.8,-0.03761,-30.59255,1.0,0,-1.0,-1.0,-1.0,-1.0,-1.0,0.0,0.0,0.0,0.0
1791656179.43,3220514.6,1602.5,265556.0,265556.0,120.6,1518.8,1267.4,4.55,89.89,-0.0,175.22,0.0,0.0,0.0,0.0,269079.1,-262441.0,603319.0,0.4405,0.111,1566.8,-0.03753,-30.55914,1.0,0,-1.0,-1.0,-1.0,-1.0,-1.0,0.0,0.0,0.0,0.0
1791656179.94,3220515.1,1603.0,265620.8,265620.8,119.4,1518.6,1267.1,4.51,89.89,0.0,175.17,0.0,0.0,0.0,0.0,269079.1,-262441.0,603319.0,0.4405,0.111,1566.8,-0.03744,-30.51405,1.0,0,-1.0,-1.0,-1.0,-1.0,-1.0,0.0,0.0,0.0,0.0
1791656180.44,3220515.6,1603.5,265677.9,265677.9,118.5,1518.4,1266.9,4.48,89.89,0.01,175.12,0.0,0.0,0.0,0.0,269079.1,-262441.0,603319.0,0.4405,0.111,1566.8,-0.03735,-30.47398,1.0,0,-1.0,-1.0,-1.0,-1.0,-1.0,0.0,0.0,0.0,0.0
1791656180.94,3220516.1,1604.0,265739.2,265739.2,117.4,1518.2,1266.7,4.45,89.89,0.01,175.07,0.0,0.0,0.0,0.0,269079.1,-262441.0,603319.0,0.4405,0.111,1566.8,-0.03725,-30.43057,1.0,0,-1.0,-1.0,-1.0,-1.0,-1.0,0.0,0.0,0.0,0.0
1791656181.44,3220516.6,1604.5,265797.7,265797.7,116.3,1518.0,1266.5,4.41,89.89,0.01,175.02,0.0,0.0,0.0,0.0,269079.1,-262441.0,603319.0,0.4405,0.111,1566.8,-0.03716,-30.38884,1.0,0,-1.0,-1.0,-1.0,-1.0,-1.0,0.0,0.0,0.0,0.0
1791656181.94,3220517.1,1605.0,265853.3,265853.3,115.4,1517.9,1266.3,4.38,89.89,0.01,174.97,0.0,0.0,0.0,0.0,269079.1,-262441.0,603319.0,0.4405,0.111,1566.8,-0.03707,-30.34878,1.0,0,-1.0,-1.0,-1.0,-1.0,-1.0,0.0,0.0,0.0,0.0
1791656182.45,3220517.6,1605.5,265913.0,265913.0,114.3,1517.7,1266.1,4.33,89.89,0.01,174.92,0.0,0.0,0.0,0.0,269079.1,-262441.0,603319.0,0.4405,0.111,1566.8,-0.03698,-30.30539,1.0,0,-1.0,-1.0,-1.0,-1.0,-1.0,0.0,0.0,0.0,0.0
1791656182.95,3220518.1,1606.0,265969.8,265969.8,113.2,1517.5,1265.8,4.3,89.9,0.01,174.87,0.0,0.0,0.0,0.0,269079.1,-262441.0,603319.0,0.4405,0.111,1566.8,-0.03689,-30.26368,1.0,0,-1.0,-1.0,-1.0,-1.0,-1.0,0.0,0.0,0.0,0.0
1791656183.46,3220518.6,1606.5,266026.2,266026.2,112.2,1517.3,1265.6,4.26,89.9,0.0,174.82,0.0,0.0,0.0,0.0,269079.1,-262441.0,603319.0,0.4405,0.111,1566.8,-0.0368,-30.22198,1.0,0,-1.0,-1.0,-1.0,-1.0,-1.0,0.0,0.0,0.0,0.0
1791656183.96,3220519.1,1607.0,266082.1,266082.1,111.2,1517.1,1265.4,4.22,89.9,0.0,174.77,0.0,0.0,0.0,0.0,269079.1,-262441.0,603319.0,0.4405,0.111,1566.8,-0.0367,-30.18028,1.0,0,-1.0,-1.0,-1.0,-1.0,-1.0,0.0,0.0,0.0,0.0
1791656184.46,3220519.6,1607.5,266137.4,266137.4,110.1,1517.0,1265.2,4.18,89.9,-0.0,174.72,0.0,0.0,0.0,0.0,269079.1,-262441.0,603319.0,0.4405,0.111,1566.8,-0.03661,-30.13858,1.0,0,-1.0,-1.0,-1.0,-1.0,-1.0,0.0,0.0,0.0,0.0
1791656184.96,3220520.1,1608.0,266194.4,266194.4,109.1,1516.8,1265.0,4.13,89.91,-0.01,174.67,0.0,0.0,0.0,0.0,269079.1,-262441.0,603319.0,0.4405,0.111,1566.8,-0.03652,-30.09523,1.0,0,-1.0,-1.0,-1.0,-1.0,-1.0,0.0,0.0,0.0,0.0
1791656185.46,3220520.6,1608.5,266248.7,266248.7,108.0,1516.6,1264.8,4.09,89.9,-0.01,174.62,0.0,0.0,0.0,0.0,269079.1,-262441.0,603319.0,0.4405,0.111,1566.8,-0.03642,-30.05355,1.0,0,-1.0,-1.0,-1.0,-1.0,-1.0,0.0,0.0,0.0,0.0
1791656185.97,3220521.1,1609.0,266302.4,266302.4,107.0,1516.5,1264.6,4.05,89.9,-0.01,174.57,0.0,0.0,0.0,0.0,269079.1,-262441.0,603319.0,0.4405,0.111,1566.8,-0.03633,-30.01188,1.0,0,-1.0,-1.0,-1.0,-1.0,-1.0,0.0,0.0,0.0,0.0
1791656186.47,3220521.6,1609.5,266353.6,266353.6,106.0,1516.3,1264.4,4.0,89.9,-0.01,174.52,0.0,0.0,0.0,0.0,269079.1,-262441.0,603319.0,0.4405,0.111,1566.8,-0.03624,-29.97188,1.0,0,-1.0,-1.0,-1.0,-1.0,-1.0,0.0,0.0,0.0,0.0
1791656186.97,3220522.1,1610.0,266408.4,266408.4,104.9,1516.1,1264.2,3.96,89.9,-0.01,174.47,0.0,0.0,0.0,0.0,269079.1,-262441.0,603319.0,0.4405,0.111,1566.8,-0.03615,-29.92855,1.0,0,-1.0,-1.0,-1.0,-1.0,-1.0,0.0,0.0,0.0,0.0
1791656187.47,3220522.6,1610.5,266460.6,266460.6,103.9,1516.0,1264.0,3.93,89.89,-0.0,174.42,0.0,0.0,0.0,0.0,269079.1,-262441.0,603319.0,0.4405,0.111,1566.8,-0.03606,-29.8869,1.0,0,-1.0,-1.0,-1.0,-1.0,-1.0,0.0,0.0,0.0,0.0
1791656187.97,3220523.1,1611.0,266512.3,266512.3,102.9,1515.8,1263.9,3.89,89.89,-0.0,174.37,0.0,0.0,0.0,0.0,269079.1,-262441.0,603319.0,0.4405,0.111,1566.8,-0.03597,-29.84525,1.0,0,-1.0,-1.0,-1.0,-1.0,-1.0,0.0,0.0,0.0,0.0
1791656188.48,3220523.6,1611.5,266563.5,266563.5,101.8,1515.7,1263.7,3.85,89.89,0.0,174.32,0.0,0.0,0.0,0.0,269079.1,-262441.0,603319.0,0.4405,0.111,1566.8,-0.03587,-29.8036,1.0,0,-1.0,-1.0,-1.0,-1.0,-1.0,0.0,0.0,0.0,0.0
1791656188.98,3220524.1,1612.0,266614.2,266614.2,100.8,1515.5,1263.5,3.81,89.89,0.01,174.27,0.0,0.0,0.0,0.0,269079.1,-262441.0,603319.0,0.4405,0.111,1566.8,-0.03578,-29.76197,1.0,0,-1.0,-1.0,-1.0,-1.0,-1.0,0.0,0.0,0.0,0.0
1791656189.48,3220524.6,1612.5,266664.3,266664.3,99.8,1515.3,1263.3,3.78,89.88,0.01,174.22,0.0,0.0,0.0,0.0,269079.1,-262441.0,603319.0,0.4405,0.111,1566.8,-0.03569,-29.72034,1.0,0,-1.0,-1.0,-1.0,-1.0,-1.0,0.0,0.0,0.0,0.0
1791656189.98,3220525.2,1613.0,266715.9,266715.9,98.7,1515.2,1263.1,3.74,89.89,0.01,174.17,0.0,0.0,0.0,0.0,269079.1,-262441.0,603319.0,0.4405,0.111,1566.8,-0.0356,-29.67705,1.0,0,-1.0,-1.0,-1.0,-1.0,-1.0,0.0,0.0,0.0,0.0
1791656190.48,3220525.6,1613.5,266763.1,266763.1,97.7,1515.0,1262.9,3.71,89.89,0.01,174.12,0.0,0.0,0.0,0.0,269079.1,-262441.0,603319.0,0.4405,0.111,1566.8,-0.03551,-29.63709,1.0,0,-1.0,-1.0,-1.0,-1.0,-1.0,0.0,0.0,0.0,0.0
1791656190.98,3220526.1,1614.0,266811.7,266811.7,96.7,1514.9,1262.8,3.67,89.89,0.01,174.07,0.0,0.0,0.0,0.0,269079.1,-262441.0,603319.0,0.4405,0.111,1566.8,-0.03542,-29.59548,1.0,0,-1.0,-1.0,-1.0,-1.0,-1.0,0.0,0.0,0.0,0.0
1791656191.49,3220526.6,1614.5,266859.8,266859.8,95.7,1514.7,1262.6,3.64,89.89,0.0,174.02,0.0,0.0,0.0,0.0,269079.1,-262441.0,603319.0,0.4405,0.111,1566.8,-0.03532,-29.55387,1.0,0,-1.0,-1.0,-1.0,-1.0,-1.0,0.0,0.0,0.0,0.0
1791656191.99,3220527.1,1615.0,266907.3,266907.3,94.6,1514.6,1262.4,3.6,89.89,0.0,173.97,0.0,0.0,0.0,0.0,269079.1,-262441.0,603319.0,0.4405,0.111,1566.8,-0.03523,-29.51226,1.0,0,-1.0,-1.0,-1.0,-1.0,-1.0,0.0,0.0,0.0,0.0
1791656192.49,3220527.7,1615.5,266956.3,266956.3,93.6,1514.4,1262.2,3.56,89.9,-0.0,173.92,0.0,0.0,0.0,0.0,269079.1,-262441.0,603319.0,0.4405,0.111,1566.8,-0.03514,-29.469,1.0,0,-1.0,-1.0,-1.0,-1.0,-1.0,0.0,0.0,0.0,0.0
1791656193.0,3220528.2,1616.0,267002.8,267002.8,92.5,1514.3,1262.1,3.52,89.9,-0.01,173.87,0.0,0.0,0.0,0.0,269079.1,-262441.0,603319.0,0.4405,0.111,1566.8,-0.03504,-29.42741,1.0,0,-1.0,-1.0,-1.0,-1.0,-1.0,0.0,0.0,0.0,0.0
1791656193.5,3220528.7,1616.5,267048.8,267048.8,91.5,1514.1,1261.9,3.48,89.9,-0.01,173.82,0.0,0.0,0.0,0.0,269079.1,-262441.0,603319.0,0.4405,0.111,1566.8,-0.03495,-29.38582,1.0,0,-1.0,-1.0,-1.0,-1.0,-1.0,0.0,0.0,0.0,0.0
1791656194.0,3220529.2,1617.0,267094.3,267094.3,90.5,1514.0,1261.7,3.44,89.9,-0.01,173.76,0.0,0.0,0.0,0.0,269079.1,-262441.0,603319.0,0.4405,0.111,1566.8,-0.03486,-29.34424,1.0,0,-1.0,-1.0,-1.0,-1.0,-1.0,0.0,0.0,0.0,0.0
1791656194.51,3220529.7,1617.5,267139.3,267139.3,89.4,1513.9,1261.6,3.39,89.9,-0.01,173.71,0.0,0.0,0.0,0.0,269079.1,-262441.0,603319.0,0.4405,0.111,1566.8,-0.03477,-29.30267,1.0,0,-1.0,-1.0,-1.0,-1.0,-1.0,0.0,0.0,0.0,0.0
1791656195.01,3220530.1,1618.0,267174.9,267174.9,88.6,1513.8,1261.4,3.36,89.9,-0.01,173.68,0.0,0.0,0.0,0.0,269079.1,-262441.0,603319.0,0.4405,0.111,1566.8,-0.03469,-29.26941,1.0,0,-1.0,-1.0,-1.0,-1.0,-1.0,0.0,0.0,0.0,0.0
1791656195.51,3220530.6,1618.5,267218.9,267218.9,87.6,1513.6,1261.3,3.32,89.9,-0.01,173.63,0.0,0.0,0.0,0.0,269079.1,-262441.0,603319.0,0.4405,0.111,1566.8,-0.0346,-29.22784,1.0,0,-1.0,-1.0,-1.0,-1.0,-1.0,0.0,0.0,0.0,0.0
1791656196.01,3220531.1,1619.0,267262.4,267262.4,86.5,1513.5,1261.1,3.28,89.9,-0.0,173.58,0.0,0.0,0.0,0.0,269079.1,-262441.0,603319.0,0.4405,0.111,1566.8,-0.03451,-29.18628,1.0,0,-1.0,-1.0,-1.0,-1.0,-1.0,0.0,0.0,0.0,0.0
1791656196.51,3220531.6,1619.5,267305.4,267305.4,85.5,1513.3,1261.0,3.23,89.9,0.0,173.53,0.0,0.0,0.0,0.0,269079.1,-262441.0,603319.0,0.4405,0.111,1566.8,-0.03442,-29.14472,1.0,0,-1.0,-1.0,-1.0,-1.0,-1.0,0.0,0.0,0.0,0.0
1791656197.01,3220532.1,1620.0,267347.9,267347.9,84.5,1513.2,1260.8,3.2,89.89,0.01,173.48,0.0,0.0,0.0,0.0,269079.1,-262441.0,603319.0,0.4405,0.111,1566.8,-0.03433,-29.10317,1.0,0,-1.0,-1.0,-1.0,-1.0,-1.0,0.0,0.0,0.0,0.0
1791656197.52,3220532.6,1620.6,267389.9,267389.9,83.4,1513.1,1260.6,3.16,89.89,0.01,173.43,0.0,0.0,0.0,0.0,269079.1,-262441.0,603319.0,0.4405,0.111,1566.8,-0.03423,-29.06162,1.0,0,-1.0,-1.0,-1.0,-1.0,-1.0,0.0,0.0,0.0,0.0
1791656198.02,3220533.1,1621.1,267431.4,267431.4,82.4,1513.0,1260.5,3.12,89.89,0.01,173.38,0.0,0.0,0.0,0.0,269079.1,-262441.0,603319.0,0.4405,0.111,1566.8,-0.03414,-29.02008,1.0,0,-1.0,-1.0,-1.0,-1.0,-1.0,0.0,0.0,0.0,0.0
1791656198.52,3220533.6,1621.6,267472.3,267472.3,81.4,1512.8,1260.3,3.08,89.88,0.01,173.33,0.0,0.0,0.0,0.0,269079.1,-262441.0,603319.0,0.4405,0.111,1566.8,-0.03405,-28.97854,1.0,0,-1.0,-1.0,-1.0,-1.0,-1.0,0.0,0.0,0.0,0.0
1791656199.02,3220534.1,1622.1,267514.4,267514.4,80.3,1512.7,1260.2,3.05,89.88,0.01,173.28,0.0,0.0,0.0,0.0,269079.1,-262441.0,603319.0,0.4405,0.111,1566.8,-0.03395,-28.93535,1.0,0,-1.0,-1.0,-1.0,-1.0,-1.0,0.0,0.0,0.0,0.0
1791656199.53,3220534.6,1622.6,267554.3,267554.3,79.3,1512.6,1260.0,3.01,89.89,0.01,173.23,0.0,0.0,0.0,0.0,269079.1,-262441.0,603319.0,0.4405,0.111,1566.8,-0.03386,-28.89382,1.0,0,-1.0,-1.0,-1.0,-1.0,-1.0,0.0,0.0,0.0,0.0
1791656200.03,3220535.1,1623.1,267592.1,267592.1,78.3,1512.5,1259.9,2.98,89.89,0.0,173.18,0.0,0.0,0.0,0.0,269079.1,-262441.0,603319.0,0.4405,0.111,1566.8,-0.03377,-28.85396,1.0,0,-1.0,-1.0,-1.0,-1.0,-1.0,0.0,0.0,0.0,0.0
1791656200.53,3220535.6,1623.6,267632.5,267632.5,77.2,1512.3,1259.8,2.94,89.89,0.0,173.13,0.0,0.0,0.0,0.0,269079.1,-262441.0,603319.0,0.4405,0.111,1566.8,-0.03368,-28.81078,1.0,0,-1.0,-1.0,-1.0,-1.0,-1.0,0.0,0.0,0.0,0.0
1791656201.03,3220536.1,1624.1,267670.9,267670.9,76.2,1512.2,1259.6,2.9,89.89,-0.0,173.08,0.0,0.0,0.0,0.0,269079.1,-262441.0,603319.0,0.4405,0.111,1566.8,-0.03359,-28.76927,1.0,0,-1.0,-1.0,-1.0,-1.0,-1.0,0.0,0.0,0.0,0.0
1791656201.53,3220536.6,1624.6,267708.7,267708.7,75.2,1512.1,1259.5,2.87,89.9,-0.01,173.03,0.0,0.0,0.0,0.0,269079.1,-262441.0,603319.0,0.4405,0.111,1566.8,-0.03349,-28.72776,1.0,0,-1.0,-1.0,-1.0,-1.0,-1.0,0.0,0.0,0.0,0.0
1791656202.03,3220537.1,1625.1,267746.0,267746.0,74.1,1512.0,1259.3,2.83,89.9,-0.01,172.98,0.0,0.0,0.0,0.0,269079.1,-262441.0,603319.0,0.4405,0.111,1566.8,-0.0334,-28.68625,1.0,0,-1.0,-1.0,-1.0,-1.0,-1.0,0.0,0.0,0.0,0.0
1791656202.54,3220537.6,1625.6,267782.8,267782.8,73.1,1511.9,1259.2,2.79,89.9,-0.01,172.93,0.0,0.0,0.0,0.0,269079.1,-262441.0,603319.0,0.4405,0.111,1566.8,-0.03331,-28.64475,1.0,0,-1.0,-1.0,-1.0,-1.0,-1.0,0.0,0.0,0.0,0.0
1791656203.04,3220538.1,1626.1,267819.1,267819.1,72.1,1511.8,1259.1,2.75,89.9,-0.01,172.88,0.0,0.0,0.0,0.0,269079.1,-262441.0,603319.0,0.4405,0.111,1566.8,-0.03322,-28.60325,1.0,0,-1.0,-1.0,-1.0,-1.0,-1.0,0.0,0.0,0.0,0.0
1791656203.54,3220538.6,1626.6,267854.9,267854.9,71.0,1511.6,1258.9,2.71,89.9,-0.01,172.83,0.0,0.0,0.0,0.0,269079.1,-262441.0,603319.0,0.4405,0.111,1566.8,-0.03312,-28.56176,1.0,0,-1.0,-1.0,-1.0,-1.0,-1.0,0.0,0.0,0.0,0.0
1791656204.04,3220539.1,1627.1,267890.2,267890.2,70.0,1511.5,1258.8,2.67,89.9,-0.0,172.78,0.0,0.0,0.0,0.0,269079.1,-262441.0,603319.0,0.4405,0.111,1566.8,-0.03303,-28.52027,1.0,0,-1.0,-1.0,-1.0,-1.0,-1.0,0.0,0.0,0.0,0.0
1791656204.54,3220539.6,1627.6,267926.3,267926.3,68.9,1511.4,1258.7,2.62,89.9,-0.0,172.73,0.0,0.0,0.0,0.0,269079.1,-262441.0,603319.0,0.4405,0.111,1566.8,-0.03294,-28.47712,1.0,0,-1.0,-1.0,-1.0,-1.0,-1.0,0.0,0.0,0.0,0.0
1791656205.05,3220540.1,1628.1,267960.5,267960.5,67.9,1511.3,1258.6,2.58,89.9,0.0,172.68,0.0,0.0,0.0,0.0,269079.1,-262441.0,603319.0,0.4405,0.111,1566.8,-0.03284,-28.43564,1.0,0,-1.0,-1.0,-1.0,-1.0,-1.0,0.0,0.0,0.0,0.0
1791656205.55,3220540.6,1628.6,267994.2,267994.2,66.9,1511.2,1258.4,2.53,89.9,0.01,172.63,0.0,0.0,0.0,0.0,269079.1,-262441.0,603319.0,0.4405,0.111,1566.8,-0.03275,-28.39416,1.0,0,-1.0,-1.0,-1.0,-1.0,-1.0,0.0,0.0,0.0,0.0
1791656206.05,3220541.1,1629.1,268027.3,268027.3,65.8,1511.1,1258.3,2.49,89.89,0.01,172.58,0.0,0.0,0.0,0.0,269079.1,-262441.0,603319.0,0.4405,0.111,1566.8,-0.03266,-28.35269,1.0,0,-1.0,-1.0,-1.0,-1.0,-1.0,0.0,0.0,0.0,0.0
1791656206.55,3220541.6,1629.6,268060.0,268060.0,64.8,1511.0,1258.2,2.45,89.89,0.01,172.53,0.0,0.0,0.0,0.0,269079.1,-262441.0,603319.0,0.4405,0.111,1566.8,-0.03257,-28.31122,1.0,0,-1.0,-1.0,-1.0,-1.0,-1.0,0.0,0.0,0.0,0.0
1791656207.05,3220542.1,1630.1,268092.2,268092.2,63.8,1510.9,1258.1,2.41,89.88,0.01,172.48,0.0,0.0,0.0,0.0,269079.1,-262441.0,603319.0,0.4405,0.111,1566.8,-0.03247,-28.26976,1.0,0,-1.0,-1.0,-1.0,-1.0,-1.0,0.0,0.0,0.0,0.0
1791656207.55,3220542.6,1630.6,268123.8,268123.8,62.7,1510.8,1258.0,2.38,89.88,0.01,172.42,0.0,0.0,0.0,0.0,269079.1,-262441.0,603319.0,0.4405,0.111,1566.8,-0.03238,-28.22829,1.0,0,-1.0,-1.0,-1.0,-1.0,-1.0,0.0,0.0,0.0,0.0
1791656208.06,3220543.1,1631.1,268154.9,268154.9,61.7,1510.7,1257.8,2.34,89.88,0.0,172.38,0.0,0.0,0.0,0.0,269079.1,-262441.0,603319.0,0.4405,0.111,1566.8,-0.03229,-28.18683,1.0,0,-1.0,-1.0,-1.0,-1.0,-1.0,0.0,0.0,0.0,0.0
1791656208.56,3220543.6,1631.6,268186.7,268186.7,60.6,1510.6,1257.7,2.3,89.88,0.0,172.33,0.0,0.0,0.0,0.0,269079.1,-262441.0,603319.0,0.4405,0.111,1566.8,-0.03219,-28.14372,1.0,0,-1.0,-1.0,-1.0,-1.0,-1.0,0.0,0.0,0.0,0.0
1791656209.06,3220544.1,1632.1,268216.8,268216.8,59.6,1510.5,1257.6,2.27,89.89,-0.0,172.28,0.0,0.0,0.0,0.0,269079.1,-262441.0,603319.0,0.4405,0.111,1566.8,-0.0321,-28.10227,1.0,0,-1.0,-1.0,-1.0,-1.0,-1.0,0.0,0.0,0.0,0.0
1791656209.56,3220544.6,1632.6,268246.3,268246.3,58.6,1510.4,1257.5,2.23,89.89,-0.01,172.23,0.0,0.0,0.0,0.0,269079.1,-262441.0,603319.0,0.4405,0.111,1566.8,-0.03201,-28.06082,1.0,0,-1.0,-1.0,-1.0,-1.0,-1.0,0.0,0.0,0.0,0.0
1791656210.06,3220545.1,1633.1,268275.4,268275.3,57.5,1510.3,1257.4,2.2,89.89,-0.01,172.18,0.0,0.0,0.0,0.0,269079.1,-262441.0,603319.0,0.4405,0.111,1566.8,-0.03191,-28.01938,1.0,0,-1.0,-1.0,-1.0,-1.0,-1.0,0.0,0.0,0.0,0.0
1791656210.57,3220545.6,1633.6,268303.9,268303.9,56.5,1510.3,1257.3,2.16,89.89,-0.01,172.13,0.0,0.0,0.0,0.0,269079.1,-262441.0,603319.0,0.4405,0.111,1566.8,-0.03182,-27.97794,1.0,0,-1.0,-1.0,-1.0,-1.0,-1.0,0.0,0.0,0.0,0.0
1791656211.07,3220546.1,1634.1,268331.9,268331.9,55.5,1510.2,1257.2,2.12,89.9,-0.01,172.08,0.0,0.0,0.0,0.0,269079.1,-262441.0,603319.0,0.4405,0.111,1566.8,-0.03173,-27.9365,1.0,0,-1.0,-1.0,-1.0,-1.0,-1.0,0.0,0.0,0.0,0.0
1791656211.57,3220546.6,1634.6,268359.4,268359.4,54.5,1510.1,1257.1,2.08,89.9,-0.01,172.03,0.0,0.0,0.0,0.0,269079.1,-262441.0,603319.0,0.4405,0.111,1566.8,-0.03164,-27.89506,1.0,0,-1.0,-1.0,-1.0,-1.0,-1.0,0.0,0.0,0.0,0.0
1791656212.07,3220547.1,1635.1,268386.3,268386.3,53.4,1510.0,1257.0,2.04,89.9,-0.0,171.98,0.0,0.0,0.0,0.0,269079.1,-262441.0,603319.0,0.4405,0.111,1566.8,-0.03154,-27.85363,1.0,0,-1.0,-1.0,-1.0,-1.0,-1.0,0.0,0.0,0.0,0.0
1791656212.57,3220547.6,1635.6,268412.8,268412.8,52.4,1509.9,1256.9,2.0,89.9,-0.0,171.93,0.0,0.0,0.0,0.0,269079.1,-262441.0,603319.0,0.4405,0.111,1566.8,-0.03145,-27.8122,1.0,0,-1.0,-1.0,-1.0,-1.0,-1.0,0.0,0.0,0.0,0.0
1791656213.07,3220548.1,1636.1,268438.7,268438.7,51.4,1509.8,1256.8,1.96,89.9,0.0,171.88,0.0,0.0,0.0,0.0,269079.1,-262441.0,603319.0,0.4405,0.111,1566.8,-0.03136,-27.77078,1.0,0,-1.0,-1.0,-1.0,-1.0,-1.0,0.0,0.0,0.0,0.0
1791656213.58,3220548.6,1636.6,268465.2,268465.2,50.3,1509.8,1256.7,1.92,89.9,0.01,171.83,0.0,0.0,0.0,0.0,269079.1,-262441.0,603319.0,0.4405,0.111,1566.8,-0.03126,-27.7277,1.0,0,-1.0,-1.0,-1.0,-1.0,-1.0,0.0,0.0,0.0,0.0
1791656214.08,3220549.1,1637.1,268490.1,268490.1,49.3,1509.7,1256.6,1.88,89.9,0.01,171.78,0.0,0.0,0.0,0.0,269079.1,-262441.0,603319.0,0.4405,0.111,1566.8,-0.03117,-27.68628,1.0,0,-1.0,-1.0,-1.0,-1.0,-1.0,0.0,0.0,0.0,0.0
1791656214.58,3220549.6,1637.6,268514.4,268514.4,48.2,1509.6,1256.5,1.83,89.9,0.01,171.73,0.0,0.0,0.0,0.0,269079.1,-262441.0,603319.0,0.4405,0.111,1566.8,-0.03108,-27.64486,1.0,0,-1.0,-1.0,-1.0,-1.0,-1.0,0.0,0.0,0.0,0.0
1791656215.08,3220550.1,1638.1,268538.3,268538.3,47.2,1509.5,1256.4,1.79,89.89,0.01,171.68,0.0,0.0,0.0,0.0,269079.1,-262441.0,603319.0,0.4405,0.111,1566.8,-0.03098,-27.60345,1.0,0,-1.0,-1.0,-1.0,-1.0,-1.0,0.0,0.0,0.0,0.0
1791656215.59,3220550.6,1638.6,268561.6,268561.6,46.2,1509.5,1256.3,1.75,89.89,0.01,171.63,0.0,0.0,0.0,0.0,269079.1,-262441.0,603319.0,0.4405,0.111,1566.8,-0.03089,-27.56203,1.0,0,-1.0,-1.0,-1.0,-1.0,-1.0,0.0,0.0,0.0,0.0
1791656216.09,3220551.1,1639.1,268584.5,268584.5,45.1,1509.4,1256.3,1.71,89.89,0.01,171.58,0.0,0.0,0.0,0.0,269079.1,-262441.0,603319.0,0.4405,0.111,1566.8,-0.0308,-27.52063,1.0,0,-1.0,-1.0,-1.0,-1.0,-1.0,0.0,0.0,0.0,0.0
1791656216.59,3220551.6,1639.6,268606.8,268606.8,44.1,1509.3,1256.2,1.67,89.88,0.0,171.53,0.0,0.0,0.0,0.0,269079.1,-262441.0,603319.0,0.4405,0.111,1566.8,-0.03071,-27.47922,1.0,0,-1.0,-1.0,-1.0,-1.0,-1.0,0.0,0.0,0.0,0.0
1791656217.09,3220552.1,1640.1,268628.6,268628.6,43.1,1509.2,1256.1,1.63,89.88,-0.0,171.48,0.0,0.0,0.0,0.0,269079.1,-262441.0,603319.0,0.4405,0.111,1566.8,-0.03061,-27.43782,1.0,0,-1.0,-1.0,-1.0,-1.0,-1.0,0.0,0.0,0.0,0.0
1791656217.59,3220552.6,1640.6,268649.9,268649.9,42.1,1509.2,1256.0,1.6,89.88,-0.0,171.43,0.0,0.0,0.0,0.0,269079.1,-262441.0,603319.0,0.4405,0.111,1566.8,-0.03052,-27.39641,1.0,0,-1.0,-1.0,-1.0,-1.0,-1.0,0.0,0.0,0.0,0.0
1791656218.09,3220553.1,1641.1,268670.6,268670.6,41.0,1509.1,1255.9,1.56,89.89,-0.01,171.38,0.0,0.0,0.0,0.0,269079.1,-262441.0,603319.0,0.4405,0.111,1566.8,-0.03043,-27.35502,1.0,0,-1.0,-1.0,-1.0,-1.0,-1.0,0.0,0.0,0.0,0.0
1791656218.6,3220553.6,1641.6,268690.9,268690.9,40.0,1509.1,1255.9,1.52,89.89,-0.01,171.33,0.0,0.0,0.0,0.0,269079.1,-262441.0,603319.0,0.4405,0.111,1566.8,-0.03034,-27.31362,1.0,0,-1.0,-1.0,-1.0,-1.0,-1.0,0.0,0.0,0.0,0.0
1791656219.1,3220554.2,1642.1,268711.4,268711.4,38.9,1509.0,1255.8,1.49,89.89,-0.01,171.28,0.0,0.0,0.0,0.0,269079.1,-262441.0,603319.0,0.4405,0.111,1566.8,-0.03024,-27.27057,1.0,0,-1.0,-1.0,-1.0,-1.0,-1.0,0.0,0.0,0.0,0.0
1791656219.6,3220554.6,1642.6,268729.8,268729.8,37.9,1508.9,1255.7,1.45,89.89,-0.01,171.23,0.0,0.0,0.0,0.0,269079.1,-262441.0,603319.0,0.4405,0.111,1566.8,-0.03015,-27.23083,1.0,0,-1.0,-1.0,-1.0,-1.0,-1.0,0.0,0.0,0.0,0.0
1791656220.11,3220555.2,1643.1,268749.3,268749.3,36.9,1508.9,1255.7,1.42,89.9,-0.01,171.18,0.0,0.0,0.0,0.0,269079.1,-262441.0,603319.0,0.4405,0.111,1566.8,-0.03005,-27.18779,1.0,0,-1.0,-1.0,-1.0,-1.0,-1.0,0.0,0.0,0.0,0.0
1791656220.61,3220555.7,1643.6,268767.5,268767.5,35.8,1508.8,1255.6,1.38,89.9,-0.0,171.13,0.0,0.0,0.0,0.0,269079.1,-262441.0,603319.0,0.4405,0.111,1566.8,-0.02996,-27.1464,1.0,0,-1.0,-1.0,-1.0,-1.0,-1.0,0.0,0.0,0.0,0.0
1791656221.11,3220556.2,1644.1,268785.1,268785.1,34.8,1508.8,1255.5,1.34,89.9,0.0,171.08,0.0,0.0,0.0,0.0,269079.1,-262441.0,603319.0,0.4405,0.111,1566.8,-0.02987,-27.10501,1.0,0,-1.0,-1.0,-1.0,-1.0,-1.0,0.0,0.0,0.0,0.0
1791656221.61,3220556.7,1644.6,268802.3,268802.3,33.8,1508.7,1255.5,1.3,89.9,0.0,171.03,0.0,0.0,0.0,0.0,269079.1,-262441.0,603319.0,0.4405,0.111,1566.8,-0.02977,-27.06363,1.0,0,-1.0,-1.0,-1.0,-1.0,-1.0,0.0,0.0,0.0,0.0
1791656222.12,3220557.2,1645.2,268818.9,268818.9,32.7,1508.7,1255.4,1.26,89.9,0.01,170.98,0.0,0.0,0.0,0.0,269079.1,-262441.0,603319.0,0.4405,0.111,1566.8,-0.02968,-27.02225,1.0,0,-1.0,-1.0,-1.0,-1.0,-1.0,0.0,0.0,0.0,0.0
1791656222.62,3220557.5,1645.7,268831.2,268831.2,32.0,1508.6,1255.4,1.23,89.9,0.01,170.94,0.0,0.0,0.0,0.0,269079.1,-262441.0,603319.0,0.4405,0.111,1566.8,-0.02961,-26.9908,1.0,0,-1.0,-1.0,-1.0,-1.0,-1.0,0.0,0.0,0.0,0.0
1791656223.12,3220558.0,1646.2,268846.9,268846.9,30.9,1508.6,1255.3,1.19,89.9,0.01,170.89,0.0,0.0,0.0,0.0,269079.1,-262441.0,603319.0,0.4405,0.111,1566.8,-0.02952,-26.94942,1.0,0,-1.0,-1.0,-1.0,-1.0,-1.0,0.0,0.0,0.0,0.0
1791656223.62,3220558.6,1646.7,268862.1,268862.1,29.9,1508.5,1255.2,1.14,89.9,0.01,170.84,0.0,0.0,0.0,0.0,269079.1,-262441.0,603319.0,0.4405,0.111,1566.8,-0.02942,-26.90804,1.0,0,-1.0,-1.0,-1.0,-1.0,-1.0,0.0,0.0,0.0,0.0
1791656224.13,3220559.1,1647.2,268877.4,268877.4,28.8,1508.5,1255.2,1.1,89.89,0.01,170.79,0.0,0.0,0.0,0.0,269079.1,-262441.0,603319.0,0.4405,0.111,1566.8,-0.02933,-26.86501,1.0,0,-1.0,-1.0,-1.0,-1.0,-1.0,0.0,0.0,0.0,0.0
1791656224.63,3220559.6,1647.7,268891.5,268891.5,27.8,1508.4,1255.1,1.05,89.89,0.0,170.74,0.0,0.0,0.0,0.0,269079.1,-262441.0,603319.0,0.4405,0.111,1566.8,-0.02923,-26.82364,1.0,0,-1.0,-1.0,-1.0,-1.0,-1.0,0.0,0.0,0.0,0.0
1791656225.13,3220560.1,1648.2,268905.2,268905.2,26.8,1508.4,1255.1,1.01,89.89,0.0,170.69,0.0,0.0,0.0,0.0,269079.1,-262441.0,603319.0,0.4405,0.111,1566.8,-0.02914,-26.78227,1.0,0,-1.0,-1.0,-1.0,-1.0,-1.0,0.0,0.0,0.0,0.0
1791656225.63,3220560.6,1648.7,268918.3,268918.3,25.7,1508.3,1255.0,0.97,89.88,-0.0,170.64,0.0,0.0,0.0,0.0,269079.1,-262441.0,603319.0,0.4405,0.111,1566.8,-0.02905,-26.7409,1.0,0,-1.0,-1.0,-1.0,-1.0,-1.0,0.0,0.0,0.0,0.0
1791656226.13,3220561.1,1649.2,268930.9,268930.9,24.7,1508.3,1255.0,0.93,89.88,-0.01,170.59,0.0,0.0,0.0,0.0,269079.1,-262441.0,603319.0,0.4405,0.111,1566.8,-0.02896,-26.69953,1.0,0,-1.0,-1.0,-1.0,-1.0,-1.0,0.0,0.0,0.0,0.0
1791656226.63,3220561.6,1649.7,268943.0,268943.0,23.7,1508.3,1254.9,0.9,89.88,-0.01,170.54,0.0,0.0,0.0,0.0,269079.1,-262441.0,603319.0,0.4405,0.111,1566.8,-0.02886,-26.65816,1.0,0,-1.0,-1.0,-1.0,-1.0,-1.0,0.0,0.0,0.0,0.0
1791656227.14,3220562.1,1650.2,268954.6,268954.6,22.6,1508.2,1254.9,0.86,89.88,-0.01,170.49,0.0,0.0,0.0,0.0,269079.1,-262441.0,603319.0,0.4405,0.111,1566.8,-0.02877,-26.6168,1.0,0,-1.0,-1.0,-1.0,-1.0,-1.0,0.0,0.0,0.0,0.0
1791656227.64,3220562.6,1650.7,268965.7,268965.7,21.6,1508.2,1254.9,0.82,89.88,-0.01,170.44,0.0,0.0,0.0,0.0,269079.1,-262441.0,603319.0,0.4405,0.111,1566.8,-0.02868,-26.57543,1.0,0,-1.0,-1.0,-1.0,-1.0,-1.0,0.0,0.0,0.0,0.0
1791656228.14,3220563.1,1651.2,268976.2,268976.2,20.6,1508.2,1254.8,0.78,89.89,-0.01,170.39,0.0,0.0,0.0,0.0,269079.1,-262441.0,603319.0,0.4405,0.111,1566.8,-0.02858,-26.53407,1.0,0,-1.0,-1.0,-1.0,-1.0,-1.0,0.0,0.0,0.0,0.0
1791656228.64,3220563.6,1651.7,268986.2,268986.3,19.6,1508.1,1254.8,0.75,89.89,-0.0,170.34,0.0,0.0,0.0,0.0,269079.1,-262441.0,603319.0,0.4405,0.111,1566.8,-0.02849,-26.49271,1.0,0,-1.0,-1.0,-1.0,-1.0,-1.0,0.0,0.0,0.0,0.0
1791656229.14,3220564.1,1652.2,268995.8,268995.8,18.5,1508.1,1254.8,0.72,89.89,-0.0,170.29,0.0,0.0,0.0,0.0,269079.1,-262441.0,603319.0,0.4405,0.111,1566.8,-0.0284,-26.45135,1.0,0,-1.0,-1.0,-1.0,-1.0,-1.0,0.0,0.0,0.0,0.0
1791656229.64,3220564.6,1652.7,269004.8,269004.8,17.5,1508.1,1254.7,0.68,89.9,0.0,170.24,0.0,0.0,0.0,0.0,269079.1,-262441.0,603319.0,0.4405,0.111,1566.8,-0.0283,-26.40999,1.0,0,-1.0,-1.0,-1.0,-1.0,-1.0,0.0,0.0,0.0,0.0
1791656230.15,3220565.1,1653.2,269013.6,269013.6,16.4,1508.1,1254.7,0.64,89.9,0.01,170.19,0.0,0.0,0.0,0.0,269079.1,-262441.0,603319.0,0.4405,0.111,1566.8,-0.02821,-26.36697,1.0,0,-1.0,-1.0,-1.0,-1.0,-1.0,0.0,0.0,0.0,0.0
1791656230.65,3220565.6,1653.7,269021.2,269021.3,15.4,1508.0,1254.7,0.6,89.9,0.01,170.14,0.0,0.0,0.0,0.0,269079.1,-262441.0,603319.0,0.4405,0.111,1566.8,-0.02812,-26.32727,1.0,0,-1.0,-1.0,-1.0,-1.0,-1.0,0.0,0.0,0.0,0.0
1791656231.15,3220566.1,1654.2,269029.0,269029.0,14.4,1508.0,1254.6,0.56,89.9,0.01,170.09,0.0,0.0,0.0,0.0,269079.1,-262441.0,603319.0,0.4405,0.111,1566.8,-0.02802,-26.28426,1.0,0,-1.0,-1.0,-1.0,-1.0,-1.0,0.0,0.0,0.0,0.0
1791656231.65,3220566.6,1654.7,269035.9,269035.9,13.3,1508.0,1254.6,0.52,89.9,0.01,170.04,0.0,0.0,0.0,0.0,269079.1,-262441.0,603319.0,0.4405,0.111,1566.8,-0.02793,-26.2429,1.0,0,-1.0,-1.0,-1.0,-1.0,-1.0,0.0,0.0,0.0,0.0
1791656232.15,3220567.1,1655.2,269042.3,269042.3,12.3,1508.0,1254.6,0.48,89.9,0.01,169.99,0.0,0.0,0.0,0.0,269079.1,-262441.0,603319.0,0.4405,0.111,1566.8,-0.02783,-26.20155,1.0,0,-1.0,-1.0,-1.0,-1.0,-1.0,0.0,0.0,0.0,0.0
1791656232.66,3220567.6,1655.7,269048.2,269048.2,11.3,1507.9,1254.6,0.44,89.9,0.0,169.94,0.0,0.0,0.0,0.0,269079.1,-262441.0,603319.0,0.4405,0.111,1566.8,-0.02774,-26.16019,1.0,0,-1.0,-1.0,-1.0,-1.0,-1.0,0.0,0.0,0.0,0.0
1791656233.16,3220568.1,1656.2,269053.6,269053.6,10.2,1507.9,1254.5,0.4,89.9,0.0,169.89,0.0,0.0,0.0,0.0,269079.1,-262441.0,603319.0,0.4405,0.111,1566.8,-0.02765,-26.11884,1.0,0,-1.0,-1.0,-1.0,-1.0,-1.0,0.0,0.0,0.0,0.0
1791656233.66,3220568.6,1656.7,269058.5,269058.5,9.2,1507.9,1254.5,0.35,89.89,-0.0,169.84,0.0,0.0,0.0,0.0,269079.1,-262441.0,603319.0,0.4405,0.111,1566.8,-0.02755,-26.07748,1.0,0,-1.0,-1.0,-1.0,-1.0,-1.0,0.0,0.0,0.0,0.0
1791656234.16,3220569.1,1657.2,269062.8,269062.8,8.2,1507.9,1254.5,0.31,89.89,-0.01,169.79,0.0,0.0,0.0,0.0,269079.1,-262441.0,603319.0,0.4405,0.111,1566.8,-0.02746,-26.03613,1.0,0,-1.0,-1.0,-1.0,-1.0,-1.0,0.0,0.0,0.0,0.0
1791656234.66,3220569.6,1657.7,269066.7,269066.7,7.2,1507.9,1254.5,0.27,89.88,-0.01,169.74,0.0,0.0,0.0,0.0,269079.1,-262441.0,603319.0,0.4405,0.111,1566.8,-0.02737,-25.99478,1.0,0,-1.0,-1.0,-1.0,-1.0,-1.0,0.0,0.0,0.0,0.0
1791656235.16,3220570.1,1658.2,269070.0,269070.0,6.1,1507.9,1254.5,0.23,89.88,-0.01,169.69,0.0,0.0,0.0,0.0,269079.1,-262441.0,603319.0,0.4405,0.111,1566.8,-0.02727,-25.95343,1.0,0,-1.0,-1.0,-1.0,-1.0,-1.0,0.0,0.0,0.0,0.0
1791656235.67,3220570.6,1658.7,269072.8,269072.8,5.1,1507.9,1254.5,0.19,89.88,-0.01,169.64,0.0,0.0,0.0,0.0,269079.1,-262441.0,603319.0,0.4405,0.111,1566.8,-0.02718,-25.91207,1.0,0,-1.0,-1.0,-1.0,-1.0,-1.0,0.0,0.0,0.0,0.0
1791656236.17,3220571.1,1659.2,269075.1,269075.1,4.1,1507.9,1254.5,0.15,89.88,-0.01,169.59,0.0,0.0,0.0,0.0,269079.1,-262441.0,603319.0,0.4405,0.111,1566.8,-0.02709,-25.87072,1.0,0,-1.0,-1.0,-1.0,-1.0,-1.0,0.0,0.0,0.0,0.0
1791656236.67,3220571.6,1659.7,269076.9,269076.8,3.0,1507.9,1254.5,0.11,89.88,-0.0,169.54,0.0,0.0,0.0,0.0,269079.1,-262441.0,603319.0,0.4405,0.111,1566.8,-0.02699,-25.82937,1.0,0,-1.0,-1.0,-1.0,-1.0,-1.0,0.0,0.0,0.0,0.0
1791656237.17,3220572.1,1660.2,269078.1,269078.1,2.0,1507.9,1254.5,0.08,89.89,-0.0,169.49,0.0,0.0,0.0,0.0,269079.1,-262441.0,603319.0,0.4405,0.111,1566.8,-0.0269,-25.78802,1.0,0,-1.0,-1.0,-1.0,-1.0,-1.0,0.0,0.0,0.0,0.0
1791656237.68,3220572.6,1660.7,269078.9,269078.9,0.9,1507.8,1254.5,0.04,89.89,0.0,169.44,0.0,0.0,0.0,0.0,269079.1,-262441.0,603319.0,0.4405,0.111,1566.8,-0.0268,-25.74502,1.0,0,-1.0,-1.0,-1.0,-1.0,-1.0,0.0,0.0,0.0,0.0
1791656238.18,3220573.1,1661.2,269079.1,269079.1,-0.1,1507.8,1254.4,0.0,89.89,0.01,169.39,0.0,0.0,0.0,0.0,269079.1,-262441.0,603319.0,0.4405,0.111,1566.8,-0.02671,-25.70366,1.0,0,-1.0,-1.0,-1.0,-1.0,-1.0,0.0,0.0,0.0,0.0
1791656238.68,3220573.6,1661.7,269078.8,269078.8,-1.1,1507.8,1254.5,-0.03,89.9,0.01,169.34,0.0,0.0,0.0,0.0,269079.1,-262441.0,603319.0,0.4405,0.111,1566.8,-0.02661,-25.66231,1.0,0,-1.0,-1.0,-1.0,-1.0,-1.0,0.0,0.0,0.0,0.0
1791656239.18,3220574.1,1662.2,269078.0,269078.0,-2.2,1507.9,1254.5,-0.07,89.9,0.01,169.29,0.0,0.0,0.0,0.0,269079.1,-262441.0,603319.0,0.4405,0.111,1566.8,-0.02652,-25.62096,1.0,0,-1.0,-1.0,-1.0,-1.0,-1.0,0.0,0.0,0.0,0.0
1791656239.68,3220574.6,1662.7,269076.6,269076.7,-3.2,1507.9,1254.5,-0.11,89.9,0.01,169.24,0.0,0.0,0.0,0.0,269079.1,-262441.0,603319.0,0.4405,0.111,1566.8,-0.02643,-25.57961,1.0,0,-1.0,-1.0,-1.0,-1.0,-1.0,0.0,0.0,0.0,0.0
1791656240.18,3220575.1,1663.2,269074.8,269074.8,-4.2,1507.9,1254.5,-0.14,89.9,0.01,169.2,0.0,0.0,0.0,0.0,269079.1,-262441.0,603319.0,0.4405,0.111,1566.8,-0.02633,-25.53826,1.0,0,-1.0,-1.0,-1.0,-1.0,-1.0,0.0,0.0,0.0,0.0
1791656240.69,3220575.6,1663.7,269072.4,269072.4,-5.2,1507.9,1254.5,-0.18,89.9,0.0,169.15,0.0,0.0,0.0,0.0,269079.1,-262441.0,603319.0,0.4405,0.111,1566.8,-0.02624,-25.49691,1.0,0,-1.0,-1.0,-1.0,-1.0,-1.0,0.0,0.0,0.0,0.0
1791656241.19,3220576.1,1664.2,269069.6,269069.6,-6.3,1507.9,1254.5,-0.22,89.9,0.0,169.1,0.0,0.0,0.0,0.0,269079.1,-262441.0,603319.0,0.4405,0.111,1566.8,-0.02615,-25.45556,1.0,0,-1.0,-1.0,-1.0,-1.0,-1.0,0.0,0.0,0.0,0.0
1791656241.69,3220576.6,1664.7,269066.2,269066.2,-7.3,1507.9,1254.5,-0.26,89.9,-0.0,169.04,0.0,0.0,0.0,0.0,269079.1,-262441.0,603319.0,0.4405,0.111,1566.8,-0.02605,-25.4142,1.0,0,-1.0,-1.0,-1.0,-1.0,-1.0,0.0,0.0,0.0,0.0
1791656242.19,3220577.1,1665.2,269062.4,269062.4,-8.3,1507.9,1254.5,-0.3,89.9,-0.01,169.0,0.0,0.0,0.0,0.0,269079.1,-262441.0,603319.0,0.4405,0.111,1566.8,-0.02596,-25.37451,1.0,0,-1.0,-1.0,-1.0,-1.0,-1.0,0.0,0.0,0.0,0.0
1791656242.69,3220577.6,1665.7,269058.0,269058.0,-9.3,1507.9,1254.5,-0.35,89.89,-0.01,168.95,0.0,0.0,0.0,0.0,269079.1,-262441.0,603319.0,0.4405,0.111,1566.8,-0.02587,-25.33315,1.0,0,-1.0,-1.0,-1.0,-1.0,-1.0,0.0,0.0,0.0,0.0
1791656243.19,3220578.1,1666.2,269053.1,269053.1,-10.3,1507.9,1254.5,-0.39,89.89,-0.01,168.9,0.0,0.0,0.0,0.0,269079.1,-262441.0,603319.0,0.4405,0.111,1566.8,-0.02577,-25.2918,1.0,0,-1.0,-1.0,-1.0,-1.0,-1.0,0.0,0.0,0.0,0.0
1791656243.7,3220578.6,1666.7,269047.7,269047.7,-11.4,1507.9,1254.6,-0.43,89.88,-0.01,168.85,0.0,0.0,0.0,0.0,269079.1,-262441.0,603319.0,0.4405,0.111,1566.8,-0.02568,-25.25044,1.0,0,-1.0,-1.0,-1.0,-1.0,-1.0,0.0,0.0,0.0,0.0
1791656244.2,3220579.1,1667.2,269041.7,269041.7,-12.4,1508.0,1254.6,-0.47,89.88,-0.01,168.8,0.0,0.0,0.0,0.0,269079.1,-262441.0,603319.0,0.4405,0.111,1566.8,-0.02559,-25.20909,1.0,0,-1.0,-1.0,-1.0,-1.0,-1.0,0.0,0.0,0.0,0.0
1791656244.7,3220579.6,1667.7,269035.3,269035.3,-13.4,1508.0,1254.6,-0.52,89.88,-0.0,168.75,0.0,0.0,0.0,0.0,269079.1,-262441.0,603319.0,0.4405,0.111,1566.8,-0.02549,-25.16773,1.0,0,-1.0,-1.0,-1.0,-1.0,-1.0,0.0,0.0,0.0,0.0
1791656245.2,3220580.1,1668.2,269028.0,269028.0,-14.5,1508.0,1254.6,-0.56,89.88,-0.0,168.7,0.0,0.0,0.0,0.0,269079.1,-262441.0,603319.0,0.4405,0.111,1566.8,-0.02539,-25.12472,1.0,0,-1.0,-1.0,-1.0,-1.0,-1.0,0.0,0.0,0.0,0.0
1791656245.7,3220580.6,1668.7,269020.5,269020.5,-15.5,1508.0,1254.7,-0.59,89.88,0.0,168.65,0.0,0.0,0.0,0.0,269079.1,-262441.0,603319.0,0.4405,0.111,1566.8,-0.0253,-25.08337,1.0,0,-1.0,-1.0,-1.0,-1.0,-1.0,0.0,0.0,0.0,0.0
1791656246.2,3220581.1,1669.2,269012.8,269012.8,-16.5,1508.1,1254.7,-0.63,89.88,0.01,168.6,0.0,0.0,0.0,0.0,269079.1,-262441.0,603319.0,0.4405,0.111,1566.8,-0.02521,-25.04366,1.0,0,-1.0,-1.0,-1.0,-1.0,-1.0,0.0,0.0,0.0,0.0
1791656246.71,3220581.6,1669.7,269004.3,269004.3,-17.6,1508.1,1254.7,-0.67,89.89,0.01,168.55,0.0,0.0,0.0,0.0,269079.1,-262441.0,603319.0,0.4405,0.111,1566.8,-0.02512,-25.0023,1.0,0,-1.0,-1.0,-1.0,-1.0,-1.0,0.0,0.0,0.0,0.0
1791656247.21,3220582.1,1670.2,268995.2,268995.2,-18.6,1508.1,1254.8,-0.7,89.89,0.01,168.5,0.0,0.0,0.0,0.0,269079.1,-262441.0,603319.0,0.4405,0.111,1566.8,-0.02502,-24.96094,1.0,0,-1.0,-1.0,-1.0,-1.0,-1.0,0.0,0.0,0.0,0.0
1791656247.71,3220582.6,1670.7,268985.3,268985.3,-19.7,1508.1,1254.8,-0.74,89.9,0.01,168.45,0.0,0.0,0.0,0.0,269079.1,-262441.0,603319.0,0.4405,0.111,1566.8,-0.02492,-24.91793,1.0,0,-1.0,-1.0,-1.0,-1.0,-1.0,0.0,0.0,0.0,0.0
1791656248.21,3220583.0,1671.2,268976.8,268976.8,-20.5,1508.2,1254.8,-0.77,89.9,0.01,168.41,0.0,0.0,0.0,0.0,269079.1,-262441.0,603319.0,0.4405,0.111,1566.8,-0.02485,-24.88318,1.0,0,-1.0,-1.0,-1.0,-1.0,-1.0,0.0,0.0,0.0,0.0
1791656248.72,3220583.5,1671.8,268965.9,268965.9,-21.6,1508.2,1254.9,-0.81,89.9,0.01,168.36,0.0,0.0,0.0,0.0,269079.1,-262441.0,603319.0,0.4405,0.111,1566.8,-0.02475,-24.84017,1.0,0,-1.0,-1.0,-1.0,-1.0,-1.0,0.0,0.0,0.0,0.0
1791656249.22,3220584.0,1672.3,268954.8,268954.8,-22.6,1508.2,1254.9,-0.84,89.9,0.0,168.31,0.0,0.0,0.0,0.0,269079.1,-262441.0,603319.0,0.4405,0.111,1566.8,-0.02465,-24.7988,1.0,0,-1.0,-1.0,-1.0,-1.0,-1.0,0.0,0.0,0.0,0.0
1791656249.73,3220584.6,1672.8,268943.3,268943.3,-23.7,1508.3,1254.9,-0.88,89.9,-0.0,168.26,0.0,0.0,0.0,0.0,269079.1,-262441.0,603319.0,0.4405,0.111,1566.8,-0.02456,-24.75744,1.0,0,-1.0,-1.0,-1.0,-1.0,-1.0,0.0,0.0,0.0,0.0
1791656250.23,3220585.1,1673.3,268930.7,268930.7,-24.7,1508.3,1255.0,-0.92,89.9,-0.0,168.21,0.0,0.0,0.0,0.0,269079.1,-262441.0,603319.0,0.4405,0.111,1566.8,-0.02446,-24.71441,1.0,0,-1.0,-1.0,-1.0,-1.0,-1.0,0.0,0.0,0.0,0.0
1791656250.77,3220585.5,1673.8,268921.1,268921.1,-25.5,1508.3,1255.0,-0.95,89.9,-0.01,168.17,0.0,0.0,0.0,0.0,269079.1,-262441.0,603319.0,0.4405,0.111,1566.8,-0.02439,-24.68331,1.0,0,-1.0,-1.0,-1.0,-1.0,-1.0,0.0,0.0,0.0,0.0
1791656251.27,3220586.0,1674.3,268908.1,268908.1,-26.5,1508.4,1255.1,-0.99,89.9,-0.01,168.12,0.0,0.0,0.0,0.0,269079.1,-262441.0,603319.0,0.4405,0.111,1566.8,-0.0243,-24.6416,1.0,0,-1.0,-1.0,-1.0,-1.0,-1.0,0.0,0.0,0.0,0.0
1791656251.77,3220586.4,1674.8,268895.7,268895.7,-27.5,1508.4,1255.1,-1.03,89.89,-0.01,168.07,0.0,0.0,0.0,0.0,269079.1,-262441.0,603319.0,0.4405,0.111,1566.8,-0.02421,-24.60354,1.0,0,-1.0,-1.0,-1.0,-1.0,-1.0,0.0,0.0,0.0,0.0
1791656252.28,3220586.8,1675.3,268884.0,268884.0,-28.4,1508.5,1255.2,-1.07,89.89,-0.01,168.03,0.0,0.0,0.0,0.0,269079.1,-262441.0,603319.0,0.4405,0.111,1566.8,-0.02413,-24.56879,1.0,0,-1.0,-1.0,-1.0,-1.0,-1.0,0.0,0.0,0.0,0.0
1791656252.78,3220587.3,1675.8,268869.5,268869.5,-29.4,1508.5,1255.2,-1.11,89.89,-0.01,167.98,0.0,0.0,0.0,0.0,269079.1,-262441.0,603319.0,0.4405,0.111,1566.8,-0.02404,-24.52742,1.0,0,-1.0,-1.0,-1.0,-1.0,-1.0,0.0,0.0,0.0,0.0
1791656253.28,3220587.8,1676.3,268854.6,268854.6,-30.4,1508.5,1255.3,-1.15,89.88,-0.0,167.93,0.0,0.0,0.0,0.0,269079.1,-262441.0,603319.0,0.4405,0.111,1566.8,-0.02394,-24.48604,1.0,0,-1.0,-1.0,-1.0,-1.0,-1.0,0.0,0.0,0.0,0.0
1791656253.78,3220588.3,1676.8,268839.1,268839.1,-31.4,1508.6,1255.3,-1.2,89.88,-0.0,167.88,0.0,0.0,0.0,0.0,269079.1,-262441.0,603319.0,0.4405,0.111,1566.8,-0.02385,-24.44466,1.0,0,-1.0,-1.0,-1.0,-1.0,-1.0,0.0,0.0,0.0,0.0
1791656254.29,3220588.8,1677.3,268823.1,268823.2,-32.5,1508.6,1255.4,-1.24,89.88,0.0,167.83,0.0,0.0,0.0,0.0,269079.1,-262441.0,603319.0,0.4405,0.111,1566.8,-0.02375,-24.40328,1.0,0,-1.0,-1.0,-1.0,-1.0,-1.0,0.0,0.0,0.0,0.0
1791656254.79,3220589.3,1677.8,268806.7,268806.7,-33.5,1508.7,1255.4,-1.28,89.88,0.01,167.78,0.0,0.0,0.0,0.0,269079.1,-262441.0,603319.0,0.4405,0.111,1566.8,-0.02366,-24.3619,1.0,0,-1.0,-1.0,-1.0,-1.0,-1.0,0.0,0.0,0.0,0.0
1791656255.29,3220589.8,1678.3,268789.6,268789.7,-34.5,1508.7,1255.5,-1.31,89.88,0.01,167.73,0.0,0.0,0.0,0.0,269079.1,-262441.0,603319.0,0.4405,0.111,1566.8,-0.02357,-24.32052,1.0,0,-1.0,-1.0,-1.0,-1.0,-1.0,0.0,0.0,0.0,0.0
1791656255.79,3220590.3,1678.8,268771.4,268771.4,-35.6,1508.8,1255.6,-1.36,89.89,0.01,167.68,0.0,0.0,0.0,0.0,269079.1,-262441.0,603319.0,0.4405,0.111,1566.8,-0.02347,-24.27748,1.0,0,-1.0,-1.0,-1.0,-1.0,-1.0,0.0,0.0,0.0,0.0
1791656256.3,3220590.8,1679.3,268753.4,268753.3,-36.6,1508.9,1255.6,-1.39,89.89,0.01,167.63,0.0,0.0,0.0,0.0,269079.1,-262441.0,603319.0,0.4405,0.111,1566.8,-0.02337,-24.23609,1.0,0,-1.0,-1.0,-1.0,-1.0,-1.0,0.0,0.0,0.0,0.0
1791656256.8,3220591.3,1679.8,268734.8,268734.8,-37.7,1508.9,1255.7,-1.43,89.89,0.01,167.58,0.0,0.0,0.0,0.0,269079.1,-262441.0,603319.0,0.4405,0.111,1566.8,-0.02328,-24.1947,1.0,0,-1.0,-1.0,-1.0,-1.0,-1.0,0.0,0.0,0.0,0.0
1791656257.3,3220591.8,1680.3,268715.7,268715.7,-38.7,1509.0,1255.8,-1.47,89.9,0.0,167.53,0.0,0.0,0.0,0.0,269079.1,-262441.0,603319.0,0.4405,0.111,1566.8,-0.02318,-24.15331,1.0,0,-1.0,-1.0,-1.0,-1.0,-1.0,0.0,0.0,0.0,0.0
1791656257.8,3220592.4,1680.8,268696.1,268696.1,-39.7,1509.0,1255.9,-1.5,89.9,0.0,167.48,0.0,0.0,0.0,0.0,269079.1,-262441.0,603319.0,0.4405,0.111,1566.8,-0.02309,-24.11192,1.0,0,-1.0,-1.0,-1.0,-1.0,-1.0,0.0,0.0,0.0,0.0
1791656258.3,3220592.9,1681.3,268676.0,268676.0,-40.8,1509.1,1255.9,-1.54,89.9,-0.0,167.43,0.0,0.0,0.0,0.0,269079.1,-262441.0,603319.0,0.4405,0.111,1566.8,-0.023,-24.07052,1.0,0,-1.0,-1.0,-1.0,-1.0,-1.0,0.0,0.0,0.0,0.0
1791656258.81,3220593.4,1681.8,268655.3,268655.3,-41.8,1509.2,1256.0,-1.57,89.9,-0.01,167.38,0.0,0.0,0.0,0.0,269079.1,-262441.0,603319.0,0.4405,0.111,1566.8,-0.0229,-24.02912,1.0,0,-1.0,-1.0,-1.0,-1.0,-1.0,0.0,0.0,0.0,0.0
1791656259.31,3220593.9,1682.3,268633.3,268633.3,-42.9,1509.2,1256.1,-1.61,89.9,-0.01,167.33,0.0,0.0,0.0,0.0,269079.1,-262441.0,603319.0,0.4405,0.111,1566.8,-0.0228,-23.98607,1.0,0,-1.0,-1.0,-1.0,-1.0,-1.0,0.0,0.0,0.0,0.0
1791656259.81,3220594.4,1682.8,268611.6,268611.6,-43.9,1509.3,1256.2,-1.65,89.9,-0.01,167.28,0.0,0.0,0.0,0.0,269079.1,-262441.0,603319.0,0.4405,0.111,1566.8,-0.02271,-23.94466,1.0,0,-1.0,-1.0,-1.0,-1.0,-1.0,0.0,0.0,0.0,0.0
1791656260.31,3220594.9,1683.3,268590.3,268590.3,-44.9,1509.4,1256.2,-1.69,89.9,-0.01,167.23,0.0,0.0,0.0,0.0,269079.1,-262441.0,603319.0,0.4405,0.111,1566.8,-0.02262,-23.90491,1.0,0,-1.0,-1.0,-1.0,-1.0,-1.0,0.0,0.0,0.0,0.0
1791656260.82,3220595.4,1683.9,268566.7,268566.7,-45.9,1509.4,1256.3,-1.73,89.89,-0.01,167.18,0.0,0.0,0.0,0.0,269079.1,-262441.0,603319.0,0.4405,0.111,1566.8,-0.02252,-23.86185,1.0,0,-1.0,-1.0,-1.0,-1.0,-1.0,0.0,0.0,0.0,0.0
1791656261.32,3220595.9,1684.4,268543.5,268543.5,-47.0,1509.5,1256.4,-1.77,89.89,-0.0,167.13,0.0,0.0,0.0,0.0,269079.1,-262441.0,603319.0,0.4405,0.111,1566.8,-0.02242,-23.82044,1.0,0,-1.0,-1.0,-1.0,-1.0,-1.0,0.0,0.0,0.0,0.0
1791656261.83,3220596.4,1684.9,268518.8,268518.8,-48.0,1509.6,1256.5,-1.81,89.88,-0.0,167.08,0.0,0.0,0.0,0.0,269079.1,-262441.0,603319.0,0.4405,0.111,1566.8,-0.02233,-23.77737,1.0,0,-1.0,-1.0,-1.0,-1.0,-1.0,0.0,0.0,0.0,0.0
1791656262.33,3220596.9,1685.4,268494.5,268494.5,-49.1,1509.7,1256.6,-1.86,89.88,0.0,167.03,0.0,0.0,0.0,0.0,269079.1,-262441.0,603319.0,0.4405,0.111,1566.8,-0.02223,-23.73595,1.0,0,-1.0,-1.0,-1.0,-1.0,-1.0,0.0,0.0,0.0,0.0
1791656262.83,3220597.4,1685.9,268469.7,268469.7,-50.1,1509.7,1256.7,-1.9,89.88,0.01,166.98,0.0,0.0,0.0,0.0,269079.1,-262441.0,603319.0,0.4405,0.111,1566.8,-0.02214,-23.69453,1.0,0,-1.0,-1.0,-1.0,-1.0,-1.0,0.0,0.0,0.0,0.0
1791656263.33,3220597.9,1686.4,268444.4,268444.4,-51.1,1509.8,1256.8,-1.94,89.88,0.01,166.93,0.0,0.0,0.0,0.0,269079.1,-262441.0,603319.0,0.4405,0.111,1566.8,-0.02204,-23.65311,1.0,0,-1.0,-1.0,-1.0,-1.0,-1.0,0.0,0.0,0.0,0.0
1791656263.84,3220598.4,1686.9,268418.6,268418.6,-52.2,1509.9,1256.9,-1.98,89.88,0.01,166.88,0.0,0.0,0.0,0.0,269079.1,-262441.0,603319.0,0.4405,0.111,1566.8,-0.02195,-23.61168,1.0,0,-1.0,-1.0,-1.0,-1.0,-1.0,0.0,0.0,0.0,0.0
1791656264.34,3220598.9,1687.4,268392.2,268392.2,-53.2,1510.0,1257.0,-2.02,89.88,0.01,166.83,0.0,0.0,0.0,0.0,269079.1,-262441.0,603319.0,0.4405,0.111,1566.8,-0.02185,-23.57026,1.0,0,-1.0,-1.0,-1.0,-1.0,-1.0,0.0,0.0,0.0,0.0
1791656264.84,3220599.4,1687.9,268365.4,268365.4,-54.2,1510.1,1257.1,-2.06,89.89,0.01,166.78,0.0,0.0,0.0,0.0,269079.1,-262441.0,603319.0,0.4405,0.111,1566.8,-0.02176,-23.52882,1.0,0,-1.0,-1.0,-1.0,-1.0,-1.0,0.0,0.0,0.0,0.0
1791656265.34,3220599.9,1688.4,268338.0,268338.0,-55.3,1510.1,1257.2,-2.1,89.89,0.0,166.73,0.0,0.0,0.0,0.0,269079.1,-262441.0,603319.0,0.4405,0.111,1566.8,-0.02166,-23.48739,1.0,0,-1.0,-1.0,-1.0,-1.0,-1.0,0.0,0.0,0.0,0.0
1791656265.85,3220600.4,1688.9,268309.0,268309.0,-56.3,1510.2,1257.3,-2.14,89.89,0.0,166.68,0.0,0.0,0.0,0.0,269079.1,-262441.0,603319.0,0.4405,0.111,1566.8,-0.02157,-23.44429,1.0,0,-1.0,-1.0,-1.0,-1.0,-1.0,0.0,0.0,0.0,0.0
1791656266.35,3220600.9,1689.4,268280.5,268280.6,-57.4,1510.3,1257.4,-2.18,89.9,-0.0,166.63,0.0,0.0,0.0,0.0,269079.1,-262441.0,603319.0,0.4405,0.111,1566.8,-0.02147,-23.40285,1.0,0,-1.0,-1.0,-1.0,-1.0,-1.0,0.0,0.0,0.0,0.0
1791656266.85,3220601.4,1689.9,268251.6,268251.6,-58.4,1510.4,1257.5,-2.21,89.9,-0.01,166.58,0.0,0.0,0.0,0.0,269079.1,-262441.0,603319.0,0.4405,0.111,1566.8,-0.02138,-23.36141,1.0,0,-1.0,-1.0,-1.0,-1.0,-1.0,0.0,0.0,0.0,0.0
1791656267.35,3220601.9,1690.4,268222.2,268222.2,-59.4,1510.5,1257.6,-2.25,89.9,-0.01,166.53,0.0,0.0,0.0,0.0,269079.1,-262441.0,603319.0,0.4405,0.111,1566.8,-0.02128,-23.31996,1.0,0,-1.0,-1.0,-1.0,-1.0,-1.0,0.0,0.0,0.0,0.0
1791656267.85,3220602.4,1690.9,268192.2,268192.2,-60.5,1510.6,1257.7,-2.28,89.9,-0.01,166.48,0.0,0.0,0.0,0.0,269079.1,-262441.0,603319.0,0.4405,0.111,1566.8,-0.02119,-23.27851,1.0,0,-1.0,-1.0,-1.0,-1.0,-1.0,0.0,0.0,0.0,0.0
1791656268.36,3220602.9,1691.4,268161.7,268161.7,-61.5,1510.7,1257.8,-2.32,89.9,-0.01,166.43,0.0,0.0,0.0,0.0,269079.1,-262441.0,603319.0,0.4405,0.111,1566.8,-0.02109,-23.23706,1.0,0,-1.0,-1.0,-1.0,-1.0,-1.0,0.0,0.0,0.0,0.0
1791656268.86,3220603.4,1691.9,268130.7,268130.7,-62.5,1510.8,1257.9,-2.36,89.9,-0.01,166.38,0.0,0.0,0.0,0.0,269079.1,-262441.0,603319.0,0.4405,0.111,1566.8,-0.021,-23.1956,1.0,0,-1.0,-1.0,-1.0,-1.0,-1.0,0.0,0.0,0.0,0.0
1791656269.36,3220603.9,1692.4,268099.2,268099.2,-63.5,1510.9,1258.0,-2.39,89.9,-0.01,166.33,0.0,0.0,0.0,0.0,269079.1,-262441.0,603319.0,0.4405,0.111,1566.8,-0.0209,-23.15414,1.0,0,-1.0,-1.0,-1.0,-1.0,-1.0,0.0,0.0,0.0,0.0
1791656269.86,3220604.4,1692.9,268067.2,268067.2,-64.6,1511.0,1258.2,-2.43,89.89,-0.0,166.28,0.0,0.0,0.0,0.0,269079.1,-262441.0,603319.0,0.4405,0.111,1566.8,-0.02081,-23.11267,1.0,0,-1.0,-1.0,-1.0,-1.0,-1.0,0.0,0.0,0.0,0.0
1791656270.36,3220604.9,1693.4,268034.6,268034.6,-65.6,1511.1,1258.3,-2.47,89.89,0.0,166.23,0.0,0.0,0.0,0.0,269079.1,-262441.0,603319.0,0.4405,0.111,1566.8,-0.02071,-23.0712,1.0,0,-1.0,-1.0,-1.0,-1.0,-1.0,0.0,0.0,0.0,0.0
1791656270.86,3220605.4,1693.9,268001.5,268001.5,-66.6,1511.2,1258.4,-2.51,89.88,0.0,166.18,0.0,0.0,0.0,0.0,269079.1,-262441.0,603319.0,0.4405,0.111,1566.8,-0.02062,-23.02973,1.0,0,-1.0,-1.0,-1.0,-1.0,-1.0,0.0,0.0,0.0,0.0
1791656271.36,3220605.9,1694.4,267966.6,267966.6,-67.7,1511.3,1258.5,-2.56,89.88,0.01,166.13,0.0,0.0,0.0,0.0,269079.1,-262441.0,603319.0,0.4405,0.111,1566.8,-0.02052,-22.9866,1.0,0,-1.0,-1.0,-1.0,-1.0,-1.0,0.0,0.0,0.0,0.0
1791656271.87,3220606.4,1694.9,267933.9,267933.9,-68.7,1511.4,1258.6,-2.6,89.88,0.01,166.08,0.0,0.0,0.0,0.0,269079.1,-262441.0,603319.0,0.4405,0.111,1566.8,-0.02043,-22.94678,1.0,0,-1.0,-1.0,-1.0,-1.0,-1.0,0.0,0.0,0.0,0.0
1791656272.37,3220606.9,1695.4,267899.3,267899.3,-69.7,1511.5,1258.8,-2.64,89.88,0.01,166.03,0.0,0.0,0.0,0.0,269079.1,-262441.0,603319.0,0.4405,0.111,1566.8,-0.02033,-22.90529,1.0,0,-1.0,-1.0,-1.0,-1.0,-1.0,0.0,0.0,0.0,0.0
1791656272.87,3220607.4,1695.9,267864.1,267864.2,-70.8,1511.6,1258.9,-2.68,89.88,0.01,165.98,0.0,0.0,0.0,0.0,269079.1,-262441.0,603319.0,0.4405,0.111,1566.8,-0.02024,-22.8638,1.0,0,-1.0,-1.0,-1.0,-1.0,-1.0,0.0,0.0,0.0,0.0
1791656273.37,3220607.9,1696.4,267831.4,267831.4,-71.7,1511.7,1259.0,-2.72,89.88,0.01,165.94,0.0,0.0,0.0,0.0,269079.1,-262441.0,603319.0,0.4405,0.111,1566.8,-0.02015,-22.82563,1.0,0,-1.0,-1.0,-1.0,-1.0,-1.0,0.0,0.0,0.0,0.0
1791656273.87,3220608.4,1696.9,267796.7,267796.7,-72.7,1511.8,1259.2,-2.76,89.88,0.0,165.89,0.0,0.0,0.0,0.0,269079.1,-262441.0,603319.0,0.4405,0.111,1566.8,-0.02006,-22.78579,1.0,0,-1.0,-1.0,-1.0,-1.0,-1.0,0.0,0.0,0.0,0.0
1791656274.37,3220608.9,1697.4,267760.1,267760.1,-73.7,1511.9,1259.3,-2.8,89.89,0.0,165.84,0.0,0.0,0.0,0.0,269079.1,-262441.0,603319.0,0.4405,0.111,1566.8,-0.01996,-22.74429,1.0,0,-1.0,-1.0,-1.0,-1.0,-1.0,0.0,0.0,0.0,0.0
1791656274.88,3220609.4,1697.9,267721.5,267721.5,-74.8,1512.1,1259.4,-2.84,89.89,-0.0,165.79,0.0,0.0,0.0,0.0,269079.1,-262441.0,603319.0,0.4405,0.111,1566.8,-0.01986,-22.70113,1.0,0,-1.0,-1.0,-1.0,-1.0,-1.0,0.0,0.0,0.0,0.0
1791656275.38,3220609.9,1698.4,267683.8,267683.8,-75.8,1512.2,1259.6,-2.88,89.9,-0.01,165.74,0.0,0.0,0.0,0.0,269079.1,-262441.0,603319.0,0.4405,0.111,1566.8,-0.01977,-22.65962,1.0,0,-1.0,-1.0,-1.0,-1.0,-1.0,0.0,0.0,0.0,0.0
1791656275.88,3220610.4,1698.9,267645.7,267645.7,-76.9,1512.3,1259.7,-2.91,89.9,-0.01,165.69,0.0,0.0,0.0,0.0,269079.1,-262441.0,603319.0,0.4405,0.111,1566.8,-0.01967,-22.61811,1.0,0,-1.0,-1.0,-1.0,-1.0,-1.0,0.0,0.0,0.0,0.0
1791656276.38,3220610.9,1699.4,267607.0,267607.0,-77.9,1512.4,1259.8,-2.95,89.9,-0.01,165.64,0.0,0.0,0.0,0.0,269079.1,-262441.0,603319.0,0.4405,0.111,1566.8,-0.01958,-22.57659,1.0,0,-1.0,-1.0,-1.0,-1.0,-1.0,0.0,0.0,0.0,0.0
1791656276.88,3220611.4,1699.9,267567.8,267567.8,-78.9,1512.5,1260.0,-2.99,89.9,-0.01,165.59,0.0,0.0,0.0,0.0,269079.1,-262441.0,603319.0,0.4405,0.111,1566.8,-0.01948,-22.53507,1.0,0,-1.0,-1.0,-1.0,-1.0,-1.0,0.0,0.0,0.0,0.0
1791656277.39,3220611.9,1700.4,267528.0,267528.0,-80.0,1512.7,1260.1,-3.02,89.9,-0.01,165.54,0.0,0.0,0.0,0.0,269079.1,-262441.0,603319.0,0.4405,0.111,1566.8,-0.01939,-22.49354,1.0,0,-1.0,-1.0,-1.0,-1.0,-1.0,0.0,0.0,0.0,0.0
1791656277.89,3220612.4,1700.9,267486.2,267486.2,-81.0,1512.8,1260.3,-3.06,89.9,-0.0,165.49,0.0,0.0,0.0,0.0,269079.1,-262441.0,603319.0,0.4405,0.111,1566.8,-0.01929,-22.45035,1.0,0,-1.0,-1.0,-1.0,-1.0,-1.0,0.0,0.0,0.0,0.0
1791656278.4,3220612.9,1701.4,267445.4,267445.4,-82.1,1512.9,1260.4,-3.09,89.9,0.0,165.44,0.0,0.0,0.0,0.0,269079.1,-262441.0,603319.0,0.4405,0.111,1566.8,-0.01919,-22.40881,1.0,0,-1.0,-1.0,-1.0,-1.0,-1.0,0.0,0.0,0.0,0.0
1791656278.9,3220613.4,1701.9,267404.1,267404.1,-83.1,1513.0,1260.6,-3.13,89.89,0.0,165.39,0.0,0.0,0.0,0.0,269079.1,-262441.0,603319.0,0.4405,0.111,1566.8,-0.0191,-22.36727,1.0,0,-1.0,-1.0,-1.0,-1.0,-1.0,0.0,0.0,0.0,0.0
1791656279.41,3220613.9,1702.4,267362.3,267362.3,-84.1,1513.2,1260.7,-3.17,89.89,0.01,165.34,0.0,0.0,0.0,0.0,269079.1,-262441.0,603319.0,0.4405,0.111,1566.8,-0.019,-22.32573,1.0,0,-1.0,-1.0,-1.0,-1.0,-1.0,0.0,0.0,0.0,0.0
1791656279.91,3220614.4,1702.9,267318.3,267318.3,-85.2,1513.3,1260.9,-3.21,89.89,0.01,165.28,0.0,0.0,0.0,0.0,269079.1,-262441.0,603319.0,0.4405,0.111,1566.8,-0.0189,-22.28251,1.0,0,-1.0,-1.0,-1.0,-1.0,-1.0,0.0,0.0,0.0,0.0
1791656280.42,3220614.9,1703.5,267275.4,267275.4,-86.2,1513.4,1261.1,-3.25,89.88,0.01,165.23,0.0,0.0,0.0,0.0,269079.1,-262441.0,603319.0,0.4405,0.111,1566.8,-0.01881,-22.24096,1.0,0,-1.0,-1.0,-1.0,-1.0,-1.0,0.0,0.0,0.0,0.0
1791656281.1,3220615.4,1704.1,267233.8,267233.8,-87.2,1513.6,1261.2,-3.29,89.88,0.01,165.19,0.0,0.0,0.0,0.0,269079.1,-262441.0,603319.0,0.4405,0.111,1566.8,-0.01872,-22.20106,1.0,0,-1.0,-1.0,-1.0,-1.0,-1.0,0.0,0.0,0.0,0.0
1791656281.6,3220615.9,1704.6,267189.9,267189.9,-88.3,1513.7,1261.4,-3.33,89.88,0.01,165.13,0.0,0.0,0.0,0.0,269079.1,-262441.0,603319.0,0.4405,0.111,1566.8,-0.01862,-22.1595,1.0,0,-1.0,-1.0,-1.0,-1.0,-1.0,0.0,0.0,0.0,0.0
1791656282.1,3220616.4,1705.1,267145.5,267145.6,-89.3,1513.8,1261.5,-3.38,89.88,0.0,165.09,0.0,0.0,0.0,0.0,269079.1,-262441.0,603319.0,0.4405,0.111,1566.8,-0.01852,-22.11793,1.0,0,-1.0,-1.0,-1.0,-1.0,-1.0,0.0,0.0,0.0,0.0
1791656282.6,3220616.9,1705.6,267098.8,267098.8,-90.4,1514.0,1261.7,-3.42,89.88,0.0,165.04,0.0,0.0,0.0,0.0,269079.1,-262441.0,603319.0,0.4405,0.111,1566.8,-0.01843,-22.07469,1.0,0,-1.0,-1.0,-1.0,-1.0,-1.0,0.0,0.0,0.0,0.0
1791656283.11,3220617.4,1706.1,267055.2,267055.2,-91.3,1514.1,1261.9,-3.46,89.88,-0.0,164.99,0.0,0.0,0.0,0.0,269079.1,-262441.0,603319.0,0.4405,0.111,1566.8,-0.01833,-22.03477,1.0,0,-1.0,-1.0,-1.0,-1.0,-1.0,0.0,0.0,0.0,0.0
1791656283.61,3220617.9,1706.6,267009.3,267009.3,-92.4,1514.3,1262.0,-3.5,89.89,-0.01,164.94,0.0,0.0,0.0,0.0,269079.1,-262441.0,603319.0,0.4405,0.111,1566.8,-0.01824,-21.99318,1.0,0,-1.0,-1.0,-1.0,-1.0,-1.0,0.0,0.0,0.0,0.0
1791656284.11,3220618.4,1707.1,266961.0,266961.0,-93.5,1514.4,1262.2,-3.54,89.89,-0.01,164.89,0.0,0.0,0.0,0.0,269079.1,-262441.0,603319.0,0.4405,0.111,1566.8,-0.01814,-21.94993,1.0,0,-1.0,-1.0,-1.0,-1.0,-1.0,0.0,0.0,0.0,0.0
1791656284.61,3220618.9,1707.6,266914.0,266914.0,-94.5,1514.6,1262.4,-3.58,89.89,-0.01,164.84,0.0,0.0,0.0,0.0,269079.1,-262441.0,603319.0,0.4405,0.111,1566.8,-0.01804,-21.90833,1.0,0,-1.0,-1.0,-1.0,-1.0,-1.0,0.0,0.0,0.0,0.0
1791656285.11,3220619.4,1708.1,266866.5,266866.5,-95.5,1514.7,1262.6,-3.62,89.9,-0.01,164.79,0.0,0.0,0.0,0.0,269079.1,-262441.0,603319.0,0.4405,0.111,1566.8,-0.01795,-21.86673,1.0,0,-1.0,-1.0,-1.0,-1.0,-1.0,0.0,0.0,0.0,0.0
1791656285.62,3220619.9,1708.7,266818.5,266818.5,-96.5,1514.9,1262.7,-3.66,89.9,-0.01,164.74,0.0,0.0,0.0,0.0,269079.1,-262441.0,603319.0,0.4405,0.111,1566.8,-0.01785,-21.82512,1.0,0,-1.0,-1.0,-1.0,-1.0,-1.0,0.0,0.0,0.0,0.0
1791656286.12,3220620.4,1709.2,266770.0,266770.0,-97.6,1515.0,1262.9,-3.69,89.9,-0.0,164.69,0.0,0.0,0.0,0.0,269079.1,-262441.0,603319.0,0.4405,0.111,1566.8,-0.01776,-21.78351,1.0,0,-1.0,-1.0,-1.0,-1.0,-1.0,0.0,0.0,0.0,0.0
1791656286.62,3220620.9,1709.7,266720.9,266720.9,-98.6,1515.2,1263.1,-3.73,89.9,-0.0,164.64,0.0,0.0,0.0,0.0,269079.1,-262441.0,603319.0,0.4405,0.111,1566.8,-0.01766,-21.74189,1.0,0,-1.0,-1.0,-1.0,-1.0,-1.0,0.0,0.0,0.0,0.0
1791656287.12,3220621.4,1710.2,266671.4,266671.3,-99.6,1515.3,1263.3,-3.76,89.9,0.0,164.58,0.0,0.0,0.0,0.0,269079.1,-262441.0,603319.0,0.4405,0.111,1566.8,-0.01756,-21.70026,1.0,0,-1.0,-1.0,-1.0,-1.0,-1.0,0.0,0.0,0.0,0.0
1791656287.62,3220621.9,1710.7,266621.3,266621.3,-100.7,1515.5,1263.5,-3.8,89.9,0.01,164.54,0.0,0.0,0.0,0.0,269079.1,-262441.0,603319.0,0.4405,0.111,1566.8,-0.01747,-21.65863,1.0,0,-1.0,-1.0,-1.0,-1.0,-1.0,0.0,0.0,0.0,0.0
1791656288.12,3220622.4,1711.2,266570.7,266570.7,-101.7,1515.6,1263.6,-3.83,89.89,0.01,164.48,0.0,0.0,0.0,0.0,269079.1,-262441.0,603319.0,0.4405,0.111,1566.8,-0.01737,-21.617,1.0,0,-1.0,-1.0,-1.0,-1.0,-1.0,0.0,0.0,0.0,0.0
1791656288.63,3220622.9,1711.7,266517.5,266517.5,-102.8,1515.8,1263.8,-3.87,89.89,0.01,164.43,0.0,0.0,0.0,0.0,269079.1,-262441.0,603319.0,0.4405,0.111,1566.8,-0.01727,-21.57369,1.0,0,-1.0,-1.0,-1.0,-1.0,-1.0,0.0,0.0,0.0,0.0
1791656289.13,3220623.4,1712.2,266465.9,266465.9,-103.8,1516.0,1264.0,-3.91,89.89,0.01,164.38,0.0,0.0,0.0,0.0,269079.1,-262441.0,603319.0,0.4405,0.111,1566.8,-0.01718,-21.53204,1.0,0,-1.0,-1.0,-1.0,-1.0,-1.0,0.0,0.0,0.0,0.0
1791656289.63,3220623.9,1712.7,266413.7,266413.7,-104.8,1516.1,1264.2,-3.95,89.88,0.01,164.33,0.0,0.0,0.0,0.0,269079.1,-262441.0,603319.0,0.4405,0.111,1566.8,-0.01708,-21.49039,1.0,0,-1.0,-1.0,-1.0,-1.0,-1.0,0.0,0.0,0.0,0.0
1791656290.13,3220624.4,1713.2,266361.0,266361.0,-105.9,1516.3,1264.4,-3.99,89.88,0.0,164.28,0.0,0.0,0.0,0.0,269079.1,-262441.0,603319.0,0.4405,0.111,1566.8,-0.01699,-21.44873,1.0,0,-1.0,-1.0,-1.0,-1.0,-1.0,0.0,0.0,0.0,0.0
1791656290.63,3220624.9,1713.7,266307.8,266307.8,-106.9,1516.4,1264.6,-4.03,89.88,0.0,164.23,0.0,0.0,0.0,0.0,269079.1,-262441.0,603319.0,0.4405,0.111,1566.8,-0.01689,-21.40706,1.0,0,-1.0,-1.0,-1.0,-1.0,-1.0,0.0,0.0,0.0,0.0
1791656291.14,3220625.4,1714.2,266254.1,266254.1,-107.9,1516.6,1264.8,-4.07,89.88,-0.0,164.18,0.0,0.0,0.0,0.0,269079.1,-262441.0,603319.0,0.4405,0.111,1566.8,-0.01679,-21.36539,1.0,0,-1.0,-1.0,-1.0,-1.0,-1.0,0.0,0.0,0.0,0.0
1791656291.64,3220625.9,1714.7,266197.7,266197.7,-109.0,1516.8,1265.0,-4.12,89.88,-0.01,164.13,0.0,0.0,0.0,0.0,269079.1,-262441.0,603319.0,0.4405,0.111,1566.8,-0.01669,-21.32204,1.0,0,-1.0,-1.0,-1.0,-1.0,-1.0,0.0,0.0,0.0,0.0
1791656292.14,3220626.4,1715.2,266142.9,266142.9,-110.0,1517.0,1265.2,-4.16,89.88,-0.01,164.08,0.0,0.0,0.0,0.0,269079.1,-262441.0,603319.0,0.4405,0.111,1566.8,-0.0166,-21.28036,1.0,0,-1.0,-1.0,-1.0,-1.0,-1.0,0.0,0.0,0.0,0.0
1791656292.64,3220626.9,1715.7,266087.7,266087.7,-111.1,1517.1,1265.4,-4.2,89.89,-0.01,164.03,0.0,0.0,0.0,0.0,269079.1,-262441.0,603319.0,0.4405,0.111,1566.8,-0.0165,-21.23867,1.0,0,-1.0,-1.0,-1.0,-1.0,-1.0,0.0,0.0,0.0,0.0
1791656293.15,3220627.4,1716.2,266031.9,266031.9,-112.1,1517.3,1265.6,-4.24,89.89,-0.01,163.98,0.0,0.0,0.0,0.0,269079.1,-262441.0,603319.0,0.4405,0.111,1566.8,-0.01641,-21.19697,1.0,0,-1.0,-1.0,-1.0,-1.0,-1.0,0.0,0.0,0.0,0.0
1791656293.65,3220627.9,1716.7,265975.6,265975.6,-113.1,1517.5,1265.8,-4.28,89.89,-0.01,163.93,0.0,0.0,0.0,0.0,269079.1,-262441.0,603319.0,0.4405,0.111,1566.8,-0.01631,-21.15526,1.0,0,-1.0,-1.0,-1.0,-1.0,-1.0,0.0,0.0,0.0,0.0
1791656294.15,3220628.4,1717.2,265918.7,265918.7,-114.2,1517.7,1266.0,-4.32,89.9,-0.0,163.88,0.0,0.0,0.0,0.0,269079.1,-262441.0,603319.0,0.4405,0.111,1566.8,-0.01621,-21.11355,1.0,0,-1.0,-1.0,-1.0,-1.0,-1.0,0.0,0.0,0.0,0.0
1791656294.66,3220628.9,1717.7,265861.4,265861.4,-115.2,1517.8,1266.2,-4.36,89.9,-0.0,163.83,0.0,0.0,0.0,0.0,269079.1,-262441.0,603319.0,0.4405,0.111,1566.8,-0.01612,-21.07183,1.0,0,-1.0,-1.0,-1.0,-1.0,-1.0,0.0,0.0,0.0,0.0
1791656295.16,3220629.4,1718.2,265803.5,265803.5,-116.2,1518.0,1266.5,-4.39,89.9,0.0,163.78,0.0,0.0,0.0,0.0,269079.1,-262441.0,603319.0,0.4405,0.111,1566.8,-0.01602,-21.03011,1.0,0,-1.0,-1.0,-1.0,-1.0,-1.0,0.0,0.0,0.0,0.0
1791656295.66,3220629.9,1718.7,265745.1,265745.2,-117.3,1518.2,1266.7,-4.43,89.9,0.01,163.73,0.0,0.0,0.0,0.0,269079.1,-262441.0,603319.0,0.4405,0.111,1566.8,-0.01593,-20.98838,1.0,0,-1.0,-1.0,-1.0,-1.0,-1.0,0.0,0.0,0.0,0.0
1791656296.16,3220630.4,1719.2,265686.2,265686.3,-118.3,1518.4,1266.9,-4.47,89.9,0.01,163.68,0.0,0.0,0.0,0.0,269079.1,-262441.0,603319.0,0.4405,0.111,1566.8,-0.01583,-20.94664,1.0,0,-1.0,-1.0,-1.0,-1.0,-1.0,0.0,0.0,0.0,0.0
1791656296.66,3220630.9,1719.7,265626.8,265626.8,-119.3,1518.6,1267.1,-4.5,89.9,0.01,163.63,0.0,0.0,0.0,0.0,269079.1,-262441.0,603319.0,0.4405,0.111,1566.8,-0.01573,-20.9049,1.0,0,-1.0,-1.0,-1.0,-1.0,-1.0,0.0,0.0,0.0,0.0
1791656297.17,3220631.4,1720.2,265566.9,265566.9,-120.4,1518.7,1267.3,-4.53,89.89,0.01,163.58,0.0,0.0,0.0,0.0,269079.1,-262441.0,603319.0,0.4405,0.111,1566.8,-0.01564,-20.86314,1.0,0,-1.0,-1.0,-1.0,-1.0,-1.0,0.0,0.0,0.0,0.0
1791656297.67,3220632.0,1720.7,265504.0,265504.0,-121.4,1518.9,1267.6,-4.57,89.89,0.01,163.53,0.0,0.0,0.0,0.0,269079.1,-262441.0,603319.0,0.4405,0.111,1566.8,-0.01554,-20.81972,1.0,0,-1.0,-1.0,-1.0,-1.0,-1.0,0.0,0.0,0.0,0.0
1791656298.17,3220632.4,1721.2,265445.5,265445.5,-122.4,1519.1,1267.8,-4.61,89.89,0.0,163.48,0.0,0.0,0.0,0.0,269079.1,-262441.0,603319.0,0.4405,0.111,1566.8,-0.01544,-20.77962,1.0,0,-1.0,-1.0,-1.0,-1.0,-1.0,0.0,0.0,0.0,0.0
1791656298.67,3220633.0,1721.7,265381.6,265381.6,-123.5,1519.3,1268.0,-4.65,89.88,0.0,163.43,0.0,0.0,0.0,0.0,269079.1,-262441.0,603319.0,0.4405,0.111,1566.8,-0.01534,-20.73618,1.0,0,-1.0,-1.0,-1.0,-1.0,-1.0,0.0,0.0,0.0,0.0
1791656299.17,3220633.5,1722.2,265319.5,265319.5,-124.5,1519.5,1268.2,-4.69,89.88,-0.0,163.38,0.0,0.0,0.0,0.0,269079.1,-262441.0,603319.0,0.4405,0.111,1566.8,-0.01525,-20.6944,1.0,0,-1.0,-1.0,-1.0,-1.0,-1.0,0.0,0.0,0.0,0.0
1791656299.68,3220634.0,1722.7,265257.0,265257.0,-125.6,1519.7,1268.5,-4.72,89.88,-0.01,163.33,0.0,0.0,0.0,0.0,269079.1,-262441.0,603319.0,0.4405,0.111,1566.8,-0.01515,-20.65261,1.0,0,-1.0,-1.0,-1.0,-1.0,-1.0,0.0,0.0,0.0,0.0
1791656300.18,3220634.5,1723.2,265194.0,265194.0,-126.6,1519.9,1268.7,-4.76,89.88,-0.01,163.28,0.0,0.0,0.0,0.0,269079.1,-262441.0,603319.0,0.4405,0.111,1566.8,-0.01506,-20.61081,1.0,0,-1.0,-1.0,-1.0,-1.0,-1.0,0.0,0.0,0.0,0.0
1791656300.68,3220635.0,1723.7,265130.4,265130.4,-127.6,1520.1,1268.9,-4.81,89.88,-0.01,163.23,0.0,0.0,0.0,0.0,269079.1,-262441.0,603319.0,0.4405,0.111,1566.8,-0.01496,-20.56901,1.0,0,-1.0,-1.0,-1.0,-1.0,-1.0,0.0,0.0,0.0,0.0
1791656301.18,3220635.5,1724.2,265066.3,265066.3,-128.7,1520.3,1269.2,-4.85,89.88,-0.01,163.18,0.0,0.0,0.0,0.0,269079.1,-262441.0,603319.0,0.4405,0.111,1566.8,-0.01486,-20.5272,1.0,0,-1.0,-1.0,-1.0,-1.0,-1.0,0.0,0.0,0.0,0.0
1791656301.68,3220636.0,1724.7,265001.7,265001.7,-129.7,1520.5,1269.4,-4.89,89.89,-0.01,163.13,0.0,0.0,0.0,0.0,269079.1,-262441.0,603319.0,0.4405,0.111,1566.8,-0.01477,-20.48539,1.0,0,-1.0,-1.0,-1.0,-1.0,-1.0,0.0,0.0,0.0,0.0
1791656302.18,3220636.5,1725.2,264936.6,264936.6,-130.7,1520.7,1269.6,-4.93,89.89,-0.01,163.08,0.0,0.0,0.0,0.0,269079.1,-262441.0,603319.0,0.4405,0.111,1566.8,-0.01467,-20.44356,1.0,0,-1.0,-1.0,-1.0,-1.0,-1.0,0.0,0.0,0.0,0.0
1791656302.69,3220637.0,1725.7,264871.0,264871.0,-131.8,1520.9,1269.9,-4.97,89.89,-0.0,163.03,0.0,0.0,0.0,0.0,269079.1,-262441.0,603319.0,0.4405,0.111,1566.8,-0.01457,-20.40173,1.0,0,-1.0,-1.0,-1.0,-1.0,-1.0,0.0,0.0,0.0,0.0
1791656303.19,3220637.5,1726.2,264804.8,264804.8,-132.8,1521.1,1270.1,-5.01,89.9,0.0,162.98,0.0,0.0,0.0,0.0,269079.1,-262441.0,603319.0,0.4405,0.111,1566.8,-0.01448,-20.35989,1.0,0,-1.0,-1.0,-1.0,-1.0,-1.0,0.0,0.0,0.0,0.0
1791656303.69,3220638.0,1726.7,264738.2,264738.2,-133.8,1521.3,1270.4,-5.05,89.9,0.01,162.93,0.0,0.0,0.0,0.0,269079.1,-262441.0,603319.0,0.4405,0.111,1566.8,-0.01438,-20.31804,1.0,0,-1.0,-1.0,-1.0,-1.0,-1.0,0.0,0.0,0.0,0.0
1791656304.19,3220638.5,1727.2,264671.0,264671.0,-134.9,1521.5,1270.6,-5.09,89.9,0.01,162.88,0.0,0.0,0.0,0.0,269079.1,-262441.0,603319.0,0.4405,0.111,1566.8,-0.01428,-20.27619,1.0,0,-1.0,-1.0,-1.0,-1.0,-1.0,0.0,0.0,0.0,0.0
1791656304.69,3220639.0,1727.7,264603.3,264603.3,-135.9,1521.7,1270.8,-5.12,89.9,0.01,162.82,0.0,0.0,0.0,0.0,269079.1,-262441.0,603319.0,0.4405,0.111,1566.8,-0.01419,-20.23432,1.0,0,-1.0,-1.0,-1.0,-1.0,-1.0,0.0,0.0,0.0,0.0
1791656305.2,3220639.5,1728.2,264532.3,264532.3,-137.0,1522.0,1271.1,-5.16,89.9,0.01,162.77,0.0,0.0,0.0,0.0,269079.1,-262441.0,603319.0,0.4405,0.111,1566.8,-0.01409,-20.19078,1.0,0,-1.0,-1.0,-1.0,-1.0,-1.0,0.0,0.0,0.0,0.0
1791656305.7,3220640.0,1728.7,264463.6,264463.6,-138.0,1522.2,1271.4,-5.2,89.9,0.01,162.72,0.0,0.0,0.0,0.0,269079.1,-262441.0,603319.0,0.4405,0.111,1566.8,-0.01399,-20.1489,1.0,0,-1.0,-1.0,-1.0,-1.0,-1.0,0.0,0.0,0.0,0.0
1791656306.2,3220640.5,1729.2,264394.3,264394.3,-139.1,1522.4,1271.6,-5.23,89.89,0.01,162.67,0.0,0.0,0.0,0.0,269079.1,-262441.0,603319.0,0.4405,0.111,1566.8,-0.01389,-20.10701,1.0,0,-1.0,-1.0,-1.0,-1.0,-1.0,0.0,0.0,0.0,0.0
1791656306.7,3220641.0,1729.7,264324.5,264324.5,-140.1,1522.6,1271.9,-5.27,89.89,0.0,162.62,0.0,0.0,0.0,0.0,269079.1,-262441.0,603319.0,0.4405,0.111,1566.8,-0.0138,-20.06512,1.0,0,-1.0,-1.0,-1.0,-1.0,-1.0,0.0,0.0,0.0,0.0
1791656307.2,3220641.5,1730.2,264254.2,264254.3,-141.1,1522.8,1272.1,-5.3,89.89,-0.0,162.57,0.0,0.0,0.0,0.0,269079.1,-262441.0,603319.0,0.4405,0.111,1566.8,-0.0137,-20.02321,1.0,0,-1.0,-1.0,-1.0,-1.0,-1.0,0.0,0.0,0.0,0.0
1791656307.7,3220642.0,1730.7,264183.4,264183.4,-142.2,1523.0,1272.4,-5.34,89.88,-0.01,162.52,0.0,0.0,0.0,0.0,269079.1,-262441.0,603319.0,0.4405,0.111,1566.8,-0.0136,-19.9813,1.0,0,-1.0,-1.0,-1.0,-1.0,-1.0,0.0,0.0,0.0,0.0
1791656308.21,3220642.5,1731.2,264112.1,264112.1,-143.2,1523.3,1272.6,-5.38,89.88,-0.01,162.47,0.0,0.0,0.0,0.0,269079.1,-262441.0,603319.0,0.4405,0.111,1566.8,-0.01351,-19.93938,1.0,0,-1.0,-1.0,-1.0,-1.0,-1.0,0.0,0.0,0.0,0.0
1791656308.71,3220643.0,1731.7,264037.3,264037.3,-144.3,1523.5,1272.9,-5.42,89.88,-0.01,162.42,0.0,0.0,0.0,0.0,269079.1,-262441.0,603319.0,0.4405,0.111,1566.8,-0.01341,-19.89578,1.0,0,-1.0,-1.0,-1.0,-1.0,-1.0,0.0,0.0,0.0,0.0
1791656309.21,3220643.5,1732.2,263965.0,263965.0,-145.3,1523.7,1273.2,-5.46,89.88,-0.01,162.37,0.0,0.0,0.0,0.0,269079.1,-262441.0,603319.0,0.4405,0.111,1566.8,-0.01331,-19.85384,1.0,0,-1.0,-1.0,-1.0,-1.0,-1.0,0.0,0.0,0.0,0.0
1791656309.72,3220644.0,1732.8,263892.0,263892.0,-146.3,1523.9,1273.5,-5.5,89.88,-0.01,162.32,0.0,0.0,0.0,0.0,269079.1,-262441.0,603319.0,0.4405,0.111,1566.8,-0.01321,-19.81189,1.0,0,-1.0,-1.0,-1.0,-1.0,-1.0,0.0,0.0,0.0,0.0
1791656310.22,3220644.5,1733.3,263818.6,263818.6,-147.4,1524.2,1273.7,-5.54,89.88,-0.01,162.27,0.0,0.0,0.0,0.0,269079.1,-262441.0,603319.0,0.4405,0.111,1566.8,-0.01311,-19.76994,1.0,0,-1.0,-1.0,-1.0,-1.0,-1.0,0.0,0.0,0.0,0.0
1791656310.72,3220645.0,1733.8,263744.7,263744.7,-148.4,1524.4,1274.0,-5.58,89.88,-0.0,162.22,0.0,0.0,0.0,0.0,269079.1,-262441.0,603319.0,0.4405,0.111,1566.8,-0.01302,-19.72798,1.0,0,-1.0,-1.0,-1.0,-1.0,-1.0,0.0,0.0,0.0,0.0
1791656311.22,3220645.5,1734.3,263670.2,263670.2,-149.4,1524.6,1274.3,-5.63,89.89,0.0,162.17,0.0,0.0,0.0,0.0,269079.1,-262441.0,603319.0,0.4405,0.111,1566.8,-0.01292,-19.68601,1.0,0,-1.0,-1.0,-1.0,-1.0,-1.0,0.0,0.0,0.0,0.0
1791656311.82,3220646.0,1734.9,263601.3,263601.3,-150.4,1524.8,1274.5,-5.66,89.89,0.0,162.12,0.0,0.0,0.0,0.0,269079.1,-262441.0,603319.0,0.4405,0.111,1566.8,-0.01283,-19.64739,1.0,0,-1.0,-1.0,-1.0,-1.0,-1.0,0.0,0.0,0.0,0.0
1791656312.33,3220646.5,1735.4,263522.8,263522.8,-151.5,1525.1,1274.8,-5.7,89.9,0.01,162.07,0.0,0.0,0.0,0.0,269079.1,-262441.0,603319.0,0.4405,0.111,1566.8,-0.01273,-19.60372,1.0,0,-1.0,-1.0,-1.0,-1.0,-1.0,0.0,0.0,0.0,0.0
1791656312.83,3220647.0,1735.9,263446.8,263446.8,-152.5,1525.3,1275.1,-5.74,89.9,0.01,162.02,0.0,0.0,0.0,0.0,269079.1,-262441.0,603319.0,0.4405,0.111,1566.8,-0.01263,-19.56172,1.0,0,-1.0,-1.0,-1.0,-1.0,-1.0,0.0,0.0,0.0,0.0
1791656313.33,3220647.5,1736.4,263370.3,263370.3,-153.5,1525.6,1275.4,-5.78,89.9,0.01,161.97,0.0,0.0,0.0,0.0,269079.1,-262441.0,603319.0,0.4405,0.111,1566.8,-0.01254,-19.51971,1.0,0,-1.0,-1.0,-1.0,-1.0,-1.0,0.0,0.0,0.0,0.0
1791656313.83,3220648.0,1736.9,263293.3,263293.3,-154.6,1525.8,1275.6,-5.82,89.9,0.01,161.92,0.0,0.0,0.0,0.0,269079.1,-262441.0,603319.0,0.4405,0.111,1566.8,-0.01244,-19.4777,1.0,0,-1.0,-1.0,-1.0,-1.0,-1.0,0.0,0.0,0.0,0.0
1791656314.33,3220648.5,1737.4,263215.7,263215.7,-155.6,1526.0,1275.9,-5.85,89.9,0.01,161.87,0.0,0.0,0.0,0.0,269079.1,-262441.0,603319.0,0.4405,0.111,1566.8,-0.01234,-19.43568,1.0,0,-1.0,-1.0,-1.0,-1.0,-1.0,0.0,0.0,0.0,0.0
1791656314.83,3220649.0,1737.9,263137.6,263137.7,-156.6,1526.3,1276.2,-5.89,89.9,0.0,161.82,0.0,0.0,0.0,0.0,269079.1,-262441.0,603319.0,0.4405,0.111,1566.8,-0.01224,-19.39364,1.0,0,-1.0,-1.0,-1.0,-1.0,-1.0,0.0,0.0,0.0,0.0
1791656315.33,3220649.5,1738.4,263059.1,263059.1,-157.7,1526.5,1276.5,-5.92,89.9,0.0,161.77,0.0,0.0,0.0,0.0,269079.1,-262441.0,603319.0,0.4405,0.111,1566.8,-0.01215,-19.3516,1.0,0,-1.0,-1.0,-1.0,-1.0,-1.0,0.0,0.0,0.0,0.0
1791656315.84,3220650.0,1738.9,262980.0,262980.0,-158.7,1526.8,1276.8,-5.96,89.89,-0.0,161.72,0.0,0.0,0.0,0.0,269079.1,-262441.0,603319.0,0.4405,0.111,1566.8,-0.01205,-19.30955,1.0,0,-1.0,-1.0,-1.0,-1.0,-1.0,0.0,0.0,0.0,0.0
1791656316.34,3220650.5,1739.4,262900.4,262900.4,-159.7,1527.0,1277.1,-5.99,89.89,-0.01,161.67,0.0,0.0,0.0,0.0,269079.1,-262441.0,603319.0,0.4405,0.111,1566.8,-0.01195,-19.26749,1.0,0,-1.0,-1.0,-1.0,-1.0,-1.0,0.0,0.0,0.0,0.0
1791656316.84,3220651.0,1739.9,262820.2,262820.2,-160.8,1527.3,1277.4,-6.03,89.89,-0.01,161.62,0.0,0.0,0.0,0.0,269079.1,-262441.0,603319.0,0.4405,0.111,1566.8,-0.01186,-19.22542,1.0,0,-1.0,-1.0,-1.0,-1.0,-1.0,0.0,0.0,0.0,0.0
1791656317.34,3220651.5,1740.4,262736.3,262736.3,-161.9,1527.5,1277.7,-6.07,89.88,-0.01,161.57,0.0,0.0,0.0,0.0,269079.1,-262441.0,603319.0,0.4405,0.111,1566.8,-0.01175,-19.18166,1.0,0,-1.0,-1.0,-1.0,-1.0,-1.0,0.0,0.0,0.0,0.0
1791656317.85,3220652.0,1740.9,262655.2,262655.2,-162.9,1527.8,1278.0,-6.1,89.88,-0.01,161.51,0.0,0.0,0.0,0.0,269079.1,-262441.0,603319.0,0.4405,0.111,1566.8,-0.01166,-19.13957,1.0,0,-1.0,-1.0,-1.0,-1.0,-1.0,0.0,0.0,0.0,0.0
1791656318.35,3220652.5,1741.4,262573.5,262573.5,-163.9,1528.0,1278.3,-6.14,89.88,-0.01,161.46,0.0,0.0,0.0,0.0,269079.1,-262441.0,603319.0,0.4405,0.111,1566.8,-0.01156,-19.09747,1.0,0,-1.0,-1.0,-1.0,-1.0,-1.0,0.0,0.0,0.0,0.0
1791656318.85,3220653.0,1741.9,262491.2,262491.3,-165.0,1528.3,1278.6,-6.18,89.88,-0.0,161.41,0.0,0.0,0.0,0.0,269079.1,-262441.0,603319.0,0.4405,0.111,1566.8,-0.01146,-19.05536,1.0,0,-1.0,-1.0,-1.0,-1.0,-1.0,0.0,0.0,0.0,0.0
1791656319.35,3220653.5,1742.4,262408.5,262408.5,-166.0,1528.6,1278.9,-6.22,89.88,-0.0,161.36,0.0,0.0,0.0,0.0,269079.1,-262441.0,603319.0,0.4405,0.111,1566.8,-0.01137,-19.01324,1.0,0,-1.0,-1.0,-1.0,-1.0,-1.0,0.0,0.0,0.0,0.0
1791656319.85,3220654.0,1742.9,262325.2,262325.3,-167.0,1528.8,1279.2,-6.26,89.88,0.0,161.31,0.0,0.0,0.0,0.0,269079.1,-262441.0,603319.0,0.4405,0.111,1566.8,-0.01127,-18.97111,1.0,0,-1.0,-1.0,-1.0,-1.0,-1.0,0.0,0.0,0.0,0.0
1791656320.36,3220654.5,1743.4,262241.5,262241.5,-168.1,1529.1,1279.5,-6.31,89.88,0.01,161.26,0.0,0.0,0.0,0.0,269079.1,-262441.0,603319.0,0.4405,0.111,1566.8,-0.01117,-18.92898,1.0,0,-1.0,-1.0,-1.0,-1.0,-1.0,0.0,0.0,0.0,0.0
1791656320.86,3220655.0,1743.9,262157.2,262157.2,-169.1,1529.3,1279.8,-6.35,89.89,0.01,161.21,0.0,0.0,0.0,0.0,269079.1,-262441.0,603319.0,0.4405,0.111,1566.8,-0.01107,-18.88683,1.0,0,-1.0,-1.0,-1.0,-1.0,-1.0,0.0,0.0,0.0,0.0
1791656321.36,3220655.5,1744.4,262072.4,262072.4,-170.1,1529.6,1280.1,-6.39,89.89,0.01,161.16,0.0,0.0,0.0,0.0,269079.1,-262441.0,603319.0,0.4405,0.111,1566.8,-0.01098,-18.84467,1.0,0,-1.0,-1.0,-1.0,-1.0,-1.0,0.0,0.0,0.0,0.0
1791656321.86,3220656.0,1744.9,261987.0,261987.0,-171.2,1529.9,1280.4,-6.43,89.9,0.01,161.11,0.0,0.0,0.0,0.0,269079.1,-262441.0,603319.0,0.4405,0.111,1566.8,-0.01088,-18.8025,1.0,0,-1.0,-1.0,-1.0,-1.0,-1.0,0.0,0.0,0.0,0.0
1791656322.36,3220656.5,1745.4,261901.2,261901.2,-172.2,1530.1,1280.7,-6.47,89.9,0.01,161.06,0.0,0.0,0.0,0.0,269079.1,-262441.0,603319.0,0.4405,0.111,1566.8,-0.01078,-18.76033,1.0,0,-1.0,-1.0,-1.0,-1.0,-1.0,0.0,0.0,0.0,0.0
1791656322.87,3220657.0,1745.9,261811.4,261811.4,-173.3,1530.4,1281.1,-6.51,89.9,0.01,161.01,0.0,0.0,0.0,0.0,269079.1,-262441.0,603319.0,0.4405,0.111,1566.8,-0.01068,-18.71645,1.0,0,-1.0,-1.0,-1.0,-1.0,-1.0,0.0,0.0,0.0,0.0
1791656323.37,3220657.5,1746.4,261724.5,261724.5,-174.3,1530.7,1281.4,-6.54,89.9,0.0,160.96,0.0,0.0,0.0,0.0,269079.1,-262441.0,603319.0,0.4405,0.111,1566.8,-0.01058,-18.67425,1.0,0,-1.0,-1.0,-1.0,-1.0,-1.0,0.0,0.0,0.0,0.0
1791656323.87,3220658.0,1746.9,261637.0,261637.0,-175.4,1530.9,1281.7,-6.58,89.9,-0.0,160.91,0.0,0.0,0.0,0.0,269079.1,-262441.0,603319.0,0.4405,0.111,1566.8,-0.01048,-18.63205,1.0,0,-1.0,-1.0,-1.0,-1.0,-1.0,0.0,0.0,0.0,0.0
1791656324.37,3220658.5,1747.4,261549.1,261549.1,-176.4,1531.2,1282.0,-6.61,89.9,-0.01,160.86,0.0,0.0,0.0,0.0,269079.1,-262441.0,603319.0,0.4405,0.111,1566.8,-0.01039,-18.58983,1.0,0,-1.0,-1.0,-1.0,-1.0,-1.0,0.0,0.0,0.0,0.0
1791656324.88,3220659.0,1747.9,261460.6,261460.6,-177.4,1531.5,1282.3,-6.65,89.89,-0.01,160.81,0.0,0.0,0.0,0.0,269079.1,-262441.0,603319.0,0.4405,0.111,1566.8,-0.01029,-18.5476,1.0,0,-1.0,-1.0,-1.0,-1.0,-1.0,0.0,0.0,0.0,0.0
1791656325.38,3220659.5,1748.4,261371.7,261371.7,-178.5,1531.8,1282.7,-6.68,89.89,-0.01,160.76,0.0,0.0,0.0,0.0,269079.1,-262441.0,603319.0,0.4405,0.111,1566.8,-0.01019,-18.50536,1.0,0,-1.0,-1.0,-1.0,-1.0,-1.0,0.0,0.0,0.0,0.0
1791656325.88,3220660.0,1748.9,261282.2,261282.2,-179.5,1532.1,1283.0,-6.72,89.89,-0.01,160.7,0.0,0.0,0.0,0.0,269079.1,-262441.0,603319.0,0.4405,0.111,1566.8,-0.01009,-18.46311,1.0,0,-1.0,-1.0,-1.0,-1.0,-1.0,0.0,0.0,0.0,0.0
1791656326.38,3220660.5,1749.4,261192.2,261192.2,-180.5,1532.3,1283.3,-6.75,89.88,-0.01,160.65,0.0,0.0,0.0,0.0,269079.1,-262441.0,603319.0,0.4405,0.111,1566.8,-0.01,-18.42085,1.0,0,-1.0,-1.0,-1.0,-1.0,-1.0,0.0,0.0,0.0,0.0
1791656326.88,3220661.0,1749.9,261101.6,261101.6,-181.6,1532.6,1283.7,-6.79,89.88,-0.01,160.6,0.0,0.0,0.0,0.0,269079.1,-262441.0,603319.0,0.4405,0.111,1566.8,-0.0099,-18.37858,1.0,0,-1.0,-1.0,-1.0,-1.0,-1.0,0.0,0.0,0.0,0.0
1791656327.38,3220661.5,1750.4,261010.6,261010.6,-182.6,1532.9,1284.0,-6.83,89.88,-0.0,160.55,0.0,0.0,0.0,0.0,269079.1,-262441.0,603319.0,0.4405,0.111,1566.8,-0.0098,-18.3363,1.0,0,-1.0,-1.0,-1.0,-1.0,-1.0,0.0,0.0,0.0,0.0
1791656327.89,3220662.0,1750.9,260919.0,260919.0,-183.7,1533.2,1284.3,-6.86,89.88,0.0,160.5,0.0,0.0,0.0,0.0,269079.1,-262441.0,603319.0,0.4405,0.111,1566.8,-0.0097,-18.29401,1.0,0,-1.0,-1.0,-1.0,-1.0,-1.0,0.0,0.0,0.0,0.0
1791656328.39,3220662.5,1751.4,260826.9,260826.9,-184.7,1533.5,1284.7,-6.9,89.88,0.01,160.45,0.0,0.0,0.0,0.0,269079.1,-262441.0,603319.0,0.4405,0.111,1566.8,-0.0096,-18.2517,1.0,0,-1.0,-1.0,-1.0,-1.0,-1.0,0.0,0.0,0.0,0.0
1791656328.89,3220663.0,1751.9,260730.6,260730.6,-185.8,1533.8,1285.0,-6.95,89.88,0.01,160.4,0.0,0.0,0.0,0.0,269079.1,-262441.0,603319.0,0.4405,0.111,1566.8,-0.0095,-18.2077,1.0,0,-1.0,-1.0,-1.0,-1.0,-1.0,0.0,0.0,0.0,0.0
1791656329.39,3220663.5,1752.4,260637.5,260637.5,-186.8,1534.1,1285.3,-6.99,89.88,0.01,160.35,0.0,0.0,0.0,0.0,269079.1,-262441.0,603319.0,0.4405,0.111,1566.8,-0.0094,-18.16537,1.0,0,-1.0,-1.0,-1.0,-1.0,-1.0,0.0,0.0,0.0,0.0
1791656329.9,3220664.0,1752.9,260543.8,260543.8,-187.8,1534.3,1285.7,-7.03,89.89,0.01,160.3,0.0,0.0,0.0,0.0,269079.1,-262441.0,603319.0,0.4405,0.111,1566.8,-0.00931,-18.12303,1.0,0,-1.0,-1.0,-1.0,-1.0,-1.0,0.0,0.0,0.0,0.0
1791656330.4,3220664.5,1753.4,260449.6,260449.6,-188.9,1534.6,1286.0,-7.07,89.89,0.01,160.25,0.0,0.0,0.0,0.0,269079.1,-262441.0,603319.0,0.4405,0.111,1566.8,-0.00921,-18.08069,1.0,0,-1.0,-1.0,-1.0,-1.0,-1.0,0.0,0.0,0.0,0.0
1791656330.9,3220665.0,1753.9,260354.9,260354.9,-189.9,1534.9,1286.4,-7.11,89.9,0.01,160.2,0.0,0.0,0.0,0.0,269079.1,-262441.0,603319.0,0.4405,0.111,1566.8,-0.00911,-18.03833,1.0,0,-1.0,-1.0,-1.0,-1.0,-1.0,0.0,0.0,0.0,0.0
1791656331.4,3220665.5,1754.4,260259.7,260259.7,-191.0,1535.2,1286.7,-7.15,89.9,0.0,160.15,0.0,0.0,0.0,0.0,269079.1,-262441.0,603319.0,0.4405,0.111,1566.8,-0.00901,-17.99596,1.0,0,-1.0,-1.0,-1.0,-1.0,-1.0,0.0,0.0,0.0,0.0
1791656331.9,3220666.1,1754.9,260160.1,260160.1,-192.0,1535.5,1287.1,-7.19,89.9,-0.0,160.09,0.0,0.0,0.0,0.0,269079.1,-262441.0,603319.0,0.4405,0.111,1566.8,-0.00891,-17.95188,1.0,0,-1.0,-1.0,-1.0,-1.0,-1.0,0.0,0.0,0.0,0.0
1791656332.41,3220666.6,1755.4,260063.8,260063.8,-193.1,1535.8,1287.4,-7.23,89.9,-0.0,160.04,0.0,0.0,0.0,0.0,269079.1,-262441.0,603319.0,0.4405,0.111,1566.8,-0.00881,-17.90949,1.0,0,-1.0,-1.0,-1.0,-1.0,-1.0,0.0,0.0,0.0,0.0
1791656332.91,3220667.1,1755.9,259967.1,259967.0,-194.1,1536.1,1287.8,-7.26,89.9,-0.01,159.99,0.0,0.0,0.0,0.0,269079.1,-262441.0,603319.0,0.4405,0.111,1566.8,-0.00871,-17.86709,1.0,0,-1.0,-1.0,-1.0,-1.0,-1.0,0.0,0.0,0.0,0.0
1791656333.41,3220667.6,1756.4,259869.7,259869.7,-195.1,1536.4,1288.2,-7.3,89.9,-0.01,159.94,0.0,0.0,0.0,0.0,269079.1,-262441.0,603319.0,0.4405,0.111,1566.8,-0.00862,-17.82467,1.0,0,-1.0,-1.0,-1.0,-1.0,-1.0,0.0,0.0,0.0,0.0
1791656333.91,3220668.1,1756.9,259771.9,259771.9,-196.2,1536.7,1288.5,-7.33,89.89,-0.01,159.89,0.0,0.0,0.0,0.0,269079.1,-262441.0,603319.0,0.4405,0.111,1566.8,-0.00852,-17.78224,1.0,0,-1.0,-1.0,-1.0,-1.0,-1.0,0.0,0.0,0.0,0.0
1791656334.42,3220668.6,1757.5,259673.6,259673.5,-197.2,1537.1,1288.9,-7.37,89.89,-0.01,159.84,0.0,0.0,0.0,0.0,269079.1,-262441.0,603319.0,0.4405,0.111,1566.8,-0.00842,-17.7398,1.0,0,-1.0,-1.0,-1.0,-1.0,-1.0,0.0,0.0,0.0,0.0
1791656334.98,3220669.1,1758.0,259574.7,259574.7,-198.3,1537.4,1289.2,-7.4,89.89,-0.0,159.79,0.0,0.0,0.0,0.0,269079.1,-262441.0,603319.0,0.4405,0.111,1566.8,-0.00832,-17.69735,1.0,0,-1.0,-1.0,-1.0,-1.0,-1.0,0.0,0.0,0.0,0.0
1791656335.48,3220669.6,1758.5,259471.3,259471.3,-199.3,1537.7,1289.6,-7.44,89.88,-0.0,159.74,0.0,0.0,0.0,0.0,269079.1,-262441.0,603319.0,0.4405,0.111,1566.8,-0.00822,-17.65319,1.0,0,-1.0,-1.0,-1.0,-1.0,-1.0,0.0,0.0,0.0,0.0
1791656335.98,3220670.1,1759.0,259371.4,259371.4,-200.4,1538.0,1290.0,-7.47,89.88,0.0,159.68,0.0,0.0,0.0,0.0,269079.1,-262441.0,603319.0,0.4405,0.111,1566.8,-0.00812,-17.61072,1.0,0,-1.0,-1.0,-1.0,-1.0,-1.0,0.0,0.0,0.0,0.0
1791656336.48,3220670.6,1759.5,259270.9,259270.9,-201.4,1538.3,1290.3,-7.51,89.88,0.01,159.63,0.0,0.0,0.0,0.0,269079.1,-262441.0,603319.0,0.4405,0.111,1566.8,-0.00802,-17.56823,1.0,0,-1.0,-1.0,-1.0,-1.0,-1.0,0.0,0.0,0.0,0.0
1791656336.99,3220671.1,1760.0,259170.0,259170.0,-202.5,1538.6,1290.7,-7.55,89.88,0.01,159.58,0.0,0.0,0.0,0.0,269079.1,-262441.0,603319.0,0.4405,0.111,1566.8,-0.00792,-17.52573,1.0,0,-1.0,-1.0,-1.0,-1.0,-1.0,0.0,0.0,0.0,0.0
1791656337.49,3220671.6,1760.5,259068.5,259068.5,-203.5,1538.9,1291.1,-7.58,89.88,0.01,159.53,0.0,0.0,0.0,0.0,269079.1,-262441.0,603319.0,0.4405,0.111,1566.8,-0.00782,-17.48322,1.0,0,-1.0,-1.0,-1.0,-1.0,-1.0,0.0,0.0,0.0,0.0
1791656337.99,3220672.1,1761.0,258966.5,258966.5,-204.5,1539.2,1291.4,-7.62,89.88,0.01,159.48,0.0,0.0,0.0,0.0,269079.1,-262441.0,603319.0,0.4405,0.111,1566.8,-0.00773,-17.4407,1.0,0,-1.0,-1.0,-1.0,-1.0,-1.0,0.0,0.0,0.0,0.0
1791656338.49,3220672.6,1761.5,258863.9,258864.0,-205.6,1539.6,1291.8,-7.66,89.88,0.01,159.43,0.0,0.0,0.0,0.0,269079.1,-262441.0,603319.0,0.4405,0.111,1566.8,-0.00763,-17.39817,1.0,0,-1.0,-1.0,-1.0,-1.0,-1.0,0.0,0.0,0.0,0.0
1791656339.0,3220673.1,1762.0,258756.8,258756.8,-206.6,1539.9,1292.2,-7.71,89.89,0.0,159.38,0.0,0.0,0.0,0.0,269079.1,-262441.0,603319.0,0.4405,0.111,1566.8,-0.00753,-17.35392,1.0,0,-1.0,-1.0,-1.0,-1.0,-1.0,0.0,0.0,0.0,0.0
1791656339.5,3220673.6,1762.5,258653.2,258653.2,-207.7,1540.2,1292.6,-7.75,89.89,0.0,159.33,0.0,0.0,0.0,0.0,269079.1,-262441.0,603319.0,0.4405,0.111,1566.8,-0.00743,-17.31136,1.0,0,-1.0,-1.0,-1.0,-1.0,-1.0,0.0,0.0,0.0,0.0
1791656340.0,3220674.1,1763.0,258549.1,258549.1,-208.7,1540.5,1293.0,-7.79,89.9,-0.0,159.28,0.0,0.0,0.0,0.0,269079.1,-262441.0,603319.0,0.4405,0.111,1566.8,-0.00733,-17.26879,1.0,0,-1.0,-1.0,-1.0,-1.0,-1.0,0.0,0.0,0.0,0.0
1791656340.5,3220674.6,1763.5,258444.5,258444.5,-209.8,1540.9,1293.4,-7.83,89.9,-0.0,159.22,0.0,0.0,0.0,0.0,269079.1,-262441.0,603319.0,0.4405,0.111,1566.8,-0.00723,-17.22621,1.0,0,-1.0,-1.0,-1.0,-1.0,-1.0,0.0,0.0,0.0,0.0
1791656341.01,3220675.1,1764.0,258339.3,258339.3,-210.8,1541.2,1293.7,-7.87,89.9,-0.01,159.17,0.0,0.0,0.0,0.0,269079.1,-262441.0,603319.0,0.4405,0.111,1566.8,-0.00713,-17.18361,1.0,0,-1.0,-1.0,-1.0,-1.0,-1.0,0.0,0.0,0.0,0.0
1791656341.53,3220675.6,1764.6,258233.7,258233.7,-211.8,1541.5,1294.1,-7.9,89.9,-0.01,159.12,0.0,0.0,0.0,0.0,269079.1,-262441.0,603319.0,0.4405,0.111,1566.8,-0.00703,-17.13963,1.0,0,-1.0,-1.0,-1.0,-1.0,-1.0,0.0,0.0,0.0,0.0
1791656342.03,3220676.1,1765.1,258123.2,258123.2,-212.9,1541.9,1294.5,-7.94,89.9,-0.01,159.07,0.0,0.0,0.0,0.0,269079.1,-262441.0,603319.0,0.4405,0.111,1566.8,-0.00693,-17.09667,1.0,0,-1.0,-1.0,-1.0,-1.0,-1.0,0.0,0.0,0.0,0.0
1791656342.53,3220676.6,1765.6,258012.2,258012.2,-214.0,1542.2,1294.9,-7.98,89.9,-0.01,159.02,0.0,0.0,0.0,0.0,269079.1,-262441.0,603319.0,0.4405,0.111,1566.8,-0.00683,-17.05233,1.0,0,-1.0,-1.0,-1.0,-1.0,-1.0,0.0,0.0,0.0,0.0
1791656343.22,3220677.2,1766.3,257900.7,257900.7,-215.1,1542.6,1295.3,-8.01,89.89,-0.0,158.96,0.0,0.0,0.0,0.0,269079.1,-262441.0,603319.0,0.4405,0.111,1566.8,-0.00672,-17.00798,1.0,0,-1.0,-1.0,-1.0,-1.0,-1.0,0.0,0.0,0.0,0.0
1791656343.72,3220677.7,1766.8,257792.9,257792.9,-216.1,1542.9,1295.7,-8.04,89.89,-0.0,158.91,0.0,0.0,0.0,0.0,269079.1,-262441.0,603319.0,0.4405,0.111,1566.8,-0.00663,-16.96532,1.0,0,-1.0,-1.0,-1.0,-1.0,-1.0,0.0,0.0,0.0,0.0
1791656344.23,3220678.2,1767.3,257680.2,257680.2,-217.2,1543.2,1296.1,-8.08,89.89,0.0,158.86,0.0,0.0,0.0,0.0,269079.1,-262441.0,603319.0,0.4405,0.111,1566.8,-0.00652,-16.92094,1.0,0,-1.0,-1.0,-1.0,-1.0,-1.0,0.0,0.0,0.0,0.0
1791656344.73,3220678.7,1767.8,257571.3,257571.3,-218.2,1543.6,1296.5,-8.11,89.88,0.01,158.81,0.0,0.0,0.0,0.0,269079.1,-262441.0,603319.0,0.4405,0.111,1566.8,-0.00642,-16.87825,1.0,0,-1.0,-1.0,-1.0,-1.0,-1.0,0.0,0.0,0.0,0.0
1791656345.23,3220679.2,1768.3,257461.9,257461.9,-219.3,1543.9,1296.9,-8.15,89.88,0.01,158.76,0.0,0.0,0.0,0.0,269079.1,-262441.0,603319.0,0.4405,0.111,1566.8,-0.00632,-16.83555,1.0,0,-1.0,-1.0,-1.0,-1.0,-1.0,0.0,0.0,0.0,0.0
1791656345.73,3220679.7,1768.8,257352.0,257352.0,-220.3,1544.3,1297.3,-8.19,89.88,0.01,158.71,0.0,0.0,0.0,0.0,269079.1,-262441.0,603319.0,0.4405,0.111,1566.8,-0.00623,-16.79284,1.0,0,-1.0,-1.0,-1.0,-1.0,-1.0,0.0,0.0,0.0,0.0
1791656346.23,3220680.2,1769.3,257241.6,257241.6,-221.4,1544.6,1297.7,-8.22,89.88,0.01,158.66,0.0,0.0,0.0,0.0,269079.1,-262441.0,603319.0,0.4405,0.111,1566.8,-0.00613,-16.75011,1.0,0,-1.0,-1.0,-1.0,-1.0,-1.0,0.0,0.0,0.0,0.0
1791656346.74,3220680.7,1769.8,257130.7,257130.7,-222.4,1545.0,1298.1,-8.26,89.88,0.01,158.6,0.0,0.0,0.0,0.0,269079.1,-262441.0,603319.0,0.4405,0.111,1566.8,-0.00603,-16.70737,1.0,0,-1.0,-1.0,-1.0,-1.0,-1.0,0.0,0.0,0.0,0.0
1791656347.24,3220681.2,1770.3,257019.2,257019.2,-223.4,1545.3,1298.6,-8.3,89.88,0.0,158.55,0.0,0.0,0.0,0.0,269079.1,-262441.0,603319.0,0.4405,0.111,1566.8,-0.00593,-16.66462,1.0,0,-1.0,-1.0,-1.0,-1.0,-1.0,0.0,0.0,0.0,0.0
1791656347.74,3220681.7,1770.8,256907.2,256907.2,-224.5,1545.7,1299.0,-8.34,89.88,0.0,158.5,0.0,0.0,0.0,0.0,269079.1,-262441.0,603319.0,0.4405,0.111,1566.8,-0.00583,-16.62185,1.0,0,-1.0,-1.0,-1.0,-1.0,-1.0,0.0,0.0,0.0,0.0
1791656348.24,3220682.2,1771.3,256790.2,256790.2,-225.6,1546.0,1299.4,-8.38,89.89,-0.0,158.45,0.0,0.0,0.0,0.0,269079.1,-262441.0,603319.0,0.4405,0.111,1566.8,-0.00573,-16.57736,1.0,0,-1.0,-1.0,-1.0,-1.0,-1.0,0.0,0.0,0.0,0.0
1791656348.75,3220682.7,1771.8,256677.2,256677.2,-226.6,1546.4,1299.8,-8.42,89.89,-0.01,158.4,0.0,0.0,0.0,0.0,269079.1,-262441.0,603319.0,0.4405,0.111,1566.8,-0.00563,-16.53457,1.0,0,-1.0,-1.0,-1.0,-1.0,-1.0,0.0,0.0,0.0,0.0
1791656349.25,3220683.2,1772.3,256563.6,256563.6,-227.6,1546.7,1300.2,-8.46,89.9,-0.01,158.35,0.0,0.0,0.0,0.0,269079.1,-262441.0,603319.0,0.4405,0.111,1566.8,-0.00553,-16.49176,1.0,0,-1.0,-1.0,-1.0,-1.0,-1.0,0.0,0.0,0.0,0.0
1791656349.76,3220683.7,1772.8,256449.5,256449.5,-228.7,1547.1,1300.6,-8.5,89.9,-0.01,158.3,0.0,0.0,0.0,0.0,269079.1,-262441.0,603319.0,0.4405,0.111,1566.8,-0.00543,-16.44894,1.0,0,-1.0,-1.0,-1.0,-1.0,-1.0,0.0,0.0,0.0,0.0
1791656350.26,3220684.2,1773.3,256334.9,256334.9,-229.7,1547.4,1301.0,-8.54,89.9,-0.01,158.24,0.0,0.0,0.0,0.0,269079.1,-262441.0,603319.0,0.4405,0.111,1566.8,-0.00533,-16.4061,1.0,0,-1.0,-1.0,-1.0,-1.0,-1.0,0.0,0.0,0.0,0.0
1791656350.76,3220684.7,1773.8,256219.8,256219.8,-230.8,1547.8,1301.5,-8.58,89.9,-0.01,158.19,0.0,0.0,0.0,0.0,269079.1,-262441.0,603319.0,0.4405,0.111,1566.8,-0.00523,-16.36325,1.0,0,-1.0,-1.0,-1.0,-1.0,-1.0,0.0,0.0,0.0,0.0
1791656351.26,3220685.2,1774.3,256104.2,256104.2,-231.8,1548.2,1301.9,-8.62,89.9,-0.0,158.14,0.0,0.0,0.0,0.0,269079.1,-262441.0,603319.0,0.4405,0.111,1566.8,-0.00513,-16.32039,1.0,0,-1.0,-1.0,-1.0,-1.0,-1.0,0.0,0.0,0.0,0.0
1791656351.76,3220685.7,1774.8,255988.0,255988.0,-232.9,1548.5,1302.3,-8.65,89.9,-0.0,158.09,0.0,0.0,0.0,0.0,269079.1,-262441.0,603319.0,0.4405,0.111,1566.8,-0.00503,-16.27752,1.0,0,-1.0,-1.0,-1.0,-1.0,-1.0,0.0,0.0,0.0,0.0
1791656352.26,3220686.2,1775.3,255871.3,255871.3,-233.9,1548.9,1302.7,-8.69,89.89,0.0,158.04,0.0,0.0,0.0,0.0,269079.1,-262441.0,603319.0,0.4405,0.111,1566.8,-0.00493,-16.23463,1.0,0,-1.0,-1.0,-1.0,-1.0,-1.0,0.0,0.0,0.0,0.0
1791656352.77,3220686.7,1775.8,255754.1,255754.1,-234.9,1549.2,1303.2,-8.72,89.89,0.01,157.99,0.0,0.0,0.0,0.0,269079.1,-262441.0,603319.0,0.4405,0.111,1566.8,-0.00483,-16.19172,1.0,0,-1.0,-1.0,-1.0,-1.0,-1.0,0.0,0.0,0.0,0.0
1791656353.27,3220687.2,1776.3,255636.4,255636.4,-236.0,1549.6,1303.6,-8.75,89.89,0.01,157.94,0.0,0.0,0.0,0.0,269079.1,-262441.0,603319.0,0.4405,0.111,1566.8,-0.00473,-16.14881,1.0,0,-1.0,-1.0,-1.0,-1.0,-1.0,0.0,0.0,0.0,0.0
1791656353.77,3220687.7,1776.8,255518.1,255518.1,-237.0,1550.0,1304.0,-8.79,89.88,0.01,157.88,0.0,0.0,0.0,0.0,269079.1,-262441.0,603319.0,0.4405,0.111,1566.8,-0.00464,-16.10587,1.0,0,-1.0,-1.0,-1.0,-1.0,-1.0,0.0,0.0,0.0,0.0
1791656354.28,3220688.2,1777.3,255394.6,255394.6,-238.1,1550.4,1304.5,-8.82,89.88,0.01,157.83,0.0,0.0,0.0,0.0,269079.1,-262441.0,603319.0,0.4405,0.111,1566.8,-0.00453,-16.06121,1.0,0,-1.0,-1.0,-1.0,-1.0,-1.0,0.0,0.0,0.0,0.0
1791656354.78,3220688.7,1777.8,255275.3,255275.3,-239.1,1550.7,1304.9,-8.86,89.88,0.01,157.78,0.0,0.0,0.0,0.0,269079.1,-262441.0,603319.0,0.4405,0.111,1566.8,-0.00443,-16.01825,1.0,0,-1.0,-1.0,-1.0,-1.0,-1.0,0.0,0.0,0.0,0.0
1791656355.28,3220689.2,1778.3,255155.5,255155.5,-240.2,1551.1,1305.3,-8.89,89.88,0.0,157.73,0.0,0.0,0.0,0.0,269079.1,-262441.0,603319.0,0.4405,0.111,1566.8,-0.00433,-15.97527,1.0,0,-1.0,-1.0,-1.0,-1.0,-1.0,0.0,0.0,0.0,0.0
1791656355.78,3220689.7,1778.8,255035.1,255035.1,-241.2,1551.5,1305.8,-8.93,89.88,0.0,157.68,0.0,0.0,0.0,0.0,269079.1,-262441.0,603319.0,0.4405,0.111,1566.8,-0.00423,-15.93228,1.0,0,-1.0,-1.0,-1.0,-1.0,-1.0,0.0,0.0,0.0,0.0
1791656356.28,3220690.2,1779.3,254914.2,254914.2,-242.3,1551.9,1306.2,-8.97,89.88,-0.0,157.63,0.0,0.0,0.0,0.0,269079.1,-262441.0,603319.0,0.4405,0.111,1566.8,-0.00413,-15.88928,1.0,0,-1.0,-1.0,-1.0,-1.0,-1.0,0.0,0.0,0.0,0.0
1791656356.78,3220690.7,1779.8,254792.8,254792.8,-243.3,1552.2,1306.7,-9.0,89.88,-0.01,157.58,0.0,0.0,0.0,0.0,269079.1,-262441.0,603319.0,0.4405,0.111,1566.8,-0.00403,-15.84626,1.0,0,-1.0,-1.0,-1.0,-1.0,-1.0,0.0,0.0,0.0,0.0
1791656357.29,3220691.2,1780.3,254670.9,254670.9,-244.3,1552.6,1307.1,-9.04,89.89,-0.01,157.52,0.0,0.0,0.0,0.0,269079.1,-262441.0,603319.0,0.4405,0.111,1566.8,-0.00393,-15.80323,1.0,0,-1.0,-1.0,-1.0,-1.0,-1.0,0.0,0.0,0.0,0.0
1791656357.79,3220691.7,1780.8,254548.5,254548.5,-245.4,1553.0,1307.6,-9.09,89.89,-0.01,157.47,0.0,0.0,0.0,0.0,269079.1,-262441.0,603319.0,0.4405,0.111,1566.8,-0.00383,-15.76018,1.0,0,-1.0,-1.0,-1.0,-1.0,-1.0,0.0,0.0,0.0,0.0
1791656358.29,3220692.2,1781.3,254420.6,254420.6,-246.5,1553.4,1308.0,-9.13,89.9,-0.01,157.42,0.0,0.0,0.0,0.0,269079.1,-262441.0,603319.0,0.4405,0.111,1566.8,-0.00373,-15.71539,1.0,0,-1.0,-1.0,-1.0,-1.0,-1.0,0.0,0.0,0.0,0.0
1791656358.8,3220692.7,1781.8,254297.1,254297.1,-247.5,1553.8,1308.5,-9.17,89.9,-0.01,157.37,0.0,0.0,0.0,0.0,269079.1,-262441.0,603319.0,0.4405,0.111,1566.8,-0.00363,-15.67231,1.0,0,-1.0,-1.0,-1.0,-1.0,-1.0,0.0,0.0,0.0,0.0
1791656359.3,3220693.2,1782.3,254173.1,254173.1,-248.6,1554.2,1308.9,-9.21,89.9,-0.0,157.32,0.0,0.0,0.0,0.0,269079.1,-262441.0,603319.0,0.4405,0.111,1566.8,-0.00353,-15.62922,1.0,0,-1.0,-1.0,-1.0,-1.0,-1.0,0.0,0.0,0.0,0.0
1791656359.81,3220693.8,1782.8,254048.5,254048.5,-249.6,1554.6,1309.4,-9.24,89.9,-0.0,157.26,0.0,0.0,0.0,0.0,269079.1,-262441.0,603319.0,0.4405,0.111,1566.8,-0.00343,-15.58611,1.0,0,-1.0,-1.0,-1.0,-1.0,-1.0,0.0,0.0,0.0,0.0
1791656360.31,3220694.3,1783.3,253918.5,253918.5,-250.7,1555.0,1309.9,-9.28,89.9,0.0,157.21,0.0,0.0,0.0,0.0,269079.1,-262441.0,603319.0,0.4405,0.111,1566.8,-0.00333,-15.54126,1.0,0,-1.0,-1.0,-1.0,-1.0,-1.0,0.0,0.0,0.0,0.0
1791656360.81,3220694.8,1783.8,253792.9,253792.9,-251.7,1555.3,1310.3,-9.32,89.9,0.01,157.16,0.0,0.0,0.0,0.0,269079.1,-262441.0,603319.0,0.4405,0.111,1566.8,-0.00323,-15.49812,1.0,0,-1.0,-1.0,-1.0,-1.0,-1.0,0.0,0.0,0.0,0.0
1791656361.31,3220695.3,1784.3,253666.7,253666.8,-252.8,1555.7,1310.8,-9.35,89.89,0.01,157.11,0.0,0.0,0.0,0.0,269079.1,-262441.0,603319.0,0.4405,0.111,1566.8,-0.00313,-15.45497,1.0,0,-1.0,-1.0,-1.0,-1.0,-1.0,0.0,0.0,0.0,0.0
1791656361.81,3220695.8,1784.8,253540.1,253540.1,-253.8,1556.1,1311.2,-9.39,89.89,0.01,157.06,0.0,0.0,0.0,0.0,269079.1,-262441.0,603319.0,0.4405,0.111,1566.8,-0.00303,-15.4118,1.0,0,-1.0,-1.0,-1.0,-1.0,-1.0,0.0,0.0,0.0,0.0
1791656362.32,3220696.3,1785.4,253412.9,253412.9,-254.9,1556.5,1311.7,-9.42,89.89,0.01,157.01,0.0,0.0,0.0,0.0,269079.1,-262441.0,603319.0,0.4405,0.111,1566.8,-0.00293,-15.36861,1.0,0,-1.0,-1.0,-1.0,-1.0,-1.0,0.0,0.0,0.0,0.0
1791656362.82,3220696.8,1785.9,253285.2,253285.2,-255.9,1556.9,1312.2,-9.45,89.88,0.01,156.95,0.0,0.0,0.0,0.0,269079.1,-262441.0,603319.0,0.4405,0.111,1566.8,-0.00283,-15.32541,1.0,0,-1.0,-1.0,-1.0,-1.0,-1.0,0.0,0.0,0.0,0.0
1791656363.32,3220697.3,1786.4,253157.0,253157.0,-256.9,1557.3,1312.6,-9.49,89.88,0.0,156.9,0.0,0.0,0.0,0.0,269079.1,-262441.0,603319.0,0.4405,0.111,1566.8,-0.00273,-15.2822,1.0,0,-1.0,-1.0,-1.0,-1.0,-1.0,0.0,0.0,0.0,0.0
1791656363.82,3220697.8,1786.9,253028.3,253028.3,-258.0,1557.7,1313.1,-9.52,89.88,0.0,156.85,0.0,0.0,0.0,0.0,269079.1,-262441.0,603319.0,0.4405,0.111,1566.8,-0.00263,-15.23897,1.0,0,-1.0,-1.0,-1.0,-1.0,-1.0,0.0,0.0,0.0,0.0
1791656364.32,3220698.3,1787.4,252899.0,252899.0,-259.0,1558.1,1313.6,-9.55,89.88,-0.0,156.8,0.0,0.0,0.0,0.0,269079.1,-262441.0,603319.0,0.4405,0.111,1566.8,-0.00253,-15.19572,1.0,0,-1.0,-1.0,-1.0,-1.0,-1.0,0.0,0.0,0.0,0.0
1791656364.83,3220698.8,1787.9,252764.1,252764.1,-260.1,1558.6,1314.1,-9.59,89.88,-0.01,156.75,0.0,0.0,0.0,0.0,269079.1,-262441.0,603319.0,0.4405,0.111,1566.8,-0.00242,-15.15073,1.0,0,-1.0,-1.0,-1.0,-1.0,-1.0,0.0,0.0,0.0,0.0
1791656365.33,3220699.3,1788.4,252633.7,252633.8,-261.2,1559.0,1314.5,-9.63,89.88,-0.01,156.69,0.0,0.0,0.0,0.0,269079.1,-262441.0,603319.0,0.4405,0.111,1566.8,-0.00232,-15.10745,1.0,0,-1.0,-1.0,-1.0,-1.0,-1.0,0.0,0.0,0.0,0.0
1791656365.83,3220699.8,1788.9,252502.9,252502.9,-262.2,1559.4,1315.0,-9.67,89.88,-0.01,156.64,0.0,0.0,0.0,0.0,269079.1,-262441.0,603319.0,0.4405,0.111,1566.8,-0.00222,-15.06415,1.0,0,-1.0,-1.0,-1.0,-1.0,-1.0,0.0,0.0,0.0,0.0
1791656366.33,3220700.2,1789.4,252392.6,252392.6,-263.1,1559.7,1315.4,-9.7,89.89,-0.01,156.6,0.0,0.0,0.0,0.0,269079.1,-262441.0,603319.0,0.4405,0.111,1566.8,-0.00214,-15.02777,1.0,0,-1.0,-1.0,-1.0,-1.0,-1.0,0.0,0.0,0.0,0.0
1791656366.83,3220700.7,1789.9,252255.5,252255.5,-264.2,1560.1,1315.9,-9.74,89.89,-0.01,156.55,0.0,0.0,0.0,0.0,269079.1,-262441.0,603319.0,0.4405,0.111,1566.8,-0.00204,-14.98272,1.0,0,-1.0,-1.0,-1.0,-1.0,-1.0,0.0,0.0,0.0,0.0
1791656367.33,3220701.2,1790.4,252123.2,252123.2,-265.2,1560.6,1316.4,-9.78,89.89,-0.01,156.49,0.0,0.0,0.0,0.0,269079.1,-262441.0,603319.0,0.4405,0.111,1566.8,-0.00194,-14.93938,1.0,0,-1.0,-1.0,-1.0,-1.0,-1.0,0.0,0.0,0.0,0.0
1791656367.84,3220701.7,1790.9,251990.3,251990.3,-266.3,1561.0,1316.9,-9.82,89.9,-0.0,156.44,0.0,0.0,0.0,0.0,269079.1,-262441.0,603319.0,0.4405,0.111,1566.8,-0.00183,-14.89602,1.0,0,-1.0,-1.0,-1.0,-1.0,-1.0,0.0,0.0,0.0,0.0
1791656368.34,3220702.2,1791.4,251851.6,251851.6,-267.3,1561.4,1317.4,-9.86,89.9,0.0,156.39,0.0,0.0,0.0,0.0,269079.1,-262441.0,603319.0,0.4405,0.111,1566.8,-0.00173,-14.85091,1.0,0,-1.0,-1.0,-1.0,-1.0,-1.0,0.0,0.0,0.0,0.0
1791656368.84,3220702.7,1791.9,251717.6,251717.6,-268.4,1561.8,1317.9,-9.9,89.9,0.01,156.34,0.0,0.0,0.0,0.0,269079.1,-262441.0,603319.0,0.4405,0.111,1566.8,-0.00163,-14.80752,1.0,0,-1.0,-1.0,-1.0,-1.0,-1.0,0.0,0.0,0.0,0.0
1791656369.34,3220703.2,1792.4,251583.2,251583.2,-269.4,1562.2,1318.4,-9.94,89.9,0.01,156.29,0.0,0.0,0.0,0.0,269079.1,-262441.0,603319.0,0.4405,0.111,1566.8,-0.00153,-14.76412,1.0,0,-1.0,-1.0,-1.0,-1.0,-1.0,0.0,0.0,0.0,0.0
1791656369.85,3220703.7,1792.9,251448.2,251448.2,-270.5,1562.7,1318.8,-9.97,89.9,0.01,156.23,0.0,0.0,0.0,0.0,269079.1,-262441.0,603319.0,0.4405,0.111,1566.8,-0.00143,-14.72069,1.0,0,-1.0,-1.0,-1.0,-1.0,-1.0,0.0,0.0,0.0,0.0
1791656370.35,3220704.2,1793.4,251312.7,251312.7,-271.5,1563.1,1319.3,-10.01,89.9,0.01,156.18,0.0,0.0,0.0,0.0,269079.1,-262441.0,603319.0,0.4405,0.111,1566.8,-0.00133,-14.67725,1.0,0,-1.0,-1.0,-1.0,-1.0,-1.0,0.0,0.0,0.0,0.0
1791656370.85,3220704.7,1793.9,251176.7,251176.7,-272.6,1563.5,1319.8,-10.04,89.89,0.01,156.13,0.0,0.0,0.0,0.0,269079.1,-262441.0,603319.0,0.4405,0.111,1566.8,-0.00123,-14.6338,1.0,0,-1.0,-1.0,-1.0,-1.0,-1.0,0.0,0.0,0.0,0.0
1791656371.35,3220705.2,1794.4,251040.1,251040.1,-273.6,1563.9,1320.3,-10.08,89.89,0.01,156.08,0.0,0.0,0.0,0.0,269079.1,-262441.0,603319.0,0.4405,0.111,1566.8,-0.00113,-14.59033,1.0,0,-1.0,-1.0,-1.0,-1.0,-1.0,0.0,0.0,0.0,0.0
1791656371.85,3220705.7,1794.9,250903.1,250903.1,-274.7,1564.4,1320.8,-10.11,89.88,0.0,156.03,0.0,0.0,0.0,0.0,269079.1,-262441.0,603319.0,0.4405,0.111,1566.8,-0.00103,-14.54684,1.0,0,-1.0,-1.0,-1.0,-1.0,-1.0,0.0,0.0,0.0,0.0
