timestamp,UT,MET,altitude,radar_alt,vert_speed,orbital_vel,surface_vel,pitch,heading,roll,angle_prograde,dynamic_pressure,atmospheric_density,atmospheric_pressure_pa,g_force,apoapsis,periapsis,semi_major_axis,eccentricity,inclination,period,latitude,longitude,throttle,stage,solid_fuel,liquid_fuel,oxidizer,electric_charge,electric_charge_max,temp_ambient,temp_core,temp_skin,temp_sensor
1791563125.66,2235327.8,0.0,79.1,6.5,0.0,0.0,0.0,89.97,90.4,0.0,90.0,0.0,1213.39169,100142.9,0.0,-600000.0,-600000.0,0.0,0.0,0.0,0.0,-0.09721,-74.55768,4.0,0,-1.0,-1.0,-1.0,-1.0,-1.0,0.0,0.0,0.0,0.0
1791563126.16,2235327.8,0.5,79.1,6.5,0.0,0.0,0.0,89.97,90.4,0.0,90.0,0.0,1213.39169,100142.9,0.0,-600000.0,-600000.0,0.0,0.0,0.0,0.0,-0.09721,-74.55768,4.0,0,-1.0,-1.0,-1.0,-1.0,-1.0,0.0,0.0,0.0,0.0
1791563126.66,2235327.8,1.0,79.1,6.5,0.0,0.0,0.0,89.97,90.4,0.0,90.0,0.0,1213.39169,100142.9,0.0,-600000.0,-600000.0,0.0,0.0,0.0,0.0,-0.09721,-74.55768,4.0,0,-1.0,-1.0,-1.0,-1.0,-1.0,0.0,0.0,0.0,0.0
1791563127.16,2235327.8,1.5,79.1,6.5,0.0,0.0,0.0,89.97,90.4,0.0,90.0,0.0,1213.39169,100142.9,0.0,-600000.0,-600000.0,0.0,0.0,0.0,0.0,-0.09721,-74.55768,4.0,0,-1.0,-1.0,-1.0,-1.0,-1.0,0.0,0.0,0.0,0.0
1791563127.66,2235327.8,2.0,79.1,6.5,0.0,0.0,0.0,89.96,90.4,0.0,90.0,0.0,1213.39169,100142.9,0.0,79.1,-600000.0,300039.5,1.0,90.097,549.5,-0.09721,-74.55768,4.0,0,-1.0,-1.0,-1.0,-1.0,-1.0,0.0,0.0,0.0,0.0
1791563128.17,2235327.8,2.5,79.1,6.5,-0.0,175.0,0.0,89.96,90.4,0.0,79.0,0.0,1213.39169,100142.9,0.0,79.1,-598435.2,300821.9,0.9948,0.097,551.6,-0.09721,-74.55768,0.0,0,-1.0,-1.0,-1.0,-1.0,-1.0,0.0,0.0,0.0,0.0
1791563128.67,2235327.8,3.0,79.1,6.5,-0.0,175.0,0.0,89.96,90.4,0.0,79.0,0.0,1213.39169,100142.9,0.0,79.1,-598435.2,300821.9,0.9948,0.097,551.6,-0.09721,-74.55768,0.0,0,-1.0,-1.0,-1.0,-1.0,-1.0,0.0,0.0,0.0,0.0
1791563129.17,2235327.9,3.5,79.1,6.5,-0.0,175.0,0.0,89.96,90.4,0.0,79.0,0.0,1213.39169,100142.9,0.0,76.9,-598435.3,300820.8,0.9948,0.097,551.6,-0.09721,-74.55768,0.0,0,-1.0,-1.0,-1.0,-1.0,-1.0,0.0,0.0,0.0,0.0
1791563129.67,2235327.9,4.0,79.1,6.5,-0.0,175.0,0.0,89.96,90.4,0.0,79.0,0.0,1213.39169,100142.9,0.0,76.9,-598435.3,300820.8,0.9948,0.097,551.6,-0.09721,-74.55768,0.0,0,-1.0,-1.0,-1.0,-1.0,-1.0,0.0,0.0,0.0,0.0
1791563130.17,2235327.9,4.5,79.1,6.5,0.0,175.0,0.0,89.96,90.4,0.0,79.0,0.0,1213.39169,100142.9,0.0,76.9,-598435.3,300820.8,0.9948,0.097,551.6,-0.09721,-74.55768,0.0,0,-1.0,-1.0,-1.0,-1.0,-1.0,0.0,0.0,0.0,0.0
1791563130.67,2235327.9,5.0,79.1,6.5,0.0,175.0,0.0,89.96,90.4,0.0,79.0,0.0,1213.39169,100142.9,0.0,76.9,-598435.3,300820.8,0.9948,0.097,551.6,-0.09721,-74.55768,0.0,0,-1.0,-1.0,-1.0,-1.0,-1.0,0.0,0.0,0.0,0.0
1791563131.17,2235328.0,5.5,79.1,6.5,0.0,175.0,0.0,89.96,90.4,0.0,79.0,0.0,1213.39169,100142.9,0.0,76.9,-598435.3,300820.8,0.9948,0.097,551.6,-0.09721,-74.55768,0.0,0,-1.0,-1.0,-1.0,-1.0,-1.0,0.0,0.0,0.0,0.0
1791563131.68,2235328.0,6.0,79.1,6.5,0.0,175.0,0.0,89.96,90.4,0.0,79.0,0.0,1213.39169,100142.9,0.0,76.9,-598435.3,300820.8,0.9948,0.097,551.6,-0.09721,-74.55768,0.0,0,-1.0,-1.0,-1.0,-1.0,-1.0,0.0,0.0,0.0,0.0
1791563132.18,2235328.0,6.5,79.1,6.5,-0.0,175.0,0.0,89.96,90.4,0.0,79.0,0.0,1213.39169,100142.9,0.0,76.9,-598435.3,300820.8,0.9948,0.097,551.6,-0.09721,-74.55768,0.0,0,-1.0,-1.0,-1.0,-1.0,-1.0,0.0,0.0,0.0,0.0
1791563132.68,2235328.0,7.0,79.1,6.5,-0.0,175.0,0.0,89.96,90.4,0.0,79.0,0.0,1213.39169,100142.9,0.0,76.9,-598435.3,300820.8,0.9948,0.097,551.6,-0.09721,-74.55768,0.0,0,-1.0,-1.0,-1.0,-1.0,-1.0,0.0,0.0,0.0,0.0
1791563133.19,2235328.0,7.5,79.1,6.5,0.0,175.0,0.0,89.96,90.4,0.0,79.0,0.0,1213.39169,100142.9,0.0,76.9,-598435.3,300820.8,0.9948,0.097,551.6,-0.09721,-74.55768,0.0,0,-1.0,-1.0,-1.0,-1.0,-1.0,0.0,0.0,0.0,0.0
1791563133.69,2235328.0,8.0,79.1,6.5,0.0,175.0,0.0,89.96,90.4,0.0,79.0,0.0,1213.39169,100142.9,0.0,76.9,-598435.3,300820.8,0.9948,0.097,551.6,-0.09721,-74.55768,0.0,0,-1.0,-1.0,-1.0,-1.0,-1.0,0.0,0.0,0.0,0.0
1791563134.19,2235328.1,8.5,79.1,6.5,-0.0,175.0,0.0,89.96,90.4,0.0,79.0,0.0,1213.39169,100142.9,0.0,76.9,-598435.3,300820.8,0.9948,0.097,551.6,-0.09721,-74.55768,0.0,0,-1.0,-1.0,-1.0,-1.0,-1.0,0.0,0.0,0.0,0.0
1791563134.69,2235328.1,9.0,79.1,6.5,-0.0,175.0,0.0,89.96,90.4,0.0,79.0,0.0,1213.39169,100142.9,0.0,76.9,-598435.3,300820.8,0.9948,0.097,551.6,-0.09721,-74.55768,0.0,0,-1.0,-1.0,-1.0,-1.0,-1.0,0.0,0.0,0.0,0.0
1791563135.19,2235328.1,9.5,79.1,6.5,-0.0,175.0,0.0,89.96,90.4,0.0,79.0,0.0,1213.39169,100142.9,0.0,76.9,-598435.3,300820.8,0.9948,0.097,551.6,-0.09721,-74.55768,0.0,0,-1.0,-1.0,-1.0,-1.0,-1.0,0.0,0.0,0.0,0.0
1791563135.69,2235328.1,10.0,79.1,6.5,-0.0,175.0,0.0,89.96,90.4,0.0,79.0,0.0,1213.39169,100142.9,0.0,76.9,-598435.3,300820.8,0.9948,0.097,551.6,-0.09721,-74.55768,0.0,0,-1.0,-1.0,-1.0,-1.0,-1.0,0.0,0.0,0.0,0.0
1791563136.2,2235328.2,10.5,79.1,6.5,0.0,175.0,0.0,89.96,90.4,0.0,79.0,0.0,1213.39169,100142.9,0.0,76.9,-598435.3,300820.8,0.9948,0.097,551.6,-0.09721,-74.55768,0.0,0,-1.0,-1.0,-1.0,-1.0,-1.0,0.0,0.0,0.0,0.0
1791563136.7,2235328.2,11.0,79.1,6.5,0.0,175.0,0.0,89.96,90.4,0.0,79.0,0.0,1213.39169,100142.9,0.0,76.9,-598435.3,300820.8,0.9948,0.097,551.6,-0.09721,-74.55768,0.0,0,-1.0,-1.0,-1.0,-1.0,-1.0,0.0,0.0,0.0,0.0
1791563137.2,2235328.2,11.5,79.1,6.5,-0.0,175.0,0.0,89.96,90.4,0.0,79.0,0.0,1213.39169,100142.9,0.0,76.9,-598435.3,300820.8,0.9948,0.097,551.6,-0.09721,-74.55768,0.0,0,-1.0,-1.0,-1.0,-1.0,-1.0,0.0,0.0,0.0,0.0
1791563137.7,2235328.3,12.0,79.1,6.5,0.0,175.0,0.0,89.96,90.4,0.0,78.99,0.0,1213.39169,100142.9,0.0,76.9,-598435.3,300820.8,0.9948,0.097,551.6,-0.09721,-74.55768,0.0,0,-1.0,-1.0,-1.0,-1.0,-1.0,0.0,0.0,0.0,0.0
1791563138.2,2235328.8,12.5,79.1,6.5,0.0,175.0,0.0,89.96,90.4,0.0,78.99,0.0,1213.39169,100142.9,0.0,76.9,-598435.3,300820.8,0.9948,0.097,551.6,-0.09721,-74.55768,0.0,0,-1.0,-1.0,-1.0,-1.0,-1.0,0.0,0.0,0.0,0.0
1791563138.7,2235329.3,13.0,79.1,6.5,0.0,175.0,0.0,89.96,90.4,0.0,78.98,0.0,1213.39169,100142.9,0.0,76.9,-598435.3,300820.8,0.9948,0.097,551.6,-0.09721,-74.55768,0.0,0,-1.0,-1.0,-1.0,-1.0,-1.0,0.0,0.0,0.0,0.0
1791563139.21,2235329.7,13.5,79.0,6.5,-0.0,175.0,0.0,89.97,90.38,0.0,78.97,0.0,1213.408867,100144.6,0.0,76.8,-598435.2,300820.8,0.9948,0.097,551.6,-0.09721,-74.55768,0.0,0,-1.0,-1.0,-1.0,-1.0,-1.0,0.0,0.0,0.0,0.0
1791563139.71,2235330.2,14.1,79.0,6.5,0.0,175.0,0.0,89.96,90.39,0.0,78.96,0.0,1213.408867,100144.6,0.99,76.8,-598435.2,300820.8,0.9948,0.097,551.6,-0.09721,-74.55768,0.0,0,-1.0,-1.0,-1.0,-1.0,-1.0,0.0,0.0,0.0,0.0
1791563140.21,2235330.7,14.6,79.0,6.5,0.0,175.0,0.0,89.96,90.4,0.0,78.96,0.0,1213.408959,100144.6,1.0,76.8,-598435.3,300820.8,0.9948,0.097,551.6,-0.09721,-74.55768,0.0,0,-1.0,-1.0,-1.0,-1.0,-1.0,0.0,0.0,0.0,0.0
1791563140.71,2235331.1,15.1,79.0,6.5,0.0,175.0,0.0,89.97,90.4,0.0,78.95,0.0,1213.408959,100144.6,0.99,76.8,-598435.3,300820.8,0.9948,0.097,551.6,-0.09721,-74.55768,0.0,0,-1.0,-1.0,-1.0,-1.0,-1.0,0.0,0.0,0.0,0.0
1791563141.22,2235331.6,15.6,79.0,6.5,0.0,175.0,0.0,89.95,90.4,0.0,78.94,0.0,1213.408959,100144.6,0.99,76.8,-598435.3,300820.8,0.9948,0.097,551.6,-0.09721,-74.55768,0.0,0,-1.0,-1.0,-1.0,-1.0,-1.0,0.0,0.0,0.0,0.0
1791563141.72,2235332.1,16.1,79.0,6.5,0.0,175.0,0.0,89.95,90.4,0.0,78.93,0.0,1213.408959,100144.6,0.99,76.8,-598435.3,300820.8,0.9948,0.097,551.6,-0.09721,-74.55768,0.0,0,-1.0,-1.0,-1.0,-1.0,-1.0,0.0,0.0,0.0,0.0
1791563142.22,2235332.6,16.6,79.0,6.5,0.0,175.0,0.0,89.95,90.4,0.0,78.92,0.0,1213.408959,100144.6,0.99,76.8,-598435.3,300820.8,0.9948,0.097,551.6,-0.09721,-74.55768,0.0,0,-1.0,-1.0,-1.0,-1.0,-1.0,0.0,0.0,0.0,0.0
1791563142.72,2235333.1,17.1,79.0,6.5,0.0,175.0,0.0,89.95,90.4,0.0,78.91,0.0,1213.408959,100144.6,0.99,76.8,-598435.3,300820.8,0.9948,0.097,551.6,-0.09721,-74.55768,0.0,0,-1.0,-1.0,-1.0,-1.0,-1.0,0.0,0.0,0.0,0.0
1791563143.22,2235333.6,17.6,79.0,6.5,0.0,175.0,0.0,89.96,90.4,0.0,78.91,0.0,1213.408959,100144.6,0.99,76.8,-598435.3,300820.8,0.9948,0.097,551.6,-0.09721,-74.55768,0.0,0,-1.0,-1.0,-1.0,-1.0,-1.0,0.0,0.0,0.0,0.0
1791563143.72,2235334.1,18.1,79.0,6.5,0.0,175.0,0.0,89.95,90.4,0.0,78.9,0.0,1213.408959,100144.6,0.99,76.8,-598435.3,300820.8,0.9948,0.097,551.6,-0.09721,-74.55768,0.0,0,-1.0,-1.0,-1.0,-1.0,-1.0,0.0,0.0,0.0,0.0
1791563144.23,2235334.6,18.6,79.0,6.5,0.0,175.0,0.0,89.96,90.4,0.0,78.89,0.0,1213.408959,100144.6,0.99,76.8,-598435.3,300820.8,0.9948,0.097,551.6,-0.09721,-74.55768,0.0,0,-1.0,-1.0,-1.0,-1.0,-1.0,0.0,0.0,0.0,0.0
1791563144.73,2235335.1,19.1,79.0,6.5,0.0,175.0,0.0,89.95,90.4,0.0,78.88,0.0,1213.408959,100144.6,0.99,76.8,-598435.3,300820.8,0.9948,0.097,551.6,-0.09721,-74.55768,0.0,0,-1.0,-1.0,-1.0,-1.0,-1.0,0.0,0.0,0.0,0.0
1791563145.23,2235335.6,19.6,79.0,6.5,0.0,175.0,0.0,89.97,90.4,0.0,78.87,0.0,1213.408959,100144.6,0.99,76.8,-598435.3,300820.8,0.9948,0.097,551.6,-0.09721,-74.55768,0.0,0,-1.0,-1.0,-1.0,-1.0,-1.0,0.0,0.0,0.0,0.0
1791563145.73,2235336.2,20.1,79.0,6.5,0.0,175.0,0.0,89.95,90.4,0.0,78.86,0.0,1213.408959,100144.6,0.99,76.8,-598435.3,300820.8,0.9948,0.097,551.6,-0.09721,-74.55768,0.0,0,-1.0,-1.0,-1.0,-1.0,-1.0,0.0,0.0,0.0,0.0
1791563146.23,2235336.7,20.6,79.0,6.5,0.0,175.0,0.0,89.96,90.4,0.0,78.86,0.0,1213.408959,100144.6,0.99,76.8,-598435.3,300820.8,0.9948,0.097,551.6,-0.09721,-74.55768,0.0,0,-1.0,-1.0,-1.0,-1.0,-1.0,0.0,0.0,0.0,0.0
1791563146.74,2235337.2,21.1,79.0,6.5,0.0,175.0,0.0,89.96,90.4,0.0,78.85,0.0,1213.408959,100144.6,0.99,76.8,-598435.3,300820.8,0.9948,0.097,551.6,-0.09721,-74.55768,0.0,0,-1.0,-1.0,-1.0,-1.0,-1.0,0.0,0.0,0.0,0.0
1791563147.24,2235337.7,21.6,79.0,6.5,0.0,175.0,0.0,89.95,90.4,0.0,78.84,0.0,1213.408959,100144.6,0.99,76.8,-598435.3,300820.8,0.9948,0.097,551.6,-0.09721,-74.55768,0.0,0,-1.0,-1.0,-1.0,-1.0,-1.0,0.0,0.0,0.0,0.0
1791563147.74,2235338.2,22.1,79.0,6.5,0.0,175.0,0.0,89.96,90.4,0.0,78.83,0.0,1213.408959,100144.6,0.99,76.8,-598435.3,300820.8,0.9948,0.097,551.6,-0.09721,-74.55768,0.0,0,-1.0,-1.0,-1.0,-1.0,-1.0,0.0,0.0,0.0,0.0
1791563148.24,2235338.7,22.6,79.0,6.5,0.0,175.0,0.0,89.97,90.4,0.0,78.82,0.0,1213.408959,100144.6,0.99,76.8,-598435.3,300820.8,0.9948,0.097,551.6,-0.09721,-74.55768,0.0,0,-1.0,-1.0,-1.0,-1.0,-1.0,0.0,0.0,0.0,0.0
1791563148.74,2235339.2,23.1,79.0,6.5,0.0,175.0,0.0,89.95,90.4,0.0,78.81,0.0,1213.408959,100144.6,0.99,76.8,-598435.3,300820.8,0.9948,0.097,551.6,-0.09721,-74.55768,0.0,0,-1.0,-1.0,-1.0,-1.0,-1.0,0.0,0.0,0.0,0.0
1791563149.24,2235339.7,23.6,79.0,6.5,0.0,175.0,0.0,89.95,90.4,0.0,78.81,0.0,1213.408959,100144.6,0.99,76.8,-598435.3,300820.8,0.9948,0.097,551.6,-0.09721,-74.55768,0.0,0,-1.0,-1.0,-1.0,-1.0,-1.0,0.0,0.0,0.0,0.0
1791563149.75,2235340.2,24.1,79.0,6.5,0.0,175.0,0.0,89.97,90.4,0.0,78.8,0.0,1213.408959,100144.6,0.99,76.8,-598435.3,300820.8,0.9948,0.097,551.6,-0.09721,-74.55768,0.0,0,-1.0,-1.0,-1.0,-1.0,-1.0,0.0,0.0,0.0,0.0
1791563150.25,2235340.7,24.6,79.0,6.5,0.0,175.0,0.0,89.95,90.4,0.0,78.79,0.0,1213.408959,100144.6,0.99,76.8,-598435.3,300820.8,0.9948,0.097,551.6,-0.09721,-74.55768,0.0,0,-1.0,-1.0,-1.0,-1.0,-1.0,0.0,0.0,0.0,0.0
1791563150.75,2235341.2,25.1,79.0,6.5,0.0,175.0,0.0,89.95,90.4,0.0,78.78,0.0,1213.408959,100144.6,0.99,76.8,-598435.3,300820.8,0.9948,0.097,551.6,-0.09721,-74.55768,0.0,0,-1.0,-1.0,-1.0,-1.0,-1.0,0.0,0.0,0.0,0.0
1791563151.25,2235341.6,25.6,79.0,6.5,0.0,175.0,0.0,89.97,90.4,0.0,78.77,0.0,1213.408959,100144.6,0.99,76.8,-598435.3,300820.8,0.9948,0.097,551.6,-0.09721,-74.55768,0.0,0,-1.0,-1.0,-1.0,-1.0,-1.0,0.0,0.0,0.0,0.0
1791563151.75,2235342.2,26.1,79.0,6.5,0.0,175.0,0.0,89.97,90.4,0.0,78.76,0.0,1213.408959,100144.6,0.99,76.8,-598435.3,300820.8,0.9948,0.097,551.6,-0.09721,-74.55768,0.0,0,-1.0,-1.0,-1.0,-1.0,-1.0,0.0,0.0,0.0,0.0
1791563152.26,2235342.7,26.6,79.0,6.5,0.0,175.0,0.0,89.96,90.4,0.0,78.76,0.0,1213.408959,100144.6,0.99,76.8,-598435.3,300820.8,0.9948,0.097,551.6,-0.09721,-74.55768,0.0,0,-1.0,-1.0,-1.0,-1.0,-1.0,0.0,0.0,0.0,0.0
1791563152.76,2235343.2,27.1,79.0,6.5,0.0,175.0,0.0,89.96,90.4,0.0,78.75,0.0,1213.408959,100144.6,0.99,76.8,-598435.3,300820.8,0.9948,0.097,551.6,-0.09721,-74.55768,0.0,0,-1.0,-1.0,-1.0,-1.0,-1.0,0.0,0.0,0.0,0.0
1791563153.26,2235343.7,27.6,79.0,6.5,0.0,175.0,0.0,89.95,90.4,0.0,78.74,0.0,1213.408959,100144.6,0.99,76.8,-598435.3,300820.8,0.9948,0.097,551.6,-0.09721,-74.55768,0.0,0,-1.0,-1.0,-1.0,-1.0,-1.0,0.0,0.0,0.0,0.0
1791563153.77,2235344.2,28.1,79.0,6.5,0.0,175.0,0.0,89.97,90.4,0.0,78.73,0.0,1213.408959,100144.6,0.99,76.8,-598435.3,300820.8,0.9948,0.097,551.6,-0.09721,-74.55768,0.0,0,-1.0,-1.0,-1.0,-1.0,-1.0,0.0,0.0,0.0,0.0
1791563154.27,2235344.7,28.6,79.0,6.5,0.0,175.0,0.0,89.96,90.4,0.0,78.72,0.0,1213.408959,100144.6,0.99,76.8,-598435.3,300820.8,0.9948,0.097,551.6,-0.09721,-74.55768,0.0,0,-1.0,-1.0,-1.0,-1.0,-1.0,0.0,0.0,0.0,0.0
1791563154.77,2235345.2,29.1,79.0,6.5,0.0,175.0,0.0,89.95,90.4,0.0,78.71,0.0,1213.408959,100144.6,0.99,76.8,-598435.3,300820.8,0.9948,0.097,551.6,-0.09721,-74.55768,0.0,0,-1.0,-1.0,-1.0,-1.0,-1.0,0.0,0.0,0.0,0.0
1791563155.27,2235345.7,29.6,79.0,6.5,0.0,175.0,0.0,89.96,90.4,0.0,78.71,0.0,1213.408959,100144.6,0.99,76.8,-598435.3,300820.8,0.9948,0.097,551.6,-0.09721,-74.55768,0.0,0,-1.0,-1.0,-1.0,-1.0,-1.0,0.0,0.0,0.0,0.0
1791563155.77,2235346.2,30.1,79.0,6.5,0.0,175.0,0.0,89.97,90.4,0.0,78.7,0.0,1213.408959,100144.6,0.99,76.8,-598435.3,300820.8,0.9948,0.097,551.6,-0.09721,-74.55768,0.0,0,-1.0,-1.0,-1.0,-1.0,-1.0,0.0,0.0,0.0,0.0
1791563156.27,2235346.7,30.6,79.0,6.5,0.0,175.0,0.0,89.95,90.4,0.0,78.69,0.0,1213.408959,100144.6,0.99,76.8,-598435.3,300820.8,0.9948,0.097,551.6,-0.09721,-74.55768,0.0,0,-1.0,-1.0,-1.0,-1.0,-1.0,0.0,0.0,0.0,0.0
1791563156.78,2235347.1,31.1,79.0,6.5,0.0,175.0,0.0,89.96,90.4,0.0,78.68,0.0,1213.408959,100144.6,0.99,76.8,-598435.3,300820.8,0.9948,0.097,551.6,-0.09721,-74.55768,0.0,0,-1.0,-1.0,-1.0,-1.0,-1.0,0.0,0.0,0.0,0.0
1791563157.28,2235347.6,31.6,79.0,6.5,0.0,175.0,0.0,89.97,90.4,0.0,78.67,0.0,1213.408959,100144.6,0.99,76.8,-598435.3,300820.8,0.9948,0.097,551.6,-0.09721,-74.55768,0.0,0,-1.0,-1.0,-1.0,-1.0,-1.0,0.0,0.0,0.0,0.0
1791563157.78,2235348.1,32.1,79.0,6.5,0.0,175.0,0.0,89.97,90.4,0.0,78.66,0.0,1213.408959,100144.6,0.99,76.8,-598435.3,300820.8,0.9948,0.097,551.6,-0.09721,-74.55768,0.0,0,-1.0,-1.0,-1.0,-1.0,-1.0,0.0,0.0,0.0,0.0
1791563158.28,2235348.6,32.6,79.0,6.5,0.0,175.0,0.0,89.96,90.4,0.0,78.66,0.0,1213.408959,100144.6,0.99,76.8,-598435.3,300820.8,0.9948,0.097,551.6,-0.09721,-74.55768,0.0,0,-1.0,-1.0,-1.0,-1.0,-1.0,0.0,0.0,0.0,0.0
1791563158.78,2235349.1,33.1,79.0,6.5,0.0,175.0,0.0,89.96,90.4,0.0,78.65,0.0,1213.408959,100144.6,0.99,76.8,-598435.3,300820.8,0.9948,0.097,551.6,-0.09721,-74.55768,0.0,0,-1.0,-1.0,-1.0,-1.0,-1.0,0.0,0.0,0.0,0.0
1791563159.28,2235349.7,33.6,79.0,6.5,0.0,175.0,0.0,89.96,90.4,0.0,78.64,0.0,1213.408959,100144.6,0.99,76.8,-598435.3,300820.8,0.9948,0.097,551.6,-0.09721,-74.55768,0.0,0,-1.0,-1.0,-1.0,-1.0,-1.0,0.0,0.0,0.0,0.0
1791563159.78,2235350.2,34.1,79.0,6.5,0.0,175.0,0.0,89.96,90.4,0.0,78.63,0.0,1213.408959,100144.6,0.99,76.8,-598435.3,300820.8,0.9948,0.097,551.6,-0.09721,-74.55768,0.0,0,-1.0,-1.0,-1.0,-1.0,-1.0,0.0,0.0,0.0,0.0
1791563160.29,2235350.7,34.6,79.0,6.5,0.0,175.0,0.0,89.95,90.4,0.0,78.62,0.0,1213.408959,100144.6,0.99,76.8,-598435.3,300820.8,0.9948,0.097,551.6,-0.09721,-74.55768,0.0,0,-1.0,-1.0,-1.0,-1.0,-1.0,0.0,0.0,0.0,0.0
1791563160.79,2235351.2,35.1,79.0,6.5,0.0,175.0,0.0,89.95,90.4,0.0,78.61,0.0,1213.408959,100144.6,0.99,76.8,-598435.3,300820.8,0.9948,0.097,551.6,-0.09721,-74.55768,0.0,0,-1.0,-1.0,-1.0,-1.0,-1.0,0.0,0.0,0.0,0.0
1791563161.29,2235351.7,35.6,79.0,6.5,0.0,175.0,0.0,89.96,90.4,0.0,78.61,0.0,1213.408959,100144.6,0.99,76.8,-598435.3,300820.8,0.9948,0.097,551.6,-0.09721,-74.55768,0.0,0,-1.0,-1.0,-1.0,-1.0,-1.0,0.0,0.0,0.0,0.0
1791563161.79,2235352.2,36.1,79.0,6.5,0.0,175.0,0.0,89.96,90.4,0.0,78.6,0.0,1213.408959,100144.6,0.99,76.8,-598435.3,300820.8,0.9948,0.097,551.6,-0.09721,-74.55768,0.0,0,-1.0,-1.0,-1.0,-1.0,-1.0,0.0,0.0,0.0,0.0
1791563162.3,2235352.7,36.6,79.0,6.5,0.0,175.0,0.0,89.97,90.4,0.0,78.59,0.0,1213.408959,100144.6,0.99,76.8,-598435.3,300820.8,0.9948,0.097,551.6,-0.09721,-74.55768,0.0,0,-1.0,-1.0,-1.0,-1.0,-1.0,0.0,0.0,0.0,0.0
1791563162.8,2235353.2,37.1,79.0,6.5,0.0,175.0,0.0,89.95,90.4,0.0,78.58,0.0,1213.408959,100144.6,0.99,76.8,-598435.3,300820.8,0.9948,0.097,551.6,-0.09721,-74.55768,0.0,0,-1.0,-1.0,-1.0,-1.0,-1.0,0.0,0.0,0.0,0.0
1791563163.3,2235353.7,37.6,79.0,6.5,0.0,175.0,0.0,89.95,90.4,0.0,78.57,0.0,1213.408959,100144.6,0.99,76.8,-598435.3,300820.8,0.9948,0.097,551.6,-0.09721,-74.55768,0.0,0,-1.0,-1.0,-1.0,-1.0,-1.0,0.0,0.0,0.0,0.0
1791563163.8,2235354.2,38.1,79.0,6.5,0.0,175.0,0.0,89.96,90.4,0.0,78.56,0.0,1213.408959,100144.6,0.99,76.8,-598435.3,300820.8,0.9948,0.097,551.6,-0.09721,-74.55768,0.0,0,-1.0,-1.0,-1.0,-1.0,-1.0,0.0,0.0,0.0,0.0
1791563164.3,2235354.7,38.6,79.0,6.5,0.0,175.0,0.0,89.97,90.4,0.0,78.56,0.0,1213.408959,100144.6,0.99,76.8,-598435.3,300820.8,0.9948,0.097,551.6,-0.09721,-74.55768,0.0,0,-1.0,-1.0,-1.0,-1.0,-1.0,0.0,0.0,0.0,0.0
1791563164.8,2235355.2,39.1,79.0,6.5,0.0,175.0,0.0,89.96,90.4,0.0,78.55,0.0,1213.408959,100144.6,0.99,76.8,-598435.3,300820.8,0.9948,0.097,551.6,-0.09721,-74.55768,0.0,0,-1.0,-1.0,-1.0,-1.0,-1.0,0.0,0.0,0.0,0.0
1791563165.3,2235355.6,39.6,79.0,6.5,0.0,175.0,0.0,89.97,90.4,0.0,78.54,0.0,1213.408959,100144.6,0.99,76.8,-598435.3,300820.8,0.9948,0.097,551.6,-0.09721,-74.55768,0.0,0,-1.0,-1.0,-1.0,-1.0,-1.0,0.0,0.0,0.0,0.0
1791563165.81,2235356.1,40.1,79.0,6.5,0.0,175.0,0.0,89.96,90.4,0.0,78.53,0.0,1213.408959,100144.6,0.99,76.8,-598435.3,300820.8,0.9948,0.097,551.6,-0.09721,-74.55768,0.0,0,-1.0,-1.0,-1.0,-1.0,-1.0,0.0,0.0,0.0,0.0
1791563166.31,2235356.6,40.7,79.0,6.5,0.0,175.0,0.0,89.97,90.4,0.0,78.52,0.0,1213.408959,100144.6,0.99,76.8,-598435.3,300820.8,0.9948,0.097,551.6,-0.09721,-74.55768,0.0,0,-1.0,-1.0,-1.0,-1.0,-1.0,0.0,0.0,0.0,0.0
1791563166.81,2235357.1,41.2,79.0,6.5,0.0,175.0,0.0,89.97,90.4,0.0,78.51,0.0,1213.408959,100144.6,0.99,76.8,-598435.3,300820.8,0.9948,0.097,551.6,-0.09721,-74.55768,0.0,0,-1.0,-1.0,-1.0,-1.0,-1.0,0.0,0.0,0.0,0.0
1791563167.31,2235357.7,41.7,79.0,6.5,0.0,175.0,0.0,89.95,90.4,0.0,78.51,0.0,1213.408959,100144.6,0.99,76.8,-598435.3,300820.8,0.9948,0.097,551.6,-0.09721,-74.55768,0.0,0,-1.0,-1.0,-1.0,-1.0,-1.0,0.0,0.0,0.0,0.0
1791563167.82,2235358.2,42.2,79.0,6.5,0.0,175.0,0.0,89.95,90.4,0.0,78.5,0.0,1213.408959,100144.6,0.99,76.8,-598435.3,300820.8,0.9948,0.097,551.6,-0.09721,-74.55768,0.0,0,-1.0,-1.0,-1.0,-1.0,-1.0,0.0,0.0,0.0,0.0
1791563168.32,2235358.7,42.7,79.0,6.5,0.0,175.0,0.0,89.95,90.4,0.0,78.49,0.0,1213.408959,100144.6,0.99,76.8,-598435.3,300820.8,0.9948,0.097,551.6,-0.09721,-74.55768,0.0,0,-1.0,-1.0,-1.0,-1.0,-1.0,0.0,0.0,0.0,0.0
1791563168.82,2235359.2,43.2,79.0,6.5,0.0,175.0,0.0,89.95,90.4,0.0,78.48,0.0,1213.408959,100144.6,0.99,76.8,-598435.3,300820.8,0.9948,0.097,551.6,-0.09721,-74.55768,0.0,0,-1.0,-1.0,-1.0,-1.0,-1.0,0.0,0.0,0.0,0.0
1791563169.32,2235359.7,43.7,79.0,6.5,0.0,175.0,0.0,89.96,90.4,0.0,78.47,0.0,1213.408959,100144.6,0.99,76.8,-598435.3,300820.8,0.9948,0.097,551.6,-0.09721,-74.55768,0.0,0,-1.0,-1.0,-1.0,-1.0,-1.0,0.0,0.0,0.0,0.0
1791563169.82,2235360.1,44.2,79.0,6.5,0.0,175.0,0.0,89.96,90.4,0.0,78.46,0.0,1213.408959,100144.6,0.99,76.8,-598435.3,300820.8,0.9948,0.097,551.6,-0.09721,-74.55768,0.0,0,-1.0,-1.0,-1.0,-1.0,-1.0,0.0,0.0,0.0,0.0
1791563170.32,2235360.6,44.7,79.0,6.5,0.0,175.0,0.0,89.97,90.4,0.0,78.46,0.0,1213.408959,100144.6,0.99,76.8,-598435.3,300820.8,0.9948,0.097,551.6,-0.09721,-74.55768,0.0,0,-1.0,-1.0,-1.0,-1.0,-1.0,0.0,0.0,0.0,0.0
1791563170.83,2235361.1,45.2,79.0,6.5,0.0,175.0,0.0,89.96,90.4,0.0,78.45,0.0,1213.408959,100144.6,0.99,76.8,-598435.3,300820.8,0.9948,0.097,551.6,-0.09721,-74.55768,0.0,0,-1.0,-1.0,-1.0,-1.0,-1.0,0.0,0.0,0.0,0.0
1791563171.33,2235361.6,45.7,79.0,6.5,0.0,175.0,0.0,89.97,90.4,0.0,78.44,0.0,1213.408959,100144.6,0.99,76.8,-598435.3,300820.8,0.9948,0.097,551.6,-0.09721,-74.55768,0.0,0,-1.0,-1.0,-1.0,-1.0,-1.0,0.0,0.0,0.0,0.0
1791563171.83,2235362.1,46.2,79.0,6.5,0.0,175.0,0.0,89.95,90.4,0.0,78.43,0.0,1213.408959,100144.6,0.99,76.8,-598435.3,300820.8,0.9948,0.097,551.6,-0.09721,-74.55768,0.0,0,-1.0,-1.0,-1.0,-1.0,-1.0,0.0,0.0,0.0,0.0
1791563172.33,2235362.6,46.7,79.0,6.5,0.0,175.0,0.0,89.97,90.4,0.0,78.42,0.0,1213.408959,100144.6,0.99,76.8,-598435.3,300820.8,0.9948,0.097,551.6,-0.09721,-74.55768,0.0,0,-1.0,-1.0,-1.0,-1.0,-1.0,0.0,0.0,0.0,0.0
1791563172.84,2235363.1,47.2,79.0,6.5,0.0,175.0,0.0,89.96,90.4,0.0,78.41,0.0,1213.408959,100144.6,0.99,76.8,-598435.3,300820.8,0.9948,0.097,551.6,-0.09721,-74.55768,0.0,0,-1.0,-1.0,-1.0,-1.0,-1.0,0.0,0.0,0.0,0.0
1791563173.34,2235363.6,47.7,79.0,6.5,0.0,175.0,0.0,89.96,90.4,0.0,78.41,0.0,1213.408959,100144.6,0.99,76.8,-598435.3,300820.8,0.9948,0.097,551.6,-0.09721,-74.55768,0.0,0,-1.0,-1.0,-1.0,-1.0,-1.0,0.0,0.0,0.0,0.0
1791563173.84,2235364.1,48.2,79.0,6.5,0.0,175.0,0.0,89.95,90.4,0.0,78.4,0.0,1213.408959,100144.6,0.99,76.8,-598435.3,300820.8,0.9948,0.097,551.6,-0.09721,-74.55768,0.0,0,-1.0,-1.0,-1.0,-1.0,-1.0,0.0,0.0,0.0,0.0
1791563174.34,2235364.6,48.7,79.0,6.5,0.0,175.0,0.0,89.96,90.4,0.0,78.39,0.0,1213.408959,100144.6,0.99,76.8,-598435.3,300820.8,0.9948,0.097,551.6,-0.09721,-74.55768,0.0,0,-1.0,-1.0,-1.0,-1.0,-1.0,0.0,0.0,0.0,0.0
1791563174.85,2235365.1,49.2,79.0,6.5,0.0,175.0,0.0,89.96,90.4,0.0,78.38,0.0,1213.408959,100144.6,0.99,76.8,-598435.3,300820.8,0.9948,0.097,551.6,-0.09721,-74.55768,0.0,0,-1.0,-1.0,-1.0,-1.0,-1.0,0.0,0.0,0.0,0.0
1791563175.35,2235365.6,49.7,79.0,6.5,0.0,175.0,0.0,89.96,90.4,0.0,78.37,0.0,1213.408959,100144.6,0.99,76.8,-598435.3,300820.8,0.9948,0.097,551.6,-0.09721,-74.55768,0.0,0,-1.0,-1.0,-1.0,-1.0,-1.0,0.0,0.0,0.0,0.0
1791563175.85,2235366.1,50.2,79.0,6.5,0.0,175.0,0.0,89.97,90.4,0.0,78.36,0.0,1213.408959,100144.6,0.99,76.8,-598435.3,300820.8,0.9948,0.097,551.6,-0.09721,-74.55768,0.0,0,-1.0,-1.0,-1.0,-1.0,-1.0,0.0,0.0,0.0,0.0
1791563176.35,2235366.6,50.7,79.0,6.5,0.0,175.0,0.0,89.97,90.4,0.0,78.36,0.0,1213.408959,100144.6,0.99,76.8,-598435.3,300820.8,0.9948,0.097,551.6,-0.09721,-74.55768,0.0,0,-1.0,-1.0,-1.0,-1.0,-1.0,0.0,0.0,0.0,0.0
1791563176.85,2235367.1,51.2,79.0,6.5,0.0,175.0,0.0,89.95,90.4,0.0,78.35,0.0,1213.408959,100144.6,0.99,76.8,-598435.3,300820.8,0.9948,0.097,551.6,-0.09721,-74.55768,0.0,0,-1.0,-1.0,-1.0,-1.0,-1.0,0.0,0.0,0.0,0.0
1791563177.35,2235367.6,51.7,79.0,6.5,0.0,175.0,0.0,89.96,90.4,0.0,78.34,0.0,1213.408959,100144.6,0.99,76.8,-598435.3,300820.8,0.9948,0.097,551.6,-0.09721,-74.55768,0.0,0,-1.0,-1.0,-1.0,-1.0,-1.0,0.0,0.0,0.0,0.0
1791563177.86,2235368.1,52.2,79.0,6.5,0.0,175.0,0.0,89.97,90.4,0.0,78.33,0.0,1213.408959,100144.6,0.99,76.8,-598435.3,300820.8,0.9948,0.097,551.6,-0.09721,-74.55768,0.0,0,-1.0,-1.0,-1.0,-1.0,-1.0,0.0,0.0,0.0,0.0
1791563178.36,2235368.6,52.7,79.0,6.5,0.0,175.0,0.0,89.95,90.4,0.0,78.32,0.0,1213.408959,100144.6,0.99,76.8,-598435.3,300820.8,0.9948,0.097,551.6,-0.09721,-74.55768,0.0,0,-1.0,-1.0,-1.0,-1.0,-1.0,0.0,0.0,0.0,0.0
1791563178.86,2235369.1,53.2,79.0,6.5,0.0,175.0,0.0,89.95,90.4,0.0,78.31,0.0,1213.408959,100144.6,0.99,76.8,-598435.3,300820.8,0.9948,0.097,551.6,-0.09721,-74.55768,0.0,0,-1.0,-1.0,-1.0,-1.0,-1.0,0.0,0.0,0.0,0.0
1791563179.36,2235369.6,53.7,79.0,6.5,0.0,175.0,0.0,89.95,90.4,0.0,78.31,0.0,1213.408959,100144.6,0.99,76.8,-598435.3,300820.8,0.9948,0.097,551.6,-0.09721,-74.55768,0.0,0,-1.0,-1.0,-1.0,-1.0,-1.0,0.0,0.0,0.0,0.0
1791563179.87,2235370.1,54.2,79.0,6.5,0.0,175.0,0.0,89.97,90.4,0.0,78.3,0.0,1213.408959,100144.6,0.99,76.8,-598435.3,300820.8,0.9948,0.097,551.6,-0.09721,-74.55768,0.0,0,-1.0,-1.0,-1.0,-1.0,-1.0,0.0,0.0,0.0,0.0
1791563180.37,2235370.6,54.7,79.0,6.5,0.0,175.0,0.0,89.95,90.4,0.0,78.29,0.0,1213.408959,100144.6,0.99,76.8,-598435.3,300820.8,0.9948,0.097,551.6,-0.09721,-74.55768,0.0,0,-1.0,-1.0,-1.0,-1.0,-1.0,0.0,0.0,0.0,0.0
1791563180.87,2235371.1,55.2,79.0,6.5,0.0,175.0,0.0,89.95,90.4,0.0,78.28,0.0,1213.408959,100144.6,0.99,76.8,-598435.3,300820.8,0.9948,0.097,551.6,-0.09721,-74.55768,0.0,0,-1.0,-1.0,-1.0,-1.0,-1.0,0.0,0.0,0.0,0.0
1791563181.37,2235371.6,55.7,79.0,6.5,0.0,175.0,0.0,89.97,90.4,0.0,78.27,0.0,1213.408959,100144.6,0.99,76.8,-598435.3,300820.8,0.9948,0.097,551.6,-0.09721,-74.55768,0.0,0,-1.0,-1.0,-1.0,-1.0,-1.0,0.0,0.0,0.0,0.0
1791563181.87,2235372.1,56.2,79.0,6.5,0.0,175.0,0.0,89.97,90.4,0.0,78.26,0.0,1213.408959,100144.6,0.99,76.8,-598435.3,300820.8,0.9948,0.097,551.6,-0.09721,-74.55768,0.0,0,-1.0,-1.0,-1.0,-1.0,-1.0,0.0,0.0,0.0,0.0
1791563182.37,2235372.6,56.7,79.0,6.5,0.0,175.0,0.0,89.97,90.4,0.0,78.26,0.0,1213.408959,100144.6,0.99,76.8,-598435.3,300820.8,0.9948,0.097,551.6,-0.09721,-74.55768,0.0,0,-1.0,-1.0,-1.0,-1.0,-1.0,0.0,0.0,0.0,0.0
1791563182.88,2235373.1,57.2,79.0,6.5,0.0,175.0,0.0,89.95,90.4,0.0,78.25,0.0,1213.408959,100144.6,0.99,76.8,-598435.3,300820.8,0.9948,0.097,551.6,-0.09721,-74.55768,0.0,0,-1.0,-1.0,-1.0,-1.0,-1.0,0.0,0.0,0.0,0.0
1791563183.38,2235373.6,57.7,79.0,6.5,0.0,175.0,0.0,89.96,90.4,0.0,78.24,0.0,1213.408959,100144.6,0.99,76.8,-598435.3,300820.8,0.9948,0.097,551.6,-0.09721,-74.55768,0.0,0,-1.0,-1.0,-1.0,-1.0,-1.0,0.0,0.0,0.0,0.0
1791563183.88,2235374.1,58.2,79.0,6.5,0.0,175.0,0.0,89.96,90.4,0.0,78.23,0.0,1213.408959,100144.6,0.99,76.8,-598435.3,300820.8,0.9948,0.097,551.6,-0.09721,-74.55768,0.0,0,-1.0,-1.0,-1.0,-1.0,-1.0,0.0,0.0,0.0,0.0
1791563184.38,2235374.6,58.7,79.0,6.5,0.0,175.0,0.0,89.96,90.4,0.0,78.22,0.0,1213.408959,100144.6,0.99,76.8,-598435.3,300820.8,0.9948,0.097,551.6,-0.09721,-74.55768,0.0,0,-1.0,-1.0,-1.0,-1.0,-1.0,0.0,0.0,0.0,0.0
1791563184.89,2235375.1,59.2,79.0,6.5,0.0,175.0,0.0,89.96,90.4,0.0,78.22,0.0,1213.408959,100144.6,0.99,76.8,-598435.3,300820.8,0.9948,0.097,551.6,-0.09721,-74.55768,0.0,0,-1.0,-1.0,-1.0,-1.0,-1.0,0.0,0.0,0.0,0.0
1791563185.39,2235375.6,59.7,79.0,6.5,0.0,175.0,0.0,89.95,90.4,0.0,78.21,0.0,1213.408959,100144.6,0.99,76.8,-598435.3,300820.8,0.9948,0.097,551.6,-0.09721,-74.55768,0.0,0,-1.0,-1.0,-1.0,-1.0,-1.0,0.0,0.0,0.0,0.0
1791563185.89,2235376.1,60.2,79.0,6.5,0.0,175.0,0.0,89.96,90.4,0.0,78.2,0.0,1213.408959,100144.6,0.99,76.8,-598435.3,300820.8,0.9948,0.097,551.6,-0.09721,-74.55768,0.0,0,-1.0,-1.0,-1.0,-1.0,-1.0,0.0,0.0,0.0,0.0
1791563186.39,2235376.6,60.7,79.0,6.5,0.0,175.0,0.0,89.96,90.4,0.0,78.19,0.0,1213.408959,100144.6,0.99,76.8,-598435.3,300820.8,0.9948,0.097,551.6,-0.09721,-74.55768,0.0,0,-1.0,-1.0,-1.0,-1.0,-1.0,0.0,0.0,0.0,0.0
1791563186.89,2235377.1,61.2,79.0,6.5,0.0,175.0,0.0,89.97,90.4,0.0,78.18,0.0,1213.408959,100144.6,0.99,76.8,-598435.3,300820.8,0.9948,0.097,551.6,-0.09721,-74.55768,0.0,0,-1.0,-1.0,-1.0,-1.0,-1.0,0.0,0.0,0.0,0.0
1791563187.4,2235377.6,61.7,79.0,6.5,0.0,175.0,0.0,89.97,90.4,0.0,78.17,0.0,1213.408959,100144.6,0.99,76.8,-598435.3,300820.8,0.9948,0.097,551.6,-0.09721,-74.55768,0.0,0,-1.0,-1.0,-1.0,-1.0,-1.0,0.0,0.0,0.0,0.0
1791563187.9,2235378.1,62.2,79.0,6.5,0.0,175.0,0.0,89.95,90.4,0.0,78.16,0.0,1213.408959,100144.6,0.99,76.8,-598435.3,300820.8,0.9948,0.097,551.6,-0.09721,-74.55768,0.0,0,-1.0,-1.0,-1.0,-1.0,-1.0,0.0,0.0,0.0,0.0
1791563188.4,2235378.6,62.7,79.0,6.5,0.0,175.0,0.0,89.95,90.4,0.0,78.16,0.0,1213.408959,100144.6,0.99,76.8,-598435.3,300820.8,0.9948,0.097,551.6,-0.09721,-74.55768,0.0,0,-1.0,-1.0,-1.0,-1.0,-1.0,0.0,0.0,0.0,0.0
1791563188.9,2235379.1,63.2,79.0,6.5,0.0,175.0,0.0,89.95,90.4,0.0,78.15,0.0,1213.408959,100144.6,0.99,76.8,-598435.3,300820.8,0.9948,0.097,551.6,-0.09721,-74.55768,0.0,0,-1.0,-1.0,-1.0,-1.0,-1.0,0.0,0.0,0.0,0.0
1791563189.4,2235379.6,63.7,79.0,6.5,0.0,175.0,0.0,89.97,90.4,0.0,78.14,0.0,1213.408959,100144.6,0.99,76.8,-598435.3,300820.8,0.9948,0.097,551.6,-0.09721,-74.55768,0.0,0,-1.0,-1.0,-1.0,-1.0,-1.0,0.0,0.0,0.0,0.0
1791563189.9,2235380.1,64.2,79.0,6.5,0.0,175.0,0.0,89.95,90.4,0.0,78.13,0.0,1213.408959,100144.6,0.99,76.8,-598435.3,300820.8,0.9948,0.097,551.6,-0.09721,-74.55768,0.0,0,-1.0,-1.0,-1.0,-1.0,-1.0,0.0,0.0,0.0,0.0
1791563190.4,2235380.6,64.7,79.0,6.5,0.0,175.0,0.0,89.96,90.4,0.0,78.12,0.0,1213.408959,100144.6,0.99,76.8,-598435.3,300820.8,0.9948,0.097,551.6,-0.09721,-74.55768,0.0,0,-1.0,-1.0,-1.0,-1.0,-1.0,0.0,0.0,0.0,0.0
1791563190.91,2235381.1,65.3,79.0,6.5,0.0,175.0,0.0,89.97,90.4,0.0,78.11,0.0,1213.408959,100144.6,0.99,76.8,-598435.3,300820.8,0.9948,0.097,551.6,-0.09721,-74.55768,0.0,0,-1.0,-1.0,-1.0,-1.0,-1.0,0.0,0.0,0.0,0.0
1791563191.41,2235381.6,65.8,79.0,6.5,0.0,175.0,0.0,89.95,90.4,0.0,78.11,0.0,1213.408959,100144.6,0.99,76.8,-598435.3,300820.8,0.9948,0.097,551.6,-0.09721,-74.55768,0.0,0,-1.0,-1.0,-1.0,-1.0,-1.0,0.0,0.0,0.0,0.0
1791563191.91,2235382.1,66.3,79.0,6.5,0.0,175.0,0.0,89.95,90.4,0.0,78.1,0.0,1213.408959,100144.6,0.99,76.8,-598435.3,300820.8,0.9948,0.097,551.6,-0.09721,-74.55768,0.0,0,-1.0,-1.0,-1.0,-1.0,-1.0,0.0,0.0,0.0,0.0
1791563192.41,2235382.6,66.8,79.0,6.5,0.0,175.0,0.0,89.95,90.4,0.0,78.09,0.0,1213.408959,100144.6,0.99,76.8,-598435.3,300820.8,0.9948,0.097,551.6,-0.09721,-74.55768,0.0,0,-1.0,-1.0,-1.0,-1.0,-1.0,0.0,0.0,0.0,0.0
1791563192.92,2235383.1,67.3,79.0,6.5,0.0,175.0,0.0,89.95,90.4,0.0,78.08,0.0,1213.408959,100144.6,0.99,76.8,-598435.3,300820.8,0.9948,0.097,551.6,-0.09721,-74.55768,0.0,0,-1.0,-1.0,-1.0,-1.0,-1.0,0.0,0.0,0.0,0.0
1791563193.42,2235383.6,67.8,79.0,6.5,0.0,175.0,0.0,89.95,90.4,0.0,78.07,0.0,1213.408959,100144.6,0.99,76.8,-598435.3,300820.8,0.9948,0.097,551.6,-0.09721,-74.55768,0.0,0,-1.0,-1.0,-1.0,-1.0,-1.0,0.0,0.0,0.0,0.0
1791563193.92,2235384.1,68.3,79.0,6.5,0.0,175.0,0.0,89.96,90.4,0.0,78.07,0.0,1213.408959,100144.6,0.99,76.8,-598435.3,300820.8,0.9948,0.097,551.6,-0.09721,-74.55768,0.0,0,-1.0,-1.0,-1.0,-1.0,-1.0,0.0,0.0,0.0,0.0
1791563194.42,2235384.6,68.8,79.0,6.5,0.0,175.0,0.0,89.97,90.4,0.0,78.06,0.0,1213.408959,100144.6,0.99,76.8,-598435.3,300820.8,0.9948,0.097,551.6,-0.09721,-74.55768,0.0,0,-1.0,-1.0,-1.0,-1.0,-1.0,0.0,0.0,0.0,0.0
1791563194.92,2235385.1,69.3,79.0,6.5,0.0,175.0,0.0,89.95,90.4,0.0,78.05,0.0,1213.408959,100144.6,0.99,76.8,-598435.3,300820.8,0.9948,0.097,551.6,-0.09721,-74.55768,0.0,0,-1.0,-1.0,-1.0,-1.0,-1.0,0.0,0.0,0.0,0.0
1791563195.42,2235385.6,69.8,79.0,6.5,0.0,175.0,0.0,89.95,90.4,0.0,78.04,0.0,1213.408959,100144.6,0.99,76.8,-598435.3,300820.8,0.9948,0.097,551.6,-0.09721,-74.55768,0.0,0,-1.0,-1.0,-1.0,-1.0,-1.0,0.0,0.0,0.0,0.0
1791563195.93,2235386.1,70.3,79.0,6.5,0.0,175.0,0.0,89.97,90.4,0.0,78.03,0.0,1213.408959,100144.6,0.99,76.8,-598435.3,300820.8,0.9948,0.097,551.6,-0.09721,-74.55768,0.0,0,-1.0,-1.0,-1.0,-1.0,-1.0,0.0,0.0,0.0,0.0
1791563196.43,2235386.6,70.8,79.0,6.5,0.0,175.0,0.0,89.96,90.4,0.0,78.02,0.0,1213.408959,100144.6,0.99,76.8,-598435.3,300820.8,0.9948,0.097,551.6,-0.09721,-74.55768,0.0,0,-1.0,-1.0,-1.0,-1.0,-1.0,0.0,0.0,0.0,0.0
1791563196.93,2235387.1,71.3,79.0,6.5,0.0,175.0,0.0,89.96,90.4,0.0,78.01,0.0,1213.408959,100144.6,0.99,76.8,-598435.3,300820.8,0.9948,0.097,551.6,-0.09721,-74.55768,0.0,0,-1.0,-1.0,-1.0,-1.0,-1.0,0.0,0.0,0.0,0.0
1791563197.43,2235387.6,71.8,79.0,6.5,0.0,175.0,0.0,89.96,90.4,0.0,78.01,0.0,1213.408959,100144.6,0.99,76.8,-598435.3,300820.8,0.9948,0.097,551.6,-0.09721,-74.55768,0.0,0,-1.0,-1.0,-1.0,-1.0,-1.0,0.0,0.0,0.0,0.0
1791563197.93,2235388.1,72.3,79.0,6.5,0.0,175.0,0.0,89.97,90.4,0.0,78.0,0.0,1213.408959,100144.6,0.99,76.8,-598435.3,300820.8,0.9948,0.097,551.6,-0.09721,-74.55768,0.0,0,-1.0,-1.0,-1.0,-1.0,-1.0,0.0,0.0,0.0,0.0
1791563198.44,2235388.6,72.8,79.0,6.5,0.0,175.0,0.0,89.96,90.4,0.0,77.99,0.0,1213.408959,100144.6,0.99,76.8,-598435.3,300820.8,0.9948,0.097,551.6,-0.09721,-74.55768,0.0,0,-1.0,-1.0,-1.0,-1.0,-1.0,0.0,0.0,0.0,0.0
1791563198.94,2235389.1,73.3,79.0,6.5,0.0,175.0,0.0,89.95,90.4,0.0,77.98,0.0,1213.408959,100144.6,0.99,76.8,-598435.3,300820.8,0.9948,0.097,551.6,-0.09721,-74.55768,0.0,0,-1.0,-1.0,-1.0,-1.0,-1.0,0.0,0.0,0.0,0.0
1791563199.44,2235389.6,73.8,79.0,6.5,0.0,175.0,0.0,89.96,90.4,0.0,77.97,0.0,1213.408959,100144.6,0.99,76.8,-598435.3,300820.8,0.9948,0.097,551.6,-0.09721,-74.55768,0.0,0,-1.0,-1.0,-1.0,-1.0,-1.0,0.0,0.0,0.0,0.0
1791563199.94,2235390.1,74.3,79.0,6.5,0.0,175.0,0.0,89.97,90.4,0.0,77.96,0.0,1213.408959,100144.6,0.99,76.8,-598435.3,300820.8,0.9948,0.097,551.6,-0.09721,-74.55768,0.0,0,-1.0,-1.0,-1.0,-1.0,-1.0,0.0,0.0,0.0,0.0
1791563200.44,2235390.6,74.8,79.0,6.5,0.0,175.0,0.0,89.97,90.4,0.0,77.96,0.0,1213.408959,100144.6,0.99,76.8,-598435.3,300820.8,0.9948,0.097,551.6,-0.09721,-74.55768,0.0,0,-1.0,-1.0,-1.0,-1.0,-1.0,0.0,0.0,0.0,0.0
1791563200.94,2235391.1,75.3,79.0,6.5,0.0,175.0,0.0,89.97,90.4,0.0,77.95,0.0,1213.408959,100144.6,0.99,76.8,-598435.3,300820.8,0.9948,0.097,551.6,-0.09721,-74.55768,0.0,0,-1.0,-1.0,-1.0,-1.0,-1.0,0.0,0.0,0.0,0.0
1791563201.45,2235391.6,75.8,79.0,6.5,0.0,175.0,0.0,89.96,90.4,0.0,77.94,0.0,1213.408959,100144.6,0.99,76.8,-598435.3,300820.8,0.9948,0.097,551.6,-0.09721,-74.55768,0.0,0,-1.0,-1.0,-1.0,-1.0,-1.0,0.0,0.0,0.0,0.0
1791563201.95,2235392.1,76.3,79.0,6.5,0.0,175.0,0.0,89.96,90.4,0.0,77.93,0.0,1213.408959,100144.6,0.99,76.8,-598435.3,300820.8,0.9948,0.097,551.6,-0.09721,-74.55768,0.0,0,-1.0,-1.0,-1.0,-1.0,-1.0,0.0,0.0,0.0,0.0
1791563202.45,2235392.6,76.8,79.0,6.5,0.0,175.0,0.0,89.95,90.4,0.0,77.92,0.0,1213.408959,100144.6,0.99,76.8,-598435.3,300820.8,0.9948,0.097,551.6,-0.09721,-74.55768,0.0,0,-1.0,-1.0,-1.0,-1.0,-1.0,0.0,0.0,0.0,0.0
1791563202.95,2235393.1,77.3,79.0,6.5,0.0,175.0,0.0,89.95,90.4,0.0,77.92,0.0,1213.408959,100144.6,0.99,76.8,-598435.3,300820.8,0.9948,0.097,551.6,-0.09721,-74.55768,0.0,0,-1.0,-1.0,-1.0,-1.0,-1.0,0.0,0.0,0.0,0.0
1791563203.45,2235393.6,77.8,79.0,6.5,0.0,175.0,0.0,89.96,90.4,0.0,77.91,0.0,1213.408959,100144.6,0.99,76.8,-598435.3,300820.8,0.9948,0.097,551.6,-0.09721,-74.55768,0.0,0,-1.0,-1.0,-1.0,-1.0,-1.0,0.0,0.0,0.0,0.0
1791563203.96,2235394.1,78.3,79.0,6.5,0.0,175.0,0.0,89.95,90.4,0.0,77.9,0.0,1213.408959,100144.6,0.99,76.8,-598435.3,300820.8,0.9948,0.097,551.6,-0.09721,-74.55768,0.0,0,-1.0,-1.0,-1.0,-1.0,-1.0,0.0,0.0,0.0,0.0
1791563204.46,2235394.6,78.8,79.0,6.5,0.0,175.0,0.0,89.97,90.4,0.0,77.89,0.0,1213.408959,100144.6,0.99,76.8,-598435.3,300820.8,0.9948,0.097,551.6,-0.09721,-74.55768,0.0,0,-1.0,-1.0,-1.0,-1.0,-1.0,0.0,0.0,0.0,0.0
1791563204.96,2235395.1,79.3,79.0,6.5,0.0,175.0,0.0,89.95,90.4,0.0,77.88,0.0,1213.408959,100144.6,0.99,76.8,-598435.3,300820.8,0.9948,0.097,551.6,-0.09721,-74.55768,0.0,0,-1.0,-1.0,-1.0,-1.0,-1.0,0.0,0.0,0.0,0.0
1791563205.46,2235395.6,79.8,79.0,6.5,0.0,175.0,0.0,89.96,90.4,0.0,77.87,0.0,1213.408959,100144.6,0.99,76.8,-598435.3,300820.8,0.9948,0.097,551.6,-0.09721,-74.55768,0.0,0,-1.0,-1.0,-1.0,-1.0,-1.0,0.0,0.0,0.0,0.0
1791563205.96,2235396.1,80.3,79.0,6.5,0.0,175.0,0.0,89.95,90.4,0.0,77.86,0.0,1213.408959,100144.6,0.99,76.8,-598435.3,300820.8,0.9948,0.097,551.6,-0.09721,-74.55768,0.0,0,-1.0,-1.0,-1.0,-1.0,-1.0,0.0,0.0,0.0,0.0
1791563206.47,2235396.6,80.8,79.0,6.5,0.0,175.0,0.0,89.96,90.4,0.0,77.86,0.0,1213.408959,100144.6,0.99,76.8,-598435.3,300820.8,0.9948,0.097,551.6,-0.09721,-74.55768,0.0,0,-1.0,-1.0,-1.0,-1.0,-1.0,0.0,0.0,0.0,0.0
1791563206.97,2235397.1,81.3,79.0,6.5,0.0,175.0,0.0,89.96,90.4,0.0,77.85,0.0,1213.408959,100144.6,0.99,76.8,-598435.3,300820.8,0.9948,0.097,551.6,-0.09721,-74.55768,0.0,0,-1.0,-1.0,-1.0,-1.0,-1.0,0.0,0.0,0.0,0.0
1791563207.47,2235397.6,81.8,79.0,6.5,0.0,175.0,0.0,89.96,90.4,0.0,77.84,0.0,1213.408959,100144.6,0.99,76.8,-598435.3,300820.8,0.9948,0.097,551.6,-0.09721,-74.55768,0.0,0,-1.0,-1.0,-1.0,-1.0,-1.0,0.0,0.0,0.0,0.0
1791563207.97,2235398.1,82.3,79.0,6.5,0.0,175.0,0.0,89.95,90.4,0.0,77.83,0.0,1213.408959,100144.6,0.99,76.8,-598435.3,300820.8,0.9948,0.097,551.6,-0.09721,-74.55768,0.0,0,-1.0,-1.0,-1.0,-1.0,-1.0,0.0,0.0,0.0,0.0
1791563208.47,2235398.6,82.8,79.0,6.5,0.0,175.0,0.0,89.96,90.4,0.0,77.82,0.0,1213.408959,100144.6,0.99,76.8,-598435.3,300820.8,0.9948,0.097,551.6,-0.09721,-74.55768,0.0,0,-1.0,-1.0,-1.0,-1.0,-1.0,0.0,0.0,0.0,0.0
1791563208.97,2235399.0,83.3,79.0,6.5,0.0,175.0,0.0,89.95,90.4,0.0,77.82,0.0,1213.408959,100144.6,0.99,76.8,-598435.3,300820.8,0.9948,0.097,551.6,-0.09721,-74.55768,0.0,0,-1.0,-1.0,-1.0,-1.0,-1.0,0.0,0.0,0.0,0.0
1791563209.48,2235399.5,83.8,79.0,6.5,0.0,175.0,0.0,89.97,90.4,0.0,77.81,0.0,1213.408959,100144.6,0.99,76.8,-598435.3,300820.8,0.9948,0.097,551.6,-0.09721,-74.55768,0.0,0,-1.0,-1.0,-1.0,-1.0,-1.0,0.0,0.0,0.0,0.0
1791563209.98,2235400.0,84.3,79.0,6.5,0.0,175.0,0.0,89.96,90.4,0.0,77.8,0.0,1213.408959,100144.6,0.99,76.8,-598435.3,300820.8,0.9948,0.097,551.6,-0.09721,-74.55768,0.0,0,-1.0,-1.0,-1.0,-1.0,-1.0,0.0,0.0,0.0,0.0
1791563210.48,2235400.5,84.8,79.0,6.5,0.0,175.0,0.0,89.96,90.4,0.0,77.79,0.0,1213.408959,100144.6,0.99,76.8,-598435.3,300820.8,0.9948,0.097,551.6,-0.09721,-74.55768,0.0,0,-1.0,-1.0,-1.0,-1.0,-1.0,0.0,0.0,0.0,0.0
1791563210.99,2235401.0,85.3,79.0,6.5,0.0,175.0,0.0,89.97,90.4,0.0,77.78,0.0,1213.408959,100144.6,0.99,76.8,-598435.3,300820.8,0.9948,0.097,551.6,-0.09721,-74.55768,0.0,0,-1.0,-1.0,-1.0,-1.0,-1.0,0.0,0.0,0.0,0.0
1791563211.49,2235401.5,85.8,79.0,6.5,0.0,175.0,0.0,89.95,90.4,0.0,77.77,0.0,1213.408959,100144.6,0.99,76.8,-598435.3,300820.8,0.9948,0.097,551.6,-0.09721,-74.55768,0.0,0,-1.0,-1.0,-1.0,-1.0,-1.0,0.0,0.0,0.0,0.0
1791563212.0,2235402.0,86.3,79.0,6.5,0.0,175.0,0.0,89.97,90.4,0.0,77.77,0.0,1213.408959,100144.6,0.99,76.8,-598435.3,300820.8,0.9948,0.097,551.6,-0.09721,-74.55768,0.0,0,-1.0,-1.0,-1.0,-1.0,-1.0,0.0,0.0,0.0,0.0
1791563212.5,2235402.5,86.8,79.0,6.5,0.0,175.0,0.0,89.97,90.4,0.0,77.76,0.0,1213.408959,100144.6,0.99,76.8,-598435.3,300820.8,0.9948,0.097,551.6,-0.09721,-74.55768,0.0,0,-1.0,-1.0,-1.0,-1.0,-1.0,0.0,0.0,0.0,0.0
1791563213.0,2235403.0,87.3,79.0,6.5,0.0,175.0,0.0,89.95,90.4,0.0,77.75,0.0,1213.408959,100144.6,0.99,76.8,-598435.3,300820.8,0.9948,0.097,551.6,-0.09721,-74.55768,0.0,0,-1.0,-1.0,-1.0,-1.0,-1.0,0.0,0.0,0.0,0.0
1791563213.5,2235403.5,87.8,79.0,6.5,0.0,175.0,0.0,89.95,90.4,0.0,77.74,0.0,1213.408959,100144.6,0.99,76.8,-598435.3,300820.8,0.9948,0.097,551.6,-0.09721,-74.55768,0.0,0,-1.0,-1.0,-1.0,-1.0,-1.0,0.0,0.0,0.0,0.0
1791563214.01,2235404.0,88.3,79.0,6.5,0.0,175.0,0.0,89.96,90.4,0.0,77.73,0.0,1213.408959,100144.6,0.99,76.8,-598435.3,300820.8,0.9948,0.097,551.6,-0.09721,-74.55768,0.0,0,-1.0,-1.0,-1.0,-1.0,-1.0,0.0,0.0,0.0,0.0
1791563214.51,2235404.5,88.9,79.0,6.5,0.0,175.0,0.0,89.97,90.4,0.0,77.72,0.0,1213.408959,100144.6,0.99,76.8,-598435.3,300820.8,0.9948,0.097,551.6,-0.09721,-74.55768,0.0,0,-1.0,-1.0,-1.0,-1.0,-1.0,0.0,0.0,0.0,0.0
1791563215.01,2235405.0,89.4,79.0,6.5,0.0,175.0,0.0,89.96,90.4,0.0,77.72,0.0,1213.408959,100144.6,0.99,76.8,-598435.3,300820.8,0.9948,0.097,551.6,-0.09721,-74.55768,0.0,0,-1.0,-1.0,-1.0,-1.0,-1.0,0.0,0.0,0.0,0.0
1791563215.51,2235405.5,89.9,79.0,6.5,0.0,175.0,0.0,89.95,90.4,0.0,77.71,0.0,1213.408959,100144.6,0.99,76.8,-598435.3,300820.8,0.9948,0.097,551.6,-0.09721,-74.55768,0.0,0,-1.0,-1.0,-1.0,-1.0,-1.0,0.0,0.0,0.0,0.0
1791563216.01,2235406.0,90.4,79.0,6.5,0.0,175.0,0.0,89.95,90.4,0.0,77.7,0.0,1213.408959,100144.6,0.99,76.8,-598435.3,300820.8,0.9948,0.097,551.6,-0.09721,-74.55768,0.0,0,-1.0,-1.0,-1.0,-1.0,-1.0,0.0,0.0,0.0,0.0
1791563216.52,2235406.5,90.9,79.0,6.5,0.0,175.0,0.0,89.97,90.4,0.0,77.69,0.0,1213.408959,100144.6,0.99,76.8,-598435.3,300820.8,0.9948,0.097,551.6,-0.09721,-74.55768,0.0,0,-1.0,-1.0,-1.0,-1.0,-1.0,0.0,0.0,0.0,0.0
1791563217.02,2235407.0,91.4,79.0,6.5,0.0,175.0,0.0,89.95,90.4,0.0,77.68,0.0,1213.408959,100144.6,0.99,76.8,-598435.3,300820.8,0.9948,0.097,551.6,-0.09721,-74.55768,0.0,0,-1.0,-1.0,-1.0,-1.0,-1.0,0.0,0.0,0.0,0.0
1791563217.52,2235407.4,91.9,79.0,6.5,0.0,175.0,0.0,89.95,90.4,0.0,77.68,0.0,1213.408959,100144.6,0.99,76.8,-598435.3,300820.8,0.9948,0.097,551.6,-0.09721,-74.55768,0.0,0,-1.0,-1.0,-1.0,-1.0,-1.0,0.0,0.0,0.0,0.0
1791563218.02,2235407.9,92.4,79.0,6.5,0.0,175.0,0.0,89.95,90.4,0.0,77.67,0.0,1213.408959,100144.6,0.99,76.8,-598435.3,300820.8,0.9948,0.097,551.6,-0.09721,-74.55768,0.0,0,-1.0,-1.0,-1.0,-1.0,-1.0,0.0,0.0,0.0,0.0
1791563218.52,2235408.4,92.9,79.0,6.5,0.0,175.0,0.0,89.95,90.4,0.0,77.66,0.0,1213.408959,100144.6,0.99,76.8,-598435.3,300820.8,0.9948,0.097,551.6,-0.09721,-74.55768,0.0,0,-1.0,-1.0,-1.0,-1.0,-1.0,0.0,0.0,0.0,0.0
1791563219.03,2235408.9,93.4,79.0,6.5,0.0,175.0,0.0,89.96,90.4,0.0,77.65,0.0,1213.408959,100144.6,0.99,76.8,-598435.3,300820.8,0.9948,0.097,551.6,-0.09721,-74.55768,0.0,0,-1.0,-1.0,-1.0,-1.0,-1.0,0.0,0.0,0.0,0.0
1791563219.53,2235409.4,93.9,79.0,6.5,0.0,175.0,0.0,89.95,90.4,0.0,77.64,0.0,1213.408959,100144.6,0.99,76.8,-598435.3,300820.8,0.9948,0.097,551.6,-0.09721,-74.55768,0.0,0,-1.0,-1.0,-1.0,-1.0,-1.0,0.0,0.0,0.0,0.0
1791563220.03,2235409.9,94.4,79.0,6.5,0.0,175.0,0.0,89.95,90.4,0.0,77.63,0.0,1213.408959,100144.6,0.99,76.8,-598435.3,300820.8,0.9948,0.097,551.6,-0.09721,-74.55768,0.0,0,-1.0,-1.0,-1.0,-1.0,-1.0,0.0,0.0,0.0,0.0
1791563220.53,2235410.4,94.9,79.0,6.5,0.0,175.0,0.0,89.95,90.4,0.0,77.63,0.0,1213.408959,100144.6,0.99,76.8,-598435.3,300820.8,0.9948,0.097,551.6,-0.09721,-74.55768,0.0,0,-1.0,-1.0,-1.0,-1.0,-1.0,0.0,0.0,0.0,0.0
1791563221.03,2235410.9,95.4,79.0,6.5,0.0,175.0,0.0,89.95,90.4,0.0,77.62,0.0,1213.408959,100144.6,0.99,76.8,-598435.3,300820.8,0.9948,0.097,551.6,-0.09721,-74.55768,0.0,0,-1.0,-1.0,-1.0,-1.0,-1.0,0.0,0.0,0.0,0.0
1791563221.53,2235411.4,95.9,79.0,6.5,0.0,175.0,0.0,89.96,90.4,0.0,77.61,0.0,1213.408959,100144.6,0.99,76.8,-598435.3,300820.8,0.9948,0.097,551.6,-0.09721,-74.55768,0.0,0,-1.0,-1.0,-1.0,-1.0,-1.0,0.0,0.0,0.0,0.0
1791563222.04,2235411.9,96.4,79.0,6.5,0.0,175.0,0.0,89.97,90.4,0.0,77.6,0.0,1213.408959,100144.6,0.99,76.8,-598435.3,300820.8,0.9948,0.097,551.6,-0.09721,-74.55768,0.0,0,-1.0,-1.0,-1.0,-1.0,-1.0,0.0,0.0,0.0,0.0
1791563222.54,2235412.4,96.9,79.0,6.5,0.0,175.0,0.0,89.96,90.4,0.0,77.59,0.0,1213.408959,100144.6,0.99,76.8,-598435.3,300820.8,0.9948,0.097,551.6,-0.09721,-74.55768,0.0,0,-1.0,-1.0,-1.0,-1.0,-1.0,0.0,0.0,0.0,0.0
1791563223.04,2235412.9,97.4,79.0,6.5,0.0,175.0,0.0,89.97,90.4,0.0,77.59,0.0,1213.408959,100144.6,0.99,76.8,-598435.3,300820.8,0.9948,0.097,551.6,-0.09721,-74.55768,0.0,0,-1.0,-1.0,-1.0,-1.0,-1.0,0.0,0.0,0.0,0.0
1791563223.54,2235413.4,97.9,79.0,6.5,0.0,175.0,0.0,89.97,90.4,0.0,77.58,0.0,1213.408959,100144.6,0.99,76.8,-598435.3,300820.8,0.9948,0.097,551.6,-0.09721,-74.55768,0.0,0,-1.0,-1.0,-1.0,-1.0,-1.0,0.0,0.0,0.0,0.0
1791563224.05,2235413.9,98.4,79.0,6.5,0.0,175.0,0.0,89.96,90.4,0.0,77.57,0.0,1213.408959,100144.6,0.99,76.8,-598435.3,300820.8,0.9948,0.097,551.6,-0.09721,-74.55768,0.0,0,-1.0,-1.0,-1.0,-1.0,-1.0,0.0,0.0,0.0,0.0
1791563224.55,2235414.4,98.9,79.0,6.5,0.0,175.0,0.0,89.97,90.4,0.0,77.56,0.0,1213.408959,100144.6,0.99,76.8,-598435.3,300820.8,0.9948,0.097,551.6,-0.09721,-74.55768,0.0,0,-1.0,-1.0,-1.0,-1.0,-1.0,0.0,0.0,0.0,0.0
1791563225.05,2235414.9,99.4,79.0,6.5,0.0,175.0,0.0,89.95,90.4,0.0,77.55,0.0,1213.408959,100144.6,0.99,76.8,-598435.3,300820.8,0.9948,0.097,551.6,-0.09721,-74.55768,0.0,0,-1.0,-1.0,-1.0,-1.0,-1.0,0.0,0.0,0.0,0.0
1791563225.55,2235415.4,99.9,79.0,6.5,0.0,175.0,0.0,89.95,90.4,0.0,77.54,0.0,1213.408959,100144.6,0.99,76.8,-598435.3,300820.8,0.9948,0.097,551.6,-0.09721,-74.55768,0.0,0,-1.0,-1.0,-1.0,-1.0,-1.0,0.0,0.0,0.0,0.0
1791563226.05,2235415.9,100.4,79.0,6.5,0.0,175.0,0.0,89.97,90.4,0.0,77.54,0.0,1213.408959,100144.6,0.99,76.8,-598435.3,300820.8,0.9948,0.097,551.6,-0.09721,-74.55768,0.0,0,-1.0,-1.0,-1.0,-1.0,-1.0,0.0,0.0,0.0,0.0
1791563226.55,2235416.4,100.9,79.0,6.5,0.0,175.0,0.0,89.95,90.4,0.0,77.53,0.0,1213.408959,100144.6,0.99,76.8,-598435.3,300820.8,0.9948,0.097,551.6,-0.09721,-74.55768,0.0,0,-1.0,-1.0,-1.0,-1.0,-1.0,0.0,0.0,0.0,0.0
1791563227.05,2235416.9,101.4,79.0,6.5,0.0,175.0,0.0,89.95,90.4,0.0,77.52,0.0,1213.408959,100144.6,0.99,76.8,-598435.3,300820.8,0.9948,0.097,551.6,-0.09721,-74.55768,0.0,0,-1.0,-1.0,-1.0,-1.0,-1.0,0.0,0.0,0.0,0.0
1791563227.56,2235417.4,101.9,79.0,6.5,0.0,175.0,0.0,89.96,90.4,0.0,77.51,0.0,1213.408959,100144.6,0.99,76.8,-598435.3,300820.8,0.9948,0.097,551.6,-0.09721,-74.55768,0.0,0,-1.0,-1.0,-1.0,-1.0,-1.0,0.0,0.0,0.0,0.0
1791563228.06,2235417.9,102.4,79.0,6.5,0.0,175.0,0.0,89.96,90.4,0.0,77.5,0.0,1213.408959,100144.6,0.99,76.8,-598435.3,300820.8,0.9948,0.097,551.6,-0.09721,-74.55768,0.0,0,-1.0,-1.0,-1.0,-1.0,-1.0,0.0,0.0,0.0,0.0
1791563228.56,2235418.4,102.9,79.0,6.5,0.0,175.0,0.0,89.97,90.4,0.0,77.49,0.0,1213.408959,100144.6,0.99,76.8,-598435.3,300820.8,0.9948,0.097,551.6,-0.09721,-74.55768,0.0,0,-1.0,-1.0,-1.0,-1.0,-1.0,0.0,0.0,0.0,0.0
1791563229.06,2235418.9,103.4,79.0,6.5,0.0,175.0,0.0,89.95,90.4,0.0,77.48,0.0,1213.408959,100144.6,0.99,76.8,-598435.3,300820.8,0.9948,0.097,551.6,-0.09721,-74.55768,0.0,0,-1.0,-1.0,-1.0,-1.0,-1.0,0.0,0.0,0.0,0.0
1791563229.56,2235419.4,103.9,79.0,6.5,0.0,175.0,0.0,89.97,90.4,0.0,77.48,0.0,1213.408959,100144.6,0.99,76.8,-598435.3,300820.8,0.9948,0.097,551.6,-0.09721,-74.55768,0.0,0,-1.0,-1.0,-1.0,-1.0,-1.0,0.0,0.0,0.0,0.0
1791563230.07,2235419.9,104.4,79.0,6.5,0.0,175.0,0.0,89.96,90.4,0.0,77.47,0.0,1213.408959,100144.6,0.99,76.8,-598435.3,300820.8,0.9948,0.097,551.6,-0.09721,-74.55768,0.0,0,-1.0,-1.0,-1.0,-1.0,-1.0,0.0,0.0,0.0,0.0
1791563230.57,2235420.4,104.9,79.0,6.5,0.0,175.0,0.0,89.96,90.4,0.0,77.46,0.0,1213.408959,100144.6,0.99,76.8,-598435.3,300820.8,0.9948,0.097,551.6,-0.09721,-74.55768,0.0,0,-1.0,-1.0,-1.0,-1.0,-1.0,0.0,0.0,0.0,0.0
1791563231.07,2235420.9,105.4,79.0,6.5,0.0,175.0,0.0,89.96,90.4,0.0,77.45,0.0,1213.408959,100144.6,0.99,76.8,-598435.3,300820.8,0.9948,0.097,551.6,-0.09721,-74.55768,0.0,0,-1.0,-1.0,-1.0,-1.0,-1.0,0.0,0.0,0.0,0.0
1791563231.57,2235421.4,105.9,79.0,6.5,0.0,175.0,0.0,89.95,90.4,0.0,77.44,0.0,1213.408959,100144.6,0.99,76.8,-598435.3,300820.8,0.9948,0.097,551.6,-0.09721,-74.55768,0.0,0,-1.0,-1.0,-1.0,-1.0,-1.0,0.0,0.0,0.0,0.0
1791563232.07,2235421.9,106.4,79.0,6.5,0.0,175.0,0.0,89.95,90.4,0.0,77.43,0.0,1213.408959,100144.6,0.99,76.8,-598435.3,300820.8,0.9948,0.097,551.6,-0.09721,-74.55768,0.0,0,-1.0,-1.0,-1.0,-1.0,-1.0,0.0,0.0,0.0,0.0
1791563232.58,2235422.4,106.9,79.0,6.5,0.0,175.0,0.0,89.97,90.4,0.0,77.43,0.0,1213.408959,100144.6,0.99,76.8,-598435.3,300820.8,0.9948,0.097,551.6,-0.09721,-74.55768,0.0,0,-1.0,-1.0,-1.0,-1.0,-1.0,0.0,0.0,0.0,0.0
1791563233.08,2235422.9,107.4,79.0,6.5,0.0,175.0,0.0,89.96,90.4,0.0,77.42,0.0,1213.408959,100144.6,0.99,76.8,-598435.3,300820.8,0.9948,0.097,551.6,-0.09721,-74.55768,0.0,0,-1.0,-1.0,-1.0,-1.0,-1.0,0.0,0.0,0.0,0.0
1791563233.58,2235423.4,107.9,79.0,6.5,0.0,175.0,0.0,89.95,90.4,0.0,77.41,0.0,1213.408959,100144.6,0.99,76.8,-598435.3,300820.8,0.9948,0.097,551.6,-0.09721,-74.55768,0.0,0,-1.0,-1.0,-1.0,-1.0,-1.0,0.0,0.0,0.0,0.0
1791563234.09,2235423.9,108.4,79.0,6.5,0.0,175.0,0.0,89.96,90.4,0.0,77.4,0.0,1213.408959,100144.6,0.99,76.8,-598435.3,300820.8,0.9948,0.097,551.6,-0.09721,-74.55768,0.0,0,-1.0,-1.0,-1.0,-1.0,-1.0,0.0,0.0,0.0,0.0
1791563234.59,2235424.4,108.9,79.0,6.5,0.0,175.0,0.0,89.97,90.4,0.0,77.39,0.0,1213.408959,100144.6,0.99,76.8,-598435.3,300820.8,0.9948,0.097,551.6,-0.09721,-74.55768,0.0,0,-1.0,-1.0,-1.0,-1.0,-1.0,0.0,0.0,0.0,0.0
1791563235.09,2235424.9,109.4,79.0,6.5,0.0,175.0,0.0,89.95,90.4,0.0,77.39,0.0,1213.408959,100144.6,0.99,76.8,-598435.3,300820.8,0.9948,0.097,551.6,-0.09721,-74.55768,0.0,0,-1.0,-1.0,-1.0,-1.0,-1.0,0.0,0.0,0.0,0.0
1791563235.6,2235425.4,109.9,79.0,6.5,0.0,175.0,0.0,89.96,90.4,0.0,77.38,0.0,1213.408959,100144.6,0.99,76.8,-598435.3,300820.8,0.9948,0.097,551.6,-0.09721,-74.55768,0.0,0,-1.0,-1.0,-1.0,-1.0,-1.0,0.0,0.0,0.0,0.0
1791563236.1,2235425.9,110.4,79.0,6.5,0.0,175.0,0.0,89.95,90.4,0.0,77.37,0.0,1213.408959,100144.6,0.99,76.8,-598435.3,300820.8,0.9948,0.097,551.6,-0.09721,-74.55768,0.0,0,-1.0,-1.0,-1.0,-1.0,-1.0,0.0,0.0,0.0,0.0
1791563236.6,2235426.4,110.9,79.0,6.5,0.0,175.0,0.0,89.97,90.4,0.0,77.36,0.0,1213.408959,100144.6,0.99,76.8,-598435.3,300820.8,0.9948,0.097,551.6,-0.09721,-74.55768,0.0,0,-1.0,-1.0,-1.0,-1.0,-1.0,0.0,0.0,0.0,0.0
1791563237.1,2235426.9,111.4,79.0,6.5,0.0,175.0,0.0,89.95,90.4,0.0,77.35,0.0,1213.408959,100144.6,0.99,76.8,-598435.3,300820.8,0.9948,0.097,551.6,-0.09721,-74.55768,0.0,0,-1.0,-1.0,-1.0,-1.0,-1.0,0.0,0.0,0.0,0.0
1791563237.6,2235427.3,111.9,79.0,6.5,0.0,175.0,0.0,89.96,90.4,0.0,77.34,0.0,1213.408959,100144.6,0.99,76.8,-598435.3,300820.8,0.9948,0.097,551.6,-0.09721,-74.55768,0.0,0,-1.0,-1.0,-1.0,-1.0,-1.0,0.0,0.0,0.0,0.0
1791563238.1,2235427.9,112.4,79.0,6.5,0.0,175.0,0.0,89.95,90.4,0.0,77.34,0.0,1213.408959,100144.6,0.99,76.8,-598435.3,300820.8,0.9948,0.097,551.6,-0.09721,-74.55768,0.0,0,-1.0,-1.0,-1.0,-1.0,-1.0,0.0,0.0,0.0,0.0
1791563238.61,2235428.4,113.0,79.0,6.5,0.0,175.0,0.0,89.96,90.4,0.0,77.33,0.0,1213.408959,100144.6,0.99,76.8,-598435.3,300820.8,0.9948,0.097,551.6,-0.09721,-74.55768,0.0,0,-1.0,-1.0,-1.0,-1.0,-1.0,0.0,0.0,0.0,0.0
1791563239.11,2235428.9,113.5,79.0,6.5,0.0,175.0,0.0,89.96,90.4,0.0,77.32,0.0,1213.408959,100144.6,0.99,76.8,-598435.3,300820.8,0.9948,0.097,551.6,-0.09721,-74.55768,0.0,0,-1.0,-1.0,-1.0,-1.0,-1.0,0.0,0.0,0.0,0.0
1791563239.61,2235429.4,114.0,79.0,6.5,0.0,175.0,0.0,89.96,90.4,0.0,77.31,0.0,1213.408959,100144.6,0.99,76.8,-598435.3,300820.8,0.9948,0.097,551.6,-0.09721,-74.55768,0.0,0,-1.0,-1.0,-1.0,-1.0,-1.0,0.0,0.0,0.0,0.0
1791563240.11,2235429.9,114.5,79.0,6.5,0.0,175.0,0.0,89.95,90.4,0.0,77.3,0.0,1213.408959,100144.6,0.99,76.8,-598435.3,300820.8,0.9948,0.097,551.6,-0.09721,-74.55768,0.0,0,-1.0,-1.0,-1.0,-1.0,-1.0,0.0,0.0,0.0,0.0
1791563240.62,2235430.4,115.0,79.0,6.5,0.0,175.0,0.0,89.97,90.4,0.0,77.29,0.0,1213.408959,100144.6,0.99,76.8,-598435.3,300820.8,0.9948,0.097,551.6,-0.09721,-74.55768,0.0,0,-1.0,-1.0,-1.0,-1.0,-1.0,0.0,0.0,0.0,0.0
1791563241.12,2235430.9,115.5,79.0,6.5,0.0,175.0,0.0,89.97,90.4,0.0,77.29,0.0,1213.408959,100144.6,0.99,76.8,-598435.3,300820.8,0.9948,0.097,551.6,-0.09721,-74.55768,0.0,0,-1.0,-1.0,-1.0,-1.0,-1.0,0.0,0.0,0.0,0.0
1791563241.62,2235431.4,116.0,79.0,6.5,0.0,175.0,0.0,89.95,90.4,0.0,77.28,0.0,1213.408959,100144.6,0.99,76.8,-598435.3,300820.8,0.9948,0.097,551.6,-0.09721,-74.55768,0.0,0,-1.0,-1.0,-1.0,-1.0,-1.0,0.0,0.0,0.0,0.0
1791563242.12,2235431.9,116.5,79.0,6.5,0.0,175.0,0.0,89.95,90.4,0.0,77.27,0.0,1213.408959,100144.6,0.99,76.8,-598435.3,300820.8,0.9948,0.097,551.6,-0.09721,-74.55768,0.0,0,-1.0,-1.0,-1.0,-1.0,-1.0,0.0,0.0,0.0,0.0
1791563242.62,2235432.4,117.0,79.0,6.5,0.0,175.0,0.0,89.96,90.4,0.0,77.26,0.0,1213.408959,100144.6,0.99,76.8,-598435.3,300820.8,0.9948,0.097,551.6,-0.09721,-74.55768,0.0,0,-1.0,-1.0,-1.0,-1.0,-1.0,0.0,0.0,0.0,0.0
1791563243.12,2235432.9,117.5,79.0,6.5,0.0,175.0,0.0,89.96,90.4,0.0,77.25,0.0,1213.408959,100144.6,0.99,76.8,-598435.3,300820.8,0.9948,0.097,551.6,-0.09721,-74.55768,0.0,0,-1.0,-1.0,-1.0,-1.0,-1.0,0.0,0.0,0.0,0.0
1791563243.63,2235433.4,118.0,79.0,6.5,0.0,175.0,0.0,89.97,90.4,0.0,77.24,0.0,1213.408959,100144.6,0.99,76.8,-598435.3,300820.8,0.9948,0.097,551.6,-0.09721,-74.55768,0.0,0,-1.0,-1.0,-1.0,-1.0,-1.0,0.0,0.0,0.0,0.0
1791563244.13,2235433.9,118.5,79.0,-1.0,0.0,175.0,0.0,89.96,90.4,0.0,77.24,0.0,1213.408959,100144.6,0.99,76.8,-598435.3,300820.8,0.9948,0.097,551.6,-0.09721,-74.55768,0.0,0,-1.0,-1.0,-1.0,-1.0,-1.0,0.0,0.0,0.0,0.0
1791563244.63,2235434.4,119.0,79.0,6.5,0.0,175.0,0.0,89.96,90.4,0.0,77.23,0.0,1213.408959,100144.6,0.99,76.8,-598435.3,300820.8,0.9948,0.097,551.6,-0.09721,-74.55768,0.0,0,-1.0,-1.0,-1.0,-1.0,-1.0,0.0,0.0,0.0,0.0
1791563245.13,2235434.9,119.5,79.0,6.5,0.0,175.0,0.0,89.96,90.4,0.0,77.22,0.0,1213.408959,100144.6,0.99,76.8,-598435.3,300820.8,0.9948,0.097,551.6,-0.09721,-74.55768,0.0,0,-1.0,-1.0,-1.0,-1.0,-1.0,0.0,0.0,0.0,0.0
1791563245.63,2235435.4,120.0,79.0,6.5,0.0,175.0,0.0,89.95,90.4,0.0,77.21,0.0,1213.408959,100144.6,0.99,76.8,-598435.3,300820.8,0.9948,0.097,551.6,-0.09721,-74.55768,0.0,0,-1.0,-1.0,-1.0,-1.0,-1.0,0.0,0.0,0.0,0.0
1791563246.14,2235435.9,120.5,79.0,6.5,0.0,175.0,0.0,89.97,90.4,0.0,77.2,0.0,1213.408959,100144.6,0.99,76.8,-598435.3,300820.8,0.9948,0.097,551.6,-0.09721,-74.55768,0.0,0,-1.0,-1.0,-1.0,-1.0,-1.0,0.0,0.0,0.0,0.0
1791563246.65,2235436.4,121.0,79.0,6.5,0.0,175.0,0.0,89.95,90.4,0.0,77.19,0.0,1213.408959,100144.6,0.99,76.8,-598435.3,300820.8,0.9948,0.097,551.6,-0.09721,-74.55768,0.0,0,-1.0,-1.0,-1.0,-1.0,-1.0,0.0,0.0,0.0,0.0
1791563247.15,2235436.9,121.5,79.0,6.5,0.0,175.0,0.0,89.96,90.4,0.0,77.19,0.0,1213.408959,100144.6,0.99,76.8,-598435.3,300820.8,0.9948,0.097,551.6,-0.09721,-74.55768,0.0,0,-1.0,-1.0,-1.0,-1.0,-1.0,0.0,0.0,0.0,0.0
1791563247.65,2235437.4,122.0,79.0,6.5,0.0,175.0,0.0,89.95,90.4,0.0,77.18,0.0,1213.408959,100144.6,0.99,76.8,-598435.3,300820.8,0.9948,0.097,551.6,-0.09721,-74.55768,0.0,0,-1.0,-1.0,-1.0,-1.0,-1.0,0.0,0.0,0.0,0.0
1791563248.15,2235437.9,122.5,79.0,6.5,0.0,175.0,0.0,89.96,90.4,0.0,77.17,0.0,1213.408959,100144.6,0.99,76.8,-598435.3,300820.8,0.9948,0.097,551.6,-0.09721,-74.55768,0.0,0,-1.0,-1.0,-1.0,-1.0,-1.0,0.0,0.0,0.0,0.0
1791563248.66,2235438.4,123.0,79.0,6.5,0.0,175.0,0.0,89.96,90.4,0.0,77.16,0.0,1213.408959,100144.6,0.99,76.8,-598435.3,300820.8,0.9948,0.097,551.6,-0.09721,-74.55768,0.0,0,-1.0,-1.0,-1.0,-1.0,-1.0,0.0,0.0,0.0,0.0
1791563249.16,2235438.9,123.5,79.0,6.5,0.0,175.0,0.0,89.97,90.4,0.0,77.15,0.0,1213.408959,100144.6,0.99,76.8,-598435.3,300820.8,0.9948,0.097,551.6,-0.09721,-74.55768,0.0,0,-1.0,-1.0,-1.0,-1.0,-1.0,0.0,0.0,0.0,0.0
1791563249.66,2235439.4,124.0,79.0,6.5,0.0,175.0,0.0,89.96,90.4,0.0,77.14,0.0,1213.408959,100144.6,0.99,76.8,-598435.3,300820.8,0.9948,0.097,551.6,-0.09721,-74.55768,0.0,0,-1.0,-1.0,-1.0,-1.0,-1.0,0.0,0.0,0.0,0.0
1791563250.17,2235439.9,124.5,79.0,6.5,0.0,175.0,0.0,89.96,90.4,0.0,77.14,0.0,1213.408959,100144.6,0.99,76.8,-598435.3,300820.8,0.9948,0.097,551.6,-0.09721,-74.55768,0.0,0,-1.0,-1.0,-1.0,-1.0,-1.0,0.0,0.0,0.0,0.0
1791563250.67,2235440.4,125.0,79.0,6.5,0.0,175.0,0.0,89.95,90.4,0.0,77.13,0.0,1213.408959,100144.6,0.99,76.8,-598435.3,300820.8,0.9948,0.097,551.6,-0.09721,-74.55768,0.0,0,-1.0,-1.0,-1.0,-1.0,-1.0,0.0,0.0,0.0,0.0
1791563251.17,2235440.9,125.5,79.0,6.5,0.0,175.0,0.0,89.95,90.4,0.0,77.12,0.0,1213.408959,100144.6,0.99,76.8,-598435.3,300820.8,0.9948,0.097,551.6,-0.09721,-74.55768,0.0,0,-1.0,-1.0,-1.0,-1.0,-1.0,0.0,0.0,0.0,0.0
1791563251.67,2235441.4,126.0,79.0,6.5,0.0,175.0,0.0,89.97,90.4,0.0,77.11,0.0,1213.408959,100144.6,0.99,76.8,-598435.3,300820.8,0.9948,0.097,551.6,-0.09721,-74.55768,0.0,0,-1.0,-1.0,-1.0,-1.0,-1.0,0.0,0.0,0.0,0.0
1791563252.17,2235441.9,126.5,79.0,6.5,0.0,175.0,0.0,89.96,90.4,0.0,77.1,0.0,1213.408959,100144.6,0.99,76.8,-598435.3,300820.8,0.9948,0.097,551.6,-0.09721,-74.55768,0.0,0,-1.0,-1.0,-1.0,-1.0,-1.0,0.0,0.0,0.0,0.0
1791563252.67,2235442.4,127.0,79.0,6.5,0.0,175.0,0.0,89.95,90.4,0.0,77.09,0.0,1213.408959,100144.6,0.99,76.8,-598435.3,300820.8,0.9948,0.097,551.6,-0.09721,-74.55768,0.0,0,-1.0,-1.0,-1.0,-1.0,-1.0,0.0,0.0,0.0,0.0
1791563253.17,2235442.9,127.5,79.0,6.5,0.0,175.0,0.0,89.95,90.4,0.0,77.09,0.0,1213.408959,100144.6,0.99,76.8,-598435.3,300820.8,0.9948,0.097,551.6,-0.09721,-74.55768,0.0,0,-1.0,-1.0,-1.0,-1.0,-1.0,0.0,0.0,0.0,0.0
1791563253.68,2235443.4,128.0,79.0,6.5,0.0,175.0,0.0,89.96,90.4,0.0,77.08,0.0,1213.408959,100144.6,0.99,76.8,-598435.3,300820.8,0.9948,0.097,551.6,-0.09721,-74.55768,0.0,0,-1.0,-1.0,-1.0,-1.0,-1.0,0.0,0.0,0.0,0.0
1791563254.18,2235443.9,128.5,79.0,6.5,0.0,175.0,0.0,89.97,90.4,0.0,77.07,0.0,1213.408959,100144.6,0.99,76.8,-598435.3,300820.8,0.9948,0.097,551.6,-0.09721,-74.55768,0.0,0,-1.0,-1.0,-1.0,-1.0,-1.0,0.0,0.0,0.0,0.0
1791563254.68,2235444.4,129.0,79.0,6.5,0.0,175.0,0.0,89.95,90.4,0.0,77.06,0.0,1213.408959,100144.6,0.99,76.8,-598435.3,300820.8,0.9948,0.097,551.6,-0.09721,-74.55768,0.0,0,-1.0,-1.0,-1.0,-1.0,-1.0,0.0,0.0,0.0,0.0
1791563255.18,2235444.9,129.5,79.0,6.5,0.0,175.0,0.0,89.95,90.4,0.0,77.05,0.0,1213.408959,100144.6,0.99,76.8,-598435.3,300820.8,0.9948,0.097,551.6,-0.09721,-74.55768,0.0,0,-1.0,-1.0,-1.0,-1.0,-1.0,0.0,0.0,0.0,0.0
1791563255.69,2235445.4,130.0,79.0,6.5,0.0,175.0,0.0,89.97,90.4,0.0,77.04,0.0,1213.408959,100144.6,0.99,76.8,-598435.3,300820.8,0.9948,0.097,551.6,-0.09721,-74.55768,0.0,0,-1.0,-1.0,-1.0,-1.0,-1.0,0.0,0.0,0.0,0.0
1791563256.19,2235445.9,130.5,79.0,6.5,0.0,175.0,0.0,89.95,90.4,0.0,77.04,0.0,1213.408959,100144.6,0.99,76.8,-598435.3,300820.8,0.9948,0.097,551.6,-0.09721,-74.55768,0.0,0,-1.0,-1.0,-1.0,-1.0,-1.0,0.0,0.0,0.0,0.0
1791563256.69,2235446.4,131.0,79.0,6.5,0.0,175.0,0.0,89.97,90.4,0.0,77.03,0.0,1213.408959,100144.6,0.99,76.8,-598435.3,300820.8,0.9948,0.097,551.6,-0.09721,-74.55768,0.0,0,-1.0,-1.0,-1.0,-1.0,-1.0,0.0,0.0,0.0,0.0
1791563257.2,2235446.9,131.5,79.0,6.5,0.0,175.0,0.0,89.95,90.4,0.0,77.02,0.0,1213.408959,100144.6,0.99,76.8,-598435.3,300820.8,0.9948,0.097,551.6,-0.09721,-74.55768,0.0,0,-1.0,-1.0,-1.0,-1.0,-1.0,0.0,0.0,0.0,0.0
1791563257.7,2235447.4,132.0,79.0,6.5,0.0,175.0,0.0,89.97,90.4,0.0,77.01,0.0,1213.408959,100144.6,0.99,76.8,-598435.3,300820.8,0.9948,0.097,551.6,-0.09721,-74.55768,0.0,0,-1.0,-1.0,-1.0,-1.0,-1.0,0.0,0.0,0.0,0.0
1791563258.2,2235447.9,132.5,79.0,6.5,0.0,175.0,0.0,89.96,90.4,0.0,77.0,0.0,1213.408959,100144.6,0.99,76.8,-598435.3,300820.8,0.9948,0.097,551.6,-0.09721,-74.55768,0.0,0,-1.0,-1.0,-1.0,-1.0,-1.0,0.0,0.0,0.0,0.0
1791563258.7,2235448.4,133.0,79.0,6.5,0.0,175.0,0.0,89.95,90.4,0.0,76.99,0.0,1213.408959,100144.6,0.99,76.8,-598435.3,300820.8,0.9948,0.097,551.6,-0.09721,-74.55768,0.0,0,-1.0,-1.0,-1.0,-1.0,-1.0,0.0,0.0,0.0,0.0
1791563259.21,2235448.9,133.5,79.0,6.5,0.0,175.0,0.0,89.97,90.4,0.0,76.99,0.0,1213.408959,100144.6,0.99,76.8,-598435.3,300820.8,0.9948,0.097,551.6,-0.09721,-74.55768,0.0,0,-1.0,-1.0,-1.0,-1.0,-1.0,0.0,0.0,0.0,0.0
1791563259.71,2235449.4,134.1,79.0,6.5,0.0,175.0,0.0,89.96,90.4,0.0,76.98,0.0,1213.408959,100144.6,0.99,76.8,-598435.3,300820.8,0.9948,0.097,551.6,-0.09721,-74.55768,0.0,0,-1.0,-1.0,-1.0,-1.0,-1.0,0.0,0.0,0.0,0.0
1791563260.21,2235449.9,134.6,79.0,6.5,0.0,175.0,0.0,89.96,90.4,0.0,76.97,0.0,1213.408959,100144.6,0.99,76.8,-598435.3,300820.8,0.9948,0.097,551.6,-0.09721,-74.55768,0.0,0,-1.0,-1.0,-1.0,-1.0,-1.0,0.0,0.0,0.0,0.0
1791563260.71,2235450.4,135.1,79.0,6.5,0.0,175.0,0.0,89.95,90.4,0.0,76.96,0.0,1213.408959,100144.6,0.99,76.8,-598435.3,300820.8,0.9948,0.097,551.6,-0.09721,-74.55768,0.0,0,-1.0,-1.0,-1.0,-1.0,-1.0,0.0,0.0,0.0,0.0
1791563261.21,2235450.9,135.6,79.0,6.5,0.0,175.0,0.0,89.96,90.4,0.0,76.95,0.0,1213.408959,100144.6,0.99,76.8,-598435.3,300820.8,0.9948,0.097,551.6,-0.09721,-74.55768,0.0,0,-1.0,-1.0,-1.0,-1.0,-1.0,0.0,0.0,0.0,0.0
1791563261.72,2235451.4,136.1,79.0,6.5,0.0,175.0,0.0,89.97,90.4,0.0,76.94,0.0,1213.408959,100144.6,0.99,76.8,-598435.3,300820.8,0.9948,0.097,551.6,-0.09721,-74.55768,0.0,0,-1.0,-1.0,-1.0,-1.0,-1.0,0.0,0.0,0.0,0.0
1791563262.22,2235451.9,136.6,79.0,6.5,0.0,175.0,0.0,89.95,90.4,0.0,76.94,0.0,1213.408959,100144.6,0.99,76.8,-598435.3,300820.8,0.9948,0.097,551.6,-0.09721,-74.55768,0.0,0,-1.0,-1.0,-1.0,-1.0,-1.0,0.0,0.0,0.0,0.0
1791563262.72,2235452.4,137.1,79.0,6.5,0.0,175.0,0.0,89.97,90.4,0.0,76.93,0.0,1213.408959,100144.6,0.99,76.8,-598435.3,300820.8,0.9948,0.097,551.6,-0.09721,-74.55768,0.0,0,-1.0,-1.0,-1.0,-1.0,-1.0,0.0,0.0,0.0,0.0
1791563263.22,2235452.9,137.6,79.0,6.5,0.0,175.0,0.0,89.96,90.4,0.0,76.92,0.0,1213.408959,100144.6,0.99,76.8,-598435.3,300820.8,0.9948,0.097,551.6,-0.09721,-74.55768,0.0,0,-1.0,-1.0,-1.0,-1.0,-1.0,0.0,0.0,0.0,0.0
1791563263.72,2235453.4,138.1,79.0,6.5,0.0,175.0,0.0,89.96,90.4,0.0,76.91,0.0,1213.408959,100144.6,0.99,76.8,-598435.3,300820.8,0.9948,0.097,551.6,-0.09721,-74.55768,0.0,0,-1.0,-1.0,-1.0,-1.0,-1.0,0.0,0.0,0.0,0.0
1791563264.22,2235453.9,138.6,79.0,6.5,0.0,175.0,0.0,89.95,90.4,0.0,76.9,0.0,1213.408959,100144.6,0.99,76.8,-598435.3,300820.8,0.9948,0.097,551.6,-0.09721,-74.55768,0.0,0,-1.0,-1.0,-1.0,-1.0,-1.0,0.0,0.0,0.0,0.0
1791563264.73,2235454.4,139.1,79.0,6.5,0.0,175.0,0.0,89.95,90.4,0.0,76.89,0.0,1213.408959,100144.6,0.99,76.8,-598435.3,300820.8,0.9948,0.097,551.6,-0.09721,-74.55768,0.0,0,-1.0,-1.0,-1.0,-1.0,-1.0,0.0,0.0,0.0,0.0
1791563265.23,2235454.9,139.6,79.0,6.5,0.0,175.0,0.0,89.95,90.4,0.0,76.89,0.0,1213.408959,100144.6,0.99,76.8,-598435.3,300820.8,0.9948,0.097,551.6,-0.09721,-74.55768,0.0,0,-1.0,-1.0,-1.0,-1.0,-1.0,0.0,0.0,0.0,0.0
1791563265.73,2235455.4,140.1,79.0,6.5,0.0,175.0,0.0,89.95,90.4,0.0,76.88,0.0,1213.408959,100144.6,0.99,76.8,-598435.3,300820.8,0.9948,0.097,551.6,-0.09721,-74.55768,0.0,0,-1.0,-1.0,-1.0,-1.0,-1.0,0.0,0.0,0.0,0.0
1791563266.23,2235455.9,140.6,79.0,6.5,0.0,175.0,0.0,89.97,90.4,0.0,76.87,0.0,1213.408959,100144.6,0.99,76.8,-598435.3,300820.8,0.9948,0.097,551.6,-0.09721,-74.55768,0.0,0,-1.0,-1.0,-1.0,-1.0,-1.0,0.0,0.0,0.0,0.0
1791563266.74,2235456.4,141.1,79.0,6.5,0.0,175.0,0.0,89.96,90.4,0.0,76.86,0.0,1213.408959,100144.6,0.99,76.8,-598435.3,300820.8,0.9948,0.097,551.6,-0.09721,-74.55768,0.0,0,-1.0,-1.0,-1.0,-1.0,-1.0,0.0,0.0,0.0,0.0
1791563267.24,2235456.9,141.6,79.0,6.5,0.0,175.0,0.0,89.95,90.4,0.0,76.85,0.0,1213.408959,100144.6,0.99,76.8,-598435.3,300820.8,0.9948,0.097,551.6,-0.09721,-74.55768,0.0,0,-1.0,-1.0,-1.0,-1.0,-1.0,0.0,0.0,0.0,0.0
1791563267.74,2235457.4,142.1,79.0,6.5,0.0,175.0,0.0,89.97,90.4,0.0,76.84,0.0,1213.408959,100144.6,0.99,76.8,-598435.3,300820.8,0.9948,0.097,551.6,-0.09721,-74.55768,0.0,0,-1.0,-1.0,-1.0,-1.0,-1.0,0.0,0.0,0.0,0.0
1791563268.24,2235457.9,142.6,79.0,6.5,0.0,175.0,0.0,89.96,90.4,0.0,76.83,0.0,1213.408959,100144.6,0.99,76.8,-598435.3,300820.8,0.9948,0.097,551.6,-0.09721,-74.55768,0.0,0,-1.0,-1.0,-1.0,-1.0,-1.0,0.0,0.0,0.0,0.0
1791563268.75,2235458.4,143.1,79.0,6.5,0.0,175.0,0.0,89.96,90.4,0.0,76.83,0.0,1213.408959,100144.6,0.99,76.8,-598435.3,300820.8,0.9948,0.097,551.6,-0.09721,-74.55768,0.0,0,-1.0,-1.0,-1.0,-1.0,-1.0,0.0,0.0,0.0,0.0
1791563269.25,2235458.9,143.6,79.0,6.5,0.0,175.0,0.0,89.96,90.4,0.0,76.82,0.0,1213.408959,100144.6,0.99,76.8,-598435.3,300820.8,0.9948,0.097,551.6,-0.09721,-74.55768,0.0,0,-1.0,-1.0,-1.0,-1.0,-1.0,0.0,0.0,0.0,0.0
1791563269.75,2235459.4,144.1,79.0,6.5,0.0,175.0,0.0,89.96,90.4,0.0,76.81,0.0,1213.408959,100144.6,0.99,76.8,-598435.3,300820.8,0.9948,0.097,551.6,-0.09721,-74.55768,0.0,0,-1.0,-1.0,-1.0,-1.0,-1.0,0.0,0.0,0.0,0.0
1791563270.25,2235459.9,144.6,79.0,6.5,0.0,175.0,0.0,89.96,90.4,0.0,76.8,0.0,1213.408959,100144.6,0.99,76.8,-598435.3,300820.8,0.9948,0.097,551.6,-0.09721,-74.55768,0.0,0,-1.0,-1.0,-1.0,-1.0,-1.0,0.0,0.0,0.0,0.0
1791563270.76,2235460.4,145.1,79.0,6.5,0.0,175.0,0.0,89.95,90.4,0.0,76.79,0.0,1213.408959,100144.6,0.99,76.8,-598435.3,300820.8,0.9948,0.097,551.6,-0.09721,-74.55768,0.0,0,-1.0,-1.0,-1.0,-1.0,-1.0,0.0,0.0,0.0,0.0
1791563271.26,2235460.9,145.6,79.0,6.5,0.0,175.0,0.0,89.95,90.4,0.0,76.79,0.0,1213.408959,100144.6,0.99,76.8,-598435.3,300820.8,0.9948,0.097,551.6,-0.09721,-74.55768,0.0,0,-1.0,-1.0,-1.0,-1.0,-1.0,0.0,0.0,0.0,0.0
1791563271.76,2235461.4,146.1,79.0,6.5,0.0,175.0,0.0,89.97,90.4,0.0,76.78,0.0,1213.408959,100144.6,0.99,76.8,-598435.3,300820.8,0.9948,0.097,551.6,-0.09721,-74.55768,0.0,0,-1.0,-1.0,-1.0,-1.0,-1.0,0.0,0.0,0.0,0.0
1791563272.26,2235461.9,146.6,79.0,6.5,0.0,175.0,0.0,89.97,90.4,0.0,76.77,0.0,1213.408959,100144.6,0.99,76.8,-598435.3,300820.8,0.9948,0.097,551.6,-0.09721,-74.55768,0.0,0,-1.0,-1.0,-1.0,-1.0,-1.0,0.0,0.0,0.0,0.0
1791563272.76,2235462.4,147.1,79.0,6.5,0.0,175.0,0.0,89.96,90.4,0.0,76.76,0.0,1213.408959,100144.6,0.99,76.8,-598435.3,300820.8,0.9948,0.097,551.6,-0.09721,-74.55768,0.0,0,-1.0,-1.0,-1.0,-1.0,-1.0,0.0,0.0,0.0,0.0
1791563273.26,2235462.9,147.6,79.0,6.5,0.0,175.0,0.0,89.95,90.4,0.0,76.75,0.0,1213.408959,100144.6,0.99,76.8,-598435.3,300820.8,0.9948,0.097,551.6,-0.09721,-74.55768,0.0,0,-1.0,-1.0,-1.0,-1.0,-1.0,0.0,0.0,0.0,0.0
1791563273.77,2235463.4,148.1,79.0,6.5,0.0,175.0,0.0,89.97,90.4,0.0,76.74,0.0,1213.408959,100144.6,0.99,76.8,-598435.3,300820.8,0.9948,0.097,551.6,-0.09721,-74.55768,0.0,0,-1.0,-1.0,-1.0,-1.0,-1.0,0.0,0.0,0.0,0.0
1791563274.27,2235463.9,148.6,79.0,6.5,0.0,175.0,0.0,89.96,90.4,0.0,76.74,0.0,1213.408959,100144.6,0.99,76.8,-598435.3,300820.8,0.9948,0.097,551.6,-0.09721,-74.55768,0.0,0,-1.0,-1.0,-1.0,-1.0,-1.0,0.0,0.0,0.0,0.0
1791563274.77,2235464.4,149.1,79.0,6.5,0.0,175.0,0.0,89.95,90.4,0.0,76.73,0.0,1213.408959,100144.6,0.99,76.8,-598435.3,300820.8,0.9948,0.097,551.6,-0.09721,-74.55768,0.0,0,-1.0,-1.0,-1.0,-1.0,-1.0,0.0,0.0,0.0,0.0
1791563275.27,2235464.9,149.6,79.0,6.5,0.0,175.0,0.0,89.96,90.4,0.0,76.72,0.0,1213.408959,100144.6,0.99,76.8,-598435.3,300820.8,0.9948,0.097,551.6,-0.09721,-74.55768,0.0,0,-1.0,-1.0,-1.0,-1.0,-1.0,0.0,0.0,0.0,0.0
1791563275.78,2235465.4,150.1,79.0,6.5,0.0,175.0,0.0,89.96,90.4,0.0,76.71,0.0,1213.408959,100144.6,0.99,76.8,-598435.3,300820.8,0.9948,0.097,551.6,-0.09721,-74.55768,0.0,0,-1.0,-1.0,-1.0,-1.0,-1.0,0.0,0.0,0.0,0.0
1791563276.28,2235465.9,150.6,79.0,6.5,0.0,175.0,0.0,89.95,90.4,0.0,76.7,0.0,1213.408959,100144.6,0.99,76.8,-598435.3,300820.8,0.9948,0.097,551.6,-0.09721,-74.55768,0.0,0,-1.0,-1.0,-1.0,-1.0,-1.0,0.0,0.0,0.0,0.0
1791563276.78,2235466.4,151.1,79.0,6.5,0.0,175.0,0.0,89.96,90.4,0.0,76.69,0.0,1213.408959,100144.6,0.99,76.8,-598435.3,300820.8,0.9948,0.097,551.6,-0.09721,-74.55768,0.0,0,-1.0,-1.0,-1.0,-1.0,-1.0,0.0,0.0,0.0,0.0
1791563277.28,2235466.9,151.6,79.0,6.5,0.0,175.0,0.0,89.95,90.4,0.0,76.68,0.0,1213.408959,100144.6,0.99,76.8,-598435.3,300820.8,0.9948,0.097,551.6,-0.09721,-74.55768,0.0,0,-1.0,-1.0,-1.0,-1.0,-1.0,0.0,0.0,0.0,0.0
1791563277.79,2235467.4,152.1,79.0,6.5,0.0,175.0,0.0,89.95,90.4,0.0,76.68,0.0,1213.408959,100144.6,0.99,76.8,-598435.3,300820.8,0.9948,0.097,551.6,-0.09721,-74.55768,0.0,0,-1.0,-1.0,-1.0,-1.0,-1.0,0.0,0.0,0.0,0.0
1791563278.29,2235467.9,152.6,79.0,6.5,0.0,175.0,0.0,89.95,90.4,0.0,76.67,0.0,1213.408959,100144.6,0.99,76.8,-598435.3,300820.8,0.9948,0.097,551.6,-0.09721,-74.55768,0.0,0,-1.0,-1.0,-1.0,-1.0,-1.0,0.0,0.0,0.0,0.0
1791563278.79,2235468.4,153.1,79.0,6.5,0.0,175.0,0.0,89.95,90.4,0.0,76.66,0.0,1213.408959,100144.6,0.99,76.8,-598435.3,300820.8,0.9948,0.097,551.6,-0.09721,-74.55768,0.0,0,-1.0,-1.0,-1.0,-1.0,-1.0,0.0,0.0,0.0,0.0
1791563279.29,2235468.9,153.6,79.0,6.5,0.0,175.0,0.0,89.96,90.4,0.0,76.65,0.0,1213.408959,100144.6,0.99,76.8,-598435.3,300820.8,0.9948,0.097,551.6,-0.09721,-74.55768,0.0,0,-1.0,-1.0,-1.0,-1.0,-1.0,0.0,0.0,0.0,0.0
1791563279.79,2235469.4,154.1,79.0,6.5,0.0,175.0,0.0,89.95,90.4,0.0,76.64,0.0,1213.408959,100144.6,0.99,76.8,-598435.3,300820.8,0.9948,0.097,551.6,-0.09721,-74.55768,0.0,0,-1.0,-1.0,-1.0,-1.0,-1.0,0.0,0.0,0.0,0.0
1791563280.3,2235469.9,154.6,79.0,6.5,0.0,175.0,0.0,89.97,90.4,0.0,76.64,0.0,1213.408959,100144.6,0.99,76.8,-598435.3,300820.8,0.9948,0.097,551.6,-0.09721,-74.55768,0.0,0,-1.0,-1.0,-1.0,-1.0,-1.0,0.0,0.0,0.0,0.0
1791563280.8,2235470.4,155.1,79.0,6.5,0.0,175.0,0.0,89.95,90.4,0.0,76.63,0.0,1213.408959,100144.6,0.99,76.8,-598435.3,300820.8,0.9948,0.097,551.6,-0.09721,-74.55768,0.0,0,-1.0,-1.0,-1.0,-1.0,-1.0,0.0,0.0,0.0,0.0
1791563281.3,2235470.9,155.6,79.0,6.5,0.0,175.0,0.0,89.95,90.4,0.0,76.62,0.0,1213.408959,100144.6,0.99,76.8,-598435.3,300820.8,0.9948,0.097,551.6,-0.09721,-74.55768,0.0,0,-1.0,-1.0,-1.0,-1.0,-1.0,0.0,0.0,0.0,0.0
1791563281.8,2235471.4,156.1,79.0,6.5,0.0,175.0,0.0,89.95,90.4,0.0,76.61,0.0,1213.408959,100144.6,0.99,76.8,-598435.3,300820.8,0.9948,0.097,551.6,-0.09721,-74.55768,0.0,0,-1.0,-1.0,-1.0,-1.0,-1.0,0.0,0.0,0.0,0.0
1791563282.3,2235471.9,156.6,79.0,6.5,0.0,175.0,0.0,89.97,90.4,0.0,76.6,0.0,1213.408959,100144.6,0.99,76.8,-598435.3,300820.8,0.9948,0.097,551.6,-0.09721,-74.55768,0.0,0,-1.0,-1.0,-1.0,-1.0,-1.0,0.0,0.0,0.0,0.0
1791563282.8,2235472.4,157.1,79.0,6.5,0.0,175.0,0.0,89.96,90.4,0.0,76.59,0.0,1213.408959,100144.6,0.99,76.8,-598435.3,300820.8,0.9948,0.097,551.6,-0.09721,-74.55768,0.0,0,-1.0,-1.0,-1.0,-1.0,-1.0,0.0,0.0,0.0,0.0
1791563283.31,2235472.9,157.6,79.0,6.5,0.0,175.0,0.0,89.96,90.4,0.0,76.59,0.0,1213.408959,100144.6,0.99,76.8,-598435.3,300820.8,0.9948,0.097,551.6,-0.09721,-74.55768,0.0,0,-1.0,-1.0,-1.0,-1.0,-1.0,0.0,0.0,0.0,0.0
1791563283.81,2235473.4,158.2,79.0,6.5,0.0,175.0,0.0,89.96,90.4,0.0,76.58,0.0,1213.408959,100144.6,0.99,76.8,-598435.3,300820.8,0.9948,0.097,551.6,-0.09721,-74.55768,0.0,0,-1.0,-1.0,-1.0,-1.0,-1.0,0.0,0.0,0.0,0.0
1791563284.31,2235473.9,158.7,79.0,6.5,0.0,175.0,0.0,89.96,90.4,0.0,76.57,0.0,1213.408959,100144.6,0.99,76.8,-598435.3,300820.8,0.9948,0.097,551.6,-0.09721,-74.55768,0.0,0,-1.0,-1.0,-1.0,-1.0,-1.0,0.0,0.0,0.0,0.0
1791563284.81,2235474.4,159.2,79.0,6.5,0.0,175.0,0.0,89.95,90.4,0.0,76.56,0.0,1213.408959,100144.6,0.99,76.8,-598435.3,300820.8,0.9948,0.097,551.6,-0.09721,-74.55768,0.0,0,-1.0,-1.0,-1.0,-1.0,-1.0,0.0,0.0,0.0,0.0
1791563285.31,2235474.9,159.7,79.0,6.5,0.0,175.0,0.0,89.96,90.4,0.0,76.55,0.0,1213.408959,100144.6,0.99,76.8,-598435.3,300820.8,0.9948,0.097,551.6,-0.09721,-74.55768,0.0,0,-1.0,-1.0,-1.0,-1.0,-1.0,0.0,0.0,0.0,0.0
1791563285.82,2235475.4,160.2,79.0,6.5,0.0,175.0,0.0,89.95,90.4,0.0,76.54,0.0,1213.408959,100144.6,0.99,76.8,-598435.3,300820.8,0.9948,0.097,551.6,-0.09721,-74.55768,0.0,0,-1.0,-1.0,-1.0,-1.0,-1.0,0.0,0.0,0.0,0.0
1791563286.32,2235475.9,160.7,79.0,6.5,0.0,175.0,0.0,89.97,90.4,0.0,76.54,0.0,1213.408959,100144.6,0.99,76.8,-598435.3,300820.8,0.9948,0.097,551.6,-0.09721,-74.55768,0.0,0,-1.0,-1.0,-1.0,-1.0,-1.0,0.0,0.0,0.0,0.0
1791563286.82,2235476.4,161.2,79.0,6.5,0.0,175.0,0.0,89.96,90.4,0.0,76.53,0.0,1213.408959,100144.6,0.99,76.8,-598435.3,300820.8,0.9948,0.097,551.6,-0.09721,-74.55768,0.0,0,-1.0,-1.0,-1.0,-1.0,-1.0,0.0,0.0,0.0,0.0
1791563287.32,2235476.9,161.7,79.0,6.5,0.0,175.0,0.0,89.96,90.4,0.0,76.52,0.0,1213.408959,100144.6,0.99,76.8,-598435.3,300820.8,0.9948,0.097,551.6,-0.09721,-74.55768,0.0,0,-1.0,-1.0,-1.0,-1.0,-1.0,0.0,0.0,0.0,0.0
1791563287.82,2235477.4,162.2,79.0,6.5,0.0,175.0,0.0,89.95,90.4,0.0,76.51,0.0,1213.408959,100144.6,0.99,76.8,-598435.3,300820.8,0.9948,0.097,551.6,-0.09721,-74.55768,0.0,0,-1.0,-1.0,-1.0,-1.0,-1.0,0.0,0.0,0.0,0.0
1791563288.32,2235477.9,162.7,79.0,6.5,0.0,175.0,0.0,89.95,90.4,0.0,76.5,0.0,1213.408959,100144.6,0.99,76.8,-598435.3,300820.8,0.9948,0.097,551.6,-0.09721,-74.55768,0.0,0,-1.0,-1.0,-1.0,-1.0,-1.0,0.0,0.0,0.0,0.0
1791563288.83,2235478.4,163.2,79.0,6.5,0.0,175.0,0.0,89.97,90.4,0.0,76.49,0.0,1213.408959,100144.6,0.99,76.8,-598435.3,300820.8,0.9948,0.097,551.6,-0.09721,-74.55768,0.0,0,-1.0,-1.0,-1.0,-1.0,-1.0,0.0,0.0,0.0,0.0
1791563289.33,2235478.9,163.7,79.0,6.5,0.0,175.0,0.0,89.95,90.4,0.0,76.48,0.0,1213.408959,100144.6,0.99,76.8,-598435.3,300820.8,0.9948,0.097,551.6,-0.09721,-74.55768,0.0,0,-1.0,-1.0,-1.0,-1.0,-1.0,0.0,0.0,0.0,0.0
1791563289.83,2235479.4,164.2,79.0,6.5,0.0,175.0,0.0,89.96,90.4,0.0,76.48,0.0,1213.408959,100144.6,0.99,76.8,-598435.3,300820.8,0.9948,0.097,551.6,-0.09721,-74.55768,0.0,0,-1.0,-1.0,-1.0,-1.0,-1.0,0.0,0.0,0.0,0.0
1791563290.33,2235479.9,164.7,79.0,6.5,0.0,175.0,0.0,89.95,90.4,0.0,76.47,0.0,1213.408959,100144.6,0.99,76.8,-598435.3,300820.8,0.9948,0.097,551.6,-0.09721,-74.55768,0.0,0,-1.0,-1.0,-1.0,-1.0,-1.0,0.0,0.0,0.0,0.0
1791563290.87,2235480.4,165.2,79.0,6.5,0.0,175.0,0.0,89.95,90.4,0.0,76.46,0.0,1213.408959,100144.6,0.99,76.8,-598435.3,300820.8,0.9948,0.097,551.6,-0.09721,-74.55768,0.0,0,-1.0,-1.0,-1.0,-1.0,-1.0,0.0,0.0,0.0,0.0
1791563291.37,2235480.9,165.7,79.0,6.5,0.0,175.0,0.0,89.97,90.4,0.0,76.45,0.0,1213.408959,100144.6,0.99,76.8,-598435.3,300820.8,0.9948,0.097,551.6,-0.09721,-74.55768,0.0,0,-1.0,-1.0,-1.0,-1.0,-1.0,0.0,0.0,0.0,0.0
1791563291.87,2235481.2,166.2,79.0,6.5,0.0,175.0,0.0,89.97,90.4,0.0,76.45,0.0,1213.408959,100144.6,0.99,76.8,-598435.3,300820.8,0.9948,0.097,551.6,-0.09721,-74.55768,0.0,0,-1.0,-1.0,-1.0,-1.0,-1.0,0.0,0.0,0.0,0.0
1791563292.38,2235481.2,166.7,79.0,6.5,0.0,175.0,0.0,89.97,90.4,0.0,76.45,0.0,1213.408959,100144.6,0.99,76.8,-598435.3,300820.8,0.9948,0.097,551.6,-0.09721,-74.55768,0.0,0,-1.0,-1.0,-1.0,-1.0,-1.0,0.0,0.0,0.0,0.0
1791563292.88,2235481.2,167.2,79.0,6.5,0.0,175.0,0.0,89.95,90.4,0.0,76.45,0.0,1213.408959,100144.6,0.99,76.8,-598435.3,300820.8,0.9948,0.097,551.6,-0.09721,-74.55768,0.0,0,-1.0,-1.0,-1.0,-1.0,-1.0,0.0,0.0,0.0,0.0
1791563293.38,2235481.2,167.7,79.0,6.5,0.0,175.0,0.0,89.95,90.4,0.0,76.45,0.0,1213.408959,100144.6,0.99,76.8,-598435.3,300820.8,0.9948,0.097,551.6,-0.09721,-74.55768,0.0,0,-1.0,-1.0,-1.0,-1.0,-1.0,0.0,0.0,0.0,0.0
1791563293.88,2235481.3,168.2,79.0,6.5,0.0,175.0,0.0,89.97,90.4,0.0,76.45,0.0,1213.408959,100144.6,0.99,76.8,-598435.3,300820.8,0.9948,0.097,551.6,-0.09721,-74.55768,0.0,0,-1.0,-1.0,-1.0,-1.0,-1.0,0.0,0.0,0.0,0.0
1791563294.38,2235481.3,168.7,79.0,6.5,0.0,175.0,0.0,89.97,90.4,0.0,76.45,0.0,1213.408959,100144.6,0.99,76.8,-598435.3,300820.8,0.9948,0.097,551.6,-0.09721,-74.55768,0.0,0,-1.0,-1.0,-1.0,-1.0,-1.0,0.0,0.0,0.0,0.0
1791563294.88,2235481.3,169.2,79.0,6.5,0.0,175.0,0.0,89.95,90.4,0.0,76.44,0.0,1213.408959,100144.6,0.99,76.8,-598435.3,300820.8,0.9948,0.097,551.6,-0.09721,-74.55768,0.0,0,-1.0,-1.0,-1.0,-1.0,-1.0,0.0,0.0,0.0,0.0
1791563295.39,2235481.3,169.7,79.0,6.5,0.0,175.0,0.0,89.95,90.4,0.0,76.44,0.0,1213.408959,100144.6,0.99,76.8,-598435.3,300820.8,0.9948,0.097,551.6,-0.09721,-74.55768,0.0,0,-1.0,-1.0,-1.0,-1.0,-1.0,0.0,0.0,0.0,0.0
1791563295.89,2235481.4,170.2,79.0,6.5,0.0,175.0,0.0,89.96,90.4,0.0,76.44,0.0,1213.408959,100144.6,0.99,76.8,-598435.3,300820.8,0.9948,0.097,551.6,-0.09721,-74.55768,0.0,0,-1.0,-1.0,-1.0,-1.0,-1.0,0.0,0.0,0.0,0.0
1791563296.39,2235481.4,170.7,79.0,6.5,0.0,175.0,0.0,89.96,90.4,0.0,76.44,0.0,1213.408959,100144.6,0.99,76.8,-598435.3,300820.8,0.9948,0.097,551.6,-0.09721,-74.55768,0.0,0,-1.0,-1.0,-1.0,-1.0,-1.0,0.0,0.0,0.0,0.0
1791563296.89,2235481.8,171.2,79.0,6.5,0.0,175.0,0.0,89.96,90.4,0.0,76.44,0.0,1213.408959,100144.6,0.99,76.8,-598435.3,300820.8,0.9948,0.097,551.6,-0.09721,-74.55768,0.0,0,-1.0,-1.0,-1.0,-1.0,-1.0,0.0,0.0,0.0,0.0
1791563297.39,2235482.3,171.7,79.0,6.5,0.0,175.0,0.0,89.97,90.4,0.0,76.43,0.0,1213.408959,100144.6,0.99,76.8,-598435.3,300820.8,0.9948,0.097,551.6,-0.09721,-74.55768,0.0,0,-1.0,-1.0,-1.0,-1.0,-1.0,0.0,0.0,0.0,0.0
1791563297.89,2235482.8,172.2,79.0,6.5,0.0,175.0,0.0,89.95,90.4,0.0,76.42,0.0,1213.408959,100144.6,0.99,76.8,-598435.3,300820.8,0.9948,0.097,551.6,-0.09721,-74.55768,0.0,0,-1.0,-1.0,-1.0,-1.0,-1.0,0.0,0.0,0.0,0.0
1791563298.4,2235483.3,172.7,79.0,6.5,0.0,175.0,0.0,89.97,90.4,0.0,76.41,0.0,1213.408959,100144.6,0.99,76.8,-598435.3,300820.8,0.9948,0.097,551.6,-0.09721,-74.55768,0.0,0,-1.0,-1.0,-1.0,-1.0,-1.0,0.0,0.0,0.0,0.0
1791563298.9,2235483.8,173.2,79.0,6.5,0.0,175.0,0.0,89.97,90.4,0.0,76.4,0.0,1213.408959,100144.6,0.99,76.8,-598435.3,300820.8,0.9948,0.097,551.6,-0.09721,-74.55768,0.0,0,-1.0,-1.0,-1.0,-1.0,-1.0,0.0,0.0,0.0,0.0
1791563299.4,2235484.3,173.7,79.0,6.5,0.0,175.0,0.0,89.97,90.4,0.0,76.39,0.0,1213.408959,100144.6,0.99,76.8,-598435.3,300820.8,0.9948,0.097,551.6,-0.09721,-74.55768,0.0,0,-1.0,-1.0,-1.0,-1.0,-1.0,0.0,0.0,0.0,0.0
1791563299.9,2235484.8,174.2,79.0,6.5,0.0,175.0,0.0,89.95,90.4,0.0,76.39,0.0,1213.408959,100144.6,0.99,76.8,-598435.3,300820.8,0.9948,0.097,551.6,-0.09721,-74.55768,0.0,0,-1.0,-1.0,-1.0,-1.0,-1.0,0.0,0.0,0.0,0.0
1791563300.41,2235485.3,174.7,79.0,6.5,0.0,175.0,0.0,89.96,90.4,0.0,76.38,0.0,1213.408959,100144.6,0.99,76.8,-598435.3,300820.8,0.9948,0.097,551.6,-0.09721,-74.55768,0.0,0,-1.0,-1.0,-1.0,-1.0,-1.0,0.0,0.0,0.0,0.0
1791563300.91,2235485.3,175.3,79.0,6.5,0.0,175.0,0.0,89.96,90.4,0.0,76.38,0.0,1213.408959,100144.6,0.99,76.8,-598435.3,300820.8,0.9948,0.097,551.6,-0.09721,-74.55768,0.0,0,-1.0,-1.0,-1.0,-1.0,-1.0,0.0,0.0,0.0,0.0
1791563301.41,2235485.3,175.8,79.0,6.5,0.0,175.0,0.0,89.96,90.4,0.0,76.38,0.0,1213.408959,100144.6,0.99,76.8,-598435.3,300820.8,0.9948,0.097,551.6,-0.09721,-74.55768,0.0,0,-1.0,-1.0,-1.0,-1.0,-1.0,0.0,0.0,0.0,0.0
1791563301.91,2235485.7,176.3,79.0,6.5,0.0,175.0,0.0,89.96,90.4,0.0,76.37,0.0,1213.408959,100144.6,0.99,76.8,-598435.3,300820.8,0.9948,0.097,551.6,-0.09721,-74.55768,0.0,0,-1.0,-1.0,-1.0,-1.0,-1.0,0.0,0.0,0.0,0.0
1791563302.41,2235486.2,176.8,79.0,6.5,0.0,175.0,0.0,89.97,90.4,0.0,76.36,0.0,1213.408959,100144.6,0.99,76.8,-598435.3,300820.8,0.9948,0.097,551.6,-0.09721,-74.55768,0.0,0,-1.0,-1.0,-1.0,-1.0,-1.0,0.0,0.0,0.0,0.0
1791563302.91,2235486.7,177.3,79.0,6.5,0.0,175.0,0.0,89.95,90.4,0.0,76.35,0.0,1213.408959,100144.6,0.99,76.8,-598435.3,300820.8,0.9948,0.097,551.6,-0.09721,-74.55768,0.0,0,-1.0,-1.0,-1.0,-1.0,-1.0,0.0,0.0,0.0,0.0
1791563303.42,2235487.2,177.8,79.0,6.5,0.0,175.0,0.0,89.96,90.4,0.0,76.35,0.0,1213.408959,100144.6,0.99,76.8,-598435.3,300820.8,0.9948,0.097,551.6,-0.09721,-74.55768,0.0,0,-1.0,-1.0,-1.0,-1.0,-1.0,0.0,0.0,0.0,0.0
1791563303.92,2235487.7,178.3,79.0,6.5,0.0,175.0,0.0,89.96,90.4,0.0,76.34,0.0,1213.408959,100144.6,0.99,76.8,-598435.3,300820.8,0.9948,0.097,551.6,-0.09721,-74.55768,0.0,0,-1.0,-1.0,-1.0,-1.0,-1.0,0.0,0.0,0.0,0.0
1791563304.42,2235488.2,178.8,79.0,6.5,0.0,175.0,0.0,89.96,90.4,0.0,76.33,0.0,1213.408959,100144.6,0.99,76.8,-598435.3,300820.8,0.9948,0.097,551.6,-0.09721,-74.55768,0.0,0,-1.0,-1.0,-1.0,-1.0,-1.0,0.0,0.0,0.0,0.0
1791563304.92,2235488.7,179.3,79.0,6.5,0.0,175.0,0.0,89.97,90.4,0.0,76.32,0.0,1213.408959,100144.6,0.99,76.8,-598435.3,300820.8,0.9948,0.097,551.6,-0.09721,-74.55768,0.0,0,-1.0,-1.0,-1.0,-1.0,-1.0,0.0,0.0,0.0,0.0
1791563305.43,2235489.2,179.8,79.0,6.5,0.0,175.0,0.0,89.95,90.4,0.0,76.31,0.0,1213.408959,100144.6,0.99,76.8,-598435.3,300820.8,0.9948,0.097,551.6,-0.09721,-74.55768,0.0,0,-1.0,-1.0,-1.0,-1.0,-1.0,0.0,0.0,0.0,0.0
1791563305.93,2235489.7,180.3,79.0,6.5,0.0,175.0,0.0,89.95,90.4,0.0,76.3,0.0,1213.408959,100144.6,0.99,76.8,-598435.3,300820.8,0.9948,0.097,551.6,-0.09721,-74.55768,0.0,0,-1.0,-1.0,-1.0,-1.0,-1.0,0.0,0.0,0.0,0.0
1791563306.43,2235490.2,180.8,79.0,6.5,0.0,175.0,0.0,89.95,90.4,0.0,76.3,0.0,1213.408959,100144.6,0.99,76.8,-598435.3,300820.8,0.9948,0.097,551.6,-0.09721,-74.55768,0.0,0,-1.0,-1.0,-1.0,-1.0,-1.0,0.0,0.0,0.0,0.0
1791563306.93,2235490.7,181.3,79.0,6.5,0.0,175.0,0.0,89.96,90.4,0.0,76.29,0.0,1213.408959,100144.6,0.99,76.8,-598435.3,300820.8,0.9948,0.097,551.6,-0.09721,-74.55768,0.0,0,-1.0,-1.0,-1.0,-1.0,-1.0,0.0,0.0,0.0,0.0
1791563307.43,2235491.2,181.8,79.0,6.5,0.0,175.0,0.0,89.95,90.4,0.0,76.28,0.0,1213.408959,100144.6,0.99,76.8,-598435.3,300820.8,0.9948,0.097,551.6,-0.09721,-74.55768,0.0,0,-1.0,-1.0,-1.0,-1.0,-1.0,0.0,0.0,0.0,0.0
1791563307.94,2235491.7,182.3,79.0,6.5,0.0,175.0,0.0,89.97,90.4,0.0,76.27,0.0,1213.408959,100144.6,0.99,76.8,-598435.3,300820.8,0.9948,0.097,551.6,-0.09721,-74.55768,0.0,0,-1.0,-1.0,-1.0,-1.0,-1.0,0.0,0.0,0.0,0.0
1791563308.44,2235492.2,182.8,79.0,6.5,0.0,175.0,0.0,89.95,90.4,0.0,76.26,0.0,1213.408959,100144.6,0.99,76.8,-598435.3,300820.8,0.9948,0.097,551.6,-0.09721,-74.55768,0.0,0,-1.0,-1.0,-1.0,-1.0,-1.0,0.0,0.0,0.0,0.0
1791563308.94,2235492.2,183.3,79.0,6.5,0.0,175.0,0.0,89.96,90.4,0.0,76.26,0.0,1213.408959,100144.6,0.99,76.8,-598435.3,300820.8,0.9948,0.097,551.6,-0.09721,-74.55768,0.0,0,-1.0,-1.0,-1.0,-1.0,-1.0,0.0,0.0,0.0,0.0
1791563309.44,2235492.3,183.8,79.0,6.5,0.0,175.0,0.0,89.97,90.4,0.0,76.26,0.0,1213.408959,100144.6,0.99,76.8,-598435.3,300820.8,0.9948,0.097,551.6,-0.09721,-74.55768,0.0,0,-1.0,-1.0,-1.0,-1.0,-1.0,0.0,0.0,0.0,0.0
1791563309.94,2235492.8,184.3,79.0,6.5,0.0,175.0,0.0,89.97,90.4,0.0,76.25,0.0,1213.408959,100144.6,0.99,76.8,-598435.3,300820.8,0.9948,0.097,551.6,-0.09721,-74.55768,0.0,0,-1.0,-1.0,-1.0,-1.0,-1.0,0.0,0.0,0.0,0.0
1791563310.45,2235493.3,184.8,79.0,6.5,0.0,175.0,0.0,89.97,90.4,0.0,76.24,0.0,1213.408959,100144.6,0.99,76.8,-598435.3,300820.8,0.9948,0.097,551.6,-0.09721,-74.55768,0.0,0,-1.0,-1.0,-1.0,-1.0,-1.0,0.0,0.0,0.0,0.0
1791563310.95,2235493.8,185.3,79.0,6.5,0.0,175.0,0.0,89.97,90.4,0.0,76.24,0.0,1213.408959,100144.6,0.99,76.8,-598435.3,300820.8,0.9948,0.097,551.6,-0.09721,-74.55768,0.0,0,-1.0,-1.0,-1.0,-1.0,-1.0,0.0,0.0,0.0,0.0
1791563311.45,2235494.3,185.8,79.0,6.5,0.0,175.0,0.0,89.96,90.4,0.0,76.23,0.0,1213.408959,100144.6,0.99,76.8,-598435.3,300820.8,0.9948,0.097,551.6,-0.09721,-74.55768,0.0,0,-1.0,-1.0,-1.0,-1.0,-1.0,0.0,0.0,0.0,0.0
1791563311.95,2235494.8,186.3,79.0,6.5,0.0,175.0,0.0,89.95,90.4,0.0,76.22,0.0,1213.408959,100144.6,0.99,76.8,-598435.3,300820.8,0.9948,0.097,551.6,-0.09721,-74.55768,0.0,0,-1.0,-1.0,-1.0,-1.0,-1.0,0.0,0.0,0.0,0.0
1791563312.45,2235494.8,186.8,79.0,6.5,0.0,175.0,0.0,89.95,90.4,0.0,76.22,0.0,1213.408959,100144.6,0.99,76.8,-598435.3,300820.8,0.9948,0.097,551.6,-0.09721,-74.55768,0.0,0,-1.0,-1.0,-1.0,-1.0,-1.0,0.0,0.0,0.0,0.0
1791563312.95,2235494.8,187.3,79.0,6.5,0.0,175.0,0.0,89.95,90.4,0.0,76.22,0.0,1213.408959,100144.6,0.99,76.8,-598435.3,300820.8,0.9948,0.097,551.6,-0.09721,-74.55768,0.0,0,-1.0,-1.0,-1.0,-1.0,-1.0,0.0,0.0,0.0,0.0
1791563313.54,2235494.8,187.9,79.0,6.5,0.0,175.0,0.0,89.95,90.4,0.0,76.22,0.0,1213.408959,100144.6,0.99,76.8,-598435.3,300820.8,0.9948,0.097,551.6,-0.09721,-74.55768,0.0,0,-1.0,-1.0,-1.0,-1.0,-1.0,0.0,0.0,0.0,0.0
1791563314.05,2235494.8,188.4,79.0,6.5,0.0,175.0,0.0,89.95,90.4,0.0,76.22,0.0,1213.408959,100144.6,0.99,76.8,-598435.3,300820.8,0.9948,0.097,551.6,-0.09721,-74.55768,0.0,0,-1.0,-1.0,-1.0,-1.0,-1.0,0.0,0.0,0.0,0.0
1791563314.56,2235494.8,188.9,79.0,6.5,0.0,175.0,0.0,89.95,90.4,0.0,76.22,0.0,1213.408959,100144.6,0.99,76.8,-598435.3,300820.8,0.9948,0.097,551.6,-0.09721,-74.55768,0.0,0,-1.0,-1.0,-1.0,-1.0,-1.0,0.0,0.0,0.0,0.0
1791563315.06,2235494.8,189.4,79.0,6.5,0.0,175.0,0.0,89.95,90.4,0.0,76.22,0.0,1213.408959,100144.6,0.99,76.8,-598435.3,300820.8,0.9948,0.097,551.6,-0.09721,-74.55768,0.0,0,-1.0,-1.0,-1.0,-1.0,-1.0,0.0,0.0,0.0,0.0
1791563315.56,2235494.8,189.9,79.0,6.5,0.0,175.0,0.0,89.95,90.4,0.0,76.22,0.0,1213.408959,100144.6,0.99,76.8,-598435.3,300820.8,0.9948,0.097,551.6,-0.09721,-74.55768,0.0,0,-1.0,-1.0,-1.0,-1.0,-1.0,0.0,0.0,0.0,0.0
1791563316.1,2235494.8,190.4,79.0,6.5,0.0,175.0,0.0,89.95,90.4,0.0,76.22,0.0,1213.408959,100144.6,0.99,76.8,-598435.3,300820.8,0.9948,0.097,551.6,-0.09721,-74.55768,0.0,0,-1.0,-1.0,-1.0,-1.0,-1.0,0.0,0.0,0.0,0.0
1791563316.6,2235494.8,190.9,79.0,6.5,0.0,175.0,0.0,89.95,90.4,0.0,76.22,0.0,1213.408959,100144.6,0.99,76.8,-598435.3,300820.8,0.9948,0.097,551.6,-0.09721,-74.55768,0.0,0,-1.0,-1.0,-1.0,-1.0,-1.0,0.0,0.0,0.0,0.0
1791563317.11,2235494.8,191.5,79.0,6.5,0.0,175.0,0.0,89.95,90.4,0.0,76.22,0.0,1213.408959,100144.6,0.99,76.8,-598435.3,300820.8,0.9948,0.097,551.6,-0.09721,-74.55768,0.0,0,-1.0,-1.0,-1.0,-1.0,-1.0,0.0,0.0,0.0,0.0
1791563317.61,2235494.8,192.0,79.0,6.5,0.0,175.0,0.0,89.95,90.4,0.0,76.22,0.0,1213.408959,100144.6,0.99,76.8,-598435.3,300820.8,0.9948,0.097,551.6,-0.09721,-74.55768,0.0,0,-1.0,-1.0,-1.0,-1.0,-1.0,0.0,0.0,0.0,0.0
1791563318.14,2235494.8,192.5,79.0,6.5,0.0,175.0,0.0,89.95,90.4,0.0,76.22,0.0,1213.408959,100144.6,0.99,76.8,-598435.3,300820.8,0.9948,0.097,551.6,-0.09721,-74.55768,0.0,0,-1.0,-1.0,-1.0,-1.0,-1.0,0.0,0.0,0.0,0.0
1791563318.69,2235494.8,193.0,79.0,6.5,0.0,175.0,0.0,89.95,90.4,0.0,76.22,0.0,1213.408959,100144.6,0.99,76.8,-598435.3,300820.8,0.9948,0.097,551.6,-0.09721,-74.55768,0.0,0,-1.0,-1.0,-1.0,-1.0,-1.0,0.0,0.0,0.0,0.0
1791563319.26,2235494.8,193.6,79.0,6.5,0.0,175.0,0.0,89.95,90.4,0.0,76.22,0.0,1213.408959,100144.6,0.99,76.8,-598435.3,300820.8,0.9948,0.097,551.6,-0.09721,-74.55768,0.0,0,-1.0,-1.0,-1.0,-1.0,-1.0,0.0,0.0,0.0,0.0
1791563319.79,2235494.8,194.1,79.0,6.5,0.0,175.0,0.0,89.95,90.4,0.0,76.22,0.0,1213.408959,100144.6,0.99,76.8,-598435.3,300820.8,0.9948,0.097,551.6,-0.09721,-74.55768,0.0,0,-1.0,-1.0,-1.0,-1.0,-1.0,0.0,0.0,0.0,0.0
1791563320.3,2235494.8,194.6,79.0,6.5,0.0,175.0,0.0,89.95,90.4,0.0,76.22,0.0,1213.408959,100144.6,0.99,76.8,-598435.3,300820.8,0.9948,0.097,551.6,-0.09721,-74.55768,0.0,0,-1.0,-1.0,-1.0,-1.0,-1.0,0.0,0.0,0.0,0.0
1791563320.85,2235494.8,195.2,79.0,6.5,0.0,175.0,0.0,89.95,90.4,0.0,76.22,0.0,1213.408959,100144.6,0.99,76.8,-598435.3,300820.8,0.9948,0.097,551.6,-0.09721,-74.55768,0.0,0,-1.0,-1.0,-1.0,-1.0,-1.0,0.0,0.0,0.0,0.0
1791563321.37,2235494.8,195.7,79.0,6.5,0.0,175.0,0.0,89.95,90.4,0.0,76.22,0.0,1213.408959,100144.6,0.99,76.8,-598435.3,300820.8,0.9948,0.097,551.6,-0.09721,-74.55768,0.0,0,-1.0,-1.0,-1.0,-1.0,-1.0,0.0,0.0,0.0,0.0
1791563321.89,2235494.8,196.2,79.0,6.5,0.0,175.0,0.0,89.95,90.4,0.0,76.22,0.0,1213.408959,100144.6,0.99,76.8,-598435.3,300820.8,0.9948,0.097,551.6,-0.09721,-74.55768,0.0,0,-1.0,-1.0,-1.0,-1.0,-1.0,0.0,0.0,0.0,0.0
1791563322.39,2235494.8,196.7,79.0,6.5,0.0,175.0,0.0,89.95,90.4,0.0,76.22,0.0,1213.408959,100144.6,0.99,76.8,-598435.3,300820.8,0.9948,0.097,551.6,-0.09721,-74.55768,0.0,0,-1.0,-1.0,-1.0,-1.0,-1.0,0.0,0.0,0.0,0.0
1791563322.97,2235494.8,197.3,79.0,6.5,0.0,175.0,0.0,89.95,90.4,0.0,76.22,0.0,1213.408959,100144.6,0.99,76.8,-598435.3,300820.8,0.9948,0.097,551.6,-0.09721,-74.55768,0.0,0,-1.0,-1.0,-1.0,-1.0,-1.0,0.0,0.0,0.0,0.0
1791563323.49,2235494.8,197.8,79.0,6.5,0.0,175.0,0.0,89.95,90.4,0.0,76.22,0.0,1213.408959,100144.6,0.99,76.8,-598435.3,300820.8,0.9948,0.097,551.6,-0.09721,-74.55768,0.0,0,-1.0,-1.0,-1.0,-1.0,-1.0,0.0,0.0,0.0,0.0
1791563324.04,2235494.8,198.4,79.0,6.5,0.0,175.0,0.0,89.95,90.4,0.0,76.22,0.0,1213.408959,100144.6,0.99,76.8,-598435.3,300820.8,0.9948,0.097,551.6,-0.09721,-74.55768,0.0,0,-1.0,-1.0,-1.0,-1.0,-1.0,0.0,0.0,0.0,0.0
1791563324.54,2235494.8,198.9,79.0,6.5,0.0,175.0,0.0,89.95,90.4,0.0,76.22,0.0,1213.408959,100144.6,0.99,76.8,-598435.3,300820.8,0.9948,0.097,551.6,-0.09721,-74.55768,0.0,0,-1.0,-1.0,-1.0,-1.0,-1.0,0.0,0.0,0.0,0.0
1791563325.05,2235494.8,199.4,79.0,6.5,0.0,175.0,0.0,89.95,90.4,0.0,76.22,0.0,1213.408959,100144.6,0.99,76.8,-598435.3,300820.8,0.9948,0.097,551.6,-0.09721,-74.55768,0.0,0,-1.0,-1.0,-1.0,-1.0,-1.0,0.0,0.0,0.0,0.0
1791563325.56,2235494.8,199.9,79.0,6.5,0.0,175.0,0.0,89.95,90.4,0.0,76.22,0.0,1213.408959,100144.6,0.99,76.8,-598435.3,300820.8,0.9948,0.097,551.6,-0.09721,-74.55768,0.0,0,-1.0,-1.0,-1.0,-1.0,-1.0,0.0,0.0,0.0,0.0
1791563326.07,2235494.8,200.4,79.0,6.5,0.0,175.0,0.0,89.95,90.4,0.0,76.22,0.0,1213.408959,100144.6,0.99,76.8,-598435.3,300820.8,0.9948,0.097,551.6,-0.09721,-74.55768,0.0,0,-1.0,-1.0,-1.0,-1.0,-1.0,0.0,0.0,0.0,0.0
1791563326.61,2235494.8,201.0,79.0,6.5,0.0,175.0,0.0,89.95,90.4,0.0,76.22,0.0,1213.408959,100144.6,0.99,76.8,-598435.3,300820.8,0.9948,0.097,551.6,-0.09721,-74.55768,0.0,0,-1.0,-1.0,-1.0,-1.0,-1.0,0.0,0.0,0.0,0.0
1791563327.15,2235494.8,201.5,79.0,6.5,0.0,175.0,0.0,89.95,90.4,0.0,76.22,0.0,1213.408959,100144.6,0.99,76.8,-598435.3,300820.8,0.9948,0.097,551.6,-0.09721,-74.55768,0.0,0,-1.0,-1.0,-1.0,-1.0,-1.0,0.0,0.0,0.0,0.0
1791563327.69,2235494.8,202.0,79.0,6.5,0.0,175.0,0.0,89.95,90.4,0.0,76.22,0.0,1213.408959,100144.6,0.99,76.8,-598435.3,300820.8,0.9948,0.097,551.6,-0.09721,-74.55768,0.0,0,-1.0,-1.0,-1.0,-1.0,-1.0,0.0,0.0,0.0,0.0
1791563328.21,2235494.8,202.6,79.0,6.5,0.0,175.0,0.0,89.95,90.4,0.0,76.22,0.0,1213.408959,100144.6,0.99,76.8,-598435.3,300820.8,0.9948,0.097,551.6,-0.09721,-74.55768,0.0,0,-1.0,-1.0,-1.0,-1.0,-1.0,0.0,0.0,0.0,0.0
1791563328.75,2235494.8,203.1,79.0,6.5,0.0,175.0,0.0,89.95,90.4,0.0,76.22,0.0,1213.408959,100144.6,0.99,76.8,-598435.3,300820.8,0.9948,0.097,551.6,-0.09721,-74.55768,0.0,0,-1.0,-1.0,-1.0,-1.0,-1.0,0.0,0.0,0.0,0.0
1791563329.28,2235494.8,203.6,79.0,6.5,0.0,175.0,0.0,89.95,90.4,0.0,76.22,0.0,1213.408959,100144.6,0.99,76.8,-598435.3,300820.8,0.9948,0.097,551.6,-0.09721,-74.55768,0.0,0,-1.0,-1.0,-1.0,-1.0,-1.0,0.0,0.0,0.0,0.0
1791563329.83,2235494.8,204.2,79.0,6.5,0.0,175.0,0.0,89.95,90.4,0.0,76.22,0.0,1213.408959,100144.6,0.99,76.8,-598435.3,300820.8,0.9948,0.097,551.6,-0.09721,-74.55768,0.0,0,-1.0,-1.0,-1.0,-1.0,-1.0,0.0,0.0,0.0,0.0
1791563330.35,2235494.8,204.7,79.0,6.5,0.0,175.0,0.0,89.95,90.4,0.0,76.22,0.0,1213.408959,100144.6,0.99,76.8,-598435.3,300820.8,0.9948,0.097,551.6,-0.09721,-74.55768,0.0,0,-1.0,-1.0,-1.0,-1.0,-1.0,0.0,0.0,0.0,0.0
1791563330.93,2235494.8,205.3,79.0,6.5,0.0,175.0,0.0,89.95,90.4,0.0,76.22,0.0,1213.408959,100144.6,0.99,76.8,-598435.3,300820.8,0.9948,0.097,551.6,-0.09721,-74.55768,0.0,0,-1.0,-1.0,-1.0,-1.0,-1.0,0.0,0.0,0.0,0.0
1791563331.46,2235494.8,205.8,79.0,6.5,0.0,175.0,0.0,89.95,90.4,0.0,76.22,0.0,1213.408959,100144.6,0.99,76.8,-598435.3,300820.8,0.9948,0.097,551.6,-0.09721,-74.55768,0.0,0,-1.0,-1.0,-1.0,-1.0,-1.0,0.0,0.0,0.0,0.0
1791563331.98,2235494.8,206.3,79.0,6.5,0.0,175.0,0.0,89.95,90.4,0.0,76.22,0.0,1213.408959,100144.6,0.99,76.8,-598435.3,300820.8,0.9948,0.097,551.6,-0.09721,-74.55768,0.0,0,-1.0,-1.0,-1.0,-1.0,-1.0,0.0,0.0,0.0,0.0
1791563332.5,2235494.8,206.8,79.0,6.5,0.0,175.0,0.0,89.95,90.4,0.0,76.22,0.0,1213.408959,100144.6,0.99,76.8,-598435.3,300820.8,0.9948,0.097,551.6,-0.09721,-74.55768,0.0,0,-1.0,-1.0,-1.0,-1.0,-1.0,0.0,0.0,0.0,0.0
1791563333.01,2235494.8,207.4,79.0,6.5,0.0,175.0,0.0,89.95,90.4,0.0,76.22,0.0,1213.408959,100144.6,0.99,76.8,-598435.3,300820.8,0.9948,0.097,551.6,-0.09721,-74.55768,0.0,0,-1.0,-1.0,-1.0,-1.0,-1.0,0.0,0.0,0.0,0.0
1791563333.52,2235494.8,207.9,79.0,6.5,0.0,175.0,0.0,89.95,90.4,0.0,76.22,0.0,1213.408959,100144.6,0.99,76.8,-598435.3,300820.8,0.9948,0.097,551.6,-0.09721,-74.55768,0.0,0,-1.0,-1.0,-1.0,-1.0,-1.0,0.0,0.0,0.0,0.0
1791563334.03,2235494.8,208.4,79.0,6.5,0.0,175.0,0.0,89.95,90.4,0.0,76.22,0.0,1213.408959,100144.6,0.99,76.8,-598435.3,300820.8,0.9948,0.097,551.6,-0.09721,-74.55768,0.0,0,-1.0,-1.0,-1.0,-1.0,-1.0,0.0,0.0,0.0,0.0
1791563334.55,2235494.8,208.9,79.0,6.5,0.0,175.0,0.0,89.95,90.4,0.0,76.22,0.0,1213.408959,100144.6,0.99,76.8,-598435.3,300820.8,0.9948,0.097,551.6,-0.09721,-74.55768,0.0,0,-1.0,-1.0,-1.0,-1.0,-1.0,0.0,0.0,0.0,0.0
1791563335.06,2235494.8,209.4,79.0,6.5,0.0,175.0,0.0,89.95,90.4,0.0,76.22,0.0,1213.408959,100144.6,0.99,76.8,-598435.3,300820.8,0.9948,0.097,551.6,-0.09721,-74.55768,0.0,0,-1.0,-1.0,-1.0,-1.0,-1.0,0.0,0.0,0.0,0.0
1791563335.58,2235494.8,209.9,79.0,6.5,0.0,175.0,0.0,89.95,90.4,0.0,76.22,0.0,1213.408959,100144.6,0.99,76.8,-598435.3,300820.8,0.9948,0.097,551.6,-0.09721,-74.55768,0.0,0,-1.0,-1.0,-1.0,-1.0,-1.0,0.0,0.0,0.0,0.0
1791563336.09,2235494.8,210.4,79.0,6.5,0.0,175.0,0.0,89.95,90.4,0.0,76.22,0.0,1213.408959,100144.6,0.99,76.8,-598435.3,300820.8,0.9948,0.097,551.6,-0.09721,-74.55768,0.0,0,-1.0,-1.0,-1.0,-1.0,-1.0,0.0,0.0,0.0,0.0
1791563336.6,2235494.8,210.9,79.0,6.5,0.0,175.0,0.0,89.95,90.4,0.0,76.22,0.0,1213.408959,100144.6,0.99,76.8,-598435.3,300820.8,0.9948,0.097,551.6,-0.09721,-74.55768,0.0,0,-1.0,-1.0,-1.0,-1.0,-1.0,0.0,0.0,0.0,0.0
1791563337.12,2235494.8,211.5,79.0,6.5,0.0,175.0,0.0,89.95,90.4,0.0,76.22,0.0,1213.408959,100144.6,0.99,76.8,-598435.3,300820.8,0.9948,0.097,551.6,-0.09721,-74.55768,0.0,0,-1.0,-1.0,-1.0,-1.0,-1.0,0.0,0.0,0.0,0.0
1791563337.63,2235494.8,212.0,79.0,6.5,0.0,175.0,0.0,89.95,90.4,0.0,76.22,0.0,1213.408959,100144.6,0.99,76.8,-598435.3,300820.8,0.9948,0.097,551.6,-0.09721,-74.55768,0.0,0,-1.0,-1.0,-1.0,-1.0,-1.0,0.0,0.0,0.0,0.0
1791563338.15,2235494.8,212.5,79.0,6.5,0.0,175.0,0.0,89.95,90.4,0.0,76.22,0.0,1213.408959,100144.6,0.99,76.8,-598435.3,300820.8,0.9948,0.097,551.6,-0.09721,-74.55768,0.0,0,-1.0,-1.0,-1.0,-1.0,-1.0,0.0,0.0,0.0,0.0
1791563338.66,2235494.8,213.0,79.0,6.5,0.0,175.0,0.0,89.95,90.4,0.0,76.22,0.0,1213.408959,100144.6,0.99,76.8,-598435.3,300820.8,0.9948,0.097,551.6,-0.09721,-74.55768,0.0,0,-1.0,-1.0,-1.0,-1.0,-1.0,0.0,0.0,0.0,0.0
1791563339.18,2235494.8,213.5,79.0,6.5,0.0,175.0,0.0,89.95,90.4,0.0,76.22,0.0,1213.408959,100144.6,0.99,76.8,-598435.3,300820.8,0.9948,0.097,551.6,-0.09721,-74.55768,0.0,0,-1.0,-1.0,-1.0,-1.0,-1.0,0.0,0.0,0.0,0.0
1791563339.7,2235494.8,214.0,79.0,6.5,0.0,175.0,0.0,89.95,90.4,0.0,76.22,0.0,1213.408959,100144.6,0.99,76.8,-598435.3,300820.8,0.9948,0.097,551.6,-0.09721,-74.55768,0.0,0,-1.0,-1.0,-1.0,-1.0,-1.0,0.0,0.0,0.0,0.0
1791563340.21,2235494.8,214.6,79.0,6.5,0.0,175.0,0.0,89.95,90.4,0.0,76.22,0.0,1213.408959,100144.6,0.99,76.8,-598435.3,300820.8,0.9948,0.097,551.6,-0.09721,-74.55768,0.0,0,-1.0,-1.0,-1.0,-1.0,-1.0,0.0,0.0,0.0,0.0
1791563340.73,2235494.8,215.1,79.0,6.5,0.0,175.0,0.0,89.95,90.4,0.0,76.22,0.0,1213.408959,100144.6,0.99,76.8,-598435.3,300820.8,0.9948,0.097,551.6,-0.09721,-74.55768,0.0,0,-1.0,-1.0,-1.0,-1.0,-1.0,0.0,0.0,0.0,0.0
1791563341.24,2235494.8,215.6,79.0,6.5,0.0,175.0,0.0,89.95,90.4,0.0,76.22,0.0,1213.408959,100144.6,0.99,76.8,-598435.3,300820.8,0.9948,0.097,551.6,-0.09721,-74.55768,0.0,0,-1.0,-1.0,-1.0,-1.0,-1.0,0.0,0.0,0.0,0.0
1791563341.76,2235494.8,216.1,79.0,6.5,0.0,175.0,0.0,89.95,90.4,0.0,76.22,0.0,1213.408959,100144.6,0.99,76.8,-598435.3,300820.8,0.9948,0.097,551.6,-0.09721,-74.55768,0.0,0,-1.0,-1.0,-1.0,-1.0,-1.0,0.0,0.0,0.0,0.0
1791563342.27,2235494.8,216.6,79.0,6.5,0.0,175.0,0.0,89.95,90.4,0.0,76.22,0.0,1213.408959,100144.6,0.99,76.8,-598435.3,300820.8,0.9948,0.097,551.6,-0.09721,-74.55768,0.0,0,-1.0,-1.0,-1.0,-1.0,-1.0,0.0,0.0,0.0,0.0
1791563342.78,2235494.8,217.1,79.0,6.5,0.0,175.0,0.0,89.95,90.4,0.0,76.22,0.0,1213.408959,100144.6,0.99,76.8,-598435.3,300820.8,0.9948,0.097,551.6,-0.09721,-74.55768,0.0,0,-1.0,-1.0,-1.0,-1.0,-1.0,0.0,0.0,0.0,0.0
1791563343.29,2235494.8,217.6,79.0,6.5,0.0,175.0,0.0,89.95,90.4,0.0,76.22,0.0,1213.408959,100144.6,0.99,76.8,-598435.3,300820.8,0.9948,0.097,551.6,-0.09721,-74.55768,0.0,0,-1.0,-1.0,-1.0,-1.0,-1.0,0.0,0.0,0.0,0.0
1791563343.8,2235494.8,218.1,79.0,6.5,0.0,175.0,0.0,89.95,90.4,0.0,76.22,0.0,1213.408959,100144.6,0.99,76.8,-598435.3,300820.8,0.9948,0.097,551.6,-0.09721,-74.55768,0.0,0,-1.0,-1.0,-1.0,-1.0,-1.0,0.0,0.0,0.0,0.0
1791563344.31,2235494.8,218.7,79.0,6.5,0.0,175.0,0.0,89.95,90.4,0.0,76.22,0.0,1213.408959,100144.6,0.99,76.8,-598435.3,300820.8,0.9948,0.097,551.6,-0.09721,-74.55768,0.0,0,-1.0,-1.0,-1.0,-1.0,-1.0,0.0,0.0,0.0,0.0
1791563344.83,2235494.8,219.2,79.0,6.5,0.0,175.0,0.0,89.95,90.4,0.0,76.22,0.0,1213.408959,100144.6,0.99,76.8,-598435.3,300820.8,0.9948,0.097,551.6,-0.09721,-74.55768,0.0,0,-1.0,-1.0,-1.0,-1.0,-1.0,0.0,0.0,0.0,0.0
1791563345.34,2235494.8,219.7,79.0,6.5,0.0,175.0,0.0,89.95,90.4,0.0,76.22,0.0,1213.408959,100144.6,0.99,76.8,-598435.3,300820.8,0.9948,0.097,551.6,-0.09721,-74.55768,0.0,0,-1.0,-1.0,-1.0,-1.0,-1.0,0.0,0.0,0.0,0.0
1791563345.86,2235494.8,220.2,79.0,6.5,0.0,175.0,0.0,89.95,90.4,0.0,76.22,0.0,1213.408959,100144.6,0.99,76.8,-598435.3,300820.8,0.9948,0.097,551.6,-0.09721,-74.55768,0.0,0,-1.0,-1.0,-1.0,-1.0,-1.0,0.0,0.0,0.0,0.0
1791563346.37,2235494.8,220.7,79.0,6.5,0.0,175.0,0.0,89.95,90.4,0.0,76.22,0.0,1213.408959,100144.6,0.99,76.8,-598435.3,300820.8,0.9948,0.097,551.6,-0.09721,-74.55768,0.0,0,-1.0,-1.0,-1.0,-1.0,-1.0,0.0,0.0,0.0,0.0
1791563346.91,2235494.8,221.3,79.0,6.5,0.0,175.0,0.0,89.95,90.4,0.0,76.22,0.0,1213.408959,100144.6,0.99,76.8,-598435.3,300820.8,0.9948,0.097,551.6,-0.09721,-74.55768,0.0,0,-1.0,-1.0,-1.0,-1.0,-1.0,0.0,0.0,0.0,0.0
1791563347.43,2235494.8,221.8,79.0,6.5,0.0,175.0,0.0,89.95,90.4,0.0,76.22,0.0,1213.408959,100144.6,0.99,76.8,-598435.3,300820.8,0.9948,0.097,551.6,-0.09721,-74.55768,0.0,0,-1.0,-1.0,-1.0,-1.0,-1.0,0.0,0.0,0.0,0.0
1791563347.94,2235494.8,222.3,79.0,6.5,0.0,175.0,0.0,89.95,90.4,0.0,76.22,0.0,1213.408959,100144.6,0.99,76.8,-598435.3,300820.8,0.9948,0.097,551.6,-0.09721,-74.55768,0.0,0,-1.0,-1.0,-1.0,-1.0,-1.0,0.0,0.0,0.0,0.0
1791563348.45,2235494.8,222.8,79.0,6.5,0.0,175.0,0.0,89.95,90.4,0.0,76.22,0.0,1213.408959,100144.6,0.99,76.8,-598435.3,300820.8,0.9948,0.097,551.6,-0.09721,-74.55768,0.0,0,-1.0,-1.0,-1.0,-1.0,-1.0,0.0,0.0,0.0,0.0
1791563348.96,2235494.8,223.3,79.0,6.5,0.0,175.0,0.0,89.95,90.4,0.0,76.22,0.0,1213.408959,100144.6,0.99,76.8,-598435.3,300820.8,0.9948,0.097,551.6,-0.09721,-74.55768,0.0,0,-1.0,-1.0,-1.0,-1.0,-1.0,0.0,0.0,0.0,0.0
1791563349.47,2235494.8,223.8,79.0,6.5,0.0,175.0,0.0,89.95,90.4,0.0,76.22,0.0,1213.408959,100144.6,0.99,76.8,-598435.3,300820.8,0.9948,0.097,551.6,-0.09721,-74.55768,0.0,0,-1.0,-1.0,-1.0,-1.0,-1.0,0.0,0.0,0.0,0.0
1791563350.01,2235494.9,224.4,79.0,6.5,0.0,175.0,0.0,89.96,90.4,0.0,76.22,0.0,1213.408959,100144.6,0.99,76.8,-598435.3,300820.8,0.9948,0.097,551.6,-0.09721,-74.55768,0.0,0,-1.0,-1.0,-1.0,-1.0,-1.0,0.0,0.0,0.0,0.0
1791563350.52,2235495.1,224.9,79.0,6.5,0.0,175.0,0.0,89.97,90.4,0.0,76.22,0.0,1213.408959,100144.6,0.99,76.8,-598435.3,300820.8,0.9948,0.097,551.6,-0.09721,-74.55768,0.0,0,-1.0,-1.0,-1.0,-1.0,-1.0,0.0,0.0,0.0,0.0
1791563351.04,2235495.5,225.4,79.0,6.5,0.0,175.0,0.0,89.97,90.4,0.0,76.21,0.0,1213.408959,100144.6,0.99,76.8,-598435.3,300820.8,0.9948,0.097,551.6,-0.09721,-74.55768,0.0,0,-1.0,-1.0,-1.0,-1.0,-1.0,0.0,0.0,0.0,0.0
1791563351.54,2235496.0,225.9,79.0,6.5,0.0,175.0,0.0,89.96,90.4,0.0,76.2,0.0,1213.408959,100144.6,0.99,76.8,-598435.3,300820.8,0.9948,0.097,551.6,-0.09721,-74.55768,0.0,0,-1.0,-1.0,-1.0,-1.0,-1.0,0.0,0.0,0.0,0.0
1791563352.05,2235496.5,226.4,79.0,6.5,0.0,175.0,0.0,89.96,90.4,0.0,76.19,0.0,1213.408959,100144.6,0.99,76.8,-598435.3,300820.8,0.9948,0.097,551.6,-0.09721,-74.55768,0.0,0,-1.0,-1.0,-1.0,-1.0,-1.0,0.0,0.0,0.0,0.0
1791563352.56,2235497.0,226.9,79.0,6.5,0.0,175.0,0.0,89.97,90.4,0.0,76.18,0.0,1213.408959,100144.6,0.99,76.8,-598435.3,300820.8,0.9948,0.097,551.6,-0.09721,-74.55768,0.0,0,-1.0,-1.0,-1.0,-1.0,-1.0,0.0,0.0,0.0,0.0
1791563353.06,2235497.5,227.4,79.0,6.5,0.0,175.0,0.0,89.96,90.4,0.0,76.17,0.0,1213.408959,100144.6,0.99,76.8,-598435.3,300820.8,0.9948,0.097,551.6,-0.09721,-74.55768,0.0,0,-1.0,-1.0,-1.0,-1.0,-1.0,0.0,0.0,0.0,0.0
1791563353.57,2235498.0,227.9,79.0,6.5,0.0,175.0,0.0,89.97,90.4,0.0,76.17,0.0,1213.408959,100144.6,0.99,76.8,-598435.3,300820.8,0.9948,0.097,551.6,-0.09721,-74.55768,0.0,0,-1.0,-1.0,-1.0,-1.0,-1.0,0.0,0.0,0.0,0.0
1791563354.08,2235498.5,228.4,79.0,6.5,0.0,175.0,0.0,89.95,90.4,0.0,76.16,0.0,1213.408959,100144.6,0.99,76.8,-598435.3,300820.8,0.9948,0.097,551.6,-0.09721,-74.55768,0.0,0,-1.0,-1.0,-1.0,-1.0,-1.0,0.0,0.0,0.0,0.0
1791563354.58,2235499.0,228.9,79.0,6.5,0.0,175.0,0.0,89.97,90.4,0.0,76.15,0.0,1213.408959,100144.6,0.99,76.8,-598435.3,300820.8,0.9948,0.097,551.6,-0.09721,-74.55768,0.0,0,-1.0,-1.0,-1.0,-1.0,-1.0,0.0,0.0,0.0,0.0
1791563355.09,2235499.6,229.4,79.0,6.5,0.0,175.0,0.0,89.95,90.4,0.0,76.14,0.0,1213.408959,100144.6,0.99,76.8,-598435.3,300820.8,0.9948,0.097,551.6,-0.09721,-74.55768,0.0,0,-1.0,-1.0,-1.0,-1.0,-1.0,0.0,0.0,0.0,0.0
1791563355.62,2235500.1,230.0,79.0,6.5,0.0,175.0,0.0,89.95,90.4,0.0,76.13,0.0,1213.408959,100144.6,0.99,76.8,-598435.3,300820.8,0.9948,0.097,551.6,-0.09721,-74.55768,0.0,0,-1.0,-1.0,-1.0,-1.0,-1.0,0.0,0.0,0.0,0.0
1791563356.12,2235500.6,230.5,79.0,6.5,0.0,175.0,0.0,89.96,90.4,0.0,76.12,0.0,1213.408959,100144.6,0.99,76.8,-598435.3,300820.8,0.9948,0.097,551.6,-0.09721,-74.55768,0.0,0,-1.0,-1.0,-1.0,-1.0,-1.0,0.0,0.0,0.0,0.0
1791563356.69,2235501.0,231.0,79.0,6.5,0.0,175.0,0.0,89.96,90.4,0.0,76.12,0.0,1213.408959,100144.6,0.99,76.8,-598435.3,300820.8,0.9948,0.097,551.6,-0.09721,-74.55768,0.0,0,-1.0,-1.0,-1.0,-1.0,-1.0,0.0,0.0,0.0,0.0
1791563357.19,2235501.5,231.5,79.0,6.5,0.0,175.0,0.0,89.97,90.4,0.0,76.11,0.0,1213.408959,100144.6,0.99,76.8,-598435.3,300820.8,0.9948,0.097,551.6,-0.09721,-74.55768,0.0,0,-1.0,-1.0,-1.0,-1.0,-1.0,0.0,0.0,0.0,0.0
1791563357.7,2235502.0,232.0,79.0,6.5,0.0,175.0,0.0,89.95,90.4,0.0,76.1,0.0,1213.408959,100144.6,0.99,76.8,-598435.3,300820.8,0.9948,0.097,551.6,-0.09721,-74.55768,0.0,0,-1.0,-1.0,-1.0,-1.0,-1.0,0.0,0.0,0.0,0.0
1791563358.21,2235502.5,232.6,79.0,6.5,0.0,175.0,0.0,89.95,90.4,0.0,76.09,0.0,1213.408959,100144.6,0.99,76.8,-598435.3,300820.8,0.9948,0.097,551.6,-0.09721,-74.55768,0.0,0,-1.0,-1.0,-1.0,-1.0,-1.0,0.0,0.0,0.0,0.0
1791563358.72,2235503.0,233.1,79.0,6.5,0.0,175.0,0.0,89.97,90.4,0.0,76.08,0.0,1213.408959,100144.6,0.99,76.8,-598435.3,300820.8,0.9948,0.097,551.6,-0.09721,-74.55768,0.0,0,-1.0,-1.0,-1.0,-1.0,-1.0,0.0,0.0,0.0,0.0
1791563359.23,2235503.5,233.6,79.0,6.5,0.0,175.0,0.0,89.95,90.4,0.0,76.07,0.0,1213.408959,100144.6,0.99,76.8,-598435.3,300820.8,0.9948,0.097,551.6,-0.09721,-74.55768,0.0,0,-1.0,-1.0,-1.0,-1.0,-1.0,0.0,0.0,0.0,0.0
1791563359.73,2235503.9,234.1,79.0,6.5,0.0,175.0,0.0,89.97,90.4,0.0,76.07,0.0,1213.408959,100144.6,0.99,76.8,-598435.3,300820.8,0.9948,0.097,551.6,-0.09721,-74.55768,0.0,0,-1.0,-1.0,-1.0,-1.0,-1.0,0.0,0.0,0.0,0.0
1791563360.26,2235504.3,234.6,79.0,6.5,0.0,175.0,0.0,89.96,90.4,0.0,76.06,0.0,1213.408959,100144.6,0.99,76.8,-598435.3,300820.8,0.9948,0.097,551.6,-0.09721,-74.55768,0.0,0,-1.0,-1.0,-1.0,-1.0,-1.0,0.0,0.0,0.0,0.0
1791563360.76,2235504.7,235.1,79.0,6.5,0.0,175.0,0.0,89.96,90.4,0.0,76.06,0.0,1213.408959,100144.6,0.99,76.8,-598435.3,300820.8,0.9948,0.097,551.6,-0.09721,-74.55768,0.0,0,-1.0,-1.0,-1.0,-1.0,-1.0,0.0,0.0,0.0,0.0
1791563361.27,2235505.2,235.6,79.0,6.5,0.0,175.0,0.0,89.96,90.4,0.0,76.05,0.0,1213.408959,100144.6,0.99,76.8,-598435.3,300820.8,0.9948,0.097,551.6,-0.09721,-74.55768,0.0,0,-1.0,-1.0,-1.0,-1.0,-1.0,0.0,0.0,0.0,0.0
1791563361.78,2235505.7,236.1,79.0,6.5,0.0,175.0,0.0,89.95,90.4,0.0,76.04,0.0,1213.408959,100144.6,0.99,76.8,-598435.3,300820.8,0.9948,0.097,551.6,-0.09721,-74.55768,0.0,0,-1.0,-1.0,-1.0,-1.0,-1.0,0.0,0.0,0.0,0.0
1791563362.28,2235506.2,236.6,79.0,6.5,0.0,175.0,0.0,89.95,90.4,0.0,76.03,0.0,1213.408959,100144.6,0.99,76.8,-598435.3,300820.8,0.9948,0.097,551.6,-0.09721,-74.55768,0.0,0,-1.0,-1.0,-1.0,-1.0,-1.0,0.0,0.0,0.0,0.0
1791563362.78,2235506.5,237.1,79.0,6.5,0.0,175.0,0.0,89.95,90.4,0.0,76.03,0.0,1213.408959,100144.6,0.99,76.8,-598435.3,300820.8,0.9948,0.097,551.6,-0.09721,-74.55768,0.0,0,-1.0,-1.0,-1.0,-1.0,-1.0,0.0,0.0,0.0,0.0
1791563363.3,2235507.0,237.6,79.0,6.5,0.0,175.0,0.0,89.97,90.4,0.0,76.02,0.0,1213.408959,100144.6,0.99,76.8,-598435.3,300820.8,0.9948,0.097,551.6,-0.09721,-74.55768,0.0,0,-1.0,-1.0,-1.0,-1.0,-1.0,0.0,0.0,0.0,0.0
1791563363.9,2235507.3,238.2,79.0,6.5,0.0,175.0,0.0,89.95,90.4,0.0,76.01,0.0,1213.408959,100144.6,0.99,76.8,-598435.3,300820.8,0.9948,0.097,551.6,-0.09721,-74.55768,0.0,0,-1.0,-1.0,-1.0,-1.0,-1.0,0.0,0.0,0.0,0.0
1791563364.4,2235507.7,238.7,79.0,6.5,0.0,175.0,0.0,89.96,90.4,0.0,76.0,0.0,1213.408959,100144.6,0.99,76.8,-598435.3,300820.8,0.9948,0.097,551.6,-0.09721,-74.55768,0.0,0,-1.0,-1.0,-1.0,-1.0,-1.0,0.0,0.0,0.0,0.0
1791563364.91,2235508.0,239.2,79.0,6.5,0.0,175.0,0.0,89.97,90.4,0.0,76.0,0.0,1213.408959,100144.6,0.99,76.8,-598435.3,300820.8,0.9948,0.097,551.6,-0.09721,-74.55768,0.0,0,-1.0,-1.0,-1.0,-1.0,-1.0,0.0,0.0,0.0,0.0
1791563365.42,2235508.5,239.8,79.0,6.5,0.0,175.0,0.0,89.95,90.4,0.0,75.99,0.0,1213.408959,100144.6,0.99,76.8,-598435.3,300820.8,0.9948,0.097,551.6,-0.09721,-74.55768,0.0,0,-1.0,-1.0,-1.0,-1.0,-1.0,0.0,0.0,0.0,0.0
1791563365.93,2235509.0,240.3,79.0,6.5,0.0,175.0,0.0,89.97,90.4,0.0,75.98,0.0,1213.408959,100144.6,0.99,76.8,-598435.3,300820.8,0.9948,0.097,551.6,-0.09721,-74.55768,0.0,0,-1.0,-1.0,-1.0,-1.0,-1.0,0.0,0.0,0.0,0.0
1791563366.43,2235509.5,240.8,79.0,6.5,0.0,175.0,0.0,89.95,90.4,0.0,75.98,0.0,1213.408959,100144.6,0.99,76.8,-598435.3,300820.8,0.9948,0.097,551.6,-0.09721,-74.55768,0.0,0,-1.0,-1.0,-1.0,-1.0,-1.0,0.0,0.0,0.0,0.0
1791563366.93,2235510.0,241.3,79.0,6.5,0.0,175.0,0.0,89.95,90.4,0.0,75.97,0.0,1213.408959,100144.6,0.99,76.8,-598435.3,300820.8,0.9948,0.097,551.6,-0.09721,-74.55768,0.0,0,-1.0,-1.0,-1.0,-1.0,-1.0,0.0,0.0,0.0,0.0
1791563367.44,2235510.5,241.8,79.0,6.5,0.0,175.0,0.0,89.97,90.4,0.0,75.96,0.0,1213.408959,100144.6,0.99,76.8,-598435.3,300820.8,0.9948,0.097,551.6,-0.09721,-74.55768,0.0,0,-1.0,-1.0,-1.0,-1.0,-1.0,0.0,0.0,0.0,0.0
1791563367.94,2235511.0,242.3,79.0,6.5,0.0,175.0,0.0,89.95,90.4,0.0,75.95,0.0,1213.408959,100144.6,0.99,76.8,-598435.3,300820.8,0.9948,0.097,551.6,-0.09721,-74.55768,0.0,0,-1.0,-1.0,-1.0,-1.0,-1.0,0.0,0.0,0.0,0.0
1791563368.44,2235511.5,242.8,79.0,6.5,0.0,175.0,0.0,89.95,90.4,0.0,75.94,0.0,1213.408959,100144.6,0.99,76.8,-598435.3,300820.8,0.9948,0.097,551.6,-0.09721,-74.55768,0.0,0,-1.0,-1.0,-1.0,-1.0,-1.0,0.0,0.0,0.0,0.0
1791563368.95,2235512.0,243.3,79.0,6.5,0.0,175.0,0.0,89.95,90.4,0.0,75.93,0.0,1213.408959,100144.6,0.99,76.8,-598435.3,300820.8,0.9948,0.097,551.6,-0.09721,-74.55768,0.0,0,-1.0,-1.0,-1.0,-1.0,-1.0,0.0,0.0,0.0,0.0
1791563369.45,2235512.5,243.8,79.0,6.5,0.0,175.0,0.0,89.97,90.4,0.0,75.93,0.0,1213.408959,100144.6,0.99,76.8,-598435.3,300820.8,0.9948,0.097,551.6,-0.09721,-74.55768,0.0,0,-1.0,-1.0,-1.0,-1.0,-1.0,0.0,0.0,0.0,0.0
1791563369.95,2235513.0,244.3,79.0,6.5,0.0,175.0,0.0,89.95,90.4,0.0,75.92,0.0,1213.408959,100144.6,0.99,76.8,-598435.3,300820.8,0.9948,0.097,551.6,-0.09721,-74.55768,0.0,0,-1.0,-1.0,-1.0,-1.0,-1.0,0.0,0.0,0.0,0.0
1791563370.45,2235513.5,244.8,79.0,6.5,0.0,175.0,0.0,89.95,90.4,0.0,75.91,0.0,1213.408959,100144.6,0.99,76.8,-598435.3,300820.8,0.9948,0.097,551.6,-0.09721,-74.55768,0.0,0,-1.0,-1.0,-1.0,-1.0,-1.0,0.0,0.0,0.0,0.0
1791563370.96,2235514.0,245.3,79.0,6.5,0.0,175.0,0.0,89.95,90.4,0.0,75.9,0.0,1213.408959,100144.6,0.99,76.8,-598435.3,300820.8,0.9948,0.097,551.6,-0.09721,-74.55768,0.0,0,-1.0,-1.0,-1.0,-1.0,-1.0,0.0,0.0,0.0,0.0
1791563371.46,2235514.5,245.8,79.0,6.5,0.0,175.0,0.0,89.95,90.4,0.0,75.89,0.0,1213.408959,100144.6,0.99,76.8,-598435.3,300820.8,0.9948,0.097,551.6,-0.09721,-74.55768,0.0,0,-1.0,-1.0,-1.0,-1.0,-1.0,0.0,0.0,0.0,0.0
1791563371.96,2235514.7,246.3,79.0,6.5,0.0,175.0,0.0,89.96,90.4,0.0,75.89,0.0,1213.408959,100144.6,0.99,76.8,-598435.3,300820.8,0.9948,0.097,551.6,-0.09721,-74.55768,0.0,0,-1.0,-1.0,-1.0,-1.0,-1.0,0.0,0.0,0.0,0.0
1791563372.47,2235514.7,246.8,79.0,6.5,0.0,175.0,0.0,89.96,90.4,0.0,75.89,0.0,1213.408959,100144.6,0.99,76.8,-598435.3,300820.8,0.9948,0.097,551.6,-0.09721,-74.55768,0.0,0,-1.0,-1.0,-1.0,-1.0,-1.0,0.0,0.0,0.0,0.0
1791563372.97,2235514.7,247.3,79.0,6.5,0.0,175.0,0.0,89.95,90.4,0.0,75.89,0.0,1213.408959,100144.6,0.99,76.8,-598435.3,300820.8,0.9948,0.097,551.6,-0.09721,-74.55768,0.0,0,-1.0,-1.0,-1.0,-1.0,-1.0,0.0,0.0,0.0,0.0
1791563373.47,2235515.1,247.8,79.0,6.5,0.0,175.0,0.0,89.95,90.4,0.0,75.88,0.0,1213.408959,100144.6,0.99,76.8,-598435.3,300820.8,0.9948,0.097,551.6,-0.09721,-74.55768,0.0,0,-1.0,-1.0,-1.0,-1.0,-1.0,0.0,0.0,0.0,0.0
1791563373.97,2235515.6,248.3,79.0,6.5,0.0,175.0,0.0,89.96,90.4,0.0,75.87,0.0,1213.408959,100144.6,0.99,76.8,-598435.3,300820.8,0.9948,0.097,551.6,-0.09721,-74.55768,0.0,0,-1.0,-1.0,-1.0,-1.0,-1.0,0.0,0.0,0.0,0.0
1791563374.47,2235516.1,248.8,79.0,6.5,0.0,175.0,0.0,89.96,90.4,0.0,75.87,0.0,1213.408959,100144.6,0.99,76.8,-598435.3,300820.8,0.9948,0.097,551.6,-0.09721,-74.55768,0.0,0,-1.0,-1.0,-1.0,-1.0,-1.0,0.0,0.0,0.0,0.0
1791563374.98,2235516.6,249.3,79.0,6.5,0.0,175.0,0.0,89.97,90.4,0.0,75.86,0.0,1213.408959,100144.6,0.99,76.8,-598435.3,300820.8,0.9948,0.097,551.6,-0.09721,-74.55768,0.0,0,-1.0,-1.0,-1.0,-1.0,-1.0,0.0,0.0,0.0,0.0
1791563375.48,2235517.1,249.8,79.0,6.5,0.0,175.0,0.0,89.97,90.4,0.0,75.85,0.0,1213.408959,100144.6,0.99,76.8,-598435.3,300820.8,0.9948,0.097,551.6,-0.09721,-74.55768,0.0,0,-1.0,-1.0,-1.0,-1.0,-1.0,0.0,0.0,0.0,0.0
1791563375.98,2235517.6,250.3,79.0,6.5,0.0,175.0,0.0,89.96,90.4,0.0,75.84,0.0,1213.408959,100144.6,0.99,76.8,-598435.3,300820.8,0.9948,0.097,551.6,-0.09721,-74.55768,0.0,0,-1.0,-1.0,-1.0,-1.0,-1.0,0.0,0.0,0.0,0.0
1791563376.48,2235518.1,250.8,79.0,6.5,0.0,175.0,0.0,89.96,90.4,0.0,75.83,0.0,1213.408959,100144.6,0.99,76.8,-598435.3,300820.8,0.9948,0.097,551.6,-0.09721,-74.55768,0.0,0,-1.0,-1.0,-1.0,-1.0,-1.0,0.0,0.0,0.0,0.0
1791563376.98,2235518.6,251.3,79.0,6.5,0.0,175.0,0.0,89.97,90.4,0.0,75.82,0.0,1213.408959,100144.6,0.99,76.8,-598435.3,300820.8,0.9948,0.097,551.6,-0.09721,-74.55768,0.0,0,-1.0,-1.0,-1.0,-1.0,-1.0,0.0,0.0,0.0,0.0
1791563377.49,2235519.1,251.8,79.0,6.5,0.0,175.0,0.0,89.97,90.4,0.0,75.81,0.0,1213.408959,100144.6,0.99,76.8,-598435.3,300820.8,0.9948,0.097,551.6,-0.09721,-74.55768,0.0,0,-1.0,-1.0,-1.0,-1.0,-1.0,0.0,0.0,0.0,0.0
1791563377.99,2235519.6,252.3,79.0,6.5,0.0,175.0,0.0,89.96,90.4,0.0,75.81,0.0,1213.408959,100144.6,0.99,76.8,-598435.3,300820.8,0.9948,0.097,551.6,-0.09721,-74.55768,0.0,0,-1.0,-1.0,-1.0,-1.0,-1.0,0.0,0.0,0.0,0.0
1791563378.49,2235519.9,252.8,79.0,6.5,0.0,175.0,0.0,89.96,90.4,0.0,75.8,0.0,1213.408959,100144.6,0.99,76.8,-598435.3,300820.8,0.9948,0.097,551.6,-0.09721,-74.55768,0.0,0,-1.0,-1.0,-1.0,-1.0,-1.0,0.0,0.0,0.0,0.0
1791563378.99,2235519.9,253.3,79.0,6.5,0.0,175.0,0.0,89.96,90.4,0.0,75.8,0.0,1213.408959,100144.6,0.99,76.8,-598435.3,300820.8,0.9948,0.097,551.6,-0.09721,-74.55768,0.0,0,-1.0,-1.0,-1.0,-1.0,-1.0,0.0,0.0,0.0,0.0
1791563379.49,2235520.2,253.8,79.0,6.5,0.0,175.0,0.0,89.96,90.4,0.0,75.8,0.0,1213.408959,100144.6,0.99,76.8,-598435.3,300820.8,0.9948,0.097,551.6,-0.09721,-74.55768,0.0,0,-1.0,-1.0,-1.0,-1.0,-1.0,0.0,0.0,0.0,0.0
1791563380.0,2235520.7,254.3,79.0,6.5,0.0,175.0,0.0,89.97,90.4,0.0,75.79,0.0,1213.408959,100144.6,0.99,76.8,-598435.3,300820.8,0.9948,0.097,551.6,-0.09721,-74.55768,0.0,0,-1.0,-1.0,-1.0,-1.0,-1.0,0.0,0.0,0.0,0.0
1791563380.5,2235521.1,254.8,79.0,6.5,0.0,175.0,0.0,89.96,90.4,0.0,75.78,0.0,1213.408959,100144.6,0.99,76.8,-598435.3,300820.8,0.9948,0.097,551.6,-0.09721,-74.55768,0.0,0,-1.0,-1.0,-1.0,-1.0,-1.0,0.0,0.0,0.0,0.0
1791563381.0,2235521.6,255.3,79.0,6.5,0.0,175.0,0.0,89.95,90.4,0.0,75.77,0.0,1213.408959,100144.6,0.99,76.8,-598435.3,300820.8,0.9948,0.097,551.6,-0.09721,-74.55768,0.0,0,-1.0,-1.0,-1.0,-1.0,-1.0,0.0,0.0,0.0,0.0
1791563381.5,2235522.1,255.8,79.0,6.5,0.0,175.0,0.0,89.96,90.4,0.0,75.76,0.0,1213.408959,100144.6,0.99,76.8,-598435.3,300820.8,0.9948,0.097,551.6,-0.09721,-74.55768,0.0,0,-1.0,-1.0,-1.0,-1.0,-1.0,0.0,0.0,0.0,0.0
1791563382.0,2235522.6,256.3,79.0,6.5,0.0,175.0,0.0,89.97,90.4,0.0,75.76,0.0,1213.408959,100144.6,0.99,76.8,-598435.3,300820.8,0.9948,0.097,551.6,-0.09721,-74.55768,0.0,0,-1.0,-1.0,-1.0,-1.0,-1.0,0.0,0.0,0.0,0.0
1791563382.5,2235523.1,256.8,79.0,6.5,0.0,175.0,0.0,89.95,90.4,0.0,75.75,0.0,1213.408959,100144.6,0.99,76.8,-598435.3,300820.8,0.9948,0.097,551.6,-0.09721,-74.55768,0.0,0,-1.0,-1.0,-1.0,-1.0,-1.0,0.0,0.0,0.0,0.0
1791563383.01,2235523.6,257.3,79.0,6.5,0.0,175.0,0.0,89.97,90.4,0.0,75.74,0.0,1213.408959,100144.6,0.99,76.8,-598435.3,300820.8,0.9948,0.097,551.6,-0.09721,-74.55768,0.0,0,-1.0,-1.0,-1.0,-1.0,-1.0,0.0,0.0,0.0,0.0
1791563383.51,2235524.1,257.8,79.0,6.5,0.0,175.0,0.0,89.96,90.4,0.0,75.73,0.0,1213.408959,100144.6,0.99,76.8,-598435.3,300820.8,0.9948,0.097,551.6,-0.09721,-74.55768,0.0,0,-1.0,-1.0,-1.0,-1.0,-1.0,0.0,0.0,0.0,0.0
1791563384.01,2235524.5,258.4,79.0,6.5,0.0,175.0,0.0,89.96,90.4,0.0,75.72,0.0,1213.408959,100144.6,0.99,76.8,-598435.3,300820.8,0.9948,0.097,551.6,-0.09721,-74.55768,0.0,0,-1.0,-1.0,-1.0,-1.0,-1.0,0.0,0.0,0.0,0.0
1791563384.51,2235524.5,258.9,79.0,6.5,0.0,175.0,0.0,89.96,90.4,0.0,75.72,0.0,1213.408959,100144.6,0.99,76.8,-598435.3,300820.8,0.9948,0.097,551.6,-0.09721,-74.55768,0.0,0,-1.0,-1.0,-1.0,-1.0,-1.0,0.0,0.0,0.0,0.0
1791563385.01,2235524.7,259.4,79.0,6.5,0.0,175.0,0.0,89.96,90.4,0.0,75.72,0.0,1213.408959,100144.6,0.99,76.8,-598435.3,300820.8,0.9948,0.097,551.6,-0.09721,-74.55768,0.0,0,-1.0,-1.0,-1.0,-1.0,-1.0,0.0,0.0,0.0,0.0
1791563385.51,2235525.3,259.9,79.0,6.5,0.0,175.0,0.0,89.96,90.4,0.0,75.71,0.0,1213.408959,100144.6,0.99,76.8,-598435.3,300820.8,0.9948,0.097,551.6,-0.09721,-74.55768,0.0,0,-1.0,-1.0,-1.0,-1.0,-1.0,0.0,0.0,0.0,0.0
1791563386.01,2235525.8,260.4,79.0,6.5,0.0,175.0,0.0,89.95,90.4,0.0,75.7,0.0,1213.408959,100144.6,0.99,76.8,-598435.3,300820.8,0.9948,0.097,551.6,-0.09721,-74.55768,0.0,0,-1.0,-1.0,-1.0,-1.0,-1.0,0.0,0.0,0.0,0.0
1791563386.52,2235526.3,260.9,79.0,6.5,0.0,175.0,0.0,89.96,90.4,0.0,75.7,0.0,1213.408959,100144.6,0.99,76.8,-598435.3,300820.8,0.9948,0.097,551.6,-0.09721,-74.55768,0.0,0,-1.0,-1.0,-1.0,-1.0,-1.0,0.0,0.0,0.0,0.0
1791563387.02,2235526.8,261.4,79.0,6.5,0.0,175.0,0.0,89.96,90.4,0.0,75.69,0.0,1213.408959,100144.6,0.99,76.8,-598435.3,300820.8,0.9948,0.097,551.6,-0.09721,-74.55768,0.0,0,-1.0,-1.0,-1.0,-1.0,-1.0,0.0,0.0,0.0,0.0
1791563387.52,2235527.3,261.9,79.0,6.5,0.0,175.0,0.0,89.96,90.4,0.0,75.68,0.0,1213.408959,100144.6,0.99,76.8,-598435.3,300820.8,0.9948,0.097,551.6,-0.09721,-74.55768,0.0,0,-1.0,-1.0,-1.0,-1.0,-1.0,0.0,0.0,0.0,0.0
1791563388.03,2235527.8,262.4,79.0,6.5,0.0,175.0,0.0,89.96,90.4,0.0,75.67,0.0,1213.408959,100144.6,0.99,76.8,-598435.3,300820.8,0.9948,0.097,551.6,-0.09721,-74.55768,0.0,0,-1.0,-1.0,-1.0,-1.0,-1.0,0.0,0.0,0.0,0.0
1791563388.53,2235528.3,262.9,79.0,6.5,0.0,175.0,0.0,89.97,90.4,0.0,75.66,0.0,1213.408959,100144.6,0.99,76.8,-598435.3,300820.8,0.9948,0.097,551.6,-0.09721,-74.55768,0.0,0,-1.0,-1.0,-1.0,-1.0,-1.0,0.0,0.0,0.0,0.0
1791563389.03,2235528.8,263.4,79.0,6.5,0.0,175.0,0.0,89.96,90.4,0.0,75.65,0.0,1213.408959,100144.6,0.99,76.8,-598435.3,300820.8,0.9948,0.097,551.6,-0.09721,-74.55768,0.0,0,-1.0,-1.0,-1.0,-1.0,-1.0,0.0,0.0,0.0,0.0
1791563389.53,2235529.1,263.9,79.0,6.5,0.0,175.0,0.0,89.95,90.4,0.0,75.65,0.0,1213.408959,100144.6,0.99,76.8,-598435.3,300820.8,0.9948,0.097,551.6,-0.09721,-74.55768,0.0,0,-1.0,-1.0,-1.0,-1.0,-1.0,0.0,0.0,0.0,0.0
1791563390.03,2235529.1,264.4,79.0,6.5,0.0,175.0,0.0,89.95,90.4,0.0,75.65,0.0,1213.408959,100144.6,0.99,76.8,-598435.3,300820.8,0.9948,0.097,551.6,-0.09721,-74.55768,0.0,0,-1.0,-1.0,-1.0,-1.0,-1.0,0.0,0.0,0.0,0.0
1791563390.54,2235529.1,264.9,79.0,6.5,0.0,175.0,0.0,89.95,90.4,0.0,75.65,0.0,1213.408959,100144.6,0.99,76.8,-598435.3,300820.8,0.9948,0.097,551.6,-0.09721,-74.55768,0.0,0,-1.0,-1.0,-1.0,-1.0,-1.0,0.0,0.0,0.0,0.0
1791563391.04,2235529.4,265.4,79.0,6.5,0.0,175.0,0.0,89.95,90.4,0.0,75.64,0.0,1213.408959,100144.6,0.99,76.8,-598435.3,300820.8,0.9948,0.097,551.6,-0.09721,-74.55768,0.0,0,-1.0,-1.0,-1.0,-1.0,-1.0,0.0,0.0,0.0,0.0
1791563391.54,2235529.9,265.9,79.0,6.5,0.0,175.0,0.0,89.95,90.4,0.0,75.63,0.0,1213.408959,100144.6,0.99,76.8,-598435.3,300820.8,0.9948,0.097,551.6,-0.09721,-74.55768,0.0,0,-1.0,-1.0,-1.0,-1.0,-1.0,0.0,0.0,0.0,0.0
1791563392.04,2235530.4,266.4,79.0,6.5,0.0,175.0,0.0,89.95,90.4,0.0,75.63,0.0,1213.408959,100144.6,0.99,76.8,-598435.3,300820.8,0.9948,0.097,551.6,-0.09721,-74.55768,0.0,0,-1.0,-1.0,-1.0,-1.0,-1.0,0.0,0.0,0.0,0.0
1791563392.54,2235530.9,266.9,79.0,6.5,0.0,175.0,0.0,89.97,90.4,0.0,75.62,0.0,1213.408959,100144.6,0.99,76.8,-598435.3,300820.8,0.9948,0.097,551.6,-0.09721,-74.55768,0.0,0,-1.0,-1.0,-1.0,-1.0,-1.0,0.0,0.0,0.0,0.0
1791563393.04,2235531.4,267.4,79.0,6.5,0.0,175.0,0.0,89.97,90.4,0.0,75.61,0.0,1213.408959,100144.6,0.99,76.8,-598435.3,300820.8,0.9948,0.097,551.6,-0.09721,-74.55768,0.0,0,-1.0,-1.0,-1.0,-1.0,-1.0,0.0,0.0,0.0,0.0
1791563393.55,2235531.9,267.9,79.0,6.5,0.0,175.0,0.0,89.95,90.4,0.0,75.6,0.0,1213.408959,100144.6,0.99,76.8,-598435.3,300820.8,0.9948,0.097,551.6,-0.09721,-74.55768,0.0,0,-1.0,-1.0,-1.0,-1.0,-1.0,0.0,0.0,0.0,0.0
1791563394.05,2235532.0,268.4,79.0,6.5,0.0,175.0,0.0,89.95,90.4,0.0,75.6,0.0,1213.408959,100144.6,0.99,76.8,-598435.3,300820.8,0.9948,0.097,551.6,-0.09721,-74.55768,0.0,0,-1.0,-1.0,-1.0,-1.0,-1.0,0.0,0.0,0.0,0.0
1791563394.55,2235532.4,268.9,79.0,6.5,0.0,175.0,0.0,89.96,90.4,0.0,75.59,0.0,1213.408959,100144.6,0.99,76.8,-598435.3,300820.8,0.9948,0.097,551.6,-0.09721,-74.55768,0.0,0,-1.0,-1.0,-1.0,-1.0,-1.0,0.0,0.0,0.0,0.0
1791563395.06,2235532.9,269.4,79.0,6.5,0.0,175.0,0.0,89.95,90.4,0.0,75.59,0.0,1213.408959,100144.6,0.99,76.8,-598435.3,300820.8,0.9948,0.097,551.6,-0.09721,-74.55768,0.0,0,-1.0,-1.0,-1.0,-1.0,-1.0,0.0,0.0,0.0,0.0
1791563395.56,2235533.4,269.9,79.0,6.5,0.0,175.0,0.0,89.95,90.4,0.0,75.58,0.0,1213.408959,100144.6,0.99,76.8,-598435.3,300820.8,0.9948,0.097,551.6,-0.09721,-74.55768,0.0,0,-1.0,-1.0,-1.0,-1.0,-1.0,0.0,0.0,0.0,0.0
1791563396.06,2235533.6,270.4,79.0,6.5,0.0,175.0,0.0,89.95,90.4,0.0,75.57,0.0,1213.408959,100144.6,0.99,76.8,-598435.3,300820.8,0.9948,0.097,551.6,-0.09721,-74.55768,0.0,0,-1.0,-1.0,-1.0,-1.0,-1.0,0.0,0.0,0.0,0.0
1791563396.56,2235534.1,270.9,79.0,6.5,0.0,175.0,0.0,89.97,90.4,0.0,75.56,0.0,1213.408959,100144.6,0.99,76.8,-598435.3,300820.8,0.9948,0.097,551.6,-0.09721,-74.55768,0.0,0,-1.0,-1.0,-1.0,-1.0,-1.0,0.0,0.0,0.0,0.0
1791563397.06,2235534.6,271.4,79.0,6.5,0.0,175.0,0.0,89.95,90.4,0.0,75.56,0.0,1213.408959,100144.6,0.99,76.8,-598435.3,300820.8,0.9948,0.097,551.6,-0.09721,-74.55768,0.0,0,-1.0,-1.0,-1.0,-1.0,-1.0,0.0,0.0,0.0,0.0
1791563397.57,2235535.1,271.9,79.0,6.5,0.0,175.0,0.0,89.97,90.4,0.0,75.55,0.0,1213.408959,100144.6,0.99,76.8,-598435.3,300820.8,0.9948,0.097,551.6,-0.09721,-74.55768,0.0,0,-1.0,-1.0,-1.0,-1.0,-1.0,0.0,0.0,0.0,0.0
1791563398.07,2235535.6,272.4,79.0,6.5,0.0,175.0,0.0,89.96,90.4,0.0,75.54,0.0,1213.408959,100144.6,0.99,76.8,-598435.3,300820.8,0.9948,0.097,551.6,-0.09721,-74.55768,0.0,0,-1.0,-1.0,-1.0,-1.0,-1.0,0.0,0.0,0.0,0.0
1791563398.57,2235536.1,272.9,79.0,6.5,0.0,175.0,0.0,89.96,90.4,0.0,75.53,0.0,1213.408959,100144.6,0.99,76.8,-598435.3,300820.8,0.9948,0.097,551.6,-0.09721,-74.55768,0.0,0,-1.0,-1.0,-1.0,-1.0,-1.0,0.0,0.0,0.0,0.0
1791563399.07,2235536.6,273.4,79.0,6.5,0.0,175.0,0.0,89.95,90.4,0.0,75.52,0.0,1213.408959,100144.6,0.99,76.8,-598435.3,300820.8,0.9948,0.097,551.6,-0.09721,-74.55768,0.0,0,-1.0,-1.0,-1.0,-1.0,-1.0,0.0,0.0,0.0,0.0
1791563399.57,2235537.1,273.9,79.0,6.5,0.0,175.0,0.0,89.95,90.4,0.0,75.51,0.0,1213.408959,100144.6,0.99,76.8,-598435.3,300820.8,0.9948,0.097,551.6,-0.09721,-74.55768,0.0,0,-1.0,-1.0,-1.0,-1.0,-1.0,0.0,0.0,0.0,0.0
1791563400.07,2235537.6,274.4,79.0,6.5,0.0,175.0,0.0,89.95,90.4,0.0,75.51,0.0,1213.408959,100144.6,0.99,76.8,-598435.3,300820.8,0.9948,0.097,551.6,-0.09721,-74.55768,0.0,0,-1.0,-1.0,-1.0,-1.0,-1.0,0.0,0.0,0.0,0.0
1791563400.58,2235538.1,274.9,79.0,6.5,0.0,175.0,0.0,89.97,90.4,0.0,75.5,0.0,1213.408959,100144.6,0.99,76.8,-598435.3,300820.8,0.9948,0.097,551.6,-0.09721,-74.55768,0.0,0,-1.0,-1.0,-1.0,-1.0,-1.0,0.0,0.0,0.0,0.0
1791563401.08,2235538.6,275.4,79.0,6.5,0.0,175.0,0.0,89.95,90.4,0.0,75.49,0.0,1213.408959,100144.6,0.99,76.8,-598435.3,300820.8,0.9948,0.097,551.6,-0.09721,-74.55768,0.0,0,-1.0,-1.0,-1.0,-1.0,-1.0,0.0,0.0,0.0,0.0
1791563401.58,2235539.1,275.9,79.0,6.5,0.0,175.0,0.0,89.96,90.4,0.0,75.48,0.0,1213.408959,100144.6,0.99,76.8,-598435.3,300820.8,0.9948,0.097,551.6,-0.09721,-74.55768,0.0,0,-1.0,-1.0,-1.0,-1.0,-1.0,0.0,0.0,0.0,0.0
1791563402.08,2235539.6,276.4,79.0,6.5,0.0,175.0,0.0,89.96,90.4,0.0,75.47,0.0,1213.408959,100144.6,0.99,76.8,-598435.3,300820.8,0.9948,0.097,551.6,-0.09721,-74.55768,0.0,0,-1.0,-1.0,-1.0,-1.0,-1.0,0.0,0.0,0.0,0.0
1791563402.59,2235540.1,276.9,79.0,6.5,0.0,175.0,0.0,89.95,90.4,0.0,75.46,0.0,1213.408959,100144.6,0.99,76.8,-598435.3,300820.8,0.9948,0.097,551.6,-0.09721,-74.55768,0.0,0,-1.0,-1.0,-1.0,-1.0,-1.0,0.0,0.0,0.0,0.0
1791563403.09,2235540.6,277.4,79.0,6.5,0.0,175.0,0.0,89.95,90.4,0.0,75.46,0.0,1213.408959,100144.6,0.99,76.8,-598435.3,300820.8,0.9948,0.097,551.6,-0.09721,-74.55768,0.0,0,-1.0,-1.0,-1.0,-1.0,-1.0,0.0,0.0,0.0,0.0
1791563403.59,2235541.1,277.9,79.0,6.5,0.0,175.0,0.0,89.95,90.4,0.0,75.45,0.0,1213.408959,100144.6,0.99,76.8,-598435.3,300820.8,0.9948,0.097,551.6,-0.09721,-74.55768,0.0,0,-1.0,-1.0,-1.0,-1.0,-1.0,0.0,0.0,0.0,0.0
1791563404.09,2235541.6,278.4,79.0,6.5,0.0,175.0,0.0,89.96,90.4,0.0,75.44,0.0,1213.408959,100144.6,0.99,76.8,-598435.3,300820.8,0.9948,0.097,551.6,-0.09721,-74.55768,0.0,0,-1.0,-1.0,-1.0,-1.0,-1.0,0.0,0.0,0.0,0.0
1791563404.59,2235542.1,278.9,79.0,6.5,0.0,175.0,0.0,89.95,90.4,0.0,75.43,0.0,1213.408959,100144.6,0.99,76.8,-598435.3,300820.8,0.9948,0.097,551.6,-0.09721,-74.55768,0.0,0,-1.0,-1.0,-1.0,-1.0,-1.0,0.0,0.0,0.0,0.0
1791563405.09,2235542.6,279.4,79.0,6.5,0.0,175.0,0.0,89.96,90.4,0.0,75.42,0.0,1213.408959,100144.6,0.99,76.8,-598435.3,300820.8,0.9948,0.097,551.6,-0.09721,-74.55768,0.0,0,-1.0,-1.0,-1.0,-1.0,-1.0,0.0,0.0,0.0,0.0
1791563405.6,2235543.1,279.9,79.0,6.5,0.0,175.0,0.0,89.97,90.4,0.0,75.41,0.0,1213.408959,100144.6,0.99,76.8,-598435.3,300820.8,0.9948,0.097,551.6,-0.09721,-74.55768,0.0,0,-1.0,-1.0,-1.0,-1.0,-1.0,0.0,0.0,0.0,0.0
1791563406.1,2235543.4,280.4,79.0,6.5,0.0,175.0,0.0,89.97,90.4,0.0,75.41,0.0,1213.408959,100144.6,0.99,76.8,-598435.3,300820.8,0.9948,0.097,551.6,-0.09721,-74.55768,0.0,0,-1.0,-1.0,-1.0,-1.0,-1.0,0.0,0.0,0.0,0.0
1791563406.6,2235543.9,280.9,79.0,6.5,0.0,175.0,0.0,89.95,90.4,0.0,75.4,0.0,1213.408959,100144.6,0.99,76.8,-598435.3,300820.8,0.9948,0.097,551.6,-0.09721,-74.55768,0.0,0,-1.0,-1.0,-1.0,-1.0,-1.0,0.0,0.0,0.0,0.0
1791563407.1,2235544.4,281.4,79.0,6.5,0.0,175.0,0.0,89.96,90.4,0.0,75.39,0.0,1213.408959,100144.6,0.99,76.8,-598435.3,300820.8,0.9948,0.097,551.6,-0.09721,-74.55768,0.0,0,-1.0,-1.0,-1.0,-1.0,-1.0,0.0,0.0,0.0,0.0
1791563407.61,2235544.9,281.9,79.0,6.5,0.0,175.0,0.0,89.95,90.4,0.0,75.39,0.0,1213.408959,100144.6,0.99,76.8,-598435.3,300820.8,0.9948,0.097,551.6,-0.09721,-74.55768,0.0,0,-1.0,-1.0,-1.0,-1.0,-1.0,0.0,0.0,0.0,0.0
1791563408.11,2235545.4,282.5,79.0,6.5,0.0,175.0,0.0,89.95,90.4,0.0,75.38,0.0,1213.408959,100144.6,0.99,76.8,-598435.3,300820.8,0.9948,0.097,551.6,-0.09721,-74.55768,0.0,0,-1.0,-1.0,-1.0,-1.0,-1.0,0.0,0.0,0.0,0.0
1791563408.61,2235545.9,283.0,79.0,6.5,0.0,175.0,0.0,89.95,90.4,0.0,75.37,0.0,1213.408959,100144.6,0.99,76.8,-598435.3,300820.8,0.9948,0.097,551.6,-0.09721,-74.55768,0.0,0,-1.0,-1.0,-1.0,-1.0,-1.0,0.0,0.0,0.0,0.0
1791563409.12,2235546.4,283.5,79.0,6.5,0.0,175.0,0.0,89.96,90.4,0.0,75.36,0.0,1213.408959,100144.6,0.99,76.8,-598435.3,300820.8,0.9948,0.097,551.6,-0.09721,-74.55768,0.0,0,-1.0,-1.0,-1.0,-1.0,-1.0,0.0,0.0,0.0,0.0
1791563409.62,2235546.8,284.0,79.0,6.5,0.0,175.0,0.0,89.95,90.4,0.0,75.35,0.0,1213.408959,100144.6,0.99,76.8,-598435.3,300820.8,0.9948,0.097,551.6,-0.09721,-74.55768,0.0,0,-1.0,-1.0,-1.0,-1.0,-1.0,0.0,0.0,0.0,0.0
1791563410.12,2235547.3,284.5,79.0,6.5,0.0,175.0,0.0,89.97,90.4,0.0,75.35,0.0,1213.408959,100144.6,0.99,76.8,-598435.3,300820.8,0.9948,0.097,551.6,-0.09721,-74.55768,0.0,0,-1.0,-1.0,-1.0,-1.0,-1.0,0.0,0.0,0.0,0.0
1791563410.63,2235547.8,285.0,79.0,6.5,0.0,175.0,0.0,89.95,90.4,0.0,75.34,0.0,1213.408959,100144.6,0.99,76.8,-598435.3,300820.8,0.9948,0.097,551.6,-0.09721,-74.55768,0.0,0,-1.0,-1.0,-1.0,-1.0,-1.0,0.0,0.0,0.0,0.0
1791563411.13,2235548.3,285.5,79.0,6.5,0.0,175.0,0.0,89.96,90.4,0.0,75.33,0.0,1213.408959,100144.6,0.99,76.8,-598435.3,300820.8,0.9948,0.097,551.6,-0.09721,-74.55768,0.0,0,-1.0,-1.0,-1.0,-1.0,-1.0,0.0,0.0,0.0,0.0
1791563411.63,2235548.8,286.0,79.0,6.5,0.0,175.0,0.0,89.96,90.4,0.0,75.32,0.0,1213.408959,100144.6,0.99,76.8,-598435.3,300820.8,0.9948,0.097,551.6,-0.09721,-74.55768,0.0,0,-1.0,-1.0,-1.0,-1.0,-1.0,0.0,0.0,0.0,0.0
1791563412.14,2235549.3,286.5,79.0,6.5,0.0,175.0,0.0,89.95,90.4,0.0,75.31,0.0,1213.408959,100144.6,0.99,76.8,-598435.3,300820.8,0.9948,0.097,551.6,-0.09721,-74.55768,0.0,0,-1.0,-1.0,-1.0,-1.0,-1.0,0.0,0.0,0.0,0.0
1791563412.64,2235549.8,287.0,79.0,6.5,0.0,175.0,0.0,89.95,90.4,0.0,75.3,0.0,1213.408959,100144.6,0.99,76.8,-598435.3,300820.8,0.9948,0.097,551.6,-0.09721,-74.55768,0.0,0,-1.0,-1.0,-1.0,-1.0,-1.0,0.0,0.0,0.0,0.0
1791563413.14,2235550.3,287.5,79.0,6.5,0.0,175.0,0.0,89.96,90.4,0.0,75.29,0.0,1213.408959,100144.6,0.99,76.8,-598435.3,300820.8,0.9948,0.097,551.6,-0.09721,-74.55768,0.0,0,-1.0,-1.0,-1.0,-1.0,-1.0,0.0,0.0,0.0,0.0
1791563413.64,2235550.8,288.0,79.0,6.5,0.0,175.0,0.0,89.95,90.4,0.0,75.29,0.0,1213.408959,100144.6,0.99,76.8,-598435.3,300820.8,0.9948,0.097,551.6,-0.09721,-74.55768,0.0,0,-1.0,-1.0,-1.0,-1.0,-1.0,0.0,0.0,0.0,0.0
1791563414.14,2235551.3,288.5,79.0,6.5,0.0,175.0,0.0,89.96,90.4,0.0,75.28,0.0,1213.408959,100144.6,0.99,76.8,-598435.3,300820.8,0.9948,0.097,551.6,-0.09721,-74.55768,0.0,0,-1.0,-1.0,-1.0,-1.0,-1.0,0.0,0.0,0.0,0.0
1791563414.64,2235551.8,289.0,79.0,6.5,0.0,175.0,0.0,89.96,90.4,0.0,75.27,0.0,1213.408959,100144.6,0.99,76.8,-598435.3,300820.8,0.9948,0.097,551.6,-0.09721,-74.55768,0.0,0,-1.0,-1.0,-1.0,-1.0,-1.0,0.0,0.0,0.0,0.0
1791563415.15,2235552.3,289.5,79.0,6.5,0.0,175.0,0.0,89.95,90.4,0.0,75.26,0.0,1213.408959,100144.6,0.99,76.8,-598435.3,300820.8,0.9948,0.097,551.6,-0.09721,-74.55768,0.0,0,-1.0,-1.0,-1.0,-1.0,-1.0,0.0,0.0,0.0,0.0
1791563415.65,2235552.8,290.0,79.0,6.5,0.0,175.0,0.0,89.96,90.4,0.0,75.25,0.0,1213.408959,100144.6,0.99,76.8,-598435.3,300820.8,0.9948,0.097,551.6,-0.09721,-74.55768,0.0,0,-1.0,-1.0,-1.0,-1.0,-1.0,0.0,0.0,0.0,0.0
1791563416.15,2235553.2,290.5,79.0,6.5,0.0,175.0,0.0,89.96,90.4,0.0,75.25,0.0,1213.408959,100144.6,0.99,76.8,-598435.3,300820.8,0.9948,0.097,551.6,-0.09721,-74.55768,0.0,0,-1.0,-1.0,-1.0,-1.0,-1.0,0.0,0.0,0.0,0.0
1791563416.65,2235553.8,291.0,79.0,6.5,0.0,175.0,0.0,89.95,90.4,0.0,75.24,0.0,1213.408959,100144.6,0.99,76.8,-598435.3,300820.8,0.9948,0.097,551.6,-0.09721,-74.55768,0.0,0,-1.0,-1.0,-1.0,-1.0,-1.0,0.0,0.0,0.0,0.0
1791563417.15,2235554.3,291.5,79.0,6.5,0.0,175.0,0.0,89.95,90.4,0.0,75.23,0.0,1213.408959,100144.6,0.99,76.8,-598435.3,300820.8,0.9948,0.097,551.6,-0.09721,-74.55768,0.0,0,-1.0,-1.0,-1.0,-1.0,-1.0,0.0,0.0,0.0,0.0
1791563417.65,2235554.8,292.0,79.0,6.5,0.0,175.0,0.0,89.96,90.4,0.0,75.22,0.0,1213.408959,100144.6,0.99,76.8,-598435.3,300820.8,0.9948,0.097,551.6,-0.09721,-74.55768,0.0,0,-1.0,-1.0,-1.0,-1.0,-1.0,0.0,0.0,0.0,0.0
1791563418.16,2235555.3,292.5,79.0,6.5,0.0,175.0,0.0,89.95,90.4,0.0,75.21,0.0,1213.408959,100144.6,0.99,76.8,-598435.3,300820.8,0.9948,0.097,551.6,-0.09721,-74.55768,0.0,0,-1.0,-1.0,-1.0,-1.0,-1.0,0.0,0.0,0.0,0.0
1791563418.66,2235555.8,293.0,79.0,6.5,0.0,175.0,0.0,89.95,90.4,0.0,75.2,0.0,1213.408959,100144.6,0.99,76.8,-598435.3,300820.8,0.9948,0.097,551.6,-0.09721,-74.55768,0.0,0,-1.0,-1.0,-1.0,-1.0,-1.0,0.0,0.0,0.0,0.0
1791563419.16,2235556.3,293.5,79.0,6.5,0.0,175.0,0.0,89.95,90.4,0.0,75.2,0.0,1213.408959,100144.6,0.99,76.8,-598435.3,300820.8,0.9948,0.097,551.6,-0.09721,-74.55768,0.0,0,-1.0,-1.0,-1.0,-1.0,-1.0,0.0,0.0,0.0,0.0
1791563419.66,2235556.8,294.0,79.0,6.5,0.0,175.0,0.0,89.95,90.4,0.0,75.19,0.0,1213.408959,100144.6,0.99,76.8,-598435.3,300820.8,0.9948,0.097,551.6,-0.09721,-74.55768,0.0,0,-1.0,-1.0,-1.0,-1.0,-1.0,0.0,0.0,0.0,0.0
1791563420.16,2235557.3,294.5,79.0,6.5,0.0,175.0,0.0,89.95,90.4,0.0,75.18,0.0,1213.408959,100144.6,0.99,76.8,-598435.3,300820.8,0.9948,0.097,551.6,-0.09721,-74.55768,0.0,0,-1.0,-1.0,-1.0,-1.0,-1.0,0.0,0.0,0.0,0.0
1791563420.66,2235557.8,295.0,79.0,6.5,0.0,175.0,0.0,89.96,90.4,0.0,75.17,0.0,1213.408959,100144.6,0.99,76.8,-598435.3,300820.8,0.9948,0.097,551.6,-0.09721,-74.55768,0.0,0,-1.0,-1.0,-1.0,-1.0,-1.0,0.0,0.0,0.0,0.0
1791563421.16,2235558.3,295.5,79.0,6.5,0.0,175.0,0.0,89.95,90.4,0.0,75.16,0.0,1213.408959,100144.6,0.99,76.8,-598435.3,300820.8,0.9948,0.097,551.6,-0.09721,-74.55768,0.0,0,-1.0,-1.0,-1.0,-1.0,-1.0,0.0,0.0,0.0,0.0
1791563421.67,2235558.8,296.0,79.0,6.5,0.0,175.0,0.0,89.97,90.4,0.0,75.15,0.0,1213.408959,100144.6,0.99,76.8,-598435.3,300820.8,0.9948,0.097,551.6,-0.09721,-74.55768,0.0,0,-1.0,-1.0,-1.0,-1.0,-1.0,0.0,0.0,0.0,0.0
1791563422.17,2235559.3,296.5,79.0,6.5,0.0,175.0,0.0,89.96,90.4,0.0,75.15,0.0,1213.408959,100144.6,0.99,76.8,-598435.3,300820.8,0.9948,0.097,551.6,-0.09721,-74.55768,0.0,0,-1.0,-1.0,-1.0,-1.0,-1.0,0.0,0.0,0.0,0.0
1791563422.68,2235559.8,297.0,79.0,6.5,0.0,175.0,0.0,89.95,90.4,0.0,75.14,0.0,1213.408959,100144.6,0.99,76.8,-598435.3,300820.8,0.9948,0.097,551.6,-0.09721,-74.55768,0.0,0,-1.0,-1.0,-1.0,-1.0,-1.0,0.0,0.0,0.0,0.0
1791563423.18,2235560.3,297.5,79.0,6.5,0.0,175.0,0.0,89.96,90.4,0.0,75.13,0.0,1213.408959,100144.6,0.99,76.8,-598435.3,300820.8,0.9948,0.097,551.6,-0.09721,-74.55768,0.0,0,-1.0,-1.0,-1.0,-1.0,-1.0,0.0,0.0,0.0,0.0
1791563423.68,2235560.7,298.0,79.0,6.5,0.0,175.0,0.0,89.95,90.4,0.0,75.12,0.0,1213.408959,100144.6,0.99,76.8,-598435.3,300820.8,0.9948,0.097,551.6,-0.09721,-74.55768,0.0,0,-1.0,-1.0,-1.0,-1.0,-1.0,0.0,0.0,0.0,0.0
1791563424.19,2235561.2,298.5,79.0,6.5,0.0,175.0,0.0,89.96,90.4,0.0,75.11,0.0,1213.408959,100144.6,0.99,76.8,-598435.3,300820.8,0.9948,0.097,551.6,-0.09721,-74.55768,0.0,0,-1.0,-1.0,-1.0,-1.0,-1.0,0.0,0.0,0.0,0.0
1791563424.69,2235561.7,299.0,79.0,6.5,0.0,175.0,0.0,89.95,90.4,0.0,75.1,0.0,1213.408959,100144.6,0.99,76.8,-598435.3,300820.8,0.9948,0.097,551.6,-0.09721,-74.55768,0.0,0,-1.0,-1.0,-1.0,-1.0,-1.0,0.0,0.0,0.0,0.0
1791563425.19,2235562.2,299.5,79.0,6.5,0.0,175.0,0.0,89.96,90.4,0.0,75.1,0.0,1213.408959,100144.6,0.99,76.8,-598435.3,300820.8,0.9948,0.097,551.6,-0.09721,-74.55768,0.0,0,-1.0,-1.0,-1.0,-1.0,-1.0,0.0,0.0,0.0,0.0
1791563425.69,2235562.7,300.0,79.0,6.5,0.0,175.0,0.0,89.95,90.4,0.0,75.09,0.0,1213.408959,100144.6,0.99,76.8,-598435.3,300820.8,0.9948,0.097,551.6,-0.09721,-74.55768,0.0,0,-1.0,-1.0,-1.0,-1.0,-1.0,0.0,0.0,0.0,0.0
1791563426.19,2235563.2,300.5,79.0,6.5,0.0,175.0,0.0,89.97,90.4,0.0,75.08,0.0,1213.408959,100144.6,0.99,76.8,-598435.3,300820.8,0.9948,0.097,551.6,-0.09721,-74.55768,0.0,0,-1.0,-1.0,-1.0,-1.0,-1.0,0.0,0.0,0.0,0.0
1791563426.69,2235563.7,301.0,79.0,6.5,0.0,175.0,0.0,89.97,90.4,0.0,75.07,0.0,1213.408959,100144.6,0.99,76.8,-598435.3,300820.8,0.9948,0.097,551.6,-0.09721,-74.55768,0.0,0,-1.0,-1.0,-1.0,-1.0,-1.0,0.0,0.0,0.0,0.0
1791563427.19,2235564.2,301.5,79.0,6.5,0.0,175.0,0.0,89.95,90.4,0.0,75.06,0.0,1213.408959,100144.6,0.99,76.8,-598435.3,300820.8,0.9948,0.097,551.6,-0.09721,-74.55768,0.0,0,-1.0,-1.0,-1.0,-1.0,-1.0,0.0,0.0,0.0,0.0
1791563427.7,2235564.7,302.0,79.0,6.5,0.0,175.0,0.0,89.97,90.4,0.0,75.05,0.0,1213.408959,100144.6,0.99,76.8,-598435.3,300820.8,0.9948,0.097,551.6,-0.09721,-74.55768,0.0,0,-1.0,-1.0,-1.0,-1.0,-1.0,0.0,0.0,0.0,0.0
1791563428.2,2235565.2,302.5,79.0,6.5,0.0,175.0,0.0,89.95,90.4,0.0,75.05,0.0,1213.408959,100144.6,0.99,76.8,-598435.3,300820.8,0.9948,0.097,551.6,-0.09721,-74.55768,0.0,0,-1.0,-1.0,-1.0,-1.0,-1.0,0.0,0.0,0.0,0.0
1791563428.71,2235565.7,303.0,79.0,6.5,0.0,175.0,0.0,89.97,90.4,0.0,75.04,0.0,1213.408959,100144.6,0.99,76.8,-598435.3,300820.8,0.9948,0.097,551.6,-0.09721,-74.55768,0.0,0,-1.0,-1.0,-1.0,-1.0,-1.0,0.0,0.0,0.0,0.0
1791563429.21,2235566.2,303.6,79.0,6.5,0.0,175.0,0.0,89.97,90.4,0.0,75.03,0.0,1213.408959,100144.6,0.99,76.8,-598435.3,300820.8,0.9948,0.097,551.6,-0.09721,-74.55768,0.0,0,-1.0,-1.0,-1.0,-1.0,-1.0,0.0,0.0,0.0,0.0
1791563429.71,2235566.7,304.1,79.0,6.5,0.0,175.0,0.0,89.96,90.4,0.0,75.02,0.0,1213.408959,100144.6,0.99,76.8,-598435.3,300820.8,0.9948,0.097,551.6,-0.09721,-74.55768,0.0,0,-1.0,-1.0,-1.0,-1.0,-1.0,0.0,0.0,0.0,0.0
1791563430.21,2235567.2,304.6,79.0,6.5,0.0,175.0,0.0,89.96,90.4,0.0,75.01,0.0,1213.408959,100144.6,0.99,76.8,-598435.3,300820.8,0.9948,0.097,551.6,-0.09721,-74.55768,0.0,0,-1.0,-1.0,-1.0,-1.0,-1.0,0.0,0.0,0.0,0.0
1791563430.71,2235567.7,305.1,79.0,6.5,0.0,175.0,0.0,89.95,90.4,0.0,75.0,0.0,1213.408959,100144.6,0.99,76.8,-598435.3,300820.8,0.9948,0.097,551.6,-0.09721,-74.55768,0.0,0,-1.0,-1.0,-1.0,-1.0,-1.0,0.0,0.0,0.0,0.0
1791563431.21,2235568.2,305.6,79.0,6.5,0.0,175.0,0.0,89.95,90.4,0.0,75.0,0.0,1213.408959,100144.6,0.99,76.8,-598435.3,300820.8,0.9948,0.097,551.6,-0.09721,-74.55768,0.0,0,-1.0,-1.0,-1.0,-1.0,-1.0,0.0,0.0,0.0,0.0
1791563431.72,2235568.7,306.1,79.0,6.5,0.0,175.0,0.0,89.97,90.4,0.0,74.99,0.0,1213.408959,100144.6,0.99,76.8,-598435.3,300820.8,0.9948,0.097,551.6,-0.09721,-74.55768,0.0,0,-1.0,-1.0,-1.0,-1.0,-1.0,0.0,0.0,0.0,0.0
1791563432.22,2235569.2,306.6,79.0,6.5,0.0,175.0,0.0,89.97,90.4,0.0,74.98,0.0,1213.408959,100144.6,0.99,76.8,-598435.3,300820.8,0.9948,0.097,551.6,-0.09721,-74.55768,0.0,0,-1.0,-1.0,-1.0,-1.0,-1.0,0.0,0.0,0.0,0.0
1791563432.72,2235569.7,307.1,79.0,6.5,0.0,175.0,0.0,89.97,90.4,0.0,74.97,0.0,1213.408959,100144.6,0.99,76.8,-598435.3,300820.8,0.9948,0.097,551.6,-0.09721,-74.55768,0.0,0,-1.0,-1.0,-1.0,-1.0,-1.0,0.0,0.0,0.0,0.0
1791563433.22,2235570.2,307.6,79.0,6.5,0.0,175.0,0.0,89.95,90.4,0.0,74.96,0.0,1213.408959,100144.6,0.99,76.8,-598435.3,300820.8,0.9948,0.097,551.6,-0.09721,-74.55768,0.0,0,-1.0,-1.0,-1.0,-1.0,-1.0,0.0,0.0,0.0,0.0
1791563433.73,2235570.7,308.1,79.0,6.5,0.0,175.0,0.0,89.95,90.4,0.0,74.95,0.0,1213.408959,100144.6,0.99,76.8,-598435.3,300820.8,0.9948,0.097,551.6,-0.09721,-74.55768,0.0,0,-1.0,-1.0,-1.0,-1.0,-1.0,0.0,0.0,0.0,0.0
1791563434.23,2235571.2,308.6,79.0,6.5,0.0,175.0,0.0,89.96,90.4,0.0,74.95,0.0,1213.408959,100144.6,0.99,76.8,-598435.3,300820.8,0.9948,0.097,551.6,-0.09721,-74.55768,0.0,0,-1.0,-1.0,-1.0,-1.0,-1.0,0.0,0.0,0.0,0.0
1791563434.73,2235571.7,309.1,79.0,6.5,0.0,175.0,0.0,89.96,90.4,0.0,74.94,0.0,1213.408959,100144.6,0.99,76.8,-598435.3,300820.8,0.9948,0.097,551.6,-0.09721,-74.55768,0.0,0,-1.0,-1.0,-1.0,-1.0,-1.0,0.0,0.0,0.0,0.0
1791563435.23,2235572.2,309.6,79.0,6.5,0.0,175.0,0.0,89.96,90.4,0.0,74.93,0.0,1213.408959,100144.6,0.99,76.8,-598435.3,300820.8,0.9948,0.097,551.6,-0.09721,-74.55768,0.0,0,-1.0,-1.0,-1.0,-1.0,-1.0,0.0,0.0,0.0,0.0
1791563435.73,2235572.7,310.1,79.0,6.5,0.0,175.0,0.0,89.96,90.4,0.0,74.92,0.0,1213.408959,100144.6,0.99,76.8,-598435.3,300820.8,0.9948,0.097,551.6,-0.09721,-74.55768,0.0,0,-1.0,-1.0,-1.0,-1.0,-1.0,0.0,0.0,0.0,0.0
1791563436.24,2235573.2,310.6,79.0,6.5,0.0,175.0,0.0,89.95,90.4,0.0,74.91,0.0,1213.408959,100144.6,0.99,76.8,-598435.3,300820.8,0.9948,0.097,551.6,-0.09721,-74.55768,0.0,0,-1.0,-1.0,-1.0,-1.0,-1.0,0.0,0.0,0.0,0.0
1791563436.74,2235573.7,311.1,79.0,6.5,0.0,175.0,0.0,89.96,90.4,0.0,74.9,0.0,1213.408959,100144.6,0.99,76.8,-598435.3,300820.8,0.9948,0.097,551.6,-0.09721,-74.55768,0.0,0,-1.0,-1.0,-1.0,-1.0,-1.0,0.0,0.0,0.0,0.0
1791563437.31,2235574.2,311.7,79.0,6.5,0.0,175.0,0.0,89.96,90.4,0.0,74.9,0.0,1213.408959,100144.6,0.99,76.8,-598435.3,300820.8,0.9948,0.097,551.6,-0.09721,-74.55768,0.0,0,-1.0,-1.0,-1.0,-1.0,-1.0,0.0,0.0,0.0,0.0
1791563437.81,2235574.7,312.2,79.0,6.5,0.0,175.0,0.0,89.95,90.4,0.0,74.89,0.0,1213.408959,100144.6,0.99,76.8,-598435.3,300820.8,0.9948,0.097,551.6,-0.09721,-74.55768,0.0,0,-1.0,-1.0,-1.0,-1.0,-1.0,0.0,0.0,0.0,0.0
1791563438.31,2235575.2,312.7,79.0,6.5,0.0,175.0,0.0,89.95,90.4,0.0,74.88,0.0,1213.408959,100144.6,0.99,76.8,-598435.3,300820.8,0.9948,0.097,551.6,-0.09721,-74.55768,0.0,0,-1.0,-1.0,-1.0,-1.0,-1.0,0.0,0.0,0.0,0.0
1791563438.82,2235575.7,313.2,79.0,6.5,0.0,175.0,0.0,89.95,90.4,0.0,74.87,0.0,1213.408959,100144.6,0.99,76.8,-598435.3,300820.8,0.9948,0.097,551.6,-0.09721,-74.55768,0.0,0,-1.0,-1.0,-1.0,-1.0,-1.0,0.0,0.0,0.0,0.0
1791563439.32,2235576.2,313.7,79.0,6.5,0.0,175.0,0.0,89.95,90.4,0.0,74.86,0.0,1213.408959,100144.6,0.99,76.8,-598435.3,300820.8,0.9948,0.097,551.6,-0.09721,-74.55768,0.0,0,-1.0,-1.0,-1.0,-1.0,-1.0,0.0,0.0,0.0,0.0
1791563439.82,2235576.7,314.2,79.0,6.5,0.0,175.0,0.0,89.96,90.4,0.0,74.86,0.0,1213.408959,100144.6,0.99,76.8,-598435.3,300820.8,0.9948,0.097,551.6,-0.09721,-74.55768,0.0,0,-1.0,-1.0,-1.0,-1.0,-1.0,0.0,0.0,0.0,0.0
1791563440.32,2235577.2,314.7,79.0,6.5,0.0,175.0,0.0,89.96,90.4,0.0,74.85,0.0,1213.408959,100144.6,0.99,76.8,-598435.3,300820.8,0.9948,0.097,551.6,-0.09721,-74.55768,0.0,0,-1.0,-1.0,-1.0,-1.0,-1.0,0.0,0.0,0.0,0.0
1791563440.83,2235577.7,315.2,79.0,6.5,0.0,175.0,0.0,89.96,90.4,0.0,74.84,0.0,1213.408959,100144.6,0.99,76.8,-598435.3,300820.8,0.9948,0.097,551.6,-0.09721,-74.55768,0.0,0,-1.0,-1.0,-1.0,-1.0,-1.0,0.0,0.0,0.0,0.0
1791563441.33,2235578.2,315.7,79.0,6.5,0.0,175.0,0.0,89.96,90.4,0.0,74.83,0.0,1213.408959,100144.6,0.99,76.8,-598435.3,300820.8,0.9948,0.097,551.6,-0.09721,-74.55768,0.0,0,-1.0,-1.0,-1.0,-1.0,-1.0,0.0,0.0,0.0,0.0
1791563441.83,2235578.7,316.2,79.0,6.5,0.0,175.0,0.0,89.95,90.4,0.0,74.82,0.0,1213.408959,100144.6,0.99,76.8,-598435.3,300820.8,0.9948,0.097,551.6,-0.09721,-74.55768,0.0,0,-1.0,-1.0,-1.0,-1.0,-1.0,0.0,0.0,0.0,0.0
1791563442.33,2235579.2,316.7,79.0,6.5,0.0,175.0,0.0,89.97,90.4,0.0,74.81,0.0,1213.408959,100144.6,0.99,76.8,-598435.3,300820.8,0.9948,0.097,551.6,-0.09721,-74.55768,0.0,0,-1.0,-1.0,-1.0,-1.0,-1.0,0.0,0.0,0.0,0.0
1791563442.84,2235579.7,317.2,79.0,6.5,0.0,175.0,0.0,89.95,90.4,0.0,74.81,0.0,1213.408959,100144.6,0.99,76.8,-598435.3,300820.8,0.9948,0.097,551.6,-0.09721,-74.55768,0.0,0,-1.0,-1.0,-1.0,-1.0,-1.0,0.0,0.0,0.0,0.0
1791563443.34,2235580.2,317.7,79.0,6.5,0.0,175.0,0.0,89.96,90.4,0.0,74.8,0.0,1213.408959,100144.6,0.99,76.8,-598435.3,300820.8,0.9948,0.097,551.6,-0.09721,-74.55768,0.0,0,-1.0,-1.0,-1.0,-1.0,-1.0,0.0,0.0,0.0,0.0
1791563443.84,2235580.7,318.2,79.0,6.5,0.0,175.0,0.0,89.96,90.4,0.0,74.79,0.0,1213.408959,100144.6,0.99,76.8,-598435.3,300820.8,0.9948,0.097,551.6,-0.09721,-74.55768,0.0,0,-1.0,-1.0,-1.0,-1.0,-1.0,0.0,0.0,0.0,0.0
1791563444.34,2235581.2,318.7,79.0,6.5,0.0,175.0,0.0,89.95,90.4,0.0,74.78,0.0,1213.408959,100144.6,0.99,76.8,-598435.3,300820.8,0.9948,0.097,551.6,-0.09721,-74.55768,0.0,0,-1.0,-1.0,-1.0,-1.0,-1.0,0.0,0.0,0.0,0.0
1791563444.85,2235581.7,319.2,79.0,6.5,0.0,175.0,0.0,89.96,90.4,0.0,74.77,0.0,1213.408959,100144.6,0.99,76.8,-598435.3,300820.8,0.9948,0.097,551.6,-0.09721,-74.55768,0.0,0,-1.0,-1.0,-1.0,-1.0,-1.0,0.0,0.0,0.0,0.0
1791563445.35,2235582.2,319.7,79.0,6.5,0.0,175.0,0.0,89.95,90.4,0.0,74.76,0.0,1213.408959,100144.6,0.99,76.8,-598435.3,300820.8,0.9948,0.097,551.6,-0.09721,-74.55768,0.0,0,-1.0,-1.0,-1.0,-1.0,-1.0,0.0,0.0,0.0,0.0
1791563445.85,2235582.7,320.2,79.0,6.5,0.0,175.0,0.0,89.96,90.4,0.0,74.75,0.0,1213.408959,100144.6,0.99,76.8,-598435.3,300820.8,0.9948,0.097,551.6,-0.09721,-74.55768,0.0,0,-1.0,-1.0,-1.0,-1.0,-1.0,0.0,0.0,0.0,0.0
1791563446.35,2235583.2,320.7,79.0,6.5,0.0,175.0,0.0,89.96,90.4,0.0,74.75,0.0,1213.408959,100144.6,0.99,76.8,-598435.3,300820.8,0.9948,0.097,551.6,-0.09721,-74.55768,0.0,0,-1.0,-1.0,-1.0,-1.0,-1.0,0.0,0.0,0.0,0.0
1791563446.86,2235583.7,321.2,79.0,6.5,0.0,175.0,0.0,89.96,90.4,0.0,74.74,0.0,1213.408959,100144.6,0.99,76.8,-598435.3,300820.8,0.9948,0.097,551.6,-0.09721,-74.55768,0.0,0,-1.0,-1.0,-1.0,-1.0,-1.0,0.0,0.0,0.0,0.0
1791563447.36,2235584.2,321.7,79.0,6.5,0.0,175.0,0.0,89.97,90.4,0.0,74.73,0.0,1213.408959,100144.6,0.99,76.8,-598435.3,300820.8,0.9948,0.097,551.6,-0.09721,-74.55768,0.0,0,-1.0,-1.0,-1.0,-1.0,-1.0,0.0,0.0,0.0,0.0
1791563447.86,2235584.7,322.2,79.0,6.5,0.0,175.0,0.0,89.96,90.4,0.0,74.72,0.0,1213.408959,100144.6,0.99,76.8,-598435.3,300820.8,0.9948,0.097,551.6,-0.09721,-74.55768,0.0,0,-1.0,-1.0,-1.0,-1.0,-1.0,0.0,0.0,0.0,0.0
1791563448.36,2235585.2,322.7,79.0,6.5,0.0,175.0,0.0,89.95,90.4,0.0,74.71,0.0,1213.408959,100144.6,0.99,76.8,-598435.3,300820.8,0.9948,0.097,551.6,-0.09721,-74.55768,0.0,0,-1.0,-1.0,-1.0,-1.0,-1.0,0.0,0.0,0.0,0.0
1791563448.87,2235585.7,323.2,79.0,6.5,0.0,175.0,0.0,89.95,90.4,0.0,74.7,0.0,1213.408959,100144.6,0.99,76.8,-598435.3,300820.8,0.9948,0.097,551.6,-0.09721,-74.55768,0.0,0,-1.0,-1.0,-1.0,-1.0,-1.0,0.0,0.0,0.0,0.0
1791563449.37,2235586.2,323.7,79.0,6.5,0.0,175.0,0.0,89.96,90.4,0.0,74.7,0.0,1213.408959,100144.6,0.99,76.8,-598435.3,300820.8,0.9948,0.097,551.6,-0.09721,-74.55768,0.0,0,-1.0,-1.0,-1.0,-1.0,-1.0,0.0,0.0,0.0,0.0
1791563449.87,2235586.7,324.2,79.0,6.5,0.0,175.0,0.0,89.95,90.4,0.0,74.69,0.0,1213.408959,100144.6,0.99,76.8,-598435.3,300820.8,0.9948,0.097,551.6,-0.09721,-74.55768,0.0,0,-1.0,-1.0,-1.0,-1.0,-1.0,0.0,0.0,0.0,0.0
1791563450.37,2235587.2,324.7,79.0,6.5,0.0,175.0,0.0,89.96,90.4,0.0,74.68,0.0,1213.408959,100144.6,0.99,76.8,-598435.3,300820.8,0.9948,0.097,551.6,-0.09721,-74.55768,0.0,0,-1.0,-1.0,-1.0,-1.0,-1.0,0.0,0.0,0.0,0.0
1791563450.87,2235587.7,325.2,79.0,6.5,0.0,175.0,0.0,89.97,90.4,0.0,74.67,0.0,1213.408959,100144.6,0.99,76.8,-598435.3,300820.8,0.9948,0.097,551.6,-0.09721,-74.55768,0.0,0,-1.0,-1.0,-1.0,-1.0,-1.0,0.0,0.0,0.0,0.0
1791563451.38,2235588.2,325.7,79.0,6.5,0.0,175.0,0.0,89.95,90.4,0.0,74.66,0.0,1213.408959,100144.6,0.99,76.8,-598435.3,300820.8,0.9948,0.097,551.6,-0.09721,-74.55768,0.0,0,-1.0,-1.0,-1.0,-1.0,-1.0,0.0,0.0,0.0,0.0
1791563451.88,2235588.6,326.2,79.0,6.5,0.0,175.0,0.0,89.95,90.4,0.0,74.66,0.0,1213.408959,100144.6,0.99,76.8,-598435.3,300820.8,0.9948,0.097,551.6,-0.09721,-74.55768,0.0,0,-1.0,-1.0,-1.0,-1.0,-1.0,0.0,0.0,0.0,0.0
1791563452.38,2235589.1,326.7,79.0,6.5,0.0,175.0,0.0,89.96,90.4,0.0,74.65,0.0,1213.408959,100144.6,0.99,76.8,-598435.3,300820.8,0.9948,0.097,551.6,-0.09721,-74.55768,0.0,0,-1.0,-1.0,-1.0,-1.0,-1.0,0.0,0.0,0.0,0.0
1791563452.88,2235589.6,327.2,79.0,6.5,0.0,175.0,0.0,89.96,90.4,0.0,74.64,0.0,1213.408959,100144.6,0.99,76.8,-598435.3,300820.8,0.9948,0.097,551.6,-0.09721,-74.55768,0.0,0,-1.0,-1.0,-1.0,-1.0,-1.0,0.0,0.0,0.0,0.0
1791563453.38,2235590.1,327.7,79.0,6.5,0.0,175.0,0.0,89.95,90.4,0.0,74.63,0.0,1213.408959,100144.6,0.99,76.8,-598435.3,300820.8,0.9948,0.097,551.6,-0.09721,-74.55768,0.0,0,-1.0,-1.0,-1.0,-1.0,-1.0,0.0,0.0,0.0,0.0
1791563453.89,2235590.6,328.2,79.0,6.5,0.0,175.0,0.0,89.95,90.4,0.0,74.62,0.0,1213.408959,100144.6,0.99,76.8,-598435.3,300820.8,0.9948,0.097,551.6,-0.09721,-74.55768,0.0,0,-1.0,-1.0,-1.0,-1.0,-1.0,0.0,0.0,0.0,0.0
1791563454.39,2235591.1,328.7,79.0,6.5,0.0,175.0,0.0,89.95,90.4,0.0,74.61,0.0,1213.408959,100144.6,0.99,76.8,-598435.3,300820.8,0.9948,0.097,551.6,-0.09721,-74.55768,0.0,0,-1.0,-1.0,-1.0,-1.0,-1.0,0.0,0.0,0.0,0.0
1791563454.89,2235591.6,329.2,79.0,6.5,0.0,175.0,0.0,89.95,90.4,0.0,74.61,0.0,1213.408959,100144.6,0.99,76.8,-598435.3,300820.8,0.9948,0.097,551.6,-0.09721,-74.55768,0.0,0,-1.0,-1.0,-1.0,-1.0,-1.0,0.0,0.0,0.0,0.0
1791563455.39,2235592.1,329.7,79.0,6.5,0.0,175.0,0.0,89.96,90.4,0.0,74.6,0.0,1213.408959,100144.6,0.99,76.8,-598435.3,300820.8,0.9948,0.097,551.6,-0.09721,-74.55768,0.0,0,-1.0,-1.0,-1.0,-1.0,-1.0,0.0,0.0,0.0,0.0
1791563455.89,2235592.6,330.2,79.0,6.5,0.0,175.0,0.0,89.96,90.4,0.0,74.59,0.0,1213.408959,100144.6,0.99,76.8,-598435.3,300820.8,0.9948,0.097,551.6,-0.09721,-74.55768,0.0,0,-1.0,-1.0,-1.0,-1.0,-1.0,0.0,0.0,0.0,0.0
1791563456.39,2235593.1,330.7,79.0,6.5,0.0,175.0,0.0,89.97,90.4,0.0,74.58,0.0,1213.408959,100144.6,0.99,76.8,-598435.3,300820.8,0.9948,0.097,551.6,-0.09721,-74.55768,0.0,0,-1.0,-1.0,-1.0,-1.0,-1.0,0.0,0.0,0.0,0.0
1791563456.89,2235593.6,331.2,79.0,6.5,0.0,175.0,0.0,89.96,90.4,0.0,74.57,0.0,1213.408959,100144.6,0.99,76.8,-598435.3,300820.8,0.9948,0.097,551.6,-0.09721,-74.55768,0.0,0,-1.0,-1.0,-1.0,-1.0,-1.0,0.0,0.0,0.0,0.0
1791563457.4,2235594.1,331.7,79.0,6.5,0.0,175.0,0.0,89.96,90.4,0.0,74.56,0.0,1213.408959,100144.6,0.99,76.8,-598435.3,300820.8,0.9948,0.097,551.6,-0.09721,-74.55768,0.0,0,-1.0,-1.0,-1.0,-1.0,-1.0,0.0,0.0,0.0,0.0
1791563457.9,2235594.6,332.2,79.0,6.5,0.0,175.0,0.0,89.95,90.4,0.0,74.56,0.0,1213.408959,100144.6,0.99,76.8,-598435.3,300820.8,0.9948,0.097,551.6,-0.09721,-74.55768,0.0,0,-1.0,-1.0,-1.0,-1.0,-1.0,0.0,0.0,0.0,0.0
1791563458.4,2235595.1,332.7,79.0,6.5,0.0,175.0,0.0,89.97,90.4,0.0,74.55,0.0,1213.408959,100144.6,0.99,76.8,-598435.3,300820.8,0.9948,0.097,551.6,-0.09721,-74.55768,0.0,0,-1.0,-1.0,-1.0,-1.0,-1.0,0.0,0.0,0.0,0.0
1791563458.9,2235595.6,333.2,79.0,6.5,0.0,175.0,0.0,89.95,90.4,0.0,74.54,0.0,1213.408959,100144.6,0.99,76.8,-598435.3,300820.8,0.9948,0.097,551.6,-0.09721,-74.55768,0.0,0,-1.0,-1.0,-1.0,-1.0,-1.0,0.0,0.0,0.0,0.0
1791563459.41,2235596.1,333.7,79.0,6.5,0.0,175.0,0.0,89.96,90.4,0.0,74.53,0.0,1213.408959,100144.6,0.99,76.8,-598435.3,300820.8,0.9948,0.097,551.6,-0.09721,-74.55768,0.0,0,-1.0,-1.0,-1.0,-1.0,-1.0,0.0,0.0,0.0,0.0
1791563459.91,2235596.6,334.3,79.0,6.5,0.0,175.0,0.0,89.97,90.4,0.0,74.52,0.0,1213.408959,100144.6,0.99,76.8,-598435.3,300820.8,0.9948,0.097,551.6,-0.09721,-74.55768,0.0,0,-1.0,-1.0,-1.0,-1.0,-1.0,0.0,0.0,0.0,0.0
1791563460.41,2235597.1,334.8,79.0,6.5,0.0,175.0,0.0,89.96,90.4,0.0,74.51,0.0,1213.408959,100144.6,0.99,76.8,-598435.3,300820.8,0.9948,0.097,551.6,-0.09721,-74.55768,0.0,0,-1.0,-1.0,-1.0,-1.0,-1.0,0.0,0.0,0.0,0.0
1791563460.91,2235597.6,335.3,79.0,6.5,0.0,175.0,0.0,89.97,90.4,0.0,74.51,0.0,1213.408959,100144.6,0.99,76.8,-598435.3,300820.8,0.9948,0.097,551.6,-0.09721,-74.55768,0.0,0,-1.0,-1.0,-1.0,-1.0,-1.0,0.0,0.0,0.0,0.0
1791563461.41,2235598.1,335.8,79.0,6.5,0.0,175.0,0.0,89.97,90.4,0.0,74.5,0.0,1213.408959,100144.6,0.99,76.8,-598435.3,300820.8,0.9948,0.097,551.6,-0.09721,-74.55768,0.0,0,-1.0,-1.0,-1.0,-1.0,-1.0,0.0,0.0,0.0,0.0
1791563461.92,2235598.6,336.3,79.0,6.5,0.0,175.0,0.0,89.96,90.4,0.0,74.49,0.0,1213.408959,100144.6,0.99,76.8,-598435.3,300820.8,0.9948,0.097,551.6,-0.09721,-74.55768,0.0,0,-1.0,-1.0,-1.0,-1.0,-1.0,0.0,0.0,0.0,0.0
1791563462.42,2235599.1,336.8,79.0,6.5,0.0,175.0,0.0,89.95,90.4,0.0,74.48,0.0,1213.408959,100144.6,0.99,76.8,-598435.3,300820.8,0.9948,0.097,551.6,-0.09721,-74.55768,0.0,0,-1.0,-1.0,-1.0,-1.0,-1.0,0.0,0.0,0.0,0.0
1791563462.92,2235599.6,337.3,79.0,6.5,0.0,175.0,0.0,89.97,90.4,0.0,74.47,0.0,1213.408959,100144.6,0.99,76.8,-598435.3,300820.8,0.9948,0.097,551.6,-0.09721,-74.55768,0.0,0,-1.0,-1.0,-1.0,-1.0,-1.0,0.0,0.0,0.0,0.0
1791563463.43,2235600.1,337.8,79.0,6.5,0.0,175.0,0.0,89.96,90.4,0.0,74.46,0.0,1213.408959,100144.6,0.99,76.8,-598435.3,300820.8,0.9948,0.097,551.6,-0.09721,-74.55768,0.0,0,-1.0,-1.0,-1.0,-1.0,-1.0,0.0,0.0,0.0,0.0
1791563463.93,2235600.6,338.3,79.0,6.5,0.0,175.0,0.0,89.96,90.4,0.0,74.46,0.0,1213.408959,100144.6,0.99,76.8,-598435.3,300820.8,0.9948,0.097,551.6,-0.09721,-74.55768,0.0,0,-1.0,-1.0,-1.0,-1.0,-1.0,0.0,0.0,0.0,0.0
1791563464.43,2235601.1,338.8,79.0,6.5,0.0,175.0,0.0,89.95,90.4,0.0,74.45,0.0,1213.408959,100144.6,0.99,76.8,-598435.3,300820.8,0.9948,0.097,551.6,-0.09721,-74.55768,0.0,0,-1.0,-1.0,-1.0,-1.0,-1.0,0.0,0.0,0.0,0.0
1791563464.93,2235601.5,339.3,79.0,6.5,0.0,175.0,0.0,89.97,90.4,0.0,74.44,0.0,1213.408959,100144.6,0.99,76.8,-598435.3,300820.8,0.9948,0.097,551.6,-0.09721,-74.55768,0.0,0,-1.0,-1.0,-1.0,-1.0,-1.0,0.0,0.0,0.0,0.0
1791563465.43,2235602.0,339.8,79.0,6.5,0.0,175.0,0.0,89.95,90.4,0.0,74.43,0.0,1213.408959,100144.6,0.99,76.8,-598435.3,300820.8,0.9948,0.097,551.6,-0.09721,-74.55768,0.0,0,-1.0,-1.0,-1.0,-1.0,-1.0,0.0,0.0,0.0,0.0
1791563466.08,2235602.4,340.4,79.0,6.5,0.0,175.0,0.0,89.97,90.4,0.0,74.43,0.0,1213.408959,100144.6,0.99,76.8,-598435.3,300820.8,0.9948,0.097,551.6,-0.09721,-74.55768,0.0,0,-1.0,-1.0,-1.0,-1.0,-1.0,0.0,0.0,0.0,0.0
1791563466.78,2235602.8,341.1,79.0,6.5,0.0,175.0,0.0,89.97,90.4,0.0,74.42,0.0,1213.408959,100144.6,0.99,76.8,-598435.3,300820.8,0.9948,0.097,551.6,-0.09721,-74.55768,0.0,0,-1.0,-1.0,-1.0,-1.0,-1.0,0.0,0.0,0.0,0.0
1791563467.45,2235603.2,341.8,79.0,6.5,0.0,175.0,0.0,89.95,90.4,0.0,74.41,0.0,1213.408959,100144.6,0.99,76.8,-598435.3,300820.8,0.9948,0.097,551.6,-0.09721,-74.55768,0.0,0,-1.0,-1.0,-1.0,-1.0,-1.0,0.0,0.0,0.0,0.0
1791563467.95,2235603.6,342.3,79.0,6.5,0.0,175.0,0.0,89.97,90.4,0.0,74.41,0.0,1213.408959,100144.6,0.99,76.8,-598435.3,300820.8,0.9948,0.097,551.6,-0.09721,-74.55768,0.0,0,-1.0,-1.0,-1.0,-1.0,-1.0,0.0,0.0,0.0,0.0
1791563468.47,2235604.0,342.8,79.0,6.5,0.0,175.0,0.0,89.96,90.4,0.0,74.4,0.0,1213.408959,100144.6,0.99,76.8,-598435.3,300820.8,0.9948,0.097,551.6,-0.09721,-74.55768,0.0,0,-1.0,-1.0,-1.0,-1.0,-1.0,0.0,0.0,0.0,0.0
1791563468.98,2235604.4,343.3,79.0,6.5,0.0,175.0,0.0,89.95,90.4,0.0,74.39,0.0,1213.408959,100144.6,0.99,76.8,-598435.3,300820.8,0.9948,0.097,551.6,-0.09721,-74.55768,0.0,0,-1.0,-1.0,-1.0,-1.0,-1.0,0.0,0.0,0.0,0.0
1791563469.76,2235604.7,344.1,79.0,6.5,0.0,175.0,0.0,89.95,90.4,0.0,74.39,0.0,1213.408959,100144.6,0.99,76.8,-598435.3,300820.8,0.9948,0.097,551.6,-0.09721,-74.55768,0.0,0,-1.0,-1.0,-1.0,-1.0,-1.0,0.0,0.0,0.0,0.0
1791563470.29,2235605.0,344.6,79.0,6.5,0.0,175.0,0.0,89.95,90.4,0.0,74.38,0.0,1213.408959,100144.6,0.99,76.8,-598435.3,300820.8,0.9948,0.097,551.6,-0.09721,-74.55768,0.0,0,-1.0,-1.0,-1.0,-1.0,-1.0,0.0,0.0,0.0,0.0
1791563470.8,2235605.3,345.1,79.0,6.5,0.0,175.0,0.0,89.95,90.4,0.0,74.38,0.0,1213.408959,100144.6,0.99,76.8,-598435.3,300820.8,0.9948,0.097,551.6,-0.09721,-74.55768,0.0,0,-1.0,-1.0,-1.0,-1.0,-1.0,0.0,0.0,0.0,0.0
1791563471.31,2235605.3,345.7,79.0,6.5,0.0,175.0,0.0,89.95,90.4,0.0,74.38,0.0,1213.408959,100144.6,0.99,76.8,-598435.3,300820.8,0.9948,0.097,551.6,-0.09721,-74.55768,0.0,0,-1.0,-1.0,-1.0,-1.0,-1.0,0.0,0.0,0.0,0.0
1791563471.82,2235605.3,346.2,79.0,6.5,0.0,175.0,0.0,89.95,90.4,0.0,74.38,0.0,1213.408959,100144.6,0.99,76.8,-598435.3,300820.8,0.9948,0.097,551.6,-0.09721,-74.55768,0.0,0,-1.0,-1.0,-1.0,-1.0,-1.0,0.0,0.0,0.0,0.0
1791563472.34,2235605.4,346.7,79.0,6.5,0.0,175.0,0.0,89.95,90.4,0.0,74.38,0.0,1213.408959,100144.6,0.99,76.8,-598435.3,300820.8,0.9948,0.097,551.6,-0.09721,-74.55768,0.0,0,-1.0,-1.0,-1.0,-1.0,-1.0,0.0,0.0,0.0,0.0
1791563472.9,2235605.8,347.2,79.0,6.5,0.0,175.0,0.0,89.95,90.4,0.0,74.37,0.0,1213.408959,100144.6,0.99,76.8,-598435.3,300820.8,0.9948,0.097,551.6,-0.09721,-74.55768,0.0,0,-1.0,-1.0,-1.0,-1.0,-1.0,0.0,0.0,0.0,0.0
1791563473.45,2235606.2,347.8,79.0,6.5,0.0,175.0,0.0,89.96,90.4,0.0,74.36,0.0,1213.408959,100144.6,0.99,76.8,-598435.3,300820.8,0.9948,0.097,551.6,-0.09721,-74.55768,0.0,0,-1.0,-1.0,-1.0,-1.0,-1.0,0.0,0.0,0.0,0.0
1791563474.02,2235606.6,348.4,79.0,6.5,0.0,175.0,0.0,89.96,90.4,0.0,74.36,0.0,1213.408959,100144.6,0.99,76.8,-598435.3,300820.8,0.9948,0.097,551.6,-0.09721,-74.55768,0.0,0,-1.0,-1.0,-1.0,-1.0,-1.0,0.0,0.0,0.0,0.0
1791563474.53,2235607.0,348.9,79.0,6.5,0.0,175.0,0.0,89.95,90.4,0.0,74.35,0.0,1213.408959,100144.6,0.99,76.8,-598435.3,300820.8,0.9948,0.097,551.6,-0.09721,-74.55768,0.0,0,-1.0,-1.0,-1.0,-1.0,-1.0,0.0,0.0,0.0,0.0
1791563475.04,2235607.4,349.4,79.0,6.5,0.0,175.0,0.0,89.95,90.4,0.0,74.34,0.0,1213.408959,100144.6,0.99,76.8,-598435.3,300820.8,0.9948,0.097,551.6,-0.09721,-74.55768,0.0,0,-1.0,-1.0,-1.0,-1.0,-1.0,0.0,0.0,0.0,0.0
1791563475.55,2235607.9,349.9,79.0,6.5,0.0,175.0,0.0,89.96,90.4,0.0,74.34,0.0,1213.408959,100144.6,0.99,76.8,-598435.3,300820.8,0.9948,0.097,551.6,-0.09721,-74.55768,0.0,0,-1.0,-1.0,-1.0,-1.0,-1.0,0.0,0.0,0.0,0.0
1791563476.13,2235608.4,350.5,79.0,6.5,0.0,175.0,0.0,89.96,90.4,0.0,74.33,0.0,1213.408959,100144.6,0.99,76.8,-598435.3,300820.8,0.9948,0.097,551.6,-0.09721,-74.55768,0.0,0,-1.0,-1.0,-1.0,-1.0,-1.0,0.0,0.0,0.0,0.0
1791563476.64,2235608.6,351.0,79.0,6.5,0.0,175.0,0.0,89.97,90.4,0.0,74.32,0.0,1213.408959,100144.6,0.99,76.8,-598435.3,300820.8,0.9948,0.097,551.6,-0.09721,-74.55768,0.0,0,-1.0,-1.0,-1.0,-1.0,-1.0,0.0,0.0,0.0,0.0
1791563477.14,2235609.1,351.5,79.0,6.5,0.0,175.0,0.0,89.95,90.4,0.0,74.31,0.0,1213.408959,100144.6,0.99,76.8,-598435.3,300820.8,0.9948,0.097,551.6,-0.09721,-74.55768,0.0,0,-1.0,-1.0,-1.0,-1.0,-1.0,0.0,0.0,0.0,0.0
1791563477.65,2235609.6,352.0,79.0,6.5,0.0,175.0,0.0,89.97,90.4,0.0,74.31,0.0,1213.408959,100144.6,0.99,76.8,-598435.3,300820.8,0.9948,0.097,551.6,-0.09721,-74.55768,0.0,0,-1.0,-1.0,-1.0,-1.0,-1.0,0.0,0.0,0.0,0.0
1791563478.16,2235610.1,352.5,79.0,6.5,0.0,175.0,0.0,89.97,90.4,0.0,74.3,0.0,1213.408959,100144.6,0.99,76.8,-598435.3,300820.8,0.9948,0.097,551.6,-0.09721,-74.55768,0.0,0,-1.0,-1.0,-1.0,-1.0,-1.0,0.0,0.0,0.0,0.0
1791563478.66,2235610.6,353.0,79.0,6.5,0.0,175.0,0.0,89.96,90.4,0.0,74.29,0.0,1213.408959,100144.6,0.99,76.8,-598435.3,300820.8,0.9948,0.097,551.6,-0.09721,-74.55768,0.0,0,-1.0,-1.0,-1.0,-1.0,-1.0,0.0,0.0,0.0,0.0
1791563479.16,2235611.1,353.5,79.0,6.5,0.0,175.0,0.0,89.95,90.4,0.0,74.28,0.0,1213.408959,100144.6,0.99,76.8,-598435.3,300820.8,0.9948,0.097,551.6,-0.09721,-74.55768,0.0,0,-1.0,-1.0,-1.0,-1.0,-1.0,0.0,0.0,0.0,0.0
1791563479.69,2235611.6,354.0,79.0,6.5,0.0,175.0,0.0,89.96,90.4,0.0,74.27,0.0,1213.408959,100144.6,0.99,76.8,-598435.3,300820.8,0.9948,0.097,551.6,-0.09721,-74.55768,0.0,0,-1.0,-1.0,-1.0,-1.0,-1.0,0.0,0.0,0.0,0.0
1791563480.2,2235612.0,354.5,79.0,6.5,0.0,175.0,0.0,89.95,90.4,0.0,74.27,0.0,1213.408959,100144.6,0.99,76.8,-598435.3,300820.8,0.9948,0.097,551.6,-0.09721,-74.55768,0.0,0,-1.0,-1.0,-1.0,-1.0,-1.0,0.0,0.0,0.0,0.0
1791563480.71,2235612.5,355.1,79.0,6.5,0.0,175.0,0.0,89.95,90.4,0.0,74.26,0.0,1213.408959,100144.6,0.99,76.8,-598435.3,300820.8,0.9948,0.097,551.6,-0.09721,-74.55768,0.0,0,-1.0,-1.0,-1.0,-1.0,-1.0,0.0,0.0,0.0,0.0
1791563481.27,2235613.0,355.6,79.0,6.5,0.0,175.0,0.0,89.97,90.4,0.0,74.25,0.0,1213.408959,100144.6,0.99,76.8,-598435.3,300820.8,0.9948,0.097,551.6,-0.09721,-74.55768,0.0,0,-1.0,-1.0,-1.0,-1.0,-1.0,0.0,0.0,0.0,0.0
1791563481.78,2235613.3,356.1,79.0,6.5,0.0,175.0,0.0,89.95,90.4,0.0,74.25,0.0,1213.408959,100144.6,0.99,76.8,-598435.3,300820.8,0.9948,0.097,551.6,-0.09721,-74.55768,0.0,0,-1.0,-1.0,-1.0,-1.0,-1.0,0.0,0.0,0.0,0.0
1791563482.46,2235613.8,356.8,79.0,6.5,0.0,175.0,0.0,89.95,90.4,0.0,74.24,0.0,1213.408959,100144.6,0.99,76.8,-598435.3,300820.8,0.9948,0.097,551.6,-0.09721,-74.55768,0.0,0,-1.0,-1.0,-1.0,-1.0,-1.0,0.0,0.0,0.0,0.0
1791563482.97,2235614.3,357.3,79.0,6.5,0.0,175.0,0.0,89.96,90.4,0.0,74.23,0.0,1213.408959,100144.6,0.99,76.8,-598435.3,300820.8,0.9948,0.097,551.6,-0.09721,-74.55768,0.0,0,-1.0,-1.0,-1.0,-1.0,-1.0,0.0,0.0,0.0,0.0
1791563483.53,2235614.7,357.9,79.0,6.5,0.0,175.0,0.0,89.95,90.4,0.0,74.22,0.0,1213.408959,100144.6,0.99,76.8,-598435.3,300820.8,0.9948,0.097,551.6,-0.09721,-74.55768,0.0,0,-1.0,-1.0,-1.0,-1.0,-1.0,0.0,0.0,0.0,0.0
1791563484.09,2235615.2,358.4,79.0,6.5,0.0,175.0,0.0,89.96,90.4,0.0,74.21,0.0,1213.408959,100144.6,0.99,76.8,-598435.3,300820.8,0.9948,0.097,551.6,-0.09721,-74.55768,0.0,0,-1.0,-1.0,-1.0,-1.0,-1.0,0.0,0.0,0.0,0.0
1791563484.59,2235615.7,358.9,79.0,6.5,0.0,175.0,0.0,89.95,90.4,0.0,74.2,0.0,1213.408959,100144.6,0.99,76.8,-598435.3,300820.8,0.9948,0.097,551.6,-0.09721,-74.55768,0.0,0,-1.0,-1.0,-1.0,-1.0,-1.0,0.0,0.0,0.0,0.0
1791563485.1,2235616.3,359.4,79.0,6.5,0.0,175.0,0.0,89.96,90.4,0.0,74.2,0.0,1213.408959,100144.6,0.99,76.8,-598435.3,300820.8,0.9948,0.097,551.6,-0.09721,-74.55768,0.0,0,-1.0,-1.0,-1.0,-1.0,-1.0,0.0,0.0,0.0,0.0
1791563485.61,2235616.6,360.0,79.0,6.5,0.0,175.0,0.0,89.97,90.4,0.0,74.19,0.0,1213.408959,100144.6,0.99,76.8,-598435.3,300820.8,0.9948,0.097,551.6,-0.09721,-74.55768,0.0,0,-1.0,-1.0,-1.0,-1.0,-1.0,0.0,0.0,0.0,0.0
1791563486.12,2235617.0,360.5,79.0,6.5,0.0,175.0,0.0,89.96,90.4,0.0,74.18,0.0,1213.408959,100144.6,0.99,76.8,-598435.3,300820.8,0.9948,0.097,551.6,-0.09721,-74.55768,0.0,0,-1.0,-1.0,-1.0,-1.0,-1.0,0.0,0.0,0.0,0.0
1791563486.62,2235617.4,361.0,79.0,6.5,0.0,175.0,0.0,89.96,90.4,0.0,74.18,0.0,1213.408959,100144.6,0.99,76.8,-598435.3,300820.8,0.9948,0.097,551.6,-0.09721,-74.55768,0.0,0,-1.0,-1.0,-1.0,-1.0,-1.0,0.0,0.0,0.0,0.0
1791563487.12,2235617.9,361.5,79.0,6.5,0.0,175.0,0.0,89.95,90.4,0.0,74.17,0.0,1213.408959,100144.6,0.99,76.8,-598435.3,300820.8,0.9948,0.097,551.6,-0.09721,-74.55768,0.0,0,-1.0,-1.0,-1.0,-1.0,-1.0,0.0,0.0,0.0,0.0
1791563487.62,2235618.4,362.0,79.0,6.5,0.0,175.0,0.0,89.96,90.4,0.0,74.16,0.0,1213.408959,100144.6,0.99,76.8,-598435.3,300820.8,0.9948,0.097,551.6,-0.09721,-74.55768,0.0,0,-1.0,-1.0,-1.0,-1.0,-1.0,0.0,0.0,0.0,0.0
1791563488.13,2235618.9,362.5,79.0,6.5,0.0,175.0,0.0,89.96,90.4,0.0,74.15,0.0,1213.408959,100144.6,0.99,76.8,-598435.3,300820.8,0.9948,0.097,551.6,-0.09721,-74.55768,0.0,0,-1.0,-1.0,-1.0,-1.0,-1.0,0.0,0.0,0.0,0.0
1791563488.63,2235619.4,363.0,79.0,6.5,0.0,175.0,0.0,89.95,90.4,0.0,74.14,0.0,1213.408959,100144.6,0.99,76.8,-598435.3,300820.8,0.9948,0.097,551.6,-0.09721,-74.55768,0.0,0,-1.0,-1.0,-1.0,-1.0,-1.0,0.0,0.0,0.0,0.0
1791563489.13,2235619.9,363.5,79.0,6.5,0.0,175.0,0.0,89.95,90.4,0.0,74.14,0.0,1213.408959,100144.6,0.99,76.8,-598435.3,300820.8,0.9948,0.097,551.6,-0.09721,-74.55768,0.0,0,-1.0,-1.0,-1.0,-1.0,-1.0,0.0,0.0,0.0,0.0
1791563489.63,2235620.4,364.0,79.0,6.5,0.0,175.0,0.0,89.96,90.4,0.0,74.13,0.0,1213.408959,100144.6,0.99,76.8,-598435.3,300820.8,0.9948,0.097,551.6,-0.09721,-74.55768,0.0,0,-1.0,-1.0,-1.0,-1.0,-1.0,0.0,0.0,0.0,0.0
1791563490.14,2235620.9,364.5,79.0,6.5,0.0,175.0,0.0,89.97,90.4,0.0,74.12,0.0,1213.408959,100144.6,0.99,76.8,-598435.3,300820.8,0.9948,0.097,551.6,-0.09721,-74.55768,0.0,0,-1.0,-1.0,-1.0,-1.0,-1.0,0.0,0.0,0.0,0.0
1791563490.64,2235621.4,365.0,79.0,6.5,0.0,175.0,0.0,89.97,90.4,0.0,74.11,0.0,1213.408959,100144.6,0.99,76.8,-598435.3,300820.8,0.9948,0.097,551.6,-0.09721,-74.55768,0.0,0,-1.0,-1.0,-1.0,-1.0,-1.0,0.0,0.0,0.0,0.0
1791563491.14,2235621.9,365.5,79.0,6.5,0.0,175.0,0.0,89.96,90.4,0.0,74.1,0.0,1213.408959,100144.6,0.99,76.8,-598435.3,300820.8,0.9948,0.097,551.6,-0.09721,-74.55768,0.0,0,-1.0,-1.0,-1.0,-1.0,-1.0,0.0,0.0,0.0,0.0
1791563491.64,2235622.4,366.0,79.0,6.5,0.0,175.0,0.0,89.97,90.4,0.0,74.09,0.0,1213.408959,100144.6,0.99,76.8,-598435.3,300820.8,0.9948,0.097,551.6,-0.09721,-74.55768,0.0,0,-1.0,-1.0,-1.0,-1.0,-1.0,0.0,0.0,0.0,0.0
1791563492.14,2235622.9,366.5,79.0,6.5,0.0,175.0,0.0,89.96,90.4,0.0,74.08,0.0,1213.408959,100144.6,0.99,76.8,-598435.3,300820.8,0.9948,0.097,551.6,-0.09721,-74.55768,0.0,0,-1.0,-1.0,-1.0,-1.0,-1.0,0.0,0.0,0.0,0.0
1791563492.65,2235623.4,367.0,79.0,6.5,0.0,175.0,0.0,89.95,90.4,0.0,74.08,0.0,1213.408959,100144.6,0.99,76.8,-598435.3,300820.8,0.9948,0.097,551.6,-0.09721,-74.55768,0.0,0,-1.0,-1.0,-1.0,-1.0,-1.0,0.0,0.0,0.0,0.0
1791563493.15,2235623.9,367.5,79.0,6.5,0.0,175.0,0.0,89.95,90.4,0.0,74.07,0.0,1213.408959,100144.6,0.99,76.8,-598435.3,300820.8,0.9948,0.097,551.6,-0.09721,-74.55768,0.0,0,-1.0,-1.0,-1.0,-1.0,-1.0,0.0,0.0,0.0,0.0
1791563493.65,2235624.4,368.0,79.0,6.5,0.0,175.0,0.0,89.96,90.4,0.0,74.06,0.0,1213.408959,100144.6,0.99,76.8,-598435.3,300820.8,0.9948,0.097,551.6,-0.09721,-74.55768,0.0,0,-1.0,-1.0,-1.0,-1.0,-1.0,0.0,0.0,0.0,0.0
1791563494.15,2235624.9,368.5,79.0,6.5,0.0,175.0,0.0,89.96,90.4,0.0,74.05,0.0,1213.408959,100144.6,0.99,76.8,-598435.3,300820.8,0.9948,0.097,551.6,-0.09721,-74.55768,0.0,0,-1.0,-1.0,-1.0,-1.0,-1.0,0.0,0.0,0.0,0.0
1791563494.66,2235625.4,369.0,79.0,6.5,0.0,175.0,0.0,89.95,90.4,0.0,74.04,0.0,1213.408959,100144.6,0.99,76.8,-598435.3,300820.8,0.9948,0.097,551.6,-0.09721,-74.55768,0.0,0,-1.0,-1.0,-1.0,-1.0,-1.0,0.0,0.0,0.0,0.0
1791563495.16,2235625.9,369.5,79.0,6.5,0.0,175.0,0.0,89.96,90.4,0.0,74.03,0.0,1213.408959,100144.6,0.99,76.8,-598435.3,300820.8,0.9948,0.097,551.6,-0.09721,-74.55768,0.0,0,-1.0,-1.0,-1.0,-1.0,-1.0,0.0,0.0,0.0,0.0
1791563495.66,2235626.4,370.0,79.0,6.5,0.0,175.0,0.0,89.96,90.4,0.0,74.03,0.0,1213.408959,100144.6,0.99,76.8,-598435.3,300820.8,0.9948,0.097,551.6,-0.09721,-74.55768,0.0,0,-1.0,-1.0,-1.0,-1.0,-1.0,0.0,0.0,0.0,0.0
1791563496.16,2235626.9,370.5,79.0,6.5,0.0,175.0,0.0,89.95,90.4,0.0,74.02,0.0,1213.408959,100144.6,0.99,76.8,-598435.3,300820.8,0.9948,0.097,551.6,-0.09721,-74.55768,0.0,0,-1.0,-1.0,-1.0,-1.0,-1.0,0.0,0.0,0.0,0.0
1791563496.66,2235627.4,371.0,79.0,6.5,0.0,175.0,0.0,89.95,90.4,0.0,74.01,0.0,1213.408959,100144.6,0.99,76.8,-598435.3,300820.8,0.9948,0.097,551.6,-0.09721,-74.55768,0.0,0,-1.0,-1.0,-1.0,-1.0,-1.0,0.0,0.0,0.0,0.0
1791563497.16,2235627.8,371.5,79.0,6.5,0.0,175.0,0.0,89.97,90.4,0.0,74.0,0.0,1213.408959,100144.6,0.99,76.8,-598435.3,300820.8,0.9948,0.097,551.6,-0.09721,-74.55768,0.0,0,-1.0,-1.0,-1.0,-1.0,-1.0,0.0,0.0,0.0,0.0
1791563497.67,2235627.8,372.0,79.0,6.5,0.0,175.0,0.0,89.97,90.4,0.0,74.0,0.0,1213.408959,100144.6,0.99,76.8,-598435.3,300820.8,0.9948,0.097,551.6,-0.09721,-74.55768,0.0,0,-1.0,-1.0,-1.0,-1.0,-1.0,0.0,0.0,0.0,0.0
1791563498.17,2235627.8,372.5,79.0,6.5,0.0,175.0,0.0,89.97,90.4,0.0,74.0,0.0,1213.408959,100144.6,0.99,76.8,-598435.3,300820.8,0.9948,0.097,551.6,-0.09721,-74.55768,0.0,0,-1.0,-1.0,-1.0,-1.0,-1.0,0.0,0.0,0.0,0.0
1791563498.67,2235628.0,373.0,79.0,6.5,0.0,175.0,0.0,89.95,90.4,0.0,74.0,0.0,1213.408959,100144.6,0.99,76.8,-598435.3,300820.8,0.9948,0.097,551.6,-0.09721,-74.55768,0.0,0,-1.0,-1.0,-1.0,-1.0,-1.0,0.0,0.0,0.0,0.0
1791563499.17,2235628.5,373.5,79.0,6.5,0.0,175.0,0.0,89.97,90.4,0.0,73.99,0.0,1213.408959,100144.6,0.99,76.8,-598435.3,300820.8,0.9948,0.097,551.6,-0.09721,-74.55768,0.0,0,-1.0,-1.0,-1.0,-1.0,-1.0,0.0,0.0,0.0,0.0
1791563499.68,2235629.0,374.0,79.0,6.5,0.0,175.0,0.0,89.95,90.4,0.0,73.98,0.0,1213.408959,100144.6,0.99,76.8,-598435.3,300820.8,0.9948,0.097,551.6,-0.09721,-74.55768,0.0,0,-1.0,-1.0,-1.0,-1.0,-1.0,0.0,0.0,0.0,0.0
1791563500.18,2235629.5,374.5,79.0,6.5,0.0,175.0,0.0,89.95,90.4,0.0,73.97,0.0,1213.408959,100144.6,0.99,76.8,-598435.3,300820.8,0.9948,0.097,551.6,-0.09721,-74.55768,0.0,0,-1.0,-1.0,-1.0,-1.0,-1.0,0.0,0.0,0.0,0.0
1791563500.68,2235630.0,375.0,79.0,6.5,0.0,175.0,0.0,89.97,90.4,0.0,73.97,0.0,1213.408959,100144.6,0.99,76.8,-598435.3,300820.8,0.9948,0.097,551.6,-0.09721,-74.55768,0.0,0,-1.0,-1.0,-1.0,-1.0,-1.0,0.0,0.0,0.0,0.0
1791563501.18,2235630.5,375.5,79.0,6.5,0.0,175.0,0.0,89.96,90.4,0.0,73.96,0.0,1213.408959,100144.6,0.99,76.8,-598435.3,300820.8,0.9948,0.097,551.6,-0.09721,-74.55768,0.0,0,-1.0,-1.0,-1.0,-1.0,-1.0,0.0,0.0,0.0,0.0
1791563501.68,2235631.0,376.0,79.0,6.5,0.0,175.0,0.0,89.95,90.4,0.0,73.95,0.0,1213.408959,100144.6,0.99,76.8,-598435.3,300820.8,0.9948,0.097,551.6,-0.09721,-74.55768,0.0,0,-1.0,-1.0,-1.0,-1.0,-1.0,0.0,0.0,0.0,0.0
1791563502.19,2235631.5,376.5,79.0,6.5,0.0,175.0,0.0,89.97,90.4,0.0,73.94,0.0,1213.408959,100144.6,0.99,76.8,-598435.3,300820.8,0.9948,0.097,551.6,-0.09721,-74.55768,0.0,0,-1.0,-1.0,-1.0,-1.0,-1.0,0.0,0.0,0.0,0.0
1791563502.76,2235632.0,377.1,79.0,6.5,0.0,175.0,0.0,89.96,90.4,0.0,73.93,0.0,1213.408959,100144.6,0.99,76.8,-598435.3,300820.8,0.9948,0.097,551.6,-0.09721,-74.55768,0.0,0,-1.0,-1.0,-1.0,-1.0,-1.0,0.0,0.0,0.0,0.0
1791563503.26,2235632.5,377.6,79.0,6.5,0.0,175.0,0.0,89.95,90.4,0.0,73.92,0.0,1213.408959,100144.6,0.99,76.8,-598435.3,300820.8,0.9948,0.097,551.6,-0.09721,-74.55768,0.0,0,-1.0,-1.0,-1.0,-1.0,-1.0,0.0,0.0,0.0,0.0
1791563503.76,2235633.0,378.1,79.0,6.5,0.0,175.0,0.0,89.96,90.4,0.0,73.92,0.0,1213.408959,100144.6,0.99,76.8,-598435.3,300820.8,0.9948,0.097,551.6,-0.09721,-74.55768,0.0,0,-1.0,-1.0,-1.0,-1.0,-1.0,0.0,0.0,0.0,0.0
1791563504.26,2235633.5,378.6,79.0,6.5,0.0,175.0,0.0,89.96,90.4,0.0,73.91,0.0,1213.408959,100144.6,0.99,76.8,-598435.3,300820.8,0.9948,0.097,551.6,-0.09721,-74.55768,0.0,0,-1.0,-1.0,-1.0,-1.0,-1.0,0.0,0.0,0.0,0.0
1791563504.77,2235634.0,379.1,79.0,6.5,0.0,175.0,0.0,89.97,90.4,0.0,73.9,0.0,1213.408959,100144.6,0.99,76.8,-598435.3,300820.8,0.9948,0.097,551.6,-0.09721,-74.55768,0.0,0,-1.0,-1.0,-1.0,-1.0,-1.0,0.0,0.0,0.0,0.0
1791563505.27,2235634.5,379.6,79.0,6.5,0.0,175.0,0.0,89.97,90.4,0.0,73.89,0.0,1213.408959,100144.6,0.99,76.8,-598435.3,300820.8,0.9948,0.097,551.6,-0.09721,-74.55768,0.0,0,-1.0,-1.0,-1.0,-1.0,-1.0,0.0,0.0,0.0,0.0
1791563505.77,2235634.9,380.1,79.0,6.5,0.0,175.0,0.0,89.96,90.4,0.0,73.88,0.0,1213.408959,100144.6,0.99,76.8,-598435.3,300820.8,0.9948,0.097,551.6,-0.09721,-74.55768,0.0,0,-1.0,-1.0,-1.0,-1.0,-1.0,0.0,0.0,0.0,0.0
1791563506.27,2235635.4,380.6,79.0,6.5,0.0,175.0,0.0,89.97,90.4,0.0,73.88,0.0,1213.408959,100144.6,0.99,76.8,-598435.3,300820.8,0.9948,0.097,551.6,-0.09721,-74.55768,0.0,0,-1.0,-1.0,-1.0,-1.0,-1.0,0.0,0.0,0.0,0.0
1791563506.77,2235635.6,381.1,79.0,6.5,0.0,175.0,0.0,89.97,90.4,0.0,73.87,0.0,1213.408959,100144.6,0.99,76.8,-598435.3,300820.8,0.9948,0.097,551.6,-0.09721,-74.55768,0.0,0,-1.0,-1.0,-1.0,-1.0,-1.0,0.0,0.0,0.0,0.0
1791563507.28,2235635.6,381.6,79.0,6.5,0.0,175.0,0.0,89.97,90.4,0.0,73.87,0.0,1213.408959,100144.6,0.99,76.8,-598435.3,300820.8,0.9948,0.097,551.6,-0.09721,-74.55768,0.0,0,-1.0,-1.0,-1.0,-1.0,-1.0,0.0,0.0,0.0,0.0
1791563507.78,2235635.7,382.1,79.0,6.5,0.0,175.0,0.0,89.95,90.4,0.0,73.87,0.0,1213.408959,100144.6,0.99,76.8,-598435.3,300820.8,0.9948,0.097,551.6,-0.09721,-74.55768,0.0,0,-1.0,-1.0,-1.0,-1.0,-1.0,0.0,0.0,0.0,0.0
1791563508.28,2235635.7,382.6,79.0,6.5,0.0,175.0,0.0,89.95,90.4,0.0,73.87,0.0,1213.408959,100144.6,0.99,76.8,-598435.3,300820.8,0.9948,0.097,551.6,-0.09721,-74.55768,0.0,0,-1.0,-1.0,-1.0,-1.0,-1.0,0.0,0.0,0.0,0.0
1791563508.78,2235635.7,383.1,79.0,6.5,0.0,175.0,0.0,89.95,90.4,0.0,73.87,0.0,1213.408959,100144.6,0.99,76.8,-598435.3,300820.8,0.9948,0.097,551.6,-0.09721,-74.55768,0.0,0,-1.0,-1.0,-1.0,-1.0,-1.0,0.0,0.0,0.0,0.0
1791563509.28,2235635.7,383.6,79.0,6.5,0.0,175.0,0.0,89.95,90.4,0.0,73.87,0.0,1213.408959,100144.6,0.99,76.8,-598435.3,300820.8,0.9948,0.097,551.6,-0.09721,-74.55768,0.0,0,-1.0,-1.0,-1.0,-1.0,-1.0,0.0,0.0,0.0,0.0
1791563509.79,2235635.7,384.1,79.0,6.5,0.0,175.0,0.0,89.95,90.4,0.0,73.87,0.0,1213.408959,100144.6,0.99,76.8,-598435.3,300820.8,0.9948,0.097,551.6,-0.09721,-74.55768,0.0,0,-1.0,-1.0,-1.0,-1.0,-1.0,0.0,0.0,0.0,0.0
1791563510.29,2235635.7,384.6,79.0,6.5,0.0,175.0,0.0,89.95,90.4,0.0,73.87,0.0,1213.408959,100144.6,0.99,76.8,-598435.3,300820.8,0.9948,0.097,551.6,-0.09721,-74.55768,0.0,0,-1.0,-1.0,-1.0,-1.0,-1.0,0.0,0.0,0.0,0.0
1791563510.79,2235635.8,385.1,79.0,6.5,0.0,175.0,0.0,89.96,90.4,0.0,73.87,0.0,1213.408959,100144.6,0.99,76.8,-598435.3,300820.8,0.9948,0.097,551.6,-0.09721,-74.55768,0.0,0,-1.0,-1.0,-1.0,-1.0,-1.0,0.0,0.0,0.0,0.0
1791563511.29,2235635.8,385.6,79.0,6.5,0.0,175.0,0.0,89.96,90.4,0.0,73.87,0.0,1213.408959,100144.6,0.99,76.8,-598435.3,300820.8,0.9948,0.097,551.6,-0.09721,-74.55768,0.0,0,-1.0,-1.0,-1.0,-1.0,-1.0,0.0,0.0,0.0,0.0
1791563511.79,2235635.8,386.1,79.0,6.5,0.0,175.0,0.0,89.97,90.4,0.0,73.87,0.0,1213.408959,100144.6,0.99,76.8,-598435.3,300820.8,0.9948,0.097,551.6,-0.09721,-74.55768,0.0,0,-1.0,-1.0,-1.0,-1.0,-1.0,0.0,0.0,0.0,0.0
1791563512.29,2235635.8,386.6,79.0,6.5,0.0,175.0,0.0,89.97,90.4,0.0,73.87,0.0,1213.408959,100144.6,0.99,76.8,-598435.3,300820.8,0.9948,0.097,551.6,-0.09721,-74.55768,0.0,0,-1.0,-1.0,-1.0,-1.0,-1.0,0.0,0.0,0.0,0.0
1791563512.8,2235635.9,387.1,79.0,6.5,0.0,175.0,0.0,89.97,90.4,0.0,73.87,0.0,1213.408959,100144.6,0.99,76.8,-598435.3,300820.8,0.9948,0.097,551.6,-0.09721,-74.55768,0.0,0,-1.0,-1.0,-1.0,-1.0,-1.0,0.0,0.0,0.0,0.0
1791563513.3,2235635.9,387.6,79.0,6.5,0.0,175.0,0.0,89.97,90.4,0.0,73.87,0.0,1213.408959,100144.6,0.99,76.8,-598435.3,300820.8,0.9948,0.097,551.6,-0.09721,-74.55768,0.0,0,-1.0,-1.0,-1.0,-1.0,-1.0,0.0,0.0,0.0,0.0
1791563513.8,2235635.9,388.1,79.0,6.5,0.0,175.0,0.0,89.97,90.4,0.0,73.87,0.0,1213.408959,100144.6,0.99,76.8,-598435.3,300820.8,0.9948,0.097,551.6,-0.09721,-74.55768,0.0,0,-1.0,-1.0,-1.0,-1.0,-1.0,0.0,0.0,0.0,0.0
1791563514.3,2235635.9,388.6,79.0,6.5,0.0,175.0,0.0,89.97,90.4,0.0,73.87,0.0,1213.408959,100144.6,0.99,76.8,-598435.3,300820.8,0.9948,0.097,551.6,-0.09721,-74.55768,0.0,0,-1.0,-1.0,-1.0,-1.0,-1.0,0.0,0.0,0.0,0.0
1791563514.8,2235635.9,389.1,79.0,6.5,0.0,175.0,0.0,89.95,90.4,0.0,73.87,0.0,1213.408959,100144.6,0.99,76.8,-598435.3,300820.8,0.9948,0.097,551.6,-0.09721,-74.55768,0.0,0,-1.0,-1.0,-1.0,-1.0,-1.0,0.0,0.0,0.0,0.0
1791563515.3,2235635.9,389.6,79.0,6.5,0.0,175.0,0.0,89.95,90.4,0.0,73.87,0.0,1213.408959,100144.6,0.99,76.8,-598435.3,300820.8,0.9948,0.097,551.6,-0.09721,-74.55768,0.0,0,-1.0,-1.0,-1.0,-1.0,-1.0,0.0,0.0,0.0,0.0
1791563515.8,2235636.0,390.1,79.0,6.5,0.0,175.0,0.0,89.96,90.4,0.0,73.87,0.0,1213.408959,100144.6,0.99,76.8,-598435.3,300820.8,0.9948,0.097,551.6,-0.09721,-74.55768,0.0,0,-1.0,-1.0,-1.0,-1.0,-1.0,0.0,0.0,0.0,0.0
1791563516.31,2235636.0,390.6,79.0,6.5,0.0,175.0,0.0,89.96,90.4,0.0,73.87,0.0,1213.408959,100144.6,0.99,76.8,-598435.3,300820.8,0.9948,0.097,551.6,-0.09721,-74.55768,0.0,0,-1.0,-1.0,-1.0,-1.0,-1.0,0.0,0.0,0.0,0.0
1791563516.81,2235636.0,391.2,79.0,6.5,0.0,175.0,0.0,89.96,90.4,0.0,73.87,0.0,1213.408959,100144.6,0.99,76.8,-598435.3,300820.8,0.9948,0.097,551.6,-0.09721,-74.55768,0.0,0,-1.0,-1.0,-1.0,-1.0,-1.0,0.0,0.0,0.0,0.0
1791563517.31,2235636.0,391.7,79.0,6.5,0.0,175.0,0.0,89.96,90.4,0.0,73.87,0.0,1213.408959,100144.6,0.99,76.8,-598435.3,300820.8,0.9948,0.097,551.6,-0.09721,-74.55768,0.0,0,-1.0,-1.0,-1.0,-1.0,-1.0,0.0,0.0,0.0,0.0
1791563517.81,2235636.1,392.2,79.0,6.5,0.0,175.0,0.0,89.96,90.4,0.0,73.87,0.0,1213.408959,100144.6,0.99,76.8,-598435.3,300820.8,0.9948,0.097,551.6,-0.09721,-74.55768,0.0,0,-1.0,-1.0,-1.0,-1.0,-1.0,0.0,0.0,0.0,0.0
1791563518.31,2235636.1,392.7,79.0,6.5,0.0,175.0,0.0,89.96,90.4,0.0,73.87,0.0,1213.408959,100144.6,0.99,76.8,-598435.3,300820.8,0.9948,0.097,551.6,-0.09721,-74.55768,0.0,0,-1.0,-1.0,-1.0,-1.0,-1.0,0.0,0.0,0.0,0.0
1791563518.81,2235636.1,393.2,79.0,6.5,0.0,175.0,0.0,89.96,90.4,0.0,73.86,0.0,1213.408959,100144.6,0.99,76.8,-598435.3,300820.8,0.9948,0.097,551.6,-0.09721,-74.55768,0.0,0,-1.0,-1.0,-1.0,-1.0,-1.0,0.0,0.0,0.0,0.0
1791563519.32,2235636.1,393.7,79.0,6.5,0.0,175.0,0.0,89.96,90.4,0.0,73.86,0.0,1213.408959,100144.6,0.99,76.8,-598435.3,300820.8,0.9948,0.097,551.6,-0.09721,-74.55768,0.0,0,-1.0,-1.0,-1.0,-1.0,-1.0,0.0,0.0,0.0,0.0
1791563519.82,2235636.1,394.2,79.0,6.5,0.0,175.0,0.0,89.96,90.4,0.0,73.86,0.0,1213.408959,100144.6,0.99,76.8,-598435.3,300820.8,0.9948,0.097,551.6,-0.09721,-74.55768,0.0,0,-1.0,-1.0,-1.0,-1.0,-1.0,0.0,0.0,0.0,0.0
1791563520.32,2235636.1,394.7,79.0,6.5,0.0,175.0,0.0,89.96,90.4,0.0,73.86,0.0,1213.408959,100144.6,0.99,76.8,-598435.3,300820.8,0.9948,0.097,551.6,-0.09721,-74.55768,0.0,0,-1.0,-1.0,-1.0,-1.0,-1.0,0.0,0.0,0.0,0.0
1791563520.82,2235636.2,395.2,79.0,6.5,0.0,175.0,0.0,89.95,90.4,0.0,73.86,0.0,1213.408959,100144.6,0.99,76.8,-598435.3,300820.8,0.9948,0.097,551.6,-0.09721,-74.55768,0.0,0,-1.0,-1.0,-1.0,-1.0,-1.0,0.0,0.0,0.0,0.0
1791563521.32,2235636.2,395.7,79.0,6.5,0.0,175.0,0.0,89.95,90.4,0.0,73.86,0.0,1213.408959,100144.6,0.99,76.8,-598435.3,300820.8,0.9948,0.097,551.6,-0.09721,-74.55768,0.0,0,-1.0,-1.0,-1.0,-1.0,-1.0,0.0,0.0,0.0,0.0
1791563521.82,2235636.2,396.2,79.0,6.5,0.0,175.0,0.0,89.95,90.4,0.0,73.86,0.0,1213.408959,100144.6,0.99,76.8,-598435.3,300820.8,0.9948,0.097,551.6,-0.09721,-74.55768,0.0,0,-1.0,-1.0,-1.0,-1.0,-1.0,0.0,0.0,0.0,0.0
1791563522.33,2235636.2,396.7,79.0,6.5,0.0,175.0,0.0,89.95,90.4,0.0,73.86,0.0,1213.408959,100144.6,0.99,76.8,-598435.3,300820.8,0.9948,0.097,551.6,-0.09721,-74.55768,0.0,0,-1.0,-1.0,-1.0,-1.0,-1.0,0.0,0.0,0.0,0.0
1791563522.83,2235636.3,397.2,79.0,6.5,0.0,175.0,0.0,89.95,90.4,0.0,73.86,0.0,1213.408959,100144.6,0.99,76.8,-598435.3,300820.8,0.9948,0.097,551.6,-0.09721,-74.55768,0.0,0,-1.0,-1.0,-1.0,-1.0,-1.0,0.0,0.0,0.0,0.0
1791563523.33,2235636.3,397.7,79.0,6.5,0.0,175.0,0.0,89.95,90.4,0.0,73.86,0.0,1213.408959,100144.6,0.99,76.8,-598435.3,300820.8,0.9948,0.097,551.6,-0.09721,-74.55768,0.0,0,-1.0,-1.0,-1.0,-1.0,-1.0,0.0,0.0,0.0,0.0
1791563523.83,2235636.3,398.2,79.0,6.5,0.0,175.0,0.0,89.96,90.4,0.0,73.86,0.0,1213.408959,100144.6,0.99,76.8,-598435.3,300820.8,0.9948,0.097,551.6,-0.09721,-74.55768,0.0,0,-1.0,-1.0,-1.0,-1.0,-1.0,0.0,0.0,0.0,0.0
1791563524.33,2235636.3,398.7,79.0,6.5,0.0,175.0,0.0,89.96,90.4,0.0,73.86,0.0,1213.408959,100144.6,0.99,76.8,-598435.3,300820.8,0.9948,0.097,551.6,-0.09721,-74.55768,0.0,0,-1.0,-1.0,-1.0,-1.0,-1.0,0.0,0.0,0.0,0.0
1791563524.83,2235636.3,399.2,79.0,6.5,0.0,175.0,0.0,89.95,90.4,0.0,73.86,0.0,1213.408959,100144.6,0.99,76.8,-598435.3,300820.8,0.9948,0.097,551.6,-0.09721,-74.55768,0.0,0,-1.0,-1.0,-1.0,-1.0,-1.0,0.0,0.0,0.0,0.0
1791563525.34,2235636.7,399.7,79.0,6.5,0.0,175.0,0.0,89.96,90.4,0.0,73.86,0.0,1213.408959,100144.6,0.99,76.8,-598435.3,300820.8,0.9948,0.097,551.6,-0.09721,-74.55768,0.0,0,-1.0,-1.0,-1.0,-1.0,-1.0,0.0,0.0,0.0,0.0
1791563525.84,2235637.2,400.2,79.0,6.5,0.0,175.0,0.0,89.95,90.4,0.0,73.85,0.0,1213.408959,100144.6,0.99,76.8,-598435.3,300820.8,0.9948,0.097,551.6,-0.09721,-74.55768,0.0,0,-1.0,-1.0,-1.0,-1.0,-1.0,0.0,0.0,0.0,0.0
1791563526.34,2235637.7,400.7,79.0,6.5,0.0,175.0,0.0,89.96,90.4,0.0,73.84,0.0,1213.408959,100144.6,0.99,76.8,-598435.3,300820.8,0.9948,0.097,551.6,-0.09721,-74.55768,0.0,0,-1.0,-1.0,-1.0,-1.0,-1.0,0.0,0.0,0.0,0.0
1791563526.84,2235638.2,401.2,79.0,6.5,0.0,175.0,0.0,89.97,90.4,0.0,73.83,0.0,1213.408959,100144.6,0.99,76.8,-598435.3,300820.8,0.9948,0.097,551.6,-0.09721,-74.55768,0.0,0,-1.0,-1.0,-1.0,-1.0,-1.0,0.0,0.0,0.0,0.0
1791563527.35,2235638.7,401.7,79.0,6.5,0.0,175.0,0.0,89.97,90.4,0.0,73.82,0.0,1213.408959,100144.6,0.99,76.8,-598435.3,300820.8,0.9948,0.097,551.6,-0.09721,-74.55768,0.0,0,-1.0,-1.0,-1.0,-1.0,-1.0,0.0,0.0,0.0,0.0
1791563527.85,2235639.2,402.2,79.0,6.5,0.0,175.0,0.0,89.96,90.4,0.0,73.81,0.0,1213.408959,100144.6,0.99,76.8,-598435.3,300820.8,0.9948,0.097,551.6,-0.09721,-74.55768,0.0,0,-1.0,-1.0,-1.0,-1.0,-1.0,0.0,0.0,0.0,0.0
1791563528.35,2235639.7,402.7,79.0,6.5,0.0,175.0,0.0,89.96,90.4,0.0,73.8,0.0,1213.408959,100144.6,0.99,76.8,-598435.3,300820.8,0.9948,0.097,551.6,-0.09721,-74.55768,0.0,0,-1.0,-1.0,-1.0,-1.0,-1.0,0.0,0.0,0.0,0.0
1791563528.86,2235640.2,403.2,79.0,6.5,0.0,175.0,0.0,89.95,90.4,0.0,73.8,0.0,1213.408959,100144.6,0.99,76.8,-598435.3,300820.8,0.9948,0.097,551.6,-0.09721,-74.55768,0.0,0,-1.0,-1.0,-1.0,-1.0,-1.0,0.0,0.0,0.0,0.0
1791563529.36,2235640.7,403.7,79.0,6.5,0.0,175.0,0.0,89.96,90.4,0.0,73.79,0.0,1213.408959,100144.6,0.99,76.8,-598435.3,300820.8,0.9948,0.097,551.6,-0.09721,-74.55768,0.0,0,-1.0,-1.0,-1.0,-1.0,-1.0,0.0,0.0,0.0,0.0
1791563529.86,2235641.2,404.2,79.0,6.5,0.0,175.0,0.0,89.96,90.4,0.0,73.78,0.0,1213.408959,100144.6,0.99,76.8,-598435.3,300820.8,0.9948,0.097,551.6,-0.09721,-74.55768,0.0,0,-1.0,-1.0,-1.0,-1.0,-1.0,0.0,0.0,0.0,0.0
1791563530.36,2235641.7,404.7,79.0,6.5,0.0,175.0,0.0,89.95,90.4,0.0,73.77,0.0,1213.408959,100144.6,0.99,76.8,-598435.3,300820.8,0.9948,0.097,551.6,-0.09721,-74.55768,0.0,0,-1.0,-1.0,-1.0,-1.0,-1.0,0.0,0.0,0.0,0.0
1791563530.86,2235642.2,405.2,79.0,6.5,0.0,175.0,0.0,89.96,90.4,0.0,73.76,0.0,1213.408959,100144.6,0.99,76.8,-598435.3,300820.8,0.9948,0.097,551.6,-0.09721,-74.55768,0.0,0,-1.0,-1.0,-1.0,-1.0,-1.0,0.0,0.0,0.0,0.0
1791563531.36,2235642.7,405.7,79.0,6.5,0.0,175.0,0.0,89.96,90.4,0.0,73.75,0.0,1213.408959,100144.6,0.99,76.8,-598435.3,300820.8,0.9948,0.097,551.6,-0.09721,-74.55768,0.0,0,-1.0,-1.0,-1.0,-1.0,-1.0,0.0,0.0,0.0,0.0
1791563531.87,2235643.2,406.2,79.0,6.5,0.0,175.0,0.0,89.97,90.4,0.0,73.75,0.0,1213.408959,100144.6,0.99,76.8,-598435.3,300820.8,0.9948,0.097,551.6,-0.09721,-74.55768,0.0,0,-1.0,-1.0,-1.0,-1.0,-1.0,0.0,0.0,0.0,0.0
1791563532.37,2235643.7,406.7,79.0,6.5,0.0,175.0,0.0,89.97,90.4,0.0,73.74,0.0,1213.408959,100144.6,0.99,76.8,-598435.3,300820.8,0.9948,0.097,551.6,-0.09721,-74.55768,0.0,0,-1.0,-1.0,-1.0,-1.0,-1.0,0.0,0.0,0.0,0.0
1791563532.87,2235644.1,407.2,79.0,6.5,0.0,175.0,0.0,89.97,90.4,0.0,73.73,0.0,1213.408959,100144.6,0.99,76.8,-598435.3,300820.8,0.9948,0.097,551.6,-0.09721,-74.55768,0.0,0,-1.0,-1.0,-1.0,-1.0,-1.0,0.0,0.0,0.0,0.0
1791563533.37,2235644.1,407.7,79.0,6.5,0.0,175.0,0.0,89.97,90.4,0.0,73.73,0.0,1213.408959,100144.6,0.99,76.8,-598435.3,300820.8,0.9948,0.097,551.6,-0.09721,-74.55768,0.0,0,-1.0,-1.0,-1.0,-1.0,-1.0,0.0,0.0,0.0,0.0
1791563533.87,2235644.1,408.2,79.0,6.5,0.0,175.0,0.0,89.95,90.4,0.0,73.73,0.0,1213.408959,100144.6,0.99,76.8,-598435.3,300820.8,0.9948,0.097,551.6,-0.09721,-74.55768,0.0,0,-1.0,-1.0,-1.0,-1.0,-1.0,0.0,0.0,0.0,0.0
1791563534.38,2235644.1,408.7,79.0,6.5,0.0,175.0,0.0,89.95,90.4,0.0,73.73,0.0,1213.408959,100144.6,0.99,76.8,-598435.3,300820.8,0.9948,0.097,551.6,-0.09721,-74.55768,0.0,0,-1.0,-1.0,-1.0,-1.0,-1.0,0.0,0.0,0.0,0.0
1791563534.88,2235644.2,409.2,79.0,6.5,0.0,175.0,0.0,89.95,90.4,0.0,73.73,0.0,1213.408959,100144.6,0.99,76.8,-598435.3,300820.8,0.9948,0.097,551.6,-0.09721,-74.55768,0.0,0,-1.0,-1.0,-1.0,-1.0,-1.0,0.0,0.0,0.0,0.0
1791563535.38,2235644.2,409.7,79.0,6.5,0.0,175.0,0.0,89.95,90.4,0.0,73.73,0.0,1213.408959,100144.6,0.99,76.8,-598435.3,300820.8,0.9948,0.097,551.6,-0.09721,-74.55768,0.0,0,-1.0,-1.0,-1.0,-1.0,-1.0,0.0,0.0,0.0,0.0
1791563535.88,2235644.2,410.2,79.0,6.5,0.0,175.0,0.0,89.95,90.4,0.0,73.73,0.0,1213.408959,100144.6,0.99,76.8,-598435.3,300820.8,0.9948,0.097,551.6,-0.09721,-74.55768,0.0,0,-1.0,-1.0,-1.0,-1.0,-1.0,0.0,0.0,0.0,0.0
1791563536.38,2235644.2,410.7,79.0,6.5,0.0,175.0,0.0,89.95,90.4,0.0,73.73,0.0,1213.408959,100144.6,0.99,76.8,-598435.3,300820.8,0.9948,0.097,551.6,-0.09721,-74.55768,0.0,0,-1.0,-1.0,-1.0,-1.0,-1.0,0.0,0.0,0.0,0.0
1791563536.88,2235644.2,411.2,79.0,6.5,0.0,175.0,0.0,89.97,90.4,0.0,73.73,0.0,1213.408959,100144.6,0.99,76.8,-598435.3,300820.8,0.9948,0.097,551.6,-0.09721,-74.55768,0.0,0,-1.0,-1.0,-1.0,-1.0,-1.0,0.0,0.0,0.0,0.0
1791563537.39,2235644.2,411.7,79.0,6.5,0.0,175.0,0.0,89.97,90.4,0.0,73.73,0.0,1213.408959,100144.6,0.99,76.8,-598435.3,300820.8,0.9948,0.097,551.6,-0.09721,-74.55768,0.0,0,-1.0,-1.0,-1.0,-1.0,-1.0,0.0,0.0,0.0,0.0
1791563537.89,2235644.3,412.2,79.0,6.5,0.0,175.0,0.0,89.97,90.4,0.0,73.73,0.0,1213.408959,100144.6,0.99,76.8,-598435.3,300820.8,0.9948,0.097,551.6,-0.09721,-74.55768,0.0,0,-1.0,-1.0,-1.0,-1.0,-1.0,0.0,0.0,0.0,0.0
1791563538.39,2235644.3,412.7,79.0,6.5,0.0,175.0,0.0,89.97,90.4,0.0,73.73,0.0,1213.408959,100144.6,0.99,76.8,-598435.3,300820.8,0.9948,0.097,551.6,-0.09721,-74.55768,0.0,0,-1.0,-1.0,-1.0,-1.0,-1.0,0.0,0.0,0.0,0.0
1791563538.89,2235644.3,413.2,79.0,6.5,0.0,175.0,0.0,89.97,90.4,0.0,73.73,0.0,1213.408959,100144.6,0.99,76.8,-598435.3,300820.8,0.9948,0.097,551.6,-0.09721,-74.55768,0.0,0,-1.0,-1.0,-1.0,-1.0,-1.0,0.0,0.0,0.0,0.0
1791563539.39,2235644.3,413.7,79.0,6.5,0.0,175.0,0.0,89.97,90.4,0.0,73.73,0.0,1213.408959,100144.6,0.99,76.8,-598435.3,300820.8,0.9948,0.097,551.6,-0.09721,-74.55768,0.0,0,-1.0,-1.0,-1.0,-1.0,-1.0,0.0,0.0,0.0,0.0
1791563539.89,2235644.4,414.2,79.0,6.5,0.0,175.0,0.0,89.96,90.4,0.0,73.73,0.0,1213.408959,100144.6,0.99,76.8,-598435.3,300820.8,0.9948,0.097,551.6,-0.09721,-74.55768,0.0,0,-1.0,-1.0,-1.0,-1.0,-1.0,0.0,0.0,0.0,0.0
1791563540.39,2235644.4,414.7,79.0,6.5,0.0,175.0,0.0,89.96,90.4,0.0,73.73,0.0,1213.408959,100144.6,0.99,76.8,-598435.3,300820.8,0.9948,0.097,551.6,-0.09721,-74.55768,0.0,0,-1.0,-1.0,-1.0,-1.0,-1.0,0.0,0.0,0.0,0.0
1791563540.9,2235644.7,415.2,79.0,6.5,0.0,175.0,0.0,89.95,90.4,0.0,73.72,0.0,1213.408959,100144.6,0.99,76.8,-598435.3,300820.8,0.9948,0.097,551.6,-0.09721,-74.55768,0.0,0,-1.0,-1.0,-1.0,-1.0,-1.0,0.0,0.0,0.0,0.0
1791563541.4,2235645.2,415.7,79.0,6.5,0.0,175.0,0.0,89.95,90.4,0.0,73.71,0.0,1213.408959,100144.6,0.99,76.8,-598435.3,300820.8,0.9948,0.097,551.6,-0.09721,-74.55768,0.0,0,-1.0,-1.0,-1.0,-1.0,-1.0,0.0,0.0,0.0,0.0
1791563541.9,2235645.7,416.2,79.0,6.5,0.0,175.0,0.0,89.95,90.4,0.0,73.71,0.0,1213.408959,100144.6,0.99,76.8,-598435.3,300820.8,0.9948,0.097,551.6,-0.09721,-74.55768,0.0,0,-1.0,-1.0,-1.0,-1.0,-1.0,0.0,0.0,0.0,0.0
1791563542.41,2235645.8,416.7,79.0,6.5,0.0,175.0,0.0,89.96,90.4,0.0,73.7,0.0,1213.408959,100144.6,0.99,76.8,-598435.3,300820.8,0.9948,0.097,551.6,-0.09721,-74.55768,0.0,0,-1.0,-1.0,-1.0,-1.0,-1.0,0.0,0.0,0.0,0.0
1791563542.91,2235645.8,417.3,79.0,6.5,0.0,175.0,0.0,89.96,90.4,0.0,73.7,0.0,1213.408959,100144.6,0.99,76.8,-598435.3,300820.8,0.9948,0.097,551.6,-0.09721,-74.55768,0.0,0,-1.0,-1.0,-1.0,-1.0,-1.0,0.0,0.0,0.0,0.0
1791563543.41,2235645.9,417.8,79.0,6.5,0.0,175.0,0.0,89.95,90.4,0.0,73.7,0.0,1213.408959,100144.6,0.99,76.8,-598435.3,300820.8,0.9948,0.097,551.6,-0.09721,-74.55768,0.0,0,-1.0,-1.0,-1.0,-1.0,-1.0,0.0,0.0,0.0,0.0
1791563543.91,2235645.9,418.3,79.0,6.5,0.0,175.0,0.0,89.95,90.4,0.0,73.7,0.0,1213.408959,100144.6,0.99,76.8,-598435.3,300820.8,0.9948,0.097,551.6,-0.09721,-74.55768,0.0,0,-1.0,-1.0,-1.0,-1.0,-1.0,0.0,0.0,0.0,0.0
1791563544.41,2235645.9,418.8,79.0,6.5,0.0,175.0,0.0,89.96,90.4,0.0,73.7,0.0,1213.408959,100144.6,0.99,76.8,-598435.3,300820.8,0.9948,0.097,551.6,-0.09721,-74.55768,0.0,0,-1.0,-1.0,-1.0,-1.0,-1.0,0.0,0.0,0.0,0.0
1791563544.92,2235645.9,419.3,79.0,6.5,0.0,175.0,0.0,89.96,90.4,0.0,73.7,0.0,1213.408959,100144.6,0.99,76.8,-598435.3,300820.8,0.9948,0.097,551.6,-0.09721,-74.55768,0.0,0,-1.0,-1.0,-1.0,-1.0,-1.0,0.0,0.0,0.0,0.0
1791563545.42,2235646.0,419.8,79.0,6.5,0.0,175.0,0.0,89.96,90.4,0.0,73.7,0.0,1213.408959,100144.6,0.99,76.8,-598435.3,300820.8,0.9948,0.097,551.6,-0.09721,-74.55768,0.0,0,-1.0,-1.0,-1.0,-1.0,-1.0,0.0,0.0,0.0,0.0
1791563545.92,2235646.0,420.3,79.0,6.5,0.0,175.0,0.0,89.96,90.4,0.0,73.7,0.0,1213.408959,100144.6,0.99,76.8,-598435.3,300820.8,0.9948,0.097,551.6,-0.09721,-74.55768,0.0,0,-1.0,-1.0,-1.0,-1.0,-1.0,0.0,0.0,0.0,0.0
1791563546.42,2235646.0,420.8,79.0,6.5,0.0,175.0,0.0,89.95,90.4,0.0,73.7,0.0,1213.408959,100144.6,0.99,76.8,-598435.3,300820.8,0.9948,0.097,551.6,-0.09721,-74.55768,0.0,0,-1.0,-1.0,-1.0,-1.0,-1.0,0.0,0.0,0.0,0.0
1791563546.92,2235646.0,421.3,79.0,6.5,0.0,175.0,0.0,89.95,90.4,0.0,73.7,0.0,1213.408959,100144.6,0.99,76.8,-598435.3,300820.8,0.9948,0.097,551.6,-0.09721,-74.55768,0.0,0,-1.0,-1.0,-1.0,-1.0,-1.0,0.0,0.0,0.0,0.0
1791563547.43,2235646.0,421.8,79.0,6.5,0.0,175.0,0.0,89.96,90.4,0.0,73.7,0.0,1213.408959,100144.6,0.99,76.8,-598435.3,300820.8,0.9948,0.097,551.6,-0.09721,-74.55768,0.0,0,-1.0,-1.0,-1.0,-1.0,-1.0,0.0,0.0,0.0,0.0
1791563547.93,2235646.0,422.3,79.0,6.5,0.0,175.0,0.0,89.96,90.4,0.0,73.7,0.0,1213.408959,100144.6,0.99,76.8,-598435.3,300820.8,0.9948,0.097,551.6,-0.09721,-74.55768,0.0,0,-1.0,-1.0,-1.0,-1.0,-1.0,0.0,0.0,0.0,0.0
1791563548.43,2235646.1,422.8,79.0,6.5,0.0,175.0,0.0,89.97,90.4,0.0,73.7,0.0,1213.408959,100144.6,0.99,76.8,-598435.3,300820.8,0.9948,0.097,551.6,-0.09721,-74.55768,0.0,0,-1.0,-1.0,-1.0,-1.0,-1.0,0.0,0.0,0.0,0.0
1791563548.93,2235646.1,423.3,79.0,6.5,0.0,175.0,0.0,89.97,90.4,0.0,73.7,0.0,1213.408959,100144.6,0.99,76.8,-598435.3,300820.8,0.9948,0.097,551.6,-0.09721,-74.55768,0.0,0,-1.0,-1.0,-1.0,-1.0,-1.0,0.0,0.0,0.0,0.0
1791563549.43,2235646.1,423.8,79.0,6.5,0.0,175.0,0.0,89.97,90.4,0.0,73.7,0.0,1213.408959,100144.6,0.99,76.8,-598435.3,300820.8,0.9948,0.097,551.6,-0.09721,-74.55768,0.0,0,-1.0,-1.0,-1.0,-1.0,-1.0,0.0,0.0,0.0,0.0
1791563549.93,2235646.1,424.3,79.0,6.5,0.0,175.0,0.0,89.97,90.4,0.0,73.7,0.0,1213.408959,100144.6,0.99,76.8,-598435.3,300820.8,0.9948,0.097,551.6,-0.09721,-74.55768,0.0,0,-1.0,-1.0,-1.0,-1.0,-1.0,0.0,0.0,0.0,0.0
1791563550.44,2235646.2,424.8,79.0,6.5,0.0,175.0,0.0,89.95,90.4,0.0,73.7,0.0,1213.408959,100144.6,0.99,76.8,-598435.3,300820.8,0.9948,0.097,551.6,-0.09721,-74.55768,0.0,0,-1.0,-1.0,-1.0,-1.0,-1.0,0.0,0.0,0.0,0.0
1791563550.94,2235646.2,425.3,79.0,6.5,0.0,175.0,0.0,89.95,90.4,0.0,73.7,0.0,1213.408959,100144.6,0.99,76.8,-598435.3,300820.8,0.9948,0.097,551.6,-0.09721,-74.55768,0.0,0,-1.0,-1.0,-1.0,-1.0,-1.0,0.0,0.0,0.0,0.0
1791563551.44,2235646.2,425.8,79.0,6.5,0.0,175.0,0.0,89.96,90.4,0.0,73.7,0.0,1213.408959,100144.6,0.99,76.8,-598435.3,300820.8,0.9948,0.097,551.6,-0.09721,-74.55768,0.0,0,-1.0,-1.0,-1.0,-1.0,-1.0,0.0,0.0,0.0,0.0
1791563551.94,2235646.2,426.3,79.0,6.5,0.0,175.0,0.0,89.96,90.4,0.0,73.7,0.0,1213.408959,100144.6,0.99,76.8,-598435.3,300820.8,0.9948,0.097,551.6,-0.09721,-74.55768,0.0,0,-1.0,-1.0,-1.0,-1.0,-1.0,0.0,0.0,0.0,0.0
1791563552.44,2235646.2,426.8,79.0,6.5,0.0,175.0,0.0,89.95,90.4,0.0,73.7,0.0,1213.408959,100144.6,0.99,76.8,-598435.3,300820.8,0.9948,0.097,551.6,-0.09721,-74.55768,0.0,0,-1.0,-1.0,-1.0,-1.0,-1.0,0.0,0.0,0.0,0.0
1791563552.94,2235646.4,427.3,79.0,6.5,0.0,175.0,0.0,89.95,90.4,0.0,73.69,0.0,1213.408959,100144.6,0.99,76.8,-598435.3,300820.8,0.9948,0.097,551.6,-0.09721,-74.55768,0.0,0,-1.0,-1.0,-1.0,-1.0,-1.0,0.0,0.0,0.0,0.0
1791563553.45,2235646.9,427.8,79.0,6.5,0.0,175.0,0.0,89.95,90.4,0.0,73.69,0.0,1213.408959,100144.6,0.99,76.8,-598435.3,300820.8,0.9948,0.097,551.6,-0.09721,-74.55768,0.0,0,-1.0,-1.0,-1.0,-1.0,-1.0,0.0,0.0,0.0,0.0
1791563553.95,2235647.4,428.3,79.0,6.5,0.0,175.0,0.0,89.95,90.4,0.0,73.68,0.0,1213.408959,100144.6,0.99,76.8,-598435.3,300820.8,0.9948,0.097,551.6,-0.09721,-74.55768,0.0,0,-1.0,-1.0,-1.0,-1.0,-1.0,0.0,0.0,0.0,0.0
1791563554.45,2235647.9,428.8,79.0,6.5,0.0,175.0,0.0,89.95,90.4,0.0,73.67,0.0,1213.408959,100144.6,0.99,76.8,-598435.3,300820.8,0.9948,0.097,551.6,-0.09721,-74.55768,0.0,0,-1.0,-1.0,-1.0,-1.0,-1.0,0.0,0.0,0.0,0.0
1791563554.96,2235648.4,429.3,79.0,6.5,0.0,175.0,0.0,89.95,90.4,0.0,73.66,0.0,1213.408959,100144.6,0.99,76.8,-598435.3,300820.8,0.9948,0.097,551.6,-0.09721,-74.55768,0.0,0,-1.0,-1.0,-1.0,-1.0,-1.0,0.0,0.0,0.0,0.0
1791563555.46,2235648.8,429.8,79.0,6.5,0.0,175.0,0.0,89.96,90.4,0.0,73.65,0.0,1213.408959,100144.6,0.99,76.8,-598435.3,300820.8,0.9948,0.097,551.6,-0.09721,-74.55768,0.0,0,-1.0,-1.0,-1.0,-1.0,-1.0,0.0,0.0,0.0,0.0
1791563555.97,2235649.3,430.3,79.0,6.5,0.0,175.0,0.0,89.95,90.4,0.0,73.64,0.0,1213.408959,100144.6,0.99,76.8,-598435.3,300820.8,0.9948,0.097,551.6,-0.09721,-74.55768,0.0,0,-1.0,-1.0,-1.0,-1.0,-1.0,0.0,0.0,0.0,0.0
1791563556.47,2235649.8,430.8,79.0,6.5,0.0,175.0,0.0,89.95,90.4,0.0,73.64,0.0,1213.408959,100144.6,0.99,76.8,-598435.3,300820.8,0.9948,0.097,551.6,-0.09721,-74.55768,0.0,0,-1.0,-1.0,-1.0,-1.0,-1.0,0.0,0.0,0.0,0.0
1791563556.97,2235650.3,431.3,79.0,6.5,0.0,175.0,0.0,89.95,90.4,0.0,73.63,0.0,1213.408959,100144.6,0.99,76.8,-598435.3,300820.8,0.9948,0.097,551.6,-0.09721,-74.55768,0.0,0,-1.0,-1.0,-1.0,-1.0,-1.0,0.0,0.0,0.0,0.0
1791563557.47,2235650.8,431.8,79.0,6.5,0.0,175.0,0.0,89.95,90.4,0.0,73.62,0.0,1213.408959,100144.6,0.99,76.8,-598435.3,300820.8,0.9948,0.097,551.6,-0.09721,-74.55768,0.0,0,-1.0,-1.0,-1.0,-1.0,-1.0,0.0,0.0,0.0,0.0
1791563557.97,2235651.3,432.3,79.0,6.5,0.0,175.0,0.0,89.95,90.4,0.0,73.61,0.0,1213.408959,100144.6,0.99,76.8,-598435.3,300820.8,0.9948,0.097,551.6,-0.09721,-74.55768,0.0,0,-1.0,-1.0,-1.0,-1.0,-1.0,0.0,0.0,0.0,0.0
1791563558.47,2235651.8,432.8,79.0,6.5,0.0,175.0,0.0,89.97,90.4,0.0,73.6,0.0,1213.408959,100144.6,0.99,76.8,-598435.3,300820.8,0.9948,0.097,551.6,-0.09721,-74.55768,0.0,0,-1.0,-1.0,-1.0,-1.0,-1.0,0.0,0.0,0.0,0.0
1791563558.98,2235652.3,433.3,79.0,6.5,0.0,175.0,0.0,89.96,90.4,0.0,73.59,0.0,1213.408959,100144.6,0.99,76.8,-598435.3,300820.8,0.9948,0.097,551.6,-0.09721,-74.55768,0.0,0,-1.0,-1.0,-1.0,-1.0,-1.0,0.0,0.0,0.0,0.0
1791563559.48,2235652.8,433.8,79.0,6.5,0.0,175.0,0.0,89.95,90.4,0.0,73.59,0.0,1213.408959,100144.6,0.99,76.8,-598435.3,300820.8,0.9948,0.097,551.6,-0.09721,-74.55768,0.0,0,-1.0,-1.0,-1.0,-1.0,-1.0,0.0,0.0,0.0,0.0
1791563559.98,2235653.3,434.3,79.0,6.5,0.0,175.0,0.0,89.96,90.4,0.0,73.58,0.0,1213.408959,100144.6,0.99,76.8,-598435.3,300820.8,0.9948,0.097,551.6,-0.09721,-74.55768,0.0,0,-1.0,-1.0,-1.0,-1.0,-1.0,0.0,0.0,0.0,0.0
1791563560.48,2235653.8,434.8,79.0,6.5,0.0,175.0,0.0,89.95,90.4,0.0,73.57,0.0,1213.408959,100144.6,0.99,76.8,-598435.3,300820.8,0.9948,0.097,551.6,-0.09721,-74.55768,0.0,0,-1.0,-1.0,-1.0,-1.0,-1.0,0.0,0.0,0.0,0.0
1791563560.99,2235654.3,435.3,79.0,6.5,0.0,175.0,0.0,89.96,90.4,0.0,73.56,0.0,1213.408959,100144.6,0.99,76.8,-598435.3,300820.8,0.9948,0.097,551.6,-0.09721,-74.55768,0.0,0,-1.0,-1.0,-1.0,-1.0,-1.0,0.0,0.0,0.0,0.0
1791563561.49,2235654.8,435.8,79.0,6.5,0.0,175.0,0.0,89.97,90.4,0.0,73.55,0.0,1213.408959,100144.6,0.99,76.8,-598435.3,300820.8,0.9948,0.097,551.6,-0.09721,-74.55768,0.0,0,-1.0,-1.0,-1.0,-1.0,-1.0,0.0,0.0,0.0,0.0
1791563561.99,2235655.3,436.3,79.0,6.5,0.0,175.0,0.0,89.95,90.4,0.0,73.54,0.0,1213.408959,100144.6,0.99,76.8,-598435.3,300820.8,0.9948,0.097,551.6,-0.09721,-74.55768,0.0,0,-1.0,-1.0,-1.0,-1.0,-1.0,0.0,0.0,0.0,0.0
1791563562.49,2235655.8,436.8,79.0,6.5,0.0,175.0,0.0,89.96,90.4,0.0,73.54,0.0,1213.408959,100144.6,0.99,76.8,-598435.3,300820.8,0.9948,0.097,551.6,-0.09721,-74.55768,0.0,0,-1.0,-1.0,-1.0,-1.0,-1.0,0.0,0.0,0.0,0.0
1791563562.99,2235656.3,437.3,79.0,6.5,0.0,175.0,0.0,89.95,90.4,0.0,73.53,0.0,1213.408959,100144.6,0.99,76.8,-598435.3,300820.8,0.9948,0.097,551.6,-0.09721,-74.55768,0.0,0,-1.0,-1.0,-1.0,-1.0,-1.0,0.0,0.0,0.0,0.0
1791563563.5,2235656.8,437.8,79.0,6.5,0.0,175.0,0.0,89.95,90.4,0.0,73.52,0.0,1213.408959,100144.6,0.99,76.8,-598435.3,300820.8,0.9948,0.097,551.6,-0.09721,-74.55768,0.0,0,-1.0,-1.0,-1.0,-1.0,-1.0,0.0,0.0,0.0,0.0
1791563564.0,2235657.3,438.3,79.0,6.5,0.0,175.0,0.0,89.96,90.4,0.0,73.51,0.0,1213.408959,100144.6,0.99,76.8,-598435.3,300820.8,0.9948,0.097,551.6,-0.09721,-74.55768,0.0,0,-1.0,-1.0,-1.0,-1.0,-1.0,0.0,0.0,0.0,0.0
1791563564.5,2235657.8,438.8,79.0,6.5,0.0,175.0,0.0,89.96,90.4,0.0,73.5,0.0,1213.408959,100144.6,0.99,76.8,-598435.3,300820.8,0.9948,0.097,551.6,-0.09721,-74.55768,0.0,0,-1.0,-1.0,-1.0,-1.0,-1.0,0.0,0.0,0.0,0.0
1791563565.0,2235658.3,439.3,79.0,6.5,0.0,175.0,0.0,89.97,90.4,0.0,73.49,0.0,1213.408959,100144.6,0.99,76.8,-598435.3,300820.8,0.9948,0.097,551.6,-0.09721,-74.55768,0.0,0,-1.0,-1.0,-1.0,-1.0,-1.0,0.0,0.0,0.0,0.0
1791563565.5,2235658.8,439.8,79.0,6.5,0.0,175.0,0.0,89.96,90.4,0.0,73.49,0.0,1213.408959,100144.6,0.99,76.8,-598435.3,300820.8,0.9948,0.097,551.6,-0.09721,-74.55768,0.0,0,-1.0,-1.0,-1.0,-1.0,-1.0,0.0,0.0,0.0,0.0
1791563566.01,2235659.3,440.3,79.0,6.5,0.0,175.0,0.0,89.96,90.4,0.0,73.48,0.0,1213.408959,100144.6,0.99,76.8,-598435.3,300820.8,0.9948,0.097,551.6,-0.09721,-74.55768,0.0,0,-1.0,-1.0,-1.0,-1.0,-1.0,0.0,0.0,0.0,0.0
1791563566.51,2235659.8,440.9,79.0,6.5,0.0,175.0,0.0,89.95,90.4,0.0,73.47,0.0,1213.408959,100144.6,0.99,76.8,-598435.3,300820.8,0.9948,0.097,551.6,-0.09721,-74.55768,0.0,0,-1.0,-1.0,-1.0,-1.0,-1.0,0.0,0.0,0.0,0.0
1791563567.01,2235660.3,441.4,79.0,6.5,0.0,175.0,0.0,89.96,90.4,0.0,73.46,0.0,1213.408959,100144.6,0.99,76.8,-598435.3,300820.8,0.9948,0.097,551.6,-0.09721,-74.55768,0.0,0,-1.0,-1.0,-1.0,-1.0,-1.0,0.0,0.0,0.0,0.0
1791563567.51,2235660.8,441.9,79.0,6.5,0.0,175.0,0.0,89.96,90.4,0.0,73.45,0.0,1213.408959,100144.6,0.99,76.8,-598435.3,300820.8,0.9948,0.097,551.6,-0.09721,-74.55768,0.0,0,-1.0,-1.0,-1.0,-1.0,-1.0,0.0,0.0,0.0,0.0
1791563568.02,2235661.3,442.4,79.0,6.5,0.0,175.0,0.0,89.96,90.4,0.0,73.44,0.0,1213.408959,100144.6,0.99,76.8,-598435.3,300820.8,0.9948,0.097,551.6,-0.09721,-74.55768,0.0,0,-1.0,-1.0,-1.0,-1.0,-1.0,0.0,0.0,0.0,0.0
1791563568.52,2235661.8,442.9,79.0,6.5,0.0,175.0,0.0,89.95,90.4,0.0,73.44,0.0,1213.408959,100144.6,0.99,76.8,-598435.3,300820.8,0.9948,0.097,551.6,-0.09721,-74.55768,0.0,0,-1.0,-1.0,-1.0,-1.0,-1.0,0.0,0.0,0.0,0.0
1791563569.02,2235662.3,443.4,79.0,6.5,0.0,175.0,0.0,89.97,90.4,0.0,73.43,0.0,1213.408959,100144.6,0.99,76.8,-598435.3,300820.8,0.9948,0.097,551.6,-0.09721,-74.55768,0.0,0,-1.0,-1.0,-1.0,-1.0,-1.0,0.0,0.0,0.0,0.0
1791563569.52,2235662.6,443.9,79.0,6.5,0.0,175.0,0.0,89.96,90.4,0.0,73.42,0.0,1213.408959,100144.6,0.99,76.8,-598435.3,300820.8,0.9948,0.097,551.6,-0.09721,-74.55768,0.0,0,-1.0,-1.0,-1.0,-1.0,-1.0,0.0,0.0,0.0,0.0
1791563570.02,2235662.6,444.4,79.0,6.5,0.0,175.0,0.0,89.96,90.4,0.0,73.42,0.0,1213.408959,100144.6,0.99,76.8,-598435.3,300820.8,0.9948,0.097,551.6,-0.09721,-74.55768,0.0,0,-1.0,-1.0,-1.0,-1.0,-1.0,0.0,0.0,0.0,0.0
1791563570.53,2235662.7,444.9,79.0,6.5,0.0,175.0,0.0,89.95,90.4,0.0,73.42,0.0,1213.408959,100144.6,0.99,76.8,-598435.3,300820.8,0.9948,0.097,551.6,-0.09721,-74.55768,0.0,0,-1.0,-1.0,-1.0,-1.0,-1.0,0.0,0.0,0.0,0.0
1791563571.03,2235662.7,445.4,79.0,6.5,0.0,175.0,0.0,89.95,90.4,0.0,73.42,0.0,1213.408959,100144.6,0.99,76.8,-598435.3,300820.8,0.9948,0.097,551.6,-0.09721,-74.55768,0.0,0,-1.0,-1.0,-1.0,-1.0,-1.0,0.0,0.0,0.0,0.0
1791563571.53,2235662.7,445.9,79.0,6.5,0.0,175.0,0.0,89.97,90.4,0.0,73.42,0.0,1213.408959,100144.6,0.99,76.8,-598435.3,300820.8,0.9948,0.097,551.6,-0.09721,-74.55768,0.0,0,-1.0,-1.0,-1.0,-1.0,-1.0,0.0,0.0,0.0,0.0
1791563572.03,2235662.7,446.4,79.0,6.5,0.0,175.0,0.0,89.97,90.4,0.0,73.42,0.0,1213.408959,100144.6,0.99,76.8,-598435.3,300820.8,0.9948,0.097,551.6,-0.09721,-74.55768,0.0,0,-1.0,-1.0,-1.0,-1.0,-1.0,0.0,0.0,0.0,0.0
1791563572.54,2235662.8,446.9,79.0,6.5,0.0,175.0,0.0,89.97,90.4,0.0,73.42,0.0,1213.408959,100144.6,0.99,76.8,-598435.3,300820.8,0.9948,0.097,551.6,-0.09721,-74.55768,0.0,0,-1.0,-1.0,-1.0,-1.0,-1.0,0.0,0.0,0.0,0.0
1791563573.04,2235662.8,447.4,79.0,6.5,0.0,175.0,0.0,89.97,90.4,0.0,73.42,0.0,1213.408959,100144.6,0.99,76.8,-598435.3,300820.8,0.9948,0.097,551.6,-0.09721,-74.55768,0.0,0,-1.0,-1.0,-1.0,-1.0,-1.0,0.0,0.0,0.0,0.0
1791563573.54,2235662.8,447.9,79.0,6.5,0.0,175.0,0.0,89.96,90.4,0.0,73.42,0.0,1213.408959,100144.6,0.99,76.8,-598435.3,300820.8,0.9948,0.097,551.6,-0.09721,-74.55768,0.0,0,-1.0,-1.0,-1.0,-1.0,-1.0,0.0,0.0,0.0,0.0
1791563574.04,2235662.8,448.4,79.0,6.5,0.0,175.0,0.0,89.96,90.4,0.0,73.42,0.0,1213.408959,100144.6,0.99,76.8,-598435.3,300820.8,0.9948,0.097,551.6,-0.09721,-74.55768,0.0,0,-1.0,-1.0,-1.0,-1.0,-1.0,0.0,0.0,0.0,0.0
1791563574.54,2235662.8,448.9,79.0,6.5,0.0,175.0,0.0,89.96,90.4,0.0,73.42,0.0,1213.408959,100144.6,0.99,76.8,-598435.3,300820.8,0.9948,0.097,551.6,-0.09721,-74.55768,0.0,0,-1.0,-1.0,-1.0,-1.0,-1.0,0.0,0.0,0.0,0.0
1791563575.05,2235662.8,449.4,79.0,6.5,0.0,175.0,0.0,89.96,90.4,0.0,73.42,0.0,1213.408959,100144.6,0.99,76.8,-598435.3,300820.8,0.9948,0.097,551.6,-0.09721,-74.55768,0.0,0,-1.0,-1.0,-1.0,-1.0,-1.0,0.0,0.0,0.0,0.0
1791563575.55,2235662.9,449.9,79.0,6.5,0.0,175.0,0.0,89.96,90.4,0.0,73.42,0.0,1213.408959,100144.6,0.99,76.8,-598435.3,300820.8,0.9948,0.097,551.6,-0.09721,-74.55768,0.0,0,-1.0,-1.0,-1.0,-1.0,-1.0,0.0,0.0,0.0,0.0
1791563576.05,2235662.9,450.4,79.0,6.5,0.0,175.0,0.0,89.96,90.4,0.0,73.42,0.0,1213.408959,100144.6,0.99,76.8,-598435.3,300820.8,0.9948,0.097,551.6,-0.09721,-74.55768,0.0,0,-1.0,-1.0,-1.0,-1.0,-1.0,0.0,0.0,0.0,0.0
1791563576.55,2235662.9,450.9,79.0,6.5,0.0,175.0,0.0,89.96,90.4,0.0,73.42,0.0,1213.408959,100144.6,0.99,76.8,-598435.3,300820.8,0.9948,0.097,551.6,-0.09721,-74.55768,0.0,0,-1.0,-1.0,-1.0,-1.0,-1.0,0.0,0.0,0.0,0.0
1791563577.05,2235662.9,451.4,79.0,6.5,0.0,175.0,0.0,89.96,90.4,0.0,73.42,0.0,1213.408959,100144.6,0.99,76.8,-598435.3,300820.8,0.9948,0.097,551.6,-0.09721,-74.55768,0.0,0,-1.0,-1.0,-1.0,-1.0,-1.0,0.0,0.0,0.0,0.0
1791563577.55,2235663.0,451.9,79.0,6.5,0.0,175.0,0.0,89.96,90.4,0.0,73.42,0.0,1213.408959,100144.6,0.99,76.8,-598435.3,300820.8,0.9948,0.097,551.6,-0.09721,-74.55768,0.0,0,-1.0,-1.0,-1.0,-1.0,-1.0,0.0,0.0,0.0,0.0
1791563578.06,2235663.0,452.4,79.0,6.5,0.0,175.0,0.0,89.96,90.4,0.0,73.42,0.0,1213.408959,100144.6,0.99,76.8,-598435.3,300820.8,0.9948,0.097,551.6,-0.09721,-74.55768,0.0,0,-1.0,-1.0,-1.0,-1.0,-1.0,0.0,0.0,0.0,0.0
1791563578.56,2235663.0,452.9,79.0,6.5,0.0,175.0,0.0,89.95,90.4,0.0,73.42,0.0,1213.408959,100144.6,0.99,76.8,-598435.3,300820.8,0.9948,0.097,551.6,-0.09721,-74.55768,0.0,0,-1.0,-1.0,-1.0,-1.0,-1.0,0.0,0.0,0.0,0.0
1791563579.06,2235663.0,453.4,79.0,6.5,0.0,175.0,0.0,89.95,90.4,0.0,73.42,0.0,1213.408959,100144.6,0.99,76.8,-598435.3,300820.8,0.9948,0.097,551.6,-0.09721,-74.55768,0.0,0,-1.0,-1.0,-1.0,-1.0,-1.0,0.0,0.0,0.0,0.0
1791563579.56,2235663.0,453.9,79.0,6.5,0.0,175.0,0.0,89.95,90.4,0.0,73.42,0.0,1213.408959,100144.6,0.99,76.8,-598435.3,300820.8,0.9948,0.097,551.6,-0.09721,-74.55768,0.0,0,-1.0,-1.0,-1.0,-1.0,-1.0,0.0,0.0,0.0,0.0
1791563580.06,2235663.0,454.4,79.0,6.5,0.0,175.0,0.0,89.95,90.4,0.0,73.42,0.0,1213.408959,100144.6,0.99,76.8,-598435.3,300820.8,0.9948,0.097,551.6,-0.09721,-74.55768,0.0,0,-1.0,-1.0,-1.0,-1.0,-1.0,0.0,0.0,0.0,0.0
1791563580.56,2235663.1,454.9,79.0,6.5,0.0,175.0,0.0,89.97,90.4,0.0,73.42,0.0,1213.408959,100144.6,0.99,76.8,-598435.3,300820.8,0.9948,0.097,551.6,-0.09721,-74.55768,0.0,0,-1.0,-1.0,-1.0,-1.0,-1.0,0.0,0.0,0.0,0.0
1791563581.07,2235663.1,455.4,79.0,6.5,0.0,175.0,0.0,89.97,90.4,0.0,73.42,0.0,1213.408959,100144.6,0.99,76.8,-598435.3,300820.8,0.9948,0.097,551.6,-0.09721,-74.55768,0.0,0,-1.0,-1.0,-1.0,-1.0,-1.0,0.0,0.0,0.0,0.0
1791563581.57,2235663.1,455.9,79.0,6.5,0.0,175.0,0.0,89.97,90.4,0.0,73.41,0.0,1213.408959,100144.6,0.99,76.8,-598435.3,300820.8,0.9948,0.097,551.6,-0.09721,-74.55768,0.0,0,-1.0,-1.0,-1.0,-1.0,-1.0,0.0,0.0,0.0,0.0
1791563582.07,2235663.1,456.4,79.0,6.5,0.0,175.0,0.0,89.97,90.4,0.0,73.41,0.0,1213.408959,100144.6,0.99,76.8,-598435.3,300820.8,0.9948,0.097,551.6,-0.09721,-74.55768,0.0,0,-1.0,-1.0,-1.0,-1.0,-1.0,0.0,0.0,0.0,0.0
1791563582.58,2235663.2,456.9,79.0,6.5,0.0,175.0,0.0,89.95,90.4,0.0,73.41,0.0,1213.408959,100144.6,0.99,76.8,-598435.3,300820.8,0.9948,0.097,551.6,-0.09721,-74.55768,0.0,0,-1.0,-1.0,-1.0,-1.0,-1.0,0.0,0.0,0.0,0.0
1791563583.08,2235663.2,457.4,79.0,6.5,0.0,175.0,0.0,89.95,90.4,0.0,73.41,0.0,1213.408959,100144.6,0.99,76.8,-598435.3,300820.8,0.9948,0.097,551.6,-0.09721,-74.55768,0.0,0,-1.0,-1.0,-1.0,-1.0,-1.0,0.0,0.0,0.0,0.0
1791563583.58,2235663.2,457.9,79.0,6.5,0.0,175.0,0.0,89.96,90.4,0.0,73.41,0.0,1213.408959,100144.6,0.99,76.8,-598435.3,300820.8,0.9948,0.097,551.6,-0.09721,-74.55768,0.0,0,-1.0,-1.0,-1.0,-1.0,-1.0,0.0,0.0,0.0,0.0
1791563584.08,2235663.2,458.4,79.0,6.5,0.0,175.0,0.0,89.96,90.4,0.0,73.41,0.0,1213.408959,100144.6,0.99,76.8,-598435.3,300820.8,0.9948,0.097,551.6,-0.09721,-74.55768,0.0,0,-1.0,-1.0,-1.0,-1.0,-1.0,0.0,0.0,0.0,0.0
1791563584.58,2235663.2,458.9,79.0,6.5,0.0,175.0,0.0,89.95,90.4,0.0,73.41,0.0,1213.408959,100144.6,0.99,76.8,-598435.3,300820.8,0.9948,0.097,551.6,-0.09721,-74.55768,0.0,0,-1.0,-1.0,-1.0,-1.0,-1.0,0.0,0.0,0.0,0.0
1791563585.09,2235663.2,459.4,79.0,6.5,0.0,175.0,0.0,89.95,90.4,0.0,73.41,0.0,1213.408959,100144.6,0.99,76.8,-598435.3,300820.8,0.9948,0.097,551.6,-0.09721,-74.55768,0.0,0,-1.0,-1.0,-1.0,-1.0,-1.0,0.0,0.0,0.0,0.0
1791563585.59,2235663.3,459.9,79.0,6.5,0.0,175.0,0.0,89.97,90.4,0.0,73.41,0.0,1213.408959,100144.6,0.99,76.8,-598435.3,300820.8,0.9948,0.097,551.6,-0.09721,-74.55768,0.0,0,-1.0,-1.0,-1.0,-1.0,-1.0,0.0,0.0,0.0,0.0
1791563586.09,2235663.3,460.4,79.0,6.5,0.0,175.0,0.0,89.97,90.4,0.0,73.41,0.0,1213.408959,100144.6,0.99,76.8,-598435.3,300820.8,0.9948,0.097,551.6,-0.09721,-74.55768,0.0,0,-1.0,-1.0,-1.0,-1.0,-1.0,0.0,0.0,0.0,0.0
1791563586.6,2235663.3,460.9,79.0,6.5,0.0,175.0,0.0,89.97,90.4,0.0,73.41,0.0,1213.408959,100144.6,0.99,76.8,-598435.3,300820.8,0.9948,0.097,551.6,-0.09721,-74.55768,0.0,0,-1.0,-1.0,-1.0,-1.0,-1.0,0.0,0.0,0.0,0.0
1791563587.1,2235663.3,461.4,79.0,6.5,0.0,175.0,0.0,89.97,90.4,0.0,73.41,0.0,1213.408959,100144.6,0.99,76.8,-598435.3,300820.8,0.9948,0.097,551.6,-0.09721,-74.55768,0.0,0,-1.0,-1.0,-1.0,-1.0,-1.0,0.0,0.0,0.0,0.0
1791563587.6,2235663.4,461.9,79.0,6.5,0.0,175.0,0.0,89.97,90.4,0.0,73.41,0.0,1213.408959,100144.6,0.99,76.8,-598435.3,300820.8,0.9948,0.097,551.6,-0.09721,-74.55768,0.0,0,-1.0,-1.0,-1.0,-1.0,-1.0,0.0,0.0,0.0,0.0
1791563588.1,2235663.4,462.4,79.0,6.5,0.0,175.0,0.0,89.97,90.4,0.0,73.41,0.0,1213.408959,100144.6,0.99,76.8,-598435.3,300820.8,0.9948,0.097,551.6,-0.09721,-74.55768,0.0,0,-1.0,-1.0,-1.0,-1.0,-1.0,0.0,0.0,0.0,0.0
1791563588.6,2235663.4,462.9,79.0,6.5,0.0,175.0,0.0,89.95,90.4,0.0,73.41,0.0,1213.408959,100144.6,0.99,76.8,-598435.3,300820.8,0.9948,0.097,551.6,-0.09721,-74.55768,0.0,0,-1.0,-1.0,-1.0,-1.0,-1.0,0.0,0.0,0.0,0.0
1791563589.1,2235663.4,463.4,79.0,6.5,0.0,175.0,0.0,89.95,90.4,0.0,73.41,0.0,1213.408959,100144.6,0.99,76.8,-598435.3,300820.8,0.9948,0.097,551.6,-0.09721,-74.55768,0.0,0,-1.0,-1.0,-1.0,-1.0,-1.0,0.0,0.0,0.0,0.0
1791563589.61,2235663.4,463.9,79.0,6.5,0.0,175.0,0.0,89.95,90.4,0.0,73.41,0.0,1213.408959,100144.6,0.99,76.8,-598435.3,300820.8,0.9948,0.097,551.6,-0.09721,-74.55768,0.0,0,-1.0,-1.0,-1.0,-1.0,-1.0,0.0,0.0,0.0,0.0
1791563590.11,2235663.4,464.5,79.0,6.5,0.0,175.0,0.0,89.95,90.4,0.0,73.41,0.0,1213.408959,100144.6,0.99,76.8,-598435.3,300820.8,0.9948,0.097,551.6,-0.09721,-74.55768,0.0,0,-1.0,-1.0,-1.0,-1.0,-1.0,0.0,0.0,0.0,0.0
1791563590.61,2235663.5,465.0,79.0,6.5,0.0,175.0,0.0,89.97,90.4,0.0,73.41,0.0,1213.408959,100144.6,0.99,76.8,-598435.3,300820.8,0.9948,0.097,551.6,-0.09721,-74.55768,0.0,0,-1.0,-1.0,-1.0,-1.0,-1.0,0.0,0.0,0.0,0.0
1791563591.12,2235663.5,465.5,79.0,6.5,0.0,175.0,0.0,89.97,90.4,0.0,73.41,0.0,1213.408959,100144.6,0.99,76.8,-598435.3,300820.8,0.9948,0.097,551.6,-0.09721,-74.55768,0.0,0,-1.0,-1.0,-1.0,-1.0,-1.0,0.0,0.0,0.0,0.0
1791563591.62,2235663.5,466.0,79.0,6.5,0.0,175.0,0.0,89.95,90.4,0.0,73.41,0.0,1213.408959,100144.6,0.99,76.8,-598435.3,300820.8,0.9948,0.097,551.6,-0.09721,-74.55768,0.0,0,-1.0,-1.0,-1.0,-1.0,-1.0,0.0,0.0,0.0,0.0
1791563592.12,2235663.5,466.5,79.0,6.5,0.0,175.0,0.0,89.95,90.4,0.0,73.41,0.0,1213.408959,100144.6,0.99,76.8,-598435.3,300820.8,0.9948,0.097,551.6,-0.09721,-74.55768,0.0,0,-1.0,-1.0,-1.0,-1.0,-1.0,0.0,0.0,0.0,0.0
1791563592.62,2235663.5,467.0,79.0,6.5,0.0,175.0,0.0,89.95,90.4,0.0,73.41,0.0,1213.408959,100144.6,0.99,76.8,-598435.3,300820.8,0.9948,0.097,551.6,-0.09721,-74.55768,0.0,0,-1.0,-1.0,-1.0,-1.0,-1.0,0.0,0.0,0.0,0.0
1791563593.13,2235663.6,467.5,79.0,6.5,0.0,175.0,0.0,89.97,90.4,0.0,73.41,0.0,1213.408959,100144.6,0.99,76.8,-598435.3,300820.8,0.9948,0.097,551.6,-0.09721,-74.55768,0.0,0,-1.0,-1.0,-1.0,-1.0,-1.0,0.0,0.0,0.0,0.0
1791563593.63,2235663.6,468.0,79.0,6.5,0.0,175.0,0.0,89.97,90.4,0.0,73.41,0.0,1213.408959,100144.6,0.99,76.8,-598435.3,300820.8,0.9948,0.097,551.6,-0.09721,-74.55768,0.0,0,-1.0,-1.0,-1.0,-1.0,-1.0,0.0,0.0,0.0,0.0
1791563594.13,2235663.6,468.5,79.0,6.5,0.0,175.0,0.0,89.97,90.4,0.0,73.41,0.0,1213.408959,100144.6,0.99,76.8,-598435.3,300820.8,0.9948,0.097,551.6,-0.09721,-74.55768,0.0,0,-1.0,-1.0,-1.0,-1.0,-1.0,0.0,0.0,0.0,0.0
1791563594.63,2235663.6,469.0,79.0,6.5,0.0,175.0,0.0,89.97,90.4,0.0,73.41,0.0,1213.408959,100144.6,0.99,76.8,-598435.3,300820.8,0.9948,0.097,551.6,-0.09721,-74.55768,0.0,0,-1.0,-1.0,-1.0,-1.0,-1.0,0.0,0.0,0.0,0.0
1791563595.13,2235663.6,469.5,79.0,6.5,0.0,175.0,0.0,89.96,90.4,0.0,73.41,0.0,1213.408959,100144.6,0.99,76.8,-598435.3,300820.8,0.9948,0.097,551.6,-0.09721,-74.55768,0.0,0,-1.0,-1.0,-1.0,-1.0,-1.0,0.0,0.0,0.0,0.0
1791563595.63,2235663.6,470.0,79.0,6.5,0.0,175.0,0.0,89.96,90.4,0.0,73.41,0.0,1213.408959,100144.6,0.99,76.8,-598435.3,300820.8,0.9948,0.097,551.6,-0.09721,-74.55768,0.0,0,-1.0,-1.0,-1.0,-1.0,-1.0,0.0,0.0,0.0,0.0
1791563596.14,2235663.7,470.5,79.0,6.5,0.0,175.0,0.0,89.95,90.4,0.0,73.41,0.0,1213.408959,100144.6,0.99,76.8,-598435.3,300820.8,0.9948,0.097,551.6,-0.09721,-74.55768,0.0,0,-1.0,-1.0,-1.0,-1.0,-1.0,0.0,0.0,0.0,0.0
1791563596.64,2235663.7,471.0,79.0,6.5,0.0,175.0,0.0,89.95,90.4,0.0,73.41,0.0,1213.408959,100144.6,0.99,76.8,-598435.3,300820.8,0.9948,0.097,551.6,-0.09721,-74.55768,0.0,0,-1.0,-1.0,-1.0,-1.0,-1.0,0.0,0.0,0.0,0.0
1791563597.15,2235663.7,471.5,79.0,6.5,0.0,175.0,0.0,89.96,90.4,0.0,73.4,0.0,1213.408959,100144.6,0.99,76.8,-598435.3,300820.8,0.9948,0.097,551.6,-0.09721,-74.55768,0.0,0,-1.0,-1.0,-1.0,-1.0,-1.0,0.0,0.0,0.0,0.0
1791563597.65,2235663.7,472.0,79.0,6.5,0.0,175.0,0.0,89.96,90.4,0.0,73.4,0.0,1213.408959,100144.6,0.99,76.8,-598435.3,300820.8,0.9948,0.097,551.6,-0.09721,-74.55768,0.0,0,-1.0,-1.0,-1.0,-1.0,-1.0,0.0,0.0,0.0,0.0
1791563598.15,2235663.8,472.5,79.0,6.5,0.0,175.0,0.0,89.95,90.4,0.0,73.4,0.0,1213.408959,100144.6,0.99,76.8,-598435.3,300820.8,0.9948,0.097,551.6,-0.09721,-74.55768,0.0,0,-1.0,-1.0,-1.0,-1.0,-1.0,0.0,0.0,0.0,0.0
1791563598.65,2235663.8,473.0,79.0,6.5,0.0,175.0,0.0,89.95,90.4,0.0,73.4,0.0,1213.408959,100144.6,0.99,76.8,-598435.3,300820.8,0.9948,0.097,551.6,-0.09721,-74.55768,0.0,0,-1.0,-1.0,-1.0,-1.0,-1.0,0.0,0.0,0.0,0.0
1791563599.15,2235663.8,473.5,79.0,6.5,0.0,175.0,0.0,89.96,90.4,0.0,73.4,0.0,1213.408959,100144.6,0.99,76.8,-598435.3,300820.8,0.9948,0.097,551.6,-0.09721,-74.55768,0.0,0,-1.0,-1.0,-1.0,-1.0,-1.0,0.0,0.0,0.0,0.0
1791563599.66,2235663.8,474.0,79.0,6.5,0.0,175.0,0.0,89.96,90.4,0.0,73.4,0.0,1213.408959,100144.6,0.99,76.8,-598435.3,300820.8,0.9948,0.097,551.6,-0.09721,-74.55768,0.0,0,-1.0,-1.0,-1.0,-1.0,-1.0,0.0,0.0,0.0,0.0
1791563600.16,2235663.8,474.5,79.0,6.5,0.0,175.0,0.0,89.97,90.4,0.0,73.4,0.0,1213.408959,100144.6,0.99,76.8,-598435.3,300820.8,0.9948,0.097,551.6,-0.09721,-74.55768,0.0,0,-1.0,-1.0,-1.0,-1.0,-1.0,0.0,0.0,0.0,0.0
1791563600.66,2235663.8,475.0,79.0,6.5,0.0,175.0,0.0,89.97,90.4,0.0,73.4,0.0,1213.408959,100144.6,0.99,76.8,-598435.3,300820.8,0.9948,0.097,551.6,-0.09721,-74.55768,0.0,0,-1.0,-1.0,-1.0,-1.0,-1.0,0.0,0.0,0.0,0.0
1791563601.16,2235663.9,475.5,79.0,6.5,0.0,175.0,0.0,89.97,90.4,0.0,73.4,0.0,1213.408959,100144.6,0.99,76.8,-598435.3,300820.8,0.9948,0.097,551.6,-0.09721,-74.55768,0.0,0,-1.0,-1.0,-1.0,-1.0,-1.0,0.0,0.0,0.0,0.0
1791563601.66,2235663.9,476.0,79.0,6.5,0.0,175.0,0.0,89.97,90.4,0.0,73.4,0.0,1213.408959,100144.6,0.99,76.8,-598435.3,300820.8,0.9948,0.097,551.6,-0.09721,-74.55768,0.0,0,-1.0,-1.0,-1.0,-1.0,-1.0,0.0,0.0,0.0,0.0
1791563602.17,2235663.9,476.5,79.0,6.5,0.0,175.0,0.0,89.97,90.4,0.0,73.4,0.0,1213.408959,100144.6,0.99,76.8,-598435.3,300820.8,0.9948,0.097,551.6,-0.09721,-74.55768,0.0,0,-1.0,-1.0,-1.0,-1.0,-1.0,0.0,0.0,0.0,0.0
1791563602.67,2235663.9,477.0,79.0,6.5,0.0,175.0,0.0,89.97,90.4,0.0,73.4,0.0,1213.408959,100144.6,0.99,76.8,-598435.3,300820.8,0.9948,0.097,551.6,-0.09721,-74.55768,0.0,0,-1.0,-1.0,-1.0,-1.0,-1.0,0.0,0.0,0.0,0.0
1791563603.17,2235664.0,477.5,79.0,6.5,0.0,175.0,0.0,89.95,90.4,0.0,73.4,0.0,1213.408959,100144.6,0.99,76.8,-598435.3,300820.8,0.9948,0.097,551.6,-0.09721,-74.55768,0.0,0,-1.0,-1.0,-1.0,-1.0,-1.0,0.0,0.0,0.0,0.0
1791563603.67,2235664.0,478.0,79.0,6.5,0.0,175.0,0.0,89.95,90.4,0.0,73.4,0.0,1213.408959,100144.6,0.99,76.8,-598435.3,300820.8,0.9948,0.097,551.6,-0.09721,-74.55768,0.0,0,-1.0,-1.0,-1.0,-1.0,-1.0,0.0,0.0,0.0,0.0
1791563604.17,2235664.0,478.5,79.0,6.5,0.0,175.0,0.0,89.97,90.4,0.0,73.4,0.0,1213.408959,100144.6,0.99,76.8,-598435.3,300820.8,0.9948,0.097,551.6,-0.09721,-74.55768,0.0,0,-1.0,-1.0,-1.0,-1.0,-1.0,0.0,0.0,0.0,0.0
1791563604.68,2235664.0,479.0,79.0,6.5,0.0,175.0,0.0,89.97,90.4,0.0,73.4,0.0,1213.408959,100144.6,0.99,76.8,-598435.3,300820.8,0.9948,0.097,551.6,-0.09721,-74.55768,0.0,0,-1.0,-1.0,-1.0,-1.0,-1.0,0.0,0.0,0.0,0.0
1791563605.18,2235664.0,479.5,79.0,6.5,0.0,175.0,0.0,89.95,90.4,0.0,73.4,0.0,1213.408959,100144.6,0.99,76.8,-598435.3,300820.8,0.9948,0.097,551.6,-0.09721,-74.55768,0.0,0,-1.0,-1.0,-1.0,-1.0,-1.0,0.0,0.0,0.0,0.0
1791563605.68,2235664.0,480.0,79.0,6.5,0.0,175.0,0.0,89.95,90.4,0.0,73.4,0.0,1213.408959,100144.6,0.99,76.8,-598435.3,300820.8,0.9948,0.097,551.6,-0.09721,-74.55768,0.0,0,-1.0,-1.0,-1.0,-1.0,-1.0,0.0,0.0,0.0,0.0
1791563606.18,2235664.1,480.5,79.0,6.5,0.0,175.0,0.0,89.95,90.4,0.0,73.4,0.0,1213.408959,100144.6,0.99,76.8,-598435.3,300820.8,0.9948,0.097,551.6,-0.09721,-74.55768,0.0,0,-1.0,-1.0,-1.0,-1.0,-1.0,0.0,0.0,0.0,0.0
1791563606.68,2235664.1,481.0,79.0,6.5,0.0,175.0,0.0,89.95,90.4,0.0,73.4,0.0,1213.408959,100144.6,0.99,76.8,-598435.3,300820.8,0.9948,0.097,551.6,-0.09721,-74.55768,0.0,0,-1.0,-1.0,-1.0,-1.0,-1.0,0.0,0.0,0.0,0.0
1791563607.19,2235664.2,481.5,79.0,6.5,0.0,175.0,0.0,89.96,90.4,0.0,73.4,0.0,1213.408959,100144.6,0.99,76.8,-598435.3,300820.8,0.9948,0.097,551.6,-0.09721,-74.55768,0.0,0,-1.0,-1.0,-1.0,-1.0,-1.0,0.0,0.0,0.0,0.0
1791563607.69,2235664.6,482.0,79.0,6.5,0.0,175.0,0.0,89.97,90.4,0.0,73.39,0.0,1213.408959,100144.6,0.99,76.8,-598435.3,300820.8,0.9948,0.097,551.6,-0.09721,-74.55768,0.0,0,-1.0,-1.0,-1.0,-1.0,-1.0,0.0,0.0,0.0,0.0
1791563608.29,2235665.2,482.6,79.0,6.5,0.0,175.0,0.0,89.95,90.4,0.0,73.38,0.0,1213.408959,100144.6,0.99,76.8,-598435.3,300820.8,0.9948,0.097,551.6,-0.09721,-74.55768,0.0,0,-1.0,-1.0,-1.0,-1.0,-1.0,0.0,0.0,0.0,0.0
1791563608.8,2235665.7,483.1,79.0,6.5,0.0,175.0,0.0,89.95,90.4,0.0,73.37,0.0,1213.408959,100144.6,0.99,76.8,-598435.3,300820.8,0.9948,0.097,551.6,-0.09721,-74.55768,0.0,0,-1.0,-1.0,-1.0,-1.0,-1.0,0.0,0.0,0.0,0.0
1791563609.3,2235666.2,483.6,79.0,6.5,0.0,175.0,0.0,89.97,90.4,0.0,73.36,0.0,1213.408959,100144.6,0.99,76.8,-598435.3,300820.8,0.9948,0.097,551.6,-0.09721,-74.55768,0.0,0,-1.0,-1.0,-1.0,-1.0,-1.0,0.0,0.0,0.0,0.0
1791563609.8,2235666.7,484.1,79.0,6.5,0.0,175.0,0.0,89.96,90.4,0.0,73.35,0.0,1213.408959,100144.6,0.99,76.8,-598435.3,300820.8,0.9948,0.097,551.6,-0.09721,-74.55768,0.0,0,-1.0,-1.0,-1.0,-1.0,-1.0,0.0,0.0,0.0,0.0
1791563610.3,2235667.2,484.6,79.0,6.5,0.0,175.0,0.0,89.97,90.4,0.0,73.35,0.0,1213.408959,100144.6,0.99,76.8,-598435.3,300820.8,0.9948,0.097,551.6,-0.09721,-74.55768,0.0,0,-1.0,-1.0,-1.0,-1.0,-1.0,0.0,0.0,0.0,0.0
1791563610.81,2235667.7,485.2,79.0,6.5,0.0,175.0,0.0,89.95,90.4,0.0,73.34,0.0,1213.408959,100144.6,0.99,76.8,-598435.3,300820.8,0.9948,0.097,551.6,-0.09721,-74.55768,0.0,0,-1.0,-1.0,-1.0,-1.0,-1.0,0.0,0.0,0.0,0.0
1791563611.31,2235668.2,485.7,79.0,6.5,0.0,175.0,0.0,89.97,90.4,0.0,73.33,0.0,1213.408959,100144.6,0.99,76.8,-598435.3,300820.8,0.9948,0.097,551.6,-0.09721,-74.55768,0.0,0,-1.0,-1.0,-1.0,-1.0,-1.0,0.0,0.0,0.0,0.0
1791563611.81,2235668.7,486.2,79.0,6.5,0.0,175.0,0.0,89.96,90.4,0.0,73.32,0.0,1213.408959,100144.6,0.99,76.8,-598435.3,300820.8,0.9948,0.097,551.6,-0.09721,-74.55768,0.0,0,-1.0,-1.0,-1.0,-1.0,-1.0,0.0,0.0,0.0,0.0
1791563612.31,2235669.2,486.7,79.0,6.5,0.0,175.0,0.0,89.97,90.4,0.0,73.31,0.0,1213.408959,100144.6,0.99,76.8,-598435.3,300820.8,0.9948,0.097,551.6,-0.09721,-74.55768,0.0,0,-1.0,-1.0,-1.0,-1.0,-1.0,0.0,0.0,0.0,0.0
1791563612.81,2235669.7,487.2,79.0,6.5,0.0,175.0,0.0,89.97,90.4,0.0,73.3,0.0,1213.408959,100144.6,0.99,76.8,-598435.3,300820.8,0.9948,0.097,551.6,-0.09721,-74.55768,0.0,0,-1.0,-1.0,-1.0,-1.0,-1.0,0.0,0.0,0.0,0.0
1791563613.31,2235670.2,487.7,79.0,6.5,0.0,175.0,0.0,89.96,90.4,0.0,73.3,0.0,1213.408959,100144.6,0.99,76.8,-598435.3,300820.8,0.9948,0.097,551.6,-0.09721,-74.55768,0.0,0,-1.0,-1.0,-1.0,-1.0,-1.0,0.0,0.0,0.0,0.0
1791563613.82,2235670.7,488.2,79.0,6.5,0.0,175.0,0.0,89.95,90.4,0.0,73.29,0.0,1213.408959,100144.6,0.99,76.8,-598435.3,300820.8,0.9948,0.097,551.6,-0.09721,-74.55768,0.0,0,-1.0,-1.0,-1.0,-1.0,-1.0,0.0,0.0,0.0,0.0
1791563614.32,2235671.2,488.7,79.0,6.5,0.0,175.0,0.0,89.95,90.4,0.0,73.28,0.0,1213.408959,100144.6,0.99,76.8,-598435.3,300820.8,0.9948,0.097,551.6,-0.09721,-74.55768,0.0,0,-1.0,-1.0,-1.0,-1.0,-1.0,0.0,0.0,0.0,0.0
1791563614.82,2235671.7,489.2,79.0,6.5,0.0,175.0,0.0,89.97,90.4,0.0,73.27,0.0,1213.408959,100144.6,0.99,76.8,-598435.3,300820.8,0.9948,0.097,551.6,-0.09721,-74.55768,0.0,0,-1.0,-1.0,-1.0,-1.0,-1.0,0.0,0.0,0.0,0.0
1791563615.33,2235672.2,489.7,79.0,6.5,0.0,175.0,0.0,89.97,90.4,0.0,73.26,0.0,1213.408959,100144.6,0.99,76.8,-598435.3,300820.8,0.9948,0.097,551.6,-0.09721,-74.55768,0.0,0,-1.0,-1.0,-1.0,-1.0,-1.0,0.0,0.0,0.0,0.0
1791563615.83,2235672.7,490.2,79.0,6.5,0.0,175.0,0.0,89.96,90.4,0.0,73.26,0.0,1213.408959,100144.6,0.99,76.8,-598435.3,300820.8,0.9948,0.097,551.6,-0.09721,-74.55768,0.0,0,-1.0,-1.0,-1.0,-1.0,-1.0,0.0,0.0,0.0,0.0
1791563616.33,2235672.9,490.7,79.0,6.5,0.0,175.0,0.0,89.97,90.4,0.0,73.25,0.0,1213.408959,100144.6,0.99,76.8,-598435.3,300820.8,0.9948,0.097,551.6,-0.09721,-74.55768,0.0,0,-1.0,-1.0,-1.0,-1.0,-1.0,0.0,0.0,0.0,0.0
1791563616.83,2235672.9,491.2,79.0,6.5,0.0,175.0,0.0,89.97,90.4,0.0,73.25,0.0,1213.408959,100144.6,0.99,76.8,-598435.3,300820.8,0.9948,0.097,551.6,-0.09721,-74.55768,0.0,0,-1.0,-1.0,-1.0,-1.0,-1.0,0.0,0.0,0.0,0.0
1791563617.33,2235672.9,491.7,79.0,6.5,0.0,175.0,0.0,89.95,90.4,0.0,73.25,0.0,1213.408959,100144.6,0.99,76.8,-598435.3,300820.8,0.9948,0.097,551.6,-0.09721,-74.55768,0.0,0,-1.0,-1.0,-1.0,-1.0,-1.0,0.0,0.0,0.0,0.0
1791563617.84,2235672.9,492.2,79.0,6.5,0.0,175.0,0.0,89.95,90.4,0.0,73.25,0.0,1213.408959,100144.6,0.99,76.8,-598435.3,300820.8,0.9948,0.097,551.6,-0.09721,-74.55768,0.0,0,-1.0,-1.0,-1.0,-1.0,-1.0,0.0,0.0,0.0,0.0
1791563618.34,2235673.0,492.7,79.0,6.5,0.0,175.0,0.0,89.95,90.4,0.0,73.25,0.0,1213.408959,100144.6,0.99,76.8,-598435.3,300820.8,0.9948,0.097,551.6,-0.09721,-74.55768,0.0,0,-1.0,-1.0,-1.0,-1.0,-1.0,0.0,0.0,0.0,0.0
1791563618.84,2235673.0,493.2,79.0,6.5,0.0,175.0,0.0,89.95,90.4,0.0,73.25,0.0,1213.408959,100144.6,0.99,76.8,-598435.3,300820.8,0.9948,0.097,551.6,-0.09721,-74.55768,0.0,0,-1.0,-1.0,-1.0,-1.0,-1.0,0.0,0.0,0.0,0.0
1791563619.34,2235673.2,493.7,79.0,6.5,0.0,175.0,0.0,89.95,90.4,0.0,73.25,0.0,1213.408959,100144.6,0.99,76.8,-598435.3,300820.8,0.9948,0.097,551.6,-0.09721,-74.55768,0.0,0,-1.0,-1.0,-1.0,-1.0,-1.0,0.0,0.0,0.0,0.0
1791563619.84,2235673.7,494.2,79.0,6.5,0.0,175.0,0.0,89.97,90.4,0.0,73.24,0.0,1213.408959,100144.6,0.99,76.8,-598435.3,300820.8,0.9948,0.097,551.6,-0.09721,-74.55768,0.0,0,-1.0,-1.0,-1.0,-1.0,-1.0,0.0,0.0,0.0,0.0
1791563620.35,2235674.2,494.7,79.0,6.5,0.0,175.0,0.0,89.95,90.4,0.0,73.23,0.0,1213.408959,100144.6,0.99,76.8,-598435.3,300820.8,0.9948,0.097,551.6,-0.09721,-74.55768,0.0,0,-1.0,-1.0,-1.0,-1.0,-1.0,0.0,0.0,0.0,0.0
1791563620.85,2235674.7,495.2,79.0,6.5,0.0,175.0,0.0,89.95,90.4,0.0,73.22,0.0,1213.408959,100144.6,0.99,76.8,-598435.3,300820.8,0.9948,0.097,551.6,-0.09721,-74.55768,0.0,0,-1.0,-1.0,-1.0,-1.0,-1.0,0.0,0.0,0.0,0.0
1791563621.35,2235675.2,495.7,79.0,6.5,0.0,175.0,0.0,89.95,90.4,0.0,73.21,0.0,1213.408959,100144.6,0.99,76.8,-598435.3,300820.8,0.9948,0.097,551.6,-0.09721,-74.55768,0.0,0,-1.0,-1.0,-1.0,-1.0,-1.0,0.0,0.0,0.0,0.0
1791563621.85,2235675.7,496.2,79.0,6.5,0.0,175.0,0.0,89.97,90.4,0.0,73.2,0.0,1213.408959,100144.6,0.99,76.8,-598435.3,300820.8,0.9948,0.097,551.6,-0.09721,-74.55768,0.0,0,-1.0,-1.0,-1.0,-1.0,-1.0,0.0,0.0,0.0,0.0
1791563622.35,2235676.2,496.7,79.0,6.5,0.0,175.0,0.0,89.97,90.4,0.0,73.2,0.0,1213.408959,100144.6,0.99,76.8,-598435.3,300820.8,0.9948,0.097,551.6,-0.09721,-74.55768,0.0,0,-1.0,-1.0,-1.0,-1.0,-1.0,0.0,0.0,0.0,0.0
1791563622.85,2235676.7,497.2,79.0,6.5,0.0,175.0,0.0,89.97,90.4,0.0,73.19,0.0,1213.408959,100144.6,0.99,76.8,-598435.3,300820.8,0.9948,0.097,551.6,-0.09721,-74.55768,0.0,0,-1.0,-1.0,-1.0,-1.0,-1.0,0.0,0.0,0.0,0.0
1791563623.35,2235676.9,497.7,79.0,6.5,0.0,175.0,0.0,89.96,90.4,0.0,73.18,0.0,1213.408959,100144.6,0.99,76.8,-598435.3,300820.8,0.9948,0.097,551.6,-0.09721,-74.55768,0.0,0,-1.0,-1.0,-1.0,-1.0,-1.0,0.0,0.0,0.0,0.0
1791563623.86,2235676.9,498.2,79.0,6.5,0.0,175.0,0.0,89.96,90.4,0.0,73.18,0.0,1213.408959,100144.6,0.99,76.8,-598435.3,300820.8,0.9948,0.097,551.6,-0.09721,-74.55768,0.0,0,-1.0,-1.0,-1.0,-1.0,-1.0,0.0,0.0,0.0,0.0
1791563624.36,2235677.0,498.7,79.0,6.5,0.0,175.0,0.0,89.96,90.4,0.0,73.18,0.0,1213.408959,100144.6,0.99,76.8,-598435.3,300820.8,0.9948,0.097,551.6,-0.09721,-74.55768,0.0,0,-1.0,-1.0,-1.0,-1.0,-1.0,0.0,0.0,0.0,0.0
1791563624.86,2235677.0,499.2,79.0,6.5,0.0,175.0,0.0,89.96,90.4,0.0,73.18,0.0,1213.408959,100144.6,0.99,76.8,-598435.3,300820.8,0.9948,0.097,551.6,-0.09721,-74.55768,0.0,0,-1.0,-1.0,-1.0,-1.0,-1.0,0.0,0.0,0.0,0.0
1791563625.36,2235677.0,499.7,79.0,6.5,0.0,175.0,0.0,89.95,90.4,0.0,73.18,0.0,1213.408959,100144.6,0.99,76.8,-598435.3,300820.8,0.9948,0.097,551.6,-0.09721,-74.55768,0.0,0,-1.0,-1.0,-1.0,-1.0,-1.0,0.0,0.0,0.0,0.0
1791563625.87,2235677.0,500.2,79.0,6.5,0.0,175.0,0.0,89.95,90.4,0.0,73.18,0.0,1213.408959,100144.6,0.99,76.8,-598435.3,300820.8,0.9948,0.097,551.6,-0.09721,-74.55768,0.0,0,-1.0,-1.0,-1.0,-1.0,-1.0,0.0,0.0,0.0,0.0
1791563626.37,2235677.1,500.7,79.0,6.5,0.0,175.0,0.0,89.96,90.4,0.0,73.18,0.0,1213.408959,100144.6,0.99,76.8,-598435.3,300820.8,0.9948,0.097,551.6,-0.09721,-74.55768,0.0,0,-1.0,-1.0,-1.0,-1.0,-1.0,0.0,0.0,0.0,0.0
1791563626.87,2235677.1,501.2,79.0,6.5,0.0,175.0,0.0,89.96,90.4,0.0,73.18,0.0,1213.408959,100144.6,0.99,76.8,-598435.3,300820.8,0.9948,0.097,551.6,-0.09721,-74.55768,0.0,0,-1.0,-1.0,-1.0,-1.0,-1.0,0.0,0.0,0.0,0.0
1791563627.38,2235677.1,501.7,79.0,6.5,0.0,175.0,0.0,89.97,90.4,0.0,73.18,0.0,1213.408959,100144.6,0.99,76.8,-598435.3,300820.8,0.9948,0.097,551.6,-0.09721,-74.55768,0.0,0,-1.0,-1.0,-1.0,-1.0,-1.0,0.0,0.0,0.0,0.0
1791563627.88,2235677.1,502.2,79.0,6.5,0.0,175.0,0.0,89.97,90.4,0.0,73.18,0.0,1213.408959,100144.6,0.99,76.8,-598435.3,300820.8,0.9948,0.097,551.6,-0.09721,-74.55768,0.0,0,-1.0,-1.0,-1.0,-1.0,-1.0,0.0,0.0,0.0,0.0
1791563628.38,2235677.1,502.7,79.0,6.5,0.0,175.0,0.0,89.96,90.4,0.0,73.18,0.0,1213.408959,100144.6,0.99,76.8,-598435.3,300820.8,0.9948,0.097,551.6,-0.09721,-74.55768,0.0,0,-1.0,-1.0,-1.0,-1.0,-1.0,0.0,0.0,0.0,0.0
1791563628.88,2235677.1,503.2,79.0,6.5,0.0,175.0,0.0,89.96,90.4,0.0,73.18,0.0,1213.408959,100144.6,0.99,76.8,-598435.3,300820.8,0.9948,0.097,551.6,-0.09721,-74.55768,0.0,0,-1.0,-1.0,-1.0,-1.0,-1.0,0.0,0.0,0.0,0.0
1791563629.38,2235677.2,503.7,79.0,6.5,0.0,175.0,0.0,89.95,90.4,0.0,73.18,0.0,1213.408959,100144.6,0.99,76.8,-598435.3,300820.8,0.9948,0.097,551.6,-0.09721,-74.55768,0.0,0,-1.0,-1.0,-1.0,-1.0,-1.0,0.0,0.0,0.0,0.0
1791563629.88,2235677.2,504.2,79.0,6.5,0.0,175.0,0.0,89.95,90.4,0.0,73.18,0.0,1213.408959,100144.6,0.99,76.8,-598435.3,300820.8,0.9948,0.097,551.6,-0.09721,-74.55768,0.0,0,-1.0,-1.0,-1.0,-1.0,-1.0,0.0,0.0,0.0,0.0
1791563630.39,2235677.2,504.7,79.0,6.5,0.0,175.0,0.0,89.95,90.4,0.0,73.18,0.0,1213.408959,100144.6,0.99,76.8,-598435.3,300820.8,0.9948,0.097,551.6,-0.09721,-74.55768,0.0,0,-1.0,-1.0,-1.0,-1.0,-1.0,0.0,0.0,0.0,0.0
1791563630.89,2235677.2,505.2,79.0,6.5,0.0,175.0,0.0,89.95,90.4,0.0,73.18,0.0,1213.408959,100144.6,0.99,76.8,-598435.3,300820.8,0.9948,0.097,551.6,-0.09721,-74.55768,0.0,0,-1.0,-1.0,-1.0,-1.0,-1.0,0.0,0.0,0.0,0.0
1791563631.39,2235677.2,505.7,79.0,6.5,0.0,175.0,0.0,89.95,90.4,0.0,73.18,0.0,1213.408959,100144.6,0.99,76.8,-598435.3,300820.8,0.9948,0.097,551.6,-0.09721,-74.55768,0.0,0,-1.0,-1.0,-1.0,-1.0,-1.0,0.0,0.0,0.0,0.0
1791563631.89,2235677.3,506.2,79.0,6.5,0.0,175.0,0.0,89.97,90.4,0.0,73.18,0.0,1213.408959,100144.6,0.99,76.8,-598435.3,300820.8,0.9948,0.097,551.6,-0.09721,-74.55768,0.0,0,-1.0,-1.0,-1.0,-1.0,-1.0,0.0,0.0,0.0,0.0
1791563632.39,2235677.3,506.7,79.0,6.5,0.0,175.0,0.0,89.97,90.4,0.0,73.18,0.0,1213.408959,100144.6,0.99,76.8,-598435.3,300820.8,0.9948,0.097,551.6,-0.09721,-74.55768,0.0,0,-1.0,-1.0,-1.0,-1.0,-1.0,0.0,0.0,0.0,0.0
1791563632.89,2235677.3,507.2,79.0,6.5,0.0,175.0,0.0,89.95,90.4,0.0,73.18,0.0,1213.408959,100144.6,0.99,76.8,-598435.3,300820.8,0.9948,0.097,551.6,-0.09721,-74.55768,0.0,0,-1.0,-1.0,-1.0,-1.0,-1.0,0.0,0.0,0.0,0.0
1791563633.39,2235677.3,507.7,79.0,6.5,0.0,175.0,0.0,89.95,90.4,0.0,73.18,0.0,1213.408959,100144.6,0.99,76.8,-598435.3,300820.8,0.9948,0.097,551.6,-0.09721,-74.55768,0.0,0,-1.0,-1.0,-1.0,-1.0,-1.0,0.0,0.0,0.0,0.0
1791563633.9,2235677.3,508.2,79.0,6.5,0.0,175.0,0.0,89.96,90.4,0.0,73.18,0.0,1213.408959,100144.6,0.99,76.8,-598435.3,300820.8,0.9948,0.097,551.6,-0.09721,-74.55768,0.0,0,-1.0,-1.0,-1.0,-1.0,-1.0,0.0,0.0,0.0,0.0
1791563634.4,2235677.3,508.7,79.0,6.5,0.0,175.0,0.0,89.96,90.4,0.0,73.18,0.0,1213.408959,100144.6,0.99,76.8,-598435.3,300820.8,0.9948,0.097,551.6,-0.09721,-74.55768,0.0,0,-1.0,-1.0,-1.0,-1.0,-1.0,0.0,0.0,0.0,0.0
1791563634.9,2235677.4,509.2,79.0,6.5,0.0,175.0,0.0,89.96,90.4,0.0,73.18,0.0,1213.408959,100144.6,0.99,76.8,-598435.3,300820.8,0.9948,0.097,551.6,-0.09721,-74.55768,0.0,0,-1.0,-1.0,-1.0,-1.0,-1.0,0.0,0.0,0.0,0.0
1791563635.4,2235677.8,509.7,79.0,6.5,0.0,175.0,0.0,89.96,90.4,0.0,73.17,0.0,1213.408959,100144.6,0.99,76.8,-598435.3,300820.8,0.9948,0.097,551.6,-0.09721,-74.55768,0.0,0,-1.0,-1.0,-1.0,-1.0,-1.0,0.0,0.0,0.0,0.0
1791563635.9,2235678.0,510.2,79.0,6.5,0.0,175.0,0.0,89.95,90.4,0.0,73.17,0.0,1213.408959,100144.6,0.99,76.8,-598435.3,300820.8,0.9948,0.097,551.6,-0.09721,-74.55768,0.0,0,-1.0,-1.0,-1.0,-1.0,-1.0,0.0,0.0,0.0,0.0
1791563636.4,2235678.0,510.7,79.0,6.5,0.0,175.0,0.0,89.95,90.4,0.0,73.17,0.0,1213.408959,100144.6,0.99,76.8,-598435.3,300820.8,0.9948,0.097,551.6,-0.09721,-74.55768,0.0,0,-1.0,-1.0,-1.0,-1.0,-1.0,0.0,0.0,0.0,0.0
1791563636.91,2235678.1,511.2,79.0,6.5,0.0,175.0,0.0,89.95,90.4,0.0,73.17,0.0,1213.408959,100144.6,0.99,76.8,-598435.3,300820.8,0.9948,0.097,551.6,-0.09721,-74.55768,0.0,0,-1.0,-1.0,-1.0,-1.0,-1.0,0.0,0.0,0.0,0.0
1791563637.41,2235678.1,511.8,79.0,6.5,0.0,175.0,0.0,89.95,90.4,0.0,73.17,0.0,1213.408959,100144.6,0.99,76.8,-598435.3,300820.8,0.9948,0.097,551.6,-0.09721,-74.55768,0.0,0,-1.0,-1.0,-1.0,-1.0,-1.0,0.0,0.0,0.0,0.0
1791563637.91,2235678.1,512.3,79.0,6.5,0.0,175.0,0.0,89.96,90.4,0.0,73.16,0.0,1213.408959,100144.6,0.99,76.8,-598435.3,300820.8,0.9948,0.097,551.6,-0.09721,-74.55768,0.0,0,-1.0,-1.0,-1.0,-1.0,-1.0,0.0,0.0,0.0,0.0
1791563638.41,2235678.1,512.8,79.0,6.5,0.0,175.0,0.0,89.96,90.4,0.0,73.16,0.0,1213.408959,100144.6,0.99,76.8,-598435.3,300820.8,0.9948,0.097,551.6,-0.09721,-74.55768,0.0,0,-1.0,-1.0,-1.0,-1.0,-1.0,0.0,0.0,0.0,0.0
1791563638.91,2235678.2,513.3,79.0,6.5,0.0,175.0,0.0,89.97,90.4,0.0,73.16,0.0,1213.408959,100144.6,0.99,76.8,-598435.3,300820.8,0.9948,0.097,551.6,-0.09721,-74.55768,0.0,0,-1.0,-1.0,-1.0,-1.0,-1.0,0.0,0.0,0.0,0.0
1791563639.42,2235678.2,513.8,79.0,6.5,0.0,175.0,0.0,89.97,90.4,0.0,73.16,0.0,1213.408959,100144.6,0.99,76.8,-598435.3,300820.8,0.9948,0.097,551.6,-0.09721,-74.55768,0.0,0,-1.0,-1.0,-1.0,-1.0,-1.0,0.0,0.0,0.0,0.0
1791563639.92,2235678.2,514.3,79.0,6.5,0.0,175.0,0.0,89.97,90.4,0.0,73.16,0.0,1213.408959,100144.6,0.99,76.8,-598435.3,300820.8,0.9948,0.097,551.6,-0.09721,-74.55768,0.0,0,-1.0,-1.0,-1.0,-1.0,-1.0,0.0,0.0,0.0,0.0
1791563640.42,2235678.2,514.8,79.0,6.5,0.0,175.0,0.0,89.97,90.4,0.0,73.16,0.0,1213.408959,100144.6,0.99,76.8,-598435.3,300820.8,0.9948,0.097,551.6,-0.09721,-74.55768,0.0,0,-1.0,-1.0,-1.0,-1.0,-1.0,0.0,0.0,0.0,0.0
1791563640.92,2235678.2,515.3,79.0,6.5,0.0,175.0,0.0,89.97,90.4,0.0,73.16,0.0,1213.408959,100144.6,0.99,76.8,-598435.3,300820.8,0.9948,0.097,551.6,-0.09721,-74.55768,0.0,0,-1.0,-1.0,-1.0,-1.0,-1.0,0.0,0.0,0.0,0.0
1791563641.42,2235678.2,515.8,79.0,6.5,0.0,175.0,0.0,89.97,90.4,0.0,73.16,0.0,1213.408959,100144.6,0.99,76.8,-598435.3,300820.8,0.9948,0.097,551.6,-0.09721,-74.55768,0.0,0,-1.0,-1.0,-1.0,-1.0,-1.0,0.0,0.0,0.0,0.0
1791563641.93,2235678.3,516.3,79.0,6.5,0.0,175.0,0.0,89.95,90.4,0.0,73.16,0.0,1213.408959,100144.6,0.99,76.8,-598435.3,300820.8,0.9948,0.097,551.6,-0.09721,-74.55768,0.0,0,-1.0,-1.0,-1.0,-1.0,-1.0,0.0,0.0,0.0,0.0
1791563642.43,2235678.3,516.8,79.0,6.5,0.0,175.0,0.0,89.95,90.4,0.0,73.16,0.0,1213.408959,100144.6,0.99,76.8,-598435.3,300820.8,0.9948,0.097,551.6,-0.09721,-74.55768,0.0,0,-1.0,-1.0,-1.0,-1.0,-1.0,0.0,0.0,0.0,0.0
1791563642.93,2235678.3,517.3,79.0,6.5,0.0,175.0,0.0,89.95,90.4,0.0,73.16,0.0,1213.408959,100144.6,0.99,76.8,-598435.3,300820.8,0.9948,0.097,551.6,-0.09721,-74.55768,0.0,0,-1.0,-1.0,-1.0,-1.0,-1.0,0.0,0.0,0.0,0.0
1791563643.43,2235678.3,517.8,79.0,6.5,0.0,175.0,0.0,89.95,90.4,0.0,73.16,0.0,1213.408959,100144.6,0.99,76.8,-598435.3,300820.8,0.9948,0.097,551.6,-0.09721,-74.55768,0.0,0,-1.0,-1.0,-1.0,-1.0,-1.0,0.0,0.0,0.0,0.0
1791563643.94,2235678.4,518.3,79.0,6.5,0.0,175.0,0.0,89.97,90.4,0.0,73.16,0.0,1213.408959,100144.6,0.99,76.8,-598435.3,300820.8,0.9948,0.097,551.6,-0.09721,-74.55768,0.0,0,-1.0,-1.0,-1.0,-1.0,-1.0,0.0,0.0,0.0,0.0
1791563644.44,2235678.4,518.8,79.0,6.5,0.0,175.0,0.0,89.97,90.4,0.0,73.16,0.0,1213.408959,100144.6,0.99,76.8,-598435.3,300820.8,0.9948,0.097,551.6,-0.09721,-74.55768,0.0,0,-1.0,-1.0,-1.0,-1.0,-1.0,0.0,0.0,0.0,0.0
1791563644.94,2235678.4,519.3,79.0,6.5,0.0,175.0,0.0,89.96,90.4,0.0,73.16,0.0,1213.408959,100144.6,0.99,76.8,-598435.3,300820.8,0.9948,0.097,551.6,-0.09721,-74.55768,0.0,0,-1.0,-1.0,-1.0,-1.0,-1.0,0.0,0.0,0.0,0.0
1791563645.44,2235678.4,519.8,79.0,6.5,0.0,175.0,0.0,89.96,90.4,0.0,73.16,0.0,1213.408959,100144.6,0.99,76.8,-598435.3,300820.8,0.9948,0.097,551.6,-0.09721,-74.55768,0.0,0,-1.0,-1.0,-1.0,-1.0,-1.0,0.0,0.0,0.0,0.0
1791563645.95,2235678.4,520.3,79.0,6.5,0.0,175.0,0.0,89.96,90.4,0.0,73.16,0.0,1213.408959,100144.6,0.99,76.8,-598435.3,300820.8,0.9948,0.097,551.6,-0.09721,-74.55768,0.0,0,-1.0,-1.0,-1.0,-1.0,-1.0,0.0,0.0,0.0,0.0
1791563646.45,2235678.4,520.8,79.0,6.5,0.0,175.0,0.0,89.96,90.4,0.0,73.16,0.0,1213.408959,100144.6,0.99,76.8,-598435.3,300820.8,0.9948,0.097,551.6,-0.09721,-74.55768,0.0,0,-1.0,-1.0,-1.0,-1.0,-1.0,0.0,0.0,0.0,0.0
1791563646.95,2235678.5,521.3,79.0,6.5,0.0,175.0,0.0,89.95,90.4,0.0,73.16,0.0,1213.408959,100144.6,0.99,76.8,-598435.3,300820.8,0.9948,0.097,551.6,-0.09721,-74.55768,0.0,0,-1.0,-1.0,-1.0,-1.0,-1.0,0.0,0.0,0.0,0.0
1791563647.46,2235678.5,521.8,79.0,6.5,0.0,175.0,0.0,89.95,90.4,0.0,73.16,0.0,1213.408959,100144.6,0.99,76.8,-598435.3,300820.8,0.9948,0.097,551.6,-0.09721,-74.55768,0.0,0,-1.0,-1.0,-1.0,-1.0,-1.0,0.0,0.0,0.0,0.0
1791563647.96,2235678.5,522.3,79.0,6.5,0.0,175.0,0.0,89.96,90.4,0.0,73.16,0.0,1213.408959,100144.6,0.99,76.8,-598435.3,300820.8,0.9948,0.097,551.6,-0.09721,-74.55768,0.0,0,-1.0,-1.0,-1.0,-1.0,-1.0,0.0,0.0,0.0,0.0
1791563648.46,2235678.5,522.8,79.0,6.5,0.0,175.0,0.0,89.96,90.4,0.0,73.16,0.0,1213.408959,100144.6,0.99,76.8,-598435.3,300820.8,0.9948,0.097,551.6,-0.09721,-74.55768,0.0,0,-1.0,-1.0,-1.0,-1.0,-1.0,0.0,0.0,0.0,0.0
1791563648.96,2235678.6,523.3,79.0,6.5,0.0,175.0,0.0,89.96,90.4,0.0,73.16,0.0,1213.408959,100144.6,0.99,76.8,-598435.3,300820.8,0.9948,0.097,551.6,-0.09721,-74.55768,0.0,0,-1.0,-1.0,-1.0,-1.0,-1.0,0.0,0.0,0.0,0.0
1791563649.47,2235678.6,523.8,79.0,6.5,0.0,175.0,0.0,89.96,90.4,0.0,73.16,0.0,1213.408959,100144.6,0.99,76.8,-598435.3,300820.8,0.9948,0.097,551.6,-0.09721,-74.55768,0.0,0,-1.0,-1.0,-1.0,-1.0,-1.0,0.0,0.0,0.0,0.0
1791563649.97,2235678.6,524.3,79.0,6.5,0.0,175.0,0.0,89.95,90.4,0.0,73.16,0.0,1213.408959,100144.6,0.99,76.8,-598435.3,300820.8,0.9948,0.097,551.6,-0.09721,-74.55768,0.0,0,-1.0,-1.0,-1.0,-1.0,-1.0,0.0,0.0,0.0,0.0
1791563650.47,2235678.6,524.8,79.0,6.5,0.0,175.0,0.0,89.95,90.4,0.0,73.16,0.0,1213.408959,100144.6,0.99,76.8,-598435.3,300820.8,0.9948,0.097,551.6,-0.09721,-74.55768,0.0,0,-1.0,-1.0,-1.0,-1.0,-1.0,0.0,0.0,0.0,0.0
1791563650.97,2235678.6,525.3,79.0,6.5,0.0,175.0,0.0,89.96,90.4,0.0,73.16,0.0,1213.408959,100144.6,0.99,76.8,-598435.3,300820.8,0.9948,0.097,551.6,-0.09721,-74.55768,0.0,0,-1.0,-1.0,-1.0,-1.0,-1.0,0.0,0.0,0.0,0.0
1791563651.47,2235678.6,525.8,79.0,6.5,0.0,175.0,0.0,89.96,90.4,0.0,73.16,0.0,1213.408959,100144.6,0.99,76.8,-598435.3,300820.8,0.9948,0.097,551.6,-0.09721,-74.55768,0.0,0,-1.0,-1.0,-1.0,-1.0,-1.0,0.0,0.0,0.0,0.0
1791563651.97,2235678.7,526.3,79.0,6.5,0.0,175.0,0.0,89.95,90.4,0.0,73.16,0.0,1213.408959,100144.6,0.99,76.8,-598435.3,300820.8,0.9948,0.097,551.6,-0.09721,-74.55768,0.0,0,-1.0,-1.0,-1.0,-1.0,-1.0,0.0,0.0,0.0,0.0
1791563652.48,2235678.7,526.8,79.0,6.5,0.0,175.0,0.0,89.95,90.4,0.0,73.16,0.0,1213.408959,100144.6,0.99,76.8,-598435.3,300820.8,0.9948,0.097,551.6,-0.09721,-74.55768,0.0,0,-1.0,-1.0,-1.0,-1.0,-1.0,0.0,0.0,0.0,0.0
1791563652.98,2235678.7,527.3,79.0,6.5,0.0,175.0,0.0,89.95,90.4,0.0,73.15,0.0,1213.408959,100144.6,0.99,76.8,-598435.3,300820.8,0.9948,0.097,551.6,-0.09721,-74.55768,0.0,0,-1.0,-1.0,-1.0,-1.0,-1.0,0.0,0.0,0.0,0.0
1791563653.48,2235678.7,527.8,79.0,6.5,0.0,175.0,0.0,89.95,90.4,0.0,73.15,0.0,1213.408959,100144.6,0.99,76.8,-598435.3,300820.8,0.9948,0.097,551.6,-0.09721,-74.55768,0.0,0,-1.0,-1.0,-1.0,-1.0,-1.0,0.0,0.0,0.0,0.0
1791563653.98,2235678.8,528.3,79.0,6.5,0.0,175.0,0.0,89.95,90.4,0.0,73.15,0.0,1213.408959,100144.6,0.99,76.8,-598435.3,300820.8,0.9948,0.097,551.6,-0.09721,-74.55768,0.0,0,-1.0,-1.0,-1.0,-1.0,-1.0,0.0,0.0,0.0,0.0
1791563654.48,2235678.8,528.8,79.0,6.5,0.0,175.0,0.0,89.95,90.4,0.0,73.15,0.0,1213.408959,100144.6,0.99,76.8,-598435.3,300820.8,0.9948,0.097,551.6,-0.09721,-74.55768,0.0,0,-1.0,-1.0,-1.0,-1.0,-1.0,0.0,0.0,0.0,0.0
1791563654.99,2235678.8,529.3,79.0,6.5,0.0,175.0,0.0,89.95,90.4,0.0,73.15,0.0,1213.408959,100144.6,0.99,76.8,-598435.3,300820.8,0.9948,0.097,551.6,-0.09721,-74.55768,0.0,0,-1.0,-1.0,-1.0,-1.0,-1.0,0.0,0.0,0.0,0.0
1791563655.49,2235678.8,529.8,79.0,6.5,0.0,175.0,0.0,89.95,90.4,0.0,73.15,0.0,1213.408959,100144.6,0.99,76.8,-598435.3,300820.8,0.9948,0.097,551.6,-0.09721,-74.55768,0.0,0,-1.0,-1.0,-1.0,-1.0,-1.0,0.0,0.0,0.0,0.0
1791563655.99,2235678.8,530.3,79.0,6.5,0.0,175.0,0.0,89.95,90.4,0.0,73.15,0.0,1213.408959,100144.6,0.99,76.8,-598435.3,300820.8,0.9948,0.097,551.6,-0.09721,-74.55768,0.0,0,-1.0,-1.0,-1.0,-1.0,-1.0,0.0,0.0,0.0,0.0
1791563656.49,2235678.8,530.8,79.0,6.5,0.0,175.0,0.0,89.95,90.4,0.0,73.15,0.0,1213.408959,100144.6,0.99,76.8,-598435.3,300820.8,0.9948,0.097,551.6,-0.09721,-74.55768,0.0,0,-1.0,-1.0,-1.0,-1.0,-1.0,0.0,0.0,0.0,0.0
1791563656.99,2235678.9,531.3,79.0,6.5,0.0,175.0,0.0,89.95,90.4,0.0,73.15,0.0,1213.408959,100144.6,0.99,76.8,-598435.3,300820.8,0.9948,0.097,551.6,-0.09721,-74.55768,0.0,0,-1.0,-1.0,-1.0,-1.0,-1.0,0.0,0.0,0.0,0.0
1791563657.49,2235678.9,531.8,79.0,6.5,0.0,175.0,0.0,89.95,90.4,0.0,73.15,0.0,1213.408959,100144.6,0.99,76.8,-598435.3,300820.8,0.9948,0.097,551.6,-0.09721,-74.55768,0.0,0,-1.0,-1.0,-1.0,-1.0,-1.0,0.0,0.0,0.0,0.0
1791563657.99,2235678.9,532.3,79.0,6.5,0.0,175.0,0.0,89.95,90.4,0.0,73.15,0.0,1213.408959,100144.6,0.99,76.8,-598435.3,300820.8,0.9948,0.097,551.6,-0.09721,-74.55768,0.0,0,-1.0,-1.0,-1.0,-1.0,-1.0,0.0,0.0,0.0,0.0
1791563658.5,2235678.9,532.8,79.0,6.5,0.0,175.0,0.0,89.95,90.4,0.0,73.15,0.0,1213.408959,100144.6,0.99,76.8,-598435.3,300820.8,0.9948,0.097,551.6,-0.09721,-74.55768,0.0,0,-1.0,-1.0,-1.0,-1.0,-1.0,0.0,0.0,0.0,0.0
1791563659.0,2235679.0,533.3,79.0,6.5,0.0,175.0,0.0,89.95,90.4,0.0,73.15,0.0,1213.408959,100144.6,0.99,76.8,-598435.3,300820.8,0.9948,0.097,551.6,-0.09721,-74.55768,0.0,0,-1.0,-1.0,-1.0,-1.0,-1.0,0.0,0.0,0.0,0.0
1791563659.5,2235679.0,533.8,79.0,6.5,0.0,175.0,0.0,89.95,90.4,0.0,73.15,0.0,1213.408959,100144.6,0.99,76.8,-598435.3,300820.8,0.9948,0.097,551.6,-0.09721,-74.55768,0.0,0,-1.0,-1.0,-1.0,-1.0,-1.0,0.0,0.0,0.0,0.0
1791563660.0,2235679.0,534.3,79.0,6.5,0.0,175.0,0.0,89.96,90.4,0.0,73.15,0.0,1213.408959,100144.6,0.99,76.8,-598435.3,300820.8,0.9948,0.097,551.6,-0.09721,-74.55768,0.0,0,-1.0,-1.0,-1.0,-1.0,-1.0,0.0,0.0,0.0,0.0
1791563660.5,2235679.0,534.8,79.0,6.5,0.0,175.0,0.0,89.96,90.4,0.0,73.15,0.0,1213.408959,100144.6,0.99,76.8,-598435.3,300820.8,0.9948,0.097,551.6,-0.09721,-74.55768,0.0,0,-1.0,-1.0,-1.0,-1.0,-1.0,0.0,0.0,0.0,0.0
1791563661.0,2235679.0,535.3,79.0,6.5,0.0,175.0,0.0,89.96,90.4,0.0,73.15,0.0,1213.408959,100144.6,0.99,76.8,-598435.3,300820.8,0.9948,0.097,551.6,-0.09721,-74.55768,0.0,0,-1.0,-1.0,-1.0,-1.0,-1.0,0.0,0.0,0.0,0.0
1791563661.51,2235679.0,535.9,79.0,6.5,0.0,175.0,0.0,89.96,90.4,0.0,73.15,0.0,1213.408959,100144.6,0.99,76.8,-598435.3,300820.8,0.9948,0.097,551.6,-0.09721,-74.55768,0.0,0,-1.0,-1.0,-1.0,-1.0,-1.0,0.0,0.0,0.0,0.0
1791563662.01,2235679.1,536.4,79.0,6.5,0.0,175.0,0.0,89.97,90.4,0.0,73.15,0.0,1213.408959,100144.6,0.99,76.8,-598435.3,300820.8,0.9948,0.097,551.6,-0.09721,-74.55768,0.0,0,-1.0,-1.0,-1.0,-1.0,-1.0,0.0,0.0,0.0,0.0
1791563662.51,2235679.1,536.9,79.0,6.5,0.0,175.0,0.0,89.97,90.4,0.0,73.15,0.0,1213.408959,100144.6,0.99,76.8,-598435.3,300820.8,0.9948,0.097,551.6,-0.09721,-74.55768,0.0,0,-1.0,-1.0,-1.0,-1.0,-1.0,0.0,0.0,0.0,0.0
1791563663.01,2235679.1,537.4,79.0,6.5,0.0,175.0,0.0,89.97,90.4,0.0,73.15,0.0,1213.408959,100144.6,0.99,76.8,-598435.3,300820.8,0.9948,0.097,551.6,-0.09721,-74.55768,0.0,0,-1.0,-1.0,-1.0,-1.0,-1.0,0.0,0.0,0.0,0.0
1791563663.52,2235679.1,537.9,79.0,6.5,0.0,175.0,0.0,89.97,90.4,0.0,73.15,0.0,1213.408959,100144.6,0.99,76.8,-598435.3,300820.8,0.9948,0.097,551.6,-0.09721,-74.55768,0.0,0,-1.0,-1.0,-1.0,-1.0,-1.0,0.0,0.0,0.0,0.0
1791563664.02,2235679.1,538.4,79.0,6.5,0.0,175.0,0.0,89.97,90.4,0.0,73.15,0.0,1213.408959,100144.6,0.99,76.8,-598435.3,300820.8,0.9948,0.097,551.6,-0.09721,-74.55768,0.0,0,-1.0,-1.0,-1.0,-1.0,-1.0,0.0,0.0,0.0,0.0
1791563664.52,2235679.2,538.9,79.0,6.5,0.0,175.0,0.0,89.96,90.4,0.0,73.15,0.0,1213.408959,100144.6,0.99,76.8,-598435.3,300820.8,0.9948,0.097,551.6,-0.09721,-74.55768,0.0,0,-1.0,-1.0,-1.0,-1.0,-1.0,0.0,0.0,0.0,0.0
1791563665.02,2235679.2,539.4,79.0,6.5,0.0,175.0,0.0,89.96,90.4,0.0,73.15,0.0,1213.408959,100144.6,0.99,76.8,-598435.3,300820.8,0.9948,0.097,551.6,-0.09721,-74.55768,0.0,0,-1.0,-1.0,-1.0,-1.0,-1.0,0.0,0.0,0.0,0.0
1791563665.53,2235679.2,539.9,79.0,6.5,0.0,175.0,0.0,89.96,90.4,0.0,73.15,0.0,1213.408959,100144.6,0.99,76.8,-598435.3,300820.8,0.9948,0.097,551.6,-0.09721,-74.55768,0.0,0,-1.0,-1.0,-1.0,-1.0,-1.0,0.0,0.0,0.0,0.0
1791563666.03,2235679.2,540.4,79.0,6.5,0.0,175.0,0.0,89.96,90.4,0.0,73.15,0.0,1213.408959,100144.6,0.99,76.8,-598435.3,300820.8,0.9948,0.097,551.6,-0.09721,-74.55768,0.0,0,-1.0,-1.0,-1.0,-1.0,-1.0,0.0,0.0,0.0,0.0
1791563666.53,2235679.2,540.9,79.0,6.5,0.0,175.0,0.0,89.95,90.4,0.0,73.15,0.0,1213.408959,100144.6,0.99,76.8,-598435.3,300820.8,0.9948,0.097,551.6,-0.09721,-74.55768,0.0,0,-1.0,-1.0,-1.0,-1.0,-1.0,0.0,0.0,0.0,0.0
1791563667.03,2235679.2,541.4,79.0,6.5,0.0,175.0,0.0,89.95,90.4,0.0,73.15,0.0,1213.408959,100144.6,0.99,76.8,-598435.3,300820.8,0.9948,0.097,551.6,-0.09721,-74.55768,0.0,0,-1.0,-1.0,-1.0,-1.0,-1.0,0.0,0.0,0.0,0.0
1791563667.53,2235679.3,541.9,79.0,6.5,0.0,175.0,0.0,89.97,90.4,0.0,73.15,0.0,1213.408959,100144.6,0.99,76.8,-598435.3,300820.8,0.9948,0.097,551.6,-0.09721,-74.55768,0.0,0,-1.0,-1.0,-1.0,-1.0,-1.0,0.0,0.0,0.0,0.0
1791563668.03,2235679.3,542.4,79.0,6.5,0.0,175.0,0.0,89.97,90.4,0.0,73.15,0.0,1213.408959,100144.6,0.99,76.8,-598435.3,300820.8,0.9948,0.097,551.6,-0.09721,-74.55768,0.0,0,-1.0,-1.0,-1.0,-1.0,-1.0,0.0,0.0,0.0,0.0
1791563668.53,2235679.3,542.9,79.0,6.5,0.0,175.0,0.0,89.97,90.4,0.0,73.14,0.0,1213.408959,100144.6,0.99,76.8,-598435.3,300820.8,0.9948,0.097,551.6,-0.09721,-74.55768,0.0,0,-1.0,-1.0,-1.0,-1.0,-1.0,0.0,0.0,0.0,0.0
1791563669.04,2235679.3,543.4,79.0,6.5,0.0,175.0,0.0,89.97,90.4,0.0,73.14,0.0,1213.408959,100144.6,0.99,76.8,-598435.3,300820.8,0.9948,0.097,551.6,-0.09721,-74.55768,0.0,0,-1.0,-1.0,-1.0,-1.0,-1.0,0.0,0.0,0.0,0.0
1791563669.54,2235679.4,543.9,79.0,6.5,0.0,175.0,0.0,89.97,90.4,0.0,73.14,0.0,1213.408959,100144.6,0.99,76.8,-598435.3,300820.8,0.9948,0.097,551.6,-0.09721,-74.55768,0.0,0,-1.0,-1.0,-1.0,-1.0,-1.0,0.0,0.0,0.0,0.0
1791563670.04,2235679.4,544.4,79.0,6.5,0.0,175.0,0.0,89.97,90.4,0.0,73.14,0.0,1213.408959,100144.6,0.99,76.8,-598435.3,300820.8,0.9948,0.097,551.6,-0.09721,-74.55768,0.0,0,-1.0,-1.0,-1.0,-1.0,-1.0,0.0,0.0,0.0,0.0
1791563670.54,2235679.4,544.9,79.0,6.5,0.0,175.0,0.0,89.96,90.4,0.0,73.14,0.0,1213.408959,100144.6,0.99,76.8,-598435.3,300820.8,0.9948,0.097,551.6,-0.09721,-74.55768,0.0,0,-1.0,-1.0,-1.0,-1.0,-1.0,0.0,0.0,0.0,0.0
1791563671.04,2235679.4,545.4,79.0,6.5,0.0,175.0,0.0,89.96,90.4,0.0,73.14,0.0,1213.408959,100144.6,0.99,76.8,-598435.3,300820.8,0.9948,0.097,551.6,-0.09721,-74.55768,0.0,0,-1.0,-1.0,-1.0,-1.0,-1.0,0.0,0.0,0.0,0.0
1791563671.54,2235679.4,545.9,79.0,6.5,0.0,175.0,0.0,89.96,90.4,0.0,73.14,0.0,1213.408959,100144.6,0.99,76.8,-598435.3,300820.8,0.9948,0.097,551.6,-0.09721,-74.55768,0.0,0,-1.0,-1.0,-1.0,-1.0,-1.0,0.0,0.0,0.0,0.0
1791563672.05,2235679.4,546.4,79.0,6.5,0.0,175.0,0.0,89.96,90.4,0.0,73.14,0.0,1213.408959,100144.6,0.99,76.8,-598435.3,300820.8,0.9948,0.097,551.6,-0.09721,-74.55768,0.0,0,-1.0,-1.0,-1.0,-1.0,-1.0,0.0,0.0,0.0,0.0
1791563672.55,2235679.5,546.9,79.0,6.5,0.0,175.0,0.0,89.96,90.4,0.0,73.14,0.0,1213.408959,100144.6,0.99,76.8,-598435.3,300820.8,0.9948,0.097,551.6,-0.09721,-74.55768,0.0,0,-1.0,-1.0,-1.0,-1.0,-1.0,0.0,0.0,0.0,0.0
1791563673.05,2235679.5,547.4,79.0,6.5,0.0,175.0,0.0,89.96,90.4,0.0,73.14,0.0,1213.408959,100144.6,0.99,76.8,-598435.3,300820.8,0.9948,0.097,551.6,-0.09721,-74.55768,0.0,0,-1.0,-1.0,-1.0,-1.0,-1.0,0.0,0.0,0.0,0.0
1791563673.55,2235679.5,547.9,79.0,6.5,0.0,175.0,0.0,89.96,90.4,0.0,73.14,0.0,1213.408959,100144.6,0.99,76.8,-598435.3,300820.8,0.9948,0.097,551.6,-0.09721,-74.55768,0.0,0,-1.0,-1.0,-1.0,-1.0,-1.0,0.0,0.0,0.0,0.0
1791563674.06,2235679.5,548.4,79.0,6.5,0.0,175.0,0.0,89.96,90.4,0.0,73.14,0.0,1213.408959,100144.6,0.99,76.8,-598435.3,300820.8,0.9948,0.097,551.6,-0.09721,-74.55768,0.0,0,-1.0,-1.0,-1.0,-1.0,-1.0,0.0,0.0,0.0,0.0
1791563674.56,2235679.6,548.9,79.0,6.5,0.0,175.0,0.0,89.96,90.4,0.0,73.14,0.0,1213.408959,100144.6,0.99,76.8,-598435.3,300820.8,0.9948,0.097,551.6,-0.09721,-74.55768,0.0,0,-1.0,-1.0,-1.0,-1.0,-1.0,0.0,0.0,0.0,0.0
1791563675.06,2235679.6,549.4,79.0,6.5,0.0,175.0,0.0,89.96,90.4,0.0,73.14,0.0,1213.408959,100144.6,0.99,76.8,-598435.3,300820.8,0.9948,0.097,551.6,-0.09721,-74.55768,0.0,0,-1.0,-1.0,-1.0,-1.0,-1.0,0.0,0.0,0.0,0.0
1791563675.56,2235679.6,549.9,79.0,6.5,0.0,175.0,0.0,89.96,90.4,0.0,73.14,0.0,1213.408959,100144.6,0.99,76.8,-598435.3,300820.8,0.9948,0.097,551.6,-0.09721,-74.55768,0.0,0,-1.0,-1.0,-1.0,-1.0,-1.0,0.0,0.0,0.0,0.0
1791563676.06,2235679.6,550.4,79.0,6.5,0.0,175.0,0.0,89.96,90.4,0.0,73.14,0.0,1213.408959,100144.6,0.99,76.8,-598435.3,300820.8,0.9948,0.097,551.6,-0.09721,-74.55768,0.0,0,-1.0,-1.0,-1.0,-1.0,-1.0,0.0,0.0,0.0,0.0
1791563676.56,2235679.6,550.9,79.0,6.5,0.0,175.0,0.0,89.95,90.4,0.0,73.14,0.0,1213.408959,100144.6,0.99,76.8,-598435.3,300820.8,0.9948,0.097,551.6,-0.09721,-74.55768,0.0,0,-1.0,-1.0,-1.0,-1.0,-1.0,0.0,0.0,0.0,0.0
1791563677.07,2235679.6,551.4,79.0,6.5,0.0,175.0,0.0,89.95,90.4,0.0,73.14,0.0,1213.408959,100144.6,0.99,76.8,-598435.3,300820.8,0.9948,0.097,551.6,-0.09721,-74.55768,0.0,0,-1.0,-1.0,-1.0,-1.0,-1.0,0.0,0.0,0.0,0.0
1791563677.57,2235679.7,551.9,79.0,6.5,0.0,175.0,0.0,89.95,90.4,0.0,73.14,0.0,1213.408959,100144.6,0.99,76.8,-598435.3,300820.8,0.9948,0.097,551.6,-0.09721,-74.55768,0.0,0,-1.0,-1.0,-1.0,-1.0,-1.0,0.0,0.0,0.0,0.0
1791563678.07,2235679.7,552.4,79.0,6.5,0.0,175.0,0.0,89.95,90.4,0.0,73.14,0.0,1213.408959,100144.6,0.99,76.8,-598435.3,300820.8,0.9948,0.097,551.6,-0.09721,-74.55768,0.0,0,-1.0,-1.0,-1.0,-1.0,-1.0,0.0,0.0,0.0,0.0
1791563678.57,2235679.7,552.9,79.0,6.5,0.0,175.0,0.0,89.96,90.4,0.0,73.14,0.0,1213.408959,100144.6,0.99,76.8,-598435.3,300820.8,0.9948,0.097,551.6,-0.09721,-74.55768,0.0,0,-1.0,-1.0,-1.0,-1.0,-1.0,0.0,0.0,0.0,0.0
1791563679.07,2235679.7,553.4,79.0,6.5,0.0,175.0,0.0,89.96,90.4,0.0,73.14,0.0,1213.408959,100144.6,0.99,76.8,-598435.3,300820.8,0.9948,0.097,551.6,-0.09721,-74.55768,0.0,0,-1.0,-1.0,-1.0,-1.0,-1.0,0.0,0.0,0.0,0.0
1791563679.57,2235679.8,553.9,79.0,6.5,0.0,175.0,0.0,89.96,90.4,0.0,73.14,0.0,1213.408959,100144.6,0.99,76.8,-598435.3,300820.8,0.9948,0.097,551.6,-0.09721,-74.55768,0.0,0,-1.0,-1.0,-1.0,-1.0,-1.0,0.0,0.0,0.0,0.0
1791563680.08,2235679.8,554.4,79.0,6.5,0.0,175.0,0.0,89.96,90.4,0.0,73.14,0.0,1213.408959,100144.6,0.99,76.8,-598435.3,300820.8,0.9948,0.097,551.6,-0.09721,-74.55768,0.0,0,-1.0,-1.0,-1.0,-1.0,-1.0,0.0,0.0,0.0,0.0
1791563680.58,2235679.8,554.9,79.0,6.5,0.0,175.0,0.0,89.97,90.4,0.0,73.14,0.0,1213.408959,100144.6,0.99,76.8,-598435.3,300820.8,0.9948,0.097,551.6,-0.09721,-74.55768,0.0,0,-1.0,-1.0,-1.0,-1.0,-1.0,0.0,0.0,0.0,0.0
1791563681.08,2235679.8,555.4,79.0,6.5,0.0,175.0,0.0,89.97,90.4,0.0,73.14,0.0,1213.408959,100144.6,0.99,76.8,-598435.3,300820.8,0.9948,0.097,551.6,-0.09721,-74.55768,0.0,0,-1.0,-1.0,-1.0,-1.0,-1.0,0.0,0.0,0.0,0.0
1791563681.58,2235679.8,555.9,79.0,6.5,0.0,175.0,0.0,89.96,90.4,0.0,73.14,0.0,1213.408959,100144.6,0.99,76.8,-598435.3,300820.8,0.9948,0.097,551.6,-0.09721,-74.55768,0.0,0,-1.0,-1.0,-1.0,-1.0,-1.0,0.0,0.0,0.0,0.0
1791563682.08,2235679.8,556.4,79.0,6.5,0.0,175.0,0.0,89.96,90.4,0.0,73.14,0.0,1213.408959,100144.6,0.99,76.8,-598435.3,300820.8,0.9948,0.097,551.6,-0.09721,-74.55768,0.0,0,-1.0,-1.0,-1.0,-1.0,-1.0,0.0,0.0,0.0,0.0
1791563682.58,2235679.9,556.9,79.0,6.5,0.0,175.0,0.0,89.96,90.4,0.0,73.14,0.0,1213.408959,100144.6,0.99,76.8,-598435.3,300820.8,0.9948,0.097,551.6,-0.09721,-74.55768,0.0,0,-1.0,-1.0,-1.0,-1.0,-1.0,0.0,0.0,0.0,0.0
1791563683.08,2235679.9,557.4,79.0,6.5,0.0,175.0,0.0,89.96,90.4,0.0,73.14,0.0,1213.408959,100144.6,0.99,76.8,-598435.3,300820.8,0.9948,0.097,551.6,-0.09721,-74.55768,0.0,0,-1.0,-1.0,-1.0,-1.0,-1.0,0.0,0.0,0.0,0.0
1791563683.59,2235679.9,557.9,79.0,6.5,0.0,175.0,0.0,89.95,90.4,0.0,73.13,0.0,1213.408959,100144.6,0.99,76.8,-598435.3,300820.8,0.9948,0.097,551.6,-0.09721,-74.55768,0.0,0,-1.0,-1.0,-1.0,-1.0,-1.0,0.0,0.0,0.0,0.0
1791563684.09,2235679.9,558.4,79.0,6.5,0.0,175.0,0.0,89.95,90.4,0.0,73.13,0.0,1213.408959,100144.6,0.99,76.8,-598435.3,300820.8,0.9948,0.097,551.6,-0.09721,-74.55768,0.0,0,-1.0,-1.0,-1.0,-1.0,-1.0,0.0,0.0,0.0,0.0
1791563684.59,2235680.0,558.9,79.0,6.5,0.0,175.0,0.0,89.97,90.4,0.0,73.13,0.0,1213.408959,100144.6,0.99,76.8,-598435.3,300820.8,0.9948,0.097,551.6,-0.09721,-74.55768,0.0,0,-1.0,-1.0,-1.0,-1.0,-1.0,0.0,0.0,0.0,0.0
1791563685.09,2235680.0,559.4,79.0,6.5,0.0,175.0,0.0,89.97,90.4,0.0,73.13,0.0,1213.408959,100144.6,0.99,76.8,-598435.3,300820.8,0.9948,0.097,551.6,-0.09721,-74.55768,0.0,0,-1.0,-1.0,-1.0,-1.0,-1.0,0.0,0.0,0.0,0.0
1791563685.59,2235680.0,559.9,79.0,6.5,0.0,175.0,0.0,89.97,90.4,0.0,73.13,0.0,1213.408959,100144.6,0.99,76.8,-598435.3,300820.8,0.9948,0.097,551.6,-0.09721,-74.55768,0.0,0,-1.0,-1.0,-1.0,-1.0,-1.0,0.0,0.0,0.0,0.0
1791563686.1,2235680.0,560.4,79.0,6.5,0.0,175.0,0.0,89.97,90.4,0.0,73.13,0.0,1213.408959,100144.6,0.99,76.8,-598435.3,300820.8,0.9948,0.097,551.6,-0.09721,-74.55768,0.0,0,-1.0,-1.0,-1.0,-1.0,-1.0,0.0,0.0,0.0,0.0
1791563686.6,2235680.0,560.9,79.0,6.5,0.0,175.0,0.0,89.95,90.4,0.0,73.13,0.0,1213.408959,100144.6,0.99,76.8,-598435.3,300820.8,0.9948,0.097,551.6,-0.09721,-74.55768,0.0,0,-1.0,-1.0,-1.0,-1.0,-1.0,0.0,0.0,0.0,0.0
1791563687.1,2235680.0,561.4,79.0,6.5,0.0,175.0,0.0,89.95,90.4,0.0,73.13,0.0,1213.408959,100144.6,0.99,76.8,-598435.3,300820.8,0.9948,0.097,551.6,-0.09721,-74.55768,0.0,0,-1.0,-1.0,-1.0,-1.0,-1.0,0.0,0.0,0.0,0.0
1791563687.6,2235680.1,561.9,79.0,6.5,0.0,175.0,0.0,89.95,90.4,0.0,73.13,0.0,1213.408959,100144.6,0.99,76.8,-598435.3,300820.8,0.9948,0.097,551.6,-0.09721,-74.55768,0.0,0,-1.0,-1.0,-1.0,-1.0,-1.0,0.0,0.0,0.0,0.0
1791563688.1,2235680.1,562.4,79.0,6.5,0.0,175.0,0.0,89.95,90.4,0.0,73.13,0.0,1213.408959,100144.6,0.99,76.8,-598435.3,300820.8,0.9948,0.097,551.6,-0.09721,-74.55768,0.0,0,-1.0,-1.0,-1.0,-1.0,-1.0,0.0,0.0,0.0,0.0
1791563688.6,2235680.1,562.9,79.0,6.5,0.0,175.0,0.0,89.95,90.4,0.0,73.13,0.0,1213.408959,100144.6,0.99,76.8,-598435.3,300820.8,0.9948,0.097,551.6,-0.09721,-74.55768,0.0,0,-1.0,-1.0,-1.0,-1.0,-1.0,0.0,0.0,0.0,0.0
1791563689.11,2235680.1,563.4,79.0,6.5,0.0,175.0,0.0,89.95,90.4,0.0,73.13,0.0,1213.408959,100144.6,0.99,76.8,-598435.3,300820.8,0.9948,0.097,551.6,-0.09721,-74.55768,0.0,0,-1.0,-1.0,-1.0,-1.0,-1.0,0.0,0.0,0.0,0.0
1791563689.61,2235680.2,564.0,79.0,6.5,0.0,175.0,0.0,89.97,90.4,0.0,73.13,0.0,1213.408959,100144.6,0.99,76.8,-598435.3,300820.8,0.9948,0.097,551.6,-0.09721,-74.55768,0.0,0,-1.0,-1.0,-1.0,-1.0,-1.0,0.0,0.0,0.0,0.0
1791563690.11,2235680.2,564.5,79.0,6.5,0.0,175.0,0.0,89.97,90.4,0.0,73.13,0.0,1213.408959,100144.6,0.99,76.8,-598435.3,300820.8,0.9948,0.097,551.6,-0.09721,-74.55768,0.0,0,-1.0,-1.0,-1.0,-1.0,-1.0,0.0,0.0,0.0,0.0
1791563690.61,2235680.2,565.0,79.0,6.5,0.0,175.0,0.0,89.96,90.4,0.0,73.13,0.0,1213.408959,100144.6,0.99,76.8,-598435.3,300820.8,0.9948,0.097,551.6,-0.09721,-74.55768,0.0,0,-1.0,-1.0,-1.0,-1.0,-1.0,0.0,0.0,0.0,0.0
1791563691.11,2235680.2,565.5,79.0,6.5,0.0,175.0,0.0,89.96,90.4,0.0,73.13,0.0,1213.408959,100144.6,0.99,76.8,-598435.3,300820.8,0.9948,0.097,551.6,-0.09721,-74.55768,0.0,0,-1.0,-1.0,-1.0,-1.0,-1.0,0.0,0.0,0.0,0.0
1791563691.61,2235680.2,566.0,79.0,6.5,0.0,175.0,0.0,89.95,90.4,0.0,73.13,0.0,1213.408959,100144.6,0.99,76.8,-598435.3,300820.8,0.9948,0.097,551.6,-0.09721,-74.55768,0.0,0,-1.0,-1.0,-1.0,-1.0,-1.0,0.0,0.0,0.0,0.0
1791563692.11,2235680.2,566.5,79.0,6.5,0.0,175.0,0.0,89.95,90.4,0.0,73.13,0.0,1213.408959,100144.6,0.99,76.8,-598435.3,300820.8,0.9948,0.097,551.6,-0.09721,-74.55768,0.0,0,-1.0,-1.0,-1.0,-1.0,-1.0,0.0,0.0,0.0,0.0
1791563692.62,2235680.3,567.0,79.0,6.5,0.0,175.0,0.0,89.97,90.4,0.0,73.13,0.0,1213.408959,100144.6,0.99,76.8,-598435.3,300820.8,0.9948,0.097,551.6,-0.09721,-74.55768,0.0,0,-1.0,-1.0,-1.0,-1.0,-1.0,0.0,0.0,0.0,0.0
1791563693.12,2235680.3,567.5,79.0,6.5,0.0,175.0,0.0,89.97,90.4,0.0,73.13,0.0,1213.408959,100144.6,0.99,76.8,-598435.3,300820.8,0.9948,0.097,551.6,-0.09721,-74.55768,0.0,0,-1.0,-1.0,-1.0,-1.0,-1.0,0.0,0.0,0.0,0.0
1791563693.62,2235680.3,568.0,79.0,6.5,0.0,175.0,0.0,89.95,90.4,0.0,73.13,0.0,1213.408959,100144.6,0.99,76.8,-598435.3,300820.8,0.9948,0.097,551.6,-0.09721,-74.55768,0.0,0,-1.0,-1.0,-1.0,-1.0,-1.0,0.0,0.0,0.0,0.0
1791563694.12,2235680.3,568.5,79.0,6.5,0.0,175.0,0.0,89.95,90.4,0.0,73.13,0.0,1213.408959,100144.6,0.99,76.8,-598435.3,300820.8,0.9948,0.097,551.6,-0.09721,-74.55768,0.0,0,-1.0,-1.0,-1.0,-1.0,-1.0,0.0,0.0,0.0,0.0
1791563694.62,2235680.4,569.0,79.0,6.5,0.0,175.0,0.0,89.95,90.4,0.0,73.13,0.0,1213.408959,100144.6,0.99,76.8,-598435.3,300820.8,0.9948,0.097,551.6,-0.09721,-74.55768,0.0,0,-1.0,-1.0,-1.0,-1.0,-1.0,0.0,0.0,0.0,0.0
1791563695.12,2235680.4,569.5,79.0,6.5,0.0,175.0,0.0,89.95,90.4,0.0,73.13,0.0,1213.408959,100144.6,0.99,76.8,-598435.3,300820.8,0.9948,0.097,551.6,-0.09721,-74.55768,0.0,0,-1.0,-1.0,-1.0,-1.0,-1.0,0.0,0.0,0.0,0.0
1791563695.63,2235680.4,570.0,79.0,6.5,0.0,175.0,0.0,89.95,90.4,0.0,73.13,0.0,1213.408959,100144.6,0.99,76.8,-598435.3,300820.8,0.9948,0.097,551.6,-0.09721,-74.55768,0.0,0,-1.0,-1.0,-1.0,-1.0,-1.0,0.0,0.0,0.0,0.0
1791563696.13,2235680.4,570.5,79.0,6.5,0.0,175.0,0.0,89.95,90.4,0.0,73.13,0.0,1213.408959,100144.6,0.99,76.8,-598435.3,300820.8,0.9948,0.097,551.6,-0.09721,-74.55768,0.0,0,-1.0,-1.0,-1.0,-1.0,-1.0,0.0,0.0,0.0,0.0
1791563696.63,2235680.4,571.0,79.0,6.5,0.0,175.0,0.0,89.96,90.4,0.0,73.13,0.0,1213.408959,100144.6,0.99,76.8,-598435.3,300820.8,0.9948,0.097,551.6,-0.09721,-74.55768,0.0,0,-1.0,-1.0,-1.0,-1.0,-1.0,0.0,0.0,0.0,0.0
1791563697.13,2235680.4,571.5,79.0,6.5,0.0,175.0,0.0,89.96,90.4,0.0,73.13,0.0,1213.408959,100144.6,0.99,76.8,-598435.3,300820.8,0.9948,0.097,551.6,-0.09721,-74.55768,0.0,0,-1.0,-1.0,-1.0,-1.0,-1.0,0.0,0.0,0.0,0.0
1791563697.63,2235680.5,572.0,79.0,6.5,0.0,175.0,0.0,89.96,90.4,0.0,73.13,0.0,1213.408959,100144.6,0.99,76.8,-598435.3,300820.8,0.9948,0.097,551.6,-0.09721,-74.55768,0.0,0,-1.0,-1.0,-1.0,-1.0,-1.0,0.0,0.0,0.0,0.0
1791563698.13,2235680.5,572.5,79.0,6.5,0.0,175.0,0.0,89.96,90.4,0.0,73.13,0.0,1213.408959,100144.6,0.99,76.8,-598435.3,300820.8,0.9948,0.097,551.6,-0.09721,-74.55768,0.0,0,-1.0,-1.0,-1.0,-1.0,-1.0,0.0,0.0,0.0,0.0
1791563698.63,2235680.5,573.0,79.0,6.5,0.0,175.0,0.0,89.97,90.4,0.0,73.12,0.0,1213.408959,100144.6,0.99,76.8,-598435.3,300820.8,0.9948,0.097,551.6,-0.09721,-74.55768,0.0,0,-1.0,-1.0,-1.0,-1.0,-1.0,0.0,0.0,0.0,0.0
1791563699.14,2235680.5,573.5,79.0,6.5,0.0,175.0,0.0,89.97,90.4,0.0,73.12,0.0,1213.408959,100144.6,0.99,76.8,-598435.3,300820.8,0.9948,0.097,551.6,-0.09721,-74.55768,0.0,0,-1.0,-1.0,-1.0,-1.0,-1.0,0.0,0.0,0.0,0.0
1791563699.64,2235680.6,574.0,79.0,6.5,0.0,175.0,0.0,89.96,90.4,0.0,73.12,0.0,1213.408959,100144.6,0.99,76.8,-598435.3,300820.8,0.9948,0.097,551.6,-0.09721,-74.55768,0.0,0,-1.0,-1.0,-1.0,-1.0,-1.0,0.0,0.0,0.0,0.0
1791563700.14,2235680.6,574.5,79.0,6.5,0.0,175.0,0.0,89.96,90.4,0.0,73.12,0.0,1213.408959,100144.6,0.99,76.8,-598435.3,300820.8,0.9948,0.097,551.6,-0.09721,-74.55768,0.0,0,-1.0,-1.0,-1.0,-1.0,-1.0,0.0,0.0,0.0,0.0
1791563700.64,2235680.6,575.0,79.0,6.5,0.0,175.0,0.0,89.96,90.4,0.0,73.12,0.0,1213.408959,100144.6,0.99,76.8,-598435.3,300820.8,0.9948,0.097,551.6,-0.09721,-74.55768,0.0,0,-1.0,-1.0,-1.0,-1.0,-1.0,0.0,0.0,0.0,0.0
1791563701.14,2235680.6,575.5,79.0,6.5,0.0,175.0,0.0,89.96,90.4,0.0,73.12,0.0,1213.408959,100144.6,0.99,76.8,-598435.3,300820.8,0.9948,0.097,551.6,-0.09721,-74.55768,0.0,0,-1.0,-1.0,-1.0,-1.0,-1.0,0.0,0.0,0.0,0.0
1791563701.64,2235680.6,576.0,79.0,6.5,0.0,175.0,0.0,89.95,90.4,0.0,73.12,0.0,1213.408959,100144.6,0.99,76.8,-598435.3,300820.8,0.9948,0.097,551.6,-0.09721,-74.55768,0.0,0,-1.0,-1.0,-1.0,-1.0,-1.0,0.0,0.0,0.0,0.0
1791563702.15,2235680.6,576.5,79.0,6.5,0.0,175.0,0.0,89.95,90.4,0.0,73.12,0.0,1213.408959,100144.6,0.99,76.8,-598435.3,300820.8,0.9948,0.097,551.6,-0.09721,-74.55768,0.0,0,-1.0,-1.0,-1.0,-1.0,-1.0,0.0,0.0,0.0,0.0
1791563702.65,2235680.7,577.0,79.0,6.5,0.0,175.0,0.0,89.96,90.4,0.0,73.12,0.0,1213.408959,100144.6,0.99,76.8,-598435.3,300820.8,0.9948,0.097,551.6,-0.09721,-74.55768,0.0,0,-1.0,-1.0,-1.0,-1.0,-1.0,0.0,0.0,0.0,0.0
1791563703.15,2235680.7,577.5,79.0,6.5,0.0,175.0,0.0,89.96,90.4,0.0,73.12,0.0,1213.408959,100144.6,0.99,76.8,-598435.3,300820.8,0.9948,0.097,551.6,-0.09721,-74.55768,0.0,0,-1.0,-1.0,-1.0,-1.0,-1.0,0.0,0.0,0.0,0.0
1791563703.65,2235680.7,578.0,79.0,6.5,0.0,175.0,0.0,89.96,90.4,0.0,73.12,0.0,1213.408959,100144.6,0.99,76.8,-598435.3,300820.8,0.9948,0.097,551.6,-0.09721,-74.55768,0.0,0,-1.0,-1.0,-1.0,-1.0,-1.0,0.0,0.0,0.0,0.0
1791563704.15,2235680.7,578.5,79.0,6.5,0.0,175.0,0.0,89.96,90.4,0.0,73.12,0.0,1213.408959,100144.6,0.99,76.8,-598435.3,300820.8,0.9948,0.097,551.6,-0.09721,-74.55768,0.0,0,-1.0,-1.0,-1.0,-1.0,-1.0,0.0,0.0,0.0,0.0
1791563704.65,2235680.8,579.0,79.0,6.5,0.0,175.0,0.0,89.96,90.4,0.0,73.12,0.0,1213.408959,100144.6,0.99,76.8,-598435.3,300820.8,0.9948,0.097,551.6,-0.09721,-74.55768,0.0,0,-1.0,-1.0,-1.0,-1.0,-1.0,0.0,0.0,0.0,0.0
1791563705.15,2235680.8,579.5,79.0,6.5,0.0,175.0,0.0,89.96,90.4,0.0,73.12,0.0,1213.408959,100144.6,0.99,76.8,-598435.3,300820.8,0.9948,0.097,551.6,-0.09721,-74.55768,0.0,0,-1.0,-1.0,-1.0,-1.0,-1.0,0.0,0.0,0.0,0.0
1791563705.66,2235680.8,580.0,79.0,6.5,0.0,175.0,0.0,89.95,90.4,0.0,73.12,0.0,1213.408959,100144.6,0.99,76.8,-598435.3,300820.8,0.9948,0.097,551.6,-0.09721,-74.55768,0.0,0,-1.0,-1.0,-1.0,-1.0,-1.0,0.0,0.0,0.0,0.0
1791563706.16,2235680.8,580.5,79.0,6.5,0.0,175.0,0.0,89.95,90.4,0.0,73.12,0.0,1213.408959,100144.6,0.99,76.8,-598435.3,300820.8,0.9948,0.097,551.6,-0.09721,-74.55768,0.0,0,-1.0,-1.0,-1.0,-1.0,-1.0,0.0,0.0,0.0,0.0
1791563706.66,2235680.8,581.0,79.0,6.5,0.0,175.0,0.0,89.96,90.4,0.0,73.12,0.0,1213.408959,100144.6,0.99,76.8,-598435.3,300820.8,0.9948,0.097,551.6,-0.09721,-74.55768,0.0,0,-1.0,-1.0,-1.0,-1.0,-1.0,0.0,0.0,0.0,0.0
1791563707.16,2235680.8,581.5,79.0,6.5,0.0,175.0,0.0,89.96,90.4,0.0,73.12,0.0,1213.408959,100144.6,0.99,76.8,-598435.3,300820.8,0.9948,0.097,551.6,-0.09721,-74.55768,0.0,0,-1.0,-1.0,-1.0,-1.0,-1.0,0.0,0.0,0.0,0.0
1791563707.66,2235680.9,582.0,79.0,6.5,0.0,175.0,0.0,89.97,90.4,0.0,73.12,0.0,1213.408959,100144.6,0.99,76.8,-598435.3,300820.8,0.9948,0.097,551.6,-0.09721,-74.55768,0.0,0,-1.0,-1.0,-1.0,-1.0,-1.0,0.0,0.0,0.0,0.0
1791563708.16,2235680.9,582.5,79.0,6.5,0.0,175.0,0.0,89.97,90.4,0.0,73.12,0.0,1213.408959,100144.6,0.99,76.8,-598435.3,300820.8,0.9948,0.097,551.6,-0.09721,-74.55768,0.0,0,-1.0,-1.0,-1.0,-1.0,-1.0,0.0,0.0,0.0,0.0
1791563708.67,2235680.9,583.0,79.0,6.5,0.0,175.0,0.0,89.97,90.4,0.0,73.12,0.0,1213.408959,100144.6,0.99,76.8,-598435.3,300820.8,0.9948,0.097,551.6,-0.09721,-74.55768,0.0,0,-1.0,-1.0,-1.0,-1.0,-1.0,0.0,0.0,0.0,0.0
1791563709.17,2235680.9,583.5,79.0,6.5,0.0,175.0,0.0,89.97,90.4,0.0,73.12,0.0,1213.408959,100144.6,0.99,76.8,-598435.3,300820.8,0.9948,0.097,551.6,-0.09721,-74.55768,0.0,0,-1.0,-1.0,-1.0,-1.0,-1.0,0.0,0.0,0.0,0.0
1791563709.67,2235681.0,584.0,79.0,6.5,0.0,175.0,0.0,89.96,90.4,0.0,73.12,0.0,1213.408959,100144.6,0.99,76.8,-598435.3,300820.8,0.9948,0.097,551.6,-0.09721,-74.55768,0.0,0,-1.0,-1.0,-1.0,-1.0,-1.0,0.0,0.0,0.0,0.0
1791563710.17,2235681.0,584.5,79.0,6.5,0.0,175.0,0.0,89.96,90.4,0.0,73.12,0.0,1213.408959,100144.6,0.99,76.8,-598435.3,300820.8,0.9948,0.097,551.6,-0.09721,-74.55768,0.0,0,-1.0,-1.0,-1.0,-1.0,-1.0,0.0,0.0,0.0,0.0
1791563710.67,2235681.0,585.0,79.0,6.5,0.0,175.0,0.0,89.97,90.4,0.0,73.12,0.0,1213.408959,100144.6,0.99,76.8,-598435.3,300820.8,0.9948,0.097,551.6,-0.09721,-74.55768,0.0,0,-1.0,-1.0,-1.0,-1.0,-1.0,0.0,0.0,0.0,0.0
1791563711.17,2235681.0,585.5,79.0,6.5,0.0,175.0,0.0,89.97,90.4,0.0,73.12,0.0,1213.408959,100144.6,0.99,76.8,-598435.3,300820.8,0.9948,0.097,551.6,-0.09721,-74.55768,0.0,0,-1.0,-1.0,-1.0,-1.0,-1.0,0.0,0.0,0.0,0.0
1791563711.67,2235681.0,586.0,79.0,6.5,0.0,175.0,0.0,89.96,90.4,0.0,73.12,0.0,1213.408959,100144.6,0.99,76.8,-598435.3,300820.8,0.9948,0.097,551.6,-0.09721,-74.55768,0.0,0,-1.0,-1.0,-1.0,-1.0,-1.0,0.0,0.0,0.0,0.0
1791563712.18,2235681.0,586.5,79.0,6.5,0.0,175.0,0.0,89.96,90.4,0.0,73.12,0.0,1213.408959,100144.6,0.99,76.8,-598435.3,300820.8,0.9948,0.097,551.6,-0.09721,-74.55768,0.0,0,-1.0,-1.0,-1.0,-1.0,-1.0,0.0,0.0,0.0,0.0
1791563712.68,2235681.2,587.0,79.0,6.5,0.0,175.0,0.0,89.96,90.4,0.0,73.11,0.0,1213.408959,100144.6,0.99,76.8,-598435.3,300820.8,0.9948,0.097,551.6,-0.09721,-74.55768,0.0,0,-1.0,-1.0,-1.0,-1.0,-1.0,0.0,0.0,0.0,0.0
1791563713.18,2235681.7,587.5,79.0,6.5,0.0,175.0,0.0,89.97,90.4,0.0,73.1,0.0,1213.408959,100144.6,0.99,76.8,-598435.3,300820.8,0.9948,0.097,551.6,-0.09721,-74.55768,0.0,0,-1.0,-1.0,-1.0,-1.0,-1.0,0.0,0.0,0.0,0.0
1791563713.69,2235682.2,588.0,79.0,6.5,0.0,175.0,0.0,89.95,90.4,0.0,73.1,0.0,1213.408959,100144.6,0.99,76.8,-598435.3,300820.8,0.9948,0.097,551.6,-0.09721,-74.55768,0.0,0,-1.0,-1.0,-1.0,-1.0,-1.0,0.0,0.0,0.0,0.0
1791563714.19,2235682.5,588.5,79.0,6.5,0.0,175.0,0.0,89.96,90.4,0.0,73.09,0.0,1213.408959,100144.6,0.99,76.8,-598435.3,300820.8,0.9948,0.097,551.6,-0.09721,-74.55768,0.0,0,-1.0,-1.0,-1.0,-1.0,-1.0,0.0,0.0,0.0,0.0
1791563714.69,2235683.1,589.0,79.0,6.5,0.0,175.0,0.0,89.95,90.4,0.0,73.08,0.0,1213.408959,100144.6,0.99,76.8,-598435.3,300820.8,0.9948,0.097,551.6,-0.09721,-74.55768,0.0,0,-1.0,-1.0,-1.0,-1.0,-1.0,0.0,0.0,0.0,0.0
1791563715.19,2235683.6,589.5,79.0,6.5,0.0,175.0,0.0,89.96,90.4,0.0,73.07,0.0,1213.408959,100144.6,0.99,76.8,-598435.3,300820.8,0.9948,0.097,551.6,-0.09721,-74.55768,0.0,0,-1.0,-1.0,-1.0,-1.0,-1.0,0.0,0.0,0.0,0.0
1791563715.69,2235684.1,590.0,79.0,6.5,0.0,175.0,0.0,89.97,90.4,0.0,73.07,0.0,1213.408959,100144.6,0.99,76.8,-598435.3,300820.8,0.9948,0.097,551.6,-0.09721,-74.55768,0.0,0,-1.0,-1.0,-1.0,-1.0,-1.0,0.0,0.0,0.0,0.0
1791563716.2,2235684.6,590.5,79.0,6.5,0.0,175.0,0.0,89.97,90.4,0.0,73.06,0.0,1213.408959,100144.6,0.99,76.8,-598435.3,300820.8,0.9948,0.097,551.6,-0.09721,-74.55768,0.0,0,-1.0,-1.0,-1.0,-1.0,-1.0,0.0,0.0,0.0,0.0
1791563716.7,2235685.1,591.0,79.0,6.5,0.0,175.0,0.0,89.95,90.4,0.0,73.05,0.0,1213.408959,100144.6,0.99,76.8,-598435.3,300820.8,0.9948,0.097,551.6,-0.09721,-74.55768,0.0,0,-1.0,-1.0,-1.0,-1.0,-1.0,0.0,0.0,0.0,0.0
1791563717.2,2235685.6,591.5,79.0,6.5,0.0,175.0,0.0,89.95,90.4,0.0,73.04,0.0,1213.408959,100144.6,0.99,76.8,-598435.3,300820.8,0.9948,0.097,551.6,-0.09721,-74.55768,0.0,0,-1.0,-1.0,-1.0,-1.0,-1.0,0.0,0.0,0.0,0.0
1791563717.7,2235685.6,592.0,79.0,6.5,0.0,175.0,0.0,89.95,90.4,0.0,73.04,0.0,1213.408959,100144.6,1.0,76.8,-598435.3,300820.8,0.9948,0.097,551.6,-0.09721,-74.55768,0.0,0,-1.0,-1.0,-1.0,-1.0,-1.0,0.0,0.0,0.0,0.0
1791563718.21,2235686.1,592.5,79.3,6.8,2.2,175.0,2.2,89.97,90.4,0.0,73.03,2.81,1213.359077,100139.5,1.61,77.4,-598435.3,300821.1,0.9948,0.097,551.6,-0.09721,-74.55768,0.0,0,-1.0,-1.0,-1.0,-1.0,-1.0,0.0,0.0,0.0,0.0
1791563718.71,2235686.4,593.1,80.5,8.0,4.8,175.0,4.8,89.97,90.4,0.0,73.03,13.04,1213.184245,100121.7,1.76,79.6,-598435.4,300822.1,0.9948,0.097,551.6,-0.09721,-74.55768,0.0,0,-1.0,-1.0,-1.0,-1.0,-1.0,0.0,0.0,0.0,0.0
1791563719.21,2235686.9,593.6,83.9,11.4,8.6,175.2,8.6,89.97,90.42,0.0,73.02,42.09,1212.691732,100071.5,1.77,85.6,-598435.5,300825.0,0.9948,0.097,551.7,-0.09721,-74.55768,0.0,0,-1.0,-1.0,-1.0,-1.0,-1.0,0.0,0.0,0.0,0.0
1791563719.71,2235687.4,594.1,89.2,16.7,12.4,175.4,12.4,89.96,90.44,0.0,73.01,88.27,1211.920411,99992.9,1.78,95.0,-598435.6,300829.7,0.9948,0.097,551.7,-0.09721,-74.55768,0.0,0,-1.0,-1.0,-1.0,-1.0,-1.0,0.0,0.0,0.0,0.0
1791563720.22,2235687.9,594.6,96.7,24.2,16.5,175.7,16.5,89.94,90.47,0.0,73.0,155.0,1210.819505,99880.7,1.79,108.6,-598435.6,300836.5,0.9948,0.097,551.7,-0.09721,-74.55768,0.0,0,-1.0,-1.0,-1.0,-1.0,-1.0,0.0,0.0,0.0,0.0
1791563720.72,2235688.4,595.1,106.0,33.5,20.4,176.1,20.4,89.9,90.5,0.0,72.99,237.65,1209.470771,99743.4,1.8,125.3,-598435.5,300844.9,0.9948,0.098,551.7,-0.09721,-74.55768,0.0,0,-1.0,-1.0,-1.0,-1.0,-1.0,0.0,0.0,0.0,0.0
1791563721.22,2235688.9,595.6,115.3,42.8,23.8,176.6,23.8,89.85,162.6,-72.19,72.99,321.39,1208.116429,99605.5,1.81,142.1,-598435.4,300853.4,0.9948,0.098,551.7,-0.09721,-74.55768,0.0,0,-1.0,-1.0,-1.0,-1.0,-1.0,0.0,0.0,0.0,0.0
1791563721.72,2235689.4,596.1,128.2,55.7,27.8,177.1,27.8,89.81,160.09,-69.68,72.98,438.51,1206.238625,99414.3,1.81,165.7,-598435.2,300865.2,0.9948,0.1,551.8,-0.09721,-74.55768,0.0,0,-1.0,-1.0,-1.0,-1.0,-1.0,0.0,0.0,0.0,0.0
1791563722.22,2235689.9,596.6,143.2,70.7,31.8,177.8,31.8,89.78,159.55,-68.24,72.97,574.82,1204.070154,99193.6,1.82,193.0,-598434.9,300879.1,0.9948,0.103,551.8,-0.09722,-74.55769,0.0,0,-1.0,-1.0,-1.0,-1.0,-1.0,0.0,0.0,0.0,0.0
1791563722.72,2235690.4,597.1,160.1,87.6,35.9,178.6,35.9,89.88,106.53,0.0,72.96,730.45,1201.609932,98943.4,1.83,224.2,-598434.6,300894.8,0.9948,0.106,551.8,-0.09722,-74.55769,0.0,0,-1.0,-1.0,-1.0,-1.0,-1.0,0.0,0.0,0.0,0.0
1791563723.23,2235690.9,597.6,179.2,106.7,40.0,179.5,40.0,89.96,138.78,0.0,72.95,905.86,1198.856638,98663.5,1.84,259.3,-598434.5,300912.4,0.9948,0.107,551.9,-0.09723,-74.55769,0.0,0,-1.0,-1.0,-1.0,-1.0,-1.0,0.0,0.0,0.0,0.0
1791563723.73,2235691.4,598.1,200.3,127.8,44.2,180.5,44.2,89.98,185.01,0.0,72.94,1101.52,1195.808933,98353.8,1.85,298.4,-598434.4,300932.0,0.9948,0.106,551.9,-0.09724,-74.55769,0.0,0,-1.0,-1.0,-1.0,-1.0,-1.0,0.0,0.0,0.0,0.0
1791563724.23,2235691.9,598.6,224.4,151.9,48.6,181.6,48.6,89.98,227.79,0.0,72.94,1326.96,1192.325293,98000.1,1.86,343.4,-598434.2,300954.6,0.9948,0.104,552.0,-0.09724,-74.55769,0.0,0,-1.0,-1.0,-1.0,-1.0,-1.0,0.0,0.0,0.0,0.0
1791563724.73,2235692.4,599.1,249.8,177.3,52.8,182.8,52.8,89.97,252.78,0.0,72.93,1564.67,1188.67271,97629.5,1.86,391.0,-598434.1,300978.4,0.9948,0.104,552.1,-0.09725,-74.55769,0.0,0,-1.0,-1.0,-1.0,-1.0,-1.0,0.0,0.0,0.0,0.0
1791563725.24,2235692.9,599.6,277.4,204.9,57.1,184.1,57.1,90.0,266.48,0.0,72.92,1823.18,1184.722379,97228.9,1.87,442.8,-598434.0,301004.4,0.9948,0.103,552.1,-0.09725,-74.55769,0.0,0,-1.0,-1.0,-1.0,-1.0,-1.0,0.0,0.0,0.0,0.0
1791563725.74,2235693.4,600.1,307.1,234.6,61.5,185.5,61.5,90.0,273.98,0.0,72.91,2102.5,1180.474045,96798.5,1.88,498.9,-598433.8,301032.5,0.9948,0.102,552.2,-0.09726,-74.55769,0.0,0,-1.0,-1.0,-1.0,-1.0,-1.0,0.0,0.0,0.0,0.0
1791563726.24,2235693.9,600.6,338.9,266.4,65.8,187.0,65.8,90.0,278.29,0.0,72.9,2402.64,1175.927288,96338.3,1.89,559.3,-598433.7,301062.8,0.9948,0.102,552.3,-0.09726,-74.5577,0.0,0,-1.0,-1.0,-1.0,-1.0,-1.0,0.0,0.0,0.0,0.0
1791563726.74,2235694.4,601.1,373.0,300.5,70.2,188.5,70.2,89.97,280.8,0.0,72.89,2723.54,1171.082637,95848.4,1.89,624.2,-598433.5,301095.3,0.9948,0.101,552.4,-0.09727,-74.5577,0.0,0,-1.0,-1.0,-1.0,-1.0,-1.0,0.0,0.0,0.0,0.0
1791563727.24,2235694.9,601.6,409.3,336.8,74.7,190.2,74.7,90.0,282.13,0.0,72.89,3065.11,1165.940146,95328.9,1.9,693.5,-598433.3,301130.1,0.9948,0.101,552.5,-0.09727,-74.5577,0.0,0,-1.0,-1.0,-1.0,-1.0,-1.0,0.0,0.0,0.0,0.0
1791563727.74,2235695.4,602.1,447.8,375.3,79.2,192.0,79.2,90.0,282.59,0.0,72.88,3427.22,1160.500753,94779.9,1.91,767.4,-598433.1,301167.2,0.9948,0.1,552.6,-0.09727,-74.55771,0.0,0,-1.0,-1.0,-1.0,-1.0,-1.0,0.0,0.0,0.0,0.0
1791563728.25,2235695.9,602.6,488.5,416.0,83.7,194.0,83.7,90.0,282.44,0.0,72.87,3809.68,1154.765551,94201.8,1.91,845.9,-598432.8,301206.5,0.9948,0.099,552.7,-0.09728,-74.55771,0.0,0,-1.0,-1.0,-1.0,-1.0,-1.0,0.0,0.0,0.0,0.0
1791563728.75,2235696.4,603.1,531.5,459.0,88.2,196.0,88.2,90.0,281.89,0.0,72.86,4212.26,1148.735514,93594.7,1.92,929.1,-598432.6,301248.3,0.9948,0.099,552.8,-0.09728,-74.55772,0.0,0,-1.0,-1.0,-1.0,-1.0,-1.0,0.0,0.0,0.0,0.0
1791563729.25,2235696.9,603.6,576.8,504.3,92.8,198.1,92.8,90.0,281.1,0.0,72.85,4634.66,1142.412155,92958.8,1.93,1017.0,-598432.3,301292.3,0.9948,0.099,552.9,-0.09728,-74.55772,0.0,0,-1.0,-1.0,-1.0,-1.0,-1.0,0.0,0.0,0.0,0.0
1791563729.76,2235697.4,604.1,626.3,553.8,97.6,200.3,97.6,90.0,280.14,0.0,72.84,5094.62,1135.526558,92267.4,1.93,1113.5,-598432.1,301340.7,0.9948,0.099,553.1,-0.09728,-74.55773,0.0,0,-1.0,-1.0,-1.0,-1.0,-1.0,0.0,0.0,0.0,0.0
1791563730.27,2235697.9,604.6,678.4,605.9,102.4,202.7,102.4,89.98,279.13,0.0,72.83,5575.25,1128.328044,91545.6,1.94,1215.2,-598431.8,301391.7,0.9948,0.098,553.2,-0.09729,-74.55774,0.0,0,-1.0,-1.0,-1.0,-1.0,-1.0,0.0,0.0,0.0,0.0
1791563730.77,2235698.3,605.1,722.2,649.7,106.3,204.7,106.3,90.0,278.31,0.0,72.83,5978.28,1122.286875,90940.7,1.94,1301.3,-598431.6,301434.8,0.9948,0.098,553.3,-0.09729,-74.55775,0.0,0,-1.0,-1.0,-1.0,-1.0,-1.0,0.0,0.0,0.0,0.0
1791563731.27,2235698.8,605.6,776.6,704.1,111.0,207.2,111.0,89.97,277.38,0.0,72.82,6475.03,1114.832887,90195.3,1.95,1408.3,-598431.3,301488.5,0.9948,0.098,553.5,-0.09729,-74.55775,0.0,0,-1.0,-1.0,-1.0,-1.0,-1.0,0.0,0.0,0.0,0.0
1791563731.77,2235699.2,606.1,810.4,737.9,113.8,208.8,113.8,90.0,276.85,0.0,72.81,6779.88,1110.224757,89735.1,1.96,1474.9,-598431.1,301521.9,0.9948,0.098,553.6,-0.09729,-74.55776,0.0,0,-1.0,-1.0,-1.0,-1.0,-1.0,0.0,0.0,0.0,0.0
1791563732.28,2235699.6,606.6,868.5,796.0,118.6,211.4,118.6,90.0,276.02,0.0,72.81,7307.2,1102.320198,88946.7,1.96,1590.1,-598430.7,301579.7,0.9948,0.098,553.7,-0.09729,-74.55777,0.0,0,-1.0,-1.0,-1.0,-1.0,-1.0,0.0,0.0,0.0,0.0
1791563732.78,2235700.2,607.1,929.1,856.6,123.4,214.1,123.4,90.0,275.27,0.0,72.8,7850.01,1094.137501,88132.1,1.97,1710.4,-598430.3,301640.0,0.9948,0.098,553.9,-0.09729,-74.55778,0.0,0,-1.0,-1.0,-1.0,-1.0,-1.0,0.0,0.0,0.0,0.0
1791563733.28,2235700.7,607.6,992.0,919.5,128.2,216.9,128.2,89.98,274.62,0.0,72.79,8407.1,1085.680102,87291.5,1.97,1836.0,-598429.9,301703.0,0.9948,0.098,554.1,-0.0973,-74.55779,0.0,0,-1.0,-1.0,-1.0,-1.0,-1.0,0.0,0.0,0.0,0.0
1791563733.78,2235701.2,608.1,1057.3,984.9,133.0,219.8,133.0,90.0,274.08,0.0,72.78,8982.97,1076.951088,86425.6,1.98,1966.8,-598429.4,301768.7,0.9948,0.098,554.2,-0.0973,-74.5578,0.0,0,-1.0,-1.0,-1.0,-1.0,-1.0,0.0,0.0,0.0,0.0
1791563734.28,2235701.7,608.6,1127.9,1055.4,138.1,223.0,138.1,89.98,273.64,0.0,72.77,9602.0,1067.588414,85498.6,1.99,2108.7,-598428.9,301839.9,0.9948,0.097,554.4,-0.0973,-74.55781,0.0,0,-1.0,-1.0,-1.0,-1.0,-1.0,0.0,0.0,0.0,0.0
1791563734.78,2235702.2,609.1,1198.2,1125.7,143.0,226.0,143.0,90.0,273.21,0.0,72.76,10210.1,1058.316262,84582.5,2.0,2250.8,-598428.3,301911.2,0.9948,0.097,554.6,-0.0973,-74.55783,0.0,0,-1.0,-1.0,-1.0,-1.0,-1.0,0.0,0.0,0.0,0.0
1791563735.29,2235702.7,609.6,1271.0,1198.6,148.0,229.2,148.0,90.0,272.87,0.0,72.76,10832.99,1048.783502,83642.6,2.0,2398.4,-598427.7,301985.3,0.9948,0.097,554.8,-0.0973,-74.55784,0.0,0,-1.0,-1.0,-1.0,-1.0,-1.0,0.0,0.0,0.0,0.0
1791563735.79,2235703.2,610.1,1346.4,1273.9,153.0,232.5,153.0,90.0,272.56,0.0,72.75,11470.08,1038.994353,82679.5,2.01,2551.7,-598427.1,302062.3,0.9948,0.097,555.1,-0.0973,-74.55785,0.0,0,-1.0,-1.0,-1.0,-1.0,-1.0,0.0,0.0,0.0,0.0
1791563736.29,2235703.7,610.6,1424.2,1351.7,158.0,235.9,158.0,90.0,272.28,0.0,72.74,12120.71,1028.952744,81693.8,2.02,2710.9,-598426.4,302142.2,0.9948,0.097,555.3,-0.0973,-74.55787,0.0,0,-1.0,-1.0,-1.0,-1.0,-1.0,0.0,0.0,0.0,0.0
1791563736.79,2235704.2,611.1,1504.5,1432.0,163.1,239.3,163.1,90.0,272.0,0.0,72.73,12784.21,1018.663082,80686.1,2.03,2875.9,-598425.6,302225.1,0.9948,0.097,555.5,-0.0973,-74.55788,0.0,0,-1.0,-1.0,-1.0,-1.0,-1.0,0.0,0.0,0.0,0.0
1791563737.29,2235704.7,611.6,1587.4,1514.9,168.2,242.8,168.2,90.0,271.74,0.0,72.72,13459.9,1008.130168,79657.1,2.03,3046.9,-598424.9,302311.0,0.9948,0.097,555.7,-0.0973,-74.55789,0.0,0,-1.0,-1.0,-1.0,-1.0,-1.0,0.0,0.0,0.0,0.0
1791563737.79,2235705.2,612.1,1672.8,1600.3,173.4,246.4,173.4,90.0,271.52,0.0,72.71,14146.96,997.358825,78607.3,2.04,3223.9,-598424.2,302399.9,0.9948,0.098,556.0,-0.0973,-74.55791,0.0,0,-1.0,-1.0,-1.0,-1.0,-1.0,0.0,0.0,0.0,0.0
1791563738.3,2235705.7,612.6,1760.9,1688.4,178.6,250.1,178.6,90.0,271.32,0.0,72.71,14844.57,986.353774,77537.5,2.05,3407.2,-598423.4,302491.9,0.9948,0.098,556.2,-0.0973,-74.55792,0.0,0,-1.0,-1.0,-1.0,-1.0,-1.0,0.0,0.0,0.0,0.0
1791563738.8,2235706.2,613.1,1851.5,1779.0,183.8,253.9,183.8,89.97,271.14,0.0,72.7,15544.76,975.12054,76448.4,2.06,3604.5,-598422.6,302590.9,0.9948,0.098,556.5,-0.09729,-74.55794,0.0,0,-1.0,-1.0,-1.0,-1.0,-1.0,0.0,0.0,0.0,0.0
1791563739.3,2235706.7,613.6,1948.6,1876.1,189.3,257.9,189.3,90.0,271.0,0.0,72.69,16296.73,963.201577,75296.1,2.07,3800.7,-598421.8,302689.4,0.9948,0.098,556.8,-0.09729,-74.55796,0.0,0,-1.0,-1.0,-1.0,-1.0,-1.0,0.0,0.0,0.0,0.0
1791563739.8,2235707.2,614.1,2040.8,1968.3,194.4,261.7,194.4,90.0,270.91,0.0,72.68,16991.78,951.990882,74215.3,2.07,3995.2,-598421.0,302787.1,0.9948,0.098,557.1,-0.09729,-74.55797,0.0,0,-1.0,-1.0,-1.0,-1.0,-1.0,0.0,0.0,0.0,0.0
1791563740.3,2235707.7,614.6,2143.4,2070.9,200.0,265.9,200.0,90.0,270.8,0.0,72.67,17751.75,939.626245,73026.7,2.08,4212.7,-598420.2,302896.3,0.9948,0.098,557.4,-0.09729,-74.55799,0.0,0,-1.0,-1.0,-1.0,-1.0,-1.0,0.0,0.0,0.0,0.0
1791563740.81,2235708.2,615.1,2244.8,2172.3,205.4,270.0,205.4,90.0,270.72,0.0,72.66,18488.33,927.527893,71867.3,2.09,4428.7,-598419.3,303004.7,0.9948,0.098,557.7,-0.09729,-74.55801,0.0,0,-1.0,-1.0,-1.0,-1.0,-1.0,0.0,0.0,0.0,0.0
1791563741.31,2235708.7,615.7,2348.9,2276.4,210.8,274.2,210.8,90.0,270.65,0.0,72.66,19229.47,915.230539,70692.4,2.1,4651.6,-598418.5,303116.6,0.9948,0.098,558.0,-0.09729,-74.55803,0.0,0,-1.0,-1.0,-1.0,-1.0,-1.0,0.0,0.0,0.0,0.0
1791563741.81,2235709.2,616.2,2455.7,2383.2,216.3,278.4,216.3,89.87,273.88,-3.33,72.65,19973.79,902.740707,69502.9,2.11,4881.3,-598417.1,303232.1,0.9948,0.098,558.3,-0.09729,-74.55804,0.0,0,-1.0,-1.0,-1.0,-1.0,-1.0,0.0,0.0,0.0,0.0
1791563742.31,2235709.6,616.7,2538.8,2466.3,220.5,281.6,220.5,89.11,271.18,-0.73,72.64,20537.58,893.124324,68589.7,2.11,5060.1,-598420.4,303319.9,0.9948,0.098,558.5,-0.09728,-74.55806,0.0,0,-1.0,-1.0,-1.0,-1.0,-1.0,0.0,0.0,0.0,0.0
1791563742.81,2235710.0,617.2,2636.9,2564.4,225.3,285.0,225.3,88.52,270.94,-0.63,72.63,21168.63,881.862199,67523.2,2.11,5270.8,-598431.4,303419.7,0.9948,0.098,558.8,-0.09728,-74.5581,0.0,0,-1.0,-1.0,-1.0,-1.0,-1.0,0.0,0.0,0.0,0.0
1791563743.31,2235710.5,617.7,2751.0,2678.5,230.8,288.8,230.8,88.2,270.66,-0.49,72.63,21905.65,868.906824,66300.2,2.11,5516.0,-598447.3,303534.3,0.9949,0.099,559.1,-0.09728,-74.55819,0.0,0,-1.0,-1.0,-1.0,-1.0,-1.0,0.0,0.0,0.0,0.0
1791563743.82,2235711.0,618.2,2872.5,2800.1,236.5,292.7,236.5,87.94,270.4,-0.35,72.62,22656.68,855.264197,65017.0,2.12,5778.1,-598465.2,303656.5,0.9949,0.099,559.5,-0.09728,-74.55833,0.0,0,-1.0,-1.0,-1.0,-1.0,-1.0,0.0,0.0,0.0,0.0
1791563744.32,2235711.5,618.7,2992.2,2919.8,242.1,296.6,242.1,87.73,270.31,-0.34,72.61,23376.22,841.991537,63773.3,2.13,6037.3,-598483.0,303777.2,0.995,0.099,559.8,-0.09727,-74.55851,0.0,0,-1.0,-1.0,-1.0,-1.0,-1.0,0.0,0.0,0.0,0.0
1791563744.82,2235712.0,619.2,3114.7,3042.3,247.6,300.6,247.7,87.56,270.26,-0.34,72.6,24093.02,828.574895,62520.7,2.13,6303.9,-598500.9,303901.5,0.9951,0.1,560.1,-0.09727,-74.55874,0.0,0,-1.0,-1.0,-1.0,-1.0,-1.0,0.0,0.0,0.0,0.0
1791563745.33,2235712.5,619.7,3240.0,3167.5,253.3,304.7,253.4,87.43,270.2,-0.3,72.59,24806.74,815.021565,61260.1,2.14,6578.0,-598518.6,304029.7,0.9951,0.1,560.5,-0.09727,-74.55903,0.0,0,-1.0,-1.0,-1.0,-1.0,-1.0,0.0,0.0,0.0,0.0
1791563745.83,2235712.9,620.2,3342.3,3269.8,257.8,308.0,257.9,87.34,270.16,-0.26,72.59,25375.13,804.085446,60246.6,2.15,6802.9,-598532.3,304135.3,0.9952,0.1,560.8,-0.09727,-74.5593,0.0,0,-1.0,-1.0,-1.0,-1.0,-1.0,0.0,0.0,0.0,0.0
1791563746.33,2235713.4,620.7,3472.7,3400.2,263.6,312.3,263.7,87.26,270.13,-0.22,72.58,26081.84,790.304557,58974.0,2.16,7091.3,-598548.9,304271.2,0.9952,0.099,561.2,-0.09726,-74.55967,0.0,0,-1.0,-1.0,-1.0,-1.0,-1.0,0.0,0.0,0.0,0.0
1791563746.83,2235713.9,621.2,3606.0,3533.9,269.3,316.7,269.5,87.21,270.11,-0.18,72.57,26783.63,776.407042,57695.9,2.17,7387.9,-598564.6,304411.6,0.9953,0.099,561.5,-0.09726,-74.56009,0.0,0,-1.0,-1.0,-1.0,-1.0,-1.0,0.0,0.0,0.0,0.0
1791563747.34,2235714.3,621.7,3720.2,3648.7,274.3,320.5,274.5,87.18,270.09,-0.15,72.56,27368.69,764.648706,56618.8,2.18,7643.7,-598577.1,304533.3,0.9953,0.099,561.9,-0.09726,-74.56048,0.0,0,-1.0,-1.0,-1.0,-1.0,-1.0,0.0,0.0,0.0,0.0
1791563747.84,2235714.8,622.2,3858.8,3788.0,280.2,325.2,280.4,87.16,270.08,-0.12,72.56,28059.01,750.556233,55332.9,2.2,7956.2,-598591.0,304682.6,0.9954,0.099,562.3,-0.09726,-74.56099,0.0,0,-1.0,-1.0,-1.0,-1.0,-1.0,0.0,0.0,0.0,0.0
1791563748.34,2235715.3,622.7,4000.5,3930.4,286.1,329.9,286.4,87.16,270.07,-0.1,72.55,28740.55,736.368466,54044.1,2.21,8277.6,-598604.0,304836.8,0.9954,0.099,562.7,-0.09725,-74.56153,0.0,0,-1.0,-1.0,-1.0,-1.0,-1.0,0.0,0.0,0.0,0.0
1791563748.84,2235715.8,623.2,4145.1,4075.8,292.1,334.8,292.4,87.17,270.06,-0.08,72.54,29404.22,722.09414,52753.2,2.21,8606.8,-598616.0,304995.4,0.9955,0.099,563.2,-0.09725,-74.56212,0.0,0,-1.0,-1.0,-1.0,-1.0,-1.0,0.0,0.0,0.0,0.0
1791563749.35,2235716.4,623.7,4292.7,4224.3,298.1,339.7,298.4,87.18,270.06,-0.06,72.53,30036.1,707.744703,51461.6,2.2,8942.0,-598627.2,305157.4,0.9955,0.099,563.6,-0.09725,-74.56274,0.0,0,-1.0,-1.0,-1.0,-1.0,-1.0,0.0,0.0,0.0,0.0
1791563749.85,2235716.9,624.2,4443.3,4375.6,304.0,344.5,304.3,87.2,270.05,-0.05,72.52,30622.29,693.3345,50170.7,2.18,9281.1,-598637.4,305321.9,0.9955,0.099,564.1,-0.09725,-74.56339,0.0,0,-1.0,-1.0,-1.0,-1.0,-1.0,0.0,0.0,0.0,0.0
1791563750.35,2235717.3,624.7,4590.6,4522.9,309.5,349.1,309.8,87.25,270.05,-0.05,72.52,31108.2,679.458843,48933.7,2.15,9608.8,-598646.2,305481.3,0.9956,0.098,564.5,-0.09724,-74.56405,0.0,0,-1.0,-1.0,-1.0,-1.0,-1.0,0.0,0.0,0.0,0.0
1791563750.85,2235717.9,625.2,4759.4,4691.7,315.5,354.2,315.8,87.27,270.05,-0.05,72.51,31640.52,663.819372,47546.5,2.11,9978.4,-598655.0,305661.7,0.9956,0.098,565.0,-0.09724,-74.56482,0.0,0,-1.0,-1.0,-1.0,-1.0,-1.0,0.0,0.0,0.0,0.0
1791563751.35,2235718.4,625.7,4918.5,4850.9,320.8,358.7,321.2,87.28,270.05,-0.05,72.5,32037.9,649.330704,46268.2,2.07,10319.9,-598662.6,305828.7,0.9956,0.098,565.5,-0.09724,-74.56556,0.0,0,-1.0,-1.0,-1.0,-1.0,-1.0,0.0,0.0,0.0,0.0
1791563751.85,2235718.9,626.2,5080.3,5012.6,325.9,363.1,326.3,87.32,270.05,-0.05,72.49,32364.94,634.854224,44997.6,2.02,10660.1,-598669.2,305995.4,0.9957,0.098,565.9,-0.09724,-74.56632,0.0,0,-1.0,-1.0,-1.0,-1.0,-1.0,0.0,0.0,0.0,0.0
1791563752.36,2235719.4,626.7,5244.5,5176.9,330.8,367.4,331.3,87.35,270.05,-0.06,72.49,32624.14,620.40825,43736.5,1.98,10998.7,-598675.0,306161.8,0.9957,0.098,566.4,-0.09724,-74.56711,0.0,0,-1.0,-1.0,-1.0,-1.0,-1.0,0.0,0.0,0.0,0.0
1791563752.86,2235719.9,627.2,5411.2,5343.5,335.6,371.5,336.0,87.38,270.04,-0.06,72.48,32821.47,606.009668,42486.4,1.94,11336.3,-598679.9,306328.2,0.9957,0.098,566.9,-0.09723,-74.56791,0.0,0,-1.0,-1.0,-1.0,-1.0,-1.0,0.0,0.0,0.0,0.0
1791563753.36,2235720.3,627.7,5573.4,5505.7,340.0,375.4,340.5,87.41,270.04,-0.06,72.47,32960.51,592.245054,41297.9,1.92,11660.5,-598684.0,306488.2,0.9957,0.098,567.3,-0.09723,-74.5687,0.0,0,-1.0,-1.0,-1.0,-1.0,-1.0,0.0,0.0,0.0,0.0
1791563753.87,2235720.9,628.2,5751.4,5683.8,344.7,379.5,345.2,87.43,270.04,-0.06,72.46,33066.6,577.410108,40024.1,1.9,12013.5,-598687.9,306662.8,0.9957,0.098,567.8,-0.09723,-74.56957,0.0,0,-1.0,-1.0,-1.0,-1.0,-1.0,0.0,0.0,0.0,0.0
1791563754.37,2235721.3,628.7,5918.0,5850.3,349.0,383.3,349.5,87.45,270.04,-0.05,72.46,33135.72,563.79595,38861.9,1.89,12343.1,-598691.0,306826.0,0.9957,0.098,568.2,-0.09723,-74.57039,0.0,0,-1.0,-1.0,-1.0,-1.0,-1.0,0.0,0.0,0.0,0.0
1791563754.87,2235721.8,629.2,6093.7,6026.0,353.6,387.4,354.0,87.47,270.04,-0.05,72.45,33190.77,549.701872,37665.7,1.9,12692.9,-598694.0,306999.4,0.9957,0.098,568.7,-0.09723,-74.57125,0.0,0,-1.0,-1.0,-1.0,-1.0,-1.0,0.0,0.0,0.0,0.0
1791563755.37,2235722.2,629.7,6207.3,6139.7,356.5,390.0,357.0,87.47,270.03,-0.05,72.44,33218.96,540.730653,36908.0,1.91,12920.7,-598695.9,307112.4,0.9958,0.098,569.0,-0.09723,-74.57181,0.0,0,-1.0,-1.0,-1.0,-1.0,-1.0,0.0,0.0,0.0,0.0
1791563755.87,2235722.7,630.2,6386.8,6319.2,361.2,394.2,361.7,87.49,270.03,-0.04,72.44,33253.31,526.79233,35736.7,1.93,13283.3,-598698.6,307292.3,0.9958,0.098,569.5,-0.09723,-74.5727,0.0,0,-1.0,-1.0,-1.0,-1.0,-1.0,0.0,0.0,0.0,0.0
1791563756.38,2235723.2,630.7,6568.6,6501.0,365.9,398.5,366.4,87.49,270.03,-0.04,72.43,33277.15,512.953903,34581.0,1.95,13654.7,-598701.3,307476.7,0.9958,0.098,570.0,-0.09723,-74.5736,0.0,0,-1.0,-1.0,-1.0,-1.0,-1.0,0.0,0.0,0.0,0.0
1791563756.88,2235723.7,631.2,6752.8,6685.2,370.8,402.9,371.3,87.5,270.02,-0.04,72.42,33291.79,499.218442,33441.0,1.97,14035.6,-598703.9,307665.8,0.9958,0.098,570.6,-0.09722,-74.57451,0.0,0,-1.0,-1.0,-1.0,-1.0,-1.0,0.0,0.0,0.0,0.0
1791563757.38,2235724.2,631.7,6939.5,6871.9,375.8,407.4,376.3,87.51,270.02,-0.03,72.41,33298.3,485.588815,32317.1,1.99,14426.7,-598706.5,307860.1,0.9958,0.098,571.1,-0.09722,-74.57543,0.0,0,-1.0,-1.0,-1.0,-1.0,-1.0,0.0,0.0,0.0,0.0
1791563757.88,2235724.7,632.2,7128.8,7061.2,380.9,412.1,381.5,87.51,270.02,-0.03,72.41,33297.56,472.067672,31209.5,2.02,14829.0,-598709.1,308059.9,0.9958,0.098,571.7,-0.09722,-74.57636,0.0,0,-1.0,-1.0,-1.0,-1.0,-1.0,0.0,0.0,0.0,0.0
1791563758.38,2235725.2,632.7,7320.6,7253.0,386.2,416.9,386.7,87.52,270.02,-0.03,72.4,33252.95,458.657764,30118.3,2.05,15243.1,-598711.8,308265.7,0.9958,0.098,572.2,-0.09722,-74.57731,0.0,0,-1.0,-1.0,-1.0,-1.0,-1.0,0.0,0.0,0.0,0.0
1791563758.89,2235725.7,633.2,7522.9,7455.4,391.9,422.0,392.4,87.52,270.02,-0.03,72.39,33276.07,444.832037,29001.1,2.08,15687.4,-598714.7,308486.4,0.9958,0.097,572.9,-0.09722,-74.5783,0.0,0,-1.0,-1.0,-1.0,-1.0,-1.0,0.0,0.0,0.0,0.0
1791563759.39,2235726.2,633.7,7712.4,7644.8,397.2,426.9,397.8,87.52,270.01,-0.02,72.39,33218.23,432.181119,27985.9,2.12,16110.6,-598717.4,308696.6,0.9958,0.097,573.4,-0.09722,-74.57924,0.0,0,-1.0,-1.0,-1.0,-1.0,-1.0,0.0,0.0,0.0,0.0
1791563759.89,2235726.7,634.2,7912.5,7844.9,403.0,432.2,403.5,87.52,270.01,-0.02,72.38,33231.27,419.118756,26945.1,2.15,16565.6,-598720.4,308922.6,0.9959,0.097,574.1,-0.09722,-74.58022,0.0,0,-1.0,-1.0,-1.0,-1.0,-1.0,0.0,0.0,0.0,0.0
1791563760.39,2235727.2,634.7,8115.5,8048.0,409.0,437.7,409.5,87.52,270.01,-0.02,72.37,33198.39,406.176736,25921.3,2.19,17036.0,-598723.5,309156.2,0.9959,0.097,574.7,-0.09722,-74.58122,0.0,0,-1.0,-1.0,-1.0,-1.0,-1.0,0.0,0.0,0.0,0.0
1791563760.89,2235727.7,635.2,8321.6,8254.0,415.1,443.3,415.7,87.52,270.01,-0.02,72.36,33157.43,393.357717,24914.7,2.23,17522.5,-598726.8,309397.8,0.9959,0.097,575.4,-0.09722,-74.58223,0.0,0,-1.0,-1.0,-1.0,-1.0,-1.0,0.0,0.0,0.0,0.0
1791563761.4,2235728.2,635.7,8530.8,8463.2,421.4,449.2,422.0,87.52,270.0,-0.01,72.36,33106.77,380.664415,23925.7,2.27,18025.8,-598730.3,309647.7,0.9959,0.097,576.1,-0.09722,-74.58326,0.0,0,-1.0,-1.0,-1.0,-1.0,-1.0,0.0,0.0,0.0,0.0
1791563761.9,2235728.7,636.2,8751.7,8684.2,428.2,455.5,428.8,87.52,270.0,-0.01,72.35,33041.86,367.599965,22915.7,2.31,18567.8,-598734.1,309916.9,0.9959,0.097,576.8,-0.09722,-74.58434,0.0,0,-1.0,-1.0,-1.0,-1.0,-1.0,0.0,0.0,0.0,0.0
1791563762.41,2235729.2,636.8,8967.6,8900.1,435.0,461.7,435.6,87.51,270.0,-0.0,72.34,32798.74,353.178517,21964.6,2.35,19108.1,-598737.9,310185.1,0.9959,0.097,577.6,-0.09721,-74.5854,0.0,0,-1.0,-1.0,-1.0,-1.0,-1.0,0.0,0.0,0.0,0.0
1791563762.92,2235729.7,637.3,9186.9,9119.3,442.0,468.2,442.6,87.51,269.99,0.01,72.33,32465.8,338.28375,21038.3,2.39,19668.6,-598742.0,310463.3,0.9959,0.097,578.4,-0.09721,-74.58648,0.0,0,-1.0,-1.0,-1.0,-1.0,-1.0,0.0,0.0,0.0,0.0
1791563763.42,2235730.1,637.8,9382.8,9315.3,448.3,474.1,448.9,87.51,269.98,0.02,72.33,32172.38,325.509201,20243.8,2.44,20179.5,-598745.7,310716.9,0.996,0.097,579.1,-0.09721,-74.58744,0.0,0,-1.0,-1.0,-1.0,-1.0,-1.0,0.0,0.0,0.0,0.0
1791563763.92,2235730.6,638.3,9608.9,9541.4,455.7,481.1,456.4,87.51,269.97,0.03,72.32,31838.64,311.368895,19364.4,2.49,20781.4,-598750.2,311015.6,0.996,0.097,579.9,-0.09721,-74.58855,0.0,0,-1.0,-1.0,-1.0,-1.0,-1.0,0.0,0.0,0.0,0.0
1791563764.42,2235731.1,638.8,9838.8,9771.2,463.4,488.2,464.1,87.51,269.96,0.04,72.31,31504.66,297.625692,18509.7,2.54,21407.6,-598754.8,311326.4,0.996,0.097,580.8,-0.09721,-74.58967,0.0,0,-1.0,-1.0,-1.0,-1.0,-1.0,0.0,0.0,0.0,0.0
1791563764.92,2235731.5,639.3,10006.7,9939.1,469.1,493.6,469.8,87.51,269.95,0.04,72.31,31264.01,287.973935,17909.4,2.58,21874.4,-598758.3,311558.0,0.996,0.097,581.4,-0.09721,-74.5905,0.0,0,-1.0,-1.0,-1.0,-1.0,-1.0,0.0,0.0,0.0,0.0
1791563765.43,2235732.0,639.8,10252.9,10185.4,477.7,501.6,478.3,87.51,269.94,0.05,72.3,30915.86,274.387697,17064.5,2.64,22573.7,-598763.6,311905.0,0.996,0.097,582.4,-0.09721,-74.5917,0.0,0,-1.0,-1.0,-1.0,-1.0,-1.0,0.0,0.0,0.0,0.0
1791563765.93,2235732.5,640.3,10493.9,10426.4,486.1,509.5,486.8,87.51,269.93,0.07,72.29,30579.9,261.713222,16276.3,2.7,23275.5,-598769.0,312253.3,0.9961,0.097,583.4,-0.09721,-74.59289,0.0,0,-1.0,-1.0,-1.0,-1.0,-1.0,0.0,0.0,0.0,0.0
1791563766.43,2235733.0,640.8,10749.2,10681.7,495.3,518.1,496.0,87.51,269.92,0.08,72.29,30228.21,248.927524,15481.1,2.77,24038.3,-598774.9,312631.7,0.9961,0.097,584.4,-0.09721,-74.59414,0.0,0,-1.0,-1.0,-1.0,-1.0,-1.0,0.0,0.0,0.0,0.0
1791563766.93,2235733.5,641.3,10999.2,10931.7,504.4,526.8,505.1,87.5,269.91,0.09,72.28,29886.69,237.006942,14739.7,2.83,24805.3,-598780.8,313012.2,0.9961,0.097,585.5,-0.09721,-74.59537,0.0,0,-1.0,-1.0,-1.0,-1.0,-1.0,0.0,0.0,0.0,0.0
1791563767.44,2235734.0,641.8,11253.9,11186.3,513.9,535.7,514.6,87.5,269.89,0.1,72.27,29541.3,225.451552,14021.1,2.9,25607.2,-598787.0,313410.1,0.9961,0.097,586.6,-0.09721,-74.59662,0.0,0,-1.0,-1.0,-1.0,-1.0,-1.0,0.0,0.0,0.0,0.0
1791563767.94,2235734.5,642.3,11513.4,11445.8,523.7,545.0,524.4,87.5,269.88,0.12,72.26,29190.99,214.25861,13325.0,2.97,26446.0,-598793.5,313826.2,0.9962,0.097,587.8,-0.09721,-74.59789,0.0,0,-1.0,-1.0,-1.0,-1.0,-1.0,0.0,0.0,0.0,0.0
1791563768.44,2235735.0,642.8,11777.8,11710.3,533.9,554.6,534.6,87.5,269.87,0.13,72.26,28834.3,203.424267,12651.2,3.04,27323.7,-598800.3,314261.7,0.9962,0.097,589.0,-0.09721,-74.59919,0.0,0,-1.0,-1.0,-1.0,-1.0,-1.0,0.0,0.0,0.0,0.0
1791563768.94,2235735.5,643.3,12047.5,11980.0,544.4,564.6,545.1,87.5,269.85,0.14,72.25,28469.29,192.94317,11999.4,3.11,28242.3,-598807.4,314717.4,0.9962,0.097,590.3,-0.09721,-74.60052,0.0,0,-1.0,-1.0,-1.0,-1.0,-1.0,0.0,0.0,0.0,0.0
1791563769.45,2235736.0,643.8,12322.5,12255.0,555.3,575.0,556.0,87.5,269.84,0.16,72.24,28093.61,182.809509,11369.1,3.18,29203.3,-598814.7,315194.3,0.9962,0.097,591.6,-0.09721,-74.60188,0.0,0,-1.0,-1.0,-1.0,-1.0,-1.0,0.0,0.0,0.0,0.0
1791563769.95,2235736.5,644.3,12603.0,12535.5,566.5,585.7,567.3,87.5,269.83,0.17,72.24,27705.08,173.020798,10760.4,3.25,30208.5,-598822.3,315693.1,0.9963,0.098,593.1,-0.09721,-74.60326,0.0,0,-1.0,-1.0,-1.0,-1.0,-1.0,0.0,0.0,0.0,0.0
1791563770.47,2235737.0,644.8,12889.3,12821.7,578.0,596.7,578.8,87.5,269.81,0.19,72.23,27301.15,163.575337,10172.9,3.32,31258.8,-598830.2,316214.3,0.9963,0.098,594.5,-0.09722,-74.60467,0.0,0,-1.0,-1.0,-1.0,-1.0,-1.0,0.0,0.0,0.0,0.0
1791563770.97,2235737.5,645.3,13144.4,13076.9,577.4,596.1,578.2,87.71,268.46,1.54,72.22,25872.51,155.592302,9676.5,0.56,31491.0,-598830.5,316330.2,0.9963,0.098,594.8,-0.09722,-74.60593,0.0,0,-1.0,-1.0,-1.0,-1.0,-1.0,0.0,0.0,0.0,0.0
1791563771.47,2235738.0,645.8,13441.9,13374.5,567.3,586.4,568.1,88.26,264.21,5.8,72.22,23635.38,146.77545,9128.1,1.03,31152.4,-598822.2,316165.1,0.9963,0.099,594.4,-0.09722,-74.60742,0.0,0,-1.0,-1.0,-1.0,-1.0,-1.0,0.0,0.0,0.0,0.0
1791563771.97,2235738.5,646.3,13712.0,13644.5,558.3,577.8,559.1,88.17,265.55,4.46,72.21,21726.25,139.200115,8657.0,0.96,30864.6,-598814.4,316025.1,0.9962,0.101,594.0,-0.09722,-74.60877,0.0,0,-1.0,-1.0,-1.0,-1.0,-1.0,0.0,0.0,0.0,0.0
1791563772.48,2235739.0,646.8,14000.3,13932.9,553.7,573.5,554.5,87.55,267.92,2.09,72.2,20206.75,131.535518,8180.3,0.34,30878.8,-598808.4,316035.2,0.9962,0.105,594.0,-0.09723,-74.61021,0.0,0,-1.0,-1.0,-1.0,-1.0,-1.0,0.0,0.0,0.0,0.0
1791563772.98,2235739.5,647.3,14277.7,14210.2,555.7,575.1,556.5,83.46,270.16,-0.15,72.2,19288.99,124.558254,7746.4,1.37,31295.7,-598822.4,316236.7,0.9963,0.105,594.6,-0.09723,-74.61162,0.0,0,-1.0,-1.0,-1.0,-1.0,-1.0,0.0,0.0,0.0,0.0
1791563773.48,2235740.0,647.8,14556.0,14488.5,557.3,576.1,558.3,81.59,270.1,-0.07,72.19,18387.53,117.93163,7334.3,1.36,31688.5,-598857.8,316415.3,0.9964,0.104,595.1,-0.09724,-74.6131,0.0,0,-1.0,-1.0,-1.0,-1.0,-1.0,0.0,0.0,0.0,0.0
1791563773.98,2235740.5,648.3,14835.0,14667.6,558.9,576.9,560.0,80.43,270.02,0.01,72.18,17525.51,111.644053,6943.3,1.39,32080.8,-598900.8,316590.0,0.9965,0.103,595.6,-0.09724,-74.61472,0.0,0,-1.0,-1.0,-1.0,-1.0,-1.0,0.0,0.0,0.0,0.0
1791563774.49,2235741.0,648.8,15114.9,14939.4,560.5,577.7,561.9,79.14,270.04,-0.02,72.18,16705.1,105.680856,6572.4,1.44,32476.0,-598950.2,316762.9,0.9967,0.103,596.1,-0.09724,-74.61648,0.0,0,-1.0,-1.0,-1.0,-1.0,-1.0,0.0,0.0,0.0,0.0
1791563774.99,2235741.5,649.3,15395.6,15220.0,562.1,578.3,563.8,77.85,270.04,-0.03,72.17,15924.02,100.027271,6220.8,1.5,32873.3,-599006.2,316933.5,0.9969,0.102,596.5,-0.09725,-74.61841,0.0,0,-1.0,-1.0,-1.0,-1.0,-1.0,0.0,0.0,0.0,0.0
1791563775.49,2235742.0,649.8,15677.0,15501.5,563.8,578.9,565.8,76.68,270.04,-0.03,72.16,15181.68,94.66821,5887.5,1.55,33274.0,-599067.1,317103.4,0.9971,0.102,597.0,-0.09725,-74.62053,0.0,0,-1.0,-1.0,-1.0,-1.0,-1.0,0.0,0.0,0.0,0.0
1791563775.99,2235742.5,650.3,15959.4,15875.3,565.5,579.6,567.9,75.67,270.03,-0.02,72.16,14477.73,89.588084,5571.6,1.61,33680.7,-599131.0,317274.9,0.9973,0.102,597.5,-0.09725,-74.62286,0.0,0,-1.0,-1.0,-1.0,-1.0,-1.0,0.0,0.0,0.0,0.0
1791563776.49,2235743.0,650.8,16253.9,16186.4,567.4,580.4,570.3,74.77,270.03,-0.02,72.15,13770.56,84.484691,5260.3,1.66,34113.0,-599198.6,317457.2,0.9975,0.101,598.0,-0.09726,-74.62553,0.0,0,-1.0,-1.0,-1.0,-1.0,-1.0,0.0,0.0,0.0,0.0
1791563777.0,2235743.5,651.3,16526.8,16459.2,569.3,581.3,572.8,74.06,270.03,-0.02,72.15,13147.93,79.98126,4987.7,1.7,34523.0,-599260.5,317631.2,0.9977,0.101,598.5,-0.09726,-74.62822,0.0,0,-1.0,-1.0,-1.0,-1.0,-1.0,0.0,0.0,0.0,0.0
1791563777.5,2235744.0,651.8,16812.0,16744.4,571.5,582.4,575.5,73.45,270.01,-0.02,72.14,12535.73,75.528321,4717.7,1.74,34963.1,-599323.6,317819.8,0.9979,0.101,599.1,-0.09726,-74.63125,0.0,0,-1.0,-1.0,-1.0,-1.0,-1.0,0.0,0.0,0.0,0.0
1791563778.0,2235744.5,652.3,17098.4,17030.7,573.9,583.7,578.5,72.94,269.99,0.0,72.14,11930.77,71.304288,4461.1,1.77,35418.4,-599384.3,318017.0,0.9981,0.101,599.6,-0.09726,-74.63453,0.0,0,-1.0,-1.0,-1.0,-1.0,-1.0,0.0,0.0,0.0,0.0
1791563778.5,2235745.0,652.8,17397.5,17330.0,576.6,585.4,581.9,72.5,269.98,0.01,72.13,11392.82,67.143909,4208.0,1.81,35909.4,-599444.4,318232.5,0.9983,0.102,600.2,-0.09727,-74.63819,0.0,0,-1.0,-1.0,-1.0,-1.0,-1.0,0.0,0.0,0.0,0.0
1791563779.01,2235745.5,653.3,17686.5,17618.8,579.4,587.3,585.4,72.16,269.97,0.02,72.13,10880.73,63.357782,3977.2,1.84,36399.3,-599499.1,318450.1,0.9984,0.102,600.8,-0.09727,-74.64197,0.0,0,-1.0,-1.0,-1.0,-1.0,-1.0,0.0,0.0,0.0,0.0
1791563779.51,2235746.0,653.9,17965.3,17897.6,582.3,589.4,589.0,71.87,269.97,0.03,72.12,10392.17,59.912325,3766.9,1.87,36886.6,-599548.4,318669.1,0.9986,0.103,601.5,-0.09727,-74.64581,0.0,0,-1.0,-1.0,-1.0,-1.0,-1.0,0.0,0.0,0.0,0.0
1791563780.01,2235746.5,654.4,18269.0,18201.3,585.7,592.0,593.2,71.61,269.97,0.03,72.12,9941.63,56.379647,3550.9,1.91,37433.7,-599598.5,318917.6,0.9987,0.103,602.2,-0.09727,-74.65023,0.0,0,-1.0,-1.0,-1.0,-1.0,-1.0,0.0,0.0,0.0,0.0
1791563780.51,2235746.9,654.9,18515.6,18447.9,588.6,594.3,596.8,71.42,269.97,0.04,72.11,9555.62,53.67157,3385.1,1.93,37890.1,-599636.5,319126.8,0.9989,0.104,602.8,-0.09728,-74.65398,0.0,0,-1.0,-1.0,-1.0,-1.0,-1.0,0.0,0.0,0.0,0.0
1791563781.02,2235747.4,655.4,18822.7,18755.1,592.4,597.3,601.4,71.2,269.97,0.04,72.11,9150.92,50.490183,3189.9,1.97,38473.4,-599680.6,319396.4,0.999,0.105,603.5,-0.09728,-74.65885,0.0,0,-1.0,-1.0,-1.0,-1.0,-1.0,0.0,0.0,0.0,0.0
1791563781.52,2235747.9,655.9,19119.9,19052.1,596.3,600.6,606.1,71.0,269.97,0.03,72.11,8762.5,47.601489,3012.5,2.0,39053.4,-599719.9,319666.7,0.9991,0.106,604.3,-0.09728,-74.66377,0.0,0,-1.0,-1.0,-1.0,-1.0,-1.0,0.0,0.0,0.0,0.0
1791563782.03,2235748.4,656.4,19419.1,19354.3,600.3,604.1,611.0,70.81,269.97,0.03,72.1,8394.27,44.870906,2844.4,2.03,39652.1,-599756.4,319947.8,0.9992,0.108,605.1,-0.09728,-74.66892,0.0,0,-1.0,-1.0,-1.0,-1.0,-1.0,0.0,0.0,0.0,0.0
1791563782.53,2235748.9,656.9,19720.4,19655.5,604.6,607.8,616.1,70.63,269.97,0.02,72.1,8044.63,42.289518,2685.3,2.06,40269.4,-599790.2,320239.6,0.9993,0.11,605.9,-0.09729,-74.67429,0.0,0,-1.0,-1.0,-1.0,-1.0,-1.0,0.0,0.0,0.0,0.0
1791563783.03,2235749.4,657.4,20023.8,19959.0,609.0,611.7,621.4,70.45,269.97,0.02,72.1,7712.01,39.848339,2534.6,2.09,40905.5,-599821.4,320542.0,0.9994,0.112,606.8,-0.09729,-74.67989,0.0,0,-1.0,-1.0,-1.0,-1.0,-1.0,0.0,0.0,0.0,0.0
1791563783.53,2235749.9,657.9,20329.5,20264.7,613.7,615.9,627.0,70.26,269.98,0.01,72.1,7394.83,37.53818,2391.8,2.12,41560.3,-599850.1,320855.1,0.9995,0.115,607.7,-0.09729,-74.68572,0.0,0,-1.0,-1.0,-1.0,-1.0,-1.0,0.0,0.0,0.0,0.0
1791563784.03,2235750.5,658.4,20637.6,20572.8,618.5,620.3,632.7,70.07,269.98,0.01,72.09,7091.48,35.349627,2256.2,2.15,42233.8,-599876.3,321178.8,0.9996,0.118,608.6,-0.09729,-74.69176,0.0,0,-1.0,-1.0,-1.0,-1.0,-1.0,0.0,0.0,0.0,0.0
1791563784.54,2235751.0,658.9,20960.6,20895.8,623.7,625.1,638.8,69.86,269.98,0.01,72.09,6788.87,33.192114,2122.3,2.18,42954.1,-599900.9,321526.6,0.9997,0.123,609.6,-0.0973,-74.69829,0.0,0,-1.0,-1.0,-1.0,-1.0,-1.0,0.0,0.0,0.0,0.0
1791563785.04,2235751.0,659.4,20998.1,20933.2,624.3,625.7,639.6,69.83,269.98,0.01,72.09,6754.71,32.950451,2107.3,2.19,43038.5,-599903.5,321567.5,0.9997,0.124,609.7,-0.0973,-74.69906,0.0,0,-1.0,-1.0,-1.0,-1.0,-1.0,0.0,0.0,0.0,0.0
1791563785.54,2235751.0,659.9,20998.1,20933.2,624.3,625.7,639.6,69.83,269.98,0.01,72.09,6754.71,32.950451,2107.3,2.19,43038.5,-599903.5,321567.5,0.9997,0.124,609.7,-0.0973,-74.69906,0.0,0,-1.0,-1.0,-1.0,-1.0,-1.0,0.0,0.0,0.0,0.0
1791563786.04,2235751.1,660.4,21023.1,20958.2,624.7,626.1,640.1,69.82,269.98,0.01,72.09,6732.02,32.790152,2097.3,2.19,43094.9,-599905.3,321594.8,0.9997,0.125,609.8,-0.0973,-74.69957,0.0,0,-1.0,-1.0,-1.0,-1.0,-1.0,0.0,0.0,0.0,0.0
1791563786.54,2235751.1,660.9,21048.1,20983.2,625.1,626.4,640.5,69.8,269.98,0.01,72.09,6709.39,32.630484,2087.4,2.19,43151.5,-599907.1,321622.2,0.9997,0.125,609.8,-0.0973,-74.70009,0.0,0,-1.0,-1.0,-1.0,-1.0,-1.0,0.0,0.0,0.0,0.0
1791563787.04,2235751.5,661.4,21324.1,21259.3,629.6,630.7,645.9,69.62,269.98,0.01,72.09,6464.58,30.915446,1980.7,2.22,43781.5,-599925.2,321928.1,0.9998,0.131,610.7,-0.0973,-74.70585,0.0,0,-1.0,-1.0,-1.0,-1.0,-1.0,0.0,0.0,0.0,0.0
1791563787.55,2235752.0,661.9,21640.3,21575.5,635.0,635.8,652.2,69.4,269.98,0.01,72.09,6195.48,29.057672,1865.0,2.25,44515.2,-599943.6,322285.8,0.9998,0.141,611.7,-0.0973,-74.71262,0.0,0,-1.0,-1.0,-1.0,-1.0,-1.0,0.0,0.0,0.0,0.0
1791563788.05,2235752.5,662.4,21959.2,21894.4,640.4,641.0,658.7,69.17,269.98,0.01,72.09,5935.92,27.294605,1754.9,2.28,45267.9,-599959.5,322654.2,0.9999,0.155,612.8,-0.0973,-74.71961,0.0,0,-1.0,-1.0,-1.0,-1.0,-1.0,0.0,0.0,0.0,0.0
1791563788.55,2235753.0,662.9,22280.9,22216.1,646.0,646.4,665.4,68.93,269.98,0.01,72.09,5685.76,25.623728,1650.4,2.31,46039.7,-599972.9,323033.4,0.9999,0.177,613.9,-0.09731,-74.72683,0.0,0,-1.0,-1.0,-1.0,-1.0,-1.0,0.0,0.0,0.0,0.0
1791563789.05,2235753.6,663.4,22605.4,22540.5,651.8,652.0,672.2,68.68,269.99,0.01,72.08,5430.97,24.042432,1551.4,2.34,46830.8,-599983.7,323423.6,0.9999,0.214,615.0,-0.09731,-74.73428,0.0,0,-1.0,-1.0,-1.0,-1.0,-1.0,0.0,0.0,0.0,0.0
1791563789.55,2235754.0,663.9,22932.9,22868.0,657.7,657.8,679.2,68.42,269.99,0.0,72.08,5213.16,22.548014,1457.5,2.37,47641.4,-599991.9,323824.8,1.0,0.286,616.1,-0.09731,-74.74196,0.0,0,-1.0,-1.0,-1.0,-1.0,-1.0,0.0,0.0,0.0,0.0
1791563790.06,2235754.5,664.4,23263.3,23198.4,663.7,663.8,686.3,68.16,269.99,0.0,72.08,4990.5,21.137623,1368.9,2.4,48471.7,-599997.3,324237.2,1.0,0.472,617.3,-0.09732,-74.74987,0.0,0,-1.0,-1.0,-1.0,-1.0,-1.0,0.0,0.0,0.0,0.0
1791563790.56,2235755.1,664.9,23610.1,23545.3,670.1,670.1,693.9,67.87,269.99,-0.0,72.08,4768.41,19.756769,1281.9,2.43,49356.2,-599999.8,324678.2,1.0,1.945,618.5,-0.09732,-74.75836,0.0,0,-1.0,-1.0,-1.0,-1.0,-1.0,0.0,0.0,0.0,0.0
1791563791.06,2235755.5,665.4,23933.3,23868.4,676.1,676.2,701.1,67.6,270.0,-0.0,287.92,4571.83,18.556925,1206.2,2.46,50191.9,-599999.4,325096.3,1.0,179.06,619.7,-0.09732,-74.76642,0.0,0,-1.0,-1.0,-1.0,-1.0,-1.0,0.0,0.0,0.0,0.0
1791563791.56,2235756.0,665.9,24273.0,24208.2,682.5,682.6,708.7,67.31,270.0,-0.01,287.92,4375.49,17.380207,1131.8,2.48,51082.4,-599995.8,325543.3,1.0,179.631,621.0,-0.09732,-74.77505,0.0,0,-1.0,-1.0,-1.0,-1.0,-1.0,0.0,0.0,0.0,0.0
1791563792.06,2235756.6,666.4,24629.8,24564.9,689.3,689.5,716.8,67.01,270.0,-0.01,287.92,4180.16,16.23188,1059.1,2.51,52030.2,-599988.6,326020.8,1.0,179.769,622.4,-0.09733,-74.7843,0.0,0,-1.0,-1.0,-1.0,-1.0,-1.0,0.0,0.0,0.0,0.0
1791563792.56,2235757.1,666.9,24962.2,24897.4,695.7,696.0,724.4,66.72,270.01,-0.01,287.92,3997.04,15.236655,995.9,2.54,52925.2,-599978.7,326473.3,0.9999,179.823,623.7,-0.09733,-74.79307,0.0,0,-1.0,-1.0,-1.0,-1.0,-1.0,0.0,0.0,0.0,0.0
1791563793.07,2235757.6,667.4,25325.9,25261.0,702.7,703.2,732.8,66.4,270.01,-0.02,287.91,3828.65,14.224565,931.6,2.57,53916.7,-599964.1,326976.3,0.9999,179.854,625.1,-0.09733,-74.80284,0.0,0,-1.0,-1.0,-1.0,-1.0,-1.0,0.0,0.0,0.0,0.0
1791563793.57,2235758.1,667.9,25679.0,25614.1,709.6,710.2,741.0,66.09,270.02,-0.02,287.91,3663.94,13.312008,873.5,2.6,54892.0,-599946.2,327472.9,0.9998,179.871,626.6,-0.09733,-74.81249,0.0,0,-1.0,-1.0,-1.0,-1.0,-1.0,0.0,0.0,0.0,0.0
1791563794.07,2235758.6,668.4,26035.6,25970.8,716.5,717.5,749.4,65.77,270.02,-0.02,287.91,3495.82,12.417458,818.8,2.62,55889.2,-599924.3,327982.4,0.9998,179.882,628.0,-0.09733,-74.82241,0.0,0,-1.0,-1.0,-1.0,-1.0,-1.0,0.0,0.0,0.0,0.0
1791563794.57,2235759.1,668.9,26395.7,26330.8,723.6,724.9,757.9,65.45,270.03,-0.03,287.91,3332.2,11.572441,767.2,2.65,56908.9,-599898.2,328505.4,0.9997,179.89,629.5,-0.09734,-74.83259,0.0,0,-1.0,-1.0,-1.0,-1.0,-1.0,0.0,0.0,0.0,0.0
1791563795.07,2235759.6,669.4,26759.3,26694.5,730.8,732.4,766.6,65.12,270.03,-0.03,287.91,3174.46,10.778094,718.5,2.68,57951.5,-599867.6,329042.0,0.9996,179.894,631.1,-0.09734,-74.84304,0.0,0,-1.0,-1.0,-1.0,-1.0,-1.0,0.0,0.0,0.0,0.0
1791563795.58,2235760.1,669.9,27126.6,27061.8,738.1,740.1,775.4,64.79,270.03,-0.03,287.9,3021.67,10.029222,672.2,2.71,59017.4,-599832.3,329592.6,0.9995,179.898,632.6,-0.09734,-74.85376,0.0,0,-1.0,-1.0,-1.0,-1.0,-1.0,0.0,0.0,0.0,0.0
1791563796.08,2235760.6,670.4,27497.6,27432.8,745.4,747.9,784.4,64.45,270.03,-0.03,287.9,2874.08,9.324889,628.4,2.74,60107.1,-599792.0,330157.5,0.9994,179.9,634.3,-0.09734,-74.86477,0.0,0,-1.0,-1.0,-1.0,-1.0,-1.0,0.0,0.0,0.0,0.0
1791563796.58,2235761.1,670.9,27872.2,27807.4,752.9,755.9,793.5,64.09,270.03,-0.03,287.9,2726.44,8.638669,585.5,2.77,61266.2,-599744.6,330760.8,0.9992,179.901,636.0,-0.09734,-74.87652,0.0,0,-1.0,-1.0,-1.0,-1.0,-1.0,0.0,0.0,0.0,0.0
1791563797.09,2235761.6,671.4,28265.9,28201.0,760.8,764.4,803.1,63.75,270.02,-0.03,287.9,2590.25,8.021815,546.7,2.79,62405.9,-599693.4,331356.3,0.9991,179.902,637.7,-0.09734,-74.88811,0.0,0,-1.0,-1.0,-1.0,-1.0,-1.0,0.0,0.0,0.0,0.0
1791563797.59,2235762.1,671.9,28648.3,28583.5,768.5,772.7,812.6,63.39,270.02,-0.02,287.89,2459.82,7.445515,510.3,2.82,63570.9,-599636.4,331967.3,0.9989,179.902,639.5,-0.09734,-74.89999,0.0,0,-1.0,-1.0,-1.0,-1.0,-1.0,0.0,0.0,0.0,0.0
1791563798.09,2235762.6,672.4,29019.1,28954.2,776.0,780.9,821.8,63.04,270.02,-0.02,287.89,2333.04,6.928909,477.4,2.85,64713.6,-599575.9,332568.8,0.9987,179.902,641.2,-0.09734,-74.91168,0.0,0,-1.0,-1.0,-1.0,-1.0,-1.0,0.0,0.0,0.0,0.0
1791563798.59,2235763.1,672.9,29424.8,29359.8,784.2,789.8,831.9,62.68,270.02,-0.02,287.88,2216.51,6.407993,444.1,2.88,65978.7,-599503.7,333237.5,0.9985,179.903,643.2,-0.09734,-74.92465,0.0,0,-1.0,-1.0,-1.0,-1.0,-1.0,0.0,0.0,0.0,0.0
1791563799.09,2235763.6,673.4,29803.1,29738.0,791.9,798.2,841.3,62.32,270.02,-0.02,287.88,2101.65,5.961222,415.4,2.91,67172.2,-599430.6,333870.8,0.9983,179.903,645.0,-0.09734,-74.93693,0.0,0,-1.0,-1.0,-1.0,-1.0,-1.0,0.0,0.0,0.0,0.0
1791563799.6,2235764.1,673.9,30217.1,30151.4,800.3,807.5,851.8,61.95,270.02,-0.02,287.87,1996.55,5.512175,386.4,2.94,68493.6,-599343.9,334574.9,0.998,179.903,647.0,-0.09734,-74.95056,0.0,0,-1.0,-1.0,-1.0,-1.0,-1.0,0.0,0.0,0.0,0.0
1791563800.1,2235764.5,674.4,30538.6,30471.2,806.8,814.8,859.9,61.66,270.02,-0.02,287.87,1914.98,5.190162,365.5,2.96,69530.6,-599271.7,335129.4,0.9978,179.903,648.7,-0.09734,-74.96127,0.0,0,-1.0,-1.0,-1.0,-1.0,-1.0,0.0,0.0,0.0,0.0
1791563800.6,2235765.0,674.9,30944.2,30868.2,815.0,823.9,870.2,61.28,270.02,-0.02,287.87,1817.96,4.814541,341.0,2.99,70852.2,-599174.5,335838.9,0.9975,179.903,650.7,-0.09734,-74.97496,0.0,0,-1.0,-1.0,-1.0,-1.0,-1.0,0.0,0.0,0.0,0.0
1791563801.1,2235765.5,675.4,31353.8,31256.9,823.3,833.3,880.6,60.91,270.01,-0.01,287.86,1726.23,4.466841,318.1,3.02,72202.7,-599069.0,336566.9,0.9972,179.903,652.8,-0.09734,-74.98898,0.0,0,-1.0,-1.0,-1.0,-1.0,-1.0,0.0,0.0,0.0,0.0
1791563801.6,2235766.0,675.9,31767.7,31643.5,831.7,842.8,891.2,60.53,270.01,-0.01,287.85,1639.45,4.144861,296.9,3.05,73582.7,-598954.9,337313.9,0.9969,179.903,655.0,-0.09734,-75.00333,0.0,0,-1.0,-1.0,-1.0,-1.0,-1.0,0.0,0.0,0.0,0.0
1791563802.1,2235766.5,676.4,32185.8,32034.0,840.2,852.4,902.0,60.14,270.01,-0.01,287.85,1557.2,3.846312,277.1,3.07,74992.8,-598831.7,338080.6,0.9965,179.903,657.2,-0.09734,-75.01802,0.0,0,-1.0,-1.0,-1.0,-1.0,-1.0,0.0,0.0,0.0,0.0
1791563802.6,2235767.0,676.9,32608.1,32456.5,848.8,862.2,912.8,59.75,270.01,-0.01,287.84,1478.97,3.568799,258.6,3.1,76433.7,-598698.9,338867.4,0.9962,179.903,659.5,-0.09734,-75.03306,0.0,0,-1.0,-1.0,-1.0,-1.0,-1.0,0.0,0.0,0.0,0.0
1791563803.1,2235767.5,677.4,33034.8,32907.7,857.5,872.2,923.9,59.36,270.01,-0.01,287.83,1404.15,3.309833,241.3,3.13,77905.9,-598556.1,339674.9,0.9957,179.902,661.9,-0.09734,-75.04846,0.0,0,-1.0,-1.0,-1.0,-1.0,-1.0,0.0,0.0,0.0,0.0
1791563803.61,2235768.0,677.9,33465.8,33352.1,866.2,882.3,935.1,58.96,270.01,-0.01,287.83,1331.99,3.066813,224.9,3.16,79410.4,-598402.7,340503.8,0.9953,179.902,664.3,-0.09734,-75.06421,0.0,0,-1.0,-1.0,-1.0,-1.0,-1.0,0.0,0.0,0.0,0.0
1791563804.11,2235768.5,678.5,33901.2,33793.9,875.0,892.5,946.4,58.56,270.01,-0.01,287.82,1261.92,2.83782,209.3,3.19,80947.8,-598238.2,341354.8,0.9948,179.902,666.8,-0.09734,-75.08033,0.0,0,-1.0,-1.0,-1.0,-1.0,-1.0,0.0,0.0,0.0,0.0
1791563804.61,2235769.0,679.0,34341.0,34240.2,883.9,902.9,957.9,58.15,270.01,-0.01,287.81,1194.46,2.62341,194.6,3.22,82519.0,-598062.1,342228.4,0.9943,179.902,669.4,-0.09734,-75.09682,0.0,0,-1.0,-1.0,-1.0,-1.0,-1.0,0.0,0.0,0.0,0.0
1791563805.11,2235769.5,679.5,34785.3,34684.7,892.9,913.5,969.6,57.74,270.01,-0.01,287.8,1129.75,2.423199,180.8,3.25,84124.8,-597873.7,343125.5,0.9938,179.902,672.0,-0.09734,-75.11368,0.0,0,-1.0,-1.0,-1.0,-1.0,-1.0,0.0,0.0,0.0,0.0
1791563805.61,2235769.9,680.0,35144.0,35144.0,900.2,922.0,979.0,57.4,270.01,-0.01,287.79,1080.03,2.272913,170.4,3.28,85434.9,-597713.8,343860.6,0.9934,179.902,674.2,-0.09734,-75.12746,0.0,0,-1.0,-1.0,-1.0,-1.0,-1.0,0.0,0.0,0.0,0.0
1791563806.12,2235770.3,680.5,35541.9,35541.9,908.2,931.6,989.5,57.03,270.01,-0.01,287.79,1027.45,2.117395,159.6,3.3,86902.9,-597528.0,344687.4,0.9928,179.902,676.6,-0.09734,-75.14289,0.0,0,-1.0,-1.0,-1.0,-1.0,-1.0,0.0,0.0,0.0,0.0
1791563806.62,2235770.8,681.0,35998.4,35998.4,917.4,942.6,1001.6,56.61,270.01,-0.01,287.78,970.45,1.952658,148.1,3.33,88605.7,-597303.6,345651.0,0.9922,179.902,679.4,-0.09734,-75.16081,0.0,0,-1.0,-1.0,-1.0,-1.0,-1.0,0.0,0.0,0.0,0.0
1791563807.12,2235771.3,681.5,36459.5,36459.5,926.6,953.7,1013.8,56.18,270.01,-0.01,287.77,916.38,1.80012,137.3,3.37,90346.5,-597064.6,346640.9,0.9915,179.902,682.4,-0.09733,-75.17913,0.0,0,-1.0,-1.0,-1.0,-1.0,-1.0,0.0,0.0,0.0,0.0
1791563807.62,2235771.8,682.0,36925.2,36925.2,935.9,965.0,1026.2,55.75,270.01,-0.01,287.76,865.25,1.659174,127.3,3.4,92126.1,-596810.2,347658.0,0.9908,179.902,685.4,-0.09733,-75.19786,0.0,0,-1.0,-1.0,-1.0,-1.0,-1.0,0.0,0.0,0.0,0.0
1791563808.12,2235772.3,682.5,37395.6,37395.6,945.3,976.5,1038.7,55.31,270.01,-0.01,287.75,817.01,1.529186,118.1,3.43,93945.6,-596539.6,348703.0,0.9901,179.902,688.5,-0.09733,-75.217,0.0,0,-1.0,-1.0,-1.0,-1.0,-1.0,0.0,0.0,0.0,0.0
1791563808.63,2235772.8,683.0,37870.7,37870.7,954.8,988.1,1051.5,54.87,270.01,-0.0,287.73,771.62,1.409493,109.5,3.46,95806.1,-596252.1,349777.0,0.9893,179.902,691.6,-0.09733,-75.23658,0.0,0,-1.0,-1.0,-1.0,-1.0,-1.0,0.0,0.0,0.0,0.0
1791563809.13,2235773.3,683.5,38350.6,38350.6,964.3,999.9,1064.3,54.43,270.0,-0.0,287.72,733.09,1.307205,101.6,3.49,97708.4,-595946.8,350880.8,0.9884,179.902,694.9,-0.09733,-75.25658,0.0,0,-1.0,-1.0,-1.0,-1.0,-1.0,0.0,0.0,0.0,0.0
1791563809.63,2235773.8,684.0,38835.3,38835.3,973.9,1011.9,1077.4,53.98,270.0,-0.0,287.71,696.9,1.21279,94.2,3.53,99653.6,-595622.7,352015.4,0.9876,179.902,698.3,-0.09733,-75.27702,0.0,0,-1.0,-1.0,-1.0,-1.0,-1.0,0.0,0.0,0.0,0.0
1791563810.14,2235774.3,684.5,39324.8,39324.8,983.6,1024.0,1090.6,53.53,270.0,-0.0,287.7,662.68,1.125472,87.4,3.56,101642.8,-595279.1,353181.8,0.9866,179.902,701.8,-0.09733,-75.29791,0.0,0,-1.0,-1.0,-1.0,-1.0,-1.0,0.0,0.0,0.0,0.0
1791563810.64,2235774.8,685.0,39819.1,39819.1,993.3,1036.3,1104.0,53.07,270.0,-0.0,287.69,630.23,1.044588,81.2,3.59,103677.4,-594915.0,354381.2,0.9857,179.902,705.3,-0.09732,-75.31926,0.0,0,-1.0,-1.0,-1.0,-1.0,-1.0,0.0,0.0,0.0,0.0
1791563811.14,2235775.3,685.5,40318.3,40318.3,1003.1,1048.7,1117.5,52.61,270.0,-0.0,287.67,599.32,0.969423,75.3,3.63,105758.6,-594529.2,355614.7,0.9846,179.902,709.0,-0.09732,-75.34107,0.0,0,-1.0,-1.0,-1.0,-1.0,-1.0,0.0,0.0,0.0,0.0
1791563811.64,2235775.8,686.0,40822.4,40822.4,1013.0,1061.3,1131.2,52.15,270.0,-0.0,287.66,569.66,0.89921,69.9,3.66,107887.7,-594120.8,356883.5,0.9835,179.902,712.8,-0.09732,-75.36335,0.0,0,-1.0,-1.0,-1.0,-1.0,-1.0,0.0,0.0,0.0,0.0
1791563812.14,2235776.3,686.5,41331.5,41331.5,1022.9,1074.1,1145.1,51.67,270.0,-0.0,287.64,542.11,0.835284,64.7,3.7,110066.3,-593688.6,358188.8,0.9824,179.902,716.7,-0.09732,-75.38611,0.0,0,-1.0,-1.0,-1.0,-1.0,-1.0,0.0,0.0,0.0,0.0
1791563812.64,2235776.8,687.0,41845.5,41845.5,1032.9,1087.1,1159.2,51.2,270.0,-0.0,287.63,517.02,0.777405,59.8,3.73,112295.6,-593231.5,359532.1,0.9812,179.902,720.8,-0.09732,-75.40936,0.0,0,-1.0,-1.0,-1.0,-1.0,-1.0,0.0,0.0,0.0,0.0
1791563813.14,2235777.3,687.5,42364.6,42364.6,1042.9,1100.2,1173.4,50.72,270.0,-0.0,287.61,491.68,0.721473,55.2,3.77,114577.3,-592748.1,360914.6,0.9799,179.902,724.9,-0.09731,-75.43311,0.0,0,-1.0,-1.0,-1.0,-1.0,-1.0,0.0,0.0,0.0,0.0
1791563813.65,2235777.8,688.0,42888.6,42888.6,1053.0,1113.5,1187.8,50.23,270.0,-0.0,287.6,465.33,0.668411,50.8,3.8,116913.2,-592237.3,362337.9,0.9786,179.902,729.2,-0.09731,-75.45736,0.0,0,-1.0,-1.0,-1.0,-1.0,-1.0,0.0,0.0,0.0,0.0
1791563814.15,2235778.3,688.5,43439.0,43439.0,1063.5,1127.6,1203.0,49.72,270.0,-0.0,287.58,441.51,0.616413,46.5,3.84,119401.8,-591675.4,363863.2,0.9771,179.902,733.8,-0.09731,-75.48313,0.0,0,-1.0,-1.0,-1.0,-1.0,-1.0,0.0,0.0,0.0,0.0
1791563814.65,2235778.8,689.0,43973.4,43973.4,1073.7,1141.2,1217.8,49.22,270.0,-0.0,287.56,417.93,0.569425,42.6,3.88,121853.6,-591104.2,365374.7,0.9757,179.902,738.4,-0.09731,-75.50844,0.0,0,-1.0,-1.0,-1.0,-1.0,-1.0,0.0,0.0,0.0,0.0
1791563815.15,2235779.3,689.5,44469.5,44469.6,1083.1,1154.0,1231.5,48.76,270.0,-0.0,287.55,396.88,0.528746,39.3,3.92,124161.9,-590550.6,366805.6,0.9742,179.902,742.8,-0.09731,-75.53219,0.0,0,-1.0,-1.0,-1.0,-1.0,-1.0,0.0,0.0,0.0,0.0
1791563815.65,2235779.8,690.0,45013.8,45013.8,1093.4,1168.0,1246.7,48.25,270.0,-0.0,287.53,374.75,0.48723,36.0,3.96,126730.1,-589916.9,368406.6,0.9726,179.902,747.6,-0.0973,-75.55853,0.0,0,-1.0,-1.0,-1.0,-1.0,-1.0,0.0,0.0,0.0,0.0
1791563816.16,2235780.3,690.5,45563.1,45563.1,1103.7,1182.3,1262.0,47.79,270.0,-0.0,287.51,353.43,0.448437,32.9,4.0,129362.6,-589248.4,370057.1,0.9709,179.902,752.7,-0.0973,-75.58542,0.0,0,-1.0,-1.0,-1.0,-1.0,-1.0,0.0,0.0,0.0,0.0
1791563816.66,2235780.8,691.0,46117.7,46117.7,1114.1,1196.7,1277.6,47.54,270.0,-0.0,287.49,332.95,0.412266,30.0,4.04,132066.8,-588545.3,371760.8,0.9692,179.902,757.9,-0.0973,-75.61287,0.0,0,-1.0,-1.0,-1.0,-1.0,-1.0,0.0,0.0,0.0,0.0
1791563817.16,2235781.3,691.5,46655.0,46655.0,1124.2,1210.8,1292.7,47.44,270.0,0.0,287.47,314.1,0.379894,27.4,4.08,134740.4,-587838.9,373450.7,0.9674,179.903,763.0,-0.0973,-75.63976,0.0,0,-1.0,-1.0,-1.0,-1.0,-1.0,0.0,0.0,0.0,0.0
1791563817.67,2235781.8,692.0,47219.9,47219.9,1134.9,1225.7,1308.7,47.41,270.0,0.0,287.45,294.26,0.348491,25.0,4.12,137614.5,-587071.0,375271.8,0.9655,179.903,768.6,-0.0973,-75.66833,0.0,0,-1.0,-1.0,-1.0,-1.0,-1.0,0.0,0.0,0.0,0.0
1791563818.17,2235782.3,692.5,47813.1,47813.1,1146.3,1241.5,1325.6,47.41,270.0,-0.0,287.43,276.59,0.318177,22.6,4.16,140706.7,-586237.0,377234.9,0.9635,179.903,774.7,-0.09729,-75.69865,0.0,0,-1.0,-1.0,-1.0,-1.0,-1.0,0.0,0.0,0.0,0.0
1791563818.67,2235782.7,693.0,48296.6,48296.6,1155.5,1254.5,1339.4,47.43,270.0,-0.0,287.41,262.09,0.295307,20.9,4.2,143285.5,-585536.5,378874.5,0.9618,179.903,779.7,-0.09729,-75.72359,0.0,0,-1.0,-1.0,-1.0,-1.0,-1.0,0.0,0.0,0.0,0.0
1791563819.17,2235783.2,693.5,48877.3,48877.2,1166.8,1270.2,1356.1,47.46,270.0,-0.0,287.39,245.44,0.269791,18.9,4.24,146455.1,-584670.4,380892.3,0.9598,179.903,786.0,-0.09729,-75.75383,0.0,0,-1.0,-1.0,-1.0,-1.0,-1.0,0.0,0.0,0.0,0.0
1791563819.67,2235783.7,694.0,49463.6,49463.6,1178.2,1286.1,1373.1,47.49,270.0,-0.0,287.37,229.37,0.245938,17.1,4.29,149738.7,-583768.5,382985.1,0.9576,179.903,792.4,-0.09729,-75.78465,0.0,0,-1.0,-1.0,-1.0,-1.0,-1.0,0.0,0.0,0.0,0.0
1791563820.17,2235784.2,694.5,50055.7,50055.7,1189.8,1302.4,1390.3,47.53,270.0,-0.0,287.35,213.87,0.223678,15.4,4.33,153142.7,-582829.6,385156.5,0.9554,179.903,799.2,-0.09729,-75.81606,0.0,0,-1.0,-1.0,-1.0,-1.0,-1.0,0.0,0.0,0.0,0.0
1791563820.67,2235784.7,695.0,50653.7,50653.7,1201.6,1318.9,1407.8,47.58,270.0,-0.0,287.32,199.0,0.202995,13.9,4.38,156673.7,-581852.6,387410.5,0.9532,179.903,806.2,-0.09728,-75.84807,0.0,0,-1.0,-1.0,-1.0,-1.0,-1.0,0.0,0.0,0.0,0.0
1791563821.18,2235785.2,695.5,51257.6,51257.6,1213.7,1335.8,1425.6,47.62,270.0,-0.0,287.3,184.8,0.183851,12.4,4.43,160338.7,-580836.3,389751.2,0.9508,179.903,813.5,-0.09728,-75.88068,0.0,0,-1.0,-1.0,-1.0,-1.0,-1.0,0.0,0.0,0.0,0.0
1791563821.68,2235785.7,696.0,51867.0,51867.0,1220.0,1345.2,1435.7,47.69,270.0,0.0,287.27,169.43,0.166212,11.2,2.42,162731.7,-580169.8,391280.9,0.9493,179.903,818.3,-0.09728,-75.91384,0.0,0,-1.0,-1.0,-1.0,-1.0,-1.0,0.0,0.0,0.0,0.0
1791563822.18,2235786.2,696.5,52475.9,52475.9,1216.0,1341.3,1432.1,48.06,269.99,0.01,287.25,152.29,0.150168,10.0,0.02,162709.2,-580170.9,391269.2,0.9493,179.903,818.3,-0.09728,-75.94708,0.0,0,-1.0,-1.0,-1.0,-1.0,-1.0,0.0,0.0,0.0,0.0
1791563822.68,2235786.7,697.0,53082.9,53082.9,1212.0,1337.5,1428.5,48.75,269.97,0.03,287.22,136.86,0.135646,8.9,0.02,162689.6,-580172.0,391258.8,0.9493,179.903,818.3,-0.09727,-75.98028,0.0,0,-1.0,-1.0,-1.0,-1.0,-1.0,0.0,0.0,0.0,0.0
1791563823.19,2235787.2,697.5,53711.9,53711.9,1207.8,1333.5,1424.8,49.76,269.96,0.04,287.2,122.46,0.122025,8.0,0.02,162672.0,-580173.3,391249.4,0.9493,179.903,818.2,-0.09727,-76.01475,0.0,0,-1.0,-1.0,-1.0,-1.0,-1.0,0.0,0.0,0.0,0.0
1791563823.69,2235787.7,698.0,54314.8,54314.8,1203.9,1329.7,1421.3,50.94,269.95,0.06,287.17,110.05,0.110223,7.1,0.01,162657.7,-580174.5,391241.6,0.9493,179.903,818.2,-0.09727,-76.04785,0.0,0,-1.0,-1.0,-1.0,-1.0,-1.0,0.0,0.0,0.0,0.0
1791563824.19,2235788.2,698.5,54915.7,54915.7,1200.0,1325.9,1417.7,52.28,269.94,0.08,287.15,98.9,0.099563,6.4,0.01,162645.7,-580175.8,391234.9,0.9493,179.903,818.2,-0.09727,-76.0809,0.0,0,-1.0,-1.0,-1.0,-1.0,-1.0,0.0,0.0,0.0,0.0
1791563824.69,2235788.7,699.0,55514.7,55514.7,1196.0,1322.2,1414.2,53.73,269.93,0.1,287.12,88.87,0.089917,5.7,0.01,162635.8,-580177.1,391229.3,0.9493,179.903,818.2,-0.09726,-76.11391,0.0,0,-1.0,-1.0,-1.0,-1.0,-1.0,0.0,0.0,0.0,0.0
1791563825.2,2235789.2,699.5,56111.6,56111.6,1192.1,1318.4,1410.7,55.24,269.92,0.12,287.1,79.8,0.081154,5.1,0.01,162627.5,-580178.4,391224.6,0.9493,179.903,818.2,-0.09726,-76.14687,0.0,0,-1.0,-1.0,-1.0,-1.0,-1.0,0.0,0.0,0.0,0.0
1791563825.7,2235789.7,700.0,56706.7,56706.7,1188.3,1314.7,1407.3,56.8,269.9,0.14,287.07,71.56,0.073142,4.6,0.01,162620.8,-580179.6,391220.6,0.9493,179.903,818.1,-0.09726,-76.17978,0.0,0,-1.0,-1.0,-1.0,-1.0,-1.0,0.0,0.0,0.0,0.0
1791563826.2,2235790.2,700.5,57299.8,57299.8,1184.4,1310.9,1403.8,58.36,269.89,0.16,287.05,64.08,0.065826,4.1,0.01,162615.1,-580180.7,391217.2,0.9493,179.903,818.1,-0.09726,-76.21265,0.0,0,-1.0,-1.0,-1.0,-1.0,-1.0,0.0,0.0,0.0,0.0
1791563826.7,2235790.7,701.0,57890.9,57890.9,1180.5,1307.2,1400.4,59.92,269.88,0.18,287.02,57.19,0.059072,3.6,0.01,162609.9,-580181.9,391214.0,0.9493,179.903,818.1,-0.09725,-76.24548,0.0,0,-1.0,-1.0,-1.0,-1.0,-1.0,0.0,0.0,0.0,0.0
1791563827.2,2235791.2,701.5,58433.1,58433.1,1177.0,1303.8,1397.2,61.32,269.87,0.2,287.0,51.35,0.053414,3.3,0.01,162605.3,-580183.1,391211.1,0.9493,179.903,818.1,-0.09725,-76.27564,0.0,0,-1.0,-1.0,-1.0,-1.0,-1.0,0.0,0.0,0.0,0.0
1791563827.71,2235791.7,702.0,59020.5,59020.6,1173.1,1300.1,1393.8,62.81,269.86,0.22,286.98,45.59,0.04786,2.9,0.01,162600.6,-580184.4,391208.1,0.9493,179.903,818.1,-0.09725,-76.30838,0.0,0,-1.0,-1.0,-1.0,-1.0,-1.0,0.0,0.0,0.0,0.0
1791563828.21,2235792.2,702.6,59606.1,59606.1,1169.3,1296.4,1390.3,64.26,269.85,0.24,286.95,40.41,0.042878,2.6,0.01,162596.1,-580185.8,391205.2,0.9494,179.903,818.1,-0.09725,-76.34108,0.0,0,-1.0,-1.0,-1.0,-1.0,-1.0,0.0,0.0,0.0,0.0
1791563828.71,2235792.7,703.1,60189.7,60189.7,1165.4,1292.7,1386.9,65.64,269.84,0.26,286.93,35.78,0.038416,2.3,0.01,162591.9,-580187.2,391202.4,0.9494,179.903,818.1,-0.09724,-76.37373,0.0,0,-1.0,-1.0,-1.0,-1.0,-1.0,0.0,0.0,0.0,0.0
1791563829.21,2235793.2,703.6,60771.4,60771.4,1161.6,1289.1,1383.5,66.96,269.82,0.28,286.9,31.66,0.034422,2.0,0.01,162588.0,-580188.6,391199.7,0.9494,179.903,818.1,-0.09724,-76.40634,0.0,0,-1.0,-1.0,-1.0,-1.0,-1.0,0.0,0.0,0.0,0.0
1791563829.71,2235793.7,704.1,61351.2,61351.2,1157.8,1285.4,1380.1,68.22,269.81,0.3,286.88,27.87,0.030843,1.8,0.01,162584.2,-580190.0,391197.1,0.9494,179.903,818.1,-0.09724,-76.4389,0.0,0,-1.0,-1.0,-1.0,-1.0,-1.0,0.0,0.0,0.0,0.0
1791563830.22,2235794.2,704.6,61952.2,61952.2,1153.8,1281.6,1376.6,69.46,269.8,0.32,286.86,24.64,0.027505,1.6,0.01,162580.6,-580191.5,391194.6,0.9494,179.903,818.1,-0.09724,-76.47273,0.0,0,-1.0,-1.0,-1.0,-1.0,-1.0,0.0,0.0,0.0,0.0
1791563830.72,2235794.7,705.1,62528.1,62528.1,1150.0,1278.0,1373.3,70.59,269.79,0.34,286.83,21.75,0.024589,1.4,0.0,162577.4,-580192.9,391192.2,0.9494,179.903,818.0,-0.09723,-76.5052,0.0,0,-1.0,-1.0,-1.0,-1.0,-1.0,0.0,0.0,0.0,0.0
1791563831.22,2235795.2,705.6,63102.1,63102.1,1146.2,1274.3,1369.9,71.65,269.77,0.35,286.81,19.02,0.021751,1.3,0.0,162574.3,-580194.2,391190.1,0.9494,179.903,818.0,-0.09723,-76.53764,0.0,0,-1.0,-1.0,-1.0,-1.0,-1.0,0.0,0.0,0.0,0.0
1791563831.72,2235795.7,706.1,63674.2,63674.2,1142.4,1270.7,1366.5,72.66,269.76,0.37,286.78,16.41,0.018968,1.1,0.0,162571.6,-580195.4,391188.1,0.9494,179.903,818.0,-0.09723,-76.57003,0.0,0,-1.0,-1.0,-1.0,-1.0,-1.0,0.0,0.0,0.0,0.0
1791563832.22,2235796.2,706.6,64244.4,64244.4,1138.6,1267.1,1363.2,73.61,269.75,0.39,286.76,13.94,0.016268,0.9,0.0,162569.1,-580196.5,391186.3,0.9494,179.903,818.0,-0.09723,-76.60238,0.0,0,-1.0,-1.0,-1.0,-1.0,-1.0,0.0,0.0,0.0,0.0
1791563832.73,2235796.7,707.1,64812.7,64812.7,1134.9,1263.5,1359.9,74.51,269.73,0.41,286.74,11.62,0.013678,0.8,0.0,162566.9,-580197.5,391184.7,0.9494,179.903,818.0,-0.09722,-76.63469,0.0,0,-1.0,-1.0,-1.0,-1.0,-1.0,0.0,0.0,0.0,0.0
1791563833.23,2235797.2,707.6,65379.2,65379.2,1131.1,1259.9,1356.6,75.36,269.72,0.43,286.71,9.47,0.011226,0.6,0.0,162565.0,-580198.4,391183.3,0.9494,179.903,818.0,-0.09722,-76.66695,0.0,0,-1.0,-1.0,-1.0,-1.0,-1.0,0.0,0.0,0.0,0.0
1791563833.73,2235797.7,708.1,65943.7,65943.7,1127.3,1256.3,1353.2,76.22,269.71,0.45,286.69,7.42,0.008941,0.5,0.0,162563.4,-580199.2,391182.1,0.9494,179.903,818.0,-0.09722,-76.69918,0.0,0,-1.0,-1.0,-1.0,-1.0,-1.0,0.0,0.0,0.0,0.0
1791563834.24,2235798.2,708.6,66528.9,66528.9,1123.4,1252.6,1349.8,77.0,269.69,0.47,286.66,5.64,0.00677,0.4,0.0,162562.0,-580199.8,391181.1,0.9494,179.903,818.0,-0.09721,-76.73265,0.0,0,-1.0,-1.0,-1.0,-1.0,-1.0,0.0,0.0,0.0,0.0
1791563834.74,2235798.7,709.1,67089.6,67089.6,1119.7,1249.0,1346.5,77.77,269.67,0.49,286.64,4.07,0.004912,0.3,0.0,162561.0,-580200.3,391180.3,0.9494,179.903,818.0,-0.09721,-76.76479,0.0,0,-1.0,-1.0,-1.0,-1.0,-1.0,0.0,0.0,0.0,0.0
1791563835.24,2235799.2,709.6,67648.5,67648.5,1115.9,1245.4,1343.2,78.51,269.66,0.51,286.61,2.73,0.003308,0.2,0.0,162560.2,-580200.7,391179.8,0.9494,179.903,818.0,-0.09721,-76.79689,0.0,0,-1.0,-1.0,-1.0,-1.0,-1.0,0.0,0.0,0.0,0.0
1791563835.74,2235799.7,710.1,68205.5,68205.5,1112.2,1241.9,1340.0,79.25,269.64,0.53,286.59,1.64,0.001986,0.1,0.0,162559.6,-580200.9,391179.3,0.9494,179.903,818.0,-0.09721,-76.82896,0.0,0,-1.0,-1.0,-1.0,-1.0,-1.0,0.0,0.0,0.0,0.0
1791563836.25,2235800.2,710.6,68760.6,68760.6,1108.5,1238.4,1336.7,79.97,269.61,0.56,286.57,0.81,0.000976,0.1,0.0,162559.2,-580201.1,391179.1,0.9494,179.903,818.0,-0.0972,-76.86098,0.0,0,-1.0,-1.0,-1.0,-1.0,-1.0,0.0,0.0,0.0,0.0
1791563836.75,2235800.8,711.1,69313.9,69313.9,1104.8,1234.8,1333.5,80.72,269.59,0.59,286.54,0.24,0.000306,0.0,0.0,162559.0,-580201.1,391178.9,0.9494,179.903,818.0,-0.0972,-76.89296,0.0,0,-1.0,-1.0,-1.0,-1.0,-1.0,0.0,0.0,0.0,0.0
1791563837.26,2235801.3,711.6,69887.3,69887.3,1100.9,1231.2,1330.1,81.44,269.56,0.63,286.52,0.01,8e-06,0.0,0.0,162558.9,-580201.1,391178.9,0.9494,179.903,818.0,-0.0972,-76.92618,0.0,0,-1.0,-1.0,-1.0,-1.0,-1.0,0.0,0.0,0.0,0.0
1791563837.76,2235801.7,712.1,70327.0,70327.1,1097.9,1228.3,1327.5,82.02,269.53,0.66,286.5,0.0,0.0,0.0,0.0,162558.8,-580201.1,391178.8,0.9494,179.903,818.0,-0.0972,-76.95171,0.0,0,-1.0,-1.0,-1.0,-1.0,-1.0,0.0,0.0,0.0,0.0
1791563838.27,2235802.2,712.6,70875.1,70875.1,1094.2,1224.8,1324.3,82.74,269.49,0.7,286.48,0.0,0.0,0.0,0.0,162558.8,-580201.1,391178.8,0.9494,179.903,818.0,-0.09719,-76.98358,0.0,0,-1.0,-1.0,-1.0,-1.0,-1.0,0.0,0.0,0.0,0.0
1791563838.77,2235802.7,713.1,71421.3,71421.3,1090.6,1221.3,1321.1,83.46,269.43,0.76,286.45,0.0,0.0,0.0,0.0,162558.8,-580201.1,391178.8,0.9494,179.903,818.0,-0.09719,-77.01542,0.0,0,-1.0,-1.0,-1.0,-1.0,-1.0,0.0,0.0,0.0,0.0
1791563839.27,2235803.2,713.6,71965.6,71965.6,1086.9,1217.8,1317.9,84.18,269.37,0.83,286.43,0.0,0.0,0.0,0.0,162558.8,-580201.1,391178.8,0.9494,179.903,818.0,-0.09719,-77.04722,0.0,0,-1.0,-1.0,-1.0,-1.0,-1.0,0.0,0.0,0.0,0.0
1791563839.77,2235803.7,714.1,72508.1,72508.1,1083.2,1214.4,1314.7,84.9,269.29,0.91,286.41,0.0,0.0,0.0,0.0,162558.8,-580201.1,391178.8,0.9494,179.903,818.0,-0.09719,-77.07897,0.0,0,-1.0,-1.0,-1.0,-1.0,-1.0,0.0,0.0,0.0,0.0
1791563840.27,2235804.2,714.6,73048.8,73048.8,1079.5,1210.9,1311.5,85.62,269.17,1.03,286.38,0.0,0.0,0.0,0.0,162558.8,-580201.1,391178.8,0.9494,179.903,818.0,-0.09718,-77.1107,0.0,0,-1.0,-1.0,-1.0,-1.0,-1.0,0.0,0.0,0.0,0.0
1791563840.77,2235804.7,715.1,73587.6,73587.6,1075.8,1207.4,1308.3,86.33,269.02,1.19,286.36,0.0,0.0,0.0,0.0,162558.8,-580201.1,391178.8,0.9494,179.903,818.0,-0.09718,-77.14238,0.0,0,-1.0,-1.0,-1.0,-1.0,-1.0,0.0,0.0,0.0,0.0
1791563841.28,2235805.2,715.6,74124.6,74124.6,1072.2,1203.9,1305.1,87.05,268.79,1.42,286.34,0.0,0.0,0.0,0.0,162558.8,-580201.1,391178.8,0.9494,179.903,818.0,-0.09718,-77.17403,0.0,0,-1.0,-1.0,-1.0,-1.0,-1.0,0.0,0.0,0.0,0.0
1791563841.78,2235805.7,716.1,74659.8,74659.8,1068.5,1200.5,1302.0,87.77,268.41,1.81,286.31,0.0,0.0,0.0,0.0,162558.8,-580201.1,391178.8,0.9494,179.903,818.0,-0.09717,-77.20564,0.0,0,-1.0,-1.0,-1.0,-1.0,-1.0,0.0,0.0,0.0,0.0
1791563842.28,2235806.2,716.6,75193.1,75193.1,1064.8,1197.0,1298.8,88.49,267.66,2.56,286.29,0.0,0.0,0.0,0.0,162558.8,-580201.1,391178.8,0.9494,179.903,818.0,-0.09717,-77.23721,0.0,0,-1.0,-1.0,-1.0,-1.0,-1.0,0.0,0.0,0.0,0.0
1791563842.78,2235806.7,717.1,75745.9,75745.9,1061.1,1193.5,1295.5,89.24,265.39,4.83,286.27,0.0,0.0,0.0,0.0,162558.8,-580201.1,391178.8,0.9494,179.903,818.0,-0.09717,-77.27001,0.0,0,-1.0,-1.0,-1.0,-1.0,-1.0,0.0,0.0,0.0,0.0
1791563843.29,2235807.2,717.6,76275.5,76275.5,1057.4,1190.0,1292.4,89.93,270.16,0.0,286.24,0.0,0.0,0.0,0.0,162558.8,-580201.1,391178.8,0.9494,179.903,818.0,-0.09717,-77.3015,0.0,0,-1.0,-1.0,-1.0,-1.0,-1.0,0.0,0.0,0.0,0.0
1791563843.79,2235807.7,718.1,76803.3,76803.3,1053.8,1186.6,1289.3,89.32,95.07,175.16,286.22,0.0,0.0,0.0,0.0,162558.8,-580201.1,391178.8,0.9494,179.903,818.0,-0.09716,-77.33297,0.0,0,-1.0,-1.0,-1.0,-1.0,-1.0,0.0,0.0,0.0,0.0
1791563844.29,2235808.2,718.6,77329.3,77329.3,1050.1,1183.2,1286.2,88.6,92.46,177.77,286.2,0.0,0.0,0.0,0.0,162558.8,-580201.1,391178.8,0.9494,179.903,818.0,-0.09716,-77.36439,0.0,0,-1.0,-1.0,-1.0,-1.0,-1.0,0.0,0.0,0.0,0.0
1791563844.79,2235808.7,719.1,77853.4,77853.4,1046.5,1179.8,1283.0,87.88,91.62,178.62,286.17,0.0,0.0,0.0,0.0,162558.8,-580201.1,391178.8,0.9494,179.903,818.0,-0.09716,-77.39578,0.0,0,-1.0,-1.0,-1.0,-1.0,-1.0,0.0,0.0,0.0,0.0
1791563845.29,2235809.2,719.6,78375.8,78375.8,1042.9,1176.4,1279.9,87.16,91.2,179.04,286.15,0.0,0.0,0.0,0.0,162558.8,-580201.1,391178.8,0.9494,179.903,818.0,-0.09715,-77.42714,0.0,0,-1.0,-1.0,-1.0,-1.0,-1.0,0.0,0.0,0.0,0.0
1791563845.8,2235809.7,720.1,78896.3,78896.3,1039.3,1173.0,1276.8,86.44,90.96,179.29,286.13,0.0,0.0,0.0,0.0,162558.8,-580201.1,391178.8,0.9494,179.903,818.0,-0.09715,-77.45846,0.0,0,-1.0,-1.0,-1.0,-1.0,-1.0,0.0,0.0,0.0,0.0
1791563846.3,2235810.2,720.6,79415.0,79415.1,1035.7,1169.6,1273.7,85.72,90.79,179.46,286.1,0.0,0.0,0.0,0.0,162558.8,-580201.1,391178.8,0.9494,179.903,818.0,-0.09715,-77.48974,0.0,0,-1.0,-1.0,-1.0,-1.0,-1.0,0.0,0.0,0.0,0.0
1791563846.8,2235810.7,721.1,79932.0,79932.0,1032.1,1166.2,1270.7,85.0,90.68,179.58,286.08,0.0,0.0,0.0,0.0,162558.8,-580201.1,391178.8,0.9494,179.903,818.0,-0.09714,-77.52099,0.0,0,-1.0,-1.0,-1.0,-1.0,-1.0,0.0,0.0,0.0,0.0
1791563847.3,2235811.2,721.6,80467.7,80467.7,1028.3,1162.7,1267.5,84.25,90.59,179.67,286.06,0.0,0.0,0.0,0.0,162558.8,-580201.1,391178.8,0.9494,179.903,818.0,-0.09714,-77.55345,0.0,0,-1.0,-1.0,-1.0,-1.0,-1.0,0.0,0.0,0.0,0.0
1791563847.81,2235811.7,722.1,80980.9,80980.9,1024.7,1159.3,1264.4,83.54,90.52,179.74,286.03,0.0,0.0,0.0,0.0,162558.8,-580201.1,391178.8,0.9494,179.903,818.0,-0.09714,-77.58463,0.0,0,-1.0,-1.0,-1.0,-1.0,-1.0,0.0,0.0,0.0,0.0
1791563848.31,2235812.2,722.7,81492.4,81492.4,1021.1,1155.9,1261.3,82.82,90.47,179.8,286.01,0.0,0.0,0.0,0.0,162558.8,-580201.1,391178.8,0.9494,179.903,818.0,-0.09714,-77.61578,0.0,0,-1.0,-1.0,-1.0,-1.0,-1.0,0.0,0.0,0.0,0.0
1791563848.81,2235812.7,723.2,82002.1,82002.1,1017.5,1152.6,1258.3,82.1,90.42,179.84,285.99,0.0,0.0,0.0,0.0,162558.8,-580201.1,391178.8,0.9494,179.903,818.0,-0.09713,-77.64689,0.0,0,-1.0,-1.0,-1.0,-1.0,-1.0,0.0,0.0,0.0,0.0
1791563849.31,2235813.2,723.7,82510.0,82510.0,1014.0,1149.2,1255.2,81.38,90.39,179.88,285.97,0.0,0.0,0.0,0.0,162558.8,-580201.1,391178.8,0.9494,179.903,818.0,-0.09713,-77.67796,0.0,0,-1.0,-1.0,-1.0,-1.0,-1.0,0.0,0.0,0.0,0.0
1791563849.81,2235813.7,724.2,83016.1,83016.1,1010.4,1145.9,1252.2,80.66,90.36,179.92,285.94,0.0,0.0,0.0,0.0,162558.8,-580201.1,391178.8,0.9494,179.903,818.0,-0.09713,-77.70901,0.0,0,-1.0,-1.0,-1.0,-1.0,-1.0,0.0,0.0,0.0,0.0
1791563850.32,2235814.2,724.7,83540.5,83540.5,1006.7,1142.4,1249.1,79.91,90.33,179.95,285.92,0.0,0.0,0.0,0.0,162558.8,-580201.1,391178.8,0.9494,179.903,818.0,-0.09712,-77.74125,0.0,0,-1.0,-1.0,-1.0,-1.0,-1.0,0.0,0.0,0.0,0.0
1791563850.82,2235814.7,725.2,84043.0,84042.9,1003.1,1139.1,1246.0,79.19,90.31,179.97,285.9,0.0,0.0,0.0,0.0,162558.8,-580201.1,391178.8,0.9494,179.903,818.0,-0.09712,-77.77223,0.0,0,-1.0,-1.0,-1.0,-1.0,-1.0,0.0,0.0,0.0,0.0
1791563851.32,2235815.2,725.7,84543.6,84543.6,999.6,1135.8,1243.0,78.47,90.29,179.99,285.87,0.0,0.0,0.0,0.0,162558.8,-580201.1,391178.8,0.9494,179.903,818.0,-0.09712,-77.80317,0.0,0,-1.0,-1.0,-1.0,-1.0,-1.0,0.0,0.0,0.0,0.0
1791563851.82,2235815.7,726.2,85042.5,85042.5,996.0,1132.5,1240.0,77.76,90.27,-179.99,285.85,0.0,0.0,0.0,0.0,162558.8,-580201.1,391178.8,0.9494,179.903,818.0,-0.09711,-77.83408,0.0,0,-1.0,-1.0,-1.0,-1.0,-1.0,0.0,0.0,0.0,0.0
1791563852.32,2235816.2,726.7,85539.6,85539.6,992.5,1129.2,1237.0,77.04,90.26,-179.97,285.83,0.0,0.0,0.0,0.0,162558.8,-580201.1,391178.8,0.9494,179.903,818.0,-0.09711,-77.86495,0.0,0,-1.0,-1.0,-1.0,-1.0,-1.0,0.0,0.0,0.0,0.0
1791563852.83,2235816.7,727.2,86035.0,86035.0,988.9,1125.9,1234.0,76.32,90.25,-179.95,285.81,0.0,0.0,0.0,0.0,162558.8,-580201.1,391178.8,0.9494,179.903,818.0,-0.09711,-77.8958,0.0,0,-1.0,-1.0,-1.0,-1.0,-1.0,0.0,0.0,0.0,0.0
1791563853.33,2235817.2,727.7,86528.6,86528.6,985.4,1122.6,1231.1,75.6,90.23,-179.93,285.78,0.0,0.0,0.0,0.0,162558.8,-580201.1,391178.8,0.9494,179.903,818.0,-0.09711,-77.92661,0.0,0,-1.0,-1.0,-1.0,-1.0,-1.0,0.0,0.0,0.0,0.0
1791563853.83,2235817.7,728.2,87020.4,87020.4,981.8,1119.3,1228.1,74.88,90.22,-179.92,285.76,0.0,0.0,0.0,0.0,162558.8,-580201.1,391178.8,0.9494,179.903,818.0,-0.0971,-77.95739,0.0,0,-1.0,-1.0,-1.0,-1.0,-1.0,0.0,0.0,0.0,0.0
1791563854.33,2235818.2,728.7,87530.0,87530.0,978.2,1115.9,1225.0,74.48,90.22,-179.91,285.74,0.0,0.0,0.0,0.0,162558.7,-580201.1,391178.8,0.9494,179.903,818.0,-0.0971,-77.98936,0.0,0,-1.0,-1.0,-1.0,-1.0,-1.0,0.0,0.0,0.0,0.0
1791563854.84,2235818.7,729.2,88018.2,88018.2,974.7,1112.6,1222.1,74.72,90.22,-179.92,285.72,0.0,0.0,0.0,0.0,162558.7,-580201.1,391178.8,0.9494,179.903,818.0,-0.0971,-78.02007,0.0,0,-1.0,-1.0,-1.0,-1.0,-1.0,0.0,0.0,0.0,0.0
1791563855.34,2235819.2,729.7,88504.6,88504.6,971.1,1109.3,1219.1,75.14,90.23,-179.93,285.69,0.0,0.0,0.0,0.0,162558.7,-580201.1,391178.8,0.9494,179.903,818.0,-0.09709,-78.05075,0.0,0,-1.0,-1.0,-1.0,-1.0,-1.0,0.0,0.0,0.0,0.0
1791563855.84,2235819.7,730.2,88989.3,88989.3,967.6,1106.1,1216.2,75.57,90.23,-179.93,285.67,0.0,0.0,0.0,0.0,162558.7,-580201.1,391178.8,0.9494,179.903,818.0,-0.09709,-78.0814,0.0,0,-1.0,-1.0,-1.0,-1.0,-1.0,0.0,0.0,0.0,0.0
1791563856.35,2235820.2,730.7,89472.2,89472.2,964.1,1102.8,1213.2,76.0,90.24,-179.94,285.65,0.0,0.0,0.0,0.0,162558.7,-580201.1,391178.8,0.9494,179.903,818.0,-0.09709,-78.11202,0.0,0,-1.0,-1.0,-1.0,-1.0,-1.0,0.0,0.0,0.0,0.0
1791563856.85,2235820.7,731.2,89953.4,89953.4,960.6,1099.6,1210.3,76.42,90.25,-179.95,285.63,0.0,0.0,0.0,0.0,162558.7,-580201.1,391178.8,0.9494,179.903,818.0,-0.09708,-78.1426,0.0,0,-1.0,-1.0,-1.0,-1.0,-1.0,0.0,0.0,0.0,0.0
1791563857.47,2235821.2,731.8,90432.8,90432.8,957.1,1096.4,1207.4,76.85,90.26,-179.95,285.61,0.0,0.0,0.0,0.0,162558.7,-580201.1,391178.8,0.9494,179.903,818.0,-0.09708,-78.17316,0.0,0,-1.0,-1.0,-1.0,-1.0,-1.0,0.0,0.0,0.0,0.0
1791563857.97,2235821.8,732.3,90948.6,90948.6,953.3,1092.9,1204.3,77.31,90.26,-179.96,285.58,0.0,0.0,0.0,0.0,162558.7,-580201.1,391178.8,0.9494,179.903,818.0,-0.09708,-78.20612,0.0,0,-1.0,-1.0,-1.0,-1.0,-1.0,0.0,0.0,0.0,0.0
1791563858.47,2235822.3,732.8,91424.4,91424.4,949.8,1089.6,1201.4,77.74,90.27,-179.97,285.56,0.0,0.0,0.0,0.0,162558.7,-580201.1,391178.8,0.9494,179.903,818.0,-0.09707,-78.23661,0.0,0,-1.0,-1.0,-1.0,-1.0,-1.0,0.0,0.0,0.0,0.0
1791563858.97,2235822.8,733.3,91898.5,91898.5,946.4,1086.4,1198.5,78.16,90.28,-179.98,285.54,0.0,0.0,0.0,0.0,162558.7,-580201.1,391178.8,0.9494,179.903,818.0,-0.09707,-78.26707,0.0,0,-1.0,-1.0,-1.0,-1.0,-1.0,0.0,0.0,0.0,0.0
1791563859.47,2235823.3,733.8,92351.9,92351.9,943.0,1083.3,1195.7,78.57,90.29,-179.99,285.52,0.0,0.0,0.0,0.0,162558.7,-580201.1,391178.8,0.9494,179.903,818.0,-0.09707,-78.29629,0.0,0,-1.0,-1.0,-1.0,-1.0,-1.0,0.0,0.0,0.0,0.0
1791563859.98,2235823.8,734.3,92822.6,92822.6,939.5,1080.1,1192.8,79.0,90.3,180.0,285.49,0.0,0.0,0.0,0.0,162558.7,-580201.1,391178.8,0.9494,179.903,818.0,-0.09706,-78.32669,0.0,0,-1.0,-1.0,-1.0,-1.0,-1.0,0.0,0.0,0.0,0.0
1791563860.48,2235824.3,734.8,93291.5,93291.5,936.1,1076.9,1189.9,79.43,90.31,179.99,285.47,0.0,0.0,0.0,0.0,162558.7,-580201.1,391178.8,0.9494,179.903,818.0,-0.09706,-78.35706,0.0,0,-1.0,-1.0,-1.0,-1.0,-1.0,0.0,0.0,0.0,0.0
1791563860.98,2235824.8,735.3,93758.6,93758.6,932.6,1073.8,1187.1,79.85,90.33,179.97,285.45,0.0,0.0,0.0,0.0,162558.7,-580201.1,391178.8,0.9494,179.903,818.0,-0.09706,-78.3874,0.0,0,-1.0,-1.0,-1.0,-1.0,-1.0,0.0,0.0,0.0,0.0
1791563861.48,2235825.3,735.8,94242.6,94242.6,929.0,1070.4,1184.1,80.3,90.34,179.96,285.43,0.0,0.0,0.0,0.0,162558.7,-580201.1,391178.8,0.9494,179.903,818.0,-0.09705,-78.41893,0.0,0,-1.0,-1.0,-1.0,-1.0,-1.0,0.0,0.0,0.0,0.0
1791563861.98,2235825.8,736.3,94687.8,94687.8,925.7,1067.4,1181.4,80.72,90.36,179.94,285.4,0.0,0.0,0.0,0.0,162558.7,-580201.1,391178.8,0.9494,179.903,818.0,-0.09705,-78.448,0.0,0,-1.0,-1.0,-1.0,-1.0,-1.0,0.0,0.0,0.0,0.0
1791563862.49,2235826.3,736.8,95168.2,95168.2,922.1,1064.1,1178.4,81.15,90.37,179.93,285.38,0.0,0.0,0.0,0.0,162558.7,-580201.1,391178.8,0.9494,179.903,818.0,-0.09705,-78.47946,0.0,0,-1.0,-1.0,-1.0,-1.0,-1.0,0.0,0.0,0.0,0.0
1791563862.99,2235826.8,737.3,95628.4,95628.4,918.6,1060.9,1175.6,81.58,90.39,179.91,285.36,0.0,0.0,0.0,0.0,162558.7,-580201.1,391178.8,0.9494,179.903,818.0,-0.09704,-78.50969,0.0,0,-1.0,-1.0,-1.0,-1.0,-1.0,0.0,0.0,0.0,0.0
1791563863.49,2235827.3,737.8,96086.8,96086.8,915.2,1057.8,1172.8,82.0,90.41,179.89,285.34,0.0,0.0,0.0,0.0,162558.7,-580201.1,391178.8,0.9494,179.903,818.0,-0.09704,-78.53988,0.0,0,-1.0,-1.0,-1.0,-1.0,-1.0,0.0,0.0,0.0,0.0
1791563863.99,2235827.8,738.3,96543.6,96543.6,911.8,1054.6,1169.9,82.43,90.44,179.86,285.32,0.0,0.0,0.0,0.0,162558.7,-580201.1,391178.8,0.9494,179.903,818.0,-0.09704,-78.57005,0.0,0,-1.0,-1.0,-1.0,-1.0,-1.0,0.0,0.0,0.0,0.0
1791563864.49,2235828.3,738.8,96998.6,96998.6,908.3,1051.5,1167.1,82.86,90.46,179.84,285.3,0.0,0.0,0.0,0.0,162558.7,-580201.1,391178.8,0.9494,179.903,818.0,-0.09703,-78.60018,0.0,0,-1.0,-1.0,-1.0,-1.0,-1.0,0.0,0.0,0.0,0.0
1791563865.0,2235828.8,739.3,97451.9,97451.9,904.9,1048.3,1164.3,83.28,90.49,179.81,285.27,0.0,0.0,0.0,0.0,162558.7,-580201.1,391178.8,0.9494,179.903,818.0,-0.09703,-78.63029,0.0,0,-1.0,-1.0,-1.0,-1.0,-1.0,0.0,0.0,0.0,0.0
1791563865.5,2235829.3,739.8,97903.5,97903.5,901.5,1045.2,1161.5,83.73,90.52,179.78,285.25,0.0,0.0,0.0,0.0,162558.7,-580201.1,391178.8,0.9494,179.903,818.0,-0.09703,-78.66038,0.0,0,-1.0,-1.0,-1.0,-1.0,-1.0,0.0,0.0,0.0,0.0
1791563866.0,2235829.8,740.3,98335.4,98335.4,898.2,1042.2,1158.9,84.12,90.56,179.74,285.23,0.0,0.0,0.0,0.0,162558.7,-580201.1,391178.8,0.9494,179.903,818.0,-0.09702,-78.68923,0.0,0,-1.0,-1.0,-1.0,-1.0,-1.0,0.0,0.0,0.0,0.0
1791563866.5,2235830.3,740.8,98783.6,98783.6,894.8,1039.1,1156.1,84.55,90.6,179.7,285.21,0.0,0.0,0.0,0.0,162558.7,-580201.1,391178.8,0.9494,179.903,818.0,-0.09702,-78.71925,0.0,0,-1.0,-1.0,-1.0,-1.0,-1.0,0.0,0.0,0.0,0.0
1791563867.0,2235830.8,741.3,99230.1,99230.1,891.3,1036.0,1153.3,84.98,90.65,179.65,285.19,0.0,0.0,0.0,0.0,162558.7,-580201.1,391178.8,0.9494,179.903,818.0,-0.09702,-78.74925,0.0,0,-1.0,-1.0,-1.0,-1.0,-1.0,0.0,0.0,0.0,0.0
1791563867.51,2235831.3,741.8,99674.9,99674.9,887.9,1032.9,1150.6,85.4,90.71,179.59,285.17,0.0,0.0,0.0,0.0,162558.7,-580201.1,391178.8,0.9494,179.903,818.0,-0.09701,-78.77922,0.0,0,-1.0,-1.0,-1.0,-1.0,-1.0,0.0,0.0,0.0,0.0
1791563868.01,2235831.8,742.4,100118.1,100118.1,884.5,1029.8,1147.8,85.83,90.78,179.52,285.14,0.0,0.0,0.0,0.02,162557.7,-580200.3,391178.7,0.9494,179.903,818.0,-0.09701,-78.80883,0.0,0,-1.0,-1.0,-1.0,-1.0,-1.0,0.0,0.0,0.0,0.0
1791563868.51,2235832.3,742.9,100559.5,100559.5,881.1,1026.7,1145.0,86.27,90.87,179.43,285.12,0.0,0.0,0.0,0.0,162557.7,-580200.3,391178.7,0.9494,179.903,818.0,-0.09701,-78.83875,0.0,0,-1.0,-1.0,-1.0,-1.0,-1.0,0.0,0.0,0.0,0.0
1791563869.01,2235832.8,743.4,100999.2,100999.2,877.7,1023.6,1142.3,86.7,90.98,179.32,285.1,0.0,0.0,0.0,0.0,162557.7,-580200.3,391178.7,0.9494,179.903,818.0,-0.097,-78.86864,0.0,0,-1.0,-1.0,-1.0,-1.0,-1.0,0.0,0.0,0.0,0.0
1791563869.51,2235833.3,743.9,101437.2,101437.2,874.3,1020.5,1139.6,87.14,91.13,179.17,285.08,0.0,0.0,0.0,0.0,162557.7,-580200.3,391178.7,0.9494,179.903,818.0,-0.097,-78.8985,0.0,0,-1.0,-1.0,-1.0,-1.0,-1.0,0.0,0.0,0.0,0.0
1791563870.01,2235833.8,744.4,101873.5,101873.5,870.9,1017.5,1136.8,87.57,91.33,178.97,285.06,0.0,0.0,0.0,0.0,162557.7,-580200.3,391178.7,0.9494,179.903,818.0,-0.097,-78.92834,0.0,0,-1.0,-1.0,-1.0,-1.0,-1.0,0.0,0.0,0.0,0.0
1791563870.52,2235834.3,744.9,102308.1,102308.1,867.6,1014.4,1134.1,88.03,91.63,178.66,285.04,0.0,0.0,0.0,0.0,162557.7,-580200.3,391178.7,0.9494,179.903,818.0,-0.09699,-78.95814,0.0,0,-1.0,-1.0,-1.0,-1.0,-1.0,0.0,0.0,0.0,0.0
1791563871.02,2235834.8,745.4,102758.3,102758.3,864.0,1011.2,1131.3,88.46,92.09,178.2,285.01,0.0,0.0,0.0,0.0,162557.7,-580200.3,391178.7,0.9494,179.903,818.0,-0.09699,-78.98912,0.0,0,-1.0,-1.0,-1.0,-1.0,-1.0,0.0,0.0,0.0,0.0
1791563871.52,2235835.3,745.9,103189.5,103189.5,860.7,1008.2,1128.6,88.9,92.92,177.38,284.99,0.0,0.0,0.0,0.0,162557.7,-580200.3,391178.7,0.9494,179.903,818.0,-0.09699,-79.01887,0.0,0,-1.0,-1.0,-1.0,-1.0,-1.0,0.0,0.0,0.0,0.0
1791563872.03,2235835.8,746.4,103619.0,103619.0,857.3,1005.1,1125.9,89.33,94.81,175.48,284.97,0.0,0.0,0.0,0.0,162557.7,-580200.3,391178.7,0.9494,179.903,818.0,-0.09698,-79.0486,0.0,0,-1.0,-1.0,-1.0,-1.0,-1.0,0.0,0.0,0.0,0.0
1791563872.53,2235836.3,746.9,104046.8,104046.8,853.9,1002.1,1123.2,89.77,103.73,166.57,284.95,0.0,0.0,0.0,0.0,162557.7,-580200.3,391178.7,0.9494,179.903,818.0,-0.09698,-79.07831,0.0,0,-1.0,-1.0,-1.0,-1.0,-1.0,0.0,0.0,0.0,0.0
1791563873.03,2235836.8,747.4,104489.9,104489.9,850.4,998.9,1120.4,89.77,256.06,14.24,284.93,0.0,0.0,0.0,0.0,162557.7,-580200.3,391178.7,0.9494,179.903,818.0,-0.09698,-79.10917,0.0,0,-1.0,-1.0,-1.0,-1.0,-1.0,0.0,0.0,0.0,0.0
1791563873.53,2235837.3,747.9,104897.4,104897.4,847.2,996.0,1117.9,89.35,265.05,5.24,284.91,0.0,0.0,0.0,0.0,162557.7,-580200.3,391178.7,0.9494,179.903,818.0,-0.09697,-79.13763,0.0,0,-1.0,-1.0,-1.0,-1.0,-1.0,0.0,0.0,0.0,0.0
1791563874.03,2235837.8,748.4,105320.1,105320.1,843.8,993.0,1115.2,88.92,267.05,3.25,284.89,0.0,0.0,0.0,0.0,162557.7,-580200.3,391178.7,0.9494,179.903,818.0,-0.09697,-79.16726,0.0,0,-1.0,-1.0,-1.0,-1.0,-1.0,0.0,0.0,0.0,0.0
1791563874.54,2235838.3,748.9,105758.0,105758.0,840.3,989.9,1112.4,88.47,267.93,2.37,284.86,0.0,0.0,0.0,0.0,162557.7,-580200.3,391178.7,0.9494,179.903,818.0,-0.09697,-79.19804,0.0,0,-1.0,-1.0,-1.0,-1.0,-1.0,0.0,0.0,0.0,0.0
1791563875.04,2235838.8,749.4,106177.3,106177.3,837.0,986.9,1109.8,88.03,268.39,1.91,284.84,0.0,0.0,0.0,0.0,162557.7,-580200.3,391178.7,0.9494,179.903,818.0,-0.09696,-79.22762,0.0,0,-1.0,-1.0,-1.0,-1.0,-1.0,0.0,0.0,0.0,0.0
1791563875.55,2235839.3,749.9,106595.0,106595.0,833.7,983.9,1107.1,87.6,268.68,1.61,284.82,0.0,0.0,0.0,0.0,162557.7,-580200.3,391178.7,0.9494,179.903,818.0,-0.09696,-79.25717,0.0,0,-1.0,-1.0,-1.0,-1.0,-1.0,0.0,0.0,0.0,0.0
1791563876.05,2235839.8,750.4,107011.0,107011.0,830.3,980.9,1104.5,87.16,268.89,1.41,284.8,0.0,0.0,0.0,0.0,162557.7,-580200.3,391178.7,0.9494,179.903,818.0,-0.09695,-79.28669,0.0,0,-1.0,-1.0,-1.0,-1.0,-1.0,0.0,0.0,0.0,0.0
1791563876.64,2235840.3,751.0,107425.3,107425.3,827.0,977.9,1101.9,86.72,269.04,1.26,284.78,0.0,0.0,0.0,0.0,162557.7,-580200.3,391178.7,0.9494,179.903,818.0,-0.09695,-79.31619,0.0,0,-1.0,-1.0,-1.0,-1.0,-1.0,0.0,0.0,0.0,0.0
1791563877.14,2235840.8,751.5,107854.4,107854.4,823.5,974.8,1099.1,86.27,269.16,1.14,284.76,0.0,0.0,0.0,0.0,162557.7,-580200.3,391178.7,0.9494,179.903,818.0,-0.09695,-79.34684,0.0,0,-1.0,-1.0,-1.0,-1.0,-1.0,0.0,0.0,0.0,0.0
1791563877.65,2235841.3,752.0,108281.8,108281.8,820.0,971.7,1096.4,85.82,269.25,1.05,284.74,0.0,0.0,0.0,0.0,162557.7,-580200.3,391178.7,0.9494,179.903,818.0,-0.09694,-79.37747,0.0,0,-1.0,-1.0,-1.0,-1.0,-1.0,0.0,0.0,0.0,0.0
1791563878.15,2235841.8,752.5,108691.0,108691.0,816.7,968.7,1093.8,85.38,269.32,0.98,284.71,0.0,0.0,0.0,0.0,162557.7,-580200.3,391178.7,0.9494,179.903,818.0,-0.09694,-79.40689,0.0,0,-1.0,-1.0,-1.0,-1.0,-1.0,0.0,0.0,0.0,0.0
1791563878.65,2235842.3,753.0,109098.5,109098.5,813.4,965.8,1091.2,84.94,269.38,0.92,284.69,0.0,0.0,0.0,0.0,162557.7,-580200.3,391178.7,0.9494,179.903,818.0,-0.09694,-79.43629,0.0,0,-1.0,-1.0,-1.0,-1.0,-1.0,0.0,0.0,0.0,0.0
1791563879.15,2235842.8,753.5,109504.3,109504.3,810.1,962.8,1088.6,84.51,269.43,0.87,284.67,0.0,0.0,0.0,0.0,162557.7,-580200.3,391178.7,0.9494,179.903,818.0,-0.09693,-79.46567,0.0,0,-1.0,-1.0,-1.0,-1.0,-1.0,0.0,0.0,0.0,0.0
1791563879.67,2235843.4,754.0,109924.7,109924.7,806.6,959.7,1085.9,84.06,269.48,0.82,284.65,0.0,0.0,0.0,0.0,162557.7,-580200.3,391178.7,0.9494,179.903,818.0,-0.09693,-79.49619,0.0,0,-1.0,-1.0,-1.0,-1.0,-1.0,0.0,0.0,0.0,0.0
1791563880.17,2235843.9,754.5,110327.2,110327.2,803.3,956.8,1083.4,83.62,269.51,0.78,284.63,0.0,0.0,0.0,0.0,162557.7,-580200.3,391178.7,0.9494,179.903,818.0,-0.09693,-79.52552,0.0,0,-1.0,-1.0,-1.0,-1.0,-1.0,0.0,0.0,0.0,0.0
1791563880.68,2235844.4,755.0,110728.0,110728.0,800.0,953.9,1080.8,83.18,269.54,0.75,284.61,0.0,0.0,0.0,0.0,162557.7,-580200.3,391178.7,0.9494,179.903,818.0,-0.09692,-79.55482,0.0,0,-1.0,-1.0,-1.0,-1.0,-1.0,0.0,0.0,0.0,0.0
1791563881.18,2235844.9,755.5,111143.1,111143.1,796.6,950.8,1078.1,82.73,269.57,0.72,284.59,0.0,0.0,0.0,0.0,162557.7,-580200.3,391178.7,0.9494,179.903,818.0,-0.09692,-79.58527,0.0,0,-1.0,-1.0,-1.0,-1.0,-1.0,0.0,0.0,0.0,0.0
1791563881.69,2235845.4,756.0,111524.7,111524.7,793.4,948.0,1075.7,82.31,269.6,0.7,284.57,0.0,0.0,0.0,0.0,162557.7,-580200.3,391178.7,0.9494,179.903,818.0,-0.09691,-79.61336,0.0,0,-1.0,-1.0,-1.0,-1.0,-1.0,0.0,0.0,0.0,0.0
1791563882.19,2235845.9,756.5,111936.4,111936.4,790.0,945.0,1073.0,81.86,269.62,0.68,284.55,0.0,0.0,0.0,0.0,162557.7,-580200.3,391178.7,0.9494,179.903,818.0,-0.09691,-79.64376,0.0,0,-1.0,-1.0,-1.0,-1.0,-1.0,0.0,0.0,0.0,0.0
1791563882.7,2235846.4,757.0,112330.6,112330.6,786.7,942.1,1070.5,81.42,269.64,0.66,284.52,0.0,0.0,0.0,0.0,162557.7,-580200.3,391178.7,0.9494,179.903,818.0,-0.09691,-79.67296,0.0,0,-1.0,-1.0,-1.0,-1.0,-1.0,0.0,0.0,0.0,0.0
1791563883.2,2235846.9,757.5,112723.1,112723.1,783.4,939.2,1068.0,80.98,269.66,0.64,284.5,0.0,0.0,0.0,0.0,162557.7,-580200.3,391178.7,0.9494,179.903,818.0,-0.0969,-79.70215,0.0,0,-1.0,-1.0,-1.0,-1.0,-1.0,0.0,0.0,0.0,0.0
1791563883.7,2235847.4,758.0,113114.0,113114.0,780.1,936.3,1065.4,80.55,269.68,0.62,284.48,0.0,0.0,0.0,0.0,162557.7,-580200.3,391178.7,0.9494,179.903,818.0,-0.0969,-79.73131,0.0,0,-1.0,-1.0,-1.0,-1.0,-1.0,0.0,0.0,0.0,0.0
1791563884.2,2235847.9,758.5,113503.2,113503.2,776.8,933.4,1062.9,80.11,269.69,0.61,284.46,0.0,0.0,0.0,0.0,162557.7,-580200.3,391178.7,0.9494,179.903,818.0,-0.0969,-79.76045,0.0,0,-1.0,-1.0,-1.0,-1.0,-1.0,0.0,0.0,0.0,0.0
1791563884.71,2235848.4,759.1,113906.3,113906.3,773.4,930.4,1060.3,79.66,269.7,0.59,284.44,0.0,0.0,0.0,0.0,162557.7,-580200.3,391178.7,0.9494,179.903,818.0,-0.09689,-79.79073,0.0,0,-1.0,-1.0,-1.0,-1.0,-1.0,0.0,0.0,0.0,0.0
1791563885.21,2235848.9,759.6,114276.7,114276.7,770.3,927.6,1057.9,79.24,269.72,0.58,284.42,0.0,0.0,0.0,0.0,162557.7,-580200.3,391178.7,0.9494,179.903,818.0,-0.09689,-79.81866,0.0,0,-1.0,-1.0,-1.0,-1.0,-1.0,0.0,0.0,0.0,0.0
1791563885.71,2235849.4,760.1,114661.1,114661.1,767.0,924.8,1055.4,78.8,269.73,0.57,284.4,0.0,0.0,0.0,0.0,162557.7,-580200.3,391178.7,0.9494,179.903,818.0,-0.09689,-79.84773,0.0,0,-1.0,-1.0,-1.0,-1.0,-1.0,0.0,0.0,0.0,0.0
1791563886.22,2235849.9,760.6,115059.0,115059.0,763.6,921.8,1052.8,78.35,269.74,0.56,284.38,0.0,0.0,0.0,0.0,162557.7,-580200.3,391178.7,0.9494,179.903,818.0,-0.09688,-79.87795,0.0,0,-1.0,-1.0,-1.0,-1.0,-1.0,0.0,0.0,0.0,0.0
1791563886.72,2235850.4,761.1,115440.0,115440.0,760.3,918.9,1050.3,77.91,269.75,0.55,284.36,0.0,0.0,0.0,0.0,162557.7,-580200.3,391178.7,0.9494,179.903,818.0,-0.09688,-79.90697,0.0,0,-1.0,-1.0,-1.0,-1.0,-1.0,0.0,0.0,0.0,0.0
1791563887.23,2235850.9,761.6,115819.4,115819.4,757.1,916.1,1047.9,77.48,269.76,0.54,284.34,0.0,0.0,0.0,0.0,162557.7,-580200.3,391178.7,0.9494,179.903,818.0,-0.09687,-79.93598,0.0,0,-1.0,-1.0,-1.0,-1.0,-1.0,0.0,0.0,0.0,0.0
1791563887.73,2235851.3,762.1,116121.7,116121.7,754.5,913.8,1045.9,77.13,269.77,0.53,284.32,0.0,0.0,0.0,0.0,162557.7,-580200.3,391178.7,0.9494,179.903,818.0,-0.09687,-79.95917,0.0,0,-1.0,-1.0,-1.0,-1.0,-1.0,0.0,0.0,0.0,0.0
1791563888.23,2235851.8,762.6,116498.1,116498.1,751.2,911.0,1043.4,76.69,269.77,0.52,284.3,0.0,0.0,0.0,0.0,162557.7,-580200.3,391178.7,0.9494,179.903,818.0,-0.09687,-79.98813,0.0,0,-1.0,-1.0,-1.0,-1.0,-1.0,0.0,0.0,0.0,0.0
1791563888.73,2235852.3,763.1,116872.9,116872.9,748.0,908.1,1041.0,76.25,269.78,0.51,284.28,0.0,0.0,0.0,0.0,162557.7,-580200.3,391178.7,0.9494,179.903,818.0,-0.09686,-80.01708,0.0,0,-1.0,-1.0,-1.0,-1.0,-1.0,0.0,0.0,0.0,0.0
1791563889.24,2235852.8,763.6,117260.9,117260.9,744.6,905.2,1038.5,75.8,269.79,0.51,284.26,0.0,0.0,0.0,0.0,162557.7,-580200.3,391178.7,0.9494,179.903,818.0,-0.09686,-80.04716,0.0,0,-1.0,-1.0,-1.0,-1.0,-1.0,0.0,0.0,0.0,0.0
1791563889.74,2235853.3,764.1,117632.4,117632.4,741.3,902.4,1036.0,75.36,269.8,0.5,284.24,0.0,0.0,0.0,0.0,162557.7,-580200.3,391178.7,0.9494,179.903,818.0,-0.09686,-80.07606,0.0,0,-1.0,-1.0,-1.0,-1.0,-1.0,0.0,0.0,0.0,0.0
1791563890.25,2235853.8,764.6,118002.3,118002.3,738.1,899.5,1033.6,74.93,269.8,0.49,284.22,0.0,0.0,0.0,0.0,162557.7,-580200.3,391178.7,0.9494,179.903,818.0,-0.09685,-80.10494,0.0,0,-1.0,-1.0,-1.0,-1.0,-1.0,0.0,0.0,0.0,0.0
1791563890.75,2235854.3,765.1,118385.2,118385.2,734.7,896.6,1031.1,74.47,269.81,0.49,284.2,0.0,0.0,0.0,0.0,162557.7,-580200.3,391178.7,0.9494,179.903,818.0,-0.09685,-80.13495,0.0,0,-1.0,-1.0,-1.0,-1.0,-1.0,0.0,0.0,0.0,0.0
1791563891.25,2235854.8,765.6,118751.8,118751.8,731.5,893.8,1028.7,74.04,269.81,0.48,284.17,0.0,0.0,0.0,0.0,162557.7,-580200.3,391178.7,0.9494,179.903,818.0,-0.09684,-80.16378,0.0,0,-1.0,-1.0,-1.0,-1.0,-1.0,0.0,0.0,0.0,0.0
1791563891.76,2235855.3,766.1,119116.7,119116.7,728.2,891.0,1026.3,73.6,269.82,0.48,284.15,0.0,0.0,0.0,0.0,162557.7,-580200.3,391178.7,0.9494,179.903,818.0,-0.09684,-80.1926,0.0,0,-1.0,-1.0,-1.0,-1.0,-1.0,0.0,0.0,0.0,0.0
1791563892.26,2235855.8,766.6,119480.0,119480.0,725.0,888.2,1023.9,73.16,269.82,0.47,284.13,0.0,0.0,0.0,0.0,162557.7,-580200.3,391178.7,0.9494,179.903,818.0,-0.09684,-80.22139,0.0,0,-1.0,-1.0,-1.0,-1.0,-1.0,0.0,0.0,0.0,0.0
1791563892.76,2235856.3,767.1,119841.7,119841.7,721.8,885.5,1021.5,72.73,269.83,0.47,284.11,0.0,0.0,0.0,0.0,162557.7,-580200.3,391178.7,0.9494,179.903,818.0,-0.09683,-80.25017,0.0,0,-1.0,-1.0,-1.0,-1.0,-1.0,0.0,0.0,0.0,0.0
1791563893.26,2235856.8,767.6,120201.8,120201.8,718.6,882.7,1019.1,72.29,269.83,0.46,284.09,0.0,0.0,0.0,0.0,162557.7,-580200.3,391178.7,0.9494,179.903,818.0,-0.09683,-80.27892,0.0,0,-1.0,-1.0,-1.0,-1.0,-1.0,0.0,0.0,0.0,0.0
1791563893.77,2235857.3,768.1,120560.3,120560.3,715.3,879.9,1016.7,71.85,269.84,0.46,284.07,0.0,0.0,0.0,0.0,162557.7,-580200.3,391178.7,0.9494,179.903,818.0,-0.09683,-80.30766,0.0,0,-1.0,-1.0,-1.0,-1.0,-1.0,0.0,0.0,0.0,0.0
1791563894.27,2235857.8,768.6,120917.2,120917.2,712.1,877.2,1014.3,71.42,269.84,0.45,284.05,0.0,0.0,0.0,0.0,162557.7,-580200.3,391178.7,0.9494,179.903,818.0,-0.09682,-80.33637,0.0,0,-1.0,-1.0,-1.0,-1.0,-1.0,0.0,0.0,0.0,0.0
1791563894.77,2235858.3,769.1,121272.4,121272.4,708.9,874.4,1012.0,70.98,269.85,0.45,284.03,0.0,0.0,0.0,0.0,162557.7,-580200.3,391178.7,0.9494,179.903,818.0,-0.09682,-80.36506,0.0,0,-1.0,-1.0,-1.0,-1.0,-1.0,0.0,0.0,0.0,0.0
1791563895.27,2235858.9,769.6,121640.2,121640.2,705.6,871.5,1009.5,70.52,269.85,0.44,284.01,0.0,0.0,0.0,0.0,162557.7,-580200.3,391178.7,0.9494,179.903,818.0,-0.09681,-80.39488,0.0,0,-1.0,-1.0,-1.0,-1.0,-1.0,0.0,0.0,0.0,0.0
1791563895.79,2235859.4,770.1,121992.2,121992.2,702.4,868.8,1007.2,70.09,269.85,0.44,283.99,0.0,0.0,0.0,0.0,162557.7,-580200.3,391178.7,0.9494,179.903,818.0,-0.09681,-80.42353,0.0,0,-1.0,-1.0,-1.0,-1.0,-1.0,0.0,0.0,0.0,0.0
1791563896.29,2235859.9,770.6,122342.6,122342.6,699.2,866.1,1004.9,69.65,269.86,0.44,283.97,0.0,0.0,0.0,0.0,162557.7,-580200.3,391178.7,0.9494,179.903,818.0,-0.09681,-80.45217,0.0,0,-1.0,-1.0,-1.0,-1.0,-1.0,0.0,0.0,0.0,0.0
1791563896.79,2235860.4,771.1,122691.4,122691.4,696.0,863.3,1002.5,69.21,269.86,0.43,283.95,0.0,0.0,0.0,0.0,162557.7,-580200.3,391178.7,0.9494,179.903,818.0,-0.0968,-80.48078,0.0,0,-1.0,-1.0,-1.0,-1.0,-1.0,0.0,0.0,0.0,0.0
1791563897.29,2235860.9,771.6,123038.5,123038.5,692.8,860.6,1000.2,68.78,269.86,0.43,283.93,0.0,0.0,0.0,0.0,162557.7,-580200.3,391178.7,0.9494,179.903,818.0,-0.0968,-80.50937,0.0,0,-1.0,-1.0,-1.0,-1.0,-1.0,0.0,0.0,0.0,0.0
1791563897.79,2235861.4,772.1,123384.1,123384.1,689.6,857.9,997.9,68.34,269.87,0.43,283.91,0.0,0.0,0.0,0.0,162557.7,-580200.3,391178.7,0.9494,179.903,818.0,-0.09679,-80.53795,0.0,0,-1.0,-1.0,-1.0,-1.0,-1.0,0.0,0.0,0.0,0.0
1791563898.29,2235861.9,772.6,123728.1,123728.1,686.4,855.2,995.6,67.9,269.87,0.42,283.89,0.0,0.0,0.0,0.0,162557.7,-580200.3,391178.7,0.9494,179.903,818.0,-0.09679,-80.5665,0.0,0,-1.0,-1.0,-1.0,-1.0,-1.0,0.0,0.0,0.0,0.0
1791563898.8,2235862.4,773.1,124070.5,124070.5,683.2,852.5,993.3,67.47,269.87,0.42,283.87,0.0,0.0,0.0,0.0,162557.7,-580200.3,391178.7,0.9494,179.903,818.0,-0.09679,-80.59504,0.0,0,-1.0,-1.0,-1.0,-1.0,-1.0,0.0,0.0,0.0,0.0
1791563899.3,2235862.9,773.6,124411.3,124411.3,680.0,849.8,991.0,67.01,269.88,0.42,283.85,0.0,0.0,0.0,0.0,162557.7,-580200.3,391178.7,0.9494,179.903,818.0,-0.09678,-80.62356,0.0,0,-1.0,-1.0,-1.0,-1.0,-1.0,0.0,0.0,0.0,0.0
1791563899.8,2235863.4,774.1,124764.1,124764.1,676.7,847.0,988.6,66.58,269.88,0.42,283.83,0.0,0.0,0.0,0.0,162557.7,-580200.3,391178.7,0.9494,179.903,818.0,-0.09678,-80.65319,0.0,0,-1.0,-1.0,-1.0,-1.0,-1.0,0.0,0.0,0.0,0.0
1791563900.3,2235863.9,774.6,125101.6,125101.6,673.5,844.3,986.3,66.14,269.88,0.41,283.81,0.0,0.0,0.0,0.0,162557.7,-580200.3,391178.7,0.9494,179.903,818.0,-0.09677,-80.68167,0.0,0,-1.0,-1.0,-1.0,-1.0,-1.0,0.0,0.0,0.0,0.0
1791563900.8,2235864.4,775.1,125437.6,125437.6,670.3,841.6,984.1,65.7,269.88,0.41,283.79,0.0,0.0,0.0,0.0,162557.7,-580200.3,391178.7,0.9494,179.903,818.0,-0.09677,-80.71013,0.0,0,-1.0,-1.0,-1.0,-1.0,-1.0,0.0,0.0,0.0,0.0
1791563901.31,2235864.9,775.6,125771.9,125771.9,667.2,839.0,981.8,65.26,269.89,0.41,283.77,0.0,0.0,0.0,0.0,162557.7,-580200.3,391178.7,0.9494,179.903,818.0,-0.09677,-80.73857,0.0,0,-1.0,-1.0,-1.0,-1.0,-1.0,0.0,0.0,0.0,0.0
1791563901.81,2235865.4,776.2,126104.7,126104.7,664.0,836.3,979.6,64.83,269.89,0.41,283.75,0.0,0.0,0.0,0.0,162557.7,-580200.3,391178.7,0.9494,179.903,818.0,-0.09676,-80.76699,0.0,0,-1.0,-1.0,-1.0,-1.0,-1.0,0.0,0.0,0.0,0.0
1791563902.31,2235865.9,776.7,126435.9,126435.9,660.8,833.7,977.3,64.39,269.89,0.4,283.73,0.0,0.0,0.0,0.0,162557.7,-580200.3,391178.7,0.9494,179.903,818.0,-0.09676,-80.7954,0.0,0,-1.0,-1.0,-1.0,-1.0,-1.0,0.0,0.0,0.0,0.0
1791563902.81,2235866.4,777.2,126765.5,126765.5,657.6,831.0,975.1,63.95,269.89,0.4,283.71,0.0,0.0,0.0,0.0,162557.7,-580200.3,391178.7,0.9494,179.903,818.0,-0.09675,-80.82378,0.0,0,-1.0,-1.0,-1.0,-1.0,-1.0,0.0,0.0,0.0,0.0
1791563903.31,2235866.9,777.7,127093.6,127093.6,654.5,828.4,972.8,63.52,269.89,0.4,283.69,0.0,0.0,0.0,0.0,162557.7,-580200.3,391178.7,0.9494,179.903,818.0,-0.09675,-80.85215,0.0,0,-1.0,-1.0,-1.0,-1.0,-1.0,0.0,0.0,0.0,0.0
1791563903.81,2235867.4,778.2,127420.0,127420.0,651.3,825.7,970.6,63.08,269.9,0.4,283.67,0.0,0.0,0.0,0.0,162557.7,-580200.3,391178.7,0.9494,179.903,818.0,-0.09675,-80.8805,0.0,0,-1.0,-1.0,-1.0,-1.0,-1.0,0.0,0.0,0.0,0.0
1791563904.31,2235867.9,778.7,127719.0,127719.0,648.4,823.3,968.6,62.68,269.9,0.39,283.65,0.0,0.0,0.0,0.0,162557.7,-580200.3,391178.7,0.9494,179.903,818.0,-0.09674,-80.90657,0.0,0,-1.0,-1.0,-1.0,-1.0,-1.0,0.0,0.0,0.0,0.0
1791563904.82,2235867.9,779.2,127744.9,127744.9,648.2,823.1,968.4,62.64,269.9,0.39,283.65,0.0,0.0,0.0,0.0,162557.7,-580200.3,391178.7,0.9494,179.903,818.0,-0.09674,-80.90883,0.0,0,-1.0,-1.0,-1.0,-1.0,-1.0,0.0,0.0,0.0,0.0
1791563905.32,2235867.9,779.7,127744.9,127744.9,648.2,823.1,968.4,62.64,269.9,0.39,283.65,0.0,0.0,0.0,0.0,162557.7,-580200.3,391178.7,0.9494,179.903,818.0,-0.09674,-80.90883,0.0,0,-1.0,-1.0,-1.0,-1.0,-1.0,0.0,0.0,0.0,0.0
1791563905.82,2235867.9,780.2,127770.8,127770.8,647.9,822.9,968.2,62.61,269.9,0.39,283.65,0.0,0.0,0.0,0.0,162557.7,-580200.3,391178.7,0.9494,179.903,818.0,-0.09674,-80.9111,0.0,0,-1.0,-1.0,-1.0,-1.0,-1.0,0.0,0.0,0.0,0.0
1791563906.32,2235867.9,780.7,127770.8,127770.8,647.9,822.9,968.2,62.61,269.9,0.39,283.65,0.0,0.0,0.0,0.0,162557.7,-580200.3,391178.7,0.9494,179.903,818.0,-0.09674,-80.9111,0.0,0,-1.0,-1.0,-1.0,-1.0,-1.0,0.0,0.0,0.0,0.0
1791563906.82,2235868.0,781.2,127796.7,127796.7,647.7,822.7,968.1,62.57,269.9,0.39,283.64,0.0,0.0,0.0,0.0,162557.7,-580200.3,391178.7,0.9494,179.903,818.0,-0.09674,-80.91337,0.0,0,-1.0,-1.0,-1.0,-1.0,-1.0,0.0,0.0,0.0,0.0
1791563907.33,2235868.0,781.7,127796.7,127796.7,647.7,822.7,968.1,62.57,269.9,0.39,283.64,0.0,0.0,0.0,0.0,162557.7,-580200.3,391178.7,0.9494,179.903,818.0,-0.09674,-80.91337,0.0,0,-1.0,-1.0,-1.0,-1.0,-1.0,0.0,0.0,0.0,0.0
1791563907.83,2235868.0,782.2,127822.6,127822.6,647.4,822.5,967.9,62.54,269.9,0.39,283.64,0.0,0.0,0.0,0.0,162557.7,-580200.3,391178.7,0.9494,179.903,818.0,-0.09674,-80.91563,0.0,0,-1.0,-1.0,-1.0,-1.0,-1.0,0.0,0.0,0.0,0.0
1791563908.33,2235868.0,782.7,127822.6,127822.6,647.4,822.5,967.9,62.54,269.9,0.39,283.64,0.0,0.0,0.0,0.0,162557.7,-580200.3,391178.7,0.9494,179.903,818.0,-0.09674,-80.91563,0.0,0,-1.0,-1.0,-1.0,-1.0,-1.0,0.0,0.0,0.0,0.0
1791563908.83,2235868.0,783.2,127848.5,127848.5,647.1,822.3,967.7,62.5,269.9,0.39,283.64,0.0,0.0,0.0,0.0,162557.7,-580200.3,391178.7,0.9494,179.903,818.0,-0.09674,-80.9179,0.0,0,-1.0,-1.0,-1.0,-1.0,-1.0,0.0,0.0,0.0,0.0
1791563909.33,2235868.0,783.7,127848.5,127848.5,647.1,822.3,967.7,62.5,269.9,0.39,283.64,0.0,0.0,0.0,0.0,162557.7,-580200.3,391178.7,0.9494,179.903,818.0,-0.09674,-80.9179,0.0,0,-1.0,-1.0,-1.0,-1.0,-1.0,0.0,0.0,0.0,0.0
1791563909.83,2235868.1,784.2,127874.4,127874.4,646.9,822.0,967.5,62.47,269.9,0.39,283.64,0.0,0.0,0.0,0.0,162557.7,-580200.3,391178.7,0.9494,179.903,818.0,-0.09674,-80.92016,0.0,0,-1.0,-1.0,-1.0,-1.0,-1.0,0.0,0.0,0.0,0.0
1791563910.34,2235868.1,784.7,127874.4,127874.4,646.9,822.0,967.5,62.47,269.9,0.39,283.64,0.0,0.0,0.0,0.0,162557.7,-580200.3,391178.7,0.9494,179.903,818.0,-0.09674,-80.92016,0.0,0,-1.0,-1.0,-1.0,-1.0,-1.0,0.0,0.0,0.0,0.0
1791563910.84,2235868.1,785.2,127900.3,127900.3,646.6,821.8,967.3,62.43,269.9,0.39,283.64,0.0,0.0,0.0,0.0,162557.7,-580200.3,391178.7,0.9494,179.903,818.0,-0.09674,-80.92243,0.0,0,-1.0,-1.0,-1.0,-1.0,-1.0,0.0,0.0,0.0,0.0
1791563911.34,2235868.1,785.7,127900.3,127900.3,646.6,821.8,967.3,62.43,269.9,0.39,283.64,0.0,0.0,0.0,0.0,162557.7,-580200.3,391178.7,0.9494,179.903,818.0,-0.09674,-80.92243,0.0,0,-1.0,-1.0,-1.0,-1.0,-1.0,0.0,0.0,0.0,0.0
1791563911.84,2235868.2,786.2,127926.1,127926.1,646.4,821.6,967.2,62.4,269.9,0.39,283.64,0.0,0.0,0.0,0.0,162557.7,-580200.3,391178.7,0.9494,179.903,818.0,-0.09674,-80.92469,0.0,0,-1.0,-1.0,-1.0,-1.0,-1.0,0.0,0.0,0.0,0.0
1791563912.34,2235868.2,786.7,127926.1,127926.1,646.4,821.6,967.2,62.4,269.9,0.39,283.64,0.0,0.0,0.0,0.0,162557.7,-580200.3,391178.7,0.9494,179.903,818.0,-0.09674,-80.92469,0.0,0,-1.0,-1.0,-1.0,-1.0,-1.0,0.0,0.0,0.0,0.0
1791563912.84,2235868.2,787.2,127952.0,127952.0,646.1,821.4,967.0,62.36,269.9,0.39,283.63,0.0,0.0,0.0,0.0,162557.7,-580200.3,391178.7,0.9494,179.903,818.0,-0.09674,-80.92696,0.0,0,-1.0,-1.0,-1.0,-1.0,-1.0,0.0,0.0,0.0,0.0
1791563913.34,2235868.2,787.7,127952.0,127952.0,646.1,821.4,967.0,62.36,269.9,0.39,283.63,0.0,0.0,0.0,0.0,162557.7,-580200.3,391178.7,0.9494,179.903,818.0,-0.09674,-80.92696,0.0,0,-1.0,-1.0,-1.0,-1.0,-1.0,0.0,0.0,0.0,0.0
1791563913.85,2235868.2,788.2,127977.8,127977.8,645.9,821.2,966.8,62.33,269.9,0.39,283.63,0.0,0.0,0.0,0.0,162557.7,-580200.3,391178.7,0.9494,179.903,818.0,-0.09674,-80.92922,0.0,0,-1.0,-1.0,-1.0,-1.0,-1.0,0.0,0.0,0.0,0.0
1791563914.35,2235868.2,788.7,127977.8,127977.8,645.9,821.2,966.8,62.33,269.9,0.39,283.63,0.0,0.0,0.0,0.0,162557.7,-580200.3,391178.7,0.9494,179.903,818.0,-0.09674,-80.92922,0.0,0,-1.0,-1.0,-1.0,-1.0,-1.0,0.0,0.0,0.0,0.0
1791563914.86,2235868.3,789.2,128003.7,128003.7,645.6,821.0,966.6,62.29,269.9,0.39,283.63,0.0,0.0,0.0,0.0,162557.7,-580200.3,391178.7,0.9494,179.903,818.0,-0.09674,-80.93149,0.0,0,-1.0,-1.0,-1.0,-1.0,-1.0,0.0,0.0,0.0,0.0
1791563915.36,2235868.3,789.7,128003.7,128003.7,645.6,821.0,966.6,62.29,269.9,0.39,283.63,0.0,0.0,0.0,0.0,162557.7,-580200.3,391178.7,0.9494,179.903,818.0,-0.09674,-80.93149,0.0,0,-1.0,-1.0,-1.0,-1.0,-1.0,0.0,0.0,0.0,0.0
1791563915.86,2235868.3,790.2,128029.5,128029.5,645.4,820.8,966.5,62.26,269.9,0.39,283.63,0.0,0.0,0.0,0.0,162557.7,-580200.3,391178.7,0.9494,179.903,818.0,-0.09674,-80.93375,0.0,0,-1.0,-1.0,-1.0,-1.0,-1.0,0.0,0.0,0.0,0.0
1791563916.37,2235868.3,790.7,128029.5,128029.5,645.4,820.8,966.5,62.26,269.9,0.39,283.63,0.0,0.0,0.0,0.0,162557.7,-580200.3,391178.7,0.9494,179.903,818.0,-0.09674,-80.93375,0.0,0,-1.0,-1.0,-1.0,-1.0,-1.0,0.0,0.0,0.0,0.0
1791563916.87,2235868.4,791.2,128055.3,128055.3,645.1,820.6,966.3,62.22,269.9,0.39,283.63,0.0,0.0,0.0,0.0,162557.7,-580200.3,391178.7,0.9494,179.903,818.0,-0.09674,-80.93602,0.0,0,-1.0,-1.0,-1.0,-1.0,-1.0,0.0,0.0,0.0,0.0
1791563917.37,2235868.4,791.7,128055.3,128055.3,645.1,820.6,966.3,62.22,269.9,0.39,283.63,0.0,0.0,0.0,0.0,162557.7,-580200.3,391178.7,0.9494,179.903,818.0,-0.09674,-80.93602,0.0,0,-1.0,-1.0,-1.0,-1.0,-1.0,0.0,0.0,0.0,0.0
1791563917.87,2235868.4,792.2,128081.1,128081.1,644.9,820.4,966.1,62.19,269.9,0.39,283.63,0.0,0.0,0.0,0.0,162557.7,-580200.3,391178.7,0.9494,179.903,818.0,-0.09674,-80.93828,0.0,0,-1.0,-1.0,-1.0,-1.0,-1.0,0.0,0.0,0.0,0.0
1791563918.37,2235868.4,792.7,128081.1,128081.1,644.9,820.4,966.1,62.19,269.9,0.39,283.63,0.0,0.0,0.0,0.0,162557.7,-580200.3,391178.7,0.9494,179.903,818.0,-0.09674,-80.93828,0.0,0,-1.0,-1.0,-1.0,-1.0,-1.0,0.0,0.0,0.0,0.0
1791563918.87,2235868.4,793.2,128106.9,128106.9,644.6,820.2,965.9,62.15,269.9,0.39,283.62,0.0,0.0,0.0,0.0,162557.7,-580200.3,391178.7,0.9494,179.903,818.0,-0.09674,-80.94055,0.0,0,-1.0,-1.0,-1.0,-1.0,-1.0,0.0,0.0,0.0,0.0
1791563919.37,2235868.4,793.7,128106.9,128106.9,644.6,820.2,965.9,62.15,269.9,0.39,283.62,0.0,0.0,0.0,0.0,162557.7,-580200.3,391178.7,0.9494,179.903,818.0,-0.09674,-80.94055,0.0,0,-1.0,-1.0,-1.0,-1.0,-1.0,0.0,0.0,0.0,0.0
1791563919.88,2235868.5,794.2,128132.7,128132.7,644.4,819.9,965.8,62.12,269.9,0.39,283.62,0.0,0.0,0.0,0.0,162557.7,-580200.3,391178.7,0.9494,179.903,818.0,-0.09674,-80.94281,0.0,0,-1.0,-1.0,-1.0,-1.0,-1.0,0.0,0.0,0.0,0.0
1791563920.38,2235868.5,794.7,128132.7,128132.7,644.4,819.9,965.8,62.12,269.9,0.39,283.62,0.0,0.0,0.0,0.0,162557.7,-580200.3,391178.7,0.9494,179.903,818.0,-0.09674,-80.94281,0.0,0,-1.0,-1.0,-1.0,-1.0,-1.0,0.0,0.0,0.0,0.0
1791563920.88,2235868.5,795.2,128158.4,128158.4,644.1,819.7,965.6,62.08,269.9,0.39,283.62,0.0,0.0,0.0,0.0,162557.7,-580200.3,391178.7,0.9494,179.903,818.0,-0.09674,-80.94507,0.0,0,-1.0,-1.0,-1.0,-1.0,-1.0,0.0,0.0,0.0,0.0
1791563921.38,2235868.5,795.7,128158.4,128158.4,644.1,819.7,965.6,62.08,269.9,0.39,283.62,0.0,0.0,0.0,0.0,162557.7,-580200.3,391178.7,0.9494,179.903,818.0,-0.09674,-80.94507,0.0,0,-1.0,-1.0,-1.0,-1.0,-1.0,0.0,0.0,0.0,0.0
1791563921.88,2235868.6,796.2,128184.2,128184.2,643.9,819.5,965.4,62.05,269.9,0.39,283.62,0.0,0.0,0.0,0.0,162557.7,-580200.3,391178.7,0.9494,179.903,818.0,-0.09674,-80.94734,0.0,0,-1.0,-1.0,-1.0,-1.0,-1.0,0.0,0.0,0.0,0.0
1791563922.38,2235868.6,796.7,128184.2,128184.2,643.9,819.5,965.4,62.05,269.9,0.39,283.62,0.0,0.0,0.0,0.0,162557.7,-580200.3,391178.7,0.9494,179.903,818.0,-0.09674,-80.94734,0.0,0,-1.0,-1.0,-1.0,-1.0,-1.0,0.0,0.0,0.0,0.0
1791563922.89,2235868.6,797.2,128209.9,128209.9,643.6,819.3,965.2,62.01,269.9,0.39,283.62,0.0,0.0,0.0,0.0,162557.7,-580200.3,391178.7,0.9494,179.903,818.0,-0.09674,-80.9496,0.0,0,-1.0,-1.0,-1.0,-1.0,-1.0,0.0,0.0,0.0,0.0
1791563923.39,2235868.6,797.7,128209.9,128209.9,643.6,819.3,965.2,62.01,269.9,0.39,283.62,0.0,0.0,0.0,0.0,162557.7,-580200.3,391178.7,0.9494,179.903,818.0,-0.09674,-80.9496,0.0,0,-1.0,-1.0,-1.0,-1.0,-1.0,0.0,0.0,0.0,0.0
1791563923.89,2235868.6,798.2,128235.7,128235.7,643.4,819.1,965.1,61.98,269.9,0.39,283.62,0.0,0.0,0.0,0.0,162557.7,-580200.3,391178.7,0.9494,179.903,818.0,-0.09674,-80.95187,0.0,0,-1.0,-1.0,-1.0,-1.0,-1.0,0.0,0.0,0.0,0.0
1791563924.39,2235868.6,798.7,128235.7,128235.7,643.4,819.1,965.1,61.98,269.9,0.39,283.62,0.0,0.0,0.0,0.0,162557.7,-580200.3,391178.7,0.9494,179.903,818.0,-0.09674,-80.95187,0.0,0,-1.0,-1.0,-1.0,-1.0,-1.0,0.0,0.0,0.0,0.0
1791563924.89,2235868.7,799.2,128261.4,128261.4,643.1,818.9,964.9,61.94,269.9,0.39,283.61,0.0,0.0,0.0,0.0,162557.7,-580200.3,391178.7,0.9494,179.903,818.0,-0.09674,-80.95413,0.0,0,-1.0,-1.0,-1.0,-1.0,-1.0,0.0,0.0,0.0,0.0
1791563925.39,2235868.7,799.7,128261.4,128261.4,643.1,818.9,964.9,61.94,269.9,0.39,283.61,0.0,0.0,0.0,0.0,162557.7,-580200.3,391178.7,0.9494,179.903,818.0,-0.09674,-80.95413,0.0,0,-1.0,-1.0,-1.0,-1.0,-1.0,0.0,0.0,0.0,0.0
1791563925.9,2235868.7,800.2,128287.1,128287.1,642.9,818.7,964.7,61.91,269.9,0.39,283.61,0.0,0.0,0.0,0.0,162557.7,-580200.3,391178.7,0.9494,179.903,818.0,-0.09674,-80.95639,0.0,0,-1.0,-1.0,-1.0,-1.0,-1.0,0.0,0.0,0.0,0.0
1791563926.4,2235868.7,800.7,128287.1,128287.1,642.9,818.7,964.7,61.91,269.9,0.39,283.61,0.0,0.0,0.0,0.0,162557.7,-580200.3,391178.7,0.9494,179.903,818.0,-0.09674,-80.95639,0.0,0,-1.0,-1.0,-1.0,-1.0,-1.0,0.0,0.0,0.0,0.0
1791563926.9,2235868.8,801.2,128312.8,128312.8,642.6,818.5,964.5,61.87,269.9,0.39,283.61,0.0,0.0,0.0,0.0,162557.7,-580200.3,391178.7,0.9494,179.903,818.0,-0.09674,-80.95866,0.0,0,-1.0,-1.0,-1.0,-1.0,-1.0,0.0,0.0,0.0,0.0
1791563927.4,2235868.8,801.7,128312.8,128312.8,642.6,818.5,964.5,61.87,269.9,0.39,283.61,0.0,0.0,0.0,0.0,162557.7,-580200.3,391178.7,0.9494,179.903,818.0,-0.09674,-80.95866,0.0,0,-1.0,-1.0,-1.0,-1.0,-1.0,0.0,0.0,0.0,0.0
1791563927.9,2235868.8,802.2,128338.5,128338.5,642.4,818.3,964.3,61.84,269.9,0.39,283.61,0.0,0.0,0.0,0.0,162557.7,-580200.3,391178.7,0.9494,179.903,818.0,-0.09673,-80.96092,0.0,0,-1.0,-1.0,-1.0,-1.0,-1.0,0.0,0.0,0.0,0.0
1791563928.4,2235868.8,802.7,128338.5,128338.5,642.4,818.3,964.3,61.84,269.9,0.39,283.61,0.0,0.0,0.0,0.0,162557.7,-580200.3,391178.7,0.9494,179.903,818.0,-0.09673,-80.96092,0.0,0,-1.0,-1.0,-1.0,-1.0,-1.0,0.0,0.0,0.0,0.0
1791563928.9,2235868.8,803.2,128364.2,128364.2,642.1,818.1,964.2,61.8,269.9,0.39,283.61,0.0,0.0,0.0,0.0,162557.7,-580200.3,391178.7,0.9494,179.903,818.0,-0.09673,-80.96318,0.0,0,-1.0,-1.0,-1.0,-1.0,-1.0,0.0,0.0,0.0,0.0
1791563929.41,2235868.8,803.7,128364.2,128364.2,642.1,818.1,964.2,61.8,269.9,0.39,283.61,0.0,0.0,0.0,0.0,162557.7,-580200.3,391178.7,0.9494,179.903,818.0,-0.09673,-80.96318,0.0,0,-1.0,-1.0,-1.0,-1.0,-1.0,0.0,0.0,0.0,0.0
1791563929.91,2235868.9,804.3,128389.9,128389.9,641.8,817.9,964.0,61.77,269.9,0.39,283.61,0.0,0.0,0.0,0.0,162557.7,-580200.3,391178.7,0.9494,179.903,818.0,-0.09673,-80.96545,0.0,0,-1.0,-1.0,-1.0,-1.0,-1.0,0.0,0.0,0.0,0.0
1791563930.41,2235868.9,804.8,128389.9,128389.9,641.8,817.9,964.0,61.77,269.9,0.39,283.61,0.0,0.0,0.0,0.0,162557.7,-580200.3,391178.7,0.9494,179.903,818.0,-0.09673,-80.96545,0.0,0,-1.0,-1.0,-1.0,-1.0,-1.0,0.0,0.0,0.0,0.0
1791563930.91,2235868.9,805.3,128415.6,128415.6,641.6,817.6,963.8,61.73,269.9,0.39,283.61,0.0,0.0,0.0,0.0,162557.7,-580200.3,391178.7,0.9494,179.903,818.0,-0.09673,-80.96771,0.0,0,-1.0,-1.0,-1.0,-1.0,-1.0,0.0,0.0,0.0,0.0
1791563931.41,2235868.9,805.8,128415.6,128415.6,641.6,817.6,963.8,61.73,269.9,0.39,283.61,0.0,0.0,0.0,0.0,162557.7,-580200.3,391178.7,0.9494,179.903,818.0,-0.09673,-80.96771,0.0,0,-1.0,-1.0,-1.0,-1.0,-1.0,0.0,0.0,0.0,0.0
1791563931.91,2235869.0,806.3,128441.2,128441.2,641.3,817.4,963.6,61.7,269.9,0.39,283.6,0.0,0.0,0.0,0.0,162557.7,-580200.3,391178.7,0.9494,179.903,818.0,-0.09673,-80.96997,0.0,0,-1.0,-1.0,-1.0,-1.0,-1.0,0.0,0.0,0.0,0.0
1791563932.42,2235869.0,806.8,128441.2,128441.2,641.3,817.4,963.6,61.7,269.9,0.39,283.6,0.0,0.0,0.0,0.0,162557.7,-580200.3,391178.7,0.9494,179.903,818.0,-0.09673,-80.96997,0.0,0,-1.0,-1.0,-1.0,-1.0,-1.0,0.0,0.0,0.0,0.0
1791563932.92,2235869.0,807.3,128466.9,128466.9,641.1,817.2,963.5,61.66,269.9,0.39,283.6,0.0,0.0,0.0,0.0,162557.7,-580200.3,391178.7,0.9494,179.903,818.0,-0.09673,-80.97223,0.0,0,-1.0,-1.0,-1.0,-1.0,-1.0,0.0,0.0,0.0,0.0
1791563933.42,2235869.0,807.8,128466.9,128466.9,641.1,817.2,963.5,61.66,269.9,0.39,283.6,0.0,0.0,0.0,0.0,162557.7,-580200.3,391178.7,0.9494,179.903,818.0,-0.09673,-80.97223,0.0,0,-1.0,-1.0,-1.0,-1.0,-1.0,0.0,0.0,0.0,0.0
1791563933.92,2235869.0,808.3,128492.5,128492.5,640.8,817.0,963.3,61.63,269.9,0.39,283.6,0.0,0.0,0.0,0.0,162557.7,-580200.3,391178.7,0.9494,179.903,818.0,-0.09673,-80.9745,0.0,0,-1.0,-1.0,-1.0,-1.0,-1.0,0.0,0.0,0.0,0.0
1791563934.42,2235869.0,808.8,128492.5,128492.5,640.8,817.0,963.3,61.63,269.9,0.39,283.6,0.0,0.0,0.0,0.0,162557.7,-580200.3,391178.7,0.9494,179.903,818.0,-0.09673,-80.9745,0.0,0,-1.0,-1.0,-1.0,-1.0,-1.0,0.0,0.0,0.0,0.0
1791563934.92,2235869.1,809.3,128518.2,128518.2,640.6,816.8,963.1,61.59,269.9,0.39,283.6,0.0,0.0,0.0,0.0,162557.7,-580200.3,391178.7,0.9494,179.903,818.0,-0.09673,-80.97676,0.0,0,-1.0,-1.0,-1.0,-1.0,-1.0,0.0,0.0,0.0,0.0
1791563935.42,2235869.1,809.8,128518.2,128518.2,640.6,816.8,963.1,61.59,269.9,0.39,283.6,0.0,0.0,0.0,0.0,162557.7,-580200.3,391178.7,0.9494,179.903,818.0,-0.09673,-80.97676,0.0,0,-1.0,-1.0,-1.0,-1.0,-1.0,0.0,0.0,0.0,0.0
1791563935.93,2235869.1,810.3,128543.8,128543.8,640.3,816.6,962.9,61.56,269.9,0.39,283.6,0.0,0.0,0.0,0.0,162557.7,-580200.3,391178.7,0.9494,179.903,818.0,-0.09673,-80.97902,0.0,0,-1.0,-1.0,-1.0,-1.0,-1.0,0.0,0.0,0.0,0.0
1791563936.43,2235869.1,810.8,128543.8,128543.8,640.3,816.6,962.9,61.56,269.9,0.39,283.6,0.0,0.0,0.0,0.0,162557.7,-580200.3,391178.7,0.9494,179.903,818.0,-0.09673,-80.97902,0.0,0,-1.0,-1.0,-1.0,-1.0,-1.0,0.0,0.0,0.0,0.0
1791563936.93,2235869.2,811.3,128569.4,128569.4,640.1,816.4,962.8,61.52,269.9,0.39,283.6,0.0,0.0,0.0,0.0,162557.7,-580200.3,391178.7,0.9494,179.903,818.0,-0.09673,-80.98128,0.0,0,-1.0,-1.0,-1.0,-1.0,-1.0,0.0,0.0,0.0,0.0
1791563937.43,2235869.2,811.8,128569.4,128569.4,640.1,816.4,962.8,61.52,269.9,0.39,283.6,0.0,0.0,0.0,0.0,162557.7,-580200.3,391178.7,0.9494,179.903,818.0,-0.09673,-80.98128,0.0,0,-1.0,-1.0,-1.0,-1.0,-1.0,0.0,0.0,0.0,0.0
1791563937.93,2235869.2,812.3,128595.0,128595.0,639.8,816.2,962.6,61.49,269.9,0.39,283.59,0.0,0.0,0.0,0.0,162557.7,-580200.3,391178.7,0.9494,179.903,818.0,-0.09673,-80.98355,0.0,0,-1.0,-1.0,-1.0,-1.0,-1.0,0.0,0.0,0.0,0.0
1791563938.43,2235869.2,812.8,128595.0,128595.0,639.8,816.2,962.6,61.49,269.9,0.39,283.59,0.0,0.0,0.0,0.0,162557.7,-580200.3,391178.7,0.9494,179.903,818.0,-0.09673,-80.98355,0.0,0,-1.0,-1.0,-1.0,-1.0,-1.0,0.0,0.0,0.0,0.0
1791563938.94,2235869.2,813.3,128620.6,128620.6,639.6,816.0,962.4,61.45,269.9,0.39,283.59,0.0,0.0,0.0,0.0,162557.7,-580200.3,391178.7,0.9494,179.903,818.0,-0.09673,-80.98581,0.0,0,-1.0,-1.0,-1.0,-1.0,-1.0,0.0,0.0,0.0,0.0
1791563939.44,2235869.2,813.8,128620.6,128620.6,639.6,816.0,962.4,61.45,269.9,0.39,283.59,0.0,0.0,0.0,0.0,162557.7,-580200.3,391178.7,0.9494,179.903,818.0,-0.09673,-80.98581,0.0,0,-1.0,-1.0,-1.0,-1.0,-1.0,0.0,0.0,0.0,0.0
1791563939.94,2235869.3,814.3,128646.2,128646.2,639.3,815.8,962.2,61.42,269.9,0.39,283.59,0.0,0.0,0.0,0.0,162557.7,-580200.3,391178.7,0.9494,179.903,818.0,-0.09673,-80.98807,0.0,0,-1.0,-1.0,-1.0,-1.0,-1.0,0.0,0.0,0.0,0.0
1791563940.44,2235869.3,814.8,128646.2,128646.2,639.3,815.8,962.2,61.42,269.9,0.39,283.59,0.0,0.0,0.0,0.0,162557.7,-580200.3,391178.7,0.9494,179.903,818.0,-0.09673,-80.98807,0.0,0,-1.0,-1.0,-1.0,-1.0,-1.0,0.0,0.0,0.0,0.0
1791563940.94,2235869.6,815.3,128837.7,128837.7,637.4,814.2,960.9,61.16,269.9,0.39,283.58,0.0,0.0,0.0,0.0,162557.7,-580200.3,391178.7,0.9494,179.903,818.0,-0.09673,-81.00503,0.0,0,-1.0,-1.0,-1.0,-1.0,-1.0,0.0,0.0,0.0,0.0
1791563941.44,2235870.1,815.8,129155.6,129155.6,634.3,811.6,958.8,60.72,269.91,0.39,283.56,0.0,0.0,0.0,0.0,162557.7,-580200.3,391178.7,0.9494,179.903,818.0,-0.09672,-81.03329,0.0,0,-1.0,-1.0,-1.0,-1.0,-1.0,0.0,0.0,0.0,0.0
1791563941.95,2235870.6,816.3,129472.0,129472.0,631.1,809.0,956.6,60.28,269.91,0.38,283.54,0.0,0.0,0.0,0.0,162557.7,-580200.3,391178.7,0.9494,179.903,818.0,-0.09672,-81.06152,0.0,0,-1.0,-1.0,-1.0,-1.0,-1.0,0.0,0.0,0.0,0.0
1791563942.45,2235871.1,816.8,129786.8,129786.8,628.0,806.4,954.4,59.84,269.91,0.38,283.52,0.0,0.0,0.0,0.0,162557.7,-580200.3,391178.7,0.9494,179.903,818.0,-0.09672,-81.08974,0.0,0,-1.0,-1.0,-1.0,-1.0,-1.0,0.0,0.0,0.0,0.0
1791563942.95,2235871.6,817.3,130100.0,130100.0,624.9,803.9,952.3,59.41,269.91,0.38,283.5,0.0,0.0,0.0,0.0,162557.7,-580200.3,391178.7,0.9494,179.903,818.0,-0.09671,-81.11795,0.0,0,-1.0,-1.0,-1.0,-1.0,-1.0,0.0,0.0,0.0,0.0
1791563943.45,2235872.0,817.8,130386.8,130386.8,622.0,801.5,950.3,59.0,269.91,0.38,283.48,0.0,0.0,0.0,0.0,162557.7,-580200.3,391178.7,0.9494,179.903,818.0,-0.09671,-81.14388,0.0,0,-1.0,-1.0,-1.0,-1.0,-1.0,0.0,0.0,0.0,0.0
1791563943.96,2235872.5,818.3,130697.0,130697.0,618.8,798.9,948.1,58.57,269.91,0.38,283.46,0.0,0.0,0.0,0.0,162557.7,-580200.3,391178.7,0.9494,179.903,818.0,-0.0967,-81.17205,0.0,0,-1.0,-1.0,-1.0,-1.0,-1.0,0.0,0.0,0.0,0.0
1791563944.46,2235873.0,818.8,131005.6,131005.6,615.7,796.4,946.0,58.13,269.92,0.38,283.44,0.0,0.0,0.0,0.0,162557.7,-580200.3,391178.7,0.9494,179.903,818.0,-0.0967,-81.2002,0.0,0,-1.0,-1.0,-1.0,-1.0,-1.0,0.0,0.0,0.0,0.0
1791563944.96,2235873.5,819.3,131263.7,131263.7,613.1,794.2,944.2,57.76,269.92,0.38,283.42,0.0,0.0,0.0,0.0,162557.7,-580200.3,391178.7,0.9494,179.903,818.0,-0.0967,-81.22384,0.0,0,-1.0,-1.0,-1.0,-1.0,-1.0,0.0,0.0,0.0,0.0
1791563945.47,2235874.0,819.8,131569.5,131569.5,610.0,791.7,942.1,57.33,269.92,0.37,283.41,0.0,0.0,0.0,0.0,162557.7,-580200.3,391178.7,0.9494,179.903,818.0,-0.09669,-81.25196,0.0,0,-1.0,-1.0,-1.0,-1.0,-1.0,0.0,0.0,0.0,0.0
1791563945.97,2235874.5,820.3,131873.7,131873.7,606.8,789.1,940.0,56.89,269.92,0.37,283.39,0.0,0.0,0.0,0.0,162557.7,-580200.3,391178.7,0.9494,179.903,818.0,-0.09669,-81.28007,0.0,0,-1.0,-1.0,-1.0,-1.0,-1.0,0.0,0.0,0.0,0.0
1791563946.47,2235875.0,820.8,132176.3,132176.3,603.7,786.6,937.9,56.45,269.92,0.37,283.37,0.0,0.0,0.0,0.0,162557.7,-580200.3,391178.7,0.9494,179.903,818.0,-0.09668,-81.30816,0.0,0,-1.0,-1.0,-1.0,-1.0,-1.0,0.0,0.0,0.0,0.0
1791563946.98,2235875.5,821.3,132477.4,132477.4,600.6,784.1,935.8,56.01,269.92,0.37,283.35,0.0,0.0,0.0,0.0,162557.7,-580200.3,391178.7,0.9494,179.903,818.0,-0.09668,-81.33623,0.0,0,-1.0,-1.0,-1.0,-1.0,-1.0,0.0,0.0,0.0,0.0
1791563947.48,2235876.0,821.8,132776.9,132776.9,597.5,781.6,933.7,55.58,269.92,0.37,283.33,0.0,0.0,0.0,0.0,162557.7,-580200.3,391178.7,0.9494,179.903,818.0,-0.09668,-81.36429,0.0,0,-1.0,-1.0,-1.0,-1.0,-1.0,0.0,0.0,0.0,0.0
1791563947.98,2235876.5,822.3,133074.9,133074.9,594.4,779.1,931.6,55.14,269.92,0.37,283.31,0.0,0.0,0.0,0.0,162557.7,-580200.3,391178.7,0.9494,179.903,818.0,-0.09667,-81.39233,0.0,0,-1.0,-1.0,-1.0,-1.0,-1.0,0.0,0.0,0.0,0.0
1791563948.48,2235877.0,822.8,133371.3,133371.3,591.3,776.5,929.5,54.7,269.93,0.37,283.29,0.0,0.0,0.0,0.0,162557.7,-580200.3,391178.7,0.9494,179.903,818.0,-0.09667,-81.42036,0.0,0,-1.0,-1.0,-1.0,-1.0,-1.0,0.0,0.0,0.0,0.0
1791563948.99,2235877.5,823.3,133677.9,133677.9,588.0,774.0,927.4,54.25,269.93,0.36,283.27,0.0,0.0,0.0,0.0,162557.7,-580200.3,391178.7,0.9494,179.903,818.0,-0.09666,-81.44949,0.0,0,-1.0,-1.0,-1.0,-1.0,-1.0,0.0,0.0,0.0,0.0
1791563949.49,2235878.0,823.8,133971.1,133971.1,584.9,771.5,925.3,53.81,269.93,0.36,283.25,0.0,0.0,0.0,0.0,162557.7,-580200.3,391178.7,0.9494,179.903,818.0,-0.09666,-81.47748,0.0,0,-1.0,-1.0,-1.0,-1.0,-1.0,0.0,0.0,0.0,0.0
1791563949.99,2235878.5,824.3,134262.8,134262.8,581.8,769.0,923.3,53.37,269.93,0.36,283.23,0.0,0.0,0.0,0.0,162557.7,-580200.3,391178.7,0.9494,179.903,818.0,-0.09666,-81.50546,0.0,0,-1.0,-1.0,-1.0,-1.0,-1.0,0.0,0.0,0.0,0.0
1791563950.49,2235879.0,824.8,134553.0,134553.0,578.7,766.5,921.2,52.93,269.93,0.36,283.21,0.0,0.0,0.0,0.0,162557.7,-580200.3,391178.7,0.9494,179.903,818.0,-0.09665,-81.53342,0.0,0,-1.0,-1.0,-1.0,-1.0,-1.0,0.0,0.0,0.0,0.0
1791563950.99,2235879.5,825.3,134841.6,134841.5,575.6,764.0,919.2,52.5,269.93,0.36,283.19,0.0,0.0,0.0,0.0,162557.7,-580200.3,391178.7,0.9494,179.903,818.0,-0.09665,-81.56137,0.0,0,-1.0,-1.0,-1.0,-1.0,-1.0,0.0,0.0,0.0,0.0
1791563951.49,2235880.0,825.8,135128.6,135128.6,572.5,761.6,917.2,52.06,269.93,0.36,283.17,0.0,0.0,0.0,0.0,162557.7,-580200.3,391178.7,0.9494,179.903,818.0,-0.09664,-81.5893,0.0,0,-1.0,-1.0,-1.0,-1.0,-1.0,0.0,0.0,0.0,0.0
1791563952.0,2235880.5,826.3,135414.1,135414.1,569.4,759.1,915.2,51.62,269.93,0.36,283.15,0.0,0.0,0.0,0.0,162557.7,-580200.3,391178.7,0.9494,179.903,818.0,-0.09664,-81.61722,0.0,0,-1.0,-1.0,-1.0,-1.0,-1.0,0.0,0.0,0.0,0.0
1791563952.5,2235881.0,826.8,135698.0,135698.0,566.3,756.7,913.2,51.18,269.93,0.36,283.13,0.0,0.0,0.0,0.0,162557.7,-580200.3,391178.7,0.9494,179.903,818.0,-0.09663,-81.64512,0.0,0,-1.0,-1.0,-1.0,-1.0,-1.0,0.0,0.0,0.0,0.0
1791563953.0,2235881.5,827.3,135991.7,135991.7,563.1,754.1,911.1,50.73,269.94,0.36,283.11,0.0,0.0,0.0,0.0,162557.7,-580200.3,391178.7,0.9494,179.903,818.0,-0.09663,-81.67412,0.0,0,-1.0,-1.0,-1.0,-1.0,-1.0,0.0,0.0,0.0,0.0
1791563953.5,2235882.0,827.8,136261.3,136261.3,560.1,751.8,909.2,50.31,269.94,0.35,283.09,0.0,0.0,0.0,0.0,162557.7,-580200.3,391178.7,0.9494,179.903,818.0,-0.09663,-81.70088,0.0,0,-1.0,-1.0,-1.0,-1.0,-1.0,0.0,0.0,0.0,0.0
1791563954.0,2235882.5,828.3,136551.7,136551.7,556.9,749.3,907.1,49.85,269.94,0.35,283.07,0.0,0.0,0.0,0.0,162557.7,-580200.3,391178.7,0.9494,179.903,818.0,-0.09662,-81.72985,0.0,0,-1.0,-1.0,-1.0,-1.0,-1.0,0.0,0.0,0.0,0.0
1791563954.51,2235883.0,828.8,136818.3,136818.3,554.0,747.0,905.2,49.43,269.94,0.35,283.05,0.0,0.0,0.0,0.0,162557.7,-580200.3,391178.7,0.9494,179.903,818.0,-0.09662,-81.75658,0.0,0,-1.0,-1.0,-1.0,-1.0,-1.0,0.0,0.0,0.0,0.0
1791563955.01,2235883.5,829.4,137105.6,137105.6,550.8,744.5,903.2,48.98,269.94,0.35,283.03,0.0,0.0,0.0,0.0,162557.7,-580200.3,391178.7,0.9494,179.903,818.0,-0.09661,-81.78552,0.0,0,-1.0,-1.0,-1.0,-1.0,-1.0,0.0,0.0,0.0,0.0
1791563955.51,2235884.0,829.9,137369.3,137369.3,547.8,742.2,901.3,48.56,269.94,0.35,283.01,0.0,0.0,0.0,0.0,162557.7,-580200.3,391178.7,0.9494,179.903,818.0,-0.09661,-81.81222,0.0,0,-1.0,-1.0,-1.0,-1.0,-1.0,0.0,0.0,0.0,0.0
1791563956.01,2235884.5,830.4,137642.4,137642.4,544.7,739.8,899.3,48.12,269.94,0.35,282.99,0.0,0.0,0.0,0.0,162557.7,-580200.3,391178.7,0.9494,179.903,818.0,-0.0966,-81.84001,0.0,0,-1.0,-1.0,-1.0,-1.0,-1.0,0.0,0.0,0.0,0.0
1791563956.51,2235885.0,830.9,137914.0,137914.0,541.7,737.4,897.4,47.68,269.94,0.35,282.97,0.0,0.0,0.0,0.0,162557.7,-580200.3,391178.7,0.9494,179.903,818.0,-0.0966,-81.8678,0.0,0,-1.0,-1.0,-1.0,-1.0,-1.0,0.0,0.0,0.0,0.0
1791563957.01,2235885.5,831.4,138184.1,138184.1,538.6,735.0,895.5,47.24,269.94,0.35,282.95,0.0,0.0,0.0,0.0,162557.7,-580200.3,391178.7,0.9494,179.903,818.0,-0.0966,-81.89557,0.0,0,-1.0,-1.0,-1.0,-1.0,-1.0,0.0,0.0,0.0,0.0
1791563957.52,2235886.0,831.9,138463.3,138463.3,535.4,732.5,893.5,46.79,269.94,0.35,282.93,0.0,0.0,0.0,0.0,162557.7,-580200.3,391178.7,0.9494,179.903,818.0,-0.09659,-81.92443,0.0,0,-1.0,-1.0,-1.0,-1.0,-1.0,0.0,0.0,0.0,0.0
1791563958.02,2235886.5,832.4,138730.3,138730.3,532.3,730.2,891.5,46.35,269.94,0.35,282.91,0.0,0.0,0.0,0.0,162557.7,-580200.3,391178.7,0.9494,179.903,818.0,-0.09659,-81.95217,0.0,0,-1.0,-1.0,-1.0,-1.0,-1.0,0.0,0.0,0.0,0.0
1791563958.52,2235887.0,832.9,138995.7,138995.7,529.3,727.8,889.6,45.91,269.94,0.34,282.89,0.0,0.0,0.0,0.0,162557.7,-580200.3,391178.7,0.9494,179.903,818.0,-0.09658,-81.9799,0.0,0,-1.0,-1.0,-1.0,-1.0,-1.0,0.0,0.0,0.0,0.0
1791563959.02,2235887.5,833.4,139259.6,139259.5,526.2,725.5,887.7,45.48,269.94,0.34,282.88,0.0,0.0,0.0,0.0,162557.7,-580200.3,391178.7,0.9494,179.903,818.0,-0.09658,-82.00761,0.0,0,-1.0,-1.0,-1.0,-1.0,-1.0,0.0,0.0,0.0,0.0
1791563959.52,2235888.0,833.9,139521.9,139521.9,523.1,723.1,885.8,45.04,269.95,0.34,282.86,0.0,0.0,0.0,0.0,162557.7,-580200.3,391178.7,0.9494,179.903,818.0,-0.09657,-82.03531,0.0,0,-1.0,-1.0,-1.0,-1.0,-1.0,0.0,0.0,0.0,0.0
1791563960.03,2235888.5,834.4,139782.7,139782.7,520.1,720.8,884.0,44.6,269.95,0.34,282.84,0.0,0.0,0.0,0.0,162557.7,-580200.3,391178.7,0.9494,179.903,818.0,-0.09657,-82.063,0.0,0,-1.0,-1.0,-1.0,-1.0,-1.0,0.0,0.0,0.0,0.0
1791563960.53,2235889.0,834.9,140042.0,140042.0,517.0,718.5,882.1,44.16,269.95,0.34,282.82,0.0,0.0,0.0,0.0,162557.7,-580200.3,391178.7,0.9494,179.903,818.0,-0.09657,-82.09067,0.0,0,-1.0,-1.0,-1.0,-1.0,-1.0,0.0,0.0,0.0,0.0
1791563961.03,2235889.5,835.4,140289.5,140289.5,514.1,716.3,880.3,43.74,269.95,0.34,282.8,0.0,0.0,0.0,0.0,162557.7,-580200.3,391178.7,0.9494,179.903,818.0,-0.09656,-82.11722,0.0,0,-1.0,-1.0,-1.0,-1.0,-1.0,0.0,0.0,0.0,0.0
1791563961.53,2235889.9,835.9,140525.3,140525.3,511.3,714.1,878.6,43.34,269.95,0.34,282.78,0.0,0.0,0.0,0.0,162557.7,-580200.3,391178.7,0.9494,179.903,818.0,-0.09656,-82.14266,0.0,0,-1.0,-1.0,-1.0,-1.0,-1.0,0.0,0.0,0.0,0.0
1791563962.03,2235890.3,836.4,140709.0,140709.0,509.1,712.5,877.2,43.02,269.95,0.34,282.77,0.0,0.0,0.0,0.0,162557.7,-580200.3,391178.7,0.9494,179.903,818.0,-0.09655,-82.16255,0.0,0,-1.0,-1.0,-1.0,-1.0,-1.0,0.0,0.0,0.0,0.0
1791563962.53,2235890.8,836.9,140942.5,140942.5,506.3,710.4,875.5,42.62,269.95,0.34,282.75,0.0,0.0,0.0,0.0,162557.7,-580200.3,391178.7,0.9494,179.903,818.0,-0.09655,-82.18797,0.0,0,-1.0,-1.0,-1.0,-1.0,-1.0,0.0,0.0,0.0,0.0
1791563963.04,2235891.3,837.4,141194.9,141194.9,503.2,708.1,873.7,42.18,269.95,0.34,282.73,0.0,0.0,0.0,0.0,162557.7,-580200.3,391178.7,0.9494,179.903,818.0,-0.09655,-82.21558,0.0,0,-1.0,-1.0,-1.0,-1.0,-1.0,0.0,0.0,0.0,0.0
1791563963.54,2235891.8,837.9,141445.8,141445.8,500.2,705.8,871.9,41.75,269.95,0.34,282.71,0.0,0.0,0.0,0.0,162557.7,-580200.3,391178.7,0.9494,179.903,818.0,-0.09654,-82.24318,0.0,0,-1.0,-1.0,-1.0,-1.0,-1.0,0.0,0.0,0.0,0.0
1791563964.04,2235892.3,838.4,141695.1,141695.1,497.1,703.5,870.1,41.31,269.95,0.34,282.69,0.0,0.0,0.0,0.0,162557.7,-580200.3,391178.7,0.9494,179.903,818.0,-0.09654,-82.27076,0.0,0,-1.0,-1.0,-1.0,-1.0,-1.0,0.0,0.0,0.0,0.0
1791563964.54,2235892.8,838.9,141942.9,141943.0,494.1,701.3,868.2,40.87,269.95,0.34,282.67,0.0,0.0,0.0,0.0,162557.7,-580200.3,391178.7,0.9494,179.903,818.0,-0.09653,-82.29834,0.0,0,-1.0,-1.0,-1.0,-1.0,-1.0,0.0,0.0,0.0,0.0
1791563965.04,2235893.3,839.4,142189.2,142189.3,491.1,699.0,866.4,40.43,269.95,0.34,282.65,0.0,0.0,0.0,0.0,162557.7,-580200.3,391178.7,0.9494,179.903,818.0,-0.09653,-82.3259,0.0,0,-1.0,-1.0,-1.0,-1.0,-1.0,0.0,0.0,0.0,0.0
1791563965.55,2235893.8,839.9,142434.0,142434.0,488.0,696.8,864.6,39.99,269.95,0.33,282.63,0.0,0.0,0.0,0.0,162557.7,-580200.3,391178.7,0.9494,179.903,818.0,-0.09652,-82.35344,0.0,0,-1.0,-1.0,-1.0,-1.0,-1.0,0.0,0.0,0.0,0.0
1791563966.06,2235894.3,840.4,142677.3,142677.3,485.0,694.5,862.9,39.56,269.95,0.33,282.61,0.0,0.0,0.0,0.0,162557.7,-580200.3,391178.7,0.9494,179.903,818.0,-0.09652,-82.38098,0.0,0,-1.0,-1.0,-1.0,-1.0,-1.0,0.0,0.0,0.0,0.0
1791563966.56,2235894.8,840.9,142928.7,142928.7,481.8,692.2,861.0,39.1,269.95,0.33,282.59,0.0,0.0,0.0,0.0,162557.7,-580200.3,391178.7,0.9494,179.903,818.0,-0.09651,-82.4096,0.0,0,-1.0,-1.0,-1.0,-1.0,-1.0,0.0,0.0,0.0,0.0
1791563967.06,2235895.2,841.4,143120.9,143120.9,479.4,690.4,859.6,38.75,269.95,0.33,282.58,0.0,0.0,0.0,0.0,162557.7,-580200.3,391178.7,0.9494,179.903,818.0,-0.09651,-82.43161,0.0,0,-1.0,-1.0,-1.0,-1.0,-1.0,0.0,0.0,0.0,0.0
1791563967.56,2235895.7,841.9,143359.9,143359.9,476.4,688.2,857.8,38.31,269.96,0.33,282.56,0.0,0.0,0.0,0.0,162557.7,-580200.3,391178.7,0.9494,179.903,818.0,-0.09651,-82.45911,0.0,0,-1.0,-1.0,-1.0,-1.0,-1.0,0.0,0.0,0.0,0.0
1791563968.06,2235896.2,842.4,143597.3,143597.3,473.4,686.0,856.1,37.88,269.96,0.33,282.54,0.0,0.0,0.0,0.0,162557.7,-580200.3,391178.7,0.9494,179.903,818.0,-0.0965,-82.48659,0.0,0,-1.0,-1.0,-1.0,-1.0,-1.0,0.0,0.0,0.0,0.0
1791563968.57,2235896.7,842.9,143833.2,143833.3,470.3,683.8,854.3,37.44,269.96,0.33,282.52,0.0,0.0,0.0,0.0,162557.7,-580200.3,391178.7,0.9494,179.903,818.0,-0.0965,-82.51407,0.0,0,-1.0,-1.0,-1.0,-1.0,-1.0,0.0,0.0,0.0,0.0
1791563969.07,2235897.2,843.4,144067.7,144067.7,467.3,681.6,852.6,37.0,269.96,0.33,282.5,0.0,0.0,0.0,0.0,162557.7,-580200.3,391178.7,0.9494,179.903,818.0,-0.09649,-82.54153,0.0,0,-1.0,-1.0,-1.0,-1.0,-1.0,0.0,0.0,0.0,0.0
1791563969.57,2235897.7,843.9,144309.8,144309.8,464.2,679.3,850.8,36.54,269.96,0.33,282.48,0.0,0.0,0.0,0.0,162557.7,-580200.3,391178.7,0.9494,179.903,818.0,-0.09649,-82.57008,0.0,0,-1.0,-1.0,-1.0,-1.0,-1.0,0.0,0.0,0.0,0.0
1791563970.07,2235898.2,844.4,144541.2,144541.2,461.1,677.2,849.1,36.11,269.96,0.33,282.46,0.0,0.0,0.0,0.0,162557.7,-580200.3,391178.7,0.9494,179.903,818.0,-0.09648,-82.59752,0.0,0,-1.0,-1.0,-1.0,-1.0,-1.0,0.0,0.0,0.0,0.0
1791563970.57,2235898.7,844.9,144771.0,144771.0,458.1,675.0,847.4,35.67,269.96,0.33,282.44,0.0,0.0,0.0,0.0,162557.7,-580200.3,391178.7,0.9494,179.903,818.0,-0.09648,-82.62495,0.0,0,-1.0,-1.0,-1.0,-1.0,-1.0,0.0,0.0,0.0,0.0
1791563971.08,2235899.2,845.4,144990.2,144990.2,455.2,672.9,845.8,35.25,269.96,0.33,282.43,0.0,0.0,0.0,0.0,162557.7,-580200.3,391178.7,0.9494,179.903,818.0,-0.09647,-82.65126,0.0,0,-1.0,-1.0,-1.0,-1.0,-1.0,0.0,0.0,0.0,0.0
1791563971.58,2235899.7,845.9,145217.1,145217.1,452.2,670.8,844.1,34.81,269.96,0.33,282.41,0.0,0.0,0.0,0.0,162557.7,-580200.3,391178.7,0.9494,179.903,818.0,-0.09647,-82.67867,0.0,0,-1.0,-1.0,-1.0,-1.0,-1.0,0.0,0.0,0.0,0.0
1791563972.08,2235900.2,846.4,145442.4,145442.4,449.2,668.6,842.4,34.37,269.96,0.33,282.39,0.0,0.0,0.0,0.0,162557.7,-580200.3,391178.7,0.9494,179.903,818.0,-0.09647,-82.70606,0.0,0,-1.0,-1.0,-1.0,-1.0,-1.0,0.0,0.0,0.0,0.0
1791563972.58,2235900.7,846.9,145666.3,145666.3,446.2,666.5,840.7,33.93,269.96,0.33,282.37,0.0,0.0,0.0,0.0,162557.7,-580200.3,391178.7,0.9494,179.903,818.0,-0.09646,-82.73344,0.0,0,-1.0,-1.0,-1.0,-1.0,-1.0,0.0,0.0,0.0,0.0
1791563973.08,2235901.2,847.4,145888.6,145888.6,443.2,664.4,839.0,33.49,269.96,0.33,282.35,0.0,0.0,0.0,0.0,162557.7,-580200.3,391178.7,0.9494,179.903,818.0,-0.09646,-82.76081,0.0,0,-1.0,-1.0,-1.0,-1.0,-1.0,0.0,0.0,0.0,0.0
1791563973.59,2235901.7,847.9,146109.5,146109.5,440.2,662.3,837.4,33.06,269.96,0.32,282.33,0.0,0.0,0.0,0.0,162557.7,-580200.3,391178.7,0.9494,179.903,818.0,-0.09645,-82.78817,0.0,0,-1.0,-1.0,-1.0,-1.0,-1.0,0.0,0.0,0.0,0.0
1791563974.09,2235902.2,848.4,146328.8,146328.8,437.1,660.2,835.7,32.62,269.96,0.32,282.31,0.0,0.0,0.0,0.0,162557.7,-580200.3,391178.7,0.9494,179.903,818.0,-0.09645,-82.81552,0.0,0,-1.0,-1.0,-1.0,-1.0,-1.0,0.0,0.0,0.0,0.0
1791563974.59,2235902.7,848.9,146546.6,146546.6,434.1,658.1,834.1,32.18,269.96,0.32,282.29,0.0,0.0,0.0,0.0,162557.7,-580200.3,391178.7,0.9494,179.903,818.0,-0.09644,-82.84285,0.0,0,-1.0,-1.0,-1.0,-1.0,-1.0,0.0,0.0,0.0,0.0
1791563975.09,2235903.2,849.4,146762.9,146763.0,431.1,656.0,832.5,31.74,269.96,0.32,282.27,0.0,0.0,0.0,0.0,162557.7,-580200.3,391178.7,0.9494,179.903,818.0,-0.09644,-82.87018,0.0,0,-1.0,-1.0,-1.0,-1.0,-1.0,0.0,0.0,0.0,0.0
1791563975.59,2235903.7,849.9,146977.8,146977.8,428.1,653.9,830.9,31.3,269.96,0.32,282.25,0.0,0.0,0.0,0.0,162557.7,-580200.3,391178.7,0.9494,179.903,818.0,-0.09643,-82.89749,0.0,0,-1.0,-1.0,-1.0,-1.0,-1.0,0.0,0.0,0.0,0.0
1791563976.09,2235904.1,850.4,147174.1,147174.1,425.4,652.0,829.4,30.9,269.96,0.32,282.24,0.0,0.0,0.0,0.0,162557.7,-580200.3,391178.7,0.9494,179.903,818.0,-0.09643,-82.92261,0.0,0,-1.0,-1.0,-1.0,-1.0,-1.0,0.0,0.0,0.0,0.0
1791563976.6,2235904.6,850.9,147386.0,147386.0,422.4,649.9,827.8,30.46,269.96,0.32,282.22,0.0,0.0,0.0,0.0,162557.7,-580200.3,391178.7,0.9494,179.903,818.0,-0.09643,-82.9499,0.0,0,-1.0,-1.0,-1.0,-1.0,-1.0,0.0,0.0,0.0,0.0
1791563977.1,2235905.2,851.4,147596.5,147596.5,419.4,647.9,826.2,30.03,269.96,0.32,282.2,0.0,0.0,0.0,0.0,162557.7,-580200.3,391178.7,0.9494,179.903,818.0,-0.09642,-82.97718,0.0,0,-1.0,-1.0,-1.0,-1.0,-1.0,0.0,0.0,0.0,0.0
1791563977.6,2235905.7,851.9,147805.4,147805.4,416.4,645.9,824.6,29.57,269.96,0.32,282.18,0.0,0.0,0.0,0.0,162557.7,-580200.3,391178.7,0.9494,179.903,818.0,-0.09642,-83.00445,0.0,0,-1.0,-1.0,-1.0,-1.0,-1.0,0.0,0.0,0.0,0.0
1791563978.1,2235906.2,852.4,148021.2,148021.2,413.3,643.7,823.0,29.13,269.97,0.32,282.16,0.0,0.0,0.0,0.0,162557.7,-580200.3,391178.7,0.9494,179.903,818.0,-0.09641,-83.03281,0.0,0,-1.0,-1.0,-1.0,-1.0,-1.0,0.0,0.0,0.0,0.0
1791563978.6,2235906.7,852.9,148227.1,148227.0,410.3,641.7,821.4,28.69,269.97,0.32,282.14,0.0,0.0,0.0,0.0,162557.7,-580200.3,391178.7,0.9494,179.903,818.0,-0.09641,-83.06006,0.0,0,-1.0,-1.0,-1.0,-1.0,-1.0,0.0,0.0,0.0,0.0
1791563979.11,2235907.2,853.4,148431.5,148431.5,407.3,639.7,819.8,28.25,269.97,0.32,282.12,0.0,0.0,0.0,0.0,162557.7,-580200.3,391178.7,0.9494,179.903,818.0,-0.0964,-83.0873,0.0,0,-1.0,-1.0,-1.0,-1.0,-1.0,0.0,0.0,0.0,0.0
1791563979.61,2235907.7,854.0,148634.4,148634.4,404.3,637.7,818.3,27.82,269.97,0.32,282.1,0.0,0.0,0.0,0.0,162557.7,-580200.3,391178.7,0.9494,179.903,818.0,-0.0964,-83.11453,0.0,0,-1.0,-1.0,-1.0,-1.0,-1.0,0.0,0.0,0.0,0.0
1791563980.11,2235908.2,854.5,148835.8,148835.8,401.3,635.7,816.8,27.38,269.97,0.32,282.09,0.0,0.0,0.0,0.0,162557.7,-580200.3,391178.7,0.9494,179.903,818.0,-0.09639,-83.14175,0.0,0,-1.0,-1.0,-1.0,-1.0,-1.0,0.0,0.0,0.0,0.0
1791563980.61,2235908.7,855.0,149035.7,149035.7,398.3,633.7,815.2,26.94,269.97,0.32,282.07,0.0,0.0,0.0,0.0,162557.7,-580200.3,391178.7,0.9494,179.903,818.0,-0.09639,-83.16895,0.0,0,-1.0,-1.0,-1.0,-1.0,-1.0,0.0,0.0,0.0,0.0
1791563981.11,2235909.2,855.5,149234.1,149234.1,395.3,631.8,813.7,26.5,269.97,0.32,282.05,0.0,0.0,0.0,0.0,162557.7,-580200.3,391178.7,0.9494,179.903,818.0,-0.09638,-83.19615,0.0,0,-1.0,-1.0,-1.0,-1.0,-1.0,0.0,0.0,0.0,0.0
1791563981.61,2235909.7,856.0,149431.1,149431.0,392.4,629.8,812.2,26.06,269.97,0.32,282.03,0.0,0.0,0.0,0.0,162557.7,-580200.3,391178.7,0.9494,179.903,818.0,-0.09638,-83.22334,0.0,0,-1.0,-1.0,-1.0,-1.0,-1.0,0.0,0.0,0.0,0.0
1791563982.12,2235910.2,856.5,149634.3,149634.3,389.3,627.8,810.7,25.61,269.97,0.32,282.01,0.0,0.0,0.0,0.0,162557.7,-580200.3,391178.7,0.9494,179.903,818.0,-0.09637,-83.25161,0.0,0,-1.0,-1.0,-1.0,-1.0,-1.0,0.0,0.0,0.0,0.0
1791563982.62,2235910.7,857.0,149828.2,149828.2,386.3,625.8,809.2,25.17,269.97,0.32,281.99,0.0,0.0,0.0,0.0,162557.7,-580200.3,391178.7,0.9494,179.903,818.0,-0.09637,-83.27878,0.0,0,-1.0,-1.0,-1.0,-1.0,-1.0,0.0,0.0,0.0,0.0
1791563983.12,2235911.2,857.5,150020.6,150020.6,383.3,623.9,807.7,24.73,269.97,0.31,281.97,0.0,0.0,0.0,0.0,162557.7,-580200.3,391178.7,0.9494,179.903,818.0,-0.09636,-83.30594,0.0,0,-1.0,-1.0,-1.0,-1.0,-1.0,0.0,0.0,0.0,0.0
1791563983.62,2235911.7,858.0,150211.5,150211.5,380.3,622.0,806.2,24.29,269.97,0.31,281.95,0.0,0.0,0.0,0.0,162557.7,-580200.3,391178.7,0.9494,179.903,818.0,-0.09636,-83.33309,0.0,0,-1.0,-1.0,-1.0,-1.0,-1.0,0.0,0.0,0.0,0.0
1791563984.12,2235912.2,858.5,150400.9,150400.9,377.4,620.1,804.8,23.85,269.97,0.31,281.93,0.0,0.0,0.0,0.0,162557.7,-580200.3,391178.7,0.9494,179.903,818.0,-0.09635,-83.36023,0.0,0,-1.0,-1.0,-1.0,-1.0,-1.0,0.0,0.0,0.0,0.0
1791563984.63,2235912.7,859.0,150588.9,150588.9,374.4,618.1,803.3,23.42,269.97,0.31,281.91,0.0,0.0,0.0,0.0,162557.7,-580200.3,391178.7,0.9494,179.903,818.0,-0.09635,-83.38736,0.0,0,-1.0,-1.0,-1.0,-1.0,-1.0,0.0,0.0,0.0,0.0
1791563985.13,2235913.2,859.5,150775.3,150775.3,371.4,616.3,801.9,22.98,269.97,0.31,281.9,0.0,0.0,0.0,0.0,162557.7,-580200.3,391178.7,0.9494,179.903,818.0,-0.09635,-83.41448,0.0,0,-1.0,-1.0,-1.0,-1.0,-1.0,0.0,0.0,0.0,0.0
1791563985.63,2235913.7,860.0,150960.3,150960.3,368.4,614.4,800.4,22.54,269.97,0.31,281.88,0.0,0.0,0.0,0.0,162557.7,-580200.3,391178.7,0.9494,179.903,818.0,-0.09634,-83.4416,0.0,0,-1.0,-1.0,-1.0,-1.0,-1.0,0.0,0.0,0.0,0.0
1791563986.13,2235914.2,860.5,151143.8,151143.8,365.5,612.5,799.0,22.1,269.97,0.31,281.86,0.0,0.0,0.0,0.0,162557.7,-580200.3,391178.7,0.9494,179.903,818.0,-0.09634,-83.4687,0.0,0,-1.0,-1.0,-1.0,-1.0,-1.0,0.0,0.0,0.0,0.0
1791563986.64,2235914.7,861.0,151333.0,151333.0,362.4,610.6,797.5,21.64,269.97,0.31,281.84,0.0,0.0,0.0,0.0,162557.7,-580200.3,391178.7,0.9494,179.903,818.0,-0.09633,-83.49688,0.0,0,-1.0,-1.0,-1.0,-1.0,-1.0,0.0,0.0,0.0,0.0
1791563987.14,2235915.2,861.5,151513.5,151513.5,359.4,608.7,796.1,21.21,269.97,0.31,281.82,0.0,0.0,0.0,0.0,162557.7,-580200.3,391178.7,0.9494,179.903,818.0,-0.09633,-83.52396,0.0,0,-1.0,-1.0,-1.0,-1.0,-1.0,0.0,0.0,0.0,0.0
1791563987.64,2235915.7,862.0,151692.4,151692.4,356.4,606.9,794.7,20.77,269.97,0.31,281.8,0.0,0.0,0.0,0.0,162557.7,-580200.3,391178.7,0.9494,179.903,818.0,-0.09632,-83.55104,0.0,0,-1.0,-1.0,-1.0,-1.0,-1.0,0.0,0.0,0.0,0.0
1791563988.14,2235916.2,862.5,151869.9,151869.9,353.5,605.0,793.4,20.33,269.97,0.31,281.78,0.0,0.0,0.0,0.0,162557.7,-580200.3,391178.7,0.9494,179.903,818.0,-0.09632,-83.5781,0.0,0,-1.0,-1.0,-1.0,-1.0,-1.0,0.0,0.0,0.0,0.0
1791563988.64,2235916.7,863.0,152045.9,152045.9,350.5,603.2,792.0,19.89,269.97,0.31,281.76,0.0,0.0,0.0,0.0,162557.7,-580200.3,391178.7,0.9494,179.903,818.0,-0.09631,-83.60516,0.0,0,-1.0,-1.0,-1.0,-1.0,-1.0,0.0,0.0,0.0,0.0
1791563989.15,2235917.2,863.5,152220.5,152220.5,347.6,601.4,790.6,19.45,269.97,0.31,281.75,0.0,0.0,0.0,0.0,162557.7,-580200.3,391178.7,0.9494,179.903,818.0,-0.09631,-83.63221,0.0,0,-1.0,-1.0,-1.0,-1.0,-1.0,0.0,0.0,0.0,0.0
1791563989.78,2235917.7,864.1,152400.4,152400.4,344.5,599.5,789.2,19.0,269.97,0.31,281.73,0.0,0.0,0.0,0.0,162557.7,-580200.3,391178.7,0.9494,179.903,818.0,-0.0963,-83.66033,0.0,0,-1.0,-1.0,-1.0,-1.0,-1.0,0.0,0.0,0.0,0.0
1791563990.28,2235918.2,864.6,152571.9,152571.9,341.5,597.8,787.9,18.56,269.97,0.31,281.71,0.0,0.0,0.0,0.0,162557.7,-580200.3,391178.7,0.9494,179.903,818.0,-0.0963,-83.68737,0.0,0,-1.0,-1.0,-1.0,-1.0,-1.0,0.0,0.0,0.0,0.0
1791563990.79,2235918.7,865.1,152748.7,152748.7,338.4,595.9,786.5,18.1,269.97,0.31,281.69,0.0,0.0,0.0,0.0,162557.7,-580200.3,391178.7,0.9494,179.903,818.0,-0.09629,-83.71547,0.0,0,-1.0,-1.0,-1.0,-1.0,-1.0,0.0,0.0,0.0,0.0
1791563991.29,2235919.2,865.6,152910.5,152910.5,335.6,594.2,785.2,17.68,269.97,0.31,281.67,0.0,0.0,0.0,0.0,162557.7,-580200.3,391178.7,0.9494,179.903,818.0,-0.09629,-83.7414,0.0,0,-1.0,-1.0,-1.0,-1.0,-1.0,0.0,0.0,0.0,0.0
1791563991.79,2235919.7,866.1,153077.6,153077.6,332.7,592.5,783.9,17.24,269.97,0.31,281.65,0.0,0.0,0.0,0.0,162557.7,-580200.3,391178.7,0.9494,179.903,818.0,-0.09628,-83.76841,0.0,0,-1.0,-1.0,-1.0,-1.0,-1.0,0.0,0.0,0.0,0.0
1791563992.29,2235920.2,866.6,153243.2,153243.2,329.7,590.7,782.6,16.8,269.97,0.31,281.63,0.0,0.0,0.0,0.0,162557.7,-580200.3,391178.7,0.9494,179.903,818.0,-0.09628,-83.79541,0.0,0,-1.0,-1.0,-1.0,-1.0,-1.0,0.0,0.0,0.0,0.0
1791563992.79,2235920.7,867.1,153407.3,153407.3,326.7,589.0,781.3,16.37,269.97,0.31,281.61,0.0,0.0,0.0,0.0,162557.7,-580200.3,391178.7,0.9494,179.903,818.0,-0.09627,-83.8224,0.0,0,-1.0,-1.0,-1.0,-1.0,-1.0,0.0,0.0,0.0,0.0
1791563993.29,2235921.2,867.6,153569.9,153569.9,323.8,587.3,780.0,15.93,269.98,0.31,281.6,0.0,0.0,0.0,0.0,162557.7,-580200.3,391178.7,0.9494,179.903,818.0,-0.09627,-83.84938,0.0,0,-1.0,-1.0,-1.0,-1.0,-1.0,0.0,0.0,0.0,0.0
1791563993.79,2235921.7,868.1,153731.1,153731.1,320.8,585.6,778.8,15.49,269.98,0.31,281.58,0.0,0.0,0.0,0.0,162557.7,-580200.3,391178.7,0.9494,179.903,818.0,-0.09626,-83.87636,0.0,0,-1.0,-1.0,-1.0,-1.0,-1.0,0.0,0.0,0.0,0.0
1791563994.3,2235922.2,868.6,153890.8,153890.8,317.9,583.9,777.5,15.05,269.98,0.31,281.56,0.0,0.0,0.0,0.0,162557.7,-580200.3,391178.7,0.9494,179.903,818.0,-0.09626,-83.90332,0.0,0,-1.0,-1.0,-1.0,-1.0,-1.0,0.0,0.0,0.0,0.0
1791563994.8,2235922.7,869.1,154049.0,154049.0,315.0,582.2,776.2,14.61,269.98,0.3,281.54,0.0,0.0,0.0,0.0,162557.7,-580200.3,391178.7,0.9494,179.903,818.0,-0.09625,-83.93028,0.0,0,-1.0,-1.0,-1.0,-1.0,-1.0,0.0,0.0,0.0,0.0
1791563995.3,2235923.2,869.6,154205.8,154205.8,312.0,580.5,775.0,14.17,269.98,0.3,281.52,0.0,0.0,0.0,0.0,162557.7,-580200.3,391178.7,0.9494,179.903,818.0,-0.09625,-83.95723,0.0,0,-1.0,-1.0,-1.0,-1.0,-1.0,0.0,0.0,0.0,0.0
1791563995.8,2235923.7,870.1,154361.0,154361.0,309.1,578.8,773.8,13.74,269.98,0.3,281.5,0.0,0.0,0.0,0.0,162557.7,-580200.3,391178.7,0.9494,179.903,818.0,-0.09624,-83.98417,0.0,0,-1.0,-1.0,-1.0,-1.0,-1.0,0.0,0.0,0.0,0.0
1791563996.3,2235924.2,870.6,154514.8,154514.8,306.1,577.2,772.6,13.3,269.98,0.3,281.48,0.0,0.0,0.0,0.0,162557.7,-580200.3,391178.7,0.9494,179.903,818.0,-0.09624,-84.01111,0.0,0,-1.0,-1.0,-1.0,-1.0,-1.0,0.0,0.0,0.0,0.0
1791563996.8,2235924.7,871.1,154673.2,154673.2,303.1,575.5,771.3,12.84,269.98,0.3,281.46,0.0,0.0,0.0,0.0,162557.7,-580200.3,391178.7,0.9494,179.903,818.0,-0.09623,-84.03911,0.0,0,-1.0,-1.0,-1.0,-1.0,-1.0,0.0,0.0,0.0,0.0
1791563997.3,2235925.2,871.6,154824.0,154824.0,300.1,573.9,770.1,12.4,269.98,0.3,281.45,0.0,0.0,0.0,0.0,162557.7,-580200.3,391178.7,0.9494,179.903,818.0,-0.09623,-84.06604,0.0,0,-1.0,-1.0,-1.0,-1.0,-1.0,0.0,0.0,0.0,0.0
1791563997.81,2235925.7,872.1,154973.4,154973.4,297.2,572.2,768.9,11.96,269.98,0.3,281.43,0.0,0.0,0.0,0.0,162557.7,-580200.3,391178.7,0.9494,179.903,818.0,-0.09622,-84.09295,0.0,0,-1.0,-1.0,-1.0,-1.0,-1.0,0.0,0.0,0.0,0.0
1791563998.31,2235926.2,872.7,155121.2,155121.2,294.2,570.6,767.7,11.53,269.98,0.3,281.41,0.0,0.0,0.0,0.0,162557.7,-580200.3,391178.7,0.9494,179.903,818.0,-0.09622,-84.11985,0.0,0,-1.0,-1.0,-1.0,-1.0,-1.0,0.0,0.0,0.0,0.0
1791563998.81,2235926.7,873.2,155267.6,155267.6,291.3,569.0,766.6,11.09,269.98,0.3,281.39,0.0,0.0,0.0,0.0,162557.7,-580200.3,391178.7,0.9494,179.903,818.0,-0.09621,-84.14675,0.0,0,-1.0,-1.0,-1.0,-1.0,-1.0,0.0,0.0,0.0,0.0
1791563999.31,2235927.2,873.7,155412.6,155412.5,288.4,567.5,765.4,10.65,269.98,0.3,281.37,0.0,0.0,0.0,0.0,162557.7,-580200.3,391178.7,0.9494,179.903,818.0,-0.09621,-84.17364,0.0,0,-1.0,-1.0,-1.0,-1.0,-1.0,0.0,0.0,0.0,0.0
1791563999.81,2235927.7,874.2,155556.0,155556.0,285.4,565.9,764.2,10.21,269.98,0.3,281.35,0.0,0.0,0.0,0.0,162557.7,-580200.3,391178.7,0.9494,179.903,818.0,-0.0962,-84.20053,0.0,0,-1.0,-1.0,-1.0,-1.0,-1.0,0.0,0.0,0.0,0.0
1791564000.31,2235928.2,874.7,155669.7,155669.7,283.1,564.7,763.3,9.86,269.98,0.3,281.34,0.0,0.0,0.0,0.0,162557.7,-580200.3,391178.7,0.9494,179.903,818.0,-0.0962,-84.22203,0.0,0,-1.0,-1.0,-1.0,-1.0,-1.0,0.0,0.0,0.0,0.0
1791564000.82,2235928.7,875.2,155810.5,155810.5,280.1,563.1,762.2,9.42,269.98,0.3,281.32,0.0,0.0,0.0,0.0,162557.7,-580200.3,391178.7,0.9494,179.903,818.0,-0.09619,-84.2489,0.0,0,-1.0,-1.0,-1.0,-1.0,-1.0,0.0,0.0,0.0,0.0
1791564001.32,2235929.2,875.7,155949.9,155949.9,277.2,561.6,761.1,8.98,269.98,0.3,281.3,0.0,0.0,0.0,0.0,162557.7,-580200.3,391178.7,0.9494,179.903,818.0,-0.09619,-84.27577,0.0,0,-1.0,-1.0,-1.0,-1.0,-1.0,0.0,0.0,0.0,0.0
1791564001.82,2235929.7,876.2,156093.2,156093.3,274.2,560.0,759.9,8.53,269.98,0.3,281.28,0.0,0.0,0.0,0.0,162557.7,-580200.3,391178.7,0.9494,179.903,818.0,-0.09618,-84.3037,0.0,0,-1.0,-1.0,-1.0,-1.0,-1.0,0.0,0.0,0.0,0.0
1791564002.32,2235930.2,876.7,156229.6,156229.6,271.2,558.5,758.8,8.09,269.98,0.3,281.26,0.0,0.0,0.0,0.0,162557.7,-580200.3,391178.7,0.9494,179.903,818.0,-0.09618,-84.33055,0.0,0,-1.0,-1.0,-1.0,-1.0,-1.0,0.0,0.0,0.0,0.0
1791564002.83,2235930.7,877.2,156364.5,156364.5,268.3,557.0,757.7,7.65,269.98,0.3,281.24,0.0,0.0,0.0,0.0,162557.7,-580200.3,391178.7,0.9494,179.903,818.0,-0.09617,-84.35739,0.0,0,-1.0,-1.0,-1.0,-1.0,-1.0,0.0,0.0,0.0,0.0
1791564003.33,2235931.2,877.7,156497.9,156497.9,265.4,555.5,756.7,7.21,269.98,0.3,281.23,0.0,0.0,0.0,0.0,162557.7,-580200.3,391178.7,0.9494,179.903,818.0,-0.09617,-84.38423,0.0,0,-1.0,-1.0,-1.0,-1.0,-1.0,0.0,0.0,0.0,0.0
1791564003.83,2235931.7,878.2,156629.9,156629.9,262.4,554.1,755.6,6.77,269.98,0.3,281.21,0.0,0.0,0.0,0.0,162557.7,-580200.3,391178.7,0.9494,179.903,818.0,-0.09616,-84.41106,0.0,0,-1.0,-1.0,-1.0,-1.0,-1.0,0.0,0.0,0.0,0.0
1791564004.33,2235932.2,878.7,156760.4,156760.4,259.5,552.6,754.6,6.33,269.98,0.3,281.19,0.0,0.0,0.0,0.0,162557.7,-580200.3,391178.7,0.9494,179.903,818.0,-0.09616,-84.43789,0.0,0,-1.0,-1.0,-1.0,-1.0,-1.0,0.0,0.0,0.0,0.0
1791564004.84,2235932.7,879.2,156889.4,156889.4,256.6,551.2,753.5,5.89,269.98,0.3,281.17,0.0,0.0,0.0,0.0,162557.7,-580200.3,391178.7,0.9494,179.903,818.0,-0.09615,-84.4647,0.0,0,-1.0,-1.0,-1.0,-1.0,-1.0,0.0,0.0,0.0,0.0
1791564005.34,2235933.2,879.7,157017.0,157017.0,253.7,549.7,752.5,5.46,269.98,0.3,281.15,0.0,0.0,0.0,0.0,162557.7,-580200.3,391178.7,0.9494,179.903,818.0,-0.09615,-84.49152,0.0,0,-1.0,-1.0,-1.0,-1.0,-1.0,0.0,0.0,0.0,0.0
1791564005.84,2235933.7,880.2,157143.1,157143.1,250.7,548.3,751.5,5.02,269.98,0.3,281.13,0.0,0.0,0.0,0.0,162557.7,-580200.3,391178.7,0.9494,179.903,818.0,-0.09614,-84.51832,0.0,0,-1.0,-1.0,-1.0,-1.0,-1.0,0.0,0.0,0.0,0.0
1791564006.34,2235934.2,880.7,157267.8,157267.8,247.8,546.9,750.4,4.58,269.98,0.3,281.12,0.0,0.0,0.0,0.0,162557.7,-580200.3,391178.7,0.9494,179.903,818.0,-0.09614,-84.54512,0.0,0,-1.0,-1.0,-1.0,-1.0,-1.0,0.0,0.0,0.0,0.0
1791564006.84,2235934.7,881.2,157391.0,157391.0,244.9,545.5,749.4,4.14,269.98,0.3,281.1,0.0,0.0,0.0,0.0,162557.7,-580200.3,391178.7,0.9494,179.903,818.0,-0.09613,-84.57192,0.0,0,-1.0,-1.0,-1.0,-1.0,-1.0,0.0,0.0,0.0,0.0
1791564007.34,2235935.2,881.7,157512.7,157512.7,242.0,544.2,748.5,3.7,269.98,0.3,281.08,0.0,0.0,0.0,0.0,162557.7,-580200.3,391178.7,0.9494,179.903,818.0,-0.09613,-84.59871,0.0,0,-1.0,-1.0,-1.0,-1.0,-1.0,0.0,0.0,0.0,0.0
1791564007.85,2235935.7,882.2,157637.7,157637.7,238.9,542.7,747.4,3.24,269.98,0.3,281.06,0.0,0.0,0.0,0.0,162557.7,-580200.3,391178.7,0.9494,179.903,818.0,-0.09612,-84.62656,0.0,0,-1.0,-1.0,-1.0,-1.0,-1.0,0.0,0.0,0.0,0.0
1791564008.35,2235936.2,882.7,157751.8,157751.8,236.1,541.4,746.5,2.82,269.98,0.29,281.04,0.0,0.0,0.0,0.0,162557.7,-580200.3,391178.7,0.9494,179.903,818.0,-0.09612,-84.65226,0.0,0,-1.0,-1.0,-1.0,-1.0,-1.0,0.0,0.0,0.0,0.0
1791564008.85,2235936.6,883.2,157855.1,157855.1,233.6,540.3,745.7,2.44,269.98,0.29,281.03,0.0,0.0,0.0,0.0,162557.7,-580200.3,391178.7,0.9494,179.903,818.0,-0.09611,-84.67582,0.0,0,-1.0,-1.0,-1.0,-1.0,-1.0,0.0,0.0,0.0,0.0
1791564009.35,2235937.1,883.7,157961.9,157961.9,230.9,539.0,744.8,2.02,269.98,0.29,281.01,0.0,0.0,0.0,0.0,162557.7,-580200.3,391178.7,0.9494,179.903,818.0,-0.09611,-84.70045,0.0,0,-1.0,-1.0,-1.0,-1.0,-1.0,0.0,0.0,0.0,0.0
1791564009.85,2235937.6,884.2,158076.7,158076.7,228.0,537.7,743.9,1.6,269.98,0.29,280.99,0.0,0.0,0.0,0.0,162557.7,-580200.3,391178.7,0.9494,179.903,818.0,-0.0961,-84.72721,0.0,0,-1.0,-1.0,-1.0,-1.0,-1.0,0.0,0.0,0.0,0.0
1791564010.35,2235938.1,884.7,158194.4,158194.4,224.9,536.4,742.9,1.14,269.98,0.29,280.97,0.0,0.0,0.0,0.0,162557.7,-580200.3,391178.7,0.9494,179.903,818.0,-0.0961,-84.75503,0.0,0,-1.0,-1.0,-1.0,-1.0,-1.0,0.0,0.0,0.0,0.0
1791564010.86,2235938.6,885.2,158306.2,158306.2,222.0,535.1,742.0,0.7,269.98,0.29,280.95,0.0,0.0,0.0,0.0,162557.7,-580200.3,391178.7,0.9494,179.903,818.0,-0.09609,-84.78178,0.0,0,-1.0,-1.0,-1.0,-1.0,-1.0,0.0,0.0,0.0,0.0
1791564011.36,2235939.1,885.7,158416.5,158416.5,219.1,533.8,741.1,0.26,269.98,0.29,280.93,0.0,0.0,0.0,0.0,162557.7,-580200.3,391178.7,0.9494,179.903,818.0,-0.09609,-84.80853,0.0,0,-1.0,-1.0,-1.0,-1.0,-1.0,0.0,0.0,0.0,0.0
1791564011.86,2235939.6,886.2,158525.3,158525.3,216.2,532.6,740.2,-0.18,269.98,0.29,280.92,0.0,0.0,0.0,0.0,162557.7,-580200.3,391178.7,0.9494,179.903,818.0,-0.09608,-84.83526,0.0,0,-1.0,-1.0,-1.0,-1.0,-1.0,0.0,0.0,0.0,0.0
1791564012.36,2235940.1,886.7,158637.0,158637.0,213.2,531.3,739.3,-0.63,269.98,0.29,280.9,0.0,0.0,0.0,0.0,162557.7,-580200.3,391178.7,0.9494,179.903,818.0,-0.09608,-84.86307,0.0,0,-1.0,-1.0,-1.0,-1.0,-1.0,0.0,0.0,0.0,0.0
1791564012.87,2235940.6,887.2,158742.8,158742.8,210.3,530.1,738.4,-1.07,269.98,0.29,280.88,0.0,0.0,0.0,0.0,162557.7,-580200.3,391178.7,0.9494,179.903,818.0,-0.09607,-84.88979,0.0,0,-1.0,-1.0,-1.0,-1.0,-1.0,0.0,0.0,0.0,0.0
1791564013.37,2235941.0,887.7,158822.3,158822.3,208.0,529.2,737.7,-1.41,269.98,0.29,280.86,0.0,0.0,0.0,0.0,162557.7,-580200.3,391178.7,0.9494,179.903,818.0,-0.09607,-84.9101,0.0,0,-1.0,-1.0,-1.0,-1.0,-1.0,0.0,0.0,0.0,0.0
1791564013.87,2235941.5,888.2,158925.6,158925.6,205.1,528.0,736.9,-1.84,269.98,0.29,280.85,0.0,0.0,0.0,0.0,162557.7,-580200.3,391178.7,0.9494,179.903,818.0,-0.09606,-84.93682,0.0,0,-1.0,-1.0,-1.0,-1.0,-1.0,0.0,0.0,0.0,0.0
1791564014.37,2235942.0,888.7,159027.5,159027.5,202.2,526.8,736.0,-2.28,269.98,0.29,280.83,0.0,0.0,0.0,0.0,162557.7,-580200.3,391178.7,0.9494,179.903,818.0,-0.09606,-84.96354,0.0,0,-1.0,-1.0,-1.0,-1.0,-1.0,0.0,0.0,0.0,0.0
1791564014.88,2235942.5,889.2,159127.8,159127.8,199.3,525.6,735.2,-2.72,269.98,0.29,280.81,0.0,0.0,0.0,0.0,162557.7,-580200.3,391178.7,0.9494,179.903,818.0,-0.09605,-84.99025,0.0,0,-1.0,-1.0,-1.0,-1.0,-1.0,0.0,0.0,0.0,0.0
1791564015.38,2235943.0,889.7,159226.8,159226.8,196.4,524.5,734.4,-3.16,269.98,0.29,280.79,0.0,0.0,0.0,0.0,162557.7,-580200.3,391178.7,0.9494,179.903,818.0,-0.09605,-85.01695,0.0,0,-1.0,-1.0,-1.0,-1.0,-1.0,0.0,0.0,0.0,0.0
1791564015.88,2235943.5,890.2,159324.3,159324.3,193.5,523.3,733.6,-3.6,269.98,0.29,280.77,0.0,0.0,0.0,0.0,162557.7,-580200.3,391178.7,0.9494,179.903,818.0,-0.09604,-85.04365,0.0,0,-1.0,-1.0,-1.0,-1.0,-1.0,0.0,0.0,0.0,0.0
1791564016.38,2235944.0,890.7,159420.3,159420.3,190.6,522.2,732.8,-4.04,269.98,0.29,280.75,0.0,0.0,0.0,0.0,162557.7,-580200.3,391178.7,0.9494,179.903,818.0,-0.09604,-85.07035,0.0,0,-1.0,-1.0,-1.0,-1.0,-1.0,0.0,0.0,0.0,0.0
1791564016.88,2235944.5,891.2,159514.9,159514.9,187.7,521.1,732.0,-4.48,269.98,0.29,280.74,0.0,0.0,0.0,0.0,162557.7,-580200.3,391178.7,0.9494,179.903,818.0,-0.09603,-85.09704,0.0,0,-1.0,-1.0,-1.0,-1.0,-1.0,0.0,0.0,0.0,0.0
1791564017.39,2235945.0,891.7,159608.0,159608.0,184.8,520.0,731.3,-4.92,269.98,0.29,280.72,0.0,0.0,0.0,0.0,162557.7,-580200.3,391178.7,0.9494,179.903,818.0,-0.09603,-85.12372,0.0,0,-1.0,-1.0,-1.0,-1.0,-1.0,0.0,0.0,0.0,0.0
1791564017.89,2235945.5,892.2,159699.7,159699.7,181.9,518.9,730.5,-5.35,269.98,0.29,280.7,0.0,0.0,0.0,0.0,162557.7,-580200.3,391178.7,0.9494,179.903,818.0,-0.09602,-85.1504,0.0,0,-1.0,-1.0,-1.0,-1.0,-1.0,0.0,0.0,0.0,0.0
1791564018.39,2235946.0,892.7,159789.9,159789.9,179.0,517.8,729.7,-5.81,269.98,0.29,280.68,0.0,0.0,0.0,0.0,162557.7,-580200.3,391178.7,0.9494,179.903,818.0,-0.09602,-85.17708,0.0,0,-1.0,-1.0,-1.0,-1.0,-1.0,0.0,0.0,0.0,0.0
1791564018.89,2235946.5,893.2,159878.7,159878.7,176.1,516.8,729.0,-6.23,269.99,0.29,280.66,0.0,0.0,0.0,0.0,162557.7,-580200.3,391178.7,0.9494,179.903,818.0,-0.09601,-85.20375,0.0,0,-1.0,-1.0,-1.0,-1.0,-1.0,0.0,0.0,0.0,0.0
1791564019.39,2235947.0,893.7,159966.0,159966.0,173.2,515.8,728.3,-6.67,269.99,0.29,280.64,0.0,0.0,0.0,0.0,162557.7,-580200.3,391178.7,0.9494,179.903,818.0,-0.09601,-85.23042,0.0,0,-1.0,-1.0,-1.0,-1.0,-1.0,0.0,0.0,0.0,0.0
1791564019.9,2235947.5,894.2,160051.9,160051.9,170.3,514.7,727.6,-7.11,269.99,0.29,280.63,0.0,0.0,0.0,0.0,162557.7,-580200.3,391178.7,0.9494,179.903,818.0,-0.096,-85.25709,0.0,0,-1.0,-1.0,-1.0,-1.0,-1.0,0.0,0.0,0.0,0.0
1791564020.4,2235948.0,894.7,160136.3,160136.3,167.4,513.7,726.9,-7.55,269.99,0.29,280.61,0.0,0.0,0.0,0.0,162557.7,-580200.3,391178.7,0.9494,179.903,818.0,-0.096,-85.28375,0.0,0,-1.0,-1.0,-1.0,-1.0,-1.0,0.0,0.0,0.0,0.0
1791564020.9,2235948.5,895.2,160219.3,160219.3,164.5,512.7,726.2,-7.99,269.99,0.29,280.59,0.0,0.0,0.0,0.0,162557.7,-580200.3,391178.7,0.9494,179.903,818.0,-0.09599,-85.3104,0.0,0,-1.0,-1.0,-1.0,-1.0,-1.0,0.0,0.0,0.0,0.0
1791564021.4,2235949.0,895.7,160304.0,160304.0,161.4,511.7,725.5,-8.44,269.99,0.29,280.57,0.0,0.0,0.0,0.0,162557.7,-580200.3,391178.7,0.9494,179.903,818.0,-0.09598,-85.33812,0.0,0,-1.0,-1.0,-1.0,-1.0,-1.0,0.0,0.0,0.0,0.0
1791564021.9,2235949.5,896.2,160384.0,160384.0,158.6,510.8,724.8,-8.88,269.99,0.28,280.55,0.0,0.0,0.0,0.0,162557.7,-580200.3,391178.7,0.9494,179.903,818.0,-0.09598,-85.36477,0.0,0,-1.0,-1.0,-1.0,-1.0,-1.0,0.0,0.0,0.0,0.0
1791564022.41,2235950.0,896.7,160462.6,160462.6,155.7,509.8,724.2,-9.32,269.99,0.28,280.53,0.0,0.0,0.0,0.0,162557.7,-580200.3,391178.7,0.9494,179.903,818.0,-0.09597,-85.39141,0.0,0,-1.0,-1.0,-1.0,-1.0,-1.0,0.0,0.0,0.0,0.0
1791564022.91,2235950.5,897.3,160539.7,160539.7,152.8,508.9,723.5,-9.76,269.99,0.28,280.51,0.0,0.0,0.0,0.0,162557.7,-580200.3,391178.7,0.9494,179.903,818.0,-0.09597,-85.41805,0.0,0,-1.0,-1.0,-1.0,-1.0,-1.0,0.0,0.0,0.0,0.0
1791564023.41,2235951.0,897.8,160615.3,160615.3,149.9,508.0,722.9,-10.2,269.99,0.28,280.5,0.0,0.0,0.0,0.0,162557.7,-580200.3,391178.7,0.9494,179.903,818.0,-0.09596,-85.44469,0.0,0,-1.0,-1.0,-1.0,-1.0,-1.0,0.0,0.0,0.0,0.0
1791564023.91,2235951.5,898.3,160689.6,160689.6,147.0,507.1,722.3,-10.64,269.99,0.28,280.48,0.0,0.0,0.0,0.0,162557.7,-580200.3,391178.7,0.9494,179.903,818.0,-0.09596,-85.47132,0.0,0,-1.0,-1.0,-1.0,-1.0,-1.0,0.0,0.0,0.0,0.0
1791564024.42,2235952.0,898.8,160765.2,160765.2,143.9,506.2,721.6,-11.09,269.99,0.28,280.46,0.0,0.0,0.0,0.0,162557.7,-580200.3,391178.7,0.9494,179.903,818.0,-0.09595,-85.49902,0.0,0,-1.0,-1.0,-1.0,-1.0,-1.0,0.0,0.0,0.0,0.0
1791564024.92,2235952.5,899.3,160836.5,160836.5,141.1,505.3,721.0,-11.53,269.99,0.28,280.44,0.0,0.0,0.0,0.0,162557.7,-580200.3,391178.7,0.9494,179.903,818.0,-0.09595,-85.52564,0.0,0,-1.0,-1.0,-1.0,-1.0,-1.0,0.0,0.0,0.0,0.0
1791564025.42,2235953.0,899.8,160906.3,160906.3,138.2,504.5,720.4,-11.97,269.99,0.28,280.42,0.0,0.0,0.0,0.0,162557.7,-580200.3,391178.7,0.9494,179.903,818.0,-0.09594,-85.55227,0.0,0,-1.0,-1.0,-1.0,-1.0,-1.0,0.0,0.0,0.0,0.0
1791564025.92,2235953.5,900.3,160974.6,160974.6,135.3,503.7,719.9,-12.41,269.99,0.28,280.4,0.0,0.0,0.0,0.0,162557.7,-580200.3,391178.7,0.9494,179.903,818.0,-0.09594,-85.57889,0.0,0,-1.0,-1.0,-1.0,-1.0,-1.0,0.0,0.0,0.0,0.0
1791564026.42,2235954.0,900.8,161041.5,161041.5,132.4,502.9,719.3,-12.85,269.99,0.28,280.39,0.0,0.0,0.0,0.0,162557.7,-580200.3,391178.7,0.9494,179.903,818.0,-0.09593,-85.6055,0.0,0,-1.0,-1.0,-1.0,-1.0,-1.0,0.0,0.0,0.0,0.0
1791564026.92,2235954.5,901.3,161107.0,161107.0,129.5,502.1,718.8,-13.29,269.99,0.28,280.37,0.0,0.0,0.0,0.0,162557.7,-580200.3,391178.7,0.9494,179.903,818.0,-0.09593,-85.63212,0.0,0,-1.0,-1.0,-1.0,-1.0,-1.0,0.0,0.0,0.0,0.0
1791564027.43,2235955.0,901.8,161171.0,161171.0,126.6,501.3,718.2,-13.73,269.99,0.28,280.35,0.0,0.0,0.0,0.0,162557.7,-580200.3,391178.7,0.9494,179.903,818.0,-0.09592,-85.65873,0.0,0,-1.0,-1.0,-1.0,-1.0,-1.0,0.0,0.0,0.0,0.0
1791564027.93,2235955.5,902.3,161233.6,161233.6,123.7,500.5,717.7,-14.17,269.99,0.28,280.33,0.0,0.0,0.0,0.0,162557.7,-580200.3,391178.7,0.9494,179.903,818.0,-0.09591,-85.68533,0.0,0,-1.0,-1.0,-1.0,-1.0,-1.0,0.0,0.0,0.0,0.0
1791564028.43,2235956.0,902.8,161294.7,161294.8,120.8,499.8,717.2,-14.6,269.99,0.28,280.31,0.0,0.0,0.0,0.0,162557.7,-580200.3,391178.7,0.9494,179.903,818.0,-0.09591,-85.71194,0.0,0,-1.0,-1.0,-1.0,-1.0,-1.0,0.0,0.0,0.0,0.0
1791564028.93,2235956.5,903.3,161354.4,161354.4,117.9,499.1,716.7,-15.04,269.99,0.28,280.29,0.0,0.0,0.0,0.0,162557.7,-580200.3,391178.7,0.9494,179.903,818.0,-0.0959,-85.73854,0.0,0,-1.0,-1.0,-1.0,-1.0,-1.0,0.0,0.0,0.0,0.0
1791564029.43,2235957.0,903.8,161412.7,161412.7,115.0,498.3,716.2,-15.48,269.99,0.28,280.28,0.0,0.0,0.0,0.0,162557.7,-580200.3,391178.7,0.9494,179.903,818.0,-0.0959,-85.76514,0.0,0,-1.0,-1.0,-1.0,-1.0,-1.0,0.0,0.0,0.0,0.0
1791564029.93,2235957.5,904.3,161469.5,161469.5,112.1,497.6,715.7,-15.92,269.99,0.28,280.26,0.0,0.0,0.0,0.0,162557.7,-580200.3,391178.7,0.9494,179.903,818.0,-0.09589,-85.79173,0.0,0,-1.0,-1.0,-1.0,-1.0,-1.0,0.0,0.0,0.0,0.0
1791564030.44,2235958.0,904.8,161524.8,161524.8,109.2,497.0,715.2,-16.38,269.99,0.28,280.24,0.0,0.0,0.0,0.0,162557.7,-580200.3,391178.7,0.9494,179.903,818.0,-0.09589,-85.81833,0.0,0,-1.0,-1.0,-1.0,-1.0,-1.0,0.0,0.0,0.0,0.0
1791564030.94,2235958.5,905.3,161580.8,161580.8,106.2,496.3,714.8,-16.82,269.99,0.28,280.22,0.0,0.0,0.0,0.0,162557.7,-580200.3,391178.7,0.9494,179.903,818.0,-0.09588,-85.84598,0.0,0,-1.0,-1.0,-1.0,-1.0,-1.0,0.0,0.0,0.0,0.0
1791564031.44,2235959.0,905.8,161633.2,161633.2,103.3,495.6,714.3,-17.26,269.99,0.28,280.2,0.0,0.0,0.0,0.0,162557.7,-580200.3,391178.7,0.9494,179.903,818.0,-0.09588,-85.87257,0.0,0,-1.0,-1.0,-1.0,-1.0,-1.0,0.0,0.0,0.0,0.0
1791564031.94,2235959.5,906.3,161684.2,161684.2,100.4,495.0,713.9,-17.69,269.99,0.28,280.18,0.0,0.0,0.0,0.0,162557.7,-580200.3,391178.7,0.9494,179.903,818.0,-0.09587,-85.89915,0.0,0,-1.0,-1.0,-1.0,-1.0,-1.0,0.0,0.0,0.0,0.0
1791564032.44,2235960.0,906.8,161733.7,161733.7,97.6,494.4,713.5,-18.13,269.99,0.28,280.17,0.0,0.0,0.0,0.0,162557.7,-580200.3,391178.7,0.9494,179.903,818.0,-0.09586,-85.92573,0.0,0,-1.0,-1.0,-1.0,-1.0,-1.0,0.0,0.0,0.0,0.0
1791564032.95,2235960.5,907.3,161781.7,161781.8,94.7,493.8,713.1,-18.57,269.99,0.28,280.15,0.0,0.0,0.0,0.0,162557.7,-580200.3,391178.7,0.9494,179.903,818.0,-0.09586,-85.95232,0.0,0,-1.0,-1.0,-1.0,-1.0,-1.0,0.0,0.0,0.0,0.0
1791564033.45,2235961.1,907.8,161828.4,161828.4,91.8,493.2,712.7,-19.01,269.99,0.28,280.13,0.0,0.0,0.0,0.0,162557.7,-580200.3,391178.7,0.9494,179.903,818.0,-0.09585,-85.97889,0.0,0,-1.0,-1.0,-1.0,-1.0,-1.0,0.0,0.0,0.0,0.0
1791564033.95,2235961.6,908.3,161873.5,161873.5,88.9,492.7,712.3,-19.45,269.99,0.28,280.11,0.0,0.0,0.0,0.0,162557.7,-580200.3,391178.7,0.9494,179.903,818.0,-0.09585,-86.00547,0.0,0,-1.0,-1.0,-1.0,-1.0,-1.0,0.0,0.0,0.0,0.0
1791564034.45,2235962.1,908.8,161917.3,161917.3,86.0,492.1,711.9,-19.89,269.99,0.28,280.09,0.0,0.0,0.0,0.0,162557.7,-580200.3,391178.7,0.9494,179.903,818.0,-0.09584,-86.03204,0.0,0,-1.0,-1.0,-1.0,-1.0,-1.0,0.0,0.0,0.0,0.0
1791564034.95,2235962.6,909.3,161959.6,161959.5,83.1,491.6,711.6,-20.33,269.99,0.28,280.07,0.0,0.0,0.0,0.0,162557.7,-580200.3,391178.7,0.9494,179.903,818.0,-0.09584,-86.05862,0.0,0,-1.0,-1.0,-1.0,-1.0,-1.0,0.0,0.0,0.0,0.0
1791564035.46,2235963.1,909.8,162002.0,162002.0,80.1,491.1,711.2,-20.78,269.99,0.28,280.06,0.0,0.0,0.0,0.0,162557.7,-580200.3,391178.7,0.9494,179.903,818.0,-0.09583,-86.08625,0.0,0,-1.0,-1.0,-1.0,-1.0,-1.0,0.0,0.0,0.0,0.0
1791564035.96,2235963.6,910.3,162041.3,162041.3,77.2,490.6,710.9,-21.22,269.99,0.28,280.04,0.0,0.0,0.0,0.0,162557.7,-580200.3,391178.7,0.9494,179.903,818.0,-0.09583,-86.11282,0.0,0,-1.0,-1.0,-1.0,-1.0,-1.0,0.0,0.0,0.0,0.0
1791564036.46,2235964.1,910.8,162079.2,162079.2,74.3,490.1,710.6,-21.66,269.99,0.28,280.02,0.0,0.0,0.0,0.0,162557.7,-580200.3,391178.7,0.9494,179.903,818.0,-0.09582,-86.13938,0.0,0,-1.0,-1.0,-1.0,-1.0,-1.0,0.0,0.0,0.0,0.0
1791564036.97,2235964.5,911.3,162107.1,162107.1,72.1,489.8,710.3,-21.99,269.99,0.28,280.0,0.0,0.0,0.0,0.0,162557.7,-580200.3,391178.7,0.9494,179.903,818.0,-0.09582,-86.15957,0.0,0,-1.0,-1.0,-1.0,-1.0,-1.0,0.0,0.0,0.0,0.0
1791564037.47,2235965.0,911.8,162143.8,162143.8,69.1,489.3,710.0,-22.45,269.99,0.27,279.99,0.0,0.0,0.0,0.0,162557.7,-580200.3,391178.7,0.9494,179.903,818.0,-0.09581,-86.1872,0.0,0,-1.0,-1.0,-1.0,-1.0,-1.0,0.0,0.0,0.0,0.0
1791564037.97,2235965.5,912.3,162177.7,162177.7,66.3,488.9,709.7,-22.89,269.99,0.27,279.97,0.0,0.0,0.0,0.0,162557.7,-580200.3,391178.7,0.9494,179.903,818.0,-0.0958,-86.21376,0.0,0,-1.0,-1.0,-1.0,-1.0,-1.0,0.0,0.0,0.0,0.0
1791564038.47,2235966.0,912.8,162210.1,162210.1,63.4,488.5,709.5,-23.33,269.99,0.27,279.95,0.0,0.0,0.0,0.0,162557.7,-580200.3,391178.7,0.9494,179.903,818.0,-0.0958,-86.24032,0.0,0,-1.0,-1.0,-1.0,-1.0,-1.0,0.0,0.0,0.0,0.0
1791564038.97,2235966.5,913.3,162241.1,162241.1,60.5,488.1,709.2,-23.77,269.99,0.27,279.93,0.0,0.0,0.0,0.0,162557.7,-580200.3,391178.7,0.9494,179.903,818.0,-0.09579,-86.26688,0.0,0,-1.0,-1.0,-1.0,-1.0,-1.0,0.0,0.0,0.0,0.0
1791564039.48,2235967.0,913.8,162270.6,162270.6,57.6,487.8,708.9,-24.21,269.99,0.27,279.91,0.0,0.0,0.0,0.0,162557.7,-580200.3,391178.7,0.9494,179.903,818.0,-0.09579,-86.29343,0.0,0,-1.0,-1.0,-1.0,-1.0,-1.0,0.0,0.0,0.0,0.0
1791564039.98,2235967.5,914.3,162298.7,162298.7,54.7,487.4,708.7,-24.65,269.99,0.27,279.9,0.0,0.0,0.0,0.0,162557.7,-580200.3,391178.7,0.9494,179.903,818.0,-0.09578,-86.31999,0.0,0,-1.0,-1.0,-1.0,-1.0,-1.0,0.0,0.0,0.0,0.0
1791564040.48,2235968.0,914.8,162325.3,162325.3,51.8,487.1,708.5,-25.09,269.99,0.27,279.88,0.0,0.0,0.0,0.0,162557.7,-580200.3,391178.7,0.9494,179.903,818.0,-0.09578,-86.34654,0.0,0,-1.0,-1.0,-1.0,-1.0,-1.0,0.0,0.0,0.0,0.0
1791564040.98,2235968.5,915.3,162350.5,162350.5,48.9,486.8,708.3,-25.52,269.99,0.27,279.86,0.0,0.0,0.0,0.0,162557.7,-580200.3,391178.7,0.9494,179.903,818.0,-0.09577,-86.37309,0.0,0,-1.0,-1.0,-1.0,-1.0,-1.0,0.0,0.0,0.0,0.0
1791564041.48,2235969.0,915.8,162374.3,162374.3,46.1,486.5,708.1,-25.96,269.99,0.27,279.84,0.0,0.0,0.0,0.0,162557.7,-580200.3,391178.7,0.9494,179.903,818.0,-0.09576,-86.39965,0.0,0,-1.0,-1.0,-1.0,-1.0,-1.0,0.0,0.0,0.0,0.0
1791564041.99,2235969.5,916.3,162397.5,162397.5,43.1,486.2,707.9,-26.42,269.99,0.27,279.82,0.0,0.0,0.0,0.0,162557.7,-580200.3,391178.7,0.9494,179.903,818.0,-0.09576,-86.42726,0.0,0,-1.0,-1.0,-1.0,-1.0,-1.0,0.0,0.0,0.0,0.0
1791564042.49,2235970.0,916.8,162418.3,162418.3,40.2,485.9,707.7,-26.86,269.99,0.27,279.8,0.0,0.0,0.0,0.0,162557.7,-580200.3,391178.7,0.9494,179.903,818.0,-0.09575,-86.45381,0.0,0,-1.0,-1.0,-1.0,-1.0,-1.0,0.0,0.0,0.0,0.0
1791564042.99,2235970.5,917.3,162437.7,162437.7,37.3,485.7,707.5,-27.3,269.99,0.27,279.79,0.0,0.0,0.0,0.0,162557.7,-580200.3,391178.7,0.9494,179.903,818.0,-0.09575,-86.48036,0.0,0,-1.0,-1.0,-1.0,-1.0,-1.0,0.0,0.0,0.0,0.0
1791564043.49,2235971.0,917.8,162455.6,162455.6,34.4,485.4,707.4,-27.74,269.99,0.27,279.77,0.0,0.0,0.0,0.0,162557.7,-580200.3,391178.7,0.9494,179.903,818.0,-0.09574,-86.5069,0.0,0,-1.0,-1.0,-1.0,-1.0,-1.0,0.0,0.0,0.0,0.0
1791564043.99,2235971.5,918.3,162472.1,162472.1,31.5,485.2,707.2,-28.18,269.99,0.27,279.75,0.0,0.0,0.0,0.0,162557.7,-580200.3,391178.7,0.9494,179.903,818.0,-0.09574,-86.53345,0.0,0,-1.0,-1.0,-1.0,-1.0,-1.0,0.0,0.0,0.0,0.0
1791564044.5,2235972.0,918.8,162487.1,162487.1,28.6,485.1,707.1,-28.61,269.99,0.27,279.73,0.0,0.0,0.0,0.0,162557.7,-580200.3,391178.7,0.9494,179.903,818.0,-0.09573,-86.56,0.0,0,-1.0,-1.0,-1.0,-1.0,-1.0,0.0,0.0,0.0,0.0
1791564045.0,2235972.5,919.3,162500.7,162500.7,25.8,484.9,707.0,-29.05,269.99,0.27,279.71,0.0,0.0,0.0,0.0,162557.7,-580200.3,391178.7,0.9494,179.903,818.0,-0.09572,-86.58654,0.0,0,-1.0,-1.0,-1.0,-1.0,-1.0,0.0,0.0,0.0,0.0
1791564045.5,2235973.0,919.8,162512.9,162512.9,22.9,484.7,706.9,-29.49,269.99,0.27,279.69,0.0,0.0,0.0,0.0,162557.7,-580200.3,391178.7,0.9494,179.903,818.0,-0.09572,-86.61309,0.0,0,-1.0,-1.0,-1.0,-1.0,-1.0,0.0,0.0,0.0,0.0
1791564046.0,2235973.5,920.3,162524.0,162524.0,19.9,484.6,706.8,-29.95,269.99,0.27,279.68,0.0,0.0,0.0,0.0,162557.7,-580200.3,391178.7,0.9494,179.903,818.0,-0.09571,-86.64069,0.0,0,-1.0,-1.0,-1.0,-1.0,-1.0,0.0,0.0,0.0,0.0
1791564046.51,2235974.0,920.8,162533.3,162533.3,17.0,484.5,706.7,-30.39,269.99,0.27,279.66,0.0,0.0,0.0,0.0,162557.7,-580200.3,391178.7,0.9494,179.903,818.0,-0.09571,-86.66724,0.0,0,-1.0,-1.0,-1.0,-1.0,-1.0,0.0,0.0,0.0,0.0
1791564047.01,2235974.5,921.4,162541.0,162541.0,14.1,484.4,706.6,-30.83,269.99,0.27,279.64,0.0,0.0,0.0,0.0,162557.7,-580200.3,391178.7,0.9494,179.903,818.0,-0.0957,-86.69378,0.0,0,-1.0,-1.0,-1.0,-1.0,-1.0,0.0,0.0,0.0,0.0
1791564047.51,2235975.0,921.9,162547.2,162547.2,11.3,484.3,706.6,-31.25,269.99,0.27,279.62,0.0,0.0,0.0,0.0,162557.7,-580200.3,391178.7,0.9494,179.903,818.0,-0.0957,-86.71926,0.0,0,-1.0,-1.0,-1.0,-1.0,-1.0,0.0,0.0,0.0,0.0
1791564048.01,2235975.5,922.4,162552.3,162552.3,8.3,484.2,706.6,-31.7,269.99,0.27,279.6,0.0,0.0,0.0,0.0,162557.7,-580200.3,391178.7,0.9494,179.903,818.0,-0.09569,-86.74687,0.0,0,-1.0,-1.0,-1.0,-1.0,-1.0,0.0,0.0,0.0,0.0
1791564048.51,2235976.0,922.9,162555.7,162555.7,5.5,484.2,706.5,-32.14,269.99,0.27,279.58,0.0,0.0,0.0,0.0,162557.7,-580200.3,391178.7,0.9494,179.903,818.0,-0.09568,-86.77341,0.0,0,-1.0,-1.0,-1.0,-1.0,-1.0,0.0,0.0,0.0,0.0
1791564049.01,2235976.5,923.4,162557.8,162557.8,2.6,484.2,706.5,-32.58,269.99,0.27,279.57,0.0,0.0,0.0,0.0,162557.7,-580200.3,391178.7,0.9494,179.903,818.0,-0.09568,-86.79995,0.0,0,-1.0,-1.0,-1.0,-1.0,-1.0,0.0,0.0,0.0,0.0
1791564049.52,2235977.0,923.9,162558.3,162558.3,-0.4,484.2,706.5,-33.04,269.99,0.27,279.55,0.0,0.0,0.0,0.0,162557.7,-580200.3,391178.7,0.9494,179.903,818.0,-0.09567,-86.82755,0.0,0,-1.0,-1.0,-1.0,-1.0,-1.0,0.0,0.0,0.0,0.0
1791564050.02,2235977.5,924.4,162557.4,162557.4,-3.3,484.2,706.5,-33.48,269.99,0.27,279.53,0.0,0.0,0.0,0.0,162557.7,-580200.3,391178.7,0.9494,179.903,818.0,-0.09567,-86.8541,0.0,0,-1.0,-1.0,-1.0,-1.0,-1.0,0.0,0.0,0.0,0.0
1791564050.53,2235978.0,924.9,162555.0,162555.0,-6.2,484.2,706.5,-33.92,269.99,0.26,279.51,0.0,0.0,0.0,0.0,162557.7,-580200.3,391178.7,0.9494,179.903,818.0,-0.09566,-86.88064,0.0,0,-1.0,-1.0,-1.0,-1.0,-1.0,0.0,0.0,0.0,0.0
1791564051.03,2235978.5,925.4,162551.2,162551.2,-9.1,484.3,706.6,-34.35,269.99,0.26,279.49,0.0,0.0,0.0,0.0,162557.7,-580200.3,391178.7,0.9494,179.903,818.0,-0.09565,-86.90718,0.0,0,-1.0,-1.0,-1.0,-1.0,-1.0,0.0,0.0,0.0,0.0
1791564051.53,2235979.0,925.9,162546.0,162546.0,-12.0,484.3,706.6,-34.79,269.99,0.26,279.47,0.0,0.0,0.0,0.0,162557.7,-580200.3,391178.7,0.9494,179.903,818.0,-0.09565,-86.93373,0.0,0,-1.0,-1.0,-1.0,-1.0,-1.0,0.0,0.0,0.0,0.0
1791564052.04,2235979.5,926.4,162539.3,162539.3,-14.8,484.4,706.7,-35.22,270.0,0.26,279.46,0.0,0.0,0.0,0.0,162557.7,-580200.4,391178.7,0.9494,179.903,818.0,-0.09564,-86.96027,0.0,0,-1.0,-1.0,-1.0,-1.0,-1.0,0.0,0.0,0.0,0.0
1791564052.54,2235980.0,926.9,162531.2,162531.2,-17.7,484.5,706.7,-35.65,270.01,0.27,279.44,0.0,0.0,0.0,0.0,162557.7,-580200.4,391178.7,0.9494,179.903,818.0,-0.09564,-86.98681,0.0,0,-1.0,-1.0,-1.0,-1.0,-1.0,0.0,0.0,0.0,0.0
1791564053.04,2235980.5,927.4,162521.6,162521.6,-20.6,484.6,706.8,-36.07,270.02,0.27,279.42,0.0,0.0,0.0,0.0,162557.7,-580200.4,391178.7,0.9494,179.903,818.0,-0.09563,-87.01336,0.0,0,-1.0,-1.0,-1.0,-1.0,-1.0,0.0,0.0,0.0,0.0
1791564053.54,2235981.0,927.9,162510.6,162510.6,-23.5,484.8,706.9,-36.5,270.03,0.27,279.4,0.0,0.0,0.0,0.0,162557.7,-580200.4,391178.7,0.9494,179.903,818.0,-0.09562,-87.0399,0.0,0,-1.0,-1.0,-1.0,-1.0,-1.0,0.0,0.0,0.0,0.0
1791564054.04,2235981.5,928.4,162498.1,162498.1,-26.4,484.9,707.0,-36.92,270.04,0.27,279.38,0.0,0.0,0.0,0.0,162557.7,-580200.4,391178.7,0.9494,179.903,818.0,-0.09562,-87.06644,0.0,0,-1.0,-1.0,-1.0,-1.0,-1.0,0.0,0.0,0.0,0.0
1791564054.54,2235982.0,928.9,162484.2,162484.2,-29.3,485.1,707.1,-37.35,270.05,0.27,279.37,0.0,0.0,0.0,0.0,162557.7,-580200.4,391178.7,0.9494,179.903,818.0,-0.09561,-87.09299,0.0,0,-1.0,-1.0,-1.0,-1.0,-1.0,0.0,0.0,0.0,0.0
1791564055.04,2235982.5,929.4,162468.9,162468.9,-32.1,485.3,707.3,-37.78,270.07,0.27,279.35,0.0,0.0,0.0,0.0,162557.7,-580200.4,391178.7,0.9494,179.903,818.0,-0.09561,-87.11954,0.0,0,-1.0,-1.0,-1.0,-1.0,-1.0,0.0,0.0,0.0,0.0
1791564055.55,2235983.0,929.9,162452.1,162452.1,-35.0,485.5,707.4,-38.2,270.08,0.28,279.33,0.0,0.0,0.0,0.0,162557.7,-580200.4,391178.7,0.9494,179.903,818.0,-0.0956,-87.14608,0.0,0,-1.0,-1.0,-1.0,-1.0,-1.0,0.0,0.0,0.0,0.0
1791564056.05,2235983.5,930.4,162433.9,162433.9,-37.9,485.7,707.6,-38.63,270.09,0.28,279.31,0.0,0.0,0.0,0.0,162557.7,-580200.4,391178.7,0.9494,179.903,818.0,-0.0956,-87.17263,0.0,0,-1.0,-1.0,-1.0,-1.0,-1.0,0.0,0.0,0.0,0.0
1791564056.55,2235984.0,930.9,162413.4,162413.4,-40.9,486.0,707.7,-39.07,270.1,0.28,279.29,0.0,0.0,0.0,0.0,162557.7,-580200.4,391178.7,0.9494,179.903,818.0,-0.09559,-87.20024,0.0,0,-1.0,-1.0,-1.0,-1.0,-1.0,0.0,0.0,0.0,0.0
1791564057.05,2235984.5,931.4,162392.2,162392.2,-43.8,486.2,707.9,-39.49,270.11,0.28,279.27,0.0,0.0,0.0,0.0,162557.7,-580200.4,391178.7,0.9494,179.903,818.0,-0.09558,-87.22679,0.0,0,-1.0,-1.0,-1.0,-1.0,-1.0,0.0,0.0,0.0,0.0
1791564057.55,2235985.0,931.9,162369.6,162369.6,-46.7,486.5,708.1,-39.92,270.13,0.29,279.26,0.0,0.0,0.0,0.0,162557.7,-580200.4,391178.7,0.9494,179.903,818.0,-0.09558,-87.25334,0.0,0,-1.0,-1.0,-1.0,-1.0,-1.0,0.0,0.0,0.0,0.0
1791564058.06,2235985.5,932.4,162345.6,162345.6,-49.6,486.8,708.3,-40.34,270.14,0.29,279.24,0.0,0.0,0.0,0.0,162557.7,-580200.4,391178.7,0.9494,179.903,818.0,-0.09557,-87.2799,0.0,0,-1.0,-1.0,-1.0,-1.0,-1.0,0.0,0.0,0.0,0.0
1791564058.56,2235986.0,932.9,162320.1,162320.1,-52.4,487.1,708.5,-40.77,270.15,0.29,279.22,0.0,0.0,0.0,0.0,162557.7,-580200.4,391178.7,0.9494,179.903,818.0,-0.09557,-87.30645,0.0,0,-1.0,-1.0,-1.0,-1.0,-1.0,0.0,0.0,0.0,0.0
1791564059.06,2235986.5,933.4,162293.1,162293.1,-55.3,487.5,708.8,-41.2,270.16,0.3,279.2,0.0,0.0,0.0,0.0,162557.7,-580200.4,391178.7,0.9494,179.903,818.0,-0.09556,-87.333,0.0,0,-1.0,-1.0,-1.0,-1.0,-1.0,0.0,0.0,0.0,0.0
1791564059.56,2235987.0,933.9,162264.8,162264.8,-58.2,487.8,709.0,-41.62,270.18,0.3,279.18,0.0,0.0,0.0,0.0,162557.7,-580200.4,391178.7,0.9494,179.903,818.0,-0.09555,-87.35956,0.0,0,-1.0,-1.0,-1.0,-1.0,-1.0,0.0,0.0,0.0,0.0
1791564060.06,2235987.6,934.4,162234.9,162234.9,-61.1,488.2,709.2,-42.06,270.19,0.3,279.16,0.0,0.0,0.0,0.0,162557.7,-580200.4,391178.7,0.9494,179.903,818.0,-0.09555,-87.38612,0.0,0,-1.0,-1.0,-1.0,-1.0,-1.0,0.0,0.0,0.0,0.0
1791564060.57,2235988.1,934.9,162202.4,162202.4,-64.1,488.6,709.5,-42.49,270.2,0.31,279.14,0.0,0.0,0.0,0.0,162557.7,-580200.4,391178.7,0.9494,179.903,818.0,-0.09554,-87.41374,0.0,0,-1.0,-1.0,-1.0,-1.0,-1.0,0.0,0.0,0.0,0.0
1791564061.07,2235988.6,935.4,162169.6,162169.6,-67.0,489.0,709.8,-42.91,270.22,0.31,279.13,0.0,0.0,0.0,0.0,162557.7,-580200.4,391178.7,0.9494,179.903,818.0,-0.09553,-87.4403,0.0,0,-1.0,-1.0,-1.0,-1.0,-1.0,0.0,0.0,0.0,0.0
1791564061.65,2235989.0,936.0,162136.8,162136.8,-69.8,489.4,710.1,-43.32,270.23,0.31,279.11,0.0,0.0,0.0,0.0,162557.7,-580200.4,391178.7,0.9494,179.903,818.0,-0.09553,-87.4658,0.0,0,-1.0,-1.0,-1.0,-1.0,-1.0,0.0,0.0,0.0,0.0
1791564062.15,2235989.5,936.5,162101.2,162101.2,-72.6,489.9,710.4,-43.75,270.24,0.32,279.09,0.0,0.0,0.0,0.0,162557.7,-580200.4,391178.7,0.9494,179.903,818.0,-0.09552,-87.49236,0.0,0,-1.0,-1.0,-1.0,-1.0,-1.0,0.0,0.0,0.0,0.0
1791564062.65,2235990.0,937.0,162064.2,162064.2,-75.5,490.3,710.7,-44.17,270.26,0.32,279.07,0.0,0.0,0.0,0.0,162557.7,-580200.4,391178.7,0.9494,179.903,818.0,-0.09552,-87.51892,0.0,0,-1.0,-1.0,-1.0,-1.0,-1.0,0.0,0.0,0.0,0.0
1791564063.15,2235990.5,937.5,162027.3,162027.3,-78.3,490.8,711.0,-44.58,270.27,0.33,279.06,0.0,0.0,0.0,0.0,162557.7,-580200.4,391178.7,0.9494,179.903,818.0,-0.09551,-87.54443,0.0,0,-1.0,-1.0,-1.0,-1.0,-1.0,0.0,0.0,0.0,0.0
1791564063.66,2235991.0,938.0,161987.4,161987.4,-81.2,491.3,711.3,-45.01,270.28,0.33,279.04,0.0,0.0,0.0,0.0,162557.7,-580200.4,391178.7,0.9494,179.903,818.0,-0.0955,-87.571,0.0,0,-1.0,-1.0,-1.0,-1.0,-1.0,0.0,0.0,0.0,0.0
1791564064.16,2235991.5,938.5,161946.1,161946.1,-84.1,491.8,711.7,-45.45,270.3,0.34,279.02,0.0,0.0,0.0,0.0,162557.7,-580200.4,391178.7,0.9494,179.903,818.0,-0.0955,-87.59757,0.0,0,-1.0,-1.0,-1.0,-1.0,-1.0,0.0,0.0,0.0,0.0
1791564064.66,2235992.0,939.0,161901.6,161901.6,-87.1,492.3,712.1,-45.87,270.31,0.34,279.0,0.0,0.0,0.0,0.0,162557.7,-580200.4,391178.7,0.9494,179.903,818.0,-0.09549,-87.6252,0.0,0,-1.0,-1.0,-1.0,-1.0,-1.0,0.0,0.0,0.0,0.0
1791564065.16,2235992.5,939.5,161857.4,161857.4,-90.0,492.9,712.4,-46.3,270.33,0.35,278.98,0.0,0.0,0.0,0.0,162557.7,-580200.4,391178.7,0.9494,179.903,818.0,-0.09549,-87.65178,0.0,0,-1.0,-1.0,-1.0,-1.0,-1.0,0.0,0.0,0.0,0.0
1791564065.66,2235993.0,940.0,161817.2,161817.2,-92.5,493.4,712.8,-46.67,270.34,0.35,278.97,0.0,0.0,0.0,0.0,162557.7,-580200.4,391178.7,0.9494,179.903,818.0,-0.09548,-87.67517,0.0,0,-1.0,-1.0,-1.0,-1.0,-1.0,0.0,0.0,0.0,0.0
1791564066.16,2235993.0,940.5,161817.2,161817.2,-92.5,493.4,712.8,-46.67,270.34,0.35,278.97,0.0,0.0,0.0,0.0,162557.7,-580200.4,391178.7,0.9494,179.903,818.0,-0.09548,-87.67517,0.0,0,-1.0,-1.0,-1.0,-1.0,-1.0,0.0,0.0,0.0,0.0
1791564066.67,2235993.0,941.0,161813.5,161813.5,-92.7,493.4,712.8,-46.71,270.34,0.35,278.96,0.0,0.0,0.0,0.0,162557.7,-580200.4,391178.7,0.9494,179.903,818.0,-0.09548,-87.67729,0.0,0,-1.0,-1.0,-1.0,-1.0,-1.0,0.0,0.0,0.0,0.0
1791564067.17,2235993.0,941.5,161813.5,161813.5,-92.7,493.4,712.8,-46.71,270.34,0.35,278.96,0.0,0.0,0.0,0.0,162557.7,-580200.4,391178.7,0.9494,179.903,818.0,-0.09548,-87.67729,0.0,0,-1.0,-1.0,-1.0,-1.0,-1.0,0.0,0.0,0.0,0.0
1791564067.67,2235993.1,942.0,161809.8,161809.8,-93.0,493.5,712.8,-46.74,270.34,0.35,278.96,0.0,0.0,0.0,0.0,162557.7,-580200.4,391178.7,0.9494,179.903,818.0,-0.09548,-87.67942,0.0,0,-1.0,-1.0,-1.0,-1.0,-1.0,0.0,0.0,0.0,0.0
1791564068.17,2235993.1,942.5,161809.8,161809.8,-93.0,493.5,712.8,-46.74,270.34,0.35,278.96,0.0,0.0,0.0,0.0,162557.7,-580200.4,391178.7,0.9494,179.903,818.0,-0.09548,-87.67942,0.0,0,-1.0,-1.0,-1.0,-1.0,-1.0,0.0,0.0,0.0,0.0
1791564068.67,2235993.1,943.0,161806.1,161806.1,-93.2,493.5,712.9,-46.78,270.34,0.35,278.96,0.0,0.0,0.0,0.0,162557.7,-580200.4,391178.7,0.9494,179.903,818.0,-0.09548,-87.68155,0.0,0,-1.0,-1.0,-1.0,-1.0,-1.0,0.0,0.0,0.0,0.0
1791564069.18,2235993.1,943.5,161806.1,161806.1,-93.2,493.5,712.9,-46.78,270.34,0.35,278.96,0.0,0.0,0.0,0.0,162557.7,-580200.4,391178.7,0.9494,179.903,818.0,-0.09548,-87.68155,0.0,0,-1.0,-1.0,-1.0,-1.0,-1.0,0.0,0.0,0.0,0.0
1791564069.68,2235993.1,944.0,161802.4,161802.4,-93.4,493.6,712.9,-46.81,270.34,0.35,278.96,0.0,0.0,0.0,0.0,162557.7,-580200.4,391178.7,0.9494,179.903,818.0,-0.09548,-87.68367,0.0,0,-1.0,-1.0,-1.0,-1.0,-1.0,0.0,0.0,0.0,0.0
1791564070.18,2235993.1,944.5,161802.4,161802.4,-93.4,493.6,712.9,-46.81,270.34,0.35,278.96,0.0,0.0,0.0,0.0,162557.7,-580200.4,391178.7,0.9494,179.903,818.0,-0.09548,-87.68367,0.0,0,-1.0,-1.0,-1.0,-1.0,-1.0,0.0,0.0,0.0,0.0
1791564070.68,2235993.2,945.0,161798.6,161798.6,-93.7,493.6,712.9,-46.84,270.35,0.35,278.96,0.0,0.0,0.0,0.0,162557.7,-580200.4,391178.7,0.9494,179.903,818.0,-0.09548,-87.6858,0.0,0,-1.0,-1.0,-1.0,-1.0,-1.0,0.0,0.0,0.0,0.0
1791564071.18,2235993.2,945.5,161798.6,161798.6,-93.7,493.6,712.9,-46.84,270.35,0.35,278.96,0.0,0.0,0.0,0.0,162557.7,-580200.4,391178.7,0.9494,179.903,818.0,-0.09548,-87.6858,0.0,0,-1.0,-1.0,-1.0,-1.0,-1.0,0.0,0.0,0.0,0.0
1791564071.68,2235993.2,946.0,161798.6,161798.6,-93.7,493.6,712.9,-46.84,270.35,0.35,278.96,0.0,0.0,0.0,0.0,162557.7,-580200.4,391178.7,0.9494,179.903,818.0,-0.09548,-87.6858,0.0,0,-1.0,-1.0,-1.0,-1.0,-1.0,0.0,0.0,0.0,0.0
1791564072.19,2235993.2,946.5,161794.9,161794.9,-93.9,493.7,713.0,-46.88,270.35,0.35,278.96,0.0,0.0,0.0,0.0,162557.7,-580200.4,391178.7,0.9494,179.903,818.0,-0.09548,-87.68792,0.0,0,-1.0,-1.0,-1.0,-1.0,-1.0,0.0,0.0,0.0,0.0
1791564072.69,2235993.2,947.0,161794.9,161794.9,-93.9,493.7,713.0,-46.88,270.35,0.35,278.96,0.0,0.0,0.0,0.0,162557.7,-580200.4,391178.7,0.9494,179.903,818.0,-0.09548,-87.68792,0.0,0,-1.0,-1.0,-1.0,-1.0,-1.0,0.0,0.0,0.0,0.0
1791564073.19,2235993.3,947.5,161791.1,161791.1,-94.1,493.7,713.0,-46.91,270.35,0.36,278.96,0.0,0.0,0.0,0.0,162557.7,-580200.4,391178.7,0.9494,179.903,818.0,-0.09548,-87.69005,0.0,0,-1.0,-1.0,-1.0,-1.0,-1.0,0.0,0.0,0.0,0.0
1791564073.69,2235993.3,948.0,161791.1,161791.1,-94.1,493.7,713.0,-46.91,270.35,0.36,278.95,0.0,0.0,0.0,0.0,162557.7,-580200.4,391178.7,0.9494,179.903,818.0,-0.09548,-87.69005,0.0,0,-1.0,-1.0,-1.0,-1.0,-1.0,0.0,0.0,0.0,0.0
1791564074.19,2235993.3,948.5,161787.3,161787.3,-94.4,493.8,713.0,-46.95,270.35,0.36,278.95,0.0,0.0,0.0,0.0,162557.7,-580200.4,391178.7,0.9494,179.903,818.0,-0.09548,-87.69218,0.0,0,-1.0,-1.0,-1.0,-1.0,-1.0,0.0,0.0,0.0,0.0
1791564074.69,2235993.3,949.0,161787.3,161787.3,-94.4,493.8,713.0,-46.95,270.35,0.36,278.95,0.0,0.0,0.0,0.0,162557.7,-580200.4,391178.7,0.9494,179.903,818.0,-0.09548,-87.69218,0.0,0,-1.0,-1.0,-1.0,-1.0,-1.0,0.0,0.0,0.0,0.0
1791564075.2,2235993.3,949.5,161783.6,161783.6,-94.6,493.8,713.1,-46.98,270.35,0.36,278.95,0.0,0.0,0.0,0.0,162557.7,-580200.4,391178.7,0.9494,179.903,818.0,-0.09548,-87.6943,0.0,0,-1.0,-1.0,-1.0,-1.0,-1.0,0.0,0.0,0.0,0.0
1791564075.7,2235993.3,950.0,161783.6,161783.6,-94.6,493.8,713.1,-46.98,270.35,0.36,278.95,0.0,0.0,0.0,0.0,162557.7,-580200.4,391178.7,0.9494,179.903,818.0,-0.09548,-87.6943,0.0,0,-1.0,-1.0,-1.0,-1.0,-1.0,0.0,0.0,0.0,0.0
1791564076.2,2235993.4,950.5,161779.8,161779.8,-94.8,493.8,713.1,-47.01,270.35,0.36,278.95,0.0,0.0,0.0,0.0,162557.7,-580200.4,391178.7,0.9494,179.903,818.0,-0.09548,-87.69643,0.0,0,-1.0,-1.0,-1.0,-1.0,-1.0,0.0,0.0,0.0,0.0
1791564076.7,2235993.4,951.0,161779.8,161779.8,-94.8,493.8,713.1,-47.01,270.35,0.36,278.95,0.0,0.0,0.0,0.0,162557.7,-580200.4,391178.7,0.9494,179.903,818.0,-0.09548,-87.69643,0.0,0,-1.0,-1.0,-1.0,-1.0,-1.0,0.0,0.0,0.0,0.0
1791564077.2,2235993.4,951.5,161776.0,161776.0,-95.0,493.9,713.1,-47.05,270.35,0.36,278.95,0.0,0.0,0.0,0.0,162557.7,-580200.4,391178.7,0.9494,179.903,818.0,-0.09548,-87.69856,0.0,0,-1.0,-1.0,-1.0,-1.0,-1.0,0.0,0.0,0.0,0.0
1791564077.7,2235993.4,952.0,161776.0,161776.0,-95.0,493.9,713.1,-47.05,270.35,0.36,278.95,0.0,0.0,0.0,0.0,162557.7,-580200.4,391178.7,0.9494,179.903,818.0,-0.09548,-87.69856,0.0,0,-1.0,-1.0,-1.0,-1.0,-1.0,0.0,0.0,0.0,0.0
1791564078.2,2235993.5,952.5,161772.2,161772.2,-95.3,493.9,713.2,-47.08,270.35,0.36,278.95,0.0,0.0,0.0,0.0,162557.7,-580200.4,391178.7,0.9494,179.903,818.0,-0.09547,-87.70068,0.0,0,-1.0,-1.0,-1.0,-1.0,-1.0,0.0,0.0,0.0,0.0
1791564078.71,2235993.5,953.0,161772.2,161772.2,-95.3,493.9,713.2,-47.08,270.35,0.36,278.95,0.0,0.0,0.0,0.0,162557.7,-580200.4,391178.7,0.9494,179.903,818.0,-0.09547,-87.70068,0.0,0,-1.0,-1.0,-1.0,-1.0,-1.0,0.0,0.0,0.0,0.0
1791564079.21,2235993.5,953.6,161768.4,161768.4,-95.5,494.0,713.2,-47.12,270.35,0.36,278.95,0.0,0.0,0.0,0.0,162557.7,-580200.4,391178.7,0.9494,179.903,818.0,-0.09547,-87.70281,0.0,0,-1.0,-1.0,-1.0,-1.0,-1.0,0.0,0.0,0.0,0.0
1791564079.71,2235993.5,954.1,161768.4,161768.4,-95.5,494.0,713.2,-47.12,270.35,0.36,278.95,0.0,0.0,0.0,0.0,162557.7,-580200.4,391178.7,0.9494,179.903,818.0,-0.09547,-87.70281,0.0,0,-1.0,-1.0,-1.0,-1.0,-1.0,0.0,0.0,0.0,0.0
1791564080.21,2235993.5,954.6,161764.5,161764.5,-95.7,494.0,713.2,-47.15,270.36,0.36,278.95,0.0,0.0,0.0,0.0,162557.7,-580200.4,391178.7,0.9494,179.903,818.0,-0.09547,-87.70494,0.0,0,-1.0,-1.0,-1.0,-1.0,-1.0,0.0,0.0,0.0,0.0
1791564080.71,2235993.5,955.1,161764.5,161764.5,-95.7,494.0,713.2,-47.15,270.36,0.36,278.95,0.0,0.0,0.0,0.0,162557.7,-580200.4,391178.7,0.9494,179.903,818.0,-0.09547,-87.70494,0.0,0,-1.0,-1.0,-1.0,-1.0,-1.0,0.0,0.0,0.0,0.0
1791564081.21,2235993.6,955.6,161760.7,161760.7,-96.0,494.1,713.3,-47.18,270.36,0.36,278.94,0.0,0.0,0.0,0.0,162557.7,-580200.4,391178.7,0.9494,179.903,818.0,-0.09547,-87.70706,0.0,0,-1.0,-1.0,-1.0,-1.0,-1.0,0.0,0.0,0.0,0.0
1791564081.72,2235993.6,956.1,161760.7,161760.7,-96.0,494.1,713.3,-47.18,270.36,0.36,278.94,0.0,0.0,0.0,0.0,162557.7,-580200.4,391178.7,0.9494,179.903,818.0,-0.09547,-87.70706,0.0,0,-1.0,-1.0,-1.0,-1.0,-1.0,0.0,0.0,0.0,0.0
1791564082.22,2235993.6,956.6,161756.9,161756.9,-96.2,494.1,713.3,-47.22,270.36,0.36,278.94,0.0,0.0,0.0,0.0,162557.7,-580200.4,391178.7,0.9494,179.903,818.0,-0.09547,-87.70919,0.0,0,-1.0,-1.0,-1.0,-1.0,-1.0,0.0,0.0,0.0,0.0
1791564082.72,2235993.6,957.1,161756.9,161756.9,-96.2,494.1,713.3,-47.22,270.36,0.36,278.94,0.0,0.0,0.0,0.0,162557.7,-580200.4,391178.7,0.9494,179.903,818.0,-0.09547,-87.70919,0.0,0,-1.0,-1.0,-1.0,-1.0,-1.0,0.0,0.0,0.0,0.0
1791564083.22,2235993.7,957.6,161753.0,161753.0,-96.4,494.2,713.3,-47.25,270.36,0.36,278.94,0.0,0.0,0.0,0.0,162557.7,-580200.4,391178.7,0.9494,179.903,818.0,-0.09547,-87.71131,0.0,0,-1.0,-1.0,-1.0,-1.0,-1.0,0.0,0.0,0.0,0.0
1791564083.72,2235993.7,958.1,161753.0,161753.0,-96.4,494.2,713.3,-47.25,270.36,0.36,278.94,0.0,0.0,0.0,0.0,162557.7,-580200.4,391178.7,0.9494,179.903,818.0,-0.09547,-87.71131,0.0,0,-1.0,-1.0,-1.0,-1.0,-1.0,0.0,0.0,0.0,0.0
1791564084.22,2235993.7,958.6,161749.1,161749.1,-96.7,494.2,713.4,-47.29,270.36,0.36,278.94,0.0,0.0,0.0,0.0,162557.7,-580200.4,391178.7,0.9494,179.903,818.0,-0.09547,-87.71344,0.0,0,-1.0,-1.0,-1.0,-1.0,-1.0,0.0,0.0,0.0,0.0
1791564084.72,2235993.7,959.1,161749.1,161749.1,-96.7,494.2,713.4,-47.29,270.36,0.36,278.94,0.0,0.0,0.0,0.0,162557.7,-580200.4,391178.7,0.9494,179.903,818.0,-0.09547,-87.71344,0.0,0,-1.0,-1.0,-1.0,-1.0,-1.0,0.0,0.0,0.0,0.0
1791564085.23,2235993.7,959.6,161745.3,161745.3,-96.9,494.3,713.4,-47.32,270.36,0.36,278.94,0.0,0.0,0.0,0.0,162557.7,-580200.4,391178.7,0.9494,179.903,818.0,-0.09547,-87.71557,0.0,0,-1.0,-1.0,-1.0,-1.0,-1.0,0.0,0.0,0.0,0.0
1791564085.73,2235993.7,960.1,161745.3,161745.3,-96.9,494.3,713.4,-47.32,270.36,0.36,278.94,0.0,0.0,0.0,0.0,162557.7,-580200.4,391178.7,0.9494,179.903,818.0,-0.09547,-87.71557,0.0,0,-1.0,-1.0,-1.0,-1.0,-1.0,0.0,0.0,0.0,0.0
1791564086.23,2235993.8,960.6,161741.4,161741.4,-97.1,494.3,713.4,-47.36,270.36,0.36,278.94,0.0,0.0,0.0,0.0,162557.7,-580200.4,391178.7,0.9494,179.903,818.0,-0.09547,-87.71769,0.0,0,-1.0,-1.0,-1.0,-1.0,-1.0,0.0,0.0,0.0,0.0
1791564086.73,2235993.8,961.1,161741.4,161741.4,-97.1,494.3,713.4,-47.36,270.36,0.36,278.94,0.0,0.0,0.0,0.0,162557.7,-580200.4,391178.7,0.9494,179.903,818.0,-0.09547,-87.71769,0.0,0,-1.0,-1.0,-1.0,-1.0,-1.0,0.0,0.0,0.0,0.0
1791564087.23,2235993.8,961.6,161737.5,161737.5,-97.4,494.4,713.5,-47.39,270.36,0.36,278.93,0.0,0.0,0.0,0.0,162557.7,-580200.4,391178.7,0.9494,179.903,818.0,-0.09547,-87.71982,0.0,0,-1.0,-1.0,-1.0,-1.0,-1.0,0.0,0.0,0.0,0.0
1791564087.73,2235993.8,962.1,161737.5,161737.5,-97.4,494.4,713.5,-47.39,270.36,0.36,278.93,0.0,0.0,0.0,0.0,162557.7,-580200.4,391178.7,0.9494,179.903,818.0,-0.09547,-87.71982,0.0,0,-1.0,-1.0,-1.0,-1.0,-1.0,0.0,0.0,0.0,0.0
1791564088.24,2235993.9,962.6,161733.6,161733.6,-97.6,494.4,713.5,-47.42,270.37,0.36,278.93,0.0,0.0,0.0,0.0,162557.7,-580200.4,391178.7,0.9494,179.903,818.0,-0.09547,-87.72195,0.0,0,-1.0,-1.0,-1.0,-1.0,-1.0,0.0,0.0,0.0,0.0
1791564088.74,2235993.9,963.1,161733.6,161733.6,-97.6,494.4,713.5,-47.42,270.37,0.36,278.93,0.0,0.0,0.0,0.0,162557.7,-580200.4,391178.7,0.9494,179.903,818.0,-0.09547,-87.72195,0.0,0,-1.0,-1.0,-1.0,-1.0,-1.0,0.0,0.0,0.0,0.0
1791564089.24,2235993.9,963.6,161729.7,161729.7,-97.8,494.5,713.5,-47.46,270.37,0.36,278.93,0.0,0.0,0.0,0.0,162557.7,-580200.4,391178.7,0.9494,179.903,818.0,-0.09547,-87.72407,0.0,0,-1.0,-1.0,-1.0,-1.0,-1.0,0.0,0.0,0.0,0.0
1791564089.74,2235993.9,964.1,161729.7,161729.7,-97.8,494.5,713.5,-47.46,270.37,0.36,278.93,0.0,0.0,0.0,0.0,162557.7,-580200.4,391178.7,0.9494,179.903,818.0,-0.09547,-87.72407,0.0,0,-1.0,-1.0,-1.0,-1.0,-1.0,0.0,0.0,0.0,0.0
1791564090.24,2235993.9,964.6,161725.8,161725.8,-98.1,494.5,713.6,-47.49,270.37,0.36,278.93,0.0,0.0,0.0,0.0,162557.7,-580200.4,391178.7,0.9494,179.903,818.0,-0.09547,-87.7262,0.0,0,-1.0,-1.0,-1.0,-1.0,-1.0,0.0,0.0,0.0,0.0
1791564090.74,2235993.9,965.1,161725.8,161725.8,-98.1,494.5,713.6,-47.49,270.37,0.36,278.93,0.0,0.0,0.0,0.0,162557.7,-580200.4,391178.7,0.9494,179.903,818.0,-0.09547,-87.7262,0.0,0,-1.0,-1.0,-1.0,-1.0,-1.0,0.0,0.0,0.0,0.0
1791564091.24,2235994.0,965.6,161721.9,161721.9,-98.3,494.6,713.6,-47.53,270.37,0.36,278.93,0.0,0.0,0.0,0.0,162557.7,-580200.4,391178.7,0.9494,179.903,818.0,-0.09547,-87.72833,0.0,0,-1.0,-1.0,-1.0,-1.0,-1.0,0.0,0.0,0.0,0.0
1791564091.75,2235994.0,966.1,161721.9,161721.9,-98.3,494.6,713.6,-47.53,270.37,0.36,278.93,0.0,0.0,0.0,0.0,162557.7,-580200.4,391178.7,0.9494,179.903,818.0,-0.09547,-87.72833,0.0,0,-1.0,-1.0,-1.0,-1.0,-1.0,0.0,0.0,0.0,0.0
1791564092.25,2235994.0,966.6,161717.9,161717.9,-98.5,494.6,713.6,-47.56,270.37,0.36,278.93,0.0,0.0,0.0,0.0,162557.7,-580200.4,391178.7,0.9494,179.903,818.0,-0.09547,-87.73045,0.0,0,-1.0,-1.0,-1.0,-1.0,-1.0,0.0,0.0,0.0,0.0
1791564092.75,2235994.0,967.1,161717.9,161717.9,-98.5,494.6,713.6,-47.56,270.37,0.36,278.93,0.0,0.0,0.0,0.0,162557.7,-580200.4,391178.7,0.9494,179.903,818.0,-0.09547,-87.73045,0.0,0,-1.0,-1.0,-1.0,-1.0,-1.0,0.0,0.0,0.0,0.0
1791564093.25,2235994.1,967.6,161714.0,161714.0,-98.7,494.7,713.7,-47.59,270.37,0.36,278.93,0.0,0.0,0.0,0.0,162557.7,-580200.4,391178.7,0.9494,179.903,818.0,-0.09547,-87.73258,0.0,0,-1.0,-1.0,-1.0,-1.0,-1.0,0.0,0.0,0.0,0.0
1791564093.76,2235994.1,968.1,161714.0,161714.0,-98.7,494.7,713.7,-47.59,270.37,0.36,278.93,0.0,0.0,0.0,0.0,162557.7,-580200.4,391178.7,0.9494,179.903,818.0,-0.09547,-87.73258,0.0,0,-1.0,-1.0,-1.0,-1.0,-1.0,0.0,0.0,0.0,0.0
1791564094.26,2235994.2,968.6,161702.1,161702.1,-99.4,494.8,713.8,-47.7,270.38,0.37,278.92,0.0,0.0,0.0,0.0,162557.7,-580200.4,391178.7,0.9494,179.903,818.0,-0.09547,-87.73896,0.0,0,-1.0,-1.0,-1.0,-1.0,-1.0,0.0,0.0,0.0,0.0
1791564094.76,2235994.7,969.1,161649.6,161649.6,-102.4,495.4,714.2,-48.15,270.39,0.37,278.9,0.0,0.0,0.0,0.0,162557.7,-580200.4,391178.7,0.9494,179.903,818.0,-0.09546,-87.76661,0.0,0,-1.0,-1.0,-1.0,-1.0,-1.0,0.0,0.0,0.0,0.0
1791564095.26,2235995.2,969.6,161595.6,161595.6,-105.4,496.1,714.7,-48.58,270.41,0.38,278.88,0.0,0.0,0.0,0.0,162557.7,-580200.4,391178.7,0.9494,179.903,818.0,-0.09545,-87.79426,0.0,0,-1.0,-1.0,-1.0,-1.0,-1.0,0.0,0.0,0.0,0.0
1791564095.76,2235995.7,970.1,161542.1,161542.1,-108.3,496.8,715.1,-49.01,270.42,0.39,278.87,0.0,0.0,0.0,0.0,162557.7,-580200.4,391178.7,0.9494,179.903,818.0,-0.09545,-87.82085,0.0,0,-1.0,-1.0,-1.0,-1.0,-1.0,0.0,0.0,0.0,0.0
1791564096.27,2235996.2,970.6,161487.2,161487.2,-111.2,497.4,715.6,-49.43,270.44,0.39,278.85,0.0,0.0,0.0,0.0,162557.7,-580200.4,391178.7,0.9494,179.903,818.0,-0.09544,-87.84744,0.0,0,-1.0,-1.0,-1.0,-1.0,-1.0,0.0,0.0,0.0,0.0
1791564096.77,2235996.7,971.1,161430.9,161430.9,-114.1,498.1,716.0,-49.86,270.46,0.4,278.83,0.0,0.0,0.0,0.0,162557.7,-580200.4,391178.7,0.9494,179.903,818.0,-0.09543,-87.87404,0.0,0,-1.0,-1.0,-1.0,-1.0,-1.0,0.0,0.0,0.0,0.0
1791564097.27,2235997.2,971.6,161373.1,161373.1,-117.0,498.8,716.5,-50.28,270.47,0.41,278.81,0.0,0.0,0.0,0.0,162557.7,-580200.4,391178.7,0.9494,179.903,818.0,-0.09543,-87.90063,0.0,0,-1.0,-1.0,-1.0,-1.0,-1.0,0.0,0.0,0.0,0.0
1791564097.77,2235997.7,972.1,161313.9,161313.9,-119.9,499.6,717.0,-50.71,270.49,0.42,278.79,0.0,0.0,0.0,0.0,162557.7,-580200.4,391178.7,0.9494,179.903,818.0,-0.09542,-87.92723,0.0,0,-1.0,-1.0,-1.0,-1.0,-1.0,0.0,0.0,0.0,0.0
1791564098.27,2235998.2,972.6,161253.2,161253.2,-122.8,500.3,717.5,-51.13,270.51,0.42,278.77,0.0,0.0,0.0,0.0,162557.7,-580200.4,391178.7,0.9494,179.903,818.0,-0.09542,-87.95384,0.0,0,-1.0,-1.0,-1.0,-1.0,-1.0,0.0,0.0,0.0,0.0
1791564098.78,2235998.7,973.1,161191.1,161191.1,-125.7,501.1,718.1,-51.56,270.52,0.43,278.76,0.0,0.0,0.0,0.0,162557.7,-580200.4,391178.7,0.9494,179.903,818.0,-0.09541,-87.98044,0.0,0,-1.0,-1.0,-1.0,-1.0,-1.0,0.0,0.0,0.0,0.0
1791564099.28,2235999.2,973.6,161127.6,161127.5,-128.6,501.8,718.6,-51.98,270.54,0.44,278.74,0.0,0.0,0.0,0.0,162557.7,-580200.4,391178.7,0.9494,179.903,818.0,-0.0954,-88.00705,0.0,0,-1.0,-1.0,-1.0,-1.0,-1.0,0.0,0.0,0.0,0.0
1791564099.78,2235999.7,974.1,161062.5,161062.5,-131.5,502.6,719.1,-52.41,270.56,0.45,278.72,0.0,0.0,0.0,0.0,162557.7,-580200.4,391178.7,0.9494,179.903,818.0,-0.0954,-88.03367,0.0,0,-1.0,-1.0,-1.0,-1.0,-1.0,0.0,0.0,0.0,0.0
1791564100.28,2236000.2,974.6,160996.1,160996.1,-134.4,503.4,719.7,-52.83,270.58,0.46,278.7,0.0,0.0,0.0,0.0,162557.7,-580200.4,391178.7,0.9494,179.903,818.0,-0.09539,-88.06028,0.0,0,-1.0,-1.0,-1.0,-1.0,-1.0,0.0,0.0,0.0,0.0
1791564100.78,2236000.7,975.1,160928.2,160928.2,-137.3,504.2,720.3,-53.26,270.6,0.47,278.68,0.0,0.0,0.0,0.0,162557.7,-580200.4,391178.7,0.9494,179.903,818.0,-0.09538,-88.0869,0.0,0,-1.0,-1.0,-1.0,-1.0,-1.0,0.0,0.0,0.0,0.0
1791564101.28,2236001.2,975.6,160858.8,160858.8,-140.2,505.1,720.8,-53.68,270.62,0.48,278.66,0.0,0.0,0.0,0.0,162557.7,-580200.4,391178.7,0.9494,179.903,818.0,-0.09538,-88.11352,0.0,0,-1.0,-1.0,-1.0,-1.0,-1.0,0.0,0.0,0.0,0.0
1791564101.79,2236001.7,976.1,160785.2,160785.2,-143.2,506.0,721.5,-54.13,270.64,0.49,278.65,0.0,0.0,0.0,0.0,162557.7,-580200.4,391178.7,0.9494,179.903,818.0,-0.09537,-88.14121,0.0,0,-1.0,-1.0,-1.0,-1.0,-1.0,0.0,0.0,0.0,0.0
1791564102.29,2236002.2,976.6,160712.9,160712.9,-146.1,506.8,722.1,-54.55,270.66,0.5,278.63,0.0,0.0,0.0,0.0,162557.7,-580200.4,391178.7,0.9494,179.903,818.0,-0.09537,-88.16784,0.0,0,-1.0,-1.0,-1.0,-1.0,-1.0,0.0,0.0,0.0,0.0
1791564102.79,2236002.7,977.1,160639.1,160639.1,-149.0,507.7,722.7,-54.98,270.68,0.51,278.61,0.0,0.0,0.0,0.0,162557.7,-580200.4,391178.7,0.9494,179.903,818.0,-0.09536,-88.19448,0.0,0,-1.0,-1.0,-1.0,-1.0,-1.0,0.0,0.0,0.0,0.0
1791564103.29,2236003.2,977.6,160563.9,160563.9,-151.9,508.6,723.3,-55.4,270.7,0.53,278.59,0.0,0.0,0.0,0.0,162557.7,-580200.4,391178.7,0.9494,179.903,818.0,-0.09535,-88.22111,0.0,0,-1.0,-1.0,-1.0,-1.0,-1.0,0.0,0.0,0.0,0.0
1791564103.8,2236003.7,978.1,160487.3,160487.3,-154.8,509.6,724.0,-55.83,270.72,0.54,278.57,0.0,0.0,0.0,0.0,162557.7,-580200.4,391178.7,0.9494,179.903,818.0,-0.09535,-88.24775,0.0,0,-1.0,-1.0,-1.0,-1.0,-1.0,0.0,0.0,0.0,0.0
1791564104.3,2236004.3,978.6,160409.2,160409.2,-157.7,510.5,724.6,-56.25,270.74,0.55,278.55,0.0,0.0,0.0,0.0,162557.7,-580200.4,391178.7,0.9494,179.903,818.0,-0.09534,-88.2744,0.0,0,-1.0,-1.0,-1.0,-1.0,-1.0,0.0,0.0,0.0,0.0
1791564104.8,2236004.8,979.1,160329.6,160329.6,-160.6,511.4,725.3,-56.68,270.76,0.56,278.53,0.0,0.0,0.0,0.0,162557.7,-580200.4,391178.7,0.9494,179.903,818.0,-0.09533,-88.30104,0.0,0,-1.0,-1.0,-1.0,-1.0,-1.0,0.0,0.0,0.0,0.0
1791564105.3,2236005.3,979.6,160245.4,160245.3,-163.6,512.4,726.0,-57.12,270.78,0.58,278.52,0.0,0.0,0.0,0.0,162557.7,-580200.4,391178.7,0.9494,179.903,818.0,-0.09533,-88.32876,0.0,0,-1.0,-1.0,-1.0,-1.0,-1.0,0.0,0.0,0.0,0.0
1791564105.81,2236005.8,980.1,160162.8,160162.8,-166.5,513.4,726.7,-57.55,270.81,0.59,278.5,0.0,0.0,0.0,0.0,162557.7,-580200.4,391178.7,0.9494,179.903,818.0,-0.09532,-88.35542,0.0,0,-1.0,-1.0,-1.0,-1.0,-1.0,0.0,0.0,0.0,0.0
1791564106.31,2236006.3,980.6,160078.9,160078.9,-169.4,514.4,727.4,-57.97,270.83,0.61,278.48,0.0,0.0,0.0,0.0,162557.7,-580200.4,391178.7,0.9494,179.903,818.0,-0.09531,-88.38207,0.0,0,-1.0,-1.0,-1.0,-1.0,-1.0,0.0,0.0,0.0,0.0
1791564106.81,2236006.8,981.2,159993.5,159993.5,-172.3,515.4,728.1,-58.4,270.85,0.62,278.46,0.0,0.0,0.0,0.0,162557.7,-580200.4,391178.7,0.9494,179.903,818.0,-0.09531,-88.40874,0.0,0,-1.0,-1.0,-1.0,-1.0,-1.0,0.0,0.0,0.0,0.0
1791564107.31,2236007.3,981.7,159906.6,159906.6,-175.2,516.5,728.8,-58.82,270.88,0.64,278.44,0.0,0.0,0.0,0.0,162557.7,-580200.4,391178.7,0.9494,179.903,818.0,-0.0953,-88.43541,0.0,0,-1.0,-1.0,-1.0,-1.0,-1.0,0.0,0.0,0.0,0.0
1791564107.81,2236007.8,982.2,159818.3,159818.3,-178.1,517.5,729.5,-59.25,270.9,0.65,278.42,0.0,0.0,0.0,0.0,162557.7,-580200.4,391178.7,0.9494,179.903,818.0,-0.09529,-88.46208,0.0,0,-1.0,-1.0,-1.0,-1.0,-1.0,0.0,0.0,0.0,0.0
1791564108.31,2236008.3,982.7,159728.5,159728.5,-181.0,518.6,730.3,-59.67,270.93,0.67,278.41,0.0,0.0,0.0,0.0,162557.7,-580200.4,391178.7,0.9494,179.903,818.0,-0.09529,-88.48875,0.0,0,-1.0,-1.0,-1.0,-1.0,-1.0,0.0,0.0,0.0,0.0
1791564108.81,2236008.8,983.2,159637.3,159637.3,-183.9,519.6,731.0,-60.1,270.96,0.69,278.39,0.0,0.0,0.0,0.0,162557.7,-580200.4,391178.7,0.9494,179.903,818.0,-0.09528,-88.51543,0.0,0,-1.0,-1.0,-1.0,-1.0,-1.0,0.0,0.0,0.0,0.0
1791564109.32,2236009.3,983.7,159540.9,159540.9,-186.9,520.8,731.8,-60.54,270.98,0.71,278.37,0.0,0.0,0.0,0.0,162557.7,-580200.4,391178.7,0.9494,179.903,818.0,-0.09527,-88.54319,0.0,0,-1.0,-1.0,-1.0,-1.0,-1.0,0.0,0.0,0.0,0.0
1791564109.82,2236009.8,984.2,159446.8,159446.8,-189.8,521.9,732.6,-60.96,271.01,0.72,278.35,0.0,0.0,0.0,0.0,162557.7,-580200.4,391178.7,0.9494,179.903,818.0,-0.09527,-88.56988,0.0,0,-1.0,-1.0,-1.0,-1.0,-1.0,0.0,0.0,0.0,0.0
1791564110.32,2236010.3,984.7,159351.1,159351.1,-192.7,523.0,733.4,-61.39,271.04,0.74,278.33,0.0,0.0,0.0,0.0,162557.7,-580200.4,391178.7,0.9494,179.903,818.0,-0.09526,-88.59657,0.0,0,-1.0,-1.0,-1.0,-1.0,-1.0,0.0,0.0,0.0,0.0
1791564110.82,2236010.8,985.2,159254.0,159254.0,-195.6,524.1,734.2,-61.81,271.07,0.76,278.31,0.0,0.0,0.0,0.0,162557.7,-580200.4,391178.7,0.9494,179.903,818.0,-0.09526,-88.62327,0.0,0,-1.0,-1.0,-1.0,-1.0,-1.0,0.0,0.0,0.0,0.0
1791564111.33,2236011.3,985.7,159155.5,159155.5,-198.5,525.3,735.0,-62.24,271.1,0.78,278.3,0.0,0.0,0.0,0.0,162557.7,-580200.4,391178.7,0.9494,179.903,818.0,-0.09525,-88.64997,0.0,0,-1.0,-1.0,-1.0,-1.0,-1.0,0.0,0.0,0.0,0.0
1791564111.83,2236011.8,986.2,159055.5,159055.5,-201.4,526.5,735.8,-62.66,271.13,0.81,278.28,0.0,0.0,0.0,0.0,162557.7,-580200.4,391178.7,0.9494,179.903,818.0,-0.09524,-88.67668,0.0,0,-1.0,-1.0,-1.0,-1.0,-1.0,0.0,0.0,0.0,0.0
1791564112.33,2236012.3,986.7,158954.1,158954.1,-204.4,527.6,736.7,-63.09,271.16,0.83,278.26,0.0,0.0,0.0,0.0,162557.7,-580200.4,391178.7,0.9494,179.903,818.0,-0.09524,-88.7034,0.0,0,-1.0,-1.0,-1.0,-1.0,-1.0,0.0,0.0,0.0,0.0
1791564112.83,2236012.8,987.2,158851.2,158851.2,-207.3,528.8,737.5,-63.51,271.19,0.85,278.24,0.0,0.0,0.0,0.0,162557.7,-580200.4,391178.7,0.9494,179.903,818.0,-0.09523,-88.73011,0.0,0,-1.0,-1.0,-1.0,-1.0,-1.0,0.0,0.0,0.0,0.0
1791564113.33,2236013.3,987.7,158751.0,158751.0,-210.1,530.0,738.3,-63.92,271.22,0.88,278.22,0.0,0.0,0.0,0.0,162557.7,-580200.4,391178.7,0.9494,179.903,818.0,-0.09522,-88.75577,0.0,0,-1.0,-1.0,-1.0,-1.0,-1.0,0.0,0.0,0.0,0.0
1791564113.84,2236013.8,988.2,158641.0,158641.0,-213.1,531.3,739.2,-64.36,271.26,0.9,278.2,0.0,0.0,0.0,0.0,162557.7,-580200.4,391178.7,0.9494,179.903,818.0,-0.09522,-88.78357,0.0,0,-1.0,-1.0,-1.0,-1.0,-1.0,0.0,0.0,0.0,0.0
1791564114.34,2236014.3,988.7,158533.7,158533.7,-216.0,532.5,740.1,-64.79,271.29,0.93,278.19,0.0,0.0,0.0,0.0,162557.7,-580200.4,391178.7,0.9494,179.903,818.0,-0.09521,-88.8103,0.0,0,-1.0,-1.0,-1.0,-1.0,-1.0,0.0,0.0,0.0,0.0
1791564114.85,2236014.8,989.2,158420.6,-1.0,-218.9,533.8,741.0,-65.23,271.33,0.96,278.17,0.0,0.0,0.0,0.0,162557.7,-580200.4,391178.7,0.9494,179.903,818.0,-0.0952,-88.83811,0.0,0,-1.0,-1.0,-1.0,-1.0,-1.0,0.0,0.0,0.0,0.0
1791564115.35,2236015.3,989.7,158310.4,158310.4,-221.9,535.1,741.9,-65.66,271.37,0.99,278.15,0.0,0.0,0.0,0.0,162557.7,-580200.4,391178.7,0.9494,179.903,818.0,-0.0952,-88.86485,0.0,0,-1.0,-1.0,-1.0,-1.0,-1.0,0.0,0.0,0.0,0.0
1791564115.85,2236015.7,990.2,158221.1,158221.1,-224.3,536.1,742.7,-66.0,271.4,1.01,278.13,0.0,0.0,0.0,0.0,162557.7,-580200.4,391178.7,0.9494,179.903,818.0,-0.09519,-88.88625,0.0,0,-1.0,-1.0,-1.0,-1.0,-1.0,0.0,0.0,0.0,0.0
1791564116.35,2236016.2,990.7,158108.3,158108.3,-227.2,537.4,743.6,-66.42,271.44,1.04,278.11,0.0,0.0,0.0,0.0,162557.7,-580200.4,391178.7,0.9494,179.903,818.0,-0.09518,-88.913,0.0,0,-1.0,-1.0,-1.0,-1.0,-1.0,0.0,0.0,0.0,0.0
1791564116.86,2236016.7,991.2,157994.0,157994.0,-230.1,538.7,744.5,-66.85,271.48,1.07,278.1,0.0,0.0,0.0,0.0,162557.7,-580200.4,391178.7,0.9494,179.903,818.0,-0.09518,-88.93976,0.0,0,-1.0,-1.0,-1.0,-1.0,-1.0,0.0,0.0,0.0,0.0
1791564117.36,2236017.2,991.7,157878.2,157878.2,-233.0,540.0,745.5,-67.27,271.52,1.11,278.08,0.0,0.0,0.0,0.0,162557.7,-580200.4,391178.7,0.9494,179.903,818.0,-0.09517,-88.96653,0.0,0,-1.0,-1.0,-1.0,-1.0,-1.0,0.0,0.0,0.0,0.0
1791564117.86,2236017.7,992.2,157765.7,157765.7,-235.8,541.3,746.4,-67.7,271.56,1.14,278.06,0.0,0.0,0.0,0.0,162557.7,-580200.4,391178.7,0.9494,179.903,818.0,-0.09516,-88.99223,0.0,0,-1.0,-1.0,-1.0,-1.0,-1.0,0.0,0.0,0.0,0.0
1791564118.36,2236018.2,992.7,157642.2,157642.3,-238.9,542.7,747.4,-68.12,271.61,1.18,278.04,0.0,0.0,0.0,0.0,162557.7,-580200.4,391178.7,0.9494,179.903,818.0,-0.09516,-89.02008,0.0,0,-1.0,-1.0,-1.0,-1.0,-1.0,0.0,0.0,0.0,0.0
1791564118.86,2236018.7,993.2,157522.1,157522.1,-241.8,544.1,748.4,-68.55,271.66,1.22,278.02,0.0,0.0,0.0,0.0,162557.7,-580200.4,391178.7,0.9494,179.903,818.0,-0.09515,-89.04686,0.0,0,-1.0,-1.0,-1.0,-1.0,-1.0,0.0,0.0,0.0,0.0
1791564119.36,2236019.2,993.7,157400.5,157400.5,-244.7,545.4,749.4,-68.97,271.71,1.26,278.0,0.0,0.0,0.0,0.0,162557.7,-580200.4,391178.7,0.9494,179.903,818.0,-0.09514,-89.07365,0.0,0,-1.0,-1.0,-1.0,-1.0,-1.0,0.0,0.0,0.0,0.0
1791564119.87,2236019.7,994.2,157277.4,157277.4,-247.6,546.8,750.4,-69.4,271.76,1.3,277.98,0.0,0.0,0.0,0.0,162557.7,-580200.4,391178.7,0.9494,179.903,818.0,-0.09514,-89.10044,0.0,0,-1.0,-1.0,-1.0,-1.0,-1.0,0.0,0.0,0.0,0.0
1791564120.37,2236020.2,994.7,157152.9,157152.9,-250.5,548.2,751.4,-69.84,271.81,1.34,277.97,0.0,0.0,0.0,0.0,162557.7,-580200.4,391178.7,0.9494,179.903,818.0,-0.09513,-89.12724,0.0,0,-1.0,-1.0,-1.0,-1.0,-1.0,0.0,0.0,0.0,0.0
1791564120.87,2236020.7,995.2,157021.8,157021.8,-253.6,549.7,752.4,-70.26,271.86,1.39,277.95,0.0,0.0,0.0,0.0,162557.7,-580200.4,391178.7,0.9494,179.903,818.0,-0.09512,-89.15512,0.0,0,-1.0,-1.0,-1.0,-1.0,-1.0,0.0,0.0,0.0,0.0
1791564121.38,2236021.2,995.7,156894.3,156894.3,-256.5,551.1,753.5,-70.69,271.92,1.44,277.93,0.0,0.0,0.0,0.0,162557.7,-580200.4,391178.7,0.9494,179.903,818.0,-0.09512,-89.18193,0.0,0,-1.0,-1.0,-1.0,-1.0,-1.0,0.0,0.0,0.0,0.0
1791564121.88,2236021.7,996.2,156770.5,156770.5,-259.3,552.5,754.5,-71.1,271.98,1.49,277.91,0.0,0.0,0.0,0.0,162557.7,-580200.4,391178.7,0.9494,179.903,818.0,-0.09511,-89.20768,0.0,0,-1.0,-1.0,-1.0,-1.0,-1.0,0.0,0.0,0.0,0.0
1791564122.38,2236022.2,996.7,156634.8,156634.8,-262.4,554.0,755.6,-71.54,272.04,1.54,277.89,0.0,0.0,0.0,0.0,162557.7,-580200.4,391178.7,0.9494,179.903,818.0,-0.0951,-89.23558,0.0,0,-1.0,-1.0,-1.0,-1.0,-1.0,0.0,0.0,0.0,0.0
1791564122.88,2236022.7,997.2,156502.9,156502.9,-265.3,555.5,756.6,-71.96,272.11,1.6,277.87,0.0,0.0,0.0,0.0,162557.7,-580200.4,391178.7,0.9494,179.903,818.0,-0.0951,-89.26241,0.0,0,-1.0,-1.0,-1.0,-1.0,-1.0,0.0,0.0,0.0,0.0
1791564123.38,2236023.2,997.7,156369.5,156369.5,-268.2,557.0,757.7,-72.39,272.17,1.66,277.86,0.0,0.0,0.0,0.0,162557.7,-580200.4,391178.7,0.9494,179.903,818.0,-0.09509,-89.28925,0.0,0,-1.0,-1.0,-1.0,-1.0,-1.0,0.0,0.0,0.0,0.0
1791564123.89,2236023.7,998.2,156234.7,156234.7,-271.2,558.5,758.8,-72.81,272.24,1.72,277.84,0.0,0.0,0.0,0.0,162557.7,-580200.4,391178.7,0.9494,179.903,818.0,-0.09508,-89.31609,0.0,0,-1.0,-1.0,-1.0,-1.0,-1.0,0.0,0.0,0.0,0.0
1791564124.39,2236024.2,998.7,156098.4,156098.4,-274.1,560.0,759.9,-73.24,272.32,1.78,277.82,0.0,0.0,0.0,0.0,162557.7,-580200.4,391178.7,0.9494,179.903,818.0,-0.09508,-89.34294,0.0,0,-1.0,-1.0,-1.0,-1.0,-1.0,0.0,0.0,0.0,0.0
1791564124.89,2236024.7,999.2,155960.6,155960.6,-277.0,561.5,761.0,-73.66,272.4,1.85,277.8,0.0,0.0,0.0,0.0,162557.7,-580200.4,391178.7,0.9494,179.903,818.0,-0.09507,-89.3698,0.0,0,-1.0,-1.0,-1.0,-1.0,-1.0,0.0,0.0,0.0,0.0
1791564125.39,2236025.2,999.7,155821.4,155821.4,-279.9,563.0,762.1,-74.09,272.48,1.92,277.78,0.0,0.0,0.0,0.0,162557.7,-580200.4,391178.7,0.9494,179.903,818.0,-0.09506,-89.39667,0.0,0,-1.0,-1.0,-1.0,-1.0,-1.0,0.0,0.0,0.0,0.0
1791564125.89,2236025.7,1000.2,155680.7,155680.7,-282.9,564.6,763.3,-74.51,272.56,2.0,277.76,0.0,0.0,0.0,0.0,162557.7,-580200.4,391178.7,0.9494,179.903,818.0,-0.09506,-89.42354,0.0,0,-1.0,-1.0,-1.0,-1.0,-1.0,0.0,0.0,0.0,0.0
1791564126.39,2236026.2,1000.7,155538.5,155538.5,-285.8,566.1,764.4,-74.94,272.65,2.08,277.74,0.0,0.0,0.0,0.0,162557.7,-580200.4,391178.7,0.9494,179.903,818.0,-0.09505,-89.45042,0.0,0,-1.0,-1.0,-1.0,-1.0,-1.0,0.0,0.0,0.0,0.0
1791564126.9,2236026.7,1001.2,155394.9,155394.9,-288.7,567.7,765.5,-75.36,272.75,2.17,277.73,0.0,0.0,0.0,0.0,162557.7,-580200.4,391178.7,0.9494,179.903,818.0,-0.09504,-89.4773,0.0,0,-1.0,-1.0,-1.0,-1.0,-1.0,0.0,0.0,0.0,0.0
1791564127.4,2236027.2,1001.7,155249.8,155249.8,-291.7,569.3,766.7,-75.78,272.85,2.26,277.71,0.0,0.0,0.0,0.0,162557.7,-580200.4,391178.7,0.9494,179.903,818.0,-0.09503,-89.5042,0.0,0,-1.0,-1.0,-1.0,-1.0,-1.0,0.0,0.0,0.0,0.0
1791564127.9,2236027.7,1002.2,155103.2,155103.2,-294.6,570.8,767.9,-76.21,272.96,2.36,277.69,0.0,0.0,0.0,0.0,162557.7,-580200.4,391178.7,0.9494,179.903,818.0,-0.09503,-89.5311,0.0,0,-1.0,-1.0,-1.0,-1.0,-1.0,0.0,0.0,0.0,0.0
1791564128.4,2236028.2,1002.7,154955.2,154955.2,-297.6,572.5,769.1,-76.63,273.07,2.47,277.67,0.0,0.0,0.0,0.0,162557.7,-580200.4,391178.7,0.9494,179.903,818.0,-0.09502,-89.558,0.0,0,-1.0,-1.0,-1.0,-1.0,-1.0,0.0,0.0,0.0,0.0
1791564128.9,2236028.7,1003.2,154805.6,154805.6,-300.5,574.1,770.3,-77.07,273.19,2.58,277.65,0.0,0.0,0.0,0.0,162557.7,-580200.4,391178.7,0.9494,179.903,818.0,-0.09501,-89.58492,0.0,0,-1.0,-1.0,-1.0,-1.0,-1.0,0.0,0.0,0.0,0.0
1791564129.4,2236029.2,1003.7,154648.6,154648.6,-303.6,575.8,771.5,-77.5,273.32,2.7,277.63,0.0,0.0,0.0,0.0,162557.7,-580200.4,391178.7,0.9494,179.903,818.0,-0.09501,-89.61292,0.0,0,-1.0,-1.0,-1.0,-1.0,-1.0,0.0,0.0,0.0,0.0
1791564129.9,2236029.7,1004.2,154496.1,154496.1,-306.5,577.4,772.7,-77.92,273.46,2.83,277.61,0.0,0.0,0.0,0.0,162557.7,-580200.4,391178.7,0.9494,179.903,818.0,-0.095,-89.63985,0.0,0,-1.0,-1.0,-1.0,-1.0,-1.0,0.0,0.0,0.0,0.0
1791564130.41,2236030.2,1004.7,154342.1,154342.1,-309.4,579.1,773.9,-78.35,273.61,2.97,277.59,0.0,0.0,0.0,0.0,162557.7,-580200.4,391178.7,0.9494,179.903,818.0,-0.09499,-89.66678,0.0,0,-1.0,-1.0,-1.0,-1.0,-1.0,0.0,0.0,0.0,0.0
1791564130.91,2236030.7,1005.3,154186.6,154186.6,-312.4,580.7,775.2,-78.77,273.77,3.12,277.58,0.0,0.0,0.0,0.0,162557.7,-580200.4,391178.7,0.9494,179.903,818.0,-0.09499,-89.69373,0.0,0,-1.0,-1.0,-1.0,-1.0,-1.0,0.0,0.0,0.0,0.0
1791564131.41,2236031.2,1005.8,154029.7,154029.7,-315.3,582.4,776.4,-79.19,273.94,3.28,277.56,0.0,0.0,0.0,0.0,162557.7,-580200.4,391178.7,0.9494,179.903,818.0,-0.09498,-89.72068,0.0,0,-1.0,-1.0,-1.0,-1.0,-1.0,0.0,0.0,0.0,0.0
1791564131.91,2236031.7,1006.3,153871.3,153871.3,-318.3,584.1,777.7,-79.62,274.12,3.46,277.54,0.0,0.0,0.0,0.0,162557.7,-580200.4,391178.7,0.9494,179.903,818.0,-0.09497,-89.74764,0.0,0,-1.0,-1.0,-1.0,-1.0,-1.0,0.0,0.0,0.0,0.0
1791564132.41,2236032.2,1006.8,153711.4,153711.4,-321.2,585.8,778.9,-80.04,274.32,3.65,277.52,0.0,0.0,0.0,0.0,162557.7,-580200.4,391178.7,0.9494,179.903,818.0,-0.09496,-89.77461,0.0,0,-1.0,-1.0,-1.0,-1.0,-1.0,0.0,0.0,0.0,0.0
1791564132.92,2236032.8,1007.3,153550.0,153550.0,-324.2,587.5,780.2,-80.46,274.53,3.85,277.5,0.0,0.0,0.0,0.0,162557.7,-580200.4,391178.7,0.9494,179.903,818.0,-0.09496,-89.80159,0.0,0,-1.0,-1.0,-1.0,-1.0,-1.0,0.0,0.0,0.0,0.0
1791564133.42,2236033.3,1007.8,153387.2,153387.2,-327.1,589.2,781.5,-80.91,274.78,4.09,277.48,0.0,0.0,0.0,0.0,162557.7,-580200.4,391178.7,0.9494,179.903,818.0,-0.09495,-89.82857,0.0,0,-1.0,-1.0,-1.0,-1.0,-1.0,0.0,0.0,0.0,0.0
1791564133.92,2236033.8,1008.3,153216.3,153216.3,-330.2,591.0,782.8,-81.33,275.04,4.34,277.46,0.0,0.0,0.0,0.0,162557.7,-580200.4,391178.7,0.9494,179.903,818.0,-0.09494,-89.85664,0.0,0,-1.0,-1.0,-1.0,-1.0,-1.0,0.0,0.0,0.0,0.0
1791564134.42,2236034.2,1008.8,153057.1,153057.1,-333.0,592.7,784.1,-81.73,275.31,4.61,277.45,0.0,0.0,0.0,0.0,162557.7,-580200.4,391178.7,0.9494,179.903,818.0,-0.09494,-89.88256,0.0,0,-1.0,-1.0,-1.0,-1.0,-1.0,0.0,0.0,0.0,0.0
1791564134.92,2236034.8,1009.3,152883.2,152883.2,-336.1,594.5,785.5,-82.17,275.64,4.93,277.43,0.0,0.0,0.0,0.0,162557.7,-580200.4,391178.7,0.9494,179.903,818.0,-0.09493,-89.91065,0.0,0,-1.0,-1.0,-1.0,-1.0,-1.0,0.0,0.0,0.0,0.0
1791564135.43,2236035.3,1009.8,152714.4,152714.4,-339.1,596.3,786.8,-82.6,275.99,5.27,277.41,0.0,0.0,0.0,0.0,162557.7,-580200.4,391178.7,0.9494,179.903,818.0,-0.09492,-89.93767,0.0,0,-1.0,-1.0,-1.0,-1.0,-1.0,0.0,0.0,0.0,0.0
1791564135.93,2236035.8,1010.3,152544.1,152544.1,-342.0,598.1,788.1,-83.02,276.39,5.66,277.39,0.0,0.0,0.0,0.0,162557.7,-580200.4,391178.7,0.9494,179.903,818.0,-0.09491,-89.96469,0.0,0,-1.0,-1.0,-1.0,-1.0,-1.0,0.0,0.0,0.0,0.0
1791564136.43,2236036.3,1010.8,152372.3,152372.3,-345.0,599.8,789.5,-83.44,276.83,6.09,277.37,0.0,0.0,0.0,0.0,162557.7,-580200.4,391178.7,0.9494,179.903,818.0,-0.09491,-89.99173,0.0,0,-1.0,-1.0,-1.0,-1.0,-1.0,0.0,0.0,0.0,0.0
1791564136.93,2236036.8,1011.3,152199.1,152199.1,-347.9,601.6,790.8,-83.86,277.34,6.59,277.35,0.0,0.0,0.0,0.0,162557.7,-580200.4,391178.7,0.9494,179.903,818.0,-0.0949,-90.01877,0.0,0,-1.0,-1.0,-1.0,-1.0,-1.0,0.0,0.0,0.0,0.0
1791564137.43,2236037.3,1011.8,152024.4,152024.4,-350.9,603.5,792.2,-84.28,277.92,7.16,277.33,0.0,0.0,0.0,0.0,162557.7,-580200.4,391178.7,0.9494,179.903,818.0,-0.09489,-90.04582,0.0,0,-1.0,-1.0,-1.0,-1.0,-1.0,0.0,0.0,0.0,0.0
1791564137.93,2236037.8,1012.3,151848.2,151848.2,-353.9,605.3,793.5,-84.7,278.59,7.82,277.31,0.0,0.0,0.0,0.0,162557.7,-580200.4,391178.7,0.9494,179.903,818.0,-0.09489,-90.07288,0.0,0,-1.0,-1.0,-1.0,-1.0,-1.0,0.0,0.0,0.0,0.0
1791564138.44,2236038.3,1012.8,151663.4,151663.4,-357.0,607.2,795.0,-85.14,279.41,8.63,277.29,0.0,0.0,0.0,0.0,162557.7,-580200.4,391178.7,0.9494,179.903,818.0,-0.09488,-90.10104,0.0,0,-1.0,-1.0,-1.0,-1.0,-1.0,0.0,0.0,0.0,0.0
1791564138.95,2236038.8,1013.3,151484.2,151484.2,-359.9,609.0,796.4,-85.56,280.34,9.56,277.28,0.0,0.0,0.0,0.0,162557.7,-580200.4,391178.7,0.9494,179.903,818.0,-0.09487,-90.12811,0.0,0,-1.0,-1.0,-1.0,-1.0,-1.0,0.0,0.0,0.0,0.0
1791564139.45,2236039.3,1013.8,151303.5,151303.5,-362.9,610.9,797.8,-85.97,281.48,10.69,277.26,0.0,0.0,0.0,0.0,162557.7,-580200.4,391178.7,0.9494,179.903,818.0,-0.09486,-90.1552,0.0,0,-1.0,-1.0,-1.0,-1.0,-1.0,0.0,0.0,0.0,0.0
1791564139.95,2236039.8,1014.3,151121.3,151121.3,-365.9,612.7,799.2,-86.39,282.87,12.07,277.24,0.0,0.0,0.0,0.0,162557.7,-580200.4,391178.7,0.9494,179.903,818.0,-0.09486,-90.1823,0.0,0,-1.0,-1.0,-1.0,-1.0,-1.0,0.0,0.0,0.0,0.0
1791564140.45,2236040.3,1014.8,150937.6,150937.6,-368.8,614.6,800.6,-86.8,284.62,13.81,277.22,0.0,0.0,0.0,0.0,162557.7,-580200.4,391178.7,0.9494,179.903,818.0,-0.09485,-90.2094,0.0,0,-1.0,-1.0,-1.0,-1.0,-1.0,0.0,0.0,0.0,0.0
1791564140.96,2236040.8,1015.3,150752.4,150752.4,-371.8,616.5,802.1,-87.21,286.88,16.07,277.2,0.0,0.0,0.0,0.0,162557.7,-580200.4,391178.7,0.9494,179.903,818.0,-0.09484,-90.23652,0.0,0,-1.0,-1.0,-1.0,-1.0,-1.0,0.0,0.0,0.0,0.0
1791564141.46,2236041.3,1015.8,150565.8,150565.8,-374.8,618.4,803.5,-87.61,289.92,19.09,277.18,0.0,0.0,0.0,0.0,162557.7,-580200.4,391178.7,0.9494,179.903,818.0,-0.09483,-90.26364,0.0,0,-1.0,-1.0,-1.0,-1.0,-1.0,0.0,0.0,0.0,0.0
1791564141.97,2236041.7,1016.3,150415.4,150415.4,-377.1,619.9,804.7,-87.93,293.18,22.35,277.17,0.0,0.0,0.0,0.0,162557.7,-580200.4,391178.7,0.9494,179.903,818.0,-0.09483,-90.28535,0.0,0,-1.0,-1.0,-1.0,-1.0,-1.0,0.0,0.0,0.0,0.0
1791564142.47,2236042.2,1016.8,150226.1,150226.1,-380.1,621.8,806.1,-88.32,299.23,28.39,277.15,0.0,0.0,0.0,0.0,162557.7,-580200.4,391178.7,0.9494,179.903,818.0,-0.09482,-90.31249,0.0,0,-1.0,-1.0,-1.0,-1.0,-1.0,0.0,0.0,0.0,0.0
1791564142.97,2236042.7,1017.3,150027.6,150027.6,-383.2,623.8,807.6,-88.68,308.35,37.5,277.13,0.0,0.0,0.0,0.0,162557.7,-580200.4,391178.7,0.9494,179.903,818.0,-0.09481,-90.34072,0.0,0,-1.0,-1.0,-1.0,-1.0,-1.0,0.0,0.0,0.0,0.0
1791564143.47,2236043.2,1017.8,149835.3,149835.3,-386.2,625.8,809.1,-88.97,323.33,52.47,277.11,0.0,0.0,0.0,0.0,162557.7,-580200.4,391178.7,0.9494,179.903,818.0,-0.09481,-90.36788,0.0,0,-1.0,-1.0,-1.0,-1.0,-1.0,0.0,0.0,0.0,0.0
1791564143.98,2236043.7,1018.3,149641.4,149641.4,-389.2,627.7,810.6,-89.15,347.12,76.25,277.09,0.0,0.0,0.0,0.0,162557.7,-580200.4,391178.7,0.9494,179.903,818.0,-0.0948,-90.39505,0.0,0,-1.0,-1.0,-1.0,-1.0,-1.0,0.0,0.0,0.0,0.0
1791564144.48,2236044.2,1018.8,149446.1,149446.1,-392.2,629.7,812.1,-89.14,15.84,104.96,277.07,0.0,0.0,0.0,0.0,162557.7,-580200.4,391178.7,0.9494,179.903,818.0,-0.09479,-90.42223,0.0,0,-1.0,-1.0,-1.0,-1.0,-1.0,0.0,0.0,0.0,0.0
1791564144.98,2236044.7,1019.3,149249.3,149249.3,-395.1,631.6,813.6,-88.94,38.4,127.52,277.05,0.0,0.0,0.0,0.0,162557.7,-580200.4,391178.7,0.9494,179.903,818.0,-0.09478,-90.44942,0.0,0,-1.0,-1.0,-1.0,-1.0,-1.0,0.0,0.0,0.0,0.0
1791564145.48,2236045.2,1019.8,149051.0,149051.0,-398.1,633.6,815.1,-88.63,52.4,141.51,277.03,0.0,0.0,0.0,0.0,162557.7,-580200.4,391178.7,0.9494,179.903,818.0,-0.09478,-90.47662,0.0,0,-1.0,-1.0,-1.0,-1.0,-1.0,0.0,0.0,0.0,0.0
1791564145.98,2236045.7,1020.3,148851.1,148851.1,-401.1,635.6,816.7,-88.27,60.96,150.06,277.02,0.0,0.0,0.0,0.0,162557.7,-580200.4,391178.7,0.9494,179.903,818.0,-0.09477,-90.50383,0.0,0,-1.0,-1.0,-1.0,-1.0,-1.0,0.0,0.0,0.0,0.0
1791564146.48,2236046.2,1020.8,148649.8,148649.8,-404.1,637.6,818.2,-87.89,66.51,155.6,277.0,0.0,0.0,0.0,0.0,162557.7,-580200.4,391178.7,0.9494,179.903,818.0,-0.09476,-90.53105,0.0,0,-1.0,-1.0,-1.0,-1.0,-1.0,0.0,0.0,0.0,0.0
1791564146.99,2236046.7,1021.3,148447.0,148447.0,-407.1,639.6,819.7,-87.49,70.33,159.42,276.98,0.0,0.0,0.0,0.0,162557.7,-580200.4,391178.7,0.9494,179.903,818.0,-0.09475,-90.55828,0.0,0,-1.0,-1.0,-1.0,-1.0,-1.0,0.0,0.0,0.0,0.0
1791564147.49,2236047.2,1021.8,148242.8,148242.8,-410.1,641.6,821.3,-87.07,73.2,162.28,276.96,0.0,0.0,0.0,0.0,162557.7,-580200.4,391178.7,0.9494,179.903,818.0,-0.09475,-90.58552,0.0,0,-1.0,-1.0,-1.0,-1.0,-1.0,0.0,0.0,0.0,0.0
1791564147.99,2236047.6,1022.3,148061.7,148061.7,-412.7,643.4,822.7,-86.73,74.97,164.04,276.94,0.0,0.0,0.0,0.0,162557.7,-580200.4,391178.7,0.9494,179.903,818.0,-0.09474,-90.6095,0.0,0,-1.0,-1.0,-1.0,-1.0,-1.0,0.0,0.0,0.0,0.0
1791564148.49,2236048.1,1022.8,147854.6,147854.6,-415.7,645.4,824.2,-86.32,76.65,165.71,276.92,0.0,0.0,0.0,0.0,162557.7,-580200.4,391178.7,0.9494,179.903,818.0,-0.09473,-90.63676,0.0,0,-1.0,-1.0,-1.0,-1.0,-1.0,0.0,0.0,0.0,0.0
1791564148.99,2236048.6,1023.3,147646.0,147646.0,-418.7,647.4,825.8,-85.9,77.99,167.05,276.9,0.0,0.0,0.0,0.0,162557.7,-580200.4,391178.7,0.9494,179.903,818.0,-0.09473,-90.66403,0.0,0,-1.0,-1.0,-1.0,-1.0,-1.0,0.0,0.0,0.0,0.0
1791564149.49,2236049.1,1023.8,147435.9,147435.9,-421.7,649.5,827.4,-85.49,79.09,168.13,276.89,0.0,0.0,0.0,0.0,162557.7,-580200.4,391178.7,0.9494,179.903,818.0,-0.09472,-90.69131,0.0,0,-1.0,-1.0,-1.0,-1.0,-1.0,0.0,0.0,0.0,0.0
1791564149.99,2236049.6,1024.3,147224.3,147224.3,-424.7,651.5,829.0,-85.07,80.0,169.03,276.87,0.0,0.0,0.0,0.0,162557.7,-580200.4,391178.7,0.9494,179.903,818.0,-0.09471,-90.71861,0.0,0,-1.0,-1.0,-1.0,-1.0,-1.0,0.0,0.0,0.0,0.0
1791564150.5,2236050.1,1024.8,147011.2,147011.2,-427.7,653.6,830.6,-84.65,80.77,169.79,276.85,0.0,0.0,0.0,0.0,162557.7,-580200.4,391178.7,0.9494,179.903,818.0,-0.0947,-90.74591,0.0,0,-1.0,-1.0,-1.0,-1.0,-1.0,0.0,0.0,0.0,0.0
1791564151.0,2236050.6,1025.3,146796.6,146796.6,-430.7,655.7,832.2,-84.23,81.42,170.44,276.83,0.0,0.0,0.0,0.0,162557.7,-580200.4,391178.7,0.9494,179.903,818.0,-0.0947,-90.77322,0.0,0,-1.0,-1.0,-1.0,-1.0,-1.0,0.0,0.0,0.0,0.0
1791564151.5,2236051.2,1025.8,146580.5,146580.5,-433.7,657.8,833.9,-83.81,81.99,171.0,276.81,0.0,0.0,0.0,0.0,162557.7,-580200.4,391178.7,0.9494,179.903,818.0,-0.09469,-90.80055,0.0,0,-1.0,-1.0,-1.0,-1.0,-1.0,0.0,0.0,0.0,0.0
1791564152.0,2236051.7,1026.3,146354.2,146354.2,-436.8,659.9,835.6,-83.37,82.5,171.51,276.79,0.0,0.0,0.0,0.0,162557.7,-580200.4,391178.7,0.9494,179.903,818.0,-0.09468,-90.82897,0.0,0,-1.0,-1.0,-1.0,-1.0,-1.0,0.0,0.0,0.0,0.0
1791564152.51,2236052.2,1026.8,146135.0,146135.0,-439.8,662.0,837.2,-82.95,82.94,171.93,276.77,0.0,0.0,0.0,0.0,162557.7,-580200.4,391178.7,0.9494,179.903,818.0,-0.09467,-90.85632,0.0,0,-1.0,-1.0,-1.0,-1.0,-1.0,0.0,0.0,0.0,0.0
1791564153.01,2236052.7,1027.3,145914.4,145914.4,-442.8,664.2,838.9,-82.53,83.33,172.31,276.75,0.0,0.0,0.0,0.0,162557.7,-580200.4,391178.7,0.9494,179.903,818.0,-0.09466,-90.88368,0.0,0,-1.0,-1.0,-1.0,-1.0,-1.0,0.0,0.0,0.0,0.0
1791564153.51,2236053.2,1027.9,145692.2,145692.2,-445.9,666.3,840.5,-82.1,83.67,172.65,276.73,0.0,0.0,0.0,0.0,162557.7,-580200.4,391178.7,0.9494,179.903,818.0,-0.09466,-90.91105,0.0,0,-1.0,-1.0,-1.0,-1.0,-1.0,0.0,0.0,0.0,0.0
1791564154.01,2236053.7,1028.4,145468.5,145468.5,-448.9,668.4,842.2,-81.68,83.98,172.95,276.71,0.0,0.0,0.0,0.0,162557.7,-580200.4,391178.7,0.9494,179.903,818.0,-0.09465,-90.93843,0.0,0,-1.0,-1.0,-1.0,-1.0,-1.0,0.0,0.0,0.0,0.0
1791564154.51,2236054.2,1028.9,145243.3,145243.3,-451.9,670.5,843.9,-81.26,84.26,173.22,276.69,0.0,0.0,0.0,0.0,162557.7,-580200.4,391178.7,0.9494,179.903,818.0,-0.09464,-90.96582,0.0,0,-1.0,-1.0,-1.0,-1.0,-1.0,0.0,0.0,0.0,0.0
1791564155.01,2236054.7,1029.4,145016.6,145016.6,-454.9,672.7,845.6,-80.84,84.52,173.47,276.68,0.0,0.0,0.0,0.0,162557.7,-580200.4,391178.7,0.9494,179.903,818.0,-0.09463,-90.99322,0.0,0,-1.0,-1.0,-1.0,-1.0,-1.0,0.0,0.0,0.0,0.0
1791564155.51,2236055.2,1029.9,144788.4,144788.4,-457.9,674.8,847.3,-80.41,84.75,173.69,276.66,0.0,0.0,0.0,0.0,162557.7,-580200.4,391178.7,0.9494,179.903,818.0,-0.09463,-91.02064,0.0,0,-1.0,-1.0,-1.0,-1.0,-1.0,0.0,0.0,0.0,0.0
1791564156.02,2236055.7,1030.4,144558.7,144558.7,-460.9,677.0,849.0,-79.99,84.97,173.9,276.64,0.0,0.0,0.0,0.0,162557.7,-580200.4,391178.7,0.9494,179.903,818.0,-0.09462,-91.04807,0.0,0,-1.0,-1.0,-1.0,-1.0,-1.0,0.0,0.0,0.0,0.0
1791564156.52,2236056.2,1030.9,144327.5,144327.5,-464.0,679.2,850.7,-79.57,85.16,174.09,276.62,0.0,0.0,0.0,0.0,162557.7,-580200.4,391178.7,0.9494,179.903,818.0,-0.09461,-91.0755,0.0,0,-1.0,-1.0,-1.0,-1.0,-1.0,0.0,0.0,0.0,0.0
1791564157.02,2236056.7,1031.4,144094.8,144094.8,-467.0,681.4,852.4,-79.14,85.34,174.26,276.6,0.0,0.0,0.0,0.0,162557.7,-580200.4,391178.7,0.9494,179.903,818.0,-0.0946,-91.10295,0.0,0,-1.0,-1.0,-1.0,-1.0,-1.0,0.0,0.0,0.0,0.0
1791564157.52,2236057.2,1031.9,143860.5,143860.5,-470.0,683.6,854.2,-78.7,85.52,174.43,276.58,0.0,0.0,0.0,0.0,162557.7,-580200.4,391178.7,0.9494,179.903,818.0,-0.0946,-91.13042,0.0,0,-1.0,-1.0,-1.0,-1.0,-1.0,0.0,0.0,0.0,0.0
1791564158.03,2236057.7,1032.4,143615.3,143615.3,-473.1,685.8,856.0,-78.28,85.68,174.57,276.56,0.0,0.0,0.0,0.0,162557.7,-580200.4,391178.7,0.9494,179.903,818.0,-0.09459,-91.15899,0.0,0,-1.0,-1.0,-1.0,-1.0,-1.0,0.0,0.0,0.0,0.0
1791564158.53,2236058.2,1032.9,143378.0,143378.0,-476.2,688.0,857.7,-77.86,85.82,174.71,276.54,0.0,0.0,0.0,0.0,162557.7,-580200.4,391178.7,0.9494,179.903,818.0,-0.09458,-91.18648,0.0,0,-1.0,-1.0,-1.0,-1.0,-1.0,0.0,0.0,0.0,0.0
1791564159.03,2236058.7,1033.4,143139.1,143139.1,-479.2,690.3,859.5,-77.43,85.96,174.84,276.52,0.0,0.0,0.0,0.0,162557.7,-580200.4,391178.7,0.9494,179.903,818.0,-0.09457,-91.21398,0.0,0,-1.0,-1.0,-1.0,-1.0,-1.0,0.0,0.0,0.0,0.0
1791564159.53,2236059.2,1033.9,142898.8,142898.8,-482.2,692.5,861.2,-77.01,86.08,174.96,276.5,0.0,0.0,0.0,0.0,162557.7,-580200.4,391178.7,0.9494,179.903,818.0,-0.09456,-91.24149,0.0,0,-1.0,-1.0,-1.0,-1.0,-1.0,0.0,0.0,0.0,0.0
1791564160.03,2236059.7,1034.4,142656.9,142656.9,-485.3,694.7,863.0,-76.59,86.2,175.07,276.48,0.0,0.0,0.0,0.0,162557.7,-580200.4,391178.7,0.9494,179.903,818.0,-0.09456,-91.26901,0.0,0,-1.0,-1.0,-1.0,-1.0,-1.0,0.0,0.0,0.0,0.0
1791564160.54,2236060.2,1034.9,142413.5,142413.5,-488.3,697.0,864.8,-76.16,86.32,175.17,276.46,0.0,0.0,0.0,0.0,162557.7,-580200.4,391178.7,0.9494,179.903,818.0,-0.09455,-91.29655,0.0,0,-1.0,-1.0,-1.0,-1.0,-1.0,0.0,0.0,0.0,0.0
1791564161.04,2236060.7,1035.4,142168.6,142168.6,-491.3,699.2,866.6,-75.72,86.43,175.27,276.44,0.0,0.0,0.0,0.0,162557.7,-580200.4,391178.7,0.9494,179.903,818.0,-0.09454,-91.3241,0.0,0,-1.0,-1.0,-1.0,-1.0,-1.0,0.0,0.0,0.0,0.0
1791564161.54,2236061.2,1035.9,141912.2,141912.3,-494.5,701.6,868.5,-75.3,86.53,175.36,276.43,0.0,0.0,0.0,0.0,162557.7,-580200.4,391178.7,0.9494,179.903,818.0,-0.09453,-91.35277,0.0,0,-1.0,-1.0,-1.0,-1.0,-1.0,0.0,0.0,0.0,0.0
1791564162.04,2236061.7,1036.4,141674.2,141674.2,-497.4,703.7,870.2,-74.89,86.62,175.45,276.41,0.0,0.0,0.0,0.0,162557.7,-580200.4,391178.7,0.9494,179.903,818.0,-0.09452,-91.37924,0.0,0,-1.0,-1.0,-1.0,-1.0,-1.0,0.0,0.0,0.0,0.0
1791564162.54,2236062.2,1036.9,141414.7,141414.7,-500.6,706.1,872.1,-74.45,86.71,175.53,276.39,0.0,0.0,0.0,0.0,162557.7,-580200.4,391178.7,0.9494,179.903,818.0,-0.09452,-91.40793,0.0,0,-1.0,-1.0,-1.0,-1.0,-1.0,0.0,0.0,0.0,0.0
1791564163.05,2236062.7,1037.4,141163.6,141163.6,-503.6,708.4,874.0,-74.03,86.79,175.61,276.37,0.0,0.0,0.0,0.0,162557.7,-580200.4,391178.7,0.9494,179.903,818.0,-0.09451,-91.43553,0.0,0,-1.0,-1.0,-1.0,-1.0,-1.0,0.0,0.0,0.0,0.0
1791564163.55,2236063.2,1037.9,140911.0,140911.0,-506.7,710.7,875.8,-73.6,86.88,175.68,276.35,0.0,0.0,0.0,0.0,162557.7,-580200.4,391178.7,0.9494,179.903,818.0,-0.0945,-91.46315,0.0,0,-1.0,-1.0,-1.0,-1.0,-1.0,0.0,0.0,0.0,0.0
1791564164.05,2236063.7,1038.4,140656.9,140656.9,-509.7,713.0,877.6,-73.18,86.95,175.75,276.33,0.0,0.0,0.0,0.0,162557.7,-580200.4,391178.7,0.9494,179.903,818.0,-0.09449,-91.49077,0.0,0,-1.0,-1.0,-1.0,-1.0,-1.0,0.0,0.0,0.0,0.0
1791564164.55,2236064.2,1038.9,140401.3,140401.3,-512.8,715.3,879.5,-72.75,87.03,175.81,276.31,0.0,0.0,0.0,0.0,162557.7,-580200.4,391178.7,0.9494,179.903,818.0,-0.09448,-91.51841,0.0,0,-1.0,-1.0,-1.0,-1.0,-1.0,0.0,0.0,0.0,0.0
1791564165.05,2236064.7,1039.4,140144.1,140144.1,-515.8,717.6,881.4,-72.33,87.1,175.87,276.29,0.0,0.0,0.0,0.0,162557.7,-580200.4,391178.7,0.9494,179.903,818.0,-0.09448,-91.54607,0.0,0,-1.0,-1.0,-1.0,-1.0,-1.0,0.0,0.0,0.0,0.0
1791564165.55,2236065.2,1039.9,139885.5,139885.5,-518.9,719.9,883.2,-71.91,87.16,175.93,276.27,0.0,0.0,0.0,0.0,162557.7,-580200.4,391178.7,0.9494,179.903,818.0,-0.09447,-91.57374,0.0,0,-1.0,-1.0,-1.0,-1.0,-1.0,0.0,0.0,0.0,0.0
1791564166.06,2236065.7,1040.4,139614.8,139614.8,-522.1,722.3,885.2,-71.47,87.23,175.99,276.25,0.0,0.0,0.0,0.0,162557.7,-580200.4,391178.7,0.9494,179.903,818.0,-0.09446,-91.60252,0.0,0,-1.0,-1.0,-1.0,-1.0,-1.0,0.0,0.0,0.0,0.0
1791564166.56,2236066.2,1040.9,139353.0,139353.0,-525.1,724.7,887.1,-71.04,87.29,176.04,276.23,0.0,0.0,0.0,0.0,162557.7,-580200.4,391178.7,0.9494,179.903,818.0,-0.09445,-91.63022,0.0,0,-1.0,-1.0,-1.0,-1.0,-1.0,0.0,0.0,0.0,0.0
1791564167.07,2236066.7,1041.4,139089.6,139089.6,-528.2,727.0,889.0,-70.62,87.35,176.09,276.21,0.0,0.0,0.0,0.0,162557.7,-580200.4,391178.7,0.9494,179.903,818.0,-0.09444,-91.65793,0.0,0,-1.0,-1.0,-1.0,-1.0,-1.0,0.0,0.0,0.0,0.0
1791564167.57,2236067.0,1041.9,138952.1,138952.1,-529.8,728.2,890.0,-70.4,87.38,176.12,276.2,0.0,0.0,0.0,0.0,162557.7,-580200.4,391178.7,0.9494,179.903,818.0,-0.09444,-91.67234,0.0,0,-1.0,-1.0,-1.0,-1.0,-1.0,0.0,0.0,0.0,0.0
1791564168.08,2236067.0,1042.4,138952.1,138952.1,-529.8,728.2,890.0,-70.4,87.38,176.12,276.2,0.0,0.0,0.0,0.0,162557.7,-580200.4,391178.7,0.9494,179.903,818.0,-0.09444,-91.67234,0.0,0,-1.0,-1.0,-1.0,-1.0,-1.0,0.0,0.0,0.0,0.0
1791564168.58,2236067.0,1042.9,138930.9,138930.9,-530.0,728.4,890.1,-70.36,87.38,176.12,276.2,0.0,0.0,0.0,0.0,162557.7,-580200.4,391178.7,0.9494,179.903,818.0,-0.09444,-91.67456,0.0,0,-1.0,-1.0,-1.0,-1.0,-1.0,0.0,0.0,0.0,0.0
1791564169.08,2236067.0,1043.4,138930.9,138930.9,-530.0,728.4,890.1,-70.36,87.38,176.12,276.2,0.0,0.0,0.0,0.0,162557.7,-580200.4,391178.7,0.9494,179.903,818.0,-0.09444,-91.67456,0.0,0,-1.0,-1.0,-1.0,-1.0,-1.0,0.0,0.0,0.0,0.0
1791564169.58,2236067.1,1043.9,138909.7,138909.7,-530.3,728.6,890.3,-70.33,87.39,176.12,276.2,0.0,0.0,0.0,0.0,162557.7,-580200.4,391178.7,0.9494,179.903,818.0,-0.09444,-91.67678,0.0,0,-1.0,-1.0,-1.0,-1.0,-1.0,0.0,0.0,0.0,0.0
1791564170.09,2236067.1,1044.4,138909.7,138909.7,-530.3,728.6,890.3,-70.33,87.39,176.12,276.2,0.0,0.0,0.0,0.0,162557.7,-580200.4,391178.7,0.9494,179.903,818.0,-0.09444,-91.67678,0.0,0,-1.0,-1.0,-1.0,-1.0,-1.0,0.0,0.0,0.0,0.0
1791564170.59,2236067.1,1044.9,138888.5,138888.5,-530.5,728.8,890.4,-70.3,87.39,176.13,276.2,0.0,0.0,0.0,0.0,162557.7,-580200.4,391178.7,0.9494,179.903,818.0,-0.09444,-91.679,0.0,0,-1.0,-1.0,-1.0,-1.0,-1.0,0.0,0.0,0.0,0.0
1791564171.09,2236067.1,1045.4,138888.5,138888.5,-530.5,728.8,890.4,-70.3,87.39,176.13,276.2,0.0,0.0,0.0,0.0,162557.7,-580200.4,391178.7,0.9494,179.903,818.0,-0.09444,-91.679,0.0,0,-1.0,-1.0,-1.0,-1.0,-1.0,0.0,0.0,0.0,0.0
1791564171.59,2236067.1,1045.9,138867.3,138867.3,-530.8,729.0,890.6,-70.26,87.4,176.13,276.2,0.0,0.0,0.0,0.0,162557.7,-580200.4,391178.7,0.9494,179.903,818.0,-0.09444,-91.68122,0.0,0,-1.0,-1.0,-1.0,-1.0,-1.0,0.0,0.0,0.0,0.0
1791564172.1,2236067.1,1046.4,138867.3,138867.3,-530.8,729.0,890.6,-70.26,87.4,176.13,276.2,0.0,0.0,0.0,0.0,162557.7,-580200.4,391178.7,0.9494,179.903,818.0,-0.09444,-91.68122,0.0,0,-1.0,-1.0,-1.0,-1.0,-1.0,0.0,0.0,0.0,0.0
1791564172.6,2236067.2,1046.9,138846.0,138846.0,-531.0,729.2,890.7,-70.23,87.4,176.14,276.19,0.0,0.0,0.0,0.0,162557.7,-580200.4,391178.7,0.9494,179.903,818.0,-0.09444,-91.68343,0.0,0,-1.0,-1.0,-1.0,-1.0,-1.0,0.0,0.0,0.0,0.0
1791564173.1,2236067.2,1047.4,138846.0,138846.0,-531.0,729.2,890.7,-70.23,87.4,176.14,276.19,0.0,0.0,0.0,0.0,162557.7,-580200.4,391178.7,0.9494,179.903,818.0,-0.09444,-91.68343,0.0,0,-1.0,-1.0,-1.0,-1.0,-1.0,0.0,0.0,0.0,0.0
1791564173.6,2236067.2,1047.9,138824.8,138824.8,-531.3,729.4,890.9,-70.19,87.4,176.14,276.19,0.0,0.0,0.0,0.0,162557.7,-580200.4,391178.7,0.9494,179.903,818.0,-0.09444,-91.68565,0.0,0,-1.0,-1.0,-1.0,-1.0,-1.0,0.0,0.0,0.0,0.0
1791564174.1,2236067.2,1048.4,138824.8,138824.8,-531.3,729.4,890.9,-70.19,87.4,176.14,276.19,0.0,0.0,0.0,0.0,162557.7,-580200.4,391178.7,0.9494,179.903,818.0,-0.09444,-91.68565,0.0,0,-1.0,-1.0,-1.0,-1.0,-1.0,0.0,0.0,0.0,0.0
1791564174.61,2236067.3,1048.9,138803.5,138803.5,-531.5,729.5,891.0,-70.16,87.41,176.14,276.19,0.0,0.0,0.0,0.0,162557.7,-580200.4,391178.7,0.9494,179.903,818.0,-0.09444,-91.68787,0.0,0,-1.0,-1.0,-1.0,-1.0,-1.0,0.0,0.0,0.0,0.0
1791564175.11,2236067.3,1049.5,138803.5,138803.5,-531.5,729.5,891.0,-70.16,87.41,176.14,276.19,0.0,0.0,0.0,0.0,162557.7,-580200.4,391178.7,0.9494,179.903,818.0,-0.09444,-91.68787,0.0,0,-1.0,-1.0,-1.0,-1.0,-1.0,0.0,0.0,0.0,0.0
1791564175.61,2236067.3,1050.0,138782.3,138782.3,-531.8,729.7,891.2,-70.13,87.41,176.15,276.19,0.0,0.0,0.0,0.0,162557.7,-580200.4,391178.7,0.9494,179.903,818.0,-0.09443,-91.69009,0.0,0,-1.0,-1.0,-1.0,-1.0,-1.0,0.0,0.0,0.0,0.0
1791564176.11,2236067.3,1050.5,138782.3,138782.3,-531.8,729.7,891.2,-70.13,87.41,176.15,276.19,0.0,0.0,0.0,0.0,162557.7,-580200.4,391178.7,0.9494,179.903,818.0,-0.09443,-91.69009,0.0,0,-1.0,-1.0,-1.0,-1.0,-1.0,0.0,0.0,0.0,0.0
1791564176.61,2236067.3,1051.0,138761.0,138761.0,-532.0,729.9,891.3,-70.09,87.42,176.15,276.19,0.0,0.0,0.0,0.0,162557.7,-580200.4,391178.7,0.9494,179.903,818.0,-0.09443,-91.69231,0.0,0,-1.0,-1.0,-1.0,-1.0,-1.0,0.0,0.0,0.0,0.0
1791564177.11,2236067.3,1051.5,138761.0,138761.0,-532.0,729.9,891.3,-70.09,87.42,176.15,276.19,0.0,0.0,0.0,0.0,162557.7,-580200.4,391178.7,0.9494,179.903,818.0,-0.09443,-91.69231,0.0,0,-1.0,-1.0,-1.0,-1.0,-1.0,0.0,0.0,0.0,0.0
1791564177.62,2236067.4,1052.0,138739.7,138739.7,-532.3,730.1,891.5,-70.06,87.42,176.15,276.19,0.0,0.0,0.0,0.0,162557.7,-580200.4,391178.7,0.9494,179.903,818.0,-0.09443,-91.69453,0.0,0,-1.0,-1.0,-1.0,-1.0,-1.0,0.0,0.0,0.0,0.0
1791564178.12,2236067.4,1052.5,138739.7,138739.7,-532.3,730.1,891.5,-70.06,87.42,176.15,276.19,0.0,0.0,0.0,0.0,162557.7,-580200.4,391178.7,0.9494,179.903,818.0,-0.09443,-91.69453,0.0,0,-1.0,-1.0,-1.0,-1.0,-1.0,0.0,0.0,0.0,0.0
1791564178.62,2236067.4,1053.0,138718.4,138718.4,-532.5,730.3,891.6,-70.02,87.43,176.16,276.18,0.0,0.0,0.0,0.0,162557.7,-580200.4,391178.7,0.9494,179.903,818.0,-0.09443,-91.69675,0.0,0,-1.0,-1.0,-1.0,-1.0,-1.0,0.0,0.0,0.0,0.0
1791564179.12,2236067.4,1053.5,138718.4,138718.4,-532.5,730.3,891.6,-70.02,87.43,176.16,276.18,0.0,0.0,0.0,0.0,162557.7,-580200.4,391178.7,0.9494,179.903,818.0,-0.09443,-91.69675,0.0,0,-1.0,-1.0,-1.0,-1.0,-1.0,0.0,0.0,0.0,0.0
1791564179.62,2236067.5,1054.0,138697.1,138697.1,-532.7,730.5,891.8,-69.99,87.43,176.16,276.18,0.0,0.0,0.0,0.0,162557.7,-580200.4,391178.7,0.9494,179.903,818.0,-0.09443,-91.69896,0.0,0,-1.0,-1.0,-1.0,-1.0,-1.0,0.0,0.0,0.0,0.0
1791564180.13,2236067.5,1054.5,138697.1,138697.1,-532.7,730.5,891.8,-69.99,87.43,176.16,276.18,0.0,0.0,0.0,0.0,162557.7,-580200.4,391178.7,0.9494,179.903,818.0,-0.09443,-91.69896,0.0,0,-1.0,-1.0,-1.0,-1.0,-1.0,0.0,0.0,0.0,0.0
1791564180.63,2236067.5,1055.0,138675.8,138675.8,-533.0,730.7,891.9,-69.96,87.44,176.17,276.18,0.0,0.0,0.0,0.0,162557.7,-580200.4,391178.7,0.9494,179.903,818.0,-0.09443,-91.70118,0.0,0,-1.0,-1.0,-1.0,-1.0,-1.0,0.0,0.0,0.0,0.0
1791564181.13,2236067.5,1055.5,138675.8,138675.8,-533.0,730.7,891.9,-69.96,87.44,176.17,276.18,0.0,0.0,0.0,0.0,162557.7,-580200.4,391178.7,0.9494,179.903,818.0,-0.09443,-91.70118,0.0,0,-1.0,-1.0,-1.0,-1.0,-1.0,0.0,0.0,0.0,0.0
1791564181.63,2236067.5,1056.0,138654.5,138654.5,-533.2,730.9,892.1,-69.92,87.44,176.17,276.18,0.0,0.0,0.0,0.0,162557.7,-580200.4,391178.7,0.9494,179.903,818.0,-0.09443,-91.7034,0.0,0,-1.0,-1.0,-1.0,-1.0,-1.0,0.0,0.0,0.0,0.0
1791564182.13,2236067.5,1056.5,138654.5,138654.5,-533.2,730.9,892.1,-69.92,87.44,176.17,276.18,0.0,0.0,0.0,0.0,162557.7,-580200.4,391178.7,0.9494,179.903,818.0,-0.09443,-91.7034,0.0,0,-1.0,-1.0,-1.0,-1.0,-1.0,0.0,0.0,0.0,0.0
1791564182.64,2236067.6,1057.0,138633.1,138633.1,-533.5,731.1,892.3,-69.89,87.44,176.17,276.18,0.0,0.0,0.0,0.0,162557.7,-580200.4,391178.7,0.9494,179.903,818.0,-0.09443,-91.70562,0.0,0,-1.0,-1.0,-1.0,-1.0,-1.0,0.0,0.0,0.0,0.0
1791564183.14,2236067.6,1057.5,138633.1,138633.1,-533.5,731.1,892.3,-69.89,87.44,176.17,276.18,0.0,0.0,0.0,0.0,162557.7,-580200.4,391178.7,0.9494,179.903,818.0,-0.09443,-91.70562,0.0,0,-1.0,-1.0,-1.0,-1.0,-1.0,0.0,0.0,0.0,0.0
1791564183.64,2236067.6,1058.0,138611.8,138611.8,-533.7,731.2,892.4,-69.85,87.45,176.18,276.18,0.0,0.0,0.0,0.0,162557.7,-580200.4,391178.7,0.9494,179.903,818.0,-0.09443,-91.70784,0.0,0,-1.0,-1.0,-1.0,-1.0,-1.0,0.0,0.0,0.0,0.0
1791564184.14,2236067.6,1058.5,138611.8,138611.8,-533.7,731.2,892.4,-69.85,87.45,176.18,276.18,0.0,0.0,0.0,0.0,162557.7,-580200.4,391178.7,0.9494,179.903,818.0,-0.09443,-91.70784,0.0,0,-1.0,-1.0,-1.0,-1.0,-1.0,0.0,0.0,0.0,0.0
1791564184.65,2236067.7,1059.0,138590.4,138590.4,-534.0,731.4,892.6,-69.82,87.45,176.18,276.18,0.0,0.0,0.0,0.0,162557.7,-580200.4,391178.7,0.9494,179.903,818.0,-0.09443,-91.71006,0.0,0,-1.0,-1.0,-1.0,-1.0,-1.0,0.0,0.0,0.0,0.0
1791564185.15,2236067.7,1059.5,138590.4,138590.4,-534.0,731.4,892.6,-69.82,87.45,176.18,276.18,0.0,0.0,0.0,0.0,162557.7,-580200.4,391178.7,0.9494,179.903,818.0,-0.09443,-91.71006,0.0,0,-1.0,-1.0,-1.0,-1.0,-1.0,0.0,0.0,0.0,0.0
1791564185.65,2236067.7,1060.0,138569.1,138569.1,-534.2,731.6,892.7,-69.79,87.46,176.18,276.17,0.0,0.0,0.0,0.0,162557.7,-580200.4,391178.7,0.9494,179.903,818.0,-0.09443,-91.71228,0.0,0,-1.0,-1.0,-1.0,-1.0,-1.0,0.0,0.0,0.0,0.0
1791564186.15,2236067.7,1060.5,138569.1,138569.1,-534.2,731.6,892.7,-69.79,87.46,176.18,276.17,0.0,0.0,0.0,0.0,162557.7,-580200.4,391178.7,0.9494,179.903,818.0,-0.09443,-91.71228,0.0,0,-1.0,-1.0,-1.0,-1.0,-1.0,0.0,0.0,0.0,0.0
1791564186.66,2236067.7,1061.0,138547.7,138547.7,-534.5,731.8,892.9,-69.75,87.46,176.19,276.17,0.0,0.0,0.0,0.0,162557.7,-580200.4,391178.7,0.9494,179.903,818.0,-0.09443,-91.7145,0.0,0,-1.0,-1.0,-1.0,-1.0,-1.0,0.0,0.0,0.0,0.0
1791564187.16,2236067.7,1061.5,138547.7,138547.7,-534.5,731.8,892.9,-69.75,87.46,176.19,276.17,0.0,0.0,0.0,0.0,162557.7,-580200.4,391178.7,0.9494,179.903,818.0,-0.09443,-91.7145,0.0,0,-1.0,-1.0,-1.0,-1.0,-1.0,0.0,0.0,0.0,0.0
1791564187.66,2236067.8,1062.0,138526.3,138526.3,-534.7,732.0,893.0,-69.72,87.47,176.19,276.17,0.0,0.0,0.0,0.0,162557.7,-580200.4,391178.7,0.9494,179.903,818.0,-0.09443,-91.71672,0.0,0,-1.0,-1.0,-1.0,-1.0,-1.0,0.0,0.0,0.0,0.0
1791564188.16,2236067.8,1062.5,138526.3,138526.3,-534.7,732.0,893.0,-69.72,87.47,176.19,276.17,0.0,0.0,0.0,0.0,162557.7,-580200.4,391178.7,0.9494,179.903,818.0,-0.09443,-91.71672,0.0,0,-1.0,-1.0,-1.0,-1.0,-1.0,0.0,0.0,0.0,0.0
1791564188.66,2236067.8,1063.0,138504.9,138504.9,-535.0,732.2,893.2,-69.69,87.47,176.19,276.17,0.0,0.0,0.0,0.0,162557.7,-580200.4,391178.7,0.9494,179.903,818.0,-0.09443,-91.71894,0.0,0,-1.0,-1.0,-1.0,-1.0,-1.0,0.0,0.0,0.0,0.0
1791564189.17,2236067.8,1063.5,138504.9,138504.9,-535.0,732.2,893.2,-69.69,87.47,176.19,276.17,0.0,0.0,0.0,0.0,162557.7,-580200.4,391178.7,0.9494,179.903,818.0,-0.09443,-91.71894,0.0,0,-1.0,-1.0,-1.0,-1.0,-1.0,0.0,0.0,0.0,0.0
1791564189.67,2236068.1,1064.0,138376.3,138376.3,-536.4,733.3,894.1,-69.48,87.49,176.21,276.16,0.0,0.0,0.0,0.0,162557.7,-580200.4,391178.7,0.9494,179.903,818.0,-0.09442,-91.73226,0.0,0,-1.0,-1.0,-1.0,-1.0,-1.0,0.0,0.0,0.0,0.0
1791564190.24,2236068.5,1064.6,138139.7,138139.7,-539.1,735.4,895.8,-69.11,87.54,176.25,276.14,0.0,0.0,0.0,0.0,162557.7,-580200.4,391178.7,0.9494,179.903,818.0,-0.09441,-91.75702,0.0,0,-1.0,-1.0,-1.0,-1.0,-1.0,0.0,0.0,0.0,0.0
1791564190.74,2236069.0,1065.1,137869.4,137869.4,-542.2,737.8,897.7,-68.69,87.59,176.29,276.12,0.0,0.0,0.0,0.0,162557.7,-580200.4,391178.7,0.9494,179.903,818.0,-0.09441,-91.78446,0.0,0,-1.0,-1.0,-1.0,-1.0,-1.0,0.0,0.0,0.0,0.0
1791564191.24,2236069.5,1065.6,137586.6,137586.6,-545.4,740.3,899.8,-68.24,87.64,176.33,276.1,0.0,0.0,0.0,0.0,162557.7,-580200.4,391178.7,0.9494,179.903,818.0,-0.0944,-91.81336,0.0,0,-1.0,-1.0,-1.0,-1.0,-1.0,0.0,0.0,0.0,0.0
1791564191.75,2236070.0,1066.1,137324.1,137324.1,-548.3,742.6,901.6,-67.82,87.68,176.37,276.08,0.0,0.0,0.0,0.0,162557.7,-580200.4,391178.7,0.9494,179.903,818.0,-0.09439,-91.84005,0.0,0,-1.0,-1.0,-1.0,-1.0,-1.0,0.0,0.0,0.0,0.0
1791564192.25,2236070.5,1066.6,137038.1,137038.1,-551.6,745.1,903.7,-67.4,87.73,176.4,276.06,0.0,0.0,0.0,0.0,162557.7,-580200.4,391178.7,0.9494,179.903,818.0,-0.09438,-91.86898,0.0,0,-1.0,-1.0,-1.0,-1.0,-1.0,0.0,0.0,0.0,0.0
1791564192.75,2236071.0,1067.1,136761.6,136761.6,-554.6,747.5,905.6,-66.97,87.77,176.44,276.04,0.0,0.0,0.0,0.0,162557.7,-580200.4,391178.7,0.9494,179.903,818.0,-0.09437,-91.89681,0.0,0,-1.0,-1.0,-1.0,-1.0,-1.0,0.0,0.0,0.0,0.0
1791564193.25,2236071.5,1067.6,136483.5,136483.5,-557.7,749.9,907.6,-66.55,87.81,176.47,276.03,0.0,0.0,0.0,0.0,162557.7,-580200.4,391178.7,0.9494,179.903,818.0,-0.09437,-91.92466,0.0,0,-1.0,-1.0,-1.0,-1.0,-1.0,0.0,0.0,0.0,0.0
1791564193.75,2236072.0,1068.1,136203.9,136203.8,-560.8,752.3,909.6,-66.12,87.85,176.5,276.01,0.0,0.0,0.0,0.0,162557.7,-580200.4,391178.7,0.9494,179.903,818.0,-0.09436,-91.95252,0.0,0,-1.0,-1.0,-1.0,-1.0,-1.0,0.0,0.0,0.0,0.0
1791564194.26,2236072.5,1068.6,135922.7,135922.7,-563.9,754.8,911.6,-65.7,87.89,176.53,275.99,0.0,0.0,0.0,0.0,162557.7,-580200.4,391178.7,0.9494,179.903,818.0,-0.09435,-91.98039,0.0,0,-1.0,-1.0,-1.0,-1.0,-1.0,0.0,0.0,0.0,0.0
1791564194.76,2236072.9,1069.1,135707.9,135708.0,-566.2,756.6,913.1,-65.38,87.92,176.55,275.97,0.0,0.0,0.0,0.0,162557.7,-580200.4,391178.7,0.9494,179.903,818.0,-0.09434,-92.00159,0.0,0,-1.0,-1.0,-1.0,-1.0,-1.0,0.0,0.0,0.0,0.0
1791564195.26,2236072.9,1069.6,135707.9,135708.0,-566.2,756.6,913.1,-65.38,87.92,176.55,275.97,0.0,0.0,0.0,0.0,162557.7,-580200.4,391178.7,0.9494,179.903,818.0,-0.09434,-92.00159,0.0,0,-1.0,-1.0,-1.0,-1.0,-1.0,0.0,0.0,0.0,0.0
1791564195.76,2236072.9,1070.1,135685.3,135685.3,-566.5,756.8,913.3,-65.34,87.92,176.56,275.97,0.0,0.0,0.0,0.0,162557.7,-580200.4,391178.7,0.9494,179.903,818.0,-0.09434,-92.00382,0.0,0,-1.0,-1.0,-1.0,-1.0,-1.0,0.0,0.0,0.0,0.0
1791564196.26,2236072.9,1070.6,135685.3,135685.3,-566.5,756.8,913.3,-65.34,87.92,176.56,275.97,0.0,0.0,0.0,0.0,162557.7,-580200.4,391178.7,0.9494,179.903,818.0,-0.09434,-92.00382,0.0,0,-1.0,-1.0,-1.0,-1.0,-1.0,0.0,0.0,0.0,0.0
1791564196.76,2236073.0,1071.1,135662.6,135662.6,-566.7,757.0,913.4,-65.31,87.92,176.56,275.97,0.0,0.0,0.0,0.0,162557.7,-580200.4,391178.7,0.9494,179.903,818.0,-0.09434,-92.00605,0.0,0,-1.0,-1.0,-1.0,-1.0,-1.0,0.0,0.0,0.0,0.0
1791564197.26,2236073.0,1071.6,135662.6,135662.6,-566.7,757.0,913.4,-65.31,87.92,176.56,275.97,0.0,0.0,0.0,0.0,162557.7,-580200.4,391178.7,0.9494,179.903,818.0,-0.09434,-92.00605,0.0,0,-1.0,-1.0,-1.0,-1.0,-1.0,0.0,0.0,0.0,0.0
1791564197.77,2236073.0,1072.1,135640.0,135640.0,-567.0,757.2,913.6,-65.28,87.93,176.56,275.97,0.0,0.0,0.0,0.0,162557.7,-580200.4,391178.7,0.9494,179.903,818.0,-0.09434,-92.00828,0.0,0,-1.0,-1.0,-1.0,-1.0,-1.0,0.0,0.0,0.0,0.0
1791564198.27,2236073.0,1072.6,135640.0,135640.0,-567.0,757.2,913.6,-65.28,87.93,176.56,275.97,0.0,0.0,0.0,0.0,162557.7,-580200.4,391178.7,0.9494,179.903,818.0,-0.09434,-92.00828,0.0,0,-1.0,-1.0,-1.0,-1.0,-1.0,0.0,0.0,0.0,0.0
1791564198.77,2236073.1,1073.1,135617.3,135617.3,-567.2,757.4,913.8,-65.24,87.93,176.56,275.96,0.0,0.0,0.0,0.0,162557.7,-580200.4,391178.7,0.9494,179.903,818.0,-0.09434,-92.01052,0.0,0,-1.0,-1.0,-1.0,-1.0,-1.0,0.0,0.0,0.0,0.0
1791564199.27,2236073.1,1073.6,135617.3,135617.3,-567.2,757.4,913.8,-65.24,87.93,176.56,275.96,0.0,0.0,0.0,0.0,162557.7,-580200.4,391178.7,0.9494,179.903,818.0,-0.09434,-92.01052,0.0,0,-1.0,-1.0,-1.0,-1.0,-1.0,0.0,0.0,0.0,0.0
1791564199.77,2236073.1,1074.1,135594.6,135594.6,-567.5,757.6,913.9,-65.21,87.93,176.56,275.96,0.0,0.0,0.0,0.0,162557.7,-580200.4,391178.7,0.9494,179.903,818.0,-0.09434,-92.01275,0.0,0,-1.0,-1.0,-1.0,-1.0,-1.0,0.0,0.0,0.0,0.0
1791564200.27,2236073.1,1074.6,135594.6,135594.6,-567.5,757.6,913.9,-65.21,87.93,176.56,275.96,0.0,0.0,0.0,0.0,162557.7,-580200.4,391178.7,0.9494,179.903,818.0,-0.09434,-92.01275,0.0,0,-1.0,-1.0,-1.0,-1.0,-1.0,0.0,0.0,0.0,0.0
1791564200.78,2236073.1,1075.1,135571.9,135571.9,-567.7,757.8,914.1,-65.17,87.94,176.57,275.96,0.0,0.0,0.0,0.0,162557.7,-580200.4,391178.7,0.9494,179.903,818.0,-0.09434,-92.01498,0.0,0,-1.0,-1.0,-1.0,-1.0,-1.0,0.0,0.0,0.0,0.0
1791564201.28,2236073.1,1075.6,135571.9,135571.9,-567.7,757.8,914.1,-65.17,87.94,176.57,275.96,0.0,0.0,0.0,0.0,162557.7,-580200.4,391178.7,0.9494,179.903,818.0,-0.09434,-92.01498,0.0,0,-1.0,-1.0,-1.0,-1.0,-1.0,0.0,0.0,0.0,0.0
1791564201.78,2236073.2,1076.1,135549.2,135549.2,-568.0,758.0,914.2,-65.14,87.94,176.57,275.96,0.0,0.0,0.0,0.0,162557.7,-580200.4,391178.7,0.9494,179.903,818.0,-0.09434,-92.01721,0.0,0,-1.0,-1.0,-1.0,-1.0,-1.0,0.0,0.0,0.0,0.0
1791564202.28,2236073.2,1076.6,135549.2,135549.2,-568.0,758.0,914.2,-65.14,87.94,176.57,275.96,0.0,0.0,0.0,0.0,162557.7,-580200.4,391178.7,0.9494,179.903,818.0,-0.09434,-92.01721,0.0,0,-1.0,-1.0,-1.0,-1.0,-1.0,0.0,0.0,0.0,0.0
1791564202.78,2236073.2,1077.1,135526.4,135526.4,-568.2,758.2,914.4,-65.11,87.94,176.57,275.96,0.0,0.0,0.0,0.0,162557.7,-580200.4,391178.7,0.9494,179.903,818.0,-0.09434,-92.01944,0.0,0,-1.0,-1.0,-1.0,-1.0,-1.0,0.0,0.0,0.0,0.0
1791564203.28,2236073.2,1077.6,135526.4,135526.4,-568.2,758.2,914.4,-65.11,87.94,176.57,275.96,0.0,0.0,0.0,0.0,162557.7,-580200.4,391178.7,0.9494,179.903,818.0,-0.09434,-92.01944,0.0,0,-1.0,-1.0,-1.0,-1.0,-1.0,0.0,0.0,0.0,0.0
1791564203.79,2236073.3,1078.1,135503.7,135503.7,-568.5,758.4,914.6,-65.07,87.94,176.57,275.96,0.0,0.0,0.0,0.0,162557.7,-580200.4,391178.7,0.9494,179.903,818.0,-0.09434,-92.02168,0.0,0,-1.0,-1.0,-1.0,-1.0,-1.0,0.0,0.0,0.0,0.0
1791564204.29,2236073.3,1078.6,135503.7,135503.7,-568.5,758.4,914.6,-65.07,87.94,176.57,275.96,0.0,0.0,0.0,0.0,162557.7,-580200.4,391178.7,0.9494,179.903,818.0,-0.09434,-92.02168,0.0,0,-1.0,-1.0,-1.0,-1.0,-1.0,0.0,0.0,0.0,0.0
1791564204.79,2236073.3,1079.1,135481.0,135481.0,-568.7,758.6,914.7,-65.04,87.95,176.58,275.96,0.0,0.0,0.0,0.0,162557.7,-580200.4,391178.7,0.9494,179.903,818.0,-0.09434,-92.02391,0.0,0,-1.0,-1.0,-1.0,-1.0,-1.0,0.0,0.0,0.0,0.0
1791564205.29,2236073.3,1079.6,135481.0,135481.0,-568.7,758.6,914.7,-65.04,87.95,176.58,275.96,0.0,0.0,0.0,0.0,162557.7,-580200.4,391178.7,0.9494,179.903,818.0,-0.09434,-92.02391,0.0,0,-1.0,-1.0,-1.0,-1.0,-1.0,0.0,0.0,0.0,0.0
1791564205.79,2236073.3,1080.1,135458.2,135458.2,-569.0,758.8,914.9,-65.01,87.95,176.58,275.95,0.0,0.0,0.0,0.0,162557.7,-580200.4,391178.7,0.9494,179.903,818.0,-0.09434,-92.02614,0.0,0,-1.0,-1.0,-1.0,-1.0,-1.0,0.0,0.0,0.0,0.0
1791564206.29,2236073.3,1080.6,135458.2,135458.2,-569.0,758.8,914.9,-65.01,87.95,176.58,275.95,0.0,0.0,0.0,0.0,162557.7,-580200.4,391178.7,0.9494,179.903,818.0,-0.09434,-92.02614,0.0,0,-1.0,-1.0,-1.0,-1.0,-1.0,0.0,0.0,0.0,0.0
1791564206.8,2236073.4,1081.1,135435.4,135435.4,-569.2,759.0,915.0,-64.97,87.95,176.58,275.95,0.0,0.0,0.0,0.0,162557.7,-580200.4,391178.7,0.9494,179.903,818.0,-0.09433,-92.02837,0.0,0,-1.0,-1.0,-1.0,-1.0,-1.0,0.0,0.0,0.0,0.0
1791564207.3,2236073.4,1081.6,135435.4,135435.4,-569.2,759.0,915.0,-64.97,87.95,176.58,275.95,0.0,0.0,0.0,0.0,162557.7,-580200.4,391178.7,0.9494,179.903,818.0,-0.09433,-92.02837,0.0,0,-1.0,-1.0,-1.0,-1.0,-1.0,0.0,0.0,0.0,0.0
1791564207.8,2236073.4,1082.1,135412.7,135412.7,-569.5,759.2,915.2,-64.94,87.96,176.58,275.95,0.0,0.0,0.0,0.0,162557.7,-580200.4,391178.7,0.9494,179.903,818.0,-0.09433,-92.03061,0.0,0,-1.0,-1.0,-1.0,-1.0,-1.0,0.0,0.0,0.0,0.0
1791564208.3,2236073.4,1082.6,135412.7,135412.7,-569.5,759.2,915.2,-64.94,87.96,176.58,275.95,0.0,0.0,0.0,0.0,162557.7,-580200.4,391178.7,0.9494,179.903,818.0,-0.09433,-92.03061,0.0,0,-1.0,-1.0,-1.0,-1.0,-1.0,0.0,0.0,0.0,0.0
1791564208.8,2236073.5,1083.1,135389.9,135389.9,-569.7,759.4,915.4,-64.9,87.96,176.58,275.95,0.0,0.0,0.0,0.0,162557.7,-580200.4,391178.7,0.9494,179.903,818.0,-0.09433,-92.03284,0.0,0,-1.0,-1.0,-1.0,-1.0,-1.0,0.0,0.0,0.0,0.0
1791564209.3,2236073.5,1083.6,135389.9,135389.9,-569.7,759.4,915.4,-64.9,87.96,176.58,275.95,0.0,0.0,0.0,0.0,162557.7,-580200.4,391178.7,0.9494,179.903,818.0,-0.09433,-92.03284,0.0,0,-1.0,-1.0,-1.0,-1.0,-1.0,0.0,0.0,0.0,0.0
1791564209.81,2236073.5,1084.1,135367.1,135367.1,-570.0,759.5,915.5,-64.87,87.96,176.59,275.95,0.0,0.0,0.0,0.0,162557.7,-580200.4,391178.7,0.9494,179.903,818.0,-0.09433,-92.03507,0.0,0,-1.0,-1.0,-1.0,-1.0,-1.0,0.0,0.0,0.0,0.0
1791564210.31,2236073.5,1084.7,135367.1,135367.1,-570.0,759.5,915.5,-64.87,87.96,176.59,275.95,0.0,0.0,0.0,0.0,162557.7,-580200.4,391178.7,0.9494,179.903,818.0,-0.09433,-92.03507,0.0,0,-1.0,-1.0,-1.0,-1.0,-1.0,0.0,0.0,0.0,0.0
1791564210.81,2236073.5,1085.2,135344.3,135344.3,-570.2,759.7,915.7,-64.84,87.96,176.59,275.95,0.0,0.0,0.0,0.0,162557.7,-580200.4,391178.7,0.9494,179.903,818.0,-0.09433,-92.03731,0.0,0,-1.0,-1.0,-1.0,-1.0,-1.0,0.0,0.0,0.0,0.0
1791564211.31,2236073.5,1085.7,135344.3,135344.3,-570.2,759.7,915.7,-64.84,87.96,176.59,275.95,0.0,0.0,0.0,0.0,162557.7,-580200.4,391178.7,0.9494,179.903,818.0,-0.09433,-92.03731,0.0,0,-1.0,-1.0,-1.0,-1.0,-1.0,0.0,0.0,0.0,0.0
1791564211.81,2236073.6,1086.2,135321.5,135321.5,-570.4,759.9,915.8,-64.8,87.97,176.59,275.94,0.0,0.0,0.0,0.0,162557.7,-580200.4,391178.7,0.9494,179.903,818.0,-0.09433,-92.03954,0.0,0,-1.0,-1.0,-1.0,-1.0,-1.0,0.0,0.0,0.0,0.0
1791564212.31,2236073.6,1086.7,135321.5,135321.5,-570.4,759.9,915.8,-64.8,87.97,176.59,275.94,0.0,0.0,0.0,0.0,162557.7,-580200.4,391178.7,0.9494,179.903,818.0,-0.09433,-92.03954,0.0,0,-1.0,-1.0,-1.0,-1.0,-1.0,0.0,0.0,0.0,0.0
1791564212.81,2236073.6,1087.2,135298.6,135298.6,-570.7,760.1,916.0,-64.77,87.97,176.59,275.94,0.0,0.0,0.0,0.0,162557.7,-580200.4,391178.7,0.9494,179.903,818.0,-0.09433,-92.04177,0.0,0,-1.0,-1.0,-1.0,-1.0,-1.0,0.0,0.0,0.0,0.0
1791564213.32,2236073.6,1087.7,135298.6,135298.6,-570.7,760.1,916.0,-64.77,87.97,176.59,275.94,0.0,0.0,0.0,0.0,162557.7,-580200.4,391178.7,0.9494,179.903,818.0,-0.09433,-92.04177,0.0,0,-1.0,-1.0,-1.0,-1.0,-1.0,0.0,0.0,0.0,0.0
1791564213.82,2236073.7,1088.2,135275.8,135275.8,-570.9,760.3,916.2,-64.73,87.97,176.6,275.94,0.0,0.0,0.0,0.0,162557.7,-580200.4,391178.7,0.9494,179.903,818.0,-0.09433,-92.04401,0.0,0,-1.0,-1.0,-1.0,-1.0,-1.0,0.0,0.0,0.0,0.0
1791564214.32,2236073.7,1088.7,135275.8,135275.8,-570.9,760.3,916.2,-64.73,87.97,176.6,275.94,0.0,0.0,0.0,0.0,162557.7,-580200.4,391178.7,0.9494,179.903,818.0,-0.09433,-92.04401,0.0,0,-1.0,-1.0,-1.0,-1.0,-1.0,0.0,0.0,0.0,0.0
1791564214.82,2236073.7,1089.2,135253.0,135253.0,-571.2,760.5,916.3,-64.7,87.98,176.6,275.94,0.0,0.0,0.0,0.0,162557.7,-580200.4,391178.7,0.9494,179.903,818.0,-0.09433,-92.04624,0.0,0,-1.0,-1.0,-1.0,-1.0,-1.0,0.0,0.0,0.0,0.0
1791564215.32,2236073.7,1089.7,135253.0,135253.0,-571.2,760.5,916.3,-64.7,87.98,176.6,275.94,0.0,0.0,0.0,0.0,162557.7,-580200.4,391178.7,0.9494,179.903,818.0,-0.09433,-92.04624,0.0,0,-1.0,-1.0,-1.0,-1.0,-1.0,0.0,0.0,0.0,0.0
1791564215.82,2236073.9,1090.2,135127.2,135127.2,-572.6,761.6,917.2,-64.51,87.99,176.61,275.93,0.0,0.0,0.0,0.0,162557.7,-580200.4,391178.7,0.9494,179.903,818.0,-0.09433,-92.05852,0.0,0,-1.0,-1.0,-1.0,-1.0,-1.0,0.0,0.0,0.0,0.0
1791564216.33,2236074.4,1090.7,134851.6,134851.6,-575.5,764.0,919.2,-64.11,88.02,176.63,275.91,0.0,0.0,0.0,0.0,162557.7,-580200.4,391178.7,0.9494,179.903,818.0,-0.09432,-92.08534,0.0,0,-1.0,-1.0,-1.0,-1.0,-1.0,0.0,0.0,0.0,0.0
1791564216.83,2236074.9,1091.2,134551.5,134551.5,-578.7,766.5,921.3,-63.67,88.06,176.66,275.89,0.0,0.0,0.0,0.0,162557.7,-580200.4,391178.7,0.9494,179.903,818.0,-0.09431,-92.11441,0.0,0,-1.0,-1.0,-1.0,-1.0,-1.0,0.0,0.0,0.0,0.0
1791564217.33,2236075.4,1091.7,134261.3,134261.3,-581.8,769.0,923.3,-63.24,88.09,176.68,275.87,0.0,0.0,0.0,0.0,162557.7,-580200.4,391178.7,0.9494,179.903,818.0,-0.0943,-92.14237,0.0,0,-1.0,-1.0,-1.0,-1.0,-1.0,0.0,0.0,0.0,0.0
1791564217.83,2236075.9,1092.2,133969.6,133969.6,-585.0,771.5,925.4,-62.82,88.12,176.71,275.85,0.0,0.0,0.0,0.0,162557.7,-580200.4,391178.7,0.9494,179.903,818.0,-0.09429,-92.17035,0.0,0,-1.0,-1.0,-1.0,-1.0,-1.0,0.0,0.0,0.0,0.0
1791564218.33,2236076.4,1092.7,133676.4,133676.4,-588.1,774.0,927.4,-62.39,88.15,176.73,275.83,0.0,0.0,0.0,0.0,162557.7,-580200.4,391178.7,0.9494,179.903,818.0,-0.09428,-92.19834,0.0,0,-1.0,-1.0,-1.0,-1.0,-1.0,0.0,0.0,0.0,0.0
1791564218.83,2236076.9,1093.2,133381.6,133381.6,-591.2,776.5,929.5,-61.97,88.18,176.75,275.81,0.0,0.0,0.0,0.0,162557.7,-580200.4,391178.7,0.9494,179.903,818.0,-0.09428,-92.22636,0.0,0,-1.0,-1.0,-1.0,-1.0,-1.0,0.0,0.0,0.0,0.0
1791564219.34,2236077.4,1093.7,133085.2,133085.2,-594.3,779.0,931.6,-61.55,88.21,176.77,275.79,0.0,0.0,0.0,0.0,162557.7,-580200.4,391178.7,0.9494,179.903,818.0,-0.09427,-92.25438,0.0,0,-1.0,-1.0,-1.0,-1.0,-1.0,0.0,0.0,0.0,0.0
1791564219.84,2236077.9,1094.2,132787.3,132787.3,-597.4,781.5,933.6,-61.12,88.24,176.79,275.77,0.0,0.0,0.0,0.0,162557.7,-580200.4,391178.7,0.9494,179.903,818.0,-0.09426,-92.28242,0.0,0,-1.0,-1.0,-1.0,-1.0,-1.0,0.0,0.0,0.0,0.0
1791564220.34,2236078.4,1094.7,132487.8,132487.8,-600.5,784.0,935.7,-60.7,88.27,176.81,275.75,0.0,0.0,0.0,0.0,162557.7,-580200.4,391178.7,0.9494,179.903,818.0,-0.09425,-92.31048,0.0,0,-1.0,-1.0,-1.0,-1.0,-1.0,0.0,0.0,0.0,0.0
1791564220.84,2236078.9,1095.2,132174.7,132174.7,-603.8,786.6,937.9,-60.26,88.3,176.83,275.73,0.0,0.0,0.0,0.0,162557.7,-580200.4,391178.7,0.9494,179.903,818.0,-0.09424,-92.33968,0.0,0,-1.0,-1.0,-1.0,-1.0,-1.0,0.0,0.0,0.0,0.0
1791564221.34,2236079.4,1095.7,131872.0,131872.0,-606.9,789.2,940.0,-59.83,88.32,176.84,275.71,0.0,0.0,0.0,0.0,162557.7,-580200.4,391178.7,0.9494,179.903,818.0,-0.09423,-92.36777,0.0,0,-1.0,-1.0,-1.0,-1.0,-1.0,0.0,0.0,0.0,0.0
1791564221.85,2236079.9,1096.2,131604.4,131604.4,-609.6,791.4,941.9,-59.46,88.35,176.86,275.7,0.0,0.0,0.0,0.0,162557.7,-580200.4,391178.7,0.9494,179.903,818.0,-0.09423,-92.39251,0.0,0,-1.0,-1.0,-1.0,-1.0,-1.0,0.0,0.0,0.0,0.0
1791564222.35,2236079.9,1096.7,131604.4,131604.4,-609.6,791.4,941.9,-59.46,88.35,176.86,275.7,0.0,0.0,0.0,0.0,162557.7,-580200.4,391178.7,0.9494,179.903,818.0,-0.09423,-92.39251,0.0,0,-1.0,-1.0,-1.0,-1.0,-1.0,0.0,0.0,0.0,0.0
1791564222.85,2236079.9,1097.2,131580.0,131580.0,-609.9,791.6,942.0,-59.43,88.35,176.86,275.7,0.0,0.0,0.0,0.0,162557.7,-580200.4,391178.7,0.9494,179.903,818.0,-0.09422,-92.39476,0.0,0,-1.0,-1.0,-1.0,-1.0,-1.0,0.0,0.0,0.0,0.0
1791564223.35,2236079.9,1097.7,131580.0,131580.0,-609.9,791.6,942.0,-59.43,88.35,176.86,275.7,0.0,0.0,0.0,0.0,162557.7,-580200.4,391178.7,0.9494,179.903,818.0,-0.09422,-92.39476,0.0,0,-1.0,-1.0,-1.0,-1.0,-1.0,0.0,0.0,0.0,0.0
1791564223.85,2236080.0,1098.2,131555.6,131555.6,-610.1,791.8,942.2,-59.39,88.35,176.86,275.69,0.0,0.0,0.0,0.0,162557.7,-580200.4,391178.7,0.9494,179.903,818.0,-0.09422,-92.39701,0.0,0,-1.0,-1.0,-1.0,-1.0,-1.0,0.0,0.0,0.0,0.0
1791564224.35,2236080.0,1098.7,131555.6,131555.6,-610.1,791.8,942.2,-59.39,88.35,176.86,275.69,0.0,0.0,0.0,0.0,162557.7,-580200.4,391178.7,0.9494,179.903,818.0,-0.09422,-92.39701,0.0,0,-1.0,-1.0,-1.0,-1.0,-1.0,0.0,0.0,0.0,0.0
1791564224.86,2236080.0,1099.2,131531.2,131531.2,-610.4,792.0,942.4,-59.36,88.35,176.86,275.69,0.0,0.0,0.0,0.0,162557.7,-580200.4,391178.7,0.9494,179.903,818.0,-0.09422,-92.39925,0.0,0,-1.0,-1.0,-1.0,-1.0,-1.0,0.0,0.0,0.0,0.0
1791564225.36,2236080.0,1099.7,131531.2,131531.2,-610.4,792.0,942.4,-59.36,88.35,176.86,275.69,0.0,0.0,0.0,0.0,162557.7,-580200.4,391178.7,0.9494,179.903,818.0,-0.09422,-92.39925,0.0,0,-1.0,-1.0,-1.0,-1.0,-1.0,0.0,0.0,0.0,0.0
1791564225.86,2236080.0,1100.2,131506.8,131506.8,-610.6,792.2,942.5,-59.33,88.35,176.86,275.69,0.0,0.0,0.0,0.0,162557.7,-580200.4,391178.7,0.9494,179.903,818.0,-0.09422,-92.4015,0.0,0,-1.0,-1.0,-1.0,-1.0,-1.0,0.0,0.0,0.0,0.0
1791564226.36,2236080.0,1100.7,131506.8,131506.8,-610.6,792.2,942.5,-59.33,88.35,176.86,275.69,0.0,0.0,0.0,0.0,162557.7,-580200.4,391178.7,0.9494,179.903,818.0,-0.09422,-92.4015,0.0,0,-1.0,-1.0,-1.0,-1.0,-1.0,0.0,0.0,0.0,0.0
1791564226.87,2236080.1,1101.2,131482.3,131482.3,-610.9,792.4,942.7,-59.29,88.36,176.87,275.69,0.0,0.0,0.0,0.0,162557.7,-580200.4,391178.7,0.9494,179.903,818.0,-0.09422,-92.40375,0.0,0,-1.0,-1.0,-1.0,-1.0,-1.0,0.0,0.0,0.0,0.0
1791564227.37,2236080.1,1101.7,131482.3,131482.3,-610.9,792.4,942.7,-59.29,88.36,176.87,275.69,0.0,0.0,0.0,0.0,162557.7,-580200.4,391178.7,0.9494,179.903,818.0,-0.09422,-92.40375,0.0,0,-1.0,-1.0,-1.0,-1.0,-1.0,0.0,0.0,0.0,0.0
1791564227.87,2236080.1,1102.2,131482.3,131482.3,-610.9,792.4,942.7,-59.29,88.36,176.87,275.69,0.0,0.0,0.0,0.0,162557.7,-580200.4,391178.7,0.9494,179.903,818.0,-0.09422,-92.40375,0.0,0,-1.0,-1.0,-1.0,-1.0,-1.0,0.0,0.0,0.0,0.0
1791564228.37,2236080.5,1102.7,131200.7,131200.7,-613.8,794.8,944.7,-58.9,88.38,176.88,275.67,0.0,0.0,0.0,0.0,162557.7,-580200.4,391178.7,0.9494,179.903,818.0,-0.09421,-92.42963,0.0,0,-1.0,-1.0,-1.0,-1.0,-1.0,0.0,0.0,0.0,0.0
1791564228.87,2236081.1,1103.2,130893.0,130893.0,-616.9,797.3,946.8,-58.48,88.4,176.9,275.65,0.0,0.0,0.0,0.0,162557.7,-580200.4,391178.7,0.9494,179.903,818.0,-0.09421,-92.45778,0.0,0,-1.0,-1.0,-1.0,-1.0,-1.0,0.0,0.0,0.0,0.0
1791564229.38,2236081.6,1103.7,130583.8,130583.8,-620.0,799.9,948.9,-58.06,88.43,176.91,275.63,0.0,0.0,0.0,0.0,162557.7,-580200.4,391178.7,0.9494,179.903,818.0,-0.0942,-92.48594,0.0,0,-1.0,-1.0,-1.0,-1.0,-1.0,0.0,0.0,0.0,0.0
1791564229.88,2236082.1,1104.2,130260.5,130260.5,-623.3,802.5,951.2,-57.61,88.45,176.93,275.61,0.0,0.0,0.0,0.0,162557.7,-580200.4,391178.7,0.9494,179.903,818.0,-0.09419,-92.51524,0.0,0,-1.0,-1.0,-1.0,-1.0,-1.0,0.0,0.0,0.0,0.0
1791564230.38,2236082.6,1104.7,129948.1,129948.1,-626.4,805.1,953.3,-57.19,88.48,176.94,275.59,0.0,0.0,0.0,0.0,162557.7,-580200.4,391178.7,0.9494,179.903,818.0,-0.09418,-92.54344,0.0,0,-1.0,-1.0,-1.0,-1.0,-1.0,0.0,0.0,0.0,0.0
1791564230.88,2236083.1,1105.2,129634.1,129634.1,-629.6,807.7,955.5,-56.77,88.5,176.95,275.57,0.0,0.0,0.0,0.0,162557.7,-580200.4,391178.7,0.9494,179.903,818.0,-0.09417,-92.57165,0.0,0,-1.0,-1.0,-1.0,-1.0,-1.0,0.0,0.0,0.0,0.0
1791564231.38,2236083.6,1105.7,129318.5,129318.5,-632.7,810.3,957.6,-56.34,88.52,176.97,275.55,0.0,0.0,0.0,0.0,162557.7,-580200.4,391178.7,0.9494,179.903,818.0,-0.09416,-92.59988,0.0,0,-1.0,-1.0,-1.0,-1.0,-1.0,0.0,0.0,0.0,0.0
1791564231.89,2236084.0,1106.2,129014.1,129014.1,-635.7,812.8,959.7,-55.94,88.54,176.98,275.53,0.0,0.0,0.0,0.0,162557.7,-580200.4,391178.7,0.9494,179.903,818.0,-0.09415,-92.627,0.0,0,-1.0,-1.0,-1.0,-1.0,-1.0,0.0,0.0,0.0,0.0
1791564232.39,2236084.6,1106.7,128682.7,128682.7,-639.0,815.5,962.0,-55.5,88.56,176.99,275.51,0.0,0.0,0.0,0.0,162557.7,-580200.4,391178.7,0.9494,179.903,818.0,-0.09414,-92.65639,0.0,0,-1.0,-1.0,-1.0,-1.0,-1.0,0.0,0.0,0.0,0.0
1791564232.89,2236085.1,1107.2,128362.4,128362.4,-642.1,818.1,964.2,-55.07,88.58,177.0,275.49,0.0,0.0,0.0,0.0,162557.7,-580200.4,391178.7,0.9494,179.903,818.0,-0.09414,-92.68467,0.0,0,-1.0,-1.0,-1.0,-1.0,-1.0,0.0,0.0,0.0,0.0
1791564233.39,2236085.6,1107.7,128027.6,128027.6,-645.4,820.8,966.5,-54.63,88.6,177.01,275.47,0.0,0.0,0.0,0.0,162557.7,-580200.4,391178.7,0.9494,179.903,818.0,-0.09413,-92.71411,0.0,0,-1.0,-1.0,-1.0,-1.0,-1.0,0.0,0.0,0.0,0.0
1791564233.89,2236086.1,1108.2,127704.1,127704.1,-648.6,823.4,968.7,-54.21,88.62,177.03,275.45,0.0,0.0,0.0,0.0,162557.7,-580200.4,391178.7,0.9494,179.903,818.0,-0.09412,-92.74242,0.0,0,-1.0,-1.0,-1.0,-1.0,-1.0,0.0,0.0,0.0,0.0
1791564234.4,2236086.6,1108.7,127379.0,127379.0,-651.7,826.1,970.9,-53.78,88.64,177.04,275.43,0.0,0.0,0.0,0.0,162557.7,-580200.4,391178.7,0.9494,179.903,818.0,-0.09411,-92.77076,0.0,0,-1.0,-1.0,-1.0,-1.0,-1.0,0.0,0.0,0.0,0.0
1791564234.9,2236087.1,1109.2,127052.4,127052.4,-654.9,828.7,973.1,-53.36,88.66,177.05,275.41,0.0,0.0,0.0,0.0,162557.7,-580200.4,391178.7,0.9494,179.903,818.0,-0.0941,-92.79911,0.0,0,-1.0,-1.0,-1.0,-1.0,-1.0,0.0,0.0,0.0,0.0
1791564235.4,2236087.6,1109.7,126724.1,126724.1,-658.1,831.4,975.4,-52.94,88.68,177.06,275.39,0.0,0.0,0.0,0.0,162557.7,-580200.4,391178.7,0.9494,179.903,818.0,-0.09409,-92.82748,0.0,0,-1.0,-1.0,-1.0,-1.0,-1.0,0.0,0.0,0.0,0.0
1791564235.9,2236088.1,1110.2,126394.3,126394.3,-661.2,834.0,977.6,-52.51,88.7,177.06,275.37,0.0,0.0,0.0,0.0,162557.7,-580200.4,391178.7,0.9494,179.903,818.0,-0.09408,-92.85587,0.0,0,-1.0,-1.0,-1.0,-1.0,-1.0,0.0,0.0,0.0,0.0
1791564236.4,2236088.6,1110.7,126062.9,126062.9,-664.4,836.7,979.9,-52.09,88.72,177.07,275.35,0.0,0.0,0.0,0.0,162557.7,-580200.4,391178.7,0.9494,179.903,818.0,-0.09407,-92.88428,0.0,0,-1.0,-1.0,-1.0,-1.0,-1.0,0.0,0.0,0.0,0.0
1791564236.9,2236089.1,1111.2,125729.9,125729.9,-667.6,839.3,982.1,-51.67,88.74,177.08,275.33,0.0,0.0,0.0,0.0,162557.7,-580200.4,391178.7,0.9494,179.903,818.0,-0.09406,-92.91271,0.0,0,-1.0,-1.0,-1.0,-1.0,-1.0,0.0,0.0,0.0,0.0
1791564237.41,2236089.6,1111.8,125395.3,125395.3,-670.7,842.0,984.4,-51.24,88.75,177.09,275.31,0.0,0.0,0.0,0.0,162557.7,-580200.4,391178.7,0.9494,179.903,818.0,-0.09406,-92.94115,0.0,0,-1.0,-1.0,-1.0,-1.0,-1.0,0.0,0.0,0.0,0.0
1791564237.91,2236090.1,1112.3,125059.1,125059.1,-673.9,844.7,986.6,-50.82,88.77,177.1,275.29,0.0,0.0,0.0,0.0,162557.7,-580200.4,391178.7,0.9494,179.903,818.0,-0.09405,-92.96962,0.0,0,-1.0,-1.0,-1.0,-1.0,-1.0,0.0,0.0,0.0,0.0
1791564238.41,2236090.6,1112.8,124721.4,124721.4,-677.1,847.4,988.9,-50.4,88.79,177.11,275.27,0.0,0.0,0.0,0.0,162557.7,-580200.4,391178.7,0.9494,179.903,818.0,-0.09404,-92.9981,0.0,0,-1.0,-1.0,-1.0,-1.0,-1.0,0.0,0.0,0.0,0.0
1791564238.91,2236091.1,1113.3,124382.0,124382.0,-680.3,850.0,991.2,-49.97,88.81,177.11,275.25,0.0,0.0,0.0,0.0,162557.7,-580200.4,391178.7,0.9494,179.903,818.0,-0.09403,-93.0266,0.0,0,-1.0,-1.0,-1.0,-1.0,-1.0,0.0,0.0,0.0,0.0
1791564239.41,2236091.6,1113.8,124041.1,124041.1,-683.5,852.7,993.5,-49.55,88.82,177.12,275.23,0.0,0.0,0.0,0.0,162557.7,-580200.4,391178.7,0.9494,179.903,818.0,-0.09402,-93.05512,0.0,0,-1.0,-1.0,-1.0,-1.0,-1.0,0.0,0.0,0.0,0.0
1791564239.91,2236092.1,1114.3,123698.5,123698.5,-686.7,855.4,995.8,-49.13,88.84,177.13,275.21,0.0,0.0,0.0,0.0,162557.7,-580200.4,391178.7,0.9494,179.903,818.0,-0.09401,-93.08366,0.0,0,-1.0,-1.0,-1.0,-1.0,-1.0,0.0,0.0,0.0,0.0
1791564240.42,2236092.6,1114.8,123354.4,123354.4,-689.9,858.1,998.1,-48.7,88.85,177.14,275.19,0.0,0.0,0.0,0.0,162557.7,-580200.4,391178.7,0.9494,179.903,818.0,-0.094,-93.11222,0.0,0,-1.0,-1.0,-1.0,-1.0,-1.0,0.0,0.0,0.0,0.0
1791564240.92,2236093.1,1115.3,123008.6,123008.6,-693.1,860.9,1000.4,-48.28,88.87,177.14,275.17,0.0,0.0,0.0,0.0,162557.7,-580200.4,391178.7,0.9494,179.903,818.0,-0.09399,-93.14079,0.0,0,-1.0,-1.0,-1.0,-1.0,-1.0,0.0,0.0,0.0,0.0
1791564241.42,2236093.4,1115.8,122786.5,122786.5,-695.1,862.6,1001.9,-48.01,88.88,177.15,275.16,0.0,0.0,0.0,0.0,162557.7,-580200.4,391178.7,0.9494,179.903,818.0,-0.09399,-93.15909,0.0,0,-1.0,-1.0,-1.0,-1.0,-1.0,0.0,0.0,0.0,0.0
1791564241.92,2236093.4,1116.3,122786.5,122786.5,-695.1,862.6,1001.9,-48.01,88.88,177.15,275.16,0.0,0.0,0.0,0.0,162557.7,-580200.4,391178.7,0.9494,179.903,818.0,-0.09399,-93.15909,0.0,0,-1.0,-1.0,-1.0,-1.0,-1.0,0.0,0.0,0.0,0.0
1791564242.43,2236093.4,1116.8,122758.7,122758.7,-695.4,862.8,1002.1,-47.97,88.88,177.15,275.15,0.0,0.0,0.0,0.0,162557.7,-580200.4,391178.7,0.9494,179.903,818.0,-0.09399,-93.16138,0.0,0,-1.0,-1.0,-1.0,-1.0,-1.0,0.0,0.0,0.0,0.0
1791564242.93,2236093.4,1117.3,122758.7,122758.7,-695.4,862.8,1002.1,-47.97,88.88,177.15,275.15,0.0,0.0,0.0,0.0,162557.7,-580200.4,391178.7,0.9494,179.903,818.0,-0.09399,-93.16138,0.0,0,-1.0,-1.0,-1.0,-1.0,-1.0,0.0,0.0,0.0,0.0
1791564243.43,2236093.9,1117.8,122466.1,122466.1,-698.1,865.1,1004.0,-47.62,88.89,177.15,275.14,0.0,0.0,0.0,0.0,162557.7,-580200.4,391178.7,0.9494,179.903,818.0,-0.09398,-93.18541,0.0,0,-1.0,-1.0,-1.0,-1.0,-1.0,0.0,0.0,0.0,0.0
1791564243.93,2236094.4,1118.3,122116.3,122116.3,-701.3,867.8,1006.4,-47.2,88.91,177.16,275.12,0.0,0.0,0.0,0.0,162557.7,-580200.4,391178.7,0.9494,179.903,818.0,-0.09397,-93.21404,0.0,0,-1.0,-1.0,-1.0,-1.0,-1.0,0.0,0.0,0.0,0.0
1791564244.43,2236094.9,1118.8,121764.8,121764.8,-704.5,870.6,1008.7,-46.77,88.93,177.16,275.1,0.0,0.0,0.0,0.0,162557.7,-580200.4,391178.7,0.9494,179.903,818.0,-0.09396,-93.24269,0.0,0,-1.0,-1.0,-1.0,-1.0,-1.0,0.0,0.0,0.0,0.0
1791564244.93,2236095.4,1119.3,121411.8,121411.8,-707.7,873.3,1011.1,-46.35,88.94,177.17,275.08,0.0,0.0,0.0,0.0,162557.7,-580200.4,391178.7,0.9494,179.903,818.0,-0.09395,-93.27135,0.0,0,-1.0,-1.0,-1.0,-1.0,-1.0,0.0,0.0,0.0,0.0
1791564245.44,2236095.9,1119.8,121042.9,121042.9,-711.0,876.2,1013.5,-45.91,88.96,177.17,275.05,0.0,0.0,0.0,0.0,162557.7,-580200.4,391178.7,0.9494,179.903,818.0,-0.09394,-93.30119,0.0,0,-1.0,-1.0,-1.0,-1.0,-1.0,0.0,0.0,0.0,0.0
1791564245.94,2236096.4,1120.3,120686.6,120686.6,-714.2,879.0,1015.9,-45.49,88.97,177.18,275.03,0.0,0.0,0.0,0.0,162557.7,-580200.4,391178.7,0.9494,179.903,818.0,-0.09393,-93.3299,0.0,0,-1.0,-1.0,-1.0,-1.0,-1.0,0.0,0.0,0.0,0.0
1791564246.45,2236096.7,1120.8,120429.1,120429.1,-716.5,880.9,1017.6,-45.18,88.98,177.18,275.02,0.0,0.0,0.0,0.0,162557.7,-580200.4,391178.7,0.9494,179.903,818.0,-0.09393,-93.35058,0.0,0,-1.0,-1.0,-1.0,-1.0,-1.0,0.0,0.0,0.0,0.0
1791564246.95,2236097.2,1121.3,120070.0,120070.0,-719.8,883.7,1020.0,-44.76,88.99,177.19,275.0,0.0,0.0,0.0,0.0,162557.7,-580200.4,391178.7,0.9494,179.903,818.0,-0.09392,-93.37932,0.0,0,-1.0,-1.0,-1.0,-1.0,-1.0,0.0,0.0,0.0,0.0
1791564247.45,2236097.5,1121.8,119868.2,119868.2,-721.6,885.3,1021.3,-44.52,89.0,177.19,274.99,0.0,0.0,0.0,0.0,162557.7,-580200.4,391178.7,0.9494,179.903,818.0,-0.09391,-93.39542,0.0,0,-1.0,-1.0,-1.0,-1.0,-1.0,0.0,0.0,0.0,0.0
1791564247.95,2236097.7,1122.3,119752.7,119752.7,-722.6,886.2,1022.1,-44.39,89.01,177.19,274.98,0.0,0.0,0.0,0.0,162557.7,-580200.4,391178.7,0.9494,179.903,818.0,-0.09391,-93.40463,0.0,0,-1.0,-1.0,-1.0,-1.0,-1.0,0.0,0.0,0.0,0.0
1791564248.45,2236097.9,1122.8,119593.5,119593.5,-724.0,887.4,1023.1,-44.2,89.01,177.19,274.97,0.0,0.0,0.0,0.0,162557.7,-580200.4,391178.7,0.9494,179.903,818.0,-0.0939,-93.41729,0.0,0,-1.0,-1.0,-1.0,-1.0,-1.0,0.0,0.0,0.0,0.0
1791564248.96,2236097.9,1123.3,119593.5,119593.5,-724.0,887.4,1023.1,-44.2,89.01,177.19,274.97,0.0,0.0,0.0,0.0,162557.7,-580200.4,391178.7,0.9494,179.903,818.0,-0.0939,-93.41729,0.0,0,-1.0,-1.0,-1.0,-1.0,-1.0,0.0,0.0,0.0,0.0
1791564249.46,2236098.3,1123.8,119332.5,119332.5,-726.3,889.4,1024.8,-43.89,89.02,177.2,274.96,0.0,0.0,0.0,0.0,162557.7,-580200.4,391178.7,0.9494,179.903,818.0,-0.0939,-93.43802,0.0,0,-1.0,-1.0,-1.0,-1.0,-1.0,0.0,0.0,0.0,0.0
1791564249.96,2236098.8,1124.3,118968.5,118968.5,-729.6,892.2,1027.2,-43.47,89.04,177.2,274.94,0.0,0.0,0.0,0.0,162557.7,-580200.4,391178.7,0.9494,179.903,818.0,-0.09389,-93.46682,0.0,0,-1.0,-1.0,-1.0,-1.0,-1.0,0.0,0.0,0.0,0.0
1791564250.46,2236099.3,1124.8,118602.9,118602.9,-732.8,895.0,1029.7,-43.1,89.05,177.2,274.92,0.0,0.0,0.0,0.0,162557.7,-580200.4,391178.7,0.9494,179.903,818.0,-0.09388,-93.49565,0.0,0,-1.0,-1.0,-1.0,-1.0,-1.0,0.0,0.0,0.0,0.0
1791564250.96,2236099.8,1125.3,118220.9,118220.9,-736.2,897.9,1032.2,-43.11,89.05,177.21,274.9,0.0,0.0,0.0,0.0,162557.7,-580200.4,391178.7,0.9494,179.903,818.0,-0.09387,-93.52565,0.0,0,-1.0,-1.0,-1.0,-1.0,-1.0,0.0,0.0,0.0,0.0
1791564251.46,2236100.3,1125.8,117852.0,117852.0,-739.4,900.7,1034.6,-43.4,89.04,177.2,274.87,0.0,0.0,0.0,0.0,162557.7,-580200.4,391178.7,0.9494,179.903,818.0,-0.09386,-93.55451,0.0,0,-1.0,-1.0,-1.0,-1.0,-1.0,0.0,0.0,0.0,0.0
1791564251.97,2236100.8,1126.3,117481.5,117481.5,-742.7,903.5,1037.0,-43.55,89.04,177.2,274.85,0.0,0.0,0.0,0.0,162557.7,-580200.4,391178.7,0.9494,179.903,818.0,-0.09385,-93.5834,0.0,0,-1.0,-1.0,-1.0,-1.0,-1.0,0.0,0.0,0.0,0.0
1791564252.47,2236101.3,1126.8,117109.4,117109.4,-745.9,906.3,1039.5,-43.45,89.04,177.2,274.83,0.0,0.0,0.0,0.0,162557.7,-580200.4,391178.7,0.9494,179.903,818.0,-0.09384,-93.61231,0.0,0,-1.0,-1.0,-1.0,-1.0,-1.0,0.0,0.0,0.0,0.0
1791564252.97,2236101.8,1127.3,116735.6,116735.6,-749.2,909.2,1041.9,-43.33,89.04,177.2,274.81,0.0,0.0,0.0,0.0,162557.7,-580200.4,391178.7,0.9494,179.903,818.0,-0.09383,-93.64124,0.0,0,-1.0,-1.0,-1.0,-1.0,-1.0,0.0,0.0,0.0,0.0
1791564253.47,2236102.3,1127.8,116360.2,116360.2,-752.4,912.0,1044.4,-43.36,89.04,177.2,274.79,0.0,0.0,0.0,0.0,162557.7,-580200.4,391178.7,0.9494,179.903,818.0,-0.09382,-93.6702,0.0,0,-1.0,-1.0,-1.0,-1.0,-1.0,0.0,0.0,0.0,0.0
1791564253.97,2236102.8,1128.3,115983.2,115983.2,-755.7,914.8,1046.8,-43.48,89.04,177.2,274.77,0.0,0.0,0.0,0.0,162557.7,-580200.4,391178.7,0.9494,179.903,818.0,-0.09381,-93.69917,0.0,0,-1.0,-1.0,-1.0,-1.0,-1.0,0.0,0.0,0.0,0.0
1791564254.49,2236103.3,1128.8,115589.3,115589.3,-759.1,917.8,1049.4,-43.55,89.04,177.2,274.75,0.0,0.0,0.0,0.0,162557.7,-580200.4,391178.7,0.9494,179.903,818.0,-0.0938,-93.72933,0.0,0,-1.0,-1.0,-1.0,-1.0,-1.0,0.0,0.0,0.0,0.0
1791564254.99,2236103.8,1129.3,115209.0,115209.0,-762.3,920.7,1051.9,-43.51,89.04,177.2,274.73,0.0,0.0,0.0,0.0,162557.7,-580200.4,391178.7,0.9494,179.903,818.0,-0.09379,-93.75835,0.0,0,-1.0,-1.0,-1.0,-1.0,-1.0,0.0,0.0,0.0,0.0
1791564255.49,2236104.3,1129.8,114827.0,114827.0,-765.6,923.5,1054.3,-43.48,89.04,177.2,274.71,0.0,0.0,0.0,0.0,162557.7,-580200.4,391178.7,0.9494,179.903,818.0,-0.09378,-93.78739,0.0,0,-1.0,-1.0,-1.0,-1.0,-1.0,0.0,0.0,0.0,0.0
1791564255.99,2236104.8,1130.3,114428.0,114428.0,-769.0,926.5,1056.9,-43.52,89.04,177.2,274.69,0.0,0.0,0.0,0.0,162557.7,-580200.4,391178.7,0.9494,179.903,818.0,-0.09377,-93.81761,0.0,0,-1.0,-1.0,-1.0,-1.0,-1.0,0.0,0.0,0.0,0.0
1791564256.5,2236105.3,1130.8,114042.7,114042.7,-772.3,929.4,1059.4,-43.58,89.04,177.2,274.67,0.0,0.0,0.0,0.0,162557.7,-580200.4,391178.7,0.9494,179.903,818.0,-0.09377,-93.8467,0.0,0,-1.0,-1.0,-1.0,-1.0,-1.0,0.0,0.0,0.0,0.0
1791564257.0,2236105.8,1131.3,113655.7,113655.7,-775.6,932.3,1061.9,-43.61,89.04,177.19,274.65,0.0,0.0,0.0,0.0,162557.7,-580200.4,391178.7,0.9494,179.903,818.0,-0.09376,-93.87581,0.0,0,-1.0,-1.0,-1.0,-1.0,-1.0,0.0,0.0,0.0,0.0
1791564257.5,2236106.3,1131.8,113267.1,113267.1,-778.8,935.2,1064.5,-43.63,89.04,177.19,274.62,0.0,0.0,0.0,0.0,162557.7,-580200.4,391178.7,0.9494,179.903,818.0,-0.09375,-93.90494,0.0,0,-1.0,-1.0,-1.0,-1.0,-1.0,0.0,0.0,0.0,0.0
1791564258.0,2236106.8,1132.3,112876.9,112876.9,-782.1,938.0,1067.0,-43.65,89.04,177.19,274.6,0.0,0.0,0.0,0.0,162557.7,-580200.4,391178.7,0.9494,179.903,818.0,-0.09374,-93.9341,0.0,0,-1.0,-1.0,-1.0,-1.0,-1.0,0.0,0.0,0.0,0.0
1791564258.5,2236107.3,1132.8,112485.0,112485.0,-785.4,940.9,1069.5,-43.67,89.04,177.19,274.58,0.0,0.0,0.0,0.0,162557.7,-580200.4,391178.7,0.9494,179.903,818.0,-0.09373,-93.96327,0.0,0,-1.0,-1.0,-1.0,-1.0,-1.0,0.0,0.0,0.0,0.0
1791564259.01,2236107.8,1133.3,112091.5,112091.5,-788.7,943.9,1072.0,-43.7,89.04,177.19,274.56,0.0,0.0,0.0,0.0,162557.7,-580200.4,391178.7,0.9494,179.903,818.0,-0.09372,-93.99247,0.0,0,-1.0,-1.0,-1.0,-1.0,-1.0,0.0,0.0,0.0,0.0
1791564259.51,2236108.3,1133.9,111696.3,111696.3,-792.0,946.8,1074.6,-43.72,89.04,177.19,274.54,0.0,0.0,0.0,0.0,162557.7,-580200.4,391178.7,0.9494,179.903,818.0,-0.09371,-94.0217,0.0,0,-1.0,-1.0,-1.0,-1.0,-1.0,0.0,0.0,0.0,0.0
1791564260.01,2236108.8,1134.4,111299.5,111299.5,-795.3,949.7,1077.1,-43.74,89.04,177.19,274.52,0.0,0.0,0.0,0.0,162557.7,-580200.4,391178.7,0.9494,179.903,818.0,-0.0937,-94.05094,0.0,0,-1.0,-1.0,-1.0,-1.0,-1.0,0.0,0.0,0.0,0.0
1791564260.51,2236109.3,1134.9,110901.0,110901.0,-798.6,952.6,1079.7,-43.76,89.03,177.19,274.5,0.0,0.0,0.0,0.0,162557.7,-580200.4,391178.7,0.9494,179.903,818.0,-0.09369,-94.08021,0.0,0,-1.0,-1.0,-1.0,-1.0,-1.0,0.0,0.0,0.0,0.0
1791564261.01,2236109.8,1135.4,110500.9,110500.9,-801.9,955.5,1082.3,-43.78,89.03,177.19,274.48,0.0,0.0,0.0,0.0,162557.7,-580200.4,391178.7,0.9494,179.903,818.0,-0.09368,-94.1095,0.0,0,-1.0,-1.0,-1.0,-1.0,-1.0,0.0,0.0,0.0,0.0
1791564261.51,2236110.3,1135.9,110099.1,110099.1,-805.2,958.5,1084.8,-43.8,89.03,177.19,274.46,0.0,0.0,0.0,0.0,162557.7,-580200.4,391178.7,0.9494,179.903,818.0,-0.09367,-94.13882,0.0,0,-1.0,-1.0,-1.0,-1.0,-1.0,0.0,0.0,0.0,0.0
1791564262.01,2236110.8,1136.4,109695.7,109695.7,-808.5,961.4,1087.4,-43.82,89.03,177.19,274.44,0.0,0.0,0.0,0.0,162557.7,-580200.4,391178.7,0.9494,179.903,818.0,-0.09366,-94.16816,0.0,0,-1.0,-1.0,-1.0,-1.0,-1.0,0.0,0.0,0.0,0.0
1791564262.52,2236111.3,1136.9,109290.6,109290.6,-811.8,964.4,1090.0,-43.84,89.03,177.19,274.42,0.0,0.0,0.0,0.0,162557.7,-580200.4,391178.7,0.9494,179.903,818.0,-0.09365,-94.19753,0.0,0,-1.0,-1.0,-1.0,-1.0,-1.0,0.0,0.0,0.0,0.0
1791564263.02,2236111.8,1137.4,108883.9,108883.9,-815.2,967.3,1092.6,-43.86,89.03,177.19,274.39,0.0,0.0,0.0,0.0,162557.7,-580200.4,391178.7,0.9494,179.903,818.0,-0.09364,-94.22692,0.0,0,-1.0,-1.0,-1.0,-1.0,-1.0,0.0,0.0,0.0,0.0
1791564263.52,2236111.9,1137.9,108802.3,108802.3,-815.8,967.9,1093.1,-43.87,89.03,177.19,274.39,0.0,0.0,0.0,0.0,162557.7,-580200.4,391178.7,0.9494,179.903,818.0,-0.09364,-94.2328,0.0,0,-1.0,-1.0,-1.0,-1.0,-1.0,0.0,0.0,0.0,0.0
1791564264.02,2236111.9,1138.4,108802.3,108802.3,-815.8,967.9,1093.1,-43.87,89.03,177.19,274.39,0.0,0.0,0.0,0.0,162557.7,-580200.4,391178.7,0.9494,179.903,818.0,-0.09364,-94.2328,0.0,0,-1.0,-1.0,-1.0,-1.0,-1.0,0.0,0.0,0.0,0.0
1791564264.52,2236112.0,1138.9,108769.7,108769.7,-816.1,968.2,1093.3,-43.87,89.03,177.19,274.39,0.0,0.0,0.0,0.0,162557.7,-580200.4,391178.7,0.9494,179.903,818.0,-0.09364,-94.23515,0.0,0,-1.0,-1.0,-1.0,-1.0,-1.0,0.0,0.0,0.0,0.0
1791564265.03,2236112.0,1139.4,108769.7,108769.7,-816.1,968.2,1093.3,-43.87,89.03,177.19,274.39,0.0,0.0,0.0,0.0,162557.7,-580200.4,391178.7,0.9494,179.903,818.0,-0.09364,-94.23515,0.0,0,-1.0,-1.0,-1.0,-1.0,-1.0,0.0,0.0,0.0,0.0
1791564265.53,2236112.0,1139.9,108737.0,108737.0,-816.4,968.4,1093.5,-43.87,89.03,177.19,274.39,0.0,0.0,0.0,0.0,162557.7,-580200.4,391178.7,0.9494,179.903,818.0,-0.09364,-94.2375,0.0,0,-1.0,-1.0,-1.0,-1.0,-1.0,0.0,0.0,0.0,0.0
1791564266.03,2236112.0,1140.4,108737.0,108737.0,-816.4,968.4,1093.5,-43.87,89.03,177.19,274.39,0.0,0.0,0.0,0.0,162557.7,-580200.4,391178.7,0.9494,179.903,818.0,-0.09364,-94.2375,0.0,0,-1.0,-1.0,-1.0,-1.0,-1.0,0.0,0.0,0.0,0.0
1791564266.53,2236112.0,1140.9,108704.4,108704.4,-816.6,968.6,1093.7,-43.87,89.03,177.19,274.39,0.0,0.0,0.0,0.0,162557.7,-580200.4,391178.7,0.9494,179.903,818.0,-0.09363,-94.23985,0.0,0,-1.0,-1.0,-1.0,-1.0,-1.0,0.0,0.0,0.0,0.0
1791564267.03,2236112.0,1141.4,108704.4,108704.4,-816.6,968.6,1093.7,-43.87,89.03,177.19,274.39,0.0,0.0,0.0,0.0,162557.7,-580200.4,391178.7,0.9494,179.903,818.0,-0.09363,-94.23985,0.0,0,-1.0,-1.0,-1.0,-1.0,-1.0,0.0,0.0,0.0,0.0
1791564267.53,2236112.1,1141.9,108671.7,108671.7,-816.9,968.9,1093.9,-43.87,89.03,177.19,274.38,0.0,0.0,0.0,0.0,162557.7,-580200.4,391178.7,0.9494,179.903,818.0,-0.09363,-94.24221,0.0,0,-1.0,-1.0,-1.0,-1.0,-1.0,0.0,0.0,0.0,0.0
1791564268.04,2236112.5,1142.4,108344.4,108344.4,-819.6,971.3,1096.0,-43.89,89.03,177.19,274.37,0.0,0.0,0.0,0.0,162557.7,-580200.4,391178.7,0.9494,179.903,818.0,-0.09363,-94.26575,0.0,0,-1.0,-1.0,-1.0,-1.0,-1.0,0.0,0.0,0.0,0.0
1791564268.54,2236113.0,1142.9,107933.8,107933.8,-822.9,974.2,1098.6,-43.91,89.03,177.19,274.35,0.0,0.0,0.0,0.0,162557.7,-580200.4,391178.7,0.9494,179.903,818.0,-0.09362,-94.29519,0.0,0,-1.0,-1.0,-1.0,-1.0,-1.0,0.0,0.0,0.0,0.0
1791564269.05,2236113.5,1143.4,107505.0,107505.0,-826.3,977.3,1101.4,-43.93,89.03,177.19,274.32,0.0,0.0,0.0,0.0,162557.7,-580200.4,391178.7,0.9494,179.903,818.0,-0.09361,-94.32584,0.0,0,-1.0,-1.0,-1.0,-1.0,-1.0,0.0,0.0,0.0,0.0
1791564269.55,2236114.0,1143.9,107107.6,107107.6,-829.6,980.2,1103.9,-43.96,89.03,177.19,274.3,0.0,0.0,0.0,0.0,162557.7,-580200.4,391178.7,0.9494,179.903,818.0,-0.0936,-94.35415,0.0,0,-1.0,-1.0,-1.0,-1.0,-1.0,0.0,0.0,0.0,0.0
1791564270.05,2236114.5,1144.4,106675.3,106675.3,-833.0,983.3,1106.6,-43.98,89.03,177.19,274.28,0.0,0.0,0.0,0.0,162557.7,-580200.4,391178.7,0.9494,179.903,818.0,-0.09359,-94.38485,0.0,0,-1.0,-1.0,-1.0,-1.0,-1.0,0.0,0.0,0.0,0.0
1791564270.55,2236115.0,1144.9,106258.0,106258.0,-836.4,986.3,1109.3,-44.0,89.03,177.19,274.26,0.0,0.0,0.0,0.0,162557.7,-580200.4,391178.7,0.9494,179.903,818.0,-0.09358,-94.4144,0.0,0,-1.0,-1.0,-1.0,-1.0,-1.0,0.0,0.0,0.0,0.0
1791564271.05,2236115.5,1145.4,105838.9,105838.9,-839.7,989.3,1111.9,-44.02,89.03,177.18,274.24,0.0,0.0,0.0,0.0,162557.7,-580200.4,391178.7,0.9494,179.903,818.0,-0.09357,-94.44397,0.0,0,-1.0,-1.0,-1.0,-1.0,-1.0,0.0,0.0,0.0,0.0
1791564271.56,2236116.0,1145.9,105418.2,105418.2,-843.1,992.3,1114.6,-44.04,89.03,177.18,274.22,0.0,0.0,0.0,0.0,162557.7,-580200.4,391178.7,0.9494,179.903,818.0,-0.09356,-94.47356,0.0,0,-1.0,-1.0,-1.0,-1.0,-1.0,0.0,0.0,0.0,0.0
1791564272.06,2236116.5,1146.4,104995.9,104995.9,-846.4,995.3,1117.2,-44.06,89.03,177.18,274.2,0.0,0.0,0.0,0.0,162557.7,-580200.4,391178.7,0.9494,179.903,818.0,-0.09355,-94.50319,0.0,0,-1.0,-1.0,-1.0,-1.0,-1.0,0.0,0.0,0.0,0.0
1791564272.56,2236117.0,1146.9,104571.8,104571.8,-849.8,998.4,1119.9,-44.08,89.03,177.18,274.18,0.0,0.0,0.0,0.0,162557.7,-580200.4,391178.7,0.9494,179.903,818.0,-0.09354,-94.53283,0.0,0,-1.0,-1.0,-1.0,-1.0,-1.0,0.0,0.0,0.0,0.0
1791564273.06,2236117.5,1147.4,104163.1,104163.1,-853.0,1001.3,1122.5,-44.1,89.03,177.18,274.15,0.0,0.0,0.0,0.0,162557.7,-580200.4,391178.7,0.9494,179.903,818.0,-0.09353,-94.56132,0.0,0,-1.0,-1.0,-1.0,-1.0,-1.0,0.0,0.0,0.0,0.0
1791564273.57,2236118.0,1147.9,103735.8,103735.8,-856.4,1004.3,1125.2,-44.12,89.03,177.18,274.13,0.0,0.0,0.0,0.0,162557.7,-580200.4,391178.7,0.9494,179.903,818.0,-0.09352,-94.59101,0.0,0,-1.0,-1.0,-1.0,-1.0,-1.0,0.0,0.0,0.0,0.0
1791564274.07,2236118.5,1148.4,103306.8,103306.8,-859.8,1007.4,1127.9,-44.15,89.03,177.18,274.11,0.0,0.0,0.0,0.0,162557.7,-580200.4,391178.7,0.9494,179.903,818.0,-0.09351,-94.62074,0.0,0,-1.0,-1.0,-1.0,-1.0,-1.0,0.0,0.0,0.0,0.0
1791564274.57,2236119.0,1148.9,102893.3,102893.3,-863.0,1010.3,1130.5,-44.17,89.03,177.18,274.09,0.0,0.0,0.0,0.0,162557.7,-580200.4,391178.7,0.9494,179.903,818.0,-0.0935,-94.64929,0.0,0,-1.0,-1.0,-1.0,-1.0,-1.0,0.0,0.0,0.0,0.0
1791564275.07,2236119.5,1149.4,102443.6,102443.6,-866.5,1013.5,1133.3,-44.19,89.03,177.18,274.07,0.0,0.0,0.0,0.0,162557.7,-580200.4,391178.7,0.9494,179.903,818.0,-0.09348,-94.68026,0.0,0,-1.0,-1.0,-1.0,-1.0,-1.0,0.0,0.0,0.0,0.0
1791564275.57,2236120.0,1149.9,102009.5,102009.5,-869.9,1016.5,1136.0,-44.21,89.03,177.18,274.05,0.0,0.0,0.0,0.0,162557.7,-580200.4,391178.7,0.9494,179.903,818.0,-0.09347,-94.71006,0.0,0,-1.0,-1.0,-1.0,-1.0,-1.0,0.0,0.0,0.0,0.0
1791564276.07,2236120.5,1150.4,101573.7,101573.7,-873.3,1019.6,1138.7,-44.23,89.03,177.18,274.03,0.0,0.0,0.0,0.0,162557.7,-580200.4,391178.7,0.9494,179.903,818.0,-0.09346,-94.73989,0.0,0,-1.0,-1.0,-1.0,-1.0,-1.0,0.0,0.0,0.0,0.0
1791564276.57,2236121.0,1150.9,101136.2,101136.2,-876.7,1022.7,1141.5,-44.25,89.03,177.18,274.0,0.0,0.0,0.0,0.0,162557.7,-580200.4,391178.7,0.9494,179.903,818.0,-0.09345,-94.76975,0.0,0,-1.0,-1.0,-1.0,-1.0,-1.0,0.0,0.0,0.0,0.0
1791564277.08,2236121.5,1151.4,100697.0,100697.0,-880.1,1025.7,1144.2,-44.27,89.03,177.18,273.98,0.0,0.0,0.0,0.0,162557.7,-580200.4,391178.7,0.9494,179.903,818.0,-0.09344,-94.79963,0.0,0,-1.0,-1.0,-1.0,-1.0,-1.0,0.0,0.0,0.0,0.0
1791564277.58,2236122.0,1151.9,100256.2,100256.2,-883.5,1028.8,1146.9,-44.3,89.03,177.18,273.96,0.0,0.0,0.0,0.0,162557.7,-580200.4,391178.7,0.9494,179.903,818.0,-0.09343,-94.82954,0.0,0,-1.0,-1.0,-1.0,-1.0,-1.0,0.0,0.0,0.0,0.0
1791564278.08,2236122.5,1152.4,99813.6,99813.6,-886.9,1031.9,1149.7,-44.32,89.03,177.18,273.94,0.0,0.0,0.0,0.02,162556.7,-580199.6,391178.6,0.9494,179.903,818.0,-0.09342,-94.85981,0.0,0,-1.0,-1.0,-1.0,-1.0,-1.0,0.0,0.0,0.0,0.0
1791564278.59,2236123.0,1152.9,99351.5,99351.5,-890.4,1035.2,1152.6,-44.35,89.03,177.18,273.92,0.0,0.0,0.0,0.0,162556.7,-580199.6,391178.6,0.9494,179.903,818.0,-0.09341,-94.89097,0.0,0,-1.0,-1.0,-1.0,-1.0,-1.0,0.0,0.0,0.0,0.0
1791564279.09,2236123.5,1153.4,98905.4,98905.4,-893.8,1038.3,1155.3,-44.38,89.03,177.18,273.9,0.0,0.0,0.0,0.0,162556.7,-580199.6,391178.6,0.9494,179.903,818.0,-0.0934,-94.92096,0.0,0,-1.0,-1.0,-1.0,-1.0,-1.0,0.0,0.0,0.0,0.0
1791564279.59,2236124.0,1153.9,98457.6,98457.6,-897.2,1041.4,1158.1,-44.41,89.02,177.18,273.87,0.0,0.0,0.0,0.0,162556.7,-580199.6,391178.6,0.9494,179.903,818.0,-0.09339,-94.95098,0.0,0,-1.0,-1.0,-1.0,-1.0,-1.0,0.0,0.0,0.0,0.0
1791564280.1,2236124.5,1154.4,97990.1,97990.1,-900.8,1044.6,1161.0,-44.44,89.02,177.17,273.85,0.0,0.0,0.0,0.0,162556.7,-580199.6,391178.6,0.9494,179.903,818.0,-0.09338,-94.98223,0.0,0,-1.0,-1.0,-1.0,-1.0,-1.0,0.0,0.0,0.0,0.0
1791564280.76,2236125.0,1155.1,97556.9,97556.9,-904.1,1047.6,1163.7,-44.47,89.02,177.17,273.83,0.0,0.0,0.0,0.0,162556.7,-580199.6,391178.6,0.9494,179.903,818.0,-0.09337,-95.01111,0.0,0,-1.0,-1.0,-1.0,-1.0,-1.0,0.0,0.0,0.0,0.0
1791564281.26,2236125.5,1155.6,97067.7,97067.7,-907.8,1051.0,1166.7,-44.51,89.02,177.17,273.81,0.0,0.0,0.0,0.0,162556.7,-580199.6,391178.6,0.9494,179.903,818.0,-0.09336,-95.04362,0.0,0,-1.0,-1.0,-1.0,-1.0,-1.0,0.0,0.0,0.0,0.0
1791564281.76,2236126.0,1156.1,96613.0,96613.0,-911.2,1054.2,1169.5,-44.54,89.02,177.17,273.78,0.0,0.0,0.0,0.0,162556.7,-580199.6,391178.6,0.9494,179.903,818.0,-0.09335,-95.07376,0.0,0,-1.0,-1.0,-1.0,-1.0,-1.0,0.0,0.0,0.0,0.0
1791564282.26,2236126.5,1156.6,96156.5,96156.5,-914.7,1057.3,1172.4,-44.57,89.02,177.17,273.76,0.0,0.0,0.0,0.0,162556.7,-580199.6,391178.6,0.9494,179.903,818.0,-0.09334,-95.10392,0.0,0,-1.0,-1.0,-1.0,-1.0,-1.0,0.0,0.0,0.0,0.0
1791564282.76,2236127.0,1157.1,95698.3,95698.3,-918.1,1060.5,1175.2,-44.6,89.02,177.17,273.74,0.0,0.0,0.0,0.0,162556.7,-580199.6,391178.6,0.9494,179.903,818.0,-0.09333,-95.13411,0.0,0,-1.0,-1.0,-1.0,-1.0,-1.0,0.0,0.0,0.0,0.0
1791564283.27,2236127.5,1157.6,95238.4,95238.4,-921.6,1063.6,1178.0,-44.63,89.02,177.17,273.72,0.0,0.0,0.0,0.0,162556.7,-580199.6,391178.6,0.9494,179.903,818.0,-0.09332,-95.16433,0.0,0,-1.0,-1.0,-1.0,-1.0,-1.0,0.0,0.0,0.0,0.0
1791564283.77,2236128.0,1158.1,94776.7,94776.7,-925.0,1066.8,1180.8,-44.66,89.02,177.17,273.7,0.0,0.0,0.0,0.0,162556.7,-580199.6,391178.6,0.9494,179.903,818.0,-0.09331,-95.19458,0.0,0,-1.0,-1.0,-1.0,-1.0,-1.0,0.0,0.0,0.0,0.0
1791564284.27,2236128.5,1158.6,94313.3,94313.4,-928.5,1070.0,1183.7,-44.69,89.02,177.17,273.68,0.0,0.0,0.0,0.0,162556.7,-580199.6,391178.6,0.9494,179.903,818.0,-0.09329,-95.22486,0.0,0,-1.0,-1.0,-1.0,-1.0,-1.0,0.0,0.0,0.0,0.0
1791564284.77,2236129.1,1159.1,93848.2,93848.2,-931.9,1073.2,1186.5,-44.72,89.02,177.17,273.65,0.0,0.0,0.0,0.0,162556.7,-580199.6,391178.6,0.9494,179.903,818.0,-0.09328,-95.25517,0.0,0,-1.0,-1.0,-1.0,-1.0,-1.0,0.0,0.0,0.0,0.0
1791564285.27,2236129.6,1159.6,93381.4,93381.4,-935.4,1076.3,1189.4,-44.75,89.02,177.17,273.63,0.0,0.0,0.0,0.0,162556.7,-580199.6,391178.6,0.9494,179.903,818.0,-0.09327,-95.28551,0.0,0,-1.0,-1.0,-1.0,-1.0,-1.0,0.0,0.0,0.0,0.0
1791564285.78,2236130.1,1160.1,92894.1,92894.1,-939.0,1079.7,1192.4,-44.78,89.02,177.17,273.61,0.0,0.0,0.0,0.0,162556.7,-580199.6,391178.6,0.9494,179.903,818.0,-0.09326,-95.31709,0.0,0,-1.0,-1.0,-1.0,-1.0,-1.0,0.0,0.0,0.0,0.0
1791564286.28,2236130.6,1160.6,92423.7,92423.7,-942.5,1082.9,1195.3,-44.81,89.02,177.17,273.59,0.0,0.0,0.0,0.0,162556.7,-580199.6,391178.6,0.9494,179.903,818.0,-0.09325,-95.34749,0.0,0,-1.0,-1.0,-1.0,-1.0,-1.0,0.0,0.0,0.0,0.0
1791564286.78,2236131.1,1161.1,91970.5,91970.5,-945.8,1085.9,1198.0,-44.84,89.02,177.16,273.56,0.0,0.0,0.0,0.0,162556.7,-580199.6,391178.6,0.9494,179.903,818.0,-0.09324,-95.3767,0.0,0,-1.0,-1.0,-1.0,-1.0,-1.0,0.0,0.0,0.0,0.0
1791564287.28,2236131.6,1161.6,91477.7,91477.7,-949.5,1089.3,1201.0,-44.87,89.02,177.16,273.54,0.0,0.0,0.0,0.0,162556.7,-580199.6,391178.6,0.9494,179.903,818.0,-0.09323,-95.40838,0.0,0,-1.0,-1.0,-1.0,-1.0,-1.0,0.0,0.0,0.0,0.0
1791564287.78,2236132.0,1162.1,91021.2,91021.2,-952.8,1092.4,1203.8,-44.9,89.02,177.16,273.52,0.0,0.0,0.0,0.0,162556.7,-580199.6,391178.6,0.9494,179.903,818.0,-0.09322,-95.43765,0.0,0,-1.0,-1.0,-1.0,-1.0,-1.0,0.0,0.0,0.0,0.0
1791564288.29,2236132.6,1162.6,90524.8,90524.8,-956.4,1095.7,1206.9,-44.93,89.02,177.16,273.5,0.0,0.0,0.0,0.0,162556.7,-580199.6,391178.5,0.9494,179.903,818.0,-0.09321,-95.46939,0.0,0,-1.0,-1.0,-1.0,-1.0,-1.0,0.0,0.0,0.0,0.0
1791564288.79,2236133.1,1163.1,90045.7,90045.7,-959.9,1099.0,1209.8,-44.96,89.02,177.16,273.48,0.0,0.0,0.0,0.0,162556.7,-580199.6,391178.5,0.9494,179.903,818.0,-0.0932,-95.49994,0.0,0,-1.0,-1.0,-1.0,-1.0,-1.0,0.0,0.0,0.0,0.0
1791564289.29,2236133.6,1163.6,89564.8,89564.8,-963.4,1102.2,1212.7,-44.99,89.02,177.16,273.45,0.0,0.0,0.0,0.0,162556.7,-580199.6,391178.5,0.9494,179.903,818.0,-0.09319,-95.53052,0.0,0,-1.0,-1.0,-1.0,-1.0,-1.0,0.0,0.0,0.0,0.0
1791564289.79,2236134.1,1164.1,89082.2,89082.2,-966.9,1105.5,1215.6,-45.02,89.02,177.16,273.43,0.0,0.0,0.0,0.0,162556.7,-580199.6,391178.5,0.9494,179.903,818.0,-0.09317,-95.56113,0.0,0,-1.0,-1.0,-1.0,-1.0,-1.0,0.0,0.0,0.0,0.0
1791564290.3,2236134.6,1164.6,88597.9,88597.9,-970.5,1108.7,1218.6,-45.05,89.01,177.16,273.41,0.0,0.0,0.0,0.0,162556.7,-580199.6,391178.5,0.9494,179.903,818.0,-0.09316,-95.59178,0.0,0,-1.0,-1.0,-1.0,-1.0,-1.0,0.0,0.0,0.0,0.0
1791564290.8,2236135.1,1165.1,88111.8,88111.8,-974.0,1112.0,1221.5,-45.08,89.01,177.16,273.39,0.0,0.0,0.0,0.0,162556.7,-580199.6,391178.5,0.9494,179.903,818.0,-0.09315,-95.62245,0.0,0,-1.0,-1.0,-1.0,-1.0,-1.0,0.0,0.0,0.0,0.0
1791564291.3,2236135.6,1165.6,87623.9,87623.9,-977.5,1115.3,1224.5,-45.11,89.01,177.16,273.36,0.0,0.0,0.0,0.0,162556.7,-580199.6,391178.5,0.9494,179.903,818.0,-0.09314,-95.65316,0.0,0,-1.0,-1.0,-1.0,-1.0,-1.0,0.0,0.0,0.0,0.0
1791564291.8,2236136.1,1166.1,87134.3,87134.3,-981.0,1118.5,1227.4,-45.15,89.01,177.16,273.34,0.0,0.0,0.0,0.0,162556.7,-580199.6,391178.5,0.9494,179.903,818.0,-0.09313,-95.6839,0.0,0,-1.0,-1.0,-1.0,-1.0,-1.0,0.0,0.0,0.0,0.0
1791564292.3,2236136.6,1166.6,86642.9,86642.9,-984.6,1121.8,1230.4,-45.18,89.01,177.16,273.32,0.0,0.0,0.0,0.0,162556.6,-580199.6,391178.5,0.9494,179.903,818.0,-0.09312,-95.71467,0.0,0,-1.0,-1.0,-1.0,-1.0,-1.0,0.0,0.0,0.0,0.0
1791564292.8,2236137.1,1167.1,86149.7,86149.7,-988.1,1125.1,1233.4,-45.21,89.01,177.16,273.3,0.0,0.0,0.0,0.0,162556.6,-580199.6,391178.5,0.9494,179.903,818.0,-0.09311,-95.74547,0.0,0,-1.0,-1.0,-1.0,-1.0,-1.0,0.0,0.0,0.0,0.0
1791564293.31,2236137.6,1167.6,85654.8,85654.8,-991.6,1128.4,1236.4,-45.24,89.01,177.16,273.27,0.0,0.0,0.0,0.0,162556.6,-580199.6,391178.5,0.9494,179.903,818.0,-0.0931,-95.77631,0.0,0,-1.0,-1.0,-1.0,-1.0,-1.0,0.0,0.0,0.0,0.0
1791564293.81,2236138.1,1168.2,85138.2,85138.2,-995.3,1131.8,1239.5,-45.27,89.01,177.15,273.25,0.0,0.0,0.0,0.0,162556.6,-580199.6,391178.5,0.9494,179.903,818.0,-0.09308,-95.80841,0.0,0,-1.0,-1.0,-1.0,-1.0,-1.0,0.0,0.0,0.0,0.0
1791564294.31,2236138.5,1168.7,84699.5,84699.5,-998.5,1134.8,1242.1,-45.3,89.01,177.15,273.23,0.0,0.0,0.0,0.0,162556.6,-580199.6,391178.5,0.9494,179.903,818.0,-0.09307,-95.8356,0.0,0,-1.0,-1.0,-1.0,-1.0,-1.0,0.0,0.0,0.0,0.0
1791564294.81,2236139.0,1169.2,84199.4,84199.4,-1002.0,1138.1,1245.1,-45.33,89.01,177.15,273.21,0.0,0.0,0.0,0.0,162556.6,-580199.6,391178.5,0.9494,179.903,818.0,-0.09306,-95.86653,0.0,0,-1.0,-1.0,-1.0,-1.0,-1.0,0.0,0.0,0.0,0.0
1791564295.32,2236139.5,1169.7,83697.5,83697.5,-1005.6,1141.4,1248.1,-45.36,89.01,177.15,273.19,0.0,0.0,0.0,0.0,162556.6,-580199.6,391178.5,0.9494,179.903,818.0,-0.09305,-95.8975,0.0,0,-1.0,-1.0,-1.0,-1.0,-1.0,0.0,0.0,0.0,0.0
1791564295.82,2236140.0,1170.2,83193.8,83193.8,-1009.1,1144.7,1251.2,-45.39,89.01,177.15,273.16,0.0,0.0,0.0,0.0,162556.6,-580199.6,391178.5,0.9494,179.903,818.0,-0.09304,-95.92849,0.0,0,-1.0,-1.0,-1.0,-1.0,-1.0,0.0,0.0,0.0,0.0
1791564296.32,2236140.5,1170.7,82688.4,82688.4,-1012.7,1148.1,1254.2,-45.42,89.01,177.15,273.14,0.0,0.0,0.0,0.0,162556.6,-580199.6,391178.5,0.9494,179.903,818.0,-0.09303,-95.95952,0.0,0,-1.0,-1.0,-1.0,-1.0,-1.0,0.0,0.0,0.0,0.0
1791564296.83,2236141.0,1171.2,82160.8,82160.8,-1016.4,1151.5,1257.3,-45.45,89.01,177.15,273.12,0.0,0.0,0.0,0.0,162556.6,-580199.6,391178.5,0.9494,179.903,818.0,-0.09302,-95.99183,0.0,0,-1.0,-1.0,-1.0,-1.0,-1.0,0.0,0.0,0.0,0.0
1791564297.33,2236141.5,1171.7,81651.7,81651.7,-1020.0,1154.9,1260.4,-45.48,89.01,177.15,273.09,0.0,0.0,0.0,0.0,162556.6,-580199.6,391178.5,0.9494,179.903,818.0,-0.09301,-96.02293,0.0,0,-1.0,-1.0,-1.0,-1.0,-1.0,0.0,0.0,0.0,0.0
1791564297.83,2236142.0,1172.2,81140.8,81140.8,-1023.6,1158.3,1263.5,-45.52,89.01,177.15,273.07,0.0,0.0,0.0,0.0,162556.6,-580199.6,391178.5,0.9494,179.903,818.0,-0.09299,-96.05406,0.0,0,-1.0,-1.0,-1.0,-1.0,-1.0,0.0,0.0,0.0,0.0
1791564298.34,2236142.6,1172.7,80628.1,80628.1,-1027.2,1161.6,1266.5,-45.55,89.01,177.15,273.05,0.0,0.0,0.0,0.0,162556.6,-580199.6,391178.5,0.9494,179.903,818.0,-0.09298,-96.08523,0.0,0,-1.0,-1.0,-1.0,-1.0,-1.0,0.0,0.0,0.0,0.0
1791564298.84,2236143.1,1173.2,80093.0,80093.0,-1030.9,1165.1,1269.7,-45.58,89.01,177.15,273.02,0.0,0.0,0.0,0.0,162556.6,-580199.6,391178.5,0.9494,179.903,818.0,-0.09297,-96.11768,0.0,0,-1.0,-1.0,-1.0,-1.0,-1.0,0.0,0.0,0.0,0.0
1791564299.34,2236143.6,1173.7,79576.6,79576.6,-1034.5,1168.5,1272.8,-45.61,89.01,177.15,273.0,0.0,0.0,0.0,0.0,162556.6,-580199.6,391178.5,0.9494,179.903,818.0,-0.09296,-96.14892,0.0,0,-1.0,-1.0,-1.0,-1.0,-1.0,0.0,0.0,0.0,0.0
1791564299.84,2236144.1,1174.2,79058.4,79058.4,-1038.1,1171.9,1275.9,-45.64,89.01,177.14,272.98,0.0,0.0,0.0,0.0,162556.6,-580199.6,391178.5,0.9494,179.903,818.0,-0.09295,-96.18019,0.0,0,-1.0,-1.0,-1.0,-1.0,-1.0,0.0,0.0,0.0,0.0
1791564300.34,2236144.6,1174.7,78538.5,78538.4,-1041.8,1175.3,1279.0,-45.67,89.0,177.14,272.96,0.0,0.0,0.0,0.0,162556.6,-580199.6,391178.5,0.9494,179.903,818.0,-0.09294,-96.2115,0.0,0,-1.0,-1.0,-1.0,-1.0,-1.0,0.0,0.0,0.0,0.0
1791564300.84,2236145.1,1175.2,78016.7,78016.7,-1045.4,1178.7,1282.1,-45.7,89.0,177.14,272.93,0.0,0.0,0.0,0.0,162556.6,-580199.6,391178.5,0.9494,179.903,818.0,-0.09292,-96.24285,0.0,0,-1.0,-1.0,-1.0,-1.0,-1.0,0.0,0.0,0.0,0.0
1791564301.35,2236145.6,1175.7,77493.1,77493.1,-1049.0,1182.1,1285.2,-45.74,89.0,177.14,272.91,0.0,0.0,0.0,0.0,162556.6,-580199.6,391178.5,0.9494,179.903,818.0,-0.09291,-96.27423,0.0,0,-1.0,-1.0,-1.0,-1.0,-1.0,0.0,0.0,0.0,0.0
1791564301.85,2236146.1,1176.2,76967.7,76967.7,-1052.6,1185.5,1288.3,-45.77,89.0,177.14,272.89,0.0,0.0,0.0,0.0,162556.6,-580199.6,391178.5,0.9494,179.903,818.0,-0.0929,-96.30564,0.0,0,-1.0,-1.0,-1.0,-1.0,-1.0,0.0,0.0,0.0,0.0
1791564302.35,2236146.6,1176.7,76440.4,76440.4,-1056.3,1189.0,1291.4,-45.8,89.0,177.14,272.86,0.0,0.0,0.0,0.0,162556.6,-580199.6,391178.5,0.9494,179.903,818.0,-0.09289,-96.33709,0.0,0,-1.0,-1.0,-1.0,-1.0,-1.0,0.0,0.0,0.0,0.0
1791564302.85,2236147.1,1177.2,75911.4,75911.4,-1059.9,1192.4,1294.6,-45.83,89.0,177.14,272.84,0.0,0.0,0.0,0.0,162556.6,-580199.6,391178.5,0.9494,179.903,818.0,-0.09288,-96.36858,0.0,0,-1.0,-1.0,-1.0,-1.0,-1.0,0.0,0.0,0.0,0.0
1791564303.35,2236147.6,1177.7,75380.5,75380.5,-1063.6,1195.8,1297.7,-45.86,89.0,177.14,272.82,0.0,0.0,0.0,0.0,162556.6,-580199.6,391178.5,0.9494,179.903,818.0,-0.09286,-96.4001,0.0,0,-1.0,-1.0,-1.0,-1.0,-1.0,0.0,0.0,0.0,0.0
1791564303.85,2236148.1,1178.2,74847.8,74847.8,-1067.2,1199.3,1300.9,-45.89,89.0,177.14,272.79,0.0,0.0,0.0,0.0,162556.6,-580199.6,391178.5,0.9494,179.903,818.0,-0.09285,-96.43166,0.0,0,-1.0,-1.0,-1.0,-1.0,-1.0,0.0,0.0,0.0,0.0
1791564304.36,2236148.6,1178.7,74313.3,74313.3,-1070.9,1202.7,1304.0,-45.93,89.0,177.14,272.77,0.0,0.0,0.0,0.0,162556.6,-580199.6,391178.5,0.9494,179.903,818.0,-0.09284,-96.46326,0.0,0,-1.0,-1.0,-1.0,-1.0,-1.0,0.0,0.0,0.0,0.0
1791564304.86,2236149.1,1179.2,73755.5,73755.4,-1074.7,1206.3,1307.3,-45.96,89.0,177.14,272.75,0.0,0.0,0.0,0.0,162556.6,-580199.6,391178.5,0.9494,179.903,818.0,-0.09283,-96.49615,0.0,0,-1.0,-1.0,-1.0,-1.0,-1.0,0.0,0.0,0.0,0.0
1791564305.36,2236149.6,1179.7,73217.2,73217.2,-1078.4,1209.8,1310.5,-45.99,89.0,177.14,272.72,0.0,0.0,0.0,0.0,162556.6,-580199.6,391178.5,0.9494,179.903,818.0,-0.09282,-96.52783,0.0,0,-1.0,-1.0,-1.0,-1.0,-1.0,0.0,0.0,0.0,0.0
1791564305.86,2236150.1,1180.2,72677.1,72677.1,-1082.0,1213.3,1313.7,-46.02,89.0,177.14,272.7,0.0,0.0,0.0,0.0,162556.6,-580199.6,391178.5,0.9494,179.903,818.0,-0.0928,-96.55954,0.0,0,-1.0,-1.0,-1.0,-1.0,-1.0,0.0,0.0,0.0,0.0
1791564306.37,2236150.6,1180.7,72135.2,72135.1,-1085.7,1216.8,1316.9,-46.05,89.0,177.13,272.68,0.0,0.0,0.0,0.0,162556.6,-580199.6,391178.5,0.9494,179.903,818.0,-0.09279,-96.59128,0.0,0,-1.0,-1.0,-1.0,-1.0,-1.0,0.0,0.0,0.0,0.0
1791564306.87,2236151.1,1181.2,71591.4,71591.4,-1089.4,1220.3,1320.1,-46.08,89.0,177.13,272.65,0.0,0.0,0.0,0.0,162556.6,-580199.6,391178.5,0.9494,179.903,818.0,-0.09278,-96.62307,0.0,0,-1.0,-1.0,-1.0,-1.0,-1.0,0.0,0.0,0.0,0.0
1791564307.37,2236151.6,1181.7,71045.7,71045.7,-1093.1,1223.8,1323.3,-46.12,89.0,177.13,272.63,0.0,0.0,0.0,0.0,162556.6,-580199.6,391178.5,0.9494,179.903,818.0,-0.09277,-96.65489,0.0,0,-1.0,-1.0,-1.0,-1.0,-1.0,0.0,0.0,0.0,0.0
1791564307.88,2236152.1,1182.2,70498.3,70498.3,-1096.8,1227.3,1326.5,-46.15,89.0,177.13,272.61,0.0,0.0,0.0,0.0,162556.6,-580199.6,391178.5,0.9494,179.903,818.0,-0.09276,-96.68675,0.0,0,-1.0,-1.0,-1.0,-1.0,-1.0,0.0,0.0,0.0,0.0
1791564308.38,2236152.6,1182.7,69948.9,69948.9,-1100.5,1230.8,1329.8,-46.18,89.0,177.13,272.58,0.0,2e-06,0.0,0.0,162556.5,-580199.6,391178.5,0.9494,179.903,818.0,-0.09274,-96.71865,0.0,0,-1.0,-1.0,-1.0,-1.0,-1.0,0.0,0.0,0.0,0.0
1791564308.89,2236153.1,1183.2,69375.6,69375.6,-1104.4,1234.4,1333.1,-46.21,89.0,177.13,272.56,0.19,0.000254,0.0,0.0,162556.4,-580199.6,391178.4,0.9494,179.903,818.0,-0.09273,-96.75187,0.0,0,-1.0,-1.0,-1.0,-1.0,-1.0,0.0,0.0,0.0,0.0
1791564309.39,2236153.6,1183.7,68822.5,68822.5,-1108.1,1238.0,1336.4,-46.25,89.0,177.13,272.53,0.68,0.000883,0.0,0.0,162556.0,-580199.6,391178.2,0.9494,179.903,818.0,-0.09272,-96.78384,0.0,0,-1.0,-1.0,-1.0,-1.0,-1.0,0.0,0.0,0.0,0.0
1791564309.89,2236154.1,1184.2,68267.5,68267.5,-1111.8,1241.5,1339.6,-46.29,88.99,177.13,272.51,1.46,0.001857,0.1,0.0,162555.2,-580199.8,391177.7,0.9494,179.903,818.0,-0.09271,-96.81586,0.0,0,-1.0,-1.0,-1.0,-1.0,-1.0,0.0,0.0,0.0,0.0
1791564310.4,2236154.4,1184.7,67889.0,67889.0,-1114.3,1243.9,1341.8,-46.32,88.99,177.13,272.49,2.14,0.002701,0.1,0.0,162554.3,-580200.0,391177.1,0.9494,179.903,818.0,-0.0927,-96.83766,0.0,0,-1.0,-1.0,-1.0,-1.0,-1.0,0.0,0.0,0.0,0.0
1791564310.9,2236154.9,1185.2,67330.9,67330.9,-1118.0,1247.4,1345.1,-46.36,88.99,177.13,272.47,3.35,0.004187,0.2,0.0,162552.4,-580200.5,391176.0,0.9494,179.903,818.0,-0.09268,-96.86974,0.0,0,-1.0,-1.0,-1.0,-1.0,-1.0,0.0,0.0,0.0,0.0
1791564311.4,2236155.4,1185.7,66770.9,66770.9,-1121.8,1251.0,1348.3,-46.41,88.99,177.13,272.45,4.8,0.00594,0.3,0.0,162549.8,-580201.1,391174.3,0.9494,179.903,818.0,-0.09267,-96.90186,0.0,0,-1.0,-1.0,-1.0,-1.0,-1.0,0.0,0.0,0.0,0.0
1791564311.9,2236156.0,1186.2,66209.0,66209.0,-1125.5,1254.5,1351.6,-46.46,88.99,177.13,272.42,6.54,0.00793,0.4,0.0,162546.2,-580201.9,391172.2,0.9494,179.903,818.0,-0.09266,-96.93403,0.0,0,-1.0,-1.0,-1.0,-1.0,-1.0,0.0,0.0,0.0,0.0
1791564312.4,2236156.5,1186.7,65645.3,65645.3,-1129.2,1258.1,1354.9,-46.52,88.99,177.13,272.4,8.41,0.010127,0.6,0.01,162541.6,-580203.0,391169.3,0.9494,179.903,818.0,-0.09265,-96.96623,0.0,0,-1.0,-1.0,-1.0,-1.0,-1.0,0.0,0.0,0.0,0.0
1791564312.91,2236157.0,1187.3,65057.0,65057.0,-1133.1,1261.8,1358.3,-46.58,88.99,177.13,272.37,10.47,0.012603,0.7,0.01,162535.7,-580204.4,391165.6,0.9494,179.903,818.0,-0.09263,-96.99976,0.0,0,-1.0,-1.0,-1.0,-1.0,-1.0,0.0,0.0,0.0,0.0
1791564313.41,2236157.5,1187.8,64489.5,64489.5,-1136.8,1265.3,1361.6,-46.63,88.99,177.13,272.35,12.7,0.015137,0.9,0.01,162528.7,-580206.0,391161.4,0.9494,179.903,818.0,-0.09262,-97.03204,0.0,0,-1.0,-1.0,-1.0,-1.0,-1.0,0.0,0.0,0.0,0.0
1791564313.91,2236158.0,1188.3,63920.1,63920.1,-1140.6,1268.9,1364.8,-46.69,88.99,177.12,272.33,15.09,0.017793,1.0,0.01,162520.5,-580207.9,391156.3,0.9494,179.903,817.9,-0.09261,-97.06437,0.0,0,-1.0,-1.0,-1.0,-1.0,-1.0,0.0,0.0,0.0,0.0
1791564314.41,2236158.5,1188.8,63348.9,63348.9,-1144.3,1272.4,1368.1,-46.76,88.99,177.12,272.3,17.62,0.020543,1.2,0.01,162511.0,-580210.1,391150.4,0.9494,179.903,817.9,-0.0926,-97.09673,0.0,0,-1.0,-1.0,-1.0,-1.0,-1.0,0.0,0.0,0.0,0.0
1791564314.92,2236159.0,1189.3,62775.7,62775.7,-1148.0,1276.0,1371.4,-46.82,88.99,177.12,272.28,20.29,0.023361,1.4,0.01,162500.1,-580212.7,391143.7,0.9494,179.903,817.9,-0.09258,-97.12913,0.0,0,-1.0,-1.0,-1.0,-1.0,-1.0,0.0,0.0,0.0,0.0
1791564315.42,2236159.5,1189.8,62200.7,62200.7,-1151.8,1279.5,1374.7,-46.89,88.99,177.12,272.25,23.07,0.026221,1.5,0.01,162487.8,-580215.5,391136.2,0.9494,179.903,817.9,-0.09257,-97.16158,0.0,0,-1.0,-1.0,-1.0,-1.0,-1.0,0.0,0.0,0.0,0.0
1791564315.92,2236160.0,1190.3,61600.8,61600.8,-1155.7,1283.2,1378.1,-46.96,88.99,177.12,272.23,26.24,0.029414,1.7,0.02,162473.6,-580218.8,391127.4,0.9494,179.902,817.8,-0.09256,-97.19536,0.0,0,-1.0,-1.0,-1.0,-1.0,-1.0,0.0,0.0,0.0,0.0
1791564316.42,2236160.5,1190.8,61022.0,61022.0,-1159.4,1286.8,1381.3,-47.03,88.99,177.12,272.2,29.67,0.032829,1.9,0.02,162458.3,-580222.3,391118.0,0.9494,179.902,817.8,-0.09254,-97.22789,0.0,0,-1.0,-1.0,-1.0,-1.0,-1.0,0.0,0.0,0.0,0.0
1791564316.93,2236161.0,1191.3,60441.3,60441.3,-1163.1,1290.3,1384.6,-47.11,88.99,177.12,272.18,33.54,0.036636,2.2,0.02,162441.2,-580226.2,391107.5,0.9494,179.902,817.8,-0.09253,-97.26045,0.0,0,-1.0,-1.0,-1.0,-1.0,-1.0,0.0,0.0,0.0,0.0
1791564317.43,2236161.5,1191.8,59858.8,59858.8,-1166.8,1293.9,1387.9,-47.2,88.99,177.12,272.16,37.9,0.040888,2.5,0.02,162422.3,-580230.5,391095.9,0.9495,179.902,817.7,-0.09252,-97.29306,0.0,0,-1.0,-1.0,-1.0,-1.0,-1.0,0.0,0.0,0.0,0.0
1791564317.93,2236162.0,1192.3,59274.4,59274.4,-1170.6,1297.4,1391.2,-47.29,88.99,177.12,272.13,42.78,0.045635,2.8,0.02,162401.2,-580235.3,391083.0,0.9495,179.902,817.7,-0.0925,-97.3257,0.0,0,-1.0,-1.0,-1.0,-1.0,-1.0,0.0,0.0,0.0,0.0
1791564318.43,2236162.5,1192.8,58688.1,58688.1,-1174.3,1301.0,1394.4,-47.39,88.99,177.12,272.11,48.23,0.050931,3.1,0.03,162377.8,-580240.6,391068.6,0.9495,179.902,817.7,-0.09249,-97.35839,0.0,0,-1.0,-1.0,-1.0,-1.0,-1.0,0.0,0.0,0.0,0.0
1791564318.93,2236163.0,1193.3,58100.0,58100.0,-1178.0,1304.5,1397.7,-47.5,88.99,177.12,272.08,54.26,0.056827,3.5,0.03,162351.8,-580246.4,391052.7,0.9495,179.902,817.6,-0.09248,-97.39112,0.0,0,-1.0,-1.0,-1.0,-1.0,-1.0,0.0,0.0,0.0,0.0
1791564319.44,2236163.4,1193.8,57580.9,57580.9,-1181.3,1307.6,1400.6,-47.6,89.0,177.12,272.06,60.07,0.062551,3.8,0.03,162326.5,-580252.1,391037.2,0.9495,179.902,817.6,-0.09247,-97.41995,0.0,0,-1.0,-1.0,-1.0,-1.0,-1.0,0.0,0.0,0.0,0.0
1791564319.94,2236163.9,1194.3,56989.3,56989.3,-1185.0,1311.1,1403.8,-47.72,89.0,177.12,272.04,67.15,0.06957,4.3,0.04,162294.7,-580259.3,391017.7,0.9495,179.902,817.5,-0.09245,-97.45275,0.0,0,-1.0,-1.0,-1.0,-1.0,-1.0,0.0,0.0,0.0,0.0
1791564320.44,2236164.4,1194.8,56395.9,56395.9,-1188.7,1314.6,1407.1,-47.84,89.0,177.12,272.01,74.91,0.077244,4.8,0.04,162259.3,-580267.2,390996.1,0.9495,179.902,817.4,-0.09244,-97.48559,0.0,0,-1.0,-1.0,-1.0,-1.0,-1.0,0.0,0.0,0.0,0.0
1791564320.95,2236164.9,1195.3,55800.6,55800.6,-1192.4,1318.1,1410.3,-47.98,89.0,177.12,271.99,83.44,0.085621,5.4,0.04,162219.9,-580276.0,390971.9,0.9496,179.902,817.4,-0.09243,-97.51847,0.0,0,-1.0,-1.0,-1.0,-1.0,-1.0,0.0,0.0,0.0,0.0
1791564321.45,2236165.4,1195.8,55203.4,55203.4,-1196.0,1321.6,1413.5,-48.12,89.0,177.12,271.96,92.83,0.094815,6.1,0.05,162176.0,-580285.8,390945.1,0.9496,179.902,817.3,-0.09241,-97.55139,0.0,0,-1.0,-1.0,-1.0,-1.0,-1.0,0.0,0.0,0.0,0.0
1791564321.95,2236165.9,1196.3,54604.5,54604.5,-1199.7,1325.1,1416.7,-48.28,89.0,177.12,271.94,103.24,0.104954,6.8,0.05,162127.3,-580296.6,390915.3,0.9496,179.902,817.2,-0.0924,-97.58435,0.0,0,-1.0,-1.0,-1.0,-1.0,-1.0,0.0,0.0,0.0,0.0
1791564322.45,2236166.4,1196.8,54003.7,54003.7,-1203.3,1328.5,1419.9,-48.45,89.0,177.13,271.91,114.8,0.116168,7.6,0.06,162073.2,-580308.6,390882.3,0.9496,179.902,817.1,-0.09238,-97.61734,0.0,0,-1.0,-1.0,-1.0,-1.0,-1.0,0.0,0.0,0.0,0.0
1791564322.95,2236166.9,1197.3,53401.1,53401.1,-1207.0,1332.0,1423.0,-48.64,89.0,177.13,271.89,127.65,0.128582,8.4,0.07,162013.1,-580321.9,390845.6,0.9497,179.902,817.0,-0.09237,-97.65038,0.0,0,-1.0,-1.0,-1.0,-1.0,-1.0,0.0,0.0,0.0,0.0
1791564323.45,2236167.4,1197.8,52796.6,52796.6,-1210.6,1335.4,1426.2,-48.85,89.0,177.13,271.86,142.51,0.142319,9.4,0.07,161946.5,-580336.7,390804.9,0.9497,179.902,816.8,-0.09236,-97.68345,0.0,0,-1.0,-1.0,-1.0,-1.0,-1.0,0.0,0.0,0.0,0.0
1791564323.96,2236167.9,1198.3,52166.1,52166.1,-1214.3,1338.9,1429.4,-49.07,89.0,177.13,271.84,158.45,0.158139,10.6,0.08,161869.6,-580353.7,390757.9,0.9497,179.902,816.7,-0.09234,-97.71788,0.0,0,-1.0,-1.0,-1.0,-1.0,-1.0,0.0,0.0,0.0,0.0
1791564324.46,2236168.4,1198.8,51558.1,51558.1,-1217.8,1342.2,1432.5,-49.32,89.01,177.13,271.81,176.07,0.174949,11.8,0.09,161787.4,-580371.8,390707.8,0.9498,179.902,816.5,-0.09233,-97.75102,0.0,0,-1.0,-1.0,-1.0,-1.0,-1.0,0.0,0.0,0.0,0.0
1791564324.96,2236168.9,1199.3,50948.2,50948.2,-1221.4,1345.5,1435.5,-49.58,89.01,177.13,271.79,195.54,0.193445,13.2,0.1,161696.6,-580392.0,390652.3,0.9498,179.902,816.4,-0.09231,-97.7842,0.0,0,-1.0,-1.0,-1.0,-1.0,-1.0,0.0,0.0,0.0,0.0
1791564325.46,2236169.4,1199.8,50336.6,50336.6,-1224.9,1348.8,1438.5,-49.87,89.01,177.13,271.76,217.0,0.213741,14.7,0.11,161596.1,-580414.3,390590.9,0.9499,179.902,816.2,-0.0923,-97.81741,0.0,0,-1.0,-1.0,-1.0,-1.0,-1.0,0.0,0.0,0.0,0.0
1791564325.96,2236169.9,1200.3,49723.3,49723.3,-1228.3,1352.0,1441.4,-50.19,89.01,177.14,271.74,240.57,0.235951,16.3,0.12,161485.1,-580438.9,390523.1,0.9499,179.902,816.0,-0.09228,-97.85065,0.0,0,-1.0,-1.0,-1.0,-1.0,-1.0,0.0,0.0,0.0,0.0
1791564326.47,2236170.4,1200.8,49108.3,49108.2,-1231.7,1355.1,1444.3,-50.53,89.01,177.14,271.71,266.38,0.260178,18.2,0.13,161362.8,-580466.2,390448.3,0.95,179.902,815.7,-0.09227,-97.88393,0.0,0,-1.0,-1.0,-1.0,-1.0,-1.0,0.0,0.0,0.0,0.0
1791564326.97,2236170.9,1201.3,48491.5,48491.5,-1235.1,1358.3,1447.2,-50.9,89.01,177.14,271.69,294.55,0.286514,20.2,0.15,161228.2,-580496.4,390365.9,0.95,179.901,815.5,-0.09225,-97.91723,0.0,0,-1.0,-1.0,-1.0,-1.0,-1.0,0.0,0.0,0.0,0.0
1791564327.47,2236171.4,1201.8,47873.1,47873.1,-1238.4,1361.3,1450.0,-51.3,89.01,177.14,271.66,325.39,0.315253,22.4,0.16,161080.2,-580529.7,390275.2,0.9501,179.901,815.2,-0.09224,-97.95056,0.0,0,-1.0,-1.0,-1.0,-1.0,-1.0,0.0,0.0,0.0,0.0
1791564327.97,2236171.9,1202.3,47253.0,47253.0,-1241.7,1364.3,1452.7,-51.72,89.01,177.14,271.64,359.26,0.346728,24.8,0.18,160917.6,-580566.6,390175.5,0.9502,179.901,814.9,-0.09222,-97.98392,0.0,0,-1.0,-1.0,-1.0,-1.0,-1.0,0.0,0.0,0.0,0.0
1791564328.47,2236172.5,1202.8,46631.4,46631.3,-1244.9,1367.2,1455.3,-52.19,89.01,177.15,271.61,398.04,0.381266,27.5,0.2,160739.1,-580607.3,390065.9,0.9503,179.901,814.5,-0.09221,-98.0173,0.0,0,-1.0,-1.0,-1.0,-1.0,-1.0,0.0,0.0,0.0,0.0
1791564328.98,2236173.0,1203.3,45983.1,45983.1,-1248.2,1370.1,1458.0,-52.72,89.01,177.15,271.59,439.28,0.420779,30.7,0.22,160535.1,-580654.4,389940.4,0.9504,179.901,814.1,-0.09219,-98.05204,0.0,0,-1.0,-1.0,-1.0,-1.0,-1.0,0.0,0.0,0.0,0.0
1791564329.48,2236173.5,1203.8,45358.2,45358.2,-1251.3,1372.9,1460.4,-53.27,89.01,177.15,271.56,484.58,0.462552,34.0,0.24,160319.6,-580704.6,389807.5,0.9505,179.901,813.7,-0.09218,-98.08546,0.0,0,-1.0,-1.0,-1.0,-1.0,-1.0,0.0,0.0,0.0,0.0
1791564329.98,2236174.0,1204.3,44731.8,44731.8,-1254.3,1375.5,1462.8,-54.14,88.98,177.13,271.54,534.34,0.508343,37.7,0.26,160083.2,-580760.4,389661.4,0.9506,179.901,813.3,-0.09216,-98.11889,0.0,0,-1.0,-1.0,-1.0,-1.0,-1.0,0.0,0.0,0.0,0.0
1791564330.48,2236174.5,1204.8,44103.9,44103.9,-1257.2,1378.0,1465.0,-56.18,88.85,177.04,271.51,588.88,0.558452,41.7,0.29,159825.4,-580822.9,389501.2,0.9508,179.901,812.8,-0.09214,-98.15234,0.0,0,-1.0,-1.0,-1.0,-1.0,-1.0,0.0,0.0,0.0,0.0
1791564330.98,2236174.9,1205.3,43499.9,43499.9,-1259.9,1380.4,1467.0,-62.02,88.68,176.92,271.49,646.06,0.61089,46.0,0.32,159560.0,-580891.9,389334.1,0.9509,179.902,812.2,-0.09213,-98.18444,0.0,0,-1.0,-1.0,-1.0,-1.0,-1.0,0.0,0.0,0.0,0.0
1791564331.49,2236175.4,1205.8,42869.2,42869.2,-1262.9,1382.8,1469.1,-72.07,88.4,176.71,271.46,711.03,0.670312,50.9,0.33,159289.4,-580974.7,389157.4,0.9511,179.902,811.7,-0.09211,-98.21788,0.0,0,-1.0,-1.0,-1.0,-1.0,-1.0,0.0,0.0,0.0,0.0
1791564331.99,2236176.0,1206.3,42237.0,42237.1,-1266.0,1385.3,1471.3,-84.26,86.03,174.43,271.44,782.03,0.734924,56.3,0.32,159053.3,-581062.7,388995.3,0.9513,179.902,811.2,-0.0921,-98.2513,0.0,0,-1.0,-1.0,-1.0,-1.0,-1.0,0.0,0.0,0.0,0.0
1791564332.49,2236176.5,1206.8,41577.8,41577.8,-1269.6,1388.5,1474.1,-83.81,273.51,1.98,271.41,862.44,0.807221,62.4,0.22,158911.0,-581136.7,388887.1,0.9515,179.903,810.8,-0.09209,-98.28606,0.0,0,-1.0,-1.0,-1.0,-1.0,-1.0,0.0,0.0,0.0,0.0
1791564333.0,2236177.0,1207.3,40942.0,40942.0,-1273.3,1391.7,1477.1,-75.92,271.49,0.01,271.39,947.33,0.883297,68.6,0.17,158803.6,-581190.1,388806.7,0.9516,179.903,810.6,-0.09207,-98.3195,0.0,0,-1.0,-1.0,-1.0,-1.0,-1.0,0.0,0.0,0.0,0.0
1791564333.5,2236177.5,1207.8,40304.3,40304.3,-1277.0,1395.0,1480.1,-70.77,270.99,-0.46,271.36,1046.14,0.971447,75.5,0.15,158698.4,-581231.9,388733.2,0.9517,179.903,810.3,-0.09206,-98.35296,0.0,0,-1.0,-1.0,-1.0,-1.0,-1.0,0.0,0.0,0.0,0.0
1791564334.0,2236178.0,1208.3,39664.9,39664.9,-1280.6,1398.4,1483.2,-67.28,270.72,-0.71,271.34,1156.02,1.06909,83.1,0.13,158591.0,-581266.2,388662.4,0.9518,179.903,810.1,-0.09204,-98.38645,0.0,0,-1.0,-1.0,-1.0,-1.0,-1.0,0.0,0.0,0.0,0.0
1791564334.5,2236178.5,1208.8,39023.6,39023.6,-1284.2,1401.8,1486.3,-65.06,270.54,-0.87,271.31,1279.33,1.178287,91.5,0.13,158478.6,-581295.5,388591.5,0.9519,179.903,809.9,-0.09203,-98.41997,0.0,0,-1.0,-1.0,-1.0,-1.0,-1.0,0.0,0.0,0.0,0.0
1791564335.0,2236178.9,1209.3,38432.1,38432.1,-1287.5,1404.8,1489.1,-65.35,270.53,-0.88,271.29,1406.67,1.290745,100.3,0.13,158366.7,-581322.3,388522.2,0.9519,179.902,809.7,-0.09202,-98.45085,0.0,0,-1.0,-1.0,-1.0,-1.0,-1.0,0.0,0.0,0.0,0.0
1791564335.51,2236179.3,1209.8,37968.1,37968.1,-1290.1,1407.2,1491.3,-66.44,270.6,-0.81,271.27,1516.83,1.387879,107.8,0.15,158270.0,-581347.1,388461.5,0.952,179.902,809.5,-0.09201,-98.47503,0.0,0,-1.0,-1.0,-1.0,-1.0,-1.0,0.0,0.0,0.0,0.0
1791564336.01,2236179.8,1210.4,37322.2,37322.2,-1293.5,1410.4,1494.2,-66.92,270.65,-0.76,271.25,1698.51,1.548703,119.5,0.18,158119.5,-581388.4,388365.5,0.9521,179.902,809.2,-0.09199,-98.50863,0.0,0,-1.0,-1.0,-1.0,-1.0,-1.0,0.0,0.0,0.0,0.0
1791564336.51,2236180.3,1210.9,36674.5,36674.5,-1297.0,1413.5,1497.0,-65.92,270.59,-0.82,271.22,1908.55,1.73347,132.6,0.19,157951.1,-581432.5,388259.3,0.9522,179.902,808.9,-0.09198,-98.54226,0.0,0,-1.0,-1.0,-1.0,-1.0,-1.0,0.0,0.0,0.0,0.0
1791564337.01,2236180.8,1211.4,36025.1,36025.1,-1300.3,1416.5,1499.8,-65.29,270.53,-0.88,271.19,2148.32,1.943446,147.4,0.21,157764.7,-581476.9,388143.9,0.9523,179.902,808.5,-0.09196,-98.57591,0.0,0,-1.0,-1.0,-1.0,-1.0,-1.0,0.0,0.0,0.0,0.0
1791564337.52,2236181.2,1211.9,35452.3,35452.3,-1303.2,1419.1,1502.1,-65.6,270.54,-0.87,271.17,2386.7,2.151424,162.0,0.23,157581.6,-581519.7,388031.0,0.9524,179.902,808.2,-0.09195,-98.60554,0.0,0,-1.0,-1.0,-1.0,-1.0,-1.0,0.0,0.0,0.0,0.0
1791564338.02,2236181.7,1212.4,34826.0,34826.0,-1306.3,1421.8,1504.6,-65.89,270.56,-0.85,271.15,2679.05,2.405658,179.6,0.26,157356.9,-581573.6,387891.6,0.9525,179.901,807.7,-0.09193,-98.63787,0.0,0,-1.0,-1.0,-1.0,-1.0,-1.0,0.0,0.0,0.0,0.0
1791564338.52,2236182.2,1212.9,34145.9,34145.9,-1309.5,1424.6,1507.1,-65.48,270.54,-0.87,271.12,3037.74,2.716497,201.0,0.29,157082.0,-581638.2,387721.9,0.9526,179.901,807.2,-0.09192,-98.67292,0.0,0,-1.0,-1.0,-1.0,-1.0,-1.0,0.0,0.0,0.0,0.0
1791564339.02,2236182.7,1213.4,33490.3,33490.3,-1312.4,1427.2,1509.3,-65.09,270.5,-0.91,271.1,3427.99,3.053456,224.0,0.32,156785.2,-581704.0,387540.6,0.9528,179.901,806.6,-0.0919,-98.70662,0.0,0,-1.0,-1.0,-1.0,-1.0,-1.0,0.0,0.0,0.0,0.0
1791564339.53,2236183.2,1213.9,32859.7,32859.7,-1315.1,1429.5,1511.3,-65.13,270.49,-0.91,271.07,3846.44,3.413691,248.2,0.36,156465.7,-581773.2,387346.2,0.9529,179.901,806.0,-0.09188,-98.73898,0.0,0,-1.0,-1.0,-1.0,-1.0,-1.0,0.0,0.0,0.0,0.0
1791564340.03,2236183.7,1214.4,32201.5,32201.5,-1317.7,1431.6,1513.2,-65.13,270.49,-0.92,271.05,4337.11,3.83558,276.4,0.4,156090.9,-581853.9,387118.5,0.9531,179.9,805.3,-0.09187,-98.7727,0.0,0,-1.0,-1.0,-1.0,-1.0,-1.0,0.0,0.0,0.0,0.0
1791564340.53,2236184.2,1214.9,31541.9,31541.9,-1320.2,1433.6,1514.9,-64.85,270.47,-0.94,271.02,4921.03,4.317029,308.3,0.45,155669.1,-581942.3,386863.4,0.9533,179.9,804.5,-0.09185,-98.8064,0.0,0,-1.0,-1.0,-1.0,-1.0,-1.0,0.0,0.0,0.0,0.0
1791564341.04,2236184.7,1215.4,30854.8,-1.0,-1322.5,1435.4,1516.4,-64.68,270.44,-0.95,270.99,5569.4,4.894529,346.2,0.5,155174.4,-582042.2,386566.1,0.9535,179.9,803.6,-0.09183,-98.84145,0.0,0,-1.0,-1.0,-1.0,-1.0,-1.0,0.0,0.0,0.0,0.0
1791564341.54,2236185.2,1215.9,30193.0,30193.0,-1324.5,1436.9,1517.6,-64.64,270.43,-0.97,270.97,6316.65,5.53731,388.0,0.56,154636.0,-582148.8,386243.6,0.9538,179.899,802.6,-0.09181,-98.87512,0.0,0,-1.0,-1.0,-1.0,-1.0,-1.0,0.0,0.0,0.0,0.0
1791564342.05,2236185.7,1216.4,29530.2,29530.2,-1326.3,1438.0,1518.4,-64.5,270.42,-0.98,270.94,7178.23,6.279809,435.9,0.64,154026.5,-582266.9,385879.8,0.954,179.899,801.4,-0.09179,-98.90878,0.0,0,-1.0,-1.0,-1.0,-1.0,-1.0,0.0,0.0,0.0,0.0
1791564342.55,2236186.2,1216.9,28866.7,28866.7,-1327.6,1438.7,1518.8,-64.33,270.4,-0.99,270.92,8169.35,7.136308,490.7,0.72,153336.7,-582396.8,385470.0,0.9543,179.898,800.2,-0.09178,-98.9424,0.0,0,-1.0,-1.0,-1.0,-1.0,-1.0,0.0,0.0,0.0,0.0
1791564343.05,2236186.7,1217.4,28202.6,28202.6,-1328.7,1439.0,1518.8,-64.25,270.38,-1.01,270.89,9304.9,8.121601,553.0,0.81,152555.4,-582540.4,385007.5,0.9547,179.897,798.7,-0.09176,-98.97597,0.0,0,-1.0,-1.0,-1.0,-1.0,-1.0,0.0,0.0,0.0,0.0
1791564343.55,2236187.2,1217.9,27538.1,27538.1,-1329.2,1438.8,1518.3,-64.14,270.37,-1.02,270.87,10599.2,9.25095,623.8,0.91,151669.9,-582699.9,384485.0,0.955,179.897,797.1,-0.09173,-99.0095,0.0,0,-1.0,-1.0,-1.0,-1.0,-1.0,0.0,0.0,0.0,0.0
1791564344.06,2236187.7,1218.4,26873.5,26873.5,-1329.3,1438.1,1517.2,-64.03,270.36,-1.03,270.84,12065.71,10.539914,703.8,1.03,150667.8,-582876.0,383895.9,0.9554,179.896,795.3,-0.09171,-99.04295,0.0,0,-1.0,-1.0,-1.0,-1.0,-1.0,0.0,0.0,0.0,0.0
1791564344.57,2236188.2,1218.9,26182.3,26182.3,-1328.8,1436.6,1515.4,-63.95,270.34,-1.05,270.82,13784.59,12.065645,797.4,1.17,149487.8,-583079.1,383204.3,0.9558,179.895,793.1,-0.09169,-99.07766,0.0,0,-1.0,-1.0,-1.0,-1.0,-1.0,0.0,0.0,0.0,0.0
1791564345.07,2236188.7,1219.4,25518.2,25518.2,-1327.7,1434.5,1513.0,-63.88,270.33,-1.06,270.79,15627.89,13.719442,899.5,1.32,148205.8,-583295.4,382455.2,0.9563,179.894,790.8,-0.09167,-99.11094,0.0,0,-1.0,-1.0,-1.0,-1.0,-1.0,0.0,0.0,0.0,0.0
1791564345.58,2236189.2,1219.9,24854.8,24854.8,-1325.9,1431.6,1509.8,-63.82,270.32,-1.06,270.77,17637.77,15.550797,1015.9,1.48,146769.3,-583533.2,381618.1,0.9569,179.893,788.2,-0.09165,-99.1441,0.0,0,-1.0,-1.0,-1.0,-1.0,-1.0,0.0,0.0,0.0,0.0
1791564346.08,2236189.7,1220.4,24192.4,24192.4,-1323.3,1427.9,1505.7,-63.77,270.31,-1.07,270.74,19911.47,17.651776,1149.0,1.66,145163.1,-583794.8,380684.1,0.9574,179.892,785.3,-0.09162,-99.17713,0.0,0,-1.0,-1.0,-1.0,-1.0,-1.0,0.0,0.0,0.0,0.0
1791564346.58,2236190.2,1220.9,23531.6,23531.6,-1319.9,1423.1,1500.6,-63.72,270.3,-1.08,270.72,22476.06,20.060735,1301.0,1.86,143368.9,-584082.2,379643.3,0.9581,179.891,782.1,-0.0916,-99.21001,0.0,0,-1.0,-1.0,-1.0,-1.0,-1.0,0.0,0.0,0.0,0.0
1791564347.08,2236190.7,1221.4,22872.7,22872.7,-1315.5,1417.3,1494.5,-63.69,270.29,-1.09,270.69,25352.16,22.815076,1474.3,2.09,141368.3,-584398.1,378485.1,0.9588,179.89,778.5,-0.09157,-99.24271,0.0,0,-1.0,-1.0,-1.0,-1.0,-1.0,0.0,0.0,0.0,0.0
1791564347.59,2236191.3,1221.9,22190.1,22190.1,-1309.8,1410.0,1486.8,-63.67,270.29,-1.1,270.67,28687.39,26.084658,1679.3,2.36,139049.2,-584759.2,377145.0,0.9596,179.889,774.4,-0.09154,-99.27651,0.0,0,-1.0,-1.0,-1.0,-1.0,-1.0,0.0,0.0,0.0,0.0
1791564348.09,2236191.8,1222.4,21536.9,21536.9,-1303.1,1401.6,1478.0,-63.65,270.28,-1.1,270.64,32228.39,29.653219,1902.1,2.64,136573.2,-585139.9,375716.7,0.9604,179.888,770.0,-0.09152,-99.30877,0.0,0,-1.0,-1.0,-1.0,-1.0,-1.0,0.0,0.0,0.0,0.0
1791564348.59,2236192.3,1222.9,20887.4,20887.3,-1295.1,1391.7,1467.7,-63.65,270.27,-1.11,270.62,36088.66,33.669982,2152.0,2.95,133842.4,-585555.2,374143.6,0.9614,179.886,765.2,-0.09149,-99.34077,0.0,0,-1.0,-1.0,-1.0,-1.0,-1.0,0.0,0.0,0.0,0.0
1791564349.1,2236192.8,1223.4,20242.2,20242.2,-1285.6,1380.2,1455.8,-63.65,270.27,-1.11,270.6,40267.31,38.183637,2431.7,3.28,130846.9,-586006.2,372420.4,0.9624,179.885,759.9,-0.09146,-99.37246,0.0,0,-1.0,-1.0,-1.0,-1.0,-1.0,0.0,0.0,0.0,0.0
1791564349.61,2236193.3,1223.9,19602.2,19602.2,-1274.7,1367.0,1442.2,-63.66,270.27,-1.11,270.57,44794.59,43.283031,2746.6,3.64,127578.7,-586493.8,370542.4,0.9636,179.883,754.1,-0.09143,-99.40382,0.0,0,-1.0,-1.0,-1.0,-1.0,-1.0,0.0,0.0,0.0,0.0
1791564350.11,2236193.8,1224.5,18968.0,18968.0,-1262.0,1351.9,1426.6,-63.68,270.26,-1.12,270.55,49682.46,49.055042,3101.8,4.03,124031.5,-587018.9,368506.3,0.9648,179.881,747.9,-0.0914,-99.43481,0.0,0,-1.0,-1.0,-1.0,-1.0,-1.0,0.0,0.0,0.0,0.0
1791564350.61,2236194.3,1225.0,18340.7,18340.7,-1247.5,1334.9,1409.1,-63.7,270.26,-1.12,270.53,54915.39,55.577767,3501.8,4.45,120203.4,-587581.3,366311.1,0.9661,179.879,741.3,-0.09137,-99.46538,0.0,0,-1.0,-1.0,-1.0,-1.0,-1.0,0.0,0.0,0.0,0.0
1791564351.12,2236194.7,1225.5,17770.4,17770.4,-1232.6,1317.3,1391.1,-63.72,270.26,-1.12,270.51,59996.54,62.300163,3912.7,4.85,116436.9,-588131.1,364152.9,0.9674,179.877,734.7,-0.09135,-99.49309,0.0,0,-1.0,-1.0,-1.0,-1.0,-1.0,0.0,0.0,0.0,0.0
1791564351.62,2236195.2,1226.0,17134.5,17134.5,-1213.6,1295.2,1368.5,-63.76,270.26,-1.12,270.49,65975.11,70.788338,4429.8,5.33,111909.0,-588788.0,361560.5,0.969,179.874,726.9,-0.09131,-99.5239,0.0,0,-1.0,-1.0,-1.0,-1.0,-1.0,0.0,0.0,0.0,0.0
1791564352.13,2236195.8,1226.5,16509.0,16509.0,-1192.4,1270.7,1343.4,-63.8,270.26,-1.13,270.47,72097.31,80.266442,5005.0,5.81,107121.2,-589478.3,358821.5,0.9707,179.872,718.6,-0.09128,-99.55411,0.0,0,-1.0,-1.0,-1.0,-1.0,-1.0,0.0,0.0,0.0,0.0
1791564352.63,2236196.3,1227.0,15918.5,15918.5,-1170.2,1245.0,1317.2,-63.84,270.26,-1.13,270.45,77994.13,90.30519,5616.2,6.23,102340.3,-590163.3,356088.5,0.9724,179.869,710.4,-0.09125,-99.58254,0.0,0,-1.0,-1.0,-1.0,-1.0,-1.0,0.0,0.0,0.0,0.0
1791564353.14,2236196.8,1227.5,15362.5,15362.5,-1147.5,1218.9,1290.4,-63.88,270.25,-1.13,270.43,83815.57,100.677503,6261.3,6.54,97675.7,-590827.7,353424.0,0.974,179.866,702.5,-0.09122,-99.60921,0.0,0,-1.0,-1.0,-1.0,-1.0,-1.0,0.0,0.0,0.0,0.0
1791564353.64,2236197.3,1228.0,14772.7,14772.7,-1121.7,1189.3,1260.2,-63.93,270.25,-1.13,270.41,89274.44,113.019264,7028.8,6.79,92624.1,-591542.2,350540.9,0.9759,179.862,693.9,-0.09118,-99.63741,0.0,0,-1.0,-1.0,-1.0,-1.0,-1.0,0.0,0.0,0.0,0.0
1791564354.14,2236197.6,1228.5,14372.3,14372.3,-1103.4,1168.3,1238.8,-63.97,270.25,-1.13,270.39,93246.94,122.264502,7603.8,6.92,89164.4,-592028.2,348568.1,0.9771,179.86,688.1,-0.09116,-99.65649,0.0,0,-1.0,-1.0,-1.0,-1.0,-1.0,0.0,0.0,0.0,0.0
1791564354.65,2236198.1,1229.0,13827.4,13827.4,-1077.4,1138.6,1208.4,-64.03,270.25,-1.13,270.38,98631.92,136.081464,8463.1,7.06,84445.0,-592686.2,345879.4,0.9789,179.856,680.1,-0.09112,-99.68238,0.0,0,-1.0,-1.0,-1.0,-1.0,-1.0,0.0,0.0,0.0,0.0
1791564355.15,2236198.6,1229.5,13295.6,13295.6,-1050.8,1108.3,1177.5,-64.09,270.25,-1.13,270.36,103792.38,151.048656,9393.9,7.17,79842.5,-593321.2,343260.6,0.9805,179.851,672.4,-0.09109,-99.70754,0.0,0,-1.0,-1.0,-1.0,-1.0,-1.0,0.0,0.0,0.0,0.0
1791564355.65,2236199.1,1230.0,12777.2,12777.2,-1023.7,1077.5,1145.9,-64.15,270.26,-1.13,270.34,108638.22,167.210272,10399.0,7.3,75348.1,-593933.7,340707.2,0.9822,179.846,664.9,-0.09106,-99.73197,0.0,0,-1.0,-1.0,-1.0,-1.0,-1.0,0.0,0.0,0.0,0.0
1791564356.15,2236199.6,1230.5,12272.6,12272.6,-995.7,1045.8,1113.4,-64.22,270.26,-1.13,270.33,113457.23,184.608866,11481.0,7.51,70924.3,-594528.0,338198.2,0.9838,179.841,657.6,-0.09102,-99.75565,0.0,0,-1.0,-1.0,-1.0,-1.0,-1.0,0.0,0.0,0.0,0.0
1791564356.65,2236200.1,1231.0,11763.0,11763.0,-965.4,1011.5,1078.3,-64.3,270.26,-1.13,270.31,116917.62,204.01914,12688.2,7.77,66376.3,-595128.7,335623.8,0.9855,179.835,650.1,-0.09099,-99.77946,0.0,0,-1.0,-1.0,-1.0,-1.0,-1.0,0.0,0.0,0.0,0.0
1791564357.16,2236200.6,1231.5,11288.1,11288.1,-935.2,977.5,1043.5,-64.38,270.26,-1.13,270.3,119936.63,223.942723,13927.3,7.98,62084.6,-595684.3,333200.2,0.987,179.828,643.1,-0.09095,-99.80154,0.0,0,-1.0,-1.0,-1.0,-1.0,-1.0,0.0,0.0,0.0,0.0
1791564357.66,2236201.1,1232.0,10828.5,10828.5,-904.2,942.8,1007.8,-64.46,270.26,-1.13,270.29,122190.3,245.082046,15241.9,8.15,57904.7,-596213.4,330845.7,0.9886,179.82,636.3,-0.09092,-99.82281,0.0,0,-1.0,-1.0,-1.0,-1.0,-1.0,0.0,0.0,0.0,0.0
1791564358.16,2236201.6,1232.5,10384.6,10384.6,-872.7,907.5,971.5,-64.54,270.26,-1.13,270.28,123639.29,267.389095,16629.2,8.27,53864.3,-596711.6,328576.3,0.99,179.812,629.7,-0.09089,-99.84325,0.0,0,-1.0,-1.0,-1.0,-1.0,-1.0,0.0,0.0,0.0,0.0
1791564358.67,2236202.1,1233.0,9973.4,9973.4,-842.0,873.3,936.4,-64.63,270.27,-1.12,270.26,124266.51,289.863061,18026.9,8.34,50138.7,-597157.6,326490.6,0.9913,179.802,623.7,-0.09085,-99.86209,0.0,0,-1.0,-1.0,-1.0,-1.0,-1.0,0.0,0.0,0.0,0.0
1791564359.17,2236202.6,1233.5,9544.5,9544.5,-808.6,836.2,898.1,-64.72,270.27,-1.12,270.25,124119.94,315.330119,19610.7,8.37,46291.4,-597602.2,324344.6,0.9926,179.79,617.6,-0.09082,-99.88163,0.0,0,-1.0,-1.0,-1.0,-1.0,-1.0,0.0,0.0,0.0,0.0
1791564359.67,2236203.1,1234.0,9164.1,9164.1,-777.8,802.1,862.9,-64.82,270.27,-1.12,270.24,123252.08,339.802209,21132.7,8.35,42927.9,-597975.6,322476.2,0.9937,179.777,612.3,-0.09079,-99.89887,0.0,0,-1.0,-1.0,-1.0,-1.0,-1.0,0.0,0.0,0.0,0.0
1791564360.17,2236203.6,1234.5,8783.5,8783.5,-746.0,767.0,826.5,-64.92,270.27,-1.12,270.24,121848.98,365.750907,22773.4,8.28,39625.6,-598325.9,320649.9,0.9948,179.761,607.1,-0.09075,-99.91601,0.0,0,-1.0,-1.0,-1.0,-1.0,-1.0,0.0,0.0,0.0,0.0
1791564360.68,2236204.1,1235.0,8418.7,8418.7,-714.8,732.8,790.9,-65.02,270.28,-1.12,270.23,118014.09,387.427024,24451.7,8.1,36556.1,-598634.5,318960.8,0.9957,179.742,602.3,-0.09072,-99.93233,0.0,0,-1.0,-1.0,-1.0,-1.0,-1.0,0.0,0.0,0.0,0.0
1791564361.18,2236204.6,1235.5,8055.5,8055.5,-683.4,698.5,755.2,-65.14,270.28,-1.11,270.22,113417.61,409.9706,26220.6,7.85,33622.5,-598911.9,317355.3,0.9966,179.719,597.7,-0.09069,-99.94848,0.0,0,-1.0,-1.0,-1.0,-1.0,-1.0,0.0,0.0,0.0,0.0
1791564361.68,2236205.1,1236.0,7721.4,7721.4,-654.4,666.9,722.2,-65.25,270.29,-1.11,270.21,108994.84,431.587831,27938.5,7.59,31038.3,-599139.6,315949.3,0.9973,179.692,593.8,-0.09066,-99.96323,0.0,0,-1.0,-1.0,-1.0,-1.0,-1.0,0.0,0.0,0.0,0.0
1791564362.18,2236205.6,1236.5,7401.4,7401.4,-626.6,636.7,690.5,-65.37,270.29,-1.11,270.21,104425.93,453.095745,29667.9,7.31,28672.3,-599332.3,314670.0,0.9979,179.659,590.2,-0.09063,-99.97725,0.0,0,-1.0,-1.0,-1.0,-1.0,-1.0,0.0,0.0,0.0,0.0
1791564362.68,2236206.2,1237.0,7095.1,7095.1,-600.0,608.0,660.2,-65.49,270.29,-1.11,270.2,99966.88,474.451281,31404.2,7.03,26510.1,-599493.3,313508.4,0.9984,179.619,586.9,-0.0906,-99.99058,0.0,0,-1.0,-1.0,-1.0,-1.0,-1.0,0.0,0.0,0.0,0.0
1791564363.19,2236206.5,1237.5,6859.4,6859.4,-579.6,586.1,637.0,-65.59,270.3,-1.1,270.2,96093.07,491.401023,32795.5,6.8,24917.1,-599601.3,312657.9,0.9987,179.578,584.5,-0.09057,-100.00076,0.0,0,-1.0,-1.0,-1.0,-1.0,-1.0,0.0,0.0,0.0,0.0
1791564363.69,2236207.0,1238.0,6576.0,6576.0,-555.2,560.1,609.3,-65.72,270.3,-1.1,270.2,91515.2,512.393664,34534.3,6.51,23083.6,-599713.3,311685.2,0.9991,179.514,581.8,-0.09054,-100.01291,0.0,0,-1.0,-1.0,-1.0,-1.0,-1.0,0.0,0.0,0.0,0.0
1791564364.19,2236207.6,1238.5,6304.6,6304.6,-531.6,535.1,582.5,-65.85,270.31,-1.1,270.19,87007.54,533.139498,36269.2,6.35,21384.2,-599803.7,310790.3,0.9994,179.427,579.3,-0.09051,-100.02445,0.0,0,-1.0,-1.0,-1.0,-1.0,-1.0,0.0,0.0,0.0,0.0
1791564364.69,2236208.0,1239.0,6045.0,6045.0,-507.8,510.1,555.6,-65.99,270.31,-1.09,270.19,81938.32,553.579465,37994.1,6.39,19761.1,-599876.6,309942.2,0.9996,179.295,576.9,-0.09049,-100.03539,0.0,0,-1.0,-1.0,-1.0,-1.0,-1.0,0.0,0.0,0.0,0.0
1791564365.19,2236208.6,1239.5,5787.7,5787.7,-482.5,483.8,527.1,-66.14,270.32,-1.09,270.19,76399.85,574.421572,39768.4,6.5,18132.5,-599934.8,309098.8,0.9998,179.056,574.6,-0.09046,-100.04614,0.0,0,-1.0,-1.0,-1.0,-1.0,-1.0,0.0,0.0,0.0,0.0
1791564365.7,2236209.0,1240.0,5562.0,5562.0,-458.8,459.3,500.3,-66.27,270.32,-1.08,270.19,71000.33,593.197177,41379.9,6.58,16689.5,-599972.3,308358.6,0.9999,178.591,572.5,-0.09043,-100.05547,0.0,0,-1.0,-1.0,-1.0,-1.0,-1.0,0.0,0.0,0.0,0.0
1791564366.2,2236209.6,1240.5,5330.5,5330.5,-432.9,433.0,471.3,-66.43,270.33,-1.08,270.19,65018.79,612.949095,43088.1,6.58,15211.6,-599995.0,307608.3,1.0,176.802,570.4,-0.0904,-100.06496,0.0,0,-1.0,-1.0,-1.0,-1.0,-1.0,0.0,0.0,0.0,0.0
1791564366.7,2236210.1,1241.0,5128.5,5128.5,-409.5,409.5,445.1,-66.58,270.34,-1.07,89.81,59639.05,630.580284,44623.8,6.47,13947.0,-599999.8,306973.6,1.0,14.523,568.7,-0.09038,-100.07314,0.0,0,-1.0,-1.0,-1.0,-1.0,-1.0,0.0,0.0,0.0,0.0
1791564367.2,2236210.6,1241.5,4922.3,4922.3,-385.0,385.3,417.7,-66.74,270.34,-1.07,89.81,53945.97,648.991926,46238.4,6.24,12700.4,-599989.3,306355.6,1.0,2.053,566.9,-0.09035,-100.08141,0.0,0,-1.0,-1.0,-1.0,-1.0,-1.0,0.0,0.0,0.0,0.0
1791564367.71,2236211.1,1242.1,4735.6,4735.6,-362.7,363.6,392.8,-66.91,270.35,-1.06,89.81,48902.98,666.005096,47739.9,5.95,11624.7,-599966.2,305829.3,0.9999,1.119,565.5,-0.09033,-100.0888,0.0,0,-1.0,-1.0,-1.0,-1.0,-1.0,0.0,0.0,0.0,0.0
1791564368.21,2236211.6,1242.6,4559.7,4559.7,-342.0,343.9,369.7,-67.08,270.36,-1.05,89.81,44339.4,682.349233,49190.9,5.58,10674.0,-599933.3,305370.4,0.9998,0.772,564.2,-0.09031,-100.09569,0.0,0,-1.0,-1.0,-1.0,-1.0,-1.0,0.0,0.0,0.0,0.0
1791564368.71,2236212.1,1243.1,4393.7,4393.7,-323.3,326.5,348.9,-67.25,270.36,-1.05,89.81,40353.61,698.059695,50593.3,5.11,9850.3,-599894.0,304978.1,0.9997,0.595,563.1,-0.09028,-100.1021,0.0,0,-1.0,-1.0,-1.0,-1.0,-1.0,0.0,0.0,0.0,0.0
1791564369.21,2236212.6,1243.6,4236.2,4236.2,-307.9,312.4,331.5,-67.44,270.37,-1.04,89.81,37207.21,713.213851,51953.2,4.35,9177.3,-599853.8,304661.7,0.9995,0.495,562.2,-0.09026,-100.10811,0.0,0,-1.0,-1.0,-1.0,-1.0,-1.0,0.0,0.0,0.0,0.0
1791564369.72,2236213.0,1244.1,4091.3,4091.3,-296.8,302.6,319.0,-67.62,270.38,-1.04,89.81,35109.0,727.377335,53230.3,3.5,8679.0,-599819.0,304430.0,0.9994,0.439,561.6,-0.09024,-100.11356,0.0,0,-1.0,-1.0,-1.0,-1.0,-1.0,0.0,0.0,0.0,0.0
1791564370.22,2236213.6,1244.6,3939.5,3939.4,-288.1,295.1,309.0,-67.82,270.38,-1.03,89.8,33595.99,742.4543,54596.2,2.81,8257.2,-599786.6,304235.3,0.9993,0.401,561.1,-0.09022,-100.11919,0.0,0,-1.0,-1.0,-1.0,-1.0,-1.0,0.0,0.0,0.0,0.0
1791564370.73,2236214.1,1245.1,3797.1,3797.1,-281.8,289.9,301.7,-68.02,270.39,-1.03,89.8,32623.11,756.802267,55902.1,2.37,7925.9,-599759.4,304083.2,0.9992,0.377,560.6,-0.0902,-100.12439,0.0,0,-1.0,-1.0,-1.0,-1.0,-1.0,0.0,0.0,0.0,0.0
1791564371.23,2236214.6,1245.6,3657.6,3657.6,-276.8,286.0,295.8,-68.22,270.39,-1.02,89.8,31939.15,771.076936,57207.2,2.09,7639.8,-599735.0,303952.4,0.9991,0.36,560.3,-0.09018,-100.12942,0.0,0,-1.0,-1.0,-1.0,-1.0,-1.0,0.0,0.0,0.0,0.0
1791564371.73,2236215.1,1246.1,3520.2,3520.2,-272.7,282.7,290.9,-68.41,270.4,-1.02,89.79,31422.93,785.321651,58515.1,1.92,7381.1,-599712.3,303834.4,0.9991,0.347,560.0,-0.09016,-100.1343,0.0,0,-1.0,-1.0,-1.0,-1.0,-1.0,0.0,0.0,0.0,0.0
1791564372.23,2236215.6,1246.6,3384.9,3384.9,-268.9,279.9,286.4,-68.61,270.4,-1.01,89.79,30993.85,799.559508,59828.1,1.83,7138.4,-599690.6,303723.9,0.999,0.336,559.6,-0.09014,-100.13904,0.0,0,-1.0,-1.0,-1.0,-1.0,-1.0,0.0,0.0,0.0,0.0
1791564372.73,2236216.1,1247.1,3251.4,3251.4,-265.4,277.2,282.1,-68.79,270.41,-1.01,89.78,30599.69,813.800253,61146.8,1.79,6904.5,-599669.3,303617.6,0.9989,0.326,559.4,-0.09012,-100.14365,0.0,0,-1.0,-1.0,-1.0,-1.0,-1.0,0.0,0.0,0.0,0.0
1791564373.24,2236216.6,1247.6,3119.6,3119.6,-261.9,274.6,278.0,-68.99,270.42,-1.01,89.78,30229.88,828.044135,62471.2,1.77,6675.6,-599648.1,303513.8,0.9988,0.318,559.1,-0.0901,-100.14813,0.0,0,-1.0,-1.0,-1.0,-1.0,-1.0,0.0,0.0,0.0,0.0
1791564373.74,2236217.1,1248.1,2989.5,2989.5,-258.5,272.1,273.9,-69.17,270.42,-1.0,89.78,29839.64,842.28824,63801.0,1.76,6451.0,-599627.0,303412.0,0.9988,0.31,558.8,-0.09007,-100.1525,0.0,0,-1.0,-1.0,-1.0,-1.0,-1.0,0.0,0.0,0.0,0.0
1791564374.24,2236217.6,1248.6,2861.2,2861.2,-255.1,269.6,269.9,-69.34,270.42,-0.99,89.77,29450.0,856.529016,65135.8,1.75,6230.6,-599606.1,303312.2,0.9987,0.304,558.5,-0.09005,-100.15675,0.0,0,-1.0,-1.0,-1.0,-1.0,-1.0,0.0,0.0,0.0,0.0
1791564374.74,2236218.1,1249.1,2734.6,2734.6,-251.7,267.2,266.0,-69.51,270.41,-1.01,89.77,29042.92,870.763273,66475.2,1.73,6014.3,-599585.4,303214.4,0.9986,0.298,558.2,-0.09003,-100.16089,0.0,0,-1.0,-1.0,-1.0,-1.0,-1.0,0.0,0.0,0.0,0.0
1791564375.25,2236218.6,1249.6,2609.6,2609.6,-248.4,264.9,262.1,-69.68,270.41,-1.01,89.76,28656.18,884.98788,67818.9,1.72,5802.1,-599564.9,303118.6,0.9986,0.293,558.0,-0.09001,-100.16492,0.0,0,-1.0,-1.0,-1.0,-1.0,-1.0,0.0,0.0,0.0,0.0
1791564375.75,2236219.1,1250.1,2486.2,2486.2,-245.1,262.6,258.4,-69.84,270.42,-1.0,89.76,28270.71,899.199914,69166.4,1.71,5593.9,-599544.7,303024.6,0.9985,0.287,557.7,-0.08999,-100.16885,0.0,0,-1.0,-1.0,-1.0,-1.0,-1.0,0.0,0.0,0.0,0.0
1791564376.25,2236219.6,1250.6,2364.5,2364.5,-241.9,260.3,254.6,-70.0,270.43,-1.0,89.76,27886.31,913.396256,70517.5,1.7,5389.5,-599524.7,302932.4,0.9984,0.283,557.5,-0.08997,-100.17268,0.0,0,-1.0,-1.0,-1.0,-1.0,-1.0,0.0,0.0,0.0,0.0
1791564376.75,2236220.1,1251.1,2244.4,2244.4,-238.7,258.1,251.0,-70.16,270.44,-0.99,89.75,27503.2,927.574096,71871.7,1.69,5189.0,-599505.0,302842.0,0.9984,0.279,557.2,-0.08995,-100.17641,0.0,0,-1.0,-1.0,-1.0,-1.0,-1.0,0.0,0.0,0.0,0.0
1791564377.25,2236220.4,1251.6,2177.9,2177.9,-235.8,255.9,247.7,-70.14,270.45,-0.98,89.75,27034.38,935.493453,72630.2,2.0,5049.3,-599490.5,302779.4,0.9983,0.274,557.0,-0.08994,-100.17845,0.0,0,-1.0,-1.0,-1.0,-1.0,-1.0,0.0,0.0,0.0,0.0
1791564377.75,2236220.9,1252.1,2063.1,2063.1,-221.5,244.9,232.6,-69.74,270.45,-0.99,89.74,24187.74,949.289849,73955.3,4.31,4595.6,-599439.4,302578.1,0.9981,0.256,556.5,-0.08991,-100.18196,0.0,0,-1.0,-1.0,-1.0,-1.0,-1.0,0.0,0.0,0.0,0.0
1791564378.26,2236221.4,1252.6,1955.8,1955.8,-192.4,223.0,202.4,-68.86,270.46,-1.01,89.74,18545.04,962.32547,75211.5,6.97,3864.0,-599347.7,302258.2,0.9978,0.226,555.6,-0.08989,-100.18526,0.0,0,-1.0,-1.0,-1.0,-1.0,-1.0,0.0,0.0,0.0,0.0
1791564378.76,2236221.9,1253.1,1865.8,1865.8,-168.7,207.0,177.6,-68.94,270.48,-0.99,89.73,14447.4,973.366943,76278.7,5.98,3332.0,-599261.3,302035.4,0.9976,0.201,555.0,-0.08987,-100.18807,0.0,0,-1.0,-1.0,-1.0,-1.0,-1.0,0.0,0.0,0.0,0.0
1791564379.26,2236222.4,1253.6,1787.0,1787.0,-148.4,194.8,156.4,-68.96,270.48,-0.98,89.73,11309.65,983.109924,77222.7,5.15,2920.8,-599182.5,301869.1,0.9973,0.182,554.5,-0.08986,-100.19055,0.0,0,-1.0,-1.0,-1.0,-1.0,-1.0,0.0,0.0,0.0,0.0
1791564379.76,2236222.9,1254.1,1716.7,1716.7,-133.1,187.0,140.2,-68.92,270.52,-0.93,89.72,9168.33,991.870541,78073.4,4.31,2627.8,-599113.7,301757.0,0.9971,0.167,554.2,-0.08984,-100.19277,0.0,0,-1.0,-1.0,-1.0,-1.0,-1.0,0.0,0.0,0.0,0.0
1791564380.26,2236223.4,1254.6,1653.6,1653.6,-120.7,181.5,127.1,-69.15,270.52,-0.94,89.71,7596.21,999.771406,78842.2,3.48,2402.5,-599056.7,301672.9,0.9969,0.156,554.0,-0.08983,-100.19476,0.0,0,-1.0,-1.0,-1.0,-1.0,-1.0,0.0,0.0,0.0,0.0
1791564380.76,2236223.9,1255.1,1596.0,1596.0,-110.5,177.8,116.2,-69.01,270.55,-0.9,89.71,6398.5,1007.040456,79550.7,3.16,2223.2,-599004.3,301609.5,0.9967,0.148,553.8,-0.08981,-100.19656,0.0,0,-1.0,-1.0,-1.0,-1.0,-1.0,0.0,0.0,0.0,0.0
1791564381.27,2236224.4,1255.6,1542.6,1542.6,-103.8,175.8,109.0,-69.44,270.56,-0.89,89.7,5666.96,1013.815715,80212.2,2.4,2095.6,-598966.3,301564.6,0.9966,0.142,553.7,-0.0898,-100.19821,0.0,0,-1.0,-1.0,-1.0,-1.0,-1.0,0.0,0.0,0.0,0.0
1791564381.77,2236224.9,1256.1,1492.5,1492.5,-96.6,173.9,101.4,-69.17,270.57,-0.87,89.69,4933.76,1020.19159,80835.7,2.52,1971.9,-598927.0,301522.4,0.9964,0.137,553.6,-0.08979,-100.19974,0.0,0,-1.0,-1.0,-1.0,-1.0,-1.0,0.0,0.0,0.0,0.0
1791564382.27,2236225.4,1256.6,1445.7,1445.7,-91.2,172.7,95.6,-69.54,270.58,-0.87,89.69,4407.88,1026.180426,81422.1,2.09,1872.4,-598895.8,301488.3,0.9963,0.132,553.5,-0.08977,-100.20115,0.0,0,-1.0,-1.0,-1.0,-1.0,-1.0,0.0,0.0,0.0,0.0
1791564382.77,2236225.9,1257.1,1401.2,1401.2,-87.3,172.2,91.3,-69.72,270.61,-0.83,89.68,4044.96,1031.909178,81983.8,1.82,1791.7,-598869.5,301461.1,0.9962,0.129,553.4,-0.08976,-100.20247,0.0,0,-1.0,-1.0,-1.0,-1.0,-1.0,0.0,0.0,0.0,0.0
1791564383.27,2236226.4,1257.6,1356.8,1356.8,-83.8,171.8,87.6,-69.91,270.61,-0.83,89.67,3742.77,1037.645001,82547.0,1.67,1717.1,-598846.5,301435.3,0.9962,0.126,553.3,-0.08975,-100.20377,0.0,0,-1.0,-1.0,-1.0,-1.0,-1.0,0.0,0.0,0.0,0.0
1791564383.78,2236226.9,1258.1,1315.6,1315.6,-81.1,171.6,84.6,-70.07,270.63,-0.82,89.67,3508.84,1042.985564,83071.9,1.56,1652.6,-598827.0,301412.8,0.9961,0.124,553.3,-0.08974,-100.20494,0.0,0,-1.0,-1.0,-1.0,-1.0,-1.0,0.0,0.0,0.0,0.0
1791564384.29,2236227.4,1258.6,1274.1,1274.1,-78.6,171.5,81.9,-70.24,270.64,-0.81,89.66,3306.78,1048.386408,83603.5,1.48,1590.9,-598809.3,301390.8,0.996,0.122,553.2,-0.08973,-100.20611,0.0,0,-1.0,-1.0,-1.0,-1.0,-1.0,0.0,0.0,0.0,0.0
1791564384.79,2236227.9,1259.1,1236.9,1236.9,-76.2,171.3,79.3,-70.27,270.65,-0.8,89.65,3114.63,1053.24432,84082.2,1.53,1534.6,-598793.2,301370.7,0.996,0.12,553.2,-0.08972,-100.20713,0.0,0,-1.0,-1.0,-1.0,-1.0,-1.0,0.0,0.0,0.0,0.0
1791564385.29,2236228.4,1259.6,1198.0,1198.0,-73.8,171.1,76.7,-70.37,270.65,-0.79,89.64,2928.12,1058.349708,84585.8,1.46,1477.0,-598778.1,301349.4,0.9959,0.119,553.1,-0.08971,-100.20819,0.0,0,-1.0,-1.0,-1.0,-1.0,-1.0,0.0,0.0,0.0,0.0
1791564385.79,2236228.8,1260.1,1173.0,1173.0,-72.9,171.2,75.7,-70.65,270.64,-0.78,89.64,2856.39,1061.629615,84909.7,1.29,1444.7,-598770.0,301337.4,0.9959,0.118,553.1,-0.0897,-100.20886,0.0,0,-1.0,-1.0,-1.0,-1.0,-1.0,0.0,0.0,0.0,0.0
1791564386.3,2236229.2,1260.6,1137.0,1137.0,-71.5,171.2,74.2,-70.66,270.64,-0.79,89.63,2756.68,1066.385178,85379.6,1.26,1398.6,-598759.3,301319.7,0.9959,0.117,553.0,-0.08969,-100.20981,0.0,0,-1.0,-1.0,-1.0,-1.0,-1.0,0.0,0.0,0.0,0.0
1791564386.8,2236229.7,1261.1,1101.6,1101.6,-70.4,171.3,72.9,-70.84,270.64,-0.8,89.62,2676.39,1071.077631,85843.9,1.22,1354.9,-598750.0,301302.5,0.9959,0.116,553.0,-0.08968,-100.21074,0.0,0,-1.0,-1.0,-1.0,-1.0,-1.0,0.0,0.0,0.0,0.0
1791564387.3,2236230.2,1261.6,1066.7,1066.7,-69.3,171.3,71.7,-70.89,270.63,-0.8,89.62,2601.06,1075.711015,86302.7,1.21,1312.2,-598741.6,301285.3,0.9958,0.115,552.9,-0.08967,-100.21164,0.0,0,-1.0,-1.0,-1.0,-1.0,-1.0,0.0,0.0,0.0,0.0
1791564387.8,2236230.7,1262.1,1032.2,1032.2,-68.5,171.4,70.8,-71.06,270.63,-0.81,89.61,2547.22,1080.296903,86757.3,1.16,1272.1,-598734.5,301268.8,0.9958,0.114,552.9,-0.08966,-100.21251,0.0,0,-1.0,-1.0,-1.0,-1.0,-1.0,0.0,0.0,0.0,0.0
1791564388.3,2236231.2,1262.6,998.2,998.2,-67.6,171.5,69.9,-71.07,270.64,-0.8,89.6,2490.27,1084.843033,87208.4,1.17,1232.0,-598727.8,301252.1,0.9958,0.113,552.8,-0.08966,-100.21336,0.0,0,-1.0,-1.0,-1.0,-1.0,-1.0,0.0,0.0,0.0,0.0
1791564388.8,2236231.7,1263.1,964.6,964.6,-66.6,171.5,68.8,-71.11,270.64,-0.8,89.59,2423.54,1089.349231,87656.0,1.23,1191.5,-598721.0,301235.2,0.9958,0.112,552.8,-0.08965,-100.21419,0.0,0,-1.0,-1.0,-1.0,-1.0,-1.0,0.0,0.0,0.0,0.0
1791564389.31,2236232.3,1263.7,930.4,930.4,-65.5,171.4,67.6,-71.09,270.64,-0.81,89.59,2349.49,1093.962972,88114.7,1.2,1149.4,-598715.0,301217.2,0.9957,0.112,552.7,-0.08964,-100.21504,0.0,0,-1.0,-1.0,-1.0,-1.0,-1.0,0.0,0.0,0.0,0.0
1791564389.81,2236232.8,1264.2,897.7,897.7,-65.0,171.5,67.1,-71.37,270.65,-0.8,89.58,2323.27,1098.364375,88552.7,1.08,1113.7,-598710.4,301201.6,0.9957,0.111,552.7,-0.08963,-100.21583,0.0,0,-1.0,-1.0,-1.0,-1.0,-1.0,0.0,0.0,0.0,0.0
1791564390.31,2236233.3,1264.7,865.4,865.4,-64.6,171.5,66.6,-71.33,270.65,-0.8,89.57,2299.53,1102.749869,88989.6,1.08,1078.5,-598706.6,301185.9,0.9957,0.111,552.6,-0.08962,-100.21662,0.0,0,-1.0,-1.0,-1.0,-1.0,-1.0,0.0,0.0,0.0,0.0
1791564390.81,2236233.8,1265.2,833.2,833.2,-64.1,171.6,66.1,-71.42,270.65,-0.8,89.56,2273.74,1107.12019,89425.3,1.09,1043.2,-598703.0,301170.1,0.9957,0.11,552.6,-0.08961,-100.21739,0.0,0,-1.0,-1.0,-1.0,-1.0,-1.0,0.0,0.0,0.0,0.0
1791564391.32,2236234.3,1265.7,801.2,801.2,-63.7,171.6,65.6,-71.45,270.65,-0.79,89.56,2250.31,1111.471559,89859.6,1.08,1008.4,-598699.8,301154.3,0.9957,0.11,552.6,-0.0896,-100.21815,0.0,0,-1.0,-1.0,-1.0,-1.0,-1.0,0.0,0.0,0.0,0.0
1791564391.82,2236234.6,1266.2,779.6,779.6,-63.5,171.6,65.4,-71.57,270.65,-0.8,89.55,2239.63,1114.423513,90154.4,1.06,985.3,-598698.0,301143.7,0.9957,0.11,552.5,-0.0896,-100.21866,0.0,0,-1.0,-1.0,-1.0,-1.0,-1.0,0.0,0.0,0.0,0.0
1791564392.32,2236234.6,1266.7,779.6,779.6,-63.5,171.6,65.4,-71.57,270.65,-0.8,89.55,2239.63,1114.423513,90154.4,1.06,985.3,-598698.0,301143.7,0.9957,0.11,552.5,-0.0896,-100.21866,0.0,0,-1.0,-1.0,-1.0,-1.0,-1.0,0.0,0.0,0.0,0.0
1791564392.82,2236235.0,1267.2,751.7,751.7,-63.3,171.7,65.2,-71.71,270.65,-0.8,89.54,2231.0,1118.23977,90535.8,1.04,956.1,-598695.6,301130.3,0.9957,0.11,552.5,-0.08959,-100.21931,0.0,0,-1.0,-1.0,-1.0,-1.0,-1.0,0.0,0.0,0.0,0.0
1791564393.32,2236235.5,1267.7,721.4,721.4,-62.9,171.7,64.7,-71.71,270.64,-0.8,89.54,2208.52,1122.398478,90951.8,1.09,923.1,-598692.3,301115.4,0.9957,0.109,552.5,-0.08958,-100.22002,0.0,0,-1.0,-1.0,-1.0,-1.0,-1.0,0.0,0.0,0.0,0.0
1791564393.83,2236236.0,1268.2,689.8,689.8,-57.7,170.8,59.5,-69.92,270.65,-0.8,89.53,1872.22,1126.753828,91387.9,2.21,859.6,-598676.3,301091.6,0.9956,0.106,552.4,-0.08957,-100.22076,0.0,0,-1.0,-1.0,-1.0,-1.0,-1.0,0.0,0.0,0.0,0.0
1791564394.33,2236236.5,1268.7,663.0,663.0,-50.0,169.7,51.6,-70.94,270.52,-0.97,89.52,1415.14,1130.452184,91758.5,2.58,790.0,-598652.7,301068.7,0.9955,0.103,552.3,-0.08957,-100.22141,0.0,0,-1.0,-1.0,-1.0,-1.0,-1.0,0.0,0.0,0.0,0.0
1791564394.83,2236237.0,1269.2,640.3,640.3,-40.3,169.6,41.6,-69.44,270.43,-1.01,89.51,923.54,1133.597618,92073.9,3.11,722.6,-598610.0,301056.3,0.9954,0.096,552.3,-0.08956,-100.22197,0.0,0,-1.0,-1.0,-1.0,-1.0,-1.0,0.0,0.0,0.0,0.0
1791564395.34,2236237.5,1269.7,623.2,623.2,-28.1,170.1,29.0,-58.23,270.22,-1.24,89.51,450.27,1135.958097,92310.7,3.52,662.7,-598558.6,301052.1,0.9952,0.092,552.3,-0.08956,-100.22236,0.0,0,-1.0,-1.0,-1.0,-1.0,-1.0,0.0,0.0,0.0,0.0
1791564395.84,2236238.0,1270.2,610.9,610.9,-19.3,172.5,19.6,-1.86,270.43,-1.26,89.5,205.84,1137.667001,92482.2,2.75,629.9,-598495.3,301067.3,0.995,0.09,552.3,-0.08955,-100.22257,0.0,0,-1.0,-1.0,-1.0,-1.0,-1.0,0.0,0.0,0.0,0.0
1791564396.34,2236238.6,1270.7,600.9,600.9,-13.5,170.8,14.4,66.6,89.0,-179.07,89.49,110.45,1139.058942,92622.0,2.48,611.4,-598515.0,301048.2,0.9951,0.09,552.3,-0.08956,-100.22292,0.0,0,-1.0,-1.0,-1.0,-1.0,-1.0,0.0,0.0,0.0,0.0
1791564396.84,2236239.1,1271.2,596.1,596.1,-8.8,172.3,9.3,47.12,90.24,179.89,89.48,46.04,1139.71962,92688.3,1.69,601.0,-598483.1,301058.9,0.995,0.09,552.3,-0.08955,-100.22314,0.0,0,-1.0,-1.0,-1.0,-1.0,-1.0,0.0,0.0,0.0,0.0
1791564397.34,2236239.5,1271.7,591.5,591.5,-9.3,173.8,9.4,64.01,90.41,179.75,89.47,47.25,1140.368246,92753.5,0.91,597.0,-598457.5,301069.7,0.9949,0.09,552.3,-0.08955,-100.22321,0.0,0,-1.0,-1.0,-1.0,-1.0,-1.0,0.0,0.0,0.0,0.0
1791564397.84,2236240.0,1272.2,586.6,586.6,-9.5,174.8,9.5,80.34,90.53,179.66,89.46,48.52,1141.043098,92821.3,1.0,592.5,-598440.5,301076.0,0.9948,0.09,552.3,-0.08955,-100.22323,0.0,0,-1.0,-1.0,-1.0,-1.0,-1.0,0.0,0.0,0.0,0.0
1791564398.35,2236240.5,1272.7,581.8,581.8,-9.6,175.2,9.6,87.84,90.47,179.75,89.46,49.3,1141.710165,92888.3,0.97,587.8,-598432.9,301077.5,0.9948,0.09,552.3,-0.08955,-100.22323,0.0,0,-1.0,-1.0,-1.0,-1.0,-1.0,0.0,0.0,0.0,0.0
1791564398.85,2236241.0,1273.2,577.0,577.0,-9.9,175.3,9.9,89.68,87.53,-177.3,89.45,52.08,1142.382382,92955.9,0.92,583.2,-598430.8,301076.2,0.9948,0.09,552.3,-0.08955,-100.22323,0.0,0,-1.0,-1.0,-1.0,-1.0,-1.0,0.0,0.0,0.0,0.0
1791564399.35,2236241.5,1273.7,572.1,572.1,-9.9,175.3,9.9,89.21,89.16,-178.94,89.44,52.21,1143.072477,93025.2,0.99,578.3,-598430.7,301073.8,0.9948,0.09,552.3,-0.08955,-100.22324,0.0,0,-1.0,-1.0,-1.0,-1.0,-1.0,0.0,0.0,0.0,0.0
1791564399.85,2236242.1,1274.2,567.2,567.2,-9.5,175.3,9.5,88.84,89.77,-179.55,89.43,48.37,1143.745442,93092.8,1.07,573.1,-598430.7,301071.2,0.9948,0.09,552.3,-0.08955,-100.22324,0.0,0,-1.0,-1.0,-1.0,-1.0,-1.0,0.0,0.0,0.0,0.0
1791564400.35,2236242.6,1274.7,562.5,562.5,-9.7,175.4,9.7,89.01,89.69,-179.47,89.42,50.36,1144.409378,93159.6,0.94,568.5,-598430.5,301069.0,0.9948,0.09,552.3,-0.08955,-100.22324,0.0,0,-1.0,-1.0,-1.0,-1.0,-1.0,0.0,0.0,0.0,0.0
1791564400.85,2236243.1,1275.2,557.5,557.5,-9.8,175.4,9.8,89.09,89.57,-179.35,89.41,51.66,1145.098109,93228.8,1.0,563.7,-598430.5,301066.6,0.9948,0.09,552.3,-0.08955,-100.22324,0.0,0,-1.0,-1.0,-1.0,-1.0,-1.0,0.0,0.0,0.0,0.0
1791564401.36,2236243.6,1275.7,552.6,552.6,-9.9,175.4,9.9,89.1,89.52,-179.3,89.41,53.09,1145.782133,93297.6,0.94,558.9,-598430.5,301064.2,0.9948,0.09,552.3,-0.08955,-100.22324,0.0,0,-1.0,-1.0,-1.0,-1.0,-1.0,0.0,0.0,0.0,0.0
1791564401.86,2236244.1,1276.2,547.5,547.5,-9.7,175.4,9.7,89.1,89.53,-179.3,89.4,50.28,1146.495595,93369.4,1.07,553.5,-598430.5,301061.5,0.9948,0.09,552.3,-0.08955,-100.22324,0.0,0,-1.0,-1.0,-1.0,-1.0,-1.0,0.0,0.0,0.0,0.0
1791564402.36,2236244.6,1276.7,542.6,542.6,-9.9,175.4,9.9,89.08,89.57,-179.35,89.39,53.28,1147.18104,93438.3,0.93,548.9,-598430.5,301059.2,0.9948,0.09,552.3,-0.08955,-100.22324,0.0,0,-1.0,-1.0,-1.0,-1.0,-1.0,0.0,0.0,0.0,0.0
1791564402.86,2236245.1,1277.2,537.8,537.8,-9.5,175.4,9.5,89.12,89.5,-179.28,89.38,49.07,1147.860499,93506.7,1.08,543.7,-598430.5,301056.6,0.9948,0.09,552.3,-0.08955,-100.22324,0.0,0,-1.0,-1.0,-1.0,-1.0,-1.0,0.0,0.0,0.0,0.0
1791564403.36,2236245.6,1277.7,532.9,532.9,-9.8,175.4,9.8,89.1,89.54,-179.32,89.37,52.27,1148.536484,93574.7,0.91,539.1,-598430.6,301054.3,0.9948,0.09,552.3,-0.08955,-100.22324,0.0,0,-1.0,-1.0,-1.0,-1.0,-1.0,0.0,0.0,0.0,0.0
1791564403.87,2236246.1,1278.2,528.0,528.0,-9.9,175.4,9.9,89.07,89.59,-179.37,89.36,53.01,1149.229267,93644.4,1.0,534.2,-598430.7,301051.8,0.9948,0.09,552.3,-0.08955,-100.22324,0.0,0,-1.0,-1.0,-1.0,-1.0,-1.0,0.0,0.0,0.0,0.0
1791564404.37,2236246.6,1278.7,523.0,523.0,-9.8,175.4,9.8,89.1,89.54,-179.32,89.36,52.3,1149.921292,93714.0,0.99,529.2,-598430.7,301049.3,0.9948,0.09,552.3,-0.08955,-100.22324,0.0,0,-1.0,-1.0,-1.0,-1.0,-1.0,0.0,0.0,0.0,0.0
1791564404.87,2236247.1,1279.2,518.2,518.2,-9.6,175.4,9.6,89.13,89.48,-179.26,89.35,50.34,1150.602831,93782.6,1.03,524.2,-598430.7,301046.7,0.9948,0.09,552.3,-0.08955,-100.22324,0.0,0,-1.0,-1.0,-1.0,-1.0,-1.0,0.0,0.0,0.0,0.0
1791564405.37,2236247.6,1279.7,513.3,513.3,-9.8,175.4,9.8,89.1,89.55,-179.33,89.34,52.24,1151.28271,93851.1,0.94,519.5,-598430.8,301044.3,0.9948,0.09,552.3,-0.08955,-100.22324,0.0,0,-1.0,-1.0,-1.0,-1.0,-1.0,0.0,0.0,0.0,0.0
1791564405.88,2236248.1,1280.2,508.2,508.2,-10.0,175.4,10.0,89.06,89.6,-179.38,89.33,53.9,1152.005871,93923.9,0.97,514.5,-598430.9,301041.8,0.9948,0.09,552.2,-0.08955,-100.22324,0.0,0,-1.0,-1.0,-1.0,-1.0,-1.0,0.0,0.0,0.0,0.0
1791564406.38,2236248.6,1280.7,503.2,503.2,-10.0,175.4,10.0,89.09,89.55,-179.33,89.32,54.19,1152.707323,93994.5,0.99,509.5,-598430.9,301039.3,0.9948,0.09,552.2,-0.08955,-100.22324,0.0,0,-1.0,-1.0,-1.0,-1.0,-1.0,0.0,0.0,0.0,0.0
1791564406.88,2236249.1,1281.2,498.2,498.2,-9.8,175.4,9.8,89.12,89.49,-179.27,89.31,52.57,1153.403793,94064.6,1.02,504.4,-598431.0,301036.7,0.9948,0.09,552.2,-0.08955,-100.22324,0.0,0,-1.0,-1.0,-1.0,-1.0,-1.0,0.0,0.0,0.0,0.0
1791564407.38,2236249.6,1281.7,493.3,493.3,-10.0,175.4,10.0,89.1,89.54,-179.32,89.31,54.5,1154.097225,94134.5,0.94,499.6,-598431.0,301034.3,0.9948,0.09,552.2,-0.08955,-100.22325,0.0,0,-1.0,-1.0,-1.0,-1.0,-1.0,0.0,0.0,0.0,0.0
1791564407.88,2236250.1,1282.2,488.3,488.3,-9.8,175.4,9.8,89.08,89.56,-179.34,89.3,52.63,1154.801636,94205.4,1.06,494.4,-598431.1,301031.7,0.9948,0.09,552.2,-0.08955,-100.22325,0.0,0,-1.0,-1.0,-1.0,-1.0,-1.0,0.0,0.0,0.0,0.0
1791564408.38,2236250.6,1282.7,483.3,483.3,-9.8,175.3,9.8,89.12,89.5,-179.28,89.29,51.99,1155.492705,94275.1,0.99,489.5,-598431.1,301029.2,0.9948,0.09,552.2,-0.08955,-100.22325,0.0,0,-1.0,-1.0,-1.0,-1.0,-1.0,0.0,0.0,0.0,0.0
1791564408.88,2236251.1,1283.2,478.5,478.5,-9.7,175.3,9.7,89.11,89.52,-179.29,89.28,51.6,1156.178277,94344.2,1.0,484.5,-598431.2,301026.7,0.9948,0.09,552.2,-0.08955,-100.22325,0.0,0,-1.0,-1.0,-1.0,-1.0,-1.0,0.0,0.0,0.0,0.0
1791564409.39,2236251.6,1283.7,473.6,473.6,-9.8,175.3,9.8,89.09,89.56,-179.33,89.27,52.28,1156.862846,94413.1,0.97,479.7,-598431.2,301024.3,0.9948,0.09,552.2,-0.08955,-100.22325,0.0,0,-1.0,-1.0,-1.0,-1.0,-1.0,0.0,0.0,0.0,0.0
1791564409.89,2236252.1,1284.2,468.7,468.7,-9.8,175.3,9.8,89.1,89.54,-179.32,89.26,51.82,1157.546102,94482.0,0.99,474.8,-598431.3,301021.8,0.9948,0.09,552.2,-0.08955,-100.22325,0.0,0,-1.0,-1.0,-1.0,-1.0,-1.0,0.0,0.0,0.0,0.0
1791564410.39,2236252.6,1284.7,463.8,463.8,-10.0,175.4,10.0,89.07,89.59,-179.37,89.26,54.33,1158.247435,94552.7,0.97,470.1,-598431.4,301019.4,0.9948,0.09,552.2,-0.08955,-100.22325,0.0,0,-1.0,-1.0,-1.0,-1.0,-1.0,0.0,0.0,0.0,0.0
1791564410.9,2236253.1,1285.2,458.6,458.6,-9.8,175.3,9.8,89.11,89.51,-179.29,89.25,52.65,1158.970879,94625.7,1.01,464.8,-598431.4,301016.7,0.9948,0.09,552.2,-0.08955,-100.22325,0.0,0,-1.0,-1.0,-1.0,-1.0,-1.0,0.0,0.0,0.0,0.0
1791564411.4,2236253.6,1285.7,453.7,453.7,-10.0,175.4,10.0,89.1,89.54,-179.31,89.24,54.78,1159.666666,94695.8,0.94,460.0,-598431.4,301014.3,0.9948,0.09,552.2,-0.08955,-100.22325,0.0,0,-1.0,-1.0,-1.0,-1.0,-1.0,0.0,0.0,0.0,0.0
1791564411.9,2236254.1,1286.2,448.7,448.7,-10.0,175.4,10.0,89.07,89.58,-179.36,89.23,54.7,1160.374932,94767.3,0.99,455.0,-598431.5,301011.7,0.9948,0.09,552.2,-0.08955,-100.22325,0.0,0,-1.0,-1.0,-1.0,-1.0,-1.0,0.0,0.0,0.0,0.0
1791564412.4,2236254.6,1286.7,443.6,443.6,-9.9,175.3,9.9,89.1,89.53,-179.3,89.22,53.35,1161.083182,94838.7,1.05,449.9,-598431.6,301009.2,0.9948,0.09,552.2,-0.08955,-100.22325,0.0,0,-1.0,-1.0,-1.0,-1.0,-1.0,0.0,0.0,0.0,0.0
1791564412.9,2236255.1,1287.2,438.8,438.8,-9.5,175.3,9.5,89.16,89.43,-179.2,89.21,49.72,1161.76474,94907.4,1.05,444.7,-598431.6,301006.6,0.9948,0.09,552.2,-0.08955,-100.22325,0.0,0,-1.0,-1.0,-1.0,-1.0,-1.0,0.0,0.0,0.0,0.0
1791564413.4,2236255.6,1287.7,434.0,434.0,-9.7,175.3,9.7,89.09,89.56,-179.33,89.21,51.48,1162.445829,94976.2,0.96,440.0,-598431.6,301004.2,0.9948,0.09,552.1,-0.08955,-100.22325,0.0,0,-1.0,-1.0,-1.0,-1.0,-1.0,0.0,0.0,0.0,0.0
1791564413.9,2236256.1,1288.2,429.0,429.0,-10.0,175.3,10.0,89.05,89.63,-179.4,89.2,54.23,1163.142038,95046.4,0.93,435.4,-598431.7,301001.8,0.9948,0.09,552.1,-0.08955,-100.22325,0.0,0,-1.0,-1.0,-1.0,-1.0,-1.0,0.0,0.0,0.0,0.0
1791564414.41,2236256.6,1288.8,423.8,423.8,-10.0,175.3,10.0,89.08,89.56,-179.34,89.19,54.57,1163.879602,95120.8,1.02,430.2,-598431.8,300999.2,0.9948,0.09,552.1,-0.08955,-100.22325,0.0,0,-1.0,-1.0,-1.0,-1.0,-1.0,0.0,0.0,0.0,0.0
1791564414.91,2236257.1,1289.3,419.0,419.0,-9.5,175.3,9.5,89.16,89.41,-179.19,89.18,49.47,1164.564712,95190.0,1.08,424.8,-598431.8,300996.5,0.9948,0.09,552.1,-0.08955,-100.22325,0.0,0,-1.0,-1.0,-1.0,-1.0,-1.0,0.0,0.0,0.0,0.0
1791564415.42,2236257.6,1289.8,414.1,414.1,-9.8,175.3,9.8,89.09,89.55,-179.33,89.17,52.94,1165.248856,95259.1,0.92,420.3,-598431.9,300994.2,0.9948,0.09,552.1,-0.08955,-100.22325,0.0,0,-1.0,-1.0,-1.0,-1.0,-1.0,0.0,0.0,0.0,0.0
1791564415.93,2236258.1,1290.3,409.3,409.3,-9.5,175.3,9.5,89.1,89.55,-179.33,89.16,49.75,1165.931632,95328.0,1.05,415.2,-598431.9,300991.6,0.9948,0.09,552.1,-0.08955,-100.22325,0.0,0,-1.0,-1.0,-1.0,-1.0,-1.0,0.0,0.0,0.0,0.0
1791564416.43,2236258.6,1290.8,404.5,404.5,-9.8,175.3,9.8,89.09,89.55,-179.33,89.15,52.24,1166.614934,95397.0,0.95,410.6,-598432.0,300989.3,0.9948,0.09,552.1,-0.08955,-100.22325,0.0,0,-1.0,-1.0,-1.0,-1.0,-1.0,0.0,0.0,0.0,0.0
1791564416.93,2236259.1,1291.3,399.5,399.5,-9.8,175.3,9.8,89.1,89.55,-179.32,89.15,53.0,1167.328703,95469.1,0.96,405.6,-598432.0,300986.8,0.9948,0.09,552.1,-0.08955,-100.22325,0.0,0,-1.0,-1.0,-1.0,-1.0,-1.0,0.0,0.0,0.0,0.0
1791564417.44,2236259.6,1291.8,394.5,394.5,-10.0,175.3,10.0,89.07,89.59,-179.37,89.14,54.9,1168.031214,95540.1,0.97,400.8,-598432.1,300984.4,0.9948,0.09,552.1,-0.08955,-100.22325,0.0,0,-1.0,-1.0,-1.0,-1.0,-1.0,0.0,0.0,0.0,0.0
1791564417.94,2236260.1,1292.3,389.7,389.7,-9.9,175.3,9.9,89.08,89.56,-179.34,89.13,54.19,1168.715958,95609.2,1.02,395.9,-598432.1,300981.9,0.9948,0.09,552.1,-0.08955,-100.22325,0.0,0,-1.0,-1.0,-1.0,-1.0,-1.0,0.0,0.0,0.0,0.0
1791564418.44,2236260.5,1292.8,386.3,386.3,-9.9,175.3,9.9,89.13,89.47,-179.25,89.12,53.38,1169.188716,95657.0,1.03,392.5,-598432.1,300980.2,0.9948,0.09,552.1,-0.08955,-100.22325,0.0,0,-1.0,-1.0,-1.0,-1.0,-1.0,0.0,0.0,0.0,0.0
1791564418.94,2236261.0,1293.3,381.5,381.5,-9.7,175.3,9.7,89.13,89.48,-179.26,89.12,51.29,1169.879255,95726.8,1.03,387.5,-598432.2,300977.6,0.9948,0.09,552.1,-0.08955,-100.22325,0.0,0,-1.0,-1.0,-1.0,-1.0,-1.0,0.0,0.0,0.0,0.0
1791564419.44,2236261.5,1293.8,376.6,376.6,-9.7,175.3,9.7,89.09,89.55,-179.33,89.11,51.88,1170.563649,95795.9,0.97,382.7,-598432.2,300975.2,0.9948,0.09,552.1,-0.08955,-100.22325,0.0,0,-1.0,-1.0,-1.0,-1.0,-1.0,0.0,0.0,0.0,0.0
1791564419.95,2236262.0,1294.3,371.8,371.8,-9.6,175.3,9.6,89.1,89.54,-179.32,89.1,50.2,1171.245716,95864.9,1.02,377.7,-598432.3,300972.7,0.9948,0.09,552.1,-0.08955,-100.22325,0.0,0,-1.0,-1.0,-1.0,-1.0,-1.0,0.0,0.0,0.0,0.0
1791564420.45,2236262.5,1294.8,367.1,367.1,-9.7,175.3,9.7,89.1,89.54,-179.32,89.09,51.56,1171.924622,95933.5,0.95,373.1,-598432.3,300970.4,0.9948,0.09,552.1,-0.08955,-100.22326,0.0,0,-1.0,-1.0,-1.0,-1.0,-1.0,0.0,0.0,0.0,0.0
1791564420.95,2236263.0,1295.3,362.2,362.2,-9.7,175.3,9.7,89.07,89.58,-179.36,89.08,51.86,1172.621721,96004.0,1.01,368.2,-598432.4,300967.9,0.9948,0.09,552.0,-0.08955,-100.22326,0.0,0,-1.0,-1.0,-1.0,-1.0,-1.0,0.0,0.0,0.0,0.0
1791564421.45,2236263.5,1295.8,357.1,357.1,-9.7,175.3,9.7,89.11,89.51,-179.29,89.07,51.94,1173.335605,96076.2,0.97,363.2,-598432.4,300965.4,0.9948,0.09,552.0,-0.08955,-100.22326,0.0,0,-1.0,-1.0,-1.0,-1.0,-1.0,0.0,0.0,0.0,0.0
1791564421.96,2236264.0,1296.3,352.3,352.3,-9.5,175.3,9.5,89.12,89.51,-179.29,89.07,50.26,1174.018592,96145.2,1.02,358.2,-598432.5,300962.9,0.9948,0.09,552.0,-0.08955,-100.22326,0.0,0,-1.0,-1.0,-1.0,-1.0,-1.0,0.0,0.0,0.0,0.0
1791564422.46,2236264.5,1296.8,347.6,347.6,-9.7,175.3,9.7,89.1,89.55,-179.33,89.06,51.66,1174.698886,96214.0,0.95,353.6,-598432.5,300960.5,0.9948,0.09,552.0,-0.08955,-100.22326,0.0,0,-1.0,-1.0,-1.0,-1.0,-1.0,0.0,0.0,0.0,0.0
1791564422.96,2236265.0,1297.3,342.7,342.7,-9.5,175.3,9.5,89.1,89.54,-179.32,89.05,49.66,1175.383111,96283.3,1.05,348.6,-598432.6,300958.0,0.9948,0.09,552.0,-0.08955,-100.22326,0.0,0,-1.0,-1.0,-1.0,-1.0,-1.0,0.0,0.0,0.0,0.0
1791564423.46,2236265.5,1297.8,338.0,338.0,-9.6,175.3,9.6,89.12,89.51,-179.29,89.04,50.83,1176.056227,96351.4,0.95,344.0,-598432.6,300955.7,0.9948,0.09,552.0,-0.08955,-100.22326,0.0,0,-1.0,-1.0,-1.0,-1.0,-1.0,0.0,0.0,0.0,0.0
1791564423.96,2236266.0,1298.3,333.2,333.2,-9.7,175.3,9.7,89.07,89.6,-179.37,89.03,51.91,1176.748408,96421.4,0.98,339.2,-598432.7,300953.2,0.9948,0.09,552.0,-0.08955,-100.22326,0.0,0,-1.0,-1.0,-1.0,-1.0,-1.0,0.0,0.0,0.0,0.0
1791564424.47,2236266.5,1298.8,328.3,328.3,-9.7,175.3,9.7,89.1,89.54,-179.32,89.02,52.11,1177.435513,96490.9,0.97,334.4,-598432.7,300950.8,0.9948,0.09,552.0,-0.08955,-100.22326,0.0,0,-1.0,-1.0,-1.0,-1.0,-1.0,0.0,0.0,0.0,0.0
1791564424.97,2236267.0,1299.3,323.4,323.4,-10.0,175.3,10.0,89.07,89.59,-179.36,89.02,55.58,1178.141511,96562.4,0.95,329.8,-598432.8,300948.5,0.9948,0.09,552.0,-0.08955,-100.22326,0.0,0,-1.0,-1.0,-1.0,-1.0,-1.0,0.0,0.0,0.0,0.0
1791564425.47,2236267.5,1299.8,318.4,318.4,-10.0,175.3,10.0,89.09,89.54,-179.32,89.01,54.91,1178.853338,96634.4,1.03,324.7,-598432.9,300945.9,0.9948,0.09,552.0,-0.08955,-100.22326,0.0,0,-1.0,-1.0,-1.0,-1.0,-1.0,0.0,0.0,0.0,0.0
1791564425.97,2236268.0,1300.3,313.5,313.5,-9.6,175.3,9.6,89.14,89.45,-179.23,89.0,50.92,1179.549361,96704.9,1.07,319.5,-598432.9,300943.3,0.9948,0.09,552.0,-0.08955,-100.22326,0.0,0,-1.0,-1.0,-1.0,-1.0,-1.0,0.0,0.0,0.0,0.0
1791564426.47,2236268.5,1300.8,308.7,308.7,-9.9,175.3,9.9,89.09,89.56,-179.34,88.99,53.97,1180.245962,96775.4,0.93,314.9,-598433.0,300940.9,0.9948,0.09,552.0,-0.08955,-100.22326,0.0,0,-1.0,-1.0,-1.0,-1.0,-1.0,0.0,0.0,0.0,0.0
1791564426.98,2236269.0,1301.3,303.7,303.7,-9.9,175.3,9.9,89.07,89.59,-179.37,88.98,54.78,1180.950685,96846.8,0.96,310.0,-598433.0,300938.5,0.9948,0.09,552.0,-0.08955,-100.22326,0.0,0,-1.0,-1.0,-1.0,-1.0,-1.0,0.0,0.0,0.0,0.0
1791564427.48,2236269.5,1301.8,298.5,298.5,-10.0,175.3,10.0,89.08,89.55,-179.33,88.97,55.86,1181.69242,96921.9,0.97,304.9,-598433.1,300935.9,0.9948,0.09,552.0,-0.08955,-100.22326,0.0,0,-1.0,-1.0,-1.0,-1.0,-1.0,0.0,0.0,0.0,0.0
1791564427.98,2236270.0,1302.3,293.7,293.7,-9.5,175.3,9.5,89.15,89.44,-179.22,88.97,50.07,1182.390134,96992.6,1.11,299.5,-598433.1,300933.2,0.9948,0.09,551.9,-0.08955,-100.22326,0.0,0,-1.0,-1.0,-1.0,-1.0,-1.0,0.0,0.0,0.0,0.0
1791564428.48,2236270.5,1302.8,288.9,288.9,-9.6,175.3,9.6,89.12,89.51,-179.29,88.96,51.69,1183.072407,97061.7,0.94,294.9,-598433.1,300930.9,0.9948,0.09,551.9,-0.08955,-100.22326,0.0,0,-1.0,-1.0,-1.0,-1.0,-1.0,0.0,0.0,0.0,0.0
1791564428.99,2236271.0,1303.3,284.0,284.0,-9.8,175.3,9.8,89.06,89.61,-179.38,88.95,53.33,1183.771193,97132.5,0.99,290.1,-598433.2,300928.4,0.9948,0.09,551.9,-0.08955,-100.22326,0.0,0,-1.0,-1.0,-1.0,-1.0,-1.0,0.0,0.0,0.0,0.0
1791564429.49,2236271.5,1303.8,279.1,279.1,-9.7,175.3,9.7,89.09,89.55,-179.32,88.94,52.9,1184.470064,97203.4,0.99,285.2,-598433.3,300926.0,0.9948,0.09,551.9,-0.08955,-100.22326,0.0,0,-1.0,-1.0,-1.0,-1.0,-1.0,0.0,0.0,0.0,0.0
1791564429.99,2236272.0,1304.3,274.3,274.3,-9.5,175.3,9.5,89.13,89.48,-179.26,88.93,50.62,1185.158875,97273.2,1.03,280.2,-598433.3,300923.4,0.9948,0.09,551.9,-0.08955,-100.22326,0.0,0,-1.0,-1.0,-1.0,-1.0,-1.0,0.0,0.0,0.0,0.0
1791564430.49,2236272.5,1304.8,269.4,269.4,-9.7,175.3,9.7,89.1,89.54,-179.32,88.92,52.14,1185.870716,97345.3,0.95,275.4,-598433.4,300921.0,0.9948,0.09,551.9,-0.08955,-100.22326,0.0,0,-1.0,-1.0,-1.0,-1.0,-1.0,0.0,0.0,0.0,0.0
1791564430.99,2236273.0,1305.3,264.4,264.4,-10.0,175.3,10.0,89.05,89.63,-179.4,88.92,55.41,1186.576009,97416.8,0.93,270.7,-598433.5,300918.6,0.9948,0.09,551.9,-0.08955,-100.22326,0.0,0,-1.0,-1.0,-1.0,-1.0,-1.0,0.0,0.0,0.0,0.0
1791564431.5,2236273.5,1305.8,259.4,259.4,-9.9,175.3,9.9,89.08,89.57,-179.35,88.91,55.19,1187.294267,97489.7,1.01,265.7,-598433.5,300916.1,0.9948,0.09,551.9,-0.08955,-100.22326,0.0,0,-1.0,-1.0,-1.0,-1.0,-1.0,0.0,0.0,0.0,0.0
1791564432.0,2236274.0,1306.3,254.6,254.6,-9.5,175.3,9.5,89.16,89.42,-179.2,88.9,50.58,1187.992914,97560.5,1.09,260.4,-598433.5,300913.5,0.9948,0.09,551.9,-0.08955,-100.22326,0.0,0,-1.0,-1.0,-1.0,-1.0,-1.0,0.0,0.0,0.0,0.0
1791564432.5,2236274.5,1306.8,249.8,249.8,-9.8,175.3,9.8,89.11,89.53,-179.3,88.89,53.63,1188.682748,97630.5,0.91,255.9,-598433.6,300911.2,0.9948,0.09,551.9,-0.08955,-100.22326,0.0,0,-1.0,-1.0,-1.0,-1.0,-1.0,0.0,0.0,0.0,0.0
1791564433.01,2236275.0,1307.4,244.8,244.8,-9.9,175.3,9.9,89.04,89.64,-179.42,88.88,55.17,1189.394964,97702.7,0.97,251.1,-598433.7,300908.7,0.9948,0.09,551.9,-0.08955,-100.22326,0.0,0,-1.0,-1.0,-1.0,-1.0,-1.0,0.0,0.0,0.0,0.0
1791564433.51,2236275.5,1307.9,239.7,239.7,-9.7,175.3,9.7,89.12,89.49,-179.27,88.87,53.03,1190.123113,97776.6,1.01,245.8,-598433.7,300906.1,0.9948,0.09,551.9,-0.08955,-100.22326,0.0,0,-1.0,-1.0,-1.0,-1.0,-1.0,0.0,0.0,0.0,0.0
1791564434.02,2236276.0,1308.4,234.9,234.9,-9.6,175.3,9.6,89.13,89.47,-179.25,88.86,51.1,1190.814316,97846.7,1.02,240.8,-598433.7,300903.6,0.9948,0.09,551.9,-0.08955,-100.22327,0.0,0,-1.0,-1.0,-1.0,-1.0,-1.0,0.0,0.0,0.0,0.0
1791564434.52,2236276.5,1308.9,230.1,230.1,-9.6,175.3,9.6,89.09,89.55,-179.33,88.86,51.4,1191.502345,97916.6,0.98,236.1,-598433.8,300901.1,0.9948,0.09,551.9,-0.08955,-100.22327,0.0,0,-1.0,-1.0,-1.0,-1.0,-1.0,0.0,0.0,0.0,0.0
1791564435.02,2236277.0,1309.4,225.3,225.3,-9.8,175.3,9.8,89.07,89.59,-179.37,88.85,53.43,1192.199176,97987.3,0.94,231.4,-598433.9,300898.8,0.9948,0.09,551.9,-0.08955,-100.22327,0.0,0,-1.0,-1.0,-1.0,-1.0,-1.0,0.0,0.0,0.0,0.0
1791564435.52,2236277.5,1309.9,220.4,220.4,-9.7,175.3,9.7,89.08,89.56,-179.34,88.84,53.24,1192.904025,98058.8,0.99,226.5,-598433.9,300896.3,0.9948,0.09,551.8,-0.08955,-100.22327,0.0,0,-1.0,-1.0,-1.0,-1.0,-1.0,0.0,0.0,0.0,0.0
1791564436.02,2236278.0,1310.4,215.6,215.6,-9.4,175.3,9.4,89.15,89.45,-179.22,88.83,49.5,1193.590023,98128.5,1.06,221.4,-598433.9,300893.7,0.9948,0.09,551.8,-0.08955,-100.22327,0.0,0,-1.0,-1.0,-1.0,-1.0,-1.0,0.0,0.0,0.0,0.0
1791564436.52,2236278.6,1310.9,210.9,210.9,-9.7,175.3,9.7,89.1,89.55,-179.32,88.82,52.37,1194.273966,98197.9,0.93,216.9,-598434.0,300891.5,0.9948,0.09,551.8,-0.08955,-100.22327,0.0,0,-1.0,-1.0,-1.0,-1.0,-1.0,0.0,0.0,0.0,0.0
1791564437.03,2236279.1,1311.4,206.0,206.0,-9.8,175.3,9.8,89.04,89.63,-179.41,88.81,54.44,1194.981906,98269.8,0.98,212.2,-598434.1,300889.1,0.9948,0.09,551.8,-0.08955,-100.22327,0.0,0,-1.0,-1.0,-1.0,-1.0,-1.0,0.0,0.0,0.0,0.0
1791564437.53,2236279.6,1311.9,200.9,200.9,-9.8,175.3,9.8,89.09,89.54,-179.32,88.81,53.63,1195.723587,98345.1,1.02,207.0,-598434.1,300886.4,0.9948,0.09,551.8,-0.08955,-100.22327,0.0,0,-1.0,-1.0,-1.0,-1.0,-1.0,0.0,0.0,0.0,0.0
1791564438.03,2236280.1,1312.4,196.0,196.0,-9.7,175.3,9.7,89.14,89.45,-179.23,88.8,52.82,1196.417161,98415.6,0.98,202.1,-598434.1,300884.0,0.9948,0.09,551.8,-0.08955,-100.22327,0.0,0,-1.0,-1.0,-1.0,-1.0,-1.0,0.0,0.0,0.0,0.0
1791564438.53,2236280.6,1312.9,191.1,191.1,-9.9,175.3,9.9,89.07,89.58,-179.36,88.79,54.92,1197.126509,98487.7,0.98,197.4,-598434.2,300881.6,0.9948,0.09,551.8,-0.08955,-100.22327,0.0,0,-1.0,-1.0,-1.0,-1.0,-1.0,0.0,0.0,0.0,0.0
1791564439.04,2236281.1,1313.4,186.3,186.3,-9.5,175.2,9.5,89.11,89.51,-179.29,88.78,51.27,1197.824707,98558.6,1.06,192.2,-598434.2,300879.0,0.9948,0.09,551.8,-0.08955,-100.22327,0.0,0,-1.0,-1.0,-1.0,-1.0,-1.0,0.0,0.0,0.0,0.0
1791564439.54,2236281.6,1313.9,181.5,181.5,-9.8,175.3,9.8,89.11,89.53,-179.3,88.77,53.76,1198.519436,98629.2,0.94,187.6,-598434.3,300876.7,0.9948,0.09,551.8,-0.08955,-100.22327,0.0,0,-1.0,-1.0,-1.0,-1.0,-1.0,0.0,0.0,0.0,0.0
1791564440.04,2236282.1,1314.4,176.6,176.6,-9.7,175.3,9.7,89.08,89.57,-179.34,88.76,53.14,1199.227782,98701.2,1.04,182.6,-598434.4,300874.1,0.9948,0.09,551.8,-0.08955,-100.22327,0.0,0,-1.0,-1.0,-1.0,-1.0,-1.0,0.0,0.0,0.0,0.0
1791564440.55,2236282.6,1314.9,171.7,171.7,-9.7,175.3,9.7,89.1,89.53,-179.31,88.76,52.86,1199.934311,98773.0,1.02,177.7,-598434.4,300871.7,0.9948,0.09,551.8,-0.08955,-100.22327,0.0,0,-1.0,-1.0,-1.0,-1.0,-1.0,0.0,0.0,0.0,0.0
1791564441.05,2236283.1,1315.4,167.0,167.0,-9.3,175.2,9.3,89.15,89.44,-179.22,88.75,48.71,1200.616981,98842.4,1.07,172.6,-598434.4,300869.1,0.9948,0.09,551.8,-0.08955,-100.22327,0.0,0,-1.0,-1.0,-1.0,-1.0,-1.0,0.0,0.0,0.0,0.0
1791564441.55,2236283.6,1315.9,162.3,162.3,-9.5,175.2,9.5,89.1,89.55,-179.32,88.74,51.26,1201.293926,98911.3,0.93,168.2,-598434.5,300866.9,0.9948,0.09,551.8,-0.08955,-100.22327,0.0,0,-1.0,-1.0,-1.0,-1.0,-1.0,0.0,0.0,0.0,0.0
1791564442.05,2236284.1,1316.4,157.5,157.5,-9.5,175.2,9.5,89.06,89.61,-179.38,88.73,51.45,1201.984912,98981.5,0.98,163.4,-598434.6,300864.4,0.9948,0.09,551.8,-0.08955,-100.22327,0.0,0,-1.0,-1.0,-1.0,-1.0,-1.0,0.0,0.0,0.0,0.0
1791564442.55,2236284.6,1316.9,152.5,152.5,-9.8,175.3,9.8,89.07,89.58,-179.36,88.72,54.8,1202.716731,99055.9,0.95,158.7,-598434.6,300862.0,0.9948,0.09,551.8,-0.08955,-100.22327,0.0,0,-1.0,-1.0,-1.0,-1.0,-1.0,0.0,0.0,0.0,0.0
1791564443.05,2236285.1,1317.4,147.7,147.7,-9.9,175.3,9.9,89.08,89.56,-179.34,88.71,55.37,1203.407218,99126.2,0.99,154.0,-598434.7,300859.7,0.9948,0.09,551.7,-0.08955,-100.22327,0.0,0,-1.0,-1.0,-1.0,-1.0,-1.0,0.0,0.0,0.0,0.0
1791564443.55,2236285.6,1317.9,142.9,142.9,-9.8,175.3,9.8,89.12,89.49,-179.26,88.71,54.37,1204.11433,99198.1,0.99,149.0,-598434.7,300857.2,0.9948,0.09,551.7,-0.08955,-100.22327,0.0,0,-1.0,-1.0,-1.0,-1.0,-1.0,0.0,0.0,0.0,0.0
1791564444.06,2236286.1,1318.4,137.9,137.9,-9.4,175.2,9.4,89.13,89.47,-179.25,88.7,50.28,1204.838665,99271.8,1.08,143.6,-598434.7,300854.5,0.9948,0.09,551.7,-0.08955,-100.22327,0.0,0,-1.0,-1.0,-1.0,-1.0,-1.0,0.0,0.0,0.0,0.0
1791564444.56,2236286.5,1318.9,133.7,133.7,-9.6,175.2,9.6,89.09,89.55,-179.33,88.69,52.08,1205.44861,99333.9,0.95,139.6,-598434.8,300852.4,0.9948,0.09,551.7,-0.08955,-100.22327,0.0,0,-1.0,-1.0,-1.0,-1.0,-1.0,0.0,0.0,0.0,0.0
1791564445.06,2236286.6,1319.4,133.1,133.1,-9.5,175.2,9.5,89.09,89.56,-179.33,88.69,51.55,1205.5319,99342.4,0.97,139.0,-598434.8,300852.1,0.9948,0.09,551.7,-0.08955,-100.22327,0.0,0,-1.0,-1.0,-1.0,-1.0,-1.0,0.0,0.0,0.0,0.0
1791564445.56,2236286.6,1319.9,133.1,133.1,-9.5,175.2,9.5,89.09,89.56,-179.33,88.69,51.55,1205.5319,99342.4,0.97,139.0,-598434.8,300852.1,0.9948,0.09,551.7,-0.08955,-100.22327,0.0,0,-1.0,-1.0,-1.0,-1.0,-1.0,0.0,0.0,0.0,0.0
1791564446.07,2236286.6,1320.4,132.7,132.7,-9.5,175.2,9.5,89.09,89.56,-179.33,88.69,51.17,1205.587189,99348.0,1.0,138.6,-598434.8,300851.9,0.9948,0.09,551.7,-0.08955,-100.22327,0.0,0,-1.0,-1.0,-1.0,-1.0,-1.0,0.0,0.0,0.0,0.0
1791564446.57,2236286.6,1320.9,132.7,132.7,-9.5,175.2,9.5,89.09,89.56,-179.33,88.69,51.17,1205.587189,99348.0,1.0,138.6,-598434.8,300851.9,0.9948,0.09,551.7,-0.08955,-100.22327,0.0,0,-1.0,-1.0,-1.0,-1.0,-1.0,0.0,0.0,0.0,0.0
1791564447.07,2236286.7,1321.4,132.3,132.3,-9.5,175.2,9.5,89.09,89.56,-179.33,88.69,50.76,1205.6422,99353.6,1.01,138.1,-598434.8,300851.7,0.9948,0.09,551.7,-0.08955,-100.22327,0.0,0,-1.0,-1.0,-1.0,-1.0,-1.0,0.0,0.0,0.0,0.0
1791564447.57,2236286.7,1321.9,132.3,132.3,-9.5,175.2,9.5,89.09,89.56,-179.33,88.69,50.76,1205.6422,99353.6,1.01,138.1,-598434.8,300851.7,0.9948,0.09,551.7,-0.08955,-100.22327,0.0,0,-1.0,-1.0,-1.0,-1.0,-1.0,0.0,0.0,0.0,0.0
1791564448.07,2236286.7,1322.4,132.0,132.0,-9.4,175.2,9.4,89.09,89.55,-179.33,88.69,50.35,1205.696932,99359.2,1.03,137.7,-598434.8,300851.5,0.9948,0.09,551.7,-0.08955,-100.22327,0.0,0,-1.0,-1.0,-1.0,-1.0,-1.0,0.0,0.0,0.0,0.0
1791564448.57,2236286.7,1322.9,132.0,132.0,-9.4,175.2,9.4,89.09,89.55,-179.33,88.69,50.35,1205.696932,99359.2,1.03,137.7,-598434.8,300851.5,0.9948,0.09,551.7,-0.08955,-100.22327,0.0,0,-1.0,-1.0,-1.0,-1.0,-1.0,0.0,0.0,0.0,0.0
1791564449.07,2236286.7,1323.4,131.6,131.6,-9.4,175.2,9.4,89.09,89.55,-179.33,88.69,49.94,1205.751513,99364.7,1.05,137.3,-598434.8,300851.3,0.9948,0.09,551.7,-0.08955,-100.22327,0.0,0,-1.0,-1.0,-1.0,-1.0,-1.0,0.0,0.0,0.0,0.0
1791564449.58,2236286.7,1323.9,131.6,131.6,-9.4,175.2,9.4,89.09,89.55,-179.33,88.69,49.94,1205.751513,99364.7,1.05,137.3,-598434.8,300851.3,0.9948,0.09,551.7,-0.08955,-100.22327,0.0,0,-1.0,-1.0,-1.0,-1.0,-1.0,0.0,0.0,0.0,0.0
1791564450.08,2236286.8,1324.4,131.2,131.2,-9.3,175.2,9.3,89.1,89.54,-179.32,88.69,49.54,1205.805908,99370.3,1.07,136.9,-598434.8,300851.0,0.9948,0.09,551.7,-0.08955,-100.22327,0.0,0,-1.0,-1.0,-1.0,-1.0,-1.0,0.0,0.0,0.0,0.0
1791564450.58,2236286.8,1324.9,131.2,131.2,-9.3,175.2,9.3,89.1,89.54,-179.32,88.69,49.54,1205.805908,99370.3,1.07,136.9,-598434.8,300851.0,0.9948,0.09,551.7,-0.08955,-100.22327,0.0,0,-1.0,-1.0,-1.0,-1.0,-1.0,0.0,0.0,0.0,0.0
1791564451.08,2236286.8,1325.4,130.8,130.8,-9.3,175.2,9.3,89.1,89.54,-179.31,88.69,49.16,1205.860059,99375.8,1.08,136.5,-598434.8,300850.8,0.9948,0.09,551.7,-0.08955,-100.22327,0.0,0,-1.0,-1.0,-1.0,-1.0,-1.0,0.0,0.0,0.0,0.0
1791564451.58,2236286.8,1325.9,130.8,130.8,-9.3,175.2,9.3,89.1,89.54,-179.31,88.69,49.16,1205.860059,99375.8,1.08,136.5,-598434.8,300850.8,0.9948,0.09,551.7,-0.08955,-100.22327,0.0,0,-1.0,-1.0,-1.0,-1.0,-1.0,0.0,0.0,0.0,0.0
1791564452.08,2236286.9,1326.4,130.5,130.5,-9.3,175.2,9.3,89.11,89.53,-179.31,88.68,48.8,1205.914024,99381.3,1.08,136.1,-598434.8,300850.6,0.9948,0.09,551.7,-0.08955,-100.22327,0.0,0,-1.0,-1.0,-1.0,-1.0,-1.0,0.0,0.0,0.0,0.0
1791564452.59,2236286.9,1326.9,130.5,130.5,-9.3,175.2,9.3,89.11,89.53,-179.31,88.68,48.8,1205.914024,99381.3,1.08,136.1,-598434.8,300850.6,0.9948,0.09,551.7,-0.08955,-100.22327,0.0,0,-1.0,-1.0,-1.0,-1.0,-1.0,0.0,0.0,0.0,0.0
1791564453.09,2236286.9,1327.4,130.1,130.1,-9.2,175.2,9.2,89.11,89.52,-179.3,88.68,48.48,1205.967839,99386.7,1.08,135.7,-598434.8,300850.4,0.9948,0.09,551.7,-0.08955,-100.22327,0.0,0,-1.0,-1.0,-1.0,-1.0,-1.0,0.0,0.0,0.0,0.0
1791564453.59,2236286.9,1327.9,130.1,130.1,-9.2,175.2,9.2,89.11,89.52,-179.3,88.68,48.48,1205.967839,99386.7,1.08,135.7,-598434.8,300850.4,0.9948,0.09,551.7,-0.08955,-100.22327,0.0,0,-1.0,-1.0,-1.0,-1.0,-1.0,0.0,0.0,0.0,0.0
1791564454.09,2236286.9,1328.4,129.7,129.7,-9.2,175.2,9.2,89.11,89.51,-179.29,88.68,48.19,1206.021339,99392.2,1.08,135.3,-598434.8,300850.2,0.9948,0.09,551.7,-0.08955,-100.22327,0.0,0,-1.0,-1.0,-1.0,-1.0,-1.0,0.0,0.0,0.0,0.0
1791564454.59,2236286.9,1328.9,129.7,129.7,-9.2,175.2,9.2,89.11,89.51,-179.29,88.68,48.19,1206.021339,99392.2,1.08,135.3,-598434.8,300850.2,0.9948,0.09,551.7,-0.08955,-100.22327,0.0,0,-1.0,-1.0,-1.0,-1.0,-1.0,0.0,0.0,0.0,0.0
1791564455.09,2236287.0,1329.4,129.4,129.4,-9.2,175.2,9.2,89.12,89.5,-179.28,88.68,47.94,1206.074909,99397.6,1.08,134.9,-598434.8,300850.0,0.9948,0.09,551.7,-0.08955,-100.22327,0.0,0,-1.0,-1.0,-1.0,-1.0,-1.0,0.0,0.0,0.0,0.0
1791564455.59,2236287.0,1329.9,129.4,129.4,-9.2,175.2,9.2,89.12,89.5,-179.28,88.68,47.94,1206.074909,99397.6,1.08,134.9,-598434.8,300850.0,0.9948,0.09,551.7,-0.08955,-100.22327,0.0,0,-1.0,-1.0,-1.0,-1.0,-1.0,0.0,0.0,0.0,0.0
1791564456.1,2236287.0,1330.4,129.0,129.0,-9.2,175.2,9.2,89.12,89.49,-179.27,88.68,47.73,1206.128257,99403.1,1.08,134.5,-598434.8,300849.9,0.9948,0.09,551.7,-0.08955,-100.22327,0.0,0,-1.0,-1.0,-1.0,-1.0,-1.0,0.0,0.0,0.0,0.0
1791564456.6,2236287.0,1330.9,129.0,129.0,-9.2,175.2,9.2,89.12,89.49,-179.27,88.68,47.73,1206.128257,99403.1,1.08,134.5,-598434.8,300849.9,0.9948,0.09,551.7,-0.08955,-100.22327,0.0,0,-1.0,-1.0,-1.0,-1.0,-1.0,0.0,0.0,0.0,0.0
1791564457.1,2236287.1,1331.4,128.6,128.6,-9.2,175.2,9.2,89.13,89.49,-179.27,88.68,47.58,1206.181419,99408.5,1.07,134.1,-598434.8,300849.7,0.9948,0.09,551.7,-0.08955,-100.22327,0.0,0,-1.0,-1.0,-1.0,-1.0,-1.0,0.0,0.0,0.0,0.0
1791564457.6,2236287.1,1331.9,128.6,128.6,-9.2,175.2,9.2,89.13,89.49,-179.27,88.68,47.58,1206.181419,99408.5,1.07,134.1,-598434.8,300849.7,0.9948,0.09,551.7,-0.08955,-100.22327,0.0,0,-1.0,-1.0,-1.0,-1.0,-1.0,0.0,0.0,0.0,0.0
1791564458.1,2236287.1,1332.4,128.3,128.3,-9.1,175.2,9.1,89.13,89.48,-179.26,88.68,47.47,1206.234616,99413.9,1.06,133.8,-598434.8,300849.5,0.9948,0.09,551.7,-0.08955,-100.22327,0.0,0,-1.0,-1.0,-1.0,-1.0,-1.0,0.0,0.0,0.0,0.0
1791564458.6,2236287.1,1332.9,128.3,128.3,-9.1,175.2,9.1,89.13,89.48,-179.26,88.68,47.47,1206.234616,99413.9,1.06,133.8,-598434.8,300849.5,0.9948,0.09,551.7,-0.08955,-100.22327,0.0,0,-1.0,-1.0,-1.0,-1.0,-1.0,0.0,0.0,0.0,0.0
1791564459.11,2236287.1,1333.4,127.9,127.9,-9.1,175.2,9.1,89.13,89.48,-179.26,88.68,47.42,1206.287683,99419.3,1.06,133.4,-598434.8,300849.3,0.9948,0.09,551.7,-0.08955,-100.22327,0.0,0,-1.0,-1.0,-1.0,-1.0,-1.0,0.0,0.0,0.0,0.0
1791564459.61,2236287.1,1334.0,127.9,127.9,-9.1,175.2,9.1,89.13,89.48,-179.26,88.68,47.42,1206.287683,99419.3,1.06,133.4,-598434.8,300849.3,0.9948,0.09,551.7,-0.08955,-100.22327,0.0,0,-1.0,-1.0,-1.0,-1.0,-1.0,0.0,0.0,0.0,0.0
1791564460.11,2236287.2,1334.5,127.5,127.5,-9.1,175.2,9.1,89.14,89.47,-179.25,88.68,47.42,1206.340878,99424.7,1.05,133.0,-598434.8,300849.1,0.9948,0.09,551.7,-0.08955,-100.22327,0.0,0,-1.0,-1.0,-1.0,-1.0,-1.0,0.0,0.0,0.0,0.0
1791564460.61,2236287.2,1335.0,127.5,127.5,-9.1,175.2,9.1,89.14,89.47,-179.25,88.68,47.42,1206.340878,99424.7,1.05,133.0,-598434.8,300849.1,0.9948,0.09,551.7,-0.08955,-100.22327,0.0,0,-1.0,-1.0,-1.0,-1.0,-1.0,0.0,0.0,0.0,0.0
1791564461.11,2236287.2,1335.5,127.2,127.2,-9.1,175.2,9.1,89.14,89.47,-179.25,88.68,47.47,1206.394071,99430.1,1.04,132.7,-598434.8,300848.9,0.9948,0.09,551.7,-0.08955,-100.22327,0.0,0,-1.0,-1.0,-1.0,-1.0,-1.0,0.0,0.0,0.0,0.0
1791564461.61,2236287.2,1336.0,127.2,127.2,-9.1,175.2,9.1,89.14,89.47,-179.25,88.68,47.47,1206.394071,99430.1,1.04,132.7,-598434.8,300848.9,0.9948,0.09,551.7,-0.08955,-100.22327,0.0,0,-1.0,-1.0,-1.0,-1.0,-1.0,0.0,0.0,0.0,0.0
1791564462.11,2236287.3,1336.5,126.8,126.8,-9.2,175.2,9.2,89.14,89.47,-179.25,88.68,47.58,1206.447227,99435.5,1.03,132.3,-598434.8,300848.7,0.9948,0.09,551.7,-0.08955,-100.22327,0.0,0,-1.0,-1.0,-1.0,-1.0,-1.0,0.0,0.0,0.0,0.0
1791564462.62,2236287.3,1337.0,126.8,126.8,-9.2,175.2,9.2,89.14,89.47,-179.25,88.68,47.58,1206.447227,99435.5,1.03,132.3,-598434.8,300848.7,0.9948,0.09,551.7,-0.08955,-100.22327,0.0,0,-1.0,-1.0,-1.0,-1.0,-1.0,0.0,0.0,0.0,0.0
1791564463.12,2236287.3,1337.5,126.4,126.4,-9.2,175.2,9.2,89.14,89.48,-179.25,88.68,47.76,1206.500475,99440.9,1.01,132.0,-598434.8,300848.6,0.9948,0.09,551.7,-0.08955,-100.22327,0.0,0,-1.0,-1.0,-1.0,-1.0,-1.0,0.0,0.0,0.0,0.0
1791564463.62,2236287.3,1338.0,126.4,126.4,-9.2,175.2,9.2,89.14,89.48,-179.25,88.68,47.76,1206.500475,99440.9,1.01,132.0,-598434.8,300848.6,0.9948,0.09,551.7,-0.08955,-100.22327,0.0,0,-1.0,-1.0,-1.0,-1.0,-1.0,0.0,0.0,0.0,0.0
1791564464.12,2236287.3,1338.5,126.1,126.1,-9.2,175.2,9.2,89.13,89.48,-179.26,88.68,48.03,1206.554036,99446.4,1.0,131.6,-598434.8,300848.4,0.9948,0.09,551.7,-0.08955,-100.22327,0.0,0,-1.0,-1.0,-1.0,-1.0,-1.0,0.0,0.0,0.0,0.0
1791564464.62,2236287.3,1339.0,126.1,126.1,-9.2,175.2,9.2,89.13,89.48,-179.26,88.68,48.03,1206.554036,99446.4,1.0,131.6,-598434.8,300848.4,0.9948,0.09,551.7,-0.08955,-100.22327,0.0,0,-1.0,-1.0,-1.0,-1.0,-1.0,0.0,0.0,0.0,0.0
1791564465.12,2236287.4,1339.5,125.7,125.7,-9.2,175.2,9.2,89.13,89.49,-179.26,88.68,48.46,1206.607523,99451.8,0.98,131.3,-598434.8,300848.2,0.9948,0.09,551.7,-0.08955,-100.22327,0.0,0,-1.0,-1.0,-1.0,-1.0,-1.0,0.0,0.0,0.0,0.0
1791564465.62,2236287.4,1340.0,125.7,125.7,-9.2,175.2,9.2,89.13,89.49,-179.26,88.68,48.46,1206.607523,99451.8,0.98,131.3,-598434.8,300848.2,0.9948,0.09,551.7,-0.08955,-100.22327,0.0,0,-1.0,-1.0,-1.0,-1.0,-1.0,0.0,0.0,0.0,0.0
1791564466.13,2236287.4,1340.5,125.3,125.3,-9.3,175.2,9.3,89.13,89.5,-179.27,88.68,49.21,1206.661566,99457.3,0.96,131.0,-598434.8,300848.1,0.9948,0.09,551.7,-0.08955,-100.22327,0.0,0,-1.0,-1.0,-1.0,-1.0,-1.0,0.0,0.0,0.0,0.0
1791564466.63,2236287.4,1341.0,125.3,125.3,-9.3,175.2,9.3,89.13,89.5,-179.27,88.68,49.21,1206.661566,99457.3,0.96,131.0,-598434.8,300848.1,0.9948,0.09,551.7,-0.08955,-100.22327,0.0,0,-1.0,-1.0,-1.0,-1.0,-1.0,0.0,0.0,0.0,0.0
1791564467.13,2236287.5,1341.5,124.9,124.9,-9.4,175.2,9.4,89.12,89.51,-179.29,88.67,49.95,1206.716162,99462.9,0.94,130.7,-598434.9,300847.9,0.9948,0.09,551.7,-0.08955,-100.22327,0.0,0,-1.0,-1.0,-1.0,-1.0,-1.0,0.0,0.0,0.0,0.0
1791564467.63,2236287.5,1342.0,124.9,124.9,-9.4,175.2,9.4,89.12,89.51,-179.29,88.67,49.95,1206.716162,99462.9,0.94,130.7,-598434.9,300847.9,0.9948,0.09,551.7,-0.08955,-100.22327,0.0,0,-1.0,-1.0,-1.0,-1.0,-1.0,0.0,0.0,0.0,0.0
1791564468.13,2236287.5,1342.5,124.6,124.6,-9.4,175.2,9.4,89.11,89.52,-179.3,88.67,49.99,1206.770686,99468.5,0.93,130.3,-598434.9,300847.7,0.9948,0.09,551.7,-0.08955,-100.22327,0.0,0,-1.0,-1.0,-1.0,-1.0,-1.0,0.0,0.0,0.0,0.0
1791564468.63,2236287.5,1343.0,124.6,124.6,-9.4,175.2,9.4,89.11,89.52,-179.3,88.67,49.99,1206.770686,99468.5,0.93,130.3,-598434.9,300847.7,0.9948,0.09,551.7,-0.08955,-100.22327,0.0,0,-1.0,-1.0,-1.0,-1.0,-1.0,0.0,0.0,0.0,0.0
1791564469.14,2236288.0,1343.5,120.2,120.2,-9.5,175.2,9.5,89.05,89.62,-179.4,88.67,51.69,1207.40859,99533.4,0.96,126.1,-598434.9,300845.6,0.9948,0.09,551.7,-0.08955,-100.22327,0.0,0,-1.0,-1.0,-1.0,-1.0,-1.0,0.0,0.0,0.0,0.0
1791564469.64,2236288.5,1344.0,115.4,115.4,-9.6,175.2,9.6,89.09,89.55,-179.32,88.66,52.02,1208.098698,99603.7,0.97,121.3,-598435.0,300843.2,0.9948,0.09,551.7,-0.08955,-100.22327,0.0,0,-1.0,-1.0,-1.0,-1.0,-1.0,0.0,0.0,0.0,0.0
1791564470.14,2236289.0,1344.5,110.6,110.6,-9.8,175.2,9.8,89.08,89.57,-179.35,88.65,54.83,1208.806567,99675.7,0.95,116.7,-598435.0,300840.8,0.9948,0.09,551.7,-0.08955,-100.22327,0.0,0,-1.0,-1.0,-1.0,-1.0,-1.0,0.0,0.0,0.0,0.0
1791564470.64,2236289.5,1345.0,105.7,105.7,-9.8,175.2,9.8,89.1,89.53,-179.31,88.64,54.19,1209.520266,99748.4,1.03,111.8,-598435.1,300838.3,0.9948,0.09,551.7,-0.08955,-100.22328,0.0,0,-1.0,-1.0,-1.0,-1.0,-1.0,0.0,0.0,0.0,0.0
1791564471.14,2236290.0,1345.5,100.6,100.6,-9.8,175.2,9.8,89.1,89.52,-179.3,88.63,54.52,1210.260582,99823.8,0.99,106.7,-598435.1,300835.8,0.9948,0.09,551.7,-0.08955,-100.22328,0.0,0,-1.0,-1.0,-1.0,-1.0,-1.0,0.0,0.0,0.0,0.0
1791564471.65,2236290.5,1346.0,95.7,95.7,-9.8,175.2,9.8,89.09,89.54,-179.32,88.62,54.76,1210.974006,99896.5,0.99,101.8,-598435.2,300833.3,0.9948,0.09,551.7,-0.08955,-100.22328,0.0,0,-1.0,-1.0,-1.0,-1.0,-1.0,0.0,0.0,0.0,0.0
1791564472.15,2236290.9,1346.5,91.1,91.1,-9.8,175.2,9.8,89.08,89.56,-179.33,88.62,54.38,1211.636963,99964.0,1.01,97.2,-598435.3,300831.0,0.9948,0.09,551.7,-0.08955,-100.22328,0.0,0,-1.0,-1.0,-1.0,-1.0,-1.0,0.0,0.0,0.0,0.0
1791564472.66,2236291.4,1347.0,86.3,86.3,-9.7,175.2,9.7,89.12,89.5,-179.28,88.61,53.91,1212.343394,100036.0,0.98,92.3,-598435.3,300828.5,0.9948,0.09,551.7,-0.08955,-100.22328,0.0,0,-1.0,-1.0,-1.0,-1.0,-1.0,0.0,0.0,0.0,0.0
1791564473.16,2236291.9,1347.5,81.4,81.4,-9.7,175.2,9.7,89.09,89.55,-179.33,88.6,53.77,1213.057053,100108.7,1.0,87.4,-598435.3,300826.0,0.9948,0.09,551.7,-0.08955,-100.22328,0.0,0,-1.0,-1.0,-1.0,-1.0,-1.0,0.0,0.0,0.0,0.0
1791564473.66,2236292.5,1348.0,76.6,76.6,-9.7,175.2,9.7,89.11,89.52,-179.29,88.59,53.22,1213.75856,100180.2,0.98,82.6,-598435.4,300823.6,0.9948,0.09,551.6,-0.08955,-100.22328,0.0,0,-1.0,-1.0,-1.0,-1.0,-1.0,0.0,0.0,0.0,0.0
1791564474.16,2236293.0,1348.5,71.6,71.6,-9.5,175.2,9.5,89.1,89.54,-179.31,88.58,52.06,1214.492235,100255.0,1.02,77.4,-598435.4,300821.0,0.9948,0.09,551.6,-0.08955,-100.22328,0.0,0,-1.0,-1.0,-1.0,-1.0,-1.0,0.0,0.0,0.0,0.0
1791564474.67,2236293.5,1349.0,66.8,66.8,-9.6,175.2,9.6,89.1,89.53,-179.3,88.57,52.72,1215.187969,100326.0,0.96,72.7,-598435.5,300818.6,0.9948,0.09,551.6,-0.08955,-100.22328,0.0,0,-1.0,-1.0,-1.0,-1.0,-1.0,0.0,0.0,0.0,0.0
1791564475.17,2236293.8,1349.5,63.6,63.6,-9.4,175.2,9.4,89.11,89.52,-179.29,88.57,50.06,1215.658739,100374.0,1.06,69.3,-598435.5,300816.9,0.9948,0.09,551.6,-0.08955,-100.22328,0.0,0,-1.0,-1.0,-1.0,-1.0,-1.0,0.0,0.0,0.0,0.0
1791564475.67,2236294.3,1350.0,58.9,58.9,-9.4,175.2,9.4,89.12,89.51,-179.29,88.56,50.25,1216.338813,100443.3,0.98,64.6,-598435.5,300814.5,0.9948,0.09,551.6,-0.08955,-100.22328,0.0,0,-1.0,-1.0,-1.0,-1.0,-1.0,0.0,0.0,0.0,0.0
1791564476.18,2236294.8,1350.5,54.2,54.2,-9.6,175.2,9.6,89.06,89.6,-179.38,88.55,53.17,1217.035769,100514.4,0.95,60.1,-598435.6,300812.2,0.9948,0.09,551.6,-0.08955,-100.22328,0.0,0,-1.0,-1.0,-1.0,-1.0,-1.0,0.0,0.0,0.0,0.0
1791564476.68,2236295.3,1351.0,49.3,49.3,-9.7,175.2,9.7,89.07,89.58,-179.36,88.54,54.24,1217.745212,100586.8,0.98,55.4,-598435.7,300809.8,0.9948,0.09,551.6,-0.08955,-100.22328,0.0,0,-1.0,-1.0,-1.0,-1.0,-1.0,0.0,0.0,0.0,0.0
1791564477.18,2236295.8,1351.5,44.5,44.5,-9.8,175.2,9.8,89.11,89.51,-179.29,88.54,54.76,1218.455626,100659.2,0.99,50.6,-598435.7,300807.4,0.9948,0.09,551.6,-0.08955,-100.22328,0.0,0,-1.0,-1.0,-1.0,-1.0,-1.0,0.0,0.0,0.0,0.0
1791564477.68,2236296.3,1352.0,39.5,39.5,-9.8,175.2,9.8,89.09,89.55,-179.33,88.53,55.56,1219.174063,100732.5,0.98,45.7,-598435.8,300805.0,0.9948,0.09,551.6,-0.08955,-100.22328,0.0,0,-1.0,-1.0,-1.0,-1.0,-1.0,0.0,0.0,0.0,0.0
1791564478.18,2236296.8,1352.5,34.6,34.6,-9.9,175.2,9.9,89.08,89.56,-179.34,88.52,56.49,1219.896326,100806.3,0.96,40.9,-598435.8,300802.5,0.9948,0.09,551.6,-0.08955,-100.22328,0.0,0,-1.0,-1.0,-1.0,-1.0,-1.0,0.0,0.0,0.0,0.0
1791564478.69,2236297.3,1353.0,29.7,29.7,-9.8,175.2,9.8,89.1,89.53,-179.31,88.51,55.5,1220.620529,100880.2,1.02,35.8,-598435.9,300800.0,0.9948,0.09,551.6,-0.08955,-100.22328,0.0,0,-1.0,-1.0,-1.0,-1.0,-1.0,0.0,0.0,0.0,0.0
1791564479.19,2236297.8,1353.5,24.7,24.7,-9.9,175.2,9.9,89.09,89.54,-179.31,88.5,56.79,1221.343959,100954.0,0.95,31.0,-598435.9,300797.5,0.9948,0.09,551.6,-0.08955,-100.22328,0.0,0,-1.0,-1.0,-1.0,-1.0,-1.0,0.0,0.0,0.0,0.0
1791564479.69,2236298.3,1354.0,19.8,19.8,-9.6,175.2,9.6,89.11,89.51,-179.29,88.49,53.44,1222.065785,101027.7,1.08,25.8,-598436.0,300794.9,0.9948,0.09,551.6,-0.08955,-100.22328,0.0,0,-1.0,-1.0,-1.0,-1.0,-1.0,0.0,0.0,0.0,0.0
1791564480.19,2236298.8,1354.5,15.0,15.0,-9.7,175.2,9.7,89.11,89.5,-179.28,88.49,54.27,1222.775756,101100.2,0.98,21.0,-598436.0,300792.5,0.9948,0.09,551.6,-0.08955,-100.22328,0.0,0,-1.0,-1.0,-1.0,-1.0,-1.0,0.0,0.0,0.0,0.0
1791564480.69,2236299.3,1355.0,10.1,10.1,-9.7,175.2,9.7,89.09,89.54,-179.32,88.48,53.86,1223.48887,101173.0,1.03,16.1,-598436.1,300790.0,0.9948,0.09,551.6,-0.08955,-100.22328,0.0,0,-1.0,-1.0,-1.0,-1.0,-1.0,0.0,0.0,0.0,0.0
1791564481.19,2236299.8,1355.5,5.1,5.1,-9.5,175.2,9.5,89.1,89.53,-179.31,88.47,52.21,1224.227632,101248.4,1.04,11.0,-598436.1,300787.4,0.9948,0.09,551.5,-0.08955,-100.22328,0.0,0,-1.0,-1.0,-1.0,-1.0,-1.0,0.0,0.0,0.0,0.0
1791564481.7,2236300.3,1356.0,0.6,0.6,-9.2,175.2,9.2,89.12,89.48,-179.25,88.46,48.65,1224.89301,101316.4,1.07,6.1,-598436.2,300785.0,0.9948,0.09,551.5,-0.08955,-100.22328,0.0,0,-1.0,-1.0,-1.0,-1.0,-1.0,0.0,0.0,0.0,0.0
1791564482.2,2236300.8,1356.5,-1.7,1020.2,-1.7,175.0,1.7,88.07,88.74,-178.52,88.45,1.7,1224.977057,101325.0,2.41,-0.2,-598435.7,300782.0,0.9948,0.09,551.5,-0.08955,-100.22329,0.0,0,-1.0,-1.0,-1.0,-1.0,-1.0,0.0,0.0,0.0,0.0
1791564482.7,2236301.3,1357.0,-1.8,1020.2,1.1,175.0,1.1,86.48,88.8,-178.57,88.44,0.64,1224.977057,101325.0,1.52,-0.4,-598435.6,300782.0,0.9948,0.09,551.5,-0.08955,-100.22329,0.0,0,-1.0,-1.0,-1.0,-1.0,-1.0,0.0,0.0,0.0,0.0
1791564483.2,2236301.8,1357.5,-1.0,1021.0,1.7,175.0,1.7,85.44,89.0,-178.78,88.44,1.62,1224.977057,101325.0,1.07,0.5,-598435.4,300782.5,0.9948,0.09,551.5,-0.08955,-100.22329,0.0,0,-1.0,-1.0,-1.0,-1.0,-1.0,0.0,0.0,0.0,0.0
1791564483.71,2236302.3,1358.0,-0.3,1021.7,1.2,175.0,1.2,85.08,89.23,-179.01,88.43,0.79,1224.977057,101325.0,0.87,1.2,-598435.5,300782.8,0.9948,0.09,551.5,-0.08955,-100.22329,0.0,0,-1.0,-1.0,-1.0,-1.0,-1.0,0.0,0.0,0.0,0.0
1791564484.21,2236302.8,1358.6,-0.0,1021.9,-0.2,175.0,0.2,85.09,89.49,-179.27,88.42,0.03,1224.977057,101325.0,0.69,1.3,-598435.7,300782.8,0.9948,0.09,551.5,-0.08955,-100.22329,0.0,0,-1.0,-1.0,-1.0,-1.0,-1.0,0.0,0.0,0.0,0.0
1791564484.71,2236303.3,1359.1,-0.4,1021.6,-1.0,175.0,1.0,85.13,89.67,-179.44,88.41,0.54,1224.977057,101325.0,0.88,1.0,-598435.8,300782.6,0.9948,0.09,551.5,-0.08955,-100.22329,0.0,0,-1.0,-1.0,-1.0,-1.0,-1.0,0.0,0.0,0.0,0.0
1791564485.21,2236303.8,1359.6,-0.8,1021.2,-0.3,175.0,0.3,84.52,89.67,-179.44,88.4,0.06,1224.977057,101325.0,1.15,0.6,-598435.8,300782.4,0.9948,0.09,551.5,-0.08955,-100.22329,0.0,0,-1.0,-1.0,-1.0,-1.0,-1.0,0.0,0.0,0.0,0.0
1791564485.71,2236304.3,1360.1,-0.7,1021.3,0.5,175.0,0.5,83.78,89.6,-179.38,88.39,0.13,1224.977057,101325.0,1.16,0.7,-598435.6,300782.5,0.9948,0.09,551.5,-0.08955,-100.22329,0.0,0,-1.0,-1.0,-1.0,-1.0,-1.0,0.0,0.0,0.0,0.0
1791564486.21,2236304.8,1360.6,-0.4,1021.6,0.7,175.0,0.7,83.32,89.55,-179.33,88.39,0.27,1224.977057,101325.0,1.02,1.0,-598435.6,300782.7,0.9948,0.09,551.5,-0.08955,-100.22329,0.0,0,-1.0,-1.0,-1.0,-1.0,-1.0,0.0,0.0,0.0,0.0
1791564486.72,2236305.3,1361.1,-0.2,1021.8,-0.1,175.0,0.1,83.51,89.57,-179.35,88.38,0.0,1224.977057,101325.0,0.83,1.2,-598435.8,300782.7,0.9948,0.09,551.5,-0.08955,-100.22329,0.0,0,-1.0,-1.0,-1.0,-1.0,-1.0,0.0,0.0,0.0,0.0
1791564487.22,2236305.8,1361.6,-0.4,1021.6,-0.6,175.0,0.6,83.95,89.61,-179.39,88.37,0.21,1224.977057,101325.0,0.9,1.0,-598435.9,300782.5,0.9948,0.09,551.5,-0.08955,-100.22328,0.0,0,-1.0,-1.0,-1.0,-1.0,-1.0,0.0,0.0,0.0,0.0
1791564487.72,2236306.3,1362.1,-0.6,1021.3,-0.2,174.9,0.2,83.89,89.61,-179.38,88.36,0.04,1224.977057,101325.0,1.08,0.7,-598435.9,300782.4,0.9948,0.09,551.5,-0.08955,-100.22328,0.0,0,-1.0,-1.0,-1.0,-1.0,-1.0,0.0,0.0,0.0,0.0
1791564488.22,2236306.8,1362.6,-0.6,1021.4,0.3,175.0,0.3,83.53,89.57,-179.34,88.35,0.05,1224.977057,101325.0,1.1,0.8,-598435.9,300782.4,0.9948,0.09,551.5,-0.08955,-100.22329,0.0,0,-1.0,-1.0,-1.0,-1.0,-1.0,0.0,0.0,0.0,0.0
1791564488.72,2236307.3,1363.1,-0.4,1021.6,0.3,175.0,0.3,83.39,89.54,-179.32,88.34,0.06,1224.977057,101325.0,0.99,0.9,-598435.9,300782.5,0.9948,0.09,551.5,-0.08955,-100.22328,0.0,0,-1.0,-1.0,-1.0,-1.0,-1.0,0.0,0.0,0.0,0.0
1791564489.23,2236307.8,1363.6,-0.4,1021.6,-0.0,174.9,0.0,83.55,89.55,-179.33,88.34,0.0,1224.977057,101325.0,0.92,1.0,-598436.0,300782.5,0.9948,0.09,551.5,-0.08955,-100.22328,0.0,0,-1.0,-1.0,-1.0,-1.0,-1.0,0.0,0.0,0.0,0.0
1791564489.73,2236308.3,1364.1,-0.4,1021.6,-0.2,174.9,0.2,83.72,89.57,-179.35,88.33,0.03,1224.977057,101325.0,0.95,0.9,-598436.0,300782.4,0.9948,0.09,551.5,-0.08955,-100.22328,0.0,0,-1.0,-1.0,-1.0,-1.0,-1.0,0.0,0.0,0.0,0.0
1791564490.23,2236308.3,1364.6,-0.4,1021.6,-0.2,174.9,0.2,83.72,89.57,-179.35,88.33,0.03,1224.977057,101325.0,0.95,0.9,-598436.0,300782.4,0.9948,0.09,551.5,-0.08955,-100.22328,0.0,0,-1.0,-1.0,-1.0,-1.0,-1.0,0.0,0.0,0.0,0.0
1791564490.73,2236308.3,1365.1,-0.4,1021.5,-0.2,174.9,0.2,83.73,89.57,-179.35,88.33,0.03,1224.977057,101325.0,0.96,0.9,-598436.1,300782.4,0.9948,0.09,551.5,-0.08955,-100.22328,0.0,0,-1.0,-1.0,-1.0,-1.0,-1.0,0.0,0.0,0.0,0.0
1791564491.23,2236308.3,1365.6,-0.4,1021.5,-0.2,174.9,0.2,83.73,89.57,-179.35,88.33,0.03,1224.977057,101325.0,0.96,0.9,-598436.1,300782.4,0.9948,0.09,551.5,-0.08955,-100.22328,0.0,0,-1.0,-1.0,-1.0,-1.0,-1.0,0.0,0.0,0.0,0.0
1791564491.73,2236308.3,1366.1,-0.4,1021.5,-0.2,174.9,0.2,83.74,89.57,-179.35,88.33,0.03,1224.977057,101325.0,0.97,0.9,-598436.1,300782.4,0.9948,0.09,551.5,-0.08955,-100.22328,0.0,0,-1.0,-1.0,-1.0,-1.0,-1.0,0.0,0.0,0.0,0.0
1791564492.24,2236308.3,1366.6,-0.4,1021.5,-0.2,174.9,0.2,83.74,89.57,-179.35,88.33,0.03,1224.977057,101325.0,0.97,0.9,-598436.1,300782.4,0.9948,0.09,551.5,-0.08955,-100.22328,0.0,0,-1.0,-1.0,-1.0,-1.0,-1.0,0.0,0.0,0.0,0.0
1791564492.74,2236308.4,1367.1,-0.5,1021.5,-0.2,174.9,0.2,83.74,89.57,-179.35,88.33,0.03,1224.977057,101325.0,0.97,0.9,-598436.1,300782.4,0.9948,0.09,551.5,-0.08955,-100.22328,0.0,0,-1.0,-1.0,-1.0,-1.0,-1.0,0.0,0.0,0.0,0.0
1791564493.24,2236308.4,1367.6,-0.5,1021.5,-0.2,174.9,0.2,83.74,89.57,-179.35,88.33,0.03,1224.977057,101325.0,0.97,0.9,-598436.1,300782.4,0.9948,0.09,551.5,-0.08955,-100.22328,0.0,0,-1.0,-1.0,-1.0,-1.0,-1.0,0.0,0.0,0.0,0.0
1791564493.74,2236308.4,1368.1,-0.5,1021.5,-0.2,174.9,0.2,83.74,89.57,-179.35,88.33,0.03,1224.977057,101325.0,0.97,0.9,-598436.1,300782.4,0.9948,0.09,551.5,-0.08955,-100.22328,0.0,0,-1.0,-1.0,-1.0,-1.0,-1.0,0.0,0.0,0.0,0.0
1791564494.24,2236308.4,1368.6,-0.5,1021.5,-0.2,174.9,0.2,83.74,89.57,-179.35,88.33,0.03,1224.977057,101325.0,0.98,0.9,-598436.1,300782.4,0.9948,0.09,551.5,-0.08955,-100.22328,0.0,0,-1.0,-1.0,-1.0,-1.0,-1.0,0.0,0.0,0.0,0.0
1791564494.74,2236308.4,1369.1,-0.5,1021.5,-0.2,174.9,0.2,83.74,89.57,-179.35,88.33,0.03,1224.977057,101325.0,0.98,0.9,-598436.1,300782.4,0.9948,0.09,551.5,-0.08955,-100.22328,0.0,0,-1.0,-1.0,-1.0,-1.0,-1.0,0.0,0.0,0.0,0.0
1791564495.25,2236308.5,1369.6,-0.5,1021.5,-0.2,174.9,0.2,83.74,89.58,-179.35,88.32,0.03,1224.977057,101325.0,0.98,0.9,-598436.1,300782.4,0.9948,0.09,551.5,-0.08955,-100.22328,0.0,0,-1.0,-1.0,-1.0,-1.0,-1.0,0.0,0.0,0.0,0.0
1791564495.75,2236308.5,1370.1,-0.5,1021.5,-0.2,174.9,0.2,83.74,89.58,-179.35,88.32,0.03,1224.977057,101325.0,0.98,0.9,-598436.1,300782.4,0.9948,0.09,551.5,-0.08955,-100.22328,0.0,0,-1.0,-1.0,-1.0,-1.0,-1.0,0.0,0.0,0.0,0.0
1791564496.25,2236308.5,1370.6,-0.5,1021.5,-0.2,174.9,0.2,83.74,89.58,-179.35,88.32,0.03,1224.977057,101325.0,0.99,0.9,-598436.1,300782.4,0.9948,0.09,551.5,-0.08955,-100.22328,0.0,0,-1.0,-1.0,-1.0,-1.0,-1.0,0.0,0.0,0.0,0.0
1791564496.75,2236308.5,1371.1,-0.5,1021.5,-0.2,174.9,0.2,83.74,89.58,-179.35,88.32,0.03,1224.977057,101325.0,0.99,0.9,-598436.1,300782.4,0.9948,0.09,551.5,-0.08955,-100.22328,0.0,0,-1.0,-1.0,-1.0,-1.0,-1.0,0.0,0.0,0.0,0.0
1791564497.25,2236308.5,1371.6,-0.5,1021.5,-0.2,174.9,0.2,83.74,89.58,-179.35,88.32,0.02,1224.977057,101325.0,1.0,0.9,-598436.1,300782.4,0.9948,0.09,551.5,-0.08955,-100.22328,0.0,0,-1.0,-1.0,-1.0,-1.0,-1.0,0.0,0.0,0.0,0.0
1791564497.75,2236308.5,1372.1,-0.5,1021.5,-0.2,174.9,0.2,83.74,89.58,-179.35,88.32,0.02,1224.977057,101325.0,1.0,0.9,-598436.1,300782.4,0.9948,0.09,551.5,-0.08955,-100.22328,0.0,0,-1.0,-1.0,-1.0,-1.0,-1.0,0.0,0.0,0.0,0.0
1791564498.26,2236308.6,1372.6,-0.5,1021.5,-0.2,174.9,0.2,83.74,89.58,-179.35,88.32,0.02,1224.977057,101325.0,1.0,0.9,-598436.1,300782.4,0.9948,0.09,551.5,-0.08955,-100.22328,0.0,0,-1.0,-1.0,-1.0,-1.0,-1.0,0.0,0.0,0.0,0.0
1791564498.76,2236308.6,1373.1,-0.5,1021.5,-0.2,174.9,0.2,83.74,89.58,-179.35,88.32,0.02,1224.977057,101325.0,1.0,0.9,-598436.1,300782.4,0.9948,0.09,551.5,-0.08955,-100.22328,0.0,0,-1.0,-1.0,-1.0,-1.0,-1.0,0.0,0.0,0.0,0.0
1791564499.26,2236308.6,1373.6,-0.5,1021.5,-0.2,174.9,0.2,83.73,89.58,-179.35,88.32,0.02,1224.977057,101325.0,1.01,0.9,-598436.1,300782.4,0.9948,0.09,551.5,-0.08955,-100.22328,0.0,0,-1.0,-1.0,-1.0,-1.0,-1.0,0.0,0.0,0.0,0.0
1791564499.76,2236308.6,1374.1,-0.5,1021.5,-0.2,174.9,0.2,83.73,89.58,-179.35,88.32,0.02,1224.977057,101325.0,1.01,0.9,-598436.1,300782.4,0.9948,0.09,551.5,-0.08955,-100.22328,0.0,0,-1.0,-1.0,-1.0,-1.0,-1.0,0.0,0.0,0.0,0.0
1791564500.26,2236308.7,1374.6,-0.5,1021.5,-0.2,174.9,0.2,83.72,89.57,-179.35,88.32,0.01,1224.977057,101325.0,1.01,0.9,-598436.0,300782.4,0.9948,0.09,551.5,-0.08955,-100.22328,0.0,0,-1.0,-1.0,-1.0,-1.0,-1.0,0.0,0.0,0.0,0.0
1791564500.76,2236308.7,1375.1,-0.5,1021.5,-0.2,174.9,0.2,83.72,89.57,-179.35,88.32,0.01,1224.977057,101325.0,1.01,0.9,-598436.0,300782.4,0.9948,0.09,551.5,-0.08955,-100.22328,0.0,0,-1.0,-1.0,-1.0,-1.0,-1.0,0.0,0.0,0.0,0.0
1791564501.27,2236308.7,1375.6,-0.5,1021.5,-0.1,174.9,0.1,83.72,89.57,-179.35,88.32,0.01,1224.977057,101325.0,1.02,0.8,-598436.0,300782.4,0.9948,0.09,551.5,-0.08955,-100.22328,0.0,0,-1.0,-1.0,-1.0,-1.0,-1.0,0.0,0.0,0.0,0.0
1791564501.77,2236308.7,1376.1,-0.5,1021.5,-0.1,174.9,0.1,83.72,89.57,-179.35,88.32,0.01,1224.977057,101325.0,1.02,0.8,-598436.0,300782.4,0.9948,0.09,551.5,-0.08955,-100.22328,0.0,0,-1.0,-1.0,-1.0,-1.0,-1.0,0.0,0.0,0.0,0.0
1791564502.27,2236308.7,1376.6,-0.5,1021.5,-0.1,174.9,0.1,83.71,89.57,-179.35,88.32,0.01,1224.977057,101325.0,1.02,0.8,-598436.0,300782.4,0.9948,0.09,551.5,-0.08955,-100.22328,0.0,0,-1.0,-1.0,-1.0,-1.0,-1.0,0.0,0.0,0.0,0.0
1791564502.77,2236308.7,1377.1,-0.5,1021.5,-0.1,174.9,0.1,83.71,89.57,-179.35,88.32,0.01,1224.977057,101325.0,1.02,0.8,-598436.0,300782.4,0.9948,0.09,551.5,-0.08955,-100.22328,0.0,0,-1.0,-1.0,-1.0,-1.0,-1.0,0.0,0.0,0.0,0.0
1791564503.27,2236308.8,1377.6,-0.5,1021.5,-0.1,174.9,0.1,83.7,89.57,-179.35,88.32,0.01,1224.977057,101325.0,1.03,0.8,-598436.0,300782.4,0.9948,0.09,551.5,-0.08955,-100.22328,0.0,0,-1.0,-1.0,-1.0,-1.0,-1.0,0.0,0.0,0.0,0.0
1791564503.77,2236308.8,1378.1,-0.5,1021.5,-0.1,174.9,0.1,83.7,89.57,-179.35,88.32,0.01,1224.977057,101325.0,1.03,0.8,-598436.0,300782.4,0.9948,0.09,551.5,-0.08955,-100.22328,0.0,0,-1.0,-1.0,-1.0,-1.0,-1.0,0.0,0.0,0.0,0.0
1791564504.28,2236308.8,1378.6,-0.5,1021.5,-0.1,174.9,0.1,83.69,89.57,-179.35,88.32,0.0,1224.977057,101325.0,1.03,0.8,-598436.0,300782.4,0.9948,0.09,551.5,-0.08955,-100.22328,0.0,0,-1.0,-1.0,-1.0,-1.0,-1.0,0.0,0.0,0.0,0.0
1791564504.78,2236308.8,1379.1,-0.5,1021.5,-0.1,174.9,0.1,83.69,89.57,-179.35,88.32,0.0,1224.977057,101325.0,1.03,0.8,-598436.0,300782.4,0.9948,0.09,551.5,-0.08955,-100.22328,0.0,0,-1.0,-1.0,-1.0,-1.0,-1.0,0.0,0.0,0.0,0.0
1791564505.28,2236308.9,1379.6,-0.5,1021.5,-0.1,174.9,0.1,83.68,89.57,-179.35,88.32,0.0,1224.977057,101325.0,1.03,0.8,-598436.0,300782.4,0.9948,0.09,551.5,-0.08955,-100.22328,0.0,0,-1.0,-1.0,-1.0,-1.0,-1.0,0.0,0.0,0.0,0.0
1791564505.78,2236308.9,1380.1,-0.5,1021.5,-0.1,174.9,0.1,83.68,89.57,-179.35,88.32,0.0,1224.977057,101325.0,1.03,0.8,-598436.0,300782.4,0.9948,0.09,551.5,-0.08955,-100.22328,0.0,0,-1.0,-1.0,-1.0,-1.0,-1.0,0.0,0.0,0.0,0.0
1791564506.28,2236308.9,1380.6,-0.5,1021.5,-0.1,174.9,0.1,83.67,89.57,-179.35,88.32,0.0,1224.977057,101325.0,1.04,0.8,-598436.0,300782.4,0.9948,0.09,551.5,-0.08955,-100.22328,0.0,0,-1.0,-1.0,-1.0,-1.0,-1.0,0.0,0.0,0.0,0.0
1791564506.78,2236308.9,1381.1,-0.5,1021.5,-0.1,174.9,0.1,83.67,89.57,-179.35,88.32,0.0,1224.977057,101325.0,1.04,0.8,-598436.0,300782.4,0.9948,0.09,551.5,-0.08955,-100.22328,0.0,0,-1.0,-1.0,-1.0,-1.0,-1.0,0.0,0.0,0.0,0.0
1791564507.29,2236308.9,1381.6,-0.5,1021.4,-0.0,174.9,0.0,83.66,89.57,-179.34,88.32,0.0,1224.977057,101325.0,1.04,0.8,-598436.0,300782.4,0.9948,0.09,551.5,-0.08955,-100.22328,0.0,0,-1.0,-1.0,-1.0,-1.0,-1.0,0.0,0.0,0.0,0.0
1791564507.79,2236308.9,1382.1,-0.5,1021.4,-0.0,174.9,0.0,83.66,89.57,-179.34,88.32,0.0,1224.977057,101325.0,1.04,0.8,-598436.0,300782.4,0.9948,0.09,551.5,-0.08955,-100.22328,0.0,0,-1.0,-1.0,-1.0,-1.0,-1.0,0.0,0.0,0.0,0.0
1791564508.29,2236309.0,1382.6,-0.5,1021.4,-0.0,174.9,0.0,83.64,89.57,-179.34,88.32,0.0,1224.977057,101325.0,1.04,0.8,-598436.0,300782.4,0.9948,0.09,551.5,-0.08955,-100.22328,0.0,0,-1.0,-1.0,-1.0,-1.0,-1.0,0.0,0.0,0.0,0.0
1791564508.79,2236309.0,1383.1,-0.5,1021.4,-0.0,174.9,0.0,83.64,89.57,-179.34,88.32,0.0,1224.977057,101325.0,1.04,0.8,-598436.0,300782.4,0.9948,0.09,551.5,-0.08955,-100.22328,0.0,0,-1.0,-1.0,-1.0,-1.0,-1.0,0.0,0.0,0.0,0.0
1791564509.29,2236309.0,1383.6,-0.5,1021.4,0.0,174.9,0.0,83.63,89.57,-179.34,88.32,0.0,1224.977057,101325.0,1.04,0.8,-598436.0,300782.4,0.9948,0.09,551.5,-0.08955,-100.22328,0.0,0,-1.0,-1.0,-1.0,-1.0,-1.0,0.0,0.0,0.0,0.0
1791564509.79,2236309.0,1384.1,-0.5,1021.4,0.0,174.9,0.0,83.63,89.57,-179.34,88.32,0.0,1224.977057,101325.0,1.04,0.8,-598436.0,300782.4,0.9948,0.09,551.5,-0.08955,-100.22328,0.0,0,-1.0,-1.0,-1.0,-1.0,-1.0,0.0,0.0,0.0,0.0
1791564510.3,2236309.1,1384.6,-0.5,1021.4,0.0,174.9,0.0,83.62,89.57,-179.34,88.31,0.0,1224.977057,101325.0,1.04,0.8,-598436.0,300782.4,0.9948,0.09,551.5,-0.08955,-100.22328,0.0,0,-1.0,-1.0,-1.0,-1.0,-1.0,0.0,0.0,0.0,0.0
1791564510.8,2236309.1,1385.1,-0.5,1021.4,0.0,174.9,0.0,83.62,89.57,-179.34,88.31,0.0,1224.977057,101325.0,1.04,0.8,-598436.0,300782.4,0.9948,0.09,551.5,-0.08955,-100.22328,0.0,0,-1.0,-1.0,-1.0,-1.0,-1.0,0.0,0.0,0.0,0.0
1791564511.3,2236309.1,1385.6,-0.5,1021.5,0.0,174.9,0.0,83.61,89.56,-179.34,88.31,0.0,1224.977057,101325.0,1.04,0.8,-598436.0,300782.4,0.9948,0.09,551.5,-0.08955,-100.22328,0.0,0,-1.0,-1.0,-1.0,-1.0,-1.0,0.0,0.0,0.0,0.0
1791564511.8,2236309.1,1386.1,-0.5,1021.5,0.0,174.9,0.0,83.61,89.56,-179.34,88.31,0.0,1224.977057,101325.0,1.04,0.8,-598436.0,300782.4,0.9948,0.09,551.5,-0.08955,-100.22328,0.0,0,-1.0,-1.0,-1.0,-1.0,-1.0,0.0,0.0,0.0,0.0
1791564512.3,2236309.3,1386.6,-0.5,1021.5,0.1,174.9,0.1,83.54,89.56,-179.33,88.31,0.01,1224.977057,101325.0,1.03,0.8,-598436.0,300782.4,0.9948,0.09,551.5,-0.08955,-100.22328,0.0,0,-1.0,-1.0,-1.0,-1.0,-1.0,0.0,0.0,0.0,0.0
1791564512.81,2236309.8,1387.1,-0.4,1021.5,0.1,174.9,0.1,83.5,89.55,-179.33,88.3,0.01,1224.977057,101325.0,0.99,0.9,-598436.0,300782.5,0.9948,0.09,551.5,-0.08955,-100.22328,0.0,0,-1.0,-1.0,-1.0,-1.0,-1.0,0.0,0.0,0.0,0.0
1791564513.31,2236310.4,1387.7,-0.4,1021.6,-0.0,174.9,0.0,83.56,89.56,-179.33,88.29,0.0,1224.977057,101325.0,0.97,0.9,-598436.0,300782.5,0.9948,0.09,551.5,-0.08955,-100.22328,0.0,0,-1.0,-1.0,-1.0,-1.0,-1.0,0.0,0.0,0.0,0.0
1791564513.81,2236310.9,1388.2,-0.5,1021.5,-0.1,174.9,0.1,83.63,89.56,-179.34,88.28,0.0,1224.977057,101325.0,0.98,0.9,-598436.1,300782.4,0.9948,0.09,551.5,-0.08955,-100.22328,0.0,0,-1.0,-1.0,-1.0,-1.0,-1.0,0.0,0.0,0.0,0.0
1791564514.32,2236311.4,1388.7,-0.5,1021.5,-0.0,174.9,0.0,83.61,89.56,-179.34,88.28,0.0,1224.977057,101325.0,1.01,0.9,-598436.0,300782.4,0.9948,0.09,551.5,-0.08955,-100.22328,0.0,0,-1.0,-1.0,-1.0,-1.0,-1.0,0.0,0.0,0.0,0.0
1791564514.82,2236311.9,1389.2,-0.5,1021.5,0.0,174.9,0.0,83.56,89.56,-179.33,88.27,0.0,1224.977057,101325.0,1.01,0.9,-598436.0,300782.4,0.9948,0.09,551.5,-0.08955,-100.22328,0.0,0,-1.0,-1.0,-1.0,-1.0,-1.0,0.0,0.0,0.0,0.0
1791564515.32,2236312.4,1389.7,-0.5,1021.5,0.0,174.9,0.0,83.55,89.55,-179.33,88.26,0.0,1224.977057,101325.0,0.99,0.9,-598436.0,300782.4,0.9948,0.09,551.5,-0.08955,-100.22328,0.0,0,-1.0,-1.0,-1.0,-1.0,-1.0,0.0,0.0,0.0,0.0
1791564515.82,2236312.9,1390.2,-0.5,1021.5,-0.0,174.9,0.0,83.57,89.56,-179.33,88.25,0.0,1224.977057,101325.0,0.98,0.9,-598436.0,300782.4,0.9948,0.09,551.5,-0.08955,-100.22328,0.0,0,-1.0,-1.0,-1.0,-1.0,-1.0,0.0,0.0,0.0,0.0
1791564516.32,2236313.4,1390.7,-0.5,1021.5,-0.0,174.9,0.0,83.6,89.56,-179.34,88.24,0.0,1224.977057,101325.0,0.99,0.9,-598436.0,300782.4,0.9948,0.09,551.5,-0.08955,-100.22328,0.0,0,-1.0,-1.0,-1.0,-1.0,-1.0,0.0,0.0,0.0,0.0
1791564516.83,2236313.9,1391.2,-0.5,1021.5,-0.0,174.9,0.0,83.59,89.56,-179.34,88.23,0.0,1224.977057,101325.0,1.0,0.9,-598436.0,300782.4,0.9948,0.09,551.5,-0.08955,-100.22328,0.0,0,-1.0,-1.0,-1.0,-1.0,-1.0,0.0,0.0,0.0,0.0
1791564517.33,2236314.4,1391.7,-0.5,1021.5,0.0,174.9,0.0,83.57,89.56,-179.33,88.23,0.0,1224.977057,101325.0,1.0,0.9,-598436.0,300782.4,0.9948,0.09,551.5,-0.08955,-100.22328,0.0,0,-1.0,-1.0,-1.0,-1.0,-1.0,0.0,0.0,0.0,0.0
1791564517.83,2236314.9,1392.2,-0.5,1021.5,0.0,174.9,0.0,83.57,89.56,-179.33,88.22,0.0,1224.977057,101325.0,0.99,0.9,-598436.0,300782.4,0.9948,0.09,551.5,-0.08955,-100.22328,0.0,0,-1.0,-1.0,-1.0,-1.0,-1.0,0.0,0.0,0.0,0.0
1791564518.33,2236315.4,1392.7,-0.5,1021.5,-0.0,174.9,0.0,83.58,89.56,-179.33,88.21,0.0,1224.977057,101325.0,0.99,0.9,-598436.0,300782.4,0.9948,0.09,551.5,-0.08955,-100.22328,0.0,0,-1.0,-1.0,-1.0,-1.0,-1.0,0.0,0.0,0.0,0.0
1791564518.83,2236315.9,1393.2,-0.5,1021.5,-0.0,174.9,0.0,83.59,89.56,-179.34,88.2,0.0,1224.977057,101325.0,0.99,0.9,-598436.0,300782.4,0.9948,0.09,551.5,-0.08955,-100.22328,0.0,0,-1.0,-1.0,-1.0,-1.0,-1.0,0.0,0.0,0.0,0.0
1791564519.33,2236316.4,1393.7,-0.5,1021.5,-0.0,174.9,0.0,83.58,89.56,-179.34,88.19,0.0,1224.977057,101325.0,1.0,0.9,-598436.0,300782.4,0.9948,0.09,551.5,-0.08955,-100.22328,0.0,0,-1.0,-1.0,-1.0,-1.0,-1.0,0.0,0.0,0.0,0.0
1791564519.84,2236316.9,1394.2,-0.5,1021.5,0.0,174.9,0.0,83.58,89.56,-179.33,88.18,0.0,1224.977057,101325.0,1.0,0.9,-598436.0,300782.4,0.9948,0.09,551.5,-0.08955,-100.22328,0.0,0,-1.0,-1.0,-1.0,-1.0,-1.0,0.0,0.0,0.0,0.0
1791564520.34,2236317.4,1394.7,-0.5,1021.5,0.0,174.9,0.0,83.58,89.56,-179.33,88.18,0.0,1224.977057,101325.0,1.0,0.9,-598436.0,300782.4,0.9948,0.09,551.5,-0.08955,-100.22328,0.0,0,-1.0,-1.0,-1.0,-1.0,-1.0,0.0,0.0,0.0,0.0
1791564520.84,2236317.8,1395.2,-0.5,1021.5,0.0,174.9,0.0,83.58,89.56,-179.33,88.17,0.0,1224.977057,101325.0,0.99,0.9,-598436.0,300782.4,0.9948,0.09,551.5,-0.08955,-100.22328,0.0,0,-1.0,-1.0,-1.0,-1.0,-1.0,0.0,0.0,0.0,0.0
1791564521.34,2236318.0,1395.7,-0.5,1021.5,-0.0,174.9,0.0,83.58,89.56,-179.33,88.17,0.0,1224.977057,101325.0,0.99,0.9,-598436.0,300782.4,0.9948,0.09,551.5,-0.08955,-100.22328,0.0,0,-1.0,-1.0,-1.0,-1.0,-1.0,0.0,0.0,0.0,0.0
1791564521.84,2236318.5,1396.2,-0.5,1021.5,-0.0,174.9,0.0,83.58,89.56,-179.33,88.16,0.0,1224.977057,101325.0,0.99,0.9,-598436.0,300782.4,0.9948,0.09,551.5,-0.08955,-100.22328,0.0,0,-1.0,-1.0,-1.0,-1.0,-1.0,0.0,0.0,0.0,0.0
1791564522.34,2236319.0,1396.7,-0.5,1021.5,-0.0,174.9,0.0,83.58,89.56,-179.33,88.15,0.0,1224.977057,101325.0,1.0,0.9,-598436.0,300782.4,0.9948,0.09,551.5,-0.08955,-100.22328,0.0,0,-1.0,-1.0,-1.0,-1.0,-1.0,0.0,0.0,0.0,0.0
1791564522.84,2236319.5,1397.2,-0.5,1021.5,0.0,174.9,0.0,83.58,89.56,-179.33,88.14,0.0,1224.977057,101325.0,1.0,0.9,-598436.0,300782.4,0.9948,0.09,551.5,-0.08955,-100.22328,0.0,0,-1.0,-1.0,-1.0,-1.0,-1.0,0.0,0.0,0.0,0.0
1791564523.35,2236320.0,1397.7,-0.5,1021.5,0.0,174.9,0.0,83.58,89.56,-179.33,88.13,0.0,1224.977057,101325.0,0.99,0.9,-598436.0,300782.4,0.9948,0.09,551.5,-0.08955,-100.22328,0.0,0,-1.0,-1.0,-1.0,-1.0,-1.0,0.0,0.0,0.0,0.0
1791564523.85,2236320.5,1398.2,-0.5,1021.5,-0.0,174.9,0.0,83.58,89.56,-179.33,88.12,0.0,1224.977057,101325.0,0.99,0.9,-598436.0,300782.4,0.9948,0.09,551.5,-0.08955,-100.22328,0.0,0,-1.0,-1.0,-1.0,-1.0,-1.0,0.0,0.0,0.0,0.0
1791564524.35,2236321.0,1398.7,-0.5,1021.5,-0.0,174.9,0.0,83.58,89.56,-179.33,88.12,0.0,1224.977057,101325.0,1.0,0.9,-598436.0,300782.4,0.9948,0.09,551.5,-0.08955,-100.22328,0.0,0,-1.0,-1.0,-1.0,-1.0,-1.0,0.0,0.0,0.0,0.0
1791564524.85,2236321.5,1399.2,-0.5,1021.5,-0.0,174.9,0.0,83.58,89.56,-179.33,88.11,0.0,1224.977057,101325.0,1.0,0.9,-598436.0,300782.4,0.9948,0.09,551.5,-0.08955,-100.22328,0.0,0,-1.0,-1.0,-1.0,-1.0,-1.0,0.0,0.0,0.0,0.0
1791564525.35,2236322.0,1399.7,-0.5,1021.5,0.0,174.9,0.0,83.58,89.56,-179.33,88.1,0.0,1224.977057,101325.0,1.0,0.9,-598436.0,300782.4,0.9948,0.09,551.5,-0.08955,-100.22328,0.0,0,-1.0,-1.0,-1.0,-1.0,-1.0,0.0,0.0,0.0,0.0
1791564525.85,2236322.5,1400.2,-0.5,1021.5,0.0,174.9,0.0,83.58,89.56,-179.33,88.09,0.0,1224.977057,101325.0,1.0,0.9,-598436.0,300782.4,0.9948,0.09,551.5,-0.08955,-100.22328,0.0,0,-1.0,-1.0,-1.0,-1.0,-1.0,0.0,0.0,0.0,0.0
1791564526.36,2236323.0,1400.7,-0.5,1021.5,-0.0,174.9,0.0,83.58,89.56,-179.33,88.08,0.0,1224.977057,101325.0,0.99,0.9,-598436.0,300782.4,0.9948,0.09,551.5,-0.08955,-100.22328,0.0,0,-1.0,-1.0,-1.0,-1.0,-1.0,0.0,0.0,0.0,0.0
1791564526.86,2236323.5,1401.2,-0.5,1021.5,-0.0,174.9,0.0,83.58,89.56,-179.33,88.07,0.0,1224.977057,101325.0,1.0,0.9,-598436.0,300782.4,0.9948,0.09,551.5,-0.08955,-100.22328,0.0,0,-1.0,-1.0,-1.0,-1.0,-1.0,0.0,0.0,0.0,0.0
1791564527.36,2236324.0,1401.7,-0.5,1021.5,-0.0,174.9,0.0,83.58,89.56,-179.33,88.06,0.0,1224.977057,101325.0,1.0,0.9,-598436.0,300782.4,0.9948,0.09,551.5,-0.08955,-100.22328,0.0,0,-1.0,-1.0,-1.0,-1.0,-1.0,0.0,0.0,0.0,0.0
1791564527.86,2236324.5,1402.2,-0.5,1021.5,0.0,174.9,0.0,83.58,89.56,-179.33,88.06,0.0,1224.977057,101325.0,1.0,0.9,-598436.0,300782.4,0.9948,0.09,551.5,-0.08955,-100.22328,0.0,0,-1.0,-1.0,-1.0,-1.0,-1.0,0.0,0.0,0.0,0.0
1791564528.37,2236325.0,1402.7,-0.5,1021.5,0.0,174.9,0.0,83.58,89.56,-179.33,88.05,0.0,1224.977057,101325.0,1.0,0.9,-598436.0,300782.4,0.9948,0.09,551.5,-0.08955,-100.22328,0.0,0,-1.0,-1.0,-1.0,-1.0,-1.0,0.0,0.0,0.0,0.0
1791564528.87,2236325.5,1403.2,-0.5,1021.5,-0.0,174.9,0.0,83.58,89.56,-179.33,88.04,0.0,1224.977057,101325.0,1.0,0.9,-598436.0,300782.4,0.9948,0.09,551.5,-0.08955,-100.22328,0.0,0,-1.0,-1.0,-1.0,-1.0,-1.0,0.0,0.0,0.0,0.0
1791564529.37,2236326.0,1403.7,-0.5,1021.5,-0.0,174.9,0.0,83.58,89.56,-179.33,88.03,0.0,1224.977057,101325.0,1.0,0.9,-598436.0,300782.4,0.9948,0.09,551.5,-0.08955,-100.22328,0.0,0,-1.0,-1.0,-1.0,-1.0,-1.0,0.0,0.0,0.0,0.0
1791564529.88,2236326.6,1404.2,-0.5,1021.5,-0.0,174.9,0.0,83.58,89.56,-179.33,88.02,0.0,1224.977057,101325.0,1.0,0.9,-598436.0,300782.4,0.9948,0.09,551.5,-0.08955,-100.22328,0.0,0,-1.0,-1.0,-1.0,-1.0,-1.0,0.0,0.0,0.0,0.0
1791564530.38,2236327.1,1404.7,-0.5,1021.5,0.0,174.9,0.0,83.58,89.56,-179.33,88.01,0.0,1224.977057,101325.0,1.0,0.9,-598436.0,300782.4,0.9948,0.09,551.5,-0.08955,-100.22328,0.0,0,-1.0,-1.0,-1.0,-1.0,-1.0,0.0,0.0,0.0,0.0
1791564530.88,2236327.6,1405.2,-0.5,1021.5,0.0,174.9,0.0,83.58,89.56,-179.33,88.01,0.0,1224.977057,101325.0,1.0,0.9,-598436.0,300782.4,0.9948,0.09,551.5,-0.08955,-100.22328,0.0,0,-1.0,-1.0,-1.0,-1.0,-1.0,0.0,0.0,0.0,0.0
1791564531.38,2236328.1,1405.7,-0.5,1021.5,-0.0,174.9,0.0,83.58,89.56,-179.33,88.0,0.0,1224.977057,101325.0,1.0,0.9,-598436.0,300782.4,0.9948,0.09,551.5,-0.08955,-100.22328,0.0,0,-1.0,-1.0,-1.0,-1.0,-1.0,0.0,0.0,0.0,0.0
1791564531.89,2236328.6,1406.2,-0.5,1021.5,-0.0,174.9,0.0,83.58,89.56,-179.33,87.99,0.0,1224.977057,101325.0,1.0,0.9,-598436.0,300782.4,0.9948,0.09,551.5,-0.08955,-100.22328,0.0,0,-1.0,-1.0,-1.0,-1.0,-1.0,0.0,0.0,0.0,0.0
1791564532.46,2236329.0,1406.8,-0.5,1021.5,0.0,174.9,0.0,83.58,89.56,-179.33,87.98,0.0,1224.977057,101325.0,1.0,0.9,-598436.0,300782.4,0.9948,0.09,551.5,-0.08955,-100.22328,0.0,0,-1.0,-1.0,-1.0,-1.0,-1.0,0.0,0.0,0.0,0.0
1791564532.96,2236329.5,1407.3,-0.5,1021.5,0.0,174.9,0.0,83.58,89.56,-179.33,87.97,0.0,1224.977057,101325.0,1.0,0.9,-598436.0,300782.4,0.9948,0.09,551.5,-0.08955,-100.22328,0.0,0,-1.0,-1.0,-1.0,-1.0,-1.0,0.0,0.0,0.0,0.0
1791564533.46,2236330.0,1407.8,-0.5,1021.5,0.0,174.9,0.0,83.58,89.56,-179.33,87.97,0.0,1224.977057,101325.0,1.0,0.9,-598436.0,300782.4,0.9948,0.09,551.5,-0.08955,-100.22328,0.0,0,-1.0,-1.0,-1.0,-1.0,-1.0,0.0,0.0,0.0,0.0
1791564533.97,2236330.5,1408.3,-0.5,1021.5,-0.0,174.9,0.0,83.58,89.56,-179.33,87.96,0.0,1224.977057,101325.0,1.0,0.9,-598436.0,300782.4,0.9948,0.09,551.5,-0.08955,-100.22328,0.0,0,-1.0,-1.0,-1.0,-1.0,-1.0,0.0,0.0,0.0,0.0
1791564534.47,2236331.0,1408.8,-0.5,1021.5,-0.0,174.9,0.0,83.58,89.56,-179.33,87.95,0.0,1224.977057,101325.0,1.0,0.9,-598436.0,300782.4,0.9948,0.09,551.5,-0.08955,-100.22328,0.0,0,-1.0,-1.0,-1.0,-1.0,-1.0,0.0,0.0,0.0,0.0
1791564534.97,2236331.5,1409.3,-0.5,1021.5,0.0,174.9,0.0,83.58,89.56,-179.33,87.94,0.0,1224.977057,101325.0,1.0,0.9,-598436.0,300782.4,0.9948,0.09,551.5,-0.08955,-100.22328,0.0,0,-1.0,-1.0,-1.0,-1.0,-1.0,0.0,0.0,0.0,0.0
1791564535.47,2236332.0,1409.8,-0.5,1021.5,0.0,174.9,0.0,83.58,89.56,-179.33,87.93,0.0,1224.977057,101325.0,1.0,0.9,-598436.0,300782.4,0.9948,0.09,551.5,-0.08955,-100.22328,0.0,0,-1.0,-1.0,-1.0,-1.0,-1.0,0.0,0.0,0.0,0.0
1791564535.97,2236332.5,1410.3,-0.5,1021.5,0.0,174.9,0.0,83.58,89.56,-179.33,87.92,0.0,1224.977057,101325.0,1.0,0.9,-598436.0,300782.4,0.9948,0.09,551.5,-0.08955,-100.22328,0.0,0,-1.0,-1.0,-1.0,-1.0,-1.0,0.0,0.0,0.0,0.0
1791564536.47,2236333.0,1410.8,-0.5,1021.5,0.0,174.9,0.0,83.58,89.56,-179.33,87.92,0.0,1224.977057,101325.0,1.0,0.9,-598436.0,300782.4,0.9948,0.09,551.5,-0.08955,-100.22328,0.0,0,-1.0,-1.0,-1.0,-1.0,-1.0,0.0,0.0,0.0,0.0
1791564536.98,2236333.5,1411.3,-0.5,1021.5,0.0,174.9,0.0,83.58,89.56,-179.33,87.91,0.0,1224.977057,101325.0,1.0,0.9,-598436.0,300782.4,0.9948,0.09,551.5,-0.08955,-100.22328,0.0,0,-1.0,-1.0,-1.0,-1.0,-1.0,0.0,0.0,0.0,0.0
1791564537.48,2236334.0,1411.8,-0.5,1021.5,0.0,174.9,0.0,83.58,89.56,-179.33,87.9,0.0,1224.977057,101325.0,1.0,0.9,-598436.0,300782.4,0.9948,0.09,551.5,-0.08955,-100.22328,0.0,0,-1.0,-1.0,-1.0,-1.0,-1.0,0.0,0.0,0.0,0.0
1791564537.98,2236334.5,1412.3,-0.5,1021.5,0.0,174.9,0.0,83.58,89.56,-179.33,87.89,0.0,1224.977057,101325.0,1.0,0.9,-598436.0,300782.4,0.9948,0.09,551.5,-0.08955,-100.22328,0.0,0,-1.0,-1.0,-1.0,-1.0,-1.0,0.0,0.0,0.0,0.0
1791564538.48,2236335.0,1412.8,-0.5,1021.5,0.0,174.9,0.0,83.58,89.56,-179.33,87.88,0.0,1224.977057,101325.0,1.0,0.9,-598436.0,300782.4,0.9948,0.09,551.5,-0.08955,-100.22328,0.0,0,-1.0,-1.0,-1.0,-1.0,-1.0,0.0,0.0,0.0,0.0
1791564538.99,2236335.5,1413.3,-0.5,1021.5,0.0,174.9,0.0,83.58,89.56,-179.33,87.87,0.0,1224.977057,101325.0,1.0,0.9,-598436.0,300782.4,0.9948,0.09,551.5,-0.08955,-100.22328,0.0,0,-1.0,-1.0,-1.0,-1.0,-1.0,0.0,0.0,0.0,0.0
1791564539.49,2236336.0,1413.8,-0.5,1021.5,0.0,174.9,0.0,83.58,89.56,-179.33,87.87,0.0,1224.977057,101325.0,1.0,0.9,-598436.0,300782.4,0.9948,0.09,551.5,-0.08955,-100.22328,0.0,0,-1.0,-1.0,-1.0,-1.0,-1.0,0.0,0.0,0.0,0.0
1791564539.99,2236336.5,1414.3,-0.5,1021.5,0.0,174.9,0.0,83.58,89.56,-179.33,87.86,0.0,1224.977057,101325.0,1.0,0.9,-598436.0,300782.4,0.9948,0.09,551.5,-0.08955,-100.22328,0.0,0,-1.0,-1.0,-1.0,-1.0,-1.0,0.0,0.0,0.0,0.0
1791564540.49,2236337.0,1414.8,-0.5,1021.5,0.0,174.9,0.0,83.58,89.56,-179.33,87.85,0.0,1224.977057,101325.0,1.0,0.9,-598436.0,300782.4,0.9948,0.09,551.5,-0.08955,-100.22328,0.0,0,-1.0,-1.0,-1.0,-1.0,-1.0,0.0,0.0,0.0,0.0
1791564540.99,2236337.5,1415.3,-0.5,1021.5,0.0,174.9,0.0,83.58,89.56,-179.33,87.84,0.0,1224.977057,101325.0,1.0,0.9,-598436.0,300782.4,0.9948,0.09,551.5,-0.08955,-100.22328,0.0,0,-1.0,-1.0,-1.0,-1.0,-1.0,0.0,0.0,0.0,0.0
1791564541.5,2236338.0,1415.8,-0.5,1021.5,-0.0,174.9,0.0,83.58,89.56,-179.33,87.83,0.0,1224.977057,101325.0,1.0,0.9,-598436.0,300782.4,0.9948,0.09,551.5,-0.08955,-100.22328,0.0,0,-1.0,-1.0,-1.0,-1.0,-1.0,0.0,0.0,0.0,0.0
1791564542.0,2236338.5,1416.3,-0.5,1021.5,-0.0,174.9,0.0,83.58,89.56,-179.33,87.82,0.0,1224.977057,101325.0,1.0,0.9,-598436.0,300782.4,0.9948,0.09,551.5,-0.08955,-100.22328,0.0,0,-1.0,-1.0,-1.0,-1.0,-1.0,0.0,0.0,0.0,0.0
1791564542.5,2236339.0,1416.8,-0.5,1021.5,-0.0,174.9,0.0,83.58,89.56,-179.33,87.82,0.0,1224.977057,101325.0,1.0,0.9,-598436.0,300782.4,0.9948,0.09,551.5,-0.08955,-100.22328,0.0,0,-1.0,-1.0,-1.0,-1.0,-1.0,0.0,0.0,0.0,0.0
1791564543.0,2236339.5,1417.3,-0.5,1021.5,0.0,174.9,0.0,83.58,89.56,-179.33,87.81,0.0,1224.977057,101325.0,1.0,0.9,-598436.0,300782.4,0.9948,0.09,551.5,-0.08955,-100.22328,0.0,0,-1.0,-1.0,-1.0,-1.0,-1.0,0.0,0.0,0.0,0.0
1791564543.51,2236340.0,1417.8,-0.5,1021.5,0.0,174.9,0.0,83.58,89.56,-179.33,87.8,0.0,1224.977057,101325.0,1.0,0.9,-598436.0,300782.4,0.9948,0.09,551.5,-0.08955,-100.22328,0.0,0,-1.0,-1.0,-1.0,-1.0,-1.0,0.0,0.0,0.0,0.0
1791564544.01,2236340.5,1418.4,-0.5,1021.5,-0.0,174.9,0.0,83.58,89.56,-179.33,87.79,0.0,1224.977057,101325.0,1.0,0.9,-598436.0,300782.4,0.9948,0.09,551.5,-0.08955,-100.22328,0.0,0,-1.0,-1.0,-1.0,-1.0,-1.0,0.0,0.0,0.0,0.0
1791564544.51,2236341.0,1418.9,-0.5,1021.5,-0.0,174.9,0.0,83.58,89.56,-179.33,87.78,0.0,1224.977057,101325.0,1.0,0.9,-598436.0,300782.4,0.9948,0.09,551.5,-0.08955,-100.22328,0.0,0,-1.0,-1.0,-1.0,-1.0,-1.0,0.0,0.0,0.0,0.0
1791564545.01,2236341.5,1419.4,-0.5,1021.5,-0.0,174.9,0.0,83.58,89.56,-179.33,87.77,0.0,1224.977057,101325.0,1.0,0.9,-598436.0,300782.4,0.9948,0.09,551.5,-0.08955,-100.22328,0.0,0,-1.0,-1.0,-1.0,-1.0,-1.0,0.0,0.0,0.0,0.0
1791564545.52,2236342.0,1419.9,-0.5,1021.5,-0.0,174.9,0.0,83.58,89.56,-179.33,87.77,0.0,1224.977057,101325.0,1.0,0.9,-598436.0,300782.4,0.9948,0.09,551.5,-0.08955,-100.22328,0.0,0,-1.0,-1.0,-1.0,-1.0,-1.0,0.0,0.0,0.0,0.0
1791564546.02,2236342.5,1420.4,-0.5,1021.5,-0.0,174.9,0.0,83.58,89.56,-179.33,87.76,0.0,1224.977057,101325.0,1.0,0.9,-598436.0,300782.4,0.9948,0.09,551.5,-0.08955,-100.22328,0.0,0,-1.0,-1.0,-1.0,-1.0,-1.0,0.0,0.0,0.0,0.0
1791564546.52,2236343.0,1420.9,-0.5,1021.5,-0.0,174.9,0.0,83.58,89.56,-179.33,87.75,0.0,1224.977057,101325.0,1.0,0.9,-598436.0,300782.4,0.9948,0.09,551.5,-0.08955,-100.22328,0.0,0,-1.0,-1.0,-1.0,-1.0,-1.0,0.0,0.0,0.0,0.0
1791564547.02,2236343.5,1421.4,-0.5,1021.5,-0.0,174.9,0.0,83.58,89.56,-179.33,87.74,0.0,1224.977057,101325.0,1.0,0.9,-598436.0,300782.4,0.9948,0.09,551.5,-0.08955,-100.22328,0.0,0,-1.0,-1.0,-1.0,-1.0,-1.0,0.0,0.0,0.0,0.0
1791564547.52,2236344.0,1421.9,-0.5,1021.5,-0.0,174.9,0.0,83.58,89.56,-179.33,87.73,0.0,1224.977057,101325.0,1.0,0.9,-598436.0,300782.4,0.9948,0.09,551.5,-0.08955,-100.22328,0.0,0,-1.0,-1.0,-1.0,-1.0,-1.0,0.0,0.0,0.0,0.0
1791564548.03,2236344.5,1422.4,-0.5,1021.5,-0.0,174.9,0.0,83.58,89.56,-179.33,87.72,0.0,1224.977057,101325.0,1.0,0.9,-598436.0,300782.4,0.9948,0.09,551.5,-0.08955,-100.22328,0.0,0,-1.0,-1.0,-1.0,-1.0,-1.0,0.0,0.0,0.0,0.0
1791564548.53,2236345.0,1422.9,-0.5,1021.5,0.0,174.9,0.0,83.58,89.56,-179.33,87.72,0.0,1224.977057,101325.0,1.0,0.9,-598436.0,300782.4,0.9948,0.09,551.5,-0.08955,-100.22328,0.0,0,-1.0,-1.0,-1.0,-1.0,-1.0,0.0,0.0,0.0,0.0
1791564549.03,2236345.5,1423.4,-0.5,1021.5,-0.0,174.9,0.0,83.58,89.56,-179.33,87.71,0.0,1224.977057,101325.0,1.0,0.9,-598436.0,300782.4,0.9948,0.09,551.5,-0.08955,-100.22328,0.0,0,-1.0,-1.0,-1.0,-1.0,-1.0,0.0,0.0,0.0,0.0
1791564549.53,2236346.0,1423.9,-0.5,1021.5,0.0,174.9,0.0,83.58,89.56,-179.33,87.7,0.0,1224.977057,101325.0,1.0,0.9,-598436.0,300782.4,0.9948,0.09,551.5,-0.08955,-100.22328,0.0,0,-1.0,-1.0,-1.0,-1.0,-1.0,0.0,0.0,0.0,0.0
1791564550.03,2236346.5,1424.4,-0.5,1021.5,-0.0,174.9,0.0,83.58,89.56,-179.33,87.69,0.0,1224.977057,101325.0,1.0,0.9,-598436.0,300782.4,0.9948,0.09,551.5,-0.08955,-100.22328,0.0,0,-1.0,-1.0,-1.0,-1.0,-1.0,0.0,0.0,0.0,0.0
1791564550.53,2236347.0,1424.9,-0.5,1021.5,-0.0,174.9,0.0,83.58,89.56,-179.33,87.68,0.0,1224.977057,101325.0,1.0,0.9,-598436.0,300782.4,0.9948,0.09,551.5,-0.08955,-100.22328,0.0,0,-1.0,-1.0,-1.0,-1.0,-1.0,0.0,0.0,0.0,0.0
1791564551.04,2236347.5,1425.4,-0.5,1021.5,-0.0,174.9,0.0,83.58,89.56,-179.33,87.67,0.0,1224.977057,101325.0,1.0,0.9,-598436.0,300782.4,0.9948,0.09,551.5,-0.08955,-100.22328,0.0,0,-1.0,-1.0,-1.0,-1.0,-1.0,0.0,0.0,0.0,0.0
1791564551.54,2236348.0,1425.9,-0.5,1021.5,-0.0,174.9,0.0,83.58,89.56,-179.33,87.67,0.0,1224.977057,101325.0,1.0,0.9,-598436.0,300782.4,0.9948,0.09,551.5,-0.08955,-100.22328,0.0,0,-1.0,-1.0,-1.0,-1.0,-1.0,0.0,0.0,0.0,0.0
1791564552.04,2236348.5,1426.4,-0.5,1021.5,-0.0,174.9,0.0,83.58,89.56,-179.33,87.66,0.0,1224.977057,101325.0,1.0,0.9,-598436.0,300782.4,0.9948,0.09,551.5,-0.08955,-100.22328,0.0,0,-1.0,-1.0,-1.0,-1.0,-1.0,0.0,0.0,0.0,0.0
1791564552.54,2236349.0,1426.9,-0.5,1021.5,-0.0,174.9,0.0,83.58,89.56,-179.33,87.65,0.0,1224.977057,101325.0,1.0,0.9,-598436.0,300782.4,0.9948,0.09,551.5,-0.08955,-100.22328,0.0,0,-1.0,-1.0,-1.0,-1.0,-1.0,0.0,0.0,0.0,0.0
1791564553.04,2236349.5,1427.4,-0.5,1021.5,-0.0,174.9,0.0,83.58,89.56,-179.33,87.64,0.0,1224.977057,101325.0,1.0,0.9,-598436.0,300782.4,0.9948,0.09,551.5,-0.08955,-100.22328,0.0,0,-1.0,-1.0,-1.0,-1.0,-1.0,0.0,0.0,0.0,0.0
1791564553.55,2236350.0,1427.9,-0.5,1021.5,-0.0,174.9,0.0,83.58,89.56,-179.33,87.63,0.0,1224.977057,101325.0,1.0,0.9,-598436.0,300782.4,0.9948,0.09,551.5,-0.08955,-100.22328,0.0,0,-1.0,-1.0,-1.0,-1.0,-1.0,0.0,0.0,0.0,0.0
1791564554.05,2236350.5,1428.4,-0.5,1021.5,-0.0,174.9,0.0,83.58,89.56,-179.33,87.62,0.0,1224.977057,101325.0,1.0,0.9,-598436.0,300782.4,0.9948,0.09,551.5,-0.08955,-100.22328,0.0,0,-1.0,-1.0,-1.0,-1.0,-1.0,0.0,0.0,0.0,0.0
1791564554.55,2236351.0,1428.9,-0.5,1021.5,-0.0,174.9,0.0,83.58,89.56,-179.33,87.62,0.0,1224.977057,101325.0,1.0,0.9,-598436.0,300782.4,0.9948,0.09,551.5,-0.08955,-100.22328,0.0,0,-1.0,-1.0,-1.0,-1.0,-1.0,0.0,0.0,0.0,0.0
1791564555.05,2236351.5,1429.4,-0.5,1021.5,-0.0,174.9,0.0,83.58,89.56,-179.33,87.61,0.0,1224.977057,101325.0,1.0,0.9,-598436.0,300782.4,0.9948,0.09,551.5,-0.08955,-100.22328,0.0,0,-1.0,-1.0,-1.0,-1.0,-1.0,0.0,0.0,0.0,0.0
1791564555.55,2236352.0,1429.9,-0.5,1021.5,0.0,174.9,0.0,83.58,89.56,-179.33,87.6,0.0,1224.977057,101325.0,1.0,0.9,-598436.0,300782.4,0.9948,0.09,551.5,-0.08955,-100.22328,0.0,0,-1.0,-1.0,-1.0,-1.0,-1.0,0.0,0.0,0.0,0.0
1791564556.06,2236352.5,1430.4,-0.5,1021.5,0.0,174.9,0.0,83.58,89.56,-179.33,87.59,0.0,1224.977057,101325.0,1.0,0.9,-598436.0,300782.4,0.9948,0.09,551.5,-0.08955,-100.22328,0.0,0,-1.0,-1.0,-1.0,-1.0,-1.0,0.0,0.0,0.0,0.0
1791564556.56,2236353.0,1430.9,-0.5,1021.5,0.0,174.9,0.0,83.58,89.56,-179.33,87.58,0.0,1224.977057,101325.0,1.0,0.9,-598436.0,300782.4,0.9948,0.09,551.5,-0.08955,-100.22328,0.0,0,-1.0,-1.0,-1.0,-1.0,-1.0,0.0,0.0,0.0,0.0
1791564557.06,2236353.5,1431.4,-0.5,1021.5,0.0,174.9,0.0,83.58,89.56,-179.33,87.57,0.0,1224.977057,101325.0,1.0,0.9,-598436.0,300782.4,0.9948,0.09,551.5,-0.08955,-100.22328,0.0,0,-1.0,-1.0,-1.0,-1.0,-1.0,0.0,0.0,0.0,0.0
1791564557.57,2236354.0,1431.9,-0.5,1021.5,0.0,174.9,0.0,83.58,89.56,-179.33,87.57,0.0,1224.977057,101325.0,1.0,0.9,-598436.0,300782.4,0.9948,0.09,551.5,-0.08955,-100.22328,0.0,0,-1.0,-1.0,-1.0,-1.0,-1.0,0.0,0.0,0.0,0.0
1791564558.07,2236354.5,1432.4,-0.5,1021.5,0.0,174.9,0.0,83.58,89.56,-179.33,87.56,0.0,1224.977057,101325.0,1.0,0.9,-598436.0,300782.4,0.9948,0.09,551.5,-0.08955,-100.22328,0.0,0,-1.0,-1.0,-1.0,-1.0,-1.0,0.0,0.0,0.0,0.0
1791564558.57,2236355.0,1432.9,-0.5,1021.5,0.0,174.9,0.0,83.58,89.56,-179.33,87.55,0.0,1224.977057,101325.0,1.0,0.9,-598436.0,300782.4,0.9948,0.09,551.5,-0.08955,-100.22328,0.0,0,-1.0,-1.0,-1.0,-1.0,-1.0,0.0,0.0,0.0,0.0
1791564559.07,2236355.5,1433.4,-0.5,1021.5,0.0,174.9,0.0,83.58,89.56,-179.33,87.54,0.0,1224.977057,101325.0,1.0,0.9,-598436.0,300782.4,0.9948,0.09,551.5,-0.08955,-100.22328,0.0,0,-1.0,-1.0,-1.0,-1.0,-1.0,0.0,0.0,0.0,0.0
1791564559.57,2236356.0,1433.9,-0.5,1021.5,0.0,174.9,0.0,83.58,89.56,-179.33,87.53,0.0,1224.977057,101325.0,1.0,0.9,-598436.0,300782.4,0.9948,0.09,551.5,-0.08955,-100.22328,0.0,0,-1.0,-1.0,-1.0,-1.0,-1.0,0.0,0.0,0.0,0.0
1791564560.07,2236356.5,1434.4,-0.5,1021.5,0.0,174.9,0.0,83.58,89.56,-179.33,87.52,0.0,1224.977057,101325.0,1.0,0.9,-598436.0,300782.4,0.9948,0.09,551.5,-0.08955,-100.22328,0.0,0,-1.0,-1.0,-1.0,-1.0,-1.0,0.0,0.0,0.0,0.0
1791564560.58,2236357.0,1434.9,-0.5,1021.5,0.0,174.9,0.0,83.58,89.56,-179.33,87.51,0.0,1224.977057,101325.0,1.0,0.9,-598436.0,300782.4,0.9948,0.09,551.5,-0.08955,-100.22328,0.0,0,-1.0,-1.0,-1.0,-1.0,-1.0,0.0,0.0,0.0,0.0
1791564561.08,2236357.5,1435.4,-0.5,1021.5,0.0,174.9,0.0,83.58,89.56,-179.33,87.51,0.0,1224.977057,101325.0,1.0,0.9,-598436.0,300782.4,0.9948,0.09,551.5,-0.08955,-100.22328,0.0,0,-1.0,-1.0,-1.0,-1.0,-1.0,0.0,0.0,0.0,0.0
1791564561.58,2236358.0,1435.9,-0.5,1021.5,0.0,174.9,0.0,83.58,89.56,-179.33,87.5,0.0,1224.977057,101325.0,1.0,0.9,-598436.0,300782.4,0.9948,0.09,551.5,-0.08955,-100.22328,0.0,0,-1.0,-1.0,-1.0,-1.0,-1.0,0.0,0.0,0.0,0.0
1791564562.08,2236358.5,1436.4,-0.5,1021.5,0.0,174.9,0.0,83.58,89.56,-179.33,87.49,0.0,1224.977057,101325.0,1.0,0.9,-598436.0,300782.4,0.9948,0.09,551.5,-0.08955,-100.22328,0.0,0,-1.0,-1.0,-1.0,-1.0,-1.0,0.0,0.0,0.0,0.0
1791564562.58,2236359.0,1436.9,-0.5,1021.5,0.0,174.9,0.0,83.58,89.56,-179.33,87.48,0.0,1224.977057,101325.0,1.0,0.9,-598436.0,300782.4,0.9948,0.09,551.5,-0.08955,-100.22328,0.0,0,-1.0,-1.0,-1.0,-1.0,-1.0,0.0,0.0,0.0,0.0
1791564563.08,2236359.5,1437.4,-0.5,1021.5,0.0,174.9,0.0,83.58,89.56,-179.33,87.47,0.0,1224.977057,101325.0,1.0,0.9,-598436.0,300782.4,0.9948,0.09,551.5,-0.08955,-100.22328,0.0,0,-1.0,-1.0,-1.0,-1.0,-1.0,0.0,0.0,0.0,0.0
1791564563.59,2236360.0,1437.9,-0.5,1021.5,0.0,174.9,0.0,83.58,89.56,-179.33,87.46,0.0,1224.977057,101325.0,1.0,0.9,-598436.0,300782.4,0.9948,0.09,551.5,-0.08955,-100.22328,0.0,0,-1.0,-1.0,-1.0,-1.0,-1.0,0.0,0.0,0.0,0.0
1791564564.09,2236360.5,1438.4,-0.5,1021.5,0.0,174.9,0.0,83.58,89.56,-179.33,87.46,0.0,1224.977057,101325.0,1.0,0.9,-598436.0,300782.4,0.9948,0.09,551.5,-0.08955,-100.22328,0.0,0,-1.0,-1.0,-1.0,-1.0,-1.0,0.0,0.0,0.0,0.0
1791564564.59,2236361.0,1438.9,-0.5,1021.5,0.0,174.9,0.0,83.58,89.56,-179.33,87.45,0.0,1224.977057,101325.0,1.0,0.9,-598436.0,300782.4,0.9948,0.09,551.5,-0.08955,-100.22328,0.0,0,-1.0,-1.0,-1.0,-1.0,-1.0,0.0,0.0,0.0,0.0
1791564565.09,2236361.5,1439.4,-0.5,1021.5,0.0,174.9,0.0,83.58,89.56,-179.33,87.44,0.0,1224.977057,101325.0,1.0,0.9,-598436.0,300782.4,0.9948,0.09,551.5,-0.08955,-100.22328,0.0,0,-1.0,-1.0,-1.0,-1.0,-1.0,0.0,0.0,0.0,0.0
1791564565.59,2236362.1,1439.9,-0.5,1021.5,0.0,174.9,0.0,83.58,89.56,-179.33,87.43,0.0,1224.977057,101325.0,1.0,0.9,-598436.0,300782.4,0.9948,0.09,551.5,-0.08955,-100.22328,0.0,0,-1.0,-1.0,-1.0,-1.0,-1.0,0.0,0.0,0.0,0.0
1791564566.1,2236362.6,1440.4,-0.5,1021.5,0.0,174.9,0.0,83.58,89.56,-179.33,87.42,0.0,1224.977057,101325.0,1.0,0.9,-598436.0,300782.4,0.9948,0.09,551.5,-0.08955,-100.22328,0.0,0,-1.0,-1.0,-1.0,-1.0,-1.0,0.0,0.0,0.0,0.0
1791564566.6,2236363.1,1440.9,-0.5,1021.5,0.0,174.9,0.0,83.58,89.56,-179.33,87.41,0.0,1224.977057,101325.0,1.0,0.9,-598436.0,300782.4,0.9948,0.09,551.5,-0.08955,-100.22328,0.0,0,-1.0,-1.0,-1.0,-1.0,-1.0,0.0,0.0,0.0,0.0
1791564567.11,2236363.6,1441.4,-0.5,1021.5,0.0,174.9,0.0,83.58,89.56,-179.33,87.41,0.0,1224.977057,101325.0,1.0,0.9,-598436.0,300782.4,0.9948,0.09,551.5,-0.08955,-100.22328,0.0,0,-1.0,-1.0,-1.0,-1.0,-1.0,0.0,0.0,0.0,0.0
1791564567.61,2236364.1,1442.0,-0.5,1021.5,0.0,174.9,0.0,83.58,89.56,-179.33,87.4,0.0,1224.977057,101325.0,1.0,0.9,-598436.0,300782.4,0.9948,0.09,551.5,-0.08955,-100.22328,0.0,0,-1.0,-1.0,-1.0,-1.0,-1.0,0.0,0.0,0.0,0.0
1791564568.12,2236364.6,1442.5,-0.5,1021.5,0.0,174.9,0.0,83.58,89.56,-179.33,87.39,0.0,1224.977057,101325.0,1.0,0.9,-598436.0,300782.4,0.9948,0.09,551.5,-0.08955,-100.22328,0.0,0,-1.0,-1.0,-1.0,-1.0,-1.0,0.0,0.0,0.0,0.0
1791564568.62,2236364.9,1443.0,-0.5,1021.5,0.0,174.9,0.0,83.58,89.56,-179.33,87.38,0.0,1224.977057,101325.0,1.0,0.9,-598436.0,300782.4,0.9948,0.09,551.5,-0.08955,-100.22328,0.0,0,-1.0,-1.0,-1.0,-1.0,-1.0,0.0,0.0,0.0,0.0
1791564569.12,2236365.4,1443.5,-0.5,1021.5,0.0,174.9,0.0,83.58,89.56,-179.33,87.38,0.0,1224.977057,101325.0,1.0,0.9,-598436.0,300782.4,0.9948,0.09,551.5,-0.08955,-100.22328,0.0,0,-1.0,-1.0,-1.0,-1.0,-1.0,0.0,0.0,0.0,0.0
1791564569.63,2236365.9,1444.0,-0.5,1021.5,0.0,174.9,0.0,83.58,89.56,-179.33,87.37,0.0,1224.977057,101325.0,1.0,0.9,-598436.0,300782.4,0.9948,0.09,551.5,-0.08955,-100.22328,0.0,0,-1.0,-1.0,-1.0,-1.0,-1.0,0.0,0.0,0.0,0.0
1791564570.13,2236366.4,1444.5,-0.5,1021.5,0.0,174.9,0.0,83.58,89.56,-179.33,87.36,0.0,1224.977057,101325.0,1.0,0.9,-598436.0,300782.4,0.9948,0.09,551.5,-0.08955,-100.22328,0.0,0,-1.0,-1.0,-1.0,-1.0,-1.0,0.0,0.0,0.0,0.0
1791564570.63,2236366.9,1445.0,-0.5,1021.5,0.0,174.9,0.0,83.58,89.56,-179.33,87.35,0.0,1224.977057,101325.0,1.0,0.9,-598436.0,300782.4,0.9948,0.09,551.5,-0.08955,-100.22328,0.0,0,-1.0,-1.0,-1.0,-1.0,-1.0,0.0,0.0,0.0,0.0
1791564571.13,2236367.4,1445.5,-0.5,1021.5,0.0,174.9,0.0,83.58,89.56,-179.33,87.34,0.0,1224.977057,101325.0,1.0,0.9,-598436.0,300782.4,0.9948,0.09,551.5,-0.08955,-100.22328,0.0,0,-1.0,-1.0,-1.0,-1.0,-1.0,0.0,0.0,0.0,0.0
1791564571.63,2236367.9,1446.0,-0.5,1021.5,0.0,174.9,0.0,83.58,89.56,-179.33,87.33,0.0,1224.977057,101325.0,1.0,0.9,-598436.0,300782.4,0.9948,0.09,551.5,-0.08955,-100.22328,0.0,0,-1.0,-1.0,-1.0,-1.0,-1.0,0.0,0.0,0.0,0.0
1791564572.13,2236368.4,1446.5,-0.5,1021.5,0.0,174.9,0.0,83.58,89.56,-179.33,87.32,0.0,1224.977057,101325.0,1.0,0.9,-598436.0,300782.4,0.9948,0.09,551.5,-0.08955,-100.22328,0.0,0,-1.0,-1.0,-1.0,-1.0,-1.0,0.0,0.0,0.0,0.0
1791564572.64,2236368.9,1447.0,-0.5,1021.5,0.0,174.9,0.0,83.58,89.56,-179.33,87.32,0.0,1224.977057,101325.0,1.0,0.9,-598436.0,300782.4,0.9948,0.09,551.5,-0.08955,-100.22328,0.0,0,-1.0,-1.0,-1.0,-1.0,-1.0,0.0,0.0,0.0,0.0
1791564573.14,2236369.4,1447.5,-0.5,1021.5,0.0,174.9,0.0,83.58,89.56,-179.33,87.31,0.0,1224.977057,101325.0,1.0,0.9,-598436.0,300782.4,0.9948,0.09,551.5,-0.08955,-100.22328,0.0,0,-1.0,-1.0,-1.0,-1.0,-1.0,0.0,0.0,0.0,0.0
1791564573.64,2236369.9,1448.0,-0.5,1021.5,0.0,174.9,0.0,83.58,89.56,-179.33,87.3,0.0,1224.977057,101325.0,1.0,0.9,-598436.0,300782.4,0.9948,0.09,551.5,-0.08955,-100.22328,0.0,0,-1.0,-1.0,-1.0,-1.0,-1.0,0.0,0.0,0.0,0.0
1791564574.14,2236370.4,1448.5,-0.5,1021.5,0.0,174.9,0.0,83.58,89.56,-179.33,87.29,0.0,1224.977057,101325.0,1.0,0.9,-598436.0,300782.4,0.9948,0.09,551.5,-0.08955,-100.22328,0.0,0,-1.0,-1.0,-1.0,-1.0,-1.0,0.0,0.0,0.0,0.0
1791564574.65,2236370.9,1449.0,-0.5,1021.5,0.0,174.9,0.0,83.58,89.56,-179.33,87.28,0.0,1224.977057,101325.0,1.0,0.9,-598436.0,300782.4,0.9948,0.09,551.5,-0.08955,-100.22328,0.0,0,-1.0,-1.0,-1.0,-1.0,-1.0,0.0,0.0,0.0,0.0
1791564575.15,2236371.4,1449.5,-0.5,1021.5,0.0,174.9,0.0,83.58,89.56,-179.33,87.27,0.0,1224.977057,101325.0,1.0,0.9,-598436.0,300782.4,0.9948,0.09,551.5,-0.08955,-100.22328,0.0,0,-1.0,-1.0,-1.0,-1.0,-1.0,0.0,0.0,0.0,0.0
1791564575.65,2236371.9,1450.0,-0.5,1021.5,0.0,174.9,0.0,83.58,89.56,-179.33,87.27,0.0,1224.977057,101325.0,1.0,0.9,-598436.0,300782.4,0.9948,0.09,551.5,-0.08955,-100.22328,0.0,0,-1.0,-1.0,-1.0,-1.0,-1.0,0.0,0.0,0.0,0.0
1791564576.15,2236372.4,1450.5,-0.5,1021.5,0.0,174.9,0.0,83.58,89.56,-179.33,87.26,0.0,1224.977057,101325.0,1.0,0.9,-598436.0,300782.4,0.9948,0.09,551.5,-0.08955,-100.22328,0.0,0,-1.0,-1.0,-1.0,-1.0,-1.0,0.0,0.0,0.0,0.0
1791564576.66,2236373.0,1451.0,-0.5,1021.5,0.0,174.9,0.0,83.58,89.56,-179.33,87.25,0.0,1224.977057,101325.0,1.0,0.9,-598436.0,300782.4,0.9948,0.09,551.5,-0.08955,-100.22328,0.0,0,-1.0,-1.0,-1.0,-1.0,-1.0,0.0,0.0,0.0,0.0
1791564577.16,2236373.4,1451.5,-0.5,1021.5,0.0,174.9,0.0,83.58,89.56,-179.33,87.24,0.0,1224.977057,101325.0,1.0,0.9,-598436.0,300782.4,0.9948,0.09,551.5,-0.08955,-100.22328,0.0,0,-1.0,-1.0,-1.0,-1.0,-1.0,0.0,0.0,0.0,0.0
1791564577.66,2236373.9,1452.0,-0.5,1021.5,0.0,174.9,0.0,83.58,89.56,-179.33,87.23,0.0,1224.977057,101325.0,1.0,0.9,-598436.0,300782.4,0.9948,0.09,551.5,-0.08955,-100.22328,0.0,0,-1.0,-1.0,-1.0,-1.0,-1.0,0.0,0.0,0.0,0.0
1791564578.16,2236374.4,1452.5,-0.5,1021.5,0.0,174.9,0.0,83.58,89.56,-179.33,87.22,0.0,1224.977057,101325.0,1.0,0.9,-598436.0,300782.4,0.9948,0.09,551.5,-0.08955,-100.22328,0.0,0,-1.0,-1.0,-1.0,-1.0,-1.0,0.0,0.0,0.0,0.0
1791564578.67,2236374.9,1453.0,-0.5,1021.5,0.0,174.9,0.0,83.58,89.56,-179.33,87.22,0.0,1224.977057,101325.0,1.0,0.9,-598436.0,300782.4,0.9948,0.09,551.5,-0.08955,-100.22328,0.0,0,-1.0,-1.0,-1.0,-1.0,-1.0,0.0,0.0,0.0,0.0
1791564579.17,2236375.4,1453.5,-0.5,1021.5,0.0,174.9,0.0,83.58,89.56,-179.33,87.21,0.0,1224.977057,101325.0,1.0,0.9,-598436.0,300782.4,0.9948,0.09,551.5,-0.08955,-100.22328,0.0,0,-1.0,-1.0,-1.0,-1.0,-1.0,0.0,0.0,0.0,0.0
1791564579.67,2236375.9,1454.0,-0.5,1021.5,0.0,174.9,0.0,83.58,89.56,-179.33,87.2,0.0,1224.977057,101325.0,1.0,0.9,-598436.0,300782.4,0.9948,0.09,551.5,-0.08955,-100.22328,0.0,0,-1.0,-1.0,-1.0,-1.0,-1.0,0.0,0.0,0.0,0.0
1791564580.17,2236376.4,1454.5,-0.5,1021.5,0.0,174.9,0.0,83.58,89.56,-179.33,87.19,0.0,1224.977057,101325.0,1.0,0.9,-598436.0,300782.4,0.9948,0.09,551.5,-0.08955,-100.22328,0.0,0,-1.0,-1.0,-1.0,-1.0,-1.0,0.0,0.0,0.0,0.0
1791564580.68,2236376.9,1455.0,-0.5,1021.5,0.0,174.9,0.0,83.58,89.56,-179.33,87.18,0.0,1224.977057,101325.0,1.0,0.9,-598436.0,300782.4,0.9948,0.09,551.5,-0.08955,-100.22328,0.0,0,-1.0,-1.0,-1.0,-1.0,-1.0,0.0,0.0,0.0,0.0
1791564581.18,2236377.4,1455.5,-0.5,1021.5,0.0,174.9,0.0,83.58,89.56,-179.33,87.17,0.0,1224.977057,101325.0,1.0,0.9,-598436.0,300782.4,0.9948,0.09,551.5,-0.08955,-100.22328,0.0,0,-1.0,-1.0,-1.0,-1.0,-1.0,0.0,0.0,0.0,0.0
1791564581.68,2236377.9,1456.0,-0.5,1021.5,0.0,174.9,0.0,83.58,89.56,-179.33,87.17,0.0,1224.977057,101325.0,1.0,0.9,-598436.0,300782.4,0.9948,0.09,551.5,-0.08955,-100.22328,0.0,0,-1.0,-1.0,-1.0,-1.0,-1.0,0.0,0.0,0.0,0.0
1791564582.18,2236378.4,1456.5,-0.5,1021.5,0.0,174.9,0.0,83.58,89.56,-179.33,87.16,0.0,1224.977057,101325.0,1.0,0.9,-598436.0,300782.4,0.9948,0.09,551.5,-0.08955,-100.22328,0.0,0,-1.0,-1.0,-1.0,-1.0,-1.0,0.0,0.0,0.0,0.0
1791564582.68,2236378.9,1457.0,-0.5,1021.5,0.0,174.9,0.0,83.58,89.56,-179.33,87.15,0.0,1224.977057,101325.0,1.0,0.9,-598436.0,300782.4,0.9948,0.09,551.5,-0.08955,-100.22328,0.0,0,-1.0,-1.0,-1.0,-1.0,-1.0,0.0,0.0,0.0,0.0
1791564583.18,2236379.4,1457.5,-0.5,1021.5,0.0,174.9,0.0,83.58,89.56,-179.33,87.14,0.0,1224.977057,101325.0,1.0,0.9,-598436.0,300782.4,0.9948,0.09,551.5,-0.08955,-100.22328,0.0,0,-1.0,-1.0,-1.0,-1.0,-1.0,0.0,0.0,0.0,0.0
1791564583.69,2236379.7,1458.0,-0.5,1021.5,-0.0,174.9,0.0,83.58,89.56,-179.33,87.14,0.0,1224.977057,101325.0,1.0,0.9,-598436.0,300782.4,0.9948,0.09,551.5,-0.08955,-100.22328,0.0,0,-1.0,-1.0,-1.0,-1.0,-1.0,0.0,0.0,0.0,0.0
1791564584.19,2236379.7,1458.5,-0.5,1021.5,-0.0,174.9,0.0,83.58,89.56,-179.33,87.14,0.0,1224.977057,101325.0,1.0,0.9,-598436.0,300782.4,0.9948,0.09,551.5,-0.08955,-100.22328,0.0,0,-1.0,-1.0,-1.0,-1.0,-1.0,0.0,0.0,0.0,0.0
1791564584.69,2236379.7,1459.0,-0.5,1021.5,-0.0,174.9,0.0,83.58,89.56,-179.33,87.14,0.0,1224.977057,101325.0,1.0,0.9,-598436.0,300782.4,0.9948,0.09,551.5,-0.08955,-100.22328,0.0,0,-1.0,-1.0,-1.0,-1.0,-1.0,0.0,0.0,0.0,0.0
1791564585.19,2236379.7,1459.5,-0.5,1021.5,-0.0,174.9,0.0,83.58,89.56,-179.33,87.14,0.0,1224.977057,101325.0,1.0,0.9,-598436.0,300782.4,0.9948,0.09,551.5,-0.08955,-100.22328,0.0,0,-1.0,-1.0,-1.0,-1.0,-1.0,0.0,0.0,0.0,0.0
1791564585.69,2236379.8,1460.0,-0.5,1021.5,-0.0,174.9,0.0,83.58,89.56,-179.33,87.14,0.0,1224.977057,101325.0,1.0,0.9,-598436.0,300782.4,0.9948,0.09,551.5,-0.08955,-100.22328,0.0,0,-1.0,-1.0,-1.0,-1.0,-1.0,0.0,0.0,0.0,0.0
1791564586.19,2236379.8,1460.5,-0.5,1021.5,-0.0,174.9,0.0,83.58,89.56,-179.33,87.14,0.0,1224.977057,101325.0,1.0,0.9,-598436.0,300782.4,0.9948,0.09,551.5,-0.08955,-100.22328,0.0,0,-1.0,-1.0,-1.0,-1.0,-1.0,0.0,0.0,0.0,0.0
1791564586.7,2236379.8,1461.0,-0.5,1021.5,-0.0,174.9,0.0,83.58,89.56,-179.33,87.14,0.0,1224.977057,101325.0,1.0,0.9,-598436.0,300782.4,0.9948,0.09,551.5,-0.08955,-100.22328,0.0,0,-1.0,-1.0,-1.0,-1.0,-1.0,0.0,0.0,0.0,0.0
1791564587.2,2236379.8,1461.5,-0.5,1021.5,-0.0,174.9,0.0,83.58,89.56,-179.33,87.14,0.0,1224.977057,101325.0,1.0,0.9,-598436.0,300782.4,0.9948,0.09,551.5,-0.08955,-100.22328,0.0,0,-1.0,-1.0,-1.0,-1.0,-1.0,0.0,0.0,0.0,0.0
1791564587.7,2236379.8,1462.0,-0.5,1021.5,-0.0,174.9,0.0,83.58,89.56,-179.33,87.13,0.0,1224.977057,101325.0,1.0,0.9,-598436.0,300782.4,0.9948,0.09,551.5,-0.08955,-100.22328,0.0,0,-1.0,-1.0,-1.0,-1.0,-1.0,0.0,0.0,0.0,0.0
1791564588.2,2236379.8,1462.5,-0.5,1021.5,-0.0,174.9,0.0,83.58,89.56,-179.33,87.13,0.0,1224.977057,101325.0,1.0,0.9,-598436.0,300782.4,0.9948,0.09,551.5,-0.08955,-100.22328,0.0,0,-1.0,-1.0,-1.0,-1.0,-1.0,0.0,0.0,0.0,0.0
1791564588.7,2236379.9,1463.0,-0.5,1021.5,-0.0,174.9,0.0,83.58,89.56,-179.33,87.13,0.0,1224.977057,101325.0,1.0,0.9,-598436.0,300782.4,0.9948,0.09,551.5,-0.08955,-100.22328,0.0,0,-1.0,-1.0,-1.0,-1.0,-1.0,0.0,0.0,0.0,0.0
1791564589.2,2236379.9,1463.5,-0.5,1021.5,-0.0,174.9,0.0,83.58,89.56,-179.33,87.13,0.0,1224.977057,101325.0,1.0,0.9,-598436.0,300782.4,0.9948,0.09,551.5,-0.08955,-100.22328,0.0,0,-1.0,-1.0,-1.0,-1.0,-1.0,0.0,0.0,0.0,0.0
1791564589.71,2236379.9,1464.0,-0.5,1021.5,-0.0,174.9,0.0,83.58,89.56,-179.33,87.13,0.0,1224.977057,101325.0,1.0,0.9,-598436.0,300782.4,0.9948,0.09,551.5,-0.08955,-100.22328,0.0,0,-1.0,-1.0,-1.0,-1.0,-1.0,0.0,0.0,0.0,0.0
1791564590.21,2236379.9,1464.6,-0.5,1021.5,-0.0,174.9,0.0,83.58,89.56,-179.33,87.13,0.0,1224.977057,101325.0,1.0,0.9,-598436.0,300782.4,0.9948,0.09,551.5,-0.08955,-100.22328,0.0,0,-1.0,-1.0,-1.0,-1.0,-1.0,0.0,0.0,0.0,0.0
1791564590.71,2236380.0,1465.1,-0.5,1021.5,-0.0,174.9,0.0,83.58,89.56,-179.33,87.13,0.0,1224.977057,101325.0,1.0,0.9,-598436.0,300782.4,0.9948,0.09,551.5,-0.08955,-100.22328,0.0,0,-1.0,-1.0,-1.0,-1.0,-1.0,0.0,0.0,0.0,0.0
1791564591.21,2236380.3,1465.6,-0.5,1021.5,-0.0,174.9,0.0,83.58,89.56,-179.33,87.13,0.0,1224.977057,101325.0,1.0,0.9,-598436.0,300782.4,0.9948,0.09,551.5,-0.08955,-100.22328,0.0,0,-1.0,-1.0,-1.0,-1.0,-1.0,0.0,0.0,0.0,0.0
1791564591.71,2236380.8,1466.1,-0.5,1021.5,-0.0,174.9,0.0,83.58,89.56,-179.33,87.12,0.0,1224.977057,101325.0,1.0,0.9,-598436.0,300782.4,0.9948,0.09,551.5,-0.08955,-100.22328,0.0,0,-1.0,-1.0,-1.0,-1.0,-1.0,0.0,0.0,0.0,0.0
1791564592.21,2236381.2,1466.6,-0.5,1021.5,-0.0,174.9,0.0,83.58,89.56,-179.33,87.11,0.0,1224.977057,101325.0,1.0,0.9,-598436.0,300782.4,0.9948,0.09,551.5,-0.08955,-100.22328,0.0,0,-1.0,-1.0,-1.0,-1.0,-1.0,0.0,0.0,0.0,0.0
1791564592.72,2236381.2,1467.1,-0.5,1021.5,-0.0,174.9,0.0,83.58,89.56,-179.33,87.11,0.0,1224.977057,101325.0,1.0,0.9,-598436.0,300782.4,0.9948,0.09,551.5,-0.08955,-100.22328,0.0,0,-1.0,-1.0,-1.0,-1.0,-1.0,0.0,0.0,0.0,0.0
1791564593.22,2236381.5,1467.6,-0.5,1021.5,0.0,174.9,0.0,83.58,89.56,-179.33,87.11,0.0,1224.977057,101325.0,1.0,0.9,-598436.0,300782.4,0.9948,0.09,551.5,-0.08955,-100.22328,0.0,0,-1.0,-1.0,-1.0,-1.0,-1.0,0.0,0.0,0.0,0.0
1791564593.72,2236382.0,1468.1,-0.5,1021.5,0.0,174.9,0.0,83.58,89.56,-179.33,87.1,0.0,1224.977057,101325.0,1.0,0.9,-598436.0,300782.4,0.9948,0.09,551.5,-0.08955,-100.22328,0.0,0,-1.0,-1.0,-1.0,-1.0,-1.0,0.0,0.0,0.0,0.0
1791564594.22,2236382.5,1468.6,-0.5,1021.5,0.0,174.9,0.0,83.58,89.56,-179.33,87.09,0.0,1224.977057,101325.0,1.0,0.9,-598436.0,300782.4,0.9948,0.09,551.5,-0.08955,-100.22328,0.0,0,-1.0,-1.0,-1.0,-1.0,-1.0,0.0,0.0,0.0,0.0
1791564594.72,2236383.0,1469.1,-0.5,1021.5,-0.0,174.9,0.0,83.58,89.56,-179.33,87.08,0.0,1224.977057,101325.0,1.0,0.9,-598436.0,300782.4,0.9948,0.09,551.5,-0.08955,-100.22328,0.0,0,-1.0,-1.0,-1.0,-1.0,-1.0,0.0,0.0,0.0,0.0
1791564595.22,2236383.5,1469.6,-0.5,1021.5,-0.0,174.9,0.0,83.58,89.56,-179.33,87.07,0.0,1224.977057,101325.0,1.0,0.9,-598436.0,300782.4,0.9948,0.09,551.5,-0.08955,-100.22328,0.0,0,-1.0,-1.0,-1.0,-1.0,-1.0,0.0,0.0,0.0,0.0
1791564595.73,2236384.0,1470.1,-0.5,1021.5,-0.0,174.9,0.0,83.58,89.56,-179.33,87.06,0.0,1224.977057,101325.0,1.0,0.9,-598436.0,300782.4,0.9948,0.09,551.5,-0.08955,-100.22328,0.0,0,-1.0,-1.0,-1.0,-1.0,-1.0,0.0,0.0,0.0,0.0
1791564596.23,2236384.5,1470.6,-0.5,1021.5,-0.0,174.9,0.0,83.58,89.56,-179.33,87.06,0.0,1224.977057,101325.0,1.0,0.9,-598436.0,300782.4,0.9948,0.09,551.5,-0.08955,-100.22328,0.0,0,-1.0,-1.0,-1.0,-1.0,-1.0,0.0,0.0,0.0,0.0
1791564596.73,2236385.1,1471.1,-0.5,1021.5,0.0,174.9,0.0,83.58,89.56,-179.33,87.05,0.0,1224.977057,101325.0,1.0,0.9,-598436.0,300782.4,0.9948,0.09,551.5,-0.08955,-100.22328,0.0,0,-1.0,-1.0,-1.0,-1.0,-1.0,0.0,0.0,0.0,0.0
1791564597.23,2236385.6,1471.6,-0.5,1021.5,0.0,174.9,0.0,83.58,89.56,-179.33,87.04,0.0,1224.977057,101325.0,1.0,0.9,-598436.0,300782.4,0.9948,0.09,551.5,-0.08955,-100.22328,0.0,0,-1.0,-1.0,-1.0,-1.0,-1.0,0.0,0.0,0.0,0.0
1791564597.74,2236386.1,1472.1,-0.5,1021.5,-0.0,174.9,0.0,83.58,89.56,-179.33,87.03,0.0,1224.977057,101325.0,1.0,0.9,-598436.0,300782.4,0.9948,0.09,551.5,-0.08955,-100.22328,0.0,0,-1.0,-1.0,-1.0,-1.0,-1.0,0.0,0.0,0.0,0.0
1791564598.24,2236386.6,1472.6,-0.5,1021.5,-0.0,174.9,0.0,83.58,89.56,-179.33,87.02,0.0,1224.977057,101325.0,1.0,0.9,-598436.0,300782.4,0.9948,0.09,551.5,-0.08955,-100.22328,0.0,0,-1.0,-1.0,-1.0,-1.0,-1.0,0.0,0.0,0.0,0.0
1791564598.74,2236387.1,1473.1,-0.5,1021.5,-0.0,174.9,0.0,83.58,89.56,-179.33,87.01,0.0,1224.977057,101325.0,1.0,0.9,-598436.0,300782.4,0.9948,0.09,551.5,-0.08955,-100.22328,0.0,0,-1.0,-1.0,-1.0,-1.0,-1.0,0.0,0.0,0.0,0.0
1791564599.24,2236387.6,1473.6,-0.5,1021.5,-0.0,174.9,0.0,83.58,89.56,-179.33,87.01,0.0,1224.977057,101325.0,1.0,0.9,-598436.0,300782.4,0.9948,0.09,551.5,-0.08955,-100.22328,0.0,0,-1.0,-1.0,-1.0,-1.0,-1.0,0.0,0.0,0.0,0.0
1791564599.74,2236388.1,1474.1,-0.5,1021.5,-0.0,174.9,0.0,83.58,89.56,-179.33,87.0,0.0,1224.977057,101325.0,1.0,0.9,-598436.0,300782.4,0.9948,0.09,551.5,-0.08955,-100.22328,0.0,0,-1.0,-1.0,-1.0,-1.0,-1.0,0.0,0.0,0.0,0.0
1791564600.25,2236388.6,1474.6,-0.5,1021.5,-0.0,174.9,0.0,83.58,89.56,-179.33,86.99,0.0,1224.977057,101325.0,1.0,0.9,-598436.0,300782.4,0.9948,0.09,551.5,-0.08955,-100.22328,0.0,0,-1.0,-1.0,-1.0,-1.0,-1.0,0.0,0.0,0.0,0.0
1791564600.75,2236389.0,1475.1,-0.5,1021.5,-0.0,174.9,0.0,83.58,89.56,-179.33,86.98,0.0,1224.977057,101325.0,1.0,0.9,-598436.0,300782.4,0.9948,0.09,551.5,-0.08955,-100.22328,0.0,0,-1.0,-1.0,-1.0,-1.0,-1.0,0.0,0.0,0.0,0.0
1791564601.25,2236389.1,1475.6,-0.5,1021.5,-0.0,174.9,0.0,83.58,89.56,-179.33,86.98,0.0,1224.977057,101325.0,1.0,0.9,-598436.0,300782.4,0.9948,0.09,551.5,-0.08955,-100.22328,0.0,0,-1.0,-1.0,-1.0,-1.0,-1.0,0.0,0.0,0.0,0.0
1791564601.75,2236389.1,1476.1,-0.5,1021.5,-0.0,174.9,0.0,83.58,89.56,-179.33,86.98,0.0,1224.977057,101325.0,1.0,0.9,-598436.0,300782.4,0.9948,0.09,551.5,-0.08955,-100.22328,0.0,0,-1.0,-1.0,-1.0,-1.0,-1.0,0.0,0.0,0.0,0.0
1791564602.26,2236389.1,1476.6,-0.5,1021.5,-0.0,174.9,0.0,83.58,89.56,-179.33,86.98,0.0,1224.977057,101325.0,1.0,0.9,-598436.0,300782.4,0.9948,0.09,551.5,-0.08955,-100.22328,0.0,0,-1.0,-1.0,-1.0,-1.0,-1.0,0.0,0.0,0.0,0.0
1791564602.76,2236389.1,1477.1,-0.5,1021.5,-0.0,174.9,0.0,83.58,89.56,-179.33,86.98,0.0,1224.977057,101325.0,1.0,0.9,-598436.0,300782.4,0.9948,0.09,551.5,-0.08955,-100.22328,0.0,0,-1.0,-1.0,-1.0,-1.0,-1.0,0.0,0.0,0.0,0.0
1791564603.26,2236389.1,1477.6,-0.5,1021.5,-0.0,174.9,0.0,83.58,89.56,-179.33,86.98,0.0,1224.977057,101325.0,1.0,0.9,-598436.0,300782.4,0.9948,0.09,551.5,-0.08955,-100.22328,0.0,0,-1.0,-1.0,-1.0,-1.0,-1.0,0.0,0.0,0.0,0.0
1791564603.76,2236389.1,1478.1,-0.5,1021.5,-0.0,174.9,0.0,83.58,89.56,-179.33,86.98,0.0,1224.977057,101325.0,1.0,0.9,-598436.0,300782.4,0.9948,0.09,551.5,-0.08955,-100.22328,0.0,0,-1.0,-1.0,-1.0,-1.0,-1.0,0.0,0.0,0.0,0.0
1791564604.26,2236389.2,1478.6,-0.5,1021.5,-0.0,174.9,0.0,83.58,89.56,-179.33,86.98,0.0,1224.977057,101325.0,1.0,0.9,-598436.0,300782.4,0.9948,0.09,551.5,-0.08955,-100.22328,0.0,0,-1.0,-1.0,-1.0,-1.0,-1.0,0.0,0.0,0.0,0.0
1791564604.76,2236389.2,1479.1,-0.5,1021.5,-0.0,174.9,0.0,83.58,89.56,-179.33,86.98,0.0,1224.977057,101325.0,1.0,0.9,-598436.0,300782.4,0.9948,0.09,551.5,-0.08955,-100.22328,0.0,0,-1.0,-1.0,-1.0,-1.0,-1.0,0.0,0.0,0.0,0.0
1791564605.26,2236389.2,1479.6,-0.5,1021.5,-0.0,174.9,0.0,83.58,89.56,-179.33,86.98,0.0,1224.977057,101325.0,1.0,0.9,-598436.0,300782.4,0.9948,0.09,551.5,-0.08955,-100.22328,0.0,0,-1.0,-1.0,-1.0,-1.0,-1.0,0.0,0.0,0.0,0.0
1791564605.77,2236389.2,1480.1,-0.5,1021.5,-0.0,174.9,0.0,83.58,89.56,-179.33,86.98,0.0,1224.977057,101325.0,1.0,0.9,-598436.0,300782.4,0.9948,0.09,551.5,-0.08955,-100.22328,0.0,0,-1.0,-1.0,-1.0,-1.0,-1.0,0.0,0.0,0.0,0.0
1791564606.27,2236389.3,1480.6,-0.5,1021.5,-0.0,174.9,0.0,83.58,89.56,-179.33,86.98,0.0,1224.977057,101325.0,1.0,0.9,-598436.0,300782.4,0.9948,0.09,551.5,-0.08955,-100.22328,0.0,0,-1.0,-1.0,-1.0,-1.0,-1.0,0.0,0.0,0.0,0.0
1791564606.77,2236389.3,1481.1,-0.5,1021.5,-0.0,174.9,0.0,83.58,89.56,-179.33,86.98,0.0,1224.977057,101325.0,1.0,0.9,-598436.0,300782.4,0.9948,0.09,551.5,-0.08955,-100.22328,0.0,0,-1.0,-1.0,-1.0,-1.0,-1.0,0.0,0.0,0.0,0.0
1791564607.27,2236389.3,1481.6,-0.5,1021.5,-0.0,174.9,0.0,83.58,89.56,-179.33,86.98,0.0,1224.977057,101325.0,1.0,0.9,-598436.0,300782.4,0.9948,0.09,551.5,-0.08955,-100.22328,0.0,0,-1.0,-1.0,-1.0,-1.0,-1.0,0.0,0.0,0.0,0.0
1791564607.77,2236389.3,1482.1,-0.5,1021.5,-0.0,174.9,0.0,83.58,89.56,-179.33,86.98,0.0,1224.977057,101325.0,1.0,0.9,-598436.0,300782.4,0.9948,0.09,551.5,-0.08955,-100.22328,0.0,0,-1.0,-1.0,-1.0,-1.0,-1.0,0.0,0.0,0.0,0.0
1791564608.27,2236389.3,1482.6,-0.5,1021.5,-0.0,174.9,0.0,83.58,89.56,-179.33,86.98,0.0,1224.977057,101325.0,1.0,0.9,-598436.0,300782.4,0.9948,0.09,551.5,-0.08955,-100.22328,0.0,0,-1.0,-1.0,-1.0,-1.0,-1.0,0.0,0.0,0.0,0.0
1791564608.78,2236389.3,1483.1,-0.5,1021.5,-0.0,174.9,0.0,83.58,89.56,-179.33,86.98,0.0,1224.977057,101325.0,1.0,0.9,-598436.0,300782.4,0.9948,0.09,551.5,-0.08955,-100.22328,0.0,0,-1.0,-1.0,-1.0,-1.0,-1.0,0.0,0.0,0.0,0.0
1791564609.28,2236389.4,1483.6,-0.5,1021.5,-0.0,174.9,0.0,83.58,89.56,-179.33,86.98,0.0,1224.977057,101325.0,1.0,0.9,-598436.0,300782.4,0.9948,0.09,551.5,-0.08955,-100.22328,0.0,0,-1.0,-1.0,-1.0,-1.0,-1.0,0.0,0.0,0.0,0.0
1791564609.78,2236389.4,1484.1,-0.5,1021.5,-0.0,174.9,0.0,83.58,89.56,-179.33,86.98,0.0,1224.977057,101325.0,1.0,0.9,-598436.0,300782.4,0.9948,0.09,551.5,-0.08955,-100.22328,0.0,0,-1.0,-1.0,-1.0,-1.0,-1.0,0.0,0.0,0.0,0.0
1791564610.29,2236389.4,1484.6,-0.5,1021.5,-0.0,174.9,0.0,83.58,89.56,-179.33,86.98,0.0,1224.977057,101325.0,1.0,0.9,-598436.0,300782.4,0.9948,0.09,551.5,-0.08955,-100.22328,0.0,0,-1.0,-1.0,-1.0,-1.0,-1.0,0.0,0.0,0.0,0.0
1791564610.79,2236389.4,1485.1,-0.5,1021.5,-0.0,174.9,0.0,83.58,89.56,-179.33,86.98,0.0,1224.977057,101325.0,1.0,0.9,-598436.0,300782.4,0.9948,0.09,551.5,-0.08955,-100.22328,0.0,0,-1.0,-1.0,-1.0,-1.0,-1.0,0.0,0.0,0.0,0.0
1791564611.29,2236389.5,1485.6,-0.5,1021.5,-0.0,174.9,0.0,83.58,89.56,-179.33,86.97,0.0,1224.977057,101325.0,1.0,0.9,-598436.0,300782.4,0.9948,0.09,551.5,-0.08955,-100.22328,0.0,0,-1.0,-1.0,-1.0,-1.0,-1.0,0.0,0.0,0.0,0.0
1791564611.79,2236389.5,1486.1,-0.5,1021.5,-0.0,174.9,0.0,83.58,89.56,-179.33,86.97,0.0,1224.977057,101325.0,1.0,0.9,-598436.0,300782.4,0.9948,0.09,551.5,-0.08955,-100.22328,0.0,0,-1.0,-1.0,-1.0,-1.0,-1.0,0.0,0.0,0.0,0.0
1791564612.29,2236389.5,1486.6,-0.5,1021.5,-0.0,174.9,0.0,83.58,89.56,-179.33,86.97,0.0,1224.977057,101325.0,1.0,0.9,-598436.0,300782.4,0.9948,0.09,551.5,-0.08955,-100.22328,0.0,0,-1.0,-1.0,-1.0,-1.0,-1.0,0.0,0.0,0.0,0.0
1791564612.8,2236389.5,1487.1,-0.5,1021.5,-0.0,174.9,0.0,83.58,89.56,-179.33,86.97,0.0,1224.977057,101325.0,1.0,0.9,-598436.0,300782.4,0.9948,0.09,551.5,-0.08955,-100.22328,0.0,0,-1.0,-1.0,-1.0,-1.0,-1.0,0.0,0.0,0.0,0.0
1791564613.3,2236389.5,1487.6,-0.5,1021.5,-0.0,174.9,0.0,83.58,89.56,-179.33,86.97,0.0,1224.977057,101325.0,1.0,0.9,-598436.0,300782.4,0.9948,0.09,551.5,-0.08955,-100.22328,0.0,0,-1.0,-1.0,-1.0,-1.0,-1.0,0.0,0.0,0.0,0.0
1791564613.8,2236389.5,1488.1,-0.5,1021.5,-0.0,174.9,0.0,83.58,89.56,-179.33,86.97,0.0,1224.977057,101325.0,1.0,0.9,-598436.0,300782.4,0.9948,0.09,551.5,-0.08955,-100.22328,0.0,0,-1.0,-1.0,-1.0,-1.0,-1.0,0.0,0.0,0.0,0.0
1791564614.3,2236389.6,1488.6,-0.5,1021.5,-0.0,174.9,0.0,83.58,89.56,-179.33,86.97,0.0,1224.977057,101325.0,1.0,0.9,-598436.0,300782.4,0.9948,0.09,551.5,-0.08955,-100.22328,0.0,0,-1.0,-1.0,-1.0,-1.0,-1.0,0.0,0.0,0.0,0.0
1791564614.8,2236389.6,1489.1,-0.5,1021.5,-0.0,174.9,0.0,83.58,89.56,-179.33,86.97,0.0,1224.977057,101325.0,1.0,0.9,-598436.0,300782.4,0.9948,0.09,551.5,-0.08955,-100.22328,0.0,0,-1.0,-1.0,-1.0,-1.0,-1.0,0.0,0.0,0.0,0.0
1791564615.3,2236389.6,1489.6,-0.5,1021.5,-0.0,174.9,0.0,83.58,89.56,-179.33,86.97,0.0,1224.977057,101325.0,1.0,0.9,-598436.0,300782.4,0.9948,0.09,551.5,-0.08955,-100.22328,0.0,0,-1.0,-1.0,-1.0,-1.0,-1.0,0.0,0.0,0.0,0.0
1791564615.81,2236389.6,1490.1,-0.5,1021.5,-0.0,174.9,0.0,83.58,89.56,-179.33,86.97,0.0,1224.977057,101325.0,1.0,0.9,-598436.0,300782.4,0.9948,0.09,551.5,-0.08955,-100.22328,0.0,0,-1.0,-1.0,-1.0,-1.0,-1.0,0.0,0.0,0.0,0.0
1791564616.31,2236389.7,1490.7,-0.5,1021.5,-0.0,174.9,0.0,83.58,89.56,-179.33,86.97,0.0,1224.977057,101325.0,1.0,0.9,-598436.0,300782.4,0.9948,0.09,551.5,-0.08955,-100.22328,0.0,0,-1.0,-1.0,-1.0,-1.0,-1.0,0.0,0.0,0.0,0.0
1791564616.81,2236389.7,1491.2,-0.5,1021.5,-0.0,174.9,0.0,83.58,89.56,-179.33,86.97,0.0,1224.977057,101325.0,1.0,0.9,-598436.0,300782.4,0.9948,0.09,551.5,-0.08955,-100.22328,0.0,0,-1.0,-1.0,-1.0,-1.0,-1.0,0.0,0.0,0.0,0.0
1791564617.31,2236389.7,1491.7,-0.5,1021.5,-0.0,174.9,0.0,83.58,89.56,-179.33,86.97,0.0,1224.977057,101325.0,1.0,0.9,-598436.0,300782.4,0.9948,0.09,551.5,-0.08955,-100.22328,0.0,0,-1.0,-1.0,-1.0,-1.0,-1.0,0.0,0.0,0.0,0.0
1791564617.81,2236389.7,1492.2,-0.5,1021.5,-0.0,174.9,0.0,83.58,89.56,-179.33,86.97,0.0,1224.977057,101325.0,1.0,0.9,-598436.0,300782.4,0.9948,0.09,551.5,-0.08955,-100.22328,0.0,0,-1.0,-1.0,-1.0,-1.0,-1.0,0.0,0.0,0.0,0.0
1791564618.31,2236389.7,1492.7,-0.5,1021.5,-0.0,174.9,0.0,83.58,89.56,-179.33,86.97,0.0,1224.977057,101325.0,1.0,0.9,-598436.0,300782.4,0.9948,0.09,551.5,-0.08955,-100.22328,0.0,0,-1.0,-1.0,-1.0,-1.0,-1.0,0.0,0.0,0.0,0.0
1791564618.82,2236389.7,1493.2,-0.5,1021.5,-0.0,174.9,0.0,83.58,89.56,-179.33,86.97,0.0,1224.977057,101325.0,1.0,0.9,-598436.0,300782.4,0.9948,0.09,551.5,-0.08955,-100.22328,0.0,0,-1.0,-1.0,-1.0,-1.0,-1.0,0.0,0.0,0.0,0.0
1791564619.32,2236389.8,1493.7,-0.5,1021.5,-0.0,174.9,0.0,83.58,89.56,-179.33,86.97,0.0,1224.977057,101325.0,1.0,0.9,-598436.0,300782.4,0.9948,0.09,551.5,-0.08955,-100.22328,0.0,0,-1.0,-1.0,-1.0,-1.0,-1.0,0.0,0.0,0.0,0.0
1791564619.82,2236389.8,1494.2,-0.5,1021.5,-0.0,174.9,0.0,83.58,89.56,-179.33,86.97,0.0,1224.977057,101325.0,1.0,0.9,-598436.0,300782.4,0.9948,0.09,551.5,-0.08955,-100.22328,0.0,0,-1.0,-1.0,-1.0,-1.0,-1.0,0.0,0.0,0.0,0.0
1791564620.32,2236389.8,1494.7,-0.5,1021.5,-0.0,174.9,0.0,83.58,89.56,-179.33,86.97,0.0,1224.977057,101325.0,1.0,0.9,-598436.0,300782.4,0.9948,0.09,551.5,-0.08955,-100.22328,0.0,0,-1.0,-1.0,-1.0,-1.0,-1.0,0.0,0.0,0.0,0.0
1791564620.83,2236389.8,1495.2,-0.5,1021.5,-0.0,174.9,0.0,83.58,89.56,-179.33,86.97,0.0,1224.977057,101325.0,1.0,0.9,-598436.0,300782.4,0.9948,0.09,551.5,-0.08955,-100.22328,0.0,0,-1.0,-1.0,-1.0,-1.0,-1.0,0.0,0.0,0.0,0.0
1791564621.33,2236389.9,1495.7,-0.5,1021.5,-0.0,174.9,0.0,83.58,89.56,-179.33,86.97,0.0,1224.977057,101325.0,1.0,0.9,-598436.0,300782.4,0.9948,0.09,551.5,-0.08955,-100.22328,0.0,0,-1.0,-1.0,-1.0,-1.0,-1.0,0.0,0.0,0.0,0.0
1791564621.83,2236389.9,1496.2,-0.5,1021.5,-0.0,174.9,0.0,83.58,89.56,-179.33,86.97,0.0,1224.977057,101325.0,1.0,0.9,-598436.0,300782.4,0.9948,0.09,551.5,-0.08955,-100.22328,0.0,0,-1.0,-1.0,-1.0,-1.0,-1.0,0.0,0.0,0.0,0.0
1791564622.33,2236389.9,1496.7,-0.5,1021.5,-0.0,174.9,0.0,83.58,89.56,-179.33,86.97,0.0,1224.977057,101325.0,1.0,0.9,-598436.0,300782.4,0.9948,0.09,551.5,-0.08955,-100.22328,0.0,0,-1.0,-1.0,-1.0,-1.0,-1.0,0.0,0.0,0.0,0.0
1791564622.83,2236389.9,1497.2,-0.5,1021.5,-0.0,174.9,0.0,83.58,89.56,-179.33,86.97,0.0,1224.977057,101325.0,1.0,0.9,-598436.0,300782.4,0.9948,0.09,551.5,-0.08955,-100.22328,0.0,0,-1.0,-1.0,-1.0,-1.0,-1.0,0.0,0.0,0.0,0.0
1791564623.33,2236389.9,1497.7,-0.5,1021.5,-0.0,174.9,0.0,83.58,89.56,-179.33,86.97,0.0,1224.977057,101325.0,1.0,0.9,-598436.0,300782.4,0.9948,0.09,551.5,-0.08955,-100.22328,0.0,0,-1.0,-1.0,-1.0,-1.0,-1.0,0.0,0.0,0.0,0.0
1791564623.83,2236389.9,1498.2,-0.5,1021.5,-0.0,174.9,0.0,83.58,89.56,-179.33,86.97,0.0,1224.977057,101325.0,1.0,0.9,-598436.0,300782.4,0.9948,0.09,551.5,-0.08955,-100.22328,0.0,0,-1.0,-1.0,-1.0,-1.0,-1.0,0.0,0.0,0.0,0.0
1791564624.34,2236390.0,1498.7,-0.5,1021.5,-0.0,174.9,0.0,83.58,89.56,-179.33,86.97,0.0,1224.977057,101325.0,1.0,0.9,-598436.0,300782.4,0.9948,0.09,551.5,-0.08955,-100.22328,0.0,0,-1.0,-1.0,-1.0,-1.0,-1.0,0.0,0.0,0.0,0.0
1791564624.84,2236390.0,1499.2,-0.5,1021.5,-0.0,174.9,0.0,83.58,89.56,-179.33,86.97,0.0,1224.977057,101325.0,1.0,0.9,-598436.0,300782.4,0.9948,0.09,551.5,-0.08955,-100.22328,0.0,0,-1.0,-1.0,-1.0,-1.0,-1.0,0.0,0.0,0.0,0.0
1791564625.34,2236390.0,1499.7,-0.5,1021.5,-0.0,174.9,0.0,83.58,89.56,-179.33,86.97,0.0,1224.977057,101325.0,1.0,0.9,-598436.0,300782.4,0.9948,0.09,551.5,-0.08955,-100.22328,0.0,0,-1.0,-1.0,-1.0,-1.0,-1.0,0.0,0.0,0.0,0.0
1791564625.84,2236390.0,1500.2,-0.5,1021.5,-0.0,174.9,0.0,83.58,89.56,-179.33,86.97,0.0,1224.977057,101325.0,1.0,0.9,-598436.0,300782.4,0.9948,0.09,551.5,-0.08955,-100.22328,0.0,0,-1.0,-1.0,-1.0,-1.0,-1.0,0.0,0.0,0.0,0.0
1791564626.34,2236390.1,1500.7,-0.5,1021.5,-0.0,174.9,0.0,83.58,89.56,-179.33,86.96,0.0,1224.977057,101325.0,1.0,0.9,-598436.0,300782.4,0.9948,0.09,551.5,-0.08955,-100.22328,0.0,0,-1.0,-1.0,-1.0,-1.0,-1.0,0.0,0.0,0.0,0.0
1791564626.84,2236390.1,1501.2,-0.5,1021.5,-0.0,174.9,0.0,83.58,89.56,-179.33,86.96,0.0,1224.977057,101325.0,1.0,0.9,-598436.0,300782.4,0.9948,0.09,551.5,-0.08955,-100.22328,0.0,0,-1.0,-1.0,-1.0,-1.0,-1.0,0.0,0.0,0.0,0.0
1791564627.35,2236390.1,1501.7,-0.5,1021.5,-0.0,174.9,0.0,83.58,89.56,-179.33,86.96,0.0,1224.977057,101325.0,1.0,0.9,-598436.0,300782.4,0.9948,0.09,551.5,-0.08955,-100.22328,0.0,0,-1.0,-1.0,-1.0,-1.0,-1.0,0.0,0.0,0.0,0.0
1791564627.85,2236390.1,1502.2,-0.5,1021.5,-0.0,174.9,0.0,83.58,89.56,-179.33,86.96,0.0,1224.977057,101325.0,1.0,0.9,-598436.0,300782.4,0.9948,0.09,551.5,-0.08955,-100.22328,0.0,0,-1.0,-1.0,-1.0,-1.0,-1.0,0.0,0.0,0.0,0.0
1791564628.36,2236390.1,1502.7,-0.5,1021.5,-0.0,174.9,0.0,83.58,89.56,-179.33,86.96,0.0,1224.977057,101325.0,1.0,0.9,-598436.0,300782.4,0.9948,0.09,551.5,-0.08955,-100.22328,0.0,0,-1.0,-1.0,-1.0,-1.0,-1.0,0.0,0.0,0.0,0.0
1791564628.86,2236390.1,1503.2,-0.5,1021.5,-0.0,174.9,0.0,83.58,89.56,-179.33,86.96,0.0,1224.977057,101325.0,1.0,0.9,-598436.0,300782.4,0.9948,0.09,551.5,-0.08955,-100.22328,0.0,0,-1.0,-1.0,-1.0,-1.0,-1.0,0.0,0.0,0.0,0.0
1791564629.36,2236390.2,1503.7,-0.5,1021.5,-0.0,174.9,0.0,83.58,89.56,-179.33,86.96,0.0,1224.977057,101325.0,1.0,0.9,-598436.0,300782.4,0.9948,0.09,551.5,-0.08955,-100.22328,0.0,0,-1.0,-1.0,-1.0,-1.0,-1.0,0.0,0.0,0.0,0.0
1791564629.86,2236390.2,1504.2,-0.5,1021.5,-0.0,174.9,0.0,83.58,89.56,-179.33,86.96,0.0,1224.977057,101325.0,1.0,0.9,-598436.0,300782.4,0.9948,0.09,551.5,-0.08955,-100.22328,0.0,0,-1.0,-1.0,-1.0,-1.0,-1.0,0.0,0.0,0.0,0.0
1791564630.36,2236390.2,1504.7,-0.5,1021.5,-0.0,174.9,0.0,83.58,89.56,-179.33,86.96,0.0,1224.977057,101325.0,1.0,0.9,-598436.0,300782.4,0.9948,0.09,551.5,-0.08955,-100.22328,0.0,0,-1.0,-1.0,-1.0,-1.0,-1.0,0.0,0.0,0.0,0.0
1791564630.86,2236390.2,1505.2,-0.5,1021.5,-0.0,174.9,0.0,83.58,89.56,-179.33,86.96,0.0,1224.977057,101325.0,1.0,0.9,-598436.0,300782.4,0.9948,0.09,551.5,-0.08955,-100.22328,0.0,0,-1.0,-1.0,-1.0,-1.0,-1.0,0.0,0.0,0.0,0.0
1791564631.37,2236390.3,1505.7,-0.5,1021.5,-0.0,174.9,0.0,83.58,89.56,-179.33,86.96,0.0,1224.977057,101325.0,1.0,0.9,-598436.0,300782.4,0.9948,0.09,551.5,-0.08955,-100.22328,0.0,0,-1.0,-1.0,-1.0,-1.0,-1.0,0.0,0.0,0.0,0.0
1791564631.87,2236390.3,1506.2,-0.5,1021.5,-0.0,174.9,0.0,83.58,89.56,-179.33,86.96,0.0,1224.977057,101325.0,1.0,0.9,-598436.0,300782.4,0.9948,0.09,551.5,-0.08955,-100.22328,0.0,0,-1.0,-1.0,-1.0,-1.0,-1.0,0.0,0.0,0.0,0.0
1791564632.37,2236390.3,1506.7,-0.5,1021.5,-0.0,174.9,0.0,83.58,89.56,-179.33,86.96,0.0,1224.977057,101325.0,1.0,0.9,-598436.0,300782.4,0.9948,0.09,551.5,-0.08955,-100.22328,0.0,0,-1.0,-1.0,-1.0,-1.0,-1.0,0.0,0.0,0.0,0.0
1791564632.87,2236390.3,1507.2,-0.5,1021.5,-0.0,174.9,0.0,83.58,89.56,-179.33,86.96,0.0,1224.977057,101325.0,1.0,0.9,-598436.0,300782.4,0.9948,0.09,551.5,-0.08955,-100.22328,0.0,0,-1.0,-1.0,-1.0,-1.0,-1.0,0.0,0.0,0.0,0.0
1791564633.37,2236390.3,1507.7,-0.5,1021.5,-0.0,174.9,0.0,83.58,89.56,-179.33,86.96,0.0,1224.977057,101325.0,1.0,0.9,-598436.0,300782.4,0.9948,0.09,551.5,-0.08955,-100.22328,0.0,0,-1.0,-1.0,-1.0,-1.0,-1.0,0.0,0.0,0.0,0.0
1791564633.87,2236390.3,1508.2,-0.5,1021.5,-0.0,174.9,0.0,83.58,89.56,-179.33,86.96,0.0,1224.977057,101325.0,1.0,0.9,-598436.0,300782.4,0.9948,0.09,551.5,-0.08955,-100.22328,0.0,0,-1.0,-1.0,-1.0,-1.0,-1.0,0.0,0.0,0.0,0.0
1791564634.38,2236390.4,1508.7,-0.5,1021.5,-0.0,174.9,0.0,83.58,89.56,-179.33,86.96,0.0,1224.977057,101325.0,1.0,0.9,-598436.0,300782.4,0.9948,0.09,551.5,-0.08955,-100.22328,0.0,0,-1.0,-1.0,-1.0,-1.0,-1.0,0.0,0.0,0.0,0.0
1791564634.88,2236390.4,1509.2,-0.5,1021.5,-0.0,174.9,0.0,83.58,89.56,-179.33,86.96,0.0,1224.977057,101325.0,1.0,0.9,-598436.0,300782.4,0.9948,0.09,551.5,-0.08955,-100.22328,0.0,0,-1.0,-1.0,-1.0,-1.0,-1.0,0.0,0.0,0.0,0.0
1791564635.38,2236390.4,1509.7,-0.5,1021.5,0.0,174.9,0.0,83.58,89.56,-179.33,86.96,0.0,1224.977057,101325.0,1.0,0.9,-598436.0,300782.4,0.9948,0.09,551.5,-0.08955,-100.22328,0.0,0,-1.0,-1.0,-1.0,-1.0,-1.0,0.0,0.0,0.0,0.0
1791564635.88,2236390.4,1510.2,-0.5,1021.5,0.0,174.9,0.0,83.58,89.56,-179.33,86.96,0.0,1224.977057,101325.0,1.0,0.9,-598436.0,300782.4,0.9948,0.09,551.5,-0.08955,-100.22328,0.0,0,-1.0,-1.0,-1.0,-1.0,-1.0,0.0,0.0,0.0,0.0
1791564636.38,2236390.5,1510.7,-0.5,1021.5,0.0,174.9,0.0,83.58,89.56,-179.33,86.96,0.0,1224.977057,101325.0,1.0,0.9,-598436.0,300782.4,0.9948,0.09,551.5,-0.08955,-100.22328,0.0,0,-1.0,-1.0,-1.0,-1.0,-1.0,0.0,0.0,0.0,0.0
1791564636.88,2236390.5,1511.2,-0.5,1021.5,0.0,174.9,0.0,83.58,89.56,-179.33,86.96,0.0,1224.977057,101325.0,1.0,0.9,-598436.0,300782.4,0.9948,0.09,551.5,-0.08955,-100.22328,0.0,0,-1.0,-1.0,-1.0,-1.0,-1.0,0.0,0.0,0.0,0.0
1791564637.39,2236390.5,1511.7,-0.5,1021.5,0.0,174.9,0.0,83.58,89.56,-179.33,86.96,0.0,1224.977057,101325.0,1.0,0.9,-598436.0,300782.4,0.9948,0.09,551.5,-0.08955,-100.22328,0.0,0,-1.0,-1.0,-1.0,-1.0,-1.0,0.0,0.0,0.0,0.0
1791564637.89,2236390.5,1512.2,-0.5,1021.5,0.0,174.9,0.0,83.58,89.56,-179.33,86.96,0.0,1224.977057,101325.0,1.0,0.9,-598436.0,300782.4,0.9948,0.09,551.5,-0.08955,-100.22328,0.0,0,-1.0,-1.0,-1.0,-1.0,-1.0,0.0,0.0,0.0,0.0
1791564638.39,2236390.5,1512.7,-0.5,1021.5,0.0,174.9,0.0,83.58,89.56,-179.33,86.96,0.0,1224.977057,101325.0,1.0,0.9,-598436.0,300782.4,0.9948,0.09,551.5,-0.08955,-100.22328,0.0,0,-1.0,-1.0,-1.0,-1.0,-1.0,0.0,0.0,0.0,0.0
1791564638.89,2236390.5,1513.2,-0.5,1021.5,0.0,174.9,0.0,83.58,89.56,-179.33,86.96,0.0,1224.977057,101325.0,1.0,0.9,-598436.0,300782.4,0.9948,0.09,551.5,-0.08955,-100.22328,0.0,0,-1.0,-1.0,-1.0,-1.0,-1.0,0.0,0.0,0.0,0.0
1791564639.4,2236390.6,1513.7,-0.5,1021.5,0.0,174.9,0.0,83.58,89.56,-179.33,86.96,0.0,1224.977057,101325.0,1.0,0.9,-598436.0,300782.4,0.9948,0.09,551.5,-0.08955,-100.22328,0.0,0,-1.0,-1.0,-1.0,-1.0,-1.0,0.0,0.0,0.0,0.0
1791564639.9,2236390.6,1514.2,-0.5,1021.5,0.0,174.9,0.0,83.58,89.56,-179.33,86.96,0.0,1224.977057,101325.0,1.0,0.9,-598436.0,300782.4,0.9948,0.09,551.5,-0.08955,-100.22328,0.0,0,-1.0,-1.0,-1.0,-1.0,-1.0,0.0,0.0,0.0,0.0
1791564640.4,2236390.6,1514.7,-0.5,1021.5,0.0,174.9,0.0,83.58,89.56,-179.33,86.96,0.0,1224.977057,101325.0,1.0,0.9,-598436.0,300782.4,0.9948,0.09,551.5,-0.08955,-100.22328,0.0,0,-1.0,-1.0,-1.0,-1.0,-1.0,0.0,0.0,0.0,0.0
1791564640.9,2236390.6,1515.2,-0.5,1021.5,0.0,174.9,0.0,83.58,89.56,-179.33,86.96,0.0,1224.977057,101325.0,1.0,0.9,-598436.0,300782.4,0.9948,0.09,551.5,-0.08955,-100.22328,0.0,0,-1.0,-1.0,-1.0,-1.0,-1.0,0.0,0.0,0.0,0.0
1791564641.4,2236390.7,1515.7,-0.5,1021.5,0.0,174.9,0.0,83.58,89.56,-179.33,86.95,0.0,1224.977057,101325.0,1.0,0.9,-598436.0,300782.4,0.9948,0.09,551.5,-0.08955,-100.22328,0.0,0,-1.0,-1.0,-1.0,-1.0,-1.0,0.0,0.0,0.0,0.0
1791564641.91,2236390.7,1516.2,-0.5,1021.5,0.0,174.9,0.0,83.58,89.56,-179.33,86.95,0.0,1224.977057,101325.0,1.0,0.9,-598436.0,300782.4,0.9948,0.09,551.5,-0.08955,-100.22328,0.0,0,-1.0,-1.0,-1.0,-1.0,-1.0,0.0,0.0,0.0,0.0
1791564642.41,2236390.7,1516.8,-0.5,1021.5,0.0,174.9,0.0,83.58,89.56,-179.33,86.95,0.0,1224.977057,101325.0,1.0,0.9,-598436.0,300782.4,0.9948,0.09,551.5,-0.08955,-100.22328,0.0,0,-1.0,-1.0,-1.0,-1.0,-1.0,0.0,0.0,0.0,0.0
1791564642.91,2236390.7,1517.3,-0.5,1021.5,0.0,174.9,0.0,83.58,89.56,-179.33,86.95,0.0,1224.977057,101325.0,1.0,0.9,-598436.0,300782.4,0.9948,0.09,551.5,-0.08955,-100.22328,0.0,0,-1.0,-1.0,-1.0,-1.0,-1.0,0.0,0.0,0.0,0.0
1791564643.41,2236390.7,1517.8,-0.5,1021.5,0.0,174.9,0.0,83.58,89.56,-179.33,86.95,0.0,1224.977057,101325.0,1.0,0.9,-598436.0,300782.4,0.9948,0.09,551.5,-0.08955,-100.22328,0.0,0,-1.0,-1.0,-1.0,-1.0,-1.0,0.0,0.0,0.0,0.0
1791564643.91,2236390.7,1518.3,-0.5,1021.5,0.0,174.9,0.0,83.58,89.56,-179.33,86.95,0.0,1224.977057,101325.0,1.0,0.9,-598436.0,300782.4,0.9948,0.09,551.5,-0.08955,-100.22328,0.0,0,-1.0,-1.0,-1.0,-1.0,-1.0,0.0,0.0,0.0,0.0
1791564644.41,2236390.8,1518.8,-0.5,1021.5,0.0,174.9,0.0,83.58,89.56,-179.33,86.95,0.0,1224.977057,101325.0,1.0,0.9,-598436.0,300782.4,0.9948,0.09,551.5,-0.08955,-100.22328,0.0,0,-1.0,-1.0,-1.0,-1.0,-1.0,0.0,0.0,0.0,0.0
1791564644.92,2236390.8,1519.3,-0.5,1021.5,0.0,174.9,0.0,83.58,89.56,-179.33,86.95,0.0,1224.977057,101325.0,1.0,0.9,-598436.0,300782.4,0.9948,0.09,551.5,-0.08955,-100.22328,0.0,0,-1.0,-1.0,-1.0,-1.0,-1.0,0.0,0.0,0.0,0.0
1791564645.42,2236390.8,1519.8,-0.5,1021.5,0.0,174.9,0.0,83.58,89.56,-179.33,86.95,0.0,1224.977057,101325.0,1.0,0.9,-598436.0,300782.4,0.9948,0.09,551.5,-0.08955,-100.22328,0.0,0,-1.0,-1.0,-1.0,-1.0,-1.0,0.0,0.0,0.0,0.0
1791564645.92,2236390.8,1520.3,-0.5,1021.5,0.0,174.9,0.0,83.58,89.56,-179.33,86.95,0.0,1224.977057,101325.0,1.0,0.9,-598436.0,300782.4,0.9948,0.09,551.5,-0.08955,-100.22328,0.0,0,-1.0,-1.0,-1.0,-1.0,-1.0,0.0,0.0,0.0,0.0
1791564646.42,2236390.9,1520.8,-0.5,1021.5,0.0,174.9,0.0,83.58,89.56,-179.33,86.95,0.0,1224.977057,101325.0,1.0,0.9,-598436.0,300782.4,0.9948,0.09,551.5,-0.08955,-100.22328,0.0,0,-1.0,-1.0,-1.0,-1.0,-1.0,0.0,0.0,0.0,0.0
1791564646.92,2236390.9,1521.3,-0.5,1021.5,0.0,174.9,0.0,83.58,89.56,-179.33,86.95,0.0,1224.977057,101325.0,1.0,0.9,-598436.0,300782.4,0.9948,0.09,551.5,-0.08955,-100.22328,0.0,0,-1.0,-1.0,-1.0,-1.0,-1.0,0.0,0.0,0.0,0.0
1791564647.42,2236390.9,1521.8,-0.5,1021.5,-0.0,174.9,0.0,83.58,89.56,-179.33,86.95,0.0,1224.977057,101325.0,1.0,0.9,-598436.0,300782.4,0.9948,0.09,551.5,-0.08955,-100.22328,0.0,0,-1.0,-1.0,-1.0,-1.0,-1.0,0.0,0.0,0.0,0.0
1791564647.93,2236390.9,1522.3,-0.5,1021.5,-0.0,174.9,0.0,83.58,89.56,-179.33,86.95,0.0,1224.977057,101325.0,1.0,0.9,-598436.0,300782.4,0.9948,0.09,551.5,-0.08955,-100.22328,0.0,0,-1.0,-1.0,-1.0,-1.0,-1.0,0.0,0.0,0.0,0.0
1791564648.43,2236390.9,1522.8,-0.5,1021.5,-0.0,174.9,0.0,83.58,89.56,-179.33,86.95,0.0,1224.977057,101325.0,1.0,0.9,-598436.0,300782.4,0.9948,0.09,551.5,-0.08955,-100.22328,0.0,0,-1.0,-1.0,-1.0,-1.0,-1.0,0.0,0.0,0.0,0.0
1791564648.93,2236390.9,1523.3,-0.5,1021.5,-0.0,174.9,0.0,83.58,89.56,-179.33,86.95,0.0,1224.977057,101325.0,1.0,0.9,-598436.0,300782.4,0.9948,0.09,551.5,-0.08955,-100.22328,0.0,0,-1.0,-1.0,-1.0,-1.0,-1.0,0.0,0.0,0.0,0.0
1791564649.43,2236391.0,1523.8,-0.5,1021.5,-0.0,174.9,0.0,83.58,89.56,-179.33,86.95,0.0,1224.977057,101325.0,1.0,0.9,-598436.0,300782.4,0.9948,0.09,551.5,-0.08955,-100.22328,0.0,0,-1.0,-1.0,-1.0,-1.0,-1.0,0.0,0.0,0.0,0.0
1791564649.93,2236391.0,1524.3,-0.5,1021.5,-0.0,174.9,0.0,83.58,89.56,-179.33,86.95,0.0,1224.977057,101325.0,1.0,0.9,-598436.0,300782.4,0.9948,0.09,551.5,-0.08955,-100.22328,0.0,0,-1.0,-1.0,-1.0,-1.0,-1.0,0.0,0.0,0.0,0.0
1791564650.44,2236391.0,1524.8,-0.5,1021.5,-0.0,174.9,0.0,83.58,89.56,-179.33,86.95,0.0,1224.977057,101325.0,1.0,0.9,-598436.0,300782.4,0.9948,0.09,551.5,-0.08955,-100.22328,0.0,0,-1.0,-1.0,-1.0,-1.0,-1.0,0.0,0.0,0.0,0.0
1791564650.94,2236391.0,1525.3,-0.5,1021.5,-0.0,174.9,0.0,83.58,89.56,-179.33,86.95,0.0,1224.977057,101325.0,1.0,0.9,-598436.0,300782.4,0.9948,0.09,551.5,-0.08955,-100.22328,0.0,0,-1.0,-1.0,-1.0,-1.0,-1.0,0.0,0.0,0.0,0.0
1791564651.44,2236391.1,1525.8,-0.5,1021.5,-0.0,174.9,0.0,83.58,89.56,-179.33,86.95,0.0,1224.977057,101325.0,1.0,0.9,-598436.0,300782.4,0.9948,0.09,551.5,-0.08955,-100.22328,0.0,0,-1.0,-1.0,-1.0,-1.0,-1.0,0.0,0.0,0.0,0.0
1791564651.94,2236391.1,1526.3,-0.5,1021.5,-0.0,174.9,0.0,83.58,89.56,-179.33,86.95,0.0,1224.977057,101325.0,1.0,0.9,-598436.0,300782.4,0.9948,0.09,551.5,-0.08955,-100.22328,0.0,0,-1.0,-1.0,-1.0,-1.0,-1.0,0.0,0.0,0.0,0.0
1791564652.45,2236391.1,1526.8,-0.5,1021.5,-0.0,174.9,0.0,83.58,89.56,-179.33,86.95,0.0,1224.977057,101325.0,1.0,0.9,-598436.0,300782.4,0.9948,0.09,551.5,-0.08955,-100.22328,0.0,0,-1.0,-1.0,-1.0,-1.0,-1.0,0.0,0.0,0.0,0.0
1791564652.95,2236391.1,1527.3,-0.5,1021.5,-0.0,174.9,0.0,83.58,89.56,-179.33,86.95,0.0,1224.977057,101325.0,1.0,0.9,-598436.0,300782.4,0.9948,0.09,551.5,-0.08955,-100.22328,0.0,0,-1.0,-1.0,-1.0,-1.0,-1.0,0.0,0.0,0.0,0.0
1791564653.45,2236391.1,1527.8,-0.5,1021.5,-0.0,174.9,0.0,83.58,89.56,-179.33,86.95,0.0,1224.977057,101325.0,1.0,0.9,-598436.0,300782.4,0.9948,0.09,551.5,-0.08955,-100.22328,0.0,0,-1.0,-1.0,-1.0,-1.0,-1.0,0.0,0.0,0.0,0.0
1791564653.95,2236391.1,1528.3,-0.5,1021.5,-0.0,174.9,0.0,83.58,89.56,-179.33,86.95,0.0,1224.977057,101325.0,1.0,0.9,-598436.0,300782.4,0.9948,0.09,551.5,-0.08955,-100.22328,0.0,0,-1.0,-1.0,-1.0,-1.0,-1.0,0.0,0.0,0.0,0.0
1791564654.45,2236391.2,1528.8,-0.5,1021.5,-0.0,174.9,0.0,83.58,89.56,-179.33,86.95,0.0,1224.977057,101325.0,1.0,0.9,-598436.0,300782.4,0.9948,0.09,551.5,-0.08955,-100.22328,0.0,0,-1.0,-1.0,-1.0,-1.0,-1.0,0.0,0.0,0.0,0.0
1791564654.95,2236391.2,1529.3,-0.5,1021.5,-0.0,174.9,0.0,83.58,89.56,-179.33,86.95,0.0,1224.977057,101325.0,1.0,0.9,-598436.0,300782.4,0.9948,0.09,551.5,-0.08955,-100.22328,0.0,0,-1.0,-1.0,-1.0,-1.0,-1.0,0.0,0.0,0.0,0.0
1791564655.45,2236391.2,1529.8,-0.5,1021.5,-0.0,174.9,0.0,83.58,89.56,-179.33,86.95,0.0,1224.977057,101325.0,1.0,0.9,-598436.0,300782.4,0.9948,0.09,551.5,-0.08955,-100.22328,0.0,0,-1.0,-1.0,-1.0,-1.0,-1.0,0.0,0.0,0.0,0.0
1791564655.96,2236391.2,1530.3,-0.5,1021.5,-0.0,174.9,0.0,83.58,89.56,-179.33,86.95,0.0,1224.977057,101325.0,1.0,0.9,-598436.0,300782.4,0.9948,0.09,551.5,-0.08955,-100.22328,0.0,0,-1.0,-1.0,-1.0,-1.0,-1.0,0.0,0.0,0.0,0.0
1791564656.46,2236391.3,1530.8,-0.5,1021.5,-0.0,174.9,0.0,83.58,89.56,-179.33,86.94,0.0,1224.977057,101325.0,1.0,0.9,-598436.0,300782.4,0.9948,0.09,551.5,-0.08955,-100.22328,0.0,0,-1.0,-1.0,-1.0,-1.0,-1.0,0.0,0.0,0.0,0.0
1791564656.96,2236391.3,1531.3,-0.5,1021.5,-0.0,174.9,0.0,83.58,89.56,-179.33,86.94,0.0,1224.977057,101325.0,1.0,0.9,-598436.0,300782.4,0.9948,0.09,551.5,-0.08955,-100.22328,0.0,0,-1.0,-1.0,-1.0,-1.0,-1.0,0.0,0.0,0.0,0.0
1791564657.46,2236391.3,1531.8,-0.5,1021.5,-0.0,174.9,0.0,83.58,89.56,-179.33,86.94,0.0,1224.977057,101325.0,1.0,0.9,-598436.0,300782.4,0.9948,0.09,551.5,-0.08955,-100.22328,0.0,0,-1.0,-1.0,-1.0,-1.0,-1.0,0.0,0.0,0.0,0.0
1791564657.96,2236391.3,1532.3,-0.5,1021.5,-0.0,174.9,0.0,83.58,89.56,-179.33,86.94,0.0,1224.977057,101325.0,1.0,0.9,-598436.0,300782.4,0.9948,0.09,551.5,-0.08955,-100.22328,0.0,0,-1.0,-1.0,-1.0,-1.0,-1.0,0.0,0.0,0.0,0.0
1791564658.46,2236391.3,1532.8,-0.5,1021.5,-0.0,174.9,0.0,83.58,89.56,-179.33,86.94,0.0,1224.977057,101325.0,1.0,0.9,-598436.0,300782.4,0.9948,0.09,551.5,-0.08955,-100.22328,0.0,0,-1.0,-1.0,-1.0,-1.0,-1.0,0.0,0.0,0.0,0.0
1791564658.97,2236391.3,1533.3,-0.5,1021.5,-0.0,174.9,0.0,83.58,89.56,-179.33,86.94,0.0,1224.977057,101325.0,1.0,0.9,-598436.0,300782.4,0.9948,0.09,551.5,-0.08955,-100.22328,0.0,0,-1.0,-1.0,-1.0,-1.0,-1.0,0.0,0.0,0.0,0.0
1791564659.47,2236391.4,1533.8,-0.5,1021.5,-0.0,174.9,0.0,83.58,89.56,-179.33,86.94,0.0,1224.977057,101325.0,1.0,0.9,-598436.0,300782.4,0.9948,0.09,551.5,-0.08955,-100.22328,0.0,0,-1.0,-1.0,-1.0,-1.0,-1.0,0.0,0.0,0.0,0.0
1791564659.97,2236391.4,1534.3,-0.5,1021.5,-0.0,174.9,0.0,83.58,89.56,-179.33,86.94,0.0,1224.977057,101325.0,1.0,0.9,-598436.0,300782.4,0.9948,0.09,551.5,-0.08955,-100.22328,0.0,0,-1.0,-1.0,-1.0,-1.0,-1.0,0.0,0.0,0.0,0.0
1791564660.47,2236391.4,1534.8,-0.5,1021.5,-0.0,174.9,0.0,83.58,89.56,-179.33,86.94,0.0,1224.977057,101325.0,1.0,0.9,-598436.0,300782.4,0.9948,0.09,551.5,-0.08955,-100.22328,0.0,0,-1.0,-1.0,-1.0,-1.0,-1.0,0.0,0.0,0.0,0.0
1791564660.97,2236391.4,1535.3,-0.5,1021.5,-0.0,174.9,0.0,83.58,89.56,-179.33,86.94,0.0,1224.977057,101325.0,1.0,0.9,-598436.0,300782.4,0.9948,0.09,551.5,-0.08955,-100.22328,0.0,0,-1.0,-1.0,-1.0,-1.0,-1.0,0.0,0.0,0.0,0.0
1791564661.47,2236391.5,1535.8,-0.5,1021.5,-0.0,174.9,0.0,83.58,89.56,-179.33,86.94,0.0,1224.977057,101325.0,1.0,0.9,-598436.0,300782.4,0.9948,0.09,551.5,-0.08955,-100.22328,0.0,0,-1.0,-1.0,-1.0,-1.0,-1.0,0.0,0.0,0.0,0.0
1791564661.97,2236391.5,1536.3,-0.5,1021.5,-0.0,174.9,0.0,83.58,89.56,-179.33,86.94,0.0,1224.977057,101325.0,1.0,0.9,-598436.0,300782.4,0.9948,0.09,551.5,-0.08955,-100.22328,0.0,0,-1.0,-1.0,-1.0,-1.0,-1.0,0.0,0.0,0.0,0.0
1791564662.48,2236391.5,1536.8,-0.5,1021.5,-0.0,174.9,0.0,83.58,89.56,-179.33,86.94,0.0,1224.977057,101325.0,1.0,0.9,-598436.0,300782.4,0.9948,0.09,551.5,-0.08955,-100.22328,0.0,0,-1.0,-1.0,-1.0,-1.0,-1.0,0.0,0.0,0.0,0.0
1791564662.98,2236391.5,1537.3,-0.5,1021.5,-0.0,174.9,0.0,83.58,89.56,-179.33,86.94,0.0,1224.977057,101325.0,1.0,0.9,-598436.0,300782.4,0.9948,0.09,551.5,-0.08955,-100.22328,0.0,0,-1.0,-1.0,-1.0,-1.0,-1.0,0.0,0.0,0.0,0.0
1791564663.48,2236391.5,1537.8,-0.5,1021.5,-0.0,174.9,0.0,83.58,89.56,-179.33,86.94,0.0,1224.977057,101325.0,1.0,0.9,-598436.0,300782.4,0.9948,0.09,551.5,-0.08955,-100.22328,0.0,0,-1.0,-1.0,-1.0,-1.0,-1.0,0.0,0.0,0.0,0.0
1791564663.98,2236391.5,1538.3,-0.5,1021.5,-0.0,174.9,0.0,83.58,89.56,-179.33,86.94,0.0,1224.977057,101325.0,1.0,0.9,-598436.0,300782.4,0.9948,0.09,551.5,-0.08955,-100.22328,0.0,0,-1.0,-1.0,-1.0,-1.0,-1.0,0.0,0.0,0.0,0.0
1791564664.48,2236391.6,1538.8,-0.5,1021.5,-0.0,174.9,0.0,83.58,89.56,-179.33,86.94,0.0,1224.977057,101325.0,1.0,0.9,-598436.0,300782.4,0.9948,0.09,551.5,-0.08955,-100.22328,0.0,0,-1.0,-1.0,-1.0,-1.0,-1.0,0.0,0.0,0.0,0.0
1791564664.98,2236391.6,1539.3,-0.5,1021.5,-0.0,174.9,0.0,83.58,89.56,-179.33,86.94,0.0,1224.977057,101325.0,1.0,0.9,-598436.0,300782.4,0.9948,0.09,551.5,-0.08955,-100.22328,0.0,0,-1.0,-1.0,-1.0,-1.0,-1.0,0.0,0.0,0.0,0.0
1791564665.49,2236391.6,1539.8,-0.5,1021.5,-0.0,174.9,0.0,83.58,89.56,-179.33,86.94,0.0,1224.977057,101325.0,1.0,0.9,-598436.0,300782.4,0.9948,0.09,551.5,-0.08955,-100.22328,0.0,0,-1.0,-1.0,-1.0,-1.0,-1.0,0.0,0.0,0.0,0.0
1791564665.99,2236391.6,1540.3,-0.5,1021.5,-0.0,174.9,0.0,83.58,89.56,-179.33,86.94,0.0,1224.977057,101325.0,1.0,0.9,-598436.0,300782.4,0.9948,0.09,551.5,-0.08955,-100.22328,0.0,0,-1.0,-1.0,-1.0,-1.0,-1.0,0.0,0.0,0.0,0.0
1791564666.49,2236391.7,1540.8,-0.5,1021.5,-0.0,174.9,0.0,83.58,89.56,-179.33,86.94,0.0,1224.977057,101325.0,1.0,0.9,-598436.0,300782.4,0.9948,0.09,551.5,-0.08955,-100.22328,0.0,0,-1.0,-1.0,-1.0,-1.0,-1.0,0.0,0.0,0.0,0.0
1791564666.99,2236391.7,1541.3,-0.5,1021.5,-0.0,174.9,0.0,83.58,89.56,-179.33,86.94,0.0,1224.977057,101325.0,1.0,0.9,-598436.0,300782.4,0.9948,0.09,551.5,-0.08955,-100.22328,0.0,0,-1.0,-1.0,-1.0,-1.0,-1.0,0.0,0.0,0.0,0.0
1791564667.49,2236391.7,1541.8,-0.5,1021.5,-0.0,174.9,0.0,83.58,89.56,-179.33,86.94,0.0,1224.977057,101325.0,1.0,0.9,-598436.0,300782.4,0.9948,0.09,551.5,-0.08955,-100.22328,0.0,0,-1.0,-1.0,-1.0,-1.0,-1.0,0.0,0.0,0.0,0.0
1791564667.99,2236391.7,1542.3,-0.5,1021.5,-0.0,174.9,0.0,83.58,89.56,-179.33,86.94,0.0,1224.977057,101325.0,1.0,0.9,-598436.0,300782.4,0.9948,0.09,551.5,-0.08955,-100.22328,0.0,0,-1.0,-1.0,-1.0,-1.0,-1.0,0.0,0.0,0.0,0.0
1791564668.5,2236391.7,1542.8,-0.5,1021.5,-0.0,174.9,0.0,83.58,89.56,-179.33,86.94,0.0,1224.977057,101325.0,1.0,0.9,-598436.0,300782.4,0.9948,0.09,551.5,-0.08955,-100.22328,0.0,0,-1.0,-1.0,-1.0,-1.0,-1.0,0.0,0.0,0.0,0.0
1791564669.0,2236391.7,1543.3,-0.5,1021.5,-0.0,174.9,0.0,83.58,89.56,-179.33,86.94,0.0,1224.977057,101325.0,1.0,0.9,-598436.0,300782.4,0.9948,0.09,551.5,-0.08955,-100.22328,0.0,0,-1.0,-1.0,-1.0,-1.0,-1.0,0.0,0.0,0.0,0.0
1791564669.5,2236391.8,1543.8,-0.5,1021.5,-0.0,174.9,0.0,83.58,89.56,-179.33,86.94,0.0,1224.977057,101325.0,1.0,0.9,-598436.0,300782.4,0.9948,0.09,551.5,-0.08955,-100.22328,0.0,0,-1.0,-1.0,-1.0,-1.0,-1.0,0.0,0.0,0.0,0.0
1791564670.0,2236391.8,1544.3,-0.5,1021.5,-0.0,174.9,0.0,83.58,89.56,-179.33,86.94,0.0,1224.977057,101325.0,1.0,0.9,-598436.0,300782.4,0.9948,0.09,551.5,-0.08955,-100.22328,0.0,0,-1.0,-1.0,-1.0,-1.0,-1.0,0.0,0.0,0.0,0.0
1791564670.5,2236391.8,1544.8,-0.5,1021.5,-0.0,174.9,0.0,83.58,89.56,-179.33,86.94,0.0,1224.977057,101325.0,1.0,0.9,-598436.0,300782.4,0.9948,0.09,551.5,-0.08955,-100.22328,0.0,0,-1.0,-1.0,-1.0,-1.0,-1.0,0.0,0.0,0.0,0.0
1791564671.0,2236391.8,1545.3,-0.5,1021.5,-0.0,174.9,0.0,83.58,89.56,-179.33,86.94,0.0,1224.977057,101325.0,1.0,0.9,-598436.0,300782.4,0.9948,0.09,551.5,-0.08955,-100.22328,0.0,0,-1.0,-1.0,-1.0,-1.0,-1.0,0.0,0.0,0.0,0.0
1791564671.5,2236391.9,1545.8,-0.5,1021.5,-0.0,174.9,0.0,83.58,89.56,-179.33,86.93,0.0,1224.977057,101325.0,1.0,0.9,-598436.0,300782.4,0.9948,0.09,551.5,-0.08955,-100.22328,0.0,0,-1.0,-1.0,-1.0,-1.0,-1.0,0.0,0.0,0.0,0.0
1791564672.01,2236391.9,1546.3,-0.5,1021.5,-0.0,174.9,0.0,83.58,89.56,-179.33,86.93,0.0,1224.977057,101325.0,1.0,0.9,-598436.0,300782.4,0.9948,0.09,551.5,-0.08955,-100.22328,0.0,0,-1.0,-1.0,-1.0,-1.0,-1.0,0.0,0.0,0.0,0.0
1791564672.51,2236391.9,1546.8,-0.5,1021.5,-0.0,174.9,0.0,83.58,89.56,-179.33,86.93,0.0,1224.977057,101325.0,1.0,0.9,-598436.0,300782.4,0.9948,0.09,551.5,-0.08955,-100.22328,0.0,0,-1.0,-1.0,-1.0,-1.0,-1.0,0.0,0.0,0.0,0.0
1791564673.01,2236391.9,1547.4,-0.5,1021.5,-0.0,174.9,0.0,83.58,89.56,-179.33,86.93,0.0,1224.977057,101325.0,1.0,0.9,-598436.0,300782.4,0.9948,0.09,551.5,-0.08955,-100.22328,0.0,0,-1.0,-1.0,-1.0,-1.0,-1.0,0.0,0.0,0.0,0.0
1791564673.51,2236391.9,1547.9,-0.5,1021.5,-0.0,174.9,0.0,83.58,89.56,-179.33,86.93,0.0,1224.977057,101325.0,1.0,0.9,-598436.0,300782.4,0.9948,0.09,551.5,-0.08955,-100.22328,0.0,0,-1.0,-1.0,-1.0,-1.0,-1.0,0.0,0.0,0.0,0.0
1791564674.01,2236391.9,1548.4,-0.5,1021.5,-0.0,174.9,0.0,83.58,89.56,-179.33,86.93,0.0,1224.977057,101325.0,1.0,0.9,-598436.0,300782.4,0.9948,0.09,551.5,-0.08955,-100.22328,0.0,0,-1.0,-1.0,-1.0,-1.0,-1.0,0.0,0.0,0.0,0.0
1791564674.51,2236392.0,1548.9,-0.5,1021.5,-0.0,174.9,0.0,83.58,89.56,-179.33,86.93,0.0,1224.977057,101325.0,1.0,0.9,-598436.0,300782.4,0.9948,0.09,551.5,-0.08955,-100.22328,0.0,0,-1.0,-1.0,-1.0,-1.0,-1.0,0.0,0.0,0.0,0.0
1791564675.02,2236392.0,1549.4,-0.5,1021.5,-0.0,174.9,0.0,83.58,89.56,-179.33,86.93,0.0,1224.977057,101325.0,1.0,0.9,-598436.0,300782.4,0.9948,0.09,551.5,-0.08955,-100.22328,0.0,0,-1.0,-1.0,-1.0,-1.0,-1.0,0.0,0.0,0.0,0.0
1791564675.52,2236392.0,1549.9,-0.5,1021.5,-0.0,174.9,0.0,83.58,89.56,-179.33,86.93,0.0,1224.977057,101325.0,1.0,0.9,-598436.0,300782.4,0.9948,0.09,551.5,-0.08955,-100.22328,0.0,0,-1.0,-1.0,-1.0,-1.0,-1.0,0.0,0.0,0.0,0.0
1791564676.02,2236392.0,1550.4,-0.5,1021.5,-0.0,174.9,0.0,83.58,89.56,-179.33,86.93,0.0,1224.977057,101325.0,1.0,0.9,-598436.0,300782.4,0.9948,0.09,551.5,-0.08955,-100.22328,0.0,0,-1.0,-1.0,-1.0,-1.0,-1.0,0.0,0.0,0.0,0.0
1791564676.52,2236392.1,1550.9,-0.5,1021.5,-0.0,174.9,0.0,83.58,89.56,-179.33,86.93,0.0,1224.977057,101325.0,1.0,0.9,-598436.0,300782.4,0.9948,0.09,551.5,-0.08955,-100.22328,0.0,0,-1.0,-1.0,-1.0,-1.0,-1.0,0.0,0.0,0.0,0.0
1791564677.03,2236392.1,1551.4,-0.5,1021.5,-0.0,174.9,0.0,83.58,89.56,-179.33,86.93,0.0,1224.977057,101325.0,1.0,0.9,-598436.0,300782.4,0.9948,0.09,551.5,-0.08955,-100.22328,0.0,0,-1.0,-1.0,-1.0,-1.0,-1.0,0.0,0.0,0.0,0.0
1791564677.53,2236392.1,1551.9,-0.5,1021.5,-0.0,174.9,0.0,83.58,89.56,-179.33,86.93,0.0,1224.977057,101325.0,1.0,0.9,-598436.0,300782.4,0.9948,0.09,551.5,-0.08955,-100.22328,0.0,0,-1.0,-1.0,-1.0,-1.0,-1.0,0.0,0.0,0.0,0.0
1791564678.03,2236392.1,1552.4,-0.5,1021.5,-0.0,174.9,0.0,83.58,89.56,-179.33,86.93,0.0,1224.977057,101325.0,1.0,0.9,-598436.0,300782.4,0.9948,0.09,551.5,-0.08955,-100.22328,0.0,0,-1.0,-1.0,-1.0,-1.0,-1.0,0.0,0.0,0.0,0.0
1791564678.53,2236392.1,1552.9,-0.5,1021.5,-0.0,174.9,0.0,83.58,89.56,-179.33,86.93,0.0,1224.977057,101325.0,1.0,0.9,-598436.0,300782.4,0.9948,0.09,551.5,-0.08955,-100.22328,0.0,0,-1.0,-1.0,-1.0,-1.0,-1.0,0.0,0.0,0.0,0.0
1791564679.03,2236392.1,1553.4,-0.5,1021.5,-0.0,174.9,0.0,83.58,89.56,-179.33,86.93,0.0,1224.977057,101325.0,1.0,0.9,-598436.0,300782.4,0.9948,0.09,551.5,-0.08955,-100.22328,0.0,0,-1.0,-1.0,-1.0,-1.0,-1.0,0.0,0.0,0.0,0.0
1791564679.53,2236392.2,1553.9,-0.5,1021.5,-0.0,174.9,0.0,83.58,89.56,-179.33,86.93,0.0,1224.977057,101325.0,1.0,0.9,-598436.0,300782.4,0.9948,0.09,551.5,-0.08955,-100.22328,0.0,0,-1.0,-1.0,-1.0,-1.0,-1.0,0.0,0.0,0.0,0.0
1791564680.03,2236392.2,1554.4,-0.5,1021.5,-0.0,174.9,0.0,83.58,89.56,-179.33,86.93,0.0,1224.977057,101325.0,1.0,0.9,-598436.0,300782.4,0.9948,0.09,551.5,-0.08955,-100.22328,0.0,0,-1.0,-1.0,-1.0,-1.0,-1.0,0.0,0.0,0.0,0.0
1791564680.54,2236392.2,1554.9,-0.5,1021.5,-0.0,174.9,0.0,83.58,89.56,-179.33,86.93,0.0,1224.977057,101325.0,1.0,0.9,-598436.0,300782.4,0.9948,0.09,551.5,-0.08955,-100.22328,0.0,0,-1.0,-1.0,-1.0,-1.0,-1.0,0.0,0.0,0.0,0.0
1791564681.04,2236392.2,1555.4,-0.5,1021.5,-0.0,174.9,0.0,83.58,89.56,-179.33,86.93,0.0,1224.977057,101325.0,1.0,0.9,-598436.0,300782.4,0.9948,0.09,551.5,-0.08955,-100.22328,0.0,0,-1.0,-1.0,-1.0,-1.0,-1.0,0.0,0.0,0.0,0.0
1791564681.54,2236392.3,1555.9,-0.5,1021.5,-0.0,174.9,0.0,83.58,89.56,-179.33,86.93,0.0,1224.977057,101325.0,1.0,0.9,-598436.0,300782.4,0.9948,0.09,551.5,-0.08955,-100.22328,0.0,0,-1.0,-1.0,-1.0,-1.0,-1.0,0.0,0.0,0.0,0.0
1791564682.04,2236392.3,1556.4,-0.5,1021.5,-0.0,174.9,0.0,83.58,89.56,-179.33,86.93,0.0,1224.977057,101325.0,1.0,0.9,-598436.0,300782.4,0.9948,0.09,551.5,-0.08955,-100.22328,0.0,0,-1.0,-1.0,-1.0,-1.0,-1.0,0.0,0.0,0.0,0.0
1791564682.54,2236392.3,1556.9,-0.5,1021.5,-0.0,174.9,0.0,83.58,89.56,-179.33,86.93,0.0,1224.977057,101325.0,1.0,0.9,-598436.0,300782.4,0.9948,0.09,551.5,-0.08955,-100.22328,0.0,0,-1.0,-1.0,-1.0,-1.0,-1.0,0.0,0.0,0.0,0.0
1791564683.04,2236392.3,1557.4,-0.5,1021.5,-0.0,174.9,0.0,83.58,89.56,-179.33,86.93,0.0,1224.977057,101325.0,1.0,0.9,-598436.0,300782.4,0.9948,0.09,551.5,-0.08955,-100.22328,0.0,0,-1.0,-1.0,-1.0,-1.0,-1.0,0.0,0.0,0.0,0.0
1791564683.55,2236392.3,1557.9,-0.5,1021.5,-0.0,174.9,0.0,83.58,89.56,-179.33,86.93,0.0,1224.977057,101325.0,1.0,0.9,-598436.0,300782.4,0.9948,0.09,551.5,-0.08955,-100.22328,0.0,0,-1.0,-1.0,-1.0,-1.0,-1.0,0.0,0.0,0.0,0.0
1791564684.05,2236392.3,1558.4,-0.5,1021.5,-0.0,174.9,0.0,83.58,89.56,-179.33,86.93,0.0,1224.977057,101325.0,1.0,0.9,-598436.0,300782.4,0.9948,0.09,551.5,-0.08955,-100.22328,0.0,0,-1.0,-1.0,-1.0,-1.0,-1.0,0.0,0.0,0.0,0.0
1791564684.55,2236392.4,1558.9,-0.5,1021.5,-0.0,174.9,0.0,83.58,89.56,-179.33,86.93,0.0,1224.977057,101325.0,1.0,0.9,-598436.0,300782.4,0.9948,0.09,551.5,-0.08955,-100.22328,0.0,0,-1.0,-1.0,-1.0,-1.0,-1.0,0.0,0.0,0.0,0.0
1791564685.05,2236392.4,1559.4,-0.5,1021.5,-0.0,174.9,0.0,83.58,89.56,-179.33,86.93,0.0,1224.977057,101325.0,1.0,0.9,-598436.0,300782.4,0.9948,0.09,551.5,-0.08955,-100.22328,0.0,0,-1.0,-1.0,-1.0,-1.0,-1.0,0.0,0.0,0.0,0.0
1791564685.55,2236392.4,1559.9,-0.5,1021.5,-0.0,174.9,0.0,83.58,89.56,-179.33,86.93,0.0,1224.977057,101325.0,1.0,0.9,-598436.0,300782.4,0.9948,0.09,551.5,-0.08955,-100.22328,0.0,0,-1.0,-1.0,-1.0,-1.0,-1.0,0.0,0.0,0.0,0.0
1791564686.06,2236392.4,1560.4,-0.5,1021.5,-0.0,174.9,0.0,83.58,89.56,-179.33,86.93,0.0,1224.977057,101325.0,1.0,0.9,-598436.0,300782.4,0.9948,0.09,551.5,-0.08955,-100.22328,0.0,0,-1.0,-1.0,-1.0,-1.0,-1.0,0.0,0.0,0.0,0.0
1791564686.56,2236392.4,1560.9,-0.5,1021.5,-0.0,174.9,0.0,83.58,89.56,-179.33,86.93,0.0,1224.977057,101325.0,1.0,0.9,-598436.0,300782.4,0.9948,0.09,551.5,-0.08955,-100.22328,0.0,0,-1.0,-1.0,-1.0,-1.0,-1.0,0.0,0.0,0.0,0.0
1791564687.06,2236392.5,1561.4,-0.5,1021.5,-0.0,174.9,0.0,83.58,89.56,-179.33,86.92,0.0,1224.977057,101325.0,1.0,0.9,-598436.0,300782.4,0.9948,0.09,551.5,-0.08955,-100.22328,0.0,0,-1.0,-1.0,-1.0,-1.0,-1.0,0.0,0.0,0.0,0.0
1791564687.56,2236392.5,1561.9,-0.5,1021.5,-0.0,174.9,0.0,83.58,89.56,-179.33,86.92,0.0,1224.977057,101325.0,1.0,0.9,-598436.0,300782.4,0.9948,0.09,551.5,-0.08955,-100.22328,0.0,0,-1.0,-1.0,-1.0,-1.0,-1.0,0.0,0.0,0.0,0.0
1791564688.06,2236392.5,1562.4,-0.5,1021.5,-0.0,174.9,0.0,83.58,89.56,-179.33,86.92,0.0,1224.977057,101325.0,1.0,0.9,-598436.0,300782.4,0.9948,0.09,551.5,-0.08955,-100.22328,0.0,0,-1.0,-1.0,-1.0,-1.0,-1.0,0.0,0.0,0.0,0.0
1791564688.56,2236392.5,1562.9,-0.5,1021.5,-0.0,174.9,0.0,83.58,89.56,-179.33,86.92,0.0,1224.977057,101325.0,1.0,0.9,-598436.0,300782.4,0.9948,0.09,551.5,-0.08955,-100.22328,0.0,0,-1.0,-1.0,-1.0,-1.0,-1.0,0.0,0.0,0.0,0.0
1791564689.07,2236392.5,1563.4,-0.5,1021.5,-0.0,174.9,0.0,83.58,89.56,-179.33,86.92,0.0,1224.977057,101325.0,1.0,0.9,-598436.0,300782.4,0.9948,0.09,551.5,-0.08955,-100.22328,0.0,0,-1.0,-1.0,-1.0,-1.0,-1.0,0.0,0.0,0.0,0.0
1791564689.57,2236392.5,1563.9,-0.5,1021.5,-0.0,174.9,0.0,83.58,89.56,-179.33,86.92,0.0,1224.977057,101325.0,1.0,0.9,-598436.0,300782.4,0.9948,0.09,551.5,-0.08955,-100.22328,0.0,0,-1.0,-1.0,-1.0,-1.0,-1.0,0.0,0.0,0.0,0.0
1791564690.07,2236392.6,1564.4,-0.5,1021.5,-0.0,174.9,0.0,83.58,89.56,-179.33,86.92,0.0,1224.977057,101325.0,1.0,0.9,-598436.0,300782.4,0.9948,0.09,551.5,-0.08955,-100.22328,0.0,0,-1.0,-1.0,-1.0,-1.0,-1.0,0.0,0.0,0.0,0.0
1791564690.57,2236392.6,1564.9,-0.5,1021.5,-0.0,174.9,0.0,83.58,89.56,-179.33,86.92,0.0,1224.977057,101325.0,1.0,0.9,-598436.0,300782.4,0.9948,0.09,551.5,-0.08955,-100.22328,0.0,0,-1.0,-1.0,-1.0,-1.0,-1.0,0.0,0.0,0.0,0.0
1791564691.07,2236392.6,1565.4,-0.5,1021.5,-0.0,174.9,0.0,83.58,89.56,-179.33,86.92,0.0,1224.977057,101325.0,1.0,0.9,-598436.0,300782.4,0.9948,0.09,551.5,-0.08955,-100.22328,0.0,0,-1.0,-1.0,-1.0,-1.0,-1.0,0.0,0.0,0.0,0.0
1791564691.57,2236392.6,1565.9,-0.5,1021.5,-0.0,174.9,0.0,83.58,89.56,-179.33,86.92,0.0,1224.977057,101325.0,1.0,0.9,-598436.0,300782.4,0.9948,0.09,551.5,-0.08955,-100.22328,0.0,0,-1.0,-1.0,-1.0,-1.0,-1.0,0.0,0.0,0.0,0.0
1791564692.07,2236392.7,1566.4,-0.5,1021.5,-0.0,174.9,0.0,83.58,89.56,-179.33,86.92,0.0,1224.977057,101325.0,1.0,0.9,-598436.0,300782.4,0.9948,0.09,551.5,-0.08955,-100.22328,0.0,0,-1.0,-1.0,-1.0,-1.0,-1.0,0.0,0.0,0.0,0.0
1791564692.58,2236392.7,1566.9,-0.5,1021.5,-0.0,174.9,0.0,83.58,89.56,-179.33,86.92,0.0,1224.977057,101325.0,1.0,0.9,-598436.0,300782.4,0.9948,0.09,551.5,-0.08955,-100.22328,0.0,0,-1.0,-1.0,-1.0,-1.0,-1.0,0.0,0.0,0.0,0.0
1791564693.08,2236392.7,1567.4,-0.5,1021.5,-0.0,174.9,0.0,83.58,89.56,-179.33,86.92,0.0,1224.977057,101325.0,1.0,0.9,-598436.0,300782.4,0.9948,0.09,551.5,-0.08955,-100.22328,0.0,0,-1.0,-1.0,-1.0,-1.0,-1.0,0.0,0.0,0.0,0.0
1791564693.58,2236392.7,1567.9,-0.5,1021.5,-0.0,174.9,0.0,83.58,89.56,-179.33,86.92,0.0,1224.977057,101325.0,1.0,0.9,-598436.0,300782.4,0.9948,0.09,551.5,-0.08955,-100.22328,0.0,0,-1.0,-1.0,-1.0,-1.0,-1.0,0.0,0.0,0.0,0.0
1791564694.08,2236392.7,1568.4,-0.5,1021.5,-0.0,174.9,0.0,83.58,89.56,-179.33,86.92,0.0,1224.977057,101325.0,1.0,0.9,-598436.0,300782.4,0.9948,0.09,551.5,-0.08955,-100.22328,0.0,0,-1.0,-1.0,-1.0,-1.0,-1.0,0.0,0.0,0.0,0.0
1791564694.58,2236392.7,1568.9,-0.5,1021.5,-0.0,174.9,0.0,83.58,89.56,-179.33,86.92,0.0,1224.977057,101325.0,1.0,0.9,-598436.0,300782.4,0.9948,0.09,551.5,-0.08955,-100.22328,0.0,0,-1.0,-1.0,-1.0,-1.0,-1.0,0.0,0.0,0.0,0.0
1791564695.08,2236392.8,1569.4,-0.5,1021.5,-0.0,174.9,0.0,83.58,89.56,-179.33,86.92,0.0,1224.977057,101325.0,1.0,0.9,-598436.0,300782.4,0.9948,0.09,551.5,-0.08955,-100.22328,0.0,0,-1.0,-1.0,-1.0,-1.0,-1.0,0.0,0.0,0.0,0.0
1791564695.59,2236392.8,1569.9,-0.5,1021.5,-0.0,174.9,0.0,83.58,89.56,-179.33,86.92,0.0,1224.977057,101325.0,1.0,0.9,-598436.0,300782.4,0.9948,0.09,551.5,-0.08955,-100.22328,0.0,0,-1.0,-1.0,-1.0,-1.0,-1.0,0.0,0.0,0.0,0.0
1791564696.09,2236392.8,1570.4,-0.5,1021.5,-0.0,174.9,0.0,83.58,89.56,-179.33,86.92,0.0,1224.977057,101325.0,1.0,0.9,-598436.0,300782.4,0.9948,0.09,551.5,-0.08955,-100.22328,0.0,0,-1.0,-1.0,-1.0,-1.0,-1.0,0.0,0.0,0.0,0.0
1791564696.59,2236392.8,1570.9,-0.5,1021.5,-0.0,174.9,0.0,83.58,89.56,-179.33,86.92,0.0,1224.977057,101325.0,1.0,0.9,-598436.0,300782.4,0.9948,0.09,551.5,-0.08955,-100.22328,0.0,0,-1.0,-1.0,-1.0,-1.0,-1.0,0.0,0.0,0.0,0.0
1791564697.09,2236392.9,1571.4,-0.5,1021.5,-0.0,174.9,0.0,83.58,89.56,-179.33,86.92,0.0,1224.977057,101325.0,1.0,0.9,-598436.0,300782.4,0.9948,0.09,551.5,-0.08955,-100.22328,0.0,0,-1.0,-1.0,-1.0,-1.0,-1.0,0.0,0.0,0.0,0.0
1791564697.59,2236393.1,1571.9,-0.5,1021.5,-0.0,174.9,0.0,83.58,89.56,-179.33,86.91,0.0,1224.977057,101325.0,1.0,0.9,-598436.0,300782.4,0.9948,0.09,551.5,-0.08955,-100.22328,0.0,0,-1.0,-1.0,-1.0,-1.0,-1.0,0.0,0.0,0.0,0.0
1791564698.09,2236393.6,1572.4,-0.5,1021.5,-0.0,174.9,0.0,83.58,89.56,-179.33,86.91,0.0,1224.977057,101325.0,1.0,0.9,-598436.0,300782.4,0.9948,0.09,551.5,-0.08955,-100.22328,0.0,0,-1.0,-1.0,-1.0,-1.0,-1.0,0.0,0.0,0.0,0.0
1791564698.6,2236394.1,1572.9,-0.5,1021.5,-0.0,174.9,0.0,83.58,89.56,-179.33,86.9,0.0,1224.977057,101325.0,1.0,0.9,-598436.0,300782.4,0.9948,0.09,551.5,-0.08955,-100.22328,0.0,0,-1.0,-1.0,-1.0,-1.0,-1.0,0.0,0.0,0.0,0.0
1791564699.1,2236394.6,1573.4,-0.5,1021.5,-0.0,174.9,0.0,83.58,89.56,-179.33,86.89,0.0,1224.977057,101325.0,1.0,0.9,-598436.0,300782.4,0.9948,0.09,551.5,-0.08955,-100.22328,0.0,0,-1.0,-1.0,-1.0,-1.0,-1.0,0.0,0.0,0.0,0.0
1791564699.6,2236395.1,1573.9,-0.5,1021.5,-0.0,174.9,0.0,83.58,89.56,-179.33,86.88,0.0,1224.977057,101325.0,1.0,0.9,-598436.0,300782.4,0.9948,0.09,551.5,-0.08955,-100.22328,0.0,0,-1.0,-1.0,-1.0,-1.0,-1.0,0.0,0.0,0.0,0.0
1791564700.1,2236395.6,1574.4,-0.5,1021.5,-0.0,174.9,0.0,83.58,89.56,-179.33,86.87,0.0,1224.977057,101325.0,1.0,0.9,-598436.0,300782.4,0.9948,0.09,551.5,-0.08955,-100.22328,0.0,0,-1.0,-1.0,-1.0,-1.0,-1.0,0.0,0.0,0.0,0.0
1791564700.6,2236396.1,1574.9,-0.5,1021.5,-0.0,174.9,0.0,83.58,89.56,-179.33,86.86,0.0,1224.977057,101325.0,1.0,0.9,-598436.0,300782.4,0.9948,0.09,551.5,-0.08955,-100.22328,0.0,0,-1.0,-1.0,-1.0,-1.0,-1.0,0.0,0.0,0.0,0.0
1791564701.1,2236396.6,1575.4,-0.5,1021.5,-0.0,174.9,0.0,83.58,89.56,-179.33,86.86,0.0,1224.977057,101325.0,1.0,0.9,-598436.0,300782.4,0.9948,0.09,551.5,-0.08955,-100.22328,0.0,0,-1.0,-1.0,-1.0,-1.0,-1.0,0.0,0.0,0.0,0.0
1791564701.61,2236397.1,1575.9,-0.5,1021.5,0.0,174.9,0.0,83.58,89.56,-179.33,86.85,0.0,1224.977057,101325.0,1.0,0.9,-598436.0,300782.4,0.9948,0.09,551.5,-0.08955,-100.22328,0.0,0,-1.0,-1.0,-1.0,-1.0,-1.0,0.0,0.0,0.0,0.0
1791564702.11,2236397.6,1576.5,-0.5,1021.5,0.0,174.9,0.0,83.58,89.56,-179.33,86.84,0.0,1224.977057,101325.0,1.0,0.9,-598436.0,300782.4,0.9948,0.09,551.5,-0.08955,-100.22328,0.0,0,-1.0,-1.0,-1.0,-1.0,-1.0,0.0,0.0,0.0,0.0
1791564702.61,2236398.1,1577.0,-0.5,1021.5,0.0,174.9,0.0,83.58,89.56,-179.33,86.83,0.0,1224.977057,101325.0,1.0,0.9,-598436.0,300782.4,0.9948,0.09,551.5,-0.08955,-100.22328,0.0,0,-1.0,-1.0,-1.0,-1.0,-1.0,0.0,0.0,0.0,0.0
1791564703.11,2236398.6,1577.5,-0.5,1021.5,0.0,174.9,0.0,83.58,89.56,-179.33,86.82,0.0,1224.977057,101325.0,1.0,0.9,-598436.0,300782.4,0.9948,0.09,551.5,-0.08955,-100.22328,0.0,0,-1.0,-1.0,-1.0,-1.0,-1.0,0.0,0.0,0.0,0.0
1791564703.62,2236399.1,1578.0,-0.5,1021.5,0.0,174.9,0.0,83.58,89.56,-179.33,86.81,0.0,1224.977057,101325.0,1.0,0.9,-598436.0,300782.4,0.9948,0.09,551.5,-0.08955,-100.22328,0.0,0,-1.0,-1.0,-1.0,-1.0,-1.0,0.0,0.0,0.0,0.0
1791564704.12,2236399.6,1578.5,-0.5,1021.5,0.0,174.9,0.0,83.58,89.56,-179.33,86.81,0.0,1224.977057,101325.0,1.0,0.9,-598436.0,300782.4,0.9948,0.09,551.5,-0.08955,-100.22328,0.0,0,-1.0,-1.0,-1.0,-1.0,-1.0,0.0,0.0,0.0,0.0
1791564704.62,2236400.1,1579.0,-0.5,1021.5,0.0,174.9,0.0,83.58,89.56,-179.33,86.8,0.0,1224.977057,101325.0,1.0,0.9,-598436.0,300782.4,0.9948,0.09,551.5,-0.08955,-100.22328,0.0,0,-1.0,-1.0,-1.0,-1.0,-1.0,0.0,0.0,0.0,0.0
1791564705.12,2236400.6,1579.5,-0.5,1021.5,0.0,174.9,0.0,83.58,89.56,-179.33,86.79,0.0,1224.977057,101325.0,1.0,0.9,-598436.0,300782.4,0.9948,0.09,551.5,-0.08955,-100.22328,0.0,0,-1.0,-1.0,-1.0,-1.0,-1.0,0.0,0.0,0.0,0.0
1791564705.63,2236401.1,1580.0,-0.5,1021.5,0.0,174.9,0.0,83.58,89.56,-179.33,86.78,0.0,1224.977057,101325.0,1.0,0.9,-598436.0,300782.4,0.9948,0.09,551.5,-0.08955,-100.22328,0.0,0,-1.0,-1.0,-1.0,-1.0,-1.0,0.0,0.0,0.0,0.0
1791564706.13,2236401.6,1580.5,-0.5,1021.5,0.0,174.9,0.0,83.58,89.56,-179.33,86.77,0.0,1224.977057,101325.0,1.0,0.9,-598436.0,300782.4,0.9948,0.09,551.5,-0.08955,-100.22328,0.0,0,-1.0,-1.0,-1.0,-1.0,-1.0,0.0,0.0,0.0,0.0
1791564706.65,2236402.1,1581.0,-0.5,1021.5,0.0,174.9,0.0,83.58,89.56,-179.33,86.76,0.0,1224.977057,101325.0,1.0,0.9,-598436.0,300782.4,0.9948,0.09,551.5,-0.08955,-100.22328,0.0,0,-1.0,-1.0,-1.0,-1.0,-1.0,0.0,0.0,0.0,0.0
1791564707.16,2236402.6,1581.5,-0.5,1021.5,0.0,174.9,0.0,83.58,89.56,-179.33,86.75,0.0,1224.977057,101325.0,1.0,0.9,-598436.0,300782.4,0.9948,0.09,551.5,-0.08955,-100.22328,0.0,0,-1.0,-1.0,-1.0,-1.0,-1.0,0.0,0.0,0.0,0.0
1791564707.66,2236403.2,1582.0,-0.5,1021.5,0.0,174.9,0.0,83.58,89.56,-179.33,86.75,0.0,1224.977057,101325.0,1.0,0.9,-598436.0,300782.4,0.9948,0.09,551.5,-0.08955,-100.22328,0.0,0,-1.0,-1.0,-1.0,-1.0,-1.0,0.0,0.0,0.0,0.0
1791564708.16,2236403.7,1582.5,-0.5,1021.5,0.0,174.9,0.0,83.58,89.56,-179.33,86.74,0.0,1224.977057,101325.0,1.0,0.9,-598436.0,300782.4,0.9948,0.09,551.5,-0.08955,-100.22328,0.0,0,-1.0,-1.0,-1.0,-1.0,-1.0,0.0,0.0,0.0,0.0
1791564708.67,2236404.2,1583.0,-0.5,1021.5,0.0,174.9,0.0,83.58,89.56,-179.33,86.73,0.0,1224.977057,101325.0,1.0,0.9,-598436.0,300782.4,0.9948,0.09,551.5,-0.08955,-100.22328,0.0,0,-1.0,-1.0,-1.0,-1.0,-1.0,0.0,0.0,0.0,0.0
1791564709.17,2236404.4,1583.5,-0.5,1021.5,0.0,174.9,0.0,83.58,89.56,-179.33,86.72,0.0,1224.977057,101325.0,1.0,0.9,-598436.0,300782.4,0.9948,0.09,551.5,-0.08955,-100.22328,0.0,0,-1.0,-1.0,-1.0,-1.0,-1.0,0.0,0.0,0.0,0.0
1791564709.67,2236405.0,1584.0,-0.5,1021.5,0.0,174.9,0.0,83.58,89.56,-179.33,86.72,0.0,1224.977057,101325.0,1.0,0.9,-598436.0,300782.4,0.9948,0.09,551.5,-0.08955,-100.22328,0.0,0,-1.0,-1.0,-1.0,-1.0,-1.0,0.0,0.0,0.0,0.0
1791564710.17,2236405.5,1584.5,-0.5,1021.5,0.0,174.9,0.0,83.58,89.56,-179.33,86.71,0.0,1224.977057,101325.0,1.0,0.9,-598436.0,300782.4,0.9948,0.09,551.5,-0.08955,-100.22328,0.0,0,-1.0,-1.0,-1.0,-1.0,-1.0,0.0,0.0,0.0,0.0
1791564710.68,2236406.0,1585.0,-0.5,1021.5,0.0,174.9,0.0,83.58,89.56,-179.33,86.7,0.0,1224.977057,101325.0,1.0,0.9,-598436.0,300782.4,0.9948,0.09,551.5,-0.08955,-100.22328,0.0,0,-1.0,-1.0,-1.0,-1.0,-1.0,0.0,0.0,0.0,0.0
1791564711.18,2236406.5,1585.5,-0.5,1021.5,0.0,174.9,0.0,83.58,89.56,-179.33,86.69,0.0,1224.977057,101325.0,1.0,0.9,-598436.0,300782.4,0.9948,0.09,551.5,-0.08955,-100.22328,0.0,0,-1.0,-1.0,-1.0,-1.0,-1.0,0.0,0.0,0.0,0.0
1791564711.68,2236407.0,1586.0,-0.5,1021.5,0.0,174.9,0.0,83.58,89.56,-179.33,86.68,0.0,1224.977057,101325.0,1.0,0.9,-598436.0,300782.4,0.9948,0.09,551.5,-0.08955,-100.22328,0.0,0,-1.0,-1.0,-1.0,-1.0,-1.0,0.0,0.0,0.0,0.0
1791564712.18,2236407.5,1586.5,-0.5,1021.5,0.0,174.9,0.0,83.58,89.56,-179.33,86.67,0.0,1224.977057,101325.0,1.0,0.9,-598436.0,300782.4,0.9948,0.09,551.5,-0.08955,-100.22328,0.0,0,-1.0,-1.0,-1.0,-1.0,-1.0,0.0,0.0,0.0,0.0
1791564712.68,2236408.0,1587.0,-0.5,1021.5,0.0,174.9,0.0,83.58,89.56,-179.33,86.67,0.0,1224.977057,101325.0,1.0,0.9,-598436.0,300782.4,0.9948,0.09,551.5,-0.08955,-100.22328,0.0,0,-1.0,-1.0,-1.0,-1.0,-1.0,0.0,0.0,0.0,0.0
1791564713.18,2236408.5,1587.5,-0.5,1021.5,0.0,174.9,0.0,83.58,89.56,-179.33,86.66,0.0,1224.977057,101325.0,1.0,0.9,-598436.0,300782.4,0.9948,0.09,551.5,-0.08955,-100.22328,0.0,0,-1.0,-1.0,-1.0,-1.0,-1.0,0.0,0.0,0.0,0.0
1791564713.69,2236409.0,1588.0,-0.5,-1.0,0.0,174.9,0.0,83.58,89.56,-179.33,86.65,0.0,1224.977057,101325.0,1.0,0.9,-598436.0,300782.4,0.9948,0.09,551.5,-0.08955,-100.22328,0.0,0,-1.0,-1.0,-1.0,-1.0,-1.0,0.0,0.0,0.0,0.0
1791564714.19,2236409.5,1588.5,-0.5,1021.5,0.0,174.9,0.0,83.58,89.56,-179.33,86.64,0.0,1224.977057,101325.0,1.0,0.9,-598436.0,300782.4,0.9948,0.09,551.5,-0.08955,-100.22328,0.0,0,-1.0,-1.0,-1.0,-1.0,-1.0,0.0,0.0,0.0,0.0
1791564714.7,2236410.0,1589.0,-0.5,1021.5,0.0,174.9,0.0,83.58,89.56,-179.33,86.63,0.0,1224.977057,101325.0,1.0,0.9,-598436.0,300782.4,0.9948,0.09,551.5,-0.08955,-100.22328,0.0,0,-1.0,-1.0,-1.0,-1.0,-1.0,0.0,0.0,0.0,0.0
1791564715.2,2236410.5,1589.5,-0.5,1021.5,0.0,174.9,0.0,83.58,89.56,-179.33,86.62,0.0,1224.977057,101325.0,1.0,0.9,-598436.0,300782.4,0.9948,0.09,551.5,-0.08955,-100.22328,0.0,0,-1.0,-1.0,-1.0,-1.0,-1.0,0.0,0.0,0.0,0.0
1791564715.7,2236411.0,1590.0,-0.5,1021.5,0.0,174.9,0.0,83.58,89.56,-179.33,86.62,0.0,1224.977057,101325.0,1.0,0.9,-598436.0,300782.4,0.9948,0.09,551.5,-0.08955,-100.22328,0.0,0,-1.0,-1.0,-1.0,-1.0,-1.0,0.0,0.0,0.0,0.0
1791564716.2,2236411.5,1590.5,-0.5,1021.5,0.0,174.9,0.0,83.58,89.56,-179.33,86.61,0.0,1224.977057,101325.0,1.0,0.9,-598436.0,300782.4,0.9948,0.09,551.5,-0.08955,-100.22328,0.0,0,-1.0,-1.0,-1.0,-1.0,-1.0,0.0,0.0,0.0,0.0
1791564716.71,2236412.0,1591.1,-0.5,1021.5,0.0,174.9,0.0,83.58,89.56,-179.33,86.6,0.0,1224.977057,101325.0,1.0,0.9,-598436.0,300782.4,0.9948,0.09,551.5,-0.08955,-100.22328,0.0,0,-1.0,-1.0,-1.0,-1.0,-1.0,0.0,0.0,0.0,0.0
1791564717.21,2236412.5,1591.6,-0.5,1021.5,0.0,174.9,0.0,83.58,89.56,-179.33,86.59,0.0,1224.977057,101325.0,1.0,0.9,-598436.0,300782.4,0.9948,0.09,551.5,-0.08955,-100.22328,0.0,0,-1.0,-1.0,-1.0,-1.0,-1.0,0.0,0.0,0.0,0.0
1791564717.71,2236413.0,1592.1,-0.5,1021.5,0.0,174.9,0.0,83.58,89.56,-179.33,86.58,0.0,1224.977057,101325.0,1.0,0.9,-598436.0,300782.4,0.9948,0.09,551.5,-0.08955,-100.22328,0.0,0,-1.0,-1.0,-1.0,-1.0,-1.0,0.0,0.0,0.0,0.0
1791564718.21,2236413.5,1592.6,-0.5,1021.5,0.0,174.9,0.0,83.58,89.56,-179.33,86.57,0.0,1224.977057,101325.0,1.0,0.9,-598436.0,300782.4,0.9948,0.09,551.5,-0.08955,-100.22328,0.0,0,-1.0,-1.0,-1.0,-1.0,-1.0,0.0,0.0,0.0,0.0
1791564718.71,2236414.0,1593.1,-0.5,1021.5,0.0,174.9,0.0,83.58,89.56,-179.33,86.57,0.0,1224.977057,101325.0,1.0,0.9,-598436.0,300782.4,0.9948,0.09,551.5,-0.08955,-100.22328,0.0,0,-1.0,-1.0,-1.0,-1.0,-1.0,0.0,0.0,0.0,0.0
1791564719.22,2236414.5,1593.6,-0.5,1021.5,0.0,174.9,0.0,83.58,89.56,-179.33,86.56,0.0,1224.977057,101325.0,1.0,0.9,-598436.0,300782.4,0.9948,0.09,551.5,-0.08955,-100.22328,0.0,0,-1.0,-1.0,-1.0,-1.0,-1.0,0.0,0.0,0.0,0.0
1791564719.72,2236415.0,1594.1,-0.5,1021.5,0.0,174.9,0.0,83.58,89.56,-179.33,86.55,0.0,1224.977057,101325.0,1.0,0.9,-598436.0,300782.4,0.9948,0.09,551.5,-0.08955,-100.22328,0.0,0,-1.0,-1.0,-1.0,-1.0,-1.0,0.0,0.0,0.0,0.0
1791564720.22,2236415.5,1594.6,-0.5,1021.5,0.0,174.9,0.0,83.58,89.56,-179.33,86.54,0.0,1224.977057,101325.0,1.0,0.9,-598436.0,300782.4,0.9948,0.09,551.5,-0.08955,-100.22328,0.0,0,-1.0,-1.0,-1.0,-1.0,-1.0,0.0,0.0,0.0,0.0
1791564720.72,2236416.0,1595.1,-0.5,1021.5,0.0,174.9,0.0,83.58,89.56,-179.33,86.53,0.0,1224.977057,101325.0,1.0,0.9,-598436.0,300782.4,0.9948,0.09,551.5,-0.08955,-100.22328,0.0,0,-1.0,-1.0,-1.0,-1.0,-1.0,0.0,0.0,0.0,0.0
1791564721.23,2236416.5,1595.6,-0.5,1021.5,0.0,174.9,0.0,83.58,89.56,-179.33,86.52,0.0,1224.977057,101325.0,1.0,0.9,-598436.0,300782.4,0.9948,0.09,551.5,-0.08955,-100.22328,0.0,0,-1.0,-1.0,-1.0,-1.0,-1.0,0.0,0.0,0.0,0.0
1791564721.73,2236417.0,1596.1,-0.5,1021.5,0.0,174.9,0.0,83.58,89.56,-179.33,86.52,0.0,1224.977057,101325.0,1.0,0.9,-598436.0,300782.4,0.9948,0.09,551.5,-0.08955,-100.22328,0.0,0,-1.0,-1.0,-1.0,-1.0,-1.0,0.0,0.0,0.0,0.0
1791564722.23,2236417.5,1596.6,-0.5,1021.5,0.0,174.9,0.0,83.58,89.56,-179.33,86.51,0.0,1224.977057,101325.0,1.0,0.9,-598436.0,300782.4,0.9948,0.09,551.5,-0.08955,-100.22328,0.0,0,-1.0,-1.0,-1.0,-1.0,-1.0,0.0,0.0,0.0,0.0
1791564722.73,2236418.0,1597.1,-0.5,1021.5,0.0,174.9,0.0,83.58,89.56,-179.33,86.5,0.0,1224.977057,101325.0,1.0,0.9,-598436.0,300782.4,0.9948,0.09,551.5,-0.08955,-100.22328,0.0,0,-1.0,-1.0,-1.0,-1.0,-1.0,0.0,0.0,0.0,0.0
1791564723.23,2236418.4,1597.6,-0.5,1021.5,0.0,174.9,0.0,83.58,89.56,-179.33,86.49,0.0,1224.977057,101325.0,1.0,0.9,-598436.0,300782.4,0.9948,0.09,551.5,-0.08955,-100.22328,0.0,0,-1.0,-1.0,-1.0,-1.0,-1.0,0.0,0.0,0.0,0.0
1791564723.74,2236418.9,1598.1,-0.5,1021.5,0.0,174.9,0.0,83.58,89.56,-179.33,86.48,0.0,1224.977057,101325.0,1.0,0.9,-598436.0,300782.4,0.9948,0.09,551.5,-0.08955,-100.22328,0.0,0,-1.0,-1.0,-1.0,-1.0,-1.0,0.0,0.0,0.0,0.0
1791564724.24,2236419.4,1598.6,-0.5,1021.5,0.0,174.9,0.0,83.58,89.56,-179.33,86.47,0.0,1224.977057,101325.0,1.0,0.9,-598436.0,300782.4,0.9948,0.09,551.5,-0.08955,-100.22328,0.0,0,-1.0,-1.0,-1.0,-1.0,-1.0,0.0,0.0,0.0,0.0
1791564724.74,2236420.0,1599.1,-0.5,1021.5,0.0,174.9,0.0,83.58,89.56,-179.33,86.47,0.0,1224.977057,101325.0,1.0,0.9,-598436.0,300782.4,0.9948,0.09,551.5,-0.08955,-100.22328,0.0,0,-1.0,-1.0,-1.0,-1.0,-1.0,0.0,0.0,0.0,0.0
1791564725.24,2236420.5,1599.6,-0.5,1021.5,0.0,174.9,0.0,83.58,89.56,-179.33,86.46,0.0,1224.977057,101325.0,1.0,0.9,-598436.0,300782.4,0.9948,0.09,551.5,-0.08955,-100.22328,0.0,0,-1.0,-1.0,-1.0,-1.0,-1.0,0.0,0.0,0.0,0.0
1791564725.74,2236421.0,1600.1,-0.5,1021.5,0.0,174.9,0.0,83.58,89.56,-179.33,86.45,0.0,1224.977057,101325.0,1.0,0.9,-598436.0,300782.4,0.9948,0.09,551.5,-0.08955,-100.22328,0.0,0,-1.0,-1.0,-1.0,-1.0,-1.0,0.0,0.0,0.0,0.0
1791564726.25,2236421.5,1600.6,-0.5,1021.5,0.0,174.9,0.0,83.58,89.56,-179.33,86.44,0.0,1224.977057,101325.0,1.0,0.9,-598436.0,300782.4,0.9948,0.09,551.5,-0.08955,-100.22328,0.0,0,-1.0,-1.0,-1.0,-1.0,-1.0,0.0,0.0,0.0,0.0
1791564726.75,2236422.0,1601.1,-0.5,1021.5,0.0,174.9,0.0,83.58,89.56,-179.33,86.43,0.0,1224.977057,101325.0,1.0,0.9,-598436.0,300782.4,0.9948,0.09,551.5,-0.08955,-100.22328,0.0,0,-1.0,-1.0,-1.0,-1.0,-1.0,0.0,0.0,0.0,0.0
1791564727.25,2236422.5,1601.6,-0.5,1021.5,0.0,174.9,0.0,83.58,89.56,-179.33,86.42,0.0,1224.977057,101325.0,1.0,0.9,-598436.0,300782.4,0.9948,0.09,551.5,-0.08955,-100.22328,0.0,0,-1.0,-1.0,-1.0,-1.0,-1.0,0.0,0.0,0.0,0.0
1791564727.75,2236422.9,1602.1,-0.5,1021.5,0.0,174.9,0.0,83.58,89.56,-179.33,86.42,0.0,1224.977057,101325.0,1.0,0.9,-598436.0,300782.4,0.9948,0.09,551.5,-0.08955,-100.22328,0.0,0,-1.0,-1.0,-1.0,-1.0,-1.0,0.0,0.0,0.0,0.0
1791564728.25,2236423.5,1602.6,-0.5,1021.5,0.0,174.9,0.0,83.58,89.56,-179.33,86.41,0.0,1224.977057,101325.0,1.0,0.9,-598436.0,300782.4,0.9948,0.09,551.5,-0.08955,-100.22328,0.0,0,-1.0,-1.0,-1.0,-1.0,-1.0,0.0,0.0,0.0,0.0
1791564728.75,2236424.0,1603.1,-0.5,1021.5,0.0,174.9,0.0,83.58,89.56,-179.33,86.4,0.0,1224.977057,101325.0,1.0,0.9,-598436.0,300782.4,0.9948,0.09,551.5,-0.08955,-100.22328,0.0,0,-1.0,-1.0,-1.0,-1.0,-1.0,0.0,0.0,0.0,0.0
1791564729.26,2236424.5,1603.6,-0.5,1021.5,0.0,174.9,0.0,83.58,89.56,-179.33,86.39,0.0,1224.977057,101325.0,1.0,0.9,-598436.0,300782.4,0.9948,0.09,551.5,-0.08955,-100.22328,0.0,0,-1.0,-1.0,-1.0,-1.0,-1.0,0.0,0.0,0.0,0.0
1791564729.76,2236425.0,1604.1,-0.5,1021.5,0.0,174.9,0.0,83.58,89.56,-179.33,86.38,0.0,1224.977057,101325.0,1.0,0.9,-598436.0,300782.4,0.9948,0.09,551.5,-0.08955,-100.22328,0.0,0,-1.0,-1.0,-1.0,-1.0,-1.0,0.0,0.0,0.0,0.0
1791564730.26,2236425.5,1604.6,-0.5,1021.5,0.0,174.9,0.0,83.58,89.56,-179.33,86.37,0.0,1224.977057,101325.0,1.0,0.9,-598436.0,300782.4,0.9948,0.09,551.5,-0.08955,-100.22328,0.0,0,-1.0,-1.0,-1.0,-1.0,-1.0,0.0,0.0,0.0,0.0
1791564730.76,2236426.0,1605.1,-0.5,1021.5,0.0,174.9,0.0,83.58,89.56,-179.33,86.37,0.0,1224.977057,101325.0,1.0,0.9,-598436.0,300782.4,0.9948,0.09,551.5,-0.08955,-100.22328,0.0,0,-1.0,-1.0,-1.0,-1.0,-1.0,0.0,0.0,0.0,0.0
1791564731.27,2236426.5,1605.6,-0.5,1021.5,0.0,174.9,0.0,83.58,89.56,-179.33,86.36,0.0,1224.977057,101325.0,1.0,0.9,-598436.0,300782.4,0.9948,0.09,551.5,-0.08955,-100.22328,0.0,0,-1.0,-1.0,-1.0,-1.0,-1.0,0.0,0.0,0.0,0.0
1791564731.77,2236427.0,1606.1,-0.5,1021.5,0.0,174.9,0.0,83.58,89.56,-179.33,86.35,0.0,1224.977057,101325.0,1.0,0.9,-598436.0,300782.4,0.9948,0.09,551.5,-0.08955,-100.22328,0.0,0,-1.0,-1.0,-1.0,-1.0,-1.0,0.0,0.0,0.0,0.0
1791564732.27,2236427.5,1606.6,-0.5,1021.5,0.0,174.9,0.0,83.58,89.56,-179.33,86.34,0.0,1224.977057,101325.0,1.0,0.9,-598436.0,300782.4,0.9948,0.09,551.5,-0.08955,-100.22328,0.0,0,-1.0,-1.0,-1.0,-1.0,-1.0,0.0,0.0,0.0,0.0
1791564732.77,2236428.0,1607.1,-0.5,1021.5,0.0,174.9,0.0,83.58,89.56,-179.33,86.33,0.0,1224.977057,101325.0,1.0,0.9,-598436.0,300782.4,0.9948,0.09,551.5,-0.08955,-100.22328,0.0,0,-1.0,-1.0,-1.0,-1.0,-1.0,0.0,0.0,0.0,0.0
1791564733.28,2236428.5,1607.6,-0.5,1021.5,0.0,174.9,0.0,83.58,89.56,-179.33,86.32,0.0,1224.977057,101325.0,1.0,0.9,-598436.0,300782.4,0.9948,0.09,551.5,-0.08955,-100.22328,0.0,0,-1.0,-1.0,-1.0,-1.0,-1.0,0.0,0.0,0.0,0.0
1791564733.78,2236429.0,1608.1,-0.5,1021.5,0.0,174.9,0.0,83.58,89.56,-179.33,86.32,0.0,1224.977057,101325.0,1.0,0.9,-598436.0,300782.4,0.9948,0.09,551.5,-0.08955,-100.22328,0.0,0,-1.0,-1.0,-1.0,-1.0,-1.0,0.0,0.0,0.0,0.0
1791564734.28,2236429.5,1608.6,-0.5,1021.5,0.0,174.9,0.0,83.58,89.56,-179.33,86.31,0.0,1224.977057,101325.0,1.0,0.9,-598436.0,300782.4,0.9948,0.09,551.5,-0.08955,-100.22328,0.0,0,-1.0,-1.0,-1.0,-1.0,-1.0,0.0,0.0,0.0,0.0
1791564734.78,2236430.0,1609.1,-0.5,1021.5,0.0,174.9,0.0,83.58,89.56,-179.33,86.3,0.0,1224.977057,101325.0,1.0,0.9,-598436.0,300782.4,0.9948,0.09,551.5,-0.08955,-100.22328,0.0,0,-1.0,-1.0,-1.0,-1.0,-1.0,0.0,0.0,0.0,0.0
1791564735.28,2236430.5,1609.6,-0.5,1021.5,0.0,174.9,0.0,83.58,89.56,-179.33,86.29,0.0,1224.977057,101325.0,1.0,0.9,-598436.0,300782.4,0.9948,0.09,551.5,-0.08955,-100.22328,0.0,0,-1.0,-1.0,-1.0,-1.0,-1.0,0.0,0.0,0.0,0.0
1791564735.78,2236431.0,1610.1,-0.5,1021.5,0.0,174.9,0.0,83.58,89.56,-179.33,86.28,0.0,1224.977057,101325.0,1.0,0.9,-598436.0,300782.4,0.9948,0.09,551.5,-0.08955,-100.22328,0.0,0,-1.0,-1.0,-1.0,-1.0,-1.0,0.0,0.0,0.0,0.0
1791564736.29,2236431.5,1610.6,-0.5,1021.5,0.0,174.9,0.0,83.58,89.56,-179.33,86.27,0.0,1224.977057,101325.0,1.0,0.9,-598436.0,300782.4,0.9948,0.09,551.5,-0.08955,-100.22328,0.0,0,-1.0,-1.0,-1.0,-1.0,-1.0,0.0,0.0,0.0,0.0
1791564736.79,2236432.0,1611.1,-0.5,1021.5,0.0,174.9,0.0,83.58,89.56,-179.33,86.27,0.0,1224.977057,101325.0,1.0,0.9,-598436.0,300782.4,0.9948,0.09,551.5,-0.08955,-100.22328,0.0,0,-1.0,-1.0,-1.0,-1.0,-1.0,0.0,0.0,0.0,0.0
1791564737.29,2236432.5,1611.6,-0.5,1021.5,0.0,174.9,0.0,83.58,89.56,-179.33,86.26,0.0,1224.977057,101325.0,1.0,0.9,-598436.0,300782.4,0.9948,0.09,551.5,-0.08955,-100.22328,0.0,0,-1.0,-1.0,-1.0,-1.0,-1.0,0.0,0.0,0.0,0.0
1791564737.79,2236433.0,1612.1,-0.5,1021.5,0.0,174.9,0.0,83.58,89.56,-179.33,86.25,0.0,1224.977057,101325.0,1.0,0.9,-598436.0,300782.4,0.9948,0.09,551.5,-0.08955,-100.22328,0.0,0,-1.0,-1.0,-1.0,-1.0,-1.0,0.0,0.0,0.0,0.0
1791564738.29,2236433.5,1612.6,-0.5,1021.5,0.0,174.9,0.0,83.58,89.56,-179.33,86.24,0.0,1224.977057,101325.0,1.0,0.9,-598436.0,300782.4,0.9948,0.09,551.5,-0.08955,-100.22328,0.0,0,-1.0,-1.0,-1.0,-1.0,-1.0,0.0,0.0,0.0,0.0
1791564738.8,2236434.0,1613.1,-0.5,1021.5,0.0,174.9,0.0,83.58,89.56,-179.33,86.23,0.0,1224.977057,101325.0,1.0,0.9,-598436.0,300782.4,0.9948,0.09,551.5,-0.08955,-100.22328,0.0,0,-1.0,-1.0,-1.0,-1.0,-1.0,0.0,0.0,0.0,0.0
1791564739.3,2236434.5,1613.6,-0.5,1021.5,0.0,174.9,0.0,83.58,89.56,-179.33,86.22,0.0,1224.977057,101325.0,1.0,0.9,-598436.0,300782.4,0.9948,0.09,551.5,-0.08955,-100.22328,0.0,0,-1.0,-1.0,-1.0,-1.0,-1.0,0.0,0.0,0.0,0.0
1791564739.8,2236435.0,1614.1,-0.5,1021.5,0.0,174.9,0.0,83.58,89.56,-179.33,86.22,0.0,1224.977057,101325.0,1.0,0.9,-598436.0,300782.4,0.9948,0.09,551.5,-0.08955,-100.22328,0.0,0,-1.0,-1.0,-1.0,-1.0,-1.0,0.0,0.0,0.0,0.0
1791564740.3,2236435.5,1614.6,-0.5,1021.5,0.0,174.9,0.0,83.58,89.56,-179.33,86.21,0.0,1224.977057,101325.0,1.0,0.9,-598436.0,300782.4,0.9948,0.09,551.5,-0.08955,-100.22328,0.0,0,-1.0,-1.0,-1.0,-1.0,-1.0,0.0,0.0,0.0,0.0
1791564740.81,2236436.0,1615.1,-0.5,1021.5,-0.0,174.9,0.0,83.58,89.56,-179.33,86.2,0.0,1224.977057,101325.0,1.0,0.9,-598436.0,300782.4,0.9948,0.09,551.5,-0.08955,-100.22328,0.0,0,-1.0,-1.0,-1.0,-1.0,-1.0,0.0,0.0,0.0,0.0
1791564741.31,2236436.5,1615.7,-0.5,1021.5,-0.0,174.9,0.0,83.58,89.56,-179.33,86.19,0.0,1224.977057,101325.0,1.0,0.9,-598436.0,300782.4,0.9948,0.09,551.5,-0.08955,-100.22328,0.0,0,-1.0,-1.0,-1.0,-1.0,-1.0,0.0,0.0,0.0,0.0
1791564741.81,2236437.0,1616.2,-0.5,1021.5,-0.0,174.9,0.0,83.58,89.56,-179.33,86.18,0.0,1224.977057,101325.0,1.0,0.9,-598436.0,300782.4,0.9948,0.09,551.5,-0.08955,-100.22328,0.0,0,-1.0,-1.0,-1.0,-1.0,-1.0,0.0,0.0,0.0,0.0
1791564742.31,2236437.5,1616.7,-0.5,1021.5,0.0,174.9,0.0,83.58,89.56,-179.33,86.17,0.0,1224.977057,101325.0,1.0,0.9,-598436.0,300782.4,0.9948,0.09,551.5,-0.08955,-100.22328,0.0,0,-1.0,-1.0,-1.0,-1.0,-1.0,0.0,0.0,0.0,0.0
1791564742.81,2236438.0,1617.2,-0.5,1021.5,0.0,174.9,0.0,83.58,89.56,-179.33,86.17,0.0,1224.977057,101325.0,1.0,0.9,-598436.0,300782.4,0.9948,0.09,551.5,-0.08955,-100.22328,0.0,0,-1.0,-1.0,-1.0,-1.0,-1.0,0.0,0.0,0.0,0.0
1791564743.31,2236438.5,1617.7,-0.5,1021.5,0.0,174.9,0.0,83.58,89.56,-179.33,86.16,0.0,1224.977057,101325.0,1.0,0.9,-598436.0,300782.4,0.9948,0.09,551.5,-0.08955,-100.22328,0.0,0,-1.0,-1.0,-1.0,-1.0,-1.0,0.0,0.0,0.0,0.0
1791564743.81,2236439.0,1618.2,-0.5,1021.5,-0.0,174.9,0.0,83.58,89.56,-179.33,86.15,0.0,1224.977057,101325.0,1.0,0.9,-598436.0,300782.4,0.9948,0.09,551.5,-0.08955,-100.22328,0.0,0,-1.0,-1.0,-1.0,-1.0,-1.0,0.0,0.0,0.0,0.0
1791564744.32,2236439.5,1618.7,-0.5,1021.5,-0.0,174.9,0.0,83.58,89.56,-179.33,86.14,0.0,1224.977057,101325.0,1.0,0.9,-598436.0,300782.4,0.9948,0.09,551.5,-0.08955,-100.22328,0.0,0,-1.0,-1.0,-1.0,-1.0,-1.0,0.0,0.0,0.0,0.0
1791564744.82,2236440.0,1619.2,-0.5,1021.5,0.0,174.9,0.0,83.58,89.56,-179.33,86.13,0.0,1224.977057,101325.0,1.0,0.9,-598436.0,300782.4,0.9948,0.09,551.5,-0.08955,-100.22328,0.0,0,-1.0,-1.0,-1.0,-1.0,-1.0,0.0,0.0,0.0,0.0
1791564745.32,2236440.5,1619.7,-0.5,1021.5,0.0,174.9,0.0,83.58,89.56,-179.33,86.12,0.0,1224.977057,101325.0,1.0,0.9,-598436.0,300782.4,0.9948,0.09,551.5,-0.08955,-100.22328,0.0,0,-1.0,-1.0,-1.0,-1.0,-1.0,0.0,0.0,0.0,0.0
1791564745.83,2236441.0,1620.2,-0.5,1021.5,0.0,174.9,0.0,83.58,89.56,-179.33,86.11,0.0,1224.977057,101325.0,1.0,0.9,-598436.0,300782.4,0.9948,0.09,551.5,-0.08955,-100.22328,0.0,0,-1.0,-1.0,-1.0,-1.0,-1.0,0.0,0.0,0.0,0.0
1791564746.33,2236441.5,1620.7,-0.5,1021.5,0.0,174.9,0.0,83.58,89.56,-179.33,86.11,0.0,1224.977057,101325.0,1.0,0.9,-598436.0,300782.4,0.9948,0.09,551.5,-0.08955,-100.22328,0.0,0,-1.0,-1.0,-1.0,-1.0,-1.0,0.0,0.0,0.0,0.0
1791564746.83,2236442.0,1621.2,-0.5,1021.5,0.0,174.9,0.0,83.58,89.56,-179.33,86.1,0.0,1224.977057,101325.0,1.0,0.9,-598436.0,300782.4,0.9948,0.09,551.5,-0.08955,-100.22328,0.0,0,-1.0,-1.0,-1.0,-1.0,-1.0,0.0,0.0,0.0,0.0
1791564747.34,2236442.5,1621.7,-0.5,1021.5,0.0,174.9,0.0,83.58,89.56,-179.33,86.09,0.0,1224.977057,101325.0,1.0,0.9,-598436.0,300782.4,0.9948,0.09,551.5,-0.08955,-100.22328,0.0,0,-1.0,-1.0,-1.0,-1.0,-1.0,0.0,0.0,0.0,0.0
1791564747.84,2236443.0,1622.2,-0.5,1021.5,0.0,174.9,0.0,83.58,89.56,-179.33,86.08,0.0,1224.977057,101325.0,1.0,0.9,-598436.0,300782.4,0.9948,0.09,551.5,-0.08955,-100.22328,0.0,0,-1.0,-1.0,-1.0,-1.0,-1.0,0.0,0.0,0.0,0.0
1791564748.34,2236443.3,1622.7,-0.5,1021.5,0.0,174.9,0.0,83.58,89.56,-179.33,86.08,0.0,1224.977057,101325.0,1.0,0.9,-598436.0,300782.4,0.9948,0.09,551.5,-0.08955,-100.22328,0.0,0,-1.0,-1.0,-1.0,-1.0,-1.0,0.0,0.0,0.0,0.0
1791564748.85,2236443.6,1623.2,-0.5,1021.5,0.0,174.9,0.0,83.57,89.56,-179.33,86.07,0.0,1224.977057,101325.0,1.0,0.9,-598436.0,300782.4,0.9948,0.09,551.5,-0.08955,-100.22328,0.0,0,-1.0,-1.0,-1.0,-1.0,-1.0,0.0,0.0,0.0,0.0
1791564751.46,2236443.6,1625.8,0.0,0.0,0.0,0.0,0.0,90.0,90.0,0.0,0.0,0.0,0.0,0.0,0.0,0.0,0.0,0.0,0.0,0.0,0.0,0.0,0.0,0.0,0,-1.0,-1.0,-1.0,-1.0,-1.0,0.0,0.0,0.0,0.0
1791564751.96,2236443.6,1626.3,0.0,0.0,0.0,0.0,0.0,90.0,90.0,0.0,0.0,0.0,0.0,0.0,0.0,0.0,0.0,0.0,0.0,0.0,0.0,0.0,0.0,0.0,0,-1.0,-1.0,-1.0,-1.0,-1.0,0.0,0.0,0.0,0.0
1791564752.46,2236443.6,1626.8,0.0,0.0,0.0,0.0,0.0,90.0,90.0,0.0,0.0,0.0,0.0,0.0,0.0,0.0,0.0,0.0,0.0,0.0,0.0,0.0,0.0,0.0,0,-1.0,-1.0,-1.0,-1.0,-1.0,0.0,0.0,0.0,0.0
1791564752.97,2236443.6,1627.3,0.0,0.0,0.0,0.0,0.0,90.0,90.0,0.0,0.0,0.0,0.0,0.0,0.0,0.0,0.0,0.0,0.0,0.0,0.0,0.0,0.0,0.0,0,-1.0,-1.0,-1.0,-1.0,-1.0,0.0,0.0,0.0,0.0
1791564753.47,2236443.6,1627.8,0.0,0.0,0.0,0.0,0.0,90.0,90.0,0.0,0.0,0.0,0.0,0.0,0.0,0.0,0.0,0.0,0.0,0.0,0.0,0.0,0.0,0.0,0,-1.0,-1.0,-1.0,-1.0,-1.0,0.0,0.0,0.0,0.0
