timestamp,UT,MET,altitude,radar_alt,vert_speed,orbital_vel,surface_vel,apoapsis,periapsis,g_force,dynamic_pressure,throttle,stage
1790971071.03,748599.7,0.0,77.9,5.5,-0.0,175.0,0.0,74.2,-598435.3,0.99,0.0,0.0,0
1790971071.54,748599.8,0.5,77.9,5.5,-0.0,175.0,0.0,74.2,-598435.3,0.99,0.0,0.0,0
1790971072.04,748599.8,1.0,77.9,5.5,-0.0,175.0,0.0,74.2,-598435.3,0.99,0.0,0.0,0
1790971072.54,748599.8,1.5,77.9,5.5,-0.0,175.0,0.0,74.2,-598435.3,0.99,0.0,0.0,0
1790971073.04,748599.8,2.0,77.9,5.5,-0.0,175.0,0.0,74.2,-598435.3,0.99,0.0,0.0,0
1790971073.55,748599.8,2.5,77.9,5.5,-0.0,175.0,0.0,74.2,-598435.3,0.99,0.0,0.0,0
1790971074.05,748599.8,3.0,77.9,5.5,-0.0,175.0,0.0,74.2,-598435.3,0.99,0.0,0.0,0
1790971074.55,748599.9,3.5,77.9,5.5,-0.0,175.0,0.0,74.2,-598435.3,0.99,0.0,0.0,0
1790971075.06,748599.9,4.0,77.9,5.5,-0.0,175.0,0.0,74.2,-598435.3,0.99,0.0,0.0,0
1790971075.56,748599.9,4.5,77.9,5.5,-0.0,175.0,0.0,74.2,-598435.3,0.99,0.0,0.0,0
1790971076.06,748599.9,5.0,77.9,5.5,-0.0,175.0,0.0,74.2,-598435.3,0.99,0.0,0.0,0
1790971076.56,748600.0,5.5,77.9,5.5,-0.0,175.0,0.0,74.2,-598435.3,0.99,0.0,0.0,0
1790971077.07,748600.0,6.0,77.9,5.5,-0.0,175.0,0.0,74.2,-598435.3,0.99,0.0,0.0,0
1790971077.57,748600.0,6.5,77.9,5.5,-0.0,175.0,0.0,74.2,-598435.3,0.99,0.0,0.0,0
1790971078.07,748600.0,7.0,77.9,5.5,-0.0,175.0,0.0,74.2,-598435.3,0.99,0.0,0.0,0
1790971078.57,748600.0,7.5,77.9,5.5,-0.0,175.0,0.0,74.2,-598435.3,0.99,0.0,0.0,0
1790971079.07,748600.0,8.0,77.9,5.5,-0.0,175.0,0.0,74.2,-598435.3,0.99,0.0,0.0,0
1790971079.57,748600.1,8.5,77.9,5.5,-0.0,175.0,0.0,74.2,-598435.3,0.99,0.0,0.0,0
1790971080.07,748600.1,9.0,77.9,5.5,-0.0,175.0,0.0,74.2,-598435.3,0.99,0.0,0.0,0
1790971080.58,748600.1,9.5,77.9,5.5,-0.0,175.0,0.0,74.2,-598435.3,0.99,0.0,0.0,0
1790971081.08,748600.1,10.0,77.9,5.5,-0.0,175.0,0.0,74.2,-598435.3,0.99,0.0,0.0,0
1790971081.58,748600.2,10.6,77.9,5.5,-0.0,175.0,0.0,74.2,-598435.3,0.99,0.0,0.0,0
1790971082.08,748600.2,11.1,77.9,5.5,-0.0,175.0,0.0,74.2,-598435.3,0.99,0.0,0.0,0
1790971082.59,748600.2,11.6,77.9,5.5,-0.0,175.0,0.0,74.2,-598435.3,0.99,0.0,0.0,0
1790971083.09,748600.2,12.1,77.9,5.5,-0.0,175.0,0.0,74.2,-598435.3,0.99,0.0,0.0,0
1790971083.59,748600.2,12.6,77.9,5.5,-0.0,175.0,0.0,74.2,-598435.3,0.99,0.0,0.0,0
1790971084.1,748600.2,13.1,77.9,5.5,-0.0,175.0,0.0,74.2,-598435.3,0.99,0.0,0.0,0
1790971084.6,748600.3,13.6,77.9,5.5,-0.0,175.0,0.0,74.2,-598435.3,0.99,0.0,0.0,0
1790971085.1,748600.3,14.1,77.9,5.5,-0.0,175.0,0.0,74.2,-598435.3,0.99,0.0,0.0,0
1790971085.61,748600.3,14.6,77.9,5.5,-0.0,175.0,0.0,74.2,-598435.3,0.99,0.0,0.0,0
1790971086.11,748600.3,15.1,77.9,5.5,-0.0,175.0,0.0,74.2,-598435.3,0.99,0.0,0.0,0
1790971086.61,748600.4,15.6,77.9,5.5,-0.0,175.0,0.0,74.2,-598435.3,0.99,0.0,0.0,0
1790971087.11,748600.4,16.1,77.9,5.5,-0.0,175.0,0.0,74.2,-598435.3,0.99,0.0,0.0,0
1790971087.61,748600.4,16.6,77.9,5.5,-0.0,175.0,0.0,74.2,-598435.3,0.99,0.0,0.0,0
1790971088.12,748600.4,17.1,77.9,5.5,-0.0,175.0,0.0,74.2,-598435.3,0.99,0.0,0.0,0
1790971088.62,748600.4,17.6,77.9,5.5,-0.0,175.0,0.0,74.2,-598435.3,0.99,0.0,0.0,0
1790971089.12,748600.4,18.1,77.9,5.5,-0.0,175.0,0.0,74.2,-598435.3,0.99,0.0,0.0,0
1790971089.62,748600.5,18.6,77.9,5.5,-0.0,175.0,0.0,74.2,-598435.3,0.99,0.0,0.0,0
1790971090.12,748600.5,19.1,77.9,5.5,-0.0,175.0,0.0,74.2,-598435.3,0.99,0.0,0.0,0
1790971090.62,748600.5,19.6,77.9,5.5,-0.0,175.0,0.0,74.2,-598435.3,0.99,0.0,0.0,0
1790971091.13,748600.5,20.1,77.9,5.5,-0.0,175.0,0.0,74.2,-598435.3,0.99,0.0,0.0,0
1790971091.63,748600.6,20.6,77.9,5.5,-0.0,175.0,0.0,74.2,-598435.3,0.99,0.0,0.0,0
1790971092.13,748600.6,21.1,77.9,5.5,-0.0,175.0,0.0,74.2,-598435.3,0.99,0.0,0.0,0
1790971092.64,748600.6,21.6,77.9,5.5,-0.0,175.0,0.0,74.2,-598435.3,0.99,0.0,0.0,0
1790971093.14,748600.6,22.1,77.9,5.5,-0.0,175.0,0.0,74.2,-598435.3,0.99,0.0,0.0,0
1790971093.64,748600.6,22.6,77.9,5.5,-0.0,175.0,0.0,74.2,-598435.3,0.99,0.0,0.0,0
1790971094.14,748600.6,23.1,77.9,5.5,-0.0,175.0,0.0,74.2,-598435.3,0.99,0.0,0.0,0
1790971094.64,748600.7,23.6,77.9,5.5,-0.0,175.0,0.0,74.2,-598435.3,0.99,0.0,0.0,0
1790971095.14,748600.7,24.1,77.9,5.5,-0.0,175.0,0.0,74.2,-598435.3,0.99,0.0,0.0,0
1790971095.64,748600.7,24.6,77.9,5.5,-0.0,175.0,0.0,74.2,-598435.3,0.99,0.0,0.0,0
1790971096.15,748600.7,25.1,77.9,5.5,-0.0,175.0,0.0,74.2,-598435.3,0.99,0.0,0.0,0
1790971096.65,748600.8,25.6,77.9,5.5,-0.0,175.0,0.0,74.2,-598435.3,0.99,0.0,0.0,0
1790971097.16,748600.8,26.1,77.9,5.5,-0.0,175.0,0.0,74.2,-598435.3,0.99,0.0,0.0,0
1790971097.66,748600.8,26.6,77.9,5.5,-0.0,175.0,0.0,74.2,-598435.3,0.99,0.0,0.0,0
1790971098.16,748600.8,27.1,77.9,5.5,-0.0,175.0,0.0,74.2,-598435.3,0.99,0.0,0.0,0
1790971098.66,748600.8,27.6,77.9,5.5,-0.0,175.0,0.0,74.2,-598435.3,0.99,0.0,0.0,0
1790971099.16,748600.8,28.1,77.9,5.5,-0.0,175.0,0.0,74.2,-598435.3,0.99,0.0,0.0,0
1790971099.66,748600.9,28.6,77.9,5.5,-0.0,175.0,0.0,74.2,-598435.3,0.99,0.0,0.0,0
1790971100.17,748600.9,29.1,77.9,5.5,-0.0,175.0,0.0,74.2,-598435.3,0.99,0.0,0.0,0
1790971100.67,748600.9,29.6,77.9,5.5,-0.0,175.0,0.0,74.2,-598435.3,0.99,0.0,0.0,0
1790971101.17,748600.9,30.1,77.9,5.5,-0.0,175.0,0.0,74.2,-598435.3,0.99,0.0,0.0,0
1790971101.67,748600.9,30.6,77.9,5.5,-0.0,175.0,0.0,74.2,-598435.3,0.99,0.0,0.0,0
1790971102.17,748601.0,31.1,77.9,5.5,-0.0,175.0,0.0,74.2,-598435.3,0.99,0.0,0.0,0
1790971102.68,748601.0,31.6,77.9,5.5,-0.0,175.0,0.0,74.2,-598435.3,0.99,0.0,0.0,0
1790971103.18,748601.0,32.1,77.9,5.5,-0.0,175.0,0.0,74.2,-598435.3,0.99,0.0,0.0,0
1790971103.68,748601.0,32.6,77.9,5.5,-0.0,175.0,0.0,74.2,-598435.3,0.99,0.0,0.0,0
1790971104.18,748601.0,33.1,77.9,5.5,-0.0,175.0,0.0,74.2,-598435.3,0.99,0.0,0.0,0
1790971104.68,748601.0,33.7,77.9,5.5,-0.0,175.0,0.0,74.2,-598435.3,0.99,0.0,0.0,0
1790971105.19,748601.1,34.2,77.9,5.5,-0.0,175.0,0.0,74.2,-598435.3,0.99,0.0,0.0,0
1790971105.69,748601.1,34.7,77.9,5.5,-0.0,175.0,0.0,74.2,-598435.3,0.99,0.0,0.0,0
1790971106.19,748601.1,35.2,77.9,5.5,-0.0,175.0,0.0,74.2,-598435.3,0.99,0.0,0.0,0
1790971106.69,748601.1,35.7,77.9,5.5,-0.0,175.0,0.0,74.2,-598435.3,0.99,0.0,0.0,0
1790971107.2,748601.2,36.2,77.9,5.5,-0.0,175.0,0.0,74.2,-598435.3,0.99,0.0,0.0,0
1790971107.7,748601.2,36.7,77.9,5.5,-0.0,175.0,0.0,74.2,-598435.3,0.99,0.0,0.0,0
1790971108.2,748601.2,37.2,77.9,5.5,-0.0,175.0,0.0,74.2,-598435.3,0.99,0.0,0.0,0
1790971108.7,748601.2,37.7,77.9,5.5,-0.0,175.0,0.0,74.2,-598435.3,0.99,0.0,0.0,0
1790971109.2,748601.2,38.2,77.9,5.5,-0.0,175.0,0.0,74.2,-598435.3,0.99,0.0,0.0,0
1790971109.7,748601.2,38.7,77.9,5.5,-0.0,175.0,0.0,74.2,-598435.3,0.99,0.0,0.0,0
1790971110.2,748601.3,39.2,77.9,5.5,-0.0,175.0,0.0,74.2,-598435.3,0.99,0.0,0.0,0
1790971110.7,748601.3,39.7,77.9,5.5,-0.0,175.0,0.0,74.2,-598435.3,0.99,0.0,0.0,0
1790971111.21,748601.3,40.2,77.9,5.5,-0.0,175.0,0.0,74.2,-598435.3,0.99,0.0,0.0,0
1790971111.71,748601.3,40.7,77.9,5.5,-0.0,175.0,0.0,74.2,-598435.3,0.99,0.0,0.0,0
1790971112.21,748601.4,41.2,77.9,5.5,-0.0,175.0,0.0,74.2,-598435.3,0.99,0.0,0.0,0
1790971112.71,748601.4,41.7,77.9,5.5,-0.0,175.0,0.0,74.2,-598435.3,0.99,0.0,0.0,0
1790971113.21,748601.4,42.2,77.9,5.5,-0.0,175.0,0.0,74.2,-598435.3,0.99,0.0,0.0,0
1790971113.71,748601.4,42.7,77.9,5.5,-0.0,175.0,0.0,74.2,-598435.3,0.99,0.0,0.0,0
1790971114.22,748601.4,43.2,77.9,5.5,-0.0,175.0,0.0,74.2,-598435.3,0.99,0.0,0.0,0
1790971114.72,748601.4,43.7,77.9,5.5,-0.0,175.0,0.0,74.2,-598435.3,0.99,0.0,0.0,0
1790971115.22,748601.5,44.2,77.9,5.5,-0.0,175.0,0.0,74.2,-598435.3,0.99,0.0,0.0,0
1790971115.72,748601.5,44.7,77.9,5.5,-0.0,175.0,0.0,74.2,-598435.3,0.99,0.0,0.0,0
1790971116.23,748601.5,45.2,77.9,5.5,-0.0,175.0,0.0,74.2,-598435.3,0.99,0.0,0.0,0
1790971116.73,748601.5,45.7,77.9,5.5,-0.0,175.0,0.0,74.2,-598435.3,0.99,0.0,0.0,0
1790971117.23,748601.6,46.2,77.9,5.5,-0.0,175.0,0.0,74.2,-598435.3,0.99,0.0,0.0,0
1790971117.73,748601.6,46.7,77.9,5.5,-0.0,175.0,0.0,74.2,-598435.3,0.99,0.0,0.0,0
1790971118.23,748601.6,47.2,77.9,5.5,-0.0,175.0,0.0,74.2,-598435.3,0.99,0.0,0.0,0
1790971118.73,748601.6,47.7,77.9,5.5,-0.0,175.0,0.0,74.2,-598435.3,0.99,0.0,0.0,0
1790971119.23,748601.6,48.2,77.9,5.5,-0.0,175.0,0.0,74.2,-598435.3,0.99,0.0,0.0,0
1790971119.74,748601.6,48.7,77.9,5.5,-0.0,175.0,0.0,74.2,-598435.3,0.99,0.0,0.0,0
1790971120.24,748601.7,49.2,77.9,5.5,-0.0,175.0,0.0,74.2,-598435.3,0.99,0.0,0.0,0
1790971120.74,748601.7,49.7,77.9,5.5,-0.0,175.0,0.0,74.2,-598435.3,0.99,0.0,0.0,0
1790971121.24,748601.7,50.2,77.9,5.5,-0.0,175.0,0.0,74.2,-598435.3,0.99,0.0,0.0,0
1790971121.74,748601.7,50.7,77.9,5.5,-0.0,175.0,0.0,74.2,-598435.3,0.99,0.0,0.0,0
1790971122.24,748601.8,51.2,77.9,5.5,-0.0,175.0,0.0,74.2,-598435.3,0.99,0.0,0.0,0
1790971122.74,748601.8,51.7,77.9,5.5,-0.0,175.0,0.0,74.2,-598435.3,0.99,0.0,0.0,0
1790971123.24,748601.8,52.2,77.9,5.5,-0.0,175.0,0.0,74.2,-598435.3,0.99,0.0,0.0,0
1790971123.75,748601.8,52.7,77.9,5.5,-0.0,175.0,0.0,74.2,-598435.3,0.99,0.0,0.0,0
1790971124.25,748601.8,53.2,77.9,5.5,-0.0,175.0,0.0,74.2,-598435.3,0.99,0.0,0.0,0
1790971124.75,748601.8,53.7,77.9,5.5,-0.0,175.0,0.0,74.2,-598435.3,0.99,0.0,0.0,0
1790971125.25,748601.9,54.2,77.9,5.5,-0.0,175.0,0.0,74.2,-598435.3,0.99,0.0,0.0,0
1790971125.75,748601.9,54.7,77.9,5.5,-0.0,175.0,0.0,74.2,-598435.3,0.99,0.0,0.0,0
1790971126.25,748601.9,55.2,77.9,5.5,-0.0,175.0,0.0,74.2,-598435.3,0.99,0.0,0.0,0
1790971126.75,748601.9,55.7,77.9,5.5,-0.0,175.0,0.0,74.2,-598435.3,0.99,0.0,0.0,0
1790971127.26,748602.0,56.2,77.9,5.5,-0.0,175.0,0.0,74.2,-598435.3,0.99,0.0,0.0,0
1790971127.76,748602.0,56.7,77.9,5.5,-0.0,175.0,0.0,74.2,-598435.3,0.99,0.0,0.0,0
1790971128.26,748602.0,57.2,77.9,5.5,-0.0,175.0,0.0,74.2,-598435.3,0.99,0.0,0.0,0
1790971128.76,748602.0,57.7,77.9,5.5,-0.0,175.0,0.0,74.2,-598435.3,0.99,0.0,0.0,0
1790971129.26,748602.0,58.2,77.9,5.5,-0.0,175.0,0.0,74.2,-598435.3,0.99,0.0,0.0,0
1790971129.76,748602.0,58.7,77.9,5.5,-0.0,175.0,0.0,74.2,-598435.3,0.99,0.0,0.0,0
1790971130.26,748602.1,59.2,77.9,5.5,-0.0,175.0,0.0,74.2,-598435.3,0.99,0.0,0.0,0
1790971130.77,748602.1,59.7,77.9,5.5,-0.0,175.0,0.0,74.2,-598435.3,0.99,0.0,0.0,0
1790971131.27,748602.1,60.2,77.9,5.5,-0.0,175.0,0.0,74.2,-598435.3,0.99,0.0,0.0,0
1790971131.77,748602.1,60.7,77.9,5.5,-0.0,175.0,0.0,74.2,-598435.3,0.99,0.0,0.0,0
1790971132.27,748602.2,61.2,77.9,5.5,-0.0,175.0,0.0,74.2,-598435.3,0.99,0.0,0.0,0
1790971132.77,748602.2,61.7,77.9,5.5,-0.0,175.0,0.0,74.2,-598435.3,0.99,0.0,0.0,0
1790971133.27,748602.2,62.2,77.9,5.5,-0.0,175.0,0.0,74.2,-598435.3,0.99,0.0,0.0,0
1790971133.78,748602.2,62.7,77.9,5.5,-0.0,175.0,0.0,74.2,-598435.3,0.99,0.0,0.0,0
1790971134.28,748602.2,63.2,77.9,5.5,-0.0,175.0,0.0,74.2,-598435.3,0.99,0.0,0.0,0
1790971134.78,748602.2,63.7,77.9,5.5,-0.0,175.0,0.0,74.2,-598435.3,0.99,0.0,0.0,0
1790971135.28,748602.3,64.2,77.9,5.5,-0.0,175.0,0.0,74.2,-598435.3,0.99,0.0,0.0,0
1790971135.78,748602.3,64.7,77.9,5.5,-0.0,175.0,0.0,74.2,-598435.3,0.99,0.0,0.0,0
1790971136.28,748602.3,65.3,77.9,5.5,-0.0,175.0,0.0,74.2,-598435.3,0.99,0.0,0.0,0
1790971136.78,748602.3,65.8,77.9,5.5,-0.0,175.0,0.0,74.2,-598435.3,0.99,0.0,0.0,0
1790971137.28,748602.4,66.3,77.9,5.5,-0.0,175.0,0.0,74.2,-598435.3,0.99,0.0,0.0,0
1790971137.79,748602.4,66.8,77.9,5.5,-0.0,175.0,0.0,74.2,-598435.3,0.99,0.0,0.0,0
1790971138.29,748602.4,67.3,77.9,5.5,-0.0,175.0,0.0,74.2,-598435.3,0.99,0.0,0.0,0
1790971138.79,748602.4,67.8,77.9,5.5,-0.0,175.0,0.0,74.2,-598435.3,0.99,0.0,0.0,0
1790971139.29,748602.4,68.3,77.9,5.5,-0.0,175.0,0.0,74.2,-598435.3,0.99,0.0,0.0,0
1790971139.79,748602.4,68.8,77.9,5.5,-0.0,175.0,0.0,74.2,-598435.3,0.99,0.0,0.0,0
1790971140.29,748602.5,69.3,77.9,5.5,-0.0,175.0,0.0,74.2,-598435.3,0.99,0.0,0.0,0
1790971140.79,748602.5,69.8,77.9,5.5,-0.0,175.0,0.0,74.2,-598435.3,0.99,0.0,0.0,0
1790971141.3,748602.5,70.3,77.9,5.5,-0.0,175.0,0.0,74.2,-598435.3,0.99,0.0,0.0,0
1790971141.8,748602.5,70.8,77.9,5.5,-0.0,175.0,0.0,74.2,-598435.3,0.99,0.0,0.0,0
1790971142.3,748602.6,71.3,77.9,5.5,-0.0,175.0,0.0,74.2,-598435.3,0.99,0.0,0.0,0
1790971142.8,748602.6,71.8,77.9,5.5,-0.0,175.0,0.0,74.2,-598435.3,0.99,0.0,0.0,0
1790971143.3,748602.6,72.3,77.9,5.5,-0.0,175.0,0.0,74.2,-598435.3,0.99,0.0,0.0,0
1790971143.8,748602.6,72.8,77.9,5.5,-0.0,175.0,0.0,74.2,-598435.3,0.99,0.0,0.0,0
1790971144.3,748602.6,73.3,77.9,5.5,-0.0,175.0,0.0,74.2,-598435.3,0.99,0.0,0.0,0
1790971144.81,748602.6,73.8,77.9,5.5,-0.0,175.0,0.0,74.2,-598435.3,0.99,0.0,0.0,0
1790971145.31,748602.7,74.3,77.9,5.5,-0.0,175.0,0.0,74.2,-598435.3,0.99,0.0,0.0,0
1790971145.81,748602.7,74.8,77.9,5.5,-0.0,175.0,0.0,74.2,-598435.3,0.99,0.0,0.0,0
1790971146.31,748602.7,75.3,77.9,5.5,-0.0,175.0,0.0,74.2,-598435.3,0.99,0.0,0.0,0
1790971146.81,748602.7,75.8,77.9,5.5,-0.0,175.0,0.0,74.2,-598435.3,0.99,0.0,0.0,0
1790971147.31,748602.8,76.3,77.9,5.5,-0.0,175.0,0.0,74.2,-598435.3,0.99,0.0,0.0,0
1790971147.81,748602.8,76.8,77.9,5.5,-0.0,175.0,0.0,74.2,-598435.3,0.99,0.0,0.0,0
1790971148.32,748602.8,77.3,77.9,5.5,-0.0,175.0,0.0,74.2,-598435.3,0.99,0.0,0.0,0
1790971148.82,748602.8,77.8,77.9,5.5,-0.0,175.0,0.0,74.2,-598435.3,0.99,0.0,0.0,0
1790971149.32,748602.8,78.3,77.9,5.5,-0.0,175.0,0.0,74.2,-598435.3,0.99,0.0,0.0,0
1790971149.82,748602.8,78.8,77.9,5.5,-0.0,175.0,0.0,74.2,-598435.3,0.99,0.0,0.0,0
1790971150.32,748602.9,79.3,77.9,5.5,-0.0,175.0,0.0,74.2,-598435.3,0.99,0.0,0.0,0
1790971150.82,748602.9,79.8,77.9,5.5,-0.0,175.0,0.0,74.2,-598435.3,0.99,0.0,0.0,0
1790971151.32,748602.9,80.3,77.9,5.5,-0.0,175.0,0.0,74.2,-598435.3,0.99,0.0,0.0,0
1790971151.83,748602.9,80.8,77.9,5.5,-0.0,175.0,0.0,74.2,-598435.3,0.99,0.0,0.0,0
1790971152.33,748603.0,81.3,77.9,5.5,-0.0,175.0,0.0,74.2,-598435.3,0.99,0.0,0.0,0
1790971152.83,748603.0,81.8,77.9,5.5,-0.0,175.0,0.0,74.2,-598435.3,0.99,0.0,0.0,0
1790971153.33,748603.0,82.3,77.9,5.5,-0.0,175.0,0.0,74.2,-598435.3,0.99,0.0,0.0,0
1790971153.83,748603.0,82.8,77.9,5.5,-0.0,175.0,0.0,74.2,-598435.3,0.99,0.0,0.0,0
1790971154.33,748603.0,83.3,77.9,5.5,-0.0,175.0,0.0,74.2,-598435.3,0.99,0.0,0.0,0
1790971154.83,748603.0,83.8,77.9,5.5,-0.0,175.0,0.0,74.2,-598435.3,0.99,0.0,0.0,0
1790971155.33,748603.1,84.3,77.9,5.5,-0.0,175.0,0.0,74.2,-598435.3,0.99,0.0,0.0,0
1790971155.84,748603.1,84.8,77.9,5.5,-0.0,175.0,0.0,74.2,-598435.3,0.99,0.0,0.0,0
1790971156.34,748603.1,85.3,77.9,5.5,-0.0,175.0,0.0,74.2,-598435.3,0.99,0.0,0.0,0
1790971156.84,748603.1,85.8,77.9,5.5,-0.0,175.0,0.0,74.2,-598435.3,0.99,0.0,0.0,0
1790971157.34,748603.2,86.3,77.9,5.5,-0.0,175.0,0.0,74.2,-598435.3,0.99,0.0,0.0,0
1790971157.84,748603.2,86.8,77.9,5.5,-0.0,175.0,0.0,74.2,-598435.3,0.99,0.0,0.0,0
1790971158.34,748603.2,87.3,77.9,5.5,-0.0,175.0,0.0,74.2,-598435.3,0.99,0.0,0.0,0
1790971158.84,748603.2,87.8,77.9,5.5,-0.0,175.0,0.0,74.2,-598435.3,0.99,0.0,0.0,0
1790971159.35,748603.2,88.3,77.9,5.5,-0.0,175.0,0.0,74.2,-598435.3,0.99,0.0,0.0,0
1790971159.85,748603.2,88.8,77.9,5.5,-0.0,175.0,0.0,74.2,-598435.3,0.99,0.0,0.0,0
1790971160.35,748603.3,89.3,77.9,5.5,-0.0,175.0,0.0,74.2,-598435.3,0.99,0.0,0.0,0
1790971160.85,748603.3,89.8,77.9,5.5,-0.0,175.0,0.0,74.2,-598435.3,0.99,0.0,0.0,0
1790971161.35,748603.3,90.3,77.9,5.5,-0.0,175.0,0.0,74.2,-598435.3,0.99,0.0,0.0,0
1790971161.85,748603.3,90.8,77.9,5.5,-0.0,175.0,0.0,74.2,-598435.3,0.99,0.0,0.0,0
1790971162.35,748603.4,91.3,77.9,5.5,-0.0,175.0,0.0,74.2,-598435.3,0.99,0.0,0.0,0
1790971162.85,748603.4,91.8,77.9,5.5,-0.0,175.0,0.0,74.2,-598435.3,0.99,0.0,0.0,0
1790971163.35,748603.4,92.3,77.9,5.5,-0.0,175.0,0.0,74.2,-598435.3,0.99,0.0,0.0,0
1790971163.86,748603.4,92.8,77.9,5.5,-0.0,175.0,0.0,74.2,-598435.3,0.99,0.0,0.0,0
1790971164.36,748603.4,93.3,77.9,5.5,-0.0,175.0,0.0,74.2,-598435.3,0.99,0.0,0.0,0
1790971164.86,748603.4,93.8,77.9,5.5,-0.0,175.0,0.0,74.2,-598435.3,0.99,0.0,0.0,0
1790971165.36,748603.5,94.3,77.9,5.5,-0.0,175.0,0.0,74.2,-598435.3,0.99,0.0,0.0,0
1790971165.86,748603.5,94.8,77.9,5.5,-0.0,175.0,0.0,74.2,-598435.3,0.99,0.0,0.0,0
1790971166.36,748603.5,95.3,77.9,5.5,-0.0,175.0,0.0,74.2,-598435.3,0.99,0.0,0.0,0
1790971166.86,748603.5,95.8,77.9,5.5,-0.0,175.0,0.0,74.2,-598435.3,0.99,0.0,0.0,0
1790971167.36,748603.6,96.3,77.9,5.5,-0.0,175.0,0.0,74.2,-598435.3,0.99,0.0,0.0,0
1790971167.87,748603.6,96.8,77.9,5.5,-0.0,175.0,0.0,74.2,-598435.3,0.99,0.0,0.0,0
1790971168.37,748603.6,97.3,77.9,5.5,-0.0,175.0,0.0,74.2,-598435.3,0.99,0.0,0.0,0
1790971168.87,748603.6,97.8,77.9,5.5,-0.0,175.0,0.0,74.2,-598435.3,0.99,0.0,0.0,0
1790971169.37,748603.6,98.3,77.9,5.5,-0.0,175.0,0.0,74.2,-598435.3,0.99,0.0,0.0,0
1790971169.87,748603.6,98.8,77.9,5.5,-0.0,175.0,0.0,74.2,-598435.3,0.99,0.0,0.0,0
1790971170.37,748603.7,99.3,77.9,5.5,-0.0,175.0,0.0,74.2,-598435.3,0.99,0.0,0.0,0
1790971170.87,748603.7,99.8,77.9,5.5,-0.0,175.0,0.0,74.2,-598435.3,0.99,0.0,0.0,0
1790971171.37,748603.7,100.3,77.9,5.5,-0.0,175.0,0.0,74.2,-598435.3,0.99,0.0,0.0,0
1790971171.88,748603.7,100.8,77.9,5.5,-0.0,175.0,0.0,74.2,-598435.3,0.99,0.0,0.0,0
1790971172.38,748603.8,101.3,77.9,5.5,-0.0,175.0,0.0,74.2,-598435.3,0.99,0.0,0.0,0
1790971172.88,748603.8,101.8,77.9,5.5,-0.0,175.0,0.0,74.2,-598435.3,0.99,0.0,0.0,0
1790971173.38,748603.8,102.3,77.9,5.5,-0.0,175.0,0.0,74.2,-598435.3,0.99,0.0,0.0,0
1790971173.88,748603.8,102.8,77.9,5.5,-0.0,175.0,0.0,74.2,-598435.3,0.99,0.0,0.0,0
1790971174.38,748603.8,103.3,77.9,5.5,-0.0,175.0,0.0,74.2,-598435.3,0.99,0.0,0.0,0
1790971174.88,748603.8,103.9,77.9,5.5,-0.0,175.0,0.0,74.2,-598435.3,0.99,0.0,0.0,0
1790971175.38,748603.9,104.4,77.9,5.5,-0.0,175.0,0.0,74.2,-598435.3,0.99,0.0,0.0,0
1790971175.89,748603.9,104.9,77.9,5.5,-0.0,175.0,0.0,74.2,-598435.3,0.99,0.0,0.0,0
1790971176.39,748603.9,105.4,77.9,5.5,-0.0,175.0,0.0,74.2,-598435.3,0.99,0.0,0.0,0
1790971176.89,748603.9,105.9,77.9,5.5,-0.0,175.0,0.0,74.2,-598435.3,0.99,0.0,0.0,0
1790971177.39,748603.9,106.4,77.9,5.5,-0.0,175.0,0.0,74.2,-598435.3,0.99,0.0,0.0,0
1790971177.89,748604.0,106.9,77.9,5.5,-0.0,175.0,0.0,74.2,-598435.3,0.99,0.0,0.0,0
1790971178.39,748604.0,107.4,77.9,5.5,-0.0,175.0,0.0,74.2,-598435.3,0.99,0.0,0.0,0
1790971178.89,748604.0,107.9,77.9,5.5,-0.0,175.0,0.0,74.2,-598435.3,0.99,0.0,0.0,0
1790971179.4,748604.0,108.4,77.9,5.5,-0.0,175.0,0.0,74.2,-598435.3,0.99,0.0,0.0,0
1790971179.9,748604.0,108.9,77.9,5.5,-0.0,175.0,0.0,74.2,-598435.3,0.99,0.0,0.0,0
1790971180.4,748604.0,109.4,77.9,5.5,-0.0,175.0,0.0,74.2,-598435.3,0.99,0.0,0.0,0
1790971180.9,748604.1,109.9,77.9,5.5,-0.0,175.0,0.0,74.2,-598435.3,0.99,0.0,0.0,0
1790971181.4,748604.1,110.4,77.9,5.5,-0.0,175.0,0.0,74.2,-598435.3,0.99,0.0,0.0,0
1790971181.9,748604.1,110.9,77.9,5.5,-0.0,175.0,0.0,74.2,-598435.3,0.99,0.0,0.0,0
1790971182.4,748604.1,111.4,77.9,5.5,-0.0,175.0,0.0,74.2,-598435.3,0.99,0.0,0.0,0
1790971182.9,748604.2,111.9,77.9,5.5,-0.0,175.0,0.0,74.2,-598435.3,0.99,0.0,0.0,0
1790971183.41,748604.3,112.4,77.9,5.5,-0.0,175.0,0.0,74.2,-598435.3,0.99,0.0,0.0,0
1790971183.91,748604.8,112.9,77.9,5.5,-0.0,175.0,0.0,74.2,-598435.3,0.99,0.0,0.0,0
1790971184.41,748605.3,113.4,77.9,5.5,-0.0,175.0,0.0,74.2,-598435.3,0.99,0.0,0.0,0
1790971184.91,748605.8,113.9,77.9,5.5,-0.0,175.0,0.0,74.2,-598435.3,0.99,0.0,1.0,0
1790971185.41,748606.3,114.4,77.9,5.5,0.0,175.0,0.0,74.2,-598435.3,0.99,0.0,1.0,0
1790971185.91,748606.8,114.9,77.9,5.5,0.0,175.0,0.0,74.2,-598435.3,0.99,0.0,1.0,0
1790971186.41,748607.3,115.4,77.9,5.5,0.0,175.0,0.0,74.2,-598435.3,0.99,0.0,1.0,0
1790971186.91,748607.8,115.9,77.9,5.5,0.0,175.0,0.0,74.2,-598435.3,0.99,0.0,1.0,0
1790971187.42,748608.3,116.4,77.9,5.5,0.0,175.0,0.0,74.2,-598435.3,0.99,0.0,1.0,0
1790971187.92,748608.8,116.9,77.9,5.5,0.2,175.0,0.2,74.2,-598435.3,1.04,0.02,1.0,0
1790971188.42,748609.3,117.4,79.2,6.7,4.7,175.0,4.7,76.6,-598435.4,1.92,12.56,1.0,0
1790971188.92,748609.8,117.9,82.7,10.3,9.3,175.2,9.3,83.4,-598435.6,1.93,48.94,1.0,0
1790971189.42,748610.3,118.4,88.5,16.1,13.9,175.5,13.9,94.7,-598435.9,1.94,109.83,1.0,0
1790971189.92,748610.8,118.9,96.6,24.2,18.5,175.9,18.5,110.5,-598436.1,1.94,195.75,1.0,0
1790971190.42,748611.3,119.4,107.1,34.7,23.2,176.4,23.2,131.0,-598436.5,1.95,307.07,1.0,0
1790971190.93,748611.8,119.9,119.9,47.5,27.9,177.1,27.9,156.2,-598436.9,1.96,444.0,1.0,0
1790971191.43,748612.3,120.4,135.8,63.4,32.9,177.9,32.9,187.5,-598437.4,1.96,613.77,1.0,0
1790971191.93,748612.8,120.9,153.5,81.1,37.6,178.8,37.6,222.4,-598437.9,1.97,803.19,1.0,0
1790971192.43,748613.3,121.4,173.5,101.1,42.4,179.8,42.4,262.1,-598438.3,1.97,1018.09,1.0,0
1790971192.93,748613.8,121.9,196.0,123.6,47.2,181.0,47.2,306.7,-598438.2,1.97,1258.09,1.0,0
1790971193.43,748614.3,122.4,220.9,148.4,52.0,182.4,52.0,356.0,-598437.4,1.97,1522.64,1.0,0
1790971193.93,748614.8,122.9,248.1,175.7,56.8,183.9,56.8,410.1,-598436.2,1.97,1810.99,1.0,0
1790971194.44,748615.3,123.4,277.8,205.4,61.6,185.4,61.6,469.0,-598435.5,1.97,2122.29,1.0,0
1790971194.94,748615.8,123.9,309.8,237.4,66.4,187.0,66.4,532.6,-598437.6,1.97,2455.41,1.0,0
1790971195.44,748616.3,124.4,341.5,269.0,70.8,188.3,70.8,595.1,-598443.4,1.97,2780.07,1.0,0
1790971195.94,748616.7,124.9,376.6,304.2,75.4,189.6,75.4,664.5,-598450.6,1.96,3136.05,1.0,0
1790971196.44,748617.2,125.4,415.5,343.1,80.1,191.5,80.1,741.0,-598451.8,1.96,3523.5,1.0,0
1790971196.94,748617.8,125.9,456.8,384.4,84.8,194.0,84.8,821.9,-598441.6,1.95,3925.16,1.0,0
1790971197.44,748618.3,126.4,500.3,427.9,89.4,196.6,89.4,906.9,-598431.1,1.94,4341.36,1.0,0
1790971197.95,748618.8,126.9,546.2,473.8,93.9,198.4,94.0,995.9,-598436.5,1.94,4771.46,1.0,0
1790971198.45,748619.3,127.4,596.3,523.9,98.7,200.0,98.7,1093.1,-598450.6,1.93,5235.1,1.0,0
1790971198.95,748619.8,127.9,646.9,574.5,103.2,202.3,103.3,1191.0,-598451.1,1.92,5693.54,1.0,0
1790971199.45,748620.3,128.4,699.7,627.3,107.8,204.9,107.8,1293.2,-598445.5,1.92,6164.97,1.0,0
1790971199.95,748620.8,128.9,754.7,682.3,112.3,207.1,112.3,1399.6,-598448.0,1.92,6649.03,1.0,0
1790971200.45,748621.3,129.4,812.1,739.7,116.8,209.6,116.8,1510.1,-598448.6,1.91,7141.89,1.0,0
1790971200.95,748621.8,129.9,871.6,799.2,121.3,212.2,121.3,1624.5,-598445.8,1.9,7640.94,1.0,0
1790971201.45,748622.3,130.4,933.4,861.0,125.7,214.6,125.7,1742.8,-598448.3,1.9,8148.15,1.0,0
1790971201.96,748622.8,130.9,997.4,925.0,130.1,217.2,130.1,1865.1,-598448.7,1.89,8661.35,1.0,0
1790971202.46,748623.3,131.4,1063.6,991.2,134.5,219.8,134.5,1991.1,-598448.7,1.88,9178.85,1.0,0
1790971202.96,748623.8,131.9,1132.0,1059.6,138.8,222.4,138.9,2121.0,-598450.4,1.88,9701.15,1.0,0
1790971203.46,748624.3,132.4,1202.5,1130.2,143.1,225.2,143.2,2254.7,-598450.1,1.87,10221.73,1.0,0
1790971203.96,748624.8,132.9,1275.2,1203.6,147.4,227.9,147.5,2392.1,-598450.9,1.87,10748.48,1.0,0
1790971204.46,748625.3,133.4,1353.1,1282.1,151.9,230.8,151.9,2539.0,-598450.9,1.86,11301.17,1.0,0
1790971204.96,748625.8,133.9,1430.1,1359.3,156.1,233.5,156.2,2683.9,-598451.2,1.86,11829.33,1.0,0
1790971205.46,748626.3,134.4,1509.3,1440.0,160.4,236.4,160.4,2832.6,-598451.4,1.85,12357.09,1.0,0
1790971205.97,748626.8,134.9,1590.5,1522.9,164.6,239.2,164.6,2984.8,-598451.4,1.85,12883.42,1.0,0
1790971206.47,748627.3,135.4,1673.9,1606.3,168.7,242.1,168.8,3140.8,-598451.7,1.84,13408.03,1.0,0
1790971206.97,748627.8,135.9,1759.3,1691.8,172.9,245.0,173.0,3300.3,-598451.6,1.84,13929.64,1.0,0
1790971207.47,748628.3,136.4,1846.9,1779.3,177.0,247.9,177.1,3463.4,-598451.7,1.83,14447.99,1.0,0
1790971207.97,748628.8,136.9,1936.5,1868.9,181.2,250.9,181.2,3630.1,-598451.6,1.83,14961.98,1.0,0
1790971208.47,748629.3,137.4,2028.1,1960.5,185.3,253.8,185.4,3800.4,-598451.6,1.83,15471.23,1.0,0
1790971208.97,748629.8,137.9,2121.8,2054.2,189.4,256.8,189.5,3974.2,-598451.3,1.82,15974.8,1.0,0
1790971209.47,748630.3,138.4,2217.6,2150.0,193.4,259.8,193.5,4151.6,-598451.1,1.82,16472.3,1.0,0
1790971209.98,748630.8,138.9,2315.4,2247.7,197.5,262.9,197.6,4332.6,-598450.7,1.82,16962.92,1.0,0
1790971210.48,748631.3,139.4,2415.2,2347.6,201.6,265.9,201.7,4517.0,-598450.3,1.81,17446.2,1.0,0
1790971210.98,748631.8,139.9,2521.1,2453.5,205.8,269.1,205.9,4712.6,-598449.8,1.81,17940.43,1.0,0
1790971211.48,748632.3,140.4,2625.0,2557.4,209.8,272.2,209.9,4904.4,-598449.2,1.81,18407.04,1.0,0
1790971211.98,748632.8,140.9,2731.0,2663.3,213.8,275.3,213.9,5099.6,-598448.6,1.8,18864.73,1.0,0
1790971212.48,748633.3,141.4,2838.9,2771.3,217.8,278.4,217.9,5298.5,-598447.9,1.8,19313.08,1.0,0
1790971212.98,748633.8,142.0,2948.8,2881.2,221.8,281.6,221.9,5500.9,-598447.1,1.8,19751.6,1.0,0
1790971213.48,748634.3,142.5,3060.8,2993.2,225.8,284.7,225.9,5706.9,-598446.2,1.8,20179.95,1.0,0
1790971213.99,748634.8,143.0,3174.7,3107.1,229.8,287.9,229.9,5916.6,-598445.2,1.8,20597.77,1.0,0
1790971214.49,748635.3,143.5,3290.6,3223.0,233.7,291.1,233.9,6129.9,-598444.2,1.8,21004.68,1.0,0
1790971214.99,748635.8,144.0,3408.5,3340.9,237.7,294.3,237.9,6346.9,-598443.0,1.8,21400.4,1.0,0
1790971215.49,748636.3,144.5,3523.5,3455.9,241.5,297.4,241.7,6558.8,-598441.9,1.79,21769.53,1.0,0
1790971215.99,748636.8,145.0,3645.3,3577.7,245.5,300.7,245.7,6783.1,-598440.6,1.79,22128.51,1.0,0
1790971216.49,748637.3,145.5,3774.1,3706.5,249.6,304.1,249.8,7020.5,-598439.1,1.79,22517.71,1.0,0
1790971216.99,748637.8,146.0,3899.9,3832.3,253.6,307.4,253.8,7252.6,-598437.6,1.79,22865.98,1.0,0
1790971217.49,748638.3,146.5,4027.8,3960.2,257.6,310.7,257.8,7488.7,-598436.1,1.79,23201.77,1.0,0
1790971218.0,748638.8,147.0,4157.6,4090.0,261.6,314.0,261.8,7728.8,-598434.5,1.8,23524.77,1.0,0
1790971218.5,748639.3,147.5,4289.4,4221.8,265.5,317.4,265.8,7972.8,-598432.8,1.8,23834.73,1.0,0
1790971219.0,748639.8,148.0,4423.2,4355.6,269.5,320.8,269.8,8220.8,-598431.0,1.8,24131.28,1.0,0
1790971219.5,748640.3,148.5,4559.0,4491.4,273.5,324.2,273.8,8473.0,-598429.2,1.8,24414.02,1.0,0
1790971220.0,748640.8,149.0,4696.8,4629.2,277.6,327.6,277.8,8729.2,-598427.3,1.8,24682.86,1.0,0
1790971220.5,748641.3,149.5,4836.6,4769.1,281.5,331.0,281.8,8988.2,-598425.3,1.79,24928.63,1.0,0
1790971221.0,748641.8,150.0,4972.7,4905.1,285.2,334.2,285.4,9235.1,-598423.3,1.75,25118.94,1.0,0
1790971221.5,748642.3,150.5,5110.4,5042.9,288.5,337.1,288.8,9476.1,-598421.4,1.68,25242.04,1.0,0
1790971222.01,748642.8,151.0,5255.5,5187.9,291.6,339.7,291.8,9716.9,-598419.3,1.59,25281.91,1.0,0
1790971222.51,748643.3,151.5,5407.9,5341.3,294.2,342.0,294.5,9953.8,-598417.0,1.49,25221.02,1.0,0
1790971223.01,748643.8,152.0,5555.5,5489.9,296.3,343.9,296.6,10168.6,-598414.7,1.39,25070.91,1.0,0
1790971223.51,748644.3,152.5,5704.1,5639.3,297.9,345.3,298.2,10371.3,-598412.4,1.3,24842.75,1.0,0
1790971224.01,748644.8,153.0,5853.4,5788.7,299.2,346.5,299.5,10563.8,-598410.1,1.23,24551.19,1.0,0
1790971224.51,748645.3,153.5,6003.3,5938.5,300.2,347.4,300.5,10747.8,-598408.1,1.17,24210.97,1.0,0
1790971225.01,748645.8,154.0,6153.6,6088.9,301.0,348.1,301.3,10925.1,-598406.2,1.13,23834.83,1.0,0
1790971225.52,748646.3,154.5,6304.3,6239.5,301.6,348.6,301.9,11097.2,-598404.4,1.09,23432.83,1.0,0
1790971226.02,748646.8,155.0,6455.2,6390.4,302.0,349.0,302.3,11265.3,-598402.7,1.07,23013.65,1.0,0
1790971226.52,748647.3,155.5,6606.3,6541.6,302.4,349.4,302.7,11430.5,-598401.3,1.05,22584.03,1.0,0
1790971227.02,748647.7,156.0,6745.6,6680.8,303.3,350.1,303.6,11601.0,-598400.6,1.19,22273.83,1.0,0
1790971227.52,748648.2,156.5,6897.7,6833.0,305.2,351.9,305.4,11816.6,-598395.9,1.34,22067.39,1.0,0
1790971228.02,748648.7,157.0,7050.4,6985.6,304.8,353.0,305.1,11960.9,-598340.7,1.1,21535.63,1.0,0
1790971228.52,748649.2,157.5,7197.5,7132.8,283.2,347.3,284.5,11441.9,-597884.5,6.82,18335.26,1.0,0
1790971229.02,748649.7,158.0,7325.8,7261.0,241.8,316.6,243.5,10416.4,-597809.7,7.23,13180.47,1.0,0
1790971229.53,748650.3,158.5,7441.0,7376.3,215.8,279.6,215.8,9894.7,-598345.1,7.27,10185.85,1.0,0
1790971230.03,748650.8,159.0,7542.6,7477.8,196.7,247.5,198.5,9579.1,-598818.9,6.52,8483.01,1.0,0
1790971230.53,748651.3,159.5,7635.3,7570.5,167.0,225.4,169.0,9103.9,-598799.3,4.66,6064.25,1.0,0
1790971231.03,748651.7,160.0,7711.8,7647.1,155.9,225.7,156.6,8990.4,-598603.0,3.43,5150.3,1.0,0
1790971231.53,748652.2,160.5,7787.0,7722.2,142.1,208.8,144.1,8848.7,-598772.6,4.48,4314.71,1.0,0
1790971232.03,748652.7,161.0,7852.7,7787.9,122.9,191.3,127.9,8646.4,-598873.6,4.5,3362.38,1.0,0
1790971232.53,748653.2,161.5,7913.4,7848.6,117.8,196.4,119.6,8643.2,-598706.2,4.29,2916.27,1.0,0
1790971233.03,748653.7,162.0,7970.5,7905.7,112.6,188.5,115.7,8636.3,-598802.0,1.91,2706.28,1.0,0
1790971233.54,748654.2,162.5,8025.8,7961.0,108.9,188.4,112.0,8649.4,-598760.0,3.42,2516.35,1.0,0
1790971234.04,748654.7,163.0,8080.7,8015.9,110.3,190.6,112.7,8720.6,-598732.2,1.83,2525.33,1.0,0
1790971234.54,748655.2,163.5,8135.5,8070.7,109.5,184.0,113.4,8765.4,-598853.5,2.03,2534.91,1.0,0
1790971235.04,748655.7,164.0,8190.7,8125.9,111.1,185.6,115.0,8839.1,-598840.1,1.97,2584.75,1.0,0
1790971235.54,748656.2,164.5,8247.0,8182.2,114.1,188.5,117.6,8931.3,-598818.8,1.62,2679.82,1.0,0
1790971236.04,748656.7,165.0,8304.3,8239.6,115.2,184.7,119.9,9002.4,-598905.9,1.76,2765.27,1.0,0
1790971236.54,748657.2,165.5,8362.6,8297.8,117.8,185.2,123.0,9092.8,-598928.8,1.67,2883.07,1.0,0
1790971237.04,748657.7,166.0,8422.4,8357.6,121.1,187.4,126.2,9193.8,-598925.5,1.64,3004.05,1.0,0
1790971237.55,748658.2,166.5,8483.5,8418.7,123.3,185.6,129.4,9282.8,-598988.4,1.67,3130.12,1.0,0
1790971238.05,748658.7,167.0,8548.3,8483.6,126.2,185.8,133.0,9385.8,-599023.8,1.65,3276.1,1.0,0
1790971238.55,748659.2,167.5,8612.3,8547.5,129.4,187.2,136.5,9493.6,-599039.2,1.65,3415.43,1.0,0
1790971239.05,748659.7,168.0,8677.6,8612.9,131.9,186.3,140.0,9593.5,-599090.2,1.66,3558.45,1.0,0
1790971239.55,748660.2,168.5,8744.3,8679.5,134.7,186.5,143.6,9699.8,-599126.1,1.65,3706.65,1.0,0
1790971240.05,748660.7,169.0,8812.4,8747.7,137.8,187.4,147.2,9812.4,-599152.9,1.65,3855.34,1.0,0
1790971240.55,748661.2,169.5,8882.0,8817.2,140.4,187.0,150.9,9920.1,-599197.6,1.65,3996.42,1.0,0
1790971241.05,748661.7,170.0,8952.9,8888.1,143.2,187.3,154.6,10032.7,-599233.7,1.65,4138.49,1.0,0
1790971241.56,748662.2,170.5,9025.2,8960.5,146.0,187.8,158.3,10149.2,-599266.6,1.65,4280.1,1.0,0
1790971242.06,748662.7,171.0,9098.9,9034.1,148.6,187.7,162.1,10262.9,-599307.9,1.65,4421.49,1.0,0
1790971242.56,748663.2,171.5,9173.9,9109.1,151.3,188.1,165.8,10380.7,-599343.7,1.65,4563.2,1.0,0
1790971243.06,748663.8,172.0,9250.3,9184.7,154.0,188.4,169.6,10500.5,-599379.1,1.65,4701.35,1.0,0
1790971243.56,748664.3,172.5,9331.0,9263.5,156.6,188.5,173.5,10623.9,-599419.2,1.65,4849.81,1.0,0
1790971244.06,748664.8,173.0,9410.0,9342.5,159.1,188.9,177.3,10745.8,-599454.2,1.64,4988.98,1.0,0
1790971244.56,748665.3,173.5,9490.2,9422.7,161.6,189.2,181.2,10868.4,-599489.7,1.64,5127.15,1.0,0
1790971245.06,748665.8,174.0,9571.6,9504.0,164.0,189.5,185.0,10990.9,-599525.6,1.64,5264.15,1.0,0
1790971245.57,748666.3,174.5,9654.2,9586.6,166.4,189.9,188.9,11115.5,-599559.3,1.64,5399.45,1.0,0
1790971246.07,748666.7,175.0,9734.6,9667.2,168.6,190.2,192.6,11235.5,-599591.7,1.64,5528.11,1.0,0
1790971246.57,748667.3,175.5,9822.9,9755.1,170.9,190.5,196.6,11365.8,-599626.0,1.63,5666.1,1.0,0
1790971247.07,748667.8,176.0,9908.9,9841.3,173.1,191.0,200.5,11492.3,-599657.3,1.63,5796.54,1.0,0
1790971247.58,748668.2,176.5,9992.5,9919.4,175.1,191.4,204.3,11613.9,-599686.8,1.63,5920.36,1.0,0
1790971248.08,748668.8,177.0,10084.1,10016.5,177.3,191.8,208.4,11746.0,-599717.4,1.62,6048.71,1.0,0
1790971248.58,748669.3,177.5,10176.9,10112.1,179.4,192.3,212.5,11878.8,-599746.4,1.62,6182.73,1.0,0
1790971249.08,748669.8,178.0,10267.1,10202.3,181.3,192.8,216.4,12006.5,-599773.1,1.62,6305.95,1.0,0
1790971249.58,748670.3,178.5,10354.6,10289.8,183.1,193.4,220.3,12129.3,-599797.1,1.62,6422.42,1.0,0
1790971250.08,748670.8,179.0,10450.3,10385.5,185.0,194.0,224.4,12262.6,-599821.4,1.61,6546.14,1.0,0
1790971250.58,748671.3,179.6,10543.3,10478.5,186.8,194.6,228.5,12390.6,-599843.2,1.61,6663.21,1.0,0
1790971251.08,748671.8,180.1,10637.1,10572.4,188.5,195.2,232.5,12518.6,-599863.0,1.61,6778.18,1.0,0
1790971251.59,748672.3,180.6,10728.0,10663.3,190.0,195.9,236.4,12641.4,-599880.2,1.6,6886.37,1.0,0
1790971252.09,748672.8,181.1,10823.4,10758.7,191.6,196.7,240.5,12769.0,-599896.1,1.6,6997.11,1.0,0
1790971252.59,748673.3,181.6,10919.6,10854.8,193.1,197.5,244.6,12896.4,-599909.9,1.6,7105.72,1.0,0
1790971253.09,748673.8,182.1,11016.5,10951.7,194.5,198.3,248.7,13023.5,-599921.5,1.59,7212.07,1.0,0
1790971253.59,748674.3,182.6,11114.2,11049.4,195.9,199.2,252.9,13150.0,-599930.6,1.59,7310.88,1.0,0
1790971254.09,748674.8,183.1,11212.4,11147.7,197.2,200.2,257.0,13275.9,-599937.4,1.59,7412.33,1.0,0
1790971254.59,748675.3,183.6,11311.3,11246.5,198.4,201.1,261.1,13400.0,-599941.5,1.57,7506.94,1.0,0
1790971255.09,748675.8,184.1,11414.8,11350.0,199.3,202.0,265.2,13525.2,-599943.1,1.52,7598.65,1.0,0
1790971255.6,748676.3,184.6,11514.6,11449.8,200.0,202.8,268.9,13640.6,-599942.1,1.47,7664.75,1.0,0
1790971256.1,748676.8,185.1,11614.8,11550.0,200.4,203.3,272.4,13750.1,-599938.8,1.4,7711.63,1.0,0
1790971256.6,748677.3,185.6,11715.0,11650.2,200.5,203.6,275.5,13853.1,-599933.6,1.33,7738.82,1.0,0
1790971257.1,748677.8,186.1,11815.2,11750.4,200.3,203.8,278.3,13949.7,-599926.5,1.26,7747.22,1.0,0
1790971257.6,748678.3,186.6,11915.3,11850.5,199.9,203.7,280.8,14040.3,-599918.0,1.2,7738.76,1.0,0
1790971258.1,748678.8,187.1,12015.0,11950.2,199.1,203.4,283.1,14125.1,-599908.0,1.14,7715.95,1.0,0
1790971258.6,748679.3,187.6,12114.3,12049.5,198.2,203.0,285.2,14205.0,-599896.9,1.09,7681.29,1.0,0
1790971259.1,748679.8,188.1,12213.1,12148.4,197.0,202.5,287.1,14280.2,-599884.6,1.04,7637.19,1.0,0
1790971259.61,748680.3,188.6,12311.3,12246.5,195.7,201.8,288.8,14351.4,-599871.3,1.0,7585.89,1.0,0
1790971260.11,748680.8,189.1,12408.8,12344.0,194.2,201.0,290.5,14419.0,-599856.9,0.97,7529.23,1.0,0
1790971260.61,748681.3,189.6,12505.5,12440.6,192.6,200.2,292.0,14483.3,-599841.5,0.95,7463.28,1.0,0
1790971261.11,748681.8,190.1,12601.3,12536.5,190.9,199.3,293.5,14544.7,-599825.0,0.92,7400.54,1.0,0
1790971261.61,748682.3,190.6,12700.1,12635.3,189.0,198.4,294.9,14605.7,-599806.8,0.9,7339.17,1.0,0
1790971262.11,748682.8,191.1,12790.4,12725.6,187.2,197.5,296.2,14659.6,-599789.1,0.88,7277.01,1.0,0
1790971262.61,748683.3,191.6,12887.1,12822.3,185.1,196.5,297.6,14715.5,-599768.8,0.87,7209.87,1.0,0
1790971263.12,748683.8,192.1,12979.1,12914.4,183.0,195.5,299.0,14767.1,-599748.1,0.86,7146.04,1.0,0
1790971263.62,748684.3,192.6,13070.1,13005.3,180.8,194.5,300.3,14816.7,-599726.5,0.84,7083.37,1.0,0
1790971264.12,748684.8,193.1,13159.9,13095.1,178.6,193.6,301.6,14864.2,-599703.7,0.83,7022.23,1.0,0
1790971264.62,748685.3,193.6,13248.6,13183.8,176.3,192.6,302.9,14909.9,-599679.9,0.82,6962.86,1.0,0
1790971265.12,748685.8,194.1,13331.3,13266.5,168.0,183.1,293.7,14840.6,-599718.5,1.7,6445.32,1.0,0
1790971265.62,748686.3,194.6,13413.1,13348.2,159.4,173.2,284.2,14771.7,-599756.2,1.37,5938.62,1.0,0
1790971266.12,748686.8,195.1,13490.8,13425.8,151.7,164.5,276.1,14720.6,-599784.0,1.09,5522.02,1.0,0
1790971266.62,748687.3,195.6,13564.8,13499.3,144.6,156.7,269.1,14682.0,-599805.1,0.89,5168.28,1.0,0
1790971267.13,748687.8,196.1,13635.3,13568.6,137.9,149.6,262.9,14651.9,-599821.7,0.75,4868.85,1.0,0
1790971267.63,748688.3,196.6,13702.6,13632.7,131.6,142.8,257.3,14627.9,-599835.3,0.64,4600.2,1.0,0
1790971268.13,748688.8,197.1,13769.3,13688.6,125.2,136.2,251.9,14607.2,-599847.4,0.58,4354.01,1.0,0
1790971268.63,748689.3,197.6,13830.4,13730.4,119.2,129.9,247.0,14590.1,-599857.6,0.54,4135.77,1.0,0
1790971269.13,748689.8,198.1,13888.4,13768.0,113.3,123.9,242.2,14575.1,-599866.8,0.51,3934.38,1.0,0
1790971269.63,748690.3,198.6,13943.6,13806.1,107.6,117.9,237.7,14562.1,-599875.2,0.48,3748.25,1.0,0
1790971270.13,748690.8,199.1,13995.9,13842.8,101.9,112.1,233.4,14550.7,-599882.7,0.46,3576.13,1.0,0
1790971270.63,748691.3,199.6,14045.4,13876.4,96.3,106.5,229.2,14540.8,-599889.6,0.44,3416.9,1.0,0
1790971271.14,748691.8,200.1,14092.1,13913.9,90.7,100.9,225.2,14532.3,-599895.8,0.42,3269.54,1.0,0
1790971271.64,748692.3,200.6,14136.0,13947.5,85.3,95.5,221.4,14524.9,-599901.4,0.4,3133.12,1.0,0
1790971272.14,748692.8,201.1,14177.3,13986.3,79.9,90.2,217.8,14518.5,-599906.6,0.38,3006.75,1.0,0
1790971272.64,748693.3,201.6,14215.8,14025.6,74.6,85.0,214.3,14513.1,-599911.2,0.37,2889.56,1.0,0
1790971273.14,748693.8,202.1,14251.8,14057.6,69.3,79.9,211.0,14508.5,-599915.4,0.36,2780.2,1.0,0
1790971273.64,748694.3,202.6,14286.3,14088.9,63.9,74.7,207.7,14504.4,-599919.4,0.34,2676.56,1.0,0
1790971274.14,748694.8,203.1,14315.7,14117.4,58.9,70.1,204.8,14501.3,-599922.8,0.33,2587.35,1.0,0
1790971274.64,748695.3,203.6,14342.8,14145.4,54.0,65.6,202.0,14498.6,-599926.0,0.32,2504.38,1.0,0
1790971275.15,748695.8,204.1,14369.4,14176.0,48.7,60.8,199.1,14496.3,-599928.8,0.33,2420.89,1.0,0
1790971275.65,748696.3,204.6,14392.5,14200.3,43.7,56.5,196.5,14494.5,-599931.4,0.32,2346.13,1.0,0
1790971276.15,748696.8,205.1,14412.2,14218.4,38.9,52.5,194.1,14493.1,-599933.6,0.31,2280.32,1.0,0
1790971276.65,748697.3,205.6,14431.1,14233.1,33.7,48.4,191.6,14492.0,-599935.6,0.29,2215.95,1.0,0
1790971277.15,748697.8,206.1,14446.1,14241.2,29.0,44.9,189.5,14491.2,-599937.3,0.29,2161.28,1.0,0
1790971277.65,748698.3,206.6,14459.4,14256.6,24.1,41.5,187.5,14490.6,-599938.9,0.29,2108.95,1.0,0
1790971278.15,748698.8,207.1,14470.2,14269.8,19.3,38.6,185.5,14490.1,-599940.3,0.28,2061.23,1.0,0
1790971278.65,748699.3,207.6,14478.6,14285.5,14.5,36.1,183.8,14489.8,-599941.4,0.28,2018.52,1.0,0
1790971279.16,748699.8,208.1,14484.6,14297.8,9.7,34.3,182.1,14489.7,-599942.3,0.27,1980.77,1.0,0
1790971279.66,748700.3,208.6,14488.2,14305.4,5.0,33.0,180.7,14489.6,-599943.0,0.26,1947.77,1.0,0
1790971280.16,748700.8,209.1,14489.5,14307.5,0.3,32.5,179.4,14489.5,-599943.4,0.25,1919.39,1.0,0
1790971280.66,748701.3,209.6,14488.5,14305.9,-4.3,32.7,178.2,14489.5,-599943.7,0.25,1894.68,1.0,0
1790971281.16,748701.8,210.1,14485.1,14299.6,-8.9,33.6,177.2,14489.4,-599943.8,0.25,1873.64,1.0,0
1790971281.66,748702.3,210.6,14479.2,14288.6,-13.7,35.2,176.2,14489.2,-599943.8,0.25,1855.66,1.0,0
1790971282.16,748702.8,211.1,14471.2,14276.6,-18.3,37.3,175.5,14489.0,-599943.7,0.24,1842.47,1.0,0
1790971282.66,748703.2,211.6,14462.2,14263.5,-22.3,39.4,174.9,14488.7,-599943.4,0.24,1833.92,1.0,0
1790971283.17,748703.4,212.1,14458.0,14258.5,-23.9,40.4,174.7,14488.5,-599943.3,0.24,1831.09,1.0,0
1790971283.67,748703.9,212.6,14444.9,14243.1,-28.4,43.3,174.2,14488.0,-599942.8,0.25,1825.19,1.0,0
1790971284.17,748704.4,213.1,14429.6,14223.2,-32.9,46.5,173.8,14487.3,-599942.2,0.25,1822.33,1.0,0
1790971284.67,748704.9,213.6,14412.0,14200.2,-37.3,49.9,173.5,14486.4,-599941.5,0.25,1822.77,1.0,0
1790971285.17,748705.4,214.1,14392.2,14173.9,-41.7,53.4,173.4,14485.2,-599940.6,0.25,1826.72,1.0,0
1790971285.67,748705.9,214.6,14370.2,14145.0,-46.1,57.1,173.4,14483.7,-599939.5,0.24,1834.28,1.0,0
1790971286.17,748706.4,215.1,14346.0,14115.5,-50.5,60.8,173.5,14482.0,-599938.3,0.24,1845.5,1.0,0
1790971286.67,748706.9,215.6,14319.7,14085.1,-54.8,64.6,173.7,14479.8,-599937.0,0.24,1860.03,1.0,0
1790971287.18,748707.4,216.1,14290.0,14053.2,-59.2,68.6,174.1,14477.2,-599935.5,0.24,1878.07,1.0,0
1790971287.68,748707.9,216.6,14259.3,14023.2,-63.4,72.5,174.5,14474.3,-599933.9,0.25,1898.42,1.0,0
1790971288.18,748708.4,217.1,14227.8,13990.3,-67.5,76.3,175.0,14471.1,-599932.2,0.25,1921.44,1.0,0
1790971288.68,748708.9,217.6,14191.6,13952.1,-71.8,80.4,175.6,14467.3,-599930.3,0.25,1948.79,1.0,0
1790971289.18,748709.4,218.1,14156.1,13913.8,-75.8,84.2,176.3,14463.2,-599928.4,0.26,1977.66,1.0,0
1790971289.68,748709.9,218.6,14115.5,13869.0,-80.1,88.3,177.1,14458.2,-599926.1,0.27,2010.35,1.0,0
1790971290.18,748710.4,219.2,14074.4,13827.5,-84.2,92.3,177.9,14452.8,-599923.7,0.28,2045.0,1.0,0
1790971290.68,748710.9,219.7,14031.3,13785.4,-88.2,96.2,178.8,14446.8,-599921.2,0.28,2082.59,1.0,0
1790971291.19,748711.4,220.2,13986.2,13738.4,-92.2,100.1,179.7,14440.0,-599918.5,0.28,2123.44,1.0,0
1790971291.69,748711.9,220.7,13939.0,13686.4,-96.1,104.0,180.8,14432.6,-599915.6,0.28,2167.77,1.0,0
1790971292.19,748712.4,221.2,13890.0,13634.2,-100.1,107.9,181.9,14424.5,-599912.7,0.29,2215.68,1.0,0
1790971292.69,748712.9,221.7,13838.9,13581.1,-103.9,111.8,183.1,14415.6,-599909.5,0.29,2266.7,1.0,0
1790971293.19,748713.4,222.2,13786.0,13526.7,-107.8,115.6,184.3,14405.9,-599906.2,0.3,2320.65,1.0,0
1790971293.69,748714.0,222.7,13731.1,13472.7,-111.5,119.4,185.5,14395.4,-599902.7,0.31,2378.83,1.0,0
1790971294.19,748714.5,223.2,13674.4,13413.9,-115.3,123.2,186.8,14384.0,-599899.1,0.31,2439.16,1.0,0
1790971294.7,748715.0,223.7,13613.4,13353.2,-119.1,127.1,188.2,14370.9,-599895.0,0.33,2503.16,1.0,0
1790971295.2,748715.5,224.2,13555.3,13296.6,-122.6,130.7,189.5,14357.7,-599890.9,0.34,2565.41,1.0,0
1790971295.7,748716.0,224.7,13493.1,13237.0,-126.2,134.4,190.8,14342.8,-599886.4,0.35,2634.21,1.0,0
1790971296.2,748716.4,225.2,13429.1,13175.5,-129.7,138.0,192.2,14326.8,-599881.8,0.36,2703.78,1.0,0
1790971296.7,748716.9,225.7,13363.4,13111.5,-133.2,141.6,193.6,14309.6,-599876.9,0.36,2778.25,1.0,0
1790971297.2,748717.4,226.2,13295.9,13044.7,-136.6,145.1,195.0,14291.3,-599872.0,0.37,2856.45,1.0,0
1790971297.7,748717.9,226.7,13226.7,12976.2,-140.0,148.6,196.4,14271.8,-599866.8,0.38,2938.05,1.0,0
1790971298.21,748718.5,227.2,13153.0,12901.4,-143.4,152.2,197.9,14250.0,-599861.1,0.39,3025.87,1.0,0
1790971298.71,748719.0,227.7,13080.4,12827.6,-146.7,155.7,199.4,14227.7,-599855.4,0.4,3113.64,1.0,0
1790971299.21,748719.5,228.2,13006.3,12753.4,-149.9,159.0,200.8,14203.8,-599849.4,0.42,3203.82,1.0,0
1790971299.71,748720.0,228.7,12930.5,12677.5,-153.0,162.3,202.2,14177.9,-599843.0,0.44,3295.77,1.0,0
1790971300.21,748720.5,229.2,12853.3,12601.0,-156.0,165.6,203.6,14150.2,-599836.2,0.45,3389.81,1.0,0
1790971300.71,748721.0,229.7,12774.5,12524.5,-158.9,168.7,204.9,14120.9,-599829.2,0.46,3486.98,1.0,0
1790971301.21,748721.5,230.2,12694.3,12447.7,-161.8,171.9,206.2,14090.0,-599822.0,0.47,3587.93,1.0,0
1790971301.71,748722.0,230.7,12612.6,12368.8,-164.7,175.0,207.6,14057.6,-599814.7,0.48,3692.87,1.0,0
1790971302.22,748722.5,231.2,12526.2,12285.1,-167.6,178.1,209.0,14022.3,-599806.8,0.49,3805.65,1.0,0
1790971302.72,748723.0,231.7,12445.1,12207.7,-170.2,181.0,210.3,13987.9,-599799.3,0.5,3912.34,1.0,0
1790971303.22,748723.5,232.2,12355.9,12120.4,-172.9,184.0,211.6,13948.3,-599790.6,0.52,4029.87,1.0,0
1790971303.72,748724.0,232.7,12268.7,12035.2,-175.4,186.8,212.7,13907.5,-599781.8,0.55,4143.43,1.0,0
1790971304.22,748724.5,233.2,12180.4,12180.4,-177.8,189.5,213.8,13864.0,-599772.5,0.57,4257.73,1.0,0
1790971304.72,748725.0,233.7,12090.9,12090.9,-180.2,192.2,214.9,13818.5,-599762.9,0.58,4374.4,1.0,0
1790971305.22,748725.5,234.2,12000.2,12000.2,-182.4,194.8,215.9,13771.1,-599753.1,0.59,4494.74,1.0,0
1790971305.72,748726.0,234.7,11912.1,11912.1,-184.5,197.2,216.9,13724.2,-599743.7,0.6,4613.98,1.0,0
1790971306.23,748726.5,235.2,11819.3,11819.3,-186.7,199.7,218.0,13673.5,-599733.6,0.61,4744.58,1.0,0
1790971306.73,748727.0,235.7,11725.4,11725.4,-188.8,202.1,218.9,13620.2,-599723.0,0.63,4872.88,1.0,0
1790971307.23,748727.5,236.2,11626.7,11626.7,-190.8,204.5,219.8,13561.5,-599711.4,0.66,5002.03,1.0,0
1790971307.73,748728.0,236.7,11530.8,11530.9,-192.6,206.8,220.5,13501.9,-599699.7,0.69,5129.14,1.0,0
1790971308.23,748728.5,237.2,11434.1,11434.1,-194.3,208.9,221.2,13440.0,-599687.6,0.7,5257.77,1.0,0
1790971308.73,748729.0,237.7,11336.6,11336.5,-195.9,211.0,221.9,13376.2,-599675.5,0.71,5389.18,1.0,0
1790971309.23,748729.5,238.2,11238.2,11020.5,-197.5,213.0,222.5,13310.5,-599663.2,0.72,5523.45,1.0,0
1790971309.73,748730.0,238.7,11139.0,10923.2,-199.0,215.0,223.1,13242.7,-599650.6,0.74,5659.19,1.0,0
1790971310.24,748730.5,239.2,11039.2,10824.8,-200.4,216.8,223.6,13171.9,-599637.5,0.76,5794.24,1.0,0
1790971310.74,748731.0,239.7,10938.6,10725.6,-201.7,218.6,224.0,13097.9,-599623.8,0.79,5927.08,1.0,0
1790971311.24,748731.5,240.2,10837.5,10625.8,-202.8,220.3,224.2,13020.9,-599609.7,0.81,6058.58,1.0,0
1790971311.74,748732.0,240.7,10735.8,10524.4,-203.9,221.9,224.5,12941.9,-599595.4,0.82,6191.45,1.0,0
1790971312.24,748732.5,241.2,10633.6,10420.9,-204.9,223.4,224.7,12861.3,-599581.0,0.83,6326.61,1.0,0
1790971312.74,748733.0,241.7,10530.9,10316.7,-205.9,224.9,224.9,12778.6,-599566.5,0.84,6467.58,1.0,0
1790971313.24,748733.5,242.2,10423.6,10207.8,-206.7,226.4,225.0,12689.6,-599550.8,0.87,6601.61,1.0,0
1790971313.74,748734.0,242.7,10320.0,10106.3,-207.4,227.7,224.9,12600.8,-599535.2,0.9,6731.56,1.0,0
1790971314.25,748734.5,243.2,10216.1,10004.9,-208.0,228.9,224.8,12509.2,-599519.2,0.92,6858.92,1.0,0
1790971314.75,748735.0,243.7,10112.0,9903.2,-208.5,230.0,224.7,12416.1,-599503.2,0.92,6987.2,1.0,0
1790971315.25,748735.5,244.2,10007.6,9801.1,-209.0,231.1,224.5,12321.5,-599487.1,0.93,7116.49,1.0,0
1790971315.75,748736.0,244.7,9903.0,9698.2,-209.4,232.1,224.2,12224.7,-599470.8,0.95,7244.02,1.0,0
1790971316.25,748736.5,245.2,9798.2,9595.0,-209.7,233.1,223.8,12125.1,-599454.0,0.98,7367.05,1.0,0
1790971316.75,748737.0,245.7,9693.3,9491.6,-209.8,233.9,223.4,12022.8,-599436.7,1.0,7485.56,1.0,0
1790971317.25,748737.5,246.2,9588.4,9388.1,-209.9,234.7,222.9,11918.8,-599419.4,1.01,7602.58,1.0,0
1790971317.76,748738.0,246.7,9483.5,9282.6,-209.9,235.4,222.3,11813.7,-599402.2,1.02,7719.97,1.0,0
1790971318.26,748738.5,247.2,9378.5,9177.1,-209.9,236.1,221.8,11707.3,-599384.8,1.03,7836.2,1.0,0
1790971318.76,748739.0,247.7,9273.6,9071.7,-209.7,236.7,221.1,11598.7,-599367.2,1.05,7947.98,1.0,0
1790971319.26,748739.5,248.2,9168.8,8966.6,-209.5,237.2,220.4,11487.9,-599349.2,1.07,8060.65,1.0,0
1790971319.76,748740.0,248.7,9064.1,8860.7,-209.2,237.6,219.5,11375.5,-599331.0,1.09,8163.54,1.0,0
1790971320.26,748740.5,249.2,8955.5,8749.5,-208.8,238.1,218.7,11257.6,-599312.2,1.09,8262.5,1.0,0
1790971320.76,748741.0,249.7,8851.2,8642.8,-208.4,238.4,217.8,11143.4,-599294.2,1.1,8362.43,1.0,0
1790971321.26,748741.5,250.2,8747.1,8536.5,-207.9,238.7,216.9,11028.1,-599276.1,1.11,8439.04,1.0,0
1790971321.77,748742.0,250.7,8643.3,8430.7,-207.3,239.0,215.9,10911.6,-599257.7,1.13,8498.61,1.0,0
1790971322.27,748742.5,251.2,8539.8,8325.8,-206.7,239.2,214.9,10794.2,-599239.4,1.14,8554.27,1.0,0
1790971322.77,748743.0,251.7,8436.6,8221.7,-206.1,239.4,213.9,10676.6,-599221.2,1.14,8607.98,1.0,0
1790971323.27,748743.5,252.2,8333.7,8117.9,-205.5,239.6,212.8,10558.9,-599203.3,1.14,8660.13,1.0,0
1790971323.77,748744.0,252.7,8231.2,8014.5,-204.8,239.7,211.8,10440.7,-599185.4,1.15,8709.19,1.0,0
1790971324.27,748744.5,253.2,8129.0,7911.5,-204.0,239.8,210.7,10321.9,-599167.5,1.16,8753.76,1.0,0
1790971324.77,748745.0,253.7,8027.2,7808.8,-203.2,239.9,209.6,10202.6,-599149.6,1.17,8794.55,1.0,0
1790971325.27,748745.5,254.2,7925.8,7706.5,-202.4,239.9,208.5,10083.4,-599132.0,1.17,8833.66,1.0,0
1790971325.77,748746.0,254.7,7824.8,7604.3,-201.6,239.9,207.4,9964.5,-599114.6,1.17,8871.82,1.0,0
1790971326.28,748746.5,255.2,7724.2,7502.6,-200.8,239.9,206.2,9845.6,-599097.4,1.17,8907.53,1.0,0
1790971326.78,748747.0,255.7,7620.0,7397.3,-199.9,239.9,205.0,9721.6,-599079.5,1.18,8940.27,1.0,0
1790971327.28,748747.5,256.2,7520.3,7296.5,-199.0,239.8,203.9,9602.0,-599062.5,1.19,8967.49,1.0,0
1790971327.78,748748.0,256.7,7421.0,7196.2,-198.0,239.7,202.7,9482.6,-599045.7,1.19,8992.52,1.0,0
1790971328.28,748748.5,257.2,7326.2,7100.4,-197.1,239.6,201.5,9368.5,-599029.9,1.19,9016.12,1.0,0
1790971328.78,748749.0,257.7,7224.0,6997.3,-196.2,239.5,200.3,9245.4,-599013.0,1.19,9040.35,1.0,0
1790971329.28,748749.5,258.3,7130.1,6902.9,-195.2,239.3,199.2,9131.8,-598997.6,1.19,9059.53,1.0,0
1790971329.78,748750.0,258.8,7032.7,6804.9,-194.2,239.2,198.0,9013.3,-598981.7,1.2,9075.67,1.0,0
1790971330.29,748750.5,259.3,6935.9,6707.1,-193.2,239.0,196.8,8895.6,-598966.1,1.2,9091.23,1.0,0
1790971330.79,748751.0,259.8,6839.5,6609.8,-192.2,238.8,195.6,8778.6,-598950.9,1.2,9106.81,1.0,0
1790971331.29,748751.5,260.3,6743.6,6513.1,-191.2,238.6,194.4,8661.9,-598935.8,1.2,9119.91,1.0,0
1790971331.79,748752.0,260.8,6648.3,6416.9,-190.2,238.4,193.2,8545.4,-598921.0,1.2,9129.42,1.0,0
1790971332.29,748752.5,261.3,6553.5,6321.2,-189.2,238.2,192.0,8429.3,-598906.4,1.2,9137.58,1.0,0
1790971332.79,748753.0,261.8,6455.4,6222.3,-188.1,238.0,190.8,8309.4,-598891.5,1.2,9145.29,1.0,0
1790971333.29,748753.5,262.3,6361.6,6127.8,-187.0,237.7,189.6,8194.7,-598877.6,1.2,9151.32,1.0,0
1790971333.79,748754.0,262.8,6268.4,6034.2,-186.0,237.5,188.4,8080.5,-598863.9,1.2,9155.71,1.0,0
1790971334.3,748754.5,263.3,6175.7,5941.2,-184.9,237.2,187.2,7966.8,-598850.5,1.21,9158.03,1.0,0
1790971334.8,748755.0,263.8,6083.5,5848.6,-183.9,236.9,186.0,7853.6,-598837.2,1.21,9158.32,1.0,0
1790971335.3,748755.6,264.3,5991.8,5756.7,-182.8,236.6,184.8,7741.1,-598824.3,1.2,9162.43,1.0,0
1790971335.8,748756.0,264.8,5900.6,5665.2,-181.8,236.4,183.7,7629.4,-598811.7,1.2,9156.9,1.0,0
1790971336.3,748756.5,265.3,5810.0,5574.2,-180.7,236.1,182.5,7518.5,-598799.3,1.2,9155.47,1.0,0
1790971336.8,748757.0,265.8,5719.9,5483.6,-179.7,235.8,181.4,7408.2,-598787.2,1.2,9152.65,1.0,0
1790971337.3,748757.5,266.3,5630.4,5393.6,-178.6,235.5,180.2,7298.4,-598775.4,1.2,9148.24,1.0,0
1790971337.81,748758.0,266.8,5541.3,5304.1,-177.6,235.2,179.1,7189.5,-598763.8,1.2,9143.64,1.0,0
1790971338.31,748758.5,267.3,5452.8,5215.1,-176.6,234.9,178.0,7081.5,-598752.6,1.2,9138.85,1.0,0
1790971338.81,748759.1,267.8,5364.8,5126.7,-175.5,234.6,176.8,6974.0,-598741.7,1.2,9132.79,1.0,0
1790971339.31,748759.6,268.3,5273.8,5035.3,-174.5,234.2,175.7,6862.8,-598730.5,1.2,9124.62,1.0,0
1790971339.81,748760.1,268.8,5186.8,4947.9,-173.4,233.9,174.6,6756.6,-598720.1,1.2,9115.65,1.0,0
1790971340.31,748760.6,269.3,5100.4,4861.1,-172.4,233.6,173.5,6651.3,-598710.1,1.19,9107.61,1.0,0
1790971340.81,748761.1,269.8,5014.4,4774.7,-171.4,233.3,172.4,6547.1,-598700.2,1.19,9100.41,1.0,0
1790971341.32,748761.6,270.3,4929.0,4688.9,-170.4,232.9,171.4,6443.4,-598690.7,1.19,9092.0,1.0,0
1790971341.82,748762.1,270.8,4844.0,4603.6,-169.4,232.6,170.3,6340.4,-598681.4,1.19,9082.74,1.0,0
1790971342.32,748762.6,271.3,4759.6,4518.8,-168.4,232.3,169.3,6238.3,-598672.3,1.19,9073.93,1.0,0
1790971342.82,748763.1,271.8,4675.6,4434.5,-167.5,232.0,168.3,6137.0,-598663.5,1.18,9065.34,1.0,0
1790971343.32,748763.6,272.3,4592.1,4350.7,-166.5,231.6,167.2,6036.5,-598655.0,1.18,9056.58,1.0,0
1790971343.82,748764.1,272.8,4509.1,4267.3,-165.6,231.3,166.2,5936.6,-598646.8,1.18,9047.62,1.0,0
1790971344.32,748764.6,273.3,4426.6,4184.5,-164.6,231.0,165.3,5837.5,-598638.8,1.18,9041.92,1.0,0
1790971344.82,748765.1,273.8,4344.5,4102.1,-163.7,230.7,164.3,5739.0,-598631.0,1.18,9031.85,1.0,0
1790971345.33,748765.6,274.3,4259.7,4017.0,-162.7,230.3,163.3,5637.4,-598623.2,1.17,9017.67,1.0,0
1790971345.83,748766.1,274.8,4178.6,3935.6,-161.8,230.0,162.3,5540.4,-598615.9,1.17,9007.76,1.0,0
1790971346.33,748766.6,275.3,4097.9,3854.7,-160.9,229.7,161.4,5444.1,-598608.9,1.17,8997.71,1.0,0
1790971346.83,748767.1,275.8,4020.9,3777.4,-160.0,229.4,160.5,5352.4,-598602.4,1.17,8991.72,1.0,0
1790971347.33,748767.6,276.3,3937.9,3694.2,-159.1,229.0,159.5,5253.7,-598595.5,1.17,8977.65,1.0,0
1790971347.83,748768.1,276.8,3858.6,3614.9,-158.2,228.7,158.6,5159.6,-598589.1,1.16,8968.07,1.0,0
1790971348.33,748768.6,277.3,3779.7,3535.9,-157.4,228.4,157.7,5066.2,-598583.0,1.16,8958.97,1.0,0
1790971348.83,748769.1,277.8,3701.2,3457.4,-156.5,228.1,156.9,4973.6,-598577.0,1.16,8950.07,1.0,0
1790971349.34,748769.6,278.3,3623.2,3379.3,-155.7,227.7,156.0,4881.5,-598571.3,1.16,8941.06,1.0,0
1790971349.84,748770.1,278.8,3545.6,3301.7,-154.8,227.4,155.1,4790.1,-598565.7,1.16,8931.87,1.0,0
1790971350.34,748770.6,279.3,3468.4,3224.4,-154.0,227.1,154.3,4699.4,-598560.3,1.15,8922.87,1.0,0
1790971350.84,748771.1,279.8,3391.6,3147.6,-153.2,226.8,153.5,4609.3,-598555.2,1.15,8914.41,1.0,0
1790971351.34,748771.6,280.3,3315.2,3071.1,-152.4,226.5,152.6,4519.9,-598550.2,1.15,8906.48,1.0,0
1790971351.84,748772.1,280.8,3239.2,2995.1,-151.6,226.2,151.8,4431.2,-598545.4,1.15,8898.81,1.0,0
1790971352.34,748772.6,281.3,3163.6,2919.4,-150.8,225.9,151.0,4343.1,-598540.8,1.15,8891.24,1.0,0
1790971352.84,748773.1,281.8,3085.4,2841.2,-150.0,225.5,150.2,4252.0,-598536.1,1.14,8883.46,1.0,0
1790971353.35,748773.6,282.3,3010.6,2766.3,-149.3,225.2,149.5,4165.1,-598531.9,1.14,8876.36,1.0,0
1790971353.85,748774.1,282.8,2936.1,2691.9,-148.5,224.9,148.7,4078.9,-598527.8,1.14,8869.92,1.0,0
1790971354.35,748774.6,283.3,2862.0,2617.7,-147.8,224.6,148.0,3993.2,-598523.8,1.14,8863.89,1.0,0
1790971354.85,748775.1,283.8,2788.3,2544.0,-147.1,224.3,147.2,3908.2,-598520.0,1.14,8858.09,1.0,0
1790971355.35,748775.6,284.3,2715.0,2470.6,-146.3,224.0,146.5,3823.6,-598516.2,1.13,8852.29,1.0,0
1790971355.85,748776.1,284.8,2642.0,2397.6,-145.6,223.8,145.8,3739.6,-598512.7,1.13,8846.46,1.0,0
1790971356.35,748776.6,285.3,2569.4,2324.9,-144.9,223.5,145.1,3656.2,-598509.3,1.13,8841.27,1.0,0
1790971356.85,748777.1,285.8,2497.1,2252.6,-144.3,223.2,144.4,3573.4,-598506.0,1.13,8837.21,1.0,0
1790971357.35,748777.6,286.3,2425.1,2180.6,-143.6,222.9,143.7,3491.1,-598502.8,1.13,8833.42,1.0,0
1790971357.86,748778.1,286.8,2353.5,2109.0,-142.9,222.6,143.0,3409.4,-598499.8,1.12,8829.81,1.0,0
1790971358.36,748778.6,287.3,2282.2,2037.7,-142.3,222.3,142.3,3328.1,-598496.9,1.12,8829.54,1.0,0
1790971358.86,748779.1,287.8,2211.3,1966.7,-141.6,222.0,141.7,3247.2,-598494.2,1.12,8825.22,1.0,0
1790971359.36,748779.6,288.3,2137.8,1893.2,-140.9,221.7,141.0,3163.7,-598491.5,1.12,8817.88,1.0,0
1790971359.86,748780.1,288.8,2067.5,1822.9,-140.3,221.5,140.4,3083.9,-598489.0,1.12,8815.27,1.0,0
1790971360.36,748780.6,289.3,1997.5,1752.9,-139.7,221.2,139.7,3004.8,-598486.6,1.11,8813.89,1.0,0
1790971360.86,748781.1,289.8,1927.9,1683.2,-139.1,220.9,139.1,2926.0,-598484.3,1.11,8812.34,1.0,0
1790971361.37,748781.6,290.3,1858.5,1613.8,-138.4,220.7,138.5,2847.7,-598482.1,1.11,8810.72,1.0,0
1790971361.87,748782.1,290.8,1789.4,1544.7,-137.8,220.4,137.9,2769.9,-598479.9,1.11,8809.68,1.0,0
1790971362.37,748782.6,291.3,1720.8,1476.1,-135.4,219.0,135.5,2667.1,-598477.2,1.57,8577.4,1.0,0
1790971362.87,748783.1,291.8,1666.3,1421.6,-59.4,183.5,59.5,1848.1,-598450.6,19.4,1663.6,1.0,0
1790971363.37,748783.6,292.3,1652.3,1407.5,-16.8,175.8,16.8,1666.6,-598426.6,8.17,132.59,1.0,0
1790971363.87,748784.1,292.8,1645.3,1400.6,-10.9,175.8,10.9,1651.1,-598418.7,2.29,56.54,1.0,0
1790971364.37,748784.6,293.3,1639.3,1394.6,-10.8,176.1,10.8,1645.5,-598412.3,1.05,54.8,1.0,0
1790971364.87,748785.1,293.8,1634.7,1390.0,-9.7,175.5,9.7,1639.3,-598422.5,1.12,44.66,1.0,0
1790971365.38,748785.6,294.3,1629.0,1384.3,-10.2,176.0,10.2,1634.6,-598413.2,0.96,48.84,1.0,0
1790971365.88,748786.1,294.8,1624.8,1380.1,-9.2,175.7,9.2,1628.9,-598417.4,1.14,40.08,1.0,0
1790971366.38,748786.6,295.3,1620.0,1375.2,-9.7,175.4,9.7,1624.6,-598423.3,0.86,44.88,1.0,0
1790971366.88,748787.1,295.8,1614.2,1369.5,-10.6,175.8,10.6,1620.4,-598418.3,0.81,53.68,1.0,0
1790971367.38,748787.6,296.3,1609.7,1365.0,-9.7,176.0,9.7,1614.5,-598412.9,1.17,44.74,1.0,0
1790971367.88,748788.1,296.8,1604.9,1360.2,-9.9,175.9,9.9,1609.7,-598416.1,0.95,46.05,1.0,0
1790971368.38,748788.6,297.4,1599.5,1354.8,-10.4,175.8,10.4,1605.3,-598417.3,0.86,51.74,1.0,0
1790971368.88,748789.1,297.9,1594.2,1349.5,-10.1,175.3,10.1,1599.7,-598425.7,1.09,48.61,1.0,0
1790971369.39,748789.6,298.4,1589.6,1344.9,-9.7,175.4,9.7,1594.5,-598424.6,1.01,44.52,1.0,0
1790971369.89,748790.1,298.9,1584.4,1339.7,-10.1,175.6,10.1,1589.9,-598421.6,0.92,48.29,1.0,0
1790971370.39,748790.6,299.4,1579.3,1334.6,-9.8,176.0,9.8,1584.5,-598414.4,1.08,45.38,1.0,0
1790971370.89,748791.1,299.9,1574.8,1330.1,-9.3,175.9,9.4,1579.4,-598415.3,1.06,41.63,1.0,0
1790971371.39,748791.6,300.4,1569.8,1325.1,-9.7,175.7,9.7,1574.9,-598419.3,0.92,44.5,1.0,0
1790971371.89,748792.1,300.9,1564.7,1320.0,-10.0,175.5,10.0,1570.1,-598423.3,0.96,47.33,1.0,0
1790971372.4,748792.6,301.4,1559.9,1315.1,-9.7,175.6,9.7,1564.9,-598421.6,1.03,44.73,1.0,0
1790971372.9,748793.1,301.9,1554.8,1310.1,-9.9,175.8,9.9,1560.3,-598417.8,0.94,46.92,1.0,0
1790971373.4,748793.6,302.4,1550.1,1305.4,-9.6,175.8,9.6,1555.1,-598417.0,1.07,43.65,1.0,0
1790971373.9,748794.1,302.9,1545.2,1300.5,-9.6,175.7,9.6,1550.3,-598419.6,0.98,44.14,1.0,0
1790971374.4,748794.6,303.4,1540.3,1295.6,-10.0,175.6,10.0,1545.8,-598421.7,0.89,47.62,1.0,0
1790971374.9,748795.2,303.9,1535.4,1290.6,-10.2,175.6,10.2,1541.0,-598420.9,0.93,49.95,1.0,0
1790971375.4,748795.6,304.4,1530.2,1285.4,-10.2,175.7,10.2,1535.9,-598418.9,1.0,49.85,1.0,0
1790971375.9,748796.1,304.9,1525.2,1280.5,-9.7,175.7,9.7,1530.4,-598418.8,1.1,44.81,1.0,0
1790971376.41,748796.7,305.4,1520.4,1275.7,-9.5,175.6,9.5,1525.4,-598420.6,1.02,43.0,1.0,0
1790971376.91,748796.8,305.9,1518.5,1273.8,-9.5,175.6,9.5,1523.5,-598421.1,1.02,42.81,1.0,0
1790971377.41,748796.8,306.4,1518.5,1273.8,-9.5,175.6,9.5,1523.5,-598421.1,1.02,42.81,1.0,0
1790971377.91,748796.9,306.9,1518.1,1273.4,-9.5,175.6,9.5,1523.1,-598421.2,1.0,43.27,1.0,0
1790971378.41,748796.9,307.4,1518.1,1273.4,-9.5,175.6,9.5,1523.1,-598421.2,1.0,43.27,1.0,0
1790971378.91,748796.9,307.9,1517.8,1273.0,-9.6,175.6,9.6,1522.9,-598421.2,0.97,44.15,1.0,0
1790971379.41,748796.9,308.4,1517.8,1273.0,-9.6,175.6,9.6,1522.9,-598421.2,0.97,44.15,1.0,0
1790971379.91,748797.0,308.9,1517.4,1272.6,-9.7,175.6,9.7,1522.5,-598421.2,0.95,44.84,1.0,0
1790971380.42,748797.0,309.4,1517.4,1272.6,-9.7,175.6,9.7,1522.5,-598421.2,0.95,44.84,1.0,0
1790971380.92,748797.0,309.9,1517.0,1272.2,-9.7,175.6,9.7,1522.2,-598421.3,0.94,45.19,1.0,0
1790971381.42,748797.0,310.4,1517.0,1272.2,-9.7,175.6,9.7,1522.2,-598421.3,0.94,45.19,1.0,0
1790971381.92,748797.0,310.9,1516.6,1271.8,-9.7,175.6,9.7,1521.8,-598421.3,0.92,45.51,1.0,0
1790971382.42,748797.0,311.4,1516.6,1271.8,-9.7,175.6,9.7,1521.8,-598421.3,0.92,45.51,1.0,0
1790971382.92,748797.1,311.9,1516.2,1271.4,-9.8,175.6,9.8,1521.5,-598421.2,0.9,46.11,1.0,0
1790971383.42,748797.1,312.4,1516.2,1271.4,-9.8,175.6,9.8,1521.5,-598421.2,0.9,46.11,1.0,0
1790971383.92,748797.1,312.9,1515.8,1271.1,-9.9,175.6,9.9,1521.2,-598421.2,0.87,47.16,1.0,0
1790971384.43,748797.1,313.4,1515.8,1271.1,-9.9,175.6,9.9,1521.2,-598421.2,0.87,47.16,1.0,0
1790971384.93,748797.2,313.9,1515.4,1270.7,-10.0,175.6,10.0,1520.9,-598421.2,0.85,47.91,1.0,0
1790971385.43,748797.2,314.4,1515.4,1270.7,-10.0,175.6,10.0,1520.9,-598421.2,0.85,47.91,1.0,0
1790971385.93,748797.2,314.9,1515.0,1270.3,-10.0,175.6,10.0,1520.5,-598421.2,0.84,48.28,1.0,0
1790971386.43,748797.2,315.4,1515.0,1270.3,-10.0,175.6,10.0,1520.5,-598421.2,0.84,48.28,1.0,0
1790971386.93,748797.2,315.9,1514.6,1269.9,-10.0,175.6,10.0,1520.2,-598421.1,0.84,48.4,1.0,0
1790971387.43,748797.2,316.4,1514.6,1269.9,-10.0,175.6,10.0,1520.2,-598421.1,0.84,48.4,1.0,0
1790971387.93,748797.3,316.9,1514.2,1269.5,-10.0,175.6,10.0,1519.8,-598421.1,0.85,48.38,1.0,0
1790971388.44,748797.3,317.4,1514.2,1269.5,-10.0,175.6,10.0,1519.8,-598421.1,0.85,48.38,1.0,0
1790971388.94,748797.3,317.9,1513.8,1269.1,-10.0,175.6,10.0,1519.3,-598421.0,0.88,48.28,1.0,0
1790971389.44,748797.3,318.4,1513.8,1269.1,-10.0,175.6,10.0,1519.3,-598421.0,0.88,48.28,1.0,0
1790971389.94,748797.4,318.9,1513.4,1268.7,-10.0,175.6,10.0,1518.9,-598420.9,0.9,48.15,1.0,0
1790971390.44,748797.4,319.4,1513.4,1268.7,-10.0,175.6,10.0,1518.9,-598420.9,0.9,48.15,1.0,0
1790971390.94,748797.4,319.9,1513.0,1268.3,-10.0,175.6,10.0,1518.5,-598420.8,0.92,48.02,1.0,0
1790971391.44,748797.4,320.4,1513.0,1268.3,-10.0,175.6,10.0,1518.5,-598420.8,0.92,48.02,1.0,0
1790971391.94,748797.4,320.9,1512.6,1267.9,-10.0,175.6,10.0,1518.1,-598420.7,0.93,47.92,1.0,0
1790971392.45,748797.4,321.4,1512.6,1267.9,-10.0,175.6,10.0,1518.1,-598420.7,0.93,47.92,1.0,0
1790971392.95,748797.5,321.9,1512.2,1267.5,-10.0,175.6,10.0,1517.7,-598420.6,0.94,47.87,1.0,0
1790971393.45,748797.5,322.4,1512.2,1267.5,-10.0,175.6,10.0,1517.7,-598420.6,0.94,47.87,1.0,0
1790971393.95,748797.5,322.9,1511.8,1267.1,-10.0,175.7,10.0,1517.3,-598420.5,0.97,47.87,1.0,0
1790971394.45,748797.5,323.4,1511.8,1267.1,-10.0,175.7,10.0,1517.3,-598420.5,0.97,47.87,1.0,0
1790971394.95,748797.6,323.9,1511.4,1266.7,-10.0,175.7,10.0,1516.9,-598420.4,0.99,47.93,1.0,0
1790971395.45,748797.6,324.4,1511.4,1266.7,-10.0,175.7,10.0,1516.9,-598420.4,0.99,47.93,1.0,0
1790971395.95,748797.6,324.9,1511.0,1266.3,-10.0,175.7,10.0,1516.5,-598420.3,1.0,48.05,1.0,0
1790971396.45,748797.6,325.4,1511.0,1266.3,-10.0,175.7,10.0,1516.5,-598420.3,1.0,48.05,1.0,0
1790971396.96,748797.6,325.9,1510.6,1265.9,-10.0,175.7,10.0,1516.1,-598420.2,1.0,48.23,1.0,0
1790971397.46,748797.6,326.4,1510.6,1265.9,-10.0,175.7,10.0,1516.1,-598420.2,1.0,48.23,1.0,0
1790971397.96,748797.7,326.9,1510.2,1265.5,-10.1,175.7,10.1,1515.8,-598420.0,0.99,48.47,1.0,0
1790971398.46,748797.7,327.4,1510.2,1265.5,-10.1,175.7,10.1,1515.8,-598420.0,0.99,48.47,1.0,0
1790971398.96,748797.7,327.9,1509.8,1265.1,-10.1,175.7,10.1,1515.4,-598419.9,0.98,48.76,1.0,0
1790971399.46,748797.7,328.4,1509.8,1265.1,-10.1,175.7,10.1,1515.4,-598419.9,0.98,48.76,1.0,0
1790971399.96,748797.8,328.9,1509.4,1264.7,-10.1,175.7,10.1,1515.0,-598419.8,0.97,49.1,1.0,0
1790971400.46,748797.8,329.4,1509.4,1264.7,-10.1,175.7,10.1,1515.0,-598419.8,0.97,49.1,1.0,0
1790971400.97,748797.8,329.9,1509.0,1264.3,-10.2,175.7,10.2,1514.6,-598419.7,0.95,49.48,1.0,0
1790971401.47,748797.8,330.4,1509.0,1264.3,-10.2,175.7,10.2,1514.6,-598419.7,0.95,49.48,1.0,0
1790971401.97,748797.8,330.9,1508.6,1263.8,-10.2,175.7,10.2,1514.3,-598419.6,0.94,49.89,1.0,0
1790971402.47,748797.8,331.4,1508.6,1263.8,-10.2,175.7,10.2,1514.3,-598419.6,0.94,49.89,1.0,0
1790971402.97,748797.9,331.9,1508.2,1263.4,-10.2,175.7,10.2,1513.9,-598419.6,0.93,50.34,1.0,0
1790971403.47,748797.9,332.4,1508.2,1263.4,-10.2,175.7,10.2,1513.9,-598419.6,0.93,50.34,1.0,0
1790971403.97,748797.9,332.9,1507.8,1263.0,-10.3,175.7,10.3,1513.6,-598419.5,0.91,50.81,1.0,0
1790971404.48,748797.9,333.4,1507.8,1263.0,-10.3,175.7,10.3,1513.6,-598419.5,0.91,50.81,1.0,0
1790971404.98,748798.0,333.9,1507.4,1262.6,-10.3,175.7,10.3,1513.2,-598419.4,0.9,51.29,1.0,0
1790971405.48,748798.0,334.4,1507.4,1262.6,-10.3,175.7,10.3,1513.2,-598419.4,0.9,51.29,1.0,0
1790971405.98,748798.0,334.9,1506.9,1262.2,-10.4,175.7,10.4,1512.8,-598419.3,0.9,51.65,1.0,0
1790971406.48,748798.0,335.4,1506.9,1262.2,-10.4,175.7,10.4,1512.8,-598419.3,0.9,51.65,1.0,0
1790971406.98,748798.0,335.9,1506.5,1261.8,-10.4,175.7,10.4,1512.4,-598419.3,0.9,51.89,1.0,0
1790971407.48,748798.0,336.5,1506.5,1261.8,-10.4,175.7,10.4,1512.4,-598419.3,0.9,51.89,1.0,0
1790971407.98,748798.1,337.0,1506.1,1261.3,-10.4,175.7,10.4,1512.0,-598419.2,0.9,52.0,1.0,0
1790971408.49,748798.1,337.5,1506.1,1261.3,-10.4,175.7,10.4,1512.0,-598419.2,0.9,52.0,1.0,0
1790971408.99,748798.1,338.0,1505.7,1260.9,-10.4,175.7,10.4,1511.6,-598419.2,0.91,51.95,1.0,0
1790971409.49,748798.1,338.5,1505.7,1260.9,-10.4,175.7,10.4,1511.6,-598419.2,0.91,51.95,1.0,0
1790971409.99,748798.2,339.0,1505.3,1260.5,-10.4,175.7,10.4,1511.2,-598419.2,0.92,51.74,1.0,0
1790971410.49,748798.2,339.5,1505.3,1260.5,-10.4,175.7,10.4,1511.2,-598419.2,0.92,51.74,1.0,0
1790971410.99,748798.2,340.0,1504.8,1260.1,-10.3,175.7,10.3,1510.7,-598419.2,0.94,51.34,1.0,0
1790971411.49,748798.2,340.5,1504.8,1260.1,-10.3,175.7,10.3,1510.7,-598419.2,0.94,51.34,1.0,0
1790971411.99,748798.2,341.0,1504.4,1259.7,-10.3,175.7,10.3,1510.2,-598419.2,0.97,50.78,1.0,0
1790971412.5,748798.2,341.5,1504.4,1259.7,-10.3,175.7,10.3,1510.2,-598419.2,0.97,50.78,1.0,0
1790971413.0,748798.3,342.0,1504.0,1259.3,-10.2,175.7,10.2,1509.8,-598419.2,1.0,50.12,1.0,0
1790971413.5,748798.3,342.5,1504.0,1259.3,-10.2,175.7,10.2,1509.8,-598419.2,1.0,50.12,1.0,0
1790971414.0,748798.3,343.0,1503.6,1258.9,-10.2,175.7,10.2,1509.3,-598419.2,1.03,49.5,1.0,0
1790971414.5,748798.3,343.5,1503.6,1258.9,-10.2,175.7,10.2,1509.3,-598419.2,1.03,49.5,1.0,0
1790971415.0,748798.4,344.0,1503.2,1258.5,-10.1,175.7,10.1,1508.8,-598419.3,1.05,49.1,1.0,0
1790971415.5,748798.4,344.5,1503.2,1258.5,-10.1,175.7,10.1,1508.8,-598419.3,1.05,49.1,1.0,0
1790971416.0,748798.4,345.0,1502.8,1258.1,-10.1,175.7,10.1,1508.4,-598419.4,1.06,48.97,1.0,0
1790971416.5,748798.4,345.5,1502.8,1258.1,-10.1,175.7,10.1,1508.4,-598419.4,1.06,48.97,1.0,0
1790971417.01,748798.4,346.0,1502.4,1257.7,-10.1,175.7,10.1,1508.0,-598419.4,1.07,49.06,1.0,0
1790971417.51,748798.4,346.5,1502.4,1257.7,-10.1,175.7,10.1,1508.0,-598419.4,1.07,49.06,1.0,0
1790971418.01,748798.5,347.0,1502.0,1257.3,-10.1,175.7,10.1,1507.6,-598419.5,1.07,48.93,1.0,0
1790971418.51,748798.5,347.5,1502.0,1257.3,-10.1,175.7,10.1,1507.6,-598419.5,1.07,48.93,1.0,0
1790971419.01,748798.5,348.0,1501.6,1256.9,-10.1,175.7,10.1,1507.2,-598419.6,1.08,48.59,1.0,0
1790971419.51,748798.5,348.5,1501.6,1256.9,-10.1,175.7,10.1,1507.2,-598419.6,1.08,48.59,1.0,0
1790971420.01,748798.6,349.0,1501.2,1256.5,-10.0,175.7,10.0,1506.7,-598419.8,1.09,48.14,1.0,0
1790971420.52,748798.6,349.5,1501.2,1256.5,-10.0,175.7,10.0,1506.7,-598419.8,1.09,48.14,1.0,0
1790971421.02,748798.6,350.0,1500.8,1256.1,-10.0,175.7,10.0,1506.3,-598419.9,1.09,47.65,1.0,0
1790971421.52,748798.6,350.5,1500.8,1256.1,-10.0,175.7,10.0,1506.3,-598419.9,1.09,47.65,1.0,0
1790971422.02,748798.6,351.0,1500.6,1255.9,-9.9,175.7,9.9,1506.0,-598420.0,1.09,47.4,1.0,0
1790971422.52,748798.6,351.5,1500.4,1255.7,-9.9,175.7,9.9,1505.8,-598420.0,1.09,47.15,1.0,0
1790971423.02,748798.6,352.0,1500.4,1255.7,-9.9,175.7,9.9,1505.8,-598420.0,1.09,47.15,1.0,0
1790971423.52,748798.7,352.5,1500.0,1255.3,-9.9,175.7,9.9,1505.4,-598420.2,1.08,46.66,1.0,0
1790971424.02,748798.7,353.0,1500.0,1255.3,-9.9,175.7,9.9,1505.4,-598420.2,1.08,46.66,1.0,0
1790971424.52,748798.7,353.5,1499.6,1254.9,-9.8,175.7,9.8,1504.9,-598420.3,1.08,46.19,1.0,0
1790971425.03,748798.7,354.0,1499.6,1254.9,-9.8,175.7,9.8,1504.9,-598420.3,1.08,46.19,1.0,0
1790971425.53,748798.8,354.5,1499.2,1254.5,-9.8,175.6,9.8,1504.5,-598420.4,1.08,45.75,1.0,0
1790971426.03,748798.8,355.0,1499.2,1254.5,-9.8,175.6,9.8,1504.5,-598420.4,1.08,45.75,1.0,0
1790971426.53,748798.8,355.5,1498.9,1254.1,-9.7,175.6,9.7,1504.1,-598420.6,1.09,45.34,1.0,0
1790971427.03,748798.8,356.0,1498.9,1254.1,-9.7,175.6,9.7,1504.1,-598420.6,1.09,45.34,1.0,0
1790971427.53,748798.8,356.5,1498.5,1253.7,-9.7,175.6,9.7,1503.6,-598420.7,1.1,44.95,1.0,0
1790971428.03,748798.8,357.0,1498.5,1253.7,-9.7,175.6,9.7,1503.6,-598420.7,1.1,44.95,1.0,0
1790971428.53,748798.9,357.5,1498.1,1253.3,-9.6,175.6,9.6,1503.2,-598420.8,1.11,44.58,1.0,0
1790971429.04,748798.9,358.0,1498.1,1253.3,-9.6,175.6,9.6,1503.2,-598420.8,1.11,44.58,1.0,0
1790971429.54,748798.9,358.5,1497.7,1253.0,-9.6,175.6,9.6,1502.8,-598421.0,1.11,44.22,1.0,0
1790971430.04,748798.9,359.0,1497.7,1253.0,-9.6,175.6,9.6,1502.8,-598421.0,1.11,44.22,1.0,0
1790971430.54,748799.0,359.5,1497.3,1252.6,-9.6,175.6,9.6,1502.4,-598421.1,1.11,43.88,1.0,0
1790971431.04,748799.0,360.0,1497.3,1252.6,-9.6,175.6,9.6,1502.4,-598421.1,1.11,43.88,1.0,0
1790971431.54,748799.0,360.5,1496.9,1252.2,-9.5,175.6,9.5,1501.9,-598421.2,1.1,43.56,1.0,0
1790971432.04,748799.0,361.0,1496.9,1252.2,-9.5,175.6,9.5,1501.9,-598421.2,1.1,43.56,1.0,0
1790971432.54,748799.0,361.5,1496.6,1251.8,-9.5,175.6,9.5,1501.5,-598421.3,1.1,43.26,1.0,0
1790971433.05,748799.0,362.0,1496.6,1251.8,-9.5,175.6,9.5,1501.5,-598421.3,1.1,43.26,1.0,0
1790971433.55,748799.1,362.5,1496.2,1251.4,-9.5,175.6,9.5,1501.1,-598421.4,1.09,43.0,1.0,0
1790971434.05,748799.1,363.0,1496.2,1251.4,-9.5,175.6,9.5,1501.1,-598421.4,1.09,43.0,1.0,0
1790971434.55,748799.1,363.5,1495.8,1251.1,-9.4,175.6,9.4,1500.7,-598421.5,1.09,42.77,1.0,0
1790971435.05,748799.1,364.0,1495.8,1251.1,-9.4,175.6,9.4,1500.7,-598421.5,1.09,42.77,1.0,0
1790971435.55,748799.3,364.5,1494.5,1249.7,-9.4,175.6,9.4,1499.4,-598421.6,1.05,42.59,1.0,0
1790971436.05,748799.7,365.0,1489.8,1245.0,-10.0,175.6,10.0,1495.3,-598421.1,0.85,48.5,1.0,0
1790971436.55,748800.2,365.5,1484.7,1240.0,-10.1,175.7,10.1,1490.3,-598419.8,1.01,49.33,1.0,0
1790971437.06,748800.7,366.0,1479.6,1234.9,-10.1,175.7,10.1,1485.3,-598419.5,0.98,49.49,1.0,0
1790971437.56,748801.2,366.5,1474.6,1229.9,-9.9,175.6,9.9,1480.1,-598420.7,1.01,47.54,1.0,0
1790971438.06,748801.7,367.0,1469.8,1225.0,-9.6,175.6,9.6,1474.9,-598421.7,1.06,44.44,1.0,0
1790971438.56,748802.2,367.5,1464.8,1220.1,-10.0,175.6,10.0,1470.4,-598421.2,0.91,48.54,1.0,0
1790971439.06,748802.8,368.0,1459.5,1214.7,-10.3,175.7,10.3,1465.3,-598420.1,0.95,51.5,1.0,0
1790971439.56,748803.3,368.5,1454.3,1209.5,-10.3,175.7,10.3,1460.1,-598419.9,0.99,51.14,1.0,0
1790971440.06,748803.8,369.0,1449.3,1204.5,-10.0,175.6,10.0,1454.7,-598421.1,1.03,47.89,1.0,0
1790971440.56,748804.3,369.5,1444.4,1199.7,-9.7,175.6,9.7,1449.6,-598421.8,1.04,45.08,1.0,0
1790971441.06,748804.8,370.0,1439.4,1194.7,-10.1,175.6,10.1,1445.0,-598421.3,0.9,49.25,1.0,0
1790971441.57,748805.3,370.5,1434.2,1189.5,-10.7,175.7,10.7,1440.5,-598420.5,0.86,55.57,1.0,0
1790971442.07,748805.8,371.0,1428.9,1184.2,-10.4,175.7,10.4,1434.9,-598420.4,1.06,52.38,1.0,0
1790971442.57,748806.3,371.5,1423.8,1179.1,-10.1,175.6,10.1,1429.5,-598421.3,1.02,49.64,1.0,0
1790971443.07,748806.8,372.0,1418.8,1174.0,-10.0,175.6,10.0,1424.3,-598421.8,1.02,49.0,1.0,0
1790971443.57,748807.3,372.5,1413.7,1168.9,-10.2,175.6,10.2,1419.4,-598421.4,0.98,50.96,1.0,0
1790971444.07,748807.8,373.0,1408.5,1163.7,-10.5,175.7,10.5,1414.5,-598420.8,0.92,53.51,1.0,0
1790971444.57,748808.3,373.5,1403.3,1158.5,-10.3,175.7,10.3,1409.1,-598420.8,1.02,51.59,1.0,0
1790971445.07,748808.8,374.0,1398.2,1153.5,-10.2,175.6,10.2,1403.9,-598421.5,0.99,50.47,1.0,0
1790971445.58,748809.3,374.5,1393.1,1148.4,-10.1,175.6,10.1,1398.7,-598421.9,1.03,49.22,1.0,0
1790971446.08,748809.8,375.0,1387.8,1143.1,-10.2,175.6,10.2,1393.6,-598421.6,1.0,50.96,1.0,0
1790971446.58,748810.3,375.5,1382.6,1137.9,-10.5,175.7,10.5,1388.7,-598421.1,0.91,54.18,1.0,0
1790971447.08,748810.8,376.0,1377.3,1132.6,-10.5,175.7,10.5,1383.4,-598421.2,1.04,53.64,1.0,0
1790971447.58,748811.3,376.5,1372.4,1127.7,-10.3,175.6,10.3,1378.2,-598421.7,1.01,51.52,1.0,0
1790971448.08,748811.8,377.0,1367.3,1122.5,-10.2,175.6,10.2,1373.0,-598422.0,1.04,50.35,1.0,0
1790971448.58,748812.3,377.6,1362.1,1117.4,-10.2,175.6,10.2,1367.9,-598421.8,0.99,51.16,1.0,0
1790971449.08,748812.8,378.1,1356.9,1112.1,-10.1,175.7,10.1,1362.5,-598421.5,1.0,50.2,1.0,0
1790971449.59,748813.3,378.6,1351.7,1107.0,-10.1,175.6,10.1,1357.4,-598421.5,1.02,50.15,1.0,0
1790971450.09,748813.8,379.1,1346.8,1102.0,-10.0,175.6,10.0,1352.3,-598421.9,1.01,48.78,1.0,0
1790971450.59,748814.3,379.6,1341.9,1097.2,-10.3,175.6,10.3,1347.7,-598422.1,0.94,52.13,1.0,0
1790971451.09,748814.8,380.1,1336.8,1092.0,-10.2,175.6,10.2,1342.5,-598422.0,1.02,50.83,1.0,0
1790971451.59,748815.3,380.6,1331.5,1086.7,-10.3,175.6,10.3,1337.3,-598421.8,0.96,51.91,1.0,0
1790971452.09,748815.7,381.1,1327.1,1082.4,-10.4,175.7,10.4,1333.1,-598421.8,0.95,53.28,1.0,0
1790971452.59,748815.7,381.6,1327.1,1082.4,-10.4,175.7,10.4,1333.1,-598421.8,0.95,53.28,1.0,0
1790971453.09,748815.7,382.1,1326.7,1081.9,-10.4,175.7,10.4,1332.6,-598421.8,0.96,52.89,1.0,0
1790971453.6,748815.7,382.6,1326.7,1081.9,-10.4,175.7,10.4,1332.6,-598421.8,0.96,52.89,1.0,0
1790971454.1,748815.8,383.1,1326.3,1081.5,-10.3,175.7,10.3,1332.1,-598421.8,0.97,52.48,1.0,0
1790971454.6,748815.8,383.6,1326.3,1081.5,-10.3,175.7,10.3,1332.1,-598421.8,0.97,52.48,1.0,0
1790971455.1,748815.8,384.1,1325.9,1081.1,-10.3,175.6,10.3,1331.7,-598421.9,0.99,52.08,1.0,0
1790971455.6,748815.8,384.6,1325.9,1081.1,-10.3,175.6,10.3,1331.7,-598421.9,0.99,52.08,1.0,0
1790971456.1,748815.9,385.1,1325.4,1080.7,-10.3,175.6,10.3,1331.2,-598421.9,1.01,51.69,1.0,0
1790971456.6,748815.9,385.6,1325.4,1080.7,-10.3,175.6,10.3,1331.2,-598421.9,1.01,51.69,1.0,0
1790971457.1,748815.9,386.1,1325.0,1080.3,-10.2,175.6,10.2,1330.8,-598421.9,1.03,51.34,1.0,0
1790971457.61,748815.9,386.6,1325.0,1080.3,-10.2,175.6,10.2,1330.8,-598421.9,1.03,51.34,1.0,0
1790971458.11,748815.9,387.1,1324.6,1079.9,-10.2,175.6,10.2,1330.3,-598421.9,1.06,51.02,1.0,0
1790971458.61,748815.9,387.6,1324.6,1079.9,-10.2,175.6,10.2,1330.3,-598421.9,1.06,51.02,1.0,0
1790971459.11,748816.0,388.1,1324.2,1079.5,-10.2,175.6,10.2,1329.9,-598422.0,1.07,50.75,1.0,0
1790971459.61,748816.0,388.6,1324.2,1079.5,-10.2,175.6,10.2,1329.9,-598422.0,1.07,50.75,1.0,0
1790971460.11,748816.0,389.1,1323.8,1079.1,-10.1,175.6,10.1,1329.5,-598422.0,1.07,50.53,1.0,0
1790971460.61,748816.0,389.6,1323.8,1079.1,-10.1,175.6,10.1,1329.5,-598422.0,1.07,50.53,1.0,0
1790971461.11,748816.1,390.1,1323.4,1078.7,-10.1,175.6,10.1,1329.1,-598422.0,1.07,50.36,1.0,0
1790971461.62,748816.1,390.6,1323.4,1078.7,-10.1,175.6,10.1,1329.1,-598422.0,1.07,50.36,1.0,0
1790971462.12,748816.1,391.1,1323.4,1078.7,-10.1,175.6,10.1,1329.1,-598422.0,1.07,50.36,1.0,0
1790971462.62,748816.1,391.6,1323.0,1078.3,-10.1,175.6,10.1,1328.6,-598422.0,1.07,50.25,1.0,0
1790971463.12,748816.1,392.1,1323.0,1078.3,-10.1,175.6,10.1,1328.6,-598422.0,1.07,50.25,1.0,0
1790971463.62,748816.1,392.6,1322.6,1077.9,-10.1,175.6,10.1,1328.2,-598422.1,1.06,50.2,1.0,0
1790971464.12,748816.1,393.1,1322.6,1077.9,-10.1,175.6,10.1,1328.2,-598422.1,1.06,50.2,1.0,0
1790971464.62,748816.2,393.6,1322.2,1077.5,-10.1,175.6,10.1,1327.8,-598422.1,1.05,50.2,1.0,0
1790971465.12,748816.2,394.1,1322.2,1077.5,-10.1,175.6,10.1,1327.8,-598422.1,1.05,50.2,1.0,0
1790971465.63,748816.2,394.6,1321.8,1077.1,-10.1,175.6,10.1,1327.4,-598422.1,1.04,50.25,1.0,0
1790971466.13,748816.2,395.1,1321.8,1077.1,-10.1,175.6,10.1,1327.4,-598422.1,1.04,50.25,1.0,0
1790971466.63,748816.3,395.6,1321.4,1076.7,-10.1,175.6,10.1,1327.0,-598422.1,1.03,50.34,1.0,0
1790971467.13,748816.3,396.1,1321.4,1076.7,-10.1,175.6,10.1,1327.0,-598422.1,1.03,50.34,1.0,0
1790971467.63,748816.3,396.6,1321.0,1076.2,-10.1,175.6,10.1,1326.6,-598422.2,1.01,50.47,1.0,0
1790971468.13,748816.4,397.1,1320.4,1075.6,-10.2,175.6,10.2,1326.1,-598422.2,1.0,50.72,1.0,0
1790971468.63,748816.8,397.6,1315.4,1070.7,-10.4,175.6,10.4,1321.3,-598422.3,0.94,53.27,1.0,0
1790971469.14,748817.3,398.1,1310.1,1065.4,-10.3,175.6,10.3,1316.0,-598422.3,1.04,52.64,1.0,0
1790971469.64,748817.8,398.6,1305.1,1060.3,-10.1,175.6,10.1,1310.7,-598422.1,1.03,49.99,1.0,0
1790971470.14,748818.4,399.1,1299.8,1055.1,-9.9,175.6,9.9,1305.3,-598422.2,1.05,48.45,1.0,0
1790971470.64,748818.9,399.6,1294.9,1050.2,-9.9,175.6,9.9,1300.3,-598422.4,0.99,48.02,1.0,0
1790971471.14,748819.4,400.1,1289.8,1045.1,-10.4,175.6,10.4,1295.8,-598422.6,0.88,53.3,1.0,0
1790971471.64,748819.9,400.6,1284.7,1039.9,-10.3,175.6,10.3,1290.4,-598422.5,1.03,51.83,1.0,0
1790971472.14,748820.4,401.1,1279.4,1034.7,-10.7,175.7,10.7,1285.7,-598422.5,0.9,56.51,1.0,0
1790971472.64,748820.9,401.6,1274.1,1029.4,-10.5,175.6,10.5,1280.2,-598422.5,1.01,54.67,1.0,0
1790971473.14,748821.4,402.1,1268.9,1024.2,-10.5,175.6,10.5,1275.0,-598422.6,0.96,54.91,1.0,0
1790971473.65,748821.9,402.6,1263.7,1018.9,-10.3,175.6,10.3,1269.5,-598422.8,1.06,52.65,1.0,0
1790971474.15,748822.4,403.1,1258.5,1013.7,-10.3,175.6,10.3,1264.3,-598422.8,1.01,52.54,1.0,0
1790971474.65,748822.9,403.6,1253.3,1008.6,-10.4,175.6,10.4,1259.3,-598422.8,0.95,53.4,1.0,0
1790971475.15,748823.4,404.1,1248.2,1003.4,-10.4,175.6,10.4,1254.1,-598422.8,1.01,53.36,1.0,0
1790971475.65,748823.9,404.6,1243.0,998.3,-10.4,175.6,10.4,1249.0,-598422.9,0.97,53.92,1.0,0
1790971476.15,748824.4,405.1,1237.8,993.1,-10.2,175.6,10.2,1243.5,-598423.0,1.06,51.59,1.0,0
1790971476.65,748824.9,405.6,1232.8,988.0,-10.1,175.6,10.1,1238.4,-598423.1,0.99,51.03,1.0,0
1790971477.15,748825.4,406.1,1227.7,983.0,-10.1,175.6,10.1,1233.3,-598423.0,1.02,50.35,1.0,0
1790971477.66,748825.9,406.6,1222.7,977.9,-10.1,175.6,10.1,1228.3,-598423.1,0.97,51.03,1.0,0
1790971478.16,748826.4,407.1,1217.5,972.8,-10.3,175.6,10.3,1223.4,-598423.2,0.98,52.69,1.0,0
1790971478.66,748826.9,407.6,1212.2,967.4,-10.3,175.6,10.3,1218.0,-598423.3,1.03,52.66,1.0,0
1790971479.16,748827.4,408.1,1206.9,962.2,-10.6,175.6,10.6,1213.1,-598423.3,0.95,55.9,1.0,0
1790971479.66,748827.9,408.6,1201.6,956.8,-10.8,175.6,10.8,1208.0,-598423.3,0.95,58.28,1.0,0
1790971480.16,748828.4,409.1,1196.2,951.5,-10.8,175.6,10.8,1202.5,-598423.3,0.99,57.98,1.0,0
1790971480.66,748828.9,409.6,1190.8,946.1,-10.6,175.6,10.6,1197.0,-598423.4,1.03,56.54,1.0,0
1790971481.16,748829.4,410.1,1185.6,940.8,-10.5,175.6,10.5,1191.6,-598423.5,0.99,55.31,1.0,0
1790971481.67,748829.9,410.6,1180.3,935.5,-10.7,175.6,10.7,1186.5,-598423.6,0.96,57.15,1.0,0
1790971482.17,748830.4,411.1,1175.0,930.3,-10.4,175.6,10.4,1180.9,-598423.6,1.03,54.01,1.0,0
1790971482.67,748830.9,411.6,1169.9,925.2,-10.1,175.6,10.1,1175.5,-598423.6,1.04,51.0,1.0,0
1790971483.17,748831.4,412.1,1164.8,920.1,-10.1,175.6,10.1,1170.4,-598423.7,1.02,50.82,1.0,0
1790971483.67,748831.9,412.6,1159.7,915.0,-10.3,175.6,10.3,1165.5,-598423.8,0.94,53.25,1.0,0
1790971484.17,748832.4,413.1,1154.6,909.8,-10.2,175.6,10.2,1160.3,-598423.9,1.04,51.93,1.0,0
1790971484.67,748832.9,413.6,1149.5,904.8,-10.1,175.6,10.1,1155.1,-598423.9,1.01,51.05,1.0,0
1790971485.18,748833.4,414.1,1144.5,899.7,-10.1,175.6,10.1,1150.1,-598423.9,0.99,51.1,1.0,0
1790971485.68,748833.9,414.6,1139.1,894.4,-10.4,175.6,10.4,1145.0,-598424.0,0.95,53.96,1.0,0
1790971486.18,748834.4,415.1,1134.0,889.3,-9.9,175.6,9.9,1139.5,-598424.1,1.08,49.56,1.0,0
1790971486.68,748834.9,415.6,1129.2,884.5,-9.5,175.5,9.5,1134.2,-598424.2,1.07,45.0,1.0,0
1790971487.18,748835.4,416.1,1124.6,879.9,-8.9,175.5,8.9,1129.1,-598424.2,1.07,40.28,1.0,0
1790971487.68,748835.9,416.6,1120.6,875.9,-7.4,175.4,7.4,1123.8,-598424.2,1.33,27.39,1.0,0
1790971488.18,748836.4,417.2,1117.2,872.5,-6.1,175.4,6.1,1119.5,-598424.3,1.23,19.02,1.0,0
1790971488.68,748836.9,417.7,1114.5,869.7,-4.9,175.3,4.9,1116.1,-598424.4,1.25,12.02,1.0,0
1790971489.18,748837.4,418.2,1112.2,867.5,-4.5,175.3,4.5,1113.6,-598424.4,1.04,10.06,1.0,0
1790971489.69,748837.9,418.7,1110.0,865.3,-4.3,175.3,4.3,1111.4,-598424.4,1.0,9.52,1.0,0
1790971490.19,748838.4,419.2,1107.9,863.2,-4.1,175.3,4.1,1109.2,-598424.4,1.03,8.64,1.0,0
1790971490.69,748838.9,419.7,1105.8,861.1,-4.2,175.3,4.2,1107.1,-598424.5,0.98,8.77,1.0,0
1790971491.19,748839.4,420.2,1103.7,859.0,-4.3,175.3,4.3,1105.0,-598424.5,0.97,9.2,1.0,0
1790971491.69,748839.9,420.7,1101.5,856.8,-4.3,175.3,4.3,1102.8,-598424.5,0.98,9.14,1.0,0
1790971492.19,748840.4,421.2,1099.4,854.7,-4.2,175.3,4.2,1100.7,-598424.5,0.99,9.01,1.0,0
1790971492.69,748840.9,421.7,1097.2,852.5,-4.5,175.3,4.5,1098.7,-598424.5,0.94,10.4,1.0,0
1790971493.2,748841.4,422.2,1095.0,850.3,-4.3,175.3,4.3,1096.3,-598424.6,1.04,9.13,1.0,0
1790971493.7,748841.9,422.7,1092.8,848.1,-4.4,175.3,4.4,1094.2,-598424.6,0.95,9.88,1.0,0
1790971494.2,748842.4,423.2,1090.6,845.9,-4.4,175.3,4.4,1092.0,-598424.6,0.98,9.76,1.0,0
1790971494.7,748842.9,423.7,1088.4,843.7,-4.5,175.3,4.5,1089.8,-598424.6,0.96,10.1,1.0,0
1790971495.2,748843.4,424.2,1086.3,841.5,-4.1,175.3,4.1,1087.6,-598424.6,1.05,8.65,1.0,0
1790971495.7,748843.9,424.7,1084.2,839.5,-4.2,175.3,4.2,1085.5,-598424.7,0.96,9.1,1.0,0
1790971496.2,748844.4,425.2,1082.1,837.3,-4.4,175.3,4.4,1083.4,-598424.7,0.94,9.98,1.0,0
1790971496.7,748844.9,425.7,1079.9,835.1,-4.4,175.3,4.4,1081.3,-598424.7,0.99,9.79,1.0,0
1790971497.2,748845.4,426.2,1077.7,832.9,-4.6,175.3,4.6,1079.1,-598424.7,0.94,10.53,1.0,0
1790971497.71,748845.9,426.7,1075.5,830.7,-4.2,175.3,4.2,1076.8,-598424.8,1.07,9.02,1.0,0
1790971498.21,748846.4,427.2,1073.4,828.6,-4.1,175.3,4.1,1074.6,-598424.8,1.01,8.63,1.0,0
1790971498.71,748846.9,427.7,1071.2,826.5,-4.2,175.3,4.2,1072.5,-598424.8,0.97,8.78,1.0,0
1790971499.21,748847.4,428.2,1069.2,824.4,-4.1,175.3,4.1,1070.4,-598424.8,1.02,8.33,1.0,0
1790971499.71,748847.9,428.7,1067.2,822.5,-4.1,175.3,4.1,1068.5,-598424.9,0.98,8.48,1.0,0
1790971500.21,748848.4,429.2,1065.1,820.3,-4.5,175.3,4.5,1066.5,-598424.9,0.9,10.27,1.0,0
1790971500.71,748848.9,429.7,1062.9,818.1,-4.4,175.3,4.4,1064.2,-598424.9,1.02,9.64,1.0,0
1790971501.22,748849.4,430.2,1060.7,816.0,-4.3,175.3,4.3,1062.0,-598424.9,1.01,9.23,1.0,0
1790971501.72,748849.9,430.7,1058.6,813.8,-4.3,175.3,4.3,1059.9,-598424.9,0.97,9.46,1.0,0
1790971502.22,748850.4,431.2,1056.4,811.7,-4.2,175.3,4.2,1057.7,-598425.0,1.01,8.94,1.0,0
1790971502.72,748850.9,431.7,1054.3,809.6,-4.2,175.3,4.2,1055.6,-598425.0,0.99,8.91,1.0,0
1790971503.22,748851.4,432.2,1052.2,807.4,-4.4,175.3,4.4,1053.5,-598425.0,0.95,9.65,1.0,0
1790971503.72,748851.9,432.7,1050.1,805.3,-4.4,175.3,4.4,1051.4,-598425.0,0.97,9.79,1.0,0
1790971504.22,748852.4,433.2,1047.8,803.1,-4.6,175.3,4.6,1049.3,-598425.1,0.94,10.58,1.0,0
1790971504.73,748852.9,433.7,1045.7,800.9,-4.3,175.3,4.3,1047.0,-598425.1,1.05,9.2,1.0,0
1790971505.23,748853.4,434.2,1043.4,798.6,-4.4,175.3,4.4,1044.8,-598425.1,0.95,9.81,1.0,0
1790971505.73,748853.9,434.7,1041.3,796.5,-4.2,175.3,4.2,1042.5,-598425.1,1.02,9.08,1.0,0
1790971506.23,748854.4,435.2,1039.2,794.4,-4.1,175.3,4.1,1040.4,-598425.2,1.02,8.55,1.0,0
1790971506.73,748854.9,435.7,1037.1,792.4,-4.2,175.3,4.2,1038.4,-598425.2,0.98,8.77,1.0,0
1790971507.23,748855.4,436.2,1035.0,790.3,-4.2,175.3,4.2,1036.3,-598425.2,0.99,8.88,1.0,0
1790971507.73,748855.9,436.7,1032.9,788.2,-4.2,175.3,4.2,1034.2,-598425.2,0.99,8.9,1.0,0
1790971508.23,748856.4,437.2,1030.8,786.1,-4.3,175.3,4.3,1032.2,-598425.2,0.95,9.6,1.0,0
1790971508.74,748856.9,437.7,1028.7,783.9,-4.4,175.3,4.4,1030.0,-598425.3,0.97,9.79,1.0,0
1790971509.24,748857.4,438.2,1026.4,781.7,-4.5,175.3,4.5,1027.9,-598425.3,0.96,10.36,1.0,0
1790971509.74,748857.9,438.7,1024.2,779.4,-4.5,175.3,4.5,1025.6,-598425.3,0.97,10.43,1.0,0
1790971510.24,748858.4,439.2,1022.0,777.2,-4.6,175.3,4.6,1023.4,-598425.3,0.96,10.59,1.0,0
1790971510.74,748858.9,439.7,1019.8,775.0,-4.2,175.3,4.2,1021.0,-598425.4,1.07,9.0,1.0,0
1790971511.24,748859.5,440.2,1017.5,772.8,-4.5,175.3,4.5,1018.9,-598425.4,0.92,10.16,1.0,0
1790971511.74,748860.0,440.7,1015.4,770.6,-4.3,175.3,4.3,1016.7,-598425.4,1.01,9.61,1.0,0
1790971512.24,748860.5,441.2,1013.2,768.5,-4.2,175.3,4.2,1014.5,-598425.4,1.04,9.07,1.0,0
1790971512.75,748861.0,441.7,1011.0,766.3,-4.4,175.3,4.4,1012.4,-598425.4,0.97,9.73,1.0,0
1790971513.25,748861.5,442.2,1008.9,764.2,-4.2,175.3,4.2,1010.2,-598425.5,1.02,9.06,1.0,0
1790971513.75,748862.0,442.7,1006.7,761.9,-4.5,175.3,4.5,1008.1,-598425.5,0.95,10.27,1.0,0
1790971514.25,748862.5,443.2,1004.5,759.8,-4.2,175.3,4.2,1005.8,-598425.5,1.06,9.12,1.0,0
1790971514.75,748863.0,443.7,1002.3,757.6,-4.4,175.3,4.4,1003.7,-598425.5,0.97,9.74,1.0,0
1790971515.25,748863.5,444.2,1000.2,755.5,-4.2,175.3,4.2,1001.5,-598425.6,1.02,8.94,1.0,0
1790971515.75,748864.0,444.7,998.2,753.4,-4.1,175.3,4.1,999.4,-598425.6,1.0,8.67,1.0,0
1790971516.25,748864.5,445.2,996.0,751.3,-4.4,175.3,4.4,997.4,-598425.6,0.93,10.02,1.0,0
1790971516.76,748865.0,445.7,993.8,749.1,-4.4,175.3,4.4,995.2,-598425.6,0.98,9.73,1.0,0
1790971517.26,748865.5,446.2,991.6,746.9,-4.4,175.3,4.4,993.0,-598425.6,0.97,9.97,1.0,0
1790971517.76,748866.0,446.7,989.5,744.7,-4.4,175.3,4.4,990.8,-598425.7,0.98,9.72,1.0,0
1790971518.26,748866.5,447.2,987.2,742.5,-4.3,175.3,4.3,988.6,-598425.7,1.02,9.34,1.0,0
1790971518.76,748867.0,447.7,985.1,740.3,-4.3,175.3,4.3,986.4,-598425.7,1.02,9.4,1.0,0
1790971519.26,748867.5,448.2,983.0,738.2,-4.1,175.3,4.1,984.2,-598425.7,1.03,8.57,1.0,0
1790971519.76,748868.0,448.7,980.9,736.1,-4.2,175.3,4.2,982.2,-598425.8,0.96,9.06,1.0,0
1790971520.26,748868.5,449.2,978.8,734.0,-4.4,175.3,4.4,980.1,-598425.8,0.97,9.78,1.0,0
1790971520.77,748869.0,449.7,976.6,731.8,-4.3,175.3,4.3,977.9,-598425.8,1.01,9.55,1.0,0
1790971521.27,748869.5,450.2,974.4,729.6,-4.4,175.3,4.4,975.8,-598425.8,0.96,9.95,1.0,0
1790971521.77,748870.0,450.7,972.2,727.4,-4.3,175.3,4.3,973.5,-598425.9,1.02,9.55,1.0,0
1790971522.27,748870.5,451.2,970.1,725.3,-4.2,175.3,4.2,971.3,-598425.9,1.04,8.98,1.0,0
1790971522.77,748871.0,451.7,967.9,723.1,-4.3,175.3,4.3,969.2,-598425.9,0.97,9.57,1.0,0
1790971523.27,748871.5,452.2,965.7,721.0,-4.4,175.3,4.4,967.1,-598425.9,1.0,9.72,1.0,0
1790971523.77,748872.0,452.7,963.6,718.8,-4.3,175.3,4.3,964.9,-598425.9,1.01,9.55,1.0,0
1790971524.28,748872.5,453.2,961.4,716.6,-4.4,175.3,4.4,962.7,-598426.0,0.96,9.92,1.0,0
1790971524.78,748873.0,453.7,959.2,714.5,-4.4,175.3,4.4,960.6,-598426.0,0.99,9.76,1.0,0
1790971525.28,748873.5,454.2,957.1,712.3,-4.1,175.3,4.1,958.3,-598426.0,1.07,8.72,1.0,0
1790971525.78,748874.0,454.7,955.0,710.2,-4.3,175.3,4.3,956.3,-598426.0,0.94,9.4,1.0,0
1790971526.28,748874.5,455.2,952.8,708.0,-4.3,175.3,4.3,954.1,-598426.1,1.01,9.4,1.0,0
1790971526.78,748875.0,455.7,950.6,705.8,-4.3,175.3,4.3,951.9,-598426.1,1.03,9.35,1.0,0
1790971527.28,748875.5,456.3,948.6,703.8,-4.1,175.3,4.1,949.8,-598426.1,1.03,8.56,1.0,0
1790971527.78,748876.0,456.8,946.5,701.7,-4.1,175.3,4.1,947.7,-598426.1,0.98,8.81,1.0,0
1790971528.29,748876.5,457.3,944.4,699.6,-4.2,175.3,4.2,945.7,-598426.1,0.99,8.89,1.0,0
1790971528.79,748877.3,457.8,941.2,696.4,-4.3,175.3,4.3,942.5,-598426.2,0.97,9.67,1.0,0
1790971529.29,748878.3,458.3,936.9,692.1,-4.5,175.3,4.5,938.3,-598426.2,0.97,10.2,1.0,0
1790971529.79,748878.8,458.8,934.4,689.6,-4.2,175.3,4.2,935.7,-598426.2,1.01,9.17,1.0,0
1790971530.29,748878.8,459.3,934.4,689.6,-4.2,175.3,4.2,935.7,-598426.2,1.01,9.17,1.0,0
1790971530.79,748878.8,459.8,934.4,689.6,-4.2,175.3,4.2,935.7,-598426.2,1.01,9.17,1.0,0
1790971531.29,748878.8,460.3,934.4,689.6,-4.2,175.3,4.2,935.7,-598426.2,1.01,9.17,1.0,0
1790971531.79,748878.8,460.8,934.4,689.6,-4.2,175.3,4.2,935.7,-598426.2,1.01,9.17,1.0,0
1790971532.3,748879.8,461.3,930.3,685.6,-4.4,175.3,4.4,931.7,-598426.3,0.96,10.12,1.0,0
1790971532.8,748880.8,461.8,926.0,681.2,-4.4,175.3,4.4,927.3,-598426.3,0.99,9.96,1.0,0
1790971533.3,748881.8,462.3,921.7,676.9,-4.2,175.3,4.2,922.9,-598426.4,1.0,9.11,1.0,0
1790971533.8,748882.8,462.8,917.4,672.6,-4.4,175.3,4.4,918.7,-598426.4,0.98,10.11,1.0,0
1790971534.3,748883.8,463.3,913.1,668.3,-4.4,175.3,4.4,914.4,-598426.5,0.99,9.84,1.0,0
1790971534.8,748884.8,463.8,908.8,664.0,-4.3,175.3,4.3,910.1,-598426.5,1.01,9.35,1.0,0
1790971535.3,748885.8,464.3,904.5,659.7,-4.4,175.3,4.4,905.9,-598426.6,0.98,10.12,1.0,0
1790971535.8,748886.8,464.8,900.0,655.3,-4.4,175.3,4.4,901.4,-598426.6,0.99,10.18,1.0,0
1790971536.31,748887.8,465.3,895.4,650.6,-4.4,175.3,4.4,896.8,-598426.7,0.99,10.17,1.0,0
1790971536.81,748888.8,465.8,891.0,646.3,-4.4,175.3,4.4,892.4,-598426.7,0.99,9.89,1.0,0
1790971537.31,748889.8,466.3,886.8,642.0,-4.3,175.3,4.3,888.1,-598426.7,0.98,9.69,1.0,0
1790971537.81,748890.8,466.8,882.6,637.9,-4.1,175.2,4.1,883.8,-598426.8,1.01,8.72,1.0,0
1790971538.31,748891.8,467.3,878.3,633.6,-4.4,175.3,4.4,879.7,-598426.8,0.98,9.88,1.0,0
1790971538.81,748892.8,467.8,874.1,629.3,-4.2,175.2,4.2,875.4,-598426.9,0.99,9.24,1.0,0
1790971539.31,748893.8,468.3,869.7,625.0,-4.5,175.3,4.5,871.1,-598426.9,0.97,10.29,1.0,0
1790971539.81,748894.8,468.8,865.4,620.7,-4.2,175.2,4.2,866.7,-598427.0,1.0,9.19,1.0,0
1790971540.32,748895.8,469.3,861.0,616.3,-4.4,175.3,4.4,862.4,-598427.0,0.97,10.22,1.0,0
1790971540.82,748896.8,469.8,856.7,611.9,-4.4,175.2,4.4,858.0,-598427.1,0.99,9.99,1.0,0
1790971541.32,748897.8,470.3,852.5,607.8,-4.1,175.2,4.1,853.8,-598427.1,1.01,8.54,1.0,0
1790971541.82,748898.8,470.8,848.3,603.5,-4.4,175.2,4.4,849.7,-598427.2,0.95,10.21,1.0,0
1790971542.32,748899.8,471.3,844.1,599.3,-4.1,175.2,4.1,845.3,-598427.2,1.02,8.75,1.0,0
1790971542.82,748900.9,471.8,839.8,595.0,-4.2,175.2,4.2,841.0,-598427.2,1.0,9.15,1.0,0
1790971543.32,748901.9,472.3,835.4,590.6,-4.4,175.2,4.4,836.7,-598427.3,0.97,10.11,1.0,0
1790971543.83,748902.9,472.8,831.1,586.3,-4.3,175.2,4.3,832.4,-598427.3,0.99,9.51,1.0,0
1790971544.33,748903.9,473.3,826.8,582.0,-4.3,175.2,4.3,828.1,-598427.4,0.99,9.48,1.0,0
1790971544.83,748904.9,473.8,822.6,577.9,-4.1,175.2,4.1,823.8,-598427.4,1.02,8.59,1.0,0
1790971545.33,748905.9,474.3,818.4,573.6,-4.4,175.2,4.4,819.8,-598427.5,0.96,10.05,1.0,0
1790971545.83,748906.9,474.8,814.2,569.5,-4.1,175.2,4.1,815.5,-598427.5,1.02,8.91,1.0,0
1790971546.33,748907.9,475.3,809.9,565.1,-4.2,175.2,4.2,811.2,-598427.6,1.0,9.19,1.0,0
1790971546.83,748908.9,475.8,805.6,560.9,-4.3,175.2,4.3,807.0,-598427.6,0.98,9.63,1.0,0
1790971547.33,748909.9,476.3,801.4,556.6,-4.2,175.2,4.2,802.6,-598427.6,1.0,9.08,1.0,0
1790971547.83,748910.9,476.8,797.1,552.3,-4.2,175.2,4.2,798.4,-598427.7,0.99,9.35,1.0,0
1790971548.34,748911.9,477.3,793.0,548.2,-4.0,175.2,4.0,794.2,-598427.7,1.01,8.56,1.0,0
1790971548.84,748912.9,477.8,788.7,544.0,-4.2,175.2,4.2,790.0,-598427.8,0.98,9.21,1.0,0
1790971549.34,748913.9,478.3,784.5,539.7,-4.3,175.2,4.3,785.8,-598427.8,0.99,9.71,1.0,0
1790971549.84,748914.9,478.8,780.2,535.5,-4.3,175.2,4.3,781.5,-598427.9,0.98,9.76,1.0,0
1790971550.34,748915.9,479.3,775.8,531.0,-4.2,175.2,4.2,777.1,-598427.9,1.0,9.48,1.0,0
1790971550.84,748916.9,479.8,771.5,526.8,-4.1,175.2,4.1,772.8,-598428.0,1.01,9.02,1.0,0
1790971551.34,748917.9,480.3,767.3,522.6,-4.4,175.2,4.4,768.7,-598428.0,0.96,10.22,1.0,0
1790971551.85,748918.9,480.8,763.0,518.3,-4.2,175.2,4.2,764.3,-598428.0,1.0,9.27,1.0,0
1790971552.35,748919.9,481.3,758.9,514.2,-4.1,175.2,4.1,760.2,-598428.1,1.0,8.9,1.0,0
1790971552.85,748920.9,481.8,754.7,510.0,-4.3,175.2,4.3,756.0,-598428.1,0.97,9.77,1.0,0
1790971553.35,748921.9,482.3,750.4,505.7,-4.4,175.2,4.4,751.8,-598428.2,0.99,10.04,1.0,0
1790971553.85,748922.9,482.8,746.2,501.4,-4.5,175.2,4.5,747.6,-598428.2,0.96,10.58,1.0,0
1790971554.35,748923.9,483.3,741.8,497.0,-4.5,175.2,4.5,743.2,-598428.3,0.99,10.59,1.0,0
1790971554.85,748924.9,483.8,737.5,492.7,-4.3,175.2,4.3,738.8,-598428.3,1.01,9.66,1.0,0
1790971555.35,748925.9,484.3,733.2,488.5,-4.2,175.2,4.2,734.5,-598428.4,0.99,9.4,1.0,0
1790971555.86,748926.9,484.8,729.0,484.2,-4.3,175.2,4.3,730.3,-598428.4,0.97,9.95,1.0,0
1790971556.36,748927.9,485.3,724.7,479.9,-4.3,175.2,4.3,726.0,-598428.4,1.01,9.65,1.0,0
1790971556.86,748928.9,485.8,720.4,475.6,-4.1,175.2,4.1,721.6,-598428.5,1.0,8.91,1.0,0
1790971557.36,748929.9,486.3,716.3,471.5,-4.1,175.2,4.1,717.5,-598428.5,0.99,9.04,1.0,0
1790971557.86,748930.9,486.8,712.0,467.3,-4.5,175.2,4.5,713.4,-598428.6,0.95,10.52,1.0,0
1790971558.36,748931.9,487.3,707.9,463.1,-4.2,175.2,4.2,709.1,-598428.6,1.02,9.24,1.0,0
1790971558.86,748932.9,487.8,703.6,458.8,-4.3,175.2,4.3,704.9,-598428.7,0.98,9.99,1.0,0
1790971559.36,748933.9,488.3,699.3,454.5,-4.2,175.2,4.2,700.5,-598428.7,1.02,9.19,1.0,0
1790971559.87,748934.9,488.8,695.1,450.3,-4.3,175.2,4.3,696.4,-598428.8,0.99,9.74,1.0,0
1790971560.37,748935.9,489.3,690.8,446.1,-4.3,175.2,4.3,692.1,-598428.8,0.99,9.88,1.0,0
1790971560.87,748936.9,489.8,686.5,441.8,-4.2,175.2,4.2,687.8,-598428.8,1.0,9.2,1.0,0
1790971561.37,748937.9,490.3,682.4,437.6,-4.2,175.2,4.2,683.7,-598428.9,0.98,9.56,1.0,0
1790971561.87,748938.9,490.8,678.1,433.3,-4.3,175.2,4.3,679.4,-598428.9,0.98,9.87,1.0,0
1790971562.37,748939.9,491.3,673.8,429.1,-4.5,175.2,4.5,675.2,-598429.0,0.95,10.56,1.0,0
1790971562.87,748940.9,491.8,669.4,424.7,-4.4,175.2,4.4,670.8,-598429.0,0.99,10.52,1.0,0
1790971563.37,748942.0,492.3,665.3,420.5,-4.2,175.2,4.2,666.5,-598429.1,1.01,9.52,1.0,0
1790971563.88,748942.9,492.8,661.0,416.3,-4.3,175.2,4.3,662.3,-598429.1,0.99,9.89,1.0,0
1790971564.38,748943.9,493.3,656.8,412.0,-4.1,175.2,4.1,658.0,-598429.2,1.0,9.12,1.0,0
1790971564.88,748944.9,493.8,652.6,407.8,-4.3,175.2,4.3,653.9,-598429.2,0.97,9.86,1.0,0
1790971565.38,748945.9,494.3,648.3,403.6,-4.3,175.2,4.3,649.7,-598429.2,0.99,10.07,1.0,0
1790971565.88,748946.9,494.8,644.1,399.3,-4.4,175.2,4.4,645.5,-598429.3,0.96,10.56,1.0,0
1790971566.38,748948.0,495.3,639.7,395.0,-4.2,175.2,4.2,641.0,-598429.3,1.01,9.21,1.0,0
1790971566.88,748949.0,495.9,635.7,390.9,-4.1,175.2,4.1,636.9,-598429.4,1.0,9.03,1.0,0
1790971567.38,748950.0,496.4,631.5,386.7,-4.1,175.2,4.1,632.7,-598429.4,1.0,9.01,1.0,0
1790971567.89,748951.0,496.9,627.4,382.7,-4.1,175.2,4.1,628.7,-598429.5,0.99,9.0,1.0,0
1790971568.39,748952.0,497.4,623.2,378.5,-4.2,175.2,4.2,624.5,-598429.5,0.99,9.24,1.0,0
1790971568.89,748953.0,497.9,619.1,374.3,-4.2,175.2,4.2,620.4,-598429.6,0.98,9.43,1.0,0
1790971569.39,748954.0,498.4,614.8,370.1,-4.2,175.2,4.2,616.1,-598429.6,0.99,9.55,1.0,0
1790971569.89,748955.0,498.9,610.6,365.8,-4.2,175.2,4.2,611.9,-598429.6,0.99,9.58,1.0,0
1790971570.39,748956.0,499.4,606.4,361.6,-4.1,175.2,4.1,607.6,-598429.7,1.02,8.9,1.0,0
1790971570.89,748957.0,499.9,602.1,357.4,-4.2,175.2,4.2,603.4,-598429.7,0.99,9.58,1.0,0
1790971571.4,748958.0,500.4,597.9,353.1,-4.2,175.2,4.2,599.2,-598429.8,1.0,9.66,1.0,0
1790971571.9,748959.0,500.9,593.8,349.0,-4.2,175.2,4.2,595.0,-598429.8,0.99,9.41,1.0,0
1790971572.4,748960.0,501.4,589.5,344.8,-4.2,175.2,4.2,590.8,-598429.9,1.01,9.33,1.0,0
1790971572.9,748961.0,501.9,585.5,340.7,-4.1,175.2,4.1,586.7,-598429.9,1.0,8.91,1.0,0
1790971573.4,748962.0,502.4,581.3,336.5,-4.2,175.2,4.2,582.5,-598430.0,0.98,9.35,1.0,0
1790971573.9,748963.0,502.9,577.1,332.4,-4.1,175.2,4.1,578.4,-598430.0,1.0,9.24,1.0,0
1790971574.4,748964.0,503.4,573.0,328.2,-4.2,175.2,4.2,574.2,-598430.0,0.99,9.43,1.0,0
1790971574.9,748965.0,503.9,568.9,324.1,-4.1,175.2,4.1,570.1,-598430.1,1.0,9.03,1.0,0
1790971575.41,748966.0,504.4,564.7,319.9,-4.2,175.2,4.2,566.0,-598430.1,0.99,9.66,1.0,0
1790971575.91,748967.0,504.9,560.5,315.7,-4.2,175.2,4.2,561.8,-598430.2,1.0,9.72,1.0,0
1790971576.41,748968.0,505.4,556.1,311.4,-4.2,175.2,4.2,557.4,-598430.2,0.99,9.47,1.0,0
1790971576.91,748969.0,505.9,551.9,307.2,-4.2,175.2,4.2,553.2,-598430.3,1.01,9.3,1.0,0
1790971577.41,748970.0,506.4,547.7,302.9,-4.1,175.2,4.1,548.9,-598430.3,1.0,9.1,1.0,0
1790971577.91,748971.0,506.9,543.5,298.8,-4.2,175.2,4.2,544.8,-598430.3,0.98,9.31,1.0,0
1790971578.41,748972.0,507.4,539.3,294.6,-4.2,175.2,4.2,540.6,-598430.4,0.99,9.59,1.0,0
1790971578.91,748973.0,507.9,535.1,290.3,-4.1,175.1,4.1,536.3,-598430.4,1.02,9.09,1.0,0
1790971579.42,748974.0,508.4,530.9,286.1,-4.2,175.1,4.2,532.2,-598430.5,0.99,9.53,1.0,0
1790971579.92,748975.0,508.9,526.7,281.9,-4.1,175.1,4.1,527.9,-598430.5,1.0,9.26,1.0,0
1790971580.42,748976.0,509.4,522.5,277.7,-4.2,175.1,4.2,523.8,-598430.6,0.99,9.56,1.0,0
1790971580.92,748977.0,509.9,518.1,273.4,-4.3,175.1,4.3,519.5,-598430.6,1.0,9.99,1.0,0
1790971581.42,748978.0,510.4,513.9,269.2,-4.1,175.1,4.1,515.2,-598430.7,1.01,9.25,1.0,0
1790971581.92,748979.1,510.9,509.9,265.1,-4.1,175.1,4.1,511.1,-598430.7,1.0,8.91,1.0,0
1790971582.42,748980.1,511.4,505.7,260.9,-4.0,175.1,4.0,506.9,-598430.7,0.99,8.81,1.0,0
1790971582.92,748981.1,511.9,501.6,256.8,-4.2,175.1,4.2,502.8,-598430.8,0.98,9.49,1.0,0
1790971583.43,748982.1,512.4,497.3,252.6,-4.3,175.1,4.3,498.7,-598430.8,0.96,10.2,1.0,0
1790971583.93,748983.1,512.9,493.0,248.2,-4.3,175.1,4.3,494.3,-598430.9,0.99,10.21,1.0,0
1790971584.43,748984.1,513.4,488.7,244.0,-4.1,175.1,4.1,489.9,-598430.9,1.03,9.05,1.0,0
1790971584.93,748985.1,513.9,484.5,239.8,-4.2,175.1,4.2,485.8,-598431.0,0.99,9.69,1.0,0
1790971585.43,748986.1,514.4,480.2,235.4,-4.3,175.1,4.3,481.5,-598431.0,0.99,10.12,1.0,0
1790971585.93,748987.1,514.9,476.0,231.2,-4.1,175.1,4.1,477.2,-598431.1,1.01,9.18,1.0,0
1790971586.43,748988.1,515.4,471.8,227.1,-4.1,175.1,4.1,473.1,-598431.1,1.01,9.27,1.0,0
1790971586.93,748989.1,515.9,467.8,223.0,-4.1,175.1,4.1,469.0,-598431.1,0.99,9.24,1.0,0
1790971587.44,748990.1,516.4,463.7,219.0,-4.2,175.1,4.2,465.0,-598431.2,0.98,9.68,1.0,0
1790971587.94,748991.1,516.9,459.5,214.8,-4.2,175.1,4.2,460.8,-598431.2,0.99,9.48,1.0,0
1790971588.44,748992.1,517.4,455.5,210.8,-4.0,175.1,4.0,456.7,-598431.3,0.99,8.85,1.0,0
1790971588.94,748993.1,517.9,451.2,206.4,-4.3,175.1,4.3,452.5,-598431.3,0.99,10.09,1.0,0
1790971589.44,748994.1,518.4,446.8,202.1,-4.4,175.1,4.4,448.2,-598431.4,0.99,10.39,1.0,0
1790971589.94,748995.1,518.9,442.6,197.9,-4.2,175.1,4.2,443.9,-598431.4,1.02,9.48,1.0,0
1790971590.44,748996.1,519.4,438.6,193.8,-4.2,175.1,4.2,439.8,-598431.4,0.97,9.82,1.0,0
1790971590.94,748997.1,519.9,434.5,189.7,-4.3,175.1,4.3,435.8,-598431.5,0.97,9.94,1.0,0
1790971591.45,748998.1,520.4,430.3,185.5,-4.1,175.1,4.1,431.5,-598431.5,1.03,9.03,1.0,0
1790971591.95,748999.1,520.9,426.3,181.5,-4.0,175.1,4.0,427.5,-598431.6,0.99,8.83,1.0,0
1790971592.45,749000.1,521.4,422.3,177.6,-4.0,175.1,4.0,423.5,-598431.6,0.99,8.87,1.0,0
1790971592.95,749001.1,521.9,418.2,173.4,-4.1,175.1,4.1,419.4,-598431.7,1.0,9.25,1.0,0
1790971593.45,749002.1,522.4,414.0,169.2,-4.3,175.1,4.3,415.3,-598431.7,0.96,10.35,1.0,0
1790971593.95,749003.1,522.9,409.8,165.0,-4.2,175.1,4.2,411.0,-598431.7,1.02,9.51,1.0,0
1790971594.45,749004.1,523.4,405.6,160.9,-4.1,175.1,4.1,406.9,-598431.8,1.0,9.05,1.0,0
1790971594.96,749005.1,523.9,401.5,156.7,-4.2,175.1,4.2,402.8,-598431.8,0.98,9.61,1.0,0
1790971595.46,749006.1,524.4,397.3,152.6,-4.1,175.1,4.1,398.6,-598431.9,1.0,9.34,1.0,0
1790971595.96,749007.1,524.9,393.0,148.3,-4.1,175.1,4.1,394.2,-598431.9,1.01,9.06,1.0,0
1790971596.46,749008.1,525.4,388.8,144.1,-4.3,175.1,4.3,390.2,-598432.0,0.99,10.19,1.0,0
1790971596.96,749009.1,525.9,384.6,139.9,-4.1,175.1,4.1,385.9,-598432.0,1.03,9.06,1.0,0
1790971597.46,749010.1,526.4,380.5,135.7,-4.3,175.1,4.3,381.8,-598432.1,0.98,10.09,1.0,0
1790971597.96,749011.1,526.9,376.1,131.4,-4.3,175.1,4.3,377.5,-598432.1,0.99,10.3,1.0,0
1790971598.46,749012.1,527.4,371.9,127.2,-4.2,175.1,4.2,373.2,-598432.1,0.99,9.6,1.0,0
1790971598.96,749013.1,527.9,367.7,123.0,-4.2,175.1,4.2,369.0,-598432.2,1.0,9.56,1.0,0
1790971599.47,749014.1,528.4,363.5,118.8,-4.3,175.1,4.3,364.8,-598432.2,1.0,10.22,1.0,0
1790971599.97,749015.1,528.9,359.2,114.5,-4.3,175.1,4.3,360.5,-598432.3,1.0,10.18,1.0,0
1790971600.47,749016.1,529.4,355.1,110.4,-4.2,175.1,4.2,356.4,-598432.3,0.97,9.94,1.0,0
1790971600.97,749017.1,529.9,350.9,106.2,-4.2,175.1,4.2,352.2,-598432.4,0.99,9.76,1.0,0
1790971601.47,749018.1,530.4,346.8,102.0,-4.2,175.1,4.2,348.1,-598432.4,0.98,9.7,1.0,0
1790971601.97,749019.1,530.9,342.7,97.9,-4.2,175.1,4.2,343.9,-598432.5,0.98,9.57,1.0,0
1790971602.47,749020.2,531.4,338.5,93.7,-4.2,175.1,4.2,339.7,-598432.5,1.0,9.56,1.0,0
1790971602.97,749021.2,531.9,334.1,89.3,-4.2,175.1,4.2,335.4,-598432.5,1.0,9.86,1.0,0
1790971603.48,749022.2,532.4,330.0,85.3,-4.2,175.1,4.2,331.3,-598432.6,0.98,9.63,1.0,0
1790971603.98,749023.2,532.9,325.9,81.1,-4.0,175.1,4.0,327.1,-598432.6,0.99,9.05,1.0,0
1790971604.48,749024.2,533.4,321.9,77.2,-4.0,175.1,4.0,323.1,-598432.7,0.98,9.0,1.0,0
1790971604.98,749025.2,533.9,317.8,73.1,-4.1,175.1,4.1,319.1,-598432.7,0.98,9.33,1.0,0
1790971605.48,749026.2,534.4,313.8,69.1,-4.1,175.1,4.1,315.0,-598432.8,0.98,9.4,1.0,0
1790971605.98,749027.2,534.9,309.6,64.9,-4.2,175.1,4.2,310.9,-598432.8,0.99,9.94,1.0,0
1790971606.48,749028.2,535.5,305.5,60.8,-4.0,175.1,4.0,306.7,-598432.8,1.0,9.08,1.0,0
1790971606.98,749029.2,536.0,301.5,56.7,-4.0,175.1,4.0,302.7,-598432.9,1.01,8.81,1.0,0
1790971607.49,749030.2,536.5,297.5,52.8,-4.0,175.1,4.0,298.7,-598432.9,0.98,8.93,1.0,0
1790971607.99,749031.2,537.0,293.4,48.7,-4.1,175.1,4.1,294.7,-598433.0,0.99,9.52,1.0,0
1790971608.49,749032.2,537.5,289.2,44.5,-4.2,175.1,4.2,290.5,-598433.0,1.0,9.7,1.0,0
1790971608.99,749033.2,538.0,285.0,40.3,-4.2,175.1,4.2,286.3,-598433.1,1.0,10.04,1.0,0
1790971609.49,749034.2,538.5,280.8,36.1,-4.2,175.1,4.2,282.1,-598433.1,0.99,9.62,1.0,0
1790971609.99,749035.2,539.0,276.8,32.0,-4.1,175.1,4.1,278.0,-598433.1,1.01,9.45,1.0,0
1790971610.49,749035.9,539.5,273.9,29.2,-4.1,175.1,4.1,275.2,-598433.2,1.01,9.27,1.0,0
1790971611.0,749036.4,540.0,271.9,27.1,-4.2,175.1,4.2,273.2,-598433.2,0.95,9.89,1.0,0
1790971611.5,749036.9,540.5,269.8,25.1,-4.1,175.1,4.1,271.1,-598433.2,1.01,9.39,1.0,0
1790971612.0,749037.4,541.0,267.8,23.0,-4.0,175.1,4.0,269.0,-598433.2,1.04,9.05,1.0,0
1790971612.5,749037.9,541.5,265.8,21.0,-4.0,175.1,4.0,267.0,-598433.3,0.99,8.82,1.0,0
1790971613.0,749038.4,542.0,263.8,19.0,-4.0,175.1,4.0,265.0,-598433.3,1.01,8.99,1.0,0
1790971613.5,749038.9,542.5,261.8,17.0,-4.0,175.1,4.0,263.0,-598433.3,0.99,8.92,1.0,0
1790971614.0,749039.4,543.0,259.8,15.0,-4.0,175.1,4.0,260.9,-598433.3,1.0,8.92,1.0,0
1790971614.5,749039.9,543.5,257.8,13.0,-4.0,175.1,4.0,259.0,-598433.3,0.99,8.89,1.0,0
1790971615.01,749040.4,544.0,255.7,11.0,-4.1,175.1,4.1,256.9,-598433.4,1.01,9.22,1.0,0
1790971615.51,749040.9,544.5,253.7,8.9,-4.1,175.1,4.1,254.9,-598433.4,0.97,9.61,1.0,0
1790971616.01,749041.4,545.0,251.6,6.8,-4.3,175.1,4.3,252.9,-598433.4,0.97,10.25,1.0,0
1790971616.51,749041.9,545.5,249.4,4.7,-4.1,175.1,4.1,250.6,-598433.4,1.03,9.2,1.0,0
1790971617.01,749042.4,546.0,247.4,2.6,-4.2,175.1,4.2,248.6,-598433.4,0.98,9.75,1.0,0
1790971617.51,749042.9,546.5,245.3,0.5,-4.1,175.1,4.1,246.5,-598433.5,1.02,9.34,1.0,0
1790971618.01,749043.3,547.0,244.7,244.7,0.0,0.0,0.0,245.9,-598433.5,0.0,0.0,1.0,0
1790971618.51,749043.8,547.5,244.7,244.7,0.0,0.0,0.0,245.9,-598433.5,0.0,0.0,1.0,0
1790971619.02,749044.3,548.0,244.7,244.7,0.0,0.0,0.0,245.9,-598433.5,0.0,0.0,1.0,0
1790971619.52,749044.8,548.5,244.7,244.7,0.0,0.0,0.0,245.9,-598433.5,0.0,0.0,1.0,0
1790971620.02,749045.3,549.0,244.7,244.7,0.0,0.0,0.0,245.9,-598433.5,0.0,0.0,1.0,0
1790971620.52,749045.8,549.5,244.7,244.7,0.0,0.0,0.0,245.9,-598433.5,0.0,0.0,1.0,0
1790971621.02,749046.3,550.0,244.7,244.7,0.0,0.0,0.0,245.9,-598433.5,0.0,0.0,1.0,0
1790971621.52,749046.8,550.5,244.7,244.7,0.0,0.0,0.0,245.9,-598433.5,0.0,0.0,1.0,0
1790971622.02,749047.3,551.0,244.7,244.7,0.0,0.0,0.0,245.9,-598433.5,0.0,0.0,1.0,0
1790971622.53,749047.8,551.5,244.7,244.7,0.0,0.0,0.0,245.9,-598433.5,0.0,0.0,1.0,0
1790971623.03,749048.3,552.0,244.7,244.7,0.0,0.0,0.0,245.9,-598433.5,0.0,0.0,1.0,0
1790971623.53,749048.8,552.5,244.7,244.7,0.0,0.0,0.0,245.9,-598433.5,0.0,0.0,1.0,0
1790971624.03,749049.3,553.0,244.7,244.7,0.0,0.0,0.0,245.9,-598433.5,0.0,0.0,1.0,0
1790971624.53,749049.8,553.5,244.7,244.7,0.0,0.0,0.0,245.9,-598433.5,0.0,0.0,1.0,0
1790971625.03,749050.3,554.0,244.7,244.7,0.0,0.0,0.0,245.9,-598433.5,0.0,0.0,1.0,0
1790971625.53,749050.8,554.5,244.7,244.7,0.0,0.0,0.0,245.9,-598433.5,0.0,0.0,1.0,0
1790971626.03,749051.3,555.0,244.7,244.7,0.0,0.0,0.0,245.9,-598433.5,0.0,0.0,1.0,0
1790971626.53,749051.8,555.5,244.7,244.7,0.0,0.0,0.0,245.9,-598433.5,0.0,0.0,1.0,0
1790971627.04,749052.3,556.0,244.7,244.7,0.0,0.0,0.0,245.9,-598433.5,0.0,0.0,1.0,0
1790971627.54,749052.8,556.5,244.7,244.7,0.0,0.0,0.0,245.9,-598433.5,0.0,0.0,1.0,0
1790971628.04,749053.3,557.0,244.7,244.7,0.0,0.0,0.0,245.9,-598433.5,0.0,0.0,1.0,0
1790971628.54,749053.8,557.5,244.7,244.7,0.0,0.0,0.0,245.9,-598433.5,0.0,0.0,1.0,0
1790971629.04,749054.3,558.0,244.7,244.7,0.0,0.0,0.0,245.9,-598433.5,0.0,0.0,1.0,0
1790971629.54,749054.8,558.5,244.7,244.7,0.0,0.0,0.0,245.9,-598433.5,0.0,0.0,1.0,0
1790971630.04,749055.3,559.0,244.7,244.7,0.0,0.0,0.0,245.9,-598433.5,0.0,0.0,1.0,0
1790971630.55,749055.5,559.5,244.7,244.7,0.0,0.0,0.0,245.9,-598433.5,0.0,0.0,1.0,0
1790971631.05,749055.5,560.0,244.7,244.7,0.0,0.0,0.0,245.9,-598433.5,0.0,0.0,1.0,0
1790971631.55,749055.5,560.5,244.7,244.7,0.0,0.0,0.0,245.9,-598433.5,0.0,0.0,1.0,0
1790971632.05,749055.5,561.0,244.7,244.7,0.0,0.0,0.0,245.9,-598433.5,0.0,0.0,1.0,0
1790971632.55,749055.5,561.5,244.7,244.7,0.0,0.0,0.0,245.9,-598433.5,0.0,0.0,1.0,0
1790971633.05,749055.5,562.0,244.7,244.7,0.0,0.0,0.0,245.9,-598433.5,0.0,0.0,1.0,0
1790971633.55,749055.5,562.5,244.7,244.7,0.0,0.0,0.0,245.9,-598433.5,0.0,0.0,1.0,0
1790971634.06,749055.5,563.0,244.7,244.7,0.0,0.0,0.0,245.9,-598433.5,0.0,0.0,1.0,0
1790971634.56,749055.5,563.5,244.7,244.7,0.0,0.0,0.0,245.9,-598433.5,0.0,0.0,1.0,0
1790971635.06,749055.5,564.0,244.7,244.7,0.0,0.0,0.0,245.9,-598433.5,0.0,0.0,1.0,0
1790971635.56,749055.5,564.5,244.7,244.7,0.0,0.0,0.0,245.9,-598433.5,0.0,0.0,1.0,0
1790971636.17,749055.5,565.1,0.0,0.0,0.0,0.0,0.0,0.0,0.0,0.0,0.0,0.0,0
1790971636.81,749055.5,565.8,0.0,0.0,0.0,0.0,0.0,0.0,0.0,0.0,0.0,0.0,0
1790971637.41,749055.5,566.4,0.0,0.0,0.0,0.0,0.0,0.0,0.0,0.0,0.0,0.0,0
1790971638.09,749055.5,567.1,0.0,0.0,0.0,0.0,0.0,0.0,0.0,0.0,0.0,0.0,0
1790971638.64,749055.5,567.6,0.0,0.0,0.0,0.0,0.0,0.0,0.0,0.0,0.0,0.0,0
1790971639.3,749055.5,568.3,0.0,0.0,0.0,0.0,0.0,0.0,0.0,0.0,0.0,0.0,0
1790971639.98,749055.5,568.9,0.0,0.0,0.0,0.0,0.0,0.0,0.0,0.0,0.0,0.0,0
1790971640.48,749055.5,569.4,0.0,0.0,0.0,0.0,0.0,0.0,0.0,0.0,0.0,0.0,0
1790971640.98,749055.5,569.9,0.0,0.0,0.0,0.0,0.0,0.0,0.0,0.0,0.0,0.0,0
1790971641.86,749055.5,570.8,0.0,0.0,0.0,0.0,0.0,0.0,0.0,0.0,0.0,0.0,0
1790971642.51,749055.5,571.5,0.0,0.0,0.0,0.0,0.0,0.0,0.0,0.0,0.0,0.0,0
1790971643.02,749055.6,572.0,0.0,0.0,0.0,0.0,0.0,0.0,0.0,0.0,0.0,0.0,0
1790971643.52,749055.6,572.5,0.0,0.0,0.0,0.0,0.0,0.0,0.0,0.0,0.0,0.0,0
1790971644.02,749055.6,573.0,0.0,0.0,0.0,0.0,0.0,0.0,0.0,0.0,0.0,0.0,0
1790971644.52,749055.7,573.5,0.0,0.0,0.0,0.0,0.0,0.0,0.0,0.0,0.0,0.0,0
1790971645.02,749055.7,574.0,0.0,0.0,0.0,0.0,0.0,0.0,0.0,0.0,0.0,0.0,0
1790971645.52,749055.7,574.5,0.0,0.0,0.0,0.0,0.0,0.0,0.0,0.0,0.0,0.0,0
1790971646.03,749055.7,575.0,0.0,0.0,0.0,0.0,0.0,0.0,0.0,0.0,0.0,0.0,0
1790971646.53,749055.7,575.5,0.0,0.0,0.0,0.0,0.0,0.0,0.0,0.0,0.0,0.0,0
1790971647.03,749055.7,576.0,0.0,0.0,0.0,0.0,0.0,0.0,0.0,0.0,0.0,0.0,0
1790971647.53,749055.8,576.5,0.0,0.0,0.0,0.0,0.0,0.0,0.0,0.0,0.0,0.0,0
1790971648.03,749055.8,577.0,0.0,0.0,0.0,0.0,0.0,0.0,0.0,0.0,0.0,0.0,0
1790971648.54,749055.8,577.5,0.0,0.0,0.0,0.0,0.0,0.0,0.0,0.0,0.0,0.0,0
1790971649.04,749055.8,578.0,0.0,0.0,0.0,0.0,0.0,0.0,0.0,0.0,0.0,0.0,0
1790971649.54,749055.9,578.5,0.0,0.0,0.0,0.0,0.0,0.0,0.0,0.0,0.0,0.0,0
1790971650.04,749055.9,579.0,0.0,0.0,0.0,0.0,0.0,0.0,0.0,0.0,0.0,0.0,0
1790971650.54,749055.9,579.5,0.0,0.0,0.0,0.0,0.0,0.0,0.0,0.0,0.0,0.0,0
1790971651.04,749055.9,580.0,0.0,0.0,0.0,0.0,0.0,0.0,0.0,0.0,0.0,0.0,0
1790971651.55,749055.9,580.5,0.0,0.0,0.0,0.0,0.0,0.0,0.0,0.0,0.0,0.0,0
1790971652.05,749055.9,581.0,0.0,0.0,0.0,0.0,0.0,0.0,0.0,0.0,0.0,0.0,0
1790971652.55,749056.0,581.5,0.0,0.0,0.0,0.0,0.0,0.0,0.0,0.0,0.0,0.0,0
1790971653.05,749056.0,582.0,0.0,0.0,0.0,0.0,0.0,0.0,0.0,0.0,0.0,0.0,0
1790971653.55,749056.0,582.5,0.0,0.0,0.0,0.0,0.0,0.0,0.0,0.0,0.0,0.0,0
1790971654.05,749056.0,583.0,0.0,0.0,0.0,0.0,0.0,0.0,0.0,0.0,0.0,0.0,0
1790971654.56,749056.1,583.5,0.0,0.0,0.0,0.0,0.0,0.0,0.0,0.0,0.0,0.0,0
1790971655.06,749056.1,584.0,0.0,0.0,0.0,0.0,0.0,0.0,0.0,0.0,0.0,0.0,0
1790971655.56,749056.1,584.5,0.0,0.0,0.0,0.0,0.0,0.0,0.0,0.0,0.0,0.0,0
1790971656.06,749056.1,585.0,0.0,0.0,0.0,0.0,0.0,0.0,0.0,0.0,0.0,0.0,0
1790971656.56,749056.1,585.5,0.0,0.0,0.0,0.0,0.0,0.0,0.0,0.0,0.0,0.0,0
1790971657.07,749056.1,586.0,0.0,0.0,0.0,0.0,0.0,0.0,0.0,0.0,0.0,0.0,0
1790971657.57,749056.2,586.5,0.0,0.0,0.0,0.0,0.0,0.0,0.0,0.0,0.0,0.0,0
1790971658.07,749056.6,587.0,0.0,0.0,0.0,0.0,0.0,0.0,0.0,0.0,0.0,0.0,0
1790971658.57,749056.7,587.5,0.0,0.0,0.0,0.0,0.0,0.0,0.0,0.0,0.0,0.0,0
1790971659.07,749057.1,588.0,0.0,0.0,0.0,0.0,0.0,0.0,0.0,0.0,0.0,0.0,0
1790971659.58,749057.6,588.5,0.0,0.0,0.0,0.0,0.0,0.0,0.0,0.0,0.0,0.0,0
1790971660.08,749058.1,589.0,0.0,0.0,0.0,0.0,0.0,0.0,0.0,0.0,0.0,0.0,0
1790971660.58,749058.6,589.5,0.0,0.0,0.0,0.0,0.0,0.0,0.0,0.0,0.0,0.0,0
1790971661.08,749059.1,590.0,0.0,0.0,0.0,0.0,0.0,0.0,0.0,0.0,0.0,0.0,0
1790971661.58,749059.6,590.6,0.0,0.0,0.0,0.0,0.0,0.0,0.0,0.0,0.0,0.0,0
1790971662.09,749060.1,591.1,0.0,0.0,0.0,0.0,0.0,0.0,0.0,0.0,0.0,0.0,0
1790971662.59,749060.6,591.6,0.0,0.0,0.0,0.0,0.0,0.0,0.0,0.0,0.0,0.0,0
1790971663.09,749061.1,592.1,0.0,0.0,0.0,0.0,0.0,0.0,0.0,0.0,0.0,0.0,0
1790971663.59,749061.6,592.6,0.0,0.0,0.0,0.0,0.0,0.0,0.0,0.0,0.0,0.0,0
1790971664.09,749062.1,593.1,0.0,0.0,0.0,0.0,0.0,0.0,0.0,0.0,0.0,0.0,0
1790971664.6,749062.6,593.6,0.0,0.0,0.0,0.0,0.0,0.0,0.0,0.0,0.0,0.0,0
1790971665.1,749063.1,594.1,0.0,0.0,0.0,0.0,0.0,0.0,0.0,0.0,0.0,0.0,0
1790971665.6,749063.6,594.6,0.0,0.0,0.0,0.0,0.0,0.0,0.0,0.0,0.0,0.0,0
1790971666.1,749064.1,595.1,0.0,0.0,0.0,0.0,0.0,0.0,0.0,0.0,0.0,0.0,0
1790971666.6,749064.6,595.6,0.0,0.0,0.0,0.0,0.0,0.0,0.0,0.0,0.0,0.0,0
1790971667.1,749065.1,596.1,0.0,0.0,0.0,0.0,0.0,0.0,0.0,0.0,0.0,0.0,0
1790971667.61,749065.3,596.6,0.0,0.0,0.0,0.0,0.0,0.0,0.0,0.0,0.0,0.0,0
1790971668.51,749065.3,597.5,0.0,0.0,0.0,0.0,0.0,0.0,0.0,0.0,0.0,0.0,0
1790971669.12,749065.3,598.1,0.0,0.0,0.0,0.0,0.0,0.0,0.0,0.0,0.0,0.0,0
1790971669.62,749065.4,598.6,0.0,0.0,0.0,0.0,0.0,0.0,0.0,0.0,0.0,0.0,0
1790971670.12,749065.8,599.1,0.0,0.0,0.0,0.0,0.0,0.0,0.0,0.0,0.0,0.0,0
1790971670.62,749066.3,599.6,0.0,0.0,0.0,0.0,0.0,0.0,0.0,0.0,0.0,0.0,0
1790971671.12,749066.8,600.1,0.0,0.0,0.0,0.0,0.0,0.0,0.0,0.0,0.0,0.0,0
1790971671.63,749067.3,600.6,0.0,0.0,0.0,0.0,0.0,0.0,0.0,0.0,0.0,0.0,0
1790971672.13,749067.8,601.1,0.0,0.0,0.0,0.0,0.0,0.0,0.0,0.0,0.0,0.0,0
1790971672.63,749068.3,601.6,0.0,0.0,0.0,0.0,0.0,0.0,0.0,0.0,0.0,0.0,0
1790971673.13,749068.8,602.1,0.0,0.0,0.0,0.0,0.0,0.0,0.0,0.0,0.0,0.0,0
1790971673.63,749069.3,602.6,0.0,0.0,0.0,0.0,0.0,0.0,0.0,0.0,0.0,0.0,0
1790971674.13,749069.8,603.1,0.0,0.0,0.0,0.0,0.0,0.0,0.0,0.0,0.0,0.0,0
1790971674.64,749070.3,603.6,0.0,0.0,0.0,0.0,0.0,0.0,0.0,0.0,0.0,0.0,0
1790971675.14,749070.8,604.1,0.0,0.0,0.0,0.0,0.0,0.0,0.0,0.0,0.0,0.0,0
1790971675.64,749071.3,604.6,0.0,0.0,0.0,0.0,0.0,0.0,0.0,0.0,0.0,0.0,0
1790971676.14,749071.8,605.1,0.0,0.0,0.0,0.0,0.0,0.0,0.0,0.0,0.0,0.0,0
1790971676.64,749072.3,605.6,0.0,0.0,0.0,0.0,0.0,0.0,0.0,0.0,0.0,0.0,0
1790971677.15,749072.8,606.1,0.0,0.0,0.0,0.0,0.0,0.0,0.0,0.0,0.0,0.0,0
1790971677.65,749073.3,606.6,0.0,0.0,0.0,0.0,0.0,0.0,0.0,0.0,0.0,0.0,0
1790971678.15,749073.8,607.1,0.0,0.0,0.0,0.0,0.0,0.0,0.0,0.0,0.0,0.0,0
1790971678.65,749074.3,607.6,0.0,0.0,0.0,0.0,0.0,0.0,0.0,0.0,0.0,0.0,0
