timestamp,UT,MET,altitude,radar_alt,vert_speed,orbital_vel,surface_vel,apoapsis,periapsis,g_force,dynamic_pressure,throttle,stage
1791058688.93,971008.8,0.0,78.9,6.5,0.0,175.0,0.0,75.1,-598435.3,0.99,0.0,1.0,0
1791058689.43,971008.8,0.5,78.9,6.5,0.0,175.0,0.0,75.1,-598435.3,0.99,0.0,1.0,0
1791058689.93,971008.8,1.0,78.9,6.5,0.0,175.0,0.0,75.1,-598435.3,0.99,0.0,1.0,0
1791058690.43,971008.9,1.5,78.9,6.5,0.0,175.0,0.0,75.1,-598435.3,0.99,0.0,1.0,0
1791058690.94,971008.9,2.0,78.9,6.5,0.0,175.0,0.0,75.1,-598435.3,0.99,0.0,1.0,0
1791058691.44,971008.9,2.5,78.9,6.5,0.0,175.0,0.0,75.1,-598435.3,0.99,0.0,1.0,0
1791058691.94,971008.9,3.0,78.9,6.5,0.0,175.0,0.0,75.1,-598435.3,0.99,0.0,1.0,0
1791058692.44,971008.9,3.5,78.9,6.5,0.0,175.0,0.0,75.1,-598435.3,0.99,0.0,1.0,0
1791058692.94,971009.0,4.0,78.9,6.5,0.0,175.0,0.0,75.1,-598435.3,0.99,0.0,1.0,0
1791058693.44,971009.0,4.5,78.9,6.5,0.0,175.0,0.0,75.1,-598435.3,0.99,0.0,1.0,0
1791058693.94,971009.0,5.0,78.9,6.5,0.0,175.0,0.0,75.1,-598435.3,0.99,0.0,1.0,0
1791058694.45,971009.0,5.5,78.9,6.5,0.0,175.0,0.0,75.1,-598435.3,0.99,0.0,1.0,0
1791058694.95,971009.0,6.0,78.9,6.5,0.0,175.0,0.0,75.1,-598435.3,0.99,0.0,1.0,0
1791058695.45,971009.0,6.5,78.9,6.5,0.0,175.0,0.0,75.1,-598435.3,0.99,0.0,1.0,0
1791058695.95,971009.1,7.0,78.9,6.5,0.0,175.0,0.0,75.1,-598435.3,0.99,0.0,1.0,0
1791058696.45,971009.1,7.5,78.9,6.5,0.0,175.0,0.0,75.1,-598435.3,0.99,0.0,1.0,0
1791058696.95,971009.1,8.0,78.9,6.5,0.0,175.0,0.0,75.1,-598435.3,0.99,0.0,1.0,0
1791058697.45,971009.1,8.5,78.9,6.5,0.0,175.0,0.0,75.1,-598435.3,0.99,0.0,1.0,0
1791058697.96,971009.2,9.0,78.9,6.5,0.0,175.0,0.0,75.1,-598435.3,0.99,0.0,1.0,0
1791058698.46,971009.2,9.5,78.9,6.5,0.0,175.0,0.0,75.1,-598435.3,0.99,0.0,1.0,0
1791058698.96,971009.2,10.0,78.9,6.5,0.0,175.0,0.0,75.1,-598435.3,0.99,0.0,1.0,0
1791058699.46,971009.2,10.5,78.9,6.5,0.0,175.0,0.0,75.1,-598435.3,0.99,0.0,1.0,0
1791058699.96,971009.2,11.0,78.9,6.5,0.0,175.0,0.0,75.1,-598435.3,0.99,0.0,1.0,0
1791058700.46,971009.2,11.5,78.9,6.5,0.0,175.0,0.0,75.1,-598435.3,0.99,0.0,1.0,0
1791058700.96,971009.3,12.0,78.9,6.5,0.0,175.0,0.0,75.1,-598435.3,0.99,0.0,1.0,0
1791058701.46,971009.3,12.5,78.9,6.5,0.0,175.0,0.0,75.1,-598435.3,0.99,0.0,1.0,0
1791058701.97,971009.3,13.0,78.9,6.5,0.0,175.0,0.0,75.1,-598435.3,0.99,0.0,1.0,0
1791058702.47,971009.3,13.5,78.9,6.5,0.0,175.0,0.0,75.1,-598435.3,0.99,0.0,1.0,0
1791058702.97,971009.4,14.0,78.9,6.5,0.0,175.0,0.0,75.1,-598435.3,0.99,0.0,1.0,0
1791058703.47,971009.4,14.5,78.9,6.5,0.0,175.0,0.0,75.1,-598435.3,0.99,0.0,1.0,0
1791058703.97,971009.9,15.0,78.9,6.5,0.0,175.0,0.0,75.1,-598435.3,0.99,0.0,1.0,0
1791058704.47,971010.4,15.5,78.9,6.5,0.0,175.0,0.0,75.1,-598435.3,0.99,0.0,1.0,0
1791058704.97,971010.9,16.0,78.9,6.5,0.0,175.0,0.0,75.1,-598435.3,0.99,0.0,1.0,0
1791058705.47,971011.4,16.5,78.9,6.5,0.0,175.0,0.0,75.1,-598435.3,0.99,0.0,1.0,0
1791058705.98,971011.8,17.0,78.9,6.5,0.0,175.0,0.0,75.1,-598435.3,0.99,0.0,1.0,0
1791058706.48,971011.8,17.5,78.9,6.5,0.0,175.0,0.0,75.1,-598435.3,0.99,0.0,1.0,0
1791058706.98,971011.8,18.0,78.9,6.5,0.0,175.0,0.0,75.1,-598435.3,0.99,0.0,1.0,0
1791058707.48,971011.8,18.6,78.9,6.5,0.0,175.0,0.0,75.1,-598435.3,0.99,0.0,1.0,0
1791058707.98,971011.9,19.1,78.9,6.5,0.0,175.0,0.0,75.1,-598435.3,0.99,0.0,1.0,0
1791058708.48,971011.9,19.6,78.9,6.5,0.0,175.0,0.0,75.1,-598435.3,0.99,0.0,1.0,0
1791058708.98,971011.9,20.1,78.9,6.5,0.0,175.0,0.0,75.1,-598435.3,0.99,0.0,1.0,0
1791058709.48,971011.9,20.6,78.9,6.5,0.0,175.0,0.0,75.1,-598435.3,0.99,0.0,1.0,0
1791058709.99,971011.9,21.1,78.9,6.5,0.0,175.0,0.0,75.1,-598435.3,0.99,0.0,1.0,0
1791058710.49,971011.9,21.6,78.9,6.5,0.0,175.0,0.0,75.1,-598435.3,0.99,0.0,1.0,0
1791058710.99,971012.1,22.1,78.9,6.5,0.0,175.0,0.0,75.1,-598435.3,0.99,0.0,1.0,0
1791058711.49,971012.5,22.6,78.9,6.5,0.0,175.0,0.0,75.1,-598435.3,0.99,0.0,1.0,0
1791058711.99,971013.0,23.1,78.9,6.5,0.0,175.0,0.0,75.1,-598435.3,1.0,0.0,1.0,0
1791058712.49,971013.5,23.6,78.9,6.5,0.0,175.0,0.0,75.1,-598435.3,0.99,0.0,1.0,0
1791058712.99,971014.1,24.1,78.9,6.5,0.0,175.0,0.0,75.1,-598435.3,0.99,0.0,1.0,0
1791058713.5,971014.6,24.6,78.9,6.5,0.0,175.0,0.0,75.1,-598435.3,1.0,0.0,1.0,0
1791058714.0,971015.1,25.1,78.9,6.5,0.0,175.0,0.0,75.1,-598435.3,0.99,0.0,1.0,0
1791058714.5,971015.6,25.6,78.9,6.5,0.0,175.0,0.0,75.1,-598435.3,0.99,0.0,1.0,0
1791058715.0,971016.1,26.1,78.9,6.5,0.0,175.0,0.0,75.1,-598435.3,0.99,0.0,1.0,0
1791058715.5,971016.6,26.6,78.9,6.5,0.0,175.0,0.0,75.1,-598435.3,0.99,0.0,1.0,0
1791058716.0,971017.1,27.1,78.9,6.5,0.0,175.0,0.0,75.1,-598435.3,0.99,0.0,1.0,0
1791058716.5,971017.6,27.6,78.9,6.5,0.0,175.0,0.0,75.1,-598435.3,0.99,0.0,1.0,0
1791058717.0,971018.1,28.1,78.9,6.5,0.0,175.0,0.0,75.1,-598435.3,0.99,0.0,1.0,0
1791058717.51,971018.6,28.6,78.9,6.5,0.0,175.0,0.0,75.1,-598435.3,0.99,0.0,1.0,0
1791058718.01,971019.1,29.1,78.9,6.5,0.0,175.0,0.0,75.1,-598435.3,0.99,0.0,1.0,0
1791058718.51,971019.6,29.6,78.9,6.5,0.0,175.0,0.0,75.1,-598435.3,0.99,0.0,1.0,0
1791058719.01,971020.1,30.1,78.9,6.5,0.0,175.0,0.0,75.1,-598435.3,0.99,0.0,1.0,0
1791058719.51,971020.6,30.6,78.9,6.5,0.0,175.0,0.0,75.1,-598435.3,0.99,0.0,1.0,0
1791058720.01,971021.1,31.1,78.9,6.5,0.0,175.0,0.0,75.1,-598435.3,0.99,0.0,1.0,0
1791058720.51,971021.6,31.6,78.9,6.5,0.0,175.0,0.0,75.1,-598435.3,0.99,0.0,1.0,0
1791058721.02,971022.1,32.1,78.9,6.5,0.0,175.0,0.0,75.1,-598435.3,0.99,0.0,1.0,0
1791058721.52,971022.6,32.6,78.9,6.5,0.0,175.0,0.0,75.1,-598435.3,0.99,0.0,1.0,0
1791058722.02,971023.1,33.1,78.9,6.5,0.0,175.0,0.0,75.1,-598435.3,0.99,0.0,1.0,0
1791058722.53,971023.6,33.6,78.9,6.5,0.0,175.0,0.0,75.1,-598435.3,0.99,0.0,1.0,0
1791058723.03,971024.1,34.1,78.9,6.5,0.0,175.0,0.0,75.1,-598435.3,0.99,0.0,1.0,0
1791058723.53,971024.6,34.6,78.9,6.5,0.0,175.0,0.0,75.1,-598435.3,0.99,0.0,1.0,0
1791058724.03,971025.1,35.1,78.9,6.5,0.0,175.0,0.0,75.1,-598435.3,0.99,0.0,1.0,0
1791058724.53,971025.6,35.6,78.9,6.5,0.0,175.0,0.0,75.1,-598435.3,0.99,0.0,1.0,0
1791058725.03,971026.1,36.1,78.9,6.5,0.0,175.0,0.0,75.1,-598435.3,0.99,0.0,1.0,0
1791058725.53,971026.6,36.6,78.9,6.5,0.0,175.0,0.0,75.1,-598435.3,0.99,0.0,1.0,0
1791058726.03,971027.1,37.1,78.9,6.5,0.0,175.0,0.0,75.1,-598435.3,0.99,0.0,1.0,0
1791058726.54,971027.6,37.6,78.9,6.5,0.0,175.0,0.0,75.1,-598435.3,0.99,0.0,1.0,0
1791058727.04,971028.1,38.1,78.9,6.5,0.0,175.0,0.0,75.1,-598435.3,0.99,0.0,1.0,0
1791058727.54,971028.6,38.6,78.9,6.5,0.0,175.0,0.0,75.1,-598435.3,0.99,0.0,1.0,0
1791058728.04,971029.1,39.1,78.9,6.5,0.0,175.0,0.0,75.1,-598435.3,0.99,0.0,1.0,0
1791058728.54,971029.6,39.6,78.9,6.5,0.0,175.0,0.0,75.1,-598435.3,0.99,0.0,1.0,0
1791058729.04,971030.1,40.1,78.9,6.5,0.0,175.0,0.0,75.1,-598435.3,0.99,0.0,1.0,0
1791058729.54,971030.5,40.6,78.9,6.5,0.0,175.0,0.0,75.1,-598435.3,0.99,0.0,1.0,0
1791058730.05,971030.5,41.1,78.9,6.5,0.0,175.0,0.0,75.1,-598435.3,0.99,0.0,1.0,0
1791058730.55,971030.5,41.6,78.9,6.5,0.0,175.0,0.0,75.1,-598435.3,0.99,0.0,1.0,0
1791058731.05,971030.5,42.1,78.9,6.5,0.0,175.0,0.0,75.1,-598435.3,0.99,0.0,1.0,0
1791058731.55,971030.5,42.6,78.9,6.5,0.0,175.0,0.0,75.1,-598435.3,0.99,0.0,1.0,0
1791058732.05,971030.5,43.1,78.9,6.5,0.0,175.0,0.0,75.1,-598435.3,0.99,0.0,1.0,0
1791058732.55,971030.6,43.6,78.9,6.5,0.0,175.0,0.0,75.1,-598435.3,0.99,0.0,1.0,0
1791058733.06,971030.6,44.1,78.9,6.5,0.0,175.0,0.0,75.1,-598435.3,0.99,0.0,1.0,0
1791058733.56,971031.0,44.6,78.9,6.5,-0.0,175.0,0.0,75.1,-598435.3,0.99,0.0,1.0,0
1791058734.06,971031.5,45.1,78.9,6.5,0.0,175.0,0.0,75.1,-598435.3,0.99,0.0,1.0,0
1791058734.56,971032.0,45.6,78.9,6.5,0.0,175.0,0.0,75.1,-598435.3,0.99,0.0,1.0,0
1791058735.06,971032.5,46.1,78.9,6.5,-0.0,175.0,0.0,75.1,-598435.3,0.99,0.0,1.0,0
1791058735.56,971033.0,46.6,78.9,6.5,0.0,175.0,0.0,75.1,-598435.3,0.99,0.0,1.0,0
1791058736.06,971033.5,47.1,78.9,6.5,0.0,175.0,0.0,75.1,-598435.3,0.99,0.0,1.0,0
1791058736.56,971034.0,47.6,78.9,6.5,0.0,175.0,0.0,75.1,-598435.3,0.99,0.0,1.0,0
1791058737.07,971034.5,48.1,78.9,6.5,0.0,175.0,0.0,75.1,-598435.3,1.0,0.0,1.0,0
1791058737.57,971034.5,48.6,78.9,6.5,0.0,175.0,0.0,75.1,-598435.3,0.99,0.0,1.0,0
1791058738.07,971034.5,49.1,78.9,6.5,0.0,175.0,0.0,75.1,-598435.3,0.99,0.0,1.0,0
1791058738.57,971034.6,49.6,78.9,6.5,0.0,175.0,0.0,75.1,-598435.3,0.99,0.0,1.0,0
1791058739.07,971034.6,50.1,78.9,6.5,0.0,175.0,0.0,75.1,-598435.3,0.99,0.0,1.0,0
1791058739.57,971034.6,50.6,78.9,6.5,0.0,175.0,0.0,75.1,-598435.3,0.99,0.0,1.0,0
1791058740.07,971034.6,51.1,78.9,6.5,0.0,175.0,0.0,75.1,-598435.3,0.99,0.0,1.0,0
1791058740.57,971034.9,51.6,78.9,6.5,0.0,175.0,0.0,75.1,-598435.3,0.99,0.0,1.0,0
1791058741.08,971035.4,52.1,78.9,6.5,0.0,175.0,0.0,75.1,-598435.3,0.99,0.0,1.0,0
1791058741.58,971035.9,52.6,78.9,6.5,0.0,175.0,0.0,75.1,-598435.3,1.0,0.0,1.0,0
1791058742.08,971036.4,53.1,78.9,6.5,0.0,175.0,0.0,75.1,-598435.3,0.99,0.0,1.0,0
1791058742.58,971036.9,53.7,78.9,6.5,0.0,175.0,0.0,75.1,-598435.3,0.99,0.0,1.0,0
1791058743.08,971037.4,54.2,78.9,6.5,0.0,175.0,0.0,75.1,-598435.3,1.0,0.0,1.0,0
1791058743.58,971037.9,54.7,78.9,6.5,0.0,175.0,0.0,75.1,-598435.3,0.99,0.0,1.0,0
1791058744.08,971038.4,55.2,78.9,6.5,0.0,175.0,0.0,75.1,-598435.3,0.99,0.0,1.0,0
1791058744.59,971038.5,55.7,78.9,6.5,0.0,175.0,0.0,75.1,-598435.3,0.99,0.0,1.0,0
1791058745.09,971038.7,56.2,78.9,6.5,0.0,175.0,0.0,75.1,-598435.3,1.0,0.0,1.0,0
1791058745.59,971039.2,56.7,78.9,6.5,0.0,175.0,0.0,75.1,-598435.3,0.99,0.0,1.0,0
1791058746.09,971039.7,57.2,78.9,6.5,0.0,175.0,0.0,75.1,-598435.3,0.99,0.0,1.0,0
1791058746.59,971040.2,57.7,78.9,6.5,0.0,175.0,0.0,75.1,-598435.3,0.99,0.0,1.0,0
1791058747.09,971040.7,58.2,78.9,6.5,0.0,175.0,0.0,75.1,-598435.3,0.99,0.0,1.0,0
1791058747.59,971041.2,58.7,78.9,6.5,0.0,175.0,0.0,75.1,-598435.3,0.99,0.0,1.0,0
1791058748.09,971041.7,59.2,78.9,6.5,0.0,175.0,0.0,75.1,-598435.3,0.99,0.0,1.0,0
1791058748.6,971042.2,59.7,78.9,6.5,0.0,175.0,0.0,75.1,-598435.3,0.99,0.0,1.0,0
1791058749.1,971042.7,60.2,78.9,6.5,0.0,175.0,0.0,75.1,-598435.3,0.99,0.0,1.0,0
1791058749.6,971043.2,60.7,78.9,6.5,0.0,175.0,0.0,75.1,-598435.3,0.99,0.0,1.0,0
1791058750.1,971043.7,61.2,78.9,6.5,0.0,175.0,0.0,75.1,-598435.3,0.99,0.0,1.0,0
1791058750.6,971044.2,61.7,78.9,6.5,0.0,175.0,0.0,75.1,-598435.3,0.99,0.0,1.0,0
1791058751.1,971044.7,62.2,78.9,6.5,0.0,175.0,0.0,75.1,-598435.3,0.99,0.0,1.0,0
1791058751.6,971045.2,62.7,78.9,6.5,0.0,175.0,0.0,75.1,-598435.3,0.99,0.0,1.0,0
1791058752.1,971045.7,63.2,78.9,6.5,0.0,175.0,0.0,75.1,-598435.3,0.99,0.0,1.0,0
1791058752.61,971046.2,63.7,78.9,6.5,-0.0,175.0,0.0,75.1,-598435.3,0.99,0.0,1.0,0
1791058753.11,971046.7,64.2,78.9,6.5,0.0,175.0,0.0,75.1,-598435.3,0.99,0.0,1.0,0
1791058753.61,971047.2,64.7,78.9,6.5,0.0,175.0,0.0,75.1,-598435.3,0.99,0.0,1.0,0
1791058754.11,971047.7,65.2,78.9,6.5,-0.0,175.0,0.0,75.1,-598435.3,0.99,0.0,1.0,0
1791058754.61,971048.2,65.7,78.9,6.5,0.0,175.0,0.0,75.1,-598435.3,0.99,0.0,1.0,0
1791058755.11,971048.7,66.2,78.9,6.5,0.0,175.0,0.0,75.1,-598435.3,0.99,0.0,1.0,0
1791058755.61,971049.2,66.7,78.9,6.5,0.0,175.0,0.0,75.1,-598435.3,0.99,0.0,1.0,0
1791058756.12,971049.7,67.2,78.9,6.5,0.0,175.0,0.0,75.1,-598435.3,0.99,0.0,1.0,0
1791058756.62,971050.2,67.7,78.9,6.5,0.0,175.0,0.0,75.1,-598435.3,0.99,0.0,1.0,0
1791058757.12,971050.7,68.2,78.9,6.5,-0.0,175.0,0.0,75.1,-598435.3,0.99,0.0,1.0,0
1791058757.62,971051.2,68.7,78.9,6.5,0.0,175.0,0.0,75.1,-598435.3,0.99,0.0,1.0,0
1791058758.12,971051.7,69.2,78.9,6.5,0.0,175.0,0.0,75.1,-598435.3,0.99,0.0,1.0,0
1791058758.62,971052.2,69.7,78.9,6.5,0.0,175.0,0.0,75.1,-598435.3,1.0,0.0,1.0,0
1791058759.12,971052.8,70.2,78.9,6.5,0.0,175.0,0.0,75.1,-598435.3,1.0,0.0,1.0,0
1791058759.62,971053.3,70.7,78.9,6.5,0.0,175.0,0.0,75.1,-598435.3,0.99,0.0,1.0,0
1791058760.13,971053.8,71.2,78.9,6.5,0.0,175.0,0.0,75.1,-598435.3,1.0,0.0,1.0,0
1791058760.63,971054.3,71.7,78.9,6.5,0.0,175.0,0.0,75.1,-598435.3,1.0,0.0,1.0,0
1791058761.13,971054.8,72.2,78.9,6.5,0.0,175.0,0.0,75.1,-598435.3,0.99,0.0,1.0,0
1791058761.63,971055.3,72.7,78.9,6.5,0.0,175.0,0.0,75.1,-598435.3,1.0,0.0,1.0,0
1791058762.13,971055.8,73.2,78.9,6.5,0.0,175.0,0.0,75.1,-598435.3,1.0,0.0,1.0,0
1791058762.63,971056.3,73.7,78.9,6.5,0.0,175.0,0.0,75.1,-598435.3,0.99,0.0,1.0,0
1791058763.14,971056.8,74.2,78.9,6.5,0.0,175.0,0.0,75.1,-598435.3,0.99,0.0,1.0,0
1791058763.64,971057.3,74.7,78.9,6.5,0.0,175.0,0.0,75.1,-598435.3,1.0,0.0,1.0,0
1791058764.14,971057.8,75.2,78.9,6.5,0.0,175.0,0.0,75.1,-598435.3,0.99,0.0,1.0,0
1791058764.64,971058.3,75.7,78.9,6.5,0.0,175.0,0.0,75.1,-598435.3,0.99,0.0,1.0,0
1791058765.14,971058.8,76.2,78.9,6.5,0.0,175.0,0.0,75.1,-598435.3,1.0,0.0,1.0,0
1791058765.64,971059.3,76.7,78.9,6.5,0.0,175.0,0.0,75.1,-598435.3,0.99,0.0,1.0,0
1791058766.14,971059.8,77.2,78.9,6.5,0.0,175.0,0.0,75.1,-598435.3,0.99,0.0,1.0,0
1791058766.64,971060.3,77.7,78.9,6.5,0.0,175.0,0.0,75.1,-598435.3,0.99,0.0,1.0,0
1791058767.15,971060.8,78.2,78.9,6.5,0.0,175.0,0.0,75.1,-598435.3,0.99,0.0,1.0,0
1791058767.65,971061.3,78.7,78.9,6.5,0.0,175.0,0.0,75.1,-598435.3,0.99,0.0,1.0,0
1791058768.15,971061.8,79.2,78.9,6.5,0.0,175.0,0.0,75.1,-598435.3,0.99,0.0,1.0,0
1791058768.65,971062.3,79.7,78.9,6.5,0.0,175.0,0.0,75.1,-598435.3,0.99,0.0,1.0,0
1791058769.15,971062.8,80.2,78.9,6.5,0.0,175.0,0.0,75.1,-598435.3,0.99,0.0,1.0,0
1791058769.65,971063.3,80.7,78.9,6.5,0.0,175.0,0.0,75.1,-598435.3,0.99,0.0,1.0,0
1791058770.15,971063.8,81.2,78.9,6.5,0.0,175.0,0.0,75.1,-598435.3,0.99,0.0,1.0,0
1791058770.66,971064.3,81.7,78.9,6.5,0.0,175.0,0.0,75.1,-598435.3,0.99,0.0,1.0,0
1791058771.16,971064.8,82.2,78.9,6.5,0.0,175.0,0.0,75.1,-598435.3,0.99,0.0,1.0,0
1791058771.66,971065.3,82.7,78.9,6.5,0.0,175.0,0.0,75.1,-598435.3,0.99,0.0,1.0,0
1791058772.16,971065.8,83.2,78.9,6.5,0.0,175.0,0.0,75.1,-598435.3,0.99,0.0,1.0,0
1791058772.66,971066.3,83.7,78.9,6.5,0.0,175.0,0.0,75.1,-598435.3,0.99,0.0,1.0,0
1791058773.16,971066.8,84.2,78.9,6.5,0.0,175.0,0.0,75.1,-598435.3,0.99,0.0,1.0,0
1791058773.66,971067.3,84.7,78.9,6.5,0.0,175.0,0.0,75.1,-598435.3,0.99,0.0,1.0,0
1791058774.16,971067.8,85.2,78.9,6.5,0.0,175.0,0.0,75.1,-598435.3,0.99,0.0,1.0,0
1791058774.67,971068.3,85.7,78.9,6.5,0.0,175.0,0.0,75.1,-598435.3,0.99,0.0,1.0,0
1791058775.17,971068.8,86.2,78.9,6.5,0.0,175.0,0.0,75.1,-598435.3,0.99,0.0,1.0,0
1791058775.67,971069.3,86.7,78.9,6.5,0.0,175.0,0.0,75.1,-598435.3,0.99,0.0,1.0,0
1791058776.17,971069.8,87.2,78.9,6.5,0.0,175.0,0.0,75.1,-598435.3,0.99,0.0,1.0,0
1791058776.67,971070.3,87.7,78.9,6.5,0.0,175.0,0.0,75.1,-598435.3,0.99,0.0,1.0,0
1791058777.17,971070.8,88.2,78.9,6.5,0.0,175.0,0.0,75.1,-598435.3,0.99,0.0,1.0,0
1791058777.67,971071.3,88.7,78.9,6.5,0.0,175.0,0.0,75.1,-598435.3,0.99,0.0,1.0,0
1791058778.17,971071.8,89.2,78.9,6.5,0.0,175.0,0.0,75.1,-598435.3,0.99,0.0,1.0,0
1791058778.68,971072.3,89.7,78.9,6.5,0.0,175.0,0.0,75.1,-598435.3,0.99,0.0,1.0,0
1791058779.18,971072.6,90.2,78.9,6.5,0.0,175.0,0.0,75.1,-598435.3,0.99,0.0,1.0,0
1791058779.68,971072.6,90.7,78.9,6.5,0.0,175.0,0.0,75.1,-598435.3,0.99,0.0,1.0,0
1791058780.18,971072.7,91.3,78.9,6.5,0.0,175.0,0.0,75.1,-598435.3,0.99,0.0,1.0,0
1791058780.68,971072.7,91.8,78.9,6.5,0.0,175.0,0.0,75.1,-598435.3,0.99,0.0,1.0,0
1791058781.18,971072.7,92.3,78.9,6.5,0.0,175.0,0.0,75.1,-598435.3,0.99,0.0,1.0,0
1791058781.68,971072.7,92.8,78.9,6.5,0.0,175.0,0.0,75.1,-598435.3,0.99,0.0,1.0,0
1791058782.18,971072.7,93.3,78.9,6.5,0.0,175.0,0.0,75.1,-598435.3,0.99,0.0,1.0,0
1791058782.69,971072.7,93.8,78.9,6.5,0.0,175.0,0.0,75.1,-598435.3,0.99,0.0,1.0,0
1791058783.19,971072.8,94.3,78.9,6.5,0.0,175.0,0.0,75.1,-598435.3,0.99,0.0,1.0,0
1791058783.69,971072.8,94.8,78.9,6.5,0.0,175.0,0.0,75.1,-598435.3,0.99,0.0,1.0,0
1791058784.19,971072.8,95.3,78.9,6.5,0.0,175.0,0.0,75.1,-598435.3,0.99,0.0,1.0,0
1791058784.69,971072.8,95.8,78.9,6.5,0.0,175.0,0.0,75.1,-598435.3,0.99,0.0,1.0,0
1791058785.19,971072.9,96.3,78.9,6.5,0.0,175.0,0.0,75.1,-598435.3,0.99,0.0,1.0,0
1791058785.69,971072.9,96.8,78.9,6.5,0.0,175.0,0.0,75.1,-598435.3,0.99,0.0,1.0,0
1791058786.2,971072.9,97.3,78.9,6.5,0.0,175.0,0.0,75.1,-598435.3,0.99,0.0,1.0,0
1791058786.7,971072.9,97.8,78.9,6.5,0.0,175.0,0.0,75.1,-598435.3,0.99,0.0,1.0,0
1791058787.2,971072.9,98.3,78.9,6.5,0.0,175.0,0.0,75.1,-598435.3,0.99,0.0,1.0,0
1791058787.7,971073.4,98.8,78.9,6.5,0.0,175.0,0.0,75.1,-598435.3,0.99,0.0,1.0,0
1791058788.2,971073.9,99.3,78.9,6.5,0.0,175.0,0.0,75.1,-598435.3,0.99,0.0,1.0,0
1791058788.7,971074.4,99.8,78.9,6.5,0.0,175.0,0.0,75.1,-598435.3,0.99,0.0,1.0,0
1791058789.2,971074.9,100.3,78.9,6.5,0.0,175.0,0.0,75.1,-598435.3,0.99,0.0,1.0,0
1791058789.7,971075.4,100.8,78.9,6.5,0.0,175.0,0.0,75.1,-598435.3,0.99,0.0,1.0,0
1791058790.21,971075.9,101.3,78.9,6.5,0.0,175.0,0.0,75.1,-598435.3,0.99,0.0,1.0,0
1791058790.71,971076.4,101.8,78.9,6.5,0.0,175.0,0.0,75.1,-598435.3,0.99,0.0,1.0,0
1791058791.21,971076.9,102.3,78.9,6.5,0.0,175.0,0.0,75.1,-598435.3,0.99,0.0,1.0,0
1791058791.71,971077.4,102.8,78.9,6.5,0.0,175.0,0.0,75.1,-598435.3,0.99,0.0,1.0,0
1791058792.21,971077.9,103.3,78.9,6.5,0.0,175.0,0.0,75.1,-598435.3,0.99,0.0,1.0,0
1791058792.71,971078.4,103.8,78.9,6.5,0.0,175.0,0.0,75.1,-598435.3,0.99,0.0,1.0,0
1791058793.21,971078.9,104.3,78.9,6.5,0.0,175.0,0.0,75.1,-598435.3,0.99,0.0,1.0,0
1791058793.72,971079.4,104.8,78.9,6.5,0.0,175.0,0.0,75.1,-598435.3,0.99,0.0,1.0,0
1791058794.22,971079.9,105.3,78.9,6.5,0.0,175.0,0.0,75.1,-598435.3,0.99,0.0,1.0,0
1791058794.72,971080.4,105.8,78.9,6.5,0.0,175.0,0.0,75.1,-598435.3,0.99,0.0,1.0,0
1791058795.22,971080.9,106.3,78.9,6.5,0.0,175.0,0.0,75.1,-598435.3,0.99,0.0,1.0,0
1791058795.72,971081.4,106.8,78.9,6.5,0.0,175.0,0.0,75.1,-598435.3,0.99,0.0,1.0,0
1791058796.22,971081.9,107.3,78.9,6.5,0.0,175.0,0.0,75.1,-598435.3,0.99,0.0,1.0,0
1791058796.72,971082.5,107.8,78.9,6.5,0.0,175.0,0.0,75.1,-598435.3,0.99,0.0,1.0,0
1791058797.22,971083.0,108.3,78.9,6.5,0.0,175.0,0.0,75.1,-598435.3,0.99,0.0,1.0,0
1791058797.73,971083.5,108.8,78.9,6.5,0.0,175.0,0.0,75.1,-598435.3,0.99,0.0,1.0,0
1791058798.23,971084.0,109.3,78.9,6.5,0.0,175.0,0.0,75.1,-598435.3,0.99,0.0,1.0,0
1791058798.73,971084.5,109.8,78.9,6.5,0.0,175.0,0.0,75.1,-598435.3,0.99,0.0,1.0,0
1791058799.23,971085.0,110.3,78.9,6.5,0.0,175.0,0.0,75.1,-598435.3,0.99,0.0,1.0,0
1791058799.73,971085.5,110.8,78.9,6.5,0.0,175.0,0.0,75.1,-598435.3,0.99,0.0,1.0,0
1791058800.23,971086.0,111.3,78.9,6.5,0.0,175.0,0.0,75.1,-598435.3,0.99,0.0,1.0,0
1791058800.73,971086.5,111.8,78.9,6.5,0.0,175.0,0.0,75.1,-598435.3,0.99,0.0,1.0,0
1791058801.23,971087.0,112.3,78.9,6.5,0.0,175.0,0.0,75.1,-598435.3,0.99,0.0,1.0,0
1791058801.74,971087.5,112.8,78.9,6.5,0.0,175.0,0.0,75.1,-598435.3,0.99,0.0,1.0,0
1791058802.24,971088.0,113.3,78.9,6.5,0.0,175.0,0.0,75.1,-598435.3,0.99,0.0,1.0,0
1791058802.74,971088.5,113.8,78.9,6.5,0.0,175.0,0.0,75.1,-598435.3,0.99,0.0,1.0,0
1791058803.24,971089.0,114.3,78.9,6.5,0.0,175.0,0.0,75.1,-598435.3,0.99,0.0,1.0,0
1791058803.74,971089.5,114.8,78.9,6.5,0.0,175.0,0.0,75.1,-598435.3,0.99,0.0,1.0,0
1791058804.24,971090.0,115.3,78.9,6.5,0.0,175.0,0.0,75.1,-598435.3,0.99,0.0,1.0,0
1791058804.74,971090.5,115.8,78.9,6.5,0.0,175.0,0.0,75.1,-598435.3,0.99,0.0,1.0,0
1791058805.24,971091.0,116.3,78.9,6.5,0.0,175.0,0.0,75.1,-598435.3,0.99,0.0,1.0,0
1791058805.75,971091.5,116.8,78.9,6.5,0.0,175.0,0.0,75.1,-598435.3,0.99,0.0,1.0,0
1791058806.25,971092.0,117.3,78.9,6.5,0.0,175.0,0.0,75.1,-598435.3,1.0,0.0,1.0,0
1791058806.75,971092.5,117.8,78.9,6.5,0.0,175.0,0.0,75.1,-598435.3,0.99,0.0,1.0,0
1791058807.25,971093.0,118.3,78.9,6.5,0.0,175.0,0.0,75.1,-598435.3,0.99,0.0,1.0,0
1791058807.75,971093.5,118.8,78.9,6.5,0.0,175.0,0.0,75.1,-598435.3,1.0,0.0,1.0,0
1791058808.25,971094.0,119.3,78.9,6.5,0.0,175.0,0.0,75.1,-598435.3,0.99,0.0,1.0,0
1791058808.75,971094.5,119.8,78.9,6.5,0.0,175.0,0.0,75.1,-598435.3,0.99,0.0,1.0,0
1791058809.26,971095.0,120.3,78.9,6.5,0.0,175.0,0.0,75.1,-598435.3,0.99,0.0,1.0,0
1791058809.76,971095.5,120.8,78.9,6.5,0.0,175.0,0.0,75.1,-598435.3,0.99,0.0,1.0,0
1791058810.26,971096.0,121.3,78.9,-1.0,0.0,175.0,0.0,75.1,-598435.3,0.99,0.0,1.0,0
1791058810.76,971096.5,121.8,78.9,6.5,0.0,175.0,0.0,75.1,-598435.3,0.99,0.0,1.0,0
1791058811.26,971097.0,122.3,78.9,6.5,0.0,175.0,0.0,75.1,-598435.3,0.99,0.0,1.0,0
1791058811.76,971097.5,122.8,78.9,6.5,0.0,175.0,0.0,75.1,-598435.3,0.99,0.0,1.0,0
1791058812.26,971098.0,123.3,78.9,6.5,0.0,175.0,0.0,75.1,-598435.3,0.99,0.0,1.0,0
1791058812.76,971098.5,123.8,78.9,6.5,0.0,175.0,0.0,75.1,-598435.3,0.99,0.0,1.0,0
1791058813.27,971099.0,124.3,78.9,6.5,0.0,175.0,0.0,75.1,-598435.3,0.99,0.0,1.0,0
1791058813.77,971099.5,124.8,78.9,6.5,0.0,175.0,0.0,75.1,-598435.3,0.99,0.0,1.0,0
1791058814.27,971100.0,125.3,78.9,6.5,0.0,175.0,0.0,75.1,-598435.3,0.99,0.0,1.0,0
1791058814.77,971100.5,125.8,78.9,6.5,0.0,175.0,0.0,75.1,-598435.3,0.99,0.0,1.0,0
1791058815.27,971101.0,126.3,78.9,6.5,-0.0,175.0,0.0,75.1,-598435.3,0.99,0.0,1.0,0
1791058815.77,971101.5,126.8,78.9,6.5,0.0,175.0,0.0,75.1,-598435.3,0.99,0.0,1.0,0
1791058816.27,971102.0,127.3,78.9,6.5,0.0,175.0,0.0,75.1,-598435.3,0.99,0.0,1.0,0
1791058816.77,971102.5,127.8,78.9,6.5,0.0,175.0,0.0,75.1,-598435.3,0.99,0.0,1.0,0
1791058817.28,971103.0,128.3,78.9,6.5,0.0,175.0,0.0,75.1,-598435.3,0.99,0.0,1.0,0
1791058817.78,971103.5,128.8,78.9,6.5,0.0,175.0,0.0,75.1,-598435.3,0.99,0.0,1.0,0
1791058818.28,971104.0,129.3,78.9,6.5,-0.0,175.0,0.0,75.1,-598435.3,0.99,0.0,1.0,0
1791058818.78,971104.5,129.9,78.9,6.5,0.0,175.0,0.0,75.1,-598435.3,0.99,0.0,1.0,0
1791058819.28,971105.0,130.4,78.9,6.5,0.0,175.0,0.0,75.1,-598435.3,0.99,0.0,1.0,0
1791058819.78,971105.5,130.9,78.9,6.5,0.0,175.0,0.0,75.1,-598435.3,0.99,0.0,1.0,0
1791058820.28,971106.0,131.4,78.9,6.5,0.0,175.0,0.0,75.1,-598435.3,1.0,0.0,1.0,0
1791058820.78,971106.5,131.9,78.9,6.5,0.0,175.0,0.0,75.1,-598435.3,0.99,0.0,1.0,0
1791058821.29,971107.0,132.4,78.9,6.5,0.0,175.0,0.0,75.1,-598435.3,1.0,0.0,1.0,0
1791058821.79,971107.5,132.9,78.9,6.5,0.0,175.0,0.0,75.1,-598435.3,1.0,0.0,1.0,0
1791058822.29,971108.0,133.4,78.9,6.5,0.0,175.0,0.0,75.1,-598435.3,0.99,0.0,1.0,0
1791058822.79,971108.5,133.9,78.9,6.5,0.0,175.0,0.0,75.1,-598435.3,1.0,0.0,1.0,0
1791058823.29,971109.0,134.4,78.9,6.5,0.0,175.0,0.0,75.1,-598435.3,1.0,0.0,1.0,0
1791058823.79,971109.5,134.9,78.9,6.5,0.0,175.0,0.0,75.1,-598435.3,0.99,0.0,1.0,0
1791058824.29,971110.0,135.4,78.9,6.5,0.0,175.0,0.0,75.1,-598435.3,0.99,0.0,1.0,0
1791058824.8,971110.5,135.9,78.9,6.5,0.0,175.0,0.0,75.1,-598435.3,0.99,0.0,1.0,0
1791058825.3,971111.0,136.4,78.9,6.5,0.0,175.0,0.0,75.1,-598435.3,0.99,0.0,1.0,0
1791058825.8,971111.5,136.9,78.9,6.5,0.0,175.0,0.0,75.1,-598435.3,1.0,0.0,1.0,0
1791058826.3,971112.0,137.4,78.9,6.5,0.0,175.0,0.0,75.1,-598435.3,1.0,0.0,1.0,0
1791058826.8,971112.5,137.9,78.9,6.5,0.0,175.0,0.0,75.1,-598435.3,0.99,0.0,1.0,0
1791058827.3,971113.0,138.4,78.9,6.5,0.0,175.0,0.0,75.1,-598435.3,0.99,0.0,1.0,0
1791058827.8,971113.5,138.9,78.9,6.5,0.0,175.0,0.0,75.1,-598435.3,1.0,0.0,1.0,0
1791058828.3,971114.0,139.4,78.9,6.5,0.0,175.0,0.0,75.1,-598435.3,0.99,0.0,1.0,0
1791058828.81,971114.5,139.9,78.9,6.5,0.0,175.0,0.0,75.1,-598435.3,0.99,0.0,1.0,0
1791058829.31,971115.0,140.4,78.9,6.5,0.0,175.0,0.0,75.1,-598435.3,0.99,0.0,1.0,0
1791058829.81,971115.5,140.9,78.9,6.5,0.0,175.0,0.0,75.1,-598435.3,0.99,0.0,1.0,0
1791058830.31,971116.0,141.4,78.9,6.5,0.0,175.0,0.0,75.1,-598435.3,0.99,0.0,1.0,0
1791058830.81,971116.5,141.9,78.9,6.5,0.0,175.0,0.0,75.1,-598435.3,0.99,0.0,1.0,0
1791058831.31,971117.0,142.4,78.9,6.5,0.0,175.0,0.0,75.1,-598435.3,0.99,0.0,1.0,0
1791058831.81,971117.5,142.9,78.9,6.5,0.0,175.0,0.0,75.1,-598435.3,0.99,0.0,1.0,0
1791058832.32,971118.0,143.4,78.9,6.5,0.0,175.0,0.0,75.1,-598435.3,0.99,0.0,1.0,0
1791058832.82,971118.5,143.9,78.9,6.5,0.0,175.0,0.0,75.1,-598435.3,0.99,0.0,1.0,0
1791058833.32,971119.0,144.4,78.9,6.5,0.0,175.0,0.0,75.1,-598435.3,0.99,0.0,1.0,0
1791058833.82,971119.5,144.9,78.9,6.5,0.0,175.0,0.0,75.1,-598435.3,0.99,0.0,1.0,0
1791058834.32,971120.0,145.4,78.9,6.5,0.0,175.0,0.0,75.1,-598435.3,0.99,0.0,1.0,0
1791058834.82,971120.5,145.9,78.9,6.5,0.0,175.0,0.0,75.1,-598435.3,0.99,0.0,1.0,0
1791058835.32,971121.0,146.4,78.9,6.5,0.0,175.0,0.0,75.1,-598435.3,0.99,0.0,1.0,0
1791058835.82,971121.5,146.9,78.9,6.5,0.0,175.0,0.0,75.1,-598435.3,0.99,0.0,1.0,0
1791058836.33,971122.0,147.4,78.9,6.5,0.0,175.0,0.0,75.1,-598435.3,0.99,0.0,1.0,0
1791058836.83,971122.6,147.9,78.9,6.5,0.0,175.0,0.0,75.1,-598435.3,0.99,0.0,1.0,0
1791058837.33,971123.1,148.4,78.9,6.5,0.0,175.0,0.0,75.1,-598435.3,0.99,0.0,1.0,0
1791058837.83,971123.6,148.9,78.9,6.5,0.0,175.0,0.0,75.1,-598435.3,0.99,0.0,1.0,0
1791058838.33,971124.0,149.4,78.9,6.5,0.0,175.0,0.0,75.1,-598435.3,0.99,0.0,1.0,0
1791058838.83,971124.6,149.9,78.9,6.5,0.0,175.0,0.0,75.1,-598435.3,0.99,0.0,1.0,0
1791058839.33,971125.1,150.4,78.9,6.5,0.0,175.0,0.0,75.1,-598435.3,0.99,0.0,1.0,0
1791058839.84,971125.6,150.9,78.9,6.5,0.0,175.0,0.0,75.1,-598435.3,0.99,0.0,1.0,0
1791058840.34,971126.1,151.4,78.9,6.5,0.0,175.0,0.0,75.1,-598435.3,0.99,0.0,1.0,0
1791058840.84,971126.6,151.9,78.9,6.5,0.0,175.0,0.0,75.1,-598435.3,0.99,0.0,1.0,0
1791058841.34,971127.1,152.4,78.9,6.5,0.0,175.0,0.0,75.1,-598435.3,0.99,0.0,1.0,0
1791058841.84,971127.6,152.9,78.9,6.5,0.0,175.0,0.0,75.1,-598435.3,0.99,0.0,1.0,0
1791058842.34,971128.1,153.4,78.9,6.5,0.0,175.0,0.0,75.1,-598435.3,0.99,0.0,1.0,0
1791058842.84,971128.5,153.9,78.9,6.5,0.0,175.0,0.0,75.1,-598435.3,0.99,0.0,1.0,0
1791058843.34,971129.0,154.4,78.9,6.5,0.0,175.0,0.0,75.1,-598435.3,0.99,0.0,1.0,0
1791058843.85,971129.2,154.9,78.9,6.5,0.0,175.0,0.0,75.1,-598435.3,0.99,0.0,1.0,0
1791058844.35,971129.2,155.4,78.9,6.5,0.0,175.0,0.0,75.1,-598435.3,0.99,0.0,1.0,0
1791058844.85,971129.3,155.9,78.9,6.5,0.0,175.0,0.0,75.1,-598435.3,0.99,0.0,1.0,0
1791058845.35,971129.3,156.4,78.9,6.5,0.0,175.0,0.0,75.1,-598435.3,0.99,0.0,1.0,0
1791058845.85,971129.3,156.9,78.9,6.5,0.0,175.0,0.0,75.1,-598435.3,0.99,0.0,1.0,0
1791058846.35,971129.3,157.4,78.9,6.5,0.0,175.0,0.0,75.1,-598435.3,0.99,0.0,1.0,0
1791058846.85,971129.4,157.9,78.9,6.5,0.0,175.0,0.0,75.1,-598435.3,0.99,0.0,1.0,0
1791058847.36,971129.4,158.4,78.9,6.5,0.0,175.0,0.0,75.1,-598435.3,0.99,0.0,1.0,0
1791058847.86,971129.4,158.9,78.9,6.5,0.0,175.0,0.0,75.1,-598435.3,0.99,0.0,1.0,0
1791058848.36,971129.4,159.4,78.9,6.5,0.0,175.0,0.0,75.1,-598435.3,0.99,0.0,1.0,0
1791058848.86,971129.4,159.9,78.9,6.5,0.0,175.0,0.0,75.1,-598435.3,0.99,0.0,1.0,0
1791058849.36,971129.4,160.4,78.9,6.5,0.0,175.0,0.0,75.1,-598435.3,0.99,0.0,1.0,0
1791058849.86,971129.5,160.9,78.9,6.5,0.0,175.0,0.0,75.1,-598435.3,0.99,0.0,1.0,0
1791058850.36,971129.5,161.4,78.9,6.5,0.0,175.0,0.0,75.1,-598435.3,0.99,0.0,1.0,0
1791058850.87,971129.5,161.9,78.9,6.5,0.0,175.0,0.0,75.1,-598435.3,0.99,0.0,1.0,0
1791058851.37,971129.5,162.4,78.9,6.5,0.0,175.0,0.0,75.1,-598435.3,0.99,0.0,1.0,0
1791058851.87,971129.6,162.9,78.9,6.5,0.0,175.0,0.0,75.1,-598435.3,0.99,0.0,1.0,0
1791058852.37,971129.6,163.4,78.9,6.5,0.0,175.0,0.0,75.1,-598435.3,0.99,0.0,1.0,0
1791058852.87,971129.6,163.9,78.9,6.5,0.0,175.0,0.0,75.1,-598435.3,0.99,0.0,1.0,0
1791058853.37,971129.6,164.4,78.9,6.5,0.0,175.0,0.0,75.1,-598435.3,0.99,0.0,1.0,0
1791058853.87,971129.6,164.9,78.9,6.5,0.0,175.0,0.0,75.1,-598435.3,0.99,0.0,1.0,0
1791058854.38,971129.6,165.4,78.9,6.5,0.0,175.0,0.0,75.1,-598435.3,0.99,0.0,1.0,0
1791058854.88,971129.7,165.9,78.9,6.5,0.0,175.0,0.0,75.1,-598435.3,0.99,0.0,1.0,0
1791058855.38,971129.7,166.4,78.9,6.5,0.0,175.0,0.0,75.1,-598435.3,0.99,0.0,1.0,0
1791058855.88,971129.7,167.0,78.9,6.5,0.0,175.0,0.0,75.1,-598435.3,0.99,0.0,1.0,0
1791058856.38,971129.7,167.5,78.9,6.5,0.0,175.0,0.0,75.1,-598435.3,0.99,0.0,1.0,0
1791058856.88,971129.8,168.0,78.9,6.5,0.0,175.0,0.0,75.1,-598435.3,0.99,0.0,1.0,0
1791058857.38,971129.8,168.5,78.9,6.5,0.0,175.0,0.0,75.1,-598435.3,0.99,0.0,1.0,0
1791058857.88,971129.8,169.0,78.9,6.5,0.0,175.0,0.0,75.1,-598435.3,0.99,0.0,1.0,0
1791058858.39,971129.8,169.5,78.9,6.5,0.0,175.0,0.0,75.1,-598435.3,0.99,0.0,1.0,0
1791058858.89,971129.8,170.0,78.9,6.5,0.0,175.0,0.0,75.1,-598435.3,1.0,0.0,1.0,0
1791058859.39,971129.8,170.5,78.9,6.5,0.0,175.0,0.0,75.1,-598435.3,1.0,0.0,1.0,0
1791058859.89,971129.9,171.0,78.9,6.5,-0.0,175.0,0.0,75.1,-598435.3,0.99,0.0,1.0,0
1791058860.39,971129.9,171.5,78.9,6.5,-0.0,175.0,0.0,75.1,-598435.3,0.99,0.0,1.0,0
1791058860.89,971129.9,172.0,78.9,6.5,-0.0,175.0,0.0,75.1,-598435.3,0.99,0.0,1.0,0
1791058861.39,971129.9,172.5,78.9,6.5,-0.0,175.0,0.0,75.1,-598435.3,0.99,0.0,1.0,0
1791058861.9,971130.0,173.0,78.9,6.5,-0.0,175.0,0.0,75.1,-598435.3,0.99,0.0,1.0,0
1791058862.4,971130.0,173.5,78.9,6.5,-0.0,175.0,0.0,75.1,-598435.3,0.99,0.0,1.0,0
1791058862.9,971130.0,174.0,78.9,6.5,0.0,175.0,0.0,75.1,-598435.3,0.99,0.0,1.0,0
1791058863.4,971130.0,174.5,78.9,6.5,0.0,175.0,0.0,75.1,-598435.3,0.99,0.0,1.0,0
1791058863.9,971130.0,175.0,78.9,6.5,0.0,175.0,0.0,75.1,-598435.3,1.0,0.0,1.0,0
1791058864.4,971130.0,175.5,78.9,6.5,0.0,175.0,0.0,75.1,-598435.3,1.0,0.0,1.0,0
1791058864.9,971130.1,176.0,78.9,6.5,0.0,175.0,0.0,75.1,-598435.3,1.0,0.0,1.0,0
1791058865.4,971130.2,176.5,78.9,6.5,0.0,175.0,0.0,75.1,-598435.3,0.99,0.0,1.0,0
1791058865.91,971130.7,177.0,78.9,6.5,0.0,175.0,0.0,75.1,-598435.3,0.99,0.0,1.0,0
1791058866.41,971131.2,177.5,78.9,6.5,0.0,175.0,0.0,75.1,-598435.3,0.99,0.0,1.0,0
1791058866.91,971131.7,178.0,78.9,6.5,0.0,175.0,0.0,75.1,-598435.3,0.99,0.0,1.0,0
1791058867.41,971132.2,178.5,78.9,6.5,0.0,175.0,0.0,75.1,-598435.3,0.99,0.0,1.0,0
1791058867.91,971132.7,179.0,78.9,6.5,0.0,175.0,0.0,75.1,-598435.3,0.99,0.0,1.0,0
1791058868.41,971133.2,179.5,78.9,6.5,0.0,175.0,0.0,75.1,-598435.3,0.99,0.0,1.0,0
1791058868.91,971133.3,180.0,78.9,6.5,0.0,175.0,0.0,75.1,-598435.3,1.0,0.0,1.0,0
1791058869.42,971133.6,180.5,78.9,6.5,0.0,175.0,0.0,75.1,-598435.3,0.99,0.0,1.0,0
1791058869.92,971134.1,181.0,78.9,6.5,0.0,175.0,0.0,75.1,-598435.3,0.99,0.0,1.0,0
1791058870.42,971134.6,181.5,78.9,6.5,0.0,175.0,0.0,75.1,-598435.3,1.0,0.0,1.0,0
1791058870.92,971135.1,182.0,79.3,6.8,2.3,175.0,2.3,75.7,-598435.3,1.59,3.02,1.0,0
1791058871.42,971135.6,182.5,81.5,9.0,6.4,175.1,6.4,79.7,-598435.4,1.82,22.58,1.0,0
1791058871.93,971136.1,183.0,85.7,13.3,10.4,175.3,10.4,87.5,-598435.5,1.83,60.89,1.0,0
1791058872.43,971136.6,183.5,92.0,19.6,14.6,175.6,14.6,99.1,-598435.4,1.84,118.49,1.0,0
1791058872.93,971137.1,184.0,100.4,27.9,18.7,176.0,18.7,114.6,-598435.3,1.85,195.86,1.0,0
1791058873.43,971137.6,184.5,111.3,38.9,23.1,176.5,23.1,134.9,-598435.0,1.86,297.78,1.0,0
1791058873.93,971138.1,185.0,124.0,51.5,27.4,177.1,27.4,158.6,-598434.7,1.86,416.8,1.0,0
1791058874.43,971138.6,185.5,138.8,66.3,31.7,177.9,31.7,186.4,-598434.2,1.87,556.75,1.0,0
1791058874.94,971139.1,186.0,155.8,83.3,36.0,178.7,36.0,218.4,-598433.5,1.88,717.92,1.0,0
1791058875.44,971139.6,186.5,174.9,102.4,40.4,179.7,40.4,254.7,-598432.8,1.89,900.5,1.0,0
1791058875.94,971140.1,187.0,196.2,123.8,44.8,180.7,44.8,295.2,-598432.0,1.89,1104.64,1.0,0
1791058876.44,971140.6,187.5,219.8,147.3,49.2,181.9,49.2,340.2,-598431.2,1.9,1330.42,1.0,0
1791058876.94,971141.1,188.0,245.5,173.1,53.7,183.2,53.7,389.5,-598430.4,1.91,1577.83,1.0,0
1791058877.44,971141.6,188.5,273.5,201.1,58.2,184.6,58.2,443.3,-598429.6,1.91,1846.79,1.0,0
1791058877.94,971142.1,189.0,303.8,231.3,62.7,186.1,62.7,501.6,-598428.8,1.92,2137.15,1.0,0
1791058878.45,971142.6,189.5,336.3,263.8,67.2,187.7,67.2,564.5,-598428.1,1.92,2448.69,1.0,0
1791058878.95,971143.1,190.0,371.1,298.7,71.8,189.5,71.8,632.0,-598427.3,1.93,2780.62,1.0,0
1791058879.45,971143.6,190.5,408.2,335.7,76.4,191.3,76.4,704.1,-598426.6,1.93,3133.45,1.0,0
1791058879.95,971144.1,191.0,449.2,376.8,81.2,193.3,81.2,784.0,-598425.7,1.94,3522.38,1.0,0
1791058880.45,971144.6,191.5,491.0,418.6,85.8,195.3,85.8,865.6,-598424.9,1.94,3915.74,1.0,0
1791058880.95,971145.1,192.0,535.2,462.7,90.5,197.4,90.5,951.9,-598424.1,1.94,4328.08,1.0,0
1791058881.45,971145.6,192.5,581.6,509.1,95.1,199.6,95.1,1043.0,-598423.2,1.94,4758.79,1.0,0
1791058881.95,971146.1,193.0,630.4,557.9,99.8,201.9,99.8,1138.7,-598422.4,1.95,5207.18,1.0,0
1791058882.46,971146.6,193.5,681.5,609.1,104.5,204.3,104.5,1239.3,-598421.6,1.95,5672.63,1.0,0
1791058882.96,971147.1,194.0,735.0,662.5,109.2,206.8,109.2,1344.6,-598420.8,1.95,6154.5,1.0,0
1791058883.46,971147.6,194.5,790.8,718.4,113.9,209.3,113.9,1454.8,-598420.0,1.96,6652.14,1.0,0
1791058883.96,971148.1,195.0,849.0,776.6,118.7,212.0,118.7,1569.8,-598419.2,1.96,7164.92,1.0,0
1791058884.46,971148.6,195.5,909.6,837.1,123.4,214.7,123.4,1689.8,-598418.4,1.96,7692.17,1.0,0
1791058884.96,971149.1,196.0,972.5,900.1,128.2,217.5,128.2,1814.6,-598417.6,1.96,8233.22,1.0,0
1791058885.46,971149.6,196.5,1037.9,965.4,133.0,220.3,133.0,1944.4,-598416.9,1.97,8784.54,1.0,0
1791058885.96,971150.1,197.0,1102.8,1030.4,137.6,223.2,137.6,2073.8,-598416.2,1.97,9327.99,1.0,0
1791058886.47,971150.6,197.5,1175.7,1103.2,142.5,226.3,142.5,2219.1,-598415.4,1.97,9932.38,1.0,0
1791058886.97,971151.1,198.0,1248.2,1175.8,147.4,229.4,147.4,2364.1,-598414.7,1.97,10521.73,1.0,0
1791058887.47,971151.6,198.5,1323.2,1250.7,152.2,232.5,152.2,2514.3,-598414.0,1.98,11121.33,1.0,0
1791058887.97,971152.1,199.0,1400.6,1328.1,157.1,235.7,157.1,2669.6,-598413.4,1.98,11730.42,1.0,0
1791058888.47,971152.6,199.5,1480.4,1407.9,161.9,239.0,161.9,2830.2,-598412.8,1.99,12348.2,1.0,0
1791058888.97,971153.1,200.0,1562.6,1490.1,166.8,242.4,166.8,2996.1,-598412.2,1.99,12973.86,1.0,0
1791058889.47,971153.6,200.5,1647.3,1574.8,171.8,245.8,171.8,3167.4,-598411.6,1.99,13606.54,1.0,0
1791058889.97,971154.1,201.0,1734.5,1662.0,176.7,249.3,176.7,3344.0,-598411.1,2.0,14245.37,1.0,0
1791058890.48,971154.6,201.5,1824.1,1751.6,181.6,252.8,181.6,3526.1,-598410.6,2.0,14889.44,1.0,0
1791058890.98,971155.1,202.0,1916.2,1843.7,186.6,256.4,186.6,3713.7,-598410.1,2.0,15537.81,1.0,0
1791058891.48,971155.6,202.6,2010.8,1938.3,191.6,260.0,191.6,3906.9,-598409.7,2.01,16189.54,1.0,0
1791058891.98,971156.1,203.1,2107.9,2035.4,196.6,263.8,196.6,4105.7,-598409.3,2.01,16843.63,1.0,0
1791058892.48,971156.6,203.6,2207.5,2135.1,201.6,267.5,201.6,4310.1,-598409.0,2.01,17490.31,1.0,0
1791058892.98,971157.1,204.1,2313.8,2241.3,206.9,271.5,206.9,4528.7,-598408.6,2.02,18181.06,1.0,0
1791058893.48,971157.6,204.6,2418.6,2346.1,212.0,275.4,212.0,4744.7,-598408.4,2.02,18836.06,1.0,0
1791058893.99,971158.1,205.1,2525.9,2453.4,217.1,279.3,217.1,4966.6,-598408.1,2.03,19489.26,1.0,0
1791058894.49,971158.6,205.6,2635.7,2563.3,222.2,283.3,222.2,5194.3,-598408.0,2.03,20139.6,1.0,0
1791058894.99,971159.1,206.1,2748.1,2675.7,227.3,287.3,227.3,5427.9,-598407.8,2.03,20786.02,1.0,0
1791058895.49,971159.6,206.6,2863.1,2790.7,232.4,291.4,232.4,5667.4,-598407.7,2.04,21427.47,1.0,0
1791058895.99,971160.1,207.1,2980.7,2908.2,237.6,295.5,237.6,5912.9,-598407.7,2.04,22062.92,1.0,0
1791058896.49,971160.6,207.6,3100.8,3028.4,242.8,299.6,242.8,6164.5,-598407.7,2.04,22691.34,1.0,0
1791058896.99,971161.1,208.1,3223.6,3151.1,248.0,303.9,248.0,6422.2,-598407.8,2.05,23311.72,1.0,0
1791058897.5,971161.6,208.6,3348.9,3276.5,253.2,308.1,253.2,6686.0,-598407.9,2.05,23923.06,1.0,0
1791058898.0,971162.1,209.1,3476.9,3404.5,258.5,312.4,258.5,6956.1,-598408.0,2.05,24508.33,1.0,0
1791058898.5,971162.6,209.6,3602.2,3529.8,263.5,316.6,263.5,7221.3,-598408.3,2.06,25091.37,1.0,0
1791058899.0,971163.1,210.1,3740.7,3668.3,269.0,321.1,269.0,7515.3,-598408.5,2.06,25693.27,1.0,0
1791058899.5,971163.6,210.6,3882.1,3809.7,274.5,325.7,274.5,7816.3,-598408.9,2.07,26281.34,1.0,0
1791058900.0,971164.1,211.1,4015.2,3942.7,279.7,330.0,279.7,8100.5,-598409.3,2.07,26811.04,1.0,0
1791058900.5,971164.6,211.6,4162.1,4089.6,285.2,334.7,285.2,8415.2,-598409.7,2.07,27369.56,1.0,0
1791058901.0,971165.1,212.1,4306.1,4233.7,290.6,339.3,290.6,8723.6,-598410.2,2.07,27883.89,1.0,0
1791058901.51,971165.6,212.6,4446.9,4374.4,295.6,343.6,295.6,9022.4,-598410.8,2.05,28340.23,1.0,0
1791058902.01,971166.1,213.1,4602.0,4529.6,300.9,348.1,300.9,9345.3,-598411.4,2.0,28771.37,1.0,0
1791058902.51,971166.6,213.6,4747.6,4675.1,305.4,352.0,305.4,9639.6,-598412.0,1.94,29095.28,1.0,0
1791058903.01,971167.1,214.1,4907.7,4835.2,310.0,355.9,310.0,9952.1,-598412.6,1.87,29357.63,1.0,0
1791058903.51,971167.6,214.6,5057.5,4985.0,314.0,359.3,314.0,10233.7,-598413.3,1.8,29516.7,1.0,0
1791058904.01,971168.1,215.1,5215.5,5143.0,317.7,362.5,317.7,10519.5,-598413.9,1.73,29600.61,1.0,0
1791058904.51,971168.6,215.6,5375.2,5302.7,321.1,365.5,321.1,10797.8,-598414.6,1.67,29581.89,1.0,0
1791058905.02,971169.1,216.1,5536.6,5464.1,324.2,368.2,324.2,11069.1,-598415.3,1.61,29518.64,1.0,0
1791058905.52,971169.6,216.6,5706.0,5633.5,327.2,370.8,327.2,11344.6,-598416.0,1.55,29414.56,1.0,0
1791058906.02,971170.1,217.1,5870.3,5798.0,329.8,373.1,329.8,11604.2,-598416.7,1.51,29237.56,1.0,0
1791058906.52,971170.6,217.6,6035.8,5963.8,332.3,375.2,332.3,11859.7,-598417.4,1.47,29018.33,1.0,0
1791058907.02,971171.1,218.1,6202.6,6130.9,334.6,377.2,334.6,12112.3,-598418.2,1.45,28765.49,1.0,0
1791058907.52,971171.6,218.6,6370.5,6299.1,336.8,379.2,336.9,12363.3,-598419.0,1.43,28487.3,1.0,0
1791058908.02,971172.1,219.1,6539.5,6468.3,339.0,381.0,339.0,12613.9,-598419.8,1.42,28191.66,1.0,0
1791058908.52,971172.6,219.6,6709.5,6637.6,341.2,382.9,341.2,12865.8,-598420.6,1.41,27886.27,1.0,0
1791058909.03,971173.1,220.1,6880.7,6808.9,343.4,384.8,343.4,13120.6,-598421.5,1.42,27578.87,1.0,0
1791058909.53,971173.6,220.6,7053.0,6981.6,345.6,386.8,345.7,13380.4,-598422.5,1.44,27277.16,1.0,0
1791058910.03,971174.1,221.1,7226.4,7155.6,348.0,388.9,348.0,13646.1,-598423.6,1.46,26984.45,1.0,0
1791058910.53,971174.7,221.6,7401.0,7330.8,350.5,391.1,350.6,13918.4,-598424.7,1.48,26700.94,1.0,0
1791058911.03,971175.2,222.1,7577.0,7507.3,353.2,393.4,353.2,14197.6,-598425.9,1.51,26399.87,1.0,0
1791058911.53,971175.7,222.6,7754.3,7685.1,355.9,395.8,356.0,14484.3,-598427.2,1.54,26135.2,1.0,0
1791058912.03,971176.2,223.1,7940.2,7871.6,359.0,398.5,359.0,14791.1,-598428.6,1.57,25897.7,1.0,0
1791058912.54,971176.7,223.6,8120.5,8052.5,362.1,401.2,362.1,15095.2,-598430.1,1.6,25653.59,1.0,0
1791058913.04,971177.2,224.1,8302.3,8234.7,365.3,404.1,365.3,15408.8,-598431.6,1.64,25419.86,1.0,0
1791058913.54,971177.7,224.6,8485.9,8418.2,368.8,407.2,368.8,15732.9,-598433.3,1.67,25196.75,1.0,0
1791058914.04,971178.2,225.1,8671.2,8603.5,372.4,410.4,372.4,16068.2,-598435.1,1.71,24984.41,1.0,0
1791058914.54,971178.7,225.6,8858.4,8790.7,376.2,413.8,376.3,16415.7,-598436.9,1.76,24753.8,1.0,0
1791058915.04,971179.2,226.1,9047.6,8979.9,380.3,417.5,380.4,16777.1,-598439.0,1.81,24403.29,1.0,0
1791058915.54,971179.7,226.6,9238.8,9171.2,384.7,421.4,384.7,17153.8,-598441.1,1.86,24075.41,1.0,0
1791058916.04,971180.2,227.1,9432.4,9364.7,389.3,425.6,389.4,17546.7,-598443.4,1.91,23769.32,1.0,0
1791058916.55,971180.7,227.6,9628.3,9560.7,394.2,430.0,394.3,17957.0,-598445.9,1.97,23449.01,1.0,0
1791058917.05,971181.2,228.1,9826.8,9759.1,399.4,434.7,399.5,18385.9,-598448.5,2.03,23183.65,1.0,0
1791058917.55,971181.7,228.6,10036.0,9968.4,405.2,439.9,405.3,18852.9,-598451.4,2.1,22962.74,1.0,0
1791058918.05,971182.2,229.1,10240.1,10172.5,411.0,445.2,411.1,19323.5,-598454.4,2.16,22734.17,1.0,0
1791058918.55,971182.7,229.6,10447.2,10379.6,417.2,450.8,417.3,19816.4,-598457.6,2.23,22521.27,1.0,0
1791058919.05,971183.2,230.1,10657.5,10589.9,423.7,456.8,423.8,20332.9,-598460.9,2.3,22322.17,1.0,0
1791058919.55,971183.7,230.6,10871.2,10803.5,430.6,463.0,430.7,20874.6,-598464.5,2.37,22135.57,1.0,0
1791058920.05,971184.2,231.1,11088.3,11020.7,437.8,469.7,437.9,21443.6,-598468.3,2.44,21961.02,1.0,0
1791058920.56,971184.7,231.6,11309.2,11241.6,445.4,476.7,445.5,22041.8,-598472.3,2.52,21797.93,1.0,0
1791058921.06,971185.2,232.1,11534.0,11466.4,453.5,484.1,453.5,22671.6,-598476.5,2.6,21645.21,1.0,0
1791058921.56,971185.7,232.6,11762.9,11695.3,461.9,491.9,462.0,23335.1,-598481.0,2.69,21501.65,1.0,0
1791058922.06,971186.2,233.1,11996.1,11928.5,470.8,500.1,470.9,24034.6,-598485.8,2.77,21365.82,1.0,0
1791058922.56,971186.7,233.6,12228.8,12161.2,459.3,489.4,459.4,23686.6,-598483.2,1.61,19456.59,1.0,0
1791058923.06,971187.2,234.1,12455.3,12387.7,447.2,478.0,447.3,23314.3,-598480.4,1.51,17663.82,1.0,0
1791058923.56,971187.7,234.6,12676.0,12608.4,436.4,468.0,436.5,23017.1,-598477.9,1.2,16122.2,1.0,0
1791058924.06,971188.2,235.1,12891.5,12823.9,425.9,458.3,426.0,22741.1,-598475.4,1.18,14737.54,1.0,0
1791058924.57,971188.7,235.6,13101.8,13034.2,415.8,448.9,415.9,22488.9,-598473.1,1.1,13492.35,1.0,0
1791058925.07,971189.2,236.1,13299.0,13231.4,406.4,440.3,406.6,22267.7,-598471.0,1.03,12394.09,1.0,0
1791058925.57,971189.7,236.6,13507.7,13440.1,396.6,431.3,396.7,22048.6,-598468.8,0.96,11357.76,1.0,0
1791058926.07,971190.2,237.1,13703.6,13636.0,388.5,423.8,388.6,21897.6,-598467.1,0.66,10492.86,1.0,0
1791058926.57,971190.7,237.6,13898.4,13830.8,387.8,423.1,387.9,22067.6,-598468.6,0.61,10070.63,1.0,0
1791058927.07,971191.2,238.1,14090.0,14022.4,379.1,415.1,379.2,21896.8,-598466.6,0.82,9260.74,1.0,0
1791058927.57,971191.7,238.6,14277.3,14209.7,370.6,407.5,370.8,21740.8,-598464.7,0.77,8538.6,1.0,0
1791058928.08,971192.2,239.1,14460.5,14392.9,362.4,400.1,362.6,21598.3,-598463.0,0.72,7881.41,1.0,0
1791058928.58,971192.7,239.6,14639.6,14572.7,354.5,392.9,354.6,21468.0,-598461.4,0.67,7282.33,1.0,0
1791058929.08,971193.2,240.1,14821.8,14755.6,346.4,385.7,346.6,21344.5,-598459.6,0.62,6723.62,1.0,0
1791058929.58,971193.7,240.7,14986.2,14920.9,339.2,379.2,339.4,21240.7,-598458.1,0.58,6244.0,1.0,0
1791058930.08,971194.2,241.2,15153.9,15089.1,331.9,372.7,332.1,21142.3,-598456.6,0.54,5778.79,1.0,0
1791058930.58,971194.7,241.7,15318.0,15253.2,324.8,366.4,325.0,21053.1,-598455.3,0.5,5360.26,1.0,0
1791058931.08,971195.2,242.2,15485.0,15420.2,317.6,360.0,317.8,20969.4,-598453.9,0.46,4967.95,1.0,0
1791058931.61,971195.7,242.7,15648.2,15583.4,310.6,353.9,310.8,20895.2,-598452.6,0.42,4603.61,1.0,0
1791058932.11,971196.2,243.2,15801.9,15737.1,304.1,348.2,304.3,20832.9,-598451.5,0.37,4283.54,1.0,0
1791058932.61,971196.7,243.7,15952.3,15887.5,297.9,342.8,298.1,20779.2,-598450.4,0.33,3990.49,1.0,0
1791058933.12,971197.2,244.2,16099.7,16034.9,291.8,337.6,292.0,20733.5,-598449.6,0.28,3720.95,1.0,0
1791058933.62,971197.7,244.7,16244.1,16179.3,286.0,332.5,286.2,20695.1,-598448.8,0.24,3471.5,1.0,0
1791058934.12,971198.2,245.2,16385.6,16320.8,280.4,327.7,280.5,20662.9,-598448.1,0.21,3242.17,1.0,0
1791058934.62,971198.7,245.7,16524.3,16459.5,274.8,323.0,275.0,20636.2,-598447.5,0.18,3030.7,1.0,0
1791058935.12,971199.2,246.2,16660.4,16595.6,269.5,318.4,269.7,20613.8,-598447.0,0.15,2835.11,1.0,0
1791058935.62,971199.7,246.7,16793.7,16728.9,264.2,314.0,264.4,20595.1,-598446.5,0.13,2653.65,1.0,0
1791058936.12,971200.2,247.2,16924.5,16859.7,259.1,309.6,259.3,20579.1,-598446.1,0.11,2484.77,1.0,0
1791058936.63,971200.7,247.7,17052.7,16987.9,253.9,305.4,254.2,20565.2,-598445.7,0.1,2327.12,1.0,0
1791058937.13,971201.2,248.2,17178.3,17113.5,248.9,301.2,249.1,20552.7,-598445.4,0.09,2179.59,1.0,0
1791058937.63,971201.7,248.7,17301.5,17236.7,243.8,297.0,244.1,20541.2,-598445.1,0.09,2039.32,1.0,0
1791058938.13,971202.2,249.2,17426.9,17362.1,238.6,292.7,238.9,20530.3,-598444.8,0.08,1906.64,1.0,0
1791058938.63,971202.7,249.7,17544.9,17480.1,233.7,288.7,233.9,20520.8,-598444.4,0.07,1785.28,1.0,0
1791058939.13,971203.2,250.2,17660.4,17595.6,228.7,284.7,229.0,20512.0,-598444.1,0.07,1671.38,1.0,0
1791058939.63,971203.7,250.7,17773.5,17708.7,223.8,280.7,224.0,20504.0,-598443.8,0.07,1564.43,1.0,0
1791058940.13,971204.2,251.2,17884.1,17819.3,218.9,276.8,219.2,20496.8,-598443.6,0.06,1463.97,1.0,0
1791058940.64,971204.7,251.7,17992.3,17927.5,214.0,273.0,214.3,20490.1,-598443.3,0.06,1369.56,1.0,0
1791058941.14,971205.2,252.2,18098.0,18033.2,209.1,269.2,209.4,20484.0,-598443.1,0.05,1280.82,1.0,0
1791058941.64,971205.7,252.7,18201.3,18136.5,204.3,265.4,204.6,20478.4,-598442.8,0.05,1197.37,1.0,0
1791058942.14,971206.2,253.2,18302.2,18237.4,199.5,261.7,199.8,20473.4,-598442.6,0.05,1118.87,1.0,0
1791058942.64,971206.8,253.7,18400.7,18335.9,194.7,258.1,195.0,20468.8,-598442.4,0.04,1045.01,1.0,0
1791058943.15,971207.3,254.2,18496.8,18432.0,189.9,254.5,190.2,20464.6,-598442.2,0.04,974.76,1.0,0
1791058943.65,971207.8,254.7,18594.2,18529.4,184.9,250.8,185.3,20460.6,-598441.9,0.04,907.53,1.0,0
1791058944.15,971208.3,255.2,18685.4,18620.6,180.2,247.3,180.5,20457.1,-598441.7,0.03,846.07,1.0,0
1791058944.65,971208.8,255.7,18774.3,18709.5,175.4,243.8,175.8,20454.0,-598441.6,0.03,788.18,1.0,0
1791058945.15,971209.3,256.2,18860.8,18796.0,170.7,240.4,171.0,20451.2,-598441.4,0.03,733.67,1.0,0
1791058945.65,971209.8,256.7,18944.9,18880.1,165.9,237.1,166.3,20448.6,-598441.2,0.03,682.31,1.0,0
1791058946.15,971210.3,257.2,19026.6,18961.8,161.2,233.8,161.6,20446.2,-598441.0,0.03,633.94,1.0,0
1791058946.65,971210.8,257.7,19106.0,19041.2,156.5,230.6,156.9,20444.1,-598440.9,0.02,588.36,1.0,0
1791058947.15,971211.3,258.2,19183.0,19118.2,151.8,227.4,152.3,20442.2,-598440.7,0.02,545.43,1.0,0
1791058947.66,971211.8,258.7,19257.7,19193.0,147.2,224.3,147.6,20440.5,-598440.6,0.02,504.98,1.0,0
1791058948.16,971212.3,259.2,19330.1,19265.3,142.5,221.2,142.9,20439.0,-598440.4,0.02,466.89,1.0,0
1791058948.66,971212.8,259.7,19400.1,19335.3,137.8,218.3,138.3,20437.6,-598440.3,0.02,430.78,1.0,0
1791058949.16,971213.3,260.2,19467.8,19403.0,133.2,215.3,133.7,20436.4,-598440.1,0.02,397.03,1.0,0
1791058949.66,971213.8,260.7,19535.8,19471.0,128.3,212.4,128.8,20435.3,-598440.0,0.01,364.22,1.0,0
1791058950.16,971214.3,261.2,19598.7,19533.9,123.7,209.6,124.2,20434.3,-598439.9,0.01,334.38,1.0,0
1791058950.66,971214.8,261.7,19659.4,19594.5,119.0,206.9,119.6,20433.4,-598439.8,0.01,306.32,1.0,0
1791058951.17,971215.3,262.2,19717.7,19652.9,114.4,204.2,115.0,20432.6,-598439.6,0.01,279.95,1.0,0
1791058951.67,971215.8,262.7,19773.7,19708.9,109.8,201.7,110.4,20432.0,-598439.5,0.01,255.19,1.0,0
1791058952.17,971216.3,263.2,19827.4,19762.5,105.2,199.2,105.8,20431.4,-598439.4,0.01,231.95,1.0,0
1791058952.67,971216.8,263.7,19878.7,19813.9,100.5,196.8,101.2,20430.8,-598439.3,0.01,210.16,1.0,0
1791058953.17,971217.3,264.2,19927.8,19863.0,95.9,194.5,96.6,20430.4,-598439.1,0.01,189.75,1.0,0
1791058953.67,971217.8,264.7,19974.6,19909.8,91.3,192.2,92.1,20430.0,-598439.0,0.01,170.67,1.0,0
1791058954.17,971218.3,265.2,20019.0,19954.2,86.7,190.1,87.5,20429.6,-598438.9,0.01,152.85,1.0,0
1791058954.67,971218.8,265.7,20061.2,19996.4,82.1,188.0,83.0,20429.3,-598438.8,0.01,136.23,1.0,0
1791058955.18,971219.3,266.2,20101.1,20036.3,77.5,186.1,78.4,20429.1,-598438.7,0.01,120.78,1.0,0
1791058955.68,971219.8,266.7,20138.7,20073.8,72.9,184.2,73.9,20428.9,-598438.6,0.0,106.4,1.0,0
1791058956.18,971220.3,267.2,20173.9,20109.1,68.4,182.4,69.4,20428.7,-598438.4,0.0,93.13,1.0,0
1791058956.68,971220.8,267.8,20208.2,20143.4,63.6,180.7,64.7,20428.5,-598438.3,0.0,80.45,1.0,0
1791058957.18,971221.3,268.3,20238.8,20174.0,59.0,179.1,60.2,20428.4,-598438.2,0.0,69.23,1.0,0
1791058957.68,971221.8,268.8,20267.1,20202.3,54.4,177.7,55.7,20428.2,-598438.0,0.0,58.98,1.0,0
1791058958.18,971222.3,269.3,20293.1,20228.3,49.9,176.3,51.2,20428.1,-598437.8,0.0,49.66,1.0,0
1791058958.68,971222.8,269.8,20316.9,20252.0,45.3,175.1,46.8,20428.1,-598437.7,0.0,41.24,1.0,0
1791058959.19,971223.3,270.3,20338.3,20273.5,40.7,174.0,42.4,20428.0,-598437.5,0.0,33.7,1.0,0
1791058959.69,971223.8,270.8,20357.5,20292.7,36.1,173.0,38.0,20427.9,-598437.2,0.0,27.02,1.0,0
1791058960.19,971224.3,271.3,20374.3,20309.3,31.6,172.1,33.7,20427.9,-598437.0,0.0,21.17,1.0,0
1791058960.69,971224.8,271.8,20388.9,20323.6,27.0,171.3,29.5,20427.8,-598436.7,0.0,16.14,1.0,0
1791058961.19,971225.3,272.3,20400.8,20335.1,24.3,170.2,27.4,20433.9,-598449.7,0.48,13.9,1.0,0
1791058961.69,971225.8,272.8,20411.7,20345.6,19.5,169.7,23.1,20433.1,-598447.7,0.01,9.9,1.0,0
1791058962.19,971226.3,273.3,20420.3,20353.8,14.9,169.2,19.5,20433.0,-598447.6,0.0,6.98,1.0,0
1791058962.7,971226.8,273.8,20426.5,20359.7,10.4,168.9,16.2,20433.0,-598447.5,0.0,4.84,1.0,0
1791058963.2,971227.3,274.3,20430.6,20363.3,5.8,168.7,13.7,20432.9,-598447.5,0.0,3.48,1.0,0
1791058963.7,971227.8,274.8,20432.3,20364.8,1.2,168.6,12.5,20432.9,-598447.4,0.0,2.88,1.0,0
1791058964.2,971228.3,275.3,20431.7,20364.2,-3.5,168.6,12.9,20432.8,-598447.3,0.0,3.08,1.0,0
1791058964.7,971228.8,275.8,20428.7,20361.3,-8.1,168.8,14.8,20432.8,-598447.2,0.0,4.05,1.0,0
1791058965.2,971229.3,276.3,20423.5,20356.1,-12.6,169.1,17.7,20432.7,-598447.2,0.0,5.78,1.0,0
1791058965.7,971229.8,276.8,20416.1,20348.6,-17.2,169.5,21.2,20432.7,-598447.1,0.0,8.29,1.0,0
1791058966.2,971230.3,277.3,20406.3,20338.8,-21.7,170.0,25.0,20432.6,-598446.8,0.0,11.58,1.0,0
1791058966.71,971230.8,277.8,20394.3,20326.8,-26.3,170.7,29.1,20432.5,-598446.5,0.0,15.65,1.0,0
1791058967.21,971231.3,278.3,20379.9,20312.5,-30.8,171.5,33.2,20432.5,-598445.9,0.01,20.51,1.0,0
1791058967.71,971231.8,278.8,20363.3,20295.9,-35.4,172.4,37.5,20432.4,-598445.2,0.01,26.18,1.0,0
1791058968.21,971232.3,279.3,20344.5,20277.0,-39.9,173.4,41.8,20432.3,-598444.3,0.01,32.66,1.0,0
1791058968.71,971232.8,279.8,20323.3,20255.9,-44.5,174.6,46.1,20432.1,-598443.3,0.01,39.97,1.0,0
1791058969.21,971233.3,280.3,20299.0,20231.5,-49.2,175.9,50.7,20431.8,-598442.1,0.01,48.44,1.0,0
1791058969.71,971233.8,280.8,20273.2,20205.7,-53.7,177.3,55.0,20431.5,-598440.8,0.02,57.47,1.0,0
1791058970.21,971234.3,281.3,20246.3,20178.9,-58.0,178.7,59.3,20431.2,-598439.5,0.02,66.98,1.0,0
1791058970.72,971234.8,281.8,20214.9,20147.4,-62.7,180.4,63.8,20430.6,-598438.2,0.02,78.16,1.0,0
1791058971.22,971235.3,282.3,20182.4,20114.9,-67.2,182.1,68.2,20429.9,-598436.9,0.02,89.84,1.0,0
1791058971.72,971235.8,282.8,20147.7,20080.2,-71.7,183.8,72.6,20429.0,-598435.6,0.03,102.46,1.0,0
1791058972.22,971236.3,283.3,20110.7,20043.2,-76.1,185.7,77.0,20428.0,-598434.5,0.03,116.03,1.0,0
1791058972.72,971236.8,283.8,20073.1,20005.7,-80.3,187.5,81.2,20426.7,-598433.6,0.03,129.95,1.0,0
1791058973.22,971237.3,284.3,20030.1,19962.6,-84.9,189.6,85.7,20425.2,-598432.3,0.04,146.1,1.0,0
1791058973.72,971237.8,284.8,19986.5,19919.0,-89.3,191.6,90.0,20423.2,-598432.1,0.04,162.59,1.0,0
1791058974.23,971238.3,285.3,19940.7,19873.2,-93.6,193.7,94.3,20420.9,-598431.9,0.05,180.13,1.0,0
1791058974.73,971238.8,285.8,19892.8,19825.3,-98.0,195.8,98.6,20418.3,-598431.8,0.05,198.73,1.0,0
1791058975.23,971239.3,286.3,19842.6,19775.1,-102.3,198.0,102.9,20415.2,-598431.8,0.06,218.42,1.0,0
1791058975.73,971239.8,286.8,19790.4,19722.8,-106.5,200.3,107.1,20411.7,-598431.9,0.06,239.24,1.0,0
1791058976.23,971240.3,287.3,19735.9,19668.5,-110.8,202.6,111.4,20407.7,-598432.3,0.07,261.24,1.0,0
1791058976.73,971240.8,287.8,19679.4,19611.9,-115.0,204.9,115.6,20403.4,-598433.0,0.07,284.47,1.0,0
1791058977.23,971241.3,288.3,19620.8,19553.2,-119.2,207.3,119.8,20398.7,-598433.7,0.07,309.04,1.0,0
1791058977.73,971241.8,288.8,19560.0,19492.5,-123.4,209.7,123.9,20393.5,-598434.1,0.08,334.9,1.0,0
1791058978.23,971242.3,289.3,19497.2,19429.7,-127.6,212.2,128.1,20387.8,-598434.2,0.09,362.13,1.0,0
1791058978.74,971242.8,289.8,19432.3,19364.8,-131.7,214.7,132.2,20381.9,-598433.7,0.09,390.88,1.0,0
1791058979.24,971243.3,290.3,19365.3,19297.8,-135.9,217.3,136.4,20375.8,-598433.7,0.08,421.34,1.0,0
1791058979.74,971243.8,290.8,19296.4,19228.8,-140.0,220.0,140.5,20368.8,-598433.4,0.1,453.17,1.0,0
1791058980.24,971244.3,291.3,19225.3,19157.8,-144.0,222.6,144.4,20359.4,-598431.5,0.13,485.86,1.0,0
1791058980.74,971244.8,291.8,19152.4,19084.9,-147.9,225.3,148.3,20347.9,-598428.4,0.16,519.46,1.0,0
1791058981.24,971245.3,292.3,19077.5,19010.0,-151.6,227.9,152.0,20334.2,-598425.6,0.18,554.42,1.0,0
1791058981.75,971245.8,292.8,18997.7,18930.1,-155.4,230.5,155.8,20318.0,-598423.3,0.2,591.31,1.0,0
1791058982.25,971246.3,293.3,18919.1,18851.5,-159.0,233.1,159.3,20300.4,-598421.4,0.22,628.34,1.0,0
1791058982.75,971246.8,293.8,18838.7,18771.1,-162.5,235.6,162.8,20281.2,-598419.1,0.24,666.67,1.0,0
1791058983.25,971247.3,294.3,18756.6,18689.0,-165.9,238.1,166.3,20260.6,-598415.4,0.25,706.48,1.0,0
1791058983.75,971247.8,294.8,18672.8,18605.2,-169.4,240.7,169.7,20239.2,-598410.9,0.25,748.11,1.0,0
1791058984.25,971248.3,295.3,18587.3,18519.7,-172.8,243.2,173.1,20217.7,-598408.2,0.23,792.03,1.0,0
1791058984.75,971248.8,295.8,18500.1,18432.5,-176.3,245.8,176.6,20196.4,-598407.1,0.23,838.5,1.0,0
1791058985.25,971249.3,296.3,18411.1,18343.5,-179.7,248.3,180.0,20173.9,-598406.1,0.24,887.01,1.0,0
1791058985.76,971249.8,296.8,18320.4,18252.8,-183.0,250.8,183.3,20148.5,-598405.0,0.26,936.67,1.0,0
1791058986.26,971250.4,297.3,18228.0,18160.4,-186.2,253.2,186.5,20120.2,-598404.5,0.29,987.59,1.0,0
1791058986.76,971250.9,297.8,18134.1,18066.5,-189.3,255.5,189.6,20089.7,-598404.1,0.3,1040.88,1.0,0
1791058987.26,971251.4,298.3,18038.5,17970.9,-192.4,257.8,192.6,20057.4,-598402.7,0.32,1095.34,1.0,0
1791058987.76,971251.9,298.8,17941.4,17873.8,-195.3,260.0,195.5,20021.8,-598402.6,0.35,1150.84,1.0,0
1791058988.26,971252.4,299.3,17839.0,17771.4,-198.3,262.3,198.5,19983.3,-598402.1,0.36,1209.89,1.0,0
1791058988.76,971252.9,299.8,17739.1,17671.5,-201.0,264.6,201.2,19941.8,-598396.0,0.42,1267.85,1.0,0
1791058989.26,971253.4,300.3,17637.9,17570.3,-203.5,266.8,203.7,19895.0,-598389.5,0.48,1325.73,1.0,0
1791058989.77,971253.9,300.8,17535.6,17467.9,-205.9,268.7,206.0,19844.5,-598384.8,0.51,1384.36,1.0,0
1791058990.27,971254.4,301.3,17432.1,17364.5,-208.1,270.7,208.2,19791.3,-598379.5,0.52,1444.39,1.0,0
1791058990.77,971254.9,301.8,17327.5,17259.8,-210.4,272.7,210.5,19737.2,-598372.3,0.51,1506.83,1.0,0
1791058991.27,971255.4,302.3,17221.7,17154.1,-212.7,274.6,212.8,19684.6,-598367.6,0.46,1573.37,1.0,0
1791058991.77,971255.9,302.8,17114.8,17047.2,-215.1,276.5,215.2,19632.3,-598367.0,0.46,1643.57,1.0,0
1791058992.27,971256.4,303.3,17006.8,16939.1,-217.3,278.3,217.4,19576.8,-598365.7,0.48,1715.1,1.0,0
1791058992.77,971256.9,303.8,16897.5,16829.9,-219.5,280.1,219.6,19517.8,-598363.8,0.51,1787.83,1.0,0
1791058993.27,971257.4,304.3,16787.2,16719.6,-221.4,281.7,221.5,19453.2,-598360.8,0.55,1861.71,1.0,0
1791058993.78,971257.9,304.8,16676.0,16608.4,-223.0,283.4,223.1,19380.7,-598349.6,0.63,1931.64,1.0,0
1791058994.28,971258.4,305.3,16564.0,16496.3,-224.4,285.3,224.4,19301.5,-598325.8,0.72,1999.43,1.0,0
1791058994.78,971258.9,305.8,16446.9,16379.2,-225.7,287.2,225.7,19215.6,-598299.6,0.75,2068.65,1.0,0
1791058995.28,971259.4,306.4,16333.7,16266.0,-227.1,288.9,227.1,19135.4,-598280.3,0.7,2141.94,1.0,0
1791058995.78,971259.9,306.9,16219.9,16152.2,-228.4,290.6,228.4,19054.0,-598261.1,0.72,2217.38,1.0,0
1791058996.28,971260.4,307.4,16105.6,16037.9,-229.4,292.0,229.5,18964.1,-598242.2,0.76,2289.2,1.0,0
1791058996.78,971260.6,307.9,16059.7,15992.1,-229.9,292.4,229.9,18928.4,-598238.6,0.74,2319.01,1.0,0
1791058997.28,971260.6,308.4,16059.7,15992.1,-229.9,292.4,229.9,18928.4,-598238.6,0.74,2319.01,1.0,0
1791058997.79,971260.6,308.9,16050.5,15982.9,-230.0,292.5,230.0,18921.4,-598238.1,0.74,2325.09,1.0,0
1791058998.29,971260.6,309.4,16050.5,15982.9,-230.0,292.5,230.0,18921.4,-598238.1,0.74,2325.09,1.0,0
1791058998.79,971260.7,309.9,16041.3,15973.7,-230.0,292.6,230.1,18914.3,-598237.6,0.74,2331.16,1.0,0
1791058999.29,971260.7,310.4,16041.3,15973.7,-230.0,292.6,230.1,18914.3,-598237.6,0.74,2331.16,1.0,0
1791058999.79,971260.7,310.9,16032.1,15964.5,-230.1,292.7,230.2,18907.3,-598237.3,0.73,2337.2,1.0,0
1791059000.29,971260.7,311.4,16032.1,15964.5,-230.1,292.7,230.2,18907.3,-598237.3,0.73,2337.2,1.0,0
1791059000.79,971260.7,311.9,16022.9,15955.3,-230.2,292.8,230.2,18900.4,-598237.0,0.73,2343.29,1.0,0
1791059001.3,971260.7,312.4,16022.9,15955.3,-230.2,292.8,230.2,18900.4,-598237.0,0.73,2343.29,1.0,0
1791059001.8,971260.8,312.9,16013.7,15946.0,-230.3,292.9,230.3,18893.4,-598236.7,0.72,2349.41,1.0,0
1791059002.3,971260.8,313.4,16013.7,15946.0,-230.3,292.9,230.3,18893.4,-598236.7,0.72,2349.41,1.0,0
1791059002.8,971260.8,313.9,16004.5,15936.9,-230.4,293.0,230.4,18886.5,-598236.5,0.72,2355.57,1.0,0
1791059003.3,971260.8,314.4,16004.5,15936.9,-230.4,293.0,230.4,18886.5,-598236.5,0.72,2355.57,1.0,0
1791059003.8,971260.9,314.9,15995.3,15927.6,-230.5,293.0,230.5,18879.6,-598236.3,0.72,2361.77,1.0,0
1791059004.3,971260.9,315.4,15995.3,15927.6,-230.5,293.0,230.5,18879.6,-598236.3,0.72,2361.77,1.0,0
1791059004.8,971260.9,315.9,15986.1,15918.4,-230.6,293.1,230.6,18872.7,-598236.2,0.71,2367.96,1.0,0
1791059005.31,971260.9,316.4,15986.1,15918.4,-230.6,293.1,230.6,18872.7,-598236.2,0.71,2367.96,1.0,0
1791059005.81,971260.9,316.9,15976.8,15909.2,-230.7,293.2,230.7,18865.7,-598236.1,0.71,2374.13,1.0,0
1791059006.31,971260.9,317.4,15976.8,15909.2,-230.7,293.2,230.7,18865.7,-598236.1,0.71,2374.13,1.0,0
1791059006.81,971261.0,317.9,15967.6,15900.0,-230.8,293.3,230.8,18858.7,-598236.0,0.71,2380.3,1.0,0
1791059007.31,971261.0,318.4,15967.6,15900.0,-230.8,293.3,230.8,18858.7,-598236.0,0.71,2380.3,1.0,0
1791059007.81,971261.0,318.9,15958.4,15890.7,-230.9,293.3,230.9,18851.7,-598236.0,0.71,2386.46,1.0,0
1791059008.31,971261.0,319.4,15958.4,15890.7,-230.9,293.3,230.9,18851.7,-598236.0,0.71,2386.46,1.0,0
1791059008.82,971261.5,319.9,15856.6,15788.9,-231.8,294.1,231.9,18773.1,-598236.1,0.72,2454.53,1.0,0
1791059009.32,971262.0,320.4,15740.3,15672.6,-232.9,295.0,232.9,18682.2,-598236.0,0.73,2533.38,1.0,0
1791059009.82,971262.5,320.9,15623.5,15555.8,-233.6,295.8,233.7,18583.8,-598228.9,0.8,2608.53,1.0,0
1791059010.32,971263.0,321.4,15506.3,15438.7,-234.3,296.9,234.4,18483.2,-598211.7,0.83,2684.48,1.0,0
1791059010.82,971263.5,321.9,15393.7,15326.0,-234.9,297.7,235.0,18385.3,-598202.5,0.86,2761.46,1.0,0
1791059011.32,971264.0,322.4,15271.4,15203.8,-235.3,298.2,235.4,18272.0,-598198.2,0.92,2835.52,1.0,0
1791059011.82,971264.5,322.9,15158.4,15090.8,-235.7,298.6,235.8,18166.1,-598193.5,0.91,2909.84,1.0,0
1791059012.33,971265.0,323.4,15035.9,14968.3,-236.0,299.1,236.2,18051.7,-598185.7,0.88,2986.95,1.0,0
1791059012.83,971265.5,323.9,14918.0,14850.3,-236.4,299.5,236.6,17943.4,-598186.4,0.86,3067.17,1.0,0
1791059013.33,971266.0,324.4,14799.6,14732.0,-237.1,299.9,237.2,17839.4,-598188.2,0.82,3154.45,1.0,0
1791059013.83,971266.5,324.9,14680.9,14613.3,-237.6,300.3,237.7,17733.3,-598189.7,0.84,3242.27,1.0,0
1791059014.33,971267.0,325.4,14561.9,14494.3,-237.8,300.5,237.9,17619.0,-598191.1,0.91,3323.93,1.0,0
1791059014.83,971267.5,325.9,14442.9,14375.3,-237.6,300.0,237.7,17492.8,-598201.9,1.01,3394.37,1.0,0
1791059015.33,971268.0,326.4,14324.1,14256.5,-237.2,299.1,237.4,17364.3,-598221.5,1.05,3463.8,1.0,0
1791059015.83,971268.5,326.9,14205.6,14138.0,-236.6,298.1,236.8,17228.3,-598240.0,1.13,3526.2,1.0,0
1791059016.34,971269.0,327.4,14087.6,14020.0,-236.0,297.0,236.1,17091.8,-598259.6,1.12,3588.24,1.0,0
1791059016.84,971269.5,327.9,13969.9,13902.3,-235.3,296.0,235.5,16956.8,-598275.4,1.09,3651.32,1.0,0
1791059017.34,971269.9,328.4,13880.7,13813.1,-234.8,295.5,234.9,16852.4,-598278.4,1.1,3700.25,1.0,0
1791059017.84,971270.4,328.9,13763.5,13695.9,-234.0,294.8,234.1,16714.2,-598281.0,1.11,3759.27,1.0,0
1791059018.34,971270.9,329.4,13642.0,13574.4,-232.8,293.5,233.0,16562.5,-598293.0,1.2,3806.57,1.0,0
1791059018.84,971271.4,329.9,13530.5,13462.9,-231.5,291.5,231.6,16415.3,-598323.0,1.31,3846.05,1.0,0
1791059019.34,971271.9,330.4,13410.4,13342.8,-230.3,289.6,230.4,16264.6,-598351.7,1.21,3892.19,1.0,0
1791059019.84,971272.4,330.9,13295.7,13228.1,-228.8,287.4,228.9,16110.5,-598384.9,1.33,3927.47,1.0,0
1791059020.35,971272.4,331.4,13291.1,13223.6,-228.7,287.3,228.9,16104.2,-598386.2,1.33,3928.66,1.0,0
1791059020.85,971272.4,331.9,13291.1,13223.6,-228.7,287.3,228.9,16104.2,-598386.2,1.33,3928.66,1.0,0
1791059021.35,971272.4,332.4,13282.0,13214.4,-228.6,287.1,228.7,16091.6,-598388.8,1.34,3931.05,1.0,0
1791059021.85,971272.4,332.9,13282.0,13214.4,-228.6,287.1,228.7,16091.6,-598388.8,1.34,3931.05,1.0,0
1791059022.35,971272.5,333.4,13272.9,13205.3,-228.4,286.9,228.6,16079.1,-598391.2,1.34,3933.45,1.0,0
1791059022.85,971272.5,333.9,13272.9,13205.3,-228.4,286.9,228.6,16079.1,-598391.2,1.34,3933.45,1.0,0
1791059023.35,971272.5,334.4,13263.8,13196.2,-228.3,286.7,228.5,16066.6,-598393.5,1.34,3935.87,1.0,0
1791059023.85,971273.0,334.9,13141.0,13073.4,-226.7,285.0,226.9,15903.3,-598408.4,1.25,3974.09,1.0,0
1791059024.36,971273.5,335.4,13028.0,12960.4,-225.5,284.1,225.7,15759.9,-598408.4,1.2,4017.99,1.0,0
1791059024.86,971274.0,335.9,12919.9,12852.3,-224.5,283.3,224.6,15625.5,-598407.8,1.17,4067.26,1.0,0
1791059025.36,971274.5,336.4,12803.5,12735.9,-223.0,281.8,223.2,15473.4,-598417.8,1.28,4101.6,1.0,0
1791059025.86,971275.0,336.9,12692.4,12624.8,-221.4,280.1,221.5,15322.0,-598431.0,1.36,4127.62,1.0,0
1791059026.36,971275.5,337.4,12582.1,12514.5,-220.0,278.6,220.1,15177.3,-598444.2,1.27,4162.5,1.0,0
1791059026.86,971276.0,337.9,12472.6,12405.0,-218.4,276.9,218.6,15029.7,-598458.4,1.29,4191.1,1.0,0
1791059027.36,971276.5,338.4,12363.9,12296.3,-217.0,275.8,217.1,14886.4,-598458.7,1.24,4223.25,1.0,0
1791059027.86,971277.0,338.9,12255.7,12188.1,-215.7,274.9,215.9,14748.4,-598455.7,1.21,4261.58,1.0,0
1791059028.37,971277.5,339.4,12165.2,12097.6,-214.7,274.2,214.8,14632.4,-598452.8,1.22,4292.19,1.0,0
1791059028.87,971277.5,339.9,12165.2,12097.6,-214.7,274.2,214.8,14632.4,-598452.8,1.22,4292.19,1.0,0
1791059029.37,971277.5,340.4,12156.6,12089.0,-214.5,274.1,214.7,14621.1,-598452.3,1.22,4294.73,1.0,0
1791059029.87,971277.5,340.9,12156.6,12089.0,-214.5,274.1,214.7,14621.1,-598452.3,1.22,4294.73,1.0,0
1791059030.37,971277.5,341.4,12148.0,12080.4,-214.4,274.0,214.6,14609.9,-598451.9,1.23,4297.16,1.0,0
1791059030.87,971277.5,341.9,12148.0,12080.4,-214.4,274.0,214.6,14609.9,-598451.9,1.23,4297.16,1.0,0
1791059031.37,971278.1,342.4,12036.9,11969.3,-212.8,273.2,213.0,14461.7,-598441.8,1.3,4323.51,1.0,0
1791059031.88,971278.6,342.9,11930.8,11863.2,-211.3,272.4,211.5,14320.7,-598430.3,1.31,4349.03,1.0,0
1791059032.38,971279.1,343.4,11825.6,11758.0,-209.7,271.5,209.8,14178.4,-598421.6,1.32,4369.94,1.0,0
1791059032.88,971279.6,343.9,11717.1,11649.5,-208.1,270.5,208.2,14033.0,-598414.2,1.27,4393.02,1.0,0
1791059033.38,971280.1,344.5,11613.5,11545.8,-206.6,269.5,206.7,13895.2,-598410.5,1.27,4415.87,1.0,0
1791059033.88,971280.6,345.0,11510.5,11442.9,-205.0,268.5,205.0,13754.4,-598404.1,1.31,4429.35,1.0,0
1791059034.38,971281.1,345.5,11408.4,11340.8,-203.1,267.8,203.1,13610.4,-598382.3,1.37,4431.87,1.0,0
1791059034.88,971281.6,346.0,11307.3,11239.7,-201.3,267.5,201.4,13471.1,-598353.9,1.35,4440.14,1.0,0
1791059035.38,971282.1,346.5,11211.2,11143.5,-199.4,267.0,199.4,13333.0,-598326.7,1.43,4435.97,1.0,0
1791059035.89,971282.6,347.0,11112.1,11044.4,-197.4,266.4,197.5,13191.4,-598303.6,1.38,4435.43,1.0,0
1791059036.39,971283.1,347.5,11013.9,10946.2,-195.8,265.4,195.8,13057.6,-598296.7,1.3,4443.45,1.0,0
1791059036.89,971283.6,348.0,10912.6,10844.9,-193.8,264.2,193.8,12914.1,-598290.3,1.37,4433.96,1.0,0
1791059037.39,971284.1,348.5,10816.2,10748.5,-191.6,263.3,191.6,12772.9,-598271.1,1.44,4418.89,1.0,0
1791059037.89,971284.6,349.0,10720.9,10653.2,-189.7,262.7,189.7,12637.9,-598250.3,1.38,4406.62,1.0,0
1791059038.39,971285.1,349.5,10626.6,10558.9,-187.7,262.3,187.8,12504.0,-598222.3,1.4,4399.82,1.0,0
1791059038.89,971285.6,350.0,10533.3,10465.7,-185.6,261.7,185.7,12367.8,-598197.6,1.41,4379.27,1.0,0
1791059039.4,971286.1,350.5,10437.3,10369.7,-183.7,260.7,183.8,12233.8,-598188.6,1.33,4366.87,1.0,0
1791059039.9,971286.6,351.0,10345.8,10278.2,-182.1,259.6,182.3,12111.0,-598188.9,1.29,4367.27,1.0,0
1791059040.4,971287.1,351.5,10255.2,10187.6,-180.2,258.1,180.3,11982.4,-598193.1,1.41,4348.77,1.0,0
1791059040.9,971287.6,352.0,10165.6,10098.0,-178.3,256.6,178.4,11856.0,-598200.0,1.39,4331.3,1.0,0
1791059041.4,971288.1,352.5,10076.9,10009.3,-176.6,255.6,176.8,11735.6,-598195.2,1.32,4325.66,1.0,0
1791059041.9,971288.6,353.0,9989.2,9921.6,-174.8,254.7,175.0,11612.9,-598187.0,1.34,4309.15,1.0,0
1791059042.4,971289.1,353.5,9902.2,9834.6,-173.2,253.7,173.4,11495.0,-598185.1,1.29,4299.51,1.0,0
1791059042.9,971289.6,354.0,9815.9,9748.3,-171.7,252.5,172.0,11382.0,-598189.5,1.25,4298.35,1.0,0
1791059043.41,971290.1,354.5,9730.4,9662.8,-170.2,250.7,170.4,11267.6,-598210.5,1.32,4288.82,1.0,0
1791059043.91,971290.6,355.0,9645.7,9578.1,-168.6,248.5,168.8,11153.6,-598239.6,1.33,4276.33,1.0,0
1791059044.41,971291.1,355.5,9561.9,9494.3,-167.1,246.8,167.3,11043.3,-598260.1,1.29,4271.24,1.0,0
1791059044.91,971291.6,356.0,9478.8,9411.2,-165.5,245.3,165.8,10931.8,-598271.7,1.3,4261.59,1.0,0
1791059045.41,971292.1,356.5,9396.4,9328.8,-164.2,244.3,164.4,10825.3,-598275.2,1.23,4255.55,1.0,0
1791059045.91,971292.6,357.0,9314.6,9247.0,-162.9,243.2,163.1,10720.4,-598280.3,1.24,4252.68,1.0,0
1791059046.41,971293.1,357.5,9233.5,9165.9,-161.4,241.5,161.5,10612.9,-598299.8,1.3,4237.05,1.0,0
1791059046.91,971293.6,358.0,9153.1,9085.6,-160.0,239.4,160.1,10508.1,-598327.9,1.29,4225.74,1.0,0
1791059047.42,971293.8,358.5,9127.6,9060.0,-159.5,238.8,159.7,10475.1,-598337.1,1.28,4223.32,1.0,0
1791059047.92,971293.8,359.0,9127.6,9060.0,-159.5,238.8,159.7,10475.1,-598337.1,1.28,4223.32,1.0,0
1791059048.42,971293.8,359.5,9121.2,9053.6,-159.4,238.6,159.6,10466.7,-598339.4,1.28,4222.38,1.0,0
1791059048.92,971294.0,360.0,9095.7,9028.2,-158.9,237.9,159.1,10433.0,-598348.8,1.29,4217.49,1.0,0
1791059049.42,971294.5,360.5,9016.7,8949.2,-157.4,235.8,157.5,10327.0,-598376.2,1.32,4200.23,1.0,0
1791059049.92,971295.0,361.0,8935.4,8867.8,-156.0,234.3,156.1,10222.0,-598391.5,1.24,4188.02,1.0,0
1791059050.42,971295.5,361.5,8857.8,8790.2,-154.6,233.3,154.7,10121.8,-598393.7,1.26,4175.42,1.0,0
1791059050.93,971296.0,362.0,8780.8,8713.2,-153.1,232.2,153.2,10019.5,-598397.3,1.31,4146.57,1.0,0
1791059051.43,971296.5,362.5,8704.6,8637.0,-151.6,231.0,151.7,9919.4,-598403.4,1.3,4113.74,1.0,0
1791059051.93,971297.0,363.0,8629.1,8561.5,-150.3,229.6,150.4,9823.3,-598417.6,1.26,4092.15,1.0,0
1791059052.43,971297.5,363.5,8554.4,8486.8,-148.8,227.7,148.9,9723.9,-598437.7,1.32,4056.13,1.0,0
1791059052.93,971298.0,364.0,8480.4,8412.8,-147.5,226.4,147.6,9628.2,-598448.8,1.25,4028.38,1.0,0
1791059053.43,971298.5,364.5,8406.9,8339.3,-146.4,225.9,146.5,9538.0,-598445.4,1.19,4014.31,1.0,0
1791059053.93,971299.0,365.0,8334.0,8266.4,-145.1,225.6,145.1,9444.5,-598430.7,1.28,3984.15,1.0,0
1791059054.43,971299.5,365.5,8261.8,8194.2,-143.7,225.7,143.8,9351.4,-598409.8,1.29,3951.52,1.0,0
1791059054.94,971300.0,366.0,8190.3,8122.7,-142.7,225.6,142.7,9263.9,-598396.6,1.2,3936.85,1.0,0
1791059055.44,971300.5,366.5,8119.3,8051.7,-141.4,224.9,141.5,9174.1,-598394.0,1.25,3911.83,1.0,0
1791059055.94,971300.6,367.0,8105.2,8037.6,-141.2,224.8,141.3,9156.0,-598393.6,1.25,3906.16,1.0,0
1791059056.44,971300.6,367.5,8105.2,8037.6,-141.2,224.8,141.3,9156.0,-598393.6,1.25,3906.16,1.0,0
1791059056.94,971300.6,368.0,8099.6,8031.9,-141.1,224.7,141.2,9148.9,-598393.4,1.25,3903.94,1.0,0
1791059057.44,971301.0,368.5,8043.3,7975.7,-140.1,224.2,140.3,9078.4,-598391.6,1.22,3884.84,1.0,0
1791059057.94,971301.1,369.0,8029.3,7961.7,-139.9,224.1,140.0,9061.2,-598391.2,1.21,3881.21,1.0,0
1791059058.44,971301.6,369.5,7959.6,7892.0,-139.0,223.9,139.2,8978.2,-598384.4,1.15,3872.13,1.0,0
1791059058.95,971302.1,370.0,7890.3,7822.7,-138.0,224.2,138.2,8894.6,-598362.3,1.2,3856.87,1.0,0
1791059059.45,971302.6,370.5,7821.5,7753.9,-137.0,224.9,137.1,8810.1,-598332.1,1.24,3834.83,1.0,0
1791059059.95,971303.1,371.0,7753.3,7685.7,-136.1,225.4,136.3,8729.5,-598307.5,1.16,3826.3,1.0,0
1791059060.45,971303.6,371.5,7685.5,7617.9,-135.2,225.6,135.3,8647.7,-598289.8,1.19,3811.64,1.0,0
1791059060.95,971304.1,372.0,7618.2,7550.6,-134.2,225.4,134.4,8567.0,-598282.4,1.16,3797.49,1.0,0
1791059061.45,971304.6,372.5,7551.3,7483.7,-133.5,225.0,133.7,8490.0,-598280.9,1.11,3794.36,1.0,0
1791059061.95,971305.1,373.0,7484.7,7417.1,-132.8,224.9,133.0,8412.9,-598274.4,1.14,3788.18,1.0,0
1791059062.45,971305.6,373.5,7418.4,7350.9,-131.9,224.9,132.1,8334.7,-598262.9,1.18,3774.35,1.0,0
1791059062.96,971306.1,374.0,7352.6,7285.1,-131.2,225.1,131.4,8259.1,-598249.2,1.14,3771.42,1.0,0
1791059063.46,971306.2,374.5,7347.4,7279.8,-131.2,225.1,131.3,8253.0,-598247.9,1.14,3769.66,1.0,0
1791059063.96,971306.2,375.0,7347.4,7279.8,-131.2,225.1,131.3,8253.0,-598247.9,1.14,3769.66,1.0,0
1791059064.46,971306.3,375.5,7331.7,7264.1,-131.0,225.2,131.2,8234.7,-598243.8,1.14,3767.95,1.0,0
1791059064.96,971306.8,376.0,7266.5,7198.9,-130.1,225.4,130.3,8157.4,-598227.2,1.17,3755.07,1.0,0
1791059065.46,971307.3,376.5,7201.6,7134.1,-129.4,225.2,129.6,8082.3,-598221.1,1.12,3747.95,1.0,0
1791059065.96,971307.8,377.0,7137.1,7069.5,-128.8,224.6,129.0,8009.3,-598227.0,1.1,3746.26,1.0,0
1791059066.47,971308.3,377.5,7072.9,7005.3,-128.0,223.7,128.2,7934.2,-598238.1,1.15,3732.39,1.0,0
1791059066.97,971308.8,378.0,7009.0,6941.4,-127.2,222.7,127.3,7859.3,-598252.3,1.17,3716.57,1.0,0
1791059067.47,971309.3,378.5,6945.6,6878.0,-126.6,222.0,126.7,7787.2,-598259.2,1.13,3712.56,1.0,0
1791059067.97,971309.8,379.0,6882.5,6815.0,-125.7,221.6,125.8,7712.3,-598258.0,1.19,3695.74,1.0,0
1791059068.47,971310.3,379.5,6820.0,6752.4,-124.9,221.1,125.1,7638.7,-598259.9,1.15,3681.52,1.0,0
1791059068.97,971310.8,380.0,6757.7,6690.1,-124.3,220.4,124.5,7569.0,-598269.3,1.09,3680.68,1.0,0
1791059069.47,971311.3,380.5,6695.7,6628.2,-123.6,219.1,123.7,7497.2,-598288.9,1.15,3667.87,1.0,0
1791059069.97,971311.8,381.0,6634.1,6566.6,-122.7,217.4,122.8,7424.4,-598317.2,1.19,3647.05,1.0,0
1791059070.48,971312.3,381.5,6572.9,6505.4,-122.1,216.0,122.2,7355.0,-598342.3,1.12,3639.9,1.0,0
1791059070.98,971312.8,382.0,6509.6,6442.1,-121.4,214.8,121.5,7282.4,-598360.2,1.15,3629.26,1.0,0
1791059071.48,971313.3,382.5,6449.2,6381.7,-120.5,213.6,120.7,7211.1,-598376.1,1.16,3611.18,1.0,0
1791059071.98,971313.8,383.1,6391.5,6323.9,-119.9,212.8,120.1,7145.3,-598386.3,1.11,3603.32,1.0,0
1791059072.48,971314.3,383.6,6331.6,6264.1,-119.5,212.1,119.6,7079.7,-598397.7,1.08,3605.45,1.0,0
1791059072.98,971314.8,384.1,6272.0,6204.5,-118.8,210.9,118.9,7011.5,-598415.5,1.16,3591.93,1.0,0
1791059073.48,971315.3,384.6,6215.2,6147.6,-118.1,209.8,118.3,6946.4,-598432.2,1.16,3580.21,1.0,0
1791059073.98,971315.8,385.1,6153.9,6086.3,-117.7,208.8,117.8,6879.1,-598448.1,1.09,3580.74,1.0,0
1791059074.49,971316.3,385.6,6095.3,6027.7,-117.0,207.7,117.2,6812.1,-598464.3,1.13,3570.77,1.0,0
1791059074.99,971316.8,386.1,6036.9,5969.4,-116.4,207.0,116.6,6746.2,-598472.3,1.1,3562.93,1.0,0
1791059075.49,971317.3,386.6,5978.8,5911.3,-116.0,206.7,116.2,6683.1,-598474.4,1.05,3566.51,1.0,0
1791059075.99,971317.8,387.1,5920.9,5853.3,-115.6,206.6,115.7,6620.0,-598471.4,1.09,3568.53,1.0,0
1791059076.49,971318.3,387.6,5863.2,5795.6,-115.0,206.7,115.1,6555.6,-598462.7,1.13,3560.6,1.0,0
1791059076.99,971318.8,388.1,5803.5,5735.9,-114.6,206.8,114.7,6490.8,-598455.7,1.08,3562.3,1.0,0
1791059077.5,971319.3,388.6,5748.6,5681.0,-114.1,206.5,114.3,6429.9,-598457.0,1.11,3559.88,1.0,0
1791059078.0,971319.4,389.1,5732.7,5665.1,-114.0,206.4,114.1,6411.9,-598457.4,1.11,3557.7,1.0,0
1791059078.5,971319.4,389.6,5732.7,5665.1,-114.0,206.4,114.1,6411.9,-598457.4,1.11,3557.7,1.0,0
1791059079.0,971319.5,390.1,5728.1,5660.5,-113.9,206.4,114.1,6406.8,-598457.5,1.11,3557.11,1.0,0
1791059079.5,971319.5,390.6,5728.1,5660.5,-113.9,206.4,114.1,6406.8,-598457.5,1.11,3557.11,1.0,0
1791059080.01,971319.5,391.1,5723.6,5656.0,-113.9,206.4,114.0,6401.7,-598457.6,1.11,3556.55,1.0,0
1791059080.51,971319.5,391.6,5723.6,5656.0,-113.9,206.4,114.0,6401.7,-598457.6,1.11,3556.55,1.0,0
1791059081.01,971319.7,392.1,5700.8,5633.3,-113.7,206.3,113.8,6376.4,-598457.6,1.1,3554.59,1.0,0
1791059081.51,971320.0,392.6,5671.3,5603.8,-113.5,206.2,113.6,6344.2,-598456.8,1.07,3555.06,1.0,0
1791059082.01,971320.2,393.1,5639.6,5572.0,-113.3,206.2,113.4,6310.5,-598454.6,1.04,3560.09,1.0,0
1791059082.51,971320.7,393.6,5583.0,5515.4,-112.9,206.5,113.0,6249.3,-598444.5,1.07,3562.03,1.0,0
1791059083.02,971321.2,394.1,5526.6,5459.1,-112.4,207.2,112.5,6186.5,-598423.5,1.12,3552.55,1.0,0
1791059083.52,971321.7,394.6,5470.5,5403.0,-111.9,208.0,112.0,6125.1,-598400.0,1.1,3550.38,1.0,0
1791059084.02,971322.2,395.1,5414.7,5347.1,-111.5,208.6,111.6,6063.8,-598382.6,1.11,3549.29,1.0,0
1791059084.52,971322.7,395.6,5359.2,5291.6,-110.8,209.0,111.0,6000.9,-598367.0,1.13,3537.87,1.0,0
1791059085.02,971323.2,396.1,5303.9,5236.3,-110.4,209.3,110.6,5940.6,-598356.2,1.06,3538.01,1.0,0
1791059085.52,971323.7,396.6,5248.8,5181.2,-110.0,209.5,110.2,5881.0,-598348.1,1.07,3538.65,1.0,0
1791059086.02,971324.3,397.1,5193.9,5126.3,-109.4,209.8,109.6,5819.3,-598334.0,1.13,3524.85,1.0,0
1791059086.53,971324.8,397.6,5139.3,5071.7,-108.9,210.3,109.0,5758.1,-598316.7,1.13,3512.94,1.0,0
1791059087.03,971325.3,398.1,5082.8,5015.2,-108.5,210.9,108.6,5697.2,-598299.3,1.07,3514.55,1.0,0
1791059087.53,971325.8,398.6,5028.8,4961.2,-107.8,211.6,108.0,5635.8,-598278.4,1.14,3501.25,1.0,0
1791059088.03,971326.3,399.1,4975.0,4907.4,-107.2,212.0,107.5,5575.1,-598263.1,1.11,3489.11,1.0,0
1791059088.53,971326.8,399.6,4921.5,4853.9,-106.9,212.0,107.2,5518.0,-598258.7,1.04,3493.81,1.0,0
1791059089.03,971327.3,400.1,4868.1,4800.5,-106.5,211.7,106.7,5460.0,-598261.9,1.09,3490.33,1.0,0
1791059089.53,971327.7,400.6,4817.1,4749.5,-106.0,211.1,106.1,5402.8,-598268.4,1.14,3475.52,1.0,0
1791059090.03,971327.8,401.1,4810.7,4743.1,-105.9,211.0,106.1,5395.7,-598269.5,1.14,3473.89,1.0,0
1791059090.54,971327.8,401.6,4810.7,4743.1,-105.9,211.0,106.1,5395.7,-598269.5,1.14,3473.89,1.0,0
1791059091.04,971327.8,402.1,4806.5,4738.9,-105.9,211.0,106.0,5391.0,-598270.2,1.14,3472.92,1.0,0
1791059091.54,971327.8,402.6,4806.5,4738.9,-105.9,211.0,106.0,5391.0,-598270.2,1.14,3472.92,1.0,0
1791059092.04,971327.9,403.1,4802.3,4734.7,-105.8,210.9,106.0,5386.3,-598270.9,1.14,3472.05,1.0,0
1791059092.54,971327.9,403.6,4802.3,4734.7,-105.8,210.9,106.0,5386.3,-598270.9,1.14,3472.05,1.0,0
1791059093.04,971327.9,404.1,4798.0,4730.4,-105.8,210.9,106.0,5381.6,-598271.7,1.14,3471.29,1.0,0
1791059093.54,971327.9,404.6,4798.0,4730.4,-105.8,210.9,106.0,5381.6,-598271.7,1.14,3471.29,1.0,0
1791059094.04,971328.0,405.1,4793.8,4726.2,-105.7,210.8,105.9,5376.9,-598272.4,1.14,3470.66,1.0,0
1791059094.55,971328.0,405.6,4793.8,4726.2,-105.7,210.8,105.9,5376.9,-598272.4,1.14,3470.66,1.0,0
1791059095.05,971328.0,406.1,4789.6,4722.0,-105.7,210.8,105.9,5372.3,-598273.1,1.13,3470.18,1.0,0
1791059095.55,971328.0,406.6,4789.6,4722.0,-105.7,210.8,105.9,5372.3,-598273.1,1.13,3470.18,1.0,0
1791059096.05,971328.0,407.1,4785.3,4717.8,-105.7,210.7,105.8,5367.7,-598273.8,1.13,3469.84,1.0,0
1791059096.55,971328.0,407.6,4785.3,4717.8,-105.7,210.7,105.8,5367.7,-598273.8,1.13,3469.84,1.0,0
1791059097.05,971328.1,408.1,4781.1,4713.5,-105.6,210.7,105.8,5363.1,-598274.4,1.12,3469.67,1.0,0
1791059097.55,971328.1,408.6,4781.1,4713.5,-105.6,210.7,105.8,5363.1,-598274.4,1.12,3469.67,1.0,0
1791059098.06,971328.1,409.1,4776.9,4709.3,-105.6,210.6,105.8,5358.6,-598275.0,1.12,3469.67,1.0,0
1791059098.56,971328.1,409.6,4776.9,4709.3,-105.6,210.6,105.8,5358.6,-598275.0,1.12,3469.67,1.0,0
1791059099.06,971328.2,410.1,4772.6,4705.1,-105.6,210.6,105.8,5354.1,-598275.5,1.11,3469.86,1.0,0
1791059099.56,971328.2,410.6,4772.6,4705.1,-105.6,210.6,105.8,5354.1,-598275.5,1.11,3469.86,1.0,0
1791059100.06,971328.2,411.1,4768.4,4700.9,-105.6,210.6,105.7,5349.6,-598276.0,1.1,3470.24,1.0,0
1791059100.56,971328.2,411.6,4768.4,4700.9,-105.6,210.6,105.7,5349.6,-598276.0,1.1,3470.24,1.0,0
1791059101.06,971328.2,412.1,4764.2,4696.6,-105.5,210.5,105.7,5345.1,-598276.4,1.1,3470.82,1.0,0
1791059101.56,971328.2,412.6,4764.2,4696.6,-105.5,210.5,105.7,5345.1,-598276.4,1.1,3470.82,1.0,0
1791059102.07,971328.3,413.1,4760.0,4692.4,-105.5,210.5,105.7,5340.7,-598276.6,1.09,3471.6,1.0,0
1791059102.57,971328.3,413.6,4760.0,4692.4,-105.5,210.5,105.7,5340.7,-598276.6,1.09,3471.6,1.0,0
1791059103.07,971328.3,414.1,4755.8,4688.2,-105.5,210.5,105.7,5336.3,-598276.8,1.08,3472.57,1.0,0
1791059103.57,971328.3,414.6,4755.8,4688.2,-105.5,210.5,105.7,5336.3,-598276.8,1.08,3472.57,1.0,0
1791059104.07,971328.4,415.1,4751.5,4684.0,-105.5,210.5,105.7,5331.9,-598276.8,1.07,3473.5,1.0,0
1791059104.57,971328.4,415.6,4751.5,4684.0,-105.5,210.5,105.7,5331.9,-598276.8,1.07,3473.5,1.0,0
1791059105.07,971328.4,416.1,4747.3,4679.7,-105.5,210.5,105.6,5327.4,-598276.8,1.07,3474.22,1.0,0
1791059105.57,971328.4,416.6,4747.3,4679.7,-105.5,210.5,105.6,5327.4,-598276.8,1.07,3474.22,1.0,0
1791059106.08,971328.4,417.1,4743.1,4675.5,-105.4,210.5,105.6,5323.0,-598276.6,1.06,3474.72,1.0,0
1791059106.58,971328.4,417.6,4743.1,4675.5,-105.4,210.5,105.6,5323.0,-598276.6,1.06,3474.72,1.0,0
1791059107.08,971328.5,418.1,4738.9,4671.3,-105.4,210.5,105.6,5318.4,-598276.4,1.06,3475.01,1.0,0
1791059107.58,971328.5,418.7,4738.9,4671.3,-105.4,210.5,105.6,5318.4,-598276.4,1.06,3475.01,1.0,0
1791059108.08,971328.5,419.2,4734.7,4667.1,-105.4,210.5,105.6,5313.9,-598276.1,1.06,3475.12,1.0,0
1791059108.58,971328.5,419.7,4734.7,4667.1,-105.4,210.5,105.6,5313.9,-598276.1,1.06,3475.12,1.0,0
1791059109.08,971328.6,420.2,4730.5,4662.9,-105.4,210.5,105.5,5309.3,-598275.7,1.06,3475.05,1.0,0
1791059109.59,971328.6,420.7,4730.5,4662.9,-105.4,210.5,105.5,5309.3,-598275.7,1.06,3475.05,1.0,0
1791059110.09,971328.6,421.2,4726.3,4658.7,-105.3,210.5,105.5,5304.7,-598275.3,1.06,3474.82,1.0,0
1791059110.59,971328.6,421.7,4726.3,4658.7,-105.3,210.5,105.5,5304.7,-598275.3,1.06,3474.82,1.0,0
1791059111.09,971328.6,422.2,4722.1,4654.5,-105.3,210.5,105.5,5300.1,-598274.8,1.06,3474.45,1.0,0
1791059111.59,971328.6,422.7,4722.1,4654.5,-105.3,210.5,105.5,5300.1,-598274.8,1.06,3474.45,1.0,0
1791059112.09,971328.7,423.2,4717.9,4650.3,-105.2,210.5,105.4,5295.4,-598274.3,1.07,3473.94,1.0,0
1791059112.59,971328.7,423.7,4717.9,4650.3,-105.2,210.5,105.4,5295.4,-598274.3,1.07,3473.94,1.0,0
1791059113.09,971328.7,424.2,4713.6,4646.1,-105.2,210.5,105.4,5290.7,-598273.8,1.08,3473.33,1.0,0
1791059113.6,971328.7,424.7,4713.6,4646.1,-105.2,210.5,105.4,5290.7,-598273.8,1.08,3473.33,1.0,0
1791059114.1,971328.8,425.2,4709.4,4641.9,-105.2,210.5,105.4,5286.0,-598273.3,1.08,3472.62,1.0,0
1791059114.6,971328.8,425.7,4709.4,4641.9,-105.2,210.5,105.4,5286.0,-598273.3,1.08,3472.62,1.0,0
1791059115.1,971328.8,426.2,4705.2,4637.7,-105.1,210.5,105.3,5281.3,-598272.8,1.09,3471.83,1.0,0
1791059115.6,971328.8,426.7,4705.2,4637.7,-105.1,210.5,105.3,5281.3,-598272.8,1.09,3471.83,1.0,0
1791059116.1,971328.8,427.2,4701.0,4633.5,-105.1,210.5,105.3,5276.6,-598272.3,1.09,3470.98,1.0,0
1791059116.6,971328.8,427.7,4701.0,4633.5,-105.1,210.5,105.3,5276.6,-598272.3,1.09,3470.98,1.0,0
1791059117.11,971328.9,428.2,4696.9,4629.3,-105.0,210.5,105.2,5271.9,-598271.8,1.1,3470.08,1.0,0
1791059117.61,971329.1,428.7,4669.6,4602.1,-104.7,210.5,105.0,5241.3,-598269.3,1.11,3463.99,1.0,0
1791059118.11,971329.6,429.2,4617.4,4549.9,-104.3,210.3,104.5,5183.9,-598268.1,1.08,3457.74,1.0,0
1791059118.61,971330.1,429.7,4573.6,4506.1,-104.0,210.1,104.3,5137.7,-598271.3,1.03,3462.94,1.0,0
1791059119.11,971330.1,430.2,4573.6,4506.1,-104.0,210.1,104.3,5137.7,-598271.3,1.03,3462.94,1.0,0
1791059119.61,971330.1,430.7,4569.5,4501.9,-104.0,210.0,104.3,5133.4,-598271.9,1.03,3464.06,1.0,0
1791059120.11,971330.1,431.2,4569.5,4501.9,-104.0,210.0,104.3,5133.4,-598271.9,1.03,3464.06,1.0,0
1791059120.61,971330.1,431.7,4565.3,4497.8,-104.0,210.0,104.3,5129.1,-598272.7,1.03,3465.13,1.0,0
1791059121.12,971330.1,432.2,4565.3,4497.8,-104.0,210.0,104.3,5129.1,-598272.7,1.03,3465.13,1.0,0
1791059121.62,971330.2,432.7,4561.2,4493.6,-104.0,210.0,104.3,5124.8,-598273.6,1.02,3466.03,1.0,0
1791059122.12,971330.2,433.2,4561.2,4493.6,-104.0,210.0,104.3,5124.8,-598273.6,1.02,3466.03,1.0,0
1791059122.62,971330.2,433.7,4557.0,4489.5,-104.0,209.9,104.2,5120.5,-598274.6,1.02,3466.78,1.0,0
1791059123.12,971330.2,434.2,4557.0,4489.5,-104.0,209.9,104.2,5120.5,-598274.6,1.02,3466.78,1.0,0
1791059123.62,971330.3,434.7,4552.8,4485.3,-104.0,209.8,104.2,5116.1,-598275.8,1.02,3467.37,1.0,0
1791059124.12,971330.3,435.2,4552.8,4485.3,-104.0,209.8,104.2,5116.1,-598275.8,1.02,3467.37,1.0,0
1791059124.62,971330.3,435.7,4548.7,4481.1,-103.9,209.8,104.2,5111.7,-598277.0,1.02,3467.8,1.0,0
1791059125.13,971330.3,436.2,4548.7,4481.1,-103.9,209.8,104.2,5111.7,-598277.0,1.02,3467.8,1.0,0
1791059125.63,971330.3,436.7,4544.5,4477.0,-103.9,209.7,104.2,5107.3,-598278.3,1.03,3468.09,1.0,0
1791059126.13,971330.3,437.2,4544.5,4477.0,-103.9,209.7,104.2,5107.3,-598278.3,1.03,3468.09,1.0,0
1791059126.63,971330.4,437.7,4540.3,4472.8,-103.9,209.6,104.1,5102.9,-598279.7,1.03,3468.24,1.0,0
1791059127.13,971330.4,438.2,4540.3,4472.8,-103.9,209.6,104.1,5102.9,-598279.7,1.03,3468.24,1.0,0
1791059127.63,971330.4,438.7,4536.2,4468.6,-103.9,209.6,104.1,5098.5,-598281.3,1.04,3468.27,1.0,0
1791059128.13,971330.4,439.2,4536.2,4468.6,-103.9,209.6,104.1,5098.5,-598281.3,1.04,3468.27,1.0,0
1791059128.64,971330.5,439.7,4532.0,4464.5,-103.9,209.5,104.1,5094.0,-598282.9,1.04,3468.17,1.0,0
1791059129.14,971330.5,440.2,4532.0,4464.5,-103.9,209.5,104.1,5094.0,-598282.9,1.04,3468.17,1.0,0
1791059129.64,971330.5,440.7,4532.0,4464.5,-103.9,209.5,104.1,5094.0,-598282.9,1.04,3468.17,1.0,0
1791059130.14,971330.5,441.2,4527.9,4460.3,-103.8,209.4,104.1,5089.6,-598284.6,1.05,3467.96,1.0,0
1791059130.64,971330.5,441.7,4527.9,4460.3,-103.8,209.4,104.1,5089.6,-598284.6,1.05,3467.96,1.0,0
1791059131.14,971330.5,442.2,4523.7,4456.2,-103.8,209.3,104.0,5085.1,-598286.4,1.06,3467.65,1.0,0
1791059131.64,971330.5,442.7,4523.7,4456.2,-103.8,209.3,104.0,5085.1,-598286.4,1.06,3467.65,1.0,0
1791059132.14,971330.8,443.2,4500.9,4433.3,-103.6,208.7,103.8,5060.3,-598297.5,1.09,3464.62,1.0,0
1791059132.65,971331.3,443.7,4449.1,4381.6,-103.2,207.2,103.4,5004.0,-598325.9,1.11,3458.25,1.0,0
1791059133.15,971331.8,444.2,4397.6,4330.1,-103.0,206.1,103.2,4949.9,-598346.9,1.05,3466.02,1.0,0
1791059133.65,971332.3,444.7,4346.3,4278.7,-102.6,205.3,102.8,4893.8,-598359.9,1.09,3462.11,1.0,0
1791059134.15,971332.8,445.2,4295.2,4227.6,-102.2,204.8,102.4,4838.3,-598367.7,1.06,3460.22,1.0,0
1791059134.65,971333.3,445.7,4244.1,4176.6,-102.0,204.5,102.2,4785.5,-598372.2,1.01,3471.13,1.0,0
1791059135.15,971333.8,446.2,4193.2,4125.6,-101.7,203.8,101.9,4731.5,-598383.9,1.06,3471.96,1.0,0
1791059135.65,971334.3,446.7,4142.3,4074.8,-101.3,202.6,101.4,4676.4,-598405.0,1.1,3464.33,1.0,0
1791059136.15,971334.8,447.2,4091.7,4024.2,-101.1,201.5,101.2,4623.2,-598426.1,1.06,3469.4,1.0,0
1791059136.66,971335.3,447.7,4041.3,3973.8,-100.7,200.3,100.8,4568.6,-598448.3,1.1,3468.13,1.0,0
1791059137.16,971335.8,448.2,3991.1,3923.6,-100.2,199.1,100.4,4513.3,-598466.9,1.1,3459.06,1.0,0
1791059137.66,971336.3,448.7,3941.1,3873.6,-100.0,198.7,100.2,4460.9,-598473.2,1.03,3466.83,1.0,0
1791059138.16,971336.8,449.2,3891.2,3823.6,-99.7,198.7,99.9,4407.9,-598471.8,1.06,3466.16,1.0,0
1791059138.66,971337.3,449.7,3841.4,3773.9,-99.2,198.5,99.3,4353.1,-598470.8,1.12,3452.53,1.0,0
1791059139.16,971337.8,450.2,3791.9,3724.3,-98.8,198.4,98.9,4299.3,-598468.5,1.1,3445.46,1.0,0
1791059139.66,971338.3,450.7,3742.5,3674.9,-98.6,198.0,98.7,4247.1,-598474.4,1.06,3449.78,1.0,0
1791059140.17,971338.8,451.2,3691.4,3623.9,-98.0,197.2,98.1,4190.0,-598485.9,1.13,3434.23,1.0,0
1791059140.67,971339.3,451.7,3642.6,3575.0,-97.5,196.7,97.7,4136.5,-598491.2,1.08,3426.38,1.0,0
1791059141.17,971339.8,452.2,3593.9,3526.3,-97.4,196.8,97.6,4086.1,-598486.9,1.02,3435.96,1.0,0
1791059141.67,971340.3,452.7,3545.3,3477.7,-97.0,197.5,97.2,4033.7,-598470.1,1.09,3429.08,1.0,0
1791059142.17,971340.8,453.2,3496.8,3429.3,-96.5,198.5,96.6,3980.2,-598445.3,1.13,3413.49,1.0,0
1791059142.67,971341.3,453.7,3448.7,3381.1,-96.2,199.4,96.4,3929.3,-598424.3,1.06,3416.26,1.0,0
1791059143.17,971341.8,454.2,3400.7,3333.1,-95.9,199.7,96.1,3877.7,-598414.9,1.08,3414.75,1.0,0
1791059143.68,971341.9,454.7,3387.3,3319.7,-95.7,199.7,95.9,3862.8,-598412.6,1.1,3410.38,1.0,0
1791059144.18,971341.9,455.2,3387.3,3319.7,-95.7,199.7,95.9,3862.8,-598412.6,1.1,3410.38,1.0,0
1791059144.68,971342.0,455.7,3383.4,3315.9,-95.7,199.7,95.9,3858.5,-598412.0,1.1,3409.33,1.0,0
1791059145.18,971342.0,456.3,3383.4,3315.9,-95.7,199.7,95.9,3858.5,-598412.0,1.1,3409.33,1.0,0
1791059145.68,971342.0,456.8,3379.6,3312.0,-95.7,199.7,95.8,3854.3,-598411.4,1.1,3408.29,1.0,0
1791059146.18,971342.0,457.3,3375.8,3308.2,-95.6,199.7,95.8,3850.1,-598410.8,1.1,3407.28,1.0,0
1791059146.68,971342.5,457.8,3330.0,3262.4,-95.2,199.8,95.4,3800.1,-598405.4,1.07,3400.51,1.0,0
1791059147.18,971343.0,458.3,3282.5,3214.9,-95.0,200.0,95.2,3750.6,-598400.5,1.02,3407.44,1.0,0
1791059147.69,971343.5,458.8,3233.1,3165.5,-94.8,200.6,95.0,3699.3,-598384.9,1.05,3412.47,1.0,0
1791059148.19,971344.0,459.3,3187.6,3120.0,-94.5,201.6,94.6,3650.3,-598362.1,1.11,3404.06,1.0,0
1791059148.69,971344.5,459.8,3140.4,3072.8,-94.2,202.5,94.4,3600.4,-598340.5,1.08,3404.55,1.0,0
1791059149.19,971345.0,460.3,3094.5,3026.9,-85.6,199.2,85.8,3474.9,-598330.0,3.07,2832.1,1.0,0
1791059149.69,971345.5,460.8,3054.7,2987.1,-76.3,194.2,76.5,3356.5,-598352.7,2.64,2259.61,1.0,0
1791059150.19,971346.0,461.3,3017.9,2950.3,-70.2,191.2,70.3,3273.5,-598367.5,2.22,1919.57,1.0,0
1791059150.69,971346.5,461.8,2985.4,2917.9,-60.4,187.6,60.4,3174.5,-598371.8,3.1,1424.23,1.0,0
1791059151.2,971347.0,462.3,2955.8,2888.2,-55.0,185.6,55.0,3112.8,-598378.1,1.87,1185.92,1.0,0
1791059151.7,971347.5,462.8,2929.1,2861.5,-52.6,185.0,52.7,3072.6,-598377.1,1.44,1089.51,1.0,0
1791059152.2,971348.0,463.3,2902.9,2835.3,-51.4,184.6,51.5,3040.2,-598378.6,1.22,1044.09,1.0,0
1791059152.7,971348.5,463.8,2878.3,2810.7,-47.3,183.0,47.4,2994.7,-598387.1,1.84,886.99,1.0,0
1791059153.2,971349.0,464.3,2855.3,2787.8,-44.7,182.1,44.7,2959.2,-598393.1,1.49,792.64,1.0,0
1791059153.7,971349.5,464.8,2833.2,2765.7,-44.2,182.0,44.3,2934.9,-598391.9,1.05,778.45,1.0,0
1791059154.2,971350.0,465.3,2811.1,2743.5,-44.2,182.2,44.3,2912.8,-598387.8,0.97,780.59,1.0,0
1791059154.7,971350.5,465.8,2788.9,2721.4,-43.8,182.0,43.8,2888.8,-598389.9,1.12,768.16,1.0,0
1791059155.2,971351.0,466.3,2767.6,2700.0,-41.9,181.3,41.9,2858.7,-598394.3,1.38,702.64,1.0,0
1791059155.71,971351.5,466.8,2746.9,2679.3,-40.9,181.0,40.9,2833.8,-598397.0,1.19,671.04,1.0,0
1791059156.21,971352.0,467.3,2726.6,2659.1,-40.7,180.9,40.7,2812.8,-598397.7,0.99,667.91,1.0,0
1791059156.71,971352.4,467.8,2710.2,2642.6,-41.1,181.0,41.1,2798.1,-598397.7,0.89,681.67,1.0,0
1791059157.21,971352.4,468.3,2710.2,2642.6,-41.1,181.0,41.1,2798.1,-598397.7,0.89,681.67,1.0,0
1791059157.71,971352.5,468.8,2708.5,2641.0,-41.2,181.0,41.2,2797.0,-598397.6,0.87,685.91,1.0,0
1791059158.21,971352.5,469.3,2708.5,2641.0,-41.2,181.0,41.2,2797.0,-598397.6,0.87,685.91,1.0,0
1791059158.71,971352.5,469.8,2706.9,2639.3,-41.3,181.1,41.3,2795.7,-598397.5,0.85,689.27,1.0,0
1791059159.22,971352.5,470.3,2706.9,2639.3,-41.3,181.1,41.3,2795.7,-598397.5,0.85,689.27,1.0,0
1791059159.72,971352.6,470.8,2705.2,2637.7,-41.4,181.1,41.4,2794.3,-598397.4,0.84,691.64,1.0,0
1791059160.22,971352.6,471.3,2705.2,2637.7,-41.4,181.1,41.4,2794.3,-598397.4,0.84,691.64,1.0,0
1791059160.72,971352.6,471.8,2703.6,2636.1,-41.4,181.1,41.4,2792.9,-598397.4,0.83,693.39,1.0,0
1791059161.22,971352.6,472.3,2703.6,2636.1,-41.4,181.1,41.4,2792.9,-598397.4,0.83,693.39,1.0,0
1791059161.72,971352.6,472.8,2701.9,2634.4,-41.5,181.1,41.5,2791.4,-598397.3,0.82,694.9,1.0,0
1791059162.22,971352.6,473.3,2701.9,2634.4,-41.5,181.1,41.5,2791.4,-598397.3,0.82,694.9,1.0,0
1791059162.73,971352.7,473.8,2700.3,2632.7,-41.5,181.1,41.5,2789.9,-598397.4,0.82,696.46,1.0,0
1791059163.23,971352.7,474.3,2700.3,2632.7,-41.5,181.1,41.5,2789.9,-598397.4,0.82,696.46,1.0,0
1791059163.73,971352.7,474.8,2698.6,2631.1,-41.6,181.1,41.6,2788.5,-598397.4,0.82,698.23,1.0,0
1791059164.23,971352.7,475.3,2698.6,2631.1,-41.6,181.1,41.6,2788.5,-598397.4,0.82,698.23,1.0,0
1791059164.73,971352.8,475.8,2697.0,2629.4,-41.6,181.1,41.6,2787.1,-598397.5,0.81,700.26,1.0,0
1791059165.23,971352.8,476.3,2697.0,2629.4,-41.6,181.1,41.6,2787.1,-598397.5,0.81,700.26,1.0,0
1791059165.74,971352.8,476.8,2695.3,2627.7,-41.7,181.1,41.7,2785.6,-598397.7,0.82,701.91,1.0,0
1791059166.24,971352.8,477.3,2695.3,2627.7,-41.7,181.1,41.7,2785.6,-598397.7,0.82,701.91,1.0,0
1791059166.74,971352.8,477.8,2693.6,2626.1,-41.7,181.1,41.7,2784.0,-598397.9,0.84,702.47,1.0,0
1791059167.24,971352.8,478.3,2693.6,2626.1,-41.7,181.1,41.7,2784.0,-598397.9,0.84,702.47,1.0,0
1791059167.75,971352.9,478.8,2692.0,2624.4,-41.7,181.1,41.7,2782.2,-598398.1,0.87,702.16,1.0,0
1791059168.25,971352.9,479.3,2692.0,2624.4,-41.7,181.1,41.7,2782.2,-598398.1,0.87,702.16,1.0,0
1791059168.75,971352.9,479.8,2690.3,2622.8,-41.6,181.1,41.6,2780.4,-598398.4,0.91,701.15,1.0,0
1791059169.25,971352.9,480.3,2690.3,2622.8,-41.6,181.1,41.6,2780.4,-598398.4,0.91,701.15,1.0,0
1791059169.76,971353.0,480.8,2688.6,2621.1,-41.6,181.1,41.6,2778.5,-598398.7,0.94,699.61,1.0,0
1791059170.26,971353.0,481.3,2688.6,2621.1,-41.6,181.1,41.6,2778.5,-598398.7,0.94,699.61,1.0,0
1791059170.76,971353.0,481.8,2687.0,2619.4,-41.5,181.0,41.5,2776.6,-598398.9,0.96,697.68,1.0,0
1791059171.26,971353.0,482.3,2687.0,2619.4,-41.5,181.0,41.5,2776.6,-598398.9,0.96,697.68,1.0,0
1791059171.76,971353.0,482.8,2685.3,2617.8,-41.4,181.0,41.4,2774.7,-598399.2,0.99,695.46,1.0,0
1791059172.27,971353.3,483.3,2675.4,2607.9,-40.9,180.8,41.0,2762.7,-598400.2,1.17,679.86,1.0,0
1791059172.77,971353.8,483.8,2655.1,2587.6,-40.3,180.6,40.3,2739.7,-598401.7,1.1,660.2,1.0,0
1791059173.27,971354.3,484.3,2635.3,2567.7,-39.4,180.4,39.4,2715.9,-598401.9,1.18,631.02,1.0,0
1791059173.77,971354.8,484.8,2614.7,2547.2,-39.8,180.5,39.8,2697.4,-598402.4,0.83,648.53,1.0,0
1791059174.27,971355.3,485.3,2595.4,2527.8,-40.7,180.7,40.7,2681.5,-598401.6,0.81,678.1,1.0,0
1791059174.77,971355.8,485.8,2574.9,2507.4,-41.1,180.8,41.1,2662.9,-598402.4,0.89,694.78,1.0,0
1791059175.27,971356.3,486.3,2554.4,2486.9,-40.8,180.7,40.8,2640.9,-598403.6,1.08,684.12,1.0,0
1791059175.78,971356.8,486.8,2533.5,2465.9,-39.8,180.4,39.8,2615.7,-598405.0,1.22,652.1,1.0,0
1791059176.28,971356.8,487.3,2533.5,2465.9,-39.8,180.4,39.8,2615.7,-598405.0,1.22,652.1,1.0,0
1791059176.78,971356.8,487.8,2533.5,2465.9,-39.8,180.4,39.8,2615.7,-598405.0,1.22,652.1,1.0,0
1791059177.28,971356.8,488.4,2531.9,2464.3,-39.7,180.3,39.7,2613.8,-598405.1,1.22,649.62,1.0,0
1791059177.78,971356.8,488.9,2531.9,2464.3,-39.7,180.3,39.7,2613.8,-598405.1,1.22,649.62,1.0,0
1791059178.28,971356.9,489.4,2530.3,2462.7,-39.6,180.3,39.6,2611.9,-598405.1,1.22,647.38,1.0,0
1791059178.78,971356.9,489.9,2530.3,2462.7,-39.6,180.3,39.6,2611.9,-598405.1,1.22,647.38,1.0,0
1791059179.28,971356.9,490.4,2528.7,2461.1,-39.5,180.3,39.5,2610.0,-598405.1,1.21,645.44,1.0,0
1791059179.79,971356.9,490.9,2528.7,2461.1,-39.5,180.3,39.5,2610.0,-598405.1,1.21,645.44,1.0,0
1791059180.29,971357.0,491.4,2527.1,2459.6,-39.5,180.3,39.5,2608.2,-598405.1,1.2,643.84,1.0,0
1791059180.79,971357.0,491.9,2527.1,2459.6,-39.5,180.3,39.5,2608.2,-598405.1,1.2,643.84,1.0,0
1791059181.29,971357.0,492.4,2525.5,2458.0,-39.4,180.3,39.4,2606.5,-598405.1,1.18,642.66,1.0,0
1791059181.79,971357.0,492.9,2525.5,2458.0,-39.4,180.3,39.4,2606.5,-598405.1,1.18,642.66,1.0,0
1791059182.29,971357.0,493.4,2524.0,2456.4,-39.4,180.3,39.4,2604.8,-598405.1,1.16,641.98,1.0,0
1791059182.79,971357.0,493.9,2524.0,2456.4,-39.4,180.3,39.4,2604.8,-598405.1,1.16,641.98,1.0,0
1791059183.3,971357.1,494.4,2522.4,2454.8,-39.4,180.3,39.4,2603.2,-598405.1,1.14,641.92,1.0,0
1791059183.8,971357.1,494.9,2522.4,2454.8,-39.4,180.3,39.4,2603.2,-598405.1,1.14,641.92,1.0,0
1791059184.3,971357.1,495.4,2520.8,2453.2,-39.4,180.3,39.4,2601.7,-598405.1,1.11,642.62,1.0,0
1791059184.8,971357.1,495.9,2520.8,2453.2,-39.4,180.3,39.4,2601.7,-598405.1,1.11,642.62,1.0,0
1791059185.3,971357.2,496.4,2519.2,2451.7,-39.5,180.3,39.5,2600.3,-598405.1,1.08,644.26,1.0,0
1791059185.8,971357.4,496.9,2511.3,2443.7,-39.9,180.4,39.9,2594.0,-598405.1,0.89,657.81,1.0,0
1791059186.3,971357.9,497.4,2490.2,2422.7,-40.9,180.7,40.9,2577.3,-598404.3,0.78,694.82,1.0,0
1791059186.8,971358.4,497.9,2469.7,2402.2,-41.2,180.8,41.2,2558.0,-598403.5,0.93,706.18,1.0,0
1791059187.31,971358.9,498.4,2449.0,2381.5,-41.2,180.7,41.2,2537.3,-598404.5,1.02,708.05,1.0,0
1791059187.81,971359.4,498.9,2428.6,2361.1,-40.2,180.4,40.2,2512.9,-598406.0,1.21,677.06,1.0,0
1791059188.31,971359.9,499.4,2408.6,2341.1,-40.1,180.4,40.1,2492.4,-598406.4,0.97,674.39,1.0,0
1791059188.81,971360.4,499.9,2388.4,2320.8,-41.2,180.6,41.2,2476.6,-598406.7,0.75,713.24,1.0,0
1791059189.31,971360.9,500.4,2367.6,2300.0,-41.8,180.8,41.8,2458.4,-598406.0,0.89,736.33,1.0,0
1791059189.81,971361.4,500.9,2346.6,2279.0,-42.0,180.8,42.0,2438.2,-598406.4,0.95,744.28,1.0,0
1791059190.31,971361.9,501.4,2325.8,2258.3,-41.1,180.6,41.1,2413.6,-598406.7,1.18,715.39,1.0,0
1791059190.81,971362.4,501.9,2305.4,2237.9,-40.5,180.5,40.5,2390.6,-598407.4,1.1,695.06,1.0,0
1791059191.32,971362.9,502.4,2285.0,2217.5,-41.3,180.6,41.3,2373.6,-598408.1,0.82,725.64,1.0,0
1791059191.82,971363.4,502.9,2264.1,2196.5,-42.5,180.8,42.5,2357.8,-598409.1,0.75,769.73,1.0,0
1791059192.32,971363.9,503.4,2242.7,2175.1,-42.9,180.9,42.9,2338.2,-598409.5,0.92,786.95,1.0,0
1791059192.82,971364.4,503.9,2221.3,2153.7,-42.3,180.8,42.3,2314.3,-598409.3,1.17,767.77,1.0,0
1791059193.32,971364.9,504.4,2200.4,2132.9,-41.2,180.6,41.2,2288.8,-598408.9,1.21,731.33,1.0,0
1791059193.82,971365.4,504.9,2179.8,2112.3,-41.4,180.6,41.4,2268.7,-598409.5,0.92,737.3,1.0,0
1791059194.32,971365.9,505.4,2159.0,2091.4,-42.2,180.7,42.2,2251.3,-598411.1,0.81,768.52,1.0,0
1791059194.83,971366.4,505.9,2137.6,2070.1,-43.0,180.8,43.0,2233.7,-598412.5,0.82,801.74,1.0,0
1791059195.33,971366.9,506.4,2116.1,2048.5,-42.9,180.8,42.9,2211.7,-598412.5,1.03,800.43,1.0,0
1791059195.83,971367.4,506.9,2094.9,2027.4,-41.8,180.6,41.8,2185.9,-598411.5,1.2,763.06,1.0,0
1791059196.33,971367.9,507.4,2073.3,2005.8,-41.6,180.6,41.6,2163.1,-598411.5,1.03,755.43,1.0,0
1791059196.83,971368.4,507.9,2052.4,1984.9,-42.0,180.6,42.0,2144.0,-598412.5,0.91,772.81,1.0,0
1791059197.33,971368.9,508.4,2031.2,1963.7,-42.7,180.7,42.7,2126.0,-598414.0,0.84,801.43,1.0,0
1791059197.83,971369.4,508.9,2009.7,1942.1,-43.3,180.8,43.3,2106.9,-598414.3,0.89,825.03,1.0,0
1791059198.33,971369.9,509.4,1988.3,1920.7,-42.3,180.6,42.3,2081.3,-598413.8,1.2,791.16,1.0,0
1791059198.84,971370.4,509.9,1967.2,1899.7,-41.9,180.6,41.9,2058.5,-598413.4,1.07,778.27,1.0,0
1791059199.34,971370.9,510.4,1946.2,1878.7,-42.1,180.6,42.1,2038.2,-598413.8,0.94,786.3,1.0,0
1791059199.84,971371.4,510.9,1925.1,1857.6,-42.3,180.6,42.3,2018.0,-598414.8,0.93,796.65,1.0,0
1791059200.34,971371.9,511.4,1903.8,1836.3,-42.9,180.7,42.9,1999.1,-598415.2,0.9,819.17,1.0,0
1791059200.84,971372.4,511.9,1882.5,1814.9,-42.4,180.6,42.4,1975.7,-598415.0,1.12,803.41,1.0,0
1791059201.34,971372.9,512.4,1861.4,1793.9,-42.0,180.5,42.0,1952.8,-598414.7,1.06,789.39,1.0,0
1791059201.84,971373.4,512.9,1840.4,1772.8,-42.3,180.6,42.3,1933.2,-598415.0,0.93,804.12,1.0,0
1791059202.35,971373.9,513.4,1818.4,1750.8,-42.3,180.6,42.3,1911.2,-598415.6,0.99,807.05,1.0,0
1791059202.85,971374.4,513.9,1797.1,1729.5,-42.8,180.7,42.8,1892.0,-598415.9,0.88,827.35,1.0,0
1791059203.35,971374.9,514.4,1775.7,1708.2,-42.4,180.6,42.4,1869.2,-598415.9,1.1,816.63,1.0,0
1791059203.85,971375.4,514.9,1754.5,1687.0,-42.6,180.6,42.6,1848.5,-598415.9,0.94,823.54,1.0,0
1791059204.35,971375.9,515.4,1733.2,1665.7,-42.7,180.7,42.7,1827.8,-598416.1,0.97,831.06,1.0,0
1791059204.85,971376.4,515.9,1711.9,1644.3,-42.6,180.6,42.6,1806.1,-598416.5,1.01,829.99,1.0,0
1791059205.35,971376.9,516.4,1690.6,1623.0,-42.6,180.6,42.6,1784.5,-598416.7,1.0,829.92,1.0,0
1791059205.86,971377.4,516.9,1669.4,1601.8,-42.1,180.5,42.1,1761.4,-598416.8,1.09,814.8,1.0,0
1791059206.36,971377.9,517.4,1648.4,1580.9,-41.9,180.5,41.9,1739.5,-598416.9,1.02,808.35,1.0,0
1791059206.86,971378.4,517.9,1627.4,1559.8,-42.3,180.5,42.3,1719.9,-598417.2,0.93,824.2,1.0,0
1791059207.36,971378.9,518.4,1606.2,1538.6,-42.4,180.6,42.4,1699.4,-598417.5,0.98,832.36,1.0,0
1791059207.86,971379.2,518.9,1595.1,1527.6,-42.7,180.6,42.7,1689.5,-598417.6,0.92,843.38,1.0,0
1791059208.36,971379.2,519.4,1595.1,1527.6,-42.7,180.6,42.7,1689.5,-598417.6,0.92,843.38,1.0,0
1791059208.86,971379.2,519.9,1593.4,1525.9,-42.7,180.6,42.7,1688.0,-598417.6,0.9,845.92,1.0,0
1791059209.36,971379.2,520.4,1593.4,1525.9,-42.7,180.6,42.7,1688.0,-598417.6,0.9,845.92,1.0,0
1791059209.87,971379.3,520.9,1591.7,1524.1,-42.8,180.6,42.8,1686.5,-598417.6,0.89,848.38,1.0,0
1791059210.37,971379.3,521.4,1591.7,1524.1,-42.8,180.6,42.8,1686.5,-598417.6,0.89,848.38,1.0,0
1791059210.87,971379.4,521.9,1587.4,1519.9,-42.8,180.7,42.8,1682.5,-598417.7,0.89,850.79,1.0,0
1791059211.37,971379.9,522.4,1566.0,1498.5,-42.6,180.6,42.6,1660.2,-598417.8,1.04,845.45,1.0,0
1791059211.87,971380.4,522.9,1544.8,1477.2,-42.5,180.6,42.5,1638.2,-598417.9,1.01,840.95,1.0,0
1791059212.37,971380.9,523.4,1523.6,1456.0,-42.4,180.5,42.4,1616.8,-598418.2,0.98,841.02,1.0,0
1791059212.87,971381.4,523.9,1502.3,1434.7,-42.6,180.6,42.6,1596.5,-598418.5,0.95,852.29,1.0,0
1791059213.37,971381.9,524.4,1480.9,1413.3,-43.0,180.7,43.0,1576.6,-598418.7,0.92,868.32,1.0,0
1791059213.88,971382.4,524.9,1459.4,1391.9,-42.9,180.6,42.9,1554.7,-598418.8,1.0,866.65,1.0,0
1791059214.38,971382.9,525.4,1438.0,1370.5,-42.8,180.6,42.8,1533.0,-598419.0,1.0,866.66,1.0,0
1791059214.88,971383.4,525.9,1416.5,1349.0,-42.9,180.6,42.9,1512.0,-598419.2,0.99,872.69,1.0,0
1791059215.38,971383.9,526.5,1395.2,1327.7,-42.5,180.5,42.5,1488.9,-598419.5,1.07,859.03,1.0,0
1791059215.88,971384.4,527.0,1373.9,1306.3,-42.8,180.6,42.8,1468.8,-598419.8,0.91,872.8,1.0,0
1791059216.38,971384.9,527.5,1352.4,1284.9,-42.9,180.6,42.9,1447.8,-598419.9,0.97,878.78,1.0,0
1791059216.88,971385.4,528.0,1331.2,1263.6,-42.3,180.5,42.3,1423.8,-598420.1,1.11,856.49,1.0,0
1791059217.38,971385.9,528.5,1310.0,1242.5,-42.4,180.5,42.4,1403.3,-598420.4,0.94,864.35,1.0,0
1791059217.89,971386.4,529.0,1288.7,1221.2,-42.6,180.5,42.6,1382.7,-598420.6,0.97,873.06,1.0,0
1791059218.39,971386.9,529.5,1267.4,1199.8,-42.5,180.5,42.5,1361.0,-598420.9,1.04,872.47,1.0,0
1791059218.89,971387.4,530.0,1246.2,1178.6,-42.3,180.5,42.3,1339.0,-598421.0,1.02,867.44,1.0,0
1791059219.39,971387.9,530.5,1225.0,1157.5,-42.1,180.4,42.1,1316.9,-598421.2,1.06,860.03,1.0,0
1791059219.89,971388.4,531.0,1204.1,1136.6,-41.6,180.3,41.6,1293.9,-598421.5,1.08,843.0,1.0,0
1791059220.39,971388.9,531.5,1183.2,1115.7,-42.0,180.4,42.0,1274.7,-598421.8,0.91,861.28,1.0,0
1791059220.89,971389.4,532.0,1162.2,1094.6,-42.0,180.3,42.0,1253.4,-598422.0,1.03,861.19,1.0,0
1791059221.4,971389.9,532.5,1141.1,1073.6,-42.2,180.4,42.2,1233.2,-598422.2,0.97,871.98,1.0,0
1791059221.9,971390.4,533.0,1120.0,1052.5,-42.1,180.4,42.1,1211.8,-598422.3,1.02,871.15,1.0,0
1791059222.4,971390.9,533.5,1098.9,1031.4,-42.2,180.4,42.2,1191.2,-598422.6,0.96,878.02,1.0,0
1791059222.9,971391.4,534.0,1077.1,1009.5,-42.0,180.3,42.0,1168.3,-598422.9,1.03,870.09,1.0,0
1791059223.4,971391.9,534.5,1056.1,988.6,-42.0,180.3,42.0,1147.2,-598423.1,1.0,871.91,1.0,0
1791059223.9,971392.4,535.0,1035.2,967.7,-41.7,180.2,41.7,1125.0,-598423.3,1.05,861.4,1.0,0
1791059224.4,971392.9,535.5,1014.4,946.8,-41.7,180.2,41.7,1104.6,-598423.5,0.97,867.1,1.0,0
1791059224.9,971393.4,536.0,993.5,926.0,-41.8,180.2,41.8,1083.8,-598423.7,1.0,870.1,1.0,0
1791059225.41,971393.9,536.5,972.7,905.1,-41.5,180.2,41.5,1061.7,-598424.0,1.07,860.86,1.0,0
1791059225.91,971394.4,537.0,952.0,884.5,-41.5,180.2,41.5,1040.9,-598424.2,0.97,861.96,1.0,0
1791059226.41,971394.9,537.5,931.3,863.8,-41.2,180.1,41.2,1019.1,-598424.4,1.07,852.65,1.0,0
1791059226.91,971395.4,538.0,910.8,843.2,-41.2,180.1,41.2,998.4,-598424.6,0.98,853.71,1.0,0
1791059227.41,971395.9,538.5,890.1,822.6,-41.3,180.1,41.3,978.5,-598424.8,0.96,863.01,1.0,0
1791059227.91,971396.4,539.0,869.4,801.9,-41.5,180.2,41.5,958.7,-598425.0,0.93,874.77,1.0,0
1791059228.41,971396.9,539.5,848.7,781.2,-41.3,180.1,41.3,936.8,-598425.3,1.05,865.03,1.0,0
1791059228.91,971397.4,540.0,827.2,759.6,-41.6,180.2,41.6,916.8,-598425.5,0.93,882.41,1.0,0
1791059229.42,971397.9,540.5,806.4,738.9,-41.5,180.1,41.5,895.3,-598425.7,1.04,878.14,1.0,0
1791059229.92,971398.4,541.0,785.7,718.2,-40.5,179.9,40.5,870.4,-598426.0,1.26,837.96,1.0,0
1791059230.42,971398.9,541.5,767.0,699.4,-34.4,178.6,34.4,828.5,-598426.6,2.26,608.54,1.0,0
1791059230.92,971399.4,542.0,751.8,684.2,-26.4,177.2,26.4,788.1,-598427.0,2.64,357.73,1.0,0
1791059231.42,971399.9,542.5,740.5,672.9,-19.2,176.3,19.2,760.0,-598427.4,2.47,189.57,1.0,0
1791059231.92,971400.4,543.0,732.3,664.8,-13.5,175.7,13.5,742.3,-598428.0,2.14,94.14,1.0,0
1791059232.42,971400.9,543.5,726.8,659.3,-9.2,175.4,9.2,731.7,-598428.3,1.86,43.34,1.0,0
1791059232.92,971401.4,544.0,722.8,655.3,-7.1,175.3,7.1,726.0,-598428.3,1.39,25.88,1.0,0
1791059233.43,971401.9,544.5,719.4,651.9,-6.6,175.3,6.6,722.3,-598428.4,1.04,22.79,1.0,0
1791059233.93,971402.4,545.0,716.1,648.6,-6.4,175.3,6.4,718.8,-598428.5,1.07,20.96,1.0,0
1791059234.43,971402.9,545.5,713.0,645.5,-6.1,175.3,6.1,715.5,-598428.6,1.02,19.32,1.0,0
1791059234.93,971403.4,546.0,710.0,642.5,-6.1,175.3,6.1,712.5,-598428.6,0.99,18.95,1.0,0
1791059235.43,971403.9,546.5,706.8,639.3,-6.2,175.3,6.2,709.4,-598428.6,0.97,19.99,1.0,0
1791059235.93,971404.4,547.0,703.8,636.2,-6.1,175.3,6.1,706.3,-598428.6,1.04,19.19,1.0,0
1791059236.43,971404.9,547.5,700.7,633.1,-6.3,175.3,6.3,703.3,-598428.7,0.96,20.32,1.0,0
1791059236.94,971405.4,548.0,697.6,630.1,-6.1,175.3,6.1,700.1,-598428.7,1.03,19.13,1.0,0
1791059237.44,971405.9,548.5,694.6,627.0,-6.1,175.3,6.1,697.1,-598428.7,1.0,19.55,1.0,0
1791059237.94,971406.4,549.0,691.5,624.0,-6.1,175.3,6.1,694.0,-598428.7,1.02,19.29,1.0,0
1791059238.44,971406.9,549.5,688.5,620.9,-6.0,175.2,6.0,690.9,-598428.8,1.04,18.35,1.0,0
1791059238.94,971407.4,550.0,685.4,617.9,-6.1,175.3,6.1,688.0,-598428.8,0.95,19.59,1.0,0
1791059239.44,971407.9,550.5,682.4,614.8,-6.3,175.3,6.3,685.0,-598428.9,0.96,20.35,1.0,0
1791059239.94,971408.4,551.0,679.2,611.7,-6.2,175.3,6.2,681.8,-598428.9,1.02,19.94,1.0,0
1791059240.44,971408.9,551.5,676.1,608.6,-6.2,175.3,6.2,678.6,-598428.9,0.99,19.76,1.0,0
1791059240.95,971409.4,552.0,673.1,605.5,-6.1,175.2,6.1,675.6,-598429.0,1.0,19.01,1.0,0
1791059241.45,971409.9,552.5,670.1,602.5,-6.1,175.2,6.1,672.6,-598429.0,1.0,19.22,1.0,0
1791059241.95,971410.4,553.0,666.9,599.4,-6.1,175.2,6.1,669.4,-598429.0,1.0,19.54,1.0,0
1791059242.45,971410.9,553.5,663.9,596.3,-5.8,175.2,5.8,666.2,-598429.1,1.08,17.47,1.0,0
1791059242.95,971411.4,554.0,661.0,593.5,-5.9,175.2,5.9,663.4,-598429.1,0.95,18.21,1.0,0
1791059243.45,971411.9,554.5,658.0,590.5,-5.9,175.2,5.9,660.4,-598429.1,1.02,18.21,1.0,0
1791059243.95,971412.4,555.0,655.0,587.4,-6.2,175.2,6.2,657.5,-598429.2,0.94,19.73,1.0,0
1791059244.46,971412.9,555.5,652.0,584.4,-5.9,175.2,5.9,654.3,-598429.2,1.05,17.98,1.0,0
1791059244.96,971413.4,556.0,649.0,581.4,-6.2,175.2,6.2,651.5,-598429.2,0.92,19.79,1.0,0
1791059245.46,971413.9,556.5,645.9,578.4,-5.9,175.2,5.9,648.3,-598429.2,1.05,18.12,1.0,0
1791059245.96,971414.4,557.0,642.9,575.4,-6.1,175.2,6.1,645.4,-598429.3,0.93,19.59,1.0,0
1791059246.46,971414.9,557.5,639.8,572.3,-6.3,175.2,6.3,642.4,-598429.3,0.95,20.43,1.0,0
1791059246.96,971415.5,558.0,636.7,569.2,-6.2,175.2,6.2,639.3,-598429.3,1.02,19.85,1.0,0
1791059247.46,971416.0,558.5,633.6,566.1,-6.1,175.2,6.1,636.1,-598429.4,0.99,19.67,1.0,0
1791059247.96,971416.5,559.0,630.5,562.9,-6.1,175.2,6.1,633.0,-598429.4,0.98,19.41,1.0,0
1791059248.47,971417.0,559.5,627.6,560.1,-5.8,175.2,5.8,629.9,-598429.4,1.07,17.4,1.0,0
1791059248.97,971417.5,560.0,624.6,557.1,-5.9,175.2,5.9,627.0,-598429.5,0.94,18.4,1.0,0
1791059249.47,971418.0,560.5,621.6,554.1,-6.1,175.2,6.1,624.1,-598429.5,0.96,19.45,1.0,0
1791059249.97,971418.5,561.0,618.6,551.1,-6.0,175.2,6.0,621.0,-598429.5,1.03,18.85,1.0,0
1791059250.47,971419.0,561.5,615.7,548.1,-5.7,175.2,5.7,617.9,-598429.6,1.05,17.07,1.0,0
1791059250.97,971419.5,562.0,612.8,545.2,-5.8,175.2,5.8,615.1,-598429.6,0.96,17.64,1.0,0
1791059251.47,971420.0,562.5,609.9,542.4,-5.8,175.2,5.8,612.2,-598429.6,1.0,17.66,1.0,0
1791059251.97,971420.5,563.0,606.9,539.4,-6.1,175.2,6.1,609.4,-598429.7,0.93,19.47,1.0,0
1791059252.48,971421.0,563.5,603.9,536.3,-5.9,175.2,5.9,606.3,-598429.7,1.05,18.25,1.0,0
1791059252.98,971421.5,564.0,600.9,533.4,-6.0,175.2,6.0,603.3,-598429.7,0.97,18.65,1.0,0
1791059253.48,971422.0,564.5,597.9,530.4,-6.2,175.2,6.2,600.4,-598429.8,0.94,19.91,1.0,0
1791059253.98,971422.5,565.1,594.9,527.3,-6.1,175.2,6.1,597.4,-598429.8,1.0,19.36,1.0,0
1791059254.48,971422.5,565.6,594.4,526.9,-6.1,175.2,6.1,596.9,-598429.8,0.98,19.29,1.0,0
1791059254.98,971422.5,566.1,594.4,526.9,-6.1,175.2,6.1,596.9,-598429.8,0.98,19.29,1.0,0
1791059255.48,971422.6,566.6,594.2,526.6,-6.0,175.2,6.0,596.6,-598429.8,0.98,19.13,1.0,0
1791059255.99,971422.6,567.1,594.2,526.6,-6.0,175.2,6.0,596.6,-598429.8,0.98,19.13,1.0,0
1791059256.49,971422.6,567.6,593.9,526.4,-6.0,175.2,6.0,596.4,-598429.8,0.98,18.95,1.0,0
1791059256.99,971422.6,568.1,593.9,526.4,-6.0,175.2,6.0,596.4,-598429.8,0.98,18.95,1.0,0
1791059257.49,971422.7,568.6,593.7,526.1,-6.0,175.2,6.0,596.1,-598429.8,0.98,18.77,1.0,0
1791059257.99,971422.7,569.1,593.7,526.1,-6.0,175.2,6.0,596.1,-598429.8,0.98,18.77,1.0,0
1791059258.49,971422.7,569.6,593.4,525.9,-6.0,175.2,6.0,595.8,-598429.8,0.99,18.6,1.0,0
1791059258.99,971422.7,570.1,593.4,525.9,-6.0,175.2,6.0,595.8,-598429.8,0.99,18.6,1.0,0
1791059259.49,971422.7,570.6,593.2,525.6,-5.9,175.2,5.9,595.6,-598429.8,1.0,18.44,1.0,0
1791059260.0,971422.7,571.1,593.2,525.6,-5.9,175.2,5.9,595.6,-598429.8,1.0,18.44,1.0,0
1791059260.5,971422.8,571.6,593.0,525.4,-5.9,175.2,5.9,595.3,-598429.8,1.02,18.29,1.0,0
1791059261.0,971422.9,572.1,592.1,524.6,-5.8,175.2,5.8,594.5,-598429.8,1.05,17.92,1.0,0
1791059261.5,971423.4,572.6,589.2,521.6,-6.0,175.2,6.0,591.6,-598429.8,0.94,19.17,1.0,0
1791059262.01,971423.9,573.1,586.2,518.6,-5.9,175.2,5.9,588.6,-598429.9,1.02,18.45,1.0,0
1791059262.51,971424.4,573.6,583.2,515.7,-5.9,175.2,5.9,585.6,-598429.9,0.99,18.27,1.0,0
1791059263.01,971424.9,574.1,580.3,512.8,-5.8,175.2,5.8,582.6,-598429.9,1.02,17.43,1.0,0
1791059263.51,971425.4,574.6,577.4,509.9,-5.9,175.2,5.9,579.8,-598430.0,0.97,18.02,1.0,0
1791059264.01,971425.9,575.1,574.5,506.9,-6.1,175.2,6.1,576.9,-598430.0,0.95,19.32,1.0,0
1791059264.51,971426.4,575.6,571.4,503.8,-6.1,175.2,6.1,573.9,-598430.0,1.0,19.56,1.0,0
1791059265.02,971426.9,576.1,568.2,500.6,-6.0,175.2,6.0,570.6,-598430.1,1.01,19.01,1.0,0
1791059265.52,971427.4,576.6,565.2,497.6,-6.1,175.2,6.1,567.7,-598430.1,0.96,19.49,1.0,0
1791059266.02,971427.9,577.1,562.1,494.5,-6.1,175.2,6.1,564.6,-598430.1,1.01,19.55,1.0,0
1791059266.52,971428.4,577.6,559.1,491.6,-6.0,175.2,6.0,561.5,-598430.2,1.0,18.93,1.0,0
1791059267.02,971428.9,578.1,556.1,488.6,-5.9,175.2,5.9,558.5,-598430.2,1.03,18.37,1.0,0
1791059267.52,971429.4,578.6,553.1,485.5,-6.1,175.2,6.1,555.6,-598430.2,0.94,19.77,1.0,0
1791059268.02,971429.9,579.1,550.0,482.5,-6.0,175.2,6.0,552.5,-598430.3,1.01,19.02,1.0,0
1791059268.52,971430.4,579.6,547.0,479.4,-6.1,175.2,6.1,549.5,-598430.3,0.96,19.49,1.0,0
1791059269.03,971430.9,580.1,543.9,476.3,-6.4,175.2,6.4,546.5,-598430.3,0.94,21.33,1.0,0
1791059269.53,971431.4,580.6,540.7,473.2,-6.2,175.2,6.2,543.3,-598430.4,1.05,20.06,1.0,0
1791059270.03,971431.9,581.1,537.7,470.1,-6.0,175.2,6.0,540.1,-598430.4,1.03,18.73,1.0,0
1791059270.53,971432.5,581.6,534.7,467.2,-6.0,175.2,6.0,537.2,-598430.4,0.97,18.91,1.0,0
1791059271.03,971433.0,582.1,531.8,464.2,-5.8,175.2,5.8,534.1,-598430.4,1.05,17.6,1.0,0
1791059271.53,971433.5,582.6,528.8,461.2,-5.9,175.2,5.9,531.1,-598430.5,0.96,18.37,1.0,0
1791059272.03,971434.0,583.1,525.8,458.3,-5.8,175.2,5.8,528.1,-598430.5,1.02,17.77,1.0,0
1791059272.54,971434.5,583.6,522.9,455.3,-6.0,175.2,6.0,525.3,-598430.5,0.94,18.98,1.0,0
1791059273.04,971435.0,584.1,519.9,452.4,-5.9,175.2,5.9,522.3,-598430.6,1.03,18.13,1.0,0
1791059273.54,971435.5,584.6,517.0,449.5,-6.0,175.2,6.0,519.4,-598430.6,0.95,18.8,1.0,0
1791059274.04,971436.0,585.1,514.0,446.5,-6.0,175.2,6.0,516.5,-598430.6,0.99,18.82,1.0,0
1791059274.54,971436.5,585.6,511.0,443.5,-6.1,175.2,6.1,513.5,-598430.7,0.99,19.56,1.0,0
1791059275.04,971437.0,586.1,507.9,440.4,-6.0,175.2,6.0,510.4,-598430.7,1.04,19.02,1.0,0
1791059275.54,971437.5,586.6,505.0,437.5,-5.9,175.2,5.9,507.4,-598430.7,0.99,18.49,1.0,0
1791059276.04,971438.0,587.1,502.0,434.4,-6.2,175.2,6.2,504.5,-598430.8,0.93,20.17,1.0,0
1791059276.55,971438.5,587.6,498.9,431.4,-6.0,175.2,6.0,501.4,-598430.8,1.04,19.0,1.0,0
1791059277.05,971439.0,588.1,495.9,428.4,-5.9,175.2,5.9,498.4,-598430.8,1.0,18.78,1.0,0
1791059277.55,971439.5,588.6,493.0,425.4,-5.9,175.2,5.9,495.4,-598430.9,0.99,18.74,1.0,0
1791059278.05,971440.0,589.1,490.0,422.4,-5.9,175.2,5.9,492.3,-598430.9,1.02,18.44,1.0,0
1791059278.55,971440.5,589.6,487.0,419.5,-5.9,175.2,5.9,489.5,-598430.9,0.97,18.79,1.0,0
1791059279.05,971441.0,590.1,484.1,416.5,-5.9,175.2,5.9,486.4,-598430.9,1.02,18.33,1.0,0
1791059279.55,971441.5,590.6,481.1,413.5,-6.1,175.2,6.1,483.6,-598431.0,0.94,19.83,1.0,0
1791059280.05,971442.0,591.1,478.0,410.4,-6.2,175.2,6.2,480.6,-598431.0,0.95,20.52,1.0,0
1791059280.56,971442.5,591.6,474.9,407.4,-6.1,175.2,6.1,477.4,-598431.0,1.03,19.75,1.0,0
1791059281.06,971443.0,592.1,471.8,404.3,-6.1,175.2,6.1,474.4,-598431.1,0.98,20.05,1.0,0
1791059281.56,971443.5,592.6,468.8,401.3,-6.0,175.2,6.0,471.2,-598431.1,1.04,18.84,1.0,0
1791059282.06,971444.0,593.1,465.9,398.4,-5.7,175.2,5.7,468.2,-598431.1,1.03,17.51,1.0,0
1791059282.56,971444.5,593.6,463.0,395.5,-5.9,175.2,5.9,465.4,-598431.2,0.95,18.67,1.0,0
1791059283.06,971445.0,594.1,460.0,392.5,-6.2,175.2,6.2,462.5,-598431.2,0.93,20.28,1.0,0
1791059283.56,971445.5,594.6,456.9,389.4,-6.1,175.2,6.1,459.4,-598431.2,1.02,19.7,1.0,0
1791059284.07,971446.0,595.1,453.9,386.3,-6.2,175.2,6.2,456.4,-598431.3,0.96,20.43,1.0,0
1791059284.57,971446.5,595.6,450.7,383.1,-6.0,175.2,6.0,453.1,-598431.3,1.05,19.04,1.0,0
1791059285.07,971447.0,596.1,447.7,380.1,-6.1,175.2,6.1,450.2,-598431.3,0.99,19.69,1.0,0
1791059285.57,971447.5,596.6,444.6,377.1,-6.0,175.2,6.0,447.1,-598431.4,1.02,19.33,1.0,0
1791059286.07,971448.0,597.1,441.7,374.1,-5.8,175.2,5.8,444.0,-598431.4,1.05,17.9,1.0,0
1791059286.57,971448.5,597.6,438.7,371.2,-6.0,175.2,6.0,441.2,-598431.4,0.94,19.12,1.0,0
1791059287.07,971449.0,598.1,435.7,368.2,-6.0,175.2,6.0,438.2,-598431.5,0.98,19.43,1.0,0
1791059287.57,971449.5,598.6,432.7,365.1,-6.2,175.2,6.2,435.2,-598431.5,0.98,20.29,1.0,0
1791059288.08,971450.0,599.1,429.6,362.1,-6.1,175.2,6.1,432.1,-598431.5,1.0,19.65,1.0,0
1791059288.58,971450.5,599.6,426.5,359.0,-6.2,175.2,6.2,429.1,-598431.5,0.98,20.33,1.0,0
1791059289.08,971450.5,600.1,426.5,359.0,-6.2,175.2,6.2,429.1,-598431.5,0.98,20.33,1.0,0
1791059289.58,971450.5,600.6,426.3,358.7,-6.1,175.2,6.1,428.8,-598431.6,1.0,20.04,1.0,0
1791059290.08,971450.5,601.2,426.3,358.7,-6.1,175.2,6.1,428.8,-598431.6,1.0,20.04,1.0,0
1791059290.58,971450.5,601.7,426.3,358.7,-6.1,175.2,6.1,428.8,-598431.6,1.0,20.04,1.0,0
1791059291.08,971450.6,602.2,426.0,358.5,-6.1,175.2,6.1,428.5,-598431.6,1.01,19.92,1.0,0
1791059291.58,971450.6,602.7,426.0,358.5,-6.1,175.2,6.1,428.5,-598431.6,1.01,19.92,1.0,0
1791059292.09,971450.6,603.2,425.8,358.2,-6.1,175.2,6.1,428.3,-598431.6,1.02,19.91,1.0,0
1791059292.59,971450.6,603.7,425.8,358.2,-6.1,175.2,6.1,428.3,-598431.6,1.02,19.91,1.0,0
1791059293.09,971450.6,604.2,425.5,358.0,-6.1,175.2,6.1,428.0,-598431.6,1.02,19.95,1.0,0
1791059293.59,971450.6,604.7,425.5,358.0,-6.1,175.2,6.1,428.0,-598431.6,1.02,19.95,1.0,0
1791059294.09,971450.7,605.2,425.3,357.8,-6.1,175.2,6.1,427.8,-598431.6,1.02,19.99,1.0,0
1791059294.59,971450.7,605.7,425.3,357.8,-6.1,175.2,6.1,427.8,-598431.6,1.02,19.99,1.0,0
1791059295.09,971450.7,606.2,425.1,357.5,-6.1,175.2,6.1,427.6,-598431.6,1.03,20.0,1.0,0
1791059295.6,971450.7,606.7,425.1,357.5,-6.1,175.2,6.1,427.6,-598431.6,1.03,20.0,1.0,0
1791059296.1,971450.8,607.2,424.8,357.2,-6.1,175.2,6.1,427.3,-598431.6,1.03,19.95,1.0,0
1791059296.6,971450.8,607.7,424.8,357.2,-6.1,175.2,6.1,427.3,-598431.6,1.03,19.95,1.0,0
1791059297.1,971450.8,608.2,424.6,357.0,-6.1,175.2,6.1,427.0,-598431.6,1.03,19.79,1.0,0
1791059297.6,971450.8,608.7,424.6,357.0,-6.1,175.2,6.1,427.0,-598431.6,1.03,19.79,1.0,0
1791059298.1,971450.8,609.2,424.3,356.8,-6.1,175.2,6.1,426.8,-598431.6,1.02,19.6,1.0,0
1791059298.6,971450.8,609.7,424.3,356.8,-6.1,175.2,6.1,426.8,-598431.6,1.02,19.6,1.0,0
1791059299.1,971450.9,610.2,424.1,356.5,-6.1,175.2,6.1,426.6,-598431.6,1.02,19.78,1.0,0
1791059299.61,971450.9,610.7,424.1,356.5,-6.1,175.2,6.1,426.6,-598431.6,1.02,19.78,1.0,0
1791059300.11,971450.9,611.2,423.8,356.3,-6.1,175.2,6.1,426.3,-598431.6,1.01,19.6,1.0,0
1791059300.61,971450.9,611.7,423.8,356.3,-6.1,175.2,6.1,426.3,-598431.6,1.01,19.6,1.0,0
1791059301.11,971451.0,612.2,423.6,356.0,-6.1,175.2,6.1,426.1,-598431.6,1.01,19.61,1.0,0
1791059301.61,971451.0,612.7,423.6,356.0,-6.1,175.2,6.1,426.1,-598431.6,1.01,19.61,1.0,0
1791059302.11,971451.0,613.2,423.4,355.8,-6.1,175.2,6.1,425.8,-598431.6,1.0,19.73,1.0,0
1791059302.61,971451.0,613.7,423.4,355.8,-6.1,175.2,6.1,425.8,-598431.6,1.0,19.73,1.0,0
1791059303.11,971451.0,614.2,423.1,355.6,-6.1,175.2,6.1,425.6,-598431.6,1.0,19.88,1.0,0
1791059303.62,971451.0,614.7,423.1,355.6,-6.1,175.2,6.1,425.6,-598431.6,1.0,19.88,1.0,0
1791059304.12,971451.1,615.2,422.9,355.3,-6.1,175.2,6.1,425.4,-598431.6,0.99,20.06,1.0,0
1791059304.62,971451.1,615.7,422.9,355.3,-6.1,175.2,6.1,425.4,-598431.6,0.99,20.06,1.0,0
1791059305.12,971451.1,616.2,422.6,355.1,-6.1,175.2,6.1,425.1,-598431.6,0.98,20.23,1.0,0
1791059305.62,971451.1,616.7,422.6,355.1,-6.1,175.2,6.1,425.1,-598431.6,0.98,20.23,1.0,0
1791059306.12,971451.2,617.2,422.4,354.8,-6.2,175.2,6.2,424.9,-598431.6,0.98,20.39,1.0,0
1791059306.62,971451.2,617.7,422.4,354.8,-6.2,175.2,6.2,424.9,-598431.6,0.98,20.39,1.0,0
1791059307.13,971451.2,618.2,422.1,354.6,-6.2,175.2,6.2,424.7,-598431.6,0.97,20.54,1.0,0
1791059307.63,971451.2,618.7,422.1,354.6,-6.2,175.2,6.2,424.7,-598431.6,0.97,20.54,1.0,0
1791059308.13,971451.2,619.2,421.9,354.3,-6.2,175.2,6.2,424.4,-598431.6,0.95,20.66,1.0,0
1791059308.63,971451.2,619.7,421.9,354.3,-6.2,175.2,6.2,424.4,-598431.6,0.95,20.66,1.0,0
1791059309.13,971451.3,620.2,421.6,354.1,-6.2,175.2,6.2,424.2,-598431.6,0.96,20.75,1.0,0
1791059309.63,971451.3,620.7,421.6,354.1,-6.2,175.2,6.2,424.2,-598431.6,0.96,20.75,1.0,0
1791059310.13,971451.3,621.2,421.4,353.8,-6.2,175.2,6.2,424.0,-598431.6,0.95,20.81,1.0,0
1791059310.63,971451.3,621.7,421.4,353.8,-6.2,175.2,6.2,424.0,-598431.6,0.95,20.81,1.0,0
1791059311.14,971451.4,622.2,421.1,353.6,-6.2,175.2,6.2,423.7,-598431.6,0.95,20.79,1.0,0
1791059311.64,971451.4,622.7,421.1,353.6,-6.2,175.2,6.2,423.7,-598431.6,0.95,20.79,1.0,0
1791059312.14,971451.4,623.2,420.9,353.3,-6.2,175.2,6.2,423.4,-598431.6,0.96,20.67,1.0,0
1791059312.64,971451.4,623.7,420.9,353.3,-6.2,175.2,6.2,423.4,-598431.6,0.96,20.67,1.0,0
1791059313.14,971451.4,624.2,420.6,353.1,-6.2,175.2,6.2,423.2,-598431.6,0.98,20.36,1.0,0
1791059313.64,971451.4,624.7,420.6,353.1,-6.2,175.2,6.2,423.2,-598431.6,0.98,20.36,1.0,0
1791059314.14,971451.5,625.2,420.4,352.8,-6.2,175.2,6.2,422.9,-598431.6,0.99,20.29,1.0,0
1791059314.65,971451.5,625.7,420.4,352.8,-6.2,175.2,6.2,422.9,-598431.6,0.99,20.29,1.0,0
1791059315.15,971451.5,626.2,420.1,352.6,-6.1,175.2,6.1,422.6,-598431.6,1.0,20.01,1.0,0
1791059315.65,971451.5,626.7,420.1,352.6,-6.1,175.2,6.1,422.6,-598431.6,1.0,20.01,1.0,0
1791059316.15,971451.6,627.2,419.9,352.3,-6.1,175.2,6.1,422.4,-598431.6,1.01,19.87,1.0,0
1791059316.65,971452.0,627.7,417.2,349.6,-5.8,175.2,5.8,419.5,-598431.6,1.06,18.11,1.0,0
1791059317.15,971452.5,628.2,414.2,346.7,-5.9,175.2,5.9,416.6,-598431.7,0.95,18.93,1.0,0
1791059317.65,971453.0,628.7,411.3,343.7,-6.0,175.2,6.0,413.7,-598431.7,0.96,19.41,1.0,0
1791059318.15,971453.5,629.2,408.3,340.8,-6.1,175.2,6.1,410.8,-598431.7,0.97,19.75,1.0,0
1791059318.66,971454.0,629.7,405.3,337.7,-5.8,175.2,5.8,407.6,-598431.8,1.06,18.33,1.0,0
1791059319.16,971454.5,630.2,402.4,334.9,-5.8,175.2,5.8,404.7,-598431.8,0.99,18.17,1.0,0
1791059319.66,971455.0,630.7,399.4,331.9,-6.1,175.2,6.1,401.9,-598431.8,0.92,19.82,1.0,0
1791059320.16,971455.5,631.2,396.5,328.9,-6.0,175.2,6.0,398.9,-598431.9,1.0,19.36,1.0,0
1791059320.66,971456.0,631.7,393.6,326.0,-5.7,175.2,5.7,395.8,-598431.9,1.06,17.2,1.0,0
1791059321.16,971456.5,632.2,390.7,323.1,-5.9,175.2,5.9,393.1,-598431.9,0.93,18.76,1.0,0
1791059321.66,971457.0,632.7,387.8,320.2,-5.7,175.1,5.7,390.0,-598432.0,1.05,17.17,1.0,0
1791059322.16,971457.5,633.2,384.9,317.4,-5.9,175.2,5.9,387.3,-598432.0,0.93,18.76,1.0,0
1791059322.67,971458.0,633.7,381.9,314.3,-6.0,175.2,6.0,384.3,-598432.0,0.95,19.42,1.0,0
1791059323.17,971458.5,634.2,378.9,311.3,-6.1,175.2,6.1,381.4,-598432.0,0.96,19.89,1.0,0
1791059323.67,971459.0,634.7,375.8,308.2,-6.3,175.2,6.3,378.4,-598432.1,0.95,21.5,1.0,0
1791059324.17,971459.5,635.2,372.7,305.1,-6.0,175.2,6.0,375.1,-598432.1,1.06,19.67,1.0,0
1791059324.67,971460.0,635.7,369.7,302.1,-5.9,175.2,5.9,372.1,-598432.1,1.01,18.9,1.0,0
1791059325.17,971460.5,636.2,366.7,299.2,-5.9,175.2,5.9,369.1,-598432.2,0.99,18.95,1.0,0
1791059325.67,971461.0,636.7,363.7,296.2,-6.1,175.2,6.1,366.2,-598432.2,0.98,19.8,1.0,0
1791059326.17,971461.5,637.2,360.7,293.2,-6.0,175.2,6.0,363.1,-598432.2,1.02,19.4,1.0,0
1791059326.68,971462.0,637.7,357.7,290.1,-5.9,175.1,5.9,360.0,-598432.3,1.06,18.62,1.0,0
1791059327.18,971462.5,638.2,354.7,287.2,-6.0,175.1,6.0,357.2,-598432.3,0.96,19.21,1.0,0
1791059327.68,971463.0,638.7,351.7,284.1,-6.3,175.2,6.3,354.3,-598432.3,0.94,21.28,1.0,0
1791059328.18,971463.5,639.3,348.5,281.0,-6.1,175.2,6.1,351.0,-598432.4,1.04,20.27,1.0,0
1791059328.68,971464.0,639.8,345.6,278.0,-5.8,175.1,5.8,347.9,-598432.4,1.05,18.26,1.0,0
1791059329.18,971464.5,640.3,342.6,275.0,-6.0,175.1,6.0,345.0,-598432.4,0.97,19.35,1.0,0
1791059329.68,971465.0,640.8,339.5,272.0,-6.1,175.1,6.1,342.0,-598432.5,0.97,19.99,1.0,0
1791059330.18,971465.5,641.3,336.5,269.0,-6.0,175.1,6.0,339.0,-598432.5,1.0,19.4,1.0,0
1791059330.69,971466.0,641.8,333.6,266.0,-5.8,175.1,5.8,335.9,-598432.5,1.06,18.12,1.0,0
1791059331.19,971466.5,642.3,330.7,263.1,-5.8,175.1,5.8,333.0,-598432.6,0.98,18.15,1.0,0
1791059331.69,971467.0,642.8,327.8,260.3,-5.7,175.1,5.7,330.1,-598432.6,1.02,17.4,1.0,0
1791059332.19,971467.5,643.3,325.0,257.4,-5.8,175.1,5.8,327.3,-598432.6,0.95,18.51,1.0,0
1791059332.69,971468.0,643.8,322.0,254.5,-5.8,175.1,5.8,324.3,-598432.6,1.05,18.08,1.0,0
1791059333.19,971468.5,644.3,319.1,251.6,-5.9,175.1,5.9,321.5,-598432.7,0.95,19.04,1.0,0
1791059333.69,971469.0,644.8,316.2,248.7,-5.6,175.1,5.6,318.4,-598432.7,1.05,17.19,1.0,0
1791059334.2,971469.6,645.3,313.4,245.8,-5.9,175.1,5.9,315.7,-598432.7,0.93,18.71,1.0,0
1791059334.7,971470.1,645.8,310.4,242.8,-5.7,175.1,5.7,312.6,-598432.8,1.02,17.54,1.0,0
1791059335.2,971470.6,646.3,307.5,240.0,-5.8,175.1,5.8,309.8,-598432.8,0.96,18.45,1.0,0
1791059335.7,971471.1,646.8,304.6,237.0,-6.0,175.1,6.0,307.0,-598432.8,0.94,19.68,1.0,0
1791059336.2,971471.6,647.3,301.6,234.0,-6.0,175.1,6.0,304.0,-598432.9,0.98,19.76,1.0,0
1791059336.7,971472.1,647.8,298.6,231.0,-6.0,175.1,6.0,301.0,-598432.9,0.99,19.62,1.0,0
1791059337.2,971472.6,648.3,295.6,228.0,-6.0,175.1,6.0,298.0,-598432.9,0.98,19.38,1.0,0
1791059337.71,971473.1,648.8,292.5,225.0,-6.3,175.1,6.3,295.1,-598433.0,0.94,21.46,1.0,0
1791059338.21,971473.6,649.3,289.4,221.8,-6.2,175.1,6.2,291.9,-598433.0,1.03,20.63,1.0,0
1791059338.71,971474.1,649.8,286.3,218.7,-6.3,175.1,6.3,288.9,-598433.0,0.97,21.66,1.0,0
1791059339.21,971474.6,650.3,283.2,215.6,-6.0,175.1,6.0,285.6,-598433.0,1.07,19.52,1.0,0
1791059339.71,971475.1,650.8,280.1,212.6,-6.2,175.1,6.2,282.7,-598433.1,0.95,20.76,1.0,0
1791059340.21,971475.6,651.3,277.1,209.5,-6.1,175.1,6.1,279.6,-598433.1,1.02,20.4,1.0,0
1791059340.71,971476.1,651.8,274.0,206.4,-6.3,175.1,6.3,276.6,-598433.1,0.96,21.62,1.0,0
1791059341.21,971476.6,652.3,270.8,203.2,-6.0,175.1,6.0,273.2,-598433.2,1.07,19.44,1.0,0
1791059341.72,971477.1,652.8,267.8,200.3,-5.7,175.1,5.7,270.1,-598433.2,1.05,17.64,1.0,0
1791059342.22,971477.6,653.3,265.0,197.5,-5.7,175.1,5.7,267.3,-598433.2,0.97,18.02,1.0,0
1791059342.72,971478.1,653.8,262.1,194.5,-6.0,175.1,6.0,264.5,-598433.3,0.93,19.63,1.0,0
1791059343.22,971478.6,654.3,259.1,191.6,-5.9,175.1,5.9,261.5,-598433.3,0.99,19.21,1.0,0
1791059343.72,971479.1,654.8,256.2,188.6,-5.8,175.1,5.8,258.5,-598433.3,1.01,18.48,1.0,0
1791059344.22,971479.6,655.3,253.3,185.8,-6.0,175.1,6.0,255.7,-598433.4,0.96,19.8,1.0,0
1791059344.72,971480.1,655.8,250.2,182.7,-6.2,175.1,6.2,252.8,-598433.4,0.96,21.11,1.0,0
1791059345.23,971480.6,656.3,247.2,179.7,-6.0,175.1,6.0,249.6,-598433.4,1.03,19.65,1.0,0
1791059345.73,971481.1,656.8,244.2,176.7,-5.8,175.1,5.8,246.5,-598433.5,1.07,18.18,1.0,0
1791059346.23,971481.6,657.3,241.3,173.8,-5.9,175.1,5.9,243.7,-598433.5,0.95,19.02,1.0,0
1791059346.73,971482.1,657.8,238.5,170.9,-5.6,175.1,5.6,240.7,-598433.5,1.05,17.17,1.0,0
1791059347.23,971482.6,658.3,235.6,168.1,-5.8,175.1,5.8,238.0,-598433.6,0.93,18.7,1.0,0
1791059347.73,971483.1,658.8,232.6,165.1,-5.9,175.1,5.9,235.0,-598433.6,0.95,19.34,1.0,0
1791059348.23,971483.6,659.3,229.6,162.1,-6.1,175.1,6.1,232.1,-598433.6,0.95,20.11,1.0,0
1791059348.74,971484.1,659.8,226.5,159.0,-6.3,175.1,6.3,229.1,-598433.6,0.96,21.54,1.0,0
1791059349.24,971484.6,660.3,223.5,155.9,-5.9,175.1,5.9,225.8,-598433.7,1.07,19.34,1.0,0
1791059349.74,971485.1,660.8,220.5,152.9,-6.1,175.1,6.1,222.9,-598433.7,0.95,20.22,1.0,0
1791059350.24,971485.6,661.3,217.4,149.9,-5.9,175.1,5.9,219.8,-598433.7,1.04,19.31,1.0,0
1791059350.74,971486.1,661.8,214.5,147.0,-5.7,175.1,5.7,216.8,-598433.8,1.05,17.69,1.0,0
1791059351.24,971486.6,662.3,211.7,144.1,-5.9,175.1,5.9,214.0,-598433.8,0.93,19.03,1.0,0
1791059351.74,971487.1,662.8,208.7,141.2,-5.9,175.1,5.9,211.1,-598433.8,0.98,19.35,1.0,0
1791059352.24,971487.6,663.3,205.7,138.2,-6.0,175.1,6.0,208.1,-598433.9,0.97,19.46,1.0,0
1791059352.75,971488.1,663.8,202.7,135.1,-6.3,175.1,6.3,205.3,-598433.9,0.94,21.51,1.0,0
1791059353.25,971488.6,664.3,199.6,132.0,-6.2,175.1,6.2,202.1,-598433.9,1.02,21.01,1.0,0
1791059353.75,971489.1,664.8,196.4,128.9,-6.1,175.1,6.1,198.9,-598434.0,1.02,20.3,1.0,0
1791059354.25,971489.6,665.3,193.4,125.9,-5.8,175.1,5.8,195.8,-598434.0,1.04,18.58,1.0,0
1791059354.75,971490.1,665.8,190.6,123.1,-5.6,175.1,5.6,192.8,-598434.0,1.02,17.52,1.0,0
1791059355.25,971490.6,666.3,187.7,120.2,-5.8,175.1,5.8,190.1,-598434.1,0.95,18.83,1.0,0
1791059355.75,971491.1,666.8,184.8,117.3,-5.7,175.1,5.7,187.1,-598434.1,1.04,17.85,1.0,0
1791059356.25,971491.6,667.3,182.0,114.4,-5.7,175.1,5.7,184.3,-598434.1,0.98,18.08,1.0,0
1791059356.76,971492.1,667.8,179.1,111.5,-6.0,175.1,6.0,181.5,-598434.1,0.92,19.89,1.0,0
1791059357.26,971492.6,668.3,176.1,108.5,-5.9,175.1,5.9,178.5,-598434.2,1.0,19.48,1.0,0
1791059357.76,971493.1,668.8,173.1,105.6,-5.9,175.1,5.9,175.5,-598434.2,0.98,19.21,1.0,0
1791059358.26,971493.6,669.3,170.2,102.6,-6.0,175.1,6.0,172.6,-598434.2,0.99,19.82,1.0,0
1791059358.76,971494.1,669.8,167.2,99.6,-6.0,175.1,6.0,169.6,-598434.3,1.01,19.89,1.0,0
1791059359.26,971494.6,670.3,164.2,96.7,-5.8,175.1,5.8,166.5,-598434.3,1.03,18.37,1.0,0
1791059359.76,971495.1,670.8,161.3,93.7,-5.7,175.1,5.7,163.5,-598434.3,1.0,17.93,1.0,0
1791059360.26,971495.6,671.3,158.3,90.8,-6.0,175.1,6.0,160.8,-598434.4,0.93,19.92,1.0,0
1791059360.77,971496.1,671.8,155.4,87.8,-5.9,175.1,5.9,157.7,-598434.4,1.01,19.07,1.0,0
1791059361.27,971496.6,672.3,152.4,84.9,-5.9,175.1,5.9,154.8,-598434.4,0.96,19.43,1.0,0
1791059361.77,971497.1,672.8,149.4,81.9,-6.0,175.1,6.0,151.8,-598434.4,0.99,19.73,1.0,0
1791059362.27,971497.6,673.3,146.5,79.0,-5.8,175.1,5.8,148.8,-598434.5,1.02,18.38,1.0,0
1791059362.77,971498.1,673.8,143.7,76.2,-5.6,175.1,5.6,145.9,-598434.5,1.03,17.1,1.0,0
1791059363.27,971498.6,674.3,140.9,73.3,-5.7,175.1,5.7,143.1,-598434.5,0.97,17.77,1.0,0
1791059363.77,971499.1,674.8,138.1,70.6,-5.5,175.1,5.5,140.2,-598434.6,1.02,16.81,1.0,0
1791059364.27,971499.6,675.3,135.3,67.8,-5.7,175.1,5.7,137.5,-598434.6,0.96,17.87,1.0,0
1791059364.78,971500.1,675.8,132.4,64.8,-5.9,175.1,5.9,134.8,-598434.6,0.94,19.41,1.0,0
1791059365.28,971500.6,676.3,129.4,61.9,-5.9,175.1,5.9,131.8,-598434.7,0.99,18.98,1.0,0
1791059365.78,971501.1,676.9,126.6,59.1,-5.7,175.1,5.7,128.8,-598434.7,1.02,17.93,1.0,0
1791059366.28,971501.6,677.4,123.5,-1.0,-5.8,175.1,5.8,125.9,-598434.7,0.98,18.97,1.0,0
1791059366.78,971502.1,677.9,120.6,53.1,-5.8,175.1,5.8,123.0,-598434.8,1.0,18.79,1.0,0
1791059367.28,971502.6,678.4,117.7,50.2,-5.9,175.1,5.9,120.1,-598434.8,0.98,19.24,1.0,0
1791059367.78,971503.1,678.9,114.8,47.3,-5.7,175.1,5.7,117.1,-598434.8,1.05,17.98,1.0,0
1791059368.29,971503.6,679.4,111.9,44.4,-5.8,175.1,5.8,114.3,-598434.8,0.95,18.98,1.0,0
1791059368.79,971504.1,679.9,109.0,41.4,-5.9,175.1,5.9,111.3,-598434.9,0.99,19.14,1.0,0
1791059369.29,971504.6,680.4,106.1,38.5,-6.0,175.1,6.0,108.5,-598434.9,0.96,19.79,1.0,0
1791059369.79,971505.1,680.9,103.1,35.6,-5.8,175.1,5.8,105.4,-598434.9,1.06,18.56,1.0,0
1791059370.29,971505.6,681.4,100.2,32.7,-5.7,175.1,5.7,102.5,-598435.0,1.01,18.09,1.0,0
1791059370.79,971506.1,681.9,97.4,29.9,-5.6,175.1,5.6,99.6,-598435.0,1.01,17.49,1.0,0
1791059371.29,971506.6,682.4,94.6,27.0,-5.8,175.1,5.8,96.9,-598435.0,0.96,18.44,1.0,0
1791059371.79,971507.2,682.9,91.7,24.1,-5.8,175.1,5.8,94.0,-598435.1,0.99,18.71,1.0,0
1791059372.3,971507.7,683.4,88.6,21.1,-6.0,175.1,6.0,91.1,-598435.1,0.95,19.78,1.0,0
1791059372.8,971508.2,683.9,85.8,18.2,-5.7,175.1,5.7,88.0,-598435.1,1.05,17.91,1.0,0
1791059373.3,971508.7,684.4,82.9,15.3,-5.8,175.1,5.8,85.2,-598435.1,0.95,18.96,1.0,0
1791059373.8,971509.2,684.9,79.9,12.4,-5.9,175.1,5.9,82.3,-598435.2,0.98,19.18,1.0,0
1791059374.3,971509.7,685.4,77.0,9.5,-5.9,175.1,5.9,79.4,-598435.2,0.97,19.56,1.0,0
1791059374.8,971510.2,685.9,74.0,6.5,-5.9,175.1,5.9,76.4,-598435.2,1.0,19.49,1.0,0
1791059375.3,971510.7,686.4,71.1,3.6,-5.8,175.1,5.8,73.4,-598435.3,1.0,18.82,1.0,0
1791059375.8,971511.2,686.9,68.1,0.6,-5.9,175.1,5.9,70.5,-598435.3,0.99,19.23,1.0,0
1791059376.31,971511.7,687.4,67.8,0.3,-0.2,174.8,0.3,68.4,-598438.6,0.52,0.05,1.0,0
1791059376.81,971512.2,687.9,67.9,0.3,-0.1,174.5,0.5,68.4,-598443.2,0.97,0.13,1.0,0
1791059377.31,971512.7,688.4,67.9,0.4,-0.7,174.2,1.1,68.2,-598449.3,0.87,0.64,1.0,0
1791059377.81,971513.2,688.9,67.9,0.3,-0.3,174.9,0.4,67.8,-598436.6,1.15,0.07,1.0,0
1791059378.31,971513.7,689.4,67.8,0.3,0.0,175.0,0.0,67.8,-598435.4,0.98,0.0,1.0,0
1791059378.81,971514.2,689.9,67.8,0.3,-0.0,175.0,0.1,67.8,-598435.0,0.99,0.01,1.0,0
1791059379.31,971514.7,690.4,67.8,0.3,-0.0,174.9,0.0,67.8,-598435.6,1.01,0.0,1.0,0
1791059379.81,971515.2,690.9,67.8,0.3,-0.0,175.0,0.0,67.8,-598435.3,1.0,0.0,1.0,0
1791059380.32,971515.7,691.4,67.8,0.3,0.0,175.0,0.0,67.8,-598435.3,1.0,0.0,1.0,0
1791059380.82,971516.2,691.9,67.8,0.3,0.0,175.0,0.0,67.8,-598435.3,0.99,0.0,1.0,0
1791059381.32,971516.7,692.4,67.8,0.3,0.0,175.0,0.0,67.8,-598435.3,0.99,0.0,1.0,0
1791059381.82,971517.2,692.9,67.8,0.3,0.0,175.0,0.0,67.8,-598435.4,0.99,0.0,1.0,0
1791059382.32,971517.7,693.4,67.8,0.3,0.0,175.0,0.0,67.8,-598435.4,0.99,0.0,1.0,0
1791059382.82,971518.2,693.9,67.8,0.3,0.0,175.0,0.0,67.8,-598435.4,0.99,0.0,1.0,0
1791059383.32,971518.7,694.4,67.8,0.3,0.0,175.0,0.0,67.8,-598435.3,0.99,0.0,1.0,0
1791059383.83,971519.2,694.9,67.8,0.3,0.0,175.0,0.0,67.8,-598435.4,0.99,0.0,1.0,0
1791059384.33,971519.7,695.4,67.8,0.3,0.0,175.0,0.0,67.8,-598435.4,0.99,0.0,1.0,0
1791059384.83,971520.2,695.9,67.8,0.3,0.0,175.0,0.0,67.8,-598435.4,0.99,0.0,1.0,0
1791059385.33,971520.7,696.4,67.8,0.3,0.0,175.0,0.0,67.8,-598435.4,0.99,0.0,1.0,0
1791059385.83,971521.2,696.9,67.8,0.3,0.0,175.0,0.0,67.8,-598435.3,0.99,0.0,1.0,0
1791059386.33,971521.7,697.4,67.8,0.3,0.0,175.0,0.0,67.8,-598435.4,0.99,0.0,1.0,0
1791059386.83,971522.2,697.9,67.8,0.3,0.0,175.0,0.0,67.8,-598435.4,0.99,0.0,1.0,0
1791059387.34,971522.7,698.4,67.8,0.3,0.0,175.0,0.0,67.8,-598435.3,0.99,0.0,1.0,0
1791059387.84,971523.2,698.9,67.8,0.3,0.0,175.0,0.0,67.8,-598435.3,0.99,0.0,1.0,0
1791059388.34,971523.7,699.4,67.8,0.3,0.0,175.0,0.0,67.8,-598435.4,0.99,0.0,1.0,0
1791059388.84,971524.2,699.9,67.8,0.3,0.0,175.0,0.0,67.8,-598435.4,1.0,0.0,1.0,0
1791059389.35,971524.3,700.4,0.0,0.0,0.0,0.0,0.0,0.0,0.0,0.0,0.0,0.0,0
1791059389.86,971524.3,700.9,0.0,0.0,0.0,0.0,0.0,0.0,0.0,0.0,0.0,0.0,0
1791059390.54,971524.3,701.6,0.0,0.0,0.0,0.0,0.0,0.0,0.0,0.0,0.0,0.0,0
1791059391.18,971524.3,702.2,0.0,0.0,0.0,0.0,0.0,0.0,0.0,0.0,0.0,0.0,0
1791059391.68,971524.3,702.8,0.0,0.0,0.0,0.0,0.0,0.0,0.0,0.0,0.0,0.0,0
1791059392.32,971524.3,703.4,0.0,0.0,0.0,0.0,0.0,0.0,0.0,0.0,0.0,0.0,0
1791059392.99,971524.3,704.1,0.0,0.0,0.0,0.0,0.0,0.0,0.0,0.0,0.0,0.0,0
1791059393.49,971524.3,704.6,0.0,0.0,0.0,0.0,0.0,0.0,0.0,0.0,0.0,0.0,0
1791059394.0,971524.3,705.1,0.0,0.0,0.0,0.0,0.0,0.0,0.0,0.0,0.0,0.0,0
1791059394.76,971524.3,705.8,0.0,0.0,0.0,0.0,0.0,0.0,0.0,0.0,0.0,0.0,0
1791059395.59,971524.3,706.7,0.0,0.0,0.0,0.0,0.0,0.0,0.0,0.0,0.0,0.0,0
1791059396.09,971524.3,707.2,0.0,0.0,0.0,0.0,0.0,0.0,0.0,0.0,0.0,0.0,0
1791059396.59,971524.7,707.7,0.0,0.0,0.0,0.0,0.0,0.0,0.0,0.0,0.0,0.0,0
1791059397.1,971525.2,708.2,0.0,0.0,0.0,0.0,0.0,0.0,0.0,0.0,0.0,0.0,0
1791059397.6,971525.7,708.7,0.0,0.0,0.0,0.0,0.0,0.0,0.0,0.0,0.0,0.0,0
1791059398.1,971526.2,709.2,0.0,0.0,0.0,0.0,0.0,0.0,0.0,0.0,0.0,0.0,0
1791059398.6,971526.7,709.7,0.0,0.0,0.0,0.0,0.0,0.0,0.0,0.0,0.0,0.0,0
1791059399.1,971527.2,710.2,0.0,0.0,0.0,0.0,0.0,0.0,0.0,0.0,0.0,0.0,0
1791059399.6,971527.7,710.7,0.0,0.0,0.0,0.0,0.0,0.0,0.0,0.0,0.0,0.0,0
1791059400.11,971528.2,711.2,0.0,0.0,0.0,0.0,0.0,0.0,0.0,0.0,0.0,0.0,0
1791059400.61,971528.7,711.7,0.0,0.0,0.0,0.0,0.0,0.0,0.0,0.0,0.0,0.0,0
1791059401.11,971529.2,712.2,0.0,0.0,0.0,0.0,0.0,0.0,0.0,0.0,0.0,0.0,0
1791059401.61,971529.7,712.7,0.0,0.0,0.0,0.0,0.0,0.0,0.0,0.0,0.0,0.0,0
1791059402.11,971530.2,713.2,0.0,0.0,0.0,0.0,0.0,0.0,0.0,0.0,0.0,0.0,0
1791059402.61,971530.7,713.7,0.0,0.0,0.0,0.0,0.0,0.0,0.0,0.0,0.0,0.0,0
1791059403.12,971530.7,714.2,0.0,0.0,0.0,0.0,0.0,0.0,0.0,0.0,0.0,0.0,0
1791059403.62,971530.7,714.7,0.0,0.0,0.0,0.0,0.0,0.0,0.0,0.0,0.0,0.0,0
1791059404.12,971530.8,715.2,0.0,0.0,0.0,0.0,0.0,0.0,0.0,0.0,0.0,0.0,0
1791059404.62,971531.3,715.7,0.0,0.0,0.0,0.0,0.0,0.0,0.0,0.0,0.0,0.0,0
1791059405.12,971531.8,716.2,0.0,0.0,0.0,0.0,0.0,0.0,0.0,0.0,0.0,0.0,0
1791059405.62,971532.3,716.7,0.0,0.0,0.0,0.0,0.0,0.0,0.0,0.0,0.0,0.0,0
1791059406.13,971532.8,717.2,0.0,0.0,0.0,0.0,0.0,0.0,0.0,0.0,0.0,0.0,0
1791059406.63,971533.3,717.7,0.0,0.0,0.0,0.0,0.0,0.0,0.0,0.0,0.0,0.0,0
1791059407.13,971533.8,718.2,0.0,0.0,0.0,0.0,0.0,0.0,0.0,0.0,0.0,0.0,0
1791059407.63,971534.3,718.7,0.0,0.0,0.0,0.0,0.0,0.0,0.0,0.0,0.0,0.0,0
1791059408.13,971534.8,719.2,0.0,0.0,0.0,0.0,0.0,0.0,0.0,0.0,0.0,0.0,0
1791059408.63,971535.3,719.7,0.0,0.0,0.0,0.0,0.0,0.0,0.0,0.0,0.0,0.0,0
1791059409.14,971535.8,720.2,0.0,0.0,0.0,0.0,0.0,0.0,0.0,0.0,0.0,0.0,0
1791059409.64,971536.3,720.7,0.0,0.0,0.0,0.0,0.0,0.0,0.0,0.0,0.0,0.0,0
1791059410.14,971536.8,721.2,0.0,0.0,0.0,0.0,0.0,0.0,0.0,0.0,0.0,0.0,0
1791059410.64,971537.3,721.7,0.0,0.0,0.0,0.0,0.0,0.0,0.0,0.0,0.0,0.0,0
1791059411.14,971537.8,722.2,0.0,0.0,0.0,0.0,0.0,0.0,0.0,0.0,0.0,0.0,0
1791059411.65,971538.3,722.7,0.0,0.0,0.0,0.0,0.0,0.0,0.0,0.0,0.0,0.0,0
1791059412.15,971538.8,723.2,0.0,0.0,0.0,0.0,0.0,0.0,0.0,0.0,0.0,0.0,0
1791059412.65,971539.3,723.7,0.0,0.0,0.0,0.0,0.0,0.0,0.0,0.0,0.0,0.0,0
1791059413.15,971539.8,724.2,0.0,0.0,0.0,0.0,0.0,0.0,0.0,0.0,0.0,0.0,0
1791059413.65,971540.3,724.7,0.0,0.0,0.0,0.0,0.0,0.0,0.0,0.0,0.0,0.0,0
1791059414.15,971540.8,725.2,0.0,0.0,0.0,0.0,0.0,0.0,0.0,0.0,0.0,0.0,0
1791059414.66,971541.3,725.7,0.0,0.0,0.0,0.0,0.0,0.0,0.0,0.0,0.0,0.0,0
1791059415.16,971541.8,726.2,0.0,0.0,0.0,0.0,0.0,0.0,0.0,0.0,0.0,0.0,0
1791059415.66,971542.3,726.7,0.0,0.0,0.0,0.0,0.0,0.0,0.0,0.0,0.0,0.0,0
1791059416.16,971542.8,727.2,0.0,0.0,0.0,0.0,0.0,0.0,0.0,0.0,0.0,0.0,0
1791059416.66,971543.3,727.7,0.0,0.0,0.0,0.0,0.0,0.0,0.0,0.0,0.0,0.0,0
1791059417.17,971543.8,728.2,0.0,0.0,0.0,0.0,0.0,0.0,0.0,0.0,0.0,0.0,0
1791059417.67,971544.3,728.7,0.0,0.0,0.0,0.0,0.0,0.0,0.0,0.0,0.0,0.0,0
1791059418.17,971544.8,729.2,0.0,0.0,0.0,0.0,0.0,0.0,0.0,0.0,0.0,0.0,0
1791059418.67,971545.3,729.7,0.0,0.0,0.0,0.0,0.0,0.0,0.0,0.0,0.0,0.0,0
1791059419.17,971545.8,730.2,0.0,0.0,0.0,0.0,0.0,0.0,0.0,0.0,0.0,0.0,0
1791059419.67,971546.3,730.7,0.0,0.0,0.0,0.0,0.0,0.0,0.0,0.0,0.0,0.0,0
1791059420.18,971546.7,731.2,0.0,0.0,0.0,0.0,0.0,0.0,0.0,0.0,0.0,0.0,0
1791059420.68,971546.7,731.7,0.0,0.0,0.0,0.0,0.0,0.0,0.0,0.0,0.0,0.0,0
1791059421.18,971546.8,732.3,0.0,0.0,0.0,0.0,0.0,0.0,0.0,0.0,0.0,0.0,0
1791059421.68,971546.8,732.8,0.0,0.0,0.0,0.0,0.0,0.0,0.0,0.0,0.0,0.0,0
1791059422.19,971546.8,733.3,0.0,0.0,0.0,0.0,0.0,0.0,0.0,0.0,0.0,0.0,0
1791059422.69,971546.8,733.8,0.0,0.0,0.0,0.0,0.0,0.0,0.0,0.0,0.0,0.0,0
1791059423.19,971546.8,734.3,0.0,0.0,0.0,0.0,0.0,0.0,0.0,0.0,0.0,0.0,0
1791059423.69,971546.8,734.8,0.0,0.0,0.0,0.0,0.0,0.0,0.0,0.0,0.0,0.0,0
1791059424.19,971546.9,735.3,0.0,0.0,0.0,0.0,0.0,0.0,0.0,0.0,0.0,0.0,0
1791059424.69,971546.9,735.8,0.0,0.0,0.0,0.0,0.0,0.0,0.0,0.0,0.0,0.0,0
1791059425.2,971546.9,736.3,0.0,0.0,0.0,0.0,0.0,0.0,0.0,0.0,0.0,0.0,0
1791059425.7,971546.9,736.8,0.0,0.0,0.0,0.0,0.0,0.0,0.0,0.0,0.0,0.0,0
1791059426.2,971547.0,737.3,0.0,0.0,0.0,0.0,0.0,0.0,0.0,0.0,0.0,0.0,0
1791059426.7,971547.0,737.8,0.0,0.0,0.0,0.0,0.0,0.0,0.0,0.0,0.0,0.0,0
1791059427.2,971547.0,738.3,0.0,0.0,0.0,0.0,0.0,0.0,0.0,0.0,0.0,0.0,0
1791059427.7,971547.0,738.8,0.0,0.0,0.0,0.0,0.0,0.0,0.0,0.0,0.0,0.0,0
1791059428.21,971547.0,739.3,0.0,0.0,0.0,0.0,0.0,0.0,0.0,0.0,0.0,0.0,0
1791059428.71,971547.0,739.8,0.0,0.0,0.0,0.0,0.0,0.0,0.0,0.0,0.0,0.0,0
1791059429.21,971547.1,740.3,0.0,0.0,0.0,0.0,0.0,0.0,0.0,0.0,0.0,0.0,0
1791059429.71,971547.1,740.8,0.0,0.0,0.0,0.0,0.0,0.0,0.0,0.0,0.0,0.0,0
1791059430.21,971547.1,741.3,0.0,0.0,0.0,0.0,0.0,0.0,0.0,0.0,0.0,0.0,0
1791059430.72,971547.1,741.8,0.0,0.0,0.0,0.0,0.0,0.0,0.0,0.0,0.0,0.0,0
1791059431.22,971547.2,742.3,0.0,0.0,0.0,0.0,0.0,0.0,0.0,0.0,0.0,0.0,0
1791059431.72,971547.2,742.8,0.0,0.0,0.0,0.0,0.0,0.0,0.0,0.0,0.0,0.0,0
1791059432.22,971547.2,743.3,0.0,0.0,0.0,0.0,0.0,0.0,0.0,0.0,0.0,0.0,0
1791059432.72,971547.2,743.8,0.0,0.0,0.0,0.0,0.0,0.0,0.0,0.0,0.0,0.0,0
1791059433.22,971547.2,744.3,0.0,0.0,0.0,0.0,0.0,0.0,0.0,0.0,0.0,0.0,0
1791059433.73,971547.2,744.8,0.0,0.0,0.0,0.0,0.0,0.0,0.0,0.0,0.0,0.0,0
1791059434.23,971547.3,745.3,0.0,0.0,0.0,0.0,0.0,0.0,0.0,0.0,0.0,0.0,0
1791059434.73,971547.3,745.8,0.0,0.0,0.0,0.0,0.0,0.0,0.0,0.0,0.0,0.0,0
1791059435.23,971547.3,746.3,0.0,0.0,0.0,0.0,0.0,0.0,0.0,0.0,0.0,0.0,0
1791059435.73,971547.3,746.8,0.0,0.0,0.0,0.0,0.0,0.0,0.0,0.0,0.0,0.0,0
1791059436.24,971547.4,747.3,0.0,0.0,0.0,0.0,0.0,0.0,0.0,0.0,0.0,0.0,0
1791059436.74,971547.4,747.8,0.0,0.0,0.0,0.0,0.0,0.0,0.0,0.0,0.0,0.0,0
1791059437.24,971547.4,748.3,0.0,0.0,0.0,0.0,0.0,0.0,0.0,0.0,0.0,0.0,0
1791059437.74,971547.4,748.8,0.0,0.0,0.0,0.0,0.0,0.0,0.0,0.0,0.0,0.0,0
1791059438.24,971547.4,749.3,0.0,0.0,0.0,0.0,0.0,0.0,0.0,0.0,0.0,0.0,0
1791059438.74,971547.4,749.8,0.0,0.0,0.0,0.0,0.0,0.0,0.0,0.0,0.0,0.0,0
1791059439.25,971547.5,750.3,0.0,0.0,0.0,0.0,0.0,0.0,0.0,0.0,0.0,0.0,0
1791059439.75,971547.5,750.8,0.0,0.0,0.0,0.0,0.0,0.0,0.0,0.0,0.0,0.0,0
1791059440.25,971547.5,751.3,0.0,0.0,0.0,0.0,0.0,0.0,0.0,0.0,0.0,0.0,0
1791059440.75,971547.5,751.8,0.0,0.0,0.0,0.0,0.0,0.0,0.0,0.0,0.0,0.0,0
1791059441.25,971547.6,752.3,0.0,0.0,0.0,0.0,0.0,0.0,0.0,0.0,0.0,0.0,0
1791059441.75,971547.6,752.8,0.0,0.0,0.0,0.0,0.0,0.0,0.0,0.0,0.0,0.0,0
1791059442.26,971547.6,753.3,0.0,0.0,0.0,0.0,0.0,0.0,0.0,0.0,0.0,0.0,0
1791059442.76,971547.6,753.8,0.0,0.0,0.0,0.0,0.0,0.0,0.0,0.0,0.0,0.0,0
1791059443.26,971547.6,754.3,0.0,0.0,0.0,0.0,0.0,0.0,0.0,0.0,0.0,0.0,0
1791059443.76,971547.6,754.8,0.0,0.0,0.0,0.0,0.0,0.0,0.0,0.0,0.0,0.0,0
1791059444.26,971547.7,755.3,0.0,0.0,0.0,0.0,0.0,0.0,0.0,0.0,0.0,0.0,0
1791059444.76,971547.7,755.8,0.0,0.0,0.0,0.0,0.0,0.0,0.0,0.0,0.0,0.0,0
1791059445.27,971547.7,756.3,0.0,0.0,0.0,0.0,0.0,0.0,0.0,0.0,0.0,0.0,0
1791059445.77,971547.7,756.8,0.0,0.0,0.0,0.0,0.0,0.0,0.0,0.0,0.0,0.0,0
1791059446.27,971547.8,757.3,0.0,0.0,0.0,0.0,0.0,0.0,0.0,0.0,0.0,0.0,0
1791059446.77,971547.8,757.8,0.0,0.0,0.0,0.0,0.0,0.0,0.0,0.0,0.0,0.0,0
1791059447.27,971547.8,758.3,0.0,0.0,0.0,0.0,0.0,0.0,0.0,0.0,0.0,0.0,0
1791059447.78,971547.8,758.8,0.0,0.0,0.0,0.0,0.0,0.0,0.0,0.0,0.0,0.0,0
1791059448.28,971547.8,759.3,0.0,0.0,0.0,0.0,0.0,0.0,0.0,0.0,0.0,0.0,0
1791059448.78,971547.8,759.9,0.0,0.0,0.0,0.0,0.0,0.0,0.0,0.0,0.0,0.0,0
1791059449.28,971547.9,760.4,0.0,0.0,0.0,0.0,0.0,0.0,0.0,0.0,0.0,0.0,0
1791059449.78,971547.9,760.9,0.0,0.0,0.0,0.0,0.0,0.0,0.0,0.0,0.0,0.0,0
1791059450.28,971547.9,761.4,0.0,0.0,0.0,0.0,0.0,0.0,0.0,0.0,0.0,0.0,0
1791059450.79,971547.9,761.9,0.0,0.0,0.0,0.0,0.0,0.0,0.0,0.0,0.0,0.0,0
1791059451.29,971548.0,762.4,0.0,0.0,0.0,0.0,0.0,0.0,0.0,0.0,0.0,0.0,0
1791059451.79,971548.0,762.9,0.0,0.0,0.0,0.0,0.0,0.0,0.0,0.0,0.0,0.0,0
1791059452.29,971548.0,763.4,0.0,0.0,0.0,0.0,0.0,0.0,0.0,0.0,0.0,0.0,0
1791059452.79,971548.0,763.9,0.0,0.0,0.0,0.0,0.0,0.0,0.0,0.0,0.0,0.0,0
1791059453.3,971548.0,764.4,0.0,0.0,0.0,0.0,0.0,0.0,0.0,0.0,0.0,0.0,0
1791059453.8,971548.0,764.9,0.0,0.0,0.0,0.0,0.0,0.0,0.0,0.0,0.0,0.0,0
1791059454.3,971548.0,765.4,0.0,0.0,0.0,0.0,0.0,0.0,0.0,0.0,0.0,0.0,0
1791059454.8,971548.1,765.9,0.0,0.0,0.0,0.0,0.0,0.0,0.0,0.0,0.0,0.0,0
1791059455.3,971548.1,766.4,0.0,0.0,0.0,0.0,0.0,0.0,0.0,0.0,0.0,0.0,0
1791059455.8,971548.1,766.9,0.0,0.0,0.0,0.0,0.0,0.0,0.0,0.0,0.0,0.0,0
1791059456.31,971548.1,767.4,0.0,0.0,0.0,0.0,0.0,0.0,0.0,0.0,0.0,0.0,0
1791059456.81,971548.2,767.9,0.0,0.0,0.0,0.0,0.0,0.0,0.0,0.0,0.0,0.0,0
1791059457.31,971548.2,768.4,0.0,0.0,0.0,0.0,0.0,0.0,0.0,0.0,0.0,0.0,0
1791059457.81,971548.2,768.9,0.0,0.0,0.0,0.0,0.0,0.0,0.0,0.0,0.0,0.0,0
1791059458.31,971548.2,769.4,0.0,0.0,0.0,0.0,0.0,0.0,0.0,0.0,0.0,0.0,0
1791059458.81,971548.2,769.9,0.0,0.0,0.0,0.0,0.0,0.0,0.0,0.0,0.0,0.0,0
1791059459.32,971548.2,770.4,0.0,0.0,0.0,0.0,0.0,0.0,0.0,0.0,0.0,0.0,0
1791059459.82,971548.3,770.9,0.0,0.0,0.0,0.0,0.0,0.0,0.0,0.0,0.0,0.0,0
1791059460.32,971548.3,771.4,0.0,0.0,0.0,0.0,0.0,0.0,0.0,0.0,0.0,0.0,0
1791059460.82,971548.3,771.9,0.0,0.0,0.0,0.0,0.0,0.0,0.0,0.0,0.0,0.0,0
1791059461.32,971548.3,772.4,0.0,0.0,0.0,0.0,0.0,0.0,0.0,0.0,0.0,0.0,0
1791059461.83,971548.4,772.9,0.0,0.0,0.0,0.0,0.0,0.0,0.0,0.0,0.0,0.0,0
1791059462.33,971548.4,773.4,0.0,0.0,0.0,0.0,0.0,0.0,0.0,0.0,0.0,0.0,0
1791059462.83,971548.4,773.9,0.0,0.0,0.0,0.0,0.0,0.0,0.0,0.0,0.0,0.0,0
1791059463.33,971548.4,774.4,0.0,0.0,0.0,0.0,0.0,0.0,0.0,0.0,0.0,0.0,0
1791059463.83,971548.4,774.9,0.0,0.0,0.0,0.0,0.0,0.0,0.0,0.0,0.0,0.0,0
1791059464.33,971548.4,775.4,0.0,0.0,0.0,0.0,0.0,0.0,0.0,0.0,0.0,0.0,0
1791059464.84,971548.5,775.9,0.0,0.0,0.0,0.0,0.0,0.0,0.0,0.0,0.0,0.0,0
1791059465.34,971548.5,776.4,0.0,0.0,0.0,0.0,0.0,0.0,0.0,0.0,0.0,0.0,0
1791059465.84,971548.5,776.9,0.0,0.0,0.0,0.0,0.0,0.0,0.0,0.0,0.0,0.0,0
1791059466.34,971548.5,777.4,0.0,0.0,0.0,0.0,0.0,0.0,0.0,0.0,0.0,0.0,0
