timestamp,UT,MET,altitude,radar_alt,vert_speed,orbital_vel,surface_vel,pitch,heading,roll,angle_prograde,dynamic_pressure,atmospheric_density,atmospheric_pressure_pa,g_force,apoapsis,periapsis,semi_major_axis,eccentricity,inclination,period,latitude,longitude,throttle,stage,solid_fuel,liquid_fuel,oxidizer,electric_charge,electric_charge_max,temp_ambient,temp_core,temp_skin,temp_sensor
1791662977.33,3414353.6,0.0,85.4,12.9,0.0,0.0,0.0,89.97,0.36,0.0,90.0,0.0,1212.471658,100049.1,0.0,-600000.0,-600000.0,0.0,0.0,0.0,0.0,-0.09723,-74.55767,0.0,0,-1.0,-1.0,-1.0,-1.0,-1.0,0.0,0.0,0.0,0.0
1791662977.83,3414353.6,0.5,85.4,12.9,0.0,0.0,0.0,89.97,0.36,0.0,90.0,0.0,1212.471658,100049.1,0.0,-600000.0,-600000.0,0.0,0.0,0.0,0.0,-0.09723,-74.55767,0.0,0,-1.0,-1.0,-1.0,-1.0,-1.0,0.0,0.0,0.0,0.0
1791662978.33,3414353.6,1.0,85.4,12.9,0.0,0.0,0.0,89.97,0.36,0.0,90.0,0.0,1212.471658,100049.1,0.0,-600000.0,-600000.0,0.0,0.0,0.0,0.0,-0.09723,-74.55767,0.0,0,-1.0,-1.0,-1.0,-1.0,-1.0,0.0,0.0,0.0,0.0
1791662978.83,3414353.6,1.5,85.4,12.9,0.0,0.0,0.0,89.97,0.36,0.0,90.0,0.0,1212.471658,100049.1,0.0,-600000.0,-600000.0,0.0,0.0,0.0,0.0,-0.09723,-74.55767,0.0,0,-1.0,-1.0,-1.0,-1.0,-1.0,0.0,0.0,0.0,0.0
1791662979.34,3414353.6,2.0,85.4,12.9,0.0,0.0,0.0,89.97,0.36,0.0,90.0,0.0,1212.471658,100049.1,0.0,85.4,-600000.0,300042.7,1.0,90.097,549.5,-0.09723,-74.55767,0.0,0,-1.0,-1.0,-1.0,-1.0,-1.0,0.0,0.0,0.0,0.0
1791662979.84,3414353.6,2.5,85.4,12.9,-0.0,175.0,0.0,89.97,0.36,0.0,228.57,0.0,1212.471658,100049.1,0.0,85.4,-598435.2,300825.1,0.9948,0.097,551.7,-0.09723,-74.55767,0.0,0,-1.0,-1.0,-1.0,-1.0,-1.0,0.0,0.0,0.0,0.0
1791662980.34,3414353.7,3.0,85.4,12.9,-0.0,175.0,0.0,89.97,0.36,0.0,228.57,0.0,1212.471658,100049.1,0.0,78.3,-598435.2,300821.5,0.9948,0.097,551.6,-0.09723,-74.55767,0.0,0,-1.0,-1.0,-1.0,-1.0,-1.0,0.0,0.0,0.0,0.0
1791662980.84,3414353.8,3.5,85.4,12.9,0.0,175.0,0.0,89.97,0.36,0.0,228.57,0.0,1212.471658,100049.1,0.0,78.3,-598435.2,300821.5,0.9948,0.097,551.6,-0.09723,-74.55767,0.0,0,-1.0,-1.0,-1.0,-1.0,-1.0,0.0,0.0,0.0,0.0
1791662981.34,3414354.2,4.0,85.4,12.9,0.0,175.0,0.0,89.97,0.36,0.0,228.56,0.0,1212.471658,100049.1,0.0,78.3,-598435.2,300821.5,0.9948,0.097,551.6,-0.09723,-74.55767,0.0,0,-1.0,-1.0,-1.0,-1.0,-1.0,0.0,0.0,0.0,0.0
1791662981.85,3414354.7,4.5,85.4,12.9,0.0,175.0,0.0,89.97,0.36,0.0,228.55,0.0,1212.471658,100049.1,0.0,78.3,-598435.2,300821.5,0.9948,0.097,551.6,-0.09723,-74.55767,0.0,0,-1.0,-1.0,-1.0,-1.0,-1.0,0.0,0.0,0.0,0.0
1791662982.35,3414355.2,5.0,85.4,12.9,-0.0,175.0,0.0,89.97,0.36,0.0,228.55,0.0,1212.47175,100049.1,0.0,78.3,-598435.2,300821.5,0.9948,0.097,551.6,-0.09723,-74.55767,0.0,0,-1.0,-1.0,-1.0,-1.0,-1.0,0.0,0.0,0.0,0.0
1791662982.85,3414355.7,5.5,85.4,12.9,0.0,175.0,0.0,89.96,0.36,0.0,228.54,0.0,1212.471843,100049.1,0.99,78.3,-598435.2,300821.5,0.9948,0.097,551.6,-0.09723,-74.55767,0.0,0,-1.0,-1.0,-1.0,-1.0,-1.0,0.0,0.0,0.0,0.0
1791662983.36,3414356.2,6.0,85.4,12.9,0.0,175.0,0.0,89.96,0.36,0.0,228.53,0.0,1212.471843,100049.1,0.99,78.3,-598435.2,300821.5,0.9948,0.097,551.6,-0.09723,-74.55767,0.0,0,-1.0,-1.0,-1.0,-1.0,-1.0,0.0,0.0,0.0,0.0
1791662983.86,3414356.7,6.5,85.4,12.9,0.0,175.0,0.0,89.96,0.36,0.0,228.52,0.0,1212.471843,100049.1,0.99,78.3,-598435.2,300821.5,0.9948,0.097,551.6,-0.09723,-74.55767,0.0,0,-1.0,-1.0,-1.0,-1.0,-1.0,0.0,0.0,0.0,0.0
1791662984.36,3414357.2,7.0,85.4,12.9,0.0,175.0,0.0,89.97,0.36,0.0,228.51,0.0,1212.471843,100049.1,0.99,78.3,-598435.2,300821.5,0.9948,0.097,551.6,-0.09723,-74.55767,0.0,0,-1.0,-1.0,-1.0,-1.0,-1.0,0.0,0.0,0.0,0.0
1791662984.86,3414357.7,7.5,85.4,12.9,0.0,175.0,0.0,89.97,0.36,0.0,228.51,0.0,1212.471843,100049.1,0.99,78.3,-598435.2,300821.5,0.9948,0.097,551.6,-0.09723,-74.55767,0.0,0,-1.0,-1.0,-1.0,-1.0,-1.0,0.0,0.0,0.0,0.0
1791662985.36,3414358.2,8.0,85.4,12.9,0.0,175.0,0.0,89.97,0.36,0.0,228.5,0.0,1212.471843,100049.1,0.99,78.3,-598435.2,300821.5,0.9948,0.097,551.6,-0.09723,-74.55767,0.0,0,-1.0,-1.0,-1.0,-1.0,-1.0,0.0,0.0,0.0,0.0
1791662985.87,3414358.7,8.5,85.4,12.9,0.0,175.0,0.0,89.96,0.36,0.0,228.49,0.0,1212.471843,100049.1,0.99,78.3,-598435.2,300821.5,0.9948,0.097,551.6,-0.09723,-74.55767,0.0,0,-1.0,-1.0,-1.0,-1.0,-1.0,0.0,0.0,0.0,0.0
1791662986.37,3414359.2,9.0,85.4,12.9,0.0,175.0,0.0,89.96,0.36,0.0,228.48,0.0,1212.471843,100049.1,0.99,78.3,-598435.2,300821.5,0.9948,0.097,551.6,-0.09723,-74.55767,0.0,0,-1.0,-1.0,-1.0,-1.0,-1.0,0.0,0.0,0.0,0.0
1791662986.87,3414359.7,9.5,85.4,12.9,0.0,175.0,0.0,89.96,0.36,0.0,228.47,0.0,1212.471843,100049.1,0.99,78.3,-598435.2,300821.5,0.9948,0.097,551.6,-0.09723,-74.55767,0.0,0,-1.0,-1.0,-1.0,-1.0,-1.0,0.0,0.0,0.0,0.0
1791662987.37,3414360.2,10.0,85.4,12.9,0.0,175.0,0.0,89.96,0.36,0.0,228.46,0.0,1212.471843,100049.1,0.99,78.3,-598435.2,300821.5,0.9948,0.097,551.6,-0.09723,-74.55767,0.0,0,-1.0,-1.0,-1.0,-1.0,-1.0,0.0,0.0,0.0,0.0
1791662987.87,3414360.7,10.5,85.4,12.9,0.0,175.0,0.0,89.96,0.36,0.0,228.46,0.0,1212.471843,100049.1,0.99,78.3,-598435.2,300821.5,0.9948,0.097,551.6,-0.09723,-74.55767,0.0,0,-1.0,-1.0,-1.0,-1.0,-1.0,0.0,0.0,0.0,0.0
1791662988.38,3414361.2,11.0,85.4,12.9,0.0,175.0,0.0,89.97,0.36,0.0,228.45,0.0,1212.471843,100049.1,0.99,78.3,-598435.2,300821.5,0.9948,0.097,551.6,-0.09723,-74.55767,0.0,0,-1.0,-1.0,-1.0,-1.0,-1.0,0.0,0.0,0.0,0.0
1791662988.88,3414361.7,11.5,85.4,12.9,0.0,175.0,0.0,89.97,0.36,0.0,228.44,0.0,1212.471843,100049.1,0.99,78.3,-598435.2,300821.5,0.9948,0.097,551.6,-0.09723,-74.55767,0.0,0,-1.0,-1.0,-1.0,-1.0,-1.0,0.0,0.0,0.0,0.0
1791662989.38,3414362.2,12.0,85.4,12.9,0.0,175.0,0.0,89.96,0.36,0.0,228.43,0.0,1212.471843,100049.1,0.99,78.3,-598435.2,300821.5,0.9948,0.097,551.6,-0.09723,-74.55767,0.0,0,-1.0,-1.0,-1.0,-1.0,-1.0,0.0,0.0,0.0,0.0
1791662989.88,3414362.7,12.6,85.4,12.9,0.0,175.0,0.0,89.96,0.36,0.0,228.42,0.0,1212.471843,100049.1,0.99,78.3,-598435.2,300821.5,0.9948,0.097,551.6,-0.09723,-74.55767,0.0,0,-1.0,-1.0,-1.0,-1.0,-1.0,0.0,0.0,0.0,0.0
1791662990.39,3414363.2,13.1,85.4,12.9,0.0,175.0,0.0,89.96,0.36,0.0,228.41,0.0,1212.471843,100049.1,0.99,78.3,-598435.2,300821.5,0.9948,0.097,551.6,-0.09723,-74.55767,0.0,0,-1.0,-1.0,-1.0,-1.0,-1.0,0.0,0.0,0.0,0.0
1791662990.89,3414363.7,13.6,85.4,12.9,0.0,175.0,0.0,89.96,0.36,0.0,228.4,0.0,1212.471843,100049.1,0.99,78.3,-598435.2,300821.5,0.9948,0.097,551.6,-0.09723,-74.55767,0.0,0,-1.0,-1.0,-1.0,-1.0,-1.0,0.0,0.0,0.0,0.0
1791662991.39,3414364.2,14.1,85.4,12.9,0.0,175.0,0.0,89.96,0.36,0.0,228.4,0.0,1212.471843,100049.1,0.99,78.3,-598435.2,300821.5,0.9948,0.097,551.6,-0.09723,-74.55767,0.0,0,-1.0,-1.0,-1.0,-1.0,-1.0,0.0,0.0,0.0,0.0
1791662991.89,3414364.7,14.6,85.4,12.9,0.0,175.0,0.0,89.97,0.36,0.0,228.39,0.0,1212.471843,100049.1,0.99,78.3,-598435.2,300821.5,0.9948,0.097,551.6,-0.09723,-74.55767,0.0,0,-1.0,-1.0,-1.0,-1.0,-1.0,0.0,0.0,0.0,0.0
1791662992.39,3414365.2,15.1,85.4,12.9,0.0,175.0,0.0,89.96,0.36,0.0,228.38,0.0,1212.471843,100049.1,0.99,78.3,-598435.2,300821.5,0.9948,0.097,551.6,-0.09723,-74.55767,0.0,0,-1.0,-1.0,-1.0,-1.0,-1.0,0.0,0.0,0.0,0.0
1791662992.9,3414365.7,15.6,85.4,12.9,0.0,175.0,0.0,89.96,0.36,0.0,228.37,0.0,1212.471843,100049.1,0.99,78.3,-598435.2,300821.5,0.9948,0.097,551.6,-0.09723,-74.55767,0.0,0,-1.0,-1.0,-1.0,-1.0,-1.0,0.0,0.0,0.0,0.0
1791662993.4,3414366.1,16.1,85.4,12.9,0.0,175.0,0.0,89.96,0.36,0.0,228.36,0.0,1212.471843,100049.1,0.99,78.3,-598435.2,300821.5,0.9948,0.097,551.6,-0.09723,-74.55767,0.0,0,-1.0,-1.0,-1.0,-1.0,-1.0,0.0,0.0,0.0,0.0
1791662993.9,3414366.7,16.6,85.4,12.9,0.0,175.0,0.0,89.96,0.36,0.0,228.36,0.0,1212.471843,100049.1,0.99,78.3,-598435.2,300821.5,0.9948,0.097,551.6,-0.09723,-74.55767,0.0,0,-1.0,-1.0,-1.0,-1.0,-1.0,0.0,0.0,0.0,0.0
1791662994.4,3414367.2,17.1,85.4,12.9,0.0,175.0,0.0,89.97,0.36,0.0,228.35,0.0,1212.471843,100049.1,0.99,78.3,-598435.2,300821.5,0.9948,0.097,551.6,-0.09723,-74.55767,0.0,0,-1.0,-1.0,-1.0,-1.0,-1.0,0.0,0.0,0.0,0.0
1791662994.9,3414367.7,17.6,85.4,12.9,0.0,175.0,0.0,89.96,0.36,0.0,228.34,0.0,1212.471843,100049.1,0.99,78.3,-598435.2,300821.5,0.9948,0.097,551.6,-0.09723,-74.55767,0.0,0,-1.0,-1.0,-1.0,-1.0,-1.0,0.0,0.0,0.0,0.0
1791662995.41,3414368.2,18.1,85.4,12.9,0.0,175.0,0.0,89.97,0.36,0.0,228.33,0.0,1212.471843,100049.1,0.99,78.3,-598435.2,300821.5,0.9948,0.097,551.6,-0.09723,-74.55767,0.0,0,-1.0,-1.0,-1.0,-1.0,-1.0,0.0,0.0,0.0,0.0
1791662995.91,3414368.7,18.6,85.4,12.9,0.0,175.0,0.0,89.96,0.36,0.0,228.32,0.0,1212.471843,100049.1,0.99,78.3,-598435.2,300821.5,0.9948,0.097,551.6,-0.09723,-74.55767,0.0,0,-1.0,-1.0,-1.0,-1.0,-1.0,0.0,0.0,0.0,0.0
1791662996.41,3414369.2,19.1,85.4,12.9,0.0,175.0,0.0,89.96,0.36,0.0,228.31,0.0,1212.471843,100049.1,0.99,78.3,-598435.2,300821.5,0.9948,0.097,551.6,-0.09723,-74.55767,0.0,0,-1.0,-1.0,-1.0,-1.0,-1.0,0.0,0.0,0.0,0.0
1791662996.91,3414369.7,19.6,85.4,12.9,0.0,175.0,0.0,89.97,0.36,0.0,228.31,0.0,1212.471843,100049.1,0.99,78.3,-598435.2,300821.5,0.9948,0.097,551.6,-0.09723,-74.55767,0.0,0,-1.0,-1.0,-1.0,-1.0,-1.0,0.0,0.0,0.0,0.0
1791662997.41,3414370.2,20.1,85.4,12.9,0.0,175.0,0.0,89.96,0.36,0.0,228.3,0.0,1212.471843,100049.1,0.99,78.3,-598435.2,300821.5,0.9948,0.097,551.6,-0.09723,-74.55767,0.0,0,-1.0,-1.0,-1.0,-1.0,-1.0,0.0,0.0,0.0,0.0
1791662997.91,3414370.7,20.6,85.4,12.9,0.0,175.0,0.0,89.96,0.36,0.0,228.29,0.0,1212.471843,100049.1,0.99,78.3,-598435.2,300821.5,0.9948,0.097,551.6,-0.09723,-74.55767,0.0,0,-1.0,-1.0,-1.0,-1.0,-1.0,0.0,0.0,0.0,0.0
1791662998.42,3414371.2,21.1,85.4,12.9,0.0,175.0,0.0,89.97,0.36,0.0,228.28,0.0,1212.471843,100049.1,0.99,78.3,-598435.2,300821.5,0.9948,0.097,551.6,-0.09723,-74.55767,0.0,0,-1.0,-1.0,-1.0,-1.0,-1.0,0.0,0.0,0.0,0.0
1791662998.92,3414371.7,21.6,85.4,12.9,0.0,175.0,0.0,89.96,0.36,0.0,228.27,0.0,1212.471843,100049.1,0.99,78.3,-598435.2,300821.5,0.9948,0.097,551.6,-0.09723,-74.55767,0.0,0,-1.0,-1.0,-1.0,-1.0,-1.0,0.0,0.0,0.0,0.0
1791662999.42,3414372.2,22.1,85.4,12.9,0.0,175.0,0.0,89.96,0.36,0.0,228.26,0.0,1212.471843,100049.1,0.99,78.3,-598435.2,300821.5,0.9948,0.097,551.6,-0.09723,-74.55767,0.0,0,-1.0,-1.0,-1.0,-1.0,-1.0,0.0,0.0,0.0,0.0
1791662999.93,3414372.7,22.6,85.4,12.9,0.0,175.0,0.0,89.96,0.36,0.0,228.26,0.0,1212.471843,100049.1,0.99,78.3,-598435.2,300821.5,0.9948,0.097,551.6,-0.09723,-74.55767,0.0,0,-1.0,-1.0,-1.0,-1.0,-1.0,0.0,0.0,0.0,0.0
1791663000.43,3414373.2,23.1,85.4,12.9,0.0,175.0,0.0,89.96,0.36,0.0,228.25,0.0,1212.471843,100049.1,0.99,78.3,-598435.2,300821.5,0.9948,0.097,551.6,-0.09723,-74.55767,0.0,0,-1.0,-1.0,-1.0,-1.0,-1.0,0.0,0.0,0.0,0.0
1791663000.93,3414373.7,23.6,85.4,12.9,0.0,175.0,0.0,89.97,0.36,0.0,228.24,0.0,1212.471843,100049.1,0.99,78.3,-598435.2,300821.5,0.9948,0.097,551.6,-0.09723,-74.55767,0.0,0,-1.0,-1.0,-1.0,-1.0,-1.0,0.0,0.0,0.0,0.0
1791663001.43,3414374.2,24.1,85.4,12.9,0.0,175.0,0.0,89.96,0.36,0.0,228.23,0.0,1212.471843,100049.1,0.99,78.3,-598435.2,300821.5,0.9948,0.097,551.6,-0.09723,-74.55767,0.0,0,-1.0,-1.0,-1.0,-1.0,-1.0,0.0,0.0,0.0,0.0
1791663001.93,3414374.7,24.6,85.4,12.9,0.0,175.0,0.0,89.96,0.36,0.0,228.22,0.0,1212.471843,100049.1,0.99,78.3,-598435.2,300821.5,0.9948,0.097,551.6,-0.09723,-74.55767,0.0,0,-1.0,-1.0,-1.0,-1.0,-1.0,0.0,0.0,0.0,0.0
1791663002.43,3414375.2,25.1,85.4,12.9,0.0,175.0,0.0,89.96,0.36,0.0,228.21,0.0,1212.471843,100049.1,0.99,78.3,-598435.2,300821.5,0.9948,0.097,551.6,-0.09723,-74.55767,0.0,0,-1.0,-1.0,-1.0,-1.0,-1.0,0.0,0.0,0.0,0.0
1791663002.94,3414375.7,25.6,85.4,12.9,0.0,175.0,0.0,89.96,0.36,0.0,228.21,0.0,1212.471843,100049.1,0.99,78.3,-598435.2,300821.5,0.9948,0.097,551.6,-0.09723,-74.55767,0.0,0,-1.0,-1.0,-1.0,-1.0,-1.0,0.0,0.0,0.0,0.0
1791663003.44,3414376.1,26.1,85.4,12.9,0.0,175.0,0.0,89.96,0.36,0.0,228.2,0.0,1212.471843,100049.1,0.99,78.3,-598435.2,300821.5,0.9948,0.097,551.6,-0.09723,-74.55767,0.0,0,-1.0,-1.0,-1.0,-1.0,-1.0,0.0,0.0,0.0,0.0
1791663003.94,3414376.6,26.6,85.4,12.9,0.0,175.0,0.0,89.96,0.36,0.0,228.19,0.0,1212.471843,100049.1,0.99,78.3,-598435.2,300821.5,0.9948,0.097,551.6,-0.09723,-74.55767,0.0,0,-1.0,-1.0,-1.0,-1.0,-1.0,0.0,0.0,0.0,0.0
1791663004.44,3414377.1,27.1,85.4,12.9,0.0,175.0,0.0,89.97,0.36,0.0,228.18,0.0,1212.471843,100049.1,0.99,78.3,-598435.2,300821.5,0.9948,0.097,551.6,-0.09723,-74.55767,0.0,0,-1.0,-1.0,-1.0,-1.0,-1.0,0.0,0.0,0.0,0.0
1791663004.94,3414377.6,27.6,85.4,12.9,0.0,175.0,0.0,89.96,0.36,0.0,228.17,0.0,1212.471843,100049.1,0.99,78.3,-598435.2,300821.5,0.9948,0.097,551.6,-0.09723,-74.55767,0.0,0,-1.0,-1.0,-1.0,-1.0,-1.0,0.0,0.0,0.0,0.0
1791663005.44,3414378.1,28.1,85.4,12.9,0.0,175.0,0.0,89.96,0.36,0.0,228.16,0.0,1212.471843,100049.1,0.99,78.3,-598435.2,300821.5,0.9948,0.097,551.6,-0.09723,-74.55767,0.0,0,-1.0,-1.0,-1.0,-1.0,-1.0,0.0,0.0,0.0,0.0
1791663005.95,3414378.6,28.6,85.4,12.9,0.0,175.0,0.0,89.96,0.36,0.0,228.16,0.0,1212.471843,100049.1,0.99,78.3,-598435.2,300821.5,0.9948,0.097,551.6,-0.09723,-74.55767,0.0,0,-1.0,-1.0,-1.0,-1.0,-1.0,0.0,0.0,0.0,0.0
1791663006.45,3414379.1,29.1,85.4,12.9,0.0,175.0,0.0,89.96,0.36,0.0,228.15,0.0,1212.471843,100049.1,0.99,78.3,-598435.2,300821.5,0.9948,0.097,551.6,-0.09723,-74.55767,0.0,0,-1.0,-1.0,-1.0,-1.0,-1.0,0.0,0.0,0.0,0.0
1791663006.95,3414379.6,29.6,85.4,12.9,0.0,175.0,0.0,89.96,0.36,0.0,228.14,0.0,1212.471843,100049.1,0.99,78.3,-598435.2,300821.5,0.9948,0.097,551.6,-0.09723,-74.55767,0.0,0,-1.0,-1.0,-1.0,-1.0,-1.0,0.0,0.0,0.0,0.0
1791663007.45,3414380.1,30.1,85.4,12.9,0.0,175.0,0.0,89.97,0.36,0.0,228.13,0.0,1212.471843,100049.1,0.99,78.3,-598435.2,300821.5,0.9948,0.097,551.6,-0.09723,-74.55767,0.0,0,-1.0,-1.0,-1.0,-1.0,-1.0,0.0,0.0,0.0,0.0
1791663007.96,3414380.6,30.6,85.4,12.9,0.0,175.0,0.0,89.96,0.36,0.0,228.12,0.0,1212.471843,100049.1,0.99,78.3,-598435.2,300821.5,0.9948,0.097,551.6,-0.09723,-74.55767,0.0,0,-1.0,-1.0,-1.0,-1.0,-1.0,0.0,0.0,0.0,0.0
1791663008.46,3414381.1,31.1,85.4,12.9,0.0,175.0,0.0,89.96,0.36,0.0,228.11,0.0,1212.471843,100049.1,0.99,78.3,-598435.2,300821.5,0.9948,0.097,551.6,-0.09723,-74.55767,0.0,0,-1.0,-1.0,-1.0,-1.0,-1.0,0.0,0.0,0.0,0.0
1791663008.96,3414381.6,31.6,85.4,12.9,0.0,175.0,0.0,89.97,0.36,0.0,228.11,0.0,1212.471843,100049.1,0.99,78.3,-598435.2,300821.5,0.9948,0.097,551.6,-0.09723,-74.55767,0.0,0,-1.0,-1.0,-1.0,-1.0,-1.0,0.0,0.0,0.0,0.0
1791663009.46,3414382.1,32.1,85.4,12.9,0.0,175.0,0.0,89.96,0.36,0.0,228.1,0.0,1212.471843,100049.1,0.99,78.3,-598435.2,300821.5,0.9948,0.097,551.6,-0.09723,-74.55767,0.0,0,-1.0,-1.0,-1.0,-1.0,-1.0,0.0,0.0,0.0,0.0
1791663009.96,3414382.6,32.6,85.4,12.9,0.0,175.0,0.0,89.96,0.36,0.0,228.09,0.0,1212.471843,100049.1,0.99,78.3,-598435.2,300821.5,0.9948,0.097,551.6,-0.09723,-74.55767,0.0,0,-1.0,-1.0,-1.0,-1.0,-1.0,0.0,0.0,0.0,0.0
1791663010.46,3414383.2,33.1,85.4,12.9,0.0,175.0,0.0,89.96,0.36,0.0,228.08,0.0,1212.471843,100049.1,0.99,78.3,-598435.2,300821.5,0.9948,0.097,551.6,-0.09723,-74.55767,0.0,0,-1.0,-1.0,-1.0,-1.0,-1.0,0.0,0.0,0.0,0.0
1791663010.97,3414383.7,33.6,85.4,12.9,0.0,175.0,0.0,89.96,0.36,0.0,228.07,0.0,1212.471843,100049.1,0.99,78.3,-598435.2,300821.5,0.9948,0.097,551.6,-0.09723,-74.55767,0.0,0,-1.0,-1.0,-1.0,-1.0,-1.0,0.0,0.0,0.0,0.0
1791663011.47,3414384.2,34.1,85.4,12.9,0.0,175.0,0.0,89.96,0.36,0.0,228.06,0.0,1212.471843,100049.1,0.99,78.3,-598435.2,300821.5,0.9948,0.097,551.6,-0.09723,-74.55767,0.0,0,-1.0,-1.0,-1.0,-1.0,-1.0,0.0,0.0,0.0,0.0
1791663011.97,3414384.7,34.6,85.4,12.9,0.0,175.0,0.0,89.97,0.36,0.0,228.06,0.0,1212.471843,100049.1,0.99,78.3,-598435.2,300821.5,0.9948,0.097,551.6,-0.09723,-74.55767,0.0,0,-1.0,-1.0,-1.0,-1.0,-1.0,0.0,0.0,0.0,0.0
1791663012.47,3414385.2,35.1,85.4,12.9,0.0,175.0,0.0,89.97,0.36,0.0,228.05,0.0,1212.471843,100049.1,0.99,78.3,-598435.2,300821.5,0.9948,0.097,551.6,-0.09723,-74.55767,0.0,0,-1.0,-1.0,-1.0,-1.0,-1.0,0.0,0.0,0.0,0.0
1791663012.98,3414385.7,35.6,85.4,12.9,0.0,175.0,0.0,89.96,0.36,0.0,228.04,0.0,1212.471843,100049.1,0.99,78.3,-598435.2,300821.5,0.9948,0.097,551.6,-0.09723,-74.55767,0.0,0,-1.0,-1.0,-1.0,-1.0,-1.0,0.0,0.0,0.0,0.0
1791663013.48,3414386.1,36.1,85.4,12.9,0.0,175.0,0.0,89.96,0.36,0.0,228.03,0.0,1212.471843,100049.1,0.99,78.3,-598435.2,300821.5,0.9948,0.097,551.6,-0.09723,-74.55767,0.0,0,-1.0,-1.0,-1.0,-1.0,-1.0,0.0,0.0,0.0,0.0
1791663013.98,3414386.6,36.7,85.4,12.9,0.0,175.0,0.0,89.97,0.36,0.0,228.02,0.0,1212.471843,100049.1,0.99,78.3,-598435.2,300821.5,0.9948,0.097,551.6,-0.09723,-74.55767,0.0,0,-1.0,-1.0,-1.0,-1.0,-1.0,0.0,0.0,0.0,0.0
1791663014.48,3414387.1,37.2,85.4,12.9,0.0,175.0,0.0,89.96,0.36,0.0,228.01,0.0,1212.471843,100049.1,0.99,78.3,-598435.2,300821.5,0.9948,0.097,551.6,-0.09723,-74.55767,0.0,0,-1.0,-1.0,-1.0,-1.0,-1.0,0.0,0.0,0.0,0.0
1791663014.98,3414387.6,37.7,85.4,12.9,0.0,175.0,0.0,89.97,0.36,0.0,228.01,0.0,1212.471843,100049.1,0.99,78.3,-598435.2,300821.5,0.9948,0.097,551.6,-0.09723,-74.55767,0.0,0,-1.0,-1.0,-1.0,-1.0,-1.0,0.0,0.0,0.0,0.0
1791663015.49,3414388.1,38.2,85.4,12.9,0.0,175.0,0.0,89.96,0.36,0.0,228.0,0.0,1212.471843,100049.1,0.99,78.3,-598435.2,300821.5,0.9948,0.097,551.6,-0.09723,-74.55767,0.0,0,-1.0,-1.0,-1.0,-1.0,-1.0,0.0,0.0,0.0,0.0
1791663015.99,3414388.6,38.7,85.4,12.9,0.0,175.0,0.0,89.97,0.36,0.0,227.99,0.0,1212.471843,100049.1,0.99,78.3,-598435.2,300821.5,0.9948,0.097,551.6,-0.09723,-74.55767,0.0,0,-1.0,-1.0,-1.0,-1.0,-1.0,0.0,0.0,0.0,0.0
1791663016.49,3414389.1,39.2,85.4,12.9,0.0,175.0,0.0,89.97,0.36,0.0,227.98,0.0,1212.471843,100049.1,0.99,78.3,-598435.2,300821.5,0.9948,0.097,551.6,-0.09723,-74.55767,0.0,0,-1.0,-1.0,-1.0,-1.0,-1.0,0.0,0.0,0.0,0.0
1791663016.99,3414389.6,39.7,85.4,12.9,0.0,175.0,0.0,89.96,0.36,0.0,227.97,0.0,1212.471843,100049.1,0.99,78.3,-598435.2,300821.5,0.9948,0.097,551.6,-0.09723,-74.55767,0.0,0,-1.0,-1.0,-1.0,-1.0,-1.0,0.0,0.0,0.0,0.0
1791663017.5,3414390.1,40.2,85.4,12.9,0.0,175.0,0.0,89.96,0.36,0.0,227.96,0.0,1212.471843,100049.1,0.99,78.3,-598435.2,300821.5,0.9948,0.097,551.6,-0.09723,-74.55767,0.0,0,-1.0,-1.0,-1.0,-1.0,-1.0,0.0,0.0,0.0,0.0
1791663018.0,3414390.6,40.7,85.4,12.9,0.0,175.0,0.0,89.96,0.36,0.0,227.96,0.0,1212.471843,100049.1,0.99,78.3,-598435.2,300821.5,0.9948,0.097,551.6,-0.09723,-74.55767,0.0,0,-1.0,-1.0,-1.0,-1.0,-1.0,0.0,0.0,0.0,0.0
1791663018.5,3414391.1,41.2,85.4,12.9,0.0,175.0,0.0,89.96,0.36,0.0,227.95,0.0,1212.471843,100049.1,0.99,78.3,-598435.2,300821.5,0.9948,0.097,551.6,-0.09723,-74.55767,0.0,0,-1.0,-1.0,-1.0,-1.0,-1.0,0.0,0.0,0.0,0.0
1791663019.01,3414391.6,41.7,85.4,12.9,0.0,175.0,0.0,89.96,0.36,0.0,227.94,0.0,1212.471843,100049.1,0.99,78.3,-598435.2,300821.5,0.9948,0.097,551.6,-0.09723,-74.55767,0.0,0,-1.0,-1.0,-1.0,-1.0,-1.0,0.0,0.0,0.0,0.0
1791663019.51,3414392.1,42.2,85.4,12.9,0.0,175.0,0.0,89.97,0.36,0.0,227.93,0.0,1212.471843,100049.1,0.99,78.3,-598435.2,300821.5,0.9948,0.097,551.6,-0.09723,-74.55767,0.0,0,-1.0,-1.0,-1.0,-1.0,-1.0,0.0,0.0,0.0,0.0
1791663020.01,3414392.6,42.7,85.4,12.9,0.0,175.0,0.0,89.96,0.36,0.0,227.92,0.0,1212.471843,100049.1,0.99,78.3,-598435.2,300821.5,0.9948,0.097,551.6,-0.09723,-74.55767,0.0,0,-1.0,-1.0,-1.0,-1.0,-1.0,0.0,0.0,0.0,0.0
1791663020.51,3414393.1,43.2,85.4,12.9,0.0,175.0,0.0,89.97,0.36,0.0,227.91,0.0,1212.471843,100049.1,0.99,78.3,-598435.2,300821.5,0.9948,0.097,551.6,-0.09723,-74.55767,0.0,0,-1.0,-1.0,-1.0,-1.0,-1.0,0.0,0.0,0.0,0.0
1791663021.02,3414393.6,43.7,85.4,12.9,0.0,175.0,0.0,89.96,0.36,0.0,227.91,0.0,1212.471843,100049.1,0.99,78.3,-598435.2,300821.5,0.9948,0.097,551.6,-0.09723,-74.55767,0.0,0,-1.0,-1.0,-1.0,-1.0,-1.0,0.0,0.0,0.0,0.0
1791663021.52,3414394.1,44.2,85.4,12.9,0.0,175.0,0.0,89.97,0.36,0.0,227.9,0.0,1212.471843,100049.1,0.99,78.3,-598435.2,300821.5,0.9948,0.097,551.6,-0.09723,-74.55767,0.0,0,-1.0,-1.0,-1.0,-1.0,-1.0,0.0,0.0,0.0,0.0
1791663022.02,3414394.6,44.7,85.4,12.9,0.0,175.0,0.0,89.96,0.36,0.0,227.89,0.0,1212.471843,100049.1,0.99,78.3,-598435.2,300821.5,0.9948,0.097,551.6,-0.09723,-74.55767,0.0,0,-1.0,-1.0,-1.0,-1.0,-1.0,0.0,0.0,0.0,0.0
1791663022.52,3414395.1,45.2,85.4,12.9,0.0,175.0,0.0,89.97,0.36,0.0,227.88,0.0,1212.471843,100049.1,0.99,78.3,-598435.2,300821.5,0.9948,0.097,551.6,-0.09723,-74.55767,0.0,0,-1.0,-1.0,-1.0,-1.0,-1.0,0.0,0.0,0.0,0.0
1791663023.02,3414395.6,45.7,85.4,12.9,0.0,175.0,0.0,89.96,0.36,0.0,227.87,0.0,1212.471843,100049.1,0.99,78.3,-598435.2,300821.5,0.9948,0.097,551.6,-0.09723,-74.55767,0.0,0,-1.0,-1.0,-1.0,-1.0,-1.0,0.0,0.0,0.0,0.0
1791663023.53,3414396.2,46.2,85.4,12.9,0.0,175.0,0.0,89.96,0.36,0.0,227.86,0.0,1212.471843,100049.1,0.99,78.3,-598435.2,300821.5,0.9948,0.097,551.6,-0.09723,-74.55767,0.0,0,-1.0,-1.0,-1.0,-1.0,-1.0,0.0,0.0,0.0,0.0
1791663024.03,3414396.7,46.7,85.4,12.9,0.0,175.0,0.0,89.97,0.36,0.0,227.86,0.0,1212.471843,100049.1,0.99,78.3,-598435.2,300821.5,0.9948,0.097,551.6,-0.09723,-74.55767,0.0,0,-1.0,-1.0,-1.0,-1.0,-1.0,0.0,0.0,0.0,0.0
1791663024.53,3414397.1,47.2,85.4,12.9,0.0,175.0,0.0,89.96,0.36,0.0,227.85,0.0,1212.471843,100049.1,0.99,78.3,-598435.2,300821.5,0.9948,0.097,551.6,-0.09723,-74.55767,0.0,0,-1.0,-1.0,-1.0,-1.0,-1.0,0.0,0.0,0.0,0.0
1791663025.03,3414397.6,47.7,85.4,12.9,0.0,175.0,0.0,89.96,0.36,0.0,227.84,0.0,1212.471843,100049.1,0.99,78.3,-598435.2,300821.5,0.9948,0.097,551.6,-0.09723,-74.55767,0.0,0,-1.0,-1.0,-1.0,-1.0,-1.0,0.0,0.0,0.0,0.0
1791663025.54,3414398.1,48.2,85.4,12.9,0.0,175.0,0.0,89.96,0.36,0.0,227.83,0.0,1212.471843,100049.1,0.99,78.3,-598435.2,300821.5,0.9948,0.097,551.6,-0.09723,-74.55767,0.0,0,-1.0,-1.0,-1.0,-1.0,-1.0,0.0,0.0,0.0,0.0
1791663026.04,3414398.6,48.7,85.4,12.9,0.0,175.0,0.0,89.96,0.36,0.0,227.82,0.0,1212.471843,100049.1,0.99,78.3,-598435.2,300821.5,0.9948,0.097,551.6,-0.09723,-74.55767,0.0,0,-1.0,-1.0,-1.0,-1.0,-1.0,0.0,0.0,0.0,0.0
1791663026.54,3414399.1,49.2,85.4,12.9,0.0,175.0,0.0,89.96,0.36,0.0,227.81,0.0,1212.471843,100049.1,0.99,78.3,-598435.2,300821.5,0.9948,0.097,551.6,-0.09723,-74.55767,0.0,0,-1.0,-1.0,-1.0,-1.0,-1.0,0.0,0.0,0.0,0.0
1791663027.04,3414399.6,49.7,85.4,12.9,0.0,175.0,0.0,89.96,0.36,0.0,227.81,0.0,1212.471843,100049.1,0.99,78.3,-598435.2,300821.5,0.9948,0.097,551.6,-0.09723,-74.55767,0.0,0,-1.0,-1.0,-1.0,-1.0,-1.0,0.0,0.0,0.0,0.0
1791663027.54,3414400.1,50.2,85.4,12.9,0.0,175.0,0.0,89.97,0.36,0.0,227.8,0.0,1212.471843,100049.1,0.99,78.3,-598435.2,300821.5,0.9948,0.097,551.6,-0.09723,-74.55767,0.0,0,-1.0,-1.0,-1.0,-1.0,-1.0,0.0,0.0,0.0,0.0
1791663028.05,3414400.6,50.7,85.4,12.9,0.0,175.0,0.0,89.96,0.36,0.0,227.79,0.0,1212.471843,100049.1,0.99,78.3,-598435.2,300821.5,0.9948,0.097,551.6,-0.09723,-74.55767,0.0,0,-1.0,-1.0,-1.0,-1.0,-1.0,0.0,0.0,0.0,0.0
1791663028.55,3414401.1,51.2,85.4,12.9,0.0,175.0,0.0,89.97,0.36,0.0,227.78,0.0,1212.471843,100049.1,0.99,78.3,-598435.2,300821.5,0.9948,0.097,551.6,-0.09723,-74.55767,0.0,0,-1.0,-1.0,-1.0,-1.0,-1.0,0.0,0.0,0.0,0.0
1791663029.05,3414401.6,51.7,85.4,12.9,0.0,175.0,0.0,89.97,0.36,0.0,227.77,0.0,1212.471843,100049.1,0.99,78.3,-598435.2,300821.5,0.9948,0.097,551.6,-0.09723,-74.55767,0.0,0,-1.0,-1.0,-1.0,-1.0,-1.0,0.0,0.0,0.0,0.0
1791663029.55,3414402.1,52.2,85.4,12.9,0.0,175.0,0.0,89.97,0.36,0.0,227.76,0.0,1212.471843,100049.1,0.99,78.3,-598435.2,300821.5,0.9948,0.097,551.6,-0.09723,-74.55767,0.0,0,-1.0,-1.0,-1.0,-1.0,-1.0,0.0,0.0,0.0,0.0
1791663030.06,3414402.6,52.7,85.4,12.9,0.0,175.0,0.0,89.96,0.36,0.0,227.76,0.0,1212.471843,100049.1,0.99,78.3,-598435.2,300821.5,0.9948,0.097,551.6,-0.09723,-74.55767,0.0,0,-1.0,-1.0,-1.0,-1.0,-1.0,0.0,0.0,0.0,0.0
1791663030.56,3414403.1,53.2,85.4,12.9,0.0,175.0,0.0,89.97,0.36,0.0,227.75,0.0,1212.471843,100049.1,0.99,78.3,-598435.2,300821.5,0.9948,0.097,551.6,-0.09723,-74.55767,0.24,0,-1.0,-1.0,-1.0,-1.0,-1.0,0.0,0.0,0.0,0.0
1791663031.06,3414403.6,53.7,85.4,12.9,0.0,175.0,0.0,89.97,0.36,0.0,227.74,0.0,1212.471843,100049.1,0.99,78.3,-598435.2,300821.5,0.9948,0.097,551.6,-0.09723,-74.55767,0.26,0,-1.0,-1.0,-1.0,-1.0,-1.0,0.0,0.0,0.0,0.0
1791663031.56,3414404.1,54.2,85.4,12.9,0.0,175.0,0.0,89.97,0.36,0.0,227.73,0.0,1212.471843,100049.1,0.99,78.3,-598435.2,300821.5,0.9948,0.097,551.6,-0.09723,-74.55767,0.26,0,-1.0,-1.0,-1.0,-1.0,-1.0,0.0,0.0,0.0,0.0
1791663032.06,3414404.6,54.7,85.4,12.9,0.0,175.0,0.0,89.96,0.36,0.0,227.72,0.0,1212.471843,100049.1,0.99,78.3,-598435.2,300821.5,0.9948,0.097,551.6,-0.09723,-74.55767,0.26,0,-1.0,-1.0,-1.0,-1.0,-1.0,0.0,0.0,0.0,0.0
1791663032.57,3414405.1,55.2,85.4,12.9,0.0,175.0,0.0,89.96,0.36,0.0,227.71,0.0,1212.471843,100049.1,0.99,78.3,-598435.2,300821.5,0.9948,0.097,551.6,-0.09723,-74.55767,0.26,0,-1.0,-1.0,-1.0,-1.0,-1.0,0.0,0.0,0.0,0.0
1791663033.07,3414405.6,55.7,85.4,12.9,0.0,175.0,0.0,89.96,0.36,0.0,227.71,0.0,1212.471843,100049.1,0.99,78.3,-598435.2,300821.5,0.9948,0.097,551.6,-0.09723,-74.55767,0.26,0,-1.0,-1.0,-1.0,-1.0,-1.0,0.0,0.0,0.0,0.0
1791663033.57,3414406.1,56.2,85.4,12.9,0.0,175.0,0.0,89.96,0.36,0.0,227.7,0.0,1212.471843,100049.1,0.99,78.3,-598435.2,300821.5,0.9948,0.097,551.6,-0.09723,-74.55767,0.26,0,-1.0,-1.0,-1.0,-1.0,-1.0,0.0,0.0,0.0,0.0
1791663034.08,3414406.6,56.7,85.4,12.9,0.0,175.0,0.0,89.96,0.36,0.0,227.69,0.0,1212.471843,100049.1,0.99,78.3,-598435.2,300821.5,0.9948,0.097,551.6,-0.09723,-74.55767,0.26,0,-1.0,-1.0,-1.0,-1.0,-1.0,0.0,0.0,0.0,0.0
1791663034.58,3414407.1,57.2,85.4,12.9,0.0,175.0,0.0,89.96,0.36,0.0,227.68,0.0,1212.471843,100049.1,0.99,78.3,-598435.2,300821.5,0.9948,0.097,551.6,-0.09723,-74.55767,0.26,0,-1.0,-1.0,-1.0,-1.0,-1.0,0.0,0.0,0.0,0.0
1791663035.08,3414407.6,57.8,85.4,12.9,0.0,175.0,0.0,89.96,0.36,0.0,227.67,0.0,1212.471843,100049.1,0.99,78.3,-598435.2,300821.5,0.9948,0.097,551.6,-0.09723,-74.55767,0.26,0,-1.0,-1.0,-1.0,-1.0,-1.0,0.0,0.0,0.0,0.0
1791663035.58,3414408.1,58.3,85.4,12.9,0.0,175.0,0.0,89.96,0.36,0.0,227.66,0.0,1212.471843,100049.1,0.99,78.3,-598435.2,300821.5,0.9948,0.097,551.6,-0.09723,-74.55767,0.26,0,-1.0,-1.0,-1.0,-1.0,-1.0,0.0,0.0,0.0,0.0
1791663036.09,3414408.6,58.8,85.4,12.9,0.0,175.0,0.0,89.96,0.36,0.0,227.66,0.0,1212.471843,100049.1,0.99,78.3,-598435.2,300821.5,0.9948,0.097,551.6,-0.09723,-74.55767,0.26,0,-1.0,-1.0,-1.0,-1.0,-1.0,0.0,0.0,0.0,0.0
1791663036.59,3414409.1,59.3,85.4,12.9,0.0,175.0,0.0,89.96,0.36,0.0,227.65,0.0,1212.471843,100049.1,0.99,78.3,-598435.2,300821.5,0.9948,0.097,551.6,-0.09723,-74.55767,0.26,0,-1.0,-1.0,-1.0,-1.0,-1.0,0.0,0.0,0.0,0.0
1791663037.09,3414409.6,59.8,85.4,12.9,0.0,175.0,0.0,89.96,0.36,0.0,227.64,0.0,1212.471843,100049.1,0.99,78.3,-598435.2,300821.5,0.9948,0.097,551.6,-0.09723,-74.55767,0.26,0,-1.0,-1.0,-1.0,-1.0,-1.0,0.0,0.0,0.0,0.0
1791663037.59,3414410.1,60.3,85.4,12.9,0.0,175.0,0.0,89.96,0.36,0.0,227.63,0.0,1212.471843,100049.1,0.99,78.3,-598435.2,300821.5,0.9948,0.097,551.6,-0.09723,-74.55767,0.26,0,-1.0,-1.0,-1.0,-1.0,-1.0,0.0,0.0,0.0,0.0
1791663038.09,3414410.6,60.8,85.4,12.9,0.0,175.0,0.0,89.96,0.36,0.0,227.62,0.0,1212.471843,100049.1,0.99,78.3,-598435.2,300821.5,0.9948,0.097,551.6,-0.09723,-74.55767,0.26,0,-1.0,-1.0,-1.0,-1.0,-1.0,0.0,0.0,0.0,0.0
1791663038.59,3414411.1,61.3,85.4,12.9,0.0,175.0,0.0,89.96,0.36,0.0,227.61,0.0,1212.471843,100049.1,0.99,78.3,-598435.2,300821.5,0.9948,0.097,551.6,-0.09723,-74.55767,0.26,0,-1.0,-1.0,-1.0,-1.0,-1.0,0.0,0.0,0.0,0.0
1791663039.1,3414411.6,61.8,85.4,12.9,0.0,175.0,0.0,89.96,0.36,0.0,227.61,0.0,1212.471843,100049.1,0.99,78.3,-598435.2,300821.5,0.9948,0.097,551.6,-0.09723,-74.55767,0.26,0,-1.0,-1.0,-1.0,-1.0,-1.0,0.0,0.0,0.0,0.0
1791663039.6,3414412.1,62.3,85.4,12.9,0.0,175.0,0.0,89.96,0.36,0.0,227.6,0.0,1212.471843,100049.1,0.99,78.3,-598435.2,300821.5,0.9948,0.097,551.6,-0.09723,-74.55767,0.26,0,-1.0,-1.0,-1.0,-1.0,-1.0,0.0,0.0,0.0,0.0
1791663040.1,3414412.6,62.8,85.4,12.9,0.0,175.0,0.0,89.96,0.36,0.0,227.59,0.0,1212.471843,100049.1,0.99,78.3,-598435.2,300821.5,0.9948,0.097,551.6,-0.09723,-74.55767,0.26,0,-1.0,-1.0,-1.0,-1.0,-1.0,0.0,0.0,0.0,0.0
1791663040.6,3414413.1,63.3,85.4,12.9,0.0,175.0,0.0,89.96,0.36,0.0,227.58,0.0,1212.471843,100049.1,0.99,78.3,-598435.2,300821.5,0.9948,0.097,551.6,-0.09723,-74.55767,0.26,0,-1.0,-1.0,-1.0,-1.0,-1.0,0.0,0.0,0.0,0.0
1791663041.11,3414413.6,63.8,85.4,12.9,0.0,175.0,0.0,89.96,0.36,0.0,227.57,0.0,1212.471843,100049.1,0.99,78.3,-598435.2,300821.5,0.9948,0.097,551.6,-0.09723,-74.55767,0.26,0,-1.0,-1.0,-1.0,-1.0,-1.0,0.0,0.0,0.0,0.0
1791663041.61,3414414.1,64.3,85.4,12.9,0.0,175.0,0.0,89.96,0.36,0.0,227.56,0.0,1212.471843,100049.1,0.99,78.3,-598435.2,300821.5,0.9948,0.097,551.6,-0.09723,-74.55767,0.26,0,-1.0,-1.0,-1.0,-1.0,-1.0,0.0,0.0,0.0,0.0
1791663042.11,3414414.6,64.8,85.4,12.9,0.0,175.0,0.0,89.96,0.36,0.0,227.56,0.0,1212.471843,100049.1,0.99,78.3,-598435.2,300821.5,0.9948,0.097,551.6,-0.09723,-74.55767,0.26,0,-1.0,-1.0,-1.0,-1.0,-1.0,0.0,0.0,0.0,0.0
1791663042.61,3414415.1,65.3,85.4,12.9,0.0,175.0,0.0,89.96,0.36,0.0,227.55,0.0,1212.471843,100049.1,0.99,78.3,-598435.2,300821.5,0.9948,0.097,551.6,-0.09723,-74.55767,0.26,0,-1.0,-1.0,-1.0,-1.0,-1.0,0.0,0.0,0.0,0.0
1791663043.11,3414415.6,65.8,85.4,12.9,0.0,175.0,0.0,89.96,0.36,0.0,227.54,0.0,1212.471843,100049.1,0.99,78.3,-598435.2,300821.5,0.9948,0.097,551.6,-0.09723,-74.55767,0.26,0,-1.0,-1.0,-1.0,-1.0,-1.0,0.0,0.0,0.0,0.0
1791663043.61,3414416.1,66.3,85.4,12.9,0.0,175.0,0.0,89.97,0.36,0.0,227.53,0.0,1212.471843,100049.1,0.99,78.3,-598435.2,300821.5,0.9948,0.097,551.6,-0.09723,-74.55767,0.26,0,-1.0,-1.0,-1.0,-1.0,-1.0,0.0,0.0,0.0,0.0
1791663044.12,3414416.6,66.8,85.4,12.9,0.0,175.0,0.0,89.97,0.36,0.0,227.52,0.0,1212.471843,100049.1,0.99,78.3,-598435.2,300821.5,0.9948,0.097,551.6,-0.09723,-74.55767,0.26,0,-1.0,-1.0,-1.0,-1.0,-1.0,0.0,0.0,0.0,0.0
1791663044.62,3414417.1,67.3,85.4,12.9,0.0,175.0,0.0,89.96,0.36,0.0,227.51,0.0,1212.471843,100049.1,0.99,78.3,-598435.2,300821.5,0.9948,0.097,551.6,-0.09723,-74.55767,0.26,0,-1.0,-1.0,-1.0,-1.0,-1.0,0.0,0.0,0.0,0.0
1791663045.12,3414417.6,67.8,85.4,12.9,0.0,175.0,0.0,89.96,0.36,0.0,227.51,0.0,1212.471843,100049.1,0.99,78.3,-598435.2,300821.5,0.9948,0.097,551.6,-0.09723,-74.55767,0.26,0,-1.0,-1.0,-1.0,-1.0,-1.0,0.0,0.0,0.0,0.0
1791663045.62,3414418.1,68.3,85.4,12.9,0.0,175.0,0.0,89.97,0.36,0.0,227.5,0.0,1212.471843,100049.1,0.99,78.3,-598435.2,300821.5,0.9948,0.097,551.6,-0.09723,-74.55767,0.26,0,-1.0,-1.0,-1.0,-1.0,-1.0,0.0,0.0,0.0,0.0
1791663046.13,3414418.6,68.8,85.4,12.9,0.0,175.0,0.0,89.96,0.36,0.0,227.49,0.0,1212.471843,100049.1,0.99,78.3,-598435.2,300821.5,0.9948,0.097,551.6,-0.09723,-74.55767,0.26,0,-1.0,-1.0,-1.0,-1.0,-1.0,0.0,0.0,0.0,0.0
1791663046.64,3414419.1,69.3,85.4,12.9,0.0,175.0,0.0,89.96,0.36,0.0,227.48,0.0,1212.471843,100049.1,0.99,78.3,-598435.2,300821.5,0.9948,0.097,551.6,-0.09723,-74.55767,0.26,0,-1.0,-1.0,-1.0,-1.0,-1.0,0.0,0.0,0.0,0.0
1791663047.14,3414419.6,69.8,85.4,12.9,0.0,175.0,0.0,89.96,0.36,0.0,227.47,0.0,1212.471843,100049.1,0.99,78.3,-598435.2,300821.5,0.9948,0.097,551.6,-0.09723,-74.55767,0.26,0,-1.0,-1.0,-1.0,-1.0,-1.0,0.0,0.0,0.0,0.0
1791663047.64,3414420.1,70.3,85.4,12.9,0.0,175.0,0.0,89.96,0.36,0.0,227.47,0.0,1212.471843,100049.1,0.99,78.3,-598435.2,300821.5,0.9948,0.097,551.6,-0.09723,-74.55767,0.26,0,-1.0,-1.0,-1.0,-1.0,-1.0,0.0,0.0,0.0,0.0
1791663048.14,3414420.6,70.8,85.4,12.9,0.0,175.0,0.0,89.97,0.36,0.0,227.46,0.0,1212.471843,100049.1,0.99,78.3,-598435.2,300821.5,0.9948,0.097,551.6,-0.09723,-74.55767,0.26,0,-1.0,-1.0,-1.0,-1.0,-1.0,0.0,0.0,0.0,0.0
1791663048.64,3414421.1,71.3,85.4,12.9,0.0,175.0,0.0,89.96,0.36,0.0,227.45,0.0,1212.471843,100049.1,0.99,78.3,-598435.2,300821.5,0.9948,0.097,551.6,-0.09723,-74.55767,0.26,0,-1.0,-1.0,-1.0,-1.0,-1.0,0.0,0.0,0.0,0.0
1791663049.14,3414421.6,71.8,85.4,12.9,0.0,175.0,0.0,89.96,0.36,0.0,227.44,0.0,1212.471843,100049.1,0.99,78.3,-598435.2,300821.5,0.9948,0.097,551.6,-0.09723,-74.55767,0.26,0,-1.0,-1.0,-1.0,-1.0,-1.0,0.0,0.0,0.0,0.0
1791663049.65,3414422.1,72.3,85.4,12.9,0.0,175.0,0.0,89.96,0.36,0.0,227.43,0.0,1212.471843,100049.1,0.99,78.3,-598435.2,300821.5,0.9948,0.097,551.6,-0.09723,-74.55767,0.26,0,-1.0,-1.0,-1.0,-1.0,-1.0,0.0,0.0,0.0,0.0
1791663050.15,3414422.6,72.8,85.4,12.9,0.0,175.0,0.0,89.97,0.36,0.0,227.42,0.0,1212.471843,100049.1,0.99,78.3,-598435.2,300821.5,0.9948,0.097,551.6,-0.09723,-74.55767,0.26,0,-1.0,-1.0,-1.0,-1.0,-1.0,0.0,0.0,0.0,0.0
1791663050.65,3414423.1,73.3,85.4,12.9,0.0,175.0,0.0,89.96,0.36,0.0,227.41,0.0,1212.471843,100049.1,0.99,78.3,-598435.2,300821.6,0.9948,0.097,551.6,-0.09723,-74.55767,0.26,0,-1.0,-1.0,-1.0,-1.0,-1.0,0.0,0.0,0.0,0.0
1791663051.15,3414423.6,73.8,85.4,12.9,0.0,175.0,0.0,89.96,0.36,0.0,227.41,0.0,1212.471843,100049.1,0.99,78.4,-598435.2,300821.6,0.9948,0.097,551.6,-0.09723,-74.55767,0.26,0,-1.0,-1.0,-1.0,-1.0,-1.0,0.0,0.0,0.0,0.0
1791663051.65,3414424.1,74.3,85.4,12.9,0.0,175.0,0.0,89.97,0.36,0.0,227.4,0.0,1212.47175,100049.1,0.99,78.4,-598435.2,300821.6,0.9948,0.097,551.6,-0.09723,-74.55767,0.26,0,-1.0,-1.0,-1.0,-1.0,-1.0,0.0,0.0,0.0,0.0
1791663052.16,3414424.6,74.8,85.4,12.9,0.0,175.0,0.0,89.97,0.36,0.0,227.39,0.0,1212.47175,100049.1,0.99,78.4,-598435.2,300821.6,0.9948,0.097,551.6,-0.09723,-74.55767,0.26,0,-1.0,-1.0,-1.0,-1.0,-1.0,0.0,0.0,0.0,0.0
1791663052.66,3414425.1,75.3,85.4,12.9,0.0,175.0,0.0,89.96,0.36,0.0,227.38,0.0,1212.47175,100049.1,0.99,78.4,-598435.2,300821.6,0.9948,0.097,551.6,-0.09723,-74.55767,0.26,0,-1.0,-1.0,-1.0,-1.0,-1.0,0.0,0.0,0.0,0.0
1791663053.16,3414425.6,75.8,85.4,12.9,0.0,175.0,0.0,89.97,0.36,0.0,227.37,0.0,1212.47175,100049.1,0.99,78.4,-598435.2,300821.6,0.9948,0.097,551.6,-0.09723,-74.55767,0.26,0,-1.0,-1.0,-1.0,-1.0,-1.0,0.0,0.0,0.0,0.0
1791663053.66,3414426.1,76.3,85.4,12.9,0.0,175.0,0.0,89.97,0.36,0.0,227.36,0.0,1212.47175,100049.1,0.99,78.5,-598435.2,300821.6,0.9948,0.097,551.6,-0.09723,-74.55767,0.26,0,-1.0,-1.0,-1.0,-1.0,-1.0,0.0,0.0,0.0,0.0
1791663054.16,3414426.6,76.8,85.4,12.9,0.0,175.0,0.0,89.96,0.36,0.0,227.36,0.0,1212.47175,100049.1,0.99,78.5,-598435.2,300821.6,0.9948,0.097,551.6,-0.09723,-74.55767,0.26,0,-1.0,-1.0,-1.0,-1.0,-1.0,0.0,0.0,0.0,0.0
1791663054.66,3414427.1,77.3,85.4,12.9,0.0,175.0,0.0,89.97,0.36,0.0,227.35,0.0,1212.47175,100049.1,0.99,78.5,-598435.2,300821.6,0.9948,0.097,551.6,-0.09723,-74.55767,0.26,0,-1.0,-1.0,-1.0,-1.0,-1.0,0.0,0.0,0.0,0.0
1791663055.17,3414427.6,77.8,85.4,12.9,0.0,175.0,0.0,89.96,0.36,0.0,227.34,0.0,1212.47175,100049.1,0.99,78.5,-598435.2,300821.6,0.9948,0.097,551.6,-0.09723,-74.55767,0.26,0,-1.0,-1.0,-1.0,-1.0,-1.0,0.0,0.0,0.0,0.0
1791663055.67,3414428.1,78.3,85.4,12.9,0.0,175.0,0.0,89.96,0.36,0.0,227.33,0.0,1212.47175,100049.1,0.99,78.5,-598435.2,300821.6,0.9948,0.097,551.6,-0.09723,-74.55767,0.26,0,-1.0,-1.0,-1.0,-1.0,-1.0,0.0,0.0,0.0,0.0
1791663056.17,3414428.6,78.8,85.4,12.9,0.0,175.0,0.0,89.96,0.36,0.0,227.32,0.0,1212.47175,100049.1,0.99,78.5,-598435.2,300821.7,0.9948,0.097,551.6,-0.09723,-74.55767,0.26,0,-1.0,-1.0,-1.0,-1.0,-1.0,0.0,0.0,0.0,0.0
1791663056.67,3414429.1,79.3,85.4,12.9,0.0,175.0,0.0,89.97,0.36,0.0,227.31,0.0,1212.47175,100049.1,0.99,78.6,-598435.2,300821.7,0.9948,0.097,551.6,-0.09723,-74.55767,0.26,0,-1.0,-1.0,-1.0,-1.0,-1.0,0.0,0.0,0.0,0.0
1791663057.18,3414429.6,79.8,85.4,12.9,0.0,175.0,0.0,89.97,0.36,0.0,227.31,0.0,1212.47175,100049.1,0.99,78.6,-598435.2,300821.7,0.9948,0.097,551.6,-0.09723,-74.55767,0.26,0,-1.0,-1.0,-1.0,-1.0,-1.0,0.0,0.0,0.0,0.0
1791663057.68,3414430.1,80.4,85.4,12.9,0.0,175.0,0.0,89.96,0.36,0.0,227.3,0.0,1212.47175,100049.1,0.99,78.6,-598435.2,300821.7,0.9948,0.097,551.6,-0.09723,-74.55767,0.26,0,-1.0,-1.0,-1.0,-1.0,-1.0,0.0,0.0,0.0,0.0
1791663058.18,3414430.6,80.9,85.4,12.9,0.0,175.0,0.0,89.96,0.36,0.0,227.29,0.0,1212.47175,100049.1,0.99,78.6,-598435.2,300821.7,0.9948,0.097,551.6,-0.09723,-74.55767,0.26,0,-1.0,-1.0,-1.0,-1.0,-1.0,0.0,0.0,0.0,0.0
1791663058.75,3414431.1,81.4,85.4,12.9,0.0,175.0,0.0,89.96,0.36,0.0,227.28,0.0,1212.47175,100049.1,0.99,78.6,-598435.2,300821.7,0.9948,0.097,551.6,-0.09723,-74.55767,0.26,0,-1.0,-1.0,-1.0,-1.0,-1.0,0.0,0.0,0.0,0.0
1791663059.26,3414431.6,81.9,85.4,12.9,0.0,175.0,0.0,89.97,0.36,0.0,227.27,0.0,1212.471843,100049.1,0.99,78.6,-598435.2,300821.7,0.9948,0.097,551.6,-0.09723,-74.55767,0.26,0,-1.0,-1.0,-1.0,-1.0,-1.0,0.0,0.0,0.0,0.0
1791663059.76,3414432.1,82.4,85.4,12.9,0.0,175.0,0.0,89.96,0.36,0.0,227.26,0.0,1212.471843,100049.1,0.99,78.6,-598435.2,300821.7,0.9948,0.097,551.6,-0.09723,-74.55767,0.26,0,-1.0,-1.0,-1.0,-1.0,-1.0,0.0,0.0,0.0,0.0
1791663060.26,3414432.6,82.9,85.4,12.9,0.0,175.0,0.0,89.97,0.36,0.0,227.26,0.0,1212.471843,100049.1,0.99,78.6,-598435.2,300821.7,0.9948,0.097,551.6,-0.09723,-74.55767,0.26,0,-1.0,-1.0,-1.0,-1.0,-1.0,0.0,0.0,0.0,0.0
1791663060.76,3414433.1,83.4,85.4,12.9,0.0,175.0,0.0,89.97,0.36,0.0,227.25,0.0,1212.471843,100049.1,0.99,78.7,-598435.2,300821.7,0.9948,0.097,551.6,-0.09723,-74.55767,0.26,0,-1.0,-1.0,-1.0,-1.0,-1.0,0.0,0.0,0.0,0.0
1791663061.26,3414433.6,83.9,85.4,12.9,0.0,175.0,0.0,89.97,0.36,0.0,227.24,0.0,1212.471843,100049.1,0.99,78.7,-598435.2,300821.7,0.9948,0.097,551.6,-0.09723,-74.55767,0.26,0,-1.0,-1.0,-1.0,-1.0,-1.0,0.0,0.0,0.0,0.0
1791663061.77,3414434.1,84.4,85.4,12.9,0.0,175.0,0.0,89.96,0.36,0.0,227.23,0.0,1212.471843,100049.1,0.99,78.7,-598435.2,300821.7,0.9948,0.097,551.6,-0.09723,-74.55767,0.26,0,-1.0,-1.0,-1.0,-1.0,-1.0,0.0,0.0,0.0,0.0
1791663062.27,3414434.6,84.9,85.4,12.9,0.0,175.0,0.0,89.96,0.36,0.0,227.22,0.0,1212.471843,100049.1,0.99,78.7,-598435.2,300821.7,0.9948,0.097,551.6,-0.09723,-74.55767,0.26,0,-1.0,-1.0,-1.0,-1.0,-1.0,0.0,0.0,0.0,0.0
1791663062.77,3414435.1,85.4,85.4,12.9,0.0,175.0,0.0,89.96,0.36,0.0,227.21,0.0,1212.471843,100049.1,0.99,78.7,-598435.2,300821.7,0.9948,0.097,551.6,-0.09723,-74.55767,0.26,0,-1.0,-1.0,-1.0,-1.0,-1.0,0.0,0.0,0.0,0.0
1791663063.27,3414435.6,85.9,85.4,12.9,0.0,175.0,0.0,89.96,0.36,0.0,227.21,0.0,1212.471843,100049.1,0.99,78.7,-598435.2,300821.7,0.9948,0.097,551.6,-0.09723,-74.55767,0.26,0,-1.0,-1.0,-1.0,-1.0,-1.0,0.0,0.0,0.0,0.0
1791663063.77,3414436.1,86.4,85.4,12.9,0.0,175.0,0.0,89.96,0.36,0.0,227.2,0.0,1212.471843,100049.1,0.99,78.7,-598435.2,300821.7,0.9948,0.097,551.6,-0.09723,-74.55767,0.26,0,-1.0,-1.0,-1.0,-1.0,-1.0,0.0,0.0,0.0,0.0
1791663064.27,3414436.6,86.9,85.4,12.9,0.0,175.0,0.0,89.96,0.36,0.0,227.19,0.0,1212.471843,100049.1,0.99,78.7,-598435.2,300821.7,0.9948,0.097,551.6,-0.09723,-74.55767,0.26,0,-1.0,-1.0,-1.0,-1.0,-1.0,0.0,0.0,0.0,0.0
1791663064.78,3414437.1,87.4,85.4,12.9,0.0,175.0,0.0,89.97,0.36,0.0,227.18,0.0,1212.471843,100049.1,0.99,78.7,-598435.2,300821.7,0.9948,0.097,551.6,-0.09723,-74.55767,0.26,0,-1.0,-1.0,-1.0,-1.0,-1.0,0.0,0.0,0.0,0.0
1791663065.28,3414437.6,87.9,85.4,12.9,0.0,175.0,0.0,89.97,0.36,0.0,227.17,0.0,1212.471843,100049.1,0.99,78.7,-598435.2,300821.8,0.9948,0.097,551.6,-0.09723,-74.55767,0.26,0,-1.0,-1.0,-1.0,-1.0,-1.0,0.0,0.0,0.0,0.0
1791663065.78,3414438.2,88.4,85.4,12.9,0.0,175.0,0.0,89.96,0.36,0.0,227.16,0.0,1212.471843,100049.1,0.99,78.7,-598435.2,300821.8,0.9948,0.097,551.6,-0.09723,-74.55767,0.26,0,-1.0,-1.0,-1.0,-1.0,-1.0,0.0,0.0,0.0,0.0
1791663066.28,3414438.7,89.0,85.4,12.9,0.0,175.0,0.0,89.97,0.36,0.0,227.16,0.0,1212.471843,100049.1,0.99,78.8,-598435.2,300821.8,0.9948,0.097,551.6,-0.09723,-74.55767,0.26,0,-1.0,-1.0,-1.0,-1.0,-1.0,0.0,0.0,0.0,0.0
1791663066.79,3414439.2,89.5,85.4,12.9,0.0,175.0,0.0,89.97,0.36,0.0,227.15,0.0,1212.471843,100049.1,0.99,78.8,-598435.2,300821.8,0.9948,0.097,551.6,-0.09723,-74.55767,0.26,0,-1.0,-1.0,-1.0,-1.0,-1.0,0.0,0.0,0.0,0.0
1791663067.29,3414439.7,90.0,85.4,12.9,0.0,175.0,0.0,89.97,0.36,0.0,227.14,0.0,1212.471843,100049.1,0.99,78.8,-598435.2,300821.8,0.9948,0.097,551.6,-0.09723,-74.55767,0.26,0,-1.0,-1.0,-1.0,-1.0,-1.0,0.0,0.0,0.0,0.0
1791663067.79,3414440.2,90.5,85.4,12.9,0.0,175.0,0.0,89.97,0.36,0.0,227.13,0.0,1212.471843,100049.1,0.99,78.8,-598435.2,300821.8,0.9948,0.097,551.6,-0.09723,-74.55767,0.26,0,-1.0,-1.0,-1.0,-1.0,-1.0,0.0,0.0,0.0,0.0
1791663068.29,3414440.7,91.0,85.4,12.9,0.0,175.0,0.0,89.96,0.36,0.0,227.12,0.0,1212.471843,100049.1,0.99,78.8,-598435.2,300821.8,0.9948,0.097,551.6,-0.09723,-74.55767,0.26,0,-1.0,-1.0,-1.0,-1.0,-1.0,0.0,0.0,0.0,0.0
1791663068.79,3414441.2,91.5,85.4,12.9,0.0,175.0,0.0,89.96,0.36,0.0,227.11,0.0,1212.471843,100049.1,0.99,78.8,-598435.2,300821.8,0.9948,0.097,551.6,-0.09723,-74.55767,0.26,0,-1.0,-1.0,-1.0,-1.0,-1.0,0.0,0.0,0.0,0.0
1791663069.3,3414441.7,92.0,85.4,12.9,0.0,175.0,0.0,89.96,0.36,0.0,227.11,0.0,1212.471843,100049.1,0.99,78.8,-598435.2,300821.8,0.9948,0.097,551.6,-0.09723,-74.55767,0.26,0,-1.0,-1.0,-1.0,-1.0,-1.0,0.0,0.0,0.0,0.0
1791663069.8,3414442.2,92.5,85.4,12.9,0.0,175.0,0.0,89.97,0.36,0.0,227.1,0.0,1212.471843,100049.1,0.99,78.8,-598435.2,300821.8,0.9948,0.097,551.6,-0.09723,-74.55767,0.26,0,-1.0,-1.0,-1.0,-1.0,-1.0,0.0,0.0,0.0,0.0
1791663070.3,3414442.7,93.0,85.4,12.9,0.0,175.0,0.0,89.96,0.36,0.0,227.09,0.0,1212.471843,100049.1,0.99,78.8,-598435.2,300821.8,0.9948,0.097,551.6,-0.09723,-74.55767,0.26,0,-1.0,-1.0,-1.0,-1.0,-1.0,0.0,0.0,0.0,0.0
1791663070.8,3414443.1,93.5,85.4,12.9,0.0,175.0,0.0,89.97,0.36,0.0,227.08,0.0,1212.471843,100049.1,0.99,78.8,-598435.2,300821.8,0.9948,0.097,551.6,-0.09723,-74.55767,0.26,0,-1.0,-1.0,-1.0,-1.0,-1.0,0.0,0.0,0.0,0.0
1791663071.31,3414443.5,94.0,85.4,12.9,0.0,175.0,0.0,89.97,0.36,0.0,227.07,0.0,1212.471843,100049.1,0.99,78.8,-598435.2,300821.8,0.9948,0.097,551.6,-0.09723,-74.55767,0.26,0,-1.0,-1.0,-1.0,-1.0,-1.0,0.0,0.0,0.0,0.0
1791663071.81,3414444.0,94.5,85.4,12.9,0.0,175.0,0.0,89.96,0.36,0.0,227.07,0.0,1212.471843,100049.1,0.99,78.8,-598435.2,300821.8,0.9948,0.097,551.6,-0.09723,-74.55767,0.26,0,-1.0,-1.0,-1.0,-1.0,-1.0,0.0,0.0,0.0,0.0
1791663072.31,3414444.5,95.0,85.4,12.9,0.0,175.0,0.0,89.97,0.36,0.0,227.06,0.0,1212.471843,100049.1,0.99,78.8,-598435.2,300821.8,0.9948,0.097,551.6,-0.09723,-74.55767,0.26,0,-1.0,-1.0,-1.0,-1.0,-1.0,0.0,0.0,0.0,0.0
1791663072.81,3414445.0,95.5,85.4,12.9,0.0,175.0,0.0,89.97,0.36,0.0,227.05,0.0,1212.471843,100049.1,0.99,78.8,-598435.2,300821.8,0.9948,0.097,551.6,-0.09723,-74.55767,0.26,0,-1.0,-1.0,-1.0,-1.0,-1.0,0.0,0.0,0.0,0.0
1791663073.31,3414445.6,96.0,85.4,12.9,0.0,175.0,0.0,89.96,0.36,0.0,227.04,0.0,1212.471843,100049.1,0.99,78.8,-598435.2,300821.8,0.9948,0.097,551.6,-0.09723,-74.55767,0.26,0,-1.0,-1.0,-1.0,-1.0,-1.0,0.0,0.0,0.0,0.0
1791663073.82,3414446.1,96.5,85.4,12.9,0.0,175.0,0.0,89.97,0.36,0.0,227.03,0.0,1212.471843,100049.1,0.99,78.8,-598435.2,300821.8,0.9948,0.097,551.6,-0.09723,-74.55767,0.26,0,-1.0,-1.0,-1.0,-1.0,-1.0,0.0,0.0,0.0,0.0
1791663074.32,3414446.6,97.0,85.4,12.9,0.0,175.0,0.0,89.97,0.36,0.0,227.02,0.0,1212.471843,100049.1,0.99,78.8,-598435.2,300821.8,0.9948,0.097,551.6,-0.09723,-74.55767,0.26,0,-1.0,-1.0,-1.0,-1.0,-1.0,0.0,0.0,0.0,0.0
1791663074.82,3414447.1,97.5,85.4,12.9,0.0,175.0,0.0,89.97,0.36,0.0,227.02,0.0,1212.471843,100049.1,0.99,78.8,-598435.2,300821.8,0.9948,0.097,551.6,-0.09723,-74.55767,0.26,0,-1.0,-1.0,-1.0,-1.0,-1.0,0.0,0.0,0.0,0.0
1791663075.32,3414447.6,98.0,85.4,12.9,0.0,175.0,0.0,89.97,0.36,0.0,227.01,0.0,1212.471843,100049.1,0.99,78.8,-598435.2,300821.8,0.9948,0.097,551.6,-0.09723,-74.55767,0.26,0,-1.0,-1.0,-1.0,-1.0,-1.0,0.0,0.0,0.0,0.0
1791663075.82,3414448.1,98.5,85.4,12.9,0.0,175.0,0.0,89.96,0.36,0.0,227.0,0.0,1212.471843,100049.1,0.99,78.8,-598435.2,300821.8,0.9948,0.097,551.6,-0.09723,-74.55767,0.26,0,-1.0,-1.0,-1.0,-1.0,-1.0,0.0,0.0,0.0,0.0
1791663076.33,3414448.6,99.0,85.4,12.9,0.0,175.0,0.0,89.97,0.36,0.0,226.99,0.0,1212.471843,100049.1,0.99,78.8,-598435.2,300821.8,0.9948,0.097,551.6,-0.09723,-74.55767,0.26,0,-1.0,-1.0,-1.0,-1.0,-1.0,0.0,0.0,0.0,0.0
1791663076.83,3414449.1,99.5,85.4,12.9,0.0,175.0,0.0,89.97,0.36,0.0,226.98,0.0,1212.471843,100049.1,0.99,78.8,-598435.2,300821.8,0.9948,0.097,551.6,-0.09723,-74.55767,0.26,0,-1.0,-1.0,-1.0,-1.0,-1.0,0.0,0.0,0.0,0.0
1791663077.33,3414449.6,100.0,85.4,12.9,0.0,175.0,0.0,89.97,0.36,0.0,226.97,0.0,1212.471843,100049.1,0.99,78.8,-598435.2,300821.8,0.9948,0.097,551.6,-0.09723,-74.55767,0.26,0,-1.0,-1.0,-1.0,-1.0,-1.0,0.0,0.0,0.0,0.0
1791663077.83,3414450.1,100.5,85.4,12.9,0.0,175.0,0.0,89.96,0.36,0.0,226.97,0.0,1212.471843,100049.1,0.99,78.8,-598435.2,300821.8,0.9948,0.097,551.6,-0.09723,-74.55767,0.26,0,-1.0,-1.0,-1.0,-1.0,-1.0,0.0,0.0,0.0,0.0
1791663078.33,3414450.6,101.0,85.4,12.9,0.0,175.0,0.0,89.97,0.36,0.0,226.96,0.0,1212.471843,100049.1,0.99,78.8,-598435.2,300821.8,0.9948,0.097,551.6,-0.09723,-74.55767,0.26,0,-1.0,-1.0,-1.0,-1.0,-1.0,0.0,0.0,0.0,0.0
1791663078.84,3414451.1,101.5,85.4,12.9,0.0,175.0,0.0,89.97,0.36,0.0,226.95,0.0,1212.471843,100049.1,0.99,78.8,-598435.2,300821.8,0.9948,0.097,551.6,-0.09723,-74.55767,0.26,0,-1.0,-1.0,-1.0,-1.0,-1.0,0.0,0.0,0.0,0.0
1791663079.34,3414451.6,102.0,85.4,12.9,0.0,175.0,0.0,89.97,0.36,0.0,226.94,0.0,1212.471843,100049.1,0.99,78.8,-598435.2,300821.8,0.9948,0.097,551.6,-0.09723,-74.55767,0.26,0,-1.0,-1.0,-1.0,-1.0,-1.0,0.0,0.0,0.0,0.0
1791663079.84,3414452.1,102.5,85.4,12.9,0.0,175.0,0.0,89.96,0.36,0.0,226.93,0.0,1212.471843,100049.1,0.99,78.8,-598435.2,300821.8,0.9948,0.097,551.6,-0.09723,-74.55767,0.26,0,-1.0,-1.0,-1.0,-1.0,-1.0,0.0,0.0,0.0,0.0
1791663080.34,3414452.6,103.0,85.4,12.9,0.0,175.0,0.0,89.97,0.36,0.0,226.92,0.0,1212.471843,100049.1,0.99,78.8,-598435.2,300821.8,0.9948,0.097,551.6,-0.09723,-74.55767,0.26,0,-1.0,-1.0,-1.0,-1.0,-1.0,0.0,0.0,0.0,0.0
1791663080.84,3414453.1,103.5,85.4,12.9,0.0,175.0,0.0,89.97,0.36,0.0,226.92,0.0,1212.471843,100049.1,0.99,78.8,-598435.2,300821.8,0.9948,0.097,551.6,-0.09723,-74.55767,0.26,0,-1.0,-1.0,-1.0,-1.0,-1.0,0.0,0.0,0.0,0.0
1791663081.35,3414453.6,104.0,85.4,12.9,0.0,175.0,0.0,89.96,0.36,0.0,226.91,0.0,1212.471843,100049.1,0.99,78.8,-598435.2,300821.8,0.9948,0.097,551.6,-0.09723,-74.55767,0.26,0,-1.0,-1.0,-1.0,-1.0,-1.0,0.0,0.0,0.0,0.0
1791663081.85,3414454.1,104.5,85.4,12.9,0.0,175.0,0.0,89.97,0.36,0.0,226.9,0.0,1212.471843,100049.1,0.99,78.8,-598435.2,300821.8,0.9948,0.097,551.6,-0.09723,-74.55767,0.26,0,-1.0,-1.0,-1.0,-1.0,-1.0,0.0,0.0,0.0,0.0
1791663082.36,3414454.6,105.0,85.4,12.9,0.0,175.0,0.0,89.97,0.36,0.0,226.89,0.0,1212.471843,100049.1,0.99,78.8,-598435.2,300821.8,0.9948,0.097,551.6,-0.09723,-74.55767,0.26,0,-1.0,-1.0,-1.0,-1.0,-1.0,0.0,0.0,0.0,0.0
1791663082.86,3414455.1,105.5,85.4,12.9,0.0,175.0,0.0,89.97,0.36,0.0,226.88,0.0,1212.471843,100049.1,0.99,78.8,-598435.2,300821.8,0.9948,0.097,551.6,-0.09723,-74.55767,0.26,0,-1.0,-1.0,-1.0,-1.0,-1.0,0.0,0.0,0.0,0.0
1791663083.36,3414455.6,106.0,85.4,12.9,0.0,175.0,0.0,89.96,0.36,0.0,226.87,0.0,1212.471843,100049.1,0.99,78.8,-598435.2,300821.8,0.9948,0.097,551.6,-0.09723,-74.55767,0.26,0,-1.0,-1.0,-1.0,-1.0,-1.0,0.0,0.0,0.0,0.0
1791663083.87,3414456.1,106.5,85.4,12.9,0.0,175.0,0.0,89.96,0.36,0.0,226.87,0.0,1212.471843,100049.1,0.99,78.8,-598435.2,300821.8,0.9948,0.097,551.6,-0.09723,-74.55767,0.26,0,-1.0,-1.0,-1.0,-1.0,-1.0,0.0,0.0,0.0,0.0
1791663084.37,3414456.6,107.0,85.4,12.9,0.0,175.0,0.0,89.97,0.36,0.0,226.86,0.0,1212.471843,100049.1,0.99,78.8,-598435.2,300821.8,0.9948,0.097,551.6,-0.09723,-74.55767,0.26,0,-1.0,-1.0,-1.0,-1.0,-1.0,0.0,0.0,0.0,0.0
1791663084.87,3414457.1,107.5,85.4,12.9,0.0,175.0,0.0,89.96,0.36,0.0,226.85,0.0,1212.471843,100049.1,0.99,78.8,-598435.2,300821.8,0.9948,0.097,551.6,-0.09723,-74.55767,0.26,0,-1.0,-1.0,-1.0,-1.0,-1.0,0.0,0.0,0.0,0.0
1791663085.38,3414457.6,108.0,85.4,12.9,0.0,175.0,0.0,89.97,0.36,0.0,226.84,0.0,1212.471843,100049.1,0.99,78.8,-598435.2,300821.8,0.9948,0.097,551.6,-0.09723,-74.55767,0.26,0,-1.0,-1.0,-1.0,-1.0,-1.0,0.0,0.0,0.0,0.0
1791663085.88,3414458.1,108.5,85.4,12.9,0.0,175.0,0.0,89.96,0.36,0.0,226.83,0.0,1212.471843,100049.1,0.99,78.8,-598435.2,300821.8,0.9948,0.097,551.6,-0.09723,-74.55767,0.26,0,-1.0,-1.0,-1.0,-1.0,-1.0,0.0,0.0,0.0,0.0
1791663086.38,3414458.6,109.1,85.4,12.9,0.0,175.0,0.0,89.97,0.36,0.0,226.82,0.0,1212.471843,100049.1,0.99,78.8,-598435.2,300821.8,0.9948,0.097,551.6,-0.09723,-74.55767,0.26,0,-1.0,-1.0,-1.0,-1.0,-1.0,0.0,0.0,0.0,0.0
1791663086.88,3414459.1,109.6,85.4,12.9,0.0,175.0,0.0,89.96,0.36,0.0,226.81,0.0,1212.471843,100049.1,0.99,78.8,-598435.2,300821.8,0.9948,0.097,551.6,-0.09723,-74.55767,0.26,0,-1.0,-1.0,-1.0,-1.0,-1.0,0.0,0.0,0.0,0.0
1791663087.39,3414459.6,110.1,85.4,12.9,0.0,175.0,0.0,89.97,0.36,0.0,226.81,0.0,1212.471843,100049.1,0.99,78.8,-598435.2,300821.8,0.9948,0.097,551.6,-0.09723,-74.55767,0.26,0,-1.0,-1.0,-1.0,-1.0,-1.0,0.0,0.0,0.0,0.0
1791663087.89,3414460.0,110.6,85.4,12.9,0.0,175.0,0.0,89.97,0.36,0.0,226.8,0.0,1212.471843,100049.1,0.99,78.8,-598435.2,300821.8,0.9948,0.097,551.6,-0.09723,-74.55767,0.26,0,-1.0,-1.0,-1.0,-1.0,-1.0,0.0,0.0,0.0,0.0
1791663088.39,3414460.5,111.1,85.4,12.9,0.0,175.0,0.0,89.96,0.36,0.0,226.79,0.0,1212.471843,100049.1,0.99,78.8,-598435.2,300821.8,0.9948,0.097,551.6,-0.09723,-74.55767,0.26,0,-1.0,-1.0,-1.0,-1.0,-1.0,0.0,0.0,0.0,0.0
1791663088.9,3414461.0,111.6,85.4,12.9,0.0,175.0,0.0,89.96,0.36,0.0,226.78,0.0,1212.471843,100049.1,0.99,78.8,-598435.2,300821.8,0.9948,0.097,551.6,-0.09723,-74.55767,0.26,0,-1.0,-1.0,-1.0,-1.0,-1.0,0.0,0.0,0.0,0.0
1791663089.4,3414461.5,112.1,85.4,12.9,0.0,175.0,0.0,89.96,0.36,0.0,226.77,0.0,1212.471843,100049.1,0.99,78.8,-598435.2,300821.8,0.9948,0.097,551.6,-0.09723,-74.55767,0.26,0,-1.0,-1.0,-1.0,-1.0,-1.0,0.0,0.0,0.0,0.0
1791663089.9,3414462.0,112.6,85.4,12.9,0.0,175.0,0.0,89.97,0.36,0.0,226.77,0.0,1212.471843,100049.1,0.99,78.8,-598435.2,300821.8,0.9948,0.097,551.6,-0.09723,-74.55767,0.26,0,-1.0,-1.0,-1.0,-1.0,-1.0,0.0,0.0,0.0,0.0
1791663090.4,3414462.5,113.1,85.4,12.9,0.0,175.0,0.0,89.97,0.36,0.0,226.76,0.0,1212.471843,100049.1,0.99,78.8,-598435.2,300821.8,0.9948,0.097,551.6,-0.09723,-74.55767,0.26,0,-1.0,-1.0,-1.0,-1.0,-1.0,0.0,0.0,0.0,0.0
1791663090.91,3414463.0,113.6,85.4,12.9,0.0,175.0,0.0,89.96,0.36,0.0,226.75,0.0,1212.471843,100049.1,0.99,78.8,-598435.2,300821.8,0.9948,0.097,551.6,-0.09723,-74.55767,0.26,0,-1.0,-1.0,-1.0,-1.0,-1.0,0.0,0.0,0.0,0.0
1791663091.41,3414463.5,114.1,85.4,12.9,0.0,175.0,0.0,89.96,0.36,0.0,226.74,0.0,1212.471843,100049.1,0.99,78.8,-598435.2,300821.8,0.9948,0.097,551.6,-0.09723,-74.55767,0.26,0,-1.0,-1.0,-1.0,-1.0,-1.0,0.0,0.0,0.0,0.0
1791663091.91,3414464.0,114.6,85.4,12.9,0.0,175.0,0.0,89.97,0.36,0.0,226.73,0.0,1212.471843,100049.1,0.99,78.8,-598435.2,300821.8,0.9948,0.097,551.6,-0.09723,-74.55767,0.26,0,-1.0,-1.0,-1.0,-1.0,-1.0,0.0,0.0,0.0,0.0
1791663092.41,3414464.5,115.1,85.4,12.9,0.0,175.0,0.0,89.96,0.36,0.0,226.72,0.0,1212.471843,100049.1,0.99,78.8,-598435.2,300821.8,0.9948,0.097,551.6,-0.09723,-74.55767,0.26,0,-1.0,-1.0,-1.0,-1.0,-1.0,0.0,0.0,0.0,0.0
1791663092.91,3414465.0,115.6,85.4,12.9,0.0,175.0,0.0,89.96,0.36,0.0,226.72,0.0,1212.471843,100049.1,0.99,78.8,-598435.2,300821.8,0.9948,0.097,551.6,-0.09723,-74.55767,0.26,0,-1.0,-1.0,-1.0,-1.0,-1.0,0.0,0.0,0.0,0.0
1791663093.42,3414465.5,116.1,85.4,12.9,0.0,175.0,0.0,89.97,0.36,0.0,226.71,0.0,1212.471843,100049.1,0.99,78.8,-598435.2,300821.8,0.9948,0.097,551.6,-0.09723,-74.55767,0.26,0,-1.0,-1.0,-1.0,-1.0,-1.0,0.0,0.0,0.0,0.0
1791663093.92,3414466.0,116.6,85.4,12.9,0.0,175.0,0.0,89.97,0.36,0.0,226.7,0.0,1212.471843,100049.1,0.99,78.8,-598435.2,300821.8,0.9948,0.097,551.6,-0.09723,-74.55767,0.26,0,-1.0,-1.0,-1.0,-1.0,-1.0,0.0,0.0,0.0,0.0
1791663094.42,3414466.5,117.1,85.4,12.9,0.0,175.0,0.0,89.96,0.36,0.0,226.69,0.0,1212.471843,100049.1,0.99,78.8,-598435.2,300821.8,0.9948,0.097,551.6,-0.09723,-74.55767,0.26,0,-1.0,-1.0,-1.0,-1.0,-1.0,0.0,0.0,0.0,0.0
1791663094.92,3414467.0,117.6,85.4,12.9,0.0,175.0,0.0,89.96,0.36,0.0,226.68,0.0,1212.471843,100049.1,0.99,78.8,-598435.2,300821.8,0.9948,0.097,551.6,-0.09723,-74.55767,0.26,0,-1.0,-1.0,-1.0,-1.0,-1.0,0.0,0.0,0.0,0.0
1791663095.43,3414467.5,118.1,85.4,12.9,0.0,175.0,0.0,89.96,0.36,0.0,226.67,0.0,1212.471843,100049.1,0.99,78.8,-598435.2,300821.8,0.9948,0.097,551.6,-0.09723,-74.55767,0.26,0,-1.0,-1.0,-1.0,-1.0,-1.0,0.0,0.0,0.0,0.0
1791663095.93,3414468.0,118.6,85.4,12.9,0.0,175.0,0.0,89.96,0.36,0.0,226.67,0.0,1212.471843,100049.1,0.99,78.8,-598435.2,300821.8,0.9948,0.097,551.6,-0.09723,-74.55767,0.26,0,-1.0,-1.0,-1.0,-1.0,-1.0,0.0,0.0,0.0,0.0
1791663096.43,3414468.6,119.1,85.4,12.9,0.0,175.0,0.0,89.96,0.36,0.0,226.66,0.0,1212.471843,100049.1,0.99,78.8,-598435.2,300821.8,0.9948,0.097,551.6,-0.09723,-74.55767,0.26,0,-1.0,-1.0,-1.0,-1.0,-1.0,0.0,0.0,0.0,0.0
1791663096.93,3414469.1,119.6,85.4,12.9,0.0,175.0,0.0,89.96,0.36,0.0,226.65,0.0,1212.471843,100049.1,0.99,78.8,-598435.2,300821.8,0.9948,0.097,551.6,-0.09723,-74.55767,0.26,0,-1.0,-1.0,-1.0,-1.0,-1.0,0.0,0.0,0.0,0.0
1791663097.43,3414469.6,120.1,85.4,12.9,0.0,175.0,0.0,89.96,0.36,0.0,226.64,0.0,1212.471843,100049.1,0.99,78.8,-598435.2,300821.8,0.9948,0.097,551.6,-0.09723,-74.55767,0.26,0,-1.0,-1.0,-1.0,-1.0,-1.0,0.0,0.0,0.0,0.0
1791663097.94,3414470.1,120.6,85.4,12.9,0.0,175.0,0.0,89.96,0.36,0.0,226.63,0.0,1212.471843,100049.1,0.99,78.8,-598435.2,300821.8,0.9948,0.097,551.6,-0.09723,-74.55767,0.26,0,-1.0,-1.0,-1.0,-1.0,-1.0,0.0,0.0,0.0,0.0
1791663098.44,3414470.6,121.1,85.4,12.9,0.0,175.0,0.0,89.96,0.36,0.0,226.62,0.0,1212.471843,100049.1,0.99,78.8,-598435.2,300821.8,0.9948,0.097,551.6,-0.09723,-74.55767,0.26,0,-1.0,-1.0,-1.0,-1.0,-1.0,0.0,0.0,0.0,0.0
1791663098.94,3414471.1,121.6,85.4,12.9,0.0,175.0,0.0,89.97,0.36,0.0,226.62,0.0,1212.471843,100049.1,0.99,78.8,-598435.2,300821.8,0.9948,0.097,551.6,-0.09723,-74.55767,0.26,0,-1.0,-1.0,-1.0,-1.0,-1.0,0.0,0.0,0.0,0.0
1791663099.44,3414471.6,122.1,85.4,12.9,0.0,175.0,0.0,89.96,0.36,0.0,226.61,0.0,1212.471843,100049.1,0.99,78.8,-598435.2,300821.8,0.9948,0.097,551.6,-0.09723,-74.55767,0.26,0,-1.0,-1.0,-1.0,-1.0,-1.0,0.0,0.0,0.0,0.0
1791663099.95,3414472.0,122.6,85.4,12.9,0.0,175.0,0.0,89.96,0.36,0.0,226.6,0.0,1212.471843,100049.1,0.99,78.8,-598435.2,300821.8,0.9948,0.097,551.6,-0.09723,-74.55767,0.26,0,-1.0,-1.0,-1.0,-1.0,-1.0,0.0,0.0,0.0,0.0
1791663100.45,3414472.5,123.1,85.4,12.9,0.0,175.0,0.0,89.96,0.36,0.0,226.59,0.0,1212.471843,100049.1,0.99,78.8,-598435.2,300821.8,0.9948,0.097,551.6,-0.09723,-74.55767,0.26,0,-1.0,-1.0,-1.0,-1.0,-1.0,0.0,0.0,0.0,0.0
1791663100.95,3414473.0,123.6,85.4,12.9,0.0,175.0,0.0,89.96,0.36,0.0,226.58,0.0,1212.471843,100049.1,0.99,78.8,-598435.2,300821.8,0.9948,0.097,551.6,-0.09723,-74.55767,0.26,0,-1.0,-1.0,-1.0,-1.0,-1.0,0.0,0.0,0.0,0.0
1791663101.45,3414473.5,124.1,85.4,12.9,0.0,175.0,0.0,89.97,0.36,0.0,226.57,0.0,1212.471843,100049.1,0.99,78.8,-598435.2,300821.8,0.9948,0.097,551.6,-0.09723,-74.55767,0.26,0,-1.0,-1.0,-1.0,-1.0,-1.0,0.0,0.0,0.0,0.0
1791663101.96,3414474.0,124.6,85.4,12.9,0.0,175.0,0.0,89.96,0.36,0.0,226.57,0.0,1212.471843,100049.1,0.99,78.8,-598435.2,300821.8,0.9948,0.097,551.6,-0.09723,-74.55767,0.26,0,-1.0,-1.0,-1.0,-1.0,-1.0,0.0,0.0,0.0,0.0
1791663102.46,3414474.5,125.1,85.4,12.9,0.0,175.0,0.0,89.97,0.36,0.0,226.56,0.0,1212.471843,100049.1,0.99,78.8,-598435.2,300821.8,0.9948,0.097,551.6,-0.09723,-74.55767,0.26,0,-1.0,-1.0,-1.0,-1.0,-1.0,0.0,0.0,0.0,0.0
1791663102.96,3414475.0,125.6,85.4,12.9,0.0,175.0,0.0,89.96,0.36,0.0,226.55,0.0,1212.471843,100049.1,0.99,78.8,-598435.2,300821.8,0.9948,0.097,551.6,-0.09723,-74.55767,0.26,0,-1.0,-1.0,-1.0,-1.0,-1.0,0.0,0.0,0.0,0.0
1791663103.46,3414475.5,126.1,85.4,12.9,0.0,175.0,0.0,89.96,0.36,0.0,226.54,0.0,1212.471843,100049.1,0.99,78.8,-598435.2,300821.8,0.9948,0.097,551.6,-0.09723,-74.55767,0.26,0,-1.0,-1.0,-1.0,-1.0,-1.0,0.0,0.0,0.0,0.0
1791663103.96,3414476.0,126.6,85.4,12.9,0.0,175.0,0.0,89.96,0.36,0.0,226.53,0.0,1212.471843,100049.1,0.99,78.8,-598435.2,300821.8,0.9948,0.097,551.6,-0.09723,-74.55767,0.26,0,-1.0,-1.0,-1.0,-1.0,-1.0,0.0,0.0,0.0,0.0
1791663104.46,3414476.4,127.1,85.4,12.9,0.0,175.0,0.0,89.96,0.36,0.0,226.53,0.0,1212.471843,100049.1,0.99,78.8,-598435.2,300821.8,0.9948,0.097,551.6,-0.09723,-74.55767,0.26,0,-1.0,-1.0,-1.0,-1.0,-1.0,0.0,0.0,0.0,0.0
1791663104.97,3414476.4,127.6,85.4,12.9,0.0,175.0,0.0,89.96,0.36,0.0,226.53,0.0,1212.471843,100049.1,0.99,78.8,-598435.2,300821.8,0.9948,0.097,551.6,-0.09723,-74.55767,0.26,0,-1.0,-1.0,-1.0,-1.0,-1.0,0.0,0.0,0.0,0.0
1791663105.47,3414476.4,128.1,85.4,12.9,0.0,175.0,0.0,89.96,0.36,0.0,226.53,0.0,1212.471843,100049.1,0.99,78.8,-598435.2,300821.8,0.9948,0.097,551.6,-0.09723,-74.55767,0.26,0,-1.0,-1.0,-1.0,-1.0,-1.0,0.0,0.0,0.0,0.0
1791663105.97,3414476.4,128.6,85.4,12.9,0.0,175.0,0.0,89.96,0.36,0.0,226.53,0.0,1212.471843,100049.1,0.99,78.8,-598435.2,300821.8,0.9948,0.097,551.6,-0.09723,-74.55767,0.26,0,-1.0,-1.0,-1.0,-1.0,-1.0,0.0,0.0,0.0,0.0
1791663106.47,3414476.5,129.1,85.4,12.9,0.0,175.0,0.0,89.96,0.36,0.0,226.53,0.0,1212.471843,100049.1,0.99,78.8,-598435.2,300821.8,0.9948,0.097,551.6,-0.09723,-74.55767,0.26,0,-1.0,-1.0,-1.0,-1.0,-1.0,0.0,0.0,0.0,0.0
1791663106.97,3414476.5,129.6,85.4,12.9,0.0,175.0,0.0,89.96,0.36,0.0,226.53,0.0,1212.471843,100049.1,0.99,78.8,-598435.2,300821.8,0.9948,0.097,551.6,-0.09723,-74.55767,0.26,0,-1.0,-1.0,-1.0,-1.0,-1.0,0.0,0.0,0.0,0.0
1791663107.47,3414476.5,130.1,85.4,12.9,0.0,175.0,0.0,89.96,0.36,0.0,226.52,0.0,1212.471843,100049.1,0.99,78.8,-598435.2,300821.8,0.9948,0.097,551.6,-0.09723,-74.55767,0.26,0,-1.0,-1.0,-1.0,-1.0,-1.0,0.0,0.0,0.0,0.0
1791663107.97,3414476.5,130.6,85.4,12.9,0.0,175.0,0.0,89.96,0.36,0.0,226.52,0.0,1212.471843,100049.1,0.99,78.8,-598435.2,300821.8,0.9948,0.097,551.6,-0.09723,-74.55767,0.26,0,-1.0,-1.0,-1.0,-1.0,-1.0,0.0,0.0,0.0,0.0
1791663108.48,3414476.5,131.1,85.4,12.9,0.0,175.0,0.0,89.96,0.36,0.0,226.52,0.0,1212.471843,100049.1,0.99,78.8,-598435.2,300821.8,0.9948,0.097,551.6,-0.09723,-74.55767,0.26,0,-1.0,-1.0,-1.0,-1.0,-1.0,0.0,0.0,0.0,0.0
1791663108.98,3414476.5,131.6,85.4,12.9,0.0,175.0,0.0,89.96,0.36,0.0,226.52,0.0,1212.471843,100049.1,0.99,78.8,-598435.2,300821.8,0.9948,0.097,551.6,-0.09723,-74.55767,0.26,0,-1.0,-1.0,-1.0,-1.0,-1.0,0.0,0.0,0.0,0.0
1791663109.48,3414476.6,132.1,85.4,12.9,0.0,175.0,0.0,89.96,0.36,0.0,226.52,0.0,1212.471843,100049.1,0.99,78.8,-598435.2,300821.8,0.9948,0.097,551.6,-0.09723,-74.55767,0.26,0,-1.0,-1.0,-1.0,-1.0,-1.0,0.0,0.0,0.0,0.0
1791663109.98,3414476.6,132.7,85.4,12.9,0.0,175.0,0.0,89.96,0.36,0.0,226.52,0.0,1212.471843,100049.1,0.99,78.8,-598435.2,300821.8,0.9948,0.097,551.6,-0.09723,-74.55767,0.26,0,-1.0,-1.0,-1.0,-1.0,-1.0,0.0,0.0,0.0,0.0
1791663110.48,3414476.7,133.2,85.4,12.9,0.0,175.0,0.0,89.96,0.36,0.0,226.52,0.0,1212.471843,100049.1,0.99,78.8,-598435.2,300821.8,0.9948,0.097,551.6,-0.09723,-74.55767,0.26,0,-1.0,-1.0,-1.0,-1.0,-1.0,0.0,0.0,0.0,0.0
1791663110.98,3414477.1,133.7,85.4,12.9,0.0,175.0,0.0,89.96,0.36,0.0,226.51,0.0,1212.471843,100049.1,0.99,78.8,-598435.2,300821.8,0.9948,0.097,551.6,-0.09723,-74.55767,0.26,0,-1.0,-1.0,-1.0,-1.0,-1.0,0.0,0.0,0.0,0.0
1791663111.49,3414477.6,134.2,85.4,12.9,0.0,175.0,0.0,89.97,0.36,0.0,226.51,0.0,1212.471843,100049.1,0.99,78.8,-598435.2,300821.8,0.9948,0.097,551.6,-0.09723,-74.55767,0.26,0,-1.0,-1.0,-1.0,-1.0,-1.0,0.0,0.0,0.0,0.0
1791663111.99,3414478.1,134.7,85.4,12.9,0.0,175.0,0.0,89.96,0.36,0.0,226.5,0.0,1212.471843,100049.1,0.99,78.8,-598435.2,300821.8,0.9948,0.097,551.6,-0.09723,-74.55767,0.26,0,-1.0,-1.0,-1.0,-1.0,-1.0,0.0,0.0,0.0,0.0
1791663112.49,3414478.7,135.2,85.4,12.9,0.0,175.0,0.0,89.96,0.36,0.0,226.49,0.0,1212.471843,100049.1,0.99,78.8,-598435.2,300821.8,0.9948,0.097,551.6,-0.09723,-74.55767,0.26,0,-1.0,-1.0,-1.0,-1.0,-1.0,0.0,0.0,0.0,0.0
1791663112.99,3414479.2,135.7,85.4,12.9,0.0,175.0,0.0,89.96,0.36,0.0,226.48,0.0,1212.471843,100049.1,0.99,78.8,-598435.2,300821.8,0.9948,0.097,551.6,-0.09723,-74.55767,0.26,0,-1.0,-1.0,-1.0,-1.0,-1.0,0.0,0.0,0.0,0.0
1791663113.5,3414479.7,136.2,85.4,12.9,0.0,175.0,0.0,89.96,0.36,0.0,226.47,0.0,1212.471843,100049.1,0.99,78.8,-598435.2,300821.8,0.9948,0.097,551.6,-0.09723,-74.55767,0.26,0,-1.0,-1.0,-1.0,-1.0,-1.0,0.0,0.0,0.0,0.0
1791663114.0,3414480.2,136.7,85.4,12.9,0.0,175.0,0.0,89.96,0.36,0.0,226.46,0.0,1212.471843,100049.1,0.99,78.8,-598435.2,300821.8,0.9948,0.097,551.6,-0.09723,-74.55767,0.26,0,-1.0,-1.0,-1.0,-1.0,-1.0,0.0,0.0,0.0,0.0
1791663114.5,3414480.7,137.2,85.4,12.9,0.0,175.0,0.0,89.96,0.36,0.0,226.46,0.0,1212.471843,100049.1,0.99,78.8,-598435.2,300821.8,0.9948,0.097,551.6,-0.09723,-74.55767,0.26,0,-1.0,-1.0,-1.0,-1.0,-1.0,0.0,0.0,0.0,0.0
1791663115.0,3414481.2,137.7,85.4,12.9,0.0,175.0,0.0,89.96,0.36,0.0,226.45,0.0,1212.471843,100049.1,0.99,78.8,-598435.2,300821.8,0.9948,0.097,551.6,-0.09723,-74.55767,0.26,0,-1.0,-1.0,-1.0,-1.0,-1.0,0.0,0.0,0.0,0.0
1791663115.5,3414481.7,138.2,85.4,12.9,0.0,175.0,0.0,89.97,0.36,0.0,226.44,0.0,1212.471843,100049.1,0.99,78.8,-598435.2,300821.8,0.9948,0.097,551.6,-0.09723,-74.55767,0.26,0,-1.0,-1.0,-1.0,-1.0,-1.0,0.0,0.0,0.0,0.0
1791663116.0,3414482.2,138.7,85.4,12.9,0.0,175.0,0.0,89.96,0.36,0.0,226.43,0.0,1212.471843,100049.1,0.99,78.8,-598435.2,300821.8,0.9948,0.097,551.6,-0.09723,-74.55767,0.26,0,-1.0,-1.0,-1.0,-1.0,-1.0,0.0,0.0,0.0,0.0
1791663116.5,3414482.7,139.2,85.4,12.9,0.0,175.0,0.0,89.96,0.36,0.0,226.42,0.0,1212.471843,100049.1,0.99,78.8,-598435.2,300821.8,0.9948,0.097,551.6,-0.09723,-74.55767,0.26,0,-1.0,-1.0,-1.0,-1.0,-1.0,0.0,0.0,0.0,0.0
1791663117.01,3414483.2,139.7,85.4,12.9,0.0,175.0,0.0,89.96,0.36,0.0,226.41,0.0,1212.471843,100049.1,0.99,78.8,-598435.2,300821.8,0.9948,0.097,551.6,-0.09723,-74.55767,0.26,0,-1.0,-1.0,-1.0,-1.0,-1.0,0.0,0.0,0.0,0.0
1791663117.51,3414483.7,140.2,85.4,12.9,0.0,175.0,0.0,89.96,0.36,0.0,226.41,0.0,1212.471843,100049.1,0.99,78.8,-598435.2,300821.8,0.9948,0.097,551.6,-0.09723,-74.55767,0.26,0,-1.0,-1.0,-1.0,-1.0,-1.0,0.0,0.0,0.0,0.0
1791663118.01,3414484.2,140.7,85.4,12.9,0.0,175.0,0.0,89.97,0.36,0.0,226.4,0.0,1212.471843,100049.1,0.99,78.8,-598435.2,300821.8,0.9948,0.097,551.6,-0.09723,-74.55767,0.26,0,-1.0,-1.0,-1.0,-1.0,-1.0,0.0,0.0,0.0,0.0
1791663118.51,3414484.6,141.2,85.4,12.9,0.0,175.0,0.0,89.96,0.36,0.0,226.39,0.0,1212.471843,100049.1,0.99,78.8,-598435.2,300821.8,0.9948,0.097,551.6,-0.09723,-74.55767,0.26,0,-1.0,-1.0,-1.0,-1.0,-1.0,0.0,0.0,0.0,0.0
1791663119.01,3414485.1,141.7,85.4,12.9,0.0,175.0,0.0,89.96,0.36,0.0,226.38,0.0,1212.471843,100049.1,0.99,78.8,-598435.2,300821.8,0.9948,0.097,551.6,-0.09723,-74.55767,0.26,0,-1.0,-1.0,-1.0,-1.0,-1.0,0.0,0.0,0.0,0.0
1791663119.52,3414485.6,142.2,85.4,12.9,0.0,175.0,0.0,89.96,0.36,0.0,226.37,0.0,1212.471843,100049.1,0.99,78.8,-598435.2,300821.8,0.9948,0.097,551.6,-0.09723,-74.55767,0.26,0,-1.0,-1.0,-1.0,-1.0,-1.0,0.0,0.0,0.0,0.0
1791663120.02,3414486.1,142.7,85.4,12.9,0.0,175.0,0.0,89.96,0.36,0.0,226.36,0.0,1212.471843,100049.1,0.99,78.8,-598435.2,300821.8,0.9948,0.097,551.6,-0.09723,-74.55767,0.26,0,-1.0,-1.0,-1.0,-1.0,-1.0,0.0,0.0,0.0,0.0
1791663120.52,3414486.6,143.2,85.4,12.9,0.0,175.0,0.0,89.97,0.36,0.0,226.36,0.0,1212.471843,100049.1,0.99,78.8,-598435.2,300821.8,0.9948,0.097,551.6,-0.09723,-74.55767,0.26,0,-1.0,-1.0,-1.0,-1.0,-1.0,0.0,0.0,0.0,0.0
1791663121.02,3414487.1,143.7,85.4,12.9,0.0,175.0,0.0,89.97,0.36,0.0,226.35,0.0,1212.471843,100049.1,0.99,78.8,-598435.2,300821.8,0.9948,0.097,551.6,-0.09723,-74.55767,0.26,0,-1.0,-1.0,-1.0,-1.0,-1.0,0.0,0.0,0.0,0.0
1791663121.53,3414487.6,144.2,85.4,12.9,0.0,175.0,0.0,89.96,0.36,0.0,226.34,0.0,1212.471843,100049.1,0.99,78.8,-598435.2,300821.8,0.9948,0.097,551.6,-0.09723,-74.55767,0.26,0,-1.0,-1.0,-1.0,-1.0,-1.0,0.0,0.0,0.0,0.0
1791663122.03,3414488.1,144.7,85.4,12.9,0.0,175.0,0.0,89.96,0.36,0.0,226.33,0.0,1212.471843,100049.1,0.99,78.8,-598435.2,300821.8,0.9948,0.097,551.6,-0.09723,-74.55767,0.26,0,-1.0,-1.0,-1.0,-1.0,-1.0,0.0,0.0,0.0,0.0
1791663122.53,3414488.6,145.2,85.4,12.9,0.0,175.0,0.0,89.96,0.36,0.0,226.32,0.0,1212.471843,100049.1,0.99,78.8,-598435.2,300821.8,0.9948,0.097,551.6,-0.09723,-74.55767,0.26,0,-1.0,-1.0,-1.0,-1.0,-1.0,0.0,0.0,0.0,0.0
1791663123.03,3414489.1,145.7,85.4,12.9,0.0,175.0,0.0,89.96,0.36,0.0,226.31,0.0,1212.471843,100049.1,0.99,78.8,-598435.2,300821.8,0.9948,0.097,551.6,-0.09723,-74.55767,0.26,0,-1.0,-1.0,-1.0,-1.0,-1.0,0.0,0.0,0.0,0.0
1791663123.54,3414489.6,146.2,85.4,12.9,0.0,175.0,0.0,89.97,0.36,0.0,226.31,0.0,1212.471843,100049.1,0.99,78.8,-598435.2,300821.8,0.9948,0.097,551.6,-0.09723,-74.55767,0.26,0,-1.0,-1.0,-1.0,-1.0,-1.0,0.0,0.0,0.0,0.0
1791663124.04,3414490.1,146.7,85.4,12.9,0.0,175.0,0.0,89.96,0.36,0.0,226.3,0.0,1212.471843,100049.1,0.99,78.8,-598435.2,300821.8,0.9948,0.097,551.6,-0.09723,-74.55767,0.26,0,-1.0,-1.0,-1.0,-1.0,-1.0,0.0,0.0,0.0,0.0
1791663124.54,3414490.6,147.2,85.4,12.9,0.0,175.0,0.0,89.97,0.36,0.0,226.29,0.0,1212.471843,100049.1,0.99,78.8,-598435.2,300821.8,0.9948,0.097,551.6,-0.09723,-74.55767,0.26,0,-1.0,-1.0,-1.0,-1.0,-1.0,0.0,0.0,0.0,0.0
1791663125.04,3414491.1,147.7,85.4,12.9,0.0,175.0,0.0,89.97,0.36,0.0,226.28,0.0,1212.471843,100049.1,0.99,78.8,-598435.2,300821.8,0.9948,0.097,551.6,-0.09723,-74.55767,0.26,0,-1.0,-1.0,-1.0,-1.0,-1.0,0.0,0.0,0.0,0.0
1791663125.54,3414491.6,148.2,85.4,12.9,0.0,175.0,0.0,89.97,0.36,0.0,226.27,0.0,1212.471843,100049.1,0.99,78.8,-598435.2,300821.8,0.9948,0.097,551.6,-0.09723,-74.55767,0.26,0,-1.0,-1.0,-1.0,-1.0,-1.0,0.0,0.0,0.0,0.0
1791663126.04,3414492.1,148.7,85.4,12.9,0.0,175.0,0.0,89.96,0.36,0.0,226.26,0.0,1212.471843,100049.1,0.99,78.8,-598435.2,300821.8,0.9948,0.097,551.6,-0.09723,-74.55767,0.26,0,-1.0,-1.0,-1.0,-1.0,-1.0,0.0,0.0,0.0,0.0
1791663126.55,3414492.6,149.2,85.4,12.9,0.0,175.0,0.0,89.97,0.36,0.0,226.26,0.0,1212.471843,100049.1,0.99,78.8,-598435.2,300821.8,0.9948,0.097,551.6,-0.09723,-74.55767,0.26,0,-1.0,-1.0,-1.0,-1.0,-1.0,0.0,0.0,0.0,0.0
1791663127.05,3414493.1,149.7,85.4,12.9,0.0,175.0,0.0,89.97,0.36,0.0,226.25,0.0,1212.471843,100049.1,0.99,78.8,-598435.2,300821.8,0.9948,0.097,551.6,-0.09723,-74.55767,0.26,0,-1.0,-1.0,-1.0,-1.0,-1.0,0.0,0.0,0.0,0.0
1791663127.55,3414493.6,150.2,85.4,12.9,0.0,175.0,0.0,89.97,0.36,0.0,226.24,0.0,1212.471843,100049.1,0.99,78.8,-598435.2,300821.8,0.9948,0.097,551.6,-0.09723,-74.55767,0.26,0,-1.0,-1.0,-1.0,-1.0,-1.0,0.0,0.0,0.0,0.0
1791663128.05,3414494.2,150.7,85.4,12.9,0.0,175.0,0.0,89.96,0.36,0.0,226.23,0.0,1212.471843,100049.1,0.99,78.8,-598435.2,300821.8,0.9948,0.097,551.6,-0.09723,-74.55767,0.26,0,-1.0,-1.0,-1.0,-1.0,-1.0,0.0,0.0,0.0,0.0
1791663128.56,3414494.7,151.2,85.4,12.9,0.0,175.0,0.0,89.97,0.36,0.0,226.22,0.0,1212.471843,100049.1,0.99,78.8,-598435.2,300821.8,0.9948,0.097,551.6,-0.09723,-74.55767,0.26,0,-1.0,-1.0,-1.0,-1.0,-1.0,0.0,0.0,0.0,0.0
1791663129.06,3414495.2,151.7,85.4,12.9,0.0,175.0,0.0,89.96,0.36,0.0,226.21,0.0,1212.471843,100049.1,0.99,78.8,-598435.2,300821.8,0.9948,0.097,551.6,-0.09723,-74.55767,0.26,0,-1.0,-1.0,-1.0,-1.0,-1.0,0.0,0.0,0.0,0.0
1791663129.56,3414495.7,152.2,85.4,12.9,0.0,175.0,0.0,89.96,0.36,0.0,226.21,0.0,1212.471843,100049.1,0.99,78.8,-598435.2,300821.8,0.9948,0.097,551.6,-0.09723,-74.55767,0.26,0,-1.0,-1.0,-1.0,-1.0,-1.0,0.0,0.0,0.0,0.0
1791663130.06,3414496.2,152.7,85.4,12.9,0.0,175.0,0.0,89.96,0.36,0.0,226.2,0.0,1212.471843,100049.1,0.99,78.8,-598435.2,300821.8,0.9948,0.097,551.6,-0.09723,-74.55767,0.26,0,-1.0,-1.0,-1.0,-1.0,-1.0,0.0,0.0,0.0,0.0
1791663130.56,3414496.6,153.2,85.4,12.9,0.0,175.0,0.0,89.96,0.36,0.0,226.19,0.0,1212.471843,100049.1,0.99,78.8,-598435.2,300821.8,0.9948,0.097,551.6,-0.09723,-74.55767,0.26,0,-1.0,-1.0,-1.0,-1.0,-1.0,0.0,0.0,0.0,0.0
1791663131.14,3414497.1,153.8,85.4,12.9,0.0,175.0,0.0,89.96,0.36,0.0,226.18,0.0,1212.471843,100049.1,0.99,78.8,-598435.2,300821.8,0.9948,0.097,551.6,-0.09723,-74.55767,0.26,0,-1.0,-1.0,-1.0,-1.0,-1.0,0.0,0.0,0.0,0.0
1791663131.64,3414497.6,154.3,85.4,12.9,0.0,175.0,0.0,89.97,0.36,0.0,226.17,0.0,1212.471843,100049.1,0.99,78.8,-598435.2,300821.8,0.9948,0.097,551.6,-0.09723,-74.55767,0.26,0,-1.0,-1.0,-1.0,-1.0,-1.0,0.0,0.0,0.0,0.0
1791663132.14,3414498.1,154.8,85.4,12.9,0.0,175.0,0.0,89.96,0.36,0.0,226.17,0.0,1212.471843,100049.1,0.99,78.8,-598435.2,300821.8,0.9948,0.097,551.6,-0.09723,-74.55767,0.26,0,-1.0,-1.0,-1.0,-1.0,-1.0,0.0,0.0,0.0,0.0
1791663132.64,3414498.6,155.3,85.4,12.9,0.0,175.0,0.0,89.97,0.36,0.0,226.16,0.0,1212.471843,100049.1,0.99,78.8,-598435.2,300821.8,0.9948,0.097,551.6,-0.09723,-74.55767,0.26,0,-1.0,-1.0,-1.0,-1.0,-1.0,0.0,0.0,0.0,0.0
1791663133.14,3414499.1,155.8,85.4,12.9,0.0,175.0,0.0,89.97,0.36,0.0,226.15,0.0,1212.471843,100049.1,0.99,78.8,-598435.2,300821.8,0.9948,0.097,551.6,-0.09723,-74.55767,0.26,0,-1.0,-1.0,-1.0,-1.0,-1.0,0.0,0.0,0.0,0.0
1791663133.64,3414499.6,156.3,85.4,12.9,0.0,175.0,0.0,89.96,0.36,0.0,226.14,0.0,1212.471843,100049.1,0.99,78.8,-598435.2,300821.8,0.9948,0.097,551.6,-0.09723,-74.55767,0.26,0,-1.0,-1.0,-1.0,-1.0,-1.0,0.0,0.0,0.0,0.0
1791663134.15,3414500.1,156.8,85.4,12.9,0.0,175.0,0.0,89.96,0.36,0.0,226.13,0.0,1212.471843,100049.1,0.99,78.8,-598435.2,300821.8,0.9948,0.097,551.6,-0.09723,-74.55767,0.26,0,-1.0,-1.0,-1.0,-1.0,-1.0,0.0,0.0,0.0,0.0
1791663134.65,3414500.6,157.3,85.4,12.9,0.0,175.0,0.0,89.96,0.36,0.0,226.12,0.0,1212.471843,100049.1,0.99,78.8,-598435.2,300821.8,0.9948,0.097,551.6,-0.09723,-74.55767,0.26,0,-1.0,-1.0,-1.0,-1.0,-1.0,0.0,0.0,0.0,0.0
1791663135.15,3414501.1,157.8,85.4,12.9,0.0,175.0,0.0,89.97,0.36,0.0,226.11,0.0,1212.471843,100049.1,0.99,78.8,-598435.2,300821.8,0.9948,0.097,551.6,-0.09723,-74.55767,0.26,0,-1.0,-1.0,-1.0,-1.0,-1.0,0.0,0.0,0.0,0.0
1791663135.65,3414501.6,158.3,85.4,12.9,0.0,175.0,0.0,89.96,0.36,0.0,226.11,0.0,1212.471843,100049.1,0.99,78.8,-598435.2,300821.8,0.9948,0.097,551.6,-0.09723,-74.55767,0.26,0,-1.0,-1.0,-1.0,-1.0,-1.0,0.0,0.0,0.0,0.0
1791663136.15,3414502.1,158.8,85.4,12.9,0.0,175.0,0.0,89.96,0.36,0.0,226.1,0.0,1212.471843,100049.1,0.99,78.8,-598435.2,300821.8,0.9948,0.097,551.6,-0.09723,-74.55767,0.26,0,-1.0,-1.0,-1.0,-1.0,-1.0,0.0,0.0,0.0,0.0
1791663136.66,3414502.6,159.3,85.4,12.9,0.0,175.0,0.0,89.96,0.36,0.0,226.09,0.0,1212.471843,100049.1,0.99,78.8,-598435.2,300821.8,0.9948,0.097,551.6,-0.09723,-74.55767,0.26,0,-1.0,-1.0,-1.0,-1.0,-1.0,0.0,0.0,0.0,0.0
1791663137.16,3414503.1,159.8,85.4,12.9,0.0,175.0,0.0,89.97,0.36,0.0,226.08,0.0,1212.471843,100049.1,0.99,78.8,-598435.2,300821.8,0.9948,0.097,551.6,-0.09723,-74.55767,0.26,0,-1.0,-1.0,-1.0,-1.0,-1.0,0.0,0.0,0.0,0.0
1791663137.66,3414503.6,160.3,85.4,12.9,0.0,175.0,0.0,89.96,0.36,0.0,226.07,0.0,1212.471843,100049.1,0.99,78.8,-598435.2,300821.8,0.9948,0.097,551.6,-0.09723,-74.55767,0.26,0,-1.0,-1.0,-1.0,-1.0,-1.0,0.0,0.0,0.0,0.0
1791663138.16,3414504.1,160.8,85.4,12.9,0.0,175.0,0.0,89.96,0.36,0.0,226.06,0.0,1212.471843,100049.1,0.99,78.8,-598435.2,300821.8,0.9948,0.097,551.6,-0.09723,-74.55767,0.26,0,-1.0,-1.0,-1.0,-1.0,-1.0,0.0,0.0,0.0,0.0
1791663138.66,3414504.6,161.3,85.4,12.9,0.0,175.0,0.0,89.96,0.36,0.0,226.06,0.0,1212.471843,100049.1,0.99,78.8,-598435.2,300821.8,0.9948,0.097,551.6,-0.09723,-74.55767,0.26,0,-1.0,-1.0,-1.0,-1.0,-1.0,0.0,0.0,0.0,0.0
1791663139.16,3414505.1,161.8,85.4,12.9,0.0,175.0,0.0,89.97,0.36,0.0,226.05,0.0,1212.471843,100049.1,0.99,78.8,-598435.2,300821.8,0.9948,0.097,551.6,-0.09723,-74.55767,0.26,0,-1.0,-1.0,-1.0,-1.0,-1.0,0.0,0.0,0.0,0.0
1791663139.67,3414505.6,162.3,85.4,12.9,0.0,175.0,0.0,89.97,0.36,0.0,226.04,0.0,1212.471843,100049.1,0.99,78.8,-598435.2,300821.8,0.9948,0.097,551.6,-0.09723,-74.55767,0.26,0,-1.0,-1.0,-1.0,-1.0,-1.0,0.0,0.0,0.0,0.0
1791663140.17,3414506.1,162.8,85.4,12.9,0.0,175.0,0.0,89.96,0.36,0.0,226.03,0.0,1212.471843,100049.1,0.99,78.8,-598435.2,300821.8,0.9948,0.097,551.6,-0.09723,-74.55767,0.26,0,-1.0,-1.0,-1.0,-1.0,-1.0,0.0,0.0,0.0,0.0
1791663140.67,3414506.6,163.3,85.4,12.9,0.0,175.0,0.0,89.96,0.36,0.0,226.02,0.0,1212.471843,100049.1,0.99,78.8,-598435.2,300821.8,0.9948,0.097,551.6,-0.09723,-74.55767,0.26,0,-1.0,-1.0,-1.0,-1.0,-1.0,0.0,0.0,0.0,0.0
1791663141.17,3414507.1,163.8,85.4,12.9,0.0,175.0,0.0,89.97,0.36,0.0,226.01,0.0,1212.471843,100049.1,0.99,78.8,-598435.2,300821.8,0.9948,0.097,551.6,-0.09723,-74.55767,0.26,0,-1.0,-1.0,-1.0,-1.0,-1.0,0.0,0.0,0.0,0.0
1791663141.68,3414507.6,164.3,85.4,12.9,0.0,175.0,0.0,89.96,0.36,0.0,226.01,0.0,1212.471843,100049.1,0.99,78.8,-598435.2,300821.8,0.9948,0.097,551.6,-0.09723,-74.55767,0.26,0,-1.0,-1.0,-1.0,-1.0,-1.0,0.0,0.0,0.0,0.0
1791663142.18,3414508.1,164.8,85.4,12.9,0.0,175.0,0.0,89.96,0.36,0.0,226.0,0.0,1212.471843,100049.1,0.99,78.8,-598435.2,300821.8,0.9948,0.097,551.6,-0.09723,-74.55767,0.26,0,-1.0,-1.0,-1.0,-1.0,-1.0,0.0,0.0,0.0,0.0
1791663142.68,3414508.6,165.3,85.4,12.9,0.0,175.0,0.0,89.97,0.36,0.0,225.99,0.0,1212.471843,100049.1,0.99,78.8,-598435.2,300821.8,0.9948,0.097,551.6,-0.09723,-74.55767,0.26,0,-1.0,-1.0,-1.0,-1.0,-1.0,0.0,0.0,0.0,0.0
1791663143.18,3414509.1,165.9,85.4,12.9,0.0,175.0,0.0,89.97,0.36,0.0,225.98,0.0,1212.471843,100049.1,0.99,78.8,-598435.2,300821.8,0.9948,0.097,551.6,-0.09723,-74.55767,0.26,0,-1.0,-1.0,-1.0,-1.0,-1.0,0.0,0.0,0.0,0.0
1791663143.68,3414509.6,166.4,85.4,12.9,0.0,175.0,0.0,89.97,0.36,0.0,225.97,0.0,1212.471843,100049.1,0.99,78.8,-598435.2,300821.8,0.9948,0.097,551.6,-0.09723,-74.55767,0.26,0,-1.0,-1.0,-1.0,-1.0,-1.0,0.0,0.0,0.0,0.0
1791663144.19,3414510.1,166.9,85.4,12.9,0.0,175.0,0.0,89.97,0.36,0.0,225.97,0.0,1212.471843,100049.1,0.99,78.8,-598435.2,300821.8,0.9948,0.097,551.6,-0.09723,-74.55767,0.26,0,-1.0,-1.0,-1.0,-1.0,-1.0,0.0,0.0,0.0,0.0
1791663144.69,3414510.6,167.4,85.4,12.9,0.0,175.0,0.0,89.97,0.36,0.0,225.96,0.0,1212.471843,100049.1,0.99,78.8,-598435.2,300821.8,0.9948,0.097,551.6,-0.09723,-74.55767,0.26,0,-1.0,-1.0,-1.0,-1.0,-1.0,0.0,0.0,0.0,0.0
1791663145.19,3414511.1,167.9,85.4,12.9,0.0,175.0,0.0,89.97,0.36,0.0,225.95,0.0,1212.471843,100049.1,0.99,78.8,-598435.2,300821.8,0.9948,0.097,551.6,-0.09723,-74.55767,0.26,0,-1.0,-1.0,-1.0,-1.0,-1.0,0.0,0.0,0.0,0.0
1791663145.69,3414511.6,168.4,85.4,12.9,0.0,175.0,0.0,89.96,0.36,0.0,225.94,0.0,1212.471843,100049.1,0.99,78.8,-598435.2,300821.8,0.9948,0.097,551.6,-0.09723,-74.55767,0.26,0,-1.0,-1.0,-1.0,-1.0,-1.0,0.0,0.0,0.0,0.0
1791663146.19,3414512.1,168.9,85.4,12.9,0.0,175.0,0.0,89.97,0.36,0.0,225.93,0.0,1212.471843,100049.1,0.99,78.8,-598435.2,300821.8,0.9948,0.097,551.6,-0.09723,-74.55767,0.26,0,-1.0,-1.0,-1.0,-1.0,-1.0,0.0,0.0,0.0,0.0
1791663146.69,3414512.6,169.4,85.4,12.9,0.0,175.0,0.0,89.97,0.36,0.0,225.92,0.0,1212.471843,100049.1,0.99,78.8,-598435.2,300821.8,0.9948,0.097,551.6,-0.09723,-74.55767,0.26,0,-1.0,-1.0,-1.0,-1.0,-1.0,0.0,0.0,0.0,0.0
1791663147.2,3414513.1,169.9,85.4,12.9,0.0,175.0,0.0,89.97,0.36,0.0,225.92,0.0,1212.471843,100049.1,0.99,78.8,-598435.2,300821.8,0.9948,0.097,551.6,-0.09723,-74.55767,0.26,0,-1.0,-1.0,-1.0,-1.0,-1.0,0.0,0.0,0.0,0.0
1791663147.7,3414513.6,170.4,85.4,12.9,0.0,175.0,0.0,89.96,0.36,0.0,225.91,0.0,1212.471843,100049.1,0.99,78.8,-598435.2,300821.8,0.9948,0.097,551.6,-0.09723,-74.55767,0.26,0,-1.0,-1.0,-1.0,-1.0,-1.0,0.0,0.0,0.0,0.0
1791663148.2,3414514.1,170.9,85.4,12.9,0.0,175.0,0.0,89.97,0.36,0.0,225.9,0.0,1212.471843,100049.1,0.99,78.8,-598435.2,300821.8,0.9948,0.097,551.6,-0.09723,-74.55767,0.26,0,-1.0,-1.0,-1.0,-1.0,-1.0,0.0,0.0,0.0,0.0
1791663148.7,3414514.6,171.4,85.4,12.9,0.0,175.0,0.0,89.97,0.36,0.0,225.89,0.0,1212.471843,100049.1,0.99,78.8,-598435.2,300821.8,0.9948,0.097,551.6,-0.09723,-74.55767,0.26,0,-1.0,-1.0,-1.0,-1.0,-1.0,0.0,0.0,0.0,0.0
1791663149.2,3414515.1,171.9,85.4,12.9,0.0,175.0,0.0,89.97,0.36,0.0,225.88,0.0,1212.471843,100049.1,0.99,78.8,-598435.2,300821.8,0.9948,0.097,551.6,-0.09723,-74.55767,0.26,0,-1.0,-1.0,-1.0,-1.0,-1.0,0.0,0.0,0.0,0.0
1791663149.71,3414515.6,172.4,85.4,12.9,0.0,175.0,0.0,89.96,0.36,0.0,225.87,0.0,1212.471843,100049.1,0.99,78.8,-598435.2,300821.8,0.9948,0.097,551.6,-0.09723,-74.55767,0.26,0,-1.0,-1.0,-1.0,-1.0,-1.0,0.0,0.0,0.0,0.0
1791663150.21,3414516.1,172.9,85.4,12.9,0.0,175.0,0.0,89.97,0.36,0.0,225.86,0.0,1212.471843,100049.1,0.99,78.8,-598435.2,300821.8,0.9948,0.097,551.6,-0.09723,-74.55767,0.26,0,-1.0,-1.0,-1.0,-1.0,-1.0,0.0,0.0,0.0,0.0
1791663150.71,3414516.6,173.4,85.4,12.9,0.0,175.0,0.0,89.96,0.36,0.0,225.86,0.0,1212.471843,100049.1,0.99,78.8,-598435.2,300821.8,0.9948,0.097,551.6,-0.09723,-74.55767,0.26,0,-1.0,-1.0,-1.0,-1.0,-1.0,0.0,0.0,0.0,0.0
1791663151.21,3414517.1,173.9,85.4,12.9,0.0,175.0,0.0,89.97,0.36,0.0,225.85,0.0,1212.471843,100049.1,0.99,78.8,-598435.2,300821.8,0.9948,0.097,551.6,-0.09723,-74.55767,0.26,0,-1.0,-1.0,-1.0,-1.0,-1.0,0.0,0.0,0.0,0.0
1791663151.72,3414517.6,174.4,85.4,12.9,0.0,175.0,0.0,89.96,0.36,0.0,225.84,0.0,1212.471843,100049.1,0.99,78.8,-598435.2,300821.8,0.9948,0.097,551.6,-0.09723,-74.55767,0.26,0,-1.0,-1.0,-1.0,-1.0,-1.0,0.0,0.0,0.0,0.0
1791663152.22,3414518.1,174.9,85.4,12.9,0.0,175.0,0.0,89.97,0.36,0.0,225.83,0.0,1212.471843,100049.1,0.99,78.8,-598435.2,300821.8,0.9948,0.097,551.6,-0.09723,-74.55767,0.26,0,-1.0,-1.0,-1.0,-1.0,-1.0,0.0,0.0,0.0,0.0
1791663152.72,3414518.6,175.4,85.4,12.9,0.0,175.0,0.0,89.97,0.36,0.0,225.82,0.0,1212.471843,100049.1,0.99,78.8,-598435.2,300821.8,0.9948,0.097,551.6,-0.09723,-74.55767,0.26,0,-1.0,-1.0,-1.0,-1.0,-1.0,0.0,0.0,0.0,0.0
1791663153.22,3414519.1,175.9,85.4,12.9,0.0,175.0,0.0,89.97,0.36,0.0,225.81,0.0,1212.471843,100049.1,0.99,78.8,-598435.2,300821.8,0.9948,0.097,551.6,-0.09723,-74.55767,0.26,0,-1.0,-1.0,-1.0,-1.0,-1.0,0.0,0.0,0.0,0.0
1791663153.72,3414519.6,176.4,85.4,12.9,0.0,175.0,0.0,89.97,0.36,0.0,225.81,0.0,1212.471843,100049.1,0.99,78.8,-598435.2,300821.8,0.9948,0.097,551.6,-0.09723,-74.55767,0.26,0,-1.0,-1.0,-1.0,-1.0,-1.0,0.0,0.0,0.0,0.0
1791663154.23,3414520.1,176.9,85.4,12.9,0.0,175.0,0.0,89.96,0.36,0.0,225.8,0.0,1212.471843,100049.1,0.99,78.8,-598435.2,300821.8,0.9948,0.097,551.6,-0.09723,-74.55767,0.26,0,-1.0,-1.0,-1.0,-1.0,-1.0,0.0,0.0,0.0,0.0
1791663154.73,3414520.6,177.4,85.4,12.9,0.0,175.0,0.0,89.97,0.36,0.0,225.79,0.0,1212.471843,100049.1,0.99,78.8,-598435.2,300821.8,0.9948,0.097,551.6,-0.09723,-74.55767,0.26,0,-1.0,-1.0,-1.0,-1.0,-1.0,0.0,0.0,0.0,0.0
1791663155.23,3414521.1,177.9,85.4,12.9,0.0,175.0,0.0,89.96,0.36,0.0,225.78,0.0,1212.471843,100049.1,0.99,78.8,-598435.2,300821.8,0.9948,0.097,551.6,-0.09723,-74.55767,0.26,0,-1.0,-1.0,-1.0,-1.0,-1.0,0.0,0.0,0.0,0.0
1791663155.73,3414521.4,178.4,85.4,12.9,0.0,175.0,0.0,89.96,0.36,0.0,225.78,0.0,1212.471843,100049.1,0.99,78.8,-598435.2,300821.8,0.9948,0.097,551.6,-0.09723,-74.55767,0.26,0,-1.0,-1.0,-1.0,-1.0,-1.0,0.0,0.0,0.0,0.0
1791663156.23,3414521.4,178.9,85.4,12.9,0.0,175.0,0.0,89.96,0.36,0.0,225.78,0.0,1212.471843,100049.1,0.99,78.8,-598435.2,300821.8,0.9948,0.097,551.6,-0.09723,-74.55767,0.26,0,-1.0,-1.0,-1.0,-1.0,-1.0,0.0,0.0,0.0,0.0
1791663156.73,3414521.4,179.4,85.4,12.9,0.0,175.0,0.0,89.96,0.36,0.0,225.78,0.0,1212.471843,100049.1,0.99,78.8,-598435.2,300821.8,0.9948,0.097,551.6,-0.09723,-74.55767,0.26,0,-1.0,-1.0,-1.0,-1.0,-1.0,0.0,0.0,0.0,0.0
1791663157.24,3414521.4,179.9,85.4,12.9,0.0,175.0,0.0,89.96,0.36,0.0,225.78,0.0,1212.471843,100049.1,0.99,78.8,-598435.2,300821.8,0.9948,0.097,551.6,-0.09723,-74.55767,0.26,0,-1.0,-1.0,-1.0,-1.0,-1.0,0.0,0.0,0.0,0.0
1791663157.74,3414521.5,180.4,85.4,12.9,0.0,175.0,0.0,89.96,0.36,0.0,225.78,0.0,1212.471843,100049.1,0.99,78.8,-598435.2,300821.8,0.9948,0.097,551.6,-0.09723,-74.55767,0.26,0,-1.0,-1.0,-1.0,-1.0,-1.0,0.0,0.0,0.0,0.0
1791663158.24,3414521.5,180.9,85.4,12.9,0.0,175.0,0.0,89.96,0.36,0.0,225.78,0.0,1212.471843,100049.1,0.99,78.8,-598435.2,300821.8,0.9948,0.097,551.6,-0.09723,-74.55767,0.26,0,-1.0,-1.0,-1.0,-1.0,-1.0,0.0,0.0,0.0,0.0
1791663158.74,3414521.5,181.4,85.4,12.9,0.0,175.0,0.0,89.97,0.36,0.0,225.77,0.0,1212.471843,100049.1,0.99,78.8,-598435.2,300821.8,0.9948,0.097,551.6,-0.09723,-74.55767,0.26,0,-1.0,-1.0,-1.0,-1.0,-1.0,0.0,0.0,0.0,0.0
1791663159.24,3414521.5,181.9,85.4,12.9,0.0,175.0,0.0,89.97,0.36,0.0,225.77,0.0,1212.471843,100049.1,0.99,78.8,-598435.2,300821.8,0.9948,0.097,551.6,-0.09723,-74.55767,0.26,0,-1.0,-1.0,-1.0,-1.0,-1.0,0.0,0.0,0.0,0.0
1791663159.74,3414521.5,182.4,85.4,12.9,0.0,175.0,0.0,89.96,0.36,0.0,225.77,0.0,1212.471843,100049.1,0.99,78.8,-598435.2,300821.8,0.9948,0.097,551.6,-0.09723,-74.55767,0.26,0,-1.0,-1.0,-1.0,-1.0,-1.0,0.0,0.0,0.0,0.0
1791663160.24,3414521.5,182.9,85.4,12.9,0.0,175.0,0.0,89.96,0.36,0.0,225.77,0.0,1212.471843,100049.1,0.99,78.8,-598435.2,300821.8,0.9948,0.097,551.6,-0.09723,-74.55767,0.26,0,-1.0,-1.0,-1.0,-1.0,-1.0,0.0,0.0,0.0,0.0
1791663160.75,3414521.6,183.4,85.4,12.9,0.0,175.0,0.0,89.97,0.36,0.0,225.77,0.0,1212.471843,100049.1,0.99,78.8,-598435.2,300821.8,0.9948,0.097,551.6,-0.09723,-74.55767,0.26,0,-1.0,-1.0,-1.0,-1.0,-1.0,0.0,0.0,0.0,0.0
1791663161.25,3414521.6,183.9,85.4,12.9,0.0,175.0,0.0,89.97,0.36,0.0,225.77,0.0,1212.471843,100049.1,0.99,78.8,-598435.2,300821.8,0.9948,0.097,551.6,-0.09723,-74.55767,0.26,0,-1.0,-1.0,-1.0,-1.0,-1.0,0.0,0.0,0.0,0.0
1791663161.75,3414521.6,184.4,85.4,12.9,0.0,175.0,0.0,89.97,0.36,0.0,225.77,0.0,1212.471843,100049.1,0.99,78.8,-598435.2,300821.8,0.9948,0.097,551.6,-0.09723,-74.55767,0.26,0,-1.0,-1.0,-1.0,-1.0,-1.0,0.0,0.0,0.0,0.0
1791663162.25,3414521.6,184.9,85.4,12.9,0.0,175.0,0.0,89.97,0.36,0.0,225.77,0.0,1212.471843,100049.1,0.99,78.8,-598435.2,300821.8,0.9948,0.097,551.6,-0.09723,-74.55767,0.26,0,-1.0,-1.0,-1.0,-1.0,-1.0,0.0,0.0,0.0,0.0
1791663162.75,3414521.7,185.4,85.4,12.9,0.0,175.0,0.0,89.97,0.36,0.0,225.77,0.0,1212.471843,100049.1,0.99,78.8,-598435.2,300821.8,0.9948,0.097,551.6,-0.09723,-74.55767,0.26,0,-1.0,-1.0,-1.0,-1.0,-1.0,0.0,0.0,0.0,0.0
1791663163.25,3414521.7,185.9,85.4,12.9,0.0,175.0,0.0,89.97,0.36,0.0,225.77,0.0,1212.471843,100049.1,0.99,78.8,-598435.2,300821.8,0.9948,0.097,551.6,-0.09723,-74.55767,0.26,0,-1.0,-1.0,-1.0,-1.0,-1.0,0.0,0.0,0.0,0.0
1791663163.76,3414521.7,186.4,85.4,12.9,0.0,175.0,0.0,89.97,0.36,0.0,225.77,0.0,1212.471843,100049.1,0.99,78.8,-598435.2,300821.8,0.9948,0.097,551.6,-0.09723,-74.55767,0.26,0,-1.0,-1.0,-1.0,-1.0,-1.0,0.0,0.0,0.0,0.0
1791663164.26,3414521.7,186.9,85.4,12.9,0.0,175.0,0.0,89.97,0.36,0.0,225.77,0.0,1212.471843,100049.1,0.99,78.8,-598435.2,300821.8,0.9948,0.097,551.6,-0.09723,-74.55767,0.26,0,-1.0,-1.0,-1.0,-1.0,-1.0,0.0,0.0,0.0,0.0
1791663164.76,3414521.7,187.4,85.4,12.9,0.0,175.0,0.0,89.96,0.36,0.0,225.77,0.0,1212.471843,100049.1,0.99,78.8,-598435.2,300821.8,0.9948,0.097,551.6,-0.09723,-74.55767,0.26,0,-1.0,-1.0,-1.0,-1.0,-1.0,0.0,0.0,0.0,0.0
1791663165.27,3414521.7,187.9,85.4,12.9,0.0,175.0,0.0,89.96,0.36,0.0,225.77,0.0,1212.471843,100049.1,0.99,78.8,-598435.2,300821.8,0.9948,0.097,551.6,-0.09723,-74.55767,0.26,0,-1.0,-1.0,-1.0,-1.0,-1.0,0.0,0.0,0.0,0.0
1791663165.77,3414521.8,188.4,85.4,12.9,0.0,175.0,0.0,89.96,0.36,0.0,225.77,0.0,1212.471843,100049.1,0.99,78.8,-598435.2,300821.8,0.9948,0.097,551.6,-0.09723,-74.55767,0.26,0,-1.0,-1.0,-1.0,-1.0,-1.0,0.0,0.0,0.0,0.0
1791663166.27,3414521.8,188.9,85.4,12.9,0.0,175.0,0.0,89.96,0.36,0.0,225.77,0.0,1212.471843,100049.1,0.99,78.8,-598435.2,300821.8,0.9948,0.097,551.6,-0.09723,-74.55767,0.26,0,-1.0,-1.0,-1.0,-1.0,-1.0,0.0,0.0,0.0,0.0
1791663166.77,3414521.8,189.4,85.4,12.9,0.0,175.0,0.0,89.97,0.36,0.0,225.77,0.0,1212.471843,100049.1,0.99,78.8,-598435.2,300821.8,0.9948,0.097,551.6,-0.09723,-74.55767,0.26,0,-1.0,-1.0,-1.0,-1.0,-1.0,0.0,0.0,0.0,0.0
1791663167.27,3414521.8,189.9,85.4,12.9,0.0,175.0,0.0,89.97,0.36,0.0,225.77,0.0,1212.471843,100049.1,0.99,78.8,-598435.2,300821.8,0.9948,0.097,551.6,-0.09723,-74.55767,0.26,0,-1.0,-1.0,-1.0,-1.0,-1.0,0.0,0.0,0.0,0.0
1791663167.77,3414521.9,190.4,85.4,12.9,0.0,175.0,0.0,89.97,0.36,0.0,225.77,0.0,1212.471843,100049.1,0.99,78.8,-598435.2,300821.8,0.9948,0.097,551.6,-0.09723,-74.55767,0.26,0,-1.0,-1.0,-1.0,-1.0,-1.0,0.0,0.0,0.0,0.0
1791663168.28,3414521.9,190.9,85.4,12.9,0.0,175.0,0.0,89.97,0.36,0.0,225.77,0.0,1212.471843,100049.1,0.99,78.8,-598435.2,300821.8,0.9948,0.097,551.6,-0.09723,-74.55767,0.26,0,-1.0,-1.0,-1.0,-1.0,-1.0,0.0,0.0,0.0,0.0
1791663168.78,3414521.9,191.4,85.4,12.9,0.0,175.0,0.0,89.97,0.36,0.0,225.77,0.0,1212.471843,100049.1,0.99,78.8,-598435.2,300821.8,0.9948,0.097,551.6,-0.09723,-74.55767,0.26,0,-1.0,-1.0,-1.0,-1.0,-1.0,0.0,0.0,0.0,0.0
1791663169.28,3414521.9,191.9,85.4,12.9,0.0,175.0,0.0,89.97,0.36,0.0,225.77,0.0,1212.471843,100049.1,0.99,78.8,-598435.2,300821.8,0.9948,0.097,551.6,-0.09723,-74.55767,0.26,0,-1.0,-1.0,-1.0,-1.0,-1.0,0.0,0.0,0.0,0.0
1791663169.78,3414521.9,192.5,85.4,12.9,0.0,175.0,0.0,89.97,0.36,0.0,225.77,0.0,1212.471843,100049.1,0.99,78.8,-598435.2,300821.8,0.9948,0.097,551.6,-0.09723,-74.55767,0.26,0,-1.0,-1.0,-1.0,-1.0,-1.0,0.0,0.0,0.0,0.0
1791663170.28,3414521.9,193.0,85.4,12.9,0.0,175.0,0.0,89.97,0.36,0.0,225.77,0.0,1212.471843,100049.1,0.99,78.8,-598435.2,300821.8,0.9948,0.097,551.6,-0.09723,-74.55767,0.26,0,-1.0,-1.0,-1.0,-1.0,-1.0,0.0,0.0,0.0,0.0
1791663170.78,3414522.0,193.5,85.4,12.9,0.0,175.0,0.0,89.96,0.36,0.0,225.77,0.0,1212.471843,100049.1,0.99,78.8,-598435.2,300821.8,0.9948,0.097,551.6,-0.09723,-74.55767,0.26,0,-1.0,-1.0,-1.0,-1.0,-1.0,0.0,0.0,0.0,0.0
1791663171.28,3414522.0,194.0,85.4,12.9,0.0,175.0,0.0,89.96,0.36,0.0,225.77,0.0,1212.471843,100049.1,0.99,78.8,-598435.2,300821.8,0.9948,0.097,551.6,-0.09723,-74.55767,0.26,0,-1.0,-1.0,-1.0,-1.0,-1.0,0.0,0.0,0.0,0.0
1791663171.79,3414522.0,194.5,85.4,12.9,0.0,175.0,0.0,89.96,0.36,0.0,225.77,0.0,1212.471843,100049.1,0.99,78.8,-598435.2,300821.8,0.9948,0.097,551.6,-0.09723,-74.55767,0.26,0,-1.0,-1.0,-1.0,-1.0,-1.0,0.0,0.0,0.0,0.0
1791663172.29,3414522.0,195.0,85.4,12.9,0.0,175.0,0.0,89.96,0.36,0.0,225.77,0.0,1212.471843,100049.1,0.99,78.8,-598435.2,300821.8,0.9948,0.097,551.6,-0.09723,-74.55767,0.26,0,-1.0,-1.0,-1.0,-1.0,-1.0,0.0,0.0,0.0,0.0
1791663172.79,3414522.0,195.5,85.4,12.9,0.0,175.0,0.0,89.96,0.36,0.0,225.77,0.0,1212.471843,100049.1,0.99,78.8,-598435.2,300821.8,0.9948,0.097,551.6,-0.09723,-74.55767,0.26,0,-1.0,-1.0,-1.0,-1.0,-1.0,0.0,0.0,0.0,0.0
1791663173.3,3414522.5,196.0,85.4,12.9,0.0,175.0,0.0,89.97,0.36,0.0,225.76,0.0,1212.471843,100049.1,0.99,78.8,-598435.2,300821.8,0.9948,0.097,551.6,-0.09723,-74.55767,0.26,0,-1.0,-1.0,-1.0,-1.0,-1.0,0.0,0.0,0.0,0.0
1791663173.8,3414523.0,196.5,85.4,12.9,0.0,175.0,0.0,89.96,0.36,0.0,225.75,0.0,1212.471843,100049.1,0.99,78.8,-598435.2,300821.8,0.9948,0.097,551.6,-0.09723,-74.55767,0.26,0,-1.0,-1.0,-1.0,-1.0,-1.0,0.0,0.0,0.0,0.0
1791663174.3,3414523.6,197.0,85.4,12.9,0.0,175.0,0.0,89.96,0.36,0.0,225.74,0.0,1212.471843,100049.1,0.99,78.8,-598435.2,300821.8,0.9948,0.097,551.6,-0.09723,-74.55767,0.26,0,-1.0,-1.0,-1.0,-1.0,-1.0,0.0,0.0,0.0,0.0
1791663174.8,3414524.0,197.5,85.4,12.9,0.0,175.0,0.0,89.97,0.36,0.0,225.73,0.0,1212.471843,100049.1,0.99,78.8,-598435.2,300821.8,0.9948,0.097,551.6,-0.09723,-74.55767,0.26,0,-1.0,-1.0,-1.0,-1.0,-1.0,0.0,0.0,0.0,0.0
1791663175.3,3414524.5,198.0,85.4,12.9,0.0,175.0,0.0,89.97,0.36,0.0,225.73,0.0,1212.471843,100049.1,0.99,78.8,-598435.2,300821.8,0.9948,0.097,551.6,-0.09723,-74.55767,0.26,0,-1.0,-1.0,-1.0,-1.0,-1.0,0.0,0.0,0.0,0.0
1791663175.81,3414525.0,198.5,85.4,12.9,0.0,175.0,0.0,89.96,0.36,0.0,225.72,0.0,1212.471843,100049.1,0.99,78.8,-598435.2,300821.8,0.9948,0.097,551.6,-0.09723,-74.55767,0.26,0,-1.0,-1.0,-1.0,-1.0,-1.0,0.0,0.0,0.0,0.0
1791663176.31,3414525.5,199.0,85.4,12.9,0.0,175.0,0.0,89.96,0.36,0.0,225.71,0.0,1212.471843,100049.1,0.99,78.8,-598435.2,300821.8,0.9948,0.097,551.6,-0.09723,-74.55767,0.26,0,-1.0,-1.0,-1.0,-1.0,-1.0,0.0,0.0,0.0,0.0
1791663176.81,3414526.0,199.5,85.4,12.9,0.0,175.0,0.0,89.97,0.36,0.0,225.7,0.0,1212.471843,100049.1,0.99,78.8,-598435.2,300821.8,0.9948,0.097,551.6,-0.09723,-74.55767,0.26,0,-1.0,-1.0,-1.0,-1.0,-1.0,0.0,0.0,0.0,0.0
1791663177.31,3414526.5,200.0,85.4,12.9,0.0,175.0,0.0,89.96,0.36,0.0,225.69,0.0,1212.471843,100049.1,0.99,78.8,-598435.2,300821.8,0.9948,0.097,551.6,-0.09723,-74.55767,0.26,0,-1.0,-1.0,-1.0,-1.0,-1.0,0.0,0.0,0.0,0.0
1791663177.81,3414527.0,200.5,85.4,12.9,0.0,175.0,0.0,89.97,0.36,0.0,225.68,0.0,1212.471843,100049.1,0.99,78.8,-598435.2,300821.8,0.9948,0.097,551.6,-0.09723,-74.55767,0.26,0,-1.0,-1.0,-1.0,-1.0,-1.0,0.0,0.0,0.0,0.0
1791663178.32,3414527.5,201.0,85.4,12.9,0.0,175.0,0.0,89.97,0.36,0.0,225.68,0.0,1212.471843,100049.1,0.99,78.8,-598435.2,300821.8,0.9948,0.097,551.6,-0.09723,-74.55767,0.26,0,-1.0,-1.0,-1.0,-1.0,-1.0,0.0,0.0,0.0,0.0
1791663178.82,3414528.0,201.5,85.4,12.9,0.0,175.0,0.0,89.97,0.36,0.0,225.67,0.0,1212.471843,100049.1,0.99,78.8,-598435.2,300821.8,0.9948,0.097,551.6,-0.09723,-74.55767,0.26,0,-1.0,-1.0,-1.0,-1.0,-1.0,0.0,0.0,0.0,0.0
1791663179.32,3414528.5,202.0,85.4,12.9,0.0,175.0,0.0,89.97,0.36,0.0,225.66,0.0,1212.471843,100049.1,0.99,78.8,-598435.2,300821.8,0.9948,0.097,551.6,-0.09723,-74.55767,0.26,0,-1.0,-1.0,-1.0,-1.0,-1.0,0.0,0.0,0.0,0.0
1791663179.83,3414529.0,202.5,85.4,12.9,0.0,175.0,0.0,89.97,0.36,0.0,225.65,0.0,1212.471843,100049.1,0.99,78.8,-598435.2,300821.8,0.9948,0.097,551.6,-0.09723,-74.55767,0.26,0,-1.0,-1.0,-1.0,-1.0,-1.0,0.0,0.0,0.0,0.0
1791663180.33,3414529.5,203.0,85.4,12.9,0.0,175.0,0.0,89.96,0.36,0.0,225.64,0.0,1212.471843,100049.1,0.99,78.8,-598435.2,300821.8,0.9948,0.097,551.6,-0.09723,-74.55767,0.26,0,-1.0,-1.0,-1.0,-1.0,-1.0,0.0,0.0,0.0,0.0
1791663180.84,3414530.0,203.5,85.4,12.9,0.0,175.0,0.0,89.97,0.36,0.0,225.63,0.0,1212.471843,100049.1,0.99,78.8,-598435.2,300821.8,0.9948,0.097,551.6,-0.09723,-74.55767,0.26,0,-1.0,-1.0,-1.0,-1.0,-1.0,0.0,0.0,0.0,0.0
1791663181.34,3414530.5,204.0,85.4,12.9,0.0,175.0,0.0,89.96,0.36,0.0,225.62,0.0,1212.471843,100049.1,0.99,78.8,-598435.2,300821.8,0.9948,0.097,551.6,-0.09723,-74.55767,0.26,0,-1.0,-1.0,-1.0,-1.0,-1.0,0.0,0.0,0.0,0.0
1791663181.84,3414531.0,204.5,85.4,12.9,0.0,175.0,0.0,89.96,0.36,0.0,225.62,0.0,1212.471843,100049.1,0.99,78.8,-598435.2,300821.8,0.9948,0.097,551.6,-0.09723,-74.55767,0.26,0,-1.0,-1.0,-1.0,-1.0,-1.0,0.0,0.0,0.0,0.0
1791663182.34,3414531.5,205.0,85.4,12.9,0.0,175.0,0.0,89.97,0.36,0.0,225.61,0.0,1212.471843,100049.1,0.99,78.8,-598435.2,300821.8,0.9948,0.097,551.6,-0.09723,-74.55767,0.26,0,-1.0,-1.0,-1.0,-1.0,-1.0,0.0,0.0,0.0,0.0
1791663182.84,3414532.0,205.5,85.4,12.9,0.0,175.0,0.0,89.96,0.36,0.0,225.6,0.0,1212.471843,100049.1,0.99,78.8,-598435.2,300821.8,0.9948,0.097,551.6,-0.09723,-74.55767,0.26,0,-1.0,-1.0,-1.0,-1.0,-1.0,0.0,0.0,0.0,0.0
1791663183.35,3414532.5,206.0,85.4,12.9,0.0,175.0,0.0,89.97,0.36,0.0,225.59,0.0,1212.471843,100049.1,0.99,78.8,-598435.2,300821.8,0.9948,0.097,551.6,-0.09723,-74.55767,0.26,0,-1.0,-1.0,-1.0,-1.0,-1.0,0.0,0.0,0.0,0.0
1791663183.85,3414533.0,206.5,85.4,12.9,0.0,175.0,0.0,89.96,0.36,0.0,225.58,0.0,1212.471843,100049.1,0.99,78.8,-598435.2,300821.8,0.9948,0.097,551.6,-0.09723,-74.55767,0.26,0,-1.0,-1.0,-1.0,-1.0,-1.0,0.0,0.0,0.0,0.0
1791663184.35,3414533.5,207.0,85.4,12.9,0.0,175.0,0.0,89.96,0.36,0.0,225.57,0.0,1212.471843,100049.1,0.99,78.8,-598435.2,300821.8,0.9948,0.097,551.6,-0.09723,-74.55767,0.26,0,-1.0,-1.0,-1.0,-1.0,-1.0,0.0,0.0,0.0,0.0
1791663184.86,3414534.0,207.5,85.4,12.9,0.0,175.0,0.0,89.96,0.36,0.0,225.57,0.0,1212.471843,100049.1,0.99,78.8,-598435.2,300821.8,0.9948,0.097,551.6,-0.09723,-74.55767,0.26,0,-1.0,-1.0,-1.0,-1.0,-1.0,0.0,0.0,0.0,0.0
1791663185.36,3414534.5,208.0,85.4,12.9,0.0,175.0,0.0,89.97,0.36,0.0,225.56,0.0,1212.471843,100049.1,0.99,78.8,-598435.2,300821.8,0.9948,0.097,551.6,-0.09723,-74.55767,0.26,0,-1.0,-1.0,-1.0,-1.0,-1.0,0.0,0.0,0.0,0.0
1791663185.86,3414535.0,208.5,85.4,12.9,0.0,175.0,0.0,89.97,0.36,0.0,225.55,0.0,1212.471843,100049.1,0.99,78.8,-598435.2,300821.8,0.9948,0.097,551.6,-0.09723,-74.55767,0.26,0,-1.0,-1.0,-1.0,-1.0,-1.0,0.0,0.0,0.0,0.0
1791663186.36,3414535.5,209.0,85.4,12.9,0.0,175.0,0.0,89.97,0.36,0.0,225.54,0.0,1212.471843,100049.1,0.99,78.8,-598435.2,300821.8,0.9948,0.097,551.6,-0.09723,-74.55767,0.26,0,-1.0,-1.0,-1.0,-1.0,-1.0,0.0,0.0,0.0,0.0
1791663186.86,3414535.7,209.5,85.4,12.9,0.0,175.0,0.0,89.96,0.36,0.0,225.54,0.0,1212.471843,100049.1,0.99,78.8,-598435.2,300821.8,0.9948,0.097,551.6,-0.09723,-74.55767,0.26,0,-1.0,-1.0,-1.0,-1.0,-1.0,0.0,0.0,0.0,0.0
1791663187.36,3414535.7,210.0,85.4,12.9,0.0,175.0,0.0,89.96,0.36,0.0,225.54,0.0,1212.471843,100049.1,0.99,78.8,-598435.2,300821.8,0.9948,0.097,551.6,-0.09723,-74.55767,0.26,0,-1.0,-1.0,-1.0,-1.0,-1.0,0.0,0.0,0.0,0.0
1791663187.87,3414536.0,210.5,85.4,12.9,0.0,175.0,0.0,89.97,0.36,0.0,225.53,0.0,1212.471843,100049.1,0.99,78.8,-598435.2,300821.8,0.9948,0.097,551.6,-0.09723,-74.55767,0.26,0,-1.0,-1.0,-1.0,-1.0,-1.0,0.0,0.0,0.0,0.0
1791663188.37,3414536.5,211.0,85.4,12.9,0.0,175.0,0.0,89.97,0.36,0.0,225.53,0.0,1212.471843,100049.1,0.99,78.8,-598435.2,300821.8,0.9948,0.097,551.6,-0.09723,-74.55767,0.26,0,-1.0,-1.0,-1.0,-1.0,-1.0,0.0,0.0,0.0,0.0
1791663188.87,3414536.9,211.5,85.4,12.9,0.0,175.0,0.0,89.96,0.36,0.0,225.52,0.0,1212.471843,100049.1,0.99,78.8,-598435.2,300821.8,0.9948,0.097,551.6,-0.09723,-74.55767,0.26,0,-1.0,-1.0,-1.0,-1.0,-1.0,0.0,0.0,0.0,0.0
1791663189.37,3414537.2,212.0,85.4,12.9,0.0,175.0,0.0,89.96,0.36,0.0,225.51,0.0,1212.471843,100049.1,0.99,78.8,-598435.2,300821.8,0.9948,0.097,551.6,-0.09723,-74.55767,0.26,0,-1.0,-1.0,-1.0,-1.0,-1.0,0.0,0.0,0.0,0.0
1791663189.88,3414537.2,212.5,85.4,12.9,0.0,175.0,0.0,89.96,0.36,0.0,225.51,0.0,1212.471843,100049.1,0.99,78.8,-598435.2,300821.8,0.9948,0.097,551.6,-0.09723,-74.55767,0.26,0,-1.0,-1.0,-1.0,-1.0,-1.0,0.0,0.0,0.0,0.0
1791663190.38,3414537.3,213.0,85.4,12.9,0.0,175.0,0.0,89.96,0.36,0.0,225.51,0.0,1212.471843,100049.1,0.99,78.8,-598435.2,300821.8,0.9948,0.097,551.6,-0.09723,-74.55767,0.26,0,-1.0,-1.0,-1.0,-1.0,-1.0,0.0,0.0,0.0,0.0
1791663190.88,3414537.3,213.6,85.4,12.9,0.0,175.0,0.0,89.96,0.36,0.0,225.51,0.0,1212.471843,100049.1,0.99,78.8,-598435.2,300821.8,0.9948,0.097,551.6,-0.09723,-74.55767,0.26,0,-1.0,-1.0,-1.0,-1.0,-1.0,0.0,0.0,0.0,0.0
1791663191.38,3414537.3,214.1,85.4,12.9,0.0,175.0,0.0,89.96,0.36,0.0,225.51,0.0,1212.471843,100049.1,0.99,78.8,-598435.2,300821.8,0.9948,0.097,551.6,-0.09723,-74.55767,0.26,0,-1.0,-1.0,-1.0,-1.0,-1.0,0.0,0.0,0.0,0.0
1791663191.88,3414537.3,214.6,85.4,12.9,0.0,175.0,0.0,89.96,0.36,0.0,225.51,0.0,1212.471843,100049.1,0.99,78.8,-598435.2,300821.8,0.9948,0.097,551.6,-0.09723,-74.55767,0.26,0,-1.0,-1.0,-1.0,-1.0,-1.0,0.0,0.0,0.0,0.0
1791663192.39,3414537.5,215.1,85.4,12.9,0.0,175.0,0.0,89.96,0.36,0.0,225.51,0.0,1212.471843,100049.1,0.99,78.8,-598435.2,300821.8,0.9948,0.097,551.6,-0.09723,-74.55767,0.26,0,-1.0,-1.0,-1.0,-1.0,-1.0,0.0,0.0,0.0,0.0
1791663192.89,3414537.9,215.6,85.4,12.9,0.0,175.0,0.0,89.97,0.36,0.0,225.5,0.0,1212.471843,100049.1,0.99,78.8,-598435.2,300821.8,0.9948,0.097,551.6,-0.09723,-74.55767,0.26,0,-1.0,-1.0,-1.0,-1.0,-1.0,0.0,0.0,0.0,0.0
1791663193.39,3414538.4,216.1,85.4,12.9,0.0,175.0,0.0,89.96,0.36,0.0,225.49,0.0,1212.471843,100049.1,0.99,78.8,-598435.2,300821.8,0.9948,0.097,551.6,-0.09723,-74.55767,0.26,0,-1.0,-1.0,-1.0,-1.0,-1.0,0.0,0.0,0.0,0.0
1791663193.89,3414538.9,216.6,85.4,12.9,0.0,175.0,0.0,89.97,0.36,0.0,225.48,0.0,1212.471843,100049.1,0.99,78.8,-598435.2,300821.8,0.9948,0.097,551.6,-0.09723,-74.55767,0.26,0,-1.0,-1.0,-1.0,-1.0,-1.0,0.0,0.0,0.0,0.0
1791663194.4,3414539.4,217.1,85.4,12.9,0.0,175.0,0.0,89.96,0.36,0.0,225.48,0.0,1212.471843,100049.1,0.99,78.8,-598435.2,300821.8,0.9948,0.097,551.6,-0.09723,-74.55767,0.26,0,-1.0,-1.0,-1.0,-1.0,-1.0,0.0,0.0,0.0,0.0
1791663194.9,3414539.9,217.6,85.4,12.9,0.0,175.0,0.0,89.97,0.36,0.0,225.47,0.0,1212.471843,100049.1,0.99,78.8,-598435.2,300821.8,0.9948,0.097,551.6,-0.09723,-74.55767,0.26,0,-1.0,-1.0,-1.0,-1.0,-1.0,0.0,0.0,0.0,0.0
1791663195.4,3414540.5,218.1,85.4,12.9,0.0,175.0,0.0,89.97,0.36,0.0,225.46,0.0,1212.471843,100049.1,0.99,78.8,-598435.2,300821.8,0.9948,0.097,551.6,-0.09723,-74.55767,0.26,0,-1.0,-1.0,-1.0,-1.0,-1.0,0.0,0.0,0.0,0.0
1791663195.9,3414541.0,218.6,85.4,12.9,0.0,175.0,0.0,89.96,0.36,0.0,225.45,0.0,1212.471843,100049.1,0.99,78.8,-598435.2,300821.8,0.9948,0.097,551.6,-0.09723,-74.55767,0.26,0,-1.0,-1.0,-1.0,-1.0,-1.0,0.0,0.0,0.0,0.0
1791663196.4,3414541.5,219.1,85.4,12.9,0.0,175.0,0.0,89.96,0.36,0.0,225.44,0.0,1212.471843,100049.1,0.99,78.8,-598435.2,300821.8,0.9948,0.097,551.6,-0.09723,-74.55767,0.26,0,-1.0,-1.0,-1.0,-1.0,-1.0,0.0,0.0,0.0,0.0
1791663196.9,3414542.0,219.6,85.4,12.9,0.0,175.0,0.0,89.96,0.36,0.0,225.43,0.0,1212.471843,100049.1,0.99,78.8,-598435.2,300821.8,0.9948,0.097,551.6,-0.09723,-74.55767,0.26,0,-1.0,-1.0,-1.0,-1.0,-1.0,0.0,0.0,0.0,0.0
1791663197.41,3414542.5,220.1,85.4,12.9,0.0,175.0,0.0,89.96,0.36,0.0,225.43,0.0,1212.471843,100049.1,0.99,78.8,-598435.2,300821.8,0.9948,0.097,551.6,-0.09723,-74.55767,0.26,0,-1.0,-1.0,-1.0,-1.0,-1.0,0.0,0.0,0.0,0.0
1791663197.91,3414543.0,220.6,85.4,12.9,0.0,175.0,0.0,89.97,0.36,0.0,225.42,0.0,1212.471843,100049.1,0.99,78.8,-598435.2,300821.8,0.9948,0.097,551.6,-0.09723,-74.55767,0.26,0,-1.0,-1.0,-1.0,-1.0,-1.0,0.0,0.0,0.0,0.0
1791663198.41,3414543.5,221.1,85.4,12.9,0.0,175.0,0.0,89.97,0.36,0.0,225.41,0.0,1212.471843,100049.1,0.99,78.8,-598435.2,300821.8,0.9948,0.097,551.6,-0.09723,-74.55767,0.26,0,-1.0,-1.0,-1.0,-1.0,-1.0,0.0,0.0,0.0,0.0
1791663198.91,3414544.0,221.6,85.4,12.9,0.0,175.0,0.0,89.97,0.36,0.0,225.4,0.0,1212.471843,100049.1,0.99,78.8,-598435.2,300821.8,0.9948,0.097,551.6,-0.09723,-74.55767,0.26,0,-1.0,-1.0,-1.0,-1.0,-1.0,0.0,0.0,0.0,0.0
1791663199.41,3414544.4,222.1,85.4,12.9,0.0,175.0,0.0,89.97,0.36,0.0,225.39,0.0,1212.471843,100049.1,0.99,78.8,-598435.2,300821.8,0.9948,0.097,551.6,-0.09723,-74.55767,0.26,0,-1.0,-1.0,-1.0,-1.0,-1.0,0.0,0.0,0.0,0.0
1791663199.92,3414544.9,222.6,85.4,12.9,0.0,175.0,0.0,89.97,0.36,0.0,225.38,0.0,1212.471843,100049.1,0.99,78.8,-598435.2,300821.8,0.9948,0.097,551.6,-0.09723,-74.55767,0.26,0,-1.0,-1.0,-1.0,-1.0,-1.0,0.0,0.0,0.0,0.0
1791663200.42,3414545.4,223.1,85.4,12.9,0.0,175.0,0.0,89.96,0.36,0.0,225.38,0.0,1212.471843,100049.1,0.99,78.8,-598435.2,300821.8,0.9948,0.097,551.6,-0.09723,-74.55767,0.26,0,-1.0,-1.0,-1.0,-1.0,-1.0,0.0,0.0,0.0,0.0
1791663200.92,3414545.9,223.6,85.4,12.9,0.0,175.0,0.0,89.96,0.36,0.0,225.37,0.0,1212.471843,100049.1,0.99,78.8,-598435.2,300821.8,0.9948,0.097,551.6,-0.09723,-74.55767,0.26,0,-1.0,-1.0,-1.0,-1.0,-1.0,0.0,0.0,0.0,0.0
1791663201.42,3414546.4,224.1,85.4,12.9,0.0,175.0,0.0,89.96,0.36,0.0,225.36,0.0,1212.471843,100049.1,0.99,78.8,-598435.2,300821.8,0.9948,0.097,551.6,-0.09723,-74.55767,0.26,0,-1.0,-1.0,-1.0,-1.0,-1.0,0.0,0.0,0.0,0.0
1791663201.93,3414546.9,224.6,85.4,12.9,0.0,175.0,0.0,89.97,0.36,0.0,225.35,0.0,1212.471843,100049.1,0.99,78.8,-598435.2,300821.8,0.9948,0.097,551.6,-0.09723,-74.55767,0.26,0,-1.0,-1.0,-1.0,-1.0,-1.0,0.0,0.0,0.0,0.0
1791663202.43,3414547.0,225.1,85.4,12.9,0.0,175.0,0.0,89.96,0.36,0.0,225.35,0.0,1212.471843,100049.1,0.99,78.8,-598435.2,300821.8,0.9948,0.097,551.6,-0.09723,-74.55767,0.26,0,-1.0,-1.0,-1.0,-1.0,-1.0,0.0,0.0,0.0,0.0
1791663202.93,3414547.0,225.6,85.4,12.9,0.0,175.0,0.0,89.96,0.36,0.0,225.35,0.0,1212.471843,100049.1,0.99,78.8,-598435.2,300821.8,0.9948,0.097,551.6,-0.09723,-74.55767,0.26,0,-1.0,-1.0,-1.0,-1.0,-1.0,0.0,0.0,0.0,0.0
1791663203.43,3414547.1,226.1,85.4,12.9,0.0,175.0,0.0,89.97,0.36,0.0,225.35,0.0,1212.471843,100049.1,0.99,78.8,-598435.2,300821.8,0.9948,0.097,551.6,-0.09723,-74.55767,0.26,0,-1.0,-1.0,-1.0,-1.0,-1.0,0.0,0.0,0.0,0.0
1791663203.93,3414547.1,226.6,85.4,12.9,0.0,175.0,0.0,89.97,0.36,0.0,225.35,0.0,1212.471843,100049.1,0.99,78.8,-598435.2,300821.8,0.9948,0.097,551.6,-0.09723,-74.55767,0.26,0,-1.0,-1.0,-1.0,-1.0,-1.0,0.0,0.0,0.0,0.0
1791663204.43,3414547.1,227.1,85.4,12.9,0.0,175.0,0.0,89.97,0.36,0.0,225.35,0.0,1212.471843,100049.1,0.99,78.8,-598435.2,300821.8,0.9948,0.097,551.6,-0.09723,-74.55767,0.26,0,-1.0,-1.0,-1.0,-1.0,-1.0,0.0,0.0,0.0,0.0
1791663204.94,3414547.1,227.6,85.4,12.9,0.0,175.0,0.0,89.97,0.36,0.0,225.35,0.0,1212.471843,100049.1,0.99,78.8,-598435.2,300821.8,0.9948,0.097,551.6,-0.09723,-74.55767,0.26,0,-1.0,-1.0,-1.0,-1.0,-1.0,0.0,0.0,0.0,0.0
1791663205.44,3414547.3,228.1,85.4,12.9,0.0,175.0,0.0,89.97,0.36,0.0,225.34,0.0,1212.471843,100049.1,0.99,78.8,-598435.2,300821.8,0.9948,0.097,551.6,-0.09723,-74.55767,0.26,0,-1.0,-1.0,-1.0,-1.0,-1.0,0.0,0.0,0.0,0.0
1791663205.94,3414547.8,228.6,85.4,12.9,0.0,175.0,0.0,89.96,0.36,0.0,225.34,0.0,1212.471843,100049.1,0.99,78.8,-598435.2,300821.8,0.9948,0.097,551.6,-0.09723,-74.55767,0.26,0,-1.0,-1.0,-1.0,-1.0,-1.0,0.0,0.0,0.0,0.0
1791663206.44,3414548.4,229.1,85.4,12.9,0.0,175.0,0.0,89.96,0.36,0.0,225.33,0.0,1212.471843,100049.1,0.99,78.8,-598435.2,300821.8,0.9948,0.097,551.6,-0.09723,-74.55767,0.26,0,-1.0,-1.0,-1.0,-1.0,-1.0,0.0,0.0,0.0,0.0
1791663206.94,3414548.9,229.6,85.4,12.9,0.0,175.0,0.0,89.96,0.36,0.0,225.32,0.0,1212.471843,100049.1,0.99,78.8,-598435.2,300821.8,0.9948,0.097,551.6,-0.09723,-74.55767,0.26,0,-1.0,-1.0,-1.0,-1.0,-1.0,0.0,0.0,0.0,0.0
1791663207.44,3414549.3,230.1,85.4,12.9,0.0,175.0,0.0,89.97,0.36,0.0,225.31,0.0,1212.471843,100049.1,0.99,78.8,-598435.2,300821.8,0.9948,0.097,551.6,-0.09723,-74.55767,0.26,0,-1.0,-1.0,-1.0,-1.0,-1.0,0.0,0.0,0.0,0.0
1791663207.95,3414549.9,230.6,85.4,12.9,0.0,175.0,0.0,89.96,0.36,0.0,225.3,0.0,1212.471843,100049.1,0.99,78.8,-598435.2,300821.8,0.9948,0.097,551.6,-0.09723,-74.55767,0.26,0,-1.0,-1.0,-1.0,-1.0,-1.0,0.0,0.0,0.0,0.0
1791663208.45,3414550.4,231.1,85.4,12.9,0.0,175.0,0.0,89.96,0.36,0.0,225.29,0.0,1212.471843,100049.1,0.99,78.8,-598435.2,300821.8,0.9948,0.097,551.6,-0.09723,-74.55767,0.26,0,-1.0,-1.0,-1.0,-1.0,-1.0,0.0,0.0,0.0,0.0
1791663208.95,3414550.9,231.6,85.4,12.9,0.0,175.0,0.0,89.96,0.36,0.0,225.29,0.0,1212.471843,100049.1,0.99,78.8,-598435.2,300821.8,0.9948,0.097,551.6,-0.09723,-74.55767,0.26,0,-1.0,-1.0,-1.0,-1.0,-1.0,0.0,0.0,0.0,0.0
1791663209.46,3414551.4,232.1,85.4,12.9,0.0,175.0,0.0,89.96,0.36,0.0,225.28,0.0,1212.471843,100049.1,0.99,78.8,-598435.2,300821.8,0.9948,0.097,551.6,-0.09723,-74.55767,0.26,0,-1.0,-1.0,-1.0,-1.0,-1.0,0.0,0.0,0.0,0.0
1791663209.97,3414551.9,232.6,85.4,12.9,0.0,175.0,0.0,89.97,0.36,0.0,225.27,0.0,1212.471843,100049.1,0.99,78.8,-598435.2,300821.8,0.9948,0.097,551.6,-0.09723,-74.55767,0.26,0,-1.0,-1.0,-1.0,-1.0,-1.0,0.0,0.0,0.0,0.0
1791663210.47,3414552.3,233.1,85.4,12.9,0.0,175.0,0.0,89.97,0.36,0.0,225.26,0.0,1212.471843,100049.1,0.99,78.8,-598435.2,300821.8,0.9948,0.097,551.6,-0.09723,-74.55767,0.26,0,-1.0,-1.0,-1.0,-1.0,-1.0,0.0,0.0,0.0,0.0
1791663210.97,3414552.8,233.6,85.4,12.9,0.0,175.0,0.0,89.96,0.36,0.0,225.25,0.0,1212.471843,100049.1,0.99,78.8,-598435.2,300821.8,0.9948,0.097,551.6,-0.09723,-74.55767,0.26,0,-1.0,-1.0,-1.0,-1.0,-1.0,0.0,0.0,0.0,0.0
1791663211.48,3414553.3,234.1,85.4,12.9,0.0,175.0,0.0,89.96,0.36,0.0,225.24,0.0,1212.471843,100049.1,0.99,78.8,-598435.2,300821.8,0.9948,0.097,551.6,-0.09723,-74.55767,0.26,0,-1.0,-1.0,-1.0,-1.0,-1.0,0.0,0.0,0.0,0.0
1791663211.98,3414553.8,234.6,85.4,12.9,0.0,175.0,0.0,89.97,0.36,0.0,225.24,0.0,1212.471843,100049.1,0.99,78.8,-598435.2,300821.8,0.9948,0.097,551.6,-0.09723,-74.55767,0.26,0,-1.0,-1.0,-1.0,-1.0,-1.0,0.0,0.0,0.0,0.0
1791663212.48,3414554.3,235.2,85.4,12.9,0.0,175.0,0.0,89.97,0.36,0.0,225.23,0.0,1212.471843,100049.1,0.99,78.8,-598435.2,300821.8,0.9948,0.097,551.6,-0.09723,-74.55767,0.26,0,-1.0,-1.0,-1.0,-1.0,-1.0,0.0,0.0,0.0,0.0
1791663212.98,3414554.8,235.7,85.4,12.9,0.0,175.0,0.0,89.97,0.36,0.0,225.22,0.0,1212.471843,100049.1,0.99,78.8,-598435.2,300821.8,0.9948,0.097,551.6,-0.09723,-74.55767,0.26,0,-1.0,-1.0,-1.0,-1.0,-1.0,0.0,0.0,0.0,0.0
1791663213.48,3414555.0,236.2,85.4,12.9,0.0,175.0,0.0,89.96,0.36,0.0,225.22,0.0,1212.471843,100049.1,0.99,78.8,-598435.2,300821.8,0.9948,0.097,551.6,-0.09723,-74.55767,0.26,0,-1.0,-1.0,-1.0,-1.0,-1.0,0.0,0.0,0.0,0.0
1791663213.98,3414555.0,236.7,85.4,12.9,0.0,175.0,0.0,89.96,0.36,0.0,225.22,0.0,1212.471843,100049.1,0.99,78.8,-598435.2,300821.8,0.9948,0.097,551.6,-0.09723,-74.55767,0.26,0,-1.0,-1.0,-1.0,-1.0,-1.0,0.0,0.0,0.0,0.0
1791663214.49,3414555.0,237.2,85.4,12.9,0.0,175.0,0.0,89.96,0.36,0.0,225.22,0.0,1212.471843,100049.1,0.99,78.8,-598435.2,300821.8,0.9948,0.097,551.6,-0.09723,-74.55767,0.26,0,-1.0,-1.0,-1.0,-1.0,-1.0,0.0,0.0,0.0,0.0
1791663214.99,3414555.0,237.7,85.4,12.9,0.0,175.0,0.0,89.96,0.36,0.0,225.22,0.0,1212.471843,100049.1,0.99,78.8,-598435.2,300821.8,0.9948,0.097,551.6,-0.09723,-74.55767,0.26,0,-1.0,-1.0,-1.0,-1.0,-1.0,0.0,0.0,0.0,0.0
1791663215.49,3414555.1,238.2,85.4,12.9,0.0,175.0,0.0,89.96,0.36,0.0,225.22,0.0,1212.471843,100049.1,0.99,78.8,-598435.2,300821.8,0.9948,0.097,551.6,-0.09723,-74.55767,0.26,0,-1.0,-1.0,-1.0,-1.0,-1.0,0.0,0.0,0.0,0.0
1791663215.99,3414555.1,238.7,85.4,12.9,0.0,175.0,0.0,89.96,0.36,0.0,225.22,0.0,1212.471843,100049.1,0.99,78.8,-598435.2,300821.8,0.9948,0.097,551.6,-0.09723,-74.55767,0.26,0,-1.0,-1.0,-1.0,-1.0,-1.0,0.0,0.0,0.0,0.0
1791663216.49,3414555.1,239.2,85.4,12.9,0.0,175.0,0.0,89.96,0.36,0.0,225.21,0.0,1212.471843,100049.1,0.99,78.8,-598435.2,300821.8,0.9948,0.097,551.6,-0.09723,-74.55767,0.26,0,-1.0,-1.0,-1.0,-1.0,-1.0,0.0,0.0,0.0,0.0
1791663216.99,3414555.1,239.7,85.4,12.9,0.0,175.0,0.0,89.96,0.36,0.0,225.21,0.0,1212.471843,100049.1,0.99,78.8,-598435.2,300821.8,0.9948,0.097,551.6,-0.09723,-74.55767,0.26,0,-1.0,-1.0,-1.0,-1.0,-1.0,0.0,0.0,0.0,0.0
1791663217.5,3414555.2,240.2,85.4,12.9,0.0,175.0,0.0,89.96,0.36,0.0,225.21,0.0,1212.471843,100049.1,0.99,78.8,-598435.2,300821.8,0.9948,0.097,551.6,-0.09723,-74.55767,0.26,0,-1.0,-1.0,-1.0,-1.0,-1.0,0.0,0.0,0.0,0.0
1791663218.0,3414555.2,240.7,85.4,12.9,0.0,175.0,0.0,89.96,0.36,0.0,225.21,0.0,1212.471843,100049.1,0.99,78.8,-598435.2,300821.8,0.9948,0.097,551.6,-0.09723,-74.55767,0.26,0,-1.0,-1.0,-1.0,-1.0,-1.0,0.0,0.0,0.0,0.0
1791663218.5,3414555.2,241.2,85.4,12.9,0.0,175.0,0.0,89.96,0.36,0.0,225.21,0.0,1212.471843,100049.1,0.99,78.8,-598435.2,300821.8,0.9948,0.097,551.6,-0.09723,-74.55767,0.26,0,-1.0,-1.0,-1.0,-1.0,-1.0,0.0,0.0,0.0,0.0
1791663219.0,3414555.2,241.7,85.4,12.9,0.0,175.0,0.0,89.96,0.36,0.0,225.21,0.0,1212.471843,100049.1,0.99,78.8,-598435.2,300821.8,0.9948,0.097,551.6,-0.09723,-74.55767,0.26,0,-1.0,-1.0,-1.0,-1.0,-1.0,0.0,0.0,0.0,0.0
1791663219.5,3414555.2,242.2,85.4,12.9,0.0,175.0,0.0,89.96,0.36,0.0,225.21,0.0,1212.471843,100049.1,0.99,78.8,-598435.2,300821.8,0.9948,0.097,551.6,-0.09723,-74.55767,0.26,0,-1.0,-1.0,-1.0,-1.0,-1.0,0.0,0.0,0.0,0.0
1791663220.0,3414555.2,242.7,85.4,12.9,0.0,175.0,0.0,89.96,0.36,0.0,225.21,0.0,1212.471843,100049.1,0.99,78.8,-598435.2,300821.8,0.9948,0.097,551.6,-0.09723,-74.55767,0.26,0,-1.0,-1.0,-1.0,-1.0,-1.0,0.0,0.0,0.0,0.0
1791663220.5,3414555.5,243.2,85.4,12.9,0.0,175.0,0.0,89.96,0.36,0.0,225.21,0.0,1212.471843,100049.1,0.99,78.8,-598435.2,300821.8,0.9948,0.097,551.6,-0.09723,-74.55767,0.26,0,-1.0,-1.0,-1.0,-1.0,-1.0,0.0,0.0,0.0,0.0
1791663221.01,3414556.0,243.7,85.4,12.9,0.0,175.0,0.0,89.96,0.36,0.0,225.2,0.0,1212.471843,100049.1,0.99,78.8,-598435.2,300821.8,0.9948,0.097,551.6,-0.09723,-74.55767,0.26,0,-1.0,-1.0,-1.0,-1.0,-1.0,0.0,0.0,0.0,0.0
1791663221.51,3414556.5,244.2,85.4,12.9,0.0,175.0,0.0,89.97,0.36,0.0,225.19,0.0,1212.471843,100049.1,0.99,78.8,-598435.2,300821.8,0.9948,0.097,551.6,-0.09723,-74.55767,0.26,0,-1.0,-1.0,-1.0,-1.0,-1.0,0.0,0.0,0.0,0.0
1791663222.01,3414557.0,244.7,85.4,12.9,0.0,175.0,0.0,89.96,0.36,0.0,225.18,0.0,1212.471843,100049.1,0.99,78.8,-598435.2,300821.8,0.9948,0.097,551.6,-0.09723,-74.55767,0.26,0,-1.0,-1.0,-1.0,-1.0,-1.0,0.0,0.0,0.0,0.0
1791663222.52,3414557.5,245.2,85.4,12.9,0.0,175.0,0.0,89.96,0.36,0.0,225.17,0.0,1212.471843,100049.1,0.99,78.8,-598435.2,300821.8,0.9948,0.097,551.6,-0.09723,-74.55767,0.26,0,-1.0,-1.0,-1.0,-1.0,-1.0,0.0,0.0,0.0,0.0
1791663223.02,3414558.0,245.7,85.4,12.9,0.0,175.0,0.0,89.96,0.36,0.0,225.17,0.0,1212.471843,100049.1,0.99,78.8,-598435.2,300821.8,0.9948,0.097,551.6,-0.09723,-74.55767,0.26,0,-1.0,-1.0,-1.0,-1.0,-1.0,0.0,0.0,0.0,0.0
1791663223.52,3414558.5,246.2,85.4,12.9,0.0,175.0,0.0,89.97,0.36,0.0,225.16,0.0,1212.471843,100049.1,0.99,78.8,-598435.2,300821.8,0.9948,0.097,551.6,-0.09723,-74.55767,0.26,0,-1.0,-1.0,-1.0,-1.0,-1.0,0.0,0.0,0.0,0.0
1791663224.02,3414559.0,246.7,85.4,12.9,0.0,175.0,0.0,89.96,0.36,0.0,225.15,0.0,1212.471843,100049.1,0.99,78.8,-598435.2,300821.8,0.9948,0.097,551.6,-0.09723,-74.55767,0.26,0,-1.0,-1.0,-1.0,-1.0,-1.0,0.0,0.0,0.0,0.0
1791663224.52,3414559.5,247.2,85.4,12.9,0.0,175.0,0.0,89.97,0.36,0.0,225.14,0.0,1212.471843,100049.1,0.99,78.8,-598435.2,300821.8,0.9948,0.097,551.6,-0.09723,-74.55767,0.26,0,-1.0,-1.0,-1.0,-1.0,-1.0,0.0,0.0,0.0,0.0
1791663225.03,3414560.0,247.7,85.4,12.9,0.0,175.0,0.0,89.97,0.36,0.0,225.13,0.0,1212.471843,100049.1,0.99,78.8,-598435.2,300821.8,0.9948,0.097,551.6,-0.09723,-74.55767,0.26,0,-1.0,-1.0,-1.0,-1.0,-1.0,0.0,0.0,0.0,0.0
1791663225.53,3414560.5,248.2,85.4,12.9,0.0,175.0,0.0,89.97,0.36,0.0,225.12,0.0,1212.471843,100049.1,0.99,78.8,-598435.2,300821.8,0.9948,0.097,551.6,-0.09723,-74.55767,0.26,0,-1.0,-1.0,-1.0,-1.0,-1.0,0.0,0.0,0.0,0.0
1791663226.03,3414561.0,248.7,85.4,12.9,0.0,175.0,0.0,89.97,0.36,0.0,225.12,0.0,1212.471843,100049.1,0.99,78.8,-598435.2,300821.8,0.9948,0.097,551.6,-0.09723,-74.55767,0.26,0,-1.0,-1.0,-1.0,-1.0,-1.0,0.0,0.0,0.0,0.0
1791663226.53,3414561.5,249.2,85.4,12.9,0.0,175.0,0.0,89.97,0.36,0.0,225.11,0.0,1212.471843,100049.1,0.99,78.8,-598435.2,300821.8,0.9948,0.097,551.6,-0.09723,-74.55767,0.26,0,-1.0,-1.0,-1.0,-1.0,-1.0,0.0,0.0,0.0,0.0
1791663227.03,3414562.0,249.7,85.4,12.9,0.0,175.0,0.0,89.96,0.36,0.0,225.1,0.0,1212.471843,100049.1,0.99,78.8,-598435.2,300821.8,0.9948,0.097,551.6,-0.09723,-74.55767,0.26,0,-1.0,-1.0,-1.0,-1.0,-1.0,0.0,0.0,0.0,0.0
1791663227.53,3414562.5,250.2,85.4,12.9,0.0,175.0,0.0,89.96,0.36,0.0,225.09,0.0,1212.471843,100049.1,0.99,78.8,-598435.2,300821.8,0.9948,0.097,551.6,-0.09723,-74.55767,0.26,0,-1.0,-1.0,-1.0,-1.0,-1.0,0.0,0.0,0.0,0.0
1791663228.04,3414563.0,250.7,85.4,12.9,0.0,175.0,0.0,89.97,0.36,0.0,225.08,0.0,1212.471843,100049.1,0.99,78.8,-598435.2,300821.8,0.9948,0.097,551.6,-0.09723,-74.55767,0.26,0,-1.0,-1.0,-1.0,-1.0,-1.0,0.0,0.0,0.0,0.0
1791663228.54,3414563.5,251.2,85.4,12.9,0.0,175.0,0.0,89.96,0.36,0.0,225.07,0.0,1212.471843,100049.1,0.99,78.8,-598435.2,300821.8,0.9948,0.097,551.6,-0.09723,-74.55767,0.26,0,-1.0,-1.0,-1.0,-1.0,-1.0,0.0,0.0,0.0,0.0
1791663229.04,3414564.0,251.7,85.4,12.9,0.0,175.0,0.0,89.96,0.36,0.0,225.07,0.0,1212.471843,100049.1,0.99,78.8,-598435.2,300821.8,0.9948,0.097,551.6,-0.09723,-74.55767,0.26,0,-1.0,-1.0,-1.0,-1.0,-1.0,0.0,0.0,0.0,0.0
1791663229.54,3414564.1,252.2,85.4,12.9,0.0,175.0,0.0,89.97,0.36,0.0,225.06,0.0,1212.471843,100049.1,0.99,78.8,-598435.2,300821.8,0.9948,0.097,551.6,-0.09723,-74.55767,0.26,0,-1.0,-1.0,-1.0,-1.0,-1.0,0.0,0.0,0.0,0.0
1791663230.04,3414564.1,252.7,85.4,12.9,0.0,175.0,0.0,89.97,0.36,0.0,225.06,0.0,1212.471843,100049.1,0.99,78.8,-598435.2,300821.8,0.9948,0.097,551.6,-0.09723,-74.55767,0.26,0,-1.0,-1.0,-1.0,-1.0,-1.0,0.0,0.0,0.0,0.0
1791663230.54,3414564.2,253.2,85.4,12.9,0.0,175.0,0.0,89.96,0.36,0.0,225.06,0.0,1212.471843,100049.1,0.99,78.8,-598435.2,300821.8,0.9948,0.097,551.6,-0.09723,-74.55767,0.26,0,-1.0,-1.0,-1.0,-1.0,-1.0,0.0,0.0,0.0,0.0
1791663231.05,3414564.2,253.7,85.4,12.9,0.0,175.0,0.0,89.96,0.36,0.0,225.06,0.0,1212.471843,100049.1,0.99,78.8,-598435.2,300821.8,0.9948,0.097,551.6,-0.09723,-74.55767,0.26,0,-1.0,-1.0,-1.0,-1.0,-1.0,0.0,0.0,0.0,0.0
1791663231.55,3414564.2,254.2,85.4,12.9,0.0,175.0,0.0,89.96,0.36,0.0,225.06,0.0,1212.471843,100049.1,0.99,78.8,-598435.2,300821.8,0.9948,0.097,551.6,-0.09723,-74.55767,0.26,0,-1.0,-1.0,-1.0,-1.0,-1.0,0.0,0.0,0.0,0.0
1791663232.05,3414564.2,254.7,85.4,12.9,0.0,175.0,0.0,89.96,0.36,0.0,225.06,0.0,1212.471843,100049.1,0.99,78.8,-598435.2,300821.8,0.9948,0.097,551.6,-0.09723,-74.55767,0.26,0,-1.0,-1.0,-1.0,-1.0,-1.0,0.0,0.0,0.0,0.0
1791663232.55,3414564.2,255.2,85.4,12.9,0.0,175.0,0.0,89.96,0.36,0.0,225.06,0.0,1212.471843,100049.1,0.99,78.8,-598435.2,300821.8,0.9948,0.097,551.6,-0.09723,-74.55767,0.26,0,-1.0,-1.0,-1.0,-1.0,-1.0,0.0,0.0,0.0,0.0
1791663233.05,3414564.2,255.7,85.4,12.9,0.0,175.0,0.0,89.96,0.36,0.0,225.06,0.0,1212.471843,100049.1,0.99,78.8,-598435.2,300821.8,0.9948,0.097,551.6,-0.09723,-74.55767,0.26,0,-1.0,-1.0,-1.0,-1.0,-1.0,0.0,0.0,0.0,0.0
1791663233.55,3414564.3,256.2,85.4,12.9,0.0,175.0,0.0,89.96,0.36,0.0,225.06,0.0,1212.471843,100049.1,0.99,78.8,-598435.2,300821.8,0.9948,0.097,551.6,-0.09723,-74.55767,0.26,0,-1.0,-1.0,-1.0,-1.0,-1.0,0.0,0.0,0.0,0.0
1791663234.06,3414564.3,256.7,85.4,12.9,0.0,175.0,0.0,89.96,0.36,0.0,225.06,0.0,1212.471843,100049.1,0.99,78.8,-598435.2,300821.8,0.9948,0.097,551.6,-0.09723,-74.55767,0.26,0,-1.0,-1.0,-1.0,-1.0,-1.0,0.0,0.0,0.0,0.0
1791663234.56,3414564.3,257.2,85.4,12.9,0.0,175.0,0.0,89.96,0.36,0.0,225.06,0.0,1212.471843,100049.1,0.99,78.8,-598435.2,300821.8,0.9948,0.097,551.6,-0.09723,-74.55767,0.26,0,-1.0,-1.0,-1.0,-1.0,-1.0,0.0,0.0,0.0,0.0
1791663235.06,3414564.3,257.7,85.4,12.9,0.0,175.0,0.0,89.96,0.36,0.0,225.06,0.0,1212.471843,100049.1,0.99,78.8,-598435.2,300821.8,0.9948,0.097,551.6,-0.09723,-74.55767,0.26,0,-1.0,-1.0,-1.0,-1.0,-1.0,0.0,0.0,0.0,0.0
1791663235.56,3414564.4,258.2,85.4,12.9,0.0,175.0,0.0,89.96,0.36,0.0,225.06,0.0,1212.471843,100049.1,0.99,78.8,-598435.2,300821.8,0.9948,0.097,551.6,-0.09723,-74.55767,0.26,0,-1.0,-1.0,-1.0,-1.0,-1.0,0.0,0.0,0.0,0.0
1791663236.06,3414564.4,258.7,85.4,12.9,0.0,175.0,0.0,89.96,0.36,0.0,225.06,0.0,1212.471843,100049.1,0.99,78.8,-598435.2,300821.8,0.9948,0.097,551.6,-0.09723,-74.55767,0.26,0,-1.0,-1.0,-1.0,-1.0,-1.0,0.0,0.0,0.0,0.0
1791663236.56,3414564.4,259.2,85.4,12.9,0.0,175.0,0.0,89.96,0.36,0.0,225.06,0.0,1212.471843,100049.1,0.99,78.8,-598435.2,300821.8,0.9948,0.097,551.6,-0.09723,-74.55767,0.26,0,-1.0,-1.0,-1.0,-1.0,-1.0,0.0,0.0,0.0,0.0
1791663237.06,3414564.4,259.7,85.4,12.9,0.0,175.0,0.0,89.96,0.36,0.0,225.06,0.0,1212.471843,100049.1,0.99,78.8,-598435.2,300821.8,0.9948,0.097,551.6,-0.09723,-74.55767,0.26,0,-1.0,-1.0,-1.0,-1.0,-1.0,0.0,0.0,0.0,0.0
1791663237.57,3414564.4,260.2,85.4,12.9,0.0,175.0,0.0,89.96,0.36,0.0,225.06,0.0,1212.471843,100049.1,0.99,78.8,-598435.2,300821.8,0.9948,0.097,551.6,-0.09723,-74.55767,0.26,0,-1.0,-1.0,-1.0,-1.0,-1.0,0.0,0.0,0.0,0.0
1791663238.07,3414564.4,260.7,85.4,12.9,0.0,175.0,0.0,89.96,0.36,0.0,225.06,0.0,1212.471843,100049.1,0.99,78.8,-598435.2,300821.8,0.9948,0.097,551.6,-0.09723,-74.55767,0.26,0,-1.0,-1.0,-1.0,-1.0,-1.0,0.0,0.0,0.0,0.0
1791663238.57,3414564.5,261.2,85.4,12.9,0.0,175.0,0.0,89.96,0.36,0.0,225.06,0.0,1212.471843,100049.1,0.99,78.8,-598435.2,300821.8,0.9948,0.097,551.6,-0.09723,-74.55767,0.26,0,-1.0,-1.0,-1.0,-1.0,-1.0,0.0,0.0,0.0,0.0
1791663239.07,3414564.5,261.7,85.4,12.9,0.0,175.0,0.0,89.96,0.36,0.0,225.06,0.0,1212.471843,100049.1,0.99,78.8,-598435.2,300821.8,0.9948,0.097,551.6,-0.09723,-74.55767,0.26,0,-1.0,-1.0,-1.0,-1.0,-1.0,0.0,0.0,0.0,0.0
1791663239.57,3414564.5,262.2,85.4,12.9,0.0,175.0,0.0,89.96,0.36,0.0,225.06,0.0,1212.471843,100049.1,0.99,78.8,-598435.2,300821.8,0.9948,0.097,551.6,-0.09723,-74.55767,0.26,0,-1.0,-1.0,-1.0,-1.0,-1.0,0.0,0.0,0.0,0.0
1791663240.07,3414564.5,262.7,85.4,12.9,0.0,175.0,0.0,89.96,0.36,0.0,225.06,0.0,1212.471843,100049.1,0.99,78.8,-598435.2,300821.8,0.9948,0.097,551.6,-0.09723,-74.55767,0.26,0,-1.0,-1.0,-1.0,-1.0,-1.0,0.0,0.0,0.0,0.0
1791663240.58,3414564.6,263.2,85.4,12.9,0.0,175.0,0.0,89.96,0.36,0.0,225.06,0.0,1212.471843,100049.1,0.99,78.8,-598435.2,300821.8,0.9948,0.097,551.6,-0.09723,-74.55767,0.26,0,-1.0,-1.0,-1.0,-1.0,-1.0,0.0,0.0,0.0,0.0
1791663241.08,3414564.6,263.7,85.4,12.9,0.0,175.0,0.0,89.96,0.36,0.0,225.06,0.0,1212.471843,100049.1,0.99,78.8,-598435.2,300821.8,0.9948,0.097,551.6,-0.09723,-74.55767,0.26,0,-1.0,-1.0,-1.0,-1.0,-1.0,0.0,0.0,0.0,0.0
1791663241.58,3414564.6,264.2,85.4,12.9,0.0,175.0,0.0,89.96,0.36,0.0,225.06,0.0,1212.471843,100049.1,0.99,78.8,-598435.2,300821.8,0.9948,0.097,551.6,-0.09723,-74.55767,0.26,0,-1.0,-1.0,-1.0,-1.0,-1.0,0.0,0.0,0.0,0.0
1791663242.08,3414564.6,264.8,85.4,12.9,0.0,175.0,0.0,89.96,0.36,0.0,225.06,0.0,1212.471843,100049.1,0.99,78.8,-598435.2,300821.8,0.9948,0.097,551.6,-0.09723,-74.55767,0.26,0,-1.0,-1.0,-1.0,-1.0,-1.0,0.0,0.0,0.0,0.0
1791663242.58,3414564.6,265.3,85.4,12.9,0.0,175.0,0.0,89.97,0.36,0.0,225.06,0.0,1212.471843,100049.1,0.99,78.8,-598435.2,300821.8,0.9948,0.097,551.6,-0.09723,-74.55767,0.26,0,-1.0,-1.0,-1.0,-1.0,-1.0,0.0,0.0,0.0,0.0
1791663243.08,3414564.6,265.8,85.4,12.9,0.0,175.0,0.0,89.97,0.36,0.0,225.06,0.0,1212.471843,100049.1,0.99,78.8,-598435.2,300821.8,0.9948,0.097,551.6,-0.09723,-74.55767,0.26,0,-1.0,-1.0,-1.0,-1.0,-1.0,0.0,0.0,0.0,0.0
1791663243.58,3414564.7,266.3,85.4,12.9,0.0,175.0,0.0,89.97,0.36,0.0,225.06,0.0,1212.471843,100049.1,0.99,78.8,-598435.2,300821.8,0.9948,0.097,551.6,-0.09723,-74.55767,0.26,0,-1.0,-1.0,-1.0,-1.0,-1.0,0.0,0.0,0.0,0.0
1791663244.09,3414564.7,266.8,85.4,12.9,0.0,175.0,0.0,89.97,0.36,0.0,225.06,0.0,1212.471843,100049.1,0.99,78.8,-598435.2,300821.8,0.9948,0.097,551.6,-0.09723,-74.55767,0.26,0,-1.0,-1.0,-1.0,-1.0,-1.0,0.0,0.0,0.0,0.0
1791663244.59,3414564.7,267.3,85.4,12.9,0.0,175.0,0.0,89.97,0.36,0.0,225.05,0.0,1212.471843,100049.1,0.99,78.8,-598435.2,300821.8,0.9948,0.097,551.6,-0.09723,-74.55767,0.26,0,-1.0,-1.0,-1.0,-1.0,-1.0,0.0,0.0,0.0,0.0
1791663245.09,3414564.7,267.8,85.4,12.9,0.0,175.0,0.0,89.97,0.36,0.0,225.05,0.0,1212.471843,100049.1,0.99,78.8,-598435.2,300821.8,0.9948,0.097,551.6,-0.09723,-74.55767,0.26,0,-1.0,-1.0,-1.0,-1.0,-1.0,0.0,0.0,0.0,0.0
1791663245.59,3414564.8,268.3,85.4,12.9,0.0,175.0,0.0,89.97,0.36,0.0,225.05,0.0,1212.471843,100049.1,0.99,78.8,-598435.2,300821.8,0.9948,0.097,551.6,-0.09723,-74.55767,0.26,0,-1.0,-1.0,-1.0,-1.0,-1.0,0.0,0.0,0.0,0.0
1791663246.09,3414564.8,268.8,85.4,12.9,0.0,175.0,0.0,89.97,0.36,0.0,225.05,0.0,1212.471843,100049.1,0.99,78.8,-598435.2,300821.8,0.9948,0.097,551.6,-0.09723,-74.55767,0.26,0,-1.0,-1.0,-1.0,-1.0,-1.0,0.0,0.0,0.0,0.0
1791663246.59,3414564.8,269.3,85.4,12.9,0.0,175.0,0.0,89.97,0.36,0.0,225.05,0.0,1212.471843,100049.1,0.99,78.8,-598435.2,300821.8,0.9948,0.097,551.6,-0.09723,-74.55767,0.26,0,-1.0,-1.0,-1.0,-1.0,-1.0,0.0,0.0,0.0,0.0
1791663247.1,3414564.8,269.8,85.4,12.9,0.0,175.0,0.0,89.97,0.36,0.0,225.05,0.0,1212.471843,100049.1,0.99,78.8,-598435.2,300821.8,0.9948,0.097,551.6,-0.09723,-74.55767,0.26,0,-1.0,-1.0,-1.0,-1.0,-1.0,0.0,0.0,0.0,0.0
1791663247.6,3414564.8,270.3,85.4,12.9,0.0,175.0,0.0,89.96,0.36,0.0,225.05,0.0,1212.471843,100049.1,0.99,78.8,-598435.2,300821.8,0.9948,0.097,551.6,-0.09723,-74.55767,0.26,0,-1.0,-1.0,-1.0,-1.0,-1.0,0.0,0.0,0.0,0.0
1791663248.1,3414564.8,270.8,85.4,12.9,0.0,175.0,0.0,89.96,0.36,0.0,225.05,0.0,1212.471843,100049.1,0.99,78.8,-598435.2,300821.8,0.9948,0.097,551.6,-0.09723,-74.55767,0.26,0,-1.0,-1.0,-1.0,-1.0,-1.0,0.0,0.0,0.0,0.0
1791663248.6,3414564.9,271.3,85.4,12.9,0.0,175.0,0.0,89.96,0.36,0.0,225.05,0.0,1212.471843,100049.1,0.99,78.8,-598435.2,300821.8,0.9948,0.097,551.6,-0.09723,-74.55767,0.26,0,-1.0,-1.0,-1.0,-1.0,-1.0,0.0,0.0,0.0,0.0
1791663249.1,3414564.9,271.8,85.4,12.9,0.0,175.0,0.0,89.96,0.36,0.0,225.05,0.0,1212.471843,100049.1,0.99,78.8,-598435.2,300821.8,0.9948,0.097,551.6,-0.09723,-74.55767,0.26,0,-1.0,-1.0,-1.0,-1.0,-1.0,0.0,0.0,0.0,0.0
1791663249.6,3414564.9,272.3,85.4,12.9,0.0,175.0,0.0,89.96,0.36,0.0,225.05,0.0,1212.471843,100049.1,0.99,78.8,-598435.2,300821.8,0.9948,0.097,551.6,-0.09723,-74.55767,0.26,0,-1.0,-1.0,-1.0,-1.0,-1.0,0.0,0.0,0.0,0.0
1791663250.1,3414564.9,272.8,85.4,12.9,0.0,175.0,0.0,89.96,0.36,0.0,225.05,0.0,1212.471843,100049.1,0.99,78.8,-598435.2,300821.8,0.9948,0.097,551.6,-0.09723,-74.55767,0.26,0,-1.0,-1.0,-1.0,-1.0,-1.0,0.0,0.0,0.0,0.0
1791663250.61,3414565.0,273.3,85.4,12.9,0.0,175.0,0.0,89.96,0.36,0.0,225.05,0.0,1212.471843,100049.1,0.99,78.8,-598435.2,300821.8,0.9948,0.097,551.6,-0.09723,-74.55767,0.26,0,-1.0,-1.0,-1.0,-1.0,-1.0,0.0,0.0,0.0,0.0
1791663251.11,3414565.0,273.8,85.4,12.9,0.0,175.0,0.0,89.96,0.36,0.0,225.05,0.0,1212.471843,100049.1,0.99,78.8,-598435.2,300821.8,0.9948,0.097,551.6,-0.09723,-74.55767,0.26,0,-1.0,-1.0,-1.0,-1.0,-1.0,0.0,0.0,0.0,0.0
1791663251.61,3414565.0,274.3,85.4,12.9,0.0,175.0,0.0,89.96,0.36,0.0,225.05,0.0,1212.471843,100049.1,0.99,78.8,-598435.2,300821.8,0.9948,0.097,551.6,-0.09723,-74.55767,0.26,0,-1.0,-1.0,-1.0,-1.0,-1.0,0.0,0.0,0.0,0.0
1791663252.11,3414565.0,274.8,85.4,12.9,0.0,175.0,0.0,89.96,0.36,0.0,225.05,0.0,1212.471843,100049.1,0.99,78.8,-598435.2,300821.8,0.9948,0.097,551.6,-0.09723,-74.55767,0.26,0,-1.0,-1.0,-1.0,-1.0,-1.0,0.0,0.0,0.0,0.0
1791663252.61,3414565.0,275.3,85.4,12.9,0.0,175.0,0.0,89.97,0.36,0.0,225.05,0.0,1212.471843,100049.1,0.99,78.8,-598435.2,300821.8,0.9948,0.097,551.6,-0.09723,-74.55767,0.26,0,-1.0,-1.0,-1.0,-1.0,-1.0,0.0,0.0,0.0,0.0
1791663253.11,3414565.0,275.8,85.4,12.9,0.0,175.0,0.0,89.97,0.36,0.0,225.05,0.0,1212.471843,100049.1,0.99,78.8,-598435.2,300821.8,0.9948,0.097,551.6,-0.09723,-74.55767,0.26,0,-1.0,-1.0,-1.0,-1.0,-1.0,0.0,0.0,0.0,0.0
1791663253.61,3414565.1,276.3,85.4,12.9,0.0,175.0,0.0,89.97,0.36,0.0,225.05,0.0,1212.471843,100049.1,0.99,78.8,-598435.2,300821.8,0.9948,0.097,551.6,-0.09723,-74.55767,0.26,0,-1.0,-1.0,-1.0,-1.0,-1.0,0.0,0.0,0.0,0.0
1791663254.12,3414565.1,276.8,85.4,12.9,0.0,175.0,0.0,89.97,0.36,0.0,225.05,0.0,1212.471843,100049.1,0.99,78.8,-598435.2,300821.8,0.9948,0.097,551.6,-0.09723,-74.55767,0.26,0,-1.0,-1.0,-1.0,-1.0,-1.0,0.0,0.0,0.0,0.0
1791663254.62,3414565.1,277.3,85.4,12.9,0.0,175.0,0.0,89.97,0.36,0.0,225.05,0.0,1212.471843,100049.1,0.99,78.8,-598435.2,300821.8,0.9948,0.097,551.6,-0.09723,-74.55767,0.26,0,-1.0,-1.0,-1.0,-1.0,-1.0,0.0,0.0,0.0,0.0
1791663255.12,3414565.1,277.8,85.4,12.9,0.0,175.0,0.0,89.97,0.36,0.0,225.05,0.0,1212.471843,100049.1,0.99,78.8,-598435.2,300821.8,0.9948,0.097,551.6,-0.09723,-74.55767,0.26,0,-1.0,-1.0,-1.0,-1.0,-1.0,0.0,0.0,0.0,0.0
1791663255.62,3414565.2,278.3,85.4,12.9,0.0,175.0,0.0,89.96,0.36,0.0,225.05,0.0,1212.471843,100049.1,0.99,78.8,-598435.2,300821.8,0.9948,0.097,551.6,-0.09723,-74.55767,0.26,0,-1.0,-1.0,-1.0,-1.0,-1.0,0.0,0.0,0.0,0.0
1791663256.12,3414565.2,278.8,85.4,12.9,0.0,175.0,0.0,89.96,0.36,0.0,225.05,0.0,1212.471843,100049.1,0.99,78.8,-598435.2,300821.8,0.9948,0.097,551.6,-0.09723,-74.55767,0.26,0,-1.0,-1.0,-1.0,-1.0,-1.0,0.0,0.0,0.0,0.0
1791663256.62,3414565.2,279.3,85.4,12.9,0.0,175.0,0.0,89.97,0.36,0.0,225.05,0.0,1212.471843,100049.1,0.99,78.8,-598435.2,300821.8,0.9948,0.097,551.6,-0.09723,-74.55767,0.26,0,-1.0,-1.0,-1.0,-1.0,-1.0,0.0,0.0,0.0,0.0
1791663257.13,3414565.2,279.8,85.4,12.9,0.0,175.0,0.0,89.97,0.36,0.0,225.05,0.0,1212.471843,100049.1,0.99,78.8,-598435.2,300821.8,0.9948,0.097,551.6,-0.09723,-74.55767,0.26,0,-1.0,-1.0,-1.0,-1.0,-1.0,0.0,0.0,0.0,0.0
1791663257.63,3414565.2,280.3,85.4,12.9,0.0,175.0,0.0,89.96,0.36,0.0,225.05,0.0,1212.471843,100049.1,0.99,78.8,-598435.2,300821.8,0.9948,0.097,551.6,-0.09723,-74.55767,0.26,0,-1.0,-1.0,-1.0,-1.0,-1.0,0.0,0.0,0.0,0.0
1791663258.13,3414565.2,280.8,85.4,12.9,0.0,175.0,0.0,89.96,0.36,0.0,225.05,0.0,1212.471843,100049.1,0.99,78.8,-598435.2,300821.8,0.9948,0.097,551.6,-0.09723,-74.55767,0.26,0,-1.0,-1.0,-1.0,-1.0,-1.0,0.0,0.0,0.0,0.0
1791663258.63,3414565.3,281.3,85.4,12.9,0.0,175.0,0.0,89.96,0.36,0.0,225.05,0.0,1212.471843,100049.1,0.99,78.8,-598435.2,300821.8,0.9948,0.097,551.6,-0.09723,-74.55767,0.26,0,-1.0,-1.0,-1.0,-1.0,-1.0,0.0,0.0,0.0,0.0
1791663259.13,3414565.3,281.8,85.4,12.9,0.0,175.0,0.0,89.96,0.36,0.0,225.05,0.0,1212.471843,100049.1,0.99,78.8,-598435.2,300821.8,0.9948,0.097,551.6,-0.09723,-74.55767,0.26,0,-1.0,-1.0,-1.0,-1.0,-1.0,0.0,0.0,0.0,0.0
1791663259.63,3414565.3,282.3,85.4,12.9,0.0,175.0,0.0,89.96,0.36,0.0,225.04,0.0,1212.471843,100049.1,0.99,78.8,-598435.2,300821.8,0.9948,0.097,551.6,-0.09723,-74.55767,0.26,0,-1.0,-1.0,-1.0,-1.0,-1.0,0.0,0.0,0.0,0.0
1791663260.14,3414565.3,282.8,85.4,12.9,0.0,175.0,0.0,89.96,0.36,0.0,225.04,0.0,1212.471843,100049.1,0.99,78.8,-598435.2,300821.8,0.9948,0.097,551.6,-0.09723,-74.55767,0.26,0,-1.0,-1.0,-1.0,-1.0,-1.0,0.0,0.0,0.0,0.0
1791663260.64,3414565.4,283.3,85.4,12.9,0.0,175.0,0.0,89.96,0.36,0.0,225.04,0.0,1212.471843,100049.1,0.99,78.8,-598435.2,300821.8,0.9948,0.097,551.6,-0.09723,-74.55767,0.26,0,-1.0,-1.0,-1.0,-1.0,-1.0,0.0,0.0,0.0,0.0
1791663261.14,3414565.4,283.8,85.4,12.9,0.0,175.0,0.0,89.96,0.36,0.0,225.04,0.0,1212.471843,100049.1,0.99,78.8,-598435.2,300821.8,0.9948,0.097,551.6,-0.09723,-74.55767,0.26,0,-1.0,-1.0,-1.0,-1.0,-1.0,0.0,0.0,0.0,0.0
1791663261.64,3414565.4,284.3,85.4,12.9,0.0,175.0,0.0,89.97,0.36,0.0,225.04,0.0,1212.471843,100049.1,0.99,78.8,-598435.2,300821.8,0.9948,0.097,551.6,-0.09723,-74.55767,0.26,0,-1.0,-1.0,-1.0,-1.0,-1.0,0.0,0.0,0.0,0.0
1791663262.14,3414565.4,284.8,85.4,12.9,0.0,175.0,0.0,89.97,0.36,0.0,225.04,0.0,1212.471843,100049.1,0.99,78.8,-598435.2,300821.8,0.9948,0.097,551.6,-0.09723,-74.55767,0.26,0,-1.0,-1.0,-1.0,-1.0,-1.0,0.0,0.0,0.0,0.0
1791663262.64,3414565.4,285.3,85.4,12.9,0.0,175.0,0.0,89.96,0.36,0.0,225.04,0.0,1212.471843,100049.1,0.99,78.8,-598435.2,300821.8,0.9948,0.097,551.6,-0.09723,-74.55767,0.26,0,-1.0,-1.0,-1.0,-1.0,-1.0,0.0,0.0,0.0,0.0
1791663263.14,3414565.4,285.8,85.4,12.9,0.0,175.0,0.0,89.96,0.36,0.0,225.04,0.0,1212.471843,100049.1,0.99,78.8,-598435.2,300821.8,0.9948,0.097,551.6,-0.09723,-74.55767,0.26,0,-1.0,-1.0,-1.0,-1.0,-1.0,0.0,0.0,0.0,0.0
1791663263.65,3414565.5,286.3,85.4,12.9,0.0,175.0,0.0,89.96,0.36,0.0,225.04,0.0,1212.471843,100049.1,0.99,78.8,-598435.2,300821.8,0.9948,0.097,551.6,-0.09723,-74.55767,0.26,0,-1.0,-1.0,-1.0,-1.0,-1.0,0.0,0.0,0.0,0.0
1791663264.15,3414565.5,286.8,85.4,12.9,0.0,175.0,0.0,89.96,0.36,0.0,225.04,0.0,1212.471843,100049.1,0.99,78.8,-598435.2,300821.8,0.9948,0.097,551.6,-0.09723,-74.55767,0.26,0,-1.0,-1.0,-1.0,-1.0,-1.0,0.0,0.0,0.0,0.0
1791663264.65,3414565.5,287.3,85.4,12.9,0.0,175.0,0.0,89.96,0.36,0.0,225.04,0.0,1212.471843,100049.1,0.99,78.8,-598435.2,300821.8,0.9948,0.097,551.6,-0.09723,-74.55767,0.26,0,-1.0,-1.0,-1.0,-1.0,-1.0,0.0,0.0,0.0,0.0
1791663265.15,3414565.5,287.8,85.4,12.9,0.0,175.0,0.0,89.96,0.36,0.0,225.04,0.0,1212.471843,100049.1,0.99,78.8,-598435.2,300821.8,0.9948,0.097,551.6,-0.09723,-74.55767,0.26,0,-1.0,-1.0,-1.0,-1.0,-1.0,0.0,0.0,0.0,0.0
1791663265.65,3414565.6,288.3,85.4,12.9,0.0,175.0,0.0,89.96,0.36,0.0,225.04,0.0,1212.471843,100049.1,0.99,78.8,-598435.2,300821.8,0.9948,0.097,551.6,-0.09723,-74.55767,0.26,0,-1.0,-1.0,-1.0,-1.0,-1.0,0.0,0.0,0.0,0.0
1791663266.15,3414565.6,288.8,85.4,12.9,0.0,175.0,0.0,89.96,0.36,0.0,225.04,0.0,1212.471843,100049.1,0.99,78.8,-598435.2,300821.8,0.9948,0.097,551.6,-0.09723,-74.55767,0.26,0,-1.0,-1.0,-1.0,-1.0,-1.0,0.0,0.0,0.0,0.0
1791663266.65,3414565.6,289.3,85.4,12.9,0.0,175.0,0.0,89.96,0.36,0.0,225.04,0.0,1212.471843,100049.1,0.99,78.8,-598435.2,300821.8,0.9948,0.097,551.6,-0.09723,-74.55767,0.26,0,-1.0,-1.0,-1.0,-1.0,-1.0,0.0,0.0,0.0,0.0
1791663267.16,3414565.6,289.8,85.4,12.9,0.0,175.0,0.0,89.96,0.36,0.0,225.04,0.0,1212.471843,100049.1,0.99,78.8,-598435.2,300821.8,0.9948,0.097,551.6,-0.09723,-74.55767,0.26,0,-1.0,-1.0,-1.0,-1.0,-1.0,0.0,0.0,0.0,0.0
1791663267.66,3414565.6,290.3,85.4,12.9,0.0,175.0,0.0,89.96,0.36,0.0,225.04,0.0,1212.471843,100049.1,0.99,78.8,-598435.2,300821.8,0.9948,0.097,551.6,-0.09723,-74.55767,0.26,0,-1.0,-1.0,-1.0,-1.0,-1.0,0.0,0.0,0.0,0.0
1791663268.16,3414565.6,290.8,85.4,12.9,0.0,175.0,0.0,89.96,0.36,0.0,225.04,0.0,1212.471843,100049.1,0.99,78.8,-598435.2,300821.8,0.9948,0.097,551.6,-0.09723,-74.55767,0.26,0,-1.0,-1.0,-1.0,-1.0,-1.0,0.0,0.0,0.0,0.0
1791663268.66,3414565.7,291.3,85.4,12.9,0.0,175.0,0.0,89.96,0.36,0.0,225.04,0.0,1212.471843,100049.1,0.99,78.8,-598435.2,300821.8,0.9948,0.097,551.6,-0.09723,-74.55767,0.26,0,-1.0,-1.0,-1.0,-1.0,-1.0,0.0,0.0,0.0,0.0
1791663269.16,3414565.7,291.8,85.4,12.9,0.0,175.0,0.0,89.96,0.36,0.0,225.04,0.0,1212.471843,100049.1,0.99,78.8,-598435.2,300821.8,0.9948,0.097,551.6,-0.09723,-74.55767,0.26,0,-1.0,-1.0,-1.0,-1.0,-1.0,0.0,0.0,0.0,0.0
1791663269.67,3414565.7,292.3,85.4,12.9,0.0,175.0,0.0,89.96,0.36,0.0,225.04,0.0,1212.471843,100049.1,0.99,78.8,-598435.2,300821.8,0.9948,0.097,551.6,-0.09723,-74.55767,0.26,0,-1.0,-1.0,-1.0,-1.0,-1.0,0.0,0.0,0.0,0.0
1791663270.17,3414565.7,292.8,85.4,12.9,0.0,175.0,0.0,89.96,0.36,0.0,225.04,0.0,1212.471843,100049.1,0.99,78.8,-598435.2,300821.8,0.9948,0.097,551.6,-0.09723,-74.55767,0.26,0,-1.0,-1.0,-1.0,-1.0,-1.0,0.0,0.0,0.0,0.0
1791663270.67,3414565.7,293.3,85.4,12.9,0.0,175.0,0.0,89.96,0.36,0.0,225.04,0.0,1212.471843,100049.1,0.99,78.8,-598435.2,300821.8,0.9948,0.097,551.6,-0.09723,-74.55767,0.26,0,-1.0,-1.0,-1.0,-1.0,-1.0,0.0,0.0,0.0,0.0
1791663271.17,3414565.8,293.8,85.4,12.9,0.0,175.0,0.0,89.96,0.36,0.0,225.04,0.0,1212.471843,100049.1,0.99,78.8,-598435.2,300821.8,0.9948,0.097,551.6,-0.09723,-74.55767,0.26,0,-1.0,-1.0,-1.0,-1.0,-1.0,0.0,0.0,0.0,0.0
1791663271.67,3414565.8,294.3,85.4,12.9,0.0,175.0,0.0,89.96,0.36,0.0,225.04,0.0,1212.471843,100049.1,0.99,78.8,-598435.2,300821.8,0.9948,0.097,551.6,-0.09723,-74.55767,0.26,0,-1.0,-1.0,-1.0,-1.0,-1.0,0.0,0.0,0.0,0.0
1791663272.18,3414565.8,294.8,85.4,12.9,0.0,175.0,0.0,89.96,0.36,0.0,225.04,0.0,1212.471843,100049.1,0.99,78.8,-598435.2,300821.8,0.9948,0.097,551.6,-0.09723,-74.55767,0.26,0,-1.0,-1.0,-1.0,-1.0,-1.0,0.0,0.0,0.0,0.0
1791663272.68,3414565.8,295.3,85.4,12.9,0.0,175.0,0.0,89.96,0.36,0.0,225.04,0.0,1212.471843,100049.1,0.99,78.8,-598435.2,300821.8,0.9948,0.097,551.6,-0.09723,-74.55767,0.26,0,-1.0,-1.0,-1.0,-1.0,-1.0,0.0,0.0,0.0,0.0
1791663273.18,3414565.8,295.8,85.4,12.9,0.0,175.0,0.0,89.96,0.36,0.0,225.04,0.0,1212.471843,100049.1,0.99,78.8,-598435.2,300821.8,0.9948,0.097,551.6,-0.09723,-74.55767,0.26,0,-1.0,-1.0,-1.0,-1.0,-1.0,0.0,0.0,0.0,0.0
1791663273.68,3414565.8,296.4,85.4,12.9,0.0,175.0,0.0,89.96,0.36,0.0,225.04,0.0,1212.471843,100049.1,0.99,78.8,-598435.2,300821.8,0.9948,0.097,551.6,-0.09723,-74.55767,0.26,0,-1.0,-1.0,-1.0,-1.0,-1.0,0.0,0.0,0.0,0.0
1791663274.18,3414565.9,296.9,85.4,12.9,0.0,175.0,0.0,89.96,0.36,0.0,225.04,0.0,1212.471843,100049.1,0.99,78.8,-598435.2,300821.8,0.9948,0.097,551.6,-0.09723,-74.55767,0.26,0,-1.0,-1.0,-1.0,-1.0,-1.0,0.0,0.0,0.0,0.0
1791663274.68,3414565.9,297.4,85.4,12.9,0.0,175.0,0.0,89.96,0.36,0.0,225.04,0.0,1212.471843,100049.1,0.99,78.8,-598435.2,300821.8,0.9948,0.097,551.6,-0.09723,-74.55767,0.26,0,-1.0,-1.0,-1.0,-1.0,-1.0,0.0,0.0,0.0,0.0
1791663275.18,3414565.9,297.9,85.4,12.9,0.0,175.0,0.0,89.97,0.36,0.0,225.03,0.0,1212.471843,100049.1,0.99,78.8,-598435.2,300821.8,0.9948,0.097,551.6,-0.09723,-74.55767,0.26,0,-1.0,-1.0,-1.0,-1.0,-1.0,0.0,0.0,0.0,0.0
1791663275.69,3414565.9,298.4,85.4,12.9,0.0,175.0,0.0,89.97,0.36,0.0,225.03,0.0,1212.471843,100049.1,0.99,78.8,-598435.2,300821.8,0.9948,0.097,551.6,-0.09723,-74.55767,0.26,0,-1.0,-1.0,-1.0,-1.0,-1.0,0.0,0.0,0.0,0.0
1791663276.19,3414566.0,298.9,85.4,12.9,0.0,175.0,0.0,89.97,0.36,0.0,225.03,0.0,1212.471843,100049.1,0.99,78.8,-598435.2,300821.8,0.9948,0.097,551.6,-0.09723,-74.55767,0.26,0,-1.0,-1.0,-1.0,-1.0,-1.0,0.0,0.0,0.0,0.0
1791663276.69,3414566.0,299.4,85.4,12.9,0.0,175.0,0.0,89.97,0.36,0.0,225.03,0.0,1212.471843,100049.1,0.99,78.8,-598435.2,300821.8,0.9948,0.097,551.6,-0.09723,-74.55767,0.26,0,-1.0,-1.0,-1.0,-1.0,-1.0,0.0,0.0,0.0,0.0
1791663277.19,3414566.0,299.9,85.4,12.9,0.0,175.0,0.0,89.97,0.36,0.0,225.03,0.0,1212.471843,100049.1,0.99,78.8,-598435.2,300821.8,0.9948,0.097,551.6,-0.09723,-74.55767,0.26,0,-1.0,-1.0,-1.0,-1.0,-1.0,0.0,0.0,0.0,0.0
1791663277.69,3414566.0,300.4,85.4,12.9,0.0,175.0,0.0,89.97,0.36,0.0,225.03,0.0,1212.471843,100049.1,0.99,78.8,-598435.2,300821.8,0.9948,0.097,551.6,-0.09723,-74.55767,0.26,0,-1.0,-1.0,-1.0,-1.0,-1.0,0.0,0.0,0.0,0.0
1791663278.19,3414566.0,300.9,85.4,12.9,0.0,175.0,0.0,89.96,0.36,0.0,225.03,0.0,1212.471843,100049.1,0.99,78.8,-598435.2,300821.8,0.9948,0.097,551.6,-0.09723,-74.55767,0.26,0,-1.0,-1.0,-1.0,-1.0,-1.0,0.0,0.0,0.0,0.0
1791663278.7,3414566.0,301.4,85.4,12.9,0.0,175.0,0.0,89.96,0.36,0.0,225.03,0.0,1212.471843,100049.1,0.99,78.8,-598435.2,300821.8,0.9948,0.097,551.6,-0.09723,-74.55767,0.26,0,-1.0,-1.0,-1.0,-1.0,-1.0,0.0,0.0,0.0,0.0
1791663279.2,3414566.1,301.9,85.4,12.9,0.0,175.0,0.0,89.96,0.36,0.0,225.03,0.0,1212.471843,100049.1,0.99,78.8,-598435.2,300821.8,0.9948,0.097,551.6,-0.09723,-74.55767,0.26,0,-1.0,-1.0,-1.0,-1.0,-1.0,0.0,0.0,0.0,0.0
1791663279.7,3414566.1,302.4,85.4,12.9,0.0,175.0,0.0,89.96,0.36,0.0,225.03,0.0,1212.471843,100049.1,0.99,78.8,-598435.2,300821.8,0.9948,0.097,551.6,-0.09723,-74.55767,0.26,0,-1.0,-1.0,-1.0,-1.0,-1.0,0.0,0.0,0.0,0.0
1791663280.2,3414566.1,302.9,85.4,12.9,0.0,175.0,0.0,89.96,0.36,0.0,225.03,0.0,1212.471843,100049.1,0.99,78.8,-598435.2,300821.8,0.9948,0.097,551.6,-0.09723,-74.55767,0.26,0,-1.0,-1.0,-1.0,-1.0,-1.0,0.0,0.0,0.0,0.0
1791663280.7,3414566.1,303.4,85.4,12.9,0.0,175.0,0.0,89.96,0.36,0.0,225.03,0.0,1212.471843,100049.1,0.99,78.8,-598435.2,300821.8,0.9948,0.097,551.6,-0.09723,-74.55767,0.26,0,-1.0,-1.0,-1.0,-1.0,-1.0,0.0,0.0,0.0,0.0
1791663281.2,3414566.2,303.9,85.4,12.9,0.0,175.0,0.0,89.96,0.36,0.0,225.03,0.0,1212.471843,100049.1,0.99,78.8,-598435.2,300821.8,0.9948,0.097,551.6,-0.09723,-74.55767,0.26,0,-1.0,-1.0,-1.0,-1.0,-1.0,0.0,0.0,0.0,0.0
1791663281.71,3414566.2,304.4,85.4,12.9,0.0,175.0,0.0,89.96,0.36,0.0,225.03,0.0,1212.471843,100049.1,0.99,78.8,-598435.2,300821.8,0.9948,0.097,551.6,-0.09723,-74.55767,0.26,0,-1.0,-1.0,-1.0,-1.0,-1.0,0.0,0.0,0.0,0.0
1791663282.21,3414566.2,304.9,85.4,12.9,0.0,175.0,0.0,89.96,0.36,0.0,225.03,0.0,1212.471843,100049.1,0.99,78.8,-598435.2,300821.8,0.9948,0.097,551.6,-0.09723,-74.55767,0.26,0,-1.0,-1.0,-1.0,-1.0,-1.0,0.0,0.0,0.0,0.0
1791663282.71,3414566.2,305.4,85.4,12.9,0.0,175.0,0.0,89.96,0.36,0.0,225.03,0.0,1212.471843,100049.1,0.99,78.8,-598435.2,300821.8,0.9948,0.097,551.6,-0.09723,-74.55767,0.26,0,-1.0,-1.0,-1.0,-1.0,-1.0,0.0,0.0,0.0,0.0
1791663283.21,3414566.2,305.9,85.4,12.9,0.0,175.0,0.0,89.96,0.36,0.0,225.03,0.0,1212.471843,100049.1,0.99,78.8,-598435.2,300821.8,0.9948,0.097,551.6,-0.09723,-74.55767,0.26,0,-1.0,-1.0,-1.0,-1.0,-1.0,0.0,0.0,0.0,0.0
1791663283.71,3414566.2,306.4,85.4,12.9,0.0,175.0,0.0,89.96,0.36,0.0,225.03,0.0,1212.471843,100049.1,0.99,78.8,-598435.2,300821.8,0.9948,0.097,551.6,-0.09723,-74.55767,0.26,0,-1.0,-1.0,-1.0,-1.0,-1.0,0.0,0.0,0.0,0.0
1791663284.21,3414566.3,306.9,85.4,12.9,0.0,175.0,0.0,89.96,0.36,0.0,225.03,0.0,1212.471843,100049.1,0.99,78.8,-598435.2,300821.8,0.9948,0.097,551.6,-0.09723,-74.55767,0.26,0,-1.0,-1.0,-1.0,-1.0,-1.0,0.0,0.0,0.0,0.0
1791663284.71,3414566.3,307.4,85.4,12.9,0.0,175.0,0.0,89.96,0.36,0.0,225.03,0.0,1212.471843,100049.1,0.99,78.8,-598435.2,300821.8,0.9948,0.097,551.6,-0.09723,-74.55767,0.26,0,-1.0,-1.0,-1.0,-1.0,-1.0,0.0,0.0,0.0,0.0
1791663285.22,3414566.3,307.9,85.4,12.9,0.0,175.0,0.0,89.97,0.36,0.0,225.03,0.0,1212.471843,100049.1,0.99,78.8,-598435.2,300821.8,0.9948,0.097,551.6,-0.09723,-74.55767,0.26,0,-1.0,-1.0,-1.0,-1.0,-1.0,0.0,0.0,0.0,0.0
1791663285.72,3414566.3,308.4,85.4,12.9,0.0,175.0,0.0,89.97,0.36,0.0,225.03,0.0,1212.471843,100049.1,0.99,78.8,-598435.2,300821.8,0.9948,0.097,551.6,-0.09723,-74.55767,0.26,0,-1.0,-1.0,-1.0,-1.0,-1.0,0.0,0.0,0.0,0.0
1791663286.22,3414566.4,308.9,85.4,12.9,0.0,175.0,0.0,89.97,0.36,0.0,225.03,0.0,1212.471843,100049.1,0.99,78.8,-598435.2,300821.8,0.9948,0.097,551.6,-0.09723,-74.55767,0.26,0,-1.0,-1.0,-1.0,-1.0,-1.0,0.0,0.0,0.0,0.0
1791663286.72,3414566.4,309.4,85.4,12.9,0.0,175.0,0.0,89.97,0.36,0.0,225.03,0.0,1212.471843,100049.1,0.99,78.8,-598435.2,300821.8,0.9948,0.097,551.6,-0.09723,-74.55767,0.26,0,-1.0,-1.0,-1.0,-1.0,-1.0,0.0,0.0,0.0,0.0
1791663287.22,3414566.4,309.9,85.4,12.9,0.0,175.0,0.0,89.97,0.36,0.0,225.03,0.0,1212.471843,100049.1,0.99,78.8,-598435.2,300821.8,0.9948,0.097,551.6,-0.09723,-74.55767,0.26,0,-1.0,-1.0,-1.0,-1.0,-1.0,0.0,0.0,0.0,0.0
1791663287.72,3414566.4,310.4,85.4,12.9,0.0,175.0,0.0,89.97,0.36,0.0,225.03,0.0,1212.471843,100049.1,0.99,78.8,-598435.2,300821.8,0.9948,0.097,551.6,-0.09723,-74.55767,0.26,0,-1.0,-1.0,-1.0,-1.0,-1.0,0.0,0.0,0.0,0.0
1791663288.23,3414566.4,310.9,85.4,12.9,0.0,175.0,0.0,89.97,0.36,0.0,225.03,0.0,1212.471843,100049.1,0.99,78.8,-598435.2,300821.8,0.9948,0.097,551.6,-0.09723,-74.55767,0.26,0,-1.0,-1.0,-1.0,-1.0,-1.0,0.0,0.0,0.0,0.0
1791663288.73,3414566.4,311.4,85.4,12.9,0.0,175.0,0.0,89.97,0.36,0.0,225.03,0.0,1212.471843,100049.1,0.99,78.8,-598435.2,300821.8,0.9948,0.097,551.6,-0.09723,-74.55767,0.26,0,-1.0,-1.0,-1.0,-1.0,-1.0,0.0,0.0,0.0,0.0
1791663289.23,3414566.5,311.9,85.4,12.9,0.0,175.0,0.0,89.96,0.36,0.0,225.03,0.0,1212.471843,100049.1,0.99,78.8,-598435.2,300821.8,0.9948,0.097,551.6,-0.09723,-74.55767,0.26,0,-1.0,-1.0,-1.0,-1.0,-1.0,0.0,0.0,0.0,0.0
1791663289.73,3414566.5,312.4,85.4,12.9,0.0,175.0,0.0,89.96,0.36,0.0,225.03,0.0,1212.471843,100049.1,0.99,78.8,-598435.2,300821.8,0.9948,0.097,551.6,-0.09723,-74.55767,0.26,0,-1.0,-1.0,-1.0,-1.0,-1.0,0.0,0.0,0.0,0.0
1791663290.23,3414566.5,312.9,85.4,12.9,0.0,175.0,0.0,89.96,0.36,0.0,225.02,0.0,1212.471843,100049.1,0.99,78.8,-598435.2,300821.8,0.9948,0.097,551.6,-0.09723,-74.55767,0.26,0,-1.0,-1.0,-1.0,-1.0,-1.0,0.0,0.0,0.0,0.0
1791663290.73,3414566.5,313.4,85.4,12.9,0.0,175.0,0.0,89.96,0.36,0.0,225.02,0.0,1212.471843,100049.1,0.99,78.8,-598435.2,300821.8,0.9948,0.097,551.6,-0.09723,-74.55767,0.26,0,-1.0,-1.0,-1.0,-1.0,-1.0,0.0,0.0,0.0,0.0
1791663291.23,3414566.6,313.9,85.4,12.9,0.0,175.0,0.0,89.96,0.36,0.0,225.02,0.0,1212.471843,100049.1,0.99,78.8,-598435.2,300821.8,0.9948,0.097,551.6,-0.09723,-74.55767,0.26,0,-1.0,-1.0,-1.0,-1.0,-1.0,0.0,0.0,0.0,0.0
1791663291.74,3414566.6,314.4,85.4,12.9,0.0,175.0,0.0,89.96,0.36,0.0,225.02,0.0,1212.471843,100049.1,0.99,78.8,-598435.2,300821.8,0.9948,0.097,551.6,-0.09723,-74.55767,0.26,0,-1.0,-1.0,-1.0,-1.0,-1.0,0.0,0.0,0.0,0.0
1791663292.24,3414566.6,314.9,85.4,12.9,0.0,175.0,0.0,89.96,0.36,0.0,225.02,0.0,1212.471843,100049.1,0.99,78.8,-598435.2,300821.8,0.9948,0.097,551.6,-0.09723,-74.55767,0.26,0,-1.0,-1.0,-1.0,-1.0,-1.0,0.0,0.0,0.0,0.0
1791663292.74,3414566.6,315.4,85.4,12.9,0.0,175.0,0.0,89.96,0.36,0.0,225.02,0.0,1212.471843,100049.1,0.99,78.8,-598435.2,300821.8,0.9948,0.097,551.6,-0.09723,-74.55767,0.26,0,-1.0,-1.0,-1.0,-1.0,-1.0,0.0,0.0,0.0,0.0
1791663293.24,3414566.6,315.9,85.4,12.9,0.0,175.0,0.0,89.96,0.36,0.0,225.02,0.0,1212.471843,100049.1,0.99,78.8,-598435.2,300821.8,0.9948,0.097,551.6,-0.09723,-74.55767,0.26,0,-1.0,-1.0,-1.0,-1.0,-1.0,0.0,0.0,0.0,0.0
1791663293.74,3414566.6,316.4,85.4,12.9,0.0,175.0,0.0,89.96,0.36,0.0,225.02,0.0,1212.471843,100049.1,0.99,78.8,-598435.2,300821.8,0.9948,0.097,551.6,-0.09723,-74.55767,0.26,0,-1.0,-1.0,-1.0,-1.0,-1.0,0.0,0.0,0.0,0.0
1791663294.24,3414566.7,316.9,85.4,12.9,0.0,175.0,0.0,89.96,0.36,0.0,225.02,0.0,1212.471843,100049.1,0.99,78.8,-598435.2,300821.8,0.9948,0.097,551.6,-0.09723,-74.55767,0.26,0,-1.0,-1.0,-1.0,-1.0,-1.0,0.0,0.0,0.0,0.0
1791663294.75,3414566.7,317.4,85.4,12.9,0.0,175.0,0.0,89.96,0.36,0.0,225.02,0.0,1212.471843,100049.1,0.99,78.8,-598435.2,300821.8,0.9948,0.097,551.6,-0.09723,-74.55767,0.26,0,-1.0,-1.0,-1.0,-1.0,-1.0,0.0,0.0,0.0,0.0
1791663295.25,3414566.7,317.9,85.4,12.9,0.0,175.0,0.0,89.96,0.36,0.0,225.02,0.0,1212.471843,100049.1,0.99,78.8,-598435.2,300821.8,0.9948,0.097,551.6,-0.09723,-74.55767,0.26,0,-1.0,-1.0,-1.0,-1.0,-1.0,0.0,0.0,0.0,0.0
1791663295.75,3414566.7,318.4,85.4,12.9,0.0,175.0,0.0,89.96,0.36,0.0,225.02,0.0,1212.471843,100049.1,0.99,78.8,-598435.2,300821.8,0.9948,0.097,551.6,-0.09723,-74.55767,0.26,0,-1.0,-1.0,-1.0,-1.0,-1.0,0.0,0.0,0.0,0.0
1791663296.25,3414566.8,318.9,85.4,12.9,0.0,175.0,0.0,89.96,0.36,0.0,225.02,0.0,1212.471843,100049.1,0.99,78.8,-598435.2,300821.8,0.9948,0.097,551.6,-0.09723,-74.55767,0.26,0,-1.0,-1.0,-1.0,-1.0,-1.0,0.0,0.0,0.0,0.0
1791663296.75,3414566.8,319.4,85.4,12.9,0.0,175.0,0.0,89.96,0.36,0.0,225.02,0.0,1212.471843,100049.1,0.99,78.8,-598435.2,300821.8,0.9948,0.097,551.6,-0.09723,-74.55767,0.26,0,-1.0,-1.0,-1.0,-1.0,-1.0,0.0,0.0,0.0,0.0
1791663297.25,3414566.8,319.9,85.4,12.9,0.0,175.0,0.0,89.96,0.36,0.0,225.02,0.0,1212.471843,100049.1,0.99,78.8,-598435.2,300821.8,0.9948,0.097,551.6,-0.09723,-74.55767,0.26,0,-1.0,-1.0,-1.0,-1.0,-1.0,0.0,0.0,0.0,0.0
1791663297.76,3414566.8,320.4,85.4,12.9,0.0,175.0,0.0,89.96,0.36,0.0,225.02,0.0,1212.471843,100049.1,0.99,78.8,-598435.2,300821.8,0.9948,0.097,551.6,-0.09723,-74.55767,0.26,0,-1.0,-1.0,-1.0,-1.0,-1.0,0.0,0.0,0.0,0.0
1791663298.26,3414566.8,320.9,85.4,12.9,0.0,175.0,0.0,89.96,0.36,0.0,225.02,0.0,1212.471843,100049.1,0.99,78.8,-598435.2,300821.8,0.9948,0.097,551.6,-0.09723,-74.55767,0.26,0,-1.0,-1.0,-1.0,-1.0,-1.0,0.0,0.0,0.0,0.0
1791663298.76,3414566.8,321.4,85.4,12.9,0.0,175.0,0.0,89.96,0.36,0.0,225.02,0.0,1212.471843,100049.1,0.99,78.8,-598435.2,300821.8,0.9948,0.097,551.6,-0.09723,-74.55767,0.26,0,-1.0,-1.0,-1.0,-1.0,-1.0,0.0,0.0,0.0,0.0
1791663299.26,3414566.9,321.9,85.4,12.9,0.0,175.0,0.0,89.96,0.36,0.0,225.02,0.0,1212.471843,100049.1,0.99,78.8,-598435.2,300821.8,0.9948,0.097,551.6,-0.09723,-74.55767,0.26,0,-1.0,-1.0,-1.0,-1.0,-1.0,0.0,0.0,0.0,0.0
1791663299.76,3414566.9,322.4,85.4,12.9,0.0,175.0,0.0,89.96,0.36,0.0,225.02,0.0,1212.471843,100049.1,0.99,78.8,-598435.2,300821.8,0.9948,0.097,551.6,-0.09723,-74.55767,0.26,0,-1.0,-1.0,-1.0,-1.0,-1.0,0.0,0.0,0.0,0.0
1791663300.26,3414566.9,322.9,85.4,12.9,0.0,175.0,0.0,89.96,0.36,0.0,225.02,0.0,1212.471843,100049.1,0.99,78.8,-598435.2,300821.8,0.9948,0.097,551.6,-0.09723,-74.55767,0.26,0,-1.0,-1.0,-1.0,-1.0,-1.0,0.0,0.0,0.0,0.0
1791663300.77,3414566.9,323.4,85.4,12.9,0.0,175.0,0.0,89.96,0.36,0.0,225.02,0.0,1212.471843,100049.1,0.99,78.8,-598435.2,300821.8,0.9948,0.097,551.6,-0.09723,-74.55767,0.26,0,-1.0,-1.0,-1.0,-1.0,-1.0,0.0,0.0,0.0,0.0
1791663301.27,3414567.0,323.9,85.4,12.9,0.0,175.0,0.0,89.96,0.36,0.0,225.02,0.0,1212.471843,100049.1,0.99,78.8,-598435.2,300821.8,0.9948,0.097,551.6,-0.09723,-74.55767,0.26,0,-1.0,-1.0,-1.0,-1.0,-1.0,0.0,0.0,0.0,0.0
1791663301.77,3414567.0,324.4,85.4,12.9,0.0,175.0,0.0,89.96,0.36,0.0,225.02,0.0,1212.471843,100049.1,0.99,78.8,-598435.2,300821.8,0.9948,0.097,551.6,-0.09723,-74.55767,0.26,0,-1.0,-1.0,-1.0,-1.0,-1.0,0.0,0.0,0.0,0.0
1791663302.27,3414567.0,324.9,85.4,12.9,0.0,175.0,0.0,89.96,0.36,0.0,225.02,0.0,1212.471843,100049.1,0.99,78.8,-598435.2,300821.8,0.9948,0.097,551.6,-0.09723,-74.55767,0.26,0,-1.0,-1.0,-1.0,-1.0,-1.0,0.0,0.0,0.0,0.0
1791663302.77,3414567.0,325.4,85.4,12.9,0.0,175.0,0.0,89.96,0.36,0.0,225.02,0.0,1212.471843,100049.1,0.99,78.8,-598435.2,300821.8,0.9948,0.097,551.6,-0.09723,-74.55767,0.26,0,-1.0,-1.0,-1.0,-1.0,-1.0,0.0,0.0,0.0,0.0
1791663303.28,3414567.0,325.9,85.4,12.9,0.0,175.0,0.0,89.97,0.36,0.0,225.02,0.0,1212.471843,100049.1,0.99,78.8,-598435.2,300821.8,0.9948,0.097,551.6,-0.09723,-74.55767,0.26,0,-1.0,-1.0,-1.0,-1.0,-1.0,0.0,0.0,0.0,0.0
1791663303.78,3414567.0,326.4,85.4,12.9,0.0,175.0,0.0,89.97,0.36,0.0,225.02,0.0,1212.471843,100049.1,0.99,78.8,-598435.2,300821.8,0.9948,0.097,551.6,-0.09723,-74.55767,0.26,0,-1.0,-1.0,-1.0,-1.0,-1.0,0.0,0.0,0.0,0.0
1791663304.28,3414567.1,327.0,85.4,12.9,0.0,175.0,0.0,89.96,0.36,0.0,225.02,0.0,1212.471843,100049.1,0.99,78.8,-598435.2,300821.8,0.9948,0.097,551.6,-0.09723,-74.55767,0.26,0,-1.0,-1.0,-1.0,-1.0,-1.0,0.0,0.0,0.0,0.0
1791663304.78,3414567.1,327.5,85.4,12.9,0.0,175.0,0.0,89.96,0.36,0.0,225.01,0.0,1212.471843,100049.1,0.99,78.8,-598435.2,300821.8,0.9948,0.097,551.6,-0.09723,-74.55767,0.26,0,-1.0,-1.0,-1.0,-1.0,-1.0,0.0,0.0,0.0,0.0
1791663305.29,3414567.6,328.0,85.4,12.9,0.0,175.0,0.0,89.96,0.36,0.0,225.01,0.0,1212.471843,100049.1,0.99,78.8,-598435.2,300821.8,0.9948,0.097,551.6,-0.09723,-74.55767,0.26,0,-1.0,-1.0,-1.0,-1.0,-1.0,0.0,0.0,0.0,0.0
1791663305.79,3414568.1,328.5,85.4,12.9,0.0,175.0,0.0,89.96,0.36,0.0,225.0,0.0,1212.471843,100049.1,0.99,78.8,-598435.2,300821.8,0.9948,0.097,551.6,-0.09723,-74.55767,0.26,0,-1.0,-1.0,-1.0,-1.0,-1.0,0.0,0.0,0.0,0.0
1791663306.3,3414568.6,329.0,85.4,12.9,0.0,175.0,0.0,89.97,0.36,0.0,224.99,0.0,1212.471843,100049.1,0.99,78.8,-598435.2,300821.8,0.9948,0.097,551.6,-0.09723,-74.55767,0.26,0,-1.0,-1.0,-1.0,-1.0,-1.0,0.0,0.0,0.0,0.0
1791663306.8,3414569.1,329.5,85.4,12.9,0.0,175.0,0.0,89.96,0.36,0.0,224.98,0.0,1212.471843,100049.1,0.99,78.8,-598435.2,300821.8,0.9948,0.097,551.6,-0.09723,-74.55767,0.26,0,-1.0,-1.0,-1.0,-1.0,-1.0,0.0,0.0,0.0,0.0
1791663307.3,3414569.6,330.0,85.4,12.9,0.0,175.0,0.0,89.96,0.36,0.0,224.97,0.0,1212.471843,100049.1,0.99,78.8,-598435.2,300821.8,0.9948,0.097,551.6,-0.09723,-74.55767,0.26,0,-1.0,-1.0,-1.0,-1.0,-1.0,0.0,0.0,0.0,0.0
1791663307.8,3414570.1,330.5,85.4,12.9,0.0,175.0,0.0,89.96,0.36,0.0,224.97,0.0,1212.471843,100049.1,0.99,78.8,-598435.2,300821.8,0.9948,0.097,551.6,-0.09723,-74.55767,0.26,0,-1.0,-1.0,-1.0,-1.0,-1.0,0.0,0.0,0.0,0.0
1791663308.3,3414570.6,331.0,85.4,12.9,0.0,175.0,0.0,89.96,0.36,0.0,224.96,0.0,1212.471843,100049.1,0.99,78.8,-598435.2,300821.8,0.9948,0.097,551.6,-0.09723,-74.55767,0.26,0,-1.0,-1.0,-1.0,-1.0,-1.0,0.0,0.0,0.0,0.0
1791663308.8,3414571.1,331.5,85.4,12.9,0.0,175.0,0.0,89.96,0.36,0.0,224.95,0.0,1212.471843,100049.1,0.99,78.8,-598435.2,300821.8,0.9948,0.097,551.6,-0.09723,-74.55767,0.26,0,-1.0,-1.0,-1.0,-1.0,-1.0,0.0,0.0,0.0,0.0
1791663309.31,3414571.6,332.0,85.4,12.9,0.0,175.0,0.0,89.97,0.36,0.0,224.94,0.0,1212.471843,100049.1,0.99,78.8,-598435.2,300821.8,0.9948,0.097,551.6,-0.09723,-74.55767,0.26,0,-1.0,-1.0,-1.0,-1.0,-1.0,0.0,0.0,0.0,0.0
1791663309.81,3414572.1,332.5,85.4,12.9,0.0,175.0,0.0,89.96,0.36,0.0,224.93,0.0,1212.471843,100049.1,0.99,78.8,-598435.2,300821.8,0.9948,0.097,551.6,-0.09723,-74.55767,0.26,0,-1.0,-1.0,-1.0,-1.0,-1.0,0.0,0.0,0.0,0.0
1791663310.31,3414572.6,333.0,85.4,12.9,0.0,175.0,0.0,89.96,0.36,0.0,224.92,0.0,1212.471843,100049.1,0.99,78.8,-598435.2,300821.8,0.9948,0.097,551.6,-0.09723,-74.55767,0.26,0,-1.0,-1.0,-1.0,-1.0,-1.0,0.0,0.0,0.0,0.0
1791663310.81,3414573.1,333.5,85.4,12.9,0.0,175.0,0.0,89.96,0.36,0.0,224.92,0.0,1212.471843,100049.1,0.99,78.8,-598435.2,300821.8,0.9948,0.097,551.6,-0.09723,-74.55767,0.26,0,-1.0,-1.0,-1.0,-1.0,-1.0,0.0,0.0,0.0,0.0
1791663311.31,3414573.6,334.0,85.4,12.9,0.0,175.0,0.0,89.97,0.36,0.0,224.91,0.0,1212.471843,100049.1,0.99,78.8,-598435.2,300821.8,0.9948,0.097,551.6,-0.09723,-74.55767,0.26,0,-1.0,-1.0,-1.0,-1.0,-1.0,0.0,0.0,0.0,0.0
1791663311.82,3414574.1,334.5,85.4,12.9,0.0,175.0,0.0,89.96,0.36,0.0,224.9,0.0,1212.471843,100049.1,0.99,78.8,-598435.2,300821.8,0.9948,0.097,551.6,-0.09723,-74.55767,0.26,0,-1.0,-1.0,-1.0,-1.0,-1.0,0.0,0.0,0.0,0.0
1791663312.32,3414574.6,335.0,85.4,12.9,0.0,175.0,0.0,89.97,0.36,0.0,224.89,0.0,1212.471843,100049.1,0.99,78.8,-598435.2,300821.8,0.9948,0.097,551.6,-0.09723,-74.55767,0.26,0,-1.0,-1.0,-1.0,-1.0,-1.0,0.0,0.0,0.0,0.0
1791663312.82,3414575.1,335.5,85.4,12.9,0.0,175.0,0.0,89.97,0.36,0.0,224.88,0.0,1212.471843,100049.1,0.99,78.8,-598435.2,300821.8,0.9948,0.097,551.6,-0.09723,-74.55767,0.26,0,-1.0,-1.0,-1.0,-1.0,-1.0,0.0,0.0,0.0,0.0
1791663313.32,3414575.6,336.0,85.4,12.9,0.0,175.0,0.0,89.97,0.36,0.0,224.87,0.0,1212.471843,100049.1,0.99,78.8,-598435.2,300821.8,0.9948,0.097,551.6,-0.09723,-74.55767,0.26,0,-1.0,-1.0,-1.0,-1.0,-1.0,0.0,0.0,0.0,0.0
1791663313.83,3414576.1,336.5,85.4,12.9,0.0,175.0,0.0,89.96,0.36,0.0,224.86,0.0,1212.471843,100049.1,0.99,78.8,-598435.2,300821.8,0.9948,0.097,551.6,-0.09723,-74.55767,0.26,0,-1.0,-1.0,-1.0,-1.0,-1.0,0.0,0.0,0.0,0.0
1791663314.33,3414576.6,337.0,85.4,12.9,0.0,175.0,0.0,89.97,0.36,0.0,224.86,0.0,1212.471843,100049.1,0.99,78.8,-598435.2,300821.8,0.9948,0.097,551.6,-0.09723,-74.55767,0.26,0,-1.0,-1.0,-1.0,-1.0,-1.0,0.0,0.0,0.0,0.0
1791663314.83,3414577.1,337.5,85.4,12.9,0.0,175.0,0.0,89.96,0.36,0.0,224.85,0.0,1212.471843,100049.1,0.99,78.8,-598435.2,300821.8,0.9948,0.097,551.6,-0.09723,-74.55767,0.26,0,-1.0,-1.0,-1.0,-1.0,-1.0,0.0,0.0,0.0,0.0
1791663315.33,3414577.6,338.0,85.4,12.9,0.0,175.0,0.0,89.97,0.36,0.0,224.84,0.0,1212.471843,100049.1,0.99,78.8,-598435.2,300821.8,0.9948,0.097,551.6,-0.09723,-74.55767,0.26,0,-1.0,-1.0,-1.0,-1.0,-1.0,0.0,0.0,0.0,0.0
1791663315.83,3414578.1,338.5,85.4,12.9,0.0,175.0,0.0,89.97,0.36,0.0,224.83,0.0,1212.471843,100049.1,0.99,78.8,-598435.2,300821.8,0.9948,0.097,551.6,-0.09723,-74.55767,0.26,0,-1.0,-1.0,-1.0,-1.0,-1.0,0.0,0.0,0.0,0.0
1791663316.34,3414578.6,339.0,85.4,12.9,0.0,175.0,0.0,89.97,0.36,0.0,224.82,0.0,1212.471843,100049.1,0.99,78.8,-598435.2,300821.8,0.9948,0.097,551.6,-0.09723,-74.55767,0.26,0,-1.0,-1.0,-1.0,-1.0,-1.0,0.0,0.0,0.0,0.0
1791663316.84,3414579.1,339.5,85.4,12.9,0.0,175.0,0.0,89.96,0.36,0.0,224.81,0.0,1212.471843,100049.1,0.99,78.8,-598435.2,300821.8,0.9948,0.097,551.6,-0.09723,-74.55767,0.26,0,-1.0,-1.0,-1.0,-1.0,-1.0,0.0,0.0,0.0,0.0
1791663317.34,3414579.6,340.0,85.4,12.9,0.0,175.0,0.0,89.97,0.36,0.0,224.81,0.0,1212.471843,100049.1,0.99,78.8,-598435.2,300821.8,0.9948,0.097,551.6,-0.09723,-74.55767,0.26,0,-1.0,-1.0,-1.0,-1.0,-1.0,0.0,0.0,0.0,0.0
1791663317.84,3414580.1,340.5,85.4,12.9,0.0,175.0,0.0,89.96,0.36,0.0,224.8,0.0,1212.471843,100049.1,0.99,78.8,-598435.2,300821.8,0.9948,0.097,551.6,-0.09723,-74.55767,0.26,0,-1.0,-1.0,-1.0,-1.0,-1.0,0.0,0.0,0.0,0.0
1791663318.34,3414580.6,341.0,85.4,12.9,0.0,175.0,0.0,89.96,0.36,0.0,224.79,0.0,1212.471843,100049.1,0.99,78.8,-598435.2,300821.8,0.9948,0.097,551.6,-0.09723,-74.55767,0.26,0,-1.0,-1.0,-1.0,-1.0,-1.0,0.0,0.0,0.0,0.0
1791663318.84,3414581.1,341.5,85.4,12.9,0.0,175.0,0.0,89.96,0.36,0.0,224.78,0.0,1212.471843,100049.1,0.99,78.8,-598435.2,300821.8,0.9948,0.097,551.6,-0.09723,-74.55767,0.26,0,-1.0,-1.0,-1.0,-1.0,-1.0,0.0,0.0,0.0,0.0
1791663319.35,3414581.6,342.0,85.4,12.9,0.0,175.0,0.0,89.97,0.36,0.0,224.77,0.0,1212.471843,100049.1,0.99,78.8,-598435.2,300821.8,0.9948,0.097,551.6,-0.09723,-74.55767,0.26,0,-1.0,-1.0,-1.0,-1.0,-1.0,0.0,0.0,0.0,0.0
1791663319.85,3414582.1,342.5,85.4,12.9,0.0,175.0,0.0,89.97,0.36,0.0,224.76,0.0,1212.471843,100049.1,0.99,78.8,-598435.2,300821.8,0.9948,0.097,551.6,-0.09723,-74.55767,0.26,0,-1.0,-1.0,-1.0,-1.0,-1.0,0.0,0.0,0.0,0.0
1791663320.35,3414582.6,343.0,85.4,12.9,0.0,175.0,0.0,89.97,0.36,0.0,224.76,0.0,1212.471843,100049.1,0.99,78.8,-598435.2,300821.8,0.9948,0.097,551.6,-0.09723,-74.55767,0.26,0,-1.0,-1.0,-1.0,-1.0,-1.0,0.0,0.0,0.0,0.0
1791663320.85,3414583.1,343.5,85.4,12.9,0.0,175.0,0.0,89.97,0.36,0.0,224.75,0.0,1212.471843,100049.1,0.99,78.8,-598435.2,300821.8,0.9948,0.097,551.6,-0.09723,-74.55767,0.26,0,-1.0,-1.0,-1.0,-1.0,-1.0,0.0,0.0,0.0,0.0
1791663321.36,3414583.6,344.0,85.4,12.9,0.0,175.0,0.0,89.97,0.36,0.0,224.74,0.0,1212.471843,100049.1,0.99,78.8,-598435.2,300821.8,0.9948,0.097,551.6,-0.09723,-74.55767,0.26,0,-1.0,-1.0,-1.0,-1.0,-1.0,0.0,0.0,0.0,0.0
1791663321.86,3414584.0,344.5,85.4,12.9,0.0,175.0,0.0,89.96,0.36,0.0,224.73,0.0,1212.471843,100049.1,0.99,78.8,-598435.2,300821.8,0.9948,0.097,551.6,-0.09723,-74.55767,0.26,0,-1.0,-1.0,-1.0,-1.0,-1.0,0.0,0.0,0.0,0.0
1791663322.36,3414584.5,345.0,85.4,12.9,0.0,175.0,0.0,89.97,0.36,0.0,224.72,0.0,1212.471843,100049.1,0.99,78.8,-598435.2,300821.8,0.9948,0.097,551.6,-0.09723,-74.55767,0.26,0,-1.0,-1.0,-1.0,-1.0,-1.0,0.0,0.0,0.0,0.0
1791663322.86,3414585.0,345.5,85.4,12.9,0.0,175.0,0.0,89.96,0.36,0.0,224.72,0.0,1212.471843,100049.1,0.99,78.8,-598435.2,300821.8,0.9948,0.097,551.6,-0.09723,-74.55767,0.26,0,-1.0,-1.0,-1.0,-1.0,-1.0,0.0,0.0,0.0,0.0
1791663323.36,3414585.5,346.0,85.4,12.9,0.0,175.0,0.0,89.97,0.36,0.0,224.71,0.0,1212.471843,100049.1,0.99,78.8,-598435.2,300821.8,0.9948,0.097,551.6,-0.09723,-74.55767,0.26,0,-1.0,-1.0,-1.0,-1.0,-1.0,0.0,0.0,0.0,0.0
1791663323.86,3414586.0,346.5,85.4,12.9,0.0,175.0,0.0,89.96,0.36,0.0,224.7,0.0,1212.471843,100049.1,0.99,78.8,-598435.2,300821.8,0.9948,0.097,551.6,-0.09723,-74.55767,0.26,0,-1.0,-1.0,-1.0,-1.0,-1.0,0.0,0.0,0.0,0.0
1791663324.37,3414586.6,347.0,85.4,12.9,0.0,175.0,0.0,89.97,0.36,0.0,224.69,0.0,1212.471843,100049.1,0.99,78.8,-598435.2,300821.8,0.9948,0.097,551.6,-0.09723,-74.55767,0.26,0,-1.0,-1.0,-1.0,-1.0,-1.0,0.0,0.0,0.0,0.0
1791663324.87,3414587.1,347.5,85.4,12.9,0.0,175.0,0.0,89.96,0.36,0.0,224.68,0.0,1212.471843,100049.1,0.99,78.8,-598435.2,300821.8,0.9948,0.097,551.6,-0.09723,-74.55767,0.26,0,-1.0,-1.0,-1.0,-1.0,-1.0,0.0,0.0,0.0,0.0
1791663325.37,3414587.6,348.0,85.4,12.9,0.0,175.0,0.0,89.97,0.36,0.0,224.67,0.0,1212.471843,100049.1,0.99,78.8,-598435.2,300821.8,0.9948,0.097,551.6,-0.09723,-74.55767,0.26,0,-1.0,-1.0,-1.0,-1.0,-1.0,0.0,0.0,0.0,0.0
1791663325.87,3414588.1,348.5,85.4,12.9,0.0,175.0,0.0,89.97,0.36,0.0,224.67,0.0,1212.471843,100049.1,0.99,78.8,-598435.2,300821.8,0.9948,0.097,551.6,-0.09723,-74.55767,0.26,0,-1.0,-1.0,-1.0,-1.0,-1.0,0.0,0.0,0.0,0.0
1791663326.37,3414588.6,349.0,85.4,12.9,0.0,175.0,0.0,89.97,0.36,0.0,224.66,0.0,1212.471843,100049.1,0.99,78.8,-598435.2,300821.8,0.9948,0.097,551.6,-0.09723,-74.55767,0.26,0,-1.0,-1.0,-1.0,-1.0,-1.0,0.0,0.0,0.0,0.0
1791663326.88,3414589.1,349.5,85.4,12.9,0.0,175.0,0.0,89.96,0.36,0.0,224.65,0.0,1212.471843,100049.1,0.99,78.8,-598435.2,300821.8,0.9948,0.097,551.6,-0.09723,-74.55767,0.26,0,-1.0,-1.0,-1.0,-1.0,-1.0,0.0,0.0,0.0,0.0
1791663327.38,3414589.6,350.0,85.4,12.9,0.0,175.0,0.0,89.96,0.36,0.0,224.64,0.0,1212.471843,100049.1,0.99,78.8,-598435.2,300821.8,0.9948,0.097,551.6,-0.09723,-74.55767,0.26,0,-1.0,-1.0,-1.0,-1.0,-1.0,0.0,0.0,0.0,0.0
1791663327.88,3414590.1,350.6,85.4,12.9,0.0,175.0,0.0,89.97,0.36,0.0,224.63,0.0,1212.471843,100049.1,0.99,78.8,-598435.2,300821.8,0.9948,0.097,551.6,-0.09723,-74.55767,0.26,0,-1.0,-1.0,-1.0,-1.0,-1.0,0.0,0.0,0.0,0.0
1791663328.38,3414590.6,351.1,85.4,12.9,0.0,175.0,0.0,89.96,0.36,0.0,224.62,0.0,1212.471843,100049.1,0.99,78.8,-598435.2,300821.8,0.9948,0.097,551.6,-0.09723,-74.55767,0.26,0,-1.0,-1.0,-1.0,-1.0,-1.0,0.0,0.0,0.0,0.0
1791663328.89,3414591.1,351.6,85.4,12.9,0.0,175.0,0.0,89.96,0.36,0.0,224.62,0.0,1212.471843,100049.1,0.99,78.8,-598435.2,300821.8,0.9948,0.097,551.6,-0.09723,-74.55767,0.26,0,-1.0,-1.0,-1.0,-1.0,-1.0,0.0,0.0,0.0,0.0
1791663329.39,3414591.6,352.1,85.4,12.9,0.0,175.0,0.0,89.96,0.36,0.0,224.61,0.0,1212.471843,100049.1,0.99,78.8,-598435.2,300821.8,0.9948,0.097,551.6,-0.09723,-74.55767,0.26,0,-1.0,-1.0,-1.0,-1.0,-1.0,0.0,0.0,0.0,0.0
1791663329.89,3414592.0,352.6,85.4,12.9,0.0,175.0,0.0,89.96,0.36,0.0,224.6,0.0,1212.471843,100049.1,0.99,78.8,-598435.2,300821.8,0.9948,0.097,551.6,-0.09723,-74.55767,0.26,0,-1.0,-1.0,-1.0,-1.0,-1.0,0.0,0.0,0.0,0.0
1791663330.39,3414592.0,353.1,85.4,12.9,0.0,175.0,0.0,89.96,0.36,0.0,224.6,0.0,1212.471843,100049.1,0.99,78.8,-598435.2,300821.8,0.9948,0.097,551.6,-0.09723,-74.55767,0.26,0,-1.0,-1.0,-1.0,-1.0,-1.0,0.0,0.0,0.0,0.0
1791663330.89,3414592.1,353.6,85.4,12.9,0.0,175.0,0.0,89.96,0.36,0.0,224.6,0.0,1212.471843,100049.1,0.99,78.8,-598435.2,300821.8,0.9948,0.097,551.6,-0.09723,-74.55767,0.26,0,-1.0,-1.0,-1.0,-1.0,-1.0,0.0,0.0,0.0,0.0
1791663331.39,3414592.1,354.1,85.4,12.9,0.0,175.0,0.0,89.96,0.36,0.0,224.6,0.0,1212.471843,100049.1,0.99,78.8,-598435.2,300821.8,0.9948,0.097,551.6,-0.09723,-74.55767,0.26,0,-1.0,-1.0,-1.0,-1.0,-1.0,0.0,0.0,0.0,0.0
1791663331.9,3414592.1,354.6,85.4,12.9,0.0,175.0,0.0,89.96,0.36,0.0,224.6,0.0,1212.471843,100049.1,0.99,78.8,-598435.2,300821.8,0.9948,0.097,551.6,-0.09723,-74.55767,0.26,0,-1.0,-1.0,-1.0,-1.0,-1.0,0.0,0.0,0.0,0.0
1791663332.4,3414592.1,355.1,85.4,12.9,0.0,175.0,0.0,89.96,0.36,0.0,224.6,0.0,1212.471843,100049.1,0.99,78.8,-598435.2,300821.8,0.9948,0.097,551.6,-0.09723,-74.55767,0.26,0,-1.0,-1.0,-1.0,-1.0,-1.0,0.0,0.0,0.0,0.0
1791663332.9,3414592.1,355.6,85.4,12.9,0.0,175.0,0.0,89.96,0.36,0.0,224.6,0.0,1212.471843,100049.1,0.99,78.8,-598435.2,300821.8,0.9948,0.097,551.6,-0.09723,-74.55767,0.26,0,-1.0,-1.0,-1.0,-1.0,-1.0,0.0,0.0,0.0,0.0
1791663333.4,3414592.2,356.1,85.4,12.9,0.0,175.0,0.0,89.96,0.36,0.0,224.6,0.0,1212.471843,100049.1,0.99,78.8,-598435.2,300821.8,0.9948,0.097,551.6,-0.09723,-74.55767,0.26,0,-1.0,-1.0,-1.0,-1.0,-1.0,0.0,0.0,0.0,0.0
1791663333.9,3414592.2,356.6,85.4,12.9,0.0,175.0,0.0,89.96,0.36,0.0,224.6,0.0,1212.471843,100049.1,0.99,78.8,-598435.2,300821.8,0.9948,0.097,551.6,-0.09723,-74.55767,0.26,0,-1.0,-1.0,-1.0,-1.0,-1.0,0.0,0.0,0.0,0.0
1791663334.4,3414592.2,357.1,85.4,12.9,0.0,175.0,0.0,89.96,0.36,0.0,224.6,0.0,1212.471843,100049.1,0.99,78.8,-598435.2,300821.8,0.9948,0.097,551.6,-0.09723,-74.55767,0.26,0,-1.0,-1.0,-1.0,-1.0,-1.0,0.0,0.0,0.0,0.0
1791663334.91,3414592.2,357.6,85.4,12.9,0.0,175.0,0.0,89.96,0.36,0.0,224.6,0.0,1212.471843,100049.1,0.99,78.8,-598435.2,300821.8,0.9948,0.097,551.6,-0.09723,-74.55767,0.26,0,-1.0,-1.0,-1.0,-1.0,-1.0,0.0,0.0,0.0,0.0
1791663335.41,3414592.2,358.1,85.4,12.9,0.0,175.0,0.0,89.96,0.36,0.0,224.6,0.0,1212.471843,100049.1,0.99,78.8,-598435.2,300821.8,0.9948,0.097,551.6,-0.09723,-74.55767,0.26,0,-1.0,-1.0,-1.0,-1.0,-1.0,0.0,0.0,0.0,0.0
1791663335.91,3414592.2,358.6,85.4,12.9,0.0,175.0,0.0,89.96,0.36,0.0,224.6,0.0,1212.471843,100049.1,0.99,78.8,-598435.2,300821.8,0.9948,0.097,551.6,-0.09723,-74.55767,0.26,0,-1.0,-1.0,-1.0,-1.0,-1.0,0.0,0.0,0.0,0.0
1791663336.41,3414592.3,359.1,85.4,12.9,0.0,175.0,0.0,89.96,0.36,0.0,224.6,0.0,1212.471843,100049.1,0.99,78.8,-598435.2,300821.8,0.9948,0.097,551.6,-0.09723,-74.55767,0.26,0,-1.0,-1.0,-1.0,-1.0,-1.0,0.0,0.0,0.0,0.0
1791663336.91,3414592.3,359.6,85.4,12.9,0.0,175.0,0.0,89.96,0.36,0.0,224.6,0.0,1212.471843,100049.1,0.99,78.8,-598435.2,300821.8,0.9948,0.097,551.6,-0.09723,-74.55767,0.26,0,-1.0,-1.0,-1.0,-1.0,-1.0,0.0,0.0,0.0,0.0
1791663337.41,3414592.3,360.1,85.4,12.9,0.0,175.0,0.0,89.97,0.36,0.0,224.59,0.0,1212.471843,100049.1,0.99,78.8,-598435.2,300821.8,0.9948,0.097,551.6,-0.09723,-74.55767,0.26,0,-1.0,-1.0,-1.0,-1.0,-1.0,0.0,0.0,0.0,0.0
1791663337.91,3414592.3,360.6,85.4,12.9,0.0,175.0,0.0,89.97,0.36,0.0,224.59,0.0,1212.471843,100049.1,0.99,78.8,-598435.2,300821.8,0.9948,0.097,551.6,-0.09723,-74.55767,0.26,0,-1.0,-1.0,-1.0,-1.0,-1.0,0.0,0.0,0.0,0.0
1791663338.42,3414592.4,361.1,85.4,12.9,0.0,175.0,0.0,89.97,0.36,0.0,224.59,0.0,1212.471843,100049.1,0.99,78.8,-598435.2,300821.8,0.9948,0.097,551.6,-0.09723,-74.55767,0.26,0,-1.0,-1.0,-1.0,-1.0,-1.0,0.0,0.0,0.0,0.0
1791663338.92,3414592.4,361.6,85.4,12.9,0.0,175.0,0.0,89.97,0.36,0.0,224.59,0.0,1212.471843,100049.1,0.99,78.8,-598435.2,300821.8,0.9948,0.097,551.6,-0.09723,-74.55767,0.26,0,-1.0,-1.0,-1.0,-1.0,-1.0,0.0,0.0,0.0,0.0
1791663339.42,3414592.4,362.1,85.4,12.9,0.0,175.0,0.0,89.96,0.36,0.0,224.59,0.0,1212.471843,100049.1,0.99,78.8,-598435.2,300821.8,0.9948,0.097,551.6,-0.09723,-74.55767,0.26,0,-1.0,-1.0,-1.0,-1.0,-1.0,0.0,0.0,0.0,0.0
1791663339.92,3414592.4,362.6,85.4,12.9,0.0,175.0,0.0,89.96,0.36,0.0,224.59,0.0,1212.471843,100049.1,0.99,78.8,-598435.2,300821.8,0.9948,0.097,551.6,-0.09723,-74.55767,0.26,0,-1.0,-1.0,-1.0,-1.0,-1.0,0.0,0.0,0.0,0.0
1791663340.42,3414592.4,363.1,85.4,12.9,0.0,175.0,0.0,89.97,0.36,0.0,224.59,0.0,1212.471843,100049.1,0.99,78.8,-598435.2,300821.8,0.9948,0.097,551.6,-0.09723,-74.55767,0.26,0,-1.0,-1.0,-1.0,-1.0,-1.0,0.0,0.0,0.0,0.0
1791663340.92,3414592.5,363.6,85.4,12.9,0.0,175.0,0.0,89.97,0.36,0.0,224.59,0.0,1212.471843,100049.1,0.99,78.8,-598435.2,300821.8,0.9948,0.097,551.6,-0.09723,-74.55767,0.26,0,-1.0,-1.0,-1.0,-1.0,-1.0,0.0,0.0,0.0,0.0
1791663341.43,3414592.9,364.1,85.4,12.9,0.0,175.0,0.0,89.96,0.36,0.0,224.59,0.0,1212.471843,100049.1,0.99,78.8,-598435.2,300821.8,0.9948,0.097,551.6,-0.09723,-74.55767,0.26,0,-1.0,-1.0,-1.0,-1.0,-1.0,0.0,0.0,0.0,0.0
1791663341.93,3414593.4,364.6,85.4,12.9,0.0,175.0,0.0,89.97,0.36,0.0,224.58,0.0,1212.471843,100049.1,0.99,78.8,-598435.2,300821.8,0.9948,0.097,551.6,-0.09723,-74.55767,0.26,0,-1.0,-1.0,-1.0,-1.0,-1.0,0.0,0.0,0.0,0.0
1791663342.43,3414593.9,365.1,85.4,12.9,0.0,175.0,0.0,89.97,0.36,0.0,224.57,0.0,1212.471843,100049.1,0.99,78.8,-598435.2,300821.8,0.9948,0.097,551.6,-0.09723,-74.55767,0.26,0,-1.0,-1.0,-1.0,-1.0,-1.0,0.0,0.0,0.0,0.0
1791663342.93,3414594.4,365.6,85.4,12.9,0.0,175.0,0.0,89.96,0.36,0.0,224.56,0.0,1212.471843,100049.1,0.99,78.8,-598435.2,300821.8,0.9948,0.097,551.6,-0.09723,-74.55767,0.26,0,-1.0,-1.0,-1.0,-1.0,-1.0,0.0,0.0,0.0,0.0
1791663343.43,3414594.9,366.1,85.4,12.9,0.0,175.0,0.0,89.97,0.36,0.0,224.55,0.0,1212.471843,100049.1,0.99,78.8,-598435.2,300821.8,0.9948,0.097,551.6,-0.09723,-74.55767,0.26,0,-1.0,-1.0,-1.0,-1.0,-1.0,0.0,0.0,0.0,0.0
1791663343.93,3414595.4,366.6,85.4,12.9,0.0,175.0,0.0,89.96,0.36,0.0,224.54,0.0,1212.471843,100049.1,0.99,78.8,-598435.2,300821.8,0.9948,0.097,551.6,-0.09723,-74.55767,0.26,0,-1.0,-1.0,-1.0,-1.0,-1.0,0.0,0.0,0.0,0.0
1791663344.43,3414595.9,367.1,85.4,12.9,0.0,175.0,0.0,89.97,0.36,0.0,224.54,0.0,1212.471843,100049.1,0.99,78.8,-598435.2,300821.8,0.9948,0.097,551.6,-0.09723,-74.55767,0.26,0,-1.0,-1.0,-1.0,-1.0,-1.0,0.0,0.0,0.0,0.0
1791663344.94,3414596.4,367.6,85.4,12.9,0.0,175.0,0.0,89.96,0.36,0.0,224.53,0.0,1212.471843,100049.1,0.99,78.8,-598435.2,300821.8,0.9948,0.097,551.6,-0.09723,-74.55767,1.0,0,-1.0,-1.0,-1.0,-1.0,-1.0,0.0,0.0,0.0,0.0
1791663345.44,3414596.9,368.1,85.4,12.9,0.0,175.0,0.0,89.97,0.37,0.0,224.52,0.0,1212.471843,100049.1,0.99,78.8,-598435.2,300821.8,0.9948,0.097,551.6,-0.09723,-74.55767,1.0,0,-1.0,-1.0,-1.0,-1.0,-1.0,0.0,0.0,0.0,0.0
1791663345.94,3414597.4,368.6,85.4,12.9,0.0,175.0,0.0,89.97,0.38,0.0,224.51,0.0,1212.471843,100049.1,0.99,78.8,-598435.2,300821.8,0.9948,0.097,551.6,-0.09723,-74.55767,1.0,0,-1.0,-1.0,-1.0,-1.0,-1.0,0.0,0.0,0.0,0.0
1791663346.45,3414597.9,369.1,85.4,12.9,0.0,175.0,0.0,89.97,0.38,0.0,224.5,0.0,1212.471843,100049.1,0.99,78.8,-598435.2,300821.8,0.9948,0.097,551.6,-0.09723,-74.55767,1.0,0,-1.0,-1.0,-1.0,-1.0,-1.0,0.0,0.0,0.0,0.0
1791663346.95,3414598.4,369.6,85.4,12.9,0.0,175.0,0.0,89.97,0.38,0.0,224.49,0.0,1212.471843,100049.1,0.99,78.8,-598435.2,300821.8,0.9948,0.097,551.6,-0.09723,-74.55767,1.0,0,-1.0,-1.0,-1.0,-1.0,-1.0,0.0,0.0,0.0,0.0
1791663347.55,3414598.8,370.2,85.4,12.9,0.0,175.0,0.0,89.98,0.38,0.0,224.49,0.0,1212.471843,100049.1,0.99,78.8,-598435.2,300821.8,0.9948,0.097,551.6,-0.09723,-74.55767,1.0,0,-1.0,-1.0,-1.0,-1.0,-1.0,0.0,0.0,0.0,0.0
1791663348.05,3414599.3,370.7,85.4,12.9,0.3,175.0,0.3,89.97,0.3,0.0,224.48,0.06,1212.470713,100049.0,1.08,79.9,-598435.3,300822.3,0.9948,0.097,551.6,-0.09723,-74.55767,1.0,0,-1.0,-1.0,-1.0,-1.0,-1.0,0.0,0.0,0.0,0.0
1791663348.55,3414599.8,371.2,86.7,14.3,3.5,174.9,3.5,87.07,165.68,-168.69,224.47,6.79,1212.277934,100029.3,1.39,81.9,-598437.3,300822.3,0.9948,0.108,551.6,-0.09725,-74.55766,1.0,0,-1.0,-1.0,-1.0,-1.0,-1.0,0.0,0.0,0.0,0.0
1791663349.05,3414600.3,371.7,89.0,16.6,5.6,175.2,5.7,88.0,137.8,-137.38,224.46,18.06,1211.941504,99995.1,1.44,85.2,-598432.7,300826.2,0.9948,0.265,551.7,-0.09726,-74.55766,1.0,0,-1.0,-1.0,-1.0,-1.0,-1.0,0.0,0.0,0.0,0.0
1791663349.56,3414600.8,372.2,92.4,20.0,7.9,175.5,7.9,87.98,14.22,-2.58,224.45,34.68,1211.446289,99944.6,1.45,90.1,-598429.1,300830.5,0.9948,0.254,551.7,-0.09727,-74.55765,1.0,0,-1.0,-1.0,-1.0,-1.0,-1.0,0.0,0.0,0.0,0.0
1791663350.06,3414601.3,372.7,96.9,24.5,10.1,175.5,10.1,87.23,347.45,38.44,224.44,56.57,1210.790064,99877.8,1.45,96.7,-598429.9,300833.4,0.9948,0.107,551.7,-0.09728,-74.55765,1.0,0,-1.0,-1.0,-1.0,-1.0,-1.0,0.0,0.0,0.0,0.0
1791663350.56,3414601.8,373.2,102.6,30.1,12.4,175.5,12.4,88.3,332.3,69.11,224.44,84.87,1209.969074,99794.1,1.46,105.0,-598432.9,300836.0,0.9948,0.114,551.7,-0.09729,-74.55764,1.0,0,-1.0,-1.0,-1.0,-1.0,-1.0,0.0,0.0,0.0,0.0
1791663351.06,3414602.3,373.7,109.4,36.9,14.7,175.6,14.7,89.41,323.66,94.82,224.43,119.46,1208.981788,99693.6,1.47,114.9,-598434.6,300840.2,0.9948,0.129,551.7,-0.09728,-74.55763,1.0,0,-1.0,-1.0,-1.0,-1.0,-1.0,0.0,0.0,0.0,0.0
1791663351.56,3414602.9,374.2,117.3,44.8,17.0,175.9,17.0,88.75,244.8,-172.24,224.42,160.01,1207.827162,99576.0,1.47,126.7,-598432.9,300846.9,0.9948,0.135,551.7,-0.09728,-74.55764,0.26,0,-1.0,-1.0,-1.0,-1.0,-1.0,0.0,0.0,0.0,0.0
1791663352.06,3414603.4,374.7,126.4,53.9,19.3,175.8,19.3,87.7,247.4,-167.07,224.41,206.7,1206.504854,99441.4,1.47,140.1,-598439.3,300850.4,0.9948,0.102,551.7,-0.09727,-74.55765,1.0,0,-1.0,-1.0,-1.0,-1.0,-1.0,0.0,0.0,0.0,0.0
1791663352.57,3414603.9,375.2,136.7,64.2,21.7,175.8,21.7,88.8,255.14,-170.14,224.4,260.41,1205.012006,99289.5,1.48,155.4,-598444.9,300855.2,0.9948,0.097,551.7,-0.09727,-74.55766,1.0,0,-1.0,-1.0,-1.0,-1.0,-1.0,0.0,0.0,0.0,0.0
1791663353.07,3414604.4,375.7,148.6,76.2,24.2,176.0,24.2,89.8,40.52,47.42,224.39,323.51,1203.277289,99113.0,1.49,173.2,-598445.5,300863.9,0.9948,0.097,551.8,-0.09726,-74.55768,1.0,0,-1.0,-1.0,-1.0,-1.0,-1.0,0.0,0.0,0.0,0.0
1791663353.57,3414604.9,376.2,161.4,88.9,26.6,176.5,26.6,89.33,74.74,14.94,224.39,391.08,1201.432509,98925.3,1.49,192.3,-598443.4,300874.4,0.9948,0.099,551.8,-0.09726,-74.5577,1.0,0,-1.0,-1.0,-1.0,-1.0,-1.0,0.0,0.0,0.0,0.0
1791663354.07,3414605.4,376.7,175.3,102.8,29.1,177.0,29.1,89.39,87.01,3.76,224.38,465.71,1199.412934,98720.0,1.5,213.3,-598441.5,300885.9,0.9948,0.1,551.8,-0.09726,-74.55772,1.0,0,-1.0,-1.0,-1.0,-1.0,-1.0,0.0,0.0,0.0,0.0
1791663354.57,3414605.9,377.2,190.5,118.0,31.6,177.5,31.6,89.57,99.12,-7.68,224.37,547.56,1197.217673,98496.9,1.5,236.2,-598440.2,300898.0,0.9948,0.1,551.9,-0.09726,-74.55774,1.0,0,-1.0,-1.0,-1.0,-1.0,-1.0,0.0,0.0,0.0,0.0
1791663355.07,3414606.4,377.7,206.9,134.5,34.1,178.0,34.1,89.7,106.72,-14.9,224.36,636.75,1194.845409,98256.0,1.51,261.1,-598439.5,300910.8,0.9948,0.099,551.9,-0.09725,-74.55776,1.0,0,-1.0,-1.0,-1.0,-1.0,-1.0,0.0,0.0,0.0,0.0
1791663355.58,3414606.9,378.2,224.6,152.2,36.6,178.5,36.6,89.77,108.16,-16.16,224.35,733.4,1192.295094,97997.0,1.51,288.0,-598439.0,300924.5,0.9948,0.098,551.9,-0.09725,-74.55777,1.0,0,-1.0,-1.0,-1.0,-1.0,-1.0,0.0,0.0,0.0,0.0
1791663356.08,3414607.4,378.7,243.6,171.1,39.2,179.1,39.2,89.82,109.06,-17.01,224.34,837.63,1189.565893,97720.1,1.52,316.9,-598438.5,300939.2,0.9948,0.098,552.0,-0.09725,-74.55779,1.0,0,-1.0,-1.0,-1.0,-1.0,-1.0,0.0,0.0,0.0,0.0
1791663356.58,3414607.9,379.3,263.9,191.4,41.8,179.7,41.8,89.87,113.55,-21.54,224.34,949.54,1186.656729,97425.0,1.52,347.9,-598438.1,300954.9,0.9948,0.098,552.0,-0.09725,-74.5578,1.0,0,-1.0,-1.0,-1.0,-1.0,-1.0,0.0,0.0,0.0,0.0
1791663357.09,3414608.4,379.8,286.3,213.8,44.5,180.3,44.5,89.9,91.96,0.0,224.33,1074.19,1183.439663,97098.9,1.53,382.4,-598437.9,300972.3,0.9948,0.097,552.1,-0.09725,-74.55781,1.0,0,-1.0,-1.0,-1.0,-1.0,-1.0,0.0,0.0,0.0,0.0
1791663357.59,3414608.9,380.3,309.2,236.8,47.1,181.0,47.1,89.93,91.84,0.0,224.32,1202.12,1180.161147,96766.8,1.53,417.8,-598437.7,300990.0,0.9948,0.097,552.1,-0.09725,-74.55783,1.0,0,-1.0,-1.0,-1.0,-1.0,-1.0,0.0,0.0,0.0,0.0
1791663358.09,3414609.4,380.8,333.5,261.0,49.8,181.7,49.8,89.96,91.69,0.0,224.31,1338.03,1176.700512,96416.5,1.54,455.3,-598437.6,301008.8,0.9948,0.097,552.2,-0.09725,-74.55784,1.0,0,-1.0,-1.0,-1.0,-1.0,-1.0,0.0,0.0,0.0,0.0
1791663358.59,3414609.9,381.3,359.1,286.6,52.5,182.5,52.5,89.97,91.55,0.0,224.3,1482.02,1173.057117,96048.0,1.54,495.0,-598437.6,301028.7,0.9948,0.097,552.2,-0.09725,-74.55785,1.0,0,-1.0,-1.0,-1.0,-1.0,-1.0,0.0,0.0,0.0,0.0
1791663359.09,3414610.4,381.8,386.0,313.6,55.2,183.3,55.2,89.96,91.41,0.0,224.29,1634.15,1169.230394,95661.2,1.55,537.0,-598437.6,301049.7,0.9948,0.097,552.3,-0.09725,-74.55787,1.0,0,-1.0,-1.0,-1.0,-1.0,-1.0,0.0,0.0,0.0,0.0
1791663359.59,3414610.9,382.3,414.3,341.9,57.9,184.1,57.9,89.95,91.28,0.0,224.29,1794.48,1165.220229,95256.2,1.55,581.3,-598437.6,301071.8,0.9948,0.097,552.3,-0.09725,-74.55788,1.0,0,-1.0,-1.0,-1.0,-1.0,-1.0,0.0,0.0,0.0,0.0
1791663360.09,3414611.4,382.8,444.0,371.6,60.7,185.0,60.7,89.96,91.14,0.0,224.28,1963.07,1161.025923,94832.9,1.56,627.9,-598437.7,301095.1,0.9948,0.097,552.4,-0.09725,-74.5579,1.0,0,-1.0,-1.0,-1.0,-1.0,-1.0,0.0,0.0,0.0,0.0
1791663360.6,3414611.9,383.3,475.1,402.6,63.5,185.9,63.5,89.96,91.02,0.0,224.27,2139.97,1156.647415,94391.4,1.56,676.8,-598437.7,301119.5,0.9948,0.097,552.5,-0.09725,-74.55792,1.0,0,-1.0,-1.0,-1.0,-1.0,-1.0,0.0,0.0,0.0,0.0
1791663361.1,3414612.4,383.8,507.6,435.1,66.3,186.9,66.3,89.94,90.91,0.0,224.26,2325.19,1152.084529,93931.8,1.57,728.2,-598437.8,301145.2,0.9948,0.097,552.5,-0.09725,-74.55794,1.0,0,-1.0,-1.0,-1.0,-1.0,-1.0,0.0,0.0,0.0,0.0
1791663361.61,3414612.9,384.3,542.9,470.4,69.3,187.9,69.3,89.94,90.8,0.0,224.25,2526.68,1147.143557,93434.5,1.58,784.2,-598437.9,301173.1,0.9948,0.098,552.6,-0.09725,-74.55796,1.0,0,-1.0,-1.0,-1.0,-1.0,-1.0,0.0,0.0,0.0,0.0
1791663362.11,3414613.4,384.8,578.3,505.8,72.2,189.0,72.2,89.95,90.7,0.0,224.24,2728.95,1142.204414,92938.0,1.58,840.5,-598438.0,301201.2,0.9948,0.098,552.7,-0.09725,-74.55798,1.0,0,-1.0,-1.0,-1.0,-1.0,-1.0,0.0,0.0,0.0,0.0
1791663362.61,3414613.8,385.3,607.7,535.2,74.5,189.9,74.5,89.95,90.63,0.0,224.24,2896.78,1138.120532,92527.8,1.58,887.4,-598438.1,301224.6,0.9948,0.098,552.8,-0.09725,-74.55799,1.0,0,-1.0,-1.0,-1.0,-1.0,-1.0,0.0,0.0,0.0,0.0
1791663363.12,3414614.3,385.8,647.2,574.7,77.5,191.1,77.5,89.95,90.55,0.0,224.23,3122.93,1132.635285,91977.4,1.59,950.7,-598438.2,301256.3,0.9948,0.098,552.8,-0.09725,-74.55802,1.0,0,-1.0,-1.0,-1.0,-1.0,-1.0,0.0,0.0,0.0,0.0
1791663363.62,3414614.8,386.3,686.7,614.3,80.5,192.3,80.5,89.96,90.49,0.0,224.22,3348.85,1127.173704,91429.9,1.6,1014.3,-598438.3,301288.0,0.9948,0.098,552.9,-0.09725,-74.55804,1.0,0,-1.0,-1.0,-1.0,-1.0,-1.0,0.0,0.0,0.0,0.0
1791663364.12,3414615.3,386.8,727.8,655.3,83.5,193.5,83.5,89.96,90.42,0.0,224.21,3583.01,1121.528795,90864.8,1.6,1080.4,-598438.4,301321.0,0.9948,0.098,553.0,-0.09726,-74.55807,1.0,0,-1.0,-1.0,-1.0,-1.0,-1.0,0.0,0.0,0.0,0.0
1791663364.62,3414615.8,387.3,770.3,697.8,86.5,194.8,86.5,89.96,90.37,0.0,224.2,3825.36,1115.701113,90282.1,1.61,1149.2,-598438.4,301355.4,0.9948,0.098,553.1,-0.09726,-74.55809,1.0,0,-1.0,-1.0,-1.0,-1.0,-1.0,0.0,0.0,0.0,0.0
1791663365.12,3414616.3,387.8,814.3,741.8,89.5,196.2,89.5,89.97,90.33,0.0,224.19,4075.84,1109.691599,89681.9,1.61,1220.7,-598438.5,301391.1,0.9948,0.098,553.2,-0.09726,-74.55812,1.0,0,-1.0,-1.0,-1.0,-1.0,-1.0,0.0,0.0,0.0,0.0
1791663365.63,3414616.8,388.3,859.8,787.3,92.5,197.6,92.5,89.98,90.29,0.0,224.19,4334.35,1103.5005,89064.4,1.62,1294.9,-598438.6,301428.1,0.9948,0.098,553.3,-0.09726,-74.55815,1.0,0,-1.0,-1.0,-1.0,-1.0,-1.0,0.0,0.0,0.0,0.0
1791663366.13,3414617.3,388.8,906.9,834.4,95.6,199.0,95.6,89.96,90.25,0.0,224.18,4600.8,1097.129058,88429.7,1.62,1371.8,-598438.6,301466.6,0.9948,0.098,553.4,-0.09726,-74.55818,1.0,0,-1.0,-1.0,-1.0,-1.0,-1.0,0.0,0.0,0.0,0.0
1791663366.63,3414617.8,389.3,955.5,883.0,98.7,200.5,98.7,90.0,90.23,0.0,224.17,4875.06,1090.578224,87778.1,1.63,1451.5,-598438.6,301506.4,0.9948,0.098,553.5,-0.09726,-74.55821,1.0,0,-1.0,-1.0,-1.0,-1.0,-1.0,0.0,0.0,0.0,0.0
1791663367.13,3414618.3,389.8,1007.7,935.2,102.0,202.1,102.0,89.97,90.2,0.0,224.16,5168.46,1083.576131,87082.6,1.63,1537.4,-598438.7,301549.4,0.9948,0.098,553.6,-0.09727,-74.55825,1.0,0,-1.0,-1.0,-1.0,-1.0,-1.0,0.0,0.0,0.0,0.0
1791663367.64,3414618.8,390.3,1059.5,987.0,105.1,203.7,105.1,90.0,90.18,0.0,224.15,5458.28,1076.662844,86397.0,1.64,1623.0,-598438.7,301592.1,0.9948,0.098,553.8,-0.09727,-74.55829,1.0,0,-1.0,-1.0,-1.0,-1.0,-1.0,0.0,0.0,0.0,0.0
1791663368.14,3414619.3,390.8,1112.9,1040.4,108.3,205.4,108.3,90.0,90.16,0.0,224.14,5755.51,1069.573607,85695.0,1.64,1711.4,-598438.7,301636.4,0.9948,0.098,553.9,-0.09727,-74.55832,1.0,0,-1.0,-1.0,-1.0,-1.0,-1.0,0.0,0.0,0.0,0.0
1791663368.64,3414619.8,391.3,1167.9,1095.4,111.5,207.0,111.5,90.0,90.14,0.0,224.14,6060.0,1062.310018,84976.9,1.65,1802.8,-598438.7,301682.1,0.9948,0.098,554.0,-0.09727,-74.55836,1.0,0,-1.0,-1.0,-1.0,-1.0,-1.0,0.0,0.0,0.0,0.0
1791663369.14,3414620.3,391.8,1224.5,1152.0,114.7,208.8,114.7,89.98,90.13,0.0,224.13,6371.6,1054.873649,84242.9,1.65,1897.2,-598438.7,301729.2,0.9948,0.098,554.1,-0.09727,-74.5584,1.0,0,-1.0,-1.0,-1.0,-1.0,-1.0,0.0,0.0,0.0,0.0
1791663369.64,3414620.8,392.3,1282.7,1210.2,118.0,210.6,118.0,90.0,90.11,0.0,224.12,6690.13,1047.265981,83493.2,1.66,1994.6,-598438.7,301777.9,0.9948,0.098,554.3,-0.09728,-74.55844,1.0,0,-1.0,-1.0,-1.0,-1.0,-1.0,0.0,0.0,0.0,0.0
1791663370.14,3414621.3,392.8,1342.5,1270.1,121.3,212.4,121.3,90.0,90.1,0.0,224.11,7015.4,1039.489004,82728.1,1.66,2095.1,-598438.7,301828.2,0.9948,0.098,554.4,-0.09728,-74.55849,1.0,0,-1.0,-1.0,-1.0,-1.0,-1.0,0.0,0.0,0.0,0.0
1791663370.65,3414621.8,393.3,1404.0,1331.6,124.6,214.3,124.6,90.0,90.08,0.0,224.1,7347.22,1031.544256,81948.0,1.66,2198.6,-598438.7,301880.0,0.9948,0.098,554.6,-0.09728,-74.55853,1.0,0,-1.0,-1.0,-1.0,-1.0,-1.0,0.0,0.0,0.0,0.0
1791663371.15,3414622.3,393.8,1467.2,1394.7,127.9,216.3,127.9,90.0,90.07,0.0,224.09,7685.38,1023.433823,81153.0,1.67,2305.4,-598438.7,301933.3,0.9948,0.098,554.7,-0.09728,-74.55858,1.0,0,-1.0,-1.0,-1.0,-1.0,-1.0,0.0,0.0,0.0,0.0
1791663371.65,3414622.8,394.3,1532.0,1459.5,131.3,218.2,131.3,90.0,90.06,0.0,224.09,8029.65,1015.159767,80343.6,1.67,2415.3,-598438.7,301988.3,0.9948,0.098,554.9,-0.09728,-74.55863,1.0,0,-1.0,-1.0,-1.0,-1.0,-1.0,0.0,0.0,0.0,0.0
1791663372.15,3414623.4,394.8,1598.5,1526.0,134.6,220.3,134.6,90.0,90.06,0.0,224.08,8377.01,1006.72414,79519.9,1.68,2528.4,-598438.6,302044.9,0.9948,0.098,555.0,-0.09728,-74.55868,1.0,0,-1.0,-1.0,-1.0,-1.0,-1.0,0.0,0.0,0.0,0.0
1791663372.66,3414623.9,395.3,1669.5,1597.0,138.2,222.4,138.2,90.0,90.05,0.0,224.07,8749.91,997.782166,78648.5,1.69,2649.6,-598438.6,302105.5,0.9948,0.098,555.2,-0.09729,-74.55873,1.0,0,-1.0,-1.0,-1.0,-1.0,-1.0,0.0,0.0,0.0,0.0
1791663373.16,3414624.4,395.8,1739.5,1667.0,141.6,224.6,141.6,90.0,90.04,0.0,224.06,9111.26,989.02426,77796.9,1.69,2769.5,-598438.6,302165.5,0.9948,0.098,555.3,-0.09729,-74.55878,1.0,0,-1.0,-1.0,-1.0,-1.0,-1.0,0.0,0.0,0.0,0.0
1791663373.66,3414624.9,396.3,1811.2,1738.7,145.1,226.8,145.1,90.0,90.03,0.0,224.05,9477.69,980.112007,76932.0,1.7,2892.8,-598438.5,302227.1,0.9948,0.098,555.5,-0.09729,-74.55884,1.0,0,-1.0,-1.0,-1.0,-1.0,-1.0,0.0,0.0,0.0,0.0
1791663374.16,3414625.4,396.8,1884.6,1812.1,148.6,229.0,148.6,89.97,90.03,0.0,224.04,9848.92,971.048048,76054.3,1.7,3019.4,-598438.5,302290.5,0.9948,0.098,555.7,-0.09729,-74.5589,1.0,0,-1.0,-1.0,-1.0,-1.0,-1.0,0.0,0.0,0.0,0.0
1791663374.66,3414625.9,397.3,1959.8,1887.3,152.1,231.3,152.1,90.0,90.02,0.0,224.04,10224.65,961.835003,75164.2,1.71,3149.6,-598438.4,302355.6,0.9948,0.098,555.9,-0.09729,-74.55896,1.0,0,-1.0,-1.0,-1.0,-1.0,-1.0,0.0,0.0,0.0,0.0
1791663375.16,3414626.4,397.8,2036.7,1964.3,155.6,233.6,155.6,90.0,90.02,0.0,224.03,10604.56,952.475634,74262.0,1.71,3283.2,-598438.3,302422.4,0.9948,0.098,556.1,-0.09729,-74.55902,1.0,0,-1.0,-1.0,-1.0,-1.0,-1.0,0.0,0.0,0.0,0.0
1791663375.67,3414626.9,398.3,2115.5,2043.0,159.2,236.0,159.2,90.0,90.02,0.0,224.02,10988.34,942.973083,73348.1,1.72,3420.4,-598438.3,302491.1,0.9948,0.098,556.2,-0.09729,-74.55908,1.0,0,-1.0,-1.0,-1.0,-1.0,-1.0,0.0,0.0,0.0,0.0
1791663376.17,3414627.4,398.8,2196.0,2123.5,162.8,238.4,162.8,90.0,90.01,0.0,224.01,11375.65,933.330028,72422.9,1.72,3561.2,-598438.2,302561.5,0.9948,0.098,556.4,-0.0973,-74.55915,0.26,0,-1.0,-1.0,-1.0,-1.0,-1.0,0.0,0.0,0.0,0.0
1791663376.67,3414627.9,399.3,2278.3,2205.9,166.4,240.9,166.4,90.0,90.01,0.0,224.0,11766.13,923.549544,71486.8,1.73,3705.6,-598438.1,302633.8,0.9948,0.097,556.6,-0.0973,-74.55921,1.0,0,-1.0,-1.0,-1.0,-1.0,-1.0,0.0,0.0,0.0,0.0
1791663377.17,3414628.4,399.8,2362.5,2290.0,170.0,243.4,170.0,89.97,90.0,0.0,224.0,12159.43,913.635055,70540.2,1.73,3853.8,-598438.0,302707.9,0.9948,0.097,556.8,-0.0973,-74.55928,1.0,0,-1.0,-1.0,-1.0,-1.0,-1.0,0.0,0.0,0.0,0.0
1791663377.68,3414628.9,400.3,2448.4,2376.0,173.7,245.9,173.7,89.97,90.0,0.0,223.99,12555.16,903.589567,69583.6,1.74,4005.6,-598437.9,302783.9,0.9948,0.097,557.0,-0.0973,-74.55935,1.0,0,-1.0,-1.0,-1.0,-1.0,-1.0,0.0,0.0,0.0,0.0
1791663378.18,3414629.3,400.9,2518.5,2446.1,176.6,248.0,176.7,90.0,90.0,0.0,223.98,12873.25,895.461314,68811.4,1.74,4129.9,-598437.8,302846.0,0.9948,0.097,557.2,-0.0973,-74.55941,1.0,0,-1.0,-1.0,-1.0,-1.0,-1.0,0.0,0.0,0.0,0.0
1791663378.68,3414629.8,401.4,2607.8,2535.3,180.4,250.7,180.4,89.98,90.0,0.0,223.97,13272.42,885.18922,67837.9,1.75,4288.6,-598437.7,302925.4,0.9948,0.097,557.4,-0.0973,-74.55949,1.0,0,-1.0,-1.0,-1.0,-1.0,-1.0,0.0,0.0,0.0,0.0
1791663379.18,3414630.3,401.9,2699.0,2626.5,184.1,253.4,184.1,89.98,90.0,0.0,223.96,13666.65,874.795838,66855.6,1.75,4451.2,-598437.6,303006.8,0.9948,0.097,557.7,-0.0973,-74.55957,1.0,0,-1.0,-1.0,-1.0,-1.0,-1.0,0.0,0.0,0.0,0.0
1791663379.69,3414630.8,402.4,2792.0,2719.6,187.9,256.1,187.9,90.0,90.0,0.0,223.96,14067.78,864.285186,65865.0,1.76,4617.8,-598437.5,303090.1,0.9948,0.097,557.9,-0.0973,-74.55965,1.0,0,-1.0,-1.0,-1.0,-1.0,-1.0,0.0,0.0,0.0,0.0
1791663380.19,3414631.3,402.9,2886.9,2814.4,191.7,258.9,191.7,90.0,90.0,0.0,223.95,14476.36,853.661067,64866.6,1.76,4788.3,-598437.3,303175.5,0.9948,0.097,558.1,-0.0973,-74.55973,1.0,0,-1.0,-1.0,-1.0,-1.0,-1.0,0.0,0.0,0.0,0.0
1791663380.69,3414631.8,403.4,2987.7,2915.3,195.7,261.8,195.7,90.0,90.0,0.0,223.94,14894.5,842.495758,63820.4,1.77,4969.9,-598437.2,303266.4,0.9948,0.097,558.4,-0.0973,-74.55982,1.0,0,-1.0,-1.0,-1.0,-1.0,-1.0,0.0,0.0,0.0,0.0
1791663381.19,3414632.3,403.9,3086.5,3014.2,199.5,264.7,199.5,90.0,90.0,0.0,223.93,15296.2,831.652085,62807.5,1.77,5148.8,-598437.0,303355.9,0.9948,0.097,558.6,-0.0973,-74.5599,1.0,0,-1.0,-1.0,-1.0,-1.0,-1.0,0.0,0.0,0.0,0.0
1791663381.69,3414632.8,404.4,3187.3,3115.2,203.4,267.6,203.4,90.0,90.0,0.0,223.92,15697.07,820.707177,61788.3,1.78,5331.7,-598436.8,303447.4,0.9948,0.097,558.9,-0.0973,-74.55999,1.0,0,-1.0,-1.0,-1.0,-1.0,-1.0,0.0,0.0,0.0,0.0
1791663382.2,3414633.3,404.9,3290.0,3217.9,207.3,270.6,207.3,90.0,90.0,0.0,223.91,16096.68,809.66491,60763.3,1.78,5518.9,-598436.7,303541.1,0.9948,0.098,559.1,-0.0973,-74.56008,1.0,0,-1.0,-1.0,-1.0,-1.0,-1.0,0.0,0.0,0.0,0.0
1791663382.7,3414633.8,405.4,3394.6,3322.8,211.2,273.6,211.2,90.0,90.0,0.0,223.91,16494.54,798.529751,59732.9,1.79,5710.3,-598436.5,303636.9,0.9949,0.098,559.4,-0.09729,-74.56017,1.0,0,-1.0,-1.0,-1.0,-1.0,-1.0,0.0,0.0,0.0,0.0
1791663383.2,3414634.3,405.9,3501.3,3429.6,215.2,276.7,215.2,90.0,90.0,0.0,223.9,16890.2,787.305683,58697.8,1.79,5906.0,-598436.3,303734.9,0.9949,0.098,559.7,-0.09729,-74.56027,1.0,0,-1.0,-1.0,-1.0,-1.0,-1.0,0.0,0.0,0.0,0.0
1791663383.7,3414634.8,406.4,3609.9,3538.3,219.2,279.8,219.2,90.0,90.0,0.0,223.89,17283.17,775.997331,57658.3,1.8,6106.1,-598436.1,303835.0,0.9949,0.098,560.0,-0.09729,-74.56037,1.0,0,-1.0,-1.0,-1.0,-1.0,-1.0,0.0,0.0,0.0,0.0
1791663384.2,3414635.3,406.9,3720.5,3649.0,223.2,282.9,223.2,90.0,90.0,0.0,223.88,17672.96,764.609248,56615.2,1.8,6310.7,-598435.9,303937.4,0.9949,0.098,560.2,-0.09729,-74.56047,1.0,0,-1.0,-1.0,-1.0,-1.0,-1.0,0.0,0.0,0.0,0.0
1791663384.7,3414635.8,407.4,3833.2,3761.9,227.2,286.1,227.3,90.0,90.0,0.0,223.87,18059.08,753.145797,55568.8,1.81,6519.7,-598435.6,304042.0,0.9949,0.098,560.5,-0.09729,-74.56057,1.0,0,-1.0,-1.0,-1.0,-1.0,-1.0,0.0,0.0,0.0,0.0
1791663385.21,3414636.3,407.9,3952.5,3881.3,231.5,289.5,231.5,90.0,90.0,0.0,223.86,18456.23,741.14915,54477.7,1.81,6741.9,-598435.4,304153.2,0.9949,0.098,560.8,-0.09729,-74.56068,1.0,0,-1.0,-1.0,-1.0,-1.0,-1.0,0.0,0.0,0.0,0.0
1791663385.71,3414636.8,408.4,4069.3,3998.3,235.6,292.8,235.6,90.0,90.0,0.0,223.86,18833.35,729.546864,53426.4,1.82,6960.2,-598435.2,304262.5,0.9949,0.098,561.1,-0.09729,-74.56079,1.0,0,-1.0,-1.0,-1.0,-1.0,-1.0,0.0,0.0,0.0,0.0
1791663386.21,3414637.3,408.9,4188.2,4117.3,239.7,296.1,239.7,89.97,90.0,0.0,223.85,19205.31,717.883903,52373.6,1.82,7183.3,-598434.9,304374.2,0.9949,0.098,561.4,-0.09728,-74.5609,1.0,0,-1.0,-1.0,-1.0,-1.0,-1.0,0.0,0.0,0.0,0.0
1791663386.71,3414637.8,409.4,4309.1,4238.4,243.9,299.5,243.9,90.0,90.0,0.0,223.84,19571.61,706.16492,51319.8,1.83,7411.0,-598434.7,304488.2,0.9949,0.099,561.8,-0.09728,-74.56102,1.0,0,-1.0,-1.0,-1.0,-1.0,-1.0,0.0,0.0,0.0,0.0
1791663387.21,3414638.3,409.9,4432.1,4361.5,248.1,302.9,248.1,90.0,90.0,0.0,223.83,19931.75,694.394994,50265.5,1.84,7643.7,-598434.4,304604.6,0.9949,0.099,562.1,-0.09728,-74.56113,1.0,0,-1.0,-1.0,-1.0,-1.0,-1.0,0.0,0.0,0.0,0.0
1791663387.72,3414638.8,410.4,4557.3,4486.8,252.3,306.3,252.3,90.0,90.0,0.0,223.82,20285.21,682.578968,49211.3,1.84,7881.1,-598434.2,304723.5,0.9949,0.099,562.4,-0.09728,-74.56125,1.0,0,-1.0,-1.0,-1.0,-1.0,-1.0,0.0,0.0,0.0,0.0
1791663388.22,3414639.3,410.9,4684.5,4614.3,256.5,309.8,256.6,90.0,90.0,0.0,223.82,20631.5,670.72188,48157.8,1.85,8123.6,-598433.9,304844.8,0.9949,0.099,562.7,-0.09727,-74.56137,1.0,0,-1.0,-1.0,-1.0,-1.0,-1.0,0.0,0.0,0.0,0.0
1791663388.72,3414639.8,411.4,4813.9,4743.8,260.8,313.4,260.8,90.0,90.0,0.0,223.81,20970.1,658.828833,47105.4,1.85,8371.1,-598433.7,304968.7,0.9949,0.099,563.1,-0.09727,-74.5615,1.0,0,-1.0,-1.0,-1.0,-1.0,-1.0,0.0,0.0,0.0,0.0
1791663389.22,3414640.3,411.9,4945.4,4875.5,265.1,316.9,265.1,90.0,90.0,0.0,223.8,21285.71,646.904894,46054.8,1.86,8623.7,-598433.4,305095.1,0.9949,0.1,563.4,-0.09727,-74.56162,1.0,0,-1.0,-1.0,-1.0,-1.0,-1.0,0.0,0.0,0.0,0.0
1791663389.72,3414640.8,412.4,5079.1,5009.4,269.5,320.6,269.5,90.0,90.0,0.0,223.79,21622.13,634.95524,45006.5,1.86,8881.5,-598433.1,305224.2,0.9949,0.1,563.8,-0.09726,-74.56175,1.0,0,-1.0,-1.0,-1.0,-1.0,-1.0,0.0,0.0,0.0,0.0
1791663390.23,3414641.3,412.9,5215.0,5145.4,273.8,324.2,273.9,90.0,90.0,0.0,223.78,21934.53,622.985248,43961.0,1.87,9144.5,-598432.8,305355.9,0.9949,0.1,564.2,-0.09726,-74.56189,1.0,0,-1.0,-1.0,-1.0,-1.0,-1.0,0.0,0.0,0.0,0.0
1791663390.73,3414641.8,413.4,5358.6,5289.3,278.4,328.1,278.4,90.0,90.0,0.0,223.77,22249.06,610.520604,42877.3,1.88,9423.8,-598432.5,305495.6,0.9949,0.1,564.5,-0.09726,-74.56203,1.0,0,-1.0,-1.0,-1.0,-1.0,-1.0,0.0,0.0,0.0,0.0
1791663391.23,3414642.3,413.9,5493.3,5424.1,282.7,331.7,282.7,90.0,90.0,0.0,223.77,22512.68,599.00544,41880.8,1.88,9686.8,-598432.2,305627.3,0.9949,0.1,564.9,-0.09725,-74.56216,1.0,0,-1.0,-1.0,-1.0,-1.0,-1.0,0.0,0.0,0.0,0.0
1791663391.74,3414642.8,414.4,5641.6,5572.6,287.3,335.7,287.4,90.0,90.0,0.0,223.76,22821.53,586.52608,40805.9,1.89,9977.3,-598431.9,305772.7,0.9949,0.101,565.3,-0.09725,-74.56231,1.0,0,-1.0,-1.0,-1.0,-1.0,-1.0,0.0,0.0,0.0,0.0
1791663392.24,3414643.2,414.9,5763.1,5694.2,291.1,338.9,291.1,90.0,90.0,0.0,223.75,23046.04,576.447568,39941.7,1.89,10216.0,-598431.7,305892.2,0.9949,0.101,565.6,-0.09725,-74.56243,1.0,0,-1.0,-1.0,-1.0,-1.0,-1.0,0.0,0.0,0.0,0.0
1791663392.74,3414643.8,415.4,5909.8,5841.2,295.6,342.7,295.6,90.0,90.0,0.0,223.74,23279.0,564.456013,38918.1,1.89,10504.3,-598431.4,306036.5,0.9949,0.101,566.0,-0.09724,-74.56258,1.0,0,-1.0,-1.0,-1.0,-1.0,-1.0,0.0,0.0,0.0,0.0
1791663393.24,3414644.2,415.9,6058.8,5990.3,300.1,346.6,300.1,90.0,90.0,0.0,223.73,23531.54,552.478112,37900.8,1.89,10797.3,-598431.1,306183.1,0.9949,0.102,566.5,-0.09724,-74.56273,1.0,0,-1.0,-1.0,-1.0,-1.0,-1.0,0.0,0.0,0.0,0.0
1791663393.74,3414644.7,416.4,6210.0,6141.8,304.6,350.5,304.6,90.0,90.0,0.0,223.73,23748.95,540.520446,36890.3,1.89,11095.1,-598430.8,306332.1,0.9949,0.102,566.9,-0.09723,-74.56289,1.0,0,-1.0,-1.0,-1.0,-1.0,-1.0,0.0,0.0,0.0,0.0
1791663394.25,3414645.2,416.9,6363.4,6295.4,309.1,354.4,309.1,90.0,90.0,0.0,223.72,23951.57,528.588945,35887.3,1.9,11398.4,-598430.6,306483.9,0.9949,0.102,567.3,-0.09723,-74.56305,1.0,0,-1.0,-1.0,-1.0,-1.0,-1.0,0.0,0.0,0.0,0.0
1791663394.75,3414645.7,417.4,6519.1,6451.3,313.6,358.4,313.6,90.0,90.0,0.0,223.71,24141.6,516.688995,34892.2,1.9,11707.8,-598430.3,306638.8,0.9949,0.103,567.7,-0.09723,-74.56321,1.0,0,-1.0,-1.0,-1.0,-1.0,-1.0,0.0,0.0,0.0,0.0
1791663395.25,3414646.2,417.9,6677.2,6609.5,318.2,362.4,318.3,90.0,90.0,0.0,223.7,24321.2,504.825159,33905.4,1.92,12024.0,-598430.0,306797.0,0.9949,0.104,568.2,-0.09722,-74.56337,1.0,0,-1.0,-1.0,-1.0,-1.0,-1.0,0.0,0.0,0.0,0.0
1791663395.76,3414646.8,418.4,6844.0,6776.3,323.1,366.7,323.1,90.0,90.0,0.0,223.69,24498.65,492.529348,32888.5,1.93,12360.8,-598429.7,306965.5,0.9949,0.104,568.6,-0.09722,-74.56355,1.0,0,-1.0,-1.0,-1.0,-1.0,-1.0,0.0,0.0,0.0,0.0
1791663396.26,3414647.2,418.9,6993.2,6925.5,325.5,368.7,325.5,90.0,90.0,0.0,223.69,24343.65,481.725217,31999.9,1.43,12594.6,-598429.5,307082.6,0.9949,0.105,569.0,-0.09721,-74.56371,1.0,0,-1.0,-1.0,-1.0,-1.0,-1.0,0.0,0.0,0.0,0.0
1791663396.77,3414647.7,419.4,7156.7,7089.0,328.4,371.3,328.4,89.98,90.0,0.0,223.68,24214.38,470.097825,31048.7,1.56,12862.2,-598429.2,307216.5,0.9949,0.106,569.3,-0.0972,-74.56388,1.0,0,-1.0,-1.0,-1.0,-1.0,-1.0,0.0,0.0,0.0,0.0
1791663397.27,3414648.2,419.9,7321.6,7254.0,331.1,373.7,331.1,89.97,90.0,0.0,223.67,24048.77,458.586889,30112.5,1.52,13126.4,-598428.7,307348.8,0.9949,0.107,569.7,-0.0972,-74.56406,0.83,0,-1.0,-1.0,-1.0,-1.0,-1.0,0.0,0.0,0.0,0.0
1791663397.77,3414648.7,420.4,7494.2,7426.5,332.4,374.8,332.5,86.85,89.28,0.74,223.66,23654.27,446.777659,29157.8,1.22,13349.9,-598432.1,307458.9,0.9949,0.108,570.0,-0.09719,-74.56424,0.85,0,-1.0,-1.0,-1.0,-1.0,-1.0,0.0,0.0,0.0,0.0
1791663398.28,3414649.2,420.9,7660.5,7592.9,332.8,375.8,332.8,82.68,89.63,0.58,223.65,23144.46,435.616951,28260.9,1.08,13533.4,-598404.5,307564.5,0.9948,0.109,570.3,-0.09718,-74.56437,0.87,0,-1.0,-1.0,-1.0,-1.0,-1.0,0.0,0.0,0.0,0.0
1791663398.78,3414649.7,421.4,7826.9,7759.2,332.7,376.7,332.7,81.19,89.8,0.76,223.64,22577.18,424.668514,27386.4,1.06,13700.3,-598362.0,307669.1,0.9947,0.11,570.6,-0.09718,-74.56443,0.89,0,-1.0,-1.0,-1.0,-1.0,-1.0,0.0,0.0,0.0,0.0
1791663399.28,3414650.2,422.0,7993.2,7925.5,332.6,377.8,332.6,80.12,89.97,0.94,223.64,22021.65,413.93602,26534.2,1.09,13867.2,-598313.8,307776.7,0.9945,0.108,570.9,-0.09717,-74.56439,0.91,0,-1.0,-1.0,-1.0,-1.0,-1.0,0.0,0.0,0.0,0.0
1791663399.78,3414650.7,422.5,8146.2,8078.5,332.6,379.1,332.7,79.47,90.04,1.13,223.63,21533.77,404.248402,25769.4,1.13,14024.2,-598264.4,307879.9,0.9944,0.105,571.2,-0.09716,-74.56424,0.94,0,-1.0,-1.0,-1.0,-1.0,-1.0,0.0,0.0,0.0,0.0
1791663400.29,3414651.2,423.0,8319.2,8251.5,332.9,380.7,332.9,79.12,90.04,1.35,223.62,21022.42,393.503941,24926.2,1.17,14210.0,-598206.8,308001.6,0.9942,0.101,571.5,-0.09716,-74.56395,0.96,0,-1.0,-1.0,-1.0,-1.0,-1.0,0.0,0.0,0.0,0.0
1791663400.8,3414651.7,423.5,8485.7,8418.1,333.3,382.5,333.5,78.68,89.99,1.5,223.61,20571.27,383.370029,24135.8,1.21,14397.9,-598151.2,308123.3,0.994,0.099,571.8,-0.09716,-74.56353,0.98,0,-1.0,-1.0,-1.0,-1.0,-1.0,0.0,0.0,0.0,0.0
1791663401.37,3414652.2,424.0,8632.5,8564.5,333.9,384.2,334.1,77.98,89.97,1.56,223.6,20196.79,374.605472,23456.2,1.25,14568.5,-598099.9,308234.3,0.9938,0.098,572.2,-0.09715,-74.56305,0.99,0,-1.0,-1.0,-1.0,-1.0,-1.0,0.0,0.0,0.0,0.0
1791663401.87,3414652.7,424.5,8813.0,8744.0,334.6,386.5,335.0,77.03,89.93,1.29,223.59,19752.78,364.03965,22641.9,1.29,14780.9,-598030.6,308375.1,0.9936,0.097,572.5,-0.09715,-74.56232,1.0,0,-1.0,-1.0,-1.0,-1.0,-1.0,0.0,0.0,0.0,0.0
1791663402.37,3414653.2,425.0,8980.5,8910.4,335.3,388.8,335.9,76.38,89.76,0.91,223.58,19243.98,352.285739,21909.1,1.3,14978.4,-597962.3,308508.0,0.9934,0.097,572.9,-0.09715,-74.56149,1.0,0,-1.0,-1.0,-1.0,-1.0,-1.0,0.0,0.0,0.0,0.0
1791663402.88,3414653.7,425.5,9148.3,9076.9,336.1,391.1,336.8,75.87,89.57,0.6,223.57,18748.66,340.856705,21198.3,1.31,15178.8,-597892.4,308643.2,0.9932,0.097,573.3,-0.09715,-74.56051,1.0,0,-1.0,-1.0,-1.0,-1.0,-1.0,0.0,0.0,0.0,0.0
1791663403.38,3414654.2,426.1,9316.6,9244.1,336.9,393.5,337.9,75.24,89.49,0.36,223.56,18275.07,329.772271,20508.9,1.33,15382.2,-597820.8,308780.7,0.9929,0.097,573.7,-0.09715,-74.55937,1.0,0,-1.0,-1.0,-1.0,-1.0,-1.0,0.0,0.0,0.0,0.0
1791663403.88,3414654.7,426.6,9485.3,9412.8,337.8,396.0,339.0,74.44,89.51,0.19,223.56,17817.99,319.022957,19840.4,1.34,15587.0,-597745.6,308920.7,0.9927,0.098,574.1,-0.09715,-74.55808,1.0,0,-1.0,-1.0,-1.0,-1.0,-1.0,0.0,0.0,0.0,0.0
1791663404.38,3414655.2,427.1,9654.4,9581.9,338.6,398.6,340.2,73.62,89.58,0.11,223.55,17374.76,308.600025,19192.2,1.35,15792.2,-597665.8,309063.2,0.9924,0.1,574.5,-0.09715,-74.55663,1.0,0,-1.0,-1.0,-1.0,-1.0,-1.0,0.0,0.0,0.0,0.0
1791663404.89,3414655.7,427.6,9830.7,9763.0,339.6,401.4,341.5,72.89,89.66,0.08,223.54,16930.29,298.097169,18539.0,1.37,16007.0,-597578.6,309214.2,0.9922,0.102,574.9,-0.09714,-74.55494,1.0,0,-1.0,-1.0,-1.0,-1.0,-1.0,0.0,0.0,0.0,0.0
1791663405.39,3414656.2,428.1,9993.9,9926.1,340.4,404.0,342.7,72.3,89.74,0.06,223.53,16537.05,288.69791,17954.5,1.38,16207.7,-597495.4,309356.2,0.9919,0.104,575.3,-0.09714,-74.55322,1.0,0,-1.0,-1.0,-1.0,-1.0,-1.0,0.0,0.0,0.0,0.0
1791663405.89,3414656.7,428.6,10171.2,10103.4,341.4,407.0,344.2,71.59,89.81,0.04,223.51,16128.65,278.825335,17340.5,1.4,16427.9,-597402.3,309512.8,0.9916,0.105,575.7,-0.09713,-74.55118,1.0,0,-1.0,-1.0,-1.0,-1.0,-1.0,0.0,0.0,0.0,0.0
1791663406.4,3414657.2,429.1,10342.1,10274.3,342.4,410.0,345.7,70.8,89.86,0.01,223.5,15750.14,269.6265,16768.4,1.41,16641.1,-597308.8,309666.2,0.9913,0.106,576.1,-0.09712,-74.54903,1.0,0,-1.0,-1.0,-1.0,-1.0,-1.0,0.0,0.0,0.0,0.0
1791663406.9,3414657.7,429.6,10513.6,10445.8,343.4,413.0,347.2,69.95,89.89,-0.0,223.49,15383.03,260.706937,16213.7,1.43,16855.0,-597210.4,309822.3,0.991,0.108,576.6,-0.09711,-74.5467,1.0,0,-1.0,-1.0,-1.0,-1.0,-1.0,0.0,0.0,0.0,0.0
1791663407.4,3414658.2,430.1,10685.5,10617.7,344.4,416.1,348.8,69.14,89.92,-0.02,223.48,15027.25,252.057707,15675.8,1.44,17069.4,-597106.9,309981.3,0.9907,0.108,577.0,-0.0971,-74.54419,1.0,0,-1.0,-1.0,-1.0,-1.0,-1.0,0.0,0.0,0.0,0.0
1791663407.9,3414658.7,430.6,10858.0,10792.9,345.4,419.3,350.5,68.4,89.95,-0.03,223.47,14683.71,243.669794,15154.1,1.45,17285.2,-596999.0,310143.1,0.9903,0.109,577.5,-0.09709,-74.54148,1.0,0,-1.0,-1.0,-1.0,-1.0,-1.0,0.0,0.0,0.0,0.0
1791663408.4,3414659.2,431.1,11030.9,10966.1,346.4,422.6,352.3,67.66,89.97,-0.04,223.46,14352.65,235.536986,14648.3,1.47,17502.8,-596887.0,310307.9,0.99,0.109,577.9,-0.09708,-74.53857,1.0,0,-1.0,-1.0,-1.0,-1.0,-1.0,0.0,0.0,0.0,0.0
1791663408.91,3414659.7,431.6,11204.4,11140.0,347.5,426.0,354.1,66.94,89.98,-0.05,223.45,14033.59,227.652813,14158.0,1.48,17722.1,-596770.3,310475.9,0.9896,0.11,578.4,-0.09707,-74.53547,1.0,0,-1.0,-1.0,-1.0,-1.0,-1.0,0.0,0.0,0.0,0.0
1791663409.41,3414660.2,432.1,11378.4,11314.3,348.6,429.5,356.1,66.32,90.0,-0.06,223.44,13727.12,220.010282,13682.7,1.5,17943.7,-596649.5,310647.1,0.9892,0.11,578.9,-0.09706,-74.53216,1.0,0,-1.0,-1.0,-1.0,-1.0,-1.0,0.0,0.0,0.0,0.0
1791663409.91,3414660.7,432.6,11552.9,11489.3,349.7,433.1,358.1,65.82,90.01,-0.07,223.43,13434.37,212.60191,13222.0,1.51,18169.1,-596525.5,310821.8,0.9888,0.11,579.4,-0.09705,-74.52864,1.0,0,-1.0,-1.0,-1.0,-1.0,-1.0,0.0,0.0,0.0,0.0
1791663410.41,3414661.2,433.1,11735.1,11671.9,351.0,436.9,360.4,65.4,90.02,-0.08,223.41,13144.92,205.136892,12757.7,1.53,18408.4,-596394.0,311007.2,0.9884,0.11,579.9,-0.09704,-74.52476,1.0,0,-1.0,-1.0,-1.0,-1.0,-1.0,0.0,0.0,0.0,0.0
1791663410.91,3414661.6,433.6,11847.6,11784.3,351.9,439.3,361.9,65.18,90.02,-0.09,223.41,12974.37,200.660457,12479.3,1.54,18558.6,-596311.9,311123.3,0.9881,0.11,580.2,-0.09704,-74.52226,1.0,0,-1.0,-1.0,-1.0,-1.0,-1.0,0.0,0.0,0.0,0.0
1791663411.41,3414661.8,434.1,11932.1,11868.8,352.6,441.2,363.1,65.04,90.02,-0.09,223.4,12850.16,197.360214,12274.1,1.55,18672.9,-596250.0,311211.5,0.988,0.11,580.5,-0.09703,-74.52034,1.0,0,-1.0,-1.0,-1.0,-1.0,-1.0,0.0,0.0,0.0,0.0
1791663411.91,3414662.3,434.6,12101.7,12038.2,354.0,444.9,365.5,64.81,90.03,-0.1,223.39,12594.08,190.902247,11872.4,1.56,18905.9,-596125.0,311390.4,0.9876,0.11,581.0,-0.09702,-74.51634,1.0,0,-1.0,-1.0,-1.0,-1.0,-1.0,0.0,0.0,0.0,0.0
1791663412.42,3414662.8,435.1,12279.1,12215.6,355.7,448.9,368.3,64.63,90.04,-0.11,223.37,12357.86,184.370966,11466.2,1.58,19155.4,-595993.8,311580.8,0.9871,0.109,581.5,-0.09701,-74.51197,1.0,0,-1.0,-1.0,-1.0,-1.0,-1.0,0.0,0.0,0.0,0.0
1791663412.92,3414663.3,435.6,12464.6,12401.9,357.6,453.2,371.3,64.5,90.05,-0.12,223.36,12141.57,177.782947,11056.5,1.6,19422.7,-595856.3,311783.2,0.9867,0.109,582.1,-0.097,-74.50722,1.0,0,-1.0,-1.0,-1.0,-1.0,-1.0,0.0,0.0,0.0,0.0
1791663413.42,3414663.8,436.1,12643.9,12582.6,359.6,457.4,374.4,64.41,90.05,-0.12,223.35,11928.97,171.638188,10674.4,1.62,19687.6,-595723.2,311982.2,0.9863,0.109,582.6,-0.09699,-74.50245,1.0,0,-1.0,-1.0,-1.0,-1.0,-1.0,0.0,0.0,0.0,0.0
1791663413.92,3414664.3,436.6,12824.3,12763.8,361.7,461.8,377.6,64.35,90.05,-0.12,223.33,11726.64,165.673028,10303.4,1.65,19960.7,-595589.3,312185.7,0.9859,0.109,583.2,-0.09697,-74.49748,1.0,0,-1.0,-1.0,-1.0,-1.0,-1.0,0.0,0.0,0.0,0.0
1791663414.43,3414664.8,437.1,13005.7,12945.0,364.1,466.2,381.0,64.32,90.05,-0.12,223.32,11533.54,159.881118,9943.2,1.67,20242.0,-595454.6,312393.7,0.9854,0.108,583.8,-0.09696,-74.49231,1.0,0,-1.0,-1.0,-1.0,-1.0,-1.0,0.0,0.0,0.0,0.0
1791663414.93,3414665.3,437.6,13188.4,13127.5,366.5,470.8,384.6,64.3,90.06,-0.11,223.31,11348.61,154.256294,9593.4,1.69,20531.6,-595318.9,312606.4,0.985,0.108,584.4,-0.09695,-74.48695,1.0,0,-1.0,-1.0,-1.0,-1.0,-1.0,0.0,0.0,0.0,0.0
1791663415.43,3414665.8,438.1,13372.3,13312.4,369.1,475.4,388.4,64.28,90.05,-0.11,223.29,11170.75,148.792589,9253.6,1.71,20829.7,-595182.0,312823.8,0.9846,0.108,585.0,-0.09694,-74.48141,1.0,0,-1.0,-1.0,-1.0,-1.0,-1.0,0.0,0.0,0.0,0.0
1791663415.93,3414666.3,438.6,13557.6,13498.9,371.9,480.2,392.3,64.26,90.05,-0.1,223.28,10998.85,143.482951,8923.4,1.74,21136.1,-595043.8,313046.2,0.9842,0.107,585.6,-0.09693,-74.47567,1.0,0,-1.0,-1.0,-1.0,-1.0,-1.0,0.0,0.0,0.0,0.0
1791663416.43,3414666.8,439.1,13751.8,13694.0,374.9,485.2,396.5,64.23,90.05,-0.09,223.26,10825.12,138.11682,8589.6,1.76,21463.6,-594898.4,313282.6,0.9837,0.107,586.3,-0.09692,-74.4695,1.0,0,-1.0,-1.0,-1.0,-1.0,-1.0,0.0,0.0,0.0,0.0
1791663416.94,3414667.3,439.6,13940.0,13883.6,377.9,490.2,400.7,64.19,90.04,-0.07,223.25,10662.1,133.104029,8277.9,1.78,21786.8,-594756.6,313515.1,0.9833,0.107,586.9,-0.0969,-74.46338,1.0,0,-1.0,-1.0,-1.0,-1.0,-1.0,0.0,0.0,0.0,0.0
1791663417.44,3414667.8,440.1,14129.8,14074.4,381.1,495.2,405.0,64.13,90.04,-0.06,223.24,10502.28,128.232752,7974.9,1.8,22118.0,-594612.7,313752.6,0.9828,0.107,587.6,-0.09689,-74.45707,1.0,0,-1.0,-1.0,-1.0,-1.0,-1.0,0.0,0.0,0.0,0.0
1791663417.95,3414668.2,440.6,14282.7,14229.0,383.6,499.3,408.5,64.06,90.04,-0.05,223.22,10376.29,124.435945,7738.8,1.82,22388.7,-594495.9,313946.4,0.9825,0.106,588.1,-0.09688,-74.45188,1.0,0,-1.0,-1.0,-1.0,-1.0,-1.0,0.0,0.0,0.0,0.0
1791663418.45,3414668.7,441.1,14475.4,14425.7,387.0,504.5,413.1,63.97,90.03,-0.04,223.21,10220.63,119.813273,7451.3,1.84,22734.0,-594347.5,314193.3,0.982,0.106,588.8,-0.09687,-74.44523,1.0,0,-1.0,-1.0,-1.0,-1.0,-1.0,0.0,0.0,0.0,0.0
1791663418.95,3414669.2,441.6,14669.8,14624.5,390.4,509.8,417.7,63.84,90.03,-0.03,223.19,10066.51,115.325506,7172.2,1.85,23086.9,-594196.2,314445.4,0.9815,0.106,589.5,-0.09686,-74.43839,1.0,0,-1.0,-1.0,-1.0,-1.0,-1.0,0.0,0.0,0.0,0.0
1791663419.45,3414669.7,442.1,14865.9,14825.2,393.9,515.2,422.5,63.69,90.02,-0.02,223.18,9913.42,110.970337,6901.4,1.87,23447.1,-594041.5,314702.8,0.9811,0.106,590.3,-0.09685,-74.43137,1.0,0,-1.0,-1.0,-1.0,-1.0,-1.0,0.0,0.0,0.0,0.0
1791663419.95,3414670.2,442.6,15063.8,15028.7,397.5,520.7,427.4,63.51,90.02,-0.01,223.16,9745.94,106.745435,6638.6,1.89,23814.5,-593883.4,314965.6,0.9806,0.106,591.0,-0.09684,-74.42415,1.0,0,-1.0,-1.0,-1.0,-1.0,-1.0,0.0,0.0,0.0,0.0
1791663420.45,3414670.7,443.1,15263.5,15236.2,401.2,526.2,432.3,63.31,90.02,-0.0,223.15,9593.96,102.648393,6383.8,1.9,24188.9,-593721.4,315233.8,0.9801,0.106,591.8,-0.09683,-74.41673,1.0,0,-1.0,-1.0,-1.0,-1.0,-1.0,0.0,0.0,0.0,0.0
1791663420.96,3414671.2,443.6,15473.1,15454.9,405.0,532.1,437.6,63.1,90.02,0.0,223.13,9450.91,98.520421,6127.1,1.92,24585.7,-593548.6,315518.6,0.9796,0.106,592.6,-0.09681,-74.40882,1.0,0,-1.0,-1.0,-1.0,-1.0,-1.0,0.0,0.0,0.0,0.0
1791663421.46,3414671.7,444.1,15676.6,15668.5,408.8,537.8,442.7,62.86,90.02,0.01,223.11,9298.85,94.676268,5888.0,1.93,24974.2,-593378.0,315798.1,0.979,0.106,593.3,-0.0968,-74.401,1.0,0,-1.0,-1.0,-1.0,-1.0,-1.0,0.0,0.0,0.0,0.0
1791663421.96,3414672.2,444.6,15882.0,15884.6,412.7,543.6,448.0,62.62,90.01,0.01,223.1,9146.45,90.951802,5656.4,1.95,25369.6,-593202.9,316083.3,0.9785,0.105,594.2,-0.09679,-74.39299,1.0,0,-1.0,-1.0,-1.0,-1.0,-1.0,0.0,0.0,0.0,0.0
1791663422.46,3414672.7,445.1,16089.3,16105.2,416.5,549.5,453.3,62.35,90.01,0.01,223.08,8992.14,87.324427,5432.0,1.96,25771.7,-593023.0,316374.3,0.9779,0.105,595.0,-0.09678,-74.38478,1.0,0,-1.0,-1.0,-1.0,-1.0,-1.0,0.0,0.0,0.0,0.0
1791663422.96,3414673.2,445.6,16298.6,16330.0,420.5,555.4,458.7,62.08,90.01,0.02,223.06,8828.47,83.73015,5214.7,1.98,26180.5,-592838.0,316671.2,0.9774,0.105,595.8,-0.09677,-74.37636,1.0,0,-1.0,-1.0,-1.0,-1.0,-1.0,0.0,0.0,0.0,0.0
1791663423.47,3414673.7,446.1,16509.9,16564.1,424.5,561.4,464.1,61.8,90.01,0.02,223.05,8665.05,80.252944,5004.2,1.99,26596.0,-592647.9,316974.1,0.9768,0.105,596.7,-0.09675,-74.36774,1.0,0,-1.0,-1.0,-1.0,-1.0,-1.0,0.0,0.0,0.0,0.0
1791663423.97,3414674.3,446.6,16723.1,16802.6,428.5,567.5,469.7,61.51,90.01,0.02,223.03,8487.05,76.888616,4800.2,2.0,27018.3,-592452.2,317283.0,0.9762,0.105,597.5,-0.09674,-74.3589,1.0,0,-1.0,-1.0,-1.0,-1.0,-1.0,0.0,0.0,0.0,0.0
1791663424.47,3414674.8,447.1,16947.1,17061.0,432.7,574.0,475.5,61.19,90.01,0.02,223.01,8331.64,73.505612,4594.9,2.02,27464.6,-592242.8,317610.9,0.9756,0.105,598.5,-0.09673,-74.34949,1.0,0,-1.0,-1.0,-1.0,-1.0,-1.0,0.0,0.0,0.0,0.0
1791663424.97,3414675.3,447.6,17164.5,17334.7,436.8,580.2,481.2,60.88,90.01,0.02,222.99,8168.13,70.362752,4403.9,2.03,27900.6,-592035.4,317932.6,0.9749,0.105,599.4,-0.09672,-74.34022,1.0,0,-1.0,-1.0,-1.0,-1.0,-1.0,0.0,0.0,0.0,0.0
1791663425.47,3414675.8,448.1,17384.0,17618.6,441.0,586.5,487.0,60.57,90.01,0.02,222.98,8004.79,67.326704,4219.1,2.04,28343.5,-591821.9,318260.8,0.9743,0.105,600.3,-0.0967,-74.33072,1.0,0,-1.0,-1.0,-1.0,-1.0,-1.0,0.0,0.0,0.0,0.0
1791663425.98,3414676.3,448.6,17605.5,17905.1,445.1,593.0,492.9,60.25,90.01,0.02,222.96,7841.82,64.396331,4040.6,2.05,28793.1,-591602.1,318595.5,0.9736,0.105,601.2,-0.09669,-74.32101,1.0,0,-1.0,-1.0,-1.0,-1.0,-1.0,0.0,0.0,0.0,0.0
1791663426.48,3414676.8,449.1,17829.1,18177.3,449.3,599.4,498.8,59.92,90.01,0.02,222.94,7679.39,61.570307,3868.2,2.07,29249.5,-591375.7,318936.9,0.973,0.105,602.2,-0.09668,-74.31107,1.0,0,-1.0,-1.0,-1.0,-1.0,-1.0,0.0,0.0,0.0,0.0
1791663426.98,3414677.3,449.6,18054.9,18443.1,453.6,606.0,504.8,59.58,90.01,0.02,222.92,7517.71,58.847127,3701.8,2.08,29712.9,-591142.6,319285.1,0.9723,0.105,603.2,-0.09666,-74.30091,1.0,0,-1.0,-1.0,-1.0,-1.0,-1.0,0.0,0.0,0.0,0.0
1791663427.48,3414677.8,450.2,18282.8,18702.8,457.8,612.6,510.9,59.25,90.01,0.01,222.9,7356.94,56.225077,3541.4,2.09,30183.1,-590902.6,319640.3,0.9715,0.104,604.2,-0.09665,-74.29051,1.0,0,-1.0,-1.0,-1.0,-1.0,-1.0,0.0,0.0,0.0,0.0
1791663427.98,3414678.3,450.7,18512.8,18965.1,462.1,619.3,517.1,58.9,90.01,0.01,222.88,7184.02,53.702318,3386.9,2.1,30660.3,-590655.3,320002.5,0.9708,0.104,605.2,-0.09664,-74.27988,1.0,0,-1.0,-1.0,-1.0,-1.0,-1.0,0.0,0.0,0.0,0.0
1791663428.48,3414678.7,451.2,18717.0,19202.9,465.9,625.3,522.5,58.6,90.01,0.01,222.87,7057.78,51.562785,3255.8,2.11,31086.0,-590431.6,320327.2,0.9701,0.104,606.2,-0.09663,-74.27032,1.0,0,-1.0,-1.0,-1.0,-1.0,-1.0,0.0,0.0,0.0,0.0
1791663428.99,3414678.7,451.7,18717.0,19202.9,465.9,625.3,522.5,58.6,90.01,0.01,222.87,7057.78,51.562785,3255.8,2.11,31086.0,-590431.6,320327.2,0.9701,0.104,606.2,-0.09663,-74.27032,1.0,0,-1.0,-1.0,-1.0,-1.0,-1.0,0.0,0.0,0.0,0.0
1791663429.49,3414679.2,452.2,18951.0,19476.9,470.2,632.1,528.8,58.25,90.0,0.01,222.85,6900.57,49.220912,3112.0,2.13,31576.4,-590170.2,320703.1,0.9693,0.104,607.2,-0.09661,-74.25924,1.0,0,-1.0,-1.0,-1.0,-1.0,-1.0,0.0,0.0,0.0,0.0
1791663429.99,3414679.7,452.7,19177.8,19731.9,474.4,638.8,535.0,57.9,90.0,0.01,222.83,6751.02,47.06003,2979.2,2.14,32053.8,-589911.8,321071.0,0.9686,0.104,608.3,-0.0966,-74.24836,1.0,0,-1.0,-1.0,-1.0,-1.0,-1.0,0.0,0.0,0.0,0.0
1791663430.49,3414680.2,453.2,19416.1,19997.4,478.8,645.7,541.4,57.55,90.0,0.01,222.81,6596.76,44.897472,2846.1,2.15,32558.0,-589634.8,321461.6,0.9678,0.104,609.4,-0.09659,-74.2368,1.0,0,-1.0,-1.0,-1.0,-1.0,-1.0,0.0,0.0,0.0,0.0
1791663431.0,3414680.7,453.7,19656.6,20255.1,483.2,652.8,547.9,57.18,90.0,0.01,222.79,6444.09,42.822184,2718.2,2.16,33069.4,-589349.4,321860.0,0.9669,0.104,610.5,-0.09657,-74.22498,1.0,0,-1.0,-1.0,-1.0,-1.0,-1.0,0.0,0.0,0.0,0.0
1791663431.5,3414681.2,454.2,19899.4,19899.4,487.6,659.9,554.5,56.82,90.0,0.01,222.77,6293.0,40.831021,2595.3,2.17,33588.0,-589055.5,322266.3,0.966,0.104,611.7,-0.09656,-74.2129,1.0,0,-1.0,-1.0,-1.0,-1.0,-1.0,0.0,0.0,0.0,0.0
1791663432.0,3414681.7,454.7,20144.3,20144.3,492.1,667.2,561.1,56.45,90.0,0.01,222.75,6143.44,38.920596,2477.3,2.19,34113.8,-588752.7,322680.6,0.9651,0.104,612.8,-0.09655,-74.20056,0.26,0,-1.0,-1.0,-1.0,-1.0,-1.0,0.0,0.0,0.0,0.0
1791663432.5,3414682.2,455.2,20391.5,20391.5,496.5,674.4,567.9,56.08,90.0,0.01,222.73,5995.27,37.087255,2363.9,2.2,34646.8,-588440.8,323103.0,0.9642,0.104,614.1,-0.09653,-74.18796,1.0,0,-1.0,-1.0,-1.0,-1.0,-1.0,0.0,0.0,0.0,0.0
1791663433.01,3414682.7,455.7,20650.9,20650.9,501.2,682.1,574.9,55.69,90.0,0.0,222.71,5842.47,35.258133,2250.5,2.21,35208.9,-588106.5,323551.2,0.9632,0.104,615.3,-0.09652,-74.17458,1.0,0,-1.0,-1.0,-1.0,-1.0,-1.0,0.0,0.0,0.0,0.0
1791663433.51,3414683.2,456.2,20902.7,20902.7,505.7,689.5,581.8,55.31,90.0,0.0,222.68,5696.51,33.569584,2145.8,2.22,35756.9,-587775.2,323990.8,0.9623,0.103,616.6,-0.0965,-74.16143,1.0,0,-1.0,-1.0,-1.0,-1.0,-1.0,0.0,0.0,0.0,0.0
1791663434.01,3414683.7,456.7,21156.6,21156.7,510.2,697.0,588.7,54.92,90.0,0.0,222.66,5551.13,31.945383,2044.8,2.23,36312.1,-587434.1,324439.0,0.9613,0.103,617.9,-0.09649,-74.14801,1.0,0,-1.0,-1.0,-1.0,-1.0,-1.0,0.0,0.0,0.0,0.0
1791663434.52,3414684.2,457.2,21423.2,21423.2,514.9,704.9,596.0,54.52,90.0,0.0,222.64,5400.42,30.321467,1943.8,2.25,36897.5,-587068.5,324914.5,0.9602,0.103,619.2,-0.09647,-74.13376,1.0,0,-1.0,-1.0,-1.0,-1.0,-1.0,0.0,0.0,0.0,0.0
1791663435.09,3414684.7,457.8,21650.6,21650.6,518.8,711.6,602.3,54.18,90.0,0.0,222.62,5273.54,28.999069,1861.3,2.26,37399.0,-586750.2,325324.4,0.9593,0.103,620.4,-0.09646,-74.12146,1.0,0,-1.0,-1.0,-1.0,-1.0,-1.0,0.0,0.0,0.0,0.0
1791663435.59,3414685.2,458.3,21921.7,21921.7,523.6,719.7,609.7,53.77,90.0,0.0,222.6,5124.61,27.496601,1767.5,2.27,37999.1,-586363.4,325817.9,0.9581,0.103,621.8,-0.09645,-74.10664,1.0,0,-1.0,-1.0,-1.0,-1.0,-1.0,0.0,0.0,0.0,0.0
1791663436.09,3414685.7,458.8,22184.6,22184.6,528.1,727.5,616.9,53.38,90.0,0.0,222.57,4982.72,26.112798,1681.0,2.28,38583.8,-585980.1,326301.8,0.957,0.103,623.2,-0.09643,-74.09209,1.0,0,-1.0,-1.0,-1.0,-1.0,-1.0,0.0,0.0,0.0,0.0
1791663436.6,3414686.2,459.3,22449.9,22449.8,532.7,735.3,624.2,52.98,90.0,0.0,222.55,4842.41,24.787755,1598.1,2.29,39176.0,-585585.4,326795.3,0.9559,0.103,624.6,-0.09642,-74.07725,0.26,0,-1.0,-1.0,-1.0,-1.0,-1.0,0.0,0.0,0.0,0.0
1791663437.1,3414686.7,459.8,22717.3,22717.3,537.2,743.3,631.6,52.58,90.0,0.0,222.53,4703.92,23.520441,1518.6,2.3,39775.9,-585179.0,327298.4,0.9547,0.103,626.1,-0.0964,-74.06212,1.0,0,-1.0,-1.0,-1.0,-1.0,-1.0,0.0,0.0,0.0,0.0
1791663437.6,3414687.2,460.3,22987.1,22987.1,541.8,751.3,639.0,52.17,90.0,0.0,222.5,4557.81,22.309758,1442.6,2.32,40383.4,-584760.4,327811.5,0.9535,0.103,627.5,-0.09639,-74.04668,1.0,0,-1.0,-1.0,-1.0,-1.0,-1.0,0.0,0.0,0.0,0.0
1791663438.1,3414687.7,460.8,23259.2,23259.2,546.4,759.4,646.5,51.75,90.0,0.0,222.48,4423.9,21.154447,1369.9,2.33,40998.7,-584329.4,328334.7,0.9523,0.103,629.0,-0.09637,-74.03093,1.0,0,-1.0,-1.0,-1.0,-1.0,-1.0,0.0,0.0,0.0,0.0
1791663438.6,3414688.2,461.3,23544.6,23544.5,551.1,767.9,654.4,51.34,90.0,0.0,222.45,4296.47,20.010229,1297.9,2.34,41646.8,-583867.4,328889.7,0.9509,0.103,630.6,-0.09636,-74.01423,1.0,0,-1.0,-1.0,-1.0,-1.0,-1.0,0.0,0.0,0.0,0.0
1791663439.11,3414688.7,461.8,23821.3,23821.3,555.7,776.1,662.1,50.92,90.0,0.0,222.43,4167.58,18.96361,1231.8,2.35,42278.1,-583409.8,329434.2,0.9496,0.102,632.2,-0.09634,-73.99785,1.0,0,-1.0,-1.0,-1.0,-1.0,-1.0,0.0,0.0,0.0,0.0
1791663439.61,3414689.2,462.3,24100.3,24100.3,560.3,784.4,669.8,50.51,90.0,0.0,222.4,4041.5,17.967922,1168.9,2.37,42917.3,-582938.4,329989.4,0.9483,0.102,633.8,-0.09633,-73.98116,1.0,0,-1.0,-1.0,-1.0,-1.0,-1.0,0.0,0.0,0.0,0.0
1791663440.11,3414689.7,462.8,24381.6,24381.6,564.9,792.8,677.6,50.09,90.0,0.0,222.38,3918.34,17.021459,1109.1,2.38,43564.5,-582453.1,330555.7,0.9469,0.102,635.4,-0.09631,-73.96414,1.0,0,-1.0,-1.0,-1.0,-1.0,-1.0,0.0,0.0,0.0,0.0
1791663440.61,3414690.2,463.3,24665.2,24665.2,569.4,801.3,685.5,49.66,90.0,0.0,222.35,3798.17,16.122406,1052.1,2.39,44219.7,-581953.2,331133.3,0.9455,0.102,637.1,-0.0963,-73.9468,1.0,0,-1.0,-1.0,-1.0,-1.0,-1.0,0.0,0.0,0.0,0.0
1791663441.12,3414690.7,463.8,24951.1,24951.1,574.0,809.8,693.4,49.24,90.0,0.0,222.33,3681.01,15.268815,998.0,2.4,44883.1,-581438.5,331722.3,0.944,0.102,638.8,-0.09628,-73.92912,1.0,0,-1.0,-1.0,-1.0,-1.0,-1.0,0.0,0.0,0.0,0.0
1791663441.62,3414691.2,464.3,25239.3,25239.3,578.6,818.4,701.5,48.81,90.0,0.0,222.3,3566.85,14.458605,946.5,2.42,45554.7,-580908.4,332323.1,0.9426,0.102,640.5,-0.09627,-73.91111,1.0,0,-1.0,-1.0,-1.0,-1.0,-1.0,0.0,0.0,0.0,0.0
1791663442.12,3414691.7,464.8,25541.4,25541.5,583.4,827.5,709.9,48.36,90.0,0.0,222.27,3451.22,13.659642,895.7,2.43,46261.8,-580340.4,332960.7,0.941,0.102,642.4,-0.09625,-73.89202,1.0,0,-1.0,-1.0,-1.0,-1.0,-1.0,0.0,0.0,0.0,0.0
1791663442.62,3414692.2,465.3,25822.6,25822.5,587.8,835.9,717.7,47.94,90.0,0.0,222.25,3344.58,12.947639,851.0,2.44,46922.6,-579800.4,333561.1,0.9394,0.102,644.1,-0.09623,-73.87407,1.0,0,-1.0,-1.0,-1.0,-1.0,-1.0,0.0,0.0,0.0,0.0
1791663443.12,3414692.7,465.8,26117.6,26117.6,592.4,844.8,726.0,47.5,90.0,0.0,222.22,3229.34,12.21948,806.8,2.45,47619.1,-579221.5,334198.8,0.9378,0.102,646.0,-0.09622,-73.85504,1.0,0,-1.0,-1.0,-1.0,-1.0,-1.0,0.0,0.0,0.0,0.0
1791663443.63,3414693.2,466.3,26426.9,26426.9,597.1,854.1,734.7,47.04,90.0,0.0,222.19,3112.33,11.502001,762.9,2.47,48352.4,-578601.2,334875.6,0.9361,0.102,647.9,-0.0962,-73.83486,1.0,0,-1.0,-1.0,-1.0,-1.0,-1.0,0.0,0.0,0.0,0.0
1791663444.13,3414693.7,466.8,26714.6,26714.6,601.5,862.7,742.7,46.61,90.0,-0.0,222.16,3006.58,10.872852,724.3,2.48,49037.6,-578011.4,335513.1,0.9345,0.102,649.8,-0.09619,-73.8159,1.0,0,-1.0,-1.0,-1.0,-1.0,-1.0,0.0,0.0,0.0,0.0
1791663444.63,3414694.2,467.3,27028.6,27028.7,606.3,872.2,751.6,46.14,90.0,-0.0,222.13,2894.0,10.223936,684.3,2.5,49788.8,-577353.5,336217.6,0.9326,0.102,651.8,-0.09617,-73.79498,1.0,0,-1.0,-1.0,-1.0,-1.0,-1.0,0.0,0.0,0.0,0.0
1791663445.13,3414694.7,467.8,27332.9,27332.9,610.8,881.4,760.1,45.69,90.0,-0.0,222.1,2787.83,9.631128,647.5,2.51,50519.9,-576701.6,336909.2,0.9308,0.101,653.8,-0.09615,-73.77449,1.0,0,-1.0,-1.0,-1.0,-1.0,-1.0,0.0,0.0,0.0,0.0
1791663445.63,3414695.2,468.3,27627.2,27627.2,615.2,890.2,768.4,45.25,90.0,-0.0,222.08,2688.18,9.090663,613.8,2.52,51230.1,-576057.5,337586.3,0.9291,0.101,655.8,-0.09614,-73.75448,1.0,0,-1.0,-1.0,-1.0,-1.0,-1.0,0.0,0.0,0.0,0.0
1791663446.14,3414695.7,468.8,27936.0,27936.0,619.7,899.6,777.2,44.79,90.0,-0.0,222.05,2580.6,8.556706,580.4,2.54,51978.5,-575366.9,338305.8,0.9272,0.101,657.9,-0.09612,-73.73326,1.0,0,-1.0,-1.0,-1.0,-1.0,-1.0,0.0,0.0,0.0,0.0
1791663446.64,3414696.2,469.3,28247.0,28247.0,624.3,909.0,786.0,44.31,90.0,-0.0,222.02,2482.31,8.051514,548.6,2.55,52735.9,-574655.8,339040.1,0.9252,0.101,660.0,-0.0961,-73.71166,1.0,0,-1.0,-1.0,-1.0,-1.0,-1.0,0.0,0.0,0.0,0.0
1791663447.14,3414696.7,469.8,28572.8,28572.8,629.0,918.9,795.2,43.84,90.0,-0.0,221.99,2389.05,7.555663,517.3,2.57,53533.1,-573893.7,339819.7,0.9232,0.101,662.3,-0.09609,-73.68879,1.0,0,-1.0,-1.0,-1.0,-1.0,-1.0,0.0,0.0,0.0,0.0
1791663447.64,3414697.2,470.3,28888.5,28888.5,633.5,928.5,804.2,43.38,90.0,0.0,221.96,2296.58,7.106321,488.7,2.58,54308.8,-573138.6,340585.1,0.9211,0.101,664.6,-0.09607,-73.66641,1.0,0,-1.0,-1.0,-1.0,-1.0,-1.0,0.0,0.0,0.0,0.0
1791663448.14,3414697.7,470.8,29206.3,29206.3,638.0,938.2,813.3,42.91,90.0,0.0,221.92,2207.21,6.682894,461.7,2.59,55093.8,-572361.0,341366.4,0.919,0.101,666.8,-0.09605,-73.64363,1.0,0,-1.0,-1.0,-1.0,-1.0,-1.0,0.0,0.0,0.0,0.0
1791663448.64,3414698.2,471.3,29526.4,29526.5,642.4,947.9,822.4,42.43,90.0,0.0,221.89,2121.03,6.284365,436.2,2.61,55887.9,-571560.2,342163.9,0.9169,0.101,669.2,-0.09604,-73.62046,1.0,0,-1.0,-1.0,-1.0,-1.0,-1.0,0.0,0.0,0.0,0.0
1791663449.15,3414698.7,471.8,29848.8,29848.8,646.9,957.8,831.6,41.95,90.0,-0.0,221.86,2038.07,5.909686,412.1,2.62,56691.4,-570735.6,342977.9,0.9147,0.101,671.6,-0.09602,-73.59688,1.0,0,-1.0,-1.0,-1.0,-1.0,-1.0,0.0,0.0,0.0,0.0
1791663449.65,3414699.2,472.3,30173.4,30173.4,651.3,967.7,840.9,41.47,90.0,-0.0,221.83,1958.35,5.557773,389.3,2.64,57504.2,-569886.3,343808.9,0.9124,0.101,674.0,-0.096,-73.57289,1.0,0,-1.0,-1.0,-1.0,-1.0,-1.0,0.0,0.0,0.0,0.0
1791663450.15,3414699.7,472.8,30513.3,30513.3,656.0,978.1,850.7,40.97,90.0,-0.0,221.79,1878.87,5.214724,367.1,2.65,58359.6,-568976.3,344691.7,0.91,0.101,676.6,-0.09598,-73.54751,1.0,0,-1.0,-1.0,-1.0,-1.0,-1.0,0.0,0.0,0.0,0.0
1791663450.66,3414700.2,473.3,30842.4,30842.4,660.4,988.2,860.2,40.49,90.0,0.0,221.76,1805.69,4.905736,346.9,2.67,59191.9,-568074.7,345558.6,0.9076,0.101,679.2,-0.09597,-73.52268,1.0,0,-1.0,-1.0,-1.0,-1.0,-1.0,0.0,0.0,0.0,0.0
1791663451.16,3414700.7,473.8,31173.7,31173.7,664.7,998.4,869.7,40.0,90.0,0.0,221.73,1735.61,4.615994,327.9,2.68,60033.7,-567146.2,346443.8,0.9052,0.101,681.8,-0.09595,-73.49742,1.0,0,-1.0,-1.0,-1.0,-1.0,-1.0,0.0,0.0,0.0,0.0
1791663451.67,3414701.3,474.3,31520.6,31520.5,669.3,1009.1,879.8,39.48,90.0,0.0,221.69,1665.88,4.333762,309.4,2.7,60919.5,-566151.2,347384.2,0.9026,0.1,684.6,-0.09593,-73.4707,1.0,0,-1.0,-1.0,-1.0,-1.0,-1.0,0.0,0.0,0.0,0.0
1791663452.17,3414701.6,474.8,31775.5,31775.5,672.6,1016.9,887.2,39.11,90.0,0.0,221.67,1616.85,4.139025,296.5,2.71,61573.5,-565404.6,348084.5,0.9006,0.1,686.6,-0.09592,-73.45088,1.0,0,-1.0,-1.0,-1.0,-1.0,-1.0,0.0,0.0,0.0,0.0
1791663452.67,3414702.2,475.3,32112.9,32112.9,676.9,1027.4,897.0,38.59,90.0,0.0,221.63,1550.87,3.896543,280.5,2.73,62442.8,-564396.5,349023.1,0.898,0.1,689.4,-0.0959,-73.42442,1.0,0,-1.0,-1.0,-1.0,-1.0,-1.0,0.0,0.0,0.0,0.0
1791663453.17,3414702.7,475.8,32466.1,32466.1,681.4,1038.3,907.3,38.09,90.0,0.0,221.59,1492.56,3.659622,264.7,2.74,63357.3,-563316.3,350020.5,0.8952,0.1,692.4,-0.09588,-73.39643,1.0,0,-1.0,-1.0,-1.0,-1.0,-1.0,0.0,0.0,0.0,0.0
1791663453.67,3414703.2,476.3,32807.8,32807.8,685.6,1048.9,917.2,37.59,90.0,0.0,221.56,1435.01,3.445091,250.3,2.76,64246.9,-562245.9,351000.5,0.8924,0.1,695.3,-0.09586,-73.36906,1.0,0,-1.0,-1.0,-1.0,-1.0,-1.0,0.0,0.0,0.0,0.0
1791663454.18,3414703.7,476.8,33151.7,33151.7,689.9,1059.6,927.3,37.08,90.0,0.0,221.52,1379.25,3.242177,236.7,2.78,65146.6,-561143.7,352001.4,0.8896,0.1,698.2,-0.09584,-73.34124,1.0,0,-1.0,-1.0,-1.0,-1.0,-1.0,0.0,0.0,0.0,0.0
1791663454.68,3414704.2,477.3,33497.7,33497.7,694.1,1070.4,937.4,36.57,90.0,0.0,221.49,1324.87,3.049461,223.7,2.79,66056.5,-560008.6,353024.0,0.8867,0.1,701.3,-0.09582,-73.31296,1.0,0,-1.0,-1.0,-1.0,-1.0,-1.0,0.0,0.0,0.0,0.0
1791663455.18,3414704.7,477.8,33845.8,33845.8,698.2,1081.3,947.7,36.05,90.0,0.0,221.45,1271.64,2.866006,211.2,2.81,66976.8,-558839.6,354068.6,0.8838,0.1,704.4,-0.09581,-73.28422,1.0,0,-1.0,-1.0,-1.0,-1.0,-1.0,0.0,0.0,0.0,0.0
1791663455.68,3414705.2,478.4,34196.0,34196.0,702.4,1092.2,958.0,35.53,90.0,0.0,221.41,1219.93,2.692286,199.3,2.82,67907.6,-557635.7,355136.0,0.8807,0.1,707.6,-0.09579,-73.25501,1.0,0,-1.0,-1.0,-1.0,-1.0,-1.0,0.0,0.0,0.0,0.0
1791663456.18,3414705.7,478.9,34548.2,34548.2,706.5,1103.3,968.4,35.01,90.0,0.0,221.37,1169.83,2.528063,188.1,2.84,68848.9,-556395.7,356226.6,0.8776,0.1,710.9,-0.09577,-73.22534,1.0,0,-1.0,-1.0,-1.0,-1.0,-1.0,0.0,0.0,0.0,0.0
1791663456.68,3414706.2,479.4,34902.5,34902.5,710.5,1114.4,978.9,34.49,90.0,0.0,221.33,1121.39,2.373033,177.4,2.86,69800.8,-555118.8,357341.0,0.8744,0.1,714.2,-0.09575,-73.19518,1.0,0,-1.0,-1.0,-1.0,-1.0,-1.0,0.0,0.0,0.0,0.0
1791663457.19,3414706.7,479.9,35258.7,35258.8,714.6,1125.6,989.5,33.96,90.0,0.0,221.29,1074.66,2.226888,167.2,2.88,70763.6,-553803.6,358480.0,0.8711,0.1,717.6,-0.09573,-73.16454,1.0,0,-1.0,-1.0,-1.0,-1.0,-1.0,0.0,0.0,0.0,0.0
1791663457.69,3414707.2,480.4,35617.0,35617.0,718.5,1137.0,1000.2,33.43,90.0,0.0,221.26,1029.68,2.089305,157.6,2.89,71737.4,-552449.1,359644.1,0.8678,0.1,721.1,-0.09571,-73.13341,1.0,0,-1.0,-1.0,-1.0,-1.0,-1.0,0.0,0.0,0.0,0.0
1791663458.19,3414707.7,480.9,35977.3,35977.3,722.5,1148.4,1011.0,32.9,90.0,0.0,221.22,986.45,1.959961,148.6,2.91,72722.2,-551054.0,360834.1,0.8644,0.1,724.7,-0.09569,-73.10179,1.0,0,-1.0,-1.0,-1.0,-1.0,-1.0,0.0,0.0,0.0,0.0
1791663458.69,3414708.2,481.4,36354.1,36354.1,726.5,1160.3,1022.3,32.34,90.0,0.0,221.17,943.38,1.833817,139.7,2.93,73758.3,-549558.8,362099.7,0.8607,0.1,728.5,-0.09567,-73.06838,1.0,0,-1.0,-1.0,-1.0,-1.0,-1.0,0.0,0.0,0.0,0.0
1791663459.19,3414708.7,481.9,36703.7,36703.7,730.2,1171.5,1032.8,31.83,90.0,-0.0,221.14,905.34,1.724628,132.0,2.95,74725.7,-548137.3,363294.2,0.8572,0.099,732.1,-0.09565,-73.03705,1.0,0,-1.0,-1.0,-1.0,-1.0,-1.0,0.0,0.0,0.0,0.0
1791663459.69,3414709.2,482.4,37069.8,37069.8,734.0,1183.2,1043.9,31.29,90.0,-0.0,221.09,867.45,1.617946,124.4,2.96,75744.6,-546613.1,364565.8,0.8536,0.099,736.0,-0.09563,-73.00392,1.0,0,-1.0,-1.0,-1.0,-1.0,-1.0,0.0,0.0,0.0,0.0
1791663460.2,3414709.7,482.9,37452.5,37452.5,738.0,1195.4,1055.5,30.72,90.0,-0.0,221.05,829.91,1.514259,117.0,2.98,76816.8,-544979.4,365918.7,0.8496,0.099,740.1,-0.09561,-72.96892,1.0,0,-1.0,-1.0,-1.0,-1.0,-1.0,0.0,0.0,0.0,0.0
1791663460.7,3414710.2,483.4,37822.4,37822.4,741.7,1207.3,1066.7,30.18,90.0,0.0,221.01,795.56,1.421164,110.3,3.0,77859.8,-543360.4,367249.7,0.8458,0.099,744.1,-0.09559,-72.93473,1.0,0,-1.0,-1.0,-1.0,-1.0,-1.0,0.0,0.0,0.0,0.0
1791663461.2,3414710.7,483.9,38194.2,38194.2,745.3,1219.3,1078.0,29.63,90.0,0.0,220.96,765.71,1.339517,104.1,3.02,78914.9,-541692.8,368611.1,0.8418,0.099,748.2,-0.09557,-72.90002,1.0,0,-1.0,-1.0,-1.0,-1.0,-1.0,0.0,0.0,0.0,0.0
1791663461.7,3414711.2,484.4,38567.7,38567.7,748.9,1231.4,1089.5,29.08,90.0,0.0,220.92,737.86,1.263878,98.2,3.04,79982.2,-539975.1,370003.6,0.8378,0.099,752.5,-0.09555,-72.86478,1.0,0,-1.0,-1.0,-1.0,-1.0,-1.0,0.0,0.0,0.0,0.0
1791663462.2,3414711.7,484.9,38943.1,38943.1,752.5,1243.5,1101.0,28.53,90.0,0.0,220.88,711.22,1.1929,92.7,3.06,81062.0,-538205.8,371428.1,0.8336,0.099,756.8,-0.09553,-72.829,1.0,0,-1.0,-1.0,-1.0,-1.0,-1.0,0.0,0.0,0.0,0.0
1791663462.71,3414712.2,485.4,39320.2,39320.2,755.9,1255.8,1112.6,27.97,90.0,0.0,220.83,685.72,1.126258,87.5,3.07,82154.5,-536383.3,372885.6,0.8294,0.099,761.3,-0.09551,-72.79268,1.0,0,-1.0,-1.0,-1.0,-1.0,-1.0,0.0,0.0,0.0,0.0
1791663463.21,3414712.7,485.9,39699.0,39699.0,759.4,1268.1,1124.3,27.41,90.0,0.0,220.79,661.27,1.063615,82.6,3.09,83259.9,-534505.9,374377.0,0.8251,0.099,765.9,-0.09549,-72.75581,1.0,0,-1.0,-1.0,-1.0,-1.0,-1.0,0.0,0.0,0.0,0.0
1791663463.71,3414713.2,486.4,40079.5,40079.5,762.7,1280.6,1136.1,26.85,89.99,0.0,220.74,637.77,1.00462,78.1,3.11,84378.5,-532571.9,375903.3,0.8206,0.099,770.6,-0.09547,-72.71838,1.0,0,-1.0,-1.0,-1.0,-1.0,-1.0,0.0,0.0,0.0,0.0
1791663464.21,3414713.7,486.9,40461.7,40461.7,766.0,1293.1,1148.0,26.29,89.99,0.0,220.69,615.1,0.948913,73.7,3.13,85510.4,-530579.5,377465.4,0.8161,0.099,775.4,-0.09545,-72.6804,1.0,0,-1.0,-1.0,-1.0,-1.0,-1.0,0.0,0.0,0.0,0.0
1791663464.71,3414714.2,487.4,40845.5,40845.5,769.2,1305.8,1160.0,25.72,89.99,0.0,220.65,593.09,0.896118,69.6,3.15,86656.0,-528526.9,379064.6,0.8114,0.099,780.3,-0.09543,-72.64186,1.0,0,-1.0,-1.0,-1.0,-1.0,-1.0,0.0,0.0,0.0,0.0
1791663465.21,3414714.7,487.9,41230.9,41230.9,772.4,1318.5,1172.1,25.15,89.99,0.0,220.6,572.18,0.846948,65.7,3.17,87815.6,-526412.2,380701.7,0.8067,0.099,785.4,-0.0954,-72.60274,1.0,0,-1.0,-1.0,-1.0,-1.0,-1.0,0.0,0.0,0.0,0.0
1791663465.71,3414715.2,488.4,41617.9,41617.9,775.5,1331.4,1184.3,24.58,89.99,0.01,220.55,552.4,0.802709,62.0,3.19,88989.5,-524233.4,382378.1,0.8019,0.099,790.6,-0.09538,-72.56305,1.0,0,-1.0,-1.0,-1.0,-1.0,-1.0,0.0,0.0,0.0,0.0
1791663466.22,3414715.7,488.9,42022.0,42022.0,778.6,1344.8,1197.1,23.99,89.99,0.01,220.5,534.17,0.758093,58.2,3.21,90225.9,-521897.3,384164.3,0.7967,0.099,796.1,-0.09536,-72.52115,1.0,0,-1.0,-1.0,-1.0,-1.0,-1.0,0.0,0.0,0.0,0.0
1791663466.72,3414716.2,489.4,42412.0,42412.0,781.6,1357.9,1209.5,23.41,89.99,0.01,220.45,515.35,0.716523,54.8,3.24,91430.1,-519581.5,385924.3,0.7916,0.099,801.6,-0.09534,-72.48027,1.0,0,-1.0,-1.0,-1.0,-1.0,-1.0,0.0,0.0,0.0,0.0
1791663467.22,3414716.7,489.9,42803.5,42803.5,784.4,1371.0,1222.0,22.83,89.99,0.01,220.4,496.85,0.676789,51.5,3.26,92649.8,-517195.2,387727.3,0.7864,0.099,807.2,-0.09531,-72.4388,1.0,0,-1.0,-1.0,-1.0,-1.0,-1.0,0.0,0.0,0.0,0.0
1791663467.73,3414717.2,490.4,43196.4,43196.4,787.2,1384.3,1234.6,22.25,89.99,0.01,220.35,478.69,0.638871,48.3,3.28,93885.3,-514736.1,389574.6,0.7811,0.099,813.0,-0.09529,-72.39672,1.0,0,-1.0,-1.0,-1.0,-1.0,-1.0,0.0,0.0,0.0,0.0
1791663468.23,3414717.7,490.9,43590.7,43590.7,789.9,1397.6,1247.3,21.67,89.99,0.01,220.3,459.82,0.602732,45.4,3.29,95135.6,-512205.4,391465.1,0.7757,0.099,818.9,-0.09527,-72.35404,1.0,0,-1.0,-1.0,-1.0,-1.0,-1.0,0.0,0.0,0.0,0.0
1791663468.73,3414718.2,491.4,43986.3,43986.3,792.5,1410.9,1260.0,21.06,89.99,0.0,220.25,442.38,0.568332,42.6,3.29,96393.5,-509615.8,393388.8,0.7702,0.099,824.9,-0.09524,-72.31076,0.99,0,-1.0,-1.0,-1.0,-1.0,-1.0,0.0,0.0,0.0,0.0
1791663469.25,3414718.7,491.9,44383.1,44383.1,794.9,1424.2,1272.6,20.49,89.99,0.0,220.2,426.31,0.535632,39.9,3.29,97658.4,-506968.2,395345.1,0.7647,0.099,831.1,-0.09522,-72.26687,0.98,0,-1.0,-1.0,-1.0,-1.0,-1.0,0.0,0.0,0.0,0.0
1791663469.75,3414719.1,492.4,44701.5,44701.5,796.8,1434.8,1282.7,20.02,89.99,0.0,220.16,412.89,0.510665,37.9,3.28,98675.2,-504807.6,396933.8,0.7602,0.099,836.1,-0.0952,-72.23132,0.97,0,-1.0,-1.0,-1.0,-1.0,-1.0,0.0,0.0,0.0,0.0
1791663470.26,3414719.6,492.9,45100.4,45100.4,799.0,1448.0,1295.3,19.43,89.99,0.0,220.1,396.48,0.480907,35.5,3.28,99952.6,-502053.0,398949.8,0.7545,0.099,842.5,-0.09518,-72.18633,0.97,0,-1.0,-1.0,-1.0,-1.0,-1.0,0.0,0.0,0.0,0.0
1791663470.76,3414720.1,493.4,45516.5,45516.5,801.2,1461.8,1308.4,18.81,90.0,0.0,220.05,379.86,0.451617,33.1,3.28,101288.5,-499123.8,401082.4,0.7485,0.099,849.3,-0.09515,-72.1389,0.96,0,-1.0,-1.0,-1.0,-1.0,-1.0,0.0,0.0,0.0,0.0
1791663471.26,3414720.6,493.9,45917.5,45917.5,803.1,1475.0,1321.0,18.22,90.0,0.0,219.99,364.33,0.424989,31.0,3.27,102580.3,-496244.3,403168.0,0.7426,0.099,855.9,-0.09512,-72.09267,0.95,0,-1.0,-1.0,-1.0,-1.0,-1.0,0.0,0.0,0.0,0.0
1791663471.76,3414721.1,494.4,46319.5,46319.5,804.9,1488.1,1333.5,17.62,90.0,-0.0,219.94,349.25,0.399808,29.0,3.27,103879.2,-493302.2,405288.5,0.7367,0.099,862.7,-0.0951,-72.04584,0.94,0,-1.0,-1.0,-1.0,-1.0,-1.0,0.0,0.0,0.0,0.0
1791663472.27,3414721.6,494.9,46722.4,46722.4,806.6,1501.3,1346.1,17.03,90.01,-0.0,219.88,334.62,0.37601,27.1,3.27,105185.5,-490296.5,407444.5,0.7308,0.099,869.6,-0.09507,-71.99839,0.94,0,-1.0,-1.0,-1.0,-1.0,-1.0,0.0,0.0,0.0,0.0
1791663472.77,3414722.1,495.4,47126.1,47126.1,808.2,1514.4,1358.6,16.43,90.01,-0.0,219.82,319.66,0.353529,25.4,3.26,106499.3,-487226.2,409636.5,0.7247,0.098,876.6,-0.09505,-71.95034,0.93,0,-1.0,-1.0,-1.0,-1.0,-1.0,0.0,0.0,0.0,0.0
1791663473.27,3414722.6,495.9,47530.5,47530.5,809.6,1527.5,1371.1,15.83,90.01,-0.0,219.76,305.97,0.332295,23.7,3.26,107820.6,-484090.5,411865.1,0.7186,0.098,883.7,-0.09502,-71.90168,0.92,0,-1.0,-1.0,-1.0,-1.0,-1.0,0.0,0.0,0.0,0.0
1791663473.77,3414723.1,496.4,47951.8,47951.8,811.0,1541.1,1384.0,15.21,90.01,-0.0,219.71,292.93,0.311454,22.1,3.25,109203.0,-480758.7,414222.1,0.7121,0.098,891.3,-0.095,-71.85042,0.92,0,-1.0,-1.0,-1.0,-1.0,-1.0,0.0,0.0,0.0,0.0
1791663474.28,3414723.6,496.9,48357.6,48357.6,812.1,1554.1,1396.4,14.63,90.01,-0.0,219.65,280.06,0.29253,20.6,3.25,110539.5,-477485.9,416526.8,0.7059,0.098,898.8,-0.09497,-71.80052,0.91,0,-1.0,-1.0,-1.0,-1.0,-1.0,0.0,0.0,0.0,0.0
1791663474.78,3414724.1,497.4,48763.9,48763.9,813.1,1567.1,1408.9,14.26,90.01,-0.0,219.59,267.58,0.274617,19.3,3.25,111886.3,-474145.4,418870.5,0.6995,0.098,906.4,-0.09494,-71.75,0.9,0,-1.0,-1.0,-1.0,-1.0,-1.0,0.0,0.0,0.0,0.0
1791663475.28,3414724.6,497.9,49170.6,49170.6,813.0,1575.7,1416.9,14.18,90.01,0.0,219.53,253.9,0.257633,18.0,2.06,112849.5,-471739.8,420554.8,0.695,0.098,911.9,-0.09492,-71.69891,0.0,0,-1.0,-1.0,-1.0,-1.0,-1.0,0.0,0.0,0.0,0.0
1791663475.78,3414725.1,498.5,49576.3,49576.3,810.1,1573.5,1414.5,14.39,90.02,0.0,219.47,237.21,0.241558,16.8,0.02,112830.0,-471740.5,420544.7,0.695,0.098,911.8,-0.09489,-71.64774,0.0,0,-1.0,-1.0,-1.0,-1.0,-1.0,0.0,0.0,0.0,0.0
1791663476.28,3414725.6,499.0,49948.4,49948.4,807.5,1571.5,1412.3,14.75,90.03,-0.0,219.41,222.76,0.227578,15.7,0.0,112826.5,-471741.5,420542.5,0.695,0.098,911.8,-0.09487,-71.60072,0.0,0,-1.0,-1.0,-1.0,-1.0,-1.0,0.0,0.0,0.0,0.0
1791663476.78,3414726.1,499.5,50351.5,50351.5,804.9,1570.2,1410.7,14.41,90.14,-0.03,219.36,208.2,0.213226,14.6,0.01,112895.6,-471551.0,420672.3,0.6947,0.098,912.2,-0.09484,-71.54966,0.0,0,-1.0,-1.0,-1.0,-1.0,-1.0,0.0,0.0,0.0,0.0
1791663477.29,3414726.6,500.0,50753.2,50753.2,802.1,1568.0,1408.3,14.09,90.33,-0.08,219.3,194.33,0.199722,13.6,0.01,112884.2,-471555.7,420664.3,0.6947,0.098,912.2,-0.09482,-71.49866,0.0,0,-1.0,-1.0,-1.0,-1.0,-1.0,0.0,0.0,0.0,0.0
1791663477.79,3414727.1,500.5,51153.5,51153.5,799.3,1565.8,1405.9,14.08,90.37,-0.09,219.24,181.34,0.18703,12.7,0.01,112873.6,-471560.1,420656.7,0.6947,0.098,912.2,-0.09479,-71.44774,0.0,0,-1.0,-1.0,-1.0,-1.0,-1.0,0.0,0.0,0.0,0.0
1791663478.29,3414727.6,501.0,51552.5,51552.5,797.1,1566.4,1406.2,14.24,90.22,-0.06,219.18,169.83,0.175109,11.8,0.66,113108.5,-470939.7,421084.4,0.6935,0.098,913.6,-0.09476,-71.39683,1.0,0,-1.0,-1.0,-1.0,-1.0,-1.0,0.0,0.0,0.0,0.0
1791663478.79,3414728.1,501.5,51950.6,51950.6,795.1,1567.4,1406.9,14.4,90.01,-0.01,219.12,159.12,0.163918,11.0,0.66,113379.8,-470230.8,421574.5,0.6922,0.098,915.2,-0.09474,-71.34586,1.0,0,-1.0,-1.0,-1.0,-1.0,-1.0,0.0,0.0,0.0,0.0
1791663479.29,3414728.6,502.0,52347.6,52347.6,793.1,1568.4,1407.6,16.35,89.86,0.04,219.06,149.06,0.153423,10.2,0.67,113644.1,-469514.6,422064.8,0.6908,0.098,916.8,-0.09471,-71.29482,1.0,0,-1.0,-1.0,-1.0,-1.0,-1.0,0.0,0.0,0.0,0.0
1791663479.79,3414729.1,502.5,52743.6,52743.6,791.4,1569.5,1408.4,22.77,89.79,0.06,219.0,139.65,0.143588,9.5,0.67,113959.4,-468817.7,422570.8,0.6896,0.098,918.4,-0.09469,-71.24372,1.0,0,-1.0,-1.0,-1.0,-1.0,-1.0,0.0,0.0,0.0,0.0
1791663480.29,3414729.6,503.0,53139.0,53138.9,790.1,1570.7,1409.4,27.22,89.82,0.05,218.94,130.85,0.134374,8.8,0.67,114333.3,-468154.0,423089.6,0.6884,0.098,920.1,-0.09466,-71.19255,1.0,0,-1.0,-1.0,-1.0,-1.0,-1.0,0.0,0.0,0.0,0.0
1791663480.8,3414730.1,503.5,53533.7,53533.7,788.9,1571.9,1410.3,29.2,89.9,0.02,218.88,122.59,0.125744,8.2,0.67,114730.3,-467504.6,423612.9,0.6872,0.098,921.8,-0.09463,-71.14133,1.0,0,-1.0,-1.0,-1.0,-1.0,-1.0,0.0,0.0,0.0,0.0
1791663481.3,3414730.6,504.0,53927.8,53927.8,787.8,1573.1,1411.3,30.02,89.97,-0.01,218.82,114.56,0.117664,7.7,0.67,115135.9,-466858.0,424139.0,0.6861,0.098,923.5,-0.0946,-71.09006,1.0,0,-1.0,-1.0,-1.0,-1.0,-1.0,0.0,0.0,0.0,0.0
1791663481.8,3414731.1,504.5,54321.5,54321.5,786.8,1574.3,1412.3,30.47,89.99,-0.01,218.76,107.33,0.110099,7.1,0.67,115562.9,-466185.1,424688.9,0.6849,0.098,925.3,-0.09457,-71.03668,1.0,0,-1.0,-1.0,-1.0,-1.0,-1.0,0.0,0.0,0.0,0.0
1791663482.3,3414731.6,505.0,54730.3,54730.3,785.7,1575.6,1413.4,30.75,89.99,-0.01,218.7,100.56,0.102742,6.6,0.67,115977.4,-465536.8,425220.3,0.6838,0.099,927.1,-0.09455,-70.9853,1.0,0,-1.0,-1.0,-1.0,-1.0,-1.0,0.0,0.0,0.0,0.0
1791663482.81,3414732.1,505.5,55122.9,55122.9,784.7,1576.9,1414.4,30.92,89.99,-0.0,218.64,94.21,0.096122,6.1,0.67,116395.2,-464886.8,425754.2,0.6826,0.099,928.8,-0.09452,-70.93386,1.0,0,-1.0,-1.0,-1.0,-1.0,-1.0,0.0,0.0,0.0,0.0
1791663483.31,3414732.6,506.0,55515.0,55515.0,783.8,1578.1,1415.4,30.98,89.98,0.0,218.58,88.24,0.089912,5.7,0.68,116815.4,-464234.0,426290.7,0.6815,0.099,930.6,-0.09449,-70.88238,1.0,0,-1.0,-1.0,-1.0,-1.0,-1.0,0.0,0.0,0.0,0.0
1791663483.81,3414733.1,506.5,55906.6,55906.6,782.8,1579.4,1416.5,30.96,89.98,0.0,218.52,82.62,0.084075,5.3,0.68,117237.4,-463577.9,426829.7,0.6804,0.099,932.3,-0.09446,-70.83084,1.0,0,-1.0,-1.0,-1.0,-1.0,-1.0,0.0,0.0,0.0,0.0
1791663484.31,3414733.6,507.0,56297.7,56297.7,781.8,1580.7,1417.6,30.89,89.98,0.0,218.46,77.33,0.078577,4.9,0.68,117660.6,-462917.9,427371.4,0.6792,0.099,934.1,-0.09443,-70.77925,1.0,0,-1.0,-1.0,-1.0,-1.0,-1.0,0.0,0.0,0.0,0.0
1791663484.81,3414734.1,507.5,56688.4,56688.4,780.9,1582.0,1418.6,30.77,89.98,0.0,218.4,72.31,0.073379,4.6,0.68,118084.9,-462253.7,427915.6,0.6781,0.099,935.9,-0.0944,-70.7276,1.0,0,-1.0,-1.0,-1.0,-1.0,-1.0,0.0,0.0,0.0,0.0
1791663485.31,3414734.6,508.0,57078.6,57078.6,779.9,1583.3,1419.7,30.64,89.98,-0.0,218.34,67.58,0.068475,4.2,0.68,118509.8,-461585.0,428462.4,0.6769,0.099,937.7,-0.09437,-70.6759,1.0,0,-1.0,-1.0,-1.0,-1.0,-1.0,0.0,0.0,0.0,0.0
1791663485.82,3414735.1,508.5,57468.3,57468.3,779.0,1584.6,1420.8,30.49,89.98,-0.0,218.28,63.12,0.063862,3.9,0.68,118935.5,-460911.8,429011.9,0.6758,0.099,939.5,-0.09434,-70.62415,1.0,0,-1.0,-1.0,-1.0,-1.0,-1.0,0.0,0.0,0.0,0.0
1791663486.32,3414735.6,509.0,57873.1,57873.1,778.0,1586.0,1422.0,30.33,89.98,-0.01,218.22,58.62,0.059268,3.6,0.68,119378.9,-460206.7,429586.1,0.6746,0.099,941.4,-0.09431,-70.57027,1.0,0,-1.0,-1.0,-1.0,-1.0,-1.0,0.0,0.0,0.0,0.0
1791663486.83,3414736.1,509.5,58261.8,58261.8,777.1,1587.4,1423.1,30.18,89.98,-0.01,218.16,54.5,0.055144,3.4,0.68,119805.8,-459523.9,430141.0,0.6734,0.099,943.2,-0.09427,-70.51841,1.0,0,-1.0,-1.0,-1.0,-1.0,-1.0,0.0,0.0,0.0,0.0
1791663487.33,3414736.6,510.0,58650.1,58650.1,776.1,1588.7,1424.2,30.03,89.98,-0.01,218.1,50.6,0.051295,3.1,0.68,120233.3,-458836.4,430698.5,0.6722,0.099,945.0,-0.09424,-70.46649,1.0,0,-1.0,-1.0,-1.0,-1.0,-1.0,0.0,0.0,0.0,0.0
1791663487.83,3414737.0,510.5,58944.8,58944.8,775.4,1589.8,1425.1,29.92,89.98,-0.01,218.05,47.79,0.048544,2.9,0.68,120558.7,-458310.7,431124.0,0.6713,0.099,946.4,-0.09422,-70.427,1.0,0,-1.0,-1.0,-1.0,-1.0,-1.0,0.0,0.0,0.0,0.0
1791663488.34,3414737.5,511.0,59347.8,59347.8,774.4,1591.2,1426.3,29.77,89.98,-0.01,217.99,44.14,0.045011,2.7,0.68,121004.6,-457586.9,431708.8,0.6701,0.099,948.4,-0.09419,-70.3729,1.0,0,-1.0,-1.0,-1.0,-1.0,-1.0,0.0,0.0,0.0,0.0
1791663488.84,3414738.0,511.5,59734.7,59734.7,773.5,1592.6,1427.5,29.63,89.99,-0.01,217.93,40.86,0.041853,2.5,0.69,121434.0,-456886.1,432273.9,0.6689,0.099,950.2,-0.09415,-70.32083,1.0,0,-1.0,-1.0,-1.0,-1.0,-1.0,0.0,0.0,0.0,0.0
1791663489.34,3414738.5,512.0,60121.2,60121.2,772.6,1594.0,1428.7,29.5,89.99,-0.01,217.87,37.8,0.038915,2.3,0.69,121864.2,-456180.7,432841.8,0.6677,0.099,952.1,-0.09412,-70.2687,1.0,0,-1.0,-1.0,-1.0,-1.0,-1.0,0.0,0.0,0.0,0.0
1791663489.84,3414739.0,512.5,60507.3,60507.3,771.7,1595.4,1429.9,29.37,89.99,-0.01,217.81,34.95,0.036183,2.2,0.69,122295.2,-455470.6,433412.3,0.6665,0.099,954.0,-0.09409,-70.21652,1.0,0,-1.0,-1.0,-1.0,-1.0,-1.0,0.0,0.0,0.0,0.0
1791663490.34,3414739.5,513.0,60892.9,60892.9,770.7,1596.8,1431.1,29.25,89.99,-0.01,217.75,32.31,0.033641,2.0,0.69,122727.1,-454755.8,433985.7,0.6653,0.099,955.9,-0.09406,-70.16428,1.0,0,-1.0,-1.0,-1.0,-1.0,-1.0,0.0,0.0,0.0,0.0
1791663490.85,3414740.1,513.5,61293.4,61293.4,769.8,1598.3,1432.3,29.14,89.99,-0.0,217.68,29.76,0.031184,1.8,0.69,123177.3,-454007.4,434584.9,0.6641,0.099,957.9,-0.09402,-70.10989,1.0,0,-1.0,-1.0,-1.0,-1.0,-1.0,0.0,0.0,0.0,0.0
1791663491.35,3414740.5,514.0,61662.7,61662.7,768.9,1599.7,1433.5,29.04,89.99,0.0,217.63,27.58,0.029069,1.7,0.69,123593.9,-453312.2,435140.8,0.6629,0.099,959.7,-0.09399,-70.05963,1.0,0,-1.0,-1.0,-1.0,-1.0,-1.0,0.0,0.0,0.0,0.0
1791663491.85,3414741.1,514.5,62046.9,62046.9,768.0,1601.1,1434.7,28.94,89.98,0.0,217.56,25.47,0.027009,1.6,0.69,124028.8,-452583.6,435722.6,0.6617,0.099,961.6,-0.09396,-70.00721,1.0,0,-1.0,-1.0,-1.0,-1.0,-1.0,0.0,0.0,0.0,0.0
1791663492.35,3414741.6,515.0,62430.6,62430.6,767.1,1602.6,1436.0,28.85,89.98,0.0,217.5,23.43,0.025073,1.5,0.69,124464.9,-451850.3,436307.3,0.6604,0.099,963.6,-0.09392,-69.95474,1.0,0,-1.0,-1.0,-1.0,-1.0,-1.0,0.0,0.0,0.0,0.0
1791663492.86,3414742.1,515.5,62829.3,62829.3,766.2,1604.1,1437.3,28.77,89.98,0.0,217.44,21.54,0.023096,1.3,0.69,124919.7,-451082.9,436918.4,0.6592,0.099,965.6,-0.09389,-69.90011,1.0,0,-1.0,-1.0,-1.0,-1.0,-1.0,0.0,0.0,0.0,0.0
1791663493.36,3414742.6,516.0,63212.1,63212.1,765.3,1605.6,1438.6,28.69,89.97,0.0,217.38,19.69,0.021211,1.2,0.69,125358.3,-450340.5,437508.9,0.6579,0.099,967.6,-0.09386,-69.84752,1.0,0,-1.0,-1.0,-1.0,-1.0,-1.0,0.0,0.0,0.0,0.0
1791663493.86,3414743.1,516.5,63594.5,63594.6,764.4,1607.1,1439.8,28.61,89.96,-0.0,217.32,17.89,0.019352,1.1,0.69,125798.3,-449593.5,438102.4,0.6567,0.099,969.5,-0.09382,-69.79487,1.0,0,-1.0,-1.0,-1.0,-1.0,-1.0,0.0,0.0,0.0,0.0
1791663494.36,3414743.6,517.0,63976.5,63976.5,763.6,1608.6,1441.1,28.54,89.96,-0.0,217.26,16.15,0.017526,1.0,0.7,126239.7,-448841.9,438698.9,0.6554,0.099,971.5,-0.09379,-69.74217,1.0,0,-1.0,-1.0,-1.0,-1.0,-1.0,0.0,0.0,0.0,0.0
1791663494.86,3414744.1,517.5,64358.1,64358.1,762.7,1610.1,1442.4,28.46,89.96,-0.0,217.2,14.47,0.015741,0.9,0.7,126682.4,-448085.7,439298.3,0.6542,0.099,973.5,-0.09375,-69.6894,1.0,0,-1.0,-1.0,-1.0,-1.0,-1.0,0.0,0.0,0.0,0.0
1791663495.36,3414744.6,518.0,64739.2,64739.2,761.8,1611.6,1443.7,28.39,89.96,-0.0,217.14,12.85,0.014007,0.8,0.7,127126.6,-447325.0,439900.8,0.6529,0.099,975.5,-0.09372,-69.63658,1.0,0,-1.0,-1.0,-1.0,-1.0,-1.0,0.0,0.0,0.0,0.0
1791663495.87,3414745.1,518.5,65119.9,65119.9,761.0,1613.2,1445.1,28.31,89.96,-0.0,217.07,11.3,0.012331,0.7,0.7,127572.1,-446559.6,440506.3,0.6517,0.099,977.5,-0.09368,-69.58369,1.0,0,-1.0,-1.0,-1.0,-1.0,-1.0,0.0,0.0,0.0,0.0
1791663496.37,3414745.6,519.0,65500.2,65500.2,760.2,1614.7,1446.4,28.24,89.96,-0.0,217.01,9.76,0.010722,0.6,0.7,128019.2,-445789.5,441114.8,0.6504,0.099,979.5,-0.09365,-69.53075,1.0,0,-1.0,-1.0,-1.0,-1.0,-1.0,0.0,0.0,0.0,0.0
1791663496.87,3414746.1,519.5,65880.0,65880.0,759.3,1616.3,1447.8,28.17,89.96,0.0,216.95,8.36,0.00919,0.5,0.7,128467.6,-445014.7,441726.5,0.6491,0.1,981.6,-0.09361,-69.47774,1.0,0,-1.0,-1.0,-1.0,-1.0,-1.0,0.0,0.0,0.0,0.0
1791663497.38,3414746.6,520.0,66274.6,66274.6,758.5,1617.9,1449.2,28.1,89.96,0.0,216.89,7.04,0.007686,0.4,0.7,128935.7,-444203.9,442365.9,0.6478,0.1,983.7,-0.09357,-69.42256,1.0,0,-1.0,-1.0,-1.0,-1.0,-1.0,0.0,0.0,0.0,0.0
1791663497.88,3414747.1,520.5,66653.6,66653.6,757.6,1619.5,1450.5,28.03,89.96,0.0,216.83,5.81,0.006337,0.3,0.7,129387.3,-443419.5,442983.9,0.6465,0.1,985.8,-0.09353,-69.36943,1.0,0,-1.0,-1.0,-1.0,-1.0,-1.0,0.0,0.0,0.0,0.0
1791663498.38,3414747.6,521.0,67032.2,67032.2,756.8,1621.1,1451.9,27.96,89.97,0.01,216.77,4.67,0.005092,0.3,0.7,129840.4,-442630.3,443605.1,0.6452,0.1,987.8,-0.0935,-69.31624,1.0,0,-1.0,-1.0,-1.0,-1.0,-1.0,0.0,0.0,0.0,0.0
1791663498.88,3414748.1,521.6,67410.4,67410.4,756.0,1622.7,1453.3,27.89,89.97,0.0,216.7,3.64,0.003959,0.2,0.7,130295.1,-441836.3,444229.4,0.644,0.1,989.9,-0.09346,-69.26299,1.0,0,-1.0,-1.0,-1.0,-1.0,-1.0,0.0,0.0,0.0,0.0
1791663499.38,3414748.6,522.1,67788.2,67788.2,755.2,1624.3,1454.7,27.82,89.98,0.0,216.64,2.68,0.002949,0.2,0.7,130751.5,-441037.5,444857.0,0.6427,0.1,992.0,-0.09342,-69.20968,1.0,0,-1.0,-1.0,-1.0,-1.0,-1.0,0.0,0.0,0.0,0.0
1791663499.89,3414749.1,522.6,68180.6,68180.6,754.4,1626.0,1456.2,27.75,89.98,0.0,216.58,1.88,0.002038,0.1,0.71,131227.8,-440201.6,445513.1,0.6413,0.1,994.2,-0.09338,-69.15417,1.0,0,-1.0,-1.0,-1.0,-1.0,-1.0,0.0,0.0,0.0,0.0
1791663500.39,3414749.6,523.1,68542.5,68542.5,753.6,1627.5,1457.6,27.69,89.98,-0.0,216.52,1.22,0.001334,0.1,0.71,131669.0,-439425.4,446121.8,0.6401,0.1,996.3,-0.09335,-69.10288,1.0,0,-1.0,-1.0,-1.0,-1.0,-1.0,0.0,0.0,0.0,0.0
1791663500.89,3414750.1,523.6,68934.2,68934.2,752.8,1629.2,1459.0,27.61,89.97,-0.0,216.45,0.68,0.000727,0.0,0.71,132148.8,-438579.3,446784.7,0.6387,0.1,998.5,-0.09331,-69.04724,1.0,0,-1.0,-1.0,-1.0,-1.0,-1.0,0.0,0.0,0.0,0.0
1791663501.39,3414750.6,524.1,69310.4,69310.4,752.0,1630.9,1460.5,27.55,89.97,-0.01,216.39,0.29,0.000309,0.0,0.71,132611.8,-437760.8,447425.5,0.6374,0.1,1000.6,-0.09327,-68.99368,1.0,0,-1.0,-1.0,-1.0,-1.0,-1.0,0.0,0.0,0.0,0.0
1791663501.89,3414751.1,524.6,69686.2,69686.2,751.3,1632.5,1462.0,27.48,89.97,-0.01,216.33,0.07,6.5e-05,0.0,0.71,133076.6,-436937.4,448069.6,0.6361,0.1,1002.8,-0.09323,-68.94006,1.0,0,-1.0,-1.0,-1.0,-1.0,-1.0,0.0,0.0,0.0,0.0
1791663502.4,3414751.6,525.1,70061.6,70061.6,750.5,1634.2,1463.4,27.42,89.96,-0.01,216.27,0.0,0.0,0.0,0.71,133543.1,-436109.1,448717.0,0.6348,0.1,1005.0,-0.09319,-68.88638,1.0,0,-1.0,-1.0,-1.0,-1.0,-1.0,0.0,0.0,0.0,0.0
1791663502.9,3414752.1,525.6,70436.7,70436.7,749.8,1635.9,1464.9,27.35,89.96,-0.01,216.21,0.0,0.0,0.0,0.71,134011.4,-435275.7,449367.8,0.6334,0.1,1007.2,-0.09315,-68.83263,1.0,0,-1.0,-1.0,-1.0,-1.0,-1.0,0.0,0.0,0.0,0.0
1791663503.4,3414752.6,526.1,70811.4,70811.4,749.0,1637.6,1466.4,27.29,89.95,-0.0,216.14,0.0,0.0,0.0,0.71,134481.5,-434437.4,450022.0,0.6321,0.1,1009.4,-0.09311,-68.77882,1.0,0,-1.0,-1.0,-1.0,-1.0,-1.0,0.0,0.0,0.0,0.0
1791663503.9,3414753.1,526.6,71185.7,71185.7,748.3,1639.3,1467.9,27.22,89.95,-0.0,216.08,0.0,0.0,0.0,0.71,134953.4,-433594.1,450679.7,0.6308,0.1,1011.6,-0.09307,-68.72495,1.0,0,-1.0,-1.0,-1.0,-1.0,-1.0,0.0,0.0,0.0,0.0
1791663504.4,3414753.6,527.1,71559.7,71559.7,747.5,1641.0,1469.4,27.16,89.95,-0.0,216.02,0.0,0.0,0.0,0.71,135427.1,-432745.7,451340.7,0.6294,0.1,1013.8,-0.09303,-68.67101,1.0,0,-1.0,-1.0,-1.0,-1.0,-1.0,0.0,0.0,0.0,0.0
1791663504.91,3414754.1,527.6,71933.3,71933.3,746.8,1642.7,1470.9,27.1,89.95,-0.0,215.96,0.0,0.0,0.0,0.71,135902.8,-431892.2,452005.3,0.6281,0.1,1016.0,-0.09299,-68.61701,1.0,0,-1.0,-1.0,-1.0,-1.0,-1.0,0.0,0.0,0.0,0.0
1791663505.42,3414754.6,528.1,72321.5,72321.4,746.1,1644.5,1472.5,27.03,89.95,0.0,215.89,0.0,0.0,0.0,0.72,136399.4,-430999.2,452700.1,0.6267,0.1,1018.4,-0.09295,-68.56078,1.0,0,-1.0,-1.0,-1.0,-1.0,-1.0,0.0,0.0,0.0,0.0
1791663505.92,3414755.1,528.6,72694.3,72694.3,745.4,1646.3,1474.1,26.97,89.95,0.0,215.83,0.0,0.0,0.0,0.72,136879.0,-430135.3,453371.8,0.6253,0.1,1020.6,-0.09291,-68.50665,1.0,0,-1.0,-1.0,-1.0,-1.0,-1.0,0.0,0.0,0.0,0.0
1791663506.42,3414755.6,529.1,73066.8,73066.8,744.7,1648.0,1475.6,26.91,89.95,0.01,215.77,0.0,0.0,0.0,0.72,137360.5,-429266.2,454047.1,0.624,0.1,1022.9,-0.09287,-68.45246,1.0,0,-1.0,-1.0,-1.0,-1.0,-1.0,0.0,0.0,0.0,0.0
1791663506.92,3414756.0,529.6,73364.6,73364.6,744.1,1649.4,1476.9,26.86,89.95,0.01,215.72,0.0,0.0,0.0,0.72,137747.1,-428567.2,454590.0,0.6229,0.1,1024.8,-0.09283,-68.40906,1.0,0,-1.0,-1.0,-1.0,-1.0,-1.0,0.0,0.0,0.0,0.0
1791663507.42,3414756.5,530.1,73736.5,73736.5,743.4,1651.2,1478.5,26.8,89.95,0.01,215.65,0.0,0.0,0.0,0.72,138232.3,-427688.7,455271.8,0.6215,0.101,1027.1,-0.09279,-68.35475,1.0,0,-1.0,-1.0,-1.0,-1.0,-1.0,0.0,0.0,0.0,0.0
1791663507.93,3414757.0,530.6,74108.0,74108.0,742.7,1653.0,1480.0,26.74,89.95,0.01,215.59,0.0,0.0,0.0,0.72,138719.4,-426805.0,455957.2,0.6202,0.101,1029.4,-0.09275,-68.30037,1.0,0,-1.0,-1.0,-1.0,-1.0,-1.0,0.0,0.0,0.0,0.0
1791663508.43,3414757.5,531.1,74479.2,74479.2,742.1,1654.8,1481.6,26.68,89.95,0.01,215.53,0.0,0.0,0.0,0.72,139208.7,-425915.9,456646.4,0.6188,0.101,1031.7,-0.0927,-68.24593,1.0,0,-1.0,-1.0,-1.0,-1.0,-1.0,0.0,0.0,0.0,0.0
1791663508.93,3414758.0,531.6,74850.1,74850.1,741.4,1656.6,1483.2,26.62,89.95,0.01,215.47,0.0,0.0,0.0,0.72,139700.1,-425021.6,457339.3,0.6174,0.101,1034.1,-0.09266,-68.19143,1.0,0,-1.0,-1.0,-1.0,-1.0,-1.0,0.0,0.0,0.0,0.0
1791663509.43,3414758.5,532.1,75220.7,75220.7,740.7,1658.4,1484.9,26.56,89.95,0.01,215.4,0.0,0.0,0.0,0.72,140193.7,-424121.9,458035.9,0.616,0.101,1036.4,-0.09262,-68.13686,1.0,0,-1.0,-1.0,-1.0,-1.0,-1.0,0.0,0.0,0.0,0.0
1791663509.93,3414759.0,532.6,75590.9,75590.9,740.1,1660.2,1486.5,26.5,89.95,0.0,215.34,0.0,0.0,0.0,0.72,140689.5,-423216.8,458736.3,0.6146,0.101,1038.8,-0.09257,-68.08222,1.0,0,-1.0,-1.0,-1.0,-1.0,-1.0,0.0,0.0,0.0,0.0
1791663510.44,3414759.5,533.1,75960.8,75960.8,739.4,1662.0,1488.1,26.45,89.95,-0.0,215.28,0.0,0.0,0.0,0.72,141187.4,-422306.3,459440.6,0.6132,0.101,1041.2,-0.09253,-68.02752,1.0,0,-1.0,-1.0,-1.0,-1.0,-1.0,0.0,0.0,0.0,0.0
1791663510.94,3414760.0,533.6,76330.3,76330.3,738.8,1663.9,1489.8,26.39,89.95,-0.0,215.21,0.0,0.0,0.0,0.73,141687.7,-421390.4,460148.7,0.6118,0.101,1043.6,-0.09249,-67.97275,1.0,0,-1.0,-1.0,-1.0,-1.0,-1.0,0.0,0.0,0.0,0.0
1791663511.44,3414760.5,534.1,76699.6,76699.6,738.2,1665.7,1491.4,26.33,89.95,-0.01,215.15,0.0,0.0,0.0,0.73,142190.2,-420468.9,460860.6,0.6104,0.101,1046.0,-0.09244,-67.91792,1.0,0,-1.0,-1.0,-1.0,-1.0,-1.0,0.0,0.0,0.0,0.0
1791663511.94,3414761.0,534.6,77068.5,77068.5,737.5,1667.6,1493.1,26.27,89.95,-0.01,215.09,0.0,0.0,0.0,0.73,142695.0,-419541.9,461576.5,0.609,0.101,1048.5,-0.0924,-67.86302,1.0,0,-1.0,-1.0,-1.0,-1.0,-1.0,0.0,0.0,0.0,0.0
1791663512.44,3414761.5,535.1,77437.1,77437.1,736.9,1669.5,1494.8,26.21,89.95,-0.01,215.02,0.0,0.0,0.0,0.73,143202.2,-418609.4,462296.4,0.6076,0.101,1050.9,-0.09235,-67.80806,1.0,0,-1.0,-1.0,-1.0,-1.0,-1.0,0.0,0.0,0.0,0.0
1791663512.94,3414762.0,535.6,77805.5,77805.5,736.3,1671.3,1496.5,26.15,89.95,-0.01,214.96,0.0,0.0,0.0,0.73,143711.7,-417671.2,463020.3,0.6062,0.101,1053.4,-0.0923,-67.75302,1.0,0,-1.0,-1.0,-1.0,-1.0,-1.0,0.0,0.0,0.0,0.0
1791663513.45,3414762.5,536.1,78173.5,78173.5,735.7,1673.2,1498.2,26.09,89.95,-0.0,214.9,0.0,0.0,0.0,0.73,144223.7,-416727.4,463748.1,0.6048,0.101,1055.9,-0.09226,-67.69792,1.0,0,-1.0,-1.0,-1.0,-1.0,-1.0,0.0,0.0,0.0,0.0
1791663513.95,3414763.0,536.6,78541.2,78541.2,735.1,1675.1,1499.9,26.03,89.95,-0.0,214.83,0.0,0.0,0.0,0.73,144738.1,-415777.9,464480.1,0.6034,0.101,1058.4,-0.09221,-67.64276,1.0,0,-1.0,-1.0,-1.0,-1.0,-1.0,0.0,0.0,0.0,0.0
1791663514.45,3414763.5,537.1,78908.6,78908.6,734.5,1677.0,1501.6,25.97,89.95,-0.0,214.77,0.0,0.0,0.0,0.73,145255.0,-414822.7,465216.2,0.602,0.101,1060.9,-0.09217,-67.58752,1.0,0,-1.0,-1.0,-1.0,-1.0,-1.0,0.0,0.0,0.0,0.0
1791663514.95,3414764.0,537.6,79290.4,79290.4,733.9,1679.0,1503.4,25.92,89.95,0.0,214.7,0.0,0.0,0.0,0.73,145795.3,-413823.2,465986.0,0.6005,0.101,1063.5,-0.09212,-67.53001,1.0,0,-1.0,-1.0,-1.0,-1.0,-1.0,0.0,0.0,0.0,0.0
1791663515.45,3414764.5,538.1,79657.3,79657.2,733.3,1681.0,1505.1,25.87,89.95,0.01,214.64,0.0,0.0,0.0,0.73,146317.5,-412856.3,466730.6,0.599,0.101,1066.1,-0.09207,-67.47464,1.0,0,-1.0,-1.0,-1.0,-1.0,-1.0,0.0,0.0,0.0,0.0
1791663515.96,3414765.0,538.6,80023.8,80023.8,732.8,1682.9,1506.9,25.81,89.95,0.01,214.58,0.0,0.0,0.0,0.73,146842.3,-411883.7,467479.3,0.5976,0.102,1068.7,-0.09202,-67.4192,1.0,0,-1.0,-1.0,-1.0,-1.0,-1.0,0.0,0.0,0.0,0.0
1791663516.46,3414765.5,539.1,80390.1,80390.1,732.2,1684.8,1508.6,25.76,89.95,0.01,214.51,0.0,0.0,0.0,0.74,147369.9,-410905.2,468232.3,0.5962,0.102,1071.2,-0.09197,-67.36369,1.0,0,-1.0,-1.0,-1.0,-1.0,-1.0,0.0,0.0,0.0,0.0
1791663516.96,3414766.0,539.6,80756.0,80756.1,731.7,1686.8,1510.4,25.72,89.95,0.01,214.45,0.0,0.0,0.0,0.74,147900.2,-409920.9,468989.6,0.5947,0.102,1073.8,-0.09193,-67.30812,1.0,0,-1.0,-1.0,-1.0,-1.0,-1.0,0.0,0.0,0.0,0.0
1791663517.46,3414766.5,540.1,81121.8,81121.8,731.1,1688.8,1512.2,25.67,89.95,0.01,214.39,0.0,0.0,0.0,0.74,148433.3,-408930.8,469751.3,0.5933,0.102,1076.5,-0.09188,-67.25247,1.0,0,-1.0,-1.0,-1.0,-1.0,-1.0,0.0,0.0,0.0,0.0
1791663517.96,3414767.0,540.6,81487.2,81487.2,730.6,1690.7,1514.0,25.62,89.95,0.01,214.32,0.0,0.0,0.0,0.74,148969.3,-407934.7,470517.3,0.5918,0.102,1079.1,-0.09183,-67.19676,1.0,0,-1.0,-1.0,-1.0,-1.0,-1.0,0.0,0.0,0.0,0.0
1791663518.46,3414767.5,541.1,81852.4,81852.4,730.1,1692.7,1515.8,25.57,89.95,0.0,214.26,0.0,0.0,0.0,0.74,149508.2,-406932.8,471287.7,0.5903,0.102,1081.7,-0.09178,-67.14098,1.0,0,-1.0,-1.0,-1.0,-1.0,-1.0,0.0,0.0,0.0,0.0
1791663518.97,3414768.1,541.6,82217.3,82217.3,729.6,1694.7,1517.6,25.51,89.95,-0.0,214.19,0.0,0.0,0.0,0.74,150049.9,-405924.8,472062.6,0.5889,0.102,1084.4,-0.09173,-67.08513,0.26,0,-1.0,-1.0,-1.0,-1.0,-1.0,0.0,0.0,0.0,0.0
1791663519.47,3414768.6,542.1,82582.0,82582.0,729.0,1696.7,1519.4,25.46,89.95,-0.0,214.13,0.0,0.0,0.0,0.74,150594.6,-404910.8,472841.9,0.5874,0.102,1087.1,-0.09168,-67.02921,1.0,0,-1.0,-1.0,-1.0,-1.0,-1.0,0.0,0.0,0.0,0.0
1791663519.97,3414769.0,542.6,82931.8,82931.8,728.6,1698.7,1521.2,25.41,89.95,-0.01,214.07,0.0,0.0,0.0,0.74,151120.3,-403931.6,473594.4,0.586,0.102,1089.7,-0.09163,-66.97547,1.0,0,-1.0,-1.0,-1.0,-1.0,-1.0,0.0,0.0,0.0,0.0
1791663520.47,3414769.5,543.1,83296.0,83296.0,728.1,1700.7,1523.0,25.35,89.95,-0.01,214.0,0.0,0.0,0.0,0.74,151670.9,-402905.6,474382.7,0.5845,0.102,1092.4,-0.09158,-66.91941,1.0,0,-1.0,-1.0,-1.0,-1.0,-1.0,0.0,0.0,0.0,0.0
1791663520.97,3414770.0,543.6,83659.9,83659.9,727.6,1702.7,1524.9,25.3,89.95,-0.01,213.94,0.0,0.0,0.0,0.74,152224.6,-401873.4,475175.6,0.583,0.102,1095.2,-0.09153,-66.86329,1.0,0,-1.0,-1.0,-1.0,-1.0,-1.0,0.0,0.0,0.0,0.0
1791663521.48,3414770.5,544.1,84038.1,84038.1,727.1,1704.8,1526.8,25.24,89.95,-0.01,213.87,0.0,0.0,0.0,0.75,152803.6,-400793.3,476005.1,0.5815,0.102,1098.0,-0.09148,-66.80485,1.0,0,-1.0,-1.0,-1.0,-1.0,-1.0,0.0,0.0,0.0,0.0
1791663521.98,3414771.0,544.6,84387.0,84387.0,726.6,1706.8,1528.6,25.19,89.95,-0.01,213.81,0.0,0.0,0.0,0.75,153341.1,-399790.3,476775.4,0.5801,0.102,1100.7,-0.09143,-66.75083,1.0,0,-1.0,-1.0,-1.0,-1.0,-1.0,0.0,0.0,0.0,0.0
1791663522.48,3414771.5,545.1,84750.2,84750.2,726.2,1708.9,1530.5,25.14,89.95,-0.01,213.74,0.0,0.0,0.0,0.75,153904.2,-398739.4,477582.4,0.5786,0.102,1103.5,-0.09138,-66.6945,1.0,0,-1.0,-1.0,-1.0,-1.0,-1.0,0.0,0.0,0.0,0.0
1791663522.98,3414772.0,545.7,85127.7,85127.7,725.7,1711.0,1532.5,25.09,89.95,-0.0,213.68,0.0,0.0,0.0,0.75,154493.3,-397639.7,478426.8,0.577,0.102,1106.4,-0.09132,-66.63584,1.0,0,-1.0,-1.0,-1.0,-1.0,-1.0,0.0,0.0,0.0,0.0
1791663523.48,3414772.5,546.2,85476.0,85476.0,725.3,1713.0,1534.3,25.04,89.95,-0.0,213.61,0.0,0.0,0.0,0.75,155040.3,-396618.5,479210.9,0.5756,0.102,1109.1,-0.09127,-66.58162,1.0,0,-1.0,-1.0,-1.0,-1.0,-1.0,0.0,0.0,0.0,0.0
1791663523.99,3414773.0,546.7,85853.0,85853.0,724.8,1715.2,1536.3,24.99,89.95,0.0,213.55,0.0,0.0,0.0,0.75,155636.4,-395505.7,480065.4,0.574,0.102,1112.1,-0.09122,-66.52282,1.0,0,-1.0,-1.0,-1.0,-1.0,-1.0,0.0,0.0,0.0,0.0
1791663524.49,3414773.5,547.2,86215.3,86215.3,724.4,1717.3,1538.2,24.95,89.95,0.01,213.48,0.0,0.0,0.0,0.75,156213.1,-394429.1,480892.0,0.5725,0.103,1115.0,-0.09116,-66.4662,1.0,0,-1.0,-1.0,-1.0,-1.0,-1.0,0.0,0.0,0.0,0.0
1791663524.99,3414774.1,547.7,86577.4,86577.4,723.9,1719.4,1540.1,24.9,89.95,0.01,213.41,0.0,0.0,0.0,0.75,156793.4,-393346.1,481723.6,0.571,0.103,1117.9,-0.09111,-66.40951,1.0,0,-1.0,-1.0,-1.0,-1.0,-1.0,0.0,0.0,0.0,0.0
1791663525.5,3414774.5,548.2,86939.3,86939.3,723.5,1721.5,1542.1,24.86,89.95,0.01,213.35,0.0,0.0,0.0,0.75,157377.3,-392256.7,482560.3,0.5695,0.103,1120.8,-0.09106,-66.35275,1.0,0,-1.0,-1.0,-1.0,-1.0,-1.0,0.0,0.0,0.0,0.0
1791663526.15,3414775.1,548.8,87315.4,87315.4,723.1,1723.7,1544.1,24.81,89.95,0.01,213.28,0.0,0.0,0.0,0.75,157988.4,-391116.8,483435.8,0.5679,0.103,1123.8,-0.091,-66.29364,1.0,0,-1.0,-1.0,-1.0,-1.0,-1.0,0.0,0.0,0.0,0.0
1791663526.65,3414775.6,549.3,87705.8,87705.8,722.7,1726.1,1546.2,24.76,89.95,0.01,213.21,0.0,0.0,0.0,0.76,158627.3,-389925.6,484350.8,0.5663,0.103,1127.0,-0.09094,-66.23218,1.0,0,-1.0,-1.0,-1.0,-1.0,-1.0,0.0,0.0,0.0,0.0
1791663527.16,3414776.1,549.8,88067.0,88067.0,722.3,1728.2,1548.2,24.72,89.95,0.0,213.15,0.0,0.0,0.0,0.76,159222.7,-388815.8,485203.5,0.5648,0.103,1130.0,-0.09089,-66.1752,1.0,0,-1.0,-1.0,-1.0,-1.0,-1.0,0.0,0.0,0.0,0.0
1791663527.66,3414776.6,550.3,88428.1,88428.1,721.9,1730.4,1550.2,24.67,89.95,-0.0,213.08,0.0,0.0,0.0,0.76,159822.0,-387699.3,486061.3,0.5632,0.103,1133.0,-0.09083,-66.11815,1.0,0,-1.0,-1.0,-1.0,-1.0,-1.0,0.0,0.0,0.0,0.0
1791663528.16,3414777.1,550.8,88788.9,88788.9,721.5,1732.5,1552.2,24.62,89.95,-0.0,213.02,0.0,0.0,0.0,0.76,160425.1,-386576.2,486924.5,0.5617,0.103,1136.0,-0.09078,-66.06102,1.0,0,-1.0,-1.0,-1.0,-1.0,-1.0,0.0,0.0,0.0,0.0
1791663528.66,3414777.6,551.3,89149.6,89149.6,721.2,1734.7,1554.2,24.57,89.95,-0.01,212.95,0.0,0.0,0.0,0.76,161032.1,-385446.3,487792.9,0.5602,0.103,1139.1,-0.09072,-66.00382,1.0,0,-1.0,-1.0,-1.0,-1.0,-1.0,0.0,0.0,0.0,0.0
1791663529.16,3414778.1,551.8,89510.1,89510.1,720.8,1736.9,1556.2,24.52,89.95,-0.01,212.89,0.0,0.0,0.0,0.76,161643.1,-384309.6,488666.8,0.5586,0.103,1142.1,-0.09066,-65.94655,1.0,0,-1.0,-1.0,-1.0,-1.0,-1.0,0.0,0.0,0.0,0.0
1791663529.67,3414778.6,552.3,89870.4,89870.4,720.4,1739.1,1558.2,24.47,89.95,-0.01,212.82,0.0,0.0,0.0,0.76,162258.1,-383166.0,489546.0,0.5571,0.103,1145.2,-0.09061,-65.88921,1.0,0,-1.0,-1.0,-1.0,-1.0,-1.0,0.0,0.0,0.0,0.0
1791663530.17,3414779.1,552.8,90230.6,90230.6,720.1,1741.3,1560.3,24.42,89.95,-0.01,212.76,0.0,0.0,0.0,0.76,162877.2,-382015.6,490430.8,0.5555,0.103,1148.3,-0.09055,-65.83179,1.0,0,-1.0,-1.0,-1.0,-1.0,-1.0,0.0,0.0,0.0,0.0
1791663530.67,3414779.6,553.3,90590.6,90590.6,719.8,1743.5,1562.3,24.37,89.95,-0.01,212.69,0.0,0.0,0.0,0.76,163500.4,-380858.3,491321.1,0.554,0.103,1151.4,-0.09049,-65.7743,1.0,0,-1.0,-1.0,-1.0,-1.0,-1.0,0.0,0.0,0.0,0.0
1791663531.17,3414780.1,553.8,90950.4,90950.4,719.4,1745.7,1564.4,24.33,89.95,-0.01,212.62,0.0,0.0,0.0,0.76,164127.9,-379694.0,492216.9,0.5524,0.103,1154.6,-0.09044,-65.71674,1.0,0,-1.0,-1.0,-1.0,-1.0,-1.0,0.0,0.0,0.0,0.0
1791663531.67,3414780.6,554.3,91310.1,91310.1,719.1,1748.0,1566.4,24.29,89.95,-0.0,212.56,0.0,0.0,0.0,0.77,164759.7,-378522.8,493118.5,0.5509,0.103,1157.8,-0.09038,-65.6591,1.0,0,-1.0,-1.0,-1.0,-1.0,-1.0,0.0,0.0,0.0,0.0
1791663532.17,3414781.1,554.8,91669.5,91669.6,718.8,1750.2,1568.5,24.24,89.95,-0.0,212.49,0.0,0.0,0.0,0.77,165396.0,-377344.6,494025.7,0.5493,0.104,1161.0,-0.09032,-65.6014,1.0,0,-1.0,-1.0,-1.0,-1.0,-1.0,0.0,0.0,0.0,0.0
1791663532.68,3414781.6,555.3,92028.9,92028.9,718.5,1752.4,1570.6,24.2,89.95,0.0,212.43,0.0,0.0,0.0,0.77,166036.7,-376159.5,494938.6,0.5477,0.104,1164.2,-0.09026,-65.54362,1.0,0,-1.0,-1.0,-1.0,-1.0,-1.0,0.0,0.0,0.0,0.0
1791663533.18,3414782.1,555.8,92373.7,92373.7,718.2,1754.6,1572.6,24.16,89.95,0.01,212.36,0.0,0.0,0.0,0.77,166656.2,-375015.1,495820.5,0.5462,0.104,1167.3,-0.0902,-65.48808,1.0,0,-1.0,-1.0,-1.0,-1.0,-1.0,0.0,0.0,0.0,0.0
1791663533.68,3414782.6,556.3,92732.8,92732.8,717.9,1756.9,1574.7,24.13,89.95,0.01,212.29,0.0,0.0,0.0,0.77,167306.0,-373816.1,496745.0,0.5447,0.104,1170.6,-0.09015,-65.43015,1.0,0,-1.0,-1.0,-1.0,-1.0,-1.0,0.0,0.0,0.0,0.0
1791663534.18,3414783.1,556.9,93091.7,93091.7,717.7,1759.2,1576.8,24.09,89.95,0.01,212.23,0.0,0.0,0.0,0.77,167960.6,-372610.0,497675.3,0.5431,0.104,1173.9,-0.09009,-65.37215,1.0,0,-1.0,-1.0,-1.0,-1.0,-1.0,0.0,0.0,0.0,0.0
1791663534.68,3414783.6,557.4,93464.8,93464.8,717.4,1761.5,1579.0,24.04,89.95,0.01,212.16,0.0,0.0,0.0,0.77,168646.5,-371348.1,498649.2,0.5415,0.104,1177.3,-0.09002,-65.31175,1.0,0,-1.0,-1.0,-1.0,-1.0,-1.0,0.0,0.0,0.0,0.0
1791663535.19,3414784.1,557.9,93823.5,93823.5,717.1,1763.8,1581.2,24.0,89.95,0.01,212.09,0.0,0.0,0.0,0.77,169310.9,-370127.4,499591.8,0.5399,0.104,1180.6,-0.08996,-65.2536,1.0,0,-1.0,-1.0,-1.0,-1.0,-1.0,0.0,0.0,0.0,0.0
1791663535.69,3414784.6,558.4,94182.0,94182.0,716.9,1766.1,1583.3,23.96,89.95,0.0,212.03,0.0,0.0,0.0,0.77,169980.4,-368899.4,500540.5,0.5383,0.104,1184.0,-0.0899,-65.19538,1.0,0,-1.0,-1.0,-1.0,-1.0,-1.0,0.0,0.0,0.0,0.0
1791663536.19,3414785.1,558.9,94540.4,94540.4,716.6,1768.5,1585.5,23.92,89.95,0.0,211.96,0.0,0.0,0.0,0.78,170654.8,-367664.1,501495.4,0.5367,0.104,1187.4,-0.08984,-65.13708,1.0,0,-1.0,-1.0,-1.0,-1.0,-1.0,0.0,0.0,0.0,0.0
1791663536.69,3414785.6,559.4,94898.7,94898.7,716.4,1770.8,1587.6,23.87,89.95,-0.0,211.89,0.0,0.0,0.0,0.78,171334.4,-366421.4,502456.5,0.5351,0.104,1190.8,-0.08978,-65.0787,1.0,0,-1.0,-1.0,-1.0,-1.0,-1.0,0.0,0.0,0.0,0.0
1791663537.19,3414786.1,559.9,95256.8,95256.8,716.2,1773.1,1589.8,23.83,89.95,-0.01,211.83,0.0,0.0,0.0,0.78,172019.1,-365171.3,503423.9,0.5335,0.104,1194.2,-0.08972,-65.02026,1.0,0,-1.0,-1.0,-1.0,-1.0,-1.0,0.0,0.0,0.0,0.0
1791663537.69,3414786.6,560.4,95614.9,95614.9,716.0,1775.5,1592.0,23.78,89.95,-0.01,211.76,0.0,0.0,0.0,0.78,172709.1,-363913.8,504397.7,0.5319,0.104,1197.7,-0.08966,-64.96173,1.0,0,-1.0,-1.0,-1.0,-1.0,-1.0,0.0,0.0,0.0,0.0
1791663538.2,3414787.1,560.9,95972.9,95972.9,715.8,1777.8,1594.2,23.74,89.95,-0.01,211.69,0.0,0.0,0.0,0.78,173404.4,-362648.7,505377.9,0.5303,0.104,1201.2,-0.08959,-64.90313,0.26,0,-1.0,-1.0,-1.0,-1.0,-1.0,0.0,0.0,0.0,0.0
1791663538.7,3414787.6,561.4,96330.7,96330.7,715.6,1780.2,1596.4,23.69,89.95,-0.01,211.62,0.0,0.0,0.0,0.78,174105.1,-361376.1,506364.5,0.5288,0.104,1204.7,-0.08953,-64.84446,1.0,0,-1.0,-1.0,-1.0,-1.0,-1.0,0.0,0.0,0.0,0.0
1791663539.2,3414787.9,561.9,96531.0,96531.1,715.5,1781.5,1597.6,23.67,89.95,-0.01,211.59,0.0,0.0,0.0,0.78,174499.9,-360660.1,506919.9,0.5279,0.104,1206.7,-0.0895,-64.81157,1.0,0,-1.0,-1.0,-1.0,-1.0,-1.0,0.0,0.0,0.0,0.0
1791663539.7,3414787.9,562.4,96531.0,96531.1,715.5,1781.5,1597.6,23.67,89.95,-0.01,211.59,0.0,0.0,0.0,0.78,174499.9,-360660.1,506919.9,0.5279,0.104,1206.7,-0.0895,-64.81157,1.0,0,-1.0,-1.0,-1.0,-1.0,-1.0,0.0,0.0,0.0,0.0
1791663540.2,3414787.9,562.9,96559.7,96559.7,715.4,1781.7,1597.8,23.67,89.95,-0.01,211.58,0.0,0.0,0.0,0.78,174556.5,-360557.7,506999.4,0.5277,0.104,1207.0,-0.08949,-64.80687,1.0,0,-1.0,-1.0,-1.0,-1.0,-1.0,0.0,0.0,0.0,0.0
1791663540.7,3414787.9,563.4,96559.7,96559.7,715.4,1781.7,1597.8,23.67,89.95,-0.01,211.58,0.0,0.0,0.0,0.78,174556.5,-360557.7,506999.4,0.5277,0.104,1207.0,-0.08949,-64.80687,1.0,0,-1.0,-1.0,-1.0,-1.0,-1.0,0.0,0.0,0.0,0.0
1791663541.21,3414788.3,563.9,96831.5,96831.5,715.3,1783.5,1599.5,23.64,89.95,-0.01,211.53,0.0,0.0,0.0,0.78,175095.5,-359581.8,507756.8,0.5265,0.105,1209.7,-0.08944,-64.76219,1.0,0,-1.0,-1.0,-1.0,-1.0,-1.0,0.0,0.0,0.0,0.0
1791663541.71,3414788.8,564.4,97189.1,97189.1,715.1,1785.9,1601.7,23.6,89.95,-0.01,211.46,0.0,0.0,0.0,0.78,175809.7,-358291.0,508759.4,0.5249,0.105,1213.3,-0.08938,-64.70334,1.0,0,-1.0,-1.0,-1.0,-1.0,-1.0,0.0,0.0,0.0,0.0
1791663542.21,3414789.3,564.9,97546.7,97546.7,715.0,1788.3,1603.9,23.56,89.95,-0.0,211.4,0.0,0.0,0.0,0.78,176558.7,-356940.5,509809.1,0.5232,0.105,1217.0,-0.08931,-64.64205,1.0,0,-1.0,-1.0,-1.0,-1.0,-1.0,0.0,0.0,0.0,0.0
1791663542.71,3414789.8,565.4,97904.1,97904.1,714.8,1790.7,1606.2,23.52,89.94,-0.0,211.33,0.0,0.0,0.0,0.79,177255.7,-355686.6,510784.6,0.5217,0.105,1220.5,-0.08925,-64.5854,1.0,0,-1.0,-1.0,-1.0,-1.0,-1.0,0.0,0.0,0.0,0.0
1791663543.21,3414790.3,565.9,98261.5,98261.4,714.6,1793.1,1608.4,23.49,89.94,0.0,211.26,0.0,0.0,0.0,0.79,177987.7,-354372.9,511807.4,0.5201,0.105,1224.2,-0.08919,-64.52632,1.0,0,-1.0,-1.0,-1.0,-1.0,-1.0,0.0,0.0,0.0,0.0
1791663543.71,3414790.8,566.4,98618.7,98618.8,714.5,1795.5,1610.7,23.45,89.94,0.01,211.19,0.0,0.0,0.0,0.79,178725.8,-353051.5,512837.2,0.5185,0.105,1227.9,-0.08912,-64.46716,1.0,0,-1.0,-1.0,-1.0,-1.0,-1.0,0.0,0.0,0.0,0.0
1791663544.22,3414791.3,566.9,98990.3,98990.3,714.4,1798.0,1613.0,23.42,89.94,0.01,211.13,0.0,0.0,0.0,0.79,179500.2,-351669.0,513915.6,0.5168,0.105,1231.8,-0.08905,-64.40555,1.0,0,-1.0,-1.0,-1.0,-1.0,-1.0,0.0,0.0,0.0,0.0
1791663544.72,3414791.8,567.4,99347.4,99347.4,714.2,1800.5,1615.3,23.38,89.94,0.01,211.06,0.0,0.0,0.0,0.79,180251.3,-350331.9,514959.7,0.5152,0.105,1235.5,-0.08899,-64.34624,1.0,0,-1.0,-1.0,-1.0,-1.0,-1.0,0.0,0.0,0.0,0.0
1791663545.22,3414792.3,567.9,99704.5,99704.5,714.1,1802.9,1617.6,23.34,89.94,0.01,210.99,0.0,0.0,0.0,0.79,181008.8,-348986.8,516011.0,0.5136,0.105,1239.3,-0.08892,-64.28685,1.0,0,-1.0,-1.0,-1.0,-1.0,-1.0,0.0,0.0,0.0,0.0
1791663545.72,3414792.8,568.4,100061.6,100061.6,714.0,1805.4,1619.9,23.31,89.94,0.01,210.92,0.0,0.0,0.0,0.79,181776.4,-347637.7,517069.4,0.5119,0.105,1243.1,-0.08885,-64.22705,1.0,0,-1.0,-1.0,-1.0,-1.0,-1.0,0.0,0.0,0.0,0.0
1791663546.22,3414793.3,568.9,100418.6,100418.6,713.9,1807.8,1622.2,23.28,89.94,0.0,210.85,0.0,0.0,0.0,0.79,182547.3,-346276.9,518135.2,0.5103,0.105,1247.0,-0.08879,-64.1675,1.0,0,-1.0,-1.0,-1.0,-1.0,-1.0,0.0,0.0,0.0,0.0
1791663546.73,3414793.8,569.4,100775.6,100775.6,713.8,1810.3,1624.5,23.25,89.94,0.0,210.78,0.0,0.0,0.0,0.79,183325.0,-344908.3,519208.3,0.5087,0.105,1250.9,-0.08872,-64.10788,1.0,0,-1.0,-1.0,-1.0,-1.0,-1.0,0.0,0.0,0.0,0.0
1791663547.23,3414794.3,569.9,101132.5,101132.5,713.8,1812.8,1626.9,23.21,89.94,-0.0,210.72,0.0,0.0,0.0,0.8,184109.7,-343531.7,520289.0,0.5071,0.105,1254.8,-0.08865,-64.04818,1.0,0,-1.0,-1.0,-1.0,-1.0,-1.0,0.0,0.0,0.0,0.0
1791663547.73,3414794.8,570.4,101489.4,101489.4,713.7,1815.3,1629.2,23.17,89.94,-0.01,210.65,0.0,0.0,0.0,0.8,184901.4,-342147.1,521377.1,0.5054,0.105,1258.7,-0.08859,-63.98841,1.0,0,-1.0,-1.0,-1.0,-1.0,-1.0,0.0,0.0,0.0,0.0
1791663548.27,3414795.2,570.9,101774.8,101774.8,713.7,1817.3,1631.1,23.14,89.94,-0.01,210.6,0.0,0.0,0.0,0.8,185539.9,-341033.6,522253.1,0.5041,0.106,1261.9,-0.08853,-63.94053,1.0,0,-1.0,-1.0,-1.0,-1.0,-1.0,0.0,0.0,0.0,0.0
1791663548.77,3414795.8,571.4,102160.2,102160.2,713.6,1820.0,1633.6,23.09,89.94,-0.01,210.52,0.0,0.0,0.0,0.8,186409.1,-339522.0,523443.6,0.5024,0.106,1266.2,-0.08846,-63.87582,1.0,0,-1.0,-1.0,-1.0,-1.0,-1.0,0.0,0.0,0.0,0.0
1791663549.27,3414796.3,571.9,102517.0,102517.0,713.6,1822.5,1636.0,23.05,89.94,-0.01,210.45,0.0,0.0,0.0,0.8,187221.7,-338113.9,524553.9,0.5007,0.106,1270.2,-0.08839,-63.81582,1.0,0,-1.0,-1.0,-1.0,-1.0,-1.0,0.0,0.0,0.0,0.0
1791663549.77,3414796.8,572.4,102873.8,102873.8,713.5,1825.0,1638.4,23.02,89.94,-0.01,210.39,0.0,0.0,0.0,0.8,188041.7,-336697.6,525672.0,0.4991,0.106,1274.3,-0.08832,-63.75575,1.0,0,-1.0,-1.0,-1.0,-1.0,-1.0,0.0,0.0,0.0,0.0
1791663550.27,3414797.3,572.9,103230.6,103230.6,713.5,1827.6,1640.8,22.98,89.94,-0.01,210.32,0.0,0.0,0.0,0.8,188869.3,-335273.1,526798.1,0.4975,0.106,1278.4,-0.08825,-63.69559,1.0,0,-1.0,-1.0,-1.0,-1.0,-1.0,0.0,0.0,0.0,0.0
1791663550.78,3414797.8,573.4,103587.3,103587.3,713.5,1830.1,1643.2,22.95,89.94,-0.0,210.25,0.0,0.0,0.0,0.8,189704.8,-333840.3,527932.2,0.4958,0.106,1282.5,-0.08818,-63.63536,1.0,0,-1.0,-1.0,-1.0,-1.0,-1.0,0.0,0.0,0.0,0.0
1791663551.28,3414798.3,573.9,103944.1,103944.1,713.5,1832.7,1645.6,22.91,89.94,-0.0,210.18,0.0,0.0,0.0,0.8,190548.2,-332399.3,529074.5,0.4942,0.106,1286.7,-0.08811,-63.57505,1.0,0,-1.0,-1.0,-1.0,-1.0,-1.0,0.0,0.0,0.0,0.0
1791663551.78,3414798.8,574.4,104300.8,104300.8,713.5,1835.2,1648.0,22.88,89.94,0.0,210.11,0.0,0.0,0.0,0.81,191399.7,-330950.0,530224.9,0.4926,0.106,1290.9,-0.08804,-63.51466,1.0,0,-1.0,-1.0,-1.0,-1.0,-1.0,0.0,0.0,0.0,0.0
1791663552.28,3414799.3,575.0,104657.6,104657.6,713.5,1837.8,1650.4,22.85,89.94,0.01,210.04,0.0,0.0,0.0,0.81,192259.5,-329492.3,531383.6,0.4909,0.106,1295.1,-0.08797,-63.45419,1.0,0,-1.0,-1.0,-1.0,-1.0,-1.0,0.0,0.0,0.0,0.0
1791663552.79,3414799.8,575.5,105014.3,105014.3,713.5,1840.4,1652.8,22.82,89.94,0.01,209.97,0.0,0.0,0.0,0.81,193127.7,-328026.4,532550.7,0.4893,0.106,1299.4,-0.08789,-63.39365,1.0,0,-1.0,-1.0,-1.0,-1.0,-1.0,0.0,0.0,0.0,0.0
1791663553.29,3414800.3,576.0,105371.1,105371.1,713.5,1843.0,1655.3,22.79,89.94,0.01,209.9,0.0,0.0,0.0,0.81,194004.6,-326552.1,533726.2,0.4877,0.106,1303.7,-0.08782,-63.33302,1.0,0,-1.0,-1.0,-1.0,-1.0,-1.0,0.0,0.0,0.0,0.0
1791663553.79,3414800.8,576.5,105727.9,105727.9,713.6,1845.6,1657.7,22.76,89.94,0.01,209.84,0.0,0.0,0.0,0.81,194890.2,-325069.5,534910.4,0.486,0.106,1308.0,-0.08775,-63.27232,1.0,0,-1.0,-1.0,-1.0,-1.0,-1.0,0.0,0.0,0.0,0.0
1791663554.29,3414801.3,577.0,106084.7,106084.7,713.6,1848.2,1660.2,22.73,89.94,0.01,209.77,0.0,0.0,0.0,0.81,195784.7,-323578.4,536103.1,0.4844,0.106,1312.4,-0.08768,-63.21154,1.0,0,-1.0,-1.0,-1.0,-1.0,-1.0,0.0,0.0,0.0,0.0
1791663554.79,3414801.8,577.5,106455.8,106455.8,713.7,1850.9,1662.8,22.7,89.94,0.0,209.69,0.0,0.0,0.0,0.81,196724.7,-322018.8,537352.9,0.4827,0.107,1317.0,-0.0876,-63.14824,1.0,0,-1.0,-1.0,-1.0,-1.0,-1.0,0.0,0.0,0.0,0.0
1791663555.29,3414802.3,578.0,106798.4,106798.4,713.7,1853.4,1665.1,22.66,89.94,0.0,209.63,0.0,0.0,0.0,0.81,197601.2,-320571.1,538515.1,0.4811,0.107,1321.3,-0.08753,-63.08974,1.0,0,-1.0,-1.0,-1.0,-1.0,-1.0,0.0,0.0,0.0,0.0
1791663555.79,3414802.8,578.5,107155.3,107155.3,713.8,1856.1,1667.6,22.63,89.94,-0.0,209.56,0.0,0.0,0.0,0.81,198523.4,-319054.6,539734.4,0.4795,0.107,1325.8,-0.08746,-63.02872,1.0,0,-1.0,-1.0,-1.0,-1.0,-1.0,0.0,0.0,0.0,0.0
1791663556.3,3414803.3,579.0,107512.3,107512.3,713.9,1858.7,1670.1,22.6,89.94,-0.01,209.49,0.0,0.0,0.0,0.82,199455.2,-317529.6,540962.8,0.4778,0.107,1330.3,-0.08738,-62.96762,1.0,0,-1.0,-1.0,-1.0,-1.0,-1.0,0.0,0.0,0.0,0.0
1791663556.8,3414803.8,579.5,107869.3,107869.3,714.0,1861.4,1672.6,22.57,89.94,-0.01,209.42,0.0,0.0,0.0,0.82,200396.8,-315996.1,542200.3,0.4762,0.107,1334.9,-0.08731,-62.90644,1.0,0,-1.0,-1.0,-1.0,-1.0,-1.0,0.0,0.0,0.0,0.0
1791663557.3,3414804.3,580.0,108240.6,108240.6,714.1,1864.1,1675.2,22.53,89.94,-0.01,209.35,0.0,0.0,0.0,0.82,201386.4,-314392.0,543497.2,0.4745,0.107,1339.6,-0.08723,-62.84273,1.0,0,-1.0,-1.0,-1.0,-1.0,-1.0,0.0,0.0,0.0,0.0
1791663557.8,3414804.8,580.5,108597.7,108597.7,714.2,1866.8,1677.8,22.49,89.94,-0.01,209.28,0.0,0.0,0.0,0.82,202348.3,-312840.8,544753.8,0.4729,0.107,1344.3,-0.08715,-62.78139,1.0,0,-1.0,-1.0,-1.0,-1.0,-1.0,0.0,0.0,0.0,0.0
1791663558.31,3414805.3,581.0,108954.8,108954.9,714.4,1869.5,1680.3,22.46,89.94,-0.01,209.21,0.0,0.0,0.0,0.82,203320.4,-311280.8,546019.8,0.4712,0.107,1349.0,-0.08708,-62.71997,1.0,0,-1.0,-1.0,-1.0,-1.0,-1.0,0.0,0.0,0.0,0.0
1791663558.81,3414805.8,581.5,109312.1,109312.1,714.5,1872.2,1682.9,22.43,89.94,-0.01,209.14,0.0,0.0,0.0,0.82,204303.0,-309712.2,547295.4,0.4696,0.107,1353.7,-0.087,-62.65847,1.0,0,-1.0,-1.0,-1.0,-1.0,-1.0,0.0,0.0,0.0,0.0
1791663559.31,3414806.3,582.0,109669.4,109669.4,714.6,1874.9,1685.4,22.4,89.94,-0.0,209.07,0.0,0.0,0.0,0.82,205296.3,-308134.9,548580.7,0.468,0.107,1358.5,-0.08692,-62.59689,1.0,0,-1.0,-1.0,-1.0,-1.0,-1.0,0.0,0.0,0.0,0.0
1791663559.81,3414806.8,582.5,110026.7,110026.8,714.8,1877.6,1688.0,22.37,89.94,-0.0,209.0,0.0,0.0,0.0,0.82,206300.5,-306548.9,549875.8,0.4663,0.107,1363.3,-0.08685,-62.53523,1.0,0,-1.0,-1.0,-1.0,-1.0,-1.0,0.0,0.0,0.0,0.0
1791663560.31,3414807.3,583.0,110384.2,110384.2,715.0,1880.3,1690.5,22.34,89.94,0.0,208.93,0.0,0.0,0.0,0.83,207315.9,-304954.3,551180.8,0.4647,0.107,1368.2,-0.08677,-62.47349,1.0,0,-1.0,-1.0,-1.0,-1.0,-1.0,0.0,0.0,0.0,0.0
1791663560.81,3414807.8,583.5,110741.7,110741.7,715.1,1883.0,1693.1,22.32,89.94,0.01,208.86,0.0,0.0,0.0,0.83,208342.7,-303350.9,552495.9,0.4631,0.108,1373.1,-0.08669,-62.41167,1.0,0,-1.0,-1.0,-1.0,-1.0,-1.0,0.0,0.0,0.0,0.0
1791663561.32,3414808.3,584.0,111099.4,111099.4,715.3,1885.7,1695.7,22.29,89.94,0.01,208.79,0.0,0.0,0.0,0.83,209381.0,-301738.9,553821.1,0.4614,0.108,1378.0,-0.08661,-62.34977,1.0,0,-1.0,-1.0,-1.0,-1.0,-1.0,0.0,0.0,0.0,0.0
1791663561.82,3414808.8,584.5,111457.1,111457.1,715.5,1888.5,1698.3,22.27,89.94,0.01,208.71,0.0,0.0,0.0,0.83,210431.3,-300118.2,555156.5,0.4598,0.108,1383.0,-0.08654,-62.28778,1.0,0,-1.0,-1.0,-1.0,-1.0,-1.0,0.0,0.0,0.0,0.0
1791663562.32,3414809.3,585.0,111814.9,111814.9,715.7,1891.2,1700.9,22.24,89.94,0.01,208.65,0.0,0.0,0.0,0.83,211493.6,-298488.8,556502.4,0.4582,0.108,1388.0,-0.08646,-62.22572,1.0,0,-1.0,-1.0,-1.0,-1.0,-1.0,0.0,0.0,0.0,0.0
1791663562.82,3414809.8,585.5,112172.8,112172.8,715.9,1894.0,1703.6,22.22,89.94,0.01,208.58,0.0,0.0,0.0,0.83,212568.3,-296850.8,557858.8,0.4566,0.108,1393.1,-0.08638,-62.16358,1.0,0,-1.0,-1.0,-1.0,-1.0,-1.0,0.0,0.0,0.0,0.0
1791663563.32,3414810.3,586.0,112530.9,112530.9,716.2,1896.8,1706.2,22.19,89.94,0.01,208.51,0.0,0.0,0.0,0.83,213655.6,-295204.0,559225.8,0.455,0.108,1398.2,-0.0863,-62.10135,1.0,0,-1.0,-1.0,-1.0,-1.0,-1.0,0.0,0.0,0.0,0.0
1791663563.83,3414810.8,586.5,112889.0,112889.0,716.4,1899.5,1708.8,22.17,89.93,0.0,208.43,0.0,0.0,0.0,0.83,214755.6,-293548.5,560603.6,0.4534,0.108,1403.4,-0.08622,-62.03904,1.0,0,-1.0,-1.0,-1.0,-1.0,-1.0,0.0,0.0,0.0,0.0
1791663564.33,3414811.3,587.0,113247.3,113247.3,716.6,1902.3,1711.5,22.14,89.93,-0.0,208.36,0.0,0.0,0.0,0.84,215868.6,-291884.2,561992.2,0.4517,0.108,1408.6,-0.08614,-61.97666,1.0,0,-1.0,-1.0,-1.0,-1.0,-1.0,0.0,0.0,0.0,0.0
1791663564.83,3414811.8,587.5,113605.7,113605.7,716.9,1905.1,1714.1,22.11,89.93,-0.01,208.29,0.0,0.0,0.0,0.84,216994.9,-290211.1,563391.9,0.4501,0.108,1413.9,-0.08605,-61.91419,1.0,0,-1.0,-1.0,-1.0,-1.0,-1.0,0.0,0.0,0.0,0.0
1791663565.33,3414812.3,588.0,113964.2,113964.2,717.2,1907.9,1716.8,22.08,89.93,-0.01,208.22,0.0,0.0,0.0,0.84,218134.7,-288529.2,564802.7,0.4485,0.108,1419.2,-0.08597,-61.85164,0.26,0,-1.0,-1.0,-1.0,-1.0,-1.0,0.0,0.0,0.0,0.0
1791663565.83,3414812.8,588.5,114322.9,114322.9,717.4,1910.7,1719.5,22.05,89.93,-0.01,208.15,0.0,0.0,0.0,0.84,219288.2,-286838.5,566224.8,0.4469,0.108,1424.5,-0.08589,-61.789,1.0,0,-1.0,-1.0,-1.0,-1.0,-1.0,0.0,0.0,0.0,0.0
1791663566.33,3414813.3,589.0,114681.7,114681.7,717.7,1913.5,1722.2,22.02,89.93,-0.01,208.08,0.0,0.0,0.0,0.84,220455.7,-285138.9,567658.4,0.4453,0.109,1430.0,-0.08581,-61.72629,1.0,0,-1.0,-1.0,-1.0,-1.0,-1.0,0.0,0.0,0.0,0.0
1791663566.84,3414813.8,589.5,115055.0,115055.0,718.0,1916.5,1725.0,21.99,89.93,-0.01,208.01,0.0,0.0,0.0,0.84,221685.1,-283362.0,569161.5,0.4437,0.109,1435.6,-0.08572,-61.66098,1.0,0,-1.0,-1.0,-1.0,-1.0,-1.0,0.0,0.0,0.0,0.0
1791663567.34,3414814.3,590.0,115414.1,115414.1,718.3,1919.3,1727.7,21.97,89.93,-0.01,207.94,0.0,0.0,0.0,0.84,222882.1,-281644.5,570618.8,0.4421,0.109,1441.2,-0.08564,-61.5981,1.0,0,-1.0,-1.0,-1.0,-1.0,-1.0,0.0,0.0,0.0,0.0
1791663567.84,3414814.8,590.5,115773.3,115773.3,718.6,1922.2,1730.4,21.95,89.93,-0.01,207.86,0.0,0.0,0.0,0.84,224094.1,-279918.3,572087.9,0.4405,0.109,1446.7,-0.08556,-61.53514,1.0,0,-1.0,-1.0,-1.0,-1.0,-1.0,0.0,0.0,0.0,0.0
1791663568.35,3414815.3,591.0,116132.8,116132.8,719.0,1925.0,1733.1,21.92,89.93,-0.0,207.79,0.0,0.0,0.0,0.85,225321.4,-278183.3,573569.0,0.4389,0.109,1452.4,-0.08547,-61.47209,1.0,0,-1.0,-1.0,-1.0,-1.0,-1.0,0.0,0.0,0.0,0.0
1791663568.85,3414815.8,591.5,116492.3,116492.3,719.3,1927.9,1735.8,21.9,89.93,0.0,207.72,0.0,0.0,0.0,0.85,226564.3,-276439.7,575062.3,0.4373,0.109,1458.0,-0.08539,-61.40897,1.0,0,-1.0,-1.0,-1.0,-1.0,-1.0,0.0,0.0,0.0,0.0
1791663569.35,3414816.2,592.0,116765.7,116765.7,719.6,1930.1,1737.9,21.89,89.93,0.0,207.67,0.0,0.0,0.0,0.85,227519.5,-275108.7,576205.4,0.4362,0.109,1462.4,-0.08532,-61.36094,1.0,0,-1.0,-1.0,-1.0,-1.0,-1.0,0.0,0.0,0.0,0.0
1791663569.86,3414816.7,592.5,117125.6,117125.6,719.9,1933.0,1740.7,21.87,89.93,0.01,207.6,0.0,0.0,0.0,0.85,228790.7,-273349.8,577720.4,0.4346,0.109,1468.2,-0.08524,-61.29766,1.0,0,-1.0,-1.0,-1.0,-1.0,-1.0,0.0,0.0,0.0,0.0
1791663570.36,3414817.2,593.0,117485.7,117485.7,720.3,1935.8,1743.4,21.85,89.93,0.01,207.52,0.0,0.0,0.0,0.85,230078.4,-271582.4,579248.0,0.433,0.109,1474.0,-0.08515,-61.23431,1.0,0,-1.0,-1.0,-1.0,-1.0,-1.0,0.0,0.0,0.0,0.0
1791663570.86,3414817.7,593.5,117845.9,117845.9,720.7,1938.7,1746.2,21.83,89.93,0.01,207.45,0.0,0.0,0.0,0.85,231383.0,-269806.5,580788.3,0.4315,0.109,1479.9,-0.08507,-61.17087,1.0,0,-1.0,-1.0,-1.0,-1.0,-1.0,0.0,0.0,0.0,0.0
1791663571.36,3414818.2,594.0,118206.4,118206.4,721.1,1941.7,1748.9,21.81,89.93,0.01,207.38,0.0,0.0,0.0,0.85,232704.8,-268021.9,582341.4,0.4299,0.109,1485.8,-0.08498,-61.10735,1.0,0,-1.0,-1.0,-1.0,-1.0,-1.0,0.0,0.0,0.0,0.0
1791663571.86,3414818.7,594.5,118567.0,118567.0,721.5,1944.6,1751.7,21.79,89.93,0.01,207.31,0.0,0.0,0.0,0.85,234044.2,-266228.9,583907.7,0.4284,0.11,1491.8,-0.08489,-61.04375,1.0,0,-1.0,-1.0,-1.0,-1.0,-1.0,0.0,0.0,0.0,0.0
1791663572.36,3414819.2,595.0,118913.4,118913.4,721.8,1947.4,1754.4,21.77,89.93,0.0,207.24,0.0,0.0,0.0,0.86,235346.8,-264499.5,585423.6,0.4269,0.11,1497.6,-0.08481,-60.98262,1.0,0,-1.0,-1.0,-1.0,-1.0,-1.0,0.0,0.0,0.0,0.0
1791663572.87,3414819.7,595.5,119274.5,119274.5,722.3,1950.3,1757.2,21.75,89.93,-0.0,207.16,0.0,0.0,0.0,0.86,236721.6,-262689.8,587015.9,0.4254,0.11,1503.7,-0.08472,-60.91885,1.0,0,-1.0,-1.0,-1.0,-1.0,-1.0,0.0,0.0,0.0,0.0
1791663573.37,3414820.2,596.0,119650.2,-1.0,722.7,1953.4,1760.1,21.72,89.93,-0.0,207.09,0.0,0.0,0.0,0.86,238171.1,-260798.6,588686.2,0.4238,0.11,1510.1,-0.08463,-60.85245,1.0,0,-1.0,-1.0,-1.0,-1.0,-1.0,0.0,0.0,0.0,0.0
1791663573.87,3414820.7,596.5,120011.7,120011.7,723.2,1956.3,1763.0,21.7,89.93,-0.01,207.02,0.0,0.0,0.0,0.86,239584.2,-258971.6,590306.3,0.4223,0.11,1516.4,-0.08454,-60.78852,1.0,0,-1.0,-1.0,-1.0,-1.0,-1.0,0.0,0.0,0.0,0.0
1791663574.37,3414821.2,597.0,120373.4,120373.4,723.6,1959.3,1765.8,21.68,89.93,-0.01,206.95,0.0,0.0,0.0,0.86,241016.7,-257136.2,591940.3,0.4208,0.11,1522.7,-0.08445,-60.7245,1.0,0,-1.0,-1.0,-1.0,-1.0,-1.0,0.0,0.0,0.0,0.0
1791663574.87,3414821.7,597.5,120720.8,120720.8,724.1,1962.1,1768.5,21.65,89.93,-0.01,206.87,0.0,0.0,0.0,0.86,242410.5,-255366.3,593522.1,0.4193,0.11,1528.8,-0.08437,-60.66296,1.0,0,-1.0,-1.0,-1.0,-1.0,-1.0,0.0,0.0,0.0,0.0
1791663575.38,3414822.2,598.0,121097.5,121097.5,724.5,1965.2,1771.5,21.63,89.93,-0.01,206.8,0.0,0.0,0.0,0.86,243941.3,-253440.1,595250.6,0.4178,0.11,1535.5,-0.08428,-60.59622,1.0,0,-1.0,-1.0,-1.0,-1.0,-1.0,0.0,0.0,0.0,0.0
1791663575.88,3414822.7,598.5,121459.9,121459.9,725.0,1968.2,1774.3,21.61,89.93,-0.01,206.73,0.0,0.0,0.0,0.86,245434.3,-251579.6,596927.4,0.4163,0.11,1542.0,-0.08419,-60.53195,1.0,0,-1.0,-1.0,-1.0,-1.0,-1.0,0.0,0.0,0.0,0.0
1791663576.38,3414823.2,599.0,121822.6,121822.6,725.5,1971.2,1777.2,21.59,89.93,-0.01,206.65,0.0,0.0,0.0,0.87,246948.4,-249710.9,598618.7,0.4148,0.11,1548.5,-0.08409,-60.4676,0.26,0,-1.0,-1.0,-1.0,-1.0,-1.0,0.0,0.0,0.0,0.0
1791663576.88,3414823.7,599.6,122185.5,122185.5,726.0,1974.2,1780.1,21.57,89.93,-0.0,206.58,0.0,0.0,0.0,0.87,248484.0,-247834.1,600324.9,0.4134,0.11,1555.2,-0.084,-60.40316,1.0,0,-1.0,-1.0,-1.0,-1.0,-1.0,0.0,0.0,0.0,0.0
1791663577.38,3414824.2,600.1,122548.6,122548.6,726.5,1977.2,1783.0,21.55,89.93,-0.0,206.51,0.0,0.0,0.0,0.87,250041.6,-245949.2,602046.2,0.4119,0.111,1561.8,-0.08391,-60.33865,1.0,0,-1.0,-1.0,-1.0,-1.0,-1.0,0.0,0.0,0.0,0.0
1791663577.89,3414824.7,600.6,122926.6,122926.6,727.1,1980.4,1786.0,21.53,89.93,0.0,206.44,0.0,0.0,0.0,0.87,251685.4,-243980.6,603852.4,0.4104,0.111,1568.9,-0.08382,-60.27146,1.0,0,-1.0,-1.0,-1.0,-1.0,-1.0,0.0,0.0,0.0,0.0
1791663578.39,3414825.2,601.1,123290.3,123290.3,727.6,1983.4,1788.9,21.52,89.93,0.01,206.36,0.0,0.0,0.0,0.87,253289.4,-242079.6,605604.9,0.409,0.111,1575.7,-0.08372,-60.20677,1.0,0,-1.0,-1.0,-1.0,-1.0,-1.0,0.0,0.0,0.0,0.0
1791663578.89,3414825.7,601.6,123654.3,123654.3,728.2,1986.4,1791.8,21.5,89.93,0.01,206.29,0.0,0.0,0.0,0.87,254916.9,-240170.9,607373.0,0.4076,0.111,1582.6,-0.08363,-60.142,1.0,0,-1.0,-1.0,-1.0,-1.0,-1.0,0.0,0.0,0.0,0.0
1791663579.39,3414826.2,602.1,124003.9,124003.9,728.7,1989.4,1794.6,21.49,89.93,0.01,206.22,0.0,0.0,0.0,0.87,256502.0,-238331.4,609085.3,0.4062,0.111,1589.3,-0.08354,-60.07974,1.0,0,-1.0,-1.0,-1.0,-1.0,-1.0,0.0,0.0,0.0,0.0
1791663579.89,3414826.7,602.6,124368.5,124368.5,729.3,1992.4,1797.5,21.48,89.93,0.01,206.15,0.0,0.0,0.0,0.88,258177.2,-236407.8,610884.7,0.4048,0.111,1596.4,-0.08345,-60.0148,1.0,0,-1.0,-1.0,-1.0,-1.0,-1.0,0.0,0.0,0.0,0.0
1791663580.39,3414827.2,603.1,124733.3,124733.3,729.9,1995.5,1800.5,21.47,89.93,0.01,206.07,0.0,0.0,0.0,0.88,259877.4,-234476.7,612700.3,0.4034,0.111,1603.5,-0.08335,-59.94978,1.0,0,-1.0,-1.0,-1.0,-1.0,-1.0,0.0,0.0,0.0,0.0
1791663580.9,3414827.7,603.6,125098.4,125098.4,730.5,1998.6,1803.4,21.45,89.93,0.0,206.0,0.0,0.0,0.0,0.88,261603.2,-232538.2,614532.5,0.402,0.111,1610.7,-0.08326,-59.88467,1.0,0,-1.0,-1.0,-1.0,-1.0,-1.0,0.0,0.0,0.0,0.0
1791663581.4,3414828.2,604.1,125463.8,125463.8,731.1,2001.6,1806.4,21.43,89.93,0.0,205.92,0.0,0.0,0.0,0.88,263355.0,-230592.3,616381.4,0.4007,0.111,1618.0,-0.08317,-59.81948,1.0,0,-1.0,-1.0,-1.0,-1.0,-1.0,0.0,0.0,0.0,0.0
1791663581.9,3414828.7,604.6,125844.1,125844.1,731.7,2004.9,1809.5,21.41,89.93,-0.0,205.85,0.0,0.0,0.0,0.88,265205.2,-228560.9,618322.1,0.3993,0.111,1625.6,-0.08307,-59.7516,1.0,0,-1.0,-1.0,-1.0,-1.0,-1.0,0.0,0.0,0.0,0.0
1791663582.4,3414829.2,605.1,126210.2,126210.2,732.4,2008.0,1812.4,21.4,89.93,-0.01,205.77,0.0,0.0,0.0,0.88,267011.9,-226600.3,620205.8,0.3979,0.112,1633.0,-0.08297,-59.68624,1.0,0,-1.0,-1.0,-1.0,-1.0,-1.0,0.0,0.0,0.0,0.0
1791663582.91,3414829.7,605.6,126576.5,126576.5,733.0,2011.1,1815.4,21.38,89.93,-0.01,205.7,0.0,0.0,0.0,0.88,268846.3,-224632.5,622106.9,0.3966,0.112,1640.6,-0.08287,-59.62079,1.0,0,-1.0,-1.0,-1.0,-1.0,-1.0,0.0,0.0,0.0,0.0
1791663583.41,3414830.2,606.1,126943.2,126943.2,733.7,2014.2,1818.4,21.36,89.92,-0.01,205.63,0.0,0.0,0.0,0.88,270709.1,-222657.7,624025.7,0.3953,0.112,1648.2,-0.08278,-59.55526,1.0,0,-1.0,-1.0,-1.0,-1.0,-1.0,0.0,0.0,0.0,0.0
1791663583.91,3414830.7,606.6,127310.2,127310.2,734.3,2017.3,1821.4,21.34,89.92,-0.01,205.55,0.0,0.0,0.0,0.89,272600.7,-220676.1,625962.3,0.394,0.112,1655.8,-0.08268,-59.48964,1.0,0,-1.0,-1.0,-1.0,-1.0,-1.0,0.0,0.0,0.0,0.0
1791663584.41,3414831.2,607.1,127662.9,127662.9,735.0,2020.3,1824.3,21.32,89.92,-0.01,205.48,0.0,0.0,0.0,0.89,274444.6,-218767.3,627838.6,0.3928,0.112,1663.3,-0.08259,-59.42657,1.0,0,-1.0,-1.0,-1.0,-1.0,-1.0,0.0,0.0,0.0,0.0
1791663584.91,3414831.7,607.6,128030.6,128030.6,735.7,2023.5,1827.3,21.31,89.92,-0.01,205.41,0.0,0.0,0.0,0.89,276395.0,-216772.7,629811.1,0.3915,0.112,1671.1,-0.08249,-59.36079,0.26,0,-1.0,-1.0,-1.0,-1.0,-1.0,0.0,0.0,0.0,0.0
1791663585.41,3414832.2,608.1,128398.6,128398.6,736.4,2026.6,1830.4,21.3,89.92,-0.0,205.33,0.0,0.0,0.0,0.89,278376.3,-214771.6,631802.3,0.3903,0.112,1679.1,-0.08239,-59.29492,1.0,0,-1.0,-1.0,-1.0,-1.0,-1.0,0.0,0.0,0.0,0.0
1791663585.92,3414832.7,608.6,128781.7,128781.7,737.1,2029.9,1833.5,21.28,89.92,-0.0,205.26,0.0,0.0,0.0,0.89,280470.4,-212683.8,633893.3,0.389,0.112,1687.4,-0.08229,-59.22633,1.0,0,-1.0,-1.0,-1.0,-1.0,-1.0,0.0,0.0,0.0,0.0
1791663586.42,3414833.2,609.1,129150.5,129150.5,737.8,2033.1,1836.6,21.27,89.92,0.0,205.18,0.0,0.0,0.0,0.89,282516.9,-210670.2,635923.4,0.3878,0.112,1695.5,-0.08219,-59.16029,1.0,0,-1.0,-1.0,-1.0,-1.0,-1.0,0.0,0.0,0.0,0.0
1791663586.92,3414833.7,609.6,129519.6,129519.6,738.6,2036.3,1839.7,21.26,89.92,0.01,205.11,0.0,0.0,0.0,0.89,284596.5,-208650.6,637972.9,0.3866,0.113,1703.7,-0.08209,-59.09416,1.0,0,-1.0,-1.0,-1.0,-1.0,-1.0,0.0,0.0,0.0,0.0
1791663587.42,3414834.2,610.1,129889.1,129889.1,739.3,2039.4,1842.7,21.26,89.92,0.01,205.03,0.0,0.0,0.0,0.9,286710.0,-206625.4,640042.3,0.3854,0.113,1712.0,-0.08199,-59.02795,1.0,0,-1.0,-1.0,-1.0,-1.0,-1.0,0.0,0.0,0.0,0.0
1791663587.92,3414834.7,610.6,130258.9,130258.9,740.1,2042.6,1845.8,21.25,89.92,0.01,204.96,0.0,0.0,0.0,0.9,288858.0,-204594.6,642131.7,0.3842,0.113,1720.4,-0.08189,-58.96166,1.0,0,-1.0,-1.0,-1.0,-1.0,-1.0,0.0,0.0,0.0,0.0
1791663588.43,3414835.2,611.1,130629.2,130629.2,740.8,2045.8,1848.9,21.24,89.92,0.01,204.88,0.0,0.0,0.0,0.9,291041.4,-202558.4,644241.5,0.3831,0.113,1728.9,-0.08179,-58.89528,1.0,0,-1.0,-1.0,-1.0,-1.0,-1.0,0.0,0.0,0.0,0.0
1791663588.93,3414835.7,611.6,130999.8,130999.8,741.6,2049.1,1852.0,21.23,89.92,0.01,204.81,0.0,0.0,0.0,0.9,293260.8,-200516.9,646371.9,0.382,0.113,1737.5,-0.08168,-58.82881,1.0,0,-1.0,-1.0,-1.0,-1.0,-1.0,0.0,0.0,0.0,0.0
1791663589.43,3414836.2,612.1,131370.8,131370.8,742.4,2052.3,1855.1,21.22,89.92,0.0,204.73,0.0,0.0,0.0,0.9,295517.0,-198470.4,648523.3,0.3809,0.113,1746.2,-0.08158,-58.76226,1.0,0,-1.0,-1.0,-1.0,-1.0,-1.0,0.0,0.0,0.0,0.0
1791663589.94,3414836.7,612.6,131742.1,131742.1,742.3,2052.9,1855.5,21.21,89.97,-0.02,204.66,0.0,0.0,0.0,0.23,296429.7,-197650.2,649389.7,0.3804,0.113,1749.7,-0.08148,-58.69566,0.25,0,-1.0,-1.0,-1.0,-1.0,-1.0,0.0,0.0,0.0,0.0
1791663590.44,3414837.1,613.1,132024.1,132024.1,742.0,2052.8,1855.4,21.2,90.04,-0.05,204.6,0.0,0.0,0.0,0.23,296864.6,-197260.1,649802.3,0.3802,0.113,1751.3,-0.0814,-58.64507,0.25,0,-1.0,-1.0,-1.0,-1.0,-1.0,0.0,0.0,0.0,0.0
1791663590.94,3414837.6,613.6,132395.0,132395.0,741.6,2052.7,1855.2,21.18,90.08,-0.07,204.53,0.0,0.0,0.0,0.23,297438.1,-196746.0,650346.1,0.3799,0.113,1753.5,-0.0813,-58.57854,0.25,0,-1.0,-1.0,-1.0,-1.0,-1.0,0.0,0.0,0.0,0.0
1791663591.44,3414838.1,614.1,132765.7,132765.7,741.2,2052.6,1855.0,21.17,90.06,-0.06,204.45,0.0,0.0,0.0,0.23,298013.0,-196231.1,650891.0,0.3797,0.113,1755.7,-0.0812,-58.51204,0.25,0,-1.0,-1.0,-1.0,-1.0,-1.0,0.0,0.0,0.0,0.0
1791663591.94,3414838.6,614.6,133136.2,133136.2,740.8,2052.6,1854.8,21.15,90.0,-0.04,204.38,0.0,0.0,0.0,0.23,298589.4,-195715.4,651437.0,0.3794,0.113,1757.9,-0.08109,-58.44557,0.25,0,-1.0,-1.0,-1.0,-1.0,-1.0,0.0,0.0,0.0,0.0
1791663592.44,3414839.1,615.1,133506.5,133506.5,740.4,2052.5,1854.6,21.14,89.95,-0.02,204.3,0.0,0.0,0.0,0.23,299167.2,-195199.0,651984.1,0.3791,0.113,1760.1,-0.08099,-58.37914,0.25,0,-1.0,-1.0,-1.0,-1.0,-1.0,0.0,0.0,0.0,0.0
1791663592.95,3414839.6,615.6,133876.6,133876.6,740.0,2052.4,1854.4,21.13,89.92,-0.01,204.23,0.0,0.0,0.0,0.23,299746.5,-194681.7,652532.4,0.3789,0.113,1762.4,-0.08089,-58.31275,0.26,0,-1.0,-1.0,-1.0,-1.0,-1.0,0.0,0.0,0.0,0.0
1791663593.45,3414840.1,616.1,134246.5,134246.5,739.5,2051.8,1853.7,21.13,89.91,-0.0,204.15,0.0,0.0,0.0,0.09,300048.3,-194412.5,652817.9,0.3787,0.113,1763.5,-0.08079,-58.24639,0.0,0,-1.0,-1.0,-1.0,-1.0,-1.0,0.0,0.0,0.0,0.0
1791663593.95,3414840.6,616.6,134630.8,134630.8,738.6,2050.6,1852.4,21.2,89.91,-0.0,204.08,0.0,0.0,0.0,0.0,300048.3,-194412.5,652817.9,0.3787,0.113,1763.5,-0.08068,-58.17746,0.0,0,-1.0,-1.0,-1.0,-1.0,-1.0,0.0,0.0,0.0,0.0
1791663594.45,3414841.1,617.1,134999.9,134999.9,737.9,2049.4,1851.1,21.24,89.92,-0.0,204.0,0.0,0.0,0.0,0.0,300048.3,-194412.5,652817.9,0.3787,0.113,1763.5,-0.08058,-58.11125,0.0,0,-1.0,-1.0,-1.0,-1.0,-1.0,0.0,0.0,0.0,0.0
1791663594.96,3414841.6,617.6,135353.9,135353.9,737.1,2048.3,1849.8,21.24,89.92,-0.0,203.93,0.0,0.0,0.0,0.0,300048.3,-194412.5,652817.9,0.3787,0.113,1763.5,-0.08048,-58.04777,0.0,0,-1.0,-1.0,-1.0,-1.0,-1.0,0.0,0.0,0.0,0.0
1791663595.46,3414842.1,618.1,135722.3,135722.3,736.3,2047.1,1848.5,21.24,89.93,-0.0,203.86,0.0,0.0,0.0,0.0,300048.3,-194412.5,652817.9,0.3787,0.113,1763.5,-0.08037,-57.98171,0.0,0,-1.0,-1.0,-1.0,-1.0,-1.0,0.0,0.0,0.0,0.0
1791663595.96,3414842.6,618.6,136090.2,136090.3,735.6,2045.9,1847.3,21.22,89.93,-0.0,203.78,0.0,0.0,0.0,0.0,300048.3,-194412.5,652817.9,0.3787,0.113,1763.5,-0.08027,-57.91572,0.0,0,-1.0,-1.0,-1.0,-1.0,-1.0,0.0,0.0,0.0,0.0
1791663596.46,3414843.1,619.1,136457.8,136457.8,734.8,2044.7,1846.0,21.2,89.93,-0.0,203.71,0.0,0.0,0.0,0.0,300048.3,-194412.5,652817.9,0.3787,0.113,1763.5,-0.08017,-57.84981,0.0,0,-1.0,-1.0,-1.0,-1.0,-1.0,0.0,0.0,0.0,0.0
1791663596.96,3414843.6,619.6,136825.0,136825.0,734.0,2043.6,1844.7,21.18,89.93,-0.0,203.63,0.0,0.0,0.0,0.0,300048.3,-194412.5,652817.9,0.3787,0.113,1763.5,-0.08007,-57.78397,0.0,0,-1.0,-1.0,-1.0,-1.0,-1.0,0.0,0.0,0.0,0.0
1791663597.46,3414844.1,620.1,137191.8,137191.8,733.2,2042.4,1843.4,21.16,89.93,0.0,203.56,0.0,0.0,0.0,0.0,300048.3,-194412.5,652817.9,0.3787,0.113,1763.5,-0.07996,-57.71821,0.0,0,-1.0,-1.0,-1.0,-1.0,-1.0,0.0,0.0,0.0,0.0
1791663597.97,3414844.6,620.6,137558.2,137558.2,732.4,2041.2,1842.1,21.15,89.93,0.0,203.48,0.0,0.0,0.0,0.0,300048.3,-194412.5,652817.9,0.3787,0.113,1763.5,-0.07986,-57.65252,0.0,0,-1.0,-1.0,-1.0,-1.0,-1.0,0.0,0.0,0.0,0.0
1791663598.47,3414845.1,621.1,137924.2,137924.2,731.6,2040.1,1840.9,21.13,89.93,0.0,203.41,0.0,0.0,0.0,0.0,300048.3,-194412.5,652817.9,0.3787,0.113,1763.5,-0.07976,-57.5869,0.0,0,-1.0,-1.0,-1.0,-1.0,-1.0,0.0,0.0,0.0,0.0
1791663598.97,3414845.6,621.6,138289.8,138289.8,730.8,2038.9,1839.6,21.11,89.92,0.01,203.34,0.0,0.0,0.0,0.0,300048.3,-194412.5,652817.9,0.3787,0.113,1763.5,-0.07965,-57.52136,0.0,0,-1.0,-1.0,-1.0,-1.0,-1.0,0.0,0.0,0.0,0.0
1791663599.47,3414846.1,622.1,138655.1,138655.1,730.1,2037.8,1838.3,21.1,89.92,0.01,203.26,0.0,0.0,0.0,0.0,300048.3,-194412.5,652817.9,0.3787,0.113,1763.5,-0.07955,-57.45589,0.0,0,-1.0,-1.0,-1.0,-1.0,-1.0,0.0,0.0,0.0,0.0
1791663599.97,3414846.6,622.6,139019.9,139019.9,729.3,2036.6,1837.0,21.08,89.92,0.01,203.19,0.0,0.0,0.0,0.0,300048.3,-194412.5,652817.9,0.3787,0.113,1763.5,-0.07945,-57.3905,0.0,0,-1.0,-1.0,-1.0,-1.0,-1.0,0.0,0.0,0.0,0.0
1791663600.47,3414847.1,623.1,139384.3,139384.3,728.5,2035.4,1835.8,21.06,89.91,0.01,203.12,0.0,0.0,0.0,0.0,300048.3,-194412.5,652817.9,0.3787,0.113,1763.5,-0.07934,-57.32517,0.0,0,-1.0,-1.0,-1.0,-1.0,-1.0,0.0,0.0,0.0,0.0
1791663600.98,3414847.6,623.6,139748.4,139748.4,727.7,2034.3,1834.5,21.05,89.91,0.01,203.04,0.0,0.0,0.0,0.0,300048.3,-194412.5,652817.9,0.3787,0.113,1763.5,-0.07924,-57.25992,0.0,0,-1.0,-1.0,-1.0,-1.0,-1.0,0.0,0.0,0.0,0.0
1791663601.48,3414848.1,624.1,140126.6,140126.6,726.9,2033.1,1833.2,21.03,89.91,0.01,202.97,0.0,0.0,0.0,0.0,300048.3,-194412.5,652817.9,0.3787,0.113,1763.5,-0.07913,-57.19214,0.0,0,-1.0,-1.0,-1.0,-1.0,-1.0,0.0,0.0,0.0,0.0
1791663601.98,3414848.6,624.6,140489.8,140489.8,726.1,2031.9,1831.9,21.02,89.91,0.0,202.89,0.0,0.0,0.0,0.0,300048.3,-194412.5,652817.9,0.3787,0.113,1763.5,-0.07903,-57.12703,0.0,0,-1.0,-1.0,-1.0,-1.0,-1.0,0.0,0.0,0.0,0.0
1791663602.48,3414849.1,625.2,140852.7,140852.7,725.3,2030.8,1830.7,21.0,89.91,-0.0,202.82,0.0,0.0,0.0,0.0,300048.3,-194412.5,652817.9,0.3787,0.113,1763.5,-0.07893,-57.062,0.0,0,-1.0,-1.0,-1.0,-1.0,-1.0,0.0,0.0,0.0,0.0
1791663602.98,3414849.6,625.7,141215.1,141215.1,724.5,2029.6,1829.4,20.99,89.91,-0.0,202.75,0.0,0.0,0.0,0.0,300048.3,-194412.5,652817.9,0.3787,0.113,1763.5,-0.07882,-56.99704,0.0,0,-1.0,-1.0,-1.0,-1.0,-1.0,0.0,0.0,0.0,0.0
1791663603.49,3414850.1,626.2,141577.2,141577.2,723.7,2028.5,1828.1,20.97,89.91,-0.01,202.67,0.0,0.0,0.0,0.0,300048.3,-194412.5,652817.9,0.3787,0.113,1763.5,-0.07872,-56.93215,0.0,0,-1.0,-1.0,-1.0,-1.0,-1.0,0.0,0.0,0.0,0.0
1791663603.99,3414850.6,626.7,141938.8,141938.8,722.9,2027.3,1826.9,20.96,89.92,-0.01,202.6,0.0,0.0,0.0,0.0,300048.3,-194412.5,652817.9,0.3787,0.113,1763.5,-0.07861,-56.86733,0.0,0,-1.0,-1.0,-1.0,-1.0,-1.0,0.0,0.0,0.0,0.0
1791663604.49,3414851.1,627.2,142300.1,142300.1,722.1,2026.2,1825.6,20.94,89.92,-0.01,202.53,0.0,0.0,0.0,0.0,300048.3,-194412.5,652817.9,0.3787,0.113,1763.5,-0.07851,-56.80259,0.0,0,-1.0,-1.0,-1.0,-1.0,-1.0,0.0,0.0,0.0,0.0
1791663604.99,3414851.6,627.7,142661.0,142661.0,721.4,2025.1,1824.4,20.93,89.93,-0.01,202.45,0.0,0.0,0.0,0.0,300048.3,-194412.5,652817.9,0.3787,0.113,1763.5,-0.07841,-56.73791,0.0,0,-1.0,-1.0,-1.0,-1.0,-1.0,0.0,0.0,0.0,0.0
1791663605.49,3414852.1,628.2,143021.5,143021.5,720.6,2023.9,1823.1,20.91,89.93,-0.01,202.38,0.0,0.0,0.0,0.0,300048.3,-194412.5,652817.9,0.3787,0.113,1763.5,-0.0783,-56.67331,0.0,0,-1.0,-1.0,-1.0,-1.0,-1.0,0.0,0.0,0.0,0.0
1791663605.99,3414852.6,628.7,143381.5,143381.5,719.8,2022.8,1821.9,20.9,89.93,-0.01,202.31,0.0,0.0,0.0,0.0,300048.3,-194412.5,652817.9,0.3787,0.113,1763.5,-0.0782,-56.60878,0.0,0,-1.0,-1.0,-1.0,-1.0,-1.0,0.0,0.0,0.0,0.0
1791663606.5,3414853.1,629.2,143741.2,143741.2,719.0,2021.7,1820.6,20.89,89.93,-0.01,202.23,0.0,0.0,0.0,0.0,300048.3,-194412.5,652817.9,0.3787,0.113,1763.5,-0.0781,-56.54431,0.0,0,-1.0,-1.0,-1.0,-1.0,-1.0,0.0,0.0,0.0,0.0
1791663607.0,3414853.6,629.7,144100.5,144100.5,718.2,2020.5,1819.4,20.87,89.93,-0.01,202.16,0.0,0.0,0.0,0.0,300048.3,-194412.5,652817.9,0.3787,0.113,1763.5,-0.07799,-56.47992,0.26,0,-1.0,-1.0,-1.0,-1.0,-1.0,0.0,0.0,0.0,0.0
1791663607.5,3414854.1,630.2,144459.4,144459.4,717.4,2019.4,1818.1,20.86,89.93,-0.0,202.09,0.0,0.0,0.0,0.0,300048.3,-194412.5,652817.9,0.3787,0.113,1763.5,-0.07789,-56.4156,0.0,0,-1.0,-1.0,-1.0,-1.0,-1.0,0.0,0.0,0.0,0.0
1791663608.0,3414854.6,630.7,144817.9,144817.9,716.6,2018.3,1816.9,20.85,89.92,0.0,202.01,0.0,0.0,0.0,0.0,300048.3,-194412.5,652817.9,0.3787,0.113,1763.5,-0.07779,-56.35135,0.0,0,-1.0,-1.0,-1.0,-1.0,-1.0,0.0,0.0,0.0,0.0
1791663608.5,3414855.1,631.2,145190.3,-1.0,715.8,2017.1,1815.6,20.84,89.92,0.01,201.94,0.0,0.0,0.0,0.0,300048.3,-194412.5,652817.9,0.3787,0.113,1763.5,-0.07768,-56.2846,0.0,0,-1.0,-1.0,-1.0,-1.0,-1.0,0.0,0.0,0.0,0.0
1791663609.0,3414855.6,631.7,145548.0,145548.0,715.0,2016.0,1814.3,20.82,89.92,0.01,201.87,0.0,0.0,0.0,0.0,300048.3,-194412.5,652817.9,0.3787,0.113,1763.5,-0.07757,-56.22049,0.0,0,-1.0,-1.0,-1.0,-1.0,-1.0,0.0,0.0,0.0,0.0
1791663609.5,3414856.1,632.2,145905.3,145905.3,714.2,2014.8,1813.1,20.81,89.91,0.01,201.8,0.0,0.0,0.0,0.0,300048.3,-194412.5,652817.9,0.3787,0.113,1763.5,-0.07747,-56.15645,0.0,0,-1.0,-1.0,-1.0,-1.0,-1.0,0.0,0.0,0.0,0.0
1791663610.01,3414856.6,632.7,146262.2,146262.2,713.4,2013.7,1811.9,20.8,89.91,0.01,201.72,0.0,0.0,0.0,0.0,300048.3,-194412.5,652817.9,0.3787,0.113,1763.5,-0.07737,-56.09248,0.0,0,-1.0,-1.0,-1.0,-1.0,-1.0,0.0,0.0,0.0,0.0
1791663610.51,3414857.1,633.2,146618.7,146618.7,712.6,2012.6,1810.6,20.78,89.91,0.01,201.65,0.0,0.0,0.0,0.0,300048.3,-194412.5,652817.9,0.3787,0.113,1763.5,-0.07726,-56.02858,0.0,0,-1.0,-1.0,-1.0,-1.0,-1.0,0.0,0.0,0.0,0.0
1791663611.02,3414857.6,633.7,146974.8,146974.8,711.8,2011.5,1809.4,20.77,89.91,0.01,201.58,0.0,0.0,0.0,0.0,300048.3,-194412.5,652817.9,0.3787,0.113,1763.5,-0.07716,-55.96474,0.0,0,-1.0,-1.0,-1.0,-1.0,-1.0,0.0,0.0,0.0,0.0
1791663611.52,3414858.1,634.2,147330.5,147330.5,711.0,2010.3,1808.2,20.75,89.91,0.0,201.5,0.0,0.0,0.0,0.0,300048.3,-194412.5,652817.9,0.3787,0.113,1763.5,-0.07706,-55.90098,0.0,0,-1.0,-1.0,-1.0,-1.0,-1.0,0.0,0.0,0.0,0.0
1791663612.02,3414858.5,634.7,147614.8,147614.8,710.4,2009.4,1807.2,20.74,89.91,-0.0,201.45,0.0,0.0,0.0,0.0,300048.3,-194412.5,652817.9,0.3787,0.113,1763.5,-0.07697,-55.85002,0.0,0,-1.0,-1.0,-1.0,-1.0,-1.0,0.0,0.0,0.0,0.0
1791663612.52,3414859.0,635.2,147969.7,147969.8,709.6,2008.3,1806.0,20.73,89.91,-0.0,201.38,0.0,0.0,0.0,0.0,300048.3,-194412.5,652817.9,0.3787,0.113,1763.5,-0.07687,-55.78637,0.0,0,-1.0,-1.0,-1.0,-1.0,-1.0,0.0,0.0,0.0,0.0
1791663613.02,3414859.5,635.7,148324.3,148324.3,708.8,2007.2,1804.7,20.71,89.91,-0.01,201.31,0.0,0.0,0.0,0.0,300048.3,-194412.5,652817.9,0.3787,0.113,1763.5,-0.07676,-55.7228,0.0,0,-1.0,-1.0,-1.0,-1.0,-1.0,0.0,0.0,0.0,0.0
1791663613.52,3414860.0,636.2,148678.5,148678.5,708.0,2006.1,1803.5,20.69,89.92,-0.01,201.23,0.0,0.0,0.0,0.0,300048.3,-194412.5,652817.9,0.3787,0.113,1763.5,-0.07666,-55.6593,0.0,0,-1.0,-1.0,-1.0,-1.0,-1.0,0.0,0.0,0.0,0.0
1791663614.03,3414860.5,636.7,149032.3,149032.3,707.2,2005.0,1802.3,20.67,89.92,-0.01,201.16,0.0,0.0,0.0,0.0,300048.3,-194412.5,652817.9,0.3787,0.113,1763.5,-0.07656,-55.59586,0.0,0,-1.0,-1.0,-1.0,-1.0,-1.0,0.0,0.0,0.0,0.0
1791663614.53,3414861.0,637.2,149385.7,149385.7,706.4,2003.9,1801.1,20.66,89.93,-0.01,201.09,0.0,0.0,0.0,0.0,300048.3,-194412.5,652817.9,0.3787,0.113,1763.5,-0.07645,-55.53249,0.0,0,-1.0,-1.0,-1.0,-1.0,-1.0,0.0,0.0,0.0,0.0
1791663615.03,3414861.5,637.7,149738.7,149738.7,705.6,2002.8,1799.8,20.64,89.93,-0.01,201.02,0.0,0.0,0.0,0.0,300048.3,-194412.5,652817.9,0.3787,0.113,1763.5,-0.07635,-55.46919,0.0,0,-1.0,-1.0,-1.0,-1.0,-1.0,0.0,0.0,0.0,0.0
1791663615.53,3414862.0,638.2,150091.3,150091.3,704.8,2001.7,1798.6,20.63,89.93,-0.0,200.95,0.0,0.0,0.0,0.0,300048.3,-194412.5,652817.9,0.3787,0.113,1763.5,-0.07624,-55.40596,0.0,0,-1.0,-1.0,-1.0,-1.0,-1.0,0.0,0.0,0.0,0.0
1791663616.03,3414862.5,638.7,150443.5,150443.5,704.0,2000.6,1797.4,20.61,89.93,0.0,200.87,0.0,0.0,0.0,0.0,300048.3,-194412.5,652817.9,0.3787,0.113,1763.5,-0.07614,-55.34279,0.26,0,-1.0,-1.0,-1.0,-1.0,-1.0,0.0,0.0,0.0,0.0
1791663616.53,3414863.0,639.2,150795.3,150795.3,703.2,1999.5,1796.2,20.6,89.93,0.0,200.8,0.0,0.0,0.0,0.0,300048.3,-194412.5,652817.9,0.3787,0.113,1763.5,-0.07604,-55.27969,0.0,0,-1.0,-1.0,-1.0,-1.0,-1.0,0.0,0.0,0.0,0.0
1791663617.04,3414863.5,639.7,151160.7,151160.7,702.4,1998.3,1794.9,20.59,89.92,0.01,200.73,0.0,0.0,0.0,0.0,300048.3,-194412.5,652817.9,0.3787,0.113,1763.5,-0.07593,-55.21414,0.0,0,-1.0,-1.0,-1.0,-1.0,-1.0,0.0,0.0,0.0,0.0
1791663617.54,3414864.0,640.2,151469.6,151469.6,701.7,1997.3,1793.9,20.58,89.92,0.01,200.66,0.0,0.0,0.0,0.0,300048.3,-194412.5,652817.9,0.3787,0.113,1763.5,-0.07584,-55.15873,0.0,0,-1.0,-1.0,-1.0,-1.0,-1.0,0.0,0.0,0.0,0.0
1791663618.04,3414864.5,640.7,151820.2,151820.2,700.8,1996.3,1792.6,20.57,89.92,0.01,200.6,0.0,0.0,0.0,0.0,300048.3,-194412.5,652817.9,0.3787,0.113,1763.5,-0.07573,-55.09582,0.0,0,-1.0,-1.0,-1.0,-1.0,-1.0,0.0,0.0,0.0,0.0
1791663618.54,3414865.0,641.2,152170.4,152170.4,700.0,1995.2,1791.4,20.56,89.91,0.01,200.53,0.0,0.0,0.0,0.0,300048.3,-194412.5,652817.9,0.3787,0.113,1763.5,-0.07563,-55.03298,0.0,0,-1.0,-1.0,-1.0,-1.0,-1.0,0.0,0.0,0.0,0.0
1791663619.05,3414865.5,641.7,152520.3,152520.3,699.2,1994.1,1790.2,20.55,89.91,0.0,200.45,0.0,0.0,0.0,0.0,300048.3,-194412.5,652817.9,0.3787,0.113,1763.5,-0.07552,-54.97021,0.26,0,-1.0,-1.0,-1.0,-1.0,-1.0,0.0,0.0,0.0,0.0
1791663619.55,3414866.0,642.2,152869.7,152869.7,698.4,1993.0,1789.0,20.54,89.91,0.0,200.38,0.0,0.0,0.0,0.0,300048.3,-194412.5,652817.9,0.3787,0.113,1763.5,-0.07542,-54.9075,0.0,0,-1.0,-1.0,-1.0,-1.0,-1.0,0.0,0.0,0.0,0.0
1791663620.05,3414866.5,642.7,153218.7,153218.7,697.6,1991.9,1787.8,20.53,89.91,-0.0,200.31,0.0,0.0,0.0,0.0,300048.3,-194412.5,652817.9,0.3787,0.113,1763.5,-0.07532,-54.84486,0.0,0,-1.0,-1.0,-1.0,-1.0,-1.0,0.0,0.0,0.0,0.0
1791663620.56,3414867.0,643.2,153581.3,153581.3,696.8,1990.7,1786.6,20.51,89.91,-0.0,200.24,0.0,0.0,0.0,0.0,300048.3,-194412.5,652817.9,0.3787,0.113,1763.5,-0.07521,-54.77979,0.0,0,-1.0,-1.0,-1.0,-1.0,-1.0,0.0,0.0,0.0,0.0
1791663621.06,3414867.5,643.7,153929.5,153929.5,696.0,1989.7,1785.4,20.5,89.91,-0.01,200.17,0.0,0.0,0.0,0.0,300048.3,-194412.5,652817.9,0.3787,0.113,1763.5,-0.0751,-54.71728,0.0,0,-1.0,-1.0,-1.0,-1.0,-1.0,0.0,0.0,0.0,0.0
1791663621.56,3414868.0,644.2,154277.3,154277.3,695.2,1988.6,1784.2,20.49,89.91,-0.01,200.1,0.0,0.0,0.0,0.0,300048.3,-194412.5,652817.9,0.3787,0.113,1763.5,-0.075,-54.65484,0.0,0,-1.0,-1.0,-1.0,-1.0,-1.0,0.0,0.0,0.0,0.0
1791663622.06,3414868.5,644.7,154624.7,154624.7,694.4,1987.5,1783.0,20.47,89.91,-0.01,200.03,0.0,0.0,0.0,0.0,300048.3,-194412.5,652817.9,0.3787,0.113,1763.5,-0.07489,-54.59246,0.0,0,-1.0,-1.0,-1.0,-1.0,-1.0,0.0,0.0,0.0,0.0
1791663622.56,3414869.0,645.2,154971.7,154971.7,693.6,1986.4,1781.8,20.46,89.92,-0.01,199.96,0.0,0.0,0.0,0.0,300048.3,-194412.5,652817.9,0.3787,0.113,1763.5,-0.07479,-54.53015,0.0,0,-1.0,-1.0,-1.0,-1.0,-1.0,0.0,0.0,0.0,0.0
1791663623.06,3414869.5,645.7,155318.3,155318.3,692.8,1985.3,1780.6,20.44,89.92,-0.01,199.88,0.0,0.0,0.0,0.0,300048.3,-194412.5,652817.9,0.3787,0.113,1763.5,-0.07469,-54.46791,0.0,0,-1.0,-1.0,-1.0,-1.0,-1.0,0.0,0.0,0.0,0.0
1791663623.57,3414870.0,646.2,155664.5,155664.5,692.0,1984.2,1779.4,20.43,89.92,-0.01,199.81,0.0,0.0,0.0,0.0,300048.3,-194412.5,652817.9,0.3787,0.113,1763.5,-0.07458,-54.40573,0.0,0,-1.0,-1.0,-1.0,-1.0,-1.0,0.0,0.0,0.0,0.0
1791663624.07,3414870.5,646.7,156010.3,156010.3,691.2,1983.2,1778.2,20.41,89.93,-0.01,199.74,0.0,0.0,0.0,0.0,300048.3,-194412.5,652817.9,0.3787,0.113,1763.5,-0.07448,-54.34361,0.0,0,-1.0,-1.0,-1.0,-1.0,-1.0,0.0,0.0,0.0,0.0
1791663624.57,3414871.0,647.2,156355.7,156355.7,690.4,1982.1,1777.0,20.39,89.93,-0.0,199.67,0.0,0.0,0.0,0.0,300048.3,-194412.5,652817.9,0.3787,0.113,1763.5,-0.07437,-54.28156,0.0,0,-1.0,-1.0,-1.0,-1.0,-1.0,0.0,0.0,0.0,0.0
1791663625.07,3414871.5,647.7,156700.7,156700.7,689.6,1981.0,1775.8,20.37,89.93,-0.0,199.6,0.0,0.0,0.0,0.0,300048.3,-194412.5,652817.9,0.3787,0.113,1763.5,-0.07427,-54.21957,0.0,0,-1.0,-1.0,-1.0,-1.0,-1.0,0.0,0.0,0.0,0.0
1791663625.58,3414872.0,648.2,157045.2,157045.3,688.8,1979.9,1774.7,20.36,89.92,0.0,199.53,0.0,0.0,0.0,0.0,300048.3,-194412.5,652817.9,0.3787,0.113,1763.5,-0.07416,-54.15765,0.0,0,-1.0,-1.0,-1.0,-1.0,-1.0,0.0,0.0,0.0,0.0
1791663626.08,3414872.5,648.7,157389.4,157389.4,688.0,1978.9,1773.5,20.34,89.92,0.01,199.46,0.0,0.0,0.0,0.0,300048.3,-194412.5,652817.9,0.3787,0.113,1763.5,-0.07406,-54.09579,0.0,0,-1.0,-1.0,-1.0,-1.0,-1.0,0.0,0.0,0.0,0.0
1791663626.58,3414873.0,649.2,157733.2,157733.2,687.2,1977.8,1772.3,20.33,89.92,0.01,199.39,0.0,0.0,0.0,0.0,300048.3,-194412.5,652817.9,0.3787,0.113,1763.5,-0.07396,-54.03399,0.0,0,-1.0,-1.0,-1.0,-1.0,-1.0,0.0,0.0,0.0,0.0
1791663627.08,3414873.5,649.8,158076.6,158076.6,686.4,1976.7,1771.1,20.32,89.91,0.01,199.32,0.0,0.0,0.0,0.0,300048.3,-194412.5,652817.9,0.3787,0.113,1763.5,-0.07385,-53.97226,0.0,0,-1.0,-1.0,-1.0,-1.0,-1.0,0.0,0.0,0.0,0.0
1791663627.58,3414874.0,650.3,158419.6,158419.6,685.6,1975.7,1769.9,20.31,89.91,0.01,199.25,0.0,0.0,0.0,0.0,300048.3,-194412.5,652817.9,0.3787,0.113,1763.5,-0.07375,-53.91059,0.0,0,-1.0,-1.0,-1.0,-1.0,-1.0,0.0,0.0,0.0,0.0
1791663628.09,3414874.5,650.8,158775.8,158775.8,684.7,1974.6,1768.7,20.29,89.91,0.01,199.18,0.0,0.0,0.0,0.0,300048.3,-194412.5,652817.9,0.3787,0.113,1763.5,-0.07364,-53.84652,0.0,0,-1.0,-1.0,-1.0,-1.0,-1.0,0.0,0.0,0.0,0.0
1791663628.59,3414875.0,651.3,159118.0,159118.0,683.9,1973.5,1767.5,20.28,89.9,0.0,199.11,0.0,0.0,0.0,0.0,300048.3,-194412.5,652817.9,0.3787,0.113,1763.5,-0.07353,-53.78498,0.0,0,-1.0,-1.0,-1.0,-1.0,-1.0,0.0,0.0,0.0,0.0
1791663629.09,3414875.5,651.8,159459.7,159459.8,683.1,1972.4,1766.4,20.27,89.9,0.0,199.04,0.0,0.0,0.0,0.0,300048.3,-194412.5,652817.9,0.3787,0.113,1763.5,-0.07343,-53.7235,0.0,0,-1.0,-1.0,-1.0,-1.0,-1.0,0.0,0.0,0.0,0.0
1791663629.59,3414876.0,652.3,159801.1,159801.1,682.3,1971.4,1765.2,20.26,89.9,-0.0,198.97,0.0,0.0,0.0,0.0,300048.3,-194412.5,652817.9,0.3787,0.113,1763.5,-0.07332,-53.66209,0.0,0,-1.0,-1.0,-1.0,-1.0,-1.0,0.0,0.0,0.0,0.0
1791663630.09,3414876.5,652.8,160142.0,160142.0,681.5,1970.3,1764.0,20.25,89.9,-0.0,198.9,0.0,0.0,0.0,0.0,300048.3,-194412.5,652817.9,0.3787,0.113,1763.5,-0.07322,-53.60074,0.0,0,-1.0,-1.0,-1.0,-1.0,-1.0,0.0,0.0,0.0,0.0
1791663630.59,3414877.0,653.3,160482.6,160482.6,680.7,1969.3,1762.9,20.24,89.91,-0.01,198.83,0.0,0.0,0.0,0.0,300048.3,-194412.5,652817.9,0.3787,0.113,1763.5,-0.07312,-53.53945,0.0,0,-1.0,-1.0,-1.0,-1.0,-1.0,0.0,0.0,0.0,0.0
1791663631.1,3414877.5,653.8,160822.7,160822.7,679.9,1968.2,1761.7,20.23,89.91,-0.01,198.76,0.0,0.0,0.0,0.0,300048.3,-194412.5,652817.9,0.3787,0.113,1763.5,-0.07301,-53.47822,0.0,0,-1.0,-1.0,-1.0,-1.0,-1.0,0.0,0.0,0.0,0.0
1791663631.6,3414878.0,654.3,161162.4,161162.4,679.1,1967.2,1760.5,20.21,89.91,-0.01,198.69,0.0,0.0,0.0,0.0,300048.3,-194412.5,652817.9,0.3787,0.113,1763.5,-0.07291,-53.41705,0.0,0,-1.0,-1.0,-1.0,-1.0,-1.0,0.0,0.0,0.0,0.0
1791663632.1,3414878.5,654.8,161501.8,161501.8,678.2,1966.1,1759.4,20.2,89.92,-0.01,198.62,0.0,0.0,0.0,0.0,300048.3,-194412.5,652817.9,0.3787,0.113,1763.5,-0.0728,-53.35595,0.0,0,-1.0,-1.0,-1.0,-1.0,-1.0,0.0,0.0,0.0,0.0
1791663632.6,3414879.0,655.3,161840.7,161840.7,677.4,1965.1,1758.2,20.18,89.92,-0.01,198.55,0.0,0.0,0.0,0.0,300048.3,-194412.5,652817.9,0.3787,0.113,1763.5,-0.0727,-53.29491,0.0,0,-1.0,-1.0,-1.0,-1.0,-1.0,0.0,0.0,0.0,0.0
1791663633.11,3414879.5,655.8,162192.7,162192.7,676.6,1964.0,1757.0,20.17,89.92,-0.01,198.48,0.0,0.0,0.0,0.0,300048.3,-194412.5,652817.9,0.3787,0.113,1763.5,-0.07259,-53.23149,0.0,0,-1.0,-1.0,-1.0,-1.0,-1.0,0.0,0.0,0.0,0.0
1791663633.61,3414879.9,656.3,162436.2,162436.2,676.0,1963.2,1756.2,20.15,89.92,-0.01,198.43,0.0,0.0,0.0,0.0,300048.3,-194412.5,652817.9,0.3787,0.113,1763.5,-0.07251,-53.18763,0.0,0,-1.0,-1.0,-1.0,-1.0,-1.0,0.0,0.0,0.0,0.0
1791663634.11,3414880.4,656.8,162774.0,162774.0,675.2,1962.2,1755.0,20.14,89.92,-0.0,198.36,0.0,0.0,0.0,0.0,300048.3,-194412.5,652817.9,0.3787,0.113,1763.5,-0.07241,-53.12676,0.0,0,-1.0,-1.0,-1.0,-1.0,-1.0,0.0,0.0,0.0,0.0
1791663634.61,3414880.9,657.3,163111.4,163111.4,674.4,1961.1,1753.9,20.12,89.92,-0.0,198.29,0.0,0.0,0.0,0.0,300048.3,-194412.5,652817.9,0.3787,0.113,1763.5,-0.0723,-53.06595,0.0,0,-1.0,-1.0,-1.0,-1.0,-1.0,0.0,0.0,0.0,0.0
1791663635.12,3414881.4,657.8,163461.9,163461.9,673.6,1960.0,1752.7,20.1,89.92,0.0,198.22,0.0,0.0,0.0,0.0,300048.3,-194412.5,652817.9,0.3787,0.113,1763.5,-0.07219,-53.00277,0.0,0,-1.0,-1.0,-1.0,-1.0,-1.0,0.0,0.0,0.0,0.0
1791663635.62,3414881.9,658.3,163798.5,163798.5,672.7,1959.0,1751.5,20.08,89.92,0.01,198.15,0.0,0.0,0.0,0.0,300048.3,-194412.5,652817.9,0.3787,0.113,1763.5,-0.07209,-52.94208,0.0,0,-1.0,-1.0,-1.0,-1.0,-1.0,0.0,0.0,0.0,0.0
1791663636.12,3414882.4,658.8,164107.7,164107.8,672.0,1958.0,1750.5,20.07,89.92,0.01,198.09,0.0,0.0,0.0,0.0,300048.3,-194412.5,652817.9,0.3787,0.113,1763.5,-0.07199,-52.88631,0.0,0,-1.0,-1.0,-1.0,-1.0,-1.0,0.0,0.0,0.0,0.0
1791663636.62,3414882.8,659.3,164403.3,164403.3,671.3,1957.1,1749.4,20.05,89.91,0.01,198.03,0.0,0.0,0.0,0.0,300048.3,-194412.5,652817.9,0.3787,0.113,1763.5,-0.0719,-52.833,0.0,0,-1.0,-1.0,-1.0,-1.0,-1.0,0.0,0.0,0.0,0.0
1791663637.12,3414883.3,659.8,164738.7,164738.7,670.5,1956.1,1748.3,20.04,89.91,0.01,197.96,0.0,0.0,0.0,0.0,300048.3,-194412.5,652817.9,0.3787,0.113,1763.5,-0.0718,-52.77249,0.0,0,-1.0,-1.0,-1.0,-1.0,-1.0,0.0,0.0,0.0,0.0
1791663637.63,3414883.8,660.3,165073.7,165073.7,669.7,1955.1,1747.2,20.03,89.9,0.01,197.89,0.0,0.0,0.0,0.0,300048.3,-194412.5,652817.9,0.3787,0.113,1763.5,-0.07169,-52.71203,0.0,0,-1.0,-1.0,-1.0,-1.0,-1.0,0.0,0.0,0.0,0.0
1791663638.13,3414884.3,660.8,165408.4,165408.4,668.8,1954.0,1746.0,20.01,89.9,0.01,197.82,0.0,0.0,0.0,0.0,300048.3,-194412.5,652817.9,0.3787,0.113,1763.5,-0.07159,-52.65164,0.0,0,-1.0,-1.0,-1.0,-1.0,-1.0,0.0,0.0,0.0,0.0
1791663638.63,3414884.8,661.3,165742.6,165742.6,668.0,1953.0,1744.9,20.0,89.9,0.0,197.75,0.0,0.0,0.0,0.0,300048.3,-194412.5,652817.9,0.3787,0.113,1763.5,-0.07148,-52.5913,0.26,0,-1.0,-1.0,-1.0,-1.0,-1.0,0.0,0.0,0.0,0.0
1791663639.13,3414885.3,661.8,166076.4,166076.4,667.2,1952.0,1743.7,19.99,89.9,-0.0,197.68,0.0,0.0,0.0,0.0,300048.3,-194412.5,652817.9,0.3787,0.113,1763.5,-0.07138,-52.53103,0.0,0,-1.0,-1.0,-1.0,-1.0,-1.0,0.0,0.0,0.0,0.0
1791663639.64,3414885.8,662.3,166423.1,166423.1,666.4,1950.9,1742.5,19.98,89.9,-0.0,197.61,0.0,0.0,0.0,0.0,300048.3,-194412.5,652817.9,0.3787,0.113,1763.5,-0.07127,-52.4684,0.0,0,-1.0,-1.0,-1.0,-1.0,-1.0,0.0,0.0,0.0,0.0
1791663640.14,3414886.3,662.8,166756.1,166756.1,665.6,1949.9,1741.4,19.97,89.91,-0.01,197.54,0.0,0.0,0.0,0.0,300048.3,-194412.5,652817.9,0.3787,0.113,1763.5,-0.07116,-52.40825,0.0,0,-1.0,-1.0,-1.0,-1.0,-1.0,0.0,0.0,0.0,0.0
1791663640.64,3414886.8,663.3,167088.7,167088.7,664.8,1948.9,1740.3,19.96,89.91,-0.01,197.48,0.0,0.0,0.0,0.0,300048.3,-194412.5,652817.9,0.3787,0.113,1763.5,-0.07106,-52.34815,0.0,0,-1.0,-1.0,-1.0,-1.0,-1.0,0.0,0.0,0.0,0.0
1791663641.14,3414887.3,663.8,167420.9,167420.9,663.9,1947.8,1739.1,19.94,89.91,-0.01,197.41,0.0,0.0,0.0,0.0,300048.3,-194412.5,652817.9,0.3787,0.113,1763.5,-0.07095,-52.28812,0.0,0,-1.0,-1.0,-1.0,-1.0,-1.0,0.0,0.0,0.0,0.0
1791663641.64,3414887.8,664.3,167752.6,167752.6,663.1,1946.8,1738.0,19.93,89.92,-0.01,197.34,0.0,0.0,0.0,0.0,300048.3,-194412.5,652817.9,0.3787,0.113,1763.5,-0.07085,-52.22814,0.0,0,-1.0,-1.0,-1.0,-1.0,-1.0,0.0,0.0,0.0,0.0
1791663642.15,3414888.3,664.8,168084.0,168084.0,662.3,1945.8,1736.9,19.92,89.92,-0.01,197.27,0.0,0.0,0.0,0.0,300048.3,-194412.5,652817.9,0.3787,0.113,1763.5,-0.07074,-52.16823,0.0,0,-1.0,-1.0,-1.0,-1.0,-1.0,0.0,0.0,0.0,0.0
1791663642.65,3414888.8,665.3,168414.9,168414.9,661.5,1944.8,1735.8,19.9,89.92,-0.01,197.2,0.0,0.0,0.0,0.0,300048.3,-194412.5,652817.9,0.3787,0.113,1763.5,-0.07064,-52.10837,0.0,0,-1.0,-1.0,-1.0,-1.0,-1.0,0.0,0.0,0.0,0.0
1791663643.15,3414889.3,665.8,168745.5,168745.5,660.7,1943.8,1734.6,19.88,89.92,-0.01,197.13,0.0,0.0,0.0,0.0,300048.3,-194412.5,652817.9,0.3787,0.113,1763.5,-0.07054,-52.04857,0.0,0,-1.0,-1.0,-1.0,-1.0,-1.0,0.0,0.0,0.0,0.0
1791663643.65,3414889.9,666.3,169075.6,169075.6,659.9,1942.7,1733.5,19.87,89.92,-0.0,197.06,0.0,0.0,0.0,0.0,300048.3,-194412.5,652817.9,0.3787,0.113,1763.5,-0.07043,-51.98883,0.0,0,-1.0,-1.0,-1.0,-1.0,-1.0,0.0,0.0,0.0,0.0
1791663644.15,3414890.4,666.8,169405.4,169405.4,659.1,1941.7,1732.4,19.85,89.92,-0.0,197.0,0.0,0.0,0.0,0.0,300048.3,-194412.5,652817.9,0.3787,0.113,1763.5,-0.07033,-51.92915,0.0,0,-1.0,-1.0,-1.0,-1.0,-1.0,0.0,0.0,0.0,0.0
1791663644.65,3414890.9,667.3,169734.7,169734.7,658.2,1940.7,1731.3,19.83,89.92,0.0,196.93,0.0,0.0,0.0,0.0,300048.3,-194412.5,652817.9,0.3787,0.113,1763.5,-0.07022,-51.86952,0.0,0,-1.0,-1.0,-1.0,-1.0,-1.0,0.0,0.0,0.0,0.0
1791663645.16,3414891.3,667.8,170063.6,170063.6,657.4,1939.7,1730.1,19.81,89.92,0.01,196.86,0.0,0.0,0.0,0.0,300048.3,-194412.5,652817.9,0.3787,0.113,1763.5,-0.07012,-51.80996,0.0,0,-1.0,-1.0,-1.0,-1.0,-1.0,0.0,0.0,0.0,0.0
1791663645.66,3414891.8,668.3,170392.1,170392.1,656.6,1938.7,1729.0,19.79,89.91,0.01,196.8,0.0,0.0,0.0,0.0,300048.3,-194412.5,652817.9,0.3787,0.113,1763.5,-0.07001,-51.75045,0.0,0,-1.0,-1.0,-1.0,-1.0,-1.0,0.0,0.0,0.0,0.0
1791663646.16,3414892.4,668.8,170720.2,170720.2,655.8,1937.7,1727.9,19.78,89.91,0.01,196.72,0.0,0.0,0.0,0.0,300048.3,-194412.5,652817.9,0.3787,0.113,1763.5,-0.06991,-51.691,0.0,0,-1.0,-1.0,-1.0,-1.0,-1.0,0.0,0.0,0.0,0.0
1791663646.66,3414892.9,669.3,171061.0,171061.0,654.9,1936.6,1726.7,19.76,89.9,0.01,196.66,0.0,0.0,0.0,0.0,300048.3,-194412.5,652817.9,0.3787,0.113,1763.5,-0.0698,-51.62923,0.0,0,-1.0,-1.0,-1.0,-1.0,-1.0,0.0,0.0,0.0,0.0
1791663647.16,3414893.4,669.8,171388.3,171388.3,654.1,1935.6,1725.6,19.75,89.9,0.01,196.59,0.0,0.0,0.0,0.0,300048.3,-194412.5,652817.9,0.3787,0.113,1763.5,-0.06969,-51.5699,0.0,0,-1.0,-1.0,-1.0,-1.0,-1.0,0.0,0.0,0.0,0.0
1791663647.66,3414893.9,670.3,171715.1,171715.1,653.3,1934.6,1724.5,19.73,89.9,0.01,196.52,0.0,0.0,0.0,0.0,300048.3,-194412.5,652817.9,0.3787,0.113,1763.5,-0.06959,-51.51063,0.0,0,-1.0,-1.0,-1.0,-1.0,-1.0,0.0,0.0,0.0,0.0
1791663648.17,3414894.4,670.8,172041.6,172041.6,652.5,1933.6,1723.4,19.72,89.9,0.0,196.45,0.0,0.0,0.0,0.0,300048.3,-194412.5,652817.9,0.3787,0.113,1763.5,-0.06948,-51.45141,0.0,0,-1.0,-1.0,-1.0,-1.0,-1.0,0.0,0.0,0.0,0.0
1791663648.67,3414894.9,671.3,172367.6,172367.6,651.7,1932.6,1722.3,19.71,89.9,-0.0,196.39,0.0,0.0,0.0,0.0,300048.3,-194412.5,652817.9,0.3787,0.113,1763.5,-0.06938,-51.39225,0.0,0,-1.0,-1.0,-1.0,-1.0,-1.0,0.0,0.0,0.0,0.0
1791663649.17,3414895.4,671.8,172693.2,172693.2,650.9,1931.6,1721.2,19.7,89.9,-0.01,196.32,0.0,0.0,0.0,0.0,300048.3,-194412.5,652817.9,0.3787,0.113,1763.5,-0.06927,-51.33314,0.0,0,-1.0,-1.0,-1.0,-1.0,-1.0,0.0,0.0,0.0,0.0
1791663649.67,3414895.9,672.3,173018.5,173018.5,650.0,1930.6,1720.1,19.69,89.91,-0.01,196.25,0.0,0.0,0.0,0.0,300048.3,-194412.5,652817.9,0.3787,0.113,1763.5,-0.06917,-51.2741,0.26,0,-1.0,-1.0,-1.0,-1.0,-1.0,0.0,0.0,0.0,0.0
1791663650.17,3414896.4,672.8,173343.3,173343.3,649.2,1929.7,1719.0,19.68,89.91,-0.01,196.18,0.0,0.0,0.0,0.0,300048.3,-194412.5,652817.9,0.3787,0.113,1763.5,-0.06906,-51.2151,0.0,0,-1.0,-1.0,-1.0,-1.0,-1.0,0.0,0.0,0.0,0.0
1791663650.67,3414896.9,673.3,173667.7,173667.7,648.4,1928.7,1717.9,19.66,89.91,-0.01,196.11,0.0,0.0,0.0,0.0,300048.3,-194412.5,652817.9,0.3787,0.113,1763.5,-0.06896,-51.15617,0.0,0,-1.0,-1.0,-1.0,-1.0,-1.0,0.0,0.0,0.0,0.0
1791663651.18,3414897.4,673.8,174004.6,174004.6,647.6,1927.6,1716.7,19.65,89.92,-0.01,196.05,0.0,0.0,0.0,0.0,300048.3,-194412.5,652817.9,0.3787,0.113,1763.5,-0.06885,-51.09494,0.0,0,-1.0,-1.0,-1.0,-1.0,-1.0,0.0,0.0,0.0,0.0
1791663651.68,3414897.9,674.3,174315.3,174315.3,646.8,1926.7,1715.7,19.63,89.92,-0.01,195.98,0.0,0.0,0.0,0.0,300048.3,-194412.5,652817.9,0.3787,0.113,1763.5,-0.06875,-51.03847,0.0,0,-1.0,-1.0,-1.0,-1.0,-1.0,0.0,0.0,0.0,0.0
1791663652.18,3414898.4,674.9,174638.5,174638.5,646.0,1925.7,1714.6,19.61,89.92,-0.01,195.92,0.0,0.0,0.0,0.0,300048.3,-194412.5,652817.9,0.3787,0.113,1763.5,-0.06864,-50.97971,0.0,0,-1.0,-1.0,-1.0,-1.0,-1.0,0.0,0.0,0.0,0.0
1791663652.68,3414898.8,675.4,174948.3,174948.3,645.2,1924.7,1713.5,19.6,89.92,-0.01,195.85,0.0,0.0,0.0,0.0,300048.3,-194412.5,652817.9,0.3787,0.113,1763.5,-0.06854,-50.92334,0.0,0,-1.0,-1.0,-1.0,-1.0,-1.0,0.0,0.0,0.0,0.0
1791663653.18,3414899.4,675.9,175270.7,175270.7,644.3,1923.8,1712.4,19.58,89.92,-0.0,195.78,0.0,0.0,0.0,0.0,300048.3,-194412.5,652817.9,0.3787,0.113,1763.5,-0.06844,-50.86469,0.0,0,-1.0,-1.0,-1.0,-1.0,-1.0,0.0,0.0,0.0,0.0
1791663653.81,3414899.8,676.5,175592.7,175592.7,643.5,1922.8,1711.4,19.56,89.92,0.0,195.72,0.0,0.0,0.0,0.0,300048.3,-194412.5,652817.9,0.3787,0.113,1763.5,-0.06833,-50.80609,0.0,0,-1.0,-1.0,-1.0,-1.0,-1.0,0.0,0.0,0.0,0.0
1791663654.31,3414900.0,677.0,175708.5,175708.5,643.2,1922.4,1711.0,19.55,89.92,0.0,195.69,0.0,0.0,0.0,0.0,300048.3,-194412.5,652817.9,0.3787,0.113,1763.5,-0.06829,-50.78501,0.0,0,-1.0,-1.0,-1.0,-1.0,-1.0,0.0,0.0,0.0,0.0
1791663654.81,3414900.0,677.5,175708.5,175708.5,643.2,1922.4,1711.0,19.55,89.92,0.0,195.69,0.0,0.0,0.0,0.0,300048.3,-194412.5,652817.9,0.3787,0.113,1763.5,-0.06829,-50.78501,0.0,0,-1.0,-1.0,-1.0,-1.0,-1.0,0.0,0.0,0.0,0.0
1791663655.31,3414900.1,678.0,175734.2,175734.2,643.2,1922.3,1710.9,19.55,89.92,0.0,195.69,0.0,0.0,0.0,0.0,300048.3,-194412.5,652817.9,0.3787,0.113,1763.5,-0.06828,-50.78032,0.0,0,-1.0,-1.0,-1.0,-1.0,-1.0,0.0,0.0,0.0,0.0
1791663655.81,3414900.1,678.5,175734.2,175734.2,643.2,1922.3,1710.9,19.55,89.92,0.0,195.69,0.0,0.0,0.0,0.0,300048.3,-194412.5,652817.9,0.3787,0.113,1763.5,-0.06828,-50.78032,0.0,0,-1.0,-1.0,-1.0,-1.0,-1.0,0.0,0.0,0.0,0.0
1791663656.32,3414900.1,679.0,175759.9,175759.9,643.1,1922.3,1710.8,19.55,89.92,0.0,195.68,0.0,0.0,0.0,0.0,300048.3,-194412.5,652817.9,0.3787,0.113,1763.5,-0.06828,-50.77564,0.0,0,-1.0,-1.0,-1.0,-1.0,-1.0,0.0,0.0,0.0,0.0
1791663656.82,3414900.1,679.5,175759.9,175759.9,643.1,1922.3,1710.8,19.55,89.92,0.0,195.68,0.0,0.0,0.0,0.0,300048.3,-194412.5,652817.9,0.3787,0.113,1763.5,-0.06828,-50.77564,0.0,0,-1.0,-1.0,-1.0,-1.0,-1.0,0.0,0.0,0.0,0.0
1791663657.32,3414900.1,680.0,175785.7,175785.7,643.0,1922.2,1710.7,19.55,89.92,0.0,195.68,0.0,0.0,0.0,0.0,300048.3,-194412.5,652817.9,0.3787,0.113,1763.5,-0.06827,-50.77095,0.0,0,-1.0,-1.0,-1.0,-1.0,-1.0,0.0,0.0,0.0,0.0
1791663657.82,3414900.1,680.5,175785.7,175785.7,643.0,1922.2,1710.7,19.55,89.92,0.0,195.68,0.0,0.0,0.0,0.0,300048.3,-194412.5,652817.9,0.3787,0.113,1763.5,-0.06827,-50.77095,0.0,0,-1.0,-1.0,-1.0,-1.0,-1.0,0.0,0.0,0.0,0.0
1791663658.32,3414900.2,681.0,175811.4,175811.4,643.0,1922.1,1710.6,19.55,89.92,0.0,195.67,0.0,0.0,0.0,0.0,300048.3,-194412.5,652817.9,0.3787,0.113,1763.5,-0.06826,-50.76627,0.0,0,-1.0,-1.0,-1.0,-1.0,-1.0,0.0,0.0,0.0,0.0
1791663658.83,3414900.2,681.5,175811.4,175811.4,643.0,1922.1,1710.6,19.55,89.92,0.0,195.67,0.0,0.0,0.0,0.0,300048.3,-194412.5,652817.9,0.3787,0.113,1763.5,-0.06826,-50.76627,0.0,0,-1.0,-1.0,-1.0,-1.0,-1.0,0.0,0.0,0.0,0.0
1791663659.34,3414900.2,682.0,175837.1,175837.1,642.9,1922.0,1710.5,19.54,89.92,0.0,195.67,0.0,0.0,0.0,0.0,300048.3,-194412.5,652817.9,0.3787,0.113,1763.5,-0.06825,-50.76159,0.0,0,-1.0,-1.0,-1.0,-1.0,-1.0,0.0,0.0,0.0,0.0
1791663659.84,3414900.2,682.5,175837.1,175837.1,642.9,1922.0,1710.5,19.54,89.92,0.0,195.67,0.0,0.0,0.0,0.0,300048.3,-194412.5,652817.9,0.3787,0.113,1763.5,-0.06825,-50.76159,0.0,0,-1.0,-1.0,-1.0,-1.0,-1.0,0.0,0.0,0.0,0.0
1791663660.34,3414900.4,683.0,175914.2,-1.0,642.7,1921.8,1710.3,19.54,89.91,0.01,195.65,0.0,0.0,0.0,0.0,300048.3,-194412.5,652817.9,0.3787,0.113,1763.5,-0.06823,-50.74788,0.0,0,-1.0,-1.0,-1.0,-1.0,-1.0,0.0,0.0,0.0,0.0
1791663660.85,3414900.8,683.5,176235.4,176235.4,641.9,1920.8,1709.2,19.52,89.91,0.01,195.58,0.0,0.0,0.0,0.0,300048.3,-194412.5,652817.9,0.3787,0.113,1763.5,-0.06812,-50.68905,0.0,0,-1.0,-1.0,-1.0,-1.0,-1.0,0.0,0.0,0.0,0.0
1791663661.35,3414901.4,684.0,176568.9,176568.9,641.0,1919.8,1708.0,19.5,89.91,0.01,195.51,0.0,0.0,0.0,0.0,300048.3,-194412.5,652817.9,0.3787,0.113,1763.5,-0.06801,-50.62828,0.0,0,-1.0,-1.0,-1.0,-1.0,-1.0,0.0,0.0,0.0,0.0
1791663661.86,3414901.9,684.5,176876.4,176876.5,640.2,1918.9,1707.0,19.49,89.9,0.01,195.45,0.0,0.0,0.0,0.0,300048.3,-194412.5,652817.9,0.3787,0.113,1763.5,-0.06791,-50.57224,0.0,0,-1.0,-1.0,-1.0,-1.0,-1.0,0.0,0.0,0.0,0.0
1791663662.36,3414902.4,685.0,177209.2,177209.2,639.4,1917.8,1705.9,19.47,89.9,0.01,195.38,0.0,0.0,0.0,0.0,300048.3,-194412.5,652817.9,0.3787,0.113,1763.5,-0.0678,-50.51159,0.0,0,-1.0,-1.0,-1.0,-1.0,-1.0,0.0,0.0,0.0,0.0
1791663662.86,3414902.9,685.5,177528.6,177528.6,638.6,1916.9,1704.8,19.46,89.9,0.01,195.31,0.0,0.0,0.0,0.0,300048.3,-194412.5,652817.9,0.3787,0.113,1763.5,-0.0677,-50.45332,0.0,0,-1.0,-1.0,-1.0,-1.0,-1.0,0.0,0.0,0.0,0.0
1791663663.37,3414903.4,686.0,177847.7,177847.7,637.8,1915.9,1703.7,19.44,89.9,0.0,195.25,0.0,0.0,0.0,0.0,300048.3,-194412.5,652817.9,0.3787,0.113,1763.5,-0.06759,-50.39511,0.0,0,-1.0,-1.0,-1.0,-1.0,-1.0,0.0,0.0,0.0,0.0
1791663663.87,3414903.9,686.5,178166.4,178166.4,636.9,1914.9,1702.6,19.43,89.9,-0.0,195.18,0.0,0.0,0.0,0.0,300048.3,-194412.5,652817.9,0.3787,0.113,1763.5,-0.06749,-50.33695,0.0,0,-1.0,-1.0,-1.0,-1.0,-1.0,0.0,0.0,0.0,0.0
1791663664.37,3414904.4,687.0,178484.7,178484.7,636.1,1914.0,1701.6,19.41,89.9,-0.0,195.11,0.0,0.0,0.0,0.0,300048.3,-194412.5,652817.9,0.3787,0.113,1763.5,-0.06738,-50.27885,0.0,0,-1.0,-1.0,-1.0,-1.0,-1.0,0.0,0.0,0.0,0.0
1791663664.88,3414904.9,687.5,178815.2,178815.2,635.3,1913.0,1700.4,19.4,89.9,-0.01,195.05,0.0,0.0,0.0,0.0,300048.3,-194412.5,652817.9,0.3787,0.113,1763.5,-0.06727,-50.21848,0.0,0,-1.0,-1.0,-1.0,-1.0,-1.0,0.0,0.0,0.0,0.0
1791663665.38,3414905.4,688.0,179120.0,179120.0,634.5,1912.0,1699.4,19.39,89.91,-0.01,194.98,0.0,0.0,0.0,0.0,300048.3,-194412.5,652817.9,0.3787,0.113,1763.5,-0.06717,-50.1628,0.0,0,-1.0,-1.0,-1.0,-1.0,-1.0,0.0,0.0,0.0,0.0
1791663665.88,3414905.9,688.6,179449.7,179449.7,633.6,1911.0,1698.3,19.38,89.91,-0.01,194.91,0.0,0.0,0.0,0.0,300048.3,-194412.5,652817.9,0.3787,0.113,1763.5,-0.06706,-50.10255,0.0,0,-1.0,-1.0,-1.0,-1.0,-1.0,0.0,0.0,0.0,0.0
1791663666.39,3414906.4,689.1,179766.3,179766.3,632.8,1910.1,1697.2,19.36,89.92,-0.01,194.84,0.0,0.0,0.0,0.0,300048.3,-194412.5,652817.9,0.3787,0.113,1763.5,-0.06695,-50.04235,0.0,0,-1.0,-1.0,-1.0,-1.0,-1.0,0.0,0.0,0.0,0.0
1791663666.89,3414906.9,689.6,180082.5,180082.5,632.0,1909.1,1696.1,19.35,89.92,-0.01,194.78,0.0,0.0,0.0,0.0,300048.3,-194412.5,652817.9,0.3787,0.113,1763.5,-0.06685,-49.98683,0.0,0,-1.0,-1.0,-1.0,-1.0,-1.0,0.0,0.0,0.0,0.0
1791663667.39,3414907.4,690.1,180398.2,180398.3,631.2,1908.1,1695.1,19.33,89.92,-0.01,194.71,0.0,0.0,0.0,0.0,300048.3,-194412.5,652817.9,0.3787,0.113,1763.5,-0.06675,-49.92905,0.0,0,-1.0,-1.0,-1.0,-1.0,-1.0,0.0,0.0,0.0,0.0
1791663667.9,3414907.9,690.6,180726.2,180726.2,630.3,1907.1,1694.0,19.31,89.92,-0.01,194.65,0.0,0.0,0.0,0.0,300048.3,-194412.5,652817.9,0.3787,0.113,1763.5,-0.06664,-49.86902,0.0,0,-1.0,-1.0,-1.0,-1.0,-1.0,0.0,0.0,0.0,0.0
1791663668.4,3414908.4,691.1,181041.2,181041.2,629.5,1906.2,1692.9,19.29,89.92,-0.0,194.58,0.0,0.0,0.0,0.0,300048.3,-194412.5,652817.9,0.3787,0.113,1763.5,-0.06653,-49.81135,0.0,0,-1.0,-1.0,-1.0,-1.0,-1.0,0.0,0.0,0.0,0.0
1791663668.91,3414908.9,691.6,181355.7,181355.7,628.7,1905.2,1691.8,19.28,89.92,-0.0,194.51,0.0,0.0,0.0,0.0,300048.3,-194412.5,652817.9,0.3787,0.113,1763.5,-0.06643,-49.75374,0.0,0,-1.0,-1.0,-1.0,-1.0,-1.0,0.0,0.0,0.0,0.0
1791663669.41,3414909.4,692.1,181669.8,181669.8,627.8,1904.3,1690.8,19.25,89.91,0.0,194.45,0.0,0.0,0.0,0.0,300048.3,-194412.5,652817.9,0.3787,0.113,1763.5,-0.06632,-49.69617,0.26,0,-1.0,-1.0,-1.0,-1.0,-1.0,0.0,0.0,0.0,0.0
1791663669.91,3414909.9,692.6,181983.5,181983.5,627.0,1903.3,1689.7,19.24,89.91,0.01,194.38,0.0,0.0,0.0,0.0,300048.3,-194412.5,652817.9,0.3787,0.113,1763.5,-0.06622,-49.63866,0.0,0,-1.0,-1.0,-1.0,-1.0,-1.0,0.0,0.0,0.0,0.0
1791663670.41,3414910.4,693.1,182296.8,182296.8,626.2,1902.4,1688.7,19.22,89.9,0.01,194.31,0.0,0.0,0.0,0.0,300048.3,-194412.5,652817.9,0.3787,0.113,1763.5,-0.06611,-49.58121,0.0,0,-1.0,-1.0,-1.0,-1.0,-1.0,0.0,0.0,0.0,0.0
1791663670.92,3414910.9,693.6,182622.2,182622.2,625.3,1901.4,1687.6,19.2,89.9,0.01,194.25,0.0,0.0,0.0,0.0,300048.3,-194412.5,652817.9,0.3787,0.113,1763.5,-0.066,-49.52151,0.0,0,-1.0,-1.0,-1.0,-1.0,-1.0,0.0,0.0,0.0,0.0
1791663671.42,3414911.4,694.1,182934.7,182934.7,624.5,1900.4,1686.5,19.18,89.9,0.01,194.18,0.0,0.0,0.0,0.0,300048.3,-194412.5,652817.9,0.3787,0.113,1763.5,-0.0659,-49.46416,0.0,0,-1.0,-1.0,-1.0,-1.0,-1.0,0.0,0.0,0.0,0.0
1791663671.93,3414911.9,694.6,183234.3,183234.3,623.7,1899.5,1685.5,19.17,89.9,0.01,194.12,0.0,0.0,0.0,0.0,300048.3,-194412.5,652817.9,0.3787,0.113,1763.5,-0.0658,-49.40915,0.0,0,-1.0,-1.0,-1.0,-1.0,-1.0,0.0,0.0,0.0,0.0
1791663672.51,3414912.4,695.2,183533.5,183533.5,622.9,1898.6,1684.5,19.15,89.9,0.01,194.06,0.0,0.0,0.0,0.0,300048.3,-194412.5,652817.9,0.3787,0.113,1763.5,-0.0657,-49.3542,0.0,0,-1.0,-1.0,-1.0,-1.0,-1.0,0.0,0.0,0.0,0.0
1791663673.02,3414912.9,695.7,183832.3,183832.3,622.1,1897.7,1683.5,19.14,89.9,0.0,193.99,0.0,0.0,0.0,0.0,300048.3,-194412.5,652817.9,0.3787,0.113,1763.5,-0.06559,-49.29929,0.26,0,-1.0,-1.0,-1.0,-1.0,-1.0,0.0,0.0,0.0,0.0
1791663673.52,3414913.4,696.2,184155.6,184155.6,621.3,1896.7,1682.4,19.12,89.9,-0.0,193.93,0.0,0.0,0.0,0.0,300048.3,-194412.5,652817.9,0.3787,0.113,1763.5,-0.06549,-49.23986,0.0,0,-1.0,-1.0,-1.0,-1.0,-1.0,0.0,0.0,0.0,0.0
1791663674.02,3414913.9,696.7,184466.0,184466.0,620.5,1895.8,1681.3,19.11,89.9,-0.01,193.86,0.0,0.0,0.0,0.0,300048.3,-194412.5,652817.9,0.3787,0.113,1763.5,-0.06538,-49.18276,0.0,0,-1.0,-1.0,-1.0,-1.0,-1.0,0.0,0.0,0.0,0.0
1791663674.52,3414914.4,697.2,184776.0,184776.0,619.6,1894.9,1680.3,19.09,89.91,-0.01,193.79,0.0,0.0,0.0,0.0,300048.3,-194412.5,652817.9,0.3787,0.113,1763.5,-0.06528,-49.12572,0.0,0,-1.0,-1.0,-1.0,-1.0,-1.0,0.0,0.0,0.0,0.0
1791663675.02,3414914.9,697.7,185085.6,185085.6,618.8,1893.9,1679.2,19.08,89.91,-0.01,193.73,0.0,0.0,0.0,0.0,300048.3,-194412.5,652817.9,0.3787,0.113,1763.5,-0.06517,-49.06873,0.0,0,-1.0,-1.0,-1.0,-1.0,-1.0,0.0,0.0,0.0,0.0
1791663675.53,3414915.4,698.2,185394.8,185394.8,618.0,1893.0,1678.2,19.07,89.91,-0.01,193.66,0.0,0.0,0.0,0.0,300048.3,-194412.5,652817.9,0.3787,0.113,1763.5,-0.06506,-49.01179,0.0,0,-1.0,-1.0,-1.0,-1.0,-1.0,0.0,0.0,0.0,0.0
1791663676.03,3414915.9,698.7,185703.6,185703.6,617.2,1892.1,1677.2,19.05,89.92,-0.01,193.6,0.0,0.0,0.0,0.0,300048.3,-194412.5,652817.9,0.3787,0.113,1763.5,-0.06496,-48.95491,0.0,0,-1.0,-1.0,-1.0,-1.0,-1.0,0.0,0.0,0.0,0.0
1791663676.53,3414916.4,699.2,186012.0,186012.0,616.3,1891.1,1676.1,19.04,89.92,-0.01,193.53,0.0,0.0,0.0,0.0,300048.3,-194412.5,652817.9,0.3787,0.113,1763.5,-0.06485,-48.89807,0.26,0,-1.0,-1.0,-1.0,-1.0,-1.0,0.0,0.0,0.0,0.0
1791663677.03,3414916.9,699.7,186332.3,186332.3,615.5,1890.2,1675.0,19.02,89.92,-0.01,193.47,0.0,0.0,0.0,0.0,300048.3,-194412.5,652817.9,0.3787,0.113,1763.5,-0.06475,-48.83902,0.0,0,-1.0,-1.0,-1.0,-1.0,-1.0,0.0,0.0,0.0,0.0
1791663677.53,3414917.4,700.2,186627.5,186627.5,614.7,1889.3,1674.0,19.0,89.92,-0.01,193.4,0.0,0.0,0.0,0.0,300048.3,-194412.5,652817.9,0.3787,0.113,1763.5,-0.06464,-48.78455,0.0,0,-1.0,-1.0,-1.0,-1.0,-1.0,0.0,0.0,0.0,0.0
1791663678.04,3414917.9,700.7,186946.9,186946.9,613.8,1888.3,1673.0,18.98,89.92,-0.0,193.34,0.0,0.0,0.0,0.0,300048.3,-194412.5,652817.9,0.3787,0.113,1763.5,-0.06453,-48.72561,0.0,0,-1.0,-1.0,-1.0,-1.0,-1.0,0.0,0.0,0.0,0.0
1791663678.54,3414918.4,701.2,187253.6,187253.6,613.0,1887.4,1671.9,18.96,89.91,0.0,193.27,0.0,0.0,0.0,0.0,300048.3,-194412.5,652817.9,0.3787,0.113,1763.5,-0.06443,-48.66898,0.0,0,-1.0,-1.0,-1.0,-1.0,-1.0,0.0,0.0,0.0,0.0
1791663679.04,3414918.9,701.7,187559.9,187559.9,612.2,1886.4,1670.9,18.94,89.91,0.01,193.21,0.0,0.0,0.0,0.0,300048.3,-194412.5,652817.9,0.3787,0.113,1763.5,-0.06432,-48.6124,0.0,0,-1.0,-1.0,-1.0,-1.0,-1.0,0.0,0.0,0.0,0.0
1791663679.54,3414919.4,702.2,187853.6,187853.6,611.4,1885.6,1669.9,18.92,89.91,0.01,193.14,0.0,0.0,0.0,0.0,300048.3,-194412.5,652817.9,0.3787,0.113,1763.5,-0.06422,-48.55813,0.0,0,-1.0,-1.0,-1.0,-1.0,-1.0,0.0,0.0,0.0,0.0
1791663680.04,3414919.9,702.7,188171.3,188171.3,610.5,1884.6,1668.8,18.9,89.9,0.01,193.08,0.0,0.0,0.0,0.0,300048.3,-194412.5,652817.9,0.3787,0.113,1763.5,-0.06411,-48.49939,0.0,0,-1.0,-1.0,-1.0,-1.0,-1.0,0.0,0.0,0.0,0.0
1791663680.55,3414920.4,703.2,188476.3,188476.3,609.7,1883.7,1667.8,18.88,89.9,0.01,193.01,0.0,0.0,0.0,0.0,300048.3,-194412.5,652817.9,0.3787,0.113,1763.5,-0.06401,-48.44296,0.0,0,-1.0,-1.0,-1.0,-1.0,-1.0,0.0,0.0,0.0,0.0
1791663681.05,3414920.9,703.7,188781.0,188781.0,608.9,1882.8,1666.8,18.86,89.9,0.01,192.95,0.0,0.0,0.0,0.0,300048.3,-194412.5,652817.9,0.3787,0.113,1763.5,-0.0639,-48.38658,0.0,0,-1.0,-1.0,-1.0,-1.0,-1.0,0.0,0.0,0.0,0.0
1791663681.55,3414921.4,704.2,189097.3,189097.3,608.0,1881.8,1665.7,18.85,89.9,0.01,192.88,0.0,0.0,0.0,0.0,300048.3,-194412.5,652817.9,0.3787,0.113,1763.5,-0.06379,-48.328,0.0,0,-1.0,-1.0,-1.0,-1.0,-1.0,0.0,0.0,0.0,0.0
1791663682.05,3414921.9,704.7,189401.1,189401.2,607.2,1880.9,1664.7,18.83,89.9,0.0,192.82,0.0,0.0,0.0,0.0,300048.3,-194412.5,652817.9,0.3787,0.113,1763.5,-0.06369,-48.27173,0.0,0,-1.0,-1.0,-1.0,-1.0,-1.0,0.0,0.0,0.0,0.0
1791663682.55,3414922.4,705.2,189704.5,189704.5,606.4,1880.0,1663.7,18.81,89.9,-0.0,192.75,0.0,0.0,0.0,0.0,300048.3,-194412.5,652817.9,0.3787,0.113,1763.5,-0.06358,-48.2155,0.0,0,-1.0,-1.0,-1.0,-1.0,-1.0,0.0,0.0,0.0,0.0
1791663683.06,3414922.9,705.7,190007.5,190007.5,605.5,1879.1,1662.7,18.8,89.9,-0.0,192.69,0.0,0.0,0.0,0.0,300048.3,-194412.5,652817.9,0.3787,0.113,1763.5,-0.06348,-48.15932,0.0,0,-1.0,-1.0,-1.0,-1.0,-1.0,0.0,0.0,0.0,0.0
1791663683.56,3414923.4,706.2,190310.1,190310.1,604.7,1878.2,1661.7,18.79,89.9,-0.01,192.62,0.0,0.0,0.0,0.0,300048.3,-194412.5,652817.9,0.3787,0.113,1763.5,-0.06337,-48.1032,0.0,0,-1.0,-1.0,-1.0,-1.0,-1.0,0.0,0.0,0.0,0.0
1791663684.06,3414923.9,706.7,190612.2,190612.2,603.9,1877.2,1660.6,18.77,89.91,-0.01,192.56,0.0,0.0,0.0,0.0,300048.3,-194412.5,652817.9,0.3787,0.113,1763.5,-0.06327,-48.04712,0.0,0,-1.0,-1.0,-1.0,-1.0,-1.0,0.0,0.0,0.0,0.0
1791663684.56,3414924.4,707.2,190913.9,190914.0,603.1,1876.3,1659.6,18.76,89.91,-0.01,192.49,0.0,0.0,0.0,0.0,300048.3,-194412.5,652817.9,0.3787,0.113,1763.5,-0.06316,-47.99109,0.0,0,-1.0,-1.0,-1.0,-1.0,-1.0,0.0,0.0,0.0,0.0
1791663685.06,3414924.9,707.7,191215.3,191215.3,602.2,1875.4,1658.6,18.75,89.91,-0.01,192.43,0.0,0.0,0.0,0.0,300048.3,-194412.5,652817.9,0.3787,0.113,1763.5,-0.06306,-47.93511,0.0,0,-1.0,-1.0,-1.0,-1.0,-1.0,0.0,0.0,0.0,0.0
1791663685.56,3414925.4,708.2,191504.1,191504.1,601.4,1874.6,1657.6,18.73,89.92,-0.01,192.37,0.0,0.0,0.0,0.0,300048.3,-194412.5,652817.9,0.3787,0.113,1763.5,-0.06296,-47.88141,0.0,0,-1.0,-1.0,-1.0,-1.0,-1.0,0.0,0.0,0.0,0.0
1791663686.06,3414925.4,708.7,191528.2,191528.2,601.4,1874.5,1657.6,18.73,89.92,-0.01,192.36,0.0,0.0,0.0,0.0,300048.3,-194412.5,652817.9,0.3787,0.113,1763.5,-0.06295,-47.87694,0.0,0,-1.0,-1.0,-1.0,-1.0,-1.0,0.0,0.0,0.0,0.0
1791663686.57,3414925.4,709.2,191528.2,191528.2,601.4,1874.5,1657.6,18.73,89.92,-0.01,192.36,0.0,0.0,0.0,0.0,300048.3,-194412.5,652817.9,0.3787,0.113,1763.5,-0.06295,-47.87694,0.0,0,-1.0,-1.0,-1.0,-1.0,-1.0,0.0,0.0,0.0,0.0
1791663687.07,3414925.5,709.7,191552.3,191552.3,601.3,1874.4,1657.5,18.73,89.92,-0.01,192.36,0.0,0.0,0.0,0.0,300048.3,-194412.5,652817.9,0.3787,0.113,1763.5,-0.06294,-47.87247,0.0,0,-1.0,-1.0,-1.0,-1.0,-1.0,0.0,0.0,0.0,0.0
1791663687.57,3414925.5,710.2,191552.3,191552.3,601.3,1874.4,1657.5,18.73,89.92,-0.01,192.36,0.0,0.0,0.0,0.0,300048.3,-194412.5,652817.9,0.3787,0.113,1763.5,-0.06294,-47.87247,0.0,0,-1.0,-1.0,-1.0,-1.0,-1.0,0.0,0.0,0.0,0.0
1791663688.07,3414925.5,710.7,191576.3,191576.3,601.2,1874.3,1657.4,18.73,89.92,-0.01,192.35,0.0,0.0,0.0,0.0,300048.3,-194412.5,652817.9,0.3787,0.113,1763.5,-0.06293,-47.868,0.0,0,-1.0,-1.0,-1.0,-1.0,-1.0,0.0,0.0,0.0,0.0
1791663688.58,3414925.5,711.2,191576.3,191576.3,601.2,1874.3,1657.4,18.73,89.92,-0.01,192.35,0.0,0.0,0.0,0.0,300048.3,-194412.5,652817.9,0.3787,0.113,1763.5,-0.06293,-47.868,0.0,0,-1.0,-1.0,-1.0,-1.0,-1.0,0.0,0.0,0.0,0.0
1791663689.08,3414925.6,711.7,191600.4,191600.4,601.2,1874.3,1657.3,18.72,89.92,-0.01,192.35,0.0,0.0,0.0,0.0,300048.3,-194412.5,652817.9,0.3787,0.113,1763.5,-0.06292,-47.86353,0.0,0,-1.0,-1.0,-1.0,-1.0,-1.0,0.0,0.0,0.0,0.0
1791663689.58,3414925.6,712.2,191600.4,191600.4,601.2,1874.3,1657.3,18.72,89.92,-0.01,192.35,0.0,0.0,0.0,0.0,300048.3,-194412.5,652817.9,0.3787,0.113,1763.5,-0.06292,-47.86353,0.0,0,-1.0,-1.0,-1.0,-1.0,-1.0,0.0,0.0,0.0,0.0
1791663690.08,3414925.6,712.8,191624.4,191624.4,601.1,1874.2,1657.2,18.72,89.92,-0.01,192.34,0.0,0.0,0.0,0.0,300048.3,-194412.5,652817.9,0.3787,0.113,1763.5,-0.06292,-47.85905,0.0,0,-1.0,-1.0,-1.0,-1.0,-1.0,0.0,0.0,0.0,0.0
1791663690.58,3414925.6,713.3,191624.4,191624.4,601.1,1874.2,1657.2,18.72,89.92,-0.01,192.34,0.0,0.0,0.0,0.0,300048.3,-194412.5,652817.9,0.3787,0.113,1763.5,-0.06292,-47.85905,0.0,0,-1.0,-1.0,-1.0,-1.0,-1.0,0.0,0.0,0.0,0.0
1791663691.08,3414925.6,713.8,191648.4,191648.4,601.0,1874.1,1657.2,18.72,89.92,-0.01,192.34,0.0,0.0,0.0,0.0,300048.3,-194412.5,652817.9,0.3787,0.113,1763.5,-0.06291,-47.85458,0.0,0,-1.0,-1.0,-1.0,-1.0,-1.0,0.0,0.0,0.0,0.0
1791663691.59,3414925.6,714.3,191648.4,191648.4,601.0,1874.1,1657.2,18.72,89.92,-0.01,192.34,0.0,0.0,0.0,0.0,300048.3,-194412.5,652817.9,0.3787,0.113,1763.5,-0.06291,-47.85458,0.0,0,-1.0,-1.0,-1.0,-1.0,-1.0,0.0,0.0,0.0,0.0
1791663692.09,3414925.7,714.8,191672.5,191672.5,601.0,1874.1,1657.1,18.72,89.92,-0.01,192.33,0.0,0.0,0.0,0.0,300048.3,-194412.5,652817.9,0.3787,0.113,1763.5,-0.0629,-47.85011,0.0,0,-1.0,-1.0,-1.0,-1.0,-1.0,0.0,0.0,0.0,0.0
1791663692.59,3414925.7,715.3,191672.5,191672.5,601.0,1874.1,1657.1,18.72,89.92,-0.01,192.33,0.0,0.0,0.0,0.0,300048.3,-194412.5,652817.9,0.3787,0.113,1763.5,-0.0629,-47.85011,0.0,0,-1.0,-1.0,-1.0,-1.0,-1.0,0.0,0.0,0.0,0.0
1791663693.09,3414925.7,715.8,191696.5,191696.5,600.9,1874.0,1657.0,18.72,89.92,-0.01,192.33,0.0,0.0,0.0,0.0,300048.3,-194412.5,652817.9,0.3787,0.113,1763.5,-0.06289,-47.84564,0.0,0,-1.0,-1.0,-1.0,-1.0,-1.0,0.0,0.0,0.0,0.0
1791663693.59,3414925.7,716.3,191696.5,191696.5,600.9,1874.0,1657.0,18.72,89.92,-0.01,192.33,0.0,0.0,0.0,0.0,300048.3,-194412.5,652817.9,0.3787,0.113,1763.5,-0.06289,-47.84564,0.0,0,-1.0,-1.0,-1.0,-1.0,-1.0,0.0,0.0,0.0,0.0
1791663694.09,3414925.8,716.8,191720.6,191720.6,600.8,1873.9,1656.9,18.72,89.92,-0.01,192.32,0.0,0.0,0.0,0.0,300048.3,-194412.5,652817.9,0.3787,0.113,1763.5,-0.06288,-47.84117,0.0,0,-1.0,-1.0,-1.0,-1.0,-1.0,0.0,0.0,0.0,0.0
1791663694.6,3414925.8,717.3,191720.6,191720.6,600.8,1873.9,1656.9,18.72,89.92,-0.01,192.32,0.0,0.0,0.0,0.0,300048.3,-194412.5,652817.9,0.3787,0.113,1763.5,-0.06288,-47.84117,0.0,0,-1.0,-1.0,-1.0,-1.0,-1.0,0.0,0.0,0.0,0.0
1791663695.1,3414925.8,717.8,191744.6,191744.6,600.8,1873.8,1656.8,18.72,89.92,-0.01,192.32,0.0,0.0,0.0,0.0,300048.3,-194412.5,652817.9,0.3787,0.113,1763.5,-0.06287,-47.8367,0.0,0,-1.0,-1.0,-1.0,-1.0,-1.0,0.0,0.0,0.0,0.0
1791663695.6,3414925.8,718.3,191744.6,191744.6,600.8,1873.8,1656.8,18.72,89.92,-0.01,192.32,0.0,0.0,0.0,0.0,300048.3,-194412.5,652817.9,0.3787,0.113,1763.5,-0.06287,-47.8367,0.0,0,-1.0,-1.0,-1.0,-1.0,-1.0,0.0,0.0,0.0,0.0
1791663696.1,3414925.8,718.8,191768.6,191768.6,600.7,1873.8,1656.8,18.71,89.92,-0.01,192.31,0.0,0.0,0.0,0.0,300048.3,-194412.5,652817.9,0.3787,0.113,1763.5,-0.06287,-47.83223,0.0,0,-1.0,-1.0,-1.0,-1.0,-1.0,0.0,0.0,0.0,0.0
1791663696.6,3414925.8,719.3,191768.6,191768.6,600.7,1873.8,1656.8,18.71,89.92,-0.01,192.31,0.0,0.0,0.0,0.0,300048.3,-194412.5,652817.9,0.3787,0.113,1763.5,-0.06287,-47.83223,0.0,0,-1.0,-1.0,-1.0,-1.0,-1.0,0.0,0.0,0.0,0.0
1791663697.1,3414925.9,719.8,191792.6,191792.6,600.6,1873.7,1656.7,18.71,89.92,-0.01,192.31,0.0,0.0,0.0,0.0,300048.3,-194412.5,652817.9,0.3787,0.113,1763.5,-0.06286,-47.82776,0.0,0,-1.0,-1.0,-1.0,-1.0,-1.0,0.0,0.0,0.0,0.0
1791663697.6,3414925.9,720.3,191792.6,191792.6,600.6,1873.7,1656.7,18.71,89.92,-0.01,192.31,0.0,0.0,0.0,0.0,300048.3,-194412.5,652817.9,0.3787,0.113,1763.5,-0.06286,-47.82776,0.0,0,-1.0,-1.0,-1.0,-1.0,-1.0,0.0,0.0,0.0,0.0
1791663698.11,3414925.9,720.8,191816.7,191816.7,600.6,1873.6,1656.6,18.71,89.92,-0.01,192.3,0.0,0.0,0.0,0.0,300048.3,-194412.5,652817.9,0.3787,0.113,1763.5,-0.06285,-47.8233,0.0,0,-1.0,-1.0,-1.0,-1.0,-1.0,0.0,0.0,0.0,0.0
1791663698.61,3414925.9,721.3,191816.7,191816.7,600.6,1873.6,1656.6,18.71,89.92,-0.01,192.3,0.0,0.0,0.0,0.0,300048.3,-194412.5,652817.9,0.3787,0.113,1763.5,-0.06285,-47.8233,0.0,0,-1.0,-1.0,-1.0,-1.0,-1.0,0.0,0.0,0.0,0.0
1791663699.11,3414926.0,721.8,191840.7,191840.7,600.5,1873.6,1656.5,18.71,89.92,-0.01,192.29,0.0,0.0,0.0,0.0,300048.3,-194412.5,652817.9,0.3787,0.113,1763.5,-0.06284,-47.81883,0.0,0,-1.0,-1.0,-1.0,-1.0,-1.0,0.0,0.0,0.0,0.0
1791663699.61,3414926.0,722.3,191840.7,191840.7,600.5,1873.6,1656.5,18.71,89.92,-0.01,192.29,0.0,0.0,0.0,0.0,300048.3,-194412.5,652817.9,0.3787,0.113,1763.5,-0.06284,-47.81883,0.0,0,-1.0,-1.0,-1.0,-1.0,-1.0,0.0,0.0,0.0,0.0
1791663700.11,3414926.0,722.8,191864.7,191864.7,600.4,1873.5,1656.4,18.71,89.92,-0.01,192.29,0.0,0.0,0.0,0.0,300048.3,-194412.5,652817.9,0.3787,0.113,1763.5,-0.06283,-47.81436,0.0,0,-1.0,-1.0,-1.0,-1.0,-1.0,0.0,0.0,0.0,0.0
1791663700.61,3414926.0,723.3,191864.7,191864.7,600.4,1873.5,1656.4,18.71,89.92,-0.01,192.29,0.0,0.0,0.0,0.0,300048.3,-194412.5,652817.9,0.3787,0.113,1763.5,-0.06283,-47.81436,0.0,0,-1.0,-1.0,-1.0,-1.0,-1.0,0.0,0.0,0.0,0.0
1791663701.12,3414926.0,723.8,191888.7,191888.7,600.4,1873.4,1656.3,18.71,89.92,-0.01,192.28,0.0,0.0,0.0,0.0,300048.3,-194412.5,652817.9,0.3787,0.113,1763.5,-0.06282,-47.80989,0.0,0,-1.0,-1.0,-1.0,-1.0,-1.0,0.0,0.0,0.0,0.0
1791663701.62,3414926.0,724.3,191888.7,191888.7,600.4,1873.4,1656.3,18.71,89.92,-0.01,192.28,0.0,0.0,0.0,0.0,300048.3,-194412.5,652817.9,0.3787,0.113,1763.5,-0.06282,-47.80989,0.0,0,-1.0,-1.0,-1.0,-1.0,-1.0,0.0,0.0,0.0,0.0
1791663702.12,3414926.1,724.8,191912.7,191912.7,600.3,1873.3,1656.3,18.71,89.92,-0.01,192.28,0.0,0.0,0.0,0.0,300048.3,-194412.5,652817.9,0.3787,0.113,1763.5,-0.06281,-47.80542,0.0,0,-1.0,-1.0,-1.0,-1.0,-1.0,0.0,0.0,0.0,0.0
1791663702.62,3414926.1,725.3,191912.7,191912.7,600.3,1873.3,1656.3,18.71,89.92,-0.01,192.28,0.0,0.0,0.0,0.0,300048.3,-194412.5,652817.9,0.3787,0.113,1763.5,-0.06281,-47.80542,0.0,0,-1.0,-1.0,-1.0,-1.0,-1.0,0.0,0.0,0.0,0.0
1791663703.12,3414926.1,725.8,191936.7,191936.8,600.2,1873.3,1656.2,18.7,89.92,-0.01,192.27,0.0,0.0,0.0,0.0,300048.3,-194412.5,652817.9,0.3787,0.113,1763.5,-0.06281,-47.80096,0.0,0,-1.0,-1.0,-1.0,-1.0,-1.0,0.0,0.0,0.0,0.0
1791663703.62,3414926.1,726.3,191936.7,191936.8,600.2,1873.3,1656.2,18.7,89.92,-0.01,192.27,0.0,0.0,0.0,0.0,300048.3,-194412.5,652817.9,0.3787,0.113,1763.5,-0.06281,-47.80096,0.0,0,-1.0,-1.0,-1.0,-1.0,-1.0,0.0,0.0,0.0,0.0
1791663704.13,3414926.2,726.8,191960.8,191960.8,600.2,1873.2,1656.1,18.7,89.92,-0.01,192.27,0.0,0.0,0.0,0.0,300048.3,-194412.5,652817.9,0.3787,0.113,1763.5,-0.0628,-47.79649,0.0,0,-1.0,-1.0,-1.0,-1.0,-1.0,0.0,0.0,0.0,0.0
1791663704.63,3414926.2,727.3,191960.8,191960.8,600.2,1873.2,1656.1,18.7,89.92,-0.01,192.27,0.0,0.0,0.0,0.0,300048.3,-194412.5,652817.9,0.3787,0.113,1763.5,-0.0628,-47.79649,0.0,0,-1.0,-1.0,-1.0,-1.0,-1.0,0.0,0.0,0.0,0.0
1791663705.13,3414926.2,727.8,191984.8,191984.8,600.1,1873.1,1656.0,18.7,89.92,-0.01,192.26,0.0,0.0,0.0,0.0,300048.3,-194412.5,652817.9,0.3787,0.113,1763.5,-0.06279,-47.79202,0.0,0,-1.0,-1.0,-1.0,-1.0,-1.0,0.0,0.0,0.0,0.0
1791663705.63,3414926.2,728.3,191984.8,191984.8,600.1,1873.1,1656.0,18.7,89.92,-0.01,192.26,0.0,0.0,0.0,0.0,300048.3,-194412.5,652817.9,0.3787,0.113,1763.5,-0.06279,-47.79202,0.0,0,-1.0,-1.0,-1.0,-1.0,-1.0,0.0,0.0,0.0,0.0
1791663706.13,3414926.2,728.8,192008.8,192008.8,600.0,1873.0,1655.9,18.7,89.92,-0.01,192.26,0.0,0.0,0.0,0.0,300048.3,-194412.5,652817.9,0.3787,0.113,1763.5,-0.06278,-47.78756,0.0,0,-1.0,-1.0,-1.0,-1.0,-1.0,0.0,0.0,0.0,0.0
1791663706.63,3414926.2,729.3,192008.8,192008.8,600.0,1873.0,1655.9,18.7,89.92,-0.01,192.26,0.0,0.0,0.0,0.0,300048.3,-194412.5,652817.9,0.3787,0.113,1763.5,-0.06278,-47.78756,0.0,0,-1.0,-1.0,-1.0,-1.0,-1.0,0.0,0.0,0.0,0.0
1791663707.13,3414926.3,729.8,192032.8,192032.8,600.0,1873.0,1655.9,18.7,89.92,-0.01,192.25,0.0,0.0,0.0,0.0,300048.3,-194412.5,652817.9,0.3787,0.113,1763.5,-0.06277,-47.78309,0.0,0,-1.0,-1.0,-1.0,-1.0,-1.0,0.0,0.0,0.0,0.0
1791663707.64,3414926.3,730.3,192032.8,192032.8,600.0,1873.0,1655.9,18.7,89.92,-0.01,192.25,0.0,0.0,0.0,0.0,300048.3,-194412.5,652817.9,0.3787,0.113,1763.5,-0.06277,-47.78309,0.0,0,-1.0,-1.0,-1.0,-1.0,-1.0,0.0,0.0,0.0,0.0
1791663708.14,3414926.3,730.8,192056.8,192056.8,599.9,1872.9,1655.8,18.7,89.92,-0.01,192.25,0.0,0.0,0.0,0.0,300048.3,-194412.5,652817.9,0.3787,0.113,1763.5,-0.06276,-47.77862,0.0,0,-1.0,-1.0,-1.0,-1.0,-1.0,0.0,0.0,0.0,0.0
1791663708.64,3414926.3,731.3,192056.8,192056.8,599.9,1872.9,1655.8,18.7,89.92,-0.01,192.25,0.0,0.0,0.0,0.0,300048.3,-194412.5,652817.9,0.3787,0.113,1763.5,-0.06276,-47.77862,0.0,0,-1.0,-1.0,-1.0,-1.0,-1.0,0.0,0.0,0.0,0.0
1791663709.14,3414926.4,731.8,192080.8,192080.8,599.8,1872.8,1655.7,18.7,89.92,-0.01,192.24,0.0,0.0,0.0,0.0,300048.3,-194412.5,652817.9,0.3787,0.113,1763.5,-0.06276,-47.77416,0.0,0,-1.0,-1.0,-1.0,-1.0,-1.0,0.0,0.0,0.0,0.0
1791663709.64,3414926.4,732.3,192080.8,192080.8,599.8,1872.8,1655.7,18.7,89.92,-0.01,192.24,0.0,0.0,0.0,0.0,300048.3,-194412.5,652817.9,0.3787,0.113,1763.5,-0.06276,-47.77416,0.0,0,-1.0,-1.0,-1.0,-1.0,-1.0,0.0,0.0,0.0,0.0
1791663710.14,3414926.4,732.8,192104.8,192104.8,599.8,1872.8,1655.6,18.69,89.92,-0.01,192.24,0.0,0.0,0.0,0.0,300048.3,-194412.5,652817.9,0.3787,0.113,1763.5,-0.06275,-47.76969,0.0,0,-1.0,-1.0,-1.0,-1.0,-1.0,0.0,0.0,0.0,0.0
1791663710.65,3414926.4,733.3,192104.8,192104.8,599.8,1872.8,1655.6,18.69,89.92,-0.01,192.24,0.0,0.0,0.0,0.0,300048.3,-194412.5,652817.9,0.3787,0.113,1763.5,-0.06275,-47.76969,0.0,0,-1.0,-1.0,-1.0,-1.0,-1.0,0.0,0.0,0.0,0.0
1791663711.15,3414926.4,733.8,192128.7,192128.7,599.7,1872.7,1655.5,18.69,89.92,-0.01,192.23,0.0,0.0,0.0,0.0,300048.3,-194412.5,652817.9,0.3787,0.113,1763.5,-0.06274,-47.76523,0.0,0,-1.0,-1.0,-1.0,-1.0,-1.0,0.0,0.0,0.0,0.0
1791663711.65,3414926.4,734.3,192128.7,192128.7,599.7,1872.7,1655.5,18.69,89.92,-0.01,192.23,0.0,0.0,0.0,0.0,300048.3,-194412.5,652817.9,0.3787,0.113,1763.5,-0.06274,-47.76523,0.0,0,-1.0,-1.0,-1.0,-1.0,-1.0,0.0,0.0,0.0,0.0
1791663712.15,3414926.5,734.8,192152.7,192152.7,599.6,1872.6,1655.5,18.69,89.92,-0.01,192.23,0.0,0.0,0.0,0.0,300048.3,-194412.5,652817.9,0.3787,0.113,1763.5,-0.06273,-47.76076,0.0,0,-1.0,-1.0,-1.0,-1.0,-1.0,0.0,0.0,0.0,0.0
1791663712.65,3414926.5,735.3,192152.7,192152.7,599.6,1872.6,1655.5,18.69,89.92,-0.01,192.23,0.0,0.0,0.0,0.0,300048.3,-194412.5,652817.9,0.3787,0.113,1763.5,-0.06273,-47.76076,0.0,0,-1.0,-1.0,-1.0,-1.0,-1.0,0.0,0.0,0.0,0.0
1791663713.15,3414926.5,735.8,192176.7,192176.7,599.6,1872.5,1655.4,18.69,89.92,-0.01,192.22,0.0,0.0,0.0,0.0,300048.3,-194412.5,652817.9,0.3787,0.113,1763.5,-0.06272,-47.7563,0.0,0,-1.0,-1.0,-1.0,-1.0,-1.0,0.0,0.0,0.0,0.0
1791663713.66,3414926.5,736.3,192176.7,192176.7,599.6,1872.5,1655.4,18.69,89.92,-0.01,192.22,0.0,0.0,0.0,0.0,300048.3,-194412.5,652817.9,0.3787,0.113,1763.5,-0.06272,-47.7563,0.0,0,-1.0,-1.0,-1.0,-1.0,-1.0,0.0,0.0,0.0,0.0
1791663714.16,3414926.6,736.8,192200.7,192200.7,599.5,1872.5,1655.3,18.69,89.92,-0.01,192.22,0.0,0.0,0.0,0.0,300048.3,-194412.5,652817.9,0.3787,0.113,1763.5,-0.06271,-47.75184,0.0,0,-1.0,-1.0,-1.0,-1.0,-1.0,0.0,0.0,0.0,0.0
1791663714.66,3414926.6,737.3,192200.7,192200.7,599.5,1872.5,1655.3,18.69,89.92,-0.01,192.22,0.0,0.0,0.0,0.0,300048.3,-194412.5,652817.9,0.3787,0.113,1763.5,-0.06271,-47.75184,0.0,0,-1.0,-1.0,-1.0,-1.0,-1.0,0.0,0.0,0.0,0.0
1791663715.16,3414926.6,737.8,192224.7,192224.7,599.4,1872.4,1655.2,18.69,89.92,-0.01,192.21,0.0,0.0,0.0,0.0,300048.3,-194412.5,652817.9,0.3787,0.113,1763.5,-0.06271,-47.74737,0.0,0,-1.0,-1.0,-1.0,-1.0,-1.0,0.0,0.0,0.0,0.0
1791663715.66,3414926.6,738.3,192224.7,192224.7,599.4,1872.4,1655.2,18.69,89.92,-0.01,192.21,0.0,0.0,0.0,0.0,300048.3,-194412.5,652817.9,0.3787,0.113,1763.5,-0.06271,-47.74737,0.0,0,-1.0,-1.0,-1.0,-1.0,-1.0,0.0,0.0,0.0,0.0
1791663716.16,3414926.7,738.8,192272.6,192272.6,599.3,1872.3,1655.1,18.68,89.92,-0.01,192.2,0.0,0.0,0.0,0.0,300048.3,-194412.5,652817.9,0.3787,0.113,1763.5,-0.06269,-47.73845,0.0,0,-1.0,-1.0,-1.0,-1.0,-1.0,0.0,0.0,0.0,0.0
1791663716.66,3414927.1,739.3,192548.1,192548.1,598.6,1871.4,1654.1,18.67,89.91,-0.0,192.14,0.0,0.0,0.0,0.0,300048.3,-194412.5,652817.9,0.3787,0.113,1763.5,-0.06259,-47.68715,0.0,0,-1.0,-1.0,-1.0,-1.0,-1.0,0.0,0.0,0.0,0.0
1791663717.17,3414927.6,739.8,192847.2,192847.2,597.7,1870.5,1653.1,18.65,89.91,0.0,192.08,0.0,0.0,0.0,0.0,300048.3,-194412.5,652817.9,0.3787,0.113,1763.5,-0.06249,-47.63143,0.0,0,-1.0,-1.0,-1.0,-1.0,-1.0,0.0,0.0,0.0,0.0
1791663717.67,3414928.1,740.3,193145.9,193145.9,596.9,1869.6,1652.1,18.62,89.91,0.01,192.02,0.0,0.0,0.0,0.0,300048.3,-194412.5,652817.9,0.3787,0.113,1763.5,-0.06238,-47.57576,0.0,0,-1.0,-1.0,-1.0,-1.0,-1.0,0.0,0.0,0.0,0.0
1791663718.17,3414928.7,740.8,193444.1,193444.1,596.1,1868.7,1651.1,18.6,89.9,0.01,191.95,0.0,0.0,0.0,0.0,300048.3,-194412.5,652817.9,0.3787,0.113,1763.5,-0.06228,-47.52015,0.26,0,-1.0,-1.0,-1.0,-1.0,-1.0,0.0,0.0,0.0,0.0
1791663718.67,3414929.2,741.3,193741.9,193741.9,595.2,1867.8,1650.1,18.58,89.9,0.01,191.89,0.0,0.0,0.0,0.0,300048.3,-194412.5,652817.9,0.3787,0.113,1763.5,-0.06217,-47.46457,0.0,0,-1.0,-1.0,-1.0,-1.0,-1.0,0.0,0.0,0.0,0.0
1791663719.17,3414929.7,741.8,194039.3,194039.3,594.4,1866.9,1649.1,18.56,89.9,0.01,191.82,0.0,0.0,0.0,0.0,300048.3,-194412.5,652817.9,0.3787,0.113,1763.5,-0.06207,-47.40905,0.0,0,-1.0,-1.0,-1.0,-1.0,-1.0,0.0,0.0,0.0,0.0
1791663719.68,3414930.2,742.3,194348.2,194348.2,593.6,1866.0,1648.1,18.54,89.9,0.01,191.76,0.0,0.0,0.0,0.0,300048.3,-194412.5,652817.9,0.3787,0.113,1763.5,-0.06196,-47.35136,0.0,0,-1.0,-1.0,-1.0,-1.0,-1.0,0.0,0.0,0.0,0.0
1791663720.18,3414930.7,742.8,194644.8,194644.8,592.7,1865.1,1647.1,18.52,89.9,0.01,191.69,0.0,0.0,0.0,0.0,300048.3,-194412.5,652817.9,0.3787,0.113,1763.5,-0.06185,-47.29593,0.0,0,-1.0,-1.0,-1.0,-1.0,-1.0,0.0,0.0,0.0,0.0
1791663720.68,3414931.2,743.4,194940.9,194940.9,591.9,1864.2,1646.1,18.51,89.9,0.0,191.63,0.0,0.0,0.0,0.0,300048.3,-194412.5,652817.9,0.3787,0.113,1763.5,-0.06175,-47.24056,0.0,0,-1.0,-1.0,-1.0,-1.0,-1.0,0.0,0.0,0.0,0.0
1791663721.18,3414931.7,743.9,195236.7,195236.7,591.1,1863.4,1645.1,18.49,89.9,-0.0,191.57,0.0,0.0,0.0,0.0,300048.3,-194412.5,652817.9,0.3787,0.113,1763.5,-0.06164,-47.18523,0.0,0,-1.0,-1.0,-1.0,-1.0,-1.0,0.0,0.0,0.0,0.0
1791663721.69,3414932.2,744.4,195532.0,195532.0,590.2,1862.5,1644.1,18.48,89.9,-0.01,191.5,0.0,0.0,0.0,0.0,300048.3,-194412.5,652817.9,0.3787,0.113,1763.5,-0.06154,-47.12994,0.0,0,-1.0,-1.0,-1.0,-1.0,-1.0,0.0,0.0,0.0,0.0
1791663722.19,3414932.7,744.9,195826.9,195826.9,589.4,1861.6,1643.1,18.46,89.9,-0.01,191.44,0.0,0.0,0.0,0.0,300048.3,-194412.5,652817.9,0.3787,0.113,1763.5,-0.06143,-47.07471,0.0,0,-1.0,-1.0,-1.0,-1.0,-1.0,0.0,0.0,0.0,0.0
1791663722.69,3414933.2,745.4,196121.4,196121.4,588.6,1860.7,1642.1,18.45,89.91,-0.01,191.37,0.0,0.0,0.0,0.0,300048.3,-194412.5,652817.9,0.3787,0.113,1763.5,-0.06133,-47.01952,0.0,0,-1.0,-1.0,-1.0,-1.0,-1.0,0.0,0.0,0.0,0.0
1791663723.19,3414933.7,745.9,196415.5,196415.5,587.7,1859.8,1641.2,18.44,89.91,-0.01,191.31,0.0,0.0,0.0,0.0,300048.3,-194412.5,652817.9,0.3787,0.113,1763.5,-0.06122,-46.96438,0.0,0,-1.0,-1.0,-1.0,-1.0,-1.0,0.0,0.0,0.0,0.0
1791663723.7,3414934.2,746.4,196709.2,196709.2,586.9,1858.9,1640.2,18.42,89.91,-0.01,191.25,0.0,0.0,0.0,0.0,300048.3,-194412.5,652817.9,0.3787,0.113,1763.5,-0.06112,-46.90928,0.0,0,-1.0,-1.0,-1.0,-1.0,-1.0,0.0,0.0,0.0,0.0
1791663724.2,3414934.7,746.9,197002.4,197002.4,586.1,1858.1,1639.2,18.4,89.92,-0.01,191.19,0.0,0.0,0.0,0.0,300048.3,-194412.5,652817.9,0.3787,0.113,1763.5,-0.06101,-46.85423,0.0,0,-1.0,-1.0,-1.0,-1.0,-1.0,0.0,0.0,0.0,0.0
1791663724.7,3414935.2,747.4,197295.2,197295.2,585.3,1857.2,1638.2,18.38,89.92,-0.01,191.12,0.0,0.0,0.0,0.0,300048.3,-194412.5,652817.9,0.3787,0.113,1763.5,-0.06091,-46.79923,0.0,0,-1.0,-1.0,-1.0,-1.0,-1.0,0.0,0.0,0.0,0.0
1791663725.2,3414935.7,747.9,197587.7,197587.7,584.4,1856.3,1637.2,18.37,89.91,-0.01,191.06,0.0,0.0,0.0,0.0,300048.3,-194412.5,652817.9,0.3787,0.113,1763.5,-0.0608,-46.74427,0.0,0,-1.0,-1.0,-1.0,-1.0,-1.0,0.0,0.0,0.0,0.0
1791663725.71,3414936.2,748.4,197891.3,197891.3,583.6,1855.4,1636.2,18.35,89.91,-0.0,190.99,0.0,0.0,0.0,0.0,300048.3,-194412.5,652817.9,0.3787,0.113,1763.5,-0.06069,-46.68717,0.0,0,-1.0,-1.0,-1.0,-1.0,-1.0,0.0,0.0,0.0,0.0
1791663726.23,3414936.5,748.9,198101.3,198101.3,583.0,1854.8,1635.5,18.33,89.91,-0.0,190.95,0.0,0.0,0.0,0.0,300048.3,-194412.5,652817.9,0.3787,0.113,1763.5,-0.06062,-46.64767,0.0,0,-1.0,-1.0,-1.0,-1.0,-1.0,0.0,0.0,0.0,0.0
1791663726.74,3414937.1,749.4,198404.2,198404.2,582.1,1853.9,1634.5,18.31,89.91,0.0,190.88,0.0,0.0,0.0,0.0,300048.3,-194412.5,652817.9,0.3787,0.113,1763.5,-0.06051,-46.59065,0.0,0,-1.0,-1.0,-1.0,-1.0,-1.0,0.0,0.0,0.0,0.0
1791663727.24,3414937.6,749.9,198695.1,198695.1,581.3,1853.0,1633.5,18.29,89.9,0.01,190.82,0.0,0.0,0.0,0.0,300048.3,-194412.5,652817.9,0.3787,0.113,1763.5,-0.0604,-46.53587,0.0,0,-1.0,-1.0,-1.0,-1.0,-1.0,0.0,0.0,0.0,0.0
1791663727.74,3414938.1,750.4,198985.5,198985.5,580.4,1852.1,1632.6,18.26,89.9,0.01,190.76,0.0,0.0,0.0,0.0,300048.3,-194412.5,652817.9,0.3787,0.113,1763.5,-0.0603,-46.48113,0.0,0,-1.0,-1.0,-1.0,-1.0,-1.0,0.0,0.0,0.0,0.0
1791663728.24,3414938.6,750.9,199275.5,199275.5,579.6,1851.3,1631.6,18.24,89.9,0.01,190.69,0.0,0.0,0.0,0.0,300048.3,-194412.5,652817.9,0.3787,0.113,1763.5,-0.06019,-46.42645,0.0,0,-1.0,-1.0,-1.0,-1.0,-1.0,0.0,0.0,0.0,0.0
1791663728.74,3414939.1,751.4,199565.1,199565.1,578.8,1850.4,1630.6,18.22,89.89,0.01,190.63,0.0,0.0,0.0,0.0,300048.3,-194412.5,652817.9,0.3787,0.113,1763.5,-0.06009,-46.3718,0.0,0,-1.0,-1.0,-1.0,-1.0,-1.0,0.0,0.0,0.0,0.0
1791663729.24,3414939.6,751.9,199854.3,199854.3,578.0,1849.5,1629.6,18.2,89.89,0.01,190.57,0.0,0.0,0.0,0.0,300048.3,-194412.5,652817.9,0.3787,0.113,1763.5,-0.05998,-46.31721,0.0,0,-1.0,-1.0,-1.0,-1.0,-1.0,0.0,0.0,0.0,0.0
1791663729.75,3414940.1,752.4,200143.1,200143.1,577.1,1848.7,1628.7,18.19,89.89,0.01,190.5,0.0,0.0,0.0,0.0,300048.3,-194412.5,652817.9,0.3787,0.113,1763.5,-0.05988,-46.26266,0.26,0,-1.0,-1.0,-1.0,-1.0,-1.0,0.0,0.0,0.0,0.0
1791663730.25,3414940.6,752.9,200431.4,200431.5,576.3,1847.8,1627.7,18.17,89.9,0.0,190.44,0.0,0.0,0.0,0.0,300048.3,-194412.5,652817.9,0.3787,0.113,1763.5,-0.05977,-46.20815,0.26,0,-1.0,-1.0,-1.0,-1.0,-1.0,0.0,0.0,0.0,0.0
1791663730.75,3414941.1,753.4,200719.4,200719.4,575.5,1847.0,1626.8,18.15,89.9,-0.0,190.38,0.0,0.0,0.0,0.0,300048.3,-194412.5,652817.9,0.3787,0.113,1763.5,-0.05967,-46.15369,0.0,0,-1.0,-1.0,-1.0,-1.0,-1.0,0.0,0.0,0.0,0.0
1791663731.25,3414941.6,753.9,201006.9,201006.9,574.6,1846.1,1625.8,18.14,89.9,-0.01,190.31,0.0,0.0,0.0,0.0,300048.3,-194412.5,652817.9,0.3787,0.113,1763.5,-0.05956,-46.09927,0.0,0,-1.0,-1.0,-1.0,-1.0,-1.0,0.0,0.0,0.0,0.0
1791663731.75,3414942.1,754.4,201305.5,201305.5,573.8,1845.2,1624.8,18.12,89.91,-0.01,190.25,0.0,0.0,0.0,0.0,300048.3,-194412.5,652817.9,0.3787,0.113,1763.5,-0.05945,-46.04273,0.0,0,-1.0,-1.0,-1.0,-1.0,-1.0,0.0,0.0,0.0,0.0
1791663732.26,3414942.6,754.9,201592.2,201592.2,572.9,1844.4,1623.8,18.11,89.91,-0.01,190.19,0.0,0.0,0.0,0.0,300048.3,-194412.5,652817.9,0.3787,0.113,1763.5,-0.05935,-45.98841,0.0,0,-1.0,-1.0,-1.0,-1.0,-1.0,0.0,0.0,0.0,0.0
1791663732.76,3414943.1,755.4,201878.4,201878.4,572.1,1843.5,1622.9,18.09,89.91,-0.01,190.12,0.0,0.0,0.0,0.0,300048.3,-194412.5,652817.9,0.3787,0.113,1763.5,-0.05924,-45.93413,0.0,0,-1.0,-1.0,-1.0,-1.0,-1.0,0.0,0.0,0.0,0.0
1791663733.26,3414943.6,755.9,202164.3,202164.3,571.3,1842.7,1621.9,18.08,89.91,-0.01,190.06,0.0,0.0,0.0,0.0,300048.3,-194412.5,652817.9,0.3787,0.113,1763.5,-0.05914,-45.87989,0.0,0,-1.0,-1.0,-1.0,-1.0,-1.0,0.0,0.0,0.0,0.0
1791663733.76,3414944.1,756.4,202449.7,202449.7,570.4,1841.8,1621.0,18.06,89.91,-0.01,190.0,0.0,0.0,0.0,0.0,300048.3,-194412.5,652817.9,0.3787,0.113,1763.5,-0.05903,-45.8257,0.0,0,-1.0,-1.0,-1.0,-1.0,-1.0,0.0,0.0,0.0,0.0
1791663734.26,3414944.6,756.9,202734.7,202734.7,569.6,1841.0,1620.0,18.04,89.91,-0.01,189.93,0.0,0.0,0.0,0.0,300048.3,-194412.5,652817.9,0.3787,0.113,1763.5,-0.05893,-45.77156,0.0,0,-1.0,-1.0,-1.0,-1.0,-1.0,0.0,0.0,0.0,0.0
1791663734.76,3414945.1,757.4,203019.3,203019.3,568.8,1840.1,1619.1,18.02,89.91,-0.0,189.87,0.0,0.0,0.0,0.0,300048.3,-194412.5,652817.9,0.3787,0.113,1763.5,-0.05882,-45.71746,0.0,0,-1.0,-1.0,-1.0,-1.0,-1.0,0.0,0.0,0.0,0.0
1791663735.27,3414945.6,757.9,203303.5,203303.5,568.0,1839.3,1618.1,18.0,89.91,-0.0,189.81,0.0,0.0,0.0,0.0,300048.3,-194412.5,652817.9,0.3787,0.113,1763.5,-0.05872,-45.6634,0.0,0,-1.0,-1.0,-1.0,-1.0,-1.0,0.0,0.0,0.0,0.0
1791663735.77,3414946.1,758.4,203598.6,203598.6,567.1,1838.4,1617.1,17.98,89.91,0.0,189.75,0.0,0.0,0.0,0.0,300048.3,-194412.5,652817.9,0.3787,0.113,1763.5,-0.05861,-45.60723,0.0,0,-1.0,-1.0,-1.0,-1.0,-1.0,0.0,0.0,0.0,0.0
1791663736.27,3414946.6,758.9,203881.9,203882.0,566.3,1837.5,1616.2,17.96,89.9,0.01,189.69,0.0,0.0,0.0,0.0,300048.3,-194412.5,652817.9,0.3787,0.113,1763.5,-0.0585,-45.55326,0.0,0,-1.0,-1.0,-1.0,-1.0,-1.0,0.0,0.0,0.0,0.0
1791663736.77,3414947.1,759.4,204164.9,204164.9,565.4,1836.7,1615.2,17.93,89.9,0.01,189.62,0.0,0.0,0.0,0.0,300048.3,-194412.5,652817.9,0.3787,0.113,1763.5,-0.0584,-45.49934,0.0,0,-1.0,-1.0,-1.0,-1.0,-1.0,0.0,0.0,0.0,0.0
1791663737.27,3414947.6,759.9,204447.4,204447.4,564.6,1835.9,1614.3,17.91,89.89,0.01,189.56,0.0,0.0,0.0,0.0,300048.3,-194412.5,652817.9,0.3787,0.113,1763.5,-0.05829,-45.44546,0.0,0,-1.0,-1.0,-1.0,-1.0,-1.0,0.0,0.0,0.0,0.0
1791663737.77,3414948.1,760.4,204729.5,204729.5,563.8,1835.0,1613.4,17.89,89.89,0.01,189.5,0.0,0.0,0.0,0.0,300048.3,-194412.5,652817.9,0.3787,0.113,1763.5,-0.05819,-45.39162,0.0,0,-1.0,-1.0,-1.0,-1.0,-1.0,0.0,0.0,0.0,0.0
1791663738.28,3414948.6,760.9,205011.1,205011.1,562.9,1834.2,1612.4,17.87,89.89,0.01,189.44,0.0,0.0,0.0,0.0,300048.3,-194412.5,652817.9,0.3787,0.113,1763.5,-0.05808,-45.33783,0.0,0,-1.0,-1.0,-1.0,-1.0,-1.0,0.0,0.0,0.0,0.0
1791663738.78,3414949.1,761.4,205292.4,205292.4,562.1,1833.4,1611.5,17.85,89.89,0.01,189.37,0.0,0.0,0.0,0.0,300048.3,-194412.5,652817.9,0.3787,0.113,1763.5,-0.05798,-45.28408,0.0,0,-1.0,-1.0,-1.0,-1.0,-1.0,0.0,0.0,0.0,0.0
1791663739.28,3414949.6,762.0,205573.2,205573.2,561.3,1832.5,1610.5,17.83,89.89,0.0,189.31,0.0,0.0,0.0,0.0,300048.3,-194412.5,652817.9,0.3787,0.113,1763.5,-0.05787,-45.23038,0.0,0,-1.0,-1.0,-1.0,-1.0,-1.0,0.0,0.0,0.0,0.0
1791663739.78,3414950.1,762.5,205853.6,205853.6,560.4,1831.7,1609.6,17.81,89.9,-0.0,189.25,0.0,0.0,0.0,0.0,300048.3,-194412.5,652817.9,0.3787,0.113,1763.5,-0.05777,-45.17672,0.0,0,-1.0,-1.0,-1.0,-1.0,-1.0,0.0,0.0,0.0,0.0
1791663740.29,3414950.6,763.0,206144.8,206144.8,559.6,1830.8,1608.6,17.79,89.9,-0.01,189.19,0.0,0.0,0.0,0.0,300048.3,-194412.5,652817.9,0.3787,0.113,1763.5,-0.05766,-45.12095,0.0,0,-1.0,-1.0,-1.0,-1.0,-1.0,0.0,0.0,0.0,0.0
1791663740.79,3414951.1,763.5,206424.4,206424.4,558.7,1830.0,1607.7,17.78,89.9,-0.01,189.12,0.0,0.0,0.0,0.0,300048.3,-194412.5,652817.9,0.3787,0.113,1763.5,-0.05755,-45.06738,0.0,0,-1.0,-1.0,-1.0,-1.0,-1.0,0.0,0.0,0.0,0.0
1791663741.29,3414951.6,764.0,206703.6,206703.6,557.9,1829.2,1606.8,17.76,89.91,-0.01,189.06,0.0,0.0,0.0,0.0,300048.3,-194412.5,652817.9,0.3787,0.113,1763.5,-0.05745,-45.01385,0.0,0,-1.0,-1.0,-1.0,-1.0,-1.0,0.0,0.0,0.0,0.0
1791663741.79,3414952.1,764.5,206982.3,206982.3,557.1,1828.3,1605.8,17.75,89.91,-0.01,189.0,0.0,0.0,0.0,0.0,300048.3,-194412.5,652817.9,0.3787,0.113,1763.5,-0.05734,-44.96036,0.0,0,-1.0,-1.0,-1.0,-1.0,-1.0,0.0,0.0,0.0,0.0
1791663742.29,3414952.6,765.0,207260.6,207260.6,556.2,1827.5,1604.9,17.73,89.91,-0.01,188.94,0.0,0.0,0.0,0.0,300048.3,-194412.5,652817.9,0.3787,0.113,1763.5,-0.05724,-44.90691,0.0,0,-1.0,-1.0,-1.0,-1.0,-1.0,0.0,0.0,0.0,0.0
1791663742.8,3414953.1,765.5,207538.6,207538.5,555.4,1826.7,1604.0,17.72,89.91,-0.01,188.88,0.0,0.0,0.0,0.0,300048.3,-194412.5,652817.9,0.3787,0.113,1763.5,-0.05713,-44.85351,0.0,0,-1.0,-1.0,-1.0,-1.0,-1.0,0.0,0.0,0.0,0.0
1791663743.3,3414953.6,766.0,207816.0,207816.0,554.6,1825.9,1603.1,17.7,89.91,-0.01,188.82,0.0,0.0,0.0,0.0,300048.3,-194412.5,652817.9,0.3787,0.113,1763.5,-0.05703,-44.80015,0.0,0,-1.0,-1.0,-1.0,-1.0,-1.0,0.0,0.0,0.0,0.0
1791663743.8,3414954.1,766.5,208093.1,208093.1,553.7,1825.0,1602.1,17.68,89.91,-0.01,188.75,0.0,0.0,0.0,0.0,300048.3,-194412.5,652817.9,0.3787,0.113,1763.5,-0.05692,-44.74683,0.0,0,-1.0,-1.0,-1.0,-1.0,-1.0,0.0,0.0,0.0,0.0
1791663744.3,3414954.6,767.0,208369.8,208369.8,552.9,1824.2,1601.2,17.66,89.91,-0.0,188.69,0.0,0.0,0.0,0.0,300048.3,-194412.5,652817.9,0.3787,0.113,1763.5,-0.05682,-44.69355,0.0,0,-1.0,-1.0,-1.0,-1.0,-1.0,0.0,0.0,0.0,0.0
1791663744.81,3414955.1,767.5,208657.1,208657.1,552.0,1823.4,1600.3,17.64,89.91,0.0,188.63,0.0,0.0,0.0,0.0,300048.3,-194412.5,652817.9,0.3787,0.113,1763.5,-0.05671,-44.63819,0.0,0,-1.0,-1.0,-1.0,-1.0,-1.0,0.0,0.0,0.0,0.0
1791663745.31,3414955.6,768.0,208921.8,208921.8,551.2,1822.6,1599.4,17.62,89.9,0.01,188.57,0.0,0.0,0.0,0.0,300048.3,-194412.5,652817.9,0.3787,0.113,1763.5,-0.05661,-44.58713,0.0,0,-1.0,-1.0,-1.0,-1.0,-1.0,0.0,0.0,0.0,0.0
1791663745.81,3414956.1,768.5,209197.3,209197.3,550.4,1821.8,1598.5,17.59,89.9,0.01,188.51,0.0,0.0,0.0,0.0,300048.3,-194412.5,652817.9,0.3787,0.113,1763.5,-0.0565,-44.53398,0.0,0,-1.0,-1.0,-1.0,-1.0,-1.0,0.0,0.0,0.0,0.0
1791663746.31,3414956.6,769.0,209472.3,209472.3,549.6,1821.0,1597.5,17.57,89.89,0.01,188.45,0.0,0.0,0.0,0.0,300048.3,-194412.5,652817.9,0.3787,0.113,1763.5,-0.0564,-44.48087,0.0,0,-1.0,-1.0,-1.0,-1.0,-1.0,0.0,0.0,0.0,0.0
1791663746.81,3414957.1,769.5,209757.8,209757.8,548.7,1820.1,1596.6,17.54,89.89,0.01,188.38,0.0,0.0,0.0,0.0,300048.3,-194412.5,652817.9,0.3787,0.113,1763.5,-0.05629,-44.42568,0.0,0,-1.0,-1.0,-1.0,-1.0,-1.0,0.0,0.0,0.0,0.0
1791663747.31,3414957.6,770.0,210021.0,210021.0,547.9,1819.3,1595.7,17.52,89.89,0.01,188.32,0.0,0.0,0.0,0.0,300048.3,-194412.5,652817.9,0.3787,0.113,1763.5,-0.05619,-44.37478,0.0,0,-1.0,-1.0,-1.0,-1.0,-1.0,0.0,0.0,0.0,0.0
1791663747.82,3414958.1,770.5,210305.7,210305.7,547.0,1818.5,1594.8,17.5,89.89,0.01,188.26,0.0,0.0,0.0,0.0,300048.3,-194412.5,652817.9,0.3787,0.113,1763.5,-0.05608,-44.31968,0.0,0,-1.0,-1.0,-1.0,-1.0,-1.0,0.0,0.0,0.0,0.0
1791663748.32,3414958.6,771.0,210579.0,210579.0,546.2,1817.7,1593.9,17.48,89.89,0.0,188.2,0.0,0.0,0.0,0.0,300048.3,-194412.5,652817.9,0.3787,0.113,1763.5,-0.05597,-44.26674,0.0,0,-1.0,-1.0,-1.0,-1.0,-1.0,0.0,0.0,0.0,0.0
1791663748.83,3414959.2,771.5,210862.8,210862.8,545.3,1816.8,1592.9,17.46,89.9,-0.0,188.13,0.0,0.0,0.0,0.0,300048.3,-194412.5,652817.9,0.3787,0.113,1763.5,-0.05586,-44.21172,0.0,0,-1.0,-1.0,-1.0,-1.0,-1.0,0.0,0.0,0.0,0.0
1791663749.33,3414959.6,772.0,211124.4,211124.4,544.5,1816.1,1592.0,17.45,89.9,-0.01,188.08,0.0,0.0,0.0,0.0,300048.3,-194412.5,652817.9,0.3787,0.113,1763.5,-0.05576,-44.16098,0.0,0,-1.0,-1.0,-1.0,-1.0,-1.0,0.0,0.0,0.0,0.0
1791663749.83,3414960.2,772.5,211407.3,211407.3,543.7,1815.2,1591.1,17.43,89.9,-0.01,188.01,0.0,0.0,0.0,0.0,300048.3,-194412.5,652817.9,0.3787,0.113,1763.5,-0.05565,-44.10605,0.0,0,-1.0,-1.0,-1.0,-1.0,-1.0,0.0,0.0,0.0,0.0
1791663750.46,3414960.6,773.1,211668.1,211668.1,542.9,1814.5,1590.2,17.41,89.91,-0.01,187.95,0.0,0.0,0.0,0.0,300048.3,-194412.5,652817.9,0.3787,0.113,1763.5,-0.05555,-44.05539,0.0,0,-1.0,-1.0,-1.0,-1.0,-1.0,0.0,0.0,0.0,0.0
1791663750.97,3414961.1,773.6,211939.3,211939.3,542.0,1813.7,1589.3,17.39,89.91,-0.01,187.89,0.0,0.0,0.0,0.0,300048.3,-194412.5,652817.9,0.3787,0.113,1763.5,-0.05545,-44.00265,0.0,0,-1.0,-1.0,-1.0,-1.0,-1.0,0.0,0.0,0.0,0.0
1791663751.47,3414961.6,774.1,212210.1,212210.1,541.2,1812.9,1588.4,17.38,89.91,-0.01,187.83,0.0,0.0,0.0,0.0,300048.3,-194412.5,652817.9,0.3787,0.113,1763.5,-0.05534,-43.94996,0.0,0,-1.0,-1.0,-1.0,-1.0,-1.0,0.0,0.0,0.0,0.0
1791663751.97,3414962.1,774.6,212480.5,212480.5,540.4,1812.1,1587.5,17.36,89.91,-0.01,187.77,0.0,0.0,0.0,0.0,300048.3,-194412.5,652817.9,0.3787,0.113,1763.5,-0.05524,-43.8973,0.0,0,-1.0,-1.0,-1.0,-1.0,-1.0,0.0,0.0,0.0,0.0
1791663752.47,3414962.6,775.1,212750.5,212750.5,539.5,1811.3,1586.6,17.35,89.91,-0.01,187.71,0.0,0.0,0.0,0.0,300048.3,-194412.5,652817.9,0.3787,0.113,1763.5,-0.05513,-43.84469,0.0,0,-1.0,-1.0,-1.0,-1.0,-1.0,0.0,0.0,0.0,0.0
1791663752.98,3414963.1,775.6,213020.0,213020.0,538.7,1810.5,1585.7,17.33,89.91,-0.0,187.65,0.0,0.0,0.0,0.0,300048.3,-194412.5,652817.9,0.3787,0.113,1763.5,-0.05503,-43.79212,0.0,0,-1.0,-1.0,-1.0,-1.0,-1.0,0.0,0.0,0.0,0.0
1791663753.48,3414963.6,776.1,213289.2,213289.2,537.9,1809.7,1584.8,17.31,89.91,-0.0,187.59,0.0,0.0,0.0,0.0,300048.3,-194412.5,652817.9,0.3787,0.113,1763.5,-0.05493,-43.73959,0.0,0,-1.0,-1.0,-1.0,-1.0,-1.0,0.0,0.0,0.0,0.0
1791663753.98,3414964.1,776.6,213557.9,213557.9,537.0,1808.9,1583.9,17.29,89.9,0.0,187.53,0.0,0.0,0.0,0.0,300048.3,-194412.5,652817.9,0.3787,0.113,1763.5,-0.05482,-43.68709,0.0,0,-1.0,-1.0,-1.0,-1.0,-1.0,0.0,0.0,0.0,0.0
1791663754.48,3414964.7,777.2,213826.2,213826.2,536.2,1808.1,1583.1,17.26,89.9,0.01,187.46,0.0,0.0,0.0,0.0,300048.3,-194412.5,652817.9,0.3787,0.113,1763.5,-0.05472,-43.63464,0.0,0,-1.0,-1.0,-1.0,-1.0,-1.0,0.0,0.0,0.0,0.0
1791663754.98,3414965.2,777.7,214094.1,214094.1,535.4,1807.3,1582.2,17.24,89.9,0.01,187.4,0.0,0.0,0.0,0.0,300048.3,-194412.5,652817.9,0.3787,0.113,1763.5,-0.05461,-43.58223,0.0,0,-1.0,-1.0,-1.0,-1.0,-1.0,0.0,0.0,0.0,0.0
1791663755.48,3414965.7,778.2,214361.6,214361.5,534.5,1806.5,1581.3,17.22,89.89,0.01,187.34,0.0,0.0,0.0,0.0,300048.3,-194412.5,652817.9,0.3787,0.113,1763.5,-0.05451,-43.52986,0.0,0,-1.0,-1.0,-1.0,-1.0,-1.0,0.0,0.0,0.0,0.0
1791663755.99,3414966.2,778.7,214639.3,214639.3,533.7,1805.7,1580.3,17.19,89.89,0.01,187.28,0.0,0.0,0.0,0.0,300048.3,-194412.5,652817.9,0.3787,0.113,1763.5,-0.0544,-43.47543,0.0,0,-1.0,-1.0,-1.0,-1.0,-1.0,0.0,0.0,0.0,0.0
1791663756.49,3414966.7,779.2,214905.9,214905.9,532.8,1804.9,1579.5,17.17,89.89,0.01,187.22,0.0,0.0,0.0,0.0,300048.3,-194412.5,652817.9,0.3787,0.113,1763.5,-0.05429,-43.42314,0.0,0,-1.0,-1.0,-1.0,-1.0,-1.0,0.0,0.0,0.0,0.0
1791663756.99,3414967.2,779.7,215172.1,215172.1,532.0,1804.1,1578.6,17.15,89.89,0.01,187.16,0.0,0.0,0.0,0.0,300048.3,-194412.5,652817.9,0.3787,0.113,1763.5,-0.05419,-43.37089,0.0,0,-1.0,-1.0,-1.0,-1.0,-1.0,0.0,0.0,0.0,0.0
1791663757.49,3414967.7,780.2,215437.9,215437.9,531.2,1803.3,1577.7,17.13,89.89,0.0,187.1,0.0,0.0,0.0,0.0,300048.3,-194412.5,652817.9,0.3787,0.113,1763.5,-0.05408,-43.31868,0.0,0,-1.0,-1.0,-1.0,-1.0,-1.0,0.0,0.0,0.0,0.0
1791663757.99,3414968.2,780.7,215703.3,215703.3,530.3,1802.6,1576.8,17.11,89.9,-0.0,187.04,0.0,0.0,0.0,0.0,300048.3,-194412.5,652817.9,0.3787,0.113,1763.5,-0.05398,-43.26651,0.0,0,-1.0,-1.0,-1.0,-1.0,-1.0,0.0,0.0,0.0,0.0
1791663758.5,3414968.7,781.2,215968.2,215968.2,529.5,1801.8,1575.9,17.09,89.9,-0.01,186.98,0.0,0.0,0.0,0.0,300048.3,-194412.5,652817.9,0.3787,0.113,1763.5,-0.05387,-43.21438,0.0,0,-1.0,-1.0,-1.0,-1.0,-1.0,0.0,0.0,0.0,0.0
1791663759.0,3414969.2,781.7,216232.8,216232.8,528.7,1801.0,1575.1,17.07,89.9,-0.01,186.92,0.0,0.0,0.0,0.0,300048.3,-194412.5,652817.9,0.3787,0.113,1763.5,-0.05377,-43.16228,0.0,0,-1.0,-1.0,-1.0,-1.0,-1.0,0.0,0.0,0.0,0.0
1791663759.5,3414969.7,782.2,216496.9,216496.9,527.8,1800.2,1574.2,17.05,89.91,-0.01,186.86,0.0,0.0,0.0,0.0,300048.3,-194412.5,652817.9,0.3787,0.113,1763.5,-0.05366,-43.11023,0.0,0,-1.0,-1.0,-1.0,-1.0,-1.0,0.0,0.0,0.0,0.0
1791663760.0,3414970.2,782.7,216760.6,216760.6,527.0,1799.5,1573.3,17.03,89.91,-0.01,186.8,0.0,0.0,0.0,0.0,300048.3,-194412.5,652817.9,0.3787,0.113,1763.5,-0.05356,-43.05821,0.0,0,-1.0,-1.0,-1.0,-1.0,-1.0,0.0,0.0,0.0,0.0
1791663760.5,3414970.7,783.2,217023.9,217023.9,526.1,1798.7,1572.4,17.02,89.91,-0.01,186.73,0.0,0.0,0.0,0.0,300048.3,-194412.5,652817.9,0.3787,0.113,1763.5,-0.05345,-43.00624,0.0,0,-1.0,-1.0,-1.0,-1.0,-1.0,0.0,0.0,0.0,0.0
1791663761.0,3414971.2,783.7,217286.7,217286.7,525.3,1797.9,1571.6,17.0,89.91,-0.01,186.67,0.0,0.0,0.0,0.0,300048.3,-194412.5,652817.9,0.3787,0.113,1763.5,-0.05335,-42.95222,0.0,0,-1.0,-1.0,-1.0,-1.0,-1.0,0.0,0.0,0.0,0.0
1791663761.51,3414971.7,784.2,217559.7,217559.7,524.4,1797.1,1570.6,16.98,89.91,-0.01,186.61,0.0,0.0,0.0,0.0,300048.3,-194412.5,652817.9,0.3787,0.113,1763.5,-0.05324,-42.90033,0.0,0,-1.0,-1.0,-1.0,-1.0,-1.0,0.0,0.0,0.0,0.0
1791663762.01,3414972.2,784.7,217821.7,217821.7,523.6,1796.3,1569.8,16.96,89.91,-0.0,186.55,0.0,0.0,0.0,0.0,300048.3,-194412.5,652817.9,0.3787,0.113,1763.5,-0.05314,-42.84847,0.0,0,-1.0,-1.0,-1.0,-1.0,-1.0,0.0,0.0,0.0,0.0
1791663762.51,3414972.7,785.2,218083.3,218083.3,522.8,1795.6,1568.9,16.94,89.91,-0.0,186.49,0.0,0.0,0.0,0.0,300048.3,-194412.5,652817.9,0.3787,0.113,1763.5,-0.05303,-42.79665,0.0,0,-1.0,-1.0,-1.0,-1.0,-1.0,0.0,0.0,0.0,0.0
1791663763.01,3414973.2,785.7,218344.5,218344.5,521.9,1794.8,1568.0,16.92,89.9,0.0,186.43,0.0,0.0,0.0,0.0,300048.3,-194412.5,652817.9,0.3787,0.113,1763.5,-0.05293,-42.74487,0.0,0,-1.0,-1.0,-1.0,-1.0,-1.0,0.0,0.0,0.0,0.0
1791663763.51,3414973.7,786.2,218605.2,218605.2,521.1,1794.0,1567.2,16.9,89.9,0.01,186.37,0.0,0.0,0.0,0.0,300048.3,-194412.5,652817.9,0.3787,0.113,1763.5,-0.05282,-42.69312,0.0,0,-1.0,-1.0,-1.0,-1.0,-1.0,0.0,0.0,0.0,0.0
1791663764.01,3414974.2,786.7,218865.6,218865.6,520.3,1793.3,1566.3,16.88,89.89,0.01,186.31,0.0,0.0,0.0,0.0,300048.3,-194412.5,652817.9,0.3787,0.113,1763.5,-0.05272,-42.64142,0.0,0,-1.0,-1.0,-1.0,-1.0,-1.0,0.0,0.0,0.0,0.0
1791663764.52,3414974.7,787.2,219125.5,219125.5,519.4,1792.5,1565.5,16.85,89.89,0.01,186.25,0.0,0.0,0.0,0.0,300048.3,-194412.5,652817.9,0.3787,0.113,1763.5,-0.05261,-42.58975,0.26,0,-1.0,-1.0,-1.0,-1.0,-1.0,0.0,0.0,0.0,0.0
1791663765.02,3414975.2,787.7,219395.4,219395.4,518.6,1791.7,1564.6,16.83,89.89,0.01,186.19,0.0,0.0,0.0,0.0,300048.3,-194412.5,652817.9,0.3787,0.113,1763.5,-0.0525,-42.53606,0.0,0,-1.0,-1.0,-1.0,-1.0,-1.0,0.0,0.0,0.0,0.0
1791663765.52,3414975.7,788.2,219654.4,219654.4,517.7,1791.0,1563.7,16.8,89.89,0.01,186.13,0.0,0.0,0.0,0.0,300048.3,-194412.5,652817.9,0.3787,0.113,1763.5,-0.0524,-42.48447,0.0,0,-1.0,-1.0,-1.0,-1.0,-1.0,0.0,0.0,0.0,0.0
1791663766.02,3414976.2,788.7,219913.1,219913.1,516.9,1790.2,1562.8,16.78,89.89,0.0,186.07,0.0,0.0,0.0,0.0,300048.3,-194412.5,652817.9,0.3787,0.113,1763.5,-0.05229,-42.43292,0.0,0,-1.0,-1.0,-1.0,-1.0,-1.0,0.0,0.0,0.0,0.0
1791663766.53,3414976.7,789.2,220171.3,220171.3,516.1,1789.4,1562.0,16.76,89.89,-0.0,186.01,0.0,0.0,0.0,0.0,300048.3,-194412.5,652817.9,0.3787,0.113,1763.5,-0.05219,-42.3814,0.0,0,-1.0,-1.0,-1.0,-1.0,-1.0,0.0,0.0,0.0,0.0
1791663767.03,3414977.2,789.7,220429.2,220429.2,515.2,1788.7,1561.1,16.74,89.89,-0.0,185.95,0.0,0.0,0.0,0.0,300048.3,-194412.5,652817.9,0.3787,0.113,1763.5,-0.05209,-42.32993,0.0,0,-1.0,-1.0,-1.0,-1.0,-1.0,0.0,0.0,0.0,0.0
1791663767.53,3414977.7,790.2,220676.3,220676.3,514.4,1788.0,1560.3,16.72,89.9,-0.01,185.89,0.0,0.0,0.0,0.0,300048.3,-194412.5,652817.9,0.3787,0.113,1763.5,-0.05198,-42.28055,0.0,0,-1.0,-1.0,-1.0,-1.0,-1.0,0.0,0.0,0.0,0.0
1791663768.03,3414978.2,790.7,220933.3,220933.3,513.6,1787.2,1559.5,16.7,89.9,-0.01,185.83,0.0,0.0,0.0,0.0,300048.3,-194412.5,652817.9,0.3787,0.113,1763.5,-0.05188,-42.22914,0.26,0,-1.0,-1.0,-1.0,-1.0,-1.0,0.0,0.0,0.0,0.0
1791663768.53,3414978.7,791.2,221189.9,221189.9,512.8,1786.4,1558.6,16.68,89.91,-0.01,185.77,0.0,0.0,0.0,0.0,300048.3,-194412.5,652817.9,0.3787,0.113,1763.5,-0.05178,-42.17778,0.0,0,-1.0,-1.0,-1.0,-1.0,-1.0,0.0,0.0,0.0,0.0
1791663769.03,3414979.2,791.7,221456.3,221456.3,511.9,1785.7,1557.7,16.66,89.91,-0.01,185.71,0.0,0.0,0.0,0.0,300048.3,-194412.5,652817.9,0.3787,0.113,1763.5,-0.05167,-42.1244,0.0,0,-1.0,-1.0,-1.0,-1.0,-1.0,0.0,0.0,0.0,0.0
1791663769.54,3414979.7,792.2,221712.0,221712.0,511.0,1784.9,1556.9,16.64,89.91,-0.01,185.65,0.0,0.0,0.0,0.0,300048.3,-194412.5,652817.9,0.3787,0.113,1763.5,-0.05156,-42.07311,0.0,0,-1.0,-1.0,-1.0,-1.0,-1.0,0.0,0.0,0.0,0.0
1791663770.04,3414980.2,792.7,221967.3,221967.3,510.2,1784.2,1556.0,16.63,89.91,-0.01,185.59,0.0,0.0,0.0,0.0,300048.3,-194412.5,652817.9,0.3787,0.113,1763.5,-0.05146,-42.02186,0.0,0,-1.0,-1.0,-1.0,-1.0,-1.0,0.0,0.0,0.0,0.0
1791663770.54,3414980.7,793.2,222222.2,222222.2,509.4,1783.4,1555.2,16.61,89.91,-0.01,185.53,0.0,0.0,0.0,0.0,300048.3,-194412.5,652817.9,0.3787,0.113,1763.5,-0.05135,-41.97064,0.0,0,-1.0,-1.0,-1.0,-1.0,-1.0,0.0,0.0,0.0,0.0
1791663771.05,3414981.2,793.7,222476.7,222476.7,508.5,1782.7,1554.3,16.59,89.91,-0.0,185.47,0.0,0.0,0.0,0.0,300048.3,-194412.5,652817.9,0.3787,0.113,1763.5,-0.05125,-41.91946,0.0,0,-1.0,-1.0,-1.0,-1.0,-1.0,0.0,0.0,0.0,0.0
1791663771.55,3414981.7,794.2,222730.8,222730.8,507.7,1781.9,1553.5,16.57,89.91,-0.0,185.42,0.0,0.0,0.0,0.0,300048.3,-194412.5,652817.9,0.3787,0.113,1763.5,-0.05114,-41.86832,0.0,0,-1.0,-1.0,-1.0,-1.0,-1.0,0.0,0.0,0.0,0.0
1791663772.05,3414982.2,794.7,222984.4,222984.4,506.9,1781.2,1552.7,16.55,89.9,0.0,185.36,0.0,0.0,0.0,0.0,300048.3,-194412.5,652817.9,0.3787,0.113,1763.5,-0.05104,-41.81722,0.0,0,-1.0,-1.0,-1.0,-1.0,-1.0,0.0,0.0,0.0,0.0
1791663772.55,3414982.7,795.2,223247.8,223247.8,506.0,1780.4,1551.8,16.53,89.9,0.01,185.29,0.0,0.0,0.0,0.0,300048.3,-194412.5,652817.9,0.3787,0.113,1763.5,-0.05093,-41.76411,0.0,0,-1.0,-1.0,-1.0,-1.0,-1.0,0.0,0.0,0.0,0.0
1791663773.06,3414983.2,795.7,223500.6,223500.5,505.2,1779.7,1550.9,16.5,89.89,0.01,185.23,0.0,0.0,0.0,0.0,300048.3,-194412.5,652817.9,0.3787,0.113,1763.5,-0.05083,-41.71308,0.0,0,-1.0,-1.0,-1.0,-1.0,-1.0,0.0,0.0,0.0,0.0
1791663773.56,3414983.7,796.2,223752.9,223752.9,504.3,1778.9,1550.1,16.48,89.89,0.01,185.18,0.0,0.0,0.0,0.0,300048.3,-194412.5,652817.9,0.3787,0.113,1763.5,-0.05072,-41.66208,0.0,0,-1.0,-1.0,-1.0,-1.0,-1.0,0.0,0.0,0.0,0.0
1791663774.07,3414984.2,796.7,224015.0,224015.0,503.5,1778.2,1549.2,16.45,89.89,0.01,185.11,0.0,0.0,0.0,0.0,300048.3,-194412.5,652817.9,0.3787,0.113,1763.5,-0.05061,-41.60909,0.0,0,-1.0,-1.0,-1.0,-1.0,-1.0,0.0,0.0,0.0,0.0
1791663774.57,3414984.7,797.2,224266.5,224266.5,502.6,1777.4,1548.4,16.43,89.89,0.01,185.05,0.0,0.0,0.0,0.0,300048.3,-194412.5,652817.9,0.3787,0.113,1763.5,-0.05051,-41.55817,0.0,0,-1.0,-1.0,-1.0,-1.0,-1.0,0.0,0.0,0.0,0.0
1791663775.07,3414985.1,797.7,224447.3,224447.3,502.0,1776.9,1547.8,16.41,89.89,0.01,185.01,0.0,0.0,0.0,0.0,300048.3,-194412.5,652817.9,0.3787,0.113,1763.5,-0.05043,-41.52153,0.0,0,-1.0,-1.0,-1.0,-1.0,-1.0,0.0,0.0,0.0,0.0
1791663775.57,3414985.6,798.2,224698.1,224698.1,501.2,1776.2,1547.0,16.39,89.89,0.0,184.95,0.0,0.0,0.0,0.0,300048.3,-194412.5,652817.9,0.3787,0.113,1763.5,-0.05033,-41.47067,0.0,0,-1.0,-1.0,-1.0,-1.0,-1.0,0.0,0.0,0.0,0.0
1791663776.08,3414986.1,798.7,224948.5,224948.5,500.4,1775.4,1546.2,16.36,89.89,-0.0,184.89,0.0,0.0,0.0,0.0,300048.3,-194412.5,652817.9,0.3787,0.113,1763.5,-0.05023,-41.41985,0.0,0,-1.0,-1.0,-1.0,-1.0,-1.0,0.0,0.0,0.0,0.0
1791663776.58,3414986.6,799.3,225198.5,225198.5,499.5,1774.7,1545.3,16.34,89.9,-0.01,184.83,0.0,0.0,0.0,0.0,300048.3,-194412.5,652817.9,0.3787,0.113,1763.5,-0.05012,-41.36906,0.0,0,-1.0,-1.0,-1.0,-1.0,-1.0,0.0,0.0,0.0,0.0
1791663777.08,3414987.1,799.8,225448.0,225448.0,498.7,1774.0,1544.5,16.32,89.9,-0.01,184.78,0.0,0.0,0.0,0.0,300048.3,-194412.5,652817.9,0.3787,0.113,1763.5,-0.05002,-41.31831,0.0,0,-1.0,-1.0,-1.0,-1.0,-1.0,0.0,0.0,0.0,0.0
1791663777.59,3414987.6,800.3,225707.1,225707.1,497.8,1773.2,1543.6,16.3,89.9,-0.01,184.71,0.0,0.0,0.0,0.0,300048.3,-194412.5,652817.9,0.3787,0.113,1763.5,-0.04991,-41.26557,0.0,0,-1.0,-1.0,-1.0,-1.0,-1.0,0.0,0.0,0.0,0.0
1791663778.09,3414988.1,800.8,225945.9,225945.9,497.0,1772.5,1542.9,16.28,89.91,-0.01,184.66,0.0,0.0,0.0,0.0,300048.3,-194412.5,652817.9,0.3787,0.113,1763.5,-0.04981,-41.21692,0.0,0,-1.0,-1.0,-1.0,-1.0,-1.0,0.0,0.0,0.0,0.0
1791663778.59,3414988.6,801.3,226194.2,226194.2,496.2,1771.8,1542.0,16.26,89.91,-0.01,184.6,0.0,0.0,0.0,0.0,300048.3,-194412.5,652817.9,0.3787,0.113,1763.5,-0.0497,-41.16628,0.0,0,-1.0,-1.0,-1.0,-1.0,-1.0,0.0,0.0,0.0,0.0
1791663779.09,3414989.1,801.8,226442.0,226442.0,495.3,1771.1,1541.2,16.25,89.91,-0.01,184.54,0.0,0.0,0.0,0.0,300048.3,-194412.5,652817.9,0.3787,0.113,1763.5,-0.0496,-41.11567,0.0,0,-1.0,-1.0,-1.0,-1.0,-1.0,0.0,0.0,0.0,0.0
1791663779.59,3414989.6,802.3,226699.4,226699.4,494.5,1770.3,1540.4,16.23,89.91,-0.01,184.48,0.0,0.0,0.0,0.0,300048.3,-194412.5,652817.9,0.3787,0.113,1763.5,-0.04949,-41.06307,0.0,0,-1.0,-1.0,-1.0,-1.0,-1.0,0.0,0.0,0.0,0.0
1791663780.1,3414990.1,802.8,226946.4,226946.4,493.6,1769.6,1539.5,16.21,89.91,-0.0,184.42,0.0,0.0,0.0,0.0,300048.3,-194412.5,652817.9,0.3787,0.113,1763.5,-0.04939,-41.01254,0.0,0,-1.0,-1.0,-1.0,-1.0,-1.0,0.0,0.0,0.0,0.0
1791663780.6,3414990.6,803.3,227183.2,227183.2,492.8,1768.9,1538.8,16.19,89.9,-0.0,184.36,0.0,0.0,0.0,0.0,300048.3,-194412.5,652817.9,0.3787,0.113,1763.5,-0.04929,-40.96406,0.26,0,-1.0,-1.0,-1.0,-1.0,-1.0,0.0,0.0,0.0,0.0
1791663781.1,3414991.1,803.8,227439.2,227439.2,492.0,1768.2,1537.9,16.17,89.9,0.0,184.3,0.0,0.0,0.0,0.0,300048.3,-194412.5,652817.9,0.3787,0.113,1763.5,-0.04918,-40.91157,0.0,0,-1.0,-1.0,-1.0,-1.0,-1.0,0.0,0.0,0.0,0.0
1791663781.6,3414991.6,804.3,227685.0,227685.0,491.1,1767.5,1537.1,16.15,89.9,0.01,184.24,0.0,0.0,0.0,0.0,300048.3,-194412.5,652817.9,0.3787,0.113,1763.5,-0.04907,-40.86114,0.0,0,-1.0,-1.0,-1.0,-1.0,-1.0,0.0,0.0,0.0,0.0
1791663782.1,3414992.1,804.8,227930.3,227930.3,490.3,1766.7,1536.3,16.13,89.89,0.01,184.18,0.0,0.0,0.0,0.0,300048.3,-194412.5,652817.9,0.3787,0.113,1763.5,-0.04897,-40.81075,0.0,0,-1.0,-1.0,-1.0,-1.0,-1.0,0.0,0.0,0.0,0.0
1791663782.61,3414992.6,805.3,228175.3,228175.3,489.5,1766.0,1535.5,16.1,89.89,0.01,184.13,0.0,0.0,0.0,0.0,300048.3,-194412.5,652817.9,0.3787,0.113,1763.5,-0.04886,-40.76038,0.0,0,-1.0,-1.0,-1.0,-1.0,-1.0,0.0,0.0,0.0,0.0
1791663783.11,3414993.1,805.8,228419.8,228419.8,488.6,1765.3,1534.7,16.08,89.89,0.01,184.07,0.0,0.0,0.0,0.0,300048.3,-194412.5,652817.9,0.3787,0.113,1763.5,-0.04876,-40.71006,0.0,0,-1.0,-1.0,-1.0,-1.0,-1.0,0.0,0.0,0.0,0.0
1791663783.61,3414993.6,806.3,228663.9,228663.9,487.8,1764.6,1533.9,16.05,89.89,0.01,184.01,0.0,0.0,0.0,0.0,300048.3,-194412.5,652817.9,0.3787,0.113,1763.5,-0.04866,-40.65977,0.0,0,-1.0,-1.0,-1.0,-1.0,-1.0,0.0,0.0,0.0,0.0
1791663784.11,3414994.1,806.8,228907.6,228907.6,486.9,1763.9,1533.1,16.03,89.89,0.0,183.95,0.0,0.0,0.0,0.0,300048.3,-194412.5,652817.9,0.3787,0.113,1763.5,-0.04855,-40.60951,0.0,0,-1.0,-1.0,-1.0,-1.0,-1.0,0.0,0.0,0.0,0.0
1791663784.61,3414994.6,807.3,229150.8,229150.8,486.1,1763.2,1532.2,16.0,89.89,-0.0,183.89,0.0,0.0,0.0,0.0,300048.3,-194412.5,652817.9,0.3787,0.113,1763.5,-0.04845,-40.55929,0.0,0,-1.0,-1.0,-1.0,-1.0,-1.0,0.0,0.0,0.0,0.0
1791663785.11,3414995.1,807.8,229393.7,229393.7,485.3,1762.5,1531.4,15.98,89.89,-0.0,183.83,0.0,0.0,0.0,0.0,300048.3,-194412.5,652817.9,0.3787,0.113,1763.5,-0.04834,-40.5091,0.0,0,-1.0,-1.0,-1.0,-1.0,-1.0,0.0,0.0,0.0,0.0
1791663785.62,3414995.6,808.3,229636.1,229636.1,484.4,1761.8,1530.6,15.96,89.89,-0.01,183.77,0.0,0.0,0.0,0.0,300048.3,-194412.5,652817.9,0.3787,0.113,1763.5,-0.04824,-40.45894,0.26,0,-1.0,-1.0,-1.0,-1.0,-1.0,0.0,0.0,0.0,0.0
1791663786.12,3414996.1,808.8,229887.8,229887.8,483.6,1761.0,1529.8,15.93,89.9,-0.01,183.71,0.0,0.0,0.0,0.0,300048.3,-194412.5,652817.9,0.3787,0.113,1763.5,-0.04813,-40.40682,0.0,0,-1.0,-1.0,-1.0,-1.0,-1.0,0.0,0.0,0.0,0.0
1791663786.62,3414996.6,809.3,230129.3,230129.3,482.7,1760.3,1529.0,15.91,89.9,-0.01,183.65,0.0,0.0,0.0,0.0,300048.3,-194412.5,652817.9,0.3787,0.113,1763.5,-0.04803,-40.35674,0.0,0,-1.0,-1.0,-1.0,-1.0,-1.0,0.0,0.0,0.0,0.0
1791663787.12,3414997.1,809.8,230370.5,230370.5,481.9,1759.6,1528.2,15.89,89.91,-0.01,183.6,0.0,0.0,0.0,0.0,300048.3,-194412.5,652817.9,0.3787,0.113,1763.5,-0.04792,-40.30668,0.0,0,-1.0,-1.0,-1.0,-1.0,-1.0,0.0,0.0,0.0,0.0
1791663787.63,3414997.6,810.3,230611.2,230611.2,481.1,1758.9,1527.4,15.87,89.91,-0.01,183.54,0.0,0.0,0.0,0.0,300048.3,-194412.5,652817.9,0.3787,0.113,1763.5,-0.04782,-40.25667,0.0,0,-1.0,-1.0,-1.0,-1.0,-1.0,0.0,0.0,0.0,0.0
1791663788.13,3414998.1,810.8,230851.5,230851.5,480.2,1758.2,1526.6,15.85,89.91,-0.01,183.48,0.0,0.0,0.0,0.0,300048.3,-194412.5,652817.9,0.3787,0.113,1763.5,-0.04771,-40.20668,0.0,0,-1.0,-1.0,-1.0,-1.0,-1.0,0.0,0.0,0.0,0.0
1791663788.63,3414998.6,811.3,231091.4,231091.5,479.4,1757.5,1525.8,15.84,89.91,-0.01,183.42,0.0,0.0,0.0,0.0,300048.3,-194412.5,652817.9,0.3787,0.113,1763.5,-0.04761,-40.15674,0.0,0,-1.0,-1.0,-1.0,-1.0,-1.0,0.0,0.0,0.0,0.0
1791663789.13,3414999.1,811.8,231330.9,231330.9,478.5,1756.8,1525.0,15.82,89.91,-0.0,183.36,0.0,0.0,0.0,0.0,300048.3,-194412.5,652817.9,0.3787,0.113,1763.5,-0.0475,-40.10682,0.0,0,-1.0,-1.0,-1.0,-1.0,-1.0,0.0,0.0,0.0,0.0
1791663789.63,3414999.6,812.3,231570.0,231570.0,477.7,1756.1,1524.3,15.8,89.9,0.0,183.31,0.0,0.0,0.0,0.0,300048.3,-194412.5,652817.9,0.3787,0.113,1763.5,-0.0474,-40.05694,0.0,0,-1.0,-1.0,-1.0,-1.0,-1.0,0.0,0.0,0.0,0.0
1791663790.13,3415000.2,812.8,231808.6,231808.6,476.9,1755.4,1523.5,15.78,89.9,0.01,183.24,0.0,0.0,0.0,0.0,300048.3,-194412.5,652817.9,0.3787,0.113,1763.5,-0.0473,-40.00709,0.0,0,-1.0,-1.0,-1.0,-1.0,-1.0,0.0,0.0,0.0,0.0
1791663790.64,3415000.7,813.3,232046.9,232046.9,476.0,1754.8,1522.7,15.76,89.9,0.01,183.19,0.0,0.0,0.0,0.0,300048.3,-194412.5,652817.9,0.3787,0.113,1763.5,-0.04719,-39.95727,0.0,0,-1.0,-1.0,-1.0,-1.0,-1.0,0.0,0.0,0.0,0.0
1791663791.14,3415001.2,813.8,232294.2,232294.2,475.2,1754.0,1521.9,15.73,89.89,0.01,183.13,0.0,0.0,0.0,0.0,300048.3,-194412.5,652817.9,0.3787,0.113,1763.5,-0.04708,-39.9055,0.0,0,-1.0,-1.0,-1.0,-1.0,-1.0,0.0,0.0,0.0,0.0
1791663791.64,3415001.7,814.3,232531.6,232531.5,474.3,1753.3,1521.1,15.71,89.89,0.01,183.07,0.0,0.0,0.0,0.0,300048.3,-194412.5,652817.9,0.3787,0.113,1763.5,-0.04698,-39.85575,0.0,0,-1.0,-1.0,-1.0,-1.0,-1.0,0.0,0.0,0.0,0.0
1791663792.14,3415002.2,814.8,232768.5,232768.5,473.5,1752.7,1520.3,15.69,89.89,0.01,183.01,0.0,0.0,0.0,0.0,300048.3,-194412.5,652817.9,0.3787,0.113,1763.5,-0.04688,-39.80604,0.0,0,-1.0,-1.0,-1.0,-1.0,-1.0,0.0,0.0,0.0,0.0
1791663792.64,3415002.7,815.3,233005.0,233005.0,472.7,1752.0,1519.5,15.66,89.89,0.01,182.95,0.0,0.0,0.0,0.0,300048.3,-194412.5,652817.9,0.3787,0.113,1763.5,-0.04677,-39.75636,0.0,0,-1.0,-1.0,-1.0,-1.0,-1.0,0.0,0.0,0.0,0.0
1791663793.15,3415003.2,815.8,233241.2,233241.2,471.8,1751.3,1518.7,15.63,89.89,0.0,182.9,0.0,0.0,0.0,0.0,300048.3,-194412.5,652817.9,0.3787,0.113,1763.5,-0.04667,-39.70671,0.0,0,-1.0,-1.0,-1.0,-1.0,-1.0,0.0,0.0,0.0,0.0
1791663793.65,3415003.7,816.3,233476.9,233476.9,471.0,1750.6,1518.0,15.61,89.89,-0.0,182.84,0.0,0.0,0.0,0.0,300048.3,-194412.5,652817.9,0.3787,0.113,1763.5,-0.04656,-39.65709,0.26,0,-1.0,-1.0,-1.0,-1.0,-1.0,0.0,0.0,0.0,0.0
1791663794.15,3415004.2,816.8,233712.1,233712.2,470.1,1749.9,1517.2,15.58,89.89,-0.01,182.78,0.0,0.0,0.0,0.0,300048.3,-194412.5,652817.9,0.3787,0.113,1763.5,-0.04646,-39.60751,0.0,0,-1.0,-1.0,-1.0,-1.0,-1.0,0.0,0.0,0.0,0.0
1791663794.65,3415004.7,817.3,233956.4,233956.4,469.3,1749.2,1516.4,15.56,89.89,-0.01,182.72,0.0,0.0,0.0,0.0,300048.3,-194412.5,652817.9,0.3787,0.113,1763.5,-0.04635,-39.55598,0.0,0,-1.0,-1.0,-1.0,-1.0,-1.0,0.0,0.0,0.0,0.0
1791663795.16,3415005.2,817.8,234190.8,234190.8,468.4,1748.5,1515.6,15.53,89.9,-0.01,182.66,0.0,0.0,0.0,0.0,300048.3,-194412.5,652817.9,0.3787,0.113,1763.5,-0.04625,-39.50646,0.0,0,-1.0,-1.0,-1.0,-1.0,-1.0,0.0,0.0,0.0,0.0
1791663795.66,3415005.7,818.3,234424.8,234424.8,467.6,1747.8,1514.8,15.51,89.9,-0.01,182.6,0.0,0.0,0.0,0.0,300048.3,-194412.5,652817.9,0.3787,0.113,1763.5,-0.04614,-39.45698,0.0,0,-1.0,-1.0,-1.0,-1.0,-1.0,0.0,0.0,0.0,0.0
1791663796.16,3415006.2,818.8,234658.4,234658.4,466.8,1747.2,1514.1,15.49,89.91,-0.01,182.54,0.0,0.0,0.0,0.0,300048.3,-194412.5,652817.9,0.3787,0.113,1763.5,-0.04604,-39.40753,0.26,0,-1.0,-1.0,-1.0,-1.0,-1.0,0.0,0.0,0.0,0.0
1791663796.66,3415006.7,819.3,234891.6,234891.6,465.9,1746.5,1513.3,15.47,89.91,-0.01,182.49,0.0,0.0,0.0,0.0,300048.3,-194412.5,652817.9,0.3787,0.113,1763.5,-0.04594,-39.35811,0.0,0,-1.0,-1.0,-1.0,-1.0,-1.0,0.0,0.0,0.0,0.0
1791663797.17,3415007.2,819.8,235124.4,235124.4,465.1,1745.8,1512.5,15.45,89.91,-0.01,182.43,0.0,0.0,0.0,0.0,300048.3,-194412.5,652817.9,0.3787,0.113,1763.5,-0.04583,-39.30872,0.0,0,-1.0,-1.0,-1.0,-1.0,-1.0,0.0,0.0,0.0,0.0
1791663797.67,3415007.7,820.3,235366.0,235366.0,464.2,1745.1,1511.7,15.43,89.91,-0.01,182.37,0.0,0.0,0.0,0.0,300048.3,-194412.5,652817.9,0.3787,0.113,1763.5,-0.04572,-39.25739,0.0,0,-1.0,-1.0,-1.0,-1.0,-1.0,0.0,0.0,0.0,0.0
1791663798.17,3415008.2,820.8,235588.6,235588.6,463.4,1744.5,1511.0,15.41,89.91,-0.0,182.32,0.0,0.0,0.0,0.0,300048.3,-194412.5,652817.9,0.3787,0.113,1763.5,-0.04562,-39.21004,0.0,0,-1.0,-1.0,-1.0,-1.0,-1.0,0.0,0.0,0.0,0.0
1791663798.68,3415008.7,821.3,235829.4,235829.4,462.6,1743.8,1510.2,15.4,89.9,0.0,182.26,0.0,0.0,0.0,0.0,300048.3,-194412.5,652817.9,0.3787,0.113,1763.5,-0.04552,-39.15878,0.0,0,-1.0,-1.0,-1.0,-1.0,-1.0,0.0,0.0,0.0,0.0
1791663799.18,3415009.2,821.8,236060.4,236060.4,461.7,1743.1,1509.4,15.37,89.9,0.01,182.2,0.0,0.0,0.0,0.0,300048.3,-194412.5,652817.9,0.3787,0.113,1763.5,-0.04541,-39.10952,0.0,0,-1.0,-1.0,-1.0,-1.0,-1.0,0.0,0.0,0.0,0.0
1791663799.68,3415009.7,822.4,236291.1,236291.1,460.9,1742.4,1508.7,15.35,89.9,0.01,182.14,0.0,0.0,0.0,0.0,300048.3,-194412.5,652817.9,0.3787,0.113,1763.5,-0.04531,-39.0603,0.0,0,-1.0,-1.0,-1.0,-1.0,-1.0,0.0,0.0,0.0,0.0
1791663800.18,3415010.1,822.9,236456.9,236456.9,460.3,1742.0,1508.1,15.34,89.89,0.01,182.1,0.0,0.0,0.0,0.0,300048.3,-194412.5,652817.9,0.3787,0.113,1763.5,-0.04523,-39.02488,0.0,0,-1.0,-1.0,-1.0,-1.0,-1.0,0.0,0.0,0.0,0.0
1791663800.68,3415010.6,823.4,236686.8,236686.8,459.4,1741.3,1507.4,15.31,89.89,0.01,182.04,0.0,0.0,0.0,0.0,300048.3,-194412.5,652817.9,0.3787,0.113,1763.5,-0.04513,-38.9757,0.0,0,-1.0,-1.0,-1.0,-1.0,-1.0,0.0,0.0,0.0,0.0
1791663801.19,3415011.1,823.9,236916.3,236916.3,458.6,1740.6,1506.6,15.29,89.89,0.01,181.98,0.0,0.0,0.0,0.0,300048.3,-194412.5,652817.9,0.3787,0.113,1763.5,-0.04502,-38.92656,0.0,0,-1.0,-1.0,-1.0,-1.0,-1.0,0.0,0.0,0.0,0.0
1791663801.69,3415011.6,824.4,237145.4,237145.4,457.8,1740.0,1505.8,15.26,89.89,0.01,181.93,0.0,0.0,0.0,0.0,300048.3,-194412.5,652817.9,0.3787,0.113,1763.5,-0.04492,-38.87746,0.0,0,-1.0,-1.0,-1.0,-1.0,-1.0,0.0,0.0,0.0,0.0
1791663802.19,3415012.1,824.9,237374.1,237374.1,456.9,1739.3,1505.1,15.24,89.89,0.0,181.87,0.0,0.0,0.0,0.0,300048.3,-194412.5,652817.9,0.3787,0.113,1763.5,-0.04482,-38.82838,0.0,0,-1.0,-1.0,-1.0,-1.0,-1.0,0.0,0.0,0.0,0.0
1791663802.69,3415012.6,825.4,237602.4,237602.4,456.1,1738.6,1504.3,15.21,89.89,-0.0,181.81,0.0,0.0,0.0,0.0,300048.3,-194412.5,652817.9,0.3787,0.113,1763.5,-0.04471,-38.77933,0.0,0,-1.0,-1.0,-1.0,-1.0,-1.0,0.0,0.0,0.0,0.0
1791663803.19,3415013.1,825.9,237830.2,237830.2,455.3,1738.0,1503.6,15.18,89.89,-0.01,181.75,0.0,0.0,0.0,0.0,300048.3,-194412.5,652817.9,0.3787,0.113,1763.5,-0.04461,-38.73032,0.0,0,-1.0,-1.0,-1.0,-1.0,-1.0,0.0,0.0,0.0,0.0
1791663803.69,3415013.6,826.4,238057.6,238057.6,454.4,1737.3,1502.8,15.16,89.89,-0.01,181.7,0.0,0.0,0.0,0.0,300048.3,-194412.5,652817.9,0.3787,0.113,1763.5,-0.04451,-38.68134,0.0,0,-1.0,-1.0,-1.0,-1.0,-1.0,0.0,0.0,0.0,0.0
1791663804.2,3415014.1,826.9,238284.6,238284.6,453.6,1736.7,1502.1,15.14,89.9,-0.01,181.64,0.0,0.0,0.0,0.0,300048.3,-194412.5,652817.9,0.3787,0.113,1763.5,-0.0444,-38.63238,0.0,0,-1.0,-1.0,-1.0,-1.0,-1.0,0.0,0.0,0.0,0.0
1791663804.7,3415014.6,827.4,238511.2,238511.2,452.7,1736.0,1501.3,15.11,89.9,-0.01,181.58,0.0,0.0,0.0,0.0,300048.3,-194412.5,652817.9,0.3787,0.113,1763.5,-0.0443,-38.58346,0.0,0,-1.0,-1.0,-1.0,-1.0,-1.0,0.0,0.0,0.0,0.0
1791663805.2,3415015.1,827.9,238737.4,238737.4,451.9,1735.4,1500.6,15.09,89.9,-0.01,181.52,0.0,0.0,0.0,0.0,300048.3,-194412.5,652817.9,0.3787,0.113,1763.5,-0.04419,-38.53457,0.0,0,-1.0,-1.0,-1.0,-1.0,-1.0,0.0,0.0,0.0,0.0
1791663805.7,3415015.6,828.4,238963.1,238963.1,451.1,1734.7,1499.8,15.07,89.91,-0.01,181.47,0.0,0.0,0.0,0.0,300048.3,-194412.5,652817.9,0.3787,0.113,1763.5,-0.04409,-38.48571,0.0,0,-1.0,-1.0,-1.0,-1.0,-1.0,0.0,0.0,0.0,0.0
1791663806.21,3415016.1,828.9,239197.4,239197.4,450.2,1734.0,1499.1,15.05,89.91,-0.01,181.41,0.0,0.0,0.0,0.0,300048.3,-194412.5,652817.9,0.3787,0.113,1763.5,-0.04398,-38.43493,0.0,0,-1.0,-1.0,-1.0,-1.0,-1.0,0.0,0.0,0.0,0.0
1791663806.71,3415016.6,829.4,239422.3,239422.3,449.4,1733.4,1498.3,15.03,89.91,-0.0,181.35,0.0,0.0,0.0,0.0,300048.3,-194412.5,652817.9,0.3787,0.113,1763.5,-0.04388,-38.38614,0.0,0,-1.0,-1.0,-1.0,-1.0,-1.0,0.0,0.0,0.0,0.0
1791663807.21,3415017.1,829.9,239646.8,239646.8,448.5,1732.7,1497.6,15.01,89.9,-0.0,181.29,0.0,0.0,0.0,0.0,300048.3,-194412.5,652817.9,0.3787,0.113,1763.5,-0.04377,-38.33737,0.0,0,-1.0,-1.0,-1.0,-1.0,-1.0,0.0,0.0,0.0,0.0
1791663807.71,3415017.6,830.4,239870.9,239870.9,447.7,1732.1,1496.9,14.99,89.9,0.0,181.24,0.0,0.0,0.0,0.0,300048.3,-194412.5,652817.9,0.3787,0.113,1763.5,-0.04367,-38.28864,0.0,0,-1.0,-1.0,-1.0,-1.0,-1.0,0.0,0.0,0.0,0.0
1791663808.21,3415018.1,830.9,240094.5,240094.5,446.9,1731.4,1496.1,14.97,89.9,0.01,181.18,0.0,0.0,0.0,0.0,300048.3,-194412.5,652817.9,0.3787,0.113,1763.5,-0.04357,-38.23993,0.0,0,-1.0,-1.0,-1.0,-1.0,-1.0,0.0,0.0,0.0,0.0
1791663808.71,3415018.6,831.4,240317.7,240317.7,446.0,1730.8,1495.4,14.95,89.9,0.01,181.12,0.0,0.0,0.0,0.0,300048.3,-194412.5,652817.9,0.3787,0.113,1763.5,-0.04346,-38.19126,0.26,0,-1.0,-1.0,-1.0,-1.0,-1.0,0.0,0.0,0.0,0.0
1791663809.22,3415019.1,831.9,240540.5,240540.5,445.2,1730.1,1494.6,14.93,89.89,0.01,181.06,0.0,0.0,0.0,0.0,300048.3,-194412.5,652817.9,0.3787,0.113,1763.5,-0.04336,-38.14261,0.0,0,-1.0,-1.0,-1.0,-1.0,-1.0,0.0,0.0,0.0,0.0
1791663809.72,3415019.6,832.4,240762.9,240762.9,444.3,1729.5,1493.9,14.9,89.89,0.01,181.01,0.0,0.0,0.0,0.0,300048.3,-194412.5,652817.9,0.3787,0.113,1763.5,-0.04326,-38.094,0.0,0,-1.0,-1.0,-1.0,-1.0,-1.0,0.0,0.0,0.0,0.0
1791663810.22,3415020.1,832.9,240993.7,240993.7,443.5,1728.8,1493.2,14.88,89.89,0.01,180.95,0.0,0.0,0.0,0.0,300048.3,-194412.5,652817.9,0.3787,0.113,1763.5,-0.04315,-38.04347,0.0,0,-1.0,-1.0,-1.0,-1.0,-1.0,0.0,0.0,0.0,0.0
1791663810.72,3415020.6,833.4,241215.3,241215.3,442.6,1728.2,1492.4,14.85,89.89,0.0,180.89,0.0,0.0,0.0,0.0,300048.3,-194412.5,652817.9,0.3787,0.113,1763.5,-0.04304,-37.99492,0.0,0,-1.0,-1.0,-1.0,-1.0,-1.0,0.0,0.0,0.0,0.0
1791663811.22,3415021.1,833.9,241436.4,241436.4,441.8,1727.6,1491.7,14.83,89.89,0.0,180.84,0.0,0.0,0.0,0.0,300048.3,-194412.5,652817.9,0.3787,0.113,1763.5,-0.04294,-37.94639,0.0,0,-1.0,-1.0,-1.0,-1.0,-1.0,0.0,0.0,0.0,0.0
1791663811.73,3415021.6,834.4,241657.1,241657.1,441.0,1726.9,1491.0,14.8,89.89,-0.0,180.78,0.0,0.0,0.0,0.0,300048.3,-194412.5,652817.9,0.3787,0.113,1763.5,-0.04284,-37.8979,0.0,0,-1.0,-1.0,-1.0,-1.0,-1.0,0.0,0.0,0.0,0.0
1791663812.23,3415022.1,834.9,241877.3,241877.3,440.1,1726.3,1490.2,14.77,89.89,-0.01,180.72,0.0,0.0,0.0,0.0,300048.3,-194412.5,652817.9,0.3787,0.113,1763.5,-0.04273,-37.84944,0.0,0,-1.0,-1.0,-1.0,-1.0,-1.0,0.0,0.0,0.0,0.0
1791663812.73,3415022.6,835.4,242097.2,242097.2,439.3,1725.6,1489.5,14.75,89.89,-0.01,180.67,0.0,0.0,0.0,0.0,300048.3,-194412.5,652817.9,0.3787,0.113,1763.5,-0.04263,-37.801,0.0,0,-1.0,-1.0,-1.0,-1.0,-1.0,0.0,0.0,0.0,0.0
1791663813.23,3415023.1,835.9,242316.6,242316.6,438.5,1725.0,1488.8,14.72,89.89,-0.01,180.61,0.0,0.0,0.0,0.0,300048.3,-194412.5,652817.9,0.3787,0.113,1763.5,-0.04253,-37.7526,0.0,0,-1.0,-1.0,-1.0,-1.0,-1.0,0.0,0.0,0.0,0.0
1791663813.73,3415023.6,836.4,242535.7,242535.7,437.6,1724.4,1488.1,14.7,89.9,-0.01,180.55,0.0,0.0,0.0,0.0,300048.3,-194412.5,652817.9,0.3787,0.113,1763.5,-0.04242,-37.70422,0.0,0,-1.0,-1.0,-1.0,-1.0,-1.0,0.0,0.0,0.0,0.0
1791663814.23,3415024.1,836.9,242754.3,242754.3,436.8,1723.7,1487.4,14.67,89.9,-0.01,180.49,0.0,0.0,0.0,0.0,300048.3,-194412.5,652817.9,0.3787,0.113,1763.5,-0.04232,-37.65588,0.26,0,-1.0,-1.0,-1.0,-1.0,-1.0,0.0,0.0,0.0,0.0
1791663814.74,3415024.6,837.4,242972.4,242972.4,435.9,1723.1,1486.6,14.65,89.9,-0.01,180.44,0.0,0.0,0.0,0.0,300048.3,-194412.5,652817.9,0.3787,0.113,1763.5,-0.04222,-37.60756,0.0,0,-1.0,-1.0,-1.0,-1.0,-1.0,0.0,0.0,0.0,0.0
1791663815.24,3415025.1,837.9,243190.2,243190.2,435.1,1722.5,1485.9,14.63,89.91,-0.01,180.38,0.0,0.0,0.0,0.0,300048.3,-194412.5,652817.9,0.3787,0.113,1763.5,-0.04211,-37.55928,0.0,0,-1.0,-1.0,-1.0,-1.0,-1.0,0.0,0.0,0.0,0.0
1791663815.74,3415025.6,838.4,243407.6,243407.5,434.3,1721.9,1485.2,14.61,89.91,-0.0,180.33,0.0,0.0,0.0,0.0,300048.3,-194412.5,652817.9,0.3787,0.113,1763.5,-0.04201,-37.51102,0.0,0,-1.0,-1.0,-1.0,-1.0,-1.0,0.0,0.0,0.0,0.0
1791663816.24,3415026.1,838.9,243607.1,243607.1,433.5,1721.3,1484.5,14.59,89.9,0.0,180.27,0.0,0.0,0.0,0.0,300048.3,-194412.5,652817.9,0.3787,0.113,1763.5,-0.04191,-37.46665,0.0,0,-1.0,-1.0,-1.0,-1.0,-1.0,0.0,0.0,0.0,0.0
1791663816.74,3415026.6,839.4,243823.7,243823.7,432.7,1720.7,1483.8,14.57,89.9,0.0,180.22,0.0,0.0,0.0,0.0,300048.3,-194412.5,652817.9,0.3787,0.113,1763.5,-0.04181,-37.41845,0.0,0,-1.0,-1.0,-1.0,-1.0,-1.0,0.0,0.0,0.0,0.0
1791663817.24,3415027.1,839.9,244039.8,244039.8,431.8,1720.0,1483.1,14.55,89.9,0.01,180.16,0.0,0.0,0.0,0.0,300048.3,-194412.5,652817.9,0.3787,0.113,1763.5,-0.04171,-37.37028,0.0,0,-1.0,-1.0,-1.0,-1.0,-1.0,0.0,0.0,0.0,0.0
1791663817.74,3415027.6,840.4,244255.5,244255.5,431.0,1719.4,1482.4,14.53,89.9,0.01,180.1,0.0,0.0,0.0,0.0,300048.3,-194412.5,652817.9,0.3787,0.113,1763.5,-0.0416,-37.32213,0.0,0,-1.0,-1.0,-1.0,-1.0,-1.0,0.0,0.0,0.0,0.0
1791663818.25,3415028.1,840.9,244470.8,244470.8,430.2,1718.8,1481.7,14.51,89.89,0.01,180.05,0.0,0.0,0.0,0.0,300048.3,-194412.5,652817.9,0.3787,0.113,1763.5,-0.0415,-37.27402,0.0,0,-1.0,-1.0,-1.0,-1.0,-1.0,0.0,0.0,0.0,0.0
1791663818.75,3415028.6,841.4,244685.7,244685.7,429.3,1718.2,1481.0,14.49,89.89,0.01,179.99,0.0,0.0,0.0,0.0,300048.3,-194412.5,652817.9,0.3787,0.113,1763.5,-0.0414,-37.22593,0.0,0,-1.0,-1.0,-1.0,-1.0,-1.0,0.0,0.0,0.0,0.0
1791663819.25,3415029.1,841.9,244900.1,244900.1,428.5,1717.6,1480.3,14.46,89.89,0.01,179.93,0.0,0.0,0.0,0.0,300048.3,-194412.5,652817.9,0.3787,0.113,1763.5,-0.04129,-37.17787,0.26,0,-1.0,-1.0,-1.0,-1.0,-1.0,0.0,0.0,0.0,0.0
1791663819.75,3415029.6,842.4,245114.2,245114.2,427.6,1716.9,1479.6,14.44,89.88,0.0,179.88,0.0,0.0,0.0,0.0,300048.3,-194412.5,652817.9,0.3787,0.113,1763.5,-0.04119,-37.12985,0.0,0,-1.0,-1.0,-1.0,-1.0,-1.0,0.0,0.0,0.0,0.0
1791663820.25,3415030.1,842.9,245327.8,245327.8,426.8,1716.3,1478.9,14.41,89.88,-0.0,179.82,0.0,0.0,0.0,0.0,300048.3,-194412.5,652817.9,0.3787,0.113,1763.5,-0.04109,-37.08185,0.0,0,-1.0,-1.0,-1.0,-1.0,-1.0,0.0,0.0,0.0,0.0
1791663820.76,3415030.6,843.4,245549.5,245549.5,425.9,1715.7,1478.1,14.38,89.89,-0.0,179.76,0.0,0.0,0.0,0.0,300048.3,-194412.5,652817.9,0.3787,0.113,1763.5,-0.04098,-37.03196,0.0,0,-1.0,-1.0,-1.0,-1.0,-1.0,0.0,0.0,0.0,0.0
1791663821.26,3415031.0,843.9,245745.3,245745.3,425.2,1715.1,1477.5,14.36,89.89,-0.01,179.71,0.0,0.0,0.0,0.0,300048.3,-194412.5,652817.9,0.3787,0.113,1763.5,-0.04088,-36.98785,0.0,0,-1.0,-1.0,-1.0,-1.0,-1.0,0.0,0.0,0.0,0.0
1791663821.76,3415031.2,844.4,245821.8,245821.8,424.9,1714.9,1477.2,14.35,89.89,-0.01,179.69,0.0,0.0,0.0,0.0,300048.3,-194412.5,652817.9,0.3787,0.113,1763.5,-0.04085,-36.9706,0.0,0,-1.0,-1.0,-1.0,-1.0,-1.0,0.0,0.0,0.0,0.0
1791663822.26,3415031.2,844.9,245821.8,245821.8,424.9,1714.9,1477.2,14.35,89.89,-0.01,179.69,0.0,0.0,0.0,0.0,300048.3,-194412.5,652817.9,0.3787,0.113,1763.5,-0.04085,-36.9706,0.0,0,-1.0,-1.0,-1.0,-1.0,-1.0,0.0,0.0,0.0,0.0
1791663822.77,3415031.3,845.4,245838.8,245838.8,424.8,1714.9,1477.2,14.35,89.89,-0.01,179.69,0.0,0.0,0.0,0.0,300048.3,-194412.5,652817.9,0.3787,0.113,1763.5,-0.04084,-36.96676,0.0,0,-1.0,-1.0,-1.0,-1.0,-1.0,0.0,0.0,0.0,0.0
1791663823.27,3415031.3,845.9,245838.8,245838.8,424.8,1714.9,1477.2,14.35,89.89,-0.01,179.69,0.0,0.0,0.0,0.0,300048.3,-194412.5,652817.9,0.3787,0.113,1763.5,-0.04084,-36.96676,0.0,0,-1.0,-1.0,-1.0,-1.0,-1.0,0.0,0.0,0.0,0.0
1791663823.77,3415031.3,846.4,245855.7,245855.8,424.7,1714.8,1477.1,14.34,89.89,-0.01,179.68,0.0,0.0,0.0,0.0,300048.3,-194412.5,652817.9,0.3787,0.113,1763.5,-0.04083,-36.96293,0.0,0,-1.0,-1.0,-1.0,-1.0,-1.0,0.0,0.0,0.0,0.0
1791663824.27,3415031.3,846.9,245855.7,245855.8,424.7,1714.8,1477.1,14.34,89.89,-0.01,179.68,0.0,0.0,0.0,0.0,300048.3,-194412.5,652817.9,0.3787,0.113,1763.5,-0.04083,-36.96293,0.0,0,-1.0,-1.0,-1.0,-1.0,-1.0,0.0,0.0,0.0,0.0
1791663824.77,3415031.3,847.4,245872.7,245872.7,424.7,1714.8,1477.1,14.34,89.89,-0.01,179.68,0.0,0.0,0.0,0.0,300048.3,-194412.5,652817.9,0.3787,0.113,1763.5,-0.04082,-36.9591,0.0,0,-1.0,-1.0,-1.0,-1.0,-1.0,0.0,0.0,0.0,0.0
1791663825.27,3415031.3,847.9,245872.7,245872.7,424.7,1714.8,1477.1,14.34,89.89,-0.01,179.68,0.0,0.0,0.0,0.0,300048.3,-194412.5,652817.9,0.3787,0.113,1763.5,-0.04082,-36.9591,0.0,0,-1.0,-1.0,-1.0,-1.0,-1.0,0.0,0.0,0.0,0.0
1791663825.77,3415031.4,848.4,245889.7,245889.7,424.6,1714.7,1477.0,14.34,89.89,-0.01,179.67,0.0,0.0,0.0,0.0,300048.3,-194412.5,652817.9,0.3787,0.113,1763.5,-0.04081,-36.95526,0.0,0,-1.0,-1.0,-1.0,-1.0,-1.0,0.0,0.0,0.0,0.0
1791663826.28,3415031.4,848.9,245889.7,245889.7,424.6,1714.7,1477.0,14.34,89.89,-0.01,179.67,0.0,0.0,0.0,0.0,300048.3,-194412.5,652817.9,0.3787,0.113,1763.5,-0.04081,-36.95526,0.0,0,-1.0,-1.0,-1.0,-1.0,-1.0,0.0,0.0,0.0,0.0
1791663826.78,3415031.4,849.4,245906.7,245906.7,424.5,1714.7,1477.0,14.34,89.89,-0.01,179.67,0.0,0.0,0.0,0.0,300048.3,-194412.5,652817.9,0.3787,0.113,1763.5,-0.0408,-36.95143,0.0,0,-1.0,-1.0,-1.0,-1.0,-1.0,0.0,0.0,0.0,0.0
1791663827.28,3415031.4,849.9,245906.7,245906.7,424.5,1714.7,1477.0,14.34,89.89,-0.01,179.67,0.0,0.0,0.0,0.0,300048.3,-194412.5,652817.9,0.3787,0.113,1763.5,-0.0408,-36.95143,0.0,0,-1.0,-1.0,-1.0,-1.0,-1.0,0.0,0.0,0.0,0.0
1791663827.78,3415031.5,850.5,245923.7,245923.7,424.5,1714.6,1476.9,14.33,89.89,-0.01,179.67,0.0,0.0,0.0,0.0,300048.3,-194412.5,652817.9,0.3787,0.113,1763.5,-0.0408,-36.9476,0.0,0,-1.0,-1.0,-1.0,-1.0,-1.0,0.0,0.0,0.0,0.0
1791663828.28,3415031.5,851.0,245923.7,245923.7,424.5,1714.6,1476.9,14.33,89.89,-0.01,179.67,0.0,0.0,0.0,0.0,300048.3,-194412.5,652817.9,0.3787,0.113,1763.5,-0.0408,-36.9476,0.0,0,-1.0,-1.0,-1.0,-1.0,-1.0,0.0,0.0,0.0,0.0
1791663828.78,3415031.5,851.5,245940.7,245940.7,424.4,1714.6,1476.9,14.33,89.89,-0.01,179.66,0.0,0.0,0.0,0.0,300048.3,-194412.5,652817.9,0.3787,0.113,1763.5,-0.04079,-36.94376,0.0,0,-1.0,-1.0,-1.0,-1.0,-1.0,0.0,0.0,0.0,0.0
1791663829.29,3415031.5,852.0,245940.7,245940.7,424.4,1714.6,1476.9,14.33,89.89,-0.01,179.66,0.0,0.0,0.0,0.0,300048.3,-194412.5,652817.9,0.3787,0.113,1763.5,-0.04079,-36.94376,0.0,0,-1.0,-1.0,-1.0,-1.0,-1.0,0.0,0.0,0.0,0.0
1791663829.79,3415031.5,852.5,245957.6,245957.6,424.3,1714.5,1476.8,14.33,89.89,-0.01,179.66,0.0,0.0,0.0,0.0,300048.3,-194412.5,652817.9,0.3787,0.113,1763.5,-0.04078,-36.93993,0.0,0,-1.0,-1.0,-1.0,-1.0,-1.0,0.0,0.0,0.0,0.0
1791663830.29,3415031.5,853.0,245957.6,245957.6,424.3,1714.5,1476.8,14.33,89.89,-0.01,179.66,0.0,0.0,0.0,0.0,300048.3,-194412.5,652817.9,0.3787,0.113,1763.5,-0.04078,-36.93993,0.0,0,-1.0,-1.0,-1.0,-1.0,-1.0,0.0,0.0,0.0,0.0
1791663830.79,3415031.6,853.5,245974.6,245974.6,424.3,1714.5,1476.7,14.33,89.89,-0.01,179.65,0.0,0.0,0.0,0.0,300048.3,-194412.5,652817.9,0.3787,0.113,1763.5,-0.04077,-36.9361,0.0,0,-1.0,-1.0,-1.0,-1.0,-1.0,0.0,0.0,0.0,0.0
1791663831.29,3415031.6,854.0,245974.6,245974.6,424.3,1714.5,1476.7,14.33,89.89,-0.01,179.65,0.0,0.0,0.0,0.0,300048.3,-194412.5,652817.9,0.3787,0.113,1763.5,-0.04077,-36.9361,0.0,0,-1.0,-1.0,-1.0,-1.0,-1.0,0.0,0.0,0.0,0.0
1791663831.79,3415031.6,854.5,245991.6,245991.6,424.2,1714.4,1476.7,14.33,89.89,-0.01,179.65,0.0,0.0,0.0,0.0,300048.3,-194412.5,652817.9,0.3787,0.113,1763.5,-0.04076,-36.93227,0.0,0,-1.0,-1.0,-1.0,-1.0,-1.0,0.0,0.0,0.0,0.0
1791663832.29,3415031.6,855.0,245991.6,245991.6,424.2,1714.4,1476.7,14.33,89.89,-0.01,179.65,0.0,0.0,0.0,0.0,300048.3,-194412.5,652817.9,0.3787,0.113,1763.5,-0.04076,-36.93227,0.0,0,-1.0,-1.0,-1.0,-1.0,-1.0,0.0,0.0,0.0,0.0
1791663832.8,3415031.7,855.5,246008.5,246008.5,424.1,1714.4,1476.6,14.32,89.89,-0.01,179.64,0.0,0.0,0.0,0.0,300048.3,-194412.5,652817.9,0.3787,0.113,1763.5,-0.04075,-36.92844,0.0,0,-1.0,-1.0,-1.0,-1.0,-1.0,0.0,0.0,0.0,0.0
1791663833.3,3415031.7,856.0,246008.5,246008.5,424.1,1714.4,1476.6,14.32,89.89,-0.01,179.64,0.0,0.0,0.0,0.0,300048.3,-194412.5,652817.9,0.3787,0.113,1763.5,-0.04075,-36.92844,0.0,0,-1.0,-1.0,-1.0,-1.0,-1.0,0.0,0.0,0.0,0.0
1791663833.8,3415031.7,856.5,246025.5,246025.5,424.1,1714.3,1476.6,14.32,89.89,-0.01,179.64,0.0,0.0,0.0,0.0,300048.3,-194412.5,652817.9,0.3787,0.113,1763.5,-0.04075,-36.92461,0.0,0,-1.0,-1.0,-1.0,-1.0,-1.0,0.0,0.0,0.0,0.0
1791663834.3,3415031.7,857.0,246025.5,246025.5,424.1,1714.3,1476.6,14.32,89.89,-0.01,179.64,0.0,0.0,0.0,0.0,300048.3,-194412.5,652817.9,0.3787,0.113,1763.5,-0.04075,-36.92461,0.0,0,-1.0,-1.0,-1.0,-1.0,-1.0,0.0,0.0,0.0,0.0
1791663834.8,3415031.7,857.5,246042.5,246042.5,424.0,1714.3,1476.5,14.32,89.89,-0.01,179.63,0.0,0.0,0.0,0.0,300048.3,-194412.5,652817.9,0.3787,0.113,1763.5,-0.04074,-36.92077,0.0,0,-1.0,-1.0,-1.0,-1.0,-1.0,0.0,0.0,0.0,0.0
1791663835.3,3415031.7,858.0,246042.5,246042.5,424.0,1714.3,1476.5,14.32,89.89,-0.01,179.63,0.0,0.0,0.0,0.0,300048.3,-194412.5,652817.9,0.3787,0.113,1763.5,-0.04074,-36.92077,0.0,0,-1.0,-1.0,-1.0,-1.0,-1.0,0.0,0.0,0.0,0.0
1791663835.81,3415031.8,858.5,246059.4,246059.4,423.9,1714.2,1476.5,14.32,89.89,-0.01,179.63,0.0,0.0,0.0,0.0,300048.3,-194412.5,652817.9,0.3787,0.113,1763.5,-0.04073,-36.91694,0.0,0,-1.0,-1.0,-1.0,-1.0,-1.0,0.0,0.0,0.0,0.0
1791663836.31,3415031.8,859.0,246059.4,246059.4,423.9,1714.2,1476.5,14.32,89.89,-0.01,179.63,0.0,0.0,0.0,0.0,300048.3,-194412.5,652817.9,0.3787,0.113,1763.5,-0.04073,-36.91694,0.0,0,-1.0,-1.0,-1.0,-1.0,-1.0,0.0,0.0,0.0,0.0
1791663836.81,3415031.8,859.5,246076.4,246076.4,423.9,1714.2,1476.4,14.31,89.89,-0.01,179.62,0.0,0.0,0.0,0.0,300048.3,-194412.5,652817.9,0.3787,0.113,1763.5,-0.04072,-36.91311,0.0,0,-1.0,-1.0,-1.0,-1.0,-1.0,0.0,0.0,0.0,0.0
1791663837.31,3415031.8,860.0,246076.4,246076.4,423.9,1714.2,1476.4,14.31,89.89,-0.01,179.62,0.0,0.0,0.0,0.0,300048.3,-194412.5,652817.9,0.3787,0.113,1763.5,-0.04072,-36.91311,0.0,0,-1.0,-1.0,-1.0,-1.0,-1.0,0.0,0.0,0.0,0.0
1791663837.81,3415031.9,860.5,246093.3,246093.3,423.8,1714.1,1476.4,14.31,89.89,-0.01,179.62,0.0,0.0,0.0,0.0,300048.3,-194412.5,652817.9,0.3787,0.113,1763.5,-0.04071,-36.90928,0.0,0,-1.0,-1.0,-1.0,-1.0,-1.0,0.0,0.0,0.0,0.0
1791663838.31,3415031.9,861.0,246093.3,246093.3,423.8,1714.1,1476.4,14.31,89.89,-0.01,179.62,0.0,0.0,0.0,0.0,300048.3,-194412.5,652817.9,0.3787,0.113,1763.5,-0.04071,-36.90928,0.0,0,-1.0,-1.0,-1.0,-1.0,-1.0,0.0,0.0,0.0,0.0
1791663838.81,3415031.9,861.5,246110.3,246110.3,423.7,1714.1,1476.3,14.31,89.89,-0.01,179.62,0.0,0.0,0.0,0.0,300048.3,-194412.5,652817.9,0.3787,0.113,1763.5,-0.0407,-36.90545,0.0,0,-1.0,-1.0,-1.0,-1.0,-1.0,0.0,0.0,0.0,0.0
1791663839.32,3415031.9,862.0,246110.3,246110.3,423.7,1714.1,1476.3,14.31,89.89,-0.01,179.62,0.0,0.0,0.0,0.0,300048.3,-194412.5,652817.9,0.3787,0.113,1763.5,-0.0407,-36.90545,0.0,0,-1.0,-1.0,-1.0,-1.0,-1.0,0.0,0.0,0.0,0.0
1791663839.82,3415031.9,862.5,246127.2,246127.2,423.7,1714.0,1476.2,14.31,89.89,-0.01,179.61,0.0,0.0,0.0,0.0,300048.3,-194412.5,652817.9,0.3787,0.113,1763.5,-0.0407,-36.90162,0.0,0,-1.0,-1.0,-1.0,-1.0,-1.0,0.0,0.0,0.0,0.0
1791663840.32,3415031.9,863.0,246127.2,246127.2,423.7,1714.0,1476.2,14.31,89.89,-0.01,179.61,0.0,0.0,0.0,0.0,300048.3,-194412.5,652817.9,0.3787,0.113,1763.5,-0.0407,-36.90162,0.0,0,-1.0,-1.0,-1.0,-1.0,-1.0,0.0,0.0,0.0,0.0
1791663840.82,3415032.0,863.5,246144.2,246144.2,423.6,1714.0,1476.2,14.31,89.89,-0.01,179.61,0.0,0.0,0.0,0.0,300048.3,-194412.5,652817.9,0.3787,0.113,1763.5,-0.04069,-36.89779,0.0,0,-1.0,-1.0,-1.0,-1.0,-1.0,0.0,0.0,0.0,0.0
1791663841.32,3415032.0,864.0,246144.2,246144.2,423.6,1714.0,1476.2,14.31,89.89,-0.01,179.61,0.0,0.0,0.0,0.0,300048.3,-194412.5,652817.9,0.3787,0.113,1763.5,-0.04069,-36.89779,0.0,0,-1.0,-1.0,-1.0,-1.0,-1.0,0.0,0.0,0.0,0.0
1791663841.82,3415032.0,864.5,246161.1,246161.1,423.5,1713.9,1476.1,14.3,89.89,-0.01,179.6,0.0,0.0,0.0,0.0,300048.3,-194412.5,652817.9,0.3787,0.113,1763.5,-0.04068,-36.89396,0.0,0,-1.0,-1.0,-1.0,-1.0,-1.0,0.0,0.0,0.0,0.0
1791663842.33,3415032.0,865.0,246161.1,246161.1,423.5,1713.9,1476.1,14.3,89.89,-0.01,179.6,0.0,0.0,0.0,0.0,300048.3,-194412.5,652817.9,0.3787,0.113,1763.5,-0.04068,-36.89396,0.0,0,-1.0,-1.0,-1.0,-1.0,-1.0,0.0,0.0,0.0,0.0
1791663842.83,3415032.1,865.5,246178.1,246178.1,423.5,1713.9,1476.1,14.3,89.89,-0.01,179.6,0.0,0.0,0.0,0.0,300048.3,-194412.5,652817.9,0.3787,0.113,1763.5,-0.04067,-36.89013,0.0,0,-1.0,-1.0,-1.0,-1.0,-1.0,0.0,0.0,0.0,0.0
1791663843.33,3415032.1,866.0,246178.1,246178.1,423.5,1713.9,1476.1,14.3,89.89,-0.01,179.6,0.0,0.0,0.0,0.0,300048.3,-194412.5,652817.9,0.3787,0.113,1763.5,-0.04067,-36.89013,0.0,0,-1.0,-1.0,-1.0,-1.0,-1.0,0.0,0.0,0.0,0.0
1791663843.83,3415032.1,866.5,246195.0,246195.0,423.4,1713.8,1476.0,14.3,89.89,-0.01,179.59,0.0,0.0,0.0,0.0,300048.3,-194412.5,652817.9,0.3787,0.113,1763.5,-0.04066,-36.8863,0.0,0,-1.0,-1.0,-1.0,-1.0,-1.0,0.0,0.0,0.0,0.0
1791663844.33,3415032.1,867.0,246195.0,246195.0,423.4,1713.8,1476.0,14.3,89.89,-0.01,179.59,0.0,0.0,0.0,0.0,300048.3,-194412.5,652817.9,0.3787,0.113,1763.5,-0.04066,-36.8863,0.0,0,-1.0,-1.0,-1.0,-1.0,-1.0,0.0,0.0,0.0,0.0
1791663844.83,3415032.1,867.5,246211.9,246211.9,423.3,1713.8,1476.0,14.3,89.89,-0.01,179.59,0.0,0.0,0.0,0.0,300048.3,-194412.5,652817.9,0.3787,0.113,1763.5,-0.04066,-36.88247,0.0,0,-1.0,-1.0,-1.0,-1.0,-1.0,0.0,0.0,0.0,0.0
1791663845.33,3415032.1,868.0,246211.9,246211.9,423.3,1713.8,1476.0,14.3,89.89,-0.01,179.59,0.0,0.0,0.0,0.0,300048.3,-194412.5,652817.9,0.3787,0.113,1763.5,-0.04066,-36.88247,0.0,0,-1.0,-1.0,-1.0,-1.0,-1.0,0.0,0.0,0.0,0.0
1791663845.84,3415032.2,868.5,246228.9,246228.9,423.3,1713.7,1475.9,14.3,89.89,-0.01,179.58,0.0,0.0,0.0,0.0,300048.3,-194412.5,652817.9,0.3787,0.113,1763.5,-0.04065,-36.87864,0.0,0,-1.0,-1.0,-1.0,-1.0,-1.0,0.0,0.0,0.0,0.0
1791663846.34,3415032.2,869.0,246228.9,246228.9,423.3,1713.7,1475.9,14.3,89.89,-0.01,179.58,0.0,0.0,0.0,0.0,300048.3,-194412.5,652817.9,0.3787,0.113,1763.5,-0.04065,-36.87864,0.0,0,-1.0,-1.0,-1.0,-1.0,-1.0,0.0,0.0,0.0,0.0
1791663846.84,3415032.2,869.5,246245.8,246245.8,423.2,1713.7,1475.9,14.29,89.89,-0.01,179.58,0.0,0.0,0.0,0.0,300048.3,-194412.5,652817.9,0.3787,0.113,1763.5,-0.04064,-36.87481,0.0,0,-1.0,-1.0,-1.0,-1.0,-1.0,0.0,0.0,0.0,0.0
1791663847.34,3415032.2,870.0,246245.8,246245.8,423.2,1713.7,1475.9,14.29,89.89,-0.01,179.58,0.0,0.0,0.0,0.0,300048.3,-194412.5,652817.9,0.3787,0.113,1763.5,-0.04064,-36.87481,0.0,0,-1.0,-1.0,-1.0,-1.0,-1.0,0.0,0.0,0.0,0.0
1791663847.84,3415032.3,870.5,246262.7,246262.7,423.1,1713.6,1475.8,14.29,89.89,-0.01,179.58,0.0,0.0,0.0,0.0,300048.3,-194412.5,652817.9,0.3787,0.113,1763.5,-0.04063,-36.87098,0.0,0,-1.0,-1.0,-1.0,-1.0,-1.0,0.0,0.0,0.0,0.0
1791663848.34,3415032.3,871.0,246262.7,246262.7,423.1,1713.6,1475.8,14.29,89.89,-0.01,179.58,0.0,0.0,0.0,0.0,300048.3,-194412.5,652817.9,0.3787,0.113,1763.5,-0.04063,-36.87098,0.0,0,-1.0,-1.0,-1.0,-1.0,-1.0,0.0,0.0,0.0,0.0
1791663848.85,3415032.3,871.5,246279.6,246279.6,423.1,1713.6,1475.7,14.29,89.89,-0.01,179.57,0.0,0.0,0.0,0.0,300048.3,-194412.5,652817.9,0.3787,0.113,1763.5,-0.04062,-36.86715,0.0,0,-1.0,-1.0,-1.0,-1.0,-1.0,0.0,0.0,0.0,0.0
1791663849.35,3415032.3,872.0,246279.6,246279.6,423.1,1713.6,1475.7,14.29,89.89,-0.01,179.57,0.0,0.0,0.0,0.0,300048.3,-194412.5,652817.9,0.3787,0.113,1763.5,-0.04062,-36.86715,0.0,0,-1.0,-1.0,-1.0,-1.0,-1.0,0.0,0.0,0.0,0.0
1791663849.85,3415032.3,872.5,246296.6,246296.6,423.0,1713.5,1475.7,14.29,89.89,-0.01,179.57,0.0,0.0,0.0,0.0,300048.3,-194412.5,652817.9,0.3787,0.113,1763.5,-0.04061,-36.86333,0.0,0,-1.0,-1.0,-1.0,-1.0,-1.0,0.0,0.0,0.0,0.0
1791663850.35,3415032.3,873.0,246296.6,246296.6,423.0,1713.5,1475.7,14.29,89.89,-0.01,179.57,0.0,0.0,0.0,0.0,300048.3,-194412.5,652817.9,0.3787,0.113,1763.5,-0.04061,-36.86333,0.0,0,-1.0,-1.0,-1.0,-1.0,-1.0,0.0,0.0,0.0,0.0
1791663850.85,3415032.4,873.5,246313.5,246313.5,422.9,1713.5,1475.6,14.29,89.89,-0.01,179.56,0.0,0.0,0.0,0.0,300048.3,-194412.5,652817.9,0.3787,0.113,1763.5,-0.04061,-36.8595,0.0,0,-1.0,-1.0,-1.0,-1.0,-1.0,0.0,0.0,0.0,0.0
1791663851.35,3415032.4,874.0,246313.5,246313.5,422.9,1713.5,1475.6,14.29,89.89,-0.01,179.56,0.0,0.0,0.0,0.0,300048.3,-194412.5,652817.9,0.3787,0.113,1763.5,-0.04061,-36.8595,0.0,0,-1.0,-1.0,-1.0,-1.0,-1.0,0.0,0.0,0.0,0.0
1791663851.85,3415032.4,874.5,246330.4,246330.4,422.9,1713.4,1475.6,14.28,89.9,-0.01,179.56,0.0,0.0,0.0,0.0,300048.3,-194412.5,652817.9,0.3787,0.113,1763.5,-0.0406,-36.85567,0.0,0,-1.0,-1.0,-1.0,-1.0,-1.0,0.0,0.0,0.0,0.0
1791663852.36,3415032.4,875.0,246330.4,246330.4,422.9,1713.4,1475.6,14.28,89.9,-0.01,179.56,0.0,0.0,0.0,0.0,300048.3,-194412.5,652817.9,0.3787,0.113,1763.5,-0.0406,-36.85567,0.0,0,-1.0,-1.0,-1.0,-1.0,-1.0,0.0,0.0,0.0,0.0
1791663852.86,3415032.5,875.5,246347.3,246347.3,422.8,1713.4,1475.5,14.28,89.9,-0.01,179.55,0.0,0.0,0.0,0.0,300048.3,-194412.5,652817.9,0.3787,0.113,1763.5,-0.04059,-36.85184,0.0,0,-1.0,-1.0,-1.0,-1.0,-1.0,0.0,0.0,0.0,0.0
1791663853.36,3415032.5,876.0,246347.3,246347.3,422.8,1713.4,1475.5,14.28,89.9,-0.01,179.55,0.0,0.0,0.0,0.0,300048.3,-194412.5,652817.9,0.3787,0.113,1763.5,-0.04059,-36.85184,0.0,0,-1.0,-1.0,-1.0,-1.0,-1.0,0.0,0.0,0.0,0.0
1791663853.86,3415032.5,876.5,246364.2,246364.2,422.7,1713.3,1475.5,14.28,89.9,-0.01,179.55,0.0,0.0,0.0,0.0,300048.3,-194412.5,652817.9,0.3787,0.113,1763.5,-0.04058,-36.84801,0.0,0,-1.0,-1.0,-1.0,-1.0,-1.0,0.0,0.0,0.0,0.0
1791663854.36,3415032.5,877.0,246364.2,246364.2,422.7,1713.3,1475.5,14.28,89.9,-0.01,179.55,0.0,0.0,0.0,0.0,300048.3,-194412.5,652817.9,0.3787,0.113,1763.5,-0.04058,-36.84801,0.0,0,-1.0,-1.0,-1.0,-1.0,-1.0,0.0,0.0,0.0,0.0
1791663854.86,3415032.5,877.5,246381.1,246381.1,422.7,1713.3,1475.4,14.28,89.9,-0.01,179.54,0.0,0.0,0.0,0.0,300048.3,-194412.5,652817.9,0.3787,0.113,1763.5,-0.04057,-36.84418,0.0,0,-1.0,-1.0,-1.0,-1.0,-1.0,0.0,0.0,0.0,0.0
1791663855.37,3415032.5,878.0,246381.1,246381.1,422.7,1713.3,1475.4,14.28,89.9,-0.01,179.54,0.0,0.0,0.0,0.0,300048.3,-194412.5,652817.9,0.3787,0.113,1763.5,-0.04057,-36.84418,0.0,0,-1.0,-1.0,-1.0,-1.0,-1.0,0.0,0.0,0.0,0.0
1791663855.87,3415032.6,878.5,246398.0,246398.0,422.6,1713.3,1475.3,14.28,89.9,-0.01,179.54,0.0,0.0,0.0,0.0,300048.3,-194412.5,652817.9,0.3787,0.113,1763.5,-0.04056,-36.84036,0.0,0,-1.0,-1.0,-1.0,-1.0,-1.0,0.0,0.0,0.0,0.0
1791663856.37,3415032.6,879.0,246398.0,246398.0,422.6,1713.3,1475.3,14.28,89.9,-0.01,179.54,0.0,0.0,0.0,0.0,300048.3,-194412.5,652817.9,0.3787,0.113,1763.5,-0.04056,-36.84036,0.0,0,-1.0,-1.0,-1.0,-1.0,-1.0,0.0,0.0,0.0,0.0
1791663856.87,3415032.6,879.5,246414.9,246414.9,422.5,1713.2,1475.3,14.27,89.9,-0.01,179.53,0.0,0.0,0.0,0.0,300048.3,-194412.5,652817.9,0.3787,0.113,1763.5,-0.04056,-36.83653,0.0,0,-1.0,-1.0,-1.0,-1.0,-1.0,0.0,0.0,0.0,0.0
1791663857.37,3415032.6,880.0,246414.9,246414.9,422.5,1713.2,1475.3,14.27,89.9,-0.01,179.53,0.0,0.0,0.0,0.0,300048.3,-194412.5,652817.9,0.3787,0.113,1763.5,-0.04056,-36.83653,0.0,0,-1.0,-1.0,-1.0,-1.0,-1.0,0.0,0.0,0.0,0.0
1791663857.87,3415032.7,880.5,246431.8,246431.8,422.5,1713.2,1475.2,14.27,89.9,-0.01,179.53,0.0,0.0,0.0,0.0,300048.3,-194412.5,652817.9,0.3787,0.113,1763.5,-0.04055,-36.8327,0.0,0,-1.0,-1.0,-1.0,-1.0,-1.0,0.0,0.0,0.0,0.0
1791663858.37,3415032.7,881.0,246431.8,246431.8,422.5,1713.2,1475.2,14.27,89.9,-0.01,179.53,0.0,0.0,0.0,0.0,300048.3,-194412.5,652817.9,0.3787,0.113,1763.5,-0.04055,-36.8327,0.0,0,-1.0,-1.0,-1.0,-1.0,-1.0,0.0,0.0,0.0,0.0
1791663858.88,3415032.7,881.5,246448.7,246448.7,422.4,1713.1,1475.2,14.27,89.9,-0.01,179.53,0.0,0.0,0.0,0.0,300048.3,-194412.5,652817.9,0.3787,0.113,1763.5,-0.04054,-36.82888,0.0,0,-1.0,-1.0,-1.0,-1.0,-1.0,0.0,0.0,0.0,0.0
1791663859.38,3415032.7,882.0,246448.7,246448.7,422.4,1713.1,1475.2,14.27,89.9,-0.01,179.53,0.0,0.0,0.0,0.0,300048.3,-194412.5,652817.9,0.3787,0.113,1763.5,-0.04054,-36.82888,0.0,0,-1.0,-1.0,-1.0,-1.0,-1.0,0.0,0.0,0.0,0.0
1791663859.88,3415032.7,882.5,246465.6,246465.6,422.3,1713.1,1475.1,14.27,89.9,-0.01,179.52,0.0,0.0,0.0,0.0,300048.3,-194412.5,652817.9,0.3787,0.113,1763.5,-0.04053,-36.82505,0.0,0,-1.0,-1.0,-1.0,-1.0,-1.0,0.0,0.0,0.0,0.0
1791663860.38,3415032.7,883.1,246465.6,246465.6,422.3,1713.1,1475.1,14.27,89.9,-0.01,179.52,0.0,0.0,0.0,0.0,300048.3,-194412.5,652817.9,0.3787,0.113,1763.5,-0.04053,-36.82505,0.0,0,-1.0,-1.0,-1.0,-1.0,-1.0,0.0,0.0,0.0,0.0
1791663860.88,3415032.8,883.6,246482.5,246482.5,422.3,1713.0,1475.1,14.27,89.9,-0.01,179.52,0.0,0.0,0.0,0.0,300048.3,-194412.5,652817.9,0.3787,0.113,1763.5,-0.04052,-36.82122,0.0,0,-1.0,-1.0,-1.0,-1.0,-1.0,0.0,0.0,0.0,0.0
1791663861.38,3415032.8,884.1,246482.5,246482.5,422.3,1713.0,1475.1,14.27,89.9,-0.01,179.52,0.0,0.0,0.0,0.0,300048.3,-194412.5,652817.9,0.3787,0.113,1763.5,-0.04052,-36.82122,0.0,0,-1.0,-1.0,-1.0,-1.0,-1.0,0.0,0.0,0.0,0.0
1791663861.89,3415032.8,884.6,246499.4,246499.4,422.2,1713.0,1475.0,14.26,89.9,-0.01,179.51,0.0,0.0,0.0,0.0,300048.3,-194412.5,652817.9,0.3787,0.113,1763.5,-0.04051,-36.8174,0.0,0,-1.0,-1.0,-1.0,-1.0,-1.0,0.0,0.0,0.0,0.0
1791663862.39,3415032.8,885.1,246499.4,246499.4,422.2,1713.0,1475.0,14.26,89.9,-0.01,179.51,0.0,0.0,0.0,0.0,300048.3,-194412.5,652817.9,0.3787,0.113,1763.5,-0.04051,-36.8174,0.0,0,-1.0,-1.0,-1.0,-1.0,-1.0,0.0,0.0,0.0,0.0
1791663862.89,3415032.9,885.6,246516.3,246516.3,422.1,1712.9,1475.0,14.26,89.9,-0.01,179.51,0.0,0.0,0.0,0.0,300048.3,-194412.5,652817.9,0.3787,0.113,1763.5,-0.04051,-36.81357,0.0,0,-1.0,-1.0,-1.0,-1.0,-1.0,0.0,0.0,0.0,0.0
1791663863.39,3415032.9,886.1,246516.3,246516.3,422.1,1712.9,1475.0,14.26,89.9,-0.01,179.51,0.0,0.0,0.0,0.0,300048.3,-194412.5,652817.9,0.3787,0.113,1763.5,-0.04051,-36.81357,0.0,0,-1.0,-1.0,-1.0,-1.0,-1.0,0.0,0.0,0.0,0.0
1791663863.89,3415032.9,886.6,246533.2,246533.2,422.1,1712.9,1474.9,14.26,89.9,-0.01,179.5,0.0,0.0,0.0,0.0,300048.3,-194412.5,652817.9,0.3787,0.113,1763.5,-0.0405,-36.80974,0.0,0,-1.0,-1.0,-1.0,-1.0,-1.0,0.0,0.0,0.0,0.0
1791663864.39,3415032.9,887.1,246533.2,246533.2,422.1,1712.9,1474.9,14.26,89.9,-0.01,179.5,0.0,0.0,0.0,0.0,300048.3,-194412.5,652817.9,0.3787,0.113,1763.5,-0.0405,-36.80974,0.0,0,-1.0,-1.0,-1.0,-1.0,-1.0,0.0,0.0,0.0,0.0
1791663864.89,3415032.9,887.6,246550.1,246550.1,422.0,1712.8,1474.8,14.26,89.9,-0.01,179.5,0.0,0.0,0.0,0.0,300048.3,-194412.5,652817.9,0.3787,0.113,1763.5,-0.04049,-36.80592,0.0,0,-1.0,-1.0,-1.0,-1.0,-1.0,0.0,0.0,0.0,0.0
1791663865.4,3415032.9,888.1,246550.1,246550.1,422.0,1712.8,1474.8,14.26,89.9,-0.01,179.5,0.0,0.0,0.0,0.0,300048.3,-194412.5,652817.9,0.3787,0.113,1763.5,-0.04049,-36.80592,0.0,0,-1.0,-1.0,-1.0,-1.0,-1.0,0.0,0.0,0.0,0.0
1791663865.9,3415033.0,888.6,246566.9,246566.9,421.9,1712.8,1474.8,14.26,89.9,-0.01,179.49,0.0,0.0,0.0,0.0,300048.3,-194412.5,652817.9,0.3787,0.113,1763.5,-0.04048,-36.80209,0.0,0,-1.0,-1.0,-1.0,-1.0,-1.0,0.0,0.0,0.0,0.0
1791663866.4,3415033.0,889.1,246566.9,246566.9,421.9,1712.8,1474.8,14.26,89.9,-0.01,179.49,0.0,0.0,0.0,0.0,300048.3,-194412.5,652817.9,0.3787,0.113,1763.5,-0.04048,-36.80209,0.0,0,-1.0,-1.0,-1.0,-1.0,-1.0,0.0,0.0,0.0,0.0
1791663866.9,3415033.0,889.6,246583.8,246583.8,421.9,1712.7,1474.7,14.25,89.9,-0.01,179.49,0.0,0.0,0.0,0.0,300048.3,-194412.5,652817.9,0.3787,0.113,1763.5,-0.04047,-36.79827,0.0,0,-1.0,-1.0,-1.0,-1.0,-1.0,0.0,0.0,0.0,0.0
1791663867.4,3415033.0,890.1,246583.8,246583.8,421.9,1712.7,1474.7,14.25,89.9,-0.01,179.49,0.0,0.0,0.0,0.0,300048.3,-194412.5,652817.9,0.3787,0.113,1763.5,-0.04047,-36.79827,0.0,0,-1.0,-1.0,-1.0,-1.0,-1.0,0.0,0.0,0.0,0.0
1791663867.9,3415033.1,890.6,246600.7,246600.7,421.8,1712.7,1474.7,14.25,89.9,-0.01,179.49,0.0,0.0,0.0,0.0,300048.3,-194412.5,652817.9,0.3787,0.113,1763.5,-0.04047,-36.79444,0.0,0,-1.0,-1.0,-1.0,-1.0,-1.0,0.0,0.0,0.0,0.0
1791663868.41,3415033.1,891.1,246600.7,246600.7,421.8,1712.7,1474.7,14.25,89.9,-0.01,179.49,0.0,0.0,0.0,0.0,300048.3,-194412.5,652817.9,0.3787,0.113,1763.5,-0.04047,-36.79444,0.0,0,-1.0,-1.0,-1.0,-1.0,-1.0,0.0,0.0,0.0,0.0
1791663868.91,3415033.1,891.6,246617.6,246617.6,421.7,1712.6,1474.6,14.25,89.9,-0.01,179.48,0.0,0.0,0.0,0.0,300048.3,-194412.5,652817.9,0.3787,0.113,1763.5,-0.04046,-36.79062,0.0,0,-1.0,-1.0,-1.0,-1.0,-1.0,0.0,0.0,0.0,0.0
1791663869.41,3415033.1,892.1,246617.6,246617.6,421.7,1712.6,1474.6,14.25,89.9,-0.01,179.48,0.0,0.0,0.0,0.0,300048.3,-194412.5,652817.9,0.3787,0.113,1763.5,-0.04046,-36.79062,0.0,0,-1.0,-1.0,-1.0,-1.0,-1.0,0.0,0.0,0.0,0.0
1791663869.91,3415033.1,892.6,246634.4,246634.4,421.7,1712.6,1474.6,14.25,89.9,-0.01,179.48,0.0,0.0,0.0,0.0,300048.3,-194412.5,652817.9,0.3787,0.113,1763.5,-0.04045,-36.78679,0.0,0,-1.0,-1.0,-1.0,-1.0,-1.0,0.0,0.0,0.0,0.0
1791663870.41,3415033.1,893.1,246634.4,246634.4,421.7,1712.6,1474.6,14.25,89.9,-0.01,179.48,0.0,0.0,0.0,0.0,300048.3,-194412.5,652817.9,0.3787,0.113,1763.5,-0.04045,-36.78679,0.0,0,-1.0,-1.0,-1.0,-1.0,-1.0,0.0,0.0,0.0,0.0
1791663870.91,3415033.2,893.6,246651.3,246651.3,421.6,1712.5,1474.5,14.25,89.9,-0.01,179.47,0.0,0.0,0.0,0.0,300048.3,-194412.5,652817.9,0.3787,0.113,1763.5,-0.04044,-36.78297,0.0,0,-1.0,-1.0,-1.0,-1.0,-1.0,0.0,0.0,0.0,0.0
1791663871.41,3415033.2,894.1,246651.3,246651.3,421.6,1712.5,1474.5,14.25,89.9,-0.01,179.47,0.0,0.0,0.0,0.0,300048.3,-194412.5,652817.9,0.3787,0.113,1763.5,-0.04044,-36.78297,0.0,0,-1.0,-1.0,-1.0,-1.0,-1.0,0.0,0.0,0.0,0.0
1791663871.92,3415033.2,894.6,246659.7,246659.7,421.6,1712.5,1474.5,14.25,89.9,-0.01,179.47,0.0,0.0,0.0,0.0,300048.3,-194412.5,652817.9,0.3787,0.113,1763.5,-0.04044,-36.78139,0.0,0,-1.0,-1.0,-1.0,-1.0,-1.0,0.0,0.0,0.0,0.0
1791663872.42,3415033.2,895.1,246668.2,246668.2,421.5,1712.5,1474.5,14.25,89.9,-0.01,179.47,0.0,0.0,0.0,0.0,300048.3,-194412.5,652817.9,0.3787,0.113,1763.5,-0.04043,-36.77914,0.0,0,-1.0,-1.0,-1.0,-1.0,-1.0,0.0,0.0,0.0,0.0
1791663872.92,3415033.2,895.6,246668.2,246668.2,421.5,1712.5,1474.5,14.25,89.9,-0.01,179.47,0.0,0.0,0.0,0.0,300048.3,-194412.5,652817.9,0.3787,0.113,1763.5,-0.04043,-36.77914,0.0,0,-1.0,-1.0,-1.0,-1.0,-1.0,0.0,0.0,0.0,0.0
1791663873.42,3415033.3,896.1,246685.0,246685.0,421.5,1712.4,1474.4,14.24,89.9,-0.01,179.46,0.0,0.0,0.0,0.0,300048.3,-194412.5,652817.9,0.3787,0.113,1763.5,-0.04042,-36.77532,0.0,0,-1.0,-1.0,-1.0,-1.0,-1.0,0.0,0.0,0.0,0.0
1791663873.92,3415033.3,896.6,246685.0,246685.0,421.5,1712.4,1474.4,14.24,89.9,-0.01,179.46,0.0,0.0,0.0,0.0,300048.3,-194412.5,652817.9,0.3787,0.113,1763.5,-0.04042,-36.77532,0.0,0,-1.0,-1.0,-1.0,-1.0,-1.0,0.0,0.0,0.0,0.0
1791663874.42,3415033.3,897.1,246701.9,246701.9,421.4,1712.4,1474.3,14.24,89.9,-0.01,179.46,0.0,0.0,0.0,0.0,300048.3,-194412.5,652817.9,0.3787,0.113,1763.5,-0.04042,-36.77149,0.0,0,-1.0,-1.0,-1.0,-1.0,-1.0,0.0,0.0,0.0,0.0
1791663874.92,3415033.3,897.6,246701.9,246701.9,421.4,1712.4,1474.3,14.24,89.9,-0.01,179.46,0.0,0.0,0.0,0.0,300048.3,-194412.5,652817.9,0.3787,0.113,1763.5,-0.04042,-36.77149,0.0,0,-1.0,-1.0,-1.0,-1.0,-1.0,0.0,0.0,0.0,0.0
1791663875.43,3415033.3,898.1,246718.7,246718.7,421.3,1712.3,1474.3,14.24,89.9,-0.01,179.45,0.0,0.0,0.0,0.0,300048.3,-194412.5,652817.9,0.3787,0.113,1763.5,-0.04041,-36.76767,0.0,0,-1.0,-1.0,-1.0,-1.0,-1.0,0.0,0.0,0.0,0.0
1791663875.93,3415033.3,898.6,246718.7,246718.7,421.3,1712.3,1474.3,14.24,89.9,-0.01,179.45,0.0,0.0,0.0,0.0,300048.3,-194412.5,652817.9,0.3787,0.113,1763.5,-0.04041,-36.76767,0.0,0,-1.0,-1.0,-1.0,-1.0,-1.0,0.0,0.0,0.0,0.0
1791663876.43,3415033.4,899.1,246735.6,246735.6,421.3,1712.3,1474.2,14.24,89.9,-0.01,179.45,0.0,0.0,0.0,0.0,300048.3,-194412.5,652817.9,0.3787,0.113,1763.5,-0.0404,-36.76384,0.0,0,-1.0,-1.0,-1.0,-1.0,-1.0,0.0,0.0,0.0,0.0
1791663876.93,3415033.4,899.6,246735.6,246735.6,421.3,1712.3,1474.2,14.24,89.9,-0.01,179.45,0.0,0.0,0.0,0.0,300048.3,-194412.5,652817.9,0.3787,0.113,1763.5,-0.0404,-36.76384,0.0,0,-1.0,-1.0,-1.0,-1.0,-1.0,0.0,0.0,0.0,0.0
1791663877.43,3415033.4,900.1,246752.4,246752.4,421.2,1712.2,1474.2,14.24,89.9,-0.01,179.45,0.0,0.0,0.0,0.0,300048.3,-194412.5,652817.9,0.3787,0.113,1763.5,-0.04039,-36.76002,0.0,0,-1.0,-1.0,-1.0,-1.0,-1.0,0.0,0.0,0.0,0.0
1791663877.93,3415033.4,900.6,246752.4,246752.4,421.2,1712.2,1474.2,14.24,89.9,-0.01,179.45,0.0,0.0,0.0,0.0,300048.3,-194412.5,652817.9,0.3787,0.113,1763.5,-0.04039,-36.76002,0.0,0,-1.0,-1.0,-1.0,-1.0,-1.0,0.0,0.0,0.0,0.0
1791663878.44,3415033.5,901.1,246769.3,246769.3,421.1,1712.2,1474.1,14.23,89.9,-0.01,179.44,0.0,0.0,0.0,0.0,300048.3,-194412.5,652817.9,0.3787,0.113,1763.5,-0.04038,-36.7562,0.0,0,-1.0,-1.0,-1.0,-1.0,-1.0,0.0,0.0,0.0,0.0
1791663878.94,3415033.5,901.6,246769.3,246769.3,421.1,1712.2,1474.1,14.23,89.9,-0.01,179.44,0.0,0.0,0.0,0.0,300048.3,-194412.5,652817.9,0.3787,0.113,1763.5,-0.04038,-36.7562,0.0,0,-1.0,-1.0,-1.0,-1.0,-1.0,0.0,0.0,0.0,0.0
1791663879.44,3415033.5,902.1,246786.1,246786.1,421.1,1712.1,1474.1,14.23,89.9,-0.01,179.44,0.0,0.0,0.0,0.0,300048.3,-194412.5,652817.9,0.3787,0.113,1763.5,-0.04037,-36.75237,0.0,0,-1.0,-1.0,-1.0,-1.0,-1.0,0.0,0.0,0.0,0.0
1791663879.94,3415033.5,902.6,246786.1,246786.1,421.1,1712.1,1474.1,14.23,89.9,-0.01,179.44,0.0,0.0,0.0,0.0,300048.3,-194412.5,652817.9,0.3787,0.113,1763.5,-0.04037,-36.75237,0.0,0,-1.0,-1.0,-1.0,-1.0,-1.0,0.0,0.0,0.0,0.0
1791663880.44,3415033.5,903.1,246803.0,246803.0,421.0,1712.1,1474.0,14.23,89.9,-0.01,179.43,0.0,0.0,0.0,0.0,300048.3,-194412.5,652817.9,0.3787,0.113,1763.5,-0.04037,-36.74855,0.0,0,-1.0,-1.0,-1.0,-1.0,-1.0,0.0,0.0,0.0,0.0
1791663880.94,3415033.5,903.6,246803.0,246803.0,421.0,1712.1,1474.0,14.23,89.9,-0.01,179.43,0.0,0.0,0.0,0.0,300048.3,-194412.5,652817.9,0.3787,0.113,1763.5,-0.04037,-36.74855,0.0,0,-1.0,-1.0,-1.0,-1.0,-1.0,0.0,0.0,0.0,0.0
1791663881.45,3415033.6,904.1,246819.8,246819.8,420.9,1712.0,1474.0,14.23,89.9,-0.01,179.43,0.0,0.0,0.0,0.0,300048.3,-194412.5,652817.9,0.3787,0.113,1763.5,-0.04036,-36.74473,0.0,0,-1.0,-1.0,-1.0,-1.0,-1.0,0.0,0.0,0.0,0.0
1791663881.95,3415033.8,904.6,246929.2,246929.2,420.5,1711.7,1473.6,14.22,89.9,-0.01,179.4,0.0,0.0,0.0,0.0,300048.3,-194412.5,652817.9,0.3787,0.113,1763.5,-0.0403,-36.71988,0.0,0,-1.0,-1.0,-1.0,-1.0,-1.0,0.0,0.0,0.0,0.0
1791663882.46,3415034.3,905.1,247130.8,247130.8,419.7,1711.1,1472.9,14.2,89.9,-0.0,179.34,0.0,0.0,0.0,0.0,300048.3,-194412.5,652817.9,0.3787,0.113,1763.5,-0.0402,-36.67403,0.0,0,-1.0,-1.0,-1.0,-1.0,-1.0,0.0,0.0,0.0,0.0
1791663882.96,3415034.5,905.6,247206.3,247206.3,419.4,1710.9,1472.7,14.19,89.9,-0.0,179.32,0.0,0.0,0.0,0.0,300048.3,-194412.5,652817.9,0.3787,0.113,1763.5,-0.04017,-36.65684,0.0,0,-1.0,-1.0,-1.0,-1.0,-1.0,0.0,0.0,0.0,0.0
1791663883.46,3415034.5,906.1,247206.3,247206.3,419.4,1710.9,1472.7,14.19,89.9,-0.0,179.32,0.0,0.0,0.0,0.0,300048.3,-194412.5,652817.9,0.3787,0.113,1763.5,-0.04017,-36.65684,0.0,0,-1.0,-1.0,-1.0,-1.0,-1.0,0.0,0.0,0.0,0.0
1791663883.96,3415034.5,906.6,247223.1,247223.1,419.3,1710.9,1472.6,14.19,89.9,-0.0,179.32,0.0,0.0,0.0,0.0,300048.3,-194412.5,652817.9,0.3787,0.113,1763.5,-0.04016,-36.65303,0.0,0,-1.0,-1.0,-1.0,-1.0,-1.0,0.0,0.0,0.0,0.0
1791663884.46,3415034.5,907.1,247223.1,247223.1,419.3,1710.9,1472.6,14.19,89.9,-0.0,179.32,0.0,0.0,0.0,0.0,300048.3,-194412.5,652817.9,0.3787,0.113,1763.5,-0.04016,-36.65303,0.0,0,-1.0,-1.0,-1.0,-1.0,-1.0,0.0,0.0,0.0,0.0
1791663884.97,3415034.6,907.6,247239.9,247239.9,419.3,1710.8,1472.6,14.18,89.9,-0.0,179.31,0.0,0.0,0.0,0.0,300048.3,-194412.5,652817.9,0.3787,0.113,1763.5,-0.04015,-36.64921,0.0,0,-1.0,-1.0,-1.0,-1.0,-1.0,0.0,0.0,0.0,0.0
1791663885.47,3415034.6,908.1,247239.9,247239.9,419.3,1710.8,1472.6,14.18,89.9,-0.0,179.31,0.0,0.0,0.0,0.0,300048.3,-194412.5,652817.9,0.3787,0.113,1763.5,-0.04015,-36.64921,0.0,0,-1.0,-1.0,-1.0,-1.0,-1.0,0.0,0.0,0.0,0.0
1791663885.97,3415034.6,908.6,247256.7,247256.7,419.2,1710.8,1472.5,14.18,89.9,-0.0,179.31,0.0,0.0,0.0,0.0,300048.3,-194412.5,652817.9,0.3787,0.113,1763.5,-0.04014,-36.64539,0.0,0,-1.0,-1.0,-1.0,-1.0,-1.0,0.0,0.0,0.0,0.0
1791663886.47,3415034.6,909.1,247256.7,247256.7,419.2,1710.8,1472.5,14.18,89.9,-0.0,179.31,0.0,0.0,0.0,0.0,300048.3,-194412.5,652817.9,0.3787,0.113,1763.5,-0.04014,-36.64539,0.0,0,-1.0,-1.0,-1.0,-1.0,-1.0,0.0,0.0,0.0,0.0
1791663886.97,3415034.7,909.6,247273.4,247273.4,419.1,1710.7,1472.5,14.18,89.9,-0.0,179.31,0.0,0.0,0.0,0.0,300048.3,-194412.5,652817.9,0.3787,0.113,1763.5,-0.04013,-36.64157,0.0,0,-1.0,-1.0,-1.0,-1.0,-1.0,0.0,0.0,0.0,0.0
1791663887.48,3415034.7,910.1,247273.4,247273.4,419.1,1710.7,1472.5,14.18,89.9,-0.0,179.31,0.0,0.0,0.0,0.0,300048.3,-194412.5,652817.9,0.3787,0.113,1763.5,-0.04013,-36.64157,0.0,0,-1.0,-1.0,-1.0,-1.0,-1.0,0.0,0.0,0.0,0.0
1791663887.98,3415034.7,910.7,247290.2,247290.2,419.1,1710.7,1472.4,14.18,89.9,-0.0,179.3,0.0,0.0,0.0,0.0,300048.3,-194412.5,652817.9,0.3787,0.113,1763.5,-0.04013,-36.63775,0.0,0,-1.0,-1.0,-1.0,-1.0,-1.0,0.0,0.0,0.0,0.0
1791663888.48,3415034.8,911.2,247323.7,247323.7,418.9,1710.6,1472.3,14.18,89.9,-0.0,179.29,0.0,0.0,0.0,0.0,300048.3,-194412.5,652817.9,0.3787,0.113,1763.5,-0.04011,-36.63012,0.26,0,-1.0,-1.0,-1.0,-1.0,-1.0,0.0,0.0,0.0,0.0
1791663888.99,3415035.3,911.7,247541.3,247541.3,418.0,1710.0,1471.6,14.15,89.9,0.0,179.23,0.0,0.0,0.0,0.0,300048.3,-194412.5,652817.9,0.3787,0.113,1763.5,-0.04,-36.5805,0.26,0,-1.0,-1.0,-1.0,-1.0,-1.0,0.0,0.0,0.0,0.0
1791663889.49,3415035.8,912.2,247758.5,247758.5,417.2,1709.3,1470.9,14.13,89.9,0.01,179.18,0.0,0.0,0.0,0.0,300048.3,-194412.5,652817.9,0.3787,0.113,1763.5,-0.03989,-36.53092,0.0,0,-1.0,-1.0,-1.0,-1.0,-1.0,0.0,0.0,0.0,0.0
1791663890.0,3415036.3,912.7,247966.9,247966.9,416.3,1708.7,1470.2,14.11,89.9,0.01,179.12,0.0,0.0,0.0,0.0,300048.3,-194412.5,652817.9,0.3787,0.113,1763.5,-0.03979,-36.48327,0.0,0,-1.0,-1.0,-1.0,-1.0,-1.0,0.0,0.0,0.0,0.0
1791663890.59,3415036.7,913.3,248133.3,248133.3,415.7,1708.3,1469.6,14.1,89.9,0.01,179.07,0.0,0.0,0.0,0.0,300048.3,-194412.5,652817.9,0.3787,0.113,1763.5,-0.03971,-36.44517,0.0,0,-1.0,-1.0,-1.0,-1.0,-1.0,0.0,0.0,0.0,0.0
1791663891.09,3415037.3,913.8,248357.5,248357.5,414.8,1707.6,1468.9,14.07,89.89,0.01,179.01,0.0,0.0,0.0,0.0,300048.3,-194412.5,652817.9,0.3787,0.113,1763.5,-0.0396,-36.39376,0.0,0,-1.0,-1.0,-1.0,-1.0,-1.0,0.0,0.0,0.0,0.0
1791663891.59,3415037.8,914.3,248564.7,248564.7,413.9,1707.0,1468.2,14.05,89.89,0.01,178.96,0.0,0.0,0.0,0.0,300048.3,-194412.5,652817.9,0.3787,0.113,1763.5,-0.03949,-36.34619,0.0,0,-1.0,-1.0,-1.0,-1.0,-1.0,0.0,0.0,0.0,0.0
1791663892.09,3415038.3,914.8,248771.4,248771.4,413.1,1706.4,1467.5,14.02,89.88,0.0,178.9,0.0,0.0,0.0,0.0,300048.3,-194412.5,652817.9,0.3787,0.113,1763.5,-0.03939,-36.29865,0.0,0,-1.0,-1.0,-1.0,-1.0,-1.0,0.0,0.0,0.0,0.0
1791663892.6,3415038.8,915.3,248977.7,248977.8,412.3,1705.8,1466.9,14.0,89.88,-0.0,178.85,0.0,0.0,0.0,0.0,300048.3,-194412.5,652817.9,0.3787,0.113,1763.5,-0.03929,-36.25113,0.0,0,-1.0,-1.0,-1.0,-1.0,-1.0,0.0,0.0,0.0,0.0
1791663893.1,3415039.3,915.8,249183.7,249183.7,411.4,1705.2,1466.2,13.97,89.88,-0.0,178.79,0.0,0.0,0.0,0.0,300048.3,-194412.5,652817.9,0.3787,0.113,1763.5,-0.03918,-36.20364,0.0,0,-1.0,-1.0,-1.0,-1.0,-1.0,0.0,0.0,0.0,0.0
1791663893.6,3415039.8,916.3,249397.4,249397.4,410.6,1704.6,1465.5,13.95,89.89,-0.01,178.73,0.0,0.0,0.0,0.0,300048.3,-194412.5,652817.9,0.3787,0.113,1763.5,-0.03908,-36.15428,0.0,0,-1.0,-1.0,-1.0,-1.0,-1.0,0.0,0.0,0.0,0.0
1791663894.1,3415040.3,916.8,249594.3,249594.3,409.8,1704.1,1464.8,13.92,89.89,-0.01,178.68,0.0,0.0,0.0,0.0,300048.3,-194412.5,652817.9,0.3787,0.113,1763.5,-0.03898,-36.10875,0.0,0,-1.0,-1.0,-1.0,-1.0,-1.0,0.0,0.0,0.0,0.0
1791663894.6,3415040.8,917.3,249807.1,249807.1,408.9,1703.5,1464.1,13.89,89.89,-0.01,178.62,0.0,0.0,0.0,0.0,300048.3,-194412.5,652817.9,0.3787,0.113,1763.5,-0.03887,-36.05944,0.0,0,-1.0,-1.0,-1.0,-1.0,-1.0,0.0,0.0,0.0,0.0
1791663895.1,3415041.3,917.8,250011.3,250011.3,408.0,1702.9,1463.5,13.86,89.89,-0.01,178.57,0.0,0.0,0.0,0.0,300048.3,-194412.5,652817.9,0.3787,0.113,1763.5,-0.03877,-36.01206,0.0,0,-1.0,-1.0,-1.0,-1.0,-1.0,0.0,0.0,0.0,0.0
1791663895.6,3415041.8,918.3,250215.1,250215.2,407.2,1702.3,1462.8,13.84,89.9,-0.01,178.51,0.0,0.0,0.0,0.0,300048.3,-194412.5,652817.9,0.3787,0.113,1763.5,-0.03866,-35.96471,0.0,0,-1.0,-1.0,-1.0,-1.0,-1.0,0.0,0.0,0.0,0.0
1791663896.11,3415042.3,918.8,250418.5,250418.5,406.4,1701.7,1462.1,13.81,89.9,-0.01,178.45,0.0,0.0,0.0,0.0,300048.3,-194412.5,652817.9,0.3787,0.113,1763.5,-0.03856,-35.91738,0.0,0,-1.0,-1.0,-1.0,-1.0,-1.0,0.0,0.0,0.0,0.0
1791663896.61,3415042.8,919.3,250621.5,250621.5,405.5,1701.1,1461.4,13.79,89.9,-0.01,178.4,0.0,0.0,0.0,0.0,300048.3,-194412.5,652817.9,0.3787,0.113,1763.5,-0.03846,-35.87008,0.0,0,-1.0,-1.0,-1.0,-1.0,-1.0,0.0,0.0,0.0,0.0
1791663897.11,3415043.3,919.8,250824.1,250824.1,404.7,1700.5,1460.8,13.76,89.9,-0.0,178.34,0.0,0.0,0.0,0.0,300048.3,-194412.5,652817.9,0.3787,0.113,1763.5,-0.03836,-35.82281,0.0,0,-1.0,-1.0,-1.0,-1.0,-1.0,0.0,0.0,0.0,0.0
1791663897.61,3415043.8,920.3,251026.2,251026.2,403.9,1700.0,1460.1,13.74,89.9,0.0,178.29,0.0,0.0,0.0,0.0,300048.3,-194412.5,652817.9,0.3787,0.113,1763.5,-0.03825,-35.77556,0.0,0,-1.0,-1.0,-1.0,-1.0,-1.0,0.0,0.0,0.0,0.0
1791663898.11,3415044.3,920.8,251227.9,251228.0,403.0,1699.4,1459.5,13.72,89.9,0.0,178.23,0.0,0.0,0.0,0.0,300048.3,-194412.5,652817.9,0.3787,0.113,1763.5,-0.03815,-35.72834,0.0,0,-1.0,-1.0,-1.0,-1.0,-1.0,0.0,0.0,0.0,0.0
1791663898.61,3415044.8,921.3,251429.3,251429.3,402.2,1698.8,1458.8,13.7,89.9,0.01,178.18,0.0,0.0,0.0,0.0,300048.3,-194412.5,652817.9,0.3787,0.113,1763.5,-0.03805,-35.68115,0.0,0,-1.0,-1.0,-1.0,-1.0,-1.0,0.0,0.0,0.0,0.0
1791663899.12,3415045.3,921.8,251638.2,251638.2,401.3,1698.2,1458.1,13.68,89.9,0.01,178.12,0.0,0.0,0.0,0.0,300048.3,-194412.5,652817.9,0.3787,0.113,1763.5,-0.03794,-35.63209,0.0,0,-1.0,-1.0,-1.0,-1.0,-1.0,0.0,0.0,0.0,0.0
1791663899.62,3415045.8,922.3,251838.6,251838.6,400.5,1697.6,1457.4,13.66,89.9,0.01,178.06,0.0,0.0,0.0,0.0,300048.3,-194412.5,652817.9,0.3787,0.113,1763.5,-0.03784,-35.58495,0.0,0,-1.0,-1.0,-1.0,-1.0,-1.0,0.0,0.0,0.0,0.0
1791663900.12,3415046.3,922.8,252030.7,252030.7,399.7,1697.1,1456.8,13.64,89.89,0.01,178.01,0.0,0.0,0.0,0.0,300048.3,-194412.5,652817.9,0.3787,0.113,1763.5,-0.03774,-35.53972,0.0,0,-1.0,-1.0,-1.0,-1.0,-1.0,0.0,0.0,0.0,0.0
1791663900.63,3415046.8,923.3,252230.3,252230.3,398.8,1696.5,1456.2,13.61,89.89,0.01,177.95,0.0,0.0,0.0,0.0,300048.3,-194412.5,652817.9,0.3787,0.113,1763.5,-0.03763,-35.49263,0.0,0,-1.0,-1.0,-1.0,-1.0,-1.0,0.0,0.0,0.0,0.0
1791663901.13,3415047.3,923.8,252437.5,252437.5,398.0,1695.9,1455.5,13.59,89.88,0.0,177.9,0.0,0.0,0.0,0.0,300048.3,-194412.5,652817.9,0.3787,0.113,1763.5,-0.03753,-35.44369,0.0,0,-1.0,-1.0,-1.0,-1.0,-1.0,0.0,0.0,0.0,0.0
1791663901.63,3415047.8,924.3,252636.3,252636.3,397.1,1695.3,1454.8,13.56,89.88,-0.0,177.84,0.0,0.0,0.0,0.0,300048.3,-194412.5,652817.9,0.3787,0.113,1763.5,-0.03742,-35.39665,0.0,0,-1.0,-1.0,-1.0,-1.0,-1.0,0.0,0.0,0.0,0.0
1791663902.13,3415048.3,924.8,252834.6,252834.6,396.3,1694.8,1454.2,13.54,89.88,-0.0,177.79,0.0,0.0,0.0,0.0,300048.3,-194412.5,652817.9,0.3787,0.113,1763.5,-0.03732,-35.34964,0.0,0,-1.0,-1.0,-1.0,-1.0,-1.0,0.0,0.0,0.0,0.0
1791663902.64,3415048.8,925.3,253032.6,253032.6,395.5,1694.2,1453.5,13.51,89.88,-0.01,177.73,0.0,0.0,0.0,0.0,300048.3,-194412.5,652817.9,0.3787,0.113,1763.5,-0.03722,-35.30265,0.0,0,-1.0,-1.0,-1.0,-1.0,-1.0,0.0,0.0,0.0,0.0
1791663903.14,3415049.3,925.8,253230.1,253230.1,394.6,1693.6,1452.9,13.48,89.89,-0.01,177.68,0.0,0.0,0.0,0.0,300048.3,-194412.5,652817.9,0.3787,0.113,1763.5,-0.03711,-35.25569,0.0,0,-1.0,-1.0,-1.0,-1.0,-1.0,0.0,0.0,0.0,0.0
1791663903.64,3415049.8,926.3,253427.2,253427.2,393.8,1693.1,1452.2,13.45,89.89,-0.01,177.62,0.0,0.0,0.0,0.0,300048.3,-194412.5,652817.9,0.3787,0.113,1763.5,-0.03701,-35.20876,0.0,0,-1.0,-1.0,-1.0,-1.0,-1.0,0.0,0.0,0.0,0.0
1791663904.14,3415050.3,926.8,253623.9,253623.9,393.0,1692.5,1451.6,13.42,89.89,-0.01,177.57,0.0,0.0,0.0,0.0,300048.3,-194412.5,652817.9,0.3787,0.113,1763.5,-0.03691,-35.16185,0.0,0,-1.0,-1.0,-1.0,-1.0,-1.0,0.0,0.0,0.0,0.0
1791663904.64,3415050.8,927.3,253820.2,253820.2,392.1,1691.9,1450.9,13.4,89.9,-0.01,177.51,0.0,0.0,0.0,0.0,300048.3,-194412.5,652817.9,0.3787,0.113,1763.5,-0.03681,-35.11497,0.0,0,-1.0,-1.0,-1.0,-1.0,-1.0,0.0,0.0,0.0,0.0
1791663905.14,3415051.3,927.8,254016.0,254016.0,391.3,1691.4,1450.3,13.37,89.9,-0.01,177.46,0.0,0.0,0.0,0.0,300048.3,-194412.5,652817.9,0.3787,0.113,1763.5,-0.0367,-35.06811,0.0,0,-1.0,-1.0,-1.0,-1.0,-1.0,0.0,0.0,0.0,0.0
1791663905.64,3415051.8,928.3,254211.5,254211.5,390.5,1690.8,1449.6,13.35,89.9,-0.0,177.4,0.0,0.0,0.0,0.0,300048.3,-194412.5,652817.9,0.3787,0.113,1763.5,-0.0366,-35.02128,0.0,0,-1.0,-1.0,-1.0,-1.0,-1.0,0.0,0.0,0.0,0.0
1791663906.15,3415052.3,928.8,254406.5,254406.5,389.6,1690.3,1449.0,13.32,89.9,-0.0,177.34,0.0,0.0,0.0,0.0,300048.3,-194412.5,652817.9,0.3787,0.113,1763.5,-0.0365,-34.97447,0.0,0,-1.0,-1.0,-1.0,-1.0,-1.0,0.0,0.0,0.0,0.0
1791663906.65,3415052.8,929.3,254601.1,254601.1,388.8,1689.7,1448.4,13.3,89.9,0.0,177.29,0.0,0.0,0.0,0.0,300048.3,-194412.5,652817.9,0.3787,0.113,1763.5,-0.03639,-34.92769,0.0,0,-1.0,-1.0,-1.0,-1.0,-1.0,0.0,0.0,0.0,0.0
1791663907.15,3415053.3,929.8,254795.3,254795.3,387.9,1689.2,1447.7,13.28,89.9,0.01,177.23,0.0,0.0,0.0,0.0,300048.3,-194412.5,652817.9,0.3787,0.113,1763.5,-0.03629,-34.88093,0.0,0,-1.0,-1.0,-1.0,-1.0,-1.0,0.0,0.0,0.0,0.0
1791663907.65,3415053.8,930.3,254989.0,254989.0,387.1,1688.6,1447.1,13.26,89.9,0.01,177.18,0.0,0.0,0.0,0.0,300048.3,-194412.5,652817.9,0.3787,0.113,1763.5,-0.03619,-34.8342,0.0,0,-1.0,-1.0,-1.0,-1.0,-1.0,0.0,0.0,0.0,0.0
1791663908.16,3415054.3,930.8,255190.1,255190.1,386.2,1688.0,1446.4,13.23,89.9,0.01,177.12,0.0,0.0,0.0,0.0,300048.3,-194412.5,652817.9,0.3787,0.113,1763.5,-0.03608,-34.78562,0.0,0,-1.0,-1.0,-1.0,-1.0,-1.0,0.0,0.0,0.0,0.0
1791663908.66,3415054.8,931.3,255383.0,255383.0,385.4,1687.5,1445.8,13.21,89.9,0.01,177.07,0.0,0.0,0.0,0.0,300048.3,-194412.5,652817.9,0.3787,0.113,1763.5,-0.03598,-34.73894,0.0,0,-1.0,-1.0,-1.0,-1.0,-1.0,0.0,0.0,0.0,0.0
1791663909.16,3415055.3,931.8,255575.5,255575.5,384.6,1686.9,1445.2,13.19,89.89,0.01,177.01,0.0,0.0,0.0,0.0,300048.3,-194412.5,652817.9,0.3787,0.113,1763.5,-0.03588,-34.69228,0.0,0,-1.0,-1.0,-1.0,-1.0,-1.0,0.0,0.0,0.0,0.0
1791663909.66,3415055.8,932.3,255767.6,255767.6,383.7,1686.4,1444.5,13.17,89.89,0.0,176.96,0.0,0.0,0.0,0.0,300048.3,-194412.5,652817.9,0.3787,0.113,1763.5,-0.03577,-34.64565,0.0,0,-1.0,-1.0,-1.0,-1.0,-1.0,0.0,0.0,0.0,0.0
1791663910.16,3415056.3,932.8,255959.2,255959.3,382.9,1685.8,1443.9,13.14,89.88,0.0,176.9,0.0,0.0,0.0,0.0,300048.3,-194412.5,652817.9,0.3787,0.113,1763.5,-0.03567,-34.59904,0.0,0,-1.0,-1.0,-1.0,-1.0,-1.0,0.0,0.0,0.0,0.0
1791663910.66,3415056.8,933.3,256150.5,256150.5,382.1,1685.3,1443.3,13.12,89.88,-0.0,176.85,0.0,0.0,0.0,0.0,300048.3,-194412.5,652817.9,0.3787,0.113,1763.5,-0.03557,-34.55246,0.0,0,-1.0,-1.0,-1.0,-1.0,-1.0,0.0,0.0,0.0,0.0
1791663911.16,3415056.8,933.8,256158.1,256158.1,382.0,1685.3,1443.2,13.12,89.88,-0.0,176.85,0.0,0.0,0.0,0.0,300048.3,-194412.5,652817.9,0.3787,0.113,1763.5,-0.03556,-34.5506,0.0,0,-1.0,-1.0,-1.0,-1.0,-1.0,0.0,0.0,0.0,0.0
1791663911.67,3415056.8,934.3,256158.1,256158.1,382.0,1685.3,1443.2,13.12,89.88,-0.0,176.85,0.0,0.0,0.0,0.0,300048.3,-194412.5,652817.9,0.3787,0.113,1763.5,-0.03556,-34.5506,0.0,0,-1.0,-1.0,-1.0,-1.0,-1.0,0.0,0.0,0.0,0.0
1791663912.17,3415056.9,934.8,256173.4,256173.4,382.0,1685.2,1443.2,13.12,89.88,-0.0,176.84,0.0,0.0,0.0,0.0,300048.3,-194412.5,652817.9,0.3787,0.113,1763.5,-0.03556,-34.54687,0.0,0,-1.0,-1.0,-1.0,-1.0,-1.0,0.0,0.0,0.0,0.0
1791663912.67,3415056.9,935.3,256173.4,256173.4,382.0,1685.2,1443.2,13.12,89.88,-0.0,176.84,0.0,0.0,0.0,0.0,300048.3,-194412.5,652817.9,0.3787,0.113,1763.5,-0.03556,-34.54687,0.0,0,-1.0,-1.0,-1.0,-1.0,-1.0,0.0,0.0,0.0,0.0
1791663913.17,3415056.9,935.8,256188.7,256188.7,381.9,1685.2,1443.1,13.11,89.88,-0.0,176.84,0.0,0.0,0.0,0.0,300048.3,-194412.5,652817.9,0.3787,0.113,1763.5,-0.03555,-34.54315,0.0,0,-1.0,-1.0,-1.0,-1.0,-1.0,0.0,0.0,0.0,0.0
1791663913.67,3415056.9,936.3,256188.7,256188.7,381.9,1685.2,1443.1,13.11,89.88,-0.0,176.84,0.0,0.0,0.0,0.0,300048.3,-194412.5,652817.9,0.3787,0.113,1763.5,-0.03555,-34.54315,0.0,0,-1.0,-1.0,-1.0,-1.0,-1.0,0.0,0.0,0.0,0.0
1791663914.17,3415057.0,936.8,256204.0,256204.0,381.8,1685.1,1443.1,13.11,89.88,-0.0,176.83,0.0,0.0,0.0,0.0,300048.3,-194412.5,652817.9,0.3787,0.113,1763.5,-0.03554,-34.53942,0.0,0,-1.0,-1.0,-1.0,-1.0,-1.0,0.0,0.0,0.0,0.0
1791663914.68,3415057.0,937.3,256204.0,256204.0,381.8,1685.1,1443.1,13.11,89.88,-0.0,176.83,0.0,0.0,0.0,0.0,300048.3,-194412.5,652817.9,0.3787,0.113,1763.5,-0.03554,-34.53942,0.0,0,-1.0,-1.0,-1.0,-1.0,-1.0,0.0,0.0,0.0,0.0
1791663915.18,3415057.0,937.8,256219.2,256219.2,381.8,1685.1,1443.0,13.11,89.88,-0.0,176.83,0.0,0.0,0.0,0.0,300048.3,-194412.5,652817.9,0.3787,0.113,1763.5,-0.03553,-34.5357,0.0,0,-1.0,-1.0,-1.0,-1.0,-1.0,0.0,0.0,0.0,0.0
1791663915.68,3415057.0,938.3,256219.2,256219.2,381.8,1685.1,1443.0,13.11,89.88,-0.0,176.83,0.0,0.0,0.0,0.0,300048.3,-194412.5,652817.9,0.3787,0.113,1763.5,-0.03553,-34.5357,0.0,0,-1.0,-1.0,-1.0,-1.0,-1.0,0.0,0.0,0.0,0.0
1791663916.18,3415057.0,938.9,256234.5,256234.5,381.7,1685.0,1443.0,13.11,89.88,-0.0,176.82,0.0,0.0,0.0,0.0,300048.3,-194412.5,652817.9,0.3787,0.113,1763.5,-0.03552,-34.53197,0.0,0,-1.0,-1.0,-1.0,-1.0,-1.0,0.0,0.0,0.0,0.0
1791663916.68,3415057.0,939.4,256234.5,256234.5,381.7,1685.0,1443.0,13.11,89.88,-0.0,176.82,0.0,0.0,0.0,0.0,300048.3,-194412.5,652817.9,0.3787,0.113,1763.5,-0.03552,-34.53197,0.0,0,-1.0,-1.0,-1.0,-1.0,-1.0,0.0,0.0,0.0,0.0
1791663917.18,3415057.1,939.9,256249.8,256249.8,381.6,1685.0,1442.9,13.11,89.88,-0.0,176.82,0.0,0.0,0.0,0.0,300048.3,-194412.5,652817.9,0.3787,0.113,1763.5,-0.03551,-34.52825,0.0,0,-1.0,-1.0,-1.0,-1.0,-1.0,0.0,0.0,0.0,0.0
1791663917.68,3415057.1,940.4,256249.8,256249.8,381.6,1685.0,1442.9,13.11,89.88,-0.0,176.82,0.0,0.0,0.0,0.0,300048.3,-194412.5,652817.9,0.3787,0.113,1763.5,-0.03551,-34.52825,0.0,0,-1.0,-1.0,-1.0,-1.0,-1.0,0.0,0.0,0.0,0.0
1791663918.19,3415057.1,940.9,256265.0,256265.0,381.6,1685.0,1442.9,13.1,89.88,-0.0,176.81,0.0,0.0,0.0,0.0,300048.3,-194412.5,652817.9,0.3787,0.113,1763.5,-0.03551,-34.52452,0.0,0,-1.0,-1.0,-1.0,-1.0,-1.0,0.0,0.0,0.0,0.0
1791663918.69,3415057.1,941.4,256265.0,256265.0,381.6,1685.0,1442.9,13.1,89.88,-0.0,176.81,0.0,0.0,0.0,0.0,300048.3,-194412.5,652817.9,0.3787,0.113,1763.5,-0.03551,-34.52452,0.0,0,-1.0,-1.0,-1.0,-1.0,-1.0,0.0,0.0,0.0,0.0
1791663919.19,3415057.2,941.9,256280.3,256280.3,381.5,1684.9,1442.8,13.1,89.88,-0.0,176.81,0.0,0.0,0.0,0.0,300048.3,-194412.5,652817.9,0.3787,0.113,1763.5,-0.0355,-34.5208,0.0,0,-1.0,-1.0,-1.0,-1.0,-1.0,0.0,0.0,0.0,0.0
1791663919.69,3415057.2,942.4,256280.3,256280.3,381.5,1684.9,1442.8,13.1,89.88,-0.0,176.81,0.0,0.0,0.0,0.0,300048.3,-194412.5,652817.9,0.3787,0.113,1763.5,-0.0355,-34.5208,0.0,0,-1.0,-1.0,-1.0,-1.0,-1.0,0.0,0.0,0.0,0.0
1791663920.19,3415057.2,942.9,256295.6,256295.5,381.4,1684.9,1442.8,13.1,89.88,-0.0,176.81,0.0,0.0,0.0,0.0,300048.3,-194412.5,652817.9,0.3787,0.113,1763.5,-0.03549,-34.51707,0.0,0,-1.0,-1.0,-1.0,-1.0,-1.0,0.0,0.0,0.0,0.0
1791663920.69,3415057.2,943.4,256295.6,256295.5,381.4,1684.9,1442.8,13.1,89.88,-0.0,176.81,0.0,0.0,0.0,0.0,300048.3,-194412.5,652817.9,0.3787,0.113,1763.5,-0.03549,-34.51707,0.0,0,-1.0,-1.0,-1.0,-1.0,-1.0,0.0,0.0,0.0,0.0
1791663921.2,3415057.2,943.9,256310.8,256310.8,381.4,1684.8,1442.7,13.1,89.88,-0.01,176.8,0.0,0.0,0.0,0.0,300048.3,-194412.5,652817.9,0.3787,0.113,1763.5,-0.03548,-34.51335,0.0,0,-1.0,-1.0,-1.0,-1.0,-1.0,0.0,0.0,0.0,0.0
1791663921.7,3415057.2,944.4,256310.8,256310.8,381.4,1684.8,1442.7,13.1,89.88,-0.01,176.8,0.0,0.0,0.0,0.0,300048.3,-194412.5,652817.9,0.3787,0.113,1763.5,-0.03548,-34.51335,0.0,0,-1.0,-1.0,-1.0,-1.0,-1.0,0.0,0.0,0.0,0.0
1791663922.2,3415057.3,944.9,256326.1,256326.1,381.3,1684.8,1442.7,13.09,89.88,-0.01,176.8,0.0,0.0,0.0,0.0,300048.3,-194412.5,652817.9,0.3787,0.113,1763.5,-0.03547,-34.50963,0.0,0,-1.0,-1.0,-1.0,-1.0,-1.0,0.0,0.0,0.0,0.0
1791663922.7,3415057.3,945.4,256326.1,256326.1,381.3,1684.8,1442.7,13.09,89.88,-0.01,176.8,0.0,0.0,0.0,0.0,300048.3,-194412.5,652817.9,0.3787,0.113,1763.5,-0.03547,-34.50963,0.0,0,-1.0,-1.0,-1.0,-1.0,-1.0,0.0,0.0,0.0,0.0
1791663923.2,3415057.3,945.9,256341.3,256341.3,381.2,1684.7,1442.6,13.09,89.88,-0.01,176.79,0.0,0.0,0.0,0.0,300048.3,-194412.5,652817.9,0.3787,0.113,1763.5,-0.03547,-34.5059,0.0,0,-1.0,-1.0,-1.0,-1.0,-1.0,0.0,0.0,0.0,0.0
1791663923.7,3415057.3,946.4,256341.3,256341.3,381.2,1684.7,1442.6,13.09,89.88,-0.01,176.79,0.0,0.0,0.0,0.0,300048.3,-194412.5,652817.9,0.3787,0.113,1763.5,-0.03547,-34.5059,0.0,0,-1.0,-1.0,-1.0,-1.0,-1.0,0.0,0.0,0.0,0.0
1791663924.2,3415057.4,946.9,256356.6,256356.6,381.2,1684.7,1442.6,13.09,89.88,-0.01,176.79,0.0,0.0,0.0,0.0,300048.3,-194412.5,652817.9,0.3787,0.113,1763.5,-0.03546,-34.50218,0.0,0,-1.0,-1.0,-1.0,-1.0,-1.0,0.0,0.0,0.0,0.0
1791663924.71,3415057.4,947.4,256356.6,256356.6,381.2,1684.7,1442.6,13.09,89.88,-0.01,176.79,0.0,0.0,0.0,0.0,300048.3,-194412.5,652817.9,0.3787,0.113,1763.5,-0.03546,-34.50218,0.0,0,-1.0,-1.0,-1.0,-1.0,-1.0,0.0,0.0,0.0,0.0
1791663925.21,3415057.4,947.9,256371.8,256371.8,381.1,1684.6,1442.5,13.09,89.88,-0.01,176.78,0.0,0.0,0.0,0.0,300048.3,-194412.5,652817.9,0.3787,0.113,1763.5,-0.03545,-34.49846,0.0,0,-1.0,-1.0,-1.0,-1.0,-1.0,0.0,0.0,0.0,0.0
1791663925.71,3415057.4,948.4,256371.8,256371.8,381.1,1684.6,1442.5,13.09,89.88,-0.01,176.78,0.0,0.0,0.0,0.0,300048.3,-194412.5,652817.9,0.3787,0.113,1763.5,-0.03545,-34.49846,0.0,0,-1.0,-1.0,-1.0,-1.0,-1.0,0.0,0.0,0.0,0.0
1791663926.21,3415057.4,948.9,256387.0,256387.0,381.0,1684.6,1442.5,13.09,89.88,-0.01,176.78,0.0,0.0,0.0,0.0,300048.3,-194412.5,652817.9,0.3787,0.113,1763.5,-0.03544,-34.49473,0.0,0,-1.0,-1.0,-1.0,-1.0,-1.0,0.0,0.0,0.0,0.0
1791663926.71,3415057.4,949.4,256387.0,256387.0,381.0,1684.6,1442.5,13.09,89.88,-0.01,176.78,0.0,0.0,0.0,0.0,300048.3,-194412.5,652817.9,0.3787,0.113,1763.5,-0.03544,-34.49473,0.0,0,-1.0,-1.0,-1.0,-1.0,-1.0,0.0,0.0,0.0,0.0
1791663927.21,3415057.5,949.9,256402.3,256402.3,381.0,1684.6,1442.4,13.08,89.88,-0.01,176.78,0.0,0.0,0.0,0.0,300048.3,-194412.5,652817.9,0.3787,0.113,1763.5,-0.03543,-34.49101,0.0,0,-1.0,-1.0,-1.0,-1.0,-1.0,0.0,0.0,0.0,0.0
1791663927.72,3415057.6,950.4,256440.4,256440.4,380.8,1684.5,1442.3,13.08,89.88,-0.01,176.76,0.0,0.0,0.0,0.0,300048.3,-194412.5,652817.9,0.3787,0.113,1763.5,-0.03541,-34.4817,0.0,0,-1.0,-1.0,-1.0,-1.0,-1.0,0.0,0.0,0.0,0.0
1791663928.22,3415058.0,950.9,256600.2,256600.2,380.1,1684.0,1441.8,13.06,89.88,-0.01,176.72,0.0,0.0,0.0,0.0,300048.3,-194412.5,652817.9,0.3787,0.113,1763.5,-0.03533,-34.44262,0.0,0,-1.0,-1.0,-1.0,-1.0,-1.0,0.0,0.0,0.0,0.0
1791663928.72,3415058.5,951.4,256790.0,256790.0,379.3,1683.5,1441.2,13.03,89.89,-0.01,176.66,0.0,0.0,0.0,0.0,300048.3,-194412.5,652817.9,0.3787,0.113,1763.5,-0.03522,-34.39612,0.0,0,-1.0,-1.0,-1.0,-1.0,-1.0,0.0,0.0,0.0,0.0
1791663929.22,3415059.0,951.9,256987.0,256987.0,378.4,1682.9,1440.5,13.0,89.89,-0.01,176.61,0.0,0.0,0.0,0.0,300048.3,-194412.5,652817.9,0.3787,0.113,1763.5,-0.03512,-34.34779,0.0,0,-1.0,-1.0,-1.0,-1.0,-1.0,0.0,0.0,0.0,0.0
1791663929.72,3415059.5,952.4,257176.0,257176.0,377.6,1682.4,1439.9,12.97,89.89,-0.01,176.55,0.0,0.0,0.0,0.0,300048.3,-194412.5,652817.9,0.3787,0.113,1763.5,-0.03501,-34.30134,0.0,0,-1.0,-1.0,-1.0,-1.0,-1.0,0.0,0.0,0.0,0.0
1791663930.23,3415060.0,952.9,257364.5,257364.5,376.7,1681.8,1439.3,12.94,89.9,-0.01,176.5,0.0,0.0,0.0,0.0,300048.3,-194412.5,652817.9,0.3787,0.113,1763.5,-0.03491,-34.25491,0.0,0,-1.0,-1.0,-1.0,-1.0,-1.0,0.0,0.0,0.0,0.0
1791663930.73,3415060.5,953.4,257545.2,257545.2,375.9,1681.3,1438.7,12.92,89.9,-0.0,176.44,0.0,0.0,0.0,0.0,300048.3,-194412.5,652817.9,0.3787,0.113,1763.5,-0.03481,-34.21036,0.0,0,-1.0,-1.0,-1.0,-1.0,-1.0,0.0,0.0,0.0,0.0
1791663931.23,3415061.0,953.9,257740.4,257740.4,375.0,1680.7,1438.0,12.89,89.9,-0.0,176.39,0.0,0.0,0.0,0.0,300048.3,-194412.5,652817.9,0.3787,0.113,1763.5,-0.03471,-34.16213,0.0,0,-1.0,-1.0,-1.0,-1.0,-1.0,0.0,0.0,0.0,0.0
1791663931.74,3415061.5,954.4,257920.3,257920.3,374.2,1680.2,1437.4,12.87,89.9,0.0,176.33,0.0,0.0,0.0,0.0,300048.3,-194412.5,652817.9,0.3787,0.113,1763.5,-0.03461,-34.11763,0.0,0,-1.0,-1.0,-1.0,-1.0,-1.0,0.0,0.0,0.0,0.0
1791663932.24,3415062.0,954.9,258114.6,258114.6,373.4,1679.7,1436.8,12.84,89.9,0.01,176.28,0.0,0.0,0.0,0.0,300048.3,-194412.5,652817.9,0.3787,0.113,1763.5,-0.0345,-34.06944,0.0,0,-1.0,-1.0,-1.0,-1.0,-1.0,0.0,0.0,0.0,0.0
1791663932.74,3415062.5,955.4,258301.1,258301.1,372.5,1679.1,1436.2,12.82,89.9,0.01,176.22,0.0,0.0,0.0,0.0,300048.3,-194412.5,652817.9,0.3787,0.113,1763.5,-0.0344,-34.02313,0.0,0,-1.0,-1.0,-1.0,-1.0,-1.0,0.0,0.0,0.0,0.0
1791663933.24,3415063.0,955.9,258487.2,258487.2,371.7,1678.6,1435.6,12.8,89.9,0.01,176.17,0.0,0.0,0.0,0.0,300048.3,-194412.5,652817.9,0.3787,0.113,1763.5,-0.0343,-33.97685,0.0,0,-1.0,-1.0,-1.0,-1.0,-1.0,0.0,0.0,0.0,0.0
1791663933.74,3415063.4,956.4,258613.5,258613.5,371.1,1678.2,1435.2,12.78,89.9,0.01,176.13,0.0,0.0,0.0,0.0,300048.3,-194412.5,652817.9,0.3787,0.113,1763.5,-0.03423,-33.94539,0.0,0,-1.0,-1.0,-1.0,-1.0,-1.0,0.0,0.0,0.0,0.0
1791663934.25,3415063.9,956.9,258798.8,258798.8,370.3,1677.7,1434.6,12.76,89.9,0.01,176.08,0.0,0.0,0.0,0.0,300048.3,-194412.5,652817.9,0.3787,0.113,1763.5,-0.03412,-33.89915,0.0,0,-1.0,-1.0,-1.0,-1.0,-1.0,0.0,0.0,0.0,0.0
1791663934.75,3415064.4,957.4,258983.8,258983.8,369.5,1677.2,1433.9,12.74,89.89,0.0,176.02,0.0,0.0,0.0,0.0,300048.3,-194412.5,652817.9,0.3787,0.113,1763.5,-0.03402,-33.85293,0.0,0,-1.0,-1.0,-1.0,-1.0,-1.0,0.0,0.0,0.0,0.0
1791663935.25,3415064.9,957.9,259168.3,259168.3,368.6,1676.7,1433.3,12.72,89.89,0.0,175.97,0.0,0.0,0.0,0.0,300048.3,-194412.5,652817.9,0.3787,0.113,1763.5,-0.03392,-33.80673,0.0,0,-1.0,-1.0,-1.0,-1.0,-1.0,0.0,0.0,0.0,0.0
1791663935.75,3415065.4,958.4,259352.4,259352.4,367.8,1676.1,1432.7,12.69,89.88,-0.0,175.91,0.0,0.0,0.0,0.0,300048.3,-194412.5,652817.9,0.3787,0.113,1763.5,-0.03382,-33.76056,0.0,0,-1.0,-1.0,-1.0,-1.0,-1.0,0.0,0.0,0.0,0.0
1791663936.25,3415065.9,958.9,259536.1,259536.1,367.0,1675.6,1432.1,12.67,89.88,-0.0,175.86,0.0,0.0,0.0,0.0,300048.3,-194412.5,652817.9,0.3787,0.113,1763.5,-0.03371,-33.71441,0.0,0,-1.0,-1.0,-1.0,-1.0,-1.0,0.0,0.0,0.0,0.0
1791663936.75,3415066.4,959.4,259719.4,259719.4,366.1,1675.1,1431.5,12.64,89.88,-0.01,175.8,0.0,0.0,0.0,0.0,300048.3,-194412.5,652817.9,0.3787,0.113,1763.5,-0.03361,-33.66828,0.0,0,-1.0,-1.0,-1.0,-1.0,-1.0,0.0,0.0,0.0,0.0
1791663937.26,3415066.9,959.9,259902.2,259902.2,365.3,1674.6,1430.9,12.61,89.88,-0.01,175.75,0.0,0.0,0.0,0.0,300048.3,-194412.5,652817.9,0.3787,0.113,1763.5,-0.03351,-33.62218,0.0,0,-1.0,-1.0,-1.0,-1.0,-1.0,0.0,0.0,0.0,0.0
1791663937.76,3415067.4,960.4,260084.7,260084.7,364.5,1674.0,1430.3,12.58,89.88,-0.01,175.7,0.0,0.0,0.0,0.0,300048.3,-194412.5,652817.9,0.3787,0.113,1763.5,-0.03341,-33.57609,0.0,0,-1.0,-1.0,-1.0,-1.0,-1.0,0.0,0.0,0.0,0.0
1791663938.26,3415067.9,960.9,260266.7,260266.7,363.6,1673.5,1429.7,12.56,89.89,-0.01,175.64,0.0,0.0,0.0,0.0,300048.3,-194412.5,652817.9,0.3787,0.113,1763.5,-0.0333,-33.53004,0.0,0,-1.0,-1.0,-1.0,-1.0,-1.0,0.0,0.0,0.0,0.0
1791663938.76,3415068.4,961.4,260448.3,260448.3,362.8,1673.0,1429.1,12.53,89.89,-0.01,175.59,0.0,0.0,0.0,0.0,300048.3,-194412.5,652817.9,0.3787,0.113,1763.5,-0.0332,-33.484,0.0,0,-1.0,-1.0,-1.0,-1.0,-1.0,0.0,0.0,0.0,0.0
1791663939.26,3415068.9,961.9,260629.5,260629.5,362.0,1672.5,1428.5,12.5,89.89,-0.01,175.53,0.0,0.0,0.0,0.0,300048.3,-194412.5,652817.9,0.3787,0.113,1763.5,-0.0331,-33.43799,0.26,0,-1.0,-1.0,-1.0,-1.0,-1.0,0.0,0.0,0.0,0.0
1791663939.76,3415069.4,962.4,260810.2,260810.2,361.1,1672.0,1427.9,12.47,89.9,-0.0,175.48,0.0,0.0,0.0,0.0,300048.3,-194412.5,652817.9,0.3787,0.113,1763.5,-0.033,-33.392,0.0,0,-1.0,-1.0,-1.0,-1.0,-1.0,0.0,0.0,0.0,0.0
1791663940.27,3415069.9,962.9,260990.6,260990.6,360.3,1671.5,1427.4,12.44,89.9,-0.0,175.42,0.0,0.0,0.0,0.0,300048.3,-194412.5,652817.9,0.3787,0.113,1763.5,-0.03289,-33.34604,0.0,0,-1.0,-1.0,-1.0,-1.0,-1.0,0.0,0.0,0.0,0.0
1791663940.77,3415070.4,963.4,261177.7,261177.7,359.4,1670.9,1426.7,12.42,89.9,0.0,175.37,0.0,0.0,0.0,0.0,300048.3,-194412.5,652817.9,0.3787,0.113,1763.5,-0.03279,-33.29826,0.0,0,-1.0,-1.0,-1.0,-1.0,-1.0,0.0,0.0,0.0,0.0
1791663941.27,3415070.9,963.9,261350.0,261350.0,358.6,1670.4,1426.2,12.39,89.9,0.01,175.32,0.0,0.0,0.0,0.0,300048.3,-194412.5,652817.9,0.3787,0.113,1763.5,-0.03269,-33.25417,0.0,0,-1.0,-1.0,-1.0,-1.0,-1.0,0.0,0.0,0.0,0.0
1791663941.77,3415071.4,964.4,261529.1,261529.1,357.8,1669.9,1425.6,12.37,89.9,0.01,175.26,0.0,0.0,0.0,0.0,300048.3,-194412.5,652817.9,0.3787,0.113,1763.5,-0.03259,-33.20827,0.0,0,-1.0,-1.0,-1.0,-1.0,-1.0,0.0,0.0,0.0,0.0
1791663942.27,3415071.9,964.9,261714.9,261715.0,356.9,1669.4,1425.0,12.34,89.9,0.01,175.2,0.0,0.0,0.0,0.0,300048.3,-194412.5,652817.9,0.3787,0.113,1763.5,-0.03248,-33.16056,0.0,0,-1.0,-1.0,-1.0,-1.0,-1.0,0.0,0.0,0.0,0.0
1791663942.78,3415072.4,965.4,261886.1,261886.1,356.1,1668.9,1424.4,12.32,89.9,0.01,175.15,0.0,0.0,0.0,0.0,300048.3,-194412.5,652817.9,0.3787,0.113,1763.5,-0.03238,-33.11655,0.0,0,-1.0,-1.0,-1.0,-1.0,-1.0,0.0,0.0,0.0,0.0
1791663943.28,3415072.9,965.9,262071.0,262071.0,355.2,1668.4,1423.8,12.3,89.89,0.0,175.1,0.0,0.0,0.0,0.0,300048.3,-194412.5,652817.9,0.3787,0.113,1763.5,-0.03227,-33.06888,0.0,0,-1.0,-1.0,-1.0,-1.0,-1.0,0.0,0.0,0.0,0.0
1791663943.78,3415073.4,966.5,262248.4,262248.4,354.4,1667.9,1423.2,12.28,89.89,0.0,175.04,0.0,0.0,0.0,0.0,300048.3,-194412.5,652817.9,0.3787,0.113,1763.5,-0.03217,-33.02307,0.0,0,-1.0,-1.0,-1.0,-1.0,-1.0,0.0,0.0,0.0,0.0
1791663944.28,3415073.9,967.0,262425.4,262425.4,353.6,1667.4,1422.6,12.26,89.89,-0.0,174.99,0.0,0.0,0.0,0.0,300048.3,-194412.5,652817.9,0.3787,0.113,1763.5,-0.03207,-32.97729,0.0,0,-1.0,-1.0,-1.0,-1.0,-1.0,0.0,0.0,0.0,0.0
1791663944.78,3415074.4,967.5,262602.0,262602.0,352.7,1666.9,1422.1,12.23,89.88,-0.0,174.93,0.0,0.0,0.0,0.0,300048.3,-194412.5,652817.9,0.3787,0.113,1763.5,-0.03197,-32.93153,0.0,0,-1.0,-1.0,-1.0,-1.0,-1.0,0.0,0.0,0.0,0.0
1791663945.29,3415074.9,968.0,262778.2,262778.2,351.9,1666.4,1421.5,12.21,89.88,-0.01,174.88,0.0,0.0,0.0,0.0,300048.3,-194412.5,652817.9,0.3787,0.113,1763.5,-0.03187,-32.88579,0.0,0,-1.0,-1.0,-1.0,-1.0,-1.0,0.0,0.0,0.0,0.0
1791663945.79,3415075.4,968.5,262953.9,262953.9,351.1,1665.9,1420.9,12.18,89.88,-0.01,174.83,0.0,0.0,0.0,0.0,300048.3,-194412.5,652817.9,0.3787,0.113,1763.5,-0.03176,-32.84007,0.0,0,-1.0,-1.0,-1.0,-1.0,-1.0,0.0,0.0,0.0,0.0
1791663946.29,3415075.9,969.0,263129.2,263129.2,350.2,1665.4,1420.3,12.15,89.88,-0.01,174.77,0.0,0.0,0.0,0.0,300048.3,-194412.5,652817.9,0.3787,0.113,1763.5,-0.03166,-32.79437,0.0,0,-1.0,-1.0,-1.0,-1.0,-1.0,0.0,0.0,0.0,0.0
1791663946.79,3415076.4,969.5,263304.1,263304.1,349.4,1664.9,1419.8,12.13,89.88,-0.01,174.72,0.0,0.0,0.0,0.0,300048.3,-194412.5,652817.9,0.3787,0.113,1763.5,-0.03156,-32.74869,0.0,0,-1.0,-1.0,-1.0,-1.0,-1.0,0.0,0.0,0.0,0.0
1791663947.29,3415076.9,970.0,263478.6,263478.6,348.6,1664.4,1419.2,12.1,89.89,-0.01,174.66,0.0,0.0,0.0,0.0,300048.3,-194412.5,652817.9,0.3787,0.113,1763.5,-0.03146,-32.70304,0.0,0,-1.0,-1.0,-1.0,-1.0,-1.0,0.0,0.0,0.0,0.0
1791663947.79,3415077.4,970.5,263652.7,263652.7,347.7,1663.9,1418.6,12.07,89.89,-0.01,174.61,0.0,0.0,0.0,0.0,300048.3,-194412.5,652817.9,0.3787,0.113,1763.5,-0.03135,-32.65741,0.0,0,-1.0,-1.0,-1.0,-1.0,-1.0,0.0,0.0,0.0,0.0
1791663948.29,3415077.9,971.0,263826.4,263826.3,346.9,1663.4,1418.0,12.04,89.89,-0.0,174.56,0.0,0.0,0.0,0.0,300048.3,-194412.5,652817.9,0.3787,0.113,1763.5,-0.03125,-32.6118,0.0,0,-1.0,-1.0,-1.0,-1.0,-1.0,0.0,0.0,0.0,0.0
1791663948.8,3415078.4,971.5,263999.6,263999.6,346.1,1662.9,1417.5,12.01,89.9,-0.0,174.5,0.0,0.0,0.0,0.0,300048.3,-194412.5,652817.9,0.3787,0.113,1763.5,-0.03115,-32.56621,0.0,0,-1.0,-1.0,-1.0,-1.0,-1.0,0.0,0.0,0.0,0.0
1791663949.3,3415078.9,972.0,264172.4,264172.4,345.2,1662.4,1416.9,11.98,89.9,0.0,174.45,0.0,0.0,0.0,0.0,300048.3,-194412.5,652817.9,0.3787,0.113,1763.5,-0.03105,-32.52065,0.0,0,-1.0,-1.0,-1.0,-1.0,-1.0,0.0,0.0,0.0,0.0
1791663949.8,3415079.4,972.5,264344.8,264344.8,344.4,1661.9,1416.3,11.95,89.9,0.0,174.39,0.0,0.0,0.0,0.0,300048.3,-194412.5,652817.9,0.3787,0.113,1763.5,-0.03095,-32.4751,0.26,0,-1.0,-1.0,-1.0,-1.0,-1.0,0.0,0.0,0.0,0.0
1791663950.3,3415079.9,973.0,264516.8,264516.8,343.6,1661.4,1415.8,11.93,89.9,0.01,174.34,0.0,0.0,0.0,0.0,300048.3,-194412.5,652817.9,0.3787,0.113,1763.5,-0.03084,-32.42958,0.0,0,-1.0,-1.0,-1.0,-1.0,-1.0,0.0,0.0,0.0,0.0
1791663950.8,3415080.4,973.5,264688.4,264688.4,342.7,1660.9,1415.2,11.9,89.9,0.01,174.28,0.0,0.0,0.0,0.0,300048.3,-194412.5,652817.9,0.3787,0.113,1763.5,-0.03074,-32.38408,0.0,0,-1.0,-1.0,-1.0,-1.0,-1.0,0.0,0.0,0.0,0.0
1791663951.31,3415080.9,974.0,264866.4,264866.3,341.9,1660.4,1414.6,11.88,89.9,0.01,174.23,0.0,0.0,0.0,0.0,300048.3,-194412.5,652817.9,0.3787,0.113,1763.5,-0.03064,-32.33678,0.0,0,-1.0,-1.0,-1.0,-1.0,-1.0,0.0,0.0,0.0,0.0
1791663951.81,3415081.4,974.5,265037.1,265037.1,341.0,1659.9,1414.1,11.86,89.9,0.01,174.18,0.0,0.0,0.0,0.0,300048.3,-194412.5,652817.9,0.3787,0.113,1763.5,-0.03053,-32.29132,0.0,0,-1.0,-1.0,-1.0,-1.0,-1.0,0.0,0.0,0.0,0.0
1791663952.31,3415081.9,975.0,265207.4,265207.4,340.2,1659.5,1413.5,11.83,89.89,0.0,174.12,0.0,0.0,0.0,0.0,300048.3,-194412.5,652817.9,0.3787,0.113,1763.5,-0.03043,-32.24588,0.0,0,-1.0,-1.0,-1.0,-1.0,-1.0,0.0,0.0,0.0,0.0
1791663952.81,3415082.4,975.5,265377.3,265377.3,339.3,1659.0,1412.9,11.81,89.89,-0.0,174.07,0.0,0.0,0.0,0.0,300048.3,-194412.5,652817.9,0.3787,0.113,1763.5,-0.03033,-32.20047,0.0,0,-1.0,-1.0,-1.0,-1.0,-1.0,0.0,0.0,0.0,0.0
1791663953.31,3415082.9,976.0,265546.7,265546.7,338.5,1658.5,1412.4,11.79,89.89,-0.0,174.02,0.0,0.0,0.0,0.0,300048.3,-194412.5,652817.9,0.3787,0.113,1763.5,-0.03023,-32.15507,0.0,0,-1.0,-1.0,-1.0,-1.0,-1.0,0.0,0.0,0.0,0.0
1791663953.81,3415083.4,976.5,265715.8,265715.8,337.7,1658.0,1411.8,11.77,89.88,-0.01,173.96,0.0,0.0,0.0,0.0,300048.3,-194412.5,652817.9,0.3787,0.113,1763.5,-0.03012,-32.1097,0.26,0,-1.0,-1.0,-1.0,-1.0,-1.0,0.0,0.0,0.0,0.0
1791663954.31,3415083.9,977.0,265884.4,265884.4,336.8,1657.5,1411.3,11.74,89.88,-0.01,173.91,0.0,0.0,0.0,0.0,300048.3,-194412.5,652817.9,0.3787,0.113,1763.5,-0.03002,-32.06434,0.0,0,-1.0,-1.0,-1.0,-1.0,-1.0,0.0,0.0,0.0,0.0
1791663954.82,3415084.4,977.5,266059.3,266059.3,336.0,1657.0,1410.7,11.71,89.88,-0.01,173.85,0.0,0.0,0.0,0.0,300048.3,-194412.5,652817.9,0.3787,0.113,1763.5,-0.02992,-32.0172,0.0,0,-1.0,-1.0,-1.0,-1.0,-1.0,0.0,0.0,0.0,0.0
1791663955.32,3415084.9,978.0,266227.1,266227.1,335.1,1656.6,1410.1,11.69,89.88,-0.01,173.8,0.0,0.0,0.0,0.0,300048.3,-194412.5,652817.9,0.3787,0.113,1763.5,-0.02981,-31.97189,0.0,0,-1.0,-1.0,-1.0,-1.0,-1.0,0.0,0.0,0.0,0.0
1791663955.82,3415085.4,978.5,266394.5,266394.5,334.3,1656.1,1409.6,11.66,89.88,-0.01,173.75,0.0,0.0,0.0,0.0,300048.3,-194412.5,652817.9,0.3787,0.113,1763.5,-0.02971,-31.9266,0.0,0,-1.0,-1.0,-1.0,-1.0,-1.0,0.0,0.0,0.0,0.0
1791663956.32,3415085.9,979.0,266561.4,266561.4,333.5,1655.6,1409.0,11.63,89.88,-0.0,173.69,0.0,0.0,0.0,0.0,300048.3,-194412.5,652817.9,0.3787,0.113,1763.5,-0.02961,-31.88133,0.0,0,-1.0,-1.0,-1.0,-1.0,-1.0,0.0,0.0,0.0,0.0
1791663956.83,3415086.4,979.5,266728.0,266728.0,332.6,1655.1,1408.5,11.6,89.89,-0.0,173.64,0.0,0.0,0.0,0.0,300048.3,-194412.5,652817.9,0.3787,0.113,1763.5,-0.02951,-31.83608,0.0,0,-1.0,-1.0,-1.0,-1.0,-1.0,0.0,0.0,0.0,0.0
1791663957.33,3415086.9,980.0,266900.7,266900.7,331.8,1654.7,1407.9,11.57,89.89,-0.0,173.58,0.0,0.0,0.0,0.0,300048.3,-194412.5,652817.9,0.3787,0.113,1763.5,-0.0294,-31.78905,0.0,0,-1.0,-1.0,-1.0,-1.0,-1.0,0.0,0.0,0.0,0.0
1791663957.84,3415087.4,980.5,267066.4,267066.4,330.9,1654.2,1407.4,11.54,89.9,0.0,173.53,0.0,0.0,0.0,0.0,300048.3,-194412.5,652817.9,0.3787,0.113,1763.5,-0.0293,-31.74384,0.0,0,-1.0,-1.0,-1.0,-1.0,-1.0,0.0,0.0,0.0,0.0
1791663958.34,3415087.9,981.0,267225.1,267225.1,330.1,1653.7,1406.9,11.51,89.9,0.0,173.48,0.0,0.0,0.0,0.0,300048.3,-194412.5,652817.9,0.3787,0.113,1763.5,-0.0292,-31.70046,0.0,0,-1.0,-1.0,-1.0,-1.0,-1.0,0.0,0.0,0.0,0.0
1791663958.84,3415088.4,981.5,267396.5,267396.5,329.3,1653.2,1406.3,11.48,89.9,0.01,173.42,0.0,0.0,0.0,0.0,300048.3,-194412.5,652817.9,0.3787,0.113,1763.5,-0.0291,-31.65349,0.0,0,-1.0,-1.0,-1.0,-1.0,-1.0,0.0,0.0,0.0,0.0
1791663959.34,3415088.9,982.0,267560.9,267560.9,328.4,1652.8,1405.8,11.46,89.9,0.01,173.37,0.0,0.0,0.0,0.0,300048.3,-194412.5,652817.9,0.3787,0.113,1763.5,-0.029,-31.60834,0.0,0,-1.0,-1.0,-1.0,-1.0,-1.0,0.0,0.0,0.0,0.0
1791663959.85,3415089.5,982.5,267724.9,267724.9,327.6,1652.3,1405.2,11.43,89.9,0.01,173.31,0.0,0.0,0.0,0.0,300048.3,-194412.5,652817.9,0.3787,0.113,1763.5,-0.02889,-31.56322,0.0,0,-1.0,-1.0,-1.0,-1.0,-1.0,0.0,0.0,0.0,0.0
1791663960.5,3415089.9,983.2,267888.5,267888.5,326.8,1651.8,1404.7,11.41,89.9,0.01,173.26,0.0,0.0,0.0,0.0,300048.3,-194412.5,652817.9,0.3787,0.113,1763.5,-0.02879,-31.51811,0.0,0,-1.0,-1.0,-1.0,-1.0,-1.0,0.0,0.0,0.0,0.0
1791663961.01,3415090.4,983.7,268051.7,268051.7,325.9,1651.4,1404.2,11.38,89.9,0.0,173.21,0.0,0.0,0.0,0.0,300048.3,-194412.5,652817.9,0.3787,0.113,1763.5,-0.02869,-31.47303,0.0,0,-1.0,-1.0,-1.0,-1.0,-1.0,0.0,0.0,0.0,0.0
1791663961.51,3415090.9,984.2,268214.5,268214.5,325.1,1650.9,1403.6,11.36,89.89,-0.0,173.15,0.0,0.0,0.0,0.0,300048.3,-194412.5,652817.9,0.3787,0.113,1763.5,-0.02859,-31.42796,0.0,0,-1.0,-1.0,-1.0,-1.0,-1.0,0.0,0.0,0.0,0.0
1791663962.01,3415091.4,984.7,268376.8,268376.8,324.3,1650.5,1403.1,11.34,89.89,-0.0,173.1,0.0,0.0,0.0,0.0,300048.3,-194412.5,652817.9,0.3787,0.113,1763.5,-0.02849,-31.38292,0.0,0,-1.0,-1.0,-1.0,-1.0,-1.0,0.0,0.0,0.0,0.0
1791663962.51,3415091.9,985.2,268538.7,268538.8,323.4,1650.0,1402.6,11.32,89.89,-0.01,173.05,0.0,0.0,0.0,0.0,300048.3,-194412.5,652817.9,0.3787,0.113,1763.5,-0.02838,-31.33789,0.0,0,-1.0,-1.0,-1.0,-1.0,-1.0,0.0,0.0,0.0,0.0
1791663963.01,3415092.4,985.7,268700.3,268700.3,322.6,1649.5,1402.0,11.29,89.88,-0.01,172.99,0.0,0.0,0.0,0.0,300048.3,-194412.5,652817.9,0.3787,0.113,1763.5,-0.02828,-31.29289,0.0,0,-1.0,-1.0,-1.0,-1.0,-1.0,0.0,0.0,0.0,0.0
1791663963.51,3415093.0,986.2,268861.3,268861.3,321.8,1649.1,1401.5,11.27,89.88,-0.01,172.94,0.0,0.0,0.0,0.0,300048.3,-194412.5,652817.9,0.3787,0.113,1763.5,-0.02818,-31.2479,0.0,0,-1.0,-1.0,-1.0,-1.0,-1.0,0.0,0.0,0.0,0.0
1791663964.01,3415093.5,986.7,269022.0,269022.0,320.9,1648.6,1401.0,11.24,89.88,-0.01,172.89,0.0,0.0,0.0,0.0,300048.3,-194412.5,652817.9,0.3787,0.113,1763.5,-0.02808,-31.20294,0.0,0,-1.0,-1.0,-1.0,-1.0,-1.0,0.0,0.0,0.0,0.0
1791663964.52,3415094.0,987.2,269182.3,269182.3,320.1,1648.2,1400.4,11.21,89.88,-0.01,172.83,0.0,0.0,0.0,0.0,300048.3,-194412.5,652817.9,0.3787,0.113,1763.5,-0.02798,-31.15799,0.0,0,-1.0,-1.0,-1.0,-1.0,-1.0,0.0,0.0,0.0,0.0
1791663965.02,3415094.5,987.7,269348.5,269348.5,319.2,1647.7,1399.9,11.19,89.88,-0.0,172.78,0.0,0.0,0.0,0.0,300048.3,-194412.5,652817.9,0.3787,0.113,1763.5,-0.02787,-31.11127,0.0,0,-1.0,-1.0,-1.0,-1.0,-1.0,0.0,0.0,0.0,0.0
1791663965.52,3415095.0,988.2,269507.9,269507.9,318.4,1647.3,1399.4,11.16,89.88,-0.0,172.73,0.0,0.0,0.0,0.0,300048.3,-194412.5,652817.9,0.3787,0.113,1763.5,-0.02777,-31.06636,0.0,0,-1.0,-1.0,-1.0,-1.0,-1.0,0.0,0.0,0.0,0.0
1791663966.02,3415095.5,988.7,269660.6,269660.6,317.6,1646.8,1398.9,11.13,89.89,-0.0,172.67,0.0,0.0,0.0,0.0,300048.3,-194412.5,652817.9,0.3787,0.113,1763.5,-0.02767,-31.02327,0.0,0,-1.0,-1.0,-1.0,-1.0,-1.0,0.0,0.0,0.0,0.0
1791663966.53,3415096.0,989.2,269825.5,269825.5,316.7,1646.4,1398.3,11.1,89.89,0.0,172.62,0.0,0.0,0.0,0.0,300048.3,-194412.5,652817.9,0.3787,0.113,1763.5,-0.02757,-30.97661,0.0,0,-1.0,-1.0,-1.0,-1.0,-1.0,0.0,0.0,0.0,0.0
1791663967.03,3415096.5,989.7,269983.6,269983.7,315.9,1645.9,1397.8,11.07,89.9,0.0,172.57,0.0,0.0,0.0,0.0,300048.3,-194412.5,652817.9,0.3787,0.113,1763.5,-0.02746,-30.93176,0.0,0,-1.0,-1.0,-1.0,-1.0,-1.0,0.0,0.0,0.0,0.0
1791663967.53,3415097.0,990.2,270141.4,270141.4,315.1,1645.5,1397.3,11.04,89.9,0.01,172.51,0.0,0.0,0.0,0.0,300048.3,-194412.5,652817.9,0.3787,0.113,1763.5,-0.02736,-30.88694,0.0,0,-1.0,-1.0,-1.0,-1.0,-1.0,0.0,0.0,0.0,0.0
1791663968.03,3415097.5,990.7,270298.7,270298.7,314.2,1645.0,1396.8,11.01,89.9,0.01,172.46,0.0,0.0,0.0,0.0,300048.3,-194412.5,652817.9,0.3787,0.113,1763.5,-0.02726,-30.84213,0.0,0,-1.0,-1.0,-1.0,-1.0,-1.0,0.0,0.0,0.0,0.0
1791663968.53,3415098.0,991.2,270455.6,270455.6,313.4,1644.6,1396.3,10.98,89.9,0.01,172.41,0.0,0.0,0.0,0.0,300048.3,-194412.5,652817.9,0.3787,0.113,1763.5,-0.02716,-30.79734,0.0,0,-1.0,-1.0,-1.0,-1.0,-1.0,0.0,0.0,0.0,0.0
1791663969.03,3415098.5,991.7,270612.1,270612.1,312.6,1644.1,1395.7,10.96,89.9,0.01,172.35,0.0,0.0,0.0,0.0,300048.3,-194412.5,652817.9,0.3787,0.113,1763.5,-0.02706,-30.75257,0.0,0,-1.0,-1.0,-1.0,-1.0,-1.0,0.0,0.0,0.0,0.0
1791663969.54,3415099.0,992.2,270768.2,270768.2,311.7,1643.7,1395.2,10.93,89.9,0.0,172.3,0.0,0.0,0.0,0.0,300048.3,-194412.5,652817.9,0.3787,0.113,1763.5,-0.02696,-30.70782,0.0,0,-1.0,-1.0,-1.0,-1.0,-1.0,0.0,0.0,0.0,0.0
1791663970.04,3415099.5,992.7,270923.8,270923.8,310.9,1643.2,1394.7,10.91,89.9,-0.0,172.25,0.0,0.0,0.0,0.0,300048.3,-194412.5,652817.9,0.3787,0.113,1763.5,-0.02685,-30.66308,0.0,0,-1.0,-1.0,-1.0,-1.0,-1.0,0.0,0.0,0.0,0.0
1791663970.54,3415100.0,993.2,271079.1,271079.1,310.1,1642.8,1394.2,10.88,89.89,-0.0,172.19,0.0,0.0,0.0,0.0,300048.3,-194412.5,652817.9,0.3787,0.113,1763.5,-0.02675,-30.61837,0.0,0,-1.0,-1.0,-1.0,-1.0,-1.0,0.0,0.0,0.0,0.0
1791663971.04,3415100.5,993.7,271233.9,271233.9,309.2,1642.4,1393.7,10.86,89.89,-0.01,172.14,0.0,0.0,0.0,0.0,300048.3,-194412.5,652817.9,0.3787,0.113,1763.5,-0.02665,-30.57368,0.0,0,-1.0,-1.0,-1.0,-1.0,-1.0,0.0,0.0,0.0,0.0
1791663971.54,3415101.0,994.2,271388.3,271388.3,308.4,1641.9,1393.2,10.84,89.89,-0.01,172.09,0.0,0.0,0.0,0.0,300048.3,-194412.5,652817.9,0.3787,0.113,1763.5,-0.02655,-30.529,0.0,0,-1.0,-1.0,-1.0,-1.0,-1.0,0.0,0.0,0.0,0.0
1791663972.04,3415101.5,994.7,271542.3,271542.3,307.6,1641.5,1392.7,10.81,89.88,-0.01,172.04,0.0,0.0,0.0,0.0,300048.3,-194412.5,652817.9,0.3787,0.113,1763.5,-0.02645,-30.48434,0.0,0,-1.0,-1.0,-1.0,-1.0,-1.0,0.0,0.0,0.0,0.0
1791663972.55,3415102.0,995.2,271695.9,271695.9,306.7,1641.1,1392.2,10.79,89.88,-0.01,171.98,0.0,0.0,0.0,0.0,300048.3,-194412.5,652817.9,0.3787,0.113,1763.5,-0.02635,-30.43971,0.26,0,-1.0,-1.0,-1.0,-1.0,-1.0,0.0,0.0,0.0,0.0
1791663973.05,3415102.5,995.7,271849.1,271849.1,305.9,1640.6,1391.7,10.76,89.88,-0.01,171.93,0.0,0.0,0.0,0.0,300048.3,-194412.5,652817.9,0.3787,0.113,1763.5,-0.02624,-30.39509,0.26,0,-1.0,-1.0,-1.0,-1.0,-1.0,0.0,0.0,0.0,0.0
1791663973.55,3415103.0,996.2,272001.8,272001.8,305.1,1640.2,1391.2,10.74,89.88,-0.0,171.87,0.0,0.0,0.0,0.0,300048.3,-194412.5,652817.9,0.3787,0.113,1763.5,-0.02614,-30.35048,0.0,0,-1.0,-1.0,-1.0,-1.0,-1.0,0.0,0.0,0.0,0.0
1791663974.05,3415103.5,996.7,272160.2,272160.2,304.2,1639.7,1390.7,10.71,89.88,-0.0,171.82,0.0,0.0,0.0,0.0,300048.3,-194412.5,652817.9,0.3787,0.113,1763.5,-0.02604,-30.30412,0.0,0,-1.0,-1.0,-1.0,-1.0,-1.0,0.0,0.0,0.0,0.0
1791663974.55,3415104.0,997.2,272312.1,272312.1,303.4,1639.3,1390.2,10.68,89.88,-0.0,171.77,0.0,0.0,0.0,0.0,300048.3,-194412.5,652817.9,0.3787,0.113,1763.5,-0.02594,-30.25956,0.0,0,-1.0,-1.0,-1.0,-1.0,-1.0,0.0,0.0,0.0,0.0
1791663975.06,3415104.5,997.7,272463.6,272463.6,302.5,1638.9,1389.7,10.65,89.89,0.0,171.72,0.0,0.0,0.0,0.0,300048.3,-194412.5,652817.9,0.3787,0.113,1763.5,-0.02583,-30.21501,0.0,0,-1.0,-1.0,-1.0,-1.0,-1.0,0.0,0.0,0.0,0.0
1791663975.56,3415105.0,998.2,272614.6,272614.6,301.7,1638.4,1389.2,10.62,89.89,0.01,171.66,0.0,0.0,0.0,0.0,300048.3,-194412.5,652817.9,0.3787,0.113,1763.5,-0.02573,-30.17048,0.0,0,-1.0,-1.0,-1.0,-1.0,-1.0,0.0,0.0,0.0,0.0
1791663976.06,3415105.5,998.7,272765.3,272765.3,300.9,1638.0,1388.7,10.59,89.89,0.01,171.61,0.0,0.0,0.0,0.0,300048.3,-194412.5,652817.9,0.3787,0.113,1763.5,-0.02563,-30.12598,0.0,0,-1.0,-1.0,-1.0,-1.0,-1.0,0.0,0.0,0.0,0.0
1791663976.56,3415106.0,999.2,272915.5,272915.5,300.0,1637.6,1388.2,10.56,89.9,0.01,171.56,0.0,0.0,0.0,0.0,300048.3,-194412.5,652817.9,0.3787,0.113,1763.5,-0.02553,-30.08149,0.0,0,-1.0,-1.0,-1.0,-1.0,-1.0,0.0,0.0,0.0,0.0
1791663977.06,3415106.5,999.7,273065.3,273065.3,299.2,1637.2,1387.7,10.53,89.9,0.01,171.5,0.0,0.0,0.0,0.0,300048.3,-194412.5,652817.9,0.3787,0.113,1763.5,-0.02543,-30.03701,0.0,0,-1.0,-1.0,-1.0,-1.0,-1.0,0.0,0.0,0.0,0.0
1791663977.56,3415107.0,1000.2,273214.7,273214.7,298.4,1636.8,1387.2,10.5,89.9,0.01,171.45,0.0,0.0,0.0,0.0,300048.3,-194412.5,652817.9,0.3787,0.113,1763.5,-0.02533,-29.99256,0.0,0,-1.0,-1.0,-1.0,-1.0,-1.0,0.0,0.0,0.0,0.0
1791663978.07,3415107.5,1000.7,273363.7,273363.7,297.5,1636.3,1386.7,10.47,89.9,0.0,171.4,0.0,0.0,0.0,0.0,300048.3,-194412.5,652817.9,0.3787,0.113,1763.5,-0.02523,-29.94812,0.0,0,-1.0,-1.0,-1.0,-1.0,-1.0,0.0,0.0,0.0,0.0
1791663978.57,3415108.0,1001.2,273518.2,273518.2,296.7,1635.9,1386.2,10.44,89.9,-0.0,171.34,0.0,0.0,0.0,0.0,300048.3,-194412.5,652817.9,0.3787,0.113,1763.5,-0.02512,-29.90193,0.0,0,-1.0,-1.0,-1.0,-1.0,-1.0,0.0,0.0,0.0,0.0
1791663979.07,3415108.5,1001.7,273666.3,273666.3,295.8,1635.5,1385.7,10.42,89.9,-0.0,171.29,0.0,0.0,0.0,0.0,300048.3,-194412.5,652817.9,0.3787,0.113,1763.5,-0.02502,-29.85753,0.0,0,-1.0,-1.0,-1.0,-1.0,-1.0,0.0,0.0,0.0,0.0
1791663979.57,3415109.0,1002.2,273814.0,273814.0,295.0,1635.1,1385.2,10.4,89.89,-0.01,171.24,0.0,0.0,0.0,0.0,300048.3,-194412.5,652817.9,0.3787,0.113,1763.5,-0.02492,-29.81315,0.0,0,-1.0,-1.0,-1.0,-1.0,-1.0,0.0,0.0,0.0,0.0
1791663980.07,3415109.5,1002.7,273961.3,273961.3,294.2,1634.6,1384.7,10.37,89.89,-0.01,171.19,0.0,0.0,0.0,0.0,300048.3,-194412.5,652817.9,0.3787,0.113,1763.5,-0.02482,-29.76879,0.0,0,-1.0,-1.0,-1.0,-1.0,-1.0,0.0,0.0,0.0,0.0
1791663980.58,3415110.0,1003.2,274108.2,274108.2,293.3,1634.2,1384.3,10.35,89.89,-0.01,171.13,0.0,0.0,0.0,0.0,300048.3,-194412.5,652817.9,0.3787,0.113,1763.5,-0.02472,-29.72444,0.0,0,-1.0,-1.0,-1.0,-1.0,-1.0,0.0,0.0,0.0,0.0
1791663981.08,3415110.5,1003.7,274254.7,274254.7,292.5,1633.8,1383.8,10.33,89.88,-0.01,171.08,0.0,0.0,0.0,0.0,300048.3,-194412.5,652817.9,0.3787,0.113,1763.5,-0.02461,-29.68011,0.0,0,-1.0,-1.0,-1.0,-1.0,-1.0,0.0,0.0,0.0,0.0
1791663981.58,3415111.0,1004.2,274400.7,274400.7,291.7,1633.4,1383.3,10.3,89.88,-0.01,171.03,0.0,0.0,0.0,0.0,300048.3,-194412.5,652817.9,0.3787,0.113,1763.5,-0.02451,-29.6358,0.26,0,-1.0,-1.0,-1.0,-1.0,-1.0,0.0,0.0,0.0,0.0
1791663982.08,3415111.5,1004.8,274546.3,274546.3,290.8,1633.0,1382.8,10.28,89.88,-0.0,170.98,0.0,0.0,0.0,0.0,300048.3,-194412.5,652817.9,0.3787,0.113,1763.5,-0.02441,-29.59151,0.0,0,-1.0,-1.0,-1.0,-1.0,-1.0,0.0,0.0,0.0,0.0
1791663982.58,3415112.0,1005.3,274697.4,274697.3,290.0,1632.6,1382.3,10.25,89.88,-0.0,170.92,0.0,0.0,0.0,0.0,300048.3,-194412.5,652817.9,0.3787,0.113,1763.5,-0.02431,-29.54546,0.0,0,-1.0,-1.0,-1.0,-1.0,-1.0,0.0,0.0,0.0,0.0
1791663983.09,3415112.5,1005.8,274842.1,274842.1,289.1,1632.1,1381.8,10.22,89.88,-0.0,170.87,0.0,0.0,0.0,0.0,300048.3,-194412.5,652817.9,0.3787,0.113,1763.5,-0.0242,-29.50121,0.0,0,-1.0,-1.0,-1.0,-1.0,-1.0,0.0,0.0,0.0,0.0
1791663983.59,3415113.0,1006.3,274986.5,274986.5,288.3,1631.7,1381.4,10.19,89.88,0.0,170.82,0.0,0.0,0.0,0.0,300048.3,-194412.5,652817.9,0.3787,0.113,1763.5,-0.0241,-29.45697,0.0,0,-1.0,-1.0,-1.0,-1.0,-1.0,0.0,0.0,0.0,0.0
1791663984.09,3415113.5,1006.8,275130.4,275130.4,287.5,1631.3,1380.9,10.16,89.88,0.01,170.76,0.0,0.0,0.0,0.0,300048.3,-194412.5,652817.9,0.3787,0.113,1763.5,-0.024,-29.41274,0.0,0,-1.0,-1.0,-1.0,-1.0,-1.0,0.0,0.0,0.0,0.0
1791663984.59,3415114.0,1007.3,275274.0,275274.0,286.6,1630.9,1380.4,10.13,89.89,0.01,170.71,0.0,0.0,0.0,0.0,300048.3,-194412.5,652817.9,0.3787,0.113,1763.5,-0.0239,-29.36854,0.0,0,-1.0,-1.0,-1.0,-1.0,-1.0,0.0,0.0,0.0,0.0
1791663985.1,3415114.5,1007.8,275417.1,275417.1,285.8,1630.5,1380.0,10.1,89.89,0.01,170.66,0.0,0.0,0.0,0.0,300048.3,-194412.5,652817.9,0.3787,0.113,1763.5,-0.0238,-29.32435,0.0,0,-1.0,-1.0,-1.0,-1.0,-1.0,0.0,0.0,0.0,0.0
1791663985.6,3415115.0,1008.3,275559.8,275559.8,285.0,1630.1,1379.5,10.07,89.9,0.01,170.61,0.0,0.0,0.0,0.0,300048.3,-194412.5,652817.9,0.3787,0.113,1763.5,-0.0237,-29.28018,0.0,0,-1.0,-1.0,-1.0,-1.0,-1.0,0.0,0.0,0.0,0.0
1791663986.1,3415115.5,1008.8,275702.1,275702.1,284.2,1629.7,1379.0,10.04,89.9,0.01,170.55,0.0,0.0,0.0,0.0,300048.3,-194412.5,652817.9,0.3787,0.113,1763.5,-0.0236,-29.23603,0.0,0,-1.0,-1.0,-1.0,-1.0,-1.0,0.0,0.0,0.0,0.0
1791663986.6,3415116.0,1009.3,275849.6,275849.6,283.3,1629.3,1378.5,10.01,89.9,0.0,170.5,0.0,0.0,0.0,0.0,300048.3,-194412.5,652817.9,0.3787,0.113,1763.5,-0.02349,-29.19012,0.0,0,-1.0,-1.0,-1.0,-1.0,-1.0,0.0,0.0,0.0,0.0
1791663987.11,3415116.5,1009.8,275991.1,275991.1,282.5,1628.9,1378.1,9.98,89.9,-0.0,170.45,0.0,0.0,0.0,0.0,300048.3,-194412.5,652817.9,0.3787,0.113,1763.5,-0.02339,-29.146,0.0,0,-1.0,-1.0,-1.0,-1.0,-1.0,0.0,0.0,0.0,0.0
1791663987.61,3415117.0,1010.3,276132.1,276132.1,281.6,1628.5,1377.6,9.95,89.9,-0.0,170.39,0.0,0.0,0.0,0.0,300048.3,-194412.5,652817.9,0.3787,0.113,1763.5,-0.02329,-29.1019,0.0,0,-1.0,-1.0,-1.0,-1.0,-1.0,0.0,0.0,0.0,0.0
1791663988.11,3415117.4,1010.8,276227.7,276227.7,281.1,1628.2,1377.3,9.94,89.9,-0.01,170.36,0.0,0.0,0.0,0.0,300048.3,-194412.5,652817.9,0.3787,0.113,1763.5,-0.02322,-29.07192,0.0,0,-1.0,-1.0,-1.0,-1.0,-1.0,0.0,0.0,0.0,0.0
1791663988.61,3415117.9,1011.3,276362.4,276362.4,280.3,1627.9,1376.8,9.91,89.9,-0.01,170.31,0.0,0.0,0.0,0.0,300048.3,-194412.5,652817.9,0.3787,0.113,1763.5,-0.02312,-29.02961,0.0,0,-1.0,-1.0,-1.0,-1.0,-1.0,0.0,0.0,0.0,0.0
1791663989.12,3415118.4,1011.8,276508.0,276507.9,279.4,1627.4,1376.4,9.89,89.89,-0.01,170.25,0.0,0.0,0.0,0.0,300048.3,-194412.5,652817.9,0.3787,0.113,1763.5,-0.02302,-28.98379,0.0,0,-1.0,-1.0,-1.0,-1.0,-1.0,0.0,0.0,0.0,0.0
1791663989.62,3415118.9,1012.3,276647.4,276647.4,278.6,1627.0,1375.9,9.86,89.89,-0.01,170.2,0.0,0.0,0.0,0.0,300048.3,-194412.5,652817.9,0.3787,0.113,1763.5,-0.02292,-28.93975,0.0,0,-1.0,-1.0,-1.0,-1.0,-1.0,0.0,0.0,0.0,0.0
1791663990.12,3415119.4,1012.8,276786.5,276786.5,277.7,1626.7,1375.5,9.84,89.88,-0.01,170.15,0.0,0.0,0.0,0.0,300048.3,-194412.5,652817.9,0.3787,0.113,1763.5,-0.02282,-28.89573,0.0,0,-1.0,-1.0,-1.0,-1.0,-1.0,0.0,0.0,0.0,0.0
1791663990.62,3415119.9,1013.3,276925.2,276925.2,276.9,1626.3,1375.0,9.82,89.88,-0.01,170.1,0.0,0.0,0.0,0.0,300048.3,-194412.5,652817.9,0.3787,0.113,1763.5,-0.02272,-28.85172,0.0,0,-1.0,-1.0,-1.0,-1.0,-1.0,0.0,0.0,0.0,0.0
1791663991.12,3415120.4,1013.8,277063.4,277063.4,276.1,1625.9,1374.5,9.79,89.88,-0.0,170.04,0.0,0.0,0.0,0.0,300048.3,-194412.5,652817.9,0.3787,0.113,1763.5,-0.02261,-28.80773,0.0,0,-1.0,-1.0,-1.0,-1.0,-1.0,0.0,0.0,0.0,0.0
1791663991.63,3415120.9,1014.3,277201.2,277201.2,275.2,1625.5,1374.1,9.76,89.88,-0.0,169.99,0.0,0.0,0.0,0.0,300048.3,-194412.5,652817.9,0.3787,0.113,1763.5,-0.02251,-28.76376,0.0,0,-1.0,-1.0,-1.0,-1.0,-1.0,0.0,0.0,0.0,0.0
1791663992.13,3415121.4,1014.8,277338.6,277338.6,274.4,1625.1,1373.6,9.74,89.88,0.0,169.94,0.0,0.0,0.0,0.0,300048.3,-194412.5,652817.9,0.3787,0.113,1763.5,-0.02241,-28.7198,0.0,0,-1.0,-1.0,-1.0,-1.0,-1.0,0.0,0.0,0.0,0.0
1791663992.63,3415121.9,1015.3,277475.6,277475.6,273.6,1624.7,1373.2,9.71,89.88,0.01,169.88,0.0,0.0,0.0,0.0,300048.3,-194412.5,652817.9,0.3787,0.113,1763.5,-0.02231,-28.67586,0.26,0,-1.0,-1.0,-1.0,-1.0,-1.0,0.0,0.0,0.0,0.0
1791663993.13,3415122.4,1015.8,277612.2,277612.2,272.7,1624.3,1372.7,9.68,89.88,0.01,169.83,0.0,0.0,0.0,0.0,300048.3,-194412.5,652817.9,0.3787,0.113,1763.5,-0.02221,-28.63193,0.0,0,-1.0,-1.0,-1.0,-1.0,-1.0,0.0,0.0,0.0,0.0
1791663993.63,3415122.9,1016.3,277748.4,277748.4,271.9,1623.9,1372.3,9.65,89.89,0.01,169.78,0.0,0.0,0.0,0.0,300048.3,-194412.5,652817.9,0.3787,0.113,1763.5,-0.02211,-28.58802,0.0,0,-1.0,-1.0,-1.0,-1.0,-1.0,0.0,0.0,0.0,0.0
1791663994.14,3415123.4,1016.8,277889.5,277889.5,271.0,1623.5,1371.8,9.62,89.89,0.01,169.73,0.0,0.0,0.0,0.0,300048.3,-194412.5,652817.9,0.3787,0.113,1763.5,-0.022,-28.54237,0.0,0,-1.0,-1.0,-1.0,-1.0,-1.0,0.0,0.0,0.0,0.0
1791663994.64,3415123.9,1017.3,278024.8,278024.8,270.2,1623.2,1371.4,9.58,89.89,0.01,169.68,0.0,0.0,0.0,0.0,300048.3,-194412.5,652817.9,0.3787,0.113,1763.5,-0.0219,-28.4985,0.0,0,-1.0,-1.0,-1.0,-1.0,-1.0,0.0,0.0,0.0,0.0
1791663995.14,3415124.4,1017.8,278159.7,278159.8,269.4,1622.8,1370.9,9.55,89.9,0.0,169.62,0.0,0.0,0.0,0.0,300048.3,-194412.5,652817.9,0.3787,0.113,1763.5,-0.0218,-28.45464,0.0,0,-1.0,-1.0,-1.0,-1.0,-1.0,0.0,0.0,0.0,0.0
1791663995.64,3415124.9,1018.3,278294.2,278294.2,268.5,1622.4,1370.5,9.52,89.9,0.0,169.57,0.0,0.0,0.0,0.0,300048.3,-194412.5,652817.9,0.3787,0.113,1763.5,-0.0217,-28.41079,0.0,0,-1.0,-1.0,-1.0,-1.0,-1.0,0.0,0.0,0.0,0.0
1791663996.14,3415125.4,1018.8,278428.3,278428.3,267.7,1622.0,1370.1,9.5,89.9,-0.0,169.52,0.0,0.0,0.0,0.0,300048.3,-194412.5,652817.9,0.3787,0.113,1763.5,-0.0216,-28.36697,0.0,0,-1.0,-1.0,-1.0,-1.0,-1.0,0.0,0.0,0.0,0.0
1791663996.64,3415125.9,1019.3,278561.9,278561.9,266.9,1621.6,1369.6,9.47,89.9,-0.01,169.47,0.0,0.0,0.0,0.0,300048.3,-194412.5,652817.9,0.3787,0.113,1763.5,-0.0215,-28.32315,0.0,0,-1.0,-1.0,-1.0,-1.0,-1.0,0.0,0.0,0.0,0.0
1791663997.15,3415126.4,1019.8,278695.2,278695.2,266.0,1621.3,1369.2,9.44,89.9,-0.01,169.41,0.0,0.0,0.0,0.0,300048.3,-194412.5,652817.9,0.3787,0.113,1763.5,-0.0214,-28.27936,0.0,0,-1.0,-1.0,-1.0,-1.0,-1.0,0.0,0.0,0.0,0.0
1791663997.65,3415126.9,1020.3,278828.0,278828.0,265.2,1620.9,1368.7,9.42,89.9,-0.01,169.36,0.0,0.0,0.0,0.0,300048.3,-194412.5,652817.9,0.3787,0.113,1763.5,-0.0213,-28.23558,0.0,0,-1.0,-1.0,-1.0,-1.0,-1.0,0.0,0.0,0.0,0.0
1791663998.15,3415127.4,1020.8,278960.4,278960.4,264.4,1620.5,1368.3,9.39,89.89,-0.01,169.31,0.0,0.0,0.0,0.0,300048.3,-194412.5,652817.9,0.3787,0.113,1763.5,-0.0212,-28.19181,0.26,0,-1.0,-1.0,-1.0,-1.0,-1.0,0.0,0.0,0.0,0.0
1791663998.65,3415127.9,1021.3,279092.4,279092.4,263.6,1620.1,1367.9,9.37,89.89,-0.01,169.26,0.0,0.0,0.0,0.0,300048.3,-194412.5,652817.9,0.3787,0.113,1763.5,-0.0211,-28.14806,0.0,0,-1.0,-1.0,-1.0,-1.0,-1.0,0.0,0.0,0.0,0.0
1791663999.15,3415128.4,1021.8,279229.2,279229.2,262.7,1619.8,1367.4,9.34,89.88,-0.01,169.2,0.0,0.0,0.0,0.0,300048.3,-194412.5,652817.9,0.3787,0.113,1763.5,-0.02099,-28.10258,0.0,0,-1.0,-1.0,-1.0,-1.0,-1.0,0.0,0.0,0.0,0.0
1791663999.65,3415128.9,1022.3,279360.3,279360.3,261.9,1619.4,1367.0,9.32,89.88,-0.0,169.15,0.0,0.0,0.0,0.0,300048.3,-194412.5,652817.9,0.3787,0.113,1763.5,-0.02089,-28.05887,0.0,0,-1.0,-1.0,-1.0,-1.0,-1.0,0.0,0.0,0.0,0.0
1791664000.16,3415129.4,1022.8,279491.1,279491.1,261.0,1619.0,1366.6,9.29,89.88,-0.0,169.1,0.0,0.0,0.0,0.0,300048.3,-194412.5,652817.9,0.3787,0.113,1763.5,-0.02079,-28.01516,0.0,0,-1.0,-1.0,-1.0,-1.0,-1.0,0.0,0.0,0.0,0.0
1791664000.66,3415129.9,1023.3,279621.4,279621.4,260.2,1618.7,1366.1,9.27,89.88,0.0,169.05,0.0,0.0,0.0,0.0,300048.3,-194412.5,652817.9,0.3787,0.113,1763.5,-0.02069,-27.97148,0.0,0,-1.0,-1.0,-1.0,-1.0,-1.0,0.0,0.0,0.0,0.0
1791664001.16,3415130.4,1023.8,279751.2,279751.3,259.4,1618.3,1365.7,9.24,89.88,0.01,169.0,0.0,0.0,0.0,0.0,300048.3,-194412.5,652817.9,0.3787,0.113,1763.5,-0.02059,-27.92781,0.0,0,-1.0,-1.0,-1.0,-1.0,-1.0,0.0,0.0,0.0,0.0
1791664001.66,3415130.9,1024.3,279880.7,279880.7,258.5,1617.9,1365.3,9.21,89.88,0.01,168.94,0.0,0.0,0.0,0.0,300048.3,-194412.5,652817.9,0.3787,0.113,1763.5,-0.02049,-27.88415,0.0,0,-1.0,-1.0,-1.0,-1.0,-1.0,0.0,0.0,0.0,0.0
1791664002.16,3415131.4,1024.8,280009.8,280009.8,257.7,1617.6,1364.9,9.18,89.88,0.01,168.89,0.0,0.0,0.0,0.0,300048.3,-194412.5,652817.9,0.3787,0.113,1763.5,-0.02039,-27.84051,0.0,0,-1.0,-1.0,-1.0,-1.0,-1.0,0.0,0.0,0.0,0.0
1791664002.66,3415131.9,1025.3,280138.4,280138.4,256.9,1617.2,1364.4,9.15,89.89,0.01,168.84,0.0,0.0,0.0,0.0,300048.3,-194412.5,652817.9,0.3787,0.113,1763.5,-0.02029,-27.79689,0.0,0,-1.0,-1.0,-1.0,-1.0,-1.0,0.0,0.0,0.0,0.0
1791664003.17,3415132.4,1025.8,280266.7,280266.7,256.0,1616.8,1364.0,9.12,89.89,0.01,168.79,0.0,0.0,0.0,0.0,300048.3,-194412.5,652817.9,0.3787,0.113,1763.5,-0.02018,-27.75328,0.26,0,-1.0,-1.0,-1.0,-1.0,-1.0,0.0,0.0,0.0,0.0
1791664003.67,3415132.9,1026.3,280394.5,280394.5,255.2,1616.5,1363.6,9.09,89.89,0.01,168.73,0.0,0.0,0.0,0.0,300048.3,-194412.5,652817.9,0.3787,0.113,1763.5,-0.02008,-27.70968,0.0,0,-1.0,-1.0,-1.0,-1.0,-1.0,0.0,0.0,0.0,0.0
1791664004.17,3415133.4,1026.8,280521.9,280521.9,254.4,1616.1,1363.2,9.06,89.9,0.0,168.68,0.0,0.0,0.0,0.0,300048.3,-194412.5,652817.9,0.3787,0.113,1763.5,-0.01998,-27.6661,0.0,0,-1.0,-1.0,-1.0,-1.0,-1.0,0.0,0.0,0.0,0.0
1791664004.67,3415133.9,1027.3,280653.9,280653.9,253.5,1615.7,1362.7,9.02,89.9,-0.0,168.63,0.0,0.0,0.0,0.0,300048.3,-194412.5,652817.9,0.3787,0.113,1763.5,-0.01988,-27.6208,0.0,0,-1.0,-1.0,-1.0,-1.0,-1.0,0.0,0.0,0.0,0.0
1791664005.17,3415134.4,1027.8,280780.5,280780.5,252.7,1615.4,1362.3,8.99,89.9,-0.01,168.58,0.0,0.0,0.0,0.0,300048.3,-194412.5,652817.9,0.3787,0.113,1763.5,-0.01978,-27.57725,0.0,0,-1.0,-1.0,-1.0,-1.0,-1.0,0.0,0.0,0.0,0.0
1791664005.68,3415134.9,1028.3,280906.6,280906.6,251.9,1615.0,1361.9,8.97,89.9,-0.01,168.53,0.0,0.0,0.0,0.0,300048.3,-194412.5,652817.9,0.3787,0.113,1763.5,-0.01968,-27.53371,0.0,0,-1.0,-1.0,-1.0,-1.0,-1.0,0.0,0.0,0.0,0.0
1791664006.18,3415135.4,1028.8,281032.3,281032.3,251.0,1614.7,1361.5,8.94,89.9,-0.01,168.47,0.0,0.0,0.0,0.0,300048.3,-194412.5,652817.9,0.3787,0.113,1763.5,-0.01958,-27.49019,0.0,0,-1.0,-1.0,-1.0,-1.0,-1.0,0.0,0.0,0.0,0.0
1791664006.68,3415135.9,1029.3,281157.6,281157.6,250.2,1614.3,1361.1,8.91,89.9,-0.01,168.42,0.0,0.0,0.0,0.0,300048.3,-194412.5,652817.9,0.3787,0.113,1763.5,-0.01948,-27.44669,0.0,0,-1.0,-1.0,-1.0,-1.0,-1.0,0.0,0.0,0.0,0.0
1791664007.18,3415136.5,1029.9,281282.5,281282.5,249.4,1614.0,1360.7,8.89,89.89,-0.01,168.37,0.0,0.0,0.0,0.0,300048.3,-194412.5,652817.9,0.3787,0.113,1763.5,-0.01937,-27.4032,0.26,0,-1.0,-1.0,-1.0,-1.0,-1.0,0.0,0.0,0.0,0.0
1791664007.68,3415136.9,1030.4,281402.0,281402.0,248.6,1613.6,1360.3,8.86,89.89,-0.01,168.32,0.0,0.0,0.0,0.0,300048.3,-194412.5,652817.9,0.3787,0.113,1763.5,-0.01928,-27.36146,0.0,0,-1.0,-1.0,-1.0,-1.0,-1.0,0.0,0.0,0.0,0.0
1791664008.18,3415137.4,1030.9,281531.0,281531.0,247.7,1613.3,1359.9,8.84,89.88,-0.01,168.27,0.0,0.0,0.0,0.0,300048.3,-194412.5,652817.9,0.3787,0.113,1763.5,-0.01917,-27.31626,0.0,0,-1.0,-1.0,-1.0,-1.0,-1.0,0.0,0.0,0.0,0.0
1791664008.69,3415137.9,1031.4,281654.7,281654.7,246.9,1612.9,1359.5,8.81,89.88,-0.0,168.22,0.0,0.0,0.0,0.0,300048.3,-194412.5,652817.9,0.3787,0.113,1763.5,-0.01907,-27.27282,0.0,0,-1.0,-1.0,-1.0,-1.0,-1.0,0.0,0.0,0.0,0.0
1791664009.19,3415138.4,1031.9,281777.9,281777.9,246.0,1612.6,1359.1,8.79,89.88,0.0,168.16,0.0,0.0,0.0,0.0,300048.3,-194412.5,652817.9,0.3787,0.113,1763.5,-0.01897,-27.22939,0.0,0,-1.0,-1.0,-1.0,-1.0,-1.0,0.0,0.0,0.0,0.0
1791664009.69,3415139.0,1032.4,281905.6,281905.6,245.2,1612.2,1358.6,8.76,89.88,0.0,168.11,0.0,0.0,0.0,0.0,300048.3,-194412.5,652817.9,0.3787,0.113,1763.5,-0.01887,-27.18423,0.0,0,-1.0,-1.0,-1.0,-1.0,-1.0,0.0,0.0,0.0,0.0
1791664010.19,3415139.5,1032.9,282028.0,282028.0,244.3,1611.9,1358.2,8.73,89.88,0.01,168.06,0.0,0.0,0.0,0.0,300048.3,-194412.5,652817.9,0.3787,0.113,1763.5,-0.01877,-27.14083,0.0,0,-1.0,-1.0,-1.0,-1.0,-1.0,0.0,0.0,0.0,0.0
1791664010.69,3415140.0,1033.4,282149.9,282149.9,243.5,1611.5,1357.8,8.71,89.88,0.01,168.01,0.0,0.0,0.0,0.0,300048.3,-194412.5,652817.9,0.3787,0.113,1763.5,-0.01867,-27.09744,0.0,0,-1.0,-1.0,-1.0,-1.0,-1.0,0.0,0.0,0.0,0.0
1791664011.2,3415140.5,1033.9,282271.5,282271.5,242.7,1611.2,1357.4,8.68,89.88,0.01,167.96,0.0,0.0,0.0,0.0,300048.3,-194412.5,652817.9,0.3787,0.113,1763.5,-0.01857,-27.05407,0.0,0,-1.0,-1.0,-1.0,-1.0,-1.0,0.0,0.0,0.0,0.0
1791664011.7,3415141.0,1034.4,282392.6,282392.6,241.8,1610.8,1357.0,8.65,89.89,0.01,167.9,0.0,0.0,0.0,0.0,300048.3,-194412.5,652817.9,0.3787,0.113,1763.5,-0.01847,-27.01071,0.0,0,-1.0,-1.0,-1.0,-1.0,-1.0,0.0,0.0,0.0,0.0
1791664012.2,3415141.5,1034.9,282513.3,282513.3,241.0,1610.5,1356.6,8.62,89.89,0.01,167.85,0.0,0.0,0.0,0.0,300048.3,-194412.5,652817.9,0.3787,0.113,1763.5,-0.01836,-26.96736,0.26,0,-1.0,-1.0,-1.0,-1.0,-1.0,0.0,0.0,0.0,0.0
1791664012.7,3415142.0,1035.4,282633.6,282633.6,240.2,1610.2,1356.2,8.58,89.89,0.0,167.8,0.0,0.0,0.0,0.0,300048.3,-194412.5,652817.9,0.3787,0.113,1763.5,-0.01826,-26.92403,0.0,0,-1.0,-1.0,-1.0,-1.0,-1.0,0.0,0.0,0.0,0.0
1791664013.2,3415142.5,1035.9,282753.5,282753.5,239.4,1609.8,1355.8,8.55,89.9,-0.0,167.75,0.0,0.0,0.0,0.0,300048.3,-194412.5,652817.9,0.3787,0.113,1763.5,-0.01816,-26.88072,0.0,0,-1.0,-1.0,-1.0,-1.0,-1.0,0.0,0.0,0.0,0.0
1791664013.71,3415143.0,1036.4,282877.8,282877.8,238.5,1609.5,1355.4,8.52,89.9,-0.01,167.69,0.0,0.0,0.0,0.0,300048.3,-194412.5,652817.9,0.3787,0.113,1763.5,-0.01806,-26.83568,0.0,0,-1.0,-1.0,-1.0,-1.0,-1.0,0.0,0.0,0.0,0.0
1791664014.22,3415143.5,1036.9,282996.8,282996.8,237.7,1609.1,1355.0,8.49,89.9,-0.01,167.64,0.0,0.0,0.0,0.0,300048.3,-194412.5,652817.9,0.3787,0.113,1763.5,-0.01796,-26.79239,0.0,0,-1.0,-1.0,-1.0,-1.0,-1.0,0.0,0.0,0.0,0.0
1791664014.72,3415144.0,1037.4,283115.4,283115.4,236.8,1608.8,1354.7,8.46,89.9,-0.01,167.59,0.0,0.0,0.0,0.0,300048.3,-194412.5,652817.9,0.3787,0.113,1763.5,-0.01786,-26.74912,0.0,0,-1.0,-1.0,-1.0,-1.0,-1.0,0.0,0.0,0.0,0.0
1791664015.22,3415144.5,1037.9,283233.6,283233.6,236.0,1608.5,1354.3,8.43,89.9,-0.01,167.54,0.0,0.0,0.0,0.0,300048.3,-194412.5,652817.9,0.3787,0.113,1763.5,-0.01776,-26.70586,0.0,0,-1.0,-1.0,-1.0,-1.0,-1.0,0.0,0.0,0.0,0.0
1791664015.72,3415145.0,1038.4,283351.4,283351.4,235.2,1608.1,1353.9,8.41,89.89,-0.01,167.49,0.0,0.0,0.0,0.0,300048.3,-194412.5,652817.9,0.3787,0.113,1763.5,-0.01766,-26.66261,0.0,0,-1.0,-1.0,-1.0,-1.0,-1.0,0.0,0.0,0.0,0.0
1791664016.23,3415145.3,1038.9,283426.6,283426.6,234.6,1607.9,1353.6,8.39,89.89,-0.01,167.46,0.0,0.0,0.0,0.0,300048.3,-194412.5,652817.9,0.3787,0.113,1763.5,-0.01759,-26.63494,0.0,0,-1.0,-1.0,-1.0,-1.0,-1.0,0.0,0.0,0.0,0.0
1791664016.73,3415145.8,1039.4,283543.7,283543.7,233.8,1607.6,1353.2,8.36,89.89,-0.01,167.4,0.0,0.0,0.0,0.0,300048.3,-194412.5,652817.9,0.3787,0.113,1763.5,-0.01749,-26.59172,0.26,0,-1.0,-1.0,-1.0,-1.0,-1.0,0.0,0.0,0.0,0.0
1791664017.23,3415146.3,1039.9,283660.4,283660.4,233.0,1607.3,1352.9,8.34,89.89,-0.0,167.35,0.0,0.0,0.0,0.0,300048.3,-194412.5,652817.9,0.3787,0.113,1763.5,-0.01739,-26.54851,0.0,0,-1.0,-1.0,-1.0,-1.0,-1.0,0.0,0.0,0.0,0.0
1791664017.73,3415146.8,1040.4,283776.7,283776.7,232.1,1606.9,1352.5,8.32,89.88,-0.0,167.3,0.0,0.0,0.0,0.0,300048.3,-194412.5,652817.9,0.3787,0.113,1763.5,-0.01729,-26.50531,0.0,0,-1.0,-1.0,-1.0,-1.0,-1.0,0.0,0.0,0.0,0.0
1791664018.23,3415147.3,1040.9,283897.2,283897.2,231.3,1606.6,1352.1,8.29,89.88,0.0,167.25,0.0,0.0,0.0,0.0,300048.3,-194412.5,652817.9,0.3787,0.113,1763.5,-0.01719,-26.4604,0.0,0,-1.0,-1.0,-1.0,-1.0,-1.0,0.0,0.0,0.0,0.0
1791664018.74,3415147.8,1041.4,284012.6,284012.6,230.5,1606.3,1351.7,8.26,89.88,0.01,167.2,0.0,0.0,0.0,0.0,300048.3,-194412.5,652817.9,0.3787,0.113,1763.5,-0.01709,-26.41723,0.0,0,-1.0,-1.0,-1.0,-1.0,-1.0,0.0,0.0,0.0,0.0
1791664019.24,3415148.3,1041.9,284127.6,284127.6,229.6,1606.0,1351.3,8.24,89.88,0.01,167.14,0.0,0.0,0.0,0.0,300048.3,-194412.5,652817.9,0.3787,0.113,1763.5,-0.01699,-26.37407,0.0,0,-1.0,-1.0,-1.0,-1.0,-1.0,0.0,0.0,0.0,0.0
1791664019.74,3415148.8,1042.4,284242.2,284242.2,228.8,1605.6,1351.0,8.21,89.88,0.01,167.09,0.0,0.0,0.0,0.0,300048.3,-194412.5,652817.9,0.3787,0.113,1763.5,-0.01689,-26.33093,0.0,0,-1.0,-1.0,-1.0,-1.0,-1.0,0.0,0.0,0.0,0.0
1791664020.24,3415149.3,1042.9,284356.4,284356.4,228.0,1605.3,1350.6,8.18,89.88,0.01,167.04,0.0,0.0,0.0,0.0,300048.3,-194412.5,652817.9,0.3787,0.113,1763.5,-0.01679,-26.2878,0.0,0,-1.0,-1.0,-1.0,-1.0,-1.0,0.0,0.0,0.0,0.0
1791664020.74,3415149.8,1043.4,284470.2,284470.2,227.1,1605.0,1350.2,8.15,89.88,0.01,166.99,0.0,0.0,0.0,0.0,300048.3,-194412.5,652817.9,0.3787,0.113,1763.5,-0.01669,-26.24468,0.0,0,-1.0,-1.0,-1.0,-1.0,-1.0,0.0,0.0,0.0,0.0
1791664021.24,3415150.3,1043.9,284583.6,284583.6,226.3,1604.7,1349.8,8.12,89.89,0.0,166.94,0.0,0.0,0.0,0.0,300048.3,-194412.5,652817.9,0.3787,0.113,1763.5,-0.01659,-26.20158,0.0,0,-1.0,-1.0,-1.0,-1.0,-1.0,0.0,0.0,0.0,0.0
1791664021.75,3415150.8,1044.4,284696.5,284696.5,225.5,1604.4,1349.5,8.09,89.89,0.0,166.88,0.0,0.0,0.0,0.0,300048.3,-194412.5,652817.9,0.3787,0.113,1763.5,-0.01649,-26.15849,0.0,0,-1.0,-1.0,-1.0,-1.0,-1.0,0.0,0.0,0.0,0.0
1791664022.25,3415151.3,1044.9,284809.0,284809.0,224.6,1604.0,1349.1,8.06,89.9,-0.0,166.83,0.0,0.0,0.0,0.0,300048.3,-194412.5,652817.9,0.3787,0.113,1763.5,-0.01639,-26.11541,0.0,0,-1.0,-1.0,-1.0,-1.0,-1.0,0.0,0.0,0.0,0.0
1791664022.75,3415151.8,1045.4,284925.6,284925.6,223.8,1603.7,1348.7,8.02,89.9,-0.01,166.78,0.0,0.0,0.0,0.0,300048.3,-194412.5,652817.9,0.3787,0.113,1763.5,-0.01628,-26.07063,0.0,0,-1.0,-1.0,-1.0,-1.0,-1.0,0.0,0.0,0.0,0.0
1791664023.25,3415152.3,1045.9,285037.3,285037.3,222.9,1603.4,1348.3,7.99,89.9,-0.01,166.73,0.0,0.0,0.0,0.0,300048.3,-194412.5,652817.9,0.3787,0.113,1763.5,-0.01618,-26.02758,0.0,0,-1.0,-1.0,-1.0,-1.0,-1.0,0.0,0.0,0.0,0.0
1791664023.76,3415152.8,1046.4,285148.6,285148.6,222.1,1603.1,1348.0,7.96,89.9,-0.01,166.68,0.0,0.0,0.0,0.0,300048.3,-194412.5,652817.9,0.3787,0.113,1763.5,-0.01608,-25.98454,0.0,0,-1.0,-1.0,-1.0,-1.0,-1.0,0.0,0.0,0.0,0.0
1791664024.26,3415153.3,1046.9,285259.4,285259.4,221.3,1602.8,1347.6,7.93,89.9,-0.01,166.63,0.0,0.0,0.0,0.0,300048.3,-194412.5,652817.9,0.3787,0.113,1763.5,-0.01598,-25.94152,0.0,0,-1.0,-1.0,-1.0,-1.0,-1.0,0.0,0.0,0.0,0.0
1791664024.76,3415153.8,1047.4,285369.9,285369.8,220.5,1602.5,1347.2,7.9,89.9,-0.01,166.58,0.0,0.0,0.0,0.0,300048.3,-194412.5,652817.9,0.3787,0.113,1763.5,-0.01588,-25.89851,0.0,0,-1.0,-1.0,-1.0,-1.0,-1.0,0.0,0.0,0.0,0.0
1791664025.26,3415154.3,1047.9,285479.9,285479.9,219.6,1602.2,1346.9,7.88,89.89,-0.01,166.53,0.0,0.0,0.0,0.0,300048.3,-194412.5,652817.9,0.3787,0.113,1763.5,-0.01578,-25.85551,0.0,0,-1.0,-1.0,-1.0,-1.0,-1.0,0.0,0.0,0.0,0.0
1791664025.76,3415154.8,1048.4,285585.1,285585.1,218.8,1601.9,1346.5,7.85,89.89,-0.0,166.47,0.0,0.0,0.0,0.0,300048.3,-194412.5,652817.9,0.3787,0.113,1763.5,-0.01568,-25.81424,0.0,0,-1.0,-1.0,-1.0,-1.0,-1.0,0.0,0.0,0.0,0.0
1791664026.26,3415155.4,1048.9,285698.7,285698.7,218.0,1601.5,1346.2,7.82,89.89,-0.0,166.42,0.0,0.0,0.0,0.0,300048.3,-194412.5,652817.9,0.3787,0.113,1763.5,-0.01558,-25.76955,0.0,0,-1.0,-1.0,-1.0,-1.0,-1.0,0.0,0.0,0.0,0.0
1791664026.77,3415155.9,1049.4,285811.8,-1.0,217.1,1601.2,1345.8,7.8,89.88,0.0,166.37,0.0,0.0,0.0,0.0,300048.3,-194412.5,652817.9,0.3787,0.113,1763.5,-0.01547,-25.72487,0.0,0,-1.0,-1.0,-1.0,-1.0,-1.0,0.0,0.0,0.0,0.0
1791664027.27,3415156.4,1049.9,285920.1,285920.1,216.3,1600.9,1345.4,7.77,89.88,0.01,166.32,0.0,0.0,0.0,0.0,300048.3,-194412.5,652817.9,0.3787,0.113,1763.5,-0.01537,-25.68192,0.0,0,-1.0,-1.0,-1.0,-1.0,-1.0,0.0,0.0,0.0,0.0
1791664027.77,3415156.9,1050.4,286028.1,286028.1,215.4,1600.6,1345.1,7.75,89.88,0.01,166.27,0.0,0.0,0.0,0.0,300048.3,-194412.5,652817.9,0.3787,0.113,1763.5,-0.01527,-25.63899,0.0,0,-1.0,-1.0,-1.0,-1.0,-1.0,0.0,0.0,0.0,0.0
1791664028.27,3415157.4,1050.9,286135.6,286135.6,214.6,1600.3,1344.7,7.72,89.88,0.01,166.22,0.0,0.0,0.0,0.0,300048.3,-194412.5,652817.9,0.3787,0.113,1763.5,-0.01517,-25.59606,0.0,0,-1.0,-1.0,-1.0,-1.0,-1.0,0.0,0.0,0.0,0.0
1791664028.78,3415157.9,1051.4,286242.7,286242.7,213.8,1600.0,1344.4,7.69,89.88,0.01,166.16,0.0,0.0,0.0,0.0,300048.3,-194412.5,652817.9,0.3787,0.113,1763.5,-0.01507,-25.55315,0.0,0,-1.0,-1.0,-1.0,-1.0,-1.0,0.0,0.0,0.0,0.0
1791664029.28,3415158.4,1051.9,286349.4,286349.4,213.0,1599.7,1344.0,7.67,89.88,0.01,166.11,0.0,0.0,0.0,0.0,300048.3,-194412.5,652817.9,0.3787,0.113,1763.5,-0.01497,-25.51026,0.0,0,-1.0,-1.0,-1.0,-1.0,-1.0,0.0,0.0,0.0,0.0
1791664029.78,3415158.9,1052.5,286455.6,286455.7,212.1,1599.4,1343.7,7.64,89.88,0.0,166.06,0.0,0.0,0.0,0.0,300048.3,-194412.5,652817.9,0.3787,0.113,1763.5,-0.01487,-25.46737,0.0,0,-1.0,-1.0,-1.0,-1.0,-1.0,0.0,0.0,0.0,0.0
1791664030.28,3415159.4,1053.0,286561.5,286561.5,211.3,1599.1,1343.3,7.61,89.89,0.0,166.01,0.0,0.0,0.0,0.0,300048.3,-194412.5,652817.9,0.3787,0.113,1763.5,-0.01477,-25.4245,0.0,0,-1.0,-1.0,-1.0,-1.0,-1.0,0.0,0.0,0.0,0.0
1791664030.79,3415159.9,1053.5,286671.2,286671.2,210.4,1598.8,1343.0,7.57,89.89,-0.0,165.96,0.0,0.0,0.0,0.0,300048.3,-194412.5,652817.9,0.3787,0.113,1763.5,-0.01467,-25.37992,0.0,0,-1.0,-1.0,-1.0,-1.0,-1.0,0.0,0.0,0.0,0.0
1791664031.29,3415160.4,1054.0,286776.2,286776.2,209.6,1598.5,1342.6,7.54,89.89,-0.01,165.91,0.0,0.0,0.0,0.0,300048.3,-194412.5,652817.9,0.3787,0.113,1763.5,-0.01457,-25.33707,0.0,0,-1.0,-1.0,-1.0,-1.0,-1.0,0.0,0.0,0.0,0.0
1791664031.79,3415160.9,1054.5,286880.8,286880.8,208.8,1598.2,1342.3,7.51,89.9,-0.01,165.85,0.0,0.0,0.0,0.0,300048.3,-194412.5,652817.9,0.3787,0.113,1763.5,-0.01447,-25.29424,0.0,0,-1.0,-1.0,-1.0,-1.0,-1.0,0.0,0.0,0.0,0.0
1791664032.29,3415161.4,1055.0,286984.9,286984.9,207.9,1597.9,1341.9,7.48,89.9,-0.01,165.8,0.0,0.0,0.0,0.0,300048.3,-194412.5,652817.9,0.3787,0.113,1763.5,-0.01437,-25.25141,0.0,0,-1.0,-1.0,-1.0,-1.0,-1.0,0.0,0.0,0.0,0.0
1791664032.79,3415161.9,1055.5,287088.7,287088.7,207.1,1597.6,1341.6,7.44,89.9,-0.01,165.75,0.0,0.0,0.0,0.0,300048.3,-194412.5,652817.9,0.3787,0.113,1763.5,-0.01427,-25.2086,0.0,0,-1.0,-1.0,-1.0,-1.0,-1.0,0.0,0.0,0.0,0.0
1791664033.3,3415162.4,1056.0,287192.1,287192.1,206.3,1597.3,1341.3,7.42,89.9,-0.01,165.7,0.0,0.0,0.0,0.0,300048.3,-194412.5,652817.9,0.3787,0.113,1763.5,-0.01417,-25.1658,0.0,0,-1.0,-1.0,-1.0,-1.0,-1.0,0.0,0.0,0.0,0.0
1791664033.8,3415162.9,1056.5,287295.0,287295.0,205.5,1597.1,1340.9,7.39,89.9,-0.01,165.65,0.0,0.0,0.0,0.0,300048.3,-194412.5,652817.9,0.3787,0.113,1763.5,-0.01407,-25.12301,0.0,0,-1.0,-1.0,-1.0,-1.0,-1.0,0.0,0.0,0.0,0.0
1791664034.3,3415163.4,1057.0,287397.5,287397.5,204.6,1596.8,1340.6,7.36,89.89,-0.0,165.6,0.0,0.0,0.0,0.0,300048.3,-194412.5,652817.9,0.3787,0.113,1763.5,-0.01397,-25.08024,0.0,0,-1.0,-1.0,-1.0,-1.0,-1.0,0.0,0.0,0.0,0.0
1791664034.8,3415163.8,1057.5,287491.5,287491.5,203.9,1596.5,1340.3,7.33,89.89,-0.0,165.55,0.0,0.0,0.0,0.0,300048.3,-194412.5,652817.9,0.3787,0.113,1763.5,-0.01388,-25.04089,0.0,0,-1.0,-1.0,-1.0,-1.0,-1.0,0.0,0.0,0.0,0.0
1791664035.31,3415164.3,1058.0,287593.2,287593.2,203.0,1596.2,1339.9,7.31,89.89,0.0,165.5,0.0,0.0,0.0,0.0,300048.3,-194412.5,652817.9,0.3787,0.113,1763.5,-0.01378,-24.99814,0.0,0,-1.0,-1.0,-1.0,-1.0,-1.0,0.0,0.0,0.0,0.0
1791664035.81,3415164.8,1058.5,287694.5,287694.5,202.2,1595.9,1339.6,7.28,89.88,0.01,165.45,0.0,0.0,0.0,0.0,300048.3,-194412.5,652817.9,0.3787,0.113,1763.5,-0.01368,-24.9554,0.0,0,-1.0,-1.0,-1.0,-1.0,-1.0,0.0,0.0,0.0,0.0
1791664036.31,3415165.3,1059.0,287795.4,287795.4,201.4,1595.7,1339.3,7.26,89.88,0.01,165.4,0.0,0.0,0.0,0.0,300048.3,-194412.5,652817.9,0.3787,0.113,1763.5,-0.01358,-24.91267,0.0,0,-1.0,-1.0,-1.0,-1.0,-1.0,0.0,0.0,0.0,0.0
1791664036.81,3415165.8,1059.5,287895.9,287895.9,200.5,1595.4,1338.9,7.23,89.88,0.01,165.35,0.0,0.0,0.0,0.0,300048.3,-194412.5,652817.9,0.3787,0.113,1763.5,-0.01348,-24.86995,0.0,0,-1.0,-1.0,-1.0,-1.0,-1.0,0.0,0.0,0.0,0.0
1791664037.31,3415166.4,1060.0,287999.9,287999.9,199.7,1595.1,1338.6,7.21,89.88,0.01,165.29,0.0,0.0,0.0,0.0,300048.3,-194412.5,652817.9,0.3787,0.113,1763.5,-0.01337,-24.82553,0.0,0,-1.0,-1.0,-1.0,-1.0,-1.0,0.0,0.0,0.0,0.0
1791664037.81,3415166.9,1060.5,288095.6,288095.6,198.9,1594.8,1338.3,7.18,89.88,0.01,165.24,0.0,0.0,0.0,0.0,300048.3,-194412.5,652817.9,0.3787,0.113,1763.5,-0.01328,-24.78454,0.0,0,-1.0,-1.0,-1.0,-1.0,-1.0,0.0,0.0,0.0,0.0
1791664038.32,3415167.4,1061.0,288194.8,288194.8,198.1,1594.5,1338.0,7.15,89.88,0.0,165.19,0.0,0.0,0.0,0.0,300048.3,-194412.5,652817.9,0.3787,0.113,1763.5,-0.01318,-24.74186,0.0,0,-1.0,-1.0,-1.0,-1.0,-1.0,0.0,0.0,0.0,0.0
1791664038.82,3415167.9,1061.5,288297.6,288297.6,197.2,1594.2,1337.6,7.12,89.88,0.0,165.14,0.0,0.0,0.0,0.0,300048.3,-194412.5,652817.9,0.3787,0.113,1763.5,-0.01307,-24.69748,0.0,0,-1.0,-1.0,-1.0,-1.0,-1.0,0.0,0.0,0.0,0.0
1791664039.32,3415168.4,1062.0,288396.0,288396.0,196.4,1594.0,1337.3,7.09,89.89,-0.0,165.09,0.0,0.0,0.0,0.0,300048.3,-194412.5,652817.9,0.3787,0.113,1763.5,-0.01297,-24.65482,0.0,0,-1.0,-1.0,-1.0,-1.0,-1.0,0.0,0.0,0.0,0.0
1791664039.82,3415168.9,1062.5,288494.0,288494.0,195.5,1593.7,1337.0,7.06,89.89,-0.01,165.04,0.0,0.0,0.0,0.0,300048.3,-194412.5,652817.9,0.3787,0.113,1763.5,-0.01287,-24.61217,0.0,0,-1.0,-1.0,-1.0,-1.0,-1.0,0.0,0.0,0.0,0.0
1791664040.33,3415169.4,1063.0,288591.5,288591.6,194.7,1593.4,1336.6,7.03,89.89,-0.01,164.99,0.0,0.0,0.0,0.0,300048.3,-194412.5,652817.9,0.3787,0.113,1763.5,-0.01277,-24.56953,0.0,0,-1.0,-1.0,-1.0,-1.0,-1.0,0.0,0.0,0.0,0.0
1791664040.83,3415169.9,1063.5,288688.7,288688.7,193.9,1593.1,1336.3,6.99,89.9,-0.01,164.94,0.0,0.0,0.0,0.0,300048.3,-194412.5,652817.9,0.3787,0.113,1763.5,-0.01267,-24.5269,0.0,0,-1.0,-1.0,-1.0,-1.0,-1.0,0.0,0.0,0.0,0.0
1791664041.33,3415170.4,1064.0,288785.4,288785.4,193.1,1592.9,1336.0,6.96,89.9,-0.01,164.89,0.0,0.0,0.0,0.0,300048.3,-194412.5,652817.9,0.3787,0.113,1763.5,-0.01258,-24.48428,0.0,0,-1.0,-1.0,-1.0,-1.0,-1.0,0.0,0.0,0.0,0.0
1791664041.83,3415170.9,1064.5,288881.8,288881.8,192.2,1592.6,1335.7,6.93,89.9,-0.01,164.84,0.0,0.0,0.0,0.0,300048.3,-194412.5,652817.9,0.3787,0.113,1763.5,-0.01248,-24.44168,0.0,0,-1.0,-1.0,-1.0,-1.0,-1.0,0.0,0.0,0.0,0.0
1791664042.34,3415171.4,1065.0,288981.5,288981.5,191.4,1592.3,1335.4,6.9,89.9,-0.01,164.78,0.0,0.0,0.0,0.0,300048.3,-194412.5,652817.9,0.3787,0.113,1763.5,-0.01237,-24.39738,0.0,0,-1.0,-1.0,-1.0,-1.0,-1.0,0.0,0.0,0.0,0.0
1791664042.84,3415171.9,1065.5,289077.0,289077.0,190.5,1592.1,1335.1,6.87,89.9,-0.0,164.73,0.0,0.0,0.0,0.0,300048.3,-194412.5,652817.9,0.3787,0.113,1763.5,-0.01227,-24.3548,0.0,0,-1.0,-1.0,-1.0,-1.0,-1.0,0.0,0.0,0.0,0.0
1791664043.35,3415172.4,1066.0,289172.0,289172.0,189.7,1591.8,1334.7,6.84,89.89,-0.0,164.68,0.0,0.0,0.0,0.0,300048.3,-194412.5,652817.9,0.3787,0.113,1763.5,-0.01217,-24.31223,0.0,0,-1.0,-1.0,-1.0,-1.0,-1.0,0.0,0.0,0.0,0.0
1791664043.85,3415172.9,1066.5,289266.7,289266.7,188.9,1591.5,1334.4,6.81,89.89,0.0,164.63,0.0,0.0,0.0,0.0,300048.3,-194412.5,652817.9,0.3787,0.113,1763.5,-0.01207,-24.26966,0.0,0,-1.0,-1.0,-1.0,-1.0,-1.0,0.0,0.0,0.0,0.0
1791664044.35,3415173.4,1067.0,289360.9,289360.9,188.0,1591.3,1334.1,6.79,89.89,0.01,164.58,0.0,0.0,0.0,0.0,300048.3,-194412.5,652817.9,0.3787,0.113,1763.5,-0.01197,-24.22711,0.26,0,-1.0,-1.0,-1.0,-1.0,-1.0,0.0,0.0,0.0,0.0
1791664044.85,3415173.9,1067.5,289454.7,289454.7,187.2,1591.0,1333.8,6.76,89.88,0.01,164.53,0.0,0.0,0.0,0.0,300048.3,-194412.5,652817.9,0.3787,0.113,1763.5,-0.01187,-24.18457,0.0,0,-1.0,-1.0,-1.0,-1.0,-1.0,0.0,0.0,0.0,0.0
1791664045.35,3415174.2,1068.0,289514.5,289514.5,186.7,1590.8,1333.6,6.74,89.88,0.01,164.5,0.0,0.0,0.0,0.0,300048.3,-194412.5,652817.9,0.3787,0.113,1763.5,-0.01181,-24.15735,0.0,0,-1.0,-1.0,-1.0,-1.0,-1.0,0.0,0.0,0.0,0.0
1791664045.85,3415174.7,1068.5,289611.4,289611.4,185.8,1590.6,1333.3,6.72,89.88,0.01,164.44,0.0,0.0,0.0,0.0,300048.3,-194412.5,652817.9,0.3787,0.113,1763.5,-0.01171,-24.11313,0.0,0,-1.0,-1.0,-1.0,-1.0,-1.0,0.0,0.0,0.0,0.0
1791664046.36,3415175.2,1069.0,289704.1,289704.1,185.0,1590.3,1333.0,6.69,89.88,0.01,164.39,0.0,0.0,0.0,0.0,300048.3,-194412.5,652817.9,0.3787,0.113,1763.5,-0.01161,-24.07062,0.0,0,-1.0,-1.0,-1.0,-1.0,-1.0,0.0,0.0,0.0,0.0
1791664046.86,3415175.7,1069.5,289796.4,289796.4,184.2,1590.0,1332.7,6.67,89.88,0.01,164.34,0.0,0.0,0.0,0.0,300048.3,-194412.5,652817.9,0.3787,0.113,1763.5,-0.01151,-24.02812,0.0,0,-1.0,-1.0,-1.0,-1.0,-1.0,0.0,0.0,0.0,0.0
1791664047.36,3415176.2,1070.0,289888.3,289888.3,183.3,1589.8,1332.4,6.64,89.88,0.0,164.29,0.0,0.0,0.0,0.0,300048.3,-194412.5,652817.9,0.3787,0.113,1763.5,-0.01141,-23.98563,0.0,0,-1.0,-1.0,-1.0,-1.0,-1.0,0.0,0.0,0.0,0.0
1791664047.86,3415176.7,1070.5,289979.7,289979.8,182.5,1589.5,1332.1,6.61,89.88,-0.0,164.24,0.0,0.0,0.0,0.0,300048.3,-194412.5,652817.9,0.3787,0.113,1763.5,-0.01131,-23.94315,0.0,0,-1.0,-1.0,-1.0,-1.0,-1.0,0.0,0.0,0.0,0.0
1791664048.36,3415177.2,1071.0,290070.8,290070.8,181.7,1589.3,1331.8,6.58,89.88,-0.01,164.19,0.0,0.0,0.0,0.0,300048.3,-194412.5,652817.9,0.3787,0.113,1763.5,-0.01121,-23.90068,0.26,0,-1.0,-1.0,-1.0,-1.0,-1.0,0.0,0.0,0.0,0.0
1791664048.86,3415177.7,1071.5,290165.0,290165.0,180.8,1589.0,1331.5,6.55,89.89,-0.01,164.14,0.0,0.0,0.0,0.0,300048.3,-194412.5,652817.9,0.3787,0.113,1763.5,-0.0111,-23.85652,0.0,0,-1.0,-1.0,-1.0,-1.0,-1.0,0.0,0.0,0.0,0.0
1791664049.37,3415178.2,1072.0,290251.6,290251.6,180.0,1588.8,1331.2,6.52,89.89,-0.01,164.09,0.0,0.0,0.0,0.0,300048.3,-194412.5,652817.9,0.3787,0.113,1763.5,-0.01101,-23.81577,0.0,0,-1.0,-1.0,-1.0,-1.0,-1.0,0.0,0.0,0.0,0.0
1791664049.87,3415178.7,1072.5,290345.0,290345.0,179.2,1588.5,1330.9,6.48,89.9,-0.01,164.03,0.0,0.0,0.0,0.0,300048.3,-194412.5,652817.9,0.3787,0.113,1763.5,-0.0109,-23.77164,0.0,0,-1.0,-1.0,-1.0,-1.0,-1.0,0.0,0.0,0.0,0.0
1791664050.37,3415179.2,1073.0,290434.4,290434.4,178.3,1588.2,1330.6,6.45,89.9,-0.01,163.98,0.0,0.0,0.0,0.0,300048.3,-194412.5,652817.9,0.3787,0.113,1763.5,-0.0108,-23.72921,0.0,0,-1.0,-1.0,-1.0,-1.0,-1.0,0.0,0.0,0.0,0.0
1791664050.88,3415179.7,1073.5,290523.4,290523.4,177.5,1588.0,1330.3,6.42,89.9,-0.01,163.93,0.0,0.0,0.0,0.0,300048.3,-194412.5,652817.9,0.3787,0.113,1763.5,-0.0107,-23.68679,0.0,0,-1.0,-1.0,-1.0,-1.0,-1.0,0.0,0.0,0.0,0.0
1791664051.38,3415180.2,1074.0,290611.9,290611.9,176.7,1587.7,1330.0,6.39,89.9,-0.01,163.88,0.0,0.0,0.0,0.0,300048.3,-194412.5,652817.9,0.3787,0.113,1763.5,-0.0106,-23.64439,0.0,0,-1.0,-1.0,-1.0,-1.0,-1.0,0.0,0.0,0.0,0.0
1791664051.88,3415180.8,1074.5,290700.0,290700.0,175.9,1587.5,1329.7,6.36,89.9,-0.0,163.83,0.0,0.0,0.0,0.0,300048.3,-194412.5,652817.9,0.3787,0.113,1763.5,-0.01051,-23.60199,0.26,0,-1.0,-1.0,-1.0,-1.0,-1.0,0.0,0.0,0.0,0.0
1791664052.38,3415181.3,1075.1,290787.8,290787.8,175.0,1587.3,1329.4,6.33,89.89,-0.0,163.78,0.0,0.0,0.0,0.0,300048.3,-194412.5,652817.9,0.3787,0.113,1763.5,-0.01041,-23.5596,0.0,0,-1.0,-1.0,-1.0,-1.0,-1.0,0.0,0.0,0.0,0.0
1791664052.88,3415181.8,1075.6,290875.1,290875.1,174.2,1587.0,1329.1,6.3,89.89,0.0,163.73,0.0,0.0,0.0,0.0,300048.3,-194412.5,652817.9,0.3787,0.113,1763.5,-0.01031,-23.51722,0.0,0,-1.0,-1.0,-1.0,-1.0,-1.0,0.0,0.0,0.0,0.0
1791664053.39,3415182.3,1076.1,290965.4,290965.4,173.3,1586.8,1328.8,6.27,89.89,0.01,163.68,0.0,0.0,0.0,0.0,300048.3,-194412.5,652817.9,0.3787,0.113,1763.5,-0.0102,-23.47316,0.0,0,-1.0,-1.0,-1.0,-1.0,-1.0,0.0,0.0,0.0,0.0
1791664053.89,3415182.8,1076.6,291051.9,291051.9,172.5,1586.5,1328.6,6.24,89.88,0.01,163.63,0.0,0.0,0.0,0.0,300048.3,-194412.5,652817.9,0.3787,0.113,1763.5,-0.0101,-23.43081,0.0,0,-1.0,-1.0,-1.0,-1.0,-1.0,0.0,0.0,0.0,0.0
1791664054.39,3415183.3,1077.1,291134.5,291134.5,171.7,1586.3,1328.3,6.22,89.88,0.01,163.58,0.0,0.0,0.0,0.0,300048.3,-194412.5,652817.9,0.3787,0.113,1763.5,-0.01001,-23.39015,0.26,0,-1.0,-1.0,-1.0,-1.0,-1.0,0.0,0.0,0.0,0.0
1791664054.89,3415183.8,1077.6,291223.6,291223.6,170.8,1586.0,1328.0,6.19,89.88,0.01,163.53,0.0,0.0,0.0,0.0,300048.3,-194412.5,652817.9,0.3787,0.113,1763.5,-0.0099,-23.34612,0.0,0,-1.0,-1.0,-1.0,-1.0,-1.0,0.0,0.0,0.0,0.0
1791664055.39,3415184.3,1078.1,291308.8,291308.8,170.0,1585.8,1327.7,6.17,89.88,0.01,163.47,0.0,0.0,0.0,0.0,300048.3,-194412.5,652817.9,0.3787,0.113,1763.5,-0.0098,-23.30379,0.0,0,-1.0,-1.0,-1.0,-1.0,-1.0,0.0,0.0,0.0,0.0
1791664055.89,3415184.8,1078.6,291393.6,291393.6,169.2,1585.6,1327.4,6.14,89.88,0.0,163.42,0.0,0.0,0.0,0.0,300048.3,-194412.5,652817.9,0.3787,0.113,1763.5,-0.0097,-23.26148,0.0,0,-1.0,-1.0,-1.0,-1.0,-1.0,0.0,0.0,0.0,0.0
1791664056.4,3415185.3,1079.1,291478.0,291478.0,168.4,1585.3,1327.2,6.11,89.88,-0.0,163.37,0.0,0.0,0.0,0.0,300048.3,-194412.5,652817.9,0.3787,0.113,1763.5,-0.00961,-23.21917,0.0,0,-1.0,-1.0,-1.0,-1.0,-1.0,0.0,0.0,0.0,0.0
1791664056.9,3415185.8,1079.6,291565.3,291565.3,167.5,1585.1,1326.9,6.08,89.88,-0.01,163.32,0.0,0.0,0.0,0.0,300048.3,-194412.5,652817.9,0.3787,0.113,1763.5,-0.0095,-23.17518,0.0,0,-1.0,-1.0,-1.0,-1.0,-1.0,0.0,0.0,0.0,0.0
1791664057.41,3415186.3,1080.1,291645.5,291645.5,166.7,1584.9,1326.6,6.05,89.88,-0.01,163.27,0.0,0.0,0.0,0.0,300048.3,-194412.5,652817.9,0.3787,0.113,1763.5,-0.00941,-23.13458,0.0,0,-1.0,-1.0,-1.0,-1.0,-1.0,0.0,0.0,0.0,0.0
1791664057.91,3415186.8,1080.6,291728.7,291728.7,165.9,1584.6,1326.3,6.02,89.89,-0.01,163.22,0.0,0.0,0.0,0.0,300048.3,-194412.5,652817.9,0.3787,0.113,1763.5,-0.00931,-23.0923,0.0,0,-1.0,-1.0,-1.0,-1.0,-1.0,0.0,0.0,0.0,0.0
1791664058.41,3415187.3,1081.1,291814.7,291814.7,165.0,1584.4,1326.0,5.99,89.89,-0.01,163.17,0.0,0.0,0.0,0.0,300048.3,-194412.5,652817.9,0.3787,0.113,1763.5,-0.0092,-23.04834,0.0,0,-1.0,-1.0,-1.0,-1.0,-1.0,0.0,0.0,0.0,0.0
1791664058.91,3415187.8,1081.6,291893.7,291893.7,164.2,1584.2,1325.8,5.96,89.89,-0.01,163.12,0.0,0.0,0.0,0.0,300048.3,-194412.5,652817.9,0.3787,0.113,1763.5,-0.00911,-23.00777,0.0,0,-1.0,-1.0,-1.0,-1.0,-1.0,0.0,0.0,0.0,0.0
1791664059.41,3415188.3,1082.1,291975.6,291975.6,163.4,1583.9,1325.5,5.93,89.9,-0.01,163.07,0.0,0.0,0.0,0.0,300048.3,-194412.5,652817.9,0.3787,0.113,1763.5,-0.00901,-22.96552,0.26,0,-1.0,-1.0,-1.0,-1.0,-1.0,0.0,0.0,0.0,0.0
1791664059.91,3415188.8,1082.6,292057.1,292057.1,162.6,1583.7,1325.2,5.89,89.9,-0.01,163.02,0.0,0.0,0.0,0.0,300048.3,-194412.5,652817.9,0.3787,0.113,1763.5,-0.00891,-22.92327,0.0,0,-1.0,-1.0,-1.0,-1.0,-1.0,0.0,0.0,0.0,0.0
1791664060.42,3415189.3,1083.1,292141.4,292141.4,161.7,1583.5,1325.0,5.86,89.9,-0.0,162.97,0.0,0.0,0.0,0.0,300048.3,-194412.5,652817.9,0.3787,0.113,1763.5,-0.00881,-22.87935,0.0,0,-1.0,-1.0,-1.0,-1.0,-1.0,0.0,0.0,0.0,0.0
1791664060.92,3415189.8,1083.6,292222.1,292222.1,160.9,1583.2,1324.7,5.83,89.9,-0.0,162.92,0.0,0.0,0.0,0.0,300048.3,-194412.5,652817.9,0.3787,0.113,1763.5,-0.00871,-22.83713,0.0,0,-1.0,-1.0,-1.0,-1.0,-1.0,0.0,0.0,0.0,0.0
1791664061.42,3415190.3,1084.1,292302.3,292302.3,160.0,1583.0,1324.4,5.8,89.89,0.0,162.87,0.0,0.0,0.0,0.0,300048.3,-194412.5,652817.9,0.3787,0.113,1763.5,-0.00861,-22.79491,0.0,0,-1.0,-1.0,-1.0,-1.0,-1.0,0.0,0.0,0.0,0.0
1791664061.92,3415190.8,1084.6,292382.1,292382.1,159.2,1582.8,1324.2,5.77,89.89,0.01,162.82,0.0,0.0,0.0,0.0,300048.3,-194412.5,652817.9,0.3787,0.113,1763.5,-0.00851,-22.75271,0.0,0,-1.0,-1.0,-1.0,-1.0,-1.0,0.0,0.0,0.0,0.0
1791664062.42,3415191.3,1085.1,292461.5,292461.5,158.4,1582.6,1323.9,5.74,89.89,0.01,162.76,0.0,0.0,0.0,0.0,300048.3,-194412.5,652817.9,0.3787,0.113,1763.5,-0.00841,-22.71051,0.0,0,-1.0,-1.0,-1.0,-1.0,-1.0,0.0,0.0,0.0,0.0
1791664062.92,3415191.8,1085.6,292540.5,292540.5,157.6,1582.3,1323.7,5.71,89.88,0.01,162.71,0.0,0.0,0.0,0.0,300048.3,-194412.5,652817.9,0.3787,0.113,1763.5,-0.00831,-22.66832,0.0,0,-1.0,-1.0,-1.0,-1.0,-1.0,0.0,0.0,0.0,0.0
1791664063.43,3415192.3,1086.1,292619.1,292619.1,156.7,1582.1,1323.4,5.69,89.88,0.01,162.66,0.0,0.0,0.0,0.0,300048.3,-194412.5,652817.9,0.3787,0.113,1763.5,-0.00821,-22.62614,0.0,0,-1.0,-1.0,-1.0,-1.0,-1.0,0.0,0.0,0.0,0.0
1791664063.93,3415192.8,1086.6,292697.2,292697.3,155.9,1581.9,1323.1,5.66,89.88,0.01,162.61,0.0,0.0,0.0,0.0,300048.3,-194412.5,652817.9,0.3787,0.113,1763.5,-0.00811,-22.58397,0.26,0,-1.0,-1.0,-1.0,-1.0,-1.0,0.0,0.0,0.0,0.0
1791664064.43,3415193.3,1087.1,292775.0,292775.0,155.1,1581.7,1322.9,5.64,89.88,0.0,162.56,0.0,0.0,0.0,0.0,300048.3,-194412.5,652817.9,0.3787,0.113,1763.5,-0.00801,-22.54181,0.0,0,-1.0,-1.0,-1.0,-1.0,-1.0,0.0,0.0,0.0,0.0
1791664064.93,3415193.8,1087.6,292852.3,292852.3,154.3,1581.5,1322.6,5.61,89.88,-0.0,162.51,0.0,0.0,0.0,0.0,300048.3,-194412.5,652817.9,0.3787,0.113,1763.5,-0.00791,-22.49966,0.0,0,-1.0,-1.0,-1.0,-1.0,-1.0,0.0,0.0,0.0,0.0
1791664065.43,3415194.3,1088.1,292929.2,292929.3,153.4,1581.3,1322.4,5.58,89.88,-0.0,162.46,0.0,0.0,0.0,0.0,300048.3,-194412.5,652817.9,0.3787,0.113,1763.5,-0.00781,-22.45752,0.0,0,-1.0,-1.0,-1.0,-1.0,-1.0,0.0,0.0,0.0,0.0
1791664065.94,3415194.8,1088.6,293008.8,293008.8,152.6,1581.0,1322.1,5.55,89.88,-0.01,162.41,0.0,0.0,0.0,0.0,300048.3,-194412.5,652817.9,0.3787,0.113,1763.5,-0.00771,-22.4137,0.0,0,-1.0,-1.0,-1.0,-1.0,-1.0,0.0,0.0,0.0,0.0
1791664066.44,3415195.3,1089.1,293084.9,293084.9,151.7,1580.8,1321.9,5.52,89.88,-0.01,162.36,0.0,0.0,0.0,0.0,300048.3,-194412.5,652817.9,0.3787,0.113,1763.5,-0.00761,-22.37157,0.0,0,-1.0,-1.0,-1.0,-1.0,-1.0,0.0,0.0,0.0,0.0
1791664066.94,3415195.8,1089.6,293160.5,293160.5,150.9,1580.6,1321.6,5.49,89.89,-0.01,162.31,0.0,0.0,0.0,0.0,300048.3,-194412.5,652817.9,0.3787,0.113,1763.5,-0.00751,-22.32945,0.0,0,-1.0,-1.0,-1.0,-1.0,-1.0,0.0,0.0,0.0,0.0
1791664067.44,3415196.3,1090.1,293235.8,293235.8,150.1,1580.4,1321.4,5.46,89.89,-0.01,162.26,0.0,0.0,0.0,0.0,300048.3,-194412.5,652817.9,0.3787,0.113,1763.5,-0.00741,-22.28735,0.0,0,-1.0,-1.0,-1.0,-1.0,-1.0,0.0,0.0,0.0,0.0
1791664067.94,3415196.8,1090.6,293310.6,293310.6,149.3,1580.2,1321.1,5.43,89.89,-0.01,162.21,0.0,0.0,0.0,0.0,300048.3,-194412.5,652817.9,0.3787,0.113,1763.5,-0.00731,-22.24525,0.0,0,-1.0,-1.0,-1.0,-1.0,-1.0,0.0,0.0,0.0,0.0
1791664068.45,3415197.3,1091.1,293385.0,293385.0,148.4,1580.0,1320.9,5.4,89.9,-0.01,162.16,0.0,0.0,0.0,0.0,300048.3,-194412.5,652817.9,0.3787,0.113,1763.5,-0.00721,-22.20315,0.0,0,-1.0,-1.0,-1.0,-1.0,-1.0,0.0,0.0,0.0,0.0
1791664068.95,3415197.8,1091.6,293459.0,293459.1,147.6,1579.8,1320.6,5.36,89.9,-0.0,162.11,0.0,0.0,0.0,0.0,300048.3,-194412.5,652817.9,0.3787,0.113,1763.5,-0.00711,-22.16107,0.0,0,-1.0,-1.0,-1.0,-1.0,-1.0,0.0,0.0,0.0,0.0
1791664069.45,3415198.3,1092.1,293535.6,293535.6,146.7,1579.6,1320.4,5.33,89.9,-0.0,162.05,0.0,0.0,0.0,0.0,300048.3,-194412.5,652817.9,0.3787,0.113,1763.5,-0.00701,-22.11731,0.0,0,-1.0,-1.0,-1.0,-1.0,-1.0,0.0,0.0,0.0,0.0
1791664069.95,3415198.8,1092.6,293605.8,293605.8,145.9,1579.4,1320.1,5.3,89.9,0.0,162.01,0.0,0.0,0.0,0.0,300048.3,-194412.5,652817.9,0.3787,0.113,1763.5,-0.00692,-22.07693,0.0,0,-1.0,-1.0,-1.0,-1.0,-1.0,0.0,0.0,0.0,0.0
1791664070.46,3415199.3,1093.1,293681.5,293681.5,145.1,1579.1,1319.9,5.27,89.89,0.01,161.95,0.0,0.0,0.0,0.0,300048.3,-194412.5,652817.9,0.3787,0.113,1763.5,-0.00681,-22.03319,0.0,0,-1.0,-1.0,-1.0,-1.0,-1.0,0.0,0.0,0.0,0.0
1791664070.96,3415199.8,1093.6,293753.8,293753.8,144.3,1578.9,1319.7,5.24,89.89,0.01,161.9,0.0,0.0,0.0,0.0,300048.3,-194412.5,652817.9,0.3787,0.113,1763.5,-0.00671,-21.99114,0.0,0,-1.0,-1.0,-1.0,-1.0,-1.0,0.0,0.0,0.0,0.0
1791664071.46,3415200.3,1094.1,293825.7,293825.8,143.4,1578.7,1319.4,5.21,89.89,0.01,161.85,0.0,0.0,0.0,0.0,300048.3,-194412.5,652817.9,0.3787,0.113,1763.5,-0.00661,-21.9491,0.0,0,-1.0,-1.0,-1.0,-1.0,-1.0,0.0,0.0,0.0,0.0
1791664071.96,3415200.8,1094.6,293897.3,293897.3,142.6,1578.5,1319.2,5.18,89.89,0.01,161.8,0.0,0.0,0.0,0.0,300048.3,-194412.5,652817.9,0.3787,0.113,1763.5,-0.00651,-21.90706,0.0,0,-1.0,-1.0,-1.0,-1.0,-1.0,0.0,0.0,0.0,0.0
1791664072.46,3415201.3,1095.1,293968.3,293968.3,141.8,1578.3,1319.0,5.15,89.88,0.01,161.75,0.0,0.0,0.0,0.0,300048.3,-194412.5,652817.9,0.3787,0.113,1763.5,-0.00642,-21.86504,0.0,0,-1.0,-1.0,-1.0,-1.0,-1.0,0.0,0.0,0.0,0.0
1791664072.97,3415201.8,1095.6,294039.0,294039.0,140.9,1578.1,1318.7,5.13,89.88,0.0,161.7,0.0,0.0,0.0,0.0,300048.3,-194412.5,652817.9,0.3787,0.113,1763.5,-0.00632,-21.82302,0.0,0,-1.0,-1.0,-1.0,-1.0,-1.0,0.0,0.0,0.0,0.0
1791664073.47,3415202.3,1096.1,294109.3,294109.3,140.1,1578.0,1318.5,5.1,89.88,-0.0,161.65,0.0,0.0,0.0,0.0,300048.3,-194412.5,652817.9,0.3787,0.113,1763.5,-0.00622,-21.78101,0.0,0,-1.0,-1.0,-1.0,-1.0,-1.0,0.0,0.0,0.0,0.0
1791664073.97,3415202.8,1096.6,294179.1,294179.2,139.3,1577.8,1318.3,5.08,89.88,-0.0,161.6,0.0,0.0,0.0,0.0,300048.3,-194412.5,652817.9,0.3787,0.113,1763.5,-0.00612,-21.73901,0.0,0,-1.0,-1.0,-1.0,-1.0,-1.0,0.0,0.0,0.0,0.0
1791664074.48,3415203.3,1097.2,294251.4,294251.3,138.4,1577.6,1318.0,5.05,89.88,-0.01,161.55,0.0,0.0,0.0,0.0,300048.3,-194412.5,652817.9,0.3787,0.113,1763.5,-0.00602,-21.69533,0.0,0,-1.0,-1.0,-1.0,-1.0,-1.0,0.0,0.0,0.0,0.0
1791664074.98,3415203.8,1097.7,294317.6,294317.6,137.6,1577.4,1317.8,5.02,89.88,-0.01,161.5,0.0,0.0,0.0,0.0,300048.3,-194412.5,652817.9,0.3787,0.113,1763.5,-0.00592,-21.65503,0.0,0,-1.0,-1.0,-1.0,-1.0,-1.0,0.0,0.0,0.0,0.0
1791664075.48,3415204.3,1098.2,294389.0,294389.0,136.8,1577.2,1317.6,4.99,89.88,-0.01,161.45,0.0,0.0,0.0,0.0,300048.3,-194412.5,652817.9,0.3787,0.113,1763.5,-0.00582,-21.61137,0.0,0,-1.0,-1.0,-1.0,-1.0,-1.0,0.0,0.0,0.0,0.0
1791664075.99,3415204.7,1098.7,294432.6,294432.7,136.2,1577.0,1317.4,4.97,89.88,-0.01,161.41,0.0,0.0,0.0,0.0,300048.3,-194412.5,652817.9,0.3787,0.113,1763.5,-0.00575,-21.58451,0.26,0,-1.0,-1.0,-1.0,-1.0,-1.0,0.0,0.0,0.0,0.0
1791664076.49,3415205.2,1099.2,294500.6,294500.6,135.4,1576.9,1317.2,4.94,89.89,-0.01,161.37,0.0,0.0,0.0,0.0,300048.3,-194412.5,652817.9,0.3787,0.113,1763.5,-0.00565,-21.54254,0.0,0,-1.0,-1.0,-1.0,-1.0,-1.0,0.0,0.0,0.0,0.0
1791664076.99,3415205.7,1099.7,294570.8,294570.8,134.6,1576.7,1317.0,4.91,89.89,-0.01,161.31,0.0,0.0,0.0,0.0,300048.3,-194412.5,652817.9,0.3787,0.113,1763.5,-0.00555,-21.4989,0.0,0,-1.0,-1.0,-1.0,-1.0,-1.0,0.0,0.0,0.0,0.0
1791664077.49,3415206.2,1100.2,294637.8,294637.8,133.7,1576.5,1316.7,4.87,89.9,-0.0,161.26,0.0,0.0,0.0,0.0,300048.3,-194412.5,652817.9,0.3787,0.113,1763.5,-0.00545,-21.45695,0.0,0,-1.0,-1.0,-1.0,-1.0,-1.0,0.0,0.0,0.0,0.0
1791664077.99,3415206.7,1100.7,294704.5,294704.5,132.9,1576.3,1316.5,4.84,89.9,-0.0,161.21,0.0,0.0,0.0,0.0,300048.3,-194412.5,652817.9,0.3787,0.113,1763.5,-0.00535,-21.41501,0.0,0,-1.0,-1.0,-1.0,-1.0,-1.0,0.0,0.0,0.0,0.0
1791664078.5,3415207.2,1101.2,294770.7,294770.8,132.1,1576.1,1316.3,4.81,89.9,0.0,161.16,0.0,0.0,0.0,0.0,300048.3,-194412.5,652817.9,0.3787,0.113,1763.5,-0.00525,-21.37308,0.0,0,-1.0,-1.0,-1.0,-1.0,-1.0,0.0,0.0,0.0,0.0
1791664079.0,3415207.7,1101.7,294836.6,294836.6,131.3,1575.9,1316.1,4.77,89.9,0.01,161.11,0.0,0.0,0.0,0.0,300048.3,-194412.5,652817.9,0.3787,0.113,1763.5,-0.00516,-21.33115,0.0,0,-1.0,-1.0,-1.0,-1.0,-1.0,0.0,0.0,0.0,0.0
1791664079.5,3415208.2,1102.2,294902.0,294902.0,130.4,1575.7,1315.9,4.74,89.9,0.01,161.06,0.0,0.0,0.0,0.0,300048.3,-194412.5,652817.9,0.3787,0.113,1763.5,-0.00506,-21.28923,0.0,0,-1.0,-1.0,-1.0,-1.0,-1.0,0.0,0.0,0.0,0.0
1791664080.0,3415208.7,1102.7,294967.0,294967.0,129.6,1575.5,1315.7,4.71,89.89,0.01,161.01,0.0,0.0,0.0,0.0,300048.3,-194412.5,652817.9,0.3787,0.113,1763.5,-0.00496,-21.24731,0.26,0,-1.0,-1.0,-1.0,-1.0,-1.0,0.0,0.0,0.0,0.0
1791664080.5,3415209.2,1103.2,295031.6,295031.6,128.8,1575.4,1315.5,4.69,89.89,0.01,160.96,0.0,0.0,0.0,0.0,300048.3,-194412.5,652817.9,0.3787,0.113,1763.5,-0.00486,-21.20541,0.0,0,-1.0,-1.0,-1.0,-1.0,-1.0,0.0,0.0,0.0,0.0
1791664081.0,3415209.7,1103.7,295095.8,295095.8,127.9,1575.2,1315.2,4.66,89.89,0.01,160.91,0.0,0.0,0.0,0.0,300048.3,-194412.5,652817.9,0.3787,0.113,1763.5,-0.00476,-21.16351,0.0,0,-1.0,-1.0,-1.0,-1.0,-1.0,0.0,0.0,0.0,0.0
1791664081.51,3415210.2,1104.2,295162.1,295162.1,127.1,1575.0,1315.0,4.63,89.88,0.0,160.86,0.0,0.0,0.0,0.0,300048.3,-194412.5,652817.9,0.3787,0.113,1763.5,-0.00466,-21.11994,0.0,0,-1.0,-1.0,-1.0,-1.0,-1.0,0.0,0.0,0.0,0.0
1791664082.01,3415210.7,1104.7,295225.4,295225.4,126.3,1574.8,1314.8,4.6,89.88,0.0,160.81,0.0,0.0,0.0,0.0,300048.3,-194412.5,652817.9,0.3787,0.113,1763.5,-0.00456,-21.07806,0.0,0,-1.0,-1.0,-1.0,-1.0,-1.0,0.0,0.0,0.0,0.0
1791664082.51,3415211.2,1105.2,295288.3,295288.3,125.4,1574.7,1314.6,4.57,89.88,-0.0,160.76,0.0,0.0,0.0,0.0,300048.3,-194412.5,652817.9,0.3787,0.113,1763.5,-0.00446,-21.03618,0.0,0,-1.0,-1.0,-1.0,-1.0,-1.0,0.0,0.0,0.0,0.0
1791664083.01,3415211.7,1105.7,295350.8,295350.8,124.6,1574.5,1314.4,4.55,89.88,-0.01,160.71,0.0,0.0,0.0,0.0,300048.3,-194412.5,652817.9,0.3787,0.113,1763.5,-0.00436,-20.99431,0.0,0,-1.0,-1.0,-1.0,-1.0,-1.0,0.0,0.0,0.0,0.0
1791664083.51,3415212.2,1106.2,295412.9,295412.9,123.8,1574.3,1314.2,4.52,89.88,-0.01,160.66,0.0,0.0,0.0,0.0,300048.3,-194412.5,652817.9,0.3787,0.113,1763.5,-0.00426,-20.95245,0.0,0,-1.0,-1.0,-1.0,-1.0,-1.0,0.0,0.0,0.0,0.0
1791664084.01,3415212.7,1106.7,295474.6,295474.6,122.9,1574.1,1314.0,4.5,89.88,-0.01,160.61,0.0,0.0,0.0,0.0,300048.3,-194412.5,652817.9,0.3787,0.113,1763.5,-0.00416,-20.91059,0.0,0,-1.0,-1.0,-1.0,-1.0,-1.0,0.0,0.0,0.0,0.0
1791664084.52,3415213.2,1107.2,295535.9,295535.9,122.1,1574.0,1313.8,4.47,89.88,-0.01,160.56,0.0,0.0,0.0,0.0,300048.3,-194412.5,652817.9,0.3787,0.113,1763.5,-0.00406,-20.86874,0.0,0,-1.0,-1.0,-1.0,-1.0,-1.0,0.0,0.0,0.0,0.0
1791664085.02,3415213.7,1107.7,295596.7,295596.7,121.3,1573.8,1313.6,4.44,89.88,-0.01,160.51,0.0,0.0,0.0,0.0,300048.3,-194412.5,652817.9,0.3787,0.113,1763.5,-0.00396,-20.8269,0.0,0,-1.0,-1.0,-1.0,-1.0,-1.0,0.0,0.0,0.0,0.0
1791664085.52,3415214.2,1108.2,295657.2,295657.2,120.5,1573.6,1313.4,4.4,89.89,-0.01,160.46,0.0,0.0,0.0,0.0,300048.3,-194412.5,652817.9,0.3787,0.113,1763.5,-0.00387,-20.78507,0.0,0,-1.0,-1.0,-1.0,-1.0,-1.0,0.0,0.0,0.0,0.0
1791664086.02,3415214.7,1108.7,295717.2,295717.2,119.6,1573.5,1313.2,4.37,89.89,-0.0,160.41,0.0,0.0,0.0,0.0,300048.3,-194412.5,652817.9,0.3787,0.113,1763.5,-0.00377,-20.74324,0.0,0,-1.0,-1.0,-1.0,-1.0,-1.0,0.0,0.0,0.0,0.0
1791664086.52,3415215.2,1109.2,295776.8,295776.8,118.8,1573.3,1313.0,4.34,89.9,-0.0,160.36,0.0,0.0,0.0,0.0,300048.3,-194412.5,652817.9,0.3787,0.113,1763.5,-0.00367,-20.70142,0.0,0,-1.0,-1.0,-1.0,-1.0,-1.0,0.0,0.0,0.0,0.0
1791664087.03,3415215.7,1109.7,295838.4,295838.4,118.0,1573.1,1312.8,4.31,89.9,0.0,160.3,0.0,0.0,0.0,0.0,300048.3,-194412.5,652817.9,0.3787,0.113,1763.5,-0.00357,-20.65793,0.0,0,-1.0,-1.0,-1.0,-1.0,-1.0,0.0,0.0,0.0,0.0
1791664087.53,3415216.2,1110.2,295894.8,295894.8,117.2,1573.0,1312.6,4.27,89.9,0.01,160.26,0.0,0.0,0.0,0.0,300048.3,-194412.5,652817.9,0.3787,0.113,1763.5,-0.00347,-20.61779,0.0,0,-1.0,-1.0,-1.0,-1.0,-1.0,0.0,0.0,0.0,0.0
1791664088.03,3415216.7,1110.7,295953.2,295953.2,116.3,1572.8,1312.4,4.24,89.9,0.01,160.2,0.0,0.0,0.0,0.0,300048.3,-194412.5,652817.9,0.3787,0.113,1763.5,-0.00337,-20.57599,0.26,0,-1.0,-1.0,-1.0,-1.0,-1.0,0.0,0.0,0.0,0.0
1791664088.53,3415217.2,1111.2,296011.1,296011.1,115.5,1572.6,1312.2,4.21,89.9,0.01,160.15,0.0,0.0,0.0,0.0,300048.3,-194412.5,652817.9,0.3787,0.113,1763.5,-0.00327,-20.53419,0.0,0,-1.0,-1.0,-1.0,-1.0,-1.0,0.0,0.0,0.0,0.0
1791664089.03,3415217.7,1111.7,296068.7,296068.7,114.7,1572.5,1312.0,4.18,89.89,0.01,160.1,0.0,0.0,0.0,0.0,300048.3,-194412.5,652817.9,0.3787,0.113,1763.5,-0.00317,-20.49241,0.0,0,-1.0,-1.0,-1.0,-1.0,-1.0,0.0,0.0,0.0,0.0
1791664089.54,3415218.2,1112.2,296128.1,296128.1,113.8,1572.3,1311.8,4.15,89.89,0.01,160.05,0.0,0.0,0.0,0.0,300048.3,-194412.5,652817.9,0.3787,0.113,1763.5,-0.00307,-20.44895,0.0,0,-1.0,-1.0,-1.0,-1.0,-1.0,0.0,0.0,0.0,0.0
1791664090.04,3415218.7,1112.7,296184.8,296184.8,113.0,1572.1,1311.7,4.12,89.89,0.0,160.0,0.0,0.0,0.0,0.0,300048.3,-194412.5,652817.9,0.3787,0.113,1763.5,-0.00297,-20.40718,0.0,0,-1.0,-1.0,-1.0,-1.0,-1.0,0.0,0.0,0.0,0.0
1791664090.54,3415219.2,1113.2,296241.1,296241.1,112.2,1572.0,1311.5,4.09,89.88,0.0,159.95,0.0,0.0,0.0,0.0,300048.3,-194412.5,652817.9,0.3787,0.113,1763.5,-0.00287,-20.36541,0.0,0,-1.0,-1.0,-1.0,-1.0,-1.0,0.0,0.0,0.0,0.0
1791664091.04,3415219.7,1113.7,296296.9,296296.9,111.3,1571.8,1311.3,4.06,89.88,-0.0,159.9,0.0,0.0,0.0,0.0,300048.3,-194412.5,652817.9,0.3787,0.113,1763.5,-0.00278,-20.32364,0.0,0,-1.0,-1.0,-1.0,-1.0,-1.0,0.0,0.0,0.0,0.0
1791664091.55,3415220.2,1114.2,296352.4,296352.4,110.5,1571.7,1311.1,4.04,89.88,-0.01,159.85,0.0,0.0,0.0,0.0,300048.3,-194412.5,652817.9,0.3787,0.113,1763.5,-0.00268,-20.28188,0.0,0,-1.0,-1.0,-1.0,-1.0,-1.0,0.0,0.0,0.0,0.0
1791664092.05,3415220.7,1114.7,296407.5,296407.5,109.7,1571.5,1310.9,4.01,89.88,-0.01,159.8,0.0,0.0,0.0,0.0,300048.3,-194412.5,652817.9,0.3787,0.113,1763.5,-0.00258,-20.24013,0.0,0,-1.0,-1.0,-1.0,-1.0,-1.0,0.0,0.0,0.0,0.0
1791664092.55,3415221.2,1115.2,296462.1,296462.1,108.9,1571.4,1310.7,3.98,89.88,-0.01,159.75,0.0,0.0,0.0,0.0,300048.3,-194412.5,652817.9,0.3787,0.113,1763.5,-0.00248,-20.19839,0.0,0,-1.0,-1.0,-1.0,-1.0,-1.0,0.0,0.0,0.0,0.0
1791664093.05,3415221.7,1115.7,296518.5,296518.5,108.0,1571.2,1310.6,3.96,89.88,-0.01,159.7,0.0,0.0,0.0,0.0,300048.3,-194412.5,652817.9,0.3787,0.113,1763.5,-0.00238,-20.15498,0.0,0,-1.0,-1.0,-1.0,-1.0,-1.0,0.0,0.0,0.0,0.0
1791664093.56,3415222.2,1116.2,296572.3,296572.3,107.2,1571.1,1310.4,3.93,89.88,-0.01,159.65,0.0,0.0,0.0,0.0,300048.3,-194412.5,652817.9,0.3787,0.113,1763.5,-0.00228,-20.11325,0.0,0,-1.0,-1.0,-1.0,-1.0,-1.0,0.0,0.0,0.0,0.0
1791664094.06,3415222.7,1116.7,296625.7,296625.7,106.3,1570.9,1310.2,3.9,89.88,-0.01,159.6,0.0,0.0,0.0,0.0,300048.3,-194412.5,652817.9,0.3787,0.113,1763.5,-0.00218,-20.07152,0.0,0,-1.0,-1.0,-1.0,-1.0,-1.0,0.0,0.0,0.0,0.0
1791664094.56,3415223.2,1117.2,296678.6,296678.6,105.5,1570.8,1310.0,3.87,89.89,-0.0,159.55,0.0,0.0,0.0,0.0,300048.3,-194412.5,652817.9,0.3787,0.113,1763.5,-0.00208,-20.0298,0.0,0,-1.0,-1.0,-1.0,-1.0,-1.0,0.0,0.0,0.0,0.0
1791664095.06,3415223.7,1117.7,296731.2,296731.2,104.7,1570.6,1309.9,3.84,89.89,-0.0,159.5,0.0,0.0,0.0,0.0,300048.3,-194412.5,652817.9,0.3787,0.113,1763.5,-0.00198,-19.98809,0.0,0,-1.0,-1.0,-1.0,-1.0,-1.0,0.0,0.0,0.0,0.0
1791664095.56,3415224.2,1118.2,296783.3,296783.3,103.9,1570.5,1309.7,3.8,89.89,0.0,159.45,0.0,0.0,0.0,0.0,300048.3,-194412.5,652817.9,0.3787,0.113,1763.5,-0.00188,-19.94638,0.0,0,-1.0,-1.0,-1.0,-1.0,-1.0,0.0,0.0,0.0,0.0
1791664096.06,3415224.7,1118.7,296835.0,296835.0,103.0,1570.3,1309.5,3.77,89.9,0.01,159.4,0.0,0.0,0.0,0.0,300048.3,-194412.5,652817.9,0.3787,0.113,1763.5,-0.00178,-19.90467,0.0,0,-1.0,-1.0,-1.0,-1.0,-1.0,0.0,0.0,0.0,0.0
1791664096.57,3415225.3,1119.2,296886.3,296886.3,102.2,1570.2,1309.3,3.74,89.9,0.01,159.35,0.0,0.0,0.0,0.0,300048.3,-194412.5,652817.9,0.3787,0.113,1763.5,-0.00169,-19.86298,0.26,0,-1.0,-1.0,-1.0,-1.0,-1.0,0.0,0.0,0.0,0.0
1791664097.07,3415225.8,1119.7,296937.2,296937.3,101.4,1570.0,1309.2,3.7,89.9,0.01,159.3,0.0,0.0,0.0,0.0,300048.3,-194412.5,652817.9,0.3787,0.113,1763.5,-0.00159,-19.82128,0.0,0,-1.0,-1.0,-1.0,-1.0,-1.0,0.0,0.0,0.0,0.0
1791664097.57,3415226.3,1120.2,296987.7,296987.8,100.6,1569.9,1309.0,3.67,89.9,0.01,159.25,0.0,0.0,0.0,0.0,300048.3,-194412.5,652817.9,0.3787,0.113,1763.5,-0.00149,-19.7796,0.0,0,-1.0,-1.0,-1.0,-1.0,-1.0,0.0,0.0,0.0,0.0
1791664098.07,3415226.8,1120.7,297039.8,297039.8,99.7,1569.8,1308.8,3.64,89.89,0.01,159.2,0.0,0.0,0.0,0.0,300048.3,-194412.5,652817.9,0.3787,0.113,1763.5,-0.00139,-19.73625,0.0,0,-1.0,-1.0,-1.0,-1.0,-1.0,0.0,0.0,0.0,0.0
1791664098.57,3415227.3,1121.2,297089.4,297089.4,98.9,1569.6,1308.7,3.61,89.89,0.0,159.15,0.0,0.0,0.0,0.0,300048.3,-194412.5,652817.9,0.3787,0.113,1763.5,-0.00129,-19.69458,0.0,0,-1.0,-1.0,-1.0,-1.0,-1.0,0.0,0.0,0.0,0.0
1791664099.07,3415227.8,1121.7,297138.7,297138.7,98.0,1569.5,1308.5,3.58,89.89,0.0,159.1,0.0,0.0,0.0,0.0,300048.3,-194412.5,652817.9,0.3787,0.113,1763.5,-0.00119,-19.65291,0.0,0,-1.0,-1.0,-1.0,-1.0,-1.0,0.0,0.0,0.0,0.0
1791664099.57,3415228.3,1122.2,297187.5,297187.5,97.2,1569.3,1308.3,3.55,89.88,-0.0,159.05,0.0,0.0,0.0,0.0,300048.3,-194412.5,652817.9,0.3787,0.113,1763.5,-0.00109,-19.61124,0.0,0,-1.0,-1.0,-1.0,-1.0,-1.0,0.0,0.0,0.0,0.0
1791664100.08,3415228.8,1122.7,297235.9,297235.9,96.4,1569.2,1308.2,3.52,89.88,-0.01,159.0,0.0,0.0,0.0,0.0,300048.3,-194412.5,652817.9,0.3787,0.113,1763.5,-0.00099,-19.56959,0.0,0,-1.0,-1.0,-1.0,-1.0,-1.0,0.0,0.0,0.0,0.0
1791664100.58,3415229.3,1123.2,297283.9,297283.9,95.6,1569.1,1308.0,3.49,89.88,-0.01,158.95,0.0,0.0,0.0,0.0,300048.3,-194412.5,652817.9,0.3787,0.113,1763.5,-0.00089,-19.52793,0.0,0,-1.0,-1.0,-1.0,-1.0,-1.0,0.0,0.0,0.0,0.0
1791664101.08,3415229.8,1123.7,297331.5,297331.5,94.7,1568.9,1307.9,3.47,89.88,-0.01,158.9,0.0,0.0,0.0,0.0,300048.3,-194412.5,652817.9,0.3787,0.113,1763.5,-0.00079,-19.48628,0.0,0,-1.0,-1.0,-1.0,-1.0,-1.0,0.0,0.0,0.0,0.0
1791664101.58,3415230.3,1124.3,297378.6,297378.6,93.9,1568.8,1307.7,3.44,89.88,-0.01,158.85,0.0,0.0,0.0,0.0,300048.3,-194412.5,652817.9,0.3787,0.113,1763.5,-0.0007,-19.44464,0.0,0,-1.0,-1.0,-1.0,-1.0,-1.0,0.0,0.0,0.0,0.0
1791664102.08,3415230.8,1124.8,297425.4,297425.4,93.1,1568.7,1307.6,3.42,89.88,-0.01,158.8,0.0,0.0,0.0,0.0,300048.3,-194412.5,652817.9,0.3787,0.113,1763.5,-0.0006,-19.40301,0.26,0,-1.0,-1.0,-1.0,-1.0,-1.0,0.0,0.0,0.0,0.0
1791664102.58,3415231.3,1125.3,297471.7,297471.7,92.3,1568.5,1307.4,3.39,89.88,-0.01,158.75,0.0,0.0,0.0,0.0,300048.3,-194412.5,652817.9,0.3787,0.113,1763.5,-0.0005,-19.36137,0.0,0,-1.0,-1.0,-1.0,-1.0,-1.0,0.0,0.0,0.0,0.0
1791664103.09,3415231.8,1125.8,297517.6,297517.7,91.4,1568.4,1307.3,3.36,89.88,-0.0,158.7,0.0,0.0,0.0,0.0,300048.3,-194412.5,652817.9,0.3787,0.113,1763.5,-0.0004,-19.31975,0.0,0,-1.0,-1.0,-1.0,-1.0,-1.0,0.0,0.0,0.0,0.0
1791664103.59,3415232.3,1126.3,297565.0,297565.0,90.6,1568.3,1307.1,3.33,89.89,-0.0,158.65,0.0,0.0,0.0,0.0,300048.3,-194412.5,652817.9,0.3787,0.113,1763.5,-0.0003,-19.27646,0.0,0,-1.0,-1.0,-1.0,-1.0,-1.0,0.0,0.0,0.0,0.0
1791664104.1,3415232.8,1126.8,297610.0,297610.1,89.8,1568.2,1307.0,3.3,89.89,0.0,158.6,0.0,0.0,0.0,0.0,300048.3,-194412.5,652817.9,0.3787,0.113,1763.5,-0.0002,-19.23484,0.0,0,-1.0,-1.0,-1.0,-1.0,-1.0,0.0,0.0,0.0,0.0
1791664104.6,3415233.3,1127.3,297654.7,297654.7,88.9,1568.0,1306.8,3.26,89.89,0.01,158.55,0.0,0.0,0.0,0.0,300048.3,-194412.5,652817.9,0.3787,0.113,1763.5,-0.0001,-19.19323,0.0,0,-1.0,-1.0,-1.0,-1.0,-1.0,0.0,0.0,0.0,0.0
1791664105.11,3415233.8,1127.8,297700.7,297700.8,88.1,1567.9,1306.7,3.23,89.9,0.01,158.5,0.0,0.0,0.0,0.0,300048.3,-194412.5,652817.9,0.3787,0.113,1763.5,0.0,-19.14996,0.0,0,-1.0,-1.0,-1.0,-1.0,-1.0,0.0,0.0,0.0,0.0
1791664105.62,3415234.3,1128.3,297744.6,297744.6,87.2,1567.8,1306.5,3.19,89.9,0.01,158.45,0.0,0.0,0.0,0.0,300048.3,-194412.5,652817.9,0.3787,0.113,1763.5,0.0001,-19.10836,0.0,0,-1.0,-1.0,-1.0,-1.0,-1.0,0.0,0.0,0.0,0.0
1791664106.12,3415234.8,1128.8,297788.0,297788.0,86.4,1567.7,1306.4,3.16,89.9,0.01,158.4,0.0,0.0,0.0,0.0,300048.3,-194412.5,652817.9,0.3787,0.113,1763.5,0.0002,-19.06676,0.0,0,-1.0,-1.0,-1.0,-1.0,-1.0,0.0,0.0,0.0,0.0
1791664106.62,3415235.1,1129.3,297815.5,297815.5,85.9,1567.6,1306.3,3.14,89.9,0.01,158.36,0.0,0.0,0.0,0.0,300048.3,-194412.5,652817.9,0.3787,0.113,1763.5,0.00026,-19.04014,0.0,0,-1.0,-1.0,-1.0,-1.0,-1.0,0.0,0.0,0.0,0.0
1791664107.12,3415235.6,1129.8,297858.3,297858.3,85.1,1567.5,1306.1,3.11,89.89,0.0,158.31,0.0,0.0,0.0,0.0,300048.3,-194412.5,652817.9,0.3787,0.113,1763.5,0.00036,-18.99856,0.0,0,-1.0,-1.0,-1.0,-1.0,-1.0,0.0,0.0,0.0,0.0
1791664107.62,3415236.1,1130.3,297900.6,297900.6,84.2,1567.3,1306.0,3.08,89.89,0.0,158.26,0.0,0.0,0.0,0.0,300048.3,-194412.5,652817.9,0.3787,0.113,1763.5,0.00046,-18.95697,0.0,0,-1.0,-1.0,-1.0,-1.0,-1.0,0.0,0.0,0.0,0.0
1791664108.13,3415236.6,1130.8,297942.5,297942.5,83.4,1567.2,1305.9,3.05,89.89,-0.0,158.21,0.0,0.0,0.0,0.0,300048.3,-194412.5,652817.9,0.3787,0.113,1763.5,0.00056,-18.91539,0.0,0,-1.0,-1.0,-1.0,-1.0,-1.0,0.0,0.0,0.0,0.0
1791664108.63,3415237.1,1131.3,297984.0,297984.0,82.6,1567.1,1305.7,3.02,89.89,-0.01,158.16,0.0,0.0,0.0,0.0,300048.3,-194412.5,652817.9,0.3787,0.113,1763.5,0.00066,-18.87382,0.26,0,-1.0,-1.0,-1.0,-1.0,-1.0,0.0,0.0,0.0,0.0
1791664109.13,3415237.6,1131.8,298025.1,298025.1,81.8,1567.0,1305.6,2.99,89.88,-0.01,158.11,0.0,0.0,0.0,0.0,300048.3,-194412.5,652817.9,0.3787,0.113,1763.5,0.00075,-18.83225,0.26,0,-1.0,-1.0,-1.0,-1.0,-1.0,0.0,0.0,0.0,0.0
1791664109.63,3415238.1,1132.3,298065.8,298065.8,80.9,1566.9,1305.5,2.96,89.88,-0.01,158.06,0.0,0.0,0.0,0.0,300048.3,-194412.5,652817.9,0.3787,0.113,1763.5,0.00085,-18.79068,0.0,0,-1.0,-1.0,-1.0,-1.0,-1.0,0.0,0.0,0.0,0.0
1791664110.13,3415238.6,1132.8,298106.0,298106.0,80.1,1566.8,1305.3,2.94,89.88,-0.01,158.01,0.0,0.0,0.0,0.0,300048.3,-194412.5,652817.9,0.3787,0.113,1763.5,0.00095,-18.74912,0.0,0,-1.0,-1.0,-1.0,-1.0,-1.0,0.0,0.0,0.0,0.0
1791664110.64,3415239.1,1133.3,298147.4,298147.4,79.2,1566.7,1305.2,2.91,89.88,-0.01,157.96,0.0,0.0,0.0,0.0,300048.3,-194412.5,652817.9,0.3787,0.113,1763.5,0.00105,-18.7059,0.0,0,-1.0,-1.0,-1.0,-1.0,-1.0,0.0,0.0,0.0,0.0
1791664111.14,3415239.6,1133.8,298186.9,298186.8,78.4,1566.5,1305.1,2.88,89.88,-0.01,157.91,0.0,0.0,0.0,0.0,300048.3,-194412.5,652817.9,0.3787,0.113,1763.5,0.00115,-18.66435,0.0,0,-1.0,-1.0,-1.0,-1.0,-1.0,0.0,0.0,0.0,0.0
1791664111.64,3415240.1,1134.3,298225.9,298225.8,77.6,1566.4,1304.9,2.85,89.88,-0.0,157.86,0.0,0.0,0.0,0.0,300048.3,-194412.5,652817.9,0.3787,0.113,1763.5,0.00125,-18.6228,0.0,0,-1.0,-1.0,-1.0,-1.0,-1.0,0.0,0.0,0.0,0.0
1791664112.14,3415240.6,1134.8,298264.4,298264.4,76.8,1566.3,1304.8,2.82,89.88,0.0,157.81,0.0,0.0,0.0,0.0,300048.3,-194412.5,652817.9,0.3787,0.113,1763.5,0.00135,-18.58126,0.0,0,-1.0,-1.0,-1.0,-1.0,-1.0,0.0,0.0,0.0,0.0
1791664112.64,3415241.1,1135.3,298302.6,298302.6,75.9,1566.2,1304.7,2.79,89.88,0.0,157.76,0.0,0.0,0.0,0.0,300048.3,-194412.5,652817.9,0.3787,0.113,1763.5,0.00145,-18.53972,0.0,0,-1.0,-1.0,-1.0,-1.0,-1.0,0.0,0.0,0.0,0.0
1791664113.14,3415241.6,1135.8,298340.4,298340.4,75.1,1566.1,1304.5,2.76,89.89,0.01,157.71,0.0,0.0,0.0,0.0,300048.3,-194412.5,652817.9,0.3787,0.113,1763.5,0.00154,-18.49819,0.0,0,-1.0,-1.0,-1.0,-1.0,-1.0,0.0,0.0,0.0,0.0
1791664113.64,3415242.1,1136.3,298377.7,298377.7,74.3,1566.0,1304.4,2.73,89.89,0.01,157.66,0.0,0.0,0.0,0.0,300048.3,-194412.5,652817.9,0.3787,0.113,1763.5,0.00164,-18.45666,0.0,0,-1.0,-1.0,-1.0,-1.0,-1.0,0.0,0.0,0.0,0.0
1791664114.15,3415242.7,1136.8,298414.7,298414.7,73.5,1565.9,1304.3,2.7,89.9,0.01,157.61,0.0,0.0,0.0,0.0,300048.3,-194412.5,652817.9,0.3787,0.113,1763.5,0.00174,-18.41513,0.0,0,-1.0,-1.0,-1.0,-1.0,-1.0,0.0,0.0,0.0,0.0
1791664114.65,3415243.2,1137.3,298451.2,298451.2,72.6,1565.8,1304.2,2.67,89.9,0.01,157.56,0.0,0.0,0.0,0.0,300048.3,-194412.5,652817.9,0.3787,0.113,1763.5,0.00184,-18.37361,0.0,0,-1.0,-1.0,-1.0,-1.0,-1.0,0.0,0.0,0.0,0.0
1791664115.15,3415243.7,1137.8,298488.7,298488.7,71.8,1565.7,1304.1,2.63,89.9,0.01,157.51,0.0,0.0,0.0,0.0,300048.3,-194412.5,652817.9,0.3787,0.113,1763.5,0.00194,-18.33043,0.0,0,-1.0,-1.0,-1.0,-1.0,-1.0,0.0,0.0,0.0,0.0
1791664115.65,3415244.2,1138.3,298524.4,298524.4,70.9,1565.6,1303.9,2.6,89.9,0.0,157.46,0.0,0.0,0.0,0.0,300048.3,-194412.5,652817.9,0.3787,0.113,1763.5,0.00204,-18.28891,0.0,0,-1.0,-1.0,-1.0,-1.0,-1.0,0.0,0.0,0.0,0.0
1791664116.16,3415244.7,1138.8,298559.7,298559.7,70.1,1565.5,1303.8,2.56,89.9,-0.0,157.41,0.0,0.0,0.0,0.0,300048.3,-194412.5,652817.9,0.3787,0.113,1763.5,0.00214,-18.2474,0.0,0,-1.0,-1.0,-1.0,-1.0,-1.0,0.0,0.0,0.0,0.0
1791664116.66,3415245.2,1139.3,298594.5,298594.5,69.3,1565.4,1303.7,2.53,89.89,-0.01,157.36,0.0,0.0,0.0,0.0,300048.3,-194412.5,652817.9,0.3787,0.113,1763.5,0.00224,-18.2059,0.0,0,-1.0,-1.0,-1.0,-1.0,-1.0,0.0,0.0,0.0,0.0
1791664117.16,3415245.7,1139.8,298629.0,298629.0,68.5,1565.3,1303.6,2.5,89.89,-0.01,157.31,0.0,0.0,0.0,0.0,300048.3,-194412.5,652817.9,0.3787,0.113,1763.5,0.00233,-18.1644,0.0,0,-1.0,-1.0,-1.0,-1.0,-1.0,0.0,0.0,0.0,0.0
1791664117.66,3415246.2,1140.3,298663.0,298663.0,67.6,1565.2,1303.5,2.47,89.89,-0.01,157.26,0.0,0.0,0.0,0.0,300048.3,-194412.5,652817.9,0.3787,0.113,1763.5,0.00243,-18.1229,0.0,0,-1.0,-1.0,-1.0,-1.0,-1.0,0.0,0.0,0.0,0.0
1791664118.16,3415246.7,1140.8,298696.6,298696.6,66.8,1565.1,1303.4,2.44,89.88,-0.01,157.21,0.0,0.0,0.0,0.0,300048.3,-194412.5,652817.9,0.3787,0.113,1763.5,0.00253,-18.0814,0.0,0,-1.0,-1.0,-1.0,-1.0,-1.0,0.0,0.0,0.0,0.0
1791664118.67,3415247.2,1141.3,298729.8,298729.8,66.0,1565.0,1303.3,2.42,89.88,-0.01,157.16,0.0,0.0,0.0,0.0,300048.3,-194412.5,652817.9,0.3787,0.113,1763.5,0.00263,-18.03991,0.0,0,-1.0,-1.0,-1.0,-1.0,-1.0,0.0,0.0,0.0,0.0
1791664119.17,3415247.7,1141.8,298762.6,298762.6,65.2,1564.9,1303.2,2.39,89.88,-0.01,157.11,0.0,0.0,0.0,0.0,300048.3,-194412.5,652817.9,0.3787,0.113,1763.5,0.00273,-17.99842,0.0,0,-1.0,-1.0,-1.0,-1.0,-1.0,0.0,0.0,0.0,0.0
1791664119.67,3415248.2,1142.3,298795.0,298795.0,64.3,1564.8,1303.1,2.37,89.88,-0.0,157.06,0.0,0.0,0.0,0.0,300048.3,-194412.5,652817.9,0.3787,0.113,1763.5,0.00283,-17.95694,0.0,0,-1.0,-1.0,-1.0,-1.0,-1.0,0.0,0.0,0.0,0.0
1791664120.17,3415248.7,1142.8,298827.0,298826.9,63.5,1564.8,1302.9,2.34,89.88,-0.0,157.01,0.0,0.0,0.0,0.0,300048.3,-194412.5,652817.9,0.3787,0.113,1763.5,0.00292,-17.91546,0.0,0,-1.0,-1.0,-1.0,-1.0,-1.0,0.0,0.0,0.0,0.0
1791664120.67,3415249.2,1143.3,298858.5,298858.5,62.7,1564.7,1302.8,2.31,89.88,0.0,156.96,0.0,0.0,0.0,0.0,300048.3,-194412.5,652817.9,0.3787,0.113,1763.5,0.00302,-17.87398,0.0,0,-1.0,-1.0,-1.0,-1.0,-1.0,0.0,0.0,0.0,0.0
1791664121.17,3415249.7,1143.8,298889.6,298889.6,61.9,1564.6,1302.7,2.28,89.88,0.01,156.91,0.0,0.0,0.0,0.0,300048.3,-194412.5,652817.9,0.3787,0.113,1763.5,0.00312,-17.83251,0.0,0,-1.0,-1.0,-1.0,-1.0,-1.0,0.0,0.0,0.0,0.0
1791664121.67,3415250.2,1144.3,298920.4,298920.4,61.0,1564.5,1302.6,2.25,89.88,0.01,156.86,0.0,0.0,0.0,0.0,300048.3,-194412.5,652817.9,0.3787,0.113,1763.5,0.00322,-17.79104,0.0,0,-1.0,-1.0,-1.0,-1.0,-1.0,0.0,0.0,0.0,0.0
1791664122.18,3415250.7,1144.8,298950.7,298950.7,60.2,1564.4,1302.5,2.22,89.89,0.01,156.81,0.0,0.0,0.0,0.0,300048.3,-194412.5,652817.9,0.3787,0.113,1763.5,0.00332,-17.74957,0.0,0,-1.0,-1.0,-1.0,-1.0,-1.0,0.0,0.0,0.0,0.0
1791664122.68,3415251.2,1145.3,298980.6,298980.6,59.4,1564.3,1302.4,2.19,89.89,0.01,156.76,0.0,0.0,0.0,0.0,300048.3,-194412.5,652817.9,0.3787,0.113,1763.5,0.00341,-17.70811,0.0,0,-1.0,-1.0,-1.0,-1.0,-1.0,0.0,0.0,0.0,0.0
1791664123.18,3415251.7,1145.9,299010.1,299010.1,58.6,1564.2,1302.3,2.16,89.9,0.01,156.71,0.0,0.0,0.0,0.0,300048.3,-194412.5,652817.9,0.3787,0.113,1763.5,0.00351,-17.66665,0.0,0,-1.0,-1.0,-1.0,-1.0,-1.0,0.0,0.0,0.0,0.0
1791664123.68,3415252.2,1146.4,299039.1,299039.1,57.7,1564.2,1302.2,2.12,89.9,0.0,156.66,0.0,0.0,0.0,0.0,300048.3,-194412.5,652817.9,0.3787,0.113,1763.5,0.00361,-17.62519,0.0,0,-1.0,-1.0,-1.0,-1.0,-1.0,0.0,0.0,0.0,0.0
1791664124.18,3415252.7,1146.9,299067.8,299067.8,56.9,1564.1,1302.2,2.09,89.9,0.0,156.61,0.0,0.0,0.0,0.0,300048.3,-194412.5,652817.9,0.3787,0.113,1763.5,0.00371,-17.58374,0.0,0,-1.0,-1.0,-1.0,-1.0,-1.0,0.0,0.0,0.0,0.0
1791664124.68,3415253.2,1147.4,299096.0,299096.0,56.1,1564.0,1302.1,2.05,89.9,-0.0,156.56,0.0,0.0,0.0,0.0,300048.3,-194412.5,652817.9,0.3787,0.113,1763.5,0.00381,-17.54229,0.0,0,-1.0,-1.0,-1.0,-1.0,-1.0,0.0,0.0,0.0,0.0
1791664125.19,3415253.7,1147.9,299125.0,299125.0,55.2,1563.9,1302.0,2.02,89.9,-0.01,156.51,0.0,0.0,0.0,0.0,300048.3,-194412.5,652817.9,0.3787,0.113,1763.5,0.00391,-17.49918,0.0,0,-1.0,-1.0,-1.0,-1.0,-1.0,0.0,0.0,0.0,0.0
1791664125.69,3415254.2,1148.4,299152.4,299152.4,54.4,1563.8,1301.9,1.99,89.89,-0.01,156.46,0.0,0.0,0.0,0.0,300048.3,-194412.5,652817.9,0.3787,0.113,1763.5,0.00401,-17.45774,0.0,0,-1.0,-1.0,-1.0,-1.0,-1.0,0.0,0.0,0.0,0.0
1791664126.19,3415254.7,1148.9,299179.4,299179.4,53.6,1563.8,1301.8,1.96,89.89,-0.01,156.41,0.0,0.0,0.0,0.0,300048.3,-194412.5,652817.9,0.3787,0.113,1763.5,0.00411,-17.4163,0.0,0,-1.0,-1.0,-1.0,-1.0,-1.0,0.0,0.0,0.0,0.0
1791664126.69,3415255.2,1149.4,299206.0,299206.0,52.7,1563.7,1301.7,1.93,89.89,-0.01,156.36,0.0,0.0,0.0,0.0,300048.3,-194412.5,652817.9,0.3787,0.113,1763.5,0.0042,-17.37486,0.0,0,-1.0,-1.0,-1.0,-1.0,-1.0,0.0,0.0,0.0,0.0
1791664127.19,3415255.7,1149.9,299232.1,299232.1,51.9,1563.6,1301.6,1.9,89.88,-0.01,156.31,0.0,0.0,0.0,0.0,300048.3,-194412.5,652817.9,0.3787,0.113,1763.5,0.0043,-17.33342,0.0,0,-1.0,-1.0,-1.0,-1.0,-1.0,0.0,0.0,0.0,0.0
1791664127.7,3415256.2,1150.4,299257.9,299257.9,51.1,1563.6,1301.5,1.87,89.88,-0.01,156.26,0.0,0.0,0.0,0.0,300048.3,-194412.5,652817.9,0.3787,0.113,1763.5,0.0044,-17.29199,0.0,0,-1.0,-1.0,-1.0,-1.0,-1.0,0.0,0.0,0.0,0.0
1791664128.2,3415256.7,1150.9,299283.2,299283.2,50.3,1563.5,1301.4,1.85,89.88,-0.0,156.21,0.0,0.0,0.0,0.0,300048.3,-194412.5,652817.9,0.3787,0.113,1763.5,0.0045,-17.25056,0.0,0,-1.0,-1.0,-1.0,-1.0,-1.0,0.0,0.0,0.0,0.0
1791664128.7,3415257.2,1151.4,299308.1,299308.2,49.4,1563.4,1301.4,1.82,89.88,0.0,156.16,0.0,0.0,0.0,0.0,300048.3,-194412.5,652817.9,0.3787,0.113,1763.5,0.0046,-17.20913,0.0,0,-1.0,-1.0,-1.0,-1.0,-1.0,0.0,0.0,0.0,0.0
1791664129.2,3415257.7,1151.9,299333.6,299333.6,48.6,1563.3,1301.3,1.79,89.88,0.0,156.11,0.0,0.0,0.0,0.0,300048.3,-194412.5,652817.9,0.3787,0.113,1763.5,0.0047,-17.16605,0.0,0,-1.0,-1.0,-1.0,-1.0,-1.0,0.0,0.0,0.0,0.0
1791664129.7,3415258.2,1152.4,299357.7,299357.7,47.8,1563.3,1301.2,1.76,89.88,0.01,156.06,0.0,0.0,0.0,0.0,300048.3,-194412.5,652817.9,0.3787,0.113,1763.5,0.0048,-17.12463,0.0,0,-1.0,-1.0,-1.0,-1.0,-1.0,0.0,0.0,0.0,0.0
1791664130.21,3415258.7,1152.9,299381.4,299381.4,46.9,1563.2,1301.1,1.74,89.88,0.01,156.01,0.0,0.0,0.0,0.0,300048.3,-194412.5,652817.9,0.3787,0.113,1763.5,0.00489,-17.08321,0.0,0,-1.0,-1.0,-1.0,-1.0,-1.0,0.0,0.0,0.0,0.0
1791664130.71,3415259.2,1153.4,299404.6,299404.7,46.1,1563.1,1301.0,1.77,89.88,0.01,155.96,0.0,0.0,0.0,0.0,300048.3,-194412.5,652817.9,0.3787,0.113,1763.5,0.00499,-17.0418,0.0,0,-1.0,-1.0,-1.0,-1.0,-1.0,0.0,0.0,0.0,0.0
1791664131.21,3415259.7,1153.9,299427.5,299427.5,45.3,1563.1,1301.0,1.79,89.89,0.01,155.91,0.0,0.0,0.0,0.0,300048.3,-194412.5,652817.9,0.3787,0.113,1763.5,0.00509,-17.00038,0.0,0,-1.0,-1.0,-1.0,-1.0,-1.0,0.0,0.0,0.0,0.0
1791664131.71,3415260.2,1154.4,299449.9,299449.9,44.5,1563.0,1300.9,1.77,89.89,0.01,155.86,0.0,0.0,0.0,0.0,300048.3,-194412.5,652817.9,0.3787,0.113,1763.5,0.00519,-16.95897,0.0,0,-1.0,-1.0,-1.0,-1.0,-1.0,0.0,0.0,0.0,0.0
1791664132.21,3415260.7,1154.9,299471.9,299471.9,43.6,1563.0,1300.8,1.75,89.89,0.0,155.81,0.0,0.0,0.0,0.0,300048.3,-194412.5,652817.9,0.3787,0.113,1763.5,0.00529,-16.91757,0.26,0,-1.0,-1.0,-1.0,-1.0,-1.0,0.0,0.0,0.0,0.0
1791664132.71,3415261.2,1155.4,299493.6,299493.6,42.8,1562.9,1300.7,1.71,89.89,0.0,155.76,0.0,0.0,0.0,0.0,300048.3,-194412.5,652817.9,0.3787,0.113,1763.5,0.00538,-16.87616,0.0,0,-1.0,-1.0,-1.0,-1.0,-1.0,0.0,0.0,0.0,0.0
1791664133.22,3415261.7,1155.9,299514.7,299514.8,42.0,1562.8,1300.7,1.67,89.89,-0.0,155.71,0.0,0.0,0.0,0.0,300048.3,-194412.5,652817.9,0.3787,0.113,1763.5,0.00548,-16.83476,0.0,0,-1.0,-1.0,-1.0,-1.0,-1.0,0.0,0.0,0.0,0.0
1791664133.72,3415262.2,1156.4,299536.4,299536.3,41.1,1562.8,1300.6,1.63,89.9,-0.01,155.66,0.0,0.0,0.0,0.0,300048.3,-194412.5,652817.9,0.3787,0.113,1763.5,0.00558,-16.7917,0.0,0,-1.0,-1.0,-1.0,-1.0,-1.0,0.0,0.0,0.0,0.0
1791664134.22,3415262.7,1156.9,299556.7,299556.7,40.3,1562.7,1300.5,1.6,89.9,-0.01,155.61,0.0,0.0,0.0,0.0,300048.3,-194412.5,652817.9,0.3787,0.113,1763.5,0.00568,-16.7503,0.0,0,-1.0,-1.0,-1.0,-1.0,-1.0,0.0,0.0,0.0,0.0
1791664134.72,3415263.2,1157.4,299576.6,299576.7,39.5,1562.7,1300.5,1.56,89.9,-0.01,155.56,0.0,0.0,0.0,0.0,300048.3,-194412.5,652817.9,0.3787,0.113,1763.5,0.00578,-16.7089,0.0,0,-1.0,-1.0,-1.0,-1.0,-1.0,0.0,0.0,0.0,0.0
1791664135.23,3415263.7,1157.9,299596.2,299596.2,38.7,1564.4,1302.2,1.52,89.88,-0.01,155.51,0.0,0.0,0.0,0.45,300051.2,-193074.1,653488.5,0.3773,0.113,1766.2,0.00588,-16.6675,1.0,0,-1.0,-1.0,-1.0,-1.0,-1.0,0.0,0.0,0.0,0.0
1791664135.73,3415264.2,1158.4,299615.4,299615.3,38.0,1568.8,1306.6,1.49,89.76,-0.01,155.46,0.0,0.0,0.0,0.91,300058.1,-189705.7,655176.2,0.3738,0.113,1773.1,0.00598,-16.62597,1.0,0,-1.0,-1.0,-1.0,-1.0,-1.0,0.0,0.0,0.0,0.0
1791664136.23,3415264.7,1158.9,299634.2,299634.2,37.3,1573.2,1311.0,1.45,89.69,-0.0,155.41,0.0,0.0,0.0,0.91,300065.0,-186304.8,656880.1,0.3702,0.114,1780.0,0.00607,-16.58431,1.0,0,-1.0,-1.0,-1.0,-1.0,-1.0,0.0,0.0,0.0,0.0
1791664136.73,3415265.2,1159.4,299652.6,299652.7,36.6,1577.6,1315.4,1.42,89.71,-0.0,155.36,0.0,0.0,0.0,0.91,300071.7,-182870.7,658600.5,0.3666,0.115,1787.0,0.00617,-16.54251,1.0,0,-1.0,-1.0,-1.0,-1.0,-1.0,0.0,0.0,0.0,0.0
1791664137.24,3415265.7,1159.9,299671.5,299671.5,35.9,1582.2,1319.9,1.38,89.79,-0.0,155.31,0.0,0.0,0.0,0.91,300078.5,-179263.7,660407.4,0.3629,0.115,1794.4,0.00628,-16.49889,1.0,0,-1.0,-1.0,-1.0,-1.0,-1.0,0.0,0.0,0.0,0.0
1791664137.74,3415266.2,1160.4,299689.3,299689.3,35.2,1586.6,1324.3,1.35,89.85,-0.0,155.26,0.0,0.0,0.0,0.91,300084.9,-175760.8,662162.1,0.3593,0.116,1801.5,0.00638,-16.4568,1.0,0,-1.0,-1.0,-1.0,-1.0,-1.0,0.0,0.0,0.0,0.0
1791664138.46,3415266.8,1161.1,299707.4,299707.4,34.5,1591.2,1328.9,1.32,89.89,-0.0,155.21,0.0,0.0,0.0,0.91,300091.5,-172081.2,664005.1,0.3555,0.116,1809.1,0.00649,-16.41288,1.0,0,-1.0,-1.0,-1.0,-1.0,-1.0,0.0,0.0,0.0,0.0
1791664138.96,3415267.3,1161.6,299724.5,299724.5,33.8,1595.6,1333.4,1.28,89.9,0.0,155.16,0.0,0.0,0.0,0.92,300097.6,-168507.5,665795.0,0.3519,0.116,1816.4,0.00659,-16.37051,1.0,0,-1.0,-1.0,-1.0,-1.0,-1.0,0.0,0.0,0.0,0.0
1791664139.46,3415267.8,1162.1,299741.2,299741.2,33.2,1600.1,1337.8,1.25,89.89,0.0,155.11,0.0,0.0,0.0,0.92,300103.6,-164898.4,667602.6,0.3483,0.116,1823.8,0.00669,-16.32799,1.0,0,-1.0,-1.0,-1.0,-1.0,-1.0,0.0,0.0,0.0,0.0
1791664139.97,3415268.3,1162.6,299758.3,299758.3,32.5,1604.7,1342.4,1.22,89.89,0.01,155.05,0.0,0.0,0.0,0.92,300109.8,-161106.9,669501.4,0.3444,0.116,1831.6,0.0068,-16.28362,1.0,0,-1.0,-1.0,-1.0,-1.0,-1.0,0.0,0.0,0.0,0.0
1791664140.47,3415268.8,1163.1,299774.4,299774.4,31.8,1609.2,1346.9,1.19,89.9,0.01,155.0,0.0,0.0,0.0,0.92,300115.6,-157424.1,671345.8,0.3408,0.117,1839.1,0.0069,-16.24082,1.0,0,-1.0,-1.0,-1.0,-1.0,-1.0,0.0,0.0,0.0,0.0
1791664140.97,3415269.3,1163.6,299790.1,299790.2,31.2,1613.7,1351.4,1.17,89.9,0.01,154.95,0.0,0.0,0.0,0.92,300121.2,-153704.3,673208.5,0.3371,0.117,1846.8,0.00701,-16.19787,1.0,0,-1.0,-1.0,-1.0,-1.0,-1.0,0.0,0.0,0.0,0.0
1791664141.47,3415269.8,1164.1,299805.6,299805.6,30.6,1618.1,1355.8,1.14,89.9,0.01,154.9,0.0,0.0,0.0,0.92,300126.8,-149947.2,675089.8,0.3333,0.117,1854.5,0.00711,-16.15479,1.0,0,-1.0,-1.0,-1.0,-1.0,-1.0,0.0,0.0,0.0,0.0
1791664141.98,3415270.3,1164.6,299820.7,299820.7,29.9,1622.6,1360.3,1.11,89.9,0.01,154.85,0.0,0.0,0.0,0.92,300132.2,-146152.1,676990.1,0.3296,0.117,1862.4,0.00722,-16.11156,1.0,0,-1.0,-1.0,-1.0,-1.0,-1.0,0.0,0.0,0.0,0.0
1791664142.48,3415270.8,1165.1,299835.5,299835.5,29.3,1627.1,1364.8,1.09,89.89,0.0,154.8,0.0,0.0,0.0,0.93,300137.6,-142318.5,678909.5,0.3259,0.117,1870.3,0.00732,-16.06818,1.0,0,-1.0,-1.0,-1.0,-1.0,-1.0,0.0,0.0,0.0,0.0
1791664142.98,3415271.3,1165.7,299850.0,299850.0,28.7,1631.6,1369.3,1.06,89.89,-0.0,154.75,0.0,0.0,0.0,0.93,300142.8,-138445.8,680848.5,0.3221,0.117,1878.3,0.00743,-16.02467,1.0,0,-1.0,-1.0,-1.0,-1.0,-1.0,0.0,0.0,0.0,0.0
1791664143.48,3415271.8,1166.2,299864.2,299864.2,28.1,1636.2,1373.8,1.04,89.89,-0.01,154.69,0.0,0.0,0.0,0.93,300147.9,-134533.6,682807.1,0.3183,0.118,1886.4,0.00754,-15.98101,1.0,0,-1.0,-1.0,-1.0,-1.0,-1.0,0.0,0.0,0.0,0.0
1791664143.99,3415272.3,1166.7,299878.1,299878.1,27.4,1640.7,1378.3,1.01,89.89,-0.01,154.64,0.0,0.0,0.0,0.93,300152.9,-130581.3,684785.8,0.3145,0.118,1894.6,0.00764,-15.93721,1.0,0,-1.0,-1.0,-1.0,-1.0,-1.0,0.0,0.0,0.0,0.0
1791664144.49,3415272.8,1167.2,299891.6,299891.6,26.8,1645.2,1382.9,0.98,89.89,-0.01,154.59,0.0,0.0,0.0,0.93,300157.8,-126588.2,686784.8,0.3107,0.118,1902.9,0.00775,-15.89326,1.0,0,-1.0,-1.0,-1.0,-1.0,-1.0,0.0,0.0,0.0,0.0
1791664144.99,3415273.3,1167.7,299904.9,299904.9,26.3,1649.8,1387.4,0.96,89.89,-0.01,154.54,0.0,0.0,0.0,0.93,300162.6,-122553.8,688804.4,0.3068,0.118,1911.3,0.00786,-15.84917,1.0,0,-1.0,-1.0,-1.0,-1.0,-1.0,0.0,0.0,0.0,0.0
1791664145.49,3415273.8,1168.2,299917.9,299917.9,25.7,1654.3,1392.0,0.93,89.89,-0.01,154.48,0.0,0.0,0.0,0.94,300167.3,-118477.4,690844.9,0.303,0.118,1919.8,0.00797,-15.80494,1.0,0,-1.0,-1.0,-1.0,-1.0,-1.0,0.0,0.0,0.0,0.0
1791664145.99,3415274.3,1168.7,299930.6,299930.6,25.1,1658.9,1396.5,0.9,89.89,-0.0,154.43,0.0,0.0,0.0,0.94,300171.9,-114358.6,692906.6,0.2991,0.118,1928.4,0.00808,-15.76056,1.0,0,-1.0,-1.0,-1.0,-1.0,-1.0,0.0,0.0,0.0,0.0
1791664146.49,3415274.8,1169.2,299943.0,299943.0,24.5,1663.4,1401.1,0.87,89.89,-0.0,154.38,0.0,0.0,0.0,0.94,300176.3,-110196.5,694989.9,0.2952,0.119,1937.1,0.00818,-15.71603,1.0,0,-1.0,-1.0,-1.0,-1.0,-1.0,0.0,0.0,0.0,0.0
1791664146.99,3415275.3,1169.7,299955.1,299955.1,23.9,1668.0,1405.6,0.84,89.89,0.0,154.33,0.0,0.0,0.0,0.94,300180.7,-105990.7,697095.0,0.2913,0.119,1946.0,0.00829,-15.67137,1.0,0,-1.0,-1.0,-1.0,-1.0,-1.0,0.0,0.0,0.0,0.0
1791664147.5,3415275.8,1170.2,299966.9,299966.9,23.4,1672.6,1410.2,0.82,89.89,0.01,154.27,0.0,0.0,0.0,0.94,300185.0,-101740.4,699222.3,0.2874,0.119,1954.9,0.0084,-15.62655,1.0,0,-1.0,-1.0,-1.0,-1.0,-1.0,0.0,0.0,0.0,0.0
1791664148.0,3415276.3,1170.7,299978.5,299978.4,22.8,1677.2,1414.8,0.8,89.88,0.01,154.22,0.0,0.0,0.0,0.94,300189.1,-97445.0,701372.0,0.2835,0.119,1963.9,0.00851,-15.58159,1.0,0,-1.0,-1.0,-1.0,-1.0,-1.0,0.0,0.0,0.0,0.0
1791664148.5,3415276.8,1171.2,299990.2,299990.2,22.2,1682.0,1419.6,0.78,89.88,0.01,154.16,0.0,0.0,0.0,0.94,300193.4,-92929.3,703632.1,0.2794,0.119,1973.4,0.00863,-15.53468,1.0,0,-1.0,-1.0,-1.0,-1.0,-1.0,0.0,0.0,0.0,0.0
1791664149.0,3415277.3,1171.7,300001.2,300001.2,21.7,1686.6,1424.2,0.76,89.88,0.01,154.11,0.0,0.0,0.0,0.95,300197.4,-88539.8,705828.8,0.2754,0.119,1982.6,0.00874,-15.48942,1.0,0,-1.0,-1.0,-1.0,-1.0,-1.0,0.0,0.0,0.0,0.0
1791664149.5,3415277.8,1172.2,300011.9,300011.9,21.2,1691.2,1428.8,0.74,89.88,0.01,154.06,0.0,0.0,0.0,0.95,300201.3,-84103.1,708049.1,0.2714,0.12,1992.0,0.00885,-15.44402,1.0,0,-1.0,-1.0,-1.0,-1.0,-1.0,0.0,0.0,0.0,0.0
1791664150.01,3415278.3,1172.7,300022.3,300022.3,20.6,1695.8,1433.4,0.72,89.88,0.0,154.0,0.0,0.0,0.0,0.95,300205.1,-79618.5,710293.3,0.2674,0.12,2001.5,0.00897,-15.39847,1.0,0,-1.0,-1.0,-1.0,-1.0,-1.0,0.0,0.0,0.0,0.0
1791664150.51,3415278.8,1173.2,300032.5,300032.5,20.1,1700.4,1438.0,0.7,89.88,-0.0,153.95,0.0,0.0,0.0,0.95,300208.9,-75085.3,712561.8,0.2633,0.12,2011.1,0.00908,-15.35277,1.0,0,-1.0,-1.0,-1.0,-1.0,-1.0,0.0,0.0,0.0,0.0
1791664151.01,3415279.3,1173.7,300042.4,300042.4,19.6,1705.1,1442.7,0.69,89.88,-0.01,153.89,0.0,0.0,0.0,0.95,300212.6,-70502.7,714854.9,0.2593,0.12,2020.8,0.00919,-15.30693,1.0,0,-1.0,-1.0,-1.0,-1.0,-1.0,0.0,0.0,0.0,0.0
1791664151.51,3415279.8,1174.2,300052.1,300052.1,19.1,1709.7,1447.3,0.67,89.88,-0.01,153.84,0.0,0.0,0.0,0.95,300216.2,-65869.9,717173.1,0.2552,0.12,2030.6,0.00931,-15.26093,1.0,0,-1.0,-1.0,-1.0,-1.0,-1.0,0.0,0.0,0.0,0.0
1791664152.01,3415280.3,1174.7,300061.6,300061.6,18.6,1714.4,1452.0,0.64,89.88,-0.01,153.79,0.0,0.0,0.0,0.96,300219.7,-61186.2,719516.7,0.2511,0.121,2040.6,0.00942,-15.21479,1.0,0,-1.0,-1.0,-1.0,-1.0,-1.0,0.0,0.0,0.0,0.0
1791664152.51,3415280.8,1175.2,300070.7,300070.7,18.1,1719.1,1456.7,0.62,89.88,-0.01,153.73,0.0,0.0,0.0,0.96,300223.1,-56450.8,721886.2,0.247,0.121,2050.7,0.00953,-15.16851,1.0,0,-1.0,-1.0,-1.0,-1.0,-1.0,0.0,0.0,0.0,0.0
1791664153.02,3415281.3,1175.7,300079.7,300079.7,17.6,1723.7,1461.3,0.6,89.88,-0.01,153.68,0.0,0.0,0.0,0.96,300226.5,-51662.8,724281.9,0.2429,0.121,2060.9,0.00965,-15.12207,1.0,0,-1.0,-1.0,-1.0,-1.0,-1.0,0.0,0.0,0.0,0.0
1791664153.52,3415281.8,1176.2,300088.7,300088.7,17.1,1728.6,1466.2,0.58,89.88,-0.01,153.62,0.0,0.0,0.0,0.96,300229.9,-46626.6,726801.7,0.2386,0.121,2071.7,0.00977,-15.07362,1.0,0,-1.0,-1.0,-1.0,-1.0,-1.0,0.0,0.0,0.0,0.0
1791664154.02,3415282.3,1176.7,300097.2,300097.2,16.7,1733.3,1470.9,0.56,89.88,-0.01,153.56,0.0,0.0,0.0,0.96,300233.1,-41728.8,729252.2,0.2345,0.121,2082.1,0.00989,-15.02688,1.0,0,-1.0,-1.0,-1.0,-1.0,-1.0,0.0,0.0,0.0,0.0
1791664154.52,3415282.8,1177.2,300105.4,300105.4,16.2,1738.0,1475.6,0.54,89.88,-0.01,153.51,0.0,0.0,0.0,0.96,300236.3,-36775.9,731730.2,0.2303,0.122,2092.8,0.01,-14.97999,1.0,0,-1.0,-1.0,-1.0,-1.0,-1.0,0.0,0.0,0.0,0.0
1791664155.02,3415283.3,1177.7,300113.4,300113.4,15.8,1742.7,1480.3,0.52,89.88,-0.0,153.45,0.0,0.0,0.0,0.97,300239.3,-31767.0,734236.2,0.2261,0.122,2103.5,0.01012,-14.93295,1.0,0,-1.0,-1.0,-1.0,-1.0,-1.0,0.0,0.0,0.0,0.0
1791664155.53,3415283.8,1178.2,300121.1,300121.1,15.3,1747.5,1485.0,0.5,89.88,-0.0,153.4,0.0,0.0,0.0,0.97,300242.3,-26701.2,736770.6,0.2219,0.122,2114.4,0.01024,-14.88576,1.0,0,-1.0,-1.0,-1.0,-1.0,-1.0,0.0,0.0,0.0,0.0
1791664156.03,3415284.3,1178.7,300128.7,300128.7,14.9,1752.2,1489.7,0.48,89.88,0.0,153.34,0.0,0.0,0.0,0.97,300245.3,-21577.5,739333.9,0.2176,0.122,2125.5,0.01036,-14.83842,1.0,0,-1.0,-1.0,-1.0,-1.0,-1.0,0.0,0.0,0.0,0.0
1791664156.53,3415284.8,1179.2,300136.0,300136.0,14.4,1756.9,1494.5,0.47,89.88,0.01,153.29,0.0,0.0,0.0,0.97,300248.1,-16395.0,741926.5,0.2134,0.122,2136.7,0.01048,-14.79093,1.0,0,-1.0,-1.0,-1.0,-1.0,-1.0,0.0,0.0,0.0,0.0
1791664157.03,3415285.3,1179.7,300143.1,300143.1,14.0,1761.7,1499.2,0.46,89.88,0.01,153.23,0.0,0.0,0.0,0.97,300251.0,-11152.9,744549.1,0.2091,0.123,2148.0,0.01059,-14.74329,1.0,0,-1.0,-1.0,-1.0,-1.0,-1.0,0.0,0.0,0.0,0.0
1791664157.53,3415285.8,1180.2,300150.0,300150.0,13.6,1766.4,1504.0,0.44,89.88,0.01,153.17,0.0,0.0,0.0,0.97,300253.7,-5850.0,747201.9,0.2048,0.123,2159.5,0.01071,-14.6955,1.0,0,-1.0,-1.0,-1.0,-1.0,-1.0,0.0,0.0,0.0,0.0
1791664158.03,3415286.3,1180.7,300156.7,300156.7,13.2,1771.2,1508.7,0.44,89.88,0.01,153.12,0.0,0.0,0.0,0.98,300256.5,-485.3,749885.6,0.2005,0.123,2171.1,0.01083,-14.64756,1.0,0,-1.0,-1.0,-1.0,-1.0,-1.0,0.0,0.0,0.0,0.0
1791664158.54,3415286.8,1181.2,300163.5,300163.5,12.8,1776.2,1513.7,0.42,89.88,0.01,153.06,0.0,0.0,0.0,0.98,300259.2,5160.5,752709.9,0.196,0.123,2183.4,0.01096,-14.59754,1.0,0,-1.0,-1.0,-1.0,-1.0,-1.0,0.0,0.0,0.0,0.0
1791664159.04,3415287.3,1181.7,300169.8,300169.8,12.4,1780.9,1518.5,0.41,89.88,0.0,153.0,0.0,0.0,0.0,0.98,300261.9,10654.2,755458.1,0.1917,0.123,2195.4,0.01108,-14.54929,1.0,0,-1.0,-1.0,-1.0,-1.0,-1.0,0.0,0.0,0.0,0.0
1791664159.54,3415287.8,1182.2,300175.9,300175.9,12.0,1785.7,1523.3,0.4,89.88,0.0,152.95,0.0,0.0,0.0,0.98,300264.5,16213.0,758238.7,0.1873,0.124,2207.5,0.0112,-14.50089,1.0,0,-1.0,-1.0,-1.0,-1.0,-1.0,0.0,0.0,0.0,0.0
1791664160.04,3415288.3,1182.7,300181.8,300181.8,11.7,1790.5,1528.1,0.39,89.88,-0.0,152.89,0.0,0.0,0.0,0.98,300267.0,21837.7,761052.4,0.1829,0.124,2219.8,0.01133,-14.45233,1.0,0,-1.0,-1.0,-1.0,-1.0,-1.0,0.0,0.0,0.0,0.0
1791664160.55,3415288.8,1183.2,300187.5,300187.5,11.3,1795.3,1532.9,0.37,89.88,-0.01,152.83,0.0,0.0,0.0,0.98,300269.5,27529.6,763899.6,0.1785,0.124,2232.3,0.01145,-14.40362,1.0,0,-1.0,-1.0,-1.0,-1.0,-1.0,0.0,0.0,0.0,0.0
1791664161.05,3415289.4,1183.7,300193.1,300193.1,10.9,1800.2,1537.7,0.36,89.88,-0.01,152.77,0.0,0.0,0.0,0.99,300272.0,33289.8,766780.9,0.1741,0.124,2244.9,0.01157,-14.35476,0.26,0,-1.0,-1.0,-1.0,-1.0,-1.0,0.0,0.0,0.0,0.0
1791664161.55,3415289.9,1184.2,300198.5,300198.5,10.6,1805.0,1542.5,0.34,89.88,-0.01,152.71,0.0,0.0,0.0,0.99,300274.4,39119.6,769697.0,0.1696,0.124,2257.7,0.0117,-14.30575,1.0,0,-1.0,-1.0,-1.0,-1.0,-1.0,0.0,0.0,0.0,0.0
1791664162.05,3415290.3,1184.7,300203.7,300203.7,10.3,1809.8,1547.4,0.32,89.88,-0.01,152.66,0.0,0.0,0.0,0.99,300276.8,45020.0,772648.4,0.1652,0.125,2270.7,0.01182,-14.25658,1.0,0,-1.0,-1.0,-1.0,-1.0,-1.0,0.0,0.0,0.0,0.0
1791664162.55,3415290.9,1185.2,300208.9,300208.9,9.9,1814.9,1552.4,0.31,89.88,-0.01,152.6,0.0,0.0,0.0,0.99,300279.3,51232.8,775756.1,0.1605,0.125,2284.5,0.01195,-14.20528,1.0,0,-1.0,-1.0,-1.0,-1.0,-1.0,0.0,0.0,0.0,0.0
1791664163.05,3415291.4,1185.7,300213.8,300213.8,9.6,1819.7,1557.2,0.3,89.88,-0.01,152.54,0.0,0.0,0.0,0.99,300281.6,57281.4,778781.5,0.156,0.125,2297.8,0.01207,-14.1558,1.0,0,-1.0,-1.0,-1.0,-1.0,-1.0,0.0,0.0,0.0,0.0
1791664163.55,3415291.9,1186.2,300218.5,300218.6,9.3,1824.6,1562.1,0.28,89.88,-0.01,152.48,0.0,0.0,0.0,0.99,300283.9,63404.5,781844.2,0.1515,0.125,2311.4,0.0122,-14.10617,1.0,0,-1.0,-1.0,-1.0,-1.0,-1.0,0.0,0.0,0.0,0.0
1791664164.06,3415292.4,1186.7,300223.1,300223.1,9.0,1829.4,1567.0,0.27,89.88,-0.0,152.43,0.0,0.0,0.0,1.0,300286.2,69603.5,784944.9,0.1469,0.125,2325.2,0.01233,-14.05637,1.0,0,-1.0,-1.0,-1.0,-1.0,-1.0,0.0,0.0,0.0,0.0
1791664164.56,3415292.9,1187.2,300227.5,300227.5,8.7,1834.3,1571.9,0.27,89.88,-0.0,152.37,0.0,0.0,0.0,1.0,300288.5,75879.7,788084.1,0.1424,0.126,2339.1,0.01245,-14.00643,1.0,0,-1.0,-1.0,-1.0,-1.0,-1.0,0.0,0.0,0.0,0.0
1791664165.06,3415293.4,1187.7,300231.8,300231.8,8.4,1839.2,1576.7,0.26,89.87,0.0,152.31,0.0,0.0,0.0,1.0,300290.8,82234.6,791262.7,0.1378,0.126,2353.3,0.01258,-13.95633,1.0,0,-1.0,-1.0,-1.0,-1.0,-1.0,0.0,0.0,0.0,0.0
1791664165.56,3415293.9,1188.2,300236.0,300235.9,8.1,1844.1,1581.6,0.25,89.87,0.01,152.25,0.0,0.0,0.0,1.0,300293.1,88669.5,794481.3,0.1332,0.126,2367.7,0.01271,-13.90607,1.0,0,-1.0,-1.0,-1.0,-1.0,-1.0,0.0,0.0,0.0,0.0
1791664166.06,3415294.4,1188.7,300240.0,300240.0,7.9,1849.0,1586.5,0.25,89.87,0.01,152.19,0.0,0.0,0.0,1.0,300295.4,95185.8,797740.6,0.1286,0.126,2382.2,0.01284,-13.85566,1.0,0,-1.0,-1.0,-1.0,-1.0,-1.0,0.0,0.0,0.0,0.0
1791664166.57,3415294.9,1189.2,300244.0,300244.0,7.6,1854.1,1591.7,0.24,89.87,0.01,152.13,0.0,0.0,0.0,1.01,300297.8,102050.9,801174.4,0.1237,0.126,2397.6,0.01297,-13.80307,1.0,0,-1.0,-1.0,-1.0,-1.0,-1.0,0.0,0.0,0.0,0.0
1791664167.07,3415295.4,1189.7,300247.7,300247.7,7.4,1859.1,1596.6,0.24,89.87,0.01,152.07,0.0,0.0,0.0,1.01,300300.1,108738.3,804519.2,0.1191,0.126,2412.7,0.0131,-13.75233,1.0,0,-1.0,-1.0,-1.0,-1.0,-1.0,0.0,0.0,0.0,0.0
1791664167.57,3415295.9,1190.2,300251.4,300251.3,7.1,1864.0,1601.5,0.23,89.87,0.01,152.01,0.0,0.0,0.0,1.01,300302.5,115511.7,807907.1,0.1144,0.127,2427.9,0.01323,-13.70145,1.0,0,-1.0,-1.0,-1.0,-1.0,-1.0,0.0,0.0,0.0,0.0
1791664168.08,3415296.2,1190.7,300253.8,300253.8,7.0,1867.4,1604.9,0.22,89.87,0.01,151.97,0.0,0.0,0.0,1.01,300304.1,120167.7,810235.9,0.1112,0.127,2438.4,0.01332,-13.66675,1.0,0,-1.0,-1.0,-1.0,-1.0,-1.0,0.0,0.0,0.0,0.0
1791664168.58,3415296.7,1191.3,300257.2,300257.2,6.8,1872.3,1609.8,0.22,89.87,0.0,151.91,0.0,0.0,0.0,1.01,300306.6,127089.6,813698.1,0.1064,0.127,2454.1,0.01345,-13.6156,1.0,0,-1.0,-1.0,-1.0,-1.0,-1.0,0.0,0.0,0.0,0.0
1791664169.08,3415297.2,1191.8,300260.5,300260.5,6.6,1877.3,1614.8,0.21,89.87,-0.0,151.85,0.0,0.0,0.0,1.01,300309.1,134101.9,817205.5,0.1017,0.127,2470.0,0.01358,-13.56429,1.0,0,-1.0,-1.0,-1.0,-1.0,-1.0,0.0,0.0,0.0,0.0
1791664169.59,3415297.7,1192.3,300263.8,300263.8,6.4,1882.2,1619.8,0.2,89.87,-0.01,151.79,0.0,0.0,0.0,1.02,300311.6,141206.6,820759.1,0.0969,0.127,2486.1,0.01372,-13.51282,1.0,0,-1.0,-1.0,-1.0,-1.0,-1.0,0.0,0.0,0.0,0.0
1791664170.09,3415298.2,1192.8,300266.9,300266.9,6.2,1887.2,1624.7,0.19,89.87,-0.01,151.73,0.0,0.0,0.0,1.02,300314.3,148405.3,824359.8,0.0921,0.128,2502.5,0.01385,-13.4612,1.0,0,-1.0,-1.0,-1.0,-1.0,-1.0,0.0,0.0,0.0,0.0
1791664170.59,3415298.7,1193.3,300269.9,300269.9,6.0,1892.2,1629.7,0.18,89.87,-0.01,151.67,0.0,0.0,0.0,1.02,300317.1,155699.7,828008.4,0.0873,0.128,2519.1,0.01398,-13.40942,0.26,0,-1.0,-1.0,-1.0,-1.0,-1.0,0.0,0.0,0.0,0.0
1791664171.09,3415299.2,1193.8,300272.9,300272.9,5.8,1897.2,1634.7,0.17,89.87,-0.01,151.61,0.0,0.0,0.0,1.02,300320.0,163091.8,831705.9,0.0825,0.128,2536.0,0.01412,-13.35747,1.0,0,-1.0,-1.0,-1.0,-1.0,-1.0,0.0,0.0,0.0,0.0
1791664171.6,3415299.7,1194.3,300275.9,300275.9,5.7,1902.4,1639.9,0.16,89.87,-0.01,151.55,0.0,0.0,0.0,1.02,300323.3,170885.3,835604.3,0.0775,0.128,2553.8,0.01426,-13.30329,1.0,0,-1.0,-1.0,-1.0,-1.0,-1.0,0.0,0.0,0.0,0.0
1791664172.1,3415300.2,1194.8,300278.7,300278.7,5.5,1907.4,1644.9,0.16,89.87,-0.01,151.49,0.0,0.0,0.0,1.02,300326.6,178482.4,839404.5,0.0726,0.128,2571.3,0.01439,-13.25102,1.0,0,-1.0,-1.0,-1.0,-1.0,-1.0,0.0,0.0,0.0,0.0
1791664172.6,3415300.8,1195.3,300281.4,300281.4,5.4,1912.5,1650.0,0.15,89.87,-0.01,151.43,0.0,0.0,0.0,1.03,300330.2,186183.1,843256.7,0.0677,0.129,2589.0,0.01453,-13.19859,0.26,0,-1.0,-1.0,-1.0,-1.0,-1.0,0.0,0.0,0.0,0.0
1791664173.11,3415301.2,1195.8,300283.9,300283.9,5.2,1917.3,1654.8,0.15,89.87,-0.01,151.37,0.0,0.0,0.0,1.03,300334.0,193674.9,847004.5,0.063,0.129,2606.3,0.01466,-13.14811,1.0,0,-1.0,-1.0,-1.0,-1.0,-1.0,0.0,0.0,0.0,0.0
1791664173.61,3415301.7,1196.3,300286.5,300286.5,5.1,1922.3,1659.8,0.15,89.87,-0.0,151.31,0.0,0.0,0.0,1.03,300338.5,201584.2,850961.3,0.058,0.129,2624.6,0.01479,-13.09537,1.0,0,-1.0,-1.0,-1.0,-1.0,-1.0,0.0,0.0,0.0,0.0
1791664174.11,3415302.2,1196.8,300289.0,300289.0,5.0,1927.4,1664.9,0.15,89.87,0.0,151.25,0.0,0.0,0.0,1.03,300343.5,209603.0,854973.2,0.0531,0.129,2643.2,0.01493,-13.04247,1.0,0,-1.0,-1.0,-1.0,-1.0,-1.0,0.0,0.0,0.0,0.0
1791664174.62,3415302.7,1197.3,300291.5,300291.5,4.9,1932.5,1670.0,0.15,89.87,0.0,151.19,0.0,0.0,0.0,1.03,300349.3,217733.2,859041.3,0.0481,0.129,2662.0,0.01507,-12.98941,1.0,0,-1.0,-1.0,-1.0,-1.0,-1.0,0.0,0.0,0.0,0.0
1791664175.12,3415303.2,1197.8,300294.1,300294.1,4.8,1937.7,1675.2,0.15,89.87,0.01,151.12,0.0,0.0,0.0,1.04,300356.6,226309.1,863332.8,0.0429,0.13,2682.0,0.01521,-12.93406,1.0,0,-1.0,-1.0,-1.0,-1.0,-1.0,0.0,0.0,0.0,0.0
1791664175.63,3415303.7,1198.3,300296.3,300296.3,4.8,1942.4,1679.9,0.15,89.87,0.01,151.07,0.0,0.0,0.0,1.04,300364.3,233999.5,867181.9,0.0383,0.13,2700.0,0.01534,-12.88494,1.0,0,-1.0,-1.0,-1.0,-1.0,-1.0,0.0,0.0,0.0,0.0
1791664176.13,3415304.2,1198.8,300298.6,300298.6,4.7,1947.5,1685.0,0.15,89.87,0.01,151.0,0.0,0.0,0.0,1.04,300374.9,242471.1,871423.0,0.0332,0.13,2719.8,0.01548,-12.8314,1.0,0,-1.0,-1.0,-1.0,-1.0,-1.0,0.0,0.0,0.0,0.0
1791664176.63,3415304.7,1199.3,300301.0,300301.0,4.6,1952.6,1690.1,0.15,89.87,0.01,150.94,0.0,0.0,0.0,1.04,300389.0,251061.1,875725.1,0.0282,0.13,2740.0,0.01562,-12.7777,1.0,0,-1.0,-1.0,-1.0,-1.0,-1.0,0.0,0.0,0.0,0.0
1791664177.14,3415305.2,1199.8,300303.3,300303.3,4.6,1957.7,1695.2,0.15,89.87,0.01,150.88,0.0,0.0,0.0,1.04,300408.8,259769.7,880089.2,0.0231,0.13,2760.5,0.01576,-12.72384,0.26,0,-1.0,-1.0,-1.0,-1.0,-1.0,0.0,0.0,0.0,0.0
1791664177.64,3415305.6,1200.3,300305.3,300305.3,4.6,1962.2,1699.7,0.14,89.87,0.0,150.82,0.0,0.0,0.0,1.05,300434.8,267529.7,883982.2,0.0186,0.131,2778.8,0.01588,-12.6763,1.0,0,-1.0,-1.0,-1.0,-1.0,-1.0,0.0,0.0,0.0,0.0
1791664178.14,3415306.1,1200.8,300307.5,300307.5,4.6,1966.9,1704.4,0.14,89.87,-0.0,150.76,0.0,0.0,0.0,1.0,300479.8,275785.9,888132.8,0.0139,0.131,2798.4,0.01602,-12.62431,0.15,0,-1.0,-1.0,-1.0,-1.0,-1.0,0.0,0.0,0.0,0.0
1791664178.65,3415306.6,1201.3,300309.8,300309.8,4.5,1967.7,1705.2,0.14,89.96,-0.0,150.7,0.0,0.0,0.0,0.16,300490.4,277184.7,888837.6,0.0131,0.131,2801.7,0.01617,-12.56789,0.15,0,-1.0,-1.0,-1.0,-1.0,-1.0,0.0,0.0,0.0,0.0
1791664179.15,3415307.1,1201.8,300312.1,300312.1,4.5,1968.5,1706.0,0.13,90.06,-0.01,150.64,0.0,0.0,0.0,0.16,300501.8,278531.6,889516.7,0.0123,0.131,2805.0,0.01631,-12.51361,0.15,0,-1.0,-1.0,-1.0,-1.0,-1.0,0.0,0.0,0.0,0.0
1791664179.65,3415307.7,1202.3,300314.4,300314.4,4.5,1969.3,1706.8,0.13,90.06,-0.01,150.57,0.0,0.0,0.0,0.16,300515.1,279934.1,890224.6,0.0116,0.131,2808.3,0.01646,-12.45714,0.15,0,-1.0,-1.0,-1.0,-1.0,-1.0,0.0,0.0,0.0,0.0
1791664180.16,3415308.2,1202.8,300316.7,300316.7,4.5,1970.1,1707.6,0.12,90.0,-0.01,150.51,0.0,0.0,0.0,0.16,300529.6,281284.1,890906.8,0.0108,0.131,2811.5,0.0166,-12.40282,0.15,0,-1.0,-1.0,-1.0,-1.0,-1.0,0.0,0.0,0.0,0.0
1791664180.66,3415308.7,1203.3,300318.9,300318.9,4.4,1970.8,1708.3,0.12,89.93,-0.01,150.45,0.0,0.0,0.0,0.16,300546.1,282635.0,891590.5,0.01,0.131,2814.8,0.01674,-12.34848,0.15,0,-1.0,-1.0,-1.0,-1.0,-1.0,0.0,0.0,0.0,0.0
1791664181.17,3415309.2,1203.8,300321.1,300321.1,4.4,1971.6,1709.1,0.12,89.88,-0.01,150.38,0.0,0.0,0.0,0.16,300565.2,283986.3,892275.8,0.0093,0.131,2818.0,0.01688,-12.2941,0.15,0,-1.0,-1.0,-1.0,-1.0,-1.0,0.0,0.0,0.0,0.0
1791664181.67,3415309.7,1204.3,300323.3,300323.3,4.4,1972.4,1709.9,0.12,89.86,-0.0,150.32,0.0,0.0,0.0,0.16,300587.5,285337.5,892962.5,0.0085,0.131,2821.3,0.01702,-12.23971,0.15,0,-1.0,-1.0,-1.0,-1.0,-1.0,0.0,0.0,0.0,0.0
1791664182.17,3415310.2,1204.8,300325.5,300325.5,4.4,1973.1,1710.6,0.12,89.86,0.0,150.26,0.0,0.0,0.0,0.16,300614.0,286687.5,893650.8,0.0078,0.131,2824.5,0.01716,-12.18529,0.15,0,-1.0,-1.0,-1.0,-1.0,-1.0,0.0,0.0,0.0,0.0
1791664182.68,3415310.7,1205.3,300327.8,300327.8,4.4,1973.9,1711.4,0.12,89.86,0.01,150.19,0.0,0.0,0.0,0.16,300647.4,288088.9,894368.2,0.007,0.131,2827.9,0.01731,-12.12867,0.15,0,-1.0,-1.0,-1.0,-1.0,-1.0,0.0,0.0,0.0,0.0
1791664183.18,3415311.2,1205.9,300329.9,300329.9,4.4,1974.7,1712.2,0.12,89.86,0.01,150.13,0.0,0.0,0.0,0.16,300687.2,289431.8,895059.5,0.0063,0.131,2831.2,0.01745,-12.0742,0.15,0,-1.0,-1.0,-1.0,-1.0,-1.0,0.0,0.0,0.0,0.0
1791664183.69,3415311.7,1206.4,300332.1,300332.1,4.3,1975.5,1713.0,0.13,89.86,0.01,150.07,0.0,0.0,0.0,0.16,300737.6,290767.2,895752.4,0.0056,0.131,2834.5,0.0176,-12.01971,0.15,0,-1.0,-1.0,-1.0,-1.0,-1.0,0.0,0.0,0.0,0.0
1791664184.19,3415312.2,1206.9,300334.3,300334.3,4.3,1976.2,1713.7,0.13,89.86,0.01,150.0,0.0,0.0,0.0,0.16,300803.3,292090.4,896446.8,0.0049,0.131,2837.8,0.01774,-11.96519,0.15,0,-1.0,-1.0,-1.0,-1.0,-1.0,0.0,0.0,0.0,0.0
1791664184.69,3415312.7,1207.4,300336.5,300336.5,4.3,1977.0,1714.5,0.14,89.86,0.01,149.94,0.0,0.0,0.0,0.16,300892.0,293393.6,897142.8,0.0042,0.131,2841.1,0.01788,-11.91065,0.15,0,-1.0,-1.0,-1.0,-1.0,-1.0,0.0,0.0,0.0,0.0
1791664185.19,3415313.2,1207.9,300338.6,300338.6,4.3,1977.8,1715.3,0.14,89.86,0.0,149.88,0.0,0.0,0.0,0.16,301017.2,294663.4,897840.3,0.0035,0.131,2844.4,0.01802,-11.85608,0.15,0,-1.0,-1.0,-1.0,-1.0,-1.0,0.0,0.0,0.0,0.0
1791664185.7,3415313.7,1208.4,300340.9,300340.9,4.3,1978.6,1716.1,0.14,89.86,-0.0,149.81,0.0,0.0,0.0,0.16,301211.9,295922.9,898567.4,0.0029,0.131,2847.9,0.01817,-11.79931,0.15,0,-1.0,-1.0,-1.0,-1.0,-1.0,0.0,0.0,0.0,0.0
1791664186.2,3415314.2,1208.9,300342.9,300342.9,4.3,1979.3,1716.8,0.14,89.86,-0.0,149.75,0.0,0.0,0.0,0.16,301490.6,296989.5,899240.0,0.0025,0.131,2851.1,0.01831,-11.74688,0.15,0,-1.0,-1.0,-1.0,-1.0,-1.0,0.0,0.0,0.0,0.0
1791664186.7,3415314.7,1209.4,300345.1,300345.1,4.3,1980.1,1717.6,0.14,89.86,-0.01,149.69,0.0,0.0,0.0,0.16,301945.7,297938.7,899942.2,0.0022,0.131,2854.4,0.01845,-11.69224,0.15,0,-1.0,-1.0,-1.0,-1.0,-1.0,0.0,0.0,0.0,0.0
1791664187.21,3415315.2,1209.9,300347.3,300347.3,4.3,1980.9,1718.4,0.14,89.86,-0.01,149.62,0.0,0.0,0.0,0.16,302665.4,298682.9,900674.2,0.0022,0.131,2857.9,0.0186,-11.63539,0.15,0,-1.0,-1.0,-1.0,-1.0,-1.0,0.0,0.0,0.0,0.0
1791664187.71,3415315.6,1210.4,300349.2,300349.3,4.3,1981.6,1719.0,0.14,89.86,-0.01,149.57,0.0,0.0,0.0,0.16,303476.7,299113.0,901294.8,0.0024,0.131,2860.8,0.01872,-11.58726,0.15,0,-1.0,-1.0,-1.0,-1.0,-1.0,0.0,0.0,0.0,0.0
1791664188.21,3415316.1,1210.9,300351.4,300351.4,4.3,1982.3,1719.8,0.13,89.86,-0.01,149.51,0.0,0.0,0.0,0.16,304570.9,299432.3,902001.6,0.0028,0.131,2864.2,0.01886,-11.53255,0.15,0,-1.0,-1.0,-1.0,-1.0,-1.0,0.0,0.0,0.0,0.0
1791664188.72,3415316.6,1211.4,300353.5,300353.5,4.3,1983.1,1720.6,0.13,89.86,-0.01,149.45,0.0,0.0,0.0,0.16,305733.3,299629.9,902681.6,0.0034,0.131,2867.5,0.019,-11.48001,0.15,0,-1.0,-1.0,-1.0,-1.0,-1.0,0.0,0.0,0.0,0.0
1791664189.38,3415317.1,1212.1,300355.6,300355.6,4.3,1983.5,1721.0,0.13,89.87,-0.01,149.38,0.0,0.0,0.0,0.08,306444.0,299713.9,903079.0,0.0037,0.131,2869.3,0.01914,-11.42744,0.0,0,-1.0,-1.0,-1.0,-1.0,-1.0,0.0,0.0,0.0,0.0
1791664189.89,3415317.6,1212.6,300357.7,300357.8,4.3,1983.5,1721.0,0.12,89.88,-0.01,149.32,0.0,0.0,0.0,0.0,306444.0,299713.9,903079.0,0.0037,0.131,2869.3,0.01928,-11.37268,0.0,0,-1.0,-1.0,-1.0,-1.0,-1.0,0.0,0.0,0.0,0.0
1791664190.39,3415318.1,1213.1,300359.9,300359.9,4.4,1983.5,1721.0,0.12,89.89,-0.0,149.26,0.0,0.0,0.0,0.0,306444.0,299713.9,903079.0,0.0037,0.131,2869.3,0.01942,-11.31792,0.0,0,-1.0,-1.0,-1.0,-1.0,-1.0,0.0,0.0,0.0,0.0
1791664190.89,3415318.6,1213.6,300362.1,300362.1,4.4,1983.5,1721.0,0.12,89.89,0.0,149.2,0.0,0.0,0.0,0.0,306444.0,299713.9,903079.0,0.0037,0.131,2869.3,0.01956,-11.26317,0.0,0,-1.0,-1.0,-1.0,-1.0,-1.0,0.0,0.0,0.0,0.0
1791664191.39,3415319.1,1214.1,300364.3,300364.3,4.4,1983.5,1721.0,0.12,89.88,0.0,149.13,0.0,0.0,0.0,0.0,306444.0,299713.9,903079.0,0.0037,0.131,2869.3,0.01971,-11.20841,0.0,0,-1.0,-1.0,-1.0,-1.0,-1.0,0.0,0.0,0.0,0.0
1791664191.89,3415319.6,1214.6,300366.5,300366.5,4.4,1983.5,1721.0,0.12,89.87,0.01,149.07,0.0,0.0,0.0,0.0,306444.0,299713.9,903079.0,0.0037,0.131,2869.3,0.01985,-11.15365,0.0,0,-1.0,-1.0,-1.0,-1.0,-1.0,0.0,0.0,0.0,0.0
1791664192.39,3415320.1,1215.1,300368.7,300368.7,4.4,1983.5,1721.0,0.12,89.86,0.01,149.0,0.0,0.0,0.0,0.0,306444.0,299713.9,903079.0,0.0037,0.131,2869.3,0.01999,-11.09889,0.26,0,-1.0,-1.0,-1.0,-1.0,-1.0,0.0,0.0,0.0,0.0
1791664192.9,3415320.6,1215.6,300370.8,300370.8,4.4,1983.5,1720.9,0.13,89.85,0.01,148.94,0.0,0.0,0.0,0.0,306444.0,299713.9,903079.0,0.0037,0.131,2869.3,0.02013,-11.04414,0.0,0,-1.0,-1.0,-1.0,-1.0,-1.0,0.0,0.0,0.0,0.0
1791664193.4,3415321.1,1216.1,300373.0,300373.0,4.4,1983.5,1720.9,0.13,89.85,0.01,148.88,0.0,0.0,0.0,0.0,306444.0,299713.9,903079.0,0.0037,0.131,2869.3,0.02028,-10.98938,0.0,0,-1.0,-1.0,-1.0,-1.0,-1.0,0.0,0.0,0.0,0.0
1791664193.9,3415321.6,1216.6,300375.3,300375.3,4.4,1983.5,1720.9,0.14,89.85,0.01,148.81,0.0,0.0,0.0,0.0,306444.0,299713.9,903079.0,0.0037,0.131,2869.3,0.02042,-10.93244,0.0,0,-1.0,-1.0,-1.0,-1.0,-1.0,0.0,0.0,0.0,0.0
1791664194.4,3415322.1,1217.1,300377.5,300377.5,4.4,1983.5,1720.9,0.14,89.85,0.0,148.75,0.0,0.0,0.0,0.0,306444.0,299713.9,903079.0,0.0037,0.131,2869.3,0.02057,-10.87768,0.0,0,-1.0,-1.0,-1.0,-1.0,-1.0,0.0,0.0,0.0,0.0
1791664194.91,3415322.6,1217.6,300379.7,300379.7,4.4,1983.4,1720.9,0.14,89.86,-0.0,148.69,0.0,0.0,0.0,0.0,306444.0,299713.9,903079.0,0.0037,0.131,2869.3,0.02071,-10.82292,0.0,0,-1.0,-1.0,-1.0,-1.0,-1.0,0.0,0.0,0.0,0.0
1791664195.41,3415323.1,1218.1,300381.9,300381.9,4.4,1983.4,1720.9,0.14,89.86,-0.01,148.62,0.0,0.0,0.0,0.0,306444.0,299713.9,903079.0,0.0037,0.131,2869.3,0.02085,-10.76817,0.0,0,-1.0,-1.0,-1.0,-1.0,-1.0,0.0,0.0,0.0,0.0
1791664195.91,3415323.6,1218.6,300384.2,300384.2,4.4,1983.4,1720.9,0.14,89.87,-0.01,148.56,0.0,0.0,0.0,0.0,306444.0,299713.9,903079.0,0.0037,0.131,2869.3,0.02099,-10.71341,0.0,0,-1.0,-1.0,-1.0,-1.0,-1.0,0.0,0.0,0.0,0.0
1791664196.41,3415324.1,1219.1,300386.4,300386.4,4.4,1983.4,1720.9,0.14,89.87,-0.01,148.5,0.0,0.0,0.0,0.0,306444.0,299713.9,903079.0,0.0037,0.131,2869.3,0.02113,-10.65866,0.0,0,-1.0,-1.0,-1.0,-1.0,-1.0,0.0,0.0,0.0,0.0
1791664196.91,3415324.6,1219.6,300388.6,300388.6,4.4,1983.4,1720.9,0.14,89.87,-0.01,148.43,0.0,0.0,0.0,0.0,306444.0,299713.9,903079.0,0.0037,0.131,2869.3,0.02128,-10.60391,0.26,0,-1.0,-1.0,-1.0,-1.0,-1.0,0.0,0.0,0.0,0.0
1791664197.41,3415325.1,1220.1,300390.8,300390.8,4.4,1983.4,1720.9,0.14,89.87,-0.01,148.37,0.0,0.0,0.0,0.0,306444.0,299713.9,903079.0,0.0037,0.131,2869.3,0.02142,-10.54915,0.0,0,-1.0,-1.0,-1.0,-1.0,-1.0,0.0,0.0,0.0,0.0
1791664197.92,3415325.6,1220.6,300393.1,300393.1,4.5,1983.4,1720.9,0.14,89.88,-0.01,148.31,0.0,0.0,0.0,0.0,306444.0,299713.9,903079.0,0.0037,0.131,2869.3,0.02157,-10.49221,0.0,0,-1.0,-1.0,-1.0,-1.0,-1.0,0.0,0.0,0.0,0.0
1791664198.42,3415326.1,1221.1,300395.3,300395.3,4.5,1983.4,1720.9,0.13,89.87,-0.01,148.24,0.0,0.0,0.0,0.0,306444.0,299713.9,903079.0,0.0037,0.131,2869.3,0.02171,-10.43745,0.0,0,-1.0,-1.0,-1.0,-1.0,-1.0,0.0,0.0,0.0,0.0
1791664198.92,3415326.6,1221.6,300397.6,300397.6,4.5,1983.4,1720.9,0.13,89.87,-0.01,148.18,0.0,0.0,0.0,0.0,306444.0,299713.9,903079.0,0.0037,0.131,2869.3,0.02185,-10.3827,0.0,0,-1.0,-1.0,-1.0,-1.0,-1.0,0.0,0.0,0.0,0.0
1791664199.42,3415327.1,1222.1,300399.8,300399.8,4.5,1983.4,1720.9,0.13,89.87,-0.0,148.12,0.0,0.0,0.0,0.0,306444.0,299713.9,903079.0,0.0037,0.131,2869.3,0.02199,-10.32795,0.0,0,-1.0,-1.0,-1.0,-1.0,-1.0,0.0,0.0,0.0,0.0
1791664199.92,3415327.6,1222.6,300402.1,300402.1,4.5,1983.4,1720.9,0.12,89.87,0.0,148.05,0.0,0.0,0.0,0.0,306444.0,299713.9,903079.0,0.0037,0.131,2869.3,0.02213,-10.2732,0.0,0,-1.0,-1.0,-1.0,-1.0,-1.0,0.0,0.0,0.0,0.0
1791664200.42,3415328.1,1223.1,300404.3,300404.3,4.5,1983.4,1720.9,0.12,89.87,0.0,147.99,0.0,0.0,0.0,0.0,306444.0,299713.9,903079.0,0.0037,0.131,2869.3,0.02228,-10.21844,0.0,0,-1.0,-1.0,-1.0,-1.0,-1.0,0.0,0.0,0.0,0.0
1791664200.93,3415328.6,1223.6,300406.5,300406.5,4.5,1983.4,1720.9,0.12,89.86,0.01,147.93,0.0,0.0,0.0,0.0,306444.0,299713.9,903079.0,0.0037,0.131,2869.3,0.02242,-10.16369,0.0,0,-1.0,-1.0,-1.0,-1.0,-1.0,0.0,0.0,0.0,0.0
1791664201.43,3415329.1,1224.1,300408.4,300408.4,4.5,1983.1,1720.5,0.2,89.87,0.01,147.87,0.0,0.0,0.0,0.08,305916.8,299646.9,902781.8,0.0035,0.131,2867.9,0.02254,-10.11771,0.26,0,-1.0,-1.0,-1.0,-1.0,-1.0,0.0,0.0,0.0,0.0
1791664201.93,3415329.6,1224.6,300410.7,300410.7,4.5,1983.1,1720.5,0.31,89.89,0.01,147.81,0.0,0.0,0.0,0.0,305916.8,299646.9,902781.8,0.0035,0.131,2867.9,0.02268,-10.06297,0.26,0,-1.0,-1.0,-1.0,-1.0,-1.0,0.0,0.0,0.0,0.0
1791664202.43,3415330.1,1225.1,300413.0,300413.0,4.5,1983.1,1720.5,0.41,89.91,0.02,147.75,0.0,0.0,0.0,0.0,305916.8,299646.9,902781.8,0.0035,0.131,2867.9,0.02283,-10.00604,0.26,0,-1.0,-1.0,-1.0,-1.0,-1.0,0.0,0.0,0.0,0.0
1791664202.94,3415330.6,1225.6,300415.3,300415.3,4.5,1983.0,1720.5,0.51,89.94,0.02,147.68,0.0,0.0,0.0,0.0,305916.8,299646.9,902781.8,0.0035,0.131,2867.9,0.02297,-9.9513,0.26,0,-1.0,-1.0,-1.0,-1.0,-1.0,0.0,0.0,0.0,0.0
1791664203.44,3415331.1,1226.1,300417.5,300417.5,4.5,1983.0,1720.5,0.61,89.96,0.02,147.62,0.0,0.0,0.0,0.0,305916.8,299646.9,902781.8,0.0035,0.131,2867.9,0.02311,-9.89656,0.26,0,-1.0,-1.0,-1.0,-1.0,-1.0,0.0,0.0,0.0,0.0
1791664203.94,3415331.6,1226.6,300419.8,300419.8,4.5,1983.0,1720.5,0.72,89.98,0.03,147.56,0.0,0.0,0.0,0.0,305916.8,299646.9,902781.8,0.0035,0.131,2867.9,0.02325,-9.84182,0.26,0,-1.0,-1.0,-1.0,-1.0,-1.0,0.0,0.0,0.0,0.0
1791664204.44,3415332.1,1227.1,300422.1,300422.1,4.5,1983.0,1720.5,0.82,90.0,0.03,147.49,0.0,0.0,0.0,0.0,305916.8,299646.9,902781.8,0.0035,0.131,2867.9,0.02339,-9.78708,0.26,0,-1.0,-1.0,-1.0,-1.0,-1.0,0.0,0.0,0.0,0.0
1791664204.94,3415332.6,1227.6,300424.3,300424.3,4.5,1983.0,1720.5,0.92,90.02,0.03,147.43,0.0,0.0,0.0,0.0,305916.8,299646.9,902781.8,0.0035,0.131,2867.9,0.02353,-9.73234,0.26,0,-1.0,-1.0,-1.0,-1.0,-1.0,0.0,0.0,0.0,0.0
1791664205.45,3415333.1,1228.1,300426.6,300426.6,4.5,1983.0,1720.5,1.02,90.04,0.03,147.37,0.0,0.0,0.0,0.0,305916.8,299646.9,902781.8,0.0035,0.131,2867.9,0.02368,-9.6776,0.26,0,-1.0,-1.0,-1.0,-1.0,-1.0,0.0,0.0,0.0,0.0
1791664205.95,3415333.6,1228.6,300428.9,300428.9,4.6,1983.0,1720.5,1.12,90.06,0.04,147.31,0.0,0.0,0.0,0.0,305916.8,299646.9,902781.8,0.0035,0.131,2867.9,0.02382,-9.62286,0.26,0,-1.0,-1.0,-1.0,-1.0,-1.0,0.0,0.0,0.0,0.0
1791664206.45,3415334.1,1229.1,300431.2,300431.2,4.6,1983.0,1720.5,1.23,90.08,0.04,147.24,0.0,0.0,0.0,0.0,305916.8,299646.9,902781.8,0.0035,0.131,2867.9,0.02396,-9.56812,0.26,0,-1.0,-1.0,-1.0,-1.0,-1.0,0.0,0.0,0.0,0.0
1791664206.95,3415334.6,1229.6,300433.4,300433.4,4.6,1983.0,1720.5,1.33,90.1,0.04,147.18,0.0,0.0,0.0,0.0,305916.8,299646.9,902781.8,0.0035,0.131,2867.9,0.0241,-9.51339,0.26,0,-1.0,-1.0,-1.0,-1.0,-1.0,0.0,0.0,0.0,0.0
1791664207.46,3415335.1,1230.1,300435.8,300435.8,4.6,1983.0,1720.5,1.43,90.12,0.05,147.11,0.0,0.0,0.0,0.0,305916.8,299646.9,902781.8,0.0035,0.131,2867.9,0.02425,-9.45646,0.26,0,-1.0,-1.0,-1.0,-1.0,-1.0,0.0,0.0,0.0,0.0
1791664207.96,3415335.6,1230.6,300438.1,300438.1,4.6,1983.0,1720.5,1.54,90.15,0.05,147.05,0.0,0.0,0.0,0.0,305916.8,299646.9,902781.8,0.0035,0.131,2867.9,0.02439,-9.40172,0.26,0,-1.0,-1.0,-1.0,-1.0,-1.0,0.0,0.0,0.0,0.0
1791664208.46,3415336.1,1231.1,300440.4,300440.4,4.6,1983.0,1720.5,1.64,90.17,0.05,146.99,0.0,0.0,0.0,0.0,305916.8,299646.9,902781.8,0.0035,0.131,2867.9,0.02453,-9.34699,0.26,0,-1.0,-1.0,-1.0,-1.0,-1.0,0.0,0.0,0.0,0.0
1791664208.96,3415336.6,1231.6,300442.7,300442.7,4.6,1983.0,1720.4,1.74,90.19,0.05,146.92,0.0,0.0,0.0,0.0,305916.8,299646.9,902781.8,0.0035,0.131,2867.9,0.02467,-9.29225,0.26,0,-1.0,-1.0,-1.0,-1.0,-1.0,0.0,0.0,0.0,0.0
1791664209.46,3415337.1,1232.1,300445.0,300445.0,4.6,1983.0,1720.4,1.84,90.21,0.06,146.86,0.0,0.0,0.0,0.0,305916.8,299646.9,902781.8,0.0035,0.131,2867.9,0.02481,-9.23751,0.26,0,-1.0,-1.0,-1.0,-1.0,-1.0,0.0,0.0,0.0,0.0
1791664209.97,3415337.6,1232.6,300447.3,300447.3,4.6,1983.0,1720.4,1.94,90.23,0.06,146.8,0.0,0.0,0.0,0.0,305916.8,299646.9,902781.8,0.0035,0.131,2867.9,0.02495,-9.18278,0.26,0,-1.0,-1.0,-1.0,-1.0,-1.0,0.0,0.0,0.0,0.0
1791664210.47,3415338.1,1233.1,300449.6,300449.6,4.6,1983.0,1720.4,2.05,90.25,0.06,146.73,0.0,0.0,0.0,0.0,305916.8,299646.9,902781.8,0.0035,0.131,2867.9,0.0251,-9.12804,0.26,0,-1.0,-1.0,-1.0,-1.0,-1.0,0.0,0.0,0.0,0.0
1791664210.97,3415338.6,1233.6,300452.0,300452.0,4.6,1983.0,1720.4,2.15,90.27,0.06,146.67,0.0,0.0,0.0,0.0,305916.8,299646.9,902781.8,0.0035,0.131,2867.9,0.02524,-9.07112,0.26,0,-1.0,-1.0,-1.0,-1.0,-1.0,0.0,0.0,0.0,0.0
1791664211.47,3415339.1,1234.1,300454.3,300454.3,4.6,1983.0,1720.4,2.25,90.29,0.06,146.61,0.0,0.0,0.0,0.0,305916.8,299646.9,902781.8,0.0035,0.131,2867.9,0.02538,-9.01638,0.26,0,-1.0,-1.0,-1.0,-1.0,-1.0,0.0,0.0,0.0,0.0
1791664211.97,3415339.6,1234.6,300456.6,300456.6,4.6,1983.0,1720.4,2.36,90.31,0.07,146.54,0.0,0.0,0.0,0.0,305916.8,299646.9,902781.8,0.0035,0.131,2867.9,0.02553,-8.96165,0.26,0,-1.0,-1.0,-1.0,-1.0,-1.0,0.0,0.0,0.0,0.0
1791664212.48,3415340.1,1235.1,300458.9,300458.9,4.6,1983.0,1720.4,2.46,90.33,0.07,146.48,0.0,0.0,0.0,0.0,305916.8,299646.9,902781.8,0.0035,0.131,2867.9,0.02567,-8.90692,0.26,0,-1.0,-1.0,-1.0,-1.0,-1.0,0.0,0.0,0.0,0.0
1791664212.98,3415340.6,1235.6,300461.2,300461.2,4.6,1982.9,1720.4,2.56,90.36,0.07,146.41,0.0,0.0,0.0,0.0,305916.8,299646.9,902781.8,0.0035,0.131,2867.9,0.02581,-8.85218,0.26,0,-1.0,-1.0,-1.0,-1.0,-1.0,0.0,0.0,0.0,0.0
1791664213.48,3415341.1,1236.2,300463.5,300463.5,4.6,1982.9,1720.4,2.66,90.38,0.07,146.35,0.0,0.0,0.0,0.0,305916.8,299646.9,902781.8,0.0035,0.131,2867.9,0.02595,-8.79745,0.26,0,-1.0,-1.0,-1.0,-1.0,-1.0,0.0,0.0,0.0,0.0
1791664213.98,3415341.6,1236.7,300465.8,300465.8,4.6,1982.9,1720.4,2.77,90.4,0.07,146.29,0.0,0.0,0.0,0.0,305916.8,299646.9,902781.8,0.0035,0.131,2867.9,0.02609,-8.74272,0.26,0,-1.0,-1.0,-1.0,-1.0,-1.0,0.0,0.0,0.0,0.0
1791664214.49,3415342.1,1237.2,300468.2,300468.3,4.6,1982.9,1720.4,2.87,90.42,0.08,146.23,0.0,0.0,0.0,0.0,305916.8,299646.9,902781.8,0.0035,0.131,2867.9,0.02624,-8.68579,0.26,0,-1.0,-1.0,-1.0,-1.0,-1.0,0.0,0.0,0.0,0.0
1791664214.99,3415342.6,1237.7,300470.6,300470.6,4.7,1982.9,1720.4,2.97,90.44,0.08,146.16,0.0,0.0,0.0,0.0,305916.8,299646.9,902781.8,0.0035,0.131,2867.9,0.02638,-8.63106,0.26,0,-1.0,-1.0,-1.0,-1.0,-1.0,0.0,0.0,0.0,0.0
1791664215.49,3415343.1,1238.2,300472.9,300472.9,4.7,1982.9,1720.4,3.07,90.46,0.08,146.1,0.0,0.0,0.0,0.0,305916.8,299646.9,902781.8,0.0035,0.131,2867.9,0.02652,-8.57633,0.26,0,-1.0,-1.0,-1.0,-1.0,-1.0,0.0,0.0,0.0,0.0
1791664215.99,3415343.6,1238.7,300474.9,300474.9,4.7,1982.9,1720.4,3.16,90.48,0.08,146.04,0.0,0.0,0.0,0.0,305916.8,299646.9,902781.8,0.0035,0.131,2867.9,0.02664,-8.52816,0.26,0,-1.0,-1.0,-1.0,-1.0,-1.0,0.0,0.0,0.0,0.0
1791664216.49,3415344.1,1239.2,300477.4,300477.4,4.7,1982.9,1720.4,3.27,90.5,0.08,145.98,0.0,0.0,0.0,0.0,305916.8,299646.9,902781.8,0.0035,0.131,2867.9,0.02679,-8.47124,0.26,0,-1.0,-1.0,-1.0,-1.0,-1.0,0.0,0.0,0.0,0.0
1791664217.0,3415344.6,1239.7,300479.7,300479.7,4.7,1982.9,1720.4,3.37,90.52,0.08,145.92,0.0,0.0,0.0,0.0,305916.8,299646.9,902781.8,0.0035,0.131,2867.9,0.02693,-8.41651,0.26,0,-1.0,-1.0,-1.0,-1.0,-1.0,0.0,0.0,0.0,0.0
1791664217.5,3415345.1,1240.2,300482.0,300482.1,4.7,1982.9,1720.3,3.47,90.54,0.09,145.85,0.0,0.0,0.0,0.0,305916.8,299646.9,902781.8,0.0035,0.131,2867.9,0.02707,-8.36178,0.26,0,-1.0,-1.0,-1.0,-1.0,-1.0,0.0,0.0,0.0,0.0
1791664218.0,3415345.6,1240.7,300484.4,300484.4,4.7,1982.9,1720.3,3.58,90.56,0.09,145.79,0.0,0.0,0.0,0.0,305916.8,299646.9,902781.8,0.0035,0.131,2867.9,0.02721,-8.30705,0.26,0,-1.0,-1.0,-1.0,-1.0,-1.0,0.0,0.0,0.0,0.0
1791664218.5,3415346.1,1241.2,300486.7,300486.7,4.7,1982.9,1720.3,3.68,90.58,0.09,145.72,0.0,0.0,0.0,0.0,305916.8,299646.9,902781.8,0.0035,0.131,2867.9,0.02735,-8.25232,0.26,0,-1.0,-1.0,-1.0,-1.0,-1.0,0.0,0.0,0.0,0.0
1791664219.0,3415346.6,1241.7,300489.2,300489.2,4.7,1982.9,1720.3,3.78,90.61,0.09,145.66,0.0,0.0,0.0,0.0,305916.8,299646.9,902781.8,0.0035,0.131,2867.9,0.0275,-8.1954,0.26,0,-1.0,-1.0,-1.0,-1.0,-1.0,0.0,0.0,0.0,0.0
1791664219.51,3415347.1,1242.2,300491.5,300491.5,4.7,1982.9,1720.3,3.89,90.63,0.09,145.6,0.0,0.0,0.0,0.0,305916.8,299646.9,902781.8,0.0035,0.131,2867.9,0.02764,-8.14067,0.26,0,-1.0,-1.0,-1.0,-1.0,-1.0,0.0,0.0,0.0,0.0
1791664220.01,3415347.6,1242.7,300493.9,300493.9,4.7,1982.9,1720.3,3.99,90.65,0.09,145.53,0.0,0.0,0.0,0.0,305916.8,299646.9,902781.8,0.0035,0.131,2867.9,0.02778,-8.08594,0.26,0,-1.0,-1.0,-1.0,-1.0,-1.0,0.0,0.0,0.0,0.0
1791664220.51,3415348.1,1243.2,300496.2,300496.2,4.7,1982.9,1720.3,4.09,90.67,0.09,145.47,0.0,0.0,0.0,0.0,305916.8,299646.9,902781.8,0.0035,0.131,2867.9,0.02792,-8.03121,0.26,0,-1.0,-1.0,-1.0,-1.0,-1.0,0.0,0.0,0.0,0.0
1791664221.01,3415348.6,1243.7,300498.6,300498.6,4.7,1982.9,1720.3,4.19,90.69,0.09,145.41,0.0,0.0,0.0,0.0,305916.8,299646.9,902781.8,0.0035,0.131,2867.9,0.02806,-7.97649,0.26,0,-1.0,-1.0,-1.0,-1.0,-1.0,0.0,0.0,0.0,0.0
1791664221.52,3415349.1,1244.2,300500.9,300500.9,4.7,1982.9,1720.3,4.29,90.71,0.1,145.35,0.0,0.0,0.0,0.0,305916.8,299646.9,902781.8,0.0035,0.131,2867.9,0.0282,-7.92176,0.26,0,-1.0,-1.0,-1.0,-1.0,-1.0,0.0,0.0,0.0,0.0
1791664222.02,3415349.6,1244.7,300503.2,300503.2,4.7,1982.9,1720.3,4.39,90.73,0.1,145.28,0.0,0.0,0.0,0.0,305916.8,299646.9,902781.8,0.0035,0.131,2867.9,0.02834,-7.86922,0.26,0,-1.0,-1.0,-1.0,-1.0,-1.0,0.0,0.0,0.0,0.0
1791664222.52,3415350.1,1245.2,300505.7,300505.7,4.7,1982.8,1720.3,4.5,90.75,0.1,145.22,0.0,0.0,0.0,0.0,305916.8,299646.9,902781.8,0.0035,0.131,2867.9,0.02848,-7.81264,0.26,0,-1.0,-1.0,-1.0,-1.0,-1.0,0.0,0.0,0.0,0.0
1791664223.02,3415350.6,1245.7,300508.0,300508.0,4.7,1982.8,1720.3,4.6,90.77,0.1,145.16,0.0,0.0,0.0,0.0,305916.8,299646.9,902781.8,0.0035,0.131,2867.9,0.02862,-7.7601,0.26,0,-1.0,-1.0,-1.0,-1.0,-1.0,0.0,0.0,0.0,0.0
1791664223.53,3415351.1,1246.2,300510.4,300510.4,4.7,1982.8,1720.3,4.7,90.8,0.1,145.09,0.0,0.0,0.0,0.0,305916.8,299646.9,902781.8,0.0035,0.131,2867.9,0.02876,-7.70285,0.26,0,-1.0,-1.0,-1.0,-1.0,-1.0,0.0,0.0,0.0,0.0
1791664224.03,3415351.6,1246.7,300512.8,300512.8,4.8,1982.8,1720.3,4.8,90.82,0.1,145.03,0.0,0.0,0.0,0.0,305916.8,299646.9,902781.8,0.0035,0.131,2867.9,0.0289,-7.64812,0.26,0,-1.0,-1.0,-1.0,-1.0,-1.0,0.0,0.0,0.0,0.0
1791664224.53,3415352.1,1247.2,300515.3,300515.3,4.8,1982.8,1720.3,4.91,90.84,0.1,144.96,0.0,0.0,0.0,0.0,305916.8,299646.9,902781.8,0.0035,0.131,2867.9,0.02905,-7.59121,0.26,0,-1.0,-1.0,-1.0,-1.0,-1.0,0.0,0.0,0.0,0.0
1791664225.03,3415352.6,1247.7,300517.6,300517.7,4.8,1982.8,1720.3,5.01,90.86,0.1,144.9,0.0,0.0,0.0,0.0,305916.8,299646.9,902781.8,0.0035,0.131,2867.9,0.02919,-7.53648,0.26,0,-1.0,-1.0,-1.0,-1.0,-1.0,0.0,0.0,0.0,0.0
1791664225.54,3415353.1,1248.2,300520.0,300520.0,4.8,1982.8,1720.3,5.11,90.88,0.1,144.84,0.0,0.0,0.0,0.0,305916.8,299646.9,902781.8,0.0035,0.131,2867.9,0.02933,-7.48176,0.26,0,-1.0,-1.0,-1.0,-1.0,-1.0,0.0,0.0,0.0,0.0
1791664226.04,3415353.6,1248.7,300522.4,300522.4,4.8,1982.8,1720.2,5.22,90.9,0.1,144.78,0.0,0.0,0.0,0.0,305916.8,299646.9,902781.8,0.0035,0.131,2867.9,0.02947,-7.42703,0.26,0,-1.0,-1.0,-1.0,-1.0,-1.0,0.0,0.0,0.0,0.0
1791664226.54,3415353.9,1249.2,300523.8,300523.8,4.8,1982.8,1720.2,5.28,90.91,0.1,144.74,0.0,0.0,0.0,0.0,305916.8,299646.9,902781.8,0.0035,0.131,2867.9,0.02955,-7.39638,0.26,0,-1.0,-1.0,-1.0,-1.0,-1.0,0.0,0.0,0.0,0.0
1791664227.04,3415354.4,1249.7,300526.1,300526.1,4.8,1982.8,1720.2,5.37,90.93,0.1,144.67,0.0,0.0,0.0,0.0,305916.8,299646.9,902781.8,0.0035,0.131,2867.9,0.02969,-7.34166,0.26,0,-1.0,-1.0,-1.0,-1.0,-1.0,0.0,0.0,0.0,0.0
1791664227.55,3415354.9,1250.2,300528.5,300528.5,4.8,1982.8,1720.2,5.48,90.96,0.1,144.61,0.0,0.0,0.0,0.0,305916.8,299646.9,902781.8,0.0035,0.131,2867.9,0.02983,-7.28694,0.26,0,-1.0,-1.0,-1.0,-1.0,-1.0,0.0,0.0,0.0,0.0
1791664228.05,3415355.4,1250.7,300530.9,300530.9,4.8,1982.8,1720.2,5.58,90.98,0.1,144.55,0.0,0.0,0.0,0.0,305916.8,299646.9,902781.8,0.0035,0.131,2867.9,0.02997,-7.23221,0.26,0,-1.0,-1.0,-1.0,-1.0,-1.0,0.0,0.0,0.0,0.0
1791664228.55,3415355.9,1251.2,300533.4,300533.4,4.8,1982.8,1720.2,5.68,91.0,0.1,144.49,0.0,0.0,0.0,0.0,305916.8,299646.9,902781.8,0.0035,0.131,2867.9,0.03011,-7.1753,0.26,0,-1.0,-1.0,-1.0,-1.0,-1.0,0.0,0.0,0.0,0.0
1791664229.05,3415356.4,1251.7,300535.8,300535.8,4.8,1982.8,1720.2,5.79,91.02,0.1,144.42,0.0,0.0,0.0,0.0,305916.8,299646.9,902781.8,0.0035,0.131,2867.9,0.03025,-7.12058,0.26,0,-1.0,-1.0,-1.0,-1.0,-1.0,0.0,0.0,0.0,0.0
1791664229.56,3415356.9,1252.2,300538.2,300538.2,4.8,1982.8,1720.2,5.89,91.04,0.1,144.36,0.0,0.0,0.0,0.0,305916.8,299646.9,902781.8,0.0035,0.131,2867.9,0.03039,-7.06585,0.26,0,-1.0,-1.0,-1.0,-1.0,-1.0,0.0,0.0,0.0,0.0
1791664230.06,3415357.4,1252.7,300540.6,300540.6,4.8,1982.8,1720.2,5.99,91.06,0.1,144.3,0.0,0.0,0.0,0.0,305916.8,299646.9,902781.8,0.0035,0.131,2867.9,0.03053,-7.01113,0.26,0,-1.0,-1.0,-1.0,-1.0,-1.0,0.0,0.0,0.0,0.0
1791664230.56,3415357.9,1253.2,300543.0,300543.0,4.8,1982.8,1720.2,6.09,91.08,0.1,144.23,0.0,0.0,0.0,0.0,305916.8,299646.9,902781.8,0.0035,0.131,2867.9,0.03067,-6.95641,0.26,0,-1.0,-1.0,-1.0,-1.0,-1.0,0.0,0.0,0.0,0.0
1791664231.06,3415358.4,1253.7,300545.5,300545.4,4.8,1982.8,1720.2,6.19,91.1,0.1,144.17,0.0,0.0,0.0,0.0,305916.8,299646.9,902781.8,0.0035,0.131,2867.9,0.03081,-6.90169,0.26,0,-1.0,-1.0,-1.0,-1.0,-1.0,0.0,0.0,0.0,0.0
1791664231.56,3415358.9,1254.2,300547.9,300547.9,4.8,1982.8,1720.2,6.3,91.12,0.1,144.11,0.0,0.0,0.0,0.0,305916.8,299646.9,902781.8,0.0035,0.131,2867.9,0.03095,-6.84696,0.26,0,-1.0,-1.0,-1.0,-1.0,-1.0,0.0,0.0,0.0,0.0
1791664232.06,3415359.5,1254.7,300550.3,300550.3,4.8,1982.7,1720.2,6.4,91.15,0.1,144.04,0.0,0.0,0.0,0.0,305916.8,299646.9,902781.8,0.0035,0.131,2867.9,0.03109,-6.79224,0.26,0,-1.0,-1.0,-1.0,-1.0,-1.0,0.0,0.0,0.0,0.0
1791664232.57,3415360.0,1255.2,300552.7,300552.7,4.8,1982.7,1720.2,6.5,91.17,0.1,143.98,0.0,0.0,0.0,0.0,305916.8,299646.9,902781.8,0.0035,0.131,2867.9,0.03123,-6.73752,0.26,0,-1.0,-1.0,-1.0,-1.0,-1.0,0.0,0.0,0.0,0.0
1791664233.07,3415360.4,1255.7,300555.1,300555.1,4.8,1982.7,1720.2,6.6,91.19,0.1,143.92,0.0,0.0,0.0,0.0,305916.8,299646.9,902781.8,0.0035,0.131,2867.9,0.03137,-6.6828,0.26,0,-1.0,-1.0,-1.0,-1.0,-1.0,0.0,0.0,0.0,0.0
1791664233.57,3415361.0,1256.2,300557.6,300557.7,4.9,1982.7,1720.2,6.71,91.21,0.1,143.85,0.0,0.0,0.0,0.0,305916.8,299646.9,902781.8,0.0035,0.131,2867.9,0.03152,-6.62589,0.26,0,-1.0,-1.0,-1.0,-1.0,-1.0,0.0,0.0,0.0,0.0
1791664234.07,3415361.5,1256.7,300560.1,300560.1,4.9,1982.7,1720.2,6.81,91.23,0.1,143.79,0.0,0.0,0.0,0.0,305916.8,299646.9,902781.8,0.0035,0.131,2867.9,0.03166,-6.57117,0.26,0,-1.0,-1.0,-1.0,-1.0,-1.0,0.0,0.0,0.0,0.0
1791664234.58,3415362.0,1257.2,300562.5,300562.5,4.9,1982.7,1720.1,6.91,91.25,0.1,143.73,0.0,0.0,0.0,0.0,305916.8,299646.9,902781.8,0.0035,0.131,2867.9,0.0318,-6.51645,0.26,0,-1.0,-1.0,-1.0,-1.0,-1.0,0.0,0.0,0.0,0.0
1791664235.08,3415362.5,1257.8,300564.9,300564.9,4.9,1982.7,1720.1,7.01,91.27,0.1,143.66,0.0,0.0,0.0,0.0,305916.8,299646.9,902781.8,0.0035,0.131,2867.9,0.03194,-6.46173,0.26,0,-1.0,-1.0,-1.0,-1.0,-1.0,0.0,0.0,0.0,0.0
1791664235.58,3415363.0,1258.3,300567.4,300567.4,4.9,1982.7,1720.1,7.12,91.3,0.1,143.6,0.0,0.0,0.0,0.0,305916.8,299646.9,902781.8,0.0035,0.131,2867.9,0.03208,-6.40702,0.26,0,-1.0,-1.0,-1.0,-1.0,-1.0,0.0,0.0,0.0,0.0
1791664236.08,3415363.5,1258.8,300569.8,300569.8,4.9,1982.7,1720.1,7.22,91.32,0.1,143.53,0.0,0.0,0.0,0.0,305916.8,299646.9,902781.8,0.0035,0.131,2867.9,0.03222,-6.3523,0.26,0,-1.0,-1.0,-1.0,-1.0,-1.0,0.0,0.0,0.0,0.0
1791664236.58,3415364.0,1259.3,300572.3,300572.3,4.9,1982.7,1720.1,7.32,91.34,0.1,143.47,0.0,0.0,0.0,0.0,305916.8,299646.9,902781.8,0.0035,0.131,2867.9,0.03236,-6.29758,0.26,0,-1.0,-1.0,-1.0,-1.0,-1.0,0.0,0.0,0.0,0.0
1791664237.09,3415364.5,1259.8,300574.7,300574.7,4.9,1982.7,1720.1,7.42,91.36,0.09,143.41,0.0,0.0,0.0,0.0,305916.8,299646.9,902781.8,0.0035,0.131,2867.9,0.0325,-6.24286,0.26,0,-1.0,-1.0,-1.0,-1.0,-1.0,0.0,0.0,0.0,0.0
1791664237.59,3415365.0,1260.3,300577.2,300577.3,4.9,1982.7,1720.1,7.53,91.38,0.09,143.35,0.0,0.0,0.0,0.0,305916.8,299646.9,902781.8,0.0035,0.131,2867.9,0.03264,-6.18595,0.26,0,-1.0,-1.0,-1.0,-1.0,-1.0,0.0,0.0,0.0,0.0
1791664238.09,3415365.5,1260.8,300579.7,300579.7,4.9,1982.7,1720.1,7.63,91.4,0.09,143.28,0.0,0.0,0.0,0.0,305916.8,299646.9,902781.8,0.0035,0.131,2867.9,0.03278,-6.13124,0.26,0,-1.0,-1.0,-1.0,-1.0,-1.0,0.0,0.0,0.0,0.0
1791664238.59,3415366.0,1261.3,300582.1,300582.1,4.9,1982.7,1720.1,7.73,91.42,0.09,143.22,0.0,0.0,0.0,0.0,305916.8,299646.9,902781.8,0.0035,0.131,2867.9,0.03292,-6.07652,0.26,0,-1.0,-1.0,-1.0,-1.0,-1.0,0.0,0.0,0.0,0.0
1791664239.09,3415366.5,1261.8,300584.6,300584.6,4.9,1982.7,1720.1,7.83,91.44,0.09,143.16,0.0,0.0,0.0,0.0,305916.8,299646.9,902781.8,0.0035,0.131,2867.9,0.03306,-6.0218,0.26,0,-1.0,-1.0,-1.0,-1.0,-1.0,0.0,0.0,0.0,0.0
1791664239.6,3415367.0,1262.3,300587.0,300587.1,4.9,1982.7,1720.1,7.94,91.47,0.09,143.09,0.0,0.0,0.0,0.0,305916.8,299646.9,902781.8,0.0035,0.131,2867.9,0.0332,-5.96709,0.26,0,-1.0,-1.0,-1.0,-1.0,-1.0,0.0,0.0,0.0,0.0
1791664240.1,3415367.5,1262.8,300589.5,300589.5,4.9,1982.7,1720.1,8.04,91.49,0.09,143.03,0.0,0.0,0.0,0.0,305916.8,299646.9,902781.8,0.0035,0.131,2867.9,0.03334,-5.91237,0.26,0,-1.0,-1.0,-1.0,-1.0,-1.0,0.0,0.0,0.0,0.0
1791664240.6,3415368.0,1263.3,300592.0,300592.0,4.9,1982.7,1720.1,8.14,91.51,0.09,142.97,0.0,0.0,0.0,0.0,305916.8,299646.9,902781.8,0.0035,0.131,2867.9,0.03348,-5.85766,0.26,0,-1.0,-1.0,-1.0,-1.0,-1.0,0.0,0.0,0.0,0.0
1791664241.11,3415368.5,1263.8,300594.4,300594.4,4.9,1982.7,1720.1,8.24,91.53,0.08,142.9,0.0,0.0,0.0,0.0,305916.8,299646.9,902781.8,0.0035,0.131,2867.9,0.03361,-5.80294,0.26,0,-1.0,-1.0,-1.0,-1.0,-1.0,0.0,0.0,0.0,0.0
1791664241.61,3415369.0,1264.3,300596.9,300596.9,4.9,1982.6,1720.1,8.34,91.55,0.08,142.84,0.0,0.0,0.0,0.0,305916.8,299646.9,902781.8,0.0035,0.131,2867.9,0.03375,-5.74823,0.26,0,-1.0,-1.0,-1.0,-1.0,-1.0,0.0,0.0,0.0,0.0
1791664242.11,3415369.5,1264.8,300599.4,300599.4,4.9,1982.6,1720.1,8.45,91.57,0.08,142.78,0.0,0.0,0.0,0.0,305916.8,299646.9,902781.8,0.0035,0.131,2867.9,0.03389,-5.69351,0.26,0,-1.0,-1.0,-1.0,-1.0,-1.0,0.0,0.0,0.0,0.0
1791664242.61,3415370.0,1265.3,300601.8,300601.8,4.9,1982.6,1720.0,8.55,91.59,0.08,142.71,0.0,0.0,0.0,0.0,305916.8,299646.9,902781.8,0.0035,0.131,2867.9,0.03403,-5.6388,0.26,0,-1.0,-1.0,-1.0,-1.0,-1.0,0.0,0.0,0.0,0.0
1791664243.11,3415370.1,1265.8,300602.5,300602.5,4.9,1982.6,1720.0,8.58,91.6,0.08,142.7,0.0,0.0,0.0,0.0,305916.8,299646.9,902781.8,0.0035,0.131,2867.9,0.03407,-5.62348,0.26,0,-1.0,-1.0,-1.0,-1.0,-1.0,0.0,0.0,0.0,0.0
1791664243.62,3415370.1,1266.3,300602.5,300602.5,4.9,1982.6,1720.0,8.58,91.6,0.08,142.7,0.0,0.0,0.0,0.0,305916.8,299646.9,902781.8,0.0035,0.131,2867.9,0.03407,-5.62348,0.26,0,-1.0,-1.0,-1.0,-1.0,-1.0,0.0,0.0,0.0,0.0
1791664244.12,3415370.2,1266.8,300602.7,300602.8,4.9,1982.6,1720.0,8.58,91.6,0.08,142.69,0.0,0.0,0.0,0.0,305916.8,299646.9,902781.8,0.0035,0.131,2867.9,0.03408,-5.6191,0.26,0,-1.0,-1.0,-1.0,-1.0,-1.0,0.0,0.0,0.0,0.0
1791664244.62,3415370.2,1267.3,300602.7,300602.8,4.9,1982.6,1720.0,8.58,91.6,0.08,142.69,0.0,0.0,0.0,0.0,305916.8,299646.9,902781.8,0.0035,0.131,2867.9,0.03408,-5.6191,0.26,0,-1.0,-1.0,-1.0,-1.0,-1.0,0.0,0.0,0.0,0.0
1791664245.12,3415370.2,1267.8,300602.9,300602.9,5.0,1982.6,1720.0,8.59,91.6,0.08,142.69,0.0,0.0,0.0,0.0,305916.8,299646.9,902781.8,0.0035,0.131,2867.9,0.03409,-5.61472,0.26,0,-1.0,-1.0,-1.0,-1.0,-1.0,0.0,0.0,0.0,0.0
1791664245.62,3415370.2,1268.3,300602.9,300602.9,5.0,1982.6,1720.0,8.59,91.6,0.08,142.69,0.0,0.0,0.0,0.0,305916.8,299646.9,902781.8,0.0035,0.131,2867.9,0.03409,-5.61472,0.26,0,-1.0,-1.0,-1.0,-1.0,-1.0,0.0,0.0,0.0,0.0
1791664246.12,3415370.2,1268.8,300603.1,300603.1,5.0,1982.6,1720.0,8.6,91.61,0.08,142.68,0.0,0.0,0.0,0.0,305916.8,299646.9,902781.8,0.0035,0.131,2867.9,0.0341,-5.61035,0.26,0,-1.0,-1.0,-1.0,-1.0,-1.0,0.0,0.0,0.0,0.0
1791664246.63,3415370.2,1269.3,300603.1,300603.1,5.0,1982.6,1720.0,8.6,91.61,0.08,142.68,0.0,0.0,0.0,0.0,305916.8,299646.9,902781.8,0.0035,0.131,2867.9,0.0341,-5.61035,0.26,0,-1.0,-1.0,-1.0,-1.0,-1.0,0.0,0.0,0.0,0.0
