timestamp,UT,MET,altitude,radar_alt,vert_speed,orbital_vel,surface_vel,apoapsis,periapsis,g_force,dynamic_pressure,throttle,stage
1791060975.39,1193389.4,0.0,79.0,6.5,0.0,0.0,0.0,-600000.0,-600000.0,0.0,0.0,0.0,0
1791060975.89,1193389.4,0.5,79.0,6.5,0.0,0.0,0.0,-600000.0,-600000.0,0.0,0.0,0.0,0
1791060976.39,1193389.4,1.0,79.0,6.5,0.0,0.0,0.0,-600000.0,-600000.0,0.0,0.0,0.0,0
1791060976.89,1193389.4,1.5,79.0,6.5,0.0,175.0,0.0,79.0,-598435.2,0.0,0.0,0.0,0
1791060977.39,1193389.5,2.0,79.0,6.5,0.0,175.0,0.0,75.2,-598435.3,0.0,0.0,0.0,0
1791060977.9,1193389.5,2.5,79.0,6.5,0.0,175.0,0.0,75.2,-598435.3,0.0,0.0,0.0,0
1791060978.4,1193389.5,3.0,79.0,6.5,0.0,175.0,0.0,75.2,-598435.3,0.0,0.0,0.0,0
1791060978.9,1193389.5,3.5,79.0,6.5,0.0,175.0,0.0,75.2,-598435.3,0.0,0.0,0.0,0
1791060979.4,1193389.5,4.0,79.0,6.5,-0.0,175.0,0.0,75.2,-598435.3,0.0,0.0,0.0,0
1791060979.9,1193389.5,4.5,79.0,6.5,-0.0,175.0,0.0,75.2,-598435.3,0.0,0.0,0.0,0
1791060980.4,1193389.6,5.0,79.0,6.5,-0.0,175.0,0.0,75.2,-598435.3,0.0,0.0,0.0,0
1791060980.9,1193389.6,5.5,79.0,6.5,-0.0,175.0,0.0,75.2,-598435.3,0.0,0.0,0.0,0
1791060981.4,1193389.9,6.0,79.0,6.5,-0.0,175.0,0.0,75.2,-598435.3,0.0,0.0,0.0,0
1791060981.91,1193390.4,6.5,79.0,6.5,-0.0,175.0,0.0,75.2,-598435.3,0.0,0.0,0.0,0
1791060982.41,1193390.9,7.0,79.0,6.5,0.0,175.0,0.0,75.2,-598435.3,0.0,0.0,0.0,0
1791060982.91,1193391.1,7.5,79.0,6.5,-0.1,175.0,0.1,75.1,-598435.3,0.0,0.01,0.0,0
1791060983.41,1193391.1,8.0,79.0,6.5,-0.1,175.0,0.1,75.1,-598435.3,0.0,0.01,0.0,0
1791060983.91,1193391.1,8.5,79.0,6.5,-0.0,175.0,0.0,75.1,-598435.3,0.0,0.0,0.0,0
1791060984.41,1193391.1,9.0,79.0,6.5,-0.0,175.0,0.0,75.1,-598435.3,0.0,0.0,0.0,0
1791060984.91,1193391.1,9.5,79.0,6.5,0.0,175.0,0.0,75.1,-598435.3,0.0,0.0,0.0,0
1791060985.42,1193391.1,10.0,79.0,6.5,0.0,175.0,0.0,75.1,-598435.3,0.0,0.0,0.0,0
1791060985.92,1193391.2,10.5,79.0,6.5,0.0,175.0,0.0,75.1,-598435.3,0.0,0.0,0.0,0
1791060986.42,1193391.6,11.0,79.0,6.5,0.0,175.0,0.0,75.1,-598435.3,1.0,0.0,0.0,0
1791060986.92,1193392.1,11.5,79.0,6.5,0.0,175.0,0.0,75.1,-598435.3,0.99,0.0,0.0,0
1791060987.42,1193392.6,12.0,79.0,6.5,0.0,175.0,0.0,75.1,-598435.3,0.99,0.0,0.0,0
1791060987.92,1193393.1,12.5,79.0,6.5,0.0,175.0,0.0,75.1,-598435.3,0.99,0.0,0.0,0
1791060988.42,1193393.6,13.0,79.0,6.5,0.0,175.0,0.0,75.1,-598435.3,0.99,0.0,0.0,0
1791060988.93,1193394.1,13.5,79.0,6.5,0.0,175.0,0.0,75.1,-598435.3,0.99,0.0,0.0,0
1791060989.43,1193394.6,14.0,79.0,6.5,0.0,175.0,0.0,75.1,-598435.3,1.0,0.0,1.0,0
1791060989.93,1193395.1,14.5,79.0,6.5,0.0,175.0,0.0,75.1,-598435.3,0.99,0.0,1.0,0
1791060990.43,1193395.4,15.0,79.0,6.5,0.0,175.0,0.0,75.1,-598435.3,0.99,0.0,1.0,0
1791060990.93,1193395.4,15.5,79.0,6.5,0.0,175.0,0.0,75.1,-598435.3,0.99,0.0,1.0,0
1791060991.43,1193395.4,16.0,79.0,6.5,0.0,175.0,0.0,75.1,-598435.3,0.99,0.0,1.0,0
1791060991.93,1193395.4,16.5,79.0,6.5,0.0,175.0,0.0,75.1,-598435.3,0.99,0.0,1.0,0
1791060992.43,1193395.5,17.0,79.0,6.5,0.0,175.0,0.0,75.1,-598435.3,0.99,0.0,1.0,0
1791060992.94,1193395.5,17.5,79.0,6.5,0.0,175.0,0.0,75.1,-598435.3,0.99,0.0,1.0,0
1791060993.44,1193395.5,18.0,79.0,6.5,0.0,175.0,0.0,75.1,-598435.3,0.99,0.0,1.0,0
1791060993.94,1193395.5,18.5,79.0,6.5,0.0,175.0,0.0,75.1,-598435.3,0.99,0.0,1.0,0
1791060994.44,1193395.6,19.1,79.0,6.5,0.0,175.0,0.0,75.1,-598435.3,0.99,0.0,1.0,0
1791060994.94,1193395.6,19.6,79.0,6.5,0.0,175.0,0.0,75.1,-598435.3,0.99,0.0,1.0,0
1791060995.44,1193395.6,20.1,79.0,6.5,0.0,175.0,0.0,75.1,-598435.3,0.99,0.0,1.0,0
1791060995.94,1193395.6,20.6,79.0,6.5,0.0,175.0,0.0,75.1,-598435.3,0.99,0.0,1.0,0
1791060996.44,1193395.6,21.1,79.0,6.5,0.0,175.0,0.0,75.1,-598435.3,0.99,0.0,1.0,0
1791060996.95,1193395.6,21.6,79.0,6.5,0.0,175.0,0.0,75.1,-598435.3,0.99,0.0,1.0,0
1791060997.45,1193395.7,22.1,79.0,6.5,0.0,175.0,0.0,75.1,-598435.3,0.99,0.0,1.0,0
1791060997.95,1193395.7,22.6,79.0,6.5,0.0,175.0,0.0,75.1,-598435.3,0.99,0.0,1.0,0
1791060998.45,1193395.7,23.1,79.0,6.5,0.0,175.0,0.0,75.1,-598435.3,0.99,0.0,1.0,0
1791060998.95,1193395.7,23.6,79.0,6.5,0.0,175.0,0.0,75.1,-598435.3,0.99,0.0,1.0,0
1791060999.45,1193395.8,24.1,79.0,6.5,0.0,175.0,0.0,75.1,-598435.3,0.99,0.0,1.0,0
1791060999.95,1193395.8,24.6,79.0,6.5,0.0,175.0,0.0,75.1,-598435.3,0.99,0.0,1.0,0
1791061000.46,1193395.8,25.1,79.0,6.5,0.0,175.0,0.0,75.1,-598435.3,0.99,0.0,1.0,0
1791061000.96,1193395.8,25.6,79.0,6.5,0.0,175.0,0.0,75.1,-598435.3,0.99,0.0,1.0,0
1791061001.46,1193395.8,26.1,79.0,6.5,0.0,175.0,0.0,75.1,-598435.3,0.99,0.0,1.0,0
1791061001.96,1193395.8,26.6,79.0,6.5,0.0,175.0,0.0,75.1,-598435.3,0.99,0.0,1.0,0
1791061002.46,1193396.2,27.1,79.0,6.5,0.0,175.0,0.0,75.1,-598435.3,0.99,0.0,1.0,0
1791061002.96,1193396.7,27.6,79.0,6.5,0.0,175.0,0.0,75.1,-598435.3,0.99,0.0,1.0,0
1791061003.46,1193397.2,28.1,79.0,6.5,0.0,175.0,0.0,75.1,-598435.3,0.99,0.0,1.0,0
1791061003.96,1193397.7,28.6,79.0,6.5,0.0,175.0,0.0,75.1,-598435.3,0.99,0.0,1.0,0
1791061004.47,1193398.2,29.1,79.0,6.5,0.0,175.0,0.0,75.1,-598435.3,0.99,0.0,1.0,0
1791061004.97,1193398.7,29.6,79.0,6.5,0.0,175.0,0.0,75.1,-598435.3,0.99,0.0,1.0,0
1791061005.47,1193399.2,30.1,79.0,6.5,0.0,175.0,0.0,75.1,-598435.3,0.99,0.0,1.0,0
1791061005.97,1193399.7,30.6,79.0,6.5,0.0,175.0,0.0,75.1,-598435.3,0.99,0.0,1.0,0
1791061006.47,1193400.2,31.1,79.0,6.5,0.0,175.0,0.0,75.1,-598435.3,0.99,0.0,1.0,0
1791061006.97,1193400.7,31.6,79.0,6.5,0.0,175.0,0.0,75.1,-598435.3,0.99,0.0,1.0,0
1791061007.47,1193401.2,32.1,79.0,6.5,0.0,175.0,0.0,75.1,-598435.3,0.99,0.0,1.0,0
1791061007.97,1193401.7,32.6,79.0,6.5,0.0,175.0,0.0,75.1,-598435.3,0.99,0.0,1.0,0
1791061008.48,1193402.2,33.1,79.0,6.5,0.0,175.0,0.0,75.1,-598435.3,0.99,0.0,1.0,0
1791061008.98,1193402.7,33.6,79.0,6.5,0.0,175.0,0.0,75.1,-598435.3,0.99,0.0,1.0,0
1791061009.48,1193403.2,34.1,79.0,6.5,0.0,175.0,0.0,75.1,-598435.3,0.99,0.0,1.0,0
1791061009.98,1193403.7,34.6,79.0,6.5,-0.0,175.0,0.0,75.1,-598435.3,0.99,0.0,1.0,0
1791061010.48,1193404.2,35.1,79.0,6.5,0.0,175.0,0.0,75.1,-598435.3,0.99,0.0,1.0,0
1791061010.98,1193404.7,35.6,79.0,6.5,0.0,175.0,0.0,75.1,-598435.3,0.99,0.0,1.0,0
1791061011.48,1193405.2,36.1,79.0,6.5,0.0,175.0,0.0,75.1,-598435.3,0.99,0.0,1.0,0
1791061011.99,1193405.7,36.6,79.0,6.5,0.0,175.0,0.0,75.1,-598435.3,0.99,0.0,1.0,0
1791061012.49,1193406.2,37.1,79.0,6.5,0.0,175.0,0.0,75.1,-598435.3,0.99,0.0,1.0,0
1791061012.99,1193406.7,37.6,79.0,6.5,-0.0,175.0,0.0,75.1,-598435.3,0.99,0.0,1.0,0
1791061013.49,1193407.2,38.1,79.0,6.5,0.0,175.0,0.0,75.1,-598435.3,0.99,0.0,1.0,0
1791061013.99,1193407.7,38.6,79.0,6.5,0.0,175.0,0.0,75.1,-598435.3,0.99,0.0,1.0,0
1791061014.49,1193408.2,39.1,79.0,6.5,-0.0,175.0,0.0,75.1,-598435.3,0.99,0.0,1.0,0
1791061014.99,1193408.7,39.6,79.0,6.5,0.0,175.0,0.0,75.1,-598435.3,0.99,0.0,1.0,0
1791061015.49,1193409.2,40.1,79.0,6.5,0.0,175.0,0.0,75.1,-598435.3,0.99,0.0,1.0,0
1791061016.0,1193409.7,40.6,79.0,6.5,0.0,175.0,0.0,75.1,-598435.3,0.99,0.0,1.0,0
1791061016.5,1193410.2,41.1,79.0,6.5,0.0,175.0,0.0,75.1,-598435.3,1.0,0.0,1.0,0
1791061017.0,1193410.7,41.6,79.0,6.5,0.0,175.0,0.0,75.1,-598435.3,0.99,0.0,1.0,0
1791061017.5,1193411.2,42.1,79.0,6.5,0.0,175.0,0.0,75.1,-598435.3,1.0,0.0,1.0,0
1791061018.0,1193411.7,42.6,79.0,6.5,0.0,175.0,0.0,75.1,-598435.3,1.0,0.0,1.0,0
1791061018.5,1193412.2,43.1,79.0,6.5,0.0,175.0,0.0,75.1,-598435.3,0.99,0.0,1.0,0
1791061019.0,1193412.7,43.6,79.0,6.5,0.0,175.0,0.0,75.1,-598435.3,1.0,0.0,1.0,0
1791061019.5,1193413.2,44.1,79.0,6.5,0.0,175.0,0.0,75.1,-598435.3,1.0,0.0,1.0,0
1791061020.01,1193413.7,44.6,79.0,6.5,0.0,175.0,0.0,75.1,-598435.3,0.99,0.0,1.0,0
1791061020.51,1193414.2,45.1,79.0,6.5,0.0,175.0,0.0,75.1,-598435.3,0.99,0.0,1.0,0
1791061021.01,1193414.7,45.6,79.0,6.5,0.0,175.0,0.0,75.1,-598435.3,1.0,0.0,1.0,0
1791061021.51,1193415.2,46.1,79.0,6.5,0.0,175.0,0.0,75.1,-598435.3,0.99,0.0,1.0,0
1791061022.01,1193415.7,46.6,79.0,6.5,0.0,175.0,0.0,75.1,-598435.3,0.99,0.0,1.0,0
1791061022.51,1193416.2,47.1,79.0,6.5,0.0,175.0,0.0,75.1,-598435.3,1.0,0.0,1.0,0
1791061023.01,1193416.7,47.6,79.0,6.5,0.0,175.0,0.0,75.1,-598435.3,0.99,0.0,1.0,0
1791061023.51,1193417.2,48.1,79.0,6.5,0.0,175.0,0.0,75.1,-598435.3,0.99,0.0,1.0,0
1791061024.02,1193417.7,48.6,79.0,6.5,0.0,175.0,0.0,75.1,-598435.3,0.99,0.0,1.0,0
1791061024.52,1193418.2,49.1,79.0,6.5,0.0,175.0,0.0,75.1,-598435.3,0.99,0.0,1.0,0
1791061025.02,1193418.7,49.6,79.0,6.5,0.0,175.0,0.0,75.1,-598435.3,0.99,0.0,1.0,0
1791061025.52,1193419.2,50.1,79.0,6.5,0.0,175.0,0.0,75.1,-598435.3,0.99,0.0,1.0,0
1791061026.02,1193419.7,50.6,79.0,6.5,0.0,175.0,0.0,75.1,-598435.3,0.99,0.0,1.0,0
1791061026.52,1193420.2,51.1,79.0,6.5,0.0,175.0,0.0,75.1,-598435.3,0.99,0.0,1.0,0
1791061027.02,1193420.7,51.6,79.0,6.5,0.0,175.0,0.0,75.1,-598435.3,0.99,0.0,1.0,0
1791061027.53,1193421.2,52.1,79.0,6.5,0.0,175.0,0.0,75.1,-598435.3,0.99,0.0,1.0,0
1791061028.03,1193421.7,52.6,79.0,6.5,0.0,175.0,0.0,75.1,-598435.3,0.99,0.0,1.0,0
1791061028.53,1193422.2,53.1,79.0,6.5,0.0,175.0,0.0,75.1,-598435.3,0.99,0.0,1.0,0
1791061029.03,1193422.7,53.6,79.0,6.5,0.0,175.0,0.0,75.1,-598435.3,0.99,0.0,1.0,0
1791061029.53,1193423.2,54.1,79.0,6.5,0.0,175.0,0.0,75.1,-598435.3,0.99,0.0,1.0,0
1791061030.03,1193423.7,54.6,79.0,6.5,0.0,175.0,0.0,75.1,-598435.3,0.99,0.0,1.0,0
1791061030.53,1193424.2,55.1,79.0,6.5,0.0,175.0,0.0,75.1,-598435.3,0.99,0.0,1.0,0
1791061031.03,1193424.7,55.6,79.0,6.5,0.0,175.0,0.0,75.1,-598435.3,0.99,0.0,1.0,0
1791061031.54,1193425.2,56.1,79.0,6.5,0.0,175.0,0.0,75.1,-598435.3,0.99,0.0,1.0,0
1791061032.04,1193425.7,56.6,79.0,6.5,0.0,175.0,0.0,75.1,-598435.3,0.99,0.0,1.0,0
1791061032.54,1193426.2,57.1,79.0,6.5,0.0,175.0,0.0,75.1,-598435.3,0.99,0.0,1.0,0
1791061033.04,1193426.7,57.7,79.0,6.5,0.0,175.0,0.0,75.1,-598435.3,0.99,0.0,1.0,0
1791061033.54,1193427.2,58.2,79.0,6.5,0.0,175.0,0.0,75.1,-598435.3,0.99,0.0,1.0,0
1791061034.04,1193427.7,58.7,79.0,6.5,0.0,175.0,0.0,75.1,-598435.3,0.99,0.0,1.0,0
1791061034.54,1193428.2,59.2,79.0,6.5,0.0,175.0,0.0,75.1,-598435.3,0.99,0.0,1.0,0
1791061035.05,1193428.7,59.7,79.0,6.5,0.0,175.0,0.0,75.1,-598435.3,0.99,0.0,1.0,0
1791061035.55,1193429.2,60.2,79.0,6.5,0.0,175.0,0.0,75.1,-598435.3,0.99,0.0,1.0,0
1791061036.05,1193429.7,60.7,79.0,6.5,0.0,175.0,0.0,75.1,-598435.3,0.99,0.0,1.0,0
1791061036.55,1193430.2,61.2,79.0,6.5,0.0,175.0,0.0,75.1,-598435.3,0.99,0.0,1.0,0
1791061037.05,1193430.7,61.7,79.0,6.5,0.0,175.0,0.0,75.1,-598435.3,0.99,0.0,1.0,0
1791061037.55,1193431.2,62.2,79.0,6.5,0.0,175.0,0.0,75.1,-598435.3,0.99,0.0,1.0,0
1791061038.05,1193431.7,62.7,79.0,6.5,0.0,175.0,0.0,75.1,-598435.3,0.99,0.0,1.0,0
1791061038.55,1193432.2,63.2,79.0,6.5,0.0,175.0,0.0,75.1,-598435.3,0.99,0.0,1.0,0
1791061039.06,1193432.7,63.7,79.0,6.5,0.0,175.0,0.0,75.1,-598435.3,1.0,0.0,1.0,0
1791061039.56,1193433.2,64.2,79.0,6.5,0.0,175.0,0.0,75.1,-598435.3,0.99,0.0,1.0,0
1791061040.06,1193433.7,64.7,79.0,6.5,0.0,175.0,0.0,75.1,-598435.3,0.99,0.0,1.0,0
1791061040.56,1193434.2,65.2,79.0,6.5,0.0,175.0,0.0,75.1,-598435.3,1.0,0.0,1.0,0
1791061041.06,1193434.7,65.7,79.0,6.5,0.0,175.0,0.0,75.1,-598435.3,0.99,0.0,1.0,0
1791061041.56,1193435.3,66.2,79.0,6.5,0.0,175.0,0.0,75.1,-598435.3,0.99,0.0,1.0,0
1791061042.06,1193435.8,66.7,79.0,6.5,0.0,175.0,0.0,75.1,-598435.3,1.0,0.0,1.0,0
1791061042.56,1193436.3,67.2,79.0,6.5,0.0,175.0,0.0,75.1,-598435.3,0.99,0.0,1.0,0
1791061043.07,1193436.8,67.7,79.0,6.5,0.0,175.0,0.0,75.1,-598435.3,0.99,0.0,1.0,0
1791061043.57,1193437.3,68.2,79.0,6.5,0.0,175.0,0.0,75.1,-598435.3,0.99,0.0,1.0,0
1791061044.07,1193437.8,68.7,79.0,6.5,0.0,175.0,0.0,75.1,-598435.3,0.99,0.0,1.0,0
1791061044.57,1193438.2,69.2,79.0,6.5,0.0,175.0,0.0,75.1,-598435.3,0.99,0.0,1.0,0
1791061045.07,1193438.7,69.7,79.0,6.5,0.0,175.0,0.0,75.1,-598435.3,0.99,0.0,1.0,0
1791061045.57,1193439.2,70.2,79.0,6.5,0.0,175.0,0.0,75.1,-598435.3,0.99,0.0,1.0,0
1791061046.07,1193439.7,70.7,79.0,6.5,0.0,175.0,0.0,75.1,-598435.3,0.99,0.0,1.0,0
1791061046.58,1193440.2,71.2,79.0,6.5,-0.0,175.0,0.0,75.1,-598435.3,0.99,0.0,1.0,0
1791061047.08,1193440.7,71.7,79.0,6.5,0.0,175.0,0.0,75.1,-598435.3,0.99,0.0,1.0,0
1791061047.58,1193441.3,72.2,79.0,6.5,0.0,175.0,0.0,75.1,-598435.3,0.99,0.0,1.0,0
1791061048.08,1193441.8,72.7,79.0,6.5,-0.0,175.0,0.0,75.1,-598435.3,0.99,0.0,1.0,0
1791061048.58,1193442.3,73.2,79.0,6.5,0.0,175.0,0.0,75.1,-598435.3,0.99,0.0,1.0,0
1791061049.08,1193442.8,73.7,79.0,6.5,0.0,175.0,0.0,75.1,-598435.3,0.99,0.0,1.0,0
1791061049.58,1193443.3,74.2,79.0,6.5,0.0,175.0,0.0,75.1,-598435.3,0.99,0.0,1.0,0
1791061050.08,1193443.8,74.7,79.0,6.5,0.0,175.0,0.0,75.1,-598435.3,0.99,0.0,1.0,0
1791061050.59,1193444.3,75.2,79.0,6.5,0.0,175.0,0.0,75.1,-598435.3,0.99,0.0,1.0,0
1791061051.09,1193444.8,75.7,79.0,6.5,-0.0,175.0,0.0,75.1,-598435.3,0.99,0.0,1.0,0
1791061051.59,1193445.3,76.2,79.0,6.5,0.0,175.0,0.0,75.1,-598435.3,0.99,0.0,1.0,0
1791061052.09,1193445.8,76.7,79.0,6.5,0.0,175.0,0.0,75.1,-598435.3,0.99,0.0,1.0,0
1791061052.59,1193446.3,77.2,79.0,6.5,0.0,175.0,0.0,75.1,-598435.3,0.99,0.0,1.0,0
1791061053.09,1193446.8,77.7,79.0,6.5,0.0,175.0,0.0,75.1,-598435.3,1.0,0.0,1.0,0
1791061053.59,1193447.3,78.2,79.0,6.5,0.0,175.0,0.0,75.1,-598435.3,0.99,0.0,1.0,0
1791061054.1,1193447.8,78.7,79.0,6.5,0.0,175.0,0.0,75.1,-598435.3,1.0,0.0,1.0,0
1791061054.6,1193448.3,79.2,79.0,6.5,0.0,175.0,0.0,75.1,-598435.3,1.0,0.0,1.0,0
1791061055.1,1193448.8,79.7,79.0,6.5,0.0,175.0,0.0,75.1,-598435.3,0.99,0.0,1.0,0
1791061055.6,1193449.3,80.2,79.0,6.5,0.0,175.0,0.0,75.1,-598435.3,1.0,0.0,1.0,0
1791061056.1,1193449.8,80.7,79.0,6.5,0.0,175.0,0.0,75.1,-598435.3,1.0,0.0,1.0,0
1791061056.6,1193450.3,81.2,79.0,6.5,0.0,175.0,0.0,75.1,-598435.3,0.99,0.0,1.0,0
1791061057.1,1193450.8,81.7,79.0,6.5,0.0,175.0,0.0,75.1,-598435.3,0.99,0.0,1.0,0
1791061057.6,1193451.3,82.2,79.0,6.5,0.0,175.0,0.0,75.1,-598435.3,1.0,0.0,1.0,0
1791061058.11,1193451.8,82.7,79.0,6.5,0.0,175.0,0.0,75.1,-598435.3,0.99,0.0,1.0,0
1791061058.61,1193452.3,83.2,79.0,6.5,0.0,175.0,0.0,75.1,-598435.3,0.99,0.0,1.0,0
1791061059.11,1193452.8,83.7,79.0,6.5,0.0,175.0,0.0,75.1,-598435.3,0.99,0.0,1.0,0
1791061059.61,1193453.3,84.2,79.0,6.5,0.0,175.0,0.0,75.1,-598435.3,0.99,0.0,1.0,0
1791061060.11,1193453.8,84.7,79.0,6.5,0.0,175.0,0.0,75.1,-598435.3,0.99,0.0,1.0,0
1791061060.61,1193454.3,85.2,79.0,6.5,0.0,175.0,0.0,75.1,-598435.3,0.99,0.0,1.0,0
1791061061.11,1193454.8,85.7,79.0,6.5,0.0,175.0,0.0,75.1,-598435.3,0.99,0.0,1.0,0
1791061061.62,1193455.3,86.2,79.0,6.5,0.0,175.0,0.0,75.1,-598435.3,0.99,0.0,1.0,0
1791061062.12,1193455.8,86.7,79.0,6.5,0.0,175.0,0.0,75.1,-598435.3,0.99,0.0,1.0,0
1791061062.62,1193456.3,87.2,79.0,6.5,0.0,175.0,0.0,75.1,-598435.3,0.99,0.0,1.0,0
1791061063.12,1193456.8,87.7,79.0,6.5,0.0,175.0,0.0,75.1,-598435.3,0.99,0.0,1.0,0
1791061063.62,1193457.3,88.2,79.0,6.5,0.0,175.0,0.0,75.1,-598435.3,0.99,0.0,1.0,0
1791061064.12,1193457.8,88.7,79.0,6.5,0.0,175.0,0.0,75.1,-598435.3,0.99,0.0,1.0,0
1791061064.62,1193458.3,89.2,79.0,6.5,0.0,175.0,0.0,75.1,-598435.3,0.99,0.0,1.0,0
1791061065.12,1193458.8,89.7,79.0,6.5,0.0,175.0,0.0,75.1,-598435.3,0.99,0.0,1.0,0
1791061065.63,1193459.3,90.2,79.0,6.5,0.0,175.0,0.0,75.1,-598435.3,0.99,0.0,1.0,0
1791061066.13,1193459.8,90.7,79.0,6.5,0.0,175.0,0.0,75.1,-598435.3,0.99,0.0,1.0,0
1791061066.63,1193460.3,91.2,79.0,6.5,0.0,175.0,0.0,75.1,-598435.3,0.99,0.0,1.0,0
1791061067.13,1193460.8,91.7,79.0,6.5,0.0,175.0,0.0,75.1,-598435.3,0.99,0.0,1.0,0
1791061067.63,1193461.3,92.2,79.0,6.5,0.0,175.0,0.0,75.1,-598435.3,0.99,0.0,1.0,0
1791061068.13,1193461.8,92.7,79.0,6.5,0.0,175.0,0.0,75.1,-598435.3,0.99,0.0,1.0,0
1791061068.63,1193462.3,93.2,79.0,6.5,0.0,175.0,0.0,75.1,-598435.3,0.99,0.0,1.0,0
1791061069.13,1193462.8,93.7,79.0,6.5,0.0,175.0,0.0,75.1,-598435.3,0.99,0.0,1.0,0
1791061069.64,1193463.3,94.2,79.0,6.5,0.0,175.0,0.0,75.1,-598435.3,0.99,0.0,1.0,0
1791061070.14,1193463.8,94.7,79.0,6.5,0.0,175.0,0.0,75.1,-598435.3,0.99,0.0,1.0,0
1791061070.64,1193464.3,95.2,79.0,6.5,0.0,175.0,0.0,75.1,-598435.3,0.99,0.0,1.0,0
1791061071.14,1193464.8,95.8,79.0,6.5,0.0,175.0,0.0,75.1,-598435.3,0.99,0.0,1.0,0
1791061071.64,1193465.3,96.3,79.0,6.5,0.0,175.0,0.0,75.1,-598435.3,0.99,0.0,1.0,0
1791061072.14,1193465.8,96.8,79.0,6.5,0.0,175.0,0.0,75.1,-598435.3,0.99,0.0,1.0,0
1791061072.64,1193466.3,97.3,79.0,6.5,0.0,175.0,0.0,75.1,-598435.3,0.99,0.0,1.0,0
1791061073.14,1193466.8,97.8,79.0,6.5,0.0,175.0,0.0,75.1,-598435.3,0.99,0.0,1.0,0
1791061073.65,1193467.3,98.3,79.0,6.5,0.0,175.0,0.0,75.1,-598435.3,0.99,0.0,1.0,0
1791061074.15,1193467.8,98.8,79.0,6.5,0.0,175.0,0.0,75.1,-598435.3,0.99,0.0,1.0,0
1791061074.65,1193468.3,99.3,79.0,6.5,0.0,175.0,0.0,75.1,-598435.3,0.99,0.0,1.0,0
1791061075.15,1193468.8,99.8,79.0,6.5,0.0,175.0,0.0,75.1,-598435.3,0.99,0.0,1.0,0
1791061075.65,1193469.3,100.3,79.0,6.5,0.0,175.0,0.0,75.1,-598435.3,1.0,0.0,1.0,0
1791061076.15,1193469.8,100.8,79.0,6.5,0.0,175.0,0.0,75.1,-598435.3,0.99,0.0,1.0,0
1791061076.65,1193470.3,101.3,79.0,6.5,0.0,175.0,0.0,75.1,-598435.3,0.99,0.0,1.0,0
1791061077.15,1193470.8,101.8,79.0,6.5,0.0,175.0,0.0,75.1,-598435.3,1.0,0.0,1.0,0
1791061077.66,1193471.3,102.3,79.0,6.5,0.0,175.0,0.0,75.1,-598435.3,0.99,0.0,1.0,0
1791061078.16,1193471.8,102.8,79.0,6.5,0.0,175.0,0.0,75.1,-598435.3,0.99,0.0,1.0,0
1791061078.66,1193472.3,103.3,79.0,6.5,0.0,175.0,0.0,75.1,-598435.3,1.0,0.0,1.0,0
1791061079.16,1193472.8,103.8,79.0,6.5,0.0,175.0,0.0,75.1,-598435.3,0.99,0.0,1.0,0
1791061079.66,1193473.4,104.3,79.0,6.5,0.0,175.0,0.0,75.1,-598435.3,0.99,0.0,1.0,0
1791061080.16,1193473.9,104.8,79.0,6.5,0.0,175.0,0.0,75.1,-598435.3,1.0,0.0,1.0,0
1791061080.66,1193474.4,105.3,79.0,6.5,0.0,175.0,0.0,75.1,-598435.3,0.99,0.0,1.0,0
1791061081.17,1193474.9,105.8,79.0,6.5,0.0,175.0,0.0,75.1,-598435.3,0.99,0.0,1.0,0
1791061081.67,1193475.4,106.3,79.0,6.5,0.0,175.0,0.0,75.1,-598435.3,0.99,0.0,1.0,0
1791061082.17,1193475.8,106.8,79.0,6.5,0.0,175.0,0.0,75.1,-598435.3,0.99,0.0,1.0,0
1791061082.67,1193476.3,107.3,79.0,6.5,0.0,175.0,0.0,75.1,-598435.3,0.99,0.0,1.0,0
1791061083.17,1193476.9,107.8,79.0,6.5,-0.0,175.0,0.0,75.1,-598435.3,0.99,0.0,1.0,0
1791061083.67,1193477.4,108.3,79.0,6.5,0.0,175.0,0.0,75.1,-598435.3,0.99,0.0,1.0,0
1791061084.17,1193477.9,108.8,79.0,6.5,0.0,175.0,0.0,75.1,-598435.3,0.99,0.0,1.0,0
1791061084.67,1193478.4,109.3,79.0,6.5,0.0,175.0,0.0,75.1,-598435.3,0.99,0.0,1.0,0
1791061085.18,1193478.9,109.8,79.0,6.5,0.0,175.0,0.0,75.1,-598435.3,0.99,0.0,1.0,0
1791061085.68,1193479.4,110.3,79.0,6.5,0.0,175.0,0.0,75.1,-598435.3,0.99,0.0,1.0,0
1791061086.18,1193479.9,110.8,79.0,6.5,-0.0,175.0,0.0,75.1,-598435.3,0.99,0.0,1.0,0
1791061086.68,1193480.4,111.3,79.0,6.5,0.0,175.0,0.0,75.1,-598435.3,0.99,0.0,1.0,0
1791061087.18,1193480.9,111.8,79.0,6.5,0.0,175.0,0.0,75.1,-598435.3,0.99,0.0,1.0,0
1791061087.68,1193481.4,112.3,79.0,6.5,0.0,175.0,0.0,75.1,-598435.3,0.99,0.0,1.0,0
1791061088.18,1193481.9,112.8,79.0,6.5,0.0,175.0,0.0,75.1,-598435.3,1.0,0.0,1.0,0
1791061088.68,1193482.4,113.3,79.0,6.5,0.0,175.0,0.0,75.1,-598435.3,0.99,0.0,1.0,0
1791061089.19,1193482.9,113.8,79.0,6.5,0.0,175.0,0.0,75.1,-598435.3,0.99,0.0,1.0,0
1791061089.69,1193483.4,114.3,79.0,6.5,0.0,175.0,0.0,75.1,-598435.3,0.99,0.0,1.0,0
1791061090.19,1193483.9,114.8,79.0,6.5,0.0,175.0,0.0,75.1,-598435.3,0.99,0.0,1.0,0
1791061090.69,1193484.4,115.3,79.0,6.5,0.0,175.0,0.0,75.1,-598435.3,0.99,0.0,1.0,0
1791061091.19,1193484.9,115.8,79.0,6.5,0.0,175.0,0.0,75.1,-598435.3,0.99,0.0,1.0,0
1791061091.69,1193485.4,116.3,79.0,6.5,0.0,175.0,0.0,75.1,-598435.3,0.99,0.0,1.0,0
1791061092.19,1193485.9,116.8,79.0,6.5,0.0,175.0,0.0,75.1,-598435.3,0.99,0.0,1.0,0
1791061092.7,1193486.4,117.3,79.0,6.5,0.0,175.0,0.0,75.1,-598435.3,1.0,0.0,1.0,0
1791061093.2,1193486.9,117.8,79.0,6.5,0.0,175.0,0.0,75.1,-598435.3,0.99,0.0,1.0,0
1791061093.7,1193487.4,118.3,79.0,6.5,0.0,175.0,0.0,75.1,-598435.3,0.99,0.0,1.0,0
1791061094.22,1193487.9,118.8,79.0,6.5,0.0,175.0,0.0,75.1,-598435.3,1.0,0.0,1.0,0
1791061094.72,1193488.4,119.3,79.0,6.5,0.0,175.0,0.0,75.1,-598435.3,0.99,0.0,1.0,0
1791061095.22,1193488.9,119.8,79.0,6.5,0.0,175.0,0.0,75.1,-598435.3,0.99,0.0,1.0,0
1791061095.72,1193489.4,120.3,79.0,6.5,0.0,175.0,0.0,75.1,-598435.3,1.0,0.0,1.0,0
1791061096.22,1193489.9,120.8,79.0,6.5,0.0,175.0,0.0,75.1,-598435.3,0.99,0.0,1.0,0
1791061096.73,1193490.4,121.3,79.0,6.5,0.0,175.0,0.0,75.1,-598435.3,0.99,0.0,1.0,0
1791061097.23,1193490.9,121.8,79.0,6.5,0.0,175.0,0.0,75.1,-598435.3,0.99,0.0,1.0,0
1791061097.73,1193491.4,122.3,79.0,6.5,0.0,175.0,0.0,75.1,-598435.3,0.99,0.0,1.0,0
1791061098.23,1193491.9,122.8,79.0,6.5,0.0,175.0,0.0,75.1,-598435.3,0.99,0.0,1.0,0
1791061098.73,1193492.0,123.3,79.0,6.5,0.0,175.0,0.0,75.1,-598435.3,1.0,0.0,1.0,0
1791061099.23,1193492.0,123.8,79.0,6.5,0.0,175.0,0.0,75.1,-598435.3,1.0,0.0,1.0,0
1791061099.73,1193492.1,124.3,79.0,6.5,-0.0,175.0,0.0,75.1,-598435.3,0.99,0.0,1.0,0
1791061100.24,1193492.1,124.8,79.0,6.5,-0.0,175.0,0.0,75.1,-598435.3,0.99,0.0,1.0,0
1791061100.74,1193492.1,125.3,79.0,6.5,-0.0,175.0,0.0,75.1,-598435.3,0.99,0.0,1.0,0
1791061101.24,1193492.1,125.8,79.0,6.5,-0.0,175.0,0.0,75.1,-598435.3,0.99,0.0,1.0,0
1791061101.74,1193492.1,126.4,79.0,6.5,0.0,175.0,0.0,75.1,-598435.3,0.99,0.0,1.0,0
1791061102.24,1193492.1,126.9,79.0,6.5,0.0,175.0,0.0,75.1,-598435.3,0.99,0.0,1.0,0
1791061102.74,1193492.5,127.4,79.0,6.5,0.0,175.0,0.0,75.1,-598435.3,1.0,0.0,1.0,0
1791061103.24,1193492.9,127.9,79.0,6.5,0.0,175.0,0.0,75.1,-598435.3,1.0,0.0,1.0,0
1791061103.75,1193493.4,128.4,79.6,7.1,3.0,175.0,3.0,76.2,-598435.4,1.73,5.07,1.0,0
1791061104.25,1193493.9,128.9,82.2,9.6,7.1,175.1,7.1,80.9,-598435.5,1.83,28.3,1.0,0
1791061104.75,1193494.4,129.4,86.8,14.2,11.2,175.3,11.2,89.4,-598435.5,1.84,70.93,1.0,0
1791061105.25,1193494.9,129.9,93.5,21.0,15.4,175.6,15.4,101.9,-598435.5,1.85,133.49,1.0,0
1791061105.75,1193495.4,130.4,102.3,29.8,19.7,176.0,19.7,118.3,-598435.5,1.86,216.49,1.0,0
1791061106.25,1193495.9,130.9,113.3,40.7,23.9,176.6,23.9,138.8,-598435.4,1.87,320.36,1.0,0
1791061106.75,1193496.4,131.4,126.4,53.8,28.3,177.2,28.3,163.5,-598435.2,1.88,445.49,1.0,0
1791061107.25,1193496.9,131.9,141.6,69.1,32.6,178.0,32.6,192.3,-598435.0,1.88,592.18,1.0,0
1791061107.76,1193497.4,132.4,159.1,86.5,37.0,178.8,37.0,225.4,-598434.7,1.89,760.71,1.0,0
1791061108.26,1193497.9,132.9,178.7,106.2,41.4,179.8,41.4,262.9,-598434.3,1.9,951.27,1.0,0
1791061108.76,1193498.4,133.4,200.6,128.0,45.9,180.9,45.9,304.8,-598434.0,1.9,1163.99,1.0,0
1791061109.26,1193498.9,133.9,224.7,152.2,50.4,182.1,50.4,351.1,-598433.7,1.91,1398.91,1.0,0
1791061109.76,1193499.4,134.4,251.1,178.5,54.9,183.4,54.9,401.9,-598433.4,1.92,1655.78,1.0,0
1791061110.26,1193499.9,134.9,279.7,207.1,59.5,184.8,59.5,457.2,-598433.2,1.92,1934.88,1.0,0
1791061110.76,1193500.4,135.4,311.9,239.4,64.2,186.4,64.2,519.7,-598433.1,1.93,2248.69,1.0,0
1791061111.26,1193500.9,135.9,345.2,272.7,68.8,188.1,68.8,584.4,-598433.0,1.93,2572.22,1.0,0
1791061111.77,1193501.4,136.4,380.8,308.3,73.4,189.8,73.4,653.9,-598433.0,1.94,2917.03,1.0,0
1791061112.27,1193501.9,136.9,418.7,346.2,78.1,191.6,78.1,728.0,-598433.1,1.94,3282.7,1.0,0
1791061112.77,1193502.4,137.4,459.0,386.5,82.8,193.6,82.8,806.9,-598433.1,1.95,3668.76,1.0,0
1791061113.27,1193502.9,137.9,501.6,429.1,87.4,195.6,87.4,890.5,-598433.2,1.95,4074.66,1.0,0
1791061113.77,1193503.4,138.4,546.5,474.0,92.1,197.7,92.1,978.9,-598433.3,1.95,4499.79,1.0,0
1791061114.27,1193503.9,138.9,593.8,521.3,96.9,199.9,96.9,1072.1,-598433.5,1.96,4943.47,1.0,0
1791061114.77,1193504.4,139.4,643.5,571.0,101.6,202.3,101.6,1170.2,-598433.7,1.96,5405.01,1.0,0
1791061115.27,1193504.9,139.9,695.5,623.0,106.3,204.6,106.3,1273.0,-598434.0,1.96,5883.78,1.0,0
1791061115.78,1193505.4,140.4,749.9,677.4,111.1,207.1,111.1,1380.7,-598434.4,1.96,6379.11,1.0,0
1791061116.28,1193505.9,140.9,806.7,734.2,115.9,209.7,115.9,1493.3,-598434.8,1.97,6890.34,1.0,0
1791061116.78,1193506.4,141.4,865.9,793.3,120.6,212.3,120.6,1610.9,-598435.3,1.97,7414.61,1.0,0
1791061117.28,1193506.9,141.9,927.4,854.9,125.4,215.1,125.4,1733.4,-598435.8,1.97,7955.37,1.0,0
1791061117.78,1193507.4,142.4,991.4,918.9,130.2,217.9,130.2,1860.9,-598436.4,1.97,8512.68,1.0,0
1791061118.28,1193507.9,142.9,1057.8,985.2,135.1,220.7,135.1,1993.4,-598437.1,1.98,9080.7,1.0,0
1791061118.78,1193508.4,143.4,1126.6,1054.0,139.9,223.7,139.9,2131.1,-598437.9,1.98,9661.14,1.0,0
1791061119.29,1193508.9,143.9,1197.8,1125.2,144.8,226.7,144.8,2273.9,-598438.7,1.98,10253.27,1.0,0
1791061119.79,1193509.4,144.4,1271.4,1198.9,149.6,229.8,149.6,2421.8,-598439.7,1.98,10856.34,1.0,0
1791061120.29,1193509.9,144.9,1347.5,1275.0,154.5,232.9,154.5,2575.0,-598440.6,1.99,11469.55,1.0,0
1791061120.79,1193510.4,145.4,1426.0,1353.5,159.4,236.1,159.4,2733.5,-598441.7,1.99,12092.11,1.0,0
1791061121.29,1193510.9,145.9,1507.0,1434.5,164.3,239.4,164.3,2897.3,-598442.9,1.99,12723.17,1.0,0
1791061121.79,1193511.4,146.4,1590.5,1518.0,169.3,242.8,169.3,3066.4,-598444.1,2.0,13356.3,1.0,0
1791061122.29,1193511.9,146.9,1679.9,1607.4,174.4,246.3,174.5,3248.1,-598445.5,2.0,14033.29,1.0,0
1791061122.79,1193512.4,147.4,1757.7,1685.1,178.8,249.4,178.8,3406.5,-598446.8,2.01,14599.89,1.0,0
1791061123.3,1193512.9,147.9,1852.0,1779.5,184.0,253.1,184.0,3599.2,-598448.3,2.01,15288.48,1.0,0
1791061123.8,1193513.4,148.4,1945.4,1872.8,189.0,256.7,189.0,3790.1,-598449.9,2.01,15948.4,1.0,0
1791061124.3,1193513.9,148.9,2041.2,1968.7,194.1,260.3,194.1,3986.7,-598451.6,2.02,16611.24,1.0,0
1791061124.8,1193514.4,149.4,2139.5,2067.0,199.1,264.0,199.1,4188.9,-598453.4,2.02,17275.96,1.0,0
1791061125.3,1193514.9,149.9,2240.4,2167.9,204.2,267.8,204.2,4396.8,-598455.2,2.02,17941.51,1.0,0
1791061125.8,1193515.4,150.4,2343.8,2271.4,209.3,271.6,209.3,4610.5,-598457.2,2.03,18606.82,1.0,0
1791061126.31,1193515.9,150.9,2449.8,2377.3,214.4,275.5,214.4,4829.9,-598459.3,2.03,19270.8,1.0,0
1791061126.81,1193516.4,151.4,2558.4,2485.8,219.5,279.4,219.6,5055.2,-598461.4,2.03,19932.36,1.0,0
1791061127.31,1193516.9,151.9,2669.5,2596.9,224.7,283.3,224.7,5286.4,-598463.7,2.04,20590.4,1.0,0
1791061127.81,1193517.4,152.4,2783.1,2710.6,229.8,287.4,229.9,5523.5,-598466.1,2.04,21243.84,1.0,0
1791061128.31,1193517.9,152.9,2899.4,2826.9,235.0,291.4,235.1,5766.6,-598468.5,2.04,21891.6,1.0,0
1791061128.81,1193518.4,153.4,3018.3,2945.9,240.2,295.5,240.3,6015.8,-598471.1,2.05,22518.99,1.0,0
1791061129.31,1193518.9,153.9,3144.7,3072.5,245.7,299.8,245.7,6281.3,-598473.9,2.05,23190.99,1.0,0
1791061129.82,1193519.4,154.4,3268.9,3197.0,250.9,304.0,250.9,6543.0,-598476.7,2.05,23815.01,1.0,0
1791061130.32,1193519.9,154.9,3395.7,3324.1,256.2,308.3,256.2,6810.8,-598479.6,2.06,24429.18,1.0,0
1791061130.82,1193520.4,155.4,3525.1,3453.8,261.4,312.6,261.5,7084.9,-598482.5,2.06,25032.5,1.0,0
1791061131.32,1193520.9,155.9,3646.5,3575.5,266.3,316.6,266.4,7342.7,-598485.4,2.06,25577.17,1.0,0
1791061131.82,1193521.4,156.4,3781.1,3710.4,271.6,320.9,271.7,7629.2,-598488.6,2.07,26157.04,1.0,0
1791061132.32,1193521.9,156.9,3918.3,3847.9,277.0,325.3,277.0,7922.1,-598491.9,2.07,26723.37,1.0,0
1791061132.82,1193522.4,157.4,4058.2,3988.2,282.3,329.8,282.4,8221.6,-598495.3,2.08,27275.28,1.0,0
1791061133.32,1193522.9,157.9,4200.7,4131.1,287.7,334.3,287.8,8527.5,-598498.9,2.08,27809.77,1.0,0
1791061133.83,1193523.4,158.4,4346.0,4276.7,293.0,338.8,293.1,8837.8,-598502.5,2.06,28312.78,1.0,0
1791061134.33,1193523.9,158.9,4493.8,4425.0,298.2,343.1,298.3,9149.0,-598506.1,2.03,28763.98,1.0,0
1791061134.83,1193524.4,159.4,4644.2,4575.3,303.1,347.3,303.2,9457.4,-598509.8,1.98,29120.08,1.0,0
1791061135.33,1193524.9,159.9,4797.0,4728.5,307.7,351.1,307.8,9760.6,-598513.4,1.91,29414.76,1.0,0
1791061135.83,1193525.4,160.4,4951.9,4883.9,311.9,354.7,312.0,10056.8,-598516.9,1.84,29621.65,1.0,0
1791061136.33,1193525.9,160.9,5115.2,5047.5,315.9,358.2,316.0,10356.9,-598520.5,1.76,29770.1,1.0,0
1791061136.83,1193526.4,161.4,5274.1,5206.4,319.5,361.2,319.6,10637.5,-598524.0,1.69,29806.74,1.0,0
1791061137.33,1193526.9,161.9,5434.7,5367.0,322.7,363.9,322.8,10910.9,-598527.3,1.63,29769.9,1.0,0
1791061137.84,1193527.4,162.4,5596.8,5529.1,325.7,366.4,325.8,11177.7,-598530.6,1.58,29668.34,1.0,0
1791061138.34,1193527.9,162.9,5760.4,5692.7,328.4,368.8,328.5,11438.8,-598533.9,1.53,29511.22,1.0,0
1791061138.84,1193528.4,163.4,5925.2,5857.5,330.9,370.9,331.0,11695.4,-598537.1,1.49,29307.71,1.0,0
1791061139.34,1193528.9,164.0,6091.3,6023.6,333.3,372.9,333.4,11948.4,-598540.3,1.46,29066.69,1.0,0
1791061139.84,1193529.4,164.5,6258.5,6190.9,335.5,374.8,335.7,12199.3,-598543.6,1.43,28796.62,1.0,0
1791061140.34,1193529.9,165.0,6426.8,6359.1,337.7,376.7,337.9,12449.2,-598546.9,1.42,28505.57,1.0,0
1791061140.84,1193530.4,165.5,6596.3,6528.6,339.9,378.5,340.0,12699.7,-598550.2,1.41,28201.34,1.0,0
1791061141.34,1193530.9,166.0,6766.7,6699.1,342.0,380.3,342.2,12952.3,-598553.7,1.42,27864.96,1.0,0
1791061141.85,1193531.4,166.5,6938.3,6870.7,344.2,382.2,344.4,13208.9,-598557.2,1.43,27557.59,1.0,0
1791061142.35,1193531.9,167.0,7111.0,7043.4,346.6,384.2,346.7,13471.2,-598560.9,1.45,27258.69,1.0,0
1791061142.85,1193532.4,167.5,7291.9,7224.3,349.1,386.4,349.3,13750.5,-598564.9,1.47,26984.66,1.0,0
1791061143.35,1193532.9,168.0,7467.2,7399.5,351.7,388.6,351.9,14026.0,-598568.8,1.5,26705.08,1.0,0
1791061143.85,1193533.4,168.5,7643.7,7576.0,354.4,390.9,354.6,14308.8,-598573.0,1.53,26435.2,1.0,0
1791061144.35,1193533.9,169.0,7821.6,7754.0,357.2,393.4,357.4,14599.3,-598577.3,1.55,26175.27,1.0,0
1791061144.85,1193534.4,169.5,8001.0,7933.3,360.2,396.0,360.5,14898.4,-598581.8,1.59,25925.53,1.0,0
1791061145.35,1193534.9,170.0,8181.9,8114.3,363.4,398.7,363.6,15206.7,-598586.5,1.62,25686.25,1.0,0
1791061145.86,1193535.4,170.5,8364.5,8296.8,366.7,401.6,367.0,15524.9,-598591.4,1.66,25457.67,1.0,0
1791061146.36,1193535.9,171.0,8548.8,8481.1,370.3,404.7,370.5,15853.9,-598596.5,1.69,25240.02,1.0,0
1791061146.86,1193536.4,171.5,8734.9,8667.2,374.0,408.0,374.3,16194.7,-598601.9,1.74,25033.43,1.0,0
1791061147.36,1193536.9,172.0,8922.9,8855.2,378.0,411.5,378.3,16548.2,-598607.5,1.78,24752.18,1.0,0
1791061147.86,1193537.4,172.5,9113.0,9045.4,382.2,415.2,382.5,16916.4,-598613.4,1.83,24410.65,1.0,0
1791061148.36,1193537.9,173.0,9305.2,9237.6,386.7,419.2,387.0,17300.3,-598619.6,1.89,24056.15,1.0,0
1791061148.86,1193538.4,173.5,9507.6,9440.0,391.6,423.6,392.0,17717.4,-598626.3,1.95,23782.63,1.0,0
1791061149.37,1193538.9,174.0,9704.7,9637.1,396.7,428.1,397.1,18136.8,-598633.1,2.01,23506.6,1.0,0
1791061149.87,1193539.4,174.5,9904.5,9836.9,402.1,432.9,402.5,18575.4,-598640.2,2.07,23250.1,1.0,0
1791061150.37,1193539.9,175.0,10107.0,10039.4,407.8,438.0,408.2,19034.4,-598647.7,2.13,23011.87,1.0,0
1791061150.87,1193540.4,175.5,10312.4,10244.8,413.8,443.5,414.2,19515.2,-598655.5,2.2,22790.41,1.0,0
1791061151.37,1193540.9,176.0,10521.0,10453.6,420.1,449.2,420.6,20018.9,-598663.8,2.26,22583.93,1.0,0
1791061151.87,1193541.4,176.5,10732.7,10665.6,426.8,455.3,427.3,20546.9,-598672.3,2.33,22390.75,1.0,0
1791061152.37,1193541.9,177.0,10948.0,10881.1,433.9,461.7,434.3,21101.2,-598681.3,2.41,22210.04,1.0,0
1791061152.87,1193542.4,177.5,11166.8,11100.2,441.3,468.4,441.8,21683.8,-598690.7,2.48,22041.41,1.0,0
1791061153.38,1193542.9,178.0,11389.5,11323.1,449.1,475.6,449.6,22297.0,-598700.6,2.57,21884.16,1.0,0
1791061153.88,1193543.4,178.5,11616.1,11550.0,457.3,483.2,457.9,22942.8,-598710.9,2.65,21737.09,1.0,0
1791061154.38,1193544.0,179.0,11847.0,11781.2,466.0,491.1,466.6,23623.7,-598721.7,2.74,21560.56,1.0,0
1791061154.88,1193544.5,179.5,12082.4,12016.8,475.1,499.6,475.7,24342.2,-598733.0,2.83,21429.19,1.0,0
1791061155.38,1193545.0,180.0,12326.5,12261.2,463.1,488.3,463.8,23975.1,-598726.9,1.61,19473.36,1.0,0
1791061155.88,1193545.5,180.5,12554.9,12489.9,451.0,476.9,451.6,23599.5,-598720.5,1.51,17679.69,1.0,0
1791061156.38,1193546.0,181.0,12777.4,12712.5,439.4,466.0,440.0,23256.7,-598714.4,1.41,16079.79,1.0,0
1791061156.89,1193546.4,181.5,12985.6,12920.7,429.2,456.5,429.8,22983.6,-598709.3,1.19,14737.52,1.0,0
1791061157.39,1193546.9,182.0,13197.5,13132.6,419.0,447.0,419.6,22726.8,-598704.2,1.11,13489.19,1.0,0
1791061157.89,1193547.4,182.5,13404.4,13339.6,409.2,437.9,409.8,22491.9,-598699.3,1.04,12364.32,1.0,0
1791061158.39,1193547.9,183.0,13606.5,13541.7,399.7,429.2,400.3,22277.5,-598694.6,0.98,11349.07,1.0,0
1791061158.89,1193548.4,183.5,13804.3,13739.5,394.4,424.3,395.1,22252.2,-598694.0,0.09,10641.79,1.0,0
1791061159.39,1193548.9,184.0,14002.4,13937.5,397.8,427.2,398.5,22601.9,-598701.5,1.64,10418.95,1.0,0
1791061159.89,1193549.4,184.5,14202.2,14137.4,401.3,430.3,402.0,22962.7,-598709.1,1.68,10204.18,1.0,0
1791061160.39,1193550.0,185.0,14403.9,14339.0,405.0,433.6,405.8,23335.2,-598716.9,1.71,9981.62,1.0,0
1791061160.9,1193550.5,185.5,14607.4,14542.5,408.9,437.1,409.7,23719.9,-598725.3,1.75,9782.35,1.0,0
1791061161.4,1193551.0,186.0,14812.9,14748.0,413.0,440.7,413.8,24116.8,-598733.9,1.79,9589.58,1.0,0
1791061161.9,1193551.5,186.5,15028.9,14962.9,417.4,444.6,418.3,24542.8,-598743.0,1.82,9410.3,1.0,0
1791061162.4,1193552.0,187.0,15238.7,15171.3,421.9,448.6,422.7,24965.6,-598752.0,1.86,9228.48,1.0,0
1791061162.9,1193552.5,187.5,15450.9,15383.4,426.5,452.7,427.4,25402.0,-598761.5,1.9,9051.69,1.0,0
1791061163.4,1193553.0,188.0,15665.4,15597.9,431.3,457.0,432.2,25852.4,-598771.3,1.93,8879.38,1.0,0
1791061163.9,1193553.5,188.5,15882.3,15814.8,436.3,461.5,437.3,26317.2,-598781.3,1.97,8710.89,1.0,0
1791061164.4,1193554.0,189.0,16101.8,16034.3,441.4,466.2,442.5,26796.8,-598791.5,2.01,8543.7,1.0,0
1791061164.91,1193554.5,189.5,16323.9,16256.4,446.8,471.0,447.9,27291.9,-598802.1,2.04,8371.46,1.0,0
1791061165.41,1193555.0,190.0,16548.7,16481.2,452.3,476.0,453.4,27803.3,-598813.1,2.08,8202.88,1.0,0
1791061165.91,1193555.5,190.5,16776.4,16708.8,458.1,481.3,459.2,28331.4,-598824.4,2.12,8037.3,1.0,0
1791061166.41,1193556.0,191.0,17006.9,16933.3,464.0,486.7,465.2,28876.7,-598835.9,2.16,7874.19,1.0,0
1791061166.91,1193556.4,191.5,17221.7,17126.6,469.6,491.8,470.8,29394.2,-598846.8,2.19,7711.59,1.0,0
1791061167.41,1193556.9,192.0,17458.1,17363.0,475.9,497.6,477.2,29974.5,-598858.9,2.23,7553.0,1.0,0
1791061167.91,1193557.4,192.5,17707.4,-1.0,482.4,503.5,483.7,30598.5,-598872.0,2.27,7404.7,1.0,0
1791061168.42,1193557.9,193.0,17950.4,17882.9,489.3,509.9,490.7,31218.7,-598884.8,2.31,7250.27,1.0,0
1791061168.92,1193558.4,193.5,18196.9,18129.3,496.2,516.3,497.6,31859.3,-598897.9,2.35,7097.74,1.0,0
1791061169.42,1193558.9,194.0,18446.8,18379.2,503.3,522.8,504.8,32521.2,-598911.3,2.39,6947.06,1.0,0
1791061169.92,1193559.4,194.5,18700.3,18632.7,510.5,529.6,512.1,33205.0,-598925.1,2.43,6798.14,1.0,0
1791061170.42,1193559.9,195.0,18957.5,18889.9,518.0,536.5,519.6,33911.4,-598939.2,2.47,6650.9,1.0,0
1791061170.92,1193560.4,195.5,19218.5,19150.9,525.6,543.6,527.3,34641.1,-598953.6,2.51,6505.18,1.0,0
1791061171.42,1193560.9,196.0,19483.3,19415.7,533.5,551.0,535.2,35394.6,-598968.2,2.55,6360.82,1.0,0
1791061171.93,1193561.4,196.5,19752.1,19684.4,541.5,558.5,543.3,36172.7,-598983.2,2.59,6217.63,1.0,0
1791061172.43,1193561.9,197.0,20025.0,19957.3,549.7,566.2,551.6,36976.1,-598998.4,2.62,6075.38,1.0,0
1791061172.93,1193562.5,197.5,20302.1,20234.3,558.1,574.1,560.1,37805.4,-599013.9,2.66,5933.75,1.0,0
1791061173.43,1193563.0,198.0,20583.4,20510.7,566.7,582.2,568.8,38661.2,-599029.8,2.7,5779.53,1.0,0
1791061173.93,1193563.5,198.5,20869.0,20779.2,575.5,590.5,577.6,39544.0,-599045.8,2.73,5637.86,1.0,0
1791061174.43,1193563.9,199.0,21159.1,21069.8,584.5,598.9,586.6,40454.5,-599062.1,2.77,5507.74,1.0,0
1791061174.94,1193564.5,199.5,21465.6,21380.3,593.9,607.9,596.2,41431.4,-599079.3,2.8,5357.78,1.0,0
1791061175.44,1193565.0,200.0,21764.9,21697.1,603.2,616.7,605.6,42400.1,-599096.0,2.84,5212.49,1.0,0
1791061175.94,1193565.5,200.5,22069.0,22001.1,612.7,625.7,615.1,43398.2,-599113.0,2.87,5066.48,1.0,0
1791061176.44,1193566.0,201.1,22377.8,22309.9,622.3,634.9,624.8,44426.9,-599130.2,2.9,4920.18,1.0,0
1791061176.94,1193566.5,201.6,22691.5,22624.1,632.1,644.2,634.7,45487.2,-599147.6,2.94,4774.02,1.0,0
1791061177.44,1193567.0,202.1,23010.1,22943.6,642.0,653.7,644.7,46580.2,-599165.1,2.97,4628.45,1.0,0
1791061177.94,1193567.5,202.6,23333.8,23265.8,652.2,663.4,654.9,47707.1,-599182.9,3.01,4483.89,1.0,0
1791061178.45,1193568.0,203.1,23662.5,23597.7,662.5,673.3,665.3,48869.1,-599200.8,3.04,4340.75,1.0,0
1791061178.95,1193568.5,203.6,23996.5,23931.6,673.0,683.4,675.9,50067.5,-599218.9,3.08,4199.37,1.0,0
1791061179.45,1193569.0,204.1,24335.7,24270.9,683.6,693.6,686.7,51303.4,-599237.2,3.11,4060.07,1.0,0
1791061179.95,1193569.5,204.6,24680.3,24615.5,694.5,704.1,697.6,52578.2,-599255.6,3.15,3923.11,1.0,0
1791061180.45,1193570.0,205.1,25030.4,24965.5,705.5,714.7,708.8,53893.3,-599274.2,3.19,3788.63,1.0,0
1791061180.95,1193570.5,205.6,25386.1,25321.2,716.7,725.5,720.1,55250.1,-599292.9,3.22,3656.7,1.0,0
1791061181.45,1193571.0,206.1,25747.4,25747.4,728.1,736.5,731.6,56650.1,-599311.7,3.26,3527.16,1.0,0
1791061181.95,1193571.5,206.6,26114.4,26114.4,739.7,747.8,743.3,58095.1,-599330.6,3.3,3387.68,1.0,0
1791061182.46,1193572.0,207.1,26487.3,26487.3,751.4,759.2,755.2,59586.7,-599349.6,3.34,3250.54,1.0,0
1791061182.96,1193572.5,207.6,26866.1,26866.1,763.4,770.8,767.2,61126.8,-599368.8,3.38,3115.12,1.0,0
1791061183.46,1193573.0,208.1,27251.0,27251.0,775.6,782.6,779.5,62717.3,-599388.0,3.42,2980.89,1.0,0
1791061183.96,1193573.5,208.6,27641.9,27641.9,787.9,794.6,792.0,64360.0,-599407.2,3.46,2848.72,1.0,0
1791061184.46,1193574.0,209.1,28039.2,28039.2,800.5,806.9,804.7,66056.9,-599426.5,3.5,2719.17,1.0,0
1791061184.96,1193574.5,209.6,28442.7,28442.7,813.3,819.4,817.6,67810.2,-599445.9,3.54,2584.43,1.0,0
1791061185.46,1193575.0,210.1,28869.3,28869.3,826.8,832.5,831.3,69695.5,-599466.0,3.58,2464.94,1.0,0
1791061185.96,1193575.5,210.6,29286.1,29286.1,840.0,845.4,844.6,71570.3,-599485.4,3.62,2346.09,1.0,0
1791061186.47,1193576.0,211.1,29709.6,29709.6,853.4,858.6,858.2,73508.2,-599504.7,3.67,2231.49,1.0,0
1791061186.97,1193576.5,211.6,30139.8,30139.8,867.1,871.9,872.0,75511.5,-599524.0,3.71,2121.39,1.0,0
1791061187.47,1193577.0,212.1,30577.0,30577.0,880.9,885.5,886.0,77582.9,-599543.3,3.75,2015.96,1.0,0
1791061187.97,1193577.5,212.6,31021.1,31021.0,895.0,899.3,900.2,79724.9,-599562.5,3.8,1915.24,1.0,0
1791061188.47,1193578.0,213.1,31472.2,31472.2,909.3,913.3,914.6,81940.4,-599581.6,3.84,1819.14,1.0,0
1791061188.97,1193578.5,213.6,31930.6,31930.6,923.8,927.6,929.3,84232.3,-599600.5,3.89,1727.44,1.0,0
1791061189.47,1193579.0,214.1,32396.3,32396.3,938.5,942.1,944.2,86603.7,-599619.4,3.93,1639.72,1.0,0
1791061189.98,1193579.5,214.6,32869.5,32869.5,953.5,956.8,959.3,89057.8,-599638.0,3.98,1555.37,1.0,0
1791061190.48,1193580.0,215.1,33350.1,33350.1,968.7,971.8,974.6,91598.3,-599656.5,4.02,1473.53,1.0,0
1791061190.98,1193580.5,215.6,33838.5,33838.5,984.1,987.0,990.2,94228.7,-599674.8,4.07,1388.33,1.0,0
1791061191.48,1193581.0,216.1,34334.6,34334.6,999.8,1002.4,1006.1,96953.1,-599692.8,4.12,1310.45,1.0,0
1791061191.98,1193581.5,216.6,34858.9,34858.9,1016.3,1018.8,1022.8,99890.8,-599711.3,4.17,1236.8,1.0,0
1791061192.48,1193582.0,217.1,35371.3,35371.3,1032.5,1034.8,1039.1,102820.1,-599728.8,4.22,1164.39,1.0,0
1791061192.98,1193582.5,217.6,35891.8,35891.8,1048.9,1051.0,1055.7,105856.9,-599746.0,4.27,1095.11,1.0,0
1791061193.48,1193583.0,218.1,36420.5,36420.5,1065.6,1067.5,1072.6,109006.0,-599762.8,4.32,1029.14,1.0,0
1791061193.99,1193583.5,218.6,36957.7,36957.7,1082.5,1084.3,1089.7,112272.6,-599779.3,4.37,966.63,1.0,0
1791061194.49,1193584.0,219.1,37503.4,37503.4,1099.7,1101.3,1107.0,115662.2,-599795.4,4.42,907.63,1.0,0
1791061194.99,1193584.5,219.6,38057.8,38057.8,1117.1,1118.6,1124.7,119180.7,-599811.0,4.48,853.82,1.0,0
1791061195.49,1193585.0,220.1,38620.9,38620.9,1134.9,1136.2,1142.6,122834.0,-599826.2,4.53,807.21,1.0,0
1791061195.99,1193585.5,220.6,39193.0,39193.0,1152.9,1154.0,1160.8,126628.7,-599840.9,4.58,763.13,1.0,0
1791061196.49,1193586.0,221.1,39774.2,39774.2,1171.1,1172.2,1179.2,130571.8,-599855.0,4.64,721.37,1.0,0
1791061196.99,1193586.5,221.6,40364.6,40364.6,1189.7,1190.6,1198.0,134671.0,-599868.7,4.7,679.16,1.0,0
1791061197.5,1193587.0,222.1,40964.3,40964.3,1208.5,1209.4,1217.0,138934.5,-599881.7,4.75,640.92,1.0,0
1791061198.0,1193587.5,222.6,41598.1,41598.1,1228.4,1229.2,1237.1,143552.1,-599894.6,4.82,607.56,1.0,0
1791061198.5,1193588.0,223.1,42192.4,42192.4,1247.1,1247.7,1256.0,147989.5,-599905.9,4.87,575.49,1.0,0
1791061199.0,1193588.5,223.6,42821.0,42821.1,1266.8,1267.4,1275.9,152800.7,-599917.0,4.93,541.99,1.0,0
1791061199.5,1193589.0,224.1,43459.7,43459.7,1286.9,1287.4,1296.2,157815.2,-599927.4,5.0,507.23,1.0,0
1791061200.0,1193589.5,224.6,44108.4,44108.4,1307.3,1307.7,1316.8,163044.9,-599937.1,5.06,475.31,1.0,0
1791061200.5,1193590.0,225.1,44767.4,44767.4,1328.0,1328.3,1337.7,168502.4,-599946.0,5.13,444.35,1.0,0
1791061201.0,1193590.5,225.6,45463.8,45463.8,1349.9,1350.2,1359.8,174434.4,-599954.4,5.2,415.01,1.0,0
1791061201.51,1193591.0,226.1,46144.3,46144.3,1371.3,1371.5,1381.4,180400.0,-599961.6,5.26,386.28,1.0,0
1791061202.01,1193591.5,226.6,46835.6,46835.6,1393.0,1393.2,1403.4,186638.4,-599968.0,5.33,358.79,1.0,0
1791061202.51,1193592.0,227.1,47537.8,47537.8,1415.1,1415.3,1425.7,193166.8,-599973.5,5.41,332.54,1.0,0
1791061203.01,1193592.5,227.6,48251.2,48251.2,1437.6,1437.7,1448.3,200004.4,-599978.0,5.48,307.47,1.0,0
1791061203.51,1193593.0,228.1,48976.0,48976.0,1460.5,1460.6,1471.4,207171.7,-599981.6,5.55,283.45,1.0,0
1791061204.01,1193593.4,228.6,49534.5,49534.5,1478.1,1478.2,1489.2,212853.1,-599983.7,5.61,265.78,1.0,0
1791061204.51,1193593.9,229.1,50279.6,50279.6,1501.6,1501.7,1512.9,220656.8,-599985.7,5.69,243.35,1.0,0
1791061205.01,1193594.4,229.6,51036.7,51036.7,1525.6,1525.7,1537.1,228857.7,-599986.6,5.77,221.97,1.0,0
1791061205.52,1193594.9,230.1,51805.8,51805.8,1550.0,1550.1,1561.7,237484.9,-599986.6,5.86,200.73,1.0,0
1791061206.02,1193595.4,230.6,52552.5,52552.5,1555.0,1555.1,1566.8,240284.3,-599986.5,1.13,178.34,1.0,0
1791061206.52,1193595.9,231.1,53359.9,53359.9,1550.5,1550.6,1562.4,240223.2,-599986.5,0.04,155.64,1.0,0
1791061207.02,1193596.4,231.6,54134.1,54134.1,1546.2,1546.3,1558.1,240171.3,-599986.5,0.03,135.83,1.0,0
1791061207.52,1193596.9,232.1,54844.4,54844.4,1542.3,1542.4,1554.2,240128.7,-599986.5,0.03,119.2,1.0,0
1791061208.02,1193597.4,232.6,55645.2,55645.2,1537.9,1538.0,1549.9,240086.1,-599986.5,0.03,103.95,1.0,0
1791061208.52,1193597.9,233.1,56413.0,56413.0,1533.7,1533.7,1545.7,240050.1,-599986.5,0.02,90.54,1.0,0
1791061209.03,1193598.4,233.6,57178.8,57178.8,1529.5,1529.5,1541.6,240018.4,-599986.5,0.02,78.64,1.0,0
1791061209.53,1193598.9,234.1,57942.4,57942.4,1525.3,1525.4,1537.5,239990.7,-599986.5,0.02,67.98,1.0,0
1791061210.03,1193599.4,234.6,58704.0,58704.0,1521.1,1521.2,1533.4,239966.2,-599986.5,0.02,58.37,1.0,0
1791061210.53,1193599.9,235.1,59463.5,59463.5,1517.0,1517.1,1529.3,239944.5,-599986.5,0.02,49.9,1.0,0
1791061211.03,1193600.4,235.6,60220.9,60220.9,1512.9,1513.0,1525.2,239925.1,-599986.5,0.01,42.54,1.0,0
1791061211.53,1193600.9,236.1,60976.3,60976.3,1508.8,1508.9,1521.2,239907.8,-599986.5,0.01,36.21,1.0,0
1791061212.03,1193601.4,236.6,61729.6,61729.6,1504.7,1504.8,1517.2,239892.3,-599986.5,0.01,30.78,1.0,0
1791061212.54,1193601.9,237.1,62480.9,62480.9,1500.6,1500.7,1513.2,239878.5,-599986.5,0.01,26.13,1.0,0
1791061213.04,1193602.4,237.6,63260.1,63260.1,1496.4,1496.5,1509.0,239866.0,-599986.5,0.01,21.7,1.0,0
1791061213.54,1193602.9,238.1,64007.2,64007.2,1492.4,1492.4,1505.0,239855.6,-599986.5,0.01,17.73,1.0,0
1791061214.04,1193603.4,238.7,64752.4,64752.4,1488.3,1488.4,1501.0,239846.9,-599986.5,0.01,14.06,1.0,0
1791061214.54,1193603.9,239.2,65495.5,65495.5,1484.3,1484.4,1497.1,239839.8,-599986.5,0.01,10.73,1.0,0
1791061215.04,1193604.4,239.7,66236.6,66236.6,1480.3,1480.4,1493.2,239834.3,-599986.5,0.0,7.76,1.0,0
1791061215.54,1193604.9,240.2,66946.8,66946.8,1478.2,1478.3,1491.1,240342.0,-599986.4,0.44,5.21,1.0,0
1791061216.05,1193605.4,240.7,67684.9,67684.9,1474.2,1474.3,1487.2,240339.5,-599986.4,0.0,3.09,1.0,0
1791061216.55,1193605.9,241.2,68450.4,68450.4,1470.1,1470.2,1483.2,240337.8,-599986.4,0.0,1.49,1.0,0
1791061217.05,1193606.4,241.7,69184.4,69184.4,1466.2,1466.2,1479.3,240337.0,-599986.4,0.0,0.44,1.0,0
1791061217.55,1193606.9,242.2,69916.5,69916.5,1462.2,1462.3,1475.4,240336.7,-599986.4,0.0,0.01,1.0,0
1791061218.05,1193607.4,242.7,70617.4,70617.4,1458.5,1458.5,1471.7,240336.7,-599986.4,0.0,0.0,1.0,0
1791061218.55,1193607.9,243.2,71345.7,71345.7,1454.5,1454.6,1467.8,240336.7,-599986.4,0.0,0.0,1.0,0
1791061219.05,1193608.4,243.7,72071.9,72071.9,1450.6,1450.7,1464.0,240336.7,-599986.4,0.0,0.0,1.0,0
1791061219.55,1193608.9,244.2,72796.3,72796.3,1446.7,1446.8,1460.1,240336.6,-599986.4,0.0,0.0,1.0,0
1791061220.06,1193609.4,244.7,73518.7,73518.7,1442.8,1442.9,1456.3,240336.6,-599986.4,0.0,0.0,1.0,0
1791061220.56,1193609.9,245.2,74239.1,74239.1,1438.9,1439.0,1452.5,240336.6,-599986.4,0.0,0.0,1.0,0
1791061221.06,1193610.4,245.7,74957.6,74957.6,1435.1,1435.1,1448.7,240336.6,-599986.4,0.0,0.0,1.0,0
1791061221.56,1193610.9,246.2,75674.1,75674.1,1431.2,1431.3,1444.9,240336.6,-599986.4,0.0,0.0,1.0,0
1791061222.06,1193611.4,246.7,76388.8,76388.8,1427.3,1427.4,1441.1,240336.6,-599986.4,0.0,0.0,1.0,0
1791061222.56,1193611.9,247.2,77129.9,77129.9,1423.3,1423.4,1437.1,240336.6,-599986.4,0.0,0.0,1.0,0
1791061223.06,1193612.4,247.7,77840.6,77840.6,1419.5,1419.5,1433.3,240336.6,-599986.4,0.0,0.0,1.0,0
1791061223.56,1193612.9,248.2,78549.4,78549.4,1415.6,1415.7,1429.6,240336.6,-599986.4,0.0,0.0,1.0,0
1791061224.07,1193613.4,248.7,79256.2,79256.2,1411.8,1411.9,1425.8,240336.6,-599986.4,0.0,0.0,1.0,0
1791061224.57,1193613.9,249.2,79961.2,79961.2,1408.0,1408.0,1422.0,240336.6,-599986.4,0.0,0.0,1.0,0
1791061225.07,1193614.4,249.7,80664.2,80664.2,1404.2,1404.2,1418.3,240336.6,-599986.4,0.0,0.0,1.0,0
1791061225.57,1193614.9,250.2,81365.3,81365.3,1400.3,1400.4,1414.5,240336.6,-599986.4,0.0,0.0,1.0,0
1791061226.07,1193615.4,250.7,82064.6,82064.6,1396.5,1396.6,1410.8,240336.6,-599986.4,0.0,0.0,1.0,0
1791061226.57,1193615.9,251.2,82761.9,82761.9,1392.8,1392.8,1407.1,240336.6,-599986.4,0.0,0.0,1.0,0
1791061227.07,1193616.4,251.7,83457.3,83457.3,1389.0,1389.0,1403.4,240336.6,-599986.4,0.0,0.0,1.0,0
1791061227.58,1193616.9,252.2,84150.8,84150.8,1385.2,1385.3,1399.7,240336.6,-599986.4,0.0,0.0,1.0,0
1791061228.08,1193617.4,252.7,84842.5,84842.5,1381.4,1381.5,1396.0,240336.6,-599986.4,0.0,0.0,1.0,0
1791061228.58,1193617.9,253.2,85532.3,85532.3,1377.7,1377.7,1392.3,240336.6,-599986.4,0.0,0.0,1.0,0
1791061229.08,1193618.4,253.7,86192.7,86192.7,1374.1,1374.1,1388.7,240336.6,-599986.4,0.0,0.0,1.0,0
1791061229.58,1193618.9,254.2,86878.8,86878.8,1370.3,1370.4,1385.1,240336.6,-599986.4,0.0,0.0,1.0,0
1791061230.08,1193619.4,254.7,87563.0,87563.0,1366.6,1366.6,1381.4,240336.6,-599986.4,0.0,0.0,1.0,0
1791061230.58,1193619.9,255.2,88245.3,88245.3,1362.8,1362.9,1377.7,240336.6,-599986.4,0.0,0.0,1.0,0
1791061231.08,1193620.4,255.7,88925.8,88925.8,1359.1,1359.2,1374.1,240336.6,-599986.4,0.0,0.0,1.0,0
1791061231.59,1193620.9,256.2,89604.5,89604.4,1355.4,1355.5,1370.4,240336.5,-599986.4,0.0,0.0,1.0,0
1791061232.09,1193621.4,256.7,90281.2,90281.2,1351.7,1351.8,1366.8,240336.5,-599986.4,0.0,0.0,1.0,0
1791061232.59,1193621.9,257.2,90956.1,90956.1,1348.0,1348.1,1363.1,240336.5,-599986.4,0.0,0.0,1.0,0
1791061233.09,1193622.4,257.7,91629.2,91629.2,1344.3,1344.4,1359.5,240336.5,-599986.4,0.0,0.0,1.0,0
1791061233.59,1193622.9,258.2,92300.4,92300.4,1340.6,1340.7,1355.9,240336.5,-599986.4,0.0,0.0,1.0,0
1791061234.09,1193623.4,258.7,92969.8,92969.8,1336.9,1337.0,1352.3,240336.5,-599986.4,0.0,0.0,1.0,0
1791061234.59,1193623.9,259.2,93637.4,93637.4,1333.3,1333.3,1348.7,240336.5,-599986.4,0.0,0.0,1.0,0
1791061235.09,1193624.4,259.7,94303.1,94303.1,1329.6,1329.7,1345.1,240336.5,-599986.4,0.0,0.0,1.0,0
1791061235.6,1193624.9,260.2,94967.0,94967.0,1325.9,1326.0,1341.5,240336.5,-599986.4,0.0,0.0,1.0,0
1791061236.1,1193625.4,260.7,95655.5,95655.5,1322.1,1322.2,1337.8,240336.5,-599986.4,0.0,0.0,1.0,0
1791061236.6,1193625.9,261.2,96315.6,96315.6,1318.5,1318.6,1334.2,240336.5,-599986.4,0.0,0.0,1.0,0
1791061237.1,1193626.4,261.7,96974.0,96973.9,1314.8,1314.9,1330.6,240336.5,-599986.4,0.0,0.0,1.0,0
1791061237.6,1193626.9,262.2,97630.5,97630.5,1311.2,1311.3,1327.1,240336.5,-599986.4,0.0,0.0,1.0,0
1791061238.1,1193627.4,262.7,98285.2,98285.2,1307.6,1307.7,1323.5,240336.5,-599986.4,0.0,0.0,1.0,0
1791061238.6,1193627.9,263.2,98938.1,98938.1,1304.0,1304.0,1320.0,240336.5,-599986.4,0.0,0.0,1.0,0
1791061239.1,1193628.4,263.7,99589.1,99589.1,1300.4,1300.4,1316.5,240336.5,-599986.4,0.0,0.0,1.0,0
1791061239.61,1193628.9,264.2,100238.4,100238.4,1296.8,1296.8,1312.9,240336.2,-599986.4,0.02,0.0,1.0,0
1791061240.11,1193629.4,264.7,100834.2,100834.2,1293.4,1293.5,1309.7,240336.2,-599986.4,0.0,0.0,1.0,0
1791061240.61,1193629.9,265.2,101480.0,101480.0,1289.9,1289.9,1306.2,240336.2,-599986.4,0.0,0.0,1.0,0
1791061241.11,1193630.4,265.7,102124.0,102124.0,1286.3,1286.3,1302.7,240336.2,-599986.4,0.0,0.0,1.0,0
1791061241.61,1193630.9,266.2,102766.3,102766.3,1282.7,1282.8,1299.1,240336.2,-599986.4,0.0,0.0,1.0,0
1791061242.11,1193631.4,266.7,103406.7,103406.7,1279.1,1279.2,1295.7,240336.2,-599986.4,0.0,0.0,1.0,0
1791061242.61,1193631.9,267.2,104045.4,104045.4,1275.6,1275.6,1292.2,240336.2,-599986.4,0.0,0.0,1.0,0
1791061243.12,1193632.4,267.7,104707.7,104707.7,1271.9,1271.9,1288.5,240336.2,-599986.4,0.0,0.0,1.0,0
1791061243.62,1193632.9,268.2,105342.8,105342.8,1268.3,1268.4,1285.1,240336.2,-599986.4,0.0,0.0,1.0,0
1791061244.12,1193633.4,268.7,105976.0,105976.0,1264.8,1264.8,1281.6,240336.2,-599986.4,0.0,0.0,1.0,0
1791061244.62,1193633.9,269.2,106607.5,106607.5,1261.2,1261.3,1278.1,240336.2,-599986.4,0.0,0.0,1.0,0
1791061245.12,1193634.4,269.7,107237.2,107237.2,1257.7,1257.8,1274.7,240336.2,-599986.4,0.0,0.0,1.0,0
1791061245.62,1193634.9,270.2,107865.2,107865.2,1254.2,1254.2,1271.2,240336.2,-599986.4,0.0,0.0,1.0,0
1791061246.12,1193635.4,270.7,108491.4,108491.4,1250.6,1250.7,1267.8,240336.2,-599986.4,0.0,0.0,1.0,0
1791061246.62,1193635.9,271.2,109115.8,109115.8,1247.1,1247.2,1264.3,240336.2,-599986.4,0.0,0.0,1.0,0
1791061247.13,1193636.4,271.7,109738.5,109738.5,1243.6,1243.7,1260.9,240336.2,-599986.4,0.0,0.0,1.0,0
1791061247.63,1193636.9,272.2,110359.5,110359.5,1240.1,1240.2,1257.5,240336.2,-599986.4,0.0,0.0,1.0,0
1791061248.13,1193637.4,272.7,110978.6,110978.6,1236.6,1236.7,1254.1,240336.2,-599986.4,0.0,0.0,1.0,0
1791061248.63,1193637.9,273.2,111620.7,111620.7,1233.0,1233.1,1250.5,240336.2,-599986.4,0.0,0.0,1.0,0
1791061249.13,1193638.4,273.7,112236.3,112236.4,1229.5,1229.6,1247.1,240336.2,-599986.4,0.0,0.0,1.0,0
1791061249.63,1193638.9,274.2,112850.2,112850.2,1226.0,1226.1,1243.7,240336.2,-599986.4,0.0,0.0,1.0,0
1791061250.13,1193639.4,274.7,113462.4,113462.4,1222.5,1222.6,1240.3,240336.2,-599986.4,0.0,0.0,1.0,0
1791061250.63,1193639.9,275.2,114072.8,114072.8,1219.1,1219.2,1236.9,240336.2,-599986.4,0.0,0.0,1.0,0
1791061251.14,1193640.4,275.7,114681.5,114681.5,1215.6,1215.7,1233.6,240336.2,-599986.4,0.0,0.0,1.0,0
1791061251.64,1193640.9,276.2,115288.4,115288.4,1212.2,1212.2,1230.2,240336.2,-599986.4,0.0,0.0,1.0,0
1791061252.14,1193641.0,276.7,115385.4,115385.4,1211.6,1211.7,1229.6,240336.2,-599986.4,0.0,0.0,1.0,0
1791061252.64,1193641.0,277.3,115385.4,115385.4,1211.6,1211.7,1229.6,240336.2,-599986.4,0.0,0.0,1.0,0
1791061253.14,1193641.0,277.8,115433.8,115433.8,1211.3,1211.4,1229.4,240336.2,-599986.4,0.0,0.0,1.0,0
1791061253.64,1193641.0,278.3,115433.8,115433.8,1211.3,1211.4,1229.4,240336.2,-599986.4,0.0,0.0,1.0,0
1791061254.14,1193641.1,278.8,115482.3,115482.3,1211.1,1211.1,1229.1,240336.2,-599986.4,0.0,0.0,1.0,0
1791061254.64,1193641.1,279.3,115482.3,115482.3,1211.1,1211.1,1229.1,240336.2,-599986.4,0.0,0.0,1.0,0
1791061255.15,1193641.1,279.8,115530.7,115530.7,1210.8,1210.9,1228.8,240336.2,-599986.4,0.0,0.0,1.0,0
1791061255.65,1193641.1,280.3,115530.7,115530.7,1210.8,1210.9,1228.8,240336.2,-599986.4,0.0,0.0,1.0,0
1791061256.15,1193641.1,280.8,115579.1,115579.1,1210.5,1210.6,1228.6,240336.2,-599986.4,0.0,0.0,1.0,0
1791061256.65,1193641.1,281.3,115579.1,115579.1,1210.5,1210.6,1228.6,240336.2,-599986.4,0.0,0.0,1.0,0
1791061257.15,1193641.2,281.8,115627.5,115627.5,1210.2,1210.3,1228.3,240336.2,-599986.4,0.0,0.0,1.0,0
1791061257.65,1193641.2,282.3,115627.5,115627.5,1210.2,1210.3,1228.3,240336.2,-599986.4,0.0,0.0,1.0,0
1791061258.15,1193641.2,282.8,115676.0,115676.0,1210.0,1210.0,1228.0,240336.2,-599986.4,0.0,0.0,1.0,0
1791061258.66,1193641.2,283.3,115676.0,115676.0,1210.0,1210.0,1228.0,240336.2,-599986.4,0.0,0.0,1.0,0
1791061259.16,1193641.3,283.8,115724.3,115724.3,1209.7,1209.8,1227.8,240336.2,-599986.4,0.0,0.0,1.0,0
1791061259.66,1193641.3,284.3,115724.3,115724.3,1209.7,1209.8,1227.8,240336.2,-599986.4,0.0,0.0,1.0,0
1791061260.16,1193641.3,284.8,115772.7,115772.7,1209.4,1209.5,1227.5,240336.2,-599986.4,0.0,0.0,1.0,0
1791061260.66,1193641.3,285.3,115772.7,115772.7,1209.4,1209.5,1227.5,240336.2,-599986.4,0.0,0.0,1.0,0
1791061261.16,1193641.3,285.8,115821.1,115821.1,1209.1,1209.2,1227.2,240336.2,-599986.4,0.0,0.0,1.0,0
1791061261.66,1193641.3,286.3,115821.1,115821.1,1209.1,1209.2,1227.2,240336.2,-599986.4,0.0,0.0,1.0,0
1791061262.16,1193641.4,286.8,115869.5,115869.5,1208.9,1208.9,1226.9,240336.2,-599986.4,0.0,0.0,1.0,0
1791061262.67,1193641.4,287.3,115869.5,115869.5,1208.9,1208.9,1226.9,240336.2,-599986.4,0.0,0.0,1.0,0
1791061263.17,1193641.4,287.8,115917.8,115917.8,1208.6,1208.7,1226.7,240336.2,-599986.4,0.0,0.0,1.0,0
1791061263.67,1193641.4,288.3,115917.8,115917.8,1208.6,1208.7,1226.7,240336.2,-599986.4,0.0,0.0,1.0,0
1791061264.17,1193641.5,288.8,115966.1,115966.1,1208.3,1208.4,1226.4,240336.2,-599986.4,0.0,0.0,1.0,0
1791061264.67,1193641.5,289.3,115966.1,115966.1,1208.3,1208.4,1226.4,240336.2,-599986.4,0.0,0.0,1.0,0
1791061265.17,1193641.5,289.8,116014.5,116014.5,1208.0,1208.1,1226.1,240336.2,-599986.4,0.0,0.0,1.0,0
1791061265.67,1193641.5,290.3,116014.5,116014.5,1208.0,1208.1,1226.1,240336.2,-599986.4,0.0,0.0,1.0,0
1791061266.18,1193641.5,290.8,116062.8,116062.8,1207.8,1207.8,1225.9,240336.2,-599986.4,0.0,0.0,1.0,0
1791061266.68,1193641.6,291.3,116159.4,116159.4,1207.2,1207.3,1225.3,240336.2,-599986.4,0.0,0.0,1.0,0
1791061267.18,1193642.1,291.8,116786.2,116786.2,1203.6,1203.7,1221.8,240336.2,-599986.4,0.0,0.0,1.0,0
1791061267.68,1193642.6,292.3,117387.2,117387.2,1200.2,1200.3,1218.5,240336.2,-599986.4,0.0,0.0,1.0,0
1791061268.18,1193643.1,292.8,117986.4,117986.4,1196.8,1196.8,1215.1,240336.2,-599986.4,0.0,0.0,1.0,0
1791061268.68,1193643.6,293.3,118583.9,118583.9,1193.3,1193.4,1211.8,240336.2,-599986.4,0.0,0.0,1.0,0
1791061269.18,1193644.1,293.8,119179.7,119179.8,1189.9,1190.0,1208.5,240336.2,-599986.4,0.0,0.0,1.0,0
1791061269.69,1193644.6,294.3,119773.9,119773.9,1186.5,1186.6,1205.1,240336.2,-599986.4,0.0,0.0,1.0,0
1791061270.19,1193645.1,294.8,120366.3,120366.3,1183.1,1183.2,1201.8,240336.2,-599986.4,0.0,0.0,1.0,0
1791061270.69,1193645.6,295.3,120957.0,120957.0,1179.7,1179.8,1198.5,240336.2,-599986.4,0.0,0.0,1.0,0
1791061271.19,1193646.1,295.8,121546.0,121546.0,1176.3,1176.4,1195.2,240336.2,-599986.4,0.0,0.0,1.0,0
1791061271.69,1193646.6,296.3,122133.3,122133.3,1172.9,1173.0,1191.9,240336.2,-599986.4,0.0,0.0,1.0,0
1791061272.19,1193647.1,296.8,122718.9,122718.9,1169.5,1169.6,1188.6,240336.2,-599986.4,0.0,0.0,1.0,0
1791061272.69,1193647.7,297.3,123302.8,123302.8,1166.2,1166.2,1185.3,240336.2,-599986.4,0.0,0.0,1.0,0
1791061273.19,1193648.2,297.8,123885.1,123885.1,1162.8,1162.9,1182.0,240336.2,-599986.4,0.0,0.0,1.0,0
1791061273.7,1193648.7,298.3,124465.6,124465.6,1159.4,1159.5,1178.7,240336.2,-599986.4,0.0,0.0,1.0,0
1791061274.2,1193649.2,298.8,125067.6,125067.6,1155.9,1156.0,1175.3,240336.2,-599986.4,0.0,0.0,1.0,0
1791061274.7,1193649.7,299.3,125644.8,125644.8,1152.6,1152.7,1172.0,240336.2,-599986.4,0.0,0.0,1.0,0
1791061275.2,1193650.2,299.8,126220.2,126220.2,1149.2,1149.3,1168.8,240336.2,-599986.4,0.0,0.0,1.0,0
1791061275.7,1193650.7,300.3,126794.0,126794.0,1145.9,1146.0,1165.5,240336.2,-599986.4,0.0,0.0,1.0,0
1791061276.2,1193651.2,300.8,127366.1,127366.1,1142.5,1142.6,1162.3,240336.2,-599986.4,0.0,0.0,1.0,0
1791061276.7,1193651.7,301.3,127936.5,127936.5,1139.2,1139.3,1159.0,240336.2,-599986.4,0.0,0.0,1.0,0
1791061277.2,1193652.2,301.8,128505.3,128505.3,1135.9,1136.0,1155.8,240336.2,-599986.4,0.0,0.0,1.0,0
1791061277.71,1193652.7,302.3,129072.4,129072.4,1132.5,1132.6,1152.5,240336.2,-599986.4,0.0,0.0,1.0,0
1791061278.21,1193653.2,302.8,129637.9,129637.9,1129.2,1129.3,1149.3,240336.2,-599986.4,0.0,0.0,1.0,0
1791061278.71,1193653.7,303.3,130201.7,130201.6,1125.9,1126.0,1146.1,240336.2,-599986.4,0.0,0.0,1.0,0
1791061279.21,1193654.2,303.8,130763.8,130763.8,1122.6,1122.7,1142.9,240336.2,-599986.4,0.0,0.0,1.0,0
1791061279.71,1193654.7,304.3,131324.3,131324.3,1119.3,1119.4,1139.6,240336.2,-599986.4,0.0,0.0,1.0,0
1791061280.21,1193655.2,304.8,131905.4,131905.4,1115.9,1116.0,1136.3,240336.2,-599986.4,0.0,0.0,1.0,0
1791061280.71,1193655.7,305.3,132462.5,132462.5,1112.6,1112.7,1133.1,240336.2,-599986.4,0.0,0.0,1.0,0
1791061281.22,1193656.2,305.8,133018.0,133018.0,1109.3,1109.4,1129.9,240336.2,-599986.4,0.0,0.0,1.0,0
1791061281.72,1193656.6,306.3,133527.6,133527.6,1106.3,1106.3,1127.0,240336.2,-599986.4,0.0,0.0,1.0,0
1791061282.22,1193657.1,306.8,134079.9,134079.9,1103.0,1103.1,1123.8,240336.2,-599986.4,0.0,0.0,1.0,0
1791061282.72,1193657.6,307.3,134630.6,134630.6,1099.7,1099.8,1120.6,240336.2,-599986.4,0.0,0.0,1.0,0
1791061283.22,1193658.1,307.8,135179.6,135179.6,1096.4,1096.5,1117.4,240336.2,-599986.4,0.0,0.0,1.0,0
1791061283.72,1193658.6,308.3,135727.0,135727.0,1093.2,1093.3,1114.3,240336.2,-599986.4,0.0,0.0,1.0,0
1791061284.22,1193659.1,308.8,136272.8,136272.8,1089.9,1090.0,1111.1,240336.2,-599986.4,0.0,0.0,1.0,0
1791061284.72,1193659.6,309.3,136816.9,136817.0,1086.7,1086.7,1107.9,240336.2,-599986.4,0.0,0.0,1.0,0
1791061285.23,1193660.1,309.8,137359.5,137359.5,1083.4,1083.5,1104.8,240336.2,-599986.4,0.0,0.0,1.0,0
1791061285.73,1193660.6,310.3,137900.4,137900.4,1080.2,1080.3,1101.6,240336.2,-599986.4,0.0,0.0,1.0,0
1791061286.23,1193661.1,310.8,138439.6,138439.6,1076.9,1077.0,1098.5,240336.2,-599986.4,0.0,0.0,1.0,0
1791061286.73,1193661.6,311.3,138977.3,138977.3,1073.7,1073.8,1095.3,240336.2,-599986.4,0.0,0.0,1.0,0
1791061287.23,1193662.1,311.8,139513.3,139513.3,1070.5,1070.5,1092.2,240336.2,-599986.4,0.0,0.0,1.0,0
1791061287.73,1193662.6,312.3,140047.8,140047.8,1067.2,1067.3,1089.1,240336.2,-599986.4,0.0,0.0,1.0,0
1791061288.23,1193663.1,312.8,140580.6,140580.6,1064.0,1064.1,1085.9,240336.2,-599986.4,0.0,0.0,1.0,0
1791061288.73,1193663.6,313.3,141111.8,141111.8,1060.8,1060.9,1082.8,240336.2,-599986.4,0.0,0.0,1.0,0
1791061289.24,1193664.1,313.8,141641.4,141641.4,1057.6,1057.7,1079.7,240336.2,-599986.4,0.0,0.0,1.0,0
1791061289.74,1193664.6,314.3,142169.4,142169.4,1054.4,1054.5,1076.6,240336.2,-599986.4,0.0,0.0,1.0,0
1791061290.24,1193665.1,314.8,142695.8,142695.8,1051.2,1051.3,1073.5,240336.2,-599986.4,0.0,0.0,1.0,0
1791061290.74,1193665.6,315.4,143220.6,143220.6,1048.0,1048.1,1070.4,240336.2,-599986.4,0.0,0.0,1.0,0
1791061291.24,1193666.1,315.9,143743.8,143743.8,1044.8,1044.9,1067.3,240336.2,-599986.4,0.0,0.0,1.0,0
1791061291.74,1193666.7,316.4,144265.4,144265.4,1041.6,1041.7,1064.2,240336.2,-599986.4,0.0,0.0,1.0,0
1791061292.24,1193667.2,316.9,144785.4,144785.4,1038.4,1038.5,1061.1,240336.2,-599986.4,0.0,0.0,1.0,0
1791061292.75,1193667.7,317.4,145303.8,145303.8,1035.2,1035.3,1058.0,240336.2,-599986.4,0.0,0.0,1.0,0
1791061293.25,1193668.2,317.9,145841.2,145841.2,1031.9,1032.0,1054.8,240336.2,-599986.4,0.0,0.0,1.0,0
1791061293.75,1193668.7,318.4,146356.4,146356.4,1028.8,1028.8,1051.7,240336.2,-599986.4,0.0,0.0,1.0,0
1791061294.25,1193669.2,318.9,146870.0,146870.0,1025.6,1025.7,1048.7,240336.2,-599986.4,0.0,0.0,1.0,0
1791061294.75,1193669.7,319.4,147382.0,147382.0,1022.4,1022.5,1045.6,240336.2,-599986.4,0.0,0.0,1.0,0
1791061295.25,1193670.2,319.9,147892.4,147892.4,1019.3,1019.3,1042.6,240336.2,-599986.4,0.0,0.0,1.0,0
1791061295.75,1193670.7,320.4,148401.3,148401.3,1016.1,1016.2,1039.5,240336.2,-599986.4,0.0,0.0,1.0,0
1791061296.25,1193671.2,320.9,148908.5,148908.5,1013.0,1013.0,1036.5,240336.2,-599986.4,0.0,0.0,1.0,0
1791061296.76,1193671.7,321.4,149414.2,149414.2,1009.8,1009.9,1033.4,240336.2,-599986.4,0.0,0.0,1.0,0
1791061297.26,1193672.2,321.9,149918.3,149918.3,1006.7,1006.8,1030.4,240336.2,-599986.4,0.0,0.0,1.0,0
1791061297.76,1193672.7,322.4,150420.9,150420.9,1003.5,1003.6,1027.3,240336.2,-599986.4,0.0,0.0,1.0,0
1791061298.26,1193673.2,322.9,150921.9,150921.9,1000.4,1000.5,1024.3,240336.2,-599986.4,0.0,0.0,1.0,0
1791061298.76,1193673.7,323.4,151421.3,151421.3,997.3,997.4,1021.3,240336.2,-599986.4,0.0,0.0,1.0,0
1791061299.26,1193674.2,323.9,151919.1,151919.1,994.1,994.2,1018.3,240336.2,-599986.4,0.0,0.0,1.0,0
1791061299.76,1193674.7,324.4,152435.3,152435.3,990.9,991.0,1015.1,240336.2,-599986.4,0.0,0.0,1.0,0
1791061300.26,1193675.2,324.9,152929.9,152929.9,987.8,987.9,1012.1,240336.2,-599986.4,0.0,0.0,1.0,0
1791061300.77,1193675.7,325.4,153423.0,153423.0,984.7,984.8,1009.1,240336.2,-599986.4,0.0,0.0,1.0,0
1791061301.27,1193676.2,325.9,153914.6,153914.6,981.6,981.6,1006.1,240336.2,-599986.4,0.0,0.0,1.0,0
1791061301.77,1193676.7,326.4,154404.6,154404.6,978.5,978.5,1003.1,240336.2,-599986.4,0.0,0.0,1.0,0
1791061302.27,1193677.2,326.9,154893.1,154893.1,975.4,975.4,1000.1,240336.2,-599986.4,0.0,0.0,1.0,0
1791061302.77,1193677.7,327.4,155380.0,155380.0,972.3,972.3,997.1,240336.2,-599986.4,0.0,0.0,1.0,0
1791061303.27,1193678.2,327.9,155865.3,155865.3,969.2,969.3,994.1,240336.2,-599986.4,0.0,0.0,1.0,0
1791061303.77,1193678.7,328.4,156349.1,156349.1,966.1,966.2,991.2,240336.2,-599986.4,0.0,0.0,1.0,0
1791061304.28,1193679.2,328.9,156831.4,156831.4,963.0,963.1,988.2,240336.2,-599986.4,0.0,0.0,1.0,0
1791061304.78,1193679.7,329.4,157312.1,157312.1,959.9,960.0,985.2,240336.2,-599986.4,0.0,0.0,1.0,0
1791061305.28,1193680.2,329.9,157791.3,157791.3,956.8,956.9,982.3,240336.2,-599986.4,0.0,0.0,1.0,0
1791061305.78,1193680.7,330.4,158288.0,158288.0,953.6,953.7,979.2,240336.2,-599986.4,0.0,0.0,1.0,0
1791061306.28,1193681.2,330.9,158764.1,158764.1,950.6,950.7,976.2,240336.2,-599986.4,0.0,0.0,1.0,0
1791061306.78,1193681.7,331.4,159238.6,159238.6,947.5,947.6,973.3,240336.2,-599986.4,0.0,0.0,1.0,0
1791061307.28,1193682.2,331.9,159711.6,159711.6,944.4,944.5,970.3,240336.2,-599986.4,0.0,0.0,1.0,0
1791061307.78,1193682.7,332.4,160183.1,160183.1,941.4,941.5,967.4,240336.2,-599986.4,0.0,0.0,1.0,0
1791061308.29,1193683.2,332.9,160653.0,160653.0,938.3,938.4,964.4,240336.2,-599986.4,0.0,0.0,1.0,0
1791061308.79,1193683.7,333.4,161121.4,161121.4,935.3,935.4,961.5,240336.2,-599986.4,0.0,0.0,1.0,0
1791061309.29,1193684.2,333.9,161588.3,161588.3,932.2,932.3,958.6,240336.2,-599986.4,0.0,0.0,1.0,0
1791061309.79,1193684.7,334.4,162053.6,162053.6,929.2,929.3,955.6,240336.2,-599986.4,0.0,0.0,1.0,0
1791061310.29,1193685.2,334.9,162517.5,162517.5,926.2,926.2,952.7,240336.2,-599986.4,0.0,0.0,1.0,0
1791061310.79,1193685.7,335.4,162979.8,162979.8,923.1,923.2,949.8,240336.2,-599986.4,0.0,0.0,1.0,0
1791061311.29,1193686.2,335.9,163440.6,163440.6,920.1,920.2,946.9,240336.2,-599986.4,0.0,0.0,1.0,0
1791061311.79,1193686.7,336.4,163899.9,163899.9,917.1,917.1,944.0,240336.2,-599986.4,0.0,0.0,1.0,0
1791061312.3,1193687.2,336.9,164357.7,164357.7,914.0,914.1,941.1,240336.2,-599986.4,0.0,0.0,1.0,0
1791061312.8,1193687.7,337.4,164832.2,164832.2,910.9,911.0,938.0,240336.2,-599986.4,0.0,0.0,1.0,0
1791061313.3,1193688.2,337.9,165286.9,165286.9,907.9,908.0,935.2,240336.2,-599986.4,0.0,0.0,1.0,0
1791061313.8,1193688.7,338.4,165740.0,165740.0,904.9,905.0,932.3,240336.2,-599986.4,0.0,0.0,1.0,0
1791061314.3,1193689.2,338.9,166191.7,166191.7,901.9,901.9,929.4,240336.2,-599986.4,0.0,0.0,1.0,0
1791061314.8,1193689.7,339.4,166588.0,166588.0,899.2,899.3,926.8,240336.2,-599986.4,0.0,0.0,1.0,0
1791061315.3,1193690.2,339.9,167036.8,167036.8,896.2,896.3,923.9,240336.2,-599986.4,0.0,0.0,1.0,0
1791061315.8,1193690.7,340.4,167484.2,167484.2,893.2,893.3,921.1,240336.2,-599986.4,0.0,0.0,1.0,0
1791061316.31,1193691.2,340.9,167930.0,167930.0,890.2,890.3,918.2,240336.2,-599986.4,0.0,0.0,1.0,0
1791061316.81,1193691.7,341.4,168374.4,168374.4,887.2,887.3,915.3,240336.2,-599986.4,0.0,0.0,1.0,0
1791061317.31,1193692.2,341.9,168817.3,168817.3,884.2,884.3,912.5,240336.2,-599986.4,0.0,0.0,1.0,0
1791061317.81,1193692.7,342.4,169258.6,169258.6,881.2,881.3,909.6,240336.2,-599986.4,0.0,0.0,1.0,0
1791061318.31,1193693.2,342.9,169698.5,169698.5,878.3,878.4,906.7,240336.2,-599986.4,0.0,0.0,1.0,0
1791061318.81,1193693.7,343.4,170136.9,170136.9,875.3,875.4,903.9,240336.2,-599986.4,0.0,0.0,1.0,0
1791061319.31,1193694.2,343.9,170573.8,170573.8,872.3,872.4,901.0,240336.2,-599986.4,0.0,0.0,1.0,0
1791061319.81,1193694.7,344.4,171026.6,171026.6,869.2,869.3,898.1,240336.2,-599986.4,0.0,0.0,1.0,0
1791061320.32,1193695.2,344.9,171460.5,171460.5,866.2,866.3,895.2,240336.2,-599986.4,0.0,0.0,1.0,0
1791061320.82,1193695.7,345.4,171892.9,171892.8,863.3,863.4,892.4,240336.2,-599986.4,0.0,0.0,1.0,0
1791061321.32,1193696.2,345.9,172323.8,172323.8,860.3,860.4,889.6,240336.2,-599986.4,0.0,0.0,1.0,0
1791061321.82,1193696.7,346.4,172753.2,172753.2,857.4,857.5,886.7,240336.2,-599986.4,0.0,0.0,1.0,0
1791061322.32,1193697.2,346.9,173181.1,173181.1,854.4,854.5,883.9,240336.2,-599986.4,0.0,0.0,1.0,0
1791061322.82,1193697.7,347.4,173607.6,173607.6,851.5,851.5,881.1,240336.2,-599986.4,0.0,0.0,1.0,0
1791061323.32,1193698.2,347.9,174032.6,174032.6,848.5,848.6,878.3,240336.2,-599986.4,0.0,0.0,1.0,0
1791061323.82,1193698.7,348.4,174456.1,174456.1,845.6,845.7,875.5,240336.2,-599986.4,0.0,0.0,1.0,0
1791061324.33,1193699.2,348.9,174878.2,174878.2,842.6,842.7,872.7,240336.2,-599986.4,0.0,0.0,1.0,0
1791061324.83,1193699.7,349.4,175298.7,175298.7,839.7,839.8,869.8,240336.2,-599986.4,0.0,0.0,1.0,0
1791061325.33,1193700.2,349.9,175717.8,175717.8,836.7,836.8,867.0,240336.2,-599986.4,0.0,0.0,1.0,0
1791061325.83,1193700.7,350.4,176135.5,176135.5,833.8,833.9,864.2,240336.2,-599986.4,0.0,0.0,1.0,0
1791061326.33,1193701.2,350.9,176551.7,176551.7,830.9,831.0,861.5,240336.2,-599986.4,0.0,0.0,1.0,0
1791061326.83,1193701.7,351.4,176966.4,176966.4,828.0,828.1,858.7,240336.2,-599986.4,0.0,0.0,1.0,0
1791061327.33,1193702.2,351.9,177379.6,177379.6,825.0,825.1,855.9,240336.2,-599986.4,0.0,0.0,1.0,0
1791061327.83,1193702.7,352.4,177791.4,177791.4,822.1,822.2,853.1,240336.2,-599986.4,0.0,0.0,1.0,0
1791061328.34,1193703.2,352.9,178201.7,178201.7,819.2,819.3,850.3,240336.2,-599986.4,0.0,0.0,1.0,0
1791061328.84,1193703.7,353.4,178610.6,178610.6,816.3,816.4,847.5,240336.2,-599986.4,0.0,0.0,1.0,0
1791061329.34,1193704.2,353.9,179018.0,179018.0,813.4,813.5,844.8,240336.2,-599986.4,0.0,0.0,1.0,0
1791061329.84,1193704.7,354.5,179424.0,179424.0,810.5,810.6,842.0,240336.2,-599986.4,0.0,0.0,1.0,0
1791061330.34,1193705.2,355.0,179828.5,179828.5,807.6,807.7,839.2,240336.2,-599986.4,0.0,0.0,1.0,0
1791061330.84,1193705.7,355.5,180231.5,180231.5,804.7,804.8,836.5,240336.2,-599986.4,0.0,0.0,1.0,0
1791061331.34,1193706.2,356.0,180649.2,180649.2,801.6,801.7,833.6,240336.2,-599986.4,0.0,0.0,1.0,0
1791061331.85,1193706.7,356.5,181033.3,181033.3,798.9,799.0,831.0,240336.2,-599986.4,0.0,0.0,1.0,0
1791061332.35,1193707.2,357.0,181447.9,181447.9,795.8,795.9,828.1,240336.2,-599986.4,0.0,0.0,1.0,0
1791061332.85,1193707.7,357.5,181845.1,181845.1,793.0,793.1,825.4,240336.2,-599986.4,0.0,0.0,1.0,0
1791061333.35,1193708.2,358.0,182240.9,182240.9,790.1,790.2,822.6,240336.2,-599986.4,0.0,0.0,1.0,0
1791061333.85,1193708.7,358.5,182635.2,182635.2,787.2,787.3,819.9,240336.2,-599986.4,0.0,0.0,1.0,0
1791061334.35,1193709.2,359.0,183028.1,183028.1,784.3,784.4,817.1,240336.2,-599986.4,0.0,0.0,1.0,0
1791061334.85,1193709.7,359.5,183419.5,183419.5,781.4,781.5,814.4,240336.2,-599986.4,0.0,0.0,1.0,0
1791061335.35,1193710.2,360.0,183809.5,183809.5,778.6,778.7,811.7,240336.2,-599986.4,0.0,0.0,1.0,0
1791061335.86,1193710.7,360.5,184198.1,184198.1,775.7,775.8,809.0,240336.2,-599986.4,0.0,0.0,1.0,0
1791061336.36,1193711.2,361.0,184585.2,184585.2,772.8,772.9,806.2,240336.2,-599986.4,0.0,0.0,1.0,0
1791061336.86,1193711.7,361.5,184970.9,184970.9,769.9,770.0,803.5,240336.2,-599986.4,0.0,0.0,1.0,0
1791061337.36,1193712.2,362.0,185355.2,185355.2,767.1,767.2,800.8,240336.2,-599986.4,0.0,0.0,1.0,0
1791061337.86,1193712.7,362.5,185738.0,185738.0,764.2,764.3,798.1,240336.2,-599986.4,0.0,0.0,1.0,0
1791061338.36,1193713.2,363.0,186119.4,186119.4,761.4,761.5,795.4,240336.2,-599986.4,0.0,0.0,1.0,0
1791061338.86,1193713.7,363.5,186514.5,186514.5,758.4,758.5,792.6,240336.2,-599986.4,0.0,0.0,1.0,0
1791061339.36,1193714.2,364.0,186893.0,186893.0,755.5,755.6,789.9,240336.2,-599986.4,0.0,0.0,1.0,0
1791061339.87,1193714.7,364.5,187270.1,187270.1,752.7,752.8,787.2,240336.2,-599986.4,0.0,0.0,1.0,0
1791061340.37,1193715.2,365.0,187645.7,187645.7,749.8,749.9,784.5,240336.2,-599986.4,0.0,0.0,1.0,0
1791061340.87,1193715.7,365.5,188019.9,188019.9,747.0,747.1,781.8,240336.2,-599986.4,0.0,0.0,1.0,0
1791061341.37,1193716.2,366.0,188392.7,188392.7,744.2,744.3,779.1,240336.2,-599986.4,0.0,0.0,1.0,0
1791061341.87,1193716.7,366.5,188764.1,188764.1,741.3,741.4,776.5,240336.2,-599986.4,0.0,0.0,1.0,0
1791061342.37,1193717.2,367.0,189134.0,189134.0,738.5,738.6,773.8,240336.2,-599986.4,0.0,0.0,1.0,0
1791061342.87,1193717.7,367.5,189502.5,189502.5,735.6,735.7,771.1,240336.2,-599986.4,0.0,0.0,1.0,0
1791061343.37,1193718.2,368.0,189869.7,189869.7,732.8,732.9,768.4,240336.2,-599986.4,0.0,0.0,1.0,0
1791061343.88,1193718.7,368.5,190235.4,190235.4,730.0,730.1,765.8,240336.2,-599986.4,0.0,0.0,1.0,0
1791061344.38,1193719.2,369.0,190599.7,190599.7,727.2,727.3,763.1,240336.2,-599986.4,0.0,0.0,1.0,0
1791061344.88,1193719.7,369.5,190962.5,190962.5,724.3,724.4,760.5,240336.2,-599986.4,0.0,0.0,1.0,0
1791061345.38,1193719.7,370.0,190962.5,190962.5,724.3,724.4,760.5,240336.2,-599986.4,0.0,0.0,1.0,0
1791061345.88,1193719.8,370.5,190991.5,190991.5,724.1,724.2,760.3,240336.2,-599986.4,0.0,0.0,1.0,0
1791061346.38,1193719.8,371.0,190991.5,190991.5,724.1,724.2,760.3,240336.2,-599986.4,0.0,0.0,1.0,0
1791061346.88,1193719.8,371.5,191006.0,191006.0,724.0,724.1,760.1,240336.2,-599986.4,0.0,0.0,1.0,0
1791061347.39,1193719.8,372.0,191020.5,191020.5,723.9,724.0,760.0,240336.2,-599986.4,0.0,0.0,1.0,0
1791061347.89,1193719.8,372.5,191034.9,191034.9,723.8,723.9,759.9,240336.2,-599986.4,0.0,0.0,1.0,0
1791061348.39,1193719.8,373.0,191049.4,191049.4,723.7,723.8,759.8,240336.2,-599986.4,0.0,0.0,1.0,0
1791061348.89,1193719.9,373.5,191063.9,-1.0,723.7,723.8,759.8,240336.2,-599986.4,0.0,0.0,1.0,0
1791061349.39,1193719.9,374.0,191078.3,191078.3,723.4,723.5,759.6,240336.2,-599986.4,0.0,0.0,1.0,0
1791061349.89,1193719.9,374.5,191078.3,191078.3,723.4,723.5,759.6,240336.2,-599986.4,0.0,0.0,1.0,0
1791061350.39,1193719.9,375.0,191107.3,191107.3,723.2,723.3,759.4,240336.2,-599986.4,0.0,0.0,1.0,0
1791061350.9,1193719.9,375.5,191107.3,191107.3,723.2,723.3,759.4,240336.2,-599986.4,0.0,0.0,1.0,0
1791061351.4,1193720.0,376.0,191136.2,191136.2,723.0,723.1,759.2,240336.2,-599986.4,0.0,0.0,1.0,0
1791061351.9,1193720.0,376.5,191136.2,191136.2,723.0,723.1,759.2,240336.2,-599986.4,0.0,0.0,1.0,0
1791061352.4,1193720.0,377.0,191165.1,191165.1,722.7,722.9,759.0,240336.2,-599986.4,0.0,0.0,1.0,0
1791061352.9,1193720.0,377.5,191165.1,191165.1,722.7,722.9,759.0,240336.2,-599986.4,0.0,0.0,1.0,0
1791061353.4,1193720.0,378.0,191194.0,191194.0,722.5,722.6,758.8,240336.2,-599986.4,0.0,0.0,1.0,0
1791061353.9,1193720.0,378.5,191194.0,191194.0,722.5,722.6,758.8,240336.2,-599986.4,0.0,0.0,1.0,0
1791061354.4,1193720.3,379.0,191396.1,191396.1,720.9,721.1,757.3,240336.2,-599986.4,0.0,0.0,1.0,0
1791061354.91,1193720.8,379.5,191755.9,191755.9,718.1,718.2,754.6,240336.2,-599986.4,0.0,0.0,1.0,0
1791061355.41,1193721.3,380.0,192114.2,192114.3,715.3,715.4,752.0,240336.2,-599986.4,0.0,0.0,1.0,0
1791061355.91,1193721.8,380.5,192471.2,192471.2,712.5,712.6,749.3,240336.2,-599986.4,0.0,0.0,1.0,0
1791061356.41,1193722.3,381.0,192826.8,192826.8,709.7,709.8,746.7,240336.2,-599986.4,0.0,0.0,1.0,0
1791061356.91,1193722.8,381.5,193180.9,193180.9,706.9,707.0,744.1,240336.2,-599986.4,0.0,0.0,1.0,0
1791061357.41,1193723.3,382.0,193533.6,193533.6,704.1,704.2,741.4,240336.2,-599986.4,0.0,0.0,1.0,0
1791061357.91,1193723.8,382.5,193885.0,193885.0,701.3,701.4,738.8,240336.2,-599986.4,0.0,0.0,1.0,0
1791061358.41,1193724.3,383.0,194234.9,194234.9,698.5,698.6,736.2,240336.2,-599986.4,0.0,0.0,1.0,0
1791061358.92,1193724.8,383.5,194583.5,194583.5,695.7,695.8,733.6,240336.2,-599986.4,0.0,0.0,1.0,0
1791061359.42,1193725.3,384.0,194930.6,194930.6,692.9,693.0,730.9,240336.2,-599986.4,0.0,0.0,1.0,0
1791061359.92,1193725.8,384.5,195276.3,195276.3,690.1,690.2,728.3,240336.2,-599986.4,0.0,0.0,1.0,0
1791061360.42,1193726.3,385.0,195620.7,195620.7,687.3,687.4,725.7,240336.2,-599986.4,0.0,0.0,1.0,0
1791061360.92,1193726.8,385.5,195963.6,195963.6,684.5,684.6,723.1,240336.2,-599986.4,0.0,0.0,1.0,0
1791061361.42,1193727.3,386.0,196305.2,196305.2,681.7,681.8,720.5,240336.2,-599986.4,0.0,0.0,1.0,0
1791061361.92,1193727.8,386.5,196645.4,196645.4,678.9,679.0,717.9,240336.2,-599986.4,0.0,0.0,1.0,0
1791061362.43,1193728.3,387.0,196984.1,196984.1,676.2,676.3,715.3,240336.2,-599986.4,0.0,0.0,1.0,0
1791061362.93,1193728.8,387.5,197321.5,197321.5,673.4,673.5,712.7,240336.2,-599986.4,0.0,0.0,1.0,0
1791061363.43,1193729.3,388.0,197657.5,197657.5,670.6,670.7,710.1,240336.2,-599986.4,0.0,0.0,1.0,0
1791061363.93,1193729.8,388.5,198005.5,198005.5,667.7,667.8,707.4,240336.2,-599986.4,0.0,0.0,1.0,0
1791061364.43,1193730.3,389.0,198338.7,198338.7,664.9,665.1,704.8,240336.2,-599986.4,0.0,0.0,1.0,0
1791061364.93,1193730.8,389.5,198670.4,198670.5,662.2,662.3,702.3,240336.2,-599986.4,0.0,0.0,1.0,0
1791061365.43,1193731.3,390.0,199000.8,199000.8,659.4,659.5,699.7,240336.2,-599986.4,0.0,0.0,1.0,0
1791061365.93,1193731.8,390.5,199329.9,199329.9,656.6,656.8,697.1,240336.2,-599986.4,0.0,0.0,1.0,0
1791061366.44,1193732.3,391.0,199657.5,199657.5,653.9,654.0,694.5,240336.2,-599986.4,0.0,0.0,1.0,0
1791061366.94,1193732.8,391.5,199983.8,199983.8,651.1,651.2,692.0,240336.2,-599986.4,0.0,0.0,1.0,0
1791061367.44,1193733.3,392.0,200308.6,200308.6,648.4,648.5,689.4,240336.2,-599986.4,0.0,0.0,1.0,0
1791061367.94,1193733.8,392.6,200632.1,200632.1,645.6,645.7,686.9,240336.2,-599986.4,0.0,0.0,1.0,0
1791061368.44,1193734.3,393.1,200954.2,200954.2,642.9,643.0,684.3,240336.2,-599986.4,0.0,0.0,1.0,0
1791061368.94,1193734.9,393.6,201275.0,201275.0,640.1,640.2,681.7,240336.2,-599986.4,0.0,0.0,1.0,0
1791061369.44,1193735.4,394.1,201594.3,201594.3,637.4,637.5,679.2,240336.2,-599986.4,0.0,0.0,1.0,0
1791061369.95,1193735.9,394.6,201912.3,201912.3,634.6,634.7,676.7,240336.2,-599986.4,0.0,0.0,1.0,0
1791061370.45,1193736.4,395.1,202229.0,202229.0,631.9,632.0,674.1,240336.2,-599986.4,0.0,0.0,1.0,0
1791061370.95,1193736.9,395.6,202556.8,202556.8,629.0,629.1,671.5,240336.2,-599986.4,0.0,0.0,1.0,0
1791061371.45,1193737.4,396.1,202870.6,202870.6,626.3,626.4,668.9,240336.2,-599986.4,0.0,0.0,1.0,0
1791061371.95,1193737.9,396.6,203183.1,203183.1,623.5,623.6,666.4,240336.2,-599986.4,0.0,0.0,1.0,0
1791061372.45,1193738.4,397.1,203494.2,203494.2,620.8,620.9,663.9,240336.2,-599986.4,0.0,0.0,1.0,0
1791061372.95,1193738.9,397.6,203803.9,203803.9,618.1,618.2,661.4,240336.2,-599986.4,0.0,0.0,1.0,0
1791061373.45,1193739.4,398.1,204112.2,204112.2,615.3,615.4,658.8,240336.2,-599986.4,0.0,0.0,1.0,0
1791061373.96,1193739.8,398.6,204407.0,204407.0,612.7,612.8,656.4,240336.2,-599986.4,0.0,0.0,1.0,0
1791061374.46,1193740.4,399.1,204724.8,204724.8,609.9,610.0,653.8,240336.2,-599986.4,0.0,0.0,1.0,0
1791061374.96,1193740.9,399.6,205029.1,205029.1,607.1,607.3,651.3,240336.2,-599986.4,0.0,0.0,1.0,0
1791061375.46,1193741.4,400.1,205332.0,205332.0,604.4,604.5,648.8,240336.2,-599986.4,0.0,0.0,1.0,0
1791061375.96,1193741.9,400.6,205633.5,205633.5,601.7,601.8,646.3,240336.2,-599986.4,0.0,0.0,1.0,0
1791061376.46,1193742.3,401.1,205909.7,205909.7,599.2,599.3,644.0,240336.2,-599986.4,0.0,0.0,1.0,0
1791061376.96,1193742.3,401.6,205921.7,205921.7,599.1,599.2,643.9,240336.2,-599986.4,0.0,0.0,1.0,0
1791061377.46,1193742.3,402.1,205921.7,205921.7,599.1,599.2,643.9,240336.2,-599986.4,0.0,0.0,1.0,0
1791061377.97,1193742.4,402.6,205945.7,205945.7,598.9,599.0,643.7,240336.2,-599986.4,0.0,0.0,1.0,0
1791061378.47,1193742.4,403.1,205945.7,205945.7,598.9,599.0,643.7,240336.2,-599986.4,0.0,0.0,1.0,0
1791061378.97,1193742.4,403.6,205969.6,205969.6,598.7,598.8,643.5,240336.2,-599986.4,0.0,0.0,1.0,0
1791061379.47,1193742.4,404.1,205969.6,205969.6,598.7,598.8,643.5,240336.2,-599986.4,0.0,0.0,1.0,0
1791061379.97,1193742.5,404.6,205993.6,205993.6,598.4,598.6,643.3,240336.2,-599986.4,0.0,0.0,1.0,0
1791061380.47,1193742.5,405.1,205993.6,205993.6,598.4,598.6,643.3,240336.2,-599986.4,0.0,0.0,1.0,0
1791061380.97,1193742.5,405.6,206017.5,206017.5,598.2,598.3,643.1,240336.2,-599986.4,0.0,0.0,1.0,0
1791061381.47,1193742.5,406.1,206017.5,206017.5,598.2,598.3,643.1,240336.2,-599986.4,0.0,0.0,1.0,0
1791061381.98,1193742.5,406.6,206041.4,206041.4,598.0,598.1,642.9,240336.2,-599986.4,0.0,0.0,1.0,0
1791061382.48,1193742.5,407.1,206041.4,206041.4,598.0,598.1,642.9,240336.2,-599986.4,0.0,0.0,1.0,0
1791061382.98,1193742.6,407.6,206065.3,206065.3,597.8,597.9,642.7,240336.2,-599986.4,0.0,0.0,1.0,0
1791061383.48,1193742.6,408.1,206065.3,206065.3,597.8,597.9,642.7,240336.2,-599986.4,0.0,0.0,1.0,0
1791061383.98,1193742.6,408.6,206089.2,206089.2,597.6,597.7,642.5,240336.2,-599986.4,0.0,0.0,1.0,0
1791061384.48,1193742.6,409.1,206089.2,206089.2,597.6,597.7,642.5,240336.2,-599986.4,0.0,0.0,1.0,0
1791061384.98,1193742.7,409.6,206113.1,206113.1,597.4,597.5,642.3,240336.2,-599986.4,0.0,0.0,1.0,0
1791061385.48,1193742.7,410.1,206113.1,206113.1,597.4,597.5,642.3,240336.2,-599986.4,0.0,0.0,1.0,0
1791061385.99,1193742.7,410.6,206137.0,206137.0,597.1,597.3,642.1,240336.2,-599986.4,0.0,0.0,1.0,0
1791061386.49,1193742.7,411.1,206137.0,206137.0,597.1,597.3,642.1,240336.2,-599986.4,0.0,0.0,1.0,0
1791061386.99,1193742.7,411.6,206160.9,206160.9,596.9,597.0,641.9,240336.2,-599986.4,0.0,0.0,1.0,0
1791061387.49,1193742.7,412.1,206160.9,206160.9,596.9,597.0,641.9,240336.2,-599986.4,0.0,0.0,1.0,0
1791061387.99,1193742.8,412.6,206184.8,206184.8,596.7,596.8,641.7,240336.2,-599986.4,0.0,0.0,1.0,0
1791061388.49,1193742.8,413.1,206184.8,206184.8,596.7,596.8,641.7,240336.2,-599986.4,0.0,0.0,1.0,0
1791061388.99,1193742.8,413.6,206208.6,206208.6,596.5,596.6,641.5,240336.2,-599986.4,0.0,0.0,1.0,0
1791061389.5,1193742.8,414.1,206208.6,206208.6,596.5,596.6,641.5,240336.2,-599986.4,0.0,0.0,1.0,0
1791061390.0,1193742.9,414.6,206232.5,206232.5,596.3,596.4,641.3,240336.2,-599986.4,0.0,0.0,1.0,0
1791061390.5,1193742.9,415.1,206232.5,206232.5,596.3,596.4,641.3,240336.2,-599986.4,0.0,0.0,1.0,0
1791061391.0,1193742.9,415.6,206256.3,206256.3,596.0,596.2,641.1,240336.2,-599986.4,0.0,0.0,1.0,0
1791061391.5,1193742.9,416.1,206256.3,206256.3,596.0,596.2,641.1,240336.2,-599986.4,0.0,0.0,1.0,0
1791061392.0,1193742.9,416.6,206280.2,206280.2,595.8,596.0,640.9,240336.2,-599986.4,0.0,0.0,1.0,0
1791061392.5,1193742.9,417.1,206280.2,206280.2,595.8,596.0,640.9,240336.2,-599986.4,0.0,0.0,1.0,0
1791061393.0,1193743.0,417.6,206304.0,206304.0,595.6,595.7,640.7,240336.2,-599986.4,0.0,0.0,1.0,0
1791061393.51,1193743.0,418.1,206304.0,206304.0,595.6,595.7,640.7,240336.2,-599986.4,0.0,0.0,1.0,0
1791061394.01,1193743.0,418.6,206327.8,206327.8,595.4,595.5,640.5,240336.2,-599986.4,0.0,0.0,1.0,0
1791061394.51,1193743.0,419.1,206327.8,206327.8,595.4,595.5,640.5,240336.2,-599986.4,0.0,0.0,1.0,0
1791061395.01,1193743.1,419.6,206351.6,206351.6,595.2,595.3,640.3,240336.2,-599986.4,0.0,0.0,1.0,0
1791061395.51,1193743.1,420.1,206351.6,206351.6,595.2,595.3,640.3,240336.2,-599986.4,0.0,0.0,1.0,0
1791061396.01,1193743.1,420.6,206375.4,206375.5,595.0,595.1,640.1,240336.2,-599986.4,0.0,0.0,1.0,0
1791061396.51,1193743.1,421.1,206375.4,206375.5,595.0,595.1,640.1,240336.2,-599986.4,0.0,0.0,1.0,0
1791061397.01,1193743.1,421.6,206399.2,206399.3,594.7,594.9,639.9,240336.2,-599986.4,0.0,0.0,1.0,0
1791061397.52,1193743.1,422.1,206399.2,206399.3,594.7,594.9,639.9,240336.2,-599986.4,0.0,0.0,1.0,0
1791061398.02,1193743.2,422.6,206423.0,206423.0,594.5,594.6,639.7,240336.2,-599986.4,0.0,0.0,1.0,0
1791061398.52,1193743.2,423.1,206423.0,206423.0,594.5,594.6,639.7,240336.2,-599986.4,0.0,0.0,1.0,0
1791061399.02,1193743.2,423.6,206446.8,206446.8,594.3,594.4,639.5,240336.2,-599986.4,0.0,0.0,1.0,0
1791061399.52,1193743.2,424.1,206446.8,206446.8,594.3,594.4,639.5,240336.2,-599986.4,0.0,0.0,1.0,0
1791061400.02,1193743.3,424.6,206470.6,206470.6,594.1,594.2,639.3,240336.2,-599986.4,0.0,0.0,1.0,0
1791061400.52,1193743.3,425.1,206470.6,206470.6,594.1,594.2,639.3,240336.2,-599986.4,0.0,0.0,1.0,0
1791061401.02,1193743.3,425.6,206494.3,206494.3,593.9,594.0,639.1,240336.2,-599986.4,0.0,0.0,1.0,0
1791061401.53,1193743.3,426.1,206494.3,206494.3,593.9,594.0,639.1,240336.2,-599986.4,0.0,0.0,1.0,0
1791061402.03,1193743.3,426.6,206518.1,206518.1,593.7,593.8,638.9,240336.2,-599986.4,0.0,0.0,1.0,0
1791061402.53,1193743.3,427.1,206518.1,206518.1,593.7,593.8,638.9,240336.2,-599986.4,0.0,0.0,1.0,0
1791061403.03,1193743.4,427.6,206541.8,206541.8,593.4,593.6,638.7,240336.2,-599986.4,0.0,0.0,1.0,0
1791061403.53,1193743.4,428.1,206541.8,206541.8,593.4,593.6,638.7,240336.2,-599986.4,0.0,0.0,1.0,0
1791061404.03,1193743.4,428.6,206565.6,206565.6,593.2,593.3,638.5,240336.2,-599986.4,0.0,0.0,1.0,0
1791061404.53,1193743.4,429.1,206565.6,206565.6,593.2,593.3,638.5,240336.2,-599986.4,0.0,0.0,1.0,0
1791061405.04,1193743.5,429.6,206589.3,206589.3,593.0,593.1,638.3,240336.2,-599986.4,0.0,0.0,1.0,0
1791061405.54,1193743.5,430.1,206589.3,206589.3,593.0,593.1,638.3,240336.2,-599986.4,0.0,0.0,1.0,0
1791061406.04,1193743.5,430.6,206613.0,206613.0,592.8,592.9,638.1,240336.2,-599986.4,0.0,0.0,1.0,0
1791061406.54,1193743.5,431.2,206613.0,206613.0,592.8,592.9,638.1,240336.2,-599986.4,0.0,0.0,1.0,0
1791061407.04,1193743.5,431.7,206636.7,206636.7,592.6,592.7,637.9,240336.2,-599986.4,0.0,0.0,1.0,0
1791061407.54,1193743.5,432.2,206636.7,206636.7,592.6,592.7,637.9,240336.2,-599986.4,0.0,0.0,1.0,0
1791061408.04,1193743.6,432.7,206660.4,206660.4,592.4,592.5,637.7,240336.2,-599986.4,0.0,0.0,1.0,0
1791061408.54,1193743.6,433.2,206660.4,206660.4,592.4,592.5,637.7,240336.2,-599986.4,0.0,0.0,1.0,0
1791061409.05,1193743.6,433.7,206684.1,206684.1,592.1,592.3,637.5,240336.2,-599986.4,0.0,0.0,1.0,0
1791061409.55,1193743.6,434.2,206684.1,206684.1,592.1,592.3,637.5,240336.2,-599986.4,0.0,0.0,1.0,0
1791061410.05,1193743.7,434.7,206707.8,206707.8,591.9,592.0,637.3,240336.2,-599986.4,0.0,0.0,1.0,0
1791061410.55,1193743.7,435.2,206707.8,206707.8,591.9,592.0,637.3,240336.2,-599986.4,0.0,0.0,1.0,0
1791061411.05,1193743.7,435.7,206731.5,206731.5,591.7,591.8,637.1,240336.2,-599986.4,0.0,0.0,1.0,0
1791061411.55,1193743.7,436.2,206731.5,206731.5,591.7,591.8,637.1,240336.2,-599986.4,0.0,0.0,1.0,0
1791061412.05,1193744.0,436.7,206920.5,206920.5,590.0,590.1,635.5,240336.2,-599986.4,0.0,0.0,1.0,0
1791061412.55,1193744.5,437.2,207226.6,207226.6,587.1,587.3,632.9,240336.2,-599986.4,0.0,0.0,1.0,0
1791061413.06,1193745.0,437.7,207507.8,207507.8,584.5,584.7,630.5,240336.2,-599986.4,0.0,0.0,1.0,0
1791061413.56,1193745.5,438.2,207799.4,207799.4,581.8,582.0,628.1,240336.2,-599986.4,0.0,0.0,1.0,0
1791061414.06,1193746.0,438.7,208089.6,208089.6,579.1,579.3,625.6,240336.2,-599986.4,0.0,0.0,1.0,0
1791061414.56,1193746.5,439.2,208378.5,208378.5,576.4,576.6,623.1,240336.2,-599986.4,0.0,0.0,1.0,0
1791061415.06,1193747.0,439.7,208666.1,208666.1,573.7,573.9,620.7,240336.2,-599986.4,0.0,0.0,1.0,0
1791061415.56,1193747.5,440.2,208963.7,208963.7,570.9,571.1,618.1,240336.2,-599986.4,0.0,0.0,1.0,0
1791061416.06,1193748.0,440.7,209248.5,209248.5,568.2,568.4,615.6,240336.2,-599986.4,0.0,0.0,1.0,0
1791061416.56,1193748.5,441.2,209531.9,209531.9,565.5,565.7,613.2,240336.2,-599986.4,0.0,0.0,1.0,0
1791061417.07,1193749.0,441.7,209814.0,209814.0,562.8,563.0,610.7,240336.2,-599986.4,0.0,0.0,1.0,0
1791061417.57,1193749.5,442.2,210094.8,210094.8,560.1,560.3,608.3,240336.2,-599986.4,0.0,0.0,1.0,0
1791061418.07,1193750.0,442.7,210374.2,210374.2,557.5,557.6,605.8,240336.2,-599986.4,0.0,0.0,1.0,0
1791061418.57,1193750.5,443.2,210652.2,210652.2,554.8,554.9,603.4,240336.2,-599986.4,0.0,0.0,1.0,0
1791061419.07,1193751.0,443.7,210928.9,210928.9,552.1,552.2,601.0,240336.2,-599986.4,0.0,0.0,1.0,0
1791061419.57,1193751.5,444.2,211204.3,211204.3,549.4,549.5,598.5,240336.2,-599986.4,0.0,0.0,1.0,0
1791061420.07,1193752.0,444.7,211478.3,211478.3,546.7,546.8,596.1,240336.2,-599986.4,0.0,0.0,1.0,0
1791061420.58,1193752.5,445.2,211751.0,211751.0,544.0,544.2,593.7,240336.2,-599986.4,0.0,0.0,1.0,0
1791061421.08,1193753.1,445.7,212022.4,212022.4,541.4,541.5,591.3,240336.2,-599986.4,0.0,0.0,1.0,0
1791061421.58,1193753.6,446.2,212292.4,212292.4,538.7,538.8,588.8,240336.2,-599986.4,0.0,0.0,1.0,0
1791061422.08,1193754.1,446.7,212571.8,212571.8,535.9,536.0,586.3,240336.2,-599986.4,0.0,0.0,1.0,0
1791061422.58,1193754.6,447.2,212839.1,212839.1,533.2,533.4,583.9,240336.2,-599986.4,0.0,0.0,1.0,0
1791061423.08,1193755.1,447.7,213105.0,213105.0,530.6,530.7,581.5,240336.2,-599986.4,0.0,0.0,1.0,0
1791061423.58,1193755.6,448.2,213369.6,213369.6,527.9,528.0,579.1,240336.2,-599986.4,0.0,0.0,1.0,0
1791061424.08,1193756.1,448.7,213632.9,213632.9,525.2,525.4,576.7,240336.2,-599986.4,0.0,0.0,1.0,0
1791061424.59,1193756.6,449.2,213894.9,213894.9,522.5,522.7,574.3,240336.2,-599986.4,0.0,0.0,1.0,0
1791061425.09,1193757.1,449.7,214155.5,214155.5,519.9,520.0,571.9,240336.2,-599986.4,0.0,0.0,1.0,0
1791061425.59,1193757.6,450.2,214414.7,214414.8,517.2,517.4,569.5,240336.2,-599986.4,0.0,0.0,1.0,0
1791061426.09,1193758.1,450.7,214672.7,214672.7,514.6,514.7,567.1,240336.2,-599986.4,0.0,0.0,1.0,0
1791061426.59,1193758.6,451.2,214929.3,214929.3,511.9,512.0,564.8,240336.2,-599986.4,0.0,0.0,1.0,0
1791061427.09,1193758.9,451.7,215123.5,215123.5,509.9,510.0,563.0,240336.2,-599986.4,0.0,0.0,1.0,0
1791061427.59,1193759.5,452.2,215377.7,215377.7,507.2,507.4,560.6,240336.2,-599986.4,0.0,0.0,1.0,0
1791061428.1,1193760.0,452.7,215630.7,215630.7,504.6,504.7,558.2,240336.2,-599986.4,0.0,0.0,1.0,0
1791061428.6,1193760.5,453.2,215892.3,215892.3,501.8,502.0,555.8,240336.2,-599986.4,0.0,0.0,1.0,0
1791061429.1,1193761.0,453.7,216142.6,216142.6,499.2,499.3,553.4,240336.2,-599986.4,0.0,0.0,1.0,0
1791061429.6,1193761.5,454.2,216391.5,216391.5,496.5,496.7,551.0,240336.2,-599986.4,0.0,0.0,1.0,0
1791061430.1,1193762.0,454.7,216639.1,216639.1,493.9,494.0,548.7,240336.2,-599986.4,0.0,0.0,1.0,0
1791061430.6,1193762.5,455.2,216885.4,216885.4,491.2,491.4,546.3,240336.2,-599986.4,0.0,0.0,1.0,0
1791061431.1,1193763.0,455.7,217130.3,217130.3,488.6,488.7,544.0,240336.2,-599986.4,0.0,0.0,1.0,0
1791061431.61,1193763.5,456.2,217373.9,217373.9,485.9,486.1,541.6,240336.2,-599986.4,0.0,0.0,1.0,0
1791061432.11,1193764.0,456.7,217616.2,217616.2,483.3,483.4,539.3,240336.2,-599986.4,0.0,0.0,1.0,0
1791061432.61,1193764.5,457.2,217857.2,217857.2,480.6,480.8,537.0,240336.2,-599986.4,0.0,0.0,1.0,0
1791061433.11,1193765.0,457.7,218096.9,218096.9,478.0,478.1,534.6,240336.2,-599986.4,0.0,0.0,1.0,0
1791061433.61,1193765.3,458.2,218259.1,218259.1,476.2,476.4,533.1,240336.2,-599986.4,0.0,0.0,1.0,0
1791061434.11,1193765.8,458.7,218496.6,218496.5,473.6,473.7,530.7,240336.2,-599986.4,0.0,0.0,1.0,0
1791061434.61,1193766.3,459.2,218732.7,218732.7,470.9,471.1,528.4,240336.2,-599986.4,0.0,0.0,1.0,0
1791061435.11,1193766.8,459.7,218967.5,218967.5,468.3,468.5,526.1,240336.2,-599986.4,0.0,0.0,1.0,0
1791061435.62,1193767.3,460.2,219201.0,219201.0,465.7,465.8,523.8,240336.2,-599986.4,0.0,0.0,1.0,0
1791061436.14,1193767.6,460.8,219321.9,219321.9,464.3,464.5,522.6,240336.2,-599986.4,0.0,0.0,1.0,0
1791061436.64,1193767.6,461.3,219321.9,219321.9,464.3,464.5,522.6,240336.2,-599986.4,0.0,0.0,1.0,0
1791061437.15,1193767.6,461.8,219340.5,219340.5,464.1,464.2,522.4,240336.2,-599986.4,0.0,0.0,1.0,0
1791061437.65,1193767.6,462.3,219340.5,219340.5,464.1,464.2,522.4,240336.2,-599986.4,0.0,0.0,1.0,0
1791061438.15,1193767.6,462.8,219359.0,219359.0,463.9,464.0,522.2,240336.2,-599986.4,0.0,0.0,1.0,0
1791061438.66,1193767.6,463.3,219359.0,219359.0,463.9,464.0,522.2,240336.2,-599986.4,0.0,0.0,1.0,0
1791061439.16,1193767.7,463.8,219377.6,219377.6,463.7,463.8,522.0,240336.2,-599986.4,0.0,0.0,1.0,0
1791061439.66,1193767.7,464.3,219377.6,219377.6,463.7,463.8,522.0,240336.2,-599986.4,0.0,0.0,1.0,0
1791061440.16,1193767.7,464.8,219396.1,219396.1,463.5,463.6,521.9,240336.2,-599986.4,0.0,0.0,1.0,0
1791061440.67,1193767.7,465.3,219396.1,219396.1,463.5,463.6,521.9,240336.2,-599986.4,0.0,0.0,1.0,0
1791061441.17,1193767.8,465.8,219414.6,219414.6,463.2,463.4,521.7,240336.2,-599986.4,0.0,0.0,1.0,0
1791061441.67,1193767.8,466.3,219414.6,219414.6,463.2,463.4,521.7,240336.2,-599986.4,0.0,0.0,1.0,0
1791061442.17,1193767.8,466.8,219433.2,219433.2,463.0,463.2,521.5,240336.2,-599986.4,0.0,0.0,1.0,0
1791061442.67,1193767.8,467.3,219433.2,219433.2,463.0,463.2,521.5,240336.2,-599986.4,0.0,0.0,1.0,0
1791061443.17,1193767.8,467.8,219451.7,219451.7,462.8,463.0,521.3,240336.2,-599986.4,0.0,0.0,1.0,0
1791061443.67,1193767.8,468.3,219451.7,219451.7,462.8,463.0,521.3,240336.2,-599986.4,0.0,0.0,1.0,0
1791061444.18,1193767.9,468.8,219470.2,219470.2,462.6,462.8,521.1,240336.2,-599986.4,0.0,0.0,1.0,0
1791061444.68,1193767.9,469.3,219470.2,219470.2,462.6,462.8,521.1,240336.2,-599986.4,0.0,0.0,1.0,0
1791061445.18,1193767.9,469.8,219488.7,219488.7,462.4,462.6,520.9,240336.2,-599986.4,0.0,0.0,1.0,0
1791061445.68,1193767.9,470.3,219488.7,219488.7,462.4,462.6,520.9,240336.2,-599986.4,0.0,0.0,1.0,0
1791061446.18,1193768.0,470.8,219507.2,219507.2,462.2,462.4,520.7,240336.2,-599986.4,0.0,0.0,1.0,0
1791061446.68,1193768.0,471.3,219507.2,219507.2,462.2,462.4,520.7,240336.2,-599986.4,0.0,0.0,1.0,0
1791061447.18,1193768.0,471.8,219525.7,219525.7,462.0,462.1,520.6,240336.2,-599986.4,0.0,0.0,1.0,0
1791061447.68,1193768.0,472.3,219525.7,219525.7,462.0,462.1,520.6,240336.2,-599986.4,0.0,0.0,1.0,0
1791061448.19,1193768.0,472.8,219544.1,219544.1,461.8,461.9,520.4,240336.2,-599986.4,0.0,0.0,1.0,0
1791061448.69,1193768.0,473.3,219544.1,219544.1,461.8,461.9,520.4,240336.2,-599986.4,0.0,0.0,1.0,0
1791061449.19,1193768.1,473.8,219562.6,219562.6,461.6,461.7,520.2,240336.2,-599986.4,0.0,0.0,1.0,0
1791061449.69,1193768.1,474.3,219562.6,219562.6,461.6,461.7,520.2,240336.2,-599986.4,0.0,0.0,1.0,0
1791061450.19,1193768.1,474.8,219581.1,219581.1,461.4,461.5,520.0,240336.2,-599986.4,0.0,0.0,1.0,0
1791061450.69,1193768.1,475.3,219581.1,219581.1,461.4,461.5,520.0,240336.2,-599986.4,0.0,0.0,1.0,0
1791061451.19,1193768.2,475.8,219599.5,219599.5,461.1,461.3,519.8,240336.2,-599986.4,0.0,0.0,1.0,0
1791061451.7,1193768.2,476.3,219599.5,219599.5,461.1,461.3,519.8,240336.2,-599986.4,0.0,0.0,1.0,0
1791061452.2,1193768.2,476.8,219618.0,219618.0,460.9,461.1,519.6,240336.2,-599986.4,0.0,0.0,1.0,0
1791061452.7,1193768.2,477.3,219618.0,219618.0,460.9,461.1,519.6,240336.2,-599986.4,0.0,0.0,1.0,0
1791061453.2,1193768.2,477.8,219636.4,219636.4,460.7,460.9,519.5,240336.2,-599986.4,0.0,0.0,1.0,0
1791061453.7,1193768.2,478.3,219636.4,219636.4,460.7,460.9,519.5,240336.2,-599986.4,0.0,0.0,1.0,0
1791061454.2,1193768.3,478.8,219654.8,219654.8,460.5,460.7,519.3,240336.2,-599986.4,0.0,0.0,1.0,0
1791061454.7,1193768.3,479.3,219654.8,219654.8,460.5,460.7,519.3,240336.2,-599986.4,0.0,0.0,1.0,0
1791061455.21,1193768.3,479.8,219673.2,219673.2,460.3,460.5,519.1,240336.2,-599986.4,0.0,0.0,1.0,0
1791061455.71,1193768.3,480.3,219673.2,219673.2,460.3,460.5,519.1,240336.2,-599986.4,0.0,0.0,1.0,0
1791061456.21,1193768.4,480.8,219691.6,219691.7,460.1,460.3,518.9,240336.2,-599986.4,0.0,0.0,1.0,0
1791061456.71,1193768.4,481.3,219691.6,219691.7,460.1,460.3,518.9,240336.2,-599986.4,0.0,0.0,1.0,0
1791061457.21,1193768.4,481.8,219710.0,219710.0,459.9,460.0,518.7,240336.2,-599986.4,0.0,0.0,1.0,0
1791061457.71,1193768.4,482.3,219710.0,219710.0,459.9,460.0,518.7,240336.2,-599986.4,0.0,0.0,1.0,0
1791061458.21,1193768.4,482.8,219728.4,219728.4,459.7,459.8,518.5,240336.2,-599986.4,0.0,0.0,1.0,0
1791061458.72,1193768.4,483.3,219728.4,219728.4,459.7,459.8,518.5,240336.2,-599986.4,0.0,0.0,1.0,0
1791061459.23,1193768.5,483.8,219746.8,219746.8,459.5,459.6,518.4,240336.2,-599986.4,0.0,0.0,1.0,0
1791061459.73,1193768.5,484.3,219746.8,219746.8,459.5,459.6,518.4,240336.2,-599986.4,0.0,0.0,1.0,0
1791061460.23,1193768.5,484.8,219765.2,219765.2,459.3,459.4,518.2,240336.2,-599986.4,0.0,0.0,1.0,0
1791061460.73,1193768.5,485.3,219765.2,219765.2,459.3,459.4,518.2,240336.2,-599986.4,0.0,0.0,1.0,0
1791061461.23,1193768.6,485.8,219783.6,219783.6,459.0,459.2,518.0,240336.2,-599986.4,0.0,0.0,1.0,0
1791061461.73,1193768.7,486.3,219856.9,219856.9,458.2,458.4,517.3,240336.2,-599986.4,0.0,0.0,1.0,0
1791061462.23,1193769.2,486.8,220085.4,220085.4,455.6,455.7,515.0,240336.2,-599986.4,0.0,0.0,1.0,0
1791061462.73,1193769.7,487.3,220321.6,220321.6,452.8,453.0,512.6,240336.2,-599986.4,0.0,0.0,1.0,0
1791061463.24,1193770.2,487.8,220538.4,220538.3,450.3,450.5,510.4,240336.2,-599986.4,0.0,0.0,1.0,0
1791061463.74,1193770.7,488.3,220771.8,220771.8,447.6,447.8,508.0,240336.2,-599986.4,0.0,0.0,1.0,0
1791061464.24,1193771.2,488.8,220995.0,220995.0,445.0,445.1,505.7,240336.2,-599986.4,0.0,0.0,1.0,0
1791061464.74,1193771.7,489.4,221216.8,221216.8,442.4,442.5,503.5,240336.2,-599986.4,0.0,0.0,1.0,0
1791061465.24,1193772.2,489.9,221437.3,221437.3,439.7,439.9,501.2,240336.2,-599986.4,0.0,0.0,1.0,0
1791061465.74,1193772.7,490.4,221647.8,221647.8,437.2,437.4,499.0,240336.2,-599986.4,0.0,0.0,1.0,0
1791061466.24,1193773.2,490.9,221874.5,221874.5,434.5,434.7,496.7,240336.2,-599986.4,0.0,0.0,1.0,0
1791061466.75,1193773.7,491.4,222091.1,222091.1,431.9,432.1,494.4,240336.2,-599986.4,0.0,0.0,1.0,0
1791061467.25,1193774.2,491.9,222306.4,222306.4,429.3,429.5,492.2,240336.2,-599986.4,0.0,0.0,1.0,0
1791061467.75,1193774.7,492.4,222520.4,222520.4,426.7,426.8,489.9,240336.2,-599986.4,0.0,0.0,1.0,0
1791061468.25,1193775.2,492.9,222733.1,222733.1,424.1,424.2,487.7,240336.2,-599986.4,0.0,0.0,1.0,0
1791061468.75,1193775.7,493.4,222944.4,222944.5,421.5,421.6,485.4,240336.2,-599986.4,0.0,0.0,1.0,0
1791061469.25,1193776.3,493.9,223154.5,223154.5,418.9,419.0,483.2,240336.2,-599986.4,0.0,0.0,1.0,0
1791061469.75,1193776.8,494.4,223363.3,223363.3,416.2,416.4,481.0,240336.2,-599986.4,0.0,0.0,1.0,0
1791061470.26,1193777.3,494.9,223570.8,223570.8,413.6,413.8,478.8,240336.2,-599986.4,0.0,0.0,1.0,0
1791061470.76,1193777.8,495.4,223777.0,223777.0,411.0,411.2,476.6,240336.2,-599986.4,0.0,0.0,1.0,0
1791061471.26,1193778.3,495.9,223981.8,223981.8,408.4,408.6,474.3,240336.2,-599986.4,0.0,0.0,1.0,0
1791061471.76,1193778.8,496.4,224185.4,224185.4,405.8,406.0,472.1,240336.2,-599986.4,0.0,0.0,1.0,0
1791061472.26,1193778.9,496.9,224266.5,224266.5,404.8,405.0,471.3,240336.2,-599986.4,0.0,0.0,1.0,0
1791061472.76,1193778.9,497.4,224266.5,224266.5,404.8,405.0,471.3,240336.2,-599986.4,0.0,0.0,1.0,0
1791061473.26,1193779.0,497.9,224282.7,224282.7,404.6,404.8,471.1,240336.2,-599986.4,0.0,0.0,1.0,0
1791061473.77,1193779.0,498.4,224282.7,224282.7,404.6,404.8,471.1,240336.2,-599986.4,0.0,0.0,1.0,0
1791061474.27,1193779.0,498.9,224298.8,224298.8,404.4,404.6,470.9,240336.2,-599986.4,0.0,0.0,1.0,0
1791061474.77,1193779.0,499.4,224298.8,224298.8,404.4,404.6,470.9,240336.2,-599986.4,0.0,0.0,1.0,0
1791061475.27,1193779.1,499.9,224315.0,224315.0,404.2,404.4,470.7,240336.2,-599986.4,0.0,0.0,1.0,0
1791061475.77,1193779.1,500.4,224315.0,224315.0,404.2,404.4,470.7,240336.2,-599986.4,0.0,0.0,1.0,0
1791061476.27,1193779.1,500.9,224331.2,224331.2,404.0,404.1,470.5,240336.2,-599986.4,0.0,0.0,1.0,0
1791061476.77,1193779.1,501.4,224331.2,224331.2,404.0,404.1,470.5,240336.2,-599986.4,0.0,0.0,1.0,0
1791061477.28,1193779.1,501.9,224347.3,224347.3,403.8,403.9,470.4,240336.2,-599986.4,0.0,0.0,1.0,0
1791061477.78,1193779.1,502.4,224347.3,224347.3,403.8,403.9,470.4,240336.2,-599986.4,0.0,0.0,1.0,0
1791061478.28,1193779.2,502.9,224363.5,224363.5,403.6,403.7,470.2,240336.2,-599986.4,0.0,0.0,1.0,0
1791061478.78,1193779.2,503.4,224363.5,224363.5,403.6,403.7,470.2,240336.2,-599986.4,0.0,0.0,1.0,0
1791061479.28,1193779.2,503.9,224379.6,224379.6,403.3,403.5,470.0,240336.2,-599986.4,0.0,0.0,1.0,0
1791061479.78,1193779.2,504.4,224379.6,224379.6,403.3,403.5,470.0,240336.2,-599986.4,0.0,0.0,1.0,0
1791061480.28,1193779.3,504.9,224395.7,224395.7,403.1,403.3,469.8,240336.2,-599986.4,0.0,0.0,1.0,0
1791061480.79,1193779.3,505.4,224395.7,224395.7,403.1,403.3,469.8,240336.2,-599986.4,0.0,0.0,1.0,0
1791061481.29,1193779.3,505.9,224411.9,224411.9,402.9,403.1,469.7,240336.2,-599986.4,0.0,0.0,1.0,0
1791061481.79,1193779.3,506.4,224411.9,224411.9,402.9,403.1,469.7,240336.2,-599986.4,0.0,0.0,1.0,0
1791061482.29,1193779.6,506.9,224516.5,224516.5,401.6,401.8,468.5,240336.2,-599986.4,0.0,0.0,1.0,0
1791061482.79,1193780.1,507.4,224716.6,224716.6,399.0,399.2,466.3,240336.2,-599986.4,0.0,0.0,1.0,0
1791061483.29,1193780.6,507.9,224915.4,224915.4,396.4,396.6,464.1,240336.2,-599986.4,0.0,0.0,1.0,0
1791061483.8,1193781.1,508.4,225113.0,225113.0,393.8,394.0,462.0,240336.2,-599986.4,0.0,0.0,1.0,0
1791061484.3,1193781.6,508.9,225317.1,225317.1,391.1,391.3,459.7,240336.2,-599986.4,0.0,0.0,1.0,0
1791061484.8,1193782.1,509.4,225512.0,225512.0,388.5,388.7,457.5,240336.2,-599986.4,0.0,0.0,1.0,0
1791061485.3,1193782.6,509.9,225705.6,225705.6,385.9,386.1,455.4,240336.2,-599986.4,0.0,0.0,1.0,0
1791061485.8,1193783.1,510.4,225897.9,225897.9,383.3,383.5,453.2,240336.2,-599986.4,0.0,0.0,1.0,0
1791061486.3,1193783.6,510.9,226088.9,226088.9,380.7,380.9,451.0,240336.2,-599986.4,0.0,0.0,1.0,0
1791061486.8,1193784.1,511.4,226278.6,226278.6,378.2,378.3,448.9,240336.2,-599986.4,0.0,0.0,1.0,0
1791061487.3,1193784.6,511.9,226467.1,226467.1,375.6,375.8,446.7,240336.2,-599986.4,0.0,0.0,1.0,0
1791061487.81,1193785.1,512.4,226654.2,226654.2,373.0,373.2,444.6,240336.2,-599986.4,0.0,0.0,1.0,0
1791061488.31,1193785.6,512.9,226840.0,226840.0,370.4,370.6,442.5,240336.2,-599986.4,0.0,0.0,1.0,0
1791061488.81,1193786.1,513.4,227024.6,227024.6,367.8,368.0,440.3,240336.2,-599986.4,0.0,0.0,1.0,0
1791061489.31,1193786.6,513.9,227207.9,227207.9,365.2,365.4,438.2,240336.2,-599986.4,0.0,0.0,1.0,0
1791061489.81,1193787.1,514.4,227397.1,227397.1,362.6,362.7,436.0,240336.2,-599986.4,0.0,0.0,1.0,0
1791061490.31,1193787.6,514.9,227577.7,227577.7,360.0,360.2,433.9,240336.2,-599986.4,0.0,0.0,1.0,0
1791061490.81,1193788.1,515.4,227757.1,227757.1,357.4,357.6,431.8,240336.2,-599986.4,0.0,0.0,1.0,0
1791061491.32,1193788.6,515.9,227935.1,227935.1,354.8,355.0,429.7,240336.2,-599986.4,0.0,0.0,1.0,0
1791061491.82,1193789.1,516.4,228111.9,228111.9,352.2,352.4,427.6,240336.2,-599986.4,0.0,0.0,1.0,0
1791061492.32,1193789.6,516.9,228287.4,228287.4,349.7,349.9,425.5,240336.2,-599986.4,0.0,0.0,1.0,0
1791061492.82,1193790.1,517.4,228461.6,228461.6,347.1,347.3,423.4,240336.2,-599986.4,0.0,0.0,1.0,0
1791061493.32,1193790.6,517.9,228634.5,228634.5,344.5,344.7,421.3,240336.2,-599986.4,0.0,0.0,1.0,0
1791061493.82,1193791.1,518.4,228806.1,228806.1,342.0,342.2,419.3,240336.2,-599986.4,0.0,0.0,1.0,0
1791061494.32,1193791.6,518.9,228976.4,228976.4,339.4,339.6,417.2,240336.2,-599986.4,0.0,0.0,1.0,0
1791061494.82,1193792.1,519.4,229145.5,229145.5,336.8,337.0,415.1,240336.2,-599986.4,0.0,0.0,1.0,0
1791061495.33,1193792.6,519.9,229313.2,229313.3,334.2,334.5,413.1,240336.2,-599986.4,0.0,0.0,1.0,0
1791061495.83,1193793.0,520.4,229433.2,229433.3,332.4,332.6,411.6,240336.2,-599986.4,0.0,0.0,1.0,0
1791061496.33,1193793.5,520.9,229598.8,-1.0,329.9,330.1,409.7,240336.2,-599986.4,0.0,0.0,1.0,0
1791061496.83,1193794.0,521.4,229756.5,229756.5,327.4,327.6,407.6,240336.2,-599986.4,0.0,0.0,1.0,0
1791061497.33,1193794.5,521.9,229926.1,229926.1,324.7,324.9,405.5,240336.2,-599986.4,0.0,0.0,1.0,0
1791061497.83,1193795.0,522.4,230087.8,230087.8,322.1,322.4,403.5,240336.2,-599986.4,0.0,0.0,1.0,0
1791061498.33,1193795.5,522.9,230248.2,230248.2,319.6,319.8,401.5,240336.2,-599986.4,0.0,0.0,1.0,0
1791061498.84,1193796.0,523.4,230407.4,230407.4,317.0,317.2,399.5,240336.2,-599986.4,0.0,0.0,1.0,0
1791061499.34,1193796.5,523.9,230565.2,230565.2,314.5,314.7,397.5,240336.2,-599986.4,0.0,0.0,1.0,0
1791061499.84,1193797.0,524.4,230721.8,230721.8,311.9,312.1,395.5,240336.2,-599986.4,0.0,0.0,1.0,0
1791061500.34,1193797.5,525.0,230877.1,230877.1,309.3,309.6,393.5,240336.2,-599986.4,0.0,0.0,1.0,0
1791061500.84,1193798.0,525.5,231031.2,231031.2,306.8,307.0,391.5,240336.2,-599986.4,0.0,0.0,1.0,0
1791061501.34,1193798.5,526.0,231183.9,231183.9,304.2,304.5,389.5,240336.2,-599986.4,0.0,0.0,1.0,0
1791061501.84,1193799.0,526.5,231335.4,231335.4,301.7,301.9,387.6,240336.2,-599986.4,0.0,0.0,1.0,0
1791061502.35,1193799.5,527.0,231491.6,231491.6,299.0,299.2,385.5,240336.2,-599986.4,0.0,0.0,1.0,0
1791061502.85,1193800.0,527.5,231640.4,231640.5,296.5,296.7,383.6,240336.2,-599986.4,0.0,0.0,1.0,0
1791061503.35,1193800.5,528.0,231788.0,231788.0,293.9,294.1,381.6,240336.2,-599986.4,0.0,0.0,1.0,0
1791061503.85,1193801.0,528.5,231934.4,231934.4,291.4,291.6,379.7,240336.2,-599986.4,0.0,0.0,1.0,0
1791061504.35,1193801.5,529.0,232079.4,232079.4,288.8,289.0,377.8,240336.2,-599986.4,0.0,0.0,1.0,0
1791061504.85,1193802.0,529.5,232223.2,232223.2,286.3,286.5,375.9,240336.2,-599986.4,0.0,0.0,1.0,0
1791061505.35,1193802.5,530.0,232365.7,232365.7,283.7,283.9,374.0,240336.2,-599986.4,0.0,0.0,1.0,0
1791061505.85,1193803.0,530.5,232506.9,232506.9,281.2,281.4,372.0,240336.2,-599986.4,0.0,0.0,1.0,0
1791061506.36,1193803.4,531.0,232630.1,232630.1,278.9,279.2,370.4,240336.2,-599986.4,0.0,0.0,1.0,0
1791061506.86,1193804.0,531.5,232780.0,232780.0,276.2,276.4,368.3,240336.2,-599986.4,0.0,0.0,1.0,0
1791061507.36,1193804.5,532.0,232917.4,232917.4,273.6,273.9,366.5,240336.2,-599986.4,0.0,0.0,1.0,0
1791061507.86,1193805.0,532.5,233053.6,233053.6,271.1,271.3,364.6,240336.2,-599986.4,0.0,0.0,1.0,0
1791061508.36,1193805.5,533.0,233188.5,233188.5,268.5,268.8,362.7,240336.2,-599986.4,0.0,0.0,1.0,0
1791061508.86,1193806.0,533.5,233322.1,233322.1,266.0,266.2,360.9,240336.2,-599986.4,0.0,0.0,1.0,0
1791061509.36,1193806.5,534.0,233454.5,233454.5,263.4,263.7,359.0,240336.2,-599986.4,0.0,0.0,1.0,0
1791061509.86,1193807.0,534.5,233585.6,233585.6,260.9,261.2,357.2,240336.2,-599986.4,0.0,0.0,1.0,0
1791061510.37,1193807.5,535.0,233715.4,233715.4,258.4,258.6,355.4,240336.2,-599986.4,0.0,0.0,1.0,0
1791061510.87,1193808.0,535.5,233843.9,233843.9,255.8,256.1,353.6,240336.2,-599986.4,0.0,0.0,1.0,0
1791061511.37,1193808.5,536.0,233971.2,233971.2,253.3,253.6,351.8,240336.2,-599986.4,0.0,0.0,1.0,0
1791061511.87,1193809.0,536.5,234097.2,234097.2,250.7,251.0,350.0,240336.2,-599986.4,0.0,0.0,1.0,0
1791061512.37,1193809.5,537.0,234222.0,234222.0,248.2,248.5,348.2,240336.2,-599986.4,0.0,0.0,1.0,0
1791061512.87,1193810.0,537.5,234345.4,234345.4,245.7,246.0,346.4,240336.2,-599986.4,0.0,0.0,1.0,0
1791061513.38,1193810.5,538.0,234467.6,234467.6,243.1,243.4,344.6,240336.2,-599986.4,0.0,0.0,1.0,0
1791061513.88,1193811.0,538.5,234588.6,234588.6,240.6,240.9,342.9,240336.2,-599986.4,0.0,0.0,1.0,0
1791061514.38,1193811.5,539.0,234713.0,234713.0,238.0,238.3,341.0,240336.2,-599986.4,0.0,0.0,1.0,0
1791061514.88,1193812.0,539.5,234831.4,234831.4,235.4,235.7,339.3,240336.2,-599986.4,0.0,0.0,1.0,0
1791061515.38,1193812.5,540.0,234948.4,234948.4,232.9,233.2,337.6,240336.2,-599986.4,0.0,0.0,1.0,0
1791061515.88,1193813.0,540.5,235064.3,235064.3,230.4,230.7,335.9,240336.2,-599986.4,0.0,0.0,1.0,0
1791061516.38,1193813.5,541.0,235178.8,235178.8,227.8,228.1,334.2,240336.2,-599986.4,0.0,0.0,1.0,0
1791061516.89,1193814.0,541.5,235292.1,235292.1,225.3,225.6,332.5,240336.2,-599986.4,0.0,0.0,1.0,0
1791061517.39,1193814.5,542.0,235404.1,235404.1,222.8,223.1,330.8,240336.2,-599986.4,0.0,0.0,1.0,0
1791061517.89,1193815.0,542.5,235514.9,235514.9,220.2,220.6,329.1,240336.2,-599986.4,0.0,0.0,1.0,0
1791061518.39,1193815.5,543.0,235624.4,235624.4,217.7,218.0,327.4,240336.2,-599986.4,0.0,0.0,1.0,0
1791061518.89,1193816.0,543.5,235732.6,235732.6,215.2,215.5,325.8,240336.2,-599986.4,0.0,0.0,1.0,0
1791061519.39,1193816.4,544.0,235826.8,235826.8,213.0,213.3,324.3,240336.2,-599986.4,0.0,0.0,1.0,0
1791061519.89,1193816.9,544.5,235924.2,235924.2,210.6,211.0,322.8,240336.2,-599986.4,0.0,0.0,1.0,0
1791061520.4,1193817.4,545.0,236033.0,236033.0,208.0,208.3,321.1,240336.2,-599986.4,0.0,0.0,1.0,0
1791061520.9,1193817.9,545.5,236136.4,236136.4,205.5,205.8,319.5,240336.2,-599986.4,0.0,0.0,1.0,0
1791061521.4,1193818.4,546.0,236238.5,236238.5,203.0,203.3,317.9,240336.2,-599986.4,0.0,0.0,1.0,0
1791061521.9,1193818.9,546.5,236339.4,236339.4,200.4,200.8,316.4,240336.2,-599986.4,0.0,0.0,1.0,0
1791061522.4,1193819.4,547.0,236439.0,236439.0,197.9,198.3,314.8,240336.2,-599986.4,0.0,0.0,1.0,0
1791061522.9,1193819.9,547.5,236537.3,236537.3,195.4,195.7,313.2,240336.2,-599986.4,0.0,0.0,1.0,0
1791061523.4,1193820.4,548.0,236634.3,236634.3,192.9,193.2,311.7,240336.2,-599986.4,0.0,0.0,1.0,0
1791061523.9,1193820.9,548.5,236730.1,236730.2,190.3,190.7,310.2,240336.2,-599986.4,0.0,0.0,1.0,0
1791061524.41,1193821.4,549.0,236824.7,236824.7,187.8,188.2,308.6,240336.2,-599986.4,0.0,0.0,1.0,0
1791061524.91,1193821.9,549.5,236918.0,236918.0,185.3,185.7,307.1,240336.2,-599986.4,0.0,0.0,1.0,0
1791061525.41,1193822.2,550.0,236977.0,236977.0,183.7,184.1,306.2,240336.2,-599986.4,0.0,0.0,1.0,0
1791061525.91,1193822.2,550.5,236977.0,236977.0,183.7,184.1,306.2,240336.2,-599986.4,0.0,0.0,1.0,0
1791061526.41,1193822.3,551.0,236984.3,236984.3,183.5,183.9,306.1,240336.2,-599986.4,0.0,0.0,1.0,0
1791061526.91,1193822.3,551.5,236984.3,236984.3,183.5,183.9,306.1,240336.2,-599986.4,0.0,0.0,1.0,0
1791061527.41,1193822.3,552.0,236991.7,236991.7,183.3,183.7,305.9,240336.2,-599986.4,0.0,0.0,1.0,0
1791061527.92,1193822.3,552.5,236991.7,236991.7,183.3,183.7,305.9,240336.2,-599986.4,0.0,0.0,1.0,0
1791061528.42,1193822.3,553.0,236999.0,236999.0,183.1,183.4,305.8,240336.2,-599986.4,0.0,0.0,1.0,0
1791061528.92,1193822.3,553.5,236999.0,236999.0,183.1,183.4,305.8,240336.2,-599986.4,0.0,0.0,1.0,0
1791061529.42,1193822.4,554.0,237006.3,237006.3,182.9,183.2,305.7,240336.2,-599986.4,0.0,0.0,1.0,0
1791061529.92,1193822.4,554.5,237006.3,237006.3,182.9,183.2,305.7,240336.2,-599986.4,0.0,0.0,1.0,0
1791061530.42,1193822.4,555.0,237013.6,237013.6,182.7,183.0,305.6,240336.2,-599986.4,0.0,0.0,1.0,0
1791061530.92,1193822.4,555.5,237013.6,237013.6,182.7,183.0,305.6,240336.2,-599986.4,0.0,0.0,1.0,0
1791061531.42,1193822.5,556.0,237020.9,237020.9,182.5,182.8,305.5,240336.2,-599986.4,0.0,0.0,1.0,0
1791061531.93,1193822.5,556.5,237020.9,237020.9,182.5,182.8,305.5,240336.2,-599986.4,0.0,0.0,1.0,0
1791061532.43,1193822.5,557.0,237028.2,237028.2,182.3,182.6,305.3,240336.2,-599986.4,0.0,0.0,1.0,0
1791061532.93,1193822.5,557.5,237028.2,237028.2,182.3,182.6,305.3,240336.2,-599986.4,0.0,0.0,1.0,0
1791061533.43,1193822.5,558.0,237035.5,237035.5,182.1,182.4,305.2,240336.2,-599986.4,0.0,0.0,1.0,0
1791061533.93,1193822.5,558.5,237035.5,237035.5,182.1,182.4,305.2,240336.2,-599986.4,0.0,0.0,1.0,0
1791061534.43,1193822.6,559.0,237042.8,237042.8,181.9,182.2,305.1,240336.2,-599986.4,0.0,0.0,1.0,0
1791061534.93,1193822.6,559.5,237042.8,237042.8,181.9,182.2,305.1,240336.2,-599986.4,0.0,0.0,1.0,0
1791061535.44,1193822.6,560.0,237050.1,237050.1,181.7,182.0,305.0,240336.2,-599986.4,0.0,0.0,1.0,0
1791061535.94,1193822.6,560.5,237050.1,237050.1,181.7,182.0,305.0,240336.2,-599986.4,0.0,0.0,1.0,0
1791061536.44,1193822.7,561.0,237057.3,237057.3,181.5,181.8,304.9,240336.2,-599986.4,0.0,0.0,1.0,0
1791061536.94,1193822.7,561.5,237057.3,237057.3,181.5,181.8,304.9,240336.2,-599986.4,0.0,0.0,1.0,0
1791061537.44,1193822.7,562.1,237064.6,237064.6,181.3,181.6,304.7,240336.2,-599986.4,0.0,0.0,1.0,0
1791061537.94,1193822.7,562.6,237064.6,237064.6,181.3,181.6,304.7,240336.2,-599986.4,0.0,0.0,1.0,0
1791061538.44,1193822.7,563.1,237071.8,237071.8,181.1,181.4,304.6,240336.2,-599986.4,0.0,0.0,1.0,0
1791061538.94,1193822.7,563.6,237071.8,237071.8,181.1,181.4,304.6,240336.2,-599986.4,0.0,0.0,1.0,0
1791061539.45,1193822.8,564.1,237079.1,237079.1,180.9,181.2,304.5,240336.2,-599986.4,0.0,0.0,1.0,0
1791061539.95,1193822.8,564.6,237079.1,237079.1,180.9,181.2,304.5,240336.2,-599986.4,0.0,0.0,1.0,0
1791061540.45,1193822.8,565.1,237086.3,237086.3,180.7,181.0,304.4,240336.2,-599986.4,0.0,0.0,1.0,0
1791061540.95,1193822.8,565.6,237086.3,237086.3,180.7,181.0,304.4,240336.2,-599986.4,0.0,0.0,1.0,0
1791061541.45,1193823.0,566.1,237115.1,237115.1,179.8,180.2,303.9,240336.2,-599986.4,0.0,0.0,1.0,0
1791061541.95,1193823.5,566.6,237211.5,237211.5,177.1,177.5,302.3,240336.2,-599986.4,0.0,0.0,1.0,0
1791061542.45,1193824.0,567.1,237299.5,237299.5,174.6,175.0,300.9,240336.2,-599986.4,0.0,0.0,1.0,0
1791061542.95,1193824.5,567.6,237386.1,237386.1,172.1,172.5,299.5,240336.2,-599986.4,0.0,0.0,1.0,0
1791061543.46,1193825.0,568.1,237471.6,237471.6,169.6,170.0,298.0,240336.2,-599986.4,0.0,0.0,1.0,0
1791061543.96,1193825.5,568.6,237555.7,237555.7,167.1,167.5,296.6,240336.2,-599986.4,0.0,0.0,1.0,0
1791061544.46,1193826.0,569.1,237638.6,237638.6,164.5,165.0,295.2,240336.2,-599986.4,0.0,0.0,1.0,0
1791061544.96,1193826.5,569.6,237720.3,237720.3,162.0,162.4,293.9,240336.2,-599986.4,0.0,0.0,1.0,0
1791061545.46,1193827.0,570.1,237800.6,237800.7,159.5,159.9,292.5,240336.2,-599986.4,0.0,0.0,1.0,0
1791061545.96,1193827.5,570.6,237882.9,237882.9,156.9,157.3,291.1,240336.2,-599986.4,0.0,0.0,1.0,0
1791061546.46,1193828.0,571.1,237960.7,237960.7,154.4,154.8,289.8,240336.2,-599986.4,0.0,0.0,1.0,0
1791061546.96,1193828.5,571.6,238037.3,238037.3,151.9,152.3,288.5,240336.2,-599986.4,0.0,0.0,1.0,0
1791061547.47,1193829.0,572.1,238112.6,238112.6,149.3,149.8,287.2,240336.2,-599986.4,0.0,0.0,1.0,0
1791061547.97,1193829.5,572.6,238186.6,238186.6,146.8,147.3,285.9,240336.2,-599986.4,0.0,0.0,1.0,0
1791061548.47,1193830.0,573.1,238259.4,238259.4,144.3,144.8,284.6,240336.2,-599986.4,0.0,0.0,1.0,0
1791061548.97,1193830.5,573.6,238331.0,238331.0,141.8,142.3,283.4,240336.2,-599986.4,0.0,0.0,1.0,0
1791061549.47,1193831.0,574.1,238401.2,238401.3,139.3,139.8,282.2,240336.2,-599986.4,0.0,0.0,1.0,0
1791061549.97,1193831.5,574.6,238470.3,238470.3,136.8,137.3,280.9,240336.2,-599986.4,0.0,0.0,1.0,0
1791061550.47,1193832.1,575.1,238538.0,238538.0,134.3,134.8,279.7,240336.2,-599986.4,0.0,0.0,1.0,0
1791061550.98,1193832.6,575.6,238604.5,238604.5,131.8,132.3,278.6,240336.2,-599986.4,0.0,0.0,1.0,0
1791061551.48,1193833.0,576.1,238659.4,238659.4,129.7,130.2,277.6,240336.2,-599986.4,0.0,0.0,1.0,0
1791061551.98,1193833.5,576.6,238723.6,238723.6,127.1,127.7,276.4,240336.2,-599986.4,0.0,0.0,1.0,0
1791061552.48,1193834.0,577.1,238789.1,238789.1,124.5,125.1,275.3,240336.2,-599986.4,0.0,0.0,1.0,0
1791061552.98,1193834.5,577.6,238850.7,238850.7,122.0,122.6,274.2,240336.2,-599986.4,0.0,0.0,1.0,0
1791061553.48,1193835.0,578.1,238911.1,238911.1,119.5,120.1,273.1,240336.2,-599986.4,0.0,0.0,1.0,0
1791061553.98,1193835.5,578.6,238970.2,238970.2,117.0,117.6,272.0,240336.2,-599986.4,0.0,0.0,1.0,0
1791061554.48,1193836.0,579.1,239028.1,239028.1,114.5,115.1,270.9,240336.2,-599986.4,0.0,0.0,1.0,0
1791061554.99,1193836.5,579.6,239082.5,239082.5,112.1,112.7,269.9,240336.2,-599986.4,0.0,0.0,1.0,0
1791061555.49,1193837.0,580.1,239140.1,239140.1,109.5,110.1,268.9,240336.2,-599986.4,0.0,0.0,1.0,0
1791061555.99,1193837.5,580.6,239194.2,239194.2,107.0,107.6,267.9,240336.2,-599986.4,0.0,0.0,1.0,0
1791061556.49,1193838.0,581.1,239247.1,239247.1,104.5,105.1,266.9,240336.2,-599986.4,0.0,0.0,1.0,0
1791061556.99,1193838.5,581.6,239298.7,239298.7,102.0,102.6,266.0,240336.2,-599986.4,0.0,0.0,1.0,0
1791061557.49,1193838.9,582.1,239343.1,239343.1,99.8,100.4,265.1,240336.2,-599986.4,0.0,0.0,1.0,0
1791061557.99,1193839.4,582.6,239392.3,239392.3,97.2,97.9,264.2,240336.2,-599986.4,0.0,0.0,1.0,0
1791061558.5,1193839.9,583.1,239442.2,239442.2,94.6,95.4,263.3,240336.2,-599986.4,0.0,0.0,1.0,0
1791061559.0,1193840.4,583.6,239488.9,239488.9,92.1,92.9,262.4,240336.2,-599986.4,0.0,0.0,1.0,0
1791061559.5,1193840.9,584.1,239534.3,239534.3,89.6,90.4,261.5,240336.2,-599986.4,0.0,0.0,1.0,0
1791061560.0,1193841.4,584.6,239578.5,239578.5,87.1,87.9,260.7,240336.2,-599986.4,0.0,0.0,1.0,0
1791061560.5,1193841.9,585.1,239621.5,239621.5,84.6,85.4,259.9,240336.2,-599986.4,0.0,0.0,1.0,0
1791061561.0,1193842.4,585.6,239663.2,239663.2,82.1,82.9,259.1,240336.2,-599986.4,0.0,0.0,1.0,0
1791061561.5,1193842.9,586.1,239703.6,239703.6,79.6,80.5,258.3,240336.2,-599986.4,0.0,0.0,1.0,0
1791061562.0,1193843.4,586.6,239742.8,239742.8,77.1,78.0,257.6,240336.2,-599986.4,0.0,0.0,1.0,0
1791061562.51,1193844.0,587.1,239780.7,239780.7,74.6,75.5,256.8,240336.2,-599986.4,0.0,0.0,1.0,0
1791061563.01,1193844.5,587.6,239817.4,239817.4,72.1,73.0,256.1,240336.2,-599986.4,0.0,0.0,1.0,0
1791061563.51,1193845.0,588.1,239852.8,239852.8,69.6,70.6,255.5,240336.2,-599986.4,0.0,0.0,1.0,0
1791061564.01,1193845.5,588.6,239887.0,239887.0,67.1,68.1,254.8,240336.2,-599986.4,0.0,0.0,1.0,0
1791061564.51,1193846.0,589.1,239921.2,239921.2,64.5,65.5,254.1,240336.2,-599986.4,0.0,0.0,1.0,0
1791061565.01,1193846.5,589.6,239952.8,239952.8,62.0,63.1,253.5,240336.2,-599986.4,0.0,0.0,1.0,0
1791061565.51,1193847.0,590.1,239983.2,239983.2,59.5,60.6,252.9,240336.2,-599986.4,0.0,0.0,1.0,0
1791061566.02,1193847.5,590.6,240012.3,240012.3,57.0,58.2,252.4,240336.2,-599986.4,0.0,0.0,1.0,0
1791061566.52,1193848.0,591.1,240040.2,240040.2,54.5,55.7,251.8,240336.2,-599986.4,0.0,0.0,1.0,0
1791061567.02,1193848.5,591.6,240066.8,240066.8,52.0,53.3,251.3,240336.2,-599986.4,0.0,0.0,1.0,0
1791061567.52,1193849.0,592.1,240092.1,240092.1,49.5,50.8,250.8,240336.2,-599986.4,0.0,0.0,1.0,0
1791061568.02,1193849.5,592.6,240116.2,240116.3,47.0,48.4,250.3,240336.2,-599986.4,0.0,0.0,1.0,0
1791061568.52,1193850.0,593.1,240139.1,240139.1,44.5,46.0,249.9,240336.2,-599986.4,0.0,0.0,1.0,0
1791061569.02,1193850.5,593.6,240160.7,240160.7,42.0,43.6,249.4,240336.2,-599986.4,0.0,0.0,1.0,0
1791061569.52,1193851.0,594.1,240181.1,240181.1,39.5,41.2,249.0,240336.2,-599986.4,0.0,0.0,1.0,0
1791061570.03,1193851.5,594.6,240200.2,240200.2,37.0,38.8,248.7,240336.2,-599986.4,0.0,0.0,1.0,0
1791061570.53,1193852.0,595.1,240218.0,240218.0,34.5,36.4,248.3,240336.2,-599986.4,0.0,0.0,1.0,0
1791061571.03,1193852.5,595.6,240235.3,240235.3,31.9,33.9,248.0,240336.2,-599986.4,0.0,0.0,1.0,0
1791061571.53,1193853.0,596.1,240250.6,240250.6,29.4,31.6,247.7,240336.2,-599986.4,0.0,0.0,1.0,0
1791061572.03,1193853.5,596.6,240264.7,240264.7,26.9,29.3,247.4,240336.2,-599986.4,0.0,0.0,1.0,0
1791061572.53,1193854.0,597.1,240277.5,240277.5,24.4,27.0,247.1,240336.2,-599986.4,0.0,0.0,1.0,0
1791061573.03,1193854.5,597.6,240289.0,240289.0,21.9,24.8,246.9,240336.2,-599986.4,0.0,0.0,1.0,0
1791061573.53,1193855.0,598.1,240299.3,240299.3,19.4,22.6,246.7,240336.2,-599986.4,0.0,0.0,1.0,0
1791061574.04,1193855.5,598.6,240308.4,240308.4,16.9,20.5,246.5,240336.2,-599986.4,0.0,0.0,1.0,0
1791061574.54,1193856.0,599.1,240316.2,240316.2,14.4,18.5,246.3,240336.2,-599986.4,0.0,0.0,1.0,0
1791061575.04,1193856.5,599.6,240322.7,240322.7,11.9,16.6,246.2,240336.2,-599986.4,0.0,0.0,1.0,0
1791061575.54,1193857.0,600.2,240328.0,240328.0,9.4,15.0,246.1,240336.2,-599986.4,0.0,0.0,1.0,0
1791061576.04,1193857.5,600.7,240332.1,240332.1,6.9,13.5,246.0,240336.2,-599986.4,0.0,0.0,1.0,0
1791061576.54,1193858.0,601.2,240334.9,240334.9,4.4,12.5,246.0,240336.2,-599986.4,0.0,0.0,1.0,0
1791061577.04,1193858.5,601.7,240336.5,240336.5,1.9,11.8,245.9,240336.2,-599986.4,0.0,0.0,1.0,0
1791061577.55,1193859.0,602.2,240336.8,240336.8,-0.6,11.7,245.9,240336.2,-599986.4,0.0,0.0,1.0,0
1791061578.05,1193859.5,602.7,240335.8,240335.8,-3.1,12.1,246.0,240336.2,-599986.4,0.0,0.0,1.0,0
1791061578.55,1193860.0,603.2,240333.6,240333.6,-5.6,13.0,246.0,240336.2,-599986.4,0.0,0.0,1.0,0
1791061579.05,1193860.5,603.7,240330.2,240330.2,-8.1,14.2,246.1,240336.2,-599986.4,0.0,0.0,1.0,0
1791061579.55,1193861.0,604.2,240325.5,240325.5,-10.6,15.8,246.2,240336.2,-599986.4,0.0,0.0,1.0,0
1791061580.05,1193861.5,604.7,240319.5,240319.5,-13.1,17.6,246.3,240336.2,-599986.4,0.0,0.0,1.0,0
1791061580.55,1193862.0,605.2,240312.3,240312.3,-15.6,19.5,246.4,240336.2,-599986.4,0.0,0.0,1.0,0
1791061581.05,1193862.5,605.7,240303.9,240303.9,-18.1,21.6,246.6,240336.2,-599986.4,0.0,0.0,1.0,0
1791061581.56,1193863.0,606.2,240294.2,240294.2,-20.6,23.7,246.8,240336.2,-599986.4,0.0,0.0,1.0,0
1791061582.06,1193863.5,606.7,240283.2,240283.2,-23.1,25.9,247.0,240336.2,-599986.4,0.0,0.0,1.0,0
1791061582.56,1193864.0,607.2,240271.0,240271.0,-25.7,28.2,247.2,240336.2,-599986.4,0.0,0.0,1.0,0
1791061583.06,1193864.5,607.7,240257.6,240257.6,-28.2,30.5,247.5,240336.2,-599986.4,0.0,0.0,1.0,0
1791061583.56,1193865.0,608.2,240242.9,240242.9,-30.7,32.8,247.8,240336.2,-599986.4,0.0,0.0,1.0,0
1791061584.06,1193865.5,608.7,240226.3,240226.3,-33.3,35.2,248.1,240336.2,-599986.4,0.0,0.0,1.0,0
1791061584.56,1193866.0,609.2,240209.0,240209.0,-35.8,37.6,248.5,240336.2,-599986.4,0.0,0.0,1.0,0
1791061585.07,1193866.5,609.7,240190.5,240190.5,-38.3,40.0,248.8,240336.2,-599986.4,0.0,0.0,1.0,0
1791061585.57,1193867.0,610.2,240170.8,240170.8,-40.8,42.4,249.2,240336.2,-599986.4,0.0,0.0,1.0,0
1791061586.07,1193867.5,610.7,240149.8,240149.8,-43.3,44.8,249.7,240336.2,-599986.4,0.0,0.0,1.0,0
1791061586.57,1193868.0,611.2,240127.5,240127.5,-45.8,47.2,250.1,240336.2,-599986.4,0.0,0.0,1.0,0
1791061587.07,1193868.5,611.7,240104.0,240104.0,-48.3,49.7,250.6,240336.2,-599986.4,0.0,0.0,1.0,0
1791061587.57,1193869.0,612.2,240079.2,240079.2,-50.8,52.1,251.0,240336.2,-599986.4,0.0,0.0,1.0,0
1791061588.07,1193869.5,612.7,240053.2,240053.2,-53.3,54.5,251.6,240336.2,-599986.4,0.0,0.0,1.0,0
1791061588.57,1193870.0,613.2,240026.0,240026.0,-55.8,57.0,252.1,240336.2,-599986.4,0.0,0.0,1.0,0
1791061589.08,1193870.5,613.7,239997.5,239997.5,-58.3,59.4,252.6,240336.2,-599986.4,0.0,0.0,1.0,0
1791061589.58,1193871.0,614.2,239967.7,239967.7,-60.8,61.9,253.2,240336.2,-599986.4,0.0,0.0,1.0,0
1791061590.08,1193871.5,614.7,239935.4,239935.4,-63.4,64.4,253.9,240336.2,-599986.4,0.0,0.0,1.0,0
1791061590.58,1193872.0,615.2,239903.1,239903.1,-65.9,66.9,254.5,240336.2,-599986.4,0.0,0.0,1.0,0
1791061591.08,1193872.5,615.7,239869.5,239869.5,-68.4,69.4,255.1,240336.2,-599986.4,0.0,0.0,1.0,0
1791061591.58,1193873.0,616.2,239834.7,239834.7,-70.9,71.8,255.8,240336.2,-599986.4,0.0,0.0,1.0,0
1791061592.08,1193873.5,616.7,239798.7,239798.7,-73.4,74.3,256.5,240336.2,-599986.4,0.0,0.0,1.0,0
1791061592.59,1193874.0,617.2,239761.3,239761.3,-75.9,76.8,257.2,240336.2,-599986.4,0.0,0.0,1.0,0
1791061593.09,1193874.5,617.7,239722.8,239722.8,-78.4,79.3,258.0,240336.2,-599986.4,0.0,0.0,1.0,0
1791061593.59,1193875.0,618.2,239682.9,239682.9,-80.9,81.7,258.7,240336.2,-599986.4,0.0,0.0,1.0,0
1791061594.09,1193875.5,618.7,239641.9,239641.9,-83.4,84.2,259.5,240336.2,-599986.4,0.0,0.0,1.0,0
1791061594.59,1193876.0,619.2,239599.5,239599.5,-85.9,86.7,260.3,240336.2,-599986.4,0.0,0.0,1.0,0
1791061595.09,1193876.5,619.7,239555.9,239556.0,-88.4,89.2,261.1,240336.2,-599986.4,0.0,0.0,1.0,0
1791061595.59,1193877.0,620.2,239511.1,239511.1,-90.9,91.7,262.0,240336.2,-599986.4,0.0,0.0,1.0,0
1791061596.09,1193877.5,620.7,239465.0,239465.0,-93.4,94.2,262.8,240336.2,-599986.4,0.0,0.0,1.0,0
1791061596.6,1193878.0,621.2,239415.8,239415.8,-96.0,96.7,263.8,240336.2,-599986.4,0.0,0.0,1.0,0
1791061597.1,1193878.5,621.7,239367.1,239367.1,-98.5,99.2,264.7,240336.2,-599986.4,0.0,0.0,1.0,0
1791061597.6,1193879.0,622.2,239317.2,239317.2,-101.0,101.7,265.6,240336.2,-599986.4,0.0,0.0,1.0,0
1791061598.1,1193879.5,622.7,239266.1,239266.1,-103.6,104.2,266.6,240336.2,-599986.4,0.0,0.0,1.0,0
1791061598.6,1193880.0,623.2,239213.7,239213.7,-106.1,106.7,267.5,240336.2,-599986.4,0.0,0.0,1.0,0
1791061599.1,1193880.5,623.7,239160.0,239160.0,-108.6,109.2,268.5,240336.2,-599986.4,0.0,0.0,1.0,0
1791061599.6,1193881.0,624.2,239105.1,239105.1,-111.1,111.7,269.5,240336.2,-599986.4,0.0,0.0,1.0,0
1791061600.1,1193881.5,624.7,239048.9,239049.0,-113.6,114.2,270.6,240336.2,-599986.4,0.0,0.0,1.0,0
1791061600.61,1193882.0,625.2,238991.5,238991.5,-116.1,116.7,271.6,240336.2,-599986.4,0.0,0.0,1.0,0
1791061601.11,1193882.5,625.7,238932.9,238932.9,-118.6,119.2,272.7,240336.2,-599986.4,0.0,0.0,1.0,0
1791061601.61,1193883.0,626.2,238872.9,238872.9,-121.1,121.7,273.8,240336.2,-599986.4,0.0,0.0,1.0,0
1791061602.11,1193883.6,626.7,238811.7,238811.8,-123.6,124.2,274.9,240336.2,-599986.4,0.0,0.0,1.0,0
1791061602.61,1193884.1,627.2,238746.8,238746.8,-126.2,126.8,276.0,240336.2,-599986.4,0.0,0.0,1.0,0
1791061603.11,1193884.6,627.7,238683.0,238683.0,-128.7,129.3,277.2,240336.2,-599986.4,0.0,0.0,1.0,0
1791061603.61,1193885.1,628.2,238618.0,238618.0,-131.2,131.8,278.3,240336.2,-599986.4,0.0,0.0,1.0,0
1791061604.11,1193885.6,628.7,238551.8,238551.8,-133.8,134.3,279.5,240336.2,-599986.4,0.0,0.0,1.0,0
1791061604.62,1193886.1,629.2,238484.3,238484.3,-136.3,136.8,280.7,240336.2,-599986.4,0.0,0.0,1.0,0
1791061605.12,1193886.5,629.7,238421.1,238421.1,-138.6,139.1,281.8,240336.2,-599986.4,0.0,0.0,1.0,0
1791061605.62,1193887.0,630.2,238351.2,238351.2,-141.1,141.6,283.0,240336.2,-599986.4,0.0,0.0,1.0,0
1791061606.12,1193887.5,630.7,238280.0,238280.0,-143.6,144.1,284.3,240336.2,-599986.4,0.0,0.0,1.0,0
1791061606.62,1193888.0,631.2,238207.5,238207.5,-146.1,146.6,285.5,240336.2,-599986.4,0.0,0.0,1.0,0
1791061607.12,1193888.5,631.7,238133.9,238133.9,-148.6,149.1,286.8,240336.2,-599986.4,0.0,0.0,1.0,0
1791061607.62,1193889.0,632.2,238058.9,238058.9,-151.1,151.6,288.1,240336.2,-599986.4,0.0,0.0,1.0,0
1791061608.13,1193889.5,632.7,237982.7,237982.7,-153.7,154.1,289.4,240336.2,-599986.4,0.0,0.0,1.0,0
1791061608.63,1193890.0,633.2,237905.3,237905.3,-156.2,156.6,290.7,240336.2,-599986.4,0.0,0.0,1.0,0
1791061609.13,1193890.5,633.7,237826.5,237826.5,-158.7,159.1,292.1,240336.2,-599986.4,0.0,0.0,1.0,0
1791061609.63,1193891.0,634.2,237743.3,237743.3,-161.3,161.7,293.5,240336.2,-599986.4,0.0,0.0,1.0,0
1791061610.13,1193891.5,634.7,237662.1,237662.0,-163.8,164.2,294.9,240336.2,-599986.4,0.0,0.0,1.0,0
1791061610.63,1193892.0,635.2,237579.5,237579.5,-166.3,166.8,296.2,240336.2,-599986.4,0.0,0.0,1.0,0
1791061611.13,1193892.5,635.7,237495.7,237495.7,-168.9,169.3,297.6,240336.2,-599986.4,0.0,0.0,1.0,0
1791061611.63,1193893.0,636.2,237410.7,237410.7,-171.4,171.8,299.1,240336.2,-599986.4,0.0,0.0,1.0,0
1791061612.14,1193893.5,636.7,237324.3,237324.3,-173.9,174.3,300.5,240336.2,-599986.4,0.0,0.0,1.0,0
1791061612.64,1193894.0,637.2,237236.8,237236.8,-176.4,176.8,301.9,240336.2,-599986.4,0.0,0.0,1.0,0
1791061613.14,1193894.5,637.7,237147.9,237147.9,-178.9,179.3,303.4,240336.2,-599986.4,0.0,0.0,1.0,0
1791061613.64,1193895.0,638.3,237057.8,237057.8,-181.5,181.8,304.9,240336.2,-599986.4,0.0,0.0,1.0,0
1791061614.14,1193895.5,638.8,236966.5,236966.5,-184.0,184.3,306.3,240336.2,-599986.4,0.0,0.0,1.0,0
1791061614.64,1193896.1,639.3,236873.9,236873.9,-186.5,186.9,307.8,240336.2,-599986.4,0.0,0.0,1.0,0
1791061615.14,1193896.6,639.8,236780.0,236780.0,-189.0,189.4,309.4,240336.2,-599986.4,0.0,0.0,1.0,0
1791061615.64,1193897.1,640.3,236684.8,236684.8,-191.5,191.9,310.9,240336.2,-599986.4,0.0,0.0,1.0,0
1791061616.15,1193897.6,640.8,236584.6,236584.6,-194.2,194.5,312.5,240336.2,-599986.4,0.0,0.0,1.0,0
1791061616.65,1193898.1,641.3,236486.8,236486.8,-196.7,197.0,314.0,240336.2,-599986.4,0.0,0.0,1.0,0
1791061617.15,1193898.6,641.8,236387.9,236387.9,-199.2,199.6,315.6,240336.2,-599986.4,0.0,0.0,1.0,0
1791061617.65,1193899.1,642.3,236287.6,236287.6,-201.7,202.1,317.2,240336.2,-599986.4,0.0,0.0,1.0,0
1791061618.15,1193899.6,642.8,236186.1,236186.1,-204.3,204.6,318.8,240336.2,-599986.4,0.0,0.0,1.0,0
1791061618.65,1193900.1,643.3,236083.4,236083.4,-206.8,207.1,320.4,240336.2,-599986.4,0.0,0.0,1.0,0
1791061619.15,1193900.6,643.8,235979.4,235979.4,-209.3,209.6,322.0,240336.2,-599986.4,0.0,0.0,1.0,0
1791061619.65,1193901.1,644.3,235874.1,235874.1,-211.8,212.2,323.6,240336.2,-599986.4,0.0,0.0,1.0,0
1791061620.16,1193901.6,644.8,235767.5,235767.5,-214.4,214.7,325.2,240336.2,-599986.4,0.0,0.0,1.0,0
1791061620.66,1193902.1,645.3,235659.7,235659.7,-216.9,217.2,326.9,240336.2,-599986.4,0.0,0.0,1.0,0
1791061621.16,1193902.6,645.8,235550.6,235550.6,-219.4,219.7,328.6,240336.2,-599986.4,0.0,0.0,1.0,0
1791061621.66,1193903.1,646.3,235440.3,235440.3,-221.9,222.3,330.2,240336.2,-599986.4,0.0,0.0,1.0,0
1791061622.16,1193903.6,646.8,235328.7,235328.7,-224.5,224.8,331.9,240336.2,-599986.4,0.0,0.0,1.0,0
1791061622.66,1193904.1,647.3,235211.3,235211.3,-227.1,227.4,333.7,240336.2,-599986.4,0.0,0.0,1.0,0
1791061623.16,1193904.6,647.8,235097.1,235097.1,-229.6,229.9,335.4,240336.2,-599986.4,0.0,0.0,1.0,0
1791061623.67,1193905.1,648.3,234981.6,234981.6,-232.2,232.5,337.1,240336.2,-599986.4,0.0,0.0,1.0,0
1791061624.17,1193905.6,648.8,234864.9,234864.9,-234.7,235.0,338.8,240336.2,-599986.4,0.0,0.0,1.0,0
1791061624.67,1193906.1,649.3,234746.9,234746.9,-237.2,237.5,340.5,240336.2,-599986.4,0.0,0.0,1.0,0
1791061625.17,1193906.6,649.8,234627.7,234627.7,-239.8,240.1,342.3,240336.2,-599986.4,0.0,0.0,1.0,0
1791061625.67,1193907.1,650.3,234507.1,234507.1,-242.3,242.6,344.0,240336.2,-599986.4,0.0,0.0,1.0,0
1791061626.17,1193907.6,650.8,234385.3,234385.3,-244.8,245.1,345.8,240336.2,-599986.4,0.0,0.0,1.0,0
1791061626.67,1193908.1,651.3,234262.3,234262.3,-247.4,247.7,347.6,240336.2,-599986.4,0.0,0.0,1.0,0
1791061627.17,1193908.6,651.8,234138.0,234138.0,-249.9,250.2,349.4,240336.2,-599986.4,0.0,0.0,1.0,0
1791061627.68,1193909.1,652.3,234012.4,234012.4,-252.5,252.7,351.2,240336.2,-599986.4,0.0,0.0,1.0,0
1791061628.18,1193909.6,652.8,233885.5,233885.5,-255.0,255.3,353.0,240336.2,-599986.4,0.0,0.0,1.0,0
1791061628.68,1193910.1,653.3,233752.2,-1.0,-257.5,257.8,354.8,240336.2,-599986.4,0.0,0.0,1.0,0
1791061629.18,1193910.6,653.8,233622.8,233622.8,-260.2,260.4,356.7,240336.2,-599986.4,0.0,0.0,1.0,0
1791061629.68,1193911.1,654.3,233492.0,233492.0,-262.7,263.0,358.5,240336.2,-599986.4,0.0,0.0,1.0,0
1791061630.18,1193911.6,654.8,233360.0,233360.0,-265.3,265.5,360.4,240336.2,-599986.4,0.0,0.0,1.0,0
1791061630.68,1193912.1,655.3,233226.8,233226.8,-267.8,268.1,362.2,240336.2,-599986.4,0.0,0.0,1.0,0
1791061631.18,1193912.6,655.8,233092.2,233092.2,-270.3,270.6,364.1,240336.2,-599986.4,0.0,0.0,1.0,0
1791061631.69,1193913.1,656.3,232956.4,232956.4,-272.9,273.1,365.9,240336.2,-599986.4,0.0,0.0,1.0,0
1791061632.19,1193913.6,656.8,232819.3,232819.3,-275.4,275.7,367.8,240336.2,-599986.4,0.0,0.0,1.0,0
1791061632.69,1193914.1,657.3,232681.0,232681.0,-278.0,278.2,369.7,240336.2,-599986.4,0.0,0.0,1.0,0
1791061633.19,1193914.6,657.8,232541.3,232541.3,-280.5,280.8,371.6,240336.2,-599986.4,0.0,0.0,1.0,0
1791061633.69,1193915.1,658.3,232400.4,232400.4,-283.1,283.3,373.5,240336.2,-599986.4,0.0,0.0,1.0,0
1791061634.19,1193915.6,658.8,232258.2,232258.3,-285.6,285.9,375.4,240336.2,-599986.4,0.0,0.0,1.0,0
1791061634.69,1193916.1,659.3,232114.8,232114.8,-288.2,288.4,377.3,240336.2,-599986.4,0.0,0.0,1.0,0
1791061635.2,1193916.6,659.8,231964.2,231964.3,-290.8,291.1,379.3,240336.2,-599986.4,0.0,0.0,1.0,0
1791061635.7,1193917.1,660.3,231818.2,231818.2,-293.4,293.6,381.2,240336.2,-599986.4,0.0,0.0,1.0,0
1791061636.2,1193917.6,660.8,231670.9,231670.9,-295.9,296.2,383.2,240336.2,-599986.4,0.0,0.0,1.0,0
1791061636.7,1193918.1,661.3,231522.3,231522.3,-298.5,298.7,385.1,240336.2,-599986.4,0.0,0.0,1.0,0
1791061637.2,1193918.6,661.8,231372.4,231372.4,-301.0,301.3,387.1,240336.2,-599986.4,0.0,0.0,1.0,0
1791061637.7,1193919.1,662.3,231221.2,231221.2,-303.6,303.8,389.1,240336.2,-599986.4,0.0,0.0,1.0,0
1791061638.2,1193919.6,662.8,231068.8,231068.8,-306.2,306.4,391.0,240336.2,-599986.4,0.0,0.0,1.0,0
1791061638.7,1193920.1,663.3,230915.1,230915.0,-308.7,308.9,393.0,240336.2,-599986.4,0.0,0.0,1.0,0
1791061639.21,1193920.6,663.8,230760.1,230760.0,-311.3,311.5,395.0,240336.2,-599986.4,0.0,0.0,1.0,0
1791061639.71,1193921.1,664.3,230603.8,230603.8,-313.8,314.1,397.0,240336.2,-599986.4,0.0,0.0,1.0,0
1791061640.21,1193921.6,664.8,230446.2,230446.2,-316.4,316.6,399.0,240336.2,-599986.4,0.0,0.0,1.0,0
1791061640.71,1193922.1,665.3,230287.4,230287.4,-318.9,319.2,401.0,240336.2,-599986.4,0.0,0.0,1.0,0
1791061641.21,1193922.6,665.8,230127.3,230127.3,-321.5,321.7,403.0,240336.2,-599986.4,0.0,0.0,1.0,0
1791061641.71,1193923.1,666.3,229965.9,229965.9,-324.1,324.3,405.0,240336.2,-599986.4,0.0,0.0,1.0,0
1791061642.21,1193923.6,666.8,229803.2,229803.2,-326.6,326.9,407.0,240336.2,-599986.4,0.0,0.0,1.0,0
1791061642.71,1193924.1,667.3,229639.2,229639.2,-329.2,329.4,409.1,240336.2,-599986.4,0.0,0.0,1.0,0
1791061643.22,1193924.6,667.8,229474.0,229474.0,-331.8,332.0,411.1,240336.2,-599986.4,0.0,0.0,1.0,0
1791061643.72,1193925.1,668.3,229307.5,229307.5,-334.3,334.5,413.2,240336.2,-599986.4,0.0,0.0,1.0,0
1791061644.22,1193925.6,668.8,229139.6,229139.6,-336.9,337.1,415.2,240336.2,-599986.4,0.0,0.0,1.0,0
1791061644.72,1193926.1,669.3,228970.5,228970.5,-339.5,339.7,417.3,240336.2,-599986.4,0.0,0.0,1.0,0
1791061645.22,1193926.6,669.8,228800.2,228800.2,-342.0,342.2,419.3,240336.2,-599986.4,0.0,0.0,1.0,0
1791061645.72,1193927.1,670.3,228628.5,228628.5,-344.6,344.8,421.4,240336.2,-599986.4,0.0,0.0,1.0,0
1791061646.22,1193927.6,670.8,228455.6,228455.5,-347.2,347.4,423.5,240336.2,-599986.4,0.0,0.0,1.0,0
1791061646.73,1193928.1,671.3,228281.3,228281.3,-349.8,350.0,425.6,240336.2,-599986.4,0.0,0.0,1.0,0
1791061647.23,1193928.6,671.8,228105.8,228105.8,-352.3,352.5,427.7,240336.2,-599986.4,0.0,0.0,1.0,0
1791061647.73,1193929.1,672.3,227929.0,227929.0,-354.9,355.1,429.8,240336.2,-599986.4,0.0,0.0,1.0,0
1791061648.23,1193929.6,672.8,227750.9,227750.9,-357.5,357.7,431.9,240336.2,-599986.4,0.0,0.0,1.0,0
1791061648.73,1193930.1,673.3,227564.3,227564.3,-360.2,360.4,434.0,240336.2,-599986.4,0.0,0.0,1.0,0
1791061649.23,1193930.6,673.8,227383.6,227383.5,-362.7,362.9,436.2,240336.2,-599986.4,0.0,0.0,1.0,0
1791061649.73,1193931.1,674.3,227201.5,227201.5,-365.3,365.5,438.3,240336.2,-599986.4,0.0,0.0,1.0,0
1791061650.23,1193931.6,674.8,227018.2,227018.2,-367.9,368.1,440.4,240336.2,-599986.4,0.0,0.0,1.0,0
1791061650.74,1193932.1,675.3,226833.6,226833.6,-370.5,370.7,442.5,240336.2,-599986.4,0.0,0.0,1.0,0
1791061651.24,1193932.6,675.8,226647.7,226647.7,-373.1,373.3,444.7,240336.2,-599986.4,0.0,0.0,1.0,0
1791061651.74,1193933.1,676.3,226460.5,226460.5,-375.7,375.8,446.8,240336.2,-599986.4,0.0,0.0,1.0,0
1791061652.24,1193933.6,676.9,226272.1,226272.1,-378.2,378.4,449.0,240336.2,-599986.4,0.0,0.0,1.0,0
1791061652.74,1193934.2,677.4,226082.3,226082.3,-380.8,381.0,451.1,240336.2,-599986.4,0.0,0.0,1.0,0
1791061653.24,1193934.7,677.9,225891.2,225891.2,-383.4,383.6,453.3,240336.2,-599986.4,0.0,0.0,1.0,0
1791061653.74,1193935.2,678.4,225698.9,225698.9,-386.0,386.2,455.4,240336.2,-599986.4,0.0,0.0,1.0,0
1791061654.24,1193935.7,678.9,225497.5,225497.5,-388.7,388.9,457.7,240336.2,-599986.4,0.0,0.0,1.0,0
1791061654.75,1193936.2,679.4,225302.5,225302.5,-391.3,391.5,459.9,240336.2,-599986.4,0.0,0.0,1.0,0
1791061655.25,1193936.7,679.9,225106.2,225106.2,-393.9,394.1,462.0,240336.2,-599986.4,0.0,0.0,1.0,0
1791061655.75,1193937.2,680.4,224908.6,224908.6,-396.5,396.7,464.2,240336.2,-599986.4,0.0,0.0,1.0,0
1791061656.25,1193937.7,680.9,224709.7,224709.7,-399.1,399.3,466.4,240336.2,-599986.4,0.0,0.0,1.0,0
1791061656.75,1193938.2,681.4,224509.5,224509.5,-401.7,401.8,468.6,240336.2,-599986.4,0.0,0.0,1.0,0
1791061657.25,1193938.7,681.9,224308.0,224308.0,-404.3,404.4,470.8,240336.2,-599986.4,0.0,0.0,1.0,0
1791061657.75,1193939.2,682.4,224105.2,224105.2,-406.9,407.0,473.0,240336.2,-599986.4,0.0,0.0,1.0,0
1791061658.25,1193939.7,682.9,223901.1,223901.1,-409.5,409.6,475.2,240336.2,-599986.4,0.0,0.0,1.0,0
1791061658.76,1193940.2,683.4,223695.7,223695.7,-412.1,412.2,477.4,240336.2,-599986.4,0.0,0.0,1.0,0
1791061659.26,1193940.7,683.9,223489.0,223489.0,-414.7,414.8,479.6,240336.2,-599986.4,0.0,0.0,1.0,0
1791061659.76,1193941.2,684.4,223281.1,223281.1,-417.3,417.4,481.9,240336.2,-599986.4,0.0,0.0,1.0,0
1791061660.26,1193941.6,684.9,223080.2,223080.2,-419.8,419.9,484.0,240336.2,-599986.4,0.0,0.0,1.0,0
1791061660.76,1193941.6,685.4,223080.2,223080.2,-419.8,419.9,484.0,240336.2,-599986.4,0.0,0.0,1.0,0
1791061661.26,1193941.7,685.9,223063.4,223063.4,-420.0,420.2,484.2,240336.2,-599986.4,0.0,0.0,1.0,0
1791061661.76,1193941.7,686.4,223063.4,223063.4,-420.0,420.2,484.2,240336.2,-599986.4,0.0,0.0,1.0,0
1791061662.27,1193941.7,686.9,223046.6,223046.6,-420.2,420.4,484.4,240336.2,-599986.4,0.0,0.0,1.0,0
1791061662.77,1193941.7,687.4,223046.6,223046.6,-420.2,420.4,484.4,240336.2,-599986.4,0.0,0.0,1.0,0
1791061663.27,1193941.8,687.9,223029.7,223029.8,-420.4,420.6,484.5,240336.2,-599986.4,0.0,0.0,1.0,0
1791061663.77,1193941.8,688.4,223029.7,223029.8,-420.4,420.6,484.5,240336.2,-599986.4,0.0,0.0,1.0,0
1791061664.27,1193941.8,688.9,223012.9,223012.9,-420.6,420.8,484.7,240336.2,-599986.4,0.0,0.0,1.0,0
1791061664.77,1193941.8,689.4,223012.9,223012.9,-420.6,420.8,484.7,240336.2,-599986.4,0.0,0.0,1.0,0
1791061665.27,1193941.8,689.9,222996.1,222996.1,-420.8,421.0,484.9,240336.2,-599986.4,0.0,0.0,1.0,0
1791061665.77,1193941.8,690.4,222996.1,222996.1,-420.8,421.0,484.9,240336.2,-599986.4,0.0,0.0,1.0,0
1791061666.28,1193941.9,690.9,222979.3,222979.3,-421.0,421.2,485.1,240336.2,-599986.4,0.0,0.0,1.0,0
1791061666.78,1193941.9,691.4,222979.3,222979.3,-421.0,421.2,485.1,240336.2,-599986.4,0.0,0.0,1.0,0
1791061667.28,1193941.9,691.9,222962.4,222962.4,-421.2,421.4,485.3,240336.2,-599986.4,0.0,0.0,1.0,0
1791061667.78,1193941.9,692.4,222962.4,222962.4,-421.2,421.4,485.3,240336.2,-599986.4,0.0,0.0,1.0,0
1791061668.28,1193942.0,692.9,222945.6,222945.6,-421.4,421.6,485.4,240336.2,-599986.4,0.0,0.0,1.0,0
1791061668.78,1193942.0,693.4,222945.6,222945.6,-421.4,421.6,485.4,240336.2,-599986.4,0.0,0.0,1.0,0
1791061669.28,1193942.0,693.9,222937.1,222937.1,-421.6,421.7,485.5,240336.2,-599986.4,0.0,0.0,1.0,0
1791061669.78,1193942.0,694.4,222928.7,222928.7,-421.7,421.8,485.6,240336.2,-599986.4,0.0,0.0,1.0,0
1791061670.29,1193942.0,694.9,222920.3,-1.0,-421.7,421.8,485.6,240336.2,-599986.4,0.0,0.0,1.0,0
1791061670.79,1193942.0,695.4,222911.8,222911.8,-421.9,422.0,485.8,240336.2,-599986.4,0.0,0.0,1.0,0
1791061671.29,1193942.0,695.9,222911.8,222911.8,-421.9,422.0,485.8,240336.2,-599986.4,0.0,0.0,1.0,0
1791061671.79,1193942.1,696.4,222895.0,222895.0,-422.1,422.2,486.0,240336.2,-599986.4,0.0,0.0,1.0,0
1791061672.29,1193942.1,696.9,222895.0,222895.0,-422.1,422.2,486.0,240336.2,-599986.4,0.0,0.0,1.0,0
1791061672.79,1193942.1,697.4,222878.1,222878.1,-422.3,422.5,486.2,240336.2,-599986.4,0.0,0.0,1.0,0
1791061673.29,1193942.1,697.9,222878.1,222878.1,-422.3,422.5,486.2,240336.2,-599986.4,0.0,0.0,1.0,0
1791061673.8,1193942.2,698.4,222861.2,222861.2,-422.5,422.7,486.3,240336.2,-599986.4,0.0,0.0,1.0,0
1791061674.3,1193942.2,698.9,222861.2,222861.2,-422.5,422.7,486.3,240336.2,-599986.4,0.0,0.0,1.0,0
1791061674.8,1193942.2,699.4,222844.3,222844.3,-422.7,422.9,486.5,240336.2,-599986.4,0.0,0.0,1.0,0
1791061675.3,1193942.2,699.9,222844.3,222844.3,-422.7,422.9,486.5,240336.2,-599986.4,0.0,0.0,1.0,0
1791061675.8,1193942.2,700.4,222827.4,222827.3,-422.9,423.1,486.7,240336.2,-599986.4,0.0,0.0,1.0,0
1791061676.3,1193942.2,700.9,222827.4,222827.3,-422.9,423.1,486.7,240336.2,-599986.4,0.0,0.0,1.0,0
1791061676.8,1193942.5,701.4,222725.7,222725.7,-424.2,424.3,487.8,240336.2,-599986.4,0.0,0.0,1.0,0
1791061677.3,1193943.0,701.9,222513.0,222513.0,-426.8,426.9,490.0,240336.2,-599986.4,0.0,0.0,1.0,0
1791061677.81,1193943.5,702.4,222298.9,222298.9,-429.4,429.5,492.2,240336.2,-599986.4,0.0,0.0,1.0,0
1791061678.31,1193944.0,702.9,222083.6,222083.6,-432.0,432.2,494.5,240336.2,-599986.4,0.0,0.0,1.0,0
1791061678.81,1193944.5,703.4,221866.9,221866.9,-434.6,434.8,496.8,240336.2,-599986.4,0.0,0.0,1.0,0
1791061679.31,1193945.0,703.9,221649.0,221649.0,-437.2,437.4,499.0,240336.2,-599986.4,0.0,0.0,1.0,0
1791061679.81,1193945.5,704.4,221429.7,221429.7,-439.8,440.0,501.3,240336.2,-599986.4,0.0,0.0,1.0,0
1791061680.31,1193946.0,704.9,221200.3,221200.3,-442.6,442.7,503.6,240336.2,-599986.4,0.0,0.0,1.0,0
1791061680.81,1193946.5,705.4,220987.2,220987.2,-445.1,445.2,505.8,240336.2,-599986.4,0.0,0.0,1.0,0
1791061681.31,1193947.0,705.9,220764.0,220764.0,-447.7,447.9,508.1,240336.2,-599986.4,0.0,0.0,1.0,0
1791061681.81,1193947.5,706.4,220539.5,220539.5,-450.3,450.5,510.4,240336.2,-599986.4,0.0,0.0,1.0,0
1791061682.32,1193948.0,706.9,220304.7,220304.7,-453.0,453.2,512.7,240336.2,-599986.4,0.0,0.0,1.0,0
1791061682.82,1193948.5,707.4,220077.5,220077.5,-455.7,455.8,515.0,240336.2,-599986.4,0.0,0.0,1.0,0
1791061683.32,1193949.0,707.9,219849.0,219849.0,-458.3,458.5,517.3,240336.2,-599986.4,0.0,0.0,1.0,0
1791061683.82,1193949.5,708.4,219619.2,219619.2,-460.9,461.1,519.6,240336.2,-599986.4,0.0,0.0,1.0,0
1791061684.32,1193950.0,708.9,219388.1,219388.1,-463.6,463.7,521.9,240336.2,-599986.4,0.0,0.0,1.0,0
1791061684.82,1193950.5,709.4,219155.6,219155.6,-466.2,466.3,524.2,240336.2,-599986.4,0.0,0.0,1.0,0
1791061685.32,1193951.0,709.9,218921.9,218921.9,-468.8,469.0,526.6,240336.2,-599986.4,0.0,0.0,1.0,0
1791061685.83,1193951.5,710.4,218686.8,218686.8,-471.4,471.6,528.9,240336.2,-599986.4,0.0,0.0,1.0,0
1791061686.34,1193952.0,710.9,218459.9,218459.9,-474.0,474.1,531.1,240336.2,-599986.4,0.0,0.0,1.0,0
1791061686.84,1193952.5,711.4,218212.7,218212.7,-476.7,476.9,533.5,240336.2,-599986.4,0.0,0.0,1.0,0
1791061687.34,1193953.0,712.0,217964.1,217964.1,-479.5,479.6,535.9,240336.2,-599986.4,0.0,0.0,1.0,0
1791061687.84,1193953.5,712.5,217733.3,217733.3,-482.0,482.1,538.2,240336.2,-599986.4,0.0,0.0,1.0,0
1791061688.34,1193954.0,713.0,217482.0,217482.0,-484.7,484.9,540.6,240336.2,-599986.4,0.0,0.0,1.0,0
1791061688.84,1193954.5,713.5,217239.0,217239.0,-487.4,487.5,542.9,240336.2,-599986.4,0.0,0.0,1.0,0
1791061689.34,1193955.0,714.0,216994.6,216994.6,-490.0,490.2,545.3,240336.2,-599986.4,0.0,0.0,1.0,0
1791061689.85,1193955.5,714.5,216748.9,216748.9,-492.7,492.8,547.6,240336.2,-599986.4,0.0,0.0,1.0,0
1791061690.35,1193956.0,715.0,216501.9,216501.9,-495.3,495.5,550.0,240336.2,-599986.4,0.0,0.0,1.0,0
1791061690.85,1193956.5,715.5,216253.6,216253.6,-498.0,498.1,552.3,240336.2,-599986.4,0.0,0.0,1.0,0
1791061691.35,1193957.0,716.0,216003.9,216003.9,-500.6,500.8,554.7,240336.2,-599986.4,0.0,0.0,1.0,0
1791061691.85,1193957.5,716.5,215752.9,215753.0,-503.3,503.4,557.1,240336.2,-599986.4,0.0,0.0,1.0,0
1791061692.35,1193958.0,717.0,215500.6,215500.6,-505.9,506.1,559.4,240336.2,-599986.4,0.0,0.0,1.0,0
1791061692.85,1193958.5,717.5,215247.0,215247.0,-508.6,508.7,561.8,240336.2,-599986.4,0.0,0.0,1.0,0
1791061693.35,1193959.0,718.0,214992.0,214992.0,-511.2,511.4,564.2,240336.2,-599986.4,0.0,0.0,1.0,0
1791061693.86,1193959.5,718.5,214735.8,214735.8,-513.9,514.0,566.6,240336.2,-599986.4,0.0,0.0,1.0,0
1791061694.36,1193960.0,719.0,214478.1,214478.1,-516.6,516.7,568.9,240336.2,-599986.4,0.0,0.0,1.0,0
1791061694.86,1193960.5,719.5,214219.2,214219.2,-519.2,519.4,571.3,240336.2,-599986.4,0.0,0.0,1.0,0
1791061695.36,1193961.0,720.0,213958.9,213958.9,-521.9,522.0,573.7,240336.2,-599986.4,0.0,0.0,1.0,0
1791061695.86,1193961.5,720.5,213697.3,213697.3,-524.6,524.7,576.1,240336.2,-599986.4,0.0,0.0,1.0,0
1791061696.36,1193962.0,721.0,213423.8,213423.8,-527.3,527.5,578.6,240336.2,-599986.4,0.0,0.0,1.0,0
1791061696.86,1193962.5,721.5,213159.4,213159.4,-530.0,530.1,581.0,240336.2,-599986.4,0.0,0.0,1.0,0
1791061697.36,1193963.0,722.0,212893.8,212893.8,-532.7,532.8,583.4,240336.2,-599986.4,0.0,0.0,1.0,0
1791061697.87,1193963.5,722.5,212626.8,212626.8,-535.4,535.5,585.8,240336.2,-599986.4,0.0,0.0,1.0,0
1791061698.37,1193964.0,723.0,212358.4,212358.4,-538.0,538.2,588.2,240336.2,-599986.4,0.0,0.0,1.0,0
1791061698.87,1193964.5,723.5,212088.7,212088.7,-540.7,540.8,590.7,240336.2,-599986.4,0.0,0.0,1.0,0
1791061699.37,1193965.0,724.0,211817.7,211817.7,-543.4,543.5,593.1,240336.2,-599986.4,0.0,0.0,1.0,0
1791061699.87,1193965.5,724.5,211545.3,211545.3,-546.1,546.2,595.5,240336.2,-599986.4,0.0,0.0,1.0,0
1791061700.37,1193966.0,725.0,211271.6,211271.6,-548.7,548.9,597.9,240336.2,-599986.4,0.0,0.0,1.0,0
1791061700.87,1193966.5,725.5,210996.6,210996.6,-551.4,551.6,600.4,240336.2,-599986.4,0.0,0.0,1.0,0
1791061701.38,1193967.1,726.0,210720.2,210720.2,-554.1,554.2,602.8,240336.2,-599986.4,0.0,0.0,1.0,0
1791061701.88,1193967.6,726.5,210442.5,210442.5,-556.8,556.9,605.2,240336.2,-599986.4,0.0,0.0,1.0,0
1791061702.38,1193968.1,727.0,210163.4,210163.4,-559.5,559.6,607.7,240336.2,-599986.4,0.0,0.0,1.0,0
1791061702.88,1193968.6,727.5,209871.7,209871.7,-562.3,562.4,610.2,240336.2,-599986.4,0.0,0.0,1.0,0
1791061703.38,1193969.1,728.0,209589.9,209589.9,-565.0,565.1,612.7,240336.2,-599986.4,0.0,0.0,1.0,0
1791061703.88,1193969.6,728.5,209306.7,209306.8,-567.7,567.8,615.1,240336.2,-599986.4,0.0,0.0,1.0,0
1791061704.38,1193970.1,729.0,209022.2,209022.2,-570.4,570.5,617.6,240336.2,-599986.4,0.0,0.0,1.0,0
1791061704.88,1193970.6,729.5,208736.4,208736.4,-573.1,573.2,620.1,240336.2,-599986.4,0.0,0.0,1.0,0
1791061705.39,1193971.1,730.0,208449.2,208449.2,-575.8,575.9,622.5,240336.2,-599986.4,0.0,0.0,1.0,0
1791061705.89,1193971.6,730.5,208160.6,208160.6,-578.5,578.6,625.0,240336.2,-599986.4,0.0,0.0,1.0,0
1791061706.39,1193972.1,731.0,207870.7,207870.7,-581.2,581.3,627.5,240336.2,-599986.4,0.0,0.0,1.0,0
1791061706.89,1193972.6,731.5,207579.4,207579.4,-583.9,584.0,629.9,240336.2,-599986.4,0.0,0.0,1.0,0
1791061707.39,1193973.1,732.0,207286.8,207286.8,-586.6,586.7,632.4,240336.2,-599986.4,0.0,0.0,1.0,0
1791061707.89,1193973.6,732.5,206992.8,206992.8,-589.3,589.4,634.9,240336.2,-599986.4,0.0,0.0,1.0,0
1791061708.39,1193974.1,733.0,206697.5,206697.5,-592.0,592.1,637.4,240336.2,-599986.4,0.0,0.0,1.0,0
1791061708.89,1193974.6,733.5,206388.9,206388.9,-594.8,595.0,640.0,240336.2,-599986.4,0.0,0.0,1.0,0
1791061709.4,1193975.1,734.0,206090.8,206090.8,-597.6,597.7,642.5,240336.2,-599986.4,0.0,0.0,1.0,0
1791061709.9,1193975.6,734.5,205791.3,205791.3,-600.3,600.4,645.0,240336.2,-599986.4,0.0,0.0,1.0,0
1791061710.4,1193976.1,735.0,205490.5,205490.5,-603.0,603.1,647.5,240336.2,-599986.4,0.0,0.0,1.0,0
1791061710.9,1193976.6,735.5,205188.3,205188.3,-605.7,605.8,650.0,240336.2,-599986.4,0.0,0.0,1.0,0
1791061711.4,1193977.1,736.0,204884.8,204884.8,-608.4,608.6,652.5,240336.2,-599986.4,0.0,0.0,1.0,0
1791061711.9,1193977.6,736.5,204579.9,204579.9,-611.2,611.3,655.0,240336.2,-599986.4,0.0,0.0,1.0,0
1791061712.4,1193978.1,737.0,204273.6,204273.6,-613.9,614.0,657.5,240336.2,-599986.4,0.0,0.0,1.0,0
1791061712.9,1193978.6,737.5,203966.0,203966.0,-616.6,616.7,660.0,240336.2,-599986.4,0.0,0.0,1.0,0
1791061713.41,1193979.1,738.0,203657.0,203657.0,-619.4,619.5,662.6,240336.2,-599986.4,0.0,0.0,1.0,0
1791061713.91,1193979.6,738.5,203346.6,203346.6,-622.1,622.2,665.1,240336.2,-599986.4,0.0,0.0,1.0,0
1791061714.41,1193980.1,739.0,203034.9,203034.9,-624.8,625.0,667.6,240336.2,-599986.4,0.0,0.0,1.0,0
1791061714.91,1193980.6,739.5,202721.8,202721.8,-627.6,627.7,670.1,240336.2,-599986.4,0.0,0.0,1.0,0
1791061715.41,1193981.1,740.0,202407.3,202407.3,-630.3,630.4,672.7,240336.2,-599986.4,0.0,0.0,1.0,0
1791061715.91,1193981.6,740.5,202078.8,202078.8,-633.2,633.3,675.3,240336.2,-599986.4,0.0,0.0,1.0,0
1791061716.41,1193982.1,741.0,201761.5,201761.5,-635.9,636.0,677.9,240336.2,-599986.4,0.0,0.0,1.0,0
1791061716.92,1193982.6,741.5,201442.9,201442.9,-638.7,638.8,680.4,240336.2,-599986.4,0.0,0.0,1.0,0
1791061717.42,1193983.1,742.0,201122.9,201122.9,-641.4,641.5,683.0,240336.2,-599986.4,0.0,0.0,1.0,0
1791061717.92,1193983.6,742.5,200801.5,200801.5,-644.2,644.3,685.5,240336.2,-599986.4,0.0,0.0,1.0,0
1791061718.42,1193984.1,743.0,200478.7,200478.7,-646.9,647.0,688.1,240336.2,-599986.4,0.0,0.0,1.0,0
1791061718.92,1193984.6,743.5,200154.5,200154.5,-649.7,649.8,690.6,240336.2,-599986.4,0.0,0.0,1.0,0
1791061719.42,1193985.1,744.0,199842.1,199842.0,-652.3,652.4,693.1,240336.2,-599986.4,0.0,0.0,1.0,0
1791061719.92,1193985.6,744.5,199515.2,199515.2,-655.1,655.2,695.7,240336.2,-599986.4,0.0,0.0,1.0,0
1791061720.42,1193986.1,745.0,199173.8,199173.8,-658.0,658.1,698.3,240336.2,-599986.4,0.0,0.0,1.0,0
1791061720.93,1193986.6,745.5,198844.1,198844.1,-660.7,660.8,700.9,240336.2,-599986.4,0.0,0.0,1.0,0
1791061721.43,1193987.1,746.0,198513.1,198513.1,-663.5,663.6,703.5,240336.2,-599986.4,0.0,0.0,1.0,0
1791061721.93,1193987.6,746.5,198180.6,198180.6,-666.3,666.4,706.1,240336.2,-599986.4,0.0,0.0,1.0,0
1791061722.43,1193988.1,747.0,197846.8,197846.8,-669.0,669.1,708.7,240336.2,-599986.4,0.0,0.0,1.0,0
1791061722.93,1193988.6,747.5,197511.6,197511.6,-671.8,671.9,711.2,240336.2,-599986.4,0.0,0.0,1.0,0
1791061723.43,1193989.1,748.0,197175.0,197175.0,-674.6,674.7,713.8,240336.2,-599986.4,0.0,0.0,1.0,0
1791061723.93,1193989.5,748.5,196877.6,196877.6,-677.0,677.1,716.1,240336.2,-599986.4,0.0,0.0,1.0,0
1791061724.43,1193990.0,749.0,196538.4,196538.4,-679.8,679.9,718.7,240336.2,-599986.4,0.0,0.0,1.0,0
1791061724.94,1193990.5,749.5,196197.8,196197.8,-682.6,682.7,721.3,240336.2,-599986.4,0.0,0.0,1.0,0
1791061725.44,1193991.0,750.0,195855.8,195855.8,-685.4,685.5,723.9,240336.2,-599986.4,0.0,0.0,1.0,0
1791061725.94,1193991.5,750.5,195512.4,195512.4,-688.2,688.3,726.5,240336.2,-599986.4,0.0,0.0,1.0,0
1791061726.44,1193992.0,751.1,195167.6,195167.6,-691.0,691.1,729.1,240336.2,-599986.4,0.0,0.0,1.0,0
1791061726.94,1193992.5,751.6,194821.4,194821.4,-693.8,693.9,731.8,240336.2,-599986.4,0.0,0.0,1.0,0
1791061727.44,1193993.1,752.1,194473.9,194473.9,-696.6,696.7,734.4,240336.2,-599986.4,0.0,0.0,1.0,0
1791061727.94,1193993.6,752.6,194110.9,194110.9,-699.5,699.6,737.1,240336.2,-599986.4,0.0,0.0,1.0,0
1791061728.45,1193994.1,753.1,193760.5,193760.5,-702.3,702.4,739.7,240336.2,-599986.4,0.0,0.0,1.0,0
1791061728.95,1193994.6,753.6,193408.6,193408.6,-705.1,705.2,742.4,240336.2,-599986.4,0.0,0.0,1.0,0
1791061729.45,1193995.1,754.1,193055.4,193055.4,-707.9,708.0,745.0,240336.2,-599986.4,0.0,0.0,1.0,0
1791061729.95,1193995.6,754.6,192700.7,192700.7,-710.7,710.8,747.6,240336.2,-599986.4,0.0,0.0,1.0,0
1791061730.45,1193996.1,755.1,192344.7,192344.7,-713.5,713.6,750.3,240336.2,-599986.4,0.0,0.0,1.0,0
1791061730.95,1193996.6,755.6,191987.2,191987.2,-716.3,716.4,752.9,240336.2,-599986.4,0.0,0.0,1.0,0
1791061731.45,1193997.1,756.1,191628.4,191628.4,-719.1,719.2,755.6,240336.2,-599986.4,0.0,0.0,1.0,0
1791061731.95,1193997.6,756.6,191268.1,191268.1,-721.9,722.1,758.2,240336.2,-599986.4,0.0,0.0,1.0,0
1791061732.46,1193998.1,757.1,190906.4,190906.4,-724.8,724.9,760.9,240336.2,-599986.4,0.0,0.0,1.0,0
1791061732.96,1193998.6,757.6,190543.3,190543.3,-727.6,727.7,763.5,240336.2,-599986.4,0.0,0.0,1.0,0
1791061733.46,1193999.1,758.1,190178.8,190178.8,-730.4,730.5,766.2,240336.2,-599986.4,0.0,0.0,1.0,0
1791061733.96,1193999.6,758.6,189812.9,189812.9,-733.2,733.4,768.9,240336.2,-599986.4,0.0,0.0,1.0,0
1791061734.46,1194000.1,759.1,189445.6,189445.6,-736.1,736.2,771.5,240336.2,-599986.4,0.0,0.0,1.0,0
1791061734.96,1194000.6,759.6,189076.8,189076.8,-738.9,739.0,774.2,240336.2,-599986.4,0.0,0.0,1.0,0
1791061735.46,1194001.1,760.1,188691.8,188691.8,-741.9,742.0,777.0,240336.2,-599986.4,0.0,0.0,1.0,0
1791061735.96,1194001.6,760.6,188320.2,188320.2,-744.7,744.8,779.7,240336.2,-599986.4,0.0,0.0,1.0,0
1791061736.47,1194002.1,761.1,187947.1,187947.1,-747.5,747.7,782.4,240336.2,-599986.4,0.0,0.0,1.0,0
1791061736.97,1194002.6,761.6,187572.6,187572.6,-750.4,750.5,785.0,240336.2,-599986.4,0.0,0.0,1.0,0
1791061737.47,1194003.1,762.1,187196.7,187196.7,-753.2,753.3,787.7,240336.2,-599986.4,0.0,0.0,1.0,0
1791061737.97,1194003.6,762.6,186819.3,186819.3,-756.1,756.2,790.4,240336.2,-599986.4,0.0,0.0,1.0,0
1791061738.47,1194004.1,763.1,186440.6,186440.6,-758.9,759.0,793.1,240336.2,-599986.4,0.0,0.0,1.0,0
1791061738.97,1194004.6,763.6,186060.4,186060.4,-761.8,761.9,795.8,240336.2,-599986.4,0.0,0.0,1.0,0
1791061739.47,1194005.1,764.1,185678.8,185678.8,-764.7,764.8,798.5,240336.2,-599986.4,0.0,0.0,1.0,0
1791061739.97,1194005.6,764.6,185295.7,185295.7,-767.5,767.6,801.2,240336.2,-599986.4,0.0,0.0,1.0,0
1791061740.48,1194006.1,765.1,184911.2,184911.3,-770.4,770.5,804.0,240336.2,-599986.4,0.0,0.0,1.0,0
1791061740.98,1194006.6,765.6,184525.3,184525.3,-773.3,773.4,806.7,240336.2,-599986.4,0.0,0.0,1.0,0
1791061741.48,1194007.1,766.1,184138.0,184138.0,-776.1,776.2,809.4,240336.2,-599986.4,0.0,0.0,1.0,0
1791061741.98,1194007.6,766.6,183749.2,183749.2,-779.0,779.1,812.1,240336.2,-599986.4,0.0,0.0,1.0,0
1791061742.48,1194008.1,767.1,183343.3,183343.3,-782.0,782.1,814.9,240336.2,-599986.4,0.0,0.0,1.0,0
1791061742.98,1194008.6,767.6,182951.6,182951.6,-784.9,785.0,817.7,240336.2,-599986.4,0.0,0.0,1.0,0
1791061743.48,1194009.1,768.1,182558.5,182558.5,-787.8,787.9,820.4,240336.2,-599986.4,0.0,0.0,1.0,0
1791061743.99,1194009.6,768.6,182163.9,182163.9,-790.6,790.7,823.2,240336.2,-599986.4,0.0,0.0,1.0,0
1791061744.49,1194010.1,769.1,181767.8,181767.8,-793.5,793.6,825.9,240336.2,-599986.4,0.0,0.0,1.0,0
1791061744.99,1194010.6,769.6,181370.3,181370.3,-796.4,796.5,828.6,240336.2,-599986.4,0.0,0.0,1.0,0
1791061745.49,1194011.1,770.1,180971.4,180971.4,-799.3,799.4,831.4,240336.2,-599986.4,0.0,0.0,1.0,0
1791061745.99,1194011.6,770.6,180571.0,180571.0,-802.2,802.3,834.1,240336.2,-599986.4,0.0,0.0,1.0,0
1791061746.49,1194012.1,771.1,180169.2,180169.2,-805.1,805.2,836.9,240336.2,-599986.4,0.0,0.0,1.0,0
1791061746.99,1194012.6,771.6,179765.9,179765.9,-808.0,808.1,839.7,240336.2,-599986.4,0.0,0.0,1.0,0
1791061747.49,1194013.1,772.1,179361.2,179361.2,-810.9,811.0,842.4,240336.2,-599986.4,0.0,0.0,1.0,0
1791061748.0,1194013.6,772.6,178938.7,178938.7,-813.9,814.0,845.3,240336.2,-599986.4,0.0,0.0,1.0,0
1791061748.5,1194014.1,773.1,178531.0,178531.0,-816.8,816.9,848.1,240336.2,-599986.4,0.0,0.0,1.0,0
1791061749.0,1194014.6,773.6,178121.9,178121.8,-819.8,819.9,850.9,240336.2,-599986.4,0.0,0.0,1.0,0
1791061749.5,1194015.1,774.1,177711.2,177711.2,-822.7,822.8,853.6,240336.2,-599986.4,0.0,0.0,1.0,0
1791061750.0,1194015.6,774.6,177299.2,177299.2,-825.6,825.7,856.4,240336.2,-599986.4,0.0,0.0,1.0,0
1791061750.5,1194016.1,775.1,176885.6,176885.6,-828.5,828.6,859.2,240336.2,-599986.4,0.0,0.0,1.0,0
1791061751.0,1194016.4,775.6,176653.4,176653.4,-830.2,830.3,860.8,240336.2,-599986.4,0.0,0.0,1.0,0
1791061751.5,1194016.4,776.1,176653.4,176653.4,-830.2,830.3,860.8,240336.2,-599986.4,0.0,0.0,1.0,0
1791061752.01,1194016.4,776.6,176620.2,176620.2,-830.4,830.5,861.0,240336.2,-599986.4,0.0,0.0,1.0,0
1791061752.51,1194016.4,777.1,176620.2,176620.2,-830.4,830.5,861.0,240336.2,-599986.4,0.0,0.0,1.0,0
1791061753.01,1194016.5,777.6,176587.0,176587.0,-830.6,830.7,861.2,240336.2,-599986.4,0.0,0.0,1.0,0
1791061753.51,1194016.5,778.1,176587.0,176587.0,-830.6,830.7,861.2,240336.2,-599986.4,0.0,0.0,1.0,0
1791061754.02,1194016.5,778.6,176553.7,176553.8,-830.9,831.0,861.4,240336.2,-599986.4,0.0,0.0,1.0,0
1791061754.52,1194016.5,779.1,176553.7,176553.8,-830.9,831.0,861.4,240336.2,-599986.4,0.0,0.0,1.0,0
1791061755.02,1194016.6,779.6,176487.3,176487.3,-831.3,831.4,861.9,240336.2,-599986.4,0.0,0.0,1.0,0
1791061755.52,1194016.8,780.1,176320.9,176320.9,-832.5,832.6,863.0,240336.2,-599986.4,0.0,0.0,1.0,0
1791061756.02,1194017.3,780.6,175887.2,175887.2,-835.6,835.7,865.9,240336.2,-599986.4,0.0,0.0,1.0,0
1791061756.52,1194017.8,781.1,175468.7,175468.7,-838.5,838.6,868.7,240336.2,-599986.4,0.0,0.0,1.0,0
1791061757.02,1194018.3,781.6,175065.5,175065.5,-841.3,841.4,871.4,240336.2,-599986.4,0.0,0.0,1.0,0
1791061757.52,1194018.8,782.1,174627.2,174627.2,-844.4,844.5,874.3,240336.2,-599986.4,0.0,0.0,1.0,0
1791061758.03,1194019.3,782.6,174204.3,174204.3,-847.3,847.4,877.1,240336.2,-599986.4,0.0,0.0,1.0,0
1791061758.53,1194019.8,783.1,173779.9,173779.9,-850.3,850.4,880.0,240336.2,-599986.4,0.0,0.0,1.0,0
1791061759.03,1194020.3,783.6,173354.0,173354.0,-853.2,853.3,882.8,240336.2,-599986.4,0.0,0.0,1.0,0
1791061759.53,1194020.8,784.1,172926.7,172926.7,-856.2,856.3,885.6,240336.2,-599986.4,0.0,0.0,1.0,0
1791061760.03,1194021.3,784.6,172497.9,172497.9,-859.1,859.2,888.4,240336.2,-599986.4,0.0,0.0,1.0,0
1791061760.53,1194021.8,785.1,172067.5,172067.5,-862.1,862.2,891.3,240336.2,-599986.4,0.0,0.0,1.0,0
1791061761.03,1194022.3,785.6,171635.8,171635.8,-865.0,865.1,894.1,240336.2,-599986.4,0.0,0.0,1.0,0
1791061761.54,1194022.8,786.1,171202.5,171202.5,-868.0,868.1,896.9,240336.2,-599986.4,0.0,0.0,1.0,0
1791061762.04,1194023.3,786.6,170767.7,170767.7,-871.0,871.1,899.8,240336.2,-599986.4,0.0,0.0,1.0,0
1791061762.54,1194023.8,787.1,170331.5,170331.5,-874.0,874.1,902.6,240336.2,-599986.4,0.0,0.0,1.0,0
1791061763.04,1194024.3,787.7,169893.8,169893.8,-876.9,877.0,905.5,240336.2,-599986.4,0.0,0.0,1.0,0
1791061763.54,1194024.8,788.2,169454.6,169454.6,-879.9,880.0,908.3,240336.2,-599986.4,0.0,0.0,1.0,0
1791061764.04,1194024.8,788.7,169454.6,169454.6,-879.9,880.0,908.3,240336.2,-599986.4,0.0,0.0,1.0,0
1791061764.55,1194024.9,789.2,169419.4,169419.4,-880.2,880.2,908.6,240336.2,-599986.4,0.0,0.0,1.0,0
1791061765.05,1194024.9,789.7,169419.4,169419.4,-880.2,880.2,908.6,240336.2,-599986.4,0.0,0.0,1.0,0
1791061765.55,1194024.9,790.2,169384.1,169384.1,-880.4,880.5,908.8,240336.2,-599986.4,0.0,0.0,1.0,0
1791061766.05,1194024.9,790.7,169384.1,169384.1,-880.4,880.5,908.8,240336.2,-599986.4,0.0,0.0,1.0,0
1791061766.55,1194024.9,791.2,169348.9,169348.9,-880.6,880.7,909.0,240336.2,-599986.4,0.0,0.0,1.0,0
1791061767.05,1194024.9,791.7,169348.9,169348.9,-880.6,880.7,909.0,240336.2,-599986.4,0.0,0.0,1.0,0
1791061767.55,1194025.0,792.2,169331.3,169331.3,-880.8,880.8,909.1,240336.2,-599986.4,0.0,0.0,1.0,0
1791061768.06,1194025.0,792.7,169313.7,169313.7,-880.9,881.0,909.2,240336.2,-599986.4,0.0,0.0,1.0,0
1791061768.56,1194025.0,793.2,169313.7,169313.7,-880.9,881.0,909.2,240336.2,-599986.4,0.0,0.0,1.0,0
1791061769.06,1194025.0,793.7,169278.5,169278.5,-881.1,881.2,909.5,240336.2,-599986.4,0.0,0.0,1.0,0
1791061769.56,1194025.0,794.2,169278.5,169278.5,-881.1,881.2,909.5,240336.2,-599986.4,0.0,0.0,1.0,0
1791061770.06,1194025.1,794.7,169243.2,169243.2,-881.3,881.4,909.7,240336.2,-599986.4,0.0,0.0,1.0,0
1791061770.56,1194025.1,795.2,169243.2,169243.2,-881.3,881.4,909.7,240336.2,-599986.4,0.0,0.0,1.0,0
1791061771.06,1194025.1,795.7,169207.9,169207.9,-881.6,881.7,909.9,240336.2,-599986.4,0.0,0.0,1.0,0
1791061771.57,1194025.1,796.2,169207.9,169207.9,-881.6,881.7,909.9,240336.2,-599986.4,0.0,0.0,1.0,0
1791061772.07,1194025.1,796.7,169172.7,169172.7,-881.8,881.9,910.2,240336.2,-599986.4,0.0,0.0,1.0,0
1791061772.57,1194025.1,797.2,169172.7,169172.7,-881.8,881.9,910.2,240336.2,-599986.4,0.0,0.0,1.0,0
1791061773.07,1194025.2,797.7,169137.4,169137.4,-882.1,882.2,910.4,240336.2,-599986.4,0.0,0.0,1.0,0
1791061773.57,1194025.2,798.2,169137.4,169137.4,-882.1,882.2,910.4,240336.2,-599986.4,0.0,0.0,1.0,0
1791061774.07,1194025.2,798.7,169102.1,169102.1,-882.3,882.4,910.6,240336.2,-599986.4,0.0,0.0,1.0,0
1791061774.57,1194025.2,799.2,169102.1,169102.1,-882.3,882.4,910.6,240336.2,-599986.4,0.0,0.0,1.0,0
1791061775.08,1194025.3,799.7,169066.8,169066.8,-882.5,882.6,910.8,240336.2,-599986.4,0.0,0.0,1.0,0
1791061775.58,1194025.3,800.2,169066.8,169066.8,-882.5,882.6,910.8,240336.2,-599986.4,0.0,0.0,1.0,0
1791061776.08,1194025.3,800.7,169031.5,169031.5,-882.8,882.9,911.1,240336.2,-599986.4,0.0,0.0,1.0,0
1791061776.58,1194025.3,801.2,169031.5,169031.5,-882.8,882.9,911.1,240336.2,-599986.4,0.0,0.0,1.0,0
1791061777.08,1194025.3,801.7,168996.2,168996.2,-883.0,883.1,911.3,240336.2,-599986.4,0.0,0.0,1.0,0
1791061777.58,1194025.3,802.2,168996.2,168996.2,-883.0,883.1,911.3,240336.2,-599986.4,0.0,0.0,1.0,0
1791061778.08,1194025.4,802.7,168960.9,168960.9,-883.3,883.4,911.5,240336.2,-599986.4,0.0,0.0,1.0,0
1791061778.58,1194025.4,803.2,168960.9,168960.9,-883.3,883.4,911.5,240336.2,-599986.4,0.0,0.0,1.0,0
1791061779.09,1194025.4,803.7,168925.5,168925.5,-883.5,883.6,911.8,240336.2,-599986.4,0.0,0.0,1.0,0
1791061779.59,1194025.4,804.2,168925.5,168925.5,-883.5,883.6,911.8,240336.2,-599986.4,0.0,0.0,1.0,0
1791061780.09,1194025.5,804.7,168890.2,168890.2,-883.7,883.8,912.0,240336.2,-599986.4,0.0,0.0,1.0,0
1791061780.59,1194025.5,805.2,168890.2,168890.2,-883.7,883.8,912.0,240336.2,-599986.4,0.0,0.0,1.0,0
1791061781.09,1194025.5,805.7,168854.8,168854.8,-884.0,884.1,912.2,240336.2,-599986.4,0.0,0.0,1.0,0
1791061781.59,1194025.5,806.2,168854.8,168854.8,-884.0,884.1,912.2,240336.2,-599986.4,0.0,0.0,1.0,0
1791061782.09,1194025.5,806.7,168819.5,168819.5,-884.2,884.3,912.4,240336.2,-599986.4,0.0,0.0,1.0,0
1791061782.6,1194025.5,807.2,168819.5,168819.5,-884.2,884.3,912.4,240336.2,-599986.4,0.0,0.0,1.0,0
1791061783.1,1194025.6,807.7,168784.1,168784.1,-884.5,884.5,912.7,240336.2,-599986.4,0.0,0.0,1.0,0
1791061783.6,1194025.6,808.2,168784.1,168784.1,-884.5,884.5,912.7,240336.2,-599986.4,0.0,0.0,1.0,0
1791061784.1,1194025.6,808.7,168748.7,168748.7,-884.7,884.8,912.9,240336.2,-599986.4,0.0,0.0,1.0,0
1791061784.6,1194025.6,809.2,168748.7,168748.7,-884.7,884.8,912.9,240336.2,-599986.4,0.0,0.0,1.0,0
1791061785.1,1194025.7,809.7,168713.3,168713.3,-884.9,885.0,913.1,240336.2,-599986.4,0.0,0.0,1.0,0
1791061785.6,1194025.7,810.2,168713.3,168713.3,-884.9,885.0,913.1,240336.2,-599986.4,0.0,0.0,1.0,0
1791061786.1,1194025.7,810.7,168677.9,168677.9,-885.2,885.3,913.4,240336.2,-599986.4,0.0,0.0,1.0,0
1791061786.61,1194025.7,811.2,168677.9,168677.9,-885.2,885.3,913.4,240336.2,-599986.4,0.0,0.0,1.0,0
1791061787.11,1194025.7,811.7,168642.5,168642.5,-885.4,885.5,913.6,240336.2,-599986.4,0.0,0.0,1.0,0
1791061787.61,1194025.7,812.2,168642.5,168642.5,-885.4,885.5,913.6,240336.2,-599986.4,0.0,0.0,1.0,0
1791061788.11,1194025.8,812.7,168607.1,168607.1,-885.7,885.7,913.8,240336.2,-599986.4,0.0,0.0,1.0,0
1791061788.61,1194025.8,813.2,168607.1,168607.1,-885.7,885.7,913.8,240336.2,-599986.4,0.0,0.0,1.0,0
1791061789.11,1194025.8,813.7,168571.6,168571.7,-885.9,886.0,914.1,240336.2,-599986.4,0.0,0.0,1.0,0
1791061789.61,1194025.8,814.2,168571.6,168571.7,-885.9,886.0,914.1,240336.2,-599986.4,0.0,0.0,1.0,0
1791061790.12,1194025.9,814.7,168536.2,168536.2,-886.1,886.2,914.3,240336.2,-599986.4,0.0,0.0,1.0,0
1791061790.62,1194025.9,815.2,168536.2,168536.2,-886.1,886.2,914.3,240336.2,-599986.4,0.0,0.0,1.0,0
1791061791.12,1194025.9,815.7,168500.8,168500.8,-886.4,886.5,914.5,240336.2,-599986.4,0.0,0.0,1.0,0
1791061791.62,1194025.9,816.2,168500.8,168500.8,-886.4,886.5,914.5,240336.2,-599986.4,0.0,0.0,1.0,0
1791061792.12,1194025.9,816.7,168465.3,168465.3,-886.6,886.7,914.7,240336.2,-599986.4,0.0,0.0,1.0,0
1791061792.62,1194025.9,817.2,168465.3,168465.3,-886.6,886.7,914.7,240336.2,-599986.4,0.0,0.0,1.0,0
1791061793.13,1194026.0,817.7,168429.8,168429.8,-886.8,886.9,915.0,240336.2,-599986.4,0.0,0.0,1.0,0
1791061793.63,1194026.0,818.2,168429.8,168429.8,-886.8,886.9,915.0,240336.2,-599986.4,0.0,0.0,1.0,0
1791061794.13,1194026.0,818.7,168394.3,168394.3,-887.1,887.2,915.2,240336.2,-599986.4,0.0,0.0,1.0,0
1791061794.63,1194026.0,819.2,168394.3,168394.3,-887.1,887.2,915.2,240336.2,-599986.4,0.0,0.0,1.0,0
1791061795.13,1194026.1,819.7,168358.9,168358.9,-887.3,887.4,915.4,240336.2,-599986.4,0.0,0.0,1.0,0
1791061795.63,1194026.1,820.2,168358.9,168358.9,-887.3,887.4,915.4,240336.2,-599986.4,0.0,0.0,1.0,0
1791061796.13,1194026.1,820.7,168323.4,168323.4,-887.6,887.7,915.7,240336.2,-599986.4,0.0,0.0,1.0,0
1791061796.64,1194026.1,821.2,168323.4,168323.4,-887.6,887.7,915.7,240336.2,-599986.4,0.0,0.0,1.0,0
1791061797.14,1194026.1,821.7,168287.9,168287.9,-887.8,887.9,915.9,240336.2,-599986.4,0.0,0.0,1.0,0
1791061797.64,1194026.1,822.3,168287.9,168287.9,-887.8,887.9,915.9,240336.2,-599986.4,0.0,0.0,1.0,0
1791061798.14,1194026.2,822.8,168252.3,168252.3,-888.0,888.1,916.1,240336.2,-599986.4,0.0,0.0,1.0,0
1791061798.64,1194026.2,823.3,168252.3,168252.3,-888.0,888.1,916.1,240336.2,-599986.4,0.0,0.0,1.0,0
1791061799.15,1194026.2,823.8,168216.8,168216.8,-888.3,888.4,916.3,240336.2,-599986.4,0.0,0.0,1.0,0
1791061799.65,1194026.2,824.3,168216.8,168216.8,-888.3,888.4,916.3,240336.2,-599986.4,0.0,0.0,1.0,0
1791061800.15,1194026.3,824.8,168181.3,168181.3,-888.5,888.6,916.6,240336.2,-599986.4,0.0,0.0,1.0,0
1791061800.65,1194026.3,825.3,168181.3,168181.3,-888.5,888.6,916.6,240336.2,-599986.4,0.0,0.0,1.0,0
1791061801.15,1194026.3,825.8,168145.7,168145.7,-888.8,888.9,916.8,240336.2,-599986.4,0.0,0.0,1.0,0
1791061801.65,1194026.3,826.3,168145.7,168145.7,-888.8,888.9,916.8,240336.2,-599986.4,0.0,0.0,1.0,0
1791061802.16,1194026.6,826.8,167843.2,167843.2,-890.8,890.9,918.8,240336.2,-599986.4,0.0,0.0,1.0,0
1791061802.66,1194027.1,827.3,167397.1,167397.0,-893.8,893.9,921.6,240336.2,-599986.4,0.0,0.0,1.0,0
1791061803.16,1194027.7,827.8,166931.5,166931.5,-896.9,897.0,924.6,240336.2,-599986.4,0.0,0.0,1.0,0
1791061803.66,1194028.2,828.3,166482.3,166482.3,-899.9,900.0,927.5,240336.2,-599986.4,0.0,0.0,1.0,0
1791061804.16,1194028.7,828.8,166031.5,166031.5,-902.9,903.0,930.4,240336.2,-599986.4,0.0,0.0,1.0,0
1791061804.66,1194029.2,829.3,165579.3,165579.3,-905.9,906.0,933.3,240336.2,-599986.4,0.0,0.0,1.0,0
1791061805.16,1194029.7,829.8,165125.6,165125.6,-908.9,909.0,936.2,240336.2,-599986.4,0.0,0.0,1.0,0
1791061805.66,1194030.2,830.3,164670.4,164670.4,-912.0,912.1,939.1,240336.2,-599986.4,0.0,0.0,1.0,0
1791061806.17,1194030.7,830.8,164213.6,164213.6,-915.0,915.1,942.0,240336.2,-599986.4,0.0,0.0,1.0,0
1791061806.67,1194031.2,831.3,163755.4,163755.4,-918.0,918.1,944.9,240336.2,-599986.4,0.0,0.0,1.0,0
1791061807.17,1194031.7,831.8,163295.6,163295.6,-921.0,921.1,947.8,240336.2,-599986.4,0.0,0.0,1.0,0
1791061807.67,1194032.2,832.3,162834.3,162834.3,-924.1,924.2,950.7,240336.2,-599986.4,0.0,0.0,1.0,0
1791061808.17,1194032.7,832.8,162371.5,162371.5,-927.1,927.2,953.6,240336.2,-599986.4,0.0,0.0,1.0,0
1791061808.67,1194033.2,833.3,161907.2,161907.2,-930.2,930.2,956.6,240336.2,-599986.4,0.0,0.0,1.0,0
1791061809.17,1194033.7,833.8,161441.4,161441.4,-933.2,933.3,959.5,240336.2,-599986.4,0.0,0.0,1.0,0
1791061809.67,1194034.2,834.3,160974.0,160974.0,-936.2,936.3,962.4,240336.2,-599986.4,0.0,0.0,1.0,0
1791061810.18,1194034.7,834.8,160505.1,160505.1,-939.3,939.4,965.4,240336.2,-599986.4,0.0,0.0,1.0,0
1791061810.68,1194035.2,835.3,160015.9,160015.8,-942.5,942.6,968.4,240336.2,-599986.4,0.0,0.0,1.0,0
1791061811.18,1194035.7,835.8,159543.8,159543.8,-945.5,945.6,971.4,240336.2,-599986.4,0.0,0.0,1.0,0
1791061811.68,1194036.2,836.3,159070.3,159070.3,-948.6,948.7,974.3,240336.2,-599986.4,0.0,0.0,1.0,0
1791061812.18,1194036.7,836.8,158595.2,158595.3,-951.7,951.7,977.3,240336.2,-599986.4,0.0,0.0,1.0,0
1791061812.68,1194037.2,837.3,158137.7,158137.8,-954.6,954.7,980.1,240336.2,-599986.4,0.0,0.0,1.0,0
1791061813.18,1194037.7,837.8,157659.7,157659.7,-957.7,957.8,983.1,240336.2,-599986.4,0.0,0.0,1.0,0
1791061813.68,1194038.2,838.3,157180.1,157180.1,-960.8,960.8,986.0,240336.2,-599986.4,0.0,0.0,1.0,0
1791061814.19,1194038.7,838.8,156679.6,156679.6,-964.0,964.0,989.1,240336.2,-599986.4,0.0,0.0,1.0,0
1791061814.69,1194039.2,839.3,156196.9,156196.9,-967.0,967.1,992.1,240336.2,-599986.4,0.0,0.0,1.0,0
1791061815.19,1194039.7,839.8,155712.6,155712.6,-970.1,970.2,995.1,240336.2,-599986.4,0.0,0.0,1.0,0
1791061815.69,1194040.2,840.3,155226.7,155226.7,-973.2,973.3,998.1,240336.2,-599986.4,0.0,0.0,1.0,0
1791061816.19,1194040.7,840.8,154739.3,154739.3,-976.3,976.4,1001.1,240336.2,-599986.4,0.0,0.0,1.0,0
1791061816.69,1194041.2,841.3,154250.4,154250.4,-979.4,979.5,1004.1,240336.2,-599986.4,0.0,0.0,1.0,0
1791061817.19,1194041.7,841.8,153759.9,153759.9,-982.5,982.6,1007.1,240336.2,-599986.4,0.0,0.0,1.0,0
1791061817.69,1194042.2,842.3,153267.8,153267.8,-985.6,985.7,1010.1,240336.2,-599986.4,0.0,0.0,1.0,0
1791061818.2,1194042.7,842.8,152774.2,152774.2,-988.8,988.8,1013.1,240336.2,-599986.4,0.0,0.0,1.0,0
1791061818.7,1194043.2,843.3,152279.1,152279.1,-991.9,992.0,1016.1,240336.2,-599986.4,0.0,0.0,1.0,0
1791061819.2,1194043.7,843.8,151782.3,151782.3,-995.0,995.1,1019.1,240336.2,-599986.4,0.0,0.0,1.0,0
1791061819.7,1194044.2,844.3,151284.1,151284.1,-998.1,998.2,1022.1,240336.2,-599986.4,0.0,0.0,1.0,0
1791061820.2,1194044.7,844.8,150784.2,150784.2,-1001.3,1001.3,1025.1,240336.2,-599986.4,0.0,0.0,1.0,0
1791061820.7,1194045.2,845.3,150282.8,150282.8,-1004.4,1004.5,1028.2,240336.2,-599986.4,0.0,0.0,1.0,0
1791061821.2,1194045.7,845.8,149779.8,149779.8,-1007.5,1007.6,1031.2,240336.2,-599986.4,0.0,0.0,1.0,0
1791061821.71,1194046.2,846.3,149275.3,149275.3,-1010.7,1010.8,1034.3,240336.2,-599986.4,0.0,0.0,1.0,0
1791061822.21,1194046.7,846.8,148769.1,148769.1,-1013.8,1013.9,1037.3,240336.2,-599986.4,0.0,0.0,1.0,0
1791061822.71,1194047.2,847.3,148261.4,148261.4,-1017.0,1017.1,1040.3,240336.2,-599986.4,0.0,0.0,1.0,0
1791061823.21,1194047.7,847.8,147752.2,147752.2,-1020.1,1020.2,1043.4,240336.2,-599986.4,0.0,0.0,1.0,0
1791061823.71,1194048.2,848.3,147241.3,147241.3,-1023.3,1023.4,1046.5,240336.2,-599986.4,0.0,0.0,1.0,0
1791061824.21,1194048.6,848.8,146769.9,146769.9,-1026.2,1026.3,1049.3,240336.2,-599986.4,0.0,0.0,1.0,0
1791061824.71,1194049.1,849.3,146256.0,146256.0,-1029.4,1029.5,1052.3,240336.2,-599986.4,0.0,0.0,1.0,0
1791061825.22,1194049.6,849.8,145740.5,145740.5,-1032.5,1032.6,1055.4,240336.2,-599986.4,0.0,0.0,1.0,0
1791061825.72,1194050.1,850.3,145223.5,145223.5,-1035.7,1035.8,1058.5,240336.2,-599986.4,0.0,0.0,1.0,0
1791061826.22,1194050.6,850.8,144704.8,144704.8,-1038.9,1039.0,1061.6,240336.2,-599986.4,0.0,0.0,1.0,0
1791061826.72,1194051.1,851.3,144184.6,144184.6,-1042.1,1042.2,1064.7,240336.2,-599986.4,0.0,0.0,1.0,0
1791061827.22,1194051.6,851.8,143662.7,143662.7,-1045.3,1045.4,1067.8,240336.2,-599986.4,0.0,0.0,1.0,0
1791061827.72,1194052.1,852.3,143139.3,143139.3,-1048.5,1048.6,1070.9,240336.2,-599986.4,0.0,0.0,1.0,0
1791061828.22,1194052.7,852.8,142614.2,142614.2,-1051.7,1051.8,1074.0,240336.2,-599986.4,0.0,0.0,1.0,0
1791061828.72,1194053.2,853.3,142087.6,142087.6,-1054.9,1055.0,1077.1,240336.2,-599986.4,0.0,0.0,1.0,0
1791061829.23,1194053.7,853.8,141538.2,141538.2,-1058.2,1058.3,1080.3,240336.2,-599986.4,0.0,0.0,1.0,0
1791061829.73,1194054.2,854.3,141008.3,141008.3,-1061.4,1061.5,1083.4,240336.2,-599986.4,0.0,0.0,1.0,0
1791061830.23,1194054.7,854.8,140476.8,140476.8,-1064.6,1064.7,1086.5,240336.2,-599986.4,0.0,0.0,1.0,0
1791061830.73,1194055.2,855.3,139943.6,139943.6,-1067.9,1068.0,1089.7,240336.2,-599986.4,0.0,0.0,1.0,0
1791061831.23,1194055.7,855.8,139408.9,139408.9,-1071.1,1071.2,1092.8,240336.2,-599986.4,0.0,0.0,1.0,0
1791061831.73,1194056.2,856.3,138872.5,138872.5,-1074.3,1074.4,1095.9,240336.2,-599986.4,0.0,0.0,1.0,0
1791061832.23,1194056.7,856.8,138334.5,138334.5,-1077.6,1077.6,1099.1,240336.2,-599986.4,0.0,0.0,1.0,0
1791061832.73,1194057.2,857.3,137794.9,137795.0,-1080.8,1080.9,1102.2,240336.2,-599986.4,0.0,0.0,1.0,0
1791061833.24,1194057.7,857.8,137253.7,137253.7,-1084.1,1084.1,1105.4,240336.2,-599986.4,0.0,0.0,1.0,0
1791061833.74,1194058.2,858.3,136710.9,136710.9,-1087.3,1087.4,1108.5,240336.2,-599986.4,0.0,0.0,1.0,0
1791061834.24,1194058.7,858.8,136166.4,136166.4,-1090.6,1090.6,1111.7,240336.2,-599986.4,0.0,0.0,1.0,0
1791061834.74,1194059.2,859.4,135620.3,135620.3,-1093.8,1093.9,1114.9,240336.2,-599986.4,0.0,0.0,1.0,0
1791061835.24,1194059.7,859.9,135072.6,135072.6,-1097.1,1097.2,1118.0,240336.2,-599986.4,0.0,0.0,1.0,0
1791061835.74,1194060.2,860.4,134523.2,134523.2,-1100.4,1100.4,1121.2,240336.2,-599986.4,0.0,0.0,1.0,0
1791061836.24,1194060.7,860.9,133972.2,133972.2,-1103.6,1103.7,1124.4,240336.2,-599986.4,0.0,0.0,1.0,0
1791061836.74,1194061.2,861.4,133419.6,133419.6,-1106.9,1107.0,1127.6,240336.2,-599986.4,0.0,0.0,1.0,0
1791061837.25,1194061.7,861.9,132843.1,132843.1,-1110.3,1110.4,1130.9,240336.2,-599986.4,0.0,0.0,1.0,0
1791061837.75,1194062.2,862.4,132287.1,132287.1,-1113.6,1113.7,1134.1,240336.2,-599986.4,0.0,0.0,1.0,0
1791061838.25,1194062.7,862.9,131729.5,131729.5,-1116.9,1117.0,1137.3,240336.2,-599986.4,0.0,0.0,1.0,0
1791061838.75,1194063.2,863.4,131170.2,131170.2,-1120.2,1120.3,1140.5,240336.2,-599986.4,0.0,0.0,1.0,0
1791061839.25,1194063.7,863.9,130609.3,130609.3,-1123.5,1123.6,1143.7,240336.2,-599986.4,0.0,0.0,1.0,0
1791061839.75,1194064.2,864.4,130046.7,130046.7,-1126.8,1126.9,1147.0,240336.2,-599986.4,0.0,0.0,1.0,0
1791061840.25,1194064.7,864.9,129482.4,129482.4,-1130.1,1130.2,1150.2,240336.2,-599986.4,0.0,0.0,1.0,0
1791061840.75,1194065.2,865.4,128916.5,128916.5,-1133.5,1133.5,1153.4,240336.2,-599986.4,0.0,0.0,1.0,0
1791061841.26,1194065.7,865.9,128349.0,128349.0,-1136.8,1136.9,1156.7,240336.2,-599986.4,0.0,0.0,1.0,0
1791061841.76,1194066.2,866.4,127779.7,127779.7,-1140.1,1140.2,1159.9,240336.2,-599986.4,0.0,0.0,1.0,0
1791061842.26,1194066.7,866.9,127208.8,127208.8,-1143.5,1143.5,1163.2,240336.2,-599986.4,0.0,0.0,1.0,0
1791061842.76,1194067.2,867.4,126636.3,126636.3,-1146.8,1146.9,1166.4,240336.2,-599986.4,0.0,0.0,1.0,0
1791061843.26,1194067.7,867.9,126062.0,126062.0,-1150.1,1150.2,1169.7,240336.2,-599986.4,0.0,0.0,1.0,0
1791061843.76,1194068.2,868.4,125463.0,125463.0,-1153.6,1153.7,1173.1,240336.2,-599986.4,0.0,0.0,1.0,0
1791061844.26,1194068.7,868.9,124885.4,124885.4,-1157.0,1157.1,1176.3,240336.2,-599986.4,0.0,0.0,1.0,0
1791061844.77,1194069.2,869.4,124306.1,124306.1,-1160.4,1160.4,1179.6,240336.2,-599986.4,0.0,0.0,1.0,0
1791061845.27,1194069.7,869.9,123748.3,123748.3,-1163.6,1163.7,1182.8,240336.2,-599986.4,0.0,0.0,1.0,0
1791061845.77,1194070.2,870.4,123165.7,123165.7,-1167.0,1167.0,1186.1,240336.2,-599986.4,0.0,0.0,1.0,0
1791061846.27,1194070.7,870.9,122581.3,122581.3,-1170.3,1170.4,1189.4,240336.2,-599986.4,0.0,0.0,1.0,0
1791061846.77,1194071.2,871.4,121995.3,121995.3,-1173.7,1173.8,1192.7,240336.2,-599986.4,0.0,0.0,1.0,0
1791061847.27,1194071.7,871.9,121407.6,121407.6,-1177.1,1177.2,1196.0,240336.2,-599986.4,0.0,0.0,1.0,0
1791061847.77,1194072.2,872.4,120818.2,120818.2,-1180.5,1180.6,1199.3,240336.2,-599986.4,0.0,0.0,1.0,0
1791061848.27,1194072.7,872.9,120227.1,120227.1,-1183.9,1184.0,1202.6,240336.2,-599986.4,0.0,0.0,1.0,0
1791061848.78,1194073.2,873.4,119634.3,119634.3,-1187.3,1187.4,1205.9,240336.2,-599986.4,0.0,0.0,1.0,0
1791061849.28,1194073.7,873.9,119039.8,119039.8,-1190.7,1190.8,1209.3,240336.2,-599986.4,0.0,0.0,1.0,0
1791061849.78,1194074.2,874.4,118443.5,118443.5,-1194.1,1194.2,1212.6,240336.2,-599986.4,0.0,0.0,1.0,0
1791061850.28,1194074.7,874.9,117845.6,117845.6,-1197.6,1197.6,1215.9,240336.2,-599986.4,0.0,0.0,1.0,0
1791061850.78,1194075.2,875.4,117221.9,117221.9,-1201.1,1201.2,1219.4,240336.2,-599986.4,0.0,0.0,1.0,0
1791061851.29,1194075.7,875.9,116620.5,116620.5,-1204.6,1204.7,1222.8,240336.2,-599986.4,0.0,0.0,1.0,0
1791061851.79,1194076.2,876.4,116017.4,116017.4,-1208.0,1208.1,1226.1,240336.2,-599986.4,0.0,0.0,1.0,0
1791061852.29,1194076.7,876.9,115412.5,115412.5,-1211.5,1211.5,1229.5,240336.2,-599986.4,0.0,0.0,1.0,0
1791061852.79,1194077.2,877.4,114878.8,114878.8,-1214.5,1214.6,1232.5,240336.2,-599986.4,0.0,0.0,1.0,0
1791061853.29,1194077.7,877.9,114270.7,114270.7,-1218.0,1218.0,1235.8,240336.2,-599986.4,0.0,0.0,1.0,0
1791061853.79,1194078.2,878.4,113660.8,113660.8,-1221.4,1221.5,1239.2,240336.2,-599986.4,0.0,0.0,1.0,0
1791061854.29,1194078.7,878.9,113024.7,113024.7,-1225.0,1225.1,1242.7,240336.2,-599986.4,0.0,0.0,1.0,0
1791061854.8,1194079.2,879.4,112411.3,112411.4,-1228.5,1228.6,1246.1,240336.2,-599986.4,0.0,0.0,1.0,0
1791061855.3,1194079.7,879.9,111796.2,111796.2,-1232.0,1232.1,1249.5,240336.2,-599986.4,0.0,0.0,1.0,0
1791061855.8,1194080.2,880.4,111179.4,111179.4,-1235.5,1235.6,1253.0,240336.2,-599986.4,0.0,0.0,1.0,0
1791061856.3,1194080.7,880.9,110560.7,110560.7,-1239.0,1239.0,1256.4,240336.2,-599986.4,0.0,0.0,1.0,0
1791061856.8,1194081.2,881.4,109940.4,109940.4,-1242.5,1242.5,1259.8,240336.2,-599986.4,0.0,0.0,1.0,0
1791061857.3,1194081.7,881.9,109318.3,109318.3,-1246.0,1246.1,1263.2,240336.2,-599986.4,0.0,0.0,1.0,0
1791061857.8,1194082.2,882.4,108694.4,108694.4,-1249.5,1249.6,1266.7,240336.2,-599986.4,0.0,0.0,1.0,0
1791061858.3,1194082.7,882.9,108068.8,108068.8,-1253.0,1253.1,1270.1,240336.2,-599986.4,0.0,0.0,1.0,0
1791061858.81,1194083.2,883.4,107441.4,107441.4,-1256.5,1256.6,1273.6,240336.2,-599986.4,0.0,0.0,1.0,0
1791061859.31,1194083.7,883.9,106812.2,106812.2,-1260.1,1260.1,1277.0,240336.2,-599986.4,0.0,0.0,1.0,0
1791061859.81,1194084.2,884.4,106181.3,106181.3,-1263.6,1263.7,1280.5,240336.2,-599986.4,0.0,0.0,1.0,0
1791061860.31,1194084.7,884.9,105548.6,105548.6,-1267.1,1267.2,1283.9,240336.2,-599986.4,0.0,0.0,1.0,0
1791061860.81,1194085.2,885.4,104914.2,104914.1,-1270.7,1270.8,1287.4,240336.2,-599986.4,0.0,0.0,1.0,0
1791061861.31,1194085.7,885.9,104277.9,104277.9,-1274.3,1274.3,1290.9,240336.2,-599986.4,0.0,0.0,1.0,0
1791061861.81,1194086.2,886.4,103614.3,103614.3,-1278.0,1278.0,1294.5,240336.2,-599986.4,0.0,0.0,1.0,0
1791061862.32,1194086.7,886.9,103000.1,103000.1,-1281.4,1281.5,1297.9,240336.2,-599986.4,0.0,0.0,1.0,0
1791061862.82,1194087.2,887.4,102332.8,102332.8,-1285.1,1285.2,1301.5,240336.2,-599986.4,0.0,0.0,1.0,0
1791061863.32,1194087.7,887.9,101715.1,101715.1,-1288.5,1288.6,1304.9,240336.2,-599986.4,0.0,0.0,1.0,0
1791061863.82,1194088.2,888.4,101044.1,101044.1,-1292.3,1292.4,1308.5,240336.2,-599986.4,0.0,0.0,1.0,0
1791061864.32,1194088.7,888.9,100423.0,100423.0,-1295.7,1295.8,1311.9,240336.2,-599986.4,0.0,0.0,1.0,0
1791061864.82,1194089.2,889.4,99774.2,99774.2,-1299.3,1299.4,1315.4,240335.9,-599986.4,0.03,0.0,1.0,0
1791061865.32,1194089.7,889.9,99123.6,99123.6,-1302.9,1303.0,1319.0,240335.9,-599986.4,0.0,0.0,1.0,0
1791061865.82,1194090.2,890.4,98471.3,98471.3,-1306.6,1306.6,1322.5,240335.9,-599986.4,0.0,0.0,1.0,0
1791061866.33,1194090.7,890.9,97790.9,97790.9,-1310.3,1310.4,1326.2,240335.9,-599986.4,0.0,0.0,1.0,0
1791061866.83,1194091.2,891.4,97134.8,97134.8,-1314.0,1314.0,1329.8,240335.9,-599986.4,0.0,0.0,1.0,0
1791061867.33,1194091.7,891.9,96476.9,96476.9,-1317.6,1317.7,1333.3,240335.9,-599986.4,0.0,0.0,1.0,0
1791061867.83,1194091.7,892.4,96397.8,96397.8,-1318.0,1318.1,1333.8,240335.9,-599986.4,0.0,0.0,1.0,0
1791061868.33,1194092.3,892.9,95711.4,95711.4,-1321.8,1321.9,1337.5,240335.8,-599986.4,0.0,0.0,1.0,0
1791061868.83,1194092.6,893.4,95208.6,95208.6,-1324.6,1324.7,1340.2,240335.8,-599986.4,0.0,0.0,1.0,0
1791061869.33,1194092.8,893.9,95023.1,95023.1,-1325.6,1325.7,1341.2,240335.8,-599986.4,0.0,0.0,1.0,0
1791061869.84,1194093.2,894.4,94412.5,94412.5,-1329.0,1329.1,1344.5,240335.8,-599986.4,0.0,0.0,1.0,0
1791061870.34,1194093.7,894.9,93747.1,93747.1,-1332.6,1332.7,1348.1,240335.8,-599986.4,0.0,0.0,1.0,0
1791061870.84,1194094.0,895.4,93347.0,93347.0,-1334.9,1334.9,1350.3,240335.8,-599986.4,0.0,0.0,1.0,0
1791061871.34,1194094.3,895.9,93026.4,-1.0,-1336.5,1336.5,1351.8,240335.8,-599986.4,0.0,0.0,1.0,0
1791061871.84,1194094.8,896.5,92357.2,92357.2,-1340.3,1340.4,1355.6,240335.8,-599986.4,0.0,0.0,1.0,0
1791061872.34,1194095.3,897.0,91686.1,91686.1,-1344.0,1344.1,1359.2,240335.7,-599986.4,0.0,0.0,1.0,0
1791061872.84,1194095.4,897.5,91471.0,91471.0,-1345.2,1345.2,1360.4,240335.7,-599986.4,0.0,0.0,1.0,0
1791061873.34,1194095.4,898.0,91471.0,91471.0,-1345.2,1345.2,1360.4,240335.7,-599986.4,0.0,0.0,1.0,0
1791061873.85,1194095.5,898.5,91417.2,91417.1,-1345.5,1345.5,1360.7,240335.7,-599986.4,0.0,0.0,1.0,0
1791061874.35,1194095.9,899.0,90851.4,90851.4,-1348.6,1348.6,1363.7,240335.7,-599986.4,0.0,0.0,1.0,0
1791061874.85,1194096.4,899.5,90176.2,90176.2,-1352.3,1352.3,1367.3,240335.7,-599986.4,0.0,0.0,1.0,0
1791061875.35,1194096.9,900.0,89499.1,89499.1,-1356.0,1356.1,1371.0,240335.7,-599986.4,0.0,0.0,1.0,0
1791061875.85,1194097.4,900.5,88820.2,88820.2,-1359.7,1359.8,1374.6,240335.7,-599986.4,0.0,0.0,1.0,0
1791061876.35,1194097.9,901.0,88139.4,88139.4,-1363.4,1363.5,1378.3,240335.7,-599986.4,0.0,0.0,1.0,0
1791061876.85,1194098.4,901.5,87456.8,87456.8,-1367.2,1367.2,1382.0,240335.7,-599986.4,0.0,0.0,1.0,0
1791061877.35,1194098.9,902.0,86772.3,86772.3,-1370.9,1371.0,1385.6,240335.7,-599986.4,0.0,0.0,1.0,0
1791061877.86,1194099.4,902.5,86113.4,86113.4,-1374.5,1374.6,1389.2,240335.7,-599986.4,0.0,0.0,1.0,0
1791061878.36,1194099.9,903.0,85425.2,85425.2,-1378.2,1378.3,1392.8,240335.7,-599986.4,0.0,0.0,1.0,0
1791061878.86,1194100.4,903.5,84735.1,84735.1,-1382.0,1382.1,1396.5,240335.7,-599986.4,0.0,0.0,1.0,0
1791061879.36,1194100.9,904.0,84043.2,84043.2,-1385.8,1385.8,1400.2,240335.7,-599986.4,0.0,0.0,1.0,0
1791061879.86,1194101.4,904.5,83321.5,-1.0,-1389.6,1389.6,1404.0,240335.7,-599986.4,0.0,0.0,1.0,0
1791061880.36,1194101.9,905.0,82625.7,82625.7,-1393.5,1393.6,1407.8,240335.7,-599986.4,0.0,0.0,1.0,0
1791061880.86,1194102.4,905.5,81928.0,81928.0,-1397.3,1397.4,1411.5,240335.7,-599986.4,0.0,0.0,1.0,0
1791061881.37,1194102.9,906.0,81228.4,81228.4,-1401.1,1401.2,1415.3,240335.7,-599986.4,0.0,0.0,1.0,0
1791061881.87,1194103.4,906.5,80527.0,80526.9,-1404.9,1405.0,1419.0,240335.7,-599986.4,0.0,0.0,1.0,0
1791061882.37,1194103.9,907.0,79823.6,79823.6,-1408.7,1408.8,1422.8,240335.7,-599986.4,0.0,0.0,1.0,0
1791061882.87,1194104.4,907.5,79118.2,79118.2,-1412.5,1412.6,1426.5,240335.7,-599986.4,0.0,0.0,1.0,0
1791061883.37,1194104.9,908.0,78411.0,78411.0,-1416.4,1416.4,1430.3,240335.6,-599986.4,0.0,0.0,1.0,0
1791061883.87,1194105.4,908.5,77701.9,77701.9,-1420.2,1420.3,1434.1,240335.6,-599986.4,0.0,0.0,1.0,0
1791061884.37,1194105.9,909.0,76990.8,76990.8,-1424.1,1424.1,1437.9,240335.6,-599986.4,0.0,0.0,1.0,0
1791061884.87,1194106.4,909.5,76277.8,76277.8,-1427.9,1428.0,1441.6,240335.6,-599986.4,0.0,0.0,1.0,0
1791061885.38,1194106.9,910.0,75562.9,75562.9,-1431.8,1431.9,1445.4,240335.6,-599986.4,0.0,0.0,1.0,0
1791061885.88,1194107.4,910.5,74846.0,74846.0,-1435.7,1435.7,1449.3,240335.6,-599986.4,0.0,0.0,1.0,0
1791061886.38,1194107.9,911.0,74098.4,74098.4,-1439.7,1439.8,1453.2,240335.6,-599986.4,0.0,0.0,1.0,0
1791061886.88,1194108.4,911.5,73377.6,73377.6,-1443.6,1443.7,1457.0,240335.6,-599986.4,0.0,0.0,1.0,0
1791061887.38,1194108.9,912.0,72654.8,72654.8,-1447.5,1447.5,1460.9,240335.6,-599986.4,0.0,0.0,1.0,0
1791061887.88,1194109.4,912.5,71930.1,71930.1,-1451.4,1451.5,1464.7,240335.6,-599986.4,0.0,0.0,1.0,0
1791061888.38,1194109.9,913.0,71203.5,71203.5,-1455.3,1455.4,1468.6,240335.6,-599986.4,0.0,0.0,1.0,0
1791061888.88,1194110.4,913.5,70474.8,70474.8,-1459.2,1459.3,1472.4,240335.6,-599986.4,0.0,0.0,1.0,0
1791061889.39,1194110.9,914.0,69744.2,69744.2,-1463.2,1463.2,1476.3,240335.6,-599986.4,0.0,0.03,1.0,0
1791061889.89,1194111.4,914.5,69011.6,69011.6,-1467.1,1467.2,1480.2,240334.9,-599986.4,0.0,0.56,1.0,0
1791061890.39,1194111.9,915.0,68277.0,68277.1,-1471.0,1471.1,1484.1,240332.7,-599986.4,0.0,1.7,1.0,0
1791061890.89,1194112.4,915.5,67540.5,67540.5,-1475.0,1475.0,1487.9,240328.2,-599986.4,0.0,3.39,1.0,0
1791061891.39,1194112.9,916.0,66802.0,66802.0,-1478.9,1479.0,1491.8,240321.1,-599986.4,0.01,5.58,1.0,0
1791061891.89,1194113.4,916.5,66061.5,66061.5,-1482.9,1482.9,1495.7,240310.9,-599986.4,0.01,8.33,1.0,0
1791061892.39,1194113.9,917.0,65289.3,65289.3,-1487.0,1487.0,1499.7,240296.4,-599986.4,0.01,11.39,1.0,0
1791061892.9,1194114.4,917.5,64544.8,64544.8,-1490.9,1491.0,1503.6,240278.5,-599986.4,0.01,14.8,1.0,0
1791061893.4,1194114.9,918.0,63798.3,63798.3,-1494.8,1494.9,1507.5,240256.6,-599986.4,0.02,18.55,1.0,0
1791061893.9,1194115.4,918.5,63049.9,63049.9,-1498.7,1498.8,1511.3,240230.7,-599986.4,0.02,22.59,1.0,0
1791061894.4,1194115.9,919.0,62299.5,62299.5,-1502.7,1502.7,1515.2,240200.9,-599986.4,0.02,26.9,1.0,0
1791061894.9,1194116.4,919.5,61547.2,61547.2,-1506.6,1506.7,1519.1,240167.1,-599986.4,0.02,31.67,1.0,0
1791061895.4,1194116.9,920.0,60792.9,60792.9,-1510.5,1510.6,1522.9,240129.2,-599986.4,0.03,37.23,1.0,0
1791061895.9,1194117.4,920.5,60036.6,60036.6,-1514.4,1514.5,1526.7,240086.5,-599986.4,0.03,43.73,1.0,0
1791061896.4,1194117.9,921.0,59278.4,59278.4,-1518.3,1518.4,1530.6,240038.7,-599986.4,0.03,51.26,1.0,0
1791061896.91,1194118.4,921.5,58518.2,58518.2,-1522.2,1522.3,1534.4,239984.9,-599986.4,0.04,59.9,1.0,0
1791061897.41,1194118.9,922.0,57756.1,57756.1,-1526.1,1526.1,1538.2,239924.0,-599986.4,0.04,69.68,1.0,0
1791061897.91,1194119.4,922.5,56992.1,56992.1,-1529.9,1530.0,1542.0,239854.7,-599986.5,0.05,80.47,1.0,0
1791061898.41,1194120.0,923.0,56226.2,56226.2,-1533.8,1533.8,1545.8,239775.3,-599986.5,0.05,93.05,1.0,0
1791061898.91,1194120.5,923.5,55458.3,55458.3,-1537.6,1537.7,1549.5,239685.0,-599986.5,0.06,106.73,1.0,0
1791061899.41,1194121.0,924.0,54657.7,54657.7,-1541.5,1541.6,1553.4,239578.5,-599986.5,0.07,122.28,1.0,0
1791061899.91,1194121.5,924.5,53886.0,53886.0,-1545.3,1545.3,1557.1,239463.6,-599986.5,0.08,140.0,1.0,0
1791061900.41,1194122.0,925.0,53112.5,53112.5,-1549.0,1549.1,1560.8,239336.6,-599986.5,0.09,160.26,1.0,0
1791061900.92,1194122.5,925.5,52337.1,52337.1,-1552.7,1552.8,1564.4,239198.8,-599986.6,0.09,183.39,1.0,0
1791061901.42,1194122.9,926.0,51591.0,51591.0,-1556.2,1556.3,1567.9,239059.6,-599986.6,0.1,208.59,1.0,0
1791061901.92,1194123.4,926.5,50812.0,50812.0,-1559.9,1560.0,1571.5,238914.0,-599986.6,0.1,238.31,1.0,0
1791061902.42,1194123.9,927.0,50031.2,50031.2,-1563.7,1563.7,1575.2,238777.8,-599986.6,0.09,271.88,1.0,0
1791061902.92,1194124.4,927.5,49248.5,49248.5,-1567.4,1567.5,1578.9,238652.4,-599986.6,0.08,309.66,1.0,0
1791061903.42,1194124.9,928.0,48464.0,48464.0,-1571.1,1571.2,1582.5,238497.6,-599986.6,0.1,351.86,1.0,0
1791061903.92,1194125.5,928.5,47646.1,47646.1,-1574.9,1575.0,1586.2,238302.7,-599986.7,0.13,401.16,1.0,0
1791061904.43,1194126.0,929.0,46857.8,46857.8,-1578.4,1578.5,1589.7,238089.6,-599986.7,0.14,454.7,1.0,0
1791061904.93,1194126.5,929.5,46067.8,46067.8,-1582.0,1582.0,1593.2,237871.7,-599986.7,0.14,515.19,1.0,0
1791061905.43,1194127.0,930.0,45275.8,45275.8,-1585.6,1585.6,1596.7,237674.5,-599986.7,0.13,583.55,1.0,0
1791061905.93,1194127.5,930.5,44482.0,44482.1,-1589.0,1589.0,1600.1,237411.0,-599986.7,0.18,660.47,1.0,0
1791061906.43,1194128.0,931.0,43686.6,43686.6,-1592.2,1592.2,1603.2,237074.3,-599986.7,0.22,746.72,1.0,0
1791061906.93,1194128.5,931.5,42889.6,42889.6,-1595.2,1595.3,1606.2,236686.8,-599986.7,0.25,843.14,1.0,0
1791061907.43,1194129.0,932.0,42091.2,42091.2,-1598.1,1598.2,1609.0,236257.1,-599986.7,0.28,950.51,1.0,0
1791061907.93,1194129.5,932.5,41291.4,41291.4,-1600.9,1601.0,1611.7,235775.1,-599986.7,0.32,1067.63,1.0,0
1791061908.44,1194130.0,933.0,40490.4,40490.4,-1603.4,1603.5,1614.2,235220.3,-599986.7,0.36,1204.37,1.0,0
1791061908.94,1194130.4,933.5,39816.6,39816.6,-1605.4,1605.5,1616.1,234688.0,-599986.7,0.41,1335.08,1.0,0
1791061909.44,1194130.9,934.0,39013.5,39013.5,-1607.6,1607.7,1618.3,234024.5,-599986.6,0.43,1511.65,1.0,0
1791061909.94,1194131.4,934.6,38209.1,38209.1,-1610.0,1610.1,1620.6,233412.4,-599986.6,0.4,1716.58,1.0,0
1791061910.44,1194131.9,935.1,37403.6,37403.6,-1611.7,1611.8,1622.2,232571.3,-599986.6,0.56,1964.31,1.0,0
1791061910.94,1194132.4,935.6,36597.3,36597.3,-1612.8,1612.9,1623.3,231554.8,-599986.5,0.68,2276.27,1.0,0
1791061911.44,1194132.9,936.1,35790.8,35790.8,-1613.5,1613.5,1623.8,230378.3,-599986.4,0.78,2627.91,1.0,0
1791061911.94,1194133.4,936.6,34984.1,34984.1,-1613.9,1613.9,1624.1,229135.8,-599986.3,0.81,3020.44,1.0,0
1791061912.45,1194133.9,937.1,34176.9,34176.9,-1614.2,1614.3,1624.4,227874.3,-599986.2,0.85,3494.45,1.0,0
1791061912.95,1194134.4,937.6,33370.0,33370.0,-1613.0,1613.0,1623.1,226100.3,-599986.2,1.19,4057.72,1.0,0
1791061913.45,1194134.9,938.1,32531.9,32531.9,-1610.9,1610.9,1620.9,224022.6,-599986.1,1.32,4673.71,1.0,0
1791061913.95,1194135.4,938.6,31726.9,31726.9,-1609.3,1609.4,1619.3,222184.9,-599985.8,1.21,5392.91,1.0,0
1791061914.45,1194135.9,939.1,30923.1,30923.1,-1605.5,1605.6,1615.4,219666.8,-599985.0,1.74,6222.56,1.0,0
1791061914.95,1194136.4,939.6,30121.6,30121.6,-1600.8,1600.9,1610.5,216880.1,-599984.0,1.89,7193.53,1.0,0
1791061915.45,1194136.9,940.1,29322.3,29322.3,-1595.8,1595.9,1605.4,214032.5,-599983.4,2.01,8336.41,1.0,0
1791061915.96,1194137.4,940.6,28526.5,28526.5,-1587.7,1587.8,1597.2,210311.4,-599982.6,2.59,9640.48,1.0,0
1791061916.46,1194137.9,941.1,27734.5,27734.5,-1579.8,1579.9,1589.2,206676.2,-599981.0,2.57,11155.26,1.0,0
1791061916.96,1194138.4,941.6,26947.5,26947.5,-1568.6,1568.7,1577.7,202139.7,-599978.2,3.27,12843.51,1.0,0
1791061917.46,1194138.9,942.1,26166.1,26166.1,-1556.4,1556.5,1565.4,197421.6,-599976.0,3.53,14831.47,1.0,0
1791061917.96,1194139.4,942.6,25391.8,25391.8,-1542.0,1542.2,1550.9,192186.1,-599973.3,3.83,16898.53,1.0,0
1791061918.46,1194139.9,943.1,24594.8,24594.8,-1523.8,1523.9,1532.4,185985.5,-599967.4,4.64,19077.2,1.0,0
1791061918.96,1194140.4,943.6,23837.6,23837.6,-1504.5,1504.8,1513.0,179745.0,-599962.8,5.01,21515.07,1.0,0
1791061919.46,1194140.9,944.1,23090.8,23090.8,-1483.1,1483.3,1491.4,173115.2,-599956.1,5.33,24174.96,1.0,0
1791061919.97,1194141.4,944.6,22355.7,22355.7,-1458.7,1459.0,1466.8,165991.1,-599946.7,5.9,27010.63,1.0,0
1791061920.47,1194141.9,945.1,21633.5,21633.5,-1431.2,1431.6,1439.1,158374.5,-599937.3,6.59,29964.42,1.0,0
1791061920.97,1194142.4,945.6,20925.7,20925.7,-1400.9,1401.4,1408.5,150422.3,-599923.4,7.24,32973.7,1.0,0
1791061921.47,1194142.9,946.1,20233.8,20233.8,-1367.8,1368.4,1375.2,142197.2,-599909.0,7.85,35976.21,1.0,0
1791061921.97,1194143.4,946.6,19559.0,19559.0,-1332.1,1332.9,1339.3,133825.5,-599890.1,8.39,38947.32,1.0,0
1791061922.47,1194143.9,947.1,18902.7,18902.7,-1293.8,1294.8,1300.7,125335.6,-599869.3,8.92,41824.75,1.0,0
1791061922.97,1194144.4,947.6,18266.3,18266.3,-1253.1,1254.3,1259.7,116844.2,-599844.2,9.4,44536.33,1.0,0
1791061923.48,1194144.9,948.1,17650.9,17650.9,-1210.0,1211.4,1216.3,108402.9,-599816.3,9.85,46978.25,1.0,0
1791061923.98,1194145.4,948.6,17057.5,17057.5,-1165.0,1166.7,1171.0,100126.1,-599784.1,10.23,49292.99,1.0,0
1791061924.48,1194145.9,949.1,16487.1,16487.1,-1118.3,1120.3,1123.9,92082.2,-599748.5,10.55,50924.11,1.0,0
1791061924.98,1194146.4,949.6,15919.1,15919.1,-1068.4,1070.9,1073.7,84070.4,-599707.5,10.79,51838.42,1.0,0
1791061925.48,1194146.9,950.1,15397.5,15397.5,-1019.8,1022.9,1024.8,76788.8,-599664.9,10.9,52286.62,1.0,0
1791061925.98,1194147.4,950.6,14900.2,14900.2,-971.2,974.9,975.9,69984.0,-599619.7,10.91,52238.2,1.0,0
1791061926.48,1194147.9,951.1,14427.1,14427.1,-923.2,927.5,927.6,63696.8,-599572.2,10.79,51734.44,1.0,0
1791061926.99,1194148.4,951.6,13977.8,13977.8,-876.0,881.1,880.1,57929.4,-599523.2,10.61,50812.73,1.0,0
1791061927.49,1194148.9,952.1,13551.8,13551.8,-830.1,836.1,834.0,52687.6,-599473.2,10.33,49539.05,1.0,0
1791061927.99,1194149.4,952.6,13148.4,13148.4,-785.7,792.6,789.3,47936.4,-599422.6,10.03,47955.06,1.0,0
1791061928.49,1194149.9,953.1,12766.7,12766.7,-743.1,751.0,746.4,43663.5,-599372.1,9.66,46147.17,1.0,0
1791061928.99,1194150.4,953.6,12405.8,12405.8,-702.2,711.3,705.3,39821.3,-599321.8,9.3,44154.91,1.0,0
1791061929.49,1194150.9,954.1,12064.9,12064.9,-663.4,673.6,666.2,36388.3,-599272.4,8.89,42051.74,1.0,0
1791061929.99,1194151.4,954.6,11742.9,11742.9,-626.4,638.0,629.0,33317.5,-599224.0,8.5,39867.46,1.0,0
1791061930.49,1194151.9,955.1,11438.9,11438.9,-591.5,604.5,593.9,30585.5,-599177.0,8.08,37664.6,1.0,0
1791061931.0,1194152.4,955.6,11151.8,11151.8,-558.2,572.7,560.5,28135.2,-599131.2,7.74,35433.28,1.0,0
1791061931.5,1194152.9,956.1,10881.2,9981.5,-525.4,541.6,527.5,25865.8,-599085.1,7.7,33042.37,1.0,0
1791061932.0,1194153.4,956.6,10627.2,9728.0,-491.8,510.0,493.7,23711.3,-599037.6,7.85,30390.23,1.0,0
1791061932.5,1194153.9,957.1,10390.2,9491.3,-457.7,478.1,459.4,21680.7,-598988.6,7.97,27527.32,1.0,0
1791061933.0,1194154.5,957.6,10161.8,9263.3,-422.2,445.4,423.8,19739.3,-598937.3,7.93,24466.2,1.0,0
1791061933.5,1194154.9,958.1,9967.0,9068.9,-390.8,416.8,392.2,18147.2,-598891.0,7.65,21742.17,1.0,0
1791061934.0,1194155.5,958.6,9772.5,8874.7,-359.1,388.4,360.3,16663.3,-598843.8,7.13,19051.95,1.0,0
1791061934.5,1194155.9,959.1,9606.8,8709.1,-333.0,365.4,334.1,15518.4,-598804.0,6.49,16899.76,1.0,0
1791061935.01,1194156.4,959.6,9446.6,8548.7,-309.5,345.3,310.5,14547.5,-598767.6,5.67,15057.26,1.0,0
1791061935.51,1194156.9,960.1,9296.7,8398.7,-292.0,330.4,292.9,13828.9,-598738.9,4.43,13781.5,1.0,0
1791061936.01,1194157.4,960.6,9154.0,8255.9,-279.9,320.4,280.7,13313.6,-598717.4,3.35,13006.88,1.0,0
1791061936.51,1194158.0,961.1,9016.4,8118.2,-271.2,313.5,272.0,12920.6,-598700.6,2.67,12552.71,1.0,0
1791061937.01,1194158.5,961.6,8882.6,7984.2,-264.7,308.2,265.4,12596.9,-598686.6,2.28,12255.95,1.0,0
1791061937.51,1194159.0,962.1,8746.5,7847.9,-259.0,303.8,259.7,12301.4,-598673.7,2.06,12002.5,1.0,0
1791061938.01,1194159.5,962.6,8618.3,7719.3,-254.2,300.1,254.8,12040.0,-598662.2,1.95,11786.62,1.0,0
1791061938.52,1194160.0,963.1,8492.4,7593.0,-249.6,296.6,250.2,11790.3,-598651.3,1.9,11583.85,1.0,0
1791061939.02,1194160.5,963.6,8368.8,7469.0,-245.2,293.3,245.8,11549.8,-598640.8,1.87,11388.14,1.0,0
1791061939.52,1194161.0,964.1,8247.2,7347.2,-241.0,290.1,241.5,11317.9,-598630.7,1.83,11199.37,1.0,0
1791061940.02,1194161.5,964.6,8127.8,7227.4,-236.9,287.1,237.4,11094.2,-598620.9,1.8,11017.04,1.0,0
1791061940.52,1194162.0,965.1,8010.4,7109.7,-233.0,284.2,233.5,10878.0,-598611.5,1.77,10841.2,1.0,0
1791061941.02,1194162.5,965.6,7894.8,6993.9,-229.3,281.4,229.7,10669.2,-598602.5,1.74,10672.12,1.0,0
1791061941.52,1194163.0,966.1,7781.2,6879.9,-225.6,278.8,226.0,10467.3,-598593.8,1.71,10509.75,1.0,0
1791061942.02,1194163.5,966.6,7669.3,6767.7,-222.2,276.3,222.5,10271.8,-598585.5,1.68,10353.72,1.0,0
1791061942.53,1194164.0,967.1,7559.1,6657.3,-218.8,273.9,219.1,10082.5,-598577.5,1.66,10203.7,1.0,0
1791061943.03,1194164.5,967.6,7450.5,6548.5,-215.6,271.6,215.9,9898.8,-598569.8,1.63,10065.56,1.0,0
1791061943.53,1194165.0,968.1,7339.3,6437.0,-212.3,269.4,212.6,9713.4,-598562.0,1.61,9915.1,1.0,0
1791061944.03,1194165.5,968.6,7233.9,6331.4,-209.3,267.3,209.6,9540.5,-598554.9,1.58,9782.24,1.0,0
1791061944.53,1194166.0,969.1,7130.0,6227.5,-206.4,265.3,206.7,9372.5,-598548.1,1.56,9654.95,1.0,0
1791061945.03,1194166.5,969.6,7027.5,6125.2,-203.7,263.4,203.9,9209.1,-598541.5,1.54,9532.97,1.0,0
1791061945.53,1194167.0,970.1,6926.4,6024.2,-201.0,261.6,201.2,9050.1,-598535.2,1.52,9415.96,1.0,0
1791061946.04,1194167.5,970.6,6826.6,5924.6,-198.4,259.8,198.6,8895.1,-598529.1,1.5,9303.6,1.0,0
1791061946.54,1194168.0,971.1,6728.0,5826.2,-195.9,258.2,196.1,8744.0,-598523.3,1.48,9195.8,1.0,0
1791061947.04,1194168.5,971.6,6630.7,5729.0,-193.5,256.6,193.7,8596.6,-598517.7,1.46,9092.52,1.0,0
1791061947.54,1194169.0,972.2,6534.6,5633.0,-191.2,255.0,191.3,8452.8,-598512.4,1.45,8993.71,1.0,0
1791061948.04,1194169.5,972.7,6439.6,5538.1,-188.9,253.6,189.1,8312.3,-598507.2,1.43,8899.16,1.0,0
1791061948.54,1194170.0,973.2,6345.7,5444.4,-186.8,252.2,186.9,8175.0,-598502.3,1.42,8808.65,1.0,0
1791061949.04,1194170.5,973.7,6256.5,5355.3,-184.7,250.9,184.9,8046.0,-598497.7,1.4,8725.3,1.0,0
1791061949.54,1194170.9,974.2,6168.3,5267.3,-182.8,249.6,182.9,7919.6,-598493.4,1.39,8645.25,1.0,0
1791061950.05,1194171.4,974.7,6077.5,5176.5,-180.8,248.4,180.9,7790.7,-598489.0,1.38,8565.29,1.0,0
1791061950.55,1194171.9,975.2,5987.5,5086.7,-178.9,247.2,179.0,7664.4,-598484.8,1.36,8488.8,1.0,0
1791061951.05,1194172.4,975.7,5898.6,4997.8,-177.1,246.0,177.2,7540.5,-598480.8,1.35,8415.67,1.0,0
1791061951.55,1194172.9,976.2,5810.5,4909.8,-175.3,244.9,175.4,7419.1,-598477.0,1.34,8345.75,1.0,0
1791061952.05,1194173.4,976.7,5723.3,4822.7,-173.6,243.8,173.7,7299.9,-598473.3,1.33,8278.85,1.0,0
1791061952.55,1194173.9,977.2,5636.9,4736.4,-171.9,242.8,172.0,7182.8,-598469.8,1.32,8214.75,1.0,0
1791061953.05,1194174.4,977.7,5551.4,4651.0,-170.3,241.8,170.4,7067.8,-598466.4,1.31,8153.34,1.0,0
1791061953.55,1194174.9,978.2,5466.6,4566.3,-168.7,240.8,168.8,6954.8,-598463.2,1.3,8094.55,1.0,0
1791061954.06,1194175.4,978.7,5382.7,4482.4,-167.2,239.9,167.3,6843.6,-598460.1,1.29,8038.33,1.0,0
1791061954.56,1194175.9,979.2,5299.5,4399.3,-165.7,239.0,165.8,6734.3,-598457.1,1.28,7984.58,1.0,0
1791061955.06,1194176.4,979.7,5217.0,4316.9,-164.3,238.2,164.3,6626.6,-598454.3,1.27,7933.21,1.0,0
1791061955.56,1194176.9,980.2,5135.2,4235.1,-162.9,237.3,163.0,6520.7,-598451.7,1.26,7884.05,1.0,0
1791061956.06,1194177.4,980.7,5054.1,4154.1,-161.6,236.5,161.6,6416.2,-598449.1,1.25,7836.97,1.0,0
1791061956.56,1194177.9,981.2,4973.7,4073.7,-160.2,235.7,160.3,6313.3,-598446.7,1.25,7791.85,1.0,0
1791061957.06,1194178.5,981.7,4890.7,3990.8,-158.9,235.0,158.9,6207.8,-598444.3,1.24,7746.97,1.0,0
1791061957.57,1194179.0,982.2,4811.6,3911.7,-157.7,234.2,157.7,6107.8,-598442.0,1.23,7705.72,1.0,0
1791061958.07,1194179.5,982.7,4733.0,3833.3,-156.5,233.5,156.5,6009.1,-598439.9,1.23,7666.28,1.0,0
1791061958.57,1194180.0,983.2,4655.1,3755.4,-155.3,232.8,155.3,5911.7,-598437.9,1.22,7628.56,1.0,0
1791061959.07,1194180.5,983.7,4577.8,3678.1,-154.1,232.2,154.2,5815.6,-598436.1,1.21,7592.46,1.0,0
1791061959.57,1194181.0,984.2,4501.0,3601.4,-153.0,231.5,153.0,5720.6,-598434.3,1.21,7557.88,1.0,0
1791061960.07,1194181.5,984.7,4424.8,3525.3,-151.9,230.9,152.0,5626.7,-598432.5,1.2,7524.72,1.0,0
1791061960.57,1194182.0,985.2,4349.1,3449.6,-150.9,230.3,150.9,5534.0,-598430.9,1.2,7492.95,1.0,0
1791061961.07,1194182.5,985.7,4273.9,3374.5,-149.8,229.7,149.9,5442.3,-598429.4,1.19,7462.53,1.0,0
1791061961.58,1194183.0,986.2,4199.3,3299.9,-148.8,229.1,148.8,5351.6,-598428.0,1.19,7433.42,1.0,0
1791061962.08,1194183.5,986.7,4125.1,3225.8,-147.8,228.5,147.9,5261.9,-598426.6,1.18,7405.57,1.0,0
1791061962.58,1194184.0,987.2,4051.4,3152.2,-146.9,228.0,146.9,5173.2,-598425.3,1.18,7378.9,1.0,0
1791061963.08,1194184.5,987.7,3975.3,3076.1,-145.9,227.4,145.9,5081.8,-598424.0,1.17,7352.34,1.0,0
1791061963.58,1194185.0,988.2,3905.5,3006.3,-145.0,226.9,145.0,4998.4,-598423.0,1.17,7328.83,1.0,0
1791061964.08,1194185.5,988.7,3830.4,2931.2,-144.1,226.4,144.1,4908.9,-598421.8,1.17,7304.42,1.0,0
1791061964.58,1194186.0,989.2,3761.4,2862.3,-143.2,225.9,143.2,4827.0,-598420.9,1.16,7282.84,1.0,0
1791061965.08,1194186.5,989.7,3690.0,2790.9,-142.4,225.4,142.4,4742.6,-598420.0,1.16,7261.3,1.0,0
1791061965.59,1194187.0,990.2,3619.1,2720.0,-141.5,224.9,141.5,4658.9,-598419.1,1.15,7240.71,1.0,0
1791061966.09,1194187.5,990.7,3545.7,2646.7,-140.7,224.5,140.7,4572.7,-598418.2,1.15,7220.23,1.0,0
1791061966.59,1194188.0,991.2,3475.6,2576.6,-139.9,224.0,139.9,4490.6,-598417.5,1.15,7201.41,1.0,0
1791061967.09,1194188.5,991.7,3405.9,2506.9,-139.1,223.5,139.1,4409.1,-598416.8,1.15,7183.37,1.0,0
1791061967.59,1194189.0,992.2,3339.3,2440.3,-138.3,223.1,138.3,4331.6,-598416.2,1.14,7166.77,1.0,0
1791061968.09,1194189.5,992.7,3267.6,2368.6,-137.5,222.7,137.5,4248.3,-598415.6,1.14,7149.55,1.0,0
1791061968.59,1194190.0,993.2,3201.7,2302.8,-136.8,222.3,136.8,4172.0,-598415.1,1.14,7134.35,1.0,0
1791061969.09,1194190.5,993.7,3133.5,2234.6,-136.1,221.9,136.1,4093.2,-598414.6,1.13,7121.66,1.0,0
1791061969.6,1194191.0,994.2,3063.0,2164.1,-135.3,221.4,135.3,4011.9,-598414.1,1.13,7104.2,1.0,0
1791061970.1,1194191.5,994.7,2995.5,2096.6,-134.6,221.0,134.6,3934.3,-598413.7,1.13,7090.42,1.0,0
1791061970.6,1194192.0,995.2,2928.4,2029.5,-133.9,220.7,133.9,3857.3,-598413.4,1.13,7077.24,1.0,0
1791061971.1,1194192.5,995.7,2861.6,1962.7,-133.3,220.3,133.3,3780.9,-598413.0,1.12,7064.65,1.0,0
1791061971.6,1194193.0,996.2,2795.1,1896.2,-132.6,219.9,132.6,3705.1,-598412.8,1.12,7052.62,1.0,0
1791061972.1,1194193.5,996.7,2729.0,1830.1,-131.9,219.5,131.9,3629.7,-598412.5,1.12,7041.13,1.0,0
1791061972.6,1194194.0,997.2,2663.2,1764.3,-131.3,219.2,131.3,3554.9,-598412.4,1.12,7030.19,1.0,0
1791061973.1,1194194.5,997.7,2597.7,1698.8,-130.7,218.8,130.7,3480.7,-598412.2,1.12,7019.78,1.0,0
1791061973.61,1194195.0,998.2,2532.5,1633.7,-130.0,218.5,130.0,3406.9,-598412.1,1.11,7009.87,1.0,0
1791061974.11,1194195.5,998.7,2467.7,1568.8,-129.4,218.1,129.4,3333.6,-598412.0,1.11,7000.44,1.0,0
1791061974.61,1194196.0,999.2,2403.1,1504.3,-128.8,217.8,128.8,3260.8,-598411.9,1.11,6991.47,1.0,0
1791061975.11,1194196.5,999.7,2338.9,1440.0,-128.2,217.4,128.2,3188.5,-598411.9,1.11,6982.93,1.0,0
1791061975.61,1194197.0,1000.2,2272.4,1373.5,-127.6,217.1,127.6,3113.7,-598411.9,1.11,6974.51,1.0,0
1791061976.11,1194197.5,1000.7,2208.7,1309.9,-127.0,216.8,127.0,3042.3,-598411.9,1.1,6966.84,1.0,0
1791061976.61,1194198.0,1001.2,2145.3,1246.5,-126.5,216.4,126.5,2971.3,-598412.0,1.1,6959.58,1.0,0
1791061977.12,1194198.5,1001.7,2082.2,1183.4,-125.9,216.1,125.9,2900.8,-598412.1,1.1,6952.73,1.0,0
1791061977.62,1194199.0,1002.2,2019.4,1120.6,-125.4,215.8,125.4,2830.7,-598412.2,1.1,6946.26,1.0,0
1791061978.12,1194199.5,1002.7,1956.9,1058.0,-124.8,215.5,124.8,2761.0,-598412.3,1.1,6940.16,1.0,0
1791061978.62,1194200.0,1003.2,1894.6,995.7,-124.3,215.2,124.3,2691.7,-598412.5,1.1,6934.41,1.0,0
1791061979.12,1194200.5,1003.7,1832.6,933.7,-123.8,214.9,123.8,2622.8,-598412.6,1.1,6929.01,1.0,0
1791061979.62,1194201.0,1004.2,1770.8,872.0,-123.3,214.6,123.3,2554.3,-598412.8,1.09,6923.95,1.0,0
1791061980.12,1194201.5,1004.7,1709.4,810.5,-122.7,214.3,122.7,2486.1,-598413.0,1.09,6919.22,1.0,0
1791061980.62,1194202.0,1005.2,1648.1,749.2,-122.2,214.1,122.2,2418.4,-598413.3,1.09,6914.81,1.0,0
1791061981.13,1194202.5,1005.7,1584.7,685.8,-121.7,213.8,121.7,2348.3,-598413.5,1.09,6910.58,1.0,0
1791061981.63,1194203.0,1006.2,1523.9,625.0,-121.2,213.5,121.2,2281.3,-598413.8,1.09,6906.81,1.0,0
1791061982.13,1194203.5,1006.7,1463.5,564.5,-120.8,213.2,120.8,2214.6,-598414.1,1.09,6903.35,1.0,0
1791061982.63,1194204.0,1007.2,1403.2,504.3,-120.3,213.0,120.3,2148.3,-598414.4,1.09,6900.16,1.0,0
1791061983.13,1194204.5,1007.7,1343.2,444.2,-119.8,212.7,119.8,2082.3,-598414.7,1.09,6897.26,1.0,0
1791061983.63,1194205.0,1008.2,1283.4,384.4,-119.3,212.4,119.3,2016.6,-598415.1,1.09,6894.63,1.0,0
1791061984.13,1194205.5,1008.7,1223.8,324.9,-118.9,212.2,118.9,1951.3,-598415.4,1.08,6892.28,1.0,0
1791061984.63,1194206.0,1009.2,1164.5,265.5,-118.4,211.9,118.4,1886.3,-598415.8,1.08,6890.2,1.0,0
1791061985.14,1194206.5,1009.7,1105.4,206.4,-118.0,211.7,118.0,1821.7,-598416.1,1.08,6888.38,1.0,0
1791061985.64,1194207.0,1010.2,1046.5,147.5,-117.6,211.4,117.6,1757.3,-598416.5,1.08,6886.81,1.0,0
1791061986.14,1194207.5,1010.7,987.9,88.8,-117.1,211.2,117.1,1693.2,-598416.9,1.08,6885.49,1.0,0
1791061986.64,1194208.0,1011.3,929.4,30.4,-116.7,210.9,116.7,1629.5,-598417.3,1.08,6884.41,1.0,0
1791061987.14,1194208.4,1011.8,896.8,896.8,0.0,0.0,0.0,1593.7,-598417.6,0.0,0.0,1.0,0
1791061987.64,1194208.9,1012.3,896.8,896.8,0.0,0.0,0.0,1593.7,-598417.6,0.0,0.0,1.0,0
1791061988.14,1194209.4,1012.8,896.8,896.8,0.0,0.0,0.0,1593.7,-598417.6,0.0,0.0,1.0,0
1791061988.64,1194209.9,1013.3,896.8,896.8,0.0,0.0,0.0,1593.7,-598417.6,0.0,0.0,1.0,0
1791061989.15,1194210.4,1013.8,896.8,896.8,0.0,0.0,0.0,1593.7,-598417.6,0.0,0.0,1.0,0
1791061989.65,1194210.9,1014.3,896.8,896.8,0.0,0.0,0.0,1593.7,-598417.6,0.0,0.0,1.0,0
1791061990.15,1194211.4,1014.8,896.8,896.8,0.0,0.0,0.0,1593.7,-598417.6,0.0,0.0,1.0,0
1791061990.65,1194211.9,1015.3,896.8,896.8,0.0,0.0,0.0,1593.7,-598417.6,0.0,0.0,1.0,0
1791061991.15,1194212.4,1015.8,896.8,896.8,0.0,0.0,0.0,1593.7,-598417.6,0.0,0.0,1.0,0
1791061991.65,1194212.4,1016.3,896.8,896.8,0.0,0.0,0.0,1593.7,-598417.6,0.0,0.0,1.0,0
1791061992.15,1194212.4,1016.8,896.8,896.8,0.0,0.0,0.0,1593.7,-598417.6,0.0,0.0,1.0,0
1791061992.66,1194212.5,1017.3,896.8,896.8,0.0,0.0,0.0,1593.7,-598417.6,0.0,0.0,1.0,0
1791061993.16,1194212.5,1017.8,896.8,896.8,0.0,0.0,0.0,1593.7,-598417.6,0.0,0.0,1.0,0
1791061993.66,1194212.5,1018.3,896.8,896.8,0.0,0.0,0.0,1593.7,-598417.6,0.0,0.0,1.0,0
1791061994.16,1194212.5,1018.8,896.8,896.8,0.0,0.0,0.0,1593.7,-598417.6,0.0,0.0,1.0,0
1791061994.66,1194212.6,1019.3,896.8,896.8,0.0,0.0,0.0,1593.7,-598417.6,0.0,0.0,1.0,0
1791061995.16,1194212.6,1019.8,896.8,896.8,0.0,0.0,0.0,1593.7,-598417.6,0.0,0.0,1.0,0
1791061995.66,1194212.6,1020.3,896.8,896.8,0.0,0.0,0.0,1593.7,-598417.6,0.0,0.0,1.0,0
1791061996.16,1194212.6,1020.8,896.8,896.8,0.0,0.0,0.0,1593.7,-598417.6,0.0,0.0,1.0,0
1791061996.67,1194212.6,1021.3,896.8,896.8,0.0,0.0,0.0,1593.7,-598417.6,0.0,0.0,1.0,0
1791061997.17,1194212.6,1021.8,896.8,896.8,0.0,0.0,0.0,1593.7,-598417.6,0.0,0.0,1.0,0
1791061997.67,1194212.7,1022.3,896.8,896.8,0.0,0.0,0.0,1593.7,-598417.6,0.0,0.0,1.0,0
1791061998.17,1194212.7,1022.8,896.8,896.8,0.0,0.0,0.0,1593.7,-598417.6,0.0,0.0,1.0,0
1791061998.67,1194212.7,1023.3,896.8,896.8,0.0,0.0,0.0,1593.7,-598417.6,0.0,0.0,1.0,0
1791061999.17,1194212.7,1023.8,896.8,896.8,0.0,0.0,0.0,1593.7,-598417.6,0.0,0.0,1.0,0
1791061999.67,1194212.8,1024.3,896.8,896.8,0.0,0.0,0.0,1593.7,-598417.6,0.0,0.0,1.0,0
1791062000.17,1194212.8,1024.8,896.8,896.8,0.0,0.0,0.0,1593.7,-598417.6,0.0,0.0,1.0,0
1791062000.68,1194212.8,1025.3,896.8,896.8,0.0,0.0,0.0,1593.7,-598417.6,0.0,0.0,1.0,0
1791062001.18,1194212.8,1025.8,896.8,896.8,0.0,0.0,0.0,1593.7,-598417.6,0.0,0.0,1.0,0
1791062001.68,1194212.8,1026.3,896.8,896.8,0.0,0.0,0.0,1593.7,-598417.6,0.0,0.0,1.0,0
1791062002.18,1194212.8,1026.8,896.8,896.8,0.0,0.0,0.0,1593.7,-598417.6,0.0,0.0,1.0,0
1791062002.68,1194212.9,1027.3,896.8,896.8,0.0,0.0,0.0,1593.7,-598417.6,0.0,0.0,1.0,0
1791062003.18,1194212.9,1027.8,896.8,896.8,0.0,0.0,0.0,1593.7,-598417.6,0.0,0.0,1.0,0
1791062003.68,1194212.9,1028.3,896.8,896.8,0.0,0.0,0.0,1593.7,-598417.6,0.0,0.0,1.0,0
1791062004.19,1194212.9,1028.8,896.8,896.8,0.0,0.0,0.0,1593.7,-598417.6,0.0,0.0,1.0,0
1791062004.69,1194213.0,1029.3,896.8,896.8,0.0,0.0,0.0,1593.7,-598417.6,0.0,0.0,1.0,0
1791062005.19,1194213.0,1029.8,896.8,896.8,0.0,0.0,0.0,1593.7,-598417.6,0.0,0.0,1.0,0
1791062005.69,1194213.0,1030.3,896.8,896.8,0.0,0.0,0.0,1593.7,-598417.6,0.0,0.0,1.0,0
1791062006.19,1194213.0,1030.8,896.8,896.8,0.0,0.0,0.0,1593.7,-598417.6,0.0,0.0,1.0,0
1791062006.69,1194213.0,1031.3,896.8,896.8,0.0,0.0,0.0,1593.7,-598417.6,0.0,0.0,1.0,0
1791062007.19,1194213.0,1031.8,896.8,896.8,0.0,0.0,0.0,1593.7,-598417.6,0.0,0.0,1.0,0
1791062007.69,1194213.1,1032.3,896.8,896.8,0.0,0.0,0.0,1593.7,-598417.6,0.0,0.0,1.0,0
1791062008.2,1194213.1,1032.8,896.8,896.8,0.0,0.0,0.0,1593.7,-598417.6,0.0,0.0,1.0,0
1791062008.7,1194213.1,1033.3,896.8,896.8,0.0,0.0,0.0,1593.7,-598417.6,0.0,0.0,1.0,0
1791062009.2,1194213.1,1033.8,896.8,896.8,0.0,0.0,0.0,1593.7,-598417.6,0.0,0.0,1.0,0
1791062009.7,1194213.2,1034.3,896.8,896.8,0.0,0.0,0.0,1593.7,-598417.6,0.0,0.0,1.0,0
1791062010.2,1194213.2,1034.8,896.8,896.8,0.0,0.0,0.0,1593.7,-598417.6,0.0,0.0,1.0,0
1791062010.7,1194213.2,1035.3,896.8,896.8,0.0,0.0,0.0,1593.7,-598417.6,0.0,0.0,1.0,0
1791062011.2,1194213.2,1035.8,896.8,896.8,0.0,0.0,0.0,1593.7,-598417.6,0.0,0.0,1.0,0
1791062011.7,1194213.2,1036.3,896.8,896.8,0.0,0.0,0.0,1593.7,-598417.6,0.0,0.0,1.0,0
1791062012.21,1194213.2,1036.8,896.8,896.8,0.0,0.0,0.0,1593.7,-598417.6,0.0,0.0,1.0,0
1791062012.71,1194213.3,1037.3,896.8,896.8,0.0,0.0,0.0,1593.7,-598417.6,0.0,0.0,1.0,0
1791062013.21,1194213.3,1037.8,896.8,896.8,0.0,0.0,0.0,1593.7,-598417.6,0.0,0.0,1.0,0
1791062013.71,1194213.3,1038.3,896.8,896.8,0.0,0.0,0.0,1593.7,-598417.6,0.0,0.0,1.0,0
1791062014.21,1194213.3,1038.8,896.8,896.8,0.0,0.0,0.0,1593.7,-598417.6,0.0,0.0,1.0,0
1791062014.71,1194213.4,1039.3,896.8,896.8,0.0,0.0,0.0,1593.7,-598417.6,0.0,0.0,1.0,0
1791062015.21,1194213.4,1039.8,896.8,896.8,0.0,0.0,0.0,1593.7,-598417.6,0.0,0.0,1.0,0
1791062015.72,1194213.4,1040.3,896.8,896.8,0.0,0.0,0.0,1593.7,-598417.6,0.0,0.0,1.0,0
1791062016.22,1194213.4,1040.8,896.8,896.8,0.0,0.0,0.0,1593.7,-598417.6,0.0,0.0,1.0,0
1791062016.72,1194213.4,1041.3,896.8,896.8,0.0,0.0,0.0,1593.7,-598417.6,0.0,0.0,1.0,0
1791062017.22,1194213.4,1041.8,896.8,896.8,0.0,0.0,0.0,1593.7,-598417.6,0.0,0.0,1.0,0
1791062017.72,1194213.5,1042.3,896.8,896.8,0.0,0.0,0.0,1593.7,-598417.6,0.0,0.0,1.0,0
1791062018.22,1194213.5,1042.8,896.8,896.8,0.0,0.0,0.0,1593.7,-598417.6,0.0,0.0,1.0,0
1791062018.72,1194213.5,1043.3,896.8,896.8,0.0,0.0,0.0,1593.7,-598417.6,0.0,0.0,1.0,0
1791062019.23,1194213.5,1043.8,896.8,896.8,0.0,0.0,0.0,1593.7,-598417.6,0.0,0.0,1.0,0
1791062019.73,1194213.6,1044.3,896.8,896.8,0.0,0.0,0.0,1593.7,-598417.6,0.0,0.0,1.0,0
1791062020.23,1194213.6,1044.8,896.8,896.8,0.0,0.0,0.0,1593.7,-598417.6,0.0,0.0,1.0,0
1791062020.73,1194213.6,1045.3,896.8,896.8,0.0,0.0,0.0,1593.7,-598417.6,0.0,0.0,1.0,0
1791062021.23,1194213.6,1045.8,896.8,896.8,0.0,0.0,0.0,1593.7,-598417.6,0.0,0.0,1.0,0
1791062021.73,1194213.6,1046.3,896.8,896.8,0.0,0.0,0.0,1593.7,-598417.6,0.0,0.0,1.0,0
1791062022.23,1194213.6,1046.8,896.8,896.8,0.0,0.0,0.0,1593.7,-598417.6,0.0,0.0,1.0,0
1791062022.73,1194213.7,1047.3,896.8,896.8,0.0,0.0,0.0,1593.7,-598417.6,0.0,0.0,1.0,0
1791062023.24,1194213.7,1047.8,896.8,896.8,0.0,0.0,0.0,1593.7,-598417.6,0.0,0.0,1.0,0
1791062023.74,1194213.7,1048.3,896.8,896.8,0.0,0.0,0.0,1593.7,-598417.6,0.0,0.0,1.0,0
1791062024.24,1194213.7,1048.8,896.8,896.8,0.0,0.0,0.0,1593.7,-598417.6,0.0,0.0,1.0,0
1791062024.74,1194213.8,1049.4,896.8,896.8,0.0,0.0,0.0,1593.7,-598417.6,0.0,0.0,1.0,0
1791062025.24,1194213.8,1049.9,896.8,896.8,0.0,0.0,0.0,1593.7,-598417.6,0.0,0.0,1.0,0
1791062025.74,1194213.8,1050.4,896.8,896.8,0.0,0.0,0.0,1593.7,-598417.6,0.0,0.0,1.0,0
1791062026.24,1194213.8,1050.9,896.8,896.8,0.0,0.0,0.0,1593.7,-598417.6,0.0,0.0,1.0,0
1791062026.74,1194213.8,1051.4,896.8,896.8,0.0,0.0,0.0,1593.7,-598417.6,0.0,0.0,1.0,0
1791062027.25,1194213.8,1051.9,896.8,896.8,0.0,0.0,0.0,1593.7,-598417.6,0.0,0.0,1.0,0
1791062027.75,1194213.9,1052.4,896.8,896.8,0.0,0.0,0.0,1593.7,-598417.6,0.0,0.0,1.0,0
1791062028.25,1194213.9,1052.9,896.8,896.8,0.0,0.0,0.0,1593.7,-598417.6,0.0,0.0,1.0,0
1791062028.75,1194213.9,1053.4,896.8,896.8,0.0,0.0,0.0,1593.7,-598417.6,0.0,0.0,1.0,0
1791062029.25,1194213.9,1053.9,896.8,896.8,0.0,0.0,0.0,1593.7,-598417.6,0.0,0.0,1.0,0
1791062029.75,1194214.0,1054.4,896.8,896.8,0.0,0.0,0.0,1593.7,-598417.6,0.0,0.0,1.0,0
1791062030.26,1194214.0,1054.9,896.8,896.8,0.0,0.0,0.0,1593.7,-598417.6,0.0,0.0,1.0,0
1791062030.76,1194214.0,1055.4,896.8,896.8,0.0,0.0,0.0,1593.7,-598417.6,0.0,0.0,1.0,0
1791062031.26,1194214.0,1055.9,896.8,896.8,0.0,0.0,0.0,1593.7,-598417.6,0.0,0.0,1.0,0
1791062031.76,1194214.0,1056.4,896.8,896.8,0.0,0.0,0.0,1593.7,-598417.6,0.0,0.0,1.0,0
1791062032.26,1194214.0,1056.9,896.8,896.8,0.0,0.0,0.0,1593.7,-598417.6,0.0,0.0,1.0,0
1791062032.76,1194214.1,1057.4,896.8,896.8,0.0,0.0,0.0,1593.7,-598417.6,0.0,0.0,1.0,0
1791062033.27,1194214.1,1057.9,896.8,896.8,0.0,0.0,0.0,1593.7,-598417.6,0.0,0.0,1.0,0
1791062033.77,1194214.1,1058.4,896.8,896.8,0.0,0.0,0.0,1593.7,-598417.6,0.0,0.0,1.0,0
1791062034.27,1194214.1,1058.9,896.8,896.8,0.0,0.0,0.0,1593.7,-598417.6,0.0,0.0,1.0,0
1791062034.77,1194214.2,1059.4,896.8,896.8,0.0,0.0,0.0,1593.7,-598417.6,0.0,0.0,1.0,0
1791062035.27,1194214.2,1059.9,896.8,896.8,0.0,0.0,0.0,1593.7,-598417.6,0.0,0.0,1.0,0
1791062035.77,1194214.2,1060.4,896.8,896.8,0.0,0.0,0.0,1593.7,-598417.6,0.0,0.0,1.0,0
1791062036.27,1194214.2,1060.9,896.8,896.8,0.0,0.0,0.0,1593.7,-598417.6,0.0,0.0,1.0,0
1791062036.77,1194214.2,1061.4,896.8,896.8,0.0,0.0,0.0,1593.7,-598417.6,0.0,0.0,1.0,0
1791062037.28,1194214.2,1061.9,896.8,896.8,0.0,0.0,0.0,1593.7,-598417.6,0.0,0.0,1.0,0
1791062037.78,1194214.3,1062.4,896.8,896.8,0.0,0.0,0.0,1593.7,-598417.6,0.0,0.0,1.0,0
1791062038.28,1194214.3,1062.9,896.8,896.8,0.0,0.0,0.0,1593.7,-598417.6,0.0,0.0,1.0,0
1791062038.78,1194214.3,1063.4,896.8,896.8,0.0,0.0,0.0,1593.7,-598417.6,0.0,0.0,1.0,0
1791062039.28,1194214.3,1063.9,896.8,896.8,0.0,0.0,0.0,1593.7,-598417.6,0.0,0.0,1.0,0
1791062039.78,1194214.4,1064.4,896.8,896.8,0.0,0.0,0.0,1593.7,-598417.6,0.0,0.0,1.0,0
1791062040.28,1194214.4,1064.9,896.8,896.8,0.0,0.0,0.0,1593.7,-598417.6,0.0,0.0,1.0,0
1791062040.79,1194214.4,1065.4,896.8,896.8,0.0,0.0,0.0,1593.7,-598417.6,0.0,0.0,1.0,0
1791062041.29,1194214.4,1065.9,896.8,896.8,0.0,0.0,0.0,1593.7,-598417.6,0.0,0.0,1.0,0
1791062041.79,1194214.4,1066.4,896.8,896.8,0.0,0.0,0.0,1593.7,-598417.6,0.0,0.0,1.0,0
1791062042.29,1194214.4,1066.9,896.8,896.8,0.0,0.0,0.0,1593.7,-598417.6,0.0,0.0,1.0,0
1791062042.79,1194214.5,1067.4,896.8,896.8,0.0,0.0,0.0,1593.7,-598417.6,0.0,0.0,1.0,0
1791062043.29,1194214.5,1067.9,896.8,896.8,0.0,0.0,0.0,1593.7,-598417.6,0.0,0.0,1.0,0
1791062043.79,1194214.5,1068.4,896.8,896.8,0.0,0.0,0.0,1593.7,-598417.6,0.0,0.0,1.0,0
1791062044.29,1194214.5,1068.9,896.8,896.8,0.0,0.0,0.0,1593.7,-598417.6,0.0,0.0,1.0,0
1791062044.8,1194214.6,1069.4,896.8,896.8,0.0,0.0,0.0,1593.7,-598417.6,0.0,0.0,1.0,0
1791062045.3,1194214.6,1069.9,896.8,896.8,0.0,0.0,0.0,1593.7,-598417.6,0.0,0.0,1.0,0
1791062045.8,1194214.6,1070.4,896.8,896.8,0.0,0.0,0.0,1593.7,-598417.6,0.0,0.0,1.0,0
1791062046.3,1194214.6,1070.9,896.8,896.8,0.0,0.0,0.0,1593.7,-598417.6,0.0,0.0,1.0,0
1791062046.8,1194214.6,1071.4,896.8,896.8,0.0,0.0,0.0,1593.7,-598417.6,0.0,0.0,1.0,0
1791062047.3,1194214.6,1071.9,896.8,896.8,0.0,0.0,0.0,1593.7,-598417.6,0.0,0.0,1.0,0
1791062047.8,1194214.7,1072.4,896.8,896.8,0.0,0.0,0.0,1593.7,-598417.6,0.0,0.0,1.0,0
1791062048.3,1194214.7,1072.9,896.8,896.8,0.0,0.0,0.0,1593.7,-598417.6,0.0,0.0,1.0,0
1791062048.81,1194214.7,1073.4,896.8,896.8,0.0,0.0,0.0,1593.7,-598417.6,0.0,0.0,1.0,0
1791062049.31,1194214.7,1073.9,896.8,896.8,0.0,0.0,0.0,1593.7,-598417.6,0.0,0.0,1.0,0
1791062049.81,1194214.7,1074.4,896.8,896.8,0.0,0.0,0.0,1593.7,-598417.6,0.0,0.0,1.0,0
1791062050.31,1194214.7,1074.9,896.8,896.8,0.0,0.0,0.0,1593.7,-598417.6,0.0,0.0,1.0,0
1791062050.81,1194214.7,1075.4,896.8,896.8,0.0,0.0,0.0,1593.7,-598417.6,0.0,0.0,1.0,0
1791062051.31,1194214.7,1075.9,896.8,896.8,0.0,0.0,0.0,1593.7,-598417.6,0.0,0.0,1.0,0
1791062051.81,1194214.7,1076.4,896.8,896.8,0.0,0.0,0.0,1593.7,-598417.6,0.0,0.0,1.0,0
1791062052.32,1194214.7,1076.9,896.8,896.8,0.0,0.0,0.0,1593.7,-598417.6,0.0,0.0,1.0,0
1791062052.82,1194214.7,1077.4,896.8,896.8,0.0,0.0,0.0,1593.7,-598417.6,0.0,0.0,1.0,0
1791062053.32,1194214.7,1077.9,896.8,896.8,0.0,0.0,0.0,1593.7,-598417.6,0.0,0.0,1.0,0
1791062053.82,1194214.7,1078.4,896.8,896.8,0.0,0.0,0.0,1593.7,-598417.6,0.0,0.0,1.0,0
1791062054.32,1194214.7,1078.9,896.8,896.8,0.0,0.0,0.0,1593.7,-598417.6,0.0,0.0,1.0,0
1791062054.82,1194214.7,1079.4,896.8,896.8,0.0,0.0,0.0,1593.7,-598417.6,0.0,0.0,1.0,0
1791062055.32,1194214.7,1079.9,896.8,896.8,0.0,0.0,0.0,1593.7,-598417.6,0.0,0.0,1.0,0
1791062055.82,1194214.7,1080.4,896.8,896.8,0.0,0.0,0.0,1593.7,-598417.6,0.0,0.0,1.0,0
1791062056.33,1194214.7,1080.9,896.8,896.8,0.0,0.0,0.0,1593.7,-598417.6,0.0,0.0,1.0,0
1791062056.83,1194214.7,1081.4,896.8,896.8,0.0,0.0,0.0,1593.7,-598417.6,0.0,0.0,1.0,0
1791062057.33,1194214.7,1081.9,896.8,896.8,0.0,0.0,0.0,1593.7,-598417.6,0.0,0.0,1.0,0
1791062058.29,1194214.7,1082.9,0.0,0.0,0.0,0.0,0.0,0.0,0.0,0.0,0.0,0.0,0
1791062058.79,1194214.7,1083.4,0.0,0.0,0.0,0.0,0.0,0.0,0.0,0.0,0.0,0.0,0
1791062059.29,1194214.7,1083.9,0.0,0.0,0.0,0.0,0.0,0.0,0.0,0.0,0.0,0.0,0
1791062059.82,1194214.7,1084.4,0.0,0.0,0.0,0.0,0.0,0.0,0.0,0.0,0.0,0.0,0
1791062060.54,1194214.7,1085.1,0.0,0.0,0.0,0.0,0.0,0.0,0.0,0.0,0.0,0.0,0
1791062061.58,1194214.7,1086.2,0.0,0.0,0.0,0.0,0.0,0.0,0.0,0.0,0.0,0.0,0
1791062062.08,1194214.7,1086.7,0.0,0.0,0.0,0.0,0.0,0.0,0.0,0.0,0.0,0.0,0
1791062062.6,1194214.7,1087.2,0.0,0.0,0.0,0.0,0.0,0.0,0.0,0.0,0.0,0.0,0
1791062063.1,1194214.7,1087.7,0.0,0.0,0.0,0.0,0.0,0.0,0.0,0.0,0.0,0.0,0
1791062063.6,1194214.7,1088.2,0.0,0.0,0.0,0.0,0.0,0.0,0.0,0.0,0.0,0.0,0
1791062064.11,1194214.7,1088.7,0.0,0.0,0.0,0.0,0.0,0.0,0.0,0.0,0.0,0.0,0
1791062065.12,1194214.7,1089.7,0.0,0.0,0.0,0.0,0.0,0.0,0.0,0.0,0.0,0.0,0
1791062065.62,1194214.7,1090.2,0.0,0.0,0.0,0.0,0.0,0.0,0.0,0.0,0.0,0.0,0
1791062066.12,1194214.9,1090.7,0.0,0.0,0.0,0.0,0.0,0.0,0.0,0.0,0.0,0.0,0
1791062066.63,1194215.0,1091.2,0.0,0.0,0.0,0.0,0.0,0.0,0.0,0.0,0.0,0.0,0
1791062067.13,1194215.0,1091.7,0.0,0.0,0.0,0.0,0.0,0.0,0.0,0.0,0.0,0.0,0
1791062067.63,1194215.1,1092.2,0.0,0.0,0.0,0.0,0.0,0.0,0.0,0.0,0.0,0.0,0
1791062068.13,1194215.6,1092.7,0.0,0.0,0.0,0.0,0.0,0.0,0.0,0.0,0.0,0.0,0
1791062068.63,1194216.1,1093.2,0.0,0.0,0.0,0.0,0.0,0.0,0.0,0.0,0.0,0.0,0
1791062069.13,1194216.6,1093.7,0.0,0.0,0.0,0.0,0.0,0.0,0.0,0.0,0.0,0.0,0
1791062069.64,1194216.8,1094.2,0.0,0.0,0.0,0.0,0.0,0.0,0.0,0.0,0.0,0.0,0
1791062070.14,1194216.8,1094.7,0.0,0.0,0.0,0.0,0.0,0.0,0.0,0.0,0.0,0.0,0
1791062070.64,1194216.9,1095.3,0.0,0.0,0.0,0.0,0.0,0.0,0.0,0.0,0.0,0.0,0
1791062071.14,1194216.9,1095.8,0.0,0.0,0.0,0.0,0.0,0.0,0.0,0.0,0.0,0.0,0
1791062071.64,1194216.9,1096.3,0.0,0.0,0.0,0.0,0.0,0.0,0.0,0.0,0.0,0.0,0
1791062072.15,1194216.9,1096.8,0.0,0.0,0.0,0.0,0.0,0.0,0.0,0.0,0.0,0.0,0
1791062072.65,1194216.9,1097.3,0.0,0.0,0.0,0.0,0.0,0.0,0.0,0.0,0.0,0.0,0
1791062073.15,1194216.9,1097.8,0.0,0.0,0.0,0.0,0.0,0.0,0.0,0.0,0.0,0.0,0
1791062073.65,1194217.0,1098.3,0.0,0.0,0.0,0.0,0.0,0.0,0.0,0.0,0.0,0.0,0
1791062074.15,1194217.0,1098.8,0.0,0.0,0.0,0.0,0.0,0.0,0.0,0.0,0.0,0.0,0
1791062074.65,1194217.0,1099.3,0.0,0.0,0.0,0.0,0.0,0.0,0.0,0.0,0.0,0.0,0
1791062075.16,1194217.0,1099.8,0.0,0.0,0.0,0.0,0.0,0.0,0.0,0.0,0.0,0.0,0
1791062075.66,1194217.1,1100.3,0.0,0.0,0.0,0.0,0.0,0.0,0.0,0.0,0.0,0.0,0
1791062076.16,1194217.1,1100.8,0.0,0.0,0.0,0.0,0.0,0.0,0.0,0.0,0.0,0.0,0
1791062076.66,1194217.1,1101.3,0.0,0.0,0.0,0.0,0.0,0.0,0.0,0.0,0.0,0.0,0
1791062077.16,1194217.1,1101.8,0.0,0.0,0.0,0.0,0.0,0.0,0.0,0.0,0.0,0.0,0
1791062077.66,1194217.1,1102.3,0.0,0.0,0.0,0.0,0.0,0.0,0.0,0.0,0.0,0.0,0
1791062078.17,1194217.1,1102.8,0.0,0.0,0.0,0.0,0.0,0.0,0.0,0.0,0.0,0.0,0
1791062078.67,1194217.2,1103.3,0.0,0.0,0.0,0.0,0.0,0.0,0.0,0.0,0.0,0.0,0
1791062079.17,1194217.2,1103.8,0.0,0.0,0.0,0.0,0.0,0.0,0.0,0.0,0.0,0.0,0
1791062079.67,1194217.2,1104.3,0.0,0.0,0.0,0.0,0.0,0.0,0.0,0.0,0.0,0.0,0
1791062080.17,1194217.2,1104.8,0.0,0.0,0.0,0.0,0.0,0.0,0.0,0.0,0.0,0.0,0
1791062080.68,1194217.3,1105.3,0.0,0.0,0.0,0.0,0.0,0.0,0.0,0.0,0.0,0.0,0
1791062081.18,1194217.3,1105.8,0.0,0.0,0.0,0.0,0.0,0.0,0.0,0.0,0.0,0.0,0
